SMILES,pIC50
CCOc1nn(-c2cccc(OCc3ccccc3)c2)c(=O)o1,6.1249
O=C(N1CCCCC1)n1nc(-c2ccc(Cl)cc2)nc1SCC1CC1,7.0000
O=C(N1CCCCC1)n1nc(-c2ccc(Cl)cc2)nc1SCC(F)(F)F,6.5229
CSc1nc(-c2ccc(OC(F)(F)F)cc2)nn1C(=O)N(C)C,4.8979
CSc1nc(-c2ccc(C)cc2)nn1C(=O)N(C)c1ccccc1,5.6198
CSc1nc(-c2ccc(Cl)cc2)nn1C(=O)N(C)C,7.0000
COc1ccc(-c2nc(SC)n(C(=O)N(C)C)n2)cc1,6.0969
CSc1nc(-c2ccc3ccccc3c2)nn1C(=O)N(C)C,7.3010
CSc1nc(-c2ccc(-c3ccccc3)cc2)nn1C(=O)N(C)C,6.2518
CSc1nc(-c2ccc(Cl)cc2)nn1C(=O)N(C)c1ccccc1,5.8539
Cc1c(C(C)C)c(=O)on1C(=O)N1CCC[C@H](C)C1,4.7696
CCSc1nc(-c2ccc(OC)cc2)nn1C(=O)N(C)c1ccccc1,5.9586
CSc1nc(-c2ccc(Cl)cc2)nn1C(=O)N1CCCCC1,7.5850
CSc1nc(-c2ccc(C)cc2)nn1C(=O)N(C)C,6.0969
CCSc1nc(-c2ccc(Cl)cc2)nn1C(=O)N(C)C,7.2518
CCCCCCSc1nc(-c2ccc(C)cc2)nn1C(=O)N(C)C,6.6990
CCCSc1nc(-c2ccc(Cl)cc2)nn1C(=O)N(C)C,6.5229
Cc1ccc(-c2nc(SCC(F)(F)F)n(C(=O)N(C)C)n2)cc1,6.6990
CSc1nc(-c2ccc(C(F)(F)F)cc2)nn1C(=O)N(C)C,6.3010
CCN(CC)CCS/C(=N\O)C(=O)c1ccc(OC)cc1,3.5850
CN(C)C(=O)Oc1cccc([N+](C)(C)C)c1.[Br-],7.3468
CN1CC[C@@]2(C)c3cc(OC(=O)NCCCN4CCOCC4)ccc3N(C)[C@@H]12,5.4202
CN1CC[C@@]2(C)c3cc(OC(=O)NCCCCCCCCCCN4CCOCC4)ccc3N(C)[C@@H]12,7.3979
N#CC(C#N)=C1Nc2ccccc2N1CCNCc1ccc(CN2CCCCC2)o1,7.1367
COc1cc(N)c(Cl)cc1C(=O)NCCNCc1ccc(CN(C)C)o1,5.5086
CCN(CC)CCS/C(=N\O)C(=O)c1ccc(Cl)cc1.Cl,3.2840
CN1CCN(Cc2ccc(CNCCN3CCNC3=C(C#N)C#N)o2)CC1,5.3468
Oc1nc2ccccc2n1CCNCc1ccc(CN2CCCCC2)o1,5.9208
CC1CCCCN1Cc1ccc(CNCCN2CCNC2=C(C#N)C#N)o1,6.2676
N#CC(C#N)=C1NCCN1CCNCc1ccc(CN2CCCCC2)o1,7.5229
CNC(NCCNCc1ccc(CN2CCCCC2)o1)=C(C#N)C#N.Cl,6.0809
N#CC(C#N)=C1NCCN1CCNCc1ccc(CN2CCC(O)CC2)o1,6.4089
CN(C)Cc1ccc(CNCCN2CCNC2=C(C#N)C#N)o1,6.4089
CCN(C)Cc1ccc(CNCCN2CCNC2=C(C#N)C#N)o1,6.3665
CCN(CC)Cc1ccc(CNCCN2CCNC2=C(C#N)C#N)o1.Cl,6.2218
CN1CC[C@@]2(C)c3cc(OC(=O)NCCCCN4CCOCC4)ccc3N(C)[C@@H]12,4.6778
CCCCCCCNC(=O)Oc1ccc2c(c1)[C@]1(C)CCN(C)[C@@H]1N2C,7.6576
CN1CC[C@@]2(C)c3cc(OC(=O)NCCN4CCOCC4)ccc3N(C)[C@@H]12,6.1549
NC(=O)c1cc[n+](COC[n+]2ccccc2/C=N/O)cc1.[Cl-].[Cl-],4.0506
CNC(NCCNCc1ccc(CN(C)C)o1)=C(C#N)C#N,6.2007
CNC(NCCNCc1ccc(CN(C(C)C)C(C)C)o1)=C(C#N)C#N,5.6778
CC(C)N(CCS/C(=N\O)C(=O)c1ccc(Cl)cc1)C(C)C.Cl,3.4815
C[n+]1ccccc1C=NO,3.2518
CC1CCN(Cc2ccc(CNCCN3CCNC3=C(C#N)C#N)o2)CC1,6.5376
CCN(CC)CCS/C(=N\O)C(=O)c1ccc(Br)cc1.Cl,3.6778
CN1CC[C@@]2(C)c3cc(OC(=O)NCCCCCCCCCCCN4CCOCC4)ccc3N(C)[C@@H]12,7.3979
N#CC(C#N)=C1NCCN1CCNCc1ccc(CN2CCCC2)o1,7.0969
Cl.N#CC(C#N)=C1NCCN1CCNCc1ccc(CN2CC=CCC2)o1,7.0223
CN(C)CCS/C(=N\O)C(=O)c1ccc(Br)cc1.Cl,3.1487
CCN(CC)CCS/C(=N\O)C(=O)c1ccc(C#N)cc1.Cl,3.7447
CN1CC[C@@]2(C)c3cc(OC(=O)NCCCCCCCCCN4CCOCC4)ccc3N(C)[C@@H]12,7.2218
CN1CC[C@@]2(C)c3cc(OC(=O)NCCCCCCCCCCCCN4CCOCC4)ccc3N(C)[C@@H]12,7.1549
CNC(NCCNCc1ccc(CN2CCCC2)o1)=C(C#N)C#N,6.5528
N#CC(C#N)=C1NCCN1CCNCc1ccc(CN2CCOCC2)o1,4.9586
N#CC(C#N)=C1NCCN1CCNCc1ccc(CN2CCSCC2)o1,5.8239
CNC(=C[N+](=O)[O-])NCCSCc1ccc(CN(C)C)o1,5.9127
CN1CC[C@@]2(C)c3cc(OC(=O)NCCCCCCN4CCOCC4)ccc3N(C)[C@@H]12,6.0315
CC1CCCN(Cc2ccc(CNCCN3CCNC3=C(C#N)C#N)o2)C1,6.4318
CC1CCCC(C)N1Cc1ccc(CNCCN2CCNC2=C(C#N)C#N)o1,5.3468
CC[N+](C)(CC)CCS/C(=N\O)C(=O)c1ccc(F)cc1.[Cl-],3.1427
CNC(=O)Oc1ccc2c(c1)[C@]1(C)CCN(C)[C@@H]1N2C,7.3665
CN1CC[C@@]2(C)c3cc(OC(=O)NCCCCCN4CCOCC4)ccc3N(C)[C@@H]12,5.1192
CN1CC[C@@]2(C)c3cc(OC(=O)NCCCCCCCCN4CCOCC4)ccc3N(C)[C@@H]12,7.0969
CN1CC[C@@]2(C)c3cc(OC(=O)NCCCCCCCN4CCOCC4)ccc3N(C)[C@@H]12,6.4202
COC1CCCN(Cc2ccc(CNCCN3CCNC3=C(C#N)C#N)o2)C1.Cl,5.4815
N#CC(C#N)=C1NCCN1CCNCc1ccc(CN2CCCC(O)C2)o1,6.4318
C/N=c1\c(O)c(O)\c1=N/CCNCc1ccc(CN2CCCCC2)o1,5.0315
Cl.N#CC(C#N)=C1NCCN1CCNCc1ccc(CN2CCCCCC2)o1,6.9208
COc1ccccc1CNCCCCCCNCCSSCCNCCCCCCNCc1ccccc1OC,5.1400
COc1ccccc1CNCCCCCCNCCCCCCCNCCCCCCNCc1ccccc1OC,5.3500
COc1ccccc1CN(C)CCCCCC(=O)N(C)CCCCCCCCN(C)C(=O)CCCCCN(C)Cc1ccccc1OC,6.7700
COc1ccccc1CNCCCCCCNCCCCCCNCCCCCCNCc1ccccc1OC,5.1900
CCC1=CC2Cc3nc4cc(Cl)ccc4c(N)c3[C@@H](C1)C2,9.1739
COc1ccccc1CNCCCCCCNCCCCCCCCNCCCCCCNCc1ccccc1OC,5.2700
CC[N+](C)(C)c1cccc(O)c1.[Br-],6.1080
COc1ccccc1CNCCCCCC(=O)N(C)CCCCCCCCN(C)C(=O)CCCCCNCc1ccccc1OC,6.5100
NCCCCCCNCCSSCCNCCCCCCN,3.3000
Nc1c2c(nc3ccccc13)CCCC2,6.6990
COc1ccccc1CNCCCCCC(=O)NCCCCCCCCNC(=O)CCCCCNCc1ccccc1OC,5.7300
COc1ccccc1CNCCCCCCNCCCCCNCCCCCCNCc1ccccc1OC,5.1400
NC12CC(C(F)(F)F)=CC(Cc3nc(O)ccc31)/C2=C\C(F)(F)F,5.5229
C[n+]1ccn(COCC(C)(C)[N+](=O)[O-])c1/C=N/O.[Cl-],4.9747
C/C=C1\C2C=C(C(F)(F)F)CC1(N)c1ccc(O)nc1C2,6.3979
C/C=C1\[C@H]2C=C(C)C[C@]1(N)c1ccc(=O)[nH]c1C2,7.3279
Nc1c2c(nc3ccccc13)-c1ccccc1CO2,3.6108
C[n+]1ccccc1/C=N/O.[Cl-],3.6676
Nc1cc(-c2ccccc2)nc2ccccc12,4.9401
CN(CCn1cc[n+](C)c1/C=N/O)S(C)(=O)=O.[Cl-],5.1675
C[n+]1ccn(COCCS(C)(=O)=O)c1/C=N/O.[Cl-],4.5768
CC1=CC2Cc3nc(O)ccc3C(N)(C1)/C2=C/C(F)(F)F,5.6990
Nc1c2c(nc3ccccc13)-c1ccccc1C2,6.1701
Nc1c2c(nc3ccccc13)-c1ccccc1CC2,4.9788
Nc1c2c(nc3ccccc13)-c1ccccc1CS2,4.7310
C[n+]1ccn(CCN2CCCC2)c1/C=N/O.[Cl-],4.7471
C/N=C1/CCc2c1n(C)c1ccc(OC(=O)NCc3ccccc3)c(Br)c21,5.3778
COc1cc2cc(C(=O)CC(O)C3CC[N+](C)(Cc4ccccc4)CC3)sc2cc1OC.[Br-],6.7212
C/N=C1/CCc2c1n(C)c1ccc(OC(=O)NC)c(Cl)c21,6.6383
COc1cc2cc(C(=O)CC3=CC[N+](C)(Cc4ccccc4)CC3)sc2cc1OC.[Br-],6.1249
COc1cc2cc(C(=O)CCc3cc[n+](Cc4ccccc4)cc3)sc2cc1OC,7.6708
COc1cc2cc(C(=O)CCC3CC[N+](C)(CCOc4ccccc4)CC3)sc2cc1OC.[Br-],6.4089
CCC[n+]1ccc(CCC(=O)c2cc3cc(OC)c(OC)cc3s2)cc1.[Br-],5.5901
COc1cc2cc(C(=O)CCc3cc[n+](CC4CCC4)cc3)sc2cc1OC.[Br-],6.5812
C/N=C1/CCc2c1n(C)c1cc(Cl)c(OC(=O)NC)cc21,6.1739
COc1cc2cc(C(=O)CCCCC3CC[N+](C)(Cc4ccccc4)CC3)sc2cc1OC.[Br-],6.9586
CC[n+]1ccc(CCC(=O)c2cc3cc(OC)c(OC)cc3s2)cc1.[Br-],6.5528
CNC(=O)Oc1ccc2c(c1)c1c(n2C)/C(=N\CCc2ccccc2)CC1,6.7959
CCCn1c2c(c3c(Br)c(OC(=O)NC)ccc31)CC/C2=N/CC,6.6383
COc1cc2cc(C(O)C3CC[N+](C)(Cc4ccccc4)CC3)sc2cc1OC.[Br-],4.7082
COCC[N+]1(C)CCC(CCC(=O)c2cc3cc(OC)c(OC)cc3s2)CC1.[Br-],7.2757
COC(=O)c1ccc(C[n+]2ccc(CCC(=O)c3cc4cc(OC)c(OC)cc4s3)cc2)cc1,5.8886
CCCCNC(=O)Oc1ccc2c(c1Br)c1c(n2C)/C(=N\C)CC1,5.4989
COc1cc2cc(C(=O)C=C3CC[N+](C)(Cc4ccccc4)CC3)sc2cc1OC.[Br-],5.6996
COc1cc2cc(C(=O)CCc3cc[n+](Cc4ccc(F)cc4)cc3)sc2cc1OC,7.1838
COc1cc2cc(C(=O)CC(OC)C3CC[N+](C)(Cc4ccccc4)CC3)sc2cc1OC.[Br-],6.5540
COc1cc2cc(C(=O)CCc3cc[n+](CC4CC4)cc3)sc2cc1OC.[Br-],6.9586
C/N=C1/CCc2c1n(C)c1ccc(OC(=O)NC)cc21,5.4737
COc1cc2cc(C(=O)CC3(O)CC[N+](C)(Cc4ccccc4)CC3)sc2cc1OC.[Br-],6.0356
COc1cc2cc(C(=O)CCC3CC[N+](C)(CC4CCCCO4)CC3)sc2cc1OC.[Br-],7.5528
COc1cc2cc(C(=O)CCc3cc[n+](C)cc3)sc2cc1OC.[Br-],5.8239
COCC[n+]1ccc(CCC(=O)c2cc3cc(OC)c(OC)cc3s2)cc1,7.0302
COc1cc2cc(C(=O)CC(O)CCC3CC[N+](C)(Cc4ccccc4)CC3)sc2cc1OC.[Br-],5.8003
COc1cc2cc(C(=O)CCc3cc[n+](Cc4ccsc4)cc3)sc2cc1OC,6.8952
CC/N=C1/CCc2c1n(C)c1ccc(OC(=O)NC)c(Br)c21,6.8539
C/N=C1/CCc2c1n(C)c1ccc(OC(=O)NC)c(Br)c21,6.7447
COC(=O)C[N+]1(C)CCC(CCC(=O)c2cc3cc(OC)c(OC)cc3s2)CC1.[Br-],7.2676
COc1cc2cc(C(=O)CCC3CC[N+](C)(Cc4ccccc4)CC3)sc2cc1OC.[Br-],7.9091
COc1cc2cc(CC3CC[N+](C)(Cc4ccccc4)CC3)sc2cc1OC.[Br-],5.0000
CC/N=C1/CCc2c1n(C)c1ccc(OC(=O)NC)c(Cl)c21,6.7959
CCC/N=C1/CCc2c1n(C)c1ccc(OC(=O)NC)cc21,5.4157
C=CC[n+]1ccc(CCC(=O)c2cc3cc(OC)c(OC)cc3s2)cc1.[Br-],6.2676
CCOCC[n+]1ccc(CCC(=O)c2cc3cc(OC)c(OC)cc3s2)cc1,8.1549
C/N=C1/CCc2c1n(C)c1ccc(OC(=O)N(C)C)c(Br)c21,7.2218
COc1cc2cc(C=C3CC[N+](C)(Cc4ccccc4)CC3)sc2cc1OC.[Br-],5.5735
COc1cc2cc(C(=O)CCc3cc[n+](Cc4ccc([N+](=O)[O-])o4)cc3)sc2cc1OC.[Br-],6.9601
CC/N=C1/CCc2c1n(C)c1ccc(OC(=O)NC)cc21,5.2457
COc1cc2cc(C(=O)CCC3CC[N+](C)(Cc4ccc([N+](=O)[O-])o4)CC3)sc2cc1OC.[Br-],7.4949
COc1cc2cc(C(=O)CCC3CC[N+](C)(CC(=O)OC(C)(C)C)CC3)sc2cc1OC.[Br-],7.1024
CNC(=O)Oc1ccc2c(c1)[C@]1(C)CCNC1N2,7.9626
C[C@@]12CCNC1Nc1ccc(OC(=O)Nc3ccccc3)cc12,7.6556
CNC(=O)Oc1ccc2c(c1)[C@]1(C)CCN(C)C1N2Cc1ccccc1,6.7934
Nc1c2c(nc3ccccc13)C1CCC2C1,7.5000
CN1c2ccc(OC(=O)Nc3ccccc3)cc2[C@]2(C)CCNC12,7.8601
CN1CC[C@@]2(C)c3cc(OC(=O)Nc4ccccc4)ccc3NC12,7.3893
CNC(=O)Oc1ccc2c(c1)[C@]1(C)CCN(Cc3ccccc3)C1N2Cc1ccccc1,5.9626
Nc1c2c(nc3c(Cl)cccc13)CCCC2,7.1609
COc1cc2c(cc1OC)C(=O)C(CC1CCN(Cc3ccccc3)CC1)C2,7.7330
CNC(=O)Oc1ccc2c(c1)[C@]1(C)CCNC1N2C,7.6778
Nc1c2c(nc3cccc(Cl)c13)CCCC2,8.0269
CNC(=O)Oc1ccc2c(c1)[C@@]1(C)CCN(C)C1N2C,5.0049
CNC(=O)Oc1ccc2c(c1)[C@]1(C)CCN(Cc3ccccc3)C1N2C,6.4815
CNC(=O)Oc1ccc2c(c1)[C@]1(C)CCN(C)C1N2,7.2464
Nc1c2c(nc3ccccc13)CCCC2O,6.1537
Nc1c2c(nc3cc(Cl)ccc13)C1CCC2C1,8.3484
Nc1c2c(nc3cc(Cl)ccc13)CCCC2,7.8665
Nc1c2c(nc3c(Cl)cccc13)C1CCC2C1,7.0721
CN1CC[C@@]2(C)c3cc(OC(=O)Nc4ccccc4)ccc3N(C)C12,7.6198
CN1CC[C@]2(C)c3cc(OC(=O)Nc4ccccc4)ccc3N(C)C12,5.4559
C[C@]12CCNC1Nc1ccc(OC(=O)Nc3ccccc3)cc12,6.6364
CNC(=O)Oc1ccc2c(c1)[C@@]1(C)CCNC1N2,5.8268
C[C@@]12CCN(Cc3ccccc3)C1N(Cc1ccccc1)c1ccc(OC(=O)Nc3ccccc3)cc12,4.3858
CNC(=O)Oc1ccc2c(c1)[C@@]1(C)CCN(Cc3ccccc3)C1N2Cc1ccccc1,5.4486
Nc1c2c(nc3cccc(Cl)c13)C1CCC2C1,7.3723
Nc1c2c(nc3ccc(Cl)cc13)CCCC2,6.2596
Nc1c2c(nc3ccc(Cl)cc13)C1CCC2C1,5.9593
Cl.Cl.O.c1ccc(CN2CCC(CCOc3ccc(-c4ccccc4)nn3)CC2)cc1,6.1487
Nc1c2c(nc3c1CCCO3)CCCC2,6.3420
COc1cccc2nc3c(c(N)c12)CCCC3,6.2106
Cl.Cl.c1ccc(CN2CCC(CCNc3ccc(-c4ccccc4)nn3)CC2)cc1,6.8539
Cl.Cl.O.c1ccc(CN2CCC(CCNc3cc4c(nn3)-c3ccccc3CCC4)CC2)cc1,6.9208
Nc1c2c(nc3cccc(F)c13)OCCC2,6.4750
Nc1c2c(nc3cnccc13)OCCC2,5.8784
Cl.Cl.O.c1ccc(CN2CCC(CCNc3cc4ccc5ccccc5c4nn3)CC2)cc1,6.7212
Nc1c2c(nc3c1CCCC3)CCCC2,6.4437
Cc1cccc2nc3c(c(N)c12)CCCC3,7.0044
Cl.O.c1ccc(CN2CCC(CCN=c3cc4c(n[nH]3)-c3ccccc3C4)CC2)cc1,7.1308
Nc1c2c(nc3ccc(Cl)cc13)OCCC2,5.0042
Nc1c2c(nc3cccc(F)c13)CCCC2,7.1040
Nc1c2c(nc3ncccc13)CCCC2,6.3675
Nc1c2c(nc3c1CCC3)CCCC2,6.1818
Cl.Cl.c1ccc(CN2CCC(CCSc3ccc(-c4ccccc4)nn3)CC2)cc1,6.3279
Nc1c2c(nc3ncccc13)OCCC2,5.2016
Nc1c2c(nc3cnccc13)CCCC2,5.5850
COc1cccc2nc3c(c(N)c12)CCCO3,6.2175
Nc1c2c(nc3ccccc13)OCCC2,6.5776
Cc1cc(=NCCC2CCN(Cc3ccccc3)CC2)[nH]nc1-c1ccccc1.Cl.Cl.O,7.4089
CCc1cc(=NCCC2CCN(Cc3ccccc3)CC2)[nH]nc1-c1ccccc1.Cl.Cl.O,7.1805
Cl.Cl.O.c1ccc(CN2CCC(CCNc3cc4c(nn3)-c3ccccc3CC4)CC2)cc1,6.7212
Nc1c2c(nc3cccc(Cl)c13)OCCC2,6.5045
Nc1c2c(nc3c1CCCO3)CCC2,5.9508
Cc1cccc2nc3c(c(N)c12)CCCO3,6.8239
C=CCC[N+](C)(C)c1ccccc1O.[Br-],5.0000
COc1ccc(C(=O)COc2ccc([N+](C)(C)Cc3ccccc3)cc2)cc1OC.[Br-],5.0000
COc1ccc(C(=O)CCc2ccc([N+](C)(C)C)cc2)cc1OC.[Br-],5.5229
COc1ccc(C(=O)CCc2ccc([N+](C)(C)Cc3ccccc3)cc2)cc1OC.[Br-],5.8861
C=CC[N+](C)(C)c1cccc(O)c1.[Br-],5.5229
C=CC[N+](C)(C)c1cccc(OC(C)=O)c1.[Br-],6.0000
C=CC[N+](C)(C)c1ccc(OCC(=O)c2ccc(OC)c(OC)c2)cc1.[Br-],5.0000
COc1ccc(C(=O)CCc2cccc([N+](C)(C)Cc3ccccc3)c2)cc1OC.[Br-],5.9830
C=CC[N+](C)(C)c1ccccc1O.[Br-],5.7328
COc1ccc(C(=O)COc2cccc([N+](C)(C)C)c2)cc1OC.[Br-],5.0000
COc1ccc(C(=O)COc2cccc([N+](C)(C)Cc3ccccc3)c2)cc1OC.[Br-],6.4815
COc1ccc(C(=O)COc2ccc([N+](C)(C)C)cc2)cc1OC.[Br-],5.0000
C=CC[N+](C)(C)c1ccccc1OC.[Br-],6.0000
CNC(=O)Oc1ccc2c(c1)[C@]1(C)CCN[C@@H]1N2C,7.6580
CNC(=O)Oc1ccc2c(c1)[C@]1(C)CCN(CCc3ccccc3)[C@@H]1N2C,6.7407
COc1ccc(NC(=O)Oc2ccc3c(c2)[C@]2(C)CCN(C)[C@@H]2N3C)cc1,6.5471
CCCCCCCCNC(=O)Oc1ccc2c(c1)[C@]1(C)CCN(C)[C@@H]1N2C,7.8099
CNC(=O)Oc1ccc2c(c1)[C@]1(C)CCN(Cc3ccccc3)[C@@H]1N2C,6.4815
C=CCN1CC[C@@]2(C)c3cc(OC(=O)NC)ccc3N(C)[C@@H]12,7.4208
CN1CC[C@@]2(C)c3cc(OC(=O)NC(C)(C)C)ccc3N(C)[C@@H]12,4.5666
CN(C)C(=O)Oc1ccc2c(c1)[C@]1(C)CCN(C)[C@@H]1N2C,6.6778
CN1CC[C@@]2(C)c3cc(OC(=O)Nc4ccccc4)ccc3N(C)[C@@H]12,7.6377
COc1ccc(C(=O)n2cc(/C=C3\CN(Cc4ccccc4)CCC3=O)c3ccccc32)cc1,4.1549
O=C1CCN(Cc2ccccc2)C/C1=C\c1cccn1C(=O)c1ccccc1,4.5229
O=C1/C(=C/c2ccc[nH]2)CN(Cc2ccccc2)C/C1=C\c1ccc[nH]1,4.7447
N#Cc1ccc(C(=O)n2cc(/C=C3\CN(Cc4ccccc4)CCC3=O)c3ccccc32)cc1,4.6990
O=C1/C(=C/c2cc[nH]c2)CN(Cc2ccccc2)C/C1=C\c1cc[nH]c1,5.2218
O=C1CCN(Cc2ccccc2)C/C1=C\c1c[nH]c2ccc(OCc3ccccc3)cc12,4.6021
O=C1CCN(Cc2ccccc2)C/C1=C\c1cn(C(=O)c2ccc(Cl)cc2)c2ccccc12,4.3010
O=C1CCN(Cc2ccccc2)C/C1=C\c1cn(C(=O)c2ccc([N+](=O)[O-])cc2)c2ccccc12,4.3010
CN1CCC(C2Cc3ccccc3C2=O)CC1,5.4815
CN1CCC(CCCC2Cc3ccccc3C2=O)CC1,8.8239
COc1ccc2[nH]cc(/C=C3\CN(Cc4ccccc4)CCC3=O)c2c1,5.2218
O=C1CCN(Cc2ccccc2)C/C1=C\c1cn(C(=O)c2ccc(F)cc2)c2ccccc12,4.2218
COc1ccc2c(c1)c(/C=C1\CN(Cc3ccccc3)CCC1=O)cn2C(=O)c1ccccc1,4.0969
CC(C)(C)OC(=O)n1cc(/C=C2\CN(Cc3ccccc3)CCC2=O)c2ccccc21,4.5229
CN1CCN(CC2Cc3ccccc3C2=O)CC1,7.0269
CC(=O)n1cc(/C=C2\CN(Cc3ccccc3)CCC2=O)c2ccccc21,4.9586
CC1CCN(Cc2cccc3ccccc23)CC1,6.6576
CN1CCC(C[C@@H]2Cc3ccccc3C2=O)CC1,8.2757
CN1CCC(CC2=Cc3ccccc3C2)CC1,5.3565
CN1CCC(CC/C=C2\Cc3ccccc3C2=O)CC1,9.0862
CC1CCN(Cc2ccccc2)CC1,8.2757
O=C1CCN(Cc2ccccc2)C/C1=C\c1ccc[nH]1,4.9586
O=C1CCN(Cc2ccccc2)C/C1=C\c1ccn(C(=O)c2ccccc2)c1,4.5229
CC1CCN(C(=O)c2ccccc2)CC1,5.0000
O=C1CCN(Cc2ccccc2)C/C1=C\c1cn(C(=O)c2ccccc2)c2ccccc12,4.1549
CN1CCC(/C=C/C=C2\Cc3ccccc3C2=O)CC1,8.5229
CC1CCN(Cc2ccccc2[N+](=O)[O-])CC1,6.7959
Cc1[nH]c(C)c(/C=C2\CN(Cc3ccccc3)CCC2=O)c1C=O,4.5229
Cc1ccccc1CN1CCC(C)CC1,8.0000
CC1CCN(CC2CCCCC2)CC1,8.0506
CC1CCN(CC2Cc3ccccc3C2=O)CC1,6.3188
CC1CCN(CCc2ccccc2)CC1,6.7447
CN1CCC(C[C@H]2Cc3ccccc3C2=O)CC1,8.1135
O=C1CCN(Cc2ccccc2)C/C1=C\c1c[nH]c2ccccc12,5.0969
CN1CCC(=C2Cc3ccccc3C2=O)CC1,5.9208
CC1CCN(Cc2ccc3ccccc3c2)CC1,5.5376
CN1CCC(CCN2C(=O)c3ccccc3C2=O)CC1,9.0458
CN1CCC(CCC2C(=O)Nc3ccccc3C2=O)CC1,8.3768
CN1CCC(/C=C2\Cc3ccccc3C2=O)CC1,8.0757
O=C1CCN(Cc2ccccc2)C/C1=C\c1cc[nH]c1,5.2218
c1ccc(CN2CCC(CCc3nccc4ccccc34)CC2)cc1,6.6578
CN(CCCCCNc1ccc(-c2ccccc2)nn1)Cc1ccccc1.Cl,6.0315
Cc1ccc(NC(=O)Oc2ccc3c(c2)[C@]2(C)CCN(C)[C@@H]2N3C)cc1,6.8539
c1ccc(CN2CCC(CCc3noc4cc(N5CCOCC5)ccc34)CC2)cc1,9.0969
CCc1cccc(CC)c1NC(=O)Oc1ccc2c(c1)[C@]1(C)CCN(C)[C@@H]1N2C,5.9925
c1ccc(CN2CCC(CNc3noc4ccccc34)CC2)cc1,6.4949
CC(C)c1ccccc1NC(=O)Oc1ccc2c(c1)[C@]1(C)CCN(C)[C@@H]1N2C,7.8239
Cc1cccc(C)c1NC(=O)Oc1ccc2c(c1)[C@]1(C)CCN(C)[C@@H]1N2C,6.1051
Brc1ccc2c(CCC3CCN(Cc4ccccc4)CC3)noc2c1,7.3010
O=C(Nc1ccc2c(CCC3CCN(Cc4ccccc4)CC3)noc2c1)c1ccccc1,8.0269
Nc1ccc2c(CCC3CCN(Cc4ccccc4)CC3)noc2c1,7.6990
c1ccc(CN2CCC(CCc3noc4ccccc34)CC2)cc1,7.2596
CCc1ccccc1NC(=O)Oc1ccc2c(c1)[C@]1(C)CCN(C)[C@@H]1N2C,8.0000
O=S(=O)(Nc1ccc2c(CCC3CCN(Cc4ccccc4)CC3)noc2c1)c1ccccc1,7.8539
Cc1cc(C)cc(NC(=O)Oc2ccc3c(c2)[C@]2(C)CCN(C)[C@@H]2N3C)c1,7.1079
C(=C\C1CCN(Cc2ccccc2)CC1)/c1noc2ccccc12,6.6780
c1ccc(CN2CCC(CCc3ncnc4ccccc34)CC2)cc1,6.4685
COc1ccc2c(CCC3CCN(Cc4ccccc4)CC3)noc2c1,8.0805
NC(=O)c1ccc2c(CCC3CCN(Cc4ccccc4)CC3)noc2c1,8.0560
Cc1cccc(NC(=O)Oc2ccc3c(c2)[C@]2(C)CCN(C)[C@@H]2N3C)c1,7.5528
Cl.c1ccc(-c2ccc(NCCCCCN3CCc4ccccc4C3)nn2)cc1,4.3279
Cc1cccc(NC(=O)Oc2ccc3c(c2)[C@]2(C)CCN(C)[C@@H]2N3C)c1C,7.6383
CN(C(=O)Oc1ccc2c(c1)[C@]1(C)CCN(C)[C@@H]1N2C)c1ccccc1,6.3532
COc1cccc2c(CCC3CCN(Cc4ccccc4)CC3)noc12,8.1489
Cc1ccc(C)c(NC(=O)Oc2ccc3c(c2)[C@]2(C)CCN(C)[C@@H]2N3C)c1,7.5850
COc1ccc2onc(CCC3CCN(Cc4ccccc4)CC3)c2c1,8.1427
Oc1ccc2c(CCC3CCN(Cc4ccccc4)CC3)noc2c1,7.5850
Cc1ccc(NC(=O)Oc2ccc3c(c2)[C@]2(C)CCN(C)[C@@H]2N3C)c(C)c1,7.8539
Cc1cc(C)c(NC(=O)Oc2ccc3c(c2)[C@]2(C)CCN(C)[C@@H]2N3C)c(C)c1,5.8861
c1ccc(CN2CCC(CCc3n[nH]c4ccccc34)CC2)cc1,6.9208
Cc1ccc(NC(=O)Oc2ccc3c(c2)[C@]2(C)CCN(C)[C@@H]2N3C)cc1C,7.5086
c1ccc(CN2CCC(COc3noc4ccccc34)CC2)cc1,5.5880
Cc1cc2c(cc1OC(=O)Nc1ccccc1)[C@]1(C)CCN(C)[C@@H]1N2C,6.5850
CN(C)Cc1cc2c(cc1OC(=O)Nc1ccccc1)[C@]1(C)CCN(C)[C@@H]1N2C,5.8549
Cc1ccc2onc(CCC3CCN(Cc4ccccc4)CC3)c2c1,8.1080
CC(C)c1ccc(NC(=O)Oc2ccc3c(c2)[C@]2(C)CCN(C)[C@@H]2N3C)cc1,6.1226
c1ccc(CN2CCC(CCc3nsc4ccccc34)CC2)cc1,7.0044
Cc1ccccc1NC(=O)Oc1ccc2c(c1)[C@]1(C)CCN(C)[C@@H]1N2C,7.9936
N#Cc1ccc2c(CCC3CCN(Cc4ccccc4)CC3)noc2c1,6.9957
CC(=O)Nc1ccc2c(CCC3CCN(Cc4ccccc4)CC3)noc2c1,8.5528
Cc1cc2onc(CCC3CCN(Cc4ccccc4)CC3)c2cc1C,8.2368
CCCCCCNC(=O)Oc1ccc2c(c1)[C@]1(C)CCN(CC)[C@@H]1C2,7.6990
CCCCCCNC(=O)Oc1ccc2c(c1)[C@@]1(C)CCN(CC)[C@H]1C2,6.6326
CCCCNC(=O)Oc1ccc2c(c1)[C@]1(C)CCN(C)C1N2C,6.8181
CC(C)NC(=O)Oc1ccc2c(c1)[C@]1(C)CCN(C)C1N2C,4.4560
CCN(CC)C(=O)Oc1ccc2c(c1)[C@]1(C)CCN(C)C1N2C,4.3980
CN(C(=O)NCc1ccccc1)C(=O)Oc1ccc2c(c1)[C@]1(C)CCN(C)C1N2C,5.2008
CN1CC[C@@]2(C)c3cc(OC(=O)NCc4ccccc4)ccc3N(C)C12,6.3371
CNC(=O)Oc1ccc2c(c1)[C@]1(C)CC[N+](C)(C)C1N2C.COS(=O)(=O)[O-],7.4685
CN1CC[C@@]2(C)c3cc(OC(=O)Nc4ccc(Cl)cc4)ccc3N(C)C12,5.7449
CN(C)C(=O)Oc1ccc2c(c1)[C@]1(C)CCN(C)C1N2C,6.0131
CCCCCCCCNC(=O)Oc1ccc2c(c1)[C@]1(C)CCN(C)C1N2C,6.9588
C=CC[N+](C)(C)c1ccc(CCC(=O)CCc2ccc([N+](C)(C)CC=C)cc2)cc1,8.0970
COc1ccc(NC(=O)Oc2ccc3c(c2)[C@]2(C)CCN(C)C2N3C)cc1,5.7698
CNC(=O)Oc1cccc(CN(C)CCCCCCCCCOc2ccc3c(=O)c4ccccc4oc3c2)c1.Cl,7.9318
CNC(=O)Oc1ccc2c(c1)CN(CCCOc1ccc3c(=O)c4ccccc4oc3c1)CC2.Cl,7.9066
CN(CCCOc1ccc2c(=O)c3ccccc3oc2c1)Cc1cccc(OC(=O)NCCCCCCCCN2CCOCC2)c1,7.5622
CNC(=O)Oc1cccc(CN(C)CCCOc2ccc3c(=O)c4ccccc4oc3c2)c1,9.5229
CNC(=O)Oc1cccc(CN(C)CCCOc2ccc(C(=O)c3ccccc3)cc2)c1.Cl,8.2676
CNC(=O)Oc1cccc(CN(C)CCCCCCOc2ccc3c(=O)c4ccccc4oc3c2)c1,8.8539
CNC(=O)Oc1cccc(CN(C)CCCOc2ccc3ccccc3c2)c1.Cl,7.0830
CN(CCCOc1ccc2c(=O)c3ccccc3oc2c1)Cc1cccc(OC(=O)NCCCCCCCCCN2CCOCC2)c1,7.5331
CNC(=O)Oc1cccc(CN(C)CCCCCCCCOc2ccc3c(=O)c4ccccc4oc3c2)c1.Cl,8.1675
CN(CCCOc1ccc2c(=O)c3ccccc3oc2c1)Cc1cccc(OC(=O)NCCCCCCN2CCOCC2)c1,7.6757
CNC(=O)Oc1cccc(CN(C)CCCOc2cccc(Cc3ccccc3)c2)c1.Cl,7.6073
CNC(=O)Oc1cccc(CN(C)CCCCCCCOc2ccc3c(=O)c4ccccc4oc3c2)c1.Cl,9.4949
CNC(=O)Oc1cccc(CN(C)CCCOc2ccc(-c3ccccc3)cc2)c1,7.2628
CN(CCCOc1ccc2c(=O)c3ccccc3oc2c1)Cc1cccc(OC(=O)NCCCCCCCN2CCOCC2)c1,7.5817
CNC(=O)Oc1cccc(CN(C)CCCOc2ccccc2)c1.Cl,7.0991
CNC(=O)Oc1cccc(CN(C)CC#CCOc2ccc3c(=O)c4ccccc4oc3c2)c1.Cl,6.6778
CNC(=O)Oc1cccc(CN(C)CCCCCCCCCCOc2ccc3c(=O)c4ccccc4oc3c2)c1.Cl,7.6615
CNC(=O)Oc1ccc2c(c1)[C@]1(C)CCN(C)C1N2C=O,6.4117
CCN(CCCCCC(=O)N(C)CCCCCCCCN(C)C(=O)CCCCCN(CC)Cc1ccccc1C)Cc1ccccc1C,7.2500
CC[N+](C)(CCCCCC(=O)N(C)CCCCCCCCN(C)C(=O)CCCCC[N+](C)(CC)Cc1ccccc1Cl)Cc1ccccc1Cl,7.7100
CC[N+](C)(CCCCCC(=O)N(CCCCCCCCN(C(=O)CCCCC[N+](C)(CC)Cc1ccccc1OC)C(C)C)C(C)C)Cc1ccccc1OC,8.0900
CN1CC[C@@]2(C)c3cc(OC(=O)Nc4ccccc4)ccc3N(Cc3ccccc3)C12,6.6103
COc1ccc(CN(C)CCCCCC(=O)N(C)CCCCCCCCN(C)C(=O)CCCCCN(C)Cc2ccc(OC)cc2)cc1,5.2400
CN1CC[C@]2(C)c3cc(OC(=O)Nc4ccccc4)ccc3N(Cc3ccccc3)C12,4.9499
CNC(=O)Oc1ccc2c(c1)[C@@]1(C)CCN(C)C1N2Cc1ccccc1,5.5455
CCN(CCCCCC(=O)N(CCCCCCCCN(C(=O)CCCCCN(CC)Cc1ccccc1OC)C(C)C)C(C)C)Cc1ccccc1OC,7.7399
CC[N+](C)(CCCCCC(=O)N(C)CCCCCCCCN(C)C(=O)CCCCC[N+](C)(CC)Cc1ccccc1[N+](=O)[O-])Cc1ccccc1[N+](=O)[O-].[I-].[I-],7.9050
COc1ccccc1CN(CCCCCC(=O)N(C)CCCCCCCCN(C)C(=O)CCCCCN(Cc1ccccc1OC)C(C)C)C(C)C,7.1400
COc1cccc(CN(C)CCCCCC(=O)N(C)CCCCCCCCN(C)C(=O)CCCCCN(C)Cc2cccc(OC)c2)c1,6.1700
CC[N+](C)(CCCCCC(=O)N(C)CCCCCCCCN(C)C(=O)CCCCC[N+](C)(CC)Cc1ccccc1C(F)(F)F)Cc1ccccc1C(F)(F)F,7.9300
CCN(CCCCCC(=O)N(C)CCCCCCCCN(C)C(=O)CCCCCN(CC)Cc1ccccc1[N+](=O)[O-])Cc1ccccc1[N+](=O)[O-],6.6000
CC[N+](C)(CCCCCC(=O)N(C)CCCCCCCCN(C)C(=O)CCCCC[N+](C)(CC)Cc1ccccc1)Cc1ccccc1,7.4300
CCCOc1ccccc1C[N+](C)(CC)CCCCCC(=O)N(C)CCCCCCCCN(C)C(=O)CCCCC[N+](C)(CC)Cc1ccccc1OCCC,7.7600
CC[N+](C)(CCCCCC(=O)N(C)CCCCCCCCN(C)C(=O)CCCCC[N+](C)(CC)Cc1ccccc1C)Cc1ccccc1C,7.7799
CCCOc1ccccc1CN(CC)CCCCCC(=O)N(C)CCCCCCCCN(C)C(=O)CCCCCN(CC)Cc1ccccc1OCCC,7.4701
CN1CC[C@@]2(C)c3cc(OC(=O)Nc4ccccc4)ccc3N(C=O)C12,6.1077
CCN(CCCCCC(=O)N(C)CCCCCCCCN(C)C(=O)CCCCCN(CC)Cc1ccccc1C(F)(F)F)Cc1ccccc1C(F)(F)F,5.3400
CCN(CCCCCC(=O)N(C)CCCCCCCCN(C)C(=O)CCCCCN(CC)Cc1ccccc1OC)Cc1ccccc1OC,7.7749
CCN(CCCCCCOCCCCCCCCOCCCCCCN(CC)Cc1ccccc1OC)Cc1ccccc1OC,6.6900
CCN(CCCCCC(=O)N(C)CCCCCCCCN(C)C(=O)CCCCCN(CC)Cc1ccccc1)Cc1ccccc1,7.3100
CNC(=O)Oc1ccc2c(c1)[C@@]1(C)CCN(C)C1N2,5.6589
CCN(CCCCCC(=O)N(C)CCCCCCCCN(C)C(=O)CCCCCN(CC)Cc1ccccc1Cl)Cc1ccccc1Cl,6.9500
CC[N+](C)(CCCCCCOCCCCCCCCOCCCCCC[N+](C)(CC)Cc1ccccc1OC)Cc1ccccc1OC,7.1100
CC[N+](C)(CCCCCC(=O)N(C)CCCCCCCCN(C)C(=O)CCCCC[N+](C)(CC)Cc1ccccc1OC)Cc1ccccc1OC,7.9401
CN1CC[C@]2(C)c3cc(OC(=O)Nc4ccccc4)ccc3NC12,5.2476
Nc1c2c(nc3cc(Cl)ccc13)-c1ccccc1C2,5.1800
CCCCCCCNc1c2c(nc3cc(Cl)ccc13)CCCC2,7.8861
C[C@]12CC[C@H](O)[C@@](C)(CO)C1C[C@H](O)[C@@]1(C)Oc3cc(-c4cccnc4)oc(=O)c3C(=O)C21,4.4559
CN1C(=O)Cc2cc3c(CCC4CCN(Cc5ccccc5)CC4)noc3cc21.CS(=O)(=O)O,9.3188
COc1ccc2c(c1)-c1nc3ccccc3c(N)c1C2,5.3700
CNC(=O)Oc1ccc2c(c1)OC[C@@H]1CC[N+](C)(C)[C@H]21,5.7400
Cc1ccc2nc3c(c(N)c2c1)CCCC3,5.0908
COc1cc2nc3c(c(N)c2cc1OC)CCCC3,5.2840
Nc1ccc2c(N)c3c(nc2c1)-c1ccccc1C3,4.5400
Nc1c2c(nc3ccc([N+](=O)[O-])cc13)CCCC2,5.5214
Nc1ccc2nc3c(c(N)c2c1)Cc1ccccc1-3,5.2300
CCCCCCCNc1c2c(nc3cc(F)ccc13)CCCC2,7.3468
CNC(=O)Oc1ccc2c(c1)[C@@H]1[C@@H](CCN1C)CO2,4.7900
O=C(O)/C=C\C(=O)O.O=C1Cc2cc3c(CCC4CCN(Cc5ccccc5)CC4)noc3cc2N1,9.4815
Cc1ccc2c(N)c3c(nc2c1)CCCC3,7.0000
CCCCCCCNc1c2c(nc3cc(C)ccc13)CCCC2,6.8861
CCCCCCCNc1c2c(nc3cc([N+](=O)[O-])ccc13)CCCC2,6.5376
CNC(=O)Oc1cccc2c1OC[C@@H]1CCN(C)[C@H]21,7.5300
CN1CC[C@H]2COc3c(O)cccc3[C@H]21,4.4000
C[C@]12CC[C@H](O)[C@@](C)(CO)C1C[C@H](O)[C@@]1(C)Oc3cc(-c4ccccn4)oc(=O)c3C(=O)C21,3.9957
Nc1c2c(nc3ccccc13)-c1ccc(F)cc1C2,6.3600
CCCCCCCNc1c2c(nc3ccc(C)cc13)CCCC2,6.4089
COc1ccc(-c2cc3c(c(=O)o2)C[C@]2(O)[C@@]4(C)C(=O)C=CC(C)(C)[C@]4(O)CC[C@@]2(C)O3)cc1,7.5867
C[C@]12CC[C@H](O)[C@@](C)(CO)C1C[C@H](O)[C@@]1(C)Oc3cc(-c4ccc(Cl)nc4)oc(=O)c3C(=O)C21,4.0969
CC(=O)Nc1ccc2c(CCC3CCN(Cc4ccccc4)CC3)noc2c1.O=C(O)/C=C/C(=O)O,8.5528
Cc1ccc2nc3c(c(NCc4ccccc4)c2c1)CCCC3,5.4309
O=C1Cc2cc3onc(CCC4CCN(Cc5ccccc5)CC4)c3cc2N1,9.0223
Cc1ccc2c(c1)-c1nc3ccccc3c(N)c1C2,5.3400
COc1ccc2c(N)c3c(nc2c1)CCCC3,6.4559
O=C(CCCCCCC(=O)NCCCCCCN1CC[C@H]2COc3ccccc3[C@H]21)NCCCCCCN1CC[C@H]2COc3ccccc3[C@H]21,5.0100
O=C1CCc2cc3c(CCC4CCN(Cc5ccccc5)CC4)noc3cc2N1,9.2441
Cc1cccc2c1Cc1c-2nc2ccccc2c1N,5.4100
Nc1c2c(nc3cc([N+](=O)[O-])ccc13)-c1ccccc1C2,4.1700
COc1ccc(-c2cc3c(c(=O)o2)C[C@]2(O)[C@@]4(C)C(=O)C=CC(C)(C)[C@]4(O)CC[C@@]2(C)O3)cc1OC,9.0000
COc1cc(-c2cc3c(c(=O)o2)C[C@]2(O)[C@@]4(C)C(=O)C=CC(C)(C)[C@]4(O)CC[C@@]2(C)O3)cc(OC)c1OC,8.1705
O=C1Cc2c(ccc3c(CCC4CCN(Cc5ccccc5)CC4)noc23)N1,8.4437
Nc1c2c(nc3cc(F)ccc13)CCCC2,7.0602
COc1ccc(-c2cc3c(c(=O)o2)C(=O)C2[C@@]4(C)CC[C@H](O)[C@@](C)(CO)C4C[C@H](O)[C@@]2(C)O3)cc1OC,4.2366
Nc1ccc2nc3c(c(N)c2c1)CCCC3,5.4200
COc1ccc2c(c1)Cc1c-2nc2ccccc2c1N,5.1900
Nc1c2c(nc3cc([N+](=O)[O-])ccc13)CCCC2,7.5515
CNC(=O)Oc1ccc2c(c1)OC[C@@H]1CCN(C)[C@H]21,6.6164
C[C@]12CC[C@H](O)[C@@](C)(CO)C1C[C@H](O)[C@@]1(C)Oc3cc(-c4ccncc4)oc(=O)c3C(=O)C21,5.1024
COc1cccc2c1Cc1c-2nc2ccccc2c1N,5.7800
CCCCCCCNc1c2c(nc3cc(OC)ccc13)CCCC2,6.3372
Nc1c2c(nc3cc(Br)ccc13)CCCC2,7.1805
COc1ccc(-c2cc3c(c(=O)o2)C(=O)C2[C@@]4(C)CC[C@H](O)[C@@](C)(CO)C4C[C@H](O)[C@@]2(C)O3)cc1,4.1549
Nc1c2c(nc3ccccc13)-c1ccc(Cl)cc1C2,5.2700
Clc1ccc2c(NCc3ccccc3)c3c(nc2c1)CCCC3,6.7698
Nc1c2c(nc3cc(F)ccc13)-c1ccccc1C2,5.9200
Nc1c2c(nc3cc(Cl)c(Cl)cc13)CCCC2,6.3279
O=[N+]([O-])c1ccc2nc3c(c(NCc4ccccc4)c2c1)CCCC3,5.7979
C[C@]12CC[C@H](O)[C@@](C)(CO)C1C[C@H](O)[C@@]1(C)Oc3cc(-c4ccccc4)oc(=O)c3C(=O)C21,4.0044
Cc1ccc2c(NCc3ccccc3)c3c(nc2c1)CCCC3,6.1275
O=[N+]([O-])c1ccc2c(NCc3ccccc3)c3c(nc2c1)CCCC3,5.3194
CC(C)c1ccc(NC(=O)Oc2ccc3c(c2)[C@]2(C)CCN(C)[C@@H]2N3C)cc1.O=C(O)C(O)C(O)C(=O)O,6.1192
C#CC(C)OC[n+]1ccn(C)c1/C=N/O.[Cl-],4.9245
C#CCCCC[n+]1cn(C)c(/C=N/O)n1.[Cl-],4.2041
CC#CC(C)OC[n+]1ccn(C)c1/C=N/O.[Cl-],3.8416
COc1ccc2c3c1O[C@H]1C[C@@H](O)C=C[C@@]31CCN(C)C2,5.9300
C#CCCOC[n+]1ccn(C)c1C.[Cl-],4.5686
CC#CC(C)(C)OC[n+]1ccn(C)c1/C=N/O.[Cl-],3.7570
C#CCCCC[n+]1ccn(C)c1/C=N/O.[Cl-],5.0706
CNC(=O)Oc1ccc2c(c1)[C@]1(C)CCN(C)[C@@H]1N2C.O=C(O)c1ccccc1O,7.5528
C#CCCOC[n+]1ccc(/C=N/O)cc1.[Cl-],4.0155
C#CCOC[n+]1ccn(C)c1/C=N/O.[Cl-],4.6615
C#CCCOC[n+]1ccn(C(C)(C)C)c1/C=N/O.[Cl-],3.4698
C#CC1CCCCC1OC[n+]1ccn(C)c1/C=N/O.[Cl-],4.6925
C#CCCCC[n+]1ccn(COC)c1/C=N/O.[Cl-],3.7328
C#CCCOC[n+]1ccn(C)c1/C=N/O.[Cl-],4.8386
CCN(C)C(=O)Oc1cccc([C@H](C)N(C)C)c1,5.5186
C#CC(C)C(C)OC[n+]1ccn(C)c1/C=N/O.[Cl-],4.8962
CC#CCCOC[n+]1ccn(C)c1/C=N/O.[Cl-],4.1146
C#CCCCOC[n+]1ccn(C)c1/C=N/O.[Cl-],4.5544
Cc1ccccc1NC(=O)Oc1ccc2c(c1)[C@]1(C)CCN(C)O[C@@H]1N2C,6.7570
C#CCC(C)OC[n+]1ccn(C)c1/C=N/O.[Cl-],5.0595
CNC(=O)Oc1ccc2c(c1)[C@]1(C)CCN(C)O[C@@H]1N2C,6.8239
Cc1ccccc1NC(=O)Oc1ccc2c(c1)[C@]1(C)CC[N@@+](C)([O-])[C@@H]1N2C.Cl,6.7447
C#CC(C)(C)OC[n+]1ccn(C)c1/C=N/O.[Cl-],4.6162
CCc1ccccc1NC(=O)Oc1ccc2c(c1)[C@]1(C)CC[N@@+](C)([O-])[C@@H]1N2C.Cl,6.9031
Cc1ccccc1NC(=O)Oc1ccc2c(c1)[C@]1(C)CCN(C)[C@@H]1N2C.O=C(O)C(O)C(O)C(=O)O,8.0000
CNC(=O)Oc1ccc2c(c1)[C@]1(C)CC[N@@+](C)([O-])[C@@H]1N2C.Cl,7.0000
C#CC(CC)OC[n+]1ccn(C)c1/C=N/O.[Cl-],5.1073
C#CCCCC[n+]1ccccc1/C=N/O.[Cl-],4.2111
C#CCC(CCC)OC[n+]1ccn(C)c1/C=N/O.[Cl-],5.2832
CN1CC[C@@]2(C)c3cc(OC(=O)Nc4ccccc4)ccc3N(C)[C@@H]12.O=C(O)C(O)C(O)C(=O)O,7.6198
CCc1ccccc1NC(=O)Oc1ccc2c(c1)[C@]1(C)CCN(C)[C@@H]1N2C.O=C(O)C(O)C(O)C(=O)O,8.0000
CCc1ccccc1NC(=O)Oc1ccc2c(c1)[C@]1(C)CCN(C)O[C@@H]1N2C,7.1871
C#CCCCC[n+]1ccn(C(C)(C)C)c1/C=N/O.[Cl-],4.1158
C#CC(CCC)OC[n+]1ccn(C)c1/C=N/O.[Cl-],5.0825
C#CCCCC[n+]1ccc(/C=N/O)cc1.[Cl-],3.5157
C#CC1(OC[n+]2ccn(C)c2/C=N/O)CCCC1.[Cl-],4.6162
CN1CC[C@@]2(C)c3cc(OC(=O)Nc4ccccc4)ccc3N(C)[C@H]2O1,6.8861
CN1c2ccc(OC(=O)Nc3ccccc3)cc2[C@]2(C)CC[N@@+](C)([O-])[C@H]12.Cl,6.6990
C(=C/C1CCN(Cc2ccccc2)CC1)/c1noc2ccccc12,6.6778
c1ccc(CN2CCC(CCCc3noc4ccccc34)CC2)cc1,6.0500
c1ccc(CN2CCC(CCNc3noc4ccccc34)CC2)cc1,6.0915
CCCCCCNC(=O)Oc1ccc2c(c1)[C@]1(C)CCN(CCC)C1C2.Cc1ccc(C(=O)OC(C(=O)O)C(OC(=O)c2ccc(C)cc2)C(=O)O)cc1.O,7.2076
CCCCCCNC(=O)Oc1ccc2c(c1)[C@]1(C)CCN(CC)C1C2,7.3468
CCCCCCCNC(=O)Oc1ccc2c(c1)[C@]1(C)CCN(CC)C1C2,7.2366
CCCNC(=O)Oc1ccc2c(c1)[C@]1(C)CCN(CC)C1C2,6.8125
CCCCCCCNC(=O)Oc1ccc2c(c1)[C@]1(C)CCN(Cc3ccccc3)C1C2,6.2958
CCN1CC[C@@]2(C)c3cc(OC(=O)NC(C)(C)C)ccc3CC12,4.9035
CCCCCCCNC(=O)Oc1ccc2c(c1)[C@@H]1CCN(CCC)C1C2,6.2013
CCCCCCNC(=O)Oc1ccc2c(c1)[C@]1(C)CCN(C)C1C2,7.1135
CCCCCCCNC(=O)Oc1ccc2c(c1)[C@]1(C)CCN(C)C1C2,6.9431
CCN1CC[C@@]2(C)c3cc(OC(=O)N[C@@H](C)c4ccccc4)ccc3CC12,5.8761
CCN1CC[C@H]2c3cc(OC(=O)NC)ccc3CC21,6.5969
CCCCCCNC(=O)Oc1ccc2c(c1)[C@@H]1CCN(CCC)C1C2,6.2742
CCN1CC[C@@]2(C)c3cc(OC(=O)NCc4ccccc4)ccc3CC12,7.1612
CCCCNC(=O)Oc1ccc2c(c1)[C@@H]1CCN(CC)C1C2,5.9682
CCCCCCCNC(=O)Oc1ccc2c(c1)[C@@H]1CCN(CC)C1C2,6.4191
CCCN1CCCC(c2cccc(OC(=O)NC(C)C)c2)C1,5.0000
CCN1CC[C@@]2(C)c3cc(OC(=O)Nc4ccccc4)ccc3CC12,6.7545
CCCCNC(=O)Oc1ccc2c(c1)[C@]1(C)CCN(CC)C1C2,7.0458
CCCCCCCNC(=O)Oc1ccc2c(c1)[C@]1(C)CCN(CCC)C1C2,7.0315
CCCCCCNC(=O)Oc1ccc2c(c1)[C@@H]1CCN(CC)C1C2,6.6819
CCN1CC[C@@]2(C)c3cc(OC(=O)NC)ccc3CC12,7.4202
CCCNC(=O)Oc1ccc2c(c1)[C@@H]1CCN(CC)C1C2,5.6592
Nc1c2c(nc3ccccc13)CC(O)CC2,6.1626
Nc1c2c(nc3ccccc13)CCC(O)C2,5.7157
Nc1c2c(nc3ccccc13)C(O)CCC2,6.3028
COc1ccccc1CN1CCCCCCCCN(Cc2ccccc2OC)C(=O)CCCCCNCc2ccc(cc2)CNCCCCCC1=O,5.8500
CCCCCCCCCN(Cc1ccccc1OC)C(=O)CCCCCN(C)Cc1ccc(-c2ccc(CN(C)CCCCCC(=O)NCc3ccccc3OC)cc2)cc1,3.9800
CCCCCCCCCN(Cc1ccccc1OC)C(=O)CCCCCNCc1ccc(-c2ccc(-c3ccc(CNCCCCCC(=O)NCc4ccccc4OC)cc3)cc2)cc1,4.8000
COc1ccccc1CN1CCCCCCCCN(Cc2ccccc2OC)C(=O)CCCCCNCc2ccc(cc2)-c2ccc(cc2)CNCCCCCC1=O,5.4700
COc1ccccc1CN(CCCCCCCCN(Cc1ccccc1OC)C(=O)CCCCCN)C(=O)CCCCCN,4.4800
COc1ccccc1CN1CCCCCC(=O)N(C)CCCCCCCCN(C)C(=O)CCCCCN(Cc2ccccc2OC)Cc2ccc(cc2)-c2ccc(cc2)C1,4.2700
COc1ccccc1CN1CCCCCCCCN(Cc2ccccc2OC)C(=O)CCCCCNCc2cccc(c2)Cc2cccc(c2)CNCCCCCC1=O,5.2100
CC(OC[n+]1ccn(C)c1/C=N/O)C1CCCCC1.[Cl-],4.5850
Cc1ccc(F)cc1,6.6649
CC(=O)Oc1ccc(C)c([N+](C)(C)C)c1,5.2730
CC(C)OC[n+]1ccn(C)c1/C=N/O.[Cl-],4.3098
Cc1ccccc1C,6.6549
Cc1ccc(C)cc1,6.3549
CCC(=O)Oc1cc([N+](C)(C)C)ccc1C,5.4240
COc1ccc(C)c([N+](C)(C)C)c1,3.4620
CC(=O)Oc1cc([N+](C)(C)C)ccc1C,6.1810
COC[n+]1ccn(C)c1/C=N/O.[Cl-],3.7052
Cn1cc[n+](COC[n+]2ccccc2/C=N/O)c1/C=N/O.[Cl-].[Cl-],4.4202
COc1cc2c(c(OC)c1)C(=O)C(C)C2,7.0101
Cc1cccc(C)c1,7.0049
C=CCCC[N+](C)(C)C,2.9470
COc1ccc2c(c1)C(=O)C(C)C2,6.7551
CCCC(=O)SCC[N+](C)(C)C,3.9000
COc1cc2c(cc1OC(C)C)CC(C)C2=O,7.2351
CC(CC(C)(C)C)OC[n+]1ccn(C)c1/C=N/O.[Cl-],4.4881
COC[n+]1c(/C=N/O)n(C)c2ccccc21.[Cl-],3.7033
C[N+](C)(C)CCS,3.3570
COc1ccc(C)cc1OC,5.3549
Cc1ccc(O)cc1[N+](C)(C)C,5.5490
COc1cc([N+](C)(C)C)ccc1C,3.9120
CNC(=O)Oc1ccc2c(c1)[C@]1(C)CC[N+](C)(C)C1N2C,7.4690
CCCCCCCCOC[n+]1ccn(C)c1/C=N/O.[Cl-],5.0223
Cn1cc[n+](COCC2CCCc3ccccc32)c1/C=N/O.[Cl-],4.2518
Cc1cccc2c1CC(C)C2=O,7.2851
C[N+]1(C)CCO[C@@](O)(c2ccc(C#N)cc2)C1,1.9360
Cn1cc[n+](COC[n+]2ccn(C)c2/C=N/O)c1/C=N/O,5.1079
Cc1cccc(F)c1,7.1549
C[N+](C)(C)CCCl,2.6220
Cc1ccc(N)cc1,6.3749
COc1cc(C)cc(OC)c1OC,5.3099
C[N+](C)(C)CCCCI,3.3270
CCC(=O)Oc1cccc([N+](C)(C)C)c1,5.2240
Cn1cc[n+](COCCCc2ccccc2)c1/C=N/O.[Cl-],4.6737
COc1cc2c(cc1O)C(=O)C(C)C2,7.6502
COc1ccc(C)cc1,5.3749
C=CCC[N+](C)(C)C,3.0720
CC1Cc2cc3c(cc2C1=O)OCO3,7.0301
CC1Cc2ccccc2C1=O,6.6251
Cc1ccccc1F,6.6649
CC(=O)Nc1ccc([C@@]2(O)C[N+](C)(C)CCO2)cc1,2.6840
CCCCCC[N+](C)(C)C,3.0880
CC(=O)Nc1cccc([N+](C)(C)C)c1,3.0000
CCC(=O)Oc1ccc(C)c([N+](C)(C)C)c1,4.1610
O/N=C\c1cccc[n+]1COCCOC[n+]1ccccc1/C=N/O.[Cl-].[Cl-],3.4690
COc1cccc2c1CC(C)C2=O,7.1702
COc1ccc2c(c1OC)C(=O)C(C)C2,6.7401
NC(=O)O,4.1739
CC(=O)CCC[N+](C)(C)C,4.0720
C[N+](C)(C)CCCCCBr,3.2720
CC(=O)Oc1cccc([N+](C)(C)C)c1C,4.3890
CCC(=O)Oc1cccc([N+](C)(C)C)c1C,3.1230
CCCCOC[n+]1ccn(C)c1/C=N/O.[Cl-],4.5607
COc1cc2c(cc1O)CC(C)C2=O,6.4201
C[C@@]1(O)C[N+](C)(C)CCO1,2.7620
CCOCC[N+](C)(C)C,2.9360
CCCC(=O)OCC[N+](C)(C)C,3.6400
COc1cccc([N+](C)(C)C)c1C,3.6220
Cn1cc[n+](COCC2CCCCC2)c1/C=N/O.[Cl-],4.3768
COc1ccc(OC)c2c1CC(C)C2=O,6.9301
Cc1ccccc1,6.7949
Cc1ccc([N+](=O)[O-])cc1,6.1549
Cn1cc[n+](COCc2cccc3ccccc23)c1/C=N/O.[Cl-],5.4202
CC1Cc2ccc(F)cc2C1=O,6.5601
Cc1ccc(O)cc1,7.0249
C[N+](C)(C)CCO,2.5210
CCSCC[N+](C)(C)C,2.8210
C[N+](C)(C)CCCCBr,3.2240
Cc1c(O)cccc1[N+](C)(C)C,3.8500
Cc1cccc(O)c1,6.3249
CC(C)(C)[C@@]1(O)C[N+](C)(C)CCO1,2.4310
CC(OC[n+]1ccn(C)c1/C=N/O)C(C)(C)C.[Cl-],4.9393
Cn1c(/C=N/O)[n+](C)c2ccccc21.[Cl-],3.9101
C=CC[N+](C)(C)C,2.5350
Cc1ccc([N+](C)(C)C)cc1O,5.5070
CCCCCCOC[n+]1ccn(C)c1/C=N/O.[Cl-],4.6021
Cn1cc[n+](COCc2ccccc2)c1/C=N/O.[Cl-],4.2518
COc1cc2c(c(OC)c1OC)C(=O)C(C)C2,7.1502
C[N+]1(C)CCO[C@H](O)C1,2.7540
C[N+]1(C)CCO[C@@](O)(c2ccc([N+](=O)[O-])cc2)C1.[Cl-],2.2910
COc1cccc([N+](C)(C)C)c1,3.2240
Cn1cc[n+](COCC(C)(C)C)c1/C=N/O.[Cl-],5.0757
COc1cc2c(cc1OC)C(=O)C(C)C2,7.3501
C[N+]1(C)CCO[C@@](O)(c2ccc(Cl)cc2)C1,2.0900
C[N+]1(C)CCO[C@@](O)(C(F)(F)F)C1,2.4170
CC(=O)Oc1cccc([N+](C)(C)C)c1,5.5210
C[N+](C)(C)c1cccc(O)c1,6.0120
Cc1n(C)cc[n+]1COC(C)C(C)(C)C.[Cl-],4.4815
COc1cccc(C)c1,5.9849
C[N+]1(C)CCO[C@@](O)(c2ccc(N)cc2)C1,3.1610
CCOc1cc2c(cc1OCC)C(=O)C(C)C2,7.3101
Cc1ccc2c(c1)C(=O)C(C)C2,6.7901
Cc1cccc([N+](=O)[O-])c1,6.8549
C[N+](C)(C)CCCBr,4.0560
C[N+](C)(C)c1cccc([N+](=O)[O-])c1.[Cl-],3.2020
C[N+](C)(C)c1cccc(N)c1,3.7170
CCC(OC[n+]1ccn(C)c1/C=N/O)C(C)(C)C.[Cl-],4.6198
COc1ccc2c(c1OC)CC(C)C2=O,7.0601
CC[N+](C)(C)c1cccc(O)c1.[Cl-],5.7078
CCc1ccc(SC(=O)OCC[N+](C)(C)C)cc1.[Cl-],3.8010
CC(C)CCSC(=O)OCC[N+](C)(C)C.[Cl-],4.3010
CC(C)c1ccc(NC(=O)Oc2ccc3c(c2)[C@]2(C)CCNC2N3C)cc1,6.4895
Cc1ccccc1NC(=O)Oc1ccc2c(c1)[C@]1(C)CCN(C)C1N2C,7.9872
CCCCCCSC(=O)OCC[N+](C)(C)C.[Cl-],4.0485
CC(C)c1ccc(NC(=O)Oc2ccc3c(c2)[C@]2(C)CCN(C)C2N3Cc2ccccc2)cc1,4.8861
CCCCSC(=O)OCC[N+](C)(C)C.[Cl-],3.1505
C[N+](C)(C)CCOC(=O)Sc1ccccc1.[Cl-],3.0000
CCc1ccccc1SC(=O)OCC[N+](C)(C)C.[Cl-],4.3010
CCN(CC)CC/N=C(\NO)c1nc(-c2ccccc2)no1,3.5850
CC(C)c1ccc(NC(=O)Oc2ccc3c(c2)[C@]2(C)CCNC2N3)cc1,6.9586
CCN(CC)CCS/C(=N\O)c1nc(C)no1,4.0458
CCC(C)CSC(=O)OCC[N+](C)(C)C.[Cl-],3.0000
CCCCCCCCc1noc(/C(=N/O)SCCN(CC)CC)n1,6.0000
CC(C)c1ccc(NC(=O)Oc2ccc3c(c2)[C@]2(C)CCN(C)C2N3C)cc1,6.1192
CCN(CC)CCS/C(=N\O)c1nc(-c2ccccc2)no1,5.2218
Cc1ccccc1NC(=O)Oc1ccc2c(c1)[C@]1(C)CCN(C)C1N2,7.3979
Cc1ccccc1NC(=O)Oc1ccc2c(c1)[C@]1(C)CCN(Cc3ccccc3)C1N2Cc1ccccc1,5.7545
CCC(C)(C)SC(=O)OCC[N+](C)(C)C.[Cl-],4.3979
Cc1ccccc1NC(=O)Oc1ccc2c(c1)[C@]1(C)CCNC1N2C,7.7696
Cc1ccccc1NC(=O)Oc1ccc2c(c1)[C@]1(C)CCNC1N2,6.5452
CCCCCCCSC(=O)OCC[N+](C)(C)C.[Cl-],4.3495
Cc1ccccc1NC(=O)Oc1ccc2c(c1)[C@]1(C)CCN(C)C1N2Cc1ccccc1,7.0000
CC(C)c1ccc(NC(=O)Oc2ccc3c(c2)[C@]2(C)CCN(C)C2N3)cc1,5.6946
CCCCCSC(=O)OCC[N+](C)(C)C.[Cl-],5.6109
CCN(CC)CCS/C(=N\O)c1nc(C(C)(C)C)no1,3.4089
CCN(CC)CCS/C(=N\O)c1nc(Cc2ccccc2)no1,4.5229
Cc1ccccc1NC(=O)Oc1ccc2c(c1)[C@]1(C)CCN(CCc3ccccc3)C1N2C,6.2596
CCN(CC)CCNC(=O)c1ccc(N)cc1,6.0000
c1ccc2c(c1)CN1CCCCC1=N2,5.4365
Clc1ccc2c(c1)CN1CCCCCC1=N2,6.3010
CCC1=CC2Cc3nc4cc(F)ccc4c(N)c3C(C1)C2,8.5485
CC1=CC2CC(C1)Cc1nc3ccccc3c(N)c12.Cl,6.3605
Clc1cccc2c1N=C1CCCCCN1C2,5.8239
CCC1=CC2Cc3nc4cc(Cl)cc(Cl)c4c(N)c3C(C1)C2,8.8570
Cl.Nc1c2c(nc3ccccc13)CCCC2,6.6882
N=c1c2ccc(Cl)cc2nc2n1CCCCC2,5.8996
CC1=CC2Cc3nc4ccccc4c(N)c3C(C1)C2.Cl,7.2874
c1ccc2c(c1)CN1CCCCCCC1=N2,5.0362
CC1=CC2Cc3nc4cc(Cl)ccc4c(N)c3C(C1)C2,9.1079
CCC1=CC2Cc3nc4cccc(F)c4c(N)c3C(C1)C2,7.5302
CCC1=CC2Cc3nc4ccc(Cl)cc4c(N)c3C(C1)C2,6.3716
CC1=CC2Cc3nc4cc(F)cc(F)c4c(N)c3C(C1)C2,8.6576
Clc1cccc2c1CN1CCCCCC1=N2,5.7696
CCC1=CC2Cc3nc4ccccc4c(N)c3C(C1)C2.Cl,7.4225
c1ccc2c(c1)CN1CCCC1=N2,5.6253
CC1=CC2Cc3nc4cccc(F)c4c(N)c3C(C1)C2,7.4510
CCC1=CC2Cc3nc4cc(C)cc(C)c4c(N)c3C(C1)C2,8.3045
CC1=C[C@@H]2Cc3nc4cc(F)ccc4c(N)c3[C@H](C1)C2,8.3391
CCC1=CC2CC(C1)Cc1nc3ccccc3c(N)c12.Cl,7.1141
Clc1ccc2c(c1)N=C1CCCCCN1C2,6.8013
c1ccc2c(c1)CN1CCCCCCCC1=N2,4.8693
CCC1=CC2Cc3nc4cccc(Cl)c4c(N)c3C(C1)C2,7.9318
CCC1=CC2Cc3nc4cc(F)cc(F)c4c(N)c3C(C1)C2,8.7545
c1ccc2c(c1)CN1CCCCCC1=N2,5.4248
Cl.O=C(CCC1CCN(Cc2ccccc2)CC1)c1ccc2c(c1)OCCO2,7.5229
COc1cc2c(cc1OC)C(=O)[C@@H]([C@H](O)C1CC[N+](C)(Cc3ccccc3)CC1)C2,6.0506
Cc1cc(C(=O)CCC2CC[N+](C)(Cc3ccccc3)CC2)nn1-c1ccccc1,7.6576
CN(C)Cc1ccc(CSCCNc2cc(Nc3ccc(F)cc3)c([N+](=O)[O-])cc2[N+](=O)[O-])o1,6.1675
COc1cc2c(cc1OC)C(=O)C(C(O)c1cc[n+](Cc3ccccc3)cc1)C2,5.7258
COc1cc2c(cc1OC)C(=O)C(Cc1cc[n+](Cc3ccccc3)cc1)C2,7.0000
C[N+]1(Cc2ccccc2)CCC(CCC(=O)c2ccc3c(c2)OCO3)CC1,6.9999
Cl.O=C(CCC1CCN(Cc2ccccc2)CC1)c1ccc2[nH]c(-c3ccccc3)nc2c1,7.4815
CCCCCNc1cc(NCCSCc2ccc(CN(C)C)o2)c([N+](=O)[O-])cc1[N+](=O)[O-],5.9208
CC(C)=NNc1cc(NCCSCc2ccc(CN(C)C)o2)c([N+](=O)[O-])cc1[N+](=O)[O-],6.3565
COc1cc2c(cc1OC)C(=O)C(C(O)C1CC[N+](C)(Cc3ccccc3)CC1)C2,5.8416
CN(C)Cc1ccc(CSCCNc2cccc(F)c2C#N)o1,5.6778
CN(C)Cc1ccc(CSCCNc2ccc(F)cc2[N+](=O)[O-])o1,6.1871
COc1cc2c(cc1OC)C(=O)[C@@H]([C@@H](O)C1CC[N+](C)(Cc3ccccc3)CC1)C2,5.5686
COc1ccc2cc(C(=O)CCC3CC[N+](C)(Cc4ccccc4)CC3)ccc2c1,7.3005
CN(C)Cc1ccc(CSCCNc2cc(NCc3cccnc3)c([N+](=O)[O-])cc2[N+](=O)[O-])o1,6.5086
C[N+]1(Cc2ccccc2)CCC(CCC(=O)c2ccc3c(c2)CCO3)CC1,7.4077
C[N@+]1(Cc2ccccc2)CC[C@H](CCC(=O)c2ccc3c(c2)CCO3)CC1,7.1805
COc1cc2cc(-c3ccc(CN(C)Cc4ccccc4)cc3)c(=O)oc2cc1OC,7.3516
CN(C)Cc1ccc(CSCCNc2cc(F)c([N+](=O)[O-])cc2[N+](=O)[O-])o1,6.9208
CN(C)Cc1ccc(CSCCNc2cc(N)c([N+](=O)[O-])cc2[N+](=O)[O-])o1,7.0809
COc1cc2c(cc1OC)C(=O)C(C(O)C1CC[N+](Cc3ccccc3)(Cc3ccccc3)CC1)C2,4.3615
COc1cc2cc(C(=O)CCC3CC[N+](C)(Cc4ccccc4)CC3)n(C)c2cc1OC,6.9204
CN(C)Cc1ccc(CSCCNc2cc(NN)c([N+](=O)[O-])cc2[N+](=O)[O-])o1,7.1192
CCCNc1cc(NCCSCc2ccc(CN(C)C)o2)c([N+](=O)[O-])cc1[N+](=O)[O-],6.5850
CN(C)Cc1ccc(CSCCNc2cc(Nc3ncccc3[N+](=O)[O-])c([N+](=O)[O-])cc2[N+](=O)[O-])o1,6.1871
COc1cc2c(cc1OC)C(=O)/C(=C/c1cc[n+](Cc3ccccc3)cc1)C2,7.9208
CNc1cc(NCCSCc2ccc(CN(C)C)o2)c([N+](=O)[O-])cc1[N+](=O)[O-],6.7959
C[N+]1(Cc2ccccc2)CCC(CCC(=O)c2ccc3c(c2)NCCCC3)CC1,6.4802
Cc1nc2ccc(C(=O)CCC3CCN(Cc4ccccc4)CC3)cc2s1.Cl,8.1675
COc1ccc2c3c1OC1C[C@@H](O)C=C[C@@]31CC[N+](C)(C)C2,6.2508
CN(C)Cc1ccc(CSCCNc2cc(Nc3ccccc3C#N)c([N+](=O)[O-])cc2[N+](=O)[O-])o1,6.2007
CC1=C[C@H]2Cc3[nH]c(=O)ccc3[C@]3(C1)NCCC[C@H]23,7.6221
CCn1c(C)nc2cc(C(=O)CCC3CCN(Cc4ccccc4)CC3)ccc21.Cl,8.3665
CN(C)CCNc1cc(NCCSCc2ccc(CN(C)C)o2)c([N+](=O)[O-])cc1[N+](=O)[O-],6.2840
Cl.O=C(CCC1CCN(Cc2ccccc2)CC1)c1ccccc1,6.5157
CN(C)Cc1ccc(CSCCNc2cc(NCCCN3CCOCC3)c([N+](=O)[O-])cc2[N+](=O)[O-])o1,6.4318
CN(C)Cc1ccc(CSCCNc2nnccc2[N+](=O)[O-])o1,6.3279
CN(C)Cc1ccc(CSCCNc2cc(NCc3ccccc3)c([N+](=O)[O-])cc2[N+](=O)[O-])o1,6.1612
CN(C)Cc1ccc(CSCCNc2cc(Oc3ccc([N+](=O)[O-])cc3)c([N+](=O)[O-])cc2[N+](=O)[O-])o1,6.5686
O=C(CCC1CCN(Cc2ccccc2)CC1)c1ccc2c(c1)NCCCC2,6.7100
COc1cc2c(cc1OC)C(=O)C(CC1CC[N+](C)(Cc3ccccc3)CC1)C2,7.3010
CN(C)Cc1ccc(CSCCNc2cc(NCc3ccccn3)c([N+](=O)[O-])cc2[N+](=O)[O-])o1,5.8861
Cc1nc2cc(C(=O)CCC3CCN(Cc4ccccc4)CC3)ccc2[nH]1.Cl,7.9208
COc1cc2cc(C(=O)CCC3CC[N+](C)(Cc4ccccc4)CC3)sc2cc1OC,7.9091
C[N+]1(Cc2ccccc2)CCC(CCC(=O)c2ccc3c(c2)OCCO3)CC1,7.0000
CN(C)Cc1ccc(CSCCNc2ccc([N+](=O)[O-])cc2[N+](=O)[O-])o1,6.6990
C[N+]1(Cc2ccccc2)CCC(CCC(=O)c2ccc3c(c2)CCCCO3)CC1,6.8570
CN(C)Cc1ccc(CSCCNc2cc(Nc3ccccc3)c([N+](=O)[O-])cc2[N+](=O)[O-])o1,6.1938
CC(c1cccc(OC(=O)N(C)C)c1)N(C)C,7.5229
C#CCNC1CCc2ccc(OC(=O)N(C)CC)cc21.Cl,4.3279
CNC1CCc2ccc(OC(=O)N(C)C)cc21.Cl,5.9706
CCN(C)C(=O)Oc1cccc(CCNC)c1,4.6840
C#CCNC1CCc2c(OC(=O)N(C)CC)cccc21.Cl,5.6676
C#CCNC1CCc2ccc(OC(=O)NCC)cc21.Cl,4.8633
CCNC1CCc2ccc(OC(=O)N(C)C)cc21.Cl,4.6108
C#CCNC1CCc2cccc(OC(=O)N(C)CC)c21.Cl,3.2798
CN(C)C(=O)Oc1cccc2c1CCC2N.Cl,8.0458
C#CCN(C)C1CCc2ccc(OC(=O)N(C)C)cc21.Cl,4.8894
C#CCN(C)[C@H](C)Cc1cccc(OC(=O)N(C)CCCCCC)c1,5.6990
C#CCNC1CCc2cccc(OC(=O)N(C)C)c21.Cl,5.6021
C#CCNC1CCc2ccc(OC(=O)N(C)Cc3ccccc3)cc21.Cl,5.7496
C#CCN(C)[C@H](C)Cc1cccc(OC(=O)N(C)C2CCCCC2)c1,5.1024
CN(C(=O)Oc1ccc2c(c1)C(N)CC2)C1CCCCC1.Cl,5.4023
CCN(C)C(=O)Oc1ccc2c(c1)C(NC)CC2.Cl,4.4134
C#CCN[C@@H]1CCc2ccc(OC(=O)N(C)CC)cc21.Cl,4.4976
CCN(C)C(=O)Oc1cccc(CCN)c1,4.4498
C#CCN(C)C(C)Cc1cccc(OC(=O)N(C)CCC)c1,4.4802
C#CCNC1CCc2ccc(OC(=O)N(C)c3ccc(OC)cc3)cc21.Cl,6.0655
CN(C)C(=O)Oc1ccc2c(c1)C(N)CCC2,5.8297
C#CCN(C)C(C)Cc1cccc(OC(=O)N(C)CC)c1,3.6308
CCCCCCN(C)C(=O)Oc1ccc2c(c1)C(N)CC2.Cl,6.2757
CCNC(=O)Oc1ccc2c(c1)C(N)CC2.Cl,4.7520
CN(C)C(=O)Oc1ccc2c(c1)CC(N)CC2,5.4895
CCN(C)C(=O)Oc1ccc2c(c1)CC(N)CC2,4.0991
C#CCN(C)C1CCc2cccc(OC(=O)N(C)C)c21.Cl,5.1549
C#CCN(C)CCc1cccc(OC(=O)N(C)C)c1,6.0706
C#CCNC(C)Cc1cccc(OC(=O)N(C)CC)c1,4.4698
C#CCNC(C)Cc1cccc(OC(=O)N(C)CCC)c1,4.7190
C#CCN(C)[C@@H]1CCc2ccc(OC(=O)N(C)CC)cc21.Cl,2.9208
C#CCN(C)C(C)Cc1cccc(OC(=O)N(C)C2CCCCC2)c1,5.0620
CCN(C)C(=O)Oc1cccc2c1C(N)CC2.Cl,4.9788
CCN(C)C(=O)Oc1cccc2c1CCC2N.Cl,7.5850
C#CCN[C@@H]1CCc2ccc(OC(=O)N(C)CCCC)cc21.Cl,4.9355
C#CCNC1CCc2ccc(OC(=O)N(C)CC)cc2C1,3.6904
C#CCN(C)C(C)Cc1cccc(OC(=O)N(C)CCCCCC)c1,5.5143
C#CCC1CCCc2ccc(OC(=O)N(C)CC)cc21,4.2807
C#CCN[C@@H]1CCc2ccc(OC(=O)N(C)C)cc21.Cl,5.7447
C#CCNCCc1cccc(OC(=O)N(C)C)c1,6.6576
C#CCNC1CCc2ccc(OC(=O)NCCC)cc21.Cl,5.6234
C#CCN(C)C1CCc2c(OC(=O)N(C)CC)cccc21.Cl,4.8268
CCN(C)C(=O)Oc1ccc2c(c1)C(N)CC2.Cl,4.7212
COc1ccc(N(C)C(=O)Oc2ccc3c(c2)C(N)CC3)cc1.Cl,6.5229
C#CCN(C)C(C)Cc1cccc(OC(=O)N(C)C)c1,5.7852
C#CCNC1CCc2c(OC(=O)N(C)C)cccc21.Cl,7.2757
CNC1CCc2cccc(OC(=O)N(C)C)c21.Cl,6.2924
CN(C)C(=O)Oc1cccc2c1CCC2N(C)C.Cl,7.8861
CN(C)C(=O)Oc1ccc2c(c1)C(N)CC2.Cl,6.1192
CN(C)C(=O)Oc1cccc2c1C(N)CC2.Cl,6.3372
C#CCN(C)C1CCc2cccc(OC(=O)N(C)CC)c21.Cl,3.3575
CCCNC1CCc2ccc(OC(=O)N(C)CC)cc21.Cl,5.4437
C#CCN[C@H]1CCc2ccc(OC(=O)N(C)C)cc21.Cl,5.6478
CNCCc1cccc(OC(=O)N(C)C)c1,6.5528
CCCN(C)C(=O)Oc1ccc2c(c1)C(N)CC2.Cl,5.1367
CCCNC(=O)Oc1ccc2c(c1)C(N)CC2.Cl,5.8297
C#CCN[C@H]1CCc2ccc(OC(=O)N(C)CC)cc21.Cl,4.4572
C#CCNC1CCc2c(Cl)cc(OC(=O)N(C)CCC)cc21.Cl,4.3575
CN(C)CCc1cccc(OC(=O)N(C)C)c1,6.7959
C#CCN[C@@H]1CCc2ccc(OC(=O)N(C)CCC)cc21.Cl,4.9666
C#CCNC1CCc2ccc(OC(=O)N(C)CCCC)cc21.Cl,4.9469
CN(C)C(=O)Oc1cccc(CCN)c1,6.6383
C#CCNC(C)Cc1cccc(OC(=O)N(C)CCCC)c1,4.9136
C#CCC1CCCc2ccc(OC(=O)N(C)C)cc21,5.4045
C#CC(C)NCCc1cccc(OC(=O)N(C)CC)c1,4.8570
C#CCNC1CCc2ccc(OC(=O)N(CC)CCCC)cc21.Cl,4.1403
C#CCNCCc1cccc(OC(=O)N(C)CCC)c1,4.8125
C#CCNC(C)Cc1cccc(OC(=O)N(C)C)c1,6.2676
C#CCN(C)[C@@H](C)Cc1cccc(OC(=O)N(C)C2CCCCC2)c1,5.2007
C#CCNC(C)Cc1cccc(OC(=O)N(C)C2CCCCC2)c1,5.4437
CCCN(C)C(=O)Oc1cccc(CCN)c1,5.1079
C#CCNC1CCc2ccc(OC(=O)N(C)c3ccccc3)cc21.Cl,6.2596
CCN(C)C(=O)Oc1ccc2c(c1)C(N)CCC2,5.2062
C#CCNC1CCc2ccc(OC(=O)N(CC)C3CCCCC3)cc21.Cl,4.7471
C#CCNC1CCc2c(Cl)cc(OC(=O)N(C)CC)cc21.Cl,4.5935
C#CCNC1CCc2cccc(OC(=O)N(C)CCC)c21.Cl,4.3391
C#CCNC1CCc2ccc(OC(=O)N(C)C)cc21.Cl,5.5376
C#CCN[C@H]1CCc2ccc(OC(=O)N(C)CCCC)cc21.Cl,5.0315
CCN(C)C(=O)Oc1ccc2c(c1)[C@H](N)CC2.Cl,5.2118
C#CCNC1CCc2ccc(OC(=O)N(C)CCC)cc21.Cl,4.8356
C#CCNC1CCc2ccc(OC(=O)N(C)CCCCCC)cc21.Cl,4.8041
C#CCNC1CCc2ccc(OC(=O)N(C)C)cc2C1,5.3872
C#CC(C)NCCc1cccc(OC(=O)N(C)C)c1,6.7696
C#CCN(CC)C1CCc2ccc(OC(=O)N(C)C)cc21.Cl,4.7471
C#CC(C)NC1CCc2ccc(SC(=O)N(C)C)cc21,5.7447
C#CCNC1CCc2ccc(OC(=O)N(C)C3CCCCC3)cc21.Cl,4.3851
C#CCN[C@H]1CCc2ccc(OC(=O)N(C)CCC)cc21.Cl,5.0706
CN(C)C(=O)Oc1ccc2c(c1)C(N(C)C)CC2.Cl,5.6676
C#CCNCCc1cccc(OC(=O)N(C)CC)c1,4.5200
C#CCN(C)CCc1cccc(OC(=O)N(C)CC)c1,4.7799
C#CCN(C)[C@@H](C)Cc1cccc(OC(=O)N(C)CCCCCC)c1,5.4685
C/C=C(\C)C(=O)N[C@H]1CC[C@@]2(C)C(=CC[C@H]3[C@@H]4CC[C@H]([C@H](C)N(C)C)[C@@]4(C)CC[C@@H]32)[C@H]1O,4.5200
CN(C)Cc1ccc(CSCc2ccccc2CSCc2ccc(CN(C)C)o2)o1,5.0458
CN(C)Cc1ccc(CSCCCCCCCSCc2ccc(CN(C)C)o2)o1,6.2147
CN(C)Cc1ccc(CSCCCCCCCCSCc2ccc(CN(C)C)o2)o1,6.3279
CCCCNC(=O)Oc1ccc2c(c1)C1CCN(CC)C2C1,6.6861
C[C@@H]([C@H]1CC[C@H]2[C@@H]3CC[C@H]4C[C@@H](NC(=O)c5ccccc5)CC[C@]4(C)[C@H]3CC[C@]12C)N(C)C,4.5400
CC(=O)O[C@@H]1C2CC[C@H]3C4CC=C([C@H](C)N(C)C)[C@@]4(C)CC[C@@H]3[C@@]2(C)CC[C@@H]1NC(=O)C=C(C)C,5.2800
CN[C@@H](C)C1=CC[C@H]2[C@@H]3CC=C4C[C@@H](OC)CC[C@]4(C)[C@H]3CC[C@]12C,4.0800
C/C=C(\C)C(=O)N[C@H]1CC[C@@]2(C)C(=CC[C@H]3[C@@H]4CC[C@H]([C@H](C)N(C)C)[C@@]4(C)CC[C@@H]32)C1=O,5.1500
CCCCCCNC(=O)Oc1ccc2c(c1)C1(C)CCN(CC)C2C1,6.8761
CN(C)Cc1ccc(CSCc2cccc(CSCc3ccc(CN(C)C)o3)c2)o1,5.8239
CN(C)Cc1ccc(CSCCNC(=O)CSCc2ccc(CN(C)C)o2)o1,5.6021
CN(C)Cc1ccc(CSCc2ccc(-c3ccc(CSCc4ccc(CN(C)C)o4)cc3)cc2)o1,6.7447
CCN1CCC2CC1c1ccc(OC(=O)NC)cc12,6.7670
CN(C)Cc1ccc(CSCCCCCCSCc2ccc(CN(C)C)o2)o1,6.1308
CN(C)Cc1ccc(CSCCN/C=C(/NCCSCc2ccc(CN(C)C)o2)[N+](=O)[O-])o1,7.1308
CN(C)Cc1ccc(CSCCCCCCCCCSCc2ccc(CN(C)C)o2)o1,6.3372
CC(=O)O[C@H]1[C@@H](NC(=O)c2ccccc2)[C@@H](O)C[C@]2(C)[C@H]3CC[C@]4(C)[C@@H]([C@H](C)N(C)C)CC[C@H]4[C@@H]3CC[C@@H]12,3.6400
CCCCCCCNC(=O)Oc1ccc2c(c1)C1CCN(C)C2C1,6.8447
C/C=C(\C)C(=O)NC1=CC[C@@]2(C)[C@@H](CC[C@H]3C4CC[C@H]([C@H](C)N(C)C)[C@@]4(C)CC[C@@H]32)C1=O,4.8600
CN(C)Cc1ccc(CSCc2ccc(CN(C)C)o2)o1,4.3565
CN(C)Cc1ccc(CSCCNC(=O)NCCSCc2ccc(CN(C)C)o2)o1,4.3188
CN(C)Cc1ccc(CSCCCCSCc2ccc(CN(C)C)o2)o1,6.6778
C/C=C(\C)C(=O)N[C@@H]1C=C2CC[C@H]3[C@@H]4CC[C@H]([C@H](C)N(C)C)[C@@]4(C)CC[C@@H]3[C@@]2(C)C[C@@H]1O,4.8000
C/C=C(\C)C(=O)N[C@@H]1[C@H](OC(C)=O)[C@@H]2CC[C@H]3C4=CC[C@H]([C@H](C)N(C)C)[C@@]4(C)CC[C@@H]3[C@@]2(C)C[C@@H]1O,4.2100
CCCCCCCNC(=O)Oc1ccc2c(c1)C1CCN(CC)C2C1,6.7721
C[C@@H]([C@H]1CC[C@H]2[C@@H]3CC[C@H]4C[C@@H](NC(=O)c5ccccc5)[C@@H](O)C[C@]4(C)[C@H]3CC[C@]12C)N(C)C,4.1100
C[C@@H]([C@H]1CC[C@H]2[C@@H]3CC[C@H]4C(=O)C(NC(=O)c5ccccc5)=CC[C@]4(C)[C@H]3CC[C@]12C)N(C)C,5.2800
CN(C)Cc1ccc(CSCCNC(=NC#N)NCCSCc2ccc(CN(C)C)o2)o1,6.5376
C/C(=C\C(=O)N(C)[C@H]1CC[C@@]2(C)[C@@H](CC[C@@H]3[C@@H]2CC[C@]2(C)C([C@H](C)N(C)C)=CC[C@@H]32)C1)C(C)C,5.2100
CN(C)Cc1ccc(CSCCCCCSCc2ccc(CN(C)C)o2)o1,6.0458
CN(C)Cc1ccc(CSCCNc2cc(NCCSCc3ccc(CN(C)C)o3)c([N+](=O)[O-])cc2[N+](=O)[O-])o1,7.5528
CN[C@H]1CC[C@@]2(C)[C@@H](CC[C@@H]3[C@@H]2CC[C@]2(C)C([C@H](C)N(C)C)=CC[C@@H]32)C1,4.6900
CN[C@H]1CC[C@@]2(C)C(CC[C@H]3[C@@H]4CC[C@H]([C@H](C)N(C)C)[C@@]4(C)CC[C@@H]32)C1,5.2100
C/C=C(\C)C(=O)N[C@H]1C(OC(C)=O)C[C@@]2(C)C(CC[C@H]3C4CC=C([C@H](C)N(C)C)[C@@]4(C)CC[C@@H]32)[C@H]1OC(C)=O,4.3000
CN(C)Cc1ccc(CSCCCSCc2ccc(CN(C)C)o2)o1,6.4815
C[C@@H]([C@H]1CC[C@H]2[C@@H]3CC[C@H]4C[C@@H](N(C)C(=O)/C=C/c5ccccc5)CC[C@]4(C)[C@H]3CC[C@]12C)N(C)C,4.7100
CN(C)Cc1ccc(CSCCCCCCCCCCSCc2ccc(CN(C)C)o2)o1,5.8861
C/C(=C\C(=O)N(C)[C@H]1CC[C@@]2(C)[C@@H](CC[C@@H]3[C@@H]2CC[C@]2(C)[C@@H]([C@H](C)N(C)C)CC[C@@H]32)C1)C(C)C,5.1900
C/C=C(\C)C(=O)N[C@@H]1[C@H](O)C2CC[C@H]3C4=CC[C@H]([C@H](C)N(C)C)[C@@]4(C)CC[C@@H]3[C@@]2(C)C[C@@H]1O,4.4800
CN(C)Cc1ccc(CSCCSCc2ccc(CN(C)C)o2)o1,6.3010
C[C@@H]([C@H]1CC[C@H]2[C@@H]3CC=C4C[C@@H](N(C)C)CC[C@]4(C)[C@H]3CC[C@]12C)N(C)C,4.4000
C/C=C(\C)C(=O)N[C@@H]1C=C2CC[C@H]3C4=CC[C@H]([C@H](C)N(C)C)[C@@]4(C)CC[C@@H]3[C@@]2(C)CC1,5.1100
CC(=O)N(C)[C@@H](C)[C@H]1CC[C@H]2[C@@H]3CC=C4C[C@@H](N(C)C)CC[C@]4(C)[C@H]3CC[C@]12C,4.7000
CO[C@H]1CC[C@@]2(C)C(=CC[C@@H]3[C@@H]2CC[C@]2(C)C([C@H](C)N(C)C=O)=CC[C@@H]32)C1,4.3100
C/C=C(\C)C(=O)N[C@H]1CC[C@@]2(C)C(=CC[C@H]3C4=CC[C@H]([C@H](C)N(C)C)[C@@]4(C)CC[C@@H]32)C1=O,5.2400
CC(=O)N[C@H]1CC[C@@]2(C)[C@@H](CC[C@@H]3[C@@H]2CC[C@]2(C)[C@@H]([C@H](C)N(C)C)CC[C@@H]32)C1,4.1600
CC(=O)N(C)[C@H]1CC[C@@]2(C)[C@@H](CC[C@@H]3[C@@H]2CC[C@]2(C)[C@@H]([C@H](C)N(C)C)CC[C@@H]32)C1,4.1500
CC(=O)N(C)[C@@H](C)[C@H]1CC[C@H]2[C@@H]3CC[C@H]4C[C@@H](N(C)C)CC[C@]4(C)[C@H]3CC[C@]12C,4.3000
CCCCCCNC(=O)Oc1ccc2c(c1)C1CCN(CC)C2C1,6.9031
CN(C)Cc1ccc(CSCc2ccc(CSCc3ccc(CN(C)C)o3)cc2)o1,6.5850
C/C=C(\C)C(=O)N[C@@H]1[C@H](OC(C)=O)[C@@H]2CC[C@@H]3[C@H](CC[C@]4(C)[C@@H]([C@H](C)N(C)C)CC[C@@H]34)[C@@]2(C)C[C@@H]1O,3.7400
C[C@H](NC=O)[C@H]1CC[C@H]2[C@@H]3CC[C@H]4C[C@@H](N(C)C)CC[C@]4(C)[C@H]3CC[C@]12C,5.1900
CCCCCCCNC(=O)Oc1ccc2c(c1)C1(C)CCN(CC)C2C1,6.7986
CN(C)Cc1ccc(CSCC/N=C/NCCSCc2ccc(CN(C)C)o2)o1.Cl,5.5229
CCCCCCNC(=O)Oc1ccc2c(c1)C1CCN(C)C2C1,7.1427
CO[C@@H]1CC2=CC[C@@H]3[C@H](CC[C@]4(C)C([C@H](C)N(C)C)=CC[C@@H]34)[C@@]2(C)C[C@@H]1O,3.6000
CO[C@H]1CC[C@@]2(C)C(=CC[C@H]3[C@@H]4CC[C@H]([C@H](C)N(C)C)[C@@]4(C)CC[C@@H]32)C1,4.3700
CN(CCCNc1c2c(nc3ccccc13)CCCC2)CCCNc1c2c(nc3ccccc13)CCCC2,9.3952
CNC(=O)Oc1ccc2c(c1)[C@]1(C)CCOC1N2C,7.5686
CCNC(=O)Oc1ccc2c(c1)[C@]1(C)CCOC1N2C,7.0862
Cc1ccccc1NC(=O)Oc1ccc2c(c1)[C@]1(C)CCOC1N2C,7.8861
CC(C)c1ccc(NC(=O)Oc2ccc3c(c2)[C@]2(C)CCOC2N3C)cc1,5.4134
CCNC(=O)Oc1ccc2c(c1)[C@]1(C)CCN(C)C1N2C,7.0269
CCNC(=O)Oc1ccc2c(c1)C1(C)CCOC1O2,6.4437
Cc1ccccc1NC(=O)Oc1ccc2c(c1)C1(C)CCOC1O2,7.6383
CC(C)c1ccc(NC(=O)Oc2ccc3c(c2)C2(C)CCOC2O3)cc1,5.5768
CCNC(=O)Oc1ccc2c(c1)C1(C)COC(C1)O2,6.0809
Cc1ccccc1NC(=O)Oc1ccc2c(c1)C1(C)COC(C1)O2,7.2518
CC(C)c1ccc(NC(=O)Oc2ccc3c(c2)C2(C)COC(C2)O3)cc1,5.3665
CCc1ccccc1NC(=O)Oc1ccc2c(c1)[C@]1(C)CC[N+](C)([O-])[C@@H]1N2C.Cl,6.9031
CC[N+](C)(CC)CCC[n+]1c(-c2ccccc2)c2cc(N)ccc2c2ccc(N)cc21.[I-].[I-],4.4915
Nc1ccc2c(c1)c(-c1ccccc1)[n+](CCCNCCCNCCCNc1c3c(nc4ccccc14)CCCC3)c1cc(N)ccc21,8.8097
COc1ccccc1CN(C)CCCN(C)CCCNCCC[n+]1c(-c2ccccc2)c2cc(N)ccc2c2ccc(N)cc21,6.0350
CCC1=CC2Cc3nc4ccccc4c(NCCCCCCCCNc4c5c(nc6ccccc46)CCCC5)c3C(C1)C2.Cl.Cl,9.0862
COc1ccc(-c2cc3c(c(=O)o2)C[C@@]2(O)[C@@]4(C)CCC(=O)OC(C)(C)[C@@]4(O)CC[C@@]2(C)O3)cc1,5.6202
COc1ccc(-c2cc3c(c(=O)o2)C[C@@]2(O)[C@@]4(C)C(=O)[C@@]5(OC)C(=O)O[C@]4(CC[C@@]2(C)O3)C5(C)C)cc1,6.6383
COc1ccc(-c2cc3c(c(=O)o2)C[C@@]2(O)[C@@]4(C)C=CC(=O)C(C)(C)[C@@]4(O)CC[C@@]2(C)O3)cc1,7.0458
COc1ccc(-c2cc3c(c(=O)o2)C[C@@]2(O)[C@@]4(C)CCC(=O)C(C)(C)[C@@]4(O)CC[C@@]2(C)O3)cc1,7.2218
COC1=CC(=O)[C@]2(C)[C@]3(O)Cc4c(cc(-c5cc(OC)c(OC)c(OC)c5)oc4=O)O[C@]3(C)CC[C@]2(O)C1(C)C,6.3768
CCCCNC(=O)OCCO,5.8239
CCCCNC(=O)OCCCCCO,5.8539
CCCCNC(=O)OCCCCCCCCO,6.4437
CCCCNC(=O)OCCCCCCCCCCO,6.6990
CCCCNC(=O)OCCCCCCCCCCCCO,6.5229
CCCCNC(=O)OCCCCCCCCCCCCCCO,6.6990
CCCCNC(=O)OCCCCCCCCCCCCCCCCO,6.8861
CCCCNC(=O)OCCOC(=O)NCCCC,6.4437
CCCCNC(=O)OCCCCCOC(=O)NCCCC,6.6021
CCCCNC(=O)OCCCCCCCCOC(=O)NCCCC,6.8239
CCCCNC(=O)OCCCCCCCCCCOC(=O)NCCCC,6.7959
CCCCNC(=O)OCCCCCCCCCCCCOC(=O)NCCCC,6.7959
CCCCNC(=O)OCCCCCCCCCCCCCCOC(=O)NCCCC,6.7959
CCCCNC(=O)OCCCCCCCCCCCCCCCCOC(=O)NCCCC,6.7696
NC1=C2CCCCC2=NC2CCCCC12,6.4400
Nc1c2c(nc3cccc(F)c13)C1CC(C2)C1,7.5400
Nc1c2c(nc3ccc(O)cc13)CCCC2,6.7900
CCC1=CC2Cc3nc4cc(Cl)ccc4c(N)c3C(C1)C2,9.4900
C=C1c2ccccc2N=C2CCCCCN12,5.4300
C=C1c2cccc(Cl)c2N=C2CCCCCN12,5.8200
C=C1c2ccc(Cl)cc2N=C2CCCCCN12,6.8000
C=C1c2cc(Cl)ccc2N=C2CCCCCN12,6.3000
C=C1c2c(Cl)cccc2N=C2CCCCCN12,5.7700
COc1cc2onc(CCC3CCN(Cc4ccccc4)CC3)c2cc1C,8.2383
CN1C(=O)Cc2cc3onc(CCC4CCN(Cc5ccccc5)CC4)c3cc21,9.3194
COc1cc2c(cc1OC)C(=O)C(C1CC[N+](C)(Cc3ccccc3)CC1)=C2,6.6010
COc1cc2cc(C(=O)C3CCC[N+](C)(Cc4ccccc4)CC3)sc2cc1OC,8.0985
COc1cc2cc(C(=O)C3CC[N+](C)(Cc4ccccc4)CCC3O)sc2cc1OC,7.3683
COc1cc2cc(C(=O)CC3CCC(O)C[N+](C)(Cc4ccccc4)CC3)sc2cc1OC,6.4201
COc1cc2cc(C(=O)CC3CCCC[N+](C)(Cc4ccccc4)CC3)sc2cc1OC,6.9593
COc1cc2cc(C(=O)C3CC[N+](C)(Cc4ccccc4)CCC3OC)sc2cc1OC,6.9204
COc1cc2cc(C(=O)C3=CC[N+](C)(Cc4ccccc4)CC3)sc2cc1OC,6.2820
COc1cc2cc(C3CC[N+](C)(Cc4ccccc4)CC3O)sc2cc1OC,4.7091
COc1cc2cc(C3=CC[N+](C)(Cc4ccccc4)CC3)sc2cc1OC,5.5717
COCC[N+]1(C)CCCC(C(=O)c2cc3cc(OC)c(OC)cc3s2)CC1,7.2779
COc1cc2cc(C(=O)C3CCC[N+](C)(Cc4ccc([N+](=O)[O-])o4)CC3)sc2cc1OC.[I-],7.4924
COc1cc2cc(C(=O)C3CCC[N+](C)(CC4CCCCO4)CC3)sc2cc1OC,7.5515
COc1cc2cc(C(=O)C3CCC[N+](C)(CC(=O)OC(C)(C)C)CC3)sc2cc1OC,7.1012
COc1cc2cc(C(=O)C3CCC[N+](C)(CCOc4ccccc4)CC3)sc2cc1OC,6.4095
COc1cc2cc(C(=O)C3CCC[N+](C)(CC#N)CC3)sc2cc1OC,6.0000
COc1cc2c(cc1OC)SC(C(=O)CCc1cc[n+](C)cc1)C2,6.0479
CC[n+]1ccc(CCC(=O)C2Cc3cc(OC)c(OC)cc3S2)cc1,6.5514
C=CC[n+]1ccc(CCC(=O)C2Cc3cc(OC)c(OC)cc3S2)cc1,7.4314
COc1cc2c(cc1OC)SC(C(=O)CCc1cc[n+](CC3CC3)cc1)C2,6.9593
COc1cc2c(cc1OC)SC(C(=O)CCc1cc[n+](CC3CCC3)cc1)C2,7.3990
CCOCC[n+]1ccc(CCC(=O)C2Cc3cc(OC)c(OC)cc3S2)cc1,8.1525
COc1cc2c(cc1OC)SC(C(=O)CCc1cc[n+](Cc3ccc(F)cc3)cc1)C2,8.5875
COC(=O)c1ccc(C[n+]2ccc(CCC(=O)C3Cc4cc(OC)c(OC)cc4S3)cc2)cc1,6.0000
COc1cc2c(cc1OC)SC(C(=O)CCc1cc[n+](Cc3ccsc3)cc1)C2,8.2209
COc1cc2c(cc1OC)SC(C(=O)CCc1cc[n+](Cc3coc([N+](=O)[O-])c3)cc1)C2.[I-],8.3484
C=[N+]1N=C(CCC2CCN(Cc3ccccc3)CC2)c2ccccc21,6.4693
O=C1Cc2cc3c(CCC4CCN(Cc5ccccc5)CC4)noc3cc2N1,9.4808
COc1cc2c(cc1OC)SC(C(=O)CC(O)C1CC[N+](C)(Cc3ccccc3)CC1)C2,6.7206
COc1cc2c(cc1OC)SC(C(=O)CC1(O)CC[N+](C)(Cc3ccccc3)CC1)C2,7.0479
COc1cc2c(cc1OC)SC(C(=O)CC1C=CC[N+](C)(Cc3ccccc3)CC1)C2,6.1225
COc1cc2c(cc1OC)SC(CC1CC[N+](C)(Cc3ccccc3)CC1)C2,4.5214
COC(=O)C[N+]1(C)CCC(CCC(=O)C2Cc3cc(OC)c(OC)cc3S2)CC1,7.2688
CCC[n+]1ccc(CCC(=O)C2Cc3cc(OC)c(OC)cc3S2)cc1,5.5900
COCC[n+]1ccc(CCC(=O)C2Cc3cc(OC)c(OC)cc3S2)cc1,7.5214
COc1cc2c(cc1OC)SC(C(=O)CCc1cc[n+](Cc3ccccc3)cc1)C2,8.3386
O=C(CCc1cc[n+](Cc2ccccc2)cc1)c1ccc2c(c1)OCO2,6.6199
CNC(=O)Oc1cccc(C(C)N(C)C)c1.Cl,7.0000
CNC(=O)Oc1cccc2c1OCC1CCN(C)C21,7.5229
CNC(=O)Oc1cccc2c1CCC1CCN(C)C21,7.7620
CNC(=O)Oc1cccc2c1SCC1CCN(C)C21,8.0910
CC(NC(=O)Oc1cccc2c1OCC1CCN(C)C21)c1ccccc1,5.7282
CCCCCCCNC(=O)Oc1cccc2c1OCC1CCN(C)C21,7.6925
CCNC(=O)Oc1cccc2c1OCC1CCN(C)C21,6.3768
CCNC(=O)Oc1cccc2c1CCC1CCN(C)C21,6.4056
CNC(=O)Oc1cccc(CN(C)CCCCCCCOc2ccc3c(=O)c4ccccc4oc3c2)c1,9.4949
CNC(=O)Oc1cccc(CN(C)CCCOc2ccc3c(c2)O/C(=C\c2cc(OC)c(OC)c(OC)c2)C3=O)c1,5.5243
CNC(=O)Oc1cccc(CN(C)CCCOc2ccc3c(c2)O/C(=C\c2cccc4ccccc24)C3=O)c1,6.6637
CNC(=O)Oc1cccc(CN(C)CCCOc2ccc3c(c2)O/C(=C\c2ccc4ccccc4c2)C3=O)c1,6.9672
CNC(=O)Oc1cccc(CN(C)CCCCCCCOc2ccc3c(c2)O/C(=C\c2cc(OC)c(OC)c(OC)c2)C3=O)c1,6.2840
CNC(=O)Oc1cccc(CN(C)CCCCCCCOc2ccc3c(c2)O/C(=C\c2cccc4ccccc24)C3=O)c1,5.5591
CCC(=O)Oc1cccc(CN(C)CCCCCCCOc2ccc3c(c2)O/C(=C\c2ccc4ccccc4c2)C3=O)c1,5.6799
CNC(=O)Oc1cccc(CN(C)CCCCCCCOc2ccc3c(c2)O/C(=C\c2c4ccccc4cc4ccccc24)C3=O)c1,5.6018
CNC(=O)Oc1cccc(CN(C)CCCCCCCOc2ccc3c(c2)O/C(=C\c2ccccc2)C3=O)c1,7.2100
CNC(=O)Oc1cccc(CN(C)CCCCCCCOc2ccc3c(c2)O/C(=C\c2ccc(Cl)c(Cl)c2)C3=O)c1,8.0969
CNC(=O)Oc1cccc(CN(C)CCCCCCCOc2ccc3c(c2)O/C(=C\c2cc(Cl)cc(Cl)c2)C3=O)c1,5.8507
CNC(=O)Oc1cccc(CN(C)CCCCCCCOc2ccc3c(c2)C/C(=C\c2cc(OC)c(OC)c(OC)c2)C3=O)c1,7.2447
CNC(=O)Oc1cccc(CN(C)CCCCCCCOc2ccc3c(c2)OC/C(=C\c2cc(OC)c(OC)c(OC)c2)C3=O)c1,5.0083
CNC(=O)Oc1cccc(CN(C)CCCCCCCOc2ccc3c(c2)CC/C(=C\c2cc(OC)c(OC)c(OC)c2)C3=O)c1,5.3063
CN(CCCCCCCOc1ccc2c(c1)O/C(=C\c1cccc3ccccc13)C2=O)Cc1cccc(O)c1,1.3045
CNC(=O)Oc1cccc(CN(C)CCCCCCCOc2ccc3c(c2)OCC3=O)c1,5.7932
O=C1C=CC(=O)C=C1,6.0200
O=C1C(=O)C(Cl)=C(Cl)C(Cl)=C1Cl,5.7773
O=C1C(Cl)=C(Cl)C(=O)C(Cl)=C1Cl,6.7878
CCN(CC)CCCN1CC(=O)N(C2CC2)CC1=O,4.6990
CCN(CC)CCN1CC(=O)N(CCc2ccccc2)CC1=O,4.6990
CC(C)N(CCN1CC(=O)N(CCc2ccc(Cl)cc2Cl)CC1=O)C(C)C,4.6990
COc1ccc(CCN2CC(=O)N(CCc3ccccn3)CC2=O)cc1OC,4.6990
O=C1CN(CCN2CCCC2)C(=O)CN1CCCn1ccnc1,4.6990
CC1CCCCN1CCCN1CC(=O)N(CCc2ccc(F)cc2)CC1=O,4.6990
O=C1CN(CCN2CCOCC2)C(=O)CN1CCC(c1ccccc1)c1ccccc1,4.6990
c1ccc2c(NCCCCCCCNc3c4c(nc5ccccc35)CCCC4)c3c(nc2c1)CCCC3,9.0915
Cc1c(Cl)nc2ccccc2c1C(=O)NCCCCCCCNc1c2c(nc3ccccc13)CCCC2,8.5229
Cc1c(N2CCN(C)CC2)nc2ccccc2c1C(=O)NCCCCCCCNc1c2c(nc3ccccc13)CCCC2,8.3872
O=C(CCCCC1CCSS1)NCCNc1c2c(nc3ccccc13)CCCC2,7.0132
O=C(CCCCC1CCSS1)NCCCNc1c2c(nc3ccccc13)CCCC2,8.1574
O=C(CCCCC1CCSS1)NCCCCNc1c2c(nc3ccccc13)CCCC2,7.4535
O=C(CCCCC1CCSS1)NCCCCCNc1c2c(nc3ccccc13)CCCC2,7.4157
O=C(CCCCC1CCSS1)NCCCCCCNc1c2c(nc3ccccc13)CCCC2,7.5214
O=C(CCCCC1CCSS1)NCCCCCCCNc1c2c(nc3ccccc13)CCCC2,7.4855
O=C(CCCCC1CCSS1)NCCCNc1c2c(nc3cc(Cl)ccc13)CCCC2,9.5969
Nc1c2c(nc3cc(Cl)ccc13)CC(CNC(=O)CCCCC1CCSS1)CC2,5.9626
NCCCNc1c2c(nc3cc(Cl)ccc13)CCCC2,7.6676
CC1=CC2Cc3nc4cc(Cl)ccc4c(NCCCCCCNc4c5c(nc6ccccc46)CCCC5)c3C(C1)C2.Cl.Cl,9.3010
CC1=CC2Cc3nc4cc(Cl)ccc4c(NCCCCCCCNc4c5c(nc6ccccc46)CCCC5)c3C(C1)C2.Cl.Cl,9.4685
CC1=CC2Cc3nc4cc(Cl)ccc4c(NCCCCCCCCNc4c5c(nc6ccccc46)CCCC5)c3C(C1)C2.Cl.Cl,9.4815
CC1=C[C@@H]2Cc3nc4cc(Cl)ccc4c(NCCCN(C)CCCCNc4c5c(nc6ccccc46)CCCC5)c3[C@H](C1)C2.Cl.Cl.Cl,9.4949
CC1=CC2Cc3nc4cc(Cl)ccc4c(NCCCCCCNc4c5c(nc6cc(Cl)ccc46)CCCC5)c3C(C1)C2.Cl.Cl,9.3468
CC1=CC2Cc3nc4cc(Cl)ccc4c(NCCCCCCCNc4c5c(nc6cc(Cl)ccc46)CCCC5)c3C(C1)C2.Cl.Cl,9.4815
CC1=CC2Cc3nc4cc(Cl)ccc4c(NCCCCCCCCNc4c5c(nc6cc(Cl)ccc46)CCCC5)c3C(C1)C2.Cl.Cl,9.3979
CC1=C[C@@H]2Cc3nc4cc(Cl)ccc4c(NCCCN(C)CCCCNc4c5c(nc6cc(Cl)ccc46)CCCC5)c3[C@H](C1)C2.Cl.Cl.Cl,9.5376
CC1=CC2Cc3nc4cc(Cl)ccc4c(N)c3C(C1)C2.Cl,9.1079
COc1cc2ccnc3c2c(c1OC)COC3=O,4.7077
C=CCC1(O)OCc2c(OC)c(OC)cc3ccnc1c23,3.7595
C=CCC1(OC)OCc2c(OC)c(OC)cc3ccnc1c23,4.0000
COc1cc2ccnc3c2c(c1OC)COC3(CC(O)CO)OC,4.0177
COc1cc2ccnc3c2c(c1OC)COC3(CCCO)OC,3.8633
COc1cc2ccnc3c2c(c1OC)COC3(O)CC(O)CO,3.9626
COc1cc2ccnc3c2c(c1OC)C(Br)OC3=O,4.3372
COc1cc2cc[n+](C)c3c2c(c1OC)C(Br)OC3=O,3.9788
COc1ccc2c3c1O[C@H]1C[C@@H](O)C=C[C@@]31CCNC2,5.4590
CN[C@@H](CCOc1ccc([N+](=O)[O-])cc1)c1ccc(OC(=O)N(C)C)cc1,6.9957
CN(C)C(=O)Oc1ccc2c(c1)C=CCN(C)[C@@H]2CCOc1ccc([N+](=O)[O-])cc1,7.8539
O=C(CCCCCCNc1c2c(nc3ccccc13)CCCC2)NCCc1c[nH]c2ccccc12,9.3010
O=C(CCCCCNc1c2c(nc3ccccc13)CCCC2)NCCc1c[nH]c2ccc(O)cc12,9.3468
COc1ccc2[nH]cc(CCNC(=O)CCCCCCNc3c4c(nc5cc(Cl)cc(Cl)c35)CCCC4)c2c1,10.3979
COc1ccc2[nH]cc(CCNC(=O)CCCCCCNc3c4c(nc5ccccc35)CCCC4)c2c1,9.1871
O=C(CCCCCCNc1c2c(nc3cc(Cl)cc(Cl)c13)CCCC2)NCCc1c[nH]c2ccccc12,11.0969
O=C(CCCCCNc1c2c(nc3cccc(Cl)c13)CCCC2)NCCc1c[nH]c2ccccc12,9.0605
O=C(CCCCCCNc1c2c(nc3cc(Cl)ccc13)CCCC2)NCCc1c[nH]c2ccccc12,10.0000
CCNC(=O)Oc1ccc2c(c1)[C@]1(C)CCO[C@@H]1O2,7.2218
CC(C)c1ccc(NC(=O)Oc2ccc3c(c2)[C@]2(C)CCO[C@@H]2N3C)cc1,5.4134
Cc1ccccc1NC(=O)Oc1ccc2c(c1)[C@@]1(C)CCO[C@H]1N2C,6.8477
Cc1ccccc1NC(=O)Oc1ccc2c(c1)[C@]1(C)CCO[C@@H]1N2C,7.8861
CCNC(=O)Oc1ccc2c(c1)[C@]1(C)CCO[C@@H]1N2C,7.0862
CNC(=O)Oc1ccc2c(c1)[C@@]1(C)CCO[C@H]1N2C,7.2518
CNC(=O)Oc1ccc2c(c1)[C@]1(C)CCO[C@@H]1N2C,7.9833
Cc1ccccc1NC(=O)Oc1ccc2c(c1)[C@@]1(C)CCN(C)[C@H]1N2C,5.2588
CCNC(=O)Oc1ccc2c(c1)[C@]1(C)CCN(C)[C@@H]1N2C,7.0269
CNC(=O)Oc1ccc2c(c1)[C@@]1(C)CCN(C)[C@H]1N2C,5.0048
CC(C)c1ccc(NC(=O)Oc2ccc3c(c2)[C@]2(C)CO[C@@H](C2)O3)cc1,5.4647
Cc1ccccc1NC(=O)Oc1ccc2c(c1)[C@]1(C)CO[C@@H](C1)O2,7.0132
Cc1ccccc1NC(=O)Oc1ccc2c(c1)[C@@]1(C)CO[C@H](C1)O2,7.4202
CCNC(=O)Oc1ccc2c(c1)[C@]1(C)CO[C@@H](C1)O2,5.6162
CCNC(=O)Oc1ccc2c(c1)[C@@]1(C)CO[C@H](C1)O2,6.2147
CC(C)c1ccc(NC(=O)Oc2ccc3c(c2)[C@@]2(C)CCO[C@H]2O3)cc1,5.1739
Cc1ccccc1NC(=O)Oc1ccc2c(c1)[C@@]1(C)CCO[C@H]1O2,7.4437
Cc1ccccc1NC(=O)Oc1ccc2c(c1)[C@]1(C)CCO[C@@H]1O2,7.6686
CCNC(=O)Oc1ccc2c(c1)[C@@]1(C)CCO[C@H]1O2,6.3134
CC(C)NP(=O)(NC(C)C)OP(=O)(NC(C)C)NC(C)C,3.4685
C=CC[N+](C)(C)c1ccc(CCC(=O)CCc2ccc([N+](C)(C)CC=C)cc2)cc1.[Br-].[Br-],7.5229
COc1ccc(CC2=[N+](C)CCc3cc(OC)c(OC)cc32)cc1OC,5.2596
COc1ccc(Cc2nccc3cc(OC)c(OC)cc23)cc1OC,4.6139
COc1ccc(C(O)c2nccc3cc(OC)c(OC)cc23)cc1OC,4.9694
COc1cc2ccnc(C(O)c3ccccc3OC)c2cc1OC,5.1586
C/C=C1\C2C=C(C)C[C@]1(N)CC(NCCCCCCCNc1c3c(nc4ccccc14)CCCC3)C2(C)C,7.7825
C/C=C1\C2C=C(C)C[C@]1(C(=O)OC)CC(NCCCCCCCNc1c3c(nc4ccccc14)CCCC3)C2,8.1938
C/C=C1\C2C=C(C)C[C@]1(N)CC(NCCCCCCCNc1c3c(nc4ccccc14)CCCC3)C2,7.8041
CN(C)C(=O)Oc1cccc([N+](C)(C)C)c1.COS(=O)(=O)[O-],7.3757
N#Cc1ccccc1-c1ccc(CN2CCN(C(c3ccc(F)cc3)c3ccc(F)cc3)CC2)cc1,7.1331
COc1cc(Br)c(CN2CCN(C(c3ccc(F)cc3)c3ccc(F)cc3)CC2)cc1OC,5.9944
Cc1cc2c(cc1CN1CCN(C(c3ccc(F)cc3)c3ccc(F)cc3)CC1)OCO2,5.8723
CC1=C(CCN2CCN(C(c3ccc(F)cc3)c3ccc(F)cc3)CC2)C(=O)C2CCCCC2=N1,5.9695
Cc1nc2ccccn2c(=O)c1CCN1CCN(C(c2ccc(F)cc2)c2ccc(F)cc2)CC1,5.4943
Fc1ccc(C(c2ccc(F)cc2)N2CCN(CCN3CCCC3)CC2)cc1,7.6778
Fc1ccc(C(c2ccc(F)cc2)N2CCN(CCN3CCCCC3)CC2)cc1,6.8986
Fc1ccc(C(c2ccc(F)cc2)N2CCN(CCN3CCOCC3)CC2)cc1,6.5464
CC1=CC2Cc3nc4cc(Cl)ccc4c(N)c3C(C1)C2NC=O,7.0088
CC1=CC2Cc3nc4cc(Cl)ccc4c(N)c3C(C1)C2N,6.6478
CC1=CC2Cc3nc4cc(Cl)ccc4c(N)c3C(C1)C2NS(C)(=O)=O,7.3925
COc1cc(C(=O)NNc2c3c(nc4ccccc24)CCCC3)cc(OC)c1OC,6.4134
COc1cc(CCC(=O)NCCCCCC(=O)NNc2c3c(nc4ccccc24)CCCC3)cc(OC)c1OC,8.0762
COc1cc(CCC(=O)NCCCCC(=O)NNc2c3c(nc4ccccc24)CCCC3)cc(OC)c1OC,7.2291
COc1cc(CCC(=O)NCCCC(=O)NNc2c3c(nc4ccccc24)CCCC3)cc(OC)c1OC,7.1421
COc1cc(CCC(=O)NCCC(=O)NNc2c3c(nc4ccccc24)CCCC3)cc(OC)c1OC,6.8697
COc1cc(CCC(=O)NCC(=O)NNc2c3c(nc4ccccc24)CCCC3)cc(OC)c1OC,7.3904
COc1cc(CCC(=O)NNc2c3c(nc4ccccc24)CCCC3)cc(OC)c1OC,6.4377
COc1cc(C(=O)NCCCCCCCCC(=O)NNc2c3c(cc4ccccc24)CCCC3)cc(OC)c1OC,8.2941
COc1cc(C(=O)NCCCCCCCC(=O)NNc2c3c(nc4ccccc24)CCCC3)cc(OC)c1OC,8.2807
COc1cc(C(=O)NCCCCCCC(=O)NNc2c3c(nc4ccccc24)CCCC3)cc(OC)c1OC,8.2480
COc1cc(C(=O)NCCCCCC(=O)NNc2c3c(nc4ccccc24)CCCC3)cc(OC)c1OC,7.7399
COc1cc(C(=O)NCCCCC(=O)NNc2c3c(nc4ccccc24)CCCC3)cc(OC)c1OC,7.7696
COc1cc(C(=O)NCCCC(=O)NNc2c3c(nc4ccccc24)CCCC3)cc(OC)c1OC,6.6180
COc1cc(C(=O)NCCC(=O)NNc2c3c(nc4ccccc24)CCCC3)cc(OC)c1OC,7.0496
COc1cc(C(=O)NCC(=O)NNc2c3c(nc4ccccc24)CCCC3)cc(OC)c1OC,7.2874
CCOC(=O)C1=C(C)Nc2nc3c(c(N)c2C1c1ccc(OC)cc1)CCCC3,6.9788
CCOC(=O)C1=C(C)Nc2nc3c(c(N)c2C1c1cccc(OC)c1)CCCC3,7.2366
CCOC(=O)C1=C(C)Nc2nc3c(c(N)c2C1c1ccccc1OC)CCCC3,6.6308
CCOC(=O)C1=C(C)Nc2nc3c(c(N)c2C1c1ccc(C)cc1)CCCC3,6.7721
CCOC(=O)C1=C(C)Nc2nc3c(c(N)c2C1c1ccc([N+](=O)[O-])cc1)CCCC3,6.5100
CCOC(=O)C1=C(C)Nc2nc3c(c(N)c2C1c1cccc([N+](=O)[O-])c1)CCCC3,6.7190
CCOC(=O)C1=C(C)Nc2nc3c(c(N)c2C1c1ccccc1[N+](=O)[O-])CCCC3,6.4711
CCOC(=O)C1=C(C)Nc2nc3c(c(N)c2C1c1ccc(F)cc1)CCCC3,6.7144
CCOC(=O)C1=C(C)Nc2nc3c(c(N)c2C1c1ccccc1)CCCC3,6.9136
Cc1c2c(cc[n+]1C)c1cc(O)ccc1n2C,5.7216
Cc1c2[nH]c3ccc(O)cc3c2cc[n+]1C,6.0035
Cn1c2ccc(O)cc2c2cc[n+](C)cc21,5.7424
C[n+]1ccc2c(c1)[nH]c1ccc(O)cc12,5.3769
COc1ccc2[nH]c3c(C)[n+](C)ccc3c2c1,6.1095
COc1ccc2c(c1)c1cc[n+](C)cc1n2C,5.8705
COc1ccc2[nH]c3c[n+](C)ccc3c2c1,5.6568
COc1ccc2c(c1)c1ccnc(C)c1n2C,4.9286
O=C1C(=O)N(Cc2ccc(Cl)c(Cl)c2)c2ccccc21,4.3170
O=C1C(=O)N(Cc2ccc(Cc3ccc(CN4C(=O)C(=O)c5ccccc54)cc3)cc2)c2ccccc21,5.4841
COc1cc2ccc(=O)oc2cc1O,3.7731
COc1ccccc1CNCCCCCCNCCCCCCCCNCCCCCCNCc1ccccc1OC.Cl.Cl.Cl.Cl,5.2700
CCN(CCCCCCNc1ccc(CCc2ccc(NCCCCCCN(CC)Cc3ccccc3OC)cc2)cc1)Cc1ccccc1OC,4.5100
CCN(CCCCCCNc1ccc(Cc2ccc(NCCCCCCN(CC)Cc3ccccc3OC)cc2)cc1)Cc1ccccc1OC,5.9700
CCN(CCCCCCNc1ccc(-c2ccc(NCCCCCCN(CC)Cc3ccccc3OC)cc2)cc1)Cc1ccccc1OC,5.5800
CC[N+](C)(CCCCCC(=O)Nc1ccc(CCc2ccc(NC(=O)CCCCC[N+](C)(CC)Cc3ccccc3OC)cc2)cc1)Cc1ccccc1OC.[I-].[I-],6.9200
CC[N+](C)(CCCCCC(=O)N1CCC(CCCC2CCN(C(=O)CCCCC[N+](C)(CC)Cc3ccccc3OC)CC2)CC1)Cc1ccccc1OC.[I-].[I-],8.2400
CC[N+](C)(CCCCCC(=O)N1CCC(CCC2CCN(C(=O)CCCCC[N+](C)(CC)Cc3ccccc3OC)CC2)CC1)Cc1ccccc1OC.[I-].[I-],8.2400
CCN(CCCCCC(=O)Nc1ccc(CCc2ccc(NC(=O)CCCCCN(CC)Cc3ccccc3OC)cc2)cc1)Cc1ccccc1OC.O=C(O)C(=O)O,6.7700
CCN(CCCCCC(=O)Nc1ccc(Cc2ccc(NC(=O)CCCCCN(CC)Cc3ccccc3OC)cc2)cc1)Cc1ccccc1OC.O=C(O)C(=O)O,7.2000
CCN(CCCCCC(=O)Nc1ccc(-c2ccc(NC(=O)CCCCCN(CC)Cc3ccccc3OC)cc2)cc1)Cc1ccccc1OC.O=C(O)C(=O)O,7.4400
CCN(CCCCCC(=O)N1CCC(CCCC2CCN(C(=O)CCCCCN(CC)Cc3ccccc3OC)CC2)CC1)Cc1ccccc1OC.O=C(O)C(=O)O,8.1800
CCN(CCCCCC(=O)N1CCC(CCC2CCN(C(=O)CCCCCN(CC)Cc3ccccc3OC)CC2)CC1)Cc1ccccc1OC.O=C(O)C(=O)O,8.1300
CCN(CCCCCC(=O)N1CCC(CC2CCN(C(=O)CCCCCN(CC)Cc3ccccc3OC)CC2)CC1)Cc1ccccc1OC.O=C(O)C(=O)O,8.4800
CCN(CCCCCC(=O)N1CCC(C2CCN(C(=O)CCCCCN(CC)Cc3ccccc3OC)CC2)CC1)Cc1ccccc1OC.O=C(O)C(=O)O,8.3632
CCN(CCCCCC(=O)N(C)CCCCCCCCN(C)C(=O)CCCCCN(CC)Cc1ccccc1OC)Cc1ccccc1OC.O=C(O)C(=O)O,7.8218
COc1ccccc1CN(C)CCCCCC(=O)N(C)CCCCCCCCN(C)C(=O)CCCCCN(C)Cc1ccccc1OC.O=C(O)C(=O)O,6.8765
O=C(CCc1c[nH]c2ccccc12)NCCCCCCNc1c2c(nc3cc(Cl)ccc13)CCCC2,10.1549
O=C(CCc1c[nH]c2ccccc12)NCCCCCCCNc1c2c(nc3cc(Cl)ccc13)CCCC2,10.2218
O=C(Cc1c[nH]c2ccccc12)NCCCCCCCNc1c2c(nc3cc(Cl)ccc13)CCCC2,9.8099
O=C(Cc1c[nH]c2ccc(Br)cc12)NCCCCCCCNc1c2c(nc3cc(Cl)ccc13)CCCC2,9.4301
O=C(CCCc1c[nH]c2ccccc12)NCCCCCNc1c2c(nc3cc(Cl)ccc13)CCCC2,9.7045
CN(CCCOc1ccc2c(=O)c3ccccc3oc2c1)Cc1ccccc1,5.5719
CCN(CCCCCCCOc1ccc2c(=O)c3ccccc3oc2c1)Cc1ccccc1OC,5.5017
COc1ccc(CN(C)CCCCCCCOc2ccc3c(=O)c4ccccc4oc3c2)c(OC)c1OC,3.8097
COc1ccc(OC)c(CN(C)CCCCCCCOc2ccc3c(=O)c4ccccc4oc3c2)c1,3.8962
COc1cccc(CN(C)CCCCCCCOc2ccc3c(=O)c4ccccc4oc3c2)c1OC,3.8601
CN(CCCCCCCOc1ccc2c(=O)c3ccccc3oc2c1)Cc1ccccc1[N+](=O)[O-],3.3840
Cc1ccccc1CN(C)CCCCCCCOc1ccc2c(=O)c3ccccc3oc2c1,3.2480
CN(CCCCCCCOc1ccc2c(=O)c3ccccc3oc2c1)Cc1ccc(Cl)cc1,2.9788
CN(CCCCCCCOc1ccc2c(=O)c3ccccc3oc2c1)Cc1cccc(Cl)c1,3.2262
CN(CCCCCCCOc1ccc2c(=O)c3ccccc3oc2c1)Cc1ccccc1Cl,3.3635
COc1ccc(CN(C)CCCCCCCOc2ccc3c(=O)c4ccccc4oc3c2)cc1,3.4437
COc1cccc(CN(C)CCCCCCCOc2ccc3c(=O)c4ccccc4oc3c2)c1,4.3979
COc1ccccc1CN(C)CCCCCCCOc1ccc2c(=O)c3ccccc3oc2c1,5.6615
COc1ccccc1CN(C)CCCOc1ccc2c(=O)c3ccccc3oc2c1,5.4685
COc1cc2oc3cc(OCCCCCCCN(C)Cc4ccccc4)ccc3c(=O)c2cc1OC,5.6345
COc1ccc2c(=O)c3ccc(OCCCCCCCN(C)Cc4ccccc4)cc3oc2c1,5.1057
CN(CCCCCCCCCCCCOc1ccc2c(=O)c3ccccc3oc2c1)Cc1ccccc1,3.0419
CN(CCCCCCCCCCCOc1ccc2c(=O)c3ccccc3oc2c1)Cc1ccccc1,3.2034
CN(CCCCCCCCCCOc1ccc2c(=O)c3ccccc3oc2c1)Cc1ccccc1,3.4112
CN(CCCCCCCCCOc1ccc2c(=O)c3ccccc3oc2c1)Cc1ccccc1,3.8182
CN(CCCCCCCCOc1ccc2c(=O)c3ccccc3oc2c1)Cc1ccccc1,4.9872
CN(CCCCCCCOc1ccc2c(=O)c3ccccc3oc2c1)Cc1ccccc1,5.5498
CN(CCCCCCOc1ccc2c(=O)c3ccccc3oc2c1)Cc1ccccc1,5.5391
CN(CCCCCOc1ccc2c(=O)c3ccccc3oc2c1)Cc1ccccc1,5.1566
CN(CCCCOc1ccc2c(=O)c3ccccc3oc2c1)Cc1ccccc1,5.2041
C[C@H]1C=C2N3CC[C@@H](O)C24[C@H](CC(=O)[C@H]4C[C@H](O)C3)C1,4.5544
CC1=C[C@H]2[C@H](O)C(=O)[C@H]3CCCN4CCC[C@H]2[C@]34C1,4.7773
COc1cc2cc(-c3ccc(C[N+](C)(C)Cc4ccccc4)cc3)c(=O)oc2cc1OC.[I-],7.9788
COc1ccc2c(=O)cc(-c3ccc(CN(C)Cc4ccccc4)cc3)oc2c1,4.0942
COc1ccc2oc(-c3ccc(CN(C)Cc4ccccc4)cc3)cc(=O)c2c1,4.7423
COc1cc2oc(-c3ccc(CN(C)Cc4ccccc4)cc3)cc(=O)c2cc1OC,5.5086
COc1cc2oc(-c3cccc(CN(C)Cc4ccccc4)c3)cc(=O)c2cc1OC,5.6440
CCN(Cc1ccccc1)Cc1cccc(-c2coc3cc(OC)c(OC)cc3c2=O)c1,5.7986
COc1cc2occ(-c3cccc(CN(C)Cc4ccccc4)c3)c(=O)c2cc1OC,5.6946
COc1cc2occ(-c3ccc(CN(C)Cc4ccccc4)cc3)c(=O)c2cc1OC,5.9101
CN(Cc1ccccc1)Cc1ccc(-c2cc3cc(N)ccc3oc2=O)cc1,6.5513
CN(Cc1ccccc1)Cc1ccc(-c2cc3cc([N+](=O)[O-])ccc3oc2=O)cc1,6.8297
COc1cc2cc(-c3ccc(CN(CCO)Cc4ccccc4)cc3)c(=O)oc2cc1OC,7.6430
CCN(Cc1ccccc1)Cc1ccc(-c2cc3cc(OC)c(OC)cc3oc2=O)cc1,7.7411
COc1ccc(CN(C)Cc2ccc(-c3cc4cc(OC)c(OC)cc4oc3=O)cc2)cc1,5.6459
COc1cccc(CN(C)Cc2ccc(-c3cc4cc(OC)c(OC)cc4oc3=O)cc2)c1,6.1463
COc1ccccc1CN(C)Cc1ccc(-c2cc3cc(OC)c(OC)cc3oc2=O)cc1,7.2069
COc1cc2cc(-c3ccc(CN(C)Cc4ccc(C)cc4)cc3)c(=O)oc2cc1OC,6.5086
COc1cc2cc(-c3ccc(CN(C)Cc4cccc(C)c4)cc3)c(=O)oc2cc1OC,6.9136
COc1cc2cc(-c3ccc(CN(C)Cc4ccccc4C)cc3)c(=O)oc2cc1OC,6.4365
COc1cc2cc(-c3ccc(CN(C)Cc4ccc([N+](=O)[O-])cc4)cc3)c(=O)oc2cc1OC,4.6091
COc1cc2cc(-c3ccc(CN(C)Cc4cccc([N+](=O)[O-])c4)cc3)c(=O)oc2cc1OC,6.4342
COc1cc2cc(-c3ccc(CN(C)Cc4ccccc4[N+](=O)[O-])cc3)c(=O)oc2cc1OC,6.0057
COc1ccc2oc(=O)c(-c3ccc(CN(C)Cc4ccccc4)cc3)cc2c1,6.7878
COc1ccc2oc(=O)c(-c3cccc(CN(C)Cc4ccccc4)c3)cc2c1,6.5186
COc1ccc2cc(-c3ccc(CN(C)Cc4ccccc4)cc3)c(=O)oc2c1,6.0496
COc1ccc2cc(-c3cccc(CN(C)Cc4ccccc4)c3)c(=O)oc2c1,5.6402
COc1cc2cc(-c3cccc(CN(C)Cc4ccccc4)c3)c(=O)oc2cc1OC,6.6946
COc1cc2oc3cc(CN(C)Cc4ccccc4)ccc3c(=O)c2cc1OC,4.5186
COc1ccccc1CN(C)CCCCCC(=O)N(C)CCCCCCCCN(C)C(=O)CCCCCN(C)Cc1ccccc1OC.Cl.Cl,6.7696
CCN(CCCCCCNC1=CC(=O)C(NCCCCCCN(CC)Cc2ccncc2)=CC1=O)Cc1ccncc1,6.7167
CCN(CCCCCCNC1=CC(=O)C(NCCCCCCN(CC)Cc2cccnc2)=CC1=O)Cc1cccnc1,6.8761
CCN(CCCCCCNC1=CC(=O)C(NCCCCCCN(CC)Cc2ccccn2)=CC1=O)Cc1ccccn1,6.9031
CCN(CCCCCCNC1=CC(=O)C(NCCCCCCN(CC)Cc2cccs2)=CC1=O)Cc1cccs1,7.2190
CCN(CCCCCCNC1=CC(=O)C(NCCCCCCN(CC)Cc2ccco2)=CC1=O)Cc1ccco1,6.8416
CCN(CCCCCCNC1=CC(=O)C(NCCCCCCN(CC)Cc2ccccc2[N+](=O)[O-])=CC1=O)Cc1ccccc1[N+](=O)[O-],5.6364
CCN(CCCCCCNC1=CC(=O)C(NCCCCCCN(CC)Cc2ccccc2Cl)=CC1=O)Cc1ccccc1Cl,6.2269
CCN(CCCCCCNC1=CC(=O)C(NCCCCCCN(CC)Cc2ccccc2C)=CC1=O)Cc1ccccc1C,7.1433
CCN(CCCCCCNC1=CC(=O)C(NCCCCCCN(CC)Cc2cccc(OC)c2)=CC1=O)Cc1cccc(OC)c1,7.8601
CCN(CCCCCCNC1=CC(=O)C(NCCCCCCN(CC)Cc2ccc(OC)cc2)=CC1=O)Cc1ccc(OC)cc1,7.2916
CCN(CCCCCCNC1=CC(=O)C(NCCCCCCN(CC)Cc2ccccc2)=CC1=O)Cc1ccccc1,7.1349
COc1ccccc1CN(CCCCCCNC1=CC(=O)C(NCCCCCCN(Cc2ccccc2OC)C(C)C)=CC1=O)C(C)C,7.8894
COc1ccccc1CN(C)CCCCCCNC1=CC(=O)C(NCCCCCCN(C)Cc2ccccc2OC)=CC1=O,7.1090
COc1ccccc1CNCCCCCCNC1=CC(=O)C(NCCCCCCNCc2ccccc2OC)=CC1=O,6.9101
CCN(Cc1ccccc1OC)C(=O)CCCCCNC1=CC(=O)C(NCCCCCC(=O)N(CC)Cc2ccccc2OC)=CC1=O,4.9355
CCN(CCCCCCNC1=CC(=O)C(NCCCCCCN(CC)CCc2ccccc2OC)=CC1=O)CCc1ccccc1OC,7.7620
CCN(CCCCCCCNC1=CC(=O)C(NCCCCCCCN(CC)Cc2ccccc2OC)=CC1=O)Cc1ccccc1OC,8.1085
CCN(CCCCCNC1=CC(=O)C(NCCCCCN(CC)Cc2ccccc2OC)=CC1=O)Cc1ccccc1OC,8.6271
CCN(CCCCNC1=CC(=O)C(NCCCCN(CC)Cc2ccccc2OC)=CC1=O)Cc1ccccc1OC,7.8665
CCN(CCCNC1=CC(=O)C(NCCCN(CC)Cc2ccccc2OC)=CC1=O)Cc1ccccc1OC,8.6478
CCN(CCNC1=CC(=O)C(NCCN(CC)Cc2ccccc2OC)=CC1=O)Cc1ccccc1OC,7.2111
CCN(CCCCCCNc1ccc(NCCCCCCN(CC)Cc2ccccc2OC)cc1)Cc1ccccc1OC,7.3716
CCN(CCCCCCNC1=C(c2ccccc2)C(=O)C(NCCCCCCN(CC)Cc2ccccc2OC)=C(c2ccccc2)C1=O)Cc1ccccc1OC,6.9101
CCN(CCCCCCNC1=C(C)C(=O)C(NCCCCCCN(CC)Cc2ccccc2OC)=C(C)C1=O)Cc1ccccc1OC,8.0223
CCN(CCCCCCNC1=C(Br)C(=O)C(NCCCCCCN(CC)Cc2ccccc2OC)=C(Br)C1=O)Cc1ccccc1OC,8.5751
CCN(CCCCCCNC1=C(Cl)C(=O)C(NCCCCCCN(CC)Cc2ccccc2OC)=C(Cl)C1=O)Cc1ccccc1OC,8.5157
CCN(CCCCCCNC1=C(F)C(=O)C(NCCCCCCN(CC)Cc2ccccc2OC)=C(F)C1=O)Cc1ccccc1OC,8.2865
COc1ccccc1CNCCCCCC(=O)N1CCC(CCC2CCN(C(=O)CCCCCNCc3ccccc3OC)CC2)CC1,6.8700
COc1ccccc1CNCCCCCCN1CCC(CCC2CCN(CCCCCCNCc3ccccc3OC)CC2)CC1,5.8900
CCCCC1=NC2(CCCC2)C(=O)N1Cc1ccc(-c2ccccc2C#N)cc1,7.0835
CCCCC1=NC2(CCCC2)C(=O)N1Cc1ccc(Br)cc1,7.1549
CCCCC1=NC2(CCCC2)C(=O)N1Cc1ccc(-c2ccccc2C(=O)OC(C)(C)C)cc1,6.5706
CCCCC1=NC2(CCCC2)C(=O)N1Cc1ccc(-c2ccccc2C(=O)OC)cc1,6.6187
CCCCC1=NC2(CCCC2)C(=O)N1Cc1ccc(-c2ccccc2-n2nnnc2C(c2ccccc2)(c2ccccc2)c2ccccc2)cc1,6.4162
CCCCC1=NC2(CCCC2)C(=O)N1CC(=O)c1ccc(Cl)cc1,6.5430
CCCCC1=NC2(CCCC2)C(=O)N1Cc1cc2c(cc1C)OCO2,6.6354
CCCCC1=NC2(CCCC2)C(=O)N1CCN1C(=O)c2ccccc2C1=O,6.6368
CCCCC1=NC2(CCCC2)C(=O)N1Cc1ccc([N+](=O)[O-])cc1,6.8684
CCCCC1=NC2(CCCC2)C(=O)N1Cc1cc(OC)c(OC)cc1Br,7.0835
CC[C@H](C)C1=N[C@H]2CC=C3C[C@H]4C(=O)C[C@]5(C)[C@@H]([C@H](C)N(C)C)[C@H](O)C[C@@]5(C)[C@@H]4CC[C@H]3[C@]2(C)CN1,5.4166
CC[C@H](C)C1=N[C@H]2CC[C@]34C[C@]35C(=O)C[C@]3(C)[C@@H]([C@H](C)N(C)C)[C@H](O)C[C@@]3(C)[C@@H]5CC[C@H]4[C@]2(C)CN1,5.3597
CC(C)C1=N[C@H]2CC[C@]34C[C@]35C(=O)C[C@]3(C)[C@@H]([C@H](C)N(C)C)[C@H](O)C[C@@]3(C)[C@@H]5CC[C@H]4[C@]2(C)CN1,5.5075
CN[C@@H](C)[C@H]1[C@H](O)C[C@@]2(C)[C@@H]3CC[C@@H]4C(=CC[C@@H]5N=C(C(C)C)OC[C@]54C)C[C@H]3C(=O)C[C@]12C,6.2865
CC(C)C1=N[C@H]2CC=C3C[C@H]4C(=O)C[C@]5(C)[C@@H]([C@H](C)N(C)C)[C@H](OC(=O)C(C)(C)C)C[C@@]5(C)[C@@H]4CC[C@H]3[C@]2(C)CO1,6.0762
CC[C@H](C)C1=N[C@H]2CC=C3C[C@H]4C(=O)C[C@]5(C)[C@@H]([C@H](C)N(C)C)[C@H](O)C[C@@]5(C)[C@@H]4CC[C@H]3[C@]2(C)CO1,6.5768
C[C@@H]([C@H]1[C@H](O)C[C@@]2(C)[C@@H]3CC[C@@H]4C(=CC[C@@H]5N=C(C(C)(C)C)OC[C@]54C)C[C@H]3C(=O)C[C@]12C)N(C)C,6.4547
CC1=N[C@H]2CC=C3C[C@H]4C(=O)C[C@]5(C)[C@@H]([C@H](C)N(C)C)[C@H](O)C[C@@]5(C)[C@@H]4CC[C@H]3[C@]2(C)CO1,5.2805
CC(C)C1=N[C@H]2CC=C3CC4C(=O)C[C@]5(C)[C@@H]([C@H](C)N(C)C)[C@H](O)C[C@@]5(C)[C@@H]4CC[C@H]3[C@]2(C)CO1,6.5243
O=C1C(=O)c2cc([N+](=O)[O-])ccc2-c2ccccc21,6.0706
O=C1C(=O)c2ccc([N+](=O)[O-])c3c([N+](=O)[O-])ccc1c23,6.0443
O=C1C=Cc2ccccc2C1=O,6.4949
CC[N+](CC)(CC)CCOc1ccc(C(=O)NCCCCCC(=O)NNc2c3c(nc4ccccc24)CCCC3)cc1.Cl.[Br-],8.1186
CC[N+](CC)(CC)CCOc1cccc(OCC[N+](CC)(CC)CC)c1OCC[N+](CC)(CC)CC,3.5538
CC[N+](CC)(CC)CCOc1cc(OCC[N+](CC)(CC)CC)c(C(=O)NCCCCCC(=O)NNc2c3c(nc4cc(Cl)ccc24)CCCC3)cc1OCC[N+](CC)(CC)CC.[Br-].[Br-].[Br-],8.1844
CC[N+](CC)(CC)CCOc1cc(OCC[N+](CC)(CC)CC)c(C(=O)NCCCCCC(=O)NNc2c3c(nc4ccccc24)CCCC3)cc1OCC[N+](CC)(CC)CC.Cl.[Br-].[Br-].[Br-],5.2321
CC[N+](CC)(CC)CCOc1cc(OCC[N+](CC)(CC)CC)cc(C(=O)NCCCCCC(=O)NNc2c3c(nc4cc(Cl)ccc24)CCCC3)c1.[Br-].[Br-],8.1707
CC[N+](CC)(CC)CCOc1cc(OCC[N+](CC)(CC)CC)cc(C(=O)NCCCCCC(=O)NNc2c3c(nc4ccccc24)CCCC3)c1.Cl.[Br-].[Br-],7.8013
CC[N+](CC)(CC)CCOc1ccc(C(=O)NCCCCCC(=O)NNc2c3c(nc4cc(Cl)ccc24)CCCC3)cc1.[Br-],8.2644
c1ccc2c(NCCOCCOCCNc3c4c(nc5ccccc35)CCCC4)c3c(nc2c1)CCCC3,7.7055
O=C(NCCNc1c2c(nc3ccccc13)CCCC2)C(=O)NCCNc1c2c(nc3ccccc13)CCCC2,8.1772
O=C(CCCNc1c2c(nc3ccccc13)CCCC2)CCCNc1c2c(nc3ccccc13)CCCC2,8.7375
CC(=O)O[C@H]1[C@H]2c3cc4c(cc3CN3CCC(=C[C@@H]1O)[C@H]23)OCO4,6.1921
COc1cc2c(cc1OC)-c1cccc3c1N(CC3)C2,5.4123
CN1CC[C@@]23C=C[C@H](O)C[C@@H]2Oc2c(O)ccc(c23)C1,7.0000
COc1ccc2c3c1O[C@H]1C[C@H](O)C=C[C@@]31[C@H](O)CN(C)C2,5.0453
COc1ccc2c3c1O[C@H]1C[C@@H](O)C=C[C@@]31[C@H](O)CN(C)C2,5.7932
CO[C@@H]1C=C[C@@]23c4cc5c(cc4CN(C[C@@H]2O)[C@H]3C1)OCO5,3.3449
O[C@H]1[C@H]2c3cc4c(cc3CN3CCC(=C[C@@H]1O)[C@H]23)OCO4,3.8097
COc1cc2c(c(OC)c1OC)C(=O)O[C@]21[C@H](O)[C@@H](O)C=C2CCN(C)[C@H]21,3.9469
COc1cc2c(cc1OC)[C@]1(OC2=O)[C@H](O)[C@@H](O)C=C2CCN(C)[C@H]21,5.6345
Oc1ccc2c3c1O[C@H]1C[C@@H](O)C=C[C@@]31CCNC2,5.8447
[O-]c1cc2c3c(c1)c1cc4c(cc1c[n+]3CC2)OCO4,5.4145
CN(C)CCOC(=O)Nc1ccncc1,3.5035
CN(C)CCOC(=O)Nc1cc(Cl)nc(Cl)c1.Cl,3.8533
CN(C)CCOC(=O)Nc1ccncc1Br.Cl.Cl,3.4998
CN(C)CCOC(=O)Nc1ccnc(Cl)c1.Cl.Cl.Cl,3.6826
C[N+](C)(C)CCOC(=O)Nc1cc(Cl)nc(Cl)c1.[I-],4.1911
C[N+](C)(C)CCOC(=O)Nc1ccncc1Br.[I-],3.9359
C[N+](C)(C)CCOC(=O)Nc1ccnc(Cl)c1.[I-],3.8213
C[N+](C)(C)CCOC(=O)Nc1ccncc1.[I-],3.7986
CCN(CCCCCCNC1=CC(=O)C(NCCCCCCN(CC)Cc2ccccc2OC)=CC1=O)Cc1ccccc1OC,8.5850
O=C(O)CCCCC1CCSS1,9.0000
c1ccc2c(NCCc3ccc(OCCCN4CCCCC4)cc3)c3c(nc2c1)CCCC3,8.5850
C#CCN[C@@H]1CCc2ccc(OC(=O)N(C)CC)cc21,4.3891
C#CCN[C@@H]1CCc2cc(Cl)c(OC(=O)N(C)CCC)cc21,4.3575
Cc1c(C)c2ccc(OCc3cccc(Cl)c3)cc2oc1=O,5.4963
COc1ccccc1CNCCCNCCCNCCC[n+]1c(-c2ccccc2)c2cc(N)ccc2c2ccc(N)cc21,6.0214
CCN(CCCCCC(=O)Nc1ccc(-c2ccc(NC(=O)CCCCCN(CC)Cc3ccccc3OC)cc2)cc1)Cc1ccccc1OC,7.4401
CCN(CCCCCC(=O)N1CCC(C2CCN(C(=O)CCCCCN(CC)Cc3ccccc3OC)CC2)CC1)Cc1ccccc1OC,8.4802
Clc1cccc(Cl)c1CO/N=C/c1cc[n+](CCCc2ccccc2)cc1,6.7447
Clc1cccc(Cl)c1CO/N=C/c1cc[n+](CCC[n+]2ccc(/C=N/OCc3c(Cl)cccc3Cl)cc2)cc1.[Br-].[Br-],5.2218
CCN(Cc1ccccc1)Cc1ccc(-c2cc3ccc(OCCNC(=O)/C=C/c4ccc(Cl)c(Cl)c4)cc3oc2=O)cc1,5.3737
CCN(Cc1ccccc1)Cc1ccc(-c2cc3ccc(OCCNC(=O)CCc4ccc(F)c(F)c4)cc3oc2=O)cc1,6.4855
CCN(Cc1ccccc1)Cc1ccc(-c2cc3ccc(OCCNC(=O)/C=C/c4cc(F)cc(F)c4)cc3oc2=O)cc1,5.3401
CCN(Cc1ccccc1)Cc1ccc(-c2cc3ccc(OCCNC(=O)Cc4cc(F)cc(F)c4)cc3oc2=O)cc1,6.7423
CCN(Cc1ccccc1)Cc1ccc(-c2cc3cc(OCCNC(=O)/C=C/c4ccc(Cl)c(Cl)c4)ccc3oc2=O)cc1,3.5735
CCN(Cc1ccccc1)Cc1ccc(-c2cc3cc(OCCNC(=O)CCc4ccc(F)c(F)c4)ccc3oc2=O)cc1,5.5575
CCN(Cc1ccccc1)Cc1ccc(-c2cc3cc(OCCNC(=O)/C=C/c4cc(F)cc(F)c4)ccc3oc2=O)cc1,6.6451
CCN(Cc1ccccc1)Cc1ccc(-c2cc3cc(OCCNC(=O)Cc4cc(F)cc(F)c4)ccc3oc2=O)cc1,6.2588
O=C(CO[N+](=O)[O-])NCCCNc1c2c(nc3ccccc13)CCCC2,7.5498
CC(C)(C)C(=O)NCCCCNc1c2c(nc3ccccc13)CCCC2,7.6655
CC(C)(CO[N+](=O)[O-])C(=O)NCCCCNc1c2c(nc3ccccc13)CCCC2,6.6459
CC(C)(CO[N+](=O)[O-])C(=O)NCCCNc1c2c(nc3ccccc13)CCCC2,7.1580
O=C(CO/N=[N+](\[O-])N1CCCC1)NCCCCNc1c2c(nc3ccccc13)CCCC2,7.2950
O=C(CO/N=[N+](\[O-])N1CCCC1)NCCCNc1c2c(nc3ccccc13)CCCC2,7.4498
O=[N+]([O-])OCCCCCCNCCCCNc1c2c(nc3ccccc13)CCCC2,7.7423
O=[N+]([O-])OCCCNCCCCNc1c2c(nc3ccccc13)CCCC2,8.2518
O=[N+]([O-])OCCNCCCCNc1c2c(nc3ccccc13)CCCC2,7.9547
O=[N+]([O-])OCCCCCCNCCCNc1c2c(nc3ccccc13)CCCC2,8.2007
O=[N+]([O-])OCCCNCCCNc1c2c(nc3ccccc13)CCCC2,8.1938
O=[N+]([O-])OCCNCCCNc1c2c(nc3ccccc13)CCCC2,8.0000
O=C(CCO[N+](=O)[O-])NCCCCNc1c2c(nc3ccccc13)CCCC2,7.3401
O=C(CO[N+](=O)[O-])NCCCCNc1c2c(nc3ccccc13)CCCC2,7.6459
O=C(CCO[N+](=O)[O-])NCCCNc1c2c(nc3ccccc13)CCCC2,7.0315
c1cc(OCCCN2CCCCC2)ccc1CN1CCCCC1,5.4949
C[N+](C)(C)CCCCCCCCCC[N+](C)(C)C,3.7255
OCCC1CCN(Cc2ccc(OCCCN3CCCCC3)cc2)CC1,6.4559
OCC1CCN(Cc2ccc(OCCCN3CCCCC3)cc2)CC1,5.9586
OC1CCN(Cc2ccc(OCCCN3CCCCC3)cc2)CC1,5.6383
CC[C@@]1(c2cccc(O)c2)CCCCN(CCCCCCCCCCN2CCCC[C@@](CC)(c3cccc(O)c3)C2)C1,5.2366
CC[C@@]1(c2cccc(O)c2)CCCCN(CCCCCCCCCN2CCCC[C@@](CC)(c3cccc(O)c3)C2)C1,4.7799
CO[C@@H]1[C@@H](O)[C@H]2c3cc4c(cc3CN3CC=C([C@H]1O)[C@H]23)OCO4,4.0655
CC1(C)Oc2cc3oc(=O)ccc3cc2C[C@@H]1O,4.5528
CC(C)(O)[C@@H]1Cc2cc3ccc(=O)oc3cc2O1,4.1739
COc1c2occc2cc2ccc(=O)oc12,5.1934
CC(C)=CCc1cc2ccc(=O)oc2cc1O,2.6198
O=c1ccc2ccc(O)cc2o1,2.6804
CC(C)=CCOc1c2ccoc2cc2oc(=O)ccc12,4.1612
CC1(C)C=Cc2cc3ccc(=O)oc3cc2O1,3.8239
COc1cc(OCC=C(C)C)c2ccc(=O)oc2c1,3.6198
CC(C)=CC(=O)O[C@H]1Cc2cc3ccc(=O)oc3cc2OC1(C)C,3.4089
C=C(C)[C@H](O)Cc1cc2ccc(=O)oc2cc1O,3.8861
CC(C)(O[C@@H]1O[C@H](CO)[C@@H](O)[C@H](O)[C@H]1O)[C@H]1Cc2cc3ccc(=O)oc3cc2O1,4.1675
CC(C)(O)C(=O)Cc1cc2ccc(=O)oc2cc1O,3.7447
CC(C)=CC(=O)N[C@H]1CC[C@@]2(C)[C@@H](CC[C@@H]3[C@@H]2CC[C@]2(C)C([C@H](C)N(C)C)=CC[C@@H]32)[C@H]1O,4.3143
C/C=C(\C)C(=O)N[C@H]1CC[C@]2(C)[C@H]3CC[C@]4(C)[C@@H]([C@H](C)NC)CC[C@H]4[C@@H]3CC[C@H]2[C@H]1OC(C)=O,5.0915
CN[C@@H](C)[C@H]1CC[C@H]2[C@@H]3CC=C4C(=O)[C@@H](NC(=O)C=C(C)C)CC[C@]4(C)[C@H]3CC[C@]12C,5.0044
C[C@@H]([C@H]1CC[C@H]2[C@@H]3CC[C@H]4C[C@@H](N(C)C)CC[C@]4(C)[C@H]3CC[C@]12C)N(C)C,4.6556
C[C@@H]([C@H]1CC[C@H]2[C@@H]3CC[C@H]4C[C@@H](N)CC[C@]4(C)[C@H]3CC[C@]12C)N(C)C,4.5528
C[C@@H]([C@H]1CC=C2[C@@H]3CCC4=C[C@@H](N(C)C)CC[C@]4(C)[C@H]3CC[C@@]21C)N(C)C,4.6162
N[C@@H](Cc1ccccc1)C(=O)NCC(=O)Nc1c2c(nc3ccccc13)CCCC2,5.7194
CN[C@@H](Cc1ccccc1)C(=O)NCC(=O)Nc1c2c(nc3ccccc13)CCCC2,5.1993
N[C@@H](Cc1ccc2ccccc2c1)C(=O)NCC(=O)Nc1c2c(nc3ccccc13)CCCC2,4.9512
O=C(CNC(=O)[C@@H]1Cc2ccccc2CN1)Nc1c2c(nc3ccccc13)CCCC2,5.3840
N[C@@H](Cc1c[nH]c2ccccc12)C(=O)NCC(=O)Nc1c2c(nc3ccccc13)CCCC2,5.6548
CN[C@@H](Cc1c[nH]c2ccccc12)C(=O)NCC(=O)Nc1c2c(nc3ccccc13)CCCC2,5.4776
CC(C)(C)OC(=O)N[C@@H](Cc1c[nH]c2ccccc12)C(=O)NCCC(=O)Nc1c2c(nc3ccccc13)CCCC2,5.0985
N[C@@H](Cc1c[nH]c2ccccc12)C(=O)NCCC(=O)Nc1c2c(nc3ccccc13)CCCC2,4.4681
CC(C)(C)OC(=O)N[C@@H](Cc1c[nH]c2ccccc12)C(=O)NCCNc1c2c(nc3ccccc13)CCCC2,6.8861
N[C@@H](Cc1c[nH]c2ccccc12)C(=O)NCCNc1c2c(nc3ccccc13)CCCC2,6.5528
CC(C)(C)OC(=O)N[C@@H](CCC(=O)NCCNc1c2c(nc3ccccc13)CCCC2)C(=O)NCCNc1c2c(nc3ccccc13)CCCC2,7.8125
N[C@@H](CCC(=O)NCCNc1c2c(nc3ccccc13)CCCC2)C(=O)NCCNc1c2c(nc3ccccc13)CCCC2,8.2069
O=C(NCCCCCNc1c2c(nc3ccccc13)CCCC2)[C@@H]1CCCN1CCNc1c2c(nc3ccccc13)CCCC2,8.1707
c1ccc2c(NCCCCCCCCSc3c4c(nc5ccccc35)CCCC4)c3c(nc2c1)CCCC3,7.5536
CCc1c2c(nc3ccc(OC(=O)N4CCC(N5CCCCC5)CC4)cc13)-c1cc3c(c(=O)n1C2)COC(=O)[C@]3(O)CC,6.5175
c1ccc2c(NCCc3ccc(CCNc4c5c(nc6ccccc46)CCCC5)cc3)c3c(nc2c1)CCCC3,8.7878
Cc1cc(CCNc2c3c(nc4ccccc24)CCCC3)cc(CCNc2c3c(nc4ccccc24)CCCC3)c1,8.1278
c1ccc2c(NCCc3cocc3CCNc3c4c(nc5ccccc35)CCCC4)c3c(nc2c1)CCCC3,7.8771
c1cc(CCNc2c3c(nc4ccccc24)CCCC3)nc(CCNc2c3c(nc4ccccc24)CCCC3)c1,9.1146
c1cc(CCNc2c3c(nc4ccccc24)CCCC3)cc(CCNc2c3c(nc4ccccc24)CCCC3)c1,8.7650
c1ccc2c(NCCCN3CCN(CCCNc4c5c(nc6ccccc46)CCCC5)CC3)c3c(nc2c1)CCCC3,9.8668
OCCN(CCCCNc1c2c(nc3ccccc13)CCCC2)CCCNc1c2c(nc3ccccc13)CCCC2,9.9241
CCN(CCCCNc1c2c(nc3ccccc13)CCCC2)CCCNc1c2c(nc3ccccc13)CCCC2,9.7905
CN(CCCCNc1c2c(nc3ccccc13)CCCC2)CCCNc1c2c(nc3ccccc13)CCCC2,10.9245
CC(=O)N(CCCCNc1c2c(nc3ccccc13)CCCC2)CCCNc1c2c(nc3ccccc13)CCCC2,9.6517
c1ccc2c(NCCCCNCCCSc3c4c(nc5ccccc35)CCCC4)c3c(nc2c1)CCCC3,8.5732
CC(=O)N(CCCCNc1c2c(nc3ccccc13)CCCC2)CCCSc1c2c(nc3ccccc13)CCCC2,7.6169
CC(=O)N(CCCCSc1c2c(nc3ccccc13)CCCC2)CCCNc1c2c(nc3ccccc13)CCCC2,8.2882
CN(CCCCSc1c2c(nc3ccccc13)CCCC2)CCCNc1c2c(nc3ccccc13)CCCC2,8.3990
CC(=O)N(CCCNc1c2c(nc3ccccc13)CCCC2)CCCSc1c2c(nc3ccccc13)CCCC2,7.8739
CC(C)OP(=O)(F)OC(C)C,5.2218
C=CCN(CCCCNc1c2c(nc3ccccc13)CCCC2)CCCNc1c2c(nc3ccccc13)CCCC2,10.0721
COc1cc2c(cc1OC)C(=O)C(CC1CCN(Cc3ccccc3)CC1)C2.Cl,7.4949
Cl.Nc1c2c(nc3cc(Cl)ccc13)CCCC2,8.0799
COc1cc2c(cc1OC)CC(CC1CCN(CCCNc3c4c(nc5cc(Cl)ccc35)CCCC4)CC1)C2.Cl.Cl.Cl,8.9747
COc1cc2c(cc1OC)CC(CC1CCN(CCNc3c4c(nc5cc(Cl)ccc35)CCCC4)CC1)C2.Cl.Cl.Cl,8.5850
COc1cc2c(cc1OC)CC(CC1CCN(CCCNc3c4c(nc5ccccc35)CCCC4)CC1)C2.Cl.Cl,8.6655
COc1cc2c(cc1OC)CC(CC1CCN(CCNc3c4c(nc5ccccc35)CCCC4)CC1)C2.Cl.Cl,8.2899
COc1cc2c(cc1OC)C(=O)C(CC1CCN(CCCNc3c4c(nc5cc(Cl)ccc35)CCCC4)CC1)C2.Cl.Cl.Cl,9.5686
COc1cc2c(cc1OC)C(=O)C(CC1CCN(CCNc3c4c(nc5cc(Cl)ccc35)CCCC4)CC1)C2.Cl.Cl.Cl,9.1739
COc1cc2c(cc1OC)C(=O)C(CC1CCN(CCCNc3c4c(nc5ccccc35)CCCC4)CC1)C2.Cl.Cl,9.0555
CN(CCCCCCCOc1ccc(-c2cc3ccccc3o2)cc1)Cc1ccccc1,4.4868
COc1ccc(C(=O)c2c(-c3ccc(OCCCCCCCN(C)Cc4ccccc4)cc3)oc3ccccc23)cc1OC,3.7520
COc1ccc(C(=O)c2c(-c3ccc(OCCCCCCCN(C)Cc4ccccc4)cc3)oc3ccccc23)cc1,3.5513
COc1cccc(C(=O)c2c(-c3ccc(OCCCCCCCN(C)Cc4ccccc4)cc3)oc3ccccc23)c1,3.8962
Cc1ccc(C(=O)c2c(-c3ccc(OCCCCCCCN(C)Cc4ccccc4)cc3)oc3ccccc23)cc1,4.9788
Cc1cccc(C(=O)c2c(-c3ccc(OCCCCCCCN(C)Cc4ccccc4)cc3)oc3ccccc23)c1,3.8962
CN(CCCCCCCOc1ccc(-c2oc3ccccc3c2C(=O)c2ccccc2)cc1)Cc1ccccc1,4.3904
CC(=O)c1c(-c2ccc(OCCCCCCCN(C)Cc3ccccc3)cc2)oc2ccccc12,4.7595
O=C(NCc1ccccc1)O[C@H]1CO[C@H]2[C@@H]1OC[C@H]2OC(=O)c1ccccc1,3.6556
CCN(CCCCCCN1C(=O)c2ccc3c4c(ccc(c24)C1=O)C(=O)N(CCCCCCN(CC)Cc1ccccc1OC)C3=O)Cc1ccccc1OC,7.2609
CCN(CCCCCCn1c(=O)c2cc3c(=O)n(CCCCCCN(CC)Cc4ccccc4OC)c(=O)c3cc2c1=O)Cc1ccccc1OC,8.1135
CCN(CCCCCCN1C(=O)c2ccc(-c3ccc4c(c3)C(=O)N(CCCCCCN(CC)Cc3ccccc3OC)C4=O)cc2C1=O)Cc1ccccc1OC,7.8539
CCN(CCCCCCN1CCN(CCCCCCN(CC)Cc2ccccc2OC)C1=O)Cc1ccccc1OC,7.1403
CCN(CCCCCCn1c(=O)c(=O)n(CCCCCCN(CC)Cc2ccccc2OC)c2ccccc21)Cc1ccccc1OC,8.8508
CCN(CCCCCCN1CC(=O)N(CCCCCCN(CC)Cc2ccccc2OC)CC1=O)Cc1ccccc1OC,7.7986
CCN(CCCCCCN1CCN(CCCCCCN(CC)Cc2ccccc2OC)C(=O)C1=O)Cc1ccccc1OC,7.1618
CCN(CCCCCC(=O)N1Cc2ccc3c4c(ccc(c24)C1)CN(C(=O)CCCCCN(CC)Cc1ccccc1OC)C3)Cc1ccccc1OC,8.3161
CCN(CCCCCC(=O)N[C@H]1CC[C@H](NC(=O)CCCCCN(CC)Cc2ccccc2OC)CC1)Cc1ccccc1OC,5.0680
CCN(CCCCCC(=O)N[C@H]1CCCC[C@@H]1NC(=O)CCCCCN(CC)Cc1ccccc1OC)Cc1ccccc1OC,5.2620
CCN(CCCCCC(=O)N[C@H]1CCCC[C@H]1NC(=O)CCCCCN(CC)Cc1ccccc1OC)Cc1ccccc1OC,5.3809
CCN(CCCCCC(=O)N1CCN(C(=O)CCCCCN(CC)Cc2ccccc2OC)CC1)Cc1ccccc1OC,7.5901
CCN(CCCCCCN1C(=O)c2cccc3cccc(c23)C1=O)Cc1ccccc1OC,7.2716
O=c1c2ccccc2nc2n1CCC2,4.3290
COc1ccc(C(=O)c2ccc(CN(C)Cc3ccccc3)cc2)cc1OC,6.3372
CCN(Cc1ccccc1)Cc1ccc(C(=O)c2ccc(OC)c(OC)c2)cc1,6.2441
COc1ccc(C(=O)c2ccc(CN(CCO)Cc3ccccc3)cc2)cc1OC,5.8508
COc1ccc(C(=O)c2ccc(CN(C)Cc3ccccc3)cc2)cc1F,5.8041
COc1ccc(C(=O)c2ccc(CN(C)Cc3cccc(C)c3)cc2)cc1OC,5.7825
COc1ccc(C(=O)c2ccc(CN(C)Cc3ccccc3)cc2)cc1,5.7399
COc1ccc(C(=O)c2ccc(/C=C/CN(C)Cc3ccccc3)cc2)cc1OC,5.6778
COc1ccc(C(=O)c2ccc(CN(C)CCN(C)C)cc2)cc1OC,5.6253
COc1ccccc1CN(C)Cc1ccc(C(=O)c2ccc(OC)c(OC)c2)cc1,5.4306
COc1ccc(C(=O)c2ccc(CN(C)Cc3cccc([N+](=O)[O-])c3)cc2)cc1OC,5.3696
COc1ccc(C(=O)c2ccc(CN(CCN(C)C)Cc3ccccc3)cc2)cc1OC,5.0635
CN(Cc1ccccc1)Cc1ccc(C(=O)c2ccc3ccccc3c2)cc1,4.7077
C#CCN(C)Cc1ccc(C(=O)c2ccc(OC)c(OC)c2)cc1,4.5654
CCN(CC)Cc1ccc(C(=O)c2ccc(OC)c(OC)c2)cc1,4.4342
COc1ccc(C(=O)c2ccc(CN3CCc4ccccc4C3)cc2)cc1OC,4.2676
COc1ccc(C(=O)c2ccc(CN3CCOCC3)cc2)cc1OC,3.4622
CCOC(=O)C1=C(C)Nc2nc3c(c(N)c2[C@H]1c1ccc(OC)cc1)CCCC3,7.3968
CCOC(=O)C1=C(C)Nc2nc3c(c(N)c2C1c1ccncc1)CCCC3,6.6517
CCOC(=O)C1=C(C)Nc2nc3c(c(N)c2C1c1cccnc1)CCCC3,6.8013
CCOC(=O)C1=C(C)Nc2nc3c(c(N)c2C1c1ccc(OC)c(OC)c1)CCCC3,7.3468
CCOC(=O)C1=C(C)Nc2nc3c(c(N)c2C1c1ccc(-c2ccccc2)cc1)CCCC3,7.1487
CCOC(=O)C1=C(C)Nc2nc3c(c(N)c2C1c1ccccc1C(F)(F)F)CCCC3,6.6459
CCOC(=O)C1=C(C)Nc2nc3c(c(N)c2[C@@H]1c1ccc(OC)cc1)CCCC3,6.4225
COc1ccc2c(=O)oc3c(OC)cc(CCN(C)C)c4c(=O)oc1c2c34,6.2676
Clc1ccc2c(NCCCNCCCOc3cccc4[nH]c5ccccc5c34)c3c(nc2c1)CCCC3,8.6676
Clc1ccc2c(NCCCNCCCCCCOc3cccc4[nH]c5ccccc5c34)c3c(nc2c1)CCCC3,8.5901
Clc1ccc2c(NCCCNCCCCCOc3cccc4[nH]c5ccccc5c34)c3c(nc2c1)CCCC3,8.8125
Clc1ccc2c(NCCCNCCCCOc3cccc4[nH]c5ccccc5c34)c3c(nc2c1)CCCC3,8.7825
Cc1ccc(C2CC(c3cccc(O)c3)=Nc3ccccc3S2)cc1,4.3063
Oc1cccc(C2=Nc3ccccc3SC(c3ccc(Cl)cc3)C2)c1,4.7258
Oc1cccc(C2=Nc3ccccc3SC(c3ccccc3F)C2)c1,4.1512
Oc1cccc(C2=Nc3ccccc3SC(c3ccccc3)C2)c1,4.3979
Oc1cccc(C2=Nc3ccccc3SC(c3cccc(O)c3)C2)c1,4.1481
Oc1cccc(C2=Nc3ccccc3SC(c3cccs3)C2)c1,5.2291
CC1(C)CC(=O)C2=C(C1)Nc1nc3c(c(N)c1C2c1ccccc1)CCCC3,6.1487
CC1(C)CC(=O)C2=C(C1)Nc1nc3c(c(N)c1C2c1ccncc1)CCCC3,5.5528
COc1ccc(C2C3=C(CC(C)(C)CC3=O)Nc3nc4c(c(N)c32)CCCC4)cc1,6.4318
Cc1ccc(C2C3=C(CC(C)(C)CC3=O)Nc3nc4c(c(N)c32)CCCC4)cc1,6.1739
CC1(C)CC(=O)C2=C(C1)Nc1nc3c(c(N)c1C2c1ccc(F)cc1)CCCC3,5.7959
C[C@]1(CO)CCC[C@]2(C)[C@H]1C[C@H](O)[C@@]13C[C@@H](CC[C@@H]21)[C@]1(C)O[C@@H]13,4.8386
C=C1C[C@]23C[C@H]1CC[C@H]2[C@]1(C)CCC[C@](C)(CO)[C@@H]1C[C@@H]3O,4.6421
Cl.Cl.Cl.O=C(CCc1ccc2nc(-c3ccccc3)c3c(c2c1)OCCC3)NCCCCCCCCNc1c2c(nc3cc(Cl)ccc13)CCCC2,7.8539
Cl.Cl.Cl.O=C(CCc1ccc2nc(-c3ccccc3)c3c(c2c1)OCCC3)NCCCCCCCNc1c2c(nc3cc(Cl)ccc13)CCCC2,7.8416
Cl.Cl.Cl.O=C(CCc1ccc2nc(-c3ccccc3)c3c(c2c1)OCCC3)NCCCCCCNc1c2c(nc3cc(Cl)ccc13)CCCC2,7.9547
Cl.Cl.O=C(CCc1ccc2nc(-c3ccccc3)c3c(c2c1)OCCC3)NCCCCCNc1c2c(nc3cc(Cl)ccc13)CCCC2,8.0159
Cl.Cl.Cl.O=C(CCc1ccc2nc(-c3ccccc3)c3c(c2c1)OCCC3)NCCCCNc1c2c(nc3cc(Cl)ccc13)CCCC2,7.7799
Cl.Cl.Cl.Cl.O=C(NCCCCCCCCCCNc1c2c(nc3cc(Cl)ccc13)CCCC2)c1ccc2nc(-c3ccc(Cl)cc3)c3c(c2c1)OCCC3,7.3010
Cl.Cl.Cl.Cl.O=C(NCCCCCCCCCNc1c2c(nc3cc(Cl)ccc13)CCCC2)c1ccc2nc(-c3ccc(Cl)cc3)c3c(c2c1)OCCC3,7.6038
Cl.Cl.Cl.Cl.O=C(NCCCCCCCCNc1c2c(nc3cc(Cl)ccc13)CCCC2)c1ccc2nc(-c3ccc(Cl)cc3)c3c(c2c1)OCCC3,8.4360
Cl.Cl.Cl.Cl.O=C(NCCCCCCCNc1c2c(nc3cc(Cl)ccc13)CCCC2)c1ccc2nc(-c3ccc(Cl)cc3)c3c(c2c1)OCCC3,7.7375
Cl.Cl.Cl.Cl.O=C(NCCCCCCNc1c2c(nc3cc(Cl)ccc13)CCCC2)c1ccc2nc(-c3ccc(Cl)cc3)c3c(c2c1)OCCC3,7.7167
CCN(CCCCCCNC1=CC(=O)C(NCCCCCCN(CC)[C@@H](C)c2ccccc2OC)=CC1=O)[C@H](C)c1ccccc1OC,7.2012
CCN(CCCCCCNC1=CC(=O)C(NCCCCCCN(CC)[C@@H](C)c2ccccc2OC)=CC1=O)[C@@H](C)c1ccccc1OC,6.7483
CCN(CCCCCCNC1=CC(=O)C(NCCCCCCN(CC)[C@H](C)c2ccccc2OC)=CC1=O)[C@H](C)c1ccccc1OC,7.1653
COc1cc2nc3c(c(N)c2cc1OC)C1CC(C)=CC(C3)C1,4.9318
CCC1=CC2Cc3nc4cc(OC)c(OC)cc4c(N)c3C(C1)C2,5.2924
CCC1=CC2Cc3nc4ncccc4c(N)c3C(C1)C2,6.0680
CCC1=CC2Cc3nc4cnccc4c(N)c3C(C1)C2,6.1778
CC1=CC2Cc3nc4oc(C)c(C)c4c(N)c3C(C1)C2,5.3206
CCC1=CC2Cc3nc4oc(C)c(C)c4c(N)c3C(C1)C2,5.1904
CC1=CC2Cc3nc4oc(C5CC5)nc4c(N)c3C(C1)C2,4.3010
CCC1=CC2Cc3nc4oc(C5CC5)nc4c(N)c3C(C1)C2,4.3010
CC1=CC2Cc3nc4oc(C5CCC5)nc4c(N)c3C(C1)C2,4.5670
CCCSc1nc2nc3c(c(N)c2s1)C1CC(C)=CC(C3)C1,5.1141
CCCSc1nc2nc3c(c(N)c2s1)C1CC(CC)=CC(C3)C1,5.1385
CSc1n[nH]c2nc3c(c(N)c12)C1CC(C)=CC(C3)C1,4.3010
CC1=CC2Cc3nc4[nH]ncc4c(N)c3C(C1)C2,4.3010
CC1=CC2Cc3nc4cc(Cl)ccc4c(NC(=O)CCl)c3C(C1)C2,5.6003
CC1=CC2Cc3nc4cc(Cl)ccc4c(O)c3C(C1)C2,4.8327
CC1=CC2Cc3nc4cc(Cl)ccc4c(Cl)c3C(C1)C2,4.6498
CCC1=CC2Cc3nc4cc(Cl)ccc4c(Cl)c3C(C1)C2,4.7167
CC1=CC2Cc3nc4cc(Cl)ccc4c(NCCO)c3C(C1)C2,8.0150
CCC1=CC2Cc3nc4cc(Cl)ccc4c(NCCO)c3C(C1)C2,8.1707
CC1=CC2Cc3nc4cc(Cl)ccc4c(NCCCl)c3C(C1)C2,7.3635
CC1=CC2Cc3nc4cc(Cl)ccc4c(NCCN=[N+]=[N-])c3C(C1)C2,8.0610
CCC1=CC2Cc3nc4cc(Cl)ccc4c(NCCN=[N+]=[N-])c3C(C1)C2,7.8633
CC1=CC2Cc3nc4ncccc4c(N)c3C(C1)C2,6.0915
CCC1=CC2Cc3nc4cc(Cl)ccc4c(NCCn4cc(CCCCCCN5CCc6cc(OC)c(OC)cc6C5c5cccc([N+](=O)[O-])c5)nn4)c3C(C1)C2,8.2248
COc1cc2c(cc1OC)C(c1cccc([N+](=O)[O-])c1)N(CCCCCCc1cn(CCNc3c4c(nc5cc(Cl)ccc35)CC3C=C(C)CC4C3)nn1)CC2,8.4034
C#CCCCCCCN1CCc2cc(OC)c(OC)cc2C1c1ccc([N+](=O)[O-])cc1,5.5346
C#CCCCCCCN1CCc2cc(OC)c(OC)cc2C1c1cccc([N+](=O)[O-])c1,5.0926
C[C@@H]1CCC[C@H](C)N1S(C)(=O)=O,7.1249
C[C@@H]1CCC[C@H](C)N1S(=O)(=O)c1ccccc1,6.4067
Cc1ccc(S(=O)(=O)N2[C@H](C)CCC[C@@H]2C)cc1,6.4342
C[C@@H]1CCC[C@H](C)N1S(=O)(=O)c1ccc(C(C)(C)C)cc1,6.3391
C[C@@H]1CCC[C@H](C)N1S(=O)(=O)c1ccc(Cl)cc1,6.4976
C[C@@H]1CCC[C@H](C)N1S(=O)(=O)c1cc(Cl)ccc1Cl,7.0458
C[C@@H]1CCC[C@H](C)N1S(=O)(=O)c1ccccc1[N+](=O)[O-],6.7328
C[C@@H]1CCC[C@H](C)N1S(=O)(=O)c1cccc([N+](=O)[O-])c1,6.7167
C[C@@H]1CCC[C@H](C)N1S(=O)(=O)c1ccc([N+](=O)[O-])cc1,5.9393
O=c1c(O)c(-c2ccccc2)oc2cc(O)cc(O)c12,5.9942
O=c1cc(-c2ccc(O)cc2)oc2cc(O)cc(O)c12,5.4660
O=c1c(O)c(-c2ccc(O)cc2)oc2cc(O)cc(O)c12,4.0325
O=c1c(O)c(-c2ccc(O)c(O)c2)oc2cc(O)cc(O)c12,4.4168
O=c1c(O)c(-c2cc(O)c(O)c(O)c2)oc2cc(O)cc(O)c12,6.1717
O=c1c(O)c(-c2ccc(O)c(O)c2)oc2cc(O)ccc12,5.9600
O=c1cc(-c2ccc(O)c(O)c2)oc2cc(O)cc(O)c12,4.1818
CCN(CCCCCCNC1=CC(=O)C(NCCCCCCNC(=O)CCCCC2CCSS2)=CC1=O)Cc1ccccc1OC,7.0000
CCN(CCCCCCNC1=CC(=O)C(NCCCNC(=O)CCCCC2CCSS2)=CC1=O)Cc1ccccc1OC,6.8239
CCN(CCCNC1=CC(=O)C(NCCCCCCNC(=O)CCCCC2CCSS2)=CC1=O)Cc1ccccc1OC,6.7959
CCN(CCCNC1=CC(=O)C(NCCCNC(=O)CCCCC2CCSS2)=CC1=O)Cc1ccccc1OC,6.7212
COc1ccc2c3c1O[C@H]1C[C@@H](O)C=C[C@@]31CCN(CCCN1CCCCC1)C2,6.4559
COc1ccc2c3c1O[C@H]1C[C@@H](O)C=C[C@@]31CCN(CCCCCCCCN1C(=O)c3ccccc3S1(=O)=O)C2.O=C(O)/C=C/C(=O)O,7.3010
Cc1c(C(=O)NN2CCCCC2)nn(-c2ccc(Cl)cc2Cl)c1-c1ccc(Cl)cc1.Cl,4.6000
CCc1c(C(=O)NCCCCCCCNc2c3c(nc4ccccc24)CCCC3)nc(-c2ccccc2Cl)n1-c1ccc(Cl)cc1,5.9000
O=S(=O)(/N=C(\NCCCCCCCNc1c2c(nc3ccccc13)CCCC2)N1CC(c2ccccc2)C(c2ccc(Cl)cc2)=N1)c1ccc(Cl)cc1,6.0000
CCc1c(C(=O)NCCCCNc2c3c(nc4ccccc24)CCCC3)nc(-c2ccccc2Cl)n1-c1ccc(Cl)cc1,6.5000
O=S(=O)(/N=C(\NCCCCNc1c2c(nc3ccccc13)CCCC2)N1CC(c2ccccc2)C(c2ccc(Cl)cc2)=N1)c1ccc(Cl)cc1,5.6000
C/C=C1\[C@H]2C=C(C)C[C@]1(/N=C/c1ccc(O)c(OC)c1)c1ccc(=O)[nH]c1C2,7.7959
C/C=C1\[C@H]2C=C(C)C[C@]1(/N=C/c1ccc(N(C)C)cc1)c1ccc(=O)[nH]c1C2,7.5086
C/C=C1\[C@H]2C=C(C)C[C@]1(/N=C/c1ccc(OC)cc1)c1ccc(=O)[nH]c1C2,7.5086
C/C=C1\[C@H]2C=C(C)C[C@]1(/N=C/c1ccc(O)c(OCC)c1)c1ccc(=O)[nH]c1C2,7.6021
C/C=C1\[C@H]2C=C(C)C[C@]1(/N=C/c1cc(OC)cc(OC)c1)c1ccc(=O)[nH]c1C2,7.5376
C/C=C1\[C@H]2C=C(C)C[C@]1(/N=C/c1ccc(OC)cc1OC)c1ccc(=O)[nH]c1C2,7.0757
C/C=C1\[C@H]2C=C(C)C[C@]1(/N=C/c1ccc(C#N)cc1)c1ccc(=O)[nH]c1C2,7.6576
C/C=C1\[C@H]2C=C(C)C[C@]1(/N=C/C=C/c1ccccc1)c1ccc(=O)[nH]c1C2,7.6198
C/C=C1\[C@H]2C=C(C)C[C@]1(/N=C/C(=C/c1ccccc1)CCCCC)c1ccc(=O)[nH]c1C2,7.2924
C/C=C1\[C@H]2C=C(C)C[C@]1(/N=C/C(C)=C/c1ccccc1)c1ccc(=O)[nH]c1C2,7.6021
C/C=C1\[C@H]2C=C(C)C[C@]1(/N=C/C=C/c1ccc(N(C)C)cc1)c1ccc(=O)[nH]c1C2,7.3979
C/C=C1\[C@H]2C=C(C)C[C@]1(/N=C/c1ccccc1OS(=O)(=O)[O-])c1ccc(=O)[nH]c1C2.[Na+],7.3872
C=CCOc1ccc(/C=N/[C@@]23CC(C)=C[C@@H](Cc4[nH]c(=O)ccc42)/C3=C\C)cc1,7.5086
CO[P@@]1(=O)CC[C@H]2COC(=O)C2=C(C)O1,5.0713
CO[P@]1(=O)CC[C@H]2COC(=O)C2=C(C)O1,4.5229
COC(=O)C1=C(C)O[P@@](=O)(OC)CC[C@H]1COCc1ccccc1,4.4559
COC(=O)C1=C(C)O[P@](=O)(OC)CC[C@H]1COCc1ccccc1,5.2218
COC(=O)C1=C(C)OP(=O)(OC)CCC1,4.7529
COP1(=O)CCCC(CO)=C(C)O1,3.2218
COC(=O)C1=C(C)OP(=O)(OC)CC1,4.4048
COP(=O)(OC)O/C(C)=C1\CCOC1=O,4.1549
CO[P@]1(=O)OC[C@H]2COC(=O)C2=C(C)O1,7.3724
CN(Cc1ccccc1)Cc1ccc(/C=C2\CCc3cc(OCCCCCN4CCCCC4)ccc3C2=O)cc1,7.2840
CCN(CC)CCCCCOc1ccc2c(c1)CC/C(=C\c1ccc(CN(C)Cc3ccccc3)cc1)C2=O,7.2518
COc1cc2c(cc1OC)C(=O)/C(=C/c1ccc(CN(C)Cc3ccccc3)cc1)CC2,6.7447
COc1ccc2c(c1)C(=O)/C(=C/c1ccc(CN(C)Cc3ccccc3)cc1)CC2,5.2692
COc1ccc2c(c1)CC/C(=C\c1ccc(CN(C)Cc3ccccc3)cc1)C2=O,6.9586
CCN(CC)CCCCCCCOc1ccc2c(c1)C(=O)/C(=C/c1ccc(CN(C)Cc3ccccc3)cc1)C2,6.2924
CCN(CC)CCCCCCOc1ccc2c(c1)C(=O)/C(=C/c1ccc(CN(C)Cc3ccccc3)cc1)C2,6.4202
CN(Cc1ccccc1)Cc1ccc(/C=C2\Cc3ccc(OCCCCCN4CCCCC4)cc3C2=O)cc1,6.6990
CCN(CC)CCCCCOc1ccc2c(c1)C(=O)/C(=C/c1ccc(CN(C)Cc3ccccc3)cc1)C2,6.7212
CN(Cc1ccccc1)Cc1ccc(/C=C2\Cc3ccc(OCCCCN4CCCCC4)cc3C2=O)cc1,6.7447
CN(Cc1ccccc1)Cc1ccc(/C=C2\Cc3ccc(OCCCCN4CCOCC4)cc3C2=O)cc1,6.0506
CCN(CC)CCCCOc1ccc2c(c1)C(=O)/C(=C/c1ccc(CN(C)Cc3ccccc3)cc1)C2,6.0506
CCN(CC)CCCOc1ccc2c(c1)C(=O)/C(=C/c1ccc(CN(C)Cc3ccccc3)cc1)C2,5.8794
CCN(CC)CCOc1ccc2c(c1)C(=O)/C(=C/c1ccc(CN(C)Cc3ccccc3)cc1)C2,5.8153
CCN(CC)CCCCOc1ccc2c(c1)C/C(=C\c1ccc(CN(C)Cc3ccccc3)cc1)C2=O,5.4034
CCN(CC)CCCOc1ccc2c(c1)C/C(=C\c1ccc(CN(C)Cc3ccccc3)cc1)C2=O,5.7932
CCN(CC)CCOc1ccc2c(c1)C/C(=C\c1ccc(CN(C)Cc3ccccc3)cc1)C2=O,5.5376
CN(Cc1ccccc1)Cc1ccc(/C=C2\Cc3ccccc3C2=O)cc1,4.9318
CCN(Cc1ccccc1)Cc1ccc(/C=C2\Cc3ccc(OC)cc3C2=O)cc1,5.3072
COc1ccc2c(c1)C(=O)/C(=C/c1ccc(CN(C)Cc3ccccc3)cc1)C2,6.2007
COc1ccc2c(c1)C/C(=C\c1ccc(CN(C)Cc3ccccc3)cc1)C2=O,4.5421
COc1cc2c(cc1OC)C(=O)/C(=C/c1ccc(CN(C)Cc3ccccc3)cc1)C2,5.9431
NC(=O)N1c2ccccc2Sc2ccccc21,4.0491
CNC(=O)N1c2ccccc2Sc2ccccc21,5.0287
CCNC(=O)N1c2ccccc2Sc2ccccc21,2.8386
CC(C)NC(=O)N1c2ccccc2Sc2ccccc21,3.1605
CN(C)C(=O)N1c2ccccc2Sc2ccccc21,3.3979
CCN(CC)CCNC(=O)N1c2ccccc2Sc2ccccc21.Cl,4.7878
CC(C)N(CCNC(=O)N1c2ccccc2Sc2ccccc21)C(C)C,6.0915
O=C(NCCN1CCCC1)N1c2ccccc2Sc2ccccc21,4.5317
O=C(NCCN1CCCCC1)N1c2ccccc2Sc2ccccc21,6.2076
CN(C)C(=O)Oc1ccc[n+](C)c1.[Br-],6.4559
[Br-].[Br-].c1cc[n+](CCCC[n+]2ccccc2)cc1,3.2967
[Br-].[Br-].c1cc[n+](CCCCC[n+]2ccccc2)cc1,2.8962
[Br-].[Br-].c1cc[n+](CCCCCC[n+]2ccccc2)cc1,4.2007
[Br-].[Br-].c1cc[n+](CCCCCCC[n+]2ccccc2)cc1,3.6180
[Br-].[Br-].c1cc[n+](CCCCCCCC[n+]2ccccc2)cc1,4.5086
[Br-].[Br-].c1cc[n+](CCCCCCCCC[n+]2ccccc2)cc1,5.6990
[Br-].[Br-].c1cc[n+](CCCCCCCCCC[n+]2ccccc2)cc1,6.3979
[Br-].[Br-].c1cc[n+](CCCCCCCCCCC[n+]2ccccc2)cc1,7.5229
[Cl-].[Cl-].c1cc[n+](COC[n+]2ccccc2)cc1,2.7520
[Br-].[Br-].c1cc[n+](CCOCC[n+]2ccccc2)cc1,2.6968
C(=C\C[n+]1ccccc1)/C[n+]1ccccc1.[Br-].[Br-],2.6402
C(=C/C[n+]1ccccc1)/C[n+]1ccccc1.[Cl-].[Cl-],2.7011
[Br-].[Br-].c1cc[n+](Cc2ccccc2C[n+]2ccccc2)cc1,3.1965
[Br-].[Br-].c1cc[n+](Cc2cccc(C[n+]3ccccc3)c2)cc1,2.6271
[Br-].[Br-].c1cc[n+](Cc2ccc(C[n+]3ccccc3)cc2)cc1,2.8125
[Br-].[Br-].c1cc[n+](Cc2ccc3ccc(C[n+]4ccccc4)cc3c2)cc1,6.8539
CCCCCCOC(=O)[C@H](CCC(=O)NCCC1CCN(Cc2ccccc2)CC1)NC(=O)OC(C)(C)C,6.0223
CCCCCCOC(=O)[C@H](CCC(=O)NCCC1CCN(Cc2ccccc2)CC1)NC(=O)OCc1ccccc1,6.6021
CCCCCCOC(=O)[C@H](CCC(=O)NCCC1CCN(Cc2ccccc2)CC1)NC(=O)Cc1cc2ccc(Cl)cc2s1,7.0000
CCCCCCOC(=O)[C@H](CCC(=O)NCCC1CCN(Cc2ccccc2)CC1)NC(=O)c1ccccc1,6.2757
CCCCCCOC(=O)[C@H](CCC(=O)NCCC1CCN(Cc2ccccc2)CC1)NC(=O)c1cccs1,6.3010
CCCCCCOC(=O)[C@H](CCC(=O)NCCC1CCN(Cc2ccccc2)CC1)NC(=O)c1cc(Br)cs1,6.7447
CCCCCCOC(=O)[C@H](CCC(=O)NCCC1CCN(Cc2ccccc2)CC1)NC(=O)c1cc2ccccc2s1,6.5686
CCCCCCOC(=O)[C@H](CCC(=O)NCCC1CCN(Cc2ccccc2)CC1)NC(=O)c1cc2cccnc2s1,6.3565
CCCCCCOC(=O)[C@H](CCC(=O)NCCC1CCN(Cc2ccccc2)CC1)NC(=O)c1cc2ccsc2s1,6.5229
CCOC(=O)c1cc2c(N)c3c(nc2nc1C)CCCC3,6.1079
CCOC(=O)c1cc2c(N)c3c(nc2nc1C)CCCCC3,5.6990
COC(=O)c1cc2c(N)c3c(nc2nc1C)CCCCC3,5.6990
CCOC(=O)c1cc2c(N)c3c(nc2nc1C)CCCCCC3,5.7447
CCOC(=O)c1cc2c(N)c3c(nc2nc1C)CCC3,5.6778
COC(=O)c1cc2c(N)c3c(nc2nc1C)CCCCCC3,5.7447
COC(=O)c1cc2c(N)c3c(nc2nc1C)CCC3,5.7212
COC(=O)c1cc2c(N)c3c(nc2nc1C)CCCC3,6.0000
CN(C)C(=O)Oc1ccc(-c2cn3ccccc3[n+]2C)cc1.Cc1ccc(S(=O)(=O)[O-])cc1,4.7670
Cc1cccc2n1cc(-c1ccc(OC(=O)N(C)C)cc1)[n+]2C.[Cl-],5.8861
CN(C)C(=O)Oc1ccc(-c2cn3c(Cl)cccc3[n+]2C)cc1.[Cl-],4.8996
CN(C)C(=O)Oc1ccc(-c2cn3c(C(F)(F)F)cccc3[n+]2C)cc1.[Cl-],5.0000
COc1cccc2n1cc(-c1ccc(OC(=O)N(C)C)cc1)[n+]2C.[Cl-],5.0915
CN(C)C(=O)Oc1ccc(-c2cn3c(NC=O)cccc3[n+]2C)cc1.[Cl-],5.9208
CC(=O)Nc1cccc2n1cc(-c1ccc(OC(=O)N(C)C)cc1)[n+]2C.[Cl-],6.1549
CC(=O)N(C)c1cccc2n1cc(-c1ccc(OC(=O)N(C)C)cc1)[n+]2C.[Cl-],4.6108
CN(C)C(=O)Oc1ccc(-c2cn3c(NC(=O)c4ccccc4)cccc3[n+]2C)cc1.[Cl-],6.6990
CNC(=O)Nc1cccc2n1cc(-c1ccc(OC(=O)N(C)C)cc1)[n+]2C.[Cl-],5.8697
COC(=O)Nc1cccc2n1cc(-c1ccc(OC(=O)N(C)C)cc1)[n+]2C.[Cl-],5.9586
CN(C)C(=O)Nc1cccc2n1cc(-c1ccc(OC(=O)N(C)C)cc1)[n+]2C.[Cl-],5.7959
CNC(=O)Oc1ccc(-c2cn3ccccc3[n+]2C)cc1.[I-],4.7100
CNC(=O)Oc1ccc(-c2cn3c(C)cccc3[n+]2C)cc1.[I-],5.3979
CNC(=O)Oc1ccc(-c2cn3c(NC(C)=O)cccc3[n+]2C)cc1.[I-],5.9586
CN(C)C(=O)Oc1cccc(-c2cn3ccccc3[n+]2C)c1.[Cl-],5.1487
Cc1cccc2n1cc(-c1cccc(OC(=O)N(C)C)c1)[n+]2C.[Cl-],4.6198
CN(C)C(=O)Oc1cccc(-c2cn3c(Cl)cccc3[n+]2C)c1.[Cl-],4.8996
CN(C)C(=O)Oc1cccc(-c2cn3c(C(F)(F)F)cccc3[n+]2C)c1.[Cl-],4.4737
COc1cccc2n1cc(-c1cccc(OC(=O)N(C)C)c1)[n+]2C.[Cl-],4.6882
CC(=O)Nc1cccc2n1cc(-c1cccc(OC(=O)N(C)C)c1)[n+]2C.[Cl-],5.6021
CNC(=O)Oc1cccc(-c2cn3ccccc3[n+]2C)c1.[I-],6.4559
CNC(=O)Oc1cccc(-c2cn3c(NC(C)=O)cccc3[n+]2C)c1.[I-],5.3468
Cc1cn2cc(C(N)=O)ccc2[n+]1C.[I-],4.5686
C[n+]1c(-c2ccccc2)cn2cc(C(N)=O)ccc21.[I-],5.0223
COC(=O)Nc1ccc2n(c1)cc(-c1ccccc1)[n+]2C.[Cl-],4.3010
O=C(CCC1CCN(Cc2ccccc2)CC1)c1ccc2c(c1)CCN2,7.4895
CN1CCc2cc(C(=O)CCC3CCN(Cc4ccccc4)CC3)ccc21,8.0000
CCN1CCc2cc(C(=O)CCC3CCN(Cc4ccccc4)CC3)ccc21,7.9586
CCCN1CCc2cc(C(=O)CCC3CCN(Cc4ccccc4)CC3)ccc21,7.6576
CCCCN1CCc2cc(C(=O)CCC3CCN(Cc4ccccc4)CC3)ccc21,7.5376
CCCCCN1CCc2cc(C(=O)CCC3CCN(Cc4ccccc4)CC3)ccc21,7.3279
O=C(CCC1CCN(Cc2ccccc2)CC1)c1ccc2c(c1)CCN2c1ccccc1,7.1675
COc1ccccc1CN1CCC(CCC(=O)c2ccc3c(c2)CCN3)CC1,6.0904
COc1cccc(CN2CCC(CCC(=O)c3ccc4c(c3)CCN4)CC2)c1,5.5719
COc1ccc(CN2CCC(CCC(=O)c3ccc4c(c3)CCN4)CC2)cc1,4.8761
O=C(CCC1CCN(Cc2ccccc2F)CC1)c1ccc2c(c1)CCN2,7.3665
O=C(CCC1CCN(Cc2cccc(F)c2)CC1)c1ccc2c(c1)CCN2,7.7959
O=C(CCC1CCN(Cc2ccc(F)cc2)CC1)c1ccc2c(c1)CCN2,7.0506
O=C(CCC1CCN(Cc2ccccc2Cl)CC1)c1ccc2c(c1)CCN2,7.1192
O=C(CCC1CCN(Cc2cccc(Cl)c2)CC1)c1ccc2c(c1)CCN2,7.2291
O=C(CCC1CCN(Cc2ccc(Cl)cc2)CC1)c1ccc2c(c1)CCN2,5.1965
Cc1cccc(CN2CCC(CCC(=O)c3ccc4c(c3)CCN4)CC2)c1,7.3010
O=C(CCC1CCN(Cc2cccc([N+](=O)[O-])c2)CC1)c1ccc2c(c1)CCN2,7.1938
O=C(CCC1CCN(Cc2ccccc2)CC1)c1ccc2c(c1)NCC2,6.9469
O=C(CCC1CCN(Cc2ccccc2)CC1)c1ccc2c(c1)N(Cc1ccccc1)CC2,6.0691
O=C(CCC1CCN(Cc2ccccc2)CC1)c1ccc2c(c1)CCCN2,7.2288
CN1CCCc2cc(C(=O)CCC3CCN(Cc4ccccc4)CC3)ccc21,7.6198
O=C(CCC1CCN(Cc2ccccc2)CC1)c1ccc2c(c1)NCCC2,6.7826
O=C(CCC1CCN(Cc2ccccc2)CC1)c1ccc2c(c1)CCCN2c1ccccc1,7.2676
CN1CCCc2ccc(C(=O)CCC3CCN(Cc4ccccc4)CC3)cc21,7.4437
O=C(CCC1CCN(Cc2ccccc2)CC1)c1ccc2c(c1)N(c1ccccc1)CCC2,5.8268
O=C(CCC1CCN(Cc2ccccc2)CC1)c1ccc2c(c1)CCCCN2,6.9031
CN1CCCCc2ccc(C(=O)CCC3CCN(Cc4ccccc4)CC3)cc21,7.0915
CCN1CCCCc2ccc(C(=O)CCC3CCN(Cc4ccccc4)CC3)cc21,6.4248
CCCN1CCCCc2ccc(C(=O)CCC3CCN(Cc4ccccc4)CC3)cc21,5.8761
O=C(CCC1CCN(Cc2ccccc2)CC1)c1ccc2c(c1)N(Cc1ccccc1)CCCC2,5.5031
COc1ccccc1CN1CCC(CCC(=O)c2ccc3c(c2)NCCCC3)CC1,5.5764
COc1cccc(CN2CCC(CCC(=O)c3ccc4c(c3)NCCCC4)CC2)c1,6.0721
COc1ccc(CN2CCC(CCC(=O)c3ccc4c(c3)NCCCC4)CC2)cc1,4.2581
O=C(CCC1CCN(Cc2ccccc2F)CC1)c1ccc2c(c1)NCCCC2,6.4802
O=C(CCC1CCN(Cc2cccc(F)c2)CC1)c1ccc2c(c1)NCCCC2,6.8386
O=C(CCC1CCN(Cc2ccc(F)cc2)CC1)c1ccc2c(c1)NCCCC2,6.4056
O=C(CCC1CCN(Cc2cccc(Cl)c2)CC1)c1ccc2c(c1)NCCCC2,6.4776
Cc1cccc(CN2CCC(CCC(=O)c3ccc4c(c3)NCCCC4)CC2)c1,6.6498
O=C(CCC1CCN(Cc2cccc([N+](=O)[O-])c2)CC1)c1ccc2c(c1)NCCCC2,6.4089
O=C(CCC1CCN(Cc2ccccc2)CC1)c1ccc2c(c1)NCCCCC2,6.8962
c1ccc(CN2CCC(CNc3nsc4ccccc34)CC2)cc1,7.0044
c1ccc(CN2CCC(CNc3n[nH]c4ccccc34)CC2)cc1,6.9208
COc1ccc2c(c1OC)C(=O)CC2CCC1CCN(Cc2ccccc2)CC1,8.0969
CCCCCCCNC(=O)Oc1ccc2c(c1)[C@]1(C)CCN(C)[C@@H]1C2,6.9431
CCCCCCNC(=O)Oc1ccc2c(c1)[C@]1(C)CCN(C)[C@@H]1C2,8.0000
CCCCCCCNC(=O)Oc1ccc2c(c1)[C@]1(C)CCN(CC)[C@@H]1C2,7.2366
CCCCNC(=O)Oc1ccc2c(c1)[C@]1(C)CCN(CC)[C@@H]1C2,7.0458
CCN1CC[C@@]2(C)c3cc(OC(=O)NC(C)(C)C)ccc3C[C@@H]12,4.9035
CCCNC(=O)Oc1ccc2c(c1)[C@]1(C)CCN(CC)[C@@H]1C2,6.8125
CCN1CC[C@@]2(C)c3cc(OC(=O)NC)ccc3C[C@@H]12,7.4202
CCN1CC[C@@]2(C)c3cc(OC(=O)Nc4ccccc4)ccc3C[C@@H]12,6.7545
CCN1CC[C@@]2(C)c3cc(OC(=O)NC(C)c4ccccc4)ccc3C[C@@H]12,5.8761
CCN1CC[C@@]2(C)c3cc(OC(=O)NCc4ccccc4)ccc3C[C@@H]12,7.1612
CCCCCCCNC(=O)Oc1ccc2c(c1)[C@]1(C)CCN(CCC)[C@@H]1C2,7.0315
CCCCCCNC(=O)Oc1ccc2c(c1)[C@]1(C)CCN(CCC)[C@@H]1C2,7.2076
CCCCCCCNC(=O)Oc1ccc2c(c1)[C@]1(C)CCN(Cc3ccccc3)[C@@H]1C2,6.2958
CCCCCCCNC(=O)Oc1ccc2c(c1)[C@@H]1CCN(CC)[C@@H]1C2,6.4191
CCCCCCNC(=O)Oc1ccc2c(c1)[C@@H]1CCN(CC)[C@@H]1C2,6.6819
CCCCNC(=O)Oc1ccc2c(c1)C1CCN(CC)C1C2,5.9682
CCCNC(=O)Oc1ccc2c(c1)C1CCN(CC)C1C2,5.6592
CCN1CCC2c3cc(OC(=O)NC)ccc3CC21,6.5969
CCCCCCCNC(=O)Oc1ccc2c(c1)C1CCN(CCC)C1C2,6.2013
CCCCCCNC(=O)Oc1ccc2c(c1)C1CCN(CCC)C1C2,6.2628
O=C(NCCC1CCN(Cc2ccccc2)CC1)c1ccccc1,6.2518
CN(CCC1CCN(Cc2ccccc2)CC1)C(=O)c1ccccc1,6.7696
O=C(c1ccccc1)N(CCC1CCN(Cc2ccccc2)CC1)c1ccccc1,7.4559
COc1ccc(C(=O)N(CCC2CCN(Cc3ccccc3)CC2)c2ccccc2)cc1,6.2291
O=C(c1ccc(F)cc1)N(CCC1CCN(Cc2ccccc2)CC1)c1ccccc1,7.7447
O=C(c1ccc([N+](=O)[O-])cc1)N(CCC1CCN(Cc2ccccc2)CC1)c1ccccc1,8.2676
O=C(c1ccncc1)N(CCC1CCN(Cc2ccccc2)CC1)c1ccccc1,7.1938
O=C(C1CCCCC1)N(CCC1CCN(Cc2ccccc2)CC1)c1ccccc1,5.0269
CC(=O)N(CCC1CCN(Cc2ccccc2)CC1)c1ccccc1,7.2840
CCC(=O)N(CCC1CCN(Cc2ccccc2)CC1)c1ccccc1,6.0809
COc1cccc(N(CCC2CCN(Cc3ccccc3)CC2)C(C)=O)c1,7.3372
COc1ccc(N(CCC2CCN(Cc3ccccc3)CC2)C(C)=O)cc1,6.1549
CC(=O)N(CCC1CCN(Cc2ccccc2)CC1)c1cccc(F)c1,7.1871
CC(=O)N(CCC1CCN(Cc2ccccc2)CC1)c1ccc(F)cc1,6.6882
CCN(CCC1CCN(Cc2ccccc2)CC1)c1ccccc1,4.9208
CC(=O)N(CCC1CCN(Cc2ccccc2)CC1)c1ccncc1,6.9666
CC(=O)N(C)CCC1CCN(Cc2ccccc2)CC1,6.1805
O=C1c2ccccc2CN1CCC1CCN(Cc2ccccc2)CC1,7.0088
O=C1c2ccccc2C(=O)N1CCC1CCN(Cc2ccccc2)CC1,7.0969
O=C1c2ccc([N+](=O)[O-])cc2C(=O)N1C1CCN(Cc2ccccc2)CC1,4.5686
O=C1c2ccc([N+](=O)[O-])cc2C(=O)N1CC1CCN(Cc2ccccc2)CC1,5.5229
O=C1c2ccc([N+](=O)[O-])cc2C(=O)N1CCC1CCN(Cc2ccccc2)CC1,7.9031
COc1ccc(CN2CCC(CCN3C(=O)c4ccc([N+](=O)[O-])cc4C3=O)CC2)cc1,6.3565
O=C1c2ccc([N+](=O)[O-])cc2C(=O)N1CCC1CCN(Cc2ccc(Cl)cc2)CC1,6.6198
CN1CCC(CCN2C(=O)c3ccc([N+](=O)[O-])cc3C2=O)CC1,5.1675
Nc1ccc2c(c1)C(=O)N(CCC1CCN(Cc3ccccc3)CC1)C2=O,8.0555
CC(=O)Nc1ccc2c(c1)C(=O)N(CCC1CCN(Cc3ccccc3)CC1)C2=O,8.5528
O=C(Nc1ccc2c(c1)C(=O)N(CCC1CCN(Cc3ccccc3)CC1)C2=O)c1ccccc1,8.9208
COc1ccc2c(c1)C(=O)N(CCC1CCN(Cc3ccccc3)CC1)C2=O,8.0969
O=C(Nc1ccccc1)c1ccc2c(c1)C(=O)N(CCC1CCN(Cc3ccccc3)CC1)C2=O,8.6576
O=C(c1ccccc1)c1ccc2c(c1)C(=O)N(CCC1CCN(Cc3ccccc3)CC1)C2=O,8.6198
O=C1c2cccc([N+](=O)[O-])c2C(=O)N1CCC1CCN(Cc2ccccc2)CC1,8.0458
Nc1cccc2c1C(=O)N(CCC1CCN(Cc3ccccc3)CC1)C2=O,7.9586
O=C(Nc1cccc2c1C(=O)N(CCC1CCN(Cc3ccccc3)CC1)C2=O)c1ccccc1,6.4685
O=C1c2cccnc2C(=O)N1CCC1CCN(Cc2ccccc2)CC1,7.8861
O=c1c2ccccc2ccn1CCC1CCN(Cc2ccccc2)CC1,5.9586
O=C1c2ccccc2CCN1CCC1CCN(Cc2ccccc2)CC1,6.0000
O=C1Cc2ccccc2CN1CCC1CCN(Cc2ccccc2)CC1,7.7696
c1ccc(CN2CCC(CCN3CCc4ccccc4C3)CC2)cc1,5.7959
O=C1Cc2ccccc2C(=O)N1CCC1CCN(Cc2ccccc2)CC1,7.6383
O=c1c2ccccc2ncn1CCC1CCN(Cc2ccccc2)CC1,5.9208
O=C1c2ccccc2NCN1CCC1CCN(Cc2ccccc2)CC1,6.0969
O=c1[nH]c2ccccc2c(=O)n1CCC1CCN(Cc2ccccc2)CC1,8.3768
O=C1Nc2ccccc2CN1CCC1CCN(Cc2ccccc2)CC1,7.8861
O=c1[nH]c2cc(Cl)ccc2c(=O)n1CCC1CCN(Cc2ccccc2)CC1,8.3468
O=C1CCCCN1CCC1CCN(Cc2ccccc2)CC1,6.5686
O=C1CNc2cc3onc(CCC4CCN(Cc5ccccc5)CC4)c3cc2C1,9.3188
CNC(=O)Oc1cccc(CN(C)CCCCOc2ccc3c(=O)c4ccccc4oc3c2)c1,7.4318
CCCCCCNC(=O)Oc1cccc(CN(C)CCCCOc2ccc3c(=O)c4ccccc4oc3c2)c1,7.0000
CNC(=O)Oc1cccc(CN(C)CCCCCOc2ccc3c(=O)c4ccccc4oc3c2)c1,9.0862
CCCCCCNC(=O)Oc1cccc(CN(C)CCCCCOc2ccc3c(=O)c4ccccc4oc3c2)c1,7.0000
CCNC(=O)Oc1cccc(CN(C)CCCOc2ccc3c(=O)c4ccccc4oc3c2)c1,7.8861
CCCNC(=O)Oc1cccc(CN(C)CCCOc2ccc3c(=O)c4ccccc4oc3c2)c1,7.5528
CCCCNC(=O)Oc1cccc(CN(C)CCCOc2ccc3c(=O)c4ccccc4oc3c2)c1,7.4437
CN(CCCOc1ccc2c(=O)c3ccccc3oc2c1)Cc1cccc(OC(=O)Nc2ccccc2)c1,8.5528
CNC(=O)Oc1cccc(CN(C)CCCOc2ccc3c(=O)c4cccnc4oc3c2)c1,8.9586
CCCCNC(=O)Oc1cccc(CN(C)CCCOc2ccc3c(=O)c4cccnc4oc3c2)c1,8.0506
CCCCCCNC(=O)Oc1cccc(CN(C)CCCOc2ccc3c(=O)c4cccnc4oc3c2)c1,7.3768
CNC(=O)Oc1cccc(CN(C)CCCOc2ccc3ccc(=O)oc3c2)c1,8.2441
CCCCNC(=O)Oc1cccc(CN(C)CCCOc2ccc3ccc(=O)oc3c2)c1,7.8539
CCCCCCNC(=O)Oc1cccc(CN(C)CCCOc2ccc3ccc(=O)oc3c2)c1,7.8861
CNC(=O)Oc1cccc(CN(C)CCCOc2ccc3c(=O)ccoc3c2)c1,8.0506
CCCCNC(=O)Oc1cccc(CN(C)CCCOc2ccc3c(=O)ccoc3c2)c1,6.6021
CCCCCCNC(=O)Oc1cccc(CN(C)CCCOc2ccc3c(=O)ccoc3c2)c1,7.6778
CNC(=O)Oc1cccc(CN(C)CCCOc2ccc3c(=O)cc(-c4ccccc4)oc3c2)c1,8.2441
CCCCNC(=O)Oc1cccc(CN(C)CCCOc2ccc3c(=O)cc(-c4ccccc4)oc3c2)c1,7.5086
CCCCCCNC(=O)Oc1cccc(CN(C)CCCOc2ccc3c(=O)cc(-c4ccccc4)oc3c2)c1,7.1675
CCN(CCCOc1ccc2c(=O)c3ccccc3oc2c1)Cc1cccc(OC(=O)NC)c1,9.2518
CCCCNC(=O)Oc1cccc(CN(CC)CCCOc2ccc3c(=O)c4ccccc4oc3c2)c1,8.0655
CCCCCCNC(=O)Oc1cccc(CN(CC)CCCOc2ccc3c(=O)c4ccccc4oc3c2)c1,6.7959
CCCN(CCCOc1ccc2c(=O)c3ccccc3oc2c1)Cc1cccc(OC(=O)NC)c1,8.3979
CCCCNC(=O)Oc1cccc(CN(CCC)CCCOc2ccc3c(=O)c4ccccc4oc3c2)c1,7.1549
CCCCCCNC(=O)Oc1cccc(CN(CCC)CCCOc2ccc3c(=O)c4ccccc4oc3c2)c1,6.3979
CNC(=O)Oc1cccc(CN(CCCOc2ccc3c(=O)c4ccccc4oc3c2)C(C)C)c1,9.1549
CCCCNC(=O)Oc1cccc(CN(CCCOc2ccc3c(=O)c4ccccc4oc3c2)C(C)C)c1,7.0000
CCCCCCNC(=O)Oc1cccc(CN(CCCOc2ccc3c(=O)c4ccccc4oc3c2)C(C)C)c1,6.7696
c1ccc(-c2ccc(NCCN3CCOCC3)nn2)cc1,3.0000
c1ccc(-c2ccc(NCCN3CCCCC3)nn2)cc1,4.8861
Cc1cc(-c2ccccc2)nnc1NCCN1CCOCC1,4.0706
Cc1cc(-c2ccccc2)nnc1NCCN1CCCCC1,5.2676
Cc1cc(-c2ccc(Cl)cc2)nnc1NCCN1CCOCC1,4.4685
Cc1cc(-c2ccc(Cl)cc2)nnc1NCCN1CCCCC1,5.8861
Cc1cc(-c2ccc3c(c2)OCO3)nnc1NCCN1CCCCC1,6.0000
OCc1cc(-c2ccccc2)nnc1NCCN1CCOCC1,3.3565
N#Cc1cc(-c2ccccc2)nnc1NCCN1CCOCC1,4.0000
FC(F)(F)c1cc(-c2ccccc2)nnc1NCCN1CCOCC1,3.1308
Nc1cc(-c2ccccc2)nnc1NCCN1CCOCC1,3.5686
c1ccc(-c2cc(-c3ccccc3)c(NCCN3CCOCC3)nn2)cc1,3.5850
c1ccc(-c2ccc(NCCCN3CCOCC3)nn2)cc1,3.3872
CCN1CCCC1CNc1ccc(-c2ccccc2)nn1,4.2076
c1ccc(-c2ccc(NCCN3CCc4ccccc4C3)nn2)cc1,4.0809
c1ccc(-c2ccc(NCCCN3CCc4ccccc4C3)nn2)cc1,4.4559
c1ccc(-c2ccc(NCCCCN3CCc4ccccc4C3)nn2)cc1,4.8239
c1ccc(-c2ccc(NCCCCCN3Cc4ccccc4CN3)nn2)cc1,5.0000
CN(CCNc1ccc(-c2ccccc2)nn1)Cc1ccccc1,3.7696
CN(CCCNc1ccc(-c2ccccc2)nn1)Cc1ccccc1,4.8861
CN(CCCCNc1ccc(-c2ccccc2)nn1)Cc1ccccc1,4.9586
CN(CCCCCNc1ccc(-c2ccccc2)nn1)Cc1ccccc1,6.1308
c1ccc(CN2CCC(Nc3ccc(-c4ccccc4)nn3)CC2)cc1,4.1871
c1ccc(CN2CCC(CNc3ccc(-c4ccccc4)nn3)CC2)cc1,4.2518
c1ccc(CN2CCC(CCNc3ccc(-c4ccccc4)nn3)CC2)cc1,6.9208
c1ccc(-c2ccc(NCN3CCCCC3)nc2)cc1,4.8861
c1ccc(-c2cnc(NCN3CCCCC3)nc2)cc1,4.0000
c1ccc(-c2ncc(NCN3CCCCC3)nn2)cc1,4.2441
c1ccc(-c2nnc(NCN3CCCCC3)s2)cc1,4.2676
c1ccc(-c2cnc(NCN3CCCCC3)nn2)cc1,4.2218
c1ccc(C2=NNC(NCN3CCCCC3)=NC2)cc1,4.3279
O=C(CCC1CCN(Cc2ccccc2)CC1)c1ccccc1,6.5178
O=C(CCC1CCN(Cc2ccccc2)CC1)c1ccc2c(c1)OCO2,7.5229
CCn1c(C)nc2cc(C(=O)CCC3CCN(Cc4ccccc4)CC3)ccc21,8.3683
Cc1nc2ccc(C(=O)CCC3CCN(Cc4ccccc4)CC3)cc2s1,8.1687
Cc1nc2cc(C(=O)CCC3CCN(Cc4ccccc4)CC3)ccc2[nH]1,7.9205
O=C(CCC1CCN(Cc2ccccc2)CC1)c1ccc2[nH]c(-c3ccccc3)nc2c1,7.4815
CN(CCOCCNC(=S)NC(=O)c1ccccc1)Cc1ccccc1,6.9208
Cc1ccc(C(=O)NC(=S)NCCOCCN(C)Cc2ccccc2)cc1,7.1135
COc1ccc(C(=O)NC(=S)NCCOCCN(C)Cc2ccccc2)cc1,7.5850
CN(CCOCCNC(=S)NC(=O)c1ccc(Cl)cc1)Cc1ccccc1,7.5229
CN(CCOCCNC(=S)NC(=O)c1cccc([N+](=O)[O-])c1)Cc1ccccc1,7.8239
CN(CCOCCNC(=S)NC(=O)c1ccc(Cl)c(Cl)c1)Cc1ccccc1,7.2596
CN(CCOCCNC(=S)NC(=O)c1ccc(-c2ccccc2)cc1)Cc1ccccc1,6.6383
CN(CCOCCNC(=S)NC(=O)c1ccc2ccccc2c1)Cc1ccccc1,7.0000
CN(CCOCCNC(=S)NC(=O)c1ccc2c(c1)C(=O)c1ccccc1-2)Cc1ccccc1,7.5229
CN(CCOCCNC(=S)NC(=O)c1ccc2c(c1)C(=O)c1ccccc1C2=O)Cc1ccccc1,8.2218
CN(CCOCCCNC(=S)NC(=O)c1ccccc1)Cc1ccccc1,5.9586
CN(CCOCCNC(=S)NC(=O)c1ccccc1)C1CCCCC1,7.8861
CN(CCOCCNC(=S)Nc1ccc(Cl)cc1)Cc1ccccc1,5.7447
CN(CCOCCNC(=S)Nc1cccc2ccccc12)Cc1ccccc1,5.0000
COc1ccc(NC(=S)NCCOCCN(C)Cc2cccc([N+](=O)[O-])c2)cc1OC,5.8239
CN(CCOCCNC(=S)Nc1ccc(OC(F)(F)F)cc1)Cc1ccccc1,6.0000
CN(CCOCCNC(=S)Nc1ccccn1)Cc1ccccc1,5.3979
CN(CCOCCNC(=S)NC1CCCCC1)Cc1ccccc1,5.8539
CCN(CCOCCNC(=O)NCc1ccccc1)CC1CCCCC1,5.0000
CN(CCOCCNC(=O)Nc1ccc([N+](=O)[O-])cc1)Cc1ccccc1,5.6383
NCCCCCCCNc1c2c(nc3ccccc13)CCCC2,6.4962
NCCCCCCCCNc1c2c(nc3ccccc13)CCCC2,7.0506
NCCCCCCCCCNc1c2c(nc3ccccc13)CCCC2,6.8827
NCCCCCCCCCCNc1c2c(nc3ccccc13)CCCC2,6.8327
NCCCCCCCCCCCCNc1c2c(nc3ccccc13)CCCC2,6.7447
CN(C)CCCCCCCNc1c2c(nc3ccccc13)CCCC2,7.2840
CN(C)CCCCCCCCNc1c2c(nc3ccccc13)CCCC2,7.3279
CN(C)CCCCCCCCCNc1c2c(nc3ccccc13)CCCC2,7.1487
CN(C)CCCCCCCCCCNc1c2c(nc3ccccc13)CCCC2,7.3468
CN(C)CCCCCCCCCCCCNc1c2c(nc3ccccc13)CCCC2,6.5784
c1ccc2c(NCCCCCCCNc3ccncc3)c3c(nc2c1)CCCC3,7.8928
c1ccc2c(NCCCCCCCCNc3ccncc3)c3c(nc2c1)CCCC3,7.8665
c1ccc2c(NCCCCCCCCCNc3ccncc3)c3c(nc2c1)CCCC3,7.0809
c1ccc2c(NCCCCCCCCCCNc3ccncc3)c3c(nc2c1)CCCC3,6.7545
c1ccc(NCCCCCCCCCCCCNc2c3c(nc4ccccc24)CCCC3)cc1,6.5834
c1ccc2c(NCCCCCCCNc3c4c(nc5ccccc35)CCCC4)ccnc2c1,7.9957
c1ccc2c(NCCCCCCCCNc3c4c(nc5ccccc35)CCCC4)ccnc2c1,8.0555
c1ccc2c(NCCCCCCCCCNc3c4c(nc5ccccc35)CCCC4)ccnc2c1,7.4202
Nc1c2c(nc3ccccc13)CCC2,5.3565
Nc1c2c(nc3ccccc13)CCCCC2,7.4089
Nc1c2c(nc3ccccc13)CCCCCC2,5.0410
CC12CCC(c3c1nc1ccccc1c3N)C2(C)C,3.9586
COc1ccc2c(c1)CCc1c-2nc2ccccc2c1N,4.3279
Nc1c2c(nc3ccccc13)-c1cc(Br)ccc1CC2,3.8413
Nc1c2c(nc3ccccc13)-c1ccccc1CCC2,3.7796
COc1ccc2c(c1)CCCc1c-2nc2ccccc2c1N,4.1624
Nc1c2c(nc3ccccc13)CCCc1ccccc1-2,4.4179
Nc1c2ccccc2nc2c1cnc1cc(Cl)ccc12,3.0000
Nc1c2c(nc3ccccc13)-c1ccccc1NCC2,4.1586
Nc1c2c(nc3ccccc13)-c1ccccc1NCCC2,3.4077
CC1Cc2c(nc3ccccc3c2N)C1(C)O,3.8729
CCCCC1(O)c2nc3ccccc3c(N)c2CC1C,4.0410
CC1=C(C)c2nc3ccccc3c(N)c2C1,5.4559
CCCCC1=C(C)Cc2c1nc1ccccc1c2N,4.6021
CNCCC(Oc1ccc(C(F)(F)F)cc1)c1ccccc1,6.8861
O=C1c2ccccc2CC1CC1CCN(c2ccccc2)CC1,6.8239
O=C1c2ccccc2CCC1CC1CCN(c2ccccc2)CC1,5.6778
O=C1c2ccccc2CCCC1CC1CCN(c2ccccc2)CC1,4.8239
COc1cc2c(cc1OC)C(=O)C(CC1CCN(c3ccccc3)CC1)C2,8.2441
COc1cc2c(cc1OC)C(O)C(CC1CCN(c3ccccc3)CC1)C2,6.5229
COc1cc2c(cc1OC)CC(CC1CCN(c3ccccc3)CC1)=C2,5.3565
CNC(=O)Oc1cccc(CN(C)CCCCCCCCOc2ccc3c(=O)c4ccccc4oc3c2)c1,8.1675
CNC(=O)Oc1cccc(CN(C)CCCCCCCCCOc2ccc3c(=O)c4ccccc4oc3c2)c1,7.9318
CNC(=O)Oc1cccc(CN(C)CCCCCCCCCCOc2ccc3c(=O)c4ccccc4oc3c2)c1,7.6615
CNC(=O)Oc1cccc(CN(C)CCCOc2ccc(C(=O)c3ccccc3)cc2)c1,8.2676
CNC(=O)Oc1cccc(CN(C)CCCOc2ccc(Cc3ccccc3)cc2)c1,7.6073
CNC(=O)Oc1cccc(CN(C)CCCOc2ccc3ccccc3c2)c1,7.0830
CNC(=O)Oc1cccc(CN(C)CCCOc2ccccc2)c1,7.0991
CNC(=O)Oc1cccc(CN(C)CC#CCOc2ccc3c(=O)c4ccccc4oc3c2)c1,6.6778
Cc1cc(-c2ccccc2)n[nH]c1=NCCC1CCN(Cc2ccccc2)CC1,6.4949
CC(C)c1cc(-c2ccccc2)n[nH]c1=NCCC1CCN(Cc2ccccc2)CC1,6.3665
Cc1cc(=NCCC2CCN(Cc3ccccc3)CC2)[nH]nc1-c1ccccc1,7.6778
CCc1cc(=NCCC2CCN(Cc3ccccc3)CC2)[nH]nc1-c1ccccc1,7.5686
CCCc1cc(=NCCC2CCN(Cc3ccccc3)CC2)[nH]nc1-c1ccccc1,7.2147
c1ccc(CN2CCC(CCN=c3[nH]nc(-c4ccccc4)c4ccccc34)CC2)cc1,6.3565
c1ccc2c(NCCCCCCNc3c4c(nc5ccccc35)CCC4)c3c(nc2c1)CCC3,6.9393
c1ccc2c(NCCCCCCCNc3c4c(nc5ccccc35)CCC4)c3c(nc2c1)CCC3,7.1249
c1ccc2c(NCCCCCCCCNc3c4c(nc5ccccc35)CCC4)c3c(nc2c1)CCC3,7.6576
c1ccc2c(NCCCCCCNc3c4c(nc5ccccc35)CCCC4)c3c(nc2c1)CCCC3,8.8539
c1ccc2c(NCCCCCCCCNc3c4c(nc5ccccc35)CCCC4)c3c(nc2c1)CCCC3,8.7959
Fc1ccc2c(NCCCCCCNc3c4c(nc5cc(F)ccc35)CCCC4)c3c(nc2c1)CCCC3,9.0458
Fc1ccc2c(NCCCCCCCNc3c4c(nc5cc(F)ccc35)CCCC4)c3c(nc2c1)CCCC3,9.2218
Fc1ccc2c(NCCCCCCCCNc3c4c(nc5cc(F)ccc35)CCCC4)c3c(nc2c1)CCCC3,9.1549
Clc1ccc2c(NCCCCCCNc3c4c(nc5cc(Cl)ccc35)CCCC4)c3c(nc2c1)CCCC3,9.2218
Clc1ccc2c(NCCCCCCCNc3c4c(nc5cc(Cl)ccc35)CCCC4)c3c(nc2c1)CCCC3,10.1549
Clc1ccc2c(NCCCCCCCCNc3c4c(nc5cc(Cl)ccc35)CCCC4)c3c(nc2c1)CCCC3,9.5229
c1cnc2nc3c(c(NCCCCCCNc4c5c(nc6ncccc46)CCCC5)c2c1)CCCC3,8.3188
c1cnc2nc3c(c(NCCCCCCCNc4c5c(nc6ncccc46)CCCC5)c2c1)CCCC3,8.8861
c1cnc2nc3c(c(NCCCCCCCCNc4c5c(nc6ncccc46)CCCC5)c2c1)CCCC3,8.7212
c1ccc2c(NCCCCCCNc3c4c(nc5ncccc35)CCCCC4)c3c(nc2c1)CCCCC3,8.6021
c1ccc2c(NCCCCCCCNc3c4c(nc5ccccc35)CCCCC4)c3c(nc2c1)CCCCC3,8.5686
c1ccc2c(NCCCCCCCCNc3c4c(nc5ccccc35)CCCCC4)c3c(nc2c1)CCCCC3,8.7959
Cc1ccc2nc3c(c(Nc4ccccc4)c2c1)CCCC3,5.4318
Cc1ccc2c(Nc3ccccc3)c3c(nc2c1)CCCC3,6.1249
Clc1ccc2c(Nc3ccccc3)c3c(nc2c1)CCCC3,6.7696
O=[N+]([O-])c1ccc2nc3c(c(Nc4ccccc4)c2c1)CCCC3,5.7959
O=[N+]([O-])c1ccc2c(Nc3ccccc3)c3c(nc2c1)CCCC3,5.3188
CNC(=O)Oc1cccc(CN(C)CCCOc2ccc3c(c2)O/C(=C\c2cc(O)c(O)c(O)c2)C3=O)c1,8.5243
CNC(=O)Oc1cccc(CN(C)CCCCCCCOc2ccc3c(c2)O/C(=C\c2cc(O)c(O)c(O)c2)C3=O)c1,9.2840
CNC(=O)Oc1cccc(CN(C)CCCCCCCOc2ccc3c(c2)O/C(=C\c2ccc4ccccc4c2)C3=O)c1,8.6799
CNC(=O)Oc1cccc(CN(C)CCCCCCCOc2ccc3c(c2)C/C(=C\c2cc(O)c(O)c(O)c2)C3=O)c1,8.7447
CNC(=O)Oc1cccc(CN(C)CCCCCCCOc2ccc3c(c2)OC/C(=C/c2cc(O)c(O)c(O)c2)C3=O)c1,8.0083
CNC(=O)Oc1cccc(CN(C)CCCCCCCOc2ccc3c(c2)CC/C(=C/c2cc(O)c(O)c(O)c2)C3=O)c1,8.3063
O=C(CCc1c[nH]c2ccccc12)NCCCCCNc1c2c(nc3ccccc13)CCCC2,7.1549
O=C(CCc1c[nH]c2ccccc12)NCCCCCNc1c2c(nc3cc(Cl)ccc13)CCCC2,8.3979
O=C(CCc1c[nH]c2ccccc12)NCCCCCCNc1c2c(nc3ccccc13)CCCC2,10.6990
O=C(CCc1c[nH]c2ccccc12)NCCCCCCCNc1c2c(nc3ccccc13)CCCC2,10.2218
O=C(CCc1c[nH]c2ccccc12)NCCCCCCCCNc1c2c(nc3cc(Cl)ccc13)CCCC2,9.3010
O=C(CCc1c[nH]c2ccccc12)NCCCCCCCCCNc1c2c(nc3cc(Cl)ccc13)CCCC2,8.3565
O=C(CCc1c[nH]c2ccccc12)NCCCCCCCCCCNc1c2c(nc3cc(Cl)ccc13)CCCC2,7.6596
CN(CCCNC(=O)CCc1c[nH]c2ccccc12)CCCNc1c2c(nc3ccccc13)CCCC2,6.8327
CN(CCCNC(=O)CCc1c[nH]c2ccccc12)CCCNc1c2c(nc3cc(Cl)ccc13)CCCC2,8.5376
N#Cc1ccc2[nH]cc(CCC(=O)NCCCCCCNc3c4c(nc5cc(Cl)ccc35)CCCC4)c2c1,9.1549
O=C(/C=C/c1c[nH]c2ccccc12)NCCCCCCNc1c2c(nc3cc(Cl)ccc13)CCCC2,7.7447
O=C(NCCCCCNc1c2c(nc3cc(Cl)ccc13)CCCC2)c1c[nH]c2ccccc12,6.7447
O=C(NCCCCCCNc1c2c(nc3cc(Cl)ccc13)CCCC2)c1c[nH]c2ccccc12,7.4815
O=C(NCCCCCCCNc1c2c(nc3cc(Cl)ccc13)CCCC2)c1c[nH]c2ccccc12,7.4437
O=C(NCCCCCCCCNc1c2c(nc3cc(Cl)ccc13)CCCC2)c1c[nH]c2ccccc12,7.3372
O=C(CCCc1c[nH]c2ccccc12)NCCCCCCNc1c2c(nc3cc(Cl)ccc13)CCCC2,9.3010
Cn1cc(C(=O)NCCCCCCCNc2c3c(nc4cc(Cl)ccc24)CCCC3)c2ccccc21,7.9626
O=C(NCCCCCCCNc1c2c(nc3cc(Cl)ccc13)CCCC2)c1n[nH]c2ccccc12,7.0223
O=C(CCOCCc1c[nH]c2ccccc12)NCCCCCNc1c2c(nc3cc(Cl)ccc13)CCCC2,8.8239
O=C(CCOCCc1c[nH]c2ccccc12)NCCCCCCNc1c2c(nc3cc(Cl)ccc13)CCCC2,9.1549
O=C(CCOCCc1c[nH]c2ccccc12)NCCCCCCCNc1c2c(nc3cc(Cl)ccc13)CCCC2,8.5229
O=C(Nc1cccc(C2=NCCN2)c1)Nc1cccc(C2=NCCN2)c1,6.2291
CC(Cc1ccc(O)cc1)C1CCC(C)C(c2ccc(O)cc2)C1,6.2076
COc1cc(N)c(Cl)cc1C(=O)NC1CCN(Cc2ccccc2)CC1,6.0506
CC(C)Cc1ccc(C(=O)CC(Sc2ccccc2N)c2cccc([N+](=O)[O-])c2)cc1,5.8861
Cc1ccc(S(=O)(=O)N(Cc2ccccc2)c2ccc(N)cc2O)cc1,5.6021
Cc1nn(S(=O)(=O)c2cc(C(F)(F)F)cc(C(F)(F)F)c2)cc1-c1nsc(Nc2ccccc2)n1,5.5850
O=C(CC1S/C(=N/c2ccc(C3CCCCC3)cc2)NC1=O)Nc1ccc(OC(F)(F)F)cc1,5.7925
Oc1ccc(C2CC(c3ccccc3O)=Nc3ccccc3S2)cc1,5.3872
C/C(=N\O)c1ccc(Cl)c(NC(=O)c2c(-c3ccccc3Cl)noc2C)c1,5.1739
Fc1ccc(N(Cc2ccc3c(c2)OCO3)C(=S)Nc2cccc(C(F)(F)F)c2)cc1,5.0969
COc1ccc(-c2cc(-c3ccc(N(C)C)cc3)nc(NS(=O)(=O)c3ccc(NC(C)=O)cc3)n2)cc1,5.0706
CCCc1cc(N2CCC=N2)ccc1C(=O)O/N=C(\N)c1ccc(C(F)(F)F)cc1,4.8861
COc1ccc(/N=C/c2cn(-c3ccc(OC)cc3)cc2/C=N/c2ccc(OC)cc2)cc1,4.8539
Cc1cc(C2(c3cc(C)c(O)c(C)c3)CCCCC2)cc(C)c1O,4.8239
Cc1c(/N=C/c2ccccc2O)cc2c(c1N)C(C)(C)CC2(C)C,4.7959
CN(C)c1ccc(-c2c3cc(O)c(=O)cc-3oc3cc(O)c(O)cc23)cc1,4.6576
Cc1nc(N)ncc1-c1nnnn1-c1ccc(-c2ccccc2)cc1,4.5686
O=C(OC1Cc2c(O)cc(O)cc2OC1c1ccc(O)c(O)c1)c1cc(O)c(O)c(O)c1,4.5528
Nc1ccc2c(c1)c(-c1ccccc1)[n+](CCCNCCCNCCCNc1c3c(nc4ccccc14)CCCC3)c1cc(N)ccc21.[Cl-],8.8268
COc1ccccc1CN(C)CCCN(C)CCCNCCC[n+]1c(-c2ccccc2)c2cc(N)ccc2c2ccc(N)cc21.[Cl-],6.0487
Cl.Cl.Oc1c(CNCCCCCCCCCNc2c3c(nc4ccccc24)CCCC3)ccc2cccnc12,8.2596
Cc1ccc2ccc(CNCCCCCCCCNc3c4c(nc5ccccc35)CCCC4)c(O)c2n1.Cl.Cl,9.3010
Cl.Cl.Cl.Oc1c(CNCCCCCCCCCNc2c3c(nc4ccccc24)CCCC3)cc(Cl)c2cccnc12,9.0000
CN(C)c1cccc(OC(=O)Nc2ccccc2)c1,5.6021
COS(=O)(=O)[O-].C[N+](C)(C)c1cccc(OC(=O)Nc2ccccc2)c1,5.7270
CNC(=O)Oc1ccc2c(c1)[C@]1(C)CC[N+](C)(C)C1N2C.[Br-],7.5834
CN1c2ccc(OC(=O)Nc3ccccc3)cc2[C@]2(C)CC[N+](C)(C)C12.[Br-],7.5952
Cc1ccccc1NC(=O)Oc1ccc2c(c1)[C@]1(C)CC[N+](C)(C)C1N2C.[Br-],7.8356
CC(C)c1ccc(NC(=O)Oc2ccc3c(c2)[C@]2(C)CC[N+](C)(C)C2N3C)cc1.[Br-],6.8386
CC(C)c1ccc(NC(=O)Oc2ccc3c(c2)[C@]2(C)CC[N+](C)(CCc4ccccc4)C2N3C)cc1.[Br-],6.5229
O=C(CCCN1C(=O)c2ccccc2C1=O)N1CCCCCC1,6.3010
CC(C)(C)[Si](C)(C)O[C@H]1C=C2CCN3Cc4cc5c(cc4[C@H]([C@@H]1O)[C@@H]23)OCO5,6.0655
CC(=O)O[C@H]1[C@H]2c3cc4c(cc3CN3CCC(=C[C@@H]1O[Si](C)(C)C(C)(C)C)[C@H]23)OCO4,6.4685
CC(C)(C)[Si](C)(C)O[C@H]1C=C2CCN3Cc4cc5c(cc4[C@H]([C@@H]1OC(=O)c1ccccc1)[C@@H]23)OCO5,6.4089
O=C(O[C@H]1[C@H]2c3cc4c(cc3CN3CCC(=C[C@@H]1O)[C@H]23)OCO4)c1ccccc1,6.2676
CC(=O)O[C@H]1C=C2CCN3Cc4cc5c(cc4[C@H]([C@@H]1OC(=O)c1ccccc1)[C@@H]23)OCO5,6.0132
CCOC(=O)C1=CN(C)c2cccc(OC(=O)N(C)C)c2C1,8.1549
CNC(=O)Oc1ccc2c(c1)SC[C@@H]1CCN(C)[C@H]21,8.0910
CNC(=O)Oc1ccc2c(c1)CC[C@@H]1CCN(C)[C@H]21,7.7620
C[C@H](c1cccc(OC(=O)N(C)C)c1)N1CCCCC1,7.4949
C[C@@]12CCN(Cc3ccccc3)[C@@H]1N(Cc1ccccc1)c1ccc(OC(=O)Nc3ccccc3)cc12,4.3858
CNC(=O)Oc1ccc2c(c1)[C@@]1(C)CCN(C)[C@@H]1N2C,5.0049
CC(C)c1ccc(NC(=O)Oc2ccc3c(c2)C2(C)COC(O3)O2)cc1,5.3665
CNC(=O)Oc1ccc2c(c1)[C@]1(C)CCN(Cc3ccccc3)[C@@H]1N2Cc1ccccc1,5.4486
O=C(Nc1ccccc1Cl)Oc1ccc2c(c1)CCCN2Cc1ccccc1,5.4802
CNC(=O)Oc1ccc2c(c1)[C@]1(C)CCN(C)[C@@H]1N2C=O,5.6021
Cc1ccccc1NC(=O)Oc1ccc2c(c1)[C@]1(C)CCN[C@@H]1N2,6.0809
CCNC(=O)Oc1ccc2c(c1)C1(C)COC(O2)O1,6.4117
CN1CC[C@@]2(C)c3cc(OC(=O)Nc4ccccc4)ccc3N(C=O)[C@@H]12,6.4815
CN1CC[C@@]2(C)c3cc(OC(=O)Nc4ccccc4)ccc3N(Cc3ccccc3)[C@@H]12,6.6103
CNC(=O)Oc1ccc2c(c1)[C@]1(C)CCN(C)[C@@H]1N2Cc1ccccc1,6.7937
CN1CC[C@@]2(C)c3cc(OC(=O)N4CCc5ccccc5C4)ccc3N(C)[C@@H]12,6.8297
CCc1ccccc1NC(=O)Oc1ccc2c(c1)[C@]1(C)CC[N+](C)([O-])[C@@H]1N2C,6.9031
CNC(=O)Oc1ccc2c(c1)c(C)cn2Nc1ccncc1F,7.0000
CNC(=O)Oc1ccc2c(c1)[C@]1(C)CCN(C)[C@@H]1N2,7.2464
Cc1ccccc1NC(=O)Oc1ccc2c(c1)[C@]1(C)CCN(C)[C@@H]1N2,7.3979
CCNc1c2c(nc3ccc(OC)cc13)CCCC2.Cl,4.1805
CCCNc1c2c(nc3ccc(OC)cc13)CCCC2.Cl,5.0362
CCCCNc1c2c(nc3ccc(OC)cc13)CCCC2.Cl,4.6778
CCCCCNc1c2c(nc3ccc(OC)cc13)CCCC2.Cl,5.1739
CCCCCCNc1c2c(nc3ccc(OC)cc13)CCCC2.Cl,7.0000
CCCCCCCNc1c2c(nc3ccc(OC)cc13)CCCC2.Cl,6.5686
CCCCCCCCNc1c2c(nc3ccc(OC)cc13)CCCC2.Cl,6.4437
CCCCCCCCCNc1c2c(nc3ccc(OC)cc13)CCCC2.Cl,5.7959
CCCCCCCCCCCCCNc1c2c(nc3ccc(OC)cc13)CCCC2.Cl,4.0000
CCCCCCCCCCCCNc1c2c(nc3ccc(OC)cc13)CCCC2.Cl,6.0000
CCCCCCCCCCCCCCNc1c2c(nc3ccc(OC)cc13)CCCC2.Cl,4.3372
COc1ccc2nc3c(c(N)c2c1)CCCC3,5.0000
O=P(NN1CCOCC1)(NN1CCOCC1)Oc1ccccc1,2.0200
O=C(NP(=O)(NN1CCOCC1)NN1CCOCC1)c1ccccc1,1.7300
O=C(NP(=O)(NN1CCCCC1)NN1CCCCC1)c1ccccc1,2.7100
O=P(O)(NN1CCCCC1)Oc1ccccc1,2.2604
COc1cc2c(cc1OC)C(=O)C1(C2)C(c2ccc(F)cc2)CN(C)C12C(=O)Nc1ccccc12,5.6737
COc1ccc(C2CN(C)C3(C(=O)Nc4ccccc43)C23Cc2cc(OC)c(OC)cc2C3=O)cc1OC,5.3768
COc1cc2c(cc1OC)C(=O)C1(C2)C(c2ccccc2)CN(C)C12C(=O)Nc1ccccc12,5.5058
COc1cc2c(cc1OC)C(=O)C1(C2)C(c2ccccc2Cl)CN(C)C12C(=O)Nc1ccccc12,5.3665
COc1cc2c(cc1OC)C(=O)C1(C2)C(c2ccc(F)cc2)CN(C)C12C(=O)Nc1ccc(Cl)cc12,5.4318
COc1ccc(C2CN(C)C3(C(=O)Nc4ccc(Cl)cc43)C23Cc2cc(OC)c(OC)cc2C3=O)cc1OC,5.3768
COc1cc2c(cc1OC)C(=O)C1(C2)C(c2ccccc2)CN(C)C12C(=O)Nc1ccc(Cl)cc12,4.9508
COc1cc2c(cc1OC)C(=O)C1(C2)C(c2ccccc2Cl)CN(C)C12C(=O)Nc1ccc(Cl)cc12,5.1805
COc1cc2c(cc1OC)C(=O)C1(C2)C(c2ccc(F)cc2)CN(C)C12C(=O)Nc1ccc([N+](=O)[O-])cc12,5.0655
COc1ccc(C2CN(C)C3(C(=O)Nc4ccc([N+](=O)[O-])cc43)C23Cc2cc(OC)c(OC)cc2C3=O)cc1OC,5.2147
COc1cc2c(cc1OC)C(=O)C1(C2)C(c2ccccc2)CN(C)C12C(=O)Nc1ccc([N+](=O)[O-])cc12,4.8794
COc1cc2c(cc1OC)C(=O)C1(C2)C(c2ccccc2Cl)CN(C)C12C(=O)Nc1ccc([N+](=O)[O-])cc12,5.1192
COc1cc2c(cc1OC)C(=O)C1(C2)C(c2ccc(F)cc2)C(c2ccccc2)NC12C(=O)Nc1ccccc12,5.1637
COc1ccc(C2C(c3ccccc3)NC3(C(=O)Nc4ccccc43)C23Cc2cc(OC)c(OC)cc2C3=O)cc1OC,5.2840
COc1cc2c(cc1OC)C(=O)C1(C2)C(c2ccccc2)C(c2ccccc2)NC12C(=O)Nc1ccccc12,5.2907
COc1cc2c(cc1OC)C(=O)C1(C2)C(c2ccccc2Cl)C(c2ccccc2)NC12C(=O)Nc1ccccc12,5.1367
COc1cc2c(cc1OC)C(=O)C1(C2)C(c2ccc(F)cc2)C(c2ccccc2)NC12C(=O)Nc1ccc(Cl)cc12,5.0061
COc1ccc(C2C(c3ccccc3)NC3(C(=O)Nc4ccc(Cl)cc43)C23Cc2cc(OC)c(OC)cc2C3=O)cc1OC,5.0830
COc1cc2c(cc1OC)C(=O)C1(C2)C(c2ccccc2)C(c2ccccc2)NC12C(=O)Nc1ccc(Cl)cc12,5.1391
COc1cc2c(cc1OC)C(=O)C1(C2)C(c2ccccc2Cl)C(c2ccccc2)NC12C(=O)Nc1ccc(Cl)cc12,4.9136
COc1cc2c(cc1OC)C(=O)C1(C2)C(c2ccc(F)cc2)C(c2ccccc2)NC12C(=O)Nc1ccc([N+](=O)[O-])cc12,4.8447
COc1ccc(C2C(c3ccccc3)NC3(C(=O)Nc4ccc([N+](=O)[O-])cc43)C23Cc2cc(OC)c(OC)cc2C3=O)cc1OC,4.8133
COc1cc2c(cc1OC)C(=O)C1(C2)C(c2ccccc2)C(c2ccccc2)NC12C(=O)Nc1ccc([N+](=O)[O-])cc12,5.4318
COc1cc2c(cc1OC)C(=O)C1(C2)C(c2ccccc2Cl)C(c2ccccc2)NC12C(=O)Nc1ccc([N+](=O)[O-])cc12,5.3768
CC(C)(C)c1cc[n+](CCCCCCCC[n+]2ccc(C(C)(C)C)cc2)cc1.[Br-].[Br-],7.6734
CC(C)(C)c1cc[n+](CCCCCCCCCCCC[n+]2ccc(C(C)(C)C)cc2)cc1.[Br-].[Br-],8.1549
CC(C)(C)c1cc[n+](CCCCCCCCCC[n+]2ccc(C(C)(C)C)cc2)cc1.[Br-].[Br-],7.9208
CC(C)(C)c1cc[n+](CCCCCCC[n+]2ccc(C(C)(C)C)cc2)cc1.[Br-].[Br-],7.7959
CC(C)(C)c1cc[n+](/C=C2\C=CC3=CC/C(=C\[n+]4ccc(C(C)(C)C)cc4)C=C3C2)cc1.[Br-].[Br-],7.3099
CC(C)(C)c1cc[n+](CCCCCCCCCCC[n+]2ccc(C(C)(C)C)cc2)cc1.[Br-].[Br-],7.5850
CC(C)(C)c1cc[n+](CCCCCC[n+]2ccc(C(C)(C)C)cc2)cc1.[Br-].[Br-],7.4949
CC(C)(C)c1cc[n+](CCCCCCCCC[n+]2ccc(C(C)(C)C)cc2)cc1.[Br-].[Br-],7.4318
CC(C)(C)c1cc[n+](Cc2ccc(C[n+]3ccc(C(C)(C)C)cc3)cc2)cc1.[Br-].[Br-],6.5229
CC(C)(C)c1cc[n+](Cc2cccc(C[n+]3ccc(C(C)(C)C)cc3)c2)cc1.[Br-].[Br-],6.1549
CC(C)(C)c1cc[n+](C/C=C\C[n+]2ccc(C(C)(C)C)cc2)cc1.[Cl-].[Cl-],5.6990
CC(C)(C)c1cc[n+](C/C=C/C[n+]2ccc(C(C)(C)C)cc2)cc1.[Br-].[Br-],5.4685
CC(C)(C)c1cc[n+](CCCC[n+]2ccc(C(C)(C)C)cc2)cc1.[Br-].[Br-],5.4318
CC(C)(C)c1cc[n+](Cc2ccccc2C[n+]2ccc(C(C)(C)C)cc2)cc1.[Br-].[Br-],5.0000
CC(C)(C)c1cc[n+](COC[n+]2ccc(C(C)(C)C)cc2)cc1.[Cl-].[Cl-],4.9208
CC(C)(C)c1cc[n+](CCC[n+]2ccc(C(C)(C)C)cc2)cc1.[Br-].[Br-],4.8539
CC(C)(C)c1cc[n+](CC[n+]2ccc(C(C)(C)C)cc2)cc1.[Br-].[Br-],4.7696
CC(C)(C)c1cc[n+](CCOCC[n+]2ccc(C(C)(C)C)cc2)cc1.[Br-].[Br-],4.7212
CC(C)(C)c1cc[n+](C[n+]2ccc(C(C)(C)C)cc2)cc1.[Br-].[Br-],4.6990
CC(C)(C)c1cc[n+](CCCCC[n+]2ccc(C(C)(C)C)cc2)cc1.[Br-].[Br-],4.6198
CCN(CC)C(C)CN1c2ccccc2Sc2ccccc21.Cl,2.9914
O/N=C/c1cc[n+](COC[n+]2ccc(/C=N/O)cc2)cc1.[Cl-].[Cl-],4.1131
O/N=C/c1cc[n+](CCC[n+]2ccc(/C=N/O)cc2)cc1.[Br-].[Br-],4.5265
O/N=C/c1cc[n+](C[n+]2ccc(/C=N/O)cc2)cc1.[Br-].[Br-],2.6968
NC(=O)c1cc[n+](CCC[n+]2ccc(/C=N/O)cc2)cc1.[Br-].[Br-],4.1367
NC(=O)c1cc[n+](C/C=C/C[n+]2ccc(/C=N/O)cc2)cc1.[Br-].[Br-],4.0458
O/N=C/c1cc[n+](CCC[n+]2ccc(-c3ccccc3)cc2)cc1.[Br-].[Br-],3.9508
CC(=O)c1cc[n+](CCC[n+]2ccc(/C=N/O)cc2)cc1.[Br-].[Br-],3.9788
N/C(=N\O)c1cc[n+](CCC[n+]2ccc(/C=N/O)cc2)cc1.[Br-].[Br-],3.5361
CC(=O)O[C@H]1C[C@@H]2C(=CC[C@]3(C)[C@@H]([C@H](C)N(C)C)[C@H](O)C[C@@]23C)C[C@@]23O[C@@H]2[C@H]2OC[C@](C)([C@H]2NC(=O)c2ccccc2)[C@H]13,5.5229
C[C@@H]([C@H]1[C@H](O)C[C@@]2(C)[C@@H]3C[C@H](O)[C@H]4[C@]5(C)CO[C@]4(C=C[C@@H]5NC(=O)c4ccccc4)CC3=CC[C@]12C)N(C)C,5.0706
C[C@@H]([C@H]1[C@H](O)C[C@@]2(C)[C@@H]3C=C[C@H]4C(C)(C)[C@@H](N(C)C)[C@H](O)C[C@@]45C[C@@]35CC[C@]12C)N(C)C,4.6402
C[C@@H]1[C@@H]2CC[C@@H]3C(=CC[C@]4(C)[C@@H]([C@H](C)N(C)C)[C@H](O)C[C@@]34C)C=C2CC[C@@H]1N(C)C,4.5884
C[C@@H]([C@H]1[C@H](O)C[C@@]2(C)[C@@H]3CC[C@@H]4C(=CC3=CC[C@]12C)CC[C@H](N(C)C)C4(C)C)N(C)C,4.5258
CC(=O)O[C@@H]1C[C@@]2(C)[C@@H]3C[C@H]4OC[C@@]5(C)[C@@H](NC(=O)c6ccccc6)C=C[C@@](O)(CC3=CC[C@]2(C)[C@H]1[C@H](C)N(C)C)[C@@H]45,4.8539
CC(=O)O[C@@H]1C[C@@]2(C)[C@@H]3CC[C@H]4[C@](C)(CO)[C@@H](NC(=O)c5ccccc5)C=C[C@]4(O)CC3=CC[C@]2(C)[C@H]1[C@H](C)N(C)C,4.5200
C[C@@H]([C@H]1CC[C@@]2(C)[C@@H]3CC[C@@H]4C(=CC3=CC[C@]12C)CC[C@H](N(C)C)C4(C)C)N(C)C,4.0969
C/C=C1/C(=O)C[C@@]2(C)[C@@H]3CC[C@H]4C(C)(C)[C@@H](N(C)C)CC[C@@]45C[C@@]35CC[C@]12C,4.2351
CN[C@H]1CCC2=CC3=CC[C@]4(C)[C@@H]([C@H](C)N(C)C)[C@H](O)C[C@@]4(C)[C@@H]3CC[C@H]2C1(C)C,4.3979
O=C(CCC1CCN(Cc2ccccc2)CC1)c1ccc2c(c1)NC(c1ccccc1)N2,7.4800
O=C(CCC1CCN(Cc2ccccc2)CC1)c1ccc2c(c1)OCCO2,7.5200
O=C(CCC1CCN(Cc2ccccc2)CC1)c1ccc2c(c1)CNCCC2,7.6400
O=C(CCC1CCN(Cc2ccccc2)CC1)c1ccc2c(c1)CCNCC2,7.6000
O=C(CCC1CCN(Cc2ccccc2)CC1)c1ccc2c(c1)CNCCO2,7.4000
O=C(CCC1CCN(Cc2ccccc2)CC1)c1cc2c3c(c1)CC(=O)N3CCC2,8.4400
O=C(CCC1CCN(Cc2ccccc2)CC1)c1cc2c3c(c1)CCN3C(=O)CC2,8.0100
O=C(CCC1CCN(Cc2ccccc2F)CC1)c1cc2c3c(ccn3C(=O)CC2)c1,8.6000
O=C(CCC1CCN(Cc2cccc(F)c2)CC1)c1cc2c3c(ccn3C(=O)CC2)c1,8.8901
O=C(CCC1CCN(Cc2ccccc2Cl)CC1)c1cc2c3c(ccn3C(=O)CC2)c1,8.2900
O=C(CCC1CCN(Cc2cccc(Cl)c2)CC1)c1cc2c3c(ccn3C(=O)CC2)c1,8.3100
O=C(CCC1CCN(Cc2ccc(Cl)cc2)CC1)c1cc2c3c(ccn3C(=O)CC2)c1,6.8200
COc1ccccc1CN1CCC(CCC(=O)c2cc3c4c(ccn4C(=O)CC3)c2)CC1,7.1900
COc1cccc(CN2CCC(CCC(=O)c3cc4c5c(ccn5C(=O)CC4)c3)CC2)c1,6.9000
COc1ccc(CN2CCC(CCC(=O)c3cc4c5c(ccn5C(=O)CC4)c3)CC2)cc1,6.4600
O=C(CCC1CCN(Cc2ccccc2O)CC1)c1cc2c3c(ccn3C(=O)CC2)c1,8.9602
O=C(CCC1CCN(Cc2cccc(O)c2)CC1)c1cc2c3c(ccn3C(=O)CC2)c1,8.0600
O=C(CCC1CCN(Cc2ccccc2[N+](=O)[O-])CC1)c1cc2c3c(ccn3C(=O)CC2)c1,7.0500
O=C(CCC1CCN(Cc2cccc([N+](=O)[O-])c2)CC1)c1cc2c3c(ccn3C(=O)CC2)c1,8.5400
O=C(CCC1CCN(Cc2ccccc2)CC1)c1cc2c3c(c1)CCC(=O)N3CCC2,7.8000
O=C(CCC1CCN(Cc2ccccc2)CC1)c1cc2c3c(c1)CCN3C(=O)CCC2,7.2800
CN1C(=O)Cc2cc3c(CCC4CCN(Cc5ccccc5)CC4)noc3cc21,9.3200
CS(=O)(=O)Nc1ccc2c(CCC3CCN(Cc4ccccc4)CC3)noc2c1,7.8499
c1ccc(CN2CCC(CCc3noc4cc(C5CCCCC5)ccc34)CC2)cc1,9.1000
O=C(CCC1CCN(Cc2ccc(F)cc2)CC1)c1cc2c3c(ccn3C(=O)CC2)c1,8.3400
O=C(CCC1CCN(Cc2ccc(O)cc2)CC1)c1cc2c3c(ccn3C(=O)CC2)c1,9.3100
O=C(CCC1CCN(Cc2ccc([N+](=O)[O-])cc2)CC1)c1cc2c3c(ccn3C(=O)CC2)c1,7.3700
C[N+](C)(CCNC(=O)C(=O)NCC[N+](C)(C)Cc1ccccc1Cl)Cc1ccccc1Cl.[Cl-].[Cl-],8.3010
[Br-].[Br-].c1ccc2c[n+](C[n+]3ccc4ccccc4c3)ccc2c1,3.1844
[Br-].[Br-].c1ccc2c[n+](CCC[n+]3ccc4ccccc4c3)ccc2c1,3.3507
[Br-].[Br-].c1ccc2c[n+](CCCC[n+]3ccc4ccccc4c3)ccc2c1,4.4437
[Br-].[Br-].c1ccc2c[n+](CCCCC[n+]3ccc4ccccc4c3)ccc2c1,4.8861
[Br-].[Br-].c1ccc2c[n+](CCCCCC[n+]3ccc4ccccc4c3)ccc2c1,6.5229
[Br-].[Br-].c1ccc2c[n+](CCCCCCC[n+]3ccc4ccccc4c3)ccc2c1,6.3010
[Br-].[Br-].c1ccc2c[n+](CCCCCCCC[n+]3ccc4ccccc4c3)ccc2c1,6.2076
[Br-].[Br-].c1ccc2c[n+](CCCCCCCCC[n+]3ccc4ccccc4c3)ccc2c1,7.3979
[Br-].[Br-].c1ccc2c[n+](CCCCCCCCCC[n+]3ccc4ccccc4c3)ccc2c1,7.3010
[Br-].[Br-].c1ccc2c[n+](CCCCCCCCCCC[n+]3ccc4ccccc4c3)ccc2c1,7.0000
[Br-].[Br-].c1ccc2c[n+](CCCCCCCCCCCC[n+]3ccc4ccccc4c3)ccc2c1,3.8633
[Cl-].[Cl-].c1ccc2c[n+](COC[n+]3ccc4ccccc4c3)ccc2c1,5.6990
[Br-].[Br-].c1ccc2c[n+](CCOCC[n+]3ccc4ccccc4c3)ccc2c1,2.8827
C(=C\C[n+]1ccc2ccccc2c1)/C[n+]1ccc2ccccc2c1.[Br-].[Br-],5.1549
C(=C/C[n+]1ccc2ccccc2c1)/C[n+]1ccc2ccccc2c1.[Cl-].[Cl-],4.7696
[Br-].[Br-].c1ccc(C[n+]2ccc3ccccc3c2)c(C[n+]2ccc3ccccc3c2)c1,3.6021
[Br-].[Br-].c1cc(C[n+]2ccc3ccccc3c2)cc(C[n+]2ccc3ccccc3c2)c1,5.0969
[Br-].[Br-].c1ccc2c[n+](Cc3ccc(C[n+]4ccc5ccccc5c4)cc3)ccc2c1,4.9208
[Br-].[Br-].c1ccc2c[n+](Cc3ccc4ccc(C[n+]5ccc6ccccc6c5)cc4c3)ccc2c1,6.1249
CC(C)=CC(=O)C[C@H](C)c1ccc(C)cc1,3.7187
Cc1ccc([C@@H](C)CC(=O)CC(C)C)cc1,4.0888
[Br-].[Br-].c1ccc2c(c1)ccc[n+]2CCC[n+]1cccc2ccccc21,5.0458
[Br-].[Br-].c1ccc2c(c1)ccc[n+]2CCCC[n+]1cccc2ccccc21,4.4202
[Br-].[Br-].c1ccc2c(c1)ccc[n+]2CCCCC[n+]1cccc2ccccc21,5.3979
[Br-].[Br-].c1ccc2c(c1)ccc[n+]2CCCCCC[n+]1cccc2ccccc21,4.6021
[Br-].[Br-].c1ccc2c(c1)ccc[n+]2CCCCCCC[n+]1cccc2ccccc21,7.0458
[Br-].[Br-].c1ccc2c(c1)ccc[n+]2CCCCCCCC[n+]1cccc2ccccc21,7.0969
[Br-].[Br-].c1ccc2c(c1)ccc[n+]2CCCCCCCCC[n+]1cccc2ccccc21,7.0969
[Br-].[Br-].c1ccc2c(c1)ccc[n+]2CCCCCCCCCC[n+]1cccc2ccccc21,7.3979
[Br-].[Br-].c1ccc2c(c1)ccc[n+]2CCCCCCCCCCC[n+]1cccc2ccccc21,8.0000
[Br-].[Br-].c1ccc2c(c1)ccc[n+]2CCCCCCCCCCCC[n+]1cccc2ccccc21,7.6990
[Cl-].[Cl-].c1ccc2c(c1)ccc[n+]2COC[n+]1cccc2ccccc21,3.3788
[Br-].[Br-].c1ccc2c(c1)ccc[n+]2CCOCC[n+]1cccc2ccccc21,4.4559
C(=C\C[n+]1cccc2ccccc21)/C[n+]1cccc2ccccc21.[Br-].[Br-],5.2218
C(=C/C[n+]1cccc2ccccc21)/C[n+]1cccc2ccccc21.[Cl-].[Cl-],5.6990
[Br-].[Br-].c1ccc(C[n+]2cccc3ccccc32)c(C[n+]2cccc3ccccc32)c1,4.4559
[Br-].[Br-].c1cc(C[n+]2cccc3ccccc32)cc(C[n+]2cccc3ccccc32)c1,4.3979
[Br-].[Br-].c1ccc2c(c1)ccc[n+]2Cc1ccc2ccc(C[n+]3cccc4ccccc43)cc2c1,5.6383
Br.COc1ccc2c3c1O[C@H]1C[C@@H](O)C=C[C@@]31CCN(C)C2,5.4949
CC1CCN(c2nccc(NCc3cccc4ccccc34)n2)CC1,4.5884
CN1CCN(c2nccc(NCc3cccc4ccccc34)n2)CC1,4.7570
c1ccc2c(CNc3ccnc(N4CCSCC4)n3)cccc2c1,4.8928
c1ccc2c(CNc3ccnc(N4CCOCC4)n3)cccc2c1,4.8327
c1ccc2c(CNc3ccnc(N4CCCC4)n3)cccc2c1,5.2596
CC(=O)N1CCN(c2nccc(NCCc3ccccc3)n2)CC1,4.7011
CC1CCN(c2nccc(NCCc3ccccc3)n2)CC1,5.0555
CN1CCN(c2nccc(NCCc3ccccc3)n2)CC1,4.6904
c1ccc(CCNc2ccnc(N3CCSCC3)n2)cc1,4.5784
c1ccc(CCNc2ccnc(N3CCOCC3)n2)cc1,4.7055
c1ccc(CCNc2ccnc(N3CCCC3)n2)cc1,5.0088
c1ccc(CNc2ccnc(N3CCNCC3)n2)cc1,4.8097
O=S1(=O)CCN(c2nccc(NCc3ccccc3)n2)CC1,4.6162
[O-][S+]1CCN(c2nccc(NCc3ccccc3)n2)CC1,4.8996
c1ccc(CNc2ccnc(NC3CCN(Cc4ccccc4)CC3)n2)cc1,4.9066
FC(F)(F)c1ccc(CN2CCN(c3nccc(NCc4ccccc4)n3)CC2)cc1,4.5406
Fc1ccc(CN2CCN(c3nccc(NCc4ccccc4)n3)CC2)cc1,4.6655
Brc1ccc(CN2CCN(c3nccc(NCc4ccccc4)n3)CC2)cc1,4.5935
Clc1ccc(CN2CCN(c3nccc(NCc4ccccc4)n3)CC2)cc1,4.6946
COCCN1CCN(c2nccc(NCc3ccccc3)n2)CC1,4.5735
OCCN1CCN(c2nccc(NCc3ccccc3)n2)CC1,4.5784
CCCN1CCN(c2nccc(NCc3ccccc3)n2)CC1,4.8153
CC(C)C1CCN(c2nccc(NCc3ccccc3)n2)CC1,4.8477
CC(C)N1CCN(c2nccc(NCc3ccccc3)n2)CC1,4.6021
c1ccc(CNc2ccnc(N3CCN(C4CCCCC4)CC3)n2)cc1,4.6402
CC(C)(C)OC(=O)N1CCN(c2nccc(NCc3ccccc3)n2)CC1,4.7258
CC(=O)N1CCN(c2nccc(NCc3ccccc3)n2)CC1,4.7799
CC1CCN(c2nccc(NCc3ccccc3)n2)CC1,4.7352
CN1CCN(c2nccc(NCc3ccccc3)n2)CC1,4.6038
c1ccc(CNc2ccnc(N3CCSCC3)n2)cc1,4.6345
c1ccc(CNc2ccnc(N3CCOCC3)n2)cc1,4.8539
c1ccc(CNc2ccnc(N3CCCC3)n2)cc1,5.0605
COc1cc(CNCCCNC2=CC(=O)C(NCCCNCc3ccc(O)c(OC)c3)=CC2=O)ccc1O,6.7033
COc1cc(CNCCCCCCNC2=CC(=O)C(NCCCCCCNCc3ccc(O)c(OC)c3)=CC2=O)ccc1O,6.9914
O=C1C=C(NCCCNCc2cc3ccccc3o2)C(=O)C=C1NCCCNCc1cc2ccccc2o1,4.6615
O=C1C=C(NCCCCCCNCc2nc3ccccc3s2)C(=O)C=C1NCCCCCCNCc1nc2ccccc2s1,4.6576
O=C1C=C(NCCCNCc2ccc(-c3nc4ccccc4s3)cc2)C(=O)C=C1NCCCNCc1ccc(-c2nc3ccccc3s2)cc1,4.5031
O=C1C=C(NCCCCCCNCc2ccc(-c3nc4ccccc4s3)cc2)C(=O)C=C1NCCCCCCNCc1ccc(-c2nc3ccccc3s2)cc1,6.5157
[Br-].[Br-].c1cc(C[n+]2ccc(N3CCCCC3)cc2)ccc1C[n+]1ccc(N2CCCCC2)cc1,7.1249
[Br-].[Br-].c1cc(C[n+]2ccc(N3CCCCC3)cc2)cc(-c2cccc(C[n+]3ccc(N4CCCCC4)cc3)c2)c1,7.2218
[Br-].[Br-].c1cc(C[N+]23CCC(CC2)CC3)cc(-c2cccc(C[N+]34CCC(CC3)CC4)c2)c1,6.2076
COc1cc2c(cc1OC)CN(c1cc[n+](Cc3ccc(C[n+]4ccc(N5CCCCC5)cc4)cc3)cc1)CC2.[Br-].[Br-],7.2076
CCN(CC)CC(=O)Nc1ccc(C(=O)c2ccc(CN(C)Cc3ccccc3)cc2)cc1,6.6778
CN(Cc1ccccc1)Cc1ccc(C(=O)c2ccc(NC(=O)CN3CCCCC3)cc2)cc1,6.2596
CN(Cc1ccccc1)Cc1ccc(C(=O)c2ccc(NC(=O)CN3CCOCC3)cc2)cc1,6.1427
CN(Cc1ccccc1)Cc1ccc(C(=O)c2ccc(NC(=O)CCCCN3CCCCC3)cc2)cc1,6.6635
CCN(CC)CCCOc1ccc(C(=O)c2ccc(CN(C)Cc3ccccc3)cc2)cc1,7.6021
CN(Cc1ccccc1)Cc1ccc(C(=O)c2ccc(OCCCN3CCCCC3)cc2)cc1,7.6198
CN(Cc1ccccc1)Cc1ccc(C(=O)c2ccc(OCCCN3CCOCC3)cc2)cc1,6.9706
CN(Cc1ccccc1)Cc1ccc(C(=O)c2ccc(OCCCN3CCC(n4c(=O)[nH]c5ccccc54)CC3)cc2)cc1,7.1675
CCN(CC)CCCCCOc1ccc(C(=O)c2ccc(CN(C)Cc3ccccc3)cc2)cc1,6.8416
CN(Cc1ccccc1)Cc1ccc(C(=O)c2ccc(OCCCCCN3CCCCC3)cc2)cc1,6.8447
CCN(CC)CCCCCCOc1ccc(C(=O)c2ccc(CN(C)Cc3ccccc3)cc2)cc1,6.5901
CN(Cc1ccccc1)Cc1ccc(C(=O)c2ccc(OCCCCCCN3CCCCC3)cc2)cc1,6.6778
CCN(CC)CCCCCCCOc1ccc(C(=O)c2ccc(CN(C)Cc3ccccc3)cc2)cc1,6.0915
CN(Cc1ccccc1)Cc1ccc(C(=O)c2ccc(OCCCCCCCN3CCCCC3)cc2)cc1,6.9586
CCN(CC)CCc1ccc(Oc2ccc(C(=O)c3ccc(CN(C)Cc4ccccc4)cc3)cc2)cc1,6.8861
CN(C)CC(C)(C)c1cccc(OC(=O)NCCCCN2CCOCC2)c1,6.0229
CCN(CC)C(C)CN1c2ccccc2Sc2ccccc21,6.5229
CC(C)c1ccc(NC(=O)Oc2ccc3c(c2)[C@]2(C)CCN(CCc4ccccc4)[C@@H]2N3C)cc1,8.2218
O=C(c1c2ccccc2cc2ccccc12)N1c2ccccc2Sc2ccccc21,8.4559
CCN(CC)C(C)C(=O)N1c2ccccc2Sc2ccccc21.Cl,5.4724
C[C@@H](Cc1ccccc1)NC(=O)Oc1cccc([C@H](C)N(C)C)c1.Cl,6.2941
C[C@H](Cc1ccccc1)NC(=O)Oc1cccc([C@H](C)N(C)C)c1.Cl,6.3936
C[C@@H](c1cccc(OC(=O)N(C)[C@@H](C)Cc2ccccc2)c1)N(C)C.Cl,6.8827
C[C@H](Cc1ccccc1)N(C)C(=O)Oc1cccc([C@H](C)N(C)C)c1.Cl,6.5200
C[C@@H]([C@H]1[C@H](O)C[C@@]2(C)[C@@H]3CC[C@H]4[C@]5(C)COC(C(C)(C)F)=N[C@H]5CC[C@@]45C[C@@]35C(=O)C[C@]12C)N(C)C,6.1284
C[C@@H]([C@H]1[C@H](O)C[C@@]2(C)[C@@H]3CC[C@H]4[C@]5(C)COC(C(F)(C(F)(F)F)C(F)(F)F)=N[C@H]5CC[C@@]45C[C@@]35C(=O)C[C@]12C)N(C)C,5.5224
CC(C)C1=N[C@H]2CC[C@]34C[C@]35C(=O)C[C@]3(C)[C@@H]([C@H](C)N(C)C)[C@H](O)C[C@@]3(C)[C@@H]5CC[C@H]4[C@]2(C)C=C1,7.6021
CC(C)C1=N[C@H]2CC[C@]34C[C@]35C(=O)C[C@]3(C)[C@@H]([C@H](C)N(C)C)[C@H](O)C[C@@]3(C)[C@@H]5CC[C@H]4[C@]2(C)CC1,6.2090
CC(C)C1=N[C@H]2CC[C@]34C[C@]35C(=O)C[C@]3(C)[C@@H]([C@H](C)N(C)C)[C@H](O)C[C@@]3(C)[C@@H]5CC[C@H]4[C@]2(C)CS1,7.2218
CN[C@@H](C)[C@H]1[C@H](O)C[C@@]2(C)[C@@H]3CC[C@H]4[C@]5(C)CSC(C(C)C)=N[C@H]5CC[C@@]45C[C@@]35C(=O)C[C@]12C,7.1192
CC(=O)N(C)[C@@H](C)[C@H]1[C@H](O)C[C@@]2(C)[C@@H]3CC[C@H]4[C@]5(C)CSC(C(C)C)=N[C@H]5CC[C@@]45C[C@@]35C(=O)C[C@]12C,6.5258
CC(C)C1=N[C@H]2CC[C@]34C[C@]35C(=O)C[C@]3(C)[C@@H]([C@H](C)N(C)C(=O)c6ccccc6)[C@H](O)C[C@@]3(C)[C@@H]5CC[C@H]4[C@]2(C)CS1,7.3665
CC(C)C1=N[C@H]2CC[C@]34C[C@]35C(=O)C[C@]3(C)[C@@H]([C@H](C)N(C)C(=O)OC(C)(C)C)[C@H](O)C[C@@]3(C)[C@@H]5CC[C@H]4[C@]2(C)CS1,6.7986
CC(C)C1=N[C@H]2CC[C@]34C[C@]35C(=O)C[C@]3(C)[C@@H]([C@H](C)N(C)Cc6ccccc6)[C@H](O)C[C@@]3(C)[C@@H]5CC[C@H]4[C@]2(C)CS1,8.1549
CC(C)C1=N[C@H]2CC[C@]34C[C@]35C(=O)C[C@]3(C)[C@@H]([C@H](C)N(C)CCc6ccccc6)[C@H](O)C[C@@]3(C)[C@@H]5CC[C@H]4[C@]2(C)CS1,7.6990
CC(C)C1=N[C@H]2CC[C@]34C[C@]35C(=O)C[C@]3(C)[C@@H]([C@H](C)N(C)CCCc6ccccc6)[C@H](O)C[C@@]3(C)[C@@H]5CC[C@H]4[C@]2(C)CS1,7.1192
COc1ccccc1CN(C)[C@@H](C)[C@H]1[C@H](O)C[C@@]2(C)[C@@H]3CC[C@H]4[C@]5(C)CSC(C(C)C)=N[C@H]5CC[C@@]45C[C@@]35C(=O)C[C@]12C,8.2218
COc1cccc(CN(C)[C@@H](C)[C@H]2[C@H](O)C[C@@]3(C)[C@@H]4CC[C@H]5[C@]6(C)CSC(C(C)C)=N[C@H]6CC[C@@]56C[C@@]46C(=O)C[C@]23C)c1,8.5229
COc1ccc(CN(C)[C@@H](C)[C@H]2[C@H](O)C[C@@]3(C)[C@@H]4CC[C@H]5[C@]6(C)CSC(C(C)C)=N[C@H]6CC[C@@]56C[C@@]46C(=O)C[C@]23C)cc1,8.0458
CC(C)C1=N[C@H]2CC[C@]34C[C@]35C(=O)C[C@]3(C)[C@@H]([C@H](C)N(C)Cc6ccccc6C(F)(F)F)[C@H](O)C[C@@]3(C)[C@@H]5CC[C@H]4[C@]2(C)CS1,7.9586
CC(C)C1=N[C@H]2CC[C@]34C[C@]35C(=O)C[C@]3(C)[C@@H]([C@H](C)N(C)Cc6cccc(C(F)(F)F)c6)[C@H](O)C[C@@]3(C)[C@@H]5CC[C@H]4[C@]2(C)CS1,8.5229
CC(C)C1=N[C@H]2CC[C@]34C[C@]35C(=O)C[C@]3(C)[C@@H]([C@H](C)N(C)Cc6ccc(C(F)(F)F)cc6)[C@H](O)C[C@@]3(C)[C@@H]5CC[C@H]4[C@]2(C)CS1,8.5229
CC(C)C1=N[C@H]2CC[C@]34C[C@]35C(=O)C[C@]3(C)[C@@H]([C@H](C)N(C)CCN6C(=O)c7ccccc7C6=O)[C@H](O)C[C@@]3(C)[C@@H]5CC[C@H]4[C@]2(C)CS1,7.1549
CC(C)C1=N[C@H]2CC[C@]34C[C@]35C(=O)C[C@]3(C)[C@@H]([C@H](C)N(C)CCCN6C(=O)c7ccccc7C6=O)[C@H](O)C[C@@]3(C)[C@@H]5CC[C@H]4[C@]2(C)CS1,7.8539
Cc1ccc2c(c1)c1c(n2CCc2ccc(C)nc2)CCN(C)C1,4.3468
Cl.O=C(NCCNc1c2c(nc3ccccc13)CCCC2)c1ccc(F)cc1,9.0888
Cl.O=C(NCCCNc1c2c(nc3ccccc13)CCCC2)c1ccc(F)cc1,9.0921
Cl.O=C(NCCCCNc1c2c(nc3ccccc13)CCCC2)c1ccc(F)cc1,9.1057
c1ccc2c(NCCCCCCN3CCOCC3)c3c(nc2c1)CCCC3,7.1618
c1ccc2c(NCCCCCCCN3CCOCC3)c3c(nc2c1)CCCC3,7.3516
c1ccc2c(NCCCCCCCCN3CCOCC3)c3c(nc2c1)CCCC3,7.7825
c1ccc2c(NCCCCCCCCCN3CCOCC3)c3c(nc2c1)CCCC3,7.4685
c1ccc2c(NCCCCCCCCCCN3CCOCC3)c3c(nc2c1)CCCC3,7.5467
O=c1c2ccc(OCCCCCCCNc3c4c(nc5ccccc35)CCCC4)cc2oc2ncccc12,6.5482
c1ccc2c(c1)Cc1c-2nc2ccccc2c1NCCCCCCCNc1c2c(nc3ccccc13)CCCC2,7.8570
Clc1ccc2c(NCCCCCCCNc3c4c(nc5ccccc35)-c3ccccc3C4)c3c(nc2c1)CCCC3,8.9872
Clc1ccc2c(NCCCCCCCNc3c4c(nc5cc(Cl)ccc35)-c3ccccc3C4)c3c(nc2c1)CCCC3,7.9172
Clc1ccc2c(NCCCCCCCOc3ccc(-c4cc5ccccc5o4)cc3)c3c(nc2c1)CCCC3,6.5086
Clc1ccc2c(NCCCCCCCOc3cccc(-c4cc5ccccc5o4)c3)c3c(nc2c1)CCCC3,6.5884
c1ccc2c(c1)Cc1c-2nc2ccccc2c1NCCCCCCCNc1c2c(nc3ccccc13)-c1ccccc1C2,6.3420
CC(C)N1CCN(c2nccc(NCc3cccc4ccccc34)n2)CC1,4.8013
CC(C)C1CCN(c2nccc(NCc3cccc4ccccc34)n2)CC1,4.7773
CCCN1CCN(c2nccc(NCc3cccc4ccccc34)n2)CC1,4.7212
c1ccc2c(CNc3ccnc(N4CCN(C5CCCCC5)CC4)n3)cccc2c1,5.0969
CC(=O)N1CCN(c2nccc(NCc3cccc4ccccc34)n2)CC1,4.8601
CC(C)(C)OC(=O)N1CCN(c2nccc(NCc3cccc4ccccc34)n2)CC1,4.2941
c1ccc2c(CNc3ccnc(N4CCNCC4)n3)cccc2c1,4.7570
OCCN1CCN(c2nccc(NCc3cccc4ccccc34)n2)CC1,5.0088
COCCN1CCN(c2nccc(NCc3cccc4ccccc34)n2)CC1,4.9318
CN1CCN(c2nccc(NC(c3ccccc3)c3ccccc3)n2)CC1,4.8633
CC1CCN(c2nccc(NC(c3ccccc3)c3ccccc3)n2)CC1,4.4921
CC(C)N1CCN(c2nccc(NC(c3ccccc3)c3ccccc3)n2)CC1,4.6925
CC(C)C1CCN(c2nccc(NC(c3ccccc3)c3ccccc3)n2)CC1,4.3716
CCCN1CCN(c2nccc(NC(c3ccccc3)c3ccccc3)n2)CC1,4.8356
c1ccc(C(Nc2ccnc(N3CCN(C4CCCCC4)CC3)n2)c2ccccc2)cc1,5.0000
CC(=O)N1CCN(c2nccc(NC(c3ccccc3)c3ccccc3)n2)CC1,4.5376
c1ccc(C(Nc2ccnc(N3CCNCC3)n2)c2ccccc2)cc1,4.5045
OCCN1CCN(c2nccc(NC(c3ccccc3)c3ccccc3)n2)CC1,4.6655
COCCN1CCN(c2nccc(NC(c3ccccc3)c3ccccc3)n2)CC1,4.4067
CCCCC/C=C\C/C=C\CCCCCCCC(=O)OCCCc1cc(OC)c2oc(-c3ccc4c(c3)OCO4)cc2c1,5.7696
CCCCCCCC/C=C\CCCCCCCC(=O)OCCCc1cc(OC)c2oc(-c3ccc4c(c3)OCO4)cc2c1,5.7447
CCCCC/C=C\C/C=C\CCCCCCCC(=O)OCCCc1ccc2oc(-c3ccc4c(c3)OCO4)cc2c1,5.5686
CCCCCCCC/C=C\CCCCCCCC(=O)OCCCc1ccc2oc(-c3ccc4c(c3)OCO4)cc2c1,5.5086
COc1cc(CCCOC(=O)Nc2ccccc2)cc2cc(-c3ccc4c(c3)OCO4)oc12,5.3468
CC[C@H](C)C(=O)OCCCc1cc(OC)c2oc(-c3ccc4c(c3)OCO4)cc2c1,5.2291
CC[C@H](C)C(=O)OCCCc1ccc2oc(-c3ccc4c(c3)OCO4)cc2c1,5.2147
CC(C)(C)CC(C)(C)c1ccc(OCCOCC[N+](C)(C)Cc2ccccc2)cc1.[Cl-],5.6486
COc1ccc2cc3[n+](cc2c1OC)CCc1cc2c(cc1-3)OCO2.[Cl-],6.1630
c1ccc2c(c1)cc1ccc3cccc4ccc2c1c34,4.5528
CN(Cc1ccc(C(C)(C)C)cc1)Cc1cccc2ccccc12,5.1607
Cc1ccc2cc3c(ccc4ccccc43)c3c2c1CC3,4.6443
CCCCCCCCc1ccc(O)cc1,4.9404
CC(C)(C)c1ccc(C(=O)CCCN2CCC(OC(c3ccccc3)c3ccccc3)CC2)cc1,5.1261
CN(C)c1ccc(C(=C2C=CC(=[N+](C)C)C=C2)c2ccc(N(C)C)cc2)cc1.[Cl-],5.2331
Clc1ccc(COC(Cn2ccnc2)c2ccc(Cl)cc2Cl)cc1,4.8640
Oc1c(Cl)cc(Cl)c(Cl)c1Cc1c(O)c(Cl)cc(Cl)c1Cl,5.5207
CC[C@]1(O)CC[C@H]2[C@@H]3CCC4=CCCC[C@@H]4[C@H]3CC[C@@]21C,5.1868
CC(C)OC(=O)C(C)(C)Oc1ccc(C(=O)c2ccc(Cl)cc2)cc1,4.8082
CC1(COc2ccc(CC3SC(=O)NC3=O)cc2)CCCCC1,4.8232
Cc1cc(C(C#N)c2ccc(Cl)cc2)c(Cl)cc1NC(=O)c1cc(I)cc(I)c1O,5.5300
Clc1ccccc1C(c1ccccc1)(c1ccccc1)n1ccnc1,4.7120
CC/C(=C(/CC)c1ccc(O)cc1)c1ccc(O)cc1,4.5926
CCCCCCCCCCCCCCCC[n+]1ccccc1.[Br-],5.5602
CNC(=C[N+](=O)[O-])NCCSCc1csc(CN(C)C)n1,5.2507
Clc1ccc(CO/N=C(\Cn2ccnc2)c2ccc(Cl)cc2Cl)c(Cl)c1,5.3329
CCN(CC)CCCC(C)Nc1c2ccc(Cl)cc2nc2ccc(OC)cc12,5.5740
Clc1ccc(COC(Cn2ccnc2)c2ccc(Cl)cc2Cl)c(Cl)c1,4.7291
CN1C[C@H](CNC(=O)OCc2ccccc2)C[C@@H]2c3cccc4c3c(cn4C)C[C@H]21,5.8716
CC(C)N1CCN(c2ccc(OCC3COC(Cn4cncn4)(c4ccc(Cl)cc4Cl)O3)cc2)CC1,4.6661
O=C(c1ccc(OCCN2CCCCC2)cc1)c1c(-c2ccc(O)cc2)sc2cc(O)ccc12,6.3979
CCN(CCCCCCNC(=O)CCCCC1CCSS1)Cc1ccccc1OC,6.5918
COc1cc2nc(Cl)nc(NCCCNC(=O)CCCCC3CCSS3)c2cc1OC,3.7167
O=C(CCCCc1cccs1)NCCCNc1c2c(nc3cc(Cl)ccc13)CCCC2,8.5751
O=C(CCCC[C@@H]1CCSS1)NCCCNc1c2c(nc3cc(Cl)ccc13)CCCC2,9.6383
O=C(CCCC[C@H]1CCSS1)NCCCNc1c2c(nc3cc(Cl)ccc13)CCCC2,9.3270
COc1cccc(C(C)N(C)CCCNC(=O)CCCCC2CCSS2)c1,4.1302
CC(c1cccc(OCCCNC(=O)CCCCC2CCSS2)c1)N(C)C,4.5986
C=CCCCNc1c2c(nc3ccc(OC)cc13)CCCC2,5.6576
COc1ccc2nc3c(c(N4CCCCCN(c5c6c(nc7ccc(OC)cc57)CCCC6)CCCCC4)c2c1)CCCC3,5.3372
CCCCCCNc1c2c(nc3ccc(OC)cc13)CCCC2,7.0000
CCCCCCCNc1c2c(nc3ccc(OC)cc13)CCCC2,6.5686
C=CC(CBr)Nc1c2c(nc3ccc(OC)cc13)CCCC2,4.0501
COC(=O)[C@H](C)CC(=O)C[C@@H](C)[C@H]1C[C@@H]2OC(C)(C)O[C@H]3C[C@H]4C(C)(C)C(=O)CC[C@]4(C)C4=C3[C@@]2(C)[C@]1(C)CC4=O,4.7364
CCCCOC(=O)C(C)CC(=O)C[C@@H](C)[C@H]1CC(=O)[C@@]2(C)C3=C(C(=O)[C@@H](OC(C)=O)[C@]12C)[C@@]1(C)CC[C@H](O)C(C)(C)[C@@H]1CC3=O,5.0269
COC(=O)C(C)CC(=O)C[C@@H](C)[C@H]1C[C@H](O)[C@@]2(C)C3=C(C(=O)C[C@]12C)[C@@]1(C)CCC(=O)C(C)(C)[C@@H]1C[C@@H]3O,4.5191
CC(CC(=O)C[C@@H](C)[C@H]1CC(=O)[C@@]2(C)C3=C(C(=O)C[C@]12C)[C@@]1(C)CC[C@H](O)C(C)(C)[C@@H]1C[C@@H]3O)C(=O)O,4.6453
C[C@H](CC(=O)C[C@@H](C)[C@H]1CC(=O)[C@@]2(C)C3=C(C(=O)C[C@]12C)[C@@]1(C)CCC(=O)C(C)(C)[C@@H]1CC3=O)C(=O)O,4.7364
CC(CC(=O)C[C@@H](C)[C@H]1C[C@H](O)[C@@]2(C)C3=C(C(=O)C[C@]12C)[C@@]1(C)CCC(=O)C(C)(C)[C@@H]1CC3)C(=O)O,4.6388
C/C(=C\CC[C@@H](C)[C@H]1CC[C@@]2(C)C3=CC[C@H]4C(C)(C)[C@@H](O)CC[C@]4(C)C3=CC[C@]12C)CO,4.5722
C/C(=C\CC[C@@H](C)[C@H]1CC[C@@]2(C)C3=CC[C@H]4C(C)(C)[C@@H](O)CC[C@]4(C)C3=CC[C@]12C)C(=O)O,4.6756
C[C@H](CCC=C(CO)CO)[C@H]1CC[C@@]2(C)C3=CC[C@H]4C(C)(C)C(=O)CC[C@]4(C)C3=CC[C@]12C,4.6607
C[C@H](CC[C@H](O)C(C)(C)O)[C@H]1CC[C@@]2(C)C3=CC[C@H]4C(C)(C)[C@@H](O)CC[C@]4(C)C3=CC[C@]12C,4.7886
C[C@H](CC[C@@H](O)C(C)(C)O)[C@H]1CC[C@@]2(C)C3=CC[C@H]4C(C)(C)C(=O)CC[C@]4(C)C3=CC[C@]12C,4.6007
C[C@H](CC[C@H](O)[C@](C)(O)CO)[C@H]1CC[C@@]2(C)C3=CC[C@H]4C(C)(C)C(=O)CC[C@]4(C)C3=CC[C@]12C,4.6515
C/C(=C\CC[C@@H](C)[C@H]1CC[C@@]2(C)C3=C(CC[C@]12C)[C@@]1(C)CC[C@H](O)C(C)(C)[C@@H]1CC3=O)CO,4.5082
C[C@H](CCC(=O)O)[C@H]1CC(=O)[C@@]2(C)C3=C(C(=O)C[C@]12C)[C@@]1(C)CC[C@H](O)C(C)(C)[C@@H]1C[C@@H]3O,4.5865
C[C@H](CCC(=O)O)[C@H]1CC(=O)[C@@]2(C)C3=C(C(=O)C[C@]12C)[C@@]1(C)CCC(=O)C(C)(C)[C@@H]1C[C@@H]3O,4.6191
COC(=O)CC[C@@H](C)[C@H]1CC(=O)[C@@]2(C)C3=C(C(=O)[C@@H](OC(C)=O)[C@]12C)[C@@]1(C)CC[C@H](O)C(C)(C)[C@@H]1CC3=O,4.7660
CCCCOC(=O)CC[C@@H](C)[C@H]1CC[C@@]2(C)C3=C(C(=O)C[C@]12C)[C@@]1(C)CC[C@H](O)C(C)(C)[C@@H]1C[C@@H]3O,4.9363
CCCCOC(=O)CC[C@@H](C)[C@H]1CC[C@@]2(C)C3=C(C(=O)C[C@]12C)[C@@]1(C)CCC(=O)C(C)(C)[C@@H]1C[C@@H]3O,4.9115
CCCOCCn1c(=O)nc(NC2CCC(O)CC2)c2nnc(-c3ccc(OC)nc3)cc21,5.2518
Nc1c2c(nc3c1cc(-c1ccccc1)n3-c1ccccc1)CCCC2,4.3420
C#CCOP(C)(=O)OC(C(F)(F)F)C(F)(F)F,4.1871
C#CCOP(C)(=O)OC(C(=O)OC)C(F)(F)F,4.3605
COc1cc2c(cc1OC)C(=O)C(Oc1ccc(CN3CCCC3)cc1)C2,6.9455
C#CCN(C)Cc1cc2cc(OCCCC3CCN(Cc4ccccc4)CC3)ccc2n1C,6.0915
COc1ccccc1NCc1cc(=O)oc2cc3oc4ccccc4c3cc12,6.7212
COc1cc2c(C)c(OC)c(=O)oc2cc1OCCCCOc1cc(O)cc(N(C)C)c1,6.5607
COc1cc2oc(=O)c(OCCCCOc3cc(O)cc(N(C)C)c3)c(C)c2cc1OC,9.6271
CCN(CCCCCCNC1=CC(=O)c2ccccc2C1=O)Cc1ccccc1OC,6.1793
CCN(CCCCCCNC1=CC(=O)c2ncccc2C1=O)Cc1ccccc1OC,7.5544
CCN(CCCCCCNC1=CC(=O)C(C)=C(C)C1=O)Cc1ccccc1OC,7.5376
CCN(CCCCCCNC1=CC(=O)C(OC)=CC1=O)Cc1ccccc1OC,7.1851
COc1ccccc1CNCCCCCCNC1=CC(=O)c2ccccc2C1=O,5.7328
NCCCCCCNC1=CC(=O)c2ccccc2C1=O,4.1904
COc1ccccc1CN1CCC(N2CCC(NC3=CC(=O)c4ccccc4C3=O)CC2)CC1,4.7645
COC1=CC(=O)C(N2CCC(C3CCN(Cc4ccccc4OC)CC3)CC2)=CC1=O,4.6126
Cl.O/N=C/C1=NCCN1Cc1ccccc1,4.3565
Cl.O/N=C/C1=NCCN1Cc1ccc(Cl)cc1Cl,4.6198
Cl.O/N=C/C1=NCCN1Cc1cc(C(F)(F)F)cc(C(F)(F)F)c1,4.0706
CCCCN1CCCN=C1/C=N/O.Cl,3.8041
CCCCCN1CCCN=C1/C=N/O.Cl,4.6778
Cl.O/N=C/C1=NCCCN1Cc1ccccc1,4.5528
Cl.O/N=C/C1=NCCCN1Cc1ccc(Cl)cc1Cl,5.0458
Cl.O/N=C/C1=NCCCN1Cc1cc(C(F)(F)F)cc(C(F)(F)F)c1,4.3468
CCCCN1CC(C)(C)CN=C1/C=N/O.Cl,4.0315
CCCCCN1CC(C)(C)CN=C1/C=N/O.Cl,4.0506
CCCC/N=C(/C=N/O)N(C)C.Cl,4.2676
CCCCC/N=C(/C=N/O)N(C)C.Cl,4.8861
CC(C)CC/N=C(/C=N/O)N(C)C.Cl,4.7696
COc1ccc([C@H]2Oc3cc(O)c(C/C=C(\C)CCC=C(C)C)c(O)c3C(=O)[C@@H]2O)cc1O,4.4805
COc1cc([C@H]2Oc3cc(O)c(C/C=C(\C)CCC=C(C)C)c(O)c3C(=O)[C@@H]2O)ccc1O,4.2402
COc1c(O)cc(C2Oc3cc(O)c(C/C=C(\C)CCC=C(C)C)c(O)c3C(=O)[C@@H]2O)cc1O,4.7895
COc1ccc([C@@H]2CC(=O)c3c(cc(O)c(C/C=C(\C)CCC=C(C)C)c3O)O2)cc1O,4.0294
COc1cc([C@@H]2CC(=O)c3c(cc(O)c(C/C=C(\C)CCC=C(C)C)c3O)O2)ccc1O,3.8936
COc1c(O)cc(C2CC(=O)c3c(cc(O)c(C/C=C(\C)CCC=C(C)C)c3O)O2)cc1O,4.5808
CC(C)=CCC/C(C)=C/Cc1c(O)cc2c(c1O)C(=O)C[C@@H](c1ccc(O)cc1)O2,3.9788
CC(C)=CCC/C(C)=C/Cc1c(O)cc2c(c1O)C(=O)C[C@@H](c1ccc(O)c(O)c1)O2,5.1092
COc1cc(C2CC(=O)c3c(cc(O)c(C/C=C(\C)CCC=C(C)C)c3O)O2)cc(OC)c1O,3.4999
COc1ccc([C@@H]2CC(=O)c3c(O)cc(O)cc3O2)cc1O,2.6062
O=C1C[C@@H](c2ccc(O)cc2)Oc2cc(O)cc(O)c21,2.6893
O=C1C[C@@H](c2ccc(O)c(O)c2)Oc2cc(O)cc(O)c21,2.7789
CC1=CC2Cc3nc4cc(Cl)ccc4c(NCCCCCCNc4c5c(nc6ccccc46)CCCC5)c3C(C1)C2.Cl,9.0506
CC1=CC2Cc3nc4cc(Cl)ccc4c(NCCCCCCCNc4c5c(nc6ccccc46)CCCC5)c3C(C1)C2.Cl.Cl.Cl,8.7235
CC1=C[C@@H]2Cc3nc4cc(Cl)ccc4c(NCCCCCCCNc4c5c(nc6ccccc46)CCCC5)c3[C@H](C1)C2.Cl.Cl.Cl,8.8761
CC1=C[C@H]2Cc3nc4cc(Cl)ccc4c(NCCCCCCCNc4c5c(nc6ccccc46)CCCC5)c3[C@@H](C1)C2.Cl.Cl.Cl,8.1649
CC1=CC2Cc3nc4cc(Cl)ccc4c(NCCCN(C)CCCNc4c5c(nc6ccccc46)CCCC5)c3C(C1)C2.Cl,9.3768
CC1=CC2Cc3nc4cc(Cl)ccc4c(NCCCCCCCCNc4c5c(nc6ccccc46)CCCC5)c3C(C1)C2.Cl,6.5363
CC1=CC2Cc3nc4cc(Cl)ccc4c(NCCCCCCCCCNc4c5c(nc6ccccc46)CCCC5)c3C(C1)C2.Cl.Cl.Cl,8.4522
CC1=CC2Cc3nc4cc(Cl)ccc4c(NCCCCCCCCCCNc4c5c(nc6ccccc46)CCCC5)c3C(C1)C2.Cl.Cl.Cl,8.3778
CC1=CC2Cc3nc4cc(Cl)ccc4c(NCCCCCCNc4c5c(nc6cc(Cl)ccc46)CCCC5)c3C(C1)C2.Cl,9.1308
CC1=CC2Cc3nc4cc(Cl)ccc4c(NCCCCCCCNc4c5c(nc6cc(Cl)ccc46)CCCC5)c3C(C1)C2.Cl.Cl.Cl.Cl,8.3958
CC1=C[C@@H]2Cc3nc4cc(Cl)ccc4c(NCCCCCCCNc4c5c(nc6cc(Cl)ccc46)CCCC5)c3[C@H](C1)C2.Cl.Cl.Cl.Cl,8.6904
CC1=C[C@H]2Cc3nc4cc(Cl)ccc4c(NCCCCCCCNc4c5c(nc6cc(Cl)ccc46)CCCC5)c3[C@@H](C1)C2.Cl.Cl.Cl.Cl,7.9393
CC1=CC2Cc3nc4cc(Cl)ccc4c(NCCCN(C)CCCNc4c5c(nc6cc(Cl)ccc46)CCCC5)c3C(C1)C2.Cl,9.5086
CC1=CC2Cc3nc4cc(Cl)ccc4c(NCCCCCCCCNc4c5c(nc6cc(Cl)ccc46)CCCC5)c3C(C1)C2.Cl,8.8794
CC1=CC2Cc3nc4cc(Cl)ccc4c(NCCCCCCCCCNc4c5c(nc6cc(Cl)ccc46)CCCC5)c3C(C1)C2.Cl.Cl.Cl.Cl,8.4868
CC1=CC2Cc3nc4cc(Cl)ccc4c(NCCCCCCCCCCNc4c5c(nc6cc(Cl)ccc46)CCCC5)c3C(C1)C2.Cl.Cl.Cl.Cl,8.0414
CC1=C[C@@H]2Cc3nc4cc(Cl)ccc4c(N)c3[C@H](C1)C2.Cl,9.3665
CC1=C[C@H]2Cc3nc4cc(Cl)ccc4c(N)c3[C@@H](C1)C2.Cl,7.1800
COc1ccc2c3c([nH]c2c1)C(C)=NCC3,4.6253
COc1ccc2c(ccc[n+]2C)c1.[I-],4.3034
COc1ccc2c(ccc[n+]2Cc2ccccc2)c1.[I-],5.2765
CC[C@H]1C[C@@H]2C[C@H]3c4[nH]c5cc([C@@H]6C[C@H]7C(C(=O)OC)[C@@H](Cc8c6[nH]c6ccccc86)N(C)C[C@H]7CC)ccc5c4CCN(C2)[C@@H]13,6.6440
CC[C@H]1C[C@@H]2CN3CCc4c([nH]c5cc([C@H]6C[C@H]7C(C(=O)OC)[C@H](Cc8c6[nH]c6ccccc86)N(C)C[C@H]7CC)ccc45)[C@](C(=O)OC)(C2)[C@H]13,7.1487
Cl.O=C(NCCCCCCCCCCNc1c2c(nc3cc(Cl)ccc13)CCCC2)c1cc(=O)c2cc(O)c(O)cc2o1,10.0458
Cl.O=C(NCCCCCCCCCCNc1c2c(nc3ccccc13)CCCC2)c1cc(=O)c2cc(O)c(O)cc2o1,8.1871
Cl.O=C(NCCCCCCCCCCNc1c2c(nc3cc(Cl)ccc13)CCCC2)c1cc(=O)c2c(O)cc(O)cc2o1,10.1871
COc1cc(O)c2c(=O)cc(C(=O)NCCCCCCCCCCNc3c4c(nc5cc(Cl)ccc35)CCCC4)oc2c1.Cl,10.4559
Cl.O=C(NCCCCCCCCCCNc1c2c(nc3ccccc13)CCCC2)c1cc(=O)c2c(O)cc(O)cc2o1,8.6383
COc1cc(O)c2c(=O)cc(C(=O)NCCCCCCCCCCNc3c4c(nc5ccccc35)CCCC4)oc2c1.Cl,9.0000
Cl.O=C(NCCCCCCCCCCNc1c2c(nc3cc(Cl)ccc13)CCCC2)c1cc(=O)c2cc(O)ccc2o1,9.0000
Cl.O=C(NCCCCCCCCCCNc1c2c(nc3ccccc13)CCCC2)c1cc(=O)c2cc(O)ccc2o1,8.0969
COc1cc2oc(C(=O)NCCCCCCCCCCNc3c4c(nc5cc(Cl)ccc35)CCCC4)cc(=O)c2cc1OC.Cl,9.6990
COc1cc2oc(C(=O)NCCCCCCCCCCNc3c4c(nc5ccccc35)CCCC4)cc(=O)c2cc1OC.Cl,8.7447
COc1cc(OC)c2c(=O)cc(C(=O)NCCCCCCCCCCNc3c4c(nc5cc(Cl)ccc35)CCCC4)oc2c1.Cl,9.4559
COc1cc(OC)c2c(=O)cc(C(=O)NCCCCCCCCCCNc3c4c(nc5ccccc35)CCCC4)oc2c1.Cl,8.6383
COc1ccc2oc(C(=O)NCCCCCCCCCCNc3c4c(nc5cc(Cl)ccc35)CCCC4)cc(=O)c2c1.Cl,10.0000
COc1ccc2oc(C(=O)NCCCCCCCCCCNc3c4c(nc5ccccc35)CCCC4)cc(=O)c2c1.Cl,9.1107
Cl.O=C(NCCCCCCCCCCNc1c2c(nc3cc(Cl)ccc13)CCCC2)c1cc(=O)c2ccccc2o1,9.5229
Cl.O=C(NCCCCCCCCCCNc1c2c(nc3ccccc13)CCCC2)c1cc(=O)c2ccccc2o1,7.7570
C#CCN1CCc2nc3nc(N4CCCC4)c(C#N)cc3c(N)c2C1,6.1871
CN(CCCOc1ccc2ccc(=O)oc2c1)Cc1cccc(OC(=O)NCCCCCc2ccccc2)c1,7.1255
CN(CCCOc1ccc2ccc(=O)oc2c1)Cc1cccc(OC(=O)NCCCCCCCN2CCOCC2)c1,6.9245
CN(CCCOc1ccc2c(=O)c3cccnc3oc2c1)Cc1cccc(OC(=O)NCCCCCc2ccccc2)c1,7.0482
CN(CCCOc1ccc2c(=O)c3cccnc3oc2c1)Cc1cccc(OC(=O)NCCCCCCCN2CCOCC2)c1,6.8570
c1ccc(CN2CCC(Nc3nccc(NCc4ccc5c(c4)OCO5)n3)CC2)cc1,4.8996
COc1cc(CNc2ccnc(NC3CCN(Cc4ccccc4)CC3)n2)cc(OC)c1OC,4.9872
COc1ccc(CNc2ccnc(NC3CCN(Cc4ccccc4)CC3)n2)cc1OC,5.0044
COc1ccc(CNc2ccnc(NC3CCN(Cc4ccccc4)CC3)n2)cc1,5.0269
Cc1ccc(CNc2ccnc(NC3CCN(Cc4ccccc4)CC3)n2)cc1,4.8894
Fc1ccc(CNc2ccnc(NC3CCN(Cc4ccccc4)CC3)n2)cc1,5.1135
Brc1ccc(CNc2ccnc(NC3CCN(Cc4ccccc4)CC3)n2)cc1,5.0044
Clc1ccc(CNc2ccnc(NC3CCN(Cc4ccccc4)CC3)n2)cc1,5.0555
Clc1cccc(CNc2ccnc(NC3CCN(Cc4ccccc4)CC3)n2)c1,5.1135
Clc1ccccc1CNc1ccnc(NC2CCN(Cc3ccccc3)CC2)n1,5.1135
CN(CCCN1CCN(CCNc2c3c(nc4ccccc24)CCCC3)CC1)c1ccccc1,7.0969
CN(CCCN1CCN(CCNc2c3c(nc4ccccc24)CCCC3)CC1)C1CCCCC1,7.3904
CN(CCC(=O)N1CCN(CCNc2c3c(nc4ccccc24)CCCC3)CC1)c1ccccc1,7.1530
CCN(CCC(=O)N1CCN(CCNc2c3c(nc4ccccc24)CCCC3)CC1)C1CCCCC1,8.4283
CN(CCC(=O)N1CCN(CCNc2c3c(nc4ccccc24)CCCC3)CC1)C1CCCCC1,9.4202
O=C(CCN1CCCCC1)N1CCN(CCNc2c3c(nc4ccccc24)CCCC3)CC1,7.2865
O=C(CCNCCNc1c2c(nc3ccccc13)CCCC2)N1CCN(CCNc2c3c(nc4ccccc24)CCCC3)CC1,8.3478
CCN(CCCN1CCN(CCNc2c3c(nc4ccccc24)CCCC3)CC1)C1CCCCC1,6.7122
CC(C)=CCC/C(C)=C/Cc1ccc(O)c2nc3cccc(O)c3nc12,5.5817
CC(=O)Oc1cccc2nc3c(OC(C)=O)ccc(C/C=C(\C)CCC=C(C)C)c3nc12,5.6968
Oc1cccc2nc3c(O)cccc3nc12,5.3449
N#Cc1c(N)nc(NC2CCN(Cc3ccccc3)CC2)c(C#N)c1-c1ccccc1,5.0555
N#Cc1c(N)nc(NCCC2CCN(Cc3ccccc3)CC2)c(C#N)c1-c1ccccc1,6.4089
N#Cc1c(N)nc(NCCCC2CCN(Cc3ccccc3)CC2)c(C#N)c1-c1ccccc1,6.6198
N#Cc1c(N)nc(NCCCCC2CCN(Cc3ccccc3)CC2)c(C#N)c1-c1ccccc1,6.9208
N#Cc1cc(C#N)c(NC2CCN(Cc3ccccc3)CC2)nc1N,5.5086
N#Cc1cc(C#N)c(NCCC2CCN(Cc3ccccc3)CC2)nc1N,6.6576
N#Cc1cc(C#N)c(NCCCC2CCN(Cc3ccccc3)CC2)nc1N,8.0269
N#Cc1cc(C#N)c(NCCCCC2CCN(Cc3ccccc3)CC2)nc1N,7.1549
CN(C)c1ccccc1CNCCCCCCCNc1c2c(nc3ccccc13)CCCC2,8.2857
CN(C)c1ccccc1CNCCCCCCCCCNc1c2c(nc3ccccc13)CCCC2,8.4535
CN(C)c1ccccc1CNCCCCCCCCNc1c2c(nc3ccccc13)CCCC2,8.3936
CC(=O)c1ccccc1NC(=O)c1ccc(OCCCCCC[n+]2ccccc2)cc1.[Br-],7.3279
CC(=O)c1ccccc1NC(=O)c1ccc(OCCCCC[n+]2ccccc2)cc1.[Br-],7.0915
CC(=O)c1ccccc1NC(=O)c1ccc(OCCCCC[n+]2cccc3ccccc32)cc1.[Br-],8.1891
CC(=O)c1ccccc1NC(=O)c1ccc(OCCCCCC[n+]2ccc3ccccc3c2)cc1.[Br-],8.0269
CC(=O)c1ccccc1NC(=O)c1ccc(OCCCCC[n+]2ccc3ccccc3c2)cc1.[Br-],7.3501
CC(=O)c1ccccc1NC(=O)c1ccc(OCCCC[n+]2ccc3ccccc3c2)cc1.[Br-],7.3390
CC(=O)c1ccccc1NC(=O)c1ccc(OCCCC[n+]2cccc3ccccc32)cc1.[Br-],7.2757
O=C(NCCc1c[nH]c2ccccc12)c1ccc(OCCCC[n+]2cccc3ccccc32)cc1.[Br-],6.9075
CN(C)c1cc[n+](CCCCOc2ccc(C(=O)NCCc3c[nH]c4ccccc34)cc2)cc1.[Br-],6.7038
O=C(NCCc1c[nH]c2ccccc12)c1ccc(OCCCCn2c3ccccc3c3ccccc32)cc1,5.8425
CN(CCCCCCCOc1cccc(-c2oc3ccccc3c2C(=O)c2ccccc2)c1)Cc1ccccc1,6.6198
CNC(=O)Oc1cccc(CN(C)CCCCCCCOc2ccc(-c3oc4ccccc4c3C(=O)c3ccc(C)cc3)cc2)c1,6.4685
CCN(CC)CCOc1cccc(C(=O)c2c(-c3ccc(OCCCCCCCN(C)Cc4ccccc4)cc3)oc3ccccc23)c1,4.4306
CN(CCCCCCCOc1ccc(-c2oc3ccccc3c2C(=O)c2ccc(OCCN3CCOCC3)cc2)cc1)Cc1ccccc1,4.4089
CCN(CC)Cc1cccc(C(=O)c2c(-c3ccc(OCCCCCCCN(C)Cc4ccccc4)cc3)oc3ccccc23)c1,4.2757
CN(CCCCCCCOc1ccc(-c2oc3ccccc3c2C(=O)c2c3ccccc3cc3ccccc23)cc1)Cc1ccccc1,4.1694
CCN(CC)CCOc1ccc(C(=O)c2c(-c3ccc(OCCCCCCCN(C)Cc4ccccc4)cc3)oc3ccccc23)cc1,4.1079
CCN(CC)Cc1ccc(C(=O)c2c(-c3ccc(OCCCCCCCN(C)Cc4ccccc4)cc3)oc3ccccc23)cc1,4.0000
CN(CCCCCCCOc1ccc(-c2oc3ccccc3c2C(=O)c2cccc3ccccc23)cc1)Cc1ccccc1,3.9957
Cc1cccc(C(=O)c2c(-c3cccc(OCCCCCCCN(C)Cc4ccccc4)c3)oc3ccccc23)c1,3.9914
CN(CCCCCOc1ccc(-c2cc3ccccc3o2)cc1)Cc1ccccc1,3.6676
CC(C)NC[C@H](O)c1ccc(OC(=O)N(C)C)c(OC(=O)N(C)C)c1.Cl,2.9208
CC(C)NC[C@H](O)c1cc(OC(=O)N(C)C)cc(OC(=O)N(C)C)c1.Cl,3.4089
CC(C)NCC(O)c1ccc(OC(=O)N(C)C)c(OC(=O)N(C)C)c1.Cl,2.8539
CC(C)NCC(O)c1cc(OC(=O)N(C)C)cc(OC(=O)N(C)C)c1.Cl,3.1487
COc1ccc2c(c[n+](C)c3c4cc5c(cc4ccc23)OCO5)c1OC.[Cl-],5.9508
COc1cc2c(cc1OC)-c1cc3ccc(OC)c(OC)c3c[n+]1CC2.O.[Cl-],5.7721
COc1cc2c(cc1OC)C(c1ccccc1)N(CCCCCCc1cc(C)nc(/C=N/O)c1O)CC2,4.1024
COc1cc2c(cc1OC)C(c1ccccc1)N(CCCCCc1ccnc(/C=N/O)c1O)CC2,4.0359
COc1cc2c(cc1OC)C(c1ccccc1)N(CCCc1ccc(O)c(/C=N/O)n1)CC2,3.8069
COc1cc2c(cc1OC)C(c1ccccc1)N(CCCCc1ccnc(/C=N/O)c1O)CC2,3.9341
COc1cc2c(cc1OC)C(c1ccccc1)N(CCCCCCc1ccc(O)c(/C=N/O)n1)CC2,4.8386
COc1cc2c(cc1OC)C(c1ccccc1)N(CCCCCc1ccc(O)c(/C=N/O)n1)CC2,4.6576
COc1cc2c(cc1OC)C(c1ccccc1)N(CCCCc1ccc(O)c(/C=N/O)n1)CC2,4.4815
O/N=C/c1cc[n+](CCC[n+]2ccc(/C=N/O)cc2)cc1,3.8386
CS(=O)(=O)[O-].CS(=O)(=O)[O-].NC(=O)c1cc[n+](COC[n+]2ccc(/C=N/O)cc2/C=N/O)cc1,3.9747
COc1cc2c(cc1OC)C(c1ccccc1)N(CCOCCCc1ccc(O)c(/C=N/O)n1)CC2,5.3979
COc1cc2c(cc1OC)C(c1ccccc1)N(CCCCc1cnc(/C=N/O)c(O)c1)CC2,4.1135
Nc1c2c(nc3c1C(c1ccc(Cl)c(Cl)c1)c1ccc4ccccc4c1O3)CCCC2,5.2950
Nc1c2c(nc3c1C(c1c(Cl)cccc1Cl)c1ccc4ccccc4c1O3)CCCC2,5.3969
Nc1c2c(nc3c1C(c1ccc([N+](=O)[O-])cc1)c1ccc4ccccc4c1O3)CCCC2,5.2411
COc1cc(C2c3ccc4ccccc4c3Oc3nc4c(c(N)c32)CCCC4)cc(OC)c1OC,5.4547
COc1ccc(C2c3ccc4ccccc4c3Oc3nc4c(c(N)c32)CCCC4)c(OC)c1,6.4318
COc1cc(C2c3ccc4ccccc4c3Oc3nc4c(c(N)c32)CCCC4)ccc1O,6.4815
COc1ccccc1C1c2ccc3ccccc3c2Oc2nc3c(c(N)c21)CCCC3,5.3439
Nc1c2c(nc3c1C(c1ccc(O)cc1)c1ccc4ccccc4c1O3)CCCC2,5.1062
Cc1ccc(C2c3ccc4ccccc4c3Oc3nc4c(c(N)c32)CCCC4)cc1,6.3979
Nc1c2c(nc3c1C(c1ccccc1)c1ccc4ccccc4c1O3)CCCC2,6.5229
Nc1c2c(nc3nc(-c4ccccc4)cc(C(F)(F)F)c13)-c1ccccc1CC2,4.6356
Nc1c2c(nc3nc(-c4ccccc4)cc(C(F)(F)F)c13)-c1ccccc1C2,4.7555
CC1CCc2nc3nc(-c4ccccc4)cc(C(F)(F)F)c3c(N)c2C1,6.2924
CC1CCc2c(nc3nc(-c4ccccc4)cc(C(F)(F)F)c3c2N)C1,5.4881
CC1Cc2nc3nc(-c4ccccc4)cc(C(F)(F)F)c3c(N)c2C1,5.0283
Nc1c2c(nc3nc(-c4ccccc4)cc(C(F)(F)F)c13)CCCCCC2,5.1141
Nc1c2c(nc3nc(-c4ccccc4)cc(C(F)(F)F)c13)CCCCC2,4.9944
Nc1c2c(nc3nc(-c4ccccc4)cc(C(F)(F)F)c13)CCCC2,6.4559
Nc1c2c(nc3nc(-c4ccccc4)cc(C(F)(F)F)c13)CCC2,5.0942
CC(C)Cc1cc(N)c2c(C(F)(F)F)cc(-c3ccccc3)nc2n1,4.7192
Nc1cc(-c2cccs2)nc2nc(-c3ccccc3)cc(C(F)(F)F)c12,4.9846
COc1ccc(-c2cc(N)c3c(C(F)(F)F)cc(-c4ccccc4)nc3n2)cc1,5.0841
Nc1cc(-c2ccccc2Br)nc2nc(-c3ccccc3)cc(C(F)(F)F)c12,6.0506
Nc1cc(-c2ccc(Cl)cc2)nc2nc(-c3ccccc3)cc(C(F)(F)F)c12,6.2840
Nc1cc(-c2ccc(F)cc2)nc2nc(-c3ccccc3)cc(C(F)(F)F)c12,5.1818
Nc1cc(-c2cccc(F)c2)nc2nc(-c3ccccc3)cc(C(F)(F)F)c12,5.1530
Nc1cc(-c2ccccc2)nc2nc(-c3ccccc3)cc(C(F)(F)F)c12,5.1487
CCCNC(=O)Oc1cccc(CN(C)CCCOc2ccc3c(=O)ccoc3c2)c1,6.6021
CCCCCCCNC(=O)Oc1cccc(CN(C)CCCCOc2ccc3c(=O)c4ccccc4oc3c2)c1,7.0000
CCCCCCCNC(=O)Oc1cccc(CN(CCCOc2ccc3c(=O)c4ccccc4oc3c2)C(C)C)c1,6.7696
CCCCCCCNC(=O)Oc1cccc(CN(C)CCCOc2ccc3c(=O)c4cccnc4oc3c2)c1,7.6314
CCN(CCCCCOc1ccc2c(=O)c3ccccc3oc2c1)Cc1cccc(OC(=O)NC)c1,9.0862
CNCOc1cccc(CN(C)CCCCCCCOc2ccc3c(=O)c4ccccc4oc3c2)c1,9.4949
CC1(C)CC(=O)C2=C(C1)Nc1nc3c(c(N)c1[C@H]2c1ccncc1)CCCC3,6.2200
COc1ccc([C@H]2C3=C(CC(C)(C)CC3=O)Nc3nc4c(c(N)c32)CCCC4)cc1,6.6600
Cc1ccc([C@H]2C3=C(CC(C)(C)CC3=O)Nc3nc4c(c(N)c32)CCCC4)cc1,6.6400
CC1(C)CC(=O)C2=C(C1)Nc1nc3c(c(N)c1[C@H]2c1ccc(F)cc1)CCCC3,6.2700
CC1(C)CC(=O)C2=C(C1)Nc1nc3c(c(N)c1[C@H]2c1ccccc1)CCCC3,6.4900
CCOC(=O)C1=C(C)Nc2nc3c(c(N)c2[C@H]1c1cccc(OC)c1)CCCC3,7.2100
CCOC(=O)C1=C(C)Nc2nc3c(c(N)c2[C@@H]1c1ccccc1OC)CCCC3,6.8000
CCOC(=O)C1=C(C)Nc2nc3c(c(N)c2[C@H]1c1ccc(C)cc1)CCCC3,7.0400
CCOC(=O)C1=C(C)Nc2nc3c(c(N)c2[C@H]1c1ccc([N+](=O)[O-])cc1)CCCC3,6.2200
CCOC(=O)C1=C(C)Nc2nc3c(c(N)c2[C@H]1c1cccc([N+](=O)[O-])c1)CCCC3,6.9600
CCOC(=O)C1=C(C)Nc2nc3c(c(N)c2[C@H]1c1ccccc1[N+](=O)[O-])CCCC3,6.5200
CCOC(=O)C1=C(C)Nc2nc3c(c(N)c2[C@H]1c1ccc(F)cc1)CCCC3,7.2800
CCOC(=O)C1=C(C)Nc2nc3c(c(N)c2[C@H]1c1ccccc1)CCCC3,7.1000
COc1ccc([C@H]2C3=C(CC(C)(C)CC3=O)Oc3nc4c(c(N)c32)CCCC4)cc1,4.3900
COc1cccc([C@H]2C3=C(CC(C)(C)CC3=O)Oc3nc4c(c(N)c32)CCCC4)c1,4.6700
COc1ccccc1[C@H]1C2=C(CC(C)(C)CC2=O)Oc2nc3c(c(N)c21)CCCC3,5.1500
Cc1ccc([C@H]2C3=C(CC(C)(C)CC3=O)Oc3nc4c(c(N)c32)CCCC4)cc1,4.2900
CC1(C)CC(=O)C2=C(C1)Oc1nc3c(c(N)c1[C@H]2c1ccc([N+](=O)[O-])cc1)CCCC3,4.0300
CC1(C)CC(=O)C2=C(C1)Oc1nc3c(c(N)c1[C@H]2c1cccc([N+](=O)[O-])c1)CCCC3,4.9200
CC1(C)CC(=O)C2=C(C1)Oc1nc3c(c(N)c1[C@H]2c1ccccc1C(F)(F)F)CCCC3,4.7500
CC1(C)CC(=O)C2=C(C1)Oc1nc3c(c(N)c1[C@H]2c1ccc(F)cc1)CCCC3,4.1600
CC1(C)CC(=O)C2=C(C1)Oc1nc3c(c(N)c1[C@H]2c1ccccc1)CCCC3,4.3100
CCOC(=O)C1=C(C)Oc2nc3c(c(N)c2[C@H]1c1cccnc1Cl)CCCC3,5.6700
CCOC(=O)C1=C(C)Oc2nc3c(c(N)c2[C@H]1c1cccnc1Br)CCCC3,5.7300
CCOC(=O)C1=C(C)Oc2nc3c(c(N)c2[C@H]1c1cccnc1OC)CCCC3,5.4100
CCOC(=O)C1=C(C)Oc2nc3c(c(N)c2[C@H]1c1ccccc1)CCC3,5.4100
CCOC(=O)C1=C(C)Oc2nc3c(c(N)c2[C@H]1c1cccc([N+](=O)[O-])c1)CCCC3,5.7200
CCOC(=O)C1=C(C)Oc2nc3c(c(N)c2[C@H]1c1ccc(C#N)cc1)CCCC3,5.4600
CCOC(=O)C1=C(C)Oc2nc3c(c(N)c2[C@H]1c1ccc(Cl)cc1)CCCC3,5.7100
CCOC(=O)C1=C(C)Oc2nc3c(c(N)c2[C@H]1c1ccc(C)cc1)CCCC3,5.7400
CCOC(=O)C1=C(C)Oc2nc3c(c(N)c2[C@H]1c1ccccc1)CCCC3,5.8100
CCOC(=O)C1=C(C)Oc2nc3c(c(N)c2[C@H]1c1ccc(OC)c(OC)c1)CCCCC3,4.4800
CCOC(=O)C1=C(C)Oc2nc3c(c(N)c2[C@H]1c1ccccc1OC)CCCCC3,4.6800
CCOC(=O)C1=C(C)Oc2nc3c(c(N)c2[C@H]1c1cccc(OC)c1)CCCCC3,4.8900
CCOC(=O)C1=C(C)Oc2nc3c(c(N)c2[C@H]1c1ccc(OC)c(OC)c1)CCCC3,5.3400
CCOC(=O)C1=C(C)Oc2nc3c(c(N)c2[C@H]1c1cccc(OC)c1)CCCC3,5.1100
CCOC(=O)C1=C(C)Oc2nc3c(c(N)c2[C@H]1c1ccc(OC)c(OC)c1)CCC3,4.5700
CCOC(=O)C1=C(C)Oc2nc3c(c(N)c2[C@H]1c1cccc(OC)c1)CCC3,4.6200
CCOC(=O)C1=C(C)Oc2nc3c(c(N)c2[C@H]1c1cccs1)CCCCC3,4.8400
CCOC(=O)C1=C(C)Oc2nc3c(c(N)c2[C@H]1c1cccnc1)CCCCC3,4.4900
CCOC(=O)C1=C(C)Oc2nc3c(c(N)c2[C@H]1c1ccncc1)CCCCC3,5.0700
CCOC(=O)C1=C(C)Oc2nc3c(c(N)c2[C@H]1c1ccco1)CCCC3,5.7700
CCOC(=O)C1=C(C)Oc2nc3c(c(N)c2[C@H]1c1cccs1)CCCC3,4.6100
CCOC(=O)C1=C(C)Oc2nc3c(c(N)c2[C@H]1c1cccnc1)CCCC3,5.1500
CCOC(=O)C1=C(C)Oc2nc3c(c(N)c2[C@H]1c1ccncc1)CCCC3,5.5200
CCOC(=O)C1=C(C)Oc2nc3c(c(N)c2[C@H]1c1ccc(OC)cc1)CCCC3,6.0600
CCOC(=O)C1=C(C)Oc2nc3c(c(N)c2[C@H]1c1cccs1)CCC3,4.5600
CCOC(=O)C1=C(C)Oc2nc3c(c(N)c2[C@H]1c1ccncc1)CCC3,5.1800
CCOC(=O)c1c(C)nc2nc3c(c(N)c2c1-c1ccc(OC)cc1)CCCCC3,5.8700
CCOC(=O)c1c(C)nc2nc3c(c(N)c2c1-c1ccc(OC)cc1)CCCC3,5.0500
CCOC(=O)c1c(C)nc2nc3c(c(N)c2c1-c1ccc(OC)cc1)CCC3,4.8600
CCOC(=O)c1c(C)nc2nc3c(c(N)c2c1-c1ccccc1)CCCCC3,4.6800
CCOC(=O)c1c(C)nc2nc3c(c(N)c2c1-c1ccccc1)CCC3,4.9200
Cc1nc2nc3c(c(N)c2c(-c2ccccc2)c1C(=O)OC(C)C)CCCC3,5.9200
CCOC(=O)c1c(C)nc2nc3c(c(N)c2c1-c1ccc(OC)cc1)CCCCCC3,4.7700
CCOC(=O)c1c(C)nc2nc3c(c(N)c2c1-c1ccccc1)CCCCCC3,4.7700
CCOC(=O)c1c(C)nc2nc3c(c(N)c2c1-c1cccc([N+](=O)[O-])c1)CCCCC3,4.8500
CCOC(=O)c1c(C)nc2nc3c(c(N)c2c1-c1ccc(Cl)cc1)CCCCC3,4.7200
CCOC(=O)c1c(C)nc2nc3c(c(N)c2c1-c1ccc(F)cc1)CCCCC3,5.2700
CCOC(=O)c1c(C)nc2nc3c(c(N)c2c1-c1ccc(OC)c(OC)c1)CCCCC3,5.1900
CCOC(=O)c1c(C)nc2nc3c(c(N)c2c1-c1ccccc1OC)CCCCC3,4.6600
CCOC(=O)c1c(C)nc2nc3c(c(N)c2c1-c1ccc(C)cc1)CCCCC3,4.8900
CCOC(=O)c1c(C)nc2nc3c(c(N)c2c1-c1cccc([N+](=O)[O-])c1)CCCC3,6.0300
CCOC(=O)c1c(C)nc2nc3c(c(N)c2c1-c1ccc(Cl)cc1)CCCC3,5.8900
CCOC(=O)c1c(C)nc2nc3c(c(N)c2c1-c1ccc(F)cc1)CCCC3,6.1500
CCOC(=O)c1c(C)nc2nc3c(c(N)c2c1-c1ccc(OC)c(OC)c1)CCCC3,5.8900
CCOC(=O)c1c(C)nc2nc3c(c(N)c2c1-c1cccc(OC)c1)CCCC3,5.9200
CCOC(=O)c1c(C)nc2nc3c(c(N)c2c1-c1ccncc1)CCCCC3,5.2900
CCOC(=O)c1c(C)nc2nc3c(c(N)c2c1-c1ccncc1)CCCC3,5.8500
CCOC(=O)c1c(C)nc2nc3c(c(N)c2c1-c1ccncc1)CCC3,5.0900
CCOC(=O)c1c(C)nc2nc3c(c(N)c2c1-c1ccccc1)CCCC3,6.0900
CC(C)=CCc1c(-c2ccc(O)cc2O)oc2c(CC=C(C)C)c(O)cc(O)c2c1=O,5.5086
CC1(C)C=Cc2c(cc(O)c3c(=O)c4c(oc23)-c2ccc(O)cc2OC(C(C)(C)O)C4)O1,5.5086
CC(C)=CC1Oc2cc(O)ccc2-c2oc3c4c(cc(O)c3c(=O)c21)OC(C)(C)C=C4,5.5086
CC(C)(O)CCc1c(-c2ccc(O)cc2O)oc2c3c(cc(O)c2c1=O)OC(C)(C)C=C3,5.5086
CC(C)=CCc1c(-c2ccc(O)cc2O)oc2c3c(cc(O)c2c1=O)OC(C)(C)C=C3,5.5086
CC(C)=CCC/C(C)=C/Cc1cc(C2CC(=O)c3c(O)cc(O)cc3O2)c(O)cc1O,5.5086
COc1cc(O)c(C2CC(=O)c3c(O)cc(O)cc3O2)cc1C/C=C(\C)CCC=C(C)C,5.5086
CC(C)=CCC/C(C)=C/Cc1cc(-c2cc(=O)c3c(O)cc(O)cc3o2)c(O)cc1O,5.1494
COc1cc(O)c(-c2cc(=O)c3c(O)cc(O)cc3o2)cc1C/C=C(\C)CCC=C(C)C,5.2346
O=c1c(OC2O[C@H](CO)[C@H](O)[C@H](O)[C@H]2O)c(-c2ccc(O)cc2)oc2cc(O)cc(O)c12,7.9208
C[C@@H]1O[C@@H](OC[C@H]2O[C@@H](Oc3c(-c4ccc(O)c(O)c4)oc4cc(O)cc(O)c4c3=O)[C@H](O)[C@@H](O)[C@@H]2O)[C@H](O)[C@H](O)[C@H]1O,5.9333
COc1cc2occ(-c3ccc(N4CCCC4)cc3)c(=O)c2cc1OC,5.7878
COc1cc2occ(-c3ccc(OC4CCN(Cc5ccccc5)CC4)cc3)c(=O)c2cc1OC,7.0315
O=c1c(Cl)c(N2CCN(c3ccc(C(F)(F)F)cn3)CC2)cnn1-c1c(Cl)cc(C(F)(F)F)cc1Cl,5.5421
CSc1cccc(/N=C2\NC(=O)C(CC(=O)Nc3ccc(F)c(F)c3)S2)c1,6.8859
O=C(Nc1ccc(OC(F)(F)F)cc1)OC1CN(C(c2ccccc2)c2ccccc2)C1,7.6424
O=C(NC1CCN(Cc2ccccc2)CC1)c1ccc2c(c1)OCCCO2,7.0209
O=C(CN1CCN(Cc2ccccc2)CC1)Nc1ccc(C(F)(F)F)cc1Cl,7.3248
Cc1c(S(=O)(=O)c2ccc(Cl)cc2)csc1C(=O)NC1CCN(Cc2ccccc2)CC1,7.6718
COc1ccc(C(=O)NC2CCN(Cc3c(F)cccc3Cl)CC2)cc1OC,7.2609
O=C(Nc1ccc(OC(F)(F)F)cc1)N1CCCN(CCc2ccccc2)CC1,6.6177
N/C(=N\OC(=O)c1cnn(-c2ccc([N+](=O)[O-])cc2)c1C(F)(F)F)c1ccc(Cl)cc1,5.6289
CC(C)(C)c1ccc(/C(N)=N/OC(=O)c2cnn(-c3ccc([N+](=O)[O-])cc3)c2C(F)(F)F)cc1,6.2829
N/C(=N\OC(=O)c1cnn(-c2ccc([N+](=O)[O-])cc2)c1C(F)(F)F)c1ccc(C(F)(F)F)cc1,5.6840
CC(CN1CCN(Cc2ccccc2)CC1)N(C(=O)c1cccc([N+](=O)[O-])c1)c1ccccn1,7.2118
O=[N+]([O-])c1ccc(OCC(O)CN2CCCN(c3nc4ccc(Cl)cc4s3)CC2)cc1,6.5798
COc1cc2c(cc1OC)C(=O)C(Cc1ccc(CN3CCCCC3)cc1)C2,7.1321
COc1cc2c(cc1OC)C(=O)C(Cc1cccc(CN3CCCCC3)c1)C2,7.2267
COc1cc2c(cc1OC)C(=O)C(Cc1ccc(CN3CCCC3)cc1)C2,6.1120
COc1cc2c(cc1OC)C(=O)C(Cc1cccc(CN3CCCC3)c1)C2,7.6521
CCN(CC)Cc1ccc(CC2Cc3cc(OC)c(OC)cc3C2=O)cc1,5.9830
CCN(CC)Cc1cccc(CC2Cc3cc(OC)c(OC)cc3C2=O)c1,7.6643
CCN(C)Cc1ccc(CC2Cc3cc(OC)c(OC)cc3C2=O)cc1,6.0370
CCN(C)Cc1cccc(CC2Cc3cc(OC)c(OC)cc3C2=O)c1,6.2952
COc1cc2c(cc1OC)C(=O)C(Cc1ccc(CN(C)C)cc1)C2,6.7931
COc1cc2c(cc1OC)C(=O)C(Cc1cccc(CN(C)C)c1)C2,6.2798
COc1cc2c(cc1OC)C(=O)/C(=C/c1ccc(CN3CCCCC3)cc1)C2,7.0213
COc1cc2c(cc1OC)C(=O)/C(=C/c1cccc(CN3CCCCC3)c1)C2,7.1494
COc1cc2c(cc1OC)C(=O)/C(=C/c1ccc(CN3CCCC3)cc1)C2,6.7023
COc1cc2c(cc1OC)C(=O)/C(=C/c1cccc(CN3CCCC3)c1)C2,6.8971
CCN(CC)Cc1ccc(/C=C2\Cc3cc(OC)c(OC)cc3C2=O)cc1,6.7722
CCN(CC)Cc1cccc(/C=C2\Cc3cc(OC)c(OC)cc3C2=O)c1,6.6261
CCN(C)Cc1ccc(/C=C2\Cc3cc(OC)c(OC)cc3C2=O)cc1,6.0364
CCN(C)Cc1cccc(/C=C2\Cc3cc(OC)c(OC)cc3C2=O)c1,6.6280
COc1cc2c(cc1OC)C(=O)/C(=C/c1ccc(CN(C)C)cc1)C2,6.2099
COc1cc2c(cc1OC)C(=O)/C(=C/c1cccc(CN(C)C)c1)C2,7.2059
COc1cc2c(cc1OC)C(=O)C(Oc1ccc(C(C)N3CCN(C)CC3)cc1)C2,6.6422
COc1cc2c(cc1OC)C(=O)C(Oc1ccc(CN3CCN(C)CC3)cc1)C2,7.1583
COc1cc2c(cc1OC)C(=O)C(Oc1cccc(C(C)N3CCN(C)CC3)c1)C2,7.1098
COc1cc2c(cc1OC)C(=O)C(Oc1cccc(CN3CCN(C)CC3)c1)C2,7.2072
COc1cc2c(cc1OC)C(=O)C(Oc1ccc(C(C)N3CCOCC3)cc1)C2,6.6633
COc1cc2c(cc1OC)C(=O)C(Oc1ccc(CN3CCOCC3)cc1)C2,6.2890
COc1cc2c(cc1OC)C(=O)C(Oc1cccc(C(C)N3CCOCC3)c1)C2,6.9280
COc1cc2c(cc1OC)C(=O)C(Oc1cccc(CN3CCOCC3)c1)C2,6.1007
COc1cc2c(cc1OC)C(=O)C(Oc1ccc(C(C)N3CCCCC3)cc1)C2,6.9736
COc1cc2c(cc1OC)C(=O)C(Oc1ccc(CN3CCCCC3)cc1)C2,6.3946
COc1cc2c(cc1OC)C(=O)C(Oc1cccc(C(C)N3CCCCC3)c1)C2,7.4182
COc1cc2c(cc1OC)C(=O)C(Oc1cccc(CN3CCCCC3)c1)C2,6.5744
COc1cc2c(cc1OC)C(=O)C(Oc1ccc(C(C)N3CCCC3)cc1)C2,6.3949
COc1cc2c(cc1OC)C(=O)C(Oc1cccc(C(C)N3CCCC3)c1)C2,6.8613
COc1cc2c(cc1OC)C(=O)C(Oc1cccc(CN3CCCC3)c1)C2,6.2966
CCN(CC)C(C)c1ccc(OC2Cc3cc(OC)c(OC)cc3C2=O)cc1,5.8761
CCN(CC)Cc1ccc(OC2Cc3cc(OC)c(OC)cc3C2=O)cc1,5.8729
CCN(CC)C(C)c1cccc(OC2Cc3cc(OC)c(OC)cc3C2=O)c1,6.0630
CCN(CC)Cc1cccc(OC2Cc3cc(OC)c(OC)cc3C2=O)c1,5.7986
COc1cc2c(cc1OC)C(=O)C(Oc1ccc(C(C)N(C)C)cc1)C2,6.2648
COc1cc2c(cc1OC)C(=O)C(Oc1ccc(CN(C)C)cc1)C2,6.6803
COc1cc2c(cc1OC)C(=O)C(Oc1cccc(C(C)N(C)C)c1)C2,6.3983
COc1cc2c(cc1OC)C(=O)C(Oc1cccc(CN(C)C)c1)C2,5.9983
COc1ccc([C@@H]2CC(c3c4ccccc4cc4ccccc34)=NN2)cc1,7.5952
O=[N+]([O-])c1cccc([C@@H]2CC(c3c4ccccc4cc4ccccc34)=NN2)c1,7.6861
c1ccc([C@@H]2CC(c3c4ccccc4cc4ccccc34)=NN2)nc1,7.3840
Oc1ccc([C@@H]2CC(c3c4ccccc4cc4ccccc34)=NN2)c(O)c1,8.1427
Oc1ccccc1[C@@H]1CC(c2c3ccccc3cc3ccccc23)=NN1,7.6126
c1ccc([C@@H]2CC(c3c4ccccc4cc4ccccc34)=NN2)cc1,7.5200
Clc1ccc([C@@H]2CC(c3c4ccccc4cc4ccccc34)=NN2)cc1,7.5186
COc1cc2cc(NC(=O)[C@H]3CCC[C@@H](NCc4ccccc4)C3)c(=O)oc2cc1OC,7.3316
CCOc1ccc(/C=N/NC(=O)CN2CCC(Cc3ccccc3)CC2)cc1,4.2749
COc1ccc(/C=N/NC(=O)CN2CCC(Cc3ccccc3)CC2)cc1,4.4218
COc1ccc(/C=N/NC(=O)CN2CCC(Cc3ccccc3)CC2)cc1OC,4.2020
CCOc1ccc(/C=N/NC(=O)CN2CCN(Cc3ccccc3)CC2)cc1,4.0894
COc1ccc(/C=N/NC(=O)CN2CCN(Cc3ccccc3)CC2)cc1,4.0531
COc1ccc(/C=N/NC(=O)CN2CCN(Cc3ccccc3)CC2)cc1OC,4.0910
C[C@H]1COC2=C1C(=O)C(=O)c1c2ccc2c1CCCC2(C)C,5.1931
Cc1cccc2c3c(ccc12)C1=C(C(=O)C3=O)[C@@H](C)CO1,6.0000
O=C(C[C@H]1C[C@H]2CCCN2[C@]12C(=O)Nc1ccccc12)N1C/C(=C\c2cccc3ccccc23)C(=O)[C@]2(C[C@H]3CCCN3[C@@]23C(=O)Nc2ccccc23)C1,4.6855
O=C(C[C@H]1C[C@H]2CCCN2[C@]12C(=O)Nc1ccccc12)N1C/C(=C\c2ccc(F)cc2)C(=O)[C@]2(C[C@H]3CCCN3[C@@]23C(=O)Nc2ccccc23)C1,4.6258
O=C(C[C@H]1C[C@H]2CCCN2[C@]12C(=O)Nc1ccccc12)N1C/C(=C\c2ccc(Cl)cc2)C(=O)[C@]2(C[C@H]3CCCN3[C@@]23C(=O)Nc2ccccc23)C1,5.1013
Cc1ccc(/C=C2\CN(C(=O)C[C@H]3C[C@H]4CCCN4[C@]34C(=O)Nc3ccccc34)C[C@@]3(C[C@H]4CCCN4[C@@]34C(=O)Nc3ccccc34)C2=O)cc1,4.7080
O=C(C[C@H]1C[C@H]2CCCN2[C@]12C(=O)Nc1ccccc12)N1C/C(=C\c2ccc(Cl)cc2Cl)C(=O)[C@]2(C[C@H]3CCCN3[C@@]23C(=O)Nc2ccccc23)C1,5.1574
O=C(C[C@H]1C[C@H]2CCCN2[C@]12C(=O)Nc1ccccc12)N1C/C(=C\c2cccc([N+](=O)[O-])c2)C(=O)[C@]2(C[C@H]3CCCN3[C@@]23C(=O)Nc2ccccc23)C1,4.5751
O=C(C[C@H]1C[C@H]2CCCN2[C@]12C(=O)Nc1ccccc12)N1C/C(=C\c2ccccc2F)C(=O)[C@]2(C[C@H]3CCCN3[C@@]23C(=O)Nc2ccccc23)C1,4.6094
O=C(C[C@H]1C[C@H]2CCCN2[C@]12C(=O)Nc1ccccc12)N1C/C(=C\c2ccccc2Cl)C(=O)[C@]2(C[C@H]3CCCN3[C@@]23C(=O)Nc2ccccc23)C1,4.8652
COc1ccccc1/C=C1\CN(C(=O)C[C@H]2C[C@H]3CCCN3[C@]23C(=O)Nc2ccccc23)C[C@@]2(C[C@H]3CCCN3[C@@]23C(=O)Nc2ccccc23)C1=O,4.9427
Cc1ccccc1/C=C1\CN(C(=O)C[C@H]2C[C@H]3CCCN3[C@]23C(=O)Nc2ccccc23)C[C@@]2(C[C@H]3CCCN3[C@@]23C(=O)Nc2ccccc23)C1=O,4.5615
O=C(C[C@H]1C[C@H]2CCCN2[C@]12C(=O)Nc1ccccc12)N1C/C(=C\c2ccccc2)C(=O)[C@]2(C[C@H]3CCCN3[C@@]23C(=O)Nc2ccccc23)C1,4.7066
O=C1/C(=C/c2cccc3ccccc23)CN(C(=O)C[C@H]2C[C@H]3CCCN3[C@]23C(=O)Nc2ccccc23)C/C1=C\c1cccc2ccccc12,5.1701
O=C1/C(=C/c2ccc(F)cc2)CN(C(=O)C[C@H]2C[C@H]3CCCN3[C@]23C(=O)Nc2ccccc23)C/C1=C\c1ccc(F)cc1,4.7025
O=C1/C(=C/c2ccc(Cl)cc2)CN(C(=O)C[C@H]2C[C@H]3CCCN3[C@]23C(=O)Nc2ccccc23)C/C1=C\c1ccc(Cl)cc1,5.4737
Cc1ccc(/C=C2\CN(C(=O)C[C@H]3C[C@H]4CCCN4[C@]34C(=O)Nc3ccccc34)C/C(=C\c3ccc(C)cc3)C2=O)cc1,4.6975
O=C1/C(=C/c2ccc(Cl)cc2Cl)CN(C(=O)C[C@H]2C[C@H]3CCCN3[C@]23C(=O)Nc2ccccc23)C/C1=C\c1ccc(Cl)cc1Cl,5.3862
O=C1/C(=C/c2cccc([N+](=O)[O-])c2)CN(C(=O)C[C@H]2C[C@H]3CCCN3[C@]23C(=O)Nc2ccccc23)C/C1=C\c1cccc([N+](=O)[O-])c1,5.2226
O=C1/C(=C/c2ccccc2F)CN(C(=O)C[C@H]2C[C@H]3CCCN3[C@]23C(=O)Nc2ccccc23)C/C1=C\c1ccccc1F,4.4638
O=C1/C(=C/c2ccccc2Cl)CN(C(=O)C[C@H]2C[C@H]3CCCN3[C@]23C(=O)Nc2ccccc23)C/C1=C\c1ccccc1Cl,4.9237
COc1ccccc1/C=C1\CN(C(=O)C[C@H]2C[C@H]3CCCN3[C@]23C(=O)Nc2ccccc23)C/C(=C\c2ccccc2OC)C1=O,4.7997
Cc1ccccc1/C=C1\CN(C(=O)C[C@H]2C[C@H]3CCCN3[C@]23C(=O)Nc2ccccc23)C/C(=C\c2ccccc2C)C1=O,4.9041
O=C1/C(=C/c2ccccc2)CN(C(=O)C[C@H]2C[C@H]3CCCN3[C@]23C(=O)Nc2ccccc23)C/C1=C\c1ccccc1,4.7572
C=CC(=O)N1C/C(=C\c2cccc3ccccc23)C(=O)/C(=C/c2cccc3ccccc23)C1,4.8589
C=CC(=O)N1C/C(=C\c2ccc(F)cc2)C(=O)/C(=C/c2ccc(F)cc2)C1,4.8204
C=CC(=O)N1C/C(=C\c2ccc(Cl)cc2)C(=O)/C(=C/c2ccc(Cl)cc2)C1,4.6568
C=CC(=O)N1C/C(=C\c2ccc(C)cc2)C(=O)/C(=C/c2ccc(C)cc2)C1,4.7433
C=CC(=O)N1C/C(=C\c2ccc(Cl)cc2Cl)C(=O)/C(=C/c2ccc(Cl)cc2Cl)C1,4.8027
C=CC(=O)N1C/C(=C\c2cccc([N+](=O)[O-])c2)C(=O)/C(=C/c2cccc([N+](=O)[O-])c2)C1,5.0106
C=CC(=O)N1C/C(=C\c2ccccc2F)C(=O)/C(=C/c2ccccc2F)C1,4.9278
C=CC(=O)N1C/C(=C\c2ccccc2Cl)C(=O)/C(=C/c2ccccc2Cl)C1,4.7873
C=CC(=O)N1C/C(=C\c2ccccc2OC)C(=O)/C(=C/c2ccccc2OC)C1,5.0595
C=CC(=O)N1C/C(=C\c2ccccc2C)C(=O)/C(=C/c2ccccc2C)C1,4.7597
C=CC(=O)N1C/C(=C\c2ccccc2)C(=O)/C(=C/c2ccccc2)C1,4.7525
Clc1ccc(-c2nnc3sc(-c4ccoc4)nn23)cc1,5.7496
COc1cccc(-c2nnc3sc(-c4ccoc4)nn23)c1,5.7496
COc1ccccc1-c1nnc2sc(-c3ccoc3)nn12,5.7496
Fc1ccc(Cc2nnc3sc(-c4ccoc4)nn23)cc1,5.7496
Fc1ccccc1Cc1nnc2sc(-c3ccoc3)nn12,5.7496
Fc1cccc(Cc2nnc3sc(-c4ccoc4)nn23)c1,5.7496
Clc1ccccc1-c1nnc2sc(-c3ccoc3)nn12,5.7496
Brc1cccc(-c2nnc3sc(-c4ccoc4)nn23)c1,6.4634
Brc1ccc(-c2nnc3sc(-c4ccoc4)nn23)cc1,5.7496
COc1ccc(-c2nnc3sc(-c4ccoc4)nn23)cc1,5.7496
O=C1/C(=C/c2cccc3ccccc23)CN(C(=O)[C@H]2C[C@H]3CCCN3[C@]23C(=O)Nc2cc(Cl)ccc23)C/C1=C\c1cccc2ccccc12,5.2358
O=C1/C(=C/c2ccc(F)cc2)CN(C(=O)[C@H]2C[C@H]3CCCN3[C@]23C(=O)Nc2cc(Cl)ccc23)C/C1=C\c1ccc(F)cc1,4.6513
O=C1/C(=C/c2ccc(Cl)cc2)CN(C(=O)[C@H]2C[C@H]3CCCN3[C@]23C(=O)Nc2cc(Cl)ccc23)C/C1=C\c1ccc(Cl)cc1,5.4737
Cc1ccc(/C=C2\CN(C(=O)[C@H]3C[C@H]4CCCN4[C@]34C(=O)Nc3cc(Cl)ccc34)C/C(=C\c3ccc(C)cc3)C2=O)cc1,5.1192
O=C1/C(=C/c2ccc(Cl)cc2Cl)CN(C(=O)[C@H]2C[C@H]3CCCN3[C@]23C(=O)Nc2cc(Cl)ccc23)C/C1=C\c1ccc(Cl)cc1Cl,5.4776
O=C1/C(=C/c2cccc([N+](=O)[O-])c2)CN(C(=O)[C@H]2C[C@H]3CCCN3[C@]23C(=O)Nc2cc(Cl)ccc23)C/C1=C\c1cccc([N+](=O)[O-])c1,5.3686
O=C1/C(=C/c2ccccc2F)CN(C(=O)[C@H]2C[C@H]3CCCN3[C@]23C(=O)Nc2cc(Cl)ccc23)C/C1=C\c1ccccc1F,4.5300
O=C1/C(=C/c2ccccc2Cl)CN(C(=O)[C@H]2C[C@H]3CCCN3[C@]23C(=O)Nc2cc(Cl)ccc23)C/C1=C\c1ccccc1Cl,5.2941
COc1ccccc1/C=C1\CN(C(=O)[C@H]2C[C@H]3CCCN3[C@]23C(=O)Nc2cc(Cl)ccc23)C/C(=C\c2ccccc2OC)C1=O,4.8380
Cc1ccccc1/C=C1\CN(C(=O)[C@H]2C[C@H]3CCCN3[C@]23C(=O)Nc2cc(Cl)ccc23)C/C(=C\c2ccccc2C)C1=O,4.9508
O=C1/C(=C/c2ccccc2)CN(C(=O)[C@H]2C[C@H]3CCCN3[C@]23C(=O)Nc2cc(Cl)ccc23)C/C1=C\c1ccccc1,4.8035
COc1ccc2cc(C(=O)CN3CCN(Cc4ccccc4)CC3)c(=O)oc2c1,5.7545
CN(C)C(=O)[C@H]1C[C@@H]1c1ccc(-c2ncn(C)c2Sc2ccc(Cl)cn2)cc1,5.7878
CC1CCCCN1c1nc2ccccc2[nH]1,4.0510
c1ccc2[nH]c(N3CCCCC3)nc2c1,4.2277
CN(C)CCCN(c1nc2ccccc2[nH]1)c1nc2ccccc2[nH]1,4.2242
O=c1ccc2cc3ccoc3cc2o1,5.1884
CCCn1cnc2c1c(=O)n(CCCCC(C)=O)c(=O)n2C,5.1938
CC(=O)CCCCn1c(=O)c2c(ncn2C)n(C)c1=O,5.1805
Cn1c(=O)c2c(ncn2C)n(C)c1=O,5.1198
O=c1[nH]c(=O)c2nc[nH]c2[nH]1,5.0458
C=C[C@@H]1[C@H]2C=C(C)C[C@]1(N)c1ccc(=O)[nH]c1C2,6.3107
C=C[C@@H]1[C@H]2C=C(C)C[C@]1(NC)c1ccc(=O)[nH]c1C2,4.8239
CC1=C[C@H]2Cc3[nH]c(=O)ccc3[C@@]3(C1)[C@@H]2[C@H](C)CN3C,4.9172
CC1=C[C@H]2Cc3[nH]c(=O)ccc3[C@@]3(C1)[C@@H]2[C@H](Cl)CCN3C,4.6799
Clc1ccc2[nH]c(-c3ccc(OCCN4CCOCC4)cc3)nc2c1,5.0119
Clc1ccc2[nH]c(-c3ccc(OCCN4CCCCC4)cc3)nc2c1,6.8861
Clc1ccc2[nH]c(-c3ccc(OCCN4CCCC4)cc3)nc2c1,5.8539
CC(C)N(CCOc1ccc(-c2nc3cc(Cl)ccc3[nH]2)cc1)C(C)C,5.4342
CCN(CC)CCOc1ccc(-c2nc3cc(Cl)ccc3[nH]2)cc1,5.0580
CN(C)CCOc1ccc(-c2nc3cc(Cl)ccc3[nH]2)cc1,5.0958
Cc1ccc2[nH]c(-c3ccc(OCCN4CCOCC4)cc3)nc2c1,4.8887
Cc1ccc2[nH]c(-c3ccc(OCCN4CCCCC4)cc3)nc2c1,6.4089
Cc1ccc2[nH]c(-c3ccc(OCCN4CCCC4)cc3)nc2c1,6.3979
CCN(CC)CCOc1ccc(-c2nc3cc(C)ccc3[nH]2)cc1,4.2926
Cc1ccc2[nH]c(-c3ccc(OCCN(C)C)cc3)nc2c1,4.9087
c1ccc2[nH]c(-c3ccc(OCCN4CCCCC4)cc3)nc2c1,5.9872
c1ccc2[nH]c(-c3ccc(OCCN4CCCC4)cc3)nc2c1,5.6716
CC(C)N(CCOc1ccc(-c2nc3ccccc3[nH]2)cc1)C(C)C,4.6304
CN(C)CCOc1ccc(-c2nc3ccccc3[nH]2)cc1,4.9714
N#Cc1cc(C#N)c(NC2CCN(Cc3ccccc3)CC2)nc1NC1CCN(Cc2ccccc2)CC1,5.1367
N#Cc1c(NCCC2CCN(Cc3ccccc3)CC2)nc(NCCC2CCN(Cc3ccccc3)CC2)c(C#N)c1-c1ccccc1,5.0101
N#Cc1cc(C#N)c(NCCCCC2CCN(Cc3ccccc3)CC2)nc1Cl,7.8861
N#Cc1cc(C#N)c(NCCCC2CCN(Cc3ccccc3)CC2)nc1Cl,7.2676
N#Cc1cc(C#N)c(NCCC2CCN(Cc3ccccc3)CC2)nc1Cl,6.5086
N#Cc1cc(C#N)c(NC2CCN(Cc3ccccc3)CC2)nc1Cl,5.2716
N#Cc1c(Cl)nc(NCCCCC2CCN(Cc3ccccc3)CC2)c(C#N)c1-c1ccccc1,7.5086
N#Cc1c(Cl)nc(NCCCC2CCN(Cc3ccccc3)CC2)c(C#N)c1-c1ccccc1,5.4134
N#Cc1c(Cl)nc(NCCC2CCN(Cc3ccccc3)CC2)c(C#N)c1-c1ccccc1,5.3565
N#Cc1c(Cl)nc(NC2CCN(Cc3ccccc3)CC2)c(C#N)c1-c1ccccc1,5.0255
COc1ccc(NC(=S)NNC=C2C(=O)NC(=S)NC2=O)cc1,3.6855
O=C1NC(=S)NC(=O)C1=CNNC(=S)Nc1ccc(C(F)(F)F)cc1,4.0026
O=C1NC(=O)C(=CNNC(=S)Nc2cccc(C(F)(F)F)c2)C(=O)N1,4.3896
O=C1NC(=S)NC(=O)C1=CNNC(=S)Nc1ccc(Br)cc1,4.1012
O=C1NC(=S)NC(=O)C1=CNNC(=S)Nc1ccc(Cl)cc1,3.9168
O=C1NC(=S)NC(=O)C1=CNNC(=S)Nc1ccc(F)cc1,4.1056
O=C1NC(=S)NC(=O)C1=CNNC(=S)Nc1ccccc1,3.9389
O=C(NNC=C1C(=O)NC(=S)NC1=O)Nc1ccccc1,4.1295
NC(=S)NNC=C1C(=O)NC(=O)NC1=O,3.9241
CC(=O)NC=C1C(=O)NC(=O)NC1=O,4.0414
COc1c(F)c[n+](CCC[n+]2cc(F)c(OC)c(F)c2)cc1F.O=S(=O)([O-])C(F)(F)F.O=S(=O)([O-])C(F)(F)F,4.6153
COc1c(F)c[n+](C)cc1F.O=S(=O)([O-])C(F)(F)F,4.1382
COc1cccc(C#N)[n+]1C.F[B-](F)(F)F,4.7993
COc1ccc(C#N)c[n+]1C.F[B-](F)(F)F,4.2802
COc1cc(C#N)cc[n+]1C.F[B-](F)(F)F,4.2535
COc1ccc([N+](=O)[O-])c[n+]1C.F[B-](F)(F)F,4.7904
COc1cccc(C(F)(F)F)[n+]1C.F[B-](F)(F)F,4.3905
COc1ccc(C(F)(F)F)c[n+]1C.F[B-](F)(F)F,4.5735
COc1ccc(F)c[n+]1C.F[B-](F)(F)F,4.7827
COc1c(F)ccc[n+]1C.F[B-](F)(F)F,4.0568
COc1cccc[n+]1C.F[B-](F)(F)F,4.3845
COc1c(F)c[n+](CCCCCOc2ccc3c(C)cc(=O)oc3c2)cc1F.O=S(=O)([O-])C(F)(F)F,6.3233
COc1c(F)c[n+](CCCCOc2ccc3c(C)cc(=O)oc3c2)cc1F.O=S(=O)([O-])C(F)(F)F,6.2184
COc1c(F)c[n+](CCCOc2ccc3c(C)cc(=O)oc3c2)cc1F.O=S(=O)([O-])C(F)(F)F,5.7454
COc1ccc(C(F)(F)F)c[n+]1CCCCCOc1ccc2c(C)cc(=O)oc2c1.O=S(=O)([O-])C(F)(F)F,6.0649
COc1ccc(C(F)(F)F)c[n+]1CCCCOc1ccc2c(C)cc(=O)oc2c1.O=S(=O)([O-])C(F)(F)F,6.0369
COc1ccc(C(F)(F)F)c[n+]1CCCOc1ccc2c(C)cc(=O)oc2c1.O=S(=O)([O-])C(F)(F)F,5.4437
COc1ccc(C(F)(F)F)c[n+]1CCCCC[n+]1cc(C(F)(F)F)ccc1OC.O=S(=O)([O-])C(F)(F)F.O=S(=O)([O-])C(F)(F)F,4.6576
COc1ccc(C(F)(F)F)c[n+]1CCC[n+]1cc(C(F)(F)F)ccc1OC.O=S(=O)([O-])C(F)(F)F.O=S(=O)([O-])C(F)(F)F,5.2113
COc1ccc(C(F)(F)F)c[n+]1CCCCCO.O=S(=O)([O-])C(F)(F)F,3.9458
COc1cc2c(cc1OC)C(=O)C(CCCCCCCc1cccc(OC)[n+]1C)C2.O=S(=O)([O-])C(F)(F)F,6.6449
COc1cc2c(cc1OC)C(=O)C(CCCCCCc1cccc(OC)[n+]1C)C2.O=S(=O)([O-])C(F)(F)F,7.0775
COc1cc2c(cc1OC)C(=O)C(CCCCCc1cccc(OC)[n+]1C)C2.O=S(=O)([O-])C(F)(F)F,6.9034
COc1cc2c(cc1OC)C[N+](C)(CCCCCCCc1cccc(OC)[n+]1C)CC2.O=S(=O)([O-])C(F)(F)F.O=S(=O)([O-])C(F)(F)F,7.1342
COc1cc2c(cc1OC)C[N+](C)(CCCCCCc1cccc(OC)[n+]1C)CC2.O=S(=O)([O-])C(F)(F)F.O=S(=O)([O-])C(F)(F)F,6.7726
COc1cc2c(cc1OC)C[N+](C)(CCCCCc1cccc(OC)[n+]1C)CC2.O=S(=O)([O-])C(F)(F)F.O=S(=O)([O-])C(F)(F)F,6.3191
COc1cc2c(cc1OC)C[N+](C)(CCCCc1cccc(OC)[n+]1C)CC2.O=S(=O)([O-])C(F)(F)F.O=S(=O)([O-])C(F)(F)F,5.2718
COc1cccc(CCCCCCCCc2cccc(OC)[n+]2C)[n+]1C.O=S(=O)([O-])C(F)(F)F.O=S(=O)([O-])C(F)(F)F,6.7330
COc1cccc(CCCCCCCc2cccc(OC)[n+]2C)[n+]1C.O=S(=O)([O-])C(F)(F)F.O=S(=O)([O-])C(F)(F)F,6.9208
COc1cccc(CCCCCCc2cccc(OC)[n+]2C)[n+]1C.O=S(=O)([O-])C(F)(F)F.O=S(=O)([O-])C(F)(F)F,7.1549
COc1cccc(CCCCCc2cccc(OC)[n+]2C)[n+]1C.O=S(=O)([O-])C(F)(F)F.O=S(=O)([O-])C(F)(F)F,6.9793
COc1cccc(CCc2cccc(OC)[n+]2C)[n+]1C.O=S(=O)([O-])C(F)(F)F.O=S(=O)([O-])C(F)(F)F,6.0251
CC(C(=O)NCCCNCCCNC1=CC(=O)c2ccccc2C1=O)c1ccc(-c2ccccc2)c(F)c1,3.9706
C[C@H](C(=O)NCCCNCCCNC1=CC(=O)C(NCCCNCCCNC(=O)[C@@H](C)c2ccc(-c3ccccc3)c(F)c2)=CC1=O)c1ccc(-c2ccccc2)c(F)c1,5.5391
C[C@@H](C(=O)NCCCNCCCNC1=CC(=O)C(NCCCNCCCNC(=O)[C@H](C)c2ccc(-c3ccccc3)c(F)c2)=CC1=O)c1ccc(-c2ccccc2)c(F)c1,4.5560
COc1ccc2c(c1)c(CC(=O)NCCCNCCCNC1=CC(=O)C(NCCCNCCCNC(=O)Cc3c(C)n(C(=O)c4ccc(Cl)cc4)c4ccc(OC)cc34)=CC1=O)c(C)n2C(=O)c1ccc(Cl)cc1,4.9872
O=C(Cc1ccccc1Nc1c(Cl)cccc1Cl)NCCCNCCCNC1=CC(=O)C(NCCCNCCCNC(=O)Cc2ccccc2Nc2c(Cl)cccc2Cl)=CC1=O,5.5172
CC1=C(CC(=O)NCCCNCCCNC2=CC(=O)C(NCCCNCCCNC(=O)CC3=C(C)/C(=C\c4ccc([S+](C)[O-])cc4)c4ccc(F)cc43)=CC2=O)c2cc(F)ccc2/C1=C/c1ccc([S+](C)[O-])cc1,5.0205
CC(C)Cc1ccc(C(C)C(=O)NCCCNCCCNC2=CC(=O)C(NCCCNCCCNC(=O)C(C)c3ccc(CC(C)C)cc3)=CC2=O)cc1,6.2218
CCn1c(=O)n(C)s/c1=N\CCC1CCN(Cc2ccccc2)CC1,6.8539
CCOC(=O)C1=C(C)Oc2nc3c(c(N)c2C1c1ccc(C)cc1)CCCC3,6.7399
CCOC(=O)C1=C(C)Oc2nc3c(c(N)c2C1c1ccc(OC)cc1)CCCC3,6.4007
COc1cc2c(cc1OC)[Se](=O)N(CCC1CCN(Cc3ccccc3)CC1)C2=O,6.7878
COc1cc2[se]n(CCCCC3CCN(Cc4ccccc4)CC3)c(=O)c2cc1OC,6.9872
COc1cc2[se]n(CCCC3CCN(Cc4ccccc4)CC3)c(=O)c2cc1OC,6.6364
COc1cc2[se]n(CCC3CCN(Cc4ccccc4)CC3)c(=O)c2cc1OC,7.0132
O=C1/C(=C/c2ccc(F)cc2)COc2cc(OCCCCCCNc3c4c(nc5ccccc35)CCCC4)ccc21,6.9776
COc1ccc(/C=C2\COc3cc(OCCCCCCCCNc4c5c(nc6ccccc46)CCCC5)ccc3C2=O)cc1,6.9151
COc1ccc(/C=C2\COc3cc(OCCCCCCNc4c5c(nc6ccccc46)CCCC5)ccc3C2=O)cc1,6.8047
COc1ccc(/C=C2\COc3cc(OCCCCCNc4c5c(nc6ccccc46)CCCC5)ccc3C2=O)cc1,7.0088
COc1cc2[se]n(CCCCCCNc3c4c(nc5ccccc35)CCCC4)c(=O)c2cc1OC,7.8202
O=c1c2ccccc2[se]n1CCCCCCNc1c2c(nc3ccccc13)CCCC2,7.7095
[Br-].[Br-].c1cc[n+](CCCCCCCCCCCC[n+]2cccc3ccccc32)cc1,8.0000
[Br-].[Br-].c1cc[n+](CCCCCCCCCC[n+]2cccc3ccccc32)cc1,6.3979
[Br-].[Br-].c1cc[n+](CCCCCCCCCCC[n+]2cccc3ccccc32)cc1,7.7696
[Br-].[Br-].c1cc[n+](CCCCCCCCC[n+]2cccc3ccccc32)cc1,6.9208
[Br-].[Br-].c1cc[n+](CCCCCCCC[n+]2cccc3ccccc32)cc1,6.5686
[Br-].[Br-].c1cc[n+](CCCCCCC[n+]2cccc3ccccc32)cc1,6.2676
[Br-].[Br-].c1cc[n+](CCCCCCCCCCC[n+]2ccc3ccccc3c2)cc1,7.5229
[Br-].[Br-].c1cc[n+](CCCCCCCCCC[n+]2ccc3ccccc3c2)cc1,7.6990
[Br-].[Br-].c1cc[n+](CCCCCCCCC[n+]2ccc3ccccc3c2)cc1,7.3979
[Br-].[Br-].c1cc[n+](CCCCCCCC[n+]2ccc3ccccc3c2)cc1,6.8539
[Br-].[Br-].c1cc[n+](CCCCCCC[n+]2ccc3ccccc3c2)cc1,6.0969
CN(CCCCNc1c2c(nc3c(NC(=O)CNC(=O)CC[C@H](NC(=O)CNC(=O)OCc4ccccc4)C(=O)N[C@@H](Cc4ccccc4)C(=O)OCc4ccccc4)cccc13)CCCC2)CCCNc1c2c(nc3ccccc13)CCCC2,6.3883
CN(CCCCNc1c2c(nc3ccccc13)CCCC2)CCCNc1c2c(nc3c(NC(=O)CNC(=O)CC[C@H](NC(=O)CNC(=O)OCc4ccccc4)C(=O)N[C@@H](Cc4ccccc4)C(=O)OCc4ccccc4)cccc13)CCCC2,8.2993
O=C(CC[C@H](NC(=O)CNC(=O)OCc1ccccc1)C(=O)N[C@@H](Cc1ccccc1)C(=O)OCc1ccccc1)NCC(=O)Nc1cccc2c(NCCCCCCCCNc3c4c(nc5ccccc35)CCCC4)c3c(nc12)CCCC3,8.7167
Nc1cccc2c(NCCCCCCCCNc3c4c(nc5ccccc35)CCCC4)c3c(nc12)CCCC3,9.6383
O=[N+]([O-])c1cccc2c(NCCCCCCCCNc3c4c(nc5ccccc35)CCCC4)c3c(nc12)CCCC3,9.1079
COc1cc2[se]n(-c3ccc(OCCCCN4CCCCC4)cc3)c(=O)c2cc1OC,5.4672
COc1cc2[se]n(-c3ccc(OCCCN4CCCCC4)cc3)c(=O)c2cc1OC,5.2882
COc1cc2[se]n(-c3ccc(OCCN4CCCCC4)cc3)c(=O)c2cc1OC,6.3468
COc1cc2[se]n(-c3ccc(CCN4CCCCC4)cc3)c(=O)c2cc1OC,4.9780
COc1cc2[se]n(-c3ccc(CCN4CCCC4)cc3)c(=O)c2cc1OC,4.8557
COc1cc2[se]n(-c3ccc(CN4CCCCC4)cc3)c(=O)c2cc1OC,5.8416
COc1cc2[se]n(-c3ccc(CN4CCCC4)cc3)c(=O)c2cc1OC,5.3655
O=c1c2ccccc2[se]n1-c1ccc(OCCN2CCCCC2)cc1,4.9614
O=c1c2ccccc2[se]n1-c1ccc(CN2CCCCC2)cc1,4.9646
CN1CC[C@@H](C(=O)N2C/C(=C\c3ccc(F)cc3)C(=O)[C@@]3(C2)[C@H](c2ccc(F)cc2)CN(C)[C@]32C(=O)Nc3ccccc32)[C@@]12C(=O)Nc1ccccc12,5.6629
CN1CC[C@@H](C(=O)N2C/C(=C\c3cccc4ccccc34)C(=O)[C@@]3(C2)[C@H](c2cccc4ccccc24)CN(C)[C@]32C(=O)Nc3ccccc32)[C@@]12C(=O)Nc1ccccc12,5.3072
CN1CC[C@@H](C(=O)N2C/C(=C\c3ccc(Cl)cc3)C(=O)[C@@]3(C2)[C@H](c2ccc(Cl)cc2)CN(C)[C@]32C(=O)Nc3ccccc32)[C@@]12C(=O)Nc1ccccc12,5.2118
Cc1ccc(/C=C2\CN(C(=O)[C@@H]3CCN(C)[C@]34C(=O)Nc3ccccc34)C[C@]3(C2=O)[C@H](c2ccc(C)cc2)CN(C)[C@]32C(=O)Nc3ccccc32)cc1,5.1152
CN1CC[C@@H](C(=O)N2C/C(=C\c3ccc(Cl)cc3Cl)C(=O)[C@@]3(C2)[C@H](c2ccc(Cl)cc2Cl)CN(C)[C@]32C(=O)Nc3ccccc32)[C@@]12C(=O)Nc1ccccc12,5.3546
CN1CC[C@@H](C(=O)N2C/C(=C\c3cccc([N+](=O)[O-])c3)C(=O)[C@@]3(C2)[C@H](c2cccc([N+](=O)[O-])c2)CN(C)[C@]32C(=O)Nc3ccccc32)[C@@]12C(=O)Nc1ccccc12,5.6073
CN1CC[C@@H](C(=O)N2C/C(=C\c3ccccc3F)C(=O)[C@@]3(C2)[C@H](c2ccccc2F)CN(C)[C@]32C(=O)Nc3ccccc32)[C@@]12C(=O)Nc1ccccc12,5.2090
CN1CC[C@@H](C(=O)N2C/C(=C\c3ccccc3Cl)C(=O)[C@@]3(C2)[C@H](c2ccccc2Cl)CN(C)[C@]32C(=O)Nc3ccccc32)[C@@]12C(=O)Nc1ccccc12,5.2848
COc1ccccc1/C=C1\CN(C(=O)[C@@H]2CCN(C)[C@]23C(=O)Nc2ccccc23)C[C@]2(C1=O)[C@H](c1ccccc1OC)CN(C)[C@]21C(=O)Nc2ccccc21,5.3251
Cc1ccccc1/C=C1\CN(C(=O)[C@@H]2CCN(C)[C@]23C(=O)Nc2ccccc23)C[C@]2(C1=O)[C@H](c1ccccc1C)CN(C)[C@]21C(=O)Nc2ccccc21,5.0255
CN1CC[C@@H](C(=O)N2C/C(=C\c3ccccc3)C(=O)[C@@]3(C2)[C@H](c2ccccc2)CN(C)[C@]32C(=O)Nc3ccccc32)[C@@]12C(=O)Nc1ccccc12,5.5800
C=CC(=O)N1C/C(=C\c2cccc3ccccc23)C(=O)[C@@]2(C1)[C@H](c1cccc3ccccc13)CN(C)[C@]21C(=O)Nc2ccccc21,5.1198
C=CC(=O)N1C/C(=C\c2ccc(F)cc2)C(=O)[C@@]2(C1)[C@H](c1ccc(F)cc1)CN(C)[C@]21C(=O)Nc2ccccc21,5.1079
C=CC(=O)N1C/C(=C\c2ccc(Cl)cc2)C(=O)[C@@]2(C1)[C@H](c1ccc(Cl)cc1)CN(C)[C@]21C(=O)Nc2ccccc21,5.0757
C=CC(=O)N1C/C(=C\c2ccc(C)cc2)C(=O)[C@@]2(C1)[C@H](c1ccc(C)cc1)CN(C)[C@]21C(=O)Nc2ccccc21,5.1255
C=CC(=O)N1C/C(=C\c2ccc(Cl)cc2Cl)C(=O)[C@@]2(C1)[C@H](c1ccc(Cl)cc1Cl)CN(C)[C@]21C(=O)Nc2ccccc21,5.2118
C=CC(=O)N1C/C(=C\c2cccc([N+](=O)[O-])c2)C(=O)[C@@]2(C1)[C@H](c1cccc([N+](=O)[O-])c1)CN(C)[C@]21C(=O)Nc2ccccc21,5.2725
C=CC(=O)N1C/C(=C\c2ccccc2F)C(=O)[C@@]2(C1)[C@H](c1ccccc1F)CN(C)[C@]21C(=O)Nc2ccccc21,5.1624
C=CC(=O)N1C/C(=C\c2ccccc2Cl)C(=O)[C@@]2(C1)[C@H](c1ccccc1Cl)CN(C)[C@]21C(=O)Nc2ccccc21,5.2907
C=CC(=O)N1C/C(=C\c2ccccc2OC)C(=O)[C@@]2(C1)[C@H](c1ccccc1OC)CN(C)[C@]21C(=O)Nc2ccccc21,5.3872
C=CC(=O)N1C/C(=C\c2ccccc2C)C(=O)[C@@]2(C1)[C@H](c1ccccc1C)CN(C)[C@]21C(=O)Nc2ccccc21,5.4012
C=CC(=O)N1C/C(=C\c2ccccc2)C(=O)[C@@]2(C1)[C@H](c1ccccc1)CN(C)[C@]21C(=O)Nc2ccccc21,5.0585
Nc1ccc2c(c1)c(OCc1ccccc1)nn2Cc1ccccc1,5.0655
O=[N+]([O-])c1ccc2c(c1)c(OCc1ccc3ccccc3c1)nn2Cc1ccccc1,5.2007
CCCCCn1nc(OCc2ccc3ccccc3c2)c2cc([N+](=O)[O-])ccc21,5.0862
O=[N+]([O-])c1ccc2c(c1)c(OCc1cccc3ccccc13)nn2Cc1cccc2ccccc12,5.1739
COc1ccc(COc2nn(CCN(C(C)C)C(C)C)c3ccc([N+](=O)[O-])cc23)cc1,4.0410
CCCCCn1nc(OCc2ccc(OC)cc2)c2cc([N+](=O)[O-])ccc21,5.0132
O=[N+]([O-])c1ccc2c(c1)c(OCc1ccccc1)nn2Cc1ccccc1,5.1367
CCCCCOc1nn(CCCCC)c2ccc([N+](=O)[O-])cc12,5.3768
c1ccc(COc2nn(Cc3ccccc3)c3ccccc23)cc1,5.5376
c1ccc2c(c1)c(OCC1CCCCC1)nn2CC1CCCCC1,5.1487
CCNC(=O)c1ccc2nc(-c3ccc(Cl)cc3)c3c(c2c1)NCCC3,7.1871
CCNC(=O)c1ccc2nc(-c3ccc(Cl)cc3)c3c(c2c1)N(Cc1ccccc1)CCC3,6.0964
CCNCc1ccc2nc(-c3cccnc3)c3c(c2c1)NCCC3,4.8013
CCNCc1ccc2nc(-c3ccc(Cl)cc3)c3c(c2c1)NCCC3,6.2549
CCOC(=O)c1ccc2nc(-c3cccnc3)c3c(c2c1)NCCC3,4.6421
CCNCc1ccc2nc(-c3ccc(Cl)cc3)c3c(c2c1)N(Cc1ccccc1)CCC3,6.0259
CCOC(=O)c1ccc2nc(-c3cccnc3)c3c(c2c1)N(Cc1ccccc1)CCC3,5.9747
CCOC(=O)c1ccc2nc(-c3cccnc3)c3c(c2c1)N(Cc1ccccc1)C(=O)CC3,4.8861
CCOC(=O)c1ccc2nc(-c3ccc(Cl)cc3)c3c(c2c1)N(Cc1ccccc1)C(=O)CC3,5.3820
CCN(CCCCOc1ccc(-c2coc3cc(OCCCCN(CC)Cc4ccccc4OC)cc(O)c3c2=O)cc1)Cc1ccccc1OC,6.4559
CCN(CCCCOc1ccc(-c2coc3cc(O)cc(O)c3c2=O)cc1)Cc1ccccc1OC,5.4112
CCN(CCCCCCOc1cc(O)c2c(=O)c(-c3ccc(O)cc3)coc2c1)Cc1ccccc1,5.2366
Cn1ncc2c1-c1c(Br)sc(Br)c1C2NC(=O)CN1CCN(Cc2ccccc2F)CC1,6.0555
O=C(CN1CCN(Cc2ccccc2)CC1)NC1c2cnn(-c3ccccc3)c2-c2c(Br)sc(Br)c21,6.0605
Cn1ncc2c1-c1c(Br)sc(Br)c1C2NC(=O)CN1CCN(Cc2ccccc2)CC1,6.4815
O=C(CN1CCN(Cc2ccccc2)CC1)NC1c2cn[nH]c2-c2c(Br)sc(Br)c21,5.9469
Cn1ncc2c1-c1sccc1C2NC(=O)CN1CCN(Cc2ccccc2F)CC1,5.8794
Cn1ncc2c1-c1sccc1C2NC(=O)CN1CCN(Cc2ccccc2)CC1,6.0315
O=C(CN1CCN(Cc2ccccc2)CC1)NC1c2cn[nH]c2-c2sccc21,5.0372
COc1cc2c(cc1OC)C(NC(=O)CN1CCN(Cc3ccccc3F)CC1)c1cnn(-c3ccccc3)c1-2,5.6144
COc1cc2c(cc1OC)C(NC(=O)CN1CCN(Cc3ccccc3F)CC1)c1cnn(C)c1-2,5.6126
COc1cc2c(cc1OC)C(NC(=O)CN1CCN(Cc3ccccc3)CC1)c1cnn(-c3ccccc3)c1-2,5.5243
COc1cc2c(cc1OC)C(NC(=O)CN1CCN(Cc3ccccc3)CC1)c1cnn(C)c1-2,5.7352
Cc1ccc(C(=O)Nc2cc3cc(C)ccc3oc2=O)cc1,4.3833
Cc1ccc(C(=O)Nc2cc3ccccc3oc2=O)cc1,4.7357
COc1ccc(C(=O)Nc2cc3ccccc3oc2=O)cc1,4.1582
O=C(Nc1cc2ccccc2oc1=O)c1ccc(Cl)cc1,4.7279
O=C(Nc1cc2ccccc2oc1=O)c1ccc([N+](=O)[O-])cc1,4.8897
O=C(Nc1cc2ccccc2oc1=O)c1ccc(Cl)c(Cl)c1,4.8236
C[C@@]12CC[C@@H]3[C@@](CC[C@H]4[C@@]3(C)CCC[C@@]4(C)C(=O)OCC[N+](C)(C)C)(CC1=O)C2.[I-],3.8239
C[C@@]12CC[C@@H]3[C@@](CC[C@H]4[C@@]3(C)CCC[C@@]4(C)C(=O)OCC[N+](C)(C)Cc3ccccc3)(CC1=O)C2.[Br-],4.5229
C[C@@]12CC[C@@H]3[C@@](CC[C@H]4[C@@]3(C)CCC[C@@]4(C)C(=O)OCC[N+](C)(C)CCCCCCCCCC[N+](C)(C)CCOC(=O)[C@]3(C)CCC[C@@]4(C)[C@@H]5CC[C@@]6(C)C[C@]5(CC[C@@H]43)CC6=O)(CC1=O)C2.[Br-].[Br-],4.0555
C[C@@]12CC[C@@H]3[C@@](CC[C@H]4[C@@]3(C)CCC[C@@]4(C)C(=O)OCC[N+](C)(C)CCCCCCCCCCCC[N+](C)(C)CCOC(=O)[C@]3(C)CCC[C@@]4(C)[C@@H]5CC[C@@]6(C)C[C@]5(CC[C@@H]43)CC6=O)(CC1=O)C2.[Br-].[Br-],5.6576
C[C@@]12CC[C@@H]3[C@]4(CC[C@H]5[C@@]3(C)CCC[C@@]5(C)C(=O)OCC[N+](C)(C)CCCCCCCCC[N+](C)(C)CCOC(=O)[C@]3(C)CCC[C@@]5(C)[C@@H]6CC[C@@]7(C)C[C@]6(CC[C@@H]53)C[C@H]7OC(=O)CCCCCCCCC(=O)O[C@@H]1C4)C2.[Br-].[Br-],5.3010
CC[N+](CC)(CC)CCOCCOCCOC(=O)[C@]1(C)CCC[C@@]2(C)[C@@H]3CC[C@@]4(C)C[C@]3(CC[C@@H]21)CC4=O.[Br-],4.0969
C[C@H]1C[C@@]23CC[C@H]4[C@@](C)(CCC[C@@]4(C)C(=O)OCC[N+](C)(C)C)[C@@H]2CC[C@]1(Cl)C3.[I-],4.4685
C[C@H]1C[C@@]23CC[C@H]4[C@@](C)(CCC[C@@]4(C)C(=O)OCC[N+](C)(C)Cc4ccccc4)[C@@H]2CC[C@]1(Cl)C3.[Br-],5.0458
CC[C@H]1[C@H](C[C@H](C)C(=O)OC)O[C@]23CC[C@@H]([C@@H]4C[C@H](C)C(=O)O4)N2CCCC[C@H]13,4.1457
CC[C@H]1[C@H]2OC(=O)[C@](C)(O)[C@H]2[C@]23CC[C@@H]([C@@H]4C[C@@H](C)C(=O)O4)N2CCCC[C@@H]13,5.0410
CC[C@@H]1[C@H]2OC(=O)[C@@](C)(O)[C@H]2[C@]23CC[C@@H]([C@@H]4C[C@H](C)C(=O)O4)N2CCCC[C@H]13,4.1624
CC[C@H]1[C@@H]2OC(=O)[C@@](C)(O)[C@@H]2[C@@]23CC[C@@H]([C@@H]4C[C@H](C)C(=O)O4)N2CCCC[C@H]13,4.7670
O=C(/C=N/O)NC1CCN(Cc2ccccc2)CC1,2.6144
O=C(/C=N/O)NCC1CCN(Cc2ccccc2)CC1,2.4978
CC(=O)/C(=N\O)C(=O)NC1CCN(Cc2ccccc2)CC1,3.6312
CC(=O)/C(=N\O)C(=O)NCC1CCN(Cc2ccccc2)CC1,4.1380
N#C/C(=N\O)C(=O)NC1CCN(Cc2ccccc2)CC1,3.1352
N#C/C(=N\O)C(=O)NCC1CCN(Cc2ccccc2)CC1,1.0224
COc1ccc(CN2CCC(CNC(=O)/C(=N/O)C(C)=O)CC2)cc1OC,2.7891
COc1cc2c(cc1OC)C(c1ccccc1)N(CCCNC(=O)/C=N/O)CC2,3.2254
COc1cc2c(cc1OC)C(c1ccccc1)N(CCCNC(=O)/C(=N/O)C(C)=O)CC2,2.7153
COc1cc2c(cc1OC)CN(CCCNC(=O)/C(=N/O)C(C)=O)CC2,2.5733
Cl.O=C(/C=N/O)NCCCNc1c2c(nc3ccccc13)CCCC2,5.2063
O=C(/C=N/O)NCCCCNc1c2c(nc3ccccc13)CCCC2,5.8262
N#C/C(=N\O)C(=O)NCCCNc1c2c(nc3ccccc13)CCCC2,5.5119
O=C(/C=N/O)NCCCCCCNc1c2c(nc3ccccc13)CCCC2,6.2305
O=C(/C=N/O)c1cccnc1OCC1CCN(Cc2ccccc2)CC1,5.2446
O=C(/C=N/O)c1ccnc(OCC2CCN(Cc3ccccc3)CC2)c1,3.8416
O=C(/C=N/O)c1ccc(OCC2CCN(Cc3ccccc3)CC2)nc1,4.5056
O=C(/C=N/O)c1cccc(OCC2CCN(Cc3ccccc3)CC2)n1,3.7009
COc1ccc(CN2CCC(COc3ccc(C(=O)/C=N/O)cn3)CC2)cc1OC,2.7144
O=C(/C=N/O)c1ccc(OCC2CCN(Cc3ccc(F)c(F)c3)CC2)nc1,3.7991
N#Cc1ccc(CN2CCC(COc3ccc(C(=O)/C=N/O)cn3)CC2)cc1,2.7937
O=C(/C=N/O)c1ccc(OCC2CCN(Cc3cccc(Cl)c3)CC2)nc1,3.5253
O=C(/C=N/O)c1cnc(OCC2CCN(Cc3ccccc3)CC2)nc1,4.2582
O=C(/C=N/O)c1ccc(NCC2CCN(Cc3ccccc3)CC2)nc1,3.5442
COc1ccc(CN2CCCC(COc3ccc(C(=O)/C=N/O)cn3)C2)cc1OC,3.4624
COc1ccc(CN2CCCCC2COc2ccc(C(=O)/C=N/O)cn2)cc1OC,3.6334
O=C(/C=N/O)c1ccc(OCC2CCCCN2Cc2ccccc2)nc1,3.2592
O=C(/C=N/O)c1ccc(OCC2CCN(Cc3ccccc3)C2)nc1,3.8620
COc1ccc(CN2CCC(COc3ccc(C(=O)/C=N/O)cn3)C2)cc1OC,2.5991
O/N=C/c1ccc(OCC2CCN(Cc3ccccc3)CC2)nc1,3.5751
O/N=C/c1cnc(OCC2CCN(Cc3ccccc3)CC2)nc1,3.7022
CN(Cc1ccccc1)Cc1ccc(C(=O)c2ccc(O)c(F)c2)cc1,5.4365
O=C(c1ccc(CN2CCC(CCO)CC2)cc1)c1ccc(O)c(F)c1,5.6345
N#CC(c1ccc(O)cc1)N1CCCCC1,4.0315
COc1ccc(C(C#N)N2CCCCC2)cc1OC,4.3468
COc1ccc(C(C#N)N2CCCC2)cc1OC,4.3768
COc1ccc(C(C#N)N2CCOCC2)cc1OC,4.2676
COc1ccc(C(C#N)N2CCN(C)CC2)cc1OC,3.4214
N#CC(c1ccc2c(c1)OCO2)N1CCCCC1,4.2118
N#CC(c1ccc2c(c1)OCO2)N1CCCC1,4.2924
N#CC(c1ccc2c(c1)OCO2)N1CCOCC1,4.2366
CN1CCN(C(C#N)c2ccc3c(c2)OCO3)CC1,3.5602
COc1cc(C(C#N)N2CCCCC2)cc(OC)c1OC,3.4191
COc1cc(C(C#N)N2CCCC2)cc(OC)c1OC,3.4935
COc1cc(C(C#N)N2CCOCC2)cc(OC)c1OC,3.4101
COc1cc(C(C#N)N2CCN(C)CC2)cc(OC)c1OC,3.3915
COc1ccc(C(C#N)N2CCCCC2)cc1O,3.3206
COc1ccc(C(C#N)N2CCCC2)cc1O,3.4045
COc1ccc(C(C#N)N2CCOCC2)cc1O,3.4401
COc1ccc(C(C#N)N2CCN(C)CC2)cc1O,3.4558
COc1cc(C(C#N)N2CCCCC2)ccc1O,3.3487
COc1cc(C(C#N)N2CCCC2)ccc1O,3.4459
COc1cc(C(C#N)N2CCOCC2)ccc1O,3.3881
COc1cc(C(C#N)N2CCN(C)CC2)ccc1O,3.4683
CCOP(=S)(OCC)Oc1cc(C)nc(C(C)C)n1,5.7212
O=C(CCCOc1cccc2[nH]c3ccccc3c12)NCCCNc1c2c(nc3ccccc13)CCCC2,6.6529
c1ccc2c(NCCSSCCNc3c4c(nc5ccccc35)CCCC4)c3c(nc2c1)CCCC3,8.2976
COc1cc(/C=C/C(=O)NCCCCCCNc2c3c(nc4ccccc24)CCCC3)ccc1O,7.9340
N/C(=N\O)c1nc(CCCCCNc2c3c(nc4ccccc24)CCCC3)ccc1O,6.5850
O/N=C/c1nccc(CCCCCNc2c3c(nc4ccccc24)CCCC3)c1O,7.1135
O/N=C/c1nc(CCCCCNc2c3c(nc4ccccc24)CCCC3)ccc1O,5.2407
O/N=C/c1nc(CCCCNc2c3c(nc4ccccc24)CCCC3)ccc1O,5.2962
O/N=C/c1ncc(CCCCCNc2c3c(nc4ccccc24)CCCC3)cc1O,6.7878
O/N=C/c1nc(CCCCCSc2c3c(nc4ccccc24)CCCC3)ccc1O,3.5129
c1ccc(CCCCCNc2c3c(nc4ccccc24)CCCC3)nc1,6.8239
c1ccc(CCCCCSc2c3c(nc4ccccc24)CCCC3)nc1,3.8861
CN(CCNc1c2c(nc3ccccc13)CCCC2)Cc1ccnc(/C(N)=N/O)c1O,4.8239
CN(CCCNc1c2c(nc3ccccc13)CCCC2)Cc1ccnc(/C(N)=N/O)c1O,4.5229
NC(=O)c1cc[n+](CCC[n+]2ccccc2/C=N/O)cc1.[Cl-].[Cl-],4.3010
O/N=C/c1cc[n+](COC[n+]2ccc(/C=N/O)cc2)cc1,4.2676
CC1=CC2Cc3nc4cc(Cl)ccc4c(NCCCCCNC(=O)c4cc(O)c5c(c4)C(=O)c4cccc(O)c4C5=O)c3C(C1)C2.Cl,8.9706
CC1=CC2Cc3nc4cc(Cl)ccc4c(NCCCCCCNC(=O)c4cc(O)c5c(c4)C(=O)c4cccc(O)c4C5=O)c3C(C1)C2.Cl,8.8182
CC1=CC2Cc3nc4cc(Cl)ccc4c(NCCCCCCCNC(=O)c4cc(O)c5c(c4)C(=O)c4cccc(O)c4C5=O)c3C(C1)C2.Cl,8.4976
CC1=CC2Cc3nc4cc(Cl)ccc4c(NCCCCCCCCNC(=O)c4cc(O)c5c(c4)C(=O)c4cccc(O)c4C5=O)c3C(C1)C2.Cl,8.3605
CC1=CC2Cc3nc4cc(Cl)ccc4c(NCCCCCCCCCNC(=O)c4cc(O)c5c(c4)C(=O)c4cccc(O)c4C5=O)c3C(C1)C2.Cl,8.4437
CC1=C[C@H]2Cc3nc4cc(Cl)ccc4c(NCCCCCCCCCNC(=O)c4cc(O)c5c(c4)C(=O)c4cccc(O)c4C5=O)c3[C@@H](C1)C2.Cl,5.5331
CC1=C[C@@H]2Cc3nc4cc(Cl)ccc4c(NCCCCCCCCCNC(=O)c4cc(O)c5c(c4)C(=O)c4cccc(O)c4C5=O)c3[C@H](C1)C2.Cl,8.5768
CC1=CC2Cc3nc4cc(Cl)ccc4c(NCCCCCCCCCCNC(=O)c4cc(O)c5c(c4)C(=O)c4cccc(O)c4C5=O)c3C(C1)C2.Cl,8.1186
CC1=CC2Cc3nc4cc(Cl)ccc4c(NCCCCCCCCCCCNC(=O)c4cc(O)c5c(c4)C(=O)c4cccc(O)c4C5=O)c3C(C1)C2.Cl,7.7595
CC1=CC2Cc3nc4cc(Cl)ccc4c(NCc4ccc(CNC(=O)c5cc(O)c6c(c5)C(=O)c5cccc(O)c5C6=O)cc4)c3C(C1)C2.Cl,7.7399
CC1=C[C@@H]2Cc3nc4cc(Cl)ccc4c(N)c3[C@H](C1)C2,9.1308
COc1cc2[nH]c(=O)c(C(=O)NCC3CCN(Cc4ccccc4)CC3)c(O)c2cc1OC,6.6383
O=C(NCC1CCN(Cc2ccccc2)CC1)c1c(O)c2cc(O)c(O)cc2[nH]c1=O,6.0088
O=C(/C=N/O)Nc1ccc[n+](CC[n+]2cccc(NC(=O)/C=N/O)c2)c1.[Br-].[Br-],4.3128
O=C(/C=N\O)Nc1ccc[n+](CCC[n+]2cccc(NC(=O)/C=N\O)c2)c1.[Br-].[Br-],4.0513
O=C(/C=N\O)Nc1ccc[n+](CCCC[n+]2cccc(NC(=O)/C=N\O)c2)c1.[Br-].[Br-],4.0649
O=C(/C=N\O)Nc1ccc[n+](CCCCC[n+]2cccc(NC(=O)/C=N\O)c2)c1.[Br-].[Br-],4.5196
O=C(/C=N\O)Nc1ccc[n+](CCCCCC[n+]2cccc(NC(=O)/C=N\O)c2)c1.[Br-].[Br-],4.6128
O=C(/C=N\O)Nc1ccc[n+](CCCCCCC[n+]2cccc(NC(=O)/C=N\O)c2)c1.[Br-].[Br-],4.0742
O=C(/C=N/O)Nc1ccc[n+](Cc2ccccc2C[n+]2cccc(NC(=O)/C=N/O)c2)c1.[Br-].[Br-],4.6465
O=C(/C=N/O)Nc1ccc[n+](Cc2cccc(C[n+]3cccc(NC(=O)/C=N/O)c3)c2)c1.[Br-].[Br-],4.2602
O=C(/C=N/O)Nc1ccc[n+](Cc2ccc(C[n+]3cccc(NC(=O)/C=N/O)c3)cc2)c1.[Br-].[Br-],4.7580
CCN(CC)CCCCCCOc1ccc(CC2NCCc3cc(OC)c(OC)cc32)cc1,5.3019
COc1cc2c(cc1OC)C(Cc1ccc(OCCCCCCN(C)C)cc1)NCC2,5.1469
CCCN(CCC)CCCCCCOc1ccc(CC2NCCc3cc(OC)c(OC)cc32)cc1,5.4609
CCCCN(CCCC)CCCCCCOc1ccc(CC2NCCc3cc(OC)c(OC)cc32)cc1,5.4145
COc1cc2c(cc1OC)C(Cc1ccc(OCCCCCCN3CCCC3C)cc1)NCC2,5.3468
COc1cc2c(cc1OC)C(Cc1ccc(OCCCCCCN3CCCCC3C)cc1)NCC2,5.6576
COc1cc2c(cc1OC)C(Cc1ccc(OCCCCCCN3CCCCC3)cc1)NCC2,5.6696
COc1cc2c(cc1OC)C(Cc1ccc(OCCCCCCN3CCCC3)cc1)NCC2,5.5258
COc1cc2c(cc1OC)C(Cc1ccc(OCCCCCCN3CCC(O)CC3)cc1)NCC2,5.0182
COc1cc2c(cc1OC)C(Cc1ccc(OCCCCCCN3CCOCC3)cc1)NCC2,4.4500
COc1cc2c(cc1OC)C(Cc1ccc(OCCCCCCN3CCC(O)(Cc4ccccc4)CC3)cc1)NCC2,4.4020
COc1cc2c(cc1OC)C(Cc1ccc(OCCCCCCN3CCN(c4ccccc4)CC3)cc1)NCC2,4.7870
COc1cc2c(cc1OC)C(Cc1ccc(OCCCCCCN3CCN(Cc4ccccc4)CC3)cc1)NCC2,5.2526
COc1cc2c(cc1OC)C(Cc1ccc(OCCCCCCN3CCC(c4ccccc4)CC3)cc1)NCC2,5.0301
CN(Cc1ccccc1)Cc1ccc(C(=O)NCCc2c[nH]c3ccc(O)cc23)cc1,5.3768
CN(Cc1ccccc1)Cc1ccc(C(=O)NCCc2c[nH]c3ccccc23)cc1,5.7212
COc1ccc2[nH]cc(CCNC(=O)c3ccc(CN(C)Cc4ccccc4)cc3)c2c1,5.2147
COc1ccc2c(CCNC(=O)c3ccc(CN(C)Cc4ccccc4)cc3)c[nH]c2c1,5.3872
CN(Cc1ccccc1)Cc1ccc(C(=O)NCCc2c[nH]c3cc(F)ccc23)cc1,5.6021
CN(Cc1ccc(C(=O)NCCc2c[nH]c3ccccc23)cc1)Cc1ccccc1Cl,5.4202
COc1ccc2[nH]cc(CCNC(=O)c3ccc(CN(C)Cc4ccccc4Cl)cc3)c2c1,5.5850
CN(Cc1ccc(C(=O)NCCc2c[nH]c3ccccc23)cc1)Cc1cccc(Cl)c1,5.2924
COc1ccc2[nH]cc(CCNC(=O)c3ccc(CN(C)Cc4cccc(Cl)c4)cc3)c2c1,5.2518
COc1ccc2c(CCNC(=O)c3ccc(CN(C)Cc4cccc(Cl)c4)cc3)c[nH]c2c1,5.6778
COc1ccccc1CN(C)Cc1ccc(C(=O)NCCc2c[nH]c3ccccc23)cc1,5.3279
COc1ccc2[nH]cc(CCNC(=O)c3ccc(CN(C)Cc4ccccc4OC)cc3)c2c1,5.2676
COc1cccc(CN(C)Cc2ccc(C(=O)NCCc3c[nH]c4ccccc34)cc2)c1,5.4202
COc1cccc(CN(C)Cc2ccc(C(=O)NCCc3c[nH]c4ccc(OC)cc34)cc2)c1,5.1675
CCOC(OCC)c1ccc(/C=C2\CCC/C(=C\c3ccc(C(OCC)OCC)cc3)C2=O)cc1,4.9055
CCOC(OCC)c1ccc(/C=C2\COC/C(=C\c3ccc(C(OCC)OCC)cc3)C2=O)cc1,4.3849
CCOC(OCC)c1ccc(/C=C2\CNC/C(=C\c3ccc(C(OCC)OCC)cc3)C2=O)cc1,6.0362
CCOC(OCC)c1ccc(/C=C2\CN(C)C/C(=C\c3ccc(C(OCC)OCC)cc3)C2=O)cc1,7.3768
CCOC(OCC)c1ccc(/C=C2\CN(Cc3ccccc3)C/C(=C\c3ccc(C(OCC)OCC)cc3)C2=O)cc1,4.5600
CCOC(OCC)c1ccc(/C=C/C(=O)/C=C/c2ccc(C(OCC)OCC)cc2)cc1,4.2570
CCOC(OCC)c1ccc(/C=C2\CC/C(=C\c3ccc(C(OCC)OCC)cc3)C2=O)cc1,4.1155
CCOC(OCC)c1ccc(/C=C/C(=O)C2CCc3ccccc3C2=O)cc1,4.1139
CN(C)c1ccc(/C=C2/CCC/C(=C\c3ccc(N(C)C)cc3[N+](=O)[O-])C2=O)c([N+](=O)[O-])c1,4.3440
CN(C)c1ccc(/C=C2/COC/C(=C\c3ccc(N(C)C)cc3[N+](=O)[O-])C2=O)c([N+](=O)[O-])c1,5.8125
CN(C)c1ccc(/C=C2/CNC/C(=C\c3ccc(N(C)C)cc3[N+](=O)[O-])C2=O)c([N+](=O)[O-])c1,6.0555
CN1C/C(=C/c2ccc(N(C)C)cc2[N+](=O)[O-])C(=O)/C(=C/c2ccc(N(C)C)cc2[N+](=O)[O-])C1,7.2441
CN(C)c1ccc(/C=C2\CCc3ccccc3C2=O)c([N+](=O)[O-])c1,4.1007
CN(C)c1ccc(/C=C/C(=O)C2CCc3ccccc3C2=O)cc1,4.4041
O=C1/C(=C\c2ccc(N3CCCC3)cc2)CNC/C1=C\c1ccc(N2CCCC2)cc1,5.0214
CN1C/C(=C/c2ccc(N3CCCC3)cc2)C(=O)/C(=C/c2ccc(N3CCCC3)cc2)C1,5.5560
O=C1/C(=C/c2ccc(N3CCCC3)cc2)CC/C1=C\c1ccc(N2CCCC2)cc1,4.1776
NC(=O)c1cc[n+](COC[n+]2ccccc2/C=N/O)cc1,3.8312
COc1cc2c(cc1OC)C(c1ccccc1)N(CCCCCn1ccnc1/C=N/O)CC2,4.2148
COc1cc2c(cc1OC)C(c1ccccc1)N(CCCCCCn1ccnc1/C=N/O)CC2,4.4946
CC1=C[C@H]2Cc3nc4cc(Cl)ccc4c(NCCCCCCNc4c5c(nc6cc(Cl)ccc46)C[C@@H]4C=C(C)C[C@H]5C4)c3[C@@H](C1)C2,6.7167
CC1=C[C@H]2Cc3nc4cc(Cl)ccc4c(NCCCCCCCCNc4c5c(nc6cc(Cl)ccc46)C[C@@H]4C=C(C)C[C@H]5C4)c3[C@@H](C1)C2,7.1397
CC1=C[C@H]2Cc3nc4cc(Cl)ccc4c(NCCCCCCCCCCNc4c5c(nc6cc(Cl)ccc46)C[C@@H]4C=C(C)C[C@H]5C4)c3[C@@H](C1)C2,7.7570
CC1=C[C@H]2Cc3nc4cc(Cl)ccc4c(NCCCCCCCCCCCCNc4c5c(nc6cc(Cl)ccc46)C[C@@H]4C=C(C)C[C@H]5C4)c3[C@@H](C1)C2,6.3655
CNc1ccccc1-c1nc(C(=O)OC)cs1,4.2007
CNc1ccccc1-c1nc(C(N)=O)cs1,4.2757
CNc1ccccc1-c1nc(C(=O)O)cs1,4.1675
O=S(=O)(CCCN1CCN(Cc2ccccc2)CC1)NCCNc1cccc2ccccc12,6.7959
CCN(CC)CCCOc1ccc2nc3n(c(=O)c2c1)CCCCC3,4.9176
O=c1c2cc(OCCCN3CCCCC3)ccc2nc2n1CCCCC2,6.0861
CCN(CC)CCCOc1ccc2nc3n(c(=O)c2c1)CCCC3,5.8195
O=c1c2cc(OCCCN3CCCCC3)ccc2nc2n1CCCC2,6.6479
CCN(CC)CCCOc1ccc2nc3n(c(=O)c2c1)CCC3,5.9129
O=c1c2cc(OCCCN3CCCCC3)ccc2nc2n1CCC2,5.9623
O=c1c2cc(OCCCn3ccnc3)ccc2nc2n1CCCc1ccccc1-2,4.2480
CCN(CC)CCCOc1ccc2nc3n(c(=O)c2c1)CCCc1ccccc1-3,5.3779
O=c1c2cc(OCCCN3CCCCC3)ccc2nc2n1CCCc1ccccc1-2,6.2718
CCN(CC)CCCOc1ccc2nc3n(c(=O)c2c1)CCc1ccccc1-3,6.1743
O=c1c2cc(OCCCN3CCCCC3)ccc2nc2n1CCc1ccccc1-2,6.6648
CCN(CC)CCCOc1ccc2nc3n(c(=O)c2c1)Cc1ccccc1-3,6.6980
O=c1c2cc(OCCCN3CCCCC3)ccc2nc2n1Cc1ccccc1-2,6.8464
c1cc2c(cc1OCCCN1CCCCC1)CN1CCCC1=N2,7.4692
O=C(NCCCCCCCNc1c2c(nc3ccccc13)CCCC2)c1cc2cc(OC(F)(F)F)ccc2oc1=O,7.1068
COc1cc2cc(C(=O)NCCCCCCCNc3c4c(nc5ccccc35)CCCC4)c(=O)oc2cc1OC,7.0405
Cc1ccc2oc(=O)c(C(=O)NCCCCCCCNc3c4c(nc5ccccc35)CCCC4)cc2c1,7.1798
COc1ccc2oc(=O)c(C(=O)NCCCCCCCNc3c4c(nc5ccccc35)CCCC4)cc2c1,7.2950
COc1ccc2cc(C(=O)NCCCCCCCNc3c4c(nc5ccccc35)CCCC4)c(=O)oc2c1,7.2581
O=C(NCCCCCCCNc1c2c(nc3ccccc13)CCCC2)c1cc2ccccc2oc1=O,7.3747
O=C(NCCCCCCNc1c2c(nc3ccccc13)CCCC2)c1cc2cc(OC(F)(F)F)ccc2oc1=O,7.2248
COc1cc2cc(C(=O)NCCCCCCNc3c4c(nc5ccccc35)CCCC4)c(=O)oc2cc1OC,7.2510
Cc1ccc2oc(=O)c(C(=O)NCCCCCCNc3c4c(nc5ccccc35)CCCC4)cc2c1,7.5214
COc1ccc2oc(=O)c(C(=O)NCCCCCCNc3c4c(nc5ccccc35)CCCC4)cc2c1,7.6144
COc1ccc2cc(C(=O)NCCCCCCNc3c4c(nc5ccccc35)CCCC4)c(=O)oc2c1,7.5100
O=C(NCCCCCCNc1c2c(nc3ccccc13)CCCC2)c1cc2ccccc2oc1=O,7.7773
O=C(NCCCCCNc1c2c(nc3ccccc13)CCCC2)c1cc2cc(OC(F)(F)F)ccc2oc1=O,7.1186
COc1cc2cc(C(=O)NCCCCCNc3c4c(nc5ccccc35)CCCC4)c(=O)oc2cc1OC,7.1549
Cc1ccc2oc(=O)c(C(=O)NCCCCCNc3c4c(nc5ccccc35)CCCC4)cc2c1,7.4461
COc1ccc2oc(=O)c(C(=O)NCCCCCNc3c4c(nc5ccccc35)CCCC4)cc2c1,7.4045
COc1ccc2cc(C(=O)NCCCCCNc3c4c(nc5ccccc35)CCCC4)c(=O)oc2c1,7.3536
O=C(NCCCCCNc1c2c(nc3ccccc13)CCCC2)c1cc2ccccc2oc1=O,7.4634
CN(CCC(=O)NCCCCNc1c2c(nc3ccccc13)CCCC2)C1CCCCC1,6.9830
CCN(CCC(=O)NCCNc1c2c(nc3ccccc13)CCCC2)C1CCCCC1,6.6326
CCN(CCC(=O)NCCCNc1c2c(nc3ccccc13)CCCC2)C1CCCCC1,7.1029
CCN(CCC(=O)NCCCCNc1c2c(nc3ccccc13)CCCC2)C1CCCCC1,6.7011
O=C(Cc1cc(=O)oc2cc(O)ccc12)NCCNc1c2c(nc3ccccc13)CCCC2,5.5361
O=C(Cc1cc(=O)oc2cc(O)ccc12)NCCCNc1c2c(nc3ccccc13)CCCC2,6.5575
O=C(Cc1cc(=O)oc2cc(O)ccc12)NCCCCNc1c2c(nc3ccccc13)CCCC2,7.8125
O=C(Cc1cc(=O)oc2cc(O)ccc12)NNC(=S)Nc1c2c(nc3ccccc13)CCCC2,5.0878
O=C(Cc1cc(=O)oc2cc(O)ccc12)N/N=C1\SCC(=O)N1c1c2c(nc3ccccc13)CCCC2,4.8041
CN(CCC(=O)NCCNc1c2c(nc3ccccc13)CCCC2)C1CCCCC1,6.2366
CN(CCC(=O)NCCCNc1c2c(nc3ccccc13)CCCC2)C1CCCCC1,6.4001
O=C(C[n+]1ccccc1)N/N=C/c1ccc(/C=N/NC(=O)C[n+]2ccccc2)cc1.[Cl-].[Cl-],8.6383
C[N+](C)(C)CCCCCCCCCC[N+](C)(C)C.[Br-].[Br-],6.0000
Nc1ccc2c(c1)c(-c1ccccc1)[n+](CCCCCCc1cnnn1CCNc1c3c(nc4ccccc14)CCCC3)c1cc(N)ccc21,13.1135
COc1cc2c(cc1OC)[C@H](c1ccccc1)N(CCCCCCc1cnnn1CCNc1c3c(nc4ccccc14)CCCC3)CC2,13.4437
COc1cc2c(cc1OC)[C@@H](c1ccccc1)N(CCCCCCc1cnnn1CCNc1c3c(nc4ccccc14)CCCC3)CC2,13.4815
O=C(NCCCCCCCCNc1c2c(nc3cc(Cl)ccc13)CCCC2)c1ccc2nc(-c3ccc(Cl)cc3)c3c(c2c1)OCCC3,7.9337
Cl.O=C(NCCCCCCCCNc1c2c(nc3cc(Cl)ccc13)CCCC2)c1ccc2nc(-c3ccc(Cl)cc3)c3c(c2c1)NCCC3,8.6861
Cl.O=C(NCCCCCNc1c2c(nc3cc(Cl)ccc13)CCCC2)c1ccc2nc(-c3ccc(Cl)cc3)c3c(c2c1)NCCC3,7.8477
Cl.O=C(NCCCCNc1c2c(nc3cc(Cl)ccc13)CCCC2)c1ccc2nc(-c3ccc(Cl)cc3)c3c(c2c1)NCCC3,7.8477
Cl.O=C(NCCCNc1c2c(nc3cc(Cl)ccc13)CCCC2)c1ccc2nc(-c3ccc(Cl)cc3)c3c(c2c1)NCCC3,11.2218
CN(C)C(=O)Oc1cccc([N+](C)(C)C)c1,5.1367
CC(=O)N1OC(C)(C)CC(c2ccccc2)=C1CN1C(=O)c2ccccc2C1=O,5.6021
COC(=O)CC1=NO[C@@H]2[C@H]3CC[C@H](C3)[C@@H]2[C@H]1c1ccccc1,5.2007
COC(=O)C(CC1=C(c2ccccc2)CC(C)(C)ON1C(C)=O)C(=O)OC,4.9208
COC(=O)C(CC1=C(c2ccc(OC)cc2)CC(C)(C)ON1C(C)=O)C(=O)OC,4.8431
COC(=O)CC1=NO[C@@H]2CCCC[C@@H]2[C@H]1c1ccccc1,4.4544
COC(=O)C(CC1=C(c2ccc(Cl)cc2)CC(C)(C)ON1C(C)=O)C(=O)OC,4.3301
CC1(C)C[C@@H](c2ccccc2)C(CN2C(=O)c3ccccc3C2=O)=NO1,4.1850
COC(=O)C(CC1=NO[C@@H]2CCC[C@@H]2[C@H]1c1ccccc1)C(=O)OC,4.1229
O=c1cc(-c2ccc(CN3CCCCC3)cc2)oc2ccccc12,7.2596
COc1cc2oc(-c3ccc(CN4CCCC4)cc3)cc(=O)c2cc1OC,7.4685
Cc1cc(=O)oc2cc(OCCN3CCN(CC(=O)Nc4c5c(nc6ccccc46)CCCC5)CC3)ccc12,7.0362
CN(C)CCOc1ccc(C(=O)/C=C/c2ccccc2)cc1,5.3298
CN(C)CCCOc1ccc(C(=O)/C=C/c2ccccc2)cc1,4.9801
CN(C)CCCCOc1ccc(C(=O)/C=C/c2ccccc2)cc1,5.0482
CN(C)CCCCCOc1ccc(C(=O)/C=C/c2ccccc2)cc1,4.8837
CN(C)CCCCCCOc1ccc(C(=O)/C=C/c2ccccc2)cc1,4.8465
CCN(CC)CCOc1ccc(C(=O)/C=C/c2ccccc2)cc1,5.1175
CCN(CC)CCCOc1ccc(C(=O)/C=C/c2ccccc2)cc1,4.6476
CCN(CC)CCCCOc1ccc(C(=O)/C=C/c2ccccc2)cc1,4.6343
CCN(CC)CCCCCOc1ccc(C(=O)/C=C/c2ccccc2)cc1,4.4667
CCN(CC)CCCCCCOc1ccc(C(=O)/C=C/c2ccccc2)cc1,4.2972
CCCN(CCC)CCOc1ccc(C(=O)/C=C/c2ccccc2)cc1,4.1901
CCCN(CCC)CCCOc1ccc(C(=O)/C=C/c2ccccc2)cc1,4.6085
CCCN(CCC)CCCCOc1ccc(C(=O)/C=C/c2ccccc2)cc1,5.2284
CCCN(CCC)CCCCCOc1ccc(C(=O)/C=C/c2ccccc2)cc1,4.5305
CCCN(CCC)CCCCCCOc1ccc(C(=O)/C=C/c2ccccc2)cc1,4.3561
CCCCN(CCCC)CCOc1ccc(C(=O)/C=C/c2ccccc2)cc1,3.5969
CCCCN(CCCC)CCCOc1ccc(C(=O)/C=C/c2ccccc2)cc1,3.8186
CCCCN(CCCC)CCCCOc1ccc(C(=O)/C=C/c2ccccc2)cc1,4.6588
CCCCN(CCCC)CCCCCOc1ccc(C(=O)/C=C/c2ccccc2)cc1,4.1142
CCCCN(CCCC)CCCCCCOc1ccc(C(=O)/C=C/c2ccccc2)cc1,3.7889
COc1cc(CCC(=O)/C=C/c2ccc(CNc3c4c(nc5cc(Cl)ccc35)CC3CC(C)=CC4C3)cc2)cc(CN(C)C)c1O,7.6757
COc1cc(CCC(=O)/C=C/c2ccc(CNc3c4c(nc5cc(Cl)ccc35)CC3CC(C)=CC4C3)cc2)ccc1O,7.7375
COc1cc(CCC(=O)/C=C/CCCNc2c3c(nc4cc(Cl)ccc24)CC2CC(C)=CC3C2)ccc1O,8.1739
COc1cccc(CN2CCN(CCCCOc3ccc4c(c3)oc(=O)c3ccccc34)CC2)c1,4.6716
O=c1oc2cc(OCCCCN3CCN(Cc4ccccc4)CC3)ccc2c2ccccc12,5.0862
COc1cccc(CC2CCN(CCCCOc3ccc4c(c3)oc(=O)c3ccccc34)CC2)c1,4.5622
O=c1oc2cc(OCCCCN3CCC(Cc4ccccc4)CC3)ccc2c2ccccc12,4.8477
COc1cccc(CN(C)CCCCOc2ccc3c(c2)oc(=O)c2ccccc23)c1,5.0809
CN(CCCCOc1ccc2c(c1)oc(=O)c1ccccc12)Cc1ccccc1,5.9586
COc1cccc(CN2CCN(CCCOc3ccc4c(c3)oc(=O)c3ccccc34)CC2)c1,4.7447
O=c1oc2cc(OCCCN3CCN(Cc4ccccc4)CC3)ccc2c2ccccc12,6.0969
COc1cccc(CC2CCN(CCCOc3ccc4c(c3)oc(=O)c3ccccc34)CC2)c1,4.7328
O=c1oc2cc(OCCCN3CCC(Cc4ccccc4)CC3)ccc2c2ccccc12,5.3872
COc1cccc(CN(C)CCCOc2ccc3c(c2)oc(=O)c2ccccc23)c1,4.6799
CN(CCCOc1ccc2c(c1)oc(=O)c1ccccc12)Cc1ccccc1,5.0706
COc1cccc(CN2CCN(CCOc3ccc4c(c3)oc(=O)c3ccccc34)CC2)c1,4.9431
O=c1oc2cc(OCCN3CCN(Cc4ccccc4)CC3)ccc2c2ccccc12,6.0458
COc1cccc(CC2CCN(CCOc3ccc4c(c3)oc(=O)c3ccccc34)CC2)c1,4.5331
O=c1oc2cc(OCCN3CCC(Cc4ccccc4)CC3)ccc2c2ccccc12,4.6990
COc1cccc(CN(C)CCOc2ccc3c(c2)oc(=O)c2ccccc23)c1,4.7352
CN(CCOc1ccc2c(c1)oc(=O)c1ccccc12)Cc1ccccc1,5.1739
COc1cccc(CN2CCN(CCCCOc3ccc4c5c(c(=O)oc4c3)CCCC5)CC2)c1,5.0605
O=c1oc2cc(OCCCCN3CCN(Cc4ccccc4)CC3)ccc2c2c1CCCC2,5.1938
COc1cccc(CC2CCN(CCCCOc3ccc4c5c(c(=O)oc4c3)CCCC5)CC2)c1,4.8633
O=c1oc2cc(OCCCCN3CCC(Cc4ccccc4)CC3)ccc2c2c1CCCC2,5.0362
COc1cccc(CN(C)CCCCOc2ccc3c4c(c(=O)oc3c2)CCCC4)c1,5.7696
CN(CCCCOc1ccc2c3c(c(=O)oc2c1)CCCC3)Cc1ccccc1,6.0000
COc1cccc(CN2CCN(CCCOc3ccc4c5c(c(=O)oc4c3)CCCC5)CC2)c1,5.2076
O=c1oc2cc(OCCCN3CCN(Cc4ccccc4)CC3)ccc2c2c1CCCC2,6.0458
COc1cccc(CC2CCN(CCCOc3ccc4c5c(c(=O)oc4c3)CCCC5)CC2)c1,5.3098
O=c1oc2cc(OCCCN3CCC(Cc4ccccc4)CC3)ccc2c2c1CCCC2,5.3665
COc1cccc(CN(C)CCCOc2ccc3c4c(c(=O)oc3c2)CCCC4)c1,5.5686
CN(CCCOc1ccc2c3c(c(=O)oc2c1)CCCC3)Cc1ccccc1,5.6778
COc1cccc(CN2CCN(CCOc3ccc4c5c(c(=O)oc4c3)CCCC5)CC2)c1,5.1367
O=c1oc2cc(OCCN3CCN(Cc4ccccc4)CC3)ccc2c2c1CCCC2,5.8861
COc1cccc(CC2CCN(CCOc3ccc4c5c(c(=O)oc4c3)CCCC5)CC2)c1,4.4295
O=c1oc2cc(OCCN3CCC(Cc4ccccc4)CC3)ccc2c2c1CCCC2,5.0915
COc1cccc(CN(C)CCOc2ccc3c4c(c(=O)oc3c2)CCCC4)c1,5.2218
CN(CCOc1ccc2c3c(c(=O)oc2c1)CCCC3)Cc1ccccc1,5.5528
CCN(C)C(=O)Oc1cc(C(C)N(C)C)cc2oc(=O)c3ccccc3c12.Cl,4.4012
CC(c1cc(O)cc2oc(=O)c3ccccc3c12)N(C)C.Cl,4.4802
CC(c1cc(O)c2c(c1)oc(=O)c1ccccc12)N(C)C.Cl,4.7235
COc1cc(C(C)N(C)C)c2c(c1)oc(=O)c1ccccc12.Cl,4.8210
COc1cc(C(C)N(C)C)cc2oc(=O)c3ccccc3c12.Cl,5.5528
C[C@@H](c1ccc2c(c1)oc(=O)c1ccccc12)N(C)C.Cl,5.1024
CC(c1ccc2c(c1)oc(=O)c1ccccc12)N(C)C.Cl,4.9626
CC(=O)/C=N/O,3.8938
CC(=O)/C(C)=N/O,3.4060
C[n+]1ccccc1/C=N/O.[Br-],5.0550
C[n+]1cccc(/C=N/O)c1.[Br-],3.7577
C[n+]1ccc(/C=N/O)cc1.[Br-],4.0169
O/N=C\c1cc[n+](Cc2ccccc2C[n+]2ccc(/C=N\O)cc2)cc1.[Br-].[Br-],3.9527
O/N=C/c1cc[n+](Cc2cccc(C[n+]3ccc(/C=N/O)cc3)c2)cc1.[Br-].[Br-],3.8213
O/N=C/c1cc[n+](Cc2ccc(C[n+]3ccc(/C=N/O)cc3)cc2)cc1.[Br-].[Br-],3.9706
NC(=O)c1cc[n+](CCCC[n+]2ccc(/C=N/O)cc2)cc1.[Br-].[Br-],3.9586
NC(=O)c1cc[n+](C/C=C\C[n+]2ccc(/C=N/O)cc2)cc1.[Br-].[Br-],3.6564
NC(=O)c1cc[n+](Cc2ccc(C[n+]3ccc(/C=N/O)cc3)cc2)cc1.[Br-].[Br-],3.7620
NC(=O)c1cc[n+](Cc2cccc(C[n+]3ccc(/C=N/O)cc3)c2)cc1.[Br-].[Br-],3.8202
NC(=O)c1cc[n+](Cc2ccccc2C[n+]2ccc(/C=N/O)cc2)cc1.[Br-].[Br-],3.7595
COc1cc2c(cc1OCCN1CCCCC1)C(=O)/C(=C/c1ccc(N(C)C)cc1)C2,6.5450
CCN(CC)c1ccc(/C=C2\Cc3cc(OC)c(OCCN4CCCCC4)cc3C2=O)cc1,6.2705
CNc1ccc(/C=C2\Cc3cc(OC)c(OCCN4CCCCC4)cc3C2=O)cc1,6.5213
CCN(C)c1ccc(/C=C2\Cc3cc(OC)c(OCCN4CCCCC4)cc3C2=O)cc1,6.3706
CCCN(C)c1ccc(/C=C2\Cc3cc(OC)c(OCCN4CCCCC4)cc3C2=O)cc1,6.4087
CCCN(CCC)c1ccc(/C=C2\Cc3cc(OC)c(OCCN4CCCCC4)cc3C2=O)cc1,6.0204
C/C=C1/[C@@H]2Cc3[nH]c(=O)ccc3[C@@]1(N)C[C@]1(C)O[C@H]21,4.9169
C/C=C1\[C@H]2C=C(C)C[C@]1(NC1OCC3=C4CC(C)(C)[C@H](O)[C@H]4[C@@H](C)CCC31O)c1ccc(=O)[nH]c1C2,7.2218
C/C=C1\[C@H]2C=C(C)C[C@]1(NC1OCC3=C4CC(C)(C)C[C@H]4[C@@H](C)[C@H](O)CC31O)c1ccc(=O)[nH]c1C2,6.9586
C/C=C1\[C@H]2C=C(C)C[C@]1(N[C@H]1OC(=O)C3=C4CC(C)(C)C[C@H]4[C@@H](C)[C@@H](O)C[C@]31O)c1ccc(=O)[nH]c1C2,5.6635
C/C=C1\[C@H]2C=C(C)C[C@]1(N[C@H]1OC(=O)C3=C4CC(C)(C)C[C@H]4[C@@H](C)[C@@H](O)C[C@]31OC)c1ccc(=O)[nH]c1C2,6.0044
Cc1nc(C(=O)NCCCCNc2c3c(nc4ccccc24)CCCC3)cc2c1[nH]c1ccccc12,6.4881
Cc1nc(C(=O)NCCCCCCNc2c3c(nc4ccccc24)CCCC3)cc2c1[nH]c1ccccc12,7.0334
Cc1nc(C(=O)NCCCCCCCCNc2c3c(nc4ccccc24)CCCC3)cc2c1[nH]c1ccccc12,6.8153
O=C(NCCCCCCNc1c2c(nc3ccccc13)CCCC2)c1cc2c(cn1)[nH]c1ccccc12,7.0372
CCc1nc(C(=O)NCCCCCCNc2c3c(nc4ccccc24)CCCC3)cc2c1[nH]c1ccccc12,7.0079
O=C(NCCCCCCNc1c2c(nc3ccccc13)CCCC2)c1cc2c([nH]c3ccccc32)c(-c2ccccc2)n1,6.7986
O=C(NCCCCCCNc1c2c(nc3ccccc13)CCCC2)c1cc2c([nH]c3ccccc32)c(-c2ccc(F)cc2)n1,6.5143
COc1ccc(-c2nc(C(=O)NCCCCCCNc3c4c(nc5ccccc35)CCCC4)cc3c2[nH]c2ccccc23)cc1,6.8268
CC(C)(C)OC(=O)N1Cc2[nH]c3ccccc3c2C[C@H]1C(=O)NCCCCCCNc1c2c(nc3ccccc13)CCCC2,6.7282
O=C(NCCCCCCNc1c2c(nc3ccccc13)CCCC2)[C@@H]1Cc2c([nH]c3ccccc23)CN1,7.4284
CC1c2[nH]c3ccccc3c2C[C@@H](C(=O)NCCCCCCNc2c3c(nc4ccccc24)CCCC3)N1C(=O)OC(C)(C)C,6.2790
CC1N[C@H](C(=O)NCCCCCCNc2c3c(nc4ccccc24)CCCC3)Cc2c1[nH]c1ccccc21,6.6925
CC(C)(C)OC(=O)N[C@@H](Cc1c[nH]c2ccccc12)C(=O)NCCCCCCNc1c2c(nc3ccccc13)CCCC2,6.9355
N[C@@H](Cc1c[nH]c2ccccc12)C(=O)NCCCCCCNc1c2c(nc3ccccc13)CCCC2,7.0164
CC(=O)N[C@@H](Cc1c[nH]c2ccccc12)C(=O)NCCCCCCNc1c2c(nc3ccccc13)CCCC2,6.8153
COc1ccc2nc3c(c(NCCNC4=CC(=O)c5ccccc5C4=O)c2c1)CCCC3,5.5969
COc1ccc2nc3c(c(NCCCNC4=CC(=O)c5ccccc5C4=O)c2c1)CCCC3,5.2111
O=C1C=C(NCCNc2c3c(nc4ccccc24)CCCC3)C(=O)c2ccccc21,7.8447
O=C1C=C(NCCCNc2c3c(nc4ccccc24)CCCC3)C(=O)c2ccccc21,7.2700
O=C1C=C(NCCNc2c3c(nc4cc(Cl)ccc24)CCCC3)C(=O)c2ccccc21,8.7144
O=C1C=C(NCCCNc2c3c(nc4cc(Cl)ccc24)CCCC3)C(=O)c2ccccc21,8.2676
O=C1C(NCCNc2c3c(nc4ccccc24)CCCC3)=CC(=O)c2c(O)cccc21,7.6073
O=C1C(NCCCNc2c3c(nc4ccccc24)CCCC3)=CC(=O)c2c(O)cccc21,6.9872
O=C1C(NCCNc2c3c(nc4cc(Cl)ccc24)CCCC3)=CC(=O)c2c(O)cccc21,9.1427
O=C1C(NCCCNc2c3c(nc4cc(Cl)ccc24)CCCC3)=CC(=O)c2c(O)cccc21,8.0343
COc1ccc2nc3c(c(NCCNC4=CC(=O)c5c(O)cccc5C4=O)c2c1)CCCC3,6.1864
COc1ccc2nc3c(c(NCCCNC4=CC(=O)c5c(O)cccc5C4=O)c2c1)CCCC3,6.4584
COc1ccc2nc3c(c(NCCNC4=C(Cl)C(=O)c5ccccc5C4=O)c2c1)CCCC3,5.8633
COc1ccc2nc3c(c(NCCCNC4=C(Cl)C(=O)c5ccccc5C4=O)c2c1)CCCC3,6.0921
O=C1C(Cl)=C(NCCNc2c3c(nc4cc(Cl)ccc24)CCCC3)C(=O)c2ccccc21,8.4935
O=C1C(Cl)=C(NCCCNc2c3c(nc4cc(Cl)ccc24)CCCC3)C(=O)c2ccccc21,8.0487
O=C1C(Cl)=C(NCCNc2c3c(nc4ccccc24)CCCC3)C(=O)c2ccccc21,7.0173
O=C1C(Cl)=C(NCCCNc2c3c(nc4ccccc24)CCCC3)C(=O)c2ccccc21,7.4202
O=C1N[C@H](COCc2ccccc2)[C@@H](OCc2ccccc2)[C@H](OCc2ccccc2)[C@H]1OCc1ccccc1,4.3372
C=CC[C@@H]1[C@H](O)[C@@H](OCc2ccccc2)[C@H](O)CN1CCCCCCCC,4.6576
c1ccc(COC[C@H]2NC[C@H](OCc3ccccc3)[C@@H](OCc3ccccc3)[C@@H]2OCc2ccccc2)cc1,4.2218
COc1cc2oc(-c3cccc(OCC(=O)NCCCCCCNc4c5c(nc6cc(Cl)ccc46)CCCC5)c3)cc(=O)c2c(OC)c1OC,7.4881
COc1cc2oc(-c3cccc(OCC(=O)NCCCCCNc4c5c(nc6cc(Cl)ccc46)CCCC5)c3)cc(=O)c2c(OC)c1OC,7.7620
COc1cc2oc(-c3ccc(OCC(=O)NCCCCCCNc4c5c(nc6cc(Cl)ccc46)CCCC5)cc3)cc(=O)c2c(OC)c1OC,7.6655
COc1cc2oc(-c3ccc(OCC(=O)NCCCCCNc4c5c(nc6cc(Cl)ccc46)CCCC5)cc3)cc(=O)c2c(OC)c1OC,8.1612
CN(CCCCCN1C(=O)c2ccccc2C1=O)Cc1ccccc1.Cl,6.4425
CN(CCCCCCN1C(=O)c2ccccc2C1=O)Cc1ccccc1.Cl,5.7373
CN(CCCCCCCN1C(=O)c2ccccc2C1=O)Cc1ccccc1.Cl,6.0013
CN(CCCCCCCCN1C(=O)c2ccccc2C1=O)Cc1ccccc1.Cl,6.0655
CN(CCCCCN1C(=O)c2ccccc2C1=O)Cc1ccccc1F.Cl,6.2798
CN(CCCCCCN1C(=O)c2ccccc2C1=O)Cc1ccccc1F.Cl,5.7007
CN(CCCCCCCN1C(=O)c2ccccc2C1=O)Cc1ccccc1F.Cl,6.2041
CN(CCCCCCCCN1C(=O)c2ccccc2C1=O)Cc1ccccc1F.Cl,6.1911
CN(CCCCCN1C(=O)c2ccccc2C1=O)Cc1cccc(Cl)c1.Cl,6.2700
CN(CCCCCCN1C(=O)c2ccccc2C1=O)Cc1cccc(Cl)c1.Cl,5.9248
CN(CCCCCCCN1C(=O)c2ccccc2C1=O)Cc1cccc(Cl)c1.Cl,5.8851
CN(CCCCCCCCN1C(=O)c2ccccc2C1=O)Cc1cccc(Cl)c1.Cl,5.9813
OCc1cc2cc(OCCCC3CCN(Cc4ccccc4)CC3)ccc2[nH]1,4.8665
CCOC(=O)c1cc2cc(OCCCC3CCN(Cc4ccccc4)CC3)ccc2[nH]1,5.0177
C=CCNCc1cc2cc(OCCCC3CCN(Cc4ccccc4)CC3)ccc2[nH]1,5.3372
C#CCNCc1cc2cc(OCCCC3CCN(Cc4ccccc4)CC3)ccc2[nH]1,5.3098
C#CCN(C)Cc1cc2cc(OCCCC3CCN(Cc4ccccc4)CC3)ccc2[nH]1,4.8125
C#CCN(C)Cc1cc2cc(OCCCC3CCN(Cc4ccc(OC(=O)N(C)C)c5ncccc45)CC3)ccc2n1C,5.0757
C#CCN(C)Cc1cc2cc(OCCCC3CCN(Cc4ccccc4C)CC3)ccc2n1C,5.5528
C#CCN(C)Cc1ccc(OC(=O)N(C)C)c2ncccc12,6.2840
Cc1c(C)c2c(c(C)c1O)CCC(C)(C(=O)NCCCCCCCCCCNc1c3c(nc4ccccc14)CCCC3)O2,6.3436
Cc1c(C)c2c(c(C)c1O)CCC(C)(C(=O)NCCCCCCCCNc1c3c(nc4ccccc14)CCCC3)O2,6.4030
Cc1c(C)c2c(c(C)c1O)CCC(C)(C(=O)NCCCCCCCNc1c3c(nc4ccccc14)CCCC3)O2,6.5018
Cc1c(C)c2c(c(C)c1O)CCC(C)(C(=O)NCCCCCCNc1c3c(nc4ccccc14)CCCC3)O2,7.0363
Cc1c(C)c2c(c(C)c1O)CCC(C)(C(=O)NCCCCCNc1c3c(nc4ccccc14)CCCC3)O2,6.4373
Cc1c(C)c2c(c(C)c1O)CCC(C)(C(=O)NCCCCNc1c3c(nc4ccccc14)CCCC3)O2,6.1470
Cc1c(C)c2c(c(C)c1O)CCC(C)(C(=O)NCCNc1c3c(nc4ccccc14)CCCC3)O2,5.8519
COc1cc(N)c(Cl)cc1C(=O)CCC1CCN(CC2CCCCC2)CC1,7.7959
CCCCN1CCC(CCC(=O)c2cc(Cl)c(N)cc2OC)CC1,6.3947
COc1cc(N)c(Cl)cc1C(=O)CCC1CCN(CC2CC2)CC1,6.0283
COc1cc(N)c(Cl)cc1C(=O)CCC1CCN(CC2CCC2)CC1,6.2388
COc1cc(N)c(Cl)cc1C(=O)CCC1CCN(CC2CCCC2)CC1,7.1612
COc1cc(N)c(Cl)cc1C(=O)CCC1CCN(CC2CCCCCC2)CC1,7.2441
COc1cc(N)c(Cl)cc1C(=O)CCC1CCN(CC2CCNCC2)CC1.Cl,6.9281
COc1cc(N)c(Cl)cc1C(=O)CCC1CCN(CCC2CCCCC2)CC1,6.6536
COc1cc(N)c(Cl)cc1C(=O)CCC1CCN(CC2CCCCC2C)CC1,6.4935
COc1cc(N)c(Cl)cc1C(=O)CCC1CCN(Cc2ccccc2)CC1,8.0706
COc1cc(N)c(Cl)cc1C(=O)CCC1CCN(Cc2cccnc2)CC1,7.3468
COc1cc(N)c(Cl)cc1C(=O)CCC1CCN(Cc2ccncc2)CC1,6.9172
COc1cc(N)c(Cl)cc1/C(CCC1CCN(CC2CCCCC2)CC1)=N/O,7.6198
COc1cc(N)c(Cl)cc1C(O)CCC1CCN(CC2CCCCC2)CC1,5.9872
COc1cc(N)c(Cl)cc1C(=O)OCC1CCN(CC2CCCCC2)CC1,5.5654
Nc1oc2ccccc2c(=O)c1/C=C1\COc2ccccc2C1=O,6.5686
O=C1c2ccccc2C(=O)N1CCCCCNCc1ccccc1,6.6946
O=C1c2ccccc2C(=O)N1CCCCCCNCc1ccccc1,5.6767
O=C1c2ccccc2C(=O)N1CCCCCCCNCc1ccccc1,6.5186
O=C1c2ccccc2C(=O)N1CCCCCCCCNCc1ccccc1,6.3045
O=C1c2ccccc2C(=O)N1CCCCCNCc1ccccc1F,6.7747
O=C1c2ccccc2C(=O)N1CCCCCCNCc1ccccc1F,6.0264
O=C1c2ccccc2C(=O)N1CCCCCCCNCc1ccccc1F,6.4828
O=C1c2ccccc2C(=O)N1CCCCCCCCNCc1ccccc1F,6.2636
O=C1c2ccccc2C(=O)N1CCCCCNCc1ccc(F)cc1,6.5719
O=C1c2ccccc2C(=O)N1CCCCCCNCc1ccc(F)cc1,5.4994
O=C1c2ccccc2C(=O)N1CCCCCCCNCc1ccc(F)cc1,6.3595
O=C1c2ccccc2C(=O)N1CCCCCNCc1ccc(F)cc1F,6.5884
O=C1c2ccccc2C(=O)N1CCCCCCNCc1ccc(F)cc1F,5.7970
O=C1c2ccccc2C(=O)N1CCCCCCCNCc1ccc(F)cc1F,6.4191
O=C1c2ccccc2C(=O)N1CCCCCCCCNCc1ccc(F)cc1F,6.2381
O=C1c2ccccc2C(=O)N1CCCCCNCc1cccc(Cl)c1,6.7959
O=C1c2ccccc2C(=O)N1CCCCCCNCc1cccc(Cl)c1,5.6972
O=C1c2ccccc2C(=O)N1CCCCCCCNCc1cccc(Cl)c1,6.1864
O=C1c2ccccc2C(=O)N1CCCCCCCCNCc1cccc(Cl)c1,6.1637
Cc1c(C)c2ccc(OCCN3CCN(CCCNc4c5c(nc6ccccc46)CCCC5)CC3)cc2oc1=O,7.7929
Cc1c(Cl)c(=O)oc2cc(OCCN3CCN(CCCNc4c5c(nc6ccccc46)CCCC5)CC3)ccc12,7.6131
CCN(CCCOc1ccc(-c2cc(=O)c3c(OC)c(OC)c(OC)cc3o2)cc1)Cc1ccccc1OC,6.6990
COc1cc2oc(-c3ccc(OCCCCN(C)Cc4ccccc4)cc3)cc(=O)c2c(OC)c1OC,6.0223
CCN(CCCCOc1ccc(-c2cc(=O)c3c(OC)c(OC)c(OC)cc3o2)cc1)Cc1ccccc1,5.8665
COc1ccccc1CN(C)CCCCOc1ccc(-c2cc(=O)c3c(OC)c(OC)c(OC)cc3o2)cc1,6.3010
CCN(CCCCOc1ccc(-c2cc(=O)c3c(OC)c(OC)c(OC)cc3o2)cc1)Cc1ccccc1OC,7.0969
CCN(CCCCCCOc1ccc(-c2cc(=O)c3c(OC)c(OC)c(OC)cc3o2)cc1)Cc1ccccc1OC,6.3665
CCN(CCCOc1ccc(-c2cc(=O)c3c(O)c(OC)c(OC)cc3o2)cc1)Cc1ccccc1OC,6.0458
CCN(CCCCOc1ccc(-c2cc(=O)c3c(O)c(OC)c(OC)cc3o2)cc1)Cc1ccccc1OC,6.6021
CCN(CCCCCCOc1ccc(-c2cc(=O)c3c(O)c(OC)c(OC)cc3o2)cc1)Cc1ccccc1OC,5.6990
CN1CCN(c2ccc(-c3cnc4[nH]c5cnc(C#N)cc5c4c3)cc2)CC1,7.7447
CN1CCN(c2cccc(-c3cnc4[nH]c5cnc(C#N)cc5c4c3)c2)CC1,5.3215
N#Cc1cc2c(cn1)[nH]c1ncc(-c3ccc(CN4CCCCC4)cc3)cc12,6.4776
C[C@@H]1CCC[C@H](C)N1Cc1ccc(-c2cnc3[nH]c4cnc(C#N)cc4c3c2)cc1,6.8697
C[C@@H]1C[C@H](C)CN(Cc2ccc(-c3cnc4[nH]c5cnc(C#N)cc5c4c3)cc2)C1,5.3872
CC1(C)CCCN(Cc2ccc(-c3cnc4[nH]c5cnc(C#N)cc5c4c3)cc2)C1,5.4776
CC1(C)CCN(Cc2ccc(-c3cnc4[nH]c5cnc(C#N)cc5c4c3)cc2)CC1,7.9586
CC(C)(c1ccc(-c2cnc3[nH]c4cnc(C#N)cc4c3c2)cc1)N1CCCCC1,6.2950
N#Cc1cc2c(cn1)[nH]c1ncc(-c3ccc(CN4CCC(O)CC4)cc3)cc12,6.4225
N#Cc1cc2c(cn1)[nH]c1ncc(-c3ccc(CN4CCC[C@@H](O)C4)cc3)cc12,6.1500
N#Cc1cc2c(cn1)[nH]c1ncc(-c3ccc(CN4CCC(F)CC4)cc3)cc12,6.0506
N#Cc1cc2c(cn1)[nH]c1ncc(-c3ccc(CN4CCC(C#N)CC4)cc3)cc12,5.5702
N#Cc1cc2c(cn1)[nH]c1ncc(-c3ccc(CN4CCOCC4)cc3)cc12,4.8761
N#Cc1cc2c(cn1)[nH]c1ncc(-c3ccc(CN4CCC5(CC4)COC5)cc3)cc12,5.6162
N#Cc1cc2c(cn1)[nH]c1ncc(-c3ccc(CN4CCCCC4)nc3)cc12,6.7282
N#Cc1cc2c(cn1)[nH]c1ncc(-c3nc(CN4CCCCC4)cs3)cc12,7.7447
CCN1CCc2cc(-c3cnc4[nH]c5cnc(C#N)cc5c4c3)ccc2C1,6.7959
CCN1CCc2sc(-c3cnc4[nH]c5cnc(C#N)cc5c4c3)cc2C1,6.5867
NC(=O)c1cc2c(cn1)[nH]c1ncc(-c3ccc(CN4CCCCC4)cc3)cc12,6.6635
c1ncc(-c2cc3c(cn2)[nH]c2ncc(-c4ccc(CN5CCCCC5)cc4)cc23)o1,6.4908
c1ncc(-c2cc3c(cn2)[nH]c2ncc(-c4ccc(CN5CCCCC5)cc4)cc23)s1,6.3045
c1nnc(-c2cc3c(cn2)[nH]c2ncc(-c4ccc(CN5CCCCC5)cc4)cc23)o1,6.3468
c1cc(-c2cnc3[nH]c4cnc(-c5cnoc5)cc4c3c2)ccc1CN1CCCCC1,6.1811
Cn1cc(-c2cc3c(cn2)[nH]c2ncc(-c4ccc(CN5CCCCC5)cc4)cc23)cn1,6.0585
c1cncc(-c2cc3c(cn2)[nH]c2ncc(-c4ccc(CN5CCCCC5)cc4)cc23)c1,6.3072
c1cc(-c2cc3c(cn2)[nH]c2ncc(-c4ccc(CN5CCCCC5)cc4)cc23)ccn1,6.1096
c1cnc(-c2cc3c(cn2)[nH]c2ncc(-c4ccc(CN5CCCCC5)cc4)cc23)cn1,5.9161
c1cc(-c2cc3c(cn2)[nH]c2ncc(-c4ccc(CN5CCCCC5)cc4)cc23)cnn1,5.9842
c1ncc(-c2cc3c(cn2)[nH]c2ncc(-c4ccc(CN5CCCCC5)cc4)cc23)cn1,6.5751
C/C(=C\C[C@]12C[C@H]3C[C@@H]4C(C)(C)CC[C@@]4(C1=O)C(=O)[C@](C(=O)c1ccccc1)(C2=O)C3(C)C)CC/C=C/C(C)C,5.0088
CC(C)=CC[C@]12C[C@@H]3[C@@H]4[C@@H](O)C(C)(C)[C@@H](C(C)C)CC4(C1=O)C(=O)[C@](C(=O)c1ccccc1)(C2=O)C3(C)C,4.5784
C=C(C)[C@H]1CC[C@@](C)(O)[C@@H](C2=C(O)C(CC=C(C)C)(CC=C(C)C)C(=O)C(C(=O)C(C)C)=C2O)C1,4.5952
CCC(C)C(=O)[C@]12C(=O)[C@]3(CC=C(C)C)C[C@H](CC=C(C)C)[C@@]1(C)CC[C@@H](C(C)(C)O)OC2=C(CC=C(C)C)C3=O,4.4295
Cc1ccc2[nH]c3c(c2c1)CN(CCCCCCN1CCc2[nH]c4ccc(C)cc4c2C1)CC3,6.7156
Cc1ccc2[nH]c3c(c2c1)CN(CCCCCCCN1CCc2[nH]c4ccc(C)cc4c2C1)CC3,6.1612
Cc1c(C)c2ccc(OCCCN(C)Cc3ccccc3)cc2oc1=O.Cl,6.0000
Cc1c(C)c2ccc(OCCCCN(C)Cc3ccccc3)cc2oc1=O,6.1024
Cc1c(C)c2ccc(OCCCCCNCc3ccccc3)cc2oc1=O.Cl,6.5229
Cc1c(C)c2ccc(OCCCCCCN(C)Cc3ccccc3)cc2oc1=O,6.4685
CCN(CCCCCCOc1ccc2c(C)c(C)c(=O)oc2c1)Cc1ccccc1.Cl,6.3565
CN(Cc1ccccc1)Cc1ccc(COc2ccc3ccc(=O)oc3c2)cc1,6.0223
Cc1cc2ccc(OCc3ccc(CN(C)Cc4ccccc4)cc3)cc2oc1=O.Cl,6.3010
Cc1cc(=O)oc2cc(OCc3ccc(CN(C)Cc4ccccc4)cc3)ccc12.Cl,6.0410
Cc1c(C)c2ccc(OCc3ccc(CN(C)Cc4ccccc4)cc3)cc2oc1=O.Cl,6.3468
Cc1cc(=O)oc2cc(OCc3ccc(CN(C)Cc4cccc(Cl)c4)cc3)ccc12.Cl,6.0000
CN(Cc1ccc(C#N)cc1)Cc1ccc(COc2ccc3ccc(=O)oc3c2)cc1.Cl,5.2218
Cc1cc(=O)oc2cc(OCc3ccc(CN(C)Cc4ccc(C#N)cc4)cc3)ccc12.Cl,5.0706
Cc1c(C)c2ccc(OCc3ccc(CN(C)Cc4ccc(C#N)cc4)cc3)cc2oc1=O.Cl,5.4089
CN(Cc1ccccc1)Cc1ccc(COc2ccc3c(CO)cc(=O)oc3c2)cc1.Cl,6.9208
CN(Cc1ccc(COc2ccc3c(CO)cc(=O)oc3c2)cc1)Cc1cccc(Cl)c1.Cl,6.4815
CN(Cc1ccccc1)Cc1ccc(COc2ccc3ccc(=O)[nH]c3c2)cc1.Cl,5.8239
CC1(C)C(=O)CC[C@@]2(C)[C@H]1CC[C@@]1(C)CC3=CC(=O)[C@H]4C(C)(C)[C@H](O)CC[C@]4(C)[C@H]3CC[C@@H]12,4.9718
COc1ccc(C(=O)O[C@H]2CC[C@@]3(C)[C@@H](CC[C@@]4(C)C[C@@]5(O)[C@H](CC[C@@H]43)[C@@]3(C)CC[C@@H](O)C(C)(C)[C@@H]3C[C@@H]5O)[C@@]2(C)C(=O)O)cc1O,5.0009
CC(=O)O[C@H]1CC[C@@]2(C)[C@@H](CC[C@@]3(C)C[C@@]4(O)CC[C@H]5C(C)(C)[C@@H](OC(C)=O)CC[C@]5(C)[C@H]4CC[C@@H]32)C1(C)C,5.8224
C[C@@]12CC[C@@H]3[C@](C)(CC[C@H](OC(=O)CCc4ccc(O)cc4)[C@]3(C)C(=O)O)[C@H]1CC[C@H]1C(=CC[C@@H]3[C@]1(C)CC[C@@H](O)[C@]3(C)CO)C2,5.4353
CCCC[C@@H](O)/C=C/C=C/C(=O)O,6.2947
COc1ccc2cc3[n+](cc2c1OC)CCc1cc2c(cc1-3)OCO2,6.1549
COc1ccc(C(C)NS(=O)(=O)NC(=O)OCc2ccccc2)cc1OC,10.9317
COc1ccc(C(C)NS(=O)(=O)NC(=O)OCc2ccccc2)cc1,10.9589
COc1ccccc1C(C)NS(=O)(=O)NC(=O)OCc1ccccc1,10.9114
COc1ccc(OC)c(C(C)NS(=O)(=O)NC(=O)OCc2ccccc2)c1,10.6056
COc1cccc(OC)c1C(C)NS(=O)(=O)NC(=O)OCc1ccccc1,10.7749
COc1ccccc1C(C)NS(N)(=O)=O,10.4945
COc1ccc(C(C)NS(N)(=O)=O)cc1,10.8859
COc1ccc(C(C)NS(N)(=O)=O)cc1OC,10.9404
COc1ccc(OC)c(C(C)NS(N)(=O)=O)c1,10.9114
COc1cccc(OC)c1C(C)NS(N)(=O)=O,10.8313
CCOC(=O)c1csc(NC(=O)C[n+]2ccc(/C=N/O)cc2)n1.[Cl-],4.5732
CCOC(=O)Cc1csc(NC(=O)C[n+]2cccc(/C=N/O)c2)n1.[Cl-],3.9809
CCOC(=O)Cc1csc(NC(=O)C[n+]2ccc(/C=N/O)cc2)n1.[Cl-],4.3930
COc1ccc(-c2csc(NC(=O)C[n+]3ccc(/C=N/O)cc3)n2)cc1.[I-],4.0601
Cc1ccc(-c2csc(NC(=O)C[n+]3ccc(/C=N/O)cc3)n2)cc1.[Cl-],4.2067
O=C(C[n+]1cccc(/C=N/O)c1)Nc1nc(-c2ccccc2)cs1.[I-],3.1658
O=C(C[n+]1ccc(/C=N/O)cc1)Nc1nc(-c2ccccc2)cs1.[Cl-],4.2417
O=C(C[n+]1cccc(/C=N/O)c1)Nc1nccs1.[Cl-],4.0074
O=C(C[n+]1ccc(/C=N/O)cc1)Nc1nccs1.[Cl-],4.3625
CCOC(=O)c1csc(NC(=O)C[n+]2cccc(/C=N/O)c2)n1.[Cl-],4.1778
COc1ccc(-c2csc(NC(=O)C[n+]3cccc(/C=N/O)c3)n2)cc1.[I-],3.5685
Cc1ccc(-c2csc(NC(=O)C[n+]3cccc(/C=N/O)c3)n2)cc1.[Cl-],3.8368
CN(Cc1ccccc1)Cc1ccc(/C=C2\CCc3cc(OCCCCCN4CCN(Cc5ccc(F)cc5)CC4)ccc3C2=O)cc1,5.1062
CN(Cc1ccccc1)Cc1ccc(/C=C2\Cc3ccc(OCCCCCN4CCC(c5ccccc5)CC4)cc3C2=O)cc1,4.2076
COC(=O)C1=C(Nc2ccccc2)C[C@@H](c2ccc3c(c2)OCO3)N(c2ccccc2)[C@@H]1c1ccc2c(c1)OCO2,4.3887
COC(=O)C1=C(Nc2ccccc2)C[C@@H](c2cccc([N+](=O)[O-])c2)N(c2ccccc2)[C@@H]1c1cccc([N+](=O)[O-])c1,3.2924
CCOC(=O)C1=C(Nc2ccc(Cl)cc2)C[C@@H](c2ccc(OC)cc2)N(c2ccc(Cl)cc2)[C@@H]1c1ccc(OC)cc1,4.9201
COC(=O)C1=C(Nc2ccc(Br)cc2)C[C@@H](c2ccc(OC)cc2)N(c2ccc(Br)cc2)[C@@H]1c1ccc(OC)cc1,4.1658
COC(=O)C1=C(Nc2ccc(Br)cc2)C[C@@H](c2ccc(Cl)cc2)N(c2ccc(Br)cc2)[C@@H]1c1ccc(Cl)cc1,4.5558
CCOC(=O)C1=C(Nc2ccc(C)cc2)C[C@@H](c2ccc(Cl)cc2)N(c2ccc(C)cc2)[C@@H]1c1ccc(Cl)cc1,3.7682
COC(=O)C1=C(Nc2ccccc2)C[C@@H](c2ccc(Cl)cc2)N(c2ccccc2)[C@@H]1c1ccc(Cl)cc1,4.5558
CC(C)(C)OC(=O)C1=C(Nc2ccccc2)C[C@@H](c2ccccc2)N(c2ccccc2)[C@@H]1c1ccccc1,4.0542
COC(=O)C1=C(Nc2ccc(Cl)cc2)C[C@@H](c2ccc(F)cc2)N(c2ccc(Cl)cc2)[C@@H]1c1ccc(F)cc1,4.6489
COC(=O)C1=C(Nc2ccc(F)cc2)C[C@@H](c2ccc(F)cc2)N(c2ccc(F)cc2)[C@@H]1c1ccc(F)cc1,3.9949
CCOC(=O)C1=C(Nc2ccccc2)C[C@@H](c2ccc(F)cc2)N(c2ccccc2)[C@@H]1c1ccc(F)cc1,4.9090
CCOC(=O)C1=C(Nc2ccc(F)cc2)C[C@@H](c2ccc(Cl)cc2)N(c2ccc(F)cc2)[C@@H]1c1ccc(Cl)cc1,4.7598
COC(=O)C1=C(Nc2ccc(F)cc2)C[C@@H](c2ccccc2)N(c2ccc(F)cc2)[C@@H]1c1ccccc1,3.3202
CCOC(=O)C1=C(Nc2ccc(C)cc2)C[C@@H](c2ccccc2)N(c2ccc(C)cc2)[C@@H]1c1ccccc1,3.7858
CCOC(=O)C1=C(Nc2ccc(Cl)cc2)C[C@@H](c2ccccc2)N(c2ccc(Cl)cc2)[C@@H]1c1ccccc1,3.8371
CCOC(=O)C1=C(Nc2ccc(OC)cc2)C[C@@H](c2ccccc2)N(c2ccc(OC)cc2)[C@@H]1c1ccccc1,4.1479
CCOC(=O)C1=C(Nc2ccc(OC)cc2)C[C@@H](c2ccc(C)cc2)N(c2ccc(OC)cc2)[C@@H]1c1ccc(C)cc1,3.8029
COC(=O)C1=C(Nc2ccc(OC)cc2)C[C@@H](c2ccc(C)cc2)N(c2ccc(OC)cc2)[C@@H]1c1ccc(C)cc1,3.7338
COC(=O)C1=C(Nc2ccc(Cl)cc2)C[C@@H](c2ccc(C)cc2)N(c2ccc(Cl)cc2)[C@@H]1c1ccc(C)cc1,4.1678
COC(=O)C1=C(Nc2ccc(Br)cc2)C[C@@H](c2ccc(C)cc2)N(c2ccc(Br)cc2)[C@@H]1c1ccc(C)cc1,4.1058
COC(=O)C1=C(Nc2ccc(C)cc2)C[C@@H](c2ccc(C)cc2)N(c2ccc(C)cc2)[C@@H]1c1ccc(C)cc1,3.6689
CCOC(=O)C1=C(Nc2ccccc2)C[C@@H](c2ccc(C)cc2)N(c2ccccc2)[C@@H]1c1ccc(C)cc1,3.7532
COC(=O)C1=C(Nc2ccccc2)C[C@@H](c2ccc(C)cc2)N(c2ccccc2)[C@@H]1c1ccc(C)cc1,3.7419
COC(=O)C1=C(Nc2ccccc2)C[C@@H](c2ccccc2)N(c2ccccc2)[C@@H]1c1ccccc1,3.6859
CCOC(=O)C1=C(Nc2ccccc2)C[C@@H](c2ccccc2)N(c2ccccc2)[C@@H]1c1ccccc1,4.0301
CC1=CC2Cc3nc4cc(Cl)ccc4c(NCCCCCCCCCCCCNc4c5c(nc6ccccc46)CCCC5)c3C(C1)C2,8.7167
CC1=CC2Cc3nc4cc(Cl)ccc4c(NCCCCCCCCCCCCNc4c5c(nc6cc(Cl)ccc46)CCCC5)c3C(C1)C2,8.4609
CC1=CC2Cc3nc4ccccc4c(NCCCCCCCCCCNc4c5c(nc6ccccc46)CCCC5)c3C(C1)C2,8.1898
CC1=CC2Cc3nc4ccccc4c(NCCCCCCCCCCCCNc4c5c(nc6ccccc46)CCCC5)c3C(C1)C2,7.9957
CC1=CC2Cc3nc4ccccc4c(NCCCCCCCCCCNc4c5c(nc6cc(Cl)ccc46)CCCC5)c3C(C1)C2,8.8297
CC1=CC2Cc3nc4ccccc4c(NCCCCCCCCCCCCNc4c5c(nc6cc(Cl)ccc46)CCCC5)c3C(C1)C2,8.4365
CN(C)CCC[C@@]1(c2ccc(F)cc2)OCc2cc(-c3nnc(-c4ccc(-c5nnn[nH]5)cc4)[nH]3)ccc21,3.5992
COc1cccc(-c2nnc(-c3ccc4c(c3)CO[C@@]4(CCCN(C)C)c3ccc(F)cc3)[nH]2)c1,3.9074
COc1ccccc1-c1nnc(-c2ccc3c(c2)CO[C@@]3(CCCN(C)C)c2ccc(F)cc2)[nH]1,3.7923
CN(C)CCC[C@@]1(c2ccc(F)cc2)OCc2cc(-c3nnc(-c4ccccc4I)[nH]3)ccc21,3.5082
CN(C)CCC[C@@]1(c2ccc(F)cc2)OCc2cc(-c3nnc(-c4ccc(F)cc4)[nH]3)ccc21,3.5840
CN(C)CCC[C@@]1(c2ccc(F)cc2)OCc2cc(-c3nnc(-c4ccccc4F)[nH]3)ccc21,3.7270
CN(C)CCC[C@@]1(c2ccc(F)cc2)OCc2cc(-c3nnc(-c4ccc(Cl)cc4)[nH]3)ccc21,5.1733
CN(C)CCC[C@@]1(c2ccc(F)cc2)OCc2cc(-c3nnc(-c4cccc(Cl)c4)[nH]3)ccc21,3.3845
Cc1cccc(-c2nnc(-c3ccc4c(c3)CO[C@@]4(CCCN(C)C)c3ccc(F)cc3)[nH]2)c1,3.8754
Cc1ccccc1-c1nnc(-c2ccc3c(c2)CO[C@@]3(CCCN(C)C)c2ccc(F)cc2)[nH]1,5.0214
CN(C)CCC[C@@]1(c2ccc(F)cc2)OCc2cc(-c3nnc(-c4cccc([N+](=O)[O-])c4)[nH]3)ccc21,3.8594
CN(C)CCC[C@@]1(c2ccc(F)cc2)OCc2cc(-c3nnc(-c4ccc(O)cc4)[nH]3)ccc21,3.4117
CN(C)CCC[C@@]1(c2ccc(F)cc2)OCc2cc(-c3nnc(-c4ccccc4N)[nH]3)ccc21,3.4440
CN(C)c1ccc(C(=O)NCCNc2c3c(nc4ccccc24)CCCC3)cc1.Cl,5.8825
CN(C)c1ccc(C(=O)NCCCNc2c3c(nc4ccccc24)CCCC3)cc1.Cl,7.7212
CN(C)c1ccc(C(=O)NCCCCNc2c3c(nc4ccccc24)CCCC3)cc1.Cl,6.5302
CN(C)c1ccc(C(=O)NCCCCCNc2c3c(nc4ccccc24)CCCC3)cc1.Cl,6.4473
CN(C)c1ccc(C(=O)NCCCCCCNc2c3c(nc4ccccc24)CCCC3)cc1.Cl,7.1938
CN(C)c1ccc(C(=O)NCCCCCCCNc2c3c(nc4ccccc24)CCCC3)cc1.Cl,7.1249
CN(C)c1ccc(C(=O)NCCCCCCCCNc2c3c(nc4ccccc24)CCCC3)cc1.Cl,7.1135
CN(C)c1ccc(C(=O)NCCCCCCCCCNc2c3c(nc4ccccc24)CCCC3)cc1.Cl,6.9031
CC[N+]1(Cc2ccccc2[N+](=O)[O-])CCCCCn2c(C)c3c(=O)n(c2=O)CCCCC[N+](CC)(Cc2ccccc2[N+](=O)[O-])CCCCCn2c(C)c(c(=O)n(c2=O)CCCCC1)C3.[Br-].[Br-],5.3979
CC[N+]1(Cc2ccccc2[N+](=O)[O-])CCCCCn2c(C)cc(=O)n(c2=O)CCCCC[N+](CC)(Cc2ccccc2[N+](=O)[O-])CCCCCn2c(=O)cc(C)n(c2=O)CCCCC1.[Br-].[Br-],6.8861
CC[N+]1(Cc2ccccc2[N+](=O)[O-])CCCCCn2c(C)cc(=O)n(c2=O)CCCCC[N+](CC)(Cc2ccccc2[N+](=O)[O-])Cc2ccc(cc2)C1.[Br-].[Br-],7.7274
CC[N+]1(Cc2ccccc2[N+](=O)[O-])CCCCCC[N+](CC)(Cc2ccccc2[N+](=O)[O-])CCCCCn2c(=O)cc(C)n(c2=O)CCCCC1.[Br-].[Br-],7.2291
CC[N+](CC)(CCCCCn1c(C)cc(=O)n(CCCCC[N+](CC)(CC)Cc2ccccc2[N+](=O)[O-])c1=O)Cc1ccccc1[N+](=O)[O-].[Br-].[Br-],9.9754
CCC(CC)n1cc(C(=O)C(F)F)cn1,7.4970
CCCC(C)n1cc(C(=O)C(F)F)cn1,6.8141
CCC(C)n1cc(C(=O)C(F)F)cn1,7.0123
CC(C)n1cc(C(=O)C(F)F)cn1,6.0784
CC(C)(C)c1cccc(C(=O)C(F)F)c1,8.1396
CC(C)Cn1cc(C(=O)C(F)(F)F)cn1,6.1986
O=C(c1cnn(C2CCCC2)c1)C(F)(F)F,8.2490
CCC(CC)n1cc(C(=O)C(F)(F)F)cn1,8.5338
CCCC(C)n1cc(C(=O)C(F)(F)F)cn1,8.1115
CCC(C)n1cc(C(=O)C(F)(F)F)cn1,8.1213
CC(C)n1cc(C(=O)C(F)(F)F)cn1,7.0140
CC(C)(C)c1cccc(C(=O)C(F)(F)F)c1,8.0683
C[Si](C)(C)c1cccc(C(=O)C(F)(F)F)c1,7.0320
COP(=O)(OC)OC=C(Cl)Cl,5.9196
CNC(=O)Oc1ccccc1OC(C)C,5.9337
CCC(C)n1cc(C(=O)CF)cn1,4.7584
CC(C)(C)c1cccc(C(=O)CF)c1,6.1919
CC(C)Cn1cc(C(=O)C(F)F)cn1,4.9841
O=C(c1cnn(C2CCCC2)c1)C(F)F,6.6473
O=C(CF)c1cnn(C2CCCC2)c1,5.7424
CCC(CC)n1cc(C(=O)CF)cn1,5.2807
CCCC(C)n1cc(C(=O)CF)cn1,4.6853
O=C(NCCc1c[nH]c2ccccc12)c1ccc[n+](Cc2ccccc2)c1.[Br-],4.5157
O=C(NCCc1c[nH]c2ccccc12)c1ccc[n+](Cc2ccccc2F)c1.[Br-],4.5436
O=C(NCCc1c[nH]c2ccccc12)c1cc[n+](Cc2ccccc2)cc1.[Br-],5.3768
O=C(NCCc1c[nH]c2ccccc12)c1cc[n+](Cc2ccccc2F)cc1.[Br-],5.4949
O=C(NCCc1c[nH]c2ccccc12)c1cc[n+](Cc2cccc(F)c2)cc1.[Br-],5.4089
O=C(NCCc1c[nH]c2ccccc12)c1cc[n+](Cc2ccc(F)cc2)cc1.[Br-],5.4685
Cc1cccc(C[n+]2ccc(C(=O)NCCc3c[nH]c4ccccc34)cc2)c1.[Br-],5.5686
Cc1ccc(C[n+]2ccc(C(=O)NCCc3c[nH]c4ccccc34)cc2)cc1.[Br-],5.2441
N#Cc1ccc(C[n+]2ccc(C(=O)NCCc3c[nH]c4ccccc34)cc2)cc1.[Br-],4.6402
COc1ccc2[nH]cc(CCNC(=O)c3cc[n+](Cc4ccccc4F)cc3)c2c1.[Br-],5.4815
COc1ccc2[nH]cc(CCNC(=O)c3cc[n+](Cc4cccc(F)c4)cc3)c2c1.[Br-],5.4202
COc1ccc2[nH]cc(CCNC(=O)c3cc[n+](Cc4ccc(F)cc4)cc3)c2c1.[Br-],5.2924
COc1ccc2[nH]cc(CCNC(=O)c3cc[n+](Cc4ccc(OC(=O)N(C)C)cc4)cc3)c2c1.[Br-],5.8861
COc1ccc2[nH]cc(CCNC(=O)/C=C/c3cc[n+](Cc4ccccc4F)cc3)c2c1.[Br-],6.5850
COc1ccc2[nH]cc(CCNC(=O)/C=C/c3cc[n+](Cc4cccc(F)c4)cc3)c2c1.[Br-],6.9586
COc1ccc2[nH]cc(CCNC(=O)/C=C/c3cc[n+](Cc4ccc(F)cc4)cc3)c2c1.[Br-],6.6778
COc1ccc2[nH]cc(CCNC(=O)CCc3cc[n+](Cc4ccccc4F)cc3)c2c1.[Br-],6.2757
COc1ccc2[nH]cc(CCNC(=O)CCc3cc[n+](Cc4cccc(F)c4)cc3)c2c1.[Br-],6.3565
COc1ccc2[nH]cc(CCNC(=O)CCc3cc[n+](Cc4ccc(F)cc4)cc3)c2c1.[Br-],6.2366
COc1cc(-c2cc3c(c(=O)o2)C[C@]2(O)[C@@]4(C)C(=O)C=CC(C)(C)[C@]4(O)CC[C@@]2(C)O3)cc(OC)c1O,8.1675
COc1ccc(-c2cc3c(c(=O)o2)C[C@]2(O)[C@@]4(C)CC[C@@H](OC(C)=O)C(C)(C)[C@]4(O)CC[C@@]2(C)O3)cc1,5.4559
COc1ccc(-c2cc3c(c(=O)o2)C[C@H]2[C@@](C)(CC[C@@]4(O)C(C)(C)C(=O)CC[C@]24C)O3)cc1,5.6021
COc1ccc2nc3c(c(NCCNC(=O)C4(C)CCc5c(C)c(O)c(C)c(C)c5O4)c2c1)CCCC3,5.3605
COc1ccc2nc3c(c(NCCCNC(=O)C4(C)CCc5c(C)c(O)c(C)c(C)c5O4)c2c1)CCCC3,5.8125
COc1ccc2nc3c(c(NCCCCNC(=O)C4(C)CCc5c(C)c(O)c(C)c(C)c5O4)c2c1)CCCC3,5.1421
COc1ccc2nc3c(c(NCCCCCNC(=O)C4(C)CCc5c(C)c(O)c(C)c(C)c5O4)c2c1)CCCC3,4.8765
COc1ccc2nc3c(c(NCCCCCCNC(=O)C4(C)CCc5c(C)c(O)c(C)c(C)c5O4)c2c1)CCCC3,5.1798
COc1ccc2nc3c(c(NCCCCCCCNC(=O)C4(C)CCc5c(C)c(O)c(C)c(C)c5O4)c2c1)CCCC3,5.1726
COc1ccc2nc3c(c(NCCCCCCCCNC(=O)C4(C)CCc5c(C)c(O)c(C)c(C)c5O4)c2c1)CCCC3,5.4584
Cc1c(C)c2c(c(C)c1O)CCC(C)(C(=O)NCCCNc1c3c(nc4ccccc14)CCCC3)O2,6.5850
Cc1c(C)c2c(c(C)c1O)CCC(C)(C(=O)NCCNc1c3c(nc4cc(Cl)ccc14)CCCC3)O2,6.6778
Cc1c(C)c2c(c(C)c1O)CCC(C)(C(=O)NCCCNc1c3c(nc4cc(Cl)ccc14)CCCC3)O2,7.0969
Cc1c(C)c2c(c(C)c1O)CCC(C)(C(=O)NCCCCNc1c3c(nc4cc(Cl)ccc14)CCCC3)O2,6.8239
Cc1c(C)c2c(c(C)c1O)CCC(C)(C(=O)NCCCCCNc1c3c(nc4cc(Cl)ccc14)CCCC3)O2,6.9208
Cc1c(C)c2c(c(C)c1O)CCC(C)(C(=O)NCCCCCCNc1c3c(nc4cc(Cl)ccc14)CCCC3)O2,7.0000
Cc1c(C)c2c(c(C)c1O)CCC(C)(C(=O)NCCCCCCCNc1c3c(nc4cc(Cl)ccc14)CCCC3)O2,7.0969
Cc1c(C)c2c(c(C)c1O)CCC(C)(C(=O)NCCCCCCCCNc1c3c(nc4cc(Cl)ccc14)CCCC3)O2,7.0969
Cc1c(C)c2c(c(C)c1O)CCC(C)(C(=O)O)O2,3.7296
CC(=O)NCCc1c[nH]c2ccc(OC(=O)NCCCCCCCCCCCCNc3c4c(nc5ccc(Cl)cc35)CCCC4)cc12,8.1549
CC(=O)NCCc1c[nH]c2ccc(OC(=O)NCCCCCCNc3c4c(nc5ccccc35)CCCC4)cc12,6.7487
CC(=O)NCCc1c[nH]c2ccc(OC(=O)NCCCCCCCCCCCCNc3c4c(nc5ccccc35)CCCC4)cc12,8.4202
CC(=O)NCCc1c[nH]c2ccc(OC(=O)NCCCCCCCNc3c4c(nc5cc(Cl)ccc35)CCCC4)cc12,8.1135
CC(=O)O[C@@]12CCN(C(C)=O)[C@@H]1N(C(C)=O)c1ccc(OC(=O)NCCCCCCNc3c4c(nc5ccccc35)CCCC4)cc12,7.4340
CC(=O)NCCc1c[nH]c2ccc(OC(=O)NCCCCCCCCCCNc3c4c(nc5ccc(Cl)cc35)CCCC4)cc12,8.8447
CC(=O)NCCc1c[nH]c2ccc(OC(=O)NCCCCNc3c4c(nc5ccccc35)CCCC4)cc12,6.4230
CC(=O)NCCc1c[nH]c2ccc(OC(=O)NCCCCCCCCNc3c4c(nc5ccccc35)CCCC4)cc12,8.3363
CC(=O)NCCc1c[nH]c2ccc(OC(=O)NCCNc3c4c(nc5ccccc35)CCCC4)cc12,5.9599
CC(=O)NCCc1c[nH]c2ccc(OC(=O)NCCCNc3c4c(nc5ccccc35)CCCC4)cc12,6.5692
CC(=O)NCCc1c[nH]c2ccc(OC(=O)NCCCCCCCNc3c4c(nc5ccc(Cl)cc35)CCCC4)cc12,7.3992
CC(=O)NCCc1c[nH]c2ccc(OC(=O)NCCCCCCCCCCNc3c4c(nc5ccccc35)CCCC4)cc12,8.9281
CC(=O)NCCc1c[nH]c2ccc(OC(=O)NCCCCCCCCCCNc3c4c(nc5cc(Cl)ccc35)CCCC4)cc12,8.0915
CC(=O)NCCc1c[nH]c2ccc(OC(=O)NCCNc3c4c(nc5cc(Cl)ccc35)CCCC4)cc12,7.6979
CC(=O)NCCc1c[nH]c2ccc(OC(=O)NCCNc3c4c(nc5ccc(Cl)cc35)CCCC4)cc12,5.4840
CC(=O)NCCc1c[nH]c2ccc(OC(=O)NCCCCCCCNc3c4c(nc5ccccc35)CCCC4)cc12,7.4715
CC(=O)NCCc1c[nH]c2ccc(OC(=O)NCCCCCNc3c4c(nc5ccccc35)CCCC4)cc12,6.7295
CC(=O)NCCc1c[nH]c2ccc(OC(=O)NCCCCCCCCCCCCNc3c4c(nc5cc(Cl)ccc35)CCCC4)cc12,7.5918
COC(=O)C1=C(C)OP(=O)(OC)OCC1,5.9851
COP1(=O)OCCC(C(=O)OC(C)(C)C)=C(C)O1,5.2219
CCOP1(=O)CCCC(C(=O)OC)=C(C)O1,5.0878
CO[P@]1(=O)CC[C@@H]2COC(=O)C2=C(C)O1,5.5229
CO[P@]1(=O)OC[C@@H]2COC(=O)C2=C(C)O1,7.4559
CC(C)NCc1cccc2[nH]c3ccccc3c12,4.7447
CCNCc1cccc2[nH]c3cc(Cl)ccc3c12,5.2924
COc1cc(/C=C/C(=O)N(Cc2cccc3[nH]c4ccccc4c23)C(C)C)ccc1O,4.6576
CCN(Cc1cccc2[nH]c3cc(Cl)ccc3c12)C(=O)/C=C/c1ccc(O)c(OC)c1,5.1612
I.ICC1CN=C(Nc2ccccn2)S1,4.1487
Br.BrCC1CN=C(Nc2ccccn2)S1,3.9586
O=C(NCCCCCCCNc1c2c(nc3ccccc13)CCCCC2)c1cc2ccccc2o1,6.4908
COc1cccc2cc(C(=O)NCCCCCCCNc3c4c(nc5ccccc35)CCC4)oc12,6.0031
COc1cccc2cc(C(=O)NCCCCCCCNc3c4c(nc5ccccc35)CCCC4)oc12,7.3546
COc1cccc2cc(C(=O)NCCCCCCCNc3c4c(nc5ccccc35)CCCCC4)oc12,6.3809
c1ccc2oc(CNCCCCCCNc3c4c(nc5ccccc35)CCC4)cc2c1,7.3279
COc1cccc2cc(CNCCCCCCNc3c4c(nc5ccccc35)CCC4)oc12,7.2000
COc1cccc2cc(CNCCCCCCNc3c4c(nc5ccccc35)CCCC4)oc12,7.8153
c1ccc2oc(CNCCCCCCCNc3c4c(nc5ccccc35)CCC4)cc2c1,7.9666
c1ccc2oc(CNCCCCCCCNc3c4c(nc5ccccc35)CCCC4)cc2c1,9.0655
COc1cccc2cc(CNCCCCCCCNc3c4c(nc5ccccc35)CCCCC4)oc12,8.5918
c1ccc2oc(CN(CCCCCCNc3c4c(nc5ccccc35)CCC4)Cc3cc4ccccc4o3)cc2c1,5.6840
COc1cccc2cc(CN(CCCCCCNc3c4c(nc5ccccc35)CCC4)Cc3cc4cccc(OC)c4o3)oc12,5.1252
COc1cccc2cc(CN(CCCCCCNc3c4c(nc5ccccc35)CCCC4)Cc3cc4cccc(OC)c4o3)oc12,6.5850
COc1cccc2cc(CN(CCCCCCNc3c4c(nc5ccccc35)CCCCC4)Cc3cc4cccc(OC)c4o3)oc12,5.9846
c1ccc2oc(CN(CCCCCCCNc3c4c(nc5ccccc35)CCC4)Cc3cc4ccccc4o3)cc2c1,6.6536
c1ccc2oc(CN(CCCCCCCNc3c4c(nc5ccccc35)CCCC4)Cc3cc4ccccc4o3)cc2c1,6.9318
c1ccc2oc(CN(CCCCCCCNc3c4c(nc5ccccc35)CCCCC4)Cc3cc4ccccc4o3)cc2c1,6.6990
COc1cccc2cc(CN(CCCCCCCNc3c4c(nc5ccccc35)CCCCC4)Cc3cc4cccc(OC)c4o3)oc12,6.7011
Cl.Cl.c1ccc2c(NCCCCCCCNc3c4c(nc5ccccc35)CCCC4)c3c(nc2c1)CCCC3,9.0915
O=C(NCCCCCCCNc1c2c(nc3ccccc13)CCCC2)c1cc2ccccc2o1,7.1141
O=C(NCCCCCCCNc1c2c(nc3ccccc13)CCC2)c1cc2ccccc2o1,7.3134
COc1cccc2cc(C(=O)NCCCCCCNc3c4c(nc5ccccc35)CCCCC4)oc12,7.4908
COc1cccc2cc(C(=O)NCCCCCCNc3c4c(nc5ccccc35)CCCC4)oc12,7.6126
COc1cccc2cc(C(=O)NCCCCCCNc3c4c(nc5ccccc35)CCC4)oc12,5.7734
O=C(NCCCCCCNc1c2c(nc3ccccc13)CCCCC2)c1cc2ccccc2o1,6.5114
O=C(NCCCCCCNc1c2c(nc3ccccc13)CCCC2)c1cc2ccccc2o1,6.3726
O=C(NCCCCCCNc1c2c(nc3ccccc13)CCC2)c1cc2ccccc2o1,6.2636
CCN(CCCCCCCCc1cccc(OC)c1)Cc1ccccc1OC,5.2480
CC(C)=CC[C@H]1C[C@@]2(CC=C(C)C)C(=O)O[C@@](CC=C(C)C)(C(=O)[C@@H](C(=O)C(C)C)[C@]1(C)C/C=C/C(C)(C)O)C2=O,5.0177
CCC(C)C(=O)[C@@H]1C(=O)[C@]2(CC=C(C)C)OC(=O)[C@](CC=C(C)C)(C[C@H](CC=C(C)C)[C@@]1(C)C/C=C/C(C)(C)O)C2=O,5.1487
CC[C@H]1O[C@@H]2O[C@H](/C=C/C=C/C=C/c3oc(=O)cc(OC/C=C(\C)C(=O)OC)c3C)[C@H](O)[C@]2(C)[C@@]1(C)O,4.8268
N#CC1=C(N)N2CCNC2=C([N+](=O)[O-])C12C(=O)c1cccc3cccc2c13,5.1500
N#CC1=C(N)N2CCCNC2=C([N+](=O)[O-])C12C(=O)c1cccc3cccc2c13,5.1811
CC1(C)CNC2=C([N+](=O)[O-])C3(C(=O)c4cccc5cccc3c45)C(C#N)=C(N)N2C1,5.1129
N#CC1=C(N)N(Cc2ccccc2)C(NCc2ccccc2)=C([N+](=O)[O-])C12C(=O)c1cccc3cccc2c13,5.2248
N#CC1=C(N)N2CCNC2=C([N+](=O)[O-])C12C(=O)c1ccc(Br)c3c(Br)ccc2c13,5.1959
N#CC1=C(N)N2CCCNC2=C([N+](=O)[O-])C12C(=O)c1ccc(Br)c3c(Br)ccc2c13,5.1733
CC1(C)CNC2=C([N+](=O)[O-])C3(C(=O)c4ccc(Br)c5c(Br)ccc3c45)C(C#N)=C(N)N2C1,5.2233
N#CC1=C(N)N(Cc2ccccc2)C(NCc2ccccc2)=C([N+](=O)[O-])C12C(=O)c1ccc(Br)c3c(Br)ccc2c13,5.2048
N#CC1=C(N)N(Cc2ccccc2)C(NCc2ccccc2)=C([N+](=O)[O-])C12C(=O)Nc1ccc(F)cc12,5.4510
CC1(C)CNC2=C([N+](=O)[O-])C3(C(=O)Nc4ccc(F)cc43)C(C#N)=C(N)N2C1,5.9706
N#CC1=C(N)N2CCCNC2=C([N+](=O)[O-])C12C(=O)Nc1ccc(F)cc12,6.3768
N#CC1=C(N)N2CCNC2=C([N+](=O)[O-])C12C(=O)Nc1ccc(F)cc12,5.4828
N#CC1=C(N)N(Cc2ccccc2)C(NCc2ccccc2)=C([N+](=O)[O-])C12C(=O)Nc1ccc([N+](=O)[O-])cc12,5.4724
CC1(C)CNC2=C([N+](=O)[O-])C3(C(=O)Nc4ccc([N+](=O)[O-])cc43)C(C#N)=C(N)N2C1,5.8125
N#CC1=C(N)N2CCCNC2=C([N+](=O)[O-])C12C(=O)Nc1ccc([N+](=O)[O-])cc12,5.9393
N#CC1=C(N)N2CCNC2=C([N+](=O)[O-])C12C(=O)Nc1ccc([N+](=O)[O-])cc12,5.4895
Cc1ccc2c(c1)C1(C(=O)N2)C(C#N)=C(N)N(Cc2ccccc2)C(NCc2ccccc2)=C1[N+](=O)[O-],5.4306
Cc1ccc2c(c1)C1(C(=O)N2)C(C#N)=C(N)N2CC(C)(C)CNC2=C1[N+](=O)[O-],5.8570
Cc1ccc2c(c1)C1(C(=O)N2)C(C#N)=C(N)N2CCCNC2=C1[N+](=O)[O-],6.0269
Cc1ccc2c(c1)C1(C(=O)N2)C(C#N)=C(N)N2CCNC2=C1[N+](=O)[O-],5.4134
N#CC1=C(N)N(Cc2ccccc2)C(NCc2ccccc2)=C([N+](=O)[O-])C12C(=O)Nc1ccccc12,5.4023
CC1(C)CNC2=C([N+](=O)[O-])C3(C(=O)Nc4ccccc43)C(C#N)=C(N)N2C1,5.9031
N#CC1=C(N)N2CCCNC2=C([N+](=O)[O-])C12C(=O)Nc1ccccc12,5.9914
N#CC1=C(N)N2CCNC2=C([N+](=O)[O-])C12C(=O)Nc1ccccc12,5.3143
COc1ccc2c3c1O[C@H]1CC(O)CC[C@@]31CCN(C)C2,6.2147
O=c1cc(Cl)c2ccc(OCCNC3CCN(Cc4ccccc4)CC3)cc2o1,5.6904
Cc1c(C)c2ccc(OCCNC3CCN(Cc4ccccc4)CC3)cc2oc1=O,5.7721
Cc1c(Cl)c(=O)oc2cc(OCCNC3CCN(Cc4ccccc4)CC3)ccc12,5.7399
O=c1oc2cc(OCCNC3CCN(Cc4ccccc4)CC3)ccc2c2c1CCCC2,5.8633
Cc1cc(=O)oc2cc(CNCCC3CCN(Cc4ccccc4)CC3)ccc12,7.1739
O=c1c2ccccc2[se]n1-c1ccccc1,5.2076
COc1ccc(C(=O)N2c3ccccc3[Se]c3ccc(Cl)cc32)cc1OC,5.2076
COc1cccc(C(=O)N2c3ccccc3[Se]c3ccc(Cl)cc32)c1,5.2291
COc1ccc(C(=O)N2c3ccccc3[Se]c3ccc(Cl)cc32)cc1,5.2366
O=C(CCc1ccccc1)N1c2ccccc2[Se]c2ccc(Cl)cc21,5.2007
O=C(Cc1ccccc1)N1c2ccccc2[Se]c2ccc(Cl)cc21,5.1871
O=C(c1ccccc1)N1c2ccccc2[Se]c2ccc(Cl)cc21,5.2218
Clc1ccc2c(c1)Nc1ccccc1[Se]2,5.2007
COc1ccc(C(=O)N2c3ccccc3[Se]c3ccccc32)cc1OC,5.2924
COc1cccc(C(=O)N2c3ccccc3[Se]c3ccccc32)c1,5.2076
COc1ccc(C(=O)N2c3ccccc3[Se]c3ccccc32)cc1,5.3372
O=C(CCc1ccccc1)N1c2ccccc2[Se]c2ccccc21,5.1739
O=C(Cc1ccccc1)N1c2ccccc2[Se]c2ccccc21,5.1938
O=C(c1ccccc1)N1c2ccccc2[Se]c2ccccc21,5.2676
c1ccc2c(c1)Nc1ccccc1[Se]2,5.2518
COc1ccc(C(=O)N2c3ccccc3Sc3ccc(Cl)cc32)cc1OC,5.1938
COc1cccc(C(=O)N2c3ccccc3Sc3ccc(Cl)cc32)c1,5.3372
COc1ccc(C(=O)N2c3ccccc3Sc3ccc(Cl)cc32)cc1,5.2291
O=C(CCc1ccccc1)N1c2ccccc2Sc2ccc(Cl)cc21,5.1024
O=C(Cc1ccccc1)N1c2ccccc2Sc2ccc(Cl)cc21,5.1249
O=C(c1ccccc1)N1c2ccccc2Sc2ccc(Cl)cc21,5.0044
Clc1ccc2c(c1)Nc1ccccc1S2,5.1308
COc1ccc(C(=O)N2c3ccccc3Sc3ccccc32)cc1OC,5.2366
COc1cccc(C(=O)N2c3ccccc3Sc3ccccc32)c1,5.2076
COc1ccc(C(=O)N2c3ccccc3Sc3ccccc32)cc1,5.2007
O=C(CCc1ccccc1)N1c2ccccc2Sc2ccccc21,5.1487
O=C(Cc1ccccc1)N1c2ccccc2Sc2ccccc21,5.1308
O=C(c1ccccc1)N1c2ccccc2Sc2ccccc21,5.0969
c1ccc2c(c1)Nc1ccccc1S2,5.1367
C[N+](C)(C)CCOC(=O)c1ccc(Oc2nc(Oc3ccc(C(=O)OCC[N+](C)(C)C)cc3)nc(Oc3ccc(C(=O)OCC[N+](C)(C)C)cc3)n2)cc1,6.5229
CC(COC(=O)c1ccc(Oc2nc(Oc3ccc(C(=O)OCC(C)N(C)C)cc3)nc(Oc3ccc(C(=O)OCC(C)N(C)C)cc3)n2)cc1)N(C)C,4.0926
COc1nc(Oc2ccc(C(=O)OCC(C)N(C)C)cc2)nc(Oc2ccc(C(=O)OCC(C)N(C)C)cc2)n1,3.9566
CCCCCCCNC(=O)Oc1ccc2c(c1)CN(C)C(c1ccc(F)cc1)N2C,5.7932
CCCCCCCNC(=O)Oc1ccc2c(c1)CN(C)C(c1cc[nH]c1)N2C,6.0696
CCCN1Cc2cc(O)ccc2N(C)C1c1ccccc1,3.5539
CC(C)N1Cc2cc(O)ccc2N(C)C1c1ccccc1,3.5969
CN1Cc2cc(O)ccc2N(C)C1c1c(Cl)cccc1Cl,4.8697
CN1Cc2cc(O)ccc2N(C)C1c1cccc2ccccc12,3.4664
CN1Cc2cc(O)ccc2N(C)C1c1cc[nH]c1,3.9359
CN1Cc2cc(O)ccc2N(C)C1c1ccoc1,3.4664
CN1Cc2cc(O)ccc2N(C)C1c1cccs1,3.6463
CN1Cc2cc(O)ccc2N(C)C1c1ccncc1,3.6155
CN1Cc2cc(O)ccc2N(C)C1c1ccc(F)cc1,3.8435
COc1ccccc1C1N(C)Cc2cc(O)ccc2N1C,3.7149
COc1ccc(C2N(C)Cc3cc(O)ccc3N2C)cc1,3.9838
Cc1ccccc1C1N(C)Cc2cc(O)ccc2N1C,3.8435
Cc1cccc(C2N(C)Cc3cc(O)ccc3N2C)c1,3.3595
Cc1ccc(C2N(C)Cc3cc(O)ccc3N2C)cc1,3.9590
CN1Cc2cc(O)ccc2N(C)C1c1cccc(Cl)c1,3.6155
CN1Cc2cc(O)ccc2N(C)C1c1ccc(Cl)cc1,3.6278
CN1Cc2cc(O)ccc2N(C)C1c1ccccc1,3.4855
COc1cccc2c1CC[C@H](NC(=O)N(C)C)C2,8.3550
COc1ccc2c(c1)CCC(NC(=O)N(C)C)C2,8.4798
COc1ccc2c(c1)C[C@@H](NC(=O)N(C)C)CC2,8.3121
COc1cccc2c1CCC(NS(=O)(=O)N(C)C)C2,8.6327
COc1ccc2c(c1)CCC(NS(=O)(=O)N(C)C)C2,8.3746
COc1ccc2c(c1)CC(NS(=O)(=O)N(C)C)CC2,8.4409
CN(C)C(=O)N[C@H]1CCc2c(O)cccc2C1,7.8390
CN(C)C(=O)NC1CCc2cc(O)ccc2C1,8.5106
CN(C)C(=O)N[C@H]1CCc2ccc(O)cc2C1,7.8727
CN(C)S(=O)(=O)NC1CCc2c(O)cccc2C1,8.1918
CN(C)S(=O)(=O)N[C@H]1CCc2cc(O)ccc2C1,8.2343
CN(C)S(=O)(=O)NC1CCc2ccc(O)cc2C1,8.2874
COc1cc2occ(-c3ccc(O)cc3O)c(=O)c2c(O)c1CC=C(C)C,5.0044
COc1c(CC=C(C)C)c(O)cc2c1C[C@H](c1ccc(O)c(CC=C(C)C)c1O)CO2,4.8097
COc1cc2c(cc1OC)C(=O)C(CC1CCN(CC3CCCCC3)CC1)C2,8.0458
COc1cc2c(cc1O)C(=O)/C(=C/C1CCN(Cc3ccccc3)CC1)C2,5.6810
COc1cc2c(cc1O)C/C(=C\C1CCN(Cc3ccccc3)CC1)C2=O,5.6810
O=C1/C(=C/C2CCN(Cc3ccccc3)CC2)Cc2ccc(O)cc21,5.5991
O=C1/C(=C/C2CCN(Cc3ccccc3)CC2)Cc2cccc(O)c21,6.3232
O=C1/C(=C/C2CCN(Cc3ccccc3)CC2)Cc2cc(O)ccc21,5.6844
COc1cc2c(cc1OC)C(=O)/C(=C/C1CCN(Cc3ccccc3)CC1)C2,7.3463
COc1ccc2c(c1)C(=O)/C(=C/C1CCN(Cc3ccccc3)CC1)C2,6.5255
COc1cccc2c1C(=O)/C(=C/C1CCN(Cc3ccccc3)CC1)C2,5.7788
COc1ccc2c(c1)C/C(=C\C1CCN(Cc3ccccc3)CC1)C2=O,7.4521
O=C1/C(=C/C2CCN(Cc3ccccc3)CC2)Cc2cc3c(cc21)OCO3,6.0654
COc1cccc(CN2CCC(/C=C3\Cc4cc(OC)ccc4C3=O)CC2)c1,6.1628
COc1cccc(CN2CCC(/C=C3\Cc4ccc(OC)cc4C3=O)CC2)c1,4.1924
COc1cccc(CN2CCC(/C=C3\Cc4cccc(OC)c4C3=O)CC2)c1,4.8395
COc1ccc2c(c1)C(=O)/C(=C/C1CCN(Cc3ccc4c(c3)OCO4)CC1)C2,4.5001
COc1cccc2c1C(=O)/C(=C/C1CCN(Cc3ccc4c(c3)OCO4)CC1)C2,4.8466
O=C(CCCCCCCCc1ccc(O)c(O)c1)c1c(O)ccc(C(CCCCCCCCc2ccc(O)cc2)c2c(O)cccc2O)c1O,4.5133
O=C(CCCCCCCCc1ccc(O)c(O)c1)c1c(O)ccc(C(CCCCCCCCc2ccc(O)c(O)c2)c2c(O)cccc2O)c1O,4.8976
O=C(CCCCCCCCc1ccc(O)c(O)c1)c1c(O)cccc1O,5.4722
O=C(CCCCCCCCc1ccc(O)cc1)c1c(O)cccc1O,5.5493
O=C(CCCCCCCCc1ccccc1)c1c(O)cccc1O,5.8827
O=C(CCCCCCCCc1ccc(O)cc1)c1c(O)cc(O)cc1O,5.1911
CCN(CC)CCNC(=O)c1c(C)[nH]c(/C=C2\C(=O)Nc3ccc(F)cc32)c1C,5.2314
Cc1ccc(Nc2nccc(N(C)c3ccc4c(C)n(C)nc4c3)n2)cc1S(N)(=O)=O,6.0315
COc1cc(/C=C/C(=O)NCCC2CCN(Cc3ccccc3)CC2)ccc1O,6.2731
COc1ccc(/C=C/C(=O)NCCC2CCN(Cc3ccccc3)CC2)cc1O,5.7799
COc1cc(/C=C/C(=O)NCCC2CCN(Cc3ccccc3)CC2)cc(OC)c1O,6.4935
O=C(/C=C/c1ccc(O)cc1)NCCC1CCN(Cc2ccccc2)CC1,5.6576
O=C(/C=C/c1ccc(O)c(O)c1)NCCC1CCN(Cc2ccccc2)CC1,5.7978
O=C(/C=C/c1ccccc1O)NCCC1CCN(Cc2ccccc2)CC1,5.5719
O=C(/C=C/c1ccccc1)NCCC1CCN(Cc2ccccc2)CC1,6.3665
COc1cc(/C=C/C(=O)NCCC2CCN(Cc3ccccc3)CC2)ccc1OC(C)=O,6.4698
COc1ccc(/C=C/C(=O)NCCC2CCN(Cc3ccccc3)CC2)cc1OC,6.4320
COc1cccc(/C=C/C(=O)NCCC2CCN(Cc3ccccc3)CC2)c1,6.1430
COc1cc(/C=C/C(=O)NCCC2CCN(Cc3ccccc3)CC2)cc(OC)c1OC,6.6308
O=C(/C=C/c1ccc(F)cc1)NCCC1CCN(Cc2ccccc2)CC1,5.4815
O=C(/C=C/c1ccc(Cl)cc1)NCCC1CCN(Cc2ccccc2)CC1,6.4413
O=C(/C=C/c1ccc([N+](=O)[O-])cc1)NCCC1CCN(Cc2ccccc2)CC1,6.4724
COc1cc(CCC(=O)NCCC2CCN(Cc3ccccc3)CC2)ccc1O,5.2741
O=C(CC1CCN(Cc2ccccc2)CC1)NCCc1c[nH]c2ccccc12,5.4202
Cc1ccccc1CN1CCC(CC(=O)NCCc2c[nH]c3ccccc23)CC1,5.8125
COc1ccc2[nH]cc(CCNC(=O)CC3CCN(Cc4ccccc4C)CC3)c2c1,5.4437
Cc1cccc(CN2CCC(CC(=O)NCCc3c[nH]c4ccccc34)CC2)c1,5.3344
COc1ccc2[nH]cc(CCNC(=O)CC3CCN(Cc4cccc(C)c4)CC3)c2c1,4.8697
Cc1ccc(CN2CCC(CC(=O)NCCc3c[nH]c4ccccc34)CC2)cc1,5.3063
COc1ccc2[nH]cc(CCNC(=O)CC3CCN(Cc4ccc(C)cc4)CC3)c2c1,5.0334
O=C(NCCc1c[nH]c2ccccc12)C1CCN(Cc2ccccc2)CC1,5.1051
COc1ccc2[nH]cc(CCNC(=O)C3CCN(Cc4ccccc4)CC3)c2c1,4.9129
Cc1ccccc1CN1CCC(C(=O)NCCc2c[nH]c3ccccc23)CC1,5.4486
COc1ccc2[nH]cc(CCNC(=O)C3CCN(Cc4ccccc4C)CC3)c2c1,5.1296
O=C(CCc1c[nH]c2ccccc12)NC1CCN(Cc2ccccc2)CC1,5.0799
O=C(CCc1c[nH]c2ccccc12)NCCC1CCN(Cc2ccccc2)CC1,5.8947
Cc1cc(=O)oc2cc(OCCCN(C)Cc3cccc(OC(=O)NCCCCCc4ccccc4)c3)ccc12,7.0942
CN(CCCOc1ccc2c3c(c(=O)oc2c1)CCCC3)Cc1cccc(OC(=O)NCCCCCc2ccccc2)c1,7.0462
CN(CCCOc1ccc2c(c1)oc(=O)c1ccccc12)Cc1cccc(OC(=O)NCCCCCc2ccccc2)c1,6.4089
CN(CCCOc1ccc2cc(-c3ccccc3)c(=O)oc2c1)Cc1cccc(OC(=O)NCCCCCc2ccccc2)c1,6.9031
COc1ccc(-c2cc3ccc(OCCCN(C)Cc4cccc(OC(=O)NCCCCCc5ccccc5)c4)cc3oc2=O)cc1,6.5058
CCCCCCCCCC(C)C1OCc2c[n+](C)c(C)c(OC(=O)N(C)C)c2CO1.[Br-],6.3372
CCCCCCCCC1OCc2c[n+](C)c(C)c(OC(=O)N(C)C)c2CO1.[Br-],5.8861
CCCCCCCC1OCc2c[n+](C)c(C)c(OC(=O)N(C)C)c2CO1.[Br-],5.6778
Cc1c(OC(=O)N(C)C)c2c(c[n+]1C)COC(C(C)(C)C)OC2.[Br-],3.9586
Cc1c(OC(=O)N(C)C)c2c(c[n+]1C)COC(C(C)C)OC2.[Br-],3.5850
CCCC1OCc2c[n+](C)c(C)c(OC(=O)N(C)C)c2CO1.[Br-],3.8539
CCC1OCc2c[n+](C)c(C)c(OC(=O)N(C)C)c2CO1.[Br-],3.5528
Cc1c(OC(=O)N(C)C)c2c(c[n+]1C)COC(C)(C)OC2.[Br-],3.3010
Cc1c(OC(=O)N(C)C)c2c(c[n+]1C)COC(C)OC2.[Br-],3.8239
Cc1c(OC(=O)N(C)C)c2c(c[n+]1C)COCOC2.[Br-],3.8861
COc1ccc(-c2cc3cc(OCCCN(C)Cc4cccc(OC(=O)NCCCCCc5ccccc5)c4)ccc3oc2=O)cc1,6.7471
CN(CCCOc1ccc2cc(-c3ccc(Cl)cc3)c(=O)oc2c1)Cc1cccc(OC(=O)NCCCCCc2ccccc2)c1,6.0458
CCCCCCCNC(=O)Oc1cccc(CN(C)CCCOc2ccc3ccc(=O)oc3c2)c1,7.4271
CCCCCCCNC(=O)Oc1cccc(CN(C)CCCOc2ccc3c4c(c(=O)oc3c2)CCCC4)c1,7.6655
CN(CCCOc1ccc2ccc(=O)oc2c1)Cc1cccc(OC(=O)NCCCCCCc2ccccc2)c1,6.9626
CN(CCCCCOc1ccc2ccc(=O)oc2c1)Cc1cccc(OC(=O)NCCCCCc2ccccc2)c1,7.0550
CCCCCCCNC(=O)Oc1cccc(CN(C)CCCCCOc2ccc3ccc(=O)oc3c2)c1,7.9469
CCCCCCCNC(=O)Oc1cccc(CN(C)CCCCCOc2ccc3c4c(c(=O)oc3c2)CCCC4)c1,7.7375
CCCCCCCNC(=O)Oc1cccc(CN(C)CCCCCOc2ccc3c(c2)Oc2ncccc2C3)c1,8.1599
O=C(NCCCCCc1ccccc1)Oc1ccc(Cn2cc(COc3ccc4ccc(=O)oc4c3)nn2)cc1,6.5935
O=C(NCCCCCc1ccccc1)Oc1cccc(Cn2cc(COc3ccc4ccc(=O)oc4c3)nn2)c1,6.0353
CCCCCCCNC(=O)Oc1ccc(Cn2cc(COc3ccc4ccc(=O)oc4c3)nn2)cc1,6.6696
CCCCCCCNC(=O)Oc1cccc(Cn2cc(COc3ccc4ccc(=O)oc4c3)nn2)c1,5.9813
O=C(NCCCCCc1ccccc1)Oc1ccc(-n2cc(COc3ccc4ccc(=O)oc4c3)nn2)cc1,4.3197
O=C(NCCCCCc1ccccc1)Oc1cccc(-n2cc(COc3ccc4ccc(=O)oc4c3)nn2)c1,5.9300
CCCCCCCNC(=O)Oc1ccc(-n2cc(COc3ccc4ccc(=O)oc4c3)nn2)cc1,3.8027
CCCCCCCNC(=O)Oc1cccc(-n2cc(COc3ccc4ccc(=O)oc4c3)nn2)c1,6.1537
CCCCCCc1ccc(NC(=O)Oc2cccc(CN(C)CCCOc3ccc4ccc(=O)oc4c3)c2)cc1,5.4202
NC(=O)c1cc[n+](CCCCC[n+]2cccc(NC(=O)/C=N\O)c2)cc1.[Br-].[Br-],4.1759
NC(=O)c1cc[n+](CCCC[n+]2cccc(NC(=O)/C=N\O)c2)cc1.[Br-].[Br-],4.4532
NC(=O)c1cc[n+](CCC[n+]2cccc(NC(=O)/C=N\O)c2)cc1.[Br-].[Br-],4.2557
NC(=O)c1cc[n+](CC[n+]2cccc(NC(=O)/C=N\O)c2)cc1.[Br-].[Br-],3.7773
CN(Cc1ccccc1)Cc1ccc(NC(=O)/C=C/c2cccc(O)c2)cc1,5.4572
COc1ccc(/C=C/C(=O)Nc2ccc(CN(C)Cc3ccccc3)cc2)cc1,5.2903
COc1cccc(/C=C/C(=O)Nc2ccc(CN(C)Cc3ccccc3)cc2)c1,5.3307
COc1cc(/C=C/C(=O)Nc2cccc(CN(C)Cc3ccccc3)c2)ccc1O,5.2226
COc1ccc(/C=C/C(=O)Nc2ccc(CN(C)Cc3ccccc3)cc2)cc1OC,5.4644
COc1ccc(/C=C/C(=O)Nc2ccc(CN(C)Cc3ccccc3)cc2)c(OC)c1,5.0590
O=C(/C=C/c1ccc(O)cc1O)NCCC1CCN(Cc2ccccc2)CC1,6.0044
O=C(/C=C/c1cccc(O)c1)NCCC1CCN(Cc2ccccc2)CC1,5.9508
COc1ccc(/C=C/C(=O)NCCC2CCN(Cc3ccccc3)CC2)c(OC)c1,6.2007
COc1ccc(/C=C/C(=O)NCCC2CCN(Cc3ccccc3)CC2)cc1,6.3098
C#CCN(Cc1ccc2cccc(O)c2n1)CC1CCN(Cc2ccccc2)CC1,5.0132
C#CCN(CCC1CCN(Cc2ccccc2)CC1)Cc1ccc2cccc(O)c2n1,5.3872
C#CCN(CCCC1CCN(Cc2ccccc2)CC1)Cc1ccc2cccc(O)c2n1,5.8239
C#CCN(Cc1ccc2cccc(O)c2n1)C(C#N)C1CCN(Cc2ccccc2)CC1,4.1925
C#CCN(Cc1ccc2cccc(O)c2n1)C(C#N)CC1CCN(Cc2ccccc2)CC1,5.4815
C#CCN(Cc1ccc2cccc(O)c2n1)C(C#N)CCC1CCN(Cc2ccccc2)CC1,7.6808
C#CCN(Cc1ccc(O)c2ncccc12)C(C#N)CCC1CCN(Cc2ccccc2)CC1,6.4559
O=C(COc1ccccc1)N1CCN(C2CCN(Cc3ccccc3)CC2)CC1,4.3665
CCSc1nc2sc3c(c2c(=O)n1-c1ccccc1)CCN(Cc1ccccc1)C3,5.2924
CCN1CCN(C2CCN(C(=O)COc3ccc(-c4ccccc4)cc3)CC2)CC1,4.5086
O=C(COc1ccc(Cl)cc1Cl)Nc1ccc(CN2CCCCC2)cc1,7.5229
S=C1/C(=C/c2ccccc2)Oc2ccccc21,5.1945
CC(C)Cc1ccc(/C=C2\Oc3ccccc3C2=O)cc1,6.0088
COc1ccc(/C=C2\Oc3ccccc3C2=O)cc1,5.8996
CN(C)C(=O)Oc1cccc(C(=O)/C=C/c2ccc(O)cc2)c1,6.1722
COc1ccc(/C=C/C(=O)c2cccc(OC(=O)N(C)C)c2)cc1,5.0942
COc1cc2c(cc1OC)C(=O)C(CC1CCN(Cc3ccccc3C)CC1)C2,6.6144
COc1cc2c(cc1OC)C(=O)C(CC1CCN(Cc3cccc(C)c3)CC1)C2,7.0555
COc1cc2c(cc1OC)C(=O)C(CC1CCN(Cc3ccc(C)cc3)CC1)C2,6.8962
COc1cc2c(cc1OC)C(=O)C(CC1CCN(Cc3ccccc3F)CC1)C2,7.4949
COc1cc2c(cc1OC)C(=O)C(CC1CCN(Cc3cccc(F)c3)CC1)C2,7.2676
COc1cc2c(cc1OC)C(=O)C(CC1CCN(Cc3ccc(F)cc3)CC1)C2,7.3872
COc1cc2c(cc1OC)C(=O)C(CC1CCN(Cc3ccccc3Cl)CC1)C2,7.0132
COc1cc2c(cc1OC)C(=O)C(CC1CCN(Cc3cccc(Cl)c3)CC1)C2,6.9431
COc1cc2c(cc1OC)C(=O)C(CC1CCN(Cc3ccc(Cl)cc3)CC1)C2,5.5436
COc1cc2c(cc1OC)C(=O)C(CC1CCN(Cc3ccccc3C(F)(F)F)CC1)C2,5.3125
COc1cc2c(cc1OC)C(=O)C(CC1CCN(Cc3cccc(C(F)(F)F)c3)CC1)C2,5.6737
COc1cc2c(cc1OC)C(=O)C(CC1CCN(Cc3ccc(C(F)(F)F)cc3)CC1)C2,5.2652
COc1cc2c(cc1OC)C(=O)C(CC1CCN(Cc3ccccc3[N+](=O)[O-])CC1)C2,5.5072
COc1cc2c(cc1OC)C(=O)C(CC1CCN(Cc3cccc([N+](=O)[O-])c3)CC1)C2,6.1858
COc1cc2c(cc1OC)C(=O)C(CC1CCN(Cc3ccc([N+](=O)[O-])cc3)CC1)C2,5.7190
COc1cc2c(cc1OC)C(=O)C(CC1CCN(Cc3ccccn3)CC1)C2,6.8327
COc1cc2c(cc1OC)C(=O)C(CC1CCN(Cc3ncccc3C)CC1)C2,6.9469
COc1cc2c(cc1OC)C(=O)C(CC1CCN(Cc3cccc(C)n3)CC1)C2,7.1367
COc1cc2c(cc1OC)C(=O)C(CC1CCN(Cc3ncc(C)cc3C)CC1)C2,6.0894
COc1cc2c(cc1OC)C(=O)C(CC1CCN(Cc3cccc(F)n3)CC1)C2,6.7100
COc1cc2c(cc1OC)C(=O)C(CC1CCN(Cc3cccc(Cl)n3)CC1)C2,6.0540
COc1cc2c(cc1OC)C(=O)C(CC1CCN(Cc3cccc(Br)n3)CC1)C2,5.7033
COC(=O)c1cccc(CN2CCC(CC3Cc4cc(OC)c(OC)cc4C3=O)CC2)n1,5.2381
COc1cc2c(cc1OC)C(=O)C(CC1CCN(Cc3ccc4ccccc4n3)CC1)C2,5.0742
COc1cc2c(cc1OC)C(=O)C(CC1CCN(Cc3ccc4cccc(O)c4n3)CC1)C2,4.5258
COc1cc2c(cc1OC)C(=O)C(CC1CCN(Cc3ccc(O)c4ncccc34)CC1)C2,4.6799
Cc1ccc(/C=C2\CN(Cc3cccc(C)c3)C/C(=C\c3ccc(C)cc3)C2=O)cc1,5.4921
O=C1/C(=C/c2ccccc2)CN(Cc2ccc3ccccc3c2)C/C1=C\c1ccccc1,5.7144
Cc1cccc(CN2C/C(=C\c3ccccc3)C(=O)/C(=C/c3ccccc3)C2)c1,5.4976
Cc1ccc(/C=C2\CN(Cc3ccc4ccccc4c3)C/C(=C\c3ccc(C)cc3)C2=O)cc1,5.7986
O=C1/C(=C/c2ccc(Br)cc2)CN(Cc2ccc3ccccc3c2)C/C1=C\c1ccc(Br)cc1,6.0809
Cc1ccc(/C=C2/CNCC3=C2N=C2SC=C(c4ccc(C)cc4)N2C3c2ccc(C)cc2)cc1,5.7447
Cc1ccc(/C=C2/CNCC3=C2N=C2SC=C(c4ccc(Br)cc4)N2C3c2ccc(C)cc2)cc1,5.6440
Cc1ccc(/C=C2/CNCC3=C2N=C2SC=C(c4ccc5ccccc5c4)N2C3c2ccc(C)cc2)cc1,6.0088
Cc1ccc(C2=CSC3=NC4=C(CNC/C4=C/c4ccc(Cl)cc4)C(c4ccc(Cl)cc4)N23)cc1,5.9626
Clc1ccc(/C=C2/CNCC3=C2N=C2SC=C(c4ccc5ccccc5c4)N2C3c2ccc(Cl)cc2)cc1,5.8697
Brc1ccc(/C=C2/CNCC3=C2N=C2SC=C(c4ccccc4)N2C3c2ccc(Br)cc2)cc1,5.8297
Cc1ccc(C2=CSC3=NC4=C(CNC/C4=C/c4ccc(Br)cc4)C(c4ccc(Br)cc4)N23)cc1,5.9957
Brc1ccc(/C=C2/CNCC3=C2N=C2SC=C(c4ccc5ccccc5c4)N2C3c2ccc(Br)cc2)cc1,6.1367
O=S(=O)(c1ccccc1)n1ccc2c(N3CCN(CCNc4c5c(nc6ccccc46)CCCC5)CC3)cccc21,7.3605
O=S(=O)(c1ccccc1)n1ccc2c(N3CCN(CCCNc4c5c(nc6ccccc46)CCCC5)CC3)cccc21,8.0132
O=S(=O)(c1ccccc1)n1ccc2c(N3CCN(CCCCCNc4c5c(nc6ccccc46)CCCC5)CC3)cccc21,7.7399
O=S(=O)(c1ccccc1)n1ccc2c(N3CCN(CCCCCCNc4c5c(nc6ccccc46)CCCC5)CC3)cccc21,7.8894
O=S(=O)(c1ccccc1)n1ccc2c(N3CCN(CCCCCCCNc4c5c(nc6ccccc46)CCCC5)CC3)cccc21,8.2076
O=S(=O)(c1ccccc1)n1ccc2c(N3CCN(CCCCCCCCNc4c5c(nc6ccccc46)CCCC5)CC3)cccc21,8.8861
O=C1NCCCc2c1c1ccccc1n2CCc1ccccc1,4.8996
O=C1NCCCc2c1c1ccccc1n2CCc1ccc(F)cc1,5.0000
O=C1c2ccccc2S(=O)(=O)N1CCCCCNCc1ccccc1,7.4815
CC(=O)/C(=N\O)C(=O)Nc1cnc2c(c1)CC(N(C)CCc1ccccc1)CC2,5.9555
COc1ccc(CN2CCCCC2COc2ccc(C(=O)/C=N\O)cn2)cc1OC,6.6326
O=C(/C=N\O)c1ccc(OCC2CCN(Cc3ccccc3)CC2)nc1,7.5086
CC1=CC2Cc3nc4cc(Cl)ccc4c(NCCCCCCCCNC(=O)c4cc(O)c5c(c4)C(=O)c4cccc(O)c4C5=O)c3C(C1)C2,8.3565
CC1=CC2Cc3nc4cc(Cl)ccc4c(NCCCCCCCCCNC(=O)c4cc(O)c5c(c4)C(=O)c4cccc(O)c4C5=O)c3C(C1)C2,8.4437
CC1=C[C@@H]2Cc3nc4cc(Cl)ccc4c(NCCCCCCCCCNC(=O)c4cc(O)c5c(c4)C(=O)c4cccc(O)c4C5=O)c3[C@H](C1)C2,8.6198
CC1=C[C@H]2Cc3nc4cc(Cl)ccc4c(NCCCCCCCCCNC(=O)c4cc(O)c5c(c4)C(=O)c4cccc(O)c4C5=O)c3[C@@H](C1)C2,5.5331
CC1=CC2Cc3nc4cc(Cl)ccc4c(NCCCCCCCCCCNC(=O)c4cc(O)c5c(c4)C(=O)c4cccc(O)c4C5=O)c3C(C1)C2,8.1192
CC1=CC2Cc3nc4cc(Cl)ccc4c(NCCCCCCCCCCCNC(=O)c4cc(O)c5c(c4)C(=O)c4cccc(O)c4C5=O)c3C(C1)C2,7.7595
CC1=CC2Cc3nc4cc(Cl)ccc4c(NCc4ccc(CNC(=O)c5cc(O)c6c(c5)C(=O)c5cccc(O)c5C6=O)cc4)c3C(C1)C2,7.7399
CC1=C[C@H]2Cc3nc4cc(Cl)ccc4c(N)c3[C@@H](C1)C2,7.8386
COc1ccc2nc(NCCc3cc[n+](Cc4ccccc4)cc3)sc2c1,6.7305
COc1ccc2nc(NCCc3cc[n+](Cc4ccc(F)cc4)cc3)sc2c1,6.6517
COc1ccc2nc(NCCc3cc[n+](Cc4c(F)cccc4F)cc3)sc2c1,6.6925
Fc1ccc(C[n+]2ccc(CCNc3nc4ccc(F)cc4s3)cc2)cc1,6.5702
O=[N+]([O-])c1ccc2nc(NCCc3cc[n+](Cc4ccc(F)cc4)cc3)sc2c1,7.0177
CCOC(=O)C1=C(C)Nc2nc3c(c(N)c2C1c1ccc(C(F)(F)F)cc1)CC(C)CC3,6.1146
CC1=C(C(=O)OC(C)C)C(c2cccc(F)c2)c2c(nc3c(c2N)CC(C)(C)CC3)N1,6.2534
CCOC(=O)C1=C(C)Nc2nc3c(c(N)c2C1c1cccc(C(F)(F)F)c1)CC(C)(C)CC3,5.9488
C=CCOC(=O)C1=C(C)Nc2nc3c(c(N)c2C1c1cccc([N+](=O)[O-])c1)CC(C)(C)CC3,5.9767
CCOC(=O)C1=C(C)Nc2nc3c(c(N)c2C1c1cccc(Cl)c1)CC(C)(C)CC3,6.1135
COC(=O)C1=C(C)Nc2nc3c(c(N)c2C1c1ccccc1)CC(C)(C)CC3,6.0491
CC1=C(C(=O)OC(C)C)C(c2ccccc2F)c2c(nc3c(c2N)CC(C)(C)CC3)N1,5.8611
CC1=C(C(=O)OC2CCC2)C(c2ccccc2F)c2c(nc3c(c2N)CC(C)(C)CC3)N1,6.1209
COCCOC(=O)C1=C(C)Nc2nc3c(c(N)c2C1c1ccccc1Cl)CC(C)(C)CC3,6.0367
CC1=C(C(=O)OCC2CC2)C(c2ccccc2Cl)c2c(nc3c(c2N)CC(C)(C)CC3)N1,6.0128
COC(=O)C1=C(C)Nc2nc3c(c(N)c2C1c1cccc([N+](=O)[O-])c1)CSC3,6.1373
CCOC(=O)C1=C(C)Nc2nc3c(c(N)c2C1c1cccc([N+](=O)[O-])c1)CC(F)(F)CC3,6.2976
CCOC(=O)C1=C(C)Nc2nc3c(c(N)c2C1c1cccc([N+](=O)[O-])c1)CC(Cl)(Cl)CC3,6.4776
COC(=O)C1=C(C)Nc2nc3c(c(N)c2C1c1cccc([N+](=O)[O-])c1)CCCC3Cl,6.1355
COC(=O)C1=C(C)Nc2nc3c(c(N)c2C1c1cccc([N+](=O)[O-])c1)CCC(C)C3,5.9559
COC(=O)C1=C(C)Nc2nc3c(c(N)c2C1c1ccccc1)CSCC3,6.3468
CCOC(=O)C1=C(C(F)(F)F)Nc2nc3c(c(N)c2C1c1cccc([N+](=O)[O-])c1)CC(C)(C)CC3,6.2676
CC1=C(C(=O)OC(C)C)C(c2cncnc2)c2c(nc3c(c2N)CC(C)(C)CC3)N1,6.0747
CCOC(=O)C1=C(C)Nc2nc3c(c(N)c2C1c1ccccc1OC)CC(C)CC3,6.7496
CC1=C(C(=O)OCCN(C)C)C(c2ccccc2)c2c(nc3c(c2N)CC(F)(F)CC3)N1,6.8665
COC(=O)C1=C(C)Nc2nc3c(c(N)c2C1c1cccc([N+](=O)[O-])c1)CC(C)(C)CC3,7.3468
CCOC(=O)C1=C(C)Nc2nc3c(c(N)c2C1c1cccc([N+](=O)[O-])c1)CC(C)(C)CC3,5.2248
CC1=C(C(=O)OC(C)C)C(c2ccccc2Cl)c2c(nc3c(c2N)CC(C)(C)CC3)N1,5.5186
CC1=C(C(=O)OC(C)C)C(c2cccc(Cl)c2)c2c(nc3c(c2N)CC(C)(C)CC3)N1,5.1600
CCOC(=O)C1=C(C)Nc2nc3c(c(N)c2C1c1cccc(F)c1)CC(C)(C)CC3,5.7361
C=CCOC(=O)C1=C(C)Nc2nc3c(c(N)c2C1c1cccc(F)c1)CC(C)(C)CC3,5.7496
C#CCOC(=O)C1=C(C)Nc2nc3c(c(N)c2C1c1cccc(F)c1)CC(C)(C)CC3,5.7467
C#CCOC(=O)C1=C(C)Nc2nc3c(c(N)c2C1c1cccc([N+](=O)[O-])c1)CC(C)(C)CC3,5.7149
CCOC(=O)C1=C(C)N(C)c2nc3c(c(N)c2C1c1ccccc1Cl)CC(C)(C)CC3,5.7305
COc1cc(/C=C/C(=O)Nc2ccccc2)ccc1OCCN(C)C,4.6345
COc1cc(/C=C/C(=O)Nc2ccccc2)ccc1OCCCN(C)C,4.4703
COc1cc(/C=C/C(=O)Nc2ccccc2)ccc1OCCCCN(C)C,3.9978
COc1cc(/C=C/C(=O)Nc2ccccc2)ccc1OCCCCCN(C)C,4.4812
COc1cc(/C=C/C(=O)Nc2ccccc2)ccc1OCCCCCCN(C)C,5.0757
COc1cc(/C=C/C(=O)Nc2ccccc2)ccc1OCCCCCCCCN(C)C,5.0482
COc1cc(/C=C/C(=O)Nc2ccccc2)ccc1OCCCCCCCCCCN(C)C,5.0031
CCN(CC)CCOc1ccc(/C=C/C(=O)Nc2ccccc2)cc1OC,4.3866
CCN(CC)CCCOc1ccc(/C=C/C(=O)Nc2ccccc2)cc1OC,4.6249
CCN(CC)CCCCOc1ccc(/C=C/C(=O)Nc2ccccc2)cc1OC,4.3806
CCN(CC)CCCCCOc1ccc(/C=C/C(=O)Nc2ccccc2)cc1OC,4.7217
CCN(CC)CCCCCCOc1ccc(/C=C/C(=O)Nc2ccccc2)cc1OC,5.7375
CCN(CC)CCCCCCCCOc1ccc(/C=C/C(=O)Nc2ccccc2)cc1OC,5.8665
CCN(CC)CCCCCCCCCCOc1ccc(/C=C/C(=O)Nc2ccccc2)cc1OC,4.8262
CCOC(=O)/C=C/c1ccc(OCCCCCCN(CC)CC)c(OC)c1,5.7122
CCN(CC)CCCCCCOc1ccc(/C=C/C(=O)O)cc1OC,5.5735
CCOC(=O)/C=C/c1ccc(OCCCCCCCCN(CC)CC)c(OC)c1,5.8069
CCN(CC)CCCCCCCCOc1ccc(/C=C/C(=O)O)cc1OC,5.4976
COc1cc(/C=C/C(=O)Nc2ccccc2)ccc1OCCN1CCCCC1,4.7122
COc1cc(/C=C/C(=O)Nc2ccccc2)ccc1OCCCN1CCCCC1,4.8392
COc1cc(/C=C/C(=O)Nc2ccccc2)ccc1OCCCCN1CCCCC1,5.1463
COc1cc(/C=C/C(=O)Nc2ccccc2)ccc1OCCCCCN1CCCCC1,5.3188
COc1cc(/C=C/C(=O)Nc2ccccc2)ccc1OCCCCCCN1CCCCC1,6.1487
COc1cc(/C=C/C(=O)Nc2ccccc2)ccc1OCCCCCCCCN1CCCCC1,5.3851
COc1cc(/C=C/C(=O)Nc2ccccc2)ccc1OCCCCCCCCCCN1CCCCC1,4.9543
CCOC(=O)/C=C/c1ccc(OCCCCCCN2CCCCC2)c(OC)c1,5.5768
COc1cc(/C=C/C(=O)O)ccc1OCCCCCCN1CCCCC1,4.3415
COc1cc(/C=C/C(=O)Nc2ccccc2)ccc1OCCN1CCCC1,4.4543
COc1cc(/C=C/C(=O)Nc2ccccc2)ccc1OCCCN1CCCC1,4.4302
COc1cc(/C=C/C(=O)Nc2ccccc2)ccc1OCCCCN1CCCC1,4.6135
COc1cc(/C=C/C(=O)Nc2ccccc2)ccc1OCCCCCN1CCCC1,5.2069
COc1cc(/C=C/C(=O)Nc2ccccc2)ccc1OCCCCCCN1CCCC1,5.9547
COc1cc(/C=C/C(=O)Nc2ccccc2)ccc1OCCCCCCCCN1CCCC1,5.5361
COc1cc(/C=C/C(=O)Nc2ccccc2)ccc1OCCCCCCCCCCN1CCCC1,4.8690
CCOC(=O)/C=C/c1ccc(OCCCCCCN2CCCC2)c(OC)c1,5.2967
COc1cc(/C=C/C(=O)O)ccc1OCCCCCCN1CCCC1,4.1555
COc1cccc(C2c3ccc4cccnc4c3Oc3nc4c(c(N)c32)CCCC4)c1,6.0927
Cc1ccc(C2c3ccc4cccnc4c3Oc3nc4c(c(N)c32)CCCC4)cc1,5.5452
COc1ccc(C2c3ccc4cccnc4c3Oc3nc4c(c(N)c32)CCCC4)cc1,5.8210
Nc1c2c(nc3c1C(c1cccc(F)c1)c1ccc4cccnc4c1O3)CCCC2,5.6576
Nc1c2c(nc3c1C(c1ccccc1)c1ccc4cccnc4c1O3)CCCC2,5.7620
CC(C)c1ccc(NC(=O)Oc2ccc3c(c2)[C@]2(C)CCN[C@@H]2N3)cc1,6.9586
COc1cc2c(cc1OC)C(=O)/C(=C/c1ccc(CN(C)C)c(O)c1)O2,4.6144
CCN(CC)Cc1ccc(/C=C2\Oc3cc(OC)c(OC)cc3C2=O)cc1O,6.1549
COc1cc2c(cc1OC)C(=O)/C(=C/c1ccc(CN3CCCC3)c(O)c1)O2,5.8794
COc1cc2c(cc1OC)C(=O)/C(=C/c1ccc(CN3CCCCC3)c(O)c1)O2,7.4306
COc1cc2c(cc1OC)C(=O)/C(=C/c1ccc(CN3CCOCC3)c(O)c1)O2,5.2218
COc1cc2c(cc1OC)C(=O)/C(=C/c1ccc(CN3CCN(C)CC3)c(O)c1)O2,4.8539
CCN1CCN(Cc2ccc(/C=C3\Oc4cc(OC)c(OC)cc4C3=O)cc2O)CC1,4.4935
COc1cc2c(cc1OC)C(=O)/C(=C/c1ccc(CN(C)Cc3ccccc3)c(O)c1)O2,4.5800
CCN(Cc1ccc(/C=C2\Oc3cc(OC)c(OC)cc3C2=O)cc1O)Cc1ccccc1N(C)C,5.1746
COc1cc2c(cc1OC)C(=O)/C(=C/c1ccc(O)c(CN(C)C)c1)O2,6.2924
COc1ccc(CNc2nc(NC(N)=O)nc3ccccc23)cc1OC,5.0655
NC(=O)Nc1nc(NCc2ccccc2)c2ccccc2n1,5.0809
COc1ccc(CCNc2nc(NC(N)=O)nc3ccccc23)cc1OC,5.0605
NC(=O)Nc1nc(NCCc2ccccc2)c2ccccc2n1,5.1024
COc1ccc(CNc2nc(NC(C)=O)nc3ccccc23)cc1OC,5.0706
CC(=O)Nc1nc(NCc2ccccc2)c2ccccc2n1,5.1249
CCCNc1nc(NCc2ccc(OC)c(OC)c2)c2ccccc2n1,5.2518
COc1ccc(CNc2nc(NC3CC3)nc3ccccc23)cc1OC,5.1427
CCNc1nc(NCc2ccccc2)c2ccccc2n1,5.1249
CCCNc1nc(NCc2ccccc2)c2ccccc2n1,5.1079
CC(C)Nc1nc(NCc2ccccc2)c2ccccc2n1,5.1938
c1ccc(CNc2nc(NC3CC3)nc3ccccc23)cc1,5.1805
CNc1nc(NCCc2ccc(OC)c(OC)c2)c2ccccc2n1,5.0706
CCNc1nc(NCCc2ccc(OC)c(OC)c2)c2ccccc2n1,5.1249
CCCNc1nc(NCCc2ccc(OC)c(OC)c2)c2ccccc2n1,5.1549
COc1ccc(CCNc2nc(NC3CC3)nc3ccccc23)cc1OC,5.1427
CNc1nc(NCCc2ccccc2)c2ccccc2n1,5.0605
CCNc1nc(NCCc2ccccc2)c2ccccc2n1,5.1192
CCCNc1nc(NCCc2ccccc2)c2ccccc2n1,5.1427
CC(C)Nc1nc(NCCc2ccccc2)c2ccccc2n1,5.1427
c1ccc(CCNc2nc(NC3CC3)nc3ccccc23)cc1,5.0655
COc1ccc(CNc2nc(CC(N)=O)nc3ccccc23)cc1OC,5.1308
NC(=O)Cc1nc(NCc2ccccc2)c2ccccc2n1,5.1427
COc1ccc(CCNc2nc(CC(N)=O)nc3ccccc23)cc1OC,4.9031
NC(=O)Cc1nc(NCCc2ccccc2)c2ccccc2n1,5.1367
COc1ccc(CCNc2nc(NC(C)=O)nc3ccccc23)cc1OC,5.1308
CC(=O)Nc1nc(NCCc2ccccc2)c2ccccc2n1,5.1549
CNc1nc(NCc2ccc(OC)c(OC)c2)c2ccccc2n1,5.1367
CCNc1nc(NCc2ccc(OC)c(OC)c2)c2ccccc2n1,5.2007
COc1ccc(CNc2nc(NC(C)C)nc3ccccc23)cc1OC,5.1675
CNc1nc(NCc2ccccc2)c2ccccc2n1,5.0969
COc1ccc(CCNc2nc(NC(C)C)nc3ccccc23)cc1OC,5.1192
COc1cc2c(cc1OC)C(=O)C(CC1CCN(Cc3ccccc3)CC1)C2.Cl.O,7.5229
CCN(C)C(=O)Oc1cccc([C@H](C)N(C)C)c1.O=C(O)[C@H](O)[C@@H](O)C(=O)O,4.9452
O=C(CCCC1CCSS1)NCCCNc1c2c(nc3cc(Cl)ccc13)CCCC2,6.5969
Oc1cc(O)cc(/C=C/c2ccc(Nc3c4c(nc5cc(Cl)ccc35)CCCC4)cc2)c1,5.0555
Oc1cc(O)cc(CCc2ccc(Nc3c4c(nc5cc(Cl)ccc35)CCCC4)cc2)c1,5.8861
COc1cc(CCc2ccc(Nc3c4c(nc5ccccc35)CCCC4)cc2)cc(OC)c1,4.8477
COc1cc(CCc2ccc(Nc3c4c(nc5cc(Cl)ccc35)CCCC4)cc2)cc(OC)c1,6.0969
CN(C)C(=O)Oc1cc(OC(=O)N(C)C)cc(C(O)CNC(C)(C)C)c1,4.5229
N#CC1=C(N)N2CCNC2=C([N+](=O)[O-])C12c1ccccc1-c1nc3ccccc3nc12,5.1938
Cc1cc2nc3c(nc2cc1C)C1(C(C#N)=C(N)N2CCNC2=C1[N+](=O)[O-])c1ccccc1-3,5.1805
N#CC1=C(N)N2CCNC2=C([N+](=O)[O-])C12c1ccccc1-c1nc3ccc([N+](=O)[O-])cc3nc12,5.1871
N#CC1=C(N)N2CCCNC2=C([N+](=O)[O-])C12c1ccccc1-c1nc3ccccc3nc12,5.3768
Cc1cc2nc3c(nc2cc1C)C1(C(C#N)=C(N)N2CCCNC2=C1[N+](=O)[O-])c1ccccc1-3,5.2441
N#CC1=C(N)N2CCCNC2=C([N+](=O)[O-])C12c1ccccc1-c1nc3ccc([N+](=O)[O-])cc3nc12,5.4089
CC1(C)CNC2=C([N+](=O)[O-])C3(C(C#N)=C(N)N2C1)c1ccccc1-c1nc2ccccc2nc13,5.3665
Cc1cc2nc3c(nc2cc1C)C1(C(C#N)=C(N)N2CC(C)(C)CNC2=C1[N+](=O)[O-])c1ccccc1-3,5.3979
CC1(C)CNC2=C([N+](=O)[O-])C3(C(C#N)=C(N)N2C1)c1ccccc1-c1nc2ccc([N+](=O)[O-])cc2nc13,5.4437
N#CC1=C(N)N(Cc2ccccc2)C(NCc2ccccc2)=C([N+](=O)[O-])C12c1ccccc1-c1nc3ccccc3nc12,5.2757
Cc1cc2nc3c(nc2cc1C)C1(C(C#N)=C(N)N(Cc2ccccc2)C(NCc2ccccc2)=C1[N+](=O)[O-])c1ccccc1-3,5.2366
N#CC1=C(N)N(Cc2ccccc2)C(NCc2ccccc2)=C([N+](=O)[O-])C12c1ccccc1-c1nc3ccc([N+](=O)[O-])cc3nc12,5.3565
COc1cc(/C=C/C(=O)N2CCC(Cc3ccccc3)CC2)ccc1OCCCCN1CCc2ccccc2C1,5.4179
COc1cc2c(cc1OC)C(=O)C(Cc1cc[n+](Cc3cccc(Cl)c3)cc1C(N)=O)C2.[Br-],7.3872
COc1cc2c(cc1OC)C(=O)C(CC1C=CN(Cc3ccccc3C)C=C1C(C)=O)C2,6.3686
CC(=O)C1=CN(Cc2ccccc2C)C=CC1CC1Cc2cc(C)c(C)cc2C1=O,6.1851
COc1cc2c(cc1OC)C(=O)C(Cc1cc[n+](Cc3ccccc3C)cc1C(N)=O)C2.[Br-],6.1688
COC(=O)c1c[n+](Cc2ccccc2C)ccc1CC1Cc2cc(OC)c(OC)cc2C1=O.[Br-],8.2366
COC(=O)c1c[n+](Cc2ccccc2)ccc1CC1Cc2cc(OC)c(OC)cc2C1=O.[Br-],7.5918
CC(=O)c1c[n+](Cc2ccccc2C)ccc1CC1Cc2cc(Cl)ccc2C1=O.[Br-],6.5817
CC(=O)c1c[n+](Cc2ccccc2C)ccc1CC1Cc2cc(C)ccc2C1=O.[Br-],7.0410
CC(=O)c1c[n+](Cc2ccccc2C)ccc1CC1Cc2cc(C)c(C)cc2C1=O.[Br-],7.5575
COc1ccc2c(c1)CC(Cc1cc[n+](Cc3ccccc3C)cc1C(C)=O)C2=O.[Br-],7.5229
CC(=O)c1c[n+](Cc2ccccc2C)ccc1CC1Cc2cc3c(cc2C1=O)OCO3.[Br-],7.2218
COc1cc2c(cc1OC)C(=O)C(Cc1cc[n+](Cc3cccc(Cl)c3)cc1C(C)=O)C2.[Br-],8.4855
COc1cc2c(cc1OC)C(=O)C(Cc1cc[n+](Cc3ccccc3Cl)cc1C(C)=O)C2.[Br-],7.7447
COc1cc2c(cc1OC)C(=O)C(Cc1cc[n+](Cc3cccc(C)c3)cc1C(C)=O)C2.[Br-],7.8539
COc1cc2c(cc1OC)C(=O)C(Cc1cc[n+](Cc3ccccc3C)cc1C(C)=O)C2.[Br-],8.0555
COc1cc2c(cc1OC)C(=O)C(Cc1cc[n+](Cc3ccccc3)cc1C(C)=O)C2.[Br-],7.7447
COc1cc2c(cc1OC)C(=O)C(Cc1cc[n+](Cc3ccccc3)cc1C#N)C2.[Br-],8.5346
COc1cc2c(cc1OC)C(=O)C(Cc1cc[n+](Cc3ccccc3)cc1)C2.[Br-],7.4377
COC(=O)c1cc2c(OC(=O)N(C)C)cccc2[n+](C)c1,7.6990
COc1ccc(CNc2c3c(nc4ccccc24)CCCC3)cc1OC,5.6576
COc1ccc(CNc2c3c(nc4cc(Cl)ccc24)CCCC3)cc1OC,6.0969
COc1ccc(CCNc2c3c(nc4cc(Cl)ccc24)CCCC3)cc1OC,6.2218
Clc1ccc2c(NCc3ccccn3)c3c(nc2c1)CCCC3,7.0458
CCO[P@](=O)(SCC)c1ccccc1,5.0738
CCO[P@@](=O)(SCC)c1ccccc1,3.8239
CSP(C)(=O)OC(C)C(C)(C)C,3.1427
CSP(C)(=O)OC1CCCCC1,4.1549
CSP(C)(=O)OC(C)C,2.8239
CCOP(=O)(C#N)N(C)C,4.6108
CCOP(=O)(OCC)Oc1ccc([N+](=O)[O-])cc1,8.0000
CN1CC2C(=O)N(Cc3ccccc3)C(=O)C2C12C(=O)c1ccccc1C2=O,4.3855
CN1CC2C(=O)N(C3CCCCC3)C(=O)C2C12C(=O)c1ccccc1C2=O,5.3851
CN1C(=O)C2CN(C)C3(C(=O)c4ccccc4C3=O)C2C1=O,5.6778
COc1ccccc1N1C(=O)C2CN(C)C3(C(=O)c4ccccc4C3=O)C2C1=O,4.9539
CN1CC2C(=O)N(c3cccc(F)c3)C(=O)C2C12C(=O)c1ccccc1C2=O,4.0963
CN1CC2C(=O)N(c3ccc([N+](=O)[O-])cc3)C(=O)C2C12C(=O)c1ccccc1C2=O,5.1805
COc1ccc(N2C(=O)C3CN(C)C4(C(=O)c5ccccc5C4=O)C3C2=O)cc1,6.1079
CC(C)c1ccc(N2C(=O)C3CN(C)C4(C(=O)c5ccccc5C4=O)C3C2=O)cc1,4.9122
CCc1ccc(N2C(=O)C3CN(C)C4(C(=O)c5ccccc5C4=O)C3C2=O)cc1,4.3511
Cc1ccc(N2C(=O)C3CN(C)C4(C(=O)c5ccccc5C4=O)C3C2=O)cc1,5.1343
CN1CC2C(=O)N(c3ccccc3)C(=O)C2C12C(=O)c1ccccc1C2=O,4.1561
CN1CC2C(=O)N(c3ccc(Br)cc3)C(=O)C2C12C(=O)c1ccccc1C2=O,4.1348
CN1CC2C(=O)N(c3ccc(Cl)cc3)C(=O)C2C12C(=O)c1ccccc1C2=O,4.5550
CN1CC2C(=O)N(c3ccc(F)cc3)C(=O)C2C12C(=O)c1ccccc1C2=O,4.3000
CCOc1ccc(Cc2nc3cc(C(=O)N(CC)CC)ccc3n2CCCCN2CCCCC2)cc1,4.2106
CCOc1ccc(Cc2nc3cc(C(=O)N(CC)CC)ccc3n2CCCCCCN2CCCCC2)cc1,4.6995
COc1ccc2nc3c(c(NCCCCCCCNC(=S)NC45CC6CC(CC(C6)C4)C5)c2c1)CCCC3,5.4597
c1ccc(CNc2c3c(nc4ccccc24)CCCC3)nc1,5.1739
CC(C)c1ccc(NC(=O)Oc2ccc3c(c2)[C@]2(C)CCC(C)[C@@H]2C3C)cc1,6.1192
CC1CC[C@@]2(C)c3cc(OC(=O)Nc4ccccc4)ccc3C(C)[C@@H]12,7.6576
CCCCN(CC(=O)NCc1ccccc1)C(=O)CCCCCn1ccnc1/C=N/O,3.0884
COc1ccc(CN(CC(=O)NCc2ccccc2)C(=O)CCCCCn2ccnc2/C=N/O)cc1,3.7772
CCCCN(CC(=O)NC(C)C)C(=O)CCCCCn1ccnc1/C=N/O,2.8245
COc1ccc(CN(CC(=O)NC(C)C)C(=O)CCCCCn2ccnc2/C=N/O)cc1,3.2782
COCCN(CC(=O)NCc1ccccc1)C(=O)CCCCCn1ccnc1/C=N/O,2.9440
COCCN(CC(=O)NC(C)C)C(=O)CCCCCn1ccnc1/C=N/O,3.1232
COc1ccc(CN(CC(=O)NC(C)C)C(=O)CCCCCn2cc[n+](C)c2/C=N\O)cc1.[I-],4.0684
CCCCN(CC(=O)NC(C)C)C(=O)CCCCCn1cc[n+](C)c1/C=N\O.[I-],3.7773
COc1ccc(CN(CC(=O)NCc2ccccc2)C(=O)CCCCCn2cc[n+](C)c2/C=N\O)cc1.[I-],4.4943
CCCCN(CC(=O)NCc1ccccc1)C(=O)CCCCCn1cc[n+](C)c1/C=N\O.[I-],4.0053
NC(=O)c1cc[n+](COC[n+]2ccc(/C=N/O)cc2)cc1.[Cl-].[Cl-],4.3261
COc1cc2c(cc1OC)C(=O)/C(=C/c1cc[n+](Cc3ccccc3)cc1)C2.[Br-],8.4685
COc1cc2c(cc1OC)C(=O)/C(=C/c1cc[n+](Cc3ccccc3F)cc1)C2.[Br-],9.0969
COc1cc2c(cc1OC)C(=O)/C(=C/c1cc[n+](Cc3cccc(F)c3)cc1)C2.[Br-],8.5376
COc1cc2c(cc1OC)C(=O)/C(=C/c1cc[n+](Cc3ccc(F)cc3)cc1)C2.[Br-],8.3872
COc1cc2c(cc1OC)C(=O)/C(=C/c1cc[n+](Cc3ccccc3C)cc1)C2.[Br-],8.2366
COc1cc2c(cc1OC)C(=O)/C(=C/c1cc[n+](Cc3cccc(C)c3)cc1)C2.[Br-],8.3979
COc1cc2c(cc1OC)C(=O)/C(=C/c1cc[n+](Cc3ccc(C)cc3)cc1)C2.[Br-],7.7305
COc1cc2c(cc1OC)C(=O)/C(=C/c1cc[n+](Cc3ccccc3Br)cc1)C2.[Br-],8.4202
COc1cc2c(cc1OC)C(=O)/C(=C/c1cc[n+](Cc3cccc(Br)c3)cc1)C2.[Br-],8.2840
COc1cc2c(cc1OC)C(=O)/C(=C/c1cc[n+](Cc3ccc(Br)cc3)cc1)C2.[Br-],7.1568
COc1cc2c(cc1OC)C(=O)/C(=C/c1cc[n+](Cc3cccc([N+](=O)[O-])c3)cc1)C2.[Br-],8.4437
COc1cc2c(cc1OC)C(=O)/C(=C/c1cc[n+](Cc3ccc([N+](=O)[O-])cc3)cc1)C2.[Br-],7.2255
COc1ccc(NC(S)=NCCN2CCC(C)CC2)cc1Cl,4.9208
COc1ccc(NC(=S)NCCN2CCCCC2)cc1,3.9208
S=C(NCCN1CCCCC1)Nc1cccc(Cl)c1,3.7212
COc1ccc(NC(=S)NCCN2CCOCC2)cc1Cl,4.8539
COc1ccc(NC(=S)NCCN(C)C)cc1Cl,4.3372
CN(C)CCN=C(S)Nc1cccc(Cl)c1,3.8539
NS(=O)(=O)c1ccc(NC(=S)NCCN2CCCCC2)cc1,4.0458
COc1ccccc1NC(=S)NCCN(C)C,3.9208
COc1ccccc1NC(=S)NCCN1CCCCC1.Cl,4.4949
C[n+]1ccccc1C=NO.[I-],3.3733
COc1cc2c(cc1OC)CN(Cc1cccc(/C=N/O)c1O)CC2,2.8979
COc1cc2c(cc1OC)CN(Cc1ccc(O)c(/C=N/O)c1)CC2,3.2524
COc1cc2c(cc1OC)CN(Cc1cc(C)cc(/C=N/O)c1O)CC2,2.9755
COc1cc2c(cc1OC)CN(Cc1cc(Cl)cc(/C=N/O)c1O)CC2,2.8049
COc1cc2c(cc1OC)CN(Cc1cc(Br)cc(/C=N/O)c1O)CC2,3.0192
COc1cc2c(cc1OC)CN(Cc1cc(F)cc(/C=N/O)c1O)CC2,3.1596
COc1cc(/C=N/O)c(O)c(CN2CCc3cc(OC)c(OC)cc3C2)c1,2.8595
COc1cc2c(cc1OC)C(c1ccccc1)N(Cc1cccc(/C=N/O)c1O)CC2,3.0420
COc1cc2c(cc1OC)C(c1ccccc1)N(Cc1ccc(O)c(/C=N/O)c1)CC2,3.2037
COc1cc2c(cc1OC)C(c1ccccc1)N(Cc1cc(C)cc(/C=N/O)c1O)CC2,2.9492
COc1cc2c(cc1OC)C(c1ccccc1)N(Cc1cc(Cl)cc(/C=N/O)c1O)CC2,2.9183
COc1cc2c(cc1OC)C(c1ccccc1)N(Cc1cc(Br)cc(/C=N/O)c1O)CC2,3.0478
COc1cc2c(cc1OC)C(c1ccccc1)N(Cc1cc(F)cc(/C=N/O)c1O)CC2,3.1222
COc1cc(/C=N/O)c(O)c(CN2CCc3cc(OC)c(OC)cc3C2c2ccccc2)c1,3.0403
COc1cc2c(cc1OC)CN(CC1CCN(Cc3cccc(/C=N/O)c3O)CC1)CC2,3.0956
COc1cc2c(cc1OC)CN(CC1CCN(Cc3ccc(O)c(/C=N/O)c3)CC1)CC2,3.4053
COc1cc2c(cc1OC)CN(CC1CCN(Cc3cc(C)cc(/C=N/O)c3O)CC1)CC2,4.5292
COc1cc2c(cc1OC)CN(CC1CCN(Cc3cc(Cl)cc(/C=N/O)c3O)CC1)CC2,3.5817
COc1cc2c(cc1OC)CN(CC1CCN(Cc3cc(Br)cc(/C=N/O)c3O)CC1)CC2,3.6904
COc1cc2c(cc1OC)CN(CC1CCN(Cc3cc(F)cc(/C=N/O)c3O)CC1)CC2,3.5719
COc1cc(/C=N/O)c(O)c(CN2CCC(CN3CCc4cc(OC)c(OC)cc4C3)CC2)c1,3.2907
COc1cc2c(cc1OC)C(c1ccccc1)N(CC1CCN(Cc3cccc(/C=N/O)c3O)CC1)CC2,3.1305
COc1cc2c(cc1OC)C(c1ccccc1)N(CC1CCN(Cc3ccc(O)c(/C=N/O)c3)CC1)CC2,3.6313
COc1cc2c(cc1OC)C(c1ccccc1)N(CC1CCN(Cc3cc(C)cc(/C=N/O)c3O)CC1)CC2,3.2801
COc1cc2c(cc1OC)C(c1ccccc1)N(CC1CCN(Cc3cc(Cl)cc(/C=N/O)c3O)CC1)CC2,3.0265
COc1cc2c(cc1OC)C(c1ccccc1)N(CC1CCN(Cc3cc(Br)cc(/C=N/O)c3O)CC1)CC2,3.0099
COc1cc2c(cc1OC)C(c1ccccc1)N(CC1CCN(Cc3cc(F)cc(/C=N/O)c3O)CC1)CC2,3.1646
COc1cc(/C=N/O)c(O)c(CN2CCC(CN3CCc4cc(OC)c(OC)cc4C3c3ccccc3)CC2)c1,3.2649
C[n+]1c2ccccc2c(-c2ccccc2)c2ccccc21.F[B-](F)(F)F,4.2125
Cc1ccc(-c2c3ccccc3[n+](C)c3ccccc23)cc1.F[B-](F)(F)F,4.3820
C[n+]1c2ccccc2c(-c2ccc(N)cc2)c2ccccc21.F[B-](F)(F)F,5.3466
CCN(CC)c1ccc(-c2c3ccccc3[n+](C)c3ccccc23)cc1.F[B-](F)(F)F,4.7390
C[n+]1c2ccccc2c(-c2ccc(NC(=O)C(F)(F)F)cc2)c2ccccc21.F[B-](F)(F)F,4.4377
CC(=O)Nc1ccc(-c2c3ccccc3[n+](C)c3ccccc23)cc1.F[B-](F)(F)F,4.2652
C[n+]1c2ccccc2c(-c2ccc(F)cc2)c2ccccc21.F[B-](F)(F)F,4.4908
COc1ccc(-c2c3ccccc3[n+](C)c3ccccc23)cc1.F[B-](F)(F)F,4.8633
Cc1cc(-c2c3ccccc3[n+](C)c3ccccc23)cc(C)c1O.F[B-](F)(F)F,4.3028
Cc1cc(-c2c3ccccc3[n+](C)c3ccccc23)cc(C)c1C.F[B-](F)(F)F,4.2211
C[n+]1c2ccccc2c(-c2cccs2)c2ccccc21.F[B-](F)(F)F,4.3883
CN1c2ccccc2C(N2CCOCC2)c2ccccc21,5.1535
CN1c2ccccc2C(N2CCSCC2)c2ccccc21,5.1770
CN1c2ccccc2C(n2cncn2)c2ccccc21,5.1010
CN1c2ccccc2C(n2cnc([N+](=O)[O-])n2)c2ccccc21,4.7773
CN1c2ccccc2C(n2nnc3ccccc32)c2ccccc21,5.0492
C[n+]1c2ccccc2c(N)c2ccccc21.F[B-](F)(F)F,4.4034
CCN(CCCN1C(=O)c2ccccc2C1=O)Cc1ccccc1OC,5.3468
C#CCN(CCCN1C(=O)c2ccccc2C1=O)Cc1ccccc1,5.9208
CCN(CCCCN1C(=O)c2ccccc2C1=O)Cc1ccccc1,6.1675
CCN(CCCCN1C(=O)c2ccccc2C1=O)Cc1ccccc1OC,6.5528
CCN(CCCCCCN1C(=O)c2ccccc2C1=O)Cc1ccccc1,5.4318
CCN(CCCCCCN1C(=O)c2ccccc2C1=O)Cc1ccccc1OC,6.2291
C#CCN[C@@H]1CCc2ccccc21,7.7212
CCn1c2ccccc2c2cc(/C=C/c3ccc4ccccc4[n+]3C)ccc21.[I-],6.5229
C[n+]1c(/C=C/c2cc3ccccc3[nH]2)ccc2ccccc21.[I-],6.1549
C[n+]1c(/C=C/c2ccc(N3CCOCC3)cc2)ccc2ccccc21.[I-],5.6198
COc1cc(/C=C/c2ccc3ccccc3[n+]2C)ccc1N1CCOCC1.[I-],5.7212
C[n+]1c(/C=C/c2ccccc2)ccc2ccccc21.[I-],5.3665
C[n+]1c(/C=C/c2ccc(O)cc2)ccc2ccccc21.[I-],5.7447
COc1cc(/C=C/c2ccc3ccccc3[n+]2C)cc(OC)c1O.[I-],5.7696
COc1cc(/C=C/c2ccc3ccccc3[n+]2C)cc(OC)c1OC.[I-],5.7959
COc1cc(/C=C/c2ccc3ccccc3[n+]2C)ccc1F.[I-],5.5528
CN(C)c1ccc(/C=C/c2ccc3ccccc3[n+]2C)cc1.[I-],6.3010
CCN(CC)c1ccc(/C=C/c2ccc3ccccc3[n+]2C)c(O)c1.[I-],5.8239
CCN(CC)c1ccc(/C=C/c2ccc3ccccc3[n+]2C)c(OC)c1.[I-],6.1549
CN1CCN(c2ccc(/C=C/c3ccc4ccccc4[n+]3C)cc2)CC1.[I-],5.8539
COc1cc(/C=C/c2ccc3ccccc3[n+]2C)ccc1N1CCN(C)CC1.[I-],5.6778
CCN(CC)c1ccc(/C=C/c2ccc3ccccc3[n+]2C)cc1.[I-],6.3979
CCN(CC)c1ccc(/C=C/c2ccc3ccccc3[n+]2C)c(Cl)c1.[I-],6.2218
C[n+]1c(/C=C/c2ccc(Cl)cc2)ccc2ccccc21.[I-],5.3565
C[n+]1c(/C=C/c2ccc(F)cc2)ccc2ccccc21.[I-],5.6198
CCN(CC)c1ccc(/C=C/c2ccc3ccccc3[n+]2C)c(OC)n1.[I-],6.0000
CN1CCN(c2ccc(/C=C/c3cc(N4CCN(C)CC4)c4ccccc4[n+]3C)cc2)CC1.[I-],5.6021
COc1cc(/C=C/c2cc(N3CCN(C)CC3)c3ccccc3[n+]2C)ccc1N1CCN(C)CC1.[I-],5.3768
C[n+]1c(/C=C/c2cc3ccccc3[nH]2)cc(N2CCOCC2)c2ccccc21.[I-],5.3565
CCn1c2ccccc2c2cc(/C=C/c3cc(N4CCOCC4)c4ccccc4[n+]3C)ccc21.[I-],5.6383
CCCCCCOC(=O)[C@@H](CCC(=O)NCCC1CCN(Cc2ccccc2)CC1)NC(=O)c1ccccc1,6.0506
CCOC(=O)CC[C@H](NC(=O)OCc1ccccc1)C(=O)NCCC1CCN(Cc2ccccc2)CC1,5.3019
CCOC(=O)CC[C@@H](NC(=O)OCc1ccccc1)C(=O)NCCC1CCN(Cc2ccccc2)CC1,5.5229
O=C(CC[C@H](NC(=O)c1ccccc1)C(=O)O)NCCC1CCN(Cc2ccccc2)CC1,6.1192
O=C(CC[C@@H](NC(=O)c1ccccc1)C(=O)O)NCCC1CCN(Cc2ccccc2)CC1,4.6990
O=C(CC[C@H](NC(=O)c1c[nH]c2ccccc12)C(=O)O)NCCC1CCN(Cc2ccccc2)CC1,5.1938
COc1ccc2cc(C(=O)N[C@@H](CCC(=O)NCCC3CCN(Cc4ccccc4)CC3)C(=O)O)ccc2c1,4.8182
CCOC(=O)[C@H](CCC(=O)NCCC1CCN(Cc2ccccc2)CC1)NC(=O)c1ccccc1,6.0706
CCOC(=O)[C@@H](CCC(=O)NCCC1CCN(Cc2ccccc2)CC1)NC(=O)c1ccccc1,6.3010
CCOC(=O)[C@H](CCC(=O)NCCC1CCN(Cc2ccccc2)CC1)NC(=O)c1c[nH]c2ccccc12,5.7212
CCCCCCOC(=O)[C@H](CCC(=O)NCCC1CCN(Cc2ccccc2)CC1)NC(=O)c1c[nH]c2ccccc12,5.5171
CCOC(=O)[C@H](CCC(=O)NCCC1CCN(Cc2ccccc2)CC1)NC(=O)c1ccc2cc(OC)ccc2c1,6.0506
CCN(CCCCNC(=O)COc1ccc(-c2cc(=O)c3c(OC)c(OC)c(OC)cc3o2)cc1)Cc1ccccc1OC,7.2007
CCN(CCCCCCNC(=O)COc1ccc(-c2cc(=O)c3c(OC)c(OC)c(OC)cc3o2)cc1)Cc1ccccc1OC,5.9031
CCN(CCCCNC(=O)COc1ccc(-c2cc(=O)c3c(O)c(OC)c(OC)cc3o2)cc1)Cc1ccccc1OC,7.4089
CCN(CCCCCCNC(=O)COc1ccc(-c2cc(=O)c3c(O)c(OC)c(OC)cc3o2)cc1)Cc1ccccc1OC,5.8633
Cc1ccc2c(c1)C(=O)C(=O)N2C(=O)N(C)C,6.8401
Cc1ccc2c(c1)C(=O)C(=O)N2Cc1ccccc1[N+](=O)[O-],6.7001
Cc1ccc2c(c1)C(=O)C(=O)N2Cc1ccc(Br)cc1,6.6900
O=C1C(=O)N(Cc2ccc(Br)cc2)c2ccc(Br)cc21,7.0500
O=C1C(=O)N(Cc2ccccc2[N+](=O)[O-])c2ccc(Br)cc21,6.5800
COc1ccc(NCc2ccc3c(c2)C(=O)C(=O)N3C(=O)c2ccccc2)cc1,6.7701
O=C1C(=O)N(C(=O)c2ccccc2)c2ccc(CNc3ccc(Br)cc3)cc21,6.4000
O=C1C(=O)N(C(=O)c2ccccc2)c2ccc(CN3CCCCC3)cc21,7.1000
CN1CCN(Cc2ccc3c(c2)C(=O)C(=O)N3C(=O)c2ccccc2)CC1,7.3200
CCN(CC)Cc1ccc(NC(=O)c2ccccc2)c(C(=O)C(=O)N(CC)CC)c1,7.3500
O=C(Nc1ccc(CN2CCOCC2)cc1C(=O)C(=O)N1C(=O)CCC1=O)c1ccccc1,6.6400
C=C(C)[C@H](O)CC[C@]1(C)[C@@H](CC=C(C)C)C[C@@]2(CC=C(C)C)C(=O)[C@]1(C(=O)C(C)C)C(=O)C1=C2O[C@H](C(C)(C)O)C1,4.5779
C=C(C)[C@H](O)CC[C@]1(C)[C@@H](CC=C(C)C)C[C@@]2(CC=C(C)C)C(=O)[C@]1(C(=O)C(C)C)C(=O)C1=C2O[C@@H](C(C)(C)O)C1,4.6008
CC(C)=CC[C@H]1C[C@@]2(CC=C(C)C)C(=O)[C@](C(=O)C(C)C)(C(=O)C3=C2O[C@H](C(C)(C)O)C3)[C@]1(C)CCC(=O)C(C)C,4.9634
CC(C)=CCC1=C2O[C@H](C(C)(C)O)C[C@@]23C[C@H](CC=C(C)C)[C@@](C)(CCC(=O)C(C)C)[C@@](C(=O)C(C)C)(C1=O)C3=O,4.6151
CC(=O)[C@@]12C(=O)C(CC=C(C)C)=C3O[C@H](C(C)(C)O)C[C@]3(C[C@H](CC=C(C)C)[C@@]1(C)CCC=C(C)C)C2=O,5.0580
C=C(C)[C@@H](O)CC[C@]1(C)[C@@H](CC=C(C)C)C[C@]23C[C@@H](C(C)(C)O)OC2=C(CC=C(C)C)C(=O)[C@@]1(C(=O)C(C)C)C3=O,5.0395
COC(C)(C)/C=C/C[C@]1(C)[C@@H](CC=C(C)C)C[C@]2(CC=C(C)C)C(=O)C3=C(O[C@H](C(C)(C)O)C3)[C@@]1(C(=O)C(C)C)C2=O,5.4001
COC(C)(C)/C=C/C[C@]1(C)[C@@H](CC=C(C)C)C[C@]2(CC=C(C)C)C(=O)C3=C(O[C@@H](C(C)(C)O)C3)[C@@]1(C(=O)C(C)C)C2=O,5.1445
CC(C)=CCC[C@]1(C)[C@@H](CC=C(C)C)C[C@]2(CC=C(C)C)C(=O)C3=C(O[C@@H](C(C)(C)O)[C@@H]3O)[C@@]1(C(=O)C(C)C)C2=O,4.9014
CC(C)=CCC[C@]1(C)[C@@H](CC=C(C)C)C[C@]2(CC=C(C)C)C(=O)C3=C(O[C@H](C(C)(C)O)[C@H]3O)[C@@]1(C(=O)C(C)C)C2=O,5.0540
C=C(C)[C@H](O)CC[C@]1(C)[C@@H](CC=C(C)C)C[C@]2(CC=C(C)C)C(=O)C3=C(O[C@H](C(C)(C)O)C3)[C@@]1(C(=O)C(C)C)C2=O,4.7077
C=C(C)[C@@H](O)CC[C@]1(C)[C@@H](CC=C(C)C)C[C@]2(CC=C(C)C)C(=O)C3=C(O[C@H](C(C)(C)O)C3)[C@@]1(C(=O)C(C)C)C2=O,4.9698
CC(C)=CCC[C@]1(C)[C@@H](CC=C(C)C)C[C@@]2(CC=C(C)C)C(=O)[C@]1(C(=O)C(C)C)C(=O)C1=C2O[C@@H](C(C)(C)O)[C@@H]1O,4.9485
CC(C)=CCC[C@]1(C)[C@@H](CC=C(C)C)C[C@@]2(CC=C(C)C)C(=O)[C@]1(C(=O)C(C)C)C(=O)C1=C2O[C@H](C(C)(C)O)[C@H]1O,4.7317
O=C(Cc1cc(=O)oc2cc(O)ccc12)NCCCCCCCNC(=O)c1cccc2c(=O)c3ccccc3[nH]c12,5.2328
O=C1SCc2ccccc21,4.2233
O=C1SCc2cccc([N+](=O)[O-])c21,4.9281
COc1cc2c(cc1OC)C(=O)/C(=C/C1CCN(Cc3cc(N=[N+]=[N-])c4ccccc4n3)CC1)C2,5.3116
COc1cc2c(cc1OC)C(=O)/C(=C/C1CCN(Cc3cc(N)c4ccccc4n3)CC1)C2,7.8539
COc1cc2c(cc1OC)C(=O)C(CC1CCN(Cc3cc(N)c4ccccc4n3)CC1)C2,6.1487
COc1cc2c(cc1OC)C(=O)C(CC1CCN(CCCNc3c4c(nc5cc(Cl)ccc35)CCCC4)CC1)C2,9.5686
COc1ccc2c3c1O[C@H]1C[C@H](O)CC[C@@]31CCN(C)C2,4.2373
COc1ccc2c3c1O[C@H]1C[C@@H](O)CC[C@@]31CCN(C)C2,4.6975
COc1cc2c(cc1O)[C@@H]1[C@H](O)[C@@H](O)C=C3CCN(C2)[C@H]31,3.7267
COc1cc2c(cc1OC)[C@@H]1[C@H](O)[C@@H](OC)C=C3CCN(C2)[C@H]31,5.2147
COc1cc2c3c(c1)c1cc(=O)c(OC)cc-1cn3CC2,4.4484
CO[C@@H]1C=C[C@@]23c4cc5c(cc4C[N@@+]([O-])(CCO)[C@@H]2C(=O)N(C)[C@H]3C1)OCO5,3.8991
O=C(NCCCCCCNCc1ccc2ccccc2c1)c1cc(Cl)nc(Cl)c1,4.0013
O=C(NCCCCCCNCc1c[nH]c2ccccc12)c1cc(Cl)nc(Cl)c1,5.0531
COc1ccccc1CNCCCCCCNC(=O)c1cc(Cl)nc(Cl)c1,5.0809
O=C(NCCCCCCNCc1ccccc1)c1cc(Cl)nc(Cl)c1,5.4989
O=C(Nc1ccncc1Br)OCCCCCNCc1ccccc1,5.3936
O=C(Nc1cc(Cl)nc(Cl)c1)OCCCCCNCc1c[nH]c2ccccc12,6.1884
COc1ccccc1CNCCCCCOC(=O)Nc1cc(Cl)nc(Cl)c1,5.2104
O=C(Nc1cc(Cl)nc(Cl)c1)OCCCCCCNCc1ccccc1,6.1198
O=C(Nc1cc(Cl)nc(Cl)c1)OCCCCCNCc1ccccc1,6.8153
C#CCN(C)Cc1cc2cc(OCCCN3CCCCC3)ccc2n1C,6.2757
O=C(O)C(F)(F)F.O=C1CC[C@@]2(C=CNC3=C2C2=NCCc4c[nH]c(c42)C3=O)C=C1Br,4.0929
O=C(O)C(F)(F)F.O=C1C2=C(C3=NCCc4c[nH]c1c43)C1(C=CN2)C=C(Br)C(O)C(Br)=C1,3.9135
O=C(O)C(F)(F)F.O=C1C=C2S[C@H]3C[C@]2(C=C1Br)C1=C(N3)C(=O)c2[nH]cc3c2C1=NCC3,4.4742
O=C([O-])C(F)(F)F.O=C1C2=C3C4=[N+](CCc5c[nH]c1c54)[C@@H]1C(=O)C=C4S[C@@H](C[C@@]43[C@H]1O)N2,3.8013
CNC(=O)Oc1ccc2c(c1)[C@]1(C)CCN[C@@H]1N2.O=C(O)c1ccccc1O,6.1736
COC1c2c(ccc3c2OCO3)-c2ccc3cc4c(cc3c2N1C)OCO4,4.0141
CC1(c2nccc3cc4c(cc23)OCO4)OC(O)c2c1ccc1c2OCO1,4.9303
CO[C@H]1O[C@@](C)(c2nccc3cc4c(cc23)OCO4)c2ccc3c(c21)OCO3,4.5482
c1cc2cc3c(cc2c([C@H]2Oc4ccc5c(c4O2)OCO5)n1)OCO3,4.1073
COc1ccc(C(=O)CCc2cc[n+](Cc3cccc(F)c3)cc2C#N)cc1OC.[Br-],7.9586
COc1ccc(C(=O)CCc2cc[n+](Cc3ccccc3C(F)(F)F)cc2C#N)cc1OC.[Br-],6.5607
COc1ccc(C(=O)CCc2cc[n+](Cc3cccc(Cl)c3)cc2C#N)cc1OC.[Br-],7.6536
COc1ccc2c(c1)CCC(Cc1cc[n+](Cc3ccccc3C)cc1C(F)(F)F)C2=O,6.6155
COc1ccc2c(c1)CCC(Cc1cc[n+](Cc3ccccc3Cl)cc1C(N)=O)C2=O.[Br-],6.4216
COc1ccc2c(c1)CCC(Cc1cc[n+](Cc3ccccc3C)cc1C(N)=O)C2=O.[Br-],6.0488
COc1cc2c(cc1OC)C(=O)C(Cc1cc[n+](Cc3nc4ccccc4o3)cc1C(N)=O)C2.[Br-],5.0331
COc1cc2c(cc1OC)C(=O)C(Cc1cc[n+](Cc3cccc(C)n3)cc1C(N)=O)C2.[Br-],5.7303
COc1cc2c(cc1OC)C(=O)C(Cc1cc[n+](CCc3ccccc3)cc1C(N)=O)C2.[Br-],6.0477
COC(=O)c1ccccc1C[n+]1ccc(CC2Cc3cc(OC)c(OC)cc3C2=O)c(C(=O)Oc2c(Cl)cc(Cl)cc2Cl)c1.[Br-],7.1593
COc1ccc(C(=O)CCc2cc[n+](Cc3cccc(Cl)c3)cc2C(=O)O)cc1OC.[Br-],7.7423
COc1ccc(C(=O)CCc2cc[n+](Cc3cccc(Cl)c3)cc2C(C)=O)cc1OC.[Br-],6.8431
COc1ccc2c(c1)CCC(Cc1cc[n+](CC3CCCCC3)cc1C(C)=O)C2=O.[I-],6.6778
COc1ccc2c(c1)CCC(Cc1cc[n+](Cc3ccc(C)cc3)cc1C(C)=O)C2=O.[Br-],6.2549
COc1ccc2c(c1)CCC(Cc1cc[n+](Cc3ccc(Cl)cc3)cc1C(C)=O)C2=O.[Br-],6.2457
COc1ccc2c(c1)CCC(Cc1cc[n+](Cc3cccc(C(F)(F)F)c3)cc1C(C)=O)C2=O.[Br-],6.5122
COc1ccc2c(c1)CCC(Cc1cc[n+](Cc3cccc(C)c3)cc1C(C)=O)C2=O.[Br-],6.9566
COc1ccc2c(c1)CCC(Cc1cc[n+](Cc3ccccc3C)cc1C(C)=O)C2=O.[Br-],8.0000
COc1ccc2c(c1)CCC(Cc1cc[n+](Cc3cccc(F)c3)cc1C(C)=O)C2=O.[Br-],7.2557
COc1ccc2c(c1)CCC(Cc1cc[n+](Cc3ccccc3F)cc1C(C)=O)C2=O.[Br-],7.3665
COc1ccc2c(c1)CCC(Cc1cc[n+](Cc3ccccc3Cl)cc1C(C)=O)C2=O.[Br-],7.5302
COc1ccc2c(c1)CCC(Cc1cc[n+](Cc3cccc(Cl)c3)cc1C(C)=O)C2=O.[Br-],7.1487
COc1cc2c(cc1OC)C(=O)C(Cc1cc[n+](Cc3ccccc3)cc1C(C)=O)CC2.[Br-],7.6198
COc1cc2c(cc1OC)C(=O)C(Cc1cc[n+](Cc3cccc(Cl)c3)cc1C(C)=O)CC2.[Br-],7.6778
CC(=O)c1c[n+](Cc2cccc(Cl)c2)ccc1CC1Cc2cc(O)ccc2C1=O.[Br-],6.9337
COc1cc2c(cc1O)C(=O)C(Cc1cc[n+](Cc3cccc(Cl)c3)cc1C(C)=O)C2,8.5686
CC(=O)c1c[n+](Cc2ccccc2C)ccc1CC1Cc2cc(OCC(F)(F)F)ccc2C1=O.[Br-],7.4306
COc1ccc2c(c1)CCC(Cc1cc[n+](Cc3cccc(C)c3)cc1Br)C2=O.[Br-],7.7825
COc1cc2c(cc1OC)C(=O)C(Cc1cc[n+](Cc3ccccc3)cc1Br)C2.[Br-],9.4437
COC(=O)c1c[n+](Cc2cccc(Cl)c2)ccc1CCC(=O)c1ccc(OC)c(OC)c1.[Br-],6.7670
COc1ccc(C(=O)CCC2C=CN(Cc3cccc(Cl)c3)C=C2C#N)cc1OC,6.0348
COc1cc2c(cc1OC)C(=O)C(CC1C=CN(Cc3ccccc3)C=C1C(C)=O)CC2,6.4628
COc1cc2c(cc1OC)C(=O)C(CC1C=CN(Cc3cccc(Cl)c3)C=C1C(N)=O)C2,4.9210
Cc1cc(=O)oc2cc(OCCCCSC(=S)N3CCCCC3)ccc12,7.4994
Cc1cc(=O)oc2cc(OCCCCCCSC(=S)N3CCCCC3)ccc12,6.2147
Cc1cc(=O)oc2cc(OCCCCCSC(=S)N3CCCCC3)ccc12,6.6778
Cc1cc(=O)oc2cc(OCCCSC(=S)N3CCCCC3)ccc12,6.5376
Cc1cc(=O)oc2cc(OCCSC(=S)N3CCC(N4CCCCC4)CC3)ccc12,5.9355
Cc1cc(=O)oc2cc(OCCSC(=S)N3CCN(C(C)C)CC3)ccc12,5.7011
Cc1cc(=O)oc2cc(OCCSC(=S)N3CCCCC3)ccc12,6.3279
Cc1cc(=O)oc2cc(OCCSC(=S)N3CCCC3)ccc12,6.0506
CCN(CC)C(=S)SCCOc1ccc2c(C)cc(=O)oc2c1,5.7122
Cc1cc(=O)oc2cc(OCCSC(=S)N(C)C)ccc12,4.9751
c1ccc2c(c1)CN[C@@H](CN(CC[C@H]1CCCNC1)[C@H]1CCCc3cccnc31)C2,4.9706
Oc1ccc(-c2oc3cc(O)c4c5c3c2-c2cc(O)cc(O)c2[C@H](c2ccc(O)cc2)[C@@H]5[C@H](c2ccc(O)cc2)[C@@H]4c2cc(O)cc(O)c2)cc1,5.0757
CN(C)C(=O)Oc1cccc2c1cc(C(=O)N(C)C)c[n+]2C.[I-],6.8125
CC(C)NC(=O)c1cc2c(OC(=O)N(C)C)cccc2[n+](C)c1.[I-],7.2366
COCCNC(=O)c1cc2c(OC(=O)N(C)C)cccc2[n+](C)c1.[I-],7.6990
CN(C)C(=O)Oc1cccc2c1cc(C(=O)Nc1ccccc1)c[n+]2C.[I-],7.5229
COC(=O)CNC(=O)c1cc2c(OC(=O)N(C)C)cccc2[n+](C)c1.[I-],7.0315
CN(C)C(=O)Oc1cccc2c1cc(C(=O)NC1CCCCC1)c[n+]2C.[I-],7.6990
CNC(=O)c1cc2c(OC(=O)N(C)C)cccc2[n+](C)c1.[I-],7.1135
CC[n+]1cc(C(=O)NC)cc2c(OC(=O)N(C)C)cccc21.[I-],6.5031
CNC(=O)c1cc2c(OC(=O)N(C)C)cccc2[n+](Cc2ccccc2)c1.[Br-],5.9355
COC(=O)c1cc2c(OC(=O)N(C)C)cccc2[n+](C)c1.[I-],7.6990
CN(C)C(=O)Oc1cccc2c1cc(C(=O)NCCOCCO)c[n+]2C.COS(=O)(=O)[O-],7.4318
CN(C)C(=O)Oc1cccc2c1cc(C(=O)NCCOCCOCCN1C(=O)c3ccccc3C1=O)c[n+]2C.O=S(=O)([O-])C(F)(F)F,8.2218
Nc1c2c(nc3c1C(c1ccccc1)NC(=S)N3)CCCC2,4.9666
Cc1ccc(C2NC(=S)Nc3nc4c(c(N)c32)CCCC4)cc1,4.6234
Cc1cccc(C2NC(=S)Nc3nc4c(c(N)c32)CCCC4)c1,4.9957
COc1ccc(C2NC(=S)Nc3nc4c(c(N)c32)CCCC4)cc1,5.1169
COc1cccc(C2NC(=S)Nc3nc4c(c(N)c32)CCCC4)c1,5.4634
COc1ccccc1C1NC(=S)Nc2nc3c(c(N)c21)CCCC3,4.5058
Nc1c2c(nc3c1C(c1ccc4c(c1)OCO4)NC(=S)N3)CCCC2,5.0872
CN(C)c1ccc(C2NC(=S)Nc3nc4c(c(N)c32)CCCC4)cc1,4.6180
Nc1c2c(nc3c1C(c1ccc(F)cc1)NC(=S)N3)CCCC2,4.5086
Nc1c2c(nc3c1C(c1ccc(Cl)cc1)NC(=S)N3)CCCC2,5.2774
Nc1c2c(nc3c1C(c1cccc(Br)c1)NC(=S)N3)CCCC2,7.1305
Nc1c2c(nc3c1C(c1cccc([N+](=O)[O-])c1)NC(=S)N3)CCCC2,4.5258
O=C(Nc1ccc2c(c1)CN(C(=O)c1ccccc1)C(=O)C2)c1ccccc1,9.2924
O=C(Nc1ccc2c(c1)CN(C(=O)c1cccc(Cl)c1)C(=O)C2)c1ccccc1,10.5473
Cc1cccc(C(=O)N2Cc3cc(NC(=O)c4ccccc4)ccc3CC2=O)c1,10.5815
COc1ccccc1C(=O)N1Cc2cc(NC(=O)c3ccccc3)ccc2CC1=O,10.7228
O=C(Nc1ccc2c(c1)CN(C(=O)c1ccccc1)C(=O)C2)c1cccc(Cl)c1,10.8784
O=C(Nc1ccc2c(c1)CN(C(=O)c1cccc(Cl)c1)C(=O)C2)c1cccc(Cl)c1,10.8492
Cc1cccc(C(=O)N2Cc3cc(NC(=O)c4cccc(Cl)c4)ccc3CC2=O)c1,10.8413
COc1ccccc1C(=O)N1Cc2cc(NC(=O)c3cccc(Cl)c3)ccc2CC1=O,10.9606
Cc1cccc(C(=O)Nc2ccc3c(c2)CN(C(=O)c2cccc(Cl)c2)C(=O)C3)c1,10.6790
Cc1cccc(C(=O)Nc2ccc3c(c2)CN(C(=O)c2cccc(C)c2)C(=O)C3)c1,10.8690
COc1ccccc1C(=O)Nc1ccc2c(c1)CN(C(=O)c1ccccc1)C(=O)C2,10.5319
COc1ccccc1C(=O)Nc1ccc2c(c1)CN(C(=O)c1cccc(Cl)c1)C(=O)C2,10.7768
COc1ccccc1C(=O)Nc1ccc2c(c1)CN(C(=O)c1cccc(C)c1)C(=O)C2,10.5864
COc1ccccc1C(=O)Nc1ccc2c(c1)CN(C(=O)c1ccccc1OC)C(=O)C2,10.6659
c1ccc2c(NCCCCC[Se][Se]CCCCCNc3c4c(nc5ccccc35)CCCC4)c3c(nc2c1)CCCC3,8.5784
c1ccc2c(NCCCCCSSCCCCCNc3c4c(nc5ccccc35)CCCC4)c3c(nc2c1)CCCC3,8.7905
c1ccc2c(NCCCCC[Se]CCCCCNc3c4c(nc5ccccc35)CCCC4)c3c(nc2c1)CCCC3,8.6478
Cc1cc(=O)oc2cc(OCc3cc[n+](Cc4ccccc4)cc3)ccc12.[Br-],6.4535
Cc1cc(=O)oc2cc(OCc3cc[n+](Cc4ccccc4F)cc3)ccc12.[Br-],7.1851
Cc1cc(=O)oc2cc(OCc3cc[n+](Cc4cccc(F)c4)cc3)ccc12.[Br-],7.3809
Cc1cc(=O)oc2cc(OCc3cc[n+](Cc4ccc(F)cc4)cc3)ccc12.[Br-],7.4330
Cc1ccccc1C[n+]1ccc(COc2ccc3c(C)cc(=O)oc3c2)cc1.[Br-],7.4510
Cc1cccc(C[n+]2ccc(COc3ccc4c(C)cc(=O)oc4c3)cc2)c1.[Br-],7.0778
Cc1ccc(C[n+]2ccc(COc3ccc4c(C)cc(=O)oc4c3)cc2)cc1.[Br-],6.6021
Cc1cc(=O)oc2cc(OCc3cc[n+](Cc4ccccc4Br)cc3)ccc12.[Br-],7.1073
Cc1cc(=O)oc2cc(OCc3cc[n+](Cc4cccc(Br)c4)cc3)ccc12.[Br-],6.8908
Cc1cc(=O)oc2cc(OCc3cc[n+](Cc4ccc(Br)cc4)cc3)ccc12.[Br-],6.6625
Cc1cc(=O)oc2cc(OCc3cc[n+](Cc4cccc([N+](=O)[O-])c4)cc3)ccc12.[Br-],6.6383
Cc1cc(=O)oc2cc(OCc3cc[n+](Cc4ccc([N+](=O)[O-])cc4)cc3)ccc12.[Br-],5.9678
CN(Cc1ccccc1)Cc1ccc(NC(=O)Cc2ccccc2)cc1,5.2366
CN(Cc1ccccc1)Cc1ccc(NC(=O)Cc2ccc(O)cc2)cc1,5.4895
CCN(Cc1ccccc1)Cc1ccc(NC(=O)Cc2ccc(O)cc2)cc1,5.1871
CN(Cc1ccccc1)Cc1ccc(NC(=O)Cc2ccc(O)c(O)c2)cc1,5.3344
CCN(Cc1ccccc1)Cc1ccc(NC(=O)Cc2ccc(O)c(O)c2)cc1,5.1391
COc1ccc(CC(=O)Nc2ccc(CN(C)Cc3ccccc3)cc2)cc1O,5.5171
CCN(Cc1ccccc1)Cc1ccc(NC(=O)Cc2ccc(OC)c(O)c2)cc1,5.5591
COc1ccc(CC(=O)Nc2ccc(CN(C)Cc3ccccc3)cc2)cc1OC,5.7328
CCN(Cc1ccccc1)Cc1ccc(NC(=O)Cc2ccc(OC)c(OC)c2)cc1,5.4921
CN(Cc1ccccc1)Cc1ccc(NC(=O)/C=C/c2ccc(O)c(O)c2)cc1,5.2660
COc1cc(/C=C/C(=O)Nc2ccc(CN(C)Cc3ccccc3)cc2)ccc1O,5.0799
N#Cc1ccccc1CNCC(=O)Nc1ccc2nc3n(c(=O)c2c1)CCC3,7.7747
O=C(CNCc1ccccc1[N+](=O)[O-])Nc1ccc2nc3n(c(=O)c2c1)CCC3,7.5129
O=C(CNCc1cc(F)cc(F)c1)Nc1ccc2nc3n(c(=O)c2c1)CCC3,8.0066
O=C(CNCc1ccccc1F)Nc1ccc2nc3n(c(=O)c2c1)CCC3,6.2774
Cc1ccccc1CNCC(=O)Nc1ccc2nc3n(c(=O)c2c1)CCC3,6.9245
O=C(CNCCCc1ccccc1)Nc1ccc2nc3n(c(=O)c2c1)CCC3,8.3883
O=C(CNCc1ccccc1)Nc1ccc2nc3n(c(=O)c2c1)CCC3,6.6364
C#CCNCC(=O)Nc1ccc2nc3n(c(=O)c2c1)CCC3,7.3335
CC(C)=CCNCC(=O)Nc1ccc2nc3n(c(=O)c2c1)CCC3,7.5867
C=CCCNCC(=O)Nc1ccc2nc3n(c(=O)c2c1)CCC3,7.8761
C=CCNCC(=O)Nc1ccc2nc3n(c(=O)c2c1)CCC3,7.1765
CCCCCCCCCCCCCCCCNCC(=O)Nc1ccc2nc3n(c(=O)c2c1)CCC3,8.2749
CCCCCCCCCCCCNCC(=O)Nc1ccc2nc3n(c(=O)c2c1)CCC3,7.4353
CCCCCCCCCCNCC(=O)Nc1ccc2nc3n(c(=O)c2c1)CCC3,7.6180
CCCCCCCCNCC(=O)Nc1ccc2nc3n(c(=O)c2c1)CCC3,7.9747
CCCCCCNCC(=O)Nc1ccc2nc3n(c(=O)c2c1)CCC3,7.5969
CCCCNCC(=O)Nc1ccc2nc3n(c(=O)c2c1)CCC3,7.6737
CCCNCC(=O)Nc1ccc2nc3n(c(=O)c2c1)CCC3,6.5086
CCNCC(=O)Nc1ccc2nc3n(c(=O)c2c1)CCC3,6.2541
COc1cc(/C=C/C(=O)NCCCCCCNc2c3c(nc4ccccc24)CCCC3)cc(OC)c1OCc1nc(C)c(C)nc1C,6.9650
COc1cc(/C=C/C(=O)NCCCCCCNc2c3c(nc4ccccc24)CCCC3)cc(OC)c1O,7.1858
COc1ccc(Cn2cc(C(=O)NCCCCCCCCNc3c4c(nc5cc(Cl)ccc35)CCCC4)c(=O)c3ccccc32)cc1,6.9245
COc1ccc(Cn2cc(C(=O)NCCCCCCCNc3c4c(nc5cc(Cl)ccc35)CCCC4)c(=O)c3ccccc32)cc1,7.2865
COc1ccc(Cn2cc(C(=O)NCCCCCCNc3c4c(nc5cc(Cl)ccc35)CCCC4)c(=O)c3ccccc32)cc1,7.0264
COc1ccc(Cn2cc(C(=O)NCCCCCNc3c4c(nc5cc(Cl)ccc35)CCCC4)c(=O)c3ccccc32)cc1,6.7447
COc1ccc(Cn2cc(C(=O)NCCCCNc3c4c(nc5cc(Cl)ccc35)CCCC4)c(=O)c3ccccc32)cc1,7.0477
COc1ccc(Cn2cc(C(=O)NCCCNc3c4c(nc5cc(Cl)ccc35)CCCC4)c(=O)c3ccccc32)cc1,8.4841
COc1ccc(Cn2cc(C(=O)NCCNc3c4c(nc5cc(Cl)ccc35)CCCC4)c(=O)c3ccccc32)cc1,7.1278
COc1ccc(Cn2cc(C(=O)NCCCCCCCCNc3c4c(nc5ccccc35)CCCC4)c(=O)c3ccccc32)cc1,6.1146
COc1ccc(Cn2cc(C(=O)NCCCCCCCNc3c4c(nc5ccccc35)CCCC4)c(=O)c3ccccc32)cc1,6.7122
COc1ccc(Cn2cc(C(=O)NCCCCCCNc3c4c(nc5ccccc35)CCCC4)c(=O)c3ccccc32)cc1,6.7122
COc1ccc(Cn2cc(C(=O)NCCCCCNc3c4c(nc5ccccc35)CCCC4)c(=O)c3ccccc32)cc1,6.5331
COc1ccc(Cn2cc(C(=O)NCCCCNc3c4c(nc5ccccc35)CCCC4)c(=O)c3ccccc32)cc1,6.3089
COc1ccc(Cn2cc(C(=O)NCCCNc3c4c(nc5ccccc35)CCCC4)c(=O)c3ccccc32)cc1,6.8894
COc1ccc(Cn2cc(C(=O)NCCNc3c4c(nc5ccccc35)CCCC4)c(=O)c3ccccc32)cc1,6.7282
COc1ccc(Cn2cc(C(=O)NCCCCCCCCNc3c4c(nc5ccc(OC)cc35)CCCC4)c(=O)c3ccccc32)cc1,4.1290
COc1ccc(Cn2cc(C(=O)NCCCCCCCNc3c4c(nc5ccc(OC)cc35)CCCC4)c(=O)c3ccccc32)cc1,5.8153
COc1ccc(Cn2cc(C(=O)NCCCCCCNc3c4c(nc5ccc(OC)cc35)CCCC4)c(=O)c3ccccc32)cc1,5.0000
COc1ccc(Cn2cc(C(=O)NCCCCCNc3c4c(nc5ccc(OC)cc35)CCCC4)c(=O)c3ccccc32)cc1,5.0958
COc1ccc(Cn2cc(C(=O)NCCCCNc3c4c(nc5ccc(OC)cc35)CCCC4)c(=O)c3ccccc32)cc1,5.0223
COc1ccc(Cn2cc(C(=O)NCCCNc3c4c(nc5ccc(OC)cc35)CCCC4)c(=O)c3ccccc32)cc1,5.6498
COc1ccc(Cn2cc(C(=O)NCCNc3c4c(nc5ccc(OC)cc35)CCCC4)c(=O)c3ccccc32)cc1,5.5784
O/N=C/c1ccccn1,3.3979
O/N=C/c1nc(CCCCNc2c3c(nc4ccc(Cl)cc24)CCCC3)ccc1O,4.9830
CC(=O)OC(C)(C)/C=C/C(=O)[C@](C)(O)[C@H]1[C@H](O)C[C@@]2(C)[C@@H]3CC=C(C(C)(C)C(=O)O)/C(=C\C(=O)O)[C@]3(C)C(=O)C[C@]12C,5.5086
CC(=O)OC(C)(C)/C=C/C(=O)[C@](C)(O)[C@H]1[C@H](O)C[C@@]2(C)[C@@H]3CC=C(C(C)(C)C(=O)O)C4=CC(=O)O[C@](O)(C[C@]12C)[C@@]43C,5.5850
COc1cc2nc(N(C)CCCNC(=O)C3CCCO3)nc(N)c2cc1OC,7.7447
CCCCOc1ccc(C(=O)CCN2CCCCC2)cc1,6.7423
CCc1nn(CCCN2CCN(c3cccc(Cl)c3)CC2)c(=O)n1CCOc1ccccc1,5.9842
COc1ccc2c(c1)C/C(=C/C1CCN(Cc3ccccc3)CC1)C2=O,7.3556
COc1ccc2c(c1)C/C(=C/c1ccccc1-c1ccccc1)C2=O,7.5258
COc1ccc(-c2ccccc2/C=C2/Cc3cc(OC)ccc3C2=O)cc1,7.6737
COc1ccc2c(c1)C/C(=C/c1ccccc1-c1ccc3ccccc3c1)C2=O,7.4895
COc1ccc2c(c1)C/C(=C/c1ccccc1-c1ccc3nc(N)ccc3c1)C2=O,7.8327
O=C(CCCc1c[nH]c2ccccc12)NCCC1CCN(Cc2ccccc2)CC1,5.8996
O=C(Cc1c[nH]c2ccc(Br)cc12)NCCC1CCN(Cc2ccccc2)CC1,5.8508
Cc1[nH]c2ccccc2c1CC(=O)NCCC1CCN(Cc2ccccc2)CC1,5.1385
Cn1cc(C(=O)NCCC2CCN(Cc3ccccc3)CC2)c2ccccc21,5.2140
Cn1cc(CC(=O)NCCC2CCN(Cc3ccccc3)CC2)c2ccccc21,5.8477
O=C(Cc1c[nH]c2ccccc12)NCCC1CCN(Cc2ccccc2)CC1,5.4498
COc1ccc2nc3c(c(NCCCNC(=O)c4sc(-c5ccnc(NC(=O)C6CC6)c5)nc4OC)c2c1)CCCC3,7.4202
COc1ccc2nc3c(c(NCCNC(=O)c4sc(-c5ccnc(NC(=O)C6CC6)c5)nc4OC)c2c1)CCCC3,7.6383
COc1nc(-c2ccnc(NC(=O)C3CC3)c2)sc1C(=O)NCCCNc1c2c(nc3cc(Cl)ccc13)CCCC2,8.4437
COc1nc(-c2ccnc(NC(=O)C3CC3)c2)sc1C(=O)NCCNc1c2c(nc3cc(Cl)ccc13)CCCC2,8.6778
COc1nc(-c2ccnc(NC(=O)C3CC3)c2)sc1C(=O)NCCCCCCNc1c2c(nc3ccccc13)CCCC2,7.6576
COc1nc(-c2ccnc(NC(=O)C3CC3)c2)sc1C(=O)NCCCNc1c2c(nc3ccccc13)CCCC2,8.1938
COc1nc(-c2ccnc(NC(=O)C3CC3)c2)sc1C(=O)NCCNc1c2c(nc3ccccc13)CCCC2,8.1972
COC(=O)c1sc(-c2ccnc(NC(=O)C3CC3)c2)nc1OCCNc1c2c(nc3ccccc13)CCCC2,6.8861
NC(=O)c1sc(-c2ccnc(NC(=O)C3CC3)c2)nc1OCCNc1c2c(nc3ccccc13)CCCC2,6.5229
O=C(O)c1sc(-c2ccnc(NC(=O)C3CC3)c2)nc1OCCNc1c2c(nc3ccccc13)CCCC2,6.2366
CCOC(=O)c1sc(-c2ccnc(NC(=O)C3CC3)c2)nc1OCCNc1c2c(nc3ccccc13)CCCC2,6.5086
C[C@@H]1C[C@H]2CC(=O)[C@H]3CCC[N+]4([O-])CCC[C@]2(O)[C@]34C1,6.2291
C[N+](C)(CC#CCOC1=NOCC1)CCCCCCCCCCNc1c2c(nc3ccccc13)CCCC2.[Br-],8.7501
C[N+](C)(CC#CCOC1=NOCC1)CCCCCCCNc1c2c(nc3ccccc13)CCCC2.[Br-],8.7001
CC(C)(CN1C(=O)c2cccc3cccc(c23)C1=O)C[N+](C)(C)CCCCCCCCCC[N+](C)(C)CC#CCOC1=NOCC1.[Br-].[Br-],5.9700
C[N+](C)(CC#CCOC1=NOCC1)CCCCCCCCCC[N+](C)(C)CCCN1C(=O)c2ccccc2C1=O.[Br-].[Br-],4.8800
Fc1ccc2c(C3CCN(CCN4CCCC4)CC3)noc2c1,5.4828
Fc1ccc2c(C3CCN(CCN4CCCCC4)CC3)noc2c1,5.6536
NC(=O)c1cc[n+](CCC[n+]2ccc(/C=N/O)c(Cl)c2)cc1.[Br-].[Br-],4.3768
NC(=O)c1cc[n+](CCCC[n+]2ccc(/C=N/O)c(Cl)c2)cc1.[Br-].[Br-],4.4437
NC(=O)c1cc[n+](C/C=C/C[n+]2ccc(/C=N/O)c(Cl)c2)cc1.[Br-].[Br-],4.6198
NC(=O)c1cc[n+](CCC[n+]2cc(Cl)c(/C=N/O)c(Cl)c2)cc1.[Br-].[Br-],4.6778
NC(=O)c1cc[n+](CCCC[n+]2cc(Cl)c(/C=N/O)c(Cl)c2)cc1.[Br-].[Br-],4.9208
NC(=O)c1cc[n+](C/C=C/C[n+]2cc(Cl)c(/C=N/O)c(Cl)c2)cc1.[Br-].[Br-],4.6576
Cn1c2nc3ccccc3c-2c(NCCCCCCCCNc2c3c(nc4ccccc24)CCCC3)c2ccccc21,9.0223
Cn1c2nc3ccccc3c-2c(NCCCCCCNc2c3c(nc4ccccc24)CCCC3)c2ccccc21,8.9031
Cn1c2nc3ccccc3c-2c(NCCCCNc2c3c(nc4ccccc24)CCCC3)c2ccccc21,7.2757
Nc1c2c(nc3cc(Cl)ccc13)C[C@H]1C=C(CCCCn3cc(CO)nn3)C[C@H]2C1,9.3665
CN(C)CCOc1ccc(/C=C2\COc3ccccc3C2=O)cc1,6.1824
CCN(CC)CCOc1ccc(/C=C2\COc3ccccc3C2=O)cc1,5.4828
CCN(CC)CCCCOc1ccc(/C=C2\COc3ccccc3C2=O)cc1,4.8508
CCN(CC)CCCCCCOc1ccc(/C=C2\COc3ccccc3C2=O)cc1,5.7328
CN(CCCCCCOc1ccc(/C=C2\COc3ccccc3C2=O)cc1)Cc1ccccc1,4.3883
CCN(CCOc1ccc(/C=C2\COc3ccccc3C2=O)cc1)Cc1ccccc1,4.6517
O=C1/C(=C/c2ccc(OCCCN3CCN(Cc4ccccc4)CC3)cc2)COc2ccccc21,5.3261
CN(C)CCOc1cccc(/C=C2\COc3ccccc3C2=O)c1,5.8508
CN(C)CCCOc1cccc(/C=C2\COc3ccccc3C2=O)c1,4.5897
CCN(CC)CCOc1cccc(/C=C2\COc3ccccc3C2=O)c1,4.5186
O=C1/C(=C/c2ccc(O)cc2)COc2ccccc21,4.0004
CCN(CC)c1ccc(/C=C/c2cc(N3CCCCC3)c3ccccc3n2)cc1,4.1931
CN(CCCCCN1C(=O)c2ccccc2S1(=O)=O)Cc1ccccc1,7.4815
C#CCNc1nc(NCCCCC2CCN(Cc3ccccc3)CC2)c(C#N)cc1C#N,9.0000
COc1ccc(NC(=O)c2coc3ccc(/C=C/C(=O)O)cc3c2=O)cc1,5.0605
O=C(O)/C=C/c1ccc2occ(C(=O)Nc3ccccc3)c(=O)c2c1,5.0339
COc1ccc(NC(=O)c2cc(=O)c3cc(/C=C/C(=O)O)ccc3o2)cc1,5.1290
Cc1ccc(NC(=O)c2cc(=O)c3cc(/C=C/C(=O)O)ccc3o2)cc1,5.2924
O=C(O)/C=C/c1ccc2oc(C(=O)Nc3ccccc3)cc(=O)c2c1,5.2226
CCN(CC)CCOC(=O)/C=C/c1ccc2occ(C(=O)Nc3cccc(Cl)c3)c(=O)c2c1,5.0685
CCN(CC)CCOC(=O)/C=C/c1ccc2occ(C(=O)Nc3ccc(Cl)cc3)c(=O)c2c1,5.1146
CCN(CC)CCOC(=O)/C=C/c1ccc2occ(C(=O)Nc3ccc(OC)cc3)c(=O)c2c1,5.2652
CCN(CC)CCOC(=O)/C=C/c1ccc2occ(C(=O)Nc3ccc(C)cc3)c(=O)c2c1,5.0462
CN(C)CCOC(=O)/C=C/c1ccc2occ(C(=O)Nc3ccc(Cl)cc3)c(=O)c2c1,5.0306
COc1ccc(NC(=O)c2coc3ccc(/C=C/C(=O)OCCN(C)C)cc3c2=O)cc1,5.4510
Cc1ccc(NC(=O)c2coc3ccc(/C=C/C(=O)OCCN(C)C)cc3c2=O)cc1,6.0132
CN(C)CCOC(=O)/C=C/c1ccc2occ(C(=O)Nc3ccccc3)c(=O)c2c1,5.4330
CCN(CC)CCOC(=O)/C=C/c1ccc2oc(C(=O)Nc3ccc(C)c(C)c3)cc(=O)c2c1,5.6073
CCN(CC)CCOC(=O)/C=C/c1ccc2oc(C(=O)Nc3cccc(Cl)c3)cc(=O)c2c1,5.3516
CCN(CC)CCOC(=O)/C=C/c1ccc2oc(C(=O)Nc3ccc(Cl)cc3)cc(=O)c2c1,6.0655
CCN(CC)CCOC(=O)/C=C/c1ccc2oc(C(=O)Nc3ccc(OC)cc3)cc(=O)c2c1,5.9431
CCN(CC)CCOC(=O)/C=C/c1ccc2oc(C(=O)Nc3ccc(C)cc3)cc(=O)c2c1,5.0057
CCN(CC)CCOC(=O)/C=C/c1ccc2oc(C(=O)Nc3ccccc3)cc(=O)c2c1,5.4597
Cc1ccc(NC(=O)c2cc(=O)c3cc(/C=C/C(=O)OCCN(C)C)ccc3o2)cc1C,6.6778
CN(C)CCOC(=O)/C=C/c1ccc2oc(C(=O)Nc3cccc(Cl)c3)cc(=O)c2c1,5.2277
CN(C)CCOC(=O)/C=C/c1ccc2oc(C(=O)Nc3ccc(Cl)cc3)cc(=O)c2c1,5.9136
COc1ccc(NC(=O)c2cc(=O)c3cc(/C=C/C(=O)OCCN(C)C)ccc3o2)cc1,6.0410
Cc1ccc(NC(=O)c2cc(=O)c3cc(/C=C/C(=O)OCCN(C)C)ccc3o2)cc1,6.6995
CN(C)CCOC(=O)/C=C/c1ccc2oc(C(=O)Nc3ccccc3)cc(=O)c2c1,6.1308
CN1CCN(C2CCN(C(=O)COc3ccc(-c4ccccc4)cc3)CC2)CC1,5.0000
O=C(COc1ccc(-c2ccccc2)cc1)N1CCC(N2CCCCC2)CC1,5.3372
O=C(COc1ccc(-c2ccccc2)cc1)N1CCC(N2CCOCC2)CC1,4.0315
CCN1CCN(CCCNC(=O)COc2ccc(-c3ccccc3)cc2)CC1,3.9469
CN1CCN(CCCNC(=O)COc2ccc(-c3ccccc3)cc2)CC1,3.9393
O=C(COc1ccc(-c2ccccc2)cc1)NCCCN1CCCCC1,4.2441
CCN1CCN(C2CCN(C(=O)COc3ccc(I)cc3)CC2)CC1,4.6990
CCN1CCN(CCCNC(=O)COc2ccc(I)cc2)CC1,4.0605
CN1CCN(CCCNC(=O)COc2ccc(I)cc2)CC1,3.8601
O=C(COc1ccc(I)cc1)NCCCN1CCCCC1,4.8861
CCN1CCN(C2CCN(C(=O)COc3ccc(-c4ccc(OC)cc4)cc3)CC2)CC1,4.7447
CCN1CCN(CCCNC(=O)COc2ccc(-c3ccc(OC)cc3)cc2)CC1,3.9586
COc1ccc(-c2ccc(OCC(=O)NCCCN3CCN(C)CC3)cc2)cc1,3.7212
COc1ccc(-c2ccc(OCC(=O)NCCCN3CCCCC3)cc2)cc1,4.8539
CCN1CCN(C2CCN(C(=O)COc3ccc(-c4ccccc4F)cc3)CC2)CC1,4.7212
CCN1CCN(C2CCN(C(=O)COc3ccc4c(c3)CCC4=O)CC2)CC1,5.3098
CCN1CCN(C2CCN(C(=O)COc3ccc(-c4ccc([N+](=O)[O-])cc4)cc3)CC2)CC1,5.6778
Cc1coc2c1c(=O)oc(=O)c1c3c(ccc12)C(C)(C)CCC3,5.4799
Cc1cccc2c1ccc1c3c(c(=O)oc(=O)c12)[C@@H](C)CO3,4.9943
C[C@H]1COc2c1c(=O)oc(=O)c1c3c(ccc21)C(C)(C)CCC3,5.4931
COc1cc2nc(C(=O)NCCC3CCN(Cc4ccccc4)CC3)cc(OC)c2cc1OC,6.2076
COc1cc2[nH]c(C(=O)NCCC3CCN(Cc4ccccc4)CC3)cc(=O)c2cc1OC,6.9957
O=C(NCCC1CCN(Cc2ccccc2)CC1)c1cc(=O)c2cccc(O)c2[nH]1,5.9393
COc1cccc2c(=O)cc(C(=O)NCCC3CCN(Cc4ccccc4)CC3)[nH]c12,5.7852
COc1ccc2c(=O)cc(C(=O)NCCC3CCN(Cc4ccccc4)CC3)[nH]c2c1,6.3468
O=C(NCCC1CCN(Cc2ccccc2)CC1)c1cc(=O)c2cc(O)ccc2[nH]1,6.5229
COc1ccc2[nH]c(C(=O)NCCC3CCN(Cc4ccccc4)CC3)cc(=O)c2c1,6.0555
COc1cc2oc(C(=O)NCCCC3CCN(Cc4ccccc4)CC3)cc(=O)c2cc1OC,7.3182
O=C(NCCCC1CCN(Cc2ccccc2)CC1)c1cc(=O)c2cc(O)ccc2o1,7.7984
COc1ccc2oc(C(=O)NCCCC3CCN(Cc4ccccc4)CC3)cc(=O)c2c1,6.4318
O=C(NCCC1CCN(Cc2ccccc2)CC1)c1cc(=O)c2cc(O)c(O)cc2o1,5.3840
COc1cc2oc(C(=O)NCCC3CCN(Cc4ccccc4)CC3)cc(=O)c2cc1OC,7.3372
O=C(NCCC1CCN(Cc2ccccc2)CC1)c1cc(=O)c2c(O)cc(O)cc2o1,6.2366
COc1cc(OC)c2c(=O)cc(C(=O)NCCC3CCN(Cc4ccccc4)CC3)oc2c1,6.4949
Nc1ccc2oc(C(=O)NCCC3CCN(Cc4ccccc4)CC3)cc(=O)c2c1,7.2974
O=C(NCCC1CCN(Cc2ccccc2)CC1)c1cc(=O)c2cc([N+](=O)[O-])ccc2o1,7.7993
COc1ccc2c(=O)cc(C(=O)NCCC3CCN(Cc4ccccc4)CC3)oc2c1,7.4815
O=C(NCCC1CCN(Cc2ccccc2)CC1)c1cc(=O)c2cc(O)ccc2o1,7.0410
COc1ccc2oc(C(=O)NCCC3CCN(Cc4ccccc4)CC3)cc(=O)c2c1,6.7696
COc1cccc2oc(C(=O)NCCC3CCN(Cc4ccccc4)CC3)cc(=O)c12,6.0605
O=C(NCCC1CCN(Cc2ccccc2)CC1)c1cc(=O)c2ccccc2o1,7.1014
COc1cc2oc(C(=O)OCCC3CCN(Cc4ccccc4)CC3)cc(=O)c2cc1OC,7.6052
COc1cc2oc(C(=O)NCC3CCN(Cc4ccccc4)CC3)cc(=O)c2cc1OC,5.8356
COc1ccc2oc(C(=O)NCC3CCN(Cc4ccccc4)CC3)cc(=O)c2c1,5.4425
COc1cc2oc(C(=O)OCC3CCN(Cc4ccccc4)CC3)cc(=O)c2cc1OC,6.5229
COc1ccc2oc(C(=O)OCC3CCN(Cc4ccccc4)CC3)cc(=O)c2c1,5.1255
COc1cc2oc(C(=O)NC3CCN(Cc4ccccc4)CC3)cc(=O)c2cc1OC,6.1805
O=C(NC1CCN(Cc2ccccc2)CC1)c1cc(=O)c2cc(O)ccc2o1,5.6271
COc1ccc2oc(C(=O)NC3CCN(Cc4ccccc4)CC3)cc(=O)c2c1,6.0132
Cl.Cl.Nc1ccc(O)c(CN2CCCC2)c1,5.2007
CCN(CC)Cc1cc(N)ccc1O.Cl.Cl,4.5884
Cl.Cl.Nc1ccc(O)c(Cn2cccn2)c1,3.0734
Cl.Cl.Nc1ccc(O)c(Cn2ccnc2)c1,3.3165
Cl.Cl.Nc1ccc(O)c(CN2CCOCC2)c1,3.5677
Cl.Cl.Nc1ccc(O)c(CN2CCCCC2)c1,3.3410
CCCN(CCC)Cc1cc(N)ccc1O.Cl.Cl,3.8824
CCCCCCN(C)Cc1cc(N)ccc1O.Cl.Cl,2.9774
CCCCCN(C)Cc1cc(N)ccc1O.Cl.Cl,3.0942
CCCCN(C)Cc1cc(N)ccc1O.Cl.Cl,3.9024
CCCN(C)Cc1cc(N)ccc1O.Cl.Cl,2.9389
CCN(C)Cc1cc(N)ccc1O.Cl.Cl,3.0154
CN(C)Cc1cc(N)ccc1O.Cl.Cl,2.8135
CNCc1cc(N)ccc1O.Cl.Cl,3.4769
CC(C)(C)c1cc(CCC(=O)NCCC2CCN(Cc3ccccc3)CC2)cc(C(C)(C)C)c1O,5.4660
CC(C)(C)c1cc(/C=C/C(=O)NCCC2CCN(Cc3ccccc3)CC2)cc(C(C)(C)C)c1O,5.5733
CC(C)(C)c1cc(C(=O)CNCC2CCN(Cc3ccccc3)CC2)cc(C(C)(C)C)c1O,5.6126
CC(C)(C)c1cc(C(=O)CNCCC2CCN(Cc3ccccc3)CC2)cc(C(C)(C)C)c1O,5.8601
COc1ccc(CN2CCC(CCNC(=O)/C=C/c3cc(C(C)(C)C)c(O)c(C(C)(C)C)c3)CC2)cc1,5.6737
Cc1ccccc1CN1CCC(CCNC(=O)/C=C/c2cc(C(C)(C)C)c(O)c(C(C)(C)C)c2)CC1,5.6003
Cc1ccc(CN2CCC(CCNC(=O)/C=C/c3cc(C(C)(C)C)c(O)c(C(C)(C)C)c3)CC2)cc1,5.6968
CC(C)(C)c1cc(/C=C/C(=O)NCCC2CCN(Cc3ccccc3F)CC2)cc(C(C)(C)C)c1O,5.9894
CC(C)(C)c1cc(/C=C/C(=O)NCCC2CCN(Cc3cccc(F)c3)CC2)cc(C(C)(C)C)c1O,5.8761
CC(C)(C)c1cc(/C=C/C(=O)NCCC2CCN(Cc3ccc(F)cc3)CC2)cc(C(C)(C)C)c1O,6.0088
CC(C)(C)c1cc(/C=C/C(=O)NCCC2CCN(Cc3ccc(F)cc3F)CC2)cc(C(C)(C)C)c1O,5.7496
CC(C)(C)c1cc(/C=C/C(=O)NCCC2CCN(Cc3ccc(F)c(F)c3)CC2)cc(C(C)(C)C)c1O,5.7905
CC(C)(C)c1cc(/C=C/C(=O)NCCC2CCN(Cc3ccccc3Cl)CC2)cc(C(C)(C)C)c1O,5.6126
CC(C)(C)c1cc(/C=C/C(=O)NCCC2CCN(Cc3cccc(Cl)c3)CC2)cc(C(C)(C)C)c1O,5.5952
CC(C)(C)c1cc(/C=C/C(=O)NCCC2CCN(Cc3ccc(Br)cc3)CC2)cc(C(C)(C)C)c1O,5.4191
CC(C)(C)c1cc(/C=C/C(=O)NCCC2CCN(Cc3cccc([N+](=O)[O-])c3)CC2)cc(C(C)(C)C)c1O,5.4609
CC(C)(C)c1cc(/C=C/C(=O)NCCC2CCN(Cc3ccc(C#N)cc3)CC2)cc(C(C)(C)C)c1O,5.5560
COc1ccc2nc3c(c(NCCCCCNC(=S)NC45CC6CC(CC(C6)C4)C5)c2c1)CCCC3,6.3279
NC12CC3CC(F)(CC(C1)c1cc(NC(=O)CCCCNc4c5c(nc6cc(Cl)ccc46)CCCC5)ccc13)C2,8.6021
NC12CC3CC(F)(CC(C1)c1cc(NC(=O)CCCNc4c5c(nc6cc(Cl)ccc46)CCCC5)ccc13)C2,9.5229
FC12CC3CC(NCCCCCNc4c5c(nc6cc(Cl)ccc46)CCCC5)(CC(C1)c1ccccc13)C2,8.8539
FC12CC3CC(NCCCCNc4c5c(nc6cc(Cl)ccc46)CCCC5)(CC(C1)c1ccccc13)C2,8.6990
O=C(CCCCNc1c2c(nc3cc(Cl)ccc13)CCCC2)NC12CC3CC(F)(CC(C1)c1ccccc13)C2,8.8861
O=C(CCCNc1c2c(nc3cc(Cl)ccc13)CCCC2)NC12CC3CC(F)(CC(C1)c1ccccc13)C2,8.8539
COc1ccc(-c2cc(=O)c3cc(OC)c(O)c([C@H]4CCC(=O)N4)c3o2)cc1,4.7375
COc1ccc(-c2cc(=O)c3cc(OC)c(O)c([C@@H]4CCC(=O)N4)c3o2)cc1,4.1675
O=C(/C=C/c1ccc(OCCCCCCN2CCCC2)cc1)c1ccc(OCCCCCCN2CCCC2)cc1O,6.1079
O=C(/C=C/c1ccccc1)c1ccc(OCCCCCCN2CCCC2)cc1O,5.4949
Cc1cc(=O)n(C)c(=O)n1CCCCCn1cnc(C(=O)NO)n1,2.2596
Cc1cc(=O)n(C)c(=O)n1CCCCn1cnc(C(=O)NO)n1,1.2175
COc1ccc(/C=C/C(=O)c2ccc3c(c2O)C=CC(C)(C)O3)cc1,4.1266
COc1ccc(C2CC(=O)c3ccc4c(c3O2)C=CC(C)(C)O4)cc1,4.0406
CC1(C)C=Cc2c(ccc(C(=O)/C=C/c3ccc(O)cc3)c2O)O1,4.7660
COc1cc2c(cc1OC)[C@@H]1C(=O)c3ccc4c(c3O[C@@H]1CO2)C=CC(C)(C)O4,3.8972
COc1cc2c(cc1OC)[C@]1(O)C(=O)c3ccc4c(c3O[C@@H]1CO2)C=CC(C)(C)O4,3.8956
COc1cc(OC)c(-c2coc3c4c(ccc3c2=O)OC(C)(C)C=C4)cc1OC,3.9151
COc1ccc(-c2coc3c4c(ccc3c2=O)OC(C)(C)C=C4)cc1OC,3.8822
CCCCCCCNC(=O)Oc1ccc2c(c1)CN1CCc3ccccc3C1N2C,5.4202
CN1c2ccc(OC(=O)NCCCCCCN3CCCC3)cc2CN2CCc3ccccc3C21,6.0578
CN1c2ccc(OC(=O)NCCCCCCN3CCCCC3)cc2CN2CCc3ccccc3C21,5.9154
O=C(/C=C/c1ccc([N+](=O)[O-])cc1)NCCCCCCNc1c2c(nc3ccccc13)CCCC2,8.5686
O=C(NCCCCCNc1c2c(nc3ccccc13)CCCC2)c1c2ccccc2nc2ccccc12,11.1192
Cc1cc(C)c(S(=O)(=O)Nc2ccc(C3C4=C(CC(C)(C)CC4=O)N(c4ccc(Br)cc4)C4=C3C(=O)CC(C)(C)C4)cc2)c(C)c1,6.8539
Cc1c(C)c2ccc(OCC3CCN(Cc4cccc(CO)c4)CC3)cc2oc1=O,5.8539
Cc1c(C)c2ccc(OCC3CCN(Cc4cccc(OCCCO)c4)CC3)cc2oc1=O,6.0757
Cc1c(C)c2ccc(OCC3CCN(CCCO)CC3)cc2oc1=O,6.0506
Cc1c(C)c2ccc(OCC3CCN(Cc4cccc(CO[N+](=O)[O-])c4)CC3)cc2oc1=O,5.8861
Cc1c(C)c2ccc(OCC3CCN(CCCO[N+](=O)[O-])CC3)cc2oc1=O,6.0655
Cc1c(C)c2ccc(OCC3CCN(Cc4cccc(OCCCO[N+](=O)[O-])c4)CC3)cc2oc1=O,6.3188
COc1c(C(=O)CCC2CCN(CC3CCCCC3)CC2)cc(Cl)c2[nH]ccc12,7.0391
COc1c(C(=O)CCC2CCN(Cc3ccccc3)CC2)cc(Cl)c2[nH]c([Si](C)(C)C)cc12,6.5607
COc1c(C(=O)CCC2CCN(Cc3ccccc3)CC2)cc(Cl)c2[nH]ccc12,7.6904
O=C(CCC1CCN(CC2CCCCC2)CC1)c1cc(Cl)c2[nH]ccc2c1,7.5406
O=C(CCC1CCN(Cc2ccccc2)CC1)c1ccc2[nH]ccc2c1,7.8761
O=C(CCC1CCN(CC2CCCCC2)CC1)c1ccc2[nH]ccc2c1,7.2924
O=C(CCC1CCN(CC2CCCC2)CC1)c1ccc2[nH]ccc2c1,7.0269
CCCCN1CCC(CCC(=O)c2ccc3[nH]ccc3c2)CC1,6.1451
COc1c(C(=O)CCC2CCN(CC3CCCCC3)CC2)ccc2[nH]ccc12,7.3979
COc1c(C(=O)CCC2CCN(CC3CCCCC3)CC2)cc(Cl)c2c1ccn2C,7.0737
COc1c(C(=O)CCC2CCN(CC3CCCCC3)CC2)cc(Cl)c2c1ccn2Cc1ccccc1,6.5840
COc1c(C(=O)CCC2CCN(CC3CCCCC3)CC2)cc(Cl)c2c1ccn2S(=O)(=O)c1ccccc1.O=C(O)/C=C/C(=O)O,6.2526
O=C(CCC1CCN(CC2CCCCC2)CC1)c1ccc2c(ccn2Cc2ccccc2)c1,6.8761
COc1cc2c(cc1OC)-c1cc3ccc(OC)c(OC)c3c[n+]1CC2,5.7696
COc1cc2c(cc1O)C(Cc1ccc(O)c(Oc3cc(CC4c5cc(O)c(OC)cc5CCN4C)ccc3OC)c1)N(C)CC2,4.1805
COc1cc2c3cc1Oc1c(O)c(OC)cc4c1[C@@H](Cc1ccc(O)c(c1)Oc1ccc(cc1)C[C@@H]3N(C)CC2)N(C)CC4,4.0132
CCN(CC)Cc1cc2cc(c1O)Oc1ccc(cc1)C[C@H]1c3cc(c(OC)cc3CCN1C)Oc1c(OC)c(OC)cc3c1[C@@H](C2)N(C)CC3,4.1675
COc1ccc(C2=NN(C(C)=O)C(c3ccc(-n4cncn4)cc3)C2)cc1OC,3.0199
COc1ccc(C2=NN(C(C)=O)C(c3ccc(-n4ccnc4)cc3)C2)cc1OC,3.6870
COc1ccc(C2=NN(C(C)=O)C(c3ccc(-n4cnc5ccccc54)cc3)C2)cc1OC,3.4959
COc1ccc(C2=NN(C(C)=O)C(c3ccc(N4CCN(Cc5ccccc5)CC4)cc3)C2)cc1OC,4.2020
COc1ccc(C2=NN(C(C)=O)C(c3ccc(N4CCC(Cc5ccccc5)CC4)cc3)C2)cc1OC,4.6968
COc1ccc(C2=NN(C(C)=O)C(c3ccc(N4CCN(C)CC4)cc3)C2)cc1OC,5.6939
CCN1CCN(c2ccc(C3CC(c4ccc(OC)c(OC)c4)=NN3C(C)=O)cc2)CC1,4.3197
COc1ccc(C2=NN(C(C)=O)C(c3ccc(N4CCC(C)CC4)cc3)C2)cc1OC,4.1113
COc1ccc(C2=NN(C(C)=O)C(c3ccc(N4CCN(c5ccccc5)CC4)cc3)C2)cc1OC,3.5303
COc1ccc(C2=NN(C(C)=O)C(c3ccc(N4CCN(Cc5ccccc5)CC4)cc3)C2)cc1,3.9991
CCN1CCN(c2ccc(C3CC(c4ccc(OC)cc4)=NN3C(C)=O)cc2)CC1,3.6552
O=C(c1ccc(OCCCc2c[nH]cn2)cc1)C1CC1,4.0650
Cc1c(OCc2ccccc2)cccc1N1CCN(CCCCCCNc2c3c(nc4c2CCCC4)CCCC3)CC1,7.8539
COc1ccccc1CN1CCN(CCCCCOc2cccc3[nH]c4ccccc4c23)CC1,5.6198
COc1cc2c(cc1OC)-c1cc(OCCN3CCCCC3)nc(=O)n1CC2,5.3010
COc1ccc2nc3c(c(NCCCCCCCCNC(=S)NC45CC6CC(CC(C6)C4)C5)c2c1)CCCC3,5.7959
C#CCOc1ccc(/C=N/Nc2c3c(nc4ccccc24)CCCC3)cc1.Cl,5.5638
C(=N\Nc1c2c(nc3ccccc13)CCCC2)/c1ccc(OCc2cn(-c3ccccc3)nn2)cc1.Cl,6.0458
Cl.Clc1ccc(-n2cc(COc3ccc(/C=N/Nc4c5c(nc6ccccc46)CCCC5)cc3)nn2)cc1,5.1530
Brc1ccc(-n2cc(COc3ccc(/C=N/Nc4c5c(nc6ccccc46)CCCC5)cc3)nn2)cc1.Cl,4.8928
Cc1ccc(-n2cc(COc3ccc(/C=N/Nc4c5c(nc6ccccc46)CCCC5)cc3)nn2)cc1.Cl,5.4260
COc1ccc(-n2cc(COc3ccc(/C=N/Nc4c5c(nc6ccccc46)CCCC5)cc3)nn2)cc1.Cl,5.6383
Cl.O=C(O)c1ccc(-n2cc(COc3ccc(/C=N/Nc4c5c(nc6ccccc46)CCCC5)cc3)nn2)cc1,5.3947
Cl.O=[N+]([O-])c1ccc(-n2cc(COc3ccc(/C=N/Nc4c5c(nc6ccccc46)CCCC5)cc3)nn2)cc1,5.9788
Cl.O=[N+]([O-])c1cccc(-n2cc(COc3ccc(/C=N/Nc4c5c(nc6ccccc46)CCCC5)cc3)nn2)c1,5.8356
C(=N\Nc1c2c(nc3ccccc13)CCCC2)/c1ccc(OCc2cn(Cc3ccccc3)nn2)cc1.Cl,5.9788
Cl.NS(=O)(=O)c1ccc(-n2cc(COc3ccc(/C=N/Nc4c5c(nc6ccccc46)CCCC5)cc3)nn2)cc1,5.9547
S=C(NNc1c2c(nc3ccccc13)CCCC2)Nc1ccccc1,6.2147
S=C(NNc1c2c(nc3ccccc13)CCCC2)Nc1ccc(Cl)cc1,6.1046
S=C(NNc1c2c(nc3ccccc13)CCCC2)Nc1ccc(Br)cc1,6.2434
COc1ccc(NC(=S)NNc2c3c(nc4ccccc24)CCCC3)cc1,6.5331
S=C(NCc1ccccc1)NNc1c2c(nc3ccccc13)CCCC2,6.6615
C=CCNC(=S)NNc1c2c(nc3ccccc13)CCCC2,5.2388
NS(=O)(=O)c1ccc(NC(=S)NNc2c3c(nc4ccccc24)CCCC3)cc1,6.0173
COc1ccc2[nH]cc(CCNC(=O)CN(CCC3CCN(Cc4ccccc4)CC3)C(=O)/C=C/c3ccc(O)c(OC)c3)c2c1,7.5129
COc1ccc2[nH]cc(CCNC(=O)CN(CCCC3CCN(Cc4ccccc4)CC3)C(=O)/C=C/c3ccc(O)c(OC)c3)c2c1,7.5817
c1ccc2c(NCc3ccc(-c4ccc(CNc5c6c(nc7ccccc57)CCCC6)cc4)cc3)c3c(nc2c1)CCCC3,8.4425
O=C(/C=C/c1ccc(OCc2ccccc2)cc1)NCCNc1c2c(nc3ccccc13)CCCC2,7.2175
COc1cc(/C=C/C(=O)NCCNc2c3c(nc4ccccc24)CCCC3)ccc1OCc1ccccc1,7.2588
COc1cc2oc(-c3ccc(NCCNc4c5c(nc6cc(Cl)ccc46)CCCC5)cc3)cc(=O)c2c(OC)c1OC,8.7878
COc1cc2oc(-c3ccc(NCCCNc4c5c(nc6cc(Cl)ccc46)CCCC5)cc3)cc(=O)c2c(OC)c1OC,8.7212
COc1cc2oc(-c3ccc(NCCCCNc4c5c(nc6cc(Cl)ccc46)CCCC5)cc3)cc(=O)c2c(OC)c1OC,8.2882
Cc1cc(=O)oc2ccc(OC/C=C/CCn3cnc4c(N5CCCCC5)ncnc43)cc12,4.9230
C#CCNC1CCc2cc(Cl)c(OC(=O)N(C)CCC)cc21,4.3575
C#CCNC1CCCc2ccc(OC(=O)N(C)CC)cc21,4.2807
COc1cc(NCc2ccc(Oc3c(N)cccc3Cl)cc2)cc(OC)c1OC,5.9677
COc1cc(NCc2ccc(Oc3c(N)cccc3Cl)cc2)cc(OC)c1,5.5406
Nc1cccc(Cl)c1Oc1ccc(CNc2ccc(O)cc2)cc1,5.0550
COc1ccc(NCc2ccc(Oc3c(N)cccc3Cl)cc2)cc1,5.2807
Nc1cccc(Cl)c1Oc1ccc(CNc2cccc(O)c2)cc1,5.1409
COc1cccc(NCc2ccc(Oc3c(N)cccc3Cl)cc2)c1,5.2480
OC(CNCc1cccc(OCc2ccccc2)c1)Cn1cc(Br)c2cc(Br)ccc21,5.0410
Cc1ccc2[nH]c3c(c2c1)CN(CCCCCN1CCc2[nH]c4ccc(C)cc4c2C1)CC3,6.7100
COc1ccc(CNC(=O)C2CCN(C(=O)c3ccccc3)CC2)cc1OC,8.3862
C#CCN(C)Cc1ccc(O)c2ncccc12,5.7447
COc1ccc2[nH]c3nc4c(c(N)c3c2c1)CCCC4,5.8239
Cn1ncc2cc(C(=O)Nc3ccc(Cl)c(Cl)c3)ccc21,4.1062
NS(=O)(=O)c1ccc(C(=O)n2[nH]c(=O)c3c(F)cccc3c2=O)cc1,7.2162
NS(=O)(=O)c1ccc(C(=O)n2[nH]c(=O)c3cc(F)ccc3c2=O)cc1,7.2162
NS(=O)(=O)c1ccc(C(=O)n2[nH]c(=O)c3c([N+](=O)[O-])cccc3c2=O)cc1,7.2162
NS(=O)(=O)c1ccc(C(=O)n2[nH]c(=O)c3cc([N+](=O)[O-])ccc3c2=O)cc1,7.2162
NS(=O)(=O)c1ccc(C(=O)n2[nH]c(=O)c3ccc(C(=O)O)cc3c2=O)cc1,7.2162
CCOc1ccc(Cc2nc3cc(C(=O)N(CC)CC)ccc3n2CCNc2c3c(nc4ccccc24)CCCC3)cc1,8.9000
CCOc1ccc(Cc2nc3cc(C(=O)N(CC)CC)ccc3n2CCCNc2c3c(nc4ccccc24)CCCC3)cc1,8.5000
CCOc1ccc(Cc2nc3cc(C(=O)N(CC)CC)ccc3n2CCCCNc2c3c(nc4ccccc24)CCCC3)cc1,7.5000
CCOc1ccc(Cc2nc3cc(C(=O)N(CC)CC)ccc3n2CCCCCNc2c3c(nc4ccccc24)CCCC3)cc1,8.2000
CCOc1ccc(Cc2nc3cc(C(=O)N(CC)CC)ccc3n2CCCCCCNc2c3c(nc4ccccc24)CCCC3)cc1,7.0531
CCOc1ccc(Cc2nc3cc(C(=O)NCCNc4c5c(nc6ccccc46)CCCC5)ccc3n2CCC(C)C)cc1,7.1000
CCOc1ccc(Cc2nc3cc(C(=O)NCCCNc4c5c(nc6ccccc46)CCCC5)ccc3n2CCC(C)C)cc1,8.4306
CCOc1ccc(Cc2nc3cc(C(=O)NCCCCNc4c5c(nc6ccccc46)CCCC5)ccc3n2CCC(C)C)cc1,8.0000
CCOc1ccc(Cc2nc3cc(C(=O)NCCCCCNc4c5c(nc6ccccc46)CCCC5)ccc3n2CCC(C)C)cc1,8.1000
CCOc1ccc(Cc2nc3cc(C(=O)NCCCCCCNc4c5c(nc6ccccc46)CCCC5)ccc3n2CCC(C)C)cc1,7.7001
CCOc1ccc(Cc2nc3cc(C(=O)N(CC)CCCCNc4c5c(nc6ccccc46)CCCC5)ccc3n2CCC(C)C)cc1,7.2000
CCOc1ccc(Cc2nc3cc(C(=O)N(CC)CC)ccc3n2CCOCCOCCNc2c3c(nc4ccccc24)CCCC3)cc1,7.0000
CCOc1ccc(Cc2nc3cc(C(=O)NCCOCCOCCNc4c5c(nc6ccccc46)CCCC5)ccc3n2CCC(C)C)cc1,6.4000
CCOc1ccc(Cc2nc3cc(C(=O)NCCSSCCNc4c5c(nc6ccccc46)CCCC5)ccc3n2CCC(C)C)cc1,7.5544
Oc1ccc(/C=N/c2c3c(nc4ccccc24)CCCC3)cc1,5.8312
Oc1ccc(/C=N/c2c3c(nc4ccccc24)CCCC3)cc1O,6.2154
Oc1ccc(CNc2c3c(nc4ccccc24)CCCC3)cc1O,7.0000
Oc1cc(/C=N/c2c3c(nc4ccccc24)CCCC3)cc(O)c1O,5.9830
Oc1ccc(CNCCCCCCNc2c3c(nc4ccccc24)CCCC3)cc1O,7.5376
COc1ccc(CCOCCCCCNc2c3c(nc4ccccc24)CCCC3)cc1,6.6655
COc1ccc(CCOCCCCCNc2c3c(nc4ccccc24)CCCC3)cc1OC,6.7747
c1ccc(COc2ccc(CCOCCCCCNc3c4c(nc5ccccc35)CCCC4)cc2)cc1,6.3429
c1ccc(COc2ccc(CCOCCCCCNc3c4c(nc5ccccc35)CCCC4)cc2OCc2ccccc2)cc1,6.2958
Oc1ccc(CCOCCCCCNc2c3c(nc4ccccc24)CCCC3)cc1,6.8477
Oc1ccc(CCOCCCCCNc2c3c(nc4ccccc24)CCCC3)cc1O,6.2660
COc1cc(N)c(Cl)cc1C(=O)CCC1CCN(Cc2ccc(O)c(O)c2)CC1,6.8604
COc1cc(CN2CCC(CCC(=O)c3cc(Cl)c(N)cc3OC)CC2)ccc1O,6.2716
O=C(O)CC1(CC(=O)c2cc(O)ccc2O)C=C(CO)CCC1,4.5850
COC(=O)/C(=C\C(=O)c1cc(O)ccc1O)CC/C=C(\C)CCC=C(C)C,5.0862
C/C(=C/CC[C@H](CO)c1cc2cc(O)c(O)cc2o1)CO,4.5436
Cc1ccc2oc(-c3ccc(OCCCCCCN4CCCCCC4)cc3)cc(=O)c2c1,6.3188
Cc1ccc2oc(-c3ccc(OCCCCCCN4CCCCC4)cc3)cc(=O)c2c1,6.8894
Cc1cc(N2CCCCC2)nc2ccccc12,6.0757
O=C(NNC(=S)Nc1ccc(Cl)c(Cl)c1)c1ccccc1O,6.2840
O=C(O)c1ccccc1O,3.4609
CC[C@@H](CN1CCCC1=O)C(=O)NCCCCCCCNc1c2c(nc3cc(Cl)ccc13)C[C@H]1C=C(C)C[C@@H]2C1,8.3768
O=C(Cc1cc(=O)oc2cc(O)ccc12)NCCCNCCNCCCNc1c2c(nc3ccccc13)CCCC2,7.4202
CC(C)Cc1ccc(C(C)C(=O)O)cc1,3.6287
Nc1ccc(S(N)(=O)=O)cc1,3.8379
O=C(Nc1cccc(-c2cn(CCNc3c4c(nc5ccccc35)CCCC4)nn2)n1)Nc1cccc2c1C1CCCCN1C2=O,6.8761
O=C(Nc1ccc(-c2cn(CCNc3c4c(nc5ccccc35)CCCC4)nn2)cn1)Nc1cccc2c1C1CCCCN1C2=O,9.0969
O=C(Nc1cc(-c2cn(CCNc3c4c(nc5ccccc35)CCCC4)nn2)ccn1)Nc1cccc2c1[C@@H]1CCCCN1C2=O,7.8633
O=C(Nc1cc(-c2cn(CCNc3c4c(nc5ccccc35)CCCC4)nn2)ccn1)Nc1cccc2c1[C@H]1CCCCN1C2=O,8.0223
O=C(Nc1cc(-c2cn(CCNc3c4c(nc5ccccc35)CCCC4)nn2)ccn1)Nc1cccc2c1C1CCCCN1C2=O,7.9431
O=C(Nc1cc(CCc2cn(CCNc3c4c(nc5ccccc35)CCCC4)nn2)ccn1)Nc1cccc2c1C1CCCCN1C2=O,7.6271
CN(Cc1ccnc(NC(=O)Nc2cccc3c2C2CCCCN2C3=O)c1)Cc1cn(CCNc2c3c(nc4ccccc24)CCCC3)nn1,7.2321
O=C(Nc1cc(COCc2cn(CCNc3c4c(nc5ccccc35)CCCC4)nn2)ccn1)Nc1cccc2c1C1CCCCN1C2=O,7.6819
O=C(CCCCCCNc1c2c(nc3cccc(Cl)c13)CCCC2)NCCc1c[nH]c2ccccc12,11.0969
O=C(CCCCCNc1c2c(nc3cc(Cl)ccc13)CCCC2)NCCc1cc2ccccc2[nH]1,9.1367
Cl.Cl.NC(Cc1c[nH]c2ccccc12)C(=O)NCCCCCCNc1c2c(nc3cc(Cl)ccc13)CCCC2,8.1308
Cl.Cl.N[C@H](Cc1c[nH]c2ccccc12)C(=O)NCCCCCCNc1c2c(nc3cc(Cl)ccc13)CCCC2,8.1612
COc1ccc2nc3c(c(NCCNC(=O)[C@@H](N)Cc4c[nH]c5ccccc45)c2c1)CCCC3.Cl.Cl,5.2441
COc1ccc2nc3c(c(NCCCNC(=O)[C@@H](N)Cc4c[nH]c5ccccc45)c2c1)CCCC3.Cl.Cl,5.8861
COc1ccc2nc3c(c(NCCCCNC(=O)[C@@H](N)Cc4c[nH]c5ccccc45)c2c1)CCCC3.Cl.Cl,4.9208
COc1ccc2nc3c(c(NCCCCCNC(=O)[C@@H](N)Cc4c[nH]c5ccccc45)c2c1)CCCC3.Cl.Cl,6.2076
COc1ccc2nc3c(c(NCCCCCCNC(=O)[C@@H](N)Cc4c[nH]c5ccccc45)c2c1)CCCC3.Cl.Cl,6.0269
COc1ccc2nc3c(c(NCCCCCCCNC(=O)[C@@H](N)Cc4c[nH]c5ccccc45)c2c1)CCCC3.Cl.Cl,6.0088
COc1ccc2nc3c(c(NCCCCCCCCNC(=O)[C@@H](N)Cc4c[nH]c5ccccc45)c2c1)CCCC3.Cl.Cl,5.8861
Cl.Cl.N[C@@H](Cc1c[nH]c2ccccc12)C(=O)NCCNc1c2c(nc3cc(Cl)ccc13)CCCC2,6.7959
Cl.Cl.N[C@@H](Cc1c[nH]c2ccccc12)C(=O)NCCCNc1c2c(nc3cc(Cl)ccc13)CCCC2,7.1549
Cl.Cl.N[C@@H](Cc1c[nH]c2ccccc12)C(=O)NCCCCNc1c2c(nc3cc(Cl)ccc13)CCCC2,7.2076
Cl.Cl.N[C@@H](Cc1c[nH]c2ccccc12)C(=O)NCCCCCNc1c2c(nc3cc(Cl)ccc13)CCCC2,7.1192
Cl.Cl.N[C@@H](Cc1c[nH]c2ccccc12)C(=O)NCCCCCCNc1c2c(nc3cc(Cl)ccc13)CCCC2,8.2003
Cl.Cl.N[C@@H](Cc1c[nH]c2ccccc12)C(=O)NCCCCCCCNc1c2c(nc3cc(Cl)ccc13)CCCC2,7.7212
Cl.Cl.N[C@@H](Cc1c[nH]c2ccccc12)C(=O)NCCCCCCCCNc1c2c(nc3cc(Cl)ccc13)CCCC2,7.3010
Cl.Cl.N[C@@H](Cc1c[nH]c2ccccc12)C(=O)NCCNc1c2c(nc3ccccc13)CCCC2,6.1367
Cl.Cl.N[C@@H](Cc1c[nH]c2ccccc12)C(=O)NCCCNc1c2c(nc3ccccc13)CCCC2,6.2366
Cl.Cl.N[C@@H](Cc1c[nH]c2ccccc12)C(=O)NCCCCNc1c2c(nc3ccccc13)CCCC2,5.8861
Cl.Cl.N[C@@H](Cc1c[nH]c2ccccc12)C(=O)NCCCCCNc1c2c(nc3ccccc13)CCCC2,6.4949
Cl.Cl.N[C@@H](Cc1c[nH]c2ccccc12)C(=O)NCCCCCCNc1c2c(nc3ccccc13)CCCC2,6.9208
Cl.Cl.N[C@@H](Cc1c[nH]c2ccccc12)C(=O)NCCCCCCCNc1c2c(nc3ccccc13)CCCC2,6.9208
Cl.Cl.N[C@@H](Cc1c[nH]c2ccccc12)C(=O)NCCCCCCCCNc1c2c(nc3ccccc13)CCCC2,7.1192
Brc1ccc(-c2nnn3c2C2c4ccccc4CCN2Cc2ccccc2-3)cc1,6.6021
Cl.c1ccc(CCCCN2CCCc3[nH]c4ccccc4c3C2)cc1,4.6990
O=C(c1ccccc1Cl)n1nc(OCCN2CCCC2)c2ccccc21,5.0132
O=C(c1ccccc1Cl)n1nc(OCCCN2CCCCC2)c2ccccc21,5.0132
O=C(c1cccc(F)c1F)n1nc(OCCN2CCCC2)c2ccccc21,4.9586
O=C(c1cccc(Cl)c1Cl)n1nc(OCCN2CCCCC2)c2ccccc21,4.9788
O=C(c1cccc(Cl)c1Cl)n1nc(OCCCN2CCCCC2)c2ccccc21,4.7696
O=C(c1c(F)ccc(F)c1F)n1nc(OCCN2CCCCC2)c2ccccc21,5.0269
Cc1cc(C)c(C(=O)n2nc(OCCN3CCCCC3)c3ccccc32)c(C)c1,4.9355
COc1cc(C(=O)n2nc(OCCN3CCCC3)c3ccccc32)cc(OC)c1OC,4.9355
O=C1N/C(=N\c2ccc3oc(=O)ccc3c2)S/C1=C/c1ccccc1,7.0264
O=C(CNc1ccc2oc(=O)ccc2c1)N1CCOCC1,7.4318
O=C(CNc1ccc2oc(=O)ccc2c1)N1CCN(c2ccccc2)CC1,7.0969
COc1ccc(C(=O)CNc2ccc3oc(=O)ccc3c2)cc1,7.2596
O=C(CNc1ccc2oc(=O)ccc2c1)c1ccccc1,6.8297
CSc1ccc(C2SCC(=O)N2c2ccc3oc(=O)ccc3c2)cc1,6.5072
O=C1CSC(c2ccc(F)cc2)N1c1ccc2oc(=O)ccc2c1,6.9914
COc1ccc(C2SCC(=O)N2c2ccc3oc(=O)ccc3c2)cc1,7.1481
O=c1ccc2cc(/N=C/c3ccc(Br)cc3)ccc2o1,7.2449
CN(C)c1ccc(/C=N/c2ccc3oc(=O)ccc3c2)cc1,7.3872
O=c1ccc2cc(/N=C/c3ccc(Cl)cc3)ccc2o1,7.1029
CSc1ccc(/C=N/c2ccc3oc(=O)ccc3c2)cc1,6.7642
O=c1ccc2cc(/N=C/c3ccc(F)cc3)ccc2o1,6.6459
COc1ccc(/C=N/c2ccc3oc(=O)ccc3c2)cc1,6.8693
O=c1ccc2cc(/N=C/c3ccccc3)ccc2o1,6.9416
COc1ccc(/C=C2/S/C(=N/c3ccc4oc(=O)ccc4c3)NC2=O)cc1,7.3028
O=C1N/C(=N\c2ccc3oc(=O)ccc3c2)S/C1=C/c1ccc(F)cc1,6.6655
CSc1ccc(/C=C2/S/C(=N/c3ccc4oc(=O)ccc4c3)NC2=O)cc1,6.8219
O=C1N/C(=N\c2ccc3oc(=O)ccc3c2)S/C1=C/c1ccc(Cl)cc1,6.7607
CN(C)c1ccc(/C=C2/S/C(=N/c3ccc4oc(=O)ccc4c3)NC2=O)cc1,7.0757
O=C1N/C(=N\c2ccc3oc(=O)ccc3c2)S/C1=C/c1ccc(Br)cc1,6.5585
COc1ccc(NCC(=O)Nc2ccc3oc(=O)ccc3c2)cc1,7.2581
O=C(CNc1ccc(F)cc1)Nc1ccc2oc(=O)ccc2c1,7.2076
Fc1ccc2[nH]c3c(c2c1)C[PH](Cc1cccc2ccccc12)(c1ccccc1)CC3,5.6755
Oc1ccc2[nH]c3c(c2c1)C[PH](Cc1cccc2ccccc12)(c1ccccc1)CC3,5.5844
Cc1cc(Nc2nccc(-c3sc(C4CCNCC4)nc3-c3ccc(F)cc3)n2)ccn1,6.3979
CCOc1ccc2[nH]c(SCc3cn(CC4CCN(Cc5ccccc5)CC4)nn3)nc2c1,5.1612
c1ccc(CN2CCC(Cn3cc(CSc4nc5ccccc5[nH]4)nn3)CC2)cc1,5.1349
COc1cc2ncnc(NCc3cn(CC4CCN(Cc5ccccc5)CC4)nn3)c2cc1OC,5.4045
c1ccc(CN2CCC(Cn3cc(CNc4ncnc5ccccc45)nn3)CC2)cc1,5.3747
O=C1c2ccccc2C(=O)N1Cc1cn(CC2CCN(Cc3ccccc3)CC2)nn1,5.3098
COc1cc2c(cc1OC)C(=O)C(Cc1cn(CC3CCN(Cc4ccccc4)CC3)nn1)C2,5.3080
Cc1c([C@@H](O)CN2CCN(C[C@H](O)c3ccc4c(c3C)COC4=O)CC2)ccc2c1COC2=O,5.0026
Fc1ccc(CNC2CCN(Cc3ccccc3)CC2)c(F)c1,6.1487
Fc1ccc(CNC2CCN(Cc3ccccc3)CC2)cc1,5.9208
Clc1ccc(CNC2CCN(Cc3ccccc3)CC2)c(Cl)c1,6.2076
Clc1ccc(CNC2CCN(Cc3ccccc3)CC2)cc1,6.0706
FC(F)(F)Oc1ccc(CNC2CCN(Cc3ccccc3)CC2)cc1,6.2291
FC(F)(F)c1ccc(CNC2CCN(Cc3ccccc3)CC2)cc1,6.9793
O=[N+]([O-])c1ccc(CNC2CCN(Cc3ccccc3)CC2)cc1,6.1427
Cc1ccc(CNC2CCN(Cc3ccccc3)CC2)cc1,5.4318
Cc1cccc(CNC2CCN(Cc3ccccc3)CC2)c1,5.3872
Oc1ccc(CNC2CCN(Cc3ccccc3)CC2)c(O)c1,5.6383
Oc1ccc(CNC2CCN(Cc3ccccc3)CC2)cc1,5.3979
Oc1ccccc1CNC1CCN(Cc2ccccc2)CC1,5.6198
COc1cc(CNC2CCN(Cc3ccccc3)CC2)cc(OC)c1OC,5.6576
c1ccc(CNC2CCN(Cc3ccccc3)CC2)cc1,5.7696
COc1cccc(CNC2CCN(Cc3ccccc3)CC2)c1OC,5.6576
Fc1ccc(/C=N/C2CCN(Cc3ccccc3)CC2)c(F)c1,5.8861
Fc1ccc(/C=N/C2CCN(Cc3ccccc3)CC2)cc1,5.5376
Clc1ccc(/C=N/C2CCN(Cc3ccccc3)CC2)c(Cl)c1,5.8861
Clc1ccc(/C=N/C2CCN(Cc3ccccc3)CC2)cc1,5.8239
FC(F)(F)Oc1ccc(/C=N/C2CCN(Cc3ccccc3)CC2)cc1,6.0000
FC(F)(F)c1ccc(/C=N/C2CCN(Cc3ccccc3)CC2)cc1,6.3565
O=[N+]([O-])c1ccc(/C=N/C2CCN(Cc3ccccc3)CC2)cc1,6.0458
Cc1ccc(/C=N/C2CCN(Cc3ccccc3)CC2)cc1,5.3565
Oc1ccc(/C=N/C2CCN(Cc3ccccc3)CC2)c(O)c1,5.5850
Oc1ccc(/C=N/C2CCN(Cc3ccccc3)CC2)cc1,5.3188
Oc1ccccc1/C=N/C1CCN(Cc2ccccc2)CC1,5.5528
C(=N\C1CCN(Cc2ccccc2)CC1)/c1ccccc1,5.6778
COc1ccc(-c2nc(NC3CCN(Cc4ccc(C(F)(F)F)cc4)CC3)sc2-c2ccc(OC)cc2)cc1,6.1249
COc1ccc(CN2CCC(Nc3nc(-c4ccc(OC)cc4)c(-c4ccc(OC)cc4)s3)CC2)cc1,6.1135
COc1ccc(-c2nc(NC3CCN(Cc4ccc(C)cc4)CC3)sc2-c2ccc(OC)cc2)cc1,6.0809
Fc1ccc(CN2CCC(Nc3nc(-c4ccc(Cl)cc4)c(-c4ccc(Cl)cc4)s3)CC2)c(Cl)c1,6.4318
N#Cc1ccc(CN2CCC(Nc3nc(-c4ccc(Cl)cc4)c(-c4ccc(Cl)cc4)s3)CC2)cc1,5.9914
COc1ccc(CN2CCC(Nc3nc(-c4ccc(Cl)cc4)c(-c4ccc(Cl)cc4)s3)CC2)cc1,5.9508
Cc1ccc(CN2CCC(Nc3nc(-c4ccc(Cl)cc4)c(-c4ccc(Cl)cc4)s3)CC2)cc1,5.4962
Clc1ccc(-c2nc(NC3CCN(Cc4ccccc4)CC3)sc2-c2ccc(Cl)cc2)cc1,5.8601
Cc1ccc(CN2CCC(Nc3nc(-c4ccc(C)cc4)c(-c4ccc(C)cc4)s3)CC2)cc1,5.9626
Cc1ccc(-c2nc(NC3CCN(Cc4ccccc4)CC3)sc2-c2ccc(C)cc2)cc1,5.8928
COc1ccc(-c2nc(NCC3CCN(Cc4c(F)cccc4Cl)CC3)sc2-c2ccc(OC)cc2)cc1,6.4437
COc1ccc(-c2nc(NCC3CCN(Cc4ccccc4C(F)(F)F)CC3)sc2-c2ccc(OC)cc2)cc1,6.1612
COc1ccc(-c2nc(NCC3CCN(Cc4ccccc4C)CC3)sc2-c2ccc(OC)cc2)cc1,6.2291
Fc1ccc(CN2CCC(CNc3nc(-c4ccc(Cl)cc4)c(-c4ccc(Cl)cc4)s3)CC2)c(C(F)(F)F)c1,5.9066
Fc1ccc(CN2CCC(CNc3nc(-c4ccc(Cl)cc4)c(-c4ccc(Cl)cc4)s3)CC2)c(Cl)c1,6.2840
Fc1cc(F)cc(CN2CCC(CNc3nc(-c4ccc(Cl)cc4)c(-c4ccc(Cl)cc4)s3)CC2)c1,6.2007
Cc1ccccc1CN1CCC(CNc2nc(-c3ccc(Cl)cc3)c(-c3ccc(Cl)cc3)s2)CC1,6.0605
Cc1ccc(-c2nc(NCC3CCN(Cc4ccc(F)cc4)CC3)sc2-c2ccc(C)cc2)cc1,6.4318
Cc1ccc(-c2nc(NCC3CCN(Cc4cc(F)cc(F)c4)CC3)sc2-c2ccc(C)cc2)cc1,6.5229
Cc1ccc(-c2nc(NCC3CCN(Cc4ccccc4C(F)(F)F)CC3)sc2-c2ccc(C)cc2)cc1,6.3979
Cc1ccc(-c2nc(NCC3CCN(Cc4ccccc4C)CC3)sc2-c2ccc(C)cc2)cc1,6.3010
COc1ccc(-c2nc(NC(=O)C3CCN(Cc4ccc(F)cc4C(F)(F)F)CC3)sc2-c2ccc(OC)cc2)cc1,5.9101
COc1ccc(-c2nc(NC(=O)C3CCN(Cc4ccccc4C#N)CC3)sc2-c2ccc(OC)cc2)cc1,5.5528
COc1ccc(-c2nc(NC(=O)C3CCN(Cc4c(F)cccc4Cl)CC3)sc2-c2ccc(OC)cc2)cc1,6.3872
COc1ccc(-c2nc(NC(=O)C3CCN(Cc4ccc(F)cc4)CC3)sc2-c2ccc(OC)cc2)cc1,5.9355
COc1ccc(-c2nc(NC(=O)C3CCN(Cc4cc(F)cc(F)c4)CC3)sc2-c2ccc(OC)cc2)cc1,5.6108
COc1ccc(-c2nc(NC(=O)C3CCN(Cc4cccc(F)c4)CC3)sc2-c2ccc(OC)cc2)cc1,6.2441
COc1ccc(-c2nc(NC(=O)C3CCN(Cc4ccccc4C(F)(F)F)CC3)sc2-c2ccc(OC)cc2)cc1,6.1675
COc1ccc(-c2nc(NC(=O)C3CCN(Cc4ccccc4C)CC3)sc2-c2ccc(OC)cc2)cc1,5.8729
O=C(Nc1nc(-c2ccc(Cl)cc2)c(-c2ccc(Cl)cc2)s1)C1CCN(Cc2ccc(OC(F)(F)F)cc2)CC1,5.8601
N#Cc1ccccc1CN1CCC(C(=O)Nc2nc(-c3ccc(Cl)cc3)c(-c3ccc(Cl)cc3)s2)CC1,5.7520
O=C(Nc1nc(-c2ccc(Cl)cc2)c(-c2ccc(Cl)cc2)s1)C1CCN(Cc2ccc(F)cc2Cl)CC1,5.4318
O=C(Nc1nc(-c2ccc(Cl)cc2)c(-c2ccc(Cl)cc2)s1)C1CCN(Cc2cc(F)cc(F)c2)CC1,6.1938
O=C(Nc1nc(-c2ccc(Cl)cc2)c(-c2ccc(Cl)cc2)s1)C1CCN(Cc2cccc(F)c2)CC1,6.1871
O=C(Nc1nc(-c2ccc(Cl)cc2)c(-c2ccc(Cl)cc2)s1)C1CCN(Cc2ccccc2C(F)(F)F)CC1,5.5575
Cc1ccccc1CN1CCC(C(=O)Nc2nc(-c3ccc(Cl)cc3)c(-c3ccc(Cl)cc3)s2)CC1,5.9586
Cc1ccc(-c2nc(NC(=O)C3CCN(Cc4ccc([N+](=O)[O-])cc4)CC3)sc2-c2ccc(C)cc2)cc1,5.6345
Cc1ccc(-c2nc(NC(=O)C3CCN(Cc4ccc(C#N)cc4)CC3)sc2-c2ccc(C)cc2)cc1,5.8928
Cc1ccc(-c2nc(NC(=O)C3CCN(Cc4c(F)cccc4Cl)CC3)sc2-c2ccc(C)cc2)cc1,5.5406
Cc1ccc(-c2nc(NC(=O)C3CCN(Cc4cc(F)cc(F)c4)CC3)sc2-c2ccc(C)cc2)cc1,5.6021
Cc1ccc(-c2nc(NC(=O)C3CCN(Cc4ccccc4C(F)(F)F)CC3)sc2-c2ccc(C)cc2)cc1,5.1209
COc1cc(O)c2c(c1)C1=C(c3c(O)c(O)cc(C)c3-c3cc(OC)cc(O)c3C(=O)O)C(=O)C(O)=CC1(C)OC2=O,4.8097
COc1cc(O)c(C(C)=O)c(-c2c(C)cc(O)c3oc4c(O)cc(C)c(-c5cc(OC)cc(O)c5C(=O)O)c4c23)c1,4.1656
O=[N+]([O-])C1C(Cc2c[nH]cn2)NC2(c3ccccc3-c3nc4ccccc4nc32)C1c1ccccc1,4.9281
O=[N+]([O-])C1C(Cc2c[nH]cn2)NC2(c3ccccc3-c3nc4ccccc4nc32)C1c1ccc(Br)cc1,4.7891
O=[N+]([O-])C1C(Cc2c[nH]cn2)NC2(c3ccccc3-c3nc4ccccc4nc32)C1c1ccc(Cl)cc1,4.7390
Cc1ccccc1C1C([N+](=O)[O-])C(Cc2c[nH]cn2)NC12c1ccccc1-c1nc3ccccc3nc12,4.9991
Cc1cccc(C2C([N+](=O)[O-])C(Cc3c[nH]cn3)NC23c2ccccc2-c2nc4ccccc4nc23)c1,5.1079
Cc1ccc(C2C([N+](=O)[O-])C(Cc3c[nH]cn3)NC23c2ccccc2-c2nc4ccccc4nc23)cc1,5.6946
COc1ccccc1C1C([N+](=O)[O-])C(Cc2c[nH]cn2)NC12c1ccccc1-c1nc3ccccc3nc12,5.2823
COc1cccc(C2C([N+](=O)[O-])C(Cc3c[nH]cn3)NC23c2ccccc2-c2nc4ccccc4nc23)c1,5.0362
COc1ccc(C2C([N+](=O)[O-])C(Cc3c[nH]cn3)NC23c2ccccc2-c2nc4ccccc4nc23)cc1,5.6882
O=[N+]([O-])C1C(Cc2c[nH]cn2)NC2(c3ccccc3-c3nc4ccccc4nc32)C1c1ccco1,4.8465
O=[N+]([O-])C1C(Cc2c[nH]cn2)NC2(c3ccccc3-c3nc4ccccc4nc32)C1c1ccccn1,4.7685
O=C1CN(/N=C/c2ccc(-c3ccc([N+](=O)[O-])cc3)o2)C(=O)N1CCN1CCN(Cc2ccccc2)CC1,6.6968
O=C1CN(/N=C/c2ccc(-c3ccc([N+](=O)[O-])cc3)o2)C(=O)N1CCC1CCN(Cc2ccccc2)CC1,7.3335
O=C1CN(/N=C/c2ccc(-c3cccc([N+](=O)[O-])c3)o2)C(=O)N1CCC1CCN(Cc2ccccc2)CC1,6.5376
O=C1CN(/N=C/c2ccc(-c3ccccc3[N+](=O)[O-])o2)C(=O)N1CCC1CCN(Cc2ccccc2)CC1,7.4660
COc1ccc(-c2ccc(/C=N/N3CC(=O)N(CCC4CCN(Cc5ccccc5)CC4)C3=O)o2)cc1,6.9666
COc1cccc(-c2ccc(/C=N/N3CC(=O)N(CCC4CCN(Cc5ccccc5)CC4)C3=O)o2)c1,7.3279
COc1ccccc1-c1ccc(/C=N/N2CC(=O)N(CCC3CCN(Cc4ccccc4)CC3)C2=O)o1,7.0438
COc1ccc(C2c3c(nc4c(c3N)CCCC4)Oc3ccc4ccccc4c32)cc1OC,7.0809
COc1cc2cc(NC(=O)[C@@H]3CCC[C@H](NCc4ccccc4)C3)c(=O)oc2cc1OC,7.7178
COc1cc2cc(NC(=O)C3CCN(Cc4ccccc4)CC3)c(=O)oc2cc1OC,6.6517
COc1cc2cc(NC(=O)CCCNCc3ccccc3)c(=O)oc2cc1OC,6.1261
C#CCNc1c2c(nc3ccccc13)CCCC2,7.2950
C#CCNc1c2c(nc3cc(Cl)ccc13)CCCC2,8.0269
COc1ccc([C@H](O)[C@H](N)C(=O)O)cc1OC,9.0000
COc1ccc([C@H]2O[C@@H](O)[C@H]3[C@@H]2C(=O)O[C@@H]3c2cc(OC)c3c(c2)OCO3)cc1OC,7.5229
COc1ccc([C@H]2O[C@@H](O)[C@H]3[C@@H]2C(=O)O[C@@H]3c2ccc(OC)c(OC)c2)cc1OC,7.5528
COc1ccc([C@H]2OC(=O)[C@H]3[C@@H]2C(=O)O[C@@H]3c2ccc3c(c2)OCO3)cc1OC,6.8013
COc1cc([C@H]2OC[C@H]3[C@@H]2CO[C@@H]3c2cc(OC)c3c(c2)OCO3)cc(OC)c1OC,6.3372
COc1cc([C@H]2OC[C@H]3[C@@H]2CO[C@@H]3c2cc(OC)c(OC)c(OC)c2)cc(OC)c1OC,6.2104
COc1ccc([C@H]2OC[C@H]3[C@@H]2CO[C@@H]3c2cc(OC)c(OC)c(OC)c2)cc1OC,6.0443
COc1ccc([C@H]2OC[C@H]3[C@@H]2C(=O)O[C@@H]3c2ccc3c(c2)OCO3)cc1OC,5.6519
COc1c2c(cc3c1OCO3)[C@]13C=C[C@H](OC)C[C@@H]1[N@](C2)C[C@H]3OC(=O)c1cccc([N+](=O)[O-])c1,4.3188
COc1c2c(cc3c1OCO3)[C@]13C=C[C@H](OC)C[C@@H]1[N@](C2)C[C@H]3OC(=O)c1ccccc1[N+](=O)[O-],4.2676
COc1c2c(cc3c1OCO3)[C@]13C=C[C@H](OC)C[C@@H]1[N@](C2)C[C@H]3OC(=O)c1ccccc1C,4.2596
CC(C)=CC[C@H]1C[C@]2(CC=C(C)C)C(=O)[C@]3(CC=C(C)C)O[C@@]1(C(=O)C(C)C)[C@@]2(O)C(C)(C)C3=O,4.6840
CN(C)C(=O)Oc1cccc(C(O)CNC2CCCCC2)c1.Cl,3.1013
CN(C)C(=O)Oc1ccc(C(O)CNC2CCCCC2)cc1.Cl,3.5751
COc1ccc(CCC(=O)Nc2nc(-c3cc4ccccc4oc3=O)cs2)cc1OC,6.1308
COc1ccc(-c2csc(NC(=O)CCN3CCCC3)n2)cc1,6.2924
COc1cc(C2C3=C(CCCC3=O)NC3=C2C(=O)CCC3)ccc1OCc1ccc(F)cc1,3.9031
COc1cc(/C=N/NC(=O)N2CCN(c3ccccn3)CC2)cc(OC)c1OC,5.2449
O=C(N/N=C/c1ccccc1)N1CCN(c2ccccn2)CC1,5.4413
O=C(N/N=C/c1ccc(O)cc1)N1CCN(c2ccccn2)CC1,5.3179
O=C(N/N=C/c1ccc(O)cc1O)N1CCN(c2ccccn2)CC1,5.3298
Cc1ccc(/C=N/NC(=O)N2CCN(c3ccccn3)CC2)cc1,5.3206
O=C(N/N=C/c1ccc([N+](=O)[O-])cc1)N1CCN(c2ccccn2)CC1,5.9355
O=C(N/N=C/c1ccc(C(F)(F)F)cc1)N1CCN(c2ccccn2)CC1,5.8794
O=C(N/N=C/c1ccc(OC(F)(F)F)cc1)N1CCN(c2ccccn2)CC1,5.5361
O=C(N/N=C/c1ccc(Cl)cc1)N1CCN(c2ccccn2)CC1,5.4660
O=C(N/N=C/c1ccc(F)cc1)N1CCN(c2ccccn2)CC1,5.7282
O=C(N/N=C/c1ccc(Br)cc1)N1CCN(c2ccccn2)CC1,6.3107
O=C(N/N=C/c1ccc(F)cc1F)N1CCN(c2ccccn2)CC1,6.1662
c1ccc(-c2nnc(N3CCN(c4ccccn4)CC3)o2)cc1,6.4672
COc1cccc(-c2nnc(N3CCN(c4ccccn4)CC3)o2)c1OC,5.9245
COc1cc(-c2nnc(N3CCN(c4ccccn4)CC3)o2)cc(OC)c1OC,6.6536
Oc1ccc(-c2nnc(N3CCN(c4ccccn4)CC3)o2)cc1,5.9281
Oc1ccccc1-c1nnc(N2CCN(c3ccccn3)CC2)o1,5.9101
Oc1ccc(-c2nnc(N3CCN(c4ccccn4)CC3)o2)c(O)c1,5.8729
Cc1cccc(-c2nnc(N3CCN(c4ccccn4)CC3)o2)c1,5.2807
Cc1ccc(-c2nnc(N3CCN(c4ccccn4)CC3)o2)cc1,5.9914
O=[N+]([O-])c1ccc(-c2nnc(N3CCN(c4ccccn4)CC3)o2)cc1,6.6596
FC(F)(F)c1ccc(-c2nnc(N3CCN(c4ccccn4)CC3)o2)cc1,6.7399
FC(F)(F)Oc1ccc(-c2nnc(N3CCN(c4ccccn4)CC3)o2)cc1,7.0506
Clc1ccc(-c2nnc(N3CCN(c4ccccn4)CC3)o2)cc1,6.9914
Fc1ccc(-c2nnc(N3CCN(c4ccccn4)CC3)o2)cc1,6.8665
Brc1ccc(-c2nnc(N3CCN(c4ccccn4)CC3)o2)cc1,7.1308
Fc1ccc(-c2nnc(N3CCN(c4ccccn4)CC3)o2)c(F)c1,7.3952
CCn1cc(CNCc2c[nH]nc2-c2ccc(-c3ccccc3)cc2)cn1,6.1534
Cc1ccc(C(C)C)cc1O,3.5473
Cc1cc(S(=O)(=O)Nc2ccccc2O)c(C(C)C)cc1O,5.0585
Cc1cc(S(=O)(=O)NCc2ccccn2)c(C(C)C)cc1O,5.1555
Cc1cc(S(=O)(=O)NN)c(C(C)C)cc1O,5.0343
Cc1cc(S(=O)(=O)Nc2cnccn2)c(C(C)C)cc1O,5.1343
Cc1cc(S(=O)(=O)N2CCOCC2)c(C(C)C)cc1O,5.2487
C[C@@H]1CC[C@H]2[C@H](C(=O)c3c(O)c([C@@]4(O)CC[C@@H](O)[C@H]5O[C@H]54)cn(O)c3=O)[C@H](C)C=C[C@@H]2C1,4.4089
C[C@@H]1CC[C@H]2[C@H](C(=O)c3c4c(cn(O)c3=O)[C@@]3(O)CC[C@H](O)[C@H](O4)[C@@H]3O)[C@H](C)C=C[C@@H]2C1,4.3279
CO[C@]1(c2cn(O)c(=O)c(C(=O)[C@H]3[C@@H]4CC[C@@H](C)C[C@H]4C=C[C@H]3C)c2O)CC[C@@H](O)[C@H]2O[C@H]21,6.0915
C/C=C1\C2C=C(C)CC1(NCC(=O)OC)c1ccc(=O)[nH]c1C2,5.1733
CCCCCCCCCCCCCCCCc1c(C(=O)[O-])ccc[n+]1C,2.6778
CCCCCCCCCCCCCCCCc1cc[n+](C)cc1C(=O)[O-],2.5850
CCCCCCCCCCCCCCCCc1ccc(C(=O)[O-])c[n+]1C,2.5528
CC1=C[C@@H]2Cc3[nH]c(=O)ccc3[C@]3(C1)NCCC[C@H]23,5.5901
CN1CCCC[C@H]1c1ccc(-c2cccnc2)nc1,4.2924
COc1ccc2[nH]cc(CCNC(=O)CN(CCCCCCCCNc3c4c(nc5ccccc35)CCCC4)C(=O)CCCC[C@@H]3CCSS3)c2c1,6.7447
COc1ccc2nc3c(c(NCCCCCCCN(CC(=O)NCCc4c[nH]c5ccc(OC)cc45)C(=O)/C=C/c4ccc(O)c(OC)c4)c2c1)CCCC3,5.8894
COc1ccc2[nH]cc(CCNC(=O)CN(CCCCCCCCNc3c4c(nc5ccccc35)CCCC4)C(=O)/C=C/c3ccc(O)c(OC)c3)c2c1,7.3595
O=C(NO)c1ccc(Nc2c3ccccc3nc3ccccc23)cc1,6.1427
O=C(NO)c1ccc(Nc2c3ccccc3nc3ccc(F)cc23)cc1,6.2218
O=C(NO)c1ccc(Nc2c3ccccc3nc3ccc(Br)cc23)cc1,6.0555
O=C(NO)c1ccc(Nc2c3ccccc3nc3ccc(OC(F)(F)F)cc23)cc1,5.4377
O=C(NO)c1ccc(Nc2c3ccccc3nc3ccc(OCc4ccccc4)cc23)cc1,5.5784
COc1cc2nc3ccccc3c(Nc3ccc(C(=O)NO)cc3)c2c(OC)c1OC,6.1938
COc1ccc2nc3cc(Cl)ccc3c(Nc3ccc(C(=O)NO)cc3)c2n1,5.0339
O=C(NO)c1ccc(Nc2c3c(nc4ccccc24)CCCC3)cc1,5.7055
O=C(NO)c1ccc(Nc2ccnc3ccccc23)cc1,6.0809
c1ccc2nc3ccccc3cc2c1,5.1649
CCN(C)C(=O)Oc1ccc(/C=C/C(=O)N2CCN(Cc3ccccc3)CC2)cc1,4.8297
CCN(C)C(=O)Oc1ccc(/C=C/C(=O)N2CCc3ccccc3C2)cc1,5.1675
CCN(C)C(=O)Oc1ccc(/C=C/C(=O)N2CCC(Cc3ccccc3)CC2)cc1,4.5670
CCN(CC)C(=O)/C=C/c1ccc(OC(=O)N(C)C)c(OC)c1,4.8827
CCN(Cc1ccccc1)C(=O)/C=C/c1ccc(OC(=O)N(c2ccccc2)c2ccccc2)c(OC)c1,4.5513
CCN(C)C(=O)Oc1ccc(/C=C/C(=O)N(CC)Cc2ccccc2)cc1OC,4.6840
COc1cc(/C=C/C(=O)N2CCCCC2)ccc1OC(=O)N(c1ccccc1)c1ccccc1,4.5654
COc1cc(/C=C/C(=O)N2CCCCC2)ccc1OC(=O)N(C)C,5.0410
CCN(C)C(=O)Oc1ccc(/C=C/C(=O)N2CCCCC2)cc1OC,4.9706
COc1cc(/C=C/C(=O)N2CCN(Cc3ccccc3)CC2)ccc1OC(=O)N(c1ccccc1)c1ccccc1,4.5421
COc1cc(/C=C/C(=O)N2CCN(Cc3ccccc3)CC2)ccc1OC(=O)N(C)C,4.6289
CCN(CC)C(=O)Oc1ccc(/C=C/C(=O)N2CCN(Cc3ccccc3)CC2)cc1OC,4.7747
COc1cc(/C=C/C(=O)N2CCc3ccccc3C2)ccc1OC(=O)N(C)OC,4.9101
COc1cc(/C=C/C(=O)N2CCc3ccccc3C2)ccc1OC(=O)N(c1ccccc1)c1ccccc1,4.5157
COc1cc(/C=C/C(=O)N2CCc3ccccc3C2)ccc1OC(=O)N(C)C,4.7471
CCN(C)C(=O)Oc1ccc(/C=C/C(=O)N2CCc3ccccc3C2)cc1OC,4.9747
CCN(CC)C(=O)Oc1ccc(/C=C/C(=O)N2CCc3ccccc3C2)cc1OC,4.8041
COc1cc(/C=C/C(=O)N2CCC(Cc3ccccc3)CC2)ccc1OC(=O)N(c1ccccc1)c1ccccc1,4.4935
COc1cc(/C=C/C(=O)N2CCC(Cc3ccccc3)CC2)ccc1OC(=O)N(C)C,4.7799
CCN(C)C(=O)Oc1ccc(/C=C/C(=O)N2CCC(Cc3ccccc3)CC2)cc1OC,4.7620
CCN(CC)C(=O)Oc1ccc(/C=C/C(=O)N2CCC(Cc3ccccc3)CC2)cc1OC,4.7055
NC(=O)c1sc(-c2ccnc(NC(=O)C3CC3)c2)nc1OCCCC1CCN(Cc2ccc(F)cc2)CC1,6.5086
NC(=O)c1sc(-c2ccnc(NC(=O)C3CC3)c2)nc1OCCCC1CCN(Cc2cccc(F)c2)CC1,5.5229
NC(=O)c1sc(-c2ccnc(NC(=O)C3CC3)c2)nc1OCCCC1CCN(Cc2ccccc2F)CC1,5.8794
NC(=O)c1sc(-c2ccnc(NC(=O)C3CC3)c2)nc1OCCCC1CCN(Cc2ccccc2)CC1,6.4202
NC(=O)c1sc(-c2ccnc(NC(=O)C3CC3)c2)nc1OCCC1CCN(Cc2ccc(F)c(F)c2)CC1,4.3686
NC(=O)c1sc(-c2ccnc(NC(=O)C3CC3)c2)nc1OCCC1CCN(Cc2c(F)cccc2F)CC1,4.7100
NC(=O)c1sc(-c2ccnc(NC(=O)C3CC3)c2)nc1OCCC1CCN(Cc2ccc(F)cc2)CC1,5.3468
NC(=O)c1sc(-c2ccnc(NC(=O)C3CC3)c2)nc1OCCC1CCN(Cc2cccc(F)c2)CC1,5.3279
NC(=O)c1sc(-c2ccnc(NC(=O)C3CC3)c2)nc1OCCC1CCN(Cc2ccccc2Cl)CC1,5.4318
NC(=O)c1sc(-c2ccnc(NC(=O)C3CC3)c2)nc1OCCC1CCN(Cc2ccccn2)CC1,5.1805
NC(=O)c1sc(-c2ccnc(NC(=O)C3CC3)c2)nc1OCCC1CCN(Cc2ccccc2F)CC1,5.1079
NC(=O)c1sc(-c2ccnc(NC(=O)C3CC3)c2)nc1OCCC1CCN(Cc2ccccc2)CC1,6.1367
NC(=O)c1sc(-c2ccnc(NC(=O)C3CC3)c2)nc1OCC1CCN(Cc2ccccc2)CC1,5.8239
CNC(=O)c1sc(-c2ccnc(NC(=O)C3CC3)c2)nc1OCC1CCN(Cc2cccc([N+](=O)[O-])c2)CC1,5.2218
CNC(=O)c1sc(-c2ccnc(NC(=O)C3CC3)c2)nc1OCC1CCN(Cc2ccc(Cl)cc2)CC1,4.0862
CNC(=O)c1sc(-c2ccnc(NC(=O)C3CC3)c2)nc1OCC1CCN(Cc2cccc(Br)c2)CC1,3.4045
CNC(=O)c1sc(-c2ccnc(NC(=O)C3CC3)c2)nc1OCC1CCN(Cc2ccc(Cl)c(Cl)c2)CC1,4.0132
CNC(=O)c1sc(-c2ccnc(NC(=O)C3CC3)c2)nc1OCC1CCN(Cc2ccc(F)c(F)c2)CC1,4.0969
CNC(=O)c1sc(-c2ccnc(NC(=O)C3CC3)c2)nc1OCC1CCN(Cc2ccccc2F)CC1,5.0458
CNC(=O)c1sc(-c2ccnc(NC(=O)C3CC3)c2)nc1OCC1CCN(Cc2ccccc2)CC1,5.0969
CNC(=O)c1sc(-c2ccnc(NC(=O)C3CC3)c2)nc1OC1CCN(Cc2ccccc2)CC1,5.6367
c1cnc(Nc2nnc(-c3cccc4ccccc34)o2)nc1,6.6448
c1ccc(-c2nnc(Nc3ncccn3)o2)cc1,5.6900
Cc1ccc(-c2nnc(Nc3ncccn3)o2)cc1,5.7900
COc1ccc(-c2nnc(Nc3ncccn3)o2)cc1,5.8100
COc1ccc(-c2nnc(Nc3ncccn3)o2)cc1OC,5.7200
COc1cc(-c2nnc(Nc3ncccn3)o2)cc(OC)c1OC,5.9100
Oc1ccc(-c2nnc(Nc3ncccn3)o2)cc1,5.7600
Fc1ccc(-c2nnc(Nc3ncccn3)o2)cc1,5.6200
Clc1ccc(-c2nnc(Nc3ncccn3)o2)cc1,5.5400
Brc1ccc(-c2nnc(Nc3ncccn3)o2)cc1,5.4300
Brc1cccc(-c2nnc(Nc3ncccn3)o2)c1,5.4800
O=[N+]([O-])c1ccccc1-c1nnc(Nc2ncccn2)o1,5.4700
C(=N/C1CCN(Cc2ccccc2)C1)/c1ccccc1,5.3850
COc1cc(/C=N\C2CCN(Cc3ccccc3)C2)cc(OC)c1OC,5.1083
Oc1ccc(/C=N\C2CCN(Cc3ccccc3)C2)cc1,5.2496
Oc1ccc(/C=N\C2CCN(Cc3ccccc3)C2)c(O)c1,5.4343
O=[N+]([O-])c1ccc(/C=N\C2CCN(Cc3ccccc3)C2)cc1,5.6089
FC(F)(F)c1ccc(/C=N\C2CCN(Cc3ccccc3)C2)cc1,5.9834
FC(F)(F)Oc1ccc(/C=N\C2CCN(Cc3ccccc3)C2)cc1,6.0635
Clc1ccc(/C=N\C2CCN(Cc3ccccc3)C2)cc1,5.9062
Fc1ccc(/C=N\C2CCN(Cc3ccccc3)C2)cc1,5.9722
Brc1ccc(/C=N\C2CCN(Cc3ccccc3)C2)cc1,5.8851
Fc1ccc(/C=N\C2CCN(Cc3ccccc3)C2)c(F)c1,6.0155
c1ccc(CNC2CCN(Cc3ccccc3)C2)cc1,5.9485
COc1cccc(CNC2CCN(Cc3ccccc3)C2)c1OC,5.3582
COc1cc(CNC2CCN(Cc3ccccc3)C2)cc(OC)c1OC,5.5051
Oc1ccc(CNC2CCN(Cc3ccccc3)C2)cc1,5.7575
Oc1ccccc1CNC1CCN(Cc2ccccc2)C1,5.6463
Oc1ccc(CNC2CCN(Cc3ccccc3)C2)c(O)c1,5.8176
Cc1ccc(CNC2CCN(Cc3ccccc3)C2)cc1,5.1944
O=[N+]([O-])c1ccc(CNC2CCN(Cc3ccccc3)C2)cc1,6.1302
FC(F)(F)c1ccc(CNC2CCN(Cc3ccccc3)C2)cc1,6.8928
FC(F)(F)Oc1ccc(CNC2CCN(Cc3ccccc3)C2)cc1,7.4374
Clc1ccc(CNC2CCN(Cc3ccccc3)C2)cc1,6.7496
Fc1ccc(CNC2CCN(Cc3ccccc3)C2)cc1,6.8268
Brc1ccc(CNC2CCN(Cc3ccccc3)C2)cc1,6.8761
Fc1ccc(CNC2CCN(Cc3ccccc3)C2)c(F)c1,7.1612
O=C(CCCCCN1CCC2c3ccccc3NC2C1)Nc1ccc(/C=C2\CCn3c2nc2ccccc2c3=O)cc1,6.8146
O=C(CCCCN1CCC2c3ccccc3NC2C1)Nc1ccc(/C=C2\CCn3c2nc2ccccc2c3=O)cc1,7.0074
O=C(CCN1CCC2c3ccccc3NC2C1)Nc1ccc(/C=C2\CCn3c2nc2ccccc2c3=O)cc1,8.0110
O=C(CCCCCN1CCC2c3ccccc3NC2C1)Oc1ccc(/C=C2\CCn3c2nc2ccccc2c3=O)cc1,7.9698
O=C(CCCCN1CCC2c3ccccc3NC2C1)Oc1ccc(/C=C2\CCn3c2nc2ccccc2c3=O)cc1,8.9666
O=C(CCCN1CCC2c3ccccc3NC2C1)Oc1ccc(/C=C2\CCn3c2nc2ccccc2c3=O)cc1,7.7815
O=C(CCN1CCC2c3ccccc3NC2C1)Oc1ccc(/C=C2\CCn3c2nc2ccccc2c3=O)cc1,9.0315
O=C(CN1CCC2c3ccccc3NC2C1)Oc1ccc(/C=C2\CCn3c2nc2ccccc2c3=O)cc1,6.6649
CS[C@@H](Cn1nnc2cc(C#Cc3ccc(CN4CCOCC4)cc3)ccc21)N(O)C=O,5.4559
CS[C@@H](Cn1nnc2cc(C#Cc3ccc(-n4ccnc4CO)cc3)ccc21)N(O)C=O,4.8239
CS[C@@H](Cn1nnc2cc(C#Cc3ccc(N4CC5(COC5)C4)cc3)ccc21)N(O)C=O,4.4949
CS[C@@H](Cn1nnc2cc(C#Cc3ccc(N4C[C@H](O)[C@@H](O)C4)cc3)ccc21)N(O)C=O,4.6576
CCN(C)C(=O)Oc1ccc(-c2cc(=O)c3c(O)cc(OC(=O)N(C)CC)cc3o2)cc1,5.1349
CON(C)C(=O)Oc1ccc(-c2cc(=O)c3c(O)cc(OC(=O)N(C)OC)cc3o2)cc1,4.9914
CCN(C)C(=O)Oc1ccc(-c2cc(=O)c3c(OC(=O)N(C)CC)cc(OC(=O)N(C)CC)cc3o2)cc1,4.9732
CON(C)C(=O)Oc1ccc(-c2cc(=O)c3c(OC(=O)N(C)OC)cc(OC(=O)N(C)OC)cc3o2)cc1,4.8962
COc1ccc2cc3[n+](cc2c1OCc1ccccc1)CCc1cc2c(cc1-3)OCO2.[Br-],5.3010
COc1ccc2cc3[n+](cc2c1OCc1cccc(C)c1)CCc1cc2c(cc1-3)OCO2.[Br-],5.1367
COc1ccc2cc3[n+](cc2c1OCc1ccccc1C)CCc1cc2c(cc1-3)OCO2.[Br-],4.9830
COc1ccc2cc3[n+](cc2c1OCc1ccc(C)cc1)CCc1cc2c(cc1-3)OCO2.[Br-],4.1203
COc1ccc2cc3[n+](cc2c1OCc1ccc(C(C)C)cc1)CCc1cc2c(cc1-3)OCO2.[Br-],5.3768
COc1ccc2cc3[n+](cc2c1OCc1cc(C)cc(C)c1)CCc1cc2c(cc1-3)OCO2.[Br-],5.6021
COc1ccc2cc3[n+](cc2c1OCc1ccc(Br)cc1)CCc1cc2c(cc1-3)OCO2.[Br-],5.4815
COc1ccc2cc3[n+](cc2c1OCc1cccc(Br)c1)CCc1cc2c(cc1-3)OCO2.[Br-],5.5686
COc1ccc2cc3[n+](cc2c1OCc1ccccc1Br)CCc1cc2c(cc1-3)OCO2.[Br-],5.7696
COc1ccc2cc3[n+](cc2c1OCc1ccc([N+](=O)[O-])cc1)CCc1cc2c(cc1-3)OCO2.[Br-],6.0044
COc1ccc2cc3[n+](cc2c1OCc1ccc(SC)cc1)CCc1cc2c(cc1-3)OCO2.[Br-],5.5850
COc1ccc2cc3[n+](cc2c1OCc1cccc([N+](=O)[O-])c1)CCc1cc2c(cc1-3)OCO2.[Br-],5.8386
COc1ccc2cc3[n+](cc2c1OCc1cccc(Cl)c1)CCc1cc2c(cc1-3)OCO2.[Br-],5.7212
COc1ccc2cc3[n+](cc2c1OCc1ccc(Cl)cc1)CCc1cc2c(cc1-3)OCO2.[Br-],5.6021
COc1ccc2cc3[n+](cc2c1OCc1ccc(Cl)c(Cl)c1)CCc1cc2c(cc1-3)OCO2.[Br-],5.9136
COC(=O)c1ccc(COc2c(OC)ccc3cc4[n+](cc23)CCc2cc3c(cc2-4)OCO3)cc1.[Br-],5.5850
COc1ccc2cc3[n+](cc2c1OCc1ccc(C#N)cc1)CCc1cc2c(cc1-3)OCO2.[Br-],5.7696
COc1cccc(COc2c(OC)ccc3cc4[n+](cc23)CCc2cc3c(cc2-4)OCO3)c1.[Br-],5.4559
COc1ccc2cc3[n+](cc2c1OCc1ccc(C(F)(F)F)cc1)CCc1cc2c(cc1-3)OCO2.[Br-],7.6135
COc1ccc(COc2c(OC)ccc3cc4[n+](cc23)CCc2cc3c(cc2-4)OCO3)cc1.[Br-],5.2757
COc1ccc2cc3[n+](cc2c1OCc1ccc2ccccc2c1)CCc1cc2c(cc1-3)OCO2.[Br-],5.8239
COc1ccc2cc3[n+](cc2c1OC(C)c1ccccc1)CCc1cc2c(cc1-3)OCO2.[Br-],6.1024
O=c1c2ccccc2oc2ccc(OCCCCCN3CCCCCC3)cc12,6.4067
O=c1c2cc(Cl)ccc2oc2ccc(OCCCCCN3CCCCCC3)cc12,6.9208
CCCCN[C@@H](Cc1c[nH]c2ccccc12)C(=O)NCCC1CCN(Cc2ccccc2)CC1,4.5952
CCCCN[C@@H](Cc1c[nH]c2ccccc12)C(=O)NCCC1CCCN(Cc2ccccc2)CC1,4.7959
CCCCN[C@@H](Cc1c[nH]c2ccccc12)C(=O)NCCC1CCN(CC2CCN(C)CC2)CC1,4.5272
COc1ccc2cc(C(=O)NCCC3CCN(Cc4ccccc4)CC3)ccc2c1,6.7237
CNC(=O)c1sc(-c2ccnc(NC(=O)C3CC3)c2)nc1OCCc1cn(CCNc2c3c(nc4cc(Cl)ccc24)CCCC3)nn1,7.4123
CNC(=O)c1sc(-c2ccnc(NC(=O)C3CC3)c2)nc1OCCc1cn(CCNc2c3c(nc4ccccc24)CCCC3)nn1,6.5702
CNC(=O)c1sc(-c2ccnc(NC(=O)C3CC3)c2)nc1OCCCc1cn(CCNc2c3c(nc4ccccc24)CCCC3)nn1,6.7747
CNC(=O)c1sc(-c2ccnc(NC(=O)C3CC3)c2)nc1OCCOCc1cn(CCNc2c3c(nc4cc(Cl)ccc24)CCCC3)nn1,7.9172
CNC(=O)c1sc(-c2ccnc(NC(=O)C3CC3)c2)nc1OCCOCc1cn(CCNc2c3c(nc4ccccc24)CCCC3)nn1,7.3497
O=C(NCCCNc1c2c(nc3ccccc13)CCCC2)c1sc(-c2ccnc(NC(=O)C3CC3)c2)nc1OCC1CC1,6.5064
O=C(NCCCNc1c2c(nc3ccccc13)CCCC2)c1sc(-c2ccnc(NC(=O)C3CCC3)c2)nc1OCC1CC1,6.5299
CC(=O)Nc1cc(-c2nc(OCC3CC3)c(C(=O)NCCCNc3c4c(nc5ccccc35)CCCC4)s2)ccn1,6.4049
CNC(=O)c1sc(-c2ccnc(NC(=O)CNCCNc3c4c(nc5ccccc35)CCCC4)c2)nc1OCC1CC1,8.9208
CNC(=O)c1sc(-c2ccnc(NC(=O)CNCCNc3c4c(nc5cc(Cl)ccc35)CCCC4)c2)nc1OCC1CC1,7.3925
CNC(=O)c1sc(-c2ccnc(NC(=O)CNCCNc3c4c(nc5ccc(OC)cc35)CCCC4)c2)nc1OCC1CC1,7.5129
CCNC(=O)c1sc(-c2ccnc(NC(=O)CNCCNc3c4c(nc5ccccc35)CCCC4)c2)nc1OCC1CC1,7.3449
CCCNC(=O)c1sc(-c2ccnc(NC(=O)CNCCNc3c4c(nc5ccccc35)CCCC4)c2)nc1OCC1CC1,8.3098
NC(=O)c1sc(-c2ccnc(NC(=O)CNCCNc3c4c(nc5ccccc35)CCCC4)c2)nc1OCC1CC1,9.0969
CNC(=O)c1sc(-c2ccnc(NC(=O)CNCCCCNc3c4c(nc5ccccc35)CCCC4)c2)nc1OCC1CC1,7.6364
CNC(=O)c1sc(-c2ccnc(NC(=O)CNCCCCCCNc3c4c(nc5ccccc35)CCCC4)c2)nc1OCC1CC1,7.6596
CNC(=O)c1sc(-c2ccnc(NC(=O)CNCCCCCCCCNc3c4c(nc5ccccc35)CCCC4)c2)nc1OCC1CC1,7.8182
CNC(=O)c1sc(-c2ccnc(NC(=O)CNCCNc3c4c(nc5ccccc35)CCCC4)c2)nc1OC,7.0114
CNC(=O)c1sc(-c2ccnc(NC(=O)CNCCNc3c4c(nc5ccccc35)CCCC4)c2)nc1OCC1CCC1,6.8088
CNC(=O)c1sc(-c2ccnc(NC(=O)CNCCNc3c4c(nc5ccccc35)CCCC4)c2)nc1OCC(C)(C)C,6.9876
CNC(=O)c1sc(-c2ccnc(NC(=O)CNCCNc3c4c(nc5ccccc35)CCCC4)c2)nc1OC(C)C,6.6245
CNC(=O)c1sc(-c2ccnc(NC(=O)CNCCNc3c4c(nc5ccccc35)CCCC4)c2)nc1OCC(C)C,7.3080
COc1cc(CNC(=O)CCCCNc2c3c(nc4cc(Cl)ccc24)CC2C=C(C)CC3C2)ccc1O,8.2612
COc1cc(CNC(=O)CCCCCNc2c3c(nc4cc(Cl)ccc24)CC2C=C(C)CC3C2)ccc1O,8.3615
COc1cc(CNC(=O)CCCCCCNc2c3c(nc4cc(Cl)ccc24)CC2C=C(C)CC3C2)ccc1O,9.0702
COc1cc(CNC(=O)CCCCCCCNc2c3c(nc4cc(Cl)ccc24)CC2C=C(C)CC3C2)ccc1O,8.7122
COc1cc(CNC(=O)CCCCCCCCNc2c3c(nc4cc(Cl)ccc24)CC2C=C(C)CC3C2)ccc1O,8.5317
COc1cc(CNC(=O)c2ccc(CNc3c4c(nc5cc(Cl)ccc35)CC3C=C(C)CC4C3)cc2)ccc1O,7.6038
COc1cc(CNC(=O)CCCC/C=C/CNc2c3c(nc4cc(Cl)ccc24)CC2C=C(C)CC3C2)ccc1O,8.3556
COc1cc(CNC(=O)CCCC/C=C/CCCNc2c3c(nc4cc(Cl)ccc24)CC2C=C(C)CC3C2)ccc1O,8.2487
COc1cc(CNC(=O)Cc2cn(CCCCC3=CC4Cc5nc6cc(Cl)ccc6c(N)c5C(C3)C4)nn2)ccc1O,8.9747
Cn1c(=O)sc2cc(C(=O)CCN3CCN(Cc4ccccc4)CC3)ccc21,6.3372
COc1cc2c(cc1OC)/C(=C/c1ccc(N3CCCCC3)c(O)c1)OC2=O,7.3010
COc1cc2c(cc1OC)/C(=C\c1ccc(N3CCCCC3)c(O)c1)OC2=O,7.9208
CCN(CC)c1cc(/C=C2\OC(=O)c3cc(OC)c(OC)cc32)ccc1O,8.8097
CCN(CC)c1cc(/C=C2/OC(=O)c3cc(OC)c(OC)cc32)ccc1O,8.8928
O=C1c2ccccc2C(=O)C12N1CSC[C@@H]1[C@@H](c1cccs1)[C@@]21CSc2ccccc2C1=O,4.7185
O=C1c2ccccc2C(=O)C12N1CSC[C@@H]1[C@@H](c1cccc3ccccc13)[C@@]21CSc2ccccc2C1=O,4.7830
O=C1c2ccccc2C(=O)C12N1CSC[C@@H]1[C@@H](c1ccc(Cl)cc1Cl)[C@@]21CSc2ccccc2C1=O,4.7104
O=C1c2ccccc2C(=O)C12N1CSC[C@@H]1[C@@H](c1ccccc1Cl)[C@@]21CSc2ccccc2C1=O,4.4794
O=C1c2ccccc2C(=O)C12N1CSC[C@@H]1[C@@H](c1cccc(Br)c1)[C@@]21CSc2ccccc2C1=O,4.4163
O=C1c2ccccc2C(=O)C12N1CSC[C@@H]1[C@@H](c1cccc(F)c1)[C@@]21CSc2ccccc2C1=O,4.9122
COc1ccc([C@@H]2[C@H]3CSCN3C3(C(=O)c4ccccc4C3=O)[C@]23CSc2ccccc2C3=O)cc1,5.9586
CC(C)c1ccc([C@@H]2[C@H]3CSCN3C3(C(=O)c4ccccc4C3=O)[C@]23CSc2ccccc2C3=O)cc1,4.5476
Cc1ccc([C@@H]2[C@H]3CSCN3C3(C(=O)c4ccccc4C3=O)[C@]23CSc2ccccc2C3=O)cc1,5.1481
O=C1c2ccccc2C(=O)C12N1CSC[C@@H]1[C@@H](c1ccccc1)[C@@]21CSc2ccccc2C1=O,4.8908
O=C1c2ccccc2C(=O)C12N1CSC[C@@H]1[C@@H](c1ccc(Br)cc1)[C@@]21CSc2ccccc2C1=O,4.4614
O=C1c2ccccc2C(=O)C12N1CSC[C@@H]1[C@@H](c1ccc(Cl)cc1)[C@@]21CSc2ccccc2C1=O,4.6720
O=C1c2ccccc2C(=O)C12N1CSC[C@@H]1[C@@H](c1ccc(F)cc1)[C@@]21CSc2ccccc2C1=O,4.7033
CN1C[C@@H](c2cccs2)[C@@]2(CSc3ccccc3C2=O)C12C(=O)c1ccccc1C2=O,4.6745
CN1C[C@@H](c2cccc3ccccc23)[C@@]2(CSc3ccccc3C2=O)C12C(=O)c1ccccc1C2=O,5.6737
CN1C[C@@H](c2ccc(Cl)cc2Cl)[C@@]2(CSc3ccccc3C2=O)C12C(=O)c1ccccc1C2=O,4.6176
CN1C[C@@H](c2ccccc2Br)[C@@]2(CSc3ccccc3C2=O)C12C(=O)c1ccccc1C2=O,4.5670
CN1C[C@@H](c2ccccc2Cl)[C@@]2(CSc3ccccc3C2=O)C12C(=O)c1ccccc1C2=O,4.9952
CN1C[C@@H](c2cccc(Br)c2)[C@@]2(CSc3ccccc3C2=O)C12C(=O)c1ccccc1C2=O,4.7033
CN1C[C@@H](c2cccc(F)c2)[C@@]2(CSc3ccccc3C2=O)C12C(=O)c1ccccc1C2=O,4.6098
COc1ccc([C@@H]2CN(C)C3(C(=O)c4ccccc4C3=O)[C@]23CSc2ccccc2C3=O)cc1,5.9355
CC(C)c1ccc([C@@H]2CN(C)C3(C(=O)c4ccccc4C3=O)[C@]23CSc2ccccc2C3=O)cc1,4.7033
Cc1ccc([C@@H]2CN(C)C3(C(=O)c4ccccc4C3=O)[C@]23CSc2ccccc2C3=O)cc1,5.1805
CN1C[C@@H](c2ccccc2)[C@@]2(CSc3ccccc3C2=O)C12C(=O)c1ccccc1C2=O,4.9539
CN1C[C@@H](c2ccc(Br)cc2)[C@@]2(CSc3ccccc3C2=O)C12C(=O)c1ccccc1C2=O,4.5476
CN1C[C@@H](c2ccc(Cl)cc2)[C@@]2(CSc3ccccc3C2=O)C12C(=O)c1ccccc1C2=O,4.6529
CN1C[C@@H](c2ccc(F)cc2)[C@@]2(CSc3ccccc3C2=O)C12C(=O)c1ccccc1C2=O,4.6323
COc1cc2c(cc1O)CCC(C)(CCN)O2,3.9957
COc1cc2c(cc1O)CCC(C)(CC(=O)NCCCCCCNc1c3c(nc4ccccc14)CCCC3)O2,6.5607
COc1cc2c(cc1O)CCC(C)(CC(=O)NCCCCCCCCCNc1c3c(nc4ccccc14)CCCC3)O2,7.2381
COc1cc2c(cc1O)CCC(C)(CC(=O)NCCCCCCCCNc1c3c(nc4ccccc14)CCCC3)O2,7.1561
COc1cc2c(cc1O)CCC(C)(CC(=O)NCCCCCCCNc1c3c(nc4ccccc14)CCCC3)O2,6.9547
COc1cc2c(cc1OCc1ccccc1)CCC(C)(CC(=O)NCCCCCCNc1c3c(nc4cc(Cl)ccc14)CCCC3)O2,7.9586
COc1cc2c(cc1OCc1ccccc1)CCC(C)(CC(=O)NCCCCCCCCCNc1c3c(nc4cc(Cl)ccc14)CCCC3)O2,8.1029
COc1cc2c(cc1OCc1ccccc1)CCC(C)(CC(=O)NCCCCCCCCNc1c3c(nc4cc(Cl)ccc14)CCCC3)O2,7.9830
COc1cc2c(cc1O)CCC(C)(CC(=O)NCCCCCCCNc1c3c(nc4cc(Cl)ccc14)CCCC3)O2,8.2652
COc1cc2c(cc1O)CCC(C)(CC(=O)NCCCCCCCCNc1c3c(nc4cc(Cl)ccc14)CCCC3)O2,8.4330
COc1cc2c(cc1O)CCC(C)(CC(=O)NCCCCCCCCCNc1c3c(nc4cc(Cl)ccc14)CCCC3)O2,8.6882
COc1cc2c(cc1O)CCC(C)(CC(=O)NCCOCCOCCNc1c3c(nc4cc(Cl)ccc14)CCCC3)O2,7.3197
COc1cc2c(cc1O)CCC(C)(CCC(=O)NCCCCCCNc1c3c(nc4cc(Cl)ccc14)CCCC3)O2,8.4202
COc1cc2c(cc1O)CCC(C)(CCC(=O)NCCCCCCCNc1c3c(nc4cc(Cl)ccc14)CCCC3)O2,8.1002
COc1cc2c(cc1O)CCC(C)(CCC(=O)NCCCCCCCCNc1c3c(nc4cc(Cl)ccc14)CCCC3)O2,8.2055
COc1cc2c(cc1O)CCC(C)(CCNCCCCCCCNc1c3c(nc4cc(Cl)ccc14)CCCC3)O2,9.3565
COc1cc2c(cc1O)CCC(C)(CCNCCCCCCCCNc1c3c(nc4cc(Cl)ccc14)CCCC3)O2,9.8794
COc1cc2c(cc1O)CCC(C)(CCNCCCCCCCCCNc1c3c(nc4cc(Cl)ccc14)CCCC3)O2,9.5686
COc1cc2c(cc1O)CCC(C)(CCNCCOCCOCCNc1c3c(nc4cc(Cl)ccc14)CCCC3)O2,8.0783
COc1cc2c(cc1OCc1ccccc1)CCC(C)(CC(=O)NCCCCCCCNc1c3c(nc4cc(Cl)ccc14)CCCC3)O2,8.1555
COCCn1cnc2cc(NC(=O)c3ccccc3)cc(C(=O)NCc3cc(F)cc(F)c3)c21,6.9208
O=c1ccoc2ccc(OCCCCN3CCCCC3)cc12,5.2534
O=c1ccoc2ccc(OCCCCCN3CCOCC3)cc12,4.0168
O=c1ccoc2ccc(OCCCN3CCCCCC3)cc12,4.9747
O=c1ccoc2ccc(OCCCCN3CCCC3)cc12,5.4271
O=c1ccoc2ccc(OCCCCCN3CCCC3)cc12,5.1427
O=c1ccoc2ccc(OCCCN3CCCCC3)cc12,5.0260
CCN(C)C(=O)Oc1cccc(CNCCc2c[nH]c3cc(F)ccc23)c1,4.7825
CCN(C)C(=O)Oc1cccc(CNCCc2c[nH]c3cc(F)ccc23)c1.O=C(O)/C=C/C(=O)O,4.7556
CCOC(=O)c1c(C)nc(N2CCN(S(=O)(=O)c3ccc(NC(C)=O)cc3)CC2)nc1-c1ccc(OC)cc1,6.8793
CCOC(=O)c1c(C)nc(N2CCN(S(=O)(=O)c3ccc(NC(C)=O)c(Cl)c3)CC2)nc1-c1ccc(OC)cc1,7.0574
CCOC(=O)c1c(C)nc(N2CCN(S(=O)(=O)c3ccc(NC(C)=O)c(F)c3)CC2)nc1-c1ccc(OC)cc1,7.0367
CCOC(=O)c1c(C)nc(N2CCN(S(=O)(=O)c3ccc(NC(C)=O)c(OC)c3)CC2)nc1-c1ccc(OC)cc1,7.1010
CCOC(=O)c1c(C)nc(N2CCN(S(=O)(=O)c3ccc(NC(C)=O)cc3)CC2)nc1-c1ccccc1,6.9289
CCOC(=O)c1c(C)nc(N2CCN(S(=O)(=O)c3ccc(NC(C)=O)c(Cl)c3)CC2)nc1-c1ccccc1,6.8431
CCOC(=O)c1c(C)nc(N2CCN(S(=O)(=O)c3ccc(NC(C)=O)c(F)c3)CC2)nc1-c1ccccc1,7.0113
CCOC(=O)c1c(C)nc(N2CCN(S(=O)(=O)c3ccc(NC(C)=O)c(OC)c3)CC2)nc1-c1ccccc1,7.1024
CCOC(=O)c1c(C)nc(N2CCN(S(=O)(=O)c3ccc(NC(C)=O)cc3)CC2)nc1-c1ccc(OC)c(OC)c1,7.0516
CCOC(=O)c1c(C)nc(N2CCN(S(=O)(=O)c3ccc(NC(C)=O)c(Cl)c3)CC2)nc1-c1ccc(OC)c(OC)c1,7.7109
CCOC(=O)c1c(C)nc(N2CCN(S(=O)(=O)c3ccc(NC(C)=O)c(F)c3)CC2)nc1-c1ccc(OC)c(OC)c1,7.1162
CCOC(=O)c1c(C)nc(N2CCN(S(=O)(=O)c3ccc(NC(C)=O)c(OC)c3)CC2)nc1-c1ccc(OC)c(OC)c1,7.1015
CCOC(=O)c1c(C)nc(N2CCN(S(=O)(=O)c3ccc(N)cc3)CC2)nc1-c1ccc(OC)cc1,7.1433
CCOC(=O)c1c(C)nc(N2CCN(S(=O)(=O)c3ccc(N)c(Cl)c3)CC2)nc1-c1ccc(OC)cc1,7.1084
CCOC(=O)c1c(C)nc(N2CCN(S(=O)(=O)c3ccc(N)c(F)c3)CC2)nc1-c1ccc(OC)cc1,6.9974
CCOC(=O)c1c(C)nc(N2CCN(S(=O)(=O)c3ccc(N)c(OC)c3)CC2)nc1-c1ccc(OC)cc1,7.1643
CCOC(=O)c1c(C)nc(N2CCN(S(=O)(=O)c3ccc(N)c(Cl)c3)CC2)nc1-c1ccccc1,7.1017
CCOC(=O)c1c(C)nc(N2CCN(S(=O)(=O)c3ccc(N)c(OC)c3)CC2)nc1-c1ccccc1,7.0724
CCOC(=O)c1c(C)nc(N2CCN(S(=O)(=O)c3ccc(N)cc3)CC2)nc1-c1ccc(OC)c(OC)c1,7.1674
CCOC(=O)c1c(C)nc(N2CCN(S(=O)(=O)c3ccc(N)c(Cl)c3)CC2)nc1-c1ccc(OC)c(OC)c1,7.2894
CCOC(=O)c1c(C)nc(N2CCN(S(=O)(=O)c3ccc(N)c(F)c3)CC2)nc1-c1ccc(OC)c(OC)c1,7.1800
CCOC(=O)c1c(C)nc(N2CCN(S(=O)(=O)c3ccc(N)c(OC)c3)CC2)nc1-c1ccc(OC)c(OC)c1,7.0676
CCc1ccc(NC(=O)COc2c(Cl)cc(Cl)cc2S(=O)(=O)N2CCN(C(=O)c3ccco3)CC2)cc1,5.2565
CS(=O)(=O)[O-].CS(=O)(=O)[O-].NC(=O)c1cc[n+](COC[n+]2ccccc2/C=N/O)cc1,4.2197
CS(=O)(=O)[O-].CS(=O)(=O)[O-].O/N=C/c1cc[n+](COC[n+]2ccc(/C=N/O)cc2)cc1,5.1675
Cc1cc(/C=N/O)c(O)c(CN2CCN(c3ccncc3)CC2)c1,4.0564
O/N=C/c1cc(Cl)cc(CN2CCN(c3ccncc3)CC2)c1O,5.0250
Cc1cc(/C=N/O)c(O)c(CNc2ccc(S(=O)(=O)Nc3nccs3)cc2)c1,2.2883
O=S(=O)(Nc1nccs1)c1ccc(NCc2cc(Cl)cc(/C=N/O)c2O)cc1,2.3691
Cc1cc(/C=N/O)c(O)c(CN2CCC(n3c(=O)[nH]c4cc(Cl)ccc43)CC2)c1,2.7201
O=c1[nH]c2cc(Cl)ccc2n1C1CCN(Cc2cc(Cl)cc(/C=N/O)c2O)CC1,2.3822
Cc1cc(/C=N/O)c(O)c(CNc2ccc(-n3cccn3)cc2)c1,2.4972
O/N=C/c1cc(Cl)cc(CNc2ccc(-n3cccn3)cc2)c1O,2.5178
Cc1cc(/C=N/O)c(O)c(CNc2ncccc2OCc2ccccc2)c1,4.0146
O/N=C/c1cc(Cl)cc(CNc2ncccc2OCc2ccccc2)c1O,3.0830
Cc1cc(/C=N/O)c(O)c(CNc2ccc(N3CCOCC3=O)cc2)c1,2.2753
O=C1COCCN1c1ccc(NCc2cc(Cl)cc(/C=N/O)c2O)cc1,2.3791
Cc1cc(/C=N/O)c(O)c(CNc2ccc(N3CCOCC3)c(F)c2)c1,2.4856
O/N=C/c1cc(Cl)cc(CNc2ccc(N3CCOCC3)c(F)c2)c1O,2.2279
Cc1cc(/C=N/O)c(O)c(CNc2ccc(Cn3cncn3)cc2)c1,6.0044
COc1ccc(C(CN(C)c2ccc(NCc3cc(C)cc(/C=N/O)c3O)cc2)C2(O)CCCCC2)cc1,2.9010
COc1ccc(C(CN(C)c2ccc(NCc3cc(Cl)cc(/C=N/O)c3O)cc2)C2(O)CCCCC2)cc1,2.6012
COc1cc2c(cc1OC)C(=O)/C(=C/c1ccc(N3CCN(C)CC3)cc1)C2,6.4949
COc1cc2c(cc1OC)C(=O)/C(=C/c1ccc(N3CC[N+](C)(Cc4ccccc4)CC3)cc1)C2.[Cl-],6.3664
COc1cc2c(cc1OC)C(=O)/C(=C/c1ccc(N3CC[N+](C)(Cc4ccc(Br)cc4)CC3)cc1)C2.[Br-],5.5935
COc1cc2c(cc1OC)C(=O)/C(=C/c1ccc(N3CC[N+](C)(Cc4cccc(Br)c4)CC3)cc1)C2.[Br-],5.7011
COc1cc2c(cc1OC)C(=O)/C(=C/c1ccc(N3CC[N+](C)(Cc4ccccc4Br)CC3)cc1)C2.[Br-],6.2676
COc1cc2c(cc1OC)C(=O)/C(=C/c1ccc(N3CC[N+](C)(Cc4cccc(Cl)c4)CC3)cc1)C2.[Br-],6.2474
COc1cc2c(cc1OC)C(=O)/C(=C/c1ccc(N3CC[N+](C)(Cc4ccccc4Cl)CC3)cc1)C2.[Cl-],6.3188
COc1cc2c(cc1OC)C(=O)/C(=C/c1ccc(N3CC[N+](C)(Cc4ccccn4)CC3)cc1)C2.[Cl-],6.4202
CCC[N+]1(C)CCN(c2ccc(/C=C3\Cc4cc(OC)c(OC)cc4C3=O)cc2)CC1.[Br-],5.6676
CCCC[N+]1(C)CCN(c2ccc(/C=C3\Cc4cc(OC)c(OC)cc4C3=O)cc2)CC1.[Br-],6.2676
CCCCC[N+]1(C)CCN(c2ccc(/C=C3\Cc4cc(OC)c(OC)cc4C3=O)cc2)CC1.[Br-],6.2676
CCCCCC[N+]1(C)CCN(c2ccc(/C=C3\Cc4cc(OC)c(OC)cc4C3=O)cc2)CC1.[Br-],5.3716
C=CC[N+]1(C)CCN(c2ccc(/C=C3\Cc4cc(OC)c(OC)cc4C3=O)cc2)CC1.[Cl-],6.3665
COc1cc2c(cc1OC)C(=O)/C(=C/c1ccc(N3CC[N+](C)(CCO)CC3)cc1)C2.[Cl-],5.9586
COc1cc2c(cc1OC)C(=O)/C(=C/c1ccc(OCCN[N+]3(C)CCN(c4ccc(/C=C5\Cc6cc(OC)c(OC)cc6C5=O)cc4)CC3)cc1)C2.[Br-],4.6198
O=c1cc(-c2ccc(OCCCCN3CCC(Cc4ccccc4)CC3)cc2)oc2cc(OCCCCN3CCC(Cc4ccccc4)CC3)cc(O)c12,6.1739
O=c1cc(-c2ccc(OCCCCN3CCN(Cc4ccccc4)CC3)cc2)oc2cc(OCCCCN3CCN(Cc4ccccc4)CC3)cc(O)c12,6.0000
O=c1cc(-c2ccc(OCCCCN3CCc4ccccc4C3)cc2)oc2cc(OCCCCN3CCc4ccccc4C3)cc(O)c12,6.2291
CCN(CCCCOc1ccc(-c2cc(=O)c3c(O)cc(OCCCCN(CC)Cc4ccccc4)cc3o2)cc1)Cc1ccccc1,6.4241
O=C1CC(c2ccc(OCCCCN3CCC(Cc4ccccc4)CC3)cc2)Oc2cc(OCCCCN3CCC(Cc4ccccc4)CC3)cc(O)c21,5.1192
O=C1CC(c2ccc(OCCCCN3CCN(Cc4ccccc4)CC3)cc2)Oc2cc(OCCCCN3CCN(Cc4ccccc4)CC3)cc(O)c21,4.7282
O=C1CC(c2ccc(OCCCCN3CCc4ccccc4C3)cc2)Oc2cc(OCCCCN3CCc4ccccc4C3)cc(O)c21,4.8794
CCN(CCCCOc1ccc(C2CC(=O)c3c(O)cc(OCCCCN(CC)Cc4ccccc4OC)cc3O2)cc1)Cc1ccccc1OC,5.3665
O=c1c(-c2ccc(OCCCCN3CCC(Cc4ccccc4)CC3)cc2)coc2cc(OCCCCN3CCC(Cc4ccccc4)CC3)cc(O)c12,5.1367
O=c1c(-c2ccc(OCCCCN3CCN(Cc4ccccc4)CC3)cc2)coc2cc(OCCCCN3CCN(Cc4ccccc4)CC3)cc(O)c12,4.6003
O=c1c(-c2ccc(OCCCCN3CCc4ccccc4C3)cc2)coc2cc(OCCCCN3CCc4ccccc4C3)cc(O)c12,5.0915
CCN(CCCCOc1ccc(-c2coc3cc(OCCCCN(CC)Cc4ccccc4)cc(O)c3c2=O)cc1)Cc1ccccc1,5.6778
CC1c2ccccc2CCN1CCCCOc1ccc(-c2coc3cc(OCCCCN4CCc5ccccc5C4C)cc(O)c3c2=O)cc1,5.2757
O=c1c(-c2ccc(OCCCCN3CCCCC3)cc2)coc2cc(OCCCCN3CCCCC3)cc(O)c12,6.0915
O=C(/C=C/c1ccc(OCCCCN2CCC(Cc3ccccc3)CC2)cc1)c1c(O)cc(OCCCCN2CCC(Cc3ccccc3)CC2)cc1O,4.9245
CCN(CCCCOc1ccc(/C=C/C(=O)c2c(O)cc(OCCCCN(CC)Cc3ccccc3OC)cc2O)cc1)Cc1ccccc1OC,5.8861
O=C(/C=C/c1ccc(OCCCCN2CCCCC2)cc1)c1c(O)cc(OCCCCN2CCCCC2)cc1O,5.2924
O=C(/C=C/c1ccc(OCCCCN2CCCC2)cc1)c1c(O)cc(OCCCCN2CCCC2)cc1O,5.4949
CCN(CC)CCCCOc1ccc(/C=C/C(=O)c2c(O)cc(OCCCCN(CC)CC)cc2O)cc1,5.3279
COc1cc(/C=C/C(=O)NCC(=O)Nc2ccccc2C)ccc1O,4.7886
COc1cc(/C=C/C(=O)NCC(=O)Nc2cccc(C)c2)ccc1O,4.7233
COc1cc(/C=C/C(=O)NCC(=O)Nc2ccc(C)cc2)ccc1O,4.8989
COc1cc(/C=C/C(=O)NCC(=O)Nc2ccccc2OC)ccc1O,5.2403
COc1cccc(NC(=O)CNC(=O)/C=C/c2ccc(O)c(OC)c2)c1,5.6162
COc1ccc(NC(=O)CNC(=O)/C=C/c2ccc(O)c(OC)c2)cc1,4.7622
COc1cc(/C=C/C(=O)NCC(=O)Nc2ccccc2Cl)ccc1O,5.2426
COc1cc(/C=C/C(=O)NCC(=O)Nc2cccc(Cl)c2)ccc1O,5.2457
COc1cc(/C=C/C(=O)NCC(=O)Nc2ccc(Cl)cc2)ccc1O,5.4647
COc1cc(/C=C/C(=O)NCC(=O)Nc2ccccc2C(F)(F)F)ccc1O,4.8196
COc1cc(/C=C/C(=O)NCC(=O)Nc2cccc(C(F)(F)F)c2)ccc1O,5.0311
COc1cc(/C=C/C(=O)NCC(=O)Nc2ccc(C(F)(F)F)cc2)ccc1O,5.0846
COc1cc(/C=C/C(=O)NCC(=O)Nc2cccc(Br)c2)ccc1O,4.8837
COc1cc(/C=C/C(=O)NCC(=O)Nc2ccc(Br)cc2)ccc1O,4.9897
COc1cc(/C=C/C(=O)NCC(=O)Nc2ccccc2F)ccc1O,4.7637
COc1cc(/C=C/C(=O)NCC(=O)Nc2cccc(F)c2)ccc1O,4.6552
COc1cc(/C=C/C(=O)NCC(=O)Nc2ccc(F)cc2)ccc1O,4.8884
COc1cc(/C=C/C(=O)NCC(=O)Nc2cccc(C#N)c2)ccc1O,4.7956
COc1cc(/C=C/C(=O)NCC(=O)Nc2ccc(C#N)cc2)ccc1O,4.7587
COc1cc(/C=C/C(=O)NCC(=O)Nc2ccccc2)ccc1O,4.6588
COc1cc(/C=C/C(=O)NCC(=O)Nc2ccc3[nH]ccc3c2)ccc1O,5.2411
COc1cc(/C=C/C(=O)NCC(=O)Nc2ccc3ncccc3c2)ccc1O,5.3107
COc1cc(/C=C/C(=O)N2CCN(c3ccccc3)CC2)ccc1O,4.5325
COc1cccc(N2CCN(C(=O)/C=C/c3ccc(O)c(OC)c3)CC2)c1,5.0039
COc1cc(/C=C/C(=O)N2CCN(c3ccc(F)cc3)CC2)ccc1O,4.9570
COc1cc(/C=C/C(=O)N2CCN(c3cccc([N+](=O)[O-])c3)CC2)ccc1O,4.6302
COc1ccc(N2CCN(C(=O)/C=C/c3ccc(O)c(OC)c3)CC2)cc1,4.9190
COc1cc(/C=C/C(=O)N2CCN(c3ccc(Cl)cc3)CC2)ccc1O,4.9527
COc1cc(/C=C/C(=O)N2CCN(c3ccc(C)cc3)CC2)ccc1O,4.7104
CCN(C)C(=O)OCC1CCCN(Cc2ccccc2)C1,4.0150
CC(C)c1ccc(NC(=O)OCC2CCCN(C3Cc4ccccc4C3)C2)cc1,4.7282
CC(C)c1ccc(NC(=O)OC2CCCN(C3Cc4ccccc4C3)C2)cc1,5.1016
CC(C)c1ccc(NC(=O)OCC2CCCN(Cc3ccccc3)C2)cc1,4.8210
O=C(Nc1ccccc1)OCC1CCCN(Cc2ccccc2)C1,4.1733
CCN(C)C(=O)OCC1CCN(Cc2ccccc2)CC1,4.1427
CC(C)c1ccc(NC(=O)OCC2CCN(C3Cc4ccccc4C3)CC2)cc1,5.3890
CC(C)c1ccc(NC(=O)OC2CCN(C3Cc4ccccc4C3)CC2)cc1,5.6368
CC(C)c1ccc(NC(=O)OCC2CCN(Cc3ccccc3)CC2)cc1,5.6482
O=C(Nc1ccccc1)OC1CCN(C2Cc3ccccc3C2)CC1,4.7167
O=C(Nc1ccccc1)OCC1CCN(Cc2ccccc2)CC1,5.1361
CN(C)CCCC1(c2ccc(F)cc2)OCc2cc(C#N)ccc21,4.1349
O=C(CN1CCN(C(=O)c2ccc(Cl)cc2)CC1)N1CCN(CCCc2c[nH]c3ccccc23)CC1,4.4535
COc1ccc(C(=O)N2CCN(CC(=O)N3CCN(CCCc4c[nH]c5ccccc45)CC3)CC2)cc1,4.6003
O=C(CN1CCN(C(=O)c2ccc(Br)cc2)CC1)N1CCN(CCCc2c[nH]c3ccccc23)CC1,4.4473
Cc1ccc(C(=O)N2CCN(CC(=O)N3CCN(CCCc4c[nH]c5ccccc45)CC3)CC2)cc1,4.5317
O=C(CN1CCN(C(=O)c2ccc(F)cc2)CC1)N1CCN(CCCc2c[nH]c3ccccc23)CC1,4.4045
O=C(CN1CCN(C(=O)c2cccc(Cl)c2)CC1)N1CCN(CCCc2c[nH]c3ccccc23)CC1,4.4895
O=C(CN1CCN(C(=O)c2cccc(Br)c2)CC1)N1CCN(CCCc2c[nH]c3ccccc23)CC1,4.6383
O=C(CN1CCN(C(=O)c2ccccc2F)CC1)N1CCN(CCCc2c[nH]c3ccccc23)CC1,4.6946
O=C(CN1CCN(C(=O)c2ccc(Cl)cc2)CC1)N1CCN(CCCc2c[nH]c3ccc(F)cc23)CC1,4.6517
COc1ccc(C(=O)N2CCN(CC(=O)N3CCN(CCCc4c[nH]c5ccc(F)cc45)CC3)CC2)cc1,4.8416
O=C(CN1CCN(C(=O)c2ccc(Br)cc2)CC1)N1CCN(CCCc2c[nH]c3ccc(F)cc23)CC1,4.4045
Cc1ccc(C(=O)N2CCN(CC(=O)N3CCN(CCCc4c[nH]c5ccc(F)cc45)CC3)CC2)cc1,5.4437
O=C(CN1CCN(C(=O)c2ccc(F)cc2)CC1)N1CCN(CCCc2c[nH]c3ccc(F)cc23)CC1,5.4685
O=C(CN1CCN(C(=O)c2cccc(Cl)c2)CC1)N1CCN(CCCc2c[nH]c3ccc(F)cc23)CC1,4.7352
COc1cccc(C(=O)N2CCN(CC(=O)N3CCN(CCCc4c[nH]c5ccc(F)cc45)CC3)CC2)c1,4.7122
O=C(CN1CCN(C(=O)c2cccc(Br)c2)CC1)N1CCN(CCCc2c[nH]c3ccc(F)cc23)CC1,4.4283
O=C(CN1CCN(C(=O)c2ccccc2Br)CC1)N1CCN(CCCc2c[nH]c3ccc(F)cc23)CC1,4.4776
COc1ccc2[nH]cc(CCCN3CCN(C(=O)CN4CCN(C(=O)c5cccc(F)c5)CC4)CC3)c2c1,4.4283
COc1cccc2cc[n+](-c3ccc(C(F)(F)F)cc3)cc12.[Br-],6.1612
COc1cccc2cc[n+](-c3ccc(I)cc3)cc12.[Br-],6.1427
COc1cccc2cc[n+](-c3ccccc3I)cc12.[Br-],5.6861
COc1cccc2cc[n+](-c3ccc(Br)cc3)cc12.[Br-],6.7212
COc1cccc2cc[n+](-c3ccccc3Br)cc12.[Br-],5.2815
COc1cccc2cc[n+](-c3ccc(Cl)cc3)cc12.[Br-],6.7696
COc1cccc2cc[n+](-c3cccc(Cl)c3)cc12.[Br-],5.0246
COc1cccc2cc[n+](-c3ccccc3Cl)cc12.[Br-],5.2733
COc1cccc2cc[n+](-c3ccc(F)cc3)cc12.[Br-],6.1739
COc1cccc2cc[n+](-c3cccc(F)c3)cc12.[Br-],5.0395
COc1cccc2cc[n+](-c3ccccc3F)cc12.[Br-],5.5935
COc1cccc2cc[n+](-c3ccccc3)cc12.[Br-],5.8477
COc1cccc2cc[n+](-c3ccccc3C#N)cc12.[Br-],5.7570
COc1cccc2cc[n+](-c3cccc(C#N)c3)cc12.[Br-],5.4672
COc1cccc2cc[n+](-c3ccccc3C)cc12.[Br-],5.5391
COc1cccc2cc[n+](-c3cccc(C)c3)cc12.[Br-],5.6556
COc1cccc2cc[n+](-c3ccc(C)cc3)cc12.[Br-],5.9666
COc1cccc(-[n+]2ccc3cccc(OC)c3c2)c1.[Br-],5.1612
COc1ccc(-[n+]2ccc3cccc(OC)c3c2)cc1.[Br-],6.8539
COc1cccc2cc[n+](-c3c(F)cccc3F)cc12.[Br-],5.5686
COc1cccc2cc[n+](-c3ccc(Cl)cc3Cl)cc12.[Br-],5.4660
COc1cccc2cc[n+](-c3ccc(Br)cc3Br)cc12.[Br-],6.2441
COc1cccc2cc[n+](-c3ccc(Br)cc3F)cc12.[Br-],6.0458
COc1cccc2cc[n+](-c3ccc(I)cc3F)cc12.[Br-],5.9101
Brc1ccc(-[n+]2ccc3ccccc3c2)cc1.[Br-],5.6216
COc1cccc2c1C=[N+](c1ccccc1)CC2.[Br-],5.7905
COc1cccc2c1C=[N+](c1ccccc1F)CC2.[Br-],5.5317
COc1cccc2c1C=[N+](c1ccc(F)cc1)CC2.[Br-],5.7011
COc1cccc2c1C=[N+](c1ccc(Cl)cc1)CC2.[Br-],6.4949
COc1cccc2c1C=[N+](c1ccccc1Br)CC2.[Br-],5.8239
COc1cccc2c1C=[N+](c1ccc(Br)cc1)CC2.[Br-],6.5528
COc1cccc2c1C=[N+](c1ccccc1I)CC2.[Br-],5.7471
COc1cccc2c1C=[N+](c1ccc(I)cc1)CC2.[Br-],5.9957
COc1cccc2c1C=[N+](c1ccc(C(F)(F)F)cc1)CC2.[Br-],5.7122
COc1cccc2c1C=[N+](c1cccc(C#N)c1)CC2.[Br-],5.2899
COc1cccc2c1C=[N+](c1ccccc1C)CC2.[Br-],5.5129
COc1cccc2c1C=[N+](c1cccc(C)c1)CC2.[Br-],5.5391
COc1cccc2c1C=[N+](c1ccc(C)cc1)CC2.[Br-],6.2757
COc1cccc([N+]2=Cc3c(cccc3OC)CC2)c1.[Br-],5.2815
COc1ccc([N+]2=Cc3c(cccc3OC)CC2)cc1.[Br-],5.9830
COc1cccc2c1C=[N+](c1c(F)cccc1F)CC2.[Br-],5.8894
COc1cccc2c1C=[N+](c1ccc(Cl)cc1Cl)CC2.[Br-],5.9830
COc1cccc2c1C=[N+](c1ccc(Br)cc1Br)CC2.[Br-],5.4295
COc1cccc2c1C=[N+](c1ccc(Br)cc1F)CC2.[Br-],5.8894
COc1cccc2c1C=[N+](c1ccc(I)cc1F)CC2.[Br-],5.9747
Brc1ccc([N+]2=Cc3ccccc3CC2)cc1.[Br-],4.9788
C[n+]1cc2c3c(ccc2c2ccc4cc5c(cc4c21)OCO5)OCO3,5.9136
COc1ccc2c(c[n+](C)c3c4cc5c(cc4ccc23)OCO5)c1OC,5.8386
C=CC(C)(C)c1cc([C@@H]2CC(=O)c3c(O)cc(O)c(CC=C(C)C)c3O2)c(O)cc1O,4.5379
CC(C)=CCc1c(O)cc(O)c2c1O[C@H](c1ccccc1)CC2=O,8.1938
COc1cc(/C=C/C(=O)N2CCN(Cc3ccccc3)CC2)ccc1O,4.8748
COc1cccc(CN2CCN(C(=O)/C=C/c3ccc(O)c(OC)c3)CC2)c1,4.8187
COc1ccc(CN2CCN(C(=O)/C=C/c3ccc(O)c(OC)c3)CC2)cc1,4.7854
COc1cc(/C=C/C(=O)N2CCN(Cc3cccc(Cl)c3)CC2)ccc1O,4.8116
COc1cc(/C=C/C(=O)N2CCN(Cc3cccc(F)c3)CC2)ccc1O,4.8817
COc1cc(/C=C/C(=O)N2CCN(Cc3ccc(F)cc3)CC2)ccc1O,4.8374
COc1cc(/C=C/C(=O)NCCC(=O)Nc2ccccc2)ccc1O,4.8312
COc1cccc(NC(=O)CCNC(=O)/C=C/c2ccc(O)c(OC)c2)c1,5.6180
COc1cc(/C=C/C(=O)NCCC(=O)Nc2ccc(Cl)cc2)ccc1O,5.2741
COc1cc(/C=C/C(=O)NCC(=O)NCCc2c[nH]c3ccccc23)ccc1O,5.9327
COc1ccc2[nH]cc(CCNC(=O)CNC(=O)/C=C/c3ccc(O)c(OC)c3)c2c1,6.0177
COc1cc(/C=C/C(=O)NCC(=O)NCCc2c[nH]c3ccc(Cl)cc23)ccc1O,6.0757
COc1cc2c(cc1OC)C(=O)C(CC1(F)CCN(Cc3ccccc3)CC1)C2,8.3363
COc1cc2c(cc1OC)C(=O)C(CC1(F)CCN(Cc3ccc(F)cc3)CC1)C2,8.5560
COc1cc2c(cc1OC)C(=O)C(CC1(F)CCN(Cc3cccc(F)c3)CC1)C2,8.2993
COc1cc2c(cc1OC)C(=O)C(CC1(F)CCN(Cc3ccccc3F)CC1)C2,8.4559
COc1cc2c(cc1OC)C(=O)C(CC1(F)CCN(Cc3ccc(F)cc3F)CC1)C2,8.4597
COc1cc2c(cc1OC)C(=O)C(CC1(F)CCN(Cc3cc(F)c(F)cc3F)CC1)C2,8.2815
Cc1ccc2nc3c(c(N)c2c1)CCC3.Cl,5.0000
Cc1ccc2nc3c(c(N)c2c1)CCCC3.Cl,4.8097
Cc1ccc2nc3c(c(N)c2c1)CCCCC3.Cl,4.6478
Cl.Nc1c2c(nc3ccc(Br)cc13)CCC2,5.2449
Cl.Nc1c2c(nc3ccc(Br)cc13)CCCC2,5.3197
Cl.Nc1c2c(nc3ccc(Br)cc13)CCCCC2,4.8601
Cl.Nc1c2c(nc3ccc(Cl)cc13)CCC2,5.8013
Cl.Nc1c2c(nc3ccc(Cl)cc13)CCCC2,5.7122
Cl.Nc1c2c(nc3ccc(Cl)cc13)CCCCC2,5.0655
Cl.Nc1c2c(nc3c(Cl)cc(Cl)cc13)CCC2,4.8827
Cl.Nc1c2c(nc3c(Cl)cc(Cl)cc13)CCCC2,5.3625
Cl.Nc1c2c(nc3c(Cl)cc(Cl)cc13)CCCCC2,5.0438
Cl.Nc1c2c(nc3c(Br)cc(Br)cc13)CCC2,4.8210
Cl.Nc1c2c(nc3c(Br)cc(Br)cc13)CCCC2,5.2857
Cl.Nc1c2c(nc3c(Br)cc(Br)cc13)CCCCC2,4.8210
Cl.Nc1c2c(nc3ccc(F)cc13)CCC2,6.1791
Cl.Nc1c2c(nc3ccc(F)cc13)CCCC2,6.0097
Cl.Nc1c2c(nc3ccc(F)cc13)CCCCC2,6.2048
Cl.Nc1c2c(nc3cccc(Cl)c13)CCCC2,7.4763
Cl.Nc1c2c(nc3cccc(Cl)c13)CCCCC2,3.6517
Cc1ccc2c(N)c3c(nc2c1)CCC3.Cl,6.4597
Cc1ccc2c(N)c3c(nc2c1)CCCC3.Cl,7.1427
Cc1ccc2c(N)c3c(nc2c1)CCCCC3.Cl,6.9830
Cc1cccc2nc3c(c(N)c12)CCC3.Cl,6.3820
Cc1cccc2nc3c(c(N)c12)CCCC3.Cl,6.9031
Cc1cccc2nc3c(c(N)c12)CCCCC3.Cl,6.5935
COc1ccc2nc3c(c(N)c2c1)CCC3.Cl,5.0851
COc1ccc2nc3c(c(N)c2c1)CCCC3.Cl,5.0000
COc1ccc2nc3c(c(N)c2c1)CCCCC3.Cl,4.7545
CCOC(=O)/C(=N\Nc1ccccc1)C(=O)C(F)(F)F,5.4921
CCOC(=O)/C(=N\Nc1ccc(C)cc1)C(=O)C(F)(F)F,5.1355
CCOC(=O)/C(=N\Nc1cccc(C)c1)C(=O)C(F)(F)F,4.5171
CCOC(=O)/C(=N\Nc1ccc(OC)cc1)C(=O)C(F)(F)F,5.3354
CCOC(=O)/C(=N\Nc1ccccc1[N+](=O)[O-])C(=O)C(F)(F)F,6.1198
CCOC(=O)/C(=N\Nc1ccc(F)cc1)C(=O)C(F)(F)F,5.5735
CCOC(=O)/C(=N\Nc1ccc(Br)cc1)C(=O)C(F)(F)F,5.8665
CCOC(=O)/C(=N\Nc1ccccc1C(=O)OCC)C(=O)C(F)(F)F,6.3179
CCOC(=O)/C(=N\Nc1ccc(C(=O)OCC)cc1)C(=O)C(F)(F)F,5.4214
COC(=O)/C(=N\Nc1ccccc1)C(=O)C(F)(F)F,4.6968
COC(=O)/C(=N\Nc1ccc(C)cc1)C(=O)C(F)(F)F,4.7719
COC(=O)/C(=N\Nc1ccc(OC)cc1)C(=O)C(F)(F)F,4.5186
COC(=O)/C(=N\Nc1ccccc1[N+](=O)[O-])C(=O)C(F)(F)F,4.6799
Cc1ccc(S(=O)(=O)SCc2ccccc2)cc1,6.3477
Cc1ccc(S(=O)(=O)SCc2ccc(F)cc2)cc1,6.4954
Cc1ccc(S(=O)(=O)SCc2ccc(Cl)cc2)cc1,6.2332
Cc1ccc(S(=O)(=O)SCc2ccc([N+](=O)[O-])cc2)cc1,6.6363
Cc1ccc(S(=O)(=O)SCc2ccc(C#N)cc2)cc1,6.7448
Cc1ccc(S(=O)(=O)SCc2ccc(C(F)(F)F)cc2)cc1,6.9463
Cc1ccc(S(=O)(=O)SCc2ccc(OC(F)(F)F)cc2)cc1,6.7955
COc1ccc(CSS(=O)(=O)c2ccc(C)cc2)cc1,6.4858
Cc1ccc(S(=O)(=O)SCc2ccc(C(C)C)cc2)cc1,7.7581
Cc1ccc(S(=O)(=O)SCc2ccc(C(C)(C)C)cc2)cc1,6.7781
CC1=CC2Cc3nc4cc(Cl)ccc4c(NCCCCCNC(=O)[C@@H](N)Cc4c[nH]c5ccccc45)c3C(C1)C2.Cl.Cl,7.6440
CC1=CC2Cc3nc4cc(Cl)ccc4c(NCCCCCCNC(=O)[C@@H](N)Cc4c[nH]c5ccccc45)c3C(C1)C2.Cl.Cl,7.9318
CC1=CC2Cc3nc4cc(Cl)ccc4c(NCCCCCCCNC(=O)[C@@H](N)Cc4c[nH]c5ccccc45)c3C(C1)C2.Cl.Cl,7.9172
COc1ccc2nc3c(c(N)c2c1)C1CC(C)=CC(C3)C1.Cl,5.5800
C[n+]1ccc2c(c1)c1ccccc1n2CCCCCCCCCn1c2ccccc2c2c[n+](C)ccc21.[I-].[I-],9.4815
c1ccc2c(c1)c1cnccc1n2CCCCCCCCCn1c2ccccc2c2cnccc21,7.0969
CN1CCc2c(c3ccccc3n2CCC(=O)N2c3ccccc3Sc3ccccc32)C1,5.1079
c1ccc(CN2CCc3[nH]c4ccccc4c3C2)cc1,4.6904
Fc1ccc2[nH]c3c(c2c1)CN(Cc1ccccc1)CC3,4.7545
Cc1ccc2[nH]c3c(c2c1)CN(Cc1ccccc1)CC3,4.4547
COc1ccc2[nH]c3c(c2c1)CN(Cc1ccccc1)CC3,4.2782
c1ccc2c(c1)[nH]c1ccncc12,4.6696
Fc1ccc2[nH]c3ccncc3c2c1,4.9431
Cc1ccc2[nH]c3ccncc3c2c1,4.4510
COc1ccc2[nH]c3ccncc3c2c1,4.3045
O=C(CCn1c2ccccc2c2cnccc21)N1c2ccccc2Sc2ccccc21,5.6383
O=C(CCn1c2ccncc2c2cc(F)ccc21)N1c2ccccc2Sc2ccccc21,5.2076
Cc1ccc2c(c1)c1cnccc1n2CCC(=O)N1c2ccccc2Sc2ccccc21,6.2924
COc1ccc2c(c1)c1cnccc1n2CCC(=O)N1c2ccccc2Sc2ccccc21,6.2676
C[n+]1ccc2c(c1)c1ccccc1n2CCC(=O)N1c2ccccc2Sc2ccccc21.[I-],5.6576
C[n+]1ccc2c(c1)c1cc(F)ccc1n2CCC(=O)N1c2ccccc2Sc2ccccc21.[I-],5.5850
Cc1ccc2c(c1)c1c[n+](C)ccc1n2CCC(=O)N1c2ccccc2Sc2ccccc21.[I-],5.9586
COc1ccc2c(c1)c1c[n+](C)ccc1n2CCC(=O)N1c2ccccc2Sc2ccccc21.[I-],5.2757
O=C(CCn1c2ccccc2c2c[n+](Cc3ccccc3)ccc21)N1c2ccccc2Sc2ccccc21.[Br-],5.6576
Cn1ccc2nc3ccccc3c-2c1.I,5.0605
C[n+]1ccc2[nH]c3ccc(F)cc3c2c1.[I-],5.7212
Cc1ccc2[nH]c3cc[n+](C)cc3c2c1.[I-],5.0410
COc1ccc2[nH]c3cc[n+](C)cc3c2c1.[I-],4.8327
[Br-].c1ccc(C[n+]2ccc3[nH]c4ccccc4c3c2)cc1,5.0655
CC12CC3CC(C)(C1)CC(N)(C3)C2,7.2089
c1ccc2oc(C3CCNCC3)cc2c1,4.2134
c1ccc(CN2CCC(c3cc4ccccc4o3)CC2)cc1,5.2950
Oc1ccc(CN2CCC(c3cc4ccccc4o3)CC2)cc1,4.4573
COc1ccc(CN2CCC(c3cc4ccccc4o3)CC2)cc1OC,4.2775
COc1ccc(CN2CCC(c3cc4ccccc4o3)CC2)cc1,4.0324
COc1ccc(OC)c(CN2CCC(c3cc4ccccc4o3)CC2)c1,4.6216
CCc1ccc(CN2CCC(c3cc4ccccc4o3)CC2)cc1,4.1923
Clc1ccc(CN2CCC(c3cc4ccccc4o3)CC2)cc1,4.0063
Fc1ccc(CN2CCC(c3cc4ccccc4o3)CC2)cc1,4.6716
O=C(c1ccccc1)c1c(C2CCN(Cc3ccccc3)CC2)oc2ccccc12,4.3844
COc1ccc(C(=O)c2c(C3CCN(Cc4ccccc4)CC3)oc3ccccc23)cc1,4.3161
COc1ccc(CN2CCC(c3oc4ccccc4c3C(=O)c3ccccc3)CC2)cc1OC,4.3438
COc1ccc(CN2CCC(c3oc4ccccc4c3C(=O)c3ccc(OC)c(OC)c3)CC2)cc1OC,4.1677
COc1ccc(OC)c(CN2CCC(c3oc4ccccc4c3C(=O)c3ccccc3)CC2)c1,4.2352
COc1ccc(OC)c(CN2CCC(c3oc4ccccc4c3C(=O)c3ccc(OC)c(OC)c3)CC2)c1,4.2564
COc1ccc(C(=O)c2c(C3CCN(Cc4cc(OC)ccc4OC)CC3)oc3ccccc23)cc1,4.2148
COc1ccc(CN2CCC(c3oc4ccccc4c3C(=O)c3ccccc3)CC2)cc1,4.0126
COc1ccc(CN2CCC(c3oc4ccccc4c3C(=O)c3ccc(OC)cc3)CC2)cc1,4.2238
O=C(NCC1CCN(Cc2ccccc2)CC1)c1n[nH]c2ccc(-c3cccnc3)cc12,5.9614
O=C(NCC1CCN(Cc2ccccc2F)CC1)c1n[nH]c2ccc(-c3cccnc3)cc12,5.6623
O=C(CC1CCN(Cc2ccccc2)CC1)Nc1n[nH]c2cc(-c3cccnc3)ccc12,6.2933
O=C(CC1CCN(Cc2ccccc2F)CC1)Nc1n[nH]c2cc(-c3cccnc3)ccc12,6.1605
O=C(CC1CCN(Cc2ccc(F)cc2)CC1)Nc1n[nH]c2cc(-c3cccnc3)ccc12,6.2857
O=C(NCC1CCN(Cc2ccccc2)CC1)c1cncc(NC(=O)c2ccnc(NC(=O)C3CC3)c2)c1,5.9578
O=C(NCC1CCN(Cc2ccccc2F)CC1)c1cncc(NC(=O)c2ccnc(NC(=O)C3CC3)c2)c1,5.7557
O=C(NCC1CCN(Cc2cccc(F)c2)CC1)c1cncc(NC(=O)c2ccnc(NC(=O)C3CC3)c2)c1,5.6220
O=C(NCC1CCN(Cc2ccc(F)cc2)CC1)c1cncc(NC(=O)c2ccnc(NC(=O)C3CC3)c2)c1,5.5187
O=C(NCC1CCN(Cc2ccc(F)c(F)c2)CC1)c1cncc(NC(=O)c2ccnc(NC(=O)C3CC3)c2)c1,5.5133
O=C(NCC1CCN(Cc2cccc(Cl)c2)CC1)c1cncc(NC(=O)c2ccnc(NC(=O)C3CC3)c2)c1,5.9622
Cc1ccccc1CN1CCC(CNC(=O)c2cncc(NC(=O)c3ccnc(NC(=O)C4CC4)c3)c2)CC1,5.3880
Cc1cccc(CN2CCC(CNC(=O)c3cncc(NC(=O)c4ccnc(NC(=O)C5CC5)c4)c3)CC2)c1,2.1963
O=C(Nc1cncc(C(=O)NC2CCN(Cc3ccccc3)CC2)c1)c1ccnc(NC(=O)C2CC2)c1,6.2062
O=C(Nc1cncc(C(=O)NC2CCN(Cc3cccc(Cl)c3)CC2)c1)c1ccnc(NC(=O)C2CC2)c1,5.6019
O=C(NCCC1CCN(Cc2cccc(Cl)c2)CC1)c1cncc(NC(=O)c2cccc(NC(=O)C3CC3)c2)c1,5.3573
O=C(Nc1cncc(OCC2CCN(Cc3ccccc3)CC2)c1)c1ccnc(NC(=O)C2CC2)c1,8.5850
O=C(Nc1cncc(OCC2CCN(Cc3ccccc3F)CC2)c1)c1ccnc(NC(=O)C2CC2)c1,8.3279
O=C(Nc1cncc(OCC2CCN(Cc3ccc(F)cc3)CC2)c1)c1ccnc(NC(=O)C2CC2)c1,9.0000
O=C(Nc1cncc(OCC2CCN(Cc3ccccc3Cl)CC2)c1)c1ccnc(NC(=O)C2CC2)c1,7.0883
CC(=O)Nc1cc(C(=O)Nc2cncc(OCC3CCN(Cc4ccc(F)cc4)CC3)c2)ccn1,8.0458
O=C(Nc1cccc(OCC2CCN(Cc3ccccc3)CC2)c1)c1ccnc(NC(=O)C2CC2)c1,5.8557
O=C(NCC1CCN(Cc2cccc(Cl)c2)CC1)c1cncc(NC(=O)c2ccnc3[nH]ccc23)c1,5.8841
O=C(NC1CCN(Cc2ccccc2)CC1)c1cncc(NC(=O)c2ccnc3[nH]ccc23)c1,6.4461
O=C(NC1CCN(Cc2ccc(F)cc2)CC1)c1cncc(NC(=O)c2ccnc3[nH]ccc23)c1,6.6440
O=C(Nc1cncc(OCC2CCN(Cc3ccccc3)CC2)c1)c1ccnc2[nH]ccc12,8.4089
COc1ccc2[nH]cc(CCNC(=O)Cn3cc(CN4CCc5cc(OC)c(OC)cc5C4CCCN4C(=O)c5ccccc5C4=O)nn3)c2c1,4.3990
COc1ccc2[nH]c(CCNC(=O)Cn3cc(CCCCN4CCc5cc(OC)c(OC)cc5C4CCCN4C(=O)c5ccccc5C4=O)nn3)cc2c1,3.7597
COc1ccc2[nH]c(CCNC(=O)CCCn3cc(CCCCN4CCc5cc(OC)c(OC)cc5C4CCCN4C(=O)c5ccccc5C4=O)nn3)cc2c1,3.7997
COc1ccc2[nH]cc(CCNC(=O)Cn3cc(CCCCN(C)CCCC4c5cc(OC)c(OC)cc5CCN4C)nn3)c2c1,5.6576
COc1ccc2[nH]cc(CCNC(=O)Cn3cc(CN4CC[C@@]56C=C[C@H](O)C[C@@H]5Oc5c(OC)ccc(c56)C4)nn3)c2c1,5.2666
COc1ccc2[nH]cc(CCNC(=O)CCCCn3cc(CN4CC[C@@]56C=C[C@H](O)C[C@@H]5Oc5c(OC)ccc(c56)C4)nn3)c2c1,5.9991
COc1ccc2c3c1O[C@H]1C[C@@H](O)C=C[C@@]31CCN(CCCCc1cn(CC(=O)NCCc3c[nH]c4ccccc34)nn1)C2,6.8601
COc1ccc2c3c1O[C@H]1C[C@@H](O)C=C[C@@]31CCN(CCCCc1cn(CCCC(=O)NCCc3c[nH]c4ccccc34)nn1)C2,6.9208
COc1ccc2c3c1O[C@H]1C[C@@H](O)C=C[C@@]31CCN(CCCCc1cn(CCCCC(=O)NCCc3c[nH]c4ccccc34)nn1)C2,7.5086
COc1ccc2[nH]cc(CCNC(=O)Cn3cc(CCCCN4CC[C@@]56C=C[C@H](O)C[C@@H]5Oc5c(OC)ccc(c56)C4)nn3)c2c1,7.6383
COc1ccc2[nH]cc(CCNC(=O)CCCCn3cc(CCCCN4CC[C@@]56C=C[C@H](O)C[C@@H]5Oc5c(OC)ccc(c56)C4)nn3)c2c1,7.7447
c1ccc(CN2CCC(CCNc3cc4c(nn3)-c3ccccc3CCCC4)CC2)cc1,6.9208
Fc1ccccc1-c1ccc(N[C@H]2C[C@@H]3CN(CC4CCOCC4)C[C@@H]3C2)nn1,8.7696
CC1=CC2Cc3nc4cc(Cl)ccc4c(NCCCCCCCCCNC(=O)c4ccc[nH]c4=O)c3C(C1)C2,8.7399
CC1=CC2Cc3nc4cc(Cl)ccc4c(NCCCCCCCCCNS(=O)(=O)c4cn[nH]c4)c3C(C1)C2,8.6198
CC1=CC2Cc3nc4cc(Cl)ccc4c(NCCCCCCCCCNC(=O)c4cc(O)cc(O)c4)c3C(C1)C2,8.5901
CC1=CC2Cc3nc4cc(Cl)ccc4c(NCCCCCCCCC(=O)Nc4cn[nH]c4)c3C(C1)C2,8.6216
CC1=CC2Cc3nc4cc(Cl)ccc4c(NCCCCCCCCC(=O)N4CCNC(=O)C4)c3C(C1)C2,9.3872
CC1=CC2Cc3nc4cc(Cl)ccc4c(NCCCCCCCCC(=O)NCc4cc[nH]c(=O)c4)c3C(C1)C2,9.2007
COc1cc(CNC(=O)CCCCCCCCNc2c3c(nc4cc(Cl)ccc24)CC2C=C(C)CC3C2)ccn1,8.9031
CO[C@H]1C[C@H]2C(=C[C@@H]1OC(=O)c1cc([N+](=O)[O-])cc([N+](=O)[O-])c1)[C@H]1CN2Cc2cc3c(cc21)OCO3,4.8841
CO[C@H]1C[C@H]2C(=C[C@@H]1OC(=O)c1ccc(Cl)c([N+](=O)[O-])c1)[C@H]1CN2Cc2cc3c(cc21)OCO3,5.7932
CO[C@H]1C[C@H]2C(=C[C@@H]1OC(=O)c1ccc(C)c([N+](=O)[O-])c1)[C@H]1CN2Cc2cc3c(cc21)OCO3,5.3645
CO[C@H]1C[C@H]2C(=C[C@@H]1OC(=O)c1cc([N+](=O)[O-])ccc1Cl)[C@H]1CN2Cc2cc3c(cc21)OCO3,5.4976
O=C(O[C@H]1CN2Cc3cc4c(cc3[C@]13C=C[C@@H](O)C[C@H]23)OCO4)c1cccc([N+](=O)[O-])c1,5.3979
O=C(O[C@H]1CN2Cc3cc4c(cc3[C@]13C=C[C@@H](O)C[C@H]23)OCO4)c1ccccc1Cl,4.8861
COc1ccccc1C(=O)O[C@H]1CN2Cc3cc4c(cc3[C@]13C=C[C@@H](O)C[C@H]23)OCO4,4.0458
O=C(O[C@@H]1C=C[C@]23CCN(Cc4cc5c(cc42)OCO5)[C@H]3C1)c1ccccc1[N+](=O)[O-],4.2218
COc1cc2c(c(CO)c1OC)C[C@H]1c3c(cc4c(c3OC)OCO4)CC[N+]1=C2.O=C([O-])C(F)(F)F,4.3426
COc1cc2c(c3c1OCOC3)C[C@H]1c3c(cc4c(c3OC)OCO4)CC[N+]1=C2.O=C([O-])C(F)(F)F,4.9621
COc1cc2c[n+]3c(cc2c(CO)c1OC)-c1c(cc2c(c1OC)OCO2)CC3,4.7892
COc1cc2c(c3c1OCOC3)C[C@H]1c3c(cc4c(c3OC)OCO4)CCN1C2,4.7822
COc1c(-c2ccc(O)cc2)cc2oc3cc(O)c(O)cc3c2c1O,4.7959
CN1c2ccc(OC(=O)NCC3CCCCC3)cc2[C@]2(C)CCN(CCc3ccccc3)[C@H]12,7.1734
CCNC(=O)Oc1ccc2c(c1)[C@]1(C)CCOC1O2,8.2218
CC(C)c1ccc(NC(=O)Oc2ccc3c(c2)[C@]2(C)CCOC2O3)cc1,7.5686
CN1c2ccc(OC(=O)NC3CCCCC3)cc2[C@]2(C)CCN(CCc3ccccc3)[C@H]12,7.6576
N#Cc1ccc2[nH]cc(CCCCN3CCN(c4ccc(C(=O)CCC5CCN(Cc6ccccc6)CC5)cc4)CC3)c2c1,9.2366
Cc1c(C)c2ccc(OCC3CCCN(Cc4cccc(F)c4)C3)cc2oc1=O,5.9208
Cc1c(C)c2ccc(OCC3CCCN(CCCC(F)F)C3)cc2oc1=O,6.3188
Cc1c(C)c2ccc(OCC3CCN(Cc4cccc(F)c4)CC3)cc2oc1=O,6.3372
Cc1c(C)c2ccc(OCC3CCN(Cc4cccc(C(F)(F)F)c4)CC3)cc2oc1=O,6.3279
Cc1c(C)c2ccc(OCC3CCN(CCCC(F)F)CC3)cc2oc1=O,5.9208
CCN(CCCOc1ccc2c(C)c(C)c(=O)oc2c1)Cc1cccc(F)c1,5.9208
Cc1c(C)c2ccc(OCCCN(Cc3cccc(F)c3)C(C)C)cc2oc1=O,6.0410
Cc1c(C)c2ccc(OCc3cccc(CN(C)CCCC(F)F)c3)cc2oc1=O,5.7696
Cc1c(C)c2ccc(OCc3ccc(CN(C)CCCC(F)F)cc3)cc2oc1=O,5.8239
CN(CCCC(F)F)Cc1ccc(COc2ccc3c(CO)cc(=O)oc3c2)cc1,5.9793
CN(Cc1ccc(COc2ccc3c(CO)cc(=O)oc3c2)cc1)Cc1cccc(F)c1,6.4815
CN(Cc1ccccc1)Cc1ccc(COc2ccc3c(CO)cc(=O)oc3c2)cc1,6.9208
CN(Cc1ccccc1)Cc1ccc(COc2ccc3c(C(F)F)cc(=O)oc3c2)cc1,6.2518
Cc1c(C)c2ccc(OCC3CCCN(CCCO)C3)cc2oc1=O,5.9586
Cc1c(C)c2ccc(OCC3CCCN(Cc4ccccc4)C3)cc2oc1=O,5.8861
Cc1c(C)c2ccc(OCC3CCN(Cc4ccccc4)CC3)cc2oc1=O,6.4202
CN(CCCO)Cc1ccc(COc2ccc3c(CO)cc(=O)oc3c2)cc1,5.6576
OC[C@H]1O[C@@H](OCCCc2ccc(O)c(/C=N/O)n2)[C@H](O)[C@@H](O)[C@@H]1O,3.8539
OC[C@H]1O[C@@H](OCCCCc2cn(CCCc3ccc(O)c(/C=N/O)n3)nn2)[C@H](O)[C@@H](O)[C@@H]1O,2.7959
OC[C@H]1O[C@@H](OCCCCc2cn(CCCCc3ccc(O)c(/C=N/O)n3)nn2)[C@H](O)[C@@H](O)[C@@H]1O,3.2366
COC(=O)c1c(CCCCCCCCNc2c3c(nc4ccccc24)CCCC3)cccc1OC,7.6819
COC(=O)c1c(CCCCCCCCNc2c3c(nc4cc(Cl)ccc24)CCCC3)cccc1OC,8.5952
COC(=O)c1c(CCCCCCCCNc2c3c(nc4ccc(OC)cc24)CCCC3)cccc1OC,5.8996
COc1cccc(CCCCCCCCNc2c3c(nc4ccccc24)CCCC3)c1,7.3979
COc1cccc(CCCCCCCCNc2c3c(nc4cc(Cl)ccc24)CCCC3)c1,8.2434
COc1cc(CCCCCCCCNc2c3c(nc4ccccc24)CCCC3)cc(OC)c1,7.3261
COc1cc(CCCCCCCCNc2c3c(nc4cc(Cl)ccc24)CCCC3)cc(OC)c1,8.2924
COC(=O)c1c(O)cccc1CCCCCCCCNc1c2c(nc3ccccc13)CCCC2,7.7696
COC(=O)c1c(O)cccc1CCCCCCCCNc1c2c(nc3cc(Cl)ccc13)CCCC2,8.5513
O=C(O)c1c(O)cccc1CCCCCCCCNc1c2c(nc3ccccc13)CCCC2,6.7352
O=C(O)c1c(O)cccc1CCCCCCCCNc1c2c(nc3cc(Cl)ccc13)CCCC2,7.8729
Oc1cccc(CCCCCCCCNc2c3c(nc4ccccc24)CCCC3)c1,7.7167
Oc1cccc(CCCCCCCCNc2c3c(nc4cc(Cl)ccc24)CCCC3)c1,8.3778
COc1ccc2nc3c(c(NCCCCCCCCN(CC(=O)Nc4ccc5ccccc5c4)C(=O)/C=C/c4ccc(O)c(OC)c4)c2c1)CCCC3,7.6536
COC(=O)/C=C/c1ccc(OCCCCCN2CCN(CC(=O)Nc3c4c(nc5ccccc35)CCCC4)CC2)c(OC)c1,7.2097
COc1cc(/C=C/C(=O)OCCCCCN(C)Cc2cccc(OC(=O)N(C)C)c2)ccc1O,7.7055
C[N+](C)(C)CCNC(=O)/C=C/c1ccc(O)c(O)c1,5.1367
COc1cc(/C=C/c2nnc(-c3ccc(C(F)(F)F)cc3)o2)ccc1O,8.6675
COc1cc(/C=C/c2nnc(-c3ccc(OC(F)(F)F)cc3)o2)ccc1O,8.5362
COc1ccc(/C=C/C(=O)Nc2cc[n+](Cc3cccc(F)c3)cc2)cc1OC.[Br-],7.7167
COc1ccc(/C=C/C(=O)Nc2cc[n+](Cc3ccc(F)cc3)cc2)cc1OC.[Br-],8.0655
COc1ccc2cc3[n+](cc2c1OC)CCc1cc(O)c(O)cc1-3.[Br-],5.1079
Oc1cc2c(cc1O)-c1cc3ccc(O)c(O)c3c[n+]1CC2.[Br-],5.6383
NS(=O)(=O)c1ccc(N2N=C(c3cccs3)CC2c2ccc(Br)cc2)cc1,7.0937
CC(=O)O[C@@H]1C[C@@]2(C)Oc3cc(C)oc(=O)c3C[C@@H]2[C@@]2(C)C=CC(=O)C(C)(C)[C@H]12,4.8665
CCN(CC)Cc1ccc(C=C2Cc3cc(OC)c(OC)cc3C2=O)cc1,6.5969
CCN(CC)Cc1ccc(/C=C2\Cc3ccccc3C2=O)cc1,6.2132
CCN(CC)Cc1ccc(C=C2Cc3ccccc3C2=O)cc1,5.8827
CCN(CC)Cc1ccc(/C=C2\Cc3cc(OC)ccc3C2=O)cc1,6.9469
CCN(CC)Cc1ccc(C=C2Cc3cc(OC)ccc3C2=O)cc1,6.2967
CCN(CC)Cc1ccc(/C=C2/Cc3cc(OC)ccc3C2=O)cc1,5.9393
CCN(CC)Cc1ccc(/C=C2\Cc3ccc(OC)cc3C2=O)cc1,6.0159
CCN(CC)Cc1ccc(C=C2Cc3ccc(OC)cc3C2=O)cc1,5.9586
CC(=O)N1N=C(c2ccc(-c3ccccc3)cc2)CC1c1ccccc1,2.8768
CC(=O)N1N=C(c2ccc(-c3ccccc3)cc2)CC1c1ccccc1[N+](=O)[O-],6.1938
CC(=O)N1N=C(c2ccc(-c3ccccc3)cc2)CC1c1cccc([N+](=O)[O-])c1,2.9880
CC(=O)N1N=C(c2ccc(-c3ccccc3)cc2)CC1c1ccc([N+](=O)[O-])cc1,2.8080
CC(=O)N1N=C(c2ccc(-c3ccccc3)cc2)CC1c1ccc(C(=O)O)cc1,2.8122
COc1ccc(OC)c(C2CC(c3ccc(-c4ccccc4)cc3)=NN2C(C)=O)c1,2.8474
COc1ccc(C2CC(c3ccc(-c4ccccc4)cc3)=NN2C(C)=O)cc1OC,2.8459
CC(=O)N1N=C(c2ccc(-c3ccccc3)cc2)CC1c1ccc2c(c1)OCO2,6.0052
CC(=O)N1N=C(c2ccc(-c3ccccc3)cc2)CC1c1ccc2ccccc2c1,6.0975
CC(=O)N1N=C(c2ccc(C)cc2)CC1c1ccc(-c2ccccc2)cc1,6.0731
CC(=O)N1N=C(c2ccccc2[N+](=O)[O-])CC1c1ccc(-c2ccccc2)cc1,7.2840
CC(=O)N1N=C(c2ccc(Br)cc2)CC1c1ccc(-c2ccccc2)cc1,6.0443
COc1cc(C2=NN(C(C)=O)C(c3ccc(-c4ccccc4)cc3)C2)cc(OC)c1OC,2.7106
COc1ccc(C2=NN(C(C)=O)C(c3ccc(-c4ccccc4)cc3)C2)c(OC)c1,2.9477
COc1ccc(OC)c(C2=NN(C(C)=O)C(c3ccc(-c4ccccc4)cc3)C2)c1,2.7683
CC(=O)N1N=C(c2ccc3c(c2)OCO3)CC1c1ccc(-c2ccccc2)cc1,6.0395
CC(=O)N1N=C(c2cccc3ccccc23)CC1c1ccc(-c2ccccc2)cc1,2.9935
CC(=O)N1N=C(c2ccc3ccccc3c2)CC1c1ccc(-c2ccccc2)cc1,7.1675
C[C@H]1CN2C(=O)[C@]34Cc5c([nH]c6c7c(ccc56)OC(C)(C)CC7=O)C(C)(C)[C@@H]3C[C@@]2(C1)C(=O)N4,4.2366
CCCCCCCNC(=O)Oc1ccc(Cc2nc3cc(C(=O)N(CC)CC)ccc3n2CCC(C)C)cc1,6.7785
CCN(CC)C(=O)c1ccc2c(c1)nc(Cc1ccc(OC(=O)NCCCCCCN3CCc4ccccc4C3)cc1)n2CCC(C)C,5.0106
CCN(CC)C(=O)c1ccc2c(c1)nc(Cc1ccc(OC(=O)N3CCC3)cc1)n2CCC(C)C,6.1487
CCCCCCCNC(=O)Oc1ccc(Cc2nc3cc(C(=O)N(CC)CC)ccc3n2CCN2CCCCC2)cc1,4.9974
CCCCCCCNC(=O)Oc1ccc(Cc2nc3cc(C(=O)N(CC)CC)ccc3n2CCCCN2CCCCC2)cc1,5.6840
CCCCCCCNC(=O)Oc1ccc(Cc2nc3cc(C(=O)N4CCCCC4)ccc3n2CCC(C)C)cc1,7.2183
COc1ccc(-c2cc3c(c(=O)o2)C[C@]2(O)[C@@]4(C)CC[C@@H](O)C(C)(C)[C@]4(O)CC[C@@]2(C)O3)cc1,6.1938
COC/C(C=O)=C\CCC1=CC(c2cc(O)ccc2O)OC1=O,5.0696
CCOC1(c2cc(O)ccc2O)C=C(CC/C=C(\C)CCC=C(C)C)C(=O)O1,5.1325
COc1cc2c(cc1OC)C(=O)/C(=C/c1cc[n+](Cc3ccc(F)cc3)cc1)OC2.[Br-],9.8239
NC(=O)c1cc[n+](CCC[n+]2ccc(/C=N/O)c(F)c2)cc1.[Br-].[Br-],4.4559
NC(=O)c1cc[n+](CCC[n+]2cc(F)c(/C=N/O)c(F)c2)cc1.[Br-].[Br-],4.5528
NC(=O)c1cc[n+](CCCC[n+]2ccc(/C=N/O)c(F)c2)cc1.[Br-].[Br-],4.3565
NC(=O)c1cc[n+](CCCC[n+]2cc(F)c(/C=N/O)c(F)c2)cc1.[Br-].[Br-],4.2007
NC(=O)c1cc[n+](C/C=C/C[n+]2ccc(/C=N/O)c(F)c2)cc1.[Br-].[Br-],4.4437
NC(=O)c1cc[n+](C/C=C/C[n+]2cc(F)c(/C=N/O)c(F)c2)cc1.[Br-].[Br-],4.1675
COc1ccc(OCCCN(C)C(=O)c2cnc(CC(=O)c3ccc(OC)cc3)nc2)cc1,5.0079
COc1ccc(C(=O)Cc2ncc(C(=O)N(C)CCCOc3cccc(OC)c3)cn2)cc1,4.3478
COc1ccc(C(=O)Cc2ncc(C(=O)N(C)CCCOc3ccc(OC)c(OC)c3)cn2)cc1,4.5258
COc1ccc(C(=O)Cc2ncc(C(=O)N(C)CCCOc3ccc([N+](=O)[O-])cc3)cn2)cc1,5.3410
COc1ccc(C(=O)Cc2ncc(C(=O)N(C)CCCOc3ccc(C(F)(F)F)cc3)cn2)cc1,4.5258
COc1ccc(C(=O)Cc2ncc(C(=O)N(C)CCCOc3c(F)c(F)c(F)c(F)c3F)cn2)cc1,5.2890
CN(CCCOc1ccc([N+](=O)[O-])cc1)C(=O)c1cnc(CC(=O)c2ccccc2)nc1,5.0026
COc1cccc(C(=O)Cc2ncc(C(=O)N(C)CCCOc3ccc([N+](=O)[O-])cc3)cn2)c1,5.3979
CCOc1ccc(C(=O)Cc2ncc(C(=O)N(C)CCCOc3ccc([N+](=O)[O-])cc3)cn2)cc1,5.1938
CN(CCCOc1ccc([N+](=O)[O-])cc1)C(=O)c1cnc(CC(=O)c2ccc3c(c2)OCO3)nc1,6.0044
COc1ccc(C(=O)Cc2ncc(C(=O)N(C)CCCOc3ccc([N+](=O)[O-])cc3)cn2)cc1OC,5.4214
CN(CCCOc1ccc([N+](=O)[O-])cc1)C(=O)c1cnc(CC(=O)c2cccs2)nc1,6.0555
COc1ccc(C(=O)Cc2ncc(C(=O)NCc3ccc(OC)c(OC)c3)cn2)cc1,5.0000
COc1ccc(C(=O)Cc2ncc(C(=O)NC3CCN(Cc4ccccc4)CC3)cn2)cc1,4.5528
COc1ccc(C(=O)Cc2ncc(C(=O)N3CCN(Cc4ccccc4)CC3)cn2)cc1,4.7620
COc1ccc(C(=O)Cc2ncc(C(=O)Nc3ccncc3)cn2)cc1,4.7471
COc1ccc(C(=O)Cc2ncc(C(=O)NCc3cccs3)cn2)cc1,4.5129
CCN1CCN(CCC(=O)Nc2nc3c(C)cccc3s2)CC1,4.6866
Cc1cccc2sc(NC(=O)CCN3CCN(C(C)C)CC3)nc12,5.5607
Cc1cccc2sc(NC(=O)CCN3CCN(C(C)(C)C)CC3)nc12,6.0915
Cc1cccc2sc(NC(=O)CCN3CCN(CCN(C)C)CC3)nc12,6.3188
Cc1cccc2sc(NC(=O)CCN3CCN(CCCN(C)C)CC3)nc12,6.3872
CCOCCN1CCN(CCC(=O)Nc2nc3c(C)cccc3s2)CC1,4.6972
Cc1cccc2sc(NC(=O)CCN3CCN(CC4CCCO4)CC3)nc12,5.1018
Cc1cccc2sc(NC(=O)CCN3CCN(C4CCCCC4)CC3)nc12,4.9622
Cc1cccc2sc(NC(=O)CCN3CCN(CC4CCCCC4)CC3)nc12,6.4685
Cc1cccc2sc(NC(=O)CCN3CCN(C4CCN(C)CC4)CC3)nc12,4.9780
Cc1cccc2sc(NC(=O)CCN3CCN(CCN(C(C)C)C(C)C)CC3)nc12,6.6198
CC(=O)c1ccc(N2CCN(CCC(=O)Nc3nc4c(C)cccc4s3)CC2)cc1,5.4179
Cc1cccc2sc(NC(=O)CCN3CCN(c4ccccn4)CC3)nc12,4.7637
Cc1cccc2sc(NC(=O)CCN3CCN(c4ccncc4)CC3)nc12,4.7397
Cc1cccc2sc(NC(=O)CCN3CCN(c4ncccn4)CC3)nc12,4.5226
Cc1cccc2sc(NC(=O)CCN3CCN(Cc4ccccc4F)CC3)nc12,5.2823
Cc1cccc2sc(NC(=O)CCN3CCN(Cc4cc(F)ccc4F)CC3)nc12,4.8989
Cc1cccc2sc(NC(=O)CCN3CCN(Cc4ccc(C(C)(C)C)cc4)CC3)nc12,4.3979
Cc1cccc2sc(NC(=O)CCN3CCN(Cc4cccc5ccccc45)CC3)nc12,4.7138
C=C1c2[nH]c3ccc(OC)cc3c2C2[C@@H](CC)C1CCN2C,3.5544
O=C(COc1ccc(-c2ccccc2)cc1)NCC1CCN(Cc2ccccc2)CC1,5.7696
O=C(COc1ccc(Cl)cc1[N+](=O)[O-])NCC1CCN(Cc2ccccc2)CC1,6.9136
O=C(COc1cc(F)ccc1[N+](=O)[O-])NCC1CCN(Cc2ccccc2)CC1,6.9872
O=C(COc1ccc([N+](=O)[O-])cc1)NCC1CCN(Cc2ccccc2)CC1,6.2933
O=C(COc1ccccc1C(F)(F)F)NCC1CCN(Cc2ccccc2)CC1,6.1152
Cc1cc(Br)cc(C)c1OCC(=O)NCC1CCN(Cc2ccccc2)CC1,6.2255
O=C(COc1ccc(Cc2ccccc2)cc1)NCC1CCN(Cc2ccccc2)CC1,5.8962
O=C(COc1ccc(CCc2ccccc2)cc1)NCC1CCN(Cc2ccccc2)CC1,6.8697
COc1ccc(OCC(=O)NCC2CCN(Cc3ccccc3)CC2)cc1,6.0555
O=C(COc1ccc(Cl)cc1)NCC1CCN(Cc2ccccc2)CC1,5.7747
O=C(COc1ccc(-c2ccccc2)cc1)NCCN1CCN(Cc2ccccc2)CC1,6.1337
O=C(COc1ccc(Cl)cc1[N+](=O)[O-])NCCN1CCN(Cc2ccccc2)CC1,9.0969
O=C(COc1cc(F)ccc1[N+](=O)[O-])NCCN1CCN(Cc2ccccc2)CC1,8.5528
O=C(COc1ccc([N+](=O)[O-])cc1)NCCN1CCN(Cc2ccccc2)CC1,7.3768
O=C(COc1ccccc1C(F)(F)F)NCCN1CCN(Cc2ccccc2)CC1,6.8665
Cc1cc(Br)cc(C)c1OCC(=O)NCCN1CCN(Cc2ccccc2)CC1,7.0458
O=C(COc1ccc(Cc2ccccc2)cc1)NCCN1CCN(Cc2ccccc2)CC1,6.0031
O=C(COc1ccc(CCc2ccccc2)cc1)NCCN1CCN(Cc2ccccc2)CC1,6.0458
COc1ccc(OCC(=O)NCCN2CCN(Cc3ccccc3)CC2)cc1,6.5229
O=C(COc1ccc(Cl)cc1)NCCN1CCN(Cc2ccccc2)CC1,6.7235
C=C(C)[C@]1(O)CC[C@@]2(C)C3=Cc4c(cc(-c5cccnc5)oc4=O)O[C@]3(C)[C@@H](O)C[C@@H]2[C@@]12CCC(=O)OC2,4.8570
O=c1c2ccccc2nc2n1CC[C@@H]2[C@@H]1CCCN1,5.2434
COc1cc2c(Nc3ccc(C(=O)/C=C/c4nc(C)c(C)nc4C)cc3)ncnc2c(OC)c1OC,7.0000
OC1CCN2Cc3ccccc3N=C12,4.8639
O=c1c2ccccc2nc2n1C(C1CN=Cc3[nH]c4ccccc4c31)CC2O,4.3930
O=c1c2ccccc2nc2n1C(c1cncc3[nH]c4ccccc4c13)CC2O,4.1518
O=c1c2ccccc2nc2n1CCC2O,4.1158
O=c1[nH]c(CCCO)nc2ccccc12,3.8094
O=C(O)C1=Nc2ccccc2CN1,3.4624
c1ccc2c(c1)CN1Cc3cc(OCCCN4CCCCC4)ccc3N=C21,6.8477
c1ccc2c(c1)CCN1Cc3cc(OCCCN4CCCCC4)ccc3N=C21,6.6655
c1ccc2c(c1)CCCN1Cc3cc(OCCCN4CCCCC4)ccc3N=C21,6.2716
c1cc2c(cc1OCCCN1CCCCC1)CN1CCCCC1=N2,6.6478
c1cc2c(cc1OCCCN1CCCCC1)CN1CCCCCC1=N2,6.0862
CCn1c2ccccc2c2cc(/C=C/c3ccc(NC(=S)NCCN4CCCC4)cc3)ccc21,5.5784
COc1cc(/C=C/c2cc(=O)oc3c2ccc2oc(-c4cc(OC)cc(OC)c4)cc23)cc(OC)c1,5.5528
COc1cc(/C=C/c2cc(=O)oc3c2ccc2oc(-c4ccccc4)cc23)cc(OC)c1,5.7447
COc1cc(/C=C/c2cc(=O)oc3c2ccc2oc(-c4cccc(F)c4)cc23)cc(OC)c1,5.7447
COc1cc(/C=C/c2cc(=O)oc3c2ccc2oc(-c4ccc(F)cc4)cc23)cc(OC)c1,5.7447
COc1cc(/C=C/c2cc(=O)oc3c2ccc2oc(-c4cccc(Cl)c4)cc23)cc(OC)c1,5.7447
COc1cc(/C=C/c2cc(=O)oc3c2ccc2oc(-c4ccc(Cl)cc4)cc23)cc(OC)c1,5.7447
COc1cc(/C=C/c2cc(=O)oc3c2ccc2oc(-c4ccc(C)cc4)cc23)cc(OC)c1,5.7447
COc1ccc(-c2cc3c(ccc4c(/C=C/c5cc(OC)cc(OC)c5)cc(=O)oc43)o2)cc1,5.7447
NS(=O)(=O)c1ccc(/N=C/c2cc(Br)cc(Br)c2O)cc1,6.6365
NS(=O)(=O)c1ccc(NCc2cccc(Br)c2O)cc1,7.1096
NS(=O)(=O)c1ccc(/N=C/c2cc(Br)cc(Cl)c2O)cc1,7.6778
NS(=O)(=O)c1ccc(NCc2cccc(Cl)c2O)cc1,7.6782
COc1ccccc1/C=C/C=C(\Br)S(=O)(=O)F,7.1024
COc1ccc2nc3c(c(N)c2c1)C1CC=CC(C3)C1,5.5800
COc1cc2oc(C(=O)Nc3cccc(CN(C)Cc4ccccc4)c3)cc(=O)c2cc1OC,5.3468
O=c1cc(/N=N/N=P(CCP(=N/N=N/c2cc(=O)oc3ccccc23)(c2ccccc2)c2ccccc2)(c2ccccc2)c2ccccc2)c2ccccc2o1,7.4564
C#CCOc1ccc(-c2cc(-c3ccc(OCCN4CCOCC4)cc3)nc(N)n2)cc1,7.5163
C#CCOc1cccc(-c2cc(-c3ccc(OCCN4CCOCC4)cc3)nc(C)n2)c1,8.0205
CCN1CCN(c2ccc(-c3nc4ccccc4[nH]3)cc2)CC1,5.2857
CO[C@@H]1C=C[C@@]23c4cc5c(cc4CN(C[C@@H]2OC(=O)c2ccc([N+](=O)[O-])cc2)C3C1)OCO5,4.8327
Clc1ccc2c(NCCCNCC34CC5CC(CC(C5)C3)C4)ccnc2c1,6.2073
O=C(OC[C@H]1O[C@@H](OC(=O)c2cc(O)c(O)c(O)c2)[C@H](OC(=O)c2cc(O)c(O)c(O)c2)[C@@H](OC(=O)c2cc(O)c(O)c(O)c2)[C@@H]1O)c1cc(O)c(O)c(O)c1,4.9259
CC1(C)CCCC2(C)OC(=O)C=C12,7.5224
O=C(CCN1CCN(Cc2ccccc2)CC1)Nc1ccc2nc3n(c(=O)c2c1)CCC3,5.4828
COc1ccc(CCc2cc(=O)c3c(o2)[C@H]2O[C@H]2[C@@H](O)[C@H]3OC)cc1O,3.3550
COc1ccc(CCc2cc(=O)c3c(o2)[C@H]2O[C@H]2[C@@H](O)[C@H]3OC)cc1,3.8080
CNC(=O)Oc1ccc2c(c1)[C@]1(C)CCN(C)[C@]1(C)N2C,7.5528
CN1c2ccccc2C(NCCCCCCC(=O)CCCCNc2c3c(nc4ccccc24)CCCC3)c2ccc(Cl)cc2S1(=O)=O,6.7959
Cc1c(C)c2ccc(OCC3CCCN(Cc4ccccc4)C3)cc2oc1=O.Cl,5.8539
OCCCCCCCCc1ccc(CN2CCCC2)c(O)c1,4.3224
OCCCCCCCCc1ccc(CN2CCCCC2)c(O)c1,4.5229
OCCCCCCCCc1ccc(CN2CCCCCC2)c(O)c1,3.1051
CCC1C/C(=C\c2cc(OC)c(OC)c(OC)c2Br)C(=O)c2ccccc21,7.3468
COc1ccc(/C=C2\CCc3cc([N+](=O)[O-])ccc3C2=O)c(Cl)c1OC,5.5346
COc1cc(/C=C2\CCc3cc([N+](=O)[O-])ccc3C2=O)c(Br)c(OC)c1OC,6.2441
CCN(C)C(=O)Oc1ccc(C2CC(=O)c3c(O)cc(OC(=O)N(C)CC)cc3O2)cc1,5.0132
CCN(C)C(=O)Oc1ccc(C2CC(=O)c3c(OC(=O)N(C)CC)cc(OC(=O)N(C)CC)cc3O2)cc1,4.9747
CCC(c1ccc(O)c(OC)c1)c1cccc(O)c1O,5.2472
CCC(c1ccc(O)c(OC)c1)c1ccc(OC)cc1O,5.3224
O=C1OCc2cc(-c3ccc(-c4ccc(CO)cc4)s3)ccc21,5.0969
O=C(Cn1nc2ncccc2c1NC(=O)Cn1nc2ncccc2c1NC(=O)CN1CCN(Cc2ccccc2)CC1)Nc1[nH]nc2ncccc12,4.7438
O=C(CN1CCN(c2ccccc2)CC1)Nc1n[nH]c2ncccc12,5.7109
O=C(CN1CCN(Cc2ccccc2)CC1)Nc1n[nH]c2ncccc12,6.5214
O=C(CCN1CCCCC1)Nc1n[nH]c2ncccc12,6.1818
O=C(CCN1CCOCC1)Nc1n[nH]c2ncccc12,6.5607
CN1CCN(CCC(=O)Nc2n[nH]c3ncccc23)CC1,6.0737
O=C(CCN1CCN(Cc2ccccc2)CC1)Nc1n[nH]c2ncccc12,7.4685
O=C(CCN1CCN(c2ccccc2)CC1)Nc1n[nH]c2ncccc12,6.6383
Cc1ccc2nc3c(c(N4CCOCC4)c2c1)CCCC3,5.7508
Cc1ccc2nc3c(c(N4CCCCC4)c2c1)CCCC3,6.9281
Cc1ccc2nc3c(c(N4CCN(C)CC4)c2c1)CCCC3,6.3565
COc1cc2nc3c(c(N4CCOCC4)c2cc1OC)CCCC3,7.2076
O=[N+]([O-])c1ccc2nc3c(c(N4CCOCC4)c2c1)CCCC3,5.9147
O=[N+]([O-])c1ccc2nc3c(c(N4CCCCC4)c2c1)CCCC3,5.7247
CN1CCN(c2c3c(nc4ccc([N+](=O)[O-])cc24)CCCC3)CC1,6.6108
Cc1ccc2nc3c(c(Nc4[nH]nc5ncccc45)c2c1)CCCC3,6.0910
O=[N+]([O-])c1ccc2nc3c(c(Nc4[nH]nc5ncccc45)c2c1)CCCC3,6.5243
Nc1nn(-c2c3c(nc4ccc([N+](=O)[O-])cc24)CCCC3)c2ncccc12,7.2518
Cc1ccc2nc3c(c(NCCO)c2c1)CCCC3,6.7447
Cc1ccc2nc3c(c(NCCCl)c2c1)CCCC3,6.1175
Cc1ccc2nc3c(c(NCCN4CCOCC4)c2c1)CCCC3,6.8827
Cc1ccc2nc3c(c(NCCN4CCCCC4)c2c1)CCCC3,5.5948
Cc1ccc2nc3c(c(NCCN4CCN(C)CC4)c2c1)CCCC3,6.0114
Cc1ccc2nc3c(c(NCCN4CCN(Cc5ccccc5)CC4)c2c1)CCCC3,5.1951
Cc1ccc2nc3c(c(N4CCN(c5c6c(nc7ccc(C)cc57)CCCC6)CC4)c2c1)CCCC3,6.2832
CC(=O)Nc1ccc2nc3c(c(N4CCOCC4)c2c1)CCCC3,5.9547
CC(=O)Nc1ccc2nc3c(c(N4CCCCC4)c2c1)CCCC3,6.5214
c1ccc2c(NCCN3CCOCC3)c3c(nc2c1)CCCC3,7.0315
CCCCC1OC(=O)c2cc(OCc3ccc(CN(C)C)c(O)c3)ccc21,5.0565
CCCCC1OC(=O)c2cc(OCc3ccc(CN(CC)CC)c(O)c3)ccc21,6.4559
CCCCC1OC(=O)c2cc(OCc3ccc(CN4CCCC4)c(O)c3)ccc21,5.4067
CCCCC1OC(=O)c2cc(OCc3ccc(CN4CCCCC4)c(O)c3)ccc21,7.3872
CCCCC1OC(=O)c2cc(OCc3ccc(CN4CCOCC4)c(O)c3)ccc21,5.4789
CCCCC1OC(=O)c2cc(OCc3ccc(CN4CCN(C)CC4)c(O)c3)ccc21,4.6242
O=C(Nc1ccc(OC(F)(F)F)cc1)NC1CCN(C(=O)CCNc2c3c(nc4cc(Cl)ccc24)CCCC3)CC1,7.8386
O=C(Nc1ccc(OC(F)(F)F)cc1)NC1CCN(C(=O)CCCNc2c3c(nc4cc(Cl)ccc24)CCCC3)CC1,8.5670
O=C(Nc1ccc(OC(F)(F)F)cc1)NC1CCN(C(=O)CCCCNc2c3c(nc4cc(Cl)ccc24)CCCC3)CC1,7.8894
CC1=C[C@@H]2Cc3nc4cc(Cl)ccc4c(NCCCCC(=O)N4CCC(NC(=O)Nc5ccc(OC(F)(F)F)cc5)CC4)c3[C@H](C1)C2,8.7122
CC1=C[C@H]2Cc3nc4cc(Cl)ccc4c(NCCCCC(=O)N4CCC(NC(=O)Nc5ccc(OC(F)(F)F)cc5)CC4)c3[C@@H](C1)C2,5.7799
CC(=O)N1CCC(NC(=O)Nc2ccc(OC(F)(F)F)cc2)CC1,3.9393
CN(CCC1CCCCCC1)Cc1c[nH]c2ccccc12,4.5986
CCCC[N+](C)(CCCc1c[nH]c2ccccc12)CCC1CCCCCC1.[I-],4.6345
CN(C)C1CCC(CCN(CCCc2c[nH]c3ccccc23)CCC2CCCCCC2)CC1,4.9838
CCCCN(CCCc1c[nH]c2ccccc12)CCC1CCN(Cc2ccccc2)CC1,5.1059
CN(CCC1CCN(Cc2ccccc2)CC1)Cc1c[nH]c2ccccc12,4.4699
CCCCN(CCOc1cccc2c(OC(=O)N(C)C)cccc12)CCC1CCCCCC1,7.3197
CCCCN(CCC1CCCCCC1)Cc1cc2ccccc2cc1O,4.7300
CCCCN(CCC1CCCCCC1)Cc1ccc(OC(=O)N(C)C)c2ccccc12,6.9948
CCCCN(CCc1c[nH]c2cc(O)ccc12)CCC1CCCCCC1,4.1510
CCCCN(CCc1c[nH]c2c(OC(=O)C(C)C)cccc12)CCC1CCCCCC1,5.8639
CCCCN(CCC1CCCCCC1)Cc1cn(OC(=O)N(C)C)c2ccccc12,6.8184
Cc1c(Nc2ccc(S(=O)(=O)N3CCN(C)CC3)cc2F)nc2ccc(Nc3cnn(C4CC4)c3)cn2c1=O,5.2596
C[C@H]1CCCN1Cc1nc2cc(NC(=O)c3ccc4cnccc4c3)ccc2[nH]1,6.6021
O=c1c(NCCCCc2c3c(nc4cc(Cl)ccc24)CCCC3)c(NCCCCc2c3c(nc4ccc(Cl)cc24)CCCC3)c1=O,8.6990
O=c1c(NCCCCCCCc2c3c(nc4ccccc24)CCCC3)c(NCCCCCCCc2c3c(nc4ccccc24)CCCC3)c1=O,7.8861
CC(C)c1ccc(NC(=O)Oc2ccc3c(c2)[C@]2(C)CCO[C@@H]2O3)cc1,5.5768
CCOC(=O)c1cc2c(OC(=O)N(C)C)cccc2[n+](C)c1.O=C([O-])C(F)(F)F,8.1549
COC(=O)c1cc2c(OC(=O)N(C)C)cccc2[n+]([11CH3])c1,7.6990
CCN1/C(=C/C(C)=O)Sc2ccc(OC(=O)OCCOCCNC(=O)c3cc4c(OC(=O)N(C)C)cccc4[n+](C)c3)cc21.COS(=O)(=O)[O-],7.0894
O=C(Oc1cc(O)c2c(=O)cc(-c3ccc(O)cc3)oc2c1)N1CCCCC1,4.2041
CNC(=O)Oc1cccc2c1CCC1C2CCN1CCC1CCCCC1,7.2366
CCC(C)(C)NCC(O)c1cc(O)cc(OC(=O)N(C)C)c1,4.6990
CCN(C)C(=O)Oc1cccc(CN2CCC(CCC(=O)c3cc(Cl)c(N)cc3OC)CC2)c1,5.3820
CNC(=O)Oc1cccc(CN(C)CCCCCCOc2ccc3c(c2)O/C(=C\c2cc(OC)c(OC)c(OC)c2)C3=O)c1,9.2840
CNC(=O)Oc1cccc(CN(C)CCCCCCOc2ccc(C(=O)/C=C/c3cc(OC)c(OC)c(OC)c3)c(O)c2)c1,8.8761
CNC(=O)Oc1cccc(CN(C)CCCCCCCOc2ccc(-c3cc(=O)c4ccccc4o3)cc2)c1,9.1367
CNC(=O)Oc1cccc(CN(C)CCCCCCCOc2cccc(-c3cc(=O)c4ccccc4o3)c2)c1,9.2840
CNC(=O)Oc1cccc(CN(C)CCCCCCCOc2ccc(-c3cc4ccccc4oc3=O)cc2)c1,8.9208
CC(=O)N1CC[C@@]2(O)c3cc(OC(=O)Nc4ccccc4)ccc3N[C@@H]12,6.6021
COc1cc2c(c(OC)c1)CC(NC(=O)OCc1ccccc1)C2,9.5834
C#CCN[C@@H]1CCc2ccc(OC(=O)N(C)CC)cc21.C#CCN[C@@H]1CCc2ccc(OC(=O)N(C)CC)cc21,3.0000
C#CCNC1CCc2c(OC(=O)N(C)C)cccc21,4.0655
C#CCNC1CCc2c(OC(=O)N(C)CC)cccc21,3.8239
C#CCN(C)C1CCc2c(OC(=O)N(C)CC)cccc21,5.3979
C#CCN(C)C1CCc2cccc(OC(=O)N(C)C)c21,3.1367
O=C1CCOc2cc(OCCCCCSC(=S)N3CCCCC3)ccc21,7.0000
CN(CCCOc1ccc2ccc(=O)oc2c1)Cc1cccc(OC(=O)NC2CCCC2)c1,6.2832
CN(CCCOc1ccc2ccc(=O)oc2c1)Cc1cccc(OC(=O)NC2CCCCC2)c1,6.9830
Cc1c(Cl)c(=O)oc2cc(OCCCCSC(=S)N3CCCCC3C)ccc12,8.1675
Cc1c(Cl)c(=O)oc2cc(OCCCCSC(=S)N3C(C)CCCC3C)ccc12,6.9431
CC(C)(C)OC(=O)Nc1ccc(O)c(C(=O)NCCCN2CCCCC2)c1,6.9208
CC1CCCCN1CCCNC(=O)c1cc(NC(=O)OC(C)(C)C)ccc1O,6.7696
COc1cccc2c1CCC(NC(=O)OCc1ccccc1)C2,9.5784
COc1cccc2c1CCCC2NS(=O)(=O)NC(=O)OCc1ccccc1,9.6799
CCN(CC)C(=O)OC1C[N+]2(C)CCC1CC2.[I-],5.4559
O=C(Nc1ccccc1)OC1CN2CCC1CC2,6.0000
CC[C@@]1(c2cccc(OC(=O)Nc3ccccc3)c2)CCCCN(C)C1,6.5622
O=c1[nH]c2ccc(OCc3ccc(F)cc3)cc2c(=O)o1,4.1180
CC(C)c1ccc(COc2ccc3[nH]c(=O)oc(=O)c3c2)cc1,4.2596
Cn1ccc2cc(-c3cnc4ccc(C(=O)N5CCCCC5)cc4n3)ccc2c1=O,5.2676
COc1cc(/C=C2\Oc3cc(OCCN4CCCCC4)ccc3C2=O)cc(OC)c1OC,6.0908
COc1ccc2c(c1)O/C(=C\c1ccc(OCCN3CCCCC3)c(Cl)c1)C2=O,6.7959
O=C1/C(=C/c2ccc(OCCN3CCCCC3)cc2)Oc2ccccc21,6.4584
COc1ccc(/C=C2\Oc3cc(OCCN4CCCCC4)ccc3C2=O)cc1,6.0731
O=C1/C(=C/c2ccc(OCCN3CCCC3)cc2)Oc2ccccc21,6.2636
COc1cc(/C=C2\Oc3cc(OCCN4CCCC4)ccc3C2=O)cc(OC)c1OC,6.1918
CCOc1ccc2c(c1)O/C(=C\c1ccc(OCCN3CCCCC3)cc1)C2=O,7.3468
O=c1c(O)c(-c2ccccc2)oc2cc(Br)c(I)cc12,5.0000
O=c1c(/C=N/Nc2ccc(C(F)(F)F)cc2)coc2c1ccc1oc(-c3ccc(Cl)cc3)cc12,5.2843
COc1ccc(-c2cc3cc4c(=O)c(C=O)coc4cc3o2)cc1,5.0000
COc1ccc2[nH]cc(CCNC(=O)CN(CCCCC3CCN(Cc4ccccc4)CC3)C(=O)c3cc(=O)c4ccccc4o3)c2c1,5.6990
COc1ccc2c(=O)cc(C(=O)NCCN3CCCCC3)oc2c1,7.0458
CCOP(=O)(OCC)C(NCCc1ccc(OC)cc1)c1coc2ccccc2c1=O,7.0000
COc1cc2c(cc1OC)/C(=N\NC(=O)C(C)c1ccc(CC(C)C)cc1)C(CC1CCN(Cc3ccccc3)CC1)C2,7.8239
COc1ccc2c(c1)c(CC(=O)N/N=C1\c3cc(OC)c(OC)cc3CC1CC1CCN(Cc3ccccc3)CC1)c(C)n2C(=O)c1ccc(Cl)cc1,6.2924
COc1cc2c(cc1OC)/C(=N\NC(=O)c1ccccc1OC(C)=O)C(CC1CCN(Cc3ccccc3)CC1)C2,7.3372
COc1ccc2cc([C@H](C)C(=O)N/N=C3\c4cc(OC)c(OC)cc4CC3CC3CCN(Cc4ccccc4)CC3)ccc2c1,6.8239
COc1cc2c(cc1OC)/C(=N\NC(=O)CNC(=O)C(C)c1ccc(CC(C)C)cc1)C(CC1CCN(Cc3ccccc3)CC1)C2,5.9245
COc1cc2c(cc1OC)/C(=N\NC(=O)CCNC(=O)C(C)c1ccc(CC(C)C)cc1)C(CC1CCN(Cc3ccccc3)CC1)C2,5.3143
COc1cc2c(cc1OC)/C(=N\NC(=O)C(NC(=O)C(C)c1ccc(CC(C)C)cc1)C(C)C)C(CC1CCN(Cc3ccccc3)CC1)C2,6.3979
COc1cc2c(cc1OC)/C(=N\NC(=O)C(CC(C)C)NC(=O)C(C)c1ccc(CC(C)C)cc1)C(CC1CCN(Cc3ccccc3)CC1)C2,6.4559
COc1cc2c(cc1OC)/C(=N\N)C(CC1CCN(Cc3ccccc3)CC1)C2,6.7212
CN1c2ccc(OC(=O)Nc3ccncc3)cc2[C@]2(C)CCO[C@H]12,5.1549
CN1c2ccc(OC(=O)Nc3cccnc3)cc2[C@]2(C)CCO[C@H]12,5.7696
COc1cc2c(cc1OC)C(=O)[C@]1(C2)[C@H](c2ccccc2OC)[C@H](Cc2c[nH]c3ccccc23)NC12C(=O)Nc1ccccc12,5.5591
COc1cccc([C@@H]2[C@H](Cc3c[nH]c4ccccc34)NC3(C(=O)Nc4ccccc43)[C@@]23Cc2cc(OC)c(OC)cc2C3=O)c1,5.6364
COc1cc2c(cc1OC)C(=O)[C@]1(C2)[C@H](c2cccc([N+](=O)[O-])c2)[C@H](Cc2c[nH]c3ccccc23)NC12C(=O)Nc1ccccc12,5.7235
COc1cc2c(cc1OC)C(=O)[C@]1(C2)[C@H](c2ccc(C)cc2)[C@H](Cc2c[nH]c3ccccc23)NC12C(=O)Nc1ccccc12,4.8465
CCN(C)C(=O)Oc1ccc(C(CCOc2ccc([N+](=O)[O-])cc2)NC)cc1,6.9957
CCN(C)C(=O)Oc1ccc2c(c1)C=CC(C)N(C)C2CCOc1ccc([N+](=O)[O-])cc1,7.8539
Cc1c(C)c2c(c(C)c1O)CCC(C)(C(=O)NCCC1CCN(Cc3ccccc3F)CC1)O2,6.2676
C/C=C1/CN2CCc3c([nH]c4ccccc34)[C@@H]2CC1/C(=C\C(=O)OC)OC,5.4318
CC1=C(CO[C@@H]2O[C@H](CO[C@@H]3O[C@H](CO)[C@@H](O)[C@H](O)[C@H]3O)[C@@H](O)[C@H](O)[C@H]2O)C(C)(C)CCC1,5.4949
COc1cc(CO)ccc1O[C@@H]1O[C@H](CO)[C@@H](O)[C@H](O)[C@H]1O,5.3420
COc1cc([C@@H](O)[C@H](CO[C@@H]2O[C@H](CO)[C@@H](O)[C@H](O)[C@H]2O)Oc2ccc(CCCO)cc2OC)ccc1O,6.1249
CC(=O)Nc1nc(Cl)c2ncn(C3O[C@H]4[C@H](OC(=O)[C@@H]4O)[C@H]3OC(C)=O)c2n1,4.6258
CC(=O)Nc1nc(Cl)c2ncn(C3O[C@H](CC(=O)NCc4ccccc4)[C@H](OC(C)=O)[C@H]3OC(C)=O)c2n1,4.8303
CC(=O)Nc1nc(NCc2ccccc2)c2ncn(C3O[C@H](CC(=O)NCc4ccccc4)[C@H](OC(C)=O)[C@H]3OC(C)=O)c2n1,4.2965
CC(=O)Nc1nc(Cl)c2c(ncn2C2O[C@H](C(=O)NCc3ccccc3)[C@@H](OC(C)=O)[C@@H](OC(C)=O)[C@H]2OC(C)=O)n1,4.7277
CC(=O)Nc1nc(Cl)c2ncn(C3O[C@H](C(=O)NCc4ccccc4)[C@@H](OC(C)=O)[C@@H](OC(C)=O)[C@H]3OC(C)=O)c2n1,4.5089
CC(=O)Nc1nc(Cl)c2c(ncn2C2O[C@H](C(=O)O)[C@@H](OC(C)=O)[C@@H](OC(C)=O)[C@H]2OC(C)=O)n1,4.4217
CC(=O)Nc1nc(Cl)c2ncn(C3O[C@H](C(=O)O)[C@@H](OC(C)=O)[C@@H](OC(C)=O)[C@H]3OC(C)=O)c2n1,4.5707
COc1ccc2c(c1)[nH]c1c(C(C)=O)nccc12,5.3979
C#CCn1c2cc(OC)ccc2c2ccnc(C)c21,5.7212
COc1ccc2c3ccnc(C)c3n(CC3CC(c4ccccc4)=NO3)c2c1,4.9586
COc1ccc([C@@H]2N[C@@H](C(=O)O)Cc3c2n(C)c2ccccc32)cc1OC,5.6021
COc1ccc2c3c([nH]c2c1N)C(C)NCC3,5.6990
CCOC(=O)[n+]1ccc2c([nH]c3cc(OC)ccc32)c1C,6.6021
CC(C)n1c2ccccc2c2cc[n+](-c3ccccc3)cc21,5.8881
Cc1ccc2c(c1)c1cc[n+](-c3ccccc3)cc1n2C,6.3768
Cc1ccc(-[n+]2ccc3c4ccccc4n(C)c3c2)cc1,6.5376
Cn1c2ccccc2c2cc[n+](-c3ccc(I)cc3)cc21,6.6198
Cn1c2ccccc2c2cc[n+](-c3ccc(Cl)cc3)cc21,6.3873
Cn1c2ccccc2c2cc[n+](-c3ccc(Br)cc3)cc21,6.5229
COc1ccc(-[n+]2ccc3c4ccccc4n(C)c3c2)cc1,6.5229
CC1c2[nH]c3ccccc3c2CCN1C(=O)/C=C/c1ccc(O)c(O)c1,4.6778
O=C1C2Cc3c([nH]c4ccccc34)[C@@H](c3ccc4c(c3)OCO4)N2C(=O)CN1CCC1CCN(Cc2ccccc2)CC1,7.4437
O=C1[C@@H]2Cc3c([nH]c4ccccc34)[C@@H](c3ccc4c(c3)OCO4)N2C(=O)CN1CCC1CCN(Cc2ccccc2)CC1,7.4949
COc1ccc([C@@H]2c3[nH]c4ccccc4c3C[C@H]3C(=O)N(CCC4CCN(Cc5ccccc5)CC4)CC(=O)N23)cc1,7.8239
COc1ccc([C@@H]2c3[nH]c4ccccc4c3C[C@@H]3C(=O)N(CCC4CCN(Cc5ccccc5)CC4)CC(=O)N23)cc1,7.5086
c1ccc2c(c1)[nH]c1c[n+](CCCCCCCCCCCC[n+]3ccc4c(c3)[nH]c3ccccc34)ccc12,4.0655
C[n+]1ccc2c3ccccc3n(CCCCCCCCCn3c4ccccc4c4cc[n+](C)cc43)c2c1,9.2218
C[n+]1ccc2c3ccccc3n(CCc3ccccc3)c2c1,9.3010
Cn1c2ccccc2c2cc[n+](-c3ccc(Br)cc3Br)cc21,6.9586
C[n+]1ccc2c(c1)[nH]c1ccccc12,5.3872
Cn1c2c(c3ccccc31)CC[N+](c1ccc(Br)cc1)=C2,5.8239
Cn1c2c(c3ccccc31)CC[N+](c1ccc(I)cc1)=C2,5.8239
Cc1ccc([N+]2=Cc3c(c4ccccc4n3C)CC2)cc1,5.8239
CN1c2ccc(OCc3ccccc3)cc2C(=O)N2CCc3c([nH]c4ccccc34)C21,5.5229
C=C[C@H]1C[N+]2=C(C[C@@H]1/C(=C\OC)C(=O)OC)c1[nH]c3cccc(OC)c3c1CC2,5.3872
C=C[C@H]1[C@@H](/C(=C/O)C(=O)OC)C[C@H]2c3[nH]c4ccccc4c3CCN2[C@H]1O[C@@H]1O[C@H](CO)[C@@H](O)[C@H](O)[C@H]1O,5.7212
Cc1cc2cc3n(c(=O)c2cn1)CCc1c-3[nH]c2ccccc12,4.6576
COC(=O)C1=CO[C@@H](C)[C@H]2C[n+]3ccc4c([nH]c5ccccc54)c3C[C@H]12,6.1079
O=C1c2ccccc2-[n+]2ccc3c([nH]c4ccccc43)c21,5.8239
c1ccc2c(c1)CN1CCc3c([nH]c4ccccc34)C1=N2,5.4685
O=C(CCN1CCCC1)Nc1ccc2c(c1)CN1CCc3c([nH]c4ccccc34)C1=N2,7.5376
O=C(CN1CCCCC1)Nc1ccc2nc3c4[nH]c5ccccc5c4ccn3c(=O)c2c1,7.9985
COc1cc2c(cc1OC)C(=O)/C(=C/c1ccc(OCCN3CCCCC3)cc1)C2,6.5229
COc1ccc2c(c1)c(C=O)cn2CCCCCCCN(C)Cc1cccc(O)c1,5.2565
COc1ccc2c(c1)c(C=O)cn2CCCCCCCCN(C)Cc1cccc(O)c1,5.5850
COc1ccc2c(c1)c(C=O)cn2CCCCCCCCCN(C)Cc1cccc(O)c1,5.2848
COc1ccc2c(c1)c(C=O)cn2CCCCCCCCCCN(C)Cc1cccc(O)c1,5.3449
COc1ccc2c(c1)c(C=O)cn2CCCCCCCCCCCCN(C)Cc1cccc(O)c1,4.1162
COc1ccc2c(c1)c(C=O)cn2CCCCCCCN(C)Cc1ccc(O)cc1,5.7932
COc1ccc2c(c1)c(C=O)cn2CCCCCCCCN(C)Cc1ccc(O)cc1,5.6861
COc1ccc2c(c1)c(C=O)cn2CCCCCCCCCN(C)Cc1ccc(O)cc1,5.2055
COc1ccc2c(c1)c(C=O)cn2CCCCCCCCCCN(C)Cc1ccc(O)cc1,6.2218
COc1ccc2c(c1)c(C=O)cn2CCCCCCCCCCCCN(C)Cc1ccc(O)cc1,4.2175
COc1ccc2c(c1)c(C=O)cn2CCCCCCCCCCCCN(C)Cc1ccc(OC)c(OC)c1,4.3472
CCN(CCCCCCCCCCCCn1cc(C=O)c2cc(OC)ccc21)Cc1cccc(O)c1,4.3717
CN(CCCCCCCCCCCCn1cc(C=O)c2cc(O)ccc21)Cc1cccc(O)c1,3.7508
CCCCCCCCCCCC1=CC(=O)C=CC1=O,5.1018
CC(C)=CCC/C(C)=C/Cc1c(O)ccc2cc(-c3cc(O)cc(O)c3CC=C(C)C)oc12,4.6373
CC(C)=CCCC1(C)C=Cc2c(ccc3cc(-c4cc(O)cc(O)c4CC=C(C)C)oc23)O1,5.3363
CC(C)=CCC/C(C)=C/CC/C(C)=C\Cc1c(O)cc(O)c(CC=C(C)C)c1-c1cc2ccc(O)cc2o1,4.8564
O=C(/C=C/c1ccc(O)c(O)c1)O[C@@H]1[C@H](O)C[C@@](O)(C(=O)O)C[C@H]1OC(=O)/C=C/c1ccc(O)c(O)c1,5.6696
COc1cc(O)c2c(=O)cc(-c3ccccc3)oc2c1OC,5.6091
Cc1cc2c(c(C)c1CCO[C@@H]1O[C@H](CO)[C@@H](O)[C@H](O)[C@H]1O)C(=O)[C@H](C)C2,5.5935
Cc1cc2c(c(C)c1CCO[C@@H]1O[C@H](CO)[C@@H](O)[C@H](O)[C@H]1O)C(=O)[C@@H](C)[C@H]2O,5.0376
Cc1cc2c(c(C)c1CCO[C@@H]1O[C@H](CO)[C@@H](O)[C@H](O)[C@H]1O)C(=O)[C@H](C)[C@H]2O,5.4237
Cc1cc2c(c(C)c1CCO[C@@H]1O[C@H](CO)[C@@H](O)[C@H](O)[C@H]1O)C(=O)C(C)(C)[C@H]2O,4.5622
Oc1cc(O)cc(Oc2c(O)cc(O)c3c2Oc2c(O)cc(O)cc2O3)c1,4.6723
Oc1cc(O)cc(Oc2cc(O)c(O)c3c2Oc2c(O)cc(Oc4c(O)cc(Oc5c(O)cc(O)c6c5Oc5c(O)cc(O)cc5O6)cc4O)cc2O3)c1,5.2449
Oc1cc(O)cc(Oc2c(O)cc(O)c3c2Oc2c(cc(O)c(-c4c(O)cc5c(c4O)Oc4c(Oc6cc(O)cc(O)c6)c(O)cc(O)c4O5)c2O)O3)c1,5.3382
COc1ccc(NCC2CCN(Cc3ccccc3)CC2)cc1,6.7825
COc1ccccc1NCC1CCN(Cc2ccccc2)CC1,6.8041
COc1ccc(NCC2CCN(Cc3ccccc3)CC2)cc1OC,6.8386
COc1ccc(NC(=O)C2CCN(C(=O)c3ccccc3)CC2)cc1,8.0097
COc1ccccc1NC(=O)C1CCN(C(=O)c2ccccc2)CC1,8.0726
COc1ccc(NC(=O)C2CCN(C(=O)c3ccccc3)CC2)cc1OC,8.3862
CCC1=CC2Cc3nc4cc(Cl)ccc4c(NCCCN4CCC(CC5Cc6cc(OC)c(OC)cc6C5)CC4)c3C(C1)C2.Cl.Cl,8.3069
CCC1=CC2Cc3nc4cc(Cl)ccc4c(NCCN4CCC(CC5Cc6cc(OC)c(OC)cc6C5)CC4)c3C(C1)C2.Cl.Cl,7.5436
COc1cc2c(cc1OC)CC(CC1CCN(CCCNc3c4c(nc5cc(Cl)ccc35)CC3C=C(C)CC4C3)CC1)C2.Cl.Cl,8.4267
COc1cc2c(cc1OC)CC(CC1CCN(CCNc3c4c(nc5cc(Cl)ccc35)CC3C=C(C)CC4C3)CC1)C2.Cl.Cl,7.8861
O=C(NCCCCCCCNc1c2c(nc3cc(Cl)ccc13)CCCC2)c1ccc2nc(-c3ccc(Cl)cc3)c3c(c2c1)OCCC3,7.7375
O=C(CCc1ccc2nc(-c3ccccc3)c3c(c2c1)OCCC3)NCCCCCCNc1c2c(nc3cc(Cl)ccc13)CCCC2,7.9547
O=C(CCc1ccc2nc(-c3ccccc3)c3c(c2c1)OCCC3)NCCCCCCCNc1c2c(nc3cc(Cl)ccc13)CCCC2,7.9431
O=C(CCc1ccc2nc(-c3ccccc3)c3c(c2c1)OCCC3)NCCCCCCCCNc1c2c(nc3cc(Cl)ccc13)CCCC2,7.8539
O=C1Cc2cc(N3C(=O)c4ccccc4C3=O)ccc2CN1C(=O)c1ccccc1,7.1831
Cc1cccc(C(=O)N2Cc3ccc(N4C(=O)c5ccccc5C4=O)cc3CC2=O)c1,7.5938
COc1ccccc1C(=O)N1Cc2ccc(N3C(=O)c4ccccc4C3=O)cc2CC1=O,7.0880
COc1ccc(C(=O)N2Cc3ccc(N4C(=O)c5ccccc5C4=O)cc3CC2=O)cc1,7.0870
C/C(=C\C1=CCN(C(=O)CCc2ccccc2)C(=O)C1)N1C(=O)c2ccccc2C1=O,7.2576
COc1cc(/C=C/c2nnc(-c3ccc(Cl)cc3)o2)ccc1O,9.4763
COc1cc(/C=C/c2nnc(-c3ccc(Cl)cc3Cl)o2)ccc1O,9.6576
COc1cc(/C=C/c2nnc(-c3ccc(F)cc3)o2)ccc1O,9.5467
COc1cc(/C=C/c2nnc(-c3ccc(F)cc3F)o2)ccc1O,9.7212
COc1ccc(/C=C/C(=O)c2cc(I)c(Cl)cc2O)cc1,7.9311
O=C(/C=C/c1ccc(F)cc1)c1cc(I)c(Br)cc1O,7.9594
COc1cc(O)c(C(=O)/C=C/c2ccc(F)cc2)cc1I,8.0278
COc1ccc(/C=C/C(=O)c2cc(I)c(OC)cc2O)cc1,7.9602
O=c1c(O)c(-c2ccc(F)cc2)oc2cc(F)c(I)cc12,8.4908
O=c1c(O)c(-c2ccc(Cl)cc2)oc2cc(F)c(I)cc12,8.4622
COc1ccc(-c2oc3cc(Br)c(I)cc3c(=O)c2O)cc1,7.5378
COc1ccc(-c2oc3cc(OC)c(I)cc3c(=O)c2O)cc1,8.1433
O=c1c(/C=N/Nc2ccc(C(F)(F)F)cc2)coc2cc3oc(-c4cccc(F)c4)cc3cc12,5.1192
O=c1c(/C=N/Nc2ccc(C(F)(F)F)cc2)coc2cc3oc(-c4cccc(Cl)c4)cc3cc12,4.7375
COc1ccc(-c2cc3cc4c(=O)c(/C=N/Nc5ccc(C(F)(F)F)cc5)coc4cc3o2)cc1,5.2676
O=c1c(/C=N/Nc2ccc(C(F)(F)F)cc2)coc2c1ccc1oc(-c3cccc(F)c3)cc12,4.9830
O=c1ccoc2ccc(Oc3ccccc3)cc12,5.5229
Cc1c(C)c2ccc(OCc3ccccc3)cc2oc1=O,5.5229
Cc1cc(=O)c2cc(Oc3ccccc3)ccc2o1,5.5229
Cc1c(C)c2ccc(OCCc3ccccc3)cc2oc1=O,5.5229
Cc1c(C)c2ccc(OCc3cc(F)cc(F)c3)cc2oc1=O,5.5229
Cc1c(C)c2ccc(OCc3ccc(Cl)cc3)cc2oc1=O,5.5229
Cc1c(C)c2ccc(OCc3ccc(F)c(F)c3)cc2oc1=O,5.5229
Cc1c(C)c2ccc(OCc3ccc(F)cc3)cc2oc1=O,5.5229
Cc1ccc(COc2ccc3c(C)c(C)c(=O)oc3c2)cc1,5.5229
Cc1c(C)c2ccc(OCc3cccc(F)c3)cc2oc1=O,5.5229
Cc1c(C)c2ccc(OCc3cccc(N)c3)cc2oc1=O,5.5229
COc1cccc(COc2ccc3c(C)c(C)c(=O)oc3c2)c1,5.5229
Cc1c(C)c2ccc(OCc3cccc(O)c3)cc2oc1=O,5.5229
Cc1ccccc1COc1ccc2c(C)c(C)c(=O)oc2c1,5.5229
Cc1cccc(COc2ccc3c(C)c(C)c(=O)oc3c2)c1,5.5229
Cc1ccc(-c2noc(-c3cccc(OCC4CCN(Cc5ccccc5)CC4)c3)n2)cn1,6.1308
Cc1ccc(-c2noc(-c3cccc(OCC4CCN(Cc5ccc(F)cc5)CC4)c3)n2)cn1,5.5243
Cc1ccc(-c2noc(-c3cccc(OCC4CCN(Cc5ccccc5F)CC4)c3)n2)cn1,6.5376
Cc1ccc(-c2noc(-c3cccc(OCC4CCN(Cc5cccc(F)c5)CC4)c3)n2)cn1,6.4202
Cc1ccc(-c2noc(-c3cccc(OCC4CCN(Cc5ccccc5Cl)CC4)c3)n2)cn1,6.2441
Cl.Oc1cccc2ccc(/C=C/C3=CCN(Cc4ccccc4C(F)(F)F)CC3)nc12,3.7932
CC(C)C[C@@H](NC(=O)C1(C(F)(F)F)CCCCC1)C(=O)Nc1nnc(Cc2ccc(C#N)cc2)s1,5.1186
CCN(CC)C(=O)Oc1ccc(-c2cc(=O)c3c(O)c(O)c(O)cc3o2)cc1,5.9208
CN(C)Cc1c(O)c(O)c(O)c2c(=O)cc(-c3ccccc3)oc12,4.0862
COc1ccc(-c2cc(=O)c3ccc(OCCN4CCC(C)CC4)cc3o2)cc1,8.1986
COc1ccc(-c2cc(=O)c3ccc(OCCN4CCN(CCO)CC4)cc3o2)cc1,8.1215
COc1ccc(-c2cc(=O)c3ccc(OCCN4CCOCC4)cc3o2)cc1,7.9586
CCN(CC)CCOc1ccc2c(=O)cc(-c3ccc(OC)cc3)oc2c1,7.5670
COc1ccc(-c2cc(=O)c3ccc(OCCN4CCCC4)cc3o2)cc1,6.9796
CCC(=O)CNC(=O)Nc1nc2ccc(-c3oc4c(OC)c(O)c(O)c(OC)c4c(=O)c3O)cc2s1,7.0000
CN(C)CCNC(=O)COc1cc(O)c2c(=O)c(-c3ccc(O)cc3)coc2c1.Cl,5.5607
CCN(CC)CCCCOc1cc(O)c2c(=O)c(-c3ccc(O)cc3)coc2c1,7.0000
COc1ccc(/C=C2\COc3cc(OCCCN4CCCCC4)ccc3C2=O)cc1,5.4045
COc1cc2oc3cccc(O)c3c(=O)c2c(O)c1CN(C)C,4.0000
Cc1ccc(NCC[C@@H]2CCCN3CCCC[C@H]23)c2c(=O)c3ccccc3sc12,5.2840
Cc1ccc(NCC[C@@H]2CCCN3CCCC[C@H]23)c2c(=O)c3ccccc3oc12,6.8539
COc1cc(O)c2c(=O)c3cccc(O)c3oc2c1,4.2757
CN1CCc2c(c3ccccc3n2Cc2ccccc2C(=O)NCCO[N+](=O)[O-])C1,4.8297
COc1ccc2c(c1)[nH]c1c(C)nccc12,4.9469
O=C1CC2CCc3ccsc3C2=NN1CCN1CCN(Cc2ccccc2)CC1,6.8398
O=C1CC2CCc3ccsc3C2=NN1CCCCN1CCN(Cc2cccc3c2ccn3S(=O)(=O)c2ccccc2)CC1,5.1186
O=C1CC2CCCc3ccsc3C2=NN1CCCCN1CCN(Cc2ccccc2)CC1,5.9101
O=C1CC2CCc3ccsc3C2=NN1Cc1ccc(CN2CCN(Cc3ccccc3)CC2)cc1,5.4377
O=C1CC2CCc3ccsc3C2=NN1CCCCN1CCCCC1,5.6799
O=C1CC2Cc3ccsc3C2=NN1CCCCN1CCN(Cc2ccccc2)CC1,6.2692
O=C1CC2CCc3ccsc3C2=NN1CCCCN1CCCC1,5.9355
O=C1CC2CCc3ccsc3C2=NN1CN1CCN(Cc2ccccc2)CC1,4.8665
CCN(CC)CCCCN1N=C2c3sccc3CCC2CC1=O,5.5331
CN(C)CCCCN1N=C2c3sccc3CCC2CC1=O,5.1965
O=C1CC2CCc3ccsc3C2=NN1CCCCN1CCN(Cc2ccccc2)CC1,6.1215
O=C1CC2CCc3ccsc3C2=NN1CCCCCN1CCN(Cc2cccc3c2ccn3S(=O)(=O)c2ccccc2)CC1,5.3526
O=C1CC2CCc3ccsc3C2=NN1CCCCCCN1CCN(Cc2cccc3c2ccn3S(=O)(=O)c2ccccc2)CC1,5.0088
O=C1CC2CCc3ccsc3C2=NN1CCCCCCCN1CCN(Cc2cccc3c2ccn3S(=O)(=O)c2ccccc2)CC1,5.3410
O=C1CC2Cc3ccsc3C2=NN1CCCCN1CCN(Cc2cccc3c2ccn3S(=O)(=O)c2ccccc2)CC1,5.4498
O=C1CC2Cc3ccsc3C2=NN1CCCCCN1CCN(Cc2cccc3c2ccn3S(=O)(=O)c2ccccc2)CC1,5.1618
O=C1CC2Cc3ccsc3C2=NN1CCCCCCN1CCN(Cc2cccc3c2ccn3S(=O)(=O)c2ccccc2)CC1,5.0372
O=C1CC2Cc3ccsc3C2=NN1CCCCCCCN1CCN(Cc2cccc3c2ccn3S(=O)(=O)c2ccccc2)CC1,5.1439
O=C1CC2CCc3sccc3C2=NN1CCCCN1CCN(Cc2ccccc2)CC1,6.0655
CC1(C)O[C@@H]2[C@@H](O)[C@H]3NC(=O)O[C@H]3C[C@@H]2O1,4.2314
COc1cccc(C2CC(c3cc(F)ccc3F)=NN2c2ccc(S(N)(=O)=O)cc2)c1OC,8.3403
COc1ccc(C2CC(c3cc(F)ccc3F)=NN2c2ccc(S(N)(=O)=O)cc2)c(OC)c1,8.3403
COc1ccc(OC)c(C2CC(c3cc(F)ccc3F)=NN2c2ccc(S(N)(=O)=O)cc2)c1,8.3403
COc1ccc(C2CC(c3cc(F)ccc3F)=NN2c2ccc(S(N)(=O)=O)cc2)cc1OC,8.3403
COc1cccc(C2CC(c3cc(F)cc(F)c3)=NN2c2ccc(S(N)(=O)=O)cc2)c1OC,8.3403
COc1ccc(C2CC(c3cc(F)cc(F)c3)=NN2c2ccc(S(N)(=O)=O)cc2)c(OC)c1,8.3403
COc1ccc(OC)c(C2CC(c3cc(F)cc(F)c3)=NN2c2ccc(S(N)(=O)=O)cc2)c1,8.3403
COc1ccc(C2CC(c3cc(F)cc(F)c3)=NN2c2ccc(S(N)(=O)=O)cc2)cc1OC,8.3403
Cc1ccc2cc(C3CC(c4sccc4Cl)=NN3)c(Cl)nc2c1,6.6990
Cc1ccc2cc(C3CC(c4cc(Cl)sc4Cl)=NN3)c(Cl)nc2c1,6.8239
Cc1ccc(C(=O)/C=C/c2ccc(N3CCCCC3)cc2)s1,6.8861
O=C(/C=C/c1ccc(N2CCCCC2)cc1)c1sccc1Cl,6.7959
COc1ccc(C2CC(c3ccccc3)=NN2c2ccc(S(N)(=O)=O)cc2)c(OC)c1,7.4237
COc1ccc(C2CC(c3ccccc3)=NN2c2ccc(S(N)(=O)=O)cc2)cc1OC,7.4237
COc1ccc(C2CC(c3ccc(F)cc3)=NN2c2ccc(S(N)(=O)=O)cc2)c(OC)c1,7.4237
COc1ccc(C2CC(c3ccc(F)cc3)=NN2c2ccc(S(N)(=O)=O)cc2)cc1OC,7.4237
COc1ccc(C2CC(c3ccc(Cl)cc3)=NN2c2ccc(S(N)(=O)=O)cc2)c(OC)c1,7.4237
COc1ccc(C2CC(c3ccc(Cl)cc3)=NN2c2ccc(S(N)(=O)=O)cc2)cc1OC,7.4237
COc1ccc(C2CC(c3ccc(Br)cc3)=NN2c2ccc(S(N)(=O)=O)cc2)c(OC)c1,7.4237
COc1ccc(C2CC(c3ccc(Br)cc3)=NN2c2ccc(S(N)(=O)=O)cc2)cc1OC,7.4237
CC(=O)Nc1c(F)cc(C(=O)N[C@H]2CC[C@H](O)CC2)cc1O[C@@H](C)c1ccccc1,5.1000
COCc1nc2cnc3cc(-c4c(C)noc4C)c(OC[C@H]4CCNC4)cc3c2n1[C@H](C)c1ccccc1,4.2000
CON(C)C(=O)Oc1ccccc1C(=O)NCCc1c[nH]c2ccccc12,5.4895
Cc1cc(=O)[nH]c2c1C(=O)C(NCCNc1c3c(nc4ccccc14)CCCC3)=CC2=O,6.1759
Cc1cc(=O)[nH]c2c1C(=O)C(NCCCCNc1c3c(nc4ccccc14)CCCC3)=CC2=O,7.2343
Cc1cc(=O)[nH]c2c1C(=O)C(NCCNc1c3c(nc4cc(Cl)ccc14)CCCC3)=CC2=O,6.9172
Cc1cc(=O)[nH]c2c1C(=O)C(NCCCNc1c3c(nc4cc(Cl)ccc14)CCCC3)=CC2=O,7.9547
Cc1cc(=O)[nH]c2c1C(=O)C(NCCCCNc1c3c(nc4cc(Cl)ccc14)CCCC3)=CC2=O,8.2534
CCN(C)C(=O)Oc1ccc(-c2cc(=O)c3c(O)c(O)c(OC(=O)N[C@@H](Cc4ccccc4)C(=O)OC(C)(C)C)cc3o2)cc1,5.2135
CN(CCC1CCCCCC1)Cc1c[nH]c2c(O)cccc12,4.9358
CN(CCC1CCCCCC1)Cc1c[nH]c2c(OC(=O)N(C)C)cccc12,6.2529
CCN(C)C(=O)Oc1cccc2c(CN(C)CCC3CCCCCC3)c[nH]c12,5.1665
CC(C)N(C)C(=O)Oc1cccc2c(CN(C)CCC3CCCCCC3)c[nH]c12,5.5478
CN(CCC1CCCCCC1)Cc1c[nH]c2c(OC(=O)N(C)C(C)(C)C)cccc12,4.9982
CN(CCC1CCCCCC1)Cc1c[nH]c2c(OC(=O)N(C)Cc3ccccc3)cccc12,6.2747
CCN(CC)C(=O)Oc1cccc2c(CN(C)CCC3CCCCCC3)c[nH]c12,5.2526
CC(C)N(C(=O)Oc1cccc2c(CN(C)CCC3CCCCCC3)c[nH]c12)C(C)C,5.3345
CN(CCC1CCCCCC1)Cc1c[nH]c2c(OC(=O)N3CCCCC3)cccc12,6.2765
CN(CCC1CCCCCC1)Cc1c[nH]c2c(OC(=O)N3CCOCC3)cccc12,5.4456
C#CCN(C)C(=O)Oc1cccc2c(CN(C)CCC3CCCCCC3)c[nH]c12,6.4681
C#CCCCN(C)C(=O)Oc1cccc2c(CN(C)CCC3CCCCCC3)c[nH]c12,5.9662
C#CCCCCCCCCCN(C)C(=O)Oc1cccc2c(CN(C)CCC3CCCCCC3)c[nH]c12,6.9094
C#CCN(CC)C(=O)Oc1cccc2c(CN(C)CCC3CCCCCC3)c[nH]c12,5.1234
C#CCN(CC#C)C(=O)Oc1cccc2c(CN(C)CCC3CCCCCC3)c[nH]c12,6.3334
C#CCN(C(=O)Oc1cccc2c(CN(C)CCC3CCCCCC3)c[nH]c12)C(C)C,5.2713
CON(C)C(=O)Oc1cccc2c(CN(C)CCC3CCCCCC3)c[nH]c12,5.9582
CN(CCC1CCCCCC1)Cc1c[nH]c2c(OC(=O)N(C)N(C)C)cccc12,5.2549
CN(CCC1CCCCCC1)Cc1c[nH]c2cc(OC(=O)N(C)C)ccc12,5.1727
CC(C)N(C(=O)Oc1ccc2c(CN(C)CCC3CCCCCC3)c[nH]c2c1)C(C)C,6.4730
C#CCN(C)C(=O)Oc1ccc2c(CN(C)CCC3CCCCCC3)c[nH]c2c1,5.8368
Cc1ccc(NCCCSC[C@@H]2CCCN3CCCC[C@H]23)c2c(=O)c3ccccc3sc12,5.1057
Cc1ccc(NCC[C@@H]2CCCN3CCCC[C@H]23)c2c(=O)c3cc(O)ccc3sc12,5.3706
COc1ccc2sc3c(C)ccc(NCC[C@@H]4CCCN5CCCC[C@H]45)c3c(=O)c2c1,5.4449
COc1ccc2sc3c([N+](=O)[O-])ccc(NCC[C@@H]4CCCN5CCCC[C@H]45)c3c(=O)c2c1,5.3233
COc1ccc2sc3c([N+](=O)[O-])ccc(NCCC[C@@H]4CCCN5CCCC[C@H]45)c3c(=O)c2c1,5.7570
COc1ccc2sc3c(N)ccc(NCC[C@@H]4CCCN5CCCC[C@H]45)c3c(=O)c2c1,5.6198
COc1ccc2sc3c(C)ccc(NCCC4CCN(C)CC4)c3c(=O)c2c1,4.7932
Cc1ccc(NCCC[C@@H]2CCCN3CCCC[C@H]23)c2c(=O)c3ccccc3oc12,5.0550
CCN1/C(=C/C(C)=O)Sc2ccc(OC(=O)NC3CCCCC3)cc21,4.9586
CCCCCCNC(=O)Oc1ccc2c(c1)N(CC)/C(=C/C(C)=O)S2,4.8539
CCN1/C(=C/C(C)=O)Sc2ccc(OC(=O)NCc3cccnc3)cc21,4.4685
CCN1/C(=C/C(C)=O)Sc2ccc(OC(=O)NCCc3ccccc3)cc21,4.6990
S=C(NCCCCNc1c2c(nc3ccccc13)CCCC2)Nc1c[nH]c2ccccc12,7.6021
Clc1ccc2c(NCCCCCN3c4ccccc4Sc4ccccc43)c3c(nc2c1)CCCC3,8.0969
COC(=O)c1cc(C(=O)c2ccc(OC)cc2)n2ccc(CCCc3cc[n+](C)cc3)cc12.[I-],5.4815
COC(=O)[C@H]1[C@H]2C[C@@H]3c4[nH]c5cc(OC)ccc5c4CCN3C[C@H]2C[C@@H](OC(=O)c2cc(OC)c(OC)c(OC)c2)[C@@H]1OC,5.7696
Cl.O=C(NCCCNc1c2c(nc3cc(Cl)ccc13)CCCC2)c1nc2ccc([N+](=O)[O-])cc2s1,7.7447
Cc1ccc(S(=O)(=O)NCCCCCNc2c3c(nc4ccccc24)CCCC3)cc1,7.0468
FC(F)(F)c1ccc(-c2nnc(CNC3CCN(Cc4ccccc4)C3)o2)cc1,7.1938
CCOC(=O)C1=C(C)N(CCC2CCN(Cc3ccccc3)CC2)C(=O)NC1c1coc2c(Cl)cc(Cl)cc2c1=O,7.2218
CC1=C(NC2CCN(Cc3ccccc3)CC2)C(=O)c2ccccc2C1=O,4.3233
CCN(CCCCCOc1cc(O)c2c(c1)OC(c1ccc(O)cc1)CC2=O)Cc1ccccc1,6.0410
O=C(C[n+]1ccc2ccccc2c1)Nc1ccccc1Br.[Cl-],4.8861
c1cc2[nH]c3nc(NCCCCCCN4CCCC4)nnc3c2cc1N1CCCCC1,6.4949
O=c1nc2sc3ccccc3n2c2ncccc12,5.5560
COc1cc2c(cc1OC)-c1c(-c3ccc(Cl)cc3)c(/C=N/c3ccc(/N=C/c4cn5c(c4-c4ccc(Cl)cc4)-c4cc(OC)c(OC)cc4CC5)cc3)cn1CC2,5.1367
CCN(CC)C(=O)c1ccc2c(c1)nc(Cc1ccc(OC(=O)N(C)C)cc1)n2CCC(C)C,5.0812
CCN(CC)C(=O)c1ccc2c(c1)nc(Cc1ccc(OC(=O)NCc3ccccc3)cc1)n2CCC(C)C,5.3734
CCN(CC)C(=O)c1ccc2c(c1)nc(Cc1ccc(OC(=O)N(C)c3ccccc3)cc1)n2CCC(C)C,5.4805
CCN(CC)C(=O)c1ccc2c(c1)nc(Cc1ccc(OC(=O)N(C)Cc3ccccc3)cc1)n2CCC(C)C,5.0226
CCN(CC)C(=O)c1ccc2c(c1)nc(Cc1ccccc1)n2CCC(C)C,5.4202
O=c1cc(-c2ccc(O)cc2)oc2ccccc12,5.8239
O=c1cc(-c2ccc(O)cc2)oc2cccc(OCc3ccccc3)c12,6.1481
COC(=O)/C=C/C(=O)Nc1cccc(OCCSC(=S)N2CCCCC2)c1,5.8570
COC(=O)/C=C/C(=O)Nc1cccc(OCCCSC(=S)N2CCCCC2)c1,5.7033
COC(=O)/C=C/C(=O)Nc1cccc(OCCCCSC(=S)N2CCCCC2)c1,6.6778
COC(=O)/C=C/C(=O)Nc1cccc(OCCCCSC(=S)N2CCCCC2C)c1,7.2757
COC(=O)/C=C/C(=O)Nc1cccc(OCCCCSC(=S)N2CCCC2)c1,5.2190
COC(=O)/C=C/C(=O)Nc1ccc(OCCCCSC(=S)N2CCCCC2C)cc1,6.4202
CC[N+](CC)(CCCCCn1c(C)cc(=O)n(CCCCC[N+](CC)(CC)Cc2ccccc2)c1=O)Cc1ccccc1.[Br-].[Br-],9.8539
Br.CC[N+](CC)(CCCCCn1c(=O)cc(C)n(CCCn2c(C)cc(=O)n(C)c2=O)c1=O)Cc1ccccc1[N+](=O)[O-],8.1549
Br.CC[N+](CC)(CCCCCn1c(=O)cc(C)n(CCCCn2c(C)cc(=O)n(C)c2=O)c1=O)Cc1ccccc1[N+](=O)[O-],9.2218
Br.CC[N+](CC)(CCCCCn1c(=O)cc(C)n(CCCCCn2c(C)cc(=O)n(C)c2=O)c1=O)Cc1ccccc1[N+](=O)[O-],9.3979
Br.CC[N+](CC)(CCCCCn1c(=O)cc(C)n(CCCCCCn2c(C)cc(=O)n(C)c2=O)c1=O)Cc1ccccc1[N+](=O)[O-],10.0000
CC[N+](CC)(CCCCCn1c(=O)cc(C)n(CCCn2c(C)cc(=O)n(C)c2=O)c1=O)Cc1ccccc1C(F)(F)F.[Br-],8.6990
CC[N+](CC)(CCCCCn1c(=O)cc(C)n(CCCCn2c(C)cc(=O)n(C)c2=O)c1=O)Cc1ccccc1C(F)(F)F.[Br-],9.0000
CC[N+](CC)(CCCCCn1c(=O)cc(C)n(CCCCCn2c(C)cc(=O)n(C)c2=O)c1=O)Cc1ccccc1C(F)(F)F.[Br-],9.3010
CC[N+](CC)(CCCCCn1c(=O)cc(C)n(CCCCCCn2c(C)cc(=O)n(C)c2=O)c1=O)Cc1ccccc1C(F)(F)F.[Br-],9.6990
O=C1c2ccccc2C(=O)c2c(O)c(O)cc(O)c21,6.5229
COc1cccc(C2c3c(nc(C)[nH]c3=O)Oc3c2n(C(C)=O)c2ccccc32)c1,4.7698
CC(=O)n1c2c(c3ccccc31)Oc1nc(C)[nH]c(=O)c1C2c1ccc(Br)cc1,3.9442
COc1ccc(C2c3c(nc(C)[nH]c3=O)Oc3c2n(C(C)=O)c2ccccc32)cc1,3.6902
CC(=O)n1c2c(c3ccccc31)Oc1nc(C)[nH]c(=O)c1C2c1ccc(C)cc1,3.5579
CC(=O)n1c2c(c3ccccc31)Oc1nc(C)[nH]c(=O)c1C2c1ccccc1[N+](=O)[O-],4.3185
CC(=O)n1c2c(c3ccccc31)Oc1nc(C)[nH]c(=O)c1C2c1ccccc1,5.2684
COc1ccc(C2c3c(nc(C)[nH]c3=O)Oc3c2n(C(C)=O)c2ccccc32)cc1[N+](=O)[O-],4.0398
O=C1Cc2cc(OCc3ccc(F)cc3)ccc2C=C1C(=O)NCCc1c[nH]c2ccccc12,6.7959
Cc1cc(Cl)cc2c1N(C)C(=O)/C2=N\NC(=S)Nc1cccc(S(N)(=O)=O)c1,6.2840
NS(=O)(=O)c1cccc(NC(=S)N/N=C2\C(=O)N(Cc3ccccc3)c3ccc([N+](=O)[O-])cc32)c1,6.6576
O=C(Nc1cccc(-c2cc(-c3ccc(Cl)cc3)n[nH]2)c1)c1ccccc1,5.7129
CCOP(=O)(OCC)C(NCc1cccs1)c1cn(-c2ccccc2)nc1-c1ccc(Cl)cc1,7.7696
O=C1Nc2ccccc2C12NNC(Nc1cccc(Cl)c1)=C2[N+](=O)[O-],5.2365
Cc1ccccc1NC1=C([N+](=O)[O-])C2(NN1)C(=O)Nc1ccc([N+](=O)[O-])cc12,4.8102
COc1ccc(OC)c(NC2=C([N+](=O)[O-])C3(NN2)C(=O)Nc2ccc([N+](=O)[O-])cc23)c1,4.3711
O=C1Nc2ccc([N+](=O)[O-])cc2C12NNC(Nc1ccc(Cl)cc1)=C2[N+](=O)[O-],4.4300
Cc1ccccc1NC1=C([N+](=O)[O-])C2(NN1)C(=O)Nc1c(C(F)(F)F)cccc12,4.7701
Cc1ccccc1NC1=C([N+](=O)[O-])C2(NN1)C(=O)Nc1ccc(Br)cc12,4.3801
CCOP(=O)(OCC)C(Nc1cccc(O)c1)c1ccc(OCc2nc3ccccc3c(=O)n2-c2ccc(F)cc2)c(OC)c1,5.3621
CCOP(=O)(OCC)C(Nc1ccccc1C#N)c1ccc(OCc2nc3ccccc3c(=O)n2-c2ccc(F)cc2)c(OC)c1,5.5312
CCOP(=O)(OCC)C(Nc1ccccc1C(F)(F)F)c1ccc(OCc2nc3ccccc3c(=O)n2-c2ccc(F)cc2)c(OC)c1,5.3074
CCOP(=O)(OCC)C(Nc1ccccc1C)c1ccc(OCc2nc3ccccc3c(=O)n2-c2ccc(F)cc2)c(OC)c1,5.2714
CCOP(=O)(OCC)C(Nc1ccccc1OC)c1ccc(OCc2nc3ccccc3c(=O)n2-c2ccc(F)cc2)c(OC)c1,5.5763
CCOP(=O)(OCC)C(Nc1ccc([N+](=O)[O-])cc1)c1ccc(OCc2nc3ccccc3c(=O)n2-c2ccc(F)cc2)c(OC)c1,5.7491
CCOP(=O)(OCC)C(Nc1ccc(C(=O)O)cc1)c1ccc(OCc2nc3ccccc3c(=O)n2-c2ccc(F)cc2)c(OC)c1,5.9367
CCOP(=O)(OCC)C(Nc1ccccc1C(C)=O)c1ccc(OCc2nc3ccccc3c(=O)n2-c2ccc(F)cc2)c(OC)c1,5.2500
CCOP(=O)(OCC)C(Nc1cc(C)ccc1C)c1ccc(OCc2nc3ccccc3c(=O)n2-c2ccc(F)cc2)c(OC)c1,5.2181
CCOP(=O)(OCC)C(Nc1c(C)cccc1C)c1ccc(OCc2nc3ccccc3c(=O)n2-c2ccc(F)cc2)c(OC)c1,5.5206
CCOP(=O)(OCC)C(Nc1cccc(Cl)c1Cl)c1ccc(OCc2nc3ccccc3c(=O)n2-c2ccc(F)cc2)c(OC)c1,5.5928
CCOP(=O)(OCC)C(Nc1nncs1)c1ccc(OCc2nc3ccccc3c(=O)n2-c2ccc(F)cc2)c(OC)c1,5.4730
Cc1cc(C)c(C(=O)/C=C/c2nc(C)c(C)nc2C)cc1C,5.6198
COc1cccc(C(c2ccc(F)cc2)N2CCN(c3cnccn3)CC2)c1O,6.1487
Cc1ccc(C(c2ccccc2O)N2CCN(c3cnccn3)CC2)cc1,5.9626
CN(C)CCCN1C(=O)CSC1c1cccc(Cl)c1.Cl,4.6021
CN(C)CCCN1C(=O)CSC1c1ccccc1Cl.Cl,3.8729
CN(C)CCCN1C(=O)CSC1c1cccc(F)c1.Cl,4.0132
CN(C)CCCN1C(=O)CSC1c1cccnc1.Cl,3.7011
CN(C)CCCN1C(=O)CSC1c1ccc(Cl)cc1Cl.Cl,4.5000
CN(C)CCCN1C(=O)CSC1c1ccc(F)cc1F.Cl,4.0111
CN(C)CCCN1C(=O)CSC1c1ccc(F)cc1Cl.Cl,4.0915
CN(C)CCCN1C(=O)CSC1c1cccc(F)c1F.Cl,5.1213
CN(C)CCCN1C(=O)CSC1c1cccc(Cl)c1Cl.Cl,5.3783
CN(C)CCCN1C(=O)CSC1c1ccc2c(c1)OCO2.Cl,3.9788
CN(C)CCCN1C(=O)CSC1c1cccc2ccccc12.Cl,3.7520
CNCCCN1C(=O)CSC1c1ccc(Cl)cc1Cl.Cl,4.3098
CN(C)CCCN1C(=O)CSC1c1ccc(Cl)cc1.Cl,3.7000
CN(C)CCCN1C(=O)CSC1c1ccc(F)cc1.Cl,3.6000
CN(C)CCCN1C(=O)CSC1c1ccccc1F.Cl,3.5000
COc1cc(O)c(C(=O)Nc2nc(C(=O)NCCN(C(C)C)C(C)C)cs2)cc1OC.Cl,5.7471
O/N=C/c1cc(Br)cc(CN2CCN(c3ccncc3)CC2)c1O,5.7670
O/N=C/c1cc(F)cc(CN2CCN(c3ccncc3)CC2)c1O,3.6295
Cc1cc(/C=N/O)c(O)c(CN2CCN(c3ccccn3)CC2)c1,3.7399
O/N=C/c1cc(Cl)cc(CN2CCN(c3ccccn3)CC2)c1O,3.6790
Cc1cc(/C=N/O)c(O)c(CN2CCC(c3ccncc3)CC2)c1,4.5490
O/N=C/c1cc(Cl)cc(CN2CCC(c3ccncc3)CC2)c1O,5.2396
Cc1cc(/C=N/O)c(O)c(CN2CCN(c3ccc([N+](=O)[O-])cc3)CC2)c1,5.7033
O=[N+]([O-])c1ccc(N2CCN(Cc3cc(Cl)cc(/C=N/O)c3O)CC2)cc1,5.6003
O=[N+]([O-])c1ccc(N2CCN(Cc3cc(Br)cc(/C=N/O)c3O)CC2)cc1,5.5528
Cc1cc(/C=N/O)c(O)c(CN2CCN(c3ccc([N+](=O)[O-])cc3Cl)CC2)c1,4.7293
O=[N+]([O-])c1ccc(N2CCN(Cc3cc(Cl)cc(/C=N/O)c3O)CC2)c(Cl)c1,4.5102
Cc1cc(/C=N/O)c(O)c(CN2CCN(c3ccc(F)cc3)CC2)c1,3.4928
Cc1cc(/C=N/O)c(O)c(CN2CCC(c3ccc(F)cc3)CC2)c1,3.7696
O/N=C/c1cc(Cl)cc(CN2CCC(c3ccc(F)cc3)CC2)c1O,4.6824
Cc1cc(/C=N/O)c(O)c(CN2CCN(c3ccc(Cl)cc3)CC2)c1,3.6794
O/N=C/c1cc(Cl)cc(CN2CCN(c3ccc(Cl)cc3)CC2)c1O,3.7457
Cc1cc(/C=N/O)c(O)c(CN2CCN(c3ccc(Br)cc3)CC2)c1,3.6486
O/N=C/c1cc(Cl)cc(CN2CCN(c3ccc(Br)cc3)CC2)c1O,3.5361
Cc1cc(/C=N/O)c(O)c(CN2CCN(c3ccc(C(F)(F)F)cc3)CC2)c1,5.1858
Cc1cc(/C=N/O)c(O)c(CN2CCN(c3ccc(O)cc3)CC2)c1,3.6868
O/N=C/c1cc(Cl)cc(CN2CCN(c3ccc(O)cc3)CC2)c1O,3.4054
Cc1ccc(N2CCN(Cc3cc(C)cc(/C=N/O)c3O)CC2)cc1,3.4684
Cc1cc(/C=N/O)c(O)c(CN2CCN(c3ccccc3F)CC2)c1,3.4188
O/N=C/c1cc(Cl)cc(CN2CCN(c3ccccc3F)CC2)c1O,3.0536
Cc1cc(/C=N/O)c(O)c(CN2CCN(c3ccccc3Cl)CC2)c1,3.4313
O/N=C/c1cc(Cl)cc(CN2CCN(c3ccccc3Cl)CC2)c1O,3.1335
Cc1cc(/C=N/O)c(O)c(CN2CCN(c3ccccc3)CC2)c1,3.1899
O/N=C/c1cc[n+](COC[n+]2ccccc2/C=N/O)cc1,6.2051
O=C1C(=O)N2CCc3cc4c(c5c3c2c1c1ccccc15)OCO4,4.2899
COc1ccc2c(c1OC)c1c3c4c(cc5c(c42)OCO5)CCN3C(=O)C1=O,4.4815
COc1cc(O)c2c(c1)C[C@@H]1c3c(cc4c(c3-2)OCO4)CCN1C,4.0706
COc1ccc2c(c1)C[C@H]1NCCc3cc4c(c-2c31)OCO4,3.9000
COc1cc(O)c2c(c1)C[C@H]1NCCc3c(OC)c4c(c-2c31)OCO4,3.7908
COc1ccc2c(c1)C[C@@H]1c3c(cc4c(c3-2)OCO4)CCN1C,4.5817
COC1=CC(=O)c2c(cc3c4c(cc5c(c24)OCO5)CCN3C)C1=O,3.6554
COc1ccc2c(c1)C(=O)c1nccc3cc4c(c-2c13)OCO4,4.9626
COc1ccc(C[C@H]2c3c(ccc(OC)c3O)CCN2C)cc1,4.5918
COc1cc2c(c(O)c1OC)CCN1Cc3c(ccc(O)c3OC)C[C@@H]21,4.0506
COc1cc2c(cc1OC)[C@@H]1Cc3ccc(O)c(OC)c3CN1CC2,3.6753
COc1cc2c(cc1O)[C@@H]1Cc3ccc(OC)c(O)c3CN1CC2,3.8438
COc1cc2c(c(O)c1OC)CC[N@+]1(C)Cc3c(ccc(O)c3OC)C[C@@H]21.[OH-],3.8827
COc1cc2c(c(O)c1OC)CC[n+]1cc3c(OC)c(O)ccc3cc1-2,4.7852
COc1cc2c(cc1O)CC[n+]1cc3c(OC)c(O)ccc3cc1-2,4.7496
COc1cc(/C=C/C(=O)NCCc2ccc(O)c(O)c2)ccc1O,5.0696
O=C(/C=C/c1ccc(O)cc1)NCCc1ccc(O)c(O)c1,4.7729
CO[C@H](CNC(=O)/C=C/c1ccc(O)cc1)c1ccc(O)c(O)c1,4.6356
C/C=C(\C)C(=O)O[C@H]1C[C@@H](OC(C)=O)[C@@]2(C(=O)OC)CO[C@H]3[C@@H](O)[C@@](C)([C@]45O[C@@]4(C)[C@H]4C[C@@H]5O[C@@H]5OC=C[C@@]54O)[C@H]4[C@]1(CO[C@]4(O)C(=O)OC)[C@@H]32,4.5325
O=C1NCCc2c1ccc(O)c2O,4.1824
O=C(/C=C/c1ccc(O)c(O)c1)n1ccc2cc(O)c(O)cc21,4.3492
O=C(/C=C/c1ccc(O)cc1)n1ccc2cc(O)c(O)cc21,4.2587
COc1cc(/C=C/C(=O)n2ccc3cc(O)c(O)cc32)ccc1O,4.3301
O=C(/C=C/c1ccc(O)cc1)n1ccc2cc(O)c(O[C@@H]3O[C@H](CO)[C@@H](O)[C@H](O)[C@H]3O)cc21,4.2308
O=C1c2c(ccc(O)c2O)CCn2cccc21,4.2968
O=Cc1ccc2n1CCc1cc(O)c(O)cc1C2,4.2338
COc1cc(O)c2c(c1)C(=O)c1cc(O)c(O)cc1CCN2,4.3372
N[C@@H](CO)C(=O)O,4.4167
CN1CCN(c2ccc(C(=O)Nc3cc(-c4nc5ccccc5[nH]4)n[nH]3)cc2)CC1,5.7670
O=C(Cn1nc(-c2ccccc2)c(-c2ccccc2)nc1=O)Nc1ccc([N+](=O)[O-])cc1,5.9718
O=C(Cn1nc(-c2ccccc2)c(-c2ccccc2)nc1=O)Nc1ccc([N+](=O)[O-])cc1Cl,6.1555
O=C(Cn1nc(-c2ccccc2)c(-c2ccccc2)nc1=O)Nc1cc(Br)cc(Br)c1,6.1124
N#Cc1ccccc1NC(=O)Cn1nc(-c2ccccc2)c(-c2ccccc2)nc1=O,5.7303
O=C(Cn1nc(-c2ccccc2)c(-c2ccccc2)nc1=O)Nc1ccc(Cl)cc1,5.8520
O=C(Cn1nc(-c2ccccc2)c(-c2ccccc2)nc1=O)Nc1ccc(Br)cc1,6.0264
O=C(Cn1nc(-c2ccccc2)c(-c2ccccc2)nc1=O)Nc1cccc(Cl)c1,5.9352
O=C(Cn1nc(-c2ccccc2)c(-c2ccccc2)nc1=O)Nc1ccc(F)cc1,6.0778
O=C(Cn1nc(-c2ccccc2)c(-c2ccccc2)nc1=O)Nc1ccc(O)cc1,5.9401
O=C(Cn1nc(-c2ccccc2)c(-c2ccccc2)nc1=O)Nc1ccccc1O,6.1232
COc1cc(NC(=O)Cn2nc(-c3ccccc3)c(-c3ccccc3)nc2=O)cc(OC)c1OC,6.1500
COc1cc(NC(=O)Cn2nc(-c3ccccc3)c(-c3ccccc3)nc2=O)cc(OC)c1,6.3492
O=C(Cn1nc(-c2ccccc2)c(-c2ccccc2)nc1=O)Nc1cccc([N+](=O)[O-])c1,5.9512
O=C(Cn1nc(-c2ccccc2)c(-c2ccccc2)nc1=O)Nc1ccccc1Cl,6.1433
O=C(Cn1nc(-c2ccccc2)c(-c2ccccc2)nc1=O)Nc1ccccc1[N+](=O)[O-],6.1343
N#Cc1cccc(NC(=O)Cn2nc(-c3ccccc3)c(-c3ccccc3)nc2=O)c1,5.9024
Cc1ccccc1NC(=O)Cn1nc(-c2ccccc2)c(-c2ccccc2)nc1=O,6.0209
O=C(Cn1nc(-c2ccccc2)c(-c2ccccc2)nc1=O)Nc1ccc(F)cc1F,5.9370
COc1cc2ncnc(N3CCN(C(c4ccccc4)c4ccccc4)CC3)c2cc1OC,6.3605
COc1cc2ncnc(N3CCN(Cc4ccccc4)CC3)c2cc1OC,6.5786
COc1cc2ncnc(N3CCN(c4ccc([N+](=O)[O-])cc4)CC3)c2cc1OC,6.3179
COc1cc2ncnc(N3CCN(c4ccccc4)CC3)c2cc1OC,5.9974
COc1cc2ncnc(N3CCN(c4ccccn4)CC3)c2cc1OC,5.9401
COc1cc2ncnc(N3CCN(Cc4ccc(Cl)cc4)CC3)c2cc1OC,6.0357
COc1cc2ncnc(N3CCN(c4ccc(F)cc4)CC3)c2cc1OC,5.9838
COc1cc2ncnc(N3CCN(Cc4ccc(F)cc4)CC3)c2cc1OC,6.0306
COc1cc2ncnc(N3CCN(Cc4ccc(C)cc4)CC3)c2cc1OC,5.9897
COc1cc2ncnc(N3CCN(C)CC3)c2cc1OC,5.8945
COc1cc2ncnc(N3CCN(C(C)=O)CC3)c2cc1OC,5.9237
COc1cc2ncnc(N3CCN(c4ccc(C)cc4)CC3)c2cc1OC,5.9314
COc1cc2ncnc(N3CCN(c4ccc(Br)cc4)CC3)c2cc1OC,6.0119
COc1cc2ncnc(N3CCN(c4ccccc4[N+](=O)[O-])CC3)c2cc1OC,6.0391
O=C(CCN1CCCCC1)Nc1ccc2nc(-c3cc4ccccc4[nH]3)[nH]c(=O)c2c1,7.6784
c1ccc(CN2CCN(c3nc(-c4ccccc4)nc4ccccc34)CC2)cc1,6.7190
FC(F)(F)c1ccc(-c2nnc(NC3CCN(Cc4ccccc4)CC3)o2)cc1,7.2596
COc1cc2c(cc1OC)C(c1ccccc1)N(CCc1cn(CCCCC3=C[C@H]4Cc5nc6cc(Cl)ccc6c(N)c5[C@H](C3)C4)nn1)CC2,9.3665
CCCCCCCCCCCC1=C(O)C(=O)C=C(NCCC2CCN(Cc3ccccc3)CC2)C1=O,6.8239
COc1cc2cc(C(=O)NCCC3CCN(Cc4ccccc4)CC3)[nH]c2cc1OC,6.5399
COc1ccc2[nH]cc(C(=O)NCCC3CCN(Cc4ccccc4)CC3)c2c1,6.0315
C=C(C)[C@H](CC=C(C)C)Cc1c(O)cc(OC)c2c1O[C@H](c1ccc(O)cc1O)CC2=O,4.3757
COc1ccc2[nH]c(C(=O)Nc3ccc4nc5n(c(=O)c4c3)CCC5)cc2c1,6.9208
O=C(CCCCN1CCN(Cc2ccccc2)CC1)Nc1ccc2nc3n(c(=O)c2c1)CCC3,8.4828
C[C@@H](c1cccc(OC(=O)NCCNc2c3c(nc4ccccc24)CCCC3)c1)N(C)C,6.5978
C[C@@H](c1cccc(OC(=O)NCCCNc2c3c(nc4ccccc24)CCCC3)c1)N(C)C,6.4142
C[C@@H](c1cccc(OC(=O)NCCCCNc2c3c(nc4ccccc24)CCCC3)c1)N(C)C,6.5343
C[C@@H](c1cccc(OC(=O)NCCCCCNc2c3c(nc4ccccc24)CCCC3)c1)N(C)C,6.9313
C[C@@H](c1cccc(OC(=O)NCCCCCCNc2c3c(nc4ccccc24)CCCC3)c1)N(C)C,6.9261
C[C@@H](c1cccc(OC(=O)NCCCCCNc2c3c(nc4cc(F)ccc24)CCCC3)c1)N(C)C,7.4222
C[C@@H](c1cccc(OC(=O)NCCCCCCNc2c3c(nc4cc(F)ccc24)CCCC3)c1)N(C)C,7.3751
C[C@@H](c1cccc(OC(=O)NCCCCCNc2c3c(nc4cc(Cl)ccc24)CCCC3)c1)N(C)C,8.0820
C[C@@H](c1cccc(OC(=O)NCCCCCCNc2c3c(nc4cc(Cl)ccc24)CCCC3)c1)N(C)C,7.5918
C[C@@H](c1cccc(OC(=O)NCCCCCNc2c3c(nc4cc(Br)ccc24)CCCC3)c1)N(C)C,7.3218
C[C@@H](c1cccc(OC(=O)NCCCCCCNc2c3c(nc4cc(Br)ccc24)CCCC3)c1)N(C)C,7.2519
O=C(NCCNc1c2c(nc3ccccc13)CCCC2)Oc1ccc2cc[nH]c2c1,5.9018
O=C(NCCCNc1c2c(nc3ccccc13)CCCC2)Oc1ccc2cc[nH]c2c1,6.2583
O=C(NCCCCNc1c2c(nc3ccccc13)CCCC2)Oc1ccc2cc[nH]c2c1,6.2923
O=C(NCCCCCNc1c2c(nc3ccccc13)CCCC2)Oc1ccc2cc[nH]c2c1,6.3756
O=C(NCCCCCCNc1c2c(nc3ccccc13)CCCC2)Oc1ccc2cc[nH]c2c1,6.4182
O=C(NCCCCCNc1c2c(nc3cc(F)ccc13)CCCC2)Oc1ccc2cc[nH]c2c1,6.5637
O=C(NCCCCCCNc1c2c(nc3cc(F)ccc13)CCCC2)Oc1ccc2cc[nH]c2c1,6.5270
O=C(NCCCCCNc1c2c(nc3cc(Cl)ccc13)CCCC2)Oc1ccc2cc[nH]c2c1,6.6060
O=C(NCCCCCCNc1c2c(nc3cc(Cl)ccc13)CCCC2)Oc1ccc2cc[nH]c2c1,6.8161
O=C(NCCCCCNc1c2c(nc3cc(Br)ccc13)CCCC2)Oc1ccc2cc[nH]c2c1,6.4983
O=C(NCCCCCCNc1c2c(nc3cc(Br)ccc13)CCCC2)Oc1ccc2cc[nH]c2c1,6.9465
O=C(NCCCNc1c2c(nc3ccccc13)CCCC2)Oc1ccc(-c2cc3cccnc3[nH]2)cc1,6.6332
O=C(NCCCCNc1c2c(nc3ccccc13)CCCC2)Oc1ccc(-c2cc3cccnc3[nH]2)cc1,6.6887
O=C(NCCCCCNc1c2c(nc3ccccc13)CCCC2)Oc1ccc(-c2cc3cccnc3[nH]2)cc1,6.8164
O=C(NCCCCCCNc1c2c(nc3ccccc13)CCCC2)Oc1ccc(-c2cc3cccnc3[nH]2)cc1,7.6708
O=C(NCCCCCNc1c2c(nc3cc(F)ccc13)CCCC2)Oc1ccc(-c2cc3cccnc3[nH]2)cc1,6.8190
O=C(NCCCCCCNc1c2c(nc3cc(F)ccc13)CCCC2)Oc1ccc(-c2cc3cccnc3[nH]2)cc1,7.5178
O=C(NCCCCCNc1c2c(nc3cc(Cl)ccc13)CCCC2)Oc1ccc(-c2cc3cccnc3[nH]2)cc1,7.6362
O=C(NCCCCCCNc1c2c(nc3cc(Cl)ccc13)CCCC2)Oc1ccc(-c2cc3cccnc3[nH]2)cc1,7.1890
O=C(NCCCCCNc1c2c(nc3cc(Br)ccc13)CCCC2)Oc1ccc(-c2cc3cccnc3[nH]2)cc1,7.2281
O=C(NCCCCCCNc1c2c(nc3cc(Br)ccc13)CCCC2)Oc1ccc(-c2cc3cccnc3[nH]2)cc1,7.2594
CCCNC(C)C(=O)Nc1c(C)csc1-c1nc(C)no1,6.6968
CCCNC(C)C(=O)Nc1c(C)csc1-c1nc(Cc2ccccc2)no1,7.3188
CCCNC(C)C(=O)Nc1c(C)csc1-c1nc(-c2ccccc2)no1,6.9914
CCCNC(C)C(=O)Nc1c(C)csc1-c1nc(-c2ccccc2N)no1,6.9172
Cc1noc(-c2ccc(N)cc2)n1,6.9830
Nc1ccc(-c2nc(-c3ccccc3N)no2)cc1,6.6968
CCCCOc1cc(-c2nc(C)no2)ccc1N,7.7959
CCCCOc1cc(-c2nc(-c3ccccc3)no2)ccc1N,6.7190
Cc1cc(NS(=O)(=O)c2ccc(NC(=O)COc3ccccc3-c3nc(-c4ccccc4)no3)cc2)no1,7.0269
Cc1cc(NS(=O)(=O)c2ccc(-n3cc(COc4ccccc4-c4nc(Cc5ccccc5)no4)nn3)cc2)no1,6.9872
Cc1cc(NS(=O)(=O)c2ccc(-n3cc(COc4ccccc4-c4nc(-c5ccccc5)no4)nn3)cc2)no1,6.9830
CC(CCCCn1c(=O)c2c(ncn2C)n(C)c1=O)=NNC(=O)COc1ccccc1-c1nc(-c2ccccc2)no1,7.0269
Cc1cc(=O)oc2cc(OCc3ccc(-c4noc([C@@H]5CCCN5)n4)cc3)ccc12,4.1104
COc1cc(O)c(C(=O)Nc2nc(C(=O)NCCN(C(C)C)C(C)C)cs2)cc1OC,5.5229
Cl.Nc1c2c(nc3ccc(Oc4ccccc4)cc13)CCC2,5.1925
Cc1ccccc1Oc1ccc2nc3c(c(N)c2c1)CCC3.Cl,4.5494
COc1ccccc1Oc1ccc2nc3c(c(N)c2c1)CCC3.Cl,5.0696
Cc1cccc(Oc2ccc3nc4c(c(N)c3c2)CCC4)c1.Cl,5.2774
COc1cccc(Oc2ccc3nc4c(c(N)c3c2)CCC4)c1.Cl,5.2798
Cc1ccc(Oc2ccc3nc4c(c(N)c3c2)CCC4)cc1.Cl,5.0778
COc1ccc(Oc2ccc3nc4c(c(N)c3c2)CCC4)cc1.Cl,5.3726
Cl.Nc1c2c(nc3ccc(Oc4ccc(Cl)cc4)cc13)CCC2,5.2950
CC(C)(C)c1ccc(Oc2ccc3nc4c(c(N)c3c2)CCC4)cc1.Cl,5.5560
CC(=O)c1ccc(Oc2ccc3nc4c(c(N)c3c2)CCC4)cc1.Cl,5.2396
Cc1cc(C)cc(Oc2ccc3nc4c(c(N)c3c2)CCC4)c1.Cl,5.4295
Cc1ccccc1Oc1ccc2nc3c(c(N)c2c1)CCCC3.Cl,5.4225
COc1ccccc1Oc1ccc2nc3c(c(N)c2c1)CCCC3.Cl,6.0757
Cc1cccc(Oc2ccc3nc4c(c(N)c3c2)CCCC4)c1.Cl,5.0367
COc1cccc(Oc2ccc3nc4c(c(N)c3c2)CCCC4)c1.Cl,5.5784
Cc1ccc(Oc2ccc3nc4c(c(N)c3c2)CCCC4)cc1.Cl,5.4828
COc1ccc(Oc2ccc3nc4c(c(N)c3c2)CCCC4)cc1.Cl,5.5376
Cl.Nc1c2c(nc3ccc(Oc4ccc(Cl)cc4)cc13)CCCC2,5.5346
CC(C)(C)c1ccc(Oc2ccc3nc4c(c(N)c3c2)CCCC4)cc1.Cl,5.7077
Cc1cc(C)cc(Oc2ccc3nc4c(c(N)c3c2)CCCC4)c1.Cl,5.7905
Cl.Nc1c2c(nc3ccc(Oc4ccccc4)cc13)CCCCC2,5.2708
Cc1ccccc1Oc1ccc2nc3c(c(N)c2c1)CCCCC3.Cl,5.2366
COc1ccccc1Oc1ccc2nc3c(c(N)c2c1)CCCCC3.Cl,5.0168
Cc1cccc(Oc2ccc3nc4c(c(N)c3c2)CCCCC4)c1.Cl,4.9119
COc1cccc(Oc2ccc3nc4c(c(N)c3c2)CCCCC4)c1.Cl,5.3716
Cc1ccc(Oc2ccc3nc4c(c(N)c3c2)CCCCC4)cc1.Cl,5.4214
COc1ccc(Oc2ccc3nc4c(c(N)c3c2)CCCCC4)cc1.Cl,5.4401
Cl.Nc1c2c(nc3ccc(Oc4ccc(Cl)cc4)cc13)CCCCC2,5.3747
CC(C)(C)c1ccc(Oc2ccc3nc4c(c(N)c3c2)CCCCC4)cc1.Cl,4.1449
Cc1cc(C)cc(Oc2ccc3nc4c(c(N)c3c2)CCCCC4)c1.Cl,6.0044
Nc1c2c(nc3ccc(Oc4ccccc4)cc13)CCCC2,5.4871
CCOc1cc2c(cc1OCC)-c1c(-c3ccc(Cl)cc3)c(/C=N/c3ccc(/N=C/c4c(-c5ccc(Cl)cc5)c5n(c4-c4ccccc4)CCc4cc(OC)c(OC)cc4-5)cc3)c(-c3ccccc3)n1CC2,5.3288
CN(Cc1ccc(COc2ccc3c(CO)cc(=O)oc3c2)cc1)Cc1cccs1,6.3002
CN(Cc1ccc(COc2ccc3c(CO)cc(=O)oc3c2)cc1)Cc1ccco1,6.0799
CN(Cc1ccc(COc2ccc3c(CO)cc(=O)oc3c2)cc1)Cc1ccsc1,6.5834
CN(Cc1ccc(COc2ccc3c(CO)cc(=O)oc3c2)cc1)Cc1ncc[nH]1,5.8794
CN(Cc1ccc(COc2ccc3c(CO)cc(=O)oc3c2)cc1)Cc1nccs1,5.1831
CN(Cc1ccc(COc2ccc3c(CO)cc(=O)oc3c2)cc1)Cc1cscn1,5.7496
CN(Cc1ccc(COc2ccc3c(CO)cc(=O)oc3c2)cc1)Cc1cccnc1,6.0066
CN(Cc1ccncc1)Cc1ccc(COc2ccc3c(CO)cc(=O)oc3c2)cc1,5.7258
CN(Cc1ccc(COc2ccc3c(CO)cc(=O)oc3c2)cc1)Cc1cncnc1,5.3915
CN(CCc1cccs1)Cc1ccc(COc2ccc3c(CO)cc(=O)oc3c2)cc1,5.1791
CN(CCc1ccsc1)Cc1ccc(COc2ccc3c(CO)cc(=O)oc3c2)cc1,5.4989
CN(CCc1cccnc1)Cc1ccc(COc2ccc3c(CO)cc(=O)oc3c2)cc1,4.9747
CNC(=O)COc1cc(C(C)C)ccc1C,5.7144
CCCNC(=O)COc1cc(C(C)C)ccc1C,5.7144
CCN(CC)C(=O)COc1cc(C(C)C)ccc1C,5.7144
Cc1ccc(C(C)C)cc1OCC(=O)N(C(C)C)C(C)C,5.7144
Cc1ccc(C(C)C)cc1OCC(=O)NC1CCCCC1,5.7144
Cc1ccc(C(C)C)cc1OCC(=O)N1CCCCC1,5.7144
Cc1ccc(C(C)C)cc1OCC(=O)N1Cc2ccccc2C1,5.7144
Cc1ccc(C(C)C)cc1OCC(=O)NCCN1CCCC1,5.7144
Cc1ccc(C(C)C)cc1OCC(=O)NCCN1CCOCC1,5.7144
Cc1ccc(C(C)C)cc1OCC(=O)NCCC1=CCCCC1,5.7144
COc1ccc(CCNC(=O)COc2cc(C(C)C)ccc2C)cc1OC,5.7144
Cc1ccc(C(C)C)cc1OCC(=O)NCc1ccc2c(c1)OCO2,5.7144
Cc1ccc(C(C)C)cc1OCC(=O)NCCN1CCN(C)CC1,5.7144
Cc1ccc(C(C)C)cc1OCC(=O)NCCNc1cccc2cccnc12,5.7144
C=CCNCC(O)COc1cc(C(C)C)ccc1C,6.8665
CCN(CC)CC(O)COc1cc(C(C)C)ccc1C,6.8665
Cc1ccc(C(C)C)cc1OCC(O)CNC(C)(C)C,6.8665
Cc1ccc(C(C)C)cc1OCC(O)CNCc1cccnc1,6.8665
Cc1ccc(C(C)C)cc1OCC(O)CNCCC1=CCCCC1,6.8665
O=C(NCCCCCCNc1c2c(nc3ccccc13)CCCC2)c1ccccc1O,7.6990
O=C(NCCCCCCCCNc1c2c(nc3ccccc13)CCCC2)c1ccccc1O,6.6498
COc1cc(CNCCCNc2c3c(nc4ccccc24)CCCCC3)ccc1O,5.5214
C/C(NCCCCNc1c2c(nc3ccccc13)CCCC2)=C(/N=N/c1ccc(C)cc1)C(=O)c1ccccc1,6.0506
O=C(CNCCCCNCC(=O)Nc1c2c(nc3c1CCC3)CCCC2)Nc1c2c(nc3c1CCC3)CCCC2,5.8356
S=C(NCCCCNC(=S)Nc1c2c(nc3c1CCC3)CCCC2)Nc1c2c(nc3c1CCC3)CCCC2,5.1232
CC(C)(C)c1cc(CNCCNc2c3c(nc4ccccc24)CCCCC3)cc(C(C)(C)C)c1O,5.7212
CCNC(=S)N/N=C/c1c(OC)cc(OC)c2c(-c3ccccc3)c[nH]c12,4.2264
O=C(Oc1cc(OC(=O)N2CCCCC2)cc(C(O)CN2CCCCC2)c1)N1CCCCC1,5.1593
c1ccc(-c2nn(-c3ccccc3)cc2-c2nc(-c3ccccc3)c(-c3ccccc3)n2-c2ccccc2)cc1,4.3851
Clc1ccc(C(Cn2ccnc2)OCc2csc3c(Cl)cccc23)c(Cl)c1,7.0000
c1ccc2c(c1)-c1ccccc1C2NC1CCCCC1,4.8545
CCCCNC1c2ccccc2-c2ccccc21,4.3018
Cc1cc2c(cc1C)[n+](Cc1ccccc1C)cn2C(c1ccccc1)c1ccccc1.[Cl-],5.3778
[O-]/[N+](=C\c1ccc2cccc(O)c2n1)Cc1ccccc1,7.5302
CCOC(=O)C1=C(Nc2ccccc2)CC(c2ccc(F)cc2)N(c2ccccc2)C1c1ccc(F)cc1,5.8658
CCOC(=O)C1=C(Nc2ccc(F)cc2)CC(c2ccc(F)cc2)N(c2ccc(F)cc2)C1c1ccc(F)cc1,5.8998
CCOC(=O)C1=C(Nc2ccc(F)cc2)CC(c2cccc(F)c2)N(c2ccc(F)cc2)C1c1cccc(F)c1,5.9512
CCOC(=O)C1=C(Nc2ccc(F)cc2)CC(c2ccc(C(F)(F)F)cc2)N(c2ccc(F)cc2)C1c1ccc(C(F)(F)F)cc1,6.0306
CCOC(=O)C1=C(Nc2cccc(F)c2)CC(c2ccc(C(F)(F)F)cc2)N(c2cccc(F)c2)C1c1ccc(C(F)(F)F)cc1,5.9237
CCOC(=O)C1=C(Nc2ccc(F)cc2)CC(c2ccc(Cl)cc2)N(c2ccc(F)cc2)C1c1ccc(Cl)cc1,6.0381
CCOC(=O)C1=C(Nc2cccc(F)c2)CC(c2ccc(Cl)cc2)N(c2cccc(F)c2)C1c1ccc(Cl)cc1,5.8955
CCOC(=O)C1=C(Nc2cccc(F)c2)CC(c2ccc(F)cc2)N(c2cccc(F)c2)C1c1ccc(F)cc1,5.8483
C#CCOc1ccc(-c2cc(-c3ccc(OCC#C)cc3)nc(N)n2)cc1,5.8697
C#CCNc1ccccc1-c1cc(-c2ccc(OCCN3CCCCC3)cc2)nc(N)n1,4.3979
N#Cc1cccnc1N1CCN(c2cc(Oc3cccc4cccnc34)ncn2)CC1,7.4437
COc1ccc2c3c1O[C@H]1C[C@@H](O)CC[C@@]31CCNC2,3.8110
COc1cc(-c2cccc3c2N(C)CC3)c(CN2CC[C@@]34C=C[C@H](O)C[C@@H]3Oc3c(OC)ccc(c34)C2)c(OC)c1OC,4.7291
O=C1[C@H]2Cc3c([nH]c4ccccc34)[C@@H](c3ccc4c(c3)OCO4)N2C(=O)CN1CCC1CCN(Cc2ccccc2)CC1,7.1734
CN1CC(=O)N2[C@H](c3ccc4c(c3)OCO4)c3[nH]c4ccccc4c3C[C@@H]2C1=O,4.5829
O=[N+]([O-])c1cccc(-c2cnc3cccnc3n2)c1,6.3316
Cc1cccc(-c2cnc3cccnc3n2)c1,6.0506
Fc1cccc(-c2cnc3cccnc3n2)c1,6.0969
Brc1ccc(Cn2cc(CNC3CCCCCC3)nn2)cc1,6.2069
Clc1ccc(Cn2cc(CNC3CCCCCC3)nn2)cc1,6.0329
Brc1ccc(Cn2cc(CNC34CC5CC(CC(C5)C3)C4)nn2)cc1,7.0362
Clc1ccc(Cn2cc(CNC34CC5CC(CC(C5)C3)C4)nn2)cc1,6.8761
COc1ccc2nc3c(c(NCCCCCNC(=S)N[C@]45CC6C[C@@H](C[C@@H](C6)C4)C5)c2c1)CCCC3,6.3279
Cc1ccc(-c2cn(Cc3ccc4ccccc4c3)nn2)cc1C(=O)NCCN1CCOCC1,5.1409
COc1ccc2c(c1)c(=O)c1ccccc1n2Cc1cn(Cc2ccc(Cl)cc2)nn1,5.1361
O=c1[nH]c(COCCC2CCN(Cc3ccccc3)CC2)nc2c1cnn2C1CCCC1,6.6450
COc1ccc2c3c1O[C@H]1C[C@@H](O)C=C[C@@]31CCN(CCCCNC13CC4CC(C)(CC(C)(C4)C1)C3)C2,5.9469
COc1ccc2c3c1O[C@H]1C[C@@H](O)C=C[C@@]31CCN(C/C=C/CNC13CC4CC(C)(CC(C)(C4)C1)C3)C2,6.9393
COc1ccc2c3c1O[C@H]1C[C@@H](O)C=C[C@@]31CCN(CC#CCNC13CC4CC(C)(CC(C)(C4)C1)C3)C2,6.1180
Nc1n[nH]c2nc(-c3ccccc3)cc(-c3ccccc3)c12,5.2782
Nc1n[nH]c2nc(-c3ccccc3)cc(-c3ccc(Br)cc3)c12,5.6498
COc1ccc(-c2cc(-c3ccccc3)nc3[nH]nc(N)c23)cc1,4.6501
COc1ccc(-c2cc(-c3ccccc3)nc3[nH]nc(N)c23)cc1OC,5.0164
COc1cc(-c2cc(-c3ccccc3)nc3[nH]nc(N)c23)cc(OC)c1OC,5.7235
COc1ccc(-c2cc(-c3ccc(Br)cc3)c3c(N)n[nH]c3n2)cc1,5.4295
COc1ccc(-c2cc(-c3ccc(OC)cc3)c3c(N)n[nH]c3n2)cc1,6.5850
COc1ccc(-c2cc(-c3ccc(OC)c(OC)c3)c3c(N)n[nH]c3n2)cc1,6.0915
COc1ccc(-c2cc(-c3cc(OC)c(OC)c(OC)c3)c3c(N)n[nH]c3n2)cc1,5.2211
Nc1n[nH]c2nc(-c3ccc(Br)cc3)cc(-c3ccc(Br)cc3)c12,6.7696
COc1ccc(-c2cc(-c3ccc(Br)cc3)nc3[nH]nc(N)c23)cc1,6.4559
COc1ccc(-c2cc(-c3ccc(Br)cc3)nc3[nH]nc(N)c23)cc1OC,6.7959
COc1cc(-c2cc(-c3ccc(Br)cc3)nc3[nH]nc(N)c23)cc(OC)c1OC,6.2007
COc1cc(O)cc2c1Oc1c(Oc3cc(O)cc(O)c3)c(O)cc(O)c1O2,4.4660
Oc1cc(O)cc(Oc2c(O)cc(O)c3c2Oc2c(OCc4ccccc4)cc(O)cc2O3)c1,4.3969
Oc1cc(O)cc(Oc2c(O)cc(O)c3c2Oc2c(O)cc(Oc4c(O)cc(Oc5c(O)cc(O)c6c5Oc5c(O)cc(O)cc5O6)cc4O)cc2O3)c1,4.6308
COc1cc(Oc2c(O)cc(Oc3c(O)cc(O)c4c3Oc3c(O)cc(O)cc3O4)cc2O)cc2c1Oc1c(Oc3cc(O)cc(O)c3)c(O)cc(O)c1O2,4.4789
Oc1cc(O)cc(Oc2c(O)cc(O)c3c2Oc2c(OCc4ccccc4)cc(Oc4c(O)cc(Oc5c(O)cc(O)c6c5Oc5c(O)cc(O)cc5O6)cc4O)cc2O3)c1,4.3778
Oc1cc(O)cc(Oc2c(O)cc(O)c3c2Oc2c(O)cc4oc5c(Oc6cc(O)cc(O)c6)c(O)cc(O)c5c4c2O3)c1,4.0264
COc1cc2oc3c(Oc4cc(O)cc(O)c4)c(O)cc(O)c3c2c2c1Oc1c(Oc3cc(O)cc(O)c3)c(O)cc(O)c1O2,4.1831
Oc1cc(O)cc(Oc2c(O)cc(O)c3c2Oc2c(OCc4ccccc4)cc4oc5c(Oc6cc(O)cc(O)c6)c(O)cc(O)c5c4c2O3)c1,4.6345
CC(c1ccc2c(c1)oc(=O)c1ccccc12)N(C)C,4.9626
C[C@@H](c1ccc2c(c1)oc(=O)c1ccccc12)N(C)C,5.1024
COc1cc(C(C)N(C)C)cc2oc(=O)c3ccccc3c12,5.5528
COc1cc(C(C)N(C)C)c2c(c1)oc(=O)c1ccccc12,4.8210
CC(c1cc(O)c2c(c1)oc(=O)c1ccccc12)N(C)C,4.7235
CC(c1cc(O)cc2oc(=O)c3ccccc3c12)N(C)C,4.4802
CCN(C)C(=O)Oc1cc(C(C)N(C)C)cc2oc(=O)c3ccccc3c12,4.3979
CCCCN1CCC(CCC(=O)c2ccc(N)cc2OC)CC1,6.1261
CCCCN1CCC(CCC(=O)c2cc(Br)ccc2OC)CC1,6.3516
CCCCN1CCC(CCC(=O)c2cc(I)c(N)cc2OC)CC1,6.1818
COc1cc(N)ccc1C(=O)CCC1CCN(CC2CCCCC2)CC1,7.5850
COc1cc(N)c(F)cc1C(=O)CCC1CCN(CC2CCCCC2)CC1,7.6198
COc1cc(N)c(Cl)cc1C(=O)C(C)CC1CCN(CC2CCCCC2)CC1,6.6968
COc1cc(N)c(Cl)cc1C(=O)CCC1CCN(CC2CCNCC2)CC1,6.9281
COc1cc(N)c(Br)cc1C(=O)CCC1CCN(CC2CCCCC2)CC1,7.0044
COc1cc(N)c(I)cc1C(=O)CCC1CCN(CC2CCCCC2)CC1,6.5171
COc1c(C(N)=O)cc(Cl)c(N)c1CC1CCN(CC2CCCCC2)CC1,5.4283
COc1cc(N)c(Br)cc1C(=O)NCC1CCN(CC2CCCCC2)CC1,5.0605
COc1cc(N)c(I)cc1C(=O)NCC1CCN(CC2CCCCC2)CC1,5.2933
Nc1cc(O)c(C(=O)CCC2CCN(CC3CCCCC3)CC2)cc1Cl,6.3862
CCOc1cc(N)c(Cl)cc1C(=O)CCC1CCN(CC2CCCCC2)CC1,6.4034
Nc1cc(OCCF)c(C(=O)CCC2CCN(CC3CCCCC3)CC2)cc1Cl,6.2041
CON=C(CCC1CCN(CC2CCCCC2)CC1)c1cc(Cl)c(N)cc1OC,6.4949
CN1c2ccc(OC(=O)Nc3ccccc3)cc2[C@]2(C)CCN[C@H]12,7.2076
CN1CC[C@@]2(C)c3cc(OC(=O)Nc4ccccc4)ccc3N[C@@H]12,7.2076
C[C@@]12CCN[C@@H]1Nc1ccc(OC(=O)Nc3ccccc3)cc12,7.0000
O=C1[C@H](O)C[C@]23CCCN1[C@@H]2c1c([nH]c2ccccc12)CC3,4.4145
CC(c1cccc(OC(=O)NCCc2c[nH]c3ccccc23)c1)N(C)C,7.6114
Cc1ccc2[nH]cc(CCNC(=O)Oc3cccc(C(C)N(C)C)c3)c2c1,7.1350
COc1ccc2[nH]cc(CCNC(=O)Oc3cccc(C(C)N(C)C)c3)c2c1,7.3159
CC(c1cccc(OC(=O)NCCc2c[nH]c3ccc(O)cc23)c1)N(C)C,8.6364
CC(c1cccc(OC(=O)NCCc2c[nH]c3ccc(Cl)cc23)c1)N(C)C,7.8604
C[C@@H](c1cccc(OC(=O)NCCc2c[nH]c3ccccc23)c1)N(C)C,7.6544
Cc1ccc2[nH]cc(CCNC(=O)Oc3cccc([C@H](C)N(C)C)c3)c2c1,7.2618
COc1ccc2[nH]cc(CCNC(=O)Oc3cccc([C@H](C)N(C)C)c3)c2c1,7.6688
C[C@@H](c1cccc(OC(=O)NCCc2c[nH]c3ccc(O)cc23)c1)N(C)C,9.0044
C[C@@H](c1cccc(OC(=O)NCCc2c[nH]c3ccc(Cl)cc23)c1)N(C)C,8.0985
C[C@H](c1cccc(OC(=O)NCCc2c[nH]c3ccc(Cl)cc23)c1)N(C)C,8.0768
C=CCc1ccc(O)c(-c2cc(CC=C)cc(-c3cc(CC=C)ccc3O)c2O[C@H]2CC(C)(C)[C@@H]3CC[C@]4(C)C[C@]23CC[C@H]4O)c1,5.3391
C=CCc1ccc(O)c(-c2cc(CC=C)cc(-c3cc(CC=C)ccc3O)c2O[C@@H]2C[C@@H](C(C)C)C=C[C@]2(C)O)c1,5.1838
C=CCc1ccc(Oc2cc(CC=C)cc(-c3cc(CC=C)ccc3O)c2O)cc1,5.0000
O=c1c2nc(-c3ccc(C(F)(F)F)cc3)sc2nc2n1CCCC2,5.7773
O=C(O)c1cc2ccc(=O)oc2cc1O,3.8381
COc1ccc2ccc(=O)oc2c1,3.9825
COc1cc2oc(=O)ccc2cc1O,3.7597
O=c1ccc2cc(O)c(O)cc2o1,5.2125
COc1cc(Cn2cc(COc3ccc4ccc(=O)oc4c3C(C)=O)nn2)cc(OC)c1,5.5901
Cc1cc(=O)oc2cc(OCC(=O)N/N=C\c3ccc(C(=O)O)cc3)ccc12,6.0958
COc1cccc2cc(-c3ccc(NC(=O)c4ccc(CCl)cc4)cc3)c(=O)oc12,7.0410
O=c1oc2ccccc2cc1-c1ccc(Br)cc1,4.7165
O=C1OC2=C(O)C(O)=CCC2C=C1c1ccc(O)c(O)c1,5.5171
O=C1CCOc2ccc(OCCN3CCCCCC3)cc21,5.3116
Cc1cc(=O)oc2cc(OCc3nnc(-c4cc(O)c(O)c(O)c4)o3)ccc12,4.5424
Cc1cc(=O)oc2cc(OCc3nnc(-c4ccc(O)c(O)c4)o3)ccc12,4.5293
CC(C)c1cc2cc3ccc(=O)oc3cc2o1,4.0631
COC(=O)/C1=C/N(C)CCc2cc(OC)c(OC)cc2C(C)=C=C1c1ccccc1,4.8539
COCC1=C=C(c2ccc(OC)cc2)c2cc(OC)c(OC)cc2CCN(C)/C=C\1C(=O)OC,5.3098
C[n+]1cccc(F)c1/C=N/O.[I-],3.2824
C[n+]1cccc(Cl)c1/C=N/O.[I-],3.3471
C[n+]1cccc(Br)c1/C=N/O.[I-],3.4142
C[n+]1cc(F)ccc1/C=N/O.[I-],3.5571
C[n+]1cc(Cl)ccc1/C=N/O.[I-],3.8775
C[n+]1cc(Br)ccc1/C=N/O.[I-],4.2328
FC(F)(F)c1ccc2c(NCCCCCCCCNc3ccccc3)ccnc2c1,8.0969
Fc1ccc(NCCCCCCCCNc2ccnc3cc(C(F)(F)F)ccc23)cc1,7.9208
CC(C)(C)c1ccc(NCCCCCCCCNc2ccnc3cc(C(F)(F)F)ccc23)cc1,6.7959
O=[N+]([O-])c1ccc(NCCCCCCCCNc2ccnc3cc(C(F)(F)F)ccc23)cc1,6.8539
FC(F)(F)c1ccc2c(NCCCCCCCCNC3NCCN3)ccnc2c1,6.6990
FC(F)(F)c1ccc2c(NCCCCCCCCNc3ccc(Cl)cc3)ccnc2c1,7.1549
FC(F)(F)c1ccc2c(NCCCCCCCCNc3cc4ccccc4o3)ccnc2c1,6.2676
Fc1cccc(NCCCCCCCCNc2ccnc3cc(C(F)(F)F)ccc23)c1,8.1487
FC(F)(F)c1ccc2c(NCCCCCCCCNc3cccc(Cl)c3)ccnc2c1,7.9586
FC(F)(F)c1ccc2c(NCCCCCCCCNc3ccccc3Cl)ccnc2c1,7.8861
FC(F)(F)c1ccc2c(NCCCCCCCCNc3cc4ccccc4s3)ccnc2c1,7.1549
Fc1cccc(CNCCCCCCCCNc2ccnc3cc(Cl)ccc23)c1,8.4949
Fc1ccc(F)c(CNCCCCCCCCNc2ccnc3cc(Cl)ccc23)c1,8.0862
Fc1ccc(Br)c(CNCCCCCCCCNc2ccnc3cc(Cl)ccc23)c1,7.7959
Fc1ccc(Br)cc1CNCCCCCCCCNc1ccnc2cc(Cl)ccc12,7.6198
Fc1ccc(CNCCCCCCCCNc2ccnc3cc(Cl)ccc23)c(F)c1,7.6778
Fc1cc(Br)ccc1CNCCCCCCCCNc1ccnc2cc(Cl)ccc12,6.9586
Fc1cc(C(F)(F)F)ccc1CNCCCCCCCCNc1ccnc2cc(Cl)ccc12,6.8239
Cc1cc(F)c(CNCCCCCCCCNc2ccnc3cc(Cl)ccc23)cc1F,6.9208
Clc1ccc(CNCCCCCCCCNc2ccnc3cc(Cl)ccc23)c(Cl)c1,7.4437
Fc1ccc(F)c(CN(CCCCCCCCNc2ccnc3cc(Cl)ccc23)c2cc(F)ccc2F)c1,6.5850
Fc1cc(C(F)(F)F)ccc1CN(CCCCCCCCNc1ccnc2cc(Cl)ccc12)c1ccc(C(F)(F)F)cc1F,6.1549
COc1ccc2c3c1O[C@H]1C[C@@H](O)C=C[C@@]31CCN(C=O)C2,4.0050
COc1ccc2c3c1O[C@H]1C[C@@H](O)C=C[C@@]31CCN(C(C)=O)C2,5.0088
C=CCN1CC[C@@]23C=C[C@H](O)C[C@@H]2Oc2c(OC)ccc(c23)C1,6.7447
C=C(C)CN1CC[C@@]23C=C[C@H](O)C[C@@H]2Oc2c(OC)ccc(c23)C1,7.0458
COc1cc2c(cc1O)C(=O)C(CC1CCN(Cc3ccccc3)CC1)C2,6.0597
COc1cc2c(cc1O)CC(CC1CCN(Cc3ccccc3)CC1)C2=O,6.1115
O=C1c2cc(O)c(O)cc2CC1CC1CCN(Cc2ccccc2)CC1,5.7435
COc1cc2c(cc1OC(=O)CCCCC1CCSS1)C(=O)C(CC1CCN(Cc3ccccc3)CC1)C2,7.5560
COc1cc2c(cc1OCCCCCC1CCSS1)C(=O)C(CC1CCN(Cc3ccccc3)CC1)C2,8.1175
COc1cc2c(cc1OCCCCCC1CCSS1)CC(CC1CCN(Cc3ccccc3)CC1)C2=O,8.0400
COc1cc(N)c(F)cc1C(=O)CCC1CCN(CC2CCCCC2)CC1.O=C(O)/C=C/C(=O)O,7.5376
CCOc1cc(N)ccc1C(=O)CCC1CCN(CC2CCCCC2)CC1,7.0600
Nc1ccc(C(=O)CCC2CCN(CC3CCCCC3)CC2)c(OCCF)c1,6.4976
Nc1ccc(C(=O)CCC2CCN(CC3CCCCC3)CC2)cc1,6.4995
COc1ccccc1C(=O)CCC1CCN(CC2CCCCC2)CC1,6.7799
Nc1ccc(C(=O)CCC2CCN(CC3CCCCC3)CC2)cc1Cl,7.3036
COc1c(C(=O)CCC2CCN(CC3CCCCC3)CC2)cc(F)c(N)c1Br,6.5102
COc1c(C(=O)CCC2CCN(CC3CCCCC3)CC2)cc(F)c(N)c1I,6.6310
COc1cc(NC(C)=O)c(Cl)cc1C(=O)CCC1CCN(CC2CCCCC2)CC1,7.4685
CC(=O)Nc1cc(O)c(C(=O)CCC2CCN(CC3CCCCC3)CC2)cc1Cl,7.2418
[2H]C([2H])([2H])Oc1cc(N)c(Cl)cc1C(=O)CCC1CCN(CC2CCCCC2)CC1,7.6459
Cc1ccccc1NC(=O)Nc1cccc(/C(N)=N/O)c1,4.7607
COc1cccc(NC(=O)Nc2cccc(/C(N)=N/O)c2)c1,4.8891
COc1ccc(NC(=O)Nc2cccc(/C(N)=N/O)c2)cc1,4.7867
N/C(=N\O)c1cccc(NC(=O)Nc2cccc(O)c2)c1,4.8383
N/C(=N\O)c1cccc(NC(=O)Nc2ccc(O)cc2)c1,4.7886
N/C(=N\O)c1cccc(NC(=O)Nc2ccccc2F)c1,4.7310
N/C(=N\O)c1cccc(NC(=O)Nc2cccc(F)c2)c1,5.7645
N/C(=N\O)c1cccc(NC(=O)Nc2ccc(F)cc2)c1,5.1244
N/C(=N\O)c1cccc(NC(=O)Nc2cccc(Cl)c2)c1,4.7592
N/C(=N\O)c1cccc(NC(=O)Nc2ccc(Cl)cc2)c1,4.8508
N/C(=N\O)c1cccc(NC(=O)Nc2cccc(Br)c2)c1,4.8377
N/C(=N\O)c1cccc(NC(=O)Nc2ccc(Br)cc2)c1,4.7747
N/C(=N\O)c1cccc(NC(=O)Nc2ccccc2C(F)(F)F)c1,4.7385
N/C(=N\O)c1cccc(NC(=O)Nc2cccc(C(F)(F)F)c2)c1,4.7693
N/C(=N\O)c1cccc(NC(=O)Nc2ccc(C(F)(F)F)cc2)c1,4.9129
N/C(=N\O)c1cccc(NC(=O)Nc2cccc([N+](=O)[O-])c2)c1,4.9154
N/C(=N\O)c1cccc(NC(=O)Nc2ccc([N+](=O)[O-])cc2)c1,4.7875
N/C(=N\O)c1cccc(NC(=O)Nc2ccc3[nH]ccc3c2)c1,5.2048
N/C(=N\O)c1cccc(NC(=O)Nc2ccc3ncccc3c2)c1,5.2457
N/C(=N\O)c1cccc(NC(=O)NCCc2c[nH]c3ccccc23)c1,5.8125
N/C(=N\O)c1cccc(NC(=O)NCCc2c[nH]c3ccc(Cl)cc23)c1,5.9355
COc1ccc2[nH]cc(CCNC(=O)Nc3cccc(/C(N)=N/O)c3)c2c1,6.0410
Cc1ccccc1NC(=O)Nc1ccc(/C(N)=N/O)cc1,5.0670
COc1cccc(NC(=O)Nc2ccc(/C(N)=N/O)cc2)c1,5.0386
N/C(=N\O)c1ccc(NC(=O)Nc2ccc(Cl)cc2)cc1,5.1163
N/C(=N\O)c1ccc(NC(=O)Nc2cccc(F)c2)cc1,5.5171
N/C(=N\O)c1ccc(NC(=O)Nc2cccc(Br)c2)cc1,5.1931
N/C(=N\O)c1ccc(NC(=O)Nc2ccc3[nH]ccc3c2)cc1,5.1267
N/C(=N\O)c1ccc(NC(=O)Nc2ccc3ncccc3c2)cc1,5.1586
C[C@@H]1CC[C@]2(C(=O)O)CC[C@]3(C)C(=CC[C@@H]4[C@@]5(C)C[C@@H](OC(=O)CCc6ccccc6)[C@H](OC(=O)CCc6ccccc6)[C@@](C)(CO)[C@@H]5CC[C@]43C)[C@@H]2[C@]1(C)O,5.2336
C[C@@H]1CC[C@]2(C(=O)O)CC[C@]3(C)C(=CC[C@@H]4[C@@]5(C)C[C@@H](OC(=O)CCc6ccccc6)[C@H](O)[C@@](C)(CO)[C@@H]5CC[C@]43C)[C@@H]2[C@]1(C)O,4.9374
C[C@@H]1CC[C@]2(C(=O)O)CC[C@]3(C)C(=CC[C@@H]4[C@@]5(C)C[C@@H](OC(=O)c6ccc(Cl)cc6)[C@H](O)[C@@](C)(CO)[C@@H]5CC[C@]43C)[C@@H]2[C@]1(C)OC(=O)c1ccc(Cl)cc1,4.2653
C[C@@H]1CC[C@]2(C(=O)O)CC[C@]3(C)C(=CC[C@@H]4[C@@]5(C)C[C@@H](OC(=O)c6ccc(Cl)cc6)[C@H](OC(=O)c6ccc(Cl)cc6)[C@@](C)(CO)[C@@H]5CC[C@]43C)[C@@H]2[C@]1(C)O,4.6743
C[C@@H]1CC[C@]2(C(=O)O)CC[C@]3(C)C(=CC[C@@H]4[C@@]5(C)C[C@@H](OC(=O)c6ccc(Cl)cc6)[C@H](OC(=O)c6ccc(Cl)cc6)[C@@](C)(COC(=O)c6ccc(Cl)cc6)[C@@H]5CC[C@]43C)[C@@H]2[C@]1(C)O,5.2284
C[C@@H]1CC[C@]2(C(=O)O)CC[C@]3(C)C(=CC[C@@H]4[C@@]5(C)C[C@@H](OC(=O)c6ccc(C(F)(F)F)cc6)[C@H](OC(=O)c6ccc(C(F)(F)F)cc6)[C@@](C)(CO)[C@@H]5CC[C@]43C)[C@@H]2[C@]1(C)O,4.3626
COc1ccc(C(=O)O[C@]2(C)[C@H](C)CC[C@]3(C(=O)O)CC[C@]4(C)C(=CC[C@@H]5[C@@]6(C)C[C@@H](O)[C@H](O)[C@@](C)(CO)[C@@H]6CC[C@]54C)[C@@H]32)cc1,4.1972
C[C@@H]1CC[C@]2(C(=O)O)CC[C@]3(C)C(=CC[C@@H]4[C@@]5(C)C(C=O)=C[C@@](C)(COC(=O)c6ccc(F)cc6)[C@@H]5CC[C@]43C)[C@@H]2[C@]1(C)O,4.1432
COc1ccc(C(=O)OC[C@]2(C)C=C(C=O)[C@@]3(C)[C@H]2CC[C@]2(C)[C@@H]3CC=C3[C@H]4[C@](C(=O)O)(CC[C@@H](C)[C@@]4(C)OC(=O)c4ccc(OC)cc4)CC[C@]32C)cc1,4.1535
C[C@@H]1CC[C@]2(C(=O)O)CC[C@]3(C)C(=CC[C@@H]4[C@@]5(C)C(C=O)=C[C@@](C)(COC(=O)CCc6ccccc6)[C@@H]5CC[C@]43C)[C@@H]2[C@]1(C)O,4.3350
C[C@@H]1CC[C@]2(C(=O)NCc3ccccc3Cl)CC[C@]3(C)C(=CC[C@@H]4[C@@]5(C)C[C@@H](O)[C@H](O)[C@@](C)(CO)[C@@H]5CC[C@]43C)[C@@H]2[C@]1(C)O,5.3509
C[C@@H]1CC[C@]2(C(=O)NCc3cccc(Cl)c3)CC[C@]3(C)C(=CC[C@@H]4[C@@]5(C)C[C@@H](O)[C@H](O)[C@@](C)(CO)[C@@H]5CC[C@]43C)[C@@H]2[C@]1(C)O,4.2007
C[C@@H]1CC[C@]2(C(=O)NCc3ccc(Cl)cc3)CC[C@]3(C)C(=CC[C@@H]4[C@@]5(C)C[C@@H](O)[C@H](O)[C@@](C)(CO)[C@@H]5CC[C@]43C)[C@@H]2[C@]1(C)O,4.1886
C[C@@H]1CC[C@]2(C(=O)NCc3ccccc3Br)CC[C@]3(C)C(=CC[C@@H]4[C@@]5(C)C[C@@H](O)[C@H](O)[C@@](C)(CO)[C@@H]5CC[C@]43C)[C@@H]2[C@]1(C)O,4.3215
C[C@@H]1CC[C@]2(C(=O)NCc3cccc(Br)c3)CC[C@]3(C)C(=CC[C@@H]4[C@@]5(C)C[C@@H](O)[C@H](O)[C@@](C)(CO)[C@@H]5CC[C@]43C)[C@@H]2[C@]1(C)O,4.1077
C[C@@H]1CC[C@]2(C(=O)NCc3ccc(Br)cc3)CC[C@]3(C)C(=CC[C@@H]4[C@@]5(C)C[C@@H](O)[C@H](O)[C@@](C)(CO)[C@@H]5CC[C@]43C)[C@@H]2[C@]1(C)O,4.0733
C[C@@H]1CC[C@]2(C(=O)NC3CCCCC3)CC[C@]3(C)C(=CC[C@@H]4[C@@]5(C)C[C@@H](O)[C@H](O)[C@@](C)(CO)[C@@H]5CC[C@]43C)[C@@H]2[C@]1(C)O,4.0946
C[C@@H]1CC[C@]2(C(=O)NCc3ccccc3)CC[C@]3(C)C(=CC[C@@H]4[C@@]5(C)C[C@@H](O)[C@H](O)[C@@](C)(CO)[C@@H]5CC[C@]43C)[C@@H]2[C@]1(C)O,4.1865
C[C@@H]1CC[C@]2(C(=O)NCCc3c[nH]c4ccccc34)CC[C@]3(C)C(=CC[C@@H]4[C@@]5(C)C[C@@H](O)[C@H](O)[C@@](C)(CO)[C@@H]5CC[C@]43C)[C@@H]2[C@]1(C)O,4.2901
C[C@@H]1CC[C@]2(C(=O)O)CC[C@]3(C)C(=CC[C@@H]4[C@@]5(C)C[C@@H](O)[C@H](O)[C@@](C)(CO)[C@@H]5CC[C@]43C)[C@@H]2[C@]1(C)O,4.6345
CN(C)CCN1CCN(Cc2ccc(C(=O)Nc3nc4ccccc4s3)cc2)CC1,7.6308
COc1ccc(C2CC(c3ccc(O)cc3)=NN2c2nc3ccc(C)cc3s2)cc1OC,5.0610
O=C(/C=C/c1ccc(-c2ccccc2)cc1)Nc1nc2ccc(O)cc2s1,7.1487
CC1=CC(=O)[C@](C)(O)C(=O)/C1=C\Nc1ccc(Cc2ccccc2)cc1,5.3468
CC1=CC(=O)[C@](C)(O)C(=O)/C1=C\Nc1ccc(Oc2ccc([N+](=O)[O-])cc2)cc1,4.1669
CC1=CC(=O)[C@@](C)(O)C(=O)/C1=C\Nc1ccc(Oc2ccc(C#N)cc2)cc1,5.3279
CC1=CC(=O)[C@](C)(O)C(=O)/C1=C\Nc1ccc(Oc2ccc(C#N)cc2)cc1,4.6126
CN(CCCOc1ccc([N+](=O)[O-])cc1)C(=O)c1cnc(N2CCN(c3ccc(C(=O)N4CCOCC4)cc3[N+](=O)[O-])CC2)nc1,6.0458
CCN(CCCCCn1c(C)cc(=O)n(CCCCCN(CC)Cc2ccccc2C#N)c1=O)Cc1ccccc1C#N,5.1367
CCN(CCCCCn1c(C)cc(=O)n(CCCCCN(CC)Cc2cccc(C(=O)OC)c2)c1=O)Cc1cccc(C(=O)OC)c1,6.5376
Cc1ccc(O)c(CNc2c(N)n(C)c(=O)n(C)c2=O)c1,8.3325
N#CC1C(N)N2CCCNC2C(C#N)C12C(=O)Nc1ccccc12,5.3936
COc1cccc(-c2nc(SCCCSc3nc(N)c(C#N)c(-c4cccc(OC)c4)n3)nc(N)c2C#N)c1,5.2426
Cc1cccc(-c2nccc(N3CCOCC3)n2)c1,6.3665
CCOC(=O)C1=C(C)N=C2SC(c3ccc([N+](=O)[O-])cc3)=NN2C1c1ccc(C=O)cn1,7.0862
C#CCNc1ccc(-c2cc(-c3ccc(OCCN4CCOCC4)cc3)nc(N)n2)cc1,5.1421
COc1cc(/C=C/C(=O)c2ccc(OCCN3CCCC3)cc2)ccc1OCc1nc(C)c(C)nc1C,6.0088
COC(=O)C1=CO[C@H](OC)[C@H]2C(CN3CCN(Cc4nc(C)c(C)nc4C)CC3)=CC[C@@H]12,6.6615
CCOC(=O)c1c(OC(=O)c2ccccc2)sc2c1CCCCC2,5.6655
CCOC(=O)c1c(OC(=O)c2ccc(Cl)cc2)sc2c1CCCCC2,5.9788
O=C1c2c(sc3c2CCCCC3)OC(c2ccccc2)N1c1ccccc1,6.2924
O=C1c2c(sc3c2CCCCC3)OC(c2ccccc2)N1c1ccc(Cl)cc1,5.0232
COc1ccc(N2C(=O)c3c(sc4c3CCCCC4)OC2c2ccccc2)cc1,5.3925
O=C1c2c(sc3c2CCCCC3)OC(c2ccc(Cl)cc2)N1c1ccccc1,6.2596
O=C1c2c(sc3c2CCCCC3)OC(c2ccc(Cl)cc2)N1c1ccc(Cl)cc1,4.8996
COc1ccc(N2C(=O)c3c(sc4c3CCCCC4)OC2c2ccc(Cl)cc2)cc1,5.5031
COc1ccc2c3c1O[C@H]1C[C@@H](OC(=O)NC4CCN(Cc5cccc(C(F)(F)F)c5)CC4)C=C[C@@]31CCN(C)C2,6.2208
COc1ccc2c3c1O[C@H]1C[C@@H](OC(=O)NC4CCN(Cc5ccc(F)cc5F)CC4)C=C[C@@]31CCN(C)C2,5.9194
COc1ccc2c3c1O[C@H]1C[C@@H](OC(=O)NC4CCN(Cc5ccc(F)cc5)CC4)C=C[C@@]31CCN(C)C2,6.3986
COc1ccc2c3c1O[C@H]1C[C@@H](OC(=O)NC4CCN(Cc5cccc(F)c5)CC4)C=C[C@@]31CCN(C)C2,6.3778
COc1ccc2c3c1O[C@H]1C[C@@H](OC(=O)NC4CCN(Cc5ccccc5F)CC4)C=C[C@@]31CCN(C)C2,6.3917
COc1ccc2c3c1O[C@H]1C[C@@H](OC(=O)NC4CCN(Cc5ccccc5)CC4)C=C[C@@]31CCN(C)C2,6.4320
COc1ccc2c3c1O[C@H]1C[C@@H](OC(=O)NC4CCN(Cc5ccc(OC(F)(F)F)cc5)CC4)C=C[C@@]31CCN(C)C2,6.3457
COc1ccc2c3c1O[C@H]1C[C@@H](OCc4ccc(Cc5ccccc5F)cn4)C=C[C@@]31CCN(C)C2,6.2891
COc1ccc2c3c1O[C@H]1C[C@@H](OCc4ccc(Cc5cccc(Cl)c5)cn4)C=C[C@@]31CCN(C)C2,5.4703
COc1ccccc1Cc1ccc(CO[C@H]2C=C[C@@]34CCN(C)Cc5ccc(OC)c(c53)O[C@H]4C2)nc1,5.4951
Nc1ccccc1C(=O)/C=C/c1cccc(Cl)c1Cl,7.0969
Nc1ccccc1C(=O)/C=C/c1cnc2ccccc2c1,6.2676
CSc1ccc(/C=C/C(=O)c2ccccc2N)cn1,5.9136
Cc1ccc(/C=C/C(=O)c2ccccc2N)cn1,5.5346
Nc1ccccc1C(=O)/C=C/c1cnc2c(c1)OCO2,5.3809
Nc1ccccc1C(=O)/C=C/c1ccc(Cl)nc1,4.7208
COc1nc(-c2ccnc(NC(=O)C3CC3)c2)sc1C(=O)NCNc1c2c(nc3ccccc13)CCCC2,8.2007
c1ccc2oc(CNCCCCCCCNc3c4c(cc5ccccc35)CCCC4)cc2c1,9.0655
Cn1c(NCCCCCCCNc2c3c(nc4cc(Cl)ccc24)CCCC3)nc(-c2ccncc2F)cc1=O,7.2916
COc1ccc2c3c1O[C@H]1C[C@@H](O)C=C[C@@]31CCN(CCCCCCNC13CC4CC(C)(CC(C)(C4)C1)C3)C2,8.9355
COc1ccc(NC(=O)C2CCN(Cc3ccccc3)CC2)cc1OC,6.8386
COc1ccccc1NC(=O)C1CCN(Cc2ccccc2)CC1,6.8041
COc1ccc(NC(=O)C2CCN(Cc3ccccc3)CC2)cc1,6.7825
O=C(N/N=C/c1ccc([N+](=O)[O-])cc1)c1ccc(Cl)nc1,7.6990
COc1ccc(/C=N/NC(=O)c2ccc(Cl)nc2)cc1OC,7.5229
CCOc1cc(/C=N/NC(=O)c2ccc(Cl)nc2)ccc1O,7.5229
COC(=O)c1ccc(/C=N/NC(=O)c2ccc(Cl)nc2)cc1,7.0000
COc1cc(/C=N/NC(=O)c2ccc(Cl)nc2)ccc1O,7.5229
O=C(/C=C/c1ccccc1)c1ccccc1,4.5498
COc1ccc(/C=C/C(=O)c2ccccc2O)cc1OC,4.5528
O=c1[nH]c(CNCCC2CCN(Cc3ccccc3)CC2)nc2c1cnn2C1CCCC1,6.5376
O=c1[nH]c(CCCCC2CCN(Cc3ccccc3)CC2)nc2c1cnn2C1CCCC1,7.3979
COc1ccccc1/C=C1\Oc2cc(OCCN3CCCC3)ccc2C1=O,5.5735
O=C1/C(=C/c2ccc(O)cc2)Oc2cc(O)ccc21,3.6936
COc1ccc(/C=C2\Oc3cc(OCCN4CCCC4)ccc3C2=O)c(OC)c1OC,5.8069
O=C(CN1CCC(Cc2ccccc2)CC1)c1ccc2ccccc2c1,5.0395
O=C(NCCC1CCN(Cc2ccccc2)CC1)c1coc2cc(OCc3ccccc3)ccc2c1=O,6.4318
C#CCOc1c(CN2CCOCC2)cc(-c2cc(=O)c3ccccc3o2)cc1OC,5.1403
C#CCOc1c(CN2CCCCC2)cc(-c2cc(=O)c3ccccc3o2)cc1OC,5.5100
C#CCCOc1c(CN2CCOCC2)cc(-c2cc(=O)c3ccccc3o2)cc1OCC,5.2190
C#CCCCOc1c(CN2CCCCC2)cc(-c2cc(=O)c3ccccc3o2)cc1OCC,5.7077
C#CCOc1c(CN2CCOCC2)cc(-c2cc(=O)c3ccccc3o2)cc1CN1CCOCC1,5.4271
C#CCCCOc1c(CN2CCOCC2)cc(-c2cc(=O)c3ccccc3o2)cc1CN1CCOCC1,5.4711
C#CCOc1ccc(-c2cc(=O)c3ccccc3o2)cc1CN1CCOCC1,5.6596
C#CCCCOc1ccc(-c2cc(=O)c3ccccc3o2)cc1CN1CCCCC1,6.2041
C#CCCCOc1c(CN2CCCCC2)cc(-c2cc(=O)c3ccccc3o2)cc1CN1CCCCC1,5.8827
C#CCCCOc1c(CN2CCN(Cc3ccccc3)CC2)cc(-c2cc(=O)c3ccccc3o2)cc1OC,5.2358
C#CCCCOc1c(CN2CCc3ccccc3C2)cc(-c2cc(=O)c3ccccc3o2)cc1OC,5.0926
Nc1c2c(nc3ccc(-c4ccncc4)cc13)CCCC2,5.9285
COc1cc(-c2ccc3nc4c(c(N)c3c2)CCCC4)ccn1,6.1694
Nc1c2c(nc3ccc(-c4ccc(Cl)nc4)cc13)CCCC2,6.5421
Nc1c2c(nc3ccc(-c4ccc(F)nc4)cc13)CCCC2,6.0458
Nc1c2c(nc3ccc(-c4cncnc4)cc13)CCCC2,6.0066
COc1ncc(-c2ccc3nc4c(c(N)c3c2)CCCC4)cn1,6.2197
COc1ncc(-c2ccc3nc4c(c(N)c3c2)CCCC4)c(OC)n1,6.0391
Nc1c2c(nc3ccc(-c4ccoc4)cc13)CCCC2,5.7836
Cc1ccc(-c2ccc3nc4c(c(N)c3c2)CCCC4)o1,6.7959
Nc1c2c(nc3ccc(-c4ccsc4)cc13)CCCC2,6.3526
Nc1c2c(nc3ccc(-c4cccs4)cc13)CCCC2,6.0232
Nc1c2c(nc3ccc(-c4ccc(Cl)s4)cc13)CCCC2,6.4318
Cc1csc(-c2ccc3nc4c(c(N)c3c2)CCCC4)c1,6.4763
CN(C)c1cccc(-c2ccc3nc4c(c(N)c3c2)CCCC4)c1,6.0232
CC(C)COc1cccc(-c2ccc3nc4c(c(N)c3c2)CCCC4)c1,6.2041
Cl.[2H]c1ccc2nc3c(c(N)c2c1)CCCC3,6.7033
CCOC(=O)c1c(O)cc(O)c(Cc2c(O)cc(C)c(C(=O)OCC)c2O)c1C,4.7212
CCOC(=O)c1c(O)cc(O)c(Cc2c(O)cc(C)c(C(=O)OC)c2O)c1C,4.6990
COC(=O)c1c(C)cc(O)c(Cc2c(O)cc(C)cc2O)c1O,4.8239
Cc1cc(O)cc(OC(=O)c2c(C)cc(O)c(C=O)c2O)c1,4.8239
CCOC(=O)c1c(C)cc(OC(=O)c2c(C)cc(O)cc2O)cc1O,4.8239
COCc1c(O)c(Oc2c(C=O)c(O)cc(C)c2C(=O)OC)c2c(c1O)C(=O)O[C@H]2O,5.1487
OCc1cc(O)cc(O)c1,4.5528
Cc1cc(O)cc(O)c1C(=O)O,4.5850
Cc1cc(O)c(C)c(O)c1,4.6021
COC(=O)c1c(C)cc(O)cc1O,4.6198
CC(=O)C1=C(O)C=C2Oc3c(C(C)=O)c(O)c(C)c(O)c3[C@@]2(C)C1=O,4.5528
Clc1ccc2c(NCCCCCCCCNC34CC5CC(CC(C5)C3)C4)ccnc2c1,7.1249
Clc1ccc2c(NCCNC34CC5CC(CC(C5)C3)C4)ccnc2c1,5.7959
CC(CCNCCC12CC3CC(CC(C3)C1)C2)Nc1ccnc2cc(Cl)ccc12,5.7212
Clc1ccc2c(Nc3cccc4c(NCCC56CC7CC(CC(C7)C5)C6)cccc34)ccnc2c1,5.4202
S=C(NCCCCNc1c2c(nc3ccccc13)CCCC2)NCCc1c[nH]c2ccccc12,7.6021
COn1cc(CCNC(=S)NCCCCCNc2c3c(nc4ccccc24)CCCC3)c2ccccc21,7.1549
CC(C)(C)c1ccc(/C=N/CCNc2c3c(nc4ccccc24)CCCCC3)c(C(C)(C)C)c1O,5.3947
CC(C)(C)c1ccc(CNCCNc2c3c(nc4ccccc24)CCCCC3)c(C(C)(C)C)c1O,5.7212
Cc1ccc(S(=O)(=O)NCCCCNc2c3c(nc4ccccc24)CCCC3)cc1,6.1752
O=P(NCCCCCCNc1c2c(nc3ccccc13)CCCC2)(Oc1ccccc1)Oc1ccccc1,0.7860
O=P(NCCCCCCCCCCCCNc1c2c(nc3ccccc13)CCCC2)(Oc1ccccc1)Oc1ccccc1,1.6140
C[Si]1(Cl)C=CC(=O)C1=P(c1ccccc1)(c1ccccc1)c1ccccc1,6.9469
C[Si]1(Cl)C=C/C(=N\c2ccccc2)C1=P(c1ccccc1)(c1ccccc1)c1ccccc1,6.9469
C[Si](C)(C)c1c([Si](C)(C)C)c(=P(c2ccccc2)(c2ccccc2)c2ccccc2)c1=O,6.9469
O=C(/C=C/c1cccs1)c1ccc(OCCCCBr)cc1,6.3768
FC(F)(F)c1cccc(-c2cc(-c3cccs3)n(-c3ccc(Br)cc3)n2)c1,9.3188
O=C(NNC(=S)Nc1ccccc1[N+](=O)[O-])c1sccc1Cl,6.3979
Cc1cc(=O)[nH]c2c1C(=O)C(NCNc1c3c(nc4ccccc14)CCCC3)=CC2=O,7.9547
O=C(NCCCNc1c2c(nc3ccccc13)CCC2)c1cnc(Cl)c(Cl)c1,7.2840
COc1cc2c(cc1OC)CC(CN1CCN(CCCNc3c4c(nc5cc(Cl)ccc35)C[C@H]3C=C(C)C[C@@H]4C3)CC1)C2,8.5834
