SMILES,pIC50
CCCn1c(=O)c2nc(-c3ccc(OCC(=O)Nc4ccc(C(C)=O)cc4)cc3)[nH]c2n(CCC)c1=O,6.9508
CCCn1c(=O)c2nc(-c3ccc(OCC(=O)Nc4ccccc4C(C)=O)cc3)[nH]c2n(CCC)c1=O,6.3655
CCCn1c(=O)c2nc(-c3ccc(OCC(=O)O)cc3)[nH]c2n(CCC)c1=O,6.1477
C=CCn1c(=O)c2nc(-c3ccc(OCC(=O)O)cc3)[nH]c2n(CC=C)c1=O,5.6253
CC(C)CCn1cc2c(nc(NC(=O)Cc3ccccc3)n3nc(-c4ccco4)nc23)n1,7.2441
CC(C)CCn1cc2c(nc(NC(=O)Cc3cccc4ccccc34)n3nc(-c4ccco4)nc23)n1,7.3768
CCCn1c(=O)c2nc(-c3ccc(OCC(=O)Nc4ccc(Br)cc4)cc3)[nH]c2n(CCC)c1=O,5.7826
O=C(Cc1ccccc1)Nc1nc2nn(CCCc3ccccc3)cc2c2nc(-c3ccco3)nn12,7.2218
CC(C)CCn1cc2c(nc(NC(=O)COc3ccccc3)n3nc(-c4ccco4)nc23)n1,7.4202
Cn1cc2c(nc(NC(=O)Cc3ccccc3)n3nc(-c4ccco4)nc23)n1,6.3737
CCCn1c(=O)c2nc(-c3ccc(OCC(=O)Nc4ccc(C(F)(F)F)cc4)cc3)[nH]c2n(CCC)c1=O,6.6234
CCCn1c(=O)c2nc(-c3ccc(OCC(=O)Nc4ccc(C(N)=O)cc4)cc3)[nH]c2n(CCC)c1=O,7.4089
CCCn1c(=O)c2nc(-c3ccc(/C=C/C(=O)NN4C(=O)C(C)=C(C)C4=O)cc3)[nH]c2n(CCC)c1=O,6.6517
CCCn1c(=O)c2nc(-c3ccc(OCC(=O)Nc4cccc(C(C)=O)c4)cc3)[nH]c2n(CCC)c1=O,7.2299
O=C(COc1ccccc1)Nc1nc2nn(CCCc3ccccc3)cc2c2nc(-c3ccco3)nn12,7.3468
Cn1cc2c(nc(NC(=O)Nc3ccccc3)n3nc(-c4ccco4)nc23)n1,6.4191
CCCn1c(=O)c2nc(-c3ccc(/C=C/C(=O)O)cc3)[nH]c2n(CCC)c1=O,6.7212
CCCn1c(=O)c2nc(-c3ccc(OCC(=O)Nc4ccccc4)cc3)[nH]c2n(CCC)c1=O,8.1192
CCCn1c(=O)c2nc(-c3ccc(OCC(=O)Nc4ccc(F)cc4)cc3)[nH]c2n(CCC)c1=O,7.7799
O=C(O)/C=C/c1ccc(-c2nc3c(=O)n(CC4CCCCC4)c(=O)n(CC4CCCCC4)c3[nH]2)cc1,5.8187
CCCn1c(=O)c2nc(-c3ccc(OCC(=O)Nc4ccc([N+](=O)[O-])cc4)cc3)[nH]c2n(CCC)c1=O,7.1549
CCCn1c(=O)c2nc(-c3ccc(OCC(=O)Nc4ccc(C(=O)OC)cc4)cc3)[nH]c2n(CCC)c1=O,5.5086
CCCn1c(=O)c2[nH]c(-c3ccc(OCC(=O)NCCN)cc3)nc2n(CCC)c1=O,7.7338
Nc1nc2nn(CCc3ccccc3)cc2c2nc(-c3ccco3)nn12,9.4701
CCCn1c(=O)c2nc(-c3ccc(OCC(=O)Nc4ccc(Cl)cc4)cc3)[nH]c2n(CCC)c1=O,6.7241
CCCn1c(=O)c2nc(-c3ccc(OCC(=O)Nc4ccc(I)cc4)cc3)[nH]c2n(CCC)c1=O,5.2890
CCCn1c(=O)c2nc(-c3ccc(OCC(=O)NN4C(=O)C(C)=C(C)C4=O)cc3)[nH]c2n(CCC)c1=O,5.7055
O=C(Cc1cccc2ccccc12)Nc1nc2nn(CCCc3ccccc3)cc2c2nc(-c3ccco3)nn12,6.5157
CCCn1c(=O)c2nc(-c3ccc(OCC(=O)NCc4ccccc4)cc3)[nH]c2n(CCC)c1=O,7.6617
CCCn1c(=O)c2nc(-c3ccc(OCC(=O)Nc4ccc(C(=O)O)cc4)cc3)[nH]c2n(CCC)c1=O,7.4089
O=C(Cc1ccccc1)Nc1nc2nn(CCc3ccccc3)cc2c2nc(-c3ccco3)nn12,7.3575
CCCCn1c(=O)c2nc(-c3ccc(OCC(=O)O)cc3)[nH]c2n(CCCC)c1=O,5.5952
Nc1nc2ccc(Cl)cc2c2nc(-c3ccco3)nn12,9.1248
CCCn1c(=O)c2nc(-c3ccc(OCC(=O)N(Cc4ccccc4)Cc4ccccc4)cc3)[nH]c2n(CCC)c1=O,6.1925
CCCn1c(=O)c2[nH]c(-c3ccc(OCC(=O)Nc4ccc(C#N)cc4)cc3)nc2n(CCC)c1=O,6.2984
O=C(COc1ccccc1)Nc1nc2nn(CCc3ccccc3)cc2c2nc(-c3ccco3)nn12,7.3979
O=C(Cc1cccc2ccccc12)Nc1nc2nn(CCc3ccccc3)cc2c2nc(-c3ccco3)nn12,7.2596
CCn1c(C#Cc2ccccc2)nc2c(N)ncnc21,6.2218
Nc1ncnc2c1ncn2[C@H]1[C@H](O)[C@H](O)[C@]2(CO)C[C@H]12,4.6478
CCNC(=O)[C@H]1O[C@@H](n2cnc3c(N)ncnc32)[C@H](O)[C@@H]1O,7.6990
Nc1ncnc2c1nc(/C=C/C(=O)c1ccccc1)n2[C@@H]1O[C@H](CO)[C@@H](O)[C@H]1O,4.3316
CCN(CC)C(=O)c1cc(N)c2nc(-c3ccc(Br)o3)nn2c1,6.5575
Nc1cc(C(=O)N2CCCC2)cn2nc(-c3ccc(Br)o3)nc12,7.4559
CN(C)C(=O)CN(C)C(=O)c1cc(N)c2nc(-c3ccc(Br)o3)nn2c1,7.6383
CNc1nc(C#C[C@@H](O)c2ccccc2)nc2c1ncn2[C@@H]1O[C@H](CO)[C@@H](O)[C@H]1O,6.7878
CCNc1nc(C#C[C@@H](O)c2ccccc2)nc2c1ncn2[C@@H]1O[C@H](CO)[C@@H](O)[C@H]1O,7.1938
CNc1nc(C#Cc2ccccc2)nc2c1ncn2[C@@H]1O[C@H](CO)[C@@H](O)[C@H]1O,5.0691
Nc1cc(C(=O)N2CCCCC2)cc2nc(-c3ccco3)nn12,7.5686
Nc1nc(C#CC(O)c2ccccc2)nc2c1ncn2[C@@H]1O[C@H](CO)[C@@H](O)[C@H]1O,8.1549
COC[C@H]1CCCN1C(=O)c1cc(N)c2nc(-c3ccc(Br)o3)nn2c1,7.2147
Cc1ccc(-c2nc3cc(C(=O)N4CCCCC4)cc(N)n3n2)o1,7.8539
CCCCC#Cc1nc(NCC)c2ncn([C@@H]3O[C@H](CO)[C@@H](O)[C@H]3O)c2n1,6.5735
CCNc1nc(C#Cc2ccccc2)nc2c1ncn2C1O[C@H](CO)[C@@H](O)[C@H]1O,5.3516
CCNC(=O)[C@H]1O[C@@H](n2cnc3c(N)nc(C#CC(O)c4ccccc4)nc32)[C@H](O)[C@@H]1O,8.5086
CCNC(=O)[C@H]1O[C@@H](n2cnc3c(N)nc(C#C[C@H](O)c4ccccc4)nc32)[C@H](O)[C@@H]1O,7.4089
Cc1ccc(-c2nc3c(N)cc(C(=O)N4CCCC4)cn3n2)o1,7.1192
CC1CCCCN1C(=O)c1cc(N)n2nc(-c3ccc(Br)o3)nc2c1,8.6990
CC1CCCN(C(=O)c2cc(N)c3nc(-c4ccc(Br)o4)nn3c2)C1,7.8239
CN(CCc1ccccc1)C(=O)c1cc(N)c2nc(-c3ccc(Br)o3)nn2c1,7.3010
CN(C)C(=O)CN(C)C(=O)c1cc(N)n2nc(-c3ccc(Br)o3)nc2c1,8.5229
CC1CCCN(C(=O)c2cc(N)n3nc(-c4ccc(Br)o4)nc3c2)C1,8.5229
CC(C)Nc1nc(C#CC(O)c2ccccc2)nc2c1ncn2[C@@H]1O[C@H](CO)[C@@H](O)[C@H]1O,7.0177
Nc1nc(C#C[C@@H](O)c2ccccc2)nc2c1ncn2[C@@H]1O[C@H](CO)[C@@H](O)[C@H]1O,8.7447
CC1CCCCN1C(=O)c1cc(N)c2nc(-c3ccc(Br)o3)nn2c1,7.2076
Nc1cc(C(=O)N2CCCC2)cc2nc(-c3ccccn3)nn12,7.2441
CNc1nc(C#CC(O)c2ccccc2)nc2c1ncn2[C@@H]1O[C@H](CO)[C@@H](O)[C@H]1O,6.5638
Nc1cc(C(=O)N2CCCC2)cc2nc(-c3ccc(Br)o3)nn12,8.0458
Nc1cc(C(=O)N2CCCC2)cc2nc(-c3ccco3)nn12,7.9586
CCOC(=O)c1cnc2c(cnn2CC(Cl)c2ccccc2)c1N1CCN(C)CC1,5.6696
CNc1nc(C#C[C@H](O)c2ccccc2)nc2c1ncn2[C@@H]1O[C@H](CO)[C@@H](O)[C@H]1O,5.8069
COC[C@H]1CCCN1C(=O)c1cc(N)n2nc(-c3ccc(Br)o3)nc2c1,8.6990
CCNc1nc(C#CC(O)c2ccccc2)nc2c1ncn2[C@@H]1O[C@H](CO)[C@@H](O)[C@H]1O,7.0269
CC(C)Nc1nc(C#C[C@H](O)c2ccccc2)nc2c1ncn2[C@@H]1O[C@H](CO)[C@@H](O)[C@H]1O,6.4895
Nc1cc(C(=O)N2CCCCC2)cn2nc(-c3ccc(Br)o3)nc12,7.5686
CCCN(C)C(=O)c1cc(N)n2nc(-c3ccc(Br)o3)nc2c1,8.2218
Nc1cc(C(=O)N2CCCC2)cc2nc(-c3cccs3)nn12,6.9830
Nc1nc2c(cnn2CCc2ccccc2)c2nc(-c3ccco3)nn12,8.6990
Nc1nc(C#C[C@H](O)c2ccccc2)nc2c1ncn2[C@@H]1O[C@H](CO)[C@@H](O)[C@H]1O,7.5376
Nc1cc(C(=O)N2CCCCC2)cn2nc(-c3ccco3)nc12,6.7212
CCNc1nc(C#C[C@H](O)c2ccccc2)nc2c1ncn2[C@@H]1O[C@H](CO)[C@@H](O)[C@H]1O,5.9278
CC1CCCN1C(=O)c1cc(N)n2nc(-c3ccc(Br)o3)nc2c1,8.3979
Nc1cc(C(=O)N2CCCCC2)cc2nc(-c3ccc(Br)o3)nn12,8.2218
CCN(CCc1ccccn1)C(=O)c1cc(N)n2nc(-c3ccc(Br)o3)nc2c1,8.3979
CN(CCc1ccccc1)C(=O)c1cc(N)n2nc(-c3ccc(Br)o3)nc2c1,8.3010
CCCCC#Cc1nc(NC)c2ncn([C@@H]3O[C@H](CO)[C@@H](O)[C@H]3O)c2n1,5.9101
CCN(CC)C(=O)C1CCCN(C(=O)c2cc(N)c3nc(-c4ccc(Br)o4)nn3c2)C1,7.3979
Nc1cc(C(=O)N2CCCC2)cn2nc(-c3ccccn3)nc12,6.7167
COC[C@@H]1CCCN1C(=O)c1cc(N)n2nc(-c3ccc(Br)o3)nc2c1,7.9208
CC(C)(C)OC(=O)C1CCCN1C[C@@H](O)[C@H](Cc1ccccc1)NC(=O)[C@H](CC(N)=O)NC(=O)OCc1ccccc1,8.1938
CCNC(=O)[C@H]1O[C@@H](n2cnc3c(N)nc(C#C[C@@H](O)c4ccccc4)nc32)[C@H](O)[C@@H]1O,8.6990
CCCN(C)C(=O)c1cc(N)c2nc(-c3ccc(Br)o3)nn2c1,7.3565
CCNC(=O)[C@H]1O[C@@H](n2cnc3c(N)nc(C#Cc4ccccc4)nc32)[C@H](O)[C@@H]1O,6.2076
CC1CCCN1C(=O)c1cc(N)c2nc(-c3ccc(Br)o3)nn2c1,7.5686
Nc1cc(C(=O)N2CCSCC2)cn2nc(-c3ccc(Br)o3)nc12,7.1367
Nc1nc(C#Cc2ccccc2)nc2c1ncn2[C@@H]1O[C@H](CO)[C@@H](O)[C@H]1O,6.4401
COC[C@@H]1CCCN1C(=O)c1cc(N)c2nc(-c3ccc(Br)o3)nn2c1,7.7959
Cc1ccc(-c2nc3c(N)cc(C(=O)N4CCCCC4)cn3n2)o1,7.2441
Cc1ccc(-c2nc3cc(C(=O)N4CCCC4)cc(N)n3n2)o1,7.7696
Nc1nc(NCCc2ccc(O)cc2)nc2nc(-c3ccco3)nn12,8.8386
CCCCC#Cc1nc(N)c2ncn([C@@H]3O[C@H](CO)[C@@H](O)[C@H]3O)c2n1,8.2441
Nc1cc(C(=O)N2CCSCC2)cc2nc(-c3ccc(Br)o3)nn12,8.0458
CCCCC#Cc1nc(NC(C)C)c2ncn([C@@H]3O[C@H](CO)[C@@H](O)[C@H]3O)c2n1,6.7077
Nc1cc(C(=O)N2CCCC2)cn2nc(-c3cccs3)nc12,6.7055
CCN(CC)C(=O)c1cc(N)n2nc(-c3ccc(Br)o3)nc2c1,8.5229
CCN(CC)C(=O)C1CCCN(C(=O)c2cc(N)n3nc(-c4ccc(Br)o4)nc3c2)C1,8.0969
CC(C)Nc1nc(C#Cc2ccccc2)nc2c1ncn2[C@@H]1O[C@H](CO)[C@@H](O)[C@H]1O,5.9586
CC(C)Nc1nc(C#C[C@@H](O)c2ccccc2)nc2c1ncn2[C@@H]1O[C@H](CO)[C@@H](O)[C@H]1O,7.3665
CCN(CCc1ccccn1)C(=O)c1cc(N)c2nc(-c3ccc(Br)o3)nn2c1,7.1192
Nc1cc(C(=O)N2CCCC2)cn2nc(-c3ccco3)nc12,7.2441
CCNC(=O)[C@H]1OC(n2cnc3c(NCCCCCCCCCCNc4ccc([N+](=O)[O-])c5nonc45)ncnc32)[C@H](O)[C@@H]1O,5.2147
CCNC(=O)[C@H]1OC(n2cnc3c(NCCCCCCNc4ccc([N+](=O)[O-])c5nonc45)ncnc32)[C@H](O)[C@@H]1O,5.2159
CCNC(=O)[C@H]1OC(n2cnc3c(NCCCCCCCCNc4ccc([N+](=O)[O-])c5nonc45)ncnc32)[C@H](O)[C@@H]1O,5.2928
CCNC(=O)[C@H]1OC(n2cnc3c(NCCNc4ccc([N+](=O)[O-])c5nonc45)ncnc32)[C@H](O)[C@@H]1O,5.1707
CCCCn1cnc2c1c(=O)[nH]c(=O)n2CCC,4.8601
CCCCn1cnc2c1c(=O)n(C)c(=O)n2CCC,5.5086
CCCCn1c(=O)c2c(ncn2C)n(CCC)c1=O,5.8539
CCCn1c(=O)c2nc[nH]c2n(CCC)c1=O,7.3010
Cn1c(=O)c2nc[nH]c2n(C)c1=O.O,5.1739
CCn1c(=O)n(C)c(=O)c2[nH]cnc21,5.3279
CCCCn1c(=O)n(C)c(=O)c2[nH]cnc21,5.8861
CCCn1cnc2c1c(=O)n(C)c(=O)n2CCC,5.3010
CCCCn1c(=O)c2nc[nH]c2n(CCC)c1=O,7.5229
CCCn1c(=O)n(C)c(=O)c2c1ncn2CC,5.2291
CCn1c(=O)[nH]c2[nH]cnc2c1=O,4.0168
CCn1c(=O)c2nc[nH]c2n(C)c1=O,4.8182
CCCn1c(=O)n(C)c(=O)c2[nH]cnc21,5.7959
CCCn1c(=O)n(CC)c(=O)c2c1ncn2C,5.1192
CCCn1c(=O)[nH]c(=O)c2c1ncn2C,4.5607
CCCn1c(=O)[nH]c(=O)c2c1ncn2CC,5.0809
Cn1c(=O)[nH]c2[nH]cnc2c1=O,4.1198
CCCn1cnc2c1c(=O)[nH]c(=O)n2CCC,4.8097
CCn1c(=O)[nH]c(=O)c2[nH]cnc21,4.1599
CCCn1c(=O)[nH]c(=O)c2nc[nH]c21,4.8188
CCCn1c(=O)c2c(ncn2C)n(CCC)c1=O,6.2218
CCCCn1c(=O)[nH]c2[nH]cnc2c1=O,4.3625
CCCn1c(=O)n(C)c(=O)c2c1ncn2C,4.9747
CCCn1c(=O)[nH]c2[nH]cnc2c1=O,4.2076
CCCCn1c(=O)[nH]c(=O)c2[nH]cnc21,5.0809
CCCn1c(=O)c2nc[nH]c2n(C)c1=O,5.0177
CCCCn1c(=O)c2nc[nH]c2n(C)c1=O,5.1192
CCCn1c(=O)n(CC)c(=O)c2[nH]cnc21,5.8861
COc1ccc2c(O)cc(-c3ccccc3)nc2n1,5.8539
Oc1cc(-c2ccccc2)nc2nc(F)ccc12,6.7696
Oc1cc(-c2ccccc2)nc2nc(Cl)ccc12,7.0000
Cc1ccc2c(NN)cc(-c3ccccc3)nc2n1,5.7447
Cc1ccc2c(O)cc(-c3cccc([N+](=O)[O-])c3)nc2n1,5.8525
CN(C)c1ccc2c(O)cc(-c3ccccc3)nc2n1,5.7622
CCCn1c(=O)c2[nH]c(C3CCCC3)nc2n(CCC)c1=O,6.6155
Cc1ccc2c(O)cc(-c3ccc(F)cc3)nc2n1,6.2007
Cc1ccc2c(N(C)C)cc(-c3ccccc3)nc2n1,5.1549
Oc1cc(-c2ccccc2)nc2nc(NC3CCCCC3)ccc12,5.6858
Cc1ccc2c(O)ccnc2n1,5.7447
Cc1ccc2c(O)cc(-c3ccc(N)cc3)nc2n1,6.6298
Oc1cc(-c2ccccc2)nc2nc(Oc3ccccc3)ccc12,5.7212
CCOc1cc(-c2ccccc2)nc2c1ccc(=O)n2CC,5.2814
CCOc1ccc2c(=O)cc(-c3ccccc3)n(CC)c2n1,5.8539
CC(=O)Nc1ccc(-c2cc(O)c3ccc(C)nc3n2)cc1,5.7171
Cn1c(=O)ccc2c(O)cc(-c3ccccc3)nc21,5.1871
CCCc1cc(O)c2ccc(C)nc2n1,6.0229
Oc1cc(-c2ccccc2)nc2nc(Br)ccc12,7.1805
Cc1ccc2c(S)cc(-c3ccccc3)nc2n1,5.9031
Cc1ccc2c(O)cc(-c3ccccc3)nc2n1,6.3372
CCOc1cc(-c2ccccc2)nc2nc(Br)ccc12,5.7754
Cc1ccc2c(NC3CCCCC3)cc(-c3ccccc3)nc2n1,6.0809
CSc1cc(-c2ccccc2)nc2nc(C)ccc12,5.8389
Cc1ccc2c(O)cc(-c3cccc(N)c3)nc2n1,6.2622
Cc1cc(O)c2ccc(N)nc2n1,5.1249
Cc1ccc2c(N)cc(-c3ccccc3)nc2n1,6.3768
Oc1cc(-c2ccccc2)nc2ncccc12,5.6990
CCOc1ccc2c(O)cc(-c3ccccc3)nc2n1,5.8239
Cc1ccc2c(O)cc(-c3ccc([N+](=O)[O-])cc3)nc2n1,6.3372
Cc1ccc2c(O)cc(-c3ccccc3F)nc2n1,6.3279
Nc1ccc2c(O)cc(-c3ccccc3)nc2n1,5.2291
CCCn1c(=O)c2nn(-c3ccc(Cl)cc3N)nc2n(CCC)c1=O,4.5391
CNC(=O)[C@H]1S[C@@H](n2cnc3c(NCc4cccc(I)c4)nc(Cl)nc32)[C@H](O)[C@@H]1O,6.6517
Cn1c(=O)c2c(nnn2C2CC3CCC2C3)n(C)c1=O,5.3468
Cn1c(=O)c2c(nnn2-c2ccc(Cl)cc2N)n(C)c1=O,4.3372
CCCn1c(=O)c2nn(C3CCCCC3)nc2n(CCC)c1=O,4.6635
Cn1c(=O)c2c(ncn2C)n(C)c1=O,4.6308
Cn1c(=O)c2c(nnn2C2CCCCC2)n(C)c1=O,5.0757
CNC(=O)[C@H]1S[C@@H](n2cnc3c(N)nc(Cl)nc32)[C@H](O)[C@@H]1O,6.8013
Cn1c(=O)c2nn(C3CC4CCC3C4)nc2n(C)c1=O,4.3098
CCCn1c(=O)c2c(nnn2C2CCCCC2)n(CCC)c1=O,4.6402
CNC(=O)[C@H]1O[C@@H](n2cnc3c(NCc4cccc(I)c4)nc(Cl)nc32)[C@H](O)[C@@H]1O,5.2708
Cn1nc2c(=O)n(C)c(=O)n(C)c2n1,4.2774
CCCn1c(=O)c2nn(C3CCCC3)nc2n(CCC)c1=O,4.8861
CCCn1c(=O)c2c(nnn2C2CCCCC2O)n(CCC)c1=O,4.8697
Cn1c(=O)c2c(nnn2C2CCCC2)n(C)c1=O,3.5346
Cn1c(=O)c2nn(C3CCCCC3)nc2n(C)c1=O,3.6021
CNC(=O)[C@H]1S[C@@H](n2cnc3c(NC)nc(Cl)nc32)[C@H](O)[C@@H]1O,7.6990
Cn1c(=O)c2nn(C3CCCC3)nc2n(C)c1=O,4.2366
CCCn1c(=O)c2c(nnn2C2CCCC2)n(CCC)c1=O,5.0000
CCNC(=O)[C@H]1O[C@@H](n2cnc3c(NCC(c4ccccc4)c4ccccc4)nc(N[C@@H]4CCC[C@H]4O)nc32)[C@H](O)[C@@H]1O,9.7959
CCNC(=O)[C@H]1O[C@@H](n2cnc3c(NCC(c4ccccc4)c4ccccc4)nc(NCCN4CCCCC4)nc32)[C@H](O)[C@@H]1O.O=C(O)C(F)(F)F,10.0969
CCNC(=O)[C@H]1O[C@@H](n2cnc3c(NCC(c4ccccc4)c4ccccc4)nc(NC4CCCC4)nc32)[C@H](O)[C@@H]1O,8.2076
CCCn1c(=O)c2nc(-c3ccccc3)[nH]c2n(CCC)c1=O,5.6778
OC[C@H]1O[C@@H](n2cnc3c(NCCc4cccc(Cl)c4)nc(NC4CCCC4)nc32)[C@H](O)[C@@H]1O,7.4089
Nc1nc(NC2CCCC2)nc2c1ncn2[C@@H]1O[C@H](CO)[C@@H](O)[C@H]1O,8.2924
OC[C@H]1O[C@@H](n2cnc3c(NCC(c4ccccc4)c4ccccc4)nc(NC4CCCC4)nc32)[C@H](O)[C@@H]1O,7.4437
Nc1nc(N[C@@H]2CCC[C@H]2O)nc2c1ncn2[C@@H]1O[C@H](CO)[C@@H](O)[C@H]1O,9.0969
Nc1nc(N[C@H]2CCC[C@@H]2O)nc2c1ncn2[C@@H]1O[C@H](CO)[C@@H](O)[C@H]1O,8.7447
CCNC(=O)[C@H]1O[C@@H](n2cnc3c(NCC(c4ccccc4)c4ccccc4)nc(N[C@H]4CC[C@H](N)CC4)nc32)[C@H](O)[C@@H]1O.O=C(O)C(F)(F)F,10.3010
OC[C@H]1O[C@@H](n2cnc3c(NC4CCC[C@@H]4O)nc(Cl)nc32)[C@H](O)[C@@H]1O,6.7670
CCNC(=O)[C@H]1O[C@@H](n2cnc3c(N)nc(NC4CCCC4)nc32)[C@H](O)[C@@H]1O,8.6576
CCNC(=O)[C@H]1O[C@@H](n2cnc3c(NCC(c4ccccc4)c4ccccc4)nc(NCCc4c[nH]cn4)nc32)[C@H](O)[C@@H]1O,10.5229
CCNC(=O)[C@H]1O[C@@H](n2cnc3c(N)nc(NC(CC)CC)nc32)[C@H](O)[C@@H]1O,7.0706
OC[C@H]1O[C@@H](n2cnc3c(NC4CCCC4)nc(Cl)nc32)[C@H](O)[C@@H]1O,5.6440
OC[C@H]1O[C@@H](n2cnc3c(NCc4cccc5ccccc45)nc(NC4CCCC4)nc32)[C@H](O)[C@@H]1O,7.6021
CCNC(=O)[C@H]1O[C@@H](n2cnc3c(N)nc(N[C@@H]4CCC[C@H]4O)nc32)[C@H](O)[C@@H]1O,10.0000
NC(=O)/N=N/Nc1nc(N)c2ncn([C@@H]3O[C@H](CO)[C@@H](O)[C@H]3O)c2n1,7.0555
Cc1cccc(-n2nc3c(N)nc4ccccc4n3c2=O)c1,7.8356
Nc1cccc2c1nc(N)c1nn(-c3ccccc3)c(=O)n12,7.7282
Cc1ccc(-n2nc3c(N)nc4ccccc4n3c2=O)cc1,7.0665
Nc1nc(/N=N/NC(=O)Nc2nccs2)nc2c1ncn2[C@@H]1O[C@H](CO)[C@@H](O)[C@H]1O,7.6021
Nc1nc(/N=N/NC(=O)NCc2ccccc2)nc2c1ncn2[C@@H]1O[C@H](CO)[C@@H](O)[C@H]1O,7.6021
Nc1nc(/N=N/NC(=O)Nc2ccccc2Cl)nc2c1ncn2[C@@H]1O[C@H](CO)[C@@H](O)[C@H]1O,7.3468
Nc1nc(/N=N/NC(=O)Nc2ccccc2)nc2c1ncn2[C@@H]1O[C@H](CO)[C@@H](O)[C@H]1O,7.6021
Nc1nc(N=O)nc2c1ncn2[C@@H]1O[C@H](CO)[C@@H](O)[C@H]1O,6.1427
O=c1n(-c2ccccc2)nc2c(NC3CCCCC3)nc3ccccc3n12,5.8633
O=c1n(-c2cccc(F)c2)nc2c(NC3CCCCC3)nc3ccccc3n12,7.1805
O=C(N/N=N/c1nc(Nc2ccccc2)c2ncn([C@@H]3O[C@H](CO)[C@@H](O)[C@H]3O)c2n1)Nc1ccccc1,7.6144
O=C(N/N=N/c1nc(NCC(c2ccccc2)c2ccccc2)c2ncn([C@@H]3O[C@H](CO)[C@@H](O)[C@H]3O)c2n1)Nc1ccccc1,6.0088
Nc1nc(/N=N/NC(=O)NC2CCCCC2)nc2c1ncn2[C@@H]1O[C@H](CO)[C@@H](O)[C@H]1O,7.6021
Nc1nc2ccccc2n2c(=O)n(-c3ccccc3)nc12,7.3098
CCNC(=O)/N=N/Nc1nc(N)c2ncn([C@@H]3O[C@H](CO)[C@@H](O)[C@H]3O)c2n1,7.7212
Nc1nc2c(NCc3ccccc3)cccc2n2c(=O)n(-c3ccccc3)nc12,8.1871
Nc1nc2ccccc2n2c(=O)n(-c3cccc(F)c3)nc12,7.1427
COc1ccccc1NC(=O)/N=N/Nc1nc(N)c2ncn([C@@H]3O[C@H](CO)[C@@H](O)[C@H]3O)c2n1,6.9031
Nc1nc(/N=N/c2ccccc2)nc2c1ncn2[C@@H]1O[C@H](CO)[C@@H](O)[C@H]1O,6.7447
COc1ccc(-n2nc3c(N)nc4ccccc4n3c2=O)cc1,6.4248
Nc1nc(/N=N/NC(=O)c2ccccc2)nc2c1ncn2[C@@H]1O[C@H](CO)[C@@H](O)[C@H]1O,6.0000
COc1ccc(NC(=O)/N=N/Nc2nc(N)c3ncn([C@@H]4O[C@H](CO)[C@@H](O)[C@H]4O)c3n2)cc1,7.6021
O=C(N/N=N/c1nc(NC2CCCC2)c2ncn([C@@H]3O[C@H](CO)[C@@H](O)[C@H]3O)c2n1)Nc1ccccc1,6.6778
CCNC(=O)[C@H]1O[C@@H](n2cnc3c(N)nc(NCCc4ccc(CCC(=O)O)cc4)nc32)[C@H](O)[C@@H]1O,7.5686
COc1cc(OC)cc(C(CNc2ncnc3c2ncn3[C@@H]2O[C@H](CO)[C@@H](O)[C@H]2O)c2ccccc2C)c1,7.4449
N=C(N)NC(=O)c1nc(Cl)c(N)nc1N,4.9355
COC(=O)C1=C(C)NC(C)=C(C(=O)OC)C1c1ccccc1[N+](=O)[O-],4.6536
O=c1c(O)c(-c2ccccc2)oc2cc(O)cc(O)c12,4.7423
CNC(=O)[C@H]1O[C@@H](n2cnc3c(NCc4cccc(I)c4)ncnc32)[C@H](O)[C@@H]1O,6.2924
CCOC(=O)c1sc(SCc2ccccc2)c2c1CCCC2=O,4.1391
CC(=O)Oc1cccc2c1Cc1sc(N)nc1-2.I,1.8000
COc1cc2c(cc1OC)-c1nc(N)sc1C2.I,12.0000
COc1ccc2c(c1)CCc1sc(N)nc1-2.I,7.5229
CC(=O)Oc1ccc2c(c1)CCc1sc(N)nc1-2.I,7.6383
Cc1cn2c(NC3CCCC3)nc(-c3ccccc3)nc2n1,5.3872
NC[C@H]1[C@@H](O)[C@H](n2cnc3c(NCc4cccc(I)c4)ncnc32)O[C@@H]1CO,7.2291
NCCNC(=O)[C@H]1O[C@@H](n2cnc3c(N)ncnc32)[C@H](O)[C@@H]1O,7.2902
CCc1cn2c(NC(=O)C3CCCC3)nc(-c3ccccc3)nc2n1,5.5850
NC[C@H]1O[C@@H](n2cnc3c(N)ncnc32)[C@H](O)[C@@H]1O,6.3080
Nc1ccc(CCCn2ncc3c2nc(N)n2nc(-c4ccco4)nc32)cc1,9.6576
O=C(Nc1nc(-c2ccccc2)nc2nc(-c3ccccc3)cn12)C1CCCC1,5.6021
CC(=O)Nc1nc(-c2ccccc2)nc2nc(-c3ccccc3)cn12,5.4949
N[C@H]1[C@@H](O)[C@H](n2cnc3c(NCc4cccc(I)c4)ncnc32)O[C@@H]1CO,7.1938
Cc1cn2c(NC(=O)C3CCCC3)nc(-c3ccccc3)nc2n1,5.3665
Cc1cn2c(N)nc(-c3ccccc3)nc2n1,6.1662
Nc1ncnc2c1ncn2[C@@]12C[C@H]1[C@H](CO)[C@@H](O)[C@H]2O,4.0000
CCCCn1cc2c(nc(NC(=O)Nc3ccc(Br)cc3)n3nc(-c4ccco4)nc23)n1,7.1805
CCn1cc2c(nc(NC(=O)Cc3ccccc3)n3nc(-c4ccco4)nc23)n1,6.4750
COc1ccc(NC(=O)Nc2nc3nn(C)cc3c3nc(-c4ccco4)nn23)cc1,5.8570
CCCn1cc2c(nc(NC(=O)Nc3ccc(Cl)c(Cl)c3)n3nc(-c4ccco4)nc23)n1,6.3969
O=C(Nc1cccc(Cl)c1)Nc1nc2ccc(Cl)cc2c2nc(-c3ccco3)nn12,8.0223
CCCn1cc2c(nc(NC(=O)Nc3ccc(F)cc3)n3nc(-c4ccco4)nc23)n1,7.3768
CCCCn1cc2c(nc(NC(=O)Nc3ccc(F)cc3)n3nc(-c4ccco4)nc23)n1,7.3010
Cn1cc2c(nc(NC(=O)Nc3ccc(S(=O)(=O)O)cc3)n3nc(-c4ccco4)nc23)n1,6.2262
Cn1cc2c(nc(NC(=O)Nc3ccc(Cl)c(Cl)c3)n3nc(-c4ccco4)nc23)n1,6.8447
Cn1cc2c(nc(NC(=O)Nc3ccc(Br)cc3)n3nc(-c4ccco4)nc23)n1,7.0000
CCCCn1cc2c(nc(NC(=O)Nc3ccc(Cl)cc3)n3nc(-c4ccco4)nc23)n1,6.9547
CCn1cc2c(nc(NC(=O)Nc3ccc4c(c3)OCO4)n3nc(-c4ccco4)nc23)n1,6.2396
CCCn1cc2c(nc(NC(=O)Nc3ccc(C(F)(F)F)cc3)n3nc(-c4ccco4)nc23)n1,7.4685
CCCCn1cc2c(nc(NC(=O)Nc3cccc(Cl)c3)n3nc(-c4ccco4)nc23)n1,7.0223
CCn1cc2c(nc(NC(=O)Nc3ccc(F)cc3)n3nc(-c4ccco4)nc23)n1,7.2218
CCCCn1cc2c(nc(NC(=O)Nc3ccccc3Cl)n3nc(-c4ccco4)nc23)n1,7.0000
CCCCn1cc2c(nc(NC(=O)Nc3ccc([N+](=O)[O-])cc3)n3nc(-c4ccco4)nc23)n1,6.2984
CCCn1cc2c(nc(NC(=O)Nc3ccc(OC)cc3)n3nc(-c4ccco4)nc23)n1,6.8539
CCn1cc2c(nc(NC(=O)Nc3ccc(C(F)(F)F)cc3)n3nc(-c4ccco4)nc23)n1,7.2757
COc1cccc(NC(=O)Nc2nc3nn(C)cc3c3nc(-c4ccco4)nn23)c1,6.7959
CCCn1cc2c(nc(NC(=O)Nc3ccc(S(=O)(=O)O)cc3)n3nc(-c4ccco4)nc23)n1,6.5157
CCCn1cc2c(nc(NC(=O)Nc3ccccc3)n3nc(-c4ccco4)nc23)n1,7.2076
CCCn1cc2c(nc(NC(=O)Nc3ccccc3Cl)n3nc(-c4ccco4)nc23)n1,6.9172
CCCCn1cc2c(nc(NC(=O)Nc3ccccc3OC)n3nc(-c4ccco4)nc23)n1,7.0410
Nc1nc(NC(=O)CCC2CCCC2)nc2c1ncn2[C@@H]1O[C@H](CO)[C@@H](O)[C@H]1O,5.6990
CCn1cc2c(nc(NC(=O)Nc3cccc(OC)c3)n3nc(-c4ccco4)nc23)n1,6.8539
Cn1cc2c(nc(NC(=O)Nc3ccccc3Cl)n3nc(-c4ccco4)nc23)n1,6.6990
CCCn1cc2c(nc(NC(=O)Nc3cccc(OC)c3)n3nc(-c4ccco4)nc23)n1,6.9469
CCCn1cc2c(nc(NC(=O)Nc3ccc([N+](=O)[O-])cc3)n3nc(-c4ccco4)nc23)n1,5.9527
CCNc1nc(NC(=O)CC2CCCCC2)nc2c1ncn2[C@@H]1O[C@H](CO)[C@@H](O)[C@H]1O,5.1107
CCCCn1cc2c(nc(NC(=O)Nc3ccc(OC)cc3)n3nc(-c4ccco4)nc23)n1,7.0969
CCCn1cc2c(nc(NC(=O)Nc3ccc(Br)cc3)n3nc(-c4ccco4)nc23)n1,7.3010
CCCCn1cc2c(nc(NC(=O)Nc3cccc(OC)c3)n3nc(-c4ccco4)nc23)n1,7.0223
Cn1cc2c(nc(NC(=O)Nc3ccc([N+](=O)[O-])cc3)n3nc(-c4ccco4)nc23)n1,6.1580
CCCn1cc2c(nc(NC(=O)Nc3ccc(C)cc3)n3nc(-c4ccco4)nc23)n1,7.9208
CCCn1cc2c(nc(NC(=O)Nc3ccc(Cl)cc3)n3nc(-c4ccco4)nc23)n1,6.8539
Nc1nc(NC(=O)C2CCCCC2)nc2c1ncn2[C@@H]1O[C@H](CO)[C@@H](O)[C@H]1O,5.7496
CCn1cc2c(nc(NC(=O)Nc3ccccc3)n3nc(-c4ccco4)nc23)n1,7.3979
CCCn1cc2c(nc(NC(=O)Nc3ccc4c(c3)OCO4)n3nc(-c4ccco4)nc23)n1,6.1759
Cn1cc2c(nc(NC(=O)Nc3ccc4c(c3)OCO4)n3nc(-c4ccco4)nc23)n1,6.1675
Cn1cc2c(nc(NC(=O)Nc3ccc(C(F)(F)F)cc3)n3nc(-c4ccco4)nc23)n1,6.8539
CCCCn1cc2c(nc(NC(=O)Nc3ccc(C)cc3)n3nc(-c4ccco4)nc23)n1,7.6198
CCCn1cc2c(nc(NC(=O)Nc3ccccc3OC)n3nc(-c4ccco4)nc23)n1,7.0000
CCn1cc2c(nc(NC(=O)Nc3ccc([N+](=O)[O-])cc3)n3nc(-c4ccco4)nc23)n1,6.2118
CCn1cc2c(nc(NC(=O)Nc3ccc(OC)cc3)n3nc(-c4ccco4)nc23)n1,5.9830
Cn1cc2c(nc(NC(=O)Nc3ccc(F)cc3)n3nc(-c4ccco4)nc23)n1,6.9208
COc1ccccc1NC(=O)Nc1nc2nn(C)cc2c2nc(-c3ccco3)nn12,6.7447
CCn1cc2c(nc(NC(=O)Nc3ccc(Cl)c(Cl)c3)n3nc(-c4ccco4)nc23)n1,6.4535
Nc1nc(NC(=O)CCc2ccccc2)nc2c1ncn2[C@@H]1O[C@H](CO)[C@@H](O)[C@H]1O,5.3401
Nc1nc(NC(=O)CC2CCCCC2)nc2c1ncn2[C@@H]1O[C@H](CO)[C@@H](O)[C@H]1O,5.6180
O=C(CCc1ccccc1)Nc1nc(NC2CCCC2)c2ncn([C@@H]3O[C@H](CO)[C@@H](O)[C@H]3O)c2n1,5.2472
CCCCn1cc2c(nc(NC(=O)Nc3ccc(Cl)c(Cl)c3)n3nc(-c4ccco4)nc23)n1,6.3054
CCCCn1cc2c(nc(NC(=O)Nc3ccccc3)n3nc(-c4ccco4)nc23)n1,6.8297
CCCCn1cc2c(nc(NC(=O)Nc3ccc(C(F)(F)F)cc3)n3nc(-c4ccco4)nc23)n1,7.5086
CCCn1cc2c(nc(NC(=O)Nc3cccc(Cl)c3)n3nc(-c4ccco4)nc23)n1,5.9136
COc1ccc(NC(=O)Nc2nc3ccc(Cl)cc3c3nc(-c4ccco4)nn23)cc1,8.0269
Cc1ccc(NC(=O)Nc2nc3nn(C)cc3c3nc(-c4ccco4)nn23)cc1,6.9586
CCNC(=O)[C@H]1O[C@@H](n2cnc3c(N)nc(NC(=O)CCC4CCCC4)nc32)[C@H](O)[C@@H]1O,4.9666
CCn1cc2c(nc(NC(=O)Nc3ccc(Cl)cc3)n3nc(-c4ccco4)nc23)n1,6.7959
Nc1nc(NC(=O)/C=C/c2ccccc2)nc2c1ncn2[C@@H]1O[C@H](CO)[C@@H](O)[C@H]1O,5.3872
Nc1nc(NC(=O)CCCC2CCCCC2)nc2c1ncn2[C@@H]1O[C@H](CO)[C@@H](O)[C@H]1O,5.7122
O=C(CCC1CCCC1)Nc1nc(NC2CCCC2)c2ncn([C@@H]3O[C@H](CO)[C@@H](O)[C@H]3O)c2n1,5.6615
CCn1cc2c(nc(NC(=O)Nc3ccccc3OC)n3nc(-c4ccco4)nc23)n1,6.8761
CCCn1cc2c(nc(NC(=O)Cc3ccccc3)n3nc(-c4ccco4)nc23)n1,6.5143
CCn1cc2c(nc(NC(=O)Nc3cccc(Cl)c3)n3nc(-c4ccco4)nc23)n1,6.7447
Cn1cc2c(nc(NC(=O)Nc3ccc(Cl)cc3)n3nc(-c4ccco4)nc23)n1,6.7447
CCn1cc2c(nc(NC(=O)Nc3ccc(S(=O)(=O)O)cc3)n3nc(-c4ccco4)nc23)n1,6.6038
CCCCn1cc2c(nc(NC(=O)Nc3ccc(S(=O)(=O)O)cc3)n3nc(-c4ccco4)nc23)n1,6.4535
CCn1cc2c(nc(NC(=O)Nc3ccc(Br)cc3)n3nc(-c4ccco4)nc23)n1,7.3979
Cn1cc2c(nc(NC(=O)Nc3cccc(Cl)c3)n3nc(-c4ccco4)nc23)n1,5.9226
CCCCn1cc2c(nc(NC(=O)Nc3ccc4c(c3)OCO4)n3nc(-c4ccco4)nc23)n1,6.4248
CCCCn1cc2c(nc(NC(=O)Cc3ccccc3)n3nc(-c4ccco4)nc23)n1,6.3979
CCn1cc2c(nc(NC(=O)Nc3ccc(C)cc3)n3nc(-c4ccco4)nc23)n1,7.5229
CCn1cc2c(nc(NC(=O)Nc3ccccc3Cl)n3nc(-c4ccco4)nc23)n1,6.8239
C[C@@]1(O)[C@H](O)[C@@H](CO)O[C@H]1n1cnc2c(NC3CCCC3)ncnc21,5.1215
C[C@H](Cc1ccccc1)Nc1ncnc2c1ncn2[C@@H]1O[C@H](CO)[C@@H](O)[C@H]1O,6.1249
C[C@@H](Cc1ccccc1)Nc1ncnc2c1ncn2[C@@H]1O[C@H](CO)[C@@H](O)[C@H]1O,5.7447
C[C@H](Cc1ccccc1)Nc1ncnc2c1ncn2[C@@H]1O[C@H](CO)[C@@H](O)[C@@]1(C)O,5.1284
C[C@@]1(O)[C@H](O)[C@@H](CO)O[C@H]1n1cnc2c(NC3CCCC3)nc(Cl)nc21,5.1798
OC[C@H]1O[C@@H](n2cnc3c(NCc4cccc(I)c4)ncnc32)[C@H](O)[C@@H]1O,6.9172
C[C@]1(O)C(n2cnc3c(N)nc(Cl)nc32)O[C@H](CO)[C@H]1O,5.5934
OC[C@H]1O[C@@H](n2cnc3c(NC4CCCC4)ncnc32)[C@H](O)[C@@H]1O,6.1002
CCNC(=O)[C@H]1O[C@@H](n2cnc3c(N)ncnc32)[C@](C)(O)[C@@H]1O,6.6596
C[C@@]1(O)[C@H](O)[C@@H](CO)O[C@H]1n1cnc2c(N)ncnc21,5.3513
C[C@@]1(O)[C@H](O)[C@@H](CO)O[C@H]1n1cnc2c(NCc3cccc(I)c3)ncnc21,6.1675
CNC(=O)[C@H]1OC(n2cnc3c(NCc4cccc(I)c4)ncnc32)[C@](C)(O)[C@@H]1O,5.8145
Nc1nc(Cl)nc2c1ncn2[C@@H]1O[C@H](CO)[C@@H](O)[C@H]1O,6.8328
CSc1c2c(nc(NC(=O)Cc3ccc(CC(C)C)cc3)n3nc(-c4ccco4)nc23)nn1C,7.3010
CCCSc1c2c(nc(N)n3nc(-c4ccco4)nc23)nn1C,8.6778
COc1ccc(NC(=O)Nc2nc3nn(C)c(SC)c3c3nc(-c4ccco4)nn23)cc1,8.1328
CCNc1c2c(nc(N)n3nc(-c4ccco4)nc23)nn1C,8.0000
COc1ccc(CC(=O)Nc2nc3nn(C)c(SC)c3c3nc(-c4ccco4)nn23)cc1,7.8239
CCNc1c2c(nc(NC(=O)Nc3ccc(OC)cc3)n3nc(-c4ccco4)nc23)nn1C.Cl,7.5053
CN1CCN(c2c3c(nc(N)n4nc(-c5ccco5)nc34)nn2C)CC1,6.8069
CSc1c2c(nc(NC(=O)Cc3ccc4c(c3)OCO4)n3nc(-c4ccco4)nc23)nn1C,8.0274
CSc1c2c(nc(N)n3nc(-c4ccco4)nc23)nn1CCCc1ccccc1,7.6576
CCNc1c2c(nc(NC(=O)Nc3ccc(OC)cc3)n3nc(-c4ccco4)nc23)nn1C,7.6778
CSc1c2c(nc(N)n3nc(-c4ccco4)nc23)nn1C,8.9208
CCNc1c2c(nc(NC(=O)Cc3ccc4c(c3)OCO4)n3nc(-c4ccco4)nc23)nn1C,7.2147
CN1CCN(c2c3c(nc(N)n4nc(-c5ccco5)nc34)nn2C)CC1.Cl.Cl,6.8697
CCNc1c2c(nc(N)n3nc(-c4ccco4)nc23)nn1C.Cl,7.6594
CC(=O)NCCNc1[nH]c(-c2ccccc2)nc2nc(C)c(C)c1-2,7.3188
CCCCc1nc2[nH]ncc2c2nc(-c3ccc(OC)cc3)nn12,5.5850
Cc1[nH]c2nc(-c3ccccc3)nc(N[C@@H]3CCCCNC3=O)c2c1C,5.6861
CCCCc1nc2[nH]cnc2c2nc(-c3ccc(OC)cc3)nn12,5.7959
Cc1[nH]c2nc(-c3ccccc3)nc(NCCN3CCNC3=O)c2c1C,6.2190
Cc1nc2nc(-c3ccccc3)[nH]c(N[C@H](CO)CC(C)C)c-2c1C,5.5712
Cc1[nH]c2nc(-c3ccccc3)nc(NCc3ccncc3)c2c1C,5.7667
CCCCc1nc2[nH]cnc2c2nc(-c3ccccc3)nn12,7.1487
Cc1nc2nc(-c3ccccc3)[nH]c(N[C@H](C)c3ccccc3)c-2c1C,5.4116
Cc1[nH]c2nc(-c3ccccc3)nc(N[C@H]3CC[C@H](O)CC3)c2c1C,5.8125
Cc1[nH]c2nc(-c3ccccc3)nc(N[C@@H]3Cc4ccccc4[C@H]3O)c2c1C,5.4924
CCCCc1nc2[nH]ncc2c2nc(-c3ccccc3)nn12,6.7212
COc1ccc(/C=N/N=C(\S)Cc2ccccc2)c(O)c1,7.0000
COc1cccc(-c2n[nH]c(Cc3ccccc3Br)n2)c1,7.6990
O=c1c(-c2ccc(O)cc2)nnc2n(Cc3ccccc3)c3ccccc3n12,5.9208
O=C(Nc1cccc(Cl)c1)Nc1nc2nn(CCc3ccccc3)cc2c2nc(-c3ccco3)nn12,6.9788
S/C(Cc1ccccc1)=N\N=C\c1ccc2ccccc2n1,5.9208
COc1cccc(-c2n[nH]c(Cc3ccc(Cl)c(Cl)c3)n2)c1OC,7.0458
Oc1ccc(-c2nnc3nc4ccccc4n3c2O)cc1O,5.4559
S/C(Cc1ccccc1)=N\N=C\c1ccccn1,7.0000
Nc1nc2nn(CCCc3ccccc3)cc2c2nc(-c3ccco3)nn12,9.7959
COc1cccc(-c2n[nH]c(Cc3ccc4ccccc4c3)n2)c1,7.0000
Oc1c(-c2cccs2)nnc2nc3ccccc3n12,5.9901
Oc1c(-c2ccco2)nnc2nc3ccccc3n12,7.0497
Cn1nc(-c2ccc(N=[N+]=[N-])cc2)nc1-c1cccc(CN2CC=CC2)c1,6.3979
Clc1ccc(Cc2n[nH]c(-c3cnccn3)n2)cc1Cl,7.2218
S/C(Cc1ccccc1)=N\N=C\c1cnc2ccccc2c1,5.6990
COc1cccc(-c2nc(Cc3ccc(C)c(C)c3)n[nH]2)c1,7.6990
Oc1c(-c2ccsc2)nnc2nc3ccccc3n12,5.3010
COc1ccc(NC(=O)Nc2nc3nn(CCc4ccccc4)cc3c3nc(-c4ccco4)nn23)cc1,6.9204
COc1cccc(-c2n[nH]c(Cc3cccc(F)c3F)n2)c1,7.6990
COc1cccc(-c2n[nH]c(CC3CCCCC3)n2)c1,6.1549
Oc1ccc(-c2nnc3nc4ccccc4n3c2O)cc1,5.8861
COc1cccc(-c2n[nH]c(Cc3ccc(Cl)c(Cl)c3)n2)c1,7.3979
S/C(Cc1ccccc1)=N\N=C\c1cccnc1,8.3010
Oc1c(-c2ccccc2)nnc2nc3ccccc3n12,5.5376
CCn1cc2c(nc(N)n3nc(-c4ccco4)nc23)n1,8.7100
CCCn1cc2c(nc(N)n3nc(-c4ccco4)nc23)n1,8.6002
Oc1ccc(OC(F)(F)F)cc1/C=N/N=C(\S)Cc1ccccc1,5.8539
COc1ccc(NC(=O)Nc2nc3nn(CCCc4ccccc4)cc3c3nc(-c4ccco4)nn23)cc1,5.9978
COc1cccc(-c2n[nH]c(Cc3cccc(Br)c3)n2)c1,8.0000
O=[N+]([O-])c1ccc(O)c(/C=N/N=C(\S)Cc2ccccc2)c1,8.0000
OC[C@H]1O[C@@H](n2cnc3c(NCc4cccc(I)c4)nc(Cl)nc32)[C@H](O)[C@@H]1O,6.5479
COc1cccc(-c2n[nH]c(Cc3ccc(F)c(F)c3)n2)c1,7.1549
COc1cc(/C=N/N=C(\S)Cc2ccccc2)c(O)c(OC)c1,5.3768
COc1ccc(O)c(/C=N/N=C(\S)Cc2ccccc2)c1,7.6990
COc1cccc(-c2n[nH]c(CCc3ccc(Cl)c(Cl)c3)n2)c1,6.0000
COc1cccc(-c2n[nH]c(Cc3cccc([N+](=O)[O-])c3)n2)c1,7.0969
COc1cccc(/C=N/N=C(\S)Cc2ccccc2)c1O,5.3279
Oc1ccccc1-c1n[nH]c(-c2ccccc2)n1,6.1549
O=C(Nc1cccc(Cl)c1)Nc1nc2nn(CCCc3ccccc3)cc2c2nc(-c3ccco3)nn12,6.6990
COc1cccc(-c2n[nH]c(-c3ccc(Cl)c(Cl)c3)n2)c1,6.1549
O=c1c(-c2ccco2)nnc2n(Cc3ccccc3)c3ccccc3n12,6.3574
c1cc(CN2CCCC2)cc(-c2n[nH]c(-c3ccc4c(c3)OCCO4)n2)c1,6.0000
Clc1ccc(Cc2n[nH]c(-c3ccc4c(c3)OCO4)n2)cc1Cl,7.0000
Cn1c2ccccc2n2c(=O)c(-c3ccco3)nnc12,5.3922
Nc1nc2c(cnn2CCCc2ccc(OCc3ccccc3)cc2)c2nc(-c3ccco3)nn12,6.5229
Nc1nc2c(cnn2CCc2ccc(OCc3ccccc3)cc2)c2nc(-c3ccco3)nn12,7.0458
Nc1nc2c(cnn2CCCc2ccccc2)c2nc(-c3ccco3)nn12,8.9208
Nc1nc2c(cnn2CCCc2ccc(O)cc2)c2nc(-c3ccco3)nn12,8.0000
Nc1nc2c(cnn2CCCc2ccc3c(c2)OCO3)c2nc(-c3ccco3)nn12,8.4815
Nc1nc2c(cnn2CCCc2ccc(O)c(O)c2)c2nc(-c3ccco3)nn12,7.2218
Nc1nc2c(cnn2Cc2ccc(OCc3ccccc3)cc2)c2nc(-c3ccco3)nn12,6.3010
COc1ccc(CCCn2ncc3c2nc(N)n2nc(-c4ccco4)nc32)cc1OC,8.5686
Nc1nc2c(cnn2CCc2ccc(O)cc2)c2nc(-c3ccco3)nn12,7.8539
Nc1nc2c(cnn2Cc2ccc(O)cc2)c2nc(-c3ccco3)nn12,6.8268
Nc1nc2ccccc2n2c(=O)n(-c3ccc(O)cc3)nc12,7.0969
CC(=O)Oc1ccc(-n2nc3c(=O)[nH]c4ccccc4n3c2=O)cc1,5.0132
Nc1ccc(-n2nc3c(N)nc4ccccc4n3c2=O)cc1,8.4437
Nc1nc2c([N+](=O)[O-])cccc2n2c(=O)n(-c3ccc(O)cc3)nc12,5.7959
COc1ccc(-n2nc3c(N)nc4c(N)cccc4n3c2=O)cc1,5.9792
Nc1nc2c([N+](=O)[O-])cccc2n2c(=O)n(-c3ccccc3)nc12,7.1203
CCOc1ccc(-n2nc3c(N)nc4ccccc4n3c2=O)cc1,4.8861
O=c1[nH]c2ccccc2n2c(=O)n(-c3ccc(O)cc3)nc12,5.1675
Nc1cccc2c1nc(N)c1nn(-c3ccc(O)cc3)c(=O)n12,6.7423
COc1ccc(-n2cc3c(n2)c(N)nc2ccccc23)cc1,5.7032
Cc1ccccc1-n1cc2c(n1)c(NC1CCCC1)nc1ccccc12,6.4828
Cl.Cn1cc2c(nc(NC(=O)Nc3ccncc3)n3nc(-c4ccco4)nc23)n1,7.0000
c1ccc(CNc2nc3ccccc3c3cn(-c4ccccc4)nc23)cc1,5.2676
CC(C)CCn1cc2c(nc(NC(=O)Nc3cccc(Cl)c3)n3nc(-c4ccco4)nc23)n1,6.9393
CC(C)CCn1cc2c(nc(N)n3nc(-c4ccco4)nc23)n1,9.1079
CC(C)=CCn1cc2c(nc(N)n3nc(-c4ccco4)nc23)n1,9.0969
Cc1cccc(-n2cc3c(n2)c(N)nc2ccccc23)c1,6.0340
COc1ccc(NC(=O)Nc2nc3n[nH]cc3c3nc(-c4ccco4)nn23)cc1,6.2840
COc1ccc(NC(=O)Nc2nc3nn(CC=C(C)C)cc3c3nc(-c4ccco4)nn23)cc1,5.9893
Nc1nc2nn(CCc3cc(Br)c(Br)cc3Br)cc2c2nc(-c3ccco3)nn12,6.4584
CC(C)=CCn1cc2c(nc(NC(=O)Nc3cccc(Cl)c3)n3nc(-c4ccco4)nc23)n1,6.9586
Nc1nc2ccccc2c2cn(-c3cccc(F)c3)nc12,7.3054
Fc1cccc(-n2cc3c(n2)c(NC2CCCCC2)nc2ccccc23)c1,5.2403
c1ccc(CCNc2nc3ccccc3c3cn(-c4ccccc4)nc23)cc1,5.2966
CC(=O)Nc1nc2ccccc2c2cn(-c3ccccc3)nc12,5.6198
COc1ccc(NC(=O)Nc2nc3nn(C(C)(C)C)cc3c3nc(-c4ccco4)nn23)cc1,6.2636
Cc1ccccc1-n1cc2c(n1)c(N)nc1ccccc12,5.7959
Cc1cccc(-n2cc3c(n2)c(NC2CCCC2)nc2ccccc23)c1,5.9208
O=C(Nc1cccc(Cl)c1)Nc1nc2n[nH]cc2c2nc(-c3ccco3)nn12,6.6055
CCCCn1cc2c(nc(N)n3nc(-c4ccco4)nc23)n1,8.7959
CC(C)(C)n1cc2c(nc(N)n3nc(-c4ccco4)nc23)n1,7.3468
O=C(Nc1cccc(Cl)c1)Nc1nc2nn(CCc3cc(Br)c(Br)cc3Br)cc2c2nc(-c3ccco3)nn12,5.4437
Nc1nc2ccc(Cl)cc2c2cn(-c3ccccc3)nc12,5.2403
Cc1cccc(-n2cc3c(n2)c(NC2CCCCC2)nc2ccccc23)c1,4.9431
Nc1nc2n[nH]cc2c2nc(-c3ccco3)nn12,7.6990
CC(C)(C)n1cc2c(nc(NC(=O)Nc3cccc(Cl)c3)n3nc(-c4ccco4)nc23)n1,6.0991
Clc1ccc2nc(NC3CCCCC3)c3nn(-c4ccccc4)cc3c2c1,5.3830
C=CCn1cc2c(nc(NC(=O)Nc3ccc(OC)cc3)n3nc(-c4ccco4)nc23)n1,6.7545
COc1ccc(NC(=O)Nc2nc3nn(CCc4cc(Br)c(Br)cc4Br)cc3c3nc(-c4ccco4)nn23)cc1,5.6925
Nc1nc2ccccc2c2cn(-c3ccccc3)nc12,7.0410
COc1ccc(NC(=O)Nc2nc3nn(CCc4cccc5ccccc45)cc3c3nc(-c4ccco4)nn23)cc1,5.4868
Fc1cccc(-n2cc3c(n2)c(NC2CCCC2)nc2ccccc23)c1,5.6556
COc1ccc(NC(=O)Nc2nc3nn(CCC(C)C)cc3c3nc(-c4ccco4)nn23)cc1,7.1871
O=c1[nH]c2ccccc2c2cn(-c3ccccc3)nc12,5.0655
c1ccc(-n2cc3c(n2)c(NC2CCCCC2)nc2ccccc23)cc1,5.4202
Cn1cc2c(nc(NC(=O)Nc3ccncc3)n3nc(-c4ccco4)nc23)n1,7.2045
Nc1nc2nn(CCc3cccc4ccccc34)cc2c2nc(-c3ccco3)nn12,6.0477
Cn1cc2c(nc(N)n3nc(-c4ccco4)nc23)n1,8.5528
Nc1nc2ccccc2c2cn(-c3ccc(Cl)cc3)nc12,4.9508
c1ccc(-n2cc3c(n2)c(NC2CCCC2)nc2ccccc23)cc1,6.0711
COc1ccc(CCCn2ncc3c2nc(N)n2nc(-c4ccco4)nc32)cc1,8.3872
CCCCc1nc2[nH]ncc2c2nc(-c3cccc(Cl)c3)nn12,6.1192
CCCCc1nc2ccccc2c2nc(-c3ccc(O)cc3)nn12,5.2757
Cn1c(=O)c2c(nc(/C=C/c3cccc(Cl)c3)n2[11CH3])n(C)c1=O,7.2676
CCc1nc2[nH]ncc2c2nc(-c3ccccc3)nn12,6.5086
CCCCc1nc2[nH]ncc2c2nc(-c3ccccc3Cl)nn12,6.8861
CCCCc1nc2[nH]ncc2c2nc(-c3ccc(OCC)cc3)nn12,5.5686
CCCn1c(=O)c2c(nc(/C=C/c3ccc(OC)c(OC)c3)n2[11CH3])n(CCC)c1=O,9.0000
COc1ccc(-c2c(C#N)c(N)nc(SCc3ncc[nH]3)c2C#N)cc1,6.6696
C#CCn1c(=O)c2c(nc(/C=C/c3cccc(OC)c3)n2C)n(CCCO)c1=O,8.2692
N#Cc1c(N)nc(SCc2ncc[nH]2)c(C#N)c1-c1ccccc1,7.9901
COc1cccc(-c2c(C#N)c(N)nc(SCc3ncc[nH]3)c2C#N)c1,6.9788
N#Cc1c(N)nc(SCc2ncc[nH]2)c(C#N)c1-c1cccc(O)c1,7.6778
N#Cc1c(N)nc(SCc2ncc[nH]2)c(C#N)c1-c1ccc(O)cc1,7.5528
CCn1c(=O)c2c(nc3ccccn32)n(Cc2ccccc2)c1=O,6.2336
Nc1nc(I)nc2c1ncn2[C@@H]1O[C@H](CO)[C@@H](O)[C@H]1O,5.2676
C=CCn1c(=O)c2c(nc3ccccn32)n(Cc2ccccc2)c1=O,6.7932
CC(C)C/C=N/Nc1nc(N)c2ncn([C@@H]3O[C@H](CSC(C)C)[C@@H](O)[C@H]3O)c2n1,4.9830
CCCSC[C@H]1O[C@@H](n2cnc3c(N)nc(N/N=C/CC(C)C)nc32)[C@H](O)[C@@H]1O,4.8894
CCCn1c(=O)c2c(nc3ccccn32)n(Cc2ccccc2)c1=O,6.9245
CCCCC#Cc1nc(N)c2ncn([C@@H]3O[C@H](CSC(C)C)[C@@H](O)[C@H]3O)c2n1,5.4437
Nc1ncnc2c1ncn2[C@@H]1O[C@H](CO)[C@@H](O)[C@H]1O,6.1549
CCCCC#Cc1nc(N)c2ncn([C@@H]3O[C@H](CSC)[C@@H](O)[C@H]3O)c2n1,6.1549
CCCCC#Cc1nc(N)c2ncn([C@@H]3O[C@H](CSCCC)[C@@H](O)[C@H]3O)c2n1,6.0969
CCSC[C@H]1O[C@@H](n2cnc3c(N)nc(N/N=C/CC(C)C)nc32)[C@H](O)[C@@H]1O,5.1249
CCCn1c(=O)c2c(nc3cc(C(C)(C)C)ccn32)n(Cc2ccccc2)c1=O,6.4145
O=c1c2c(nc3ccccn32)n(Cc2ccccc2)c(=O)n1Cc1ccccc1,4.5884
CCCCC#Cc1nc(N)c2ncn([C@@H]3O[C@H](CSCC)[C@@H](O)[C@H]3O)c2n1,6.3010
O=c1c2c(nc3ccccn32)n(Cc2ccccc2)c(=O)n1CC1CC1,6.6162
CC(C)C/C=N/Nc1nc(N)c2ncn([C@@H]3O[C@H](CO)[C@@H](O)[C@H]3O)c2n1,5.9586
CSC[C@H]1O[C@@H](n2cnc3c(N)nc(N/N=C/CC(C)C)nc32)[C@H](O)[C@@H]1O,5.3010
C#CCn1c(=O)c2c(nc3ccccn32)n(Cc2ccccc2)c1=O,7.0177
Nc1nc(-c2cnn(CCc3ccccc3)c2)nc2c1ncn2[C@@H]1O[C@H](CO)[C@@H](O)[C@H]1O,5.2291
Nc1nc(N/N=C\C2CCCCC2)nc2c1ncn2[C@@H]1O[C@H](CO)[C@@H](O)[C@H]1O,7.6990
Nc1nc(-n2cc(C(=O)NCc3ccc(Cl)cc3)cn2)nc2c1ncn2[C@@H]1O[C@H](CO)[C@@H](O)[C@H]1O,6.1487
CNC(=O)c1cnn(-c2nc(N)c3ncn([C@@H]4O[C@H](CO)[C@@H](O)[C@H]4O)c3n2)c1,6.5272
CCCNC(=O)c1cnn(-c2nc(N)c3ncn([C@@H]4O[C@H](CO)[C@@H](O)[C@H]4O)c3n2)c1,6.9208
Nc1nc(-n2cc(C(=O)NC3CCCC3)cn2)nc2c1ncn2[C@@H]1O[C@H](CO)[C@@H](O)[C@H]1O,6.4202
CCOC(=O)CNC(=O)c1cnn(-c2nc(N)c3ncn([C@@H]4O[C@H](CO)[C@@H](O)[C@H]4O)c3n2)c1,6.0088
Nc1nc(-c2cnn(Cc3ccccc3)c2)nc2c1ncn2[C@@H]1O[C@H](CO)[C@@H](O)[C@H]1O,7.3126
NC(=O)c1cnn(-c2nc(N)c3ncn([C@@H]4O[C@H](CO)[C@@H](O)[C@H]4O)c3n2)c1,5.8697
Nc1nc(-c2cnn(CCCc3ccccc3)c2)nc2c1ncn2[C@@H]1O[C@H](CO)[C@@H](O)[C@H]1O,5.7799
COc1ccc(-c2cnn(-c3nc(N)c4ncn([C@@H]5O[C@H](CO)[C@@H](O)[C@H]5O)c4n3)c2)cc1,6.4865
CC(C)n1cc(-c2nc(N)c3ncn([C@@H]4O[C@H](CO)[C@@H](O)[C@H]4O)c3n2)cn1,5.0000
CCCCCn1cc(-c2nc(N)c3ncn([C@@H]4O[C@H](CO)[C@@H](O)[C@H]4O)c3n2)cn1,5.6696
Nc1nc(-c2cnn(CC3CCCCC3)c2)nc2c1ncn2[C@@H]1O[C@H](CO)[C@@H](O)[C@H]1O,6.0555
CCOC(=O)c1cnn(-c2nc(N)c3ncn([C@@H]4O[C@H](CO)[C@@H](O)[C@H]4O)c3n2)c1,5.8928
Cc1ccc(-c2cnn(-c3nc(N)c4ncn([C@@H]5O[C@H](CO)[C@@H](O)[C@H]5O)c4n3)c2)cc1,6.3098
Nc1nc(-n2cc(-c3ccc(Cl)cc3)cn2)nc2c1ncn2[C@@H]1O[C@H](CO)[C@@H](O)[C@H]1O,5.9508
Nc1nc(-c2cnn(CCC3CCCCC3)c2)nc2c1ncn2[C@@H]1O[C@H](CO)[C@@H](O)[C@H]1O,5.4647
CCNC(=O)c1cnn(-c2nc(N)c3ncn([C@@H]4O[C@H](CO)[C@@H](O)[C@H]4O)c3n2)c1,6.4202
CC(C)(C)c1ccc(Cn2cc(-c3nc(N)c4ncn([C@@H]5O[C@H](CO)[C@@H](O)[C@H]5O)c4n3)cn2)cc1,5.6162
OC[C@H]1O[C@@H](n2cnc3c(NC4CCCCC4)ncnc32)[C@H](O)[C@@H]1O,6.1249
CN(C)C(=O)c1cnn(-c2nc(N)c3ncn([C@@H]4O[C@H](CO)[C@@H](O)[C@H]4O)c3n2)c1,6.3565
C=CCCCn1cc(-c2nc(N)c3ncn([C@@H]4O[C@H](CO)[C@@H](O)[C@H]4O)c3n2)cn1,5.7670
Nc1nc(-c2cnn(CCCC3CCCCC3)c2)nc2c1ncn2[C@@H]1O[C@H](CO)[C@@H](O)[C@H]1O,5.1752
CCCn1c(=O)c2c(nc(/C=C/c3ccc(OC)c(OC)c3)n2C)n(CCC)c1=O,8.0744
CCCCc1nc2[nH]cnc2c2nc(-c3ccc(C(F)(F)F)cc3)nn12,7.5086
Nc1nc2c(cnn2CCCc2ccc(N(CCO)CCO)cc2)c2nc(-c3ccco3)nn12,8.9586
Cn1c(-c2cccc(C#N)c2)nc2c(N)nc(C#CC3(O)CCCCC3)nc21,7.8861
Nc1nc2c(cnn2CCCc2ccc3c(c2)OC(C(=O)[O-])(C(=O)[O-])O3)c2nc(-c3ccco3)nn12.[Na+].[Na+],6.9208
N/C(=N\O)c1ccc(CCn2ncc3c2nc(N)n2nc(-c4ccco4)nc32)cc1,9.7447
NCc1ccc(CCCn2ncc3c2nc(N)n2nc(-c4ccco4)nc32)cc1,9.8861
CCOC(=O)COc1ccc(CCn2ncc3c2nc(N)n2nc(-c4ccco4)nc32)cc1,9.3665
Nc1nc2c(cnn2CCCc2ccc(S(=O)(=O)O)cc2)c2nc(-c3ccco3)nn12,6.8539
Cn1c(-c2cccc(F)c2)nc2c(N)nc(C#CC3(O)CCCCCC3)nc21,7.7212
CCCCc1nc2[nH]cnc2c2nc(-c3cccc(OC)c3)nn12,7.1739
Nc1nc2c(cnn2CCc2ccc(S(=O)(=O)O)cc2)c2nc(-c3ccco3)nn12,7.0000
CCCCc1nc2[nH]cnc2c2nc(-c3ccc(OCC)cc3)nn12,5.8314
Cn1c(-c2ccco2)nc2c(N)nc(C#CC3(O)CCCCC3)nc21,7.9586
CCCCc1nc2[nH]cnc2c2nc(Cc3ccccc3)nn12,7.3279
CCCCc1nc2[nH]cnc2c2nc(-c3cccc(Cl)c3)nn12,7.2518
O=C(/C=C/c1c(-c2ccccc2)nn2ccccc12)N1CCCC[C@@H]1CCO,5.4165
Nc1nc2c(cnn2CCc2ccc(S(=O)(=O)N(CCCl)CCCl)cc2)c2nc(-c3ccco3)nn12,9.2291
CCCc1nc2[nH]cnc2c2nc(-c3ccccc3)nn12,6.9208
Nc1nc2c(cnn2CCc2ccc(S(N)(=O)=O)cc2)c2nc(-c3ccco3)nn12,8.8827
CCCCc1nc2[nH]cnc2c2nc(-c3cccc(C)c3)nn12,6.7258
Nc1nc2c(cnn2CCc2ccc(S(=O)(=O)N(CCO)CCO)cc2)c2nc(-c3ccco3)nn12,9.0969
Nc1nc2c(cnn2CCc2ccc(S(=O)(=O)NCC(=O)O)cc2)c2nc(-c3ccco3)nn12,7.3010
Nc1nc2c(cnn2CCCc2ccc([N+](=O)[O-])cc2)c2nc(-c3ccco3)nn12,9.0000
N=C(N)c1ccc(CCCn2ncc3c2nc(N)n2nc(-c4ccco4)nc32)cc1,8.3565
Cc1nc2[nH]cnc2c2nc(-c3ccccc3)nn12,6.2596
CCOC(=O)c1ccc(CCCn2ncc3c2nc(N)n2nc(-c4ccco4)nc32)cc1,8.3979
CCCCc1nc2[nH]cnc2c2nc(-c3ccccc3Cl)nn12,7.7447
CCCCc1nc2[nH]cnc2c2nc(-c3ccc(C)cc3)nn12,6.7447
COC(=O)C1=C2C=CN(C)C=C2c2nc(-c3ccccc3)nn2C1,4.5607
CN1CCN(S(=O)(=O)c2ccc(CCn3ncc4c3nc(N)n3nc(-c5ccco5)nc43)cc2)CC1,8.4202
Nc1nc2c(cnn2CCCc2ccc3c(c2)OC(C(=O)O)(C(=O)O)O3)c2nc(-c3ccco3)nn12,6.9208
CCCCc1nc2[nH]cnc2c2nc(-c3ccco3)nn12,6.6778
CCCCc1nc2[nH]cnc2c2nc(-c3ccc(Br)cc3)nn12,5.4815
CCCCCc1nc2[nH]cnc2c2nc(-c3ccccc3)nn12,6.6990
Cn1c(-c2ccccc2F)nc2c(N)nc(C#CC3(O)CCCCC3)nc21,7.8239
CCCCCCc1nc2[nH]cnc2c2nc(-c3ccccc3)nn12,5.1079
Nc1ccc(CCn2ncc3c2nc(N)n2nc(-c4ccco4)nc32)cc1,7.2596
CCC(O)(C#Cc1nc(N)c2nc(-c3cccc(F)c3)n(C)c2n1)CC,7.8861
Nc1nc2c(cnn2CCCc2ccc3c(c2)OC(CO)(CO)O3)c2nc(-c3ccco3)nn12,9.7212
Nc1nc2c(cnn2CCCc2ccc(C(=O)O)cc2)c2nc(-c3ccco3)nn12,8.3344
Cn1c(-c2cccc(F)c2)nc2c(N)nc(C#CC3(O)CCCCC3)nc21,7.7959
CCCCc1nc2[nH]cnc2c2nc(-c3cc(OC)c(OC)c(OC)c3)nn12,5.6021
CCCCc1nc2[nH]cnc2c2nc(-c3ccc(F)cc3)nn12,6.2924
CCCCc1nc2[nH]cnc2c2nc(-c3ccc(OCCC)cc3)nn12,7.3098
CCCCc1nc2[nH]cnc2c2nc(C)nn12,7.3372
Cn1c(-c2cccc(F)c2)nc2c(N)nc(C#CC(C)(C)O)nc21,8.0410
CCc1nc2[nH]cnc2c2nc(-c3ccccc3)nn12,6.4437
c1ccc(-c2nc3c4[nH]cnc4nc(-c4ccccc4)n3n2)cc1,7.6383
CC(=O)Nc1ccc(CCn2ncc3c2nc(N)n2nc(-c4ccco4)nc32)cc1,8.3188
N/C(=N/O)c1ccc(CCCn2ncc3c2nc(N)n2nc(-c4ccco4)nc32)cc1,8.2218
Nc1nc2c(cnn2CCCc2cc3c(cc2S(=O)(=O)O)OCO3)c2nc(-c3ccco3)nn12,7.1249
Nc1nc2c(cnn2CCc2ccc(N(CCO)CCO)cc2)c2nc(-c3ccco3)nn12,9.9208
Cn1c(-c2cccc(F)c2)nc2c(N)nc(C#CC3(O)CCCC3)nc21,8.0088
CCCCc1nc2[nH]cnc2c2nc(-c3ccc(Cl)cc3)nn12,5.5850
N#Cc1ccc(CCCn2ncc3c2nc(N)n2nc(-c4ccco4)nc32)cc1,7.0655
Cn1c(=O)c2nc(-c3ccccc3)[nH]c2n(C)c1=O,6.3429
Nc1nc2c(cnn2CCCc2ccc3c(c2)O[C@H](C(=O)O)O3)c2nc(-c3ccco3)nn12,7.2291
CCCCc1nc2[nH]cnc2c2nc(-c3ccc(N(C)C)cc3)nn12,7.3098
CCCCc1nc2[nH]cnc2c2nc(-c3cccnc3)nn12,6.0458
CCCCc1nc2[nH]cnc2c2nc(-c3ccc(O)cc3)nn12,7.2366
CCOC(=O)[C@@H]1Oc2ccc(CCCn3ncc4c3nc(N)n3nc(-c5ccco5)nc43)cc2O1,8.2612
CNC(=O)[C@@]12C[C@@H]1[C@@H](n1cnc3c(NCc4cccc(Cl)c4)nc(Cl)nc31)[C@H](O)[C@@H]2O,5.6383
CNC(=O)[C@]12C[C@@H]1[C@@H](n1cnc3c(NCc4cccc(F)c4)nc(Cl)nc31)[C@H](O)[C@@H]2O,5.2924
CNC(=O)[C@]12C[C@@H]1[C@@H](n1cnc3c(NCc4cc(Cl)ccc4Cl)nc(Cl)nc31)[C@H](O)[C@@H]2O,5.8861
CNC(=O)[C@]12C[C@@H]1[C@@H](n1cnc3c(NCc4cc(I)ccc4Cl)nc(Cl)nc31)[C@H](O)[C@@H]2O,6.3188
CNC(=O)[C@@]12C[C@@H]1[C@@H](n1cnc3c(NCc4cc(Cl)ccc4OC)nc(Cl)nc31)[C@H](O)[C@@H]2O,5.9208
CNC(=O)[C@]12C[C@@H]1[C@@H](n1cnc3c(NCc4cc(Cl)ccc4OCC(N)=O)nc(Cl)nc31)[C@H](O)[C@@H]2O,6.0969
CNC(=O)[C@]12C[C@@H]1[C@@H](n1cnc3c(NCc4cc(Cl)ccc4OCc4ccccc4)nc(Cl)nc31)[C@H](O)[C@@H]2O,6.0706
CNC(=O)[C@]12C[C@@H]1[C@@H](n1cnc3c(NCc4cc(I)ccc4OC)nc(Cl)nc31)[C@H](O)[C@@H]2O,6.3665
CNC(=O)[C@]12C[C@@H]1[C@@H](n1cnc3c(NCc4ccc(N)c(I)c4)nc(Cl)nc31)[C@H](O)[C@@H]2O,5.9586
CNC(=O)[C@]12C[C@@H]1[C@@H](n1cnc3c(NC4CC4c4ccccc4)nc(Cl)nc31)[C@H](O)[C@@H]2O,5.3188
CNC(=O)[C@]12C[C@@H]1[C@@H](n1cnc3c(NCC(c4ccccc4)c4ccccc4)nc(Cl)nc31)[C@H](O)[C@@H]2O,5.7959
CNC(=O)[C@]12C[C@@H]1[C@@H](n1cnc3c(NCc4ccccc4C)nc(Cl)nc31)[C@H](O)[C@@H]2O,5.4202
CNC(=O)[C@]12C[C@@H]1[C@@H](n1cnc3c(NCc4cccc(C)c4)nc(Cl)nc31)[C@H](O)[C@@H]2O,5.4318
CCCn1c(=O)c2nc(-c3ccc(OCc4noc(-c5ccc(C(F)(F)F)cc5)n4)cc3)[nH]c2n(CCC)c1=O,5.3089
CCCn1c(=O)c2nc(-c3ccc(OCc4nc(-c5cccc(Cl)c5)no4)cc3)[nH]c2n(CCC)c1=O,6.3904
CCCn1c(=O)c2nc(-c3ccc(OCc4nc(-c5ccccc5C(F)(F)F)no4)cc3)[nH]c2n(CCC)c1=O,5.5031
CCCn1c(=O)c2nc(-c3ccc(OCc4noc(-c5ccc(C)cc5)n4)cc3)[nH]c2n(CCC)c1=O,5.9957
CCCn1c(=O)c2nc(-c3ccc(OCc4noc(-c5ccccc5OC)n4)cc3)[nH]c2n(CCC)c1=O,6.5850
CCn1nnc([C@H]2O[C@@H](n3cnc4c(N)nc(N[C@H](CO)Cc5ccccc5)nc43)[C@H](O)[C@@H]2O)n1,8.0506
CCn1nnc([C@H]2O[C@@H](n3cnc4c(N)nc(N[C@H](CO)Cc5ccc(Cl)cc5)nc43)[C@H](O)[C@@H]2O)n1,6.7909
CCn1nnc([C@H]2O[C@@H](n3cnc4c(N)nc(N[C@H](CO)Cc5ccc(Br)cc5)nc43)[C@H](O)[C@@H]2O)n1,8.5485
CCn1nnc([C@H]2O[C@@H](n3cnc4c(N)nc(N[C@H](CO)Cc5ccc(OC)cc5)nc43)[C@H](O)[C@@H]2O)n1,8.1370
CCn1nnc([C@H]2O[C@@H](n3cnc4c(N)nc(N[C@H](CO)Cc5ccc(O)cc5)nc43)[C@H](O)[C@@H]2O)n1,8.1990
CCn1nnc([C@H]2O[C@@H](n3cnc4c(N)nc(N[C@H](CO)Cc5ccc([N+](=O)[O-])cc5)nc43)[C@H](O)[C@@H]2O)n1,7.9137
CCn1nnc([C@H]2O[C@@H](n3cnc4c(N)nc(N[C@H](C)Cc5ccc(OC)cc5)nc43)[C@H](O)[C@@H]2O)n1,8.5902
Cn1nc(C(F)(F)F)c(CN2CCN(c3nc(N)n4nc(-c5ccco5)nc4n3)CC2)c1Cl,7.0000
CNc1nc(-n2cc(C(=O)NCc3ccc(Cl)cc3)cn2)nc2c1ncn2C1O[C@H](CO)[C@@H](O)[C@H]1O,5.3979
CCNc1nc(-n2cc(-c3ccc(OC)cc3)cn2)nc2c1ncn2[C@@H]1O[C@H](CO)[C@@H](O)[C@H]1O,5.3979
CCCNc1nc(-n2cc(-c3ccc(OC)cc3)cn2)nc2c1ncn2C1O[C@H](CO)[C@@H](O)[C@H]1O,5.4815
COc1ccc(-c2cnn(-c3nc(NCc4cccc(I)c4)c4ncn(C5O[C@H](CO)[C@@H](O)[C@H]5O)c4n3)c2)cc1,5.3979
CCNc1nc(-n2cc(-c3ccccn3)cn2)nc2c1ncn2[C@@H]1O[C@H](CO)[C@@H](O)[C@H]1O,5.7447
OC[C@H]1OC(n2cnc3c(NCc4cccc(I)c4)nc(-n4cc(-c5nccc6ccccc56)cn4)nc32)[C@H](O)[C@@H]1O,7.2840
CNc1nc(-n2cc(-c3cccnc3)cn2)nc2c1ncn2C1O[C@H](CO)[C@@H](O)[C@H]1O,5.3872
CNc1nc(-n2cc(-c3nc4ccccc4o3)cn2)nc2c1ncn2C1O[C@H](CO)[C@@H](O)[C@H]1O,5.6021
CCNC(=O)[C@H]1O[C@@H](n2cnc3c(NC(=O)Nc4ccc(S(N)(=O)=O)cc4)ncnc32)[C@H](O)[C@@H]1O,7.0214
c1nc2nc(Nc3ccc(N4CCOCC4)cc3)nc(NC3CC4CCC3C4)c2[nH]1,4.4089
c1ccc(Nc2nc3ncnc-3c(NC3CCCCC3)[nH]2)cc1,5.7696
CN(C)c1ccc(Nc2nc(NC3CCCCC3)c3[nH]cnc3n2)cc1,5.2147
c1ccc(Nc2nc3ncnc-3c(NC3CCCCCC3)[nH]2)cc1,5.3851
c1ccc(Nc2nc3ncnc-3c(NC3CCCCCCC3)[nH]2)cc1,4.3372
c1ccc(Nc2nc(NC3CC4CCC3C4)c3nc[nH]c3n2)cc1,5.1118
c1ccc(Oc2nc3ncnc-3c(NC3CCCCC3)[nH]2)cc1,4.7959
c1ccc(Sc2nc3ncnc-3c(NC3CCCCC3)[nH]2)cc1,4.8539
Cn1cnc2c(NC3CCCCC3)nc(Nc3ccccc3)nc21,5.9208
Cn1cnc2c(NC3CCCCCC3)nc(Nc3ccccc3)nc21,5.5302
Nc1nc(-c2ccco2)c2ncn(-c3ccccc3)c2n1,7.1643
Nc1nc(-c2ccco2)c2ncn(Cc3ccccc3)c2n1,7.4276
Nc1nc(-c2ccco2)c2ncn(CCc3ccccc3)c2n1,6.5678
Nc1nc(-c2ccco2)c2ncn(CCCc3ccccc3)c2n1,8.1675
CC(c1ccccc1)n1cnc2c(-c3ccco3)nc(N)nc21,6.4191
COc1ccccc1Cn1cnc2c(-c3ccco3)nc(N)nc21,7.6576
COc1cccc(Cn2cnc3c(-c4ccco4)nc(N)nc32)c1,8.0325
COc1ccc(Cn2cnc3c(-c4ccco4)nc(N)nc32)cc1,8.1135
CC(C)c1ccc(Cn2cnc3c(-c4ccco4)nc(N)nc32)cc1,8.0000
Nc1nc(-c2ccco2)c2ncn(Cc3ccc(Cl)cc3)c2n1,7.6676
Nc1nc(-c2ccco2)c2ncn(Cc3ccc(C(F)(F)F)cc3)c2n1,7.9550
Nc1nc(-c2ccco2)c2ncn(Cc3c(F)cccc3F)c2n1,8.4348
Nc1nc(-c2ccco2)c2ncn(Cc3c(F)cc(F)cc3F)c2n1,7.5850
Nc1nc(-c2ccco2)c2ncn(Cc3ccc(C(F)(F)F)c(F)c3)c2n1,8.0605
Nc1nc(-c2ccco2)c2ncn(Cc3ccc(C(F)(F)F)cc3F)c2n1,8.5528
Nc1nc(-c2ccco2)c2ncn(Cc3cc4c(cc3Cl)OCO4)c2n1,8.2007
Nc1nc(-c2ccco2)c2ncn(Cc3c(Cl)cccc3Cl)c2n1,8.1487
Nc1nc(-c2ccco2)c2ncn(Cc3cccc4ccccc34)c2n1,8.2518
Nc1nc(-c2ccco2)c2ncn(Cc3ccc4ccccc4c3)c2n1,8.8539
Nc1nc(-c2ccco2)c2ncn(Cc3ccccc3CS(=O)(=O)c3ccccc3)c2n1,8.5086
C[C@@]1(O)[C@@H](CO)O[C@@H](n2cnc3c(NCc4cccc(I)c4)nc(Cl)nc32)[C@@H]1O,5.4949
CNC(=O)[C@H]1O[C@@H](n2cnc3c(NCc4cccc(I)c4)nc(Cl)nc32)[C@](C)(O)[C@@H]1O,5.5560
CNC(=O)[C@H]1O[C@@H](n2cnc3c(NCc4cccc(I)c4)nc(NC)nc32)[C@H](O)[C@]1(C)O,5.3979
CNC(=O)[C@H]1O[C@@H](n2cnc3c(NCc4cccc(I)c4)ncnc32)[C@](C)(O)[C@@H]1O,5.8996
O[C@@H]1[C@H](O)[C@@H](O)O[C@H]1n1cnc2c(NC3CCCC3)nc(Cl)nc21,5.6383
OC[C@H]1O[C@@H](n2cnc3c(NCc4cccc(Cl)c4)ncnc32)[C@H](O)[C@@H]1O,5.8539
COc1ccc(Cl)cc1CNc1ncnc2c1ncn2[C@@H]1O[C@H](CO)[C@@H](O)[C@H]1O,6.3979
OC[C@H]1O[C@@H](n2cnc3c(NC4CC4c4ccccc4)ncnc32)[C@H](O)[C@@H]1O,5.5995
Cc1ccccc1CNc1ncnc2c1ncn2[C@@H]1O[C@H](CO)[C@@H](O)[C@H]1O,6.1192
OC[C@H]1O[C@@H](n2cnc3c(NCc4cccnc4)ncnc32)[C@H](O)[C@@H]1O,5.6383
OC[C@H]1O[C@@H](n2cnc3c(NCC(c4ccccc4)c4ccccc4)ncnc32)[C@H](O)[C@@H]1O,6.2924
OC[C@@]12C[C@@H]1[C@@H](n1cnc3c(NCc4cccc(I)c4)ncnc31)[C@H](O)[C@@H]2O,6.0655
OC[C@@]12C[C@@H]1[C@@H](n1cnc3c(NCc4cccc(I)c4)nc(Cl)nc31)[C@H](O)[C@@H]2O,5.7959
CNC(=O)[C@@]12C[C@@H]1[C@@H](n1cnc3c(NCc4cccc(I)c4)ncnc31)[C@H](O)[C@@H]2O,5.2076
CNC(=O)[C@@]12C[C@@H]1[C@@H](n1cnc3c(NCc4cccc(I)c4)nc(Cl)nc31)[C@H](O)[C@@H]2O,6.1057
CNC(=O)[C@]12C[C@@H]1[C@@H](n1cnc3c(NCc4cccc(Br)c4)nc(Cl)nc31)[C@H](O)[C@@H]2O,5.8861
N#Cc1cccc(-c2nc(NC(=O)O)sc2-n2cncn2)c1,5.2510
N#Cc1cccc(-c2nc(Nc3ccccn3)sc2-n2cncn2)c1,5.6946
N#Cc1cccc(-c2nc(Nc3cccnc3)sc2-n2cncn2)c1,5.5901
N#Cc1cccc(-c2nc(Nc3ccncc3)sc2-n2cncn2)c1,5.3809
N#Cc1cccc(-c2nc(Nc3cnccn3)sc2-n2cncn2)c1,5.4461
N#Cc1cccc(-c2nc(Nc3cccnc3)sc2-n2ccnc2)c1,5.5686
Cc1cccnc1Nc1nc(-c2cccc(C#N)c2)c(-n2ccnc2)s1,5.5686
N#Cc1cccc(-c2nc(Nc3cnccn3)sc2-n2ccnc2)c1,6.4572
Cc1cccc(Nc2nc(-c3cccc(C#N)c3)c(-n3ccnc3C)s2)n1,6.7570
Cc1nccn1-c1sc(Nc2cnccn2)nc1-c1cccc(C#N)c1,5.7773
Cc1ccc2c(O)c(Cc3ccccc3)cnc2n1,5.4776
Cc1ccc2c(N=[N+]=[N-])c(Cc3ccccc3)cnc2n1,5.3722
Cc1ccc2c(S)c(Cc3ccccc3)cnc2n1,5.0391
Cc1ccc2c(NN)c(Cc3ccccc3)cnc2n1,6.1427
Cc1ccc2c(O)c(Cc3ccccc3Cl)cnc2n1,6.0088
Cc1ccc2c(O)c(C(=O)NCc3ccccc3)cnc2n1,7.4120
Cc1ccc2c(O)c(C(=O)NCc3ccc(Cl)cc3)cnc2n1,6.7508
Cc1ccc2c(O)c(C(=O)NN3CCOCC3)cnc2n1,5.0625
Cc1ccc2c(O)c(C(=O)NN3CCN(C)CC3)cnc2n1,5.6497
Cc1ccc2c(O)c(C(=O)NC3CCCCC3)cnc2n1,6.0562
Cc1ccc2c(O)c(C(=O)NC3CCC(C)CC3)cnc2n1,6.4263
Cc1ccc2c(O)c(C(=O)NCCC(C)C)cnc2n1,6.0192
Cc1ccc2c(O)c(C(=O)NCc3ccc(F)cc3)cnc2n1,6.8191
COc1ccc(CNC(=O)c2cnc3nc(C)ccc3c2O)cc1,5.8748
Cc1ccc(CNC(=O)c2cnc3nc(C)ccc3c2O)cc1,6.7657
Cc1ccc2c(O)c(C(=O)NCCc3ccccc3)cnc2n1,6.8389
Cc1ccc2c(O)c(C(=O)NCc3ccco3)cnc2n1,7.4014
Cc1ccc2c(O)c(C(=O)NC(C)c3ccccc3)cnc2n1,6.9301
Cc1ccc2c(O)c(C(=O)NCc3ccc([N+](=O)[O-])cc3)cnc2n1,7.0044
Cc1ccc2c(O)c(C(=O)NCc3ccc(N)cc3)cnc2n1,6.8356
CC(=O)N(C(C)=O)c1ccc(CNC(=O)c2cnc3nc(C)ccc3c2O)cc1,5.7841
Cc1ccc2c(O)c(C(=O)NCc3ccc(NC(=O)c4ccccc4)cc3)cnc2n1,6.2306
Cc1ccc2c(O)c(CC(=O)NC3CCCCC3)cnc2n1,5.1463
Cc1ccc2c(O)c(CC(=O)NCc3ccccc3)cnc2n1,6.0605
Nc1ccc2c(O)c(C(=O)NCc3ccc(Cl)cc3)cnc2n1,6.2843
Nc1ccc2c(O)c(C(=O)NCc3ccccc3)cnc2n1,6.6594
CC(=O)Nc1ccc2c(O)c(C(=O)NCc3ccccc3)cnc2n1,5.1688
O=C(NCc1ccccc1)c1cnc2nc(Cl)ccc2c1O,7.1739
O=C(NCc1ccccc1)c1cnc2nc(Br)ccc2c1O,5.4506
O=C(NCc1ccccc1)c1cnc2ncccc2c1O,5.9322
CN(C)c1ccc2c(O)c(C(=O)NCc3ccccc3)cnc2n1,7.2441
Cn1c(-n2nccn2)nc2c(N)ncnc21,7.3344
Cc1nc(N)c2nc(-n3nccn3)n(C)c2n1,7.1524
CCCCc1nc(N)c2nc(-n3nccn3)n(C)c2n1,8.1805
CCCCCc1nc(N)c2nc(-n3nccn3)n(C)c2n1,8.4815
Cn1c(-n2nccn2)nc2c(N)nc(CCc3ccccc3)nc21,8.3279
CC(C)c1nc(N)c2nc(-n3nccn3)n(C)c2n1,6.3176
CCCc1nc(N)c2nc(-n3nccn3)n(C)c2n1,7.0773
Cn1c(-n2nccn2)nc2c(N)nccc21,7.2874
Cc1cc2c(nc(-n3nccn3)n2C)c(N)n1,6.9208
CCNC(=O)[C@H]1OC(n2cnc3c(N)nc(NCCc4ccc(CCC(=O)O)cc4)nc32)[C@H](O)[C@@H]1O.Cl,7.2899
O=c1[nH]c(=O)c2nc3ccccc3nc2[nH]1,6.0292
CCn1c(=O)c2c(nc(/C=C/c3ccc(OC)c(OC)c3)n2C)n(CC)c1=O,7.4437
Oc1nc2ccc(Cl)cc2n2nc(-c3ccco3)nc12,5.2874
Oc1nc2ccc(Cl)cc2n2nc(-c3cccs3)nc12,5.1851
Oc1nc2ccccc2n2nc(-c3ccco3)nc12,5.3233
Nc1nc2ccc(Cl)cc2n2nc(-c3ccccc3)nc12,6.7932
CCOC(=O)c1nc2c(N)nc3ccc(Cl)cc3n2n1,5.3098
CNC(=O)[C@]12C[C@@H]1[C@@H](n1cnc3c(NC4CCCC4)ncnc31)[C@H](O)[C@@H]2O,5.1925
CNC(=O)[C@]12C[C@@H]1[C@@H](n1cnc3c(NC4CCCC4)nc(Cl)nc31)[C@H](O)[C@@H]2O,5.4881
c1ccc2nc(-c3nc4ccccc4[nH]3)cnc2c1,6.2510
CCc1nc2c([nH]1)c1nc(C)[nH]c1c1nc(CC)[nH]c12,6.4828
CCc1nc2c([nH]1)c1nc(CC)[nH]c1c1nc(CC)[nH]c21,6.1427
Cc1cccc2[nH]c(-c3cnc4ccccc4n3)nc12,6.0794
CSc1cccc2[nH]c(-c3cnc4ccccc4n3)nc12,5.5229
CCSc1cccc2[nH]c(-c3cnc4ccccc4n3)nc12,5.4634
CCCn1c(=O)c2nc(-c3cnn(CC(=O)Nc4ccccc4Cl)c3)[nH]c2n(CCC)c1=O,5.8239
CCCn1c(=O)c2nc(-c3cnn(Cc4cc(-c5ccc(C(F)(F)F)cc5)on4)c3)[nH]c2n(CCC)c1=O,5.7696
CCCn1c(=O)c2nc(-c3cnn(Cc4cc(-c5ccc(Cl)cc5)on4)c3)[nH]c2n(CCC)c1=O,5.9208
CCCn1c(=O)c2nc(-c3cnn(Cc4cc(-c5ccccc5Cl)on4)c3)[nH]c2n(CCC)c1=O,5.5686
CCCn1c(=O)c2[nH]c(-c3cnn(Cc4cc(-c5ccccc5)on4)c3)nc2n(CCC)c1=O,6.3768
CCCn1c(=O)c2nc(-c3cnn(Cc4noc(-c5ccccc5OC)n4)c3)[nH]c2n(CCC)c1=O,5.4685
CCCn1c(=O)c2nc(-c3cnn(Cc4noc(-c5ccccc5Cl)n4)c3)[nH]c2n(CCC)c1=O,5.6021
CCCn1c(=O)c2[nH]c(-c3cnn(Cc4noc(-c5ccccc5)n4)c3)nc2n(CCC)c1=O,5.7447
CCCn1c(=O)c2nc(-c3cnn(Cc4nc(-c5ccc(C)cc5)no4)c3)[nH]c2n(CCC)c1=O,5.5229
CCCn1c(=O)c2nc(-c3cnn(Cc4nc(-c5ccccc5OC)no4)c3)[nH]c2n(CCC)c1=O,5.7959
CCCn1c(=O)c2nc(-c3cnn(Cc4nc(-c5ccc(Cl)cc5)no4)c3)[nH]c2n(CCC)c1=O,5.7447
CCCn1c(=O)c2nc(-c3cnn(Cc4nc(-c5ccccc5)no4)c3)[nH]c2n(CCC)c1=O,5.9586
CCCn1c(=O)c2nc(-c3cnn(Cc4nc(-c5ccccc5Cl)no4)c3)[nH]c2n(CCC)c1=O,5.6021
CNc1nc(Cl)nc2c1ncn2[C@@H]1S[C@H](C(=O)NC2CC2)[C@@H](O)[C@H]1O,5.5575
CNC(=O)[C@H]1S[C@@H](n2cnc3c(NC4CC4)nc(Cl)nc32)[C@H](O)[C@@H]1O,5.3107
CCNC(=O)[C@H]1S[C@@H](n2cnc3c(NC4CC4)nc(Cl)nc32)[C@H](O)[C@@H]1O,6.2190
O=C(NC1CC1)[C@H]1S[C@@H](n2cnc3c(NC4CC4)nc(Cl)nc32)[C@H](O)[C@@H]1O,6.4881
CNC(=O)[C@H]1S[C@@H](n2cnc3c(NC4CCCC4)nc(Cl)nc32)[C@H](O)[C@@H]1O,6.0357
CCNC(=O)[C@H]1S[C@@H](n2cnc3c(NC4CCCC4)nc(Cl)nc32)[C@H](O)[C@@H]1O,6.8268
CCNC(=O)[C@H]1S[C@@H](n2cnc3c(NCc4cccc(I)c4)nc(Cl)nc32)[C@H](O)[C@@H]1O,6.5346
O=C(NC1CC1)[C@H]1S[C@@H](n2cnc3c(NCc4cccc(I)c4)nc(Cl)nc32)[C@H](O)[C@@H]1O,6.4868
O=C(NCC1CC1)[C@H]1S[C@@H](n2cnc3c(NCc4cccc(I)c4)nc(Cl)nc32)[C@H](O)[C@@H]1O,5.6536
O=C(NC1CCC1)[C@H]1S[C@@H](n2cnc3c(NCc4cccc(I)c4)nc(Cl)nc32)[C@H](O)[C@@H]1O,6.2604
CNC(=O)[C@H]1S[C@@H](n2cnc3c(NCc4ccccc4C)nc(Cl)nc32)[C@H](O)[C@@H]1O,5.8794
CCNC(=O)[C@H]1S[C@@H](n2cnc3c(NCc4ccccc4C)nc(Cl)nc32)[C@H](O)[C@@H]1O,6.3675
Cc1ccccc1CNc1nc(Cl)nc2c1ncn2[C@@H]1S[C@H](C(=O)NC2CC2)[C@@H](O)[C@H]1O,6.6946
Cc1ccccc1CNc1nc(Cl)nc2c1ncn2[C@@H]1S[C@H](C(=O)NCC2CC2)[C@@H](O)[C@H]1O,5.4101
CCCn1c(=O)c2nc(-c3ccc(OCC(=O)c4ccc(I)cc4)cc3)[nH]c2n(CCC)c1=O,8.6700
Cn1c(=O)c2[nH]c(-c3cccc(OCC(=O)Nc4ccccc4)c3)cc2n(C)c1=O,6.6900
COCCCn1c(=O)n(C)c(=O)c2[nH]c(-c3ccc(OCC(=O)NC4CCCC4)cc3)cc21,6.3700
CCCn1c(=O)c2[nH]c(-c3ccc(OCC(=O)Nc4ccc(Br)cc4)cc3)cc2n(CCC)c1=O,7.5093
Cn1c(=O)c2[nH]c(-c3ccc(OCC(=O)NCc4ccco4)cc3)cc2n(C)c1=O,6.5000
COCCCn1c(=O)n(C)c(=O)c2[nH]c(-c3ccc(OCC(=O)Nc4ccccc4)cc3)cc21,6.9200
Cn1c(=O)c2[nH]c(-c3ccc(OCC(=O)Nc4ccc(Br)cc4)cc3)cc2n(C)c1=O,5.9500
CCCn1c(=O)c2nc(-c3ccc(OCC(=O)c4ccc(I)cc4)cn3)[nH]c2n(CCC)c1=O,7.9602
CCCn1c(=O)c2[nH]c(-c3ccc(OCC(=O)c4c(NC(=O)O)n(C)c(=O)n(C)c4=O)cc3)cc2n(CCC)c1=O,7.1000
CCCn1c(=O)n(C)c(=O)c2[nH]c(-c3ccc(OCC(=O)Nc4ccccc4)cc3)cc21,6.7100
CCCn1c(=O)c2[nH]c(-c3ccc(OCC(=O)Nc4ccccc4F)cc3)c(Cl)c2n(CCC)c1=O,6.1400
CCCn1c(=O)c2[nH]c(-c3ccc(OCC(=O)Nc4ccc([N+](C)(C)C)cc4)cc3)cc2n(CCC)c1=O,6.1500
CCCn1c(=O)c2[nH]c(-c3ccc(OCC(=O)Nc4ccccc4Cl)cc3)c(Cl)c2n(CCC)c1=O,6.5800
CCCn1c(=O)c2[nH]c(-c3ccc(OCC(=O)Nc4ccc(C=O)cc4)cc3)cc2n(CCC)c1=O,6.3100
CCCn1c(=O)c2[nH]c(-c3ccc(OCC(=O)Nc4cccc(F)c4)cc3)c(Cl)c2n(CCC)c1=O,6.6100
CCCn1c(=O)c2[nH]c(-c3ccc(OCC(=O)Nc4ccc(CC(=O)OCC)cc4)cc3)cc2n(CCC)c1=O,6.6200
CCCn1c(=O)c2[nH]c(-c3ccc(OCC(=O)Nc4ccc(C(=O)OCC)cc4)cc3)cc2n(CCC)c1=O,7.0000
CCCn1c(=O)c2[nH]c(-c3ccc(OCC(=O)Nc4ccc(C(C)=O)cc4)cc3)c(Cl)c2n(CCC)c1=O,7.0700
CCCn1c(=O)c2[nH]c(-c3ccc(OCC(=O)Nc4ccccc4)cc3)c(Cl)c2n(CCC)c1=O,7.1300
CCCn1c(=O)c2[nH]c(-c3ccc(OCC(=O)Nc4ccc(C5=NC(C)(C)CO5)cc4)cc3)cc2n(CCC)c1=O,7.0400
CCCn1c(=O)c2[nH]c(-c3ccc(OCC(=O)Nc4ccc(O)cc4)cc3)cc2n(CCC)c1=O,7.2500
CCCn1c(=O)c2[nH]c(-c3ccc(OCC(=O)Nc4ccc(CC(=O)O)cc4)cc3)cc2n(CCC)c1=O,6.6500
CCCn1c(=O)c2nc(-c3ccc(OCC(N)=O)cc3)[nH]c2n(CCC)c1=O,6.7700
CCCn1c(=O)c2[nH]c(-c3ccc(OCC(=O)Nc4ccc(F)cc4)cc3)c(Cl)c2n(CCC)c1=O,7.3900
CCCn1c(=O)c2[nH]c(-c3ccc(OCC(=O)Nc4ccc(OC)cc4)cc3)c(Cl)c2n(CCC)c1=O,7.3500
CCCn1c(=O)c2[nH]c(-c3ccc(OCC(=O)Nc4ccc(C(N)=O)cc4)cc3)cc2n(CCC)c1=O,7.6200
CCCn1c(=O)c2[nH]c(-c3ccc(OCC(=O)Nc4ccccc4)cc3)c(Br)c2n(CCC)c1=O,7.3700
CCCn1c(=O)c2[nH]c(-c3ccc(OCC(=O)Nc4ccc(Br)cc4)cc3)c(Cl)c2n(CCC)c1=O,6.9000
CCCn1c(=O)c2[nH]c(-c3ccc(OCC(=O)Nc4ccc(Cl)cc4)cc3)c(Cl)c2n(CCC)c1=O,7.0500
CCCn1c(=O)c2[nH]c(-c3ccc(OCC(=O)Nc4ccc(I)cc4)cc3)cc2n(CCC)c1=O,6.8000
CCCn1c(=O)c2[nH]c(-c3ccc(OCC(=O)Nc4ccccc4O)cc3)cc2n(CCC)c1=O,7.4900
CCCn1c(=O)c2[nH]c(-c3ccc(OCC(=O)Nc4ccc(C)cc4)cc3)c(Cl)c2n(CCC)c1=O,7.4900
CCCn1c(=O)c2[nH]c(-c3ccc(OCC(=O)Nc4ccc(S(=O)(=O)c5ccccc5)cc4)cc3)cc2n(CCC)c1=O,6.5500
CCCn1c(=O)c2[nH]c(-c3ccc(OCC(=O)Nc4ccc(-c5ccccc5)cc4)cc3)cc2n(CCC)c1=O,7.1600
CCCn1c(=O)c2[nH]c(-c3ccc(OCC(=O)Nc4ccc(NC(C)=O)cc4)cc3)cc2n(CCC)c1=O,7.2000
CCCn1c(=O)c2[nH]c(-c3ccc(OCC(=O)Nc4ccc(F)cc4)cc3)c(Br)c2n(CCC)c1=O,7.7001
CCCn1c(=O)c2[nH]c(-c3ccc(OCC(=O)Nc4ccc(C(=O)NCCc5ccc(OC)cc5)cc4)cc3)cc2n(CCC)c1=O,6.3700
CCCn1c(=O)c2[nH]c(-c3ccc(OCC(=O)Nc4ccc(OC)cc4)cc3)cc2n(CCC)c1=O,7.7001
CCCn1c(=O)c2[nH]c(-c3ccc(OCC(=O)Nc4ccc(CC#N)cc4)cc3)cc2n(CCC)c1=O,7.4000
CCCn1c(=O)c2[nH]c(-c3ccc(OC(CC)C(=O)Nc4ccccc4)cc3)cc2n(CCC)c1=O,7.5901
CCCn1c(=O)c2[nH]c(-c3ccc(OCC(=O)Nc4ccccc4)cc3)cc2n(CCC)c1=O,6.6500
CCCn1c(=O)c2[nH]c(-c3ccc(OCC(=O)Nc4ccc(OCc5ccccc5)cc4)cc3)cc2n(CCC)c1=O,7.7300
CCCn1c(=O)c2[nH]c(-c3ccc(OC(C)(C)C(=O)Nc4ccc(F)cc4)cc3)cc2n(CCC)c1=O,7.7701
CCCn1c(=O)c2[nH]c(-c3ccc(OC(C)(C)C(=O)Nc4ccccc4)cc3)cc2n(CCC)c1=O,7.2700
CCCn1c(=O)c2[nH]c(-c3ccc(OCC(=O)Nc4ccc(C(C)(C)C)cc4)cc3)cc2n(CCC)c1=O,7.1000
CCCn1c(=O)c2[nH]c(-c3ccc(OCC(=O)Nc4ccc(CS(=O)(=O)N5CCCC5)cc4)cc3)cc2n(CCC)c1=O,7.2800
CCCn1c(=O)c2[nH]c(-c3ccc(OC(CC)C(=O)Nc4ccc(Br)cc4)cc3)cc2n(CCC)c1=O,7.5000
CCCn1c(=O)c2[nH]c(-c3ccc(OC(C)C(=O)Nc4ccc(OC)cc4)cc3)cc2n(CCC)c1=O,7.4101
CCCn1c(=O)c2[nH]c(-c3ccc(OC(C)C(=O)Nc4ccccc4)cc3)cc2n(CCC)c1=O,6.9800
CCCn1c(=O)c2[nH]c(-c3ccc(OC(CC)C(=O)Nc4ccc(F)cc4)cc3)cc2n(CCC)c1=O,7.7201
CCCn1c(=O)c2[nH]c(-c3ccc(OCC(=O)Nc4ccc(F)cc4)cc3)cc2n(CCC)c1=O,7.9201
CCCn1c(=O)c2[nH]c(-c3ccc(OC(C)C(=O)Nc4ccc(F)cc4)cc3)cc2n(CCC)c1=O,7.2300
CCCn1c(=O)c2[nH]c(-c3ccc(OCC(=O)Nc4ccc(Cl)cc4)cc3)cc2n(CCC)c1=O,7.5000
COc1cc(-c2cc3c([nH]2)c(=O)n(C)c(=O)n3C)ccc1OCC(=O)Nc1ccc(C#N)cc1,6.2400
Cn1c(=O)c2[nH]c(-c3ccc(OCC(=O)Nc4ccc(CCN)cc4)cc3)cc2n(C)c1=O,6.7800
COc1cc(-c2cc3c([nH]2)c(=O)n(C)c(=O)n3C)ccc1OCC(=O)Nc1ccccc1,6.5200
COc1cc(-c2cc3c([nH]2)c(=O)n(C)c(=O)n3C)ccc1OCC(=O)Nc1ccc(F)cc1,7.3400
Cn1c(=O)c2[nH]c(-c3ccc(OCC(=O)NC4CCCC4)cc3)cc2n(C)c1=O,6.1600
COc1cc(OCC(=O)Nc2ccccc2)ccc1-c1cc2c([nH]1)c(=O)n(C)c(=O)n2C,5.9800
COc1cc(-c2cc3c([nH]2)c(=O)n(C)c(=O)n3C)ccc1OCC(=O)Nc1ccc(Br)cc1,7.0900
COc1cc(OCC(=O)Nc2ccc(F)cc2)ccc1-c1cc2c([nH]1)c(=O)n(C)c(=O)n2C,7.0200
Cn1c(=O)c2[nH]c(-c3ccc(OCC(=O)NC4CCc5ccccc54)cc3)cc2n(C)c1=O,6.6700
Cn1c(=O)c2[nH]c(-c3ccc(OCC(=O)Nc4ccccc4)cc3)cc2n(C)c1=O,6.1550
Cn1c(=O)c2[nH]c(-c3ccc(OCC(=O)Nc4ccc([N+](=O)[O-])cc4)cc3)cc2n(C)c1=O,7.0900
CC(Oc1ccc(-c2cc3c([nH]2)c(=O)n(C)c(=O)n3C)cc1)C(=O)Nc1ccccc1,7.3200
Cn1c(=O)c2[nH]c(-c3ccc(OCC(=O)Nc4ccc(C#N)cc4)cc3)cc2n(C)c1=O,7.3200
COc1cc(OCC(=O)Nc2ccc(Br)cc2)ccc1-c1cc2c([nH]1)c(=O)n(C)c(=O)n2C,5.6050
Cn1c(=O)c2[nH]c(-c3ccc(OCC(=O)Nc4ccc(F)cc4)cc3)cc2n(C)c1=O,7.2150
CC(Oc1ccc(-c2cc3c([nH]2)c(=O)n(C)c(=O)n3C)cc1)C(=O)Nc1ccc(Br)cc1,7.5699
CCn1c(=O)c2[nH]c(-c3ccc(OCC(=O)Nc4ccc(C#N)cc4)cc3)cc2n(CC)c1=O,6.9200
CCCn1c(=O)c2[nH]c(-c3ccc(OCC(=O)Nc4ccccc4)cc3)cc2n(C)c1=O,6.7700
CCCn1c(=O)c2[nH]c(-c3ccc(OCC(=O)Nc4ccc(C(=O)OCC)cc4)cc3)cc2n(C)c1=O,5.5800
CCCn1c(=O)n(C)c(=O)c2[nH]c(-c3ccc(OCC(=O)Nc4ccc(F)cc4)cc3)cc21,6.9500
CCn1c(=O)c2[nH]c(-c3ccc(OCC(=O)Nc4ccccc4)cc3)cc2n(CC)c1=O,6.7300
CCCn1c(=O)c2[nH]c(-c3ccc(OCC(=O)Nc4ccc(F)cc4)cc3)cc2n(C)c1=O,7.1800
CCCn1c(=O)c2[nH]c(-c3ccc(OCC(=O)Nc4ccc(-c5ccccc5)cc4)cc3)cc2n(C)c1=O,5.5400
O=C(COc1ccc(-c2cc3c([nH]2)c(=O)n(CC2CC2)c(=O)n3CC2CC2)cc1)Nc1ccccc1,7.8099
COc1cc(-c2cc3c([nH]2)c(=O)n(C)c(=O)n3C)ccc1OCC(=O)NCc1ccc(Cl)cc1,6.8000
CCCn1c(=O)c2[nH]c(-c3ccc(OCC(=O)NCc4ccc(F)cc4)cc3)c(Cl)c2n(CCC)c1=O,7.3100
COc1cc(OCC(=O)NCc2ccc(Cl)cc2)ccc1-c1cc2c([nH]1)c(=O)n(C)c(=O)n2C,6.7300
CCCn1c(=O)c2[nH]c(-c3ccc(OCC(=O)NCc4ccccc4)cc3)c(Cl)c2n(CCC)c1=O,7.2200
COc1cccc(CNC(=O)COc2ccc(-c3cc4c([nH]3)c(=O)n(C)c(=O)n4C)cc2)c1,6.4800
Cn1c(=O)c2[nH]c(-c3ccc(OCC(=O)NCc4ccccc4)cc3)cc2n(C)c1=O,6.7400
CCN(Cc1ccccc1)C(=O)COc1ccc(-c2cc3c([nH]2)c(=O)n(C)c(=O)n3C)cc1,6.0500
CC(NC(=O)COc1ccc(-c2cc3c([nH]2)c(=O)n(C)c(=O)n3C)cc1)c1ccccc1,6.6100
Cn1c(=O)c2[nH]c(-c3ccc(OCC(=O)NCc4ccc(F)cc4)cc3)cc2n(C)c1=O,7.3600
Cn1c(=O)c2[nH]c(-c3ccc(OCC(=O)NCc4ccc(Cl)cc4)cc3)cc2n(C)c1=O,7.6899
CCCn1c(=O)c2[nH]c(-c3ccc(OC(C)C(=O)NCc4ccc(Cl)cc4)cc3)cc2n(CCC)c1=O,7.3300
CCCn1c(=O)c2[nH]c(-c3ccc(OCC(=O)NCc4ccccc4)cc3)cc2n(CCC)c1=O,7.0500
Cn1c(=O)c2[nH]c(-c3cccc(OCC(=O)Nc4ccc(Br)cc4)c3)cc2n(C)c1=O,7.1700
CCCn1c(=O)c2[nH]c(-c3ccc(OCC(=O)NCc4ccncc4)cc3)cc2n(CCC)c1=O,6.5200
CCCn1c(=O)c2[nH]c(-c3ccc(OCC(=O)Nc4ccccn4)cc3)cc2n(CCC)c1=O,6.5100
CCCn1c(=O)c2[nH]c(-c3ccc(OCC(=O)c4c(NC(=O)O)[nH]c(=O)n(C)c4=O)cc3)cc2n(CCC)c1=O,7.8000
CCCn1c(=O)c2[nH]c(-c3ccc(OCC(=O)Nc4ncccc4O)cc3)cc2n(CCC)c1=O,6.4900
CCCn1c(=O)c2[nH]c(-c3ccc(OCC(=O)n4ccc(N)n4)cc3)cc2n(CCC)c1=O,7.5800
Cn1c(=O)c2[nH]c(-c3ccc(OCC(=O)Nc4nncs4)cc3)cc2n(C)c1=O,7.7899
CCCn1c(=O)c2[nH]c(-c3ccc(OCC(=O)Nc4ccc(C)cn4)cc3)cc2n(CCC)c1=O,6.5600
CCCn1c(=O)c2[nH]c(-c3ccc(OCC(=O)Nc4cc(OC)nc(OC)n4)cc3)cc2n(CCC)c1=O,7.0500
CCCn1c(=O)c2[nH]c(-c3ccc(OCC(=O)Nc4ccc(OC)nc4)cc3)cc2n(CCC)c1=O,6.9700
CCCn1c(=O)c2[nH]c(-c3ccc(N(C=O)CC(=O)Nc4ccc(Br)cc4)cc3)cc2n(CCC)c1=O,7.4500
CCCn1c(=O)c2[nH]c(-c3ccc(OCC(=O)Nc4ccc(OC)nc4)cc3)cc2n(C)c1=O,6.8800
CCOC(=O)COc1ccc(-c2cc3c([nH]2)c(=O)n(C)c(=O)n3C)cc1OC,5.4300
CCOC(=O)COc1ccc(-c2cc3c([nH]2)c(=O)n(C)c(=O)n3CCCOC)cc1,5.7300
CCOC(=O)COc1ccc(-c2cc3c([nH]2)c(=O)n(C)c(=O)n3C)cc1,5.7100
COCCCn1c(=O)n(C)c(=O)c2[nH]c(-c3ccc(OCC(=O)O)cc3)cc21,4.9400
CCCn1c(=O)c2[nH]c(-c3ccc(OCC(=O)O)cc3)c(Cl)c2n(CCC)c1=O,6.4000
Cn1c(=O)c2[nH]c(-c3ccc(OCC(=O)O)cc3)cc2n(C)c1=O,5.3800
CCCn1c(=O)c2[nH]c(-c3ccc(OCC(=O)O)cc3)c(Br)c2n(CCC)c1=O,6.3100
CCn1c(=O)c2[nH]c(-c3ccc(OCC(=O)O)cc3)cc2n(CCCOC)c1=O,6.0300
CCOC(=O)COc1ccc(-c2cc3c([nH]2)c(=O)n(CC)c(=O)n3CCCOC)cc1,6.3500
CCCn1c(=O)n(C)c(=O)c2[nH]c(-c3ccc(OCC(=O)O)cc3)cc21,6.1100
CCCn1c(=O)c2[nH]c(-c3ccc(OC(C)C(=O)O)cc3)cc2n(CCC)c1=O,6.0000
CCCn1c(=O)c2[nH]c(-c3ccc(OCC(=O)O)cc3)cc2n(C)c1=O,5.3900
CCCn1c(=O)c2[nH]c(-c3ccc(OCC(=O)O)cc3)cc2n(CCC)c1=O,6.9100
CCCn1c(=O)c2nc(-c3cc(OCC(=O)c4ccc(Br)cc4)n(C)n3)[nH]c2n(CCC)c1=O,7.0300
CCCn1c(=O)c2nc(-c3cc(OCC(=O)c4ccc(F)cc4)n(C)n3)[nH]c2n(CCC)c1=O,6.7300
CCCn1c(=O)c2nc(-c3cc(OCC(=O)c4ccc(C(=O)OCC)cc4)nn3C)[nH]c2n(CCC)c1=O,7.4900
CCCn1c(=O)c2nc(-c3cc(OCC(=O)c4ccc(C(C)=O)cc4)nn3C)[nH]c2n(CCC)c1=O,7.0600
CCCn1c(=O)c2nc(-c3cc(OCC(=O)c4ccc(C)cc4)nn3C)[nH]c2n(CCC)c1=O,7.7201
CCCn1c(=O)c2nc(-c3cc(OCC(=O)c4ccc(Br)cc4)nn3C)[nH]c2n(CCC)c1=O,7.6000
CCCn1c(=O)c2nc(-c3cc(OCC(=O)c4ccc(F)cc4)nn3C)[nH]c2n(CCC)c1=O,7.9000
CCCn1c(=O)c2[nH]c(-c3ccc(OCC(=O)Nc4ccc(OC(F)(F)F)cc4)cc3)cc2n(CCC)c1=O,6.9700
CN(Cc1ccccc1)C(=O)COc1ccc(-c2cc3c([nH]2)c(=O)n(C)c(=O)n3C)cc1,5.9900
Cc1sccc1NC(=O)Nc1nc2nn(C)cc2c2nc(-c3ccco3)nn12,6.3872
Cc1ccc(NC(=O)Nc2nc3nn(C)cc3c3nc(-c4ccco4)nn23)s1,6.0362
Cn1cc2c(nc(NC(=O)Nc3ccc4ccccc4n3)n3nc(-c4ccco4)nc23)n1,6.0915
Cn1cc2c(nc(NC(=O)Nc3cc4ccccc4o3)n3nc(-c4ccco4)nc23)n1,7.2218
Cn1cc2c(nc(NC(=O)Nc3ccoc3)n3nc(-c4ccco4)nc23)n1,6.3979
Cn1cc2c(nc(NC(=O)Nc3ccco3)n3nc(-c4ccco4)nc23)n1,6.4559
Cn1cc2c(nc(NC(=O)Nc3cccc[n+]3[O-])n3nc(-c4ccco4)nc23)n1,6.9586
Cn1cc2c(nc(NC(=O)Nc3ccc[n+]([O-])c3)n3nc(-c4ccco4)nc23)n1,7.1249
Cn1cc2c(nc(NC(=O)Nc3cc[n+]([O-])cc3)n3nc(-c4ccco4)nc23)n1,6.8153
Cn1cc2c(nc(NC(=O)Nc3cccc[n+]3C)n3nc(-c4ccco4)nc23)n1.[I-],7.1938
Cn1cc2c(nc(NC(=O)Nc3ccc[n+](C)c3)n3nc(-c4ccco4)nc23)n1.[I-],7.3768
Cn1cc2c(nc(NC(=O)Nc3cc[n+](C)cc3)n3nc(-c4ccco4)nc23)n1.[I-],6.5498
Cl.Cn1cc2c(nc(NC(=O)Nc3ccccn3)n3nc(-c4ccco4)nc23)n1,6.7447
Cn1cc2c(nc(NC(=O)Nc3ccccn3)n3nc(-c4ccco4)nc23)n1,6.8539
Cl.Cn1cc2c(nc(NC(=O)Nc3cccnc3)n3nc(-c4ccco4)nc23)n1,6.8097
Cn1cc2c(nc(NC(=O)Nc3cccnc3)n3nc(-c4ccco4)nc23)n1,6.9031
CCNC(=O)[C@H]1O[C@@H](n2cnc3c(NCC)nc(C#Cc4ccc(OC)cc4)nc32)[C@H](O)[C@@H]1O,5.3043
CCNC(=O)[C@H]1O[C@@H](n2cnc3c(NCC)nc(I)nc32)[C@H](O)[C@@H]1O,5.7089
CCNC(=O)[C@H]1O[C@@H](n2cnc3c(NCC)nc(C#CC(O)c4cccc(C(=O)OC)c4)nc32)[C@H](O)[C@@H]1O,6.8447
CCNC(=O)[C@H]1O[C@@H](n2cnc3c(NCC)nc(C#CC(O)c4cccc(C(=O)O)c4)nc32)[C@H](O)[C@@H]1O,5.4222
CCNC(=O)[C@H]1O[C@@H](n2cnc3c(NCC)nc(C#CC(O)c4cccc([N+](=O)[O-])c4)nc32)[C@H](O)[C@@H]1O,6.3969
CCNC(=O)[C@H]1O[C@@H](n2cnc3c(NCC)nc(C#CC(O)c4ccccc4[N+](=O)[O-])nc32)[C@H](O)[C@@H]1O,6.4306
CCNC(=O)[C@H]1O[C@@H](n2cnc3c(NCC)nc(C#CC(O)c4ccc(OC)cc4)nc32)[C@H](O)[C@@H]1O,6.1481
CCNC(=O)[C@H]1O[C@@H](n2cnc3c(NCC)nc(C#CC(O)c4cccc(OC)c4)nc32)[C@H](O)[C@@H]1O,6.6840
CCNC(=O)[C@H]1O[C@@H](n2cnc3c(NCC)nc(C#CC(O)c4ccccc4OC)nc32)[C@H](O)[C@@H]1O,6.3036
CCNC(=O)[C@H]1O[C@@H](n2cnc3c(NCC)nc(C#CC(O)c4ccccc4)nc32)[C@H](O)[C@@H]1O,6.8894
CCNC(=O)[C@H]1O[C@@H](n2cnc3c(NCC)nc(C#CC(O)C4CCCCC4)nc32)[C@H](O)[C@@H]1O,7.2269
CCNC(=O)[C@H]1O[C@@H](n2cnc3c(NCC)nc(C#CC(O)C4CCCC4)nc32)[C@H](O)[C@@H]1O,6.8182
CCCCC[C@H](O)C#Cc1nc(NCC)c2ncn([C@@H]3O[C@H](C(=O)NCC)[C@@H](O)[C@H]3O)c2n1,6.3307
CCCCC[C@@H](O)C#Cc1nc(NCC)c2ncn([C@@H]3O[C@H](C(=O)NCC)[C@@H](O)[C@H]3O)c2n1,6.1675
CCNC(=O)[C@H]1O[C@@H](n2cnc3c(NCC)nc(C#C[C@H](C)O)nc32)[C@H](O)[C@@H]1O,6.1051
CCNC(=O)[C@H]1O[C@@H](n2cnc3c(NCC)nc(C#C[C@@H](C)O)nc32)[C@H](O)[C@@H]1O,5.6716
CCNC(=O)[C@H]1O[C@@H](n2cnc3c(NCC)nc(C#CCC(C)O)nc32)[C@H](O)[C@@H]1O,5.6139
CCNC(=O)[C@H]1O[C@@H](n2cnc3c(NCC)nc(C#CCCO)nc32)[C@H](O)[C@@H]1O,6.1925
CCNC(=O)[C@H]1O[C@@H](n2cnc3c(NCC)nc(C#CCCCCO)nc32)[C@H](O)[C@@H]1O,5.9559
CCNC(=O)[C@H]1O[C@@H](n2cnc3c(NCC)nc(C#CCCCc4ccccc4)nc32)[C@H](O)[C@@H]1O,6.4935
CCNC(=O)[C@H]1O[C@@H](n2cnc3c(NCC)nc(C#CCc4ccccc4)nc32)[C@H](O)[C@@H]1O,6.1904
CCNC(=O)[C@H]1O[C@@H](n2cnc3c(NCC)nc(C#CC4(N)CCCCC4)nc32)[C@H](O)[C@@H]1O,5.1337
CCNC(=O)[C@H]1O[C@@H](n2cnc3c(NCC)nc(C#CC4(O)CCCCC4)nc32)[C@H](O)[C@@H]1O,6.4634
CCNC(=O)[C@H]1O[C@@H](n2cnc3c(NCC)nc(C#CC4(O)CCCC4)nc32)[C@H](O)[C@@H]1O,6.0292
CCNC(=O)[C@H]1O[C@@H](n2cnc3c(NCC)nc(C#CC4=CCCCC4)nc32)[C@H](O)[C@@H]1O,5.1735
CCCCCCC#Cc1nc(NCC)c2ncn([C@@H]3O[C@H](C(=O)NCC)[C@@H](O)[C@H]3O)c2n1,6.2434
CCCCC#Cc1nc(NCC)c2ncn([C@@H]3O[C@H](C(=O)NCC)[C@@H](O)[C@H]3O)c2n1,6.2652
c1ccc(-c2nc(-c3ccccc3)c3[nH]cnc3n2)cc1,7.2757
c1ccc(-c2nc(-c3ccccc3)c3nc(C4CCCCC4)nc-3[nH]2)cc1,6.9281
c1ccc(-c2nc(-c3ccccc3)c3nc(C4CCCC4)nc-3[nH]2)cc1,7.2596
CC(C)c1nc2[nH]c(-c3ccccc3)nc(-c3ccccc3)c-2n1,6.8297
CCCc1nc2[nH]c(-c3ccccc3)nc(-c3ccccc3)c-2n1,6.7773
c1ccc(-c2nc(-c3ccccc3)c3[nH]c(-c4ccccc4)nc3n2)cc1,7.1805
Cc1ccc(-c2nc(-c3ccccc3)c3[nH]cnc3n2)cc1,6.5391
Clc1ccc(-c2nc(-c3ccccc3)c3[nH]cnc3n2)cc1,6.5017
c1ccc(Nc2nc3ccccc3c3[nH]c(C4CCCC4)nc23)cc1,5.5017
Cc1ccc(Nc2nc3ccccc3c3[nH]c(C4CCCC4)nc23)cc1,5.2823
CCCn1c(=O)c2nc(-c3cnn(-c4ccccc4)c3)[nH]c2n(CCC)c1=O,6.2518
CCCn1c(=O)c2nc(-c3cnn(CCCc4ccccc4)c3)[nH]c2n(CCC)c1=O,6.6576
CCCn1c(=O)c2nc(-c3cnn(CCc4ccccc4)c3)[nH]c2n(CCC)c1=O,6.2441
CCCn1c(=O)c2[nH]c(-c3cnn(Cc4ccccc4)c3)nc2n(CCC)c1=O,6.5376
CCCn1c(=O)c2nc(-c3cn[nH]c3)[nH]c2n(CCC)c1=O,6.6383
CC(C)Cn1c(=O)c2nc(-c3cnn(Cc4cccc(C(F)(F)F)c4)c3)[nH]c2n(CC(C)C)c1=O,5.3665
CC(C)Cn1c(=O)c2nc(-c3cnn(Cc4cccc(F)c4)c3)[nH]c2n(CC(C)C)c1=O,5.8861
CC(C)Cn1c(=O)c2nc(-c3cnn(Cc4ccccc4)c3)[nH]c2n(CC(C)C)c1=O,5.9586
CCCCn1c(=O)c2nc(-c3cnn(Cc4ccccc4)c3)[nH]c2n(CCCC)c1=O,6.0506
CCn1c(=O)c2nc(-c3cnn(Cc4cccc(C(F)(F)F)c4)c3)[nH]c2n(CC)c1=O,6.3468
CCn1c(=O)c2nc(-c3cnn(Cc4cccc(F)c4)c3)[nH]c2n(CC)c1=O,6.5376
CCn1c(=O)c2nc(-c3cnn(Cc4ccccc4)c3)[nH]c2n(CC)c1=O,6.9208
Cn1c(=O)c2nc(-c3cnn(Cc4cccc(C(F)(F)F)c4)c3)[nH]c2n(C)c1=O,6.1612
Cn1c(=O)c2[nH]c(-c3cnn(Cc4cccc(F)c4)c3)nc2n(C)c1=O,6.6990
Cn1c(=O)c2nc(-c3cnn(Cc4ccccc4)c3)[nH]c2n(C)c1=O,5.4559
CCCn1c(=O)c2nc(-c3cnn(Cc4cc(C(F)(F)F)ccc4Cl)c3)[nH]c2n(CCC)c1=O,5.8539
CCCn1c(=O)c2nc(-c3cnn(Cc4cc(Cl)ccc4Cl)c3)[nH]c2n(CCC)c1=O,7.1549
CCCn1c(=O)c2nc(-c3cnn(Cc4cccc(C)c4F)c3)[nH]c2n(CCC)c1=O,6.3372
CCCn1c(=O)c2nc(-c3cnn(Cc4cccc(Cl)c4F)c3)[nH]c2n(CCC)c1=O,6.0605
CCCn1c(=O)c2nc(-c3cnn(Cc4ccc(F)c(F)c4)c3)[nH]c2n(CCC)c1=O,6.5528
CCCn1c(=O)c2nc(-c3cnn(Cc4ccc(C(F)(F)F)cc4)c3)[nH]c2n(CCC)c1=O,6.8239
CCCn1c(=O)c2[nH]c(-c3cnn(Cc4cccc(C(F)(F)F)c4)c3)nc2n(CCC)c1=O,6.3979
CCCn1c(=O)c2nc(-c3cnn(Cc4ccccc4C(F)(F)F)c3)[nH]c2n(CCC)c1=O,6.6383
CCCn1c(=O)c2nc(-c3cnn(Cc4ccc(F)cc4)c3)[nH]c2n(CCC)c1=O,6.9208
CCCn1c(=O)c2[nH]c(-c3cnn(Cc4cccc(F)c4)c3)nc2n(CCC)c1=O,6.6383
CCCn1c(=O)c2nc(-c3cnn(Cc4ccccc4F)c3)[nH]c2n(CCC)c1=O,7.2218
CCCn1c(=O)c2nc(-c3cnn(Cc4ccc(Cl)cc4)c3)[nH]c2n(CCC)c1=O,7.0555
CCCn1c(=O)c2nc(-c3cnn(Cc4cccc(Cl)c4)c3)[nH]c2n(CCC)c1=O,7.1024
CCCn1c(=O)c2nc(-c3cnn(Cc4ccccc4Cl)c3)[nH]c2n(CCC)c1=O,7.3098
CCCn1c(=O)c2nc(-c3cnn(Cc4ccc(OC)cc4)c3)[nH]c2n(CCC)c1=O,7.2147
CCCn1c(=O)c2nc(-c3cnn(Cc4cccc(OC)c4)c3)[nH]c2n(CCC)c1=O,7.1549
CCCn1c(=O)c2nc(-c3cnn(Cc4ccccc4OC)c3)[nH]c2n(CCC)c1=O,6.8539
CCCn1c(=O)c2nc(-c3cnn(Cc4ccc(C)cc4)c3)[nH]c2n(CCC)c1=O,7.0969
CCCn1c(=O)c2nc(-c3cnn(Cc4cccc(C)c4)c3)[nH]c2n(CCC)c1=O,7.1805
CCCn1c(=O)c2nc(-c3cnn(Cc4ccccc4C)c3)[nH]c2n(CCC)c1=O,7.2924
Cn1c(=O)c2nc(-c3ccc(S(=O)(=O)NCCc4ccccc4)cc3)[nH]c2n(C)c1=O,7.4868
CCCn1c(=O)[nH]c2nc(-c3ccc(S(=O)(=O)N4CCN(Cc5ccccc5)CC4)cc3)[nH]c2c1=O,6.3152
CCCn1c(=O)[nH]c2[nH]c(-c3ccc(S(=O)(=O)NCCc4ccccc4)cc3)nc2c1=O,6.1141
CCCn1c(=O)[nH]c2[nH]c(-c3ccc(S(=O)(=O)NCc4ccccc4)cc3)nc2c1=O,6.7905
COc1ccc(-n2nc3c(N(C(=O)c4ccccc4)C(=O)c4ccccc4)nc4ccccc4n3c2=O)cc1,5.1824
Nc1cccc2c1nc(NC(=O)C(c1ccccc1)c1ccccc1)c1nn(-c3ccccc3)c(=O)n12,6.2027
O=C(Nc1nc2ccccc2n2c(=O)n(-c3ccccc3)nc12)C(c1ccccc1)c1ccccc1,5.9355
Nc1cccc2c1nc(NC(=O)c1ccccc1)c1nn(-c3ccccc3)c(=O)n12,5.3143
COc1ccc(-n2nc3c(NC(=O)c4ccccc4)nc4ccccc4n3c2=O)cc1,5.4455
O=C(Nc1nc2ccccc2n2c(=O)n(-c3ccccc3)nc12)c1ccccc1,7.0545
COc1ccc(-n2nc3c(NC(C)=O)nc4c(N)cccc4n3c2=O)cc1,5.9586
CC(=O)Nc1nc2c(N)cccc2n2c(=O)n(-c3ccccc3)nc12,5.8197
CCCn1c(=O)c2[nH]c(C34CCC(CCC(=O)O)(CC3)CC4)nc2n(CCC)c1=O,5.1935
CCCN1C(=O)N2C[C@@H](C(C)C)N=C2c2[nH]c(C34CCC(CCC(=O)O)(CC3)CC4)nc21,4.7447
CCCn1c(=O)c2nc(C34CCC(O)(CC3)CC4)[nH]c2n(CCC)c1=O,6.2596
CCCN1C(=O)N2C[C@@H](C(C)C)N=C2c2[nH]c(C34CCC(O)(CC3)CC4)nc21,5.7959
CCCN1C(=O)N2C[C@@H](CC)N=C2c2[nH]c(C34CCC(O)(CC3)CC4)nc21,5.3565
CCCn1c(=O)c2nc([C@H]3CC[C@H](CO)CC3)[nH]c2n(CCC)c1=O,6.5045
CCCn1c(=O)c2nc(C34CC5CC(C3)C(C5)C4)[nH]c2n(CCC)c1=O,6.1720
CCCn1c(=O)c2nc([C@H]3CC4C[C@@H]3[C@H]3O[C@@H]43)[nH]c2n(CCC)c1=O,5.7799
CCCn1c(=O)c2nc([C@]34CC[C@](CCC(=O)O)(CC3)CC4)[nH]c2n(CCC)c1=O,5.1931
CCCn1c(=O)c2nc([C@]34CC[C@](/C=C/C(=O)O)(CC3)CC4)[nH]c2n(CCC)c1=O,5.4776
CCCn1c(=O)c2nc([C@]34CC[C@](C=O)(CC3)CC4)[nH]c2n(CCC)c1=O,6.0975
CCCn1c(=O)c2nc([C@]34CC[C@](CO)(CC3)CC4)[nH]c2n(CCC)c1=O,6.3830
CCCn1c(=O)c2nc([C@]34CC[C@](C(=O)OC)(CC3)CC4)[nH]c2n(CCC)c1=O,6.0400
CCCn1c(=O)c2nc([C@]34CC[C@](C(=O)N5CCC(C(=O)O)CC5)(CC3)CC4)[nH]c2n(CCC)c1=O,5.1068
CCCn1c(=O)c2nc([C@]34CC[C@](C(=O)NCCC(=O)OC)(CC3)CC4)[nH]c2n(CCC)c1=O,5.8539
CCCn1c(=O)c2nc([C@]34CC[C@](C(=O)NCC(=O)O)(CC3)CC4)[nH]c2n(CCC)c1=O,5.1035
CCCn1c(=O)c2nc([C@]34CC[C@](C(=O)NCC(=O)OC)(CC3)CC4)[nH]c2n(CCC)c1=O,6.1669
CCCn1c(=O)c2nc([C@]34CC[C@](C(=O)NCCN(C)C)(CC3)CC4)[nH]c2n(CCC)c1=O,6.8794
CCCn1c(=O)c2nc([C@]34CC[C@](C(=O)O)(CC3)CC4)[nH]c2n(CCC)c1=O,5.9706
CCCn1c(=O)c2nc([C@H]3CC[C@H](NC(=O)OCc4ccccc4)CC3)[nH]c2n(CCC)c1=O,5.5287
CCCn1c(=O)c2nc([C@H]3CC[C@H](C(=O)NCCN(C)C)CC3)[nH]c2n(CCC)c1=O,6.7747
CCCCNC(=O)[C@H]1CC[C@H](c2nc3c(=O)n(CCC)c(=O)n(CCC)c3[nH]2)CC1,5.6459
CCCn1c(=O)c2nc([C@H]3CC[C@H](COCc4ccccc4)CC3)[nH]c2n(CCC)c1=O,5.5654
COc1ccc(Cl)c(CNc2nc(-n3cc(CC4CCCC4)nn3)nc3c2ncn3[C@@H]2O[C@H](CO)[C@@H](O)[C@H]2O)c1,5.2218
COc1ccc(Cl)c(CNc2nc(N=[N+]=[N-])nc3c2ncn3[C@@H]2O[C@H](CO)[C@@H](O)[C@H]2O)c1,5.7447
CCNC(=O)[C@H]1O[C@@H](n2cnc3c(NNC(=O)c4ccc[nH]4)nc(Cl)nc32)[C@H](O)[C@@H]1O,5.4949
CCNC(=O)[C@H]1O[C@@H](n2cnc3c(NNC(=O)c4sccc4C)nc(Cl)nc32)[C@H](O)[C@@H]1O,5.4202
CCNC(=O)[C@H]1O[C@@H](n2cnc3c(NNC(=O)c4cccs4)nc(Cl)nc32)[C@H](O)[C@@H]1O,5.7696
CCNC(=O)[C@H]1O[C@@H](n2cnc3c(NNC(=O)c4ccsc4)nc(Cl)nc32)[C@H](O)[C@@H]1O,5.4815
CCNC(=O)[C@H]1O[C@@H](n2cnc3c(NNC(=O)Cc4cccs4)nc(Cl)nc32)[C@H](O)[C@@H]1O,6.1986
CCNC(=O)[C@H]1O[C@@H](n2cnc3c(NNC(=O)c4ccc(C)s4)nc(Cl)nc32)[C@H](O)[C@@H]1O,5.3872
CCNC(=O)[C@H]1O[C@@H](n2cnc3c(NNC(=O)c4ccco4)nc(Cl)nc32)[C@H](O)[C@@H]1O,5.3054
CCNC(=O)[C@H]1O[C@@H](n2cnc3c(NNC(=O)c4ccc(C)s4)ncnc32)[C@H](O)[C@@H]1O,5.6778
CCNC(=O)[C@H]1O[C@@H](n2cnc3c(NNC(=O)c4ccc(C)o4)ncnc32)[C@H](O)[C@@H]1O,5.7959
CCNC(=O)[C@H]1O[C@@H](n2cnc3c(NNC(=O)c4ccc(Br)o4)ncnc32)[C@H](O)[C@@H]1O,5.9208
CCNC(=O)[C@H]1O[C@@H](n2cnc3c(NNC(=O)c4ccco4)ncnc32)[C@H](O)[C@@H]1O,5.8097
CCc1nn(C2CCCC2)c2c1CCn1c(-c3cccs3)nnc1-2,5.3565
CCSc1nc(N)nc(-c2ccccc2)n1,8.3010
CSc1nc(N)nc(-c2cccc(-c3ccc4[nH]ccc4c3)c2)n1,7.5086
COc1ccc(-c2cccc(-c3nc(N)nc(SC)n3)c2)cn1,7.6383
N#Cc1c(-c2ccc(Cl)cc2)cc(-c2ccccc2Cl)nc1N,6.3947
CCOc1cc(-c2cc(-c3ccc(O)cc3)nc(N)c2C#N)ccc1O,6.5735
N#Cc1c(-c2ccc(Cl)c(Cl)c2)cc(-c2cccnc2)nc1N,6.6778
N#Cc1c(-c2ccc(Cl)cc2)cc(-c2ccccc2)nc1N,6.6968
COc1cc(-c2cc(-c3ccc(O)cc3)nc(N)c2C#N)ccc1O,6.8210
Cc1ccc(-c2cc(-c3ccccc3)nc(N)c2C#N)cc1,6.9281
N#Cc1c(-c2ccc(F)cc2)cc(C2CC2)nc1N,6.9747
N#Cc1c(-c2ccccc2Cl)cc(-c2ccccc2)nc1N,7.0506
N#Cc1c(-c2ccc(F)cc2)cc(-c2ccccc2)nc1N,7.0605
Fc1ccc(CNc2nc(-c3ccc(Cl)cc3)cc(C(F)(F)F)n2)cc1,6.3429
COc1cccc(-c2cc(C(F)(F)F)nc(NCc3ccc(F)cc3)n2)c1,6.5376
Fc1ccc(CNc2nc(-c3cccs3)cc(C(F)(F)F)n2)cc1,6.5421
Fc1ccc(CNc2nc(-c3ccccc3)cc(C(F)(F)F)n2)cc1,6.5421
N#Cc1c(N)nc2c(c1-c1ccc(F)cc1)CCC2,6.6345
CCNC(=O)[C@H]1O[C@@H](n2cnc3c(NCCCCNC(=O)CCCCCNC(=O)COc4ccc(/C=C/C5=[N+]6C(=Cc7ccc(-c8cccs8)n7[B-]6(F)F)C=C5)cc4)ncnc32)[C@H](O)[C@@H]1O,6.7600
Oc1nc2c(-c3ccccc3)cc(-c3ccccc3)nc2[nH]1,6.7167
c1ccc(-c2cc(-c3ccccc3)c3nc(C4CCCCC4)[nH]c3n2)cc1,6.7122
CC(C)(C)c1nc2c(-c3ccccc3)cc(-c3ccccc3)nc2[nH]1,5.9767
CCC(CC)c1nc2c(-c3ccccc3)cc(-c3ccccc3)nc2[nH]1,6.6073
CC(C)Cc1nc2c(-c3ccccc3)cc(-c3ccccc3)nc2[nH]1,6.7235
CC(C)c1nc2c(-c3ccccc3)cc(-c3ccccc3)nc2[nH]1,6.6383
CCCc1nc2c(-c3ccccc3)cc(-c3ccccc3)nc2[nH]1,6.9431
CCc1nc2c(-c3ccccc3)cc(-c3ccccc3)nc2[nH]1,6.7520
Cc1nc2c(-c3ccccc3)cc(-c3ccccc3)nc2[nH]1,6.4260
c1ccc(-c2cc(-c3ccccc3)c3nc[nH]c3n2)cc1,7.4089
CNC(=O)[C@H]1O[C@@H](n2cnc3c(NOC)nc(C#Cc4ccccc4)nc32)[C@H](O)[C@@H]1O,4.7878
CCNC(=O)[C@H]1O[C@@H](n2cnc3c(NOC)nc(C#Cc4ccc(C(C)=O)cc4)nc32)[C@H](O)[C@@H]1O,5.3757
CCNC(=O)[C@H]1O[C@@H](n2cnc3c(NOC)nc(C#Cc4ccc(F)cc4)nc32)[C@H](O)[C@@H]1O,5.2013
CCCCCc1ccc(C#Cc2nc(NOC)c3ncn([C@@H]4O[C@H](C(=O)NCC)[C@@H](O)[C@H]4O)c3n2)cc1,4.5670
CCNC(=O)[C@H]1O[C@@H](n2cnc3c(NOC)nc(C#Cc4ccc(C)cc4)nc32)[C@H](O)[C@@H]1O,5.3372
CCNC(=O)[C@H]1O[C@@H](n2cnc3c(NOC)nc(C#Cc4ccccn4)nc32)[C@H](O)[C@@H]1O,5.1898
CCNC(=O)[C@H]1O[C@@H](n2cnc3c(NOC)nc(C#Cc4ccccc4)nc32)[C@H](O)[C@@H]1O,5.1765
CCNC(=O)[C@H]1O[C@@H](n2cnc3c(NOC)nc(I)nc32)[C@H](O)[C@@H]1O,5.2765
CNC(=O)[C@H]1O[C@@H](n2cnc3c(NOC)nc(C#Cc4ccc(C(C)=O)cc4)nc32)[C@H](O)[C@@H]1O,4.9830
CNC(=O)[C@H]1O[C@@H](n2cnc3c(NOC)nc(C#Cc4ccc(F)cc4)nc32)[C@H](O)[C@@H]1O,4.7282
CCCCCc1ccc(C#Cc2nc(NOC)c3ncn([C@@H]4O[C@H](C(=O)NC)[C@@H](O)[C@H]4O)c3n2)cc1,4.4989
CNC(=O)[C@H]1O[C@@H](n2cnc3c(NOC)nc(C#Cc4ccc(C)cc4)nc32)[C@H](O)[C@@H]1O,4.8327
CNC(=O)[C@H]1O[C@@H](n2cnc3c(NOC)nc(C#Cc4ccccn4)nc32)[C@H](O)[C@@H]1O,4.7447
CNC(=O)[C@H]1O[C@@H](n2cnc3c(NOC)nc(I)nc32)[C@H](O)[C@@H]1O,4.9172
CCC(=O)[C@H]1O[C@@H](n2cnc3c(N)nc(C#Cc4ccccc4)nc32)[C@H](O)[C@@H]1O,5.7545
CONc1nc(C#Cc2ccc(OC)cc2)nc2c1ncn2[C@@H]1O[C@H](CO)[C@@H](O)[C@H]1O,5.7496
CONc1nc(C#Cc2ccc(C(N)=O)cc2)nc2c1ncn2[C@@H]1O[C@H](CO)[C@@H](O)[C@H]1O,5.5045
CONc1nc(C#Cc2ccc(C(C)=O)cc2)nc2c1ncn2[C@@H]1O[C@H](CO)[C@@H](O)[C@H]1O,5.5719
CONc1nc(C#Cc2ccc(CC#N)cc2)nc2c1ncn2[C@@H]1O[C@H](CO)[C@@H](O)[C@H]1O,5.5114
CONc1nc(C#Cc2cccc(C(F)(F)F)c2)nc2c1ncn2[C@@H]1O[C@H](CO)[C@@H](O)[C@H]1O,5.0825
CONc1nc(C#Cc2ccc(F)cc2)nc2c1ncn2[C@@H]1O[C@H](CO)[C@@H](O)[C@H]1O,5.4023
CCCCCc1ccc(C#Cc2nc(NOC)c3ncn([C@@H]4O[C@H](CO)[C@@H](O)[C@H]4O)c3n2)cc1,5.1858
CONc1nc(C#Cc2ccc(C)cc2)nc2c1ncn2[C@@H]1O[C@H](CO)[C@@H](O)[C@H]1O,4.4547
CONc1nc(C#Cc2ccncc2)nc2c1ncn2[C@@H]1O[C@H](CO)[C@@H](O)[C@H]1O,5.2000
CONc1nc(C#Cc2cccnc2)nc2c1ncn2[C@@H]1O[C@H](CO)[C@@H](O)[C@H]1O,4.9031
CONc1nc(C#Cc2ccccn2)nc2c1ncn2[C@@H]1O[C@H](CO)[C@@H](O)[C@H]1O,5.5287
CONc1nc(C#CC2CCCCC2O)nc2c1ncn2[C@@H]1O[C@H](CO)[C@@H](O)[C@H]1O,7.0410
CONc1nc(C#CCC(C)O)nc2c1ncn2[C@@H]1O[C@H](CO)[C@@H](O)[C@H]1O,6.1203
CONc1nc(C#CCCCC#N)nc2c1ncn2[C@@H]1O[C@H](CO)[C@@H](O)[C@H]1O,5.7399
CONc1nc(C#C[Si](C)(C)C)nc2c1ncn2[C@@H]1O[C@H](CO)[C@@H](O)[C@H]1O,5.2411
CCCCC#Cc1nc(NOC)c2ncn([C@@H]3O[C@H](CO)[C@@H](O)[C@H]3O)c2n1,6.5735
C#Cc1nc(NOC)c2ncn([C@@H]3O[C@H](CO)[C@@H](O)[C@H]3O)c2n1,5.5031
CONc1nc(C#Cc2ccccc2)nc2c1ncn2[C@@H]1O[C@@H](CO)[C@@H](O)[C@H]1O,5.3675
CONc1nc(I)nc2c1ncn2[C@@H]1O[C@H](CO)[C@@H](O)[C@H]1O,4.9066
CCNC(=O)[C@H]1O[C@@H](n2cnc3c(NC(=N)N)ncnc32)[C@H](O)[C@@H]1O,6.2020
Nc1nc(OCCc2cc3ccccc3[nH]2)nc2c1ncn2[C@@H]1O[C@H](CO)[C@@H](O)[C@H]1O,6.4283
Nc1nc(OCCc2cc[nH]c2)nc2c1ncn2[C@@H]1O[C@H](CO)[C@@H](O)[C@H]1O,7.0223
Cc1ccc(S(=O)(=O)n2cc(CCOc3nc(N)c4ncn([C@@H]5O[C@H](CO)[C@@H](O)[C@H]5O)c4n3)c3ccccc32)cc1,5.5735
Nc1nc(OCCc2c[nH]c3ccccc23)nc2c1ncn2[C@@H]1O[C@H](CO)[C@@H](O)[C@H]1O,7.3468
Nc1nc(OCCc2ccsc2)nc2c1ncn2[C@@H]1O[C@H](CO)[C@@H](O)[C@H]1O,7.8761
Nc1nc(OCCc2cccs2)nc2c1ncn2[C@@H]1O[C@H](CO)[C@@H](O)[C@H]1O,7.9626
Nc1nc(OCCc2ccc3ccccc3c2)nc2c1ncn2[C@@H]1O[C@H](CO)[C@@H](O)[C@H]1O,7.7932
Nc1nc(OCCc2ccc(F)cc2)nc2c1ncn2[C@@H]1O[C@H](CO)[C@@H](O)[C@H]1O,7.2457
Nc1nc(OCCc2cccc(F)c2)nc2c1ncn2[C@@H]1O[C@H](CO)[C@@H](O)[C@H]1O,7.1593
Nc1nc(OCCc2ccccc2F)nc2c1ncn2[C@@H]1O[C@H](CO)[C@@H](O)[C@H]1O,7.2358
C[C@@H](CCOc1nc(N)c2ncn([C@@H]3O[C@H](CO)[C@@H](O)[C@H]3O)c2n1)c1ccccc1,6.3840
Nc1nc(OCCCCc2ccccc2)nc2c1ncn2[C@@H]1O[C@H](CO)[C@@H](O)[C@H]1O,6.2848
Nc1nc(OCCCc2ccccc2)nc2c1ncn2[C@@H]1O[C@H](CO)[C@@H](O)[C@H]1O,6.3010
Nc1nc(OCCc2ccccc2)nc2c1ncn2[C@@H]1O[C@H](CO)[C@@H](O)[C@H]1O,8.0315
Nc1nc(OCCC2CCCCC2)nc2c1ncn2[C@@H]1O[C@H](CO)[C@@H](O)[C@H]1O,6.2373
CCOc1nc(N)c2ncn([C@@H]3O[C@H](CO)[C@@H](O)[C@H]3O)c2n1,6.4437
CCNC(=O)[C@H]1O[C@@H](n2cnc3c(N)nc(OCCc4c[nH]c5ccccc45)nc32)[C@H](O)[C@@H]1O,6.6021
Cc1ccc(S(=O)(=O)n2cc(CCOc3nc(NC(=N)N)c4ncn([C@@H]5O[C@H](CO)[C@@H](O)[C@H]5O)c4n3)c3ccccc32)cc1,6.4634
N=C(N)Nc1nc(OCCc2c[nH]c3ccccc23)nc2c1ncn2[C@@H]1O[C@H](CO)[C@@H](O)[C@H]1O,6.5575
Nc1nc(OCCn2cnc3ccccc32)nc2c1ncn2[C@@H]1O[C@H](CO)[C@@H](O)[C@H]1O,5.4123
Nc1nc(OCCc2c[nH]c3ccc(O)cc23)nc2c1ncn2[C@@H]1O[C@H](CO)[C@@H](O)[C@H]1O,6.3468
COc1ccc2[nH]cc(CCOc3nc(N)c4ncn([C@@H]5O[C@H](CO)[C@@H](O)[C@H]5O)c4n3)c2c1,5.8539
Nc1nc(OCCc2c[nH]c3c(Br)cccc23)nc2c1ncn2[C@@H]1O[C@H](CO)[C@@H](O)[C@H]1O,6.5986
Nc1nc(OCCc2c[nH]c3cccc(Br)c23)nc2c1ncn2[C@@H]1O[C@H](CO)[C@@H](O)[C@H]1O,7.4012
Nc1nc(OCCc2c[nH]c3cc(Br)ccc23)nc2c1ncn2[C@@H]1O[C@H](CO)[C@@H](O)[C@H]1O,7.1126
Nc1nc(OCCc2c[nH]c3cc(Cl)ccc23)nc2c1ncn2[C@@H]1O[C@H](CO)[C@@H](O)[C@H]1O,7.5331
Nc1nc(OCCc2c[nH]c3ccc(I)cc23)nc2c1ncn2[C@@H]1O[C@H](CO)[C@@H](O)[C@H]1O,6.0458
Nc1nc(OCCc2c[nH]c3ccc(Br)cc23)nc2c1ncn2[C@@H]1O[C@H](CO)[C@@H](O)[C@H]1O,6.2993
Nc1nc(OCCc2c[nH]c3ccc(Cl)cc23)nc2c1ncn2[C@@H]1O[C@H](CO)[C@@H](O)[C@H]1O,6.4089
Nc1nc(OCCc2c[nH]c3ccc(F)cc23)nc2c1ncn2[C@@H]1O[C@H](CO)[C@@H](O)[C@H]1O,6.4318
Cc1ccc(S(=O)(=O)n2c(CCOc3nc(N)c4ncn([C@@H]5O[C@H](CO)[C@@H](O)[C@H]5O)c4n3)cc3ccccc32)cc1,5.5901
CC(=O)Nc1cc(-c2ccccc2)nc(-c2ccccc2)n1,6.5929
O=C(Nc1nc(-c2ccccc2)cc(-c2ccccc2)n1)C1CC1,6.6421
CCC(=O)Nc1nc(-c2ccccc2)cc(-c2ccccc2)n1,6.1528
O=C(Nc1cc(-c2ccccc2)nc(-c2ccccc2)n1)C1CCCCC1,6.6819
O=C(Nc1cc(-c2ccccc2)nc(-c2ccccc2)n1)C1CCCC1,6.7077
O=C(Nc1cc(-c2ccccc2)nc(-c2ccccc2)n1)C1CCC1,6.7471
O=C(Nc1cc(-c2ccccc2)nc(-c2ccccc2)n1)C1CC1,6.7235
CCC(C)C(=O)Nc1cc(-c2ccccc2)nc(-c2ccccc2)n1,6.0462
CCC(CC)C(=O)Nc1cc(-c2ccccc2)nc(-c2ccccc2)n1,6.4191
CC(C)CC(=O)Nc1cc(-c2ccccc2)nc(-c2ccccc2)n1,6.8041
CC(C)C(=O)Nc1cc(-c2ccccc2)nc(-c2ccccc2)n1,6.4248
CCCC(=O)Nc1cc(-c2ccccc2)nc(-c2ccccc2)n1,6.9469
CCC(=O)Nc1cc(-c2ccccc2)nc(-c2ccccc2)n1,7.0799
CCCNc1c(C(=O)OC)cnc2c1cnn2CC(Cl)c1ccccc1,5.1151
CC(C)OC(=O)c1cnc2c(cnn2CC(Cl)c2ccccc2)c1NCCc1ccccc1,5.8190
CC(C)OC(=O)c1cnc2c(cnn2CC(Cl)c2ccccc2)c1NC1CC1,5.1248
CCCOC(=O)c1cnc2c(cnn2CC(Cl)c2ccccc2)c1NCCc1ccccc1,5.8671
CCCOC(=O)c1cnc2c(cnn2CC(Cl)c2ccccc2)c1N1CCCC1,5.7016
CCCNc1c(C(=O)OCCC)cnc2c1cnn2CC(Cl)c1ccccc1,5.8576
CCCOC(=O)c1cnc2c(cnn2CC(Cl)c2ccccc2)c1NC1CC1,5.8063
COC(=O)c1cnc2c(cnn2CC(Cl)c2ccccc2)c1NCCc1ccccc1,5.9094
COC(=O)c1cnc2c(cnn2CC(Cl)c2ccccc2)c1NCc1ccccc1,5.1207
CN1C[C@H](C(=O)N[C@@H](CCC2CCCCC2)C(=O)N[C@@H](Cc2ccc(F)cc2)C(=O)N2CCC[C@H]2C(N)=O)C=C2c3cccc4[nH]cc(c34)C[C@H]21,4.4815
CC(C)[C@H](NC(=O)[C@@H]1C=C2c3cccc4[nH]cc(c34)C[C@H]2N(C)C1)C(=O)N[C@@H](CCC1CCCCC1)C(=O)N1CCCC(C(N)=O)C1,4.3010
CC(C)[C@H](NC(=O)[C@@H]1C=C2c3cccc4[nH]cc(c34)C[C@H]2N(C)C1)C(=O)N[C@@H](CCC1CCCCC1)C(=O)N1c2ccccc2C[C@H]1C(N)=O,4.6021
CNc1nc(Cl)nc2c1ncn2[C@@H]1SC[C@@H](O)[C@H]1O,7.3468
COc1ccc(Cl)cc1CNc1nc(Cl)nc2c1ncn2[C@@H]1SC[C@@H](O)[C@H]1O,5.3958
O[C@@H]1[C@H](O)CS[C@H]1n1cnc2c(NCc3ccccc3Cl)nc(Cl)nc21,5.7959
O[C@@H]1[C@H](O)CS[C@H]1n1cnc2c(NCc3cccc(I)c3)nc(Cl)nc21,6.4672
O=C1NCC[C@@]12O[C@@H](n1cnc3c(NCc4cccc(I)c4)ncnc31)[C@H](O)[C@@H]2O,4.5258
COc1cccc(-n2cc3c(n2)c(N)nc2ccccc23)c1,6.3134
Cc1ccc(-n2cc3c(n2)c(N)nc2ccccc23)cc1,6.4828
Cc1cccc(-n2cc3c(n2)c(NC(=O)c2ccccc2)nc2ccccc23)c1,5.5577
CC(=O)Nc1nc2ccccc2c2cn(-c3ccc(C)cc3)nc12,5.8239
CCOC(=O)c1cnn(-c2nc(N[C@H]3CCCO3)c3ncn([C@@H]4O[C@H](CO)[C@@H](O)[C@H]4O)c3n2)c1,5.6180
CCNC(=O)c1cnn(-c2nc(N[C@H]3CCCO3)c3ncn([C@@H]4O[C@H](CO)[C@@H](O)[C@H]4O)c3n2)c1,5.8508
CNC(=O)c1cnn(-c2nc(N[C@H]3CCCO3)c3ncn([C@@H]4O[C@H](CO)[C@@H](O)[C@H]4O)c3n2)c1,6.1391
OCc1cnn(-c2nc(Nc3ncc4ccccc4n3)c3ncn([C@@H]4O[C@H](CO)[C@@H](O)[C@H]4O)c3n2)c1,6.4473
OCc1cnn(-c2nc(Nc3cnccn3)c3ncn([C@@H]4O[C@H](CO)[C@@H](O)[C@H]4O)c3n2)c1,5.9318
OCc1cnn(-c2nc(Nc3ccc4ccccc4n3)c3ncn([C@@H]4O[C@H](CO)[C@@H](O)[C@H]4O)c3n2)c1,6.6216
OCc1cnn(-c2nc(Nc3ccncc3)c3ncn([C@@H]4O[C@H](CO)[C@@H](O)[C@H]4O)c3n2)c1,5.8297
OCc1cnn(-c2nc(Nc3ccccn3)c3ncn([C@@H]4O[C@H](CO)[C@@H](O)[C@H]4O)c3n2)c1,5.9281
Cc1ccc(Nc2nc(-n3cc(CO)cn3)nc3c2ncn3[C@@H]2O[C@H](CO)[C@@H](O)[C@H]2O)cc1,5.6345
O=[N+]([O-])c1cc(O)c2c(c1)S(=O)(=O)N=C(Nc1ccccc1Oc1ccccc1)N2,4.6021
Cn1c(=O)c2c(nc3n2CCCN3CCc2ccc(O)cc2)n(C)c1=O,6.3603
Cn1c(=O)c2c(nc3n2CCCN3CCc2ccccc2)n(C)c1=O,5.5391
Cn1c(=O)c2c(nc3n2CCCN3CCc2c[nH]c3ccccc23)n(C)c1=O,5.3410
Nc1nc2ccccc2n2c(=O)c(-c3ccccc3)nn12,6.8729
O=C(NCc1ccccc1)Nc1nc2ccccc2n2c(=O)c(-c3ccccc3)nn12,6.9205
O=C(Nc1cccc(Cl)c1)Nc1nc2ccccc2n2c(=O)c(-c3ccccc3)nn12,6.2041
COc1ccc(NC(=O)Nc2nc3ccccc3n3c(=O)c(-c4ccccc4)nn23)cc1,6.5815
O=C(Nc1ccccc1)Nc1nc2ccccc2n2c(=O)c(-c3ccccc3)nn12,6.3371
O=C(c1ccccc1)N(C(=O)c1ccccc1)c1nc2ccccc2n2c(=O)c(-c3ccccc3)nn12,5.3188
O=C(Nc1nc2ccccc2n2c(=O)c(-c3ccccc3)nn12)c1ccccc1,5.9872
Cc1ccc(-c2nn3c(N)nc4ccc(Cl)cc4n3c2=O)cc1,8.6383
Nc1nc2ccc(Cl)cc2n2c(=O)c(-c3ccc(Cl)cc3)nn12,7.1707
Nc1nc2ccc(Cl)cc2n2c(=O)c(-c3ccccc3)nn12,8.3279
COc1ccc(-c2nn3c(N)nc4ccccc4n3c2=O)cc1,8.0458
Cc1ccc(-c2nn3c(N)nc4ccccc4n3c2=O)cc1,7.2958
Nc1nc2ccccc2n2c(=O)c(-c3ccc(Cl)cc3)nn12,6.3069
Nc1nc2ccccc2n2c(=O)c(-c3ccc(F)cc3)nn12,7.6968
CC(C)(C)OC(=O)N1[C@H]2CC[C@H]1[C@H](Nc1ncnc3c1ncn3[C@@H]1O[C@H](CO)[C@@H](O)[C@H]1O)C2,4.4597
OC[C@H]1O[C@@H](n2cnc3c(NC4CC5CCC4N5)ncnc32)[C@H](O)[C@@H]1O,5.1079
OC[C@H]1O[C@@H](n2cnc3c(N[C@@H]4CC[Se]C4)ncnc32)[C@H](O)[C@@H]1O,5.2596
OC[C@H]1O[C@@H](n2cnc3c(N[C@@H]4CCSC4)ncnc32)[C@H](O)[C@@H]1O,5.0132
CCCn1cnc2c1nc(N)n1nc(-c3ccco3)nc21,8.2291
COCCOc1ccc(N2CCN(CCn3cnc4c3nc(N)n3nc(-c5cccc[n+]5[O-])nc43)CC2)cc1,7.0472
COCCOc1ccc(N2CCN(CCn3cnc4c3nc(N)n3nc(-c5ccccn5)nc43)CC2)cc1,7.8996
COCCOc1ccc(N2CCN(CCn3cnc4c3nc(N)n3nc(-c5ccccc5C)nc43)CC2)cc1,7.6882
COCCOc1ccc(N2CCN(CCn3cnc4c3nc(N)n3nc(-c5ccccc5C(F)(F)F)nc43)CC2)cc1,8.0000
COCCOc1ccc(N2CCN(CCn3cnc4c3nc(N)n3nc(-c5ccccc5F)nc43)CC2)cc1,8.0315
COCCOc1ccc(N2CCN(CCn3cnc4c3nc(N)n3nc(-c5cccc(F)c5)nc43)CC2)cc1,8.6990
COCCOc1ccc(N2CCN(CCn3cnc4c3nc(N)n3nc(-c5ccccc5)nc43)CC2)cc1,8.4318
Nc1nc2c(ncn2CCN2CCN(c3ccc(Cl)cn3)CC2)c2nc(-c3ccco3)nn12,9.0458
Cc1ccc(N2CCN(CCn3cnc4c3nc(N)n3nc(-c5ccco5)nc43)CC2)nc1,9.0000
Nc1nc2c(ncn2CCN2CCN(c3nccs3)CC2)c2nc(-c3ccco3)nn12,8.7696
Nc1nc2c(ncn2CCN2CCN(c3ncc(F)cn3)CC2)c2nc(-c3ccco3)nn12,8.8539
Nc1nc2c(ncn2CCN2CCN(c3cccc(Cl)c3)CC2)c2nc(-c3ccco3)nn12,9.3979
Nc1nc2c(ncn2CCN2CCN(c3ccc(Cl)cc3F)CC2)c2nc(-c3ccco3)nn12,9.5229
Nc1nc2c(ncn2CCN2CCC(c3ccc(F)cc3)CC2)c2nc(-c3ccco3)nn12,9.0458
COCCOc1ccc(C2CCN(CCn3cnc4c3nc(N)n3nc(-c5ccco5)nc43)CC2)cc1,9.1549
Nc1nc2c(ncn2CCN2CCN(c3ccc(F)cc3F)CC2)c2nc(-c3ccco3)nn12,9.1549
COCCOc1ccc(N2CCN(CCn3cnc4c3nc(N)n3nc(-c5ccco5)nc43)CC2)c(C(F)(F)F)c1,9.3979
COCCOc1ccc(N2CCN(CCn3cnc4c3nc(N)n3nc(-c5ccco5)nc43)CC2)c(F)c1,9.0969
COCCOc1ccc(N2CCN(CCn3cnc4c3nc(N)n3nc(-c5ccco5)nc43)CC2)cc1,9.0458
COc1ccc(N2CCN(CCn3cnc4c3nc(N)n3nc(-c5ccco5)nc43)CC2)cc1,10.0000
Nc1nc2c(ncn2Cc2ccccc2C(F)(F)F)c2nc(-c3ccco3)nn12,8.3372
Nc1nc2c(ncn2Cc2ccccc2Cl)c2nc(-c3ccco3)nn12,8.7696
Nc1nc2c(ncn2Cc2ccccc2Br)c2nc(-c3ccco3)nn12,8.3372
Nc1nc2c(ncn2Cc2ccccc2)c2nc(-c3ccco3)nn12,8.8239
Nc1nc2c(ncn2CCN2CCN(c3ccccc3)CC2)c2nc(-c3ccco3)nn12,8.7696
Nc1nc2c(ncn2CCc2ccccc2)c2nc(-c3ccco3)nn12,8.3872
Nc1nc2c(ncn2CCN2CCOCC2)c2nc(-c3ccco3)nn12,8.2007
Nc1nc2c(cnn2CCN2CCN(c3ccccc3)CC2)c2nc(-c3ccco3)nn12,8.7959
Nc1nc2c(cnn2CCN2CCN(c3c(F)cc(F)cc3F)CC2)c2nc(-c3ccco3)nn12,8.9586
Nc1nc2c(cnn2CCN2CCN(c3ccc(F)c(F)c3F)CC2)c2nc(-c3ccco3)nn12,9.2218
Nc1nc2c(cnn2CCN2CCN(c3ccc(F)c(F)c3)CC2)c2nc(-c3ccco3)nn12,8.8539
Nc1nc2c(cnn2CCN2CCN(c3ccc(F)cc3F)CC2)c2nc(-c3ccco3)nn12,9.2218
Nc1nc2c(cnn2CCN2CCN(c3ccccc3F)CC2)c2nc(-c3ccco3)nn12,9.2218
Nc1nc2c(cnn2CCN2CCN(c3ccc(Cl)cc3)CC2)c2nc(-c3ccco3)nn12,9.3010
Nc1nc2c(cnn2CCN2CCN(c3ccc(F)cc3)CC2)c2nc(-c3ccco3)nn12,9.0000
N#Cc1ccc(N2CCN(CCn3ncc4c3nc(N)n3nc(-c5ccco5)nc43)CC2)cc1,8.6778
CCOc1ccc(N2CCN(CCn3ncc4c3nc(N)n3nc(-c5ccco5)nc43)CC2)cc1,8.8539
Nc1nc2c(cnn2CCN2CCN(c3ccc(O)cc3)CC2)c2nc(-c3ccco3)nn12,8.8861
Nc1nc2c(cnn2CCN2CCN(c3ccc(OCCOC4CC4)cc3)CC2)c2nc(-c3ccco3)nn12,9.2218
COCCCOc1ccc(N2CCN(CCn3ncc4c3nc(N)n3nc(-c5ccco5)nc43)CC2)cc1,9.2218
C[S+]([O-])COc1ccc(N2CCN(CCn3ncc4c3nc(N)n3nc(-c5ccco5)nc43)CC2)cc1,8.6576
CC(=O)COc1ccc(N2CCN(CCn3ncc4c3nc(N)n3nc(-c5ccco5)nc43)CC2)cc1,9.0969
COC(C)COc1ccc(N2CCN(CCn3ncc4c3nc(N)n3nc(-c5ccco5)nc43)CC2)cc1,8.7959
Nc1nc2c(cnn2CCN2CCN(c3ccc(OCCO)cc3)CC2)c2nc(-c3ccco3)nn12,9.2218
COCCOc1ccc(N2CCN(CCn3ncc4c3nc(N)n3nc(-c5ccco5)nc43)CC2)c(F)c1,9.3979
COCCOc1ccc(N2CCN(CCn3ncc4c3nc(N)n3nc(-c5ccco5)nc43)CC2)cc1,8.9793
COc1ccccc1CN1CCCn2c1nc1c2c(=O)n(C)c(=O)n1C,4.9469
Nc1cc(-n2cccn2)nc(-c2ccco2)n1,8.5376
O=C(CN1CCOCC1)Nc1cc(-n2cccn2)nc(-c2ccco2)n1,8.7959
CN1CCN(CC(=O)Nc2cc(-n3cccn3)nc(-c3ccco3)n2)CC1,8.5686
CN(C)CC(=O)Nc1cc(-n2cccn2)nc(-c2ccco2)n1,8.2840
Cc1cc(C)n(-c2cc(NC(=O)CN3CCN(C)CC3)nc(-c3ccco3)n2)n1,8.6990
CN1CCN(CC(=O)Nc2cc(-c3nccs3)nc(-c3ccco3)n2)CC1,9.0458
OC[C@H]1O[C@@H](n2cnc3c(N[C@@H]4CCOC4)nc(Cl)nc32)[C@H](O)[C@@H]1O,5.3382
OC[C@H]1O[C@@H](n2cnc3c(N[C@@H]4CCOC4)ncnc32)[C@H](O)[C@@H]1O,5.4150
CNC(=S)OC[C@H]1O[C@@H](n2cnc3c(N[C@@H]4CCOC4)nc(Cl)nc32)[C@](C)(O)[C@@H]1O,4.7986
CNC(=S)OC[C@H]1O[C@@H](n2cnc3c(NC4CCCC4)nc(Cl)nc32)[C@](C)(O)[C@@H]1O,5.0575
CNC(=O)OC[C@H]1O[C@@H](n2cnc3c(NC4CCCC4)nc(Cl)nc32)[C@](C)(O)[C@@H]1O,4.9830
Cn1c(=O)c2c(nc(/C=C/c3cccc(Cl)c3)n2C)n(C)c1=O,7.4191
CCn1c(=O)[nH]c2nc(-c3cnn(Cc4ccccc4)c3)[nH]c2c1=O,5.4202
O=c1[nH]c2nc(-c3cnn(Cc4cccc(F)c4)c3)[nH]c2c(=O)n1CC1CC1,7.0000
CCCn1c(=O)[nH]c2nc(-c3cnn(Cc4cccc(F)c4)c3)[nH]c2c1=O,5.7620
O=c1[nH]c2nc(-c3cnn(Cc4ccccc4)c3)[nH]c2c(=O)n1CC1CC1,5.5591
CCCCn1c(=O)[nH]c2nc(-c3cnn(Cc4ccccc4)c3)[nH]c2c1=O,5.4685
CC(=O)Nc1cc(-n2cccn2)nc(-c2ccco2)n1,9.2218
Cc1ccc(-c2nc(NC(=O)CCc3ccccc3F)cc(-c3nccs3)n2)o1,7.7959
Cc1ccc(-c2nc(NC(=O)COc3ccccc3F)cc(-c3nccs3)n2)o1,8.1249
Cc1cc(OCC(=O)Nc2cc(-n3nc(C)cc3C)nc(-c3ccc(C)o3)n2)cc(C)n1,9.1549
Cc1cc(C)nc(OCC(=O)Nc2cc(-n3nc(C)cc3C)nc(-c3ccc(C)o3)n2)n1,8.4318
COc1cc(OCC(=O)Nc2cc(-n3nc(C)cc3C)nc(-c3ccc(C)o3)n2)ccc1CN(C)C,9.5229
COc1cc(CN(C)C)ccc1OCC(=O)Nc1cc(-n2nc(C)cc2C)nc(-c2ccc(C)o2)n1,9.6990
Cc1cc(C)n(-c2cc(NC(=O)COc3ccc(CN(C)C)cc3)nc(-c3ccc(C)o3)n2)n1,9.5229
Cc1cc(C)n(-c2cc(NC(=O)COc3ccccc3CCN3CCOCC3)nc(-c3ccc(C)o3)n2)n1,8.9208
COc1cccc(CN(C)C)c1OCC(=O)Nc1cc(-n2nc(C)cc2C)nc(-c2ccc(C)o2)n1,8.2441
COc1ccc(OCC(=O)Nc2cc(-n3nc(C)cc3C)nc(-c3ccc(C)o3)n2)c(CN(C)C)c1,9.0458
Cc1ccc(OCC(=O)Nc2cc(-n3nc(C)cc3C)nc(-c3ccc(C)o3)n2)c(CN(C)C)c1,9.0000
Cc1cc(C)n(-c2cc(NC(=O)COc3ccccc3CN(C)C)nc(-c3ccc(C)o3)n2)n1,9.0000
Cc1cc(C)n(-c2cc(NC(=O)COc3cccc(CCN4CCOCC4)c3)nc(-c3ccc(C)o3)n2)n1,8.6383
Cc1cc(C)n(-c2cc(NC(=O)COc3cccc(CCN(C)C)c3)nc(-c3ccc(C)o3)n2)n1,9.3010
Cc1cc(C)n(-c2cc(NC(=O)COc3cc(F)cc(CN4CCOCC4)c3)nc(-c3ccc(C)o3)n2)n1,8.8539
Cc1cc(C)n(-c2cc(NC(=O)COc3cc(F)cc(CN4CCCC4)c3)nc(-c3ccc(C)o3)n2)n1,9.3010
Cc1cc(C)n(-c2cc(NC(=O)COc3cc(F)cc(CN(C)C)c3)nc(-c3ccc(C)o3)n2)n1,9.3010
Cc1cc(C)n(-c2cc(NC(=O)COc3cccc(CN)c3)nc(-c3ccc(C)o3)n2)n1,9.3389
Cc1cc(C)n(-c2cc(NC(=O)COc3cccc(CN4CCOCC4)c3)nc(-c3ccc(C)o3)n2)n1,8.9208
CCN(C)Cc1cccc(OCC(=O)Nc2cc(-n3nc(C)cc3C)nc(-c3ccc(C)o3)n2)c1,9.5229
CCNCc1cccc(OCC(=O)Nc2cc(-n3nc(C)cc3C)nc(-c3ccc(C)o3)n2)c1,9.5229
Cc1cc(C)n(-c2cc(NC(=O)COc3cccc(CN(C)C)c3)nc(-c3ccc(C)o3)n2)n1,9.3979
N#Cc1cccc(OCC(=O)Nc2cc(-c3nccs3)nc(-c3ccccn3)n2)c1,8.7447
O=C(COc1cccc(F)c1)Nc1cc(-c2nccs2)nc(-c2ccccn2)n1,8.4437
Cc1cc(C)n(-c2cc(NC(=O)COc3cccc(F)c3)nc(-c3ccc(C)o3)n2)n1,8.4318
Cc1ccc(OCC(=O)Nc2cc(-c3nccs3)nc(-c3ccc(C)o3)n2)cc1,7.4437
Cc1ccc(-c2nc(NC(=O)COc3cccc(Cl)c3)cc(-c3nccs3)n2)o1,7.8539
Cc1ccc(-c2nc(NC(=O)COc3cccc(C#N)c3)cc(-c3nccs3)n2)o1,8.1675
Cc1ccc(-c2nc(NC(=O)COc3cccc(F)c3)cc(-c3nccs3)n2)o1,7.9586
Cc1ccc(-c2nc(NC(=O)COc3ccccc3)cc(-c3nccs3)n2)o1,8.1308
CN1C(=O)C2Nc3cccnc3C2N(C)C1=O,6.0491
CN1C(=O)C2C(c3ccncc3N2C)N(C)C1=O,5.3778
Oc1c(Br)cc2[nH]c3cnccc3c2c1Br,5.3080
CN1C(=O)C2C(c3ncccc3N2C)N(C)C1=O,5.1586
CN1C(=O)C2Nc3cnccc3C2N(C)C1=O,4.9957
CCNC(=O)[C@H]1O[C@@H](n2cnc3c(NCC(c4ccccc4)c4ccccc4)nc(NCCC4CCCCC4)nc32)[C@H](O)[C@@H]1O,6.0000
CCNC(=O)[C@H]1O[C@@H](n2cnc3c(NCC(c4ccccc4)c4ccccc4)nc(C(=O)NCCN4CCCCC4)nc32)[C@H](O)[C@@H]1O,8.0458
CCNC(=O)[C@H]1O[C@@H](n2cnc3c(NCC(c4ccccc4)c4ccccc4)nc(CNC(=O)NCCN(C(C)C)C(C)C)nc32)[C@H](O)[C@@H]1O,7.9586
CCNC(=O)[C@H]1O[C@@H](n2cnc3c(NCC(c4ccccc4)c4ccccc4)nc(CNC(=O)NCCN4CCCCC4)nc32)[C@H](O)[C@@H]1O,7.7696
O=C(NCCN1CCCCC1)c1nc(NCC(c2ccccc2)c2ccccc2)c2ncn([C@@H]3O[C@H](CO)[C@@H](O)[C@H]3O)c2n1,7.1871
COC[C@H]1O[C@@H](n2cnc3c(NCC(c4ccccc4)c4ccccc4)nc(CNC4CCCCC4)nc32)[C@H](O)[C@@H]1O,7.0000
COC[C@H]1O[C@@H](n2cnc3c(NCC(c4ccccc4)c4ccccc4)nc(CCNC4CCCCC4)nc32)[C@H](O)[C@@H]1O,7.5528
COC[C@H]1O[C@@H](n2cnc3c(NCC(c4ccccc4)c4ccccc4)nc(NCCN4CCCCC4)nc32)[C@H](O)[C@@H]1O,7.2218
COC[C@H]1O[C@@H](n2cnc3c(NCC(c4ccccc4)c4ccccc4)nc(NCCC4CCCCC4)nc32)[C@H](O)[C@@H]1O,5.9957
CCNC(=O)[C@H]1O[C@@H](n2cnc3c(NCC(c4ccccc4)c4ccccc4)nc(CNC(=O)NCCN(C4CCCCC4)C(C)(C)C)nc32)[C@H](O)[C@@H]1O,7.4815
CCNC(=O)[C@H]1O[C@@H](n2cnc3c(NCC(c4ccccc4)c4ccccc4)nc(CNC(=O)NCCN(C(C)C)C4CCCC4)nc32)[C@H](O)[C@@H]1O,8.2218
COc1ccc(CC(=O)Nc2cc(-n3nc(C)cc3C)nc(-c3ccc(C)o3)n2)cc1,8.3979
Cc1cc(C)n(-c2cc(NC(=O)Cc3ccc(CN4CCOCC4)cc3)nc(-c3ccc(C)o3)n2)n1,9.0969
Cc1cc(C)n(-c2cc(NC(=O)Cc3ccc(CN(C)C)cc3)nc(-c3ccc(C)o3)n2)n1,9.6990
Cc1cc(C)n(-c2cc(NC(=O)Cc3ccc(N(C)C)cc3)nc(-c3ccc(C)o3)n2)n1,8.6990
Cc1cc(C)n(-c2cc(NC(=O)Cc3ccc(NS(C)(=O)=O)cc3)nc(-c3ccc(C)o3)n2)n1,8.3010
COc1ccc(CC(=O)Nc2cc(-n3nc(C)cc3C)nc(-c3ccc(C)o3)n2)cc1C,8.5229
COc1ccc(CC(=O)Nc2cc(-n3nc(C)cc3C)nc(-c3ccc(C)o3)n2)cc1F,8.5229
Cc1cc(C)n(-c2cc(NC(=O)Cc3ccc(F)c(F)c3)nc(-c3ccc(C)o3)n2)n1,8.3010
Cc1cc(C)n(-c2cc(NC(=O)Cc3cc(F)cc(F)c3)nc(-c3ccc(C)o3)n2)n1,8.3010
COc1cc(CC(=O)Nc2cc(-n3nc(C)cc3C)nc(-c3ccc(C)o3)n2)cc(OC)c1,8.6990
COc1ccc(CC(=O)Nc2cc(-n3nc(C)cc3C)nc(-c3ccc(C)o3)n2)cc1OC,8.6990
Cc1cc(C)n(-c2cc(NC(=O)Cc3ccc(S(C)(=O)=O)cc3)nc(-c3ccccn3)n2)n1,8.0000
Cc1cc(C)cc(CC(=O)Nc2cc(-n3nc(C)cc3C)nc(-c3ccccn3)n2)c1,8.5229
CCOc1ccc(CC(=O)Nc2cc(-n3nc(C)cc3C)nc(-c3ccccn3)n2)cc1OC,9.0000
COc1cc(CC(=O)Nc2cc(-n3nc(C)cc3C)nc(-c3ccccn3)n2)cc(OC)c1,9.0000
COc1ccc(CC(=O)Nc2cc(-c3nccs3)nc(-c3ccccn3)n2)cc1,9.0000
COc1ccc(CC(=O)Nc2cc(-n3nc(C)cc3C)nc(-c3ccccn3)n2)cc1,9.0000
COc1ccc(CC(=O)Nc2cc(-c3nccs3)nc(-c3ccc(C)o3)n2)cc1,8.2218
COc1ccc(CC(=O)Nc2cc(-n3cccn3)nc(-c3ccc(C)o3)n2)cc1,8.0000
CCCOc1cc(NC(C)=O)nc(SC)n1,5.9504
CCCSc1nc(NC(C)=O)cc(OCc2ccccc2Cl)n1,5.3821
CCCOc1cc(NC(=O)CC)nc(SCCC)n1,7.1487
CCCOc1cc(NC(=O)CC)nc(SC)n1,6.4001
Cc1cc(C)n(-c2cc(NC(=O)CN3CCN(C)CC3)nc(-c3nccs3)n2)n1,8.0458
Cc1cc(C)n(-c2cc(NC(=O)CN3CCN(C)CC3)nc(-c3ccccn3)n2)n1,7.5935
CN1CCN(CC(=O)Nc2cc(-n3cccn3)nc(-c3ccccn3)n2)CC1,7.2725
CN1CCN(CC(=O)Nc2cc(-n3cccn3)nc(-c3nccs3)n2)CC1,7.7696
Cc1cc(C)n(-c2nc(NC(=O)CN3CCN(C)CC3)cc(-c3ocnc3C)n2)n1,6.7212
Cc1cc(C)n(-c2nc(NC(=O)CN3CCN(C)CC3)cc(-c3cnco3)n2)n1,6.0000
Cc1cc(C)n(-c2nc(NC(=O)CN3CCN(C)CC3)cc(-c3nccs3)n2)n1,7.5686
CN1CCN(CC(=O)Nc2cc(-n3cccn3)nc(-n3cccn3)n2)CC1,6.8827
CN1CCN(CC(=O)Nc2cc(-c3ccccn3)nc(-c3cccs3)n2)CC1,7.6198
Cc1ccc(-c2nc(NC(=O)CN3CCN(C)CC3)cc(-c3nccs3)n2)o1,7.2924
Cc1cc(C)n(-c2cc(NC(=O)CN3CCN(C)CC3)nc(-c3ccc(C)o3)n2)n1,7.9208
Cc1ccc(-c2nc(NC(=O)CN3CCN(C)CC3)cc(-n3nccc3C)n2)o1,7.8539
Cc1ccc(-c2nc(NC(=O)CN3CCN(C)CC3)cc(-n3cccn3)n2)o1,6.8697
Cc1cc(C)n(-c2cc(NC(=O)CCN3CC[C@H](N(C)C)C3)nc(-c3ccc(C)o3)n2)n1,8.6198
Cc1cc(C)n(-c2cc(NC(=O)CCN(C)C)nc(-c3ccc(C)o3)n2)n1,8.6778
Cc1cc(C)n(-c2cc(NC(=O)CN3CC[C@@H](CN(C)C)C3)nc(-c3ccc(C)o3)n2)n1,8.6778
Cc1cc(C)n(-c2cc(NC(=O)CN3CC[C@H](CN(C)C)C3)nc(-c3ccc(C)o3)n2)n1,7.9586
CCN(CC)[C@H]1CCN(CC(=O)Nc2cc(-n3nc(C)cc3C)nc(-c3ccc(C)o3)n2)C1,8.3565
CCN[C@H]1CCN(CC(=O)Nc2cc(-n3nc(C)cc3C)nc(-c3ccc(C)o3)n2)C1,8.6021
CCN[C@@H]1CCN(CC(=O)Nc2cc(-n3nc(C)cc3C)nc(-c3ccc(C)o3)n2)C1,8.4202
Cc1cc(C)n(-c2cc(NC(=O)CN3CC[C@H](OC(C)C)C3)nc(-c3ccc(C)o3)n2)n1,7.0655
Cc1cc(C)n(-c2cc(NC(=O)CN3CC[C@@H](N(C)C)C3)nc(-c3ccc(C)o3)n2)n1,8.3979
Cc1cc(C)n(-c2cc(NC(=O)CN3CC[C@H](N(C)C)C3)nc(-c3ccc(C)o3)n2)n1,8.4318
Cc1cc(C)n(-c2cc(NC(=O)CN3CCCC3)nc(-c3ccc(C)o3)n2)n1,8.0655
Cc1cc(C)n(-c2cc(NC(=O)CC3CCN(C)CC3)nc(-c3ccc(C)o3)n2)n1,8.2676
COC1CCN(CC(=O)Nc2cc(-n3nc(C)cc3C)nc(-c3ccc(C)o3)n2)CC1,7.8239
Cc1cc(C)n(-c2cc(NC(=O)CN3CCCOCC3)nc(-c3ccc(C)o3)n2)n1,8.2218
Cc1cc(C)n(-c2cc(NC(=O)CN3CCOCC3)nc(-c3ccc(C)o3)n2)n1,8.2441
CC(=O)N1CCN(CC(=O)Nc2cc(-n3nc(C)cc3C)nc(-c3ccc(C)o3)n2)CC1,8.4437
Cc1cc(C)n(-c2cc(NC(=O)CN3CCC(CN(C)C)CC3)nc(-c3ccc(C)o3)n2)n1,8.5376
Cc1cc(C)n(-c2cc(NC(=O)CN3CCC[C@@H](CN(C)C)C3)nc(-c3ccc(C)o3)n2)n1,8.8239
Cc1cc(C)n(-c2cc(NC(=O)CN3CCC[C@H](CN(C)C)C3)nc(-c3ccc(C)o3)n2)n1,8.0000
Cc1cc(C)n(-c2cc(NC(=O)CN3CCCN(C)CC3)nc(-c3ccc(C)o3)n2)n1,8.0000
CCN1CCN(CC(=O)Nc2cc(-n3nc(C)cc3C)nc(-c3ccc(C)o3)n2)CC1,7.9586
Cc1ccc(N2CCN(C(=O)C(C)Oc3ccc(-c4cc5c([nH]4)c(=O)n(C)c(=O)n5C)cc3)CC2)cc1,6.4100
Cn1c(=O)c2[nH]c(-c3ccc(OC(C)(C)C(=O)N4CCN(c5nc6cc(Cl)ccc6s5)CC4)cc3)cc2n(C)c1=O,5.0000
Cn1c(=O)c2[nH]c(-c3ccc(OCC(=O)N4CCN(c5ccc(F)cc5)CC4)cc3)cc2n(C)c1=O,6.4900
CC(Oc1ccc(-c2cc3c([nH]2)c(=O)n(C)c(=O)n3C)cc1)C(=O)N1CCN(c2ccc(Br)cc2)CC1,6.5700
Cn1c(=O)c2[nH]c(-c3ccc(OCC(=O)N4CCN(c5ccc(C#N)cc5)CC4)cc3)cc2n(C)c1=O,6.4500
Cn1c(=O)c2[nH]c(-c3ccc(OCC(=O)N4CCN(c5ccccc5Cl)CC4)cc3)cc2n(C)c1=O,6.4500
Cn1c(=O)c2[nH]c(-c3ccc(OCC(=O)N4CCN(c5ccccc5)CC4)cc3)cc2n(C)c1=O,6.9700
Cn1c(=O)c2[nH]c(-c3ccc(OCC(=O)N4CCN(c5ccc(C(F)(F)F)cc5)CC4)cc3)cc2n(C)c1=O,6.8800
Cn1c(=O)c2[nH]c(-c3ccc(OCC(=O)N4CCN(c5nc6cc(Cl)ccc6s5)CC4)cc3)cc2n(C)c1=O,6.7400
Cn1c(=O)c2[nH]c(-c3ccc(OCC(=O)N4CCN(c5ccc(Br)cc5)CC4)cc3)cc2n(C)c1=O,6.9400
Cn1c(=O)c2[nH]c(-c3ccc(OCC(=O)N4CCN(c5ccc(Cl)cc5)CC4)cc3)cc2n(C)c1=O,6.4000
Cn1c(=O)c2[nH]c(-c3ccc(OCC(=O)N4CCN(c5cccc(Cl)c5)CC4)cc3)cc2n(C)c1=O,6.8100
CCCn1c(=O)c2[nH]c(-c3ccc(OCC(=O)N4CCN(c5cccc(Cl)c5)CC4)cc3)cc2n(CCC)c1=O,6.9400
CN1CCN(C(=O)COc2ccc(-c3cc4c([nH]3)c(=O)n(C)c(=O)n4C)cc2)CC1,6.1000
CC(Oc1ccc(-c2cc3c([nH]2)c(=O)n(C)c(=O)n3C)cc1)C(=O)N1CCN(c2ccccc2Cl)CC1,6.1300
Cn1c(=O)c2[nH]c(-c3ccc(OCC(=O)N4CCN(c5ccccn5)CC4)cc3)cc2n(C)c1=O,6.1500
COc1cc(-c2cc3c([nH]2)c(=O)n(C)c(=O)n3C)ccc1OCC(=O)N1CCN(c2ccccc2)CC1,5.8400
Cn1c(=O)c2[nH]c(-c3ccc(OCC(=O)N4CCN(Cc5ccccc5)CC4)cc3)cc2n(C)c1=O,5.8100
COc1ccccc1N1CCN(C(=O)COc2ccc(-c3cc4c([nH]3)c(=O)n(C)c(=O)n4C)cc2)CC1,5.6300
COc1cc(OCC(=O)N2CCN(c3ccccc3)CC2)ccc1-c1cc2c([nH]1)c(=O)n(C)c(=O)n2C,5.1500
Cn1c(=O)c2[nH]c(-c3ccc(OC(C)(C)C(=O)N4CCN(c5ccccc5)CC4)cc3)cc2n(C)c1=O,6.7600
Cn1c(=O)c2[nH]c(-c3ccc(OCC(=O)N4CCN(c5ccc(O)cc5)CC4)cc3)cc2n(C)c1=O,6.2100
CC(Oc1ccc(-c2cc3c([nH]2)c(=O)n(C)c(=O)n3C)cc1)C(=O)N1CCN(c2ccccc2)CC1,6.4500
Cn1c(=O)c2[nH]c(-c3ccc(OCC(=O)N4CCN(c5ncccn5)CC4)cc3)cc2n(C)c1=O,6.3800
COc1ccc(N2CCN(C(=O)COc3ccc(-c4cc5c([nH]4)c(=O)n(C)c(=O)n5C)cc3)CC2)cc1,6.7700
Cn1c(=O)c2[nH]c(-c3ccc(OCC(=O)N4CCN(c5c(Cl)cncc5Cl)CC4)cc3)cc2n(C)c1=O,6.4900
CCCn1c(=O)n(C)c(=O)c2[nH]c(-c3ccc(OCC(=O)N4CCN(c5ccc(C(F)(F)F)cc5)CC4)cc3)cc21,6.4900
CCCn1c(=O)c2[nH]c(-c3ccc(OCC(=O)N4CCN(C(c5ccccc5)c5ccccc5)CC4)cc3)cc2n(CCC)c1=O,5.8000
CCCn1c(=O)c2[nH]c(-c3ccc(OCC(=O)N4CCN(C(=O)OCc5ccccc5)CC4)cc3)cc2n(CCC)c1=O,6.8200
CCCn1c(=O)c2[nH]c(-c3ccc(OC(C)(C)C(=O)N4CCN(c5ccccc5)CC4)cc3)cc2n(CCC)c1=O,6.5800
CCCn1c(=O)c2[nH]c(-c3ccc(OCC(=O)N4CCN(C(=O)Oc5ccccc5)CC4)cc3)cc2n(CCC)c1=O,6.8100
CCCn1c(=O)c2[nH]c(-c3ccc(OCC(=O)N4CCN(c5nc6ccc(Cl)cc6s5)CC4)cc3)cc2n(CCC)c1=O,6.0900
CCCn1c(=O)c2[nH]c(-c3ccc(OCC(=O)N4CCN(c5c(Cl)cncc5Cl)CC4)cc3)cc2n(CCC)c1=O,7.1300
CCCn1c(=O)c2[nH]c(-c3ccc(OCC(=O)N4CCN(c5ccccc5Cl)CC4)cc3)cc2n(CCC)c1=O,7.4200
CCCn1c(=O)c2[nH]c(-c3ccc(OC(C)C(=O)N4CCN(c5ccccc5)CC4)cc3)cc2n(CCC)c1=O,6.6200
CCCn1c(=O)c2[nH]c(-c3ccc(OCC(=O)N4CCN(Cc5ccccc5)CC4)cc3)cc2n(CCC)c1=O,6.5900
CCCn1c(=O)c2[nH]c(-c3ccc(OCC(=O)N4CCN(c5ccccc5)CC4)cc3)cc2n(CCC)c1=O,6.7900
CCCn1c(=O)c2[nH]c(-c3ccc(OCC(=O)N4CCN(c5ccc(C(F)(F)F)cc5)CC4)cc3)cc2n(CCC)c1=O,6.7600
CCCn1c(=O)c2[nH]c(-c3ccc(OCC(=O)N4CCN(c5ccccc5Cl)CC4)cc3)cc2n(C)c1=O,6.6500
CCCn1c(=O)n(C)c(=O)c2[nH]c(-c3ccc(OCC(=O)N4CCN(c5ccccc5)CC4)cc3)cc21,6.1500
CCn1c(=O)c2[nH]c(-c3ccc(OCC(=O)N4CCN(c5ccccc5)CC4)cc3)cc2n(CC)c1=O,6.1600
CCCn1c(=O)n(C)c(=O)c2[nH]c(-c3ccc(OCC(=O)N4CCN(c5ccc(F)cc5)CC4)cc3)cc21,6.3300
CCCn1c(=O)n(C)c(=O)c2[nH]c(-c3ccc(OCC(=O)N4CCN(c5ccccc5Cl)CC4)cc3)cc21,5.9600
CCCn1c(=O)c2[nH]c(-c3ccc(OCC(=O)N4CCN(c5ccccc5)CC4)cc3)cc2n(C)c1=O,6.5000
O=C(COc1ccc(-c2cc3c([nH]2)c(=O)n(CC2CC2)c(=O)n3CC2CC2)cc1)N1CCN(c2ccccc2)CC1,7.3100
CCCn1c(=O)n(C)c(=O)c2[nH]c(-c3ccc(OCC(=O)N4CCN(c5cccc(Cl)c5)CC4)cc3)cc21,6.3200
CCCn1c(=O)n(C)c(=O)c2[nH]c(-c3ccc(OCC(=O)N4CCN(c5nc6ccc(Cl)cc6s5)CC4)cc3)cc21,6.2000
COCCn1c(=O)c2[nH]c(-c3ccc(OCC(=O)N4CCN(c5ccccc5)CC4)cc3)cc2n(CCOC)c1=O,6.4000
CCCn1c(=O)n(C)c(=O)c2[nH]c(-c3ccc(OCC(=O)N4CCN(c5c(Cl)cncc5Cl)CC4)cc3)cc21,6.1900
CCCn1c(=O)n(C)c(=O)c2[nH]c(-c3ccc(OC(C)(C)C(=O)N4CCN(c5ccccc5)CC4)cc3)cc21,6.2500
COc1ccc(C2CCN(C(=O)COc3ccc(-c4cc5c([nH]4)c(=O)n(C)c(=O)n5C)cc3OC)CC2)cc1,6.0600
CCCn1c(=O)c2[nH]c(-c3ccc(OCC(=O)N4CCC(c5ccccc5)(c5ccccc5)CC4)cc3)cc2n(CCC)c1=O,5.9800
CCCn1c(=O)c2[nH]c(-c3ccc(OCC(=O)N4CCC(c5ccccc5)CC4)cc3)cc2n(CCC)c1=O,6.2300
CCCn1c(=O)c2[nH]c(-c3ccc(OCC(=O)N4CCC(O)(c5ccccc5)CC4)cc3)cc2n(CCC)c1=O,5.9400
Cn1c(=O)c2[nH]c(-c3ccc(OCC(=O)N4CCC(c5ccccc5)CC4)cc3)cc2n(C)c1=O,6.1000
Cn1c(=O)c2[nH]c(-c3ccc(OCC(=O)N4CCC(C(=O)c5ccc(F)cc5)CC4)cc3)cc2n(C)c1=O,6.5200
CCCn1c(=O)n(C)c(=O)c2[nH]c(-c3ccc(OCC(=O)N4CCC(c5ccccc5OC)CC4)cc3)cc21,6.3900
CCCn1c(=O)n(C)c(=O)c2[nH]c(-c3ccc(OCC(=O)N4CCC(c5ccccc5)(c5ccccc5)CC4)cc3)cc21,5.4500
Cn1c(=O)c2[nH]c(-c3ccc(OCC(=O)N4CCC(O)(c5ccc(Cl)cc5)CC4)cc3)cc2n(C)c1=O,6.4900
CCCn1c(=O)n(C)c(=O)c2[nH]c(-c3ccc(OCC(=O)N4CCC(c5ccccc5)CC4)cc3)cc21,5.9900
CCCn1c(=O)n(C)c(=O)c2[nH]c(-c3ccc(OCC(=O)N4CCC(c5ccc(OC)cc5)CC4)cc3)cc21,6.4000
COc1cc(-c2cc3c([nH]2)c(=O)n(C)c(=O)n3C)ccc1OCC(=O)N1CCc2ccccc2C1,5.1700
COc1cc(OCC(=O)N2CCc3ccccc3C2)ccc1-c1cc2c([nH]1)c(=O)n(C)c(=O)n2C,4.9200
CCCn1c(=O)n(C)c(=O)c2[nH]c(-c3ccc(OCC(=O)N4CCc5ccccc5C4)cc3)cc21,6.3400
O=C(COc1ccc(-c2cc3c([nH]2)c(=O)n(CC2CC2)c(=O)n3CC2CC2)cc1)N1CCc2ccccc2C1,6.6200
Cn1c(=O)c2[nH]c(-c3ccc(OCC(=O)N4CCc5ccccc5C4)cc3)cc2n(C)c1=O,6.3700
CCCn1c(=O)c2[nH]c(-c3ccc(OC(C)C(=O)N4CCc5ccccc5C4)cc3)cc2n(CCC)c1=O,6.8000
CCCn1c(=O)c2[nH]c(-c3ccc(OCC(=O)N4CCc5ccccc5C4)cc3)cc2n(CCC)c1=O,7.0300
Nc1nc2ccccc2n2nc(-c3ccco3)nc12,7.9500
O=C(Nc1nc2ccccc2n2nc(-c3ccco3)nc12)c1ccco1,6.4000
O=C(CCc1ccccc1)Nc1nc2ccccc2n2nc(-c3ccco3)nc12,7.2000
O=C(Cc1ccccc1)Nc1nc2ccccc2n2nc(-c3ccco3)nc12,6.8000
CC(=O)Nc1nc2ccccc2n2nc(-c3ccco3)nc12,6.7000
c1coc(-c2nc3c(OCc4ccoc4)nc4ccccc4n3n2)c1,6.2400
COc1nc2ccccc2n2nc(-c3ccco3)nc12,6.4000
OCCN(CCO)c1nc2ccccc2n2nc(-c3ccco3)nc12,6.9600
CCN(CC)c1nc2ccccc2n2nc(-c3ccco3)nc12,6.4000
CN(C)c1nc2ccccc2n2nc(-c3ccco3)nc12,6.5100
COCCCNc1nc2ccccc2n2nc(-c3ccco3)nc12,6.4300
COCCNc1nc2ccccc2n2nc(-c3ccco3)nc12,5.5100
CC(O)CNc1nc2ccccc2n2nc(-c3ccco3)nc12,7.3200
OCCNc1nc2ccccc2n2nc(-c3ccco3)nc12,7.2000
c1ccc(CCNc2nc3ccccc3n3nc(-c4ccco4)nc23)cc1,7.2900
c1coc(CNc2nc3ccccc3n3nc(-c4ccco4)nc23)c1,6.3100
c1ccc(CNc2nc3ccccc3n3nc(-c4ccco4)nc23)cc1,6.5200
c1ccc(Nc2nc3ccccc3n3nc(-c4ccco4)nc23)cc1,7.1900
Nc1nc(-c2ccccc2)cc(-c2ccccc2)n1,6.3925
Cc1ccc(C(=O)Nc2nc(-c3ccccc3)c(C#N)c(-c3ccccc3)n2)cc1,6.8013
COc1ccc(C(=O)Nc2nc(-c3ccccc3)c(C#N)c(-c3ccccc3)n2)cc1,6.5229
N#Cc1c(-c2ccccc2)nc(NC(=O)c2ccc(Cl)cc2)nc1-c1ccccc1,7.4828
N#Cc1c(-c2ccccc2)nc(NC(=O)C2CC2)nc1-c1ccccc1,7.3420
CC(C)C(=O)Nc1nc(-c2ccccc2)c(C#N)c(-c2ccccc2)n1,7.4522
CCC(CC)C(=O)Nc1nc(-c2ccccc2)c(C#N)c(-c2ccccc2)n1,7.2636
CCCC(=O)Nc1nc(-c2ccccc2)c(C#N)c(-c2ccccc2)n1,7.3170
N#Cc1c(-c2ccccc2)nc(NC(=O)C2CCCC2)nc1-c1ccccc1,6.7986
CCCC(=O)Nc1nc(-c2ccccc2)c(C#N)c(-c2ccc3c(c2)OCO3)n1,7.6716
N#Cc1c(-c2ccccc2)nc(NC(=O)C2CCCC2)nc1-c1ccc2c(c1)OCO2,7.1820
N#Cc1c(-c2ccccc2)nc(N)nc1-c1ccc2c(c1)OCO2,8.1377
N#Cc1c(-c2ccccc2)nc(N)nc1-c1ccccc1,7.6872
Nc1nc(-c2ccccc2)cc(-c2ccc3c(c2)OCO3)n1,6.4191
N#Cc1c(NC(=O)C2CC2)nc(-c2ccccc2)nc1-c1ccccc1,7.3028
CCCC(=O)Nc1nc(-c2ccccc2)nc(-c2ccccc2)c1C#N,7.1580
N#Cc1c(NC(=O)C2CCCC2)nc(-c2ccccc2)nc1-c1ccccc1,6.5528
N#Cc1c(N)nc(-c2ccccc2)nc1-c1ccccc1,7.7212
O=C(Nc1cc(-c2ccc3c(c2)OCO3)nc(-c2ccccc2)n1)C1CC1,7.1599
CCC(CC)C(=O)Nc1cc(-c2ccc3c(c2)OCO3)nc(-c2ccccc2)n1,6.2411
CCCC(=O)Nc1cc(-c2ccc3c(c2)OCO3)nc(-c2ccccc2)n1,6.6536
O=C(Nc1cc(-c2ccc3c(c2)OCO3)nc(-c2ccccc2)n1)C1CCCC1,6.4698
Nc1cc(-c2ccc3c(c2)OCO3)nc(-c2ccccc2)n1,6.2541
Nc1cc(-c2ccccc2)nc(-c2ccccc2)n1,6.5552
N#Cc1c(N)nc(-c2ccccc2)nc1-c1ccc2c(c1)OCO2,7.3536
COc1cc(NC(=O)c2ccc(-c3ccc(Cl)cc3)o2)cc(OC)c1,5.0000
NNc1nc(OCCc2c[nH]c3cc(Br)ccc23)nc2c1ncn2[C@@H]1O[C@H](CO)[C@@H](O)[C@H]1O,5.6882
O=C(COc1ccc(Nc2nc(OCCc3c[nH]c4cc(Br)ccc34)nc3c2ncn3[C@@H]2O[C@H](CO)[C@@H](O)[C@H]2O)cc1)Nc1ccccc1,5.9393
CCn1c(=O)c2[nH]c(-c3cnn(Cc4ccccc4)c3)nc2n(C)c1=O,7.1367
CCCn1c(=O)c2[nH]c(-c3cnn(Cc4cc(-c5ccc(Cl)cc5)on4)c3)nc2n(CC)c1=O,6.1073
CCCn1c(=O)c2[nH]c(-c3cnn(Cc4cc(-c5ccc(C(F)(F)F)cc5)on4)c3)nc2n(CC)c1=O,5.6253
CCCn1c(=O)c2[nH]c(-c3cnn(Cc4nc(-c5ccc(Cl)cc5)no4)c3)nc2n(CC)c1=O,5.4225
CCCn1c(=O)c2[nH]c(-c3cnn(-c4ccc[n+]([O-])c4)c3)nc2n(CC)c1=O,5.7100
CCn1c(=O)n(CC2CC2)c(=O)c2[nH]c(-c3cnn(-c4ccc(C(F)(F)F)nc4)c3)nc21,5.6421
CCn1c(=O)n(CC(C)C)c(=O)c2[nH]c(-c3cnn(-c4ccc(C(F)(F)F)nc4)c3)nc21,5.2668
CCCn1c(=O)c2[nH]c(-c3cnn(-c4ccc(C(F)(F)F)nc4)c3)nc2n(CC)c1=O,5.6478
CCCn1c(=O)c2[nH]c(-c3cnn(-c4ccc(C)nc4)c3)nc2n(CC)c1=O,6.1739
CCCn1c(=O)c2[nH]c(-c3cnn(-c4cccnc4)c3)nc2n(CC)c1=O,6.5058
CCCn1c(=O)c2[nH]c(-c3cnn(-c4ccccn4)c3)nc2n(CC)c1=O,6.3862
CCn1c(=O)n(CC(C)C)c(=O)c2[nH]c(-c3cnn(Cc4cccc(C(F)(F)F)c4)c3)nc21,5.9626
CCn1c(=O)n(CC(C)C)c(=O)c2[nH]c(-c3cnn(Cc4cccc(F)c4)c3)nc21,5.4145
CCn1c(=O)n(CC(C)C)c(=O)c2[nH]c(-c3cn[nH]c3)nc21,5.9136
CCn1c(=O)n(CC2CC2)c(=O)c2[nH]c(-c3cnn(Cc4cccc(C(F)(F)F)c4)c3)nc21,6.5654
CCn1c(=O)n(CC2CC2)c(=O)c2[nH]c(-c3cnn(Cc4ccccc4)c3)nc21,6.7423
CCn1c(=O)n(CC2CC2)c(=O)c2[nH]c(-c3cn[nH]c3)nc21,6.6308
CCCn1c(=O)c2[nH]c(-c3cnn(Cc4cccc(C(F)(F)F)c4)c3)nc2n(CC)c1=O,5.4841
CCCn1c(=O)c2[nH]c(-c3cnn(Cc4cccc(F)c4)c3)nc2n(CC)c1=O,5.6021
CCCn1c(=O)c2[nH]c(-c3cnn(Cc4ccccc4)c3)nc2n(CC)c1=O,6.5834
CCCn1c(=O)c2[nH]c(-c3cn[nH]c3)nc2n(CC)c1=O,6.3045
Cn1c(=O)n(CC2CC2)c(=O)c2[nH]c(-c3cnn(Cc4cccc(C(F)(F)F)c4)c3)nc21,6.5058
Cn1c(=O)n(CC2CC2)c(=O)c2[nH]c(-c3cnn(Cc4cccc(F)c4)c3)nc21,7.1367
Cn1c(=O)n(CC2CC2)c(=O)c2[nH]c(-c3cnn(Cc4ccccc4)c3)nc21,6.8268
CC(C)Cn1c(=O)c2[nH]c(-c3cnn(Cc4cccc(C(F)(F)F)c4)c3)nc2n(C)c1=O,6.1986
CC(C)Cn1c(=O)c2[nH]c(-c3cnn(Cc4cccc(F)c4)c3)nc2n(C)c1=O,6.5214
CC(C)Cn1c(=O)c2[nH]c(-c3cnn(Cc4ccccc4)c3)nc2n(C)c1=O,6.3893
CC(C)Cn1c(=O)c2[nH]c(-c3cn[nH]c3)nc2n(C)c1=O,5.8570
CCCCn1c(=O)c2[nH]c(-c3cnn(Cc4cccc(C(F)(F)F)c4)c3)nc2n(C)c1=O,6.3179
CCCCn1c(=O)c2[nH]c(-c3cnn(Cc4cccc(F)c4)c3)nc2n(C)c1=O,6.6635
CCCCn1c(=O)c2[nH]c(-c3cnn(Cc4ccccc4)c3)nc2n(C)c1=O,6.6073
CCCn1c(=O)c2[nH]c(-c3cnn(Cc4cccc(F)c4)c3)nc2n(C)c1=O,6.8570
CCCn1c(=O)c2[nH]c(-c3cnn(Cc4cccc(C(F)(F)F)c4)c3)nc2n(C)c1=O,6.3468
CCCn1c(=O)c2[nH]c(-c3cnn(Cc4ccccc4)c3)nc2n(C)c1=O,6.9031
CCn1c(=O)c2[nH]c(-c3cnn(Cc4cccc(C(F)(F)F)c4)c3)nc2n(C)c1=O,6.6308
CCn1c(=O)c2[nH]c(-c3cnn(Cc4cccc(F)c4)c3)nc2n(C)c1=O,6.6364
O[C@H](c1cc(C(F)(F)F)nc2c(C(F)(F)F)cccc12)[C@@H]1CCCCN1,7.2147
O=C(c1cccs1)c1nc(NCCCO)nc2ccsc12,8.0915
O=C(c1cccs1)c1nc(NCCO)nc2ccsc12,8.3665
O=C(c1cccs1)c1nc(NCc2ccccc2)nc2ccsc12,7.6021
CN(C)c1nc(C(=O)c2cccs2)c2sccc2n1,7.3098
CCNc1nc(C(=O)c2cccs2)c2sccc2n1,7.6021
NNc1nc(C(=O)c2cccs2)c2sccc2n1,7.2218
Nc1nc(C(=O)c2cccs2)c2sccc2n1,7.6383
COc1nc(C(=O)c2cccs2)c2sccc2n1,7.0969
CCc1nc(C(=O)c2cccs2)c2sccc2n1,7.7959
Cc1nc(C(=O)c2cccs2)c2sccc2n1,7.5376
O=C(c1nccs1)c1nc(C(F)(F)F)nc2ccsc12,6.4750
Cc1ccc(C(=O)c2nc(C(F)(F)F)nc3ccsc23)o1,7.6576
O=C(c1ccoc1)c1nc(C(F)(F)F)nc2ccsc12,7.5229
O=C(c1ccco1)c1nc(C(F)(F)F)nc2ccsc12,7.4815
O=C(c1ccsc1)c1nc(C(F)(F)F)nc2ccsc12,7.2518
O=C(c1cccs1)c1nc(C(F)(F)F)nc2ccsc12,7.9586
O=C(c1ccc[nH]1)c1nc(C(F)(F)F)nc2ccsc12,6.9281
O=C(c1ccncc1)c1nc(C(F)(F)F)nc2ccsc12,5.8589
O=C(c1cccnc1)c1nc(C(F)(F)F)nc2ccsc12,6.3615
O=C(c1ccccn1)c1nc(C(F)(F)F)nc2ccsc12,5.2413
O=C(c1ccccc1)c1nc(C(F)(F)F)nc2ccsc12,7.0362
OC(c1ccccc1)c1nc(C(F)(F)F)nc2ccsc12,5.5150
OC(c1ccccc1)c1nc(C(F)(F)F)nc2ccccc12,5.1876
OC(c1ccccc1)c1cc(C(F)(F)F)nc2ccccc12,5.0212
O[C@@H](c1cc(C(F)(F)F)nc2c(C(F)(F)F)cccc12)[C@@H]1CCCCN1,5.5962
O[C@H](c1cc(C(F)(F)F)nc2c(C(F)(F)F)cccc12)[C@H]1CCCCN1,6.9066
O[C@@H](c1cc(C(F)(F)F)nc2c(C(F)(F)F)cccc12)[C@H]1CCCCN1,5.1836
Clc1nc(-c2cccs2)c2sccc2n1,6.4078
OC[C@H]1CCCN1c1nc(-c2nccs2)c2sccc2n1,8.4437
OC[C@@H]1CCCN1c1nc(-c2nccs2)c2sccc2n1,8.5528
OCCNc1nc(-c2nccs2)c2sccc2n1,7.7447
CC(C)(C)c1nc(-c2nccs2)c2sccc2n1,8.5086
c1csc(-c2nc(C3CC3)nc3ccsc23)n1,8.4815
CC(C)c1nc(-c2nccs2)c2sccc2n1,8.8539
Clc1nc(-c2nccs2)c2sccc2n1,7.6990
CN(C)c1nc(-c2cnccn2)c2sccc2n1,7.0915
Cc1ccc(-c2nc(N(C)C)nc3ccsc23)nc1,7.7212
CN(C)c1nc(-c2ccccn2)c2sccc2n1,7.5850
CN(C)c1nc(-c2cn[nH]c2)c2sccc2n1,5.5116
CN(C)c1nc(-c2nccn2C)c2sccc2n1,7.8539
CN(C)c1nc(-c2ncc[nH]2)c2sccc2n1,6.5243
Cc1nc(-c2nc(N(C)C)nc3ccsc23)sc1C,8.1805
Cc1cnc(-c2nc(N(C)C)nc3ccsc23)s1,8.2441
Cc1csc(-c2nc(N(C)C)nc3ccsc23)n1,8.8861
Nc1nc(-c2nccs2)c2sccc2n1,7.4559
CN(C)c1nc(-c2nccs2)c2sccc2n1,8.6383
CN(C)c1nc(-c2ccoc2)c2sccc2n1,6.1261
OCCNc1nc(-c2ccco2)c2sccc2n1,6.6925
CN(C)c1nc(-c2ccco2)c2sccc2n1,7.2218
CCNc1nc(-c2ccco2)c2sccc2n1,7.2366
CNc1nc(-c2ccco2)c2sccc2n1,7.3979
Nc1nc(-c2ccco2)c2sccc2n1,7.8539
CN(C)c1nc(-c2cc3ccccc3s2)c2sccc2n1,5.8775
CCc1nc(-c2cccc(C)n2)c2sccc2n1,7.9208
CCc1nc(-c2ccccn2)c2sccc2n1,7.8861
CCc1nc(-n2nccn2)c2sccc2n1,6.1085
CCc1nc(-c2ncc[nH]2)c2sccc2n1,6.8477
CCc1nc(-c2nc(C)cs2)c2sccc2n1,8.6778
CCc1nc(-c2nccs2)c2sccc2n1,8.7959
CCc1nc(-c2ccoc2)c2sccc2n1,6.1669
CCc1nc(-c2ccco2)c2sccc2n1,7.5229
OCCNc1nc(-c2cccs2)c2sccc2n1,6.7645
CN(C)c1nc(-c2cccs2)c2sccc2n1,7.2596
CCNc1nc(-c2cccs2)c2sccc2n1,6.8125
COc1nc(-c2cccs2)c2sccc2n1,6.3526
CCc1nc(-c2cccs2)c2sccc2n1,7.1612
Cc1nc(-c2ccco2)c2ncn(C(=O)NCc3ccccc3)c2n1,6.9914
CN(C)c1nc(-c2ccco2)c2ncn(C(=O)NCc3ccccc3)c2n1,7.6383
CSc1nc(-c2ccco2)c2ncn(C(=O)NCc3ccccc3)c2n1,7.8861
COc1nc(-c2ccco2)c2ncn(C(=O)NCc3ccccc3)c2n1,8.0969
Nc1nc(-c2cncs2)c2ncn(C(=O)NCc3ccccc3)c2n1,7.2518
Nc1nc(-c2ccccc2)c2ncn(C(=O)NCc3ccccc3)c2n1,7.7696
Nc1nc(-c2cccs2)c2ncn(C(=O)NCc3ccccc3)c2n1,7.8861
Nc1nc(-c2ccco2)c2ncn(C(=O)NCc3ccccc3Cl)c2n1,9.0000
Cc1ccc(CNC(=O)n2cnc3c(-c4ccco4)nc(N)nc32)cc1,9.0000
Cc1cccc(CNC(=O)n2cnc3c(-c4ccco4)nc(N)nc32)c1,9.0000
Nc1nc(-c2ccco2)c2ncn(C(=O)NCc3ccc(F)cc3)c2n1,9.0000
Nc1nc(-c2ccco2)c2ncn(C(=O)NCc3ccco3)c2n1,8.7343
Nc1nc(-c2ccco2)c2ncn(C(=O)NCc3cccs3)c2n1,9.0000
C[C@@H](NC(=O)n1cnc2c(-c3ccco3)nc(N)nc21)c1ccccc1,7.5850
C[C@H](NC(=O)n1cnc2c(-c3ccco3)nc(N)nc21)c1ccccc1,8.6990
Nc1nc(-c2ccco2)c2ncn(C(=O)NCCc3ccccc3)c2n1,8.2218
Nc1nc(-c2ccco2)c2ncn(C(=O)Nc3ccccc3)c2n1,6.6861
Nc1nc(-c2ccco2)c2ncn(C(=O)NCc3ccccc3)c2n1,8.9586
CS(=O)(=O)c1ccc(Cn2cnc3c(-c4ccco4)nc(N)nc32)cc1,6.1085
Nc1nc(-c2ccco2)c2ncn(Cc3ccccc3F)c2n1,8.3010
Nc1nc(-c2ccco2)c2ncn(Cc3cccc(C(=O)O)c3)c2n1,5.3867
Nc1cccc(Cn2cnc3c(-c4ccco4)nc(N)nc32)c1,7.6383
Nc1nc(-c2ccco2)c2ncn(Cc3ccc([N+](=O)[O-])cc3)c2n1,6.4295
Nc1nc(-c2ccco2)c2ncn(Cc3cccc([N+](=O)[O-])c3)c2n1,7.0706
COC(=O)c1cccc(Cn2cnc3c(-c4ccco4)nc(N)nc32)c1,7.3468
Nc1nc(-c2ccco2)c2ncn(Cc3cccc(Cl)c3)c2n1,8.0969
Cc1cccc(Cn2cnc3c(-c4ccco4)nc(N)nc32)c1,8.2218
Nc1nc(-c2ccco2)c2nc[nH]c2n1,6.5834
Nc1nc(-c2ncc[nH]2)c2cnn(Cc3ccccc3F)c2n1,5.6807
Cn1ccnc1-c1nc(N)nc2c1cnn2Cc1ccccc1F,5.7916
Nc1nc(-n2ccnn2)c2cnn(Cc3ccccc3F)c2n1,7.1487
Nc1nc(-c2nccs2)c2cnn(Cc3ccccc3F)c2n1,7.7696
Nc1nc(-c2cc[nH]n2)c2cnn(Cc3ccccc3F)c2n1,7.7959
Nc1nc(-c2ccccn2)c2cnn(Cc3ccccc3F)c2n1,7.9208
Nc1nc(-c2cccs2)c2cnn(Cc3ccccc3F)c2n1,8.0458
CS(=O)(=O)c1ccc(Cn2ncc3c(-c4ccco4)nc(N)nc32)cc1,6.4685
Nc1nc(-c2ccco2)c2cnn(Cc3ccc(C(F)(F)F)cc3)c2n1,8.2218
Nc1nc(-c2ccco2)c2cnn(Cc3c(F)cccc3F)c2n1,8.6990
Nc1nc(-c2ccco2)c2cnn(Cc3ccccc3F)c2n1,8.3979
Nc1nc(-c2ccco2)c2cnn(Cc3cccc(C(=O)O)c3)c2n1,5.8788
Nc1cccc(Cn2ncc3c(-c4ccco4)nc(N)nc32)c1,8.3979
Nc1nc(-c2ccco2)c2cnn(Cc3ccccc3N)c2n1,8.0969
Nc1nc(-c2ccco2)c2cnn(Cc3ccc([N+](=O)[O-])cc3)c2n1,6.9245
Nc1nc(-c2ccco2)c2cnn(Cc3cccc([N+](=O)[O-])c3)c2n1,8.3979
Nc1nc(-c2ccco2)c2cnn(Cc3ccccc3[N+](=O)[O-])c2n1,7.5850
COC(=O)c1cccc(Cn2ncc3c(-c4ccco4)nc(N)nc32)c1,8.3979
COc1cccc(Cn2ncc3c(-c4ccco4)nc(N)nc32)c1,8.6990
Nc1nc(-c2ccco2)c2cnn(Cc3cccc(Cl)c3)c2n1,9.0000
Nc1nc(-c2ccco2)c2cnn(Cc3ccccc3Cl)c2n1,8.0458
Cc1cccc(Cn2ncc3c(-c4ccco4)nc(N)nc32)c1,8.5229
CN(C)c1nc(-c2ccco2)c2cnn(CCc3ccccc3)c2n1,5.7233
OCCNc1nc(-c2ccco2)c2cnn(CCc3ccccc3)c2n1,6.8697
Nc1nc(-c2ccco2)c2cnn(C(=O)NCc3ccccc3)c2n1,9.0000
Nc1nc(-c2ccco2)c2cnn(CCCc3ccccc3)c2n1,8.3979
Nc1nc(-c2ccco2)c2cnn(CCc3ccccc3)c2n1,6.9586
Nc1nc(-c2ccco2)c2cnn(Cc3ccco3)c2n1,7.4437
Nc1nc(-c2ccco2)c2cnn(Cc3cccnc3)c2n1,7.5528
Nc1nc(-c2ccco2)c2cnn(CC3CCCCC3)c2n1,7.3468
Nc1nc(-c2ccco2)c2cnn(Cc3ccccc3)c2n1,8.5229
Nc1nc(-c2ccco2)c2cn[nH]c2n1,7.3188
Nc1nc(-c2ccco2)c2cc[nH]c2n1,6.6162
Nc1nc(-c2ccco2)c2ccn(Cc3ccccc3F)c2n1,7.7959
CNC(=O)[C@]12C[C@@H]1[C@@H](n1cnc3c(NCc4cccc(Cl)c4)nc(SC)nc31)[C@H](O)[C@@H]2O,5.0000
CNC(=O)[C@]12C[C@@H]1[C@@H](n1cnc3c(NCc4cc(OC)ccc4OC)nc(Cl)nc31)[C@H](O)[C@@H]2O,5.0000
Cc1cc2c(c(C)c1O)c1ncccc1n2C,4.3556
Cc1cc2[nH]c3cccnc3c2c(C)c1O,4.6038
Cc1cc2c(c(C)c1O)c1ccncc1n2C,4.0937
Nc1nc(-c2ccco2)c2nnn(Cc3ccc4[nH]nnc4c3)c2n1,7.9245
Nc1nc(-c2ccco2)c2nnn(Cc3ccc4[nH]ncc4c3)c2n1,8.0655
Nc1nc(-c2ccco2)c2nnn(Cc3ccc4[nH]ccc4c3)c2n1,8.9586
CC(=O)Nc1ccc(Cn2nnc3c(-c4ccco4)nc(N)nc32)cc1,6.9355
CNc1ccc(Cn2nnc3c(-c4ccco4)nc(N)nc32)cc1,8.7959
Nc1nc(-c2ccco2)c2nnn(Cc3ccc(N)c(O)c3)c2n1,8.7959
CC(C)c1cc(Cn2nnc3c(-c4ccco4)nc(N)nc32)ccc1N,8.8239
CCc1cc(Cn2nnc3c(-c4ccco4)nc(N)nc32)ccc1N,9.0000
Cc1cc(Cn2nnc3c(-c4ccco4)nc(N)nc32)ccc1N,8.8861
Nc1nc(-c2ccco2)c2nnn(Cc3ccc(N)c(F)c3)c2n1,9.1549
Nc1ccc(Cn2nnc3c(-c4ccco4)nc(N)nc32)c(F)c1,8.4559
NCc1ccc(Cn2nnc3c(-c4ccco4)nc(N)nc32)cc1,6.6180
Nc1ccc(Cn2nnc3c(-c4ccco4)nc(N)nc32)cc1,8.8239
Nc1cccc(Cn2nnc3c(-c4ccco4)nc(N)nc32)c1,8.6021
Nc1nc(-c2ccco2)c2nnn(Cc3ccccc3N)c2n1,8.6990
Nc1nc(-c2ccco2)c2nnn(Cc3ccsc3)c2n1,8.7212
Nc1nc(-c2ccco2)c2nnn(Cc3cccs3)c2n1,8.6383
Nc1nc(-c2ccco2)c2nnn(Cc3ccco3)c2n1,8.0555
Nc1nc(-c2ccco2)c2nnn(Cc3cnccn3)c2n1,6.9136
Nc1nc(-c2ccco2)c2nnn(Cc3cccnc3)c2n1,7.8386
Nc1nc(-c2ccco2)c2nnn(Cc3ccccn3)c2n1,7.9208
CC(C)N(C)C(=O)c1cccc(Cn2nnc3c(-c4ccco4)nc(N)nc32)c1,7.6576
CC(C)NC(=O)c1cccc(Cn2nnc3c(-c4ccco4)nc(N)nc32)c1,7.9666
NC(=O)c1cccc(Cn2nnc3c(-c4ccco4)nc(N)nc32)c1,7.9547
Nc1nc(-c2ccco2)c2nnn(Cc3cccc(C(=O)O)c3)c2n1,6.0799
Nc1nc(-c2ccco2)c2nnn(Cc3cccc(O)c3)c2n1,8.3979
COC(=O)c1cccc(Cn2nnc3c(-c4ccco4)nc(N)nc32)c1,8.3872
Nc1nc(-c2ccco2)c2nnn(Cc3ccc([N+](=O)[O-])cc3)c2n1,7.5528
Nc1nc(-c2ccco2)c2nnn(Cc3cccc([N+](=O)[O-])c3)c2n1,8.4318
Nc1nc(-c2ccco2)c2nnn(Cc3ccccc3[N+](=O)[O-])c2n1,8.1805
N#Cc1ccc(Cn2nnc3c(-c4ccco4)nc(N)nc32)cc1,7.1367
N#Cc1cccc(Cn2nnc3c(-c4ccco4)nc(N)nc32)c1,8.4089
COc1cccc(Cn2nnc3c(-c4ccco4)nc(N)nc32)c1,8.7447
COc1ccccc1Cn1nnc2c(-c3ccco3)nc(N)nc21,8.2676
Nc1nc(-c2ccco2)c2nnn(Cc3cccc(C(F)(F)F)c3)c2n1,8.6576
Cc1cccc(Cn2nnc3c(-c4ccco4)nc(N)nc32)c1,8.5229
Cc1ccccc1Cn1nnc2c(-c3ccco3)nc(N)nc21,8.5229
Nc1nc(-c2ccco2)c2nnn(Cc3cccc(Cl)c3)c2n1,8.6383
Nc1nc(-c2ccco2)c2nnn(Cc3c(F)cccc3F)c2n1,8.7212
Nc1nc(-c2ccco2)c2nnn(Cc3cc(F)ccc3F)c2n1,8.6576
Nc1nc(-c2ccco2)c2nnn(Cc3ccc(F)cc3F)c2n1,8.6990
Nc1nc(-c2ccco2)c2nnn(Cc3cccc(F)c3F)c2n1,8.6383
Nc1nc(-c2ccco2)c2nnn(CC3CCCCC3)c2n1,8.0706
Nc1nc(-c2ccco2)c2nnn(Cc3ccccc3)c2n1,8.7212
Nc1nc(-c2cncs2)c2nnn(Cc3ccccc3F)c2n1,7.5086
Nc1nc(-c2cnn[nH]2)c2nnn(Cc3ccccc3F)c2n1,6.3979
Nc1nc(-c2cccs2)c2nnn(Cc3ccccc3F)c2n1,8.0862
Nc1nc(-c2ncco2)c2nnn(Cc3ccccc3F)c2n1,7.3872
Cc1cnc(-c2nc(N)nc3c2nnn3Cc2ccccc2F)s1,8.0706
Cc1csc(-c2nc(N)nc3c2nnn3Cc2ccccc2F)n1,8.6576
Nc1nc(-c2nccs2)c2nnn(Cc3ccccc3F)c2n1,8.0706
Nc1nc(-c2cc[nH]n2)c2nnn(Cc3ccccc3F)c2n1,6.6216
Cc1ccc(-c2nc(N)nc3c2nnn3Cc2ccccc2F)o1,8.6778
Nc1nc(-c2ccco2)c2nnn(Cc3ccccc3F)c2n1,8.5686
Nc1nc(-c2ccco2)c2nn[nH]c2n1,6.7122
Nc1ccc(Nc2nc(-c3ccccc3)nc3c2nnn3Cc2ccccc2)cc1,5.8861
Nc1ccc(Nc2nc(-c3ccccc3)nc3c2ncn3Cc2ccccc2)cc1,5.3106
O=[N+]([O-])c1ccc(Nc2nc(-c3ccccc3)nc3c2ncn3Cc2ccccc2)cc1,5.7212
O=C(Nc1ccc(F)cc1)Nc1ccc(Nc2nc(-c3ccccc3)nc3c2nnn3Cc2ccccc2)cc1,5.0022
Nc1ncnc2nc(Br)[nH]c12,5.4949
Cn1cnc2c(N)ncnc21,5.1612
Cn1c(Br)nc2c(N)ncnc21,6.9208
CCn1cnc2c(N)ncnc21,5.6576
CCn1cnc2ncnc(N)c21,4.5229
CCn1c(Br)nc2c(N)ncnc21,7.2840
CCCn1cnc2c(N)ncnc21,5.0177
CCCn1cnc2ncnc(N)c21,4.7447
CCCn1c(Br)nc2c(N)ncnc21,6.5229
CC(C)n1cnc2c(N)ncnc21,5.3872
CC(C)n1cnc2ncnc(N)c21,4.9208
CC(C)n1c(Br)nc2c(N)ncnc21,7.1308
CCC(C)n1cnc2c(N)ncnc21,4.7959
CCC(C)n1c(Br)nc2c(N)ncnc21,6.4089
CC(C)Cn1c(Br)nc2c(N)ncnc21,5.2218
CCCCn1cnc2c(N)ncnc21,5.1079
CCCCn1c(Br)nc2c(N)ncnc21,6.1367
C=CCCn1cnc2c(N)ncnc21,5.0706
C=CCCn1c(Br)nc2c(N)ncnc21,5.7959
Nc1ncnc2c1ncn2C1CC1,5.6383
C=CCn1c(Br)nc2c(N)ncnc21,6.1367
Nc1ncnc2c1ncn2C1CCC1,5.3188
Nc1ncnc2c1nc(Br)n2C1CCC1,6.1805
Nc1ncnc2c1ncn2C1CCCC1,5.7447
Nc1ncnc2c1nc(Br)n2C1CCCC1,5.7212
Nc1ncnc2c1nc(Br)n2C1CCCCC1,4.8239
Nc1ncnc2c1ncn2C1CCCCCC1,4.9586
Nc1ncnc2c1ncn2CCO,4.9586
Nc1ncnc2c1nc(Br)n2CCO,6.2076
Nc1ncnc2c1ncn2CCCO,5.4089
Nc1ncnc2c1nc(Br)n2CCCO,7.0706
CC(O)Cn1cnc2c(N)ncnc21,5.5086
CC(O)Cn1c(Br)nc2c(N)ncnc21,5.9586
Nc1ncnc2c1ncn2C[C@H](O)CO,5.0706
Nc1ncnc2c1nc(Br)n2CC(O)CO,5.3979
Nc1ncnc2c1ncn2Cc1ccccc1,5.0706
Nc1ncnc2c1nc(Br)n2Cc1ccccc1,5.2147
Nc1ncnc2c1ncn2CCc1ccccc1,5.0177
Nc1ncnc2c1nc(Br)n2CCc1ccccc1,5.3098
O=c1n(-c2ccccc2)nc2c(NC3CCCCC3)nc3ncccc3n12,6.6757
O=c1n(-c2ccccc2)nc2c(NC3CCCC3)nc3ncccc3n12,6.6819
O=C(Nc1nc2ncccc2n2c(=O)n(-c3ccccc3)nc12)c1ccccc1,5.6498
O=C(Cc1ccccc1)Nc1nc2ncccc2n2c(=O)n(-c3ccccc3)nc12,6.6819
COc1cccc(-n2c(=O)n(Cc3ccccc3OC)c3cnc(NC4CC4)nc32)c1,7.6198
COc1ccccc1Cn1c(=O)n(-c2ccccc2OC)c2nc(NC3CC3)ncc21,5.8066
COc1ccccc1Cn1c(=O)n(-c2ccccc2)c2nc(NC3CC3)ncc21,6.3883
COc1cc(OC)cc(-n2c(=O)n(Cc3ccccc3OC)c3cnc(NC4CC4)nc32)c1,7.1192
COc1ccccc1Cn1c(=O)n(-c2cccc(F)c2)c2nc(NC3CC3)ncc21,7.0506
COc1ccccc1Cn1c(=O)n(-c2cccc(C)c2)c2nc(NC3CC3)ncc21,6.5003
COc1ccccc1Cn1c(=O)n(-c2cccc(OC(F)(F)F)c2)c2nc(NC3CC3)ncc21,6.6861
COc1ccccc1Cn1c(=O)n(-c2cccc(C#N)c2)c2nc(NC3CC3)ncc21,5.5872
COc1cccc(Cn2c(=O)n(Cc3ccccc3OC)c3cnc(NC4CC4)nc32)c1,5.0356
COc1cccc(-n2c(=O)n(Cc3ccccc3)c3cnc(NC4CC4)nc32)c1,7.2676
COc1cccc(-n2c(=O)n(Cc3ccccc3F)c3cnc(NC4CC4)nc32)c1,7.4815
COc1cccc(-n2c(=O)n(Cc3ccccc3Cl)c3cnc(NC4CC4)nc32)c1,7.0655
COc1cccc(-n2c(=O)n(Cc3c(F)cccc3F)c3cnc(NC4CC4)nc32)c1,8.3979
COc1cccc(-n2c(=O)n(Cc3c(F)cccc3OC)c3cnc(NC4CC4)nc32)c1,8.2218
COc1cccc(-n2c(=O)n(C(C)c3ccccc3)c3cnc(NC4CC4)nc32)c1,6.4449
COc1cccc(-n2c(=O)n(C)c3cnc(NC4CC4)nc32)c1,5.5782
COc1cccc(-n2c(=O)n(-c3ccccc3OC)c3cnc(NC4CC4)nc32)c1,5.2906
CNc1ncc2c(n1)n(-c1cccc(OC)c1)c(=O)n2Cc1c(F)cccc1F,7.6383
CCNc1ncc2c(n1)n(-c1cccc(OC)c1)c(=O)n2Cc1c(F)cccc1F,7.5086
COc1cccc(-n2c(=O)n(Cc3c(F)cccc3F)c3cnc(NC(C)C)nc32)c1,7.2218
COc1cccc(-n2c(=O)n(Cc3c(F)cccc3F)c3cnc(NCc4ccccc4)nc32)c1,7.1427
COCCNc1ncc2c(n1)n(-c1cccc(OC)c1)c(=O)n2Cc1c(F)cccc1F,6.9747
COc1cccc(-n2c(=O)n(Cc3c(F)cccc3F)c3cnc(NC4CCCC4)nc32)c1,6.6716
COc1cccc(-n2c(=O)n(Cc3c(F)cccc3F)c3cnc(NCC4CC4)nc32)c1,6.3019
COc1cccc(-n2c(=O)n(Cc3c(F)cccc3F)c3cnc(NCc4ccccn4)nc32)c1,7.9208
COc1cccc(-n2c(=O)n(Cc3c(F)cccc3F)c3cnc(NCc4ccncc4)nc32)c1,7.3010
COc1cccc(-n2c(=O)n(Cc3c(F)cccc3F)c3cnc(NCc4cccnc4)nc32)c1,7.1805
COc1cccc(-n2c(=O)n(Cc3c(F)cccc3F)c3cnc(NCCc4ccccn4)nc32)c1,7.1079
COc1cccc(-n2c(=O)n(Cc3c(F)cccc3F)c3cnc(Nc4cccnc4)nc32)c1,6.9547
COc1cccc(-n2c(=O)n(Cc3c(F)cccc3F)c3cnc(NCCN4CCOCC4)nc32)c1,6.5867
COc1cccc(-n2c(=O)n(Cc3c(F)cccc3F)c3cnc(NCCN(C)C)nc32)c1,6.5834
COc1cccc(-n2c(=O)n(Cc3c(F)cccc3F)c3cnc(NCCc4cccs4)nc32)c1,8.0458
COc1cc(-c2nc3c([nH]2)c(=O)n(C)c(=O)n3C)ccc1OCCN(C)C,6.2218
CCN(CC)CCOc1ccc(-c2nc3c([nH]2)c(=O)n(C)c(=O)n3C)cc1OC,5.9586
COc1cc(-c2nc3c([nH]2)c(=O)n(C)c(=O)n3C)ccc1OCCN1CCCCC1,6.1549
COc1cc(-c2nc3c([nH]2)c(=O)n(C)c(=O)n3C)ccc1OCCN1CCOCC1,4.0000
COc1cc(-c2nc3c([nH]2)c(=O)n(C)c(=O)n3C)ccc1OCCN1CCCC1,6.0000
COc1ccc(-c2nc3c([nH]2)c(=O)n(C)c(=O)n3C)cc1OCCN(C)C,6.3979
CCN(CC)CCOc1cc(-c2nc3c([nH]2)c(=O)n(C)c(=O)n3C)ccc1OC,6.2218
COc1ccc(-c2nc3c([nH]2)c(=O)n(C)c(=O)n3C)cc1OCCN1CCCCC1,5.5686
COc1ccc(-c2nc3c([nH]2)c(=O)n(C)c(=O)n3C)cc1OCCN1CCOCC1,7.0000
CN(C)CCOc1cccc(-c2nc3c([nH]2)c(=O)n(C)c(=O)n3C)c1,6.3979
CCN(CC)CCOc1cccc(-c2nc3c([nH]2)c(=O)n(C)c(=O)n3C)c1,7.0000
Cn1c(=O)c2[nH]c(-c3cccc(OCCN4CCCCC4)c3)nc2n(C)c1=O,6.0969
Cn1c(=O)c2[nH]c(-c3cccc(OCCN4CCOCC4)c3)nc2n(C)c1=O,5.8539
Cn1c(=O)c2[nH]c(-c3cccc(OCCN4CCCC4)c3)nc2n(C)c1=O,6.3979
O=C(NCc1ccccc1)Nc1nc2ccccc2n2c(=O)n(-c3ccccc3)nc12,6.8005
COc1ccc(-n2nc3c(NC(=O)c4ccncc4)nc4ccccc4n3c2=O)cc1,6.4012
O=C(Nc1nc2ccccc2n2c(=O)n(-c3ccccc3)nc12)c1ccncc1,6.7258
O[C@@H]1[C@H](O)CS[C@H]1n1cnc2c(NCc3cccc(I)c3)ncnc21,6.4974
O[C@@H]1[C@H](O)CS[C@H]1n1cnc2c(NCc3cccc(Br)c3)ncnc21,6.3768
O[C@@H]1[C@H](O)CS[C@H]1n1cnc2c(NCc3cccc(Cl)c3)ncnc21,6.3565
O[C@@H]1[C@H](O)CS[C@H]1n1cnc2c(NCc3cccc(F)c3)ncnc21,5.8996
CC(=O)Nc1cc(-c2ccccc2)nc(-n2nc(C)cc2C)n1,7.0605
COc1ccccc1-c1cc(NC(C)=O)nc(-n2nc(C)cc2C)n1,8.6990
COc1cccc(-c2cc(NC(C)=O)nc(-n3nc(C)cc3C)n2)c1,9.0181
COc1ccc(-c2cc(NC(C)=O)nc(-n3nc(C)cc3C)n2)cc1,7.7696
CC(=O)Nc1cc(-c2cccc(C)c2)nc(-n2nc(C)cc2C)n1,8.1549
CC(=O)Nc1cc(-c2cccc(C#N)c2)nc(-n2nc(C)cc2C)n1,8.6990
CC(=O)Nc1cc(-c2cccc(CC#N)c2)nc(-n2nc(C)cc2C)n1,8.6990
CC(=O)Nc1cc(-c2cccc(C(F)(F)F)c2)nc(-n2nc(C)cc2C)n1,8.6990
CC(=O)Nc1cc(-c2cc(C)cc(C)c2)nc(-n2nc(C)cc2C)n1,8.0969
CC(=O)Nc1cc(-c2cc(C)ccc2C)nc(-n2nc(C)cc2C)n1,7.7212
COc1cc(OC)cc(-c2cc(NC(C)=O)nc(-n3nc(C)cc3C)n2)c1,9.6990
CC(=O)Nc1cc(-c2cc(O)cc(F)c2)nc(-n2nc(C)cc2C)n1,8.6990
CC(=O)Nc1cc(-c2cc(F)cc(F)c2)nc(-n2nc(C)cc2C)n1,8.3979
COc1c(F)cccc1-c1cc(NC(C)=O)nc(-n2nc(C)cc2C)n1,8.5229
CC(=O)Nc1cc(-c2cccc(O)c2)nc(-n2nc(C)cc2C)n1,8.6990
CC(=O)Nc1cc(-c2cccc(OCCN(C)C)c2)nc(-n2nc(C)cc2C)n1,8.3010
CC(=O)Nc1cc(-c2cccc(OC3CCN(C)C3)c2)nc(-n2nc(C)cc2C)n1,8.6990
CCN1CCC(Oc2cccc(-c3cc(NC(C)=O)nc(-n4nc(C)cc4C)n3)c2)C1,8.5229
CC(=O)Nc1cc(-c2cccc(OC3CCN(C(C)C)C3)c2)nc(-n2nc(C)cc2C)n1,8.5229
CC(=O)Nc1cc(-c2cccc(OC3CCN(C)CC3)c2)nc(-n2nc(C)cc2C)n1,8.2218
CC(=O)Nc1cc(-c2cccc(OC3CCCN(C)C3)c2)nc(-n2nc(C)cc2C)n1,9.0000
CC(=O)Nc1cc(-c2cccc(O[C@@H]3CCN(C)C3)c2)nc(-n2nc(C)cc2C)n1,8.3979
CC(=O)Nc1cc(-c2cccc(O[C@H]3CCN(C)C3)c2)nc(-n2nc(C)cc2C)n1,8.6990
CC(=O)Nc1cc(-c2cccc(CO[C@@H]3CCN(C)C3)c2)nc(-n2nc(C)cc2C)n1,7.1739
CC(=O)Nc1cc(-c2cccc(CO[C@H]3CCN(C)C3)c2)nc(-n2nc(C)cc2C)n1,7.1367
CC(=O)Nc1cc(-c2cc(F)cc(OC3CCN(C)C3)c2)nc(-n2nc(C)cc2C)n1,9.0000
CC(=O)Nc1cc(-c2cc(F)cc(O[C@@H]3CCN(C)C3)c2)nc(-n2nc(C)cc2C)n1,8.6990
CC(=O)Nc1cc(-c2cc(F)cc(O[C@H]3CCN(C)C3)c2)nc(-n2nc(C)cc2C)n1,9.0000
CC(=O)Nc1cc(-c2cccc(N3CCCC3)n2)nc(-n2nc(C)cc2C)n1,9.5850
COC1CCN(c2cccc(-c3cc(NC(C)=O)nc(-n4nc(C)cc4C)n3)n2)CC1,9.3772
COC1CN(c2cccc(-c3cc(NC(C)=O)nc(-n4nc(C)cc4C)n3)n2)C1,8.5363
CC(=O)Nc1cc(-c2cccc(N3CCCCC3)n2)nc(-n2nc(C)cc2C)n1,9.2518
COc1cccc(-c2cc(NC(C)=O)nc(-n3nc(C)cc3C)n2)c1F,8.3583
CC(=O)Nc1cc(-c2cccc(N(C)C)n2)nc(-n2nc(C)cc2C)n1,8.0108
CC(=O)Nc1cc(-c2cccc(N3CCN(C)CC3)n2)nc(-n2nc(C)cc2C)n1,8.6518
COCCN(C)c1cccc(-c2cc(NC(C)=O)nc(-n3nc(C)cc3C)n2)n1,8.1488
CC(=O)Nc1cc(-c2cccc(N3CCOCC3)n2)nc(-n2nc(C)cc2C)n1,8.4835
CCC(=O)Nc1cc(-c2cncc(OC)c2)nc(-n2nc(C)cc2C)n1,8.1267
CC(=O)Nc1cc(-c2cccc(N3CCC(O)CC3)n2)nc(-n2nc(C)cc2C)n1,8.1894
COc1cncc(-c2cc(NC(C)=O)nc(-n3nc(C)cc3C)n2)c1,7.9412
CC(=O)Nc1cc(-c2cccc(N3CCCOCC3)n2)nc(-n2nc(C)cc2C)n1,8.6383
CC(=O)Nc1cc(-c2cncc(O)c2)nc(-n2nc(C)cc2C)n1,7.8657
CC(=O)Nc1cc(-c2cncc(N3CCOCC3)c2)nc(-n2nc(C)cc2C)n1,7.5972
COCCOc1cncc(-c2cc(NC(C)=O)nc(-n3nc(C)cc3C)n2)c1,8.5086
COc1cncc(-c2cc(NC(=O)CN3CCOCC3)nc(-n3nc(C)cc3C)n2)c1,7.8539
COC(=O)Nc1cc(-c2cncc(OC)c2)nc(-n2nc(C)cc2C)n1,7.4540
CCOC(=O)Nc1cc(-c2cncc(OC)c2)nc(-n2nc(C)cc2C)n1,7.4078
CC(=O)Nc1cc(-c2cccc(N)n2)nc(-n2nc(C)cc2C)n1,8.1024
CC(=O)Nc1cc(-c2ccnc(N3CCOCC3)c2)nc(-n2nc(C)cc2C)n1,7.9208
CC(=O)Nc1cc(-c2ccncc2)nc(-n2nc(C)cc2C)n1,7.3979
CC(=O)Nc1cc(-c2cc(N3CCOCC3)ccn2)nc(-n2nc(C)cc2C)n1,7.0605
CC(=O)Nc1cc(-c2cccnc2)nc(-n2nc(C)cc2C)n1,6.9208
O[C@@H]1[C@H](O)[C@@H](CCl)O[C@H]1n1cnc2c(NC3CCCC3)ncnc21,6.0773
O[C@@H]1[C@H](O)[C@@H](CCl)O[C@H]1n1cnc2c(NC3CCCC3)nc(Cl)nc21,5.6655
O[C@@H]1[C@H](O)[C@@H](CCl)O[C@H]1n1cnc2c(NC3CC4CCC3C4)ncnc21,5.8729
O[C@@H]1[C@H](O)[C@@H](CCl)O[C@H]1n1cnc2c(NC3CC4CCC3C4)nc(Cl)nc21,5.6882
C[C@@]1(O)[C@H](O)[C@@H](CCl)O[C@H]1n1cnc2c(NC3CCCC3)nc(Cl)nc21,4.7905
C[C@@]1(O)[C@H](O)[C@@H](CCl)O[C@H]1n1cnc2c(NC3CC4CCC3C4)ncnc21,4.6198
C[C@@]1(O)[C@H](O)[C@@H](CCl)O[C@H]1n1cnc2c(NC3CC4CCC3C4)nc(Cl)nc21,4.5003
O[C@@H]1[C@H](O)[C@@H](CSc2ccccc2F)O[C@H]1n1cnc2c(NC3CCCC3)ncnc21,5.2865
O[C@@H]1[C@H](O)[C@@H](CSc2ccccc2F)O[C@H]1n1cnc2c(NC3CCCC3)nc(Cl)nc21,5.6596
O[C@@H]1[C@H](O)[C@@H](CSc2ccccc2F)O[C@H]1n1cnc2c(NC3CCOC3)ncnc21,4.7235
C[C@@]1(O)[C@H](O)[C@@H](CO)O[C@H]1n1cnc2c(NC3CC4CCC3C4)ncnc21,5.0565
C[C@@]1(O)[C@H](O)[C@@H](CO)O[C@H]1n1cnc2c(NC3CC4CCC3C4)nc(Cl)nc21,4.9281
OC[C@H]1O[C@@H](n2cnc3c(NC4CC5CCC4C5)ncnc32)[C@H](O)[C@@H]1O,5.8962
OC[C@H]1O[C@@H](n2cnc3c(NC4CC5CCC4C5)nc(Cl)nc32)[C@H](O)[C@@H]1O,6.0985
Nc1nc2c(cnn2CCN2Cc3ccccc3C2)c2nc(-c3ccco3)nn12,7.8327
Nc1nc2c(cnn2CCN2CCc3ncc(-c4ccccc4)cc3C2)c2nc(-c3ccco3)nn12,7.7471
Nc1nc2c(cnn2CCN2CCc3nc(C(F)(F)F)ccc3C2)c2nc(-c3ccco3)nn12,8.3010
Nc1nc2c(cnn2CCN2CCc3ncncc3C2)c2nc(-c3ccco3)nn12,8.2076
COCCOc1cnc2c(c1)CN(CCn1ncc3c1nc(N)n1nc(-c4ccco4)nc31)CC2,8.5086
Nc1nc2c(cnn2CCN2CCc3ncc(Br)cc3C2)c2nc(-c3ccco3)nn12,8.7959
Nc1nc2c(cnn2CCN2CCc3ncc(C4CC4)cc3C2)c2nc(-c3ccco3)nn12,8.7212
Cc1cnc2c(c1)CN(CCn1ncc3c1nc(N)n1nc(-c4ccco4)nc31)CC2,8.6990
Nc1nc2c(cnn2CCN2CCc3ncccc3C2)c2nc(-c3ccco3)nn12,8.3188
COCCOc1ccc2c(c1)CCN(CCn1ncc3c1nc(N)n1nc(-c4ccco4)nc31)CC2,8.6990
COc1ccc2c(c1)CCN(CCn1ncc3c1nc(N)n1nc(-c4ccco4)nc31)CC2,8.7212
Nc1nc2c(cnn2CCN2CCc3ccc(Cl)cc3CC2)c2nc(-c3ccco3)nn12,8.4815
Nc1nc2c(cnn2CCN2CCc3ccc(Br)cc3CC2)c2nc(-c3ccco3)nn12,8.9586
Nc1nc2c(cnn2CCN2CCc3ccc([N+](=O)[O-])cc3CC2)c2nc(-c3ccco3)nn12,9.1549
Nc1nc2c(cnn2CCN2CCc3ccccc3CC2)c2nc(-c3ccco3)nn12,8.6990
COCCOc1ccc2c(c1)CN(CCn1ncc3c1nc(N)n1nc(-c4ccco4)nc31)CC2,8.2924
COc1ccc2c(c1)CN(CCn1ncc3c1nc(N)n1nc(-c4ccco4)nc31)CC2,8.4949
COc1ccc2c(c1)CCN(CCn1ncc3c1nc(N)n1nc(-c4ccco4)nc31)C2,8.6021
COCCOc1cccc2c1CN(CCn1ncc3c1nc(N)n1nc(-c4ccco4)nc31)CC2,8.8239
COc1cc2c(cc1OC)C(Cc1ccccc1)N(CCn1ncc3c1nc(N)n1nc(-c4ccco4)nc31)CC2,8.6383
COc1cc2c(cc1OC)CN(CCn1ncc3c1nc(N)n1nc(-c4ccco4)nc31)C(C)C2,8.7212
Nc1nc2c(cnn2CCN2CCc3ccccc3C2)c2nc(-c3ccco3)nn12,8.3872
COCCOc1cccc2c1CN(CCn1ncc3c1nc(N)n1nc(-c4ccco4)nc31)C2,8.1487
COc1cccc2c1CN(CCn1ncc3c1nc(N)n1nc(-c4ccco4)nc31)C2,8.2218
COc1ccc2c(c1)CN(CCn1ncc3c1nc(N)n1nc(-c4ccco4)nc31)C2,8.2676
Nc1nc2c(cnn2CCc2ccc(-c3ccccc3)cc2)c2nc(-c3ccco3)nn12,8.9586
Nc1nc2c(cnn2CCc2ccc3nc(N4CCOCC4)ccc3c2)c2nc(-c3ccco3)nn12,8.7447
CC(c1ccc2cc(CCn3ncc4c3nc(N)n3nc(-c5ccco5)nc43)ccc2n1)N1CCOCC1,8.8861
Nc1nc2c(cnn2CCc2ccc3nc(C(=O)N4CCOCC4)ccc3c2)c2nc(-c3ccco3)nn12,8.7959
Nc1nc2c(cnn2CCc2ccc3nc(CN4CCOCC4)ccc3c2)c2nc(-c3ccco3)nn12,8.6383
COCCOC(C)c1ccc2cc(CCn3ncc4c3nc(N)n3nc(-c5ccco5)nc43)ccc2n1,8.8239
COCCOCc1ccc2cc(CCn3ncc4c3nc(N)n3nc(-c5ccco5)nc43)ccc2n1,8.5528
CCc1ccc2cc(CCn3ncc4c3nc(N)n3nc(-c5ccco5)nc43)ccc2n1,8.5686
Cc1ccc2cc(CCn3ncc4c3nc(N)n3nc(-c5ccco5)nc43)ccc2n1,8.6198
Nc1nc2c(cnn2CCc2ccc(-c3cccnc3)cn2)c2nc(-c3ccco3)nn12,7.9431
Nc1nc2c(cnn2CCc2cccc(-c3cccnc3)c2)c2nc(-c3ccco3)nn12,8.2596
Nc1nc2c(cnn2CCc2ccc(-c3cnccn3)cc2)c2nc(-c3ccco3)nn12,9.0458
Cc1ccc(-c2ccc(CCn3ncc4c3nc(N)n3nc(-c5ccco5)nc43)cc2)cn1,9.2218
COc1ccc(-c2ccc(CCn3ncc4c3nc(N)n3nc(-c5ccco5)nc43)cc2)cn1,8.7212
Nc1nc2c(cnn2CCc2ccc(-c3cccnc3)cc2)c2nc(-c3ccco3)nn12,8.8239
Nc1nc2c(cnn2CCc2ccc(-c3ccc(OC(F)(F)F)cc3)cc2)c2nc(-c3ccco3)nn12,8.1079
COc1ccc(-c2ccc(CCn3ncc4c3nc(N)n3nc(-c5ccco5)nc43)cc2)cc1,9.3010
Cn1c(=O)c2[nH]c(-c3ccccc3)cc2n(C)c1=O,6.3197
Cn1c(=O)c2[nH]c(-c3ccccc3)c(O)c2n(C)c1=O,5.8327
Cc1ccc(-c2cc3c([nH]2)c(=O)n(C)c(=O)n3C)cc1,6.8996
Cc1ccc(-c2[nH]c3c(=O)n(C)c(=O)n(C)c3c2O)cc1,5.6108
Cn1c(=O)c2[nH]c(-c3ccc(S(C)(=O)=O)cc3)c(O)c2n(C)c1=O,6.1599
CCCn1c(=O)c2[nH]c(-c3ccccc3)cc2n(CCC)c1=O,6.1898
CCCn1c(=O)c2[nH]c(-c3ccccc3)c(O)c2n(CCC)c1=O,7.3010
CCCn1c(=O)c2[nH]c(-c3ccc(C)cc3)cc2n(CCC)c1=O,6.2000
CCCn1c(=O)c2c(cc(-c3ccc(C)cc3)n2O)n(CCC)c1=O,6.4001
CCCn1c(=O)c2[nH]c(-c3ccc(C)cc3)c(O)c2n(CCC)c1=O,7.0506
CCCn1c(=O)c2[nH]c(-c3ccc(N)cc3)cc2n(CCC)c1=O,6.7905
CCCn1c(=O)c2c(cc(-c3ccc(N)cc3)n2O)n(CCC)c1=O,6.6198
CCCn1c(=O)c2[nH]c(-c3ccc(N)cc3)c(O)c2n(CCC)c1=O,6.7799
CCCn1c(=O)c2[nH]c(-c3ccc(O)cc3)cc2n(CCC)c1=O,7.3188
CCCn1c(=O)c2c(cc(-c3ccc(O)cc3)n2O)n(CCC)c1=O,6.9914
CCCn1c(=O)c2[nH]c(-c3ccc(O)cc3)c(O)c2n(CCC)c1=O,6.9281
CCCn1c(=O)c2[nH]c(-c3ccc(OC)cc3)cc2n(CCC)c1=O,6.7011
CCCn1c(=O)c2c(cc(-c3ccc(OC)cc3)n2O)n(CCC)c1=O,6.2000
CCCn1c(=O)c2[nH]c(-c3ccc(OC)cc3)c(O)c2n(CCC)c1=O,6.8297
CCCn1c(=O)c2[nH]c(-c3ccc(C(C)=O)cc3)c(O)c2n(CCC)c1=O,6.4895
CCCn1c(=O)c2[nH]c(-c3ccc([N+](=O)[O-])cc3)c(O)c2n(CCC)c1=O,6.8386
CCCn1c(=O)c2[nH]c(-c3ccc(S(C)(=O)=O)cc3)c(O)c2n(CCC)c1=O,7.5528
CCCn1c(=O)c2[nH]c(-c3ccc(S(C)(=O)=O)cc3)c(O)c2n(C)c1=O,6.3298
CCCn1c(=O)c2[nH]c(-c3ccco3)c(O)c2n(CCC)c1=O,6.9830
CCCn1c(=O)c2[nH]c(-c3ccc(C(=O)O)cc3)c(O)c2n(CCC)c1=O,6.0301
CCCn1c(=O)c2[nH]c(-c3ccco3)c(OS(=O)(=O)O)c2n(CCC)c1=O,6.3893
CCCn1c(=O)c2[nH]c(-c3ccc(OCC(=O)Nc4ccc(Br)cc4)cc3)c(O)c2n(CCC)c1=O,7.0000
CCCn1c(=O)c2[nH]c(-c3ccc(OCC(=O)N4CCN(Cc5ccccc5)CC4)cc3)c(O)c2n(CCC)c1=O,7.0362
COC(=O)[C@H]1O[C@@H](n2cnc3c(NCc4cccc(I)c4)nc(Cl)nc32)[C@H](O)[C@@H]1O,5.3215
CONC(=O)[C@H]1O[C@@H](n2cnc3c(NCc4cccc(I)c4)nc(Cl)nc32)[C@H](O)[C@@H]1O,5.7773
O[C@@H]1[C@H](O)[C@@H]2C[C@@H]2[C@H]1n1cnc2c(NCc3cccc(I)c3)nc(Cl)nc21,5.9666
O[C@@H]1[C@H](O)[C@@H]2C[C@@H]2[C@H]1n1cnc2c(NCc3cccc(Cl)c3)nc(Cl)nc21,5.3458
O[C@@H]1[C@H](O)[C@@H]2C[C@@H]2[C@H]1n1cnc2c(NCc3cccc(Br)c3)nc(Cl)nc21,5.7959
O[C@@H]1[C@H](O)[C@@H]2C[C@@H]2[C@H]1n1cnc2c(NCc3cccc4ccccc34)nc(Cl)nc21,5.8153
COc1ccc(OC)c(CNc2nc(Cl)nc3c2ncn3[C@H]2[C@H](O)[C@H](O)[C@@H]3C[C@@H]32)c1,5.5817
COc1ccc(O)c(CNc2nc(Cl)nc3c2ncn3[C@H]2[C@H](O)[C@H](O)[C@@H]3C[C@@H]32)c1,5.1630
O[C@@H]1[C@H](O)[C@@H]2C[C@@H]2[C@H]1n1cnc2c(N[C@H]3C[C@@H]3c3ccccc3)nc(Cl)nc21,5.6968
COc1ccc(CCOc2cc3nc(-c4ccco4)nn3c(N)n2)cc1,8.5528
COc1ccc(CCNc2cc3nc(-c4ccco4)nn3c(N)n2)cc1,8.2366
COc1ccc(CCN(C)c2cc3nc(-c4ccco4)nn3c(N)n2)cc1,8.7447
COc1ccc(CCSc2cc3nc(-c4ccco4)nn3c(N)n2)cc1,8.7959
COc1ccc(CCCc2cc3nc(-c4ccco4)nn3c(N)n2)cc1,7.9393
COc1ccc(CN(C)c2cc3nc(-c4ccco4)nn3c(N)n2)cc1,7.3372
COc1ccc(CCCN(C)c2cc3nc(-c4ccco4)nn3c(N)n2)cc1,8.2441
CN(CCc1ccc(F)cc1)c1cc2nc(-c3ccco3)nn2c(N)n1,8.6990
CCN(CCc1ccc(F)cc1)c1cc2nc(-c3ccco3)nn2c(N)n1,8.5229
COCCN(CCc1ccc(F)cc1)c1cc2nc(-c3ccco3)nn2c(N)n1,9.0000
Nc1nc(OCCN2CCN(c3ccc(F)cc3F)CC2)cc2nc(-c3ccco3)nn12,8.2218
COCCOc1ccc(N2CCN(CCOc3cc4nc(-c5ccco5)nn4c(N)n3)CC2)cc1,8.5528
Nc1nc(SCCN2CCN(c3ccc(F)cc3F)CC2)cc2nc(-c3ccco3)nn12,8.8539
COCCOc1ccc(N2CCN(CCSc3cc4nc(-c5ccco5)nn4c(N)n3)CC2)cc1,8.8239
Nc1nc(NCCN2CCN(c3ccc(F)cc3F)CC2)cc2nc(-c3ccco3)nn12,8.8239
COCCOc1ccc(N2CCN(CCNc3cc4nc(-c5ccco5)nn4c(N)n3)CC2)cc1,8.0223
CN(CCN1CCN(c2ccc(F)cc2F)CC1)c1cc2nc(-c3ccco3)nn2c(N)n1,9.0000
COCCOc1ccc(N2CCN(CCN(C)c3cc4nc(-c5ccco5)nn4c(N)n3)CC2)cc1,8.6021
CCN(CCN1CCN(c2ccc(F)cc2F)CC1)c1cc2nc(-c3ccco3)nn2c(N)n1,9.0458
CCN(CCN1CCN(c2ccc(OCCOC)cc2)CC1)c1cc2nc(-c3ccco3)nn2c(N)n1,8.8239
COCCN(CCN1CCN(c2ccc(F)cc2F)CC1)c1cc2nc(-c3ccco3)nn2c(N)n1,9.3010
COCCOc1ccc(N2CCN(CCN(CCOC)c3cc4nc(-c5ccco5)nn4c(N)n3)CC2)cc1,9.1549
Nc1nc(N(CCN2CCN(c3ccc(F)cc3F)CC2)CC2CC2)cc2nc(-c3ccco3)nn12,9.5229
COCCOc1ccc(N2CCN(CCN(CC3CC3)c3cc4nc(-c5ccco5)nn4c(N)n3)CC2)cc1,9.0969
COCCOc1ccc(N2CCN(CCOc3cc4nc(-c5ccc(Cl)o5)nn4c(N)n3)CC2)cc1,7.3979
COCCOc1ccc(N2CCN(CCN(C)c3cc4nc(-c5ccccc5)nn4c(N)n3)CC2)cc1,7.6021
CN(CCN1CCN(c2ccc(F)cc2F)CC1)c1cc2nc(-c3cccc(C#N)c3)nn2c(N)n1,8.7447
COCCOc1ccc(N2CCN(CCN(C)c3cc4nc(-c5cccc(C#N)c5)nn4c(N)n3)CC2)cc1,9.1549
CN(CCN1CCN(c2ccc(F)cc2F)CC1)c1cc2nc(-c3cnco3)nn2c(N)n1,9.5229
Cc1nccnc1-c1nc2cc(N(C)CCN3CCN(c4ccc(F)cc4F)CC3)nc(N)n2n1,9.5229
CC(=O)Nc1cc(-c2ccccc2O)nc(-n2nc(C)cc2C)n1,8.7212
COC[C@H]1CCCN1c1cc(NC(C)=O)nc(-c2ccc(C)o2)n1,8.5686
CC(=O)Nc1cc(N2CCc3ccccc3C2)nc(-n2nc(C)cc2C)n1,8.3768
COC[C@H]1CCCN1c1cc(NC(C)=O)nc(-n2nc(C)cc2C)n1,7.8239
CCC(=O)Nc1cc(N2CCC[C@@H]2COC)nc(-n2nc(C)cc2C)n1,8.2291
COC[C@H]1C[C@H](OC)CN1c1cc(NC(C)=O)nc(-n2nc(C)cc2C)n1,8.1249
COCC1CCCN1c1cc(NC(C)=O)nc(-n2nc(C)cc2C)n1,8.0458
CC(=O)Nc1cc(N2CCCC2=O)nc(-n2nc(C)cc2C)n1,6.9604
COC[C@@H]1CCCN1c1cc(NC(C)=O)nc(-c2nccs2)n1,7.8239
COC[C@H]1CCCN1c1cc(NC(=O)OC)nc(-n2nc(C)cc2C)n1,7.7212
COC[C@H]1CCCN1c1cc(NC(C)=O)nc(-c2nccs2)n1,7.6990
COC[C@H]1C[C@@H](OC)CN1c1cc(NC(C)=O)nc(-n2nc(C)cc2C)n1,7.6383
CC(=O)Nc1cc(N2CCC[C@H]2CO)nc(-n2nc(C)cc2C)n1,7.5884
CCCC1CCN(c2cc(NC(C)=O)nc(-n3nc(C)cc3C)n2)C1,7.5850
COC[C@@H]1CCCN1c1cc(NC(C)=O)nc(-c2cccs2)n1,7.5686
CC(=O)Nc1cc(N2CCCC2C)nc(-n2nc(C)cc2C)n1,7.5528
CC(=O)Nc1cc(N2CCC[C@@H]2COc2ccccn2)nc(-n2nc(C)cc2C)n1,7.3979
COC[C@H]1CCCN1c1cc(NC(=O)NC(C)C)nc(-n2nc(C)cc2C)n1,7.3665
COC[C@H]1CCCN1c1cc(NC(C)=O)nc(-c2ccccn2)n1,7.3372
COC[C@@H]1CCC(C)N1c1cc(NC(C)=O)nc(-n2nc(C)cc2C)n1,7.3279
COC[C@H]1CCCN1c1cc(NC(C)=O)nc(-c2cccs2)n1,7.3279
COC[C@@H]1CCCN1c1cc(NC(C)=O)nc(-c2ccccn2)n1,7.3010
COC[C@H]1CCCN1c1cc(NC(=O)CC(C)C)nc(-n2nc(C)cc2C)n1,7.3010
CC(=O)Nc1cc(N2CCCCC2)nc(-n2nc(C)cc2C)n1,7.1079
CCN(CC)c1cc(NC(C)=O)nc(-n2nc(C)cc2C)n1,7.0362
CC(=O)Nc1cc(N2CCCC2)nc(-n2nc(C)cc2C)n1,6.9586
COC[C@@H]1CCCN1c1cc(NC(C)=O)nc(-c2ccc(C)o2)n1,6.9245
COC(=O)[C@H]1CCCN1c1cc(NC(C)=O)nc(-n2nc(C)cc2C)n1,6.6882
COC[C@H]1CCCN1c1cc(N)nc(-n2nc(C)cc2C)n1,6.5834
COCC[C@@H]1CCCCN1c1cc(NC(C)=O)nc(-n2nc(C)cc2C)n1,6.5607
CC(=O)Nc1cc(N2CCOCC2)nc(-n2nc(C)cc2C)n1,6.5045
COC[C@@H]1CCCN1c1cc(NC(C)=O)nc(-n2nc(C)cc2C)n1,6.4895
CC(=O)Nc1cc(N2CCC[C@H]2COc2ccccn2)nc(-n2nc(C)cc2C)n1,6.3575
CCOCC1CCCN1c1cc(NC(C)=O)nc(-n2nc(C)cc2C)n1,6.3420
CC(=O)Nc1cc(N2CCN(C)CC2)nc(-n2nc(C)cc2C)n1,5.7289
Nc1nc(CN[C@H]2CCCN2Cc2ccnc(Cl)c2)nc2nc(-c3ccco3)nn12,8.3979
Nc1nc(N2CCN3C[C@@H](COc4cccc(F)c4)CC[C@H]3C2)nc2nc(-c3ccco3)nn12,9.6990
CC(O)(C#Cc1cn2nc(-c3ccco3)nc2c(N)n1)Cc1ccncc1,8.9586
CC(C)(C)OC(=O)N1CCN(c2cccc(-c3cc4nc(-c5ccco5)nn4c(N)n3)c2)CC1,9.3010
COc1ccccc1-c1cc2nc(-c3ccco3)nn2c(N)n1,8.3665
Nc1nc(C(=O)NCCc2ccc(O)cc2)cn2nc(-c3ccco3)nc12,9.0000
CC(C)c1ccc2c(c1)-c1nc(N)nc(-c3ccc(Br)o3)c1C2,9.0969
N#Cc1c(-c2ccccc2)cc(-c2ccco2)nc1N,7.9586
Cc1cccc(-c2cc(-c3ccccc3)nc(N)c2C#N)c1,6.8861
N#Cc1c(-c2cccc(OC(F)(F)F)c2)cc(-c2ccccc2)nc1N,7.2366
COc1ccc(-c2cc(-c3ccccc3)nc(N)c2C#N)cc1OC,6.7959
N#Cc1c(-c2ccccc2)cc(-c2ccccc2)nc1N,6.8861
Cc1cccc(-c2cc(-c3ccco3)nc(N)c2C#N)c1,6.8539
N#Cc1c(-c2ccc(O)cc2)cc(-c2ccco2)nc1N,7.3872
N#Cc1c(-c2ccc3c(c2)OCO3)cc(-c2ccco2)nc1N,7.5850
COc1ccc(-c2cc(-c3ccco3)nc(N)c2C#N)cc1OC,7.0362
COc1ccc(-c2cc(-c3ccco3)nc(N)c2C#N)cc1,7.3872
N#Cc1c(-c2ccc(Cl)c(Cl)c2)cc(-c2ccco2)nc1N,6.7212
N#Cc1c(-c2ccc(Cl)cc2)cc(-c2ccco2)nc1N,6.8539
Cc1ccc(-c2cc(-c3ccco3)nc(N)c2C#N)o1,7.8239
N#Cc1c(-c2ccco2)cc(-c2ccco2)nc1N,9.4350
N#Cc1c(-c2cccs2)cc(-c2ccccc2)nc1N,7.2676
N#Cc1c(-c2ccco2)cc(-c2cccs2)nc1N,7.9208
N#Cc1c(-c2ccccc2)cc(-c2ccc[nH]2)nc1N,6.1938
N#Cc1c(-c2ccccc2)cc(-c2cccs2)nc1N,7.0555
N#Cc1c(-c2cccs2)cc(-c2ccco2)nc1N,8.8539
N#Cc1c(-c2cccs2)cc(-c2cccs2)nc1N,7.4949
N#Cc1c(-c2ccco2)cc(-c2ccccc2)nc1N,7.7212
Nc1nc(-c2ccccc2)nc2c1nnn2Cc1ccccc1,6.8327
O=C(Nc1nc(-c2ccccc2)nc2c1nnn2Cc1ccccc1)C1CC1,6.9586
O=C(Nc1nc(-c2ccccc2)nc2c1nnn2Cc1ccccc1)C1CCC1,6.9245
O=C(Nc1nc(-c2ccccc2)nc2c1nnn2Cc1ccccc1)c1cccs1,6.5157
O=C(Nc1nc(-c2ccccc2)nc2c1nnn2Cc1ccccc1)c1ccco1,6.2418
O=C(Nc1nc(-c2ccccc2)nc2c1nnn2Cc1ccccc1)c1ccoc1,6.7932
Nc1ccccc1C(=O)Nc1nc(-c2ccccc2)nc2c1nnn2Cc1ccccc1,6.5272
O=C(c1ccccc1)c1sc(NCCc2cccs2)nc1-c1ccco1,7.9208
O=C(c1ccccc1)c1sc(NCc2ccco2)nc1-c1ccco1,7.3665
O=C(c1ccccc1)c1sc(NCc2cccs2)nc1-c1ccco1,7.2676
O=C(c1ccccc1)c1sc(NCCc2ccc3c(c2)OCO3)nc1-c1ccco1,7.2147
O=C(c1ccccc1)c1sc(NCc2ccc(F)c(F)c2)nc1-c1ccco1,7.1938
CNc1nc(-c2ccco2)c(C(=O)c2ccccc2)s1,7.1739
O=C(c1ccccc1)c1sc(N(Cc2ccccc2)Cc2ccco2)nc1-c1ccco1,7.0555
CC(C)CNc1nc(-c2ccco2)c(C(=O)c2ccccc2)s1,7.0506
O=C(c1ccccc1)c1sc(NC2CCN(Cc3ccccc3F)CC2)nc1-c1ccco1,6.9788
O=C(c1ccccc1)c1sc(NCCCc2ccccc2)nc1-c1ccco1,6.9788
COC(C)CNc1nc(-c2ccco2)c(C(=O)c2ccccc2)s1,6.8125
CN(Cc1ccco1)c1nc(-c2ccco2)c(C(=O)c2ccccc2)s1,6.7959
COCCNc1nc(-c2ccco2)c(C(=O)c2ccccc2)s1,6.7100
CC(=O)NCCNc1nc(-c2ccco2)c(C(=O)c2ccccc2)s1,6.5513
CC(=O)N1CCC(Nc2nc(-c3ccco3)c(C(=O)c3ccccc3)s2)CC1,6.3420
CN(Cc1ccccc1)c1nc(-c2ccco2)c(C(=O)c2ccccc2)s1,5.5532
CN(C)c1nc(-c2ccco2)c(C(=O)c2ccccc2)s1,5.1663
O=C(c1ccccc1)c1sc(N(CCc2cccs2)Cc2ccccc2)nc1-c1ccco1,5.1463
CN(CCc1cccs1)c1nc(-c2ccco2)c(C(=O)c2ccccc2)s1,5.0878
CCn1c(=O)[nH]c2nc(-c3ccc(S(=O)(=O)N4CCN(Cc5ccccc5)CC4)cc3)[nH]c2c1=O,6.8182
CCn1c(=O)[nH]c2nc(-c3ccc(S(=O)(=O)N4CCN(Cc5ccc(Cl)cc5)CC4)cc3)[nH]c2c1=O,8.1878
CCCn1c(=O)[nH]c2nc(-c3ccc(S(=O)(=O)N4CCN(Cc5ccc(Cl)cc5)CC4)cc3)[nH]c2c1=O,6.4776
CCCn1c(=O)[nH]c2nc(-c3ccc(S(=O)(=O)N4CCN(Cc5cccc(Cl)c5)CC4)cc3)[nH]c2c1=O,6.7932
CCn1c(=O)[nH]c2nc(-c3ccc(S(=O)(=O)N4CCN(Cc5ccc(F)cc5)CC4)cc3)[nH]c2c1=O,7.0362
CCn1c(=O)[nH]c2nc(-c3ccc(S(=O)(=O)N4CCN(Cc5cccc(F)c5)CC4)cc3)[nH]c2c1=O,6.8416
CCCn1c(=O)[nH]c2nc(-c3ccc(S(=O)(=O)N4CCN(Cc5cccc(F)c5)CC4)cc3)[nH]c2c1=O,6.5560
CCn1c(=O)[nH]c2nc(-c3ccc(S(=O)(=O)N4CCN(Cc5ccc(C(F)(F)F)cc5)CC4)cc3)[nH]c2c1=O,7.6440
CCCn1c(=O)[nH]c2nc(-c3ccc(S(=O)(=O)N4CCN(Cc5ccc(C(F)(F)F)cc5)CC4)cc3)[nH]c2c1=O,6.8386
CCn1c(=O)[nH]c2nc(-c3ccc(S(=O)(=O)N4CCN(Cc5cccc(C(F)(F)F)c5)CC4)cc3)[nH]c2c1=O,7.1586
CCCn1c(=O)[nH]c2nc(-c3ccc(S(=O)(=O)N4CCN(Cc5cccc(C(F)(F)F)c5)CC4)cc3)[nH]c2c1=O,6.5143
CCn1c(=O)[nH]c2nc(-c3ccc(S(=O)(=O)N4CCN(Cc5ccc(OC)cc5)CC4)cc3)[nH]c2c1=O,6.6271
CCCn1c(=O)[nH]c2nc(-c3ccc(S(=O)(=O)N4CCN(Cc5ccc(OC)cc5)CC4)cc3)[nH]c2c1=O,6.4841
CCn1c(=O)[nH]c2nc(-c3ccc(S(=O)(=O)N4CCN(Cc5ccc6c(c5)OCO6)CC4)cc3)[nH]c2c1=O,6.9914
CCCn1c(=O)[nH]c2nc(-c3ccc(S(=O)(=O)N4CCN(Cc5ccc6c(c5)OCO6)CC4)cc3)[nH]c2c1=O,6.9508
CCn1c(=O)[nH]c2nc(-c3ccc(S(=O)(=O)N4CCN(c5ccc(Cl)cc5)CC4)cc3)[nH]c2c1=O,7.3152
CCCn1c(=O)[nH]c2nc(-c3ccc(S(=O)(=O)N4CCN(c5ccc(OC)cc5)CC4)cc3)[nH]c2c1=O,5.4295
CCCn1c(=O)[nH]c2nc(-c3ccc(S(=O)(=O)N4CCN(CCc5ccccc5)CC4)cc3)[nH]c2c1=O,6.5670
CCCn1c(=O)[nH]c2nc(-c3ccc(S(=O)(=O)NC4CCN(Cc5ccccc5)CC4)cc3)[nH]c2c1=O,7.0246
CC(=O)NCCNc1nc(-c2ccccc2)nc2[nH]c(C(=O)N3CCN(CCCc4ccccc4)CC3)cc12,6.4841
Cn1c(=O)c2[nH]c(-c3ccc(OC(C)(C)C(=O)N4CCN(c5nc6cc(Cl)ccc6s5)CC4)cc3)nc2n(C)c1=O,5.0000
Cn1c(=O)c2[nH]c(-c3ccc(COC(=O)Nc4ccccc4)cc3)cc2n(C)c1=O,7.4597
Cn1c(=O)c2[nH]c(-c3ccc(COC(=O)Nc4ccc(F)cc4)cc3)cc2n(C)c1=O,7.1403
Cn1c(=O)c2[nH]c(-c3ccc(COC(=O)Nc4ccsc4)cc3)cc2n(C)c1=O,7.9788
Cn1c(=O)c2[nH]c(-c3ccc(COC(=O)Nc4cccs4)cc3)cc2n(C)c1=O,7.8210
Cn1c(=O)c2[nH]c(-c3ccc(COC(=O)Nc4ccccn4)cc3)cc2n(C)c1=O,6.3098
Cn1c(=O)c2[nH]c(-c3ccc(COC(=O)Nc4ccco4)cc3)cc2n(C)c1=O,7.7399
Cn1c(=O)c2[nH]c(-c3ccc(COC(=O)N4CCN(c5ccccc5)CC4)cc3)cc2n(C)c1=O,6.8794
Cn1c(=O)c2[nH]c(-c3ccc(COC(=O)N4CCc5ccccc5C4)cc3)cc2n(C)c1=O,7.3595
Cn1c(=O)c2[nH]c(-c3ccc(COC(=O)NCc4ccccc4)cc3)cc2n(C)c1=O,6.0000
CCCn1c(=O)c2[nH]c(-c3ccc(COC(=O)Nc4ccccc4)cc3)cc2n(CCC)c1=O,7.5406
CCCn1c(=O)c2[nH]c(-c3ccc(COC(=O)Nc4ccc(F)cc4)cc3)cc2n(CCC)c1=O,6.9281
CCCn1c(=O)c2[nH]c(-c3ccc(COC(=O)Nc4ccsc4)cc3)cc2n(CCC)c1=O,5.4800
CCCn1c(=O)c2[nH]c(-c3ccc(COC(=O)Nc4cccs4)cc3)cc2n(CCC)c1=O,5.6498
CCCn1c(=O)c2[nH]c(-c3ccc(COC(=O)Nc4cnccn4)cc3)cc2n(CCC)c1=O,7.4498
CCCn1c(=O)c2[nH]c(-c3ccc(COC(=O)Nc4ccon4)cc3)cc2n(CCC)c1=O,7.6596
CCCn1c(=O)c2[nH]c(-c3ccc(COC(=O)Nc4cc[nH]n4)cc3)cc2n(CCC)c1=O,8.0000
CCCn1c(=O)c2[nH]c(-c3ccc(COC(=O)N4CCN(c5ccccc5)CC4)cc3)cc2n(CCC)c1=O,6.3497
CCCn1c(=O)c2[nH]c(-c3ccc(COC(=O)N4CCN(c5cccc(Cl)c5)CC4)cc3)cc2n(CCC)c1=O,7.5498
CCCn1c(=O)c2[nH]c(-c3ccc(COC(=O)N4CCN(c5ccc(F)cc5)CC4)cc3)cc2n(CCC)c1=O,7.3002
O[C@@H]1[C@H](O)CO[C@H]1n1cnc2c(NCc3cccc(F)c3)ncnc21,5.1831
O[C@@H]1[C@H](O)CO[C@H]1n1cnc2c(NCc3cccc(Cl)c3)ncnc21,5.4672
O[C@@H]1[C@H](O)CO[C@H]1n1cnc2c(NCc3cccc(Br)c3)ncnc21,5.8539
O[C@@H]1[C@H](O)CO[C@H]1n1cnc2c(NCc3cccc(I)c3)ncnc21,6.0013
O[C@@H]1[C@H](O)CO[C@H]1n1cnc2c(NCc3cccc(Cl)c3)nc(Cl)nc21,5.4401
CCn1c(=O)c2[nH]c(-c3ccc(OCC(=O)NN4CCc5ccccc5C4)cc3)nc2n(CCCOC)c1=O,6.6400
CCn1c(=O)c2[nH]c(-c3ccc(OCC(=O)Nc4ccon4)cc3)nc2n(CCCOC)c1=O,6.6700
CCn1c(=O)c2[nH]c(-c3ccc(OCC(=O)Nc4ccc(C#N)cc4)cc3)nc2n(CCCOC)c1=O,6.9500
CCn1c(=O)c2[nH]c(-c3ccc(OCC(=O)Nc4ccc(N(C)C)cc4)cc3)nc2n(CCCOC)c1=O,5.7500
CCn1c(=O)c2[nH]c(-c3ccc(OCC(=O)Nc4nc5ccccc5[nH]4)cc3)nc2n(CCCOC)c1=O,6.6900
CCn1c(=O)c2[nH]c(-c3ccc(OCC(=O)Nc4ccc(C(C)=O)cc4)cc3)nc2n(CCCOC)c1=O,6.8300
CCn1c(=O)c2[nH]c(-c3ccc(OCC(=O)Nc4ccc(O)cc4)cc3)nc2n(CCCOC)c1=O,6.3800
CCn1c(=O)c2[nH]c(-c3ccc(OCC(=O)Nc4cccnc4)cc3)nc2n(CCCOC)c1=O,6.1200
CCn1c(=O)c2[nH]c(-c3ccc(OCC(=O)Nc4ccccn4)cc3)nc2n(CCCOC)c1=O,6.7700
CCn1c(=O)c2[nH]c(-c3ccc(OCC(=O)Nc4ccc(Br)cc4)cc3)nc2n(CCCOC)c1=O,7.0100
CCn1c(=O)c2[nH]c(-c3ccc(OCC(=O)Nc4ccc(F)cc4)cc3)nc2n(CCCOC)c1=O,7.2500
CCn1c(=O)c2[nH]c(-c3ccc(OCC(=O)Nc4ccccc4)cc3)nc2n(CCCOC)c1=O,7.0600
CCn1c(=O)c2[nH]c(-c3ccc(OCC(=O)NC4CCCC4)cc3)nc2n(CCCOC)c1=O,7.0200
CCSCCn1c(=O)c2[nH]c(-c3ccco3)nc2n(CCCOC)c1=O,5.3000
CCCn1c(=O)c2[nH]c(-c3ccc[nH]3)nc2n(CCCOC)c1=O,6.4000
CCCn1c(=O)c2[nH]c(-c3ccccc3)nc2n(CCCOC)c1=O,6.4700
CCn1c(=O)c2[nH]c(-c3ccc[nH]3)nc2n(CCCOC)c1=O,6.6800
CCn1c(=O)c2[nH]c(-c3ccc(-c4ccccc4)cc3)nc2n(CCCOC)c1=O,6.2800
CCn1c(=O)c2[nH]c(-c3cccs3)nc2n(CCCOC)c1=O,6.6600
CCn1c(=O)c2[nH]c(-c3ccco3)nc2n(CCCOC)c1=O,6.3100
Nc1nc(NC(=O)c2ccccc2)c([N+](=O)[O-])c(-c2ccco2)n1,6.5114
Nc1nc(NC(=O)c2ccncc2)c([N+](=O)[O-])c(-c2ccco2)n1,6.8153
Nc1nc(NC(=O)c2ccccc2F)c([N+](=O)[O-])c(-c2ccco2)n1,7.6383
COc1ccccc1C(=O)Nc1nc(N)nc(-c2ccco2)c1[N+](=O)[O-],6.7696
Nc1nc(NC(=O)c2ccccc2OC(F)(F)F)c([N+](=O)[O-])c(-c2ccco2)n1,7.7959
Nc1nc(NC(=O)c2cccnc2)c([N+](=O)[O-])c(-c2ccco2)n1,6.6576
COc1ccccc1CC(=O)Nc1nc(N)nc(-c2ccco2)c1[N+](=O)[O-],8.0000
Nc1nc(C(=O)NCc2ccccc2)cc(-c2ccco2)n1,8.1192
Nc1nc(C(=O)NCc2ccccc2F)cc(-c2ccco2)n1,8.4559
Nc1nc(C(=O)NCc2cccc(F)c2)cc(-c2ccco2)n1,8.3188
Nc1nc(C(=O)NCc2ccc(F)cc2)cc(-c2ccco2)n1,7.6990
Nc1nc(C(=O)NCc2ccccc2Cl)cc(-c2ccco2)n1,8.5850
Nc1nc(C(=O)NCc2cccc(Cl)c2)cc(-c2ccco2)n1,8.4318
Nc1nc(C(=O)NCc2ccc(Cl)cc2)cc(-c2ccco2)n1,7.7570
Cc1ccccc1CNC(=O)c1cc(-c2ccco2)nc(N)n1,8.6576
Cc1cccc(CNC(=O)c2cc(-c3ccco3)nc(N)n2)c1,8.5850
Cc1ccc(CNC(=O)c2cc(-c3ccco3)nc(N)n2)cc1,8.0223
COc1ccccc1CNC(=O)c1cc(-c2ccco2)nc(N)n1,8.4559
COc1cccc(CNC(=O)c2cc(-c3ccco3)nc(N)n2)c1,8.2147
COc1ccc(CNC(=O)c2cc(-c3ccco3)nc(N)n2)cc1,7.1024
Nc1nc(C(=O)NCc2ccccn2)cc(-c2ccco2)n1,8.3665
Nc1nc(C(=O)NCc2cccnc2)cc(-c2ccco2)n1,8.0269
Nc1nc(C(=O)NCc2ccncc2)cc(-c2ccco2)n1,6.4112
Nc1nc(C(=O)NCc2ccco2)cc(-c2ccco2)n1,7.8539
Nc1cccc(CNC(=O)c2cc(-c3ccco3)nc(N)n2)n1,8.1549
Nc1nc(C(=O)NCc2cccc(CO)n2)cc(-c2ccco2)n1,8.0315
COCc1cccc(CNC(=O)c2cc(-c3ccco3)nc(N)n2)n1,8.7696
CCCOc1cnc2c(c1)[nH]c1c(=O)n(CCC)c(=O)n(CCC)c12,5.8327
CCCOc1cncc2[nH]c3c(=O)n(CCC)c(=O)n(CCC)c3c12,6.7852
CCCn1c(=O)c2[nH]c3cnccc3c2n(CCC)c1=O,5.4401
CCCn1c(=O)c2[nH]c3cccnc3c2n(CCC)c1=O,6.2441
Cn1c(=O)c2[nH]c3cccnc3c2n(C)c1=O,6.0491
Cn1c(=O)c2[nH]c3cnccc3c2n(C)c1=O,4.9957
O=C(Cc1ccc(-c2ccccc2)cc1)Nc1nc2nn(CCCc3ccccc3)cc2c2nc(-c3ccco3)nn12,6.5909
O=C(Cc1c(Cl)cccc1Cl)Nc1nc2nn(CCCc3ccccc3)cc2c2nc(-c3ccco3)nn12,6.7302
O=C(COc1ccc(Cl)cc1)Nc1nc2nn(CCCc3ccccc3)cc2c2nc(-c3ccco3)nn12,7.5677
O=C(Cc1ccc(Cl)cc1)Nc1nc2nn(CCCc3ccccc3)cc2c2nc(-c3ccco3)nn12,7.0481
O=C(Cc1cccc(Cl)c1)Nc1nc2nn(CCCc3ccccc3)cc2c2nc(-c3ccco3)nn12,6.7400
O=C(Cc1ccc2ccccc2c1)Nc1nc2nn(CCCc3ccccc3)cc2c2nc(-c3ccco3)nn12,7.1316
O=C(Nc1nc2nn(CCCc3ccccc3)cc2c2nc(-c3ccco3)nn12)C(c1ccccc1)c1ccccc1,6.4884
O=C(Cc1ccc(F)cc1)Nc1nc2nn(CCCc3ccccc3)cc2c2nc(-c3ccco3)nn12,6.6779
Cn1cc2c(nc(NC(=O)Cc3c(Cl)cccc3Cl)n3nc(-c4ccco4)nc23)n1,7.3424
CC(C)CCn1cc2c(nc(NC(=O)Cc3c(Cl)cccc3Cl)n3nc(-c4ccco4)nc23)n1,7.7291
Cn1cc2c(nc(NC(=O)Cc3ccc(F)cc3)n3nc(-c4ccco4)nc23)n1,7.2684
CC(C)CCn1cc2c(nc(NC(=O)Cc3ccc(F)cc3)n3nc(-c4ccco4)nc23)n1,8.4315
CC(C)CCn1cc2c(nc(NC(=O)Cc3ccc(C(F)(F)F)cc3)n3nc(-c4ccco4)nc23)n1,8.2676
O=C(Cc1cccc(Cl)c1)Nc1nc2nn(CCc3ccccc3)cc2c2nc(-c3ccco3)nn12,8.2402
CC(C)CCn1cc2c(nc(NC(=O)Cc3ccc(Cl)cc3)n3nc(-c4ccco4)nc23)n1,8.5604
CC(C)CCn1cc2c(nc(NC(=O)Cc3cccc(Cl)c3)n3nc(-c4ccco4)nc23)n1,8.7303
Cn1cc2c(nc(NC(=O)COc3ccc(Cl)cc3)n3nc(-c4ccco4)nc23)n1,7.4078
CCCCn1cc2c(nc(NC(=O)Cc3ccsc3)n3nc(-c4ccco4)nc23)n1,8.5022
CCCCn1cc2c(nc(NC(=O)Cc3cccs3)n3nc(-c4ccco4)nc23)n1,8.3810
Cn1cc2c(nc(NC(=O)Cc3ccc(C(F)(F)F)cc3)n3nc(-c4ccco4)nc23)n1,7.1199
CCCCn1cc2c(nc(NC(=O)Cc3cccc4ccccc34)n3nc(-c4ccco4)nc23)n1,7.9309
CCCn1cc2c(nc(NC(=O)Cc3ccc4ccccc4c3)n3nc(-c4ccco4)nc23)n1,8.0987
CCCn1cc2c(nc(NC(=O)Cc3cccc4ccccc34)n3nc(-c4ccco4)nc23)n1,7.4112
Cn1cc2c(nc(NC(=O)Cc3cccc4ccccc34)n3nc(-c4ccco4)nc23)n1,7.0921
Cn1cc2c(nc(NC(=O)Cc3ccc4ccccc4c3)n3nc(-c4ccco4)nc23)n1,7.1104
Cn1cc2c(nc(NC(=O)Cc3ccsc3)n3nc(-c4ccco4)nc23)n1,7.5022
Cn1cc2c(nc(NC(=O)Cc3cccs3)n3nc(-c4ccco4)nc23)n1,7.2509
CCn1cc2c(nc(NC(=O)Cc3cccs3)n3nc(-c4ccco4)nc23)n1,7.7993
CCn1cc2c(nc(NC(=O)Cc3ccsc3)n3nc(-c4ccco4)nc23)n1,7.6391
CCn1cc2c(nc(NC(=O)Cc3ccc4ccccc4c3)n3nc(-c4ccco4)nc23)n1,7.7376
CCn1cc2c(nc(NC(=O)Cc3cccc4ccccc34)n3nc(-c4ccco4)nc23)n1,7.1286
O=C(Cc1ccsc1)Nc1nc2nn(CCc3ccccc3)cc2c2nc(-c3ccco3)nn12,7.8897
O=C(Cc1cccs1)Nc1nc2nn(CCc3ccccc3)cc2c2nc(-c3ccco3)nn12,8.0577
O=C(Cc1ccc2ccccc2c1)Nc1nc2nn(CCc3ccccc3)cc2c2nc(-c3ccco3)nn12,7.3778
CC(C)CCn1cc2c(nc(NC(=O)Cc3ccc4ccccc4c3)n3nc(-c4ccco4)nc23)n1,7.8020
COc1ccc(CC(=O)Nc2nc3nn(C)cc3c3nc(-c4ccco4)nn23)cc1,7.2020
CCn1cc2c(nc(NC(=O)Cc3ccc(-c4ccccc4)cc3)n3nc(-c4ccco4)nc23)n1,7.1497
Cn1cc2c(nc(NC(=O)Cc3ccc(Cl)cc3)n3nc(-c4ccco4)nc23)n1,6.8084
CCCn1cc2c(nc(NC(=O)Cc3ccc(-c4ccccc4)cc3)n3nc(-c4ccco4)nc23)n1,7.2799
CCCn1cc2c(nc(NC(=O)C(c3ccccc3)c3ccccc3)n3nc(-c4ccco4)nc23)n1,7.3313
Cn1cc2c(nc(NC(=O)Cc3cccc(Cl)c3)n3nc(-c4ccco4)nc23)n1,7.5178
CCCCn1cc2c(nc(NC(=O)Cc3ccc(-c4ccccc4)cc3)n3nc(-c4ccco4)nc23)n1,7.4012
CCCCn1cc2c(nc(NC(=O)C(c3ccccc3)c3ccccc3)n3nc(-c4ccco4)nc23)n1,6.9415
O=C(Cc1ccc(-c2ccccc2)cc1)Nc1nc2nn(CCc3ccccc3)cc2c2nc(-c3ccco3)nn12,7.3294
O=C(Nc1nc2nn(CCc3ccccc3)cc2c2nc(-c3ccco3)nn12)C(c1ccccc1)c1ccccc1,7.2725
CC(C)CCn1cc2c(nc(NC(=O)Cc3ccc(-c4ccccc4)cc3)n3nc(-c4ccco4)nc23)n1,8.0386
CC(C)CCn1cc2c(nc(NC(=O)C(c3ccccc3)c3ccccc3)n3nc(-c4ccco4)nc23)n1,6.7993
Cn1cc2c(nc(NC(=O)Cc3ccc(-c4ccccc4)cc3)n3nc(-c4ccco4)nc23)n1,6.7122
Cn1cc2c(nc(NC(=O)C(c3ccccc3)c3ccccc3)n3nc(-c4ccco4)nc23)n1,6.6678
CC(C)CCn1cc2c(nc(NC(=O)CCCNC(=O)OC(C)(C)C)n3nc(-c4ccco4)nc23)n1,6.5286
CC(C)(C)OC(=O)NCCCC(=O)Nc1nc2nn(CCc3ccccc3)cc2c2nc(-c3ccco3)nn12,6.5403
Nc1nc2nn(CCc3c(Br)cc(Br)cc3Br)cc2c2nc(-c3ccco3)nn12,6.4592
COc1ccc(CC(=O)Nc2nc3nn(CCCc4ccccc4)cc3c3nc(-c4ccco4)nn23)cc1,8.0496
O=C(COc1ccc(Cl)cc1)Nc1nc2nn(CCc3ccccc3)cc2c2nc(-c3ccco3)nn12,7.4995
CC(C)CCn1cc2c(nc(NC(=O)COc3ccc(Cl)cc3)n3nc(-c4ccco4)nc23)n1,7.7916
COc1ccc(CC(=O)Nc2nc3nn(CCC(C)C)cc3c3nc(-c4ccco4)nn23)cc1,8.7100
Cn1cc2c(nc(NC(=O)COc3ccccc3)n3nc(-c4ccco4)nc23)n1,7.8204
CCCCn1cc2c(nc(NC(=O)Cc3ccc4ccccc4c3)n3nc(-c4ccco4)nc23)n1,8.1001
CC(C)CCn1cc2c(nc(NC(=O)Cc3ccsc3)n3nc(-c4ccco4)nc23)n1,8.4106
CC(C)CCn1cc2c(nc(NC(=O)Cc3cccs3)n3nc(-c4ccco4)nc23)n1,8.6912
CCn1cc2c(nc(NC(=O)C(c3ccccc3)c3ccccc3)n3nc(-c4ccco4)nc23)n1,6.8814
COc1ccc(NC(=O)Nc2nc3nn(Cc4cccc5ccccc45)cc3c3nc(-c4ccco4)nn23)cc1,5.4884
O=C(Nc1cccc(Cl)c1)Nc1nc2nn(CCc3c(Br)cc(Br)cc3Br)cc2c2nc(-c3ccco3)nn12,5.4418
COc1ccc(NC(=O)Nc2nc3nn(CCc4c(Br)cc(Br)cc4Br)cc3c3nc(-c4ccco4)nn23)cc1,5.6913
C=Cn1cc2c(nc(NC(=O)Nc3ccc(OC)cc3)n3nc(-c4ccco4)nc23)n1,6.7522
CSc1c2c(nc(NC(=O)Cc3ccc(OCC(C)C)cc3)n3nc(-c4ccco4)nc23)nn1C,7.3010
Nc1nc2c(cnn2CCCc2ccc3c(c2)O[C@@H](C(=O)O)O3)c2nc(-c3ccco3)nn12,7.2291
CCOC(=O)[C@H]1Oc2ccc(CCCn3ncc4c3nc(N)n3nc(-c5ccco5)nc43)cc2O1,8.2612
Nc1nc2c(cnn2CCCc2ccc3c(c2S(=O)(=O)O)OCO3)c2nc(-c3ccco3)nn12,7.1249
CCOC(=O)COc1ccc(CCCn2ncc3c2nc(N)n2nc(-c4ccco4)nc32)cc1,9.3665
CCOC(=O)c1ccc(CCn2ncc3c2nc(N)n2nc(-c4ccco4)nc32)cc1,8.3979
CNC(=O)[C@]12C[C@@H]1[C@@H](n1cnc3c(NCc4cccc(Cl)c4)nc(Cl)nc31)[C@H](O)[C@@H]2O,5.6383
CNC(=O)[C@]12C[C@@H]1[C@@H](n1cnc3c(NCc4cccc(I)c4)ncnc31)[C@H](O)[C@@H]2O,5.2076
CNC(=O)[C@]12C[C@@H]1[C@@H](n1cnc3c(NCc4cccc(Cl)c4)nc(C#CCCCCC(=O)OC)nc31)[C@H](O)[C@@H]2O,5.4510
CNC(=O)[C@]12C[C@@H]1[C@@H](n1cnc3c(NCc4cccc(Cl)c4)nc(C#CCCC(=O)NCCN)nc31)[C@H](O)[C@@H]2O,6.2596
CNC(=O)[C@]12C[C@@H]1[C@@H](n1cnc3c(NCc4cccc(Cl)c4)nc(C#CCCC(=O)NCCCCN)nc31)[C@H](O)[C@@H]2O,6.1158
CNC(=O)[C@]12C[C@@H]1[C@@H](n1cnc3c(NCc4cccc(Cl)c4)nc(C#CCCC(=O)NCCCN)nc31)[C@H](O)[C@@H]2O,6.0092
CNC(=O)[C@]12C[C@@H]1[C@@H](n1cnc3c(NCc4cccc(Cl)c4)nc(C#CCCCCC(=O)NCCN)nc31)[C@H](O)[C@@H]2O,6.5575
CCN1\C(=C/C=C/C=C/C2=[N+](CCCCCC(=O)NCCNC(=O)CCC#Cc3nc(NCc4cccc(Cl)c4)c4ncn([C@H]5[C@H](O)[C@H](O)[C@@]6(C(=O)NC)C[C@H]56)c4n3)c3ccccc3C2(C)C)C(C)(C)c2cc(S(=O)(=O)[O-])ccc21,5.3251
O[C@@H]1[C@H](O)[C@@H]2C[C@@H]2[C@H]1n1cnc2c(NC3CCCC3)nc(Cl)nc21,5.7852
O[C@@H]1[C@H](O)[C@@H]2C[C@@H]2[C@H]1n1cnc2c(NCc3cccc(I)c3)nc(F)nc21,5.3979
O[C@@H]1[C@H](O)[C@@H]2C[C@@H]2[C@H]1n1cnc2c(NCc3cccc(I)c3)ncnc21,5.3449
O[C@@H]1[C@H](O)[C@@H]2C[C@@H]2[C@H]1n1cnc2c(NCc3cccc(Cl)c3)ncnc21,5.3449
CNC(=O)[C@]12C[C@@H]1[C@@H](n1cnc3c(NCc4cccc(Cl)c4)nc(C#CCCC(=O)NCCNCCN)nc31)[C@H](O)[C@@H]2O,6.0506
CNC(=O)[C@H]1O[C@@H](n2cnc3c(NOC)nc(C#Cc4ccc(OC)cc4)nc32)[C@H](O)[C@@H]1O,4.9830
CNC(=O)[C@H]1O[C@@H](n2cnc3c(NC)nc(C#Cc4ccccc4)nc32)[C@H](O)[C@@H]1O,4.3799
CNC(=O)[C@H]1O[C@@H](n2cnc3c(NC)nc(C#Cc4ccc(OC)cc4)nc32)[C@H](O)[C@@H]1O,5.1530
CNC(=O)[C@H]1O[C@@H](n2cnc3c(NC)nc(C#Cc4ccc(F)cc4)nc32)[C@H](O)[C@@H]1O,4.8962
CNC(=O)[C@H]1O[C@@H](n2cnc3c(NC)nc(C#Cc4ccccn4)nc32)[C@H](O)[C@@H]1O,4.6144
Cc1ccc(-c2cc(C(=O)NCc3ncc[nH]3)nc(N)n2)o1,9.0000
Cc1ccc(-c2cc(C(=O)NCc3ccc[nH]3)nc(N)n2)o1,8.6990
Cc1cccc(CNC(=O)c2cc(-c3ccc(C)o3)nc(N)n2)n1,8.6021
Cc1ccc(-c2cc(C(=O)NCc3cccn3C)nc(N)n2)o1,8.6021
Cc1cccnc1CNC(=O)c1cc(-c2ccco2)nc(N)n1,8.5528
Cc1ccc(-c2cc(C(=O)NCc3ncccc3C)nc(N)n2)o1,8.5229
Cc1ccc(C)c(CNC(=O)c2cc(-c3ccc(C)o3)nc(N)n2)n1,8.5229
Cc1ccc(-c2cc(C(=O)NCc3ccc(C)c(C)n3)nc(N)n2)o1,8.5229
CCn1ccnc1CNC(=O)c1cc(-c2ccc(C)o2)nc(N)n1,8.4559
Cc1ccc(-c2cc(C(=O)NCc3ccccn3)nc(N)n2)o1,8.3979
Nc1nc(C(=O)NCc2ccccc2Cl)nc(-c2ccco2)n1,8.3098
Cc1ccc(-c2cc(C(=O)NCc3ccc(C)n3C)nc(N)n2)o1,8.3010
Cc1ccc(-c2cc(C(=O)NCc3nccn3C(C)C)nc(N)n2)o1,8.2596
Cc1cccnc1CNC(=O)c1cc(-c2ccccc2)nc(N)n1,8.2218
CCCn1ccnc1CNC(=O)c1cc(-c2ccc(C)o2)nc(N)n1,8.2218
COc1ccccc1CNC(=O)c1nc(N)nc(-c2ccco2)n1,8.1871
Cc1ccc(-c2cc(C(=O)NCc3cscn3)nc(N)n2)o1,8.1871
Cc1cccc(CNC(=O)c2nc(N)nc(-c3ccco3)n2)c1,8.1249
Cc1cc(CNC(=O)c2cc(-c3ccc(C)o3)nc(N)n2)no1,8.0706
COCc1cccc(CNC(=O)c2nc(N)nc(-c3ccco3)n2)n1,8.0555
Cc1cccnc1CNC(=O)c1cc(-c2cccc(F)c2)nc(N)n1,8.0458
Cc1cccc(-c2cc(C(=O)NCc3ncccc3C)nc(N)n2)c1,8.0458
Cc1cc(C)nc(CNC(=O)c2cc(-c3ccc(C)o3)nc(N)n2)c1,8.0223
Cc1ccc(-c2nc(N)nc(C(=O)NCc3ccccn3)c2C)o1,7.9208
Cc1ccccc1CNC(=O)c1nc(N)nc(-c2ccco2)n1,7.9101
Nc1nc(C(=O)NCc2ccccn2)cc(-c2ccccc2)n1,7.8539
Cc1cccnc1CNC(=O)c1cc(-c2ccccc2F)nc(N)n1,7.8539
Cc1ccc(-c2cc(C(=O)NCc3ncccc3C)nc(N)n2)cc1,7.7959
Nc1nc(C(=O)NCc2ccccn2)cc(-c2ccccc2F)n1,7.7696
Nc1nc(C(=O)NCc2ccccn2)cc(-c2cccc(F)c2)n1,7.7447
Cc1cccc(-c2cc(C(=O)NCc3ccccn3)nc(N)n2)c1,7.7447
Cc1cccnc1CNC(=O)c1nc(N)nc(-c2ccco2)n1,7.7305
Cc1cccnc1CNC(=O)c1cc(-c2cccc(Cl)c2)nc(N)n1,7.6383
Cc1cccnc1CNC(=O)c1cc(-c2ccccc2Cl)nc(N)n1,7.6198
COc1cccc(-c2cc(C(=O)NCc3ncccc3C)nc(N)n2)c1,7.6198
Nc1nc(C(=O)NCc2ccccn2)nc(-c2ccco2)n1,7.6021
CCc1c(C(=O)NCc2ccccn2)nc(N)nc1-c1ccc(C)o1,7.6021
COc1cccc(-c2cc(C(=O)NCc3ccccn3)nc(N)n2)c1,7.5528
Cc1ccccc1-c1cc(C(=O)NCc2ncccc2C)nc(N)n1,7.5528
Cc1cccnc1CNC(=O)c1cc(-c2cccc(C#N)c2)nc(N)n1,7.5376
COc1ccccc1-c1cc(C(=O)NCc2ncccc2C)nc(N)n1,7.5229
Nc1nc(C(=O)NCc2ccccn2)cc(-c2ccccc2Cl)n1,7.5086
Nc1nc(C(=O)NCc2ccccn2)cc(-c2cccc(Cl)c2)n1,7.5086
Cc1ccc(-c2cc(C(=O)NCc3ccccn3)nc(N)n2)cc1,7.4437
Cc1csc(-c2cc(C(=O)NCc3ccccn3)nc(N)n2)n1,7.3279
Cc1ccccc1-c1cc(C(=O)NCc2ccccn2)nc(N)n1,7.3098
COc1ccccc1-c1cc(C(=O)NCc2ccccn2)nc(N)n1,7.2441
CNc1nc(C(=O)NCc2ccccn2)cc(-c2ccc(C)o2)n1,7.2007
Nc1nc(C(=O)NCc2cccnc2)nc(-c2ccco2)n1,7.0555
CCc1ccccc1-c1cc(C(=O)NCc2ccccn2)nc(N)n1,7.0362
Cc1ccc(-c2cc(C(=O)NCc3ccccn3)ncn2)o1,7.0132
CCc1ccccc1-c1cc(C(=O)NCc2ncccc2C)nc(N)n1,6.9706
CCOc1ccccc1-c1cc(C(=O)NCc2ncccc2C)nc(N)n1,6.9706
Cc1cccnc1CNC(=O)c1cc(-c2ccccc2C#N)nc(N)n1,6.9101
Cc1cccnc1CNC(=O)c1cc(N)nc(-c2ccco2)c1,6.8996
N#Cc1cccc(-c2cc(C(=O)NCc3ccccn3)nc(N)n2)c1,6.8928
COc1ccc(-c2cc(C(=O)NCc3ccccn3)nc(N)n2)cc1,6.8153
COc1ccc(-c2cc(C(=O)NCc3ncccc3C)nc(N)n2)cc1,6.8097
Cc1ccc(-c2nc(N)nc(C(=O)NCc3ncccc3C)c2C)o1,6.8097
CCc1c(C(=O)NCc2ncccc2C)nc(N)nc1-c1ccc(C)o1,6.7375
CCOc1ccccc1-c1cc(C(=O)NCc2ccccn2)nc(N)n1,6.5969
N#Cc1ccccc1-c1cc(C(=O)NCc2ccccn2)nc(N)n1,6.5935
Nc1nc(C(=O)NCc2ccncc2)nc(-c2ccco2)n1,6.3768
Cc1csc(-c2cc(C(=O)NCc3ncccc3C)nc(N)n2)n1,6.2321
Cc1nc(C(=O)NCc2ccccn2)cc(-c2ccc(C)o2)n1,5.9519
Cc1ccc(-c2cc(C(=O)NCc3ccccn3)nc(C(C)C)n2)o1,5.7632
Cc1ccc(-c2cc(C(=O)NCc3ccccn3)nc(N(C)C)n2)o1,5.7474
COc1cc(C(=O)NCc2ncccc2C)nc(N)n1,5.6108
COc1cc(C(=O)NCc2ccccn2)nc(N)n1,5.4828
CCn1c(=O)c2c(nc(Cc3cccs3)n2C)n(Cc2ccco2)c1=O,7.0800
CCn1c(=O)c2c(nc(Cc3ccccc3)n2C)n(Cc2ccco2)c1=O,7.0500
CCn1c(=O)c2c(nc(Cc3ccco3)n2C)n(Cc2ccco2)c1=O,6.9800
Cn1c(=O)c2c(nc(Cc3ccco3)n2C)n(Cc2ccco2)c1=O,6.8300
CCCn1c(=O)c2c(nc(Cc3cccs3)n2C)n(Cc2ccco2)c1=O,6.6200
C=CCn1c(=O)c2c(nc(Cc3cccs3)n2C)n(Cc2ccco2)c1=O,6.5100
CCCn1c(=O)c2c(nc(Cc3ccco3)n2C)n(Cc2ccco2)c1=O,6.5100
CCn1c(=O)c2[nH]c(Cc3cccs3)nc2n(Cc2ccco2)c1=O,6.4400
C=CCn1c(=O)c2c(nc(Cc3c(F)cccc3F)n2C)n(Cc2ccco2)c1=O,6.4200
CCCn1c(=O)c2[nH]c(Cc3ccccc3)nc2n(Cc2ccco2)c1=O,6.3800
Cn1c(=O)c2[nH]c(Cc3ccco3)nc2n(Cc2ccco2)c1=O,6.3700
C#CCn1c(=O)c2[nH]c(Cc3cccs3)nc2n(Cc2ccco2)c1=O,6.3500
C#CCn1c(=O)c2[nH]c(Cc3c(F)cccc3F)nc2n(Cc2ccco2)c1=O,6.3400
COCCn1c(=O)c2c(nc(Cc3c(F)cccc3F)n2C)n(Cc2ccco2)c1=O,6.3100
Cn1c(Cc2cccs2)nc2c1c(=O)n(CC1CC1)c(=O)n2Cc1ccco1,6.3100
CCCn1c(=O)c2c(nc(Cc3ccccc3)n2C)n(Cc2ccco2)c1=O,6.3100
CCn1c(=O)c2[nH]c(Cc3ccco3)nc2n(Cc2ccco2)c1=O,6.2800
COCCn1c(=O)c2c(nc(Cc3cccs3)n2C)n(Cc2ccco2)c1=O,6.1600
CCSCCn1c(=O)c2c(nc(Cc3cccs3)n2C)n(Cc2ccco2)c1=O,6.0500
COCCn1c(=O)c2c(nc(Cc3ccccc3)n2C)n(Cc2ccco2)c1=O,6.0400
CCn1c(=O)c2[nH]c(Cc3ccccc3)nc2n(Cc2ccco2)c1=O,5.9800
CSCCn1c(=O)c2[nH]c(Cc3c(F)cccc3F)nc2n(Cc2ccco2)c1=O,5.9100
C=CCn1c(=O)c2[nH]c(Cc3cccs3)nc2n(Cc2ccco2)c1=O,5.8400
Cn1c(Cc2c(F)cccc2F)nc2c1c(=O)n(CC1CC1)c(=O)n2Cc1ccco1,5.7400
CSCCn1c(=O)c2[nH]c(Cc3cccs3)nc2n(Cc2ccco2)c1=O,5.6800
O=C(NC1CC1)[C@H]1S[C@@H](n2cnc3c(NCc4cccc(I)c4)ncnc32)[C@H](O)[C@@H]1O,7.8182
CCNC(=O)[C@H]1S[C@@H](n2cnc3c(NCc4cccc(I)c4)ncnc32)[C@H](O)[C@@H]1O,7.2396
CNc1ncnc2c1ncn2[C@@H]1S[C@H](C(=O)NC2CC2)[C@@H](O)[C@H]1O,6.7932
CNc1ncnc2c1ncn2[C@@H]1S[C@H](C(=O)NC2CCC2)[C@@H](O)[C@H]1O,6.9666
O=C(NC1CCC1)[C@H]1S[C@@H](n2cnc3c(NCc4cccc(I)c4)ncnc32)[C@H](O)[C@@H]1O,6.9136
O=C(NCC1CC1)[C@H]1S[C@@H](n2cnc3c(NCc4cccc(I)c4)ncnc32)[C@H](O)[C@@H]1O,5.7959
CNC(=O)[C@H]1S[C@@H](n2cnc3c(NCc4cccc(I)c4)ncnc32)[C@H](O)[C@@H]1O,6.3233
CCCCC#Cc1nc(N)c2ncn([C@@H]3C[C@H](NC(=O)CC)[C@@H](O)[C@H]3O)c2n1,7.8328
Nc1nc(N[C@H](CO)Cc2ccccc2)nc2c1ncn2[C@@H]1C[C@H](n2cccn2)[C@@H](O)[C@H]1O,6.1537
Cc1cnn([C@H]2C[C@@H](n3cnc4c(N)nc(N[C@H](CO)Cc5ccccc5)nc43)[C@H](O)[C@@H]2O)c1,6.9460
CCc1cnn([C@H]2C[C@@H](n3cnc4c(N)nc(N[C@H](CO)Cc5ccccc5)nc43)[C@H](O)[C@@H]2O)c1,6.9738
Nc1nc(N[C@H](CO)Cc2ccccc2)nc2c1ncn2[C@@H]1C[C@H](n2ncc3ccccc32)[C@@H](O)[C@H]1O,5.2671
Nc1nc(N[C@H](CO)Cc2ccccc2)nc2c1ncn2[C@@H]1C[C@H](n2ccccc2=O)[C@@H](O)[C@H]1O,5.2603
CCC(=O)N[C@H]1C[C@@H](n2cnc3c(NCC(c4ccccc4)c4ccccc4)nc(NCCc4c[nH]cn4)nc32)[C@H](O)[C@@H]1O,8.2566
CCC(=O)N[C@H]1C[C@@H](n2cnc3c(NCC(c4ccccc4)c4ccccc4)nc(NCCc4cn(C)cn4)nc32)[C@H](O)[C@@H]1O,8.3326
CCC(=O)N[C@H]1C[C@@H](n2cnc3c(NCC(c4ccccc4)c4ccccc4)nc(NCCc4cn(CC)cn4)nc32)[C@H](O)[C@@H]1O,8.2925
CCC(=O)N[C@H]1C[C@@H](n2cnc3c(NC(CC)CC)nc(NCCc4cn(CC)cn4)nc32)[C@H](O)[C@@H]1O,8.4181
CCC(=O)N[C@H]1C[C@@H](n2cnc3c(NC(CC)CC)nc(NCCc4cn(C(C)C)cn4)nc32)[C@H](O)[C@@H]1O,8.0889
CCCC(=O)N[C@H]1C[C@@H](n2cnc3c(NCC(c4ccccc4)c4ccccc4)nc(NCCc4cn(C(C)C)cn4)nc32)[C@H](O)[C@@H]1O,7.1024
CC(C)C(=O)N[C@H]1C[C@@H](n2cnc3c(NCC(c4ccccc4)c4ccccc4)nc(NCCc4cn(C(C)C)cn4)nc32)[C@H](O)[C@@H]1O,7.3713
CC(C)n1cnc(CCNc2nc(NCC(c3ccccc3)c3ccccc3)c3ncn([C@@H]4C[C@H](NC(=O)C(C)(C)C)[C@@H](O)[C@H]4O)c3n2)c1,6.3420
CC(C)n1cnc(CCNc2nc(NCC(c3ccccc3)c3ccccc3)c3ncn([C@@H]4C[C@H](NC(=O)C5CC5)[C@@H](O)[C@H]4O)c3n2)c1,7.5089
CC(C)n1cnc(CCNc2nc(NCC(c3ccccc3)c3ccccc3)c3ncn([C@@H]4C[C@H](NC(=O)C5CCC5)[C@@H](O)[C@H]4O)c3n2)c1,7.7502
CC(C)n1cnc(CCNc2nc(NCC(c3ccccc3)c3ccccc3)c3ncn([C@@H]4C[C@H](NC(=O)Cc5ccccc5)[C@@H](O)[C@H]4O)c3n2)c1,5.7783
CC(C)n1cnc(CCNc2nc(NCC(c3ccccc3)c3ccccc3)c3ncn([C@@H]4C[C@H](NC(=O)CCc5ccccc5)[C@@H](O)[C@H]4O)c3n2)c1,5.2619
CCC(=O)N[C@H]1C[C@@H](n2cnc3c(NCC(c4ccccc4)c4ccccc4)nc(NCCc4cn(CC(=O)O)cn4)nc32)[C@H](O)[C@@H]1O,7.0132
CCc1cnn([C@H]2C[C@@H](n3cnc4c(NCC(c5ccccc5)c5ccccc5)nc(NCCc5cn(CC)cn5)nc43)[C@H](O)[C@@H]2O)c1,6.8356
Cc1nnnn1[C@H]1C[C@@H](n2cnc3c(NCC(c4ccccc4)c4ccccc4)nc(NCCc4cn(C(C)C)cn4)nc32)[C@H](O)[C@@H]1O,7.2079
CCc1cnn([C@H]2C[C@@H](n3cnc4c(NCC(CC)CC)nc(NCCc5cn(CC)cn5)nc43)[C@H](O)[C@@H]2O)c1,7.1203
CCC(CC)CNc1nc(NCCc2cn(CC)cn2)nc2c1ncn2[C@@H]1C[C@H](n2cc(CO)cn2)[C@@H](O)[C@H]1O,8.2717
CCc1cn([C@H]2C[C@@H](n3cnc4c(NCC(CC)CC)nc(NCCc5cn(CC)cn5)nc43)[C@H](O)[C@@H]2O)nn1,7.3188
COc1ccc(Cl)cc1Nc1nc(N)nc(-c2oc3ccccc3c2C)n1,7.4949
N#Cc1c(N)nc2c(C(N)=O)c(Nc3ccccc3)sc2c1-c1ccccc1,6.2007
N#Cc1c(N)nc2c(oc3ccccc32)c1-c1ccccc1,7.2218
Nc1ccc(Cl)c2c1C(=O)c1ccccc1C2=O,6.6021
Cn1c(=O)cc2c3c(c(N)ccc31)C(=O)c1ccccc1-2,6.1938
Nc1ccc(N)c2c1C(=O)c1ccccc1C2=O,6.4949
COc1ccc(N)c2c1C(=O)c1ccccc1C2=O,6.2757
Nc1c(Sc2ccccc2)cc(Sc2ccccc2)c2c1C(=O)c1ccccc1C2=O,5.7212
Nc1c(Oc2ccccc2)ccc2c1C(=O)c1ccccc1C2=O,6.0000
Nc1cccc2c1C(=O)c1ccccc1C2=O,5.4949
CCCCNC(=O)c1cc(N)c2c(c1N)C(=O)c1ccccc1C2=O,3.9208
Nc1c(C(=O)Nc2ccccc2F)sc2nc3c(cc12)C(=O)CCC3,6.5229
Nc1c(C(=O)Nc2nccs2)sc2nc3c(cc12)C(=O)CCC3,6.0000
CCCc1ccc2c(N)c(C(=O)c3ccccc3)sc2n1,5.8861
CN1CCc2nc3sc(C(=O)Nc4ccc(Cl)cc4)c(N)c3cc2C1,5.5686
CCc1nc2sc(C(=O)c3cccc(Cl)c3)c(N)c2cc1C,5.0410
Nc1c(C(=O)Nc2ccc([N+](=O)[O-])cc2)sc2nc3c(cc12)CCCC3,4.8239
Nc1c(C(=O)Nc2ccc(Cl)cc2)sc2ncccc12,5.1612
Cc1cccc(NC2=C(N)C(=O)c3ccccc3C2=O)c1,6.0969
NC1=C(Nc2cccc(C(F)(F)F)c2)C(=O)c2ccccc2C1=O,6.2518
CN1CCc2sc3nc(C(=O)Nc4ccc(F)cc4)c(N)cc3c2C1,5.6576
Cc1ccc(Nc2nc(N)nc(CN3C(=O)NC4(CCCCC4)C3=O)n2)cc1,5.5528
Cc1ccc(Nc2nc(N)nc(CSC(C)C(=O)NCc3ccccc3Cl)n2)cc1,5.2218
COc1ccc(Nc2nc(N)nc(CSc3nnc(N)s3)n2)cc1,4.8539
Cc1ccc(Nc2nc(N)nc(CSCCO)n2)cc1,4.7696
Cc1ccc(Nc2nc(N)nc(CSC(C)C(=O)N3CCCCCC3)n2)cc1,4.4815
Nc1nc(CSc2nnc(N)s2)nc(Nc2ccc(F)cc2)n1,4.8861
Nc1c(C(=O)c2ccccc2)oc2ccc(Br)cc12,5.6576
CC(=O)Oc1cccc(-c2nc(C(N)=O)c(N)o2)c1,4.4437
Cc1ccc(N2C(=O)c3cccc(N)c3C2=O)cc1,5.5376
COCCOC(=O)c1sc(N)c(C#N)c1C,4.7696
CC(=O)c1snc(Nc2cc(Cl)ccc2F)c1N,4.3872
COc1ccc(-n2ccnc2SCC(=O)c2c(N)n(C3CC3)c(=O)[nH]c2=O)cc1,4.6021
N#CC1=C(NC(=O)CSc2ncc(C#N)c(N)n2)SC2CCCCC12,5.2147
CNC(=O)[C@@]12C[C@@H]1[C@@H](n1cnc3c(NCc4cccc(Cl)c4)nc(C#CCCCCc4cn(-c5cccc([N+](=O)[O-])c5)nn4)nc31)[C@H](O)[C@@H]2O,5.1720
CNC(=O)[C@@]12C[C@@H]1[C@@H](n1cnc3c(NCc4cccc(Cl)c4)nc(C#CCCCCc4cn(CCNC(C)=O)nn4)nc31)[C@H](O)[C@@H]2O,5.6126
CNC(=O)[C@@]12C[C@@H]1[C@@H](n1cnc3c(NCc4cccc(Cl)c4)nc(C#CCCCCc4cn(CCCCN)nn4)nc31)[C@H](O)[C@@H]2O,5.7878
C#CCCCC#Cc1nc(NCc2cccc(Cl)c2)c2ncn([C@@H]3[C@H](O)[C@H](O)[C@]4(C(=O)NC)C[C@H]34)c2n1,5.3635
CNC(=O)[C@@]12C[C@@H]1[C@@H](n1cnc3c(NCc4cccc(Cl)c4)nc(C#CCCCCc4cn(CCCCNC(C)=O)nn4)nc31)[C@H](O)[C@@H]2O,5.1403
CNC(=O)[C@@]12C[C@@H]1[C@@H](n1cnc3c(NCc4cccc(Cl)c4)nc(C#CCCCCc4cn(C56CC7CC(CC(C7)C5)C6)nn4)nc31)[C@H](O)[C@@H]2O,5.4841
CNC(=O)[C@@]12C[C@@H]1[C@@H](n1cnc3c(NCc4cccc(Cl)c4)nc(C#CCCCCc4cn(C(Br)C(=O)c5ccccc5)nn4)nc31)[C@H](O)[C@@H]2O,5.2411
CCN1\C(=C/C=C/C=C/C2=[N+](CCCCCC(=O)NCCNC(=O)CCC#Cc3nc(NCc4cccc(Cl)c4)c4ncn([C@H]5[C@H](O)[C@H](O)[C@]6(C(=O)NC)C[C@H]56)c4n3)c3ccc(S(=O)(=O)[O-])cc3C2(C)C)C(C)(C)c2cc(S(=O)(=O)O)ccc21,5.3251
CNC(=O)[C@@]12C[C@@H]1[C@@H](n1cnc3c(NCc4cccc(Cl)c4)nc(C#CCCCCc4cn(-c5ccc(N)cc5)nn4)nc31)[C@H](O)[C@@H]2O,5.2604
C#CCCCCC#Cc1nc(NCc2cccc(Cl)c2)c2ncn([C@H]3[C@H](O)[C@H](O)[C@]4(C(=O)NC)C[C@H]34)c2n1,5.1524
CCn1c(=O)c2c(nc(Cc3c(F)cccc3F)n2C)n(Cc2cccs2)c1=O,6.7500
CCn1c(=O)c2c(nc(Cc3ccco3)n2C)n(Cc2cccs2)c1=O,6.6600
CCn1c(=O)c2c(nc(Cc3cccs3)n2C)n(Cc2cccs2)c1=O,6.9100
CCn1c(=O)c2c(nc(Cc3ccco3)n2C)n(Cc2ccccc2)c1=O,5.7600
CCn1c(=O)c2c(nc(Cc3cccs3)n2C)n(Cc2ccccc2)c1=O,6.1200
CCn1c(=O)c2[nH]c(Cc3cccs3)nc2n(Cc2cccs2)c1=O,5.4000
CCCn1c(=O)c2[nH]c(-c3ccccc3)nc2n(CCSCC)c1=O,5.8400
OC1CCC(Nc2nc(-c3ccccc3)nc3[nH]ccc23)CC1,6.4001
Cc1ccc(C(=O)c2sc(NC(=O)c3ccccc3)nc2-c2ccccc2)cc1,5.2041
O=C(Nc1nc(-c2ccccc2)c(C(=O)c2ccccc2)s1)c1ccco1,6.4584
C=CCCCCCCCCCCOCCOCCOCCOCCOc1ccc(-c2nc3c([nH]2)c(=O)n(C)c(=O)n3C)cc1,6.9983
CC(=O)Nc1ccc(-c2ccncc2)c(-c2ccco2)n1,6.6799
O=C(Nc1ccc(-c2ccncc2)c(-c2ccco2)n1)C1CC1,7.5229
O=C(Nc1ccc(-c2ccncn2)c(-c2ccco2)n1)C1CC1,6.6216
O=C(Nc1ccc(Br)c(-c2ccco2)n1)C1CC1,7.4559
N#Cc1ccc(NC(=O)C2CC2)nc1-c1ccco1,7.9208
O=C(Nc1ccc(C2N=NN=N2)c(-c2ccco2)n1)C1CC1,5.7857
O=C(Nc1ccc(-c2ccncc2Cl)c(-c2ccco2)n1)C1CC1,6.8327
O=C(Nc1ccc(-c2ccncc2F)c(-c2ccco2)n1)C1CC1,6.8239
Cc1ccc(-c2nc(NC(=O)C3CC3)ccc2-c2ccncc2)o1,7.9586
O=C(Nc1ccc(-c2ccncc2)c(-c2nccs2)n1)C1CC1,6.5200
O=C(Nc1ccc(-c2ccncc2)c(-c2cncs2)n1)C1CC1,6.0899
O=C(Nc1ccc(-c2ccncc2)c(-c2ncco2)n1)C1CC1,5.8668
O=C(Nc1ccc(-c2ccncc2)c(-c2cnco2)n1)C1CC1,6.1972
O=C(Nc1ccc(-c2ccncc2)c(-c2cocn2)n1)C1CC1,5.8623
O=C(Nc1ccc(-c2ccncc2)c(-n2cccn2)n1)C1CC1,5.8416
O=C(Nc1ccc(-c2ccncc2)c(-c2ccccc2F)n1)C1CC1,7.2147
O=C(Nc1ccc(-c2ccncc2)c(-c2cccc(F)c2)n1)C1CC1,7.2441
CC(=O)Nc1ccc(-c2ccncc2)c(-c2cccc(F)c2)n1,6.5436
O=C(Nc1ccc(-c2ccncc2)c(-c2ccc(F)cc2)n1)C1CC1,7.4089
O=C(Nc1ccc(-c2ccncc2)c(-c2ccccn2)n1)C1CC1,6.0645
O=C(Nc1ccc(-c2ccncc2)c(-c2cccnc2)n1)C1CC1,5.8342
O=C(Nc1ccc(-c2ccncc2)c(-c2ccncc2)n1)C1CC1,6.7878
O=c1[nH]c(=O)c2cc(-c3ccncn3)c(-c3ccco3)nc2[nH]1,6.7423
c1coc(-c2nc3[nH]ccc3cc2-c2ccncn2)c1,6.2083
O=c1[nH][nH]c2nc(-c3ccco3)c(-c3ccncn3)cc12,6.7520
c1coc(-c2nc3[nH]cnc3cc2-c2ccncn2)c1,5.4431
c1coc(-c2nc3[nH]ncc3cc2-c2ccncn2)c1,5.7809
Nc1n[nH]c2nc(-c3ccco3)c(-c3ccncn3)cc12,6.0665
Cn1c(=O)[nH]c2nc(-c3ccco3)c(-c3ccncn3)cc21,5.6724
O=c1[nH]c2cc(-c3ccncn3)c(-c3ccco3)nc2[nH]1,6.1141
Cc1ccc(C(=O)c2ncnc3ccsc23)s1,5.1749
Cc1nc(C(=O)c2ccc(C)s2)c2sccc2n1,5.1053
CCc1nc(C(=O)c2ccc(C)s2)c2sccc2n1,5.4143
Cc1ccc(C(=O)c2nc(N)nc3ccsc23)s1,6.6576
CCNc1nc(C(=O)c2ccc(C)s2)c2sccc2n1,6.8996
Cc1ccc(C(=O)c2nc(NCc3ccccc3)nc3ccsc23)s1,5.1459
Cc1ccc(C(=O)c2nc(NC(C)c3ccccc3)nc3ccsc23)s1,5.9678
Cc1ccc(C(=O)c2nc(NCc3ccccn3)nc3ccsc23)s1,6.7305
Cc1ccc(C(=O)c2nc(NCc3cccnc3)nc3ccsc23)s1,6.0044
Cc1ccc(C(=O)c2nc(NCc3ccncn3)nc3ccsc23)s1,6.9355
Cc1ccc(C(=O)c2nc(NC(=O)c3cccnc3)nc3ccsc23)s1,6.7932
Cc1ccc(C(=O)c2nc(NCCc3ccccn3)nc3ccsc23)s1,6.4547
Cc1ccc(C(=O)c2nc(NCCc3cccnc3)nc3ccsc23)s1,6.7520
Cc1ccc(C(=O)c2nc(N(C)Cc3cccnc3)nc3ccsc23)s1,5.6438
Cc1ccc(C(=O)c2nc(NC(C)c3ccccn3)nc3ccsc23)s1,6.9281
Cc1ccc(C(=O)c2nc(NC(C)c3cccnc3)nc3ccsc23)s1,7.0044
O=C(c1ccc(Cl)s1)c1nc(NCc2cccnc2)nc2ccsc12,5.8122
Cc1ccc(C(=O)c2nc(NCc3cccnc3)nc3ccsc23)o1,5.9024
O=C(c1cccs1)c1nc(NCc2cccnc2)nc2ccsc12,7.2924
O=C(c1ccsc1)c1nc(NCc2cccnc2)nc2ccsc12,6.3925
O=C(c1nccs1)c1nc(NCc2cccnc2)nc2ccsc12,6.1355
O=C(c1cncs1)c1nc(NCc2cccnc2)nc2ccsc12,5.7657
O=C(c1ccccc1)c1nc(NCc2cccnc2)nc2ccsc12,5.7908
Cc1ccc(C(=O)c2nc(NCc3cccnc3)nc3ccsc23)cc1,6.3546
COc1ccc(C(=O)c2nc(NCc3cccnc3)nc3ccsc23)cc1,6.1959
O=C(c1cccnc1)c1nc(NCc2cccnc2)nc2ccsc12,5.9326
O=C(c1ccncc1)c1nc(NCc2cccnc2)nc2ccsc12,5.7118
O=C(c1cccs1)c1nc(NCc2cccnc2)nc2cc(Cl)sc12,7.2076
CNc1cc2nc(NCc3cccnc3)nc(C(=O)c3cccs3)c2s1,6.2867
CCNc1cc2nc(NCc3cccnc3)nc(C(=O)c3cccs3)c2s1,5.8718
CN(C)c1cc2nc(NCc3cccnc3)nc(C(=O)c3cccs3)c2s1,6.1729
CNC(=O)c1nc(NCc2cccnc2)nc2ccsc12,5.1483
CCNC(=O)c1nc(NCc2cccnc2)nc2ccsc12,5.5993
CC(C)NC(=O)c1nc(NCc2cccnc2)nc2ccsc12,5.5834
O=C(NC1CC1)c1nc(NCc2cccnc2)nc2ccsc12,6.1487
O=C(NC1CCCCC1)c1nc(NCc2cccnc2)nc2ccsc12,5.5096
O=C(c1nc(NCc2cccnc2)nc2ccsc12)N1CCCC1,5.2121
CC(Nc1nc(C(=O)N2CCCC2)c2sccc2n1)c1cccnc1,5.6295
C[C@@H](Nc1nc(C(=O)N2CCCC2)c2sccc2n1)c1cccnc1,5.1701
C[C@H](Nc1nc(C(=O)N2CCCC2)c2sccc2n1)c1cccnc1,6.3298
CCn1c(=S)sc2c1ncn1nc(-c3ccco3)nc21,8.4486
CCCn1c(=S)sc2c1ncn1nc(-c3ccco3)nc21,9.4202
CCCCn1c(=S)sc2c1ncn1nc(-c3ccco3)nc21,9.9208
C=CCn1c(=S)sc2c1ncn1nc(-c3ccco3)nc21,10.7959
S=c1sc2c(ncn3nc(-c4ccco4)nc23)n1-c1ccccc1,8.9586
Fc1ccc(-n2c(=S)sc3c2ncn2nc(-c4ccco4)nc32)cc1,8.6946
S=c1sc2c(ncn3nc(-c4ccco4)nc23)n1-c1ccc(Cl)cc1,9.8182
S=c1sc2c(ncn3nc(-c4ccco4)nc23)n1-c1cccc(Cl)c1,10.4202
S=c1sc2c(ncn3nc(-c4ccco4)nc23)n1-c1ccccc1I,9.1549
S=c1sc2c(ncn3nc(-c4ccco4)nc23)n1-c1ccc(I)cc1,9.2441
S=c1sc2c(ncn3nc(-c4ccco4)nc23)n1-c1cccc(I)c1,11.0862
Cn1cc2c(nc(N)n3nc(-c4ccccc4)nc23)n1,6.9172
Cn1cc2c(nc(N)n3nc(-c4ccc(F)cc4)nc23)n1,6.4498
Cn1cc2c(nc(N)n3nc(-c4ccc(Cl)cc4)nc23)n1,5.6946
Cn1cc2c(nc(N)n3nc(-c4ccc(Br)cc4)nc23)n1,5.8239
COc1ccc(-c2nc3c4cn(C)nc4nc(N)n3n2)cc1,5.9245
Cn1cc2c(nc(N)n3nc(-c4ccc([N+](=O)[O-])cc4)nc23)n1,5.0155
CCn1ncc2c1nc(N)n1nc(-c3ccc(Cl)cc3)nc21,7.0768
CCn1cc2c(nc(N)n3nc(-c4ccc(Cl)cc4)nc23)n1,6.0742
Nc1nc2nn(CCc3ccccc3)cc2c2nc(-c3ccccc3)nn12,6.7077
Nc1nc2nn(CCc3ccccc3)cc2c2nc(-c3ccc(F)cc3)nn12,6.8962
Nc1nc2c(cnn2CCc2ccccc2)c2nc(-c3ccc(Cl)cc3)nn12,5.2240
Nc1nc2nn(CCc3ccccc3)cc2c2nc(-c3ccc(Cl)cc3)nn12,5.6615
COc1ccc(-c2nc3c4cn(CCc5ccccc5)nc4nc(N)n3n2)cc1,5.8539
Cn1cc2c(nc(NC(=O)c3ccccc3)n3nc(-c4ccccc4)nc23)n1,6.4895
O=C(Nc1nc2nn(CCc3ccccc3)cc2c2nc(-c3ccccc3)nn12)c1ccccc1,6.0164
Cn1cc2c(nc(NC(=O)Cc3ccccc3)n3nc(-c4ccccc4)nc23)n1,6.1090
Cn1cc2c(nc(NC(=O)Cc3ccccc3)n3nc(-c4ccc(F)cc4)nc23)n1,5.5952
Cn1cc2c(nc(NC(=O)Cc3ccccc3)n3nc(-c4ccc(Cl)cc4)nc23)n1,5.0799
Cn1cc2c(nc(NC(=O)Cc3ccccc3)n3nc(-c4ccc([N+](=O)[O-])cc4)nc23)n1,4.6216
CCNC(=O)[C@H]1O[C@@H](n2cnc3c(NCC(c4ccccc4)c4ccccc4)nc(C(=O)NCCNC(=O)NCCN4CCCCC4)nc32)[C@H](O)[C@@H]1O,8.3010
O=C(NCCNC(=O)c1nc(NCC(c2ccccc2)c2ccccc2)c2ncn([C@@H]3O[C@H](CO)[C@@H](O)[C@H]3O)c2n1)NCCN1CCCCC1,7.3468
CCNC(=O)[C@H]1O[C@@H](n2cnc3c(NCC(c4ccccc4)c4ccccc4)nc(C(=O)NCCNC(=O)NCCN(C(C)C)C4CCCC4)nc32)[C@H](O)[C@@H]1O,8.1549
CCNC(=O)[C@H]1O[C@@H](n2cnc3c(NCC(c4ccccc4)c4ccccc4)nc(C(=O)NCCNC(=O)NCCN(C(C)C)C(C)C)nc32)[C@H](O)[C@@H]1O,8.3010
CCNC(=O)[C@H]1O[C@@H](n2cnc3c(NCC(c4ccccc4)c4ccccc4)nc(C(=O)NCCNC(=O)NCCN4CCc5ccccc5C4)nc32)[C@H](O)[C@@H]1O,8.0000
CCNC(=O)[C@H]1O[C@@H](n2cnc3c(NCC(c4ccccc4)c4ccccc4)nc(C(=O)NCCN(C)C(=O)NCCN4CCCCC4)nc32)[C@H](O)[C@@H]1O,6.5157
CCNC(=O)[C@H]1O[C@@H](n2cnc3c(NCC(c4ccccc4)c4ccccc4)nc(C(=O)NCCNC(=O)NCCc4ccccc4)nc32)[C@H](O)[C@@H]1O,8.0000
CCNC(=O)[C@H]1O[C@@H](n2cnc3c(NCC(c4ccccc4)c4ccccc4)nc(C(=O)NCCNC(=O)NCc4ccccc4)nc32)[C@H](O)[C@@H]1O,8.2218
CCNC(=O)[C@H]1O[C@@H](n2cnc3c(NCC(c4ccccc4)c4ccccc4)nc(C(=O)NCCNC(=O)NCc4ccccn4)nc32)[C@H](O)[C@@H]1O,8.3979
CCNC(=O)[C@H]1O[C@@H](n2cnc3c(NCC(c4ccccc4)c4ccccc4)nc(C(=O)NCCNC(=O)NCc4ccc(CN(CC)CC)cc4)nc32)[C@H](O)[C@@H]1O,8.3010
CCNC(=O)[C@H]1O[C@@H](n2cnc3c(NCC(c4ccccc4)c4ccccc4)nc(C(=O)NCCNC(=O)NC4CCN(c5ccccn5)CC4)nc32)[C@H](O)[C@@H]1O,8.3979
CCNC(=O)[C@H]1O[C@@H](n2cnc3c(NCC(c4ccccc4)c4ccccc4)nc(C(=O)NCCNC(=O)NCc4ccc(C(=O)O)cc4)nc32)[C@H](O)[C@@H]1O,9.3979
Nc1nc(-c2ccccc2)c2c(n1)-c1cc(CNN3CCC(=O)CC3)ccc1C2=O,8.2291
Nc1nc(-c2ccccc2)c2c(n1)-c1cc(CNN3CCOCC3)ccc1C2=O,9.0000
Nc1nc(-c2ccccc2)c2c(n1)-c1cc(CNN3CCCC3)ccc1C2=O,8.3872
Nc1nc(-c2ccc(F)cc2)c2c(n1)-c1cc(CNN3CCCC3)ccc1C2=O,7.8928
CN(C)CCN(C)Cc1ccc2c(c1)-c1nc(N)nc(-c3ccccc3)c1C2=O,8.1079
CN(C)CCN(C)C(=O)c1ccc2c(c1)-c1nc(N)nc(-c3ccccc3)c1C2=O,7.9066
CCN(CC)CCN(C)C(=O)c1ccc2c(c1)-c1nc(N)nc(-c3ccccc3)c1C2=O,8.1079
CCN(CC)CCNC(=O)c1ccc2c(c1)-c1nc(N)nc(-c3ccccc3)c1C2=O,7.8697
Nc1nc(-c2ccccc2)c2c(n1)-c1cc(C(=O)NCCN3CCOCC3)ccc1C2=O,7.5467
CN1CCC(N(C)C(=O)c2ccc3c(c2)-c2nc(N)nc(-c4ccccc4)c2C3=O)CC1,7.7305
CC(C)N1CCC(NC(=O)c2ccc3c(c2)-c2nc(N)nc(-c4ccccc4)c2C3=O)CC1,7.7747
Nc1nc(-c2ccccc2)c2c(n1)-c1cc(C(=O)N3CCNCC3)ccc1C2=O,7.4881
CN1CCN(C(=O)c2ccc3c(c2)-c2nc(N)nc(-c4ccccc4)c2C3=O)CC1,8.0862
CN1CCN(C(=O)c2ccc3c(c2)-c2nc(N)nc(-c4ccc(F)cc4)c2C3=O)CC1,7.9547
CCN1CCN(C(=O)c2ccc3c(c2)-c2nc(N)nc(-c4ccccc4)c2C3=O)CC1,7.8268
CCN1CCN(C(=O)c2ccc3c(c2)-c2nc(N)nc(-c4ccc(F)cc4)c2C3=O)CC1,7.4935
CC(C)N1CCN(C(=O)c2ccc3c(c2)-c2nc(N)nc(-c4ccccc4)c2C3=O)CC1,7.6840
CN(C)CCOc1ccc2c(c1)-c1nc(N)nc(-c3ccccc3)c1C2=O,7.7620
CN(C)CCOc1ccc2c(c1)-c1nc(N)nc(-c3ccc(F)cc3)c1C2=O,7.4283
CCN(CC)CCOc1ccc2c(c1)-c1nc(N)nc(-c3ccccc3)c1C2=O,8.1024
CCN(CC)CCOc1ccc2c(c1)-c1nc(N)nc(-c3ccc(F)cc3)c1C2=O,7.2958
CC(C)N(CCOc1ccc2c(c1)-c1nc(N)nc(-c3ccccc3)c1C2=O)C(C)C,7.8633
Nc1nc(-c2ccccc2)c2c(n1)-c1cc(OCCN3CCCCC3)ccc1C2=O,7.4522
Nc1nc(-c2ccccc2)c2c(n1)-c1cc(OCCN3CCOCC3)ccc1C2=O,8.1871
Nc1nc(-c2ccc(F)cc2)c2c(n1)-c1cc(OCCN3CCOCC3)ccc1C2=O,7.7423
Nc1nc(-c2ccccc2)c2c(n1)-c1cc(OCCN3CCCC3)ccc1C2=O,7.7144
Nc1nc(-c2ccc(F)cc2)c2c(n1)-c1cc(OCCN3C4CCC3CC4)ccc1C2=O,7.4547
CN(C)CCN(C)c1ccc2c(c1)-c1nc(N)nc(-c3ccccc3)c1C2=O,8.3279
Nc1nc(-c2ccccc2)c2c(n1)-c1cc(NCCc3ccncc3)ccc1C2=O,9.0458
Nc1nc(-c2ccccc2)c2c(n1)-c1cc(NCCc3ccccn3)ccc1C2=O,9.0458
Nc1nc(-c2ccccc2)c2c(n1)-c1cc(NCCN3CCOCC3)ccc1C2=O,8.3565
Nc1nc(-c2ccccc2)c2c(n1)-c1cc(NCCN3CCS(=O)(=O)CC3)ccc1C2=O,8.5086
CCN1CCC(Nc2ccc3c(c2)-c2nc(N)nc(-c4ccccc4)c2C3=O)CC1,7.9031
CCN1CCC(N(C)c2ccc3c(c2)-c2nc(N)nc(-c4ccccc4)c2C3=O)CC1,8.3098
Nc1nc(-c2ccccc2)c2c(n1)-c1cc(N3CCOCC3)ccc1C2=O,8.5376
CN1CCN(c2ccc3c(c2)-c2nc(N)nc(-c4ccccc4)c2C3=O)CC1,8.5686
CCN1CCN(c2ccc3c(c2)-c2nc(N)nc(-c4ccccc4)c2C3=O)CC1,7.9431
Nc1nc(-c2ccccc2)c2c(n1)-c1cc(N3CCN(CC4CC4)CC3)ccc1C2=O,7.6345
CN1CCCN(c2ccc3c(c2)-c2nc(N)nc(-c4ccccc4)c2C3=O)CC1,8.0000
CC(C)N(CCOc1ccc2c(c1)-c1nc(N)nc(-c3ccc(F)cc3)c1C2=O)C(C)C,7.1158
Nc1nc(-c2ccc(F)cc2)c2c(n1)-c1cc(OCCN3CCCC3)ccc1C2=O,6.9318
Nc1nc(-c2ccco2)c2c(n1)-c1ccccc1C2=O,10.0000
Nc1nc(-c2ccc(Cl)o2)c2c(n1)-c1ccccc1C2=O,9.6990
CN(C)CCN(C)c1ccc(-c2nc(N)nc3c2C(=O)c2ccccc2-3)o1,7.9788
Nc1nc(-c2cccs2)c2c(n1)-c1ccccc1C2=O,9.2218
Nc1nc(-c2nccs2)c2c(n1)-c1ccccc1C2=O,9.3010
Nc1nc(-c2ccncc2)c2c(n1)-c1ccccc1C2=O,8.3372
Nc1nc(-c2ccccc2)c2c(n1)-c1ccccc1C2=O,9.4793
Nc1nc(-c2ccc(Cl)cc2)c2c(n1)-c1ccccc1C2=O,8.2596
COc1cccc(-c2nc(N)nc3c2C(=O)c2ccccc2-3)c1,8.7959
COc1ccccc1-c1nc(N)nc2c1C(=O)c1ccccc1-2,7.4881
CN(C)CCN(C)Cc1cccc2c1-c1nc(N)nc(-c3ccccc3)c1C2=O,7.3969
CCN(CC)Cc1cccc2c1-c1nc(N)nc(-c3ccccc3)c1C2=O,7.7375
Nc1nc(-c2ccccc2)c2c(n1)-c1c(CN3CCCCC3)cccc1C2=O,7.8447
CN1CCN(Cc2cccc3c2-c2nc(N)nc(-c4ccccc4)c2C3=O)CC1,7.9469
CC(=O)N1CCN(Cc2cccc3c2-c2nc(N)nc(-c4ccccc4)c2C3=O)CC1,8.1024
Nc1nc(-c2ccccc2)c2c(n1)-c1c(CN3CCCCCC3)cccc1C2=O,8.0655
Nc1nc(-c2ccccc2)c2c(n1)-c1c(CN3CCOCC3)cccc1C2=O,8.4815
Nc1nc(-c2ccc(F)cc2)c2c(n1)-c1c(CN3CCOCC3)cccc1C2=O,8.4202
N#Cc1cccc(-c2nc(N)nc3c2C(=O)c2cccc(CN4CCOCC4)c2-3)c1,8.2676
Nc1nc(-c2ccccc2)c2c(n1)-c1c(CN3CCCC3)cccc1C2=O,8.6021
Nc1nc(-c2ccc(F)cc2)c2c(n1)-c1c(CN3CCCC3)cccc1C2=O,8.4437
CC1CCC(C)N1Cc1cccc2c1-c1nc(N)nc(-c3ccccc3)c1C2=O,7.9469
Nc1nc(-c2ccccc2)c2c(n1)-c1cc(CNCc3ccco3)ccc1C2=O,8.2757
Nc1nc(-c2ccccc2)c2c(n1)-c1cc(CNCc3ccccn3)ccc1C2=O,8.2676
Nc1nc(-c2ccccc2)c2c(n1)-c1cc(CNN3CCCCC3)ccc1C2=O,8.5229
Nc1nc(-c2ccc(F)cc2)c2c(n1)-c1cc(CNN3CCCCC3)ccc1C2=O,8.0044
CN1CCN(NCc2ccc3c(c2)-c2nc(N)nc(-c4ccccc4)c2C3=O)CC1,8.0315
CN1CCN(NCc2ccc3c(c2)-c2nc(N)nc(-c4ccc(F)cc4)c2C3=O)CC1,7.5258
Nc1nc(-c2ccccc2)c2c(n1)-c1cc(CNN3CCCCCC3)ccc1C2=O,7.8894
Cc1cc(C)nc(NC(=N)NCCc2c[nH]c3ccc(F)cc23)n1,6.6990
Cc1cc(C)nc(NC(=N)NCCc2c[nH]c3ccccc23)n1,6.3979
Cc1cc(C)nc(NC(=N)NCCc2ccsc2)n1,6.3979
COc1ccc(CCNC(=N)Nc2nc(C)cc(C)n2)cc1,6.0458
Cc1cccc(Nc2nc3c([nH]2)c(=O)n(C)c(=O)n3C)c1,5.9208
Cc1ccc2nc(Nc3nc(C)cc(C)n3)[nH]c2c1,5.8861
COc1ccc2c(c1)oc1c(-c3ccncc3)c(C#N)c(N)c(C#N)c12,5.5686
N=C(NCCc1c[nH]c2ccccc12)Nc1ncccn1,5.2291
CNc1ccccc1C(=O)/N=C(\N)Nc1nc(C)c2ccccc2n1,5.0555
COc1ccc(-c2cc(=O)[nH]c(Nc3ccccc3)n2)cc1OC,5.4437
Cc1cccc(O[C@H](C)C(=O)Nc2nc(-c3ccccc3)n[nH]2)c1,6.6990
COc1ccc2c(CCNC(=N)Nc3nc(C)cc(C)n3)c[nH]c2c1,6.2218
Nc1nc(-c2ccccc2)nc2nn(Cc3ccccc3)cc12,6.9169
O=C(Nc1nc(-c2ccccc2)nc2nn(Cc3ccccc3)cc12)c1ccccc1,6.7433
O=C(Nc1ccccc1)Nc1nc(-c2ccccc2)nc2nn(CCc3ccccc3)cc12,7.0177
O=C(Nc1nc(-c2ccccc2)nc2nn(CCc3ccccc3)cc12)c1ccccc1,6.6440
O=C(Nc1nc(-c2ccccc2)nc2nn(CCc3ccccc3)cc12)c1cccc(Cl)c1,6.5031
Cn1cc2c(NC(=O)c3cccc(Cl)c3)nc(-c3ccccc3)nc2n1,6.0526
Cn1cc2c(NC(=O)c3ccccc3)nc(-c3ccccc3)nc2n1,6.1378
COc1ccc(C(=O)Nc2nc(-c3ccccc3)nc3nn(CCc4ccccc4)cc23)cc1,5.9446
Nc1nc(-c2ccccc2)nc2nn(CCc3ccccc3)cc12,6.0000
COc1ccc(C(=O)Nc2nc(-c3ccccc3)nc3nn(C)cc23)cc1,5.4977
O=C(Nc1ncnc2nn(Cc3ccccc3)cc12)c1cccc(Cl)c1,5.3098
CNC(=O)OC[C@H]1O[C@@H](n2cnc3c(NCc4cccc(I)c4)nc(Cl)nc32)[C@H](O)[C@@H]1O,5.6778
Cc1ccc(-c2nc(C(=O)Nc3ccccn3)c3n2CCCCC3)cc1,5.3500
CCCn1c(=O)[nH]c2cc(-c3ccc(OCC(=O)Nc4ccc(F)cc4)cc3)[nH]c2c1=O,5.1900
COc1cc(OCc2nc(-c3ccc(Br)cc3)no2)ccc1-c1cc2c([nH]1)c(=O)n(C)c(=O)n2C,6.1500
COc1ccc(NC(C)=O)c2sc(NC(=O)c3ccc(F)cc3)nc12,6.6021
COc1ccc(N(C)C(C)=O)c2sc(NC(=O)c3ccc(F)cc3)nc12,7.4089
CCN(C(C)=O)c1ccc(OC)c2nc(NC(=O)c3ccc(F)cc3)sc12,7.6576
COc1ccc(N(CC(C)C)C(C)=O)c2sc(NC(=O)c3ccc(F)cc3)nc12,8.5229
COc1ccc(N(CC(F)(F)F)C(C)=O)c2sc(NC(=O)c3ccc(F)cc3)nc12,7.4559
COc1ccc(N(C(C)=O)C(F)F)c2sc(NC(=O)c3ccc(F)cc3)nc12,7.2147
COc1ccc(N(CCO)C(C)=O)c2sc(NC(=O)c3ccc(F)cc3)nc12,7.0088
COc1ccc(N(CCCO)C(C)=O)c2sc(NC(=O)c3ccc(F)cc3)nc12,7.5376
COCCN(C(C)=O)c1ccc(OC)c2nc(NC(=O)c3ccc(F)cc3)sc12,7.4202
COC(=O)CN(C(C)=O)c1ccc(OC)c2nc(NC(=O)c3ccc(F)cc3)sc12,8.3010
COc1ccc(N(CC(=O)O)C(C)=O)c2sc(NC(=O)c3ccc(F)cc3)nc12,5.6576
COc1ccc(N(CC(N)=O)C(C)=O)c2sc(NC(=O)c3ccc(F)cc3)nc12,6.7959
CNC(=O)CN(C(C)=O)c1ccc(OC)c2nc(NC(=O)c3ccc(F)cc3)sc12,6.4815
COc1ccc(N(CC(=O)N(C)C)C(C)=O)c2sc(NC(=O)c3ccc(F)cc3)nc12,6.3188
CCN(C(C)=O)c1ccc(Cl)c2nc(NC(=O)c3ccc(F)cc3)sc12,7.8239
CCN(C(C)=O)c1ccc(OC)c2nc(NC(=O)c3ccc(S(C)(=O)=O)cc3)sc12,7.0362
CCN(C(C)=O)c1ccc(OC)c2nc(NC(=O)c3ccc(C#N)cc3)sc12,7.3010
CCN(C(C)=O)c1ccc(OC)c2nc(NC(=O)c3ccc(C(=O)OC)cc3)sc12,6.7696
CCN(C(C)=O)c1ccc(OC)c2nc(NC(=O)c3ccc(NS(C)(=O)=O)cc3)sc12,7.3372
CCN(C(C)=O)c1ccc(OC)c2nc(NC(=O)c3ccc(CN(C)S(C)(=O)=O)cc3)sc12,7.1487
CCN(C(C)=O)c1ccc(OC)c2nc(NC(=O)c3ccc(CN4CCCC4=O)cc3)sc12,7.5686
CCN(C(C)=O)c1ccc(OC)c2nc(NC(=O)c3ccc(-n4ccnc4)cc3)sc12,7.1135
CCN(C(C)=O)c1ccc(OC)c2nc(NC(=O)c3ccc(-n4cnnn4)cc3)sc12,7.0969
CCN(C(C)=O)c1ccc(OC)c2nc(NC(=O)c3ccc(-n4cccn4)cc3)sc12,7.1805
CCN(C(C)=O)c1ccc(OC)c2nc(NC(=O)c3ccc(C(=O)N4CCCCC4)cc3)sc12,7.0000
CCN(C(C)=O)c1ccc(OC)c2nc(NC(=O)c3ccc(C(=O)N4CCOCC4)cc3)sc12,7.1192
CCN(C(C)=O)c1ccc(OC)c2nc(NC(=O)c3ccc(C(=O)N(C)CCOC)cc3)sc12,7.5850
CCN(C(C)=O)c1ccc(OC)c2nc(NC(=O)c3ccc(C(=O)N4CCN(C)CC4)cc3)sc12,7.0506
CCN(C(C)=O)c1ccc(OC)c2nc(NC(=O)c3ccc(C(=O)NC)cc3)sc12,7.0757
CCN(C(C)=O)c1ccc(OC)c2nc(NC(=O)c3ccc(C(=O)N4CCCC4)cc3)sc12,7.1675
CCN(C(C)=O)c1ccc(OC)c2nc(NC(=O)c3ccnn3C)sc12,7.2924
CCN(C(C)=O)c1ccc(OC)c2nc(NC(=O)c3cc[nH]c3)sc12,7.7447
CCN(C(C)=O)c1ccc(OC)c2nc(NC(=O)c3cnn(C)c3)sc12,7.3872
CCN(C(C)=O)c1ccc(OC)c2nc(NC(=O)c3cnn(Cc4cccc(C(F)(F)F)c4)c3)sc12,8.5229
CCN(C(C)=O)c1ccc(OC)c2nc(NC(=O)c3cnn(Cc4cccc(F)c4)c3)sc12,8.5229
Nc1nc(-n2cncn2)c2nnn(Cc3ccccc3F)c2n1,6.3979
CCOC(=O)c1sc(NC(=O)c2ccco2)nc1-c1ccccc1,7.8861
CCCC(=O)c1sc(NC(=O)c2ccco2)nc1-c1ccccc1,7.2076
CCOCc1sc(NC(=O)c2ccco2)nc1-c1ccccc1,6.7212
Cc1nc(-c2sc(NC(=O)c3ccco3)nc2-c2ccccc2)no1,6.1549
CC(=O)Nc1nc(-c2ccccc2)c(-c2noc(C)n2)s1,6.7212
Cc1nc(-c2sc(NC(=O)C3CC3)nc2-c2ccccc2)no1,7.5528
Cc1nc(-c2sc(NC(=O)CC(C)C)nc2-c2ccccc2)no1,7.4815
Cc1nc(-c2sc(NC(=O)c3ccccc3)nc2-c2ccccc2)no1,7.0809
Cc1nc(-c2sc(NC(=O)Cc3ccccc3)nc2-c2ccccc2)no1,7.6021
O=C(Nc1nc(-c2ccccc2)c(-c2ncon2)s1)c1ccco1,6.3872
O=C(Nc1nc(-c2ccccc2)c(-c2ncon2)s1)C1CC1,6.9208
CC(C)CC(=O)Nc1nc(-c2ccccc2)c(-c2ncon2)s1,6.4685
O=C(Nc1nc(-c2ccccc2)c(-c2ncon2)s1)c1ccccc1,6.4815
O=C(Cc1ccccc1)Nc1nc(-c2ccccc2)c(-c2ncon2)s1,6.1487
Cc1noc(-c2sc(NC(=O)c3ccco3)nc2-c2ccccc2)n1,6.6990
CC(=O)Nc1nc(-c2ccccc2)c(-c2nc(C)no2)s1,6.9586
Cc1noc(-c2sc(NC(=O)C3CC3)nc2-c2ccccc2)n1,7.9208
Cc1noc(-c2sc(NC(=O)CC(C)C)nc2-c2ccccc2)n1,7.3188
Cc1noc(-c2sc(NC(=O)c3ccccc3)nc2-c2ccccc2)n1,6.7212
Cc1noc(-c2sc(NC(=O)Cc3ccccc3)nc2-c2ccccc2)n1,7.2441
CCn1nnc(-c2sc(NC(=O)c3ccco3)nc2-c2ccccc2)n1,7.0269
CCn1nnc(-c2sc(NC(=O)C3CC3)nc2-c2ccccc2)n1,7.1135
CCn1nnc(-c2sc(NC(=O)c3ccccc3)nc2-c2ccccc2)n1,6.6576
CCn1nnc(-c2sc(NC(=O)Cc3ccccc3)nc2-c2ccccc2)n1,6.3372
CCn1nnc(-c2sc(NC(=O)Cc3ccc(OC)c(OC)c3)nc2-c2ccccc2)n1,7.3468
N#Cc1sc(NC(=O)c2ccco2)nc1-c1ccccc1,6.5376
COc1ccc(Nc2c(-c3ccc4nccnc4c3)c(C)nn2-c2ccccc2)c(C(=O)O)c1,5.2596
CCOc1ccc(CCCn2ncc3c2nc(N)n2nc(-c4ccco4)nc32)cc1,7.3575
Nc1nc2c(cnn2CCCc2ccc(OCCF)cc2)c2nc(-c3ccco3)nn12,7.9066
CCCOc1ccc(CCCn2ncc3c2nc(N)n2nc(-c4ccco4)nc32)cc1,7.9318
CC(C)Oc1ccc(CCCn2ncc3c2nc(N)n2nc(-c4ccco4)nc32)cc1,7.8761
CCC(C)Oc1ccc(CCCn2ncc3c2nc(N)n2nc(-c4ccco4)nc32)cc1,7.6556
C=CCOc1ccc(CCCn2ncc3c2nc(N)n2nc(-c4ccco4)nc32)cc1,8.0458
C=CCCOc1ccc(CCCn2ncc3c2nc(N)n2nc(-c4ccco4)nc32)cc1,7.8416
Nc1nc2c(cnn2CCCc2ccc(O/C=C/c3ccccc3)cc2)c2nc(-c3ccco3)nn12,6.5114
Nc1nc2c(cnn2CCCc2ccc(OCCc3ccccc3)cc2)c2nc(-c3ccco3)nn12,7.1029
Nc1nc2c(cnn2CCCc2ccc(OCCO)cc2)c2nc(-c3ccco3)nn12,7.6216
CS(=O)(=O)OCCOc1ccc(CCCn2ncc3c2nc(N)n2nc(-c4ccco4)nc32)cc1,7.3401
COCCCn1c(NC(=O)c2cccc(C#N)c2)nc2cc(C(=O)NCc3cccc(OC)c3)ccc21,7.3372
COCCCn1c(N)nc2cc(C(=O)NCc3cccc(OC)c3)ccc21,5.1694
COCCCn1c(NC(=O)c2cccc(F)c2)nc2cc(C(=O)NCc3cccc(OC)c3)ccc21,6.6778
COCCCn1c(NC(=O)c2cccc(Cl)c2)nc2cc(C(=O)NCc3cccc(OC)c3)ccc21,6.3575
COCCCn1c(NC(=O)c2cccc(OC)c2)nc2cc(C(=O)NCc3cccc(OC)c3)ccc21,5.6234
COCCCn1c(NC(=O)c2ccccc2Cl)nc2cc(C(=O)NCc3cccc(OC)c3)ccc21,5.3270
COCCCn1c(NC(=O)c2ccc(C#N)cc2)nc2cc(C(=O)NCc3cccc(OC)c3)ccc21,5.7773
CCCCNC(=O)c1ccc2c(c1)nc(NC(=O)c1cccc(C#N)c1)n2CCCOC,7.3188
CCCCNC(=O)c1cnc2c(c1)nc(NC(=O)c1cccc(C#N)c1)n2CCCOC,7.3979
COCCCn1c(NC(=O)c2cccc(C#N)c2)nc2cc(C(=O)N3CCCCC3)ccc21,7.3188
COCCCn1c(NC(=O)c2cccc(C#N)c2)nc2cc(C(=O)N3CCCCC3)cnc21,8.0177
COCCCn1c(NC(=O)c2cccc(C#N)c2)nc2cc(C(N)=O)cnc21,5.6144
COCCCn1c(NC(=O)c2cccc(C#N)c2)nc2cc(C(=O)N(C)C)cnc21,6.9101
CCN(C)C(=O)c1cnc2c(c1)nc(NC(=O)c1cccc(C#N)c1)n2CCCOC,7.6021
CCN(CC)C(=O)c1cnc2c(c1)nc(NC(=O)c1cccc(C#N)c1)n2CCCOC,7.7959
COCCCn1c(NC(=O)c2cccc(C#N)c2)nc2cc(C(=O)N(C)C(C)C)cnc21,7.8861
COCCCn1c(NC(=O)c2cccc(C#N)c2)nc2cc(C(=O)N3CCCC[C@H]3C)cnc21,8.1135
COCCCn1c(NC(=O)c2cccc(C#N)c2)nc2cc(C(=O)N3CCCC[C@@H]3C)cnc21,7.9586
Cn1c(NC(=O)c2cccc(C#N)c2)nc2cc(C(=O)N3CCCCC3)cnc21,6.8327
CCCCCn1c(NC(=O)c2cccc(C#N)c2)nc2cc(C(=O)N3CCCCC3)cnc21,6.0438
N#Cc1cccc(C(=O)Nc2nc3cc(C(=O)N4CCCCC4)cnc3n2CCCO)c1,7.2924
N#Cc1cccc(C(=O)Nc2nc3cc(C(=O)N4CCCCC4)cnc3n2C2CCOCC2)c1,6.7471
CC(=O)NCCn1c(NC(=O)c2cccc(C#N)c2)nc2cc(C(=O)N3CCCCC3)cnc21,7.4318
COc1cccc(-n2c(NC(=O)c3cccc(C#N)c3)nc3cc(C(=O)N4CCCCC4)cnc32)c1,6.4881
COc1ccc(Cn2c(NC(=O)c3cccc(C#N)c3)nc3cc(C(=O)N4CCCCC4)cnc32)cc1,5.9136
N#Cc1cccc(C(=O)Nc2nc3cc(C(=O)N4CCCCC4)cnc3n2Cc2ccc(F)cc2)c1,5.5867
N#Cc1cccc(C(=O)Nc2nc3cc(C(=O)N4CCCCC4)cnc3n2Cc2cccnc2)c1,6.6326
N#Cc1cccc(C(=O)Nc2nc3cc(C(=O)N4CCCCC4)cnc3n2Cc2ccncc2)c1,7.4559
COCCCn1c(NC(=O)c2cccc(C#N)c2)nc2cc(C(=O)N3CCOCC3)cnc21,7.0362
CCOCCn1c(NC(=O)c2cccc(C#N)c2)nc2cc(C(=O)N3CCOCC3)cnc21,5.4815
CCOCCCn1c(NC(=O)c2cccc(C#N)c2)nc2cc(C(=O)N3CCOCC3)cnc21,5.9586
CCN(CC)C(=O)c1ccc2nc(NC(=O)c3cccc(C#N)c3)n(CCCOC)c2c1,8.5086
COCCCn1c(NC(=O)c2cccc(C#N)c2)nc2ccc(C(=O)N3CCCCC3)cc21,7.7696
CCN(C)C(=O)c1ccc2nc(NC(=O)c3cccc(C#N)c3)n(CCCOC)c2n1,7.9208
COCCCn1c(NC(=O)c2cccc(C#N)c2)nc2ccc(C(=O)N(C)C(C)C)nc21,8.6021
Cl.Cl.Nc1nc(-c2ccccc2)c2c(n1)-c1cc(CN3CCCC3)ccc1C2=O,8.3872
Cc1nc2c(=O)n(Cc3ccccc3)nc(Cl)c2c2cc(-c3ccccc3)nn12,5.5017
Cc1nn(Cc2ccccc2)c(=O)c2ncn3nc(-c4ccsc4)cc3c12,5.1328
Cc1nc2c(=O)n(Cc3ccccc3)nc(-c3ccncc3)c2c2cc(-c3ccccc3)nn12,6.3000
CCc1nc2c(=O)n(Cc3ccccc3)nc(-c3ccncc3)c2c2cc(-c3ccccc3)nn12,5.6038
CCCc1nc2c(=O)n(Cc3ccccc3)nc(-c3ccncc3)c2c2cc(-c3ccccc3)nn12,6.1121
CC(C)c1nc2c(=O)n(Cc3ccccc3)nc(-c3ccncc3)c2c2cc(-c3ccccc3)nn12,5.2848
Cc1nc2c(=O)n(Cc3ccccc3)nc(-c3cccnc3)c2c2cc(-c3ccccc3)nn12,5.6747
Cc1nc2c(=S)n(Cc3ccccc3)nc(-c3ccncc3)c2c2cc(-c3ccccc3)nn12,6.2425
O=c1c2ncn3nc(-c4ccccc4)cc3c2c(-c2ccncc2)nn1Cc1ccccc1,7.1681
O=c1c2ncn3nc(-c4ccccc4)cc3c2c(-c2cccnc2)nn1Cc1ccccc1,6.0942
CNC(=O)[C@H]1O[C@@H](n2cnc3c(N)nc(C#Cc4ccccc4)nc32)[C@H](O)[C@@H]1O,5.7545
O=C(COc1ccc2[nH]c(=O)c(-c3nccs3)c(CCc3ccccc3)c2c1)NCc1ccccc1,5.4548
C[C@H](NC(=O)COc1ccc2[nH]c(=O)c(-c3nccs3)c(CCc3ccccc3)c2c1)c1ccccc1,5.6128
CC[C@H](NC(=O)COc1ccc2[nH]c(=O)c(-c3nccs3)c(CCc3ccccc3)c2c1)c1ccccc1,5.8356
O=C(COc1ccc2[nH]c(=O)c(-c3nccs3)c(CCc3ccccc3)c2c1)N[C@@H](CO)c1ccccc1,5.7156
Cc1cc(-c2c(CCc3ccccc3)c3cc(OCC(=O)NC(C)(C)c4ccccc4)ccc3[nH]c2=O)on1,5.5479
CC(C)CCc1c(-c2nccs2)c(=O)[nH]c2ccc(OCC(=O)NC(C)(C)c3ccccc3)cc12,5.9666
CC(C)(NC(=O)COc1ccc2[nH]c(=O)c(-c3nccs3)c(CCC(F)(F)F)c2c1)c1ccccc1,6.0565
CCC(=O)Nc1nc(-c2ccc(SC)cc2)cc(-c2ccc(SC)cc2)n1,6.7375
CCC(=O)Nc1nc(-c2ccccc2F)cc(-c2ccccc2F)n1,6.3726
CCCC(=O)Nc1nc(-c2ccccc2F)cc(-c2ccccc2F)n1,6.1891
CCCC(=O)Nc1nc(-c2cccs2)cc(-c2cccs2)n1,6.6968
CCC(=O)Nc1nc(-c2ccsc2)cc(-c2ccsc2)n1,5.7228
CCCC(=O)Nc1nc(-c2ccsc2)cc(-c2ccsc2)n1,5.3403
CC(=O)Nc1cc(-c2ccc(F)cc2)nc(-c2ccc(F)cc2)n1,5.8748
CCC(=O)Nc1cc(-c2ccc(F)cc2)nc(-c2ccc(F)cc2)n1,6.3675
CCCC(=O)Nc1cc(-c2ccc(F)cc2)nc(-c2ccc(F)cc2)n1,5.7378
CC(=O)Nc1cc(-c2ccccc2F)nc(-c2ccccc2F)n1,7.1319
CCC(=O)Nc1cc(-c2ccccc2F)nc(-c2ccccc2F)n1,6.9872
CCCC(=O)Nc1cc(-c2ccccc2F)nc(-c2ccccc2F)n1,6.8477
CC(=O)Nc1cc(-c2ccc3c(c2)OCO3)nc(-c2ccc3c(c2)OCO3)n1,5.4756
CCC(=O)Nc1cc(-c2ccc3c(c2)OCO3)nc(-c2ccc3c(c2)OCO3)n1,5.5950
CC(=O)Nc1cc(-c2ccco2)nc(-c2ccco2)n1,8.0915
CCC(=O)Nc1cc(-c2ccco2)nc(-c2ccco2)n1,8.1938
CCCC(=O)Nc1cc(-c2ccco2)nc(-c2ccco2)n1,8.2441
CC(=O)Nc1cc(-c2cccs2)nc(-c2cccs2)n1,7.6091
CCC(=O)Nc1cc(-c2cccs2)nc(-c2cccs2)n1,6.9431
CCCC(=O)Nc1cc(-c2cccs2)nc(-c2cccs2)n1,6.8153
CC(=O)Nc1cc(-c2ccoc2)nc(-c2ccoc2)n1,7.1308
CCC(=O)Nc1cc(-c2ccoc2)nc(-c2ccoc2)n1,7.0820
CCCC(=O)Nc1cc(-c2ccoc2)nc(-c2ccoc2)n1,6.2644
CC(=O)Nc1cc(-c2ccsc2)nc(-c2ccsc2)n1,7.4001
CCC(=O)Nc1cc(-c2ccsc2)nc(-c2ccsc2)n1,7.1972
O=C(Nc1nc(-c2ccccc2)cc(-c2ccccc2)n1)C1CCCC1,6.7077
CCC(=O)Nc1ccc(C(=O)Nc2nccs2)cc1,6.0506
CCCC(=O)Nc1ccc(C(=O)Nc2nccs2)cc1,6.4559
CC(C)C(=O)Nc1ccc(C(=O)Nc2nccs2)cc1,6.5229
Cc1nc(NC(=O)c2ccc(NC(=O)CC(C)(C)C)cc2)sc1C,6.6576
Cc1ccccc1C(=O)Nc1ccc(C(=O)Nc2nccs2)cc1,6.6576
Cc1cc(NC(=O)CC(C)(C)C)ccc1C(=O)Nc1nccs1,6.6990
CCCCC(=O)Nc1ccc(C(=O)Nc2nccs2)cc1,6.7212
CC(C)(C)CC(=O)Nc1ccc(C(=O)Nc2nccs2)c(Cl)c1,6.7447
Cc1cnc(NC(=O)c2ccc(NC(=O)CC(C)(C)C)cc2)s1,6.9208
CC(C)(C)CNC(=O)c1ccc(C(=O)Nc2nccs2)cc1,6.9586
CC(C)CC(=O)Nc1ccc(C(=O)Nc2nccs2)cc1,7.1375
COc1cc(NC(=O)CC(C)(C)C)ccc1C(=O)Nc1nccs1,7.3010
CC(C)(C)CC(=O)Nc1ccc(C(=O)Nc2nccs2)cc1,7.4437
Cc1cc(C(=O)Nc2nccs2)cc(Cl)c1NC(=O)CC(C)(C)C,7.4949
CC(C)(C)CC(=O)Nc1ccc(C(=O)Nc2ncc(Cl)s2)cc1,7.5528
CC(C)(C)CC(=O)Nc1ccc(C(=O)Nc2nccs2)cc1Cl,7.6576
Cc1cc(C(=O)Nc2nccs2)ccc1NC(=O)CC(C)(C)C,7.4476
COc1cc(C(=O)Nc2nccs2)ccc1NC(=O)CC(C)(C)C,7.7696
COc1c(C(=O)Nc2nccs2)ccc(NC(=O)CC(C)(C)C)c1F,7.9208
CC(C)(C)CC(=O)Nc1ccc(C(=O)Nc2nccs2)cc1F,8.0362
CC(C)(C)CC(=O)Nc1c(F)cc(C(=O)Nc2nccs2)cc1F,8.2291
O=C(Nc1cnc(-c2ccncc2)c(-c2ccco2)n1)C1CC1,7.3565
CC(=O)Nc1cnc(-c2ccncc2)c(-c2ccco2)n1,6.1385
CCC(=O)Nc1cnc(-c2ccncc2)c(-c2ccco2)n1,7.2596
CC(C)C(=O)Nc1cnc(-c2ccncc2)c(-c2ccco2)n1,6.7055
O=C(Nc1cnc(-c2ccncc2)c(-c2ccco2)n1)C1CCC1,6.8539
O=C(Nc1cnc(-c2ccncc2)c(-c2ccco2)n1)C1CCCC1,6.8386
O=C(CC1CCCC1)Nc1cnc(-c2ccncc2)c(-c2ccco2)n1,6.9788
Cc1ccc(-c2nc(NC(=O)C3CC3)cnc2-c2ccncc2)o1,8.9208
O=C(Nc1cnc(-c2ccncc2)c(-c2ccccn2)n1)C1CC1,6.5058
O=C(Nc1cnc(-c2ccncc2)c(-c2cccnc2)n1)C1CC1,6.5058
O=C(Nc1cnc(-c2ccncc2)c(-c2ccncc2)n1)C1CC1,6.5058
O=C(Nc1cnc(-c2ccncc2)c(-c2ccccc2F)n1)C1CC1,7.2924
O=C(Nc1cnc(-c2ccncc2)c(-c2ncco2)n1)C1CC1,6.0560
O=C(Nc1cnc(-c2ccncc2)c(-c2cnco2)n1)C1CC1,6.1979
O=C(Nc1cnc(-c2ccncn2)c(-c2ccco2)n1)C1CC1,6.9547
O=C(Nc1cnc(-c2ccncc2F)c(-c2ccncc2)n1)C1CC1,5.8817
O=C(Nc1cnc(-c2ccncc2F)c(-c2ccccc2F)n1)C1CC1,6.9957
O=C(Nc1cnc(-c2ccncc2F)c(-c2ncco2)n1)C1CC1,6.3893
CCCCC#Cc1nc(N)c2ncn([C@@H]3SC[C@@H](O)[C@H]3O)c2n1,8.1433
CCCC/C=C/c1nc(N)c2ncn([C@@H]3SC[C@@H](O)[C@H]3O)c2n1,7.1427
Nc1nc2c(cnn2CCN2CCOCC2)c2nn(CC3CC3)c(=O)n12,6.4191
C=Cn1ncc2c1nc(N)n1c(=O)n(CC3CC3)nc21,7.5622
Nc1nc2c(cnn2CCN2CCN(c3cnccn3)CC2)c2nn(Cc3cccc(Cl)c3)c(=O)n12,7.8894
Nc1nc2c(cnn2CCN2CCN(c3cnccn3)CC2)c2nn(Cc3ccccc3)c(=O)n12,7.8962
COCCOc1ccc(N2CCN(CCn3ncc4c3nc(N)n3c(=O)n(Cc5cccc(Cl)c5)nc43)CC2)c(F)c1,7.8069
Nc1nc2c(cnn2CCN2CCN(c3ccc(F)cc3F)CC2)c2nn(Cc3cccc(Cl)c3)c(=O)n12,7.6308
CC(C)(C)OC(=O)N1CCN(CCn2ncc3c2nc(N)n2c(=O)n(Cc4cccc(Cl)c4)nc32)CC1,6.2549
CS(=O)(=O)N1CCN(CCn2ncc3c2nc(N)n2c(=O)n(Cc4cccc(Cl)c4)nc32)CC1,7.9788
CS(=O)(=O)N1CCN(CCn2ncc3c2nc(N)n2c(=O)n(Cc4ccccc4)nc32)CC1,8.0506
Nc1nc2c(cnn2CCN2CCC(N3CCOCC3)CC2)c2nn(Cc3cccc(Cl)c3)c(=O)n12,8.1739
Nc1nc2c(cnn2CCN2CCC(N3CCOCC3)CC2)c2nn(Cc3ccccc3)c(=O)n12,7.5467
Nc1nc2c(cnn2CCN2CCC3(CC2)OCCO3)c2nn(Cc3cccc(Cl)c3)c(=O)n12,7.9586
Nc1nc2c(cnn2CCN2CCC3(CC2)OCCO3)c2nn(Cc3ccccc3)c(=O)n12,8.0605
Nc1nc2c(cnn2CCN2CCOCC2)c2nn(Cc3cccc(Cl)c3)c(=O)n12,7.8477
Nc1nc2c(cnn2CCN2CCOCC2)c2nn(Cc3ccccc3)c(=O)n12,8.0458
CN(C)CCn1ncc2c1nc(N)n1c(=O)n(Cc3cccc(Cl)c3)nc21,8.2840
C=Cn1ncc2c1nc(N)n1c(=O)n(Cc3cccc(Cl)c3)nc21,9.3979
C=Cn1ncc2c1nc(N)n1c(=O)n(Cc3ccccc3)nc21,9.5229
Nc1nc2c(c3nn(Cc4ccccc4)c(=O)n13)CCc1ccccc1-2,9.3010
Nc1nc(-c2cccnc2)cc2nn(Cc3ccccc3)c(=O)n12,6.1018
COc1ccc(-c2cc3nn(Cc4ccccc4)c(=O)n3c(N)n2)cc1,6.1965
Nc1nc(-c2cccc(CO)c2)cc2nn(Cc3ccccc3)c(=O)n12,5.7696
Nc1nc(-c2ccccc2)cc2nn(Cc3ccccc3)c(=O)n12,9.0000
Nc1nc(-c2ccccc2)cc2nc(-c3ccco3)nn12,8.1549
CCN(C(C)=O)c1ccc(OC)c2nc(NC(=O)[C@@H]3CC[C@@H](NC(=O)c4cccc(C(F)(F)F)c4)C3)sc12,7.5086
CCN(C(C)=O)c1ccc(OC)c2nc(NC(=O)[C@H]3CC[C@@H](NC(=O)c4cccc(C(F)(F)F)c4)CC3)sc12,7.2840
CCN(C(C)=O)c1ccc(OC)c2nc(NC(=O)[C@@H]3CC[C@H](NC(=O)c4cccc(C(F)(F)F)c4)C3)sc12,7.0915
CCN(C(C)=O)c1ccc(OC)c2nc(NC(=O)[C@H]3CC[C@@H](NS(=O)(=O)c4cccc(C(F)(F)F)c4)CC3)sc12,6.9586
CCN(C(C)=O)c1ccc(OC)c2nc(NC(=O)[C@@H]3CC[C@H](NCc4cccc(C(F)(F)F)c4)C3)sc12.O=C(O)C(F)(F)F,6.7447
CCN(C(C)=O)c1ccc(OC)c2nc(NC(=O)[C@H]3CC[C@H](NS(=O)(=O)c4cccc(C(F)(F)F)c4)CC3)sc12,6.6990
CCN(C(C)=O)c1ccc(OC)c2nc(NC(=O)N3CCC(O)(c4cccc(C(F)(F)F)c4)CC3)sc12,6.6778
CCN(C(C)=O)c1ccc(OC)c2nc(NC(=O)C3CCN(C(=O)c4cccc(C(F)(F)F)c4)CC3)sc12,6.6383
CCN(C(C)=O)c1ccc(OC)c2nc(NC(=O)N3CCC(c4cccc(C(F)(F)F)c4)CC3)sc12,6.6198
CCN(C(C)=O)c1ccc(OC)c2nc(NC(=O)[C@H]3CC[C@H](NCc4cccc(C(F)(F)F)c4)CC3)sc12.O=C(O)C(F)(F)F,6.5528
CCN(C(C)=O)c1ccc(OC)c2nc(NC(=O)[C@H]3CC[C@H](NC(=O)c4cccc(C(F)(F)F)c4)CC3)sc12,6.3279
CCN(C(C)=O)c1ccc(OC)c2nc(NC(=O)N3CCC(S(=O)(=O)c4cccc(C(F)(F)F)c4)CC3)sc12,6.2757
CCN(C(C)=O)c1ccc(OC)c2nc(NC(=O)[C@@H]3CCN(S(=O)(=O)c4cccc(C(F)(F)F)c4)C3)sc12,6.2218
CCN(C(C)=O)c1ccc(OC)c2nc(NC(=O)[C@H]3CCN(C(=O)c4cccc(C(F)(F)F)c4)C3)sc12,6.1487
CCN(C(C)=O)c1ccc(OC)c2nc(NC(=O)C3CCN(Cc4cccc(C(F)(F)F)c4)CC3)sc12,6.0000
CCN(C(C)=O)c1ccc(OC)c2nc(NC(=O)C3CCN(S(=O)(=O)c4cccc(C(F)(F)F)c4)CC3)sc12,5.9830
CCN(C(C)=O)c1ccc(OC)c2nc(NC(=O)[C@@H]3CCN(C(=O)c4cccc(C(F)(F)F)c4)C3)sc12,5.6904
Nc1nc2c(cnn2CCCc2ccc(OCCCF)cc2)c2nc(-c3ccco3)nn12,7.2708
COC(=O)COc1ccc(CCCn2ncc3c2nc(N)n2nc(-c4ccco4)nc32)cc1,7.0177
Nc1nc2c(cnn2CCCc2ccc(OCC(=O)O)cc2)c2nc(-c3ccco3)nn12,7.9914
NCCNC(=O)COc1ccc(CCCn2ncc3c2nc(N)n2nc(-c4ccco4)nc32)cc1,8.1675
NCCNCCNC(=O)COc1ccc(CCCn2ncc3c2nc(N)n2nc(-c4ccco4)nc32)cc1,7.9706
CN(C)c1ccc2c(-c3ccc(C(=O)NCCNC(=O)COc4ccc(CCCn5ncc6c5nc(N)n5nc(-c7ccco7)nc65)cc4)cc3C(=O)[O-])c3ccc(=[N+](C)C)cc-3oc2c1,6.4473
C#CCCCCC(=O)NCCNC(=O)COc1ccc(CCCn2ncc3c2nc(N)n2nc(-c4ccco4)nc32)cc1,7.1226
Nc1nc2c(cnn2CCCc2ccc(OCC(=O)NCCNC(=O)CCCCc3cn(CCCCCCC(=O)CCOCCOCCOCCOCCNC(=O)CCCC[C@@H]4SC[C@@H]5NC(=O)N[C@@H]54)nn3)cc2)c2nc(-c3ccco3)nn12,6.4815
CC(=O)NCCn1cc(CCCCC(=O)NCCNC(=O)COc2ccc(CCCn3ncc4c3nc(N)n3nc(-c5ccco5)nc43)cc2)nn1,6.6576
Nc1nc2c(cnn2CCCc2ccc(OCC(=O)NCCNCCNC(=O)CCCCCNC(=O)COc3ccc(/C=C/C4=[N+]5C(=Cc6ccc(-c7ccc[nH]7)n6[B-]5(F)F)C=C4)cc3)cc2)c2nc(-c3ccco3)nn12,7.8210
CCN(CC)CC.CCN(CC)CC.N=c1ccc2c(-c3ccc(C(=O)NCCNC(=O)COc4ccc(CCCn5ncc6c5nc(N)n5nc(-c7ccco7)nc65)cc4)cc3C(=O)O)c3ccc(N)c(S(=O)(=O)O)c3oc-2c1S(=O)(=O)O,7.4420
Cn1cc2c(n1)c(N)nc1c(OCc3ccccc3)cccc12,6.1249
Nc1nc(Oc2ccccc2)nc2nc(-c3ccco3)nn12,7.7447
Nc1nc(-c2ccccc2O)nc(N2Cc3ccc(F)cc3C2)n1,6.9500
CN1CCN(C(=O)c2cccc(-c3nc(N)nc(-c4ccccc4O)n3)c2)CC1,8.9901
CC1CN2C(=O)N(Cc3ccccc3)c3nc(-c4cc(OCc5ccccc5)nn4C)[nH]c3C2=N1,5.6968
CCC1CN2C(=O)N(Cc3ccccc3)c3nc(-c4cc(OCc5ccccc5)nn4C)[nH]c3C2=N1,5.6716
C=CCN1C(=O)N2CC(CC)N=C2c2[nH]c(-c3cc(OC)no3)nc21,5.8182
Cn1cc2c(nc(N)n3nc(-c4ccc(C(F)(F)F)cc4)nc23)n1,5.1593
Cn1cc2c(nc(NC(=O)Nc3ccccc3)n3nc(-c4ccc(Cl)cc4)nc23)n1,6.0057
Cn1cc2c(nc(NC(=O)Nc3ccccc3)n3nc(-c4ccc(Br)cc4)nc23)n1,5.6271
Cn1cc2c(nc(NC(=O)Nc3ccccc3)n3nc(-c4ccc(C(F)(F)F)cc4)nc23)n1,4.4437
Cn1cc2c(nc(NC(=O)Nc3ccc(F)cc3)n3nc(-c4ccc(Cl)cc4)nc23)n1,5.9747
Cn1cc2c(nc(NC(=O)Nc3ccc(F)cc3)n3nc(-c4ccc(Br)cc4)nc23)n1,5.2269
COc1ccc(NC(=O)Nc2nc3nn(C)cc3c3nc(-c4ccc(Cl)cc4)nn23)cc1,5.8356
COc1ccc(NC(=O)Nc2nc3nn(C)cc3c3nc(-c4ccc(Br)cc4)nn23)cc1,5.0757
O=C(Nc1nc2nn(CCc3ccccc3)cc2c2nc(-c3ccc(F)cc3)nn12)c1ccccc1,5.3936
O=C(Nc1nc2nn(CCc3ccccc3)cc2c2nc(-c3ccc(Cl)cc3)nn12)c1ccccc1,4.7122
COc1ccc(-c2nc3c4cn(CCc5ccccc5)nc4nc(NC(=O)c4ccccc4)n3n2)cc1,4.5986
O=C(Cc1ccccc1)Nc1nc2nn(CCc3ccccc3)cc2c2nc(-c3ccccc3)nn12,6.2118
O=C(Cc1ccccc1)Nc1nc2nn(CCc3ccccc3)cc2c2nc(-c3ccc(F)cc3)nn12,6.2434
O=C(Cc1ccccc1)Nc1nc2nn(CCc3ccccc3)cc2c2nc(-c3ccc(Cl)cc3)nn12,5.5100
Oc1c(Cl)cc(Cl)cc1Sc1cc(Cl)cc(Cl)c1O,6.0583
CCCCCCCCc1ccc(O)cc1,4.7745
CN(C)c1ccc(C(=C2C=CC(=[N+](C)C)C=C2)c2ccc(N(C)C)cc2)cc1.[Cl-],5.5984
Clc1ccc(COC(Cn2ccnc2)c2ccc(Cl)cc2Cl)cc1,4.9605
Oc1c(Cl)cc(Cl)c(Cl)c1Cc1c(O)c(Cl)cc(Cl)c1Cl,5.9175
CC(C)Cn1cnc2c(N)nc3ccccc3c21,5.3994
CN(CCOc1ccc(C[C@H](Nc2ccccc2C(=O)c2ccccc2)C(=O)O)cc1)c1ccccn1,4.5542
C#C[C@]1(O)CC[C@H]2[C@@H]3CCc4cc(O)ccc4[C@H]3CC[C@@]21C,4.8046
O=c1c(-c2ccc(O)cc2)coc2cc(O)cc(O)c12,4.8838
Clc1ccccc1C(c1ccccc1)(c1ccccc1)n1ccnc1,5.0212
CC/C(=C(/CC)c1ccc(O)cc1)c1ccc(O)cc1,5.1705
COC(=O)Nc1nc2cc(C(=O)c3cccs3)ccc2[nH]1,5.2496
COC(=O)C1=C(C)NC(C)=C(C(=O)OCC(C)C)C1c1ccccc1[N+](=O)[O-],5.5171
COC(=O)Nc1nc2cc([S+]([O-])c3ccccc3)ccc2[nH]1,5.9482
Clc1ccc(COC(Cn2ccnc2)c2ccc(Cl)cc2Cl)c(Cl)c1,4.9714
Cc1cc2cc3c(C)cc(=O)oc3c(C)c2o1,6.0073
CC/C(=C(\c1ccccc1)c1ccc(OCCN(C)C)cc1)c1ccccc1,5.2742
COc1cc(N)[nH]c2nc(-c3ccc(F)cc3)c(-c3ccncc3)c1-2,6.1114
CCCc1nn(C)c2c(=O)[nH]c(-c3cc(S(=O)(=O)N4CCN(C)CC4)ccc3OCC)nc12,6.7000
O=C(c1ccc(OCCN2CCCCC2)cc1)c1c(-c2ccc(O)cc2)sc2cc(O)ccc12,5.8009
C[S+]([O-])c1ccc(-c2nc(-c3ccc(F)cc3)c(-c3ccncc3)[nH]2)cc1,5.3423
COc1cc(F)cc2c1nc(C)c1c(C)nc(-c3ccncc3C)n12,5.2967
CC(C)(C)OC(=O)N1CCN(c2nc(N)n3nc(-c4ccco4)nc3n2)CC1,7.6778
Nc1nc(N2CCCC2)nc2nc(-c3ccco3)nn12,7.2284
Nc1nc(N2CCNCC2)nc2nc(-c3ccco3)nn12.O=C(O)C(F)(F)F,6.8153
CC(C)(C)OC(=O)NCCNc1nc(NCCNC(=O)OC(C)(C)C)n2nc(-c3ccco3)nc2n1,5.3605
CC(C)(C)OC(=O)NCCNc1nc(N)n2nc(-c3ccco3)nc2n1,7.3883
CC(C)(C)OC(=O)NCC1CCC(CNc2nc(N)n3nc(-c4ccco4)nc3n2)CC1,7.1568
CC(C)(C)OC(=O)NCCCNc1nc(N)n2nc(-c3ccco3)nc2n1,7.4134
CC(C)(C)OC(=O)NCCCCCNc1nc(N)n2nc(-c3ccco3)nc2n1,7.3497
CC(C)(C)OC(=O)NCCOCCOCCNc1nc(N)n2nc(-c3ccco3)nc2n1,7.7496
Nc1nc(N2CCN(Cc3ccccc3)CC2)nc2nc(-c3ccco3)nn12,7.6861
Nc1nc(N2CCN(Cc3cccc(Cl)c3)CC2)nc2nc(-c3ccco3)nn12,7.2857
Nc1nc(N2CCN(Cc3ccc(F)cc3)CC2)nc2nc(-c3ccco3)nn12,7.2815
Nc1nc(N2CCN(Cc3ccc(Cl)cc3)CC2)nc2nc(-c3ccco3)nn12,6.9914
Nc1nc(N2CCN(Cc3ccc(Br)cc3)CC2)nc2nc(-c3ccco3)nn12,7.5638
NCCOCCOCCNc1nc(N)n2nc(-c3ccco3)nc2n1.O=C(O)C(F)(F)F,7.9393
Nc1nc(N2CCN(C(=O)Cc3ccc(Br)cc3)CC2)nc2nc(-c3ccco3)nn12,7.0645
CCCCC(=O)N1CCN(c2nc(N)n3nc(-c4ccco4)nc3n2)CC1,6.9066
Nc1nc(N2CCN(C(=O)Cc3ccccc3)CC2)nc2nc(-c3ccco3)nn12,7.0232
COC(=O)CCC(=O)N1CCN(c2nc(N)n3nc(-c4ccco4)nc3n2)CC1,7.1791
Nc1nc(N2CCN(C(=O)C(Cl)Cl)CC2)nc2nc(-c3ccco3)nn12,6.5498
Nc1nc(N2CCN(C(=O)c3ccc([N+](=O)[O-])cc3)CC2)nc2nc(-c3ccco3)nn12,6.6737
Nc1nc(N2CCN(C(=O)c3ccccc3)CC2)nc2nc(-c3ccco3)nn12,6.4584
Nc1nc(N2CCN(C(=O)c3cccc4ccccc34)CC2)nc2nc(-c3ccco3)nn12,5.1146
Nc1nc(N2CCN(C(=O)Cc3ccc(Cl)cc3)CC2)nc2nc(-c3ccco3)nn12,7.4078
NCCNc1nc(NCCN)n2nc(-c3ccco3)nc2n1.O=C(O)C(F)(F)F.O=C(O)C(F)(F)F,4.4179
NCCNc1nc(N)n2nc(-c3ccco3)nc2n1.O=C(O)C(F)(F)F,6.2464
NCC1CCC(CNc2nc(N)n3nc(-c4ccco4)nc3n2)CC1.O=C(O)C(F)(F)F,7.7721
NCCCNc1nc(N)n2nc(-c3ccco3)nc2n1.O=C(O)C(F)(F)F,6.5686
NCCCCCNc1nc(N)n2nc(-c3ccco3)nc2n1.O=C(O)C(F)(F)F,7.0453
Nc1nc(N2CCN(C(=O)C(c3ccccc3)c3ccccc3)CC2)nc2nc(-c3ccco3)nn12,7.0320
CC(C)(C)C(=O)N1CCN(c2nc(N)n3nc(-c4ccco4)nc3n2)CC1,7.2336
CC(C)(C)CC(=O)N1CCN(c2nc(N)n3nc(-c4ccco4)nc3n2)CC1,7.9547
O=C(Nc1nc(Oc2ccccc2)nc2nc(-c3ccco3)nn12)c1ccccc1,6.0000
Nc1nc(O)nc2nc(-c3ccco3)nn12,6.6968
Nc1nc(N)n2nc(-c3ccco3)nc2n1,6.7959
O=C(Nc1nc(O)nc2nc(-c3ccco3)nn12)c1ccccc1,5.7570
Nc1nc(NC(=O)c2ccccc2)n2nc(-c3ccco3)nc2n1,7.3556
Cn1cc2nc(N)n3nc(-c4ccco4)nc3c2c1,7.6990
CCCn1cc2nc(N)n3nc(-c4ccco4)nc3c2c1,7.5229
Nc1nc2cn(CCc3ccccc3)cc2c2nc(-c3ccco3)nn12,8.4089
Nc1nc2cn(CCCc3ccccc3)cc2c2nc(-c3ccco3)nn12,7.3010
COc1ccc(NC(=O)Nc2nc3cn(C)cc3c3nc(-c4ccco4)nn23)cc1,6.3010
CCCn1cc2nc(NC(=O)Nc3ccc(OC)cc3)n3nc(-c4ccco4)nc3c2c1,6.6990
COc1ccc(NC(=O)Nc2nc3cn(CCc4ccccc4)cc3c3nc(-c4ccco4)nn23)cc1,6.8297
COc1ccc(NC(=O)Nc2nc3cn(CCCc4ccccc4)cc3c3nc(-c4ccco4)nn23)cc1,6.8861
Cn1ncc2nc(N)n3nc(-c4ccco4)nc3c21,8.4437
CCCn1ncc2nc(N)n3nc(-c4ccco4)nc3c21,7.9208
Nc1nc2cnn(CCc3ccccc3)c2c2nc(-c3ccco3)nn12,7.3768
Nc1nc2cnn(CCCc3ccccc3)c2c2nc(-c3ccco3)nn12,6.9136
COc1ccc(NC(=O)Nc2nc3cnn(C)c3c3nc(-c4ccco4)nn23)cc1,7.1675
CCCn1ncc2nc(NC(=O)Nc3ccc(OC)cc3)n3nc(-c4ccco4)nc3c21,7.6990
COc1ccc(NC(=O)Nc2nc3cnn(CCc4ccccc4)c3c3nc(-c4ccco4)nn23)cc1,6.2034
Cn1cc2nc(N)n3nc(-c4ccco4)nc3c2n1,8.0915
CCCn1cc2nc(N)n3nc(-c4ccco4)nc3c2n1,7.7696
Nc1nc2cn(CCc3ccccc3)nc2c2nc(-c3ccco3)nn12,8.0362
Nc1nc2cn(CCCc3ccccc3)nc2c2nc(-c3ccco3)nn12,7.9586
COc1ccc(NC(=O)Nc2nc3cn(C)nc3c3nc(-c4ccco4)nn23)cc1,6.6536
CCCn1cc2nc(NC(=O)Nc3ccc(OC)cc3)n3nc(-c4ccco4)nc3c2n1,6.6819
COc1ccc(NC(=O)Nc2nc3cn(CCc4ccccc4)nc3c3nc(-c4ccco4)nn23)cc1,6.1726
Cn1ncc2nc(NC3CCCCC3)n3nc(-c4ccco4)nc3c21,6.9245
CCCCC#Cc1nc(N)c2ncn([C@@H]3OC[C@@H](O)[C@H]3O)c2n1,7.1473
CCCCCCc1nc(N)c2ncn([C@@H]3OC[C@@H](O)[C@H]3O)c2n1,5.6655
CCCCC#Cc1nc(NCc2cccc(Cl)c2)c2ncn([C@@H]3SC[C@@H](O)[C@H]3O)c2n1,5.4283
CCCCC#Cc1nc(NCc2cccc(Br)c2)c2ncn([C@@H]3SC[C@@H](O)[C@H]3O)c2n1,5.4078
CCCCC#Cc1nc(NCc2cccc(I)c2)c2ncn([C@@H]3SC[C@@H](O)[C@H]3O)c2n1,5.3107
CCCC/C=C/c1nc(N)c2ncn([C@@H]3OC[C@@H](O)[C@H]3O)c2n1,6.7496
Nc1nc(OCCc2ccc(Cl)cc2)nc2c1ncn2[C@@H]1O[C@H](CO)[C@@H](O)[C@H]1O,6.3098
Nc1nc(OCCc2cccc3ccccc23)nc2c1ncn2[C@@H]1O[C@H](CO)[C@@H](O)[C@H]1O,8.4202
Nc1nc(SCCC2CCCCC2)nc2c1ncn2[C@@H]1O[C@H](CO)[C@@H](O)[C@H]1O,6.4295
Nc1nc(N/N=C/C2CCCCC2)nc2c1ncn2[C@@H]1O[C@H](CO)[C@@H](O)[C@H]1O,6.5686
COc1cc(OC)cc([C@@H](CNc2ncnc3c2ncn3[C@@H]2O[C@H](CO)[C@@H](O)[C@H]2O)c2ccccc2C)c1,6.7747
CCNC(=O)[C@H]1O[C@@H](n2cnc3c(N)nc(C#CC[C@H]4CC[C@H](C(=O)OC)CC4)nc32)[C@H](O)[C@@H]1O,9.3010
CCNC(=O)[C@H]1C[C@@H](n2cnc3c(N[C@H](CC)Cc4sccc4Cl)ccnc32)[C@H](O)[C@@H]1O,7.2518
CCNC(=O)[C@H]1O[C@@H](n2cnc3c(N)nc(NCCc4ccc(CCC(=O)N[C@@H](Cc5ccccc5)C(=O)OC)cc4)nc32)[C@H](O)[C@@H]1O,6.7959
CCNC(=O)[C@H]1O[C@@H](n2cnc3c(N)nc(NCCc4ccc(CCC(=O)N[C@H](Cc5ccccc5)C(=O)OC)cc4)nc32)[C@H](O)[C@@H]1O,7.0742
CCNC(=O)[C@H]1O[C@@H](n2cnc3c(N)nc(NCCc4ccc(CCC(=O)N[C@@H](Cc5c[nH]c6ccccc56)C(=O)OC)cc4)nc32)[C@H](O)[C@@H]1O,7.0595
CCNC(=O)[C@H]1O[C@@H](n2cnc3c(N)nc(NCCc4ccc(CCC(=O)N[C@H](Cc5c[nH]c6ccccc56)C(=O)OC)cc4)nc32)[C@H](O)[C@@H]1O,6.8861
CCNC(=O)[C@H]1O[C@@H](n2cnc3c(N)nc(NCCc4ccc(CCC(=O)N[C@@H](CC(=O)O)C(=O)O)cc4)nc32)[C@H](O)[C@@H]1O,6.7447
CCNC(=O)[C@H]1O[C@@H](n2cnc3c(N)nc(NCCc4ccc(CCC(=O)N[C@H](CC(=O)O)C(=O)O)cc4)nc32)[C@H](O)[C@@H]1O,6.9586
CCNC(=O)[C@H]1O[C@@H](n2cnc3c(N)nc(NCCc4ccc(CCC(=O)N[C@@H](CCCNC(=N)N)C(=O)O)cc4)nc32)[C@H](O)[C@@H]1O,7.0000
CCNC(=O)[C@H]1O[C@@H](n2cnc3c(N)nc(NCCc4ccc(CCC(=O)N[C@H](CCCNC(=N)N)C(=O)O)cc4)nc32)[C@H](O)[C@@H]1O,7.3010
CCNC(=O)[C@H]1O[C@@H](n2cnc3c(N)nc(NCCc4ccc(CCC(=O)N[C@@H](Cc5ccccc5)C(=O)O)cc4)nc32)[C@H](O)[C@@H]1O,7.1959
CCNC(=O)[C@H]1O[C@@H](n2cnc3c(N)nc(NCCc4ccc(CCC(=O)N[C@H](Cc5ccccc5)C(=O)O)cc4)nc32)[C@H](O)[C@@H]1O,7.4685
CCNC(=O)[C@H]1O[C@@H](n2cnc3c(N)nc(NCCc4ccc(CCC(=O)N[C@@H](Cc5c[nH]c6ccccc56)C(=O)O)cc4)nc32)[C@H](O)[C@@H]1O,7.1445
CCNC(=O)[C@H]1O[C@@H](n2cnc3c(N)nc(NCCc4ccc(CCC(=O)N[C@H](Cc5c[nH]c6ccccc56)C(=O)O)cc4)nc32)[C@H](O)[C@@H]1O,6.8861
CCNC(=O)[C@H]1O[C@@H](n2cnc3c(N)nc(NCCc4ccc(CCC(=O)N[C@@H](Cc5c[nH]cn5)C(=O)O)cc4)nc32)[C@H](O)[C@@H]1O,6.9586
CCNC(=O)[C@H]1O[C@@H](n2cnc3c(N)nc(NCCc4ccc(CCC(=O)N[C@H](Cc5c[nH]cn5)C(=O)O)cc4)nc32)[C@H](O)[C@@H]1O,7.3979
CCn1nnnc1[C@H]1O[C@@H](n2cnc3c(N)nc(N[C@H](CO)Cc4ccccc4)nc32)[C@H](O)[C@@H]1O,8.6383
CCCn1c(=O)c2[nH]c(-c3cc(=O)[nH]n3C)cc2n(CCC)c1=O,6.0177
COc1cc(F)c(F)cc1CNc1nc(Cl)nc2c1ncn2[C@H]1[C@H](O)[C@H](O)[C@@H]2C[C@@H]21,5.1244
O[C@@H]1[C@H](O)[C@@H]2C[C@@H]2[C@H]1n1cnc2c(NC(C3CC3)C3CC3)nc(Cl)nc21,5.4034
O[C@@H]1[C@H](O)[C@@H]2C[C@@H]2[C@H]1n1cnc2c(NCC3CC3)nc(Cl)nc21,5.3556
CCC(CC)Nc1nc(Cl)nc2c1ncn2[C@H]1[C@H](O)[C@H](O)[C@@H]2C[C@@H]21,5.4318
O[C@@H]1[C@H](O)[C@@H]2C[C@@H]2[C@H]1n1cnc2c(N[C@@H]3C[C@H]4CC[C@H]3C4)nc(Cl)nc21,5.3893
O[C@@H]1[C@H](O)[C@@H]2C[C@@H]2[C@H]1n1cnc2c(N[C@H]3C[C@H]4CC[C@H]3C4)nc(Cl)nc21,5.6108
O[C@@H]1[C@H](O)[C@@H]2C[C@@H]2[C@H]1n1cnc2c(NC3CCCCCC3)nc(Cl)nc21,5.4056
O[C@@H]1[C@H](O)[C@@H]2C[C@@H]2[C@H]1n1cnc2c(NC3CCCCC3)nc(Cl)nc21,5.5654
O[C@@H]1[C@H](O)[C@@H]2C[C@@H]2[C@H]1n1cnc2c(NC3CCC3)nc(Cl)nc21,5.5200
O[C@@H]1[C@H](O)[C@@H]2C[C@@H]2[C@H]1n1cnc2c(NC3CC3)nc(Cl)nc21,5.4318
Nc1nc(Cl)nc2c1ncn2[C@H]1[C@H](O)[C@H](O)[C@@H]2C[C@@H]21,5.5031
CC(C)Cn1c2ccc(Nc3ncccn3)cc2c2c3c(c4c(c21)CCc1nn(C)cc1-4)C(=O)NC3,6.3010
Nc1nnc(-c2ccccc2)c(-c2ccccc2)n1,6.9300
Nc1nnc(-c2cccc(Cl)c2)c(-c2ccccc2)n1,7.2899
Nc1nnc(-c2cc(Cl)cc(Cl)c2)c(-c2ccccc2)n1,8.4000
Cc1cc(C)cc(-c2nnc(N)nc2-c2ccccc2)c1,6.9851
Nc1nnc(-c2ccc(O)c(Cl)c2)c(-c2ccccc2)n1,8.8601
Cc1cc(-c2nnc(N)nc2-c2ccccc2)cc(C)c1O,8.6799
Cc1cc(-c2nnc(N)nc2-c2ccccc2)cc(C)n1,8.1101
Cc1cc(-c2nnc(N)nc2-c2ccc(F)cc2)cc(C)n1,8.0000
Cc1cc(-c2nnc(N)nc2-c2cc(F)cc(F)c2)cc(C)n1,7.5607
Cc1cc(-c2nnc(N)nc2-c2cccc(F)c2)cc(C)n1,7.9801
Cc1cc(-c2nnc(N)nc2-c2ccccc2)cc(C(F)(F)F)n1,8.4800
Cc1cc(-c2nnc(N)nc2-c2ccc(F)cc2)cc(C(F)(F)F)n1,8.2050
Cc1ccsc1/C=C/c1nc(N)nc(-c2ccccc2O)n1,8.4600
Nc1cccc(CC2SC(=O)NC2=O)c1,5.1500
Cc1cc(O)c(C(C)C)cc1N=C1CSC(=O)N1,5.7500
CSc1nc2nc3c(c(O)n2n1)CN(Cc1ccccc1)CC3,6.1500
Cc1csc(-c2coc3cc(OCC(=O)O)cc(C)c3c2=O)n1,5.6750
NC(c1csc(Nc2nncc3ccccc23)n1)c1ccccc1Cl,5.6200
COCCN1C(=O)c2[nH]nc(-c3ccccc3O)c2C1c1ccc(F)cc1,5.9100
O=C(c1ccc(F)cc1)c1c[nH]c(C(=O)NCCCn2ccnc2)c1,5.3300
CC1CC(c2ccccc2)n2nc(N3C(=O)C4CC=CCC4C3=O)nc2N1,5.7000
COc1ccc(N2CC(C(=O)NC(Cc3ccccc3)C(=O)O)CC2=O)cc1,5.5300
CC(=O)Oc1cc(C)c2c(=O)c(-c3nc(C)cs3)coc2c1,7.4850
CCCc1cc2c(=O)c(-c3nc(C)cs3)coc2cc1OC(C)=O,8.5050
CCc1cc2c(=O)c(-c3nc(C)cs3)coc2cc1OCC(=O)OC(C)C,7.8199
CC(C)c1nc(N)nc(-c2ccccc2O)n1,7.9101
COC1CCN(c2cccc(-c3nc(N)nc(-c4ccccc4O)n3)c2)CC1,8.8000
O=c1c(-c2ccco2)nnc2n(CCc3ccccc3)c3ccccc3n12,7.8013
O=c1c(-c2ccco2)nnc2n(-c3ccc(Cl)cc3)c3ccccc3n12,7.2958
O=c1c(-c2ccco2)nnc2n(-c3ccccc3)c3ccccc3n12,5.4845
Nc1nc(SCCc2ccc(S(=O)(=O)O)cc2)nc2c1ncn2[C@@H]1O[C@H](CO)[C@@H](O)[C@H]1O,6.6878
CCNC(=O)[C@H]1O[C@@H](n2cnc3c(N)nc(F)nc32)[C@H](O)[C@@H]1O,8.2518
CCNC(=O)[C@H]1O[C@@H](n2cnc3c(N)nc(NCCc4ccccc4)nc32)[C@H](O)[C@@H]1O,7.9208
CCNC(=O)[C@H]1O[C@@H](n2cnc3c(N)nc(NCCc4ccc(N)cc4)nc32)[C@H](O)[C@@H]1O,7.8539
CCNC(=O)[C@H]1O[C@@H](n2cnc3c(N)nc(NCCc4ccc(Br)cc4)nc32)[C@H](O)[C@@H]1O,7.3768
CCNC(=O)[C@H]1O[C@@H](n2cnc3c(N)nc(NCCc4ccc(NC(=O)c5cc(C(C)(C)C)cc(C(C)(C)C)c5)cc4)nc32)[C@H](O)[C@@H]1O,7.3468
CCNC(=O)[C@H]1O[C@@H](n2cnc3c(N)nc(NCCc4ccc(NC(=O)c5cc(C(C)(C)C)c(O)c(C(C)(C)C)c5)cc4)nc32)[C@H](O)[C@@H]1O,7.8539
CCNC(=O)[C@H]1O[C@@H](n2cnc3c(N)nc(NCCc4ccc(NC(=O)CCCC[C@H]5CCSS5)cc4)nc32)[C@H](O)[C@@H]1O,8.1805
CCNC(=O)[C@H]1O[C@@H](n2cnc3c(NCC(c4ccccc4)c4ccccc4)nc(F)nc32)[C@H](O)[C@@H]1O,9.0706
CCNC(=O)[C@H]1O[C@@H](n2cnc3c(NCC(c4ccccc4)c4ccccc4)nc(NCCc4ccccc4)nc32)[C@H](O)[C@@H]1O,7.1805
CCNC(=O)[C@H]1O[C@@H](n2cnc3c(NCC(c4ccccc4)c4ccccc4)nc(NCCc4ccc(N)cc4)nc32)[C@H](O)[C@@H]1O,8.2007
CCNC(=O)[C@H]1O[C@@H](n2cnc3c(NCC(c4ccccc4)c4ccccc4)nc(NCCc4ccc(Br)cc4)nc32)[C@H](O)[C@@H]1O,7.5100
CCNC(=O)[C@H]1O[C@@H](n2cnc3c(NCC(c4ccccc4)c4ccccc4)nc(NCCc4ccc(NC(=O)c5cc(C(C)(C)C)cc(C(C)(C)C)c5)cc4)nc32)[C@H](O)[C@@H]1O,6.4365
CCNC(=O)[C@H]1O[C@@H](n2cnc3c(NCC(c4ccccc4)c4ccccc4)nc(NCCc4ccc(NC(=O)c5cc(C(C)(C)C)c(O)c(C(C)(C)C)c5)cc4)nc32)[C@H](O)[C@@H]1O,6.1475
CCNC(=O)[C@H]1O[C@@H](n2cnc3c(NCC(c4ccccc4)c4ccccc4)nc(NCCc4ccc(NC(=O)CCCC[C@H]5CCSS5)cc4)nc32)[C@H](O)[C@@H]1O,7.0472
CNC(=O)[C@H]1O[C@@H](n2cnc3c(NCC(c4ccccc4)c4ccccc4)nc(F)nc32)[C@H](O)[C@@H]1O,8.6946
CNC(=O)[C@H]1O[C@@H](n2cnc3c(NCC(c4ccccc4)c4ccccc4)nc(NCCc4ccc(NC(=O)c5cc(C(C)(C)C)c(O)c(C(C)(C)C)c5)cc4)nc32)[C@H](O)[C@@H]1O,5.6494
COc1cccc2cc(C(=O)Nc3c(C#N)ncn3-c3ccc(F)cc3)c(=N)oc12,6.2000
COc1cccc2cc(C(=O)Nc3c(C#N)ncn3-c3ccccc3)c(=N)oc12,6.0000
COc1cccc2cc(C(N)=O)c(=N)oc12,7.1000
COCCNC(=O)c1cc2cccc(OC)c2oc1=N,6.3000
COc1cccc2cc(C(=O)NCCO)c(=N)oc12,6.0000
COc1cccc2cc(C(=O)NCCCO)c(=N)oc12,6.2000
COc1cccc2cc(C(=O)NCCCCCO)c(=N)oc12,6.0000
COc1cccc2cc(C(=O)NCCc3ccc(O)cc3)c(=N)oc12,6.9000
COc1cccc2cc(C(=O)NCC(O)c3ccccc3)c(=N)oc12,6.3000
COc1cccc2cc(C(=O)NC3CCCC3)c(=N)oc12,6.4000
COc1cccc2cc(C(=O)NC3CCCCC3)c(=N)oc12,6.4000
COc1cccc2cc(C(=O)NCCCNC(=O)c3cc4cccc(OC)c4oc3=N)c(=N)oc12,6.4000
COc1cccc2cc(C(=O)NCCCN3CCN(CCCNC(=O)c4cc5cccc(OC)c5oc4=N)CC3)c(=N)oc12,6.5000
COc1cccc2cc(C(=O)NCCCOCCCCOCCCNC(=O)c3cc4cccc(OC)c4oc3=N)c(=N)oc12,6.4000
CCOC(CNC(=O)c1cc2cccc(OC)c2oc1=N)OCC,5.8000
COC(=O)/C(C#N)=C/c1cccc(OC)c1O,6.5000
CNC(=O)[C@@]12C[C@@H]1[C@@H](n1cnc3c(NC)nc(C#Cc4cccc(Cl)c4)nc31)[C@H](O)[C@@H]2O,5.8962
CNC(=O)[C@@]12C[C@@H]1[C@@H](n1cnc3c(NC)nc(C#Cc4ccc(C(C)=O)cc4)nc31)[C@H](O)[C@@H]2O,5.2757
CNC(=O)[C@@]12C[C@@H]1[C@@H](n1cnc3c(NCc4cccc(Cl)c4)nc(C#Cc4cccc(Cl)c4)nc31)[C@H](O)[C@@H]2O,5.7595
CNC(=O)[C@@]12C[C@@H]1[C@@H](n1cnc3c(NCc4cccc(Cl)c4)nc(C#Cc4ccc5ccc6cccc7ccc4c5c67)nc31)[C@H](O)[C@@H]2O,5.5072
O=C1c2ccccc2C(=O)c2cc(OCC(O)CN3CCCCC3)ccc21,5.3000
N#C/C(=N\Nc1ccc(S(N)(=O)=O)cc1)c1nc2ccccc2[nH]1,5.3000
O=C(CCN1C(=O)c2ccccc2C1=O)Nc1nc2ccccc2s1,5.3000
COCC1=CC(O)N=C(Nc2nc(C)c3ccccc3n2)N1,6.2000
CC1CCN(C(=O)c2ccc3c(=O)[nH]c4c(-c5ccccc5)nnn4c3c2)CC1,5.6000
COc1cc(/C=N/Nc2ncnc3sc4c(c23)CCCC4)ccc1O,5.3000
N=C(NC(=O)C(Cc1ccccc1)N1C(=O)c2ccccc2C1=O)Nc1nc2ccccc2o1,5.4000
Cc1[nH]c2nc3ccccc3n2c(=O)c1CCOC(=O)C1CCCCC1,5.6000
Cc1ccc2[nH]c3nc(SCC(=O)Nc4ncc(C)s4)nnc3c2c1,5.4000
CC1=C(C(=O)Nc2nc3ccccc3s2)C(c2ccco2)C(C#N)=C(SCC(N)=O)N1,5.2000
N/C(=N\C(=O)CN1C(=O)C2CCCCC2C1=O)Nc1nc2ccccc2s1,5.3000
Cc1cccc2sc(NC(=O)CNS(=O)(=O)c3cccs3)nc12,5.8000
N#CCSc1nc2cc(C(=O)N3CCC(C(N)=O)CC3)ccc2c2nc3ccccc3n12,6.0000
Nc1ccc(C(=O)Nc2ccc(O)c(-c3nc4ccccc4[nH]3)c2)cc1,5.8000
Cc1n[nH]c(C)c1S(=O)(=O)N1CCC(C(=O)Nc2nc3c(C)cccc3s2)CC1,6.0000
CCOC(=O)c1nc[nH]c1/N=N/c1c(O)ccc2ccccc12,5.9000
Cc1cc(NC(=O)CSc2nc3ccccc3c3nc4ccccc4n23)n[nH]1,6.2000
CCCN1CCC(NC(=O)Nc2nc3nn(C)cc3c3nc(-c4ccco4)nn23)CC1,5.9234
C=CCN1CCC(NC(=O)Nc2nc3nn(C)cc3c3nc(-c4ccco4)nn23)CC1,5.8468
C#CCN1CCC(NC(=O)Nc2nc3nn(C)cc3c3nc(-c4ccco4)nn23)CC1,6.1029
Cn1cc2c(nc(NC(=O)NC3CCN(Cc4ccccc4)CC3)n3nc(-c4ccco4)nc23)n1,6.2790
Cn1cc2c(nc(NC(=O)NC3CCN(Cc4ccc(C#N)cc4)CC3)n3nc(-c4ccco4)nc23)n1,5.6531
CCOC(=O)CN1CCC(NC(=O)Nc2nc3nn(C)cc3c3nc(-c4ccco4)nn23)CC1,5.9650
Cn1cc2c(nc(NC(=O)NC3CCN(C(=O)NCCc4ccccc4)CC3)n3nc(-c4ccco4)nc23)n1,5.7347
Cn1cc2c(nc(NC(=O)NC3CCN(C(=O)NCCCc4ccccc4)CC3)n3nc(-c4ccco4)nc23)n1,5.7849
Cn1cc2c(nc(NC(=O)NC3CCN(C(=O)NCc4ccc(F)cc4)CC3)n3nc(-c4ccco4)nc23)n1,5.4874
Cn1cc2c(nc(NC(=O)NC3CCN(C(=O)NCc4ccc(Cl)cc4)CC3)n3nc(-c4ccco4)nc23)n1,5.9442
Cc1ccc(CNC(=O)N2CCC(NC(=O)Nc3nc4nn(C)cc4c4nc(-c5ccco5)nn34)CC2)cc1,5.5508
Cn1cc2c(nc(NC(=O)NC3CCN(C(=O)Nc4ccncc4)CC3)n3nc(-c4ccco4)nc23)n1.O=C(O)C(F)(F)F,5.7314
CN1CCN(C(=O)N2CCC(NC(=O)Nc3nc4nn(C)cc4c4nc(-c5ccco5)nn34)CC2)CC1.O=C(O)C(F)(F)F,5.8921
Nc1ncnc2c1ncn2[C@@H]1O[C@H](C(=O)NCC(F)(F)F)[C@@H](O)[C@H]1O,6.7447
CCCNC(=O)[C@H]1O[C@@H](n2cnc3c(N)ncnc32)[C@H](O)[C@@H]1O,6.6778
Nc1ncnc2c1ncn2[C@@H]1O[C@H](C(=O)NCCO)[C@@H](O)[C@H]1O,6.2967
Nc1ncnc2c1ncn2[C@@H]1O[C@H](C(=O)NC2CC2)[C@@H](O)[C@H]1O,7.3010
Nc1ncnc2c1ncn2[C@@H]1O[C@H](C(=O)NC2CCC2)[C@@H](O)[C@H]1O,7.5202
Nc1ncnc2c1ncn2[C@@H]1O[C@H](C(=O)NC2CCCC2)[C@@H](O)[C@H]1O,6.4175
O[C@@H]1[C@H](O)[C@@H]2C[C@@H]2[C@H]1n1cnc2c(NCc3cccc(Cl)c3)nc(C#Cc3ccccc3)nc21,6.1675
O[C@@H]1[C@H](O)[C@@H]2C[C@@H]2[C@H]1n1cnc2c(NCc3cccc(Cl)c3)nc(C#Cc3ccc(F)c(F)c3)nc21,5.8697
O[C@@H]1[C@H](O)[C@@H]2C[C@@H]2[C@H]1n1cnc2c(NCc3cccc(Cl)c3)nc(C#Cc3cccc(Cl)c3)nc21,5.7447
Cn1c(=O)c2c(nc3n2CCN3C2CCCCC2)n(C)c1=O,5.7932
Cn1c(=O)c2c(nc3n2CCN3C2CCC(O)CC2)n(C)c1=O,5.4855
Cn1c(=O)c2c(nc3n2CCN3C2CCCCCCC2)n(C)c1=O,6.5143
Cn1c(=O)c2c(nc3n2CCCN3CC2CC2)n(C)c1=O,6.3799
Cn1c(=O)c2c(nc3n2CCCN3C2CCC2)n(C)c1=O,6.0721
Cn1c(=O)c2c(nc3n2CCCN3C2CCCCC2)n(C)c1=O,5.7932
Cn1c(=O)c2c(nc3n2CCCN3[C@H]2CC[C@H](O)CC2)n(C)c1=O,4.7212
CC(=O)O[C@H]1CC[C@H](N2CCCn3c2nc2c3c(=O)n(C)c(=O)n2C)CC1,4.6596
CC1CCC(N2CCCn3c2nc2c3c(=O)n(C)c(=O)n2C)CC1,6.2147
Cn1c(=O)c2c(nc3n2CCCN3CCC2=CCCCC2)n(C)c1=O,6.0301
Cn1c(=O)c2c(nc3n2CCCN3C2CCCCCC2)n(C)c1=O,5.9355
Cn1c(=O)c2c(nc3n2CCCN3C2CCCCCCC2)n(C)c1=O,5.8153
Cn1c(=O)c2c(nc3n2CCCCN3C2CCCCCCC2)n(C)c1=O,5.6198
C[C@@H](Oc1cccc(Cl)c1)C(=O)Nc1nc(-c2ccccc2)n[nH]1,6.0000
C[C@@H](Oc1ccccc1)C(=O)Nc1nc(-c2ccccc2)n[nH]1,6.0000
Cc1ccc(O[C@H](C)C(=O)Nc2nc(-c3ccccc3)n[nH]2)cc1,5.1938
C[C@@H](Oc1ccc(Cl)cc1)C(=O)Nc1nc(-c2ccccc2)n[nH]1,5.3979
C[C@@H](Oc1ccccc1F)C(=O)Nc1nc(-c2ccccc2)n[nH]1,6.0000
CC(C)(Oc1ccc(Cl)cc1)C(=O)Nc1nc(-c2ccccc2)n[nH]1,5.0555
CC[C@@H](Oc1ccccc1)C(=O)Nc1nc(-c2ccccc2)n[nH]1,5.8539
Cc1cccc(OCC(=O)Nc2nc(-c3ccccc3)n[nH]2)c1,5.6990
O=C(COc1ccccc1)Nc1nc(-c2ccccc2)n[nH]1,5.7447
Cc1ccccc1OCC(=O)Nc1nc(-c2ccccc2)n[nH]1,5.7696
Cc1cccc(C)c1OCC(=O)Nc1nc(-c2ccccc2)n[nH]1,5.7696
O=C(COc1ccc2c(c1)CCC2)Nc1nc(-c2ccccc2)n[nH]1,5.4089
Cc1cc(C)cc(OCC(=O)Nc2nc(-c3ccccc3)n[nH]2)c1,5.4949
C[C@@H](Sc1ccccc1)C(=O)Nc1nc(-c2ccccc2)n[nH]1,5.6576
O=C(CCc1ccccc1)Nc1nc(-c2ccccc2)n[nH]1,5.4685
O=C(COCc1ccccc1)Nc1nc(-c2ccccc2)n[nH]1,5.3010
O=C(COc1ccccc1)Nc1nc(-c2ccc(F)cc2)n[nH]1,5.4559
Cc1ccc(-c2n[nH]c(NC(=O)COc3ccccc3)n2)cc1,5.4437
Cc1cccc(-c2n[nH]c(NC(=O)C(C)Oc3ccccc3)n2)c1,5.6990
Cc1cccc(-c2n[nH]c(NC(=O)[C@@H](C)Oc3ccccc3)n2)c1,5.7447
CCC(=O)Nc1nc(-c2ccccc2)n[nH]1,5.6021
CCCC(=O)Nc1nc(-c2ccccc2)n[nH]1,5.9586
O=C(Nc1nc(-c2ccccc2)n[nH]1)C1CCCO1,5.2291
O=C(Nc1nc(-c2ccccc2)n[nH]1)c1ccccc1,6.3979
Cc1ccc(C(=O)Nc2nc(-c3ccccc3)n[nH]2)cc1,6.5229
O=C(Nc1nc(-c2ccccc2)n[nH]1)c1ccc(Cl)cc1,5.5528
COc1ccccc1C(=O)Nc1nc(-c2ccccc2)n[nH]1,6.6990
COc1ccccc1NC(=O)Nc1nc(-c2ccccc2)n[nH]1,6.6990
COc1ccc(CC(=O)Nc2nc(-c3ccccc3)n[nH]2)cc1,6.0000
CC(C)n1cc(-c2ncc(N)nc2-c2ccc(F)cc2)ccc1=O,8.7447
Nc1nc(-c2ccccc2)c2c(n1)-c1cc(C(F)(F)c3cccnc3)ccc1C2=O,8.7959
Nc1nc(-c2ccccc2)c2c(n1)-c1cc(C(=O)c3cccnc3)ccc1C2=O,9.3010
Nc1nc(-c2ccccc2)c2c(n1)-c1cc(Cc3cnccc3Cl)ccc1C2=O,10.0000
Nc1nc(-c2ccccc2)c2c(n1)-c1cc(Cc3ccncc3F)ccc1C2=O,9.1549
Nc1nc(-c2ccccc2)c2c(n1)-c1cc(Cc3cncc(F)c3)ccc1C2=O,8.8861
N#Cc1cncc(Cc2ccc3c(c2)-c2nc(N)nc(-c4ccccc4)c2C3=O)c1,8.8539
Nc1nc(-c2ccccc2)c2c(n1)-c1cc(Cc3cccnc3)ccc1C2=O,9.5229
Nc1nc(-c2ccccc2)c2c(n1)-c1cc(CN3CCCC3)ccc1C2=O,8.3872
CC1CC[C@@H](C)N1Cc1ccc2c(c1)-c1nc(N)nc(-c3ccccc3)c1C2=O,7.8827
Nc1nc(-c2ccccc2)c2c(n1)-c1cc(CN3C4CCC3CC4)ccc1C2=O,8.5086
Nc1nc(-c2ccccc2)nc(-c2ccccc2O)n1,7.3665
N#Cc1cnc(N)nc1-c1ccccc1,6.7959
COCc1cc(C)nc2sc(-c3nc(N)nc(N(C)C)n3)c(N)c12,5.7959
O=C(Cc1ccccc1)Nc1nn2c(-c3ccco3)nnc2s1,5.2924
COc1nc(N)c(C#N)c(-c2ccc3c(c2)OCO3)c1C#N,4.5086
COP(=O)(OC)OC[C@H]1O[C@@H](n2cnc3c(NC4CCCC4)nc(Cl)nc32)[C@H](O)[C@@H]1O,5.3279
O=P([O-])([O-])OC[C@H]1O[C@@H](n2cnc3c(NC4CCCC4)nc(Cl)nc32)[C@H](O)[C@@H]1O.[Na+].[Na+],5.7959
NCCNC(=O)Cc1ccc(NC(=O)Cc2ccc(Nc3ncnc4c3ncn4[C@@H]3O[C@H](CO)[C@@H](O)[C@H]3O)cc2)cc1,6.4318
COC(=O)c1cnn(-c2nc(NC(C3CC3)C3CC3)c3ncn([C@H]4[C@H](O)[C@H](O)[C@@H]5C[C@@H]54)c3n2)c1,5.3862
O[C@@H]1[C@H](O)[C@@H]2C[C@@H]2[C@H]1n1cnc2c(NC(C3CC3)C3CC3)nc(I)nc21,5.6517
O[C@@H]1[C@H](O)[C@@H]2C[C@@H]2[C@H]1n1cnc2c(N[C@@H](CC3CC3)C3CC3)nc(Cl)nc21,5.5935
O[C@@H]1[C@H](O)[C@@H]2C[C@@H]2[C@H]1n1cnc2c(N[C@H](CC3CC3)C3CC3)nc(Cl)nc21,5.3152
O[C@@H]1[C@H](O)[C@@H]2C[C@@H]2[C@H]1n1cnc2c(N[C@H](C3CCC3)C3CC3)nc(Cl)nc21,5.1904
O[C@@H]1[C@H](O)[C@@H]2C[C@@H]2[C@H]1n1cnc2c(N[C@@H](C3CCC3)C3CC3)nc(Cl)nc21,5.2620
CC(C)[C@H](Nc1nc(Cl)nc2c1ncn2[C@H]1[C@H](O)[C@H](O)[C@@H]2C[C@@H]21)C1CC1,5.4377
CC(C)[C@@H](Nc1nc(Cl)nc2c1ncn2[C@H]1[C@H](O)[C@H](O)[C@@H]2C[C@@H]21)C1CC1,5.8041
CC[C@H](Nc1nc(Cl)nc2c1ncn2[C@H]1[C@H](O)[C@H](O)[C@@H]2C[C@@H]21)C1CC1,5.3089
CC[C@@H](Nc1nc(Cl)nc2c1ncn2[C@H]1[C@H](O)[C@H](O)[C@@H]2C[C@@H]21)C1CC1,5.4425
O=C1NCCC12O[C@@H](n1cnc3c(NCc4cccc(I)c4)ncnc31)[C@H](O)[C@@H]2O,4.5258
Cc1ccc(-c2nc(NC(=O)Nc3ccc(F)cc3)c3nnn(Cc4ccccc4F)c3n2)cc1,5.0942
OC[C@H]1O[C@@H](n2cnc3c(N[C@@H]4C[C@H]4c4cccc(C(F)(F)F)c4)ncnc32)[C@H](O)[C@@H]1O,5.6253
CCCN1C(=O)N2CCN=C2c2[nH]c(-c3ccc(Br)cc3)nc21,6.3279
OC[C@H]1O[C@@H](n2cnc3c(NCC4c5ccccc5-c5ccccc54)ncnc32)[C@H](O)[C@@H]1O,6.8386
O=C(Cc1ccccc1)Nc1nc2ccc(Cl)cc2c2nc(-c3ccco3)nn12,7.6021
Cn1cc2c(nc(NC(c3ccccc3)c3ccccc3)n3nc(-c4ccco4)nc23)n1,6.0458
Cn1cc2c(nc(N3CCOCC3)n3nc(-c4ccco4)nc23)n1,5.7773
CN1CCN(c2nc3nn(C)cc3c3nc(-c4ccco4)nn23)CC1,5.1141
Cn1cc2c(nc(N3CCCCC3)n3nc(-c4ccco4)nc23)n1,6.4535
Cn1cc2c(nc(N3CCCC3)n3nc(-c4ccco4)nc23)n1,6.8794
CCN(CCO)c1nc2nn(C)cc2c2nc(-c3ccco3)nn12,5.1918
Cn1cc2c(nc(N(Cc3ccccc3)Cc3ccccc3)n3nc(-c4ccco4)nc23)n1,5.9393
CN(Cc1ccccc1)c1nc2nn(C)cc2c2nc(-c3ccco3)nn12,5.9666
CN(c1nc2nn(C)cc2c2nc(-c3ccco3)nn12)C1CCCCC1,5.5638
CCCCCN(CCCCC)c1nc2nn(C)cc2c2nc(-c3ccco3)nn12,5.1255
CCN(CC)c1nc2nn(C)cc2c2nc(-c3ccco3)nn12,6.0980
CCCCN(C)c1nc2nn(C)cc2c2nc(-c3ccco3)nn12,5.8601
CN(C)c1nc2nn(C)cc2c2nc(-c3ccco3)nn12,5.9872
Cn1cc2c(nc(NCCOc3ccccc3)n3nc(-c4ccco4)nc23)n1,6.9172
COCCNc1nc2nn(C)cc2c2nc(-c3ccco3)nn12,6.3904
CONc1nc2nn(C)cc2c2nc(-c3ccco3)nn12,6.7328
Cn1cc2c(nc(NCCCCCCO)n3nc(-c4ccco4)nc23)n1,6.9626
Cn1cc2c(nc(NCCCCCO)n3nc(-c4ccco4)nc23)n1,6.9066
Cn1cc2c(nc(NCCCCO)n3nc(-c4ccco4)nc23)n1,6.6003
Cn1cc2c(nc(NC(CO)CO)n3nc(-c4ccco4)nc23)n1,6.2240
CCC(CO)Nc1nc2nn(C)cc2c2nc(-c3ccco3)nn12,6.6840
CC(O)CNc1nc2nn(C)cc2c2nc(-c3ccco3)nn12,6.8665
Cn1cc2c(nc(NCCCO)n3nc(-c4ccco4)nc23)n1,6.8097
Cn1cc2c(nc(NCCO)n3nc(-c4ccco4)nc23)n1,6.8041
Cn1cc2c(nc(NCCc3c[nH]c4ccccc34)n3nc(-c4ccco4)nc23)n1,7.1135
CC(CCc1ccccc1)Nc1nc2nn(C)cc2c2nc(-c3ccco3)nn12,6.8327
COc1ccc(CCNc2nc3nn(C)cc3c3nc(-c4ccco4)nn23)cc1OC,7.0339
Cn1cc2c(nc(NCCc3ccccc3)n3nc(-c4ccco4)nc23)n1,7.3363
Cn1cc2c(nc(NCc3ccc(-c4ccccc4)cc3)n3nc(-c4ccco4)nc23)n1,6.2269
COc1ccc(CNc2nc3nn(C)cc3c3nc(-c4ccco4)nn23)cc1OC,7.1931
Cn1cc2c(nc(NCc3ccc(C(F)(F)F)cc3)n3nc(-c4ccco4)nc23)n1,6.6108
Cn1cc2c(nc(NCc3ccc(F)cc3)n3nc(-c4ccco4)nc23)n1,7.0580
Cn1cc2c(nc(NCc3ccc(Cl)cc3)n3nc(-c4ccco4)nc23)n1,7.1226
COc1ccc(CNc2nc3nn(C)cc3c3nc(-c4ccco4)nn23)cc1,6.7520
Cc1ccc(CNc2nc3nn(C)cc3c3nc(-c4ccco4)nn23)cc1,6.9318
C[C@@H](Nc1nc2nn(C)cc2c2nc(-c3ccco3)nn12)c1ccccc1,7.4179
C[C@H](Nc1nc2nn(C)cc2c2nc(-c3ccco3)nn12)c1ccccc1,7.2581
Cn1cc2c(nc(NCc3ccccc3)n3nc(-c4ccco4)nc23)n1,7.0410
Cn1cc2c(nc(NC3C4CC5CC(C4)CC3C5)n3nc(-c4ccco4)nc23)n1,6.0716
Cn1cc2c(nc(NCC3CCCCC3)n3nc(-c4ccco4)nc23)n1,6.0894
Cn1cc2c(nc(NC3CCCCCCC3)n3nc(-c4ccco4)nc23)n1,6.5544
Cn1cc2c(nc(NC3CCCCCC3)n3nc(-c4ccco4)nc23)n1,6.4737
Cn1cc2c(nc(NC3CCCCC3)n3nc(-c4ccco4)nc23)n1,6.6326
Cn1cc2c(nc(NC3CCCC3)n3nc(-c4ccco4)nc23)n1,6.8861
Cn1cc2c(nc(NC3CCC3)n3nc(-c4ccco4)nc23)n1,7.0762
Cn1cc2c(nc(NC3CC3)n3nc(-c4ccco4)nc23)n1,6.9469
Cn1cc2c(nc(NC(C)(C)C(C)(C)C)n3nc(-c4ccco4)nc23)n1,5.4908
CCCCC(CC)CNc1nc2nn(C)cc2c2nc(-c3ccco3)nn12,6.2907
CCCCCCC(C)Nc1nc2nn(C)cc2c2nc(-c3ccco3)nn12,6.1543
CCCCCC(C)Nc1nc2nn(C)cc2c2nc(-c3ccco3)nn12,6.3507
CCCCCNc1nc2nn(C)cc2c2nc(-c3ccco3)nn12,6.7747
CC[C@@H](C)Nc1nc2nn(C)cc2c2nc(-c3ccco3)nn12,6.5654
CC[C@H](C)Nc1nc2nn(C)cc2c2nc(-c3ccco3)nn12,6.6126
CCC(C)Nc1nc2nn(C)cc2c2nc(-c3ccco3)nn12,6.6055
CC(C)Nc1nc2nn(C)cc2c2nc(-c3ccco3)nn12,6.4101
CCNc1nc2nn(C)cc2c2nc(-c3ccco3)nn12,6.6819
CNc1nc2nn(C)cc2c2nc(-c3ccco3)nn12,6.4342
CCOc1nc2nn(C)cc2c2nc(-c3ccco3)nn12,5.2132
Cn1cc2c(nc(Cl)n3nc(-c4ccco4)nc23)n1,4.5243
O[C@@H]1[C@H](O)[C@@H](CF)O[C@H]1n1cnc2c(NC3CCOCC3)ncnc21,5.3000
OC[C@H]1O[C@@H](n2cnc3c(N[C@H]4CCC[C@@H]4O)ncnc32)[C@H](O)[C@@H]1O,5.2381
CC(C)(C)C(=O)c1cc2c([nH]c1=O)CC(c1ccccc1)CC2=O,4.7959
O=C1CC(c2ccccc2)Cc2[nH]c(=O)c(S(=O)(=O)c3ccccc3)cc21,5.1549
Nc1nc2ccccc2c2cc(-c3ccco3)nn12,7.0969
COc1cccc(-c2cc(NC(C)=O)nc(-c3cccc(OC)c3OC)n2)c1OC,6.4259
COc1cccc(-c2cc(NC(C)=O)nc(-c3cccc(OC)c3)n2)c1,7.3063
Cn1c(=O)c2c(nc(/C=C/c3ccc(Cl)cc3)n2C)n(C)c1=O,6.8514
Cn1c(=O)c2c(cc(/C=C/c3ccccc3O)n2C)n(C)c1=O,5.9416
CC(=O)c1ccc(/C=C/c2cc3c(c(=O)n(C)c(=O)n3C)n2C)cc1,7.0273
Cn1c(=O)c2c(cc(/C=C/c3cccc(N)n3)n2C)n(C)c1=O,6.0522
Cn1c(=O)c2c(cc(/C=C/c3ccc4c(c3)OCO4)n2C)n(C)c1=O,6.3304
CCCOc1ccc(/C=C/c2cc3c(c(=O)n(C)c(=O)n3C)n2C)cc1,6.5130
COc1ccc(/C=C/c2cc3c(c(=O)n(C)c(=O)n3C)n2C)cc1,6.6080
Cn1c(=O)c2c(cc(/C=C/c3ccc(C(F)(F)F)cc3)n2C)n(C)c1=O,6.2752
Cn1c(=O)c2c(cc(/C=C/c3ccc(Cl)cc3)n2C)n(C)c1=O,6.5850
Cn1c(=O)c2c(cc(/C=C/c3ccc(F)cc3)n2C)n(C)c1=O,6.3732
COc1cccc(/C=C/c2cc3c(c(=O)n(C)c(=O)n3C)n2C)c1,6.4084
Cn1c(=O)c2c(cc(/C=C/c3ccccc3)n2C)n(C)c1=O,6.7696
Cn1c(=O)c2c(cc(/C=C/c3cccc(Cl)c3)n2C)n(C)c1=O,6.3665
Nc1nc(Cc2ccccc2)nc2cn(-c3ccccc3)nc12,6.9586
Nc1nc(-c2ccccc2)nc2cn(-c3ccccc3)nc12,6.4881
Cc1nc(N)c2nn(-c3ccccc3)cc2n1,6.6091
Nc1nc(N/N=C/[C@@H](O)[C@H](O)[C@H](O)[C@@H](O)CO)nc2c1ncn2[C@@H]1O[C@H](CO)[C@@H](O)[C@H]1O,5.8416
COc1ccc(/C=N/Nc2nc(N)c3ncn([C@@H]4O[C@H](CO)[C@@H](O)[C@H]4O)c3n2)cc1,6.0148
Nc1nc(N/N=C/c2ccc(Cl)c(Cl)c2)nc2c1ncn2[C@@H]1O[C@H](CO)[C@@H](O)[C@H]1O,5.7799
Nc1nc(N/N=C/c2ccc(Cl)cc2)nc2c1ncn2[C@@H]1O[C@H](CO)[C@@H](O)[C@H]1O,6.3072
Nc1nc2c(cnn2CCN2CCN(c3ccc(OCC(=O)O)cc3)CC2)c2nc(-c3ccco3)nn12,8.8539
CCOc1cccc2cc(C(=O)NCc3ccccn3)c(=N)oc12,6.1308
Nc1nc(-c2cccc(C(F)(F)F)c2)nc2sc(Cc3ccccc3)cc12,5.9931
Nc1nc(C2CCCO2)nc2sc(Cc3ccccc3)cc12,6.1656
Nc1nc(-c2ccccn2)nc2sc(Cc3ccccc3)cc12,6.2262
Cn1cnc(-c2nc(N)c3cc(Cc4ccccc4)sc3n2)c1,6.2684
Nc1nc(-c2ccccc2)nc2sccc12,6.3010
CC(c1ccccc1)c1cc2c(N)nc(-c3cccc(C#N)c3)nc2s1,6.4685
N#Cc1ccc(-c2nc(N)c3cc(Cc4ccccc4)sc3n2)o1,6.5171
Nc1nc(-c2ccc(C3CC3)o2)nc2sc(Cc3ccccc3)cc12,6.5800
N#Cc1cccc(-c2nc(N)c3cc(C4(c5ccccc5)CC4)sc3n2)c1,6.6536
Nc1nc(-c2cccnc2)nc2sc(Cc3ccccc3)cc12,6.6676
Nc1nc(-c2ccccc2)nc2sc(-c3ccccc3)cc12,6.6840
Cc1ccc(-c2nc(N)c3cc(CCc4ccccc4)sc3n2)o1,6.6925
Nc1nc(-c2cccc(Cl)n2)nc2sc(Cc3ccccc3)cc12,6.7620
CC(C)c1ccc(-c2nc(N)c3cc(Cc4ccccc4)sc3n2)o1,6.7747
COc1cccc(-c2nc(N)c3cc(Cc4ccccc4)sc3n2)c1,6.9281
Cc1ccc(-c2nc(N)c3ccsc3n2)o1,6.9626
Cc1csc(-c2nc(N)c3cc(C4(c5ccccc5)CC4)sc3n2)n1,6.9706
Cc1csc(-c2nc(N)c3cc(C(C)c4ccccc4)sc3n2)n1,7.0000
Nc1nc(-c2ccncc2)nc2sc(Cc3ccccc3)cc12,7.1720
Cc1ccc(-c2nc(N)c3cc(-c4ccccc4)sc3n2)o1,7.1720
C=C(c1ccccc1)c1cc2c(N)nc(-c3cccc(C#N)c3)nc2s1,7.1979
Cc1nc(-c2nc(N)c3cc(Cc4ccccc4)sc3n2)cs1,7.2441
CCc1ccc(-c2nc(N)c3cc(Cc4ccccc4)sc3n2)o1,7.3098
Nc1nc(-c2cccc(F)c2)nc2sc(Cc3ccccc3)cc12,7.3768
Cc1ccc(-c2nc(N)c3cc(C(C)c4ccccc4)sc3n2)o1,7.3969
C=C(c1ccccc1)c1cc2c(N)nc(-c3nc(C)cs3)nc2s1,7.5086
Nc1nc(-c2ccccc2)nc2sc(Cc3ccccc3)cc12,7.5258
N#Cc1cccc(-c2nc(N)c3cc(Cc4ccccc4)sc3n2)n1,7.5850
Nc1nc(-c2ccc(C(F)F)o2)nc2sc(Cc3ccccc3)cc12,7.5986
Nc1nc(-c2ncccn2)nc2sc(Cc3ccccc3)cc12,7.7670
Cc1csc(-c2nc(N)c3cc(Cc4ccccc4)sc3n2)n1,7.7932
COc1ccccc1Cc1cc2c(N)nc(-c3nc(C)cs3)nc2s1,7.8794
COc1ccccc1Cc1cc2c(N)nc(-c3ccc(C(F)F)o3)nc2s1,7.8827
N#Cc1cccc(-c2nc(N)c3cc(Cc4ccccc4)sc3n2)c1,7.9431
Cc1ccc(-c2nc(N)c3cc(Cc4ccccc4)sc3n2)o1,7.2402
COc1ccccc1Cc1cc2c(N)nc(-c3ccc(C)o3)nc2s1,8.2481
Cc1csc(-c2nc(N)c3cc(Cc4ccccc4F)sc3n2)n1,8.0132
Nc1nc(-c2cnco2)nc2sc(Cc3ccccc3)cc12,8.0458
N#Cc1cccc(-c2nc(N)c3cc(Cc4ccccc4F)sc3n2)c1,8.1367
Cc1csc(-c2nc(N)c3cc(Cc4ccccc4Cl)sc3n2)n1,8.1612
COc1ccccc1Cc1cc2c(N)nc(-c3cccc(C#N)c3)nc2s1,8.2076
Nc1nc(-c2ncco2)nc2sc(Cc3ccccc3)cc12,8.3279
Cc1ccc(-c2nc(N)c3cc(Cc4ccccc4F)sc3n2)o1,8.4318
Cc1ccc(-c2nc(N)c3cc(Cc4ccccc4Cl)sc3n2)o1,8.4847
Nc1nc(-c2cnccn2)nc2sc(Cc3ccccc3)cc12,8.6198
N#Cc1cccc(-c2nc(N)c3cc(Cc4ccccc4Cl)sc3n2)c1,8.8539
O=C(CCCc1ccccc1)Nc1nc2sccc2c(=O)s1,7.0835
O=C(Nc1nc2ccccc2c(=O)s1)c1ccc(C(=O)N2CCN(Cc3ccc(Cl)cc3)CC2)cc1,7.3536
O=C(Nc1nc2ccccc2c(=O)s1)c1ccc(C(=O)N2CCN(Cc3cccc(Cl)c3)CC2)cc1,7.2343
COc1cccc(/C=C/CC(=O)Nc2nc3ccccc3c(=O)s2)c1,7.0372
O=C(C/C=C/c1ccccc1)Nc1nc2ccccc2c(=O)s1,6.9281
COc1cccc(CCCC(=O)Nc2nc3ccccc3c(=O)s2)c1,6.9393
O=C(CCCc1ccccc1)Nc1nc2ccccc2c(=O)s1,7.4034
COc1cccc(/C=C/C(=O)Nc2nc3ccccc3c(=O)s2)c1,7.2048
COc1cccc(CCC(=O)Nc2nc3ccccc3c(=O)s2)c1,7.1878
O=C(CCc1ccccc1)Nc1nc2ccccc2c(=O)s1,7.0921
CCCC(=O)Oc1ccc(CCNc2nc(N)c3nc(-n4nccn4)n(C)c3n2)cc1,5.0101
Cn1c(-n2nccn2)nc2c(N)nc(NCCc3ccc(O)cc3)nc21,5.0101
CCOC(=O)CCCOc1ccc(CCNc2nc(N)c3nc(-n4nccn4)n(C)c3n2)cc1,5.0400
CCOC(=O)CCCOc1ccc(/C=C/c2nc3c(c(=O)n(CC)c(=O)n3CC)n2C)cc1OC,5.3598
Cn1c(-c2ccco2)nc2c(N)nc(NCCc3ccc(O)cc3)nc21,5.5800
CCCCCCCCCC(=O)Oc1ccc(CCNc2nc(N)n3nc(-c4ccco4)nc3n2)cc1,6.7400
Nc1nc(NCCc2ccc(Br)cc2)nc2nc(-c3ccco3)nn12,6.7400
CCOC(=O)CCCOc1ccc(CCNc2nc(N)n3nc(-c4ccco4)nc3n2)cc1,7.3005
Nc1nc(OCCc2ccccc2)nc2nc(-c3ccco3)nn12,7.3886
CC(=O)Oc1ccc(CCNc2nc(N)n3nc(-c4ccco4)nc3n2)cc1,7.4095
CCCC(=O)Oc1ccc(CCNc2nc(N)n3nc(-c4ccco4)nc3n2)cc1,7.5265
CCn1c(=O)c2c(nc(/C=C/c3ccc(OCCCC(=O)NCCCCCC(=O)OC)c(OC)c3)n2C)n(CC)c1=O,4.9600
CCn1c(=O)c2c(nc(/C=C/c3ccc(O)c(OC)c3)n2C)n(CC)c1=O,4.9200
CCOC(=O)CCCNc1nc(NCCc2ccc(O)cc2)nc2nc(-c3ccco3)nn12,4.5900
Cn1c(-n2ccnn2)nc2c(N)nc(NCCc3ccc(O)cc3)nc21,4.2600
CCNC(=O)[C@H]1O[C@@H](N2CNc3c(N)nc(NCCc4ccc(CCC(=O)O)cc4)nc32)[C@H](O)[C@@H]1O,7.3331
Nc1nc(-c2sc(NC(=O)c3ccco3)nc2-c2ccccc2)nc2sc3c(c12)CCCC3,4.8416
O=C(Nc1nc(-c2ccccc2)c(-c2nc3ccccc3c(=O)[nH]2)s1)c1ccco1,5.0565
Cc1sc2nc(-c3sc(NC(=O)c4ccco4)nc3-c3ccccc3)nc(N)c2c1C,5.2255
Cc1sc2nc(-c3sc(NC(=O)c4ccccc4)nc3-c3ccccc3)nc(N)c2c1C,5.3125
COc1ccc(C(=O)Nc2nc(-c3ccccc3)c(C(=O)c3nc(N)nc(N(C)C)n3)s2)cc1,5.6968
Cc1ccc(C(=O)Nc2nc(-c3ccccc3)c(-c3nc(N)nc(N(C)C)n3)s2)cc1,6.2503
O=C(Nc1nc(-c2ccccc2)c(C(=O)c2cccnc2)s1)c1ccco1,6.2581
CN(C)c1nc(N)nc(-c2sc(NC(=O)c3ccccc3)nc2-c2ccccc2)n1,6.4855
O=C(Nc1nc(-c2ccccc2)c(-c2ccccn2)s1)c1ccco1,6.7144
CN(C)c1nc(N)nc(-c2sc(NC(=O)c3ccco3)nc2-c2ccccc2)n1,6.7471
COc1ccc(C(=O)Nc2nc(-c3ccccc3)c(C(=O)c3ccccn3)s2)cc1,6.8928
O=C(Nc1nc(-c2ccccc2)c(C(=O)c2ccccn2)s1)c1ccco1,7.1267
O=C(Nc1nc(-c2ccccc2)c(-c2ccncc2)s1)c1ccco1,8.1772
CC(=O)CCc1nc(N)c2nc(-n3nccn3)n(C)c2n1,7.9208
Cn1c(-n2nccn2)nc2c(N)nc(CCCCO)nc21,7.2757
C[C@@H](O)CCc1nc(N)c2nc(-n3nccn3)n(C)c2n1,8.0969
C[C@H](O)CCc1nc(N)c2nc(-n3nccn3)n(C)c2n1,7.7212
CC(O)CCc1nc(N)c2nc(-n3nccn3)n(C)c2n1,8.0863
CCCC(O)c1nc(N)c2nc(-n3nccn3)n(C)c2n1,7.6576
CCC(O)Cc1nc(N)c2nc(-n3nccn3)n(C)c2n1,7.1938
N=c1ccc2c(-c3ccc(C(=O)NCCCCCCn4cc(NCCNC(=O)COc5ccc(CCCn6ncc7c6nc(N)n6nc(-c8ccco8)nc76)cc5)nn4)cc3C(=O)O)c3ccc(N)c(S(=O)(=O)O)c3oc-2c1S(=O)(=O)O,7.7825
Cn1cc2c(nc(NCCCOCCOCCCOCCOCCCNC(=S)Nc3ccc(C4c5ccc(O)cc5OC5=CC(=O)C=CC54)c(C(=O)O)c3)n3nc(-c4ccco4)nc23)n1,5.2200
Cn1cc2c(nc(NCCCCCNC(=S)Nc3ccc(C4c5ccc(O)cc5OC5=CC(=O)C=CC54)c(C(=O)O)c3)n3nc(-c4ccco4)nc23)n1,5.7500
Cn1cc2c(nc(NCCCCNC(=S)Nc3ccc(C4c5ccc(O)cc5OC5=CC(=O)C=CC54)c(C(=O)O)c3)n3nc(-c4ccco4)nc23)n1,6.3300
Cn1cc2c(nc(NCCCNC(=S)Nc3ccc(C4c5ccc(O)cc5OC5=CC(=O)C=CC54)c(C(=O)O)c3)n3nc(-c4ccco4)nc23)n1,5.6000
Cn1cc2c(nc(NNC(=S)Nc3ccc(C4c5ccc(O)cc5OC5=CC(=O)C=CC54)c(C(=O)O)c3)n3nc(-c4ccco4)nc23)n1,6.0300
N=c1ccc2c(-c3ccc(C(=O)NCCCCCCn4cc(CCCC(=O)Nc5nc6ccc(Cl)cc6c6nc(-c7ccco7)nn56)nn4)cc3C(=O)O)c3ccc(N)c(S(=O)(=O)O)c3oc-2c1S(=O)(=O)O,7.1367
CCNC(=O)[C@H]1O[C@@H](n2cnc3c(NCCCCCCCCCCNc4ccc([N+](=O)[O-])c5nonc45)ncnc32)[C@H](O)[C@@H]1O,5.2100
CCNC(=O)[C@H]1O[C@@H](n2cnc3c(NCCCCCCCCNc4ccc([N+](=O)[O-])c5nonc45)ncnc32)[C@H](O)[C@@H]1O,5.2900
CCNC(=O)[C@H]1O[C@@H](n2cnc3c(NCCCCCCNc4ccc([N+](=O)[O-])c5nonc45)ncnc32)[C@H](O)[C@@H]1O,5.2100
CCNC(=O)[C@H]1O[C@@H](n2cnc3c(NCCNc4ccc([N+](=O)[O-])c5nonc45)ncnc32)[C@H](O)[C@@H]1O,5.1700
Cc1nc2ccc(NC(=O)Nc3ccnc4cccnc34)cc2o1.Cl,6.1739
CCn1c(/N=C/c2ccc(F)cc2)c(C#N)sc1=S,7.9594
CCCn1c(/N=C/c2ccc(Br)cc2)c(C#N)sc1=S,8.7447
CCCCn1c(/N=C/c2ccc(Br)cc2)c(C#N)sc1=S,8.1186
N#Cc1sc(=S)n(CCc2ccccc2)c1/N=C/c1ccc(Br)cc1,10.1739
N#Cc1sc(=S)n(-c2ccccc2)c1/N=C/c1ccc(Br)cc1,11.3768
CCCn1c(/N=C/c2ccc(Cl)cc2)c(C#N)sc1=S,7.2612
CCCCn1c(/N=C/c2ccc(Cl)cc2)c(C#N)sc1=S,8.0177
N#Cc1sc(=S)n(-c2ccccc2)c1/N=C/c1ccc(Cl)cc1,9.8539
CCn1c(/N=C/c2ccc(Br)cc2)c(C#N)sc1=S,11.0000
CCCn1c(/N=C/c2ccc(F)cc2)c(C#N)sc1=S,10.5229
CCCCn1c(/N=C/c2ccc(F)cc2)c(C#N)sc1=S,10.5686
N#Cc1sc(=S)n(CCc2ccccc2)c1/N=C/c1ccc(F)cc1,8.5784
N#Cc1sc(=S)n(-c2ccccc2)c1/N=C/c1ccc(F)cc1,11.3279
CCn1c(/N=C/c2ccc(Cl)cc2)c(C#N)sc1=S,8.8416
Cc1ccc(NC(=O)Nc2ncnc3c2nc(-c2ccco2)n3C)cc1,6.9747
Cn1c(-c2ccco2)nc2c(NC(=O)Nc3ccccc3)ncnc21,7.2441
Cc1ccc(COc2ccc(CC(=O)Nc3ncnc4c3nc(-c3ccco3)n4C)cc2)cc1,7.0506
Cn1c(-c2ccco2)nc2c(NC(=O)Cc3ccc(OCc4ccccc4)cc3)ncnc21,7.3010
Cn1c(-c2ccco2)nc2c(NC(=O)C(c3ccccc3)c3ccccc3)ncnc21,7.2291
Cn1c(-c2ccco2)nc2c(NC(=O)c3ccc(-c4ccccc4)cc3)ncnc21,5.8962
Cn1c(-c2ccco2)nc2c(NC(=O)Cc3ccccc3)ncnc21,6.9586
Nc1ncnc2c1nc(-c1ccco1)n2CCCO,7.8239
CCCn1c(-c2ccco2)nc2c(N)ncnc21,7.7447
Nc1ncnc2c1nc(-c1ccco1)n2CCO,7.4815
Cn1c(-c2ccco2)nc2c(N)ncnc21,8.1249
CCn1c(-c2ccco2)nc2c(N)ncnc21,8.4318
Cn1c(=O)c2c(nc3n2CCCN3CCc2ccc(Cl)c(Cl)c2)n(C)c1=O,5.2798
Cn1c(=O)c2c(nc3n2CCCN3CCc2ccc(Cl)cc2)n(C)c1=O,5.2510
Cn1c(=O)c2c(nc3n2CCCN3CCc2cccc(Cl)c2)n(C)c1=O,5.8697
Cn1c(=O)c2c(nc3n2CCCN3Cc2cc(Cl)cc(Cl)c2)n(C)c1=O,5.4225
Cn1c(=O)c2c(nc3n2CCCN3Cc2cccc(Cl)c2)n(C)c1=O,5.6925
Cn1c(=O)c2c(nc3n2CCCN3c2cc(Cl)cc(Cl)c2)n(C)c1=O,5.3363
CCn1c(=O)c2c(nc3n2CCCN3CCc2ccc(OC)cc2)n(CC)c1=O,5.5969
C#CCn1c(=O)c2c(nc3n2CCCN3C2CCN(Cc3ccccc3)CC2)n(C)c1=O,6.2020
C#CCn1c(=O)c2c(nc3n2CCCN3CC2CCCCC2)n(C)c1=O,6.2924
C#CCn1c(=O)c2c(nc3n2CCCN3CC2CCCO2)n(C)c1=O,5.9547
C#CCn1c(=O)c2c(nc3n2CCCN3C2CCCCC2)n(C)c1=O,6.5072
C#CCn1c(=O)c2c(nc3n2CCCN3C2CCC2)n(C)c1=O,6.6364
C#CCn1c(=O)c2c(nc3n2CCCN3CCc2cccs2)n(C)c1=O,6.4989
C#CCn1c(=O)c2c(nc3n2CCCN3CCc2ccc(OC)cc2)n(C)c1=O,6.2941
C#CCn1c(=O)c2c(nc3n2CCCN3CCc2ccc(O)cc2)n(C)c1=O,6.4609
C#CCn1c(=O)c2c(nc3n2CCCN3CCc2ccccc2)n(C)c1=O,5.9208
C#CCn1c(=O)c2c(nc3n2CCCN3Cc2cccs2)n(C)c1=O,6.2034
C#CCn1c(=O)c2c(nc3n2CCCN3Cc2cccc(OC)c2)n(C)c1=O,6.4921
C#CCn1c(=O)c2c(nc3n2CCCN3Cc2ccccc2OC)n(C)c1=O,6.3799
C#CCn1c(=O)c2c(nc3n2CCCN3Cc2ccccc2)n(C)c1=O,6.5969
C#CCn1c(=O)c2c(nc3n2CCCN3c2cccc(Br)c2)n(C)c1=O,6.5467
C#CCn1c(=O)c2c(nc3n2CCCN3c2ccc(F)cc2)n(C)c1=O,5.6737
Cn1c(=O)c2c(nc3n2CCCN3c2ccc(F)cc2)n(C)c1=O,5.8270
CCCC1=C(C(=O)OCC)C(c2ccco2)NC(=O)N1,6.2201
Cn1c(=O)c2[nH]c([C@]34C[C@@H]5C[C@H](C[C@H]3C5)C4)nc2n(C)c1=O,6.0088
Cc1cc(C)n(-c2nc(Nc3cnccn3)cc(-n3cccn3)n2)n1,7.3665
Cc1cc(C)n(-c2nc(Nc3ccccn3)cc(-n3cccn3)n2)n1,8.0362
Cc1cc(C)n(-c2nc(NCC(F)(F)F)cc(-n3cccn3)n2)n1,7.2840
Cc1cc(C)n(-c2nc(Nc3nccs3)cc(N3CCc4ccccc4C3)n2)n1,7.1805
Cc1cc(C)n(-c2nc(Nc3cnccn3)cc(N3CCc4ccccc4C3)n2)n1,8.9586
Cc1cc(C)n(-c2nc(Nc3ccccn3)cc(N3CCc4ccccc4C3)n2)n1,7.1871
COC[C@H]1CCCN1c1cc(Nc2nccs2)nc(-n2nc(C)cc2C)n1,8.0223
COC[C@H]1CCCN1c1cc(Nc2cnccn2)nc(-n2nc(C)cc2C)n1,7.1612
COC[C@H]1CCCN1c1cc(Nc2ccccn2)nc(-n2nc(C)cc2C)n1,7.3468
COC[C@H]1CCCN1c1cc(NCC(F)(F)F)nc(-n2nc(C)cc2C)n1,7.6198
Cn1cc2c(Cl)nc(NC(=O)Cc3ccccc3)nc2n1,4.5243
Cn1cc2c(Cl)nc(NC(=O)c3ccc(C(F)(F)F)cc3)nc2n1,4.5918
Cn1cc2c(Cl)nc(NC(=O)c3ccccc3)nc2n1,4.6162
CC(C)(C)Cn1cc2c(Cl)nc(NC(=O)Cc3ccccc3)nc2n1,4.6271
Cn1cc2c(Cl)nc(NC(=O)c3ccc(F)cc3)nc2n1,4.6882
Cn1cc2c(Cl)nc(N(C(=O)c3ccccc3)C(=O)c3ccccc3)nc2n1,4.7570
O=C(Nc1nc(Cl)c2cn(CCc3ccccc3)nc2n1)c1ccc(C(F)(F)F)cc1,4.7852
Cc1ccc(C(=O)Nc2nc(Cl)c3cn(C)nc3n2)cc1,4.9208
Cc1ccc(C(=O)Nc2nc(Cl)c3cn(CCc4ccccc4)nc3n2)cc1,5.0044
Cn1cc2c(Cl)nc(N)nc2n1,5.0410
O=C(Cc1ccccc1)Nc1nc(Cl)c2cn(CCc3ccccc3)nc2n1,5.0655
O=C(c1ccccc1)N(C(=O)c1ccccc1)c1nc(Cl)c2cn(CCc3ccccc3)nc2n1,5.2676
CC(C)n1cc2c(Cl)nc(NC(=O)Cc3ccccc3)nc2n1,5.3279
CC(C)n1cc2c(Cl)nc(NC(=O)c3ccccc3)nc2n1,5.3372
CC(C)(C)Cn1cc2c(Cl)nc(N)nc2n1,5.3872
Nc1nc(Cl)c2cn(CCc3ccccc3)nc2n1,5.4318
CC(C)(C)Cn1cc2c(Cl)nc(NC(=O)c3ccccc3)nc2n1,5.4559
CC(C)n1cc2c(Cl)nc(N)nc2n1,5.4815
O=C(Nc1nc(Cl)c2cn(CCc3ccccc3)nc2n1)c1ccccc1,5.5086
CC(C)n1cc2c(Cl)nc(NC(=O)c3ccc(C(F)(F)F)cc3)nc2n1,5.5686
CC(C)(C)Cn1cc2c(Cl)nc(NC(=O)c3ccc(F)cc3)nc2n1,5.6576
Cc1ccc(C(=O)Nc2nc(Cl)c3cn(CC(C)(C)C)nc3n2)cc1,5.6778
O=C(Nc1nc(Cl)c2cn(CCc3ccccc3)nc2n1)c1ccc(F)cc1,5.6861
CC(C)n1cc2c(Cl)nc(NC(=O)c3ccc(F)cc3)nc2n1,5.7959
Cc1ccc(C(=O)Nc2nc(Cl)c3cn(C(C)C)nc3n2)cc1,5.9586
CC(C)n1cc2c(Cl)nc(N(C(=O)c3ccccc3)C(=O)c3ccccc3)nc2n1,6.0969
Cc1ccncc1-c1nn(C)c2nc(OCc3ccccn3)cnc12,5.2147
Cn1c(=O)c2[nH]c(Cc3ccc(OCCCN4CCC5(CC4)OCCO5)cc3)nc2n(C)c1=O,8.0921
Cn1c(=O)c2[nH]c(Cc3ccc(OCCCn4ccnc4)cc3)nc2n(C)c1=O,8.4989
CN(C)CCOc1ccc(-c2nc3c([nH]2)c(=O)n(C)c(=O)n3C)cc1,9.3979
Cn1c(=O)c2[nH]c(-c3ccc(OCCN4CCOCC4)cc3)nc2n(C)c1=O,9.5086
Cn1c(=O)c2[nH]c(-c3ccc(OCCC4CCNCC4)cc3)nc2n(C)c1=O,9.5376
CCN(CC)CCOc1ccc(-c2nc3c([nH]2)c(=O)n(C)c(=O)n3C)cc1,9.6021
Cn1c(=O)c2[nH]c(-c3ccc(OCCN4CCCC4)cc3)nc2n(C)c1=O,9.6990
Cn1c(=O)c2[nH]c(-c3ccc(OCCCN4CCN(Cc5ccccc5Cl)CC4)cc3)nc2n(C)c1=O,9.9208
Cn1c(=O)c2[nH]c(-c3ccc(OC4CCCC4)cc3)nc2n(C)c1=O,10.1427
Cn1c(=O)c2[nH]c(-c3ccc(OCCCCl)cc3)nc2n(C)c1=O,10.3468
Cn1c(=O)c2[nH]c(-c3ccc(OCCCn4ccnc4)cc3)nc2n(C)c1=O,10.3768
CCCCC#Cc1nc(NCc2cccc(Cl)c2)c2ncn([C@H]3[C@H](O)[C@H](O)[C@@H]4C[C@@H]43)c2n1,5.4802
CCCCC#Cc1nc(NCc2cccc(Br)c2)c2ncn([C@H]3[C@H](O)[C@H](O)[C@@H]4C[C@@H]43)c2n1,5.5017
CCCCC#Cc1nc(NCc2cccc(I)c2)c2ncn([C@H]3[C@H](O)[C@H](O)[C@@H]4C[C@@H]43)c2n1,5.5969
CCCCC#Cc1nc(NC2CCCC2)c2ncn([C@H]3[C@H](O)[C@H](O)[C@@H]4C[C@@H]43)c2n1,5.7545
CCCCC#Cc1nc(NC2CC2)c2ncn([C@H]3[C@H](O)[C@H](O)[C@@H]4C[C@@H]43)c2n1,5.6576
CCCCC#Cc1nc(NCC)c2ncn([C@H]3[C@H](O)[C@H](O)[C@@H]4C[C@@H]43)c2n1,5.5436
CCCCC#Cc1nc(NC)c2ncn([C@H]3[C@H](O)[C@H](O)[C@@H]4C[C@@H]43)c2n1,5.1255
CCCCC#Cc1nc(N)c2ncn([C@H]3[C@H](O)[C@H](O)[C@@H]4C[C@@H]43)c2n1,7.0000
CCc1cc2c(=O)c(-c3cscn3)coc2cc1O,5.8000
CCc1cc2c(=O)c(-c3csc(C)n3)coc2cc1O,7.3000
CCCc1cc2c(=O)c(-c3csc(C)n3)coc2cc1O,7.5000
CCOc1cc2occ(-c3nc(C)cs3)c(=O)c2cc1CC,7.3979
Cc1csc(-c2c(C)oc3cc(O)ccc3c2=O)n1,5.1000
CCCCCc1cc2c(=O)c(-c3nc(C)cs3)coc2cc1O,7.7001
CCCc1cc2c(=O)c(-c3nc(C)cs3)coc2cc1O,7.6000
CCc1cc2c(=O)c(-c3nc(C)cs3)coc2cc1O,7.1000
Cc1csc(-c2coc3cc(O)ccc3c2=O)n1,5.7000
Cc1csc(-c2coc3cccc(C)c3c2=O)n1,6.5000
C#CCCCOc1cc(C)c2c(=O)c(-c3nc(C)cs3)coc2c1,7.6000
Cc1csc(-c2coc3cc(OCC4CC4)cc(C)c3c2=O)n1,7.1000
CCOC(=O)COc1cc(C)c2c(=O)c(-c3nc(C)cs3)coc2c1,7.0000
Cc1csc(-c2coc3cc(OCCN(C)C)cc(C)c3c2=O)n1,5.8000
CNC(=O)[C@H]1O[C@@H](n2cnc3c(NCCc4ccccc4)nc(N)nc32)[C@H](O)[C@@H]1O,7.1000
CNC(=O)[C@H]1O[C@@H](n2cnc3c(NCc4cccc(I)c4)nc(N)nc32)[C@H](O)[C@@H]1O,6.6000
CNC(=O)[C@H]1O[C@@H](n2cnc3c(NCc4cccc(Cl)c4)nc(N)nc32)[C@H](O)[C@@H]1O,6.4000
CCNc1nc(NC2CCCC2)c2ncn([C@@H]3O[C@H](C(=O)NC)[C@@H](O)[C@H]3O)c2n1,6.3000
CNC(=O)[C@H]1O[C@@H](n2cnc3c(NCC(c4ccccc4)c4ccccc4)nc(N)nc32)[C@H](O)[C@@H]1O,6.1000
CNC(=O)[C@H]1O[C@@H](n2cnc3c(NC4CCCCC4)nc(N)nc32)[C@H](O)[C@@H]1O,6.1000
CNC(=O)[C@H]1O[C@@H](n2cnc3c(NC4CCCC4)nc(N)nc32)[C@H](O)[C@@H]1O,5.9000
CNC(=O)[C@H]1O[C@@H](n2cnc3c(NC4CCC4)nc(N)nc32)[C@H](O)[C@@H]1O,5.6000
CNC(=O)[C@H]1O[C@@H](n2cnc3c(NCc4ccccc4)nc(N)nc32)[C@H](O)[C@@H]1O,5.5000
CNC(=O)[C@H]1O[C@@H](n2cnc3c(NC4CCCC4)nc(NC)nc32)[C@H](O)[C@@H]1O,5.4000
CNC(=O)[C@H]1O[C@@H](n2cnc3c(NC4CCCC4)nc(N(C)C)nc32)[C@H](O)[C@@H]1O,5.3000
C[C@@H]1CCC[C@H](C)N1Cc1cc2c(N)nc(-c3ccco3)nc2s1,8.2757
Nc1nc(-c2ccco2)nc2sc(CN3CC=CCC3)cc12,8.1871
Nc1nc(-c2ccco2)nc2sc(CN3CCCC(F)(F)C3)cc12,8.1805
Nc1nc(-c2ccco2)nc2sc(CN3CC=CC3)cc12,8.1427
Nc1nc(-c2ccco2)nc2sc(CN3CCC(F)(F)C3)cc12,8.0605
Nc1nc(-c2ccc(Cl)o2)nc2sc(CN3CCCC(F)(F)C3)cc12,8.0410
Nc1nc(-c2ccco2)nc2sc(CN3CCSCC3)cc12,8.0362
Nc1nc(-c2ccc(Cl)o2)nc2sc(CN3CC=CC3)cc12,8.0000
Nc1nc(-c2ccco2)nc2sc(CN3CCC(F)C3)cc12,7.9872
Nc1nc(-c2ccc(Cl)o2)nc2sc(CN3CC=CCC3)cc12,7.9586
C[C@@H]1CCC[C@H](C)N1Cc1cc2c(N)nc(-c3ccc(Br)o3)nc2s1,7.9172
N#Cc1cccc(-c2nc(N)c3cc(CN4CC=CCC4)sc3n2)c1,7.8794
Nc1nc(-c2ccc(Cl)o2)nc2sc(CN3CCC(F)(F)C3)cc12,7.7986
CC(C)c1ccc(-c2nc(N)c3cc(CN4[C@H](C)CCC[C@@H]4C)sc3n2)o1,7.7696
Nc1nc(-c2ccco2)nc2sc(CN3CCC(F)CC3)cc12,7.7055
Nc1nc(-c2ccc(Cl)o2)nc2sc(CN3CCCC3)cc12,7.6536
Nc1nc(-c2ccc(Br)o2)nc2sc(CN3CCCC3)cc12,7.6478
CCc1ccc(-c2nc(N)c3cc(CN4[C@H](C)CCC[C@@H]4C)sc3n2)o1,7.5986
Cc1ccc(-c2nc(N)c3cc(CN4CCCC4)sc3n2)o1,7.5834
Nc1nc(-c2ccco2)nc2sc(CN3CCCCCC3)cc12,7.5591
Nc1nc(-c2ccco2)nc2sc(CN3CCCC3)cc12,7.5513
C[C@@H]1CCC[C@H](C)N1Cc1cc2c(N)nc(-c3ccc(C(F)F)o3)nc2s1,7.5436
Cc1ccc(-c2nc(N)c3cc(CN4CCCCC4)sc3n2)o1,7.5406
Nc1nc(-c2ccco2)nc2sc(CN3CCOCC3)cc12,7.5376
Nc1nc(-c2ccc(Br)o2)nc2sc(CN3CCOCC3)cc12,7.5229
Nc1nc(-c2ccc(C(F)F)o2)nc2sc(CN3CCOCC3)cc12,7.5114
Cc1ccc(-c2nc(N)c3cc(CN4CCOCC4)sc3n2)o1,7.4841
Nc1nc(-c2ccc(Cl)o2)nc2sc(CN3CCCCCC3)cc12,7.4763
Nc1nc(-c2ccco2)nc2sc(CNC3CC3)cc12,7.4437
N#Cc1cccc(-c2nc(N)c3cc(CN4CCOCC4)sc3n2)c1,7.4425
N#Cc1cccc(-c2nc(N)c3cc(CN4CCCC(F)(F)C4)sc3n2)c1,7.4089
Nc1nc(-c2ccc(C(F)F)o2)nc2sc(CN3CCC(F)CC3)cc12,7.3747
Nc1nc(-c2ccc(C(F)F)o2)nc2sc(CN3CCCC(F)(F)C3)cc12,7.3645
Nc1nc(-c2ccc(Cl)o2)nc2sc(CN3CCOCC3)cc12,7.3429
Nc1nc(-c2ccco2)nc2sc(CN3CCC(F)(F)CC3)cc12,7.3045
N#Cc1cccc(-c2nc(N)c3cc(CN4CCSCC4)sc3n2)c1,7.2933
N#Cc1cccc(-c2nc(N)c3cc(CN4CCC(F)CC4)sc3n2)c1,7.2644
CCN(CC)Cc1cc2c(N)nc(-c3ccco3)nc2s1,7.2557
C[C@@H]1CCC[C@H](C)N1Cc1cc2c(N)nc(-c3cccc(C#N)c3)nc2s1,7.1898
CCc1ccc(-c2nc(N)c3cc(CN4CCOCC4)sc3n2)o1,7.1029
N#Cc1ccc(-c2nc(N)c3cc(CN4CC=CC4)sc3n2)cc1,7.1013
N#Cc1cccc(-c2nc(N)c3cc(CN4CC=CC4)sc3n2)c1,7.0783
Cc1csc(-c2nc(N)c3cc(CN4[C@H](C)CCC[C@@H]4C)sc3n2)n1,7.0501
COc1cccc(-c2nc(N)c3cc(CN4CCCC(F)(F)C4)sc3n2)c1,7.0101
C[C@@H]1CCC[C@H](C)N1Cc1cc2c(N)nc(-c3ccc(C4CC4)o3)nc2s1,6.9586
Nc1nc(-c2cccs2)nc2sc(CN3CCCC3)cc12,6.9586
Nc1nc(-c2cccc(F)c2)nc2sc(CN3CCOCC3)cc12,6.9586
Nc1nc(-c2cccc(Cl)c2)nc2sc(CN3CCOCC3)cc12,6.9208
Nc1nc(-c2cccs2)nc2sc(CN3CCOCC3)cc12,6.9031
C[C@@H]1CCC[C@H](C)N1Cc1cc2c(N)nc(-c3ccon3)nc2s1,6.8861
CN(C)Cc1cc2c(N)nc(-c3ccco3)nc2s1,6.8539
C[C@@H]1CN(Cc2cc3c(N)nc(-c4cccc(C#N)c4)nc3s2)C[C@H](C)O1,6.8239
Nc1nc(-c2ccco2)nc2sc(CNC3CCCCC3)cc12,6.7696
N#Cc1ccc(-c2nc(N)c3cc(CN4CC=CCC4)sc3n2)cc1,6.7447
Cc1ccc(-c2nc(N)c3cc(CN4CCc5ccccc5C4)sc3n2)o1,6.6990
Cc1csc(-c2nc(N)c3cc(CN4CCOCC4)sc3n2)n1,6.6778
Nc1nc(-c2ccco2)nc2sc(CN3CCC(=O)CC3)cc12,6.6383
Nc1nc(-c2cocn2)nc2sc(CN3CC=CC3)cc12,6.6234
Nc1nc(-c2ncco2)nc2sc(CN3CC=CC3)cc12,6.6198
Nc1nc(-c2ncco2)nc2sc(CN3CC=CCC3)cc12,6.6198
Nc1nc(-c2cocn2)nc2sc(CN3CC=CCC3)cc12,6.6198
Nc1nc(-c2nccs2)nc2sc(CN3CCOCC3)cc12,6.6021
Nc1nc(-c2ccco2)nc2sc(CN3CCC(O)CC3)cc12,6.5229
COc1cccc(-c2nc(N)c3cc(CN4CCC(F)CC4)sc3n2)c1,6.5229
Nc1nc(-c2cc3ccccc3o2)nc2sc(CN3CCC(F)CC3)cc12,6.4559
Nc1nc(-c2cc(F)cc(F)c2)nc2sc(CN3CCOCC3)cc12,6.4559
Nc1nc(-c2ncco2)nc2sc(CN3CCOCC3)cc12,6.4437
Nc1nc(-c2ccc(F)c(F)c2)nc2sc(CN3CCOCC3)cc12,6.4437
COc1cccc(-c2nc(N)c3cc(CN4CCOCC4)sc3n2)c1,6.4318
N#Cc1ccc(-c2nc(N)c3cc(CN4CCC(F)CC4)sc3n2)cc1,6.4089
Nc1nc(-c2ccc(C(F)F)o2)nc2sc(CN3CCC(F)(F)CC3)cc12,6.2147
Nc1nc(-c2ccc(C3CC3)o2)nc2sc(CN3CCOCC3)cc12,6.0177
Nc1nc(-c2ccccc2)nc2sc(CN3CCOCC3)cc12,6.0022
Nc1nc(-c2ccon2)nc2sc(CN3CCOCC3)cc12,5.9957
N#Cc1ccccc1-c1nc(N)c2cc(CN3CCC(F)CC3)sc2n1,5.9872
Nc1nc(-c2cccc(C(F)(F)F)c2)nc2sc(CN3CC=CC3)cc12,5.9706
CN(C)C(=O)c1cccc(-c2nc(N)c3cc(CN4CCC(F)CC4)sc3n2)c1,5.6478
Nc1nc(-c2cccc([N+](=O)[O-])c2)nc2sc(CN3CCC(F)CC3)cc12,5.4248
Nc1nc(-c2ccc(Cl)o2)nc2sc(CN3CCC(F)CC3)cc12,7.4353
CCN(CC)CCN1CCN(C(=O)CCc2cccc(CSc3nc(N)c(C#N)c(-c4ccc(NC(C)=O)cc4)n3)n2)CC1,8.5229
O=C(NCCNC(=O)c1nc(NCC(c2ccccc2)c2ccccc2)c2ncn([C@@H]3O[C@H](CO)[C@@H](O)[C@H]3O)c2n1)NC1CCN(c2ccccn2)CC1,8.3979
COc1ccc(C2CCOCC2)c2oc(NC(=O)c3ccnc(N4CCOCC4)c3)nc12,7.6021
COc1cnc(N2CCOCC2)c2sc(NC(=O)c3ccc(F)cc3)nc12,8.3010
COc1ccc(N2CCOCC2)c2sc(NC(=O)N3CCC(C)(O)CC3)nc12,8.3010
CC1(C)CCCN(c2nnc(N)nc2-c2ccccc2)C1,7.3888
CC1CN(c2nnc(N)nc2-c2ccccc2)CC(C)O1,7.7932
O=C(c1ccc(C(=O)N2CCCCCC2)cc1)c1cnc2ccc(F)cn12,7.9208
COC[C@H]1CCCN1C(=O)c1ccc2c(-c3cnc4ccc(C#N)cn34)nn(C)c2c1,8.5229
O=C(c1ccc2c(-c3cnc4ccc(F)cn34)noc2c1)N1CCCCCC1,8.3979
C#CCn1c(Br)nc2c(N)nc(C#CCCCCCC)nc21,9.2518
Cc1ccc2ncc3nc(-c4ccccc4)nn3c2c1,5.6196
CCc1nc2c(=O)n(Cc3ccccc3)nc(C3CCCC3)c2c2cc(-c3ccccc3)nn12,6.1789
O=c1c2ncn3nc(-c4ccccc4)cc3c2c(C2CCCC2)nn1Cc1ccccc1,7.1221
O=c1c2ncn3nc(-c4ccccc4)cc3c2c(-c2ccsc2)nn1Cc1ccccc1,7.1599
Cc1nc2c(=O)n(Cc3ccccc3)nc(-c3cccs3)c2c2cc(-c3ccccc3)nn12,5.5858
O=c1c2ncn3nc(-c4ccccc4)cc3c2c(-c2cccs2)nn1Cc1ccccc1,7.2924
Nc1ncnc2cn(-c3ccccc3)nc12,6.3872
COc1ccccc1Cc1nc(N)c2nn(-c3ccccc3)cc2n1,6.6716
Nc1nc(Cc2ccccc2F)nc2cn(-c3ccccc3)nc12,6.8125
Nc1nc(Cc2ccccc2O)nc2cn(-c3ccccc3)nc12,7.0506
Nc1nc(Cc2cccc(O)c2)nc2cn(-c3ccccc3)nc12,6.2832
Nc1nc(CCCc2ccccc2)nc2cn(-c3ccccc3)nc12,7.2596
COc1ccccc1CCCc1nc(N)c2nn(-c3ccccc3)cc2n1,6.8153
COc1cccc(CCCc2nc(N)c3nn(-c4ccccc4)cc3n2)c1,6.8327
COc1ccc(CCCc2nc(N)c3nn(-c4ccccc4)cc3n2)cc1,6.1024
Nc1nc(CCCc2ccccc2O)nc2cn(-c3ccccc3)nc12,6.9914
Nc1nc(CCCc2cccc(O)c2)nc2cn(-c3ccccc3)nc12,6.8356
Nc1nc(CCCc2ccc(O)cc2)nc2cn(-c3ccccc3)nc12,6.1415
OC[C@H]1O[C@@H](n2cnc3c(NC4CC4c4ccccc4)nc(C#Cc4ccccc4)nc32)[C@H](O)[C@@H]1O,5.5969
CNC(=O)[C@@]12C[C@@H]1[C@@H](n1cnc3c(N)nc(C#Cc4ccccc4)nc31)[C@H](O)[C@@H]2O,5.9208
CCOC(=O)c1cnc(SC)n2nc(-c3ccco3)nc12,5.0223
CCOC(=O)c1cnc(NCc2ccc(OC)c(OC)c2)n2nc(-c3ccco3)nc12,6.9355
COc1ccc(CNc2ncc(C(=O)O)c3nc(-c4ccco4)nn23)cc1OC,5.2741
CNC(=O)c1cnc(NCc2ccc(OC)c(OC)c2)n2nc(-c3ccco3)nc12,7.5884
COc1ccc(CNc2ncc(C(=O)NCCc3ccccc3)c3nc(-c4ccco4)nn23)cc1OC,7.1858
CNC(=O)c1cnc(N)n2nc(-c3ccco3)nc12,7.8239
Nc1ncc(C(=O)NCCc2ccccc2)c2nc(-c3ccco3)nn12,7.9547
CCOC(=O)c1cnc(N)n2nc(-c3ccco3)nc12,8.4789
CNC(=O)c1cnc(NC(=O)Nc2ccccc2)n2nc(-c3ccco3)nc12,8.2396
CNC(=O)c1cnc(NC(=O)NC2CCCCC2)n2nc(-c3ccco3)nc12,5.8182
CNC(=O)c1cnc(NC(=O)Cc2ccccc2)n2nc(-c3ccco3)nc12,7.9066
O=C(Nc1ccccc1)Nc1ncc(C(=O)NCCc2ccccc2)c2nc(-c3ccco3)nn12,7.2890
O=C(Nc1ncc(C(=O)NCCc2ccccc2)c2nc(-c3ccco3)nn12)NC1CCCCC1,6.1118
O=C(Cc1ccccc1)Nc1ncc(C(=O)NCCc2ccccc2)c2nc(-c3ccco3)nn12,7.5513
CCOC(=O)c1cnc(NC(=O)Nc2ccccc2)n2nc(-c3ccco3)nc12,8.3170
C=C(OCC)c1cnc(NC(=O)NC2CCCCC2)n2nc(-c3ccco3)nc12,6.7375
CCOC(=O)c1cnc(NC(=O)Cc2ccccc2)n2nc(-c3ccco3)nc12,4.3696
O=C(Nc1ncc(C(=O)O)c2nc(-c3ccco3)nn12)NC1CCCCC1,4.6073
CCOC(=O)c1cnc(NC)n2nc(-c3ccco3)nc12,6.9830
CCNc1ncc(C(=O)OCC)c2nc(-c3ccco3)nn12,7.2984
CCCCCNc1ncc(C(=O)OCC)c2nc(-c3ccco3)nn12,7.3002
CCOC(=O)c1cnc(NC(C)C)n2nc(-c3ccco3)nc12,6.9872
CCCCC(CC)CNc1ncc(C(=O)OCC)c2nc(-c3ccco3)nn12,6.6676
CCOC(=O)c1cnc(NC2CC2)n2nc(-c3ccco3)nc12,7.4271
CCOC(=O)c1cnc(NC2CCCC2)n2nc(-c3ccco3)nc12,7.3625
CCOC(=O)c1cnc(NCC2CCCCC2)n2nc(-c3ccco3)nc12,6.9172
CCOC(=O)c1cnc(NCc2ccccc2)n2nc(-c3ccco3)nc12,7.4949
CCOC(=O)c1cnc(NCc2ccc(C)cc2)n2nc(-c3ccco3)nc12,6.9136
CCOC(=O)c1cnc(NCc2ccc(OC)cc2)n2nc(-c3ccco3)nc12,6.8477
CCOC(=O)c1cnc(NCc2ccc(F)cc2)n2nc(-c3ccco3)nc12,7.4056
CCOC(=O)c1cnc(NCc2ccc(Cl)cc2)n2nc(-c3ccco3)nc12,7.1355
CCOC(=O)c1cnc(NCc2ccc(C(F)(F)F)cc2)n2nc(-c3ccco3)nc12,6.6799
CCOC(=O)c1cnc(NCc2ccc(-c3ccccc3)cc2)n2nc(-c3ccco3)nc12,6.7282
CCOC(=O)c1cnc(NC(c2ccccc2)c2ccccc2)n2nc(-c3ccco3)nc12,6.4145
CCOC(=O)c1cnc(NC2CCC2)n2nc(-c3ccco3)nc12,7.5391
CCOC(=O)c1cnc(NC2CCCCCC2)n2nc(-c3ccco3)nc12,6.6289
C=C(CCC)C1=CC=C(CC2CCCCCCC2)C2C=C(C3=CC=CC3)C=C12,6.4547
CCOC(=O)c1cnc(N2CCCC2)n2nc(-c3ccco3)nc12,4.9914
CCOC(=O)c1cnc(N2CCCCC2)n2nc(-c3ccco3)nc12,5.0872
CCOC(=O)c1cnc(NCCOC)n2nc(-c3ccco3)nc12,6.5346
CCOC(=O)c1cnc(N(C)C)n2nc(-c3ccco3)nc12,5.1884
CCOC(=O)c1cnc(N2CCOCC2)n2nc(-c3ccco3)nc12,4.7545
CCOC(=O)c1cnc(NC2CCCCC2)n2nc(-c3ccco3)nc12,7.2299
CCOC(=O)c1cnc(NCC(C)C)n2nc(-c3ccco3)nc12,7.3526
CCOC(=O)c1cnc(NOC)n2nc(-c3ccco3)nc12,6.6778
CCNc1ncc(C(=O)O)c2nc(-c3ccco3)nn12,5.4342
CCCCCNc1ncc(C(=O)O)c2nc(-c3ccco3)nn12,4.5702
CC(C)Nc1ncc(C(=O)O)c2nc(-c3ccco3)nn12,5.1158
CCCCC(CC)CNc1ncc(C(=O)O)c2nc(-c3ccco3)nn12,4.4711
O=C(O)c1cnc(NC2CC2)n2nc(-c3ccco3)nc12,6.2248
O=C(O)c1cnc(NC2CCCC2)n2nc(-c3ccco3)nc12,4.4283
O=C(O)c1cnc(NCC2CCCCC2)n2nc(-c3ccco3)nc12,4.4698
O=C(O)c1cnc(NCc2ccccc2)n2nc(-c3ccco3)nc12,5.4365
Cc1ccc(CNc2ncc(C(=O)O)c3nc(-c4ccco4)nn23)cc1,5.9245
COc1ccc(CNc2ncc(C(=O)O)c3nc(-c4ccco4)nn23)cc1,4.9066
O=C(O)c1cnc(NCc2ccc(F)cc2)n2nc(-c3ccco3)nc12,5.1945
O=C(O)c1cnc(NCc2ccc(C(F)(F)F)cc2)n2nc(-c3ccco3)nc12,4.7447
O=C(O)[C@H]1CC[C@H](OC2CCN(c3ccc(-c4nc5cc(Cl)ccc5[nH]4)cn3)CC2)CC1,5.4559
O=C(O)[C@H]1CC[C@@H](OC2CCN(c3ccc(-c4nc5cc(C(F)(F)F)ccc5[nH]4)cn3)CC2)CC1,5.0969
O=C(O)[C@H]1CC[C@H](OC2CCN(c3ccc(-c4nc5cc(C(F)(F)F)ccc5[nH]4)cn3)CC2)CC1,5.3372
O=C(O)[C@H]1CC[C@H](OC2CCN(c3ccc(-c4nc5cc(F)ccc5[nH]4)cn3)CC2)CC1,5.0132
CCNC(=O)[C@H]1O[C@@H](n2cnc3c(N)nc(NCCc4ccc(CCC(=O)Nc5ccc(OC(C)=O)c([N+](=O)[O-])c5)cc4)nc32)[C@H](O)[C@@H]1O,8.2976
CCNC(=O)[C@H]1O[C@@H](n2cnc3c(N)nc(NCCc4ccc(CCC(=O)Nc5ccc(OC(=O)CCCCN=[N+]=[N-])c([N+](=O)[O-])c5)cc4)nc32)[C@H](O)[C@@H]1O,6.9311
CCNC(=O)[C@H]1O[C@@H](n2cnc3c(N)nc(NCCc4ccc(CCC(=O)Nc5ccc(OC(=O)CCCC[C@@H]6SC[C@@H]7NC(=O)N[C@@H]76)c([N+](=O)[O-])c5)cc4)nc32)[C@H](O)[C@@H]1O,5.4841
CCNC(=O)[C@H]1O[C@@H](n2cnc3c(N)nc(NCCc4ccc(CCC(=O)Nc5ccc(O)c([N+](=O)[O-])c5)cc4)nc32)[C@H](O)[C@@H]1O,6.5735
Nc1nc(N2CCCN(CCc3cccc4c3CC(=O)N4)CC2)nc2nc(-c3ccco3)nn12.O=C(O)C(F)(F)F,5.8300
Nc1nc(N2CCN(CCc3cccc4c3CC(=O)N4)CC2)nc2nc(-c3ccco3)nn12,7.2296
Nc1nc(NC2CCN(CCc3cccc4c3CC(=O)N4)CC2)nc2nc(-c3ccco3)nn12,5.8199
Nc1nc(NC2CCNCC2)nc2nc(-c3ccco3)nn12,5.0700
CC(C)(C)OC(=O)N1CCC(Nc2nc(N)n3nc(-c4ccco4)nc3n2)CC1,5.7600
CCCN(CCCCCCNc1nc(N)n2nc(-c3ccco3)nc2n1)CCc1cccc2c1CC(=O)N2,5.7500
CCCN(CCCNc1nc(N)n2nc(-c3ccco3)nc2n1)CCc1cccc2c1CC(=O)N2,6.0400
CN(CCCNc1nc(N)n2nc(-c3ccco3)nc2n1)CCc1cccc2c1CC(=O)N2,5.9500
CCCN(CCc1cccc2c1CC(=O)N2)c1nc(N)n2nc(-c3ccco3)nc2n1,7.4924
CCCN(CCCNc1nc(Oc2ccc(CCNc3nc(N)n4nc(-c5ccco5)nc4n3)cc2)nc(N2CCOCC2)n1)CCc1cccc2c1CC(=O)N2.O=CO,6.9204
Nc1nc(NCCc2ccc(Oc3nc(Cl)nc(N4CCOCC4)n3)cc2)nc2nc(-c3ccco3)nn12,6.8698
COC(=O)CCCCCCCCCCCNC(=O)CCCOc1ccc(CCNc2nc(N)n3nc(-c4ccco4)nc3n2)cc1,6.3598
CCCN(CCCNC(=O)CCCCCCCCCCCNC(=O)CCCOc1ccc(CCNc2nc(N)n3nc(-c4ccco4)nc3n2)cc1)CCc1cccc2c1CC(=O)N2.O=C(O)C(F)(F)F,5.9699
CCCN(CCCNC(=O)CCCCCCCNC(=O)CCCOc1ccc(CCNc2nc(N)n3nc(-c4ccco4)nc3n2)cc1)CCc1cccc2c1CC(=O)N2,7.3886
CCCN(CCCNC(=O)CCCNC(=O)CCCOc1ccc(CCNc2nc(N)n3nc(-c4ccco4)nc3n2)cc1)CCc1cccc2c1CC(=O)N2,6.9593
CCCN(CCCNC(=O)CCCOc1ccc(CCNc2nc(N)n3nc(-c4ccco4)nc3n2)cc1)CCc1cccc2c1CC(=O)N2.O=C(O)C(F)(F)F,7.7423
CCCN(CCCNC(=O)COc1ccc(CCNc2nc(N)n3nc(-c4ccco4)nc3n2)cc1)CCc1cccc2c1CC(=O)N2,7.2003
CCCN(CCCNC(=O)CCCC(=O)Oc1ccc(CCNc2nc(N)n3nc(-c4ccco4)nc3n2)cc1)CCc1cccc2c1CC(=O)N2,7.4530
CCOC(=O)c1c(NC(=O)c2sc(Nc3ccccc3)nc2N(C)C)sc2c1CCCC2,5.1904
CCOC(=O)c1c(NC(=O)c2sc(Nc3ccccc3)nc2-c2ccc(C)cc2)sc2c1CCCC2,4.5467
CCOC(=O)c1c(NC(=O)c2sc(Nc3ccc(C)cc3)nc2N(C)C)sc2c1CCCC2,4.7447
Cc1ccc(Nc2nc(N(C)C)c(C(=O)Nc3sc4c(c3C(N)=O)CCCC4)s2)cc1,4.6517
Cc1ccc(-c2nc(Nc3ccccc3)sc2C(=O)Nc2sc3c(c2C(N)=O)CCCC3)cc1,5.4634
Cc1ccc(Nc2nc(C)c(C(=O)Nc3sc4c(c3C#N)CCCC4)s2)cc1,5.2464
CCOC(=O)c1c(NC(=O)c2sc(Nc3ccc(OC)cc3)nc2N(C)C)sc(C(=O)OC)c1C,5.0150
CCOC(=O)c1c(NC(=O)c2sc(Nc3ccc(C)cc3)nc2N(C)C)sc(C(=O)OC)c1C,4.5751
CC(C)(O)CC(=O)Nc1ccc(C(=O)Nc2nccs2)cc1,5.9586
CC(C)(C)CC(=O)Nc1ccc(C(=O)Nc2nccs2)nc1,6.5229
CC(C)CCNc1ccc(C(=O)Nc2nccs2)cc1,6.1367
CC(CCN1CCOCC1)CC(=O)Nc1ccc(C(=O)Nc2nccs2)cc1,6.9586
CCN(CC)CCC(C)CC(=O)Nc1ccc(C(=O)Nc2nccs2)cc1,6.9586
CCN(CC)CCCCCCCC(=O)Nc1ccc(C(=O)Nc2nccs2)cc1,6.8861
CCN(CC)CCCCCC(=O)Nc1ccc(C(=O)Nc2nccs2)cc1,6.6198
CCN(CC)CCCCC(=O)Nc1ccc(C(=O)Nc2nccs2)cc1,6.0809
O=C(CC1CCCN1)Nc1ccc(C(=O)Nc2nccs2)cc1,5.1805
O=C(CC1CCCC1)Nc1ccc(C(=O)Nc2nccs2)cc1,7.1739
CCOC(=O)c1nc(NC(=O)c2ccc(F)cc2)nc2nn(CCc3ccccc3)cc12,5.2147
CCOC(=O)c1nc(NC(=O)c2ccccc2)nc2nn(CCc3ccccc3)cc12,5.4318
CCOC(=O)c1nc(NC(=O)c2ccc(F)cc2)nc2nn(CC(C)(C)C)cc12,5.2441
CCOC(=O)c1nc(NC(=O)c2ccc(C)cc2)nc2nn(C(C)C)cc12,5.6383
CCOC(=O)c1nc(NC(=O)c2ccc(F)cc2)nc2nn(C(C)C)cc12,5.5528
CCOC(=O)c1nc(NC(=O)c2ccccc2)nc2nn(C(C)C)cc12,5.4815
CCOC(=O)c1nc(NC(=O)c2ccc(C)cc2)nc2nn(C)cc12,4.9281
CCOC(=O)c1nc(NC(=O)c2ccc(F)cc2)nc2nn(C)cc12,4.9393
CCOC(=O)c1nc(NC(=O)c2ccccc2)nc2nn(C)cc12,4.7932
CCOC(=O)c1nc(N)nc2nn(CCc3ccccc3)cc12,5.3188
CCOC(=O)c1nc(N)nc2nn(CC(C)(C)C)cc12,5.3010
CCOC(=O)c1nc(N)nc2nn(C(C)C)cc12,5.5850
CCOC(=O)c1nc(N)nc2nn(C)cc12,5.6990
NC(=O)c1nc(N)nc2nn(CCc3ccccc3)cc12,4.8041
CC(C)n1cc2c(C(N)=O)nc(N)nc2n1,5.0362
Cn1cc2c(C(N)=O)nc(N)nc2n1,5.5229
CCOC(=O)c1nc(NC(=O)Cc2ccccc2)nc2nn(CCc3ccccc3)cc12,5.6198
CCOC(=O)c1nc(NC(=O)Cc2ccccc2)nc2nn(CC(C)(C)C)cc12,5.2441
CCOC(=O)c1nc(NC(=O)Cc2ccccc2)nc2nn(C(C)C)cc12,5.0555
CCOC(=O)c1nc(NC(=O)Cc2ccccc2)nc2nn(C)cc12,5.1367
CCOC(=O)c1nc(NC(=O)c2ccc(Br)cc2)nc2nn(CCc3ccccc3)cc12,5.3768
CCOC(=O)c1nc(NC(=O)c2ccc(C)cc2)nc2nn(CCc3ccccc3)cc12,5.2218
CCOC(=O)c1nc(NC(=O)c2ccc(C(F)(F)F)cc2)nc2nn(CCc3ccccc3)cc12,5.1249
CCn1nnc([C@H]2O[C@@H](n3cnc4c(N)ncnc43)[C@H](O)[C@@H]2O)n1,8.3588
CCn1nnc([C@H]2O[C@@H](n3cnc4c(N)nc(Cl)nc43)[C@H](O)[C@@H]2O)n1,7.6840
CCn1nnc([C@H]2O[C@@H](n3cnc4c(NC)ncnc43)[C@H](O)[C@@H]2O)n1,5.9380
CCn1nnc([C@H]2O[C@@H](n3cnc4c(NC)nc(Cl)nc43)[C@H](O)[C@@H]2O)n1,6.0492
CCn1nnc([C@H]2O[C@@H](n3cnc4c(NC5CC5)ncnc43)[C@H](O)[C@@H]2O)n1,7.3485
CCn1nnc([C@H]2O[C@@H](n3cnc4c(NC5CC5)nc(Cl)nc43)[C@H](O)[C@@H]2O)n1,7.4369
CCn1nnc([C@H]2O[C@@H](n3cnc4c(N[C@H]5C[C@@H]6CC[C@@H]5C6)ncnc43)[C@H](O)[C@@H]2O)n1,7.6517
CCn1nnc([C@H]2O[C@@H](n3cnc4c(N[C@H]5C[C@@H]6CC[C@@H]5C6)nc(Cl)nc43)[C@H](O)[C@@H]2O)n1,7.3390
CCn1nnc([C@H]2O[C@@H](n3cnc4c(NC5CCCO5)ncnc43)[C@H](O)[C@@H]2O)n1,6.9284
CCn1nnc([C@H]2O[C@@H](n3cnc4c(NC5CCCO5)nc(Cl)nc43)[C@H](O)[C@@H]2O)n1,6.7697
CCn1nnc([C@H]2O[C@@H](n3cnc4c(Nc5ccc(Cl)cc5F)ncnc43)[C@H](O)[C@@H]2O)n1,7.5932
CCn1nnc([C@H]2O[C@@H](n3cnc4c(Nc5ccc(Cl)cc5F)nc(Cl)nc43)[C@H](O)[C@@H]2O)n1,7.0962
CCn1nnc([C@H]2O[C@@H](n3cnc4c(NCc5ccccc5I)nc(Cl)nc43)[C@H](O)[C@@H]2O)n1,7.5052
CCNC(=O)[C@H]1O[C@@H](n2cnc3c(N)nc(NCCN4CCN(c5ccc(I)cc5)CC4)nc32)[C@H](O)[C@@H]1O,6.9215
CCNC(=O)[C@H]1O[C@@H](n2cnc3c(N)nc(NCCN4CCN(c5ccc(Br)cc5)CC4)nc32)[C@H](O)[C@@H]1O,7.4521
CCNC(=O)[C@H]1O[C@@H](n2cnc3c(N)nc(NCCN4CCN(c5ccc(Cl)cc5)CC4)nc32)[C@H](O)[C@@H]1O,7.5553
CCNC(=O)[C@H]1O[C@@H](n2cnc3c(N)nc(NCCN4CCN(c5ccc(F)cc5)CC4)nc32)[C@H](O)[C@@H]1O,6.9237
CCNC(=O)[C@H]1O[C@@H](n2cnc3c(N)nc(NCCN4CCN(CCc5ccccc5)CC4)nc32)[C@H](O)[C@@H]1O,5.8842
CCNC(=O)[C@H]1O[C@@H](n2cnc3c(N)nc(NCCN4CCN(Cc5ccccc5)CC4)nc32)[C@H](O)[C@@H]1O,6.1279
CCNC(=O)[C@H]1O[C@@H](n2cnc3c(N)nc(NCCCN4CCN(c5ccccc5)CC4)nc32)[C@H](O)[C@@H]1O,6.4919
CCNC(=O)[C@H]1O[C@@H](n2cnc3c(N)nc(NCCN4CCN(c5ccccc5)CC4)nc32)[C@H](O)[C@@H]1O,7.1503
CCNC(=O)[C@H]1O[C@@H](n2cnc3c(N)nc(NCCN4CCN(c5ccc(C(F)(F)F)cc5)CC4)nc32)[C@H](O)[C@@H]1O,7.3858
CCNC(=O)[C@H]1O[C@@H](n2cnc3c(N)nc(NCCN4CCN(c5ccc([N+](=O)[O-])cc5)CC4)nc32)[C@H](O)[C@@H]1O,7.5317
CCNC(=O)[C@H]1O[C@@H](n2cnc3c(N)nc(NCCN4CCN(c5ccc(C)cc5)CC4)nc32)[C@H](O)[C@@H]1O,7.0031
CCNC(=O)[C@H]1O[C@@H](n2cnc3c(N)nc(NCCN4CCN(c5ccc(OC)cc5)CC4)nc32)[C@H](O)[C@@H]1O,7.2871
CCNC(=O)[C@H]1O[C@@H](n2cnc3c(N)nc(NCCN4CCN(c5ccc(OCCOC)cc5)CC4)nc32)[C@H](O)[C@@H]1O,7.1638
CCNC(=O)[C@H]1O[C@@H](n2cnc3c(N)nc(NCCN4CCN(c5ccc(C(=O)O)cc5)CC4)nc32)[C@H](O)[C@@H]1O,7.4715
CCNC(=O)[C@H]1O[C@@H](n2cnc3c(N)nc(NCCN4CCN(c5ccc(CC(=O)O)cc5)CC4)nc32)[C@H](O)[C@@H]1O,7.0314
CCNC(=O)[C@H]1O[C@@H](n2cnc3c(N)nc(NCCN4CCN(c5cccc(Cl)c5)CC4)nc32)[C@H](O)[C@@H]1O,7.4878
CCNC(=O)[C@H]1O[C@@H](n2cnc3c(N)nc(NCCN4CCN(c5cccc(C(=O)O)c5)CC4)nc32)[C@H](O)[C@@H]1O,7.0825
CCNC(=O)[C@H]1O[C@@H](n2cnc3c(N)nc(NCCN4CCN(c5ccccc5F)CC4)nc32)[C@H](O)[C@@H]1O,8.0178
CCNC(=O)[C@H]1O[C@@H](n2cnc3c(N)nc(NCCN4CCN(c5ccccc5Cl)CC4)nc32)[C@H](O)[C@@H]1O,7.6797
CCNC(=O)[C@H]1O[C@@H](n2cnc3c(N)nc(NCCN4CCN(c5ccccc5C(F)(F)F)CC4)nc32)[C@H](O)[C@@H]1O,6.9592
CCNC(=O)[C@H]1O[C@@H](n2cnc3c(N)nc(NCCN4CCN(c5ccccc5OC)CC4)nc32)[C@H](O)[C@@H]1O,6.4816
CCNC(=O)[C@H]1O[C@@H](n2cnc3c(N)nc(NCCN4CCN(c5ccc(F)c(Cl)c5)CC4)nc32)[C@H](O)[C@@H]1O,7.4279
CCNC(=O)[C@H]1O[C@@H](n2cnc3c(N)nc(NCCN4CCN(c5ccc(Cl)c(Cl)c5)CC4)nc32)[C@H](O)[C@@H]1O,7.5026
CCNC(=O)[C@H]1O[C@@H](n2cnc3c(N)nc(NCCN4CCN(c5cc(Cl)cc(Cl)c5)CC4)nc32)[C@H](O)[C@@H]1O,7.3786
CCNC(=O)[C@H]1O[C@@H](n2cnc3c(N)nc(NCCN4CCN(c5cccc(F)c5F)CC4)nc32)[C@H](O)[C@@H]1O,8.1272
CCNC(=O)[C@H]1O[C@@H](n2cnc3c(N)nc(NCCN4CCN(c5ccc(Cl)cc5F)CC4)nc32)[C@H](O)[C@@H]1O,8.3156
CCNC(=O)[C@H]1O[C@@H](n2cnc3c(N)nc(NCCN4CCN(c5ccc(CC(=O)O)cc5Br)CC4)nc32)[C@H](O)[C@@H]1O,7.4693
CCNC(=O)[C@H]1O[C@@H](n2cnc3c(N)nc(N4CCN(c5ccc(OCCOC)cc5)CC4)nc32)[C@H](O)[C@@H]1O,6.1662
CCNC(=O)[C@H]1O[C@@H](n2cnc3c(N)nc(N4CCN(c5ccc(OCc6ccccc6)cc5)CC4)nc32)[C@H](O)[C@@H]1O,6.1278
CCNC(=O)[C@H]1O[C@@H](n2cnc3c(N)nc(N4CCN(c5ccc(OCc6ccc(Cl)cc6)cc5)CC4)nc32)[C@H](O)[C@@H]1O,7.3827
CCNC(=O)[C@H]1O[C@@H](n2cnc3c(N)nc(N4CCN(c5ccc(OCc6ccc(F)cc6)cc5)CC4)nc32)[C@H](O)[C@@H]1O,6.4967
CCNC(=O)[C@H]1O[C@@H](n2cnc3c(N)nc(N4CCN(c5ccc(OCc6ccc(C(F)(F)F)cc6)cc5)CC4)nc32)[C@H](O)[C@@H]1O,7.5200
CCNC(=O)[C@H]1O[C@@H](n2cnc3c(N)nc(N4CCN(c5ccc(OCCCc6ccccc6)cc5)CC4)nc32)[C@H](O)[C@@H]1O,7.6780
CCNC(=O)[C@H]1O[C@@H](n2cnc3c(N)nc(N4CCN(c5ccc(OCC(=O)OCC)cc5)CC4)nc32)[C@H](O)[C@@H]1O,7.2074
CCCC[C@H](NC(=O)[C@H]1CC[C@H]2c3[nH]c4ccccc4c3CCN2C1)C(=O)N[C@@H](Cc1ccc(F)cc1)C(=O)N1C[C@@H](N)C[C@H]1C(N)=O,4.8539
CCCC[C@H](NC(=O)CCCCCNC(=O)[C@H]1CC[C@H]2c3[nH]c4ccccc4c3CCN2C1)C(=O)N[C@@H](Cc1ccc(O)cc1)C(=O)N[C@@H](CCCCN)C(N)=O,4.7959
NCCCC[C@H](NC(=O)[C@H](Cc1c[nH]c2ccccc12)NC(=O)[C@@H]1CCCN1C(=O)CCCCCNC(=O)[C@H]1CC[C@@H]2c3[nH]c4ccccc4c3CCN2C1)C(N)=O,4.3565
NCCCC[C@H](NC(=O)[C@H](Cc1ccc(F)c(F)c1)NC(=O)[C@@H]1CCCN1C(=O)CCCCCNC(=O)[C@H]1CC[C@@H]2c3[nH]c4ccccc4c3CCN2C1)C(N)=O,4.4318
CCCC[C@H](NC(=O)[C@H]1CC[C@@H]2c3[nH]c4ccccc4c3CCN2C1)C(=O)N[C@@H](Cc1ccc(O)cc1)C(=O)N[C@@H](CCCCN)C(N)=O,4.2218
CCCC[C@H](NC(=O)CCCCCNC(=O)[C@H]1CC[C@@H]2c3[nH]c4ccccc4c3CCN2C1)C(=O)N[C@@H](Cc1c[nH]c2ccccc12)C(=O)N1C[C@@H](N)C[C@H]1C(N)=O,4.7447
CCCC[C@H](NC(=O)[C@H]1CC[C@@H]2c3[nH]c4ccccc4c3CCN2C1)C(=O)N[C@@H](Cc1c[nH]c2ccccc12)C(=O)N[C@@H](CCCCN)C(N)=O,5.0000
CCCC[C@H](NC(=O)[C@H]1CC[C@@H]2c3[nH]c4ccccc4c3CCN2C1)C(=O)N[C@@H](Cc1ccc(F)c(F)c1)C(=O)N[C@@H](CCCCN)C(N)=O,4.5850
CCCC[C@H](NC(=O)CCCCCNC(=O)[C@H]1CC[C@@H]2c3[nH]c4ccccc4c3CCN2C1)C(=O)N[C@@H](Cc1ccc(F)cc1)C(=O)N1C[C@@H](N)C[C@H]1C(N)=O,4.5686
CCCC[C@H](NC(=O)CCCCCNC(=O)[C@H]1CC[C@@H]2c3[nH]c4ccccc4c3CCN2C1)C(=O)N[C@@H](Cc1ccc(F)cc1)C(=O)N[C@@H](CCCCN)C(N)=O,4.9586
COc1cccc2c1nc(N)n1nc(CN3CCN(c4ccccn4)C[C@H]3C)nc21,7.4260
COc1cccc2c1nc(N)n1nc(CN3CCN(c4ccccc4)C[C@H]3C)nc21,7.9957
COc1cccc2c1nc(N)n1nc(CN3CCN(c4ccc(F)cn4)C[C@H]3C)nc21,7.8761
COc1cccc2c1nc(N)n1nc(CN3CCN(c4cccc(F)c4)C[C@H]3C)nc21,8.2757
COc1cccc2c1nc(N)n1nc(CN3CCN(c4ccccc4F)C[C@H]3C)nc21,8.0655
COc1cccc2c1nc(N)n1nc(CN3CCN(c4ccc(F)cc4)C[C@H]3C)nc21,8.2596
COc1cccc2c1nc(N)n1nc(CN3CCN(c4cccnc4)C[C@H]3C)nc21,7.3990
COc1cccc2c1nc(N)n1nc(CN3CCN(c4ccncc4)C[C@H]3C)nc21,7.0320
COc1cccc2c1nc(N)n1nc(CN3CCN(c4ncccn4)C[C@H]3C)nc21,7.5768
COc1ccccc1N1CCN(Cc2nc3c4cccc(OC)c4nc(N)n3n2)[C@H](C)C1,8.0506
COc1cccc(N2CCN(Cc3nc4c5cccc(OC)c5nc(N)n4n3)[C@H](C)C2)c1,8.1135
COc1ccc(N2CCN(Cc3nc4c5cccc(OC)c5nc(N)n4n3)[C@H](C)C2)cc1,8.3188
COc1cccc2c1nc(N)n1nc(CN3CCN(c4cnn(C)c4)C[C@H]3C)nc21,7.6091
COc1cccc2c1nc(N)n1nc(CN3CCN(c4ncc(C)s4)C[C@H]3C)nc21,7.6421
COc1cccc2c1nc(N)n1nc(CN3CCN(c4cnc(C)s4)C[C@H]3C)nc21,8.1739
COc1cccc2c1nc(N)n1nc(CN3CCN(c4sc(C)nc4C)C[C@H]3C)nc21,8.8539
COc1cccc2c1nc(N)n1nc(CN3CCN(c4nsnc4Cl)C[C@H]3C)nc21,8.2840
CCn1cc(N2CCN(Cc3nc4c5cccc(OC)c5nc(N)n4n3)[C@H](C)C2)cn1,7.6990
COc1cccc2c1nc(N)n1nc(CN3CCN(c4cnn(C(C)(C)C)c4)C[C@H]3C)nc21,8.0269
OC[C@H]1O[C@@H](n2cnc3c(NC4CCC[C@H]4OCc4ccc(F)cc4)ncnc32)[C@H](O)[C@@H]1O,5.5935
OC1CS[C@@H](n2cnc3c(NCc4cccc5ccccc45)nc(Cl)nc32)[C@H]1O,7.6055
OC[C@H]1OC(n2cnc3c(NC4CCC[C@@H]4OCc4cccc(F)c4)ncnc32)[C@H](O)[C@@H]1O,5.1349
CC(C)c1ccc(CO[C@H]2CCCC2Nc2ncnc3c2ncn3C2O[C@H](CO)[C@@H](O)[C@H]2O)cc1,4.9431
OC[C@H]1OC(n2cnc3c(NC4CCC[C@H]4OCc4ccccc4)ncnc32)[C@H](O)[C@@H]1O,6.3224
Cc1ccc(CO[C@H]2CCCC2Nc2ncnc3c2ncn3C2O[C@H](CO)[C@@H](O)[C@H]2O)cc1,5.5969
COc1ccccc1CNc1nc(Cl)nc2c1ncn2[C@@H]1SCC(O)[C@@H]1O,7.7011
CNc1nc(Cl)nc2c1ncn2[C@@H]1SCC(O)[C@@H]1O,8.4330
OC[C@H]1OC(n2cnc3c(NC4CCC[C@@H]4OCc4ccc(F)cc4)ncnc32)[C@H](O)[C@@H]1O,5.2565
OC[C@H]1O[C@@H](n2cnc3c(NC4CCC[C@H]4OCc4cccc(F)c4)ncnc32)[C@H](O)[C@@H]1O,6.3747
OC1CS[C@@H](n2cnc3c(NCc4cccc(Br)c4)ncnc32)[C@H]1O,7.2721
OC1CO[C@@H](n2cnc3c(NCc4cccc(I)c4)nc(Cl)nc32)[C@H]1O,7.3675
CC(C)c1ccc(CO[C@@H]2CCCC2Nc2ncnc3c2ncn3[C@@H]2O[C@H](CO)[C@@H](O)[C@H]2O)cc1,5.4225
OC1CS[C@@H](n2cnc3c(NCc4cccc(I)c4)ncnc32)[C@H]1O,7.6202
OC1CS[C@@H](n2cnc3c(NCc4cccc(Cl)c4)nc(Cl)nc32)[C@H]1O,8.7799
OC1CS[C@@H](n2cnc3c(NCc4cccc(F)c4)nc(Cl)nc32)[C@H]1O,8.1308
COc1cccc(CO[C@H]2CCCC2Nc2ncnc3c2ncn3C2O[C@H](CO)[C@@H](O)[C@H]2O)c1,5.5258
Cc1ccccc1CO[C@@H]1CCCC1Nc1ncnc2c1ncn2[C@@H]1O[C@H](CO)[C@@H](O)[C@H]1O,5.4724
OC1CS[C@@H](n2cnc3c(NCc4cccc(F)c4)ncnc32)[C@H]1O,7.0182
OC[C@H]1O[C@@H](n2cnc3c(NC4CCC[C@H]4OCc4cccc(I)c4)ncnc32)[C@H](O)[C@@H]1O,4.8069
OC[C@H]1OC(n2cnc3c(NC4CCC[C@@H]4OCc4cccc(I)c4)ncnc32)[C@H](O)[C@@H]1O,5.1656
Cc1cccc(CO[C@H]2CCCC2Nc2nc(Cl)nc3c2ncn3C2O[C@H](CO)[C@@H](O)[C@H]2O)c1,5.0283
COc1ccc(Cl)cc1CNc1nc(Cl)nc2c1ncn2[C@@H]1SCC(O)[C@@H]1O,6.6460
OC1CO[C@@H](n2cnc3c(NCc4cccc(Br)c4)nc(Cl)nc32)[C@H]1O,7.8861
Cc1cccc(C)c1CO[C@@H]1CCCC1Nc1ncnc2c1ncn2[C@@H]1O[C@H](CO)[C@@H](O)[C@H]1O,5.6440
Cc1ccccc1CO[C@H]1CCCC1Nc1ncnc2c1ncn2C1O[C@H](CO)[C@@H](O)[C@H]1O,5.2741
OC[C@H]1OC(n2cnc3c(NC4CCCCC4OCc4ccccc4)ncnc32)[C@H](O)[C@@H]1O,5.0111
OC1CS[C@@H](n2cnc3c(NCc4cccc(Cl)c4)ncnc32)[C@H]1O,7.5902
OC1CS[C@@H](n2cnc3c(NCc4cccc(Br)c4)nc(Cl)nc32)[C@H]1O,8.0462
OC1CS[C@@H](n2cnc3c(NCc4ccccc4Cl)nc(Cl)nc32)[C@H]1O,6.6921
OC1CS[C@@H](n2cnc3c(NCc4cccc(I)c4)nc(Cl)nc32)[C@H]1O,7.4241
COc1cccc(CO[C@@H]2CCCC2Nc2ncnc3c2ncn3[C@@H]2O[C@H](CO)[C@@H](O)[C@H]2O)c1,5.5575
Cl.N=C1N(CCCCc2ccccc2)C[C@@H]2Cc3ccccc3CN12,4.4559
Cl.N=C1N(Cc2ccccc2)C[C@@H]2Cc3ccccc3CN12,4.1938
O=C1[C@@H]2Cc3ccccc3CN2C(=O)N1Cc1ccccc1,4.3565
CCn1cnc2c(NCCc3ccccc3)ncnc21,5.8729
CCn1cnc2c(N)nc(NCCc3ccccc3)nc21,6.8239
CCCn1cnc2c(N)nc(NCc3ccccc3)nc21,5.8539
CCCn1c(Br)nc2c(N)nc(NCc3ccccc3)nc21,7.4437
CCCn1c(-c2ccco2)nc2c(N)nc(NCc3ccccc3)nc21,8.1805
CCCn1cnc2c(N)nc(NCCc3ccccc3)nc21,6.1319
CCCn1c(Br)nc2c(N)nc(NCCc3ccccc3)nc21,7.5686
CCCn1c(-c2ccco2)nc2c(N)nc(NCCc3ccccc3)nc21,7.8539
CCCn1cnc2c(N)nc(NCCCc3ccccc3)nc21,5.0405
CCCn1c(Br)nc2c(N)nc(NCCCc3ccccc3)nc21,6.5467
CCCn1c(-c2ccco2)nc2c(N)nc(NCCCc3ccccc3)nc21,6.9469
CCCn1cnc2c(NCc3ccccc3)ncnc21,4.6459
CCCn1c(Br)nc2c(NCc3ccccc3)ncnc21,5.9281
CCCn1c(-c2ccco2)nc2c(NCc3ccccc3)ncnc21,7.0969
CCCn1cnc2c(NCCc3ccccc3)ncnc21,4.9208
CCCn1c(Br)nc2c(NCCc3ccccc3)ncnc21,6.2984
CCCn1c(-c2ccco2)nc2c(NCCc3ccccc3)ncnc21,6.2620
CCCn1cnc2c(NCCCc3ccccc3)ncnc21,4.8861
CCCn1c(Br)nc2c(NCCCc3ccccc3)ncnc21,5.9914
CCCn1c(-c2ccco2)nc2c(NCCCc3ccccc3)ncnc21,6.7423
CC(Cc1ccccc1)Nc1nc(N)c2ncn([C@@H]3O[C@H](CO)[C@@H](O)[C@H]3O)c2n1,7.1947
CCn1nnc([C@H]2O[C@@H](n3cnc4c(N)nc(N[C@@H](C)Cc5ccc(OC)cc5)nc43)[C@H](O)[C@@H]2O)n1,7.6121
CCn1nnc([C@H]2O[C@@H](n3cnc4c(N)nc(NC(C)Cc5ccc(OC)cc5)nc43)[C@H](O)[C@@H]2O)n1,8.2872
CCn1nnc([C@H]2O[C@@H](n3cnc4c(N)nc(NC(C)Cc5ccc(C(F)(F)F)cc5)nc43)[C@H](O)[C@@H]2O)n1,7.7465
CCn1nnc([C@H]2O[C@@H](n3cnc4c(N)nc(NC(C)Cc5ccc(Br)cc5)nc43)[C@H](O)[C@@H]2O)n1,7.8349
CCn1nnc([C@H]2O[C@@H](n3cnc4c(N)nc(NC(C)Cc5ccc(Cl)cc5)nc43)[C@H](O)[C@@H]2O)n1,7.8839
CCn1nnc([C@H]2O[C@@H](n3cnc4c(N)nc(NC(C)Cc5ccc(F)cc5)nc43)[C@H](O)[C@@H]2O)n1,7.9748
CCn1nnc([C@H]2O[C@@H](n3cnc4c(N)nc(NC(C)Cc5ccccc5)nc43)[C@H](O)[C@@H]2O)n1,8.1503
CCn1nnc([C@H]2O[C@@H](n3cnc4c(N)nc(N(C)C)nc43)[C@H](O)[C@@H]2O)n1,5.4309
CCn1nnc([C@H]2O[C@@H](n3cnc4c(N)nc(NC(C)Cc5cccc(OC)c5)nc43)[C@H](O)[C@@H]2O)n1,7.6799
CCn1nnc([C@H]2O[C@@H](n3cnc4c(N)nc(N[C@H](C)Cc5ccc(Br)cc5)nc43)[C@H](O)[C@@H]2O)n1,7.9872
CCn1nnc([C@H]2O[C@@H](n3cnc4c(N)nc(N[C@H](C)Cc5ccccc5)nc43)[C@H](O)[C@@H]2O)n1,7.8794
CNC(=O)[C@@]12C[C@@H]1[C@@H](n1cnc3c(NCc4cccc(Cl)c4)nc(N=[N+]=[N-])nc31)[C@H](O)[C@@H]2O,5.5575
CNC(=O)[C@@]12C[C@@H]1[C@@H](n1cnc3c(NCCc4ccccc4)nc(N=[N+]=[N-])nc31)[C@H](O)[C@@H]2O,5.9547
O=C(Nc1nc(C2CC2)cs1)c1cc2ccccc2s1,5.5376
CC(C)Nc1nc(NC(=O)Cc2ccccc2)n2nc(-c3ccco3)nc2n1,6.4056
CNc1nc(NC(=O)Cc2ccccc2)n2nc(-c3ccco3)nc2n1,6.5229
O=C(Nc1nc(NCc2ccccc2)nc2nc(-c3ccco3)nn12)c1ccccc1,7.0214
O=C(Nc1nc(NC2CCCCC2)nc2nc(-c3ccco3)nn12)c1ccccc1,5.9914
CC(C)Nc1nc(NC(=O)c2ccccc2)n2nc(-c3ccco3)nc2n1,5.6676
CNc1nc(NC(=O)c2ccccc2)n2nc(-c3ccco3)nc2n1,6.7122
O=C(Nc1ccccc1)Nc1nc(NCc2ccccc2)nc2nc(-c3ccco3)nn12,8.8416
O=C(Nc1ccccc1)Nc1nc(NC2CCCCC2)nc2nc(-c3ccco3)nn12,8.1040
CC(C)Nc1nc(NC(=O)Nc2ccccc2)n2nc(-c3ccco3)nc2n1,7.0610
CNc1nc(NC(=O)Nc2ccccc2)n2nc(-c3ccco3)nc2n1,7.0017
Nc1nc(NCc2ccccc2)nc2nc(-c3ccco3)nn12,8.9547
Nc1nc(NC2CCCCC2)nc2nc(-c3ccco3)nn12,8.4486
CC(C)Nc1nc(N)n2nc(-c3ccco3)nc2n1,7.1884
CNc1nc(N)n2nc(-c3ccco3)nc2n1,7.3072
O=C(Cc1ccccc1)Nc1nc(NC2CCCCC2)nc2nc(-c3ccco3)nn12,7.6271
O=C(Cc1ccccc1)Nc1nc(NCc2ccccc2)nc2nc(-c3ccco3)nn12,8.2684
c1ccc(Oc2nc(NC3CCCCC3)n3nc(-c4ccco4)nc3n2)cc1,6.9469
c1ccc(CNc2nc(Oc3ccccc3)nc3nc(-c4ccco4)nn23)cc1,6.2518
Fc1ccc(CNc2nc(Oc3ccccc3)nc3nc(-c4ccco4)nn23)cc1,6.0434
CNc1nc(NC2CCCCC2)n2nc(-c3ccco3)nc2n1,6.8447
CC(C)Nc1nc(NC2CCCCC2)n2nc(-c3ccco3)nc2n1,6.4012
c1coc(-c2nc3nc(NC4CCCCC4)nc(NC4CCCCC4)n3n2)c1,6.7520
c1ccc(CNc2nc(NC3CCCCC3)n3nc(-c4ccco4)nc3n2)cc1,7.8182
CNc1nc(NCc2ccccc2)n2nc(-c3ccco3)nc2n1,6.7620
CC(C)Nc1nc(NCc2ccccc2)n2nc(-c3ccco3)nc2n1,6.4045
c1ccc(CNc2nc(NCc3ccccc3)n3nc(-c4ccco4)nc3n2)cc1,7.6904
CNc1nc(NCc2ccc(F)cc2)n2nc(-c3ccco3)nc2n1,6.6289
Fc1ccc(CNc2nc(NC3CCCCC3)nc3nc(-c4ccco4)nn23)cc1,6.9508
Fc1ccc(CNc2nc(NCc3ccccc3)nc3nc(-c4ccco4)nn23)cc1,7.6615
Fc1ccc(CNc2nc(NCc3ccc(F)cc3)n3nc(-c4ccco4)nc3n2)cc1,7.3605
Nc1nc(-c2cccs2)nc2cn(-c3ccccc3)nc12,6.9393
Nc1nc(-c2ccccc2)nc2cn(Cc3ccccc3)nc12,6.5229
Nc1cc(C(=O)NCc2cccc3cccnc23)c2ccccc2n1,6.0778
Nc1nc(C(=O)NCc2cccc3cccnc23)c2ccccc2n1,8.9586
Nc1nc(C(=O)NCc2cccc3cccnc23)c2cccc(F)c2n1,9.3010
Nc1nc(C(=O)NCc2cccc3cccnc23)c2ccc(F)cc2n1,9.5229
Nc1nc(C(=O)NCc2cccc3cccnc23)c2cc(F)ccc2n1,8.3565
Nc1nc(C(=O)NCc2cccc3cccnc23)c2cccc(Cl)c2n1,8.5229
Nc1nc(C(=O)NCc2cccc3cccnc23)c2cccc(Br)c2n1,9.1549
Nc1nc(C(=O)NCc2cccc3cccnc23)c2cccc(I)c2n1,8.5086
Nc1nc(C(=O)NCc2cccc3cccnc23)c2cccc(C(F)(F)F)c2n1,8.6383
CSc1cccc2c(C(=O)NCc3cccc4cccnc34)nc(N)nc12,8.1135
CS(=O)(=O)c1cccc2c(C(=O)NCc3cccc4cccnc34)nc(N)nc12,7.0655
N#Cc1cccc2c(C(=O)NCc3cccc4cccnc34)nc(N)nc12,8.1488
COc1cccc2c(C(=O)NCc3cccc4cccnc34)nc(N)nc12,9.6990
Nc1nc(C(=O)NCc2cccc3cccnc23)c2cccc(OC(F)(F)F)c2n1,9.6990
Cn1nccc1-c1cccc2c(C(=O)NCc3cccc4cccnc34)nc(N)nc12,5.9851
Nc1nc(C(=O)NCc2cccc3cccnc23)c2cccc(-c3cncnc3)c2n1,6.6660
Nc1nc(C(=O)NCc2cccc3cccnc23)c2cc(Cl)cc(Cl)c2n1,8.1805
Nc1nc(C(=O)NCc2cccc3cccnc23)c2cc(F)c(F)cc2n1,8.4437
Nc1nc(C(=O)NCc2ccccc2)c2cccc(F)c2n1,8.2676
Nc1nc(C(=O)NCC2CCCCC2)c2cccc(F)c2n1,7.3468
Cc1cccc(CNC(=O)c2nc(N)nc3c(F)cccc23)c1,8.0757
Cc1ccccc1CNC(=O)c1nc(N)nc2c(F)cccc12,7.8665
Nc1nc(C(=O)NCCc2ccccn2)c2cccc(F)c2n1,7.8539
Nc1nc(C(=O)NCCc2ccccc2)c2cccc(F)c2n1,6.7959
C[C@@H](NC(=O)c1nc(N)nc2c(F)cccc12)c1cccc2cccnc12,8.1739
C[C@H](NC(=O)c1nc(N)nc2c(F)cccc12)c1cccc2cccnc12,6.8996
Nc1nc(C(=O)NCc2cccc3ccccc23)c2cccc(F)c2n1,7.9957
Nc1nc(C(=O)NCc2cccc3c2NCCC3)c2cccc(F)c2n1,8.3210
Nc1nc(C(=O)NCc2cccc3c2OCCO3)c2cccc(F)c2n1,7.6990
Nc1nc(C(=O)NCc2cccc3c2OCCN3)c2cccc(F)c2n1,7.9716
Nc1nc(C(=O)NCc2cccc3[nH]cnc23)c2cccc(F)c2n1,7.6021
CCn1cnc2c(CNC(=O)c3nc(N)nc4c(F)cccc34)cccc21,8.5086
Nc1nc(C(=O)NCc2cccc3cc[nH]c23)c2cccc(F)c2n1,8.0862
Nc1nc(C(=O)NCc2cccc3c2C(=O)NC3)c2cccc(F)c2n1,8.7447
Nc1nc(C(=O)NCc2ccnc3ccccc23)c2cccc(F)c2n1,6.0329
Nc1nc(C(=O)NCc2cncc3ccccc23)c2cccc(F)c2n1,7.5735
Nc1nc(C(=O)NCc2nccc3ccccc23)c2cccc(F)c2n1,8.1772
Nc1nc(C(=O)NCc2ccc3ccccc3n2)c2cccc(F)c2n1,7.8239
COc1ccnc2c(CNC(=O)c3nc(N)nc4c(F)cccc34)cccc12,7.8182
CCOc1ccnc2c(CNC(=O)c3nc(N)nc4c(F)cccc34)cccc12,7.1355
CCCCOc1ccnc2c(CNC(=O)c3nc(N)nc4c(F)cccc34)cccc12,6.6108
Nc1nc(C(=O)NCc2cccc3c(C(=O)N4CCN(c5ccccc5)CC4)ccnc23)c2cccc(F)c2n1,5.8136
CN(CCCc1ccccn1)C(=O)c1cnc2c(CNC(=O)c3nc(N)nc4c(F)cccc34)cccc2c1,7.9208
Nc1nc(C(=O)NCc2cccc3cc(C(=O)NCCCCCc4ccccc4)cnc23)c2cccc(F)c2n1,8.1612
Nc1nc(C(=O)NCc2cccc3cc(C(=O)N4CCCc5ccccc54)cnc23)c2cccc(F)c2n1,8.3565
COCCOc1ccc(N2CCN(C(=O)c3cnc4c(CNC(=O)c5nc(N)nc6c(F)cccc56)cccc4c3)CC2)cc1,8.3188
Nc1nc(C(=O)NCc2cccc3cc(C(=O)N4CCN(c5ccccn5)CC4)cnc23)c2cccc(F)c2n1,8.5686
CCNC(=O)[C@H]1O[C@@H](n2cnc3c(N[C@@H]4CCC[C@H]4OCc4ccccc4)ncnc32)[C@H](O)[C@@H]1O,4.8000
CCNC(=O)[C@H]1O[C@@H](n2cnc3c(N[C@@H]4CCC[C@H]4O)ncnc32)[C@H](O)[C@@H]1O,5.2400
CCNC[C@H]1O[C@@H](n2cnc3c(N)ncnc32)[C@H](O)[C@@H]1O,7.6990
COC(=O)N1CCC(CC#Cc2nc(N)c3ncn([C@@H]4O[C@H](C(=O)NC5CC5)[C@@H](O)[C@H]4O)c3n2)CC1,9.1549
CCCCCCC#Cc1nc(N)c2ncn([C@@H]3O[C@H](CO)[C@@H](O)[C@H]3O)c2n1,7.4976
N#CCCCCC#Cc1nc(N)c2ncn([C@@H]3O[C@H](CO)[C@@H](O)[C@H]3O)c2n1,7.3072
COc1ccccc1-n1cc2nc(CCCc3ccccc3)nc(N)c2n1,6.1891
Nc1nc(CCCc2ccccc2)nc2cn(-c3ccccc3O)nc12,6.6198
Nc1nc(-c2ccco2)nc2cn(-c3ccccc3)nc12,6.7100
Cc1ccc(-c2nc(N)c3nn(Cc4cccc(O)c4)cc3n2)o1,7.8539
Cc1ccc(-c2nc(N)c3nn(Cc4ccccc4O)cc3n2)o1,7.4202
Cc1ccc(-c2nc(N)c3nn(Cc4ccccc4Cl)cc3n2)o1,8.2069
Cc1ccc(-c2nc(N)c3nn(Cc4cccc(F)c4)cc3n2)o1,7.2924
Cc1ccc(-c2nc(N)c3nn(Cc4ccccc4F)cc3n2)o1,7.2441
COc1cccc(Cn2cc3nc(-c4ccc(C)o4)nc(N)c3n2)c1,8.2357
COc1ccccc1Cn1cc2nc(-c3ccc(C)o3)nc(N)c2n1,8.4014
Cc1ccc(-c2nc(N)c3nn(Cc4ccccc4)cc3n2)o1,7.9985
Nc1nc(-c2ccco2)nc2cn(Cc3ccccc3O)nc12,7.7696
COc1ccccc1Cn1cc2nc(-c3ccco3)nc(N)c2n1,8.2385
Nc1nc(-c2ccco2)nc2cn(Cc3ccccc3)nc12,6.4949
Nc1nc(-c2cccs2)nc2cn(-c3ccccc3O)nc12,6.3851
Cc1ccc(-c2nc(N)c3nn(-c4ccccc4O)cc3n2)o1,6.8327
COc1ccccc1-n1cc2nc(-c3ccc(C)o3)nc(N)c2n1,6.2857
Cc1ccc(-c2nc(N)c3nn(-c4ccccc4)cc3n2)o1,7.0044
Nc1nc(-c2ccco2)nc2cn(-c3ccccc3O)nc12,7.0506
COc1ccccc1-n1cc2nc(-c3ccco3)nc(N)c2n1,6.4413
CC(=O)Oc1cccc2cc(-c3cccs3)c(=O)oc12,4.7258
CC(=O)Oc1cccc2cc(-c3ccsc3)c(=O)oc12,4.8327
CC(=O)Oc1ccc2cc(-c3ccsc3)c(=O)oc2c1OC(C)=O,4.6861
O=c1oc2c(O)cccc2cc1-c1cccs1,5.1261
O=c1oc2c(O)c(O)ccc2cc1-c1cccs1,5.0009
O=c1oc2c(O)cccc2cc1-c1ccsc1,5.0057
O=c1oc2c(O)c(O)ccc2cc1-c1ccsc1,4.8327
O=c1oc2c(O)c(O)ccc2cc1-c1cc(Br)cs1,4.9136
Cl.NC(N)=NC(=O)c1nc(Cl)c(NCCc2ccc3c(c2)OCO3)nc1N,5.2518
CCOc1ccc(CCNc2nc(N)c(C(=O)N=C(N)N)nc2Cl)cc1.O=C(O)C(F)(F)F,5.4685
N=C(N)NC(=O)c1nc(Cl)c(N2CCCCCC2)nc1N,5.2924
COc1ccc(CCNc2nc(N)c(C(=O)N=C(N)N)nc2Cl)cc1.Cl,5.3565
COc1cccc(CCNc2nc(N)c(C(=O)N=C(N)N)nc2Cl)c1.Cl,5.0915
Clc1ncnc2sc(Nc3ccccc3)nc12,5.8182
Clc1ccc(Nc2nc3c(Cl)ncnc3s2)cc1,5.5702
COc1ccc(Nc2nc3c(Cl)ncnc3s2)cc1,5.4473
Cc1ccc(Nc2nc3c(Cl)ncnc3s2)cc1,5.3072
Fc1cccc(F)c1Nc1nc2c(Cl)ncnc2s1,5.0910
Clc1ncnc2sc(Nc3cccc(Br)c3)nc12,5.5287
COc1cc(Nc2nc3c(Cl)ncnc3s2)cc(OC)c1OC,5.9788
O=C(Nc1nc2c(Cl)ncnc2s1)c1ccccc1,5.8239
S=C(NCc1ccccc1)N(Cc1ccccc1)c1nc2c(Cl)ncnc2s1,5.7282
CCN(CC)c1ncnc2sc(Nc3ccccc3)nc12,5.6556
CN(C)c1ncnc2sc(Nc3ccccc3)nc12,5.8962
CCN(CC)c1ncnc2sc(Nc3ccc(Cl)cc3)nc12,4.9508
c1ccc(Nc2nc3c(N4CCOCC4)ncnc3s2)cc1,6.4776
c1ccc(Nc2nc3c(N4CCCCC4)ncnc3s2)cc1,6.0088
CN1CCN(c2ncnc3sc(Nc4ccccc4)nc23)CC1,5.5467
c1ccc(Nc2nc3c(N4CCNCC4)ncnc3s2)cc1,5.0414
CCN1CCN(c2ncnc3sc(Nc4ccccc4)nc23)CC1,5.0762
Clc1ccc(Nc2nc3c(N4CCOCC4)ncnc3s2)cc1,5.8539
Clc1ccc(Nc2nc3c(N4CCCCC4)ncnc3s2)cc1,4.8794
c1ccc(Nc2nc3c(N4CCCC4)ncnc3s2)cc1,6.4547
OC[C@@H]1CCCN1c1ncnc2sc(Nc3ccccc3)nc12,6.6990
Clc1ccc(Nc2nc3c(N4CCCC4)ncnc3s2)cc1,5.6861
OC[C@@H]1CCCN1c1ncnc2sc(Nc3ccc(Cl)cc3)nc12,6.3316
COc1ccc(Nc2nc3c(N4CCC[C@H]4CO)ncnc3s2)cc1,5.9547
Cc1ccc(Nc2nc3c(N4CCCC4)ncnc3s2)cc1,6.0114
Cc1ccc(Nc2nc3c(N4CCC[C@H]4CO)ncnc3s2)cc1,6.5045
O=[N+]([O-])c1ccc(Nc2nc3c(N4CCCC4)ncnc3s2)cc1,5.4976
Fc1cccc(F)c1Nc1nc2c(N3CCCC3)ncnc2s1,5.6459
OC[C@@H]1CCCN1c1ncnc2sc(Nc3c(F)cccc3F)nc12,5.4868
Brc1cccc(Nc2nc3c(N4CCCC4)ncnc3s2)c1,6.6108
OC[C@@H]1CCCN1c1ncnc2sc(Nc3cccc(Br)c3)nc12,6.8153
COc1cc(Nc2nc3c(N4CCCC4)ncnc3s2)cc(OC)c1OC,6.9914
COc1cc(Nc2nc3c(N4CCC[C@H]4CO)ncnc3s2)cc(OC)c1OC,6.4815
CCCn1c(=O)c2c(nc3n2CCCN3c2ccc(OCCN3CCCC3)cc2)n(CCC)c1=O,5.6234
CCCCn1c(=O)c2c(nc3n2CCCN3c2ccc(OCCN(C)C)cc2)n(CCCC)c1=O,5.9872
CCCCn1c(=O)c2c(nc3n2CCCN3c2ccc(OCCN(CC)CC)cc2)n(CCCC)c1=O,5.9957
CCCCn1c(=O)c2c(nc3n2CCCN3c2ccc(OCCN3CCCC3)cc2)n(CCCC)c1=O,6.1765
CCCCn1c(=O)c2c(nc3n2CCCN3c2ccc(OCCN3CCCCC3)cc2)n(CCCC)c1=O,6.0357
CCN(CC)CCOc1ccc(CCN2CCCn3c2nc2c3c(=O)n(C)c(=O)n2C)cc1,6.2949
CCn1c(=O)c2c(nc3n2CCCN3CCc2ccc(O)cc2)n(CC)c1=O,5.6615
CCCCn1c(=O)c2c(nc3n2CCCN3CCc2ccc(OCCN(CC)CC)cc2)n(CCCC)c1=O,6.2628
OC[C@@]12C[C@@H]1[C@@H](n1cnc3c(NC(C4CC4)C4CC4)nc(Cl)nc31)[C@H](O)[C@@H]2O,5.6576
CCC(CC)Nc1nc(Cl)nc2c1ncn2[C@H]1[C@H](O)[C@H](O)[C@]2(CO)C[C@H]12,5.7570
CC[C@@H](Nc1nc(Cl)nc2c1ncn2[C@H]1[C@H](O)[C@H](O)[C@]2(CO)C[C@H]12)C1CC1,5.7258
CC[C@H](Nc1nc(Cl)nc2c1ncn2[C@H]1[C@H](O)[C@H](O)[C@]2(CO)C[C@H]12)C1CC1,5.5302
CC(C)[C@@H](Nc1nc(Cl)nc2c1ncn2[C@H]1[C@H](O)[C@H](O)[C@]2(CO)C[C@H]12)C1CC1,5.6576
CC(C)[C@H](Nc1nc(Cl)nc2c1ncn2[C@H]1[C@H](O)[C@H](O)[C@]2(CO)C[C@H]12)C1CC1,5.8182
OC[C@@]12C[C@@H]1[C@@H](n1cnc3c(N[C@H](C4CCC4)C4CC4)nc(Cl)nc31)[C@H](O)[C@@H]2O,5.5702
OC[C@@]12C[C@@H]1[C@@H](n1cnc3c(N[C@@H](C4CCC4)C4CC4)nc(Cl)nc31)[C@H](O)[C@@H]2O,5.4045
CNC(=O)[C@@]12C[C@@H]1[C@@H](n1cnc3c(NC(C4CC4)C4CC4)nc(Cl)nc31)[C@H](O)[C@@H]2O,5.3645
CCOC(=O)[C@@]12C[C@@H]1[C@@H](n1cnc3c(NC(C4CC4)C4CC4)nc(Cl)nc31)[C@H](O)[C@@H]2O,5.8041
CCn1nc(-c2cccc(-c3ccc(CC(=O)NCCCCCCCN(C)CCO)cc3)c2)cc(NC(=O)Nc2c(Cl)cncc2Cl)c1=O,7.0655
CCn1nc(-c2cccc(-c3cccc(CC(=O)NCCCCCCCN(C)CCO)c3)c2)cc(NC(=O)Nc2c(Cl)cncc2Cl)c1=O,7.2291
CCn1nc(-c2cccc(-c3cccc(C(=O)NCCCCCCCN(C)CCO)c3)c2)cc(NC(=O)Nc2c(Cl)cncc2Cl)c1=O,7.3872
CCn1nc(-c2cccc(-c3ccc(CC(=O)NCCN4CCCCC4)cc3)c2)cc(NC(=O)Nc2c(Cl)cncc2Cl)c1=O,6.9788
CCn1nc(-c2cccc(-c3cccc(C(=O)NCCC4CCCN4C)c3)c2)cc(NC(=O)Nc2c(Cl)cncc2Cl)c1=O,8.3010
CCn1nc(-c2cccc(-c3cccc(C(=O)NCCN4CCOCC4)c3)c2)cc(NC(=O)Nc2c(Cl)cncc2Cl)c1=O,7.4815
CCn1nc(-c2cccc(-c3cccc(C(=O)NCCN4CCNCC4)c3)c2)cc(NC(=O)Nc2c(Cl)cncc2Cl)c1=O,8.0458
CCn1nc(-c2cccc(-c3cccc(C(=O)NCCN4CCCCC4)c3)c2)cc(NC(=O)Nc2c(Cl)cncc2Cl)c1=O,7.6576
CCn1nc(-c2cccc(-c3cccc(C(=O)NCCN(C)C)c3)c2)cc(NC(=O)Nc2c(Cl)cncc2Cl)c1=O,7.5528
CCn1nc(-c2cccc(-c3cccc(C(=O)NC4CC4)c3)c2)cc(NC(=O)Nc2c(Cl)cncc2Cl)c1=O,7.4815
CCn1nc(-c2cccc(-c3cccc(CC(=O)O)c3)c2)cc(NC(=O)Nc2c(Cl)cncc2Cl)c1=O,6.3625
CCn1nc(-c2cccc(-c3cccc(C(=O)O)c3)c2)cc(NC(=O)Nc2c(Cl)cncc2Cl)c1=O,6.5686
CCn1nc(-c2cccc(-c3cncc(O)c3)c2)cc(NC(=O)Nc2c(Cl)cncc2Cl)c1=O,6.4776
CCn1nc(-c2cccc(-c3cccc(O)c3)c2)cc(NC(=O)Nc2c(Cl)cncc2Cl)c1=O,6.7747
[2H]C([2H])(NC(=O)c1nc(N)nc2c(OC)cccc12)c1cccc(C([2H])([2H])c2cncc(OCCOC)c2)n1,8.6990
COc1cccc2c(C(=O)NCc3cccc(Cc4cccnc4)n3)nc(N)nc12,8.3010
CC(C)OCc1cccc(CNC(=O)c2nc(N)nc3c(F)cccc23)n1,9.0000
Nc1nc(C(=O)NCc2cccc(CO)n2)c2cccc(F)c2n1,8.0177
COc1cccc2c(C(=O)NCc3cccc(COC4CCCC4)n3)nc(N)nc12,9.3010
COc1cccc2c(C(=O)NCc3cccc(COc4ccccc4F)n3)nc(N)nc12,9.6990
COc1cccc2c(C(=O)N[C@H]3CCCc4cccnc43)nc(N)nc12,6.7447
COc1cccc2c(C(=O)NCc3cccc(F)n3)nc(N)nc12,8.8239
COc1cccnc1CNC(=O)c1nc(N)nc2c(OC)cccc12,8.5229
COc1ccc(CNC(=O)c2nc(N)nc3c(OC)cccc23)nc1,8.1079
COc1cccc(CNC(=O)c2nc(N)nc3c(OC)cccc23)n1,9.0969
COc1cccc2c(C(=O)NCc3cccc(C(F)(F)F)n3)nc(N)nc12,9.3979
COc1cccc2c(C(=O)NCc3cccc(C)n3)nc(N)nc12,9.3010
COc1cccc2c(C(=O)NCc3cccc(CO)n3)nc(N)nc12,8.3372
COc1cccc2c(C(=O)NCc3cccc(C(C)(C)O)n3)nc(N)nc12,9.3979
COc1cccc2c(C(=O)NCc3cccc(C4CCC4)n3)nc(N)nc12,9.6990
COc1cccc2c(C(=O)NCc3cccc(C(C)C)n3)nc(N)nc12,9.6990
COc1cccc2c(C(=O)NCc3nc(C(C)(C)O)ccc3C)nc(N)nc12,9.2218
COc1ccc(C(C)(C)O)nc1CNC(=O)c1nc(N)nc2c(OC)cccc12,8.0000
Nc1ncc(-c2ccc(O)c(Cl)c2)c(-c2ccccc2)n1,8.8861
Nc1ncc(-c2ccc(O)c(O)c2)c(-c2ccccc2)n1,8.3279
Nc1ncc(-c2ccc(O)cc2)c(-c2ccccc2)n1,8.8861
Nc1ncc(-c2ccc3ccccc3c2)c(-c2ccccc2)n1,6.8894
Nc1ncc(-c2ccnc(C3CC3)c2)c(-c2ccccc2)n1,7.4437
Nc1ncc(-c2ccncc2)c(-c2ccccc2)n1,6.9666
Nc1ncc(-c2cccc(C(F)(F)F)c2)c(-c2ccccc2)n1,7.0088
COc1ccc(-c2cnc(N)nc2-c2ccccc2)cc1Cl,6.6003
COc1cccc(-c2cnc(N)nc2-c2ccccc2)c1,6.8125
Nc1ncc(-c2cccc(Cl)c2)c(-c2ccccc2)n1,6.9208
Oc1ccc(-c2cnc(N[C@H]3CC[C@H](O)CC3)nc2-c2ccccc2)cc1Cl,8.1281
O[C@H]1CC[C@H](Nc2ncc(-c3ccnc(C4CC4)c3)c(-c3ccccc3)n2)CC1,7.1871
O[C@H]1CC[C@H](Nc2ncc(-c3ccc4ccccc4c3)c(-c3ccccc3)n2)CC1,5.8604
Nc1nc(NCCc2ccc(O)cc2)nc2sc(-c3ccco3)nc12,7.6778
COc1ccc(CCNc2nc(N)c3nc(-c4ccco4)sc3n2)cc1,7.4949
Nc1nc(NCCc2ccccc2)nc2sc(-c3ccco3)nc12,7.5229
COc1cccc(CCNc2nc(N)c3nc(-c4ccco4)sc3n2)c1,7.7696
Nc1nc(NCCc2cccc(O)c2)nc2sc(-c3ccco3)nc12,7.7959
COc1ccc(CCNc2nc(N)c3nc(-c4ccco4)sc3n2)cc1OC,7.0410
Nc1nc(NCCc2ccc(O)c(O)c2)nc2sc(-c3ccco3)nc12,7.3979
Nc1nc(NCCCc2ccccc2)nc2sc(-c3ccco3)nc12,7.2366
Nc1nc(Nc2ccccc2)nc2sc(-c3ccco3)nc12,6.1068
Nc1nc(NCc2ccccc2)nc2sc(-c3ccco3)nc12,7.6576
COc1ccc(CNc2nc(N)c3nc(-c4ccco4)sc3n2)cc1,6.7670
Nc1nc(NCc2cccc(O)c2)nc2sc(-c3ccco3)nc12,7.6576
Nc1nc(NCc2cccc(F)c2)nc2sc(-c3ccco3)nc12,9.0862
CCCNc1nc(N)c2nc(-c3ccco3)sc2n1,7.7696
CCCCNc1nc(N)c2nc(-c3ccco3)sc2n1,8.0857
COc1ccccc1CNc1nc(N)c2nc(-c3ccco3)sc2n1,11.7212
COc1cccc(CNc2nc(N)c3nc(-c4ccco4)sc3n2)c1,11.0809
Nc1nc(NCCN2CCC(c3ccccc3)CC2)nc2nc(-c3ccco3)nn12,8.0122
Nc1nc(NCCN2CCN(c3ccc(F)cc3F)CC2)nc2nc(-c3ccco3)nn12,9.3426
Nc1nc(NCCCN2CCN(c3ccccc3)CC2)nc2nc(-c3ccco3)nn12,7.9487
CN1CCN(CCNc2nc(N)n3nc(-c4ccco4)nc3n2)CC1,7.1433
CCCn1c(=O)n(CC)c(=O)c2[nH]c(-c3ccc(OCC(=O)NCCN)cc3)nc21,7.9333
CCCn1c(=O)c2nc(C34CC5CC(CC3C5)C4)[nH]c2n(CCC)c1=O,6.9666
CCCCn1c(=O)c2[nH]c(C34CC5CC(CC3C5)C4)nc2n(CCCO)c1=O,7.3101
Nc1nc(-n2cccn2)nc(-n2cccn2)c1Br,7.7614
Nc1nc(-n2cccn2)nc(N2CCCC2)c1Br,7.9586
Nc1nc(-n2cccn2)nc(NC2CCCC2)c1Br,8.2218
Nc1nc(-n2cccn2)nc(N2CCCCC2)c1Br,7.8539
Nc1nc(-n2cccn2)nc(NC2CC2)c1Br,7.4833
Nc1nc(-n2cccn2)nc(N2CCC2)c1Br,7.4815
Nc1nc(-n2cccn2)nc(NC2CCC2)c1Br,7.6778
CN(C)c1nc(-n2cccn2)nc(N)c1Br,7.3785
COC[C@H]1CCCN1c1nc(-n2cccn2)nc(N)c1Br,7.8539
CNc1nc(-n2cccn2)nc(N)c1Br,7.7959
Nc1nc(-n2cccn2)nc(NCC2CC2)c1Br,8.0000
CCSc1nc(-n2cccn2)nc(N)c1Br,8.0969
CC(C)Sc1nc(-n2cccn2)nc(N)c1Br,8.1549
Nc1nc(-n2cccn2)nc(OCC(F)(F)F)c1Br,7.8539
Nc1nc(-n2cccn2)nc(-n2cccn2)c1Cl,7.7696
N#Cc1c(N)nc(-n2cccn2)nc1-n1cccn1,8.1549
Nc1nc(-c2nccs2)nc(-c2nccs2)c1Br,8.4604
[C-]#[N+]c1ccc2ncc(C(=O)c3ccc(C(=O)N(CC)C4CCCCC4)cc3)n2c1,6.7670
CCN(C(=O)c1ccc(C(=O)c2cnc3ccc(Br)cn23)cc1)C1CCCCC1,6.9666
CCN(C(=O)c1ccc(C(=O)c2cnc3ccccn23)nc1)C1CCCCC1,6.5784
CCN(C(=O)c1ccc(C(=O)c2cnc3ccc(F)cn23)cc1Cl)C1CCCCC1,7.4685
Nc1cc(C(=O)N2CCCCCC2)ccc1C(=O)c1cnc2ccc(F)cn12,6.9872
O=C(c1ccc(C(=O)N(C2CCCCC2)C2CCCCC2)cc1)c1cnc2ccccn12,6.8601
CCN(C(=O)c1ccc(C(=O)c2cnc3ccccn23)cc1)c1ccccc1,6.7258
O=C(c1ccc(C(=O)N2CCCc3ccccc32)cc1)c1cnc2ccccn12,6.7670
Cn1nc(-c2cnc3ccc(F)cn23)c2ccc(C(=O)N3CCCCCC3)cc21,8.3979
Cn1nc(-c2cnc3ccc(C(F)(F)F)cn23)c2ccc(C(=O)N3CCCCCC3)cc21,6.7520
Cn1nc(-c2cnc3ccc(F)cn23)c2ccc(C(=O)N3CCCCCCC3)cc21,8.5229
O=C(c1ccc2c(-c3cnc4ccc(F)cn34)nn(Cc3ccccc3)c2c1)N1CCCCCC1,7.4685
CN1CCN(C(=O)n2nc(-c3cnc4ccc(F)cn34)c3ccc(C(=O)N4CCCCCC4)cc32)CC1,6.5361
[C-]#[N+]c1ccc2ncc(-c3noc4cc(C(=O)N5CCOCC5)ccc34)n2c1,6.8327
CCN(C(=O)c1ccc2nc(-c3cnc4ccccn34)oc2c1)C1CCCCC1,6.5918
O=C(c1ccc2c(c1)nnn2-c1cnc2ccc(F)cn12)N1CCCCCC1,7.1427
O=C(c1ccc2c(-c3cnc4ccc(F)cn34)c[nH]c2c1)N1CCCCCC1,6.4584
Nc1nc(-c2cnc3ccc(F)cn23)c2ccc(C(=O)N3CCCCCC3)cc2n1,7.0757
CCN(C(=O)c1ccc(C(=O)c2cnc3ccc(Cl)nn23)cc1)C1CCCCC1,6.3382
Cn1cc2c(nc(NC(=O)CCCc3cn(CCCCCCNC(=O)c4ccc(-c5c6ccc(=N)c(S(=O)(=O)O)c-6oc6c(S(=O)(=O)O)c(N)ccc56)c(C(=O)O)c4)nn3)n3nc(-c4ccco4)nc23)n1,7.0458
Nc1cc2nc(NCc3cccnc3)nc(C(=O)c3cccs3)c2s1,5.8539
C=Cc1cc2nc(NCc3cccnc3)nc(C(=O)c3cccs3)c2s1,5.4260
CCc1cc2nc(NCc3cccnc3)nc(C(=O)c3cccs3)c2s1,5.4260
O=C(c1cccs1)c1nc(NCc2cccnc2)nc2cc(NCc3cccnc3)sc12,6.0818
CCCC(=O)c1nc(N)c2nc(-n3nccn3)n(C)c2n1,7.7212
Nc1nc(Cl)nc2c1ncn2[C@@]12C[C@H](O)[C@H](O)[C@@H]1C2,5.5031
O[C@H]1[C@@H](O)C[C@@]2(n3cnc4c(NC5CC5)nc(Cl)nc43)C[C@@H]12,5.4318
O[C@H]1[C@@H](O)C[C@@]2(n3cnc4c(NC5CCC5)nc(Cl)nc43)C[C@@H]12,5.5200
O[C@H]1[C@@H](O)C[C@@]2(n3cnc4c(NC5CCCCC5)nc(Cl)nc43)C[C@@H]12,5.5654
O[C@H]1[C@@H](O)C[C@@]2(n3cnc4c(NC5CCCCCC5)nc(Cl)nc43)C[C@@H]12,5.4056
O[C@H]1[C@@H](O)C[C@@]2(n3cnc4c(NC5CC6CCC5C6)nc(Cl)nc43)C[C@@H]12,5.5001
CCC(CC)Nc1nc(Cl)nc2c1ncn2[C@@]12C[C@H](O)[C@H](O)[C@@H]1C2,5.4318
O[C@H]1[C@@H](O)C[C@@]2(n3cnc4c(NCC5CC5)nc(Cl)nc43)C[C@@H]12,5.3556
O[C@H]1[C@@H](O)C[C@@]2(n3cnc4c(NC(C5CC5)C5CC5)nc(Cl)nc43)C[C@@H]12,5.4034
OCc1cc(F)c(F)cc1CNc1nc(Cl)nc2c1ncn2[C@@]12C[C@H](O)[C@H](O)[C@@H]1C2,5.1244
Cn1cc2c(nc(NNC(=S)Nc3ccc(-c4c5ccc(=O)cc-5oc5cc(O)ccc45)c(C(=O)O)c3)n3nc(-c4ccco4)nc23)n1,5.8209
Cn1cc2c(nc(NCCCNC(=S)Nc3ccc(-c4c5ccc(=O)cc-5oc5cc(O)ccc45)c(C(=O)O)c3)n3nc(-c4ccco4)nc23)n1,5.9714
Cn1cc2c(nc(NCCCCNC(=S)Nc3ccc(-c4c5ccc(=O)cc-5oc5cc(O)ccc45)c(C(=O)O)c3)n3nc(-c4ccco4)nc23)n1,6.0471
Cn1cc2c(nc(NCCCCCNC(=S)Nc3ccc(-c4c5ccc(=O)cc-5oc5cc(O)ccc45)c(C(=O)O)c3)n3nc(-c4ccco4)nc23)n1,5.8966
Cn1cc2c(nc(NCCCOCCOOCCCCCNC(=S)Nc3ccc(-c4c5ccc(=O)cc-5oc5cc(O)ccc45)c(C(=O)O)c3)n3nc(-c4ccco4)nc23)n1,5.2211
Nc1nc2cccc(Cl)c2c2nc(-c3ccco3)nn12,8.9208
C#CCCCC(=O)Nc1nc2cccc(Cl)c2c2nc(-c3ccco3)nn12,7.2924
Cn1cc2c(nc(NC(=O)Nc3ccc(CC(=O)O)cc3)n3nc(-c4ccco4)nc23)n1,5.9957
Cn1cc2c(nc(NC(=O)Nc3ccc(CC(=O)NCCCC(=O)OC(C)(C)C)cc3)n3nc(-c4ccco4)nc23)n1,6.8239
Cn1cc2c(nc(NC(=O)Nc3ccc(CC(=O)NCCCCC(=O)OC(C)(C)C)cc3)n3nc(-c4ccco4)nc23)n1,6.5171
Cn1cc2c(nc(NC(=O)Nc3ccc(CC(=O)NCCCCCC(=O)OC(C)(C)C)cc3)n3nc(-c4ccco4)nc23)n1,6.4248
Cn1cc2c(nc(NC(=O)Nc3ccc(CC(=O)NCCOOCCCCC(=O)OC(C)(C)C)cc3)n3nc(-c4ccco4)nc23)n1,6.3410
Cn1cc2c(nc(NC(=O)Nc3ccc(CC(=O)NCCCOCCOOCCCCCNC(=O)OC(C)(C)C)cc3)n3nc(-c4ccco4)nc23)n1,6.4855
Cn1cc2c(nc(NC(=O)Nc3ccc(CC(=O)NCCCN)cc3)n3nc(-c4ccco4)nc23)n1,6.7570
Cn1cc2c(nc(NC(=O)Nc3ccc(CC(=O)NCCCCN)cc3)n3nc(-c4ccco4)nc23)n1,6.7645
Cn1cc2c(nc(NC(=O)Nc3ccc(CC(=O)NCCCCCN)cc3)n3nc(-c4ccco4)nc23)n1,6.6925
Cn1cc2c(nc(NC(=O)Nc3ccc(CC(=O)NCCOOCCCCN)cc3)n3nc(-c4ccco4)nc23)n1,6.5735
Cn1cc2c(nc(NC(=O)Nc3ccc(CC(=O)NCCCOCCOOCCCCCN)cc3)n3nc(-c4ccco4)nc23)n1,6.4841
Cn1cc2c(nc(NC(=O)Nc3ccc(CC(=O)NCCCNC(=S)Nc4ccc(-c5c6ccc(=O)cc-6oc6cc(O)ccc56)c(C(=O)O)c4)cc3)n3nc(-c4ccco4)nc23)n1,6.9586
Cn1cc2c(nc(NC(=O)Nc3ccc(CC(=O)NCCCCNC(=S)Nc4ccc(-c5c6ccc(=O)cc-6oc6cc(O)ccc56)c(C(=O)O)c4)cc3)n3nc(-c4ccco4)nc23)n1,7.2190
Cn1cc2c(nc(NC(=O)Nc3ccc(CC(=O)NCCCCCNC(=S)Nc4ccc(-c5c6ccc(=O)cc-6oc6cc(O)ccc56)c(C(=O)O)c4)cc3)n3nc(-c4ccco4)nc23)n1,6.9747
Cn1cc2c(nc(NC(=O)Nc3ccc(CC(=O)NCCOOCCCCNC(=S)Nc4ccc(-c5c6ccc(=O)cc-6oc6cc(O)ccc56)c(C(=O)O)c4)cc3)n3nc(-c4ccco4)nc23)n1,7.0191
Cn1cc2c(nc(NC(=O)Nc3ccc(CC(=O)NCCCOCCOOCCCCCNC(=S)Nc4ccc(-c5c6ccc(=O)cc-6oc6cc(O)ccc56)c(C(=O)O)c4)cc3)n3nc(-c4ccco4)nc23)n1,7.0386
C#CCCC(=O)Nc1nc2nn(C)cc2c2nc(-c3ccco3)nn12,6.8761
C#CCCCC(=O)Nc1nc2nn(C)cc2c2nc(-c3ccco3)nn12,6.7011
C#CCCCCC(=O)Nc1nc2nn(C)cc2c2nc(-c3ccco3)nn12,6.8210
C#CCCCCCC(=O)Nc1nc2nn(C)cc2c2nc(-c3ccco3)nn12,6.3170
CCCn1c(Oc2cccnc2C)nc2nc(C3CCCC3)[nH]c2c1=O,5.6990
CCCn1c(=O)c2[nH]c(-c3cnn(CC4CC(=O)N(c5ccc(C(F)(F)F)cc5)C4)c3)nc2n(CCC)c1=O,6.9066
CCCn1c(=O)c2[nH]c(-c3cnn(CC4CC(=O)N(c5ccc(F)cc5)C4)c3)nc2n(CC)c1=O,6.7167
CCCn1c(=O)c2[nH]c(-c3cnn(CC4CC(=O)N(c5ccc(C(F)(F)F)cc5)C4)c3)nc2n(CC)c1=O,6.3372
CCCn1c(=O)c2[nH]c(-c3cnn(CC4CC(=O)N(c5ccc(OC)cc5)C4)c3)nc2n(CC)c1=O,6.3134
CCCn1c(=O)c2[nH]c(-c3cnn(CC4CCN(c5ccc(OC(F)(F)F)cc5)C4=O)c3)nc2n(CCC)c1=O,7.4437
CCCn1c(=O)c2[nH]c(-c3cnn(CC(=O)N4CCN(c5cccc(C(F)(F)F)c5)CC4)c3)nc2n(CCC)c1=O,7.2441
CCCn1c(=O)c2[nH]c(-c3ccc(OCC4CC(=O)N(c5ccc(C(F)(F)F)cc5)C4)nc3)nc2n(CCC)c1=O,7.2757
CCCn1c(=O)c2[nH]c(-c3cc(OCC4CC(=O)N(c5ccc(C(F)(F)F)cc5)C4)no3)nc2n(CCC)c1=O,5.5376
COc1ccc(N2CCOCC2)c2sc(NC(=O)C(C)(C)Oc3ccc(F)cc3)nc12,7.8861
COc1ccc(N2CCOCC2)c2sc(NC(=O)C(C)(C)Oc3cccc(F)c3)nc12,8.7876
COc1ccc(N2CCOCC2)c2sc(NC(=O)C(C)(C)Oc3ccc(C)cc3)nc12,8.1743
COc1ccc(N2CCOCC2)c2sc(NC(=O)C(C)(C)Oc3ccc(F)cc3F)nc12,8.3700
COc1ccc(N2CCOCC2)c2sc(NC(=O)C(C)(C)Oc3c(F)cccc3F)nc12,8.5485
COc1ccc(N2CCOCC2)c2sc(NC(=O)C(C)(C)Oc3ccc(F)c(F)c3)nc12,8.1938
COc1ccc(OC(C)(C)C(=O)Nc2nc3c(OC)ccc(N4CCOCC4)c3s2)cc1OC,8.2330
COCCOc1cccc(OC(C)(C)C(=O)Nc2nc3c(OC)ccc(N4CCOCC4)c3s2)c1,7.6576
COc1ccc(N2CCOCC2)c2sc(NC(=O)C(C)(C)Oc3ccc4c(c3)OCO4)nc12,8.2237
COc1ccc(N2CCOCC2)c2sc(NC(=O)C(C)(C)Oc3ccc(Cl)cc3)nc12,7.2924
COc1ccc(N2CCOCC2)c2sc(NC(=O)C(C)(C)Oc3ccc(C(F)(F)F)cc3)nc12,7.1192
COc1ccc(N2CCOCC2)c2sc(NC(=O)C(C)(C)Oc3ccc(C#N)cc3)nc12,7.2366
COc1ccc(N2CCOCC2)c2sc(NC(=O)C(C)(C)Oc3ccc(C(C)(C)C)cc3)nc12,6.3010
COc1cnc(N2CCOCC2)c2sc(NC(=O)C(C)(C)Oc3ccc(F)cc3)nc12,8.4685
COc1cnc(N2CCOCC2)c2sc(NC(=O)C(C)(C)Oc3cccc(F)c3)nc12,8.0909
COc1cnc(N2CCOCC2)c2sc(NC(=O)C(C)(C)Oc3ccccc3F)nc12,7.6778
COc1cnc(N2CCOCC2)c2sc(NC(=O)C(C)(C)Oc3ccc(Cl)cc3)nc12,7.5376
COc1cnc(N2CCOCC2)c2sc(NC(=O)C(C)(C)Oc3cccc(C(F)(F)F)c3)nc12,7.6198
COc1cnc(N2CCOCC2)c2sc(NC(=O)C(C)(C)Oc3ccc(F)cc3F)nc12,7.8779
COc1cnc(N2CCOCC2)c2sc(NC(=O)C(C)(C)Oc3c(F)cccc3F)nc12,7.7003
COc1cnc(N2CCOCC2)c2sc(NC(=O)C(C)(C)Oc3ccc(F)c(F)c3)nc12,7.7703
COCCOc1cccc(OC(C)(C)C(=O)Nc2nc3c(OC)cnc(N4CCOCC4)c3s2)c1,7.7034
COc1cnc(N2CCOCC2)c2sc(NC(=O)C(C)(C)Oc3ccc4c(c3)OCO4)nc12,7.3768
COc1cnc(N2CCOCC2)c2sc(NC(=O)C(C)(C)Oc3ccc(C)cc3)nc12,7.2596
COc1cccc(OC(C)(C)C(=O)Nc2nc3c(OC)cnc(N4CCOCC4)c3s2)c1,7.3768
COc1ccc(N2CCOCC2)c2sc(NC(=O)C3(C)CCC(O)CC3)nc12,8.5939
COc1ccc(N2CCOCC2)c2sc(NC(=O)C3(C)CCC(C)(O)CC3)nc12,8.8338
CCC1(O)CCC(C)(C(=O)Nc2nc3c(OC)ccc(N4CCOCC4)c3s2)CC1,7.6021
COc1ccc(N2CCOCC2)c2sc(NC(=O)C3(C)CCC(O)(C(C)C)CC3)nc12,8.2237
CCN(CC)C1CCC(C)(C(=O)Nc2nc3c(OC)ccc(N4CCOCC4)c3s2)CC1,9.1884
CNC(=O)[C@H]1[Se][C@@H](n2cnc3c(NC4CCCC4)nc(Cl)nc32)[C@H](O)[C@@H]1O,5.9508
CNC(=O)[C@H]1[Se][C@@H](n2cnc3c(NC4CCC4)nc(Cl)nc32)[C@H](O)[C@@H]1O,6.0462
CNC(=O)[C@H]1[Se][C@@H](n2cnc3c(NCc4cccc(I)c4)nc(Cl)nc32)[C@H](O)[C@@H]1O,5.9208
CNC(=O)[C@H]1[Se][C@@H](n2cnc3c(NCc4cccc(Br)c4)nc(Cl)nc32)[C@H](O)[C@@H]1O,5.9101
CNC(=O)[C@H]1[Se][C@@H](n2cnc3c(NCc4cccc(Cl)c4)nc(Cl)nc32)[C@H](O)[C@@H]1O,6.6234
CNC(=O)[C@H]1[Se][C@@H](n2cnc3c(NC4CCCC4)ncnc32)[C@H](O)[C@@H]1O,5.9626
CNC(=O)[C@H]1[Se][C@@H](n2cnc3c(NC4CCC4)ncnc32)[C@H](O)[C@@H]1O,5.9666
CNC(=O)[C@H]1[Se][C@@H](n2cnc3c(N[C@@H]4C[C@H]4c4ccccc4)ncnc32)[C@H](O)[C@@H]1O,5.6055
CNC(=O)[C@H]1[Se][C@@H](n2cnc3c(NCc4ccc5ccccc5c4)ncnc32)[C@H](O)[C@@H]1O,6.7100
CNC(=O)[C@H]1[Se][C@@H](n2cnc3c(NCc4ccccc4Cl)ncnc32)[C@H](O)[C@@H]1O,5.9355
CNC(=O)[C@H]1[Se][C@@H](n2cnc3c(NCc4ccccc4OC)ncnc32)[C@H](O)[C@@H]1O,5.8996
CNC(=O)[C@H]1[Se][C@@H](n2cnc3c(NCc4cccc(I)c4)ncnc32)[C@H](O)[C@@H]1O,5.9666
CNC(=O)[C@H]1[Se][C@@H](n2cnc3c(NCc4cccc(Br)c4)ncnc32)[C@H](O)[C@@H]1O,6.2518
CNC(=O)[C@H]1[Se][C@@H](n2cnc3c(NCc4cccc(Cl)c4)ncnc32)[C@H](O)[C@@H]1O,6.2557
CNC(=O)[C@H]1[Se][C@@H](n2cnc3c(NCc4cccc(F)c4)ncnc32)[C@H](O)[C@@H]1O,5.8697
CCNC(=O)[C@H]1O[C@@H](n2cnc3c(NC4CCCC4)nc(Cl)nc32)[C@H](O)[C@@H]1O,5.6882
O=c1[nH]c(-c2cccc(O)c2)cn2c(=O)n(-c3ccccc3)nc12,5.3908
Nc1ccc(-n2nc3c(=O)[nH]c(-c4ccccc4)cn3c2=O)cc1,6.3820
O=c1[nH]c(-c2ccccc2)cn2c(=O)n(-c3ccc(O)cc3)nc12,6.4123
CC(C)Oc1ccc(-c2cn3c(=O)n(-c4ccccc4)nc3c(N)n2)cc1,8.1308
CCOc1ccc(-c2cn3c(=O)n(-c4ccccc4)nc3c(N)n2)cc1,8.5376
Nc1nc(-c2ccc(OCc3ccccc3)cc2)cn2c(=O)n(-c3ccccc3)nc12,6.1500
C#CCOc1ccc(-c2cn3c(=O)n(-c4ccccc4)nc3c(N)n2)cc1,7.9747
C#CCOc1cccc(-c2cn3c(=O)n(-c4ccccc4)nc3c(N)n2)c1,8.2924
Nc1nc(-c2ccc(O)cc2)cn2c(=O)n(-c3ccccc3)nc12,7.3468
Nc1nc(-c2cccc(O)c2)cn2c(=O)n(-c3ccccc3)nc12,8.4559
COc1ccc(-c2cn3c(=O)n(-c4ccccc4)nc3c(N)n2)cc1,7.4437
COc1cccc(-c2cn3c(=O)n(-c4ccccc4)nc3c(N)n2)c1,8.1675
Nc1ccc(-n2nc3c(N)nc(-c4ccccc4)cn3c2=O)cc1,5.4584
Nc1nc(-c2ccccc2)cn2c(=O)n(-c3ccccc3O)nc12,6.6345
Nc1nc(-c2ccccc2)cn2c(=O)n(-c3ccc(O)cc3)nc12,6.8601
Cc1cn2c(=O)n(-c3ccc(O)cc3)nc2c(N)n1,5.8798
COc1ccccc1-n1nc2c(N)nc(-c3ccccc3)cn2c1=O,6.5100
Nc1nc(-c2ccccc2)cn2c(=O)n(-c3ccc([N+](=O)[O-])cc3)nc12,6.3958
COc1ccc(-n2nc3c(N)nc(-c4ccccc4)cn3c2=O)cc1,7.1079
COc1ccc(-n2nc3c(N)nc(C)cn3c2=O)cc1,5.9838
Nc1nc(-c2ccccc2)cn2c(=O)n(-c3ccccc3)nc12,8.0000
Cc1cn2c(=O)n(-c3ccccc3)nc2c(N)n1,6.3143
Cc1cc(C)cc(-c2nc(Nc3ccc(Cl)cc3F)c3ncn([C@@H]4O[C@H](Cn5nc(C)cc5C)[C@@H](O)[C@H]4O)c3n2)c1,5.3645
Cc1cc(C)cc(-c2nc(N[C@@H]3CCOC3)c3ncn([C@@H]4O[C@H](Cn5nc(C)cc5C)[C@@H](O)[C@H]4O)c3n2)c1,5.2933
Cc1cc(C)cc(-c2nc(NC3CC4CCC3C4)c3ncn([C@@H]4O[C@H](Cn5nc(C)cc5C)[C@@H](O)[C@H]4O)c3n2)c1,4.9788
Cc1cc(C)cc(-c2nc(NC3CCCC3)c3ncn([C@@H]4O[C@H](Cn5nc(C)cc5C)[C@@H](O)[C@H]4O)c3n2)c1,5.2314
Cc1cc(C)n(C[C@H]2O[C@@H](n3cnc4c(Nc5ccc(Cl)cc5F)ncnc43)[C@H](O)[C@@H]2O)n1,5.1656
Cc1cc(C)n(C[C@H]2O[C@@H](n3cnc4c(N[C@@H]5CCOC5)nc(Cl)nc43)[C@H](O)[C@@H]2O)n1,4.9245
Cc1cc(C)n(C[C@H]2O[C@@H](n3cnc4c(N[C@@H]5CCOC5)ncnc43)[C@H](O)[C@@H]2O)n1,4.5436
Cc1cc(C)n(C[C@H]2O[C@@H](n3cnc4c(NC5CC6CCC5C6)nc(Cl)nc43)[C@H](O)[C@@H]2O)n1,5.0255
Cc1cc(C)n(C[C@H]2O[C@@H](n3cnc4c(NC5CC6CCC5C6)ncnc43)[C@H](O)[C@@H]2O)n1,4.7077
Cc1cc(C)n(C[C@H]2O[C@@H](n3cnc4c(NC5CCCC5)nc(Cl)nc43)[C@H](O)[C@@H]2O)n1,4.9914
Cc1cc(C)n(C[C@H]2O[C@@H](n3cnc4c(NC5CCCC5)ncnc43)[C@H](O)[C@@H]2O)n1,4.8386
O[C@@H]1[C@H](O)[C@@H](CCl)O[C@H]1n1cnc2c(Nc3ccc(Cl)cc3F)nc(Cl)nc21,5.7077
O[C@@H]1[C@H](O)[C@@H](CCl)O[C@H]1n1cnc2c(Nc3ccc(Cl)cc3F)ncnc21,5.8665
O[C@@H]1[C@H](O)[C@@H](CCl)O[C@H]1n1cnc2c(N[C@@H]3CCOC3)nc(Cl)nc21,5.0615
O[C@@H]1[C@H](O)[C@@H](CCl)O[C@H]1n1cnc2c(N[C@@H]3CCOC3)ncnc21,4.9830
Nc1nc2c(cnn2Cc2ccc(C3(C(F)(F)F)N=N3)cc2)c2nc(-c3ccco3)nn12,5.8182
Nc1nc2nn(Cc3ccc(C4(C(F)(F)F)N=N4)cc3)cc2c2nc(-c3ccco3)nn12,7.4012
COc1cccc(-c2cc(NC(C)=O)nc(-c3cccc(OC)c3OC)c2)c1OC,6.4522
Nc1nc(Br)cn2cc(-c3ccco3)nc12,6.5768
Nc1nc(-c2ccccc2)cn2cc(-c3ccccc3)nc12,6.5086
Nc1nc(-c2ccccc2)cn2cc(-c3ccco3)nc12,6.2840
Nc1nc(-c2ccco2)cn2cc(-c3ccco3)nc12,6.0685
Cc1nc2ccc(NC(=O)Nc3ccnc4cccnc34)cc2o1,6.1739
Nc1sc(-c2ccc(C(=O)NCCCCCCNc3ncnc4c3ncn4[C@@H]3O[C@H](CO)[C@@H](O)[C@H]3O)cc2)c(-c2cccc(C(F)(F)F)c2)c1C(=O)c1ccccc1,6.0250
Nc1nc(NCCCCCCNC(=O)c2ccc(-c3sc(N)c(C(=O)c4ccccc4)c3-c3cccc(C(F)(F)F)c3)cc2)c2ncn([C@@H]3O[C@H](CO)[C@@H](O)[C@H]3O)c2n1,6.1200
Nc1sc(-c2ccc(C(=O)NCCCCCCNc3nc(Cl)nc4c3ncn4[C@@H]3O[C@H](CO)[C@@H](O)[C@H]3O)cc2)c(-c2cccc(C(F)(F)F)c2)c1C(=O)c1ccccc1,6.8400
CCNC(=O)[C@H]1O[C@@H](n2cnc3c(NCCCCCCNC(=O)c4ccc(-c5sc(N)c(C(=O)c6ccccc6)c5-c5cccc(C(F)(F)F)c5)cc4)ncnc32)[C@H](O)[C@@H]1O,7.2500
Nc1sc(-c2ccc(C(=O)NCCCCCNc3ncnc4c3ncn4[C@@H]3O[C@H](CO)[C@@H](O)[C@H]3O)cc2)c(-c2cccc(C(F)(F)F)c2)c1C(=O)c1ccccc1,5.4400
Nc1sc(-c2ccc(C(=O)NCCCCCCCNc3ncnc4c3ncn4[C@@H]3O[C@H](CO)[C@@H](O)[C@H]3O)cc2)c(-c2cccc(C(F)(F)F)c2)c1C(=O)c1ccccc1,5.3100
Nc1sc(-c2cccc(C(=O)NCCCCCCNc3ncnc4c3ncn4[C@@H]3O[C@H](CO)[C@@H](O)[C@H]3O)c2)c(-c2cccc(C(F)(F)F)c2)c1C(=O)c1ccccc1,6.8300
CC(=O)Nc1sc(-c2ccc(C(=O)NCCCCCCNc3ncnc4c3ncn4[C@@H]3O[C@H](CO)[C@@H](O)[C@H]3O)cc2)c(-c2cccc(C(F)(F)F)c2)c1C(=O)c1ccccc1,5.6300
O=C(NCCCCCCNc1ncnc2c1ncn2[C@@H]1O[C@H](CO)[C@@H](O)[C@H]1O)c1ccc(-c2scc(C(=O)c3ccccc3)c2-c2cccc(C(F)(F)F)c2)cc1,5.5400
Nc1cc(-c2cccc(C(F)(F)F)c2)c(-c2ccc(C(=O)NCCCCCCNc3ncnc4c3ncn4[C@@H]3O[C@H](CO)[C@@H](O)[C@H]3O)cc2)s1,5.5700
Nc1sc(-c2ccc(C(=O)NCCCCCCNc3ncnc4c3ncn4[C@@H]3O[C@H](CO)[C@@H](O)[C@H]3O)cc2)cc1C(=O)c1ccccc1,6.4500
O=C(NCCCCCCNc1ncnc2c1ncn2[C@@H]1O[C@H](CO)[C@@H](O)[C@H]1O)c1ccc(-c2sccc2-c2cccc(C(F)(F)F)c2)cc1,6.1900
O=C(NCCCCCCNc1ncnc2c1ncn2[C@@H]1O[C@H](CO)[C@@H](O)[C@H]1O)c1cccc(-c2cc(C(=O)c3ccccc3)cs2)c1,6.3600
Nc1ccc(-c2cccc(C(=O)NCCCCCCNc3ncnc4c3ncn4[C@@H]3O[C@H](CO)[C@@H](O)[C@H]3O)c2)s1,5.9700
O=C(NCCCCCCNc1ncnc2c1ncn2[C@@H]1O[C@H](CO)[C@@H](O)[C@H]1O)c1cccc(-c2cccs2)c1,5.8800
Cc1ccc(-n2nc(C)c3cnc(-c4ccc([C@H]5C[C@@H]5C(=O)O)cc4F)cc32)nc1,5.7696
CCn1nnc([C@H]2O[C@@H](n3cnc4c(NCC5CC5)ncnc43)[C@H](O)[C@@H]2O)n1,7.3653
CCn1nnc([C@H]2O[C@@H](n3cnc4c(NCC5CC5)nc(Cl)nc43)[C@H](O)[C@@H]2O)n1,7.0132
CCn1nnc([C@H]2O[C@@H](n3cnc4c(NCc5ccco5)ncnc43)[C@H](O)[C@@H]2O)n1,6.8656
CCn1nnc([C@H]2O[C@@H](n3cnc4c(NCc5ccco5)nc(Cl)nc43)[C@H](O)[C@@H]2O)n1,6.6994
CCn1nnc([C@H]2O[C@@H](n3cnc4c(NCc5cccs5)ncnc43)[C@H](O)[C@@H]2O)n1,7.4198
CCn1nnc([C@H]2O[C@@H](n3cnc4c(NCc5cccs5)nc(Cl)nc43)[C@H](O)[C@@H]2O)n1,6.9797
CCn1nnc([C@H]2O[C@@H](n3cnc4c(NCc5cccc(F)c5)ncnc43)[C@H](O)[C@@H]2O)n1,7.4862
CCn1nnc([C@H]2O[C@@H](n3cnc4c(NCc5cccc(F)c5)nc(Cl)nc43)[C@H](O)[C@@H]2O)n1,7.0603
CCn1nnc([C@H]2O[C@@H](n3cnc4c(NCc5cccc(Cl)c5)ncnc43)[C@H](O)[C@@H]2O)n1,7.8495
CCn1nnc([C@H]2O[C@@H](n3cnc4c(NCc5cccc(Cl)c5)nc(Cl)nc43)[C@H](O)[C@@H]2O)n1,7.3772
CCn1nnc([C@H]2O[C@@H](n3cnc4c(NCc5cccc(Br)c5)ncnc43)[C@H](O)[C@@H]2O)n1,7.9807
CCn1nnc([C@H]2O[C@@H](n3cnc4c(NCc5cccc(Br)c5)nc(Cl)nc43)[C@H](O)[C@@H]2O)n1,7.5556
CCn1nnc([C@H]2O[C@@H](n3cnc4c(NCc5cccc(I)c5)ncnc43)[C@H](O)[C@@H]2O)n1,8.1584
CCn1nnc([C@H]2O[C@@H](n3cnc4c(NCc5ccc(Cl)cc5F)ncnc43)[C@H](O)[C@@H]2O)n1,6.9945
CCn1nnc([C@H]2O[C@@H](n3cnc4c(NCc5ccc(Cl)cc5F)nc(Cl)nc43)[C@H](O)[C@@H]2O)n1,6.5352
CCn1nc(-c2ccccn2)c2sccc2c1=O,5.5423
CCn1nc(-c2nccs2)c2sccc2c1=O,5.6043
O=c1[nH]nc(-c2nccs2)c2sccc12,5.4695
CCc1nn(CC)c(=O)c2cc(-c3ccccc3)sc12,5.5029
CC(C)(C)NS(=O)(=O)c1ccc(-c2sc(C(=O)N[C@H]3C[C@H](C(=O)O)C3)nc2CC2CCCCC2)c2ccccc12,8.0362
c1coc(-c2ccc3nc(-c4ccco4)cn3c2)c1,5.7878
Nc1cc(-c2ccco2)cn2cc(-c3ccccc3)nc12,6.3788
COc1ccc(-c2cn3cc(-c4ccco4)ccc3n2)cc1OC,6.6234
COc1ccc(-c2cn3cc(-c4ccco4)cc(N)c3n2)cc1OC,6.9318
Nc1nn(-c2ccccc2Cl)nc1C(=O)CCc1ccccc1,6.2007
Cc1cccc(-n2nc(N)c(C(=O)CCc3ccccc3)n2)c1,6.6021
Nc1nn(-c2ccccc2)nc1C(=O)CCc1ccccc1,5.6990
Nc1nn(-c2ccccc2)nc1C(=O)NCc1ccccc1,7.6383
Cc1ccccc1COC(=O)c1nn(-c2ccccc2)nc1N,7.3098
Cc1ccc(COC(=O)c2nn(-c3ccccc3)nc2N)cc1,6.8239
COc1cccc2nc(NC(=O)c3ccccc3)[nH]c12,6.2757
O=C(Nc1nc2cccc(Cl)c2[nH]1)c1ccccc1,7.0044
C[C@@H]1Oc2ccc(Nc3ncnc4c3oc3ccccc34)cc2NC1=O,5.9208
COc1cccc(COC(=O)c2nn(-c3ccccc3)nc2N)c1,7.7212
Nc1nn(-c2ccccc2)nc1C(=O)OCc1ccccc1,7.5086
O=C(Nc1nc2ccccc2[nH]1)c1ccccc1,5.5686
Nc1nc(NCc2ccccc2)nc2sc(-c3ccccc3)nc12,6.9355
COc1ccccc1CNc1nc(N)c2nc(-c3ccccc3)sc2n1,8.2993
COc1cccc(CNc2nc(N)c3nc(-c4ccccc4)sc3n2)c1,7.3188
Nc1nc(NCc2cccs2)nc2sc(-c3ccccc3)nc12,7.4437
Nc1nc(NCCc2ccccc2)nc2sc(-c3ccccc3)nc12,6.3915
COc1ccc(CCNc2nc(N)c3nc(-c4ccccc4)sc3n2)cc1,6.3947
Nc1nc(NCCc2ccc(O)cc2)nc2sc(-c3ccccc3)nc12,7.0177
COc1ccccc1CNc1nc(N)c2nc(-c3cnccn3)sc2n1,7.1024
COc1cccc(CNc2nc(N)c3nc(-c4cnccn4)sc3n2)c1,6.0119
Nc1nc(NCc2cccs2)nc2sc(-c3cnccn3)nc12,6.6596
Cc1nc2c(N)nc(Nc3ccccc3)nc2s1,6.2161
Cc1nc2c(N)nc(NCc3ccccc3)nc2s1,6.2741
COc1ccccc1CNc1nc(N)c2nc(C)sc2n1,6.8697
COc1cccc(CNc2nc(N)c3nc(C)sc3n2)c1,6.6737
Cc1nc2c(N)nc(NCc3cccs3)nc2s1,6.5045
Cc1nc2c(N)nc(NCCc3ccccc3)nc2s1,7.1079
Cc1nc2c(N)nc(NCCc3cccs3)nc2s1,7.0809
Nc1nc(NCCCNC(=O)c2ccc(S(=O)(=O)F)cc2)nc2nc(-c3ccco3)nn12,8.6301
Nc1nc(NCCCCNC(=O)c2ccc(S(=O)(=O)F)cc2)nc2nc(-c3ccco3)nn12,8.6250
Nc1nc(NCCCCCNC(=O)c2ccc(S(=O)(=O)F)cc2)nc2nc(-c3ccco3)nn12,8.8850
C#CCN(CCCCCNc1nc(N)n2nc(-c3ccco3)nc2n1)C(=O)c1ccc(S(=O)(=O)F)cc1,8.4101
Cn1c(-c2ccc(O)cc2)nc2c(NC3CCCC3)ncnc21,6.2741
COc1ccc(-c2nc3c(NC4CCCC4)ncnc3n2C)cc1,5.7471
Cn1c(-c2ccc(F)cc2)nc2c(NC3CCCC3)ncnc21,5.6198
Cn1c(-c2ccc(Cl)cc2)nc2c(NC3CCCC3)ncnc21,5.7399
Cn1c(-c2cccc(Cl)c2)nc2c(NC3CCCC3)ncnc21,6.5735
Cn1c(-c2ccccc2Cl)nc2c(NC3CCCC3)ncnc21,5.5114
Cc1ccc(-c2nc3c(NC4CCCC4)ncnc3n2C)cc1,5.7447
Cc1cccc(-c2nc3c(NC4CCCC4)ncnc3n2C)c1,6.3468
Cc1ccccc1-c1nc2c(NC3CCCC3)ncnc2n1C,5.1561
Cn1c(-c2cccnc2)nc2c(NC3CCCC3)ncnc21,5.1986
CCCn1c(-c2ccccc2)nc2c(NC3CCCCC3)ncnc21,5.9747
Cn1c(-c2ccccc2)nc2c(N)ncnc21,6.4191
CCn1c(-c2ccccc2)nc2c(N)ncnc21,6.6737
CCCn1c(-c2ccccc2)nc2c(N)ncnc21,6.3080
Cn1c(-c2ccccc2)nc2c(NC3CCC3)ncnc21,6.5186
CCn1c(-c2ccccc2)nc2c(NC3CCC3)ncnc21,6.4214
CCCn1c(-c2ccccc2)nc2c(NC3CCC3)ncnc21,6.4377
Cn1c(-c2ccccc2)nc2c(NC3CCCC3)ncnc21,6.3028
CCn1c(-c2ccccc2)nc2c(NC3CCCC3)ncnc21,6.4763
CCCn1c(-c2ccccc2)nc2c(NC3CCCC3)ncnc21,6.1979
Cn1c(-c2ccccc2)nc2c(NC3CCOC3)ncnc21,5.7375
CCn1c(-c2ccccc2)nc2c(NC3CCOC3)ncnc21,5.9914
CCCn1c(-c2ccccc2)nc2c(NC3CCOC3)ncnc21,5.7696
Cn1c(-c2ccccc2)nc2c(NC3CCCCC3)ncnc21,6.2782
CCn1c(-c2ccccc2)nc2c(NC3CCCCC3)ncnc21,6.5129
COc1ccccc1CNc1nc(N)c2nc(-c3ccc(C)o3)sc2n1,7.6990
Nc1nc(NCCc2cccnc2)nc2sc(-c3ccco3)nc12,9.5376
Nc1nc(NCCc2ccco2)nc2sc(-c3ccco3)nc12,8.5331
Nc1nc(NCc2cnccn2)nc2sc(-c3ccco3)nc12,8.0825
Nc1nc(NCc2ccncc2)nc2sc(-c3ccco3)nc12,7.8153
Nc1nc(NCc2ccccn2)nc2sc(-c3ccco3)nc12,9.1675
Nc1nc(NCc2ccsc2)nc2sc(-c3ccco3)nc12,9.4437
COc1cccc(CNc2nc(N)c3nc(-c4ccc(C)o4)sc3n2)c1,6.8416
Cc1ccc(-c2nc3c(N)nc(NCc4cccs4)nc3s2)o1,7.4685
COc1ccccc1CNc1nc(N)c2nc(-c3cccs3)sc2n1,8.4737
COc1cccc(CNc2nc(N)c3nc(-c4cccs4)sc3n2)c1,7.6576
Nc1nc(NCc2cccs2)nc2sc(-c3cccs3)nc12,7.8794
Nc1nc(NCc2cccs2)nc2sc(-c3ccco3)nc12,11.1066
Nc1nc(NCc2ccco2)nc2sc(-c3ccco3)nc12,11.0969
Nc1nc(NCc2cccnc2)nc2sc(-c3ccco3)nc12,10.5939
Nc1nc(NCCc2cccs2)nc2sc(-c3ccco3)nc12,10.7703
CCCn1c(=O)[nH]c2nc(-c3ccc(OCC(=O)NCCCCCC4=C5C(C)=CC(C)=[N+]5[B-](F)(F)n5c(C)cc(C)c54)cc3)[nH]c2c1=O,7.2314
CCCn1c(=O)[nH]c2nc(-c3ccc(OCC(=O)NCCCCCCCCCCC4=C5C(C)=CC(C)=[N+]5[B-](F)(F)n5c(C)cc(C)c54)cc3)[nH]c2c1=O,5.7959
COCCOc1ccc(N2CCN(CCn3c(=O)n(C)c4c3nc(N)n3nc(-c5nccs5)nc43)CC2)cc1F,9.1109
COCCOc1ccc(N2CCN(CCn3c(=O)n(C)c4c3nc(N)n3nc(-c5nccs5)nc43)CC2)cc1,8.5573
Cc1nc2cc(N3CCN(CCn4c(=O)n(C)c5c4nc(N)n4nc(-c6ccco6)nc54)CC3)c(F)cc2o1,9.6109
Cn1c(=O)n(CCN2CCN(c3nc(C(F)(F)F)cs3)CC2)c2nc(N)n3nc(-c4ccco4)nc3c21,8.9833
COc1ccc(N2CCN(CCn3c(=O)n(C)c4c3nc(N)n3nc(-c5ccco5)nc43)CC2)cn1,8.3468
Cc1ccc(N2CCN(CCn3c(=O)n(C)c4c3nc(N)n3nc(-c5ccco5)nc43)CC2)nc1,9.0837
Cn1c(=O)n(CCN2CCN(c3ccc(C(F)(F)F)cc3)CC2)c2nc(N)n3nc(-c4ccco4)nc3c21,8.5086
Cn1c(=O)n(CCN2CCN(c3ccc(OC(F)F)cc3)CC2)c2nc(N)n3nc(-c4ccco4)nc3c21,9.1449
Cn1c(=O)n(CCN2CCN(c3ccc(C#N)c(F)c3)CC2)c2nc(N)n3nc(-c4ccco4)nc3c21,9.3495
Cn1c(=O)n(CCN2CCN(c3ccc(C#N)cc3)CC2)c2nc(N)n3nc(-c4ccco4)nc3c21,9.3724
Cn1c(=O)n(CCN2CCN(c3ccc(F)cc3F)CC2)c2nc(N)n3nc(-c4ccco4)nc3c21,9.5775
Cn1c(=O)n(CCN2CCN(c3ccc(OC4CCOCC4)cc3)CC2)c2nc(N)n3nc(-c4ccco4)nc3c21,9.5540
Cn1c(=O)n(CCN2CCN(c3ccc(OC4CCOC4)cc3)CC2)c2nc(N)n3nc(-c4ccco4)nc3c21,9.6783
COCC(C)(C)Oc1ccc(N2CCN(CCn3c(=O)n(C)c4c3nc(N)n3nc(-c5ccco5)nc43)CC2)cc1,8.9894
COCC(C)Oc1ccc(N2CCN(CCn3c(=O)n(C)c4c3nc(N)n3nc(-c5ccco5)nc43)CC2)cc1,9.1109
COCCOc1c(F)cc(N2CCN(CCn3c(=O)n(C)c4c3nc(N)n3nc(-c5ccco5)nc43)CC2)cc1F,9.2218
COCCOc1cc(F)c(N2CCN(CCn3c(=O)n(C)c4c3nc(N)n3nc(-c5ccco5)nc43)CC2)cc1F,8.9833
COCCOc1ccc(N2CCN(CCn3c(=O)n(C)c4c3nc(N)n3nc(-c5ccco5)nc43)CC2)cc1F,9.1549
Cn1c(=O)n(CCN2CCN(c3ccc(OCCOC4CC4)cc3)CC2)c2nc(N)n3nc(-c4ccco4)nc3c21,8.6990
COCCOc1cccc(N2CCN(CCn3c(=O)n(C)c4c3nc(N)n3nc(-c5ccco5)nc43)CC2)c1,9.3010
COCCOc1ccc(N2CCN(CCn3c(=O)n(C)c4c3nc(N)n3nc(-c5ccco5)nc43)CC2)cc1,9.0379
Cn1c(=O)n(CCN2CCN(c3ccc(OC4CC4)cc3)CC2)c2nc(N)n3nc(-c4ccco4)nc3c21,9.5625
COc1ccc(N2CCN(CCn3c(=O)n(C)c4c3nc(N)n3nc(-c5ccco5)nc43)CC2)c(F)c1,9.8099
Cc1ccc(N2CCN(CCn3c(=O)n(C)c4c3nc(N)n3nc(-c5ccco5)nc43)CC2)cc1,8.9062
COc1ccc(N2CCN(CCn3c(=O)n(C)c4c3nc(N)n3nc(-c5ccco5)nc43)CC2)cc1,9.3389
CC(C)COc1ccc(-c2c(C#N)c(N)nc(SCC(N)=O)c2C#N)cc1,6.5129
CC(=O)Nc1ccc(-c2c(C#N)c(N)nc(SCC(N)=O)c2C#N)cc1,6.2426
N#Cc1c(N)nc(SCc2ncc[nH]2)c(C#N)c1-c1ccc(OCC2CC2)cc1,6.1169
N#Cc1c(N)nc(SCc2cccnc2)c(C#N)c1-c1ccc(OCC2CC2)cc1,6.3726
CCOc1ccc(-c2c(C#N)c(N)nc(SCc3ncc[nH]3)c2C#N)cc1,6.6556
COc1ccc(-c2cc(N)cc3nc(-c4ccco4)oc23)cc1OC,7.0458
Nc1cc(-c2ccccn2)c2oc(-c3ccco3)nc2c1,6.8697
Nc1cc(-c2ccccc2)c2oc(-c3ccco3)nc2c1,6.6946
Nc1cc(-c2cccs2)c2oc(-c3ccco3)nc2c1,7.1487
Nc1cc(-c2ccco2)c2oc(-c3ccco3)nc2c1,7.2746
O=C(CN1CCCCC1)Nc1ccc2oc(-c3ccco3)nc2c1,6.0000
Nc1ccc2oc(-c3ccco3)nc2c1,5.0000
Nc1cc(NC(=O)CN2CCCCC2)cc2nc(-c3ccco3)oc12,6.4604
O=C(CN1CCCCC1)Nc1cc(-c2ccco2)c2oc(-c3ccco3)nc2c1,6.4956
O=C(CCN1CCc2ccccc2C1)Nc1cc(-c2ccco2)c2oc(-c3ccco3)nc2c1,7.5229
O=C(CCN1CCOCC1)Nc1cc(-c2ccco2)c2oc(-c3ccco3)nc2c1,7.0458
O=C(CCCN1CCCCC1)Nc1cc(-c2ccco2)c2oc(-c3ccco3)nc2c1,7.0088
O=C(CCN1CCCCC1)Nc1cc(-c2ccco2)c2oc(-c3ccco3)nc2c1,7.0915
Nc1cc(-c2ccc(F)cc2)c2oc(-c3ccco3)nc2c1,6.3585
COc1ccc(-n2c(C(=O)c3sc(Nc4ccccc4)nc3C)cnc2N)cc1,4.8729
Cc1nc(Nc2ccccc2)sc1C(=O)c1cnc(N)n1-c1ccc(F)cc1,5.0947
Nc1ncc(C(=O)c2sc(Nc3ccccc3)nc2-c2ccccc2)n1-c1ccc(F)cc1,5.1302
CN(C)c1nc(NC(=O)c2ccccc2)sc1C(=O)c1cnc(N)n1-c1ccc(Cl)cc1,4.9281
CN(C)c1nc(NC(=O)c2ccccc2)sc1C(=O)c1cnc(N)n1-c1ccc(C(F)(F)F)cc1,4.7773
Cc1ccc(Nc2nc(C)c(C(=O)c3cnc(N)n3-c3ccc(F)cc3)s2)cc1,4.9066
COc1ccc(-n2c(C(=O)c3sc(Nc4ccccc4)nc3-c3ccccc3)cnc2N)cc1,5.0535
Cc1nc(Nc2ccc(Cl)cc2)sc1C(=O)c1cnc(N)n1-c1ccc(F)cc1,4.8861
COc1ccc(-n2c(C(=O)c3sc(Nc4ccc(Cl)cc4)nc3C)cnc2N)cc1,4.9872
Cc1ccc(-n2c(C(=O)c3sc(N4CCOCC4)nc3-c3ccccc3)cnc2N)cc1,4.4685
Cc1nc(Nc2ccccc2)sc1C(=O)c1cnc(N)n1-c1ccc(Cl)cc1,4.9508
CCCCn1c(=O)c2nc(C34CC5CC(CC3C5)C4)[nH]c2n(CCCC)c1=O,6.0088
N.Nc1nc2c(cnn2CCCc2ccc(OCc3ccc(S(=O)(=O)O)cc3)cc2)c2nc(-c3ccco3)nn12,8.0981
Nc1nc2c(cnn2CCCc2ccc(OCC(=O)NCCCCNC(=O)CCCCCNC(=O)COc3ccc(/C=C/C4=[N+]5C(=Cc6ccc(-c7cccs7)n6[B-]5(F)F)C=C4)cc3)cc2)c2nc(-c3ccco3)nn12,7.2509
CCN(CC)CC.CCN(CC)CC.N=c1ccc2c(-c3ccc(C(=O)NCCCCNC(=O)COc4ccc(CCCn5ncc6c5nc(N)n5nc(-c7ccco7)nc65)cc4)cc3C(=O)O)c3ccc(N)c(S(=O)(=O)O)c3oc-2c1S(=O)(=O)O,7.5186
CC1(C)C(/C=C/C=C/C=C2/N(CCCS(=O)(=O)O)c3ccc(S(=O)(=O)O)cc3C2(C)CCCCCC(=O)NCCCCNC(=O)COc2ccc(CCCn3ncc4c3nc(N)n3nc(-c5ccco5)nc43)cc2)=[N+](CCCS(=O)(=O)O)c2ccc(S(=O)(=O)[O-])cc21.CCN(CC)CC.CCN(CC)CC,6.5302
CC1(C)C(/C=C/C=C/C=C2/N(CCCS(=O)(=O)O)c3ccc(S(=O)(=O)O)cc3C2(C)CCCCCC(=O)NCCNC(=O)COc2ccc(CCCn3ncc4c3nc(N)n3nc(-c5ccco5)nc43)cc2)=[N+](CCCS(=O)(=O)O)c2ccc(S(=O)(=O)[O-])cc21.CCN(CC)CC.CCN(CC)CC,6.4789
NCCCCCCNC(=O)COc1ccc(CCCn2ncc3c2nc(N)n2nc(-c4ccco4)nc32)cc1,7.6421
NCCCCCNC(=O)COc1ccc(CCCn2ncc3c2nc(N)n2nc(-c4ccco4)nc32)cc1,8.1965
NCCCCNC(=O)COc1ccc(CCCn2ncc3c2nc(N)n2nc(-c4ccco4)nc32)cc1,8.1898
NCCCNC(=O)COc1ccc(CCCn2ncc3c2nc(N)n2nc(-c4ccco4)nc32)cc1,8.0320
CNc1ncc(C(=O)NC(C)(C)Cc2ccccc2)c2nc(-c3ccco3)nn12,8.2132
CNc1ncc(C(=O)NCCc2ccc(OC)c(OC)c2)c2nc(-c3ccco3)nn12,6.7721
CNc1ncc(C(=O)NCCc2ccccc2)c2nc(-c3ccco3)nn12,7.5272
CNc1ncc(C(=O)NCc2ccc(OC)c(OC)c2)c2nc(-c3ccco3)nn12,6.8508
CNc1ncc(C(=O)NCc2ccc(-c3ccccc3)cc2)c2nc(-c3ccco3)nn12,5.0273
CNc1ncc(C(=O)NCc2ccc(F)cc2)c2nc(-c3ccco3)nn12,7.3224
CNc1ncc(C(=O)NCc2ccc(Cl)cc2)c2nc(-c3ccco3)nn12,7.2262
CNc1ncc(C(=O)NCc2ccc(C(F)(F)F)cc2)c2nc(-c3ccco3)nn12,5.5302
CNc1ncc(C(=O)NCc2ccc(OC)cc2)c2nc(-c3ccco3)nn12,7.0899
CNc1ncc(C(=O)NCc2ccc(C)cc2)c2nc(-c3ccco3)nn12,7.0000
CNc1ncc(C(=O)NC(c2ccccc2)c2ccccc2)c2nc(-c3ccco3)nn12,7.2104
CNc1ncc(C(=O)NCc2ccccc2)c2nc(-c3ccco3)nn12,7.7305
CNc1ncc(C(=O)OC(C)c2ccccc2)c2nc(-c3ccco3)nn12,7.9586
CCc1ccc(COC(=O)c2cnc(NC)n3nc(-c4ccco4)nc23)cc1,7.6778
CNc1ncc(C(=O)OCc2ccc(F)cc2)c2nc(-c3ccco3)nn12,7.1457
CNc1ncc(C(=O)OCc2cccc(F)c2)c2nc(-c3ccco3)nn12,7.4881
CNc1ncc(C(=O)OCc2ccccc2Br)c2nc(-c3ccco3)nn12,7.6144
CNc1ncc(C(=O)OCc2ccc(Cl)cc2)c2nc(-c3ccco3)nn12,7.1433
CNc1ncc(C(=O)OCc2cccc(Cl)c2)c2nc(-c3ccco3)nn12,7.8041
CNc1ncc(C(=O)OCc2ccccc2Cl)c2nc(-c3ccco3)nn12,7.4949
CNc1ncc(C(=O)OCc2ccc(OC)cc2)c2nc(-c3ccco3)nn12,6.7122
CNc1ncc(C(=O)OCc2cccc(OC)c2)c2nc(-c3ccco3)nn12,7.8268
CNc1ncc(C(=O)OCc2ccccc2OC)c2nc(-c3ccco3)nn12,7.8794
CNc1ncc(C(=O)OCc2ccc(C)cc2)c2nc(-c3ccco3)nn12,7.2062
CNc1ncc(C(=O)OCc2cccc(C)c2)c2nc(-c3ccco3)nn12,7.6778
CNc1ncc(C(=O)OCc2ccccc2C)c2nc(-c3ccco3)nn12,7.4295
CNc1ncc(C(=O)OC(c2ccccc2)c2ccccc2)c2nc(-c3ccco3)nn12,6.7055
CNc1ncc(C(=O)OCc2ccccc2)c2nc(-c3ccco3)nn12,6.9431
CNc1ncc(C(=O)OC(C)C)c2nc(-c3ccco3)nn12,7.0630
CCOC(=O)c1cnc(OCC)n2nc(-c3ccco3)nc12,5.7305
CC(C)(C)OC(=O)NCCNc1ncc(C(=O)O)c2nc(-c3ccco3)nn12,4.6459
CCOC(=O)c1cnc(NN)n2nc(-c3ccco3)nc12,7.2000
CCOC(=O)c1cnc(NCCN)n2nc(-c3ccco3)nc12,6.0814
CCOC(=O)c1cnc(NNC(=O)OC(C)(C)C)n2nc(-c3ccco3)nc12,6.0825
CCOC(=O)c1cnc(NCCNC(=O)OC(C)(C)C)n2nc(-c3ccco3)nc12,6.4248
CCOC(=O)c1cnc(NNc2ccccc2)n2nc(-c3ccco3)nc12,7.3788
CCOC(=O)CNC(=O)c1cnc(NCC(=O)OCC)n2nc(-c3ccco3)nc12,5.8125
COc1ccc(CNc2ncc(C(=O)NC(c3ccccc3)c3ccccc3)c3nc(-c4ccco4)nn23)cc1OC,6.8633
CNc1ncc(C(=O)NNc2ccccc2)c2nc(-c3ccco3)nn12,6.4660
CNc1ncc(C(=O)NCCOc2ccccc2)c2nc(-c3ccco3)nn12,7.4179
Nc1nc(-c2ccc(NC(=O)CCNC(=O)CCCCC3CCSS3)cc2)cn2c(=O)n(-c3ccccc3)nc12,6.9838
NCCC(=O)Nc1ccc(-c2cn3c(=O)n(-c4ccccc4)nc3c(N)n2)cc1,9.2291
C=CC(=O)Nc1ccc(-c2cn3c(=O)n(-c4ccccc4)nc3c(N)n2)cc1,8.7447
Nc1nc(-c2ccc(NC(=O)CCCCC3CCSS3)cc2)cn2c(=O)n(-c3ccccc3)nc12,8.3010
CC(C)(C)c1cc(C(=O)NCCOc2ccc(-c3cn4c(=O)n(-c5ccccc5)nc4c(N)n3)cc2)cc(C(C)(C)C)c1O,4.8312
Nc1nc(-c2ccc(OCCNC(=O)CCCCC3CCSS3)cc2)cn2c(=O)n(-c3ccccc3)nc12,7.7777
NCCOc1ccc(-c2cn3c(=O)n(-c4ccccc4)nc3c(N)n2)cc1,7.8268
NC(=O)COc1ccc(-c2cn3c(=O)n(-c4ccccc4)nc3c(N)n2)cc1,7.5850
N#CCOc1ccc(-c2cn3c(=O)n(-c4ccccc4)nc3c(N)n2)cc1,7.4451
CC(C)(C)c1cc(-c2cn3c(=O)n(-c4ccccc4)nc3c(N)n2)ccc1O,7.4089
Cc1cc(-c2cn3c(=O)n(-c4ccccc4)nc3c(N)n2)cc(C)c1O,8.6021
Nc1nc(-c2cc(O)c(O)c(O)c2)cn2c(=O)n(-c3ccccc3)nc12,7.0246
Nc1nc(-c2ccc(O)c(O)c2)cn2c(=O)n(-c3ccccc3)nc12,8.2840
COc1cc(O)ccc1-c1cn2c(=O)n(-c3ccccc3)nc2c(N)n1,7.7747
COc1c(C(C)(C)C)cc(-c2cn3c(=O)n(-c4ccccc4)nc3c(N)n2)cc1C(C)(C)C,6.8489
COc1c(C)cc(-c2cn3c(=O)n(-c4ccccc4)nc3c(N)n2)cc1C,9.7696
COc1cc(-c2cn3c(=O)n(-c4ccccc4)nc3c(N)n2)cc(OC)c1OC,8.4559
Nc1nc(-c2ccc3c(c2)OCO3)cn2c(=O)n(-c3ccccc3)nc12,8.1308
COc1ccc(-c2cn3c(=O)n(-c4ccccc4)nc3c(N)n2)cc1OC,8.2441
COc1ccc(-c2cn3c(=O)n(-c4ccccc4)nc3c(N)n2)c(OC)c1,8.6198
CC(C)(C)c1cc(C(=O)NCCC(=O)Nc2ccc(-c3cn4c(=O)n(-c5ccccc5)nc4c(N)n3)cc2)cc(C(C)(C)C)c1O,6.9218
Nc1ccc(-c2cn3c(=O)n(-c4ccccc4)nc3c(N)n2)cc1,7.6402
O=C(Nc1nc(-c2ccccc2)nc2sc(-c3ccco3)nc12)c1ccco1,6.3686
O=C(Nc1nc(-c2ccccc2)nc2sc(-c3ccco3)nc12)c1ccccc1,5.9416
O=C(Nc1nc(-c2ccccc2)nc2sc(-c3ccccc3)nc12)c1ccco1,5.4001
O=C(Nc1nc(-c2ccccc2)nc2sc(-c3ccccc3)nc12)c1ccccc1,6.9830
Cc1nc(NC(=O)c2ccccc2)c2nc(-c3ccccc3)sc2n1,5.7097
Cc1ccc(-c2nc(N)c3nc(-c4ccco4)sc3n2)o1,8.6271
Nc1nc(-c2ccco2)nc2sc(-c3ccco3)nc12,7.4950
Nc1nc(-c2cccc(O)c2)nc2sc(-c3ccco3)nc12,7.4510
N#Cc1cccc(-c2nc(N)c3nc(-c4ccco4)sc3n2)c1,8.1135
COc1cccc(-c2nc(N)c3nc(-c4ccco4)sc3n2)c1,8.7212
COc1ccc(-c2nc(N)c3nc(-c4ccco4)sc3n2)cc1,7.9508
Nc1nc(-c2ccc(CO)cc2)nc2sc(-c3ccco3)nc12,8.1135
Nc1nc(-c2cccc(CO)c2)nc2sc(-c3ccco3)nc12,8.6778
Nc1nc(-c2ccccc2)nc2sc(-c3ccco3)nc12,8.5229
Cc1ccc(-c2nc(N)c3nc(-c4ccccc4)sc3n2)o1,7.6498
Nc1nc(-c2ccco2)nc2sc(-c3ccccc3)nc12,7.7787
Nc1nc(-c2cccc(O)c2)nc2sc(-c3ccccc3)nc12,7.2519
N#Cc1cccc(-c2nc(N)c3nc(-c4ccccc4)sc3n2)c1,7.4737
COc1cccc(-c2nc(N)c3nc(-c4ccccc4)sc3n2)c1,6.9594
COc1ccc(-c2nc(N)c3nc(-c4ccccc4)sc3n2)cc1,6.9382
Nc1nc(-c2ccc(CO)cc2)nc2sc(-c3ccccc3)nc12,7.0862
Nc1nc(-c2cccc(CO)c2)nc2sc(-c3ccccc3)nc12,7.2757
Nc1nc(-c2ccccc2)nc2sc(-c3ccccc3)nc12,7.7212
Cc1nc(N)c2nc(-c3ccccc3)sc2n1,6.6055
Cc1sc2nc(NC(=O)c3ccccc3)[nH]c(=O)c2c1C,6.1871
Cc1sc2nc(N)nc(-n3cncn3)c2c1C,5.2449
Nc1nc(-n2ccnc2)c2c3c(sc2n1)CCCC3,5.3915
O=C(Nc1nc2nn(CCCc3ccccc3)cc2c2nc(-c3ccco3)nn12)c1cccc2ccccc12,6.0969
CCCn1c(=O)c2[nH]c(-c3ccc(S(=O)(=O)N4CCN(c5ccc(Cl)cc5)CC4)cc3)nc2n(CC)c1=O,6.4921
CCCn1c(=O)[nH]c2nc(-c3ccc(S(=O)(=O)N4CCN(Cc5ccc(Br)cc5)CC4)cc3)[nH]c2c1=O,7.1090
CCCn1c(=O)[nH]c2nc(-c3ccc(S(=O)(=O)N4CCN(Cc5cccc(Br)c5)CC4)cc3)[nH]c2c1=O,7.0343
CCCn1c(=O)[nH]c2nc(-c3ccc(S(=O)(=O)N4CCN(Cc5cccc(OC)c5)CC4)cc3)[nH]c2c1=O,6.8827
CCCn1c(=O)[nH]c2nc(-c3ccc(S(=O)(=O)N4CCN(Cc5cccc(C)c5)CC4)cc3)[nH]c2c1=O,6.7235
CCCn1c(=O)[nH]c2nc(-c3ccc(S(=O)(=O)N4CCN(Cc5ccc(N=[N+]=[N-])cc5)CC4)cc3)[nH]c2c1=O,6.6819
CCCn1c(=O)[nH]c2nc(-c3ccc(S(=O)(=O)N4CCN(Cc5ccc(C(=O)O)cc5)CC4)cc3)[nH]c2c1=O,5.9355
CCCn1c(=O)[nH]c2nc(-c3ccc(S(=O)(=O)N4CCN(Cc5ccc(OCCO)cc5)CC4)cc3)[nH]c2c1=O,6.6180
CCCn1c(=O)[nH]c2nc(-c3ccc(S(=O)(=O)N4CCN(Cc5ccc(OCCOCCOC)cc5)CC4)cc3)[nH]c2c1=O,6.5031
CCCn1c(=O)[nH]c2nc(-c3ccc(S(=O)(=O)N4CCN(Cc5ccc(OC)c(F)c5)CC4)cc3)[nH]c2c1=O,6.6108
CCCn1c(=O)[nH]c2nc(-c3ccc(S(=O)(=O)N4CCN(Cc5ccc(F)c(OC)c5)CC4)cc3)[nH]c2c1=O,6.8697
CCCn1c(=O)[nH]c2nc(-c3ccc(S(=O)(=O)N4CCN(Cc5cc(F)cc(OC)c5)CC4)cc3)[nH]c2c1=O,6.7959
CCCn1c(=O)[nH]c2nc(-c3ccc(S(=O)(=O)N4CCN(Cc5ccc(Br)c(F)c5)CC4)cc3)[nH]c2c1=O,6.3947
CCCn1c(=O)[nH]c2nc(-c3ccc(S(=O)(=O)N4CCN(c5ccccc5)CC4)cc3)[nH]c2c1=O,6.9136
CCCn1c(=O)[nH]c2nc(-c3ccc(S(=O)(=O)N4CCN(c5ccc(F)cc5)CC4)cc3)[nH]c2c1=O,6.9666
CCCn1c(=O)[nH]c2nc(-c3ccc(S(=O)(=O)N4CCN(c5cccc(Cl)c5)CC4)cc3)[nH]c2c1=O,6.0000
CCCn1c(=O)[nH]c2nc(-c3ccc(S(=O)(=O)N4CCN(c5ccccc5Cl)CC4)cc3)[nH]c2c1=O,6.6904
CCCn1c(=O)[nH]c2nc(-c3ccc(S(=O)(=O)N4CCN(c5ccccc5Br)CC4)cc3)[nH]c2c1=O,7.0482
CCCn1c(=O)[nH]c2nc(-c3ccc(S(=O)(=O)N4CCN(c5ccc(I)cc5)CC4)cc3)[nH]c2c1=O,5.5243
CCCn1c(=O)[nH]c2nc(-c3ccc(S(=O)(=O)N4CCN(c5cccc(OC)c5)CC4)cc3)[nH]c2c1=O,6.7055
CCCn1c(=O)[nH]c2nc(-c3ccc(S(=O)(=O)N4CCN(c5ccccc5C)CC4)cc3)[nH]c2c1=O,6.8539
CCCn1c(=O)[nH]c2nc(-c3ccc(S(=O)(=O)N4CCN(c5ccc(O)cc5)CC4)cc3)[nH]c2c1=O,7.0146
CCCn1c(=O)[nH]c2nc(-c3ccc(S(=O)(=O)N4CCN(C(=O)c5ccccc5)CC4)cc3)[nH]c2c1=O,6.8447
CCCn1c(=O)[nH]c2nc(-c3ccc(S(=O)(=O)N4CCN(C)CC4)cc3)[nH]c2c1=O,6.8539
CCCn1c(=O)[nH]c2nc(-c3ccc(S(=O)(=O)N4CCN(c5ccc(Cl)c(OC)c5)CC4)cc3)[nH]c2c1=O,7.4522
CCCn1c(=O)[nH]c2nc(-c3ccc(S(=O)(=O)N4CCN(c5ccc(O)c(Cl)c5)CC4)cc3)[nH]c2c1=O,7.0278
CCCn1c(=O)[nH]c2nc(-c3ccc(S(=O)(=O)N4CCN(c5ccc(Cl)c(O)c5)CC4)cc3)[nH]c2c1=O,7.3904
CCCn1c(=O)[nH]c2nc(-c3ccc(S(=O)(=O)N4CCN(c5ccc(OCCO)cc5)CC4)cc3)[nH]c2c1=O,6.7747
CCCn1c(=O)[nH]c2nc(-c3ccc(S(=O)(=O)N4CCN(c5ccccc5)C(C)C4)cc3)[nH]c2c1=O,6.5331
CCCn1c(=O)[nH]c2nc(-c3ccc(S(=O)(=O)N(C)C)cc3)[nH]c2c1=O,7.2782
CCCn1c(=O)[nH]c2nc(-c3ccc(S(=O)(=O)N(C)CCc4ccccc4)cc3)[nH]c2c1=O,6.4473
CCCn1c(=O)[nH]c2nc(-c3ccc(S(=O)(=O)O)cc3)[nH]c2c1=O,5.4214
N#Cc1ccc(/C=N/Nc2nc(N)c3ncn([C@@H]4O[C@H](CO)[C@@H](O)[C@H]4O)c3n2)cc1,7.9432
N#Cc1ccccc1/C=N/Nc1nc(N)c2ncn([C@@H]3O[C@H](CO)[C@@H](O)[C@H]3O)c2n1,5.8841
Nc1nc(N/N=C/c2ccc(C(F)(F)F)cc2)nc2c1ncn2[C@@H]1O[C@H](CO)[C@@H](O)[C@H]1O,7.2147
Nc1nc(N/N=C/c2ccc(Cl)c(C(F)(F)F)c2)nc2c1ncn2[C@@H]1O[C@H](CO)[C@@H](O)[C@H]1O,6.0964
Nc1nc(N/N=C/c2ccc(C(F)(F)F)cc2C(F)(F)F)nc2c1ncn2[C@@H]1O[C@H](CO)[C@@H](O)[C@H]1O,5.2023
COc1cc(/C=N/Nc2nc(N)c3ncn([C@@H]4O[C@H](CO)[C@@H](O)[C@H]4O)c3n2)cc(OC)c1OC,5.2600
CCCOc1ccc(/C=N/Nc2nc(N)c3ncn([C@@H]4O[C@H](CO)[C@@H](O)[C@H]4O)c3n2)cc1,6.6498
CCOc1cc(/C=N/Nc2nc(N)c3ncn([C@@H]4O[C@H](CO)[C@@H](O)[C@H]4O)c3n2)ccc1O,5.7899
Nc1nc(N/N=C/c2cccc(OCc3ccccc3)c2)nc2c1ncn2[C@@H]1O[C@H](CO)[C@@H](O)[C@H]1O,6.7620
Nc1nc(N/N=C/c2ccc(OCc3ccc(F)cc3)cc2)nc2c1ncn2[C@@H]1O[C@H](CO)[C@@H](O)[C@H]1O,8.3261
COc1cc(/C=N/Nc2nc(N)c3ncn([C@@H]4O[C@H](CO)[C@@H](O)[C@H]4O)c3n2)ccc1OCc1ccccc1,6.9957
Nc1nc(N/N=C/c2ccc(OCc3ccccc3)c(OCc3ccccc3)c2)nc2c1ncn2[C@@H]1O[C@H](CO)[C@@H](O)[C@H]1O,8.9693
CN(C)c1ccc(/C=N/Nc2nc(N)c3ncn([C@@H]4O[C@H](CO)[C@@H](O)[C@H]4O)c3n2)cc1,7.9710
Nc1nc(N/N=C/c2ccc(N3CCCC3)cc2)nc2c1ncn2[C@@H]1O[C@H](CO)[C@@H](O)[C@H]1O,5.1788
Nc1nc(N/N=C/c2ccc(N3CCOCC3)cc2)nc2c1ncn2[C@@H]1O[C@H](CO)[C@@H](O)[C@H]1O,6.0969
CC(=O)Nc1ccc(/C=N/Nc2nc(N)c3ncn([C@@H]4O[C@H](CO)[C@@H](O)[C@H]4O)c3n2)cc1,5.8765
Nc1nc(N/N=C/c2ccc(-c3ccccn3)cc2)nc2c1ncn2[C@@H]1O[C@H](CO)[C@@H](O)[C@H]1O,6.6819
Nc1nc(N/N=C/c2ccc(-n3ccnc3)cc2)nc2c1ncn2[C@@H]1O[C@H](CO)[C@@H](O)[C@H]1O,6.6655
Nc1nc(N/N=C/c2ccc(-c3ccccc3)cc2)nc2c1ncn2[C@@H]1O[C@H](CO)[C@@H](O)[C@H]1O,7.9715
Nc1nc(N/N=C/c2ccc(N(c3ccccc3)c3ccccc3)cc2)nc2c1ncn2[C@@H]1O[C@H](CO)[C@@H](O)[C@H]1O,7.1739
Nc1nc(N/N=C/c2ccc[nH]2)nc2c1ncn2[C@@H]1O[C@H](CO)[C@@H](O)[C@H]1O,8.0752
Nc1nc(N/N=C/c2cncs2)nc2c1ncn2[C@@H]1O[C@H](CO)[C@@H](O)[C@H]1O,7.1487
CCCCc1nc(/C=N/Nc2nc(N)c3ncn([C@@H]4O[C@H](CO)[C@@H](O)[C@H]4O)c3n2)c(Cl)[nH]1,8.3517
Nc1nc(N/N=C/c2cccnc2Cl)nc2c1ncn2[C@@H]1O[C@H](CO)[C@@H](O)[C@H]1O,8.1989
Nc1nc(N/N=C/c2ccc(Br)cn2)nc2c1ncn2[C@@H]1O[C@H](CO)[C@@H](O)[C@H]1O,6.6216
COc1ccc(/C=N/Nc2nc(N)c3ncn([C@@H]4O[C@H](CO)[C@@H](O)[C@H]4O)c3n2)cn1,5.8389
Nc1nc(N/N=C/c2ccc3ncccc3c2)nc2c1ncn2[C@@H]1O[C@H](CO)[C@@H](O)[C@H]1O,8.2226
Nc1nc(N/N=C/C2CCCC2)nc2c1ncn2[C@@H]1O[C@H](CO)[C@@H](O)[C@H]1O,8.3749
CC(/C=N/Nc1nc(N)c2ncn([C@@H]3O[C@H](CO)[C@@H](O)[C@H]3O)c2n1)Cc1ccc(C(C)C)cc1,8.5304
CCCCC/C=C/C=C/C=N/Nc1nc(N)c2ncn([C@@H]3O[C@H](CO)[C@@H](O)[C@H]3O)c2n1,7.8752
CC#Cc1nc(NC(C2CC2)C2CC2)c2nc[nH]c2n1,5.4895
Clc1ccc(C#Cc2nc(N[C@@H]3CCOC3)c3nc[nH]c3n2)s1,5.6253
O[C@H]1CCC[C@@H]1Nc1nc(C#Cc2ccc(Cl)s2)nc2[nH]cnc12,5.1506
Clc1ccc(C#Cc2nc(NC3CCCC3)c3nc[nH]c3n2)s1,5.8729
CNc1nc(C#Cc2ccc(Cl)s2)nc2[nH]cnc12,5.8761
OC[C@H]1O[C@@H](n2cnc3c(NCCc4ccccc4)ncnc32)[C@H](O)[C@@H]1O,6.1701
OC[C@H]1O[C@@H](n2cnc3c(NC(C4CCC4)C4CCC4)ncnc32)[C@H](O)[C@@H]1O,5.4498
O[C@@H]1[C@H](O)[C@@H](CCl)O[C@H]1n1cnc2c(NC(C3CCC3)C3CCC3)ncnc21,5.2840
OC[C@H]1O[C@@H](n2cnc3c(NC(C4CCC4)C4CCC4)nc(Cl)nc32)[C@H](O)[C@@H]1O,5.5935
O[C@@H]1[C@H](O)[C@@H](CCl)O[C@H]1n1cnc2c(NC3C[C@H]4CC[C@@H]3C4)ncnc21,5.8729
O[C@@H]1[C@H](O)[C@@H](CCl)O[C@H]1n1cnc2c(N[C@H]3C[C@H]4CC[C@@H]3C4)ncnc21,5.6882
Nc1nc(Cl)nc2c1ncn2[C@H]1[C@H](O)[C@H](O)[C@]2(CCl)C[C@H]12,5.7570
O=C(NC1CC1)[C@@]12C[C@@H]1[C@@H](n1cnc3c(N[C@H]4C[C@H]5CC[C@@H]4C5)nc(Cl)nc31)[C@H](O)[C@@H]2O,6.2840
O=C(NCCO)[C@@]12C[C@@H]1[C@@H](n1cnc3c(N[C@H]4C[C@H]5CC[C@@H]4C5)nc(Cl)nc31)[C@H](O)[C@@H]2O,5.2676
OC[C@@]12C[C@@H]1[C@@H](n1cnc3c(N[C@H]4C[C@H]5CC[C@@H]4C5)nc(Cl)nc31)[C@H](O)[C@@H]2O,5.3706
CNC(=O)[C@H]1O[C@@H](n2cnc3c(N)ncnc32)[C@H](O)[C@@H]1O,6.3316
Cn1cc2c(nc(NNC(=O)OC(C)(C)C)n3nc(-c4ccco4)nc23)n1,5.4089
Cn1cc2c(nc(NCCNC(=O)OC(C)(C)C)n3nc(-c4ccco4)nc23)n1,6.2048
Cn1cc2c(nc(NCCCNC(=O)OC(C)(C)C)n3nc(-c4ccco4)nc23)n1,6.7100
Cn1cc2c(nc(NCCCCNC(=O)OC(C)(C)C)n3nc(-c4ccco4)nc23)n1,6.5045
Cn1cc2c(nc(NCCCCCNC(=O)OC(C)(C)C)n3nc(-c4ccco4)nc23)n1,6.4609
Cn1cc2c(nc(NCCOCCOCCNC(=O)OC(C)(C)C)n3nc(-c4ccco4)nc23)n1,5.8996
Cn1cc2c(nc(NCCCOCCOCCOCCCNC(=O)OC(C)(C)C)n3nc(-c4ccco4)nc23)n1,6.1713
Cn1cc2c(nc(NCC3CCC(CNC(=O)OC(C)(C)C)CC3)n3nc(-c4ccco4)nc23)n1,5.6635
Cn1cc2c(nc(N3CCN(C(=O)OC(C)(C)C)CC3)n3nc(-c4ccco4)nc23)n1,4.6696
Cl.Cn1cc2c(nc(NN)n3nc(-c4ccco4)nc23)n1,6.6326
Cl.Cn1cc2c(nc(NCCN)n3nc(-c4ccco4)nc23)n1,6.1215
Cl.Cn1cc2c(nc(NCCCN)n3nc(-c4ccco4)nc23)n1,6.5969
Cl.Cn1cc2c(nc(NCCCCN)n3nc(-c4ccco4)nc23)n1,6.7721
Cl.Cn1cc2c(nc(NCCCCCN)n3nc(-c4ccco4)nc23)n1,7.2790
Cl.Cn1cc2c(nc(NCCOCCOCCN)n3nc(-c4ccco4)nc23)n1,6.5031
Cl.Cn1cc2c(nc(NCCCOCCOCCOCCCN)n3nc(-c4ccco4)nc23)n1,6.4584
Cl.Cn1cc2c(nc(NCC3CCC(CN)CC3)n3nc(-c4ccco4)nc23)n1,6.1662
Cl.Cn1cc2c(nc(N3CCNCC3)n3nc(-c4ccco4)nc23)n1,4.8894
Cn1cc2c(nc(NCCCOCCOCCOCCCNC(=S)Nc3ccc(-c4c5ccc(=O)cc-5oc5cc(O)ccc45)c(C(=O)O)c3)n3nc(-c4ccco4)nc23)n1,5.2211
CC(=O)COc1cccc2cc(-c3ccccc3)c(=O)oc12,4.7932
CCOc1cccc2cc(-c3ccccc3)c(=O)oc12,4.2596
Cc1cccc2cc(-c3ccccc3)c(=O)oc12,4.3757
COc1ccc(-c2cc3cccc(C)c3oc2=O)cc1OC,4.5867
COc1cc(-c2cc3cccc(C)c3oc2=O)cc(OC)c1OC,4.4828
COc1cccc2cc(-c3ccc([N+](=O)[O-])cc3)c(=O)oc12,4.2284
CC(=O)Oc1cccc2cc(-c3ccccc3)c(=O)oc12,4.4473
CC(=O)Oc1ccc2cc(-c3ccccc3)c(=O)oc2c1OC(C)=O,4.6757
CC(=O)Oc1ccc(-c2cc3cccc(OC(C)=O)c3oc2=O)cc1OC(C)=O,4.1911
O=c1oc2c(O)cccc2cc1-c1ccccc1,4.3737
O=c1oc2c(O)c(O)ccc2cc1-c1ccccc1,4.9172
O=c1oc2c(O)c(O)ccc2cc1-c1ccc(O)cc1,4.2573
O=c1oc2c(O)cccc2cc1-c1ccc(O)c(O)c1,4.8539
O=c1oc2c(O)c(O)ccc2cc1-c1ccc(O)c(O)c1,4.5935
CCOC(=O)c1nc(N)c(=O)n(-c2ccccc2)n1,5.3098
Nc1nc(-c2ccccc2)nn1C(=O)c1ccco1,6.8861
Oc1cccc(-c2nc(N3CCCCC3)c3nc[nH]c3n2)c1,6.5000
Oc1ccc(-c2nc(N3CCCCC3)c3nc[nH]c3n2)cc1,7.0000
Clc1ccc(-c2nc(N3CCCCC3)c3nc[nH]c3n2)cc1,5.5000
CCCn1c(=O)c2c(nc3cc(OC)ccn32)n(CCCNC(=O)c2ccc(S(=O)(=O)F)cc2)c1=O,5.9000
CCCn1c(=O)c2c(nc3cc(OC)ccn32)n(CCCNC(=O)c2ccc(S(C)(=O)=O)cc2)c1=O,5.2000
O=C(O)C[C@H]1CC[C@@H](Oc2ccc(-c3ccc(-c4nc5cc(F)ccc5[nH]4)cn3)cn2)CC1,6.3768
N#Cc1ccc2[nH]c(-c3ccc(-c4ccc(O[C@H]5CC[C@@H](CC(=O)O)CC5)nc4)nc3)nc2c1,6.3665
O=C(O)C[C@H]1CC[C@@H](Oc2ccc(-c3ccc(-c4nc5ccccc5[nH]4)cn3)cn2)CC1,6.3468
O=C(O)C[C@H]1CC[C@@H](Oc2ccc(-c3ccc(-c4nc5cc(C(F)(F)F)cnc5[nH]4)cn3)cn2)CC1,6.0132
COc1ccc2[nH]c(-c3ccc(-c4ccc(O[C@H]5CC[C@@H](CC(=O)O)CC5)nc4)nc3)nc2n1,5.9208
Cc1ccc2[nH]c(-c3ccc(-c4ccc(O[C@H]5CC[C@@H](CC(=O)O)CC5)nc4)nc3)nc2n1,6.3098
O=C(O)C[C@H]1CC[C@H](OC2CCN(c3ccc(-c4nc5cc(C(F)(F)F)ccc5[nH]4)cn3)CC2)CC1,5.7447
O=C(O)C[C@H]1CC[C@H](OC2CCN(c3ccc(-c4nc5cc(Cl)ccc5[nH]4)cn3)CC2)CC1,6.1675
O=C(O)C[C@H]1CC[C@H](OC2CCN(c3ccc(-c4nc5c(F)cc(F)cc5[nH]4)cn3)CC2)CC1,6.2840
O=C(O)C[C@H]1CC[C@H](OC2CCN(c3ccc(-c4nc5cc(F)c(F)cc5[nH]4)cn3)CC2)CC1,5.4584
O=C(O)C[C@H]1CC[C@H](OC2CCN(c3ccc(-c4nc5c(F)cccc5[nH]4)cn3)CC2)CC1,6.0410
COc1cc(CCNc2nc(C#Cc3ccccc3F)nc3c2ncn3[C@H]2[C@H](O)[C@H](O)[C@@H]3C[C@@H]32)ccc1O,5.2328
Nc1nc(NCc2ccc(Cl)cc2)nc(-c2ccccc2CO)n1,5.7696
N#Cc1c(N)nc(SCc2cccnc2)c(C#N)c1-c1ccco1,7.3504
N#Cc1c(N)nc(SCc2cccc(C(N)=O)c2)c(C#N)c1-c1ccco1,7.2052
COC(=O)c1cccc(CSc2nc(N)c(C#N)c(-c3ccco3)c2C#N)c1,6.8360
N#Cc1c(N)nc(SCc2cccc(CO)c2)c(C#N)c1-c1ccco1,7.5831
N#Cc1c(NCc2ccccc2)nc(SCCO)c(C#N)c1-c1ccco1,6.3363
COC(=O)c1cccc(CSc2nc(N)c(C#N)c(-c3cccnc3)c2C#N)c1,6.1965
COC(=O)c1cccc(CSc2nc(N)c(C#N)c(-c3cccs3)c2C#N)c1,6.1593
COC(=O)c1cccc(CSc2nc(N)c(C#N)c(-c3ccoc3)c2C#N)c1,7.0177
N#Cc1c(N)nc(SCc2ccccn2)c(C#N)c1-c1ccco1,6.9666
N#Cc1c(N)nc(SCc2ccncc2)c(C#N)c1-c1ccco1,6.9431
N#Cc1cccc(CSc2nc(N)c(C#N)c(-c3ccco3)c2C#N)c1,7.0315
N#Cc1c(N)nc(SCc2cccc(C(=O)O)c2)c(C#N)c1-c1ccco1,6.2358
N#Cc1c(N)nc(SCC(=O)c2ccccc2)c(C#N)c1-c1ccco1,6.6498
N#CCSc1nc(N)c(C#N)c(-c2ccco2)c1C#N,6.0521
CC1=C(C(=O)OC(C)C)C(c2ccco2)n2c(nc3ccccc32)N1,7.5528
CCn1c(=O)c2nc(C3CCCC3)[nH]c2n(CC)c1=O,6.8041
COc1ccc(-c2cc(-c3cccc(Br)c3)c(C#N)c(N)n2)cc1,4.4200
O=C(Cn1cc(-c2ccccc2)c2ncn(C3CC3)c(=O)c21)NCc1ccc(F)cc1,4.4400
CCn1c(=O)c2c(C)c(C(=O)N3CCC(O)CC3)sc2n(CCC(F)(F)F)c1=O,6.0862
Cn1c(=O)c2c(nc3n2CCN(Cc2ccccc2)C3)n(C)c1=O,5.9747
Cn1c(=O)c2c(nc3n2CCN(Cc2ccc(Cl)c(Cl)c2)C3)n(C)c1=O,5.8210
Cn1c(=O)c2c(nc3n2CCN(Cc2csc(-c4ccc(Cl)cc4)n2)C3)n(C)c1=O,6.4609
Cn1c(=O)c2c(nc3n2CCN(Cc2csc(-c4cccc(Cl)c4)n2)C3)n(C)c1=O,6.4401
Cn1c(=O)c2c(nc3n2CCN(Cc2csc(-c4ccc(C(F)(F)F)cc4)n2)C3)n(C)c1=O,6.6635
Cn1c(=O)c2c(nc3n2CCN(Cc2csc(-c4cccs4)n2)C3)n(C)c1=O,6.6925
Cn1c(=O)c2c(nc3n2CCN([C@@H]2CCCc4ccccc42)C3)n(C)c1=O,6.2255
Cn1c(=O)c2c(nc3n2CCN(CCCc2cccc(Br)c2)C3)n(C)c1=O,6.2907
Cn1c(=O)c2c(nc3n2CCN(CCCc2ccc(Cl)cc2)C3)n(C)c1=O,6.6383
Cn1c(=O)c2c(nc3n2CCN(c2cccc(Cl)c2)C3)n(C)c1=O,5.0526
Cn1c(=O)c2c(nc3n2CCN3Cc2cccc(Br)c2)n(C)c1=O,6.4330
Cn1c(=O)c2c(nc3n2CCN3Cc2ccccc2Br)n(C)c1=O,6.0521
COc1ccccc1CN1CCn2c1nc1c2c(=O)n(C)c(=O)n1C,6.1057
Cn1c(=O)c2c(nc3n2CCCN3Cc2ccccc2F)n(C)c1=O,5.9172
Cn1c(=O)c2c(nc3n2CCCN3CCc2cccnc2)n(C)c1=O,5.5171
Cn1c(=O)c2c(nc3n2CCCN3Cc2ccc(F)c(Br)c2)n(C)c1=O,5.0825
Cn1c(=O)c2c(nc3n2CCCN3Cc2cccs2)n(C)c1=O,5.6946
COc1ccc(CN2CCCn3c2nc2c3c(=O)n(C)c(=O)n2C)cc1Cl,5.0969
Cn1c(=O)c2c(nc3n2CCCN3Cc2ccc(Cl)cc2F)n(C)c1=O,5.0501
Cn1c(=O)c2c(nc3n2CCCN3Cc2cccc(Br)c2)n(C)c1=O,5.7696
Cn1c(=O)c2c(nc3n2CCCN3Cc2ccccc2Br)n(C)c1=O,5.7932
COc1ccc(Cl)c(CN2CCCn3c2nc2c3c(=O)n(C)c(=O)n2C)c1F,6.2027
Cc1ccccc1CN1CCCn2c1nc1c2c(=O)n(C)c(=O)n1C,5.9914
Cn1c(=O)c2c(nc3n2CCCN3Cc2c(F)cccc2Cl)n(C)c1=O,6.7235
Cn1c(=O)c2c(nc3n2CCCCN3Cc2ccccc2Cl)n(C)c1=O,6.0550
Cn1c(=O)c2c(nc3n2CCCCN3Cc2ccccc2F)n(C)c1=O,2.9666
Cn1c(=O)c2c(nc3n2CCCCN3Cc2ccccc2Br)n(C)c1=O,6.1152
COc1ccccc1CN1CCCCn2c1nc1c2c(=O)n(C)c(=O)n1C,6.0182
Cn1c(=O)c2c(nc3n2CCCCN3Cc2ccc(Cl)cc2Cl)n(C)c1=O,5.8013
CCOC(=O)C1=C(C)Nc2nc3ccccc3n2C1c1ncco1,8.6990
CC1=C(C(=O)OC(C)C)C(c2ncco2)n2c(nc3ccccc32)N1,9.0000
CCOC(=O)C1=C(C)Nc2nc3ccccc3n2C1c1nccs1,8.5229
CCOC(=O)C1=C(C)Nc2nc3ccccc3n2C1c1ncc[nH]1,8.3010
CCOC(=O)C1=C(C)Nc2nc3ccccc3n2C1c1cnco1,6.5498
Nc1nc(NCc2ccc(S(N)(=O)=O)cc2)nc2sc(-c3ccco3)nc12,7.0605
Nc1nc(NCCc2ccc(S(N)(=O)=O)cc2)nc2sc(-c3ccco3)nc12,6.5302
Nc1nc(N2CCN(c3ccc(S(N)(=O)=O)cc3)CC2)nc2sc(-c3ccco3)nc12,8.2418
Nc1nc(NCCN2CCN(c3ccc(S(N)(=O)=O)cc3)CC2)nc2sc(-c3ccco3)nc12,7.0655
Nc1nc(NCC2CCN(CC(=O)Nc3ccc(S(N)(=O)=O)cc3)CC2)nc2sc(-c3ccco3)nc12,8.6946
Nc1nc(NCC2CCN(CC(=O)NCc3ccc(S(N)(=O)=O)cc3)CC2)nc2sc(-c3ccco3)nc12,7.2441
Nc1nc(NCC2CCN(CC(=O)NCCc3ccc(S(N)(=O)=O)cc3)CC2)nc2sc(-c3ccco3)nc12,7.2218
Nc1nc(N2CCC(CNC(=O)c3ccc(S(N)(=O)=O)cc3)CC2)nc2sc(-c3ccco3)nc12,6.3116
Nc1nc(N2CCC(CNC(=O)c3cccc(S(N)(=O)=O)c3)CC2)nc2sc(-c3ccco3)nc12,7.3872
Nc1nc(N2CCC(CNC(=O)CN3C(=O)c4ccccc4S3(=O)=O)CC2)nc2sc(-c3ccco3)nc12,6.3116
Nc1nc(N2CCC(CNC(=O)CCN3C(=O)c4ccccc4S3(=O)=O)CC2)nc2sc(-c3ccco3)nc12,6.1945
CCOC(=O)c1ccc(N2CCN(c3nc(N)c4nc(-c5ccco5)sc4n3)CC2)cc1,6.5544
Nc1nc(-c2ccc(OCCN3CCOCC3)cc2)cn2c(=O)n(-c3ccccc3)nc12,6.7595
Nc1nc(-c2ccc(OCCN3CCCC3)cc2)cn2c(=O)n(-c3ccccc3)nc12,6.6383
Nc1nc(-c2ccc(OCCN3CCCCC3)cc2)cn2c(=O)n(-c3ccccc3)nc12,7.3429
Nc1nc(-c2ccc(OCCO)cc2)cn2c(=O)n(-c3ccccc3)nc12,6.6021
CN1CCN(CCOc2ccc(-c3cn4c(=O)n(-c5ccccc5)nc4c(N)n3)cc2)CC1,7.0696
Nc1nc(-c2ccc(OCC(O)CO)cc2)cn2c(=O)n(-c3ccccc3)nc12,6.4498
Nc1nc(-c2ccc(OCC(O)CN3CCCCC3)cc2)cn2c(=O)n(-c3ccccc3)nc12,7.0376
Nc1nc(-c2ccc(OCC(O)CN3CCOCC3)cc2)cn2c(=O)n(-c3ccccc3)nc12,6.7055
Nc1nc(-c2ccc(NC(=O)CCN3CCCC3)cc2)cn2c(=O)n(-c3ccccc3)nc12,8.3655
Nc1nc(-c2ccc(NC(=O)CCN3CCCCC3)cc2)cn2c(=O)n(-c3ccccc3)nc12,8.2924
Nc1nc(-c2ccc(NC(=O)CCN3CCOCC3)cc2)cn2c(=O)n(-c3ccccc3)nc12,8.4437
CN1CCN(CCC(=O)Nc2ccc(-c3cn4c(=O)n(-c5ccccc5)nc4c(N)n3)cc2)CC1,7.9574
Nc1nc(-c2ccc(NC(=O)CCN3CCN(CCO)CC3)cc2)cn2c(=O)n(-c3ccccc3)nc12,8.1385
Nc1nc(-c2ccc(NC(=O)CCN3CCN(c4ccccc4)CC3)cc2)cn2c(=O)n(-c3ccccc3)nc12,7.9281
NCC1CCN(CCC(=O)Nc2ccc(-c3cn4c(=O)n(-c5ccccc5)nc4c(N)n3)cc2)CC1,6.9101
NC(=O)C1CCN(CCC(=O)Nc2ccc(-c3cn4c(=O)n(-c5ccccc5)nc4c(N)n3)cc2)CC1,7.1013
CCOC(=O)CCCNc1nc2nn(C)cc2c2nc(-c3ccco3)nn12,6.6364
COC(=O)[C@@H]1CCCN1c1nc2nn(C)cc2c2nc(-c3ccco3)nn12,6.3686
CCOC(=O)CC[C@H](Nc1nc2nn(C)cc2c2nc(-c3ccco3)nn12)C(=O)OCC,5.5735
CCOC(=O)C[C@H](Nc1nc2nn(C)cc2c2nc(-c3ccco3)nn12)C(=O)OCC,6.3516
CCOC(=O)C(Nc1nc2nn(C)cc2c2nc(-c3ccco3)nn12)C(O)c1ccccc1,6.4248
CCOC(=O)[C@H](Cc1ccccc1)Nc1nc2nn(C)cc2c2nc(-c3ccco3)nn12,5.8861
CCOC(=O)[C@H](Cc1ccc(O)cc1)Nc1nc2nn(C)cc2c2nc(-c3ccco3)nn12,5.8854
CCOC(=O)C(CO)Nc1nc2nn(C)cc2c2nc(-c3ccco3)nn12,6.4584
CCOC(=O)[C@@H](Cc1cc2ccccc2[nH]1)Nc1nc2nn(C)cc2c2nc(-c3ccco3)nn12,6.0511
CCOC(=O)C(Nc1nc2nn(C)cc2c2nc(-c3ccco3)nn12)c1ccccc1,6.0655
CCCCC(Nc1nc2nn(C)cc2c2nc(-c3ccco3)nn12)C(=O)OCC,6.2588
CCOC(=O)C(CC(C)C)Nc1nc2nn(C)cc2c2nc(-c3ccco3)nn12,6.4001
CCOC(=O)C(Nc1nc2nn(C)cc2c2nc(-c3ccco3)nn12)C(C)C,5.8955
CCOC(=O)C(C)Nc1nc2nn(C)cc2c2nc(-c3ccco3)nn12,6.0862
CCCn1c(=S)sc2c(=N)n(NC(N)=O)cnc21,11.4202
CCCOC(=O)c1c(-c2ccccc2)nc(CC)c(C(=O)SCC)c1CCC,5.4365
CC[C@@H]1CN2C(=O)N(C)c3nc(-c4ccccc4)[nH]c3C2=N1,6.9666
CC[C@@H]1CN2C(=O)N(C)c3nc(-c4cc(Cl)cc(Cl)c4Cl)[nH]c3C2=N1,5.5686
O=C(Nc1nc(-c2ccccc2)c(C(=O)c2ccc(F)cc2F)s1)c1ccco1,6.8794
Cc1ccc(C(=O)c2sc(NC(=O)c3ccco3)nc2-c2ccccc2)cc1,5.9172
O=C(Nc1nc(-c2ccccc2)c(C(=O)c2ccc(Cl)cc2)s1)c1ccccc1,7.4078
O=C(Nc1nc(-c2ccccc2)c(-c2ccccn2)s1)c1ccccc1,7.0778
O=C(Nc1nc(-c2ccccc2)c(C(=O)c2ccc(F)cc2F)s1)c1ccccc1,7.1096
Cc1cccnc1CNC(=O)c1cnc(-c2ccco2)nc1N,7.7975
Cc1cccnc1CNC(=O)c1c(N)nc(-c2ccco2)nc1OC[C@H](C)O,8.5361
Cc1cccnc1CNC(=O)c1c(N)nc(-c2ccco2)nc1OCCF,8.8861
COc1nc(-c2ncco2)nc(N)c1C(=O)NCc1c(Cl)cccc1Cl,8.9387
Cc1ccc(-c2nc(N)nc3c2nnn3Cc2cccc(CO[C@H]3CCOC3)n2)o1,7.1549
NC(=O)Cc1cc(N2CCN(CCn3c(=O)sc4c3nc(N)n3nc(-c5ccco5)nc43)CC2)c(F)cc1F,8.1990
C[S+]([O-])CCOc1cc(N2CCN(CCn3c(=O)sc4c3nc(N)n3nc(-c5ccco5)nc43)CC2)c(F)cc1F,8.6990
Nc1nc(-n2cc(O)cn2)nc(-n2cccn2)c1Br,7.3010
Nc1nc(-c2ccc(S(N)(=O)=O)cc2)cn2c(=O)n(-c3ccccc3)nc12,6.0672
CN(C)c1nc(-c2ccc(S(N)(=O)=O)cc2)cn2c(=O)n(-c3ccccc3)nc12,5.4104
CCOC(=O)CNc1ccc(-c2cn3c(=O)n(-c4ccccc4)nc3c(N)n2)cc1,5.2009
Nc1nc(-c2ccc(NC(=O)CCC(=O)O)cc2)cn2c(=O)n(-c3ccccc3)nc12,6.2418
COc1ccc(C(=O)Nc2ccc(-c3cn4c(=O)n(-c5ccccc5)nc4c(N)n3)cc2)cc1,9.1549
COc1ccc(C(=O)Nc2ccc(-c3cn4c(=O)n(-c5ccccc5)nc4c(N)n3)cc2)cc1OC,7.6861
Nc1nc(-c2ccc(NC(=O)c3ccc(O)cc3)cc2)cn2c(=O)n(-c3ccccc3)nc12,7.3851
Nc1nc(-c2ccc(NC(=O)c3ccc(O)c(O)c3)cc2)cn2c(=O)n(-c3ccccc3)nc12,8.0458
CCOC(=O)c1ccc(C(=O)Nc2ccc(-c3cn4c(=O)n(-c5ccccc5)nc4c(N)n3)cc2)cc1,5.8674
Nc1nc(-c2ccc(NC(=O)c3ccc(C(=O)O)cc3)cc2)cn2c(=O)n(-c3ccccc3)nc12,7.0904
Nc1nc(-c2ccc(NC(=O)c3ccc(C(=O)NO)cc3)cc2)cn2c(=O)n(-c3ccccc3)nc12,7.4437
Nc1nc(-c2ccc(NC(=O)c3ccc(S(N)(=O)=O)cc3)cc2)cn2c(=O)n(-c3ccccc3)nc12,7.6179
Nc1nc(-c2ccc(NC(=O)c3cccc(S(N)(=O)=O)c3)cc2)cn2c(=O)n(-c3ccccc3)nc12,7.8697
Nc1nc(-c2ccc(NCc3ccc(S(N)(=O)=O)cc3)cc2)cn2c(=O)n(-c3ccccc3)nc12,7.5544
Nc1nc(-c2ccc(NCC(=O)c3ccc(S(N)(=O)=O)cc3)cc2)cn2c(=O)n(-c3ccccc3)nc12,7.5850
Nc1nc(-c2ccc(NC(=O)CCNCCc3ccc(S(N)(=O)=O)cc3)cc2)cn2c(=O)n(-c3ccccc3)nc12,7.9747
Nc1nc(-c2ccc(NC(=O)CCNCc3ccc(S(N)(=O)=O)cc3)cc2)cn2c(=O)n(-c3ccccc3)nc12,7.0164
Nc1nc(-c2ccc(NC(=O)CCNC(=O)c3ccc(S(N)(=O)=O)cc3)cc2)cn2c(=O)n(-c3ccccc3)nc12,6.5000
Nc1nc(-c2ccc(NC(=O)CCNC(=O)c3cccc(S(N)(=O)=O)c3)cc2)cn2c(=O)n(-c3ccccc3)nc12,8.0362
Nc1nc(-c2ccc(OCCNCCc3ccc(S(N)(=O)=O)cc3)cc2)cn2c(=O)n(-c3ccccc3)nc12,7.0560
Nc1nc(-c2ccc(OCCNC(=O)c3ccc(S(N)(=O)=O)cc3)cc2)cn2c(=O)n(-c3ccccc3)nc12,8.1675
O=C(NCc1ccc(Nc2ncnc3c2ncn3[C@@H]2O[C@H](CO)[C@@H](O)[C@H]2O)cc1)c1ccc(S(=O)(=O)F)cc1,7.1700
OC[C@H]1O[C@@H](n2cnc3c(Nc4ccc(CN=C=S)cc4)ncnc32)[C@H](O)[C@@H]1O,6.1900
OC[C@H]1O[C@@H](n2cnc3c(Nc4ccc(CNC(=S)Nc5ccc(N=C=S)cc5)cc4)ncnc32)[C@H](O)[C@@H]1O,7.1700
CCN(CC)CC.CCN(CC)CC.Cn1cc2c(nc(NC(=O)CCCc3cn(CCCCCCNC(=O)c4ccc(-c5c6ccc(=N)c(S(=O)(=O)O)c-6oc6c(S(=O)(=O)O)c(N)ccc56)c(C(=O)O)c4)nn3)n3nc(-c4ccco4)nc23)n1,7.0458
C#CCCCCCNC(=O)Nc1nc2nn(C)cc2c2nc(-c3ccco3)nn12,6.3170
C#CCCCCNC(=O)Nc1nc2nn(C)cc2c2nc(-c3ccco3)nn12,6.8210
C#CCCCNC(=O)Nc1nc2nn(C)cc2c2nc(-c3ccco3)nn12,6.7011
C#CCCNC(=O)Nc1nc2nn(C)cc2c2nc(-c3ccco3)nn12,6.8761
Cn1cc2c(nc(NC(=O)Nc3ccc(CC(=O)OCCCOCCOCCOCCCNC(=S)Nc4ccc(-c5c6ccc(=O)cc-6oc6cc(O)ccc56)c(C(=O)O)c4)cc3)n3nc(-c4ccco4)nc23)n1,7.0386
Cn1cc2c(nc(NC(=O)Nc3ccc(CC(=O)OCCOCCOCCNC(=S)Nc4ccc(-c5c6ccc(=O)cc-6oc6cc(O)ccc56)c(C(=O)O)c4)cc3)n3nc(-c4ccco4)nc23)n1,7.0191
Cn1cc2c(nc(NC(=O)Nc3ccc(CC(=O)OCCCCCNC(=S)Nc4ccc(-c5c6ccc(=O)cc-6oc6cc(O)ccc56)c(C(=O)O)c4)cc3)n3nc(-c4ccco4)nc23)n1,6.9747
Cn1cc2c(nc(NC(=O)Nc3ccc(CC(=O)OCCCCNC(=S)Nc4ccc(-c5c6ccc(=O)cc-6oc6cc(O)ccc56)c(C(=O)O)c4)cc3)n3nc(-c4ccco4)nc23)n1,7.2190
Cn1cc2c(nc(NC(=O)Nc3ccc(CC(=O)OCCCNC(=S)Nc4ccc(-c5c6ccc(=O)cc-6oc6cc(O)ccc56)c(C(=O)O)c4)cc3)n3nc(-c4ccco4)nc23)n1,6.9586
Cn1cc2c(nc(NC(=O)Nc3ccc(CC(=O)OCCCOCCOCCOCCCN)cc3)n3nc(-c4ccco4)nc23)n1.O=C(O)C(F)(F)F,6.4841
Cn1cc2c(nc(NC(=O)Nc3ccc(CC(=O)OCCOCCOCCN)cc3)n3nc(-c4ccco4)nc23)n1.O=C(O)C(F)(F)F,6.5735
Cn1cc2c(nc(NC(=O)Nc3ccc(CC(=O)OCCCCCN)cc3)n3nc(-c4ccco4)nc23)n1.O=C(O)C(F)(F)F,6.6925
Cn1cc2c(nc(NC(=O)Nc3ccc(CC(=O)OCCCCN)cc3)n3nc(-c4ccco4)nc23)n1.O=C(O)C(F)(F)F,6.7645
Cn1cc2c(nc(NC(=O)Nc3ccc(CC(=O)OCCCN)cc3)n3nc(-c4ccco4)nc23)n1.O=C(O)C(F)(F)F,6.7570
Cn1cc2c(nc(NC(=O)Nc3ccc(CC(=O)OCCCOCCOCCOCCCNC(=O)OC(C)(C)C)cc3)n3nc(-c4ccco4)nc23)n1,6.4855
Cn1cc2c(nc(NC(=O)Nc3ccc(CC(=O)OCCOCCOCCNC(=O)OC(C)(C)C)cc3)n3nc(-c4ccco4)nc23)n1,6.3410
Cn1cc2c(nc(NC(=O)Nc3ccc(CC(=O)OCCCCCNC(=O)OC(C)(C)C)cc3)n3nc(-c4ccco4)nc23)n1,6.4248
Cn1cc2c(nc(NC(=O)Nc3ccc(CC(=O)OCCCCNC(=O)OC(C)(C)C)cc3)n3nc(-c4ccco4)nc23)n1,6.5171
Cn1cc2c(nc(NC(=O)Nc3ccc(CC(=O)OCCCNC(=O)OC(C)(C)C)cc3)n3nc(-c4ccco4)nc23)n1,6.8239
CCCNc1nc(C#Cc2ccc(F)s2)nc2c1ncn2[C@@H]1O[C@H](C(=O)NC)[C@@H](O)[C@H]1O,5.6091
CNC(=O)[C@@]12C[C@@H]1[C@@H](n1cnc3c(NC)nc(C#Cc4ccc(F)s4)nc31)[C@H](O)[C@@H]2O,5.3354
CCCNc1nc(C#Cc2ccc(F)s2)nc2c1ncn2[C@H]1[C@H](O)[C@H](O)[C@]2(C(=O)NC)C[C@H]12,6.0768
COc1ccc(N2CCOCC2)c2sc(NC(=O)N3CCCCC3)nc12,8.2218
COc1ccc(N2CCOCC2)c2sc(NC(=O)N3CC=CCC3)nc12,8.6198
COc1ccc(N2CCOCC2)c2sc(NC(=O)N3CCC(O)CC3)nc12,8.4202
COc1ccc(N2CCOCC2)c2sc(NC(=O)N3CCC(OC)CC3)nc12,7.4815
COc1ccc(N2CCOCC2)c2sc(NC(=O)N3CCC(F)CC3)nc12,8.3098
COc1ccc(N2CCOCC2)c2sc(NC(=O)N3CCCC(F)C3)nc12,8.1938
COc1ccc(N2CCOCC2)c2sc(NC(=O)N3CCC(CF)CC3)nc12,8.4437
COc1ccc(N2CCOCC2)c2sc(NC(=O)N3CCC(OCCF)CC3)nc12,7.6216
COc1ccc(N2CCOCC2)c2sc(NC(=O)N3CCC(COCCF)CC3)nc12,7.4547
COc1ccc(N2CCOCC2)c2sc(NC(=O)N3CCC(F)(CO)CC3)nc12,8.4437
COc1ccc(N2CCOCC2)c2sc(NC(=O)N3CCC(O)(CF)CC3)nc12,8.5528
COc1ccc(N2CCOCC2)c2sc(NC(=O)N3CCC(O)(CCF)CC3)nc12,8.0269
COc1ccc(N2CCOCC2)c2sc(NC(=O)N3CCC(C(O)CF)CC3)nc12,8.1938
COc1ccc(N2CCOCC2)c2sc(NC(=O)N3CCC(C(C)(O)CF)CC3)nc12,7.4208
CC1(O)CCN(C(=O)Nc2nc3c(OCCF)ccc(N4CCOCC4)c3s2)CC1,6.4425
Nc1nc(NCCc2ccc(O)cc2)nc2nc(C3=CCCO3)nn12,8.3188
Nc1nc(-c2cccc(Br)c2)cn2c1nc1ccccc12,7.0809
Nc1nc(Cc2ccccc2)cn2c1nc1ccccc12,7.5086
COc1cccc(-c2cn3c(nc4cc(F)c(F)cc43)c(N)n2)c1,7.1135
Nc1nc(-c2ccccc2)cn2c1nc1ccccc12,7.3325
COc1ccccc1-c1cn2c(nc3ccccc32)c(N)n1,7.0804
COc1cccc(-c2cn3c(nc4ccccc43)c(N)n2)c1,7.9957
Cc1ccc(-c2cn3c(nc4ccccc43)c(N)n2)cc1,7.8416
CC(C)(C)c1ccc(-c2cn3c(nc4ccccc43)c(N)n2)cc1,7.4815
COc1ccc(-c2cn3c(nc4ccccc43)c(N)n2)cc1,7.2907
Nc1nc(-c2ccc(O)cc2)cn2c1nc1ccccc12,7.0899
Nc1nc(-c2ccc(Cl)cc2)cn2c1nc1ccccc12,7.4510
Nc1nc(-c2ccc(Br)cc2)cn2c1nc1ccccc12,7.4157
Nc1nc(-c2ccc(F)cc2F)cn2c1nc1ccccc12,7.4724
Nc1nc(-c2ccc(C(F)(F)F)cc2)cn2c1nc1ccccc12,7.5768
Nc1nc(-c2ccc(OC(F)(F)F)cc2)cn2c1nc1ccccc12,6.8834
Nc1nc(-c2ccc([N+](=O)[O-])cc2)cn2c1nc1ccccc12,7.1433
N#Cc1ccc(-c2cn3c(nc4ccccc43)c(N)n2)cc1,7.1284
Nc1nc(-c2ccco2)cn2c1nc1ccccc12,7.4868
CC(=O)Nc1ccc(-c2cn3c(nc4ccccc43)c(N)n2)cc1,6.5061
CC(=O)Nc1cccc(-c2cn3c(nc4ccccc43)c(N)n2)c1,7.3134
Nc1nc(CO)cn2c1nc1ccccc12,6.8268
Cc1c(-c2ccccc2)nc(N)c2nc3ccccc3n12,6.9442
CCNC(=O)[C@H]1O[C@@H](n2cnc3c(NCCCCc4ccccc4)ncnc32)[C@H](O)[C@@H]1O,4.8627
OC[C@H]1O[C@@H](n2cnc3c(NCCCc4ccccc4)ncnc32)[C@H](O)[C@@H]1O,5.1904
Nc1ncnc2c1nc(C#Cc1ccccc1)n2[C@H]1C[C@H](O)[C@@H](CO)O1,5.7011
OC[C@H]1O[C@@H](n2cnc3c(NCCCCc4ccccc4)ncnc32)[C@H](O)[C@@H]1O,4.1302
CNC(=O)[C@H]1O[C@@H](n2cnc3c(NCCCCc4ccccc4)ncnc32)[C@H](O)[C@@H]1O,4.8356
OC[C@H]1O[C@@H](n2cnc3c(NCCCCc4ccccc4)nc(Cl)nc32)[C@H](O)[C@@H]1O,4.6576
Cn1cc(-c2c(-c3ccccc3)nc(N)n3nc(Cc4ncccc4F)nc23)ccc1=O,9.2441
Nc1nc(-c2ccc(F)cc2)c(-c2ccc(=O)[nH]c2)c2nc(Cc3ccc(F)cn3)nn12,9.5229
Nc1nc(-c2ccccc2)c(-c2ccnnc2)c2nc(Cc3ncccc3F)nn12,8.0424
COc1ccc(Cc2nc3c(-c4ccc(=O)n(C)c4)c(-c4ccccc4)nc(N)n3n2)nc1,8.1124
Nc1nc(-c2ccccc2)c(-c2ccc(=O)[nH]c2)c2nc(Cc3ncc(F)cc3Cl)nn12,9.5376
Nc1nc(-c2ccccc2)c(-c2ccnnc2)c2nc(CC3CCCO3)nn12,7.0764
Nc1nc(-c2ccc(F)cc2)c(-c2ccc(=O)[nH]c2)c2nc(CCC(F)(F)F)nn12,9.1308
Cc1cc(-c2c(-c3ccc(F)cc3)nc(N)n3nc(CN4CCCCC4)nc23)c[nH]c1=O,8.2426
Cn1cc(-c2c(-c3ccccc3)nc(N)n3nc([C@H](O)c4ncccc4F)nc23)ccc1=O,9.2840
Cn1cc(-c2c(-c3ccc(F)cc3)nc(N)n3nc([C@H](O)c4ncccc4F)nc23)ccc1=O,8.0605
CNC(=O)c1ccc(Nc2ncc(C(F)(F)F)c(NCc3nccnc3N(C)S(C)(=O)=O)n2)cc1,6.4318
N[C@@H]1CS[C@@H](n2cnc3c(NCc4cccc(I)c4)nc(Cl)nc32)[C@@H]1O,5.6216
N[C@@H]1CS[C@@H](n2cnc3c(NCc4cccc(I)c4)ncnc32)[C@@H]1O,5.6383
Nc1ccccc1NC(=O)c1ccc(CCn2ccc3c2nc(N)n2nc(-c4ccco4)nc32)cc1,9.0605
Nc1nc(NCCc2ccc(C(=O)NO)cc2)nc2nc(-c3ccco3)nn12,8.2007
Nc1nc(NCCc2ccc(/C=C/C(=O)NO)cc2)nc2nc(-c3ccco3)nn12,7.4225
Nc1nc(NCCc2ccc(OCCCC(=O)NO)cc2)nc2nc(-c3ccco3)nn12,8.2218
Nc1nc(NCCc2ccc(OCCCCC(=O)NO)cc2)nc2nc(-c3ccco3)nn12,8.2366
Nc1nc(NCCc2ccc(OCCCCCC(=O)NO)cc2)nc2nc(-c3ccco3)nn12,9.0223
Nc1nc(NCCc2ccc(NC(=O)CCCCCCC(=O)NO)cc2)nc2nc(-c3ccco3)nn12,7.9469
CN(CCc1ccc(C(=O)NO)cc1)c1nc(N)n2nc(-c3ccco3)nc2n1,8.3565
CCN(CCc1ccc(C(=O)NO)cc1)c1nc(N)n2nc(-c3ccco3)nc2n1,8.6198
Nc1nc(NCc2ccc(C(=O)NO)cc2)nc2nc(-c3ccco3)nn12,7.0716
Nc1nc(NCc2ccc(/C=C/C(=O)NO)cc2)nc2nc(-c3ccco3)nn12,7.5686
Nc1nc(NCc2ccc(OCCCCC(=O)NO)cc2)nc2nc(-c3ccco3)nn12,7.7011
Nc1nc(NCCCc2ccc(C(=O)NO)cc2)nc2nc(-c3ccco3)nn12,8.0757
Nc1nc(NCCOc2ccc(C(=O)NO)cc2)nc2nc(-c3ccco3)nn12,7.9914
CN(CCOc1ccc(C(=O)NO)cc1)c1nc(N)n2nc(-c3ccco3)nc2n1,7.8041
Nc1nc(NCCCCCCC(=O)NO)nc2nc(-c3ccco3)nn12,7.6737
Nc1nc(N2CCN(CCc3ccc(C(=O)NO)cc3)CC2)nc2nc(-c3ccco3)nn12,8.3768
Nc1nc2c(cnn2CCc2ccc(C(=O)NO)cc2)c2nc(-c3ccco3)nn12,8.3665
Nc1nc2c(cnn2CCc2ccc(OCCCCCC(=O)NO)cc2)c2nc(-c3ccco3)nn12,8.6990
Nc1nc2c(cnn2CCc2ccc(NC(=O)CCCCCCC(=O)NO)cc2)c2nc(-c3ccco3)nn12,8.3098
Nc1nc2c(cnn2CCCCC(=O)NO)c2nc(-c3ccco3)nn12,7.0820
Nc1nc2c(cnn2CCCCCC(=O)NO)c2nc(-c3ccco3)nn12,7.1090
Nc1nc2c(cnn2CCCCCCC(=O)NO)c2nc(-c3ccco3)nn12,7.9957
Nc1nc2c(cnn2CCN2CCC(c3ccc(C(=O)NO)cc3)CC2)c2nc(-c3ccco3)nn12,8.4318
Nc1nc2c(cnn2CCN2Cc3ccc(C(=O)NO)cc3C2)c2nc(-c3ccco3)nn12,7.2190
Nc1nc2c(cnn2CCN2CCc3ccc(C(=O)NO)cc3C2)c2nc(-c3ccco3)nn12,8.2518
Nc1ccccc1NC(=O)c1ccc(CCNc2nc(N)n3nc(-c4ccco4)nc3n2)cc1,8.4089
Nc1ccccc1NC(=O)c1ccc(CNc2nc(N)n3nc(-c4ccco4)nc3n2)cc1,7.4584
Nc1ccccc1NC(=O)c1ccc(CCCNc2nc(N)n3nc(-c4ccco4)nc3n2)cc1,8.4089
Nc1ccccc1NC(=O)c1ccc(OCCNc2nc(N)n3nc(-c4ccco4)nc3n2)cc1,8.3098
Nc1ccccc1NC(=O)c1ccc(CCn2ncc3c2nc(N)n2nc(-c4ccco4)nc32)cc1,8.6576
Nc1ccccc1NC(=O)c1ccc(Cn2ncc3c2nc(N)n2nc(-c4ccco4)nc32)cc1,7.0610
Nc1ccccc1NC(=O)c1ccc(CCCn2ncc3c2nc(N)n2nc(-c4ccco4)nc32)cc1,8.4815
Nc1ccccc1NC(=O)c1ccc(OCCn2ncc3c2nc(N)n2nc(-c4ccco4)nc32)cc1,7.3595
Nc1cc(F)ccc1NC(=O)c1ccc(CCNc2nc(N)n3nc(-c4ccco4)nc3n2)cc1,8.0177
Nc1cc(F)ccc1NC(=O)c1ccc(CCn2ncc3c2nc(N)n2nc(-c4ccco4)nc32)cc1,8.5528
Nc1cc(F)ccc1NC(=O)c1ccc(CCCn2ncc3c2nc(N)n2nc(-c4ccco4)nc32)cc1,7.9957
Cc1ccc(-c2nc3c4cnn(CCc5ccc(C(=O)Nc6ccccc6N)cc5)c4nc(N)n3n2)o1,7.7328
N#Cc1cccc(-c2nc3c4cnn(CCc5ccc(C(=O)Nc6ccccc6N)cc5)c4nc(N)n3n2)c1,8.1871
Nc1nc(-c2ccc(OCCCN3CCCCC3)cc2)c2c(n1)-c1ccccc1C2,6.1445
Nc1nc(-c2ccc(OCCCN3CCCCC3)cc2)c2c(n1)-c1ccc(OCCCN3CCCCC3)cc1C2,6.0264
Nc1nc(-c2ccccc2)c2c(n1)-c1cc(OCCCN3CCCC3)ccc1C2,8.1397
Nc1nc(-c2ccccc2)c2c(n1)-c1cc(OCCCN3CCCCC3)ccc1C2,8.3143
Nc1nc(-c2ccc(OCCCN3CCCCC3)cc2)c2c(n1)-c1ccccc1C2=O,7.4498
Nc1nc(-c2ccccc2)c2c(n1)-c1ccc(OCCCN3CCCC3)cc1C2=O,6.9830
Nc1nc(-c2ccc(OCCCN3CCCCC3)cc2)c2c(n1)-c1ccc(OCCCN3CCCCC3)cc1C2=O,6.6925
Nc1nc(-c2ccccc2)c2c(n1)-c1cc(OCCCN3CCCC3)ccc1C2=O,8.2048
Nc1nc(-c2ccccc2)c2c(n1)-c1ccc(OCCCN3CCCCC3)cc1C2=O,6.8477
Nc1nc(-c2ccccc2)c2c(n1)-c1cc(OCCCN3CCCCC3)ccc1C2=O,8.3969
C#CCCCCNC(=O)C12CCC(c3nc4c(=O)n(CCCC)c(=O)n(CCCNC(=O)c5ccc(S(=O)(=O)F)cc5)c4[nH]3)(CC1)CC2,7.1500
CCCCn1c(=O)c2nc(C34CCC(C(=O)NCCOCCOCCOCCN=[N+]=[N-])(CC3)CC4)[nH]c2n(CCCNC(=O)c2ccc(S(=O)(=O)F)cc2)c1=O,7.4401
CCCCn1c(=O)c2nc(C34CCC(C(=O)NCCOCCOCCN=[N+]=[N-])(CC3)CC4)[nH]c2n(CCCNC(=O)c2ccc(S(=O)(=O)F)cc2)c1=O,7.5003
CCCCn1c(=O)c2nc(C34CCC(C(=O)NCCCCN=[N+]=[N-])(CC3)CC4)[nH]c2n(CCCNC(=O)c2ccc(S(=O)(=O)F)cc2)c1=O,6.7799
CCCn1c(=O)c2nc(C34CCC(C(=O)NCCCN=[N+]=[N-])(CC3)CC4)[nH]c2n(CCCNC(=O)c2ccc(S(=O)(=O)F)cc2)c1=O,7.5800
CCCCn1c(=O)c2nc(C34CCC(C(=O)NCCCN=[N+]=[N-])(CC3)CC4)[nH]c2n(CCCNC(=O)c2ccc(S(=O)(=O)F)cc2)c1=O,7.4202
N#Cc1c(N)nc(SCc2ncc[nH]2)nc1-c1ccccc1,6.8700
Nc1nc(SCc2ncc[nH]2)nc(-c2ccccc2)n1,6.1700
N#Cc1c(SCc2ncc[nH]2)nc(N)nc1-c1ccccc1,7.6750
N#Cc1c(-c2ccccc2)cc(SCc2ncc[nH]2)nc1N,6.1000
N#Cc1c(-c2ccccc2)cc(N)nc1SCc1ncc[nH]1,5.9900
Cc1cc(C)cc(-c2nc(NC(=O)c3cccnc3)sc2-c2ccncc2)c1,6.9172
Cc1cc(F)cc(-c2nc(NC(=O)c3cccnc3)sc2-c2ccncc2)c1,5.4498
CCCn1c(=O)c2[nH]c(C34CCC(C(=O)NCCNC(=O)CCNC(=O)CCNC(=O)CCCCCNC(=O)COc5ccc(/C=C/C6=[N+]7C(=Cc8ccc(-c9cccs9)n8[B-]7(F)F)C=C6)cc5)(CC3)CC4)nc2n(CCC)c1=O,7.5501
CCCn1c(=O)c2[nH]c(C34CC5CC(CC(C5)C3)C4)nc2n(CCCNC(=O)c2ccc(C(=O)NCCNC(=O)CCNC(=O)CCCCCNC(=O)COc3ccc(/C=C/C4=[N+]5C(=Cc6ccc(-c7cccs7)n6[B-]5(F)F)C=C4)cc3)cc2)c1=O,7.3000
Nc1nc(-c2ccccc2)c2c(n1)-c1ccccc1C2,7.9508
COc1cc(-c2nc(N)nc(-c3ccccc3)c2C#N)cc(OC)c1OC,9.0223
COc1cc(OC)cc(-c2nc(N)nc(-c3ccccc3)c2C#N)c1,8.7620
N#Cc1c(-c2ccccc2)nc(Nc2ccccc2)nc1-c1ccco1,8.6676
CNc1nc(-c2ccccc2)c(C#N)c(-c2cc(OC)c(OC)c(OC)c2)n1,8.4401
N#Cc1c(-c2ccc(F)cc2)nc(N)nc1-c1ccco1,8.2426
N#Cc1c(-c2ccccc2)nc(N)nc1-c1ccc2ccccc2c1,8.2381
COc1cccc(-c2nc(N)nc(-c3ccccc3)c2C#N)c1,8.1605
Cc1ccc(-c2nc(N)nc(-c3ccccc3)c2C#N)cc1,8.0491
N#Cc1c(-c2ccccc2)nc(N)nc1-c1ccco1,7.9957
N#Cc1c(-c2ccccc2)nc(N)nc1-c1cccc(O)c1,7.9914
COc1ccc(-c2nc(N)nc(-c3ccccc3)c2C#N)c(OC)c1,7.9914
CNc1nc(-c2ccccc2)c(C#N)c(-c2cc(OC)cc(OC)c2)n1,7.9393
N#Cc1c(-c2ccccc2)nc(N)nc1-c1cccc(Cl)c1,7.8097
N#Cc1c(-c2ccccc2)nc(N)nc1-c1ccc(F)cc1F,7.8097
COc1cc(-c2nc(Nc3ccccc3)nc(-c3ccccc3)c2C#N)cc(OC)c1OC,7.8013
N#Cc1c(-c2ccccc2)nc(N)nc1-c1ccc(F)cc1,7.7878
COc1cc(OC)cc(-c2nc(Nc3ccccc3)nc(-c3ccccc3)c2C#N)c1,7.7620
N#Cc1c(-c2ccccc2)nc(N)nc1-c1ccccc1F,7.7545
COc1ccccc1-c1nc(N)nc(-c2ccccc2)c1C#N,7.7520
N#Cc1c(-c2ccccc2)nc(N)nc1-c1cccc(F)c1,7.7100
N#Cc1c(-c2ccccc2)nc(N)nc1-c1ccc(Br)cc1,7.6596
N#Cc1c(-c2ccccc2)nc(N)nc1-c1ccc(O)cc1,7.5768
N#Cc1c(-c2ccccc2)nc(Nc2ccccc2)nc1-c1cccnc1,7.5670
N#Cc1c(-c2ccccc2)nc(Nc2ccccc2)nc1-c1ccc2c(c1)OCO2,7.5528
N#Cc1c(-c2cccc(Cl)c2)nc(N)nc1-c1cccc(Cl)c1,7.4522
N#Cc1c(-c2ccccc2)nc(N)nc1-c1cccnc1,7.4389
COc1ccc(-c2nc(N)nc(-c3ccccc3)c2C#N)cc1,7.3372
N#Cc1c(-c2ccccc2)nc(Nc2ccccc2)nc1-c1cccc(Cl)c1,7.3344
COc1ccc(-c2nc(Nc3ccccc3)nc(-c3ccccc3)c2C#N)cc1,7.2890
N#Cc1c(-c2ccccc2)nc(Nc2ccccc2)nc1-c1ccccc1F,7.2798
N#Cc1c(-c2ccccc2)nc(Nc2ccccc2)nc1-c1ccccc1,7.2588
N#Cc1c(-c2ccc(F)cc2)nc(N)nc1-c1ccc2c(c1)OCO2,7.2147
N#Cc1c(-c2ccccc2)nc(Nc2ccccc2)nc1-c1cccc(O)c1,7.1475
CNc1nc(-c2ccccc2)c(C#N)c(-c2cccc(C#N)c2)n1,7.1051
CNc1nc(-c2ccccc2)c(C#N)c(-c2cccc(OC)c2)n1,7.0830
N#Cc1cccc(-c2nc(N)nc(-c3ccccc3)c2C#N)c1,7.0752
N#Cc1c(-c2ccccc2)nc(N)nc1-c1cc(Cl)cc(Cl)c1,7.0205
N#Cc1c(-c2cccc(Cl)c2)nc(N)nc1-c1ccc2c(c1)OCO2,6.9957
N#Cc1c(-c2ccccc2)nc(Nc2ccccc2)nc1-c1ccsc1,6.9914
CNc1nc(-c2ccccc2)c(C#N)c(-c2cccc(O)c2)n1,6.9788
COc1cccc(-c2nc(Nc3ccccc3)nc(-c3ccccc3)c2C#N)c1,6.8761
CCNc1nc(-c2ccccc2)c(C#N)c(-c2cccc(C#N)c2)n1,6.8097
Cc1ccc(-c2nc(Nc3ccccc3)nc(-c3ccccc3)c2C#N)cc1,6.8041
N#Cc1c(-c2cccc(Cl)c2)nc(N)nc1-c1cc(Cl)cc(Cl)c1,6.7212
CCNc1nc(-c2ccccc2)c(C#N)c(-c2cccc(Cl)c2)n1,6.5302
N#Cc1c(-c2ccccc2)nc(Nc2ccccc2)nc1-c1cccs1,6.4815
CCNc1nc(-c2ccccc2)c(C#N)c(-c2cccnc2)n1,6.4750
CCNc1nc(-c2ccccc2)c(C#N)c(-c2ccccc2)n1,6.4473
CNc1nc(-c2ccccc2)c(C#N)c(-c2ccco2)n1,6.3969
CNc1nc(-c2ccccc2)c(C#N)c(-c2ccccc2)n1,6.1481
CCNc1nc(-c2ccccc2)c(C#N)c(-c2ccc3c(c2)OCO3)n1,6.0487
N#Cc1c(-c2ccccc2)nc(N)nc1-c1ccsc1,7.6861
N#Cc1c(-c2ccccc2)nc(N)nc1-c1cccs1,7.6038
N#Cc1c(-c2ccccc2)nc(N)nc1-c1ccoc1,7.2832
N#Cc1c(-c2ccccc2)nc(Nc2ccccc2)nc1-c1ccoc1,6.4342
N#Cc1c(-c2ccccc2)nc(N)nc1-c1ccncc1,6.1701
Cn1cc(-c2cnc(N)n3nc(-c4ccco4)nc23)ccc1=O,8.2480
Cn1cc(-c2cnc(N)n3nc(-c4ccccn4)nc23)ccc1=O,7.2048
Cn1cc(-c2cnc(N)n3nc(-c4nccs4)nc23)ccc1=O,7.0726
Cc1cnc(-c2nc3c(-c4ccc(=O)n(C)c4)cnc(N)n3n2)s1,7.3575
Cc1ccc(-c2nc3c(-c4ccc(=O)n(C)c4)cnc(N)n3n2)o1,6.3487
Cc1csc(-c2nc3c(-c4ccc(=O)n(C)c4)cnc(N)n3n2)n1,5.9863
Cn1ccc(-c2nc3c(-c4ccc(=O)n(C)c4)cnc(N)n3n2)n1,5.4651
Cc1cccc(-c2nc3c(-c4ccc(=O)n(C)c4)cnc(N)n3n2)n1,5.4240
Cn1nccc1-c1nc2c(-c3ccc(=O)n(C)c3)cnc(N)n2n1,6.0985
Cn1cc(-c2cnc(N)nc2-c2ccco2)ccc1=O,7.5702
COc1ccc(N2CCN(CCn3c(=O)cnc4c(-c5ccc(C)o5)nc(N)nc43)[C@@H](C)C2)c(F)c1,8.0809
Cc1ccc(-c2nc(N)nc3c2ncc(=O)n3Cc2ccccc2)o1,6.3172
Cc1ccc(-c2nc(N)nc3c2n(C)c(=O)n3Cc2ccccc2)o1,5.5474
Cc1ccc(-c2nc(N)nc3c2[nH]c(=O)n3Cc2ccccc2)o1,5.9872
COc1ccccc1Cn1c(=O)cnc2c(-c3ccc(C)o3)nc(N)nc21,5.9931
COc1cccc(Cn2c(=O)cnc3c(-c4ccc(C)o4)nc(N)nc32)c1,6.3227
Cc1ccc(-c2nc(N)nc3c2ncc(=O)n3Cc2ccco2)o1,5.6633
Cc1ccc(-c2nc(N)nc3c2ncc(=O)n3CC2CCCCC2)o1,5.7265
Cc1ccc(-c2nc(N)nc3c2ncc(=O)n3CC2CC2)o1,5.9957
Cc1ccc(-c2nc(N)nc3c2ncc(=O)n3CCc2ccccc2)o1,6.6819
Cc1ccc(-c2nc(N)nc3c2ncc(=O)n3CCCc2ccccc2)o1,6.1475
Cc1ccc(-c2nc(N)nc3c2ncc(=O)n3CCCCc2ccccc2)o1,6.0089
Cc1ccc(-c2nc(N)nc3c2ncc(=O)n3CCN2CCN(c3ccccc3)CC2)o1,7.3080
Cc1ccc(-c2nc(N)nc3c2ncc(=O)n3CCN2CCC(c3ccccc3)CC2)o1,6.4114
Cc1ccc(-c2nc(N)nc3c2ncc(=O)n3CCC2CCN(c3ccccc3)CC2)o1,6.5544
COc1ccccc1N1CCN(CCn2c(=O)cnc3c(-c4ccc(C)o4)nc(N)nc32)CC1,5.4190
COc1cccc(N2CCN(CCn3c(=O)cnc4c(-c5ccc(C)o5)nc(N)nc43)CC2)c1,7.3420
COc1ccc(N2CCN(CCn3c(=O)cnc4c(-c5ccc(C)o5)nc(N)nc43)CC2)cc1,7.6576
Cc1ccc(-c2nc(N)nc3c2ncc(=O)n3CCN2CCN(c3ccccc3C(F)(F)F)CC2)o1,6.2128
Cc1ccc(-c2nc(N)nc3c2ncc(=O)n3CCN2CCN(c3cccc(C(F)(F)F)c3)CC2)o1,6.2986
Cc1ccc(-c2nc(N)nc3c2ncc(=O)n3CCN2CCN(c3ccc(C(F)(F)F)cc3)CC2)o1,6.7547
Cc1ccc(-c2nc(N)nc3c2ncc(=O)n3CCN2CCN(c3ccc(OC(F)(F)F)cc3)CC2)o1,6.9201
Cc1ccc(-c2nc(N)nc3c2ncc(=O)n3CCN2CCN(c3ccccc3F)CC2)o1,7.9318
Cc1ccc(-c2nc(N)nc3c2ncc(=O)n3CCN2CCN(c3cccc(F)c3)CC2)o1,7.2403
Cc1ccc(-c2nc(N)nc3c2ncc(=O)n3CCN2CCN(c3ccc(F)cc3)CC2)o1,7.2306
Cc1ccc(-c2nc(N)nc3c2ncc(=O)n3CCN2CCN(c3ccc(OC(F)F)cc3)CC2)o1,7.1959
Cc1ccc(-c2nc(N)nc3c2ncc(=O)n3CCN2CCN(c3ccc(Oc4ccccc4)cc3)CC2)o1,6.2184
COCCOc1ccc(N2CCN(CCn3c(=O)cnc4c(-c5ccc(C)o5)nc(N)nc43)CC2)cc1,7.6234
COc1ccc(N2CCN(CCn3c(=O)cnc4c(-c5ccc(C)o5)nc(N)nc43)CC2)nc1,6.6716
COc1ccc(N2CCN(CCn3c(=O)cnc4c(-c5ccc(C)o5)nc(N)nc43)CC2)cn1,7.5302
COc1ccc(N2CCN(CCn3c(=O)cnc4c(-c5ccc(C)o5)nc(N)nc43)CC2)c(F)c1,8.3098
Cc1ccc(-c2nc(N)nc3c2ncc(=O)n3CCN2CCN(c3ccc(F)cc3F)CC2)o1,8.0706
Cc1ccc(-c2nc(N)nc3c2ncc(=O)n3CCN2CCN(c3ccc(F)cc3Cl)CC2)o1,7.0630
Cc1ccc(-c2nc(N)nc3c2ncc(=O)n3CCN2CCN(c3ccc(OC(F)F)cc3F)CC2)o1,7.6778
COCCOc1ccc(N2CCN(CCn3c(=O)cnc4c(-c5ccc(C)o5)nc(N)nc43)CC2)c(F)c1,8.1024
COCCOc1ccc(N2CCN(CCn3c(=O)cnc4c(-c5ccc(C)o5)nc(N)nc43)CC2)c(F)c1F,8.0315
COc1cnc(N2CCN(CCn3c(=O)cnc4c(-c5ccc(C)o5)nc(N)nc43)CC2)c(F)c1,8.2596
COc1ccc(N2CCN(CCn3c(=O)cnc4c(-c5ccc(C)o5)nc(N)nc43)C[C@@H]2C)cc1,6.6505
COc1ccc(N2CCN(CCn3c(=O)cnc4c(-c5ccc(C)o5)nc(N)nc43)C[C@H]2C)cc1,7.4260
COc1ccc(N2CCN(CCn3c(=O)cnc4c(-c5ccc(C)o5)nc(N)nc43)[C@@H](C)C2)cc1,8.1612
COc1ccc(N2CCN(CCn3c(=O)cnc4c(-c5ccc(C)o5)nc(N)nc43)[C@H](C)C2)cc1,6.5286
COc1ccc(N2C[C@H](C)N(CCn3c(=O)cnc4c(-c5ccc(C)o5)nc(N)nc43)C[C@H]2C)cc1,5.6942
COc1ccc(N2CC3CCC(C2)N3CCn2c(=O)cnc3c(-c4ccc(C)o4)nc(N)nc32)cc1,6.2559
COc1ccc(N2CCCN(CCn3c(=O)cnc4c(-c5ccc(C)o5)nc(N)nc43)CC2)cc1,6.1452
OC[C@H]1O[C@@H](n2cnc3c(N[C@@H]4CCC[C@H]4OCc4ccccc4)ncnc32)[C@H](O)[C@@H]1O,4.9500
OC[C@H]1O[C@@H](n2cnc3c(N[C@@H]4CCC[C@H]4OCc4ccccc4Cl)ncnc32)[C@H](O)[C@@H]1O,5.1700
CCNC(=O)[C@H]1O[C@@H](n2cnc3c(N[C@@H]4CCC[C@H]4OCc4ccccc4Cl)ncnc32)[C@H](O)[C@@H]1O,5.6800
CCNC(=O)[C@H]1O[C@@H](n2cnc3c(N[C@@H]4CCC[C@H]4OCc4cccc(Cl)c4)ncnc32)[C@H](O)[C@@H]1O,5.0400
COc1cccc(O[C@@H]2CCC[C@H]2Nc2ncnc3c2ncn3[C@@H]2O[C@H](CO)[C@@H](O)[C@H]2O)c1,5.2400
OC[C@H]1O[C@@H](n2cnc3c(N[C@@H]4CCC[C@H]4Oc4ccccc4Cl)ncnc32)[C@H](O)[C@@H]1O,5.9600
OC[C@H]1O[C@@H](n2cnc3c(N[C@@H]4CCC[C@H]4Oc4cccc(Cl)c4)ncnc32)[C@H](O)[C@@H]1O,6.2600
OC[C@H]1O[C@@H](n2cnc3c(N[C@@H]4CCC[C@H]4Oc4ccc(Cl)cc4)ncnc32)[C@H](O)[C@@H]1O,4.8600
CCNC(=O)[C@H]1O[C@@H](n2cnc3c(N[C@@H]4CCC[C@H]4Oc4ccccc4)ncnc32)[C@H](O)[C@@H]1O,5.4800
CCNC(=O)[C@H]1O[C@@H](n2cnc3c(N[C@@H]4CCC[C@H]4Oc4ccc(C(C)(C)C)cc4)ncnc32)[C@H](O)[C@@H]1O,4.8400
CCNC(=O)[C@H]1O[C@@H](n2cnc3c(N[C@@H]4CCC[C@H]4Oc4cccc(OC)c4)ncnc32)[C@H](O)[C@@H]1O,5.2000
CCNC(=O)[C@H]1O[C@@H](n2cnc3c(N[C@@H]4CCC[C@H]4Oc4cccc(Br)c4)ncnc32)[C@H](O)[C@@H]1O,4.5800
CCNC(=O)[C@H]1O[C@@H](n2cnc3c(N[C@@H]4CCC[C@H]4Oc4ccccc4Cl)ncnc32)[C@H](O)[C@@H]1O,5.6700
CCNC(=O)[C@H]1O[C@@H](n2cnc3c(N[C@@H]4CCC[C@H]4Oc4cccc(Cl)c4)ncnc32)[C@H](O)[C@@H]1O,5.8600
CCNC(=O)[C@H]1O[C@@H](n2cnc3c(N[C@@H]4CCC[C@H]4Oc4ccc(Cl)cc4)ncnc32)[C@H](O)[C@@H]1O,4.8600
C(#Cc1ncnc2ccccc12)c1ccccc1,5.3979
c1ccc(-c2ncnc3ccccc23)cc1,5.6383
Nc1nc(-c2ccccc2)c2ccccc2n1,6.7033
Cc1ccc(-c2nc(N)nc3ccccc23)cc1,5.8239
Cc1ccccc1-c1nc(N)nc2ccccc12,5.4815
N#Cc1cccc(-c2nc(N)nc3ccccc23)c1,6.2321
COc1ccc(-c2nc(N)nc3ccccc23)cc1,6.1331
COc1cccc(-c2nc(N)nc3ccccc23)c1,6.1500
COc1ccccc1-c1nc(N)nc2ccccc12,6.1864
Nc1nc(-c2ccccc2N)c2ccccc2n1,5.6990
Nc1nc(-c2ccc(F)cc2)c2ccccc2n1,7.0969
Nc1nc(-c2cccc(F)c2)c2ccccc2n1,6.7595
Nc1nc(-c2ccccc2F)c2ccccc2n1,6.3410
Nc1nc(-c2ccco2)c2ccccc2n1,7.0506
Nc1nc(-c2ccoc2)c2ccccc2n1,6.1574
Nc1nc(-c2cccs2)c2ccccc2n1,6.7670
Nc1nccc(-c2ccccc2)n1,5.6576
Nc1nc(-c2ccco2)c2cc(Br)ccc2n1,7.6990
Cc1ccc2nc(N)nc(-c3ccco3)c2c1,7.6576
Nc1sc(-c2ccc(C(=O)NCCCc3ccc(Nc4ncnc5c4ncn5[C@@H]4O[C@H](CO)[C@@H](O)[C@H]4O)cc3)cc2)c(-c2cccc(C(F)(F)F)c2)c1C(=O)c1ccccc1,6.5400
Nc1sc(-c2ccc(C(=O)NCCC#Cc3ccc(Nc4ncnc5c4ncn5[C@@H]4O[C@H](CO)[C@@H](O)[C@H]4O)cc3)cc2)c(-c2cccc(C(F)(F)F)c2)c1C(=O)c1ccccc1,6.1300
Nc1sc(-c2ccc(C(=O)NCCc3ccc(CCNc4ncnc5c4ncn5[C@@H]4O[C@H](CO)[C@@H](O)[C@H]4O)cc3)cc2)c(-c2cccc(C(F)(F)F)c2)c1C(=O)c1ccccc1,6.4400
Nc1sc(-c2ccc(-c3cn(CCCCCCNc4ncnc5c4ncn5[C@@H]4O[C@H](CO)[C@@H](O)[C@H]4O)nn3)cc2)c(-c2cccc(C(F)(F)F)c2)c1C(=O)c1ccccc1,7.1400
O=C(NCCCCc1ccc(Nc2ncnc3c2ncn3[C@@H]2O[C@H](CO)[C@@H](O)[C@H]2O)cc1)c1ccccc1,7.4300
CCCn1c(=O)[nH]c2nc(-c3cnn(Cc4cccc(C(F)(F)F)c4)c3)[nH]c2c1=O,8.2218
CCCn1c(=O)c2[nH]c(-c3cc(OCC(=O)Nc4ccc5c(c4)OCO5)nn3C)nc2n(CCC)c1=O,8.2596
CCCn1c(=O)[nH]c2nc(-c3ccc(S(=O)(=O)N4CCN(c5ccc(Cl)cc5)CC4)cc3)[nH]c2c1=O,9.2573
Cc1c(C#N)cccc1-c1cc(-c2cn(Cc3cccc(C(C)(C)O)n3)nn2)nc(N)n1,8.8239
Cc1cc(-c2nnc(N)nc2-c2ccc(F)cc2)cc(Cl)n1,8.3123
S=c1sc2c(ncn3nc(-c4ccco4)nc23)n1CCc1ccccc1,8.2007
Nc1nc(-c2ccccc2)cc(-c2cccc(OC(=O)N3CCCCC3)c2)n1,5.7100
CN1CCN(C(=O)Oc2cccc(-c3cc(-c4ccccc4)nc(N)n3)c2)CC1,5.7100
Nc1nc(-c2ccccc2)cc(-c2cccc(OC(=O)N3CCOCC3)c2)n1,5.7100
Nc1nc(NCCc2ccc(O)cc2)nc(Nc2nnc(-c3ccc([N+](=O)[O-])cc3)s2)n1,7.4935
COc1ccc(-c2cn3c(=O)n(-c4ccc([N+](=O)[O-])cc4)nc3c(N)n2)cc1,8.1427
CCCn1c(=O)c2c(nc(-c3cccc(OCCCCl)c3)n2C)n(CCC)c1=O,6.9666
C#CCn1c(-c2cccc(OCCCCl)c2)nc2c1c(=O)n(CCC)c(=O)n2CCC,6.5560
CCCn1c(=O)c2c(nc(-c3ccc(OCCCCl)cc3)n2C)n(CCC)c1=O,6.5768
Nc1nc(Nc2ccco2)nc2sc(Cc3cccnc3)nc12,10.4437
CC1=C(C)C2C(=O)NC(NC(=O)c3ccccc3)=NC2S1,6.1871
Cc1ccc(-c2cc(-c3cccc(C(=O)N4CCCCC4)c3)nc(N)n2)o1,8.0205
Nc1nc(-c2cccc(Cl)c2)cn2c(=O)n(-c3ccccc3)nc12,8.4318
Cc1ccc(-c2cn3c(=O)n(Cc4ccccc4)nc3c(N)n2)o1,8.3372
Cn1c(=O)c2c(nc(/C=C/c3cccc(Br)c3)n2C)n(C)c1=O,7.5467
CCn1c(=O)c2c(nc(/C=C/c3cccc(C(F)(F)F)c3)n2C)n(CC)c1=O,7.9245
CCn1c(=O)c2c(nc(COc3ccc(OC)cc3)n2C)n(CC)c1=O,6.6253
Nc1nc(N2CCN(CCN3CCCC3)CC2)nc2sc(-c3ccco3)nc12,8.0970
Nc1nc(N2CCN(c3ccccc3)CC2)nc2sc(-c3ccco3)nc12,8.0130
Nc1nc(NC2CCN(C3CCCN(Cc4ccccc4)C3)CC2)nc2sc(-c3ccco3)nc12,7.7814
COc1ccc(CCNc2nc(N)c3nn(-c4ccccc4)cc3n2)cc1OC,6.8239
Nc1nc(NCc2ccccc2)nc2cn(-c3ccccc3)nc12,7.6021
COc1ccc2nc3cc(Cl)ccc3c(Nc3ccc(O)c(CNCCO)c3)c2c1,6.2630
CCN1CCCC(Nc2cc(C)nc(NC(=N)Nc3ccc(Cl)c(Cl)c3)n2)C1,6.2630
COc1ccc2nc3cc(Cl)ccc3c(NCCNCCO)c2c1,6.2630
O[C@H]1CC[C@H]2CN3CCc4c([nH]c5ccccc45)[C@H]3C[C@H]2[C@H]1CNCc1ccccc1,6.2630
CN(Cc1ccccc1)C(=O)c1cccc(Nc2cc(-c3ccccc3)ncn2)c1,5.7773
Cc1ccc(Nc2nc(N(CCO)Cc3ccccc3)nc3c2cnn3-c2ccccc2)cc1,5.7447
Cc1cccc(Nc2nc(NCCCO)nc3c2cnn3-c2ccccc2)c1,7.2447
N=c1nc(N)c2c(C(F)(F)F)cc(-c3ccccc3)nc2[nH]1,5.4449
O=c1[nH]c(=O)c2c(C(F)(F)F)cc(-c3ccccc3)nc2[nH]1,6.1739
CCn1c(Br)nc2c(NCCc3ccccc3)cc(N)cc21,6.5751
COCCOc1ccc(N2CCN(CCn3c(=O)n(C)c4c3nc(N)n3nc(-c5nccs5)nc43)CC2)c(F)c1,9.3979
Nc1nc(NCCc2ccc(O)cc2)nc(Nc2nc(-c3ccc(F)cc3)cs2)n1,8.8239
O=c1oc2c(O)cccc2cc1-c1ccc(Br)cc1,4.9172
COc1cccc(C(=O)n2nc(-c3ccccc3Cl)nc2N)c1,7.1900
Nc1nc(-c2ccccc2Cl)cn1C(=O)c1cccc(Cl)c1,7.1900
Nc1nc(N2CCN3CCC[C@@H]3C2)cc2nc(-c3ccco3)nn12,7.2007
CN(CCN1CCN(c2ccc(F)cc2F)CC1)c1nc(N)n2nc(-c3ccco3)nc2n1,8.3979
COC[C@H]1CCCN1c1cc(Nc2ccccn2)nc(-n2cccn2)n1,9.6576
Oc1ncnc2[nH]ncc12,4.1135
Nc1nc(Nc2ccccc2)nc2c1ncn2[C@@H]1O[C@H](CO)[C@@H](O)[C@H]1O,7.5801
Nc1nsc(-c2ccccc2)n1,3.8570
Cc1nn(-c2ccccc2)nc1C(N)=O,3.3872
O=C(NCc1ccccc1)c1ccc2nonc2c1,4.0000
O=C(Nc1ccc2ccccc2n1)c1ccco1,5.5890
Nc1ccc2nnc(-c3ccccc3)n2n1,5.9547
NC(=O)c1ncoc1-c1ccccc1,4.4976
CC(C)n1ncc2cc(C(=O)NCc3ccco3)cnc21,3.6778
O=c1cc(NCc2ccccc2)nc2ccccn12,3.8827
Nc1nc(-c2ccccc2)ns1,3.8861
Nc1nc(N)c2nccnc2n1,5.0177
Cn1c(=O)[nH]c2ccccc2c1=O,4.5406
CC(C)NC(=O)c1cc(-c2ccccc2)[nH]n1,4.3098
Nc1nc(N)nc(-c2ccccc2)n1,5.8239
Nc1nsc(-c2ccc(Cl)cc2)n1,4.6615
CS(=O)(=O)c1ccc(C(=O)Nc2cccc(Cl)c2)cc1,4.8697
Nc1nncc(-c2ccc(Br)cc2)n1,4.3010
O=C(Nc1ccccc1)Nc1ccccn1,4.2933
O=C(Nc1n[nH]c2nc(-c3ccco3)c(Br)cc12)C1CC1,6.2518
O=C1NC(=O)C(c2cccc(Cl)c2)=C1Nc1ccc(O)c(Cl)c1,6.9586
Fc1ccc(-c2nn3ccccc3c2-c2ccncc2)cc1,5.0506
CCCCC#Cc1nc(N)c2nc(-c3cccs3)n([C@@H]3OC[C@@H](O)[C@H]3O)c2n1,7.7375
CCCCCCNC(=O)c1cn2c(nc3ccccc32)c(N)n1,8.3526
CC(C)CNC(=O)c1cn2c(nc3ccccc32)c(N)n1,8.5498
Nc1nc(C(=O)NCC(F)F)cn2c1nc1ccccc12,8.4647
COCCNC(=O)c1cn2c(nc3ccccc32)c(N)n1,8.4535
CC(O)CNC(=O)c1cn2c(nc3ccccc32)c(N)n1,8.2725
CC(CO)NC(=O)c1cn2c(nc3ccccc32)c(N)n1,8.2620
Nc1nc(C(=O)NCCCO)cn2c1nc1ccccc12,8.0942
Nc1nc(C(=O)Nc2ccccc2)cn2c1nc1ccccc12,7.8345
Cc1ccc(NC(=O)c2cn3c(nc4ccccc43)c(N)n2)cc1,8.3979
COc1cccc(NC(=O)c2cn3c(nc4ccccc43)c(N)n2)c1,8.1911
Nc1nc(C(=O)Nc2ccc(Cl)cc2)cn2c1nc1ccccc12,8.3270
Nc1nc(C(=O)Nc2ccccn2)cn2c1nc1ccccc12,8.2733
Nc1nc(C(=O)NCc2ccccc2)cn2c1nc1ccccc12,8.3546
Nc1nc(C(=O)NCc2cccc(Cl)c2)cn2c1nc1ccccc12,7.5484
Nc1nc(C(=O)NCc2ccccn2)cn2c1nc1ccccc12,8.7423
Nc1nc(C(=O)NCc2ccco2)cn2c1nc1ccccc12,8.6517
Nc1nc(C(=O)NCc2cccc3cccnc23)cn2c1nc1ccccc12,8.5361
Nc1nc(C(=O)NCCc2cccc(Cl)c2)cn2c1nc1ccccc12,7.3975
COc1ccc(CCNC(=O)c2cn3c(nc4ccccc43)c(N)n2)cc1,7.5696
Nc1nc(C(=O)NCCc2ccc(O)cc2)cn2c1nc1ccccc12,7.7802
Nc1nc(C(=O)NCCc2ccc3c(c2)OCO3)cn2c1nc1ccccc12,8.0757
Nc1nc(C(=O)NCCc2ccccn2)cn2c1nc1ccccc12,8.7471
Nc1nc(C(=O)Nc2cccnc2)cn2c1nc1ccccc12,8.6840
Nc1nc(C(=O)NCc2cccnc2)cn2c1nc1ccccc12,8.8697
Nc1nc(C(=O)NCc2ccncc2)cn2c1nc1ccccc12,8.8069
Nc1nc(C(=O)NCCc2cccnc2)cn2c1nc1ccccc12,8.5100
Nc1nc(C(=O)NCCc2ccncc2)cn2c1nc1ccccc12,8.4802
Cl.Cl.Nc1nc(C(=O)NCc2ccccn2)cn2c1nc1ccccc12,7.9788
CNC(=O)[C@@]12C[C@@H]1[C@@H](n1cnc3c(NCc4ccc(O)c(OC)c4)nc(C#Cc4ccc(Cl)s4)nc31)[C@H](O)[C@@H]2O,5.0857
CNC(=O)[C@@]12C[C@@H]1[C@@H](n1cnc3c(NCCc4ccc(OC)c(O)c4)nc(OC)nc31)[C@H](O)[C@@H]2O,4.9914
CNC(=O)[C@@]12C[C@@H]1[C@@H](n1cnc3c(NCCc4ccc(OC)c(O)c4)nc(OCC(C)C)nc31)[C@H](O)[C@@H]2O,6.2306
COc1cc(CCNc2nc(OCC(C)C)nc3c2ncn3[C@H]2[C@H](O)[C@H](O)[C@@H]3C[C@@H]32)ccc1O,5.2967
CNC(=O)[C@@]12C[C@@H]1[C@@H](n1cnc3c(NCCc4ccc(OC)c(O)c4)nc(OCC4CC4)nc31)[C@H](O)[C@@H]2O,5.3261
CNC(=O)[C@@]12C[C@@H]1[C@@H](n1cnc3c(NCCc4ccc(OC)c(O)c4)nc(OCCC(C)C)nc31)[C@H](O)[C@@H]2O,5.3134
O[C@@H]1[C@H](O)[C@@H]2C[C@@H]2[C@H]1n1cnc2c(NCCc3ccccc3)nc(I)nc21,5.2321
Nc1nc(-c2ccco2)c2cnn(CCCCC(=O)NO)c2n1,5.8062
Nc1nc(-c2ccco2)c2cnn(CCCCCC(=O)NO)c2n1,6.1093
Nc1nc(-c2ccco2)c2cnn(CCCCCCC(=O)NO)c2n1,6.5214
Nc1nc(-c2ccco2)c2cnn(CCCCCCCC(=O)NO)c2n1,6.5591
Cc1ccc(-c2nc(N)nc3c2cnn3CCCCC(=O)NO)o1,5.7381
Cc1ccc(-c2nc(N)nc3c2cnn3CCCCCC(=O)NO)o1,6.2094
Cc1ccc(-c2nc(N)nc3c2cnn3CCCCCCC(=O)NO)o1,6.4759
Cc1ccc(-c2nc(N)nc3c2cnn3CCCCCCCC(=O)NO)o1,6.2328
Nc1nc(-c2ccco2)c2cnn(Cc3ccc(C(=O)NO)cc3)c2n1,6.0642
Cc1ccc(-c2nc(N)nc3c2cnn3Cc2ccc(C(=O)NO)cc2)o1,5.5960
Nc1nc(-c2ccco2)c2cnn(CCc3ccc(C(=O)NO)cc3)c2n1,6.3610
Cc1ccc(-c2nc(N)nc3c2cnn3CCc2ccc(C(=O)NO)cc2)o1,6.5305
Nc1nc(-c2ccco2)c2cnn(CCCc3ccc(C(=O)NO)cc3)c2n1,6.0642
Nc1nc(-c2ccco2)c2cnn(Cc3ccc(C(=O)Nc4ccccc4N)cc3)c2n1,5.7651
Nc1nc(-c2ccco2)c2cnn(CCc3ccc(C(=O)Nc4ccccc4N)cc3)c2n1,6.7865
Cc1ccc(-c2nc(N)nc3c2cnn3CCc2ccc(C(=O)Nc3ccccc3N)cc2)o1,6.9038
Nc1nc(-c2ccco2)c2cnn(CCOc3ccc(C(=O)Nc4ccccc4N)cc3)c2n1,6.0114
Nc1nc(-c2ccco2)c2cnn(CCCc3ccc(C(=O)Nc4ccccc4N)cc3)c2n1,6.8539
Nc1nc(-c2ccco2)c2cnn(CCCOc3ccc(C(=O)Nc4ccccc4N)cc3)c2n1,6.8318
Cc1ccc(-c2nc(N)nc3c2cnn3CCCOc2ccc(C(=O)Nc3ccccc3N)cc2)o1,6.9694
Nc1nc(-c2ccco2)c2cnn(Cc3ccc(/C=C/C(=O)NO)cc3)c2n1,5.4452
Nc1nc(-c2ccco2)c2cnn(Cc3cccc(/C=C/C(=O)NO)c3)c2n1,6.8851
Cc1ccc(-c2nc(N)nc3c2cnn3Cc2cccc(/C=C/C(=O)NO)c2)o1,6.4225
Nc1nc(-c2ccco2)c2cnn(Cc3cccc(/C=C/C(=O)Nc4ccccc4N)c3)c2n1,7.4461
Cc1ccc(-c2nc(N)nc3c2cnn3Cc2cccc(/C=C/C(=O)Nc3ccccc3N)c2)o1,7.6021
Nc1nc(-c2ccco2)c2cnn(Cc3cccc(OCCCCC(=O)NO)c3)c2n1,8.1367
Nc1nc(-c2ccco2)c2cnn(Cc3cccc(OCCCCCC(=O)NO)c3)c2n1,7.9626
Nc1nc(-c2ccco2)c2cnn(Cc3cccc(OCCCCCCC(=O)NO)c3)c2n1,7.9872
Cc1ccc(-c2nc(N)nc3c2cnn3Cc2cccc(OCCCCC(=O)NO)c2)o1,7.5867
Cc1ccc(-c2nc(N)nc3c2cnn3Cc2cccc(OCCCCCC(=O)NO)c2)o1,7.9101
Cc1ccc(-c2nc(N)nc3c2cnn3Cc2cccc(OCCCCCCC(=O)NO)c2)o1,7.2774
Nc1nc(-c2ccco2)c2cnn(Cc3cccc(OCCCCC(=O)NO)n3)c2n1,7.2950
Nc1nc(-c2ccco2)c2cnn(Cc3cccc(OCCCCCC(=O)NO)n3)c2n1,7.1656
Nc1nc(-c2ccco2)c2cnn(Cc3cccc(OCCCCCCC(=O)NO)n3)c2n1,7.8327
Cc1ccc(-c2nc(N)nc3c2cnn3Cc2cccc(OCCCCC(=O)NO)n2)o1,7.1427
Cc1ccc(-c2nc(N)nc3c2cnn3Cc2cccc(OCCCCCC(=O)NO)n2)o1,7.1379
Cc1ccc(-c2nc(N)nc3c2cnn3Cc2cccc(OCCCCCCC(=O)NO)n2)o1,6.7978
Nc1nc(-c2ccco2)c2cnn(Cc3ccc(N)c(OCCCCCCC(=O)NO)c3)c2n1,7.8239
Cc1ccc(-c2nc(N)nc3c2cnn3Cc2ccc(N)c(OCCCCCCC(=O)NO)c2)o1,7.1290
C[C@@H]1CCNC(=O)c2cc3ccc(C(=O)Nc4nc5ccccc5n4CCCN(C)C)cc3n21,5.8477
Clc1cc2c(NC3CCCC3)nnc(-c3ccncc3)c2cc1Cl,7.5528
Nc1ncnc2c1ncn2[C@H]1[C@H](O)[C@H](O)[C@@]2(CO)C[C@H]12,4.6478
CC(=O)Nc1c(F)cc(C(=O)N[C@H]2CC[C@H](O)CC2)cc1O[C@@H](C)c1ccccc1,4.5000
CC1=C(C(=O)OC(C)C)C(c2ccoc2)n2c(nc3cc(Cl)ccc32)N1,6.7545
CC1=C(C(=O)OC(C)C)C(c2ccoc2)n2c(nc3cc(Br)ccc32)N1,6.2933
CC1=C(C(=O)OC(C)C)[C@@H](c2ccoc2)n2c(nc3cc(Cl)ccc32)N1,7.0164
CC(C)C(=O)Nc1ncc2c(n1)CC(c1cccs1)CC2=O,8.3400
O=c1[nH]c(N2CCCCC2)nc2nccc(/C=C/c3ccco3)c12,8.1700
O=C(Nc1noc(-c2ccccc2)n1)c1cccc(Cl)c1,7.9801
c1ccc(CNc2nc(N3CCCCC3)c3nccnc3n2)nc1,7.9300
CCOc1nc(NC(CO)c2ccco2)ncc1Br,7.6700
COc1ccc(C(=O)Nc2nc(C)c3cc4c(cc3n2)OCO4)cc1,8.3600
O=C(CC1CCCC1)N1CCc2c(nc(N3CCCC3)[nH]c2=O)C1,8.3500
Cc1nnsc1C(=O)Nc1nc2c(s1)Cc1ccccc1-2,7.2000
CC(C)N1CC(C(=O)Nc2nc3ccccc3[nH]2)CC1=O,7.6899
N#CC1(C(=O)Nc2nc3ccc(F)cc3s2)CCCC1,7.3200
CC(=O)NC(CC(=O)Nc1nc(C(C)=O)cs1)c1ccc(C)cc1,8.2700
O=C(Nc1nc2ccccc2s1)N(CCO)C1CC1,8.2200
O=C(Nc1nc(C2CC2)cs1)C1COc2ccccc2C1,7.7300
COc1cccc(C(=O)Nc2cnn(-c3ccccc3)n2)c1,7.2300
CC(Sc1nnc(C(C)C)[nH]1)C(=O)c1ccccc1,8.3400
Cc1ccc2nc(C(=O)Nc3cnc4n3CCCC4)cn2c1,8.3400
O=C(Nc1cnc2n1CCCC2)c1cn2cc(Cl)cnc2n1,8.3400
COCC(O)CNc1ncc(C)c(-c2ncnn2C)n1,8.3400
c1cncc(CNc2ncc(-c3ccncc3)c(-c3cccs3)n2)c1,7.9101
Cn1c(=O)c2[nH]c(N(CCO)CCO)nc2n(C)c1=O,8.1600
CCN1CCN(Cc2ccc3cc(C(=O)Nc4cc(NC(=O)c5ccc6c(c5)OCCO6)ccc4F)ccc3n2)CC1,5.6990
O=c1[nH]nc(NC2CCCC2)c2nnn(Cc3cccs3)c12,6.0482
CCCCC#Cc1nc(N)c2nc(-c3ccco3)n([C@@H]3OC[C@@H](O)[C@H]3O)c2n1,7.7447
CCCCC#Cc1nc(NC)c2nc(-c3ccco3)n([C@@H]3OC[C@@H](O)[C@H]3O)c2n1,7.3010
CCCCC#Cc1nc(NCc2cccc(I)c2)c2nc(-c3ccco3)n([C@@H]3OC[C@@H](O)[C@H]3O)c2n1,6.2373
CCCCC#Cc1nc(NC)c2nc(-c3cccs3)n([C@@H]3OC[C@@H](O)[C@H]3O)c2n1,6.8996
CCCCC#Cc1nc(NCc2cccc(I)c2)c2nc(-c3cccs3)n([C@@H]3OC[C@@H](O)[C@H]3O)c2n1,6.2899
CCCCC#Cc1nc(N)c2nc(-c3ccco3)n([C@@H]3SC[C@@H](O)[C@H]3O)c2n1,7.8794
CCCCC#Cc1nc(NC)c2nc(-c3ccco3)n([C@@H]3SC[C@@H](O)[C@H]3O)c2n1,6.7986
CCCCC#Cc1nc(N)c2nc(-c3cccs3)n([C@@H]3SC[C@@H](O)[C@H]3O)c2n1,7.2118
CCCCC#Cc1nc(NC)c2nc(-c3cccs3)n([C@@H]3SC[C@@H](O)[C@H]3O)c2n1,5.5498
Nc1nc(Cl)nc2c1nc(-c1ccco1)n2[C@@H]1SC[C@@H](O)[C@H]1O,6.8539
CNc1nc(Cl)nc2c1nc(-c1ccco1)n2[C@@H]1SC[C@@H](O)[C@H]1O,6.1238
O[C@@H]1[C@H](O)CS[C@H]1n1c(-c2ccco2)nc2c(NCc3cccc(I)c3)nc(Cl)nc21,6.4737
Nc1nc(Cl)nc2c1nc(-c1cccs1)n2[C@@H]1SC[C@@H](O)[C@H]1O,6.3382
CNc1nc(Cl)nc2c1nc(-c1cccs1)n2[C@@H]1SC[C@@H](O)[C@H]1O,6.0200
O[C@@H]1[C@H](O)CS[C@H]1n1c(-c2cccs2)nc2c(NCc3cccc(I)c3)nc(Cl)nc21,6.1427
Nc1nc(NCCc2ccc(O)cc2)nc2c1nc(-c1ccco1)n2[C@@H]1SC[C@@H](O)[C@H]1O,6.9508
CNc1nc(NCCc2ccc(O)cc2)nc2c1nc(-c1ccco1)n2[C@@H]1SC[C@@H](O)[C@H]1O,6.3298
Nc1nc(NCCc2ccc(O)cc2)nc2c1nc(-c1cccs1)n2[C@@H]1SC[C@@H](O)[C@H]1O,6.0241
CNc1nc(NCCc2ccc(O)cc2)nc2c1nc(-c1cccs1)n2[C@@H]1SC[C@@H](O)[C@H]1O,6.0376
COc1cccc2c1nc(N)n1nc(C3CC3c3nc4ccccc4n3C)nc21,9.5229
COc1cccc2c1nc(N)n1nc(C3CC3c3ccc4c(c3)CCNC4)nc21,9.2407
COc1cccc2c1nc(N)n1nc([C@H]3C[C@H](c4ccc(C(C)(C)O)cn4)C3)nc21,9.2045
COc1cccc2c1nc(N)n1nc([C@H]3C[C@H](c4ncc(C(C)(C)N)cc4C)C3)nc21,9.3724
COc1cccc2c1nc(N)n1nc([C@H]3C[C@H](c4ncc(C(C)(C)N)cc4Cl)C3)nc21,9.3099
COc1cccc2c1nc(N)n1nc(C3CCC(c4ccc(C(C)(C)N)cn4)C3)nc21,9.1884
Nc1nc(-c2ccccc2)cc(-c2ccn(Cc3ccccc3)c(=O)c2)n1,5.4082
N#Cc1cccc(-c2cc(-c3ccn(Cc4ccccc4)c(=O)c3)nc(N)n2)c1,4.8406
Cc1c(C#N)cccc1-c1cc(-c2ccn(Cc3ccccc3)c(=O)c2)nc(N)n1,7.1580
Cc1c(C#N)cccc1-c1cc(-c2ccn(CCc3ccccc3)c(=O)c2)nc(N)n1,6.7742
Cc1ccccc1Cn1ccc(-c2cc(-c3cccc(C#N)c3C)nc(N)n2)cc1=O,5.9606
Cc1cccc(Cn2ccc(-c3cc(-c4cccc(C#N)c4C)nc(N)n3)cc2=O)c1,7.1379
Cc1ccc(Cn2ccc(-c3cc(-c4cccc(C#N)c4C)nc(N)n3)cc2=O)cc1,6.3725
COC(=O)c1ccccc1Cn1ccc(-c2cc(-c3cccc(C#N)c3C)nc(N)n2)cc1=O,6.7924
COC(=O)c1cccc(Cn2ccc(-c3cc(-c4cccc(C#N)c4C)nc(N)n3)cc2=O)c1,6.9359
COC(=O)c1ccc(Cn2ccc(-c3cc(-c4cccc(C#N)c4C)nc(N)n3)cc2=O)cc1,5.4535
Cc1c(C#N)cccc1-c1cc(-c2ccn(Cc3cccc(F)c3)c(=O)c2)nc(N)n1,6.8901
Cc1c(C#N)cccc1-c1cc(-c2ccn(Cc3cccc(Cl)c3)c(=O)c2)nc(N)n1,6.8742
Cc1c(C#N)cccc1-c1cc(-c2ccn(Cc3cccc(Br)c3)c(=O)c2)nc(N)n1,6.3999
Cc1c(C#N)cccc1-c1cc(-c2ccn(Cc3cccc(C#N)c3)c(=O)c2)nc(N)n1,6.7091
Cc1c(C#N)cccc1-c1cc(-c2ccn(Cc3cccc(S(N)(=O)=O)c3)c(=O)c2)nc(N)n1,6.3440
Cc1c(C#N)cccc1-c1cc(-c2ccn(Cc3cccc(S(C)(=O)=O)c3)c(=O)c2)nc(N)n1,6.8807
Cc1c(C#N)cccc1-c1cc(-c2ccn(Cc3cccc(O)c3)c(=O)c2)nc(N)n1,6.1111
COc1cccc(Cn2ccc(-c3cc(-c4cccc(C#N)c4C)nc(N)n3)cc2=O)c1,6.7385
Cc1c(C#N)cccc1-c1cc(-c2ccn(Cc3cccc(CO)c3)c(=O)c2)nc(N)n1,7.2573
COCc1cccc(Cn2ccc(-c3cc(-c4cccc(C#N)c4C)nc(N)n3)cc2=O)c1,6.8560
Cc1c(C#N)cccc1-c1cc(-c2ccn(Cc3cccc(OCC(=O)O)c3)c(=O)c2)nc(N)n1,5.6832
COC(=O)COc1cccc(Cn2ccc(-c3cc(-c4cccc(C#N)c4C)nc(N)n3)cc2=O)c1,5.9374
Cc1c(C#N)cccc1-c1cc(-c2ccn(Cc3cccc(C(C)(C)O)c3)c(=O)c2)nc(N)n1,6.4876
Cc1c(C#N)cccc1-c1cc(-c2ccn(Cc3cccc(C(C)(C)F)c3)c(=O)c2)nc(N)n1,7.2510
Cc1c(C#N)cccc1-c1cc(-c2ccn(Cc3cccc(C(C)(C)O)n3)c(=O)c2)nc(N)n1,8.0458
Cc1c(C#N)cccc1-c1cc(-c2ccn(Cc3cccc(C(C)(C)F)n3)c(=O)c2)nc(N)n1,7.9872
Cc1c(C#N)cccc1-c1nc(N)nc(-c2ccn(Cc3cccc(C(C)(C)O)c3)c(=O)c2)c1F,6.8035
CCCCC#Cc1nc2c(N)nc(-c3ccco3)nc2n1[C@@H]1OC[C@@H](O)[C@H]1O,7.6882
CCCCC#Cc1nc2c(NC)nc(-c3ccco3)nc2n1[C@@H]1OC[C@@H](O)[C@H]1O,6.3883
CCCCC#Cc1nc2c(NCc3cccc(I)c3)nc(-c3ccco3)nc2n1[C@@H]1OC[C@@H](O)[C@H]1O,6.1599
CCCCC#Cc1nc2c(N)nc(-c3cccs3)nc2n1[C@@H]1OC[C@@H](O)[C@H]1O,7.5867
CCCCC#Cc1nc2c(NC)nc(-c3cccs3)nc2n1[C@@H]1OC[C@@H](O)[C@H]1O,5.4989
CCCCC#Cc1nc2c(N)nc(-c3ccco3)nc2n1[C@@H]1SC[C@@H](O)[C@H]1O,7.7496
CCCCC#Cc1nc2c(NC)nc(-c3ccco3)nc2n1[C@@H]1SC[C@@H](O)[C@H]1O,6.8539
CCCCC#Cc1nc2c(NCc3cccc(I)c3)nc(-c3ccco3)nc2n1[C@@H]1SC[C@@H](O)[C@H]1O,6.3089
CCCCC#Cc1nc2c(N)nc(-c3cccs3)nc2n1[C@@H]1SC[C@@H](O)[C@H]1O,6.9245
CCCCC#Cc1nc2c(NC)nc(-c3cccs3)nc2n1[C@@H]1SC[C@@H](O)[C@H]1O,6.1524
CCCCC#Cc1nc2c(NCc3cccc(I)c3)nc(-c3cccs3)nc2n1[C@@H]1SC[C@@H](O)[C@H]1O,5.9914
CCCCC#Cc1nc2c(N)nc(-c3ccco3)nc2[nH]1,8.3010
CCCCC#Cc1nc2c(NC)nc(-c3ccco3)nc2[nH]1,7.1599
CCCCC#Cc1nc2c(NCc3cccc(I)c3)nc(-c3ccco3)nc2[nH]1,6.2487
CCCCC#Cc1nc2c(N)nc(-c3cccs3)nc2[nH]1,8.3872
CCCCC#Cc1nc2c(NC)nc(-c3cccs3)nc2[nH]1,7.3045
CCCCC#Cc1nc2c(NCc3cccc(I)c3)nc(-c3cccs3)nc2[nH]1,6.4437
CCCCC#Cc1nc(N)c2nc(-c3ccco3)[nH]c2n1,8.2924
CCCCC#Cc1nc(NC)c2nc(-c3ccco3)[nH]c2n1,6.9136
CCCCC#Cc1nc(N)c2nc(-c3cccs3)[nH]c2n1,8.0809
CCCCC#Cc1nc(NC)c2nc(-c3cccs3)[nH]c2n1,7.1805
CCCCC#Cc1nc(N)c2nc(C#CCCCC)n([C@@H]3OC[C@@H](O)[C@H]3O)c2n1,6.8761
Nc1nc(-c2ccco2)nc2c1nc(-c1ccco1)n2[C@@H]1OC[C@@H](O)[C@H]1O,7.8861
Nc1nc(-c2ccco2)nc2[nH]c(-c3ccco3)nc12,7.5129
Nc1nc(-c2cccs2)nc2[nH]c(-c3cccs3)nc12,7.8297
Cc1c(C#N)cccc1-c1cc(-c2cn(Cc3ccc4[nH]ccc4c3)nn2)nc(N)n1,5.9948
Cc1c(C#N)cccc1-c1cc(-c2cn(Cc3cccc4[nH]ccc34)nn2)nc(N)n1,5.2354
Cc1c(C#N)cccc1-c1cc(-c2cn(Cc3ccc4cc[nH]c4c3)nn2)nc(N)n1,6.3692
Cc1c(C#N)cccc1-c1cc(-c2cn(Cc3cccc4cc[nH]c34)nn2)nc(N)n1,5.1045
Cc1c(C#N)cccc1-c1cc(-c2cn(Cc3cc4ccccc4[nH]3)nn2)nc(N)n1,5.6062
Cc1c(C#N)cccc1-c1cc(-c2cn(Cc3c[nH]c4ccccc34)nn2)nc(N)n1,6.9508
Cc1c(C#N)cccc1-c1cc(-c2cn(Cc3n[nH]c4ccccc34)nn2)nc(N)n1,6.8887
Cc1c(C#N)cccc1-c1cc(-c2cn(Cc3c[nH]c4cccnc34)nn2)nc(N)n1,7.4353
Cc1c(C#N)cccc1-c1cc(-c2cn(Cc3c[nH]c4ccncc34)nn2)nc(N)n1,6.7721
Cc1c(C#N)cccc1-c1cc(-c2cn(Cc3c[nH]c4cnccc34)nn2)nc(N)n1,5.7194
Cc1c(C#N)cccc1-c1cc(-c2cn(Cc3c[nH]c4ncccc34)nn2)nc(N)n1,5.6468
Cc1c(C#N)cccc1-c1cc(-c2cn(Cc3csc4ccccc34)nn2)nc(N)n1,7.4584
Cc1c(C#N)cccc1-c1cc(-c2cn(Cc3csc4c3CCCC4)nn2)nc(N)n1,7.9355
Cc1c(C#N)cccc1-c1cc(-c2cn(Cc3c[nH]c4cccc(Cl)c34)nn2)nc(N)n1,6.7645
Cc1c(C#N)cccc1-c1cc(-c2cn(Cc3c[nH]c4ccc(Cl)cc34)nn2)nc(N)n1,6.6123
Cc1c(C#N)cccc1-c1cc(-c2cn(Cc3c[nH]c4cc(Cl)ccc34)nn2)nc(N)n1,6.1230
Cc1c(C#N)cccc1-c1cc(-c2cn(Cc3c[nH]c4c(Cl)cccc34)nn2)nc(N)n1,5.9416
Cc1c(C#N)cccc1-c1cc(-c2cn(Cc3c[nH]c4cc(Cl)c(Cl)cc34)nn2)nc(N)n1,5.1995
Cc1ccc2[nH]cc(Cn3cc(-c4cc(-c5cccc(C#N)c5C)nc(N)n4)nn3)c2c1,6.9859
Cc1ccc2c(Cn3cc(-c4cc(-c5cccc(C#N)c5C)nc(N)n4)nn3)c[nH]c2c1,6.4896
COc1ccc2[nH]cc(Cn3cc(-c4cc(-c5cccc(C#N)c5C)nc(N)n4)nn3)c2c1,7.2716
COc1ccc2c(Cn3cc(-c4cc(-c5cccc(C#N)c5C)nc(N)n4)nn3)c[nH]c2c1,6.8755
Cc1c(C#N)cccc1-c1cc(-c2cn(Cc3c[nH]c4ccc(OC(C)C)cc34)nn2)nc(N)n1,7.1555
Cc1c(C#N)cccc1-c1cc(-c2cn(Cc3c[nH]c4cc(OC(C)C)ccc34)nn2)nc(N)n1,5.4143
Cc1c(C#N)cccc1-c1cc(-c2cn(Cc3c[nH]c4ccc(OC5CCCC5)cc34)nn2)nc(N)n1,7.0114
Cc1c(C#N)cccc1-c1cc(-c2cn(Cc3c[nH]c4cc(OC5CCCC5)ccc34)nn2)nc(N)n1,5.6758
Cc1c(C#N)cccc1-c1cc(-c2cn(Cc3c[nH]c4ccc(F)cc34)nn2)nc(N)n1,7.1986
Cc1c(C#N)cccc1-c1cc(-c2cn(Cc3c[nH]c4cc(F)ccc34)nn2)nc(N)n1,6.9205
COC(=O)c1ccc2[nH]cc(Cn3cc(-c4cc(-c5cccc(C#N)c5C)nc(N)n4)nn3)c2c1,7.1537
Cc1c(C#N)cccc1-c1cc(-c2cn(Cc3c[nH]c4ccc(S(C)(=O)=O)cc34)nn2)nc(N)n1,7.7375
Cc1c(C#N)cccc1-c1cc(-c2cn(Cc3c[nH]c4cc(S(C)(=O)=O)ccc34)nn2)nc(N)n1,6.3659
Cc1c(C#N)cccc1-c1cc(-c2cn(Cc3c[nH]c4ccc(C#N)cc34)nn2)nc(N)n1,8.1367
Cc1c(C#N)cccc1-c1cc(-c2cn(Cc3c[nH]c4cc(C#N)ccc34)nn2)nc(N)n1,6.6155
Nc1nc2c3ccccc3nc(-c3cccs3)n2n1,7.8665
Nc1nc2c3cc(Br)ccc3nc(-c3ccccc3)n2n1,7.4855
CNc1nc(C#Cc2ccccc2)nc2c1ncn2Cc1ccccc1,4.8365
CNc1nc(C#Cc2ccccc2)nc2c1ncn2COCc1ccccc1,4.8914
CNc1nc(C#Cc2ccccc2)nc2c1ncn2-c1ccc(O)cc1,5.4449
O=C(c1nnc(NC2CCCC2)c2cc(Cl)c(Cl)cc12)N1CCC(O)CC1,4.6990
Nc1nc(NCc2ccccc2)nc(-c2ccccc2CO)n1,6.6576
COc1cccc2c(C(=O)NCc3cccc(C(C)(O)C(F)(F)F)n3)nc(N)nc12,9.3010
COc1cccc2c(C(=O)NCc3cccc(C4(O)CCC4)n3)nc(N)nc12,9.2218
COc1cccc2c(C(=O)NCc3cccc(C4CC4)n3)nc(N)nc12,9.5229
COc1cccc2c(C(=O)NCc3cccc(-c4cccc(O)c4)n3)nc(N)nc12,8.4815
COc1cccc2c(C(=O)NCc3cccc(-c4ccccn4)n3)nc(N)nc12,8.9208
COc1cccc2c(C(=O)NCc3nc(C)ccc3C)nc(N)nc12,9.6990
CCn1cccc(CNC(=O)c2nc(N)nc3c(OC)cccc23)c1=O,9.6990
COc1cccc2c(C(=O)NCc3cccc4ccncc34)nc(N)nc12,9.5229
COc1cccc2c(C(=O)NCc3cccc(C)c3)nc(N)nc12,9.3979
COc1cccc2c(C(=O)NCc3ncccc3C(F)(F)F)nc(N)nc12,8.5850
COc1cccc2c(C(=O)NCc3nc(C)ccc3F)nc(N)nc12,9.3010
COc1cccc2c(C(=O)NCc3ncccc3C)nc(N)nc12,9.0458
COc1cccc2c(C(=O)NCc3ncccc3F)nc(N)nc12,8.8539
COc1cccc2c(C(=O)NCc3ccc(F)cn3)nc(N)nc12,8.1805
COc1cccc2c(C(=O)NCc3ncc(C)cc3C)nc(N)nc12,8.8239
COc1cccc2c(C(=O)NCc3ncc(F)cc3F)nc(N)nc12,8.5376
COc1cccc2c(C(=O)NCc3ccc4ccccc4n3)nc(N)nc12,8.8239
COc1cccc2c(C(=O)NCc3nc(-c4ccccc4)c(C)o3)nc(N)nc12,8.7959
COc1cccc2c(C(=O)NCC3Cc4cccnc4C3)nc(N)nc12,8.7447
COc1cccc2c(C(=O)N[C@@H]3CCc4ccccc43)nc(N)nc12,8.2757
COc1cccc2c(C(=O)NC3CCc4ccccc4C3)nc(N)nc12,7.6990
COc1cccc2c(C(=O)N[C@@H](CO)c3ccccc3)nc(N)nc12,8.5850
COc1cccc2c(C(=O)N[C@@H](CO)c3ccc4ccccc4n3)nc(N)nc12,8.0809
COc1cccc2c(C(=O)NCc3ncccn3)nc(N)nc12,7.3665
COc1cccc2c(C(=O)NC(C)(C)c3ccccn3)nc(N)nc12,6.3820
COc1cccc2c(C(=O)NC3(c4ccccn4)CC3)nc(N)nc12,6.0320
COc1cccc2c(C(=O)NCc3ccccc3-c3cccnc3)nc(N)nc12,8.0362
COc1cccc2c(C(=O)NCc3cccc4c3OC(F)(F)O4)nc(N)nc12,8.2757
COc1cccc2c(C(=O)NCc3ccccc3-c3ccccn3)nc(N)nc12,8.6383
COc1cccc2c(C(=O)NCc3cccc(COc4ccc(F)cc4)n3)nc(N)nc12,9.5229
Nc1nc(C(=O)NCc2cccc(COc3ccccn3)n2)c2cccc(F)c2n1,8.6576
N#Cc1ccc(OCc2cccc(CNC(=O)c3nc(N)nc4c(F)cccc34)n2)cc1,8.4202
COc1cccc2c(C(=O)NCc3cccc(COCC4CCCC4)n3)nc(N)nc12,9.3010
COc1cccc2c(C(=O)NCc3cccc(COCC4CC4)n3)nc(N)nc12,8.8861
COc1cccc2c(C(=O)NCc3cccc(COCC(C)C)n3)nc(N)nc12,8.7212
COc1cccc2c(C(=O)NCc3cccc(CO[C@H]4CCOC4)n3)nc(N)nc12,8.9586
COc1cccc2c(C(=O)NCc3cccc(CN4CCOCC4)c3)nc(N)nc12,8.1487
COc1cccc2c(C(=O)NCc3cccc(COc4cccc(F)c4)n3)nc(N)nc12,8.6778
COc1cccc2c(C(=O)NCc3cccc(CSc4ccc(F)cc4)n3)nc(N)nc12,8.4949
COc1cccc2c(C(=O)NCc3cccc(CSc4nc5ccccc5[nH]4)n3)nc(N)nc12,8.2007
[2H]C([2H])(NC(=O)c1nc(N)nc2c(OC)cccc12)c1cccc(Oc2cncc(OC)c2)n1,8.3010
[2H]C([2H])(NC(=O)c1nc(N)nc2c(F)cccc12)c1cccc(Oc2ccc(OCCOC)cc2)n1,8.4318
[2H]C([2H])(NC(=O)c1nc(N)nc2c(OC)cccc12)c1cccc(N2CCN(c3ccc(OCCOC)cc3)CC2)n1,8.3665
COc1cccc2c(C(=O)NCc3cccn(C)c3=O)nc(N)nc12,9.0458
Nc1nc(C(=O)NCc2ccccc2-n2cccn2)c2cccc(F)c2n1,9.3010
Nc1nc(C(=O)NCc2cccc(-c3ccccn3)n2)c2cccc(F)c2n1,9.0969
Nc1nc(C(=O)NCc2ccccc2-c2ncccn2)c2cccc(F)c2n1,9.0458
CC(C)c1cccc(-c2cccc(CNC(=O)c3nc(N)nc4c(F)cccc34)n2)c1,9.0000
CC(C)Oc1cccc(-c2cccc(CNC(=O)c3nc(N)nc4c(F)cccc34)n2)c1,8.4202
Nc1nc(C(=O)NCc2ncccc2-c2ncccn2)c2cccc(F)c2n1,8.3979
Cc1ccc(-c2cccnc2CNC(=O)c2nc(N)nc3c(F)cccc23)nc1,8.0410
Cc1csc(-c2cccc(CNC(=O)c3nc(N)nc4c(F)cccc34)n2)n1,8.3768
Nc1nc(C(=O)NCc2cccc(-c3cnco3)n2)c2cccc(F)c2n1,8.3468
Nc1nc(C(=O)NCc2cccc(C(F)F)n2)c2cccc(F)c2n1,8.4437
Cc1ccc(CNC(=O)c2nc(N)nc3c(F)cccc23)nc1,8.2147
Cc1ccc(CCNC(=O)c2nc(N)nc3c(F)cccc23)nc1,6.6478
COC(=O)c1ccccc1CNC(=O)c1nc(N)nc2c(F)cccc12,8.6021
COC(=O)c1cccc(CNC(=O)c2nc(N)nc3c(F)cccc23)n1,7.6383
Cc1ccc(F)c(CNC(=O)c2nc(N)nc3c(F)cccc23)n1,9.3010
COc1ccc(C)c(CNC(=O)c2nc(N)nc3c(F)cccc23)n1,9.0969
CC(C)Oc1cccc(CNC(=O)c2nc(N)nc3c(F)cccc23)n1,9.0000
CC1(O)CCN(c2cccc(CNC(=O)c3nc(N)nc4c(F)cccc34)n2)CC1,8.2840
Nc1nc(C(=O)NCc2cccc3cncn23)c2cccc(F)c2n1,8.2076
Cc1cccn2cc(CNC(=O)c3nc(N)nc4c(F)cccc34)nc12,8.1612
CC(C)c1nc(CNC(=O)c2nc(N)nc3c(F)cccc23)cs1,9.2218
Nc1nc(C(=O)NCc2cc(C3CC3)on2)c2cccc(F)c2n1,7.8539
Nc1nc(C(=O)NCC23CC4CC(CC(C4)C2)C3)c2cccc(F)c2n1,8.1938
Nc1nc(C(=O)NCC2CCN(c3ncc(F)cn3)CC2)c2cccc(F)c2n1,8.0969
Nc1nc(C(=O)NCC2CC3CCC2C3)c2cccc(F)c2n1,7.4949
Cc1cccc(CNC(=O)c2nc(N)nc3c(Cl)cc(Cl)cc23)n1,8.1871
Cc1ccc(F)c(CNC(=O)c2nc(N)nc3c(-c4ncco4)cccc23)n1,8.7696
Nc1nc(C(=O)NCc2ncccn2)c2cccc(I)c2n1,6.6402
Nc1nc(C(=O)NCc2cccc(Cc3ccc(F)c(F)c3)n2)c2cccc(F)c2n1,8.9208
COc1cccc2c(C(=O)NCc3cccc(Cc4ccccc4)n3)nc(N)nc12,8.6021
[2H]C([2H])(NC(=O)c1nc(N)nc2c(OC)cccc12)c1cccc(C([2H])([2H])c2ccc(N3CCOCC3)nc2)n1,8.7959
[2H]C([2H])(NC(=O)c1nc(N)nc2c(OC)cccc12)c1cccc(C([2H])([2H])c2cccc(OCCOC)c2)n1,8.7212
[2H]C([2H])(NC(=O)c1nc(N)nc2c(OC)cccc12)c1cccc(C([2H])([2H])c2cncc(-c3ncco3)c2)n1,8.6778
[2H]C([2H])(NC(=O)c1nc(N)nc2c(OC)cccc12)c1cccc(C([2H])([2H])c2ccc(C(C)(C)OCOC)nc2)n1,8.6383
[2H]C([2H])(NC(=O)c1nc(N)nc2c(OC)cccc12)c1cccc(C([2H])([2H])c2cncc(N3CCOCC3)c2)n1,8.6021
Nc1nc(C(=O)NCc2cccc(Cc3ccccc3F)n2)c2cccc(F)c2n1,8.8861
Nc1nc(C(=O)NCc2cccc(Cc3ccncc3)n2)c2cccc(F)c2n1,8.7959
O[C@@H]1[C@H](O)CS[C@H]1c1nnc2c(NCCc3ccccc3)nccn12,5.2596
O[C@@H]1[C@H](O)CS[C@H]1c1nnc2c(NCc3cccc(F)c3)nccn12,5.2596
O[C@@H]1[C@H](O)CS[C@H]1c1nnc2c(NC3CC3c3ccccc3)nccn12,5.2596
CN1CCN(Nc2nccn3c([C@@H]4SC[C@@H](O)[C@H]4O)nnc23)CC1,5.2596
O[C@@H]1[C@H](O)CS[C@H]1c1nnc2c(NN3CCOCC3)nccn12,5.2596
C[C@H](Nc1nccn2c([C@@H]3SC[C@@H](O)[C@H]3O)nnc12)c1cccc(Cl)c1,5.2596
O[C@@H]1[C@H](O)CS[C@H]1c1nnc2c(NCc3ccccc3Cl)nccn12,5.2596
O[C@@H]1[C@H](O)CS[C@H]1c1nnc2c(NCc3ccc(Cl)cc3)nccn12,5.2596
O[C@@H]1[C@H](O)CS[C@H]1c1nnc2c(NCCc3ccccc3F)nccn12,5.2596
O[C@@H]1[C@H](O)CS[C@H]1c1nnc2c(NCc3cc(Cl)cc(Cl)c3)nccn12,5.2596
O[C@@H]1[C@H](O)CS[C@H]1c1nnc2c(NCc3cc(Cl)ccc3Cl)nccn12,5.2596
O[C@@H]1[C@H](O)CS[C@H]1c1nnc2c(NCc3cccs3)nccn12,5.2596
Nc1cc(Cl)c(-c2ccncc2)c(-c2cccnc2)n1,6.3010
Nc1cc(Br)c(-c2ccncc2)c(-c2cccnc2)n1,6.5229
Nc1cc(Cl)c(-c2ccnc(F)c2)c(-c2cccnc2)n1,5.3188
Nc1cc(Cl)c(-c2ccnc(F)c2)c(-c2ccncc2)n1,6.2557
Nc1cc(Br)c(-c2ccnc(F)c2)c(-c2ccncc2)n1,5.8861
CCn1c(=O)c2c(C)c(CN3CCNC3=O)sc2n(CCOC)c1=O,6.9208
CCn1c(=O)c2c(C)c(CN3CCNC3=O)sc2n(CC2CCO2)c1=O,6.5528
COCCn1c(=O)n(C(C)C)c(=O)c2c(C)c(CN3CCNC3=O)sc21,6.5686
CCn1c(=O)c2c(C)c(Cn3cc[nH]c3=O)sc2n(CCOC)c1=O,7.0000
CCn1c(=O)c2c(C)c(Cn3nc[nH]c3=O)sc2n(CCC(F)(F)F)c1=O,5.7696
CCn1c(=O)c2c(C)c(Cn3cn[nH]c3=O)sc2n(CCC(F)(F)F)c1=O,6.1024
CNC(=O)[C@]12CC1[C@@H](n1cnc3cnc(C#Cc4ccccc4)nc31)[C@H](O)C2O,5.9208
COc1cccc2c1nc(N)n1nc([C@@H]3CCCN(CCC(F)(F)F)C3)nc21,9.2218
COc1cccc2c1nc(N)n1nc([C@@H]3CCCN(CC(C(F)(F)F)C(F)(F)F)C3)nc21,9.5229
COc1cccc2c1nc(N)n1nc([C@@H]3CCCN(CC(F)F)C3)nc21,9.3979
COc1cccc2c1nc(N)n1nc([C@@H]3CCCN(CCN(C)C)C3)nc21,8.2676
CCN1CCC[C@@H](c2nc3c4cccc(OC)c4nc(N)n3n2)C1,7.4685
COCCN1CCC[C@@H](c2nc3c4cccc(OC)c4nc(N)n3n2)C1,8.5086
CCCCN1CCC[C@@H](c2nc3c4cccc(OC)c4nc(N)n3n2)C1,7.5376
COc1cccc2c1nc(N)n1nc([C@@H]3CCCN(CC(C)C)C3)nc21,7.3468
C#CC(C)(C)N1CCC[C@@H](c2nc3c4cccc(OC)c4nc(N)n3n2)C1,7.6990
COc1cccc2c1nc(N)n1nc([C@@H]3CCCN(CC4(C)CC4)C3)nc21,7.6990
COc1cccc2c1nc(N)n1nc([C@@H]3CCCN(CCC(F)(F)C(F)(F)F)C3)nc21,9.3979
COc1cccc2c1nc(N)n1nc([C@H]3CCCN(CCC(F)(F)F)C3)nc21,7.8539
COc1cccc2c1nc(N)n1nc([C@@H]3CCCNC3)nc21,7.0315
COc1cccc2c1nc(N)n1nc([C@@H]3CCCN(CCC4CC4)C3)nc21,8.1612
COc1cccc2c1nc(N)n1nc([C@@H]3CCCN(CCN4CCOCC4)C3)nc21,8.8239
COc1cccc2c1nc(N)n1nc([C@@H]3CCCN(CCCC(F)(F)F)C3)nc21,8.1192
COc1cccc2c1nc(N)n1nc([C@@H]3CCCN(CC4CC(F)(F)C4)C3)nc21,9.1549
COc1cccc2c1nc(N)n1nc([C@@H]3CCCN(CC4(C)COC4)C3)nc21,8.5229
COc1cccc2c1nc(N)n1nc([C@@H]3CCCN(c4nnc(C)s4)C3)nc21,8.6990
COc1cccc2c1nc(N)n1nc([C@@H]3CCCN(c4nncs4)C3)nc21,8.7212
COc1cccc2c1nc(N)n1nc([C@@H]3CCCN(c4ncns4)C3)nc21,8.4949
COc1cccc2c1nc(N)n1nc([C@@H]3CCCN(c4ncc(C)s4)C3)nc21,9.0969
COc1cccc2c1nc(N)n1nc([C@@H]3CCCN(CC(F)(F)F)C3)nc21,9.0969
COc1cccc2c1nc(N)n1nc([C@@H]3CCCN(C[C@@H](C4CC4)C(F)(F)F)C3)nc21,9.3010
COc1cccc2c1nc(N)n1nc([C@@H]3CCCN(C[C@H](C4CC4)C(F)(F)F)C3)nc21,9.3979
Nc1nc2c(OC(F)F)cccc2c2nc([C@@H]3CCCN(CC(F)F)C3)nn12,8.9208
Nc1nc2cc(Cl)ccc2c2nc([C@@H]3CCCN(CC(F)F)C3)nn12,8.8861
Nc1nc2c(Cl)cccc2c2nc(C3CCCN(CCC(F)(F)F)C3)nn12,8.0132
Nc1nc2ccccc2c2nc([C@@H]3CCCN(CC(F)F)C3)nn12,7.9586
Nc1nc2c(O)cccc2c2nc([C@H]3CCC[C@@H](CCC(F)(F)F)C3)nn12,7.7959
Nc1nc2c(O)cccc2c2nc([C@H]3CCC[C@H](CCC(F)(F)F)C3)nn12,8.7696
Nc1nc2c(O)cccc2c2nc([C@@H]3CCC[C@@H](CCC(F)(F)F)C3)nn12,9.3979
Nc1nc2c(O)cccc2c2nc([C@@H]3CCC[C@H](CCC(F)(F)F)C3)nn12,7.7696
COc1cccc2c1nc(N)n1nc([C@H]3CCC[C@@H](N)C3)nc21,7.0410
COc1cccc2c1nc(N)n1nc([C@H]3CCC[C@H](N)C3)nc21,7.3565
COc1cccc2c1nc(N)n1nc([C@@H]3CCC[C@@H](N)C3)nc21,6.9393
COc1cccc2c1nc(N)n1nc([C@@H]3CCC[C@H](N)C3)nc21,6.1805
CCC(C)(C)N1CCC[C@@H](c2nc3c4cccc(OC)c4nc(N)n3n2)C1,7.4815
COc1cccc2c1nc(N)n1nc([C@H]3CCCCN(CC(F)(F)F)C3)nc21,9.1549
COc1cccc2c1nc(N)n1nc([C@@H]3CCCCN(CC(F)(F)F)C3)nc21,8.2291
COc1cccc2c1nc(N)n1nc(C3CNCC(F)(F)C3)nc21,8.2757
COc1cccc2c1nc(N)n1nc([C@H]3CNCC(F)(F)C3)nc21,8.6198
COc1cccc2c1nc(N)n1nc([C@@H]3CN(CC(F)F)CC(F)(F)C3)nc21,8.6433
COc1cccc2c1nc(N)n1nc([C@H]3CC4CC[C@@H]3N(CC(F)(F)F)C4)nc21,7.6778
COc1cccc2c1nc(N)n1nc([C@H]3CC4CC[C@H]3N(CC(F)(F)F)C4)nc21,7.2676
COc1cccc2c1nc(N)n1nc([C@@H]3CC4CC[C@@H]3N(CC(F)(F)F)C4)nc21,9.5229
COc1cccc2c1nc(N)n1nc([C@@H]3CC4CC[C@H]3N(CC(F)(F)F)C4)nc21,8.0044
COc1cccc2c1nc(N)n1nc([C@@H]3CCCN(S(=O)(=O)c4ccccc4)C3)nc21,8.9208
COc1cccc2c1nc(N)n1nc([C@@H]3CCCN(C(=O)c4ccccc4)C3)nc21,8.8861
COc1cccc2c1nc(N)n1nc([C@@H]3CCCN(C(=O)C(C)(C)C)C3)nc21,8.3565
COc1cccc2c1nc(N)n1nc([C@@H]3CCCN(C(=O)c4cccs4)C3)nc21,8.5686
COc1cccc2c1nc(N)n1nc([C@@H]3CCCN(C(=O)c4ocnc4C)C3)nc21,8.8239
COc1cccc(C(=O)N2CCC[C@@H](c3nc4c5cccc(OC)c5nc(N)n4n3)C2)c1,8.7212
COc1cccc2c1nc(N)n1nc([C@@H]3CCCN(C(=O)C(C)(C)F)C3)nc21,8.9586
COc1cccc2c1nc(N)n1nc([C@@H]3CCCN(CC(C)(C)F)C3)nc21,9.2218
COc1cccc2c1nc(N)n1nc([C@@H]3CCCN(CC4CCOCC4)C3)nc21,8.3010
COc1cccc2c1nc(N)n1nc([C@@H]3CCCN(Cc4cccnc4)C3)nc21,8.4202
COc1cccc2c1nc(N)n1nc([C@@H]3CCCN(Cc4cc(F)cc(C(F)(F)F)c4)C3)nc21,8.6990
COc1cccc2c1nc(N)n1nc([C@@H]3CCCN(CC4CCCC4)C3)nc21,8.0132
COc1cccc2c1nc(N)n1nc([C@@H]3CCCN(Cc4cnc(C)s4)C3)nc21,8.6778
COc1cccc2c1nc(N)n1nc([C@@H]3CCCN(C4CCC(F)(F)CC4)C3)nc21,8.2291
COc1cccc2c1nc(N)n1nc(C3CCCN(c4ccccc4)C3)nc21,9.0458
COc1cccc2c1nc(N)n1nc([C@@H]3CCCN(c4ccccc4)C3)nc21,7.4685
COc1cccc2c1nc(N)n1nc(C3CCN(c4cccc(F)c4)C3)nc21,8.8539
COc1cccc2c1nc(N)n1nc([C@@H]3CCCN(C4CC4)C3)nc21,8.9208
COc1cccc2c1nc(N)n1nc([C@@H]3CCN(CC(F)(F)F)C3)nc21,8.6990
COc1cccc2c1nc(N)n1nc([C@H]3CN(C4CCC(F)(F)CC4)CCO3)nc21,8.5229
COc1cccc2c1nc(N)n1nc([C@@H]3CC(F)(F)CCO3)nc21,8.7212
COc1cccc2c1nc(N)n1nc([C@H]3CC(F)(F)CCO3)nc21,8.6990
Nc1nc2c3c(ccc2c2nc([C@H]4CCCN(CCC(F)(F)F)C4)nn12)OC(F)(F)O3,9.0969
Nc1nc2c3c(ccc2c2nc([C@@H]4CCCN(CCC(F)(F)F)C4)nn12)OC(F)(F)O3,7.2596
COc1cccc2c1nc(N)n1nc([C@@H]3CC(F)(F)CN3)nc21,9.3010
COc1cccc2c1nc(N)n1nc([C@@H]3CCC(F)(F)CN3)nc21,8.6198
COc1cccc2c1nc(N)n1nc([C@H]3CCC(F)(F)CN3)nc21,9.5229
Cn1cc(-c2c(-c3ccc(F)cc3)nc(N)n3nc(Cc4ncccc4F)nc23)ccc1=O,8.6383
Cn1cc(-c2c(-c3ccc(F)cc3)nc(N)n3nc(Cc4c(F)cccc4F)nc23)ccc1=O,8.6778
CN(C)c1cc(-c2c(-c3ccc(F)cc3)nc(N)n3nc(Cc4c(F)cccc4F)nc23)ccn1,9.0458
Cn1cc(-c2c(-c3ccc(F)cc3)nc(N)n3nc(Cc4ncccc4OC(F)F)nc23)ccc1=O,8.5528
Cn1cc(-c2c(-c3ncco3)nc(N)n3nc(Cc4ncccc4F)nc23)ccc1=O,7.6990
Cn1cc(-c2c(-c3ncco3)nc(N)n3nc(Cc4c(F)cccc4F)nc23)ccc1=O,7.9208
Cn1cc(-c2c(-n3nccn3)nc(N)n3nc(Cc4c(F)cccc4F)nc23)ccc1=O,8.8539
Nc1nc(-c2ncco2)c(-c2ccc3nccn3c2)c2nc(Cc3ncccc3F)nn12,8.5229
Nc1nc(-c2ccc(F)cc2)c(-c2ccc3nccn3c2)c2nc(Cc3ncccc3F)nn12,8.2596
CCn1cc(-c2c(-c3ccc(F)cc3)nc(N)n3nc(Cc4ncccc4F)nc23)ccc1=O,8.5528
Nc1cccc(Cc2nc3c(-c4ccc5nccn5c4)c(-c4ccc(F)cc4)nc(N)n3n2)n1,8.2007
Cn1cc(-c2c(-c3ccc(C(F)F)cc3)nc(N)n3nc(Cc4ncccc4F)nc23)ccc1=O,8.4685
CC(C)n1cc(-c2c(-c3ccc(F)cc3)nc(N)n3nc(Cc4ncccc4F)nc23)ccc1=O,8.3979
COc1ccc(-c2nc(N)n3nc(Cc4ncccc4F)nc3c2-c2ccc(=O)n(C)c2)cc1,8.3768
Cn1cc(-c2c(-c3ccc(C(F)(F)F)cc3)nc(N)n3nc(Cc4ncccc4F)nc23)ccc1=O,8.2840
Cc1c(-c2c(-c3ccc(F)cc3)nc(N)n3nc(Cc4ncccc4F)nc23)ccc(=O)n1C,8.1427
Cn1cc(-c2c(-c3cccc(Cl)c3)nc(N)n3nc(Cc4ncccc4F)nc23)ccc1=O,8.3872
COc1cccc(-c2nc(N)n3nc(Cc4ncccc4F)nc3c2-c2ccc(=O)n(C)c2)c1,8.4437
Nc1nc(-c2ncco2)c(-c2ccnc(OC(F)F)c2)c2nc(Cc3c(F)cccc3F)nn12,8.2596
Nc1nc(-c2ncco2)c(-c2ccnc(OC(F)F)c2)c2nc(Cc3ncccc3F)nn12,8.0809
Nc1nc(-n2nccn2)c(-c2ccc3nccn3c2)c2nc(Cc3ncccc3F)nn12,8.4559
Cc1cc(-c2c(-c3ccc(F)cc3)nc(N)n3nc(Cc4ncccc4F)nc23)ccn1,7.2291
Nc1nc(-c2ccc(F)cc2)c(-c2ccnc(Cl)c2)c2nc(Cc3ncccc3F)nn12,7.2518
Nc1nc(-c2ccc(F)cc2)c(-c2ccnc(C(F)(F)F)c2)c2nc(Cc3c(F)cccc3F)nn12,7.2840
COc1cc(-c2c(-c3ccc(F)cc3)nc(N)n3nc(Cc4c(F)cccc4F)nc23)ccn1,8.7212
Nc1nc(-c2ccc(F)cc2)c(-c2ccnnc2)c2nc(Cc3c(F)cccc3F)nn12,7.2007
Cc1cc(-c2c(-c3ccc(F)cc3)nc(N)n3nc(Cc4cscn4)nc23)ccn1,6.9914
Cc1cc(-c2c(-c3ccc(F)cc3)nc(N)n3nc(Cc4cccc(Cl)c4)nc23)ccn1,7.2291
Cc1cc(-c2c(-c3ccc(F)cc3)nc(N)n3nc(Cc4nccs4)nc23)ccn1,7.4685
Cc1cc(-c2c(-c3ccc(F)cc3)nc(N)n3nc(C(C)c4c(F)cccc4F)nc23)ccn1,7.3372
Cc1cc(-c2c(-c3ccc(F)cc3)nc(N)n3nc(Cc4c(F)cccc4F)nc23)c(C)cn1,7.9586
Cc1cc(-c2c(-c3ccc(F)cc3)nc(N)n3nc(Cc4ncccc4F)nc23)cc(C)n1,8.1612
Cc1cc(-c2c(-c3ccc(F)cc3)nc(N)n3nc(Cc4cccc(Cl)n4)nc23)ccn1,7.3372
Cc1nccc(-c2c(-c3ccc(F)cc3)nc(N)n3nc(Cc4c(F)cccc4F)nc23)c1C,6.7595
Cc1cc(-c2c(-c3ccc(F)cc3)nc(N)n3nc(Cc4cccc(N(C)C)n4)nc23)ccn1,7.3665
Cc1cc(-c2c(-c3ccc(F)cc3)nc(N)n3nc(Cc4ncccc4F)nc23)cc(Cl)n1,8.9208
Cc1cc(-c2c(-c3ccc(F)cc3)nc(N)n3nc(Cc4cccc(C#N)n4)nc23)ccn1,6.9914
Nc1nc(-c2ccc(F)cc2)c(-c2ccc(=O)n(C3CCOC3)c2)c2nc(Cc3c(F)cccc3F)nn12,8.1135
Cc1ccc(-c2nc(N)n3nc(Cc4c(F)cccc4F)nc3c2-c2ccc(=O)n(C)c2)cn1,7.2366
Cc1cnc(-c2nc(N)n3nc(Cc4c(F)cccc4F)nc3c2-c2ccc(=O)n(C)c2)o1,7.8239
Cc1coc(-c2nc(N)n3nc(Cc4c(F)cccc4F)nc3c2-c2ccc(=O)n(C)c2)n1,6.8570
Cn1cc(-c2c(Cl)nc(N)n3nc(Cc4c(F)cccc4F)nc23)ccc1=O,6.8013
Cc1cc(-c2c(-c3ccc(F)cc3)nc(N)n3nc(Cc4ncccc4F)nc23)cn(C)c1=O,8.4202
Cn1nc(-c2c(-c3ccc(F)cc3)nc(N)n3nc(Cc4ncccc4F)nc23)ccc1=O,8.2291
Cc1cc(-c2c(-c3ncco3)nc(N)n3nc(Cc4c(F)cccc4F)nc23)cc(C)n1,7.7447
Cn1cc(-c2c(-c3ccc(F)cc3)nc(N)n3nc(Cc4cccc(N)n4)nc23)ccc1=O,7.5686
Nc1nc(-c2ccc(F)cc2)c(-c2ccc(=O)n(C3CC3)c2)c2nc(Cc3ncccc3F)nn12,7.6990
Nc1cc(-c2c(-c3ccc(F)cc3)nc(N)n3nc(Cc4ncccc4F)nc23)ccn1,7.3872
Cn1cc(-c2c(-c3ccc(F)c(F)c3)nc(N)n3nc(Cc4ncccc4F)nc23)ccc1=O,7.7447
Cn1cc(-c2c(-c3cccc(F)c3)nc(N)n3nc(Cc4ncccc4F)nc23)ccc1=O,8.2840
Cn1cc(-c2c(-c3ccc(F)cc3)nc(N)n3nc(Cc4nccs4)nc23)ccc1=O,8.1024
CNc1cc(-c2c(-c3ccc(F)cc3)nc(N)n3nc(Cc4ncccc4F)nc23)ccn1,7.7212
Cn1cc(-c2c(-c3nccs3)nc(N)n3nc(Cc4c(F)cccc4F)nc23)ccc1=O,8.3665
Cn1cc(-c2c(-c3ccc(Cl)cc3)nc(N)n3nc(Cc4ncccc4F)nc23)ccc1=O,7.6576
Cn1cc(-c2c(-c3ccc(C#N)cc3)nc(N)n3nc(Cc4ncccc4F)nc23)ccc1=O,6.9208
Cn1cc(-c2c(-c3ccc(F)cc3)nc(N)n3nc(Cc4cscn4)nc23)ccc1=O,7.5376
Cn1cc(-c2nc(N)n3nc(Cc4ncccc4F)nc3c2-c2ccc(=O)n(C)c2)cn1,7.0088
Nc1nc(-c2ccc(F)cc2)c(-c2ccc(=O)n(C3CS(=O)(=O)C3)c2)c2nc(Cc3c(F)cccc3F)nn12,7.2518
Cn1cc(-c2c(-n3cccn3)nc(N)n3nc(Cc4ncccc4F)nc23)ccc1=O,6.9136
Cn1cc(-c2c(-c3ccc(F)cc3F)nc(N)n3nc(Cc4ncccc4F)nc23)ccc1=O,7.1675
Nc1nc(-c2ccc(F)cc2)c(-c2ccc(=O)n(CCO)c2)c2nc(Cc3c(F)cccc3F)nn12,9.6990
Cn1cc(-c2c(-c3ccc(F)cc3)nc(N)n3nc(Cc4ncc(F)cc4F)nc23)ccc1=O,7.6576
Cc1nc(Cc2nc3c(-c4ccc5nccn5c4)c(-c4ccc(F)cc4)nc(N)n3n2)cs1,8.4949
Cn1cnc2ccc(-c3c(-c4ccc(F)cc4)nc(N)n4nc(Cc5ncccc5F)nc34)cc21,10.0000
Cn1cc(-c2c(-c3ncco3)nc(N)n3nc(Cc4ncccc4OC(F)F)nc23)ccc1=O,7.9586
Nc1nc(-c2ccc(F)cc2)c(-c2ccc3nncn3c2)c2nc(Cc3ncccc3F)nn12,7.4318
Nc1nc(-c2ccc(F)cc2)c(-c2ccc3nncn3c2)c2nc(Cc3ncccc3OC(F)F)nn12,10.0000
Nc1nc(-c2ncco2)c(-c2ccc3nncn3c2)c2nc(Cc3ncccc3OC(F)F)nn12,9.0969
Nc1nc(-c2ccc(F)cc2)c(-c2ccc3nc[nH]c3c2)c2nc(Cc3ncccc3F)nn12,8.7696
Cn1cc(-c2c(-c3cc(F)cc(F)c3)nc(N)n3nc(Cc4ncccc4F)nc23)ccc1=O,8.1024
Cn1cc(-c2c(-c3ccccc3Cl)nc(N)n3nc(Cc4ncccc4F)nc23)ccc1=O,6.8697
CC(C)n1cc(-c2c(-c3ncco3)nc(N)n3nc(Cc4c(F)cccc4F)nc23)ccc1=O,9.1549
CC(C)n1cc(-c2c(-c3ncco3)nc(N)n3nc(Cc4ncccc4F)nc23)ccc1=O,8.4437
Cc1cc(-c2c(-c3ncco3)nc(N)n3nc(Cc4c(F)cccc4F)nc23)cc(N)n1,7.3098
Cc1cc(-c2c(-c3ncco3)nc(N)n3nc(Cc4ncccc4F)nc23)cc(Cl)n1,7.6021
Cc1cc(-c2c(-c3ncco3)nc(N)n3nc(Cc4c(F)cccc4F)nc23)cc(C#N)n1,7.7447
Cc1cc(-c2c(-c3ncco3)nc(N)n3nc(Cc4c(F)cccc4F)nc23)cc(C2CC2)n1,7.2218
Cc1cc(-c2c(-c3ncco3)nc(N)n3nc(Cc4ncccc4F)nc23)cc(OC(F)F)n1,7.5686
Nc1nc(-c2ccc(F)cc2)c(-c2ccc3ncsc3c2)c2nc(Cc3ncccc3F)nn12,9.1549
Nc1nc(-c2ccc(F)cc2)c(-c2ccc3ncccc3c2)c2nc(Cc3ncccc3F)nn12,9.3979
Cn1cnc2ccc(-c3c(-c4ncco4)nc(N)n4nc(Cc5ncccc5F)nc34)cc21,8.7447
Cn1cnc2ccc(-c3c(-c4ncco4)nc(N)n4nc(Cc5c(F)cccc5F)nc34)cc21,8.5850
Cn1cc(-c2c(-c3ccccn3)nc(N)n3nc(Cc4c(F)cccc4F)nc23)ccc1=O,8.0969
Nc1nc(-n2ccnn2)c(-c2ccc3nccn3c2)c2nc(Cc3ncccc3F)nn12,6.9872
Nc1nc(-c2ccc(F)cc2)c(-c2ccc(=O)n(CCO)c2)c2nc(Cc3ncccc3F)nn12,8.4318
Nc1nc(-c2ccc(F)cc2)c(-c2ccc3nccnc3c2)c2nc(Cc3ncccc3F)nn12,7.6021
Cn1cc(-c2c(-c3ccc4c(ccn4C)c3)nc(N)n3nc(Cc4ncccc4F)nc23)ccc1=O,7.3279
COc1ccccc1-c1nc(N)n2nc(Cc3ncccc3F)nc2c1-c1ccc(=O)n(C)c1,7.0555
Cc1cnc2ccc(-c3c(-c4ncco4)nc(N)n4nc(Cc5ncccc5F)nc34)cn12,9.3010
Cc1cnc2ccc(-c3c(N(C)C)nc(N)n4nc(Cc5ncccc5F)nc34)cn12,8.9208
Cc1cnc2ccc(-c3c(N4CCCC4)nc(N)n4nc(Cc5ncccc5F)nc34)cn12,8.0862
Cc1cnc2ccc(-c3c(N4CCOCC4)nc(N)n4nc(Cc5ncccc5F)nc34)cn12,8.5850
CN1CCC[C@H]1Cc1nc2c(-c3ccc4ncn(C)c4c3)c(-c3ccc(F)cc3)nc(N)n2n1,8.0809
CN1CCC[C@@H]1Cc1nc2c(-c3ccc4ncn(C)c4c3)c(-c3ccc(F)cc3)nc(N)n2n1,9.0000
Cc1cnc2ccc(-c3c(-c4ccc(F)cc4)nc(N)n4nc(CC5CCOC5)nc34)cn12,10.0000
Cc1cnc2ccc(-c3c(-c4ccc(F)cc4)nc(N)n4nc(C[C@H]5CCOC5)nc34)cn12,10.0000
Cc1cnc2ccc(-c3c(-c4ncco4)nc(N)n4nc(C[C@@H]5CCCO5)nc34)cn12,9.3010
Cc1cnc2ccc(-c3c(-c4ncco4)nc(N)n4nc(C[C@H]5CCCO5)nc34)cn12,9.6990
Cc1cnc2ccc(-c3c(-c4ncco4)nc(N)n4nc(C[C@@H]5CCOC5)nc34)cn12,9.3010
Cc1cnc2ccc(-c3c(-c4ncco4)nc(N)n4nc(C[C@H]5CCOC5)nc34)cn12,9.3010
Cc1cnc2ccc(-c3c(N4CCN(C)CC4)nc(N)n4nc(Cc5c(F)cccc5F)nc34)cn12,7.3737
COC1CN(c2nc(N)n3nc(Cc4c(F)cccc4F)nc3c2-c2ccc3ncc(C)n3c2)C1,8.4559
Cc1cnc2ccc(-c3c(N4CCC5(COC5)C4)nc(N)n4nc(Cc5ncccc5F)nc34)cn12,6.0996
Cc1cnc2ccc(-c3c(N4CCO[C@H](C)C4)nc(N)n4nc(Cc5ncccc5F)nc34)cn12,7.0381
Cc1cnc2ccc(-c3c(N4CCO[C@@H](C)C4)nc(N)n4nc(Cc5ncccc5F)nc34)cn12,8.4949
Cc1cnc2ccc(-c3c(N4CCOC[C@@H]4C)nc(N)n4nc(Cc5ncccc5F)nc34)cn12,7.3726
Cc1cnc2ccc(-c3c(N4CCOC[C@H]4C)nc(N)n4nc(Cc5ncccc5F)nc34)cn12,7.1367
COCCc1nc2c(-c3ccc4ncc(C)n4c3)c(-c3ccc(F)cc3)nc(N)n2n1,9.6990
Cc1cnc2ccc(-c3c(-n4ccc(F)n4)nc(N)n4nc(Cc5ncccc5F)nc34)cn12,9.6990
Cc1cnc2ccc(-c3c(-n4cc(F)cn4)nc(N)n4nc(Cc5ncccc5F)nc34)cn12,9.6990
Cc1cnc2ccc(-c3c(N4CC5(COC5)C4)nc(N)n4nc(Cc5ncccc5F)nc34)cn12,6.6421
Cc1cnc2ccc(-c3c(N4CCC4)nc(N)n4nc(Cc5ncccc5F)nc34)cn12,8.7212
Cc1cnc2ccc(-c3c(-c4ccc(F)cc4)nc(N)n4nc(CCN(C)C)nc34)cn12,9.2218
Cc1cnc2ccc(-c3c(N4CCOCC4)nc(N)n4nc(Cc5c(F)cccc5F)nc34)cn12,9.6990
Cc1cnc2ccc(-c3c(-c4ccc(F)cc4)nc(N)n4nc(C[C@@H]5CCCN5C)nc34)cn12,9.5229
Cc1cnc2ccc(-c3c(N4CCCC4)nc(N)n4nc(Cc5c(F)cccc5F)nc34)cn12,9.3979
Cc1cnc2ccc(-c3c(N4CCC4)nc(N)n4nc(Cc5c(F)cccc5F)nc34)cn12,10.0000
Cc1cnc2ccc(-c3c(-c4ccc(F)cc4)nc(N)n4nc(C[C@H]5CCCN5C)nc34)cn12,9.3979
COCCc1nc2c(-c3ccc4ncc(C)n4c3)c(-c3ncco3)nc(N)n2n1,8.9586
Cn1cc(-c2nc(C(=O)NCc3c(F)cccc3F)c(N)nc2-c2ncco2)ccc1=O,8.7212
Cn1cc(-c2nc(C(=O)NCc3ncccc3F)c(N)nc2-c2ncco2)ccc1=O,8.5086
CN(C)c1cccnc1CNC(=O)c1nc(-c2ccc(=O)n(C)c2)c(-c2ncco2)nc1N,8.4089
Cn1cc(-c2nc(C(=O)NCc3ncccc3OC(F)F)c(N)nc2-c2ncco2)ccc1=O,5.0000
Cc1scnc1CNC(=O)c1nc(-c2ccc(=O)n(C)c2)c(-c2ncco2)nc1N,8.4559
CNc1cccc(CNC(=O)c2nc(-c3ccc(=O)n(C)c3)c(-c3ncco3)nc2N)n1,8.4559
Cn1cc(-c2nc(C(=O)NCc3cccc(N)n3)c(N)nc2-c2ncco2)ccc1=O,7.9586
Cn1cc(-c2nc(C(=O)NCc3c(F)cccc3F)c(N)nc2-c2ccc(F)cc2)ccc1=O,8.6383
Nc1nc(-c2ncco2)c(-c2ccc3nncn3c2)nc1C(=O)NCc1c(F)cccc1F,8.4318
Cn1cc(-c2nc(C(=O)NCc3c(F)cccc3F)c(N)nc2-n2nccn2)ccc1=O,8.4949
Cn1nc(-c2nc(C(=O)NCc3c(F)cccc3F)c(N)nc2-c2ncco2)ccc1=O,9.0000
CC(NC(=O)c1nc(-c2ccc(=O)n(C)c2)c(-c2ncco2)nc1N)c1c(F)cccc1F,8.2840
Nc1nc(-c2ncco2)c(-c2ccc(=O)n(CCO)c2)nc1C(=O)NCc1c(F)cccc1F,8.4815
Nc1nc(-c2ncco2)c(-c2ccc3nccn3c2)nc1C(=O)NCc1ncccc1F,7.6778
Nc1nc(-c2ncco2)c(-c2ccc3[nH]cnc3c2)nc1C(=O)NCc1ncccc1F,8.5850
Nc1cccc(CNC(=O)c2nc(-c3ccc4nccn4c3)c(-c3ncco3)nc2N)n1,8.5086
Cn1cc(-c2nc(C(=O)NCc3nc(N)ccc3F)c(N)nc2-c2ncco2)ccc1=O,8.2757
Cn1cnc2ccc(-c3nc(C(=O)NCc4ncccc4F)c(N)nc3-c3ncco3)cc21,8.6778
COc1ccccc1CNC(=O)c1nc(-c2cc(C)nc(C)c2)c(-c2ccc(C)o2)nc1N,8.1024
Cc1cc(-c2nc(C(=O)NCc3ccccc3OC(F)(F)F)c(N)nc2-c2ccc(F)cc2)cc(C)n1,7.8861
Cn1cc(-c2nc(CNC(=O)c3c(F)cccc3F)c(N)nc2-c2ccc(F)cc2)ccc1=O,8.6198
Cn1cc(-c2nc(C(=O)NC(CO)c3c(F)cccc3F)c(N)nc2-c2ncco2)ccc1=O,8.0315
Nc1nc(-c2ncco2)c(-c2ccc3ncnn3c2)nc1C(=O)NCc1ncccc1F,8.0757
Cc1cnc2ccc(-c3nc(C(=O)NCc4ncccc4F)c(N)nc3-c3ncco3)cn12,8.6198
Nc1nc(-n2nccn2)c(-c2ccc3nccn3c2)nc1C(=O)NCc1ncccc1F,8.2076
CNCCOc1cccnc1CNC(=O)c1nc(-c2ccc3ncn(C)c3c2)c(-c2ccc(F)cc2)nc1N,8.1612
Cc1cnc2ccc(-c3nc(C(=O)NCC4CCCN4C)c(N)nc3-c3ncco3)cn12,8.4847
Cc1cnc2ccc(-c3nc(C(=O)NC[C@H]4CCCO4)c(N)nc3-c3ncco3)cn12,8.8539
Cc1cnc2ccc(-c3nc(C(=O)NC[C@@H]4CCCO4)c(N)nc3-c3ncco3)cn12,8.5086
Cc1cnc2ccc(-c3nc(C(=O)NC(C)C)c(N)nc3-c3ncco3)cn12,8.5686
Cc1cnc2ccc(-c3nc(C(=O)NCC4CCO4)c(N)nc3-c3ncco3)cn12,8.4793
Cc1cnc2ccc(-c3nc(C(=O)NC[C@H]4CCOC4)c(N)nc3-c3ncco3)cn12,8.7696
Cc1cnc2ccc(-c3nc(C(=O)NC[C@@H]4CCOC4)c(N)nc3-c3ncco3)cn12,8.4089
Cc1cnc2ccc(-c3nc(C(=O)NC[C@H]4CCCN4C)c(N)nc3-c3ccc(F)cc3)cn12,8.6576
Cc1cnc2ccc(-c3nc(C(=O)NC[C@@H]4CCCN4C)c(N)nc3-c3ccc(F)cc3)cn12,8.2840
COCCNC(=O)c1nc(-c2ccc3ncc(C)n3c2)c(-c2ncco2)nc1N,8.2518
COC[C@H](C)NC(=O)c1nc(-c2ccc3ncc(C)n3c2)c(-c2ncco2)nc1N,8.5017
Cc1cnc2ccc(-c3nc(C(=O)NC4CCC4)c(N)nc3-c3ncco3)cn12,8.0410
Nc1nnc(-c2cccc(C(F)(F)F)c2)c(-c2ccccc2)n1,7.6990
Nc1nnc(-c2ccc(F)c(Cl)c2)c(-c2ccccc2)n1,7.1101
Nc1nnc(-c2ccc3cc[nH]c3c2)c(-c2ccccc2)n1,6.7496
COc1cc(OC)cc(-c2nnc(N)nc2-c2ccccc2)c1,6.9706
Nc1nnc(-c2ccc3occc3c2)c(-c2ccccc2)n1,7.1898
Nc1nnc(-c2ccnc(Cl)c2)c(-c2ccccc2)n1,7.7399
Cc1cc(Cl)cc(-c2nnc(N)nc2-c2ccccc2)c1,8.6596
Cc1cc(-c2nnc(N)nc2-c2ccccc2)cc(Cl)n1,8.2197
Nc1nnc(-c2ccc3ccccc3c2)c(-c2ccccc2)n1,6.9914
Nc1nnc(-c2ccnc(C3CC3)c2)c(-c2ccccc2)n1,7.4498
CC1(C)C=C(c2nnc(N)nc2-c2ccccc2)CC(C)(C)O1,6.6108
Cc1cc(-c2nnc(N)nc2-c2cccc(F)c2)cc(Cl)n1,8.0701
Nc1nnc(-c2cnn(Cc3ccccc3)c2)c(-c2ccccc2)n1,5.6200
Cc1cc(-c2nnc(N)nc2-c2ccc(OC(F)F)cc2)cc(C)c1C#N,6.3098
Cc1cc(-c2nnc(N)nc2-c2ccc(Cl)cc2)cc(C)n1,7.8097
Nc1nnc(-c2cc(Cl)nc(C(F)(F)F)c2)c(-c2ccc(F)cc2)n1,8.4001
Cc1cc(-c2nnc(N)nc2-c2ccccc2F)cc(Cl)n1,8.0301
Cc1cc(-c2nnc(N)nc2-c2ccccc2)cc(C(F)F)n1,8.6198
Nc1nnc(-c2cc(Cl)nc(C(F)F)c2)c(-c2ccccc2)n1,8.8996
Nc1nnc(-c2cc(Cl)nc(CF)c2)c(-c2ccccc2)n1,8.7100
Cc1cc(-c2nnc(N)nc2-c2ccccc2F)cc(C(F)(F)F)n1,8.2596
Nc1nnc(-c2cc(Cl)cc(Cl)c2)c(-c2ccccn2)n1,7.2097
CN(C)c1cc(-c2nnc(N)nc2-c2ccccc2)ccn1,7.7100
Cc1cc(-c2nnc(N)nc2-c2ccccc2)cc(Br)n1,8.6596
Cc1cc(-c2nnc(N)nc2-c2ccccc2)cc(C)[n+]1[O-],7.5100
Nc1nnc(-c2cc(Cl)cc(C(F)(F)F)c2)c(-c2ncccn2)n1,6.5800
CC1CCCN(c2nnc(N)nc2-c2ccccc2)C1,7.3098
Cc1csc(Nc2nnc(N)nc2-c2ccccc2)n1,5.0700
Nc1nnc(N2CCOC(CO)C2)c(-c2ccccc2)n1,5.5300
Nc1nnc(Oc2ccccc2)c(-c2ccccc2)n1,7.1701
Nc1nnc(Oc2cccc(C(F)(F)F)c2)c(-c2ccccc2)n1,5.9602
Nc1nnc(-n2ccc(=O)cc2)c(-c2ccccc2)n1,7.4101
Cc1ncccc1Oc1nnc(N)nc1-c1ccccc1,6.2197
Cn1nc(C(F)(F)F)cc1Oc1nnc(N)nc1-c1ccccc1,7.3904
Cc1ccc(Sc2nnc(N)nc2-c2ccccc2)cc1,5.8199
Nc1nnc(-c2cc(Cl)cc(OS(=O)(=O)C(F)(F)F)c2)c(-c2ccccc2)n1,7.8894
CC(=O)Nc1cc(-c2nnc(N)nc2-c2ccccc2)ccc1O,6.7305
Cc1cn(-c2nnc(N)nc2-c2ccccc2)cc(C)c1=O,7.7696
Cc1cc(-c2nnc(N)nc2-c2ccccc2)cc(N2CCC2)n1,8.5200
Cc1cc(-c2nnc(N)nc2-c2ccc(F)cc2)cc(N2CCC2)n1,7.7595
Nc1cnc(-c2ccc(O)c(Cl)c2)c(-c2ccccc2)n1,7.2441
Cc1ccn(-c2nc(N)cnc2-c2cc(Cl)c3ncccc3c2)n1,8.6778
Cc1ccn(-c2nc(N)c(C#N)nc2-c2cc(Cl)c3ncccc3c2)n1,8.6198
Cc1ncc(-c2nc(N)cnc2-c2ccc3ncccc3c2)s1,7.2557
Cc1ccn(-c2nc(N)c(C#N)nc2-c2ccc3ncccc3c2)n1,8.4815
Cc1ccn(-c2nc(N)cnc2-c2cc(Cl)c3[nH]ncc3c2)n1,8.2596
Cn1ccc(-c2nc(N)cnc2-c2cc(Cl)c3ncccc3c2)n1,7.7696
Cn1ccc(-c2nc(N)cnc2-c2cc(Cl)c3[nH]ncc3c2)n1,8.0458
Cn1ccc(-c2nc(N)c(C#N)nc2-c2cc(Cl)c3ncccc3c2)n1,8.7959
Cn1ccc(-c2nc(N)cnc2-c2ccc3c(=O)[nH]ccc3c2)n1,6.9957
Cc1ncc(-c2nc(N)cnc2-c2cc(Cl)c3ncccc3c2)s1,8.0269
Nc1nc(-c2ccco2)c2c(n1)C(Cc1ccccc1F)OC2=O,7.1024
Nc1nc(-c2ccco2)c2c(n1)C(Cc1ccc(Cl)cc1F)OC2=O,7.4056
N#Cc1ccc(CC2OC(=O)c3c(-c4ccco4)nc(N)nc32)cc1F,6.7986
N#Cc1ccc(CC2OC(=O)c3c(-c4ccco4)nc(N)nc32)cc1,6.6038
Nc1nc(-c2ccco2)c2c(n1)C(Cc1ccccc1)OC2=O,7.3979
Nc1nc(-c2ccco2)c2c(n1)[C@@H](Cc1ccccc1)OC2,6.8041
Nc1nc(-c2ccco2)c2c(n1)C(Cc1ccc(F)cc1F)OC2=O,7.9706
Nc1nc(-c2ccco2)c2c(n1)C(Cc1ccc(F)cc1Cl)OC2=O,6.9431
Nc1nc(-c2ccco2)c2c(n1)C(Cc1ccccc1Cl)OC2=O,7.4935
Nc1nc(-c2ccco2)c2c(n1)C(Cc1ccc(Cl)c(F)c1)OC2=O,7.0009
CS(=O)(=O)c1ccc(CC2OC(=O)c3c(-c4ccco4)nc(N)nc32)cc1,6.8182
NC(=O)c1ccc(CC2OC(=O)c3c(-c4ccco4)nc(N)nc32)cc1,6.6615
Nc1nc(-c2ccco2)c2c(n1)C(Cc1ccc(C(F)(F)F)cc1)OC2=O,6.5622
Nc1nc(-c2ccco2)c2c(n1)C(Cc1ccccc1C(F)(F)F)OC2=O,7.8041
Nc1nc(-c2ccco2)c2c(n1)C(Cc1c(F)cccc1Cl)OC2=O,7.5346
Nc1nc(-c2ccco2)c2c(n1)C(Cc1cccc(Cl)c1F)OC2=O,7.1325
Cc1ccccc1CC1OC(=O)c2c(-c3ccco3)nc(N)nc21,7.5072
Nc1nc(-c2ccco2)c2c(n1)C(Cc1cc(C(F)(F)F)cc(C(F)(F)F)c1)OC2=O,6.5243
Nc1nc(-c2ccco2)c2c(n1)C(Cc1ccc(OC(F)(F)F)cc1)OC2=O,6.9747
Nc1nc(-c2ccco2)c2c(n1)C(Cc1c(F)cccc1F)OC2=O,7.3251
Nc1nc(-c2ccco2)c2c(n1)C(Cc1ccccc1OC(F)(F)F)OC2=O,8.4089
Nc1nc(-c2ccccn2)c2c(n1)C(Cc1ccccc1)OC2=O,6.0372
Nc1nc(-c2ccc(Br)o2)c2c(n1)C(Cc1ccc(F)cc1F)OC2=O,7.7305
Cc1ccc(-c2nc(N)nc3c2C(=O)OC3Cc2ccc(F)cc2F)o1,7.2760
Cc1ccc(-c2nc(N)nc3c2C(=O)OC3Cc2ccccc2F)o1,7.6778
Cc1ccc(-c2nc(N)nc3c2C(=O)OC3Cc2ccccc2C(F)(F)F)o1,7.9508
Cc1ccc(-c2nc(N)nc3c2C(=O)OC3Cc2cc(F)ccc2F)o1,6.5986
Cc1ccc(-c2nc(N)nc3c2C(=O)OC3Cc2cc(Cl)ccc2F)o1,7.0269
Cc1ccc(-c2nc(N)nc3c2C(=O)OC3Cc2c(F)cccc2Cl)o1,7.4157
Cc1ccc(-c2nc(N)nc3c2C(=O)OC3Cc2ccc(F)cc2C(F)(F)F)o1,7.7011
Nc1nc(-c2ccco2)c2c(n1)[C@H](Cc1ccccc1)OC2,6.5607
Cn1c(=O)n(Cc2ccc(F)cc2F)c2nc(N)nc(-c3ccco3)c21,7.5214
Cc1ccc(-c2nc(N)nc3c2n(C)c(=O)n3Cc2ccccc2OC(F)(F)F)o1,7.5513
Nc1nc(-c2ccc(Br)o2)c2c(n1)C(Cc1ccccc1OC(F)(F)F)OC2=O,7.1713
CN1C(=O)c2c(nc(N)nc2-c2ccco2)C1=Cc1ccccc1F,8.2147
Cc1ccc(-c2nc(N)nc3c2C(=O)OC3Cc2ccccc2OC(F)F)o1,6.8928
Cn1c(=O)n(Cc2ccccc2F)c2nc(N)nc(-c3ccco3)c21,7.3615
Cc1ccc(-c2nc(N)nc3c2C(=O)OC3(C)Cc2ccccc2F)o1,6.0035
CN1C(=O)c2c(-c3ccco3)nc(N)nc2C1Cc1ccccc1F,7.1898
CN1C(=O)c2c(-c3ccco3)nc(N)nc2C1Cc1ccccc1OC(F)(F)F,7.9355
CN1C(=O)c2c(nc(N)nc2-c2ccco2)C1=Cc1ccc(F)cc1F,8.0605
CN1C(=O)c2c(-c3ccco3)nc(N)nc2C1Cc1ccc(F)cc1F,7.7852
Cc1ccc(-c2nc(N)nc3c2C(=O)N(C)C3=Cc2ccc(F)cc2F)o1,7.8794
Cc1ccc(-c2nc(N)nc3c2C(=O)N(C)C3Cc2ccc(F)cc2F)o1,7.4935
Cc1ccc(-c2nc(N)nc3c2C(=O)N(C)C3=Cc2ccccc2F)o1,8.1367
Cc1ccc(-c2nc(N)nc3c2C(=O)N(C)C3=Cc2ccccc2C(F)(F)F)o1,8.3279
Cc1ccc(-c2nc(N)nc3c2C(=O)N(C)C3=Cc2ccccc2OC(F)(F)F)o1,8.4437
Cc1ccc(-c2nc(N)nc3c2C(=O)N(C)C3Cc2ccccc2OC(F)(F)F)o1,7.2503
Cc1ccc(-c2nc(N)nc3c2C(=O)N(C)C3Cc2ccccc2C(F)(F)F)o1,7.4597
Cc1ccc(-c2nc(N)nc3c2C(=O)N(C)C3Cc2ccccc2F)o1,7.5331
Cc1ccc(-c2nc(N)nc3c2C(=O)N(C)C3=Cc2ccc(F)cc2C(F)(F)F)o1,8.4685
Cc1ccc(-c2nc(N)nc3c2C(=O)N(C)C3Cc2ccc(F)cc2C(F)(F)F)o1,6.8182
Cc1ccc(-c2nc(N)nc3c2C(=O)N(C)C3Cc2cc[n+]([O-])cc2)o1,7.6778
Cc1ccc(-c2nc(N)nc3c2C(=O)N(C)C3Cc2ccncc2)o1,6.7471
Cc1ccc(-c2nc(N)nc3c2[nH]c(=O)n3Cc2ccccc2C(F)(F)F)o1,6.7520
Cc1ccc(Cn2c(=O)[nH]c3c(-c4ccc(C)o4)nc(N)nc32)c(C(F)(F)F)c1,6.6716
Nc1nc2c3c(ccc2c2ncnn12)OC(F)(F)O3,7.9208
Cc1nc2c3ccc4c(c3nc(N)n2n1)OC(F)(F)O4,8.2076
Nc1nc2c3c(ccc2c2nc(Cc4cccnc4Cl)nn12)OC(F)(F)O3,8.5376
Nc1nc2c3c(ccc2c2nc(Cc4cccnc4N4CC[C@@H](c5ccc(F)cc5)C4)nn12)OC(F)(F)O3,8.0809
Nc1nc2c3c(ccc2c2nc(Cc4cccnc4N4CC[C@@H](c5ccc(C(F)(F)F)cc5)C4)nn12)OC(F)(F)O3,7.8239
Nc1nc2c3c(ccc2c2nc(CCN4Cc5cccnc5C4)nn12)OC(F)(F)O3,8.1871
Nc1nc2c3c(ccc2c2nc(CCN4Cc5ccc(C(F)(F)F)cc5C4)nn12)OC(F)(F)O3,8.5086
Nc1nc2c3c(ccc2c2nc(CCN4Cc5ccc(F)cc5C4)nn12)OC(F)(F)O3,8.6778
Nc1nc2c3c(ccc2c2nc(CCN4Cc5cnc(C(F)(F)F)nc5C4)nn12)OC(F)(F)O3,8.4202
CCc1nnc2n1CCN(CCc1nc3c4ccc5c(c4nc(N)n3n1)OC(F)(F)O5)C2,8.7959
Nc1nc2c3c(ccc2c2nc(CCN4Cc5ccncc5C4)nn12)OC(F)(F)O3,8.6778
Cc1nc2c(o1)CN(CCc1nc3c4ccc5c(c4nc(N)n3n1)OC(F)(F)O5)CC2,8.8239
Cc1nc2c(s1)CCN(CCc1nc3c4ccc5c(c4nc(N)n3n1)OC(F)(F)O5)C2,8.7447
Nc1nc2c3c(ccc2c2nc(CCN4CCc5nc(C6CC6)oc5C4)nn12)OC(F)(F)O3,9.0458
Nc1nc2c3c(ccc2c2nc(CCN4CC(F)C4)nn12)OC(F)(F)O3,8.6021
CC1(F)CN(CCc2nc3c4ccc5c(c4nc(N)n3n2)OC(F)(F)O5)C1,8.4949
CCC1(F)CN(CCc2nc3c4ccc5c(c4nc(N)n3n2)OC(F)(F)O5)C1,8.4559
Nc1nc2c3c(ccc2c2nc(CCN4CC(F)(C5CC5)C4)nn12)OC(F)(F)O3,8.7959
Nc1nc2c3c(ccc2c2nc(CCN4CC(F)(F)C4)nn12)OC(F)(F)O3,8.5229
Nc1nc2c3c(ccc2c2nc(CCN4CC(O)(C(F)(F)F)C4)nn12)OC(F)(F)O3,7.9208
Nc1nc2c3c(ccc2c2nc(CCN4CC(F)(C(F)(F)F)C4)nn12)OC(F)(F)O3,8.4685
C[C@@H]1C[C@H](F)CN1CCc1nc2c3ccc4c(c3nc(N)n2n1)OC(F)(F)O4,8.8239
Nc1nc2c3c(ccc2c2nc(CCN4C[C@H](F)[C@@H](F)C4)nn12)OC(F)(F)O3,8.7959
Nc1nc2c3c(ccc2c2nc(CCN4CCC(F)(F)C4)nn12)OC(F)(F)O3,8.8539
C[C@@H]1CC(F)(F)CN1CCc1nc2c3ccc4c(c3nc(N)n2n1)OC(F)(F)O4,8.9586
C[C@H]1CC(F)(F)CN1CCc1nc2c3ccc4c(c3nc(N)n2n1)OC(F)(F)O4,8.5229
Nc1nc2c3c(ccc2c2nc(CCN4CCC(F)CC4)nn12)OC(F)(F)O3,8.1079
CC1(F)CCN(CCc2nc3c4ccc5c(c4nc(N)n3n2)OC(F)(F)O5)CC1,7.9586
Nc1nc2c3c(ccc2c2nc(CCN4CCCC(F)(F)C4)nn12)OC(F)(F)O3,8.7959
Nc1nc2c3c(ccc2c2nc(CCN4CCC(F)(F)CC4)nn12)OC(F)(F)O3,8.5850
C[C@@H]1CC(F)(F)CCN1CCc1nc2c3ccc4c(c3nc(N)n2n1)OC(F)(F)O4,8.6576
Nc1nc2c3c(ccc2c2nc(CCN4CC5COCC(C4)C5(F)F)nn12)OC(F)(F)O3,7.3979
CC1(C)CN(CCc2nc3c4ccc5c(c4nc(N)n3n2)OC(F)(F)O5)C1,7.5376
C[C@@H]1CC[C@@H](C)N1CCc1nc2c3ccc4c(c3nc(N)n2n1)OC(F)(F)O4,7.9586
Nc1nc2c3c(ccc2c2nc(CCN4CC5CC5C4)nn12)OC(F)(F)O3,8.5229
Nc1nc2c3c(ccc2c2nc(CCN4CC[C@@H](c5ccccc5)C4)nn12)OC(F)(F)O3,7.4089
Nc1nc2c3c(ccc2c2nc(CCN4CC[C@H](c5ccccc5)C4)nn12)OC(F)(F)O3,7.6990
CC1CCN(CCc2nc3c4ccc5c(c4nc(N)n3n2)OC(F)(F)O5)CC1,7.5686
CC1(C)CCCN(CCc2nc3c4ccc5c(c4nc(N)n3n2)OC(F)(F)O5)C1,7.1739
CO[C@@H]1CCCN(CCc2nc3c4ccc5c(c4nc(N)n3n2)OC(F)(F)O5)C1,7.8861
CC1=CCN(CCc2nc3c4ccc5c(c4nc(N)n3n2)OC(F)(F)O5)CC1,8.4202
C[C@@H]1CN(CCc2nc3c4ccc5c(c4nc(N)n3n2)OC(F)(F)O5)CCO1,7.9586
C[C@H]1COCCN1CCc1nc2c3ccc4c(c3nc(N)n2n1)OC(F)(F)O4,8.1079
C[C@@H]1CN(CCc2nc3c4ccc5c(c4nc(N)n3n2)OC(F)(F)O5)C[C@H](C)O1,7.3468
Cc1ncc(N2CCN(CCc3nc4c5ccc6c(c5nc(N)n4n3)OC(F)(F)O6)[C@H](C)C2)s1,8.8239
C[C@@H]1CN(c2nsnc2Cl)CCN1CCc1nc2c3ccc4c(c3nc(N)n2n1)OC(F)(F)O4,8.7447
CN1CCN(CCc2nc3c4ccc5c(c4nc(N)n3n2)OC(F)(F)O5)CC1=O,8.7696
Nc1nc2c3c(ccc2c2nc(CCN4CCN(CC5CC5)C(=O)C4)nn12)OC(F)(F)O3,9.0969
Nc1nc2c3c(ccc2c2nc(CCN4CCN(C5CCCC5)C(=O)C4)nn12)OC(F)(F)O3,8.7959
Nc1nc2c3c(ccc2c2nc(CCN4CCN(c5cccc(F)c5)C(=O)C4)nn12)OC(F)(F)O3,8.9586
Nc1nc2c3c(ccc2c2nc(CCN4C[C@H]5CCCN[C@H]5C4)nn12)OC(F)(F)O3,7.2596
Nc1nc2c3c(ccc2c2nc(CCN4CC5CNC[C@H]5C4)nn12)OC(F)(F)O3,7.3979
Nc1nc2c3c(ccc2c2nc(CCN4CCC5(CCNCC5)C4)nn12)OC(F)(F)O3,7.4089
Nc1nc2c3c(ccc2c2nc(CCN4CCC5(CCNCC5)CC4)nn12)OC(F)(F)O3,6.4949
Nc1nc2c3c(ccc2c2nc(CCN4CCCC45CCNCC5)nn12)OC(F)(F)O3,7.6576
Nc1nc2c3c(ccc2c2nc(CCN4CCCC5(CCNCC5)C4)nn12)OC(F)(F)O3,7.5686
Nc1nc2c3c(ccc2c2nc(CCNC4CC5(CNC5)C4)nn12)OC(F)(F)O3,7.0458
Nc1nc2c3c(ccc2c2nc(CCNC4(C(F)(F)F)CCC4)nn12)OC(F)(F)O3,9.0000
Nc1nc2c3c(ccc2c2nc(CCNCc4ccc(C(F)(F)F)cc4)nn12)OC(F)(F)O3,8.2076
Cc1csc(CN(CCc2nc3c4ccc5c(c4nc(N)n3n2)OC(F)(F)O5)CC2CC2)n1,9.1549
Cc1ncc(CN(CCc2nc3c4ccc5c(c4nc(N)n3n2)OC(F)(F)O5)CC2CC2)s1,8.8239
Nc1nc2c3c(ccc2c2nc(CCN4CCCC(C(F)(F)F)C4)nn12)OC(F)(F)O3,8.4437
C[C@@H]1CN(CCc2nc3c4ccc5c(c4nc(N)n3n2)OC(F)(F)O5)C[C@@H](C)O1,7.4437
CC1(F)CCCN(CCc2nc3c4ccc5c(c4nc(N)n3n2)OC(F)(F)O5)C1,8.2451
Nc1nc2c3c(ccc2c2nc(CCN4CC5CC4C(F)(F)C5)nn12)OC(F)(F)O3,8.4894
C[C@H]1N(CCc2nc3c4ccc5c(c4nc(N)n3n2)OC(F)(F)O5)CCCC1(F)F,8.9208
C[C@@H]1N(CCc2nc3c4ccc5c(c4nc(N)n3n2)OC(F)(F)O5)CCCC1(F)F,8.7447
Nc1nc2c3c(ccc2c2nc(CCN4CCCC(O)(C(F)(F)F)C4)nn12)OC(F)(F)O3,8.3465
Nc1nc2c3c(ccc2c2nc(CCN4CCCC(F)(C(F)(F)F)C4)nn12)OC(F)(F)O3,9.0458
C[C@H](Cc1nc2c3ccc4c(c3nc(N)n2n1)OC(F)(F)O4)N1Cc2ccncc2C1,8.1487
C[C@H](Cc1nc2c3ccc4c(c3nc(N)n2n1)OC(F)(F)O4)N1CCc2cccnc21,8.3768
C[C@H](Cc1nc2c3ccc4c(c3nc(N)n2n1)OC(F)(F)O4)N1CCc2ccncc21,8.7447
C[C@H](Cc1nc2c3ccc4c(c3nc(N)n2n1)OC(F)(F)O4)N1CCc2ccncc2C1,8.4089
C[C@H](Cc1nc2c3ccc4c(c3nc(N)n2n1)OC(F)(F)O4)N1CCc2cccnc2C1,8.8539
Cc1nc2c(o1)CN([C@H](C)Cc1nc3c4ccc5c(c4nc(N)n3n1)OC(F)(F)O5)CC2,8.8861
Cc1nc2c(s1)CN([C@H](C)Cc1nc3c4ccc5c(c4nc(N)n3n1)OC(F)(F)O5)CC2,8.5850
C[C@H](Cc1nc2c3ccc4c(c3nc(N)n2n1)OC(F)(F)O4)N1CCc2nc(C3CC3)oc2C1,8.6198
Cc1nc2c(s1)CCN([C@H](C)Cc1nc3c4ccc5c(c4nc(N)n3n1)OC(F)(F)O5)C2,8.8239
Cc1cc2n(n1)CCN([C@H](C)Cc1nc3c4ccc5c(c4nc(N)n3n1)OC(F)(F)O5)C2,8.4202
C[C@H](Cc1nc2c3ccc4c(c3nc(N)n2n1)OC(F)(F)O4)N1CC(C)(F)C1,8.3098
C[C@H](Cc1nc2c3ccc4c(c3nc(N)n2n1)OC(F)(F)O4)N1CCCC(C)(F)C1,7.8583
C[C@@H](Cc1nc2c3ccc4c(c3nc(N)n2n1)OC(F)(F)O4)N1Cc2ccncc2C1,8.1135
C[C@@H](Cc1nc2c3ccc4c(c3nc(N)n2n1)OC(F)(F)O4)N1CC(C)(F)C1,8.3188
C[C@@H](Cc1nc2c3ccc4c(c3nc(N)n2n1)OC(F)(F)O4)N1CCCC(C)(F)C1,8.0677
CC(Cc1nc2c3ccc4c(c3nc(N)n2n1)OC(F)(F)O4)N1Cc2cccnc2C1,8.6594
CC(Cc1nc2c3ccc4c(c3nc(N)n2n1)OC(F)(F)O4)N1CC(F)(F)C1,8.3530
C[C@H](Cc1nc2c3ccc4c(c3nc(N)n2n1)OC(F)(F)O4)N1CCCC(F)(F)C1,8.3665
C[C@@H](Cc1nc2c3ccc4c(c3nc(N)n2n1)OC(F)(F)O4)N1CCCC(F)(F)C1,8.3872
Nc1nc2c3c(ccc2c2nc(CC(C(F)F)N4Cc5cccnc5C4)nn12)OC(F)(F)O3,8.4190
Nc1nc2c3c(ccc2c2nc(CCn4cccn4)nn12)OC(F)(F)O3,8.5686
Nc1nc2c3c(ccc2c2nc(CCN4Cc5ncccc5C4=O)nn12)OC(F)(F)O3,8.1871
CC(C)(Cc1nc2c3ccc4c(c3nc(N)n2n1)OC(F)(F)O4)N1CC(F)C1,7.5086
Nc1nc2c3c(ccc2c2nc(CN4CCN(c5ccc(F)cc5)CC45CC5)nn12)OC(F)(F)O3,8.4559
Nc1nc2c3c(ccc2c2nc(CN4CCN(c5ccc(F)cn5)CC45CC5)nn12)OC(F)(F)O3,8.4685
Nc1nc2c3c(ccc2c2nc(CN4CCN(c5cccc(F)c5)CC45CC5)nn12)OC(F)(F)O3,8.0605
COCCOc1ccc(N2CCN(Cc3nc4c5ccc6c(c5nc(N)n4n3)OC(F)(F)O6)C3(CC3)C2)cc1,8.4318
C[C@@H]1CN(c2ccc(F)cc2)CCN1Cc1nc2c3ccc4c(c3nc(N)n2n1)OC(F)(F)O4,8.6778
Cc1ncc(N2CCN(Cc3nc4c5ccc6c(c5nc(N)n4n3)OC(F)(F)O6)[C@H](C)C2)s1,8.3979
C[C@@H]1CN(c2nsnc2Cl)CCN1Cc1nc2c3ccc4c(c3nc(N)n2n1)OC(F)(F)O4,8.1249
Nc1nc2c3c(ccc2c2nc(CN4CC(F)(F)C4)nn12)OC(F)(F)O3,8.2291
CC1(C)CN(Cc2nc3c4ccc5c(c4nc(N)n3n2)OC(F)(F)O5)C1,8.5376
CC1(F)CN(Cc2nc3c4ccc5c(c4nc(N)n3n2)OC(F)(F)O5)C1,8.8539
CCC1(F)CN(Cc2nc3c4ccc5c(c4nc(N)n3n2)OC(F)(F)O5)C1,8.6990
Nc1nc2c3c(ccc2c2nc(CN4CC(O)(C(F)(F)F)C4)nn12)OC(F)(F)O3,8.5528
Nc1nc2c3c(ccc2c2nc(CN4CC(F)(C(F)(F)F)C4)nn12)OC(F)(F)O3,8.8539
Nc1nc2c3c(ccc2c2nc(CN4C[C@H](F)[C@@H](F)C4)nn12)OC(F)(F)O3,8.3565
Nc1nc2c3c(ccc2c2nc(CN4CCC(F)(F)C4)nn12)OC(F)(F)O3,8.7447
Nc1nc2c3c(ccc2c2nc(CN4CCC(Oc5ccc(F)cc5)CC4)nn12)OC(F)(F)O3,8.3098
Nc1nc2c3c(ccc2c2nc(CN4CCCC(F)(F)C4)nn12)OC(F)(F)O3,8.3768
Nc1nc2c3c(ccc2c2nc(CN4CCC(F)(F)CC4)nn12)OC(F)(F)O3,8.7696
Nc1nc2c3c(ccc2c2nc(CN4Cc5ccc(F)cc5C4)nn12)OC(F)(F)O3,8.5686
Nc1nc2c3c(ccc2c2nc(CN4Cc5cnc(C(F)(F)F)nc5C4)nn12)OC(F)(F)O3,7.7959
CCc1nnc2n1CCN(Cc1nc3c4ccc5c(c4nc(N)n3n1)OC(F)(F)O5)C2,6.9586
Nc1nc2c3c(ccc2c2nc(CN4Cc5ccc(C(F)(F)F)cc5C4)nn12)OC(F)(F)O3,8.3098
Nc1nc2c3c(ccc2c2nc(CNCc4ccc(C(F)(F)F)cc4)nn12)OC(F)(F)O3,8.7959
Nc1nc2c3c(ccc2c2nc(CNC4(C(F)(F)F)CCC4)nn12)OC(F)(F)O3,8.9586
CN(C)Cc1nc2c3ccc4c(c3nc(N)n2n1)OC(F)(F)O4,7.5376
Cc1csc(CN(Cc2nc3c4ccc5c(c4nc(N)n3n2)OC(F)(F)O5)CC2CC2)n1,8.8539
Nc1nc2c3c(ccc2c2nc(Cn4cccn4)nn12)OC(F)(F)O3,8.6021
Cc1cc(C)n(Cc2nc3c4ccc5c(c4nc(N)n3n2)OC(F)(F)O5)n1,9.0000
Nc1nc2c3c(ccc2c2nc(Cn4nc(C(F)(F)F)cc4C(F)(F)F)nn12)OC(F)(F)O3,8.4089
CC(c1nc2c3ccc4c(c3nc(N)n2n1)OC(F)(F)O4)N1CC(F)(F)C1,7.0689
CC(c1nc2c3ccc4c(c3nc(N)n2n1)OC(F)(F)O4)N1C[C@H](F)[C@@H](F)C1,7.4068
C[C@H](c1nc2c3ccc4c(c3nc(N)n2n1)OC(F)(F)O4)N1CCCC(F)(F)C1,7.0506
C[C@@H](c1nc2c3ccc4c(c3nc(N)n2n1)OC(F)(F)O4)N1CCCC(F)(F)C1,7.6021
Nc1nc2c3c(ccc2c2nc(CN4Cc5cccnc5C4)nn12)OC(F)(F)O3,8.7212
Nc1nc2c3c(ccc2c2nc([C@@H]4CCCN(CC(F)(F)F)C4)nn12)OC(F)(F)O3,9.0000
Nc1nc2c3c(ccc2c2nc([C@@H]4CCCN(CC(F)F)C4)nn12)OC(F)(F)O3,8.8239
Nc1nc2c3c(ccc2c2nc(C4CCCN(CCC(F)(F)F)C4)nn12)OC(F)(F)O3,8.1783
Nc1nc2c3c(ccc2c2nc(C4CCCN(c5cccc(F)c5)C4)nn12)OC(F)(F)O3,8.0750
Nc1nc2c3c(ccc2c2nc(C4CCCN(c5cc(F)cc(F)c5)C4)nn12)OC(F)(F)O3,7.8873
Nc1nc2c3c(ccc2c2nc([C@H]4CCCN(c5cncnc5)C4)nn12)OC(F)(F)O3,7.3565
Nc1nc2c3c(ccc2c2nc([C@@H]4CCCN(c5cncnc5)C4)nn12)OC(F)(F)O3,8.5376
COC(=O)C(Cc1nc2c3ccc4c(c3nc(N)n2n1)OC(F)(F)O4)C(=O)OC,8.6990
Nc1nc2c3c(ccc2c2nc(CC(CO)CO)nn12)OC(F)(F)O3,8.5686
Nc1nc2c3c(ccc2c2nc(CC(CCl)CCl)nn12)OC(F)(F)O3,8.6383
Nc1nc2c3c(ccc2c2nc(CC4CN(C5CCC5)C4)nn12)OC(F)(F)O3,7.1871
CC(F)(F)CN1CC(Cc2nc3c4ccc5c(c4nc(N)n3n2)OC(F)(F)O5)C1,8.2596
Nc1nc2c3c(ccc2c2nc(CC4CN(c5ccccn5)C4)nn12)OC(F)(F)O3,6.7696
Nc1nc2c3c(ccc2c2nc(CC4CCN(CCC(F)(F)F)C4)nn12)OC(F)(F)O3,7.9208
Nc1nc2c3c(ccc2c2nc(CC4CCN(CC(F)F)C4)nn12)OC(F)(F)O3,8.2757
COCCN1CCC(Cc2nc3c4ccc5c(c4nc(N)n3n2)OC(F)(F)O5)C1,7.1249
Nc1nc2c3c(ccc2c2nc(C[C@H](N)C4CC4)nn12)OC(F)(F)O3,7.7212
Nc1nc2c3c(ccc2c2nc(C[C@@H](N)C4CC4)nn12)OC(F)(F)O3,6.7447
Nc1nc2c3c(ccc2c2nc([C@H]4CC[C@H](N5CCCC(F)(F)C5)C4)nn12)OC(F)(F)O3,7.7959
Nc1nc2c3c(ccc2c2nc([C@H]4CC[C@@H](N5CCCC(F)(F)C5)C4)nn12)OC(F)(F)O3,7.4949
CCNC(=O)c1cc2c(N)nc(-c3cccc(C#N)c3)c(C3(C(F)(F)F)CC3)n2n1,7.2596
N#Cc1cccc(-c2nc(N)c3cc(CN4CCC4)nn3c2-c2ccncn2)c1,7.2596
CCOC(=O)Nc1nc2c(N)nc(-c3cccc(C#N)c3)cn2n1,7.2596
CCCCCn1c2cc[nH]c2c(=O)n2c(C)nnc12,6.2596
CCCCCn1c2cc(-c3ccc(S(=O)(=O)Nc4ccc(C)cc4)cc3)[nH]c2c(=O)n2c(C)nnc12,7.2596
CCCCCn1c2c(Br)c[nH]c2c(=O)n2c(C)nnc12,7.2596
CCCCCn1c2c(C)c[nH]c2c(=O)n2c(C)nnc12,6.2596
CCCCCn1c2c(-c3ccccc3)c[nH]c2c(=O)n2c(C)nnc12,6.2596
CCCCCn1c2c(C#N)c[nH]c2c(=O)n2c(C)nnc12,6.2596
CCCCCn1c2c(-c3cnn(Cc4ccccc4)c3)c[nH]c2c(=O)n2c(C)nnc12,6.2596
CCCCCn1c2cc[nH]c2c(=O)n2c(C)cnc12,7.2596
CC(C)n1cc(-c2cc3c(=O)cc[nH]c3nc2-c2ccccc2)ccc1=O,8.5850
Cc1cc(-c2cc3c(=O)cc[nH]c3nc2-c2cccc(C#N)c2C)cc(Cl)n1,5.5859
Cc1cc(-c2cc3c(=O)cc[nH]c3nc2-c2cccc(C#N)c2)cc(Cl)n1,6.9469
CC(C)n1cc(-c2cc3c(=O)cc[nH]c3nc2-c2ccccc2)cc(Cl)c1=O,8.4559
Cc1c(C#N)cccc1-c1nc2[nH]ccc(=O)c2cc1-c1ccc2ncccc2c1,6.7471
N#Cc1cccc(-c2nc3[nH]ccc(=O)c3cc2-c2ccc3ncccc3c2)c1,8.2676
N#Cc1cccc(-c2nc3[nH]ccc(=O)c3cc2-c2ccc3[nH]ncc3c2)c1,7.3098
N#Cc1cccc(-c2nc3[nH]ccc(=O)c3cc2-c2ccc3ncsc3c2)c1,8.0223
N#Cc1cccc(-c2nc3[nH]ccc(=O)c3cc2-c2ccc3[nH]cnc3c2)c1,7.7696
C[C@H](NC(=O)c1nc(N[C@@H](C)c2cccnc2)nc2ccsc12)c1cccnc1,7.1249
C[C@H](Nc1nc(C(=O)N2CCC2)c2sccc2n1)c1cccnc1,6.5229
C[C@H](Nc1nc(C(=O)N2CCC(C)(C)C2)c2sccc2n1)c1cccnc1,6.5229
C[C@H](Nc1nc(C(=O)N2CC[C@@H](F)C2)c2sccc2n1)c1cccnc1,6.5229
C[C@H](Nc1nc(C(=O)N2CC[C@H](F)C2)c2sccc2n1)c1cccnc1,7.1249
C[C@H](Nc1nc(C(=O)N2CCCC2)c2sccc2n1)c1ccccn1,7.1249
COc1ccc(CNC(=O)c2nc(NCc3ccc(OC)nc3)nc3ccsc23)cn1,7.1249
C[C@H](Nc1nc(C(=O)N2CCC(F)(F)C2)c2sccc2n1)c1cccnc1,6.5229
C[C@H](Nc1nc(C(=O)N2CC3(COC3)C2)c2sccc2n1)c1cccnc1,6.5229
COc1ccc(CNC(=O)c2nc(N[C@@H](C)c3ccccn3)nc3ccsc23)cn1,7.1249
COc1ccc(CNc2nc(C(=O)N3CCCC3)c3sccc3n2)cn1,7.1249
CO[C@H]1CCN(C(=O)c2nc(N[C@@H](C)c3cccnc3)nc3ccsc23)C1,7.1249
CO[C@@H]1CCN(C(=O)c2nc(N[C@@H](C)c3cccnc3)nc3ccsc23)C1,7.3239
C[C@H](Nc1nc(C(=O)NCc2cncc(F)c2)c2sccc2n1)c1cccnc1,6.5229
O=C(c1nc(NCc2cncc(F)c2)nc2ccsc12)N1CCCC1,6.5229
CCC(Nc1nc(C(=O)N2CCCC2)c2sccc2n1)c1cccnc1,6.5229
CCC(Nc1nc(C(=O)N2CC[C@@H](OC)C2)c2sccc2n1)c1cccnc1,7.1249
C[C@H](Nc1nc(C(=O)NCC2CCN(Cc3ccccc3)CC2)c2sccc2n1)c1cccnc1,6.5229
C[C@H](Nc1nc(C(=O)N2CC(F)(F)C2)c2sccc2n1)c1cccnc1,6.5229
C[C@@H]1CCN(C(=O)c2nc(N[C@@H](C)c3cccnc3)nc3ccsc23)C1,6.5229
C[C@H](Nc1nc(C(=O)N2CCC[C@@H]2C)c2sccc2n1)c1cccnc1,6.5229
O=C(c1nc(NCc2ccccc2)nc2ccsc12)N1CCCC1,6.5229
C[C@H](Nc1nc(C(=O)NCc2ccccc2)c2sccc2n1)c1cccnc1,7.5229
CC(Nc1nc(C(=O)N2CC[C@@H](F)C2)c2sccc2n1)c1cccnc1,6.5229
COc1ccc(CNC(=O)c2nc(NC(C)c3ccccn3)nc3ccsc23)cn1,6.5229
O=C(NCc1ccccc1)c1nc(NCc2ccccc2)nc2ccsc12,6.5229
C[C@H](Nc1nc(C(=O)N2CC[C@@H](F)C2)c2sccc2n1)c1ccccn1,7.5229
C[C@H](Nc1nc(C(=O)N2CC[C@H](F)C2)c2sccc2n1)c1ccccn1,7.1249
C[C@H](NC(=O)c1nc(N[C@@H](C)c2ccccn2)nc2ccsc12)c1ccccn1,7.5229
COc1ccc(CNC(=O)c2nc(NCc3cncc(C)c3)nc3ccsc23)cn1,6.5229
C[C@H](Nc1nc(C(=O)N2CC[C@@H](O)C2)c2sccc2n1)c1ccccn1,6.5229
O=C(c1nc(NCc2cncc(F)c2)nc2ccsc12)N1CC[C@@H](F)C1,6.5229
O=C(c1nc(NCc2cncc(F)c2)nc2ccsc12)N1CCC1,6.5229
C[C@H]1CCN(C(=O)c2nc(N[C@@H](C)c3cccnc3)nc3ccsc23)C1,6.5229
C[C@H](Nc1nc(C(=O)NCc2ccc(C#N)nc2)c2sccc2n1)c1ccccn1,6.5229
O=C(c1nc(NCc2cncc(F)c2)nc2ccsc12)N1CC[C@@H](O)C1,6.5229
COc1ccc(CNC(=O)c2nc(NCc3cncc(F)c3)nc3ccsc23)cn1,6.5229
O=C(NCC1CCN(Cc2ccccc2)CC1)c1nc(NCc2cncc(F)c2)nc2ccsc12,7.1249
COc1cccc(CNC(=O)c2nc(N[C@@H](C)c3cccnc3)nc3ccsc23)n1,7.1249
O=C(NCc1cccc(F)c1)c1nc(NCc2cccc(F)c2)nc2ccsc12,6.5229
O=C(c1nc(NCc2ccc(C(F)(F)F)nc2)nc2ccsc12)N1CCCC1,6.5229
CC(CNC(=O)c1nc(N[C@@H](C)c2ccccn2)nc2ccsc12)Oc1cccnc1,6.5229
O=C(NCc1ccccn1)c1nc(NCc2ccccn2)nc2ccsc12,6.5229
C[C@H](Nc1nc(C(=O)NCc2ccc(C(F)(F)F)nc2)c2sccc2n1)c1ccccn1,6.5229
O=C(c1nc(NCc2cccc(F)c2)nc2ccsc12)N1CC[C@@H](O)C1,6.5229
COc1ccc(CNC(=O)c2nc(NCc3cccc(F)c3)nc3ccsc23)cn1,7.1249
CCC(Nc1nc(C(=O)NCc2ccc(OC)nc2)c2sccc2n1)c1cccnc1,6.5229
C[C@@H]1CCN(C(=O)c2nc(N[C@@H](C)c3ccccn3)nc3ccsc23)C1,7.1249
C[C@H]1CCN(C(=O)c2nc(N[C@@H](C)c3ccccn3)nc3ccsc23)C1,6.5229
C[C@H](Nc1nc(C(=O)NCc2ccccn2)c2sccc2n1)c1cccnc1,7.5229
C[C@H](Nc1nc(C(=O)N2CCC2)c2sccc2n1)c1ccccn1,7.1249
Cc1ncccc1CNc1nc(C(=O)N2CCCC2)c2sccc2n1,6.5229
C[C@H](Nc1nc(C(=O)N2CC(F)(F)C2)c2sccc2n1)c1ccccn1,6.5229
COc1ccc(CNC(=O)c2nc(NCc3cccnc3C)nc3ccsc23)cn1,6.5229
O=C(c1nc(NCc2ccccn2)nc2ccsc12)N1CCCC1,6.5229
C[C@H](Nc1nc(C(=O)N2CCC(F)(F)C2)c2sccc2n1)c1ccccn1,6.5229
C[C@H](Nc1nc(C(=O)N2CC(O)C2)c2sccc2n1)c1ccccn1,6.5229
C[C@H](Nc1nc(C(=O)N2CC(C)(O)C2)c2sccc2n1)c1ccccn1,6.5229
C[C@H](Nc1nc(C(=O)NCc2cncc(C#N)c2)c2sccc2n1)c1ccccn1,6.5229
C[C@H](Nc1nc(C(=O)NCc2cncc(C#N)c2)c2sccc2n1)c1cccnc1,6.5229
C[C@H](Nc1nc(C(=O)N2CCOC2)c2sccc2n1)c1ccccn1,6.5229
C[C@H](Nc1nc(C(=O)NCCO)c2sccc2n1)c1ccccn1,6.5229
C[C@H](Nc1nc(C(=O)NCc2ccc(OCC3CC3)nc2)c2sccc2n1)c1ccccn1,7.1249
COC1CN(C(=O)c2nc(N[C@@H](C)c3ccccn3)nc3ccsc23)C1,6.5229
COc1cncc(CNC(=O)c2nc(N[C@@H](C)c3ccccn3)nc3ccsc23)c1,6.5229
CCNC(=O)c1nc(N[C@@H](C)c2ccccn2)nc2ccsc12,7.1249
COC1CN(C(=O)c2nc(NCc3cncc(F)c3)nc3ccsc23)C1,6.5229
O=C(c1nc(NCc2cccc(Cl)c2)nc2ccsc12)N1CCCC1,6.5229
O=C(c1nc(NCc2cccc(Cl)c2)nc2ccsc12)N1CCC1,6.5229
O=C(c1nc(NCc2cccc(Cl)c2)nc2ccsc12)N1CC(O)C1,6.5229
C[C@H](Nc1nc(C(=O)N2CCCC2)c2sccc2n1)c1cccc(F)c1,6.5229
COCC(Nc1nc(C(=O)N2CCCC2)c2sccc2n1)c1cccnc1,6.5229
C[C@H](Nc1nc(C(=O)N2CCC2)c2sccc2n1)c1cccc(F)c1,7.1249
C[C@H](Nc1nc(C(=O)N2CC[C@H](O)C2)c2sccc2n1)c1cccc(F)c1,6.5229
C[C@H](Nc1nc(C(=O)N2CC[C@@H](O)C2)c2sccc2n1)c1cccc(F)c1,6.5229
CC1CCN1C(=O)c1nc(N[C@@H](C)c2ccccn2)nc2ccsc12,7.5229
C[C@H](Nc1nc(C(=O)N2CCCC2)c2sccc2n1)c1cncc(F)c1,6.5229
COc1cc(F)cc(CNc2nc(C(=O)N3CC(O)C3)c3sccc3n2)c1,6.5229
C[C@H](Nc1nc(C(=O)N2CC(O)C2)c2sccc2n1)c1cccnc1,6.5229
COC1CN(C(=O)c2nc(N[C@@H](C)c3cccnc3)nc3ccsc23)C1,7.1249
C[C@H](Nc1nc(C(=O)NC2CCN(C(=O)OC(C)(C)C)C2)c2sccc2n1)c1ccccn1,7.5229
COCCNC(=O)c1nc(N[C@@H](C)c2ccccn2)nc2ccsc12,7.1249
C[C@H](Nc1nc(C(=O)NCCO)c2sccc2n1)c1cccnc1,6.5229
COCCNC(=O)c1nc(NCc2cncc(F)c2)nc2ccsc12,6.5229
C[C@H](Nc1nc(C(=O)NC2CCC2)c2sccc2n1)c1ccccn1,7.5229
C[C@H](Nc1nc(C(=O)NCC2CCN(Cc3ccccc3)CC2)c2sccc2n1)c1ccccn1,6.5229
CNc1cc2nc(N[C@@H](C)c3cccnc3)nc(C(=O)N3CCCC3)c2s1,6.5229
CNc1cc2nc(N[C@@H](C)c3cccnc3)nc(C(=O)N3CCC3)c2s1,6.5229
O=C(NC1CCC1)c1nc(NCc2cnccn2)nc2ccsc12,6.5229
C[C@H](Nc1nc(C(=O)NC2CC(O)C2)c2sccc2n1)c1ccccn1,7.0229
CNc1cc2nc(N[C@@H](C)c3cccnc3)nc(C(=O)N3CC[C@@H](F)C3)c2s1,6.5229
C[C@H](Nc1nc(C(=O)NC[C@@H](C)O)c2sccc2n1)c1ccccn1,6.5229
C[C@H](O)CNC(=O)c1nc(N[C@@H](C)c2ccccn2)nc2ccsc12,6.5229
C[C@H](Nc1nc(C(=O)N2CCC2)c2sccc2n1)c1cncc(F)c1,7.1249
CC(C)(C)OC(=O)N[C@@H]1CCN(C(=O)c2nc(NCc3cc(F)cc(F)c3)nc3ccsc23)C1,6.5229
O=C(c1nc(NCc2cc(F)cc(F)c2)nc2ccsc12)N1CCC1,6.5229
O=C(NCCO)c1nc(NCc2cc(F)cc(F)c2)nc2ccsc12,6.5229
CCOc1ccc(CNC(=O)c2nc(N[C@@H](C)c3ccccn3)nc3ccsc23)cn1,7.1249
O=C(NC1CCC1)c1nc(NCc2cncc(F)c2)nc2ccsc12,7.1249
CNc1cc2nc(N[C@@H](C)c3ccccn3)nc(C(=O)N3CCC3)c2s1,6.5229
C[C@H](Nc1nc(C(=O)N2CC[C@@H](F)C2)c2sc(N)cc2n1)c1ccccn1,6.5229
CNc1cc2nc(N[C@@H](C)c3ccccn3)nc(C(=O)N3CC[C@@H](F)C3)c2s1,6.5229
O=C(NC1CCC1)c1nc(NCc2cc(F)cc(F)c2)nc2ccsc12,7.1249
CC(C)(C)OC(=O)N1CC(NC(=O)c2nc(NCc3cncc(F)c3)nc3ccsc23)C1,6.5229
C[C@H](Nc1nc(C(=O)NC2CN(C(=O)OC(C)(C)C)C2)c2sccc2n1)c1ccccn1,7.1249
C[C@H](Nc1nc(C(=O)NC2CCCC2)c2sccc2n1)c1ccccn1,7.5229
C[C@H](Nc1nc(C(=O)N[C@@H](C)CO)c2sccc2n1)c1ccccn1,6.5229
C[C@H](CO)NC(=O)c1nc(N[C@@H](C)c2ccccn2)nc2ccsc12,6.5229
O=C(NC1CC(O)C1)c1nc(NCc2cncc(F)c2)nc2ccsc12,6.5229
COC1CN(C(=O)c2nc(N[C@@H](C)c3cncc(F)c3)nc3ccsc23)C1,6.5229
CNc1cc2nc(N[C@@H](C)c3cccnc3)nc(C(=O)N3CC[C@H](F)C3)c2s1,6.5229
C[C@H](Nc1nc(C(=O)N2CCC2)c2sc(N)cc2n1)c1ccccn1,6.5229
C[C@H](Nc1nc(C(=O)NC[C@@H](C)O)c2sccc2n1)c1cncc(F)c1,7.1249
C[C@H](O)CNC(=O)c1nc(N[C@@H](C)c2cncc(F)c2)nc2ccsc12,6.5229
C[C@H](Nc1nc(C(=O)NC2CC2)c2sccc2n1)c1ccccn1,7.5229
C[C@H](Nc1nc(C(=O)NCC2CCC2)c2sccc2n1)c1ccccn1,7.1249
C[C@H](Nc1nc(C(=O)NC2COC2)c2sccc2n1)c1ccccn1,6.5229
C[C@H](Nc1nc(C(=O)N2CC[C@@H](F)C2)c2sc(N)cc2n1)c1cccnc1,6.5229
C[C@H](Nc1nc(C(=O)N2CC(O)C2)c2sccc2n1)c1cncc(F)c1,6.5229
CC(C)NC(=O)c1nc(N[C@@H](C)c2ccccn2)nc2ccsc12,7.5229
C[C@H](Nc1nc(C(=O)NCc2cncc(C(F)(F)F)c2)c2sccc2n1)c1ccccn1,6.5229
C[C@H](Nc1nc(C(=O)NC(C)(C)C)c2sccc2n1)c1ccccn1,7.1249
COCC(Nc1nc(C(=O)NC2CC2)c2sccc2n1)c1cccnc1,7.1249
C[C@H](Nc1nc(C(=O)N2CCC2)c2sc(N)cc2n1)c1cccnc1,6.5229
C[C@H](Nc1nc(C(=O)N2CC[C@H](F)C2)c2sc(N)cc2n1)c1cccnc1,6.5229
C[C@H](Nc1nc(C(=O)N2CC(O)C2)c2sc(N)cc2n1)c1ccccn1,6.5229
C[C@@H]1CCN(C(=O)c2nc(N[C@@H](C)c3ccccn3)nc3cc(N)sc23)C1,6.5229
CNc1cc2nc(N[C@@H](C)c3ccccn3)nc(C(=O)N3CC[C@@H](C)C3)c2s1,6.5229
CNc1cc2nc(N[C@@H](C)c3cncc(F)c3)nc(C(=O)N3CCCC3)c2s1,6.5229
CNc1cc2nc(N[C@@H](C)c3cncc(F)c3)nc(C(=O)N3CCC3)c2s1,6.5229
Cc1cc2nc(N[C@@H](C)c3cccnc3)nc(C(=O)N3CCCC3)c2s1,6.5229
C[C@H](Nc1nc(C(=O)NCCS(C)(=O)=O)c2sccc2n1)c1ccccn1,6.5229
COCC(Nc1nc(C(=O)NC2COC2)c2sccc2n1)c1cccnc1,6.5229
COCC(Nc1nc(C(=O)N2CC(OC)C2)c2sccc2n1)c1cccnc1,7.1249
COCC(Nc1nc(C(=O)NC2CC(O)C2)c2sccc2n1)c1cccnc1,6.5229
C[C@H](Nc1nc(C(=O)NCC2CCOCC2)c2sccc2n1)c1cncc(F)c1,6.8239
C[C@H](Nc1nc(C(=O)N2CCCC2)c2sc(N)cc2n1)c1cncc(F)c1,6.5229
C[C@H](Nc1nc(C(=O)N2CC[C@H](F)C2)c2sccc2n1)c1cncc(F)c1,6.5229
C[C@H](Nc1nc(C(=O)NCC(F)(F)F)c2sccc2n1)c1ccccn1,7.1249
C[C@H](Nc1nc(C(=O)NCC2CCOCC2)c2sccc2n1)c1ccccn1,6.5229
C[C@H](Nc1nc(C(=O)N2CCCC2)c2sccc2n1)c1cncc(Cl)c1,6.5229
C[C@H](Nc1nc(C(=O)N2CCC2)c2sccc2n1)c1cncc(Cl)c1,6.5229
COC1CN(C(=O)c2nc(N[C@@H](C)c3cncc(Cl)c3)nc3ccsc23)C1,6.5229
C[C@H](Nc1nc(C(=O)N2CC[C@@H](F)C2)c2sccc2n1)c1cncc(F)c1,6.5229
CN(C(=O)OC(C)(C)C)C1CN(C(=O)c2nc(NCc3cncc(F)c3)nc3ccsc23)C1,6.5229
C[C@H](Nc1nc(C(=O)NCC(C)(C)O)c2sccc2n1)c1cncc(F)c1,6.5229
CC(C)(C)OC(=O)N[C@@H]1CCN(C(=O)c2nc(NCc3cncc(F)c3)nc3ccsc23)C1,6.5229
C[C@H](Nc1nc(C(=O)N2CCC2)c2sc(N)cc2n1)c1cncc(F)c1,7.1249
C[C@H](Nc1nc(C(=O)N2CC[C@@H](O)C2)c2sc(N)cc2n1)c1cncc(F)c1,6.5229
CNc1cc2nc(N[C@@H](C)c3cncc(F)c3)nc(C(=O)N3CC(OC)C3)c2s1,6.5229
Cc1cc2nc(N[C@@H](C)c3ccccn3)nc(C(=O)N3CCCC3)c2s1,7.5229
CC(C)(C)OC(=O)N[C@H]1CCN(C(=O)c2nc(NCc3cncc(F)c3)nc3ccsc23)C1,6.5229
C[C@H](Nc1nc(C(=O)N2CC[C@@H](NC(=O)OC(C)(C)C)C2)c2sccc2n1)c1ccccn1,6.5229
Cc1cc2nc(N[C@@H](C)c3cncc(F)c3)nc(C(=O)N3CC[C@H](O)C3)c2s1,6.5229
Cc1cc2nc(N[C@@H](C)c3cncc(F)c3)nc(C(=O)N3CC[C@@H](O)C3)c2s1,6.5229
CO[C@@H]1CCN(C(=O)c2nc(N[C@@H](C)c3cncc(F)c3)nc3ccsc23)C1,6.5229
CO[C@H]1CCN(C(=O)c2nc(N[C@@H](C)c3cncc(F)c3)nc3ccsc23)C1,6.5229
CO[C@@H]1CCN(C(=O)c2nc(N[C@@H](C)c3cncc(Cl)c3)nc3ccsc23)C1,6.5229
CO[C@H]1CCN(C(=O)c2nc(N[C@@H](C)c3cncc(Cl)c3)nc3ccsc23)C1,6.5229
CO[C@H]1CCN(C(=O)c2nc(N[C@@H](C)c3ccccn3)nc3ccsc23)C1,7.5229
O=C(c1nc(NCCc2ccccc2)nc2ccsc12)N1CCCC1,6.5229
C[C@H](Nc1nc(C(=O)N2CC[C@H](CO)C2)c2sccc2n1)c1cccnc1,6.5229
C[C@H](Nc1nc(C(=O)N2CC[C@@H](CO)C2)c2sccc2n1)c1cccnc1,6.5229
C[C@H](Nc1nc(C(=O)NCC(F)(F)F)c2sccc2n1)c1cncc(F)c1,6.5229
Cc1cc2nc(N[C@@H](C)c3cncc(F)c3)nc(C(=O)N3CC(O)C3)c2s1,7.1249
COC1CN(C(=O)c2nc(N[C@@H](C)c3cncc(F)c3)nc3cc(C)sc23)C1,7.1249
C[C@H](Nc1nc(C(=O)NC(CO)c2cccnc2)c2sccc2n1)c1ccccn1,6.5229
C[C@H](Nc1nc(C(=O)N2CCC[C@@H]2C)c2sccc2n1)c1cncc(F)c1,6.5229
C[C@H](Nc1nc(C(=O)N2CCC[C@H]2C)c2sccc2n1)c1cncc(F)c1,6.5229
C[C@H](Nc1nc(C(=O)N2CC[C@H](S(C)(=O)=O)C2)c2sccc2n1)c1ccccn1,6.5229
C[C@H](Nc1nc(C(=O)NCCO)c2sccc2n1)c1cncc(F)c1,6.5229
Cc1cc2nc(N[C@@H](C)c3cncc(F)c3)nc(C(=O)N3CCC3)c2s1,7.1249
Cc1cc2nc(N[C@@H](C)c3cncc(F)c3)nc(C(=O)NC[C@H](C)O)c2s1,6.5229
Cc1cc2nc(N[C@@H](C)c3cncc(F)c3)nc(C(=O)NC[C@@H](C)O)c2s1,7.1249
Cc1cc2nc(N[C@@H](C)c3cncc(F)c3)nc(C(=O)N3CCCC3)c2s1,7.1249
Cc1cc2nc(N[C@@H](C)c3cncc(F)c3)nc(C(=O)NCC(F)(F)F)c2s1,7.5229
Cc1cc2nc(N[C@@H](C)c3cccnc3)nc(C(=O)N3CCC3)c2s1,6.5229
Cc1cc2nc(N[C@@H](C)c3ccccn3)nc(C(=O)N3CCC3)c2s1,7.1249
Cc1cc2nc(N[C@@H](C)c3ccccn3)nc(C(=O)N3CC(O)C3)c2s1,6.5229
COC1CN(C(=O)c2nc(N[C@@H](C)c3cccnc3)nc3cc(C)sc23)C1,7.1249
Cc1cc2nc(N[C@@H](C)c3ccccn3)nc(C(=O)NC[C@H](C)O)c2s1,6.5229
Cc1cc2nc(N[C@@H](C)c3ccccn3)nc(C(=O)NC[C@@H](C)O)c2s1,6.5229
C[C@H](Nc1nc(C(=O)NC[C@@H](C)O)c2sccc2n1)c1cncc(Cl)c1,6.5229
C[C@H](Nc1nc(C(=O)N2CC[C@H](CO)C2)c2sccc2n1)c1cncc(F)c1,6.5229
C[C@H](Nc1nc(C(=O)N2CC[C@@H](CO)C2)c2sccc2n1)c1cncc(F)c1,6.5229
COC1CC(NC(=O)c2nc(N[C@@H](C)c3cccnc3)nc3ccsc23)C1,6.5229
Cc1cc2nc(N[C@@H](C)c3ccccn3)nc(C(=O)N3CC[C@@H](O)C3)c2s1,6.5229
Cc1cc2nc(N[C@@H](C)c3cccnc3)nc(C(=O)N3CC(O)C3)c2s1,6.5229
COC1CN(C(=O)c2nc(N[C@@H](C)c3ccccn3)nc3cc(C)sc23)C1,7.5229
CO[C@H]1CCN(C(=O)c2nc(N[C@@H](C)c3cncc(F)c3)nc3cc(C)sc23)C1,6.5229
CO[C@@H]1CCN(C(=O)c2nc(N[C@@H](C)c3cncc(F)c3)nc3cc(C)sc23)C1,7.1249
C[C@H](Nc1nc(C(=O)Nc2ccccc2)c2sccc2n1)c1ccccn1,6.5229
C[C@H](Nc1nc(C(=O)NCc2ncc[nH]2)c2sccc2n1)c1ccccn1,6.5229
C[C@H](Nc1nc(C(=O)NC2CC(O)C2)c2sccc2n1)c1cncc(Cl)c1,7.1249
COc1cncc(NC(=O)c2nc(N[C@@H](C)c3ccccn3)nc3ccsc23)c1,6.5229
Cc1cc2nc(N[C@@H](C)c3cncc(F)c3)nc(C(=O)NCC(C)(C)O)c2s1,7.1249
Cc1cc2nc(N[C@@H](C)c3cncc(F)c3)nc(C(=O)N3CC[C@H](CO)C3)c2s1,7.1249
Cc1cc2nc(N[C@@H](C)c3cncc(F)c3)nc(C(=O)N3CC[C@@H](CO)C3)c2s1,6.5229
CO[C@H]1CCN(C(=O)c2nc(N[C@@H](C)c3ccccn3)nc3cc(C)sc23)C1,7.1249
CO[C@@H]1CCN(C(=O)c2nc(N[C@@H](C)c3ccccn3)nc3cc(C)sc23)C1,7.5229
C[C@H](Nc1nc(C(=O)N2CC[C@@H](NC(=O)OC(C)(C)C)C2)c2sccc2n1)c1cccnc1,6.5229
C[C@H](Nc1nc(C(=O)N2CC[C@H](NC(=O)OC(C)(C)C)C2)c2sccc2n1)c1cccnc1,7.1249
C[C@H](Nc1nc(C(=O)N2CC[C@H](NC(=O)OC(C)(C)C)C2)c2sccc2n1)c1ccccn1,7.1249
COC[C@@H](Nc1nc(C(=O)NC[C@H](C)O)c2sccc2n1)c1cccnc1,6.5229
COC[C@@H](Nc1nc(C(=O)NC[C@@H](C)O)c2sccc2n1)c1cccnc1,6.5229
Cc1cc2nc(N[C@@H](C)c3cccnc3)nc(C(=O)NC[C@H](C)O)c2s1,6.5229
C[C@H](Nc1nc(C(=O)NC2CC[C@@H](O)C2)c2sccc2n1)c1cncc(F)c1,7.5229
CC(=O)N[C@H]1CCN(C(=O)c2nc(N[C@@H](C)c3cncc(F)c3)nc3ccsc23)C1,6.5229
C[C@H](Nc1nc(C(=O)NC2CC[C@@H](O)C2)c2sccc2n1)c1ccccn1,6.5229
Cc1cc2nc(N[C@@H](C)c3cccnc3)nc(C(=O)NC[C@@H](C)O)c2s1,6.5229
C[C@H](Nc1nc(C(=O)NCCc2ccc(O)cc2)c2sccc2n1)c1cncc(F)c1,6.5229
COC[C@@H](Nc1nc(C(=O)N2CCC2)c2sccc2n1)c1cccnc1,6.5229
C[C@H](Nc1nc(C(=O)NCCC2CCN(C(=O)OC(C)(C)C)CC2)c2sccc2n1)c1ccccn1,6.5229
C[C@H](Nc1nc(C(=O)NCCC2CCN(C(=O)OC(C)(C)C)CC2)c2sccc2n1)c1cncc(F)c1,6.5229
C[C@H](Nc1nc(C(=O)N2CCCC2)c2sccc2n1)c1ccncc1,6.5229
COc1ccc(CNC(=O)c2nc(N[C@@H](C)c3ccncc3)nc3ccsc23)cn1,6.5229
CO[C@H]1CCN(C(=O)c2nc(N[C@@H](C)c3cccnc3)nc3cc(C)sc23)C1,6.5229
CO[C@@H]1CCN(C(=O)c2nc(N[C@@H](C)c3cccnc3)nc3cc(C)sc23)C1,7.1249
Cc1cc2nc(N[C@@H](C)c3ccccn3)nc(C(=O)NC3CCC3)c2s1,7.5229
Cc1cc2nc(N[C@@H](C)c3ccccn3)nc(C(=O)NCCO)c2s1,6.5229
C[C@H](Nc1nc(C(=O)N2CCC(C(=O)OC(C)(C)C)C2)c2sccc2n1)c1cncc(F)c1,6.5229
O=C(c1nc(NCCc2ccc(O)cc2)nc2ccsc12)N1CCCC1,6.5229
C[C@H](Nc1nc(C(=O)NCCC2CCN(C(=O)OC(C)(C)C)C2)c2sccc2n1)c1cncc(F)c1,7.1249
Cc1cc2nc(N[C@@H](C)c3cccnc3)nc(C(=O)NCCO)c2s1,6.5229
Cc1cc2nc(N[C@@H](C)c3cncc(F)c3)nc(C(=O)NCCc3ccc(O)cc3)c2s1,6.5229
COc1cccc(CNC(=O)c2nc(N[C@@H](C)c3cncc(F)c3)nc3cc(C)sc23)n1,6.5229
Cc1cc2nc(N[C@@H](C)c3cccnc3)nc(C(=O)NCC3CCOCC3)c2s1,6.5229
Cc1cc2nc(N[C@@H](C)c3cncc(F)c3)nc(C(=O)NCC3CCOCC3)c2s1,6.5229
C[C@H](Nc1nc(C(=O)NCCc2ccc(CO)cc2)c2sccc2n1)c1cncc(F)c1,6.5229
Cc1cc2nc(N[C@@H](C)c3cncc(F)c3)nc(C(=O)NCC3CCOC3)c2s1,6.5229
C[C@H](NC(=O)c1nc(N[C@@H](C)c2ccccc2)nc2ccsc12)c1ccccc1,6.5229
C[C@H](Nc1nc(C(=O)N[C@@H]2CC[C@@H](O)C2)c2sccc2n1)c1cncc(F)c1,6.5229
COc1ccc(Oc2cc(CNC(=O)c3nc(N[C@@H](C)c4cncc(F)c4)nc4ccsc34)ccn2)cc1,6.5229
C[C@H](Nc1nc(C(=O)N[C@@H]2CC[C@H](O)C2)c2sccc2n1)c1cncc(F)c1,7.1249
C[C@H](Nc1nc(C(=O)N2CC(CNC(=O)OC(C)(C)C)C2)c2sccc2n1)c1cncc(F)c1,7.5229
C[C@H](Nc1nc(C(=O)NCCc2ccc(O)cc2)c2sccc2n1)c1ccnc(F)c1,6.5229
C[C@H](Nc1nc(C(=O)N2CCCC2)c2sccc2n1)c1ccnc(F)c1,6.5229
C[C@H](Nc1nc(C(=O)NCCc2cccc(O)c2)c2sccc2n1)c1cncc(F)c1,7.5229
C[C@H](Nc1nc(C(=O)NCCc2ccc(O)cc2)c2sccc2n1)c1ccccn1,6.5229
COc1cccc(CCNC(=O)c2nc(N[C@@H](C)c3cncc(F)c3)nc3ccsc23)n1,6.5229
Cc1csc2c(C(=O)N3CCCC3)nc(N[C@@H](C)c3cncc(F)c3)nc12,7.5229
Cc1csc2c(C(=O)N3CCC3)nc(N[C@@H](C)c3cncc(F)c3)nc12,7.5229
Cc1csc2c(C(=O)N3CC[C@H](O)C3)nc(N[C@@H](C)c3cncc(F)c3)nc12,6.5229
COc1ccc(CCNC(=O)c2nc(N[C@@H](C)c3cncc(F)c3)nc3ccsc23)cc1,6.5229
COc1ccc(CCCNC(=O)c2nc(N[C@@H](C)c3cncc(F)c3)nc3ccsc23)cc1,6.5229
C[C@H](Nc1nc(C(=O)NCCC2CCCC2)c2sccc2n1)c1ccccn1,7.1249
C[C@H](Nc1nc(C(=O)NCCC2CCN(C(=O)OC(C)(C)C)C2)c2sccc2n1)c1ccccn1,7.1249
C[C@H](Nc1nc(C(=O)NCCC2CC(C(=O)OC(C)(C)C)C2)c2sccc2n1)c1ccccn1,6.5229
C[C@H](Nc1nc(C(=O)NCCc2cccc(O)c2)c2sccc2n1)c1cccnc1,6.5229
C[C@H](Nc1nc(C(=O)NCCc2cccc(O)c2)c2sccc2n1)c1ccccn1,6.5229
Cc1cc2nc(N[C@@H](C)c3cncc(F)c3)nc(C(=O)N3CC(NC(=O)OC(C)(C)C)C3)c2s1,7.5229
COc1ccc([C@H](C)Nc2nc(C(=O)N3CCC3)c3sccc3n2)cc1,6.5229
COc1ccc(CNc2nc(C(=O)NC3CCC3)c3sccc3n2)cn1,7.1249
COc1ccc([C@H](C)Nc2nc(C(=O)NCc3cccnc3)c3sccc3n2)cc1,7.5229
COc1ccc(CNc2nc(C(=O)NCc3cccnc3)c3sccc3n2)cn1,6.5229
COc1cccc(CCNC(=O)c2nc(N[C@@H](C)c3ccccn3)nc3ccsc23)c1,6.5229
CCO[C@@H]1CCN(C(=O)c2nc(N[C@@H](C)c3ccccn3)nc3ccsc23)C1,7.1249
CCOc1ccc(CNc2nc(C(=O)NCCc3cccc(O)c3)c3sccc3n2)cn1,6.5229
CO[C@H]1CCN(C(=O)c2nc(N[C@@H](C)c3ccccn3)nc3c(C)csc23)C1,6.5229
CO[C@@H]1CCN(C(=O)c2nc(N[C@@H](C)c3ccccn3)nc3c(C)csc23)C1,7.5229
CCO[C@H]1CCN(C(=O)c2nc(N[C@@H](C)c3ccccn3)nc3ccsc23)C1,6.5229
Cc1csc2c(C(=O)NCc3ccccc3)nc(N[C@@H](C)c3ccccn3)nc12,7.5229
COc1cccc(CCNC(=O)c2nc(N[C@@H](C)c3ccccn3)nc3c(C)csc23)c1,7.1249
Cc1csc2c(C(=O)NCCc3cccc(O)c3)nc(N[C@@H](C)c3ccccn3)nc12,7.1249
C[C@H](Nc1nc(C(=O)NCCc2ccccc2O)c2sccc2n1)c1cncc(F)c1,6.5229
COc1cccc(CNC(=O)c2nc(N[C@@H](C)c3ccccn3)nc3c(C)csc23)n1,7.5229
Cc1csc2c(C(=O)NCc3ccccn3)nc(N[C@@H](C)c3ccccn3)nc12,7.5229
CCOc1ccc(CNc2nc(C(=O)N3CCC3)c3sccc3n2)cn1,6.5229
Cc1csc2c(C(=O)NC3CCC3)nc(N[C@@H](C)c3ccccn3)nc12,7.5229
Cc1cc2nc(N[C@@H](C)c3cccnc3)nc(C(=O)NCc3ccccn3)c2s1,6.5229
Cc1csc2c(C(=O)NCc3cccnc3)nc(N[C@@H](C)c3ccccn3)nc12,7.5229
Cc1csc2c(C(=O)N3CCCC3)nc(N[C@@H](C)c3ccccn3)nc12,7.5229
CCNC(=O)c1nc(NCCc2ccc(O)cc2)nc2ccsc12,6.5229
Cc1cc2nc(N[C@@H](C)c3ccccn3)nc(C(=O)NCc3ccccn3)c2s1,7.5229
Cc1cc2nc(N[C@@H](C)c3ccccn3)nc(C(=O)NCc3cccnc3)c2s1,7.1249
COc1cccc(CNC(=O)c2nc(N[C@@H](C)c3cccnc3)nc3cc(C)sc23)n1,6.5229
COc1ccc([C@@H](C)Nc2nc(C(=O)NCc3ccc(OC)nc3)c3sccc3n2)cc1,7.5229
COc1ccc([C@H](C)Nc2nc(C(=O)NCc3ccccn3)c3sccc3n2)cc1,7.5229
COC[C@@H]1CCN(C(=O)c2nc(N[C@@H](C)c3ccccn3)nc3cc(C)sc23)C1,6.5229
COC[C@H]1CCN(C(=O)c2nc(N[C@@H](C)c3ccccn3)nc3ccsc23)C1,6.5229
COC[C@@H]1CCN(C(=O)c2nc(N[C@@H](C)c3ccccn3)nc3ccsc23)C1,6.5229
COc1ccc(CNC(=O)c2nc(N[C@@H](C)c3ccccn3)nc3ccsc23)cc1,7.1249
Cc1cc2nc(N[C@@H](C)c3cncc(F)c3)nc(C(=O)N3CC(CNC(=O)OC(C)(C)C)C3)c2s1,6.5229
Cc1cc2nc(N[C@@H](C)c3ccccn3)nc(C(=O)N3CC(CNC(=O)OC(C)(C)C)C3)c2s1,6.5229
COc1ccc(CNC(=O)c2nc(N[C@@H](C)c3ccccn3)nc3cc(C)sc23)cc1,6.5229
COC1(C)CN(C(=O)c2nc(N[C@@H](C)c3ccccn3)nc3cc(C)sc23)C1,6.5229
Cc1cc2nc(N[C@@H](C)c3cncc(F)c3)nc(C(=O)N3CC(N(C)C(=O)OC(C)(C)C)C3)c2s1,6.5229
Cc1cc2nc(N[C@@H](C)c3cncc(F)c3)nc(C(=O)NCCC3CN(C(=O)OC(C)(C)C)C3)c2s1,6.5229
Cc1cc2nc(N[C@@H](C)c3cncc(F)c3)nc(C(=O)N3CC(CNC(=O)C(C)(C)C)C3)c2s1,6.5229
Cc1cc2nc(N[C@@H](C)c3ccccn3)nc(C(=O)NCc3nccs3)c2s1,6.5229
Cc1cc2nc(N[C@@H](C)c3cncc(F)c3)nc(C(=O)N3CC(CO)C3)c2s1,6.5229
CCNC(=O)CC1CN(C(=O)c2nc(N[C@@H](C)c3cncc(F)c3)nc3cc(C)sc23)C1,7.1249
Cc1cc2nc(N[C@@H](C)c3cncc(F)c3)nc(C(=O)N3CC(CN(C)C)C3)c2s1,6.8239
CCOC(=O)N(C)C1CN(C(=O)c2nc(N[C@@H](C)c3cncc(F)c3)nc3cc(C)sc23)C1,7.1249
Cc1cc2nc(N[C@@H](C)c3cncc(F)c3)nc(C(=O)N3CC(N(C)C(=O)CC(C)(C)C)C3)c2s1,7.5229
CC(C)OC(=O)NC1CN(C(=O)c2nc(N[C@@H](C)c3cncc(F)c3)nc3ccsc23)C1,7.5229
Cc1cc2nc(N[C@@H](C)c3cncc(F)c3)nc(C(=O)N3CC(NC(=O)OC(C)C)C3)c2s1,7.5229
COCC1CN(C(=O)c2nc(N[C@@H](C)c3ccccn3)nc3cc(C)sc23)C1,7.5229
C[C@H](Nc1nc(C(=O)N2CC(NC(=O)C3CC3)C2)c2sccc2n1)c1cncc(F)c1,7.5229
COCCC(=O)NC1CN(C(=O)c2nc(N[C@@H](C)c3cncc(F)c3)nc3cc(C)sc23)C1,7.5229
C[C@H](Nc1nc(C(=O)N2CC(NC(=O)C3CCOC3)C2)c2sccc2n1)c1cncc(F)c1,7.5229
CCNC(=O)C1CCN(C(=O)c2nc(N[C@@H](C)c3cncc(F)c3)nc3ccsc23)C1,6.5229
Cc1cc2nc(N[C@@H](C)c3cncc(F)c3)nc(C(=O)N3CC(NC(=O)C4CC4)C3)c2s1,7.5229
Cc1cc2nc(N[C@@H](C)c3cncc(F)c3)nc(C(=O)N3CC(NC(=O)C4CCOC4)C3)c2s1,7.5229
CC1CCN1C(=O)c1nc(N[C@@H](C)c2cncc(F)c2)nc2ccsc12,7.1249
C[C@H](Nc1nc(C(=O)N2CC(CN(C)C(=O)OC(C)(C)C)C2)c2sccc2n1)c1cncc(F)c1,6.5229
CC(C)(C)C(=O)N[C@H]1CCN(C(=O)c2nc(NCc3cncc(F)c3)nc3ccsc23)C1,7.1249
CC(=O)NCC1CN(C(=O)c2nc(N[C@@H](C)c3cncc(F)c3)nc3ccsc23)C1,6.5229
C[C@H](Nc1nc(C(=O)N2CC(CNC(=O)C(C)(C)C)C2)c2sccc2n1)c1cncc(F)c1,6.5229
CC(=O)NC1CN(C(=O)c2nc(N[C@@H](C)c3cncc(F)c3)nc3ccsc23)C1,6.5229
C[C@H](Nc1nc(C(=O)N2CC(CNS(C)(=O)=O)C2)c2sccc2n1)c1cncc(F)c1,6.5229
CC(=O)NC1CN(C(=O)c2nc(N[C@@H](C)c3ccccn3)nc3ccsc23)C1,6.5229
C[C@H](Nc1nc(C(=O)NCCNC(=O)C(C)(C)C)c2sccc2n1)c1cncc(F)c1,6.5229
CC(=O)N1CC(CCNC(=O)c2nc(N[C@@H](C)c3cncc(F)c3)nc3ccsc23)C1,6.5229
Cc1cc2nc(N[C@@H](C)c3cncc(F)c3)nc(C(=O)N3CC(N4CCCC4)C3)c2s1,6.5229
Cc1cc2nc(N[C@@H](C)c3cncc(F)c3)nc(C(=O)N3CC(NC(=O)C4CCCO4)C3)c2s1,7.5229
Cc1cc2nc(N[C@@H](C)c3cncc(F)c3)nc(C(=O)N3CC(NC(=O)C4CCC4)C3)c2s1,7.5229
CC(=O)NC1CN(C(=O)c2nc(N[C@@H](C)c3cncc(F)c3)nc3cc(C)sc23)C1,6.5229
C[C@H](Nc1nc(C(=O)NC2CN(C(=O)C(C)(C)C)C2)c2sccc2n1)c1cncc(F)c1,6.5229
Cc1cc2nc(N[C@@H](C)c3cncc(F)c3)nc(C(=O)N3CC(NC(=O)c4ccoc4)C3)c2s1,7.5229
C[C@H](Nc1nc(C(=O)N2CCC(C(=O)NC(C)(C)C)C2)c2sccc2n1)c1cncc(F)c1,6.5229
C[C@H](Nc1nc(C(=O)N2CC(CN(C)C(=O)CC(C)(C)C)C2)c2sccc2n1)c1cncc(F)c1,7.1249
C[C@H](Nc1nc(C(=O)N2CC(CN(C)C(=O)C(C)(C)C)C2)c2sccc2n1)c1cncc(F)c1,7.5229
Cc1cc2nc(N[C@@H](C)c3ccccn3)nc(C(=O)N3CC(C(=O)OC(C)(C)C)C3)c2s1,7.5229
COCC1CN(C(=O)c2nc(N[C@@H](C)c3ccccn3)nc3c(C)csc23)C1,7.5229
COc1ccc([C@H](C)Nc2nc(C(=O)N3CC(NC(=O)OC(C)C)C3)c3sc(C)cc3n2)cc1,7.1249
COc1ccc([C@H](C)Nc2nc(C(=O)N3CC(NC(C)=O)C3)c3sc(C)cc3n2)cc1,7.1249
C[C@H](Nc1nc(C(=O)N2CC(NC(=O)CC(C)(C)C)C2)c2sccc2n1)c1cncc(F)c1,7.5229
CC(C)C(=O)NC1CN(C(=O)c2nc(N[C@@H](C)c3cncc(F)c3)nc3ccsc23)C1,7.5229
C[C@H](Nc1nc(C(=O)N2CC(NC(=O)C(C)(C)C)C2)c2sccc2n1)c1ccccn1,7.5229
C[C@H](Nc1nc(C(=O)N2CC(CC(=O)NC(C)(C)C)C2)c2sccc2n1)c1cncc(F)c1,7.5229
C[C@H](Nc1nc(C(=O)N2CC(C(=O)OC(C)(C)C)C2)c2sccc2n1)c1cncc(F)c1,6.5229
Cc1cc2nc(N[C@@H](C)c3cncc(F)c3)nc(C(=O)N3CC(C(=O)OC(C)(C)C)C3)c2s1,6.5229
CNC(=O)NCC1CN(C(=O)c2nc(N[C@@H](C)c3cncc(F)c3)nc3ccsc23)C1,6.5229
C[C@H](Nc1nc(C(=O)N2CC(CNC(=O)N(C)C)C2)c2sccc2n1)c1cncc(F)c1,7.1249
CC(C)C(=O)NCC1CN(C(=O)c2nc(N[C@@H](C)c3cncc(F)c3)nc3ccsc23)C1,7.1249
C[C@H](Nc1nc(C(=O)N2CC(C(=O)NOC(C)(C)C)C2)c2sccc2n1)c1cncc(F)c1,7.1249
Cc1cc2nc(N[C@@H](C)c3cncc(F)c3)nc(C(=O)N3CC(CC(=O)OC(C)(C)C)C3)c2s1,7.5229
C[C@H](Nc1nc(C(=O)N2CC(CNC(=O)OCC(C)(C)C)C2)c2sccc2n1)c1cncc(F)c1,7.5229
C[C@H](Nc1nc(C(=O)N2CC(NC(=O)OC(C)(C)C)C2)c2sccc2n1)c1cncc(F)c1,7.5229
CNC(=O)N1CCN(C(=O)c2nc(N[C@@H](C)c3cncc(F)c3)nc3ccsc23)C1,6.5229
Cc1cc2nc(N[C@@H](C)c3cncc(F)c3)nc(C(=O)N3CC(CNC(=O)CC(C)(C)C)C3)c2s1,7.1249
CC(C)NC(=O)N1CCN(C(=O)c2nc(N[C@@H](C)c3cncc(F)c3)nc3ccsc23)C1,6.5229
C[C@H](Nc1nc(C(=O)N2CCN(C(=O)N(C)C)C2)c2sccc2n1)c1cncc(F)c1,6.5229
Cc1cc2nc(N[C@@H](C)c3cncc(F)c3)nc(C(=O)N3CC(C(=O)NOC(C)(C)C)C3)c2s1,7.1249
Cc1cc2nc(N[C@@H](C)c3cncc(F)c3)nc(C(=O)N3CCN(C(=O)NC(C)C)C3)c2s1,7.1249
Cc1cc2nc(N[C@@H](C)c3cncc(F)c3)nc(C(=O)N3CC[C@H]3C)c2s1,7.5229
Cc1cc2nc(N[C@@H](C)c3cncc(F)c3)nc(C(=O)N3CC[C@@H]3C)c2s1,7.5229
C[C@H](Nc1nc(C(=O)N2CC(NC(=O)c3ccoc3)C2)c2sccc2n1)c1cncc(F)c1,7.5229
C[C@H](Nc1nc(C(=O)N2CC(NC(=O)c3ccccc3)C2)c2sccc2n1)c1cncc(F)c1,7.5229
C[C@H](Nc1nc(C(=O)N2CC(NC(=O)C3COC3)C2)c2sccc2n1)c1cncc(F)c1,7.1249
C[C@H](Nc1nc(C(=O)N2CC(NC(=O)CCC3CCOCC3)C2)c2sccc2n1)c1cncc(F)c1,7.5229
C[C@H](Nc1nc(C(=O)N2CC(NC(=O)c3ccc(F)c(F)c3)C2)c2sccc2n1)c1cncc(F)c1,7.5229
C[C@H](Nc1nc(C(=O)N2CC(NC(=O)c3ccc(Cl)cc3)C2)c2sccc2n1)c1cncc(F)c1,7.5229
C[C@H](Nc1nc(C(=O)N2CC(NC(=O)OC3CCCC3)C2)c2sccc2n1)c1cncc(F)c1,7.5229
C[C@H](Nc1nc(C(=O)N2CC(NC(=O)c3ccncc3)C2)c2sccc2n1)c1cncc(F)c1,7.1249
C[C@H](Nc1nc(C(=O)N2CC(NC(=O)c3cccnc3)C2)c2sccc2n1)c1cncc(F)c1,7.1249
C[C@H](Nc1nc(C(=O)N2CC(C)(NC(=O)C3CC3)C2)c2sccc2n1)c1cncc(F)c1,7.1249
C[C@H](Nc1nc(C(=O)N2CC(NC(=O)C3CCOCC3)C2)c2sccc2n1)c1cncc(F)c1,7.5229
Cc1csc2c(C(=O)N3CC(NC(=O)c4cccc(Cl)c4)C3)nc(N[C@@H](C)c3cncc(F)c3)nc12,7.5229
C[C@H](Nc1nc(C(=O)N2CC(NC(=O)c3ccc(C(F)(F)F)o3)C2)c2sccc2n1)c1cncc(F)c1,7.5229
C[C@H](Nc1nc(C(=O)N2CC(NC(=O)c3cccc(C(F)(F)F)c3)C2)c2sccc2n1)c1cncc(F)c1,7.5229
C[C@H](Nc1nc(C(=O)N2CC(NC(=O)Nc3ccccc3)C2)c2sccc2n1)c1cncc(F)c1,7.5229
COc1cccc(C(=O)NC2CN(C(=O)c3nc(N[C@@H](C)c4cncc(F)c4)nc4ccsc34)C2)c1,7.5229
C[C@H](Nc1nc(C(=O)N2CC(NC(=O)C3(C#N)CC3)C2)c2sccc2n1)c1cncc(F)c1,7.1249
CC1CCC(C(=O)NC2CN(C(=O)c3nc(N[C@@H](C)c4cncc(F)c4)nc4ccsc34)C2)CC1,7.5229
C[C@H](Nc1nc(C(=O)N2CC(NC(=O)C3CCC(F)(F)CC3)C2)c2sccc2n1)c1cncc(F)c1,7.5229
C[C@H](Nc1nc(C(=O)N2CC(NC(=O)C3(C)CC3)C2)c2sccc2n1)c1cncc(Cl)c1,7.5229
C[C@H](Nc1nc(C(=O)N2CC(NC(=O)c3ccc(-c4ccccc4)cc3)C2)c2sccc2n1)c1cncc(F)c1,7.5229
Cc1cc(C)cc(C(=O)NC2CN(C(=O)c3nc(N[C@@H](C)c4cncc(F)c4)nc4ccsc34)C2)c1,7.5229
Cc1cc(C(=O)NC2CN(C(=O)c3nc(N[C@@H](C)c4cncc(F)c4)nc4ccsc34)C2)c(C)o1,7.5229
Nc1nc(-c2ccccc2)c(-c2ccc3ncccc3c2)nc1C(=O)NC(O)c1ccccn1,8.5086
C[C@@H](NC(=O)c1nc(-c2ccc3cccnc3c2)c(-c2ccccc2)nc1N)c1ccccn1,8.6021
C[C@H](NC(=O)c1nc(-c2ccc3cccnc3c2)c(-c2ccccc2)nc1N)c1ccccn1,8.4685
Nc1nc(-c2ccccc2)c(-c2ccc3ncccc3c2)nc1C(=O)NCCC1CCOCC1,7.7959
N#Cc1cccc(CNC(=O)c2nc(-c3ccc4ncccc4c3)c(-c3ccccc3)nc2N)n1,9.0969
N#Cc1cccc(-c2nc(N)cnc2-c2cc(Cl)c3ncccc3c2)c1,8.4318
N#Cc1cccc(-c2nc(N)cnc2-c2cc(Cl)c3ncccc3c2)c1F,8.5086
CC(NC(=O)c1nc(-c2cc(Cl)c3ncccc3c2)c(-c2ccn(C)n2)nc1N)c1ccccn1,8.7959
CC(NC(=O)c1nc(-c2cc(Cl)c3ncccc3c2)c(-c2ccc(F)cc2)nc1N)c1cccc(C#N)n1,8.8210
CC(NC(=O)c1nc(-c2cc(Cl)c3[nH]ncc3c2)c(-c2ccc(F)cc2)nc1N)c1ccccn1,9.0458
CC(C)(NC(=O)c1nc(-c2ccc3ncccc3c2)c(-c2ccccc2)nc1N)c1ccccn1,8.8861
C[C@H](NC(=O)c1nc(-c2ccc3ncccc3c2)c(-c2cccc(C#N)c2)nc1N)c1ccccn1,8.4202
C[C@H](NC(=O)c1nc(-c2ccc3ncccc3c2)c(-c2ccn(C)n2)nc1N)c1ccccn1,8.5376
C[C@H](NC(=O)c1nc(-c2ccc3ncccc3c2)c(-c2ccccc2)nc1N)c1cccc(C#N)n1,8.4089
C[C@H](NC(=O)c1nc(-c2cc(Cl)c3[nH]ncc3c2)c(-c2ccn(C)n2)nc1N)c1ccccn1,8.7959
C[C@H](NC(=O)c1nc(-c2cc(Cl)c3ncccc3c2)c(-c2ccccc2)nc1N)c1ccccn1,8.3279
CC(NC(=O)c1nc(-c2cc(Cl)c3ncccc3c2)c(-c2ccccc2)nc1N)c1cccc(C#N)n1,8.4559
C[C@@H](NC(=O)c1nc(-c2cc(Cl)c3ncccc3c2)c(-c2ccccc2)nc1N)c1cccc(C#N)n1,7.1938
C[C@H](NC(=O)c1nc(-c2cc(Cl)c3ncccc3c2)c(-c2ccccc2)nc1N)c1cccc(C#N)n1,8.6131
C[C@H](NC(=O)c1nc(-c2ccc3ncccc3c2)c(-c2cccc(C#N)c2)nc1N)c1cccc(C#N)n1,7.1831
C[C@H](NC(=O)c1nc(-c2ccc3[nH]ncc3c2)c(-c2ccn(C)n2)nc1N)c1cccc(C#N)n1,7.9208
CC(NC(=O)c1nc(-c2ccc3ncccc3c2)c(-c2ccccc2)nc1N)c1ncccn1,8.2882
CC(NC(=O)c1nc(-c2cc(Cl)c3ncccc3c2)c(-c2ccn(C)n2)nc1N)c1cccc(C#N)n1,8.9586
CC(NC(=O)c1nc(-c2cc(Cl)c3[nH]ncc3c2)c(-c2ccn(C)n2)nc1N)c1cccc(C#N)n1,8.4318
C[C@H](NC(=O)c1nc(-c2ccc3ncccc3c2)c(-c2ccccc2)nc1N)c1ncccn1,8.8099
C[C@@H](NC(=O)c1nc(-c2ccc3ncccc3c2)c(-c2ccccc2)nc1N)c1ncccn1,8.7447
CC(NC(=O)c1nc(-c2ccc3ncccc3c2)c(-c2ccn(C)n2)nc1N)c1cccc(C#N)n1,8.4089
CC(NC(=O)c1nc(-c2ccc3ncccc3c2)c(-c2ccn(C)n2)nc1N)c1ccccn1,8.3279
CC(NC(=O)c1nc(-c2ccc3ncccc3c2)c(-c2ccn(C)n2)nc1N)c1ncccn1,8.1367
Cc1cc(-c2c(-c3ccccc3)nc(N)n3cnnc23)cc(C(F)(F)F)n1,9.6383
Nc1nc(-c2ccccc2)c(-c2ccc3ncccc3c2)c2nncn12,10.1549
Cc1cc(-c2c(-c3ccccc3)nc(N)n3cnnc23)cc(Cl)n1,10.0969
Cc1cc(-c2c(-c3ccccc3)nc(N)n3cnnc23)cc2cccnc12,10.0458
Nc1nc(-c2ccccc2)c(-c2cc(F)c3[nH]ncc3c2)c2nncn12,9.8539
Nc1nc(-c2ccccc2)c(-c2cc(F)c3ncccc3c2)c2nncn12,9.7959
Cc1cc(-c2c(-c3ccc(C)o3)nc(N)n3cnnc23)cc(C(F)(F)F)n1,9.7447
Nc1nc(-c2ccccc2)c(-c2cc(C(F)(F)F)c3[nH]ncc3c2)c2nncn12,9.6021
Nc1nc(-c2ccccc2)c(-c2ccc3[nH]ncc3c2)c2nncn12,9.5850
Cc1cc(-c2c(-c3ccccc3)nc(N)n3cnnc23)cc(C)n1,9.8239
Cc1cc(-c2c(-c3ccccc3)nc(N)n3cnnc23)ccn1,9.2007
Cc1cc(-c2c(-c3ccc(Cl)cc3)nc(N)n3cnnc23)cc(C(F)(F)F)n1,8.8069
Cc1cc(-c2c(-c3ccc(F)cc3)nc(N)n3cnnc23)cc(Cl)n1,9.7696
Cc1cc(-c2c(-c3ccc(F)cc3)nc(N)n3cnnc23)cc(C(F)(F)F)n1,9.2007
Cc1cc(-c2c(-c3ccccc3)nc(N)n3ccnc23)cc(C(F)(F)F)n1,9.1249
Cc1cc(-c2c(-c3ccc(F)cc3F)nc(N)n3cnnc23)cc(C(F)(F)F)n1,9.1249
Cc1cc(-c2c(-c3ccccc3F)nc(N)n3cnnc23)cc(C)n1,9.0177
Cc1cc(-c2c(-c3ccc(F)cc3F)nc(N)n3cnnc23)cc(C(F)F)n1,8.6326
Cc1cc(-c2c(-c3ccccc3)nc(N)n3cc(C)nc23)cc(C)n1,8.6091
Nc1nc(-c2ccccc2)c(-c2cc(Cl)nc(C(F)(F)F)c2)c2nncn12,9.6383
Cc1cc(-c2c(-c3ccccc3)nc(N)n3ccnc23)cc(Cl)n1,9.5686
COc1cc(-c2c(-c3ccccc3)nc(N)n3cnnc23)cc(C)n1,9.4949
CCc1cc(-c2c(-c3ccccc3)nc(N)n3cnnc23)cc(C)n1,9.3768
Cc1cc(-c2c(-c3ccccc3F)nc(N)n3cnnc23)cc(Cl)n1,9.3010
Cc1cc(-c2c(-c3ccc(F)cc3)nc(N)n3cnnc23)cc(C)n1,9.2840
Cc1cc(-c2c(-c3cccc(F)c3)nc(N)n3cnnc23)cc(C(F)(F)F)n1,9.2596
Cc1cc(-c2c(-c3ccccc3)nc(N)n3cnnc23)cc(C2CC2)n1,9.1135
Cc1cc(-c2c(-c3ccccc3)nc(N)n3ccnc23)cc(C)n1,9.0315
Cc1cc(-c2c(-c3ccc(F)cc3)nc(N)n3ccnc23)cc(C)n1,9.0000
Cc1cc(-c2c(-c3ccccc3F)nc(N)n3cnnc23)cc(C(F)(F)F)n1,8.7520
Cc1cc(-c2c(-c3ccc(F)cc3F)nc(N)n3cnnc23)cc(Cl)n1,8.6904
Cc1ccc(-c2nc(N)n3cnnc3c2-c2cc(C)nc(Cl)c2)cc1,9.7447
Cc1cc(-c2c(-c3ccc(Cl)cc3)nc(N)n3cnnc23)cc(Cl)n1,8.4597
Nc1nc(-c2ccccc2)c(-c2ccncc2)c2nncn12,8.6757
Nc1nc(-c2ccccc2)c(-c2ccnc(Cl)c2)c2nncn12,8.6615
Cc1cc(-c2c(-c3ccc(F)cc3F)nc(N)n3cnnc23)cc(C)n1,8.7570
CC(C)n1cc(-c2c(-c3ccccc3)nc(N)n3cnnc23)ccc1=O,9.6990
Cc1cc(-c2c(-c3ccc(Cl)cc3F)nc(N)n3cnnc23)cc(Cl)n1,8.4498
Cc1cc(-c2c(-c3ccc(F)cc3)nc(N)n3cnnc23)cc(C(F)F)n1,9.4437
Cc1cc(-c2c(-c3ccc(Cl)cc3)nc(N)n3cnnc23)cc(C(F)F)n1,9.3188
Cc1cc(-c2c(-c3ccc(Cl)cc3)nc(N)n3cnnc23)cc(CF)n1,9.4559
Cc1cc(-c2c(-c3ccc(Cl)cc3)nc(N)n3cnnc23)cc(C)n1,9.3188
Cc1cc(-c2c(-c3ccc(F)cc3)nc(N)n3cnnc23)cc(CF)n1,8.9830
Cc1cc(-c2c(-c3ccccc3F)nc(N)n3cnnc23)cc(C(F)F)n1,8.7747
Cc1cc(-c2c(-c3ccccc3F)nc(N)n3cnnc23)cc(CF)n1,8.5867
Cc1cc(-c2c(-c3ccc(Cl)cc3F)nc(N)n3cnnc23)cc(C(F)F)n1,8.5157
COc1cc2nc(N)n3nc([C@@H]4CCCN(c5ncn(CC(C)(C)O)n5)C4)nc3c2cc1F,8.1249
COc1cc2nc(N)n3nc([C@@H]4CCCN(c5cnn(C)c5)C4)nc3c2cc1F,8.5654
COc1cc2nc(N)n3nc([C@@H]4CCCN(c5cnn(C(C)(C)C)c5)C4)nc3c2cc1F,8.8239
COc1cc2nc(N)n3nc([C@@H]4CCCN(c5cnn(C(C)C)c5)C4)nc3c2cc1F,8.3372
COc1cc2nc(N)n3nc([C@@H]4CCCN(c5cnn(CC(F)(F)F)c5)C4)nc3c2cc1F,8.4815
COc1cc2nc(N)n3nc([C@@H]4CCCN(c5cnn(CC(C)(C)O)c5)C4)nc3c2cc1F,8.4318
COc1cc2nc(N)n3nc([C@@H]4CCCN(c5cnn(CC(C)(C)O)c5C)C4)nc3c2cc1F,8.3468
COc1cc2nc(N)n3nc([C@@H]4CCCN(c5cn(CC(C)(C)O)nc5C)C4)nc3c2cc1F,9.3010
COc1cc2nc(N)n3nc([C@@H]4CCCN(c5cnn(CC6(O)CCC6)c5)C4)nc3c2cc1F,8.4559
COc1cc2nc(N)n3nc([C@@H]4CCCN(c5cn(C(C)(C)CO)nc5C)C4)nc3c2cc1F,9.3010
COc1cc2nc(N)n3nc([C@@H]4CCCN(c5cnn(C(C)C(C)(C)O)c5)C4)nc3c2cc1F,8.9622
COc1cc2nc(N)n3nc([C@@H]4CCCN(c5cnn([C@H]6C[C@@](C)(O)C6)c5)C4)nc3c2cc1F,8.5229
COc1cc2nc(N)n3nc([C@@H]4CCCN(c5cnn(CC6(C)COC6)c5)C4)nc3c2cc1F,7.4157
COc1cc2nc(N)n3nc([C@@H]4CCCN(c5cnn(C6CCOCC6)c5C)C4)nc3c2cc1F,9.0969
COc1cc2nc(N)n3nc([C@@H]4CCCN(c5cn(C6CCOCC6)nc5C)C4)nc3c2cc1F,8.7696
COc1cc2nc(N)n3nc([C@@H]4CCCN(c5cnn(C6CCOCC6)c5C(F)F)C4)nc3c2cc1F,9.1549
COc1cc2nc(N)n3nc([C@@H]4CCCN(c5cn(C6CCOCC6)nc5C(F)F)C4)nc3c2cc1F,9.1549
CCn1cc(N2CCC[C@@H](c3nc4c5cc(F)c(OC)cc5nc(N)n4n3)C2)c(CO)n1,8.2366
COc1cc2nc(N)n3nc([C@@H]4CCCN(c5cn(CC(C)(C)O)nc5C5CC5)C4)nc3c2cc1F,9.5229
COc1cc2nc(N)n3nc([C@@H]4CCCN(c5ccc(OC(F)F)nc5)C4)nc3c2cc1F,8.0655
COc1cc2nc(N)n3nc([C@@H]4CCCN(c5ccc(OC(C)C)nc5)C4)nc3c2cc1F,8.6990
COc1cc2nc(N)n3nc([C@@H]4CCCN(c5cnc(OC(F)F)c(C)c5)C4)nc3c2cc1F,7.8601
COc1cc2nc(N)n3nc([C@@H]4CCCN(c5cc(C)c(=O)n(C(F)F)c5)C4)nc3c2cc1F,9.2218
COc1ccc(N2CCC[C@@H](c3nc4c5cc(F)c(OC)cc5nc(N)n4n3)C2)cn1,8.4089
COc1cc2nc(N)n3nc([C@@H]4CCCN(c5nc(C)n(CC(C)(C)O)n5)C4)nc3c2cc1F,8.7447
COc1cc(F)cc2c1nc(N)n1nc([C@@H]3CCCN(c4cnn(CC(C)(C)O)c4)C3)nc21,8.5528
COc1cc(F)cc2c1nc(N)n1nc([C@@H]3CCCN(c4cnn(CC(C)(C)O)c4C)C3)nc21,8.8239
COc1cc(F)cc2c1nc(N)n1nc([C@@H]3CCCN(c4cn(CC(C)(C)O)nc4C)C3)nc21,9.3979
COc1cc(F)cc2c1nc(N)n1nc([C@@H]3CCCN(c4cnn(CC5(O)CCC5)c4)C3)nc21,8.7696
COc1cc(F)cc2c1nc(N)n1nc([C@@H]3CCCN(c4cnn(C(C)(C)CO)c4)C3)nc21,9.3010
COc1cc(F)cc2c1nc(N)n1nc([C@@H]3CCCN(c4ccc(OC(F)F)nc4)C3)nc21,8.4437
COc1ccc(N2CCC[C@@H](c3nc4c5cc(F)cc(OC)c5nc(N)n4n3)C2)cn1,8.8539
COc1cc(F)cc2c1nc(N)n1nc([C@@H]3CCCN(c4ccc(OC(C)C)nc4)C3)nc21,9.2218
COc1cc(F)cc2c1nc(N)n1nc([C@@H]3CCCN(c4ncn(CC(C)(C)O)n4)C3)nc21,8.7959
COc1cc(F)cc2c1nc(N)n1nc([C@@H]3CCCN(c4nc(C)n(CC(C)(C)O)n4)C3)nc21,8.9586
COc1cc2nc(N)n3nc([C@@H]4CCN(c5cnn(CC6(O)CCC6)c5)C4)nc3c2cc1F,7.7721
COc1cc(F)cc2c1nc(N)n1nc(C3CCCCN(c4cnn(CC(C)(C)O)c4)C3)nc21,8.9586
COc1cc2nc(N)n3nc(C4CCC(C)N(c5cnn(CC6(O)CCC6)c5)C4)nc3c2cc1F,8.9208
COc1cc2nc(N)n3nc(C4CCC(C)N(c5cnn(CC(C)(C)O)c5C)C4)nc3c2cc1F,8.3292
COc1cc2nc(N)n3nc(C4CCC(C)N(c5cn(CC(C)(C)O)nc5C)C4)nc3c2cc1F,7.8610
COc1cc2nc(N)n3nc(C4CCC(C)N(c5cnn(C(C)(C)C(C)(C)O)c5)C4)nc3c2cc1F,9.1549
COc1cc2nc(N)n3nc(C4CCC(C)N(c5cnn(C6CCOCC6)c5)C4)nc3c2cc1F,8.8861
COc1cc2nc(N)n3nc(C4CCC(C)N(c5cnn(C6CCOCC6)c5C)C4)nc3c2cc1F,8.7447
COc1cc2nc(N)n3nc(C4CCC(C)N(c5cn(C6CCOCC6)nc5C)C4)nc3c2cc1F,9.2218
COc1cc2nc(N)n3nc(C4CCC(C)N(c5cnn(CC6(CF)COC6)c5)C4)nc3c2cc1F,8.0862
COc1cc2nc(N)n3nc(C4CCC(C)N(c5cnn(C(C)C(C)(C)O)c5)C4)nc3c2cc1F,9.2218
COc1cc2nc(N)n3nc([C@@H]4CC[C@H](C)N(c5cnn(C(C)C(C)(C)O)c5)C4)nc3c2cc1F,9.5229
COc1cc2nc(N)n3nc([C@H]4CC[C@@H](C)N(c5cn(CC6(O)CCC6)nc5C)C4)nc3c2cc1F,7.7375
COc1cc2nc(N)n3nc([C@@H]4CC[C@H](C)N(c5cn(CC6(O)CCC6)nc5C)C4)nc3c2cc1F,7.6778
COc1cc2nc(N)n3nc(C4CC(F)CN(c5cnn(CC6(O)CCC6)c5)C4)nc3c2cc1F,8.4815
COc1cc2nc(N)n3nc(C4CC(F)CN(c5cnn(CC(C)(C)O)c5)C4)nc3c2cc1F,7.9747
COc1cc2nc(N)n3nc(C4CC(F)CN(c5cnn(C6CCOCC6)c5)C4)nc3c2cc1F,7.9593
COc1cc2nc(N)n3nc(C45CC4CN(c4cnn(CC6(O)CCC6)c4)C5)nc3c2cc1F,7.3161
COc1cc2nc(N)n3nc(C45CC4CN(c4cnn(CC(C)(C)O)c4)C5)nc3c2cc1F,7.8665
COc1cc2nc(N)n3nc([C@H]4CCCCN(c5cnn(CC(C)(C)O)c5)C4)nc3c2cc1F,7.5031
COc1cc2nc(N)n3nc([C@@H]4CCCCN(c5cnn(CC(C)(C)O)c5)C4)nc3c2cc1F,8.3010
COc1cc2nc(N)n3nc(C4(F)CCN(c5cnn(CC(C)(C)O)c5)C4)nc3c2cc1F,6.7259
COc1cc2nc(N)n3nc([C@@H]4CCCN(c5ncn(C(C)C(C)(C)O)n5)C4)nc3c2cc1F,8.9604
COc1cc2nc(N)n3nc(C4CN(c5cnn(CC(C)(C)O)c5)CCC4C)nc3c2cc1F,9.2218
COc1ccc(CNc2nc3c(OC)cc(F)cc3c3nc([C@H]4C[C@@H](F)CN(c5cnn(CC(C)(C)O)c5)C4)nn23)c(OC)c1,6.7423
COc1ccc(CNc2nc3c(OC)cc(F)cc3c3nc([C@@H]4C[C@H](F)CN(c5cnn(CC(C)(C)O)c5)C4)nn23)c(OC)c1,8.5850
COc1cc(F)cc2c1nc(N)n1nc(C3CC(F)CN(c4cn(CC(C)(C)O)nc4C)C3)nc21,8.3352
COc1cc(F)cc2c1nc(N)n1nc(C3CC(F)CN(c4cnn(CC5(O)CCC5)c4)C3)nc21,8.2474
COc1ccc(CNc2nc3c(OC)cc(F)cc3c3nc([C@@H]4C[C@@H](F)CN(c5cnn(CC(C)(C)O)c5)C4)nn23)c(OC)c1,9.0458
COc1ccc(CNc2nc3c(OC)cc(F)cc3c3nc([C@H]4C[C@H](F)CN(c5cnn(CC(C)(C)O)c5)C4)nn23)c(OC)c1,7.2449
COc1cc2nc(N)n3nc([C@@H]4C[C@@H](F)CN(c5cnn(CC(C)(C)O)c5)C4)nc3c2cc1F,7.9355
COc1cc2nc(N)n3nc([C@H]4C[C@H](F)CN(c5cnn(CC(C)(C)O)c5)C4)nc3c2cc1F,6.9172
COc1cc2nc(N)n3nc([C@@H]4CCCN(c5cnn(C6CCC[C@]6(C)O)c5)C4)nc3c2cc1F,8.3098
COc1cc2nc(N)n3nc([C@@H]4CCCN(c5cnn(C6CCC[C@@]6(C)O)c5)C4)nc3c2cc1F,8.5686
COc1cc2nc(N)n3nc([C@@H]4CCCN(c5cnn(C6CCCC6O)c5)C4)nc3c2cc1F,8.4611
COc1cc(F)cc2c1nc(N)n1nc([C@@H]3CCCN(c4cn(C(C)C(C)(C)O)nc4C)C3)nc21,9.4604
COc1cc2nc(N)n3nc([C@@H]4CC[C@H](C)N(c5cnn(C6CCCC6O)c5)C4)nc3c2cc1F,10.0000
COc1cc2nc(N)n3nc([C@H]4CC[C@@H](C)N(c5cnn(C6CCCC6O)c5)C4)nc3c2cc1F,9.6990
COc1cc2nc(N)n3nc([C@H]4C[C@@H](C)CN(C5=NC(CC(C)(C)O)N=C5)C4)nc3c2cc1F,8.9208
COc1cc2nc(N)n3nc([C@@H]4C[C@H](C)CN(C5=NC(CC(C)(C)O)N=C5)C4)nc3c2cc1F,7.3497
COc1cc2nc(N)n3nc([C@@H]4CCCN(c5cnn(CCCC(C)=O)c5)C4)nc3c2cc1F,8.2366
COc1cc2nc(N)n3nc([C@@H]4CCCN(c5cnn(CCC[C@H](C)O)c5)C4)nc3c2cc1F,8.1079
COc1cc2nc(N)n3nc([C@@H]4CCCN(c5cnn(CCC[C@@H](C)O)c5)C4)nc3c2cc1F,6.6882
COc1cc2nc(N)n3nc([C@H]4CC[C@@H](C)N(c5cnn(C6CCC(C)(O)CC6)c5)C4)nc3c2cc1F,9.1549
COc1cc2nc(N)n3nc([C@@H]4CC[C@H](C)N(c5cnn(C6CCC(C)(O)CC6)c5)C4)nc3c2cc1F,9.2218
COc1cc2nc(N)n3nc([C@@H]4CCCN(c5cnn(C6CC[C@]6(C)O)c5)C4)nc3c2cc1F,9.0458
COc1cc2nc(N)n3nc([C@@H]4CCCN(c5cnn(C6CC[C@@]6(C)O)c5)C4)nc3c2cc1F,8.3565
COc1cc(F)cc2c(NNC(=O)C3CCCN(c4cnn(C)c4)C3)nc(N)nc12,8.8539
Cn1cc(N2CCCC(c3nc4c5cc(F)c(F)cc5nc(N)n4n3)C2)cn1,7.4855
Cn1cc(N2CCCC(c3nc4c5cc(F)ccc5nc(N)n4n3)C2)cn1,6.9830
Cn1cc(N2CCCC(c3nc4c5cc(F)cc(F)c5nc(N)n4n3)C2)cn1,9.3010
COc1cc(Cl)cc2c1nc(N)n1nc(C3CCCN(c4cnn(C)c4)C3)nc21,7.7520
Cc1cc(Cl)cc2c1nc(N)n1nc(C3CCCN(c4cnn(C)c4)C3)nc21,6.4828
Cn1cc(N2CCCC(c3nc4c5cc(Cl)ccc5nc(N)n4n3)C2)cn1,6.5003
Cn1cc(N2CCCC(c3nc4c5c(F)c(F)ccc5nc(N)n4n3)C2)cn1,6.8962
COc1cc2nc(N)n3nc([C@@H]4CC[C@H](C)N(c5cnn(CC(C)(C)O)c5)C4)nc3c2cc1F,9.1549
C[C@H]1CC[C@@H](c2nc3c4cc(F)c(Cl)cc4nc(N)n3n2)CN1c1cnn(CC(C)(C)O)c1,9.6990
C[C@H]1CC[C@@H](c2nc3c4cc(F)cc(F)c4nc(N)n3n2)CN1c1cnn(CC(C)(C)O)c1,9.1549
Cc1cc2nc(N)n3nc([C@@H]4CC[C@H](C)N(c5cnn(CC(C)(C)O)c5)C4)nc3c2cc1F,9.3979
Cn1cc(N2CCC[C@@H](c3nc4c5cc(Cl)cc(Cl)c5nc(N)n4n3)C2)cn1,7.2358
COc1cc(F)cc2c1nc(N)n1nc(C3CCC(C)N(c4cn(CC(C)(C)O)nc4C)C3)nc21,7.2958
COc1cc(F)cc2c1nc(N)n1nc([C@@H]3CC[C@@H](C)N(c4cn(CC(C)(C)O)nc4C)C3)nc21,8.5376
COc1cc(F)cc2c1nc(N)n1nc([C@H]3CC[C@H](C)N(c4cn(CC(C)(C)O)nc4C)C3)nc21,6.6840
COc1cc(F)cc2c1nc(N)n1nc([C@@H]3CC[C@H](C)N(c4cn(CC(C)(C)O)nc4C)C3)nc21,9.6990
COc1cc(F)cc2c1nc(N)n1nc(C3CCC(C)N(c4cnn(CC(C)(C)O)c4)C3)nc21,8.0043
COc1cc(F)cc2c1nc(N)n1nc(C3CCC(C)N(c4cnn(C(C)(C)CO)c4)C3)nc21,8.2932
COc1cc2nc(N)n3nc(C4CCC(C)N(c5cnn(C(C)(C)CO)c5)C4)nc3c2cc1F,8.5850
COc1cc2nc(N)n3nc([C@@H]4CCCN(c5cn(CS(C)(=O)=O)nc5C)C4)nc3c2cc1F,8.3872
COc1cc2nc(N)n3nc([C@H]4CCCN(c5cn(CS(C)(=O)=O)nc5C)C4)nc3c2cc1F,8.9208
COc1cc2nc(N)n3nc([C@@H]4CCCN(c5cnn(CS(C)(=O)=O)c5)C4)nc3c2cc1F,7.9281
COc1cc2nc(N)n3nc([C@@H]4CCCN(c5cn(CS(C)(=O)=O)nc5C(F)F)C4)nc3c2cc1F,8.1739
COc1cc(F)cc2c1nc(N)n1nc(C3(F)CCCN(c4cnn(CC(C)(C)O)c4)C3)nc21,7.6366
CCC1CCC(c2nc3c4cc(F)c(OC)cc4nc(N)n3n2)CN1c1cnn(CC(C)(C)O)c1,7.8651
COc1cc2nc(N)n3nc(C4CCCN(c5cnn(CC(C)(C)O)c5)C4=O)nc3c2cc1F,7.7747
COc1cc2nc(N)n3nc([C@H]4CN(c5cn(CC(C)(C)O)nc5C)CCO4)nc3c2cc1F,9.0969
COc1cc2nc(N)n3nc([C@@H]4CN(c5cn(CC(C)(C)O)nc5C)CCO4)nc3c2cc1F,7.6180
COc1cc2nc(F)n3nc([C@H]4CN(c5cn(CC(C)(C)O)nc5C)CCS4(=O)=O)nc3c2cc1F,6.0070
CCn1cc([C@@]2(O)CCCC(c3nc4c5cc(F)c(OC)cc5nc(N)n4n3)C2)cn1,7.5462
CCn1cc([C@]2(O)CCCC(c3nc4c5cc(F)c(OC)cc5nc(N)n4n3)C2)cn1,7.4026
COc1cccc2c1nc(N)n1nc(C3CCCC(O)(c4cnn(CC(C)(C)O)c4)C3)nc21,8.8539
COc1cc2nc(N)n3nc([C@@H]4CCCN(c5cnn(C(C)(C)CO)c5)C4)nc3c2cc1F,8.4202
COc1cc2nc(N)n3nc([C@@H]4CCCN(c5cnn(CCC(C)(C)O)c5)C4)nc3c2cc1F,8.2291
CC(C)(O)Cn1cc(N2CCC[C@@H](c3nc4c5cc(F)c(OC(F)F)cc5nc(N)n4n3)C2)cn1,8.1308
Cc1nn(CC(C)(C)O)cc1N1CCC[C@@H](c2nc3c4cc(F)c(OC(F)F)cc4nc(N)n3n2)C1,8.9208
COc1cc2nc(N)n3nc(C4CC(C)CN(c5cn(C(C)(C)CO)nc5C)C4)nc3c2cc1F,7.6216
COc1cc2nc(N)n3nc(C4CC(C)CN(c5cnn(C(C)(C)CO)c5)C4)nc3c2cc1F,8.0223
COc1cc2nc(N)n3nc([C@H]4C[C@@H](C)CN(c5cn(CC(C)(C)O)nc5C)C4)nc3c2cc1F,7.4763
COc1cc2nc(N)n3nc([C@@H]4C[C@H](C)CN(c5cn(CC(C)(C)O)nc5C)C4)nc3c2cc1F,8.9586
COc1cc(F)cc2c1nc(N)n1nc(C3CC(C)CN(c4cnn(CC(C)(C)O)c4)C3)nc21,8.5302
COc1cc2nc(N)n3nc(C4CC(C)CN(c5cn(CC(C)(C)O)nc5C)C4)nc3c2cc1F,8.2825
CC1CC(c2nc3c4cc(F)cc(F)c4nc(N)n3n2)CN(c2cnn(CC(C)(C)O)c2)C1,7.6198
COc1cc(F)cc2c1nc(N)n1nc(C3CC(C)CN(c4cnn(C(C)(C)CO)c4)C3)nc21,8.3979
Cc1nn(CC(C)(C)O)cc1N1CC(C)CC(c2nc3c4cc(F)cc(F)c4nc(N)n3n2)C1,8.4217
COc1cc(F)cc2c1nc(N)n1nc(C3CC(C)CN(c4cnn(CC(C)(C)O)c4C)C3)nc21,8.4529
COc1cc(F)cc2c1nc(N)n1nc(C3CC(C)CN(c4cn(C(C)(C)CO)nc4C)C3)nc21,8.2829
Cc1nn(C(C)(C)CO)cc1N1CC(C)CC(c2nc3c4cc(F)cc(F)c4nc(N)n3n2)C1,8.0172
CC1CC(c2nc3c4cc(F)cc(F)c4nc(N)n3n2)CN(c2cnn(C(C)(C)CO)c2)C1,7.8328
CCC(C)(O)Cn1cc(N2CCC[C@@H](c3nc4c5cc(F)c(OC)cc5nc(N)n4n3)C2)cn1,8.5044
COc1cc(F)cc2c1nc(N)n1nc([C@@H]3CCCN(c4cnn(C(C)C(C)O)c4)C3)nc21,8.9062
COc1cc2nc(N)n3nc([C@@H]4CCCN(c5cnn(C(C)C(C)O)c5)C4)nc3c2cc1F,8.6021
COc1cc(F)cc2c1nc(N)n1nc([C@@H]3CCCN(c4cn(C(C)C(C)O)nc4C)C3)nc21,9.1990
Cc1nn(C(C)C(C)O)cc1N1CCC[C@@H](c2nc3c4cc(F)cc(F)c4nc(N)n3n2)C1,9.0713
COc1cc(F)cc2c1nc(N)n1nc([C@@H]3CCCN(c4cnn(C(C)C(C)O)c4C)C3)nc21,8.8278
COc1cc2nc(N)n3nc([C@@H]4CCCN(c5cnn(C(C)C(C)O)c5C)C4)nc3c2cc1F,8.4502
CC(O)C(C)n1cc(N2CCC[C@@H](c3nc4c5cc(F)cc(F)c5nc(N)n4n3)C2)cn1,8.1537
COc1cc(F)cc2c1nc(N)n1nc(C3CC(C)CN(c4cn(C(C)(C)C(C)O)nc4C)C3)nc21,8.1549
COc1cc2nc(N)n3nc(C4CC(C)CN(c5cnn(C(C)C(C)O)c5)C4)nc3c2cc1F,8.4727
Cc1nn(C(C)C(C)O)cc1N1CC(C)CC(c2nc3c4cc(F)cc(F)c4nc(N)n3n2)C1,8.1073
Cc1c(N2CC(C)CC(c3nc4c5cc(F)cc(F)c5nc(N)n4n3)C2)cnn1C(C)C(C)O,7.7928
COc1cc(F)cc2c1nc(N)n1nc(C3CC(C)CN(c4cnn(C(C)C(C)O)c4C)C3)nc21,8.4226
COc1cc(F)cc2c1nc(N)n1nc(C3CC(C)CN(c4cn(C(C)C(C)O)nc4C)C3)nc21,8.5762
COc1cc2nc(N)n3nc([C@H]4CC[C@@H](C)N(c5cnn(C(C)C(C)O)c5)C4)nc3c2cc1F,9.0969
COc1cc2nc(N)n3nc([C@@H]4CC[C@@H](C)N(c5cnn(C(C)C(C)O)c5)C4)nc3c2cc1F,9.0000
COc1cc2nc(N)n3nc([C@H]4CC[C@H](C)N(c5cnn(C(C)C(C)O)c5)C4)nc3c2cc1F,7.4828
COc1cc2nc(N)n3nc([C@@H]4CC[C@H](C)N(c5cnn(C(C)C(C)O)c5)C4)nc3c2cc1F,6.9136
CC(O)C(C)n1cc(N2CC(c3nc4c5cc(F)cc(F)c5nc(N)n4n3)CCC2C)cn1,8.1079
COc1cc2nc(N)n3nc(C4CCC(C)N(c5cnn(C(C)C(C)O)c5)C4)nc3c2cc1F,8.3308
COc1cc2nc(N)n3nc(C4CCC(C)N(c5cnn(CC(C)O)c5)C4)nc3c2cc1F,8.9034
COc1cc2nc(N)n3nc([C@@H]4CCCN(c5cnn(C(C)(C)C(C)O)c5)C4)nc3c2cc1F,8.6990
COc1cc2nc(N)n3nc([C@H]4CCCN(c5cnn(C(C)(C)C(C)O)c5)C4)nc3c2cc1F,8.5850
COc1cc(F)cc2c1nc(N)n1nc([C@@H]3CCCN(c4cnn(C(C)(C)C(C)O)c4)C3)nc21,8.8724
CC(O)C(C)(C)n1cc(N2CCC[C@@H](c3nc4c5cc(F)cc(F)c5nc(N)n4n3)C2)cn1,8.4208
C[C@@H]1CC[C@H](c2nc3c4cc(F)cc(F)c4nc(N)n3n2)CN1c1cnn(C(C)(CO)CO)c1,8.8539
C[C@H]1CC[C@@H](c2nc3c4cc(F)cc(F)c4nc(N)n3n2)CN1c1cnn(C(C)(CO)CO)c1,7.5702
COc1cc2nc(N)n3nc(C4CCC(C)N(c5cnn(C(C)(CO)CO)c5)C4)nc3c2cc1F,8.2792
COc1cc2nc(N)n3nc(C4CCC(C)N(c5cnn(CC(C)(O)CO)c5)C4)nc3c2cc1F,7.8037
CC1CCC(c2nc3c4cc(F)cc(F)c4nc(N)n3n2)CN1c1cnn(CC(C)(O)CO)c1,7.6281
CC1CCC(c2nc3c4cc(F)cc(F)c4nc(N)n3n2)CN1c1cnn(CC(C)(CO)CO)c1,7.9160
COc1cc2nc(N)n3nc(C4CCC(C)N(c5cnn(CC(C)(C)N)c5)C4)nc3c2cc1F,8.1213
COc1cc2nc(N)n3nc(C4CCC(C)N(c5cnn(C(C)(C)C(C)O)c5)C4)nc3c2cc1F,7.8577
COc1cc(F)cc2c1nc(N)n1nc(C3CCC(C)N(c4cnn(C(C)(C)C(C)O)c4)C3)nc21,8.6024
COc1cc2nc(N)n3nc(C4CCC(C)N(c5cnn(CC6(O)CC6)c5)C4)nc3c2cc1F,8.1407
COc1cc2nc(N)n3nc(C4CC(C)CN(c5cnn(CC(C)(C)O)c5C)C4)nc3c2cc1F,8.4809
C[C@](C(=O)NCC1(O)COC1)(c1ccccc1)n1ncc2c1nc(N)n1nc(-c3ccco3)nc21,8.9208
C[C@](C(=O)N[C@@H]1CCC[C@@H]1O)(c1ccccc1)n1ncc2c1nc(N)n1nc(-c3ccco3)nc21,8.6576
Nc1nc2c(cnn2[C@H](C(=O)NCC2(O)COC2)c2ccccc2)c2nc(-c3ccco3)nn12,8.7696
CC1(O)CCC(NC(=O)[C@@](C)(c2ccccc2)n2ncc3c2nc(N)n2nc(-c4ccco4)nc32)CC1,8.7959
C[C@](C(=O)NC1CCC(O)CC1)(c1ccccc1)n1ncc2c1nc(N)n1nc(-c3ccco3)nc21,8.7959
CC(NC(=O)c1nc(-c2ccc(=O)n(C)n2)c(-c2ncco2)nc1N)c1c(F)cccc1F,8.2840
CN(C)CCc1c[nH]c2cccc(O)c12,5.6990
COc1cc(C(F)(F)F)c(OC)cc1C1CCCNC1,5.8539
Cc1cc(-c2c(-c3cnc4c(c3)CCN4)nc(N)n3ccnc23)cc(C)n1,6.2596
Cc1cc(-c2c(-c3ccccc3)nc(N)n3c(CN4CCOCC4)cnc23)cc(C)n1,7.2596
Nc1nc(-c2ccncc2)c(-c2ccncc2)c2nccn12,7.2596
Cc1occc1-c1nc(N)n2ccnc2c1-c1ccncc1,7.2596
Nc1nc(-c2ccccc2F)c(-c2ccncc2)c2nccn12,7.2596
Nc1nc(-c2cc3ccccc3o2)c(-c2ccncc2)c2nccn12,6.2596
Cc1cc(-c2c(-c3cnn(C)c3)nc(N)n3ccnc23)ccn1,7.2596
CCOC(=O)c1cn2c(N)nc(-c3ccccc3)c(-c3ccnc(C)c3)c2n1,7.2596
COC(=O)c1cc(-c2cn3c(N)nc(-c4ccccc4)c(-c4ccncc4)c3n2)on1,7.2596
CCOc1ccc(-c2cnc3c(-c4ccnc(C)c4)c(-c4ccccc4)nc(N)n23)cc1,7.2596
CCNC(=O)c1nc2c(-c3ccnc(OC)c3)c(-c3cccc(C#N)c3)nc(N)n2c1C,7.2596
CCNC(=O)c1cn2c(NCC)nc(-c3ccccc3)c(-c3cc(C)nc(C)c3)c2n1,7.2596
CCNC(=O)c1cn2c(N)nc(-c3cccc(C#N)c3)c(C3CC3)c2n1,7.2596
CCCCC#Cc1nc(N)c2ncn([C@@H]3C=C[C@@H](O)[C@H]3O)c2n1,6.8761
CCCCC#Cc1nc(N)c2ncn([C@@H]3CC[C@@H](O)[C@H]3O)c2n1,6.4023
CCCCC#Cc1nc(N)c2nc(Br)n([C@H]3[C@H](O)[C@H](O)[C@@H]4C[C@@H]43)c2n1,7.3288
CCCCC#Cc1nc(N)c2nc(-c3ccco3)n([C@H]3[C@H](O)[C@H](O)[C@@H]4C[C@@H]43)c2n1,8.3565
CCCCC#Cc1nc(N)c2nc(-c3cccs3)n([C@H]3[C@H](O)[C@H](O)[C@@H]4C[C@@H]43)c2n1,7.8697
CCCCC#Cc1nc(N)c2nc(-c3ccccc3)n([C@H]3[C@H](O)[C@H](O)[C@@H]4C[C@@H]43)c2n1,7.2676
CCCCC#Cc1ccc(-c2nc3c(N)nc(C#CCCCC)nc3n2[C@H]2[C@H](O)[C@H](O)[C@@H]3C[C@@H]32)cc1,7.0716
Nc1nc(NCCN2CCN(c3ccccc3)CC2)nc2sc(-c3ccco3)nc12,8.0970
Cc1nc(N)c(C#N)c(-c2ccccc2)c1C,6.2596
N#Cc1c(N)nc2c(c1-c1ccccc1)CCC2,5.8041
N#Cc1c(-c2cccc(Br)c2)cc(-c2ccccc2)nc1N,5.4547
N#Cc1c(N)nc(N2CCCC2)c(C#N)c1-c1ccccc1,6.3768
N#Cc1c(N)nc(N2CCCCC2)c(C#N)c1-c1ccccc1,6.6576
N#Cc1c(N)nc(N2CCC(F)CC2)c(C#N)c1-c1ccccc1,5.6459
N#Cc1c(N)nc(N2CCOCC2)c(C#N)c1-c1ccccc1,5.9172
Cc1c(C#N)c(N)nc(N2CCCCC2)c1C#N,6.5686
N#Cc1c(N)nc(N2CCCCC2)c(C#N)c1-c1ccc2ccccc2c1,5.7773
Cc1ccccc1-c1c(C#N)c(N)nc(N2CCCCC2)c1C#N,6.2218
Cc1cccc(-c2c(C#N)c(N)nc(N3CCCCC3)c2C#N)c1,6.6021
Cc1ccc(-c2c(C#N)c(N)nc(N3CCCCC3)c2C#N)cc1,6.0177
N#Cc1c(N)nc(N2CCCCC2)c(C#N)c1-c1ccccc1Cl,6.3098
N#Cc1c(N)nc(N2CCCCC2)c(C#N)c1-c1cccc(Cl)c1,6.1549
N#Cc1c(N)nc(N2CCCCC2)c(C#N)c1-c1ccc(Cl)cc1,5.4949
COc1ccccc1-c1c(C#N)c(N)nc(N2CCCCC2)c1C#N,6.1938
COc1cccc(-c2c(C#N)c(N)nc(N3CCCCC3)c2C#N)c1,6.8239
N#Cc1c(N)nc(N2CCCCC2)c(C#N)c1-c1cccc(O)c1,6.0088
N#Cc1c(N)nc(N2CCCCC2)c(C#N)c1-c1cccc(Oc2ccccc2)c1,6.5086
N#Cc1c(N)nc(N2CCCCC2)c(C#N)c1-c1cccc(OCc2ccccc2)c1,6.0862
COC(=O)c1cccc(-c2c(C#N)c(N)nc(N3CCCCC3)c2C#N)c1,6.9208
N#Cc1c(N)nc(N2CCCCC2)c(C#N)c1-c1cccc(F)c1,5.9469
N#Cc1c(N)nc(N2CCCCC2)c(C#N)c1-c1cccc(Br)c1,5.9830
N#Cc1c(N)nc(N2CCCCC2)c(C#N)c1-c1cccc(-c2ccccc2)c1,7.0458
N#Cc1c(N)nc(N2CCCCC2)c(C#N)c1-c1cccc([N+](=O)[O-])c1,6.3665
N#Cc1cccc(-c2c(C#N)c(N)nc(N3CCCCC3)c2C#N)c1,5.9706
C#Cc1cccc(-c2c(C#N)c(N)nc(N3CCCCC3)c2C#N)c1,8.0000
Cc1cc(C)cc(-c2c(C#N)c(N)nc(N3CCCCC3)c2C#N)c1,5.8928
N#Cc1c(N)nc(N2CCCCC2)c(C#N)c1-c1cccc(Cl)c1F,6.4647
N#Cc1c(N)nc(N2CCCCC2)c(C#N)c1-c1ccc(F)c(Cl)c1,6.2226
N#Cc1c(N)nc(N2CCCCC2)c(C#N)c1-c1cc(F)cc(Cl)c1,6.4191
N#Cc1c(N)nc(N2CCCCC2)c(C#N)c1-c1cc(Cl)ccc1F,6.6840
N#Cc1c(N)nc(N2CCCCC2)c(C#N)c1-c1cccc(-c2ccccc2F)c1,6.7959
N#Cc1c(N)nc(N2CCCCC2)c(C#N)c1-c1cccc(-c2cccc(F)c2)c1,6.7212
N#Cc1c(N)nc(N2CCCCC2)c(C#N)c1-c1cccc(-c2ccc(F)cc2)c1,5.8962
Cc1ccccc1-c1cccc(-c2c(C#N)c(N)nc(N3CCCCC3)c2C#N)c1,6.5376
Cc1cccc(-c2cccc(-c3c(C#N)c(N)nc(N4CCCCC4)c3C#N)c2)c1,6.6778
Cc1ccc(-c2cccc(-c3c(C#N)c(N)nc(N4CCCCC4)c3C#N)c2)cc1,5.7670
N#Cc1c(N)nc(N2CCCCC2)c(C#N)c1-c1cccc(-c2ccccn2)c1,7.8239
N#Cc1c(N)nc(N2CCCCC2)c(C#N)c1-c1cccc(-c2cccnc2)c1,8.0458
N#Cc1c(N)nc(N2CCCCC2)c(C#N)c1-c1cccc(-c2ccncc2)c1,6.5850
N#Cc1c(N)nc(N2CCCCC2)c(C#N)c1-c1cccc(-c2cccs2)c1,7.2596
N#Cc1c(N)nc(N2CCCCC2)c(C#N)c1-c1cccc(-c2ccsc2)c1,6.8239
N#Cc1c(N)nc(N2CCCCC2)c(C#N)c1-c1cccc(-c2cc[nH]n2)c1,6.5528
N#Cc1c(N)nc(N2CCCCC2)c(C#N)c1-c1cccc(-c2nnco2)c1,6.5528
N#Cc1c(N)nc(N2CCCCC2)c(C#N)c1-c1cccc(-c2nn[nH]n2)c1,5.1972
