SMILES,pIC50
CN/C(=N\S(=O)(=O)c1ccc(Cl)cc1)N1C[C@H](c2ccccc2)C(c2ccc(Cl)cc2)=N1,5.1000
C/N=C(\NS(=O)(=O)c1ccc(C(F)(F)F)cc1)N1C[C@H](c2ccccc2)C(c2ccc(Cl)cc2)=N1,5.4541
CS/C(=N\S(=O)(=O)c1ccc(C(F)(F)F)cc1)N1CC(c2ccccc2)C(c2ccc(Cl)cc2)=N1,6.0000
Cc1c(C(=O)NN2CCCCC2)nn(-c2ccc(Cl)cc2Cl)c1-c1ccc(Cl)cc1,6.0458
CCCCC/C=C\C/C=C\C/C=C\C/C=C\CCCC(=O)NCCc1ccoc1,6.3979
CCCCC/C=C\C/C=C\C/C=C\C/C=C\CCCC(=O)NCc1ccoc1,7.1739
CCCCC/C=C\C/C=C\C/C=C\C/C=C\CCCC(=O)NCc1cccn1C,7.1549
Cc1c(C(=O)c2cccc3ccccc23)c2cccc3c2n1[C@H](CN1CCOCC1)CO3,8.5531
COc1ccccc1CNC(=O)c1nn(CCN2CCOCC2)c2c(OC)cccc12,7.1135
COc1cccc2c(C(=O)NC(c3ccccc3)c3ccccn3)nn(CCN3CCOCC3)c12,6.8356
COc1cccc2c(C(=O)N(Cc3c(F)cccc3Cl)C(C)C)nn(CCN3CCOCC3)c12,7.1612
COc1ccccc1Cn1ccc2c(c1=O)c1cccc(OC)c1n2CCN1CCOCC1,7.1739
COc1cccc2c(C(=O)NC3C(C)(C)[C@@H]4CC[C@@]3(C)C4)c(C)n(CCN3CCOCC3)c12,7.5376
COc1cccc2c(C(=O)NC3C(C)(C)[C@@H]4CC[C@@]3(C)C4)nn(CCN3CCOCC3)c12,8.6990
CCc1c(C(=O)NC2C(C)(C)[C@@H]3CC[C@@]2(C)C3)c2cccc(OC)c2n1CCN1CCOCC1,6.9586
COc1cccc2c3c(=O)n([C@@H]4C(C)(C)[C@@H]5CC[C@@]4(C)C5)ccc3n(CCN3CCOCC3)c12,9.0000
COc1cccc2c(C(=O)NC3C(C)(C)[C@@H]4CC[C@@]3(C)C4)cn(CCN3CCOCC3)c12,7.9586
CCCCCCC(C)(C)c1cc(O)c2c(c1)OC(C)(C)[C@@H]1CC=C(C)C[C@@H]21,9.3098
CCCCCCC(C)(C)c1cc2c(c(OP(=O)(OCC)OCC)c1)[C@@H]1CC(C)=CC[C@H]1C(C)(C)O2,6.3549
CCCCCCC(C)(C)c1ccc(-c2cc(C)cc(C)c2)c(O)c1,8.5106
CCCCCCC(C)(C)c1ccc(-c2cc(C)cc(C)c2)cc1,5.6700
CCCCCCC(C)(C)c1cc(OC)c(-c2cc(C)cc(C)c2)c(OC)c1,6.3635
CCCCCCC(C)(C)c1cc(OC)c2c(c1)OC(C)(C)[C@@H]1CC=C(C)C[C@@H]21,7.6990
C=C1CC[C@@H]2[C@@H](C1)c1c(O)cc(C(C)(C)CCCCCC)cc1OC2(C)C,9.2366
C=C1CC[C@@H]2[C@@H](C1)c1c(OC)cc(C(C)(C)CCCCCC)cc1OC2(C)C,7.7122
CCCCCCC(C)(C)c1cc(O)c(-c2cc(C)cc(C)c2)c(O)c1,8.6990
CCCCCCC(C)(C)c1cc(OC)c2c(c1)OC(C)(C)[C@@H]1CCC(=O)C[C@@H]21,6.8788
CCCCCCC(C)(C)c1cc(O)c2c(c1)OC(C)(C)[C@@H]1CC=C(C=O)C[C@@H]21,8.5834
CCCCCCC(C)(C)c1cc(O)c2c(c1)OC(C)(C)[C@H]1CC=C(C)C[C@H]21,7.7932
CCCCCCC(C)(C)c1cc(O)c2c(c1)OC(C)(C)C1CCC(=O)CC21,8.2000
CCCCCCC(C)(C)c1cc(O)c2c(c1)OC(C)(C)[C@H]1CC=C(C=O)C[C@H]21,6.9259
CCCCCCC(C)(C)c1cc(O)c([C@@H]2C=C(C)C3C[C@H]2C3(C)C)c(O)c1,7.3851
CCCCCCC(C)(C)c1ccc2c(c1)OC(C)(C)[C@@H]1CC=C(C)C[C@@H]21,8.1098
C1=C(CCN2CCOCC2)c2ccccc2/C1=C\c1cccc2ccccc12,6.8794
CC1=C(CCN2CCOCC2)c2ccccc2/C1=C/c1cccc2ccccc12,8.6882
CC1=C(CCN2CCOCC2)c2ccccc2/C1=C\c1cccc2ccccc12,6.1818
C1=C(CCN2CCOCC2)c2ccccc2/C1=C/c1cccc2ccccc12,8.2503
CCCCCc1cc2c(c3c1CCCO3)C1C=C(C)CCC1C(C)(C)O2,7.4437
COc1ccc2c(c1)c(CC(=O)N1CCOCC1)c(C)n2C(=O)c1cccc(Cl)c1Cl,7.8539
COc1ccc2c(c1)c(CC(=O)N1CCOCC1)c(C)n2Cc1cccc(Cl)c1Cl,5.9805
COc1ccc2c(c1)c(CCN1CCOCC1)c(C)n2C(=O)c1cccc(Cl)c1Cl,7.9208
COc1ccc2c(c1)c(CC(=O)N1CCOCC1)c(C)n2C(=O)c1c(Cl)cccc1Cl,7.2291
COC(=O)Cc1c(C)n(C(=O)c2cccc3ccccc23)c2ccc(OC)cc12,6.8477
COC(=O)Cc1c(C)n(C(=O)c2ccccc2Cl)c2ccc(OC)cc12,6.4012
Cc1c(CN2CCOCC2)c2ccccc2n1-c1cccc2ccccc12,5.1057
COC(=O)Cc1c(C)n(C(=O)c2ccc(Cl)cc2)c2ccc(OC)cc12,5.3957
Cc1c(CCN2CCOCC2)c2ccccc2n1C(=O)c1cccc(Cl)c1Cl,7.5686
COc1ccc2c(c1)c(CCN1CCOCC1)c(C)n2C(=O)c1ccc(Cl)cc1,6.6716
Cc1c(C(=O)c2cccc3ccccc23)c2ccccc2n1CCN1CCOCC1,7.8539
COc1ccc2c(c1)c(CC(=O)N1CCOCC1)c(C)n2C(=O)c1ccccc1Cl,7.1612
Cc1c(CCN2CCOCC2)c2ccccc2n1C(=O)c1cccc2ccccc12,7.3681
Cc1c(CN2CCOCC2)c2ccccc2n1C(=O)c1cccc2ccccc12,8.0706
COc1ccc2c(c1)c(CC(=O)N1CCOCC1)c(C)n2C(=O)c1ccc(Cl)cc1,6.3615
COc1ccc2c(c1)c(CC(=O)N1CCOCC1)c(C)n2C(=O)c1ccc(F)cc1Cl,6.8729
COc1ccc2c(c1)c(CC(=O)N1CCOCC1)c(C)n2C(=O)c1cccc(Cl)c1,6.4510
COc1ccc2c(c1)c(CN1CCOCC1)c(C)n2C(=O)c1cccc(Cl)c1Cl,7.6576
Cc1c(C(=O)NC(C)C)nn(-c2ccc(Cl)cc2Cl)c1-c1ccc(Cl)cc1,5.7595
Cc1c(C(=O)NN2CCOCC2)nn(-c2ccc(Cl)cc2Cl)c1-c1ccc(Cl)cc1,5.6198
Cc1c(C(=O)N[C@@H](C)CO)nn(-c2ccc(Cl)cc2Cl)c1-c1ccc(Cl)cc1,5.2291
Cc1c(C(=O)NCC(C)C)nn(-c2ccc(Cl)cc2Cl)c1-c1ccc(Cl)cc1,6.1524
Cc1c(C(=O)NO)nn(-c2ccc(Cl)cc2Cl)c1-c1ccc(Cl)cc1,5.1068
CCCCNC(=O)c1nn(-c2ccc(Cl)cc2Cl)c(-c2ccc(Cl)cc2)c1C,5.7959
CCCCCCNC(=O)c1nn(-c2ccc(Cl)cc2Cl)c(-c2ccc(Cl)cc2)c1C,5.1630
CCCCCNC(=O)c1nn(-c2ccc(Cl)cc2Cl)c(-c2ccc(Cl)cc2)c1C,5.9547
Cc1c(C(=O)NC2CCCCC2)nn(-c2ccc(Cl)cc2Cl)c1-c1ccc(Cl)cc1,6.6421
CCNC(=O)c1nn(-c2ccc(Cl)cc2Cl)c(-c2ccc(Cl)cc2)c1C,5.5072
CCCCNNC(=O)c1nn(-c2ccc(Cl)cc2Cl)c(-c2ccc(Cl)cc2)c1C,5.5452
Cc1c(C(=O)NCCO)nn(-c2ccc(Cl)cc2Cl)c1-c1ccc(Cl)cc1,5.3696
Cc1c(C(=O)NCCCCO)nn(-c2ccc(Cl)cc2Cl)c1-c1ccc(Cl)cc1,5.2426
CCNNC(=O)c1nn(-c2ccc(Cl)cc2Cl)c(-c2ccc(Cl)cc2)c1C,5.2175
Cc1c(C(=O)NN)nn(-c2ccc(Cl)cc2Cl)c1-c1ccc(Cl)cc1,4.9172
CCCNNC(=O)c1nn(-c2ccc(Cl)cc2Cl)c(-c2ccc(Cl)cc2)c1C,5.5817
CCCNC(=O)c1nn(-c2ccc(Cl)cc2Cl)c(-c2ccc(Cl)cc2)c1C,5.5287
CNNC(=O)c1nn(-c2ccc(Cl)cc2Cl)c(-c2ccc(Cl)cc2)c1C,5.1765
Cc1c(C(=O)NNCC(C)C)nn(-c2ccc(Cl)cc2Cl)c1-c1ccc(Cl)cc1,5.6596
Cc1c(C(=O)N[C@H](C)CO)nn(-c2ccc(Cl)cc2Cl)c1-c1ccc(Cl)cc1,5.7520
Cc1c(C(=O)NCCCO)nn(-c2ccc(Cl)cc2Cl)c1-c1ccc(Cl)cc1,5.9031
CCCCCCC(C)(C)c1cc(O)c2c(c1)OC(C)(C)c1ccc(C)cc1-2,8.8239
CCCCCc1cc(O)c2c(c1)OC(C)(C)c1ccc(CO)cc1-2,7.5751
CCCCCCC(C)(C)c1cc(OC(C)=O)c2c(c1)OC(C)(C)c1ccc(C(=O)O)cc1-2,7.5838
CCCCCc1cc(O)c2c(c1)OC(C)(C)c1ccc(C)cc1-2,7.0177
CCCCCCC(C)(C)c1cc(O)c2c(c1)OC(C)(C)c1ccc(C(=O)O)cc1-2,8.2932
CCCCCCC(C)(C)c1cc(O)c2c(c1)OC(C)(C)c1ccc(CO)cc1-2,9.6990
CCCCCCC(C)(C)c1cc(O)c2c(c1)OC(C)(C)[C@@H]1CC=C(CO)CC21,9.9387
CCCCCCC(C)(C)c1cc(O)c2c(c1)OC(C)(C)[C@@H]1CC=C(C(=O)O)CC21,6.8515
CCCCCCC(C)(C)c1cc(O)c2c(c1)oc(=O)c1ccc(C)cc12,8.3372
CCCCCc1cc(O)c2c(c1)OC(C)(C)[C@@H]1CC=C(CO)CC21,8.1308
CCCCCc1cc(O)c2c(c1)OC(C)(C)[C@@H]1CCC(C)=C[C@@H]21,7.4437
CCCCCCC(C)(C)c1cc(O)c2c(c1)OC(C)(C)[C@@H]1CCC(C)=CC21,9.3484
CCCCCCC(C)(C)c1ccc2c(c1)OC(C)(C)c1ccc(C)cc1-2,6.7773
CCCCCCC(C)(C)c1cc(OC)c2c(c1)OC(C)(C)c1ccc(C(=O)OCCC)cc1-2,6.6696
CCCCCCC(C)(C)c1ccc2c(c1)OC(C)(C)c1ccc(C(=O)OC)cc1-2,6.5591
CCCC(C)(C)c1ccc2c(c1)OC(C)(C)c1ccc(CO)cc1-2,7.1739
CCCC(C)(C)c1ccc2c(c1)OC(C)(C)c1ccc(C(=O)OC)cc1-2,6.2140
CCCC(C)(C)c1ccc(-c2cc(C)ccc2C(C)C)c(O)c1,6.9469
CCCC(C)(C)c1cc(O)c2c(c1)OC(C)(C)c1ccc(C)cc1-2,8.2218
CCCCCCC(C)(C)c1cc(OC)c2c(c1)OC(C)(C)c1ccc(C(=O)OC)cc1-2,6.2765
CCCCCCC(C)(C)c1ccc2c(c1)OC(C)(C)c1ccc(CO)cc1-2,9.0000
CCCCCCC(C)(C)c1cc(O)c2c(c1)OC(C)(C)c1ccc(C(=O)OC)cc1-2,8.4202
CCCCCCC(C)(C)c1cc(OC)c2c(c1)OC(C)(C)c1ccc(C)cc1-2,6.5436
CCCCCCC(C)(C)c1ccc(-c2cc(C)ccc2C(C)C)c(O)c1,8.5229
COc1cccc2c(C(=O)NC3C(C)(C)[C@@H]4CC[C@@]3(C)C4)c(C)n(CCCN3CCOCC3)c12,7.6021
COc1cccc2c(C(=O)NC3CC(C)(C)CCC3(C)C)cn(CCN3CCOCC3)c12,7.6576
COc1cc(Cl)cc2c(C(=O)N[C@@H]3C4(C)CCC(C4)C3(C)C)c(C)n(CCN3CCOCC3)c12,6.6003
COC(=O)[C@H](Cc1ccccc1)NC(=O)c1c(C)n(CCN2CCOCC2)c2ccccc12,6.6021
COc1cccc2c(C(=O)N[C@@H](Cc3ccccc3)C(C)=O)c(C)n(CCN3CCOCC3)c12,8.0969
COC(=O)[C@H](Cc1ccccc1)NC(=O)c1c(C)n(CCN2CCOCC2)c2c(OC)cccc12,8.0969
CNC(=O)[C@H](Cc1ccccc1)NC(=O)c1c(C)n(CCN2CCOCC2)c2c(OC)cccc12,6.5317
CCc1c(C(=O)N[C@H]2C3(C)CCC(C3)C2(C)C)c2cccc(OC)c2n1CCN1CCOCC1,6.9872
COc1cccc2c(C(=O)NC3CC(C)(C)CCC3(C)C)c(C)n(CCN3CCOCC3)c12,7.4202
CCC(=O)[C@H](Cc1ccccc1)NC(=O)c1c(C)n(CCN2CCOCC2)c2c(OC)cccc12,7.6198
COc1cccc2c(C(=O)NC3C(C)(C)[C@@H]4CC[C@@]3(C)C4)c(C)n(CCN(C)C)c12,6.2967
COc1cccc2c(C(=O)N[C@@H]3C(C)(C)[C@@H]4CC[C@@]3(C)C4)c(C)n(CCN3CCCCC3)c12,7.0506
COc1cc(F)cc2c(C(=O)N[C@H]3C4(C)CCC(C4)C3(C)C)c(C)n(CCN3CCOCC3)c12,7.7447
COc1cccc2c(C(=O)N[C@H]3C4(C)CCC(C4)C3(C)C)c(C)n(CCN3CCOCC3)c12,7.5229
COc1cccc2c(C(=O)NC3CCCC3(C)C)c(C)n(CCN3CCOCC3)c12,6.6882
COc1cccc2c(C(=O)N[C@@H]3C4(C)CCC(C4)C3(C)C)c(C)n(CCN3CCOCC3)c12,7.3872
COc1cccc2c(C(=O)NC3C4(C)CCC(C4)C3(C)C)cn(CCN3CCOCC3)c12,7.9208
COc1cccc2c(C(=O)N[C@@H](C)Cc3ccccc3)cn(CCN3CCOCC3)c12,7.1487
CO/N=C(\C)[C@H](Cc1ccccc1)NC(=O)c1c(C)n(CCN2CCOCC2)c2c(OC)cccc12,6.7352
COCCn1c(C)c(C(=O)NC2C(C)(C)[C@@H]3CC[C@@]2(C)C3)c2cccc(OC)c21,7.2218
COc1cccc2c(C(=O)N[C@@H]3C4(C)CCC(C4)C3(C)C)cn(CCN3CCOCC3)c12,7.8861
COc1cccc2c(C(=O)N[C@H](C)Cc3ccccc3)c(C)n(CCN3CCOCC3)c12,6.5800
COc1cccc2c(C(=O)N[C@@H](Cc3ccccc3)c3ccno3)c(C)n(CCN3CCOCC3)c12,6.7721
COC(=O)[C@H](Cc1cccc(Cl)c1)NC(=O)c1c(C)n(CCN2CCOCC2)c2c(OC)cccc12,7.5086
COC(=O)[C@H](Cc1cccs1)NC(=O)c1c(C)n(CCN2CCOCC2)c2c(OC)cccc12,7.9208
CCCCCn1c(C)c(C(=O)NC2C(C)(C)[C@@H]3CC[C@@]2(C)C3)c2cccc(OC)c21,8.3010
CCCCCOc1cc(/C=C/C(=O)N[C@@H](Cc2ccc(O)cc2)C(=O)OC)ccc1OC,6.9208
COC(=O)[C@H](Cc1cscn1)NC(=O)c1c(C)n(CCN2CCOCC2)c2c(OC)cccc12,7.6990
CCCCCOc1cc(/C=C/C(=O)N[C@@H](Cc2ccccc2)C(=O)OC)ccc1OC,7.0655
COc1cccc2c(C(=O)N[C@@H](Cc3ccccc3)c3ccon3)c(C)n(CCN3CCOCC3)c12,6.6289
CC1=CC[C@@H]2[C@@H](C1)c1c(O)cc(C3(C4CCCCC4)SCCS3)cc1OC2(C)C,8.9788
CC1=CC[C@@H]2[C@@H](C1)c1c(O)cc(C(C)(C)c3ccccc3)cc1OC2(C)C,9.0410
CC1=CC[C@@H]2[C@@H](C1)c1c(O)cc(C3(c4ccccc4)SCCS3)cc1OC2(C)C,7.7545
CC1=CC[C@@H]2[C@@H](C1)c1c(O)cc(C(C)(C)C3CCCCC3)cc1OC2(C)C,9.1871
CC1=CC[C@@H]2[C@@H](C1)c1c(O)cc(C(=O)c3ccccc3)cc1OC2(C)C,7.6271
CC1=CC[C@@H]2[C@@H](C1)c1c(O)cc(Cc3ccccc3)cc1OC2(C)C,7.0660
CCCCCCCCCc1cc(O)c2c(c1)OC(C)(C)[C@@H]1CC=C(CO)C[C@@H]21,9.2840
CC1=CC[C@@H]2[C@@H](C1)c1ccc(CCCCCC(C)(C)C)cc1OC2(C)C,8.5376
CC(C)(C)CCCCCc1ccc2c(c1)OC(C)(C)[C@@H]1CC=C(CO)C[C@@H]21,10.4949
CCCCCCC(C)(C)c1ccc([C@@H]2C[C@H](O)CC[C@H]2CCCO)c(O)c1,8.3840
O=C(NN1CCCCC1)c1nc(-c2ccc(Cl)cc2Cl)c(-c2ccc(Cl)cc2)s1,5.2335
O=C(NN1CCCCC1)c1nc(-c2ccc(Cl)cc2)c(-c2ccc(Cl)cc2Cl)s1,5.3309
Cl.Cl.O=C(NN1CCCCC1)c1nc(-c2ccc(Cl)cc2Cl)n(-c2ccc(Cl)cc2)n1,5.4483
COc1ccc(-n2c(-c3ccc(Cl)cc3Cl)nc(C(=O)NN3CCCCC3)c2C)cc1,6.4868
Cc1c(C(=O)NN2CCCCC2)nc(-c2ccc(Cl)cc2Cl)n1-c1ccc(C(F)(F)F)cc1,6.1979
Cc1c(C(=O)NN2CCCCC2)nc(-c2ccc(Cl)cc2Cl)n1-c1ccc(Cl)cn1,6.1203
Cc1c(C(=O)NN2CCCC2)nc(-c2ccc(Cl)cc2Cl)n1-c1ccc(Cl)cc1,6.1113
Cc1c(C(=O)NN2CCCCCC2)nc(-c2ccc(Cl)cc2Cl)n1-c1ccc(Cl)cc1,6.2967
Cc1c(C(=O)NN2CCOCC2)nc(-c2ccc(Cl)cc2Cl)n1-c1ccc(Cl)cc1,5.4819
Cc1c(C(=O)NN2CC3CCCC3C2)nc(-c2ccc(Cl)cc2Cl)n1-c1ccc(Cl)cc1,5.8502
Cc1c(C(=O)NC2CCCC2)nc(-c2ccc(Cl)cc2Cl)n1-c1ccc(Cl)cc1,6.4473
Cc1c(C(=O)NC2CCCCC2)nc(-c2ccc(Cl)cc2Cl)n1-c1ccc(Cl)cc1,6.7959
Cc1c(C(=O)NC2CCCCCC2)nc(-c2ccc(Cl)cc2Cl)n1-c1ccc(Cl)cc1,6.4572
Cc1c(C(=O)N[C@H]2CC[C@H](O)CC2)nc(-c2ccc(Cl)cc2Cl)n1-c1ccc(Cl)cc1,5.4598
Cc1c(C(=O)N2CCC(O)CC2)nc(-c2ccc(Cl)cc2Cl)n1-c1ccc(Cl)cc1,5.4024
Cc1c(C(=O)N2CCc3ccccc3C2)nc(-c2ccc(Cl)cc2Cl)n1-c1ccc(Cl)cc1,6.1574
Cc1c(C(=O)NC2CC3CCC2C3)nc(-c2ccc(Cl)cc2Cl)n1-c1ccc(Cl)cc1,7.2676
Cc1c(C(=O)NOC(C)(C)C)nc(-c2ccc(Cl)cc2Cl)n1-c1ccc(Cl)cc1,6.6162
Cc1c(C(=O)NCc2ccc(C(F)(F)F)cc2)nc(-c2ccc(Cl)cc2Cl)n1-c1ccc(Cl)cc1,5.7025
CCN(CC)C(=O)c1nc(-c2ccc(Cl)cc2Cl)n(-c2ccc(Cl)cc2)c1C,5.5986
Cc1c(C(=O)OC(C)(C)C)nc(-c2ccc(Cl)cc2Cl)n1-c1ccc(Cl)cc1,6.0888
O=C(NN1CCCCC1)c1nc(-c2ccc(Cl)cc2Cl)n(-c2ccc(Cl)cc2)c1Cl,6.0846
O=C(NN1CCCCC1)c1nc(-c2ccc(Cl)cc2Cl)n(-c2ccc(Cl)cc2)c1Br,6.1273
N#Cc1c(C(=O)NN2CCCCC2)nc(-c2ccc(Cl)cc2Cl)n1-c1ccc(Cl)cc1,5.7986
O=C(NN1CCCCC1)c1nc(-c2ccc(Cl)cc2Cl)n(-c2ccc(Cl)cc2)c1CF,6.0429
Cc1c(C(=O)NN2CCCCC2)nc(-c2ccc(Cl)cc2)n1-c1ccc(Cl)cc1Cl,6.6819
Cl.Cl.O=C(NN1CCCCC1)c1nc(-c2ccc(Cl)cc2)n(-c2ccc(Cl)cc2Cl)n1,5.2641
O=C(NN1CCCCC1)c1cn(-c2ccc(Cl)cc2)c(-c2ccc(Cl)cc2Cl)n1,6.2660
CCc1c(C(=O)NN2CCCCC2)nc(-c2ccc(Cl)cc2Cl)n1-c1ccc(Cl)cc1,6.3665
Cc1c(C(=O)NN2CCCCC2)nc(-c2ccc(Cl)cc2Cl)n1-c1ccc(Cl)cc1,6.2161
Cc1c(C(=O)NN2CCCCC2)nc(-c2ccc(Cl)cc2Cl)n1-c1ccc(Br)cc1,6.3107
Cc1c(C(=O)NN2CCCCC2)nc(-c2ccc(Cl)cc2Cl)n1-c1ccc(F)cc1,6.1163
CCCn1c(C)c(C(=O)c2cccc3ccccc23)c2ccccc21,7.4559
CCCn1c(C)c(C(=O)c2cc([N+](=O)[O-])cc3ccccc23)c2ccccc21,6.8447
CCCn1c(C)c(C(=O)c2cc(N)cc3ccccc23)c2ccccc21,6.7190
CCCn1c(C)c(C(=O)c2cc(NC(=O)CN)cc3ccccc23)c2ccccc21.Cl,6.3768
N#Cc1cc(-c2ccc(Cl)cc2)c(-c2ccc(Cl)cc2Cl)nc1OCc1ccc(F)c(F)c1,6.2840
CCNC(=O)c1cc(-c2ccc(Cl)cc2)c(-c2ccc(Cl)cc2Cl)nc1OCc1ccc(F)c(F)c1,6.0862
CCCNC(=O)c1cc(-c2ccc(Cl)cc2)c(-c2ccc(Cl)cc2Cl)nc1OCc1ccc(F)c(F)c1,6.0888
CCCCCOc1c(OC)ccc2cc(C(=O)NCc3ccc4c(c3)OCO4)c(=O)[nH]c12,7.4449
COc1ccc(C(=O)c2c(C)n(CCN3CCOCC3)c3cc(I)ccc23)cc1,7.4748
CCCCCn1c(C)c(C(=O)Cc2ccccc2C)c2ccccc21,7.7211
CCCCCn1cc(C(=O)Cc2ccccc2)c2ccccc21,6.7988
CCCCCn1cc(C(=O)Cc2ccc(C)cc2)c2ccccc21,6.2441
CCCCCn1cc(C(=O)Cc2ccccc2C)c2ccccc21,6.8356
CCCCCn1c(C)c(C(=O)Cc2ccccc2)c2ccccc21,6.7444
CCCCCn1c(C)c(C(=O)Cc2cccc(OC)c2)c2ccccc21,7.0754
CCCCCn1c(C)c(C(=O)Cc2ccccc2OC)c2ccccc21,7.0861
CCCCCn1c(C)c(C(=O)Cc2ccc(C)cc2)c2ccccc21,5.8684
CCCCCn1cc(C(=O)Cc2ccccc2OC)c2ccccc21,7.4812
CCCCCn1cc(C(=O)Cc2cccc(OC)c2)c2ccccc21,7.0506
CCCCCn1c(C)c(C(=O)Cc2ccc(OC)cc2)c2ccccc21,6.1902
CCCCCn1cc(C(=O)Cc2ccc(OC)cc2)c2ccccc21,6.3523
CCCCCn1c(C)c(C(=O)Cc2ccccc2F)c2ccccc21,7.1191
CCCCCn1cc(C(=O)Cc2ccccc2F)c2ccccc21,7.4085
CCCCCn1cc(C(=O)Cc2ccc(F)cc2)c2ccccc21,6.4374
CCCCCn1c(C)c(C(=O)Cc2ccc(F)cc2)c2ccccc21,6.1073
CCCCCn1cc(C(=O)Cc2ccccc2Cl)c2ccccc21,8.1544
CCCCCn1c(C)c(C(=O)Cc2ccccc2Cl)c2ccccc21,7.6021
CCCCCn1cc(C(=O)Cc2cccc(Cl)c2)c2ccccc21,6.9743
CCCCCn1c(C)c(C(=O)Cc2cccc(Cl)c2)c2ccccc21,6.8601
CCCCCn1cc(C(=O)Cc2ccc(Cl)cc2)c2ccccc21,6.3024
CCCCCn1c(C)c(C(=O)Cc2ccc(Cl)cc2)c2ccccc21,5.4291
CCCCCn1cc(C(=O)Cc2ccccc2Br)c2ccccc21,7.6985
CCCCCn1c(C)c(C(=O)Cc2ccccc2Br)c2ccccc21,7.5373
CCCCCn1cc(C(=O)Cc2ccc(Br)cc2)c2ccccc21,6.1822
CCCCCn1cc(C(=O)Cc2cccc(F)c2)c2ccccc21,7.0405
CCCCCn1c(C)c(C(=O)Cc2ccc(Br)cc2)c2ccccc21,5.5720
CCCCCn1c(C)c(C(=O)Cc2cccc(F)c2)c2ccccc21,6.7395
CCc1c(C(=O)NN2CCCCC2)nn(-c2ccc(Cl)cc2Cl)c1-c1ccc(Br)cc1,6.3546
C/N=C(\NS(=O)(=O)N(C)C)N1CC(c2ccccc2)C(c2ccc(Cl)cc2)=N1,5.4162
CCN(CC)S(=O)(=O)N/C(=N\C)N1CC(c2ccccc2)C(c2ccc(Cl)cc2)=N1,5.4855
C/N=C(\NS(=O)(=O)N(C)C(C)C)N1CC(c2ccccc2)C(c2ccc(Cl)cc2)=N1,5.9485
CCN(C)S(=O)(=O)N/C(=N\C)N1CC(c2ccccc2)C(c2ccc(Cl)cc2)=N1,5.7279
C/N=C(\NS(=O)(=O)N1CCCC1)N1CC(c2ccccc2)C(c2ccc(Cl)cc2)=N1,5.7956
C/N=C(\NS(=O)(=O)N1CCCCCC1)N1CC(c2ccccc2)C(c2ccc(Cl)cc2)=N1,5.9863
C/N=C(\NS(=O)(=O)N1CCCCCCC1)N1CC(c2ccccc2)C(c2ccc(Cl)cc2)=N1,5.5877
C/N=C(\NS(=O)(=O)N1CCSCC1)N1CC(c2ccccc2)C(c2ccc(Cl)cc2)=N1,5.4527
CCN(CC)S(=O)(=O)N/C(=N\C)N1CC(c2cccnc2)C(c2ccc(Cl)cc2)=N1,5.0421
CCN(CC)S(=O)(=O)N/C(=N\C(C)C)N1CC(c2ccccc2)C(c2ccc(Cl)cc2)=N1,5.5599
CC/N=C(\NS(=O)(=O)N(CC)CC)N1CC(c2ccccc2)C(c2ccc(Cl)cc2)=N1,5.5430
CN/C(=N\S(=O)(=O)N1CCCCC1)N1CC(c2ccccc2)C(c2ccc(Cl)cc2)=N1,5.8791
C/N=C(\NS(=O)(=O)N1CCOCC1)N1CC(c2ccccc2)C(c2ccc(Cl)cc2)=N1,5.2699
CN/C(=N\S(=O)(=O)N1CCCCC1)N1C[C@H](c2ccccc2)C(c2ccc(Cl)cc2)=N1,5.4566
COc1ccc(S(=O)(=O)c2cc(OC)ccc2S(=O)(=O)c2ccc([C@H](C)NS(C)(=O)=O)cc2)cc1,9.3979
COc1ccc(S(=O)(=O)c2cc(OC)ccc2S(=O)(=O)c2ccc([C@@H](C)NS(C)(=O)=O)cc2)cc1,7.5229
COc1ccc(S(=O)(=O)c2cc(OC)ccc2S(=O)(=O)c2ccc(C(C)(C)NS(C)(=O)=O)cc2)cc1,8.2218
COc1ccc(S(=O)(=O)c2cc(OC)ccc2S(=O)(=O)c2ccc(CNS(C)(=O)=O)cc2)cc1,8.8861
COc1ccc(S(=O)(=O)c2cc(OC)ccc2Cc2ccc([C@H](C)NS(C)(=O)=O)cc2)cc1,9.2218
C[C@H](NS(C)(=O)=O)c1ccc(Cc2ccc(Cl)cc2S(=O)(=O)c2ccc(Cl)cc2)cc1,8.1739
C[C@H](NS(C)(=O)=O)c1ccc(Cc2ccc(OC(F)(F)F)cc2S(=O)(=O)c2ccccc2F)cc1,9.3979
C[C@H](NS(C)(=O)=O)c1ccc(Cc2ccc(C(F)(F)F)cc2S(=O)(=O)c2ccccc2F)cc1,9.0000
C[C@H](NS(C)(=O)=O)c1ccc(Cc2ccc(C(F)(F)F)cc2S(=O)(=O)c2c(F)cccc2F)cc1,8.7447
C[C@H](NS(C)(=O)=O)c1ccc(Cc2ccc(OC(F)(F)F)cc2S(=O)(=O)c2ccccc2OC(F)(F)F)cc1,7.7959
C[C@H](NS(C)(=O)=O)c1ccc(Cc2ccc(C(F)(F)F)cc2S(=O)(=O)c2cccc(F)c2)cc1,8.4559
C[C@H](NS(C)(=O)=O)c1ccc(Cc2ccc(OC(F)(F)F)cc2S(=O)(=O)c2cccc(C(F)(F)F)c2)cc1,7.4559
C[C@H](NS(C)(=O)=O)c1ccc(S(=O)(=O)c2ccccc2S(=O)(=O)c2ccccc2F)cc1,8.0458
C[C@H](NS(C)(=O)=O)c1ccc(S(=O)(=O)c2ccc(Cl)cc2S(=O)(=O)c2ccccc2)cc1,8.6990
C[C@H](NS(C)(=O)=O)c1ccc(S(=O)(=O)c2ccc(Cl)cc2S(=O)(=O)c2ccccc2Cl)cc1,8.2218
C[C@H](NS(C)(=O)=O)c1ccc(S(=O)(=O)c2ccc(Cl)cc2S(=O)(=O)c2cccc(Cl)c2)cc1,7.6383
C[C@H](NS(C)(=O)=O)c1ccc(S(=O)(=O)c2ccc(Cl)cc2S(=O)(=O)c2ccc(Cl)cc2)cc1,8.0000
C[C@H](NS(C)(=O)=O)c1ccc(S(=O)(=O)c2ccc(Cl)cc2S(=O)(=O)c2ccccc2F)cc1,9.0000
C[C@H](NS(C)(=O)=O)c1ccc(S(=O)(=O)c2ccc(Cl)cc2S(=O)(=O)c2ccccc2OC(F)(F)F)cc1,6.8928
COc1ccc(S(=O)(=O)c2ccc([C@H](C)NS(C)(=O)=O)cc2)c(S(=O)(=O)c2ccccc2)c1,9.2218
COc1ccc(S(=O)(=O)c2ccc([C@H](C)NS(C)(=O)=O)cc2)c(S(=O)(=O)c2ccc(Cl)cc2)c1,9.0458
C[C@H](NS(C)(=O)=O)c1ccc(S(=O)(=O)c2ccc(O)cc2S(=O)(=O)c2ccc(Cl)cc2)cc1,7.8861
C[C@H](NS(C)(=O)=O)c1ccc(S(=O)(=O)c2ccc(OC3CCCC3)cc2S(=O)(=O)c2ccc(Cl)cc2)cc1,6.6345
C[C@H](NS(C)(=O)=O)c1ccc(S(=O)(=O)c2ccc(C(F)(F)F)cc2S(=O)(=O)c2ccc(Cl)cc2)cc1,8.0969
C[C@H](NS(C)(=O)=O)c1ccc(S(=O)(=O)c2ccccc2S(=O)(=O)c2ccc(Cl)cc2)cc1,7.2366
Cc1ccc(S(=O)(=O)c2ccc([C@H](C)NS(C)(=O)=O)cc2)c(S(=O)(=O)c2ccccc2F)c1,9.3010
C[C@H](NS(C)(=O)=O)c1ccc(S(=O)(=O)c2ccc(C(F)(F)F)cc2S(=O)(=O)c2ccccc2F)cc1,9.0458
COc1ccc(S(=O)(=O)c2cc(OC)ccc2C(=O)c2ccc([C@H](C)NS(C)(=O)=O)cc2)cc1,7.3565
CC(NS(C)(=O)=O)c1ccc(C(=O)c2ccc(OC(F)(F)F)cc2S(=O)(=O)c2ccccc2F)cc1,6.7471
CC(NS(C)(=O)=O)c1ccc(C(=O)c2ccc(Cl)cc2S(=O)(=O)c2ccc(Cl)cc2)cc1,6.3872
C=C(c1ccccc1F)c1cc(Cl)ccc1S(=O)(=O)c1ccc([C@H](C)NS(C)(=O)=O)cc1,6.6073
C[C@H](NS(C)(=O)=O)c1ccc(S(=O)(=O)c2ccc(Cl)cc2Nc2ccc(Cl)cc2)cc1,6.5560
C[C@H](NS(C)(=O)=O)c1ccc(S(=O)(=O)c2ccc(Cl)cc2Oc2ccc(Cl)cc2)cc1,6.0074
C[C@H](NS(C)(=O)=O)c1ccc(S(=O)(=O)c2ccc(Cl)cc2Cc2ccc(Cl)cc2)cc1,6.7852
C[C@H](NS(C)(=O)=O)c1ccc(S(=O)(=O)c2ccc(Cl)cc2C(=O)c2ccc(Cl)cc2)cc1,6.7167
C[C@H](NS(C)(=O)=O)c1ccc(S(=O)(=O)c2ccc(Cl)cc2C(C)(O)c2ccccc2F)cc1,7.1135
C[C@H](NS(C)(=O)=O)c1ccc(S(=O)(=O)c2ccc(Cl)cc2C(C)(O)c2ccc(Cl)cc2)cc1,6.6383
CCC(c1ccc([C@H](C)NS(C)(=O)=O)cc1)c1ccc(Cl)cc1S(=O)(=O)c1ccc(Cl)cc1,7.1192
CO/N=C(\c1ccc([C@H](C)NS(C)(=O)=O)cc1)c1ccc(Cl)cc1S(=O)(=O)c1ccc(Cl)cc1,6.3915
C=C(c1ccc([C@H](C)NS(C)(=O)=O)cc1)c1ccc(OC(F)(F)F)cc1S(=O)(=O)c1ccccc1F,7.0655
CCCCCCCC/C=C/C(=O)Nc1ccc(OC)cc1,5.6021
CCCCC/C=C\C/C=C\C/C=C\C/C=C\CCCC(=O)N1CCN(c2ccc(F)cc2)CC1,5.2924
CCCCC/C=C\C/C=C\C/C=C\C/C=C\CCCC(=O)N1CCN(c2ccc(C)c(C)c2)CC1,5.3768
CCCCC/C=C\C/C=C\C/C=C\C/C=C\CCCC(=O)NCc1ccc(OC)cc1OC,5.3979
CCCCC/C=C\C/C=C\C/C=C\C/C=C\CCCC(=O)NCc1cc(OC)ccc1OC,5.3872
CCCCC/C=C\C/C=C\C/C=C\C/C=C\CCCC(=O)NCCO,6.7447
CCCCC/C=C\C/C=C\C/C=C\C/C=C\CCCC(=O)Nc1ccc(N2CCOCC2)cc1,5.3665
CCCCC/C=C\C/C=C\C/C=C\C/C=C\CCCC(=O)NCCc1ccc(OC)cc1OC,5.3979
CCCCC/C=C\C/C=C\C/C=C\C/C=C\CCCC(=O)NCc1ccc(OC)cc1,5.3468
CCCCC/C=C\C/C=C\C/C=C\C/C=C\CCCC(=O)Nc1ccc(OC)cc1,5.3979
CCCCCCCC/C=C/C(=O)NCCc1cc(OC)cc(OC)c1,5.2840
CCCCCCCC/C=C/C(=O)NCCc1ccc(OC)cc1,5.2924
CCCCn1cc(C(=O)Nc2cccc3ccccc23)c(=O)c2ccccc21,6.3410
CCCCCCC(C)(C)c1cc(O)c2c(c1)OC(C)(C)[C@@H]1CC=C(CO)C[C@@H]21,8.6000
CCCC(C)(C)c1ccc2c(c1)OC(C)(C)[C@@H]1CC=C(C)C[C@@H]21,8.4685
Cc1ccc(Cn2nc(C(=O)NC3C4(C)CCC(C4)C3(C)C)cc2-c2ccc(Cl)c(C)c2)cc1,8.2676
CCCCCn1cc(C(=O)NC2CCCc3ccccc32)c(=O)c2ccccc21,7.0117
CCCCCn1cc(C(=O)N[C@H](C)c2cccc3ccccc23)c(=O)c2ccccc21,6.9031
CCCCCn1cc(C(=O)NC(C)c2cccc3ccccc23)c(=O)c2ccccc21,6.7595
CCCCCn1cc(C(=O)N[C@H](C)c2ccc3ccccc3c2)c(=O)c2ccccc21,6.2336
CCCCCn1cc(C(=O)N[C@@H](C)c2ccccc2)c(=O)c2ccccc21,6.1057
CCCCCn1cc(C(=O)N[C@H](C)c2ccccc2)c(=O)c2ccccc21,7.6027
CCCCCn1cc(C(=O)NC(C)c2ccccc2)c(=O)c2ccccc21,7.1500
CC12CC3CC(C)(C1)CC(NC(=O)c1cn(Cc4ccccc4)c4ccccc4c1=O)(C3)C2,6.1778
CCCCCn1cc(C(=O)NC23CC4CC(C)(CC(C)(C4)C2)C3)c(=O)c2ccccc21,7.8261
CCCCCn1cc(C(=O)NC2C3CC4CC(C3)CC2C4)c(=O)c2ccccc21,7.8729
CCCCCn1cc(C(=O)NC23CC4CC(CC(C4)C2)C3)c(=O)c2ccccc21,8.3279
CCCCCn1cc(C(=O)NCCc2ccc3c(c2)OCO3)c(=O)c2ccccc21,6.3706
CCCCCn1cc(C(=O)Nc2ccc(C#N)cc2)c(=O)c2ccccc21,6.1124
CCCCCn1cc(C(=O)NCCc2ccccc2)c(=O)c2ccccc21,6.6968
CCCCCCn1cc(C(=O)Nc2cccc3ccccc23)c(=O)c2ccccc21,6.0737
CCCCCn1cc(C(=O)Nc2cccc3ccccc23)c(=O)c2ccccc21,6.4306
CC(=O)Nc1c(C(C)=O)c(=O)n(CC(C)C)c2nc(-c3ccc(Cl)cc3Cl)c(-c3ccc(Cl)cc3)cc12,5.2076
CC(=O)Nc1cc(=O)n(C)c2nc(-c3ccc(Cl)cc3Cl)c(-c3ccc(Cl)cc3)cc12,6.4202
CC(=O)Nc1c(C#N)c(=O)n(C)c2nc(-c3ccc(Cl)cc3Cl)c(-c3ccc(Cl)cc3)cc12,6.1427
CC(=O)Nc1c(C)c(=O)n(C)c2nc(-c3ccc(Cl)cc3Cl)c(-c3ccc(Cl)cc3)cc12,5.8239
COc1c(NC(C)=O)c2cc(-c3ccc(Cl)cc3)c(-c3ccc(Cl)cc3Cl)nc2n(C)c1=O,5.9586
CC(=O)Nc1c(N(C)C)c(=O)n(C)c2nc(-c3ccc(Cl)cc3Cl)c(-c3ccc(Cl)cc3)cc12,5.6021
CC(=O)Nc1c(C(C)C)c(=O)n(C)c2nc(-c3ccc(Cl)cc3Cl)c(-c3ccc(Cl)cc3)cc12,5.2676
CC(=O)c1c(N)c2cc(-c3ccc(Cl)cc3)c(-c3ccc(Cl)cc3Cl)nc2n(C)c1=O,5.9586
CC(=O)c1c(N(C)C)c2cc(-c3ccc(Cl)cc3)c(-c3ccc(Cl)cc3Cl)nc2n(C)c1=O,5.8539
CC(=O)c1c(C)c2cc(-c3ccc(Cl)cc3)c(-c3ccc(Cl)cc3Cl)nc2n(C)c1=O,5.8539
CC(=O)c1c(NC(=O)CO)c2cc(-c3ccc(Cl)cc3)c(-c3ccc(Cl)cc3Cl)nc2n(C)c1=O,5.4437
COCC(=O)Nc1c(C(C)=O)c(=O)n(C)c2nc(-c3ccc(Cl)cc3Cl)c(-c3ccc(Cl)cc3)cc12,5.4949
CC(=O)Nc1c(C(C)=O)c(O)nc2nc(-c3ccc(Cl)cc3Cl)c(-c3ccc(Cl)cc3)cc12,5.8539
CC(=O)Nc1c(C(C)=O)c(=O)n(CCO)c2nc(-c3ccc(Cl)cc3Cl)c(-c3ccc(Cl)cc3)cc12,5.8239
CC(=O)Nc1c(C(C)=O)c(=O)n(C)c2nc(-c3ccc(Cl)cc3Cl)c(-c3ccc(Cl)cc3)cc12,5.3610
CC(=O)Nc1c(C(C)=O)c(=O)n(CC2CCCO2)c2nc(-c3ccc(Cl)cc3Cl)c(-c3ccc(Cl)cc3)cc12,5.8539
COCCn1c(=O)c(C(C)=O)c(NC(C)=O)c2cc(-c3ccc(Cl)cc3)c(-c3ccc(Cl)cc3Cl)nc21,5.7447
CC(=O)Nc1c(C(C)=O)c(=O)n(Cc2ccccc2)c2nc(-c3ccc(Cl)cc3Cl)c(-c3ccc(Cl)cc3)cc12,5.2924
CCCCCOc1c(OC)ccc2cc(C(=O)NCCc3c[nH]c4ccccc34)c(O)nc12,7.6000
CCCCCOc1c(OC)ccc2cc(C(=O)Nc3ccccc3N)c(O)nc12,7.9000
CCCCCOc1c(OC)ccc2cc(C(=O)NCc3ccc(O)c(O)c3)c(O)nc12,5.4000
CCCCCOc1c(OC)ccc2cc(C(=O)NCCc3ccc(O)c(O)c3)c(O)nc12,6.4000
CCCCCOc1c(OC)ccc2cc(C(=O)NCCc3ccc(N)cc3)c(O)nc12,8.5000
CCCCCOc1c(OC)ccc2cc(C(=O)NCCc3ccc(O)cc3)c(O)nc12,9.3188
CCCCCOc1c(OC)ccc2cc(C(=O)NCCc3ccc(Cl)cc3)c(=O)[nH]c12,8.1641
CCCCCOc1c(OC)ccc2cc(C(=O)NCCc3ccc([N+](=O)[O-])cc3)c(O)nc12,7.0000
CCCCCOc1c(OC)ccc2cc(C(=O)NCCCc3ccccc3)c(=O)[nH]c12,8.5432
CCCCCOc1c(OC)ccc2cc(C(=O)NCCc3ccccc3)c(=O)[nH]c12,8.6799
CCCCCOc1c(OC)ccc2cc(C(=O)NCc3ccccc3)c(O)nc12,7.2000
CCCCCOc1c(OC)ccc2cc(NC(=O)Cc3ccc4c(c3)OCO4)c(O)nc12,7.7001
CCCCCCCC/C=C\CCCCCCCC(=O)ONCCO,5.0655
CCCCCCCC/C=C\CCCCCCCC(=O)N(O)CCO,5.2676
CCCCCCCC/C=C\CCCCCCCC(=O)NOCCO,5.4202
CCCCC/C=C\C/C=C\C/C=C\C/C=C\CCCC(=O)ONCCO,5.6198
CCCCC/C=C\C/C=C\C/C=C\C/C=C\CCCC(=O)N(O)CCO,5.7212
CCCCC/C=C\C/C=C\C/C=C\C/C=C\CCCC(=O)NOCCO,7.0915
C[C@H](CO)NC(=O)CCC/C=C\C/C=C\C/C=C\C/C=C\CCOC(=O)c1cc(I)ccc1N=[N+]=[N-],6.6576
CCCCCn1cc(C(=O)c2cccc3ccccc23)cc1-c1ccccc1C,8.3979
CCCCCn1cc(C(=O)c2cccc3ccccc23)cc1-c1cccnc1,7.6198
CCCCCn1cc(C(=O)c2cccc3ccccc23)cc1-c1ccc2ccccc2c1,6.7721
CCCCCn1cc(C(=O)c2cccc3ccccc23)cc1-c1cccc2ccccc12,7.3098
CCCCCn1cc(C(=O)c2cccc3ccccc23)cc1-c1ccc(C(F)(F)F)cc1,7.2757
CCCCCn1cc(C(=O)c2cccc3ccccc23)cc1-c1ccc(Cl)cc1,7.6021
CCCCCn1cc(C(=O)c2cccc3ccccc23)cc1-c1ccc(F)cc1,7.4815
CCCCCn1cc(C(=O)c2cccc3ccccc23)cc1-c1ccc(OC)cc1,7.3872
CCCCCn1cc(C(=O)c2cccc3ccccc23)cc1-c1ccc(CCCC)cc1,7.1938
CCCCCn1cc(C(=O)c2cccc3ccccc23)cc1-c1ccc(CC)cc1,7.5376
CCCCCn1cc(C(=O)c2cccc3ccccc23)cc1-c1ccc(C)cc1,7.7447
CCCCCn1cc(C(=O)c2cccc3ccccc23)cc1-c1cccc([N+](=O)[O-])c1,7.3872
CCCCCn1cc(C(=O)c2cccc3ccccc23)cc1-c1cccc(C(F)(F)F)c1,7.1487
CCCCCn1cc(C(=O)c2cccc3ccccc23)cc1-c1cccc(Cl)c1,7.7959
CCCCCn1cc(C(=O)c2cccc3ccccc23)cc1-c1cccc(F)c1,8.0410
CCCCCn1cc(C(=O)c2cccc3ccccc23)cc1-c1cccc(OC)c1,7.6383
CCCCCn1cc(C(=O)c2cccc3ccccc23)cc1-c1cccc(C)c1,7.4089
CCCCCn1cc(C(=O)c2cccc3ccccc23)cc1-c1ccccc1C(F)(F)F,8.0862
CCCCCn1cc(C(=O)c2cccc3ccccc23)cc1-c1ccccc1Cl,8.2840
CCCCCn1cc(C(=O)c2cccc3ccccc23)cc1-c1ccccc1F,8.4815
CCCCCn1cc(C(=O)c2cccc3ccccc23)cc1-c1ccccc1OC,7.6990
CCCCCn1cc(C(=O)c2cccc3ccccc23)cc1-c1ccccc1CCCC,7.1612
CCCCCn1cc(C(=O)c2cccc3ccccc23)cc1-c1ccccc1CC,8.4685
CCCCCCCn1cc(C(=O)c2cccc3ccccc23)cc1-c1ccccc1,7.2076
CCCCCCn1cc(C(=O)c2cccc3ccccc23)cc1-c1ccccc1,8.1487
CCCCCn1cc(C(=O)c2cccc3ccccc23)cc1-c1ccccc1,8.1938
CCCCn1cc(C(=O)c2cccc3ccccc23)cc1-c1ccccc1,7.8239
CCCn1cc(C(=O)c2cccc3ccccc23)cc1-c1ccccc1,6.9830
CC(NC(=O)C(C)(C)Oc1ccc(Cl)cc1)C(Cc1ccc(Cl)cc1)c1ccc(Cl)cc1,5.9586
C[C@H](NC(=O)C(C)(C)Oc1ccc(C(F)(F)F)cn1)[C@@H](Cc1ccc(Cl)cc1)c1cccc(C#N)c1,6.5376
C[C@H](NC(=O)C(C)(C)Oc1ccc(C(F)(F)F)cn1)[C@@H](Cc1ccc(Cl)cc1)c1ccccc1,6.8539
C[C@H](NC(=O)C(C)(C)Oc1ccc(Cl)cn1)[C@@H](Cc1ccc(Cl)cc1)c1ccccc1,7.0000
C[C@H](NC(=O)C(C)(C)Oc1ccncc1)[C@H](Cc1ccc(Cl)cc1)c1ccccc1,5.9208
C[C@H](NC(=O)C(C)(C)Oc1ccccn1)[C@@H](Cc1ccc(Cl)cc1)c1ccccc1,7.0555
C[C@H](NC(=O)C(C)(C)Oc1cc(F)cc(F)c1)[C@@H](Cc1ccc(Cl)cc1)c1ccccc1,6.6990
C[C@H](NC(=O)C(C)(C)Oc1cccc(F)c1)[C@@H](Cc1ccc(Cl)cc1)c1ccccc1,6.5376
C[C@H](NC(=O)C(C)(C)Oc1ccccc1)[C@@H](Cc1ccc(Cl)cc1)c1ccccc1,6.3468
C[C@H](NC(=O)C(C)(C)Oc1cccc(Cl)c1)[C@@H](Cc1ccc(Cl)cc1)c1ccccc1,6.7212
C[C@@H](NC(=O)C(C)(C)Oc1ccc(Cl)cc1)[C@H](Cc1ccc(Cl)cc1)c1ccccc1,5.7696
C[C@H](NC(=O)C(C)(C)Oc1ccc(Cl)cc1)[C@@H](Cc1ccc(Cl)cc1)c1ccccc1,6.1135
CC(NC(=O)C(C)(C)Oc1ccc(Cl)cc1)C(Cc1ccc(Cl)cc1)c1ccccc1,6.2147
C[C@H](NC(=O)C(C)(C)Oc1ccc(Cl)cc1)[C@@H](Cc1ccc(Cl)cc1)c1ccccc1F,6.3872
C[C@H](NC(=O)C(C)(C)Oc1ccc(Cl)cc1)[C@@H](Cc1ccc(Cl)cc1)c1cccc(F)c1,6.2757
C[C@@H](NC(=O)C(C)(C)Oc1ccc(Cl)cc1)[C@H](Cc1ccc(Cl)cc1)c1ccc(Cl)cc1,6.2218
O=C(c1cccc(C(F)(F)F)c1)c1nccc2ccccc12,5.3000
CCCCCCC(C)(C)c1cc(O)c2c(c1)OC(C)(C)[C@H]1CC=C(CO)C[C@H]21,9.6000
CCCCCc1cc(O)cc(OCCCCCC(=O)NC2CC2)c1,6.0177
CCCCCCc1ccc(O)cc1OCCCCCCCCCCCCCCCC(=O)NC1CC1,5.6038
CCCCCCc1ccc(O)cc1OCCCCCCCCCCC(=O)Nc1ccc(O)cc1,5.6757
CCCCCCc1ccc(O)cc1OCCCCCCCCCCC(=O)NC1CC1,7.5229
CCCCCCc1ccc(O)cc1OCCCCCCCCCCC(=O)NCCO,6.3768
CCCCCCc1ccc(O)cc1OCCCCCC(=O)NC1CC1,5.4473
CCCCCCc1ccc(OCCCCCCCCCCC(=O)NC2CC2)cc1O,6.4559
CCCCCCc1ccc(OCCCCCCCCCCC(=O)NCCO)cc1O,5.5686
CCCCCCc1ccc(OCCCCCC(=O)NC2CC2)cc1O,6.2676
CCCCCCc1ccc(OCCCCCC(=O)NCCO)cc1O,5.1918
O=C(CCCCCCCCCCCCCCCOc1cccc(O)c1)Nc1ccc(O)cc1,5.0000
O=C(CCCCCCCCCCOc1cccc(O)c1)NC1CC1,5.2676
CCCCCc1cc(O)cc(OCCCCCCCCCCC(=O)Nc2ccc(O)cc2)c1,5.8539
CCCCCc1cc(O)cc(OCCCCCCCCCCC(=O)NC2CC2)c1,7.8861
CCCCCc1cc(O)cc(OCCCCCCCCCCC(=O)NCCO)c1,6.7959
CCCCC/C=C\C/C=C\C/C=C\C/C=C\CCCC(=O)OC(CO)CO,5.8539
O=C(OCc1ccco1)c1cnc(N2CCOCC2)nc1C(F)(F)F,6.2007
O=C(NCc1ccc(F)cc1)c1cnc(Nc2cccc(Cl)c2)nc1C(F)(F)F,7.2007
N#Cc1ccc(CNC(=O)c2cnc(Nc3cccc(Cl)c3)nc2C(F)(F)F)cc1,6.6576
COc1ccc(CNC(=O)c2cnc(Nc3cccc(Cl)c3)nc2C(F)(F)F)cc1,6.6696
O=C(NCc1ccc(Cl)cc1)c1cnc(Nc2cccc(Cl)c2)nc1C(F)(F)F,6.3979
COc1cccc(CNC(=O)c2cnc(Nc3cccc(Cl)c3)nc2C(F)(F)F)c1,4.6021
O=C(NCc1cccc(Cl)c1)c1cnc(Nc2cccc(Cl)c2)nc1C(F)(F)F,5.8013
O=C(NCc1ccccc1Cl)c1cnc(Nc2cccc(Cl)c2)nc1C(F)(F)F,5.0000
O=C(NCc1ccccc1)c1cnc(Nc2cccc(Br)c2)nc1C(F)(F)F,6.6383
O=C(NCc1ccccc1)c1cnc(Nc2cccc(F)c2)nc1C(F)(F)F,6.5086
N#Cc1ccc(Nc2ncc(C(=O)NCc3ccccc3)c(C(F)(F)F)n2)cc1,6.3979
N#Cc1cccc(Nc2ncc(C(=O)NCc3ccccc3)c(C(F)(F)F)n2)c1,6.3420
O=C(NCc1ccccc1)c1cnc(Nc2ccc(Cl)cc2)nc1C(F)(F)F,6.8996
O=C(NCc1ccccc1)c1cnc(Nc2cccc(Cl)c2)nc1C(F)(F)F,6.6108
O=C(NCc1ccccc1)c1cnc(Nc2ccccc2Cl)nc1C(F)(F)F,6.6021
COc1ccc(Nc2ncc(C(=O)NCc3ccccc3)c(C(F)(F)F)n2)cc1,6.6990
COc1cccc(Nc2ncc(C(=O)NCc3ccccc3)c(C(F)(F)F)n2)c1,6.3325
COc1ccccc1Nc1ncc(C(=O)NCc2ccccc2)c(C(F)(F)F)n1,6.8013
O=C(NCc1ccccc1)c1cnc(Nc2ccccc2)nc1C(F)(F)F,6.3979
O=C(NCc1ccco1)c1cnc(Nc2ccccc2)nc1C(F)(F)F,6.2007
O=C(NCC1CCOCC1)c1cnc(Nc2ccc(F)cc2F)nc1C(F)(F)F,6.2007
O=C(NCC1CCOCC1)c1cnc(Nc2cc(F)cc(F)c2)nc1C(F)(F)F,6.9031
O=C(NCC1CCOCC1)c1cnc(Nc2cccc(F)c2F)nc1C(F)(F)F,6.3979
O=C(NCC1CCOCC1)c1cnc(Nc2ccc(Cl)cc2F)nc1C(F)(F)F,6.6990
O=C(NCC1CCOCC1)c1cnc(Nc2ccc(F)cc2Cl)nc1C(F)(F)F,6.3979
O=C(NCC1CCOCC1)c1cnc(Nc2cc(Cl)ccc2F)nc1C(F)(F)F,6.9031
O=C(NCC1CCOCC1)c1cnc(Nc2cccc(Cl)c2F)nc1C(F)(F)F,6.9031
O=C(NCC1CCOCC1)c1cnc(Nc2cc(Cl)cc(Cl)c2)nc1C(F)(F)F,7.4815
O=C(NCC1CCOCC1)c1cnc(Nc2ccc(Cl)c(Cl)c2)nc1C(F)(F)F,7.3098
O=C(NCC1CCOCC1)c1cnc(Nc2c(Cl)cccc2Cl)nc1C(F)(F)F,6.2007
O=C(NCC1CCOCC1)c1cnc(Nc2cc(Cl)ccc2Cl)nc1C(F)(F)F,7.0000
O=C(NCC1CCOCC1)c1cnc(Nc2ccc(Cl)cc2Cl)nc1C(F)(F)F,6.8328
O=C(NCC1CCOCC1)c1cnc(Nc2cccc(Cl)c2Cl)nc1C(F)(F)F,7.0969
O=C(NCC1CC1)c1cnc(Nc2cccc(Cl)c2)nc1C(F)(F)F,7.0969
O=C(NCC1(O)CCCCC1)c1cnc(Nc2cccc(Cl)c2)nc1C(F)(F)F,6.9031
O=C(NCC1CCC1)c1cnc(Nc2cccc(Cl)c2)nc1C(F)(F)F,7.3979
O=C(NCC1CCCC1)c1cnc(Nc2cccc(Cl)c2)nc1C(F)(F)F,7.0969
O=C(NCC1CCOCC1)c1cnc(Nc2cccc(Cl)c2)nc1C(F)(F)F,7.3010
O=C(NCC1CCNCC1)c1cnc(Nc2cccc(Cl)c2)nc1C(F)(F)F,5.3010
O=C(NCC1CCCCC1)c1cnc(Nc2cccc(Cl)c2)nc1C(F)(F)F,7.0969
O=C(NCc1ccncc1)c1cnc(Nc2cccc(Cl)c2)nc1C(F)(F)F,7.2614
CCCCCCC/C=C/C=C/C(=O)NCC(C)C,7.2529
CCCCCc1cc(O)cc(OCCCCCCCC(=O)NCCO)c1,6.4089
CCCCCc1ccc(OCCCCCCCCCCC(=O)NC2CC2)cc1O,7.8861
CCCCCCc1ccc(OCCCCCCCCCCCC(=O)NC2CC2)cc1O,5.4045
CCCCCCc1ccc(OCCCCCCCCCCC(=O)NCC2CC2)cc1O,5.5376
CCCCCCc1ccc(OCCCCCCCC(=O)NC2CC2)cc1O,6.5528
CCCCCCc1ccc(OCCCCCCCC(=O)NCCO)cc1O,5.6198
CCCCCCc1c(O)cccc1OCCCCCCCCCCCC(=O)NC1CC1,7.4089
CCCCCCc1c(O)cccc1OCCCCCCCCCCCC(=O)NCCO,5.8477
CCCCCCc1c(O)cccc1OCCCCCCCCCCC(=O)NCc1ccc(OC)c(O)c1,5.6778
CCCCCCc1c(O)cccc1OCCCCCCCCCCC(=O)NCCc1ccc(O)c(O)c1,5.1024
CCCCCCc1c(O)cccc1OCCCCCCCCCCC(=O)NCC1CC1,6.3279
CCCCCCc1c(O)cccc1OCCCCCCCC(=O)NC1CC1,5.7447
CCCCCCc1c(O)cccc1OCCCCCCCC(=O)NCCO,5.4045
CCCCCc1cc(O)cc(OCCCCCCCCCCCC(=O)NC2CC2)c1,6.5086
CCCCCc1cc(O)cc(OCCCCCCCCCCCC(=O)NCCO)c1,7.4089
CCCCCc1cc(O)cc(OCCCCCCCCCCC(=O)NCc2ccc(OC)c(O)c2)c1,5.7825
CCCCCc1cc(O)cc(OCCCCCCCCCCC(=O)NCC2CC2)c1,7.0969
CCCCCc1cc(O)cc(OCCCCCCCC(=O)NC2CC2)c1,7.4089
Cc1c2c(n(-c3ccc(Cl)cc3Cl)c1-c1ccc(Cl)cc1)CCN(N1CCCCC1)C2=O,5.8861
Cc1c2c(n(-c3ccc(Cl)cc3Cl)c1-c1ccc(Cl)cc1)CCN(C1CCCCC1)C2=O,5.0809
Cc1c2c(n(-c3ccccc3Cl)c1-c1ccc(Cl)cc1)CCN(N1CCCCC1)C2=O,5.9586
COc1ccc(-c2c(C)c3c(n2-c2ccccc2Cl)CCN(N2CCCCC2)C3=O)cc1,6.0706
C[C@H](NC(=O)CCc1ccccc1)[C@@H](Cc1ccc(Cl)cc1)c1cccc(C#N)c1,5.8639
C[C@H](NC(=O)c1c(Cl)cccc1Cl)[C@@H](Cc1ccc(Cl)cc1)c1cccc(C#N)c1,6.0246
C[C@H](NC(=O)c1cc(Cl)cc(Cl)c1)[C@@H](Cc1ccc(Cl)cc1)c1cccc(C#N)c1,6.7430
C[C@H](NC(=O)c1ccccc1)[C@@H](Cc1ccc(Cl)cc1)c1cccc(C#N)c1,5.7196
C[C@H](NS(=O)(=O)/C=C/c1ccccc1)[C@@H](Cc1ccc(Cl)cc1)c1cccc(C#N)c1,5.9678
C[C@H](NS(=O)(=O)Cc1ccc(Cl)cc1)[C@@H](Cc1ccc(Cl)cc1)c1cccc(C#N)c1,5.7552
C[C@H](NS(=O)(=O)Cc1cccc(Cl)c1)[C@@H](Cc1ccc(Cl)cc1)c1cccc(C#N)c1,5.6990
C[C@H](NS(=O)(=O)Cc1ccccc1Cl)[C@@H](Cc1ccc(Cl)cc1)c1cccc(C#N)c1,5.7172
C[C@H](NS(=O)(=O)c1ccc2ccccc2c1)[C@@H](Cc1ccc(Cl)cc1)c1cccc(C#N)c1,5.9618
C[C@H](NS(=O)(=O)c1cccc2ccccc12)[C@@H](Cc1ccc(Cl)cc1)c1cccc(C#N)c1,5.9519
C[C@H](NS(=O)(=O)c1ccc(-c2ccccc2)cc1)[C@@H](Cc1ccc(Cl)cc1)c1cccc(C#N)c1,6.3915
C[C@H](NS(=O)(=O)c1cccc(-c2ccccc2)c1)[C@@H](Cc1ccc(Cl)cc1)c1cccc(C#N)c1,6.4041
C[C@H](NS(=O)(=O)c1cc(F)cc(F)c1)[C@@H](Cc1ccc(Cl)cc1)c1cccc(C#N)c1,5.9670
C[C@H](NS(=O)(=O)c1cc(C(F)(F)F)cc(C(F)(F)F)c1)[C@@H](Cc1ccc(Cl)cc1)c1cccc(C#N)c1,5.7557
C[C@H](NS(=O)(=O)c1cc(Cl)c(Cl)cc1Cl)[C@@H](Cc1ccc(Cl)cc1)c1cccc(C#N)c1,6.2062
C[C@H](NS(=O)(=O)c1cc(Cl)cc(Cl)c1)[C@@H](Cc1ccc(Cl)cc1)c1cccc(C#N)c1,6.0010
C[C@H](NS(=O)(=O)c1c(Cl)cccc1Cl)[C@@H](Cc1ccc(Cl)cc1)c1cccc(C#N)c1,6.5474
C[C@H](NS(=O)(=O)c1cc(Cl)ccc1Cl)[C@@H](Cc1ccc(Cl)cc1)c1cccc(C#N)c1,6.3026
C[C@H](NS(=O)(=O)c1ccc(Cl)cc1Cl)[C@@H](Cc1ccc(Cl)cc1)c1cccc(C#N)c1,6.5217
C[C@H](NS(=O)(=O)c1cccc(Cl)c1Cl)[C@@H](Cc1ccc(Cl)cc1)c1cccc(C#N)c1,6.6953
C[C@H](NS(=O)(=O)c1ccc(Cl)cc1)[C@@H](Cc1ccc(Cl)cc1)c1cccc(C#N)c1,6.3428
C[C@H](NS(=O)(=O)c1cccc(Cl)c1)[C@@H](Cc1ccc(Cl)cc1)c1cccc(C#N)c1,6.0927
C[C@H](NS(=O)(=O)c1ccccc1Cl)[C@@H](Cc1ccc(Cl)cc1)c1cccc(C#N)c1,6.1751
C[C@H](NS(=O)(=O)c1ccccc1)[C@@H](Cc1ccc(Cl)cc1)c1cccc(C#N)c1,5.8274
CCCCS(=O)(=O)N[C@@H](C)[C@@H](Cc1ccc(Cl)cc1)c1cccc(C#N)c1,5.8413
C[C@H](NC(=O)C(C)(C)Oc1cncc(C(F)(F)F)c1)[C@@H](Cc1ccc(Cl)cc1)c1cccc(C#N)c1,6.5456
C[C@H](NS(=O)(=O)CCc1ccccc1)[C@@H](Cc1ccc(Cl)cc1)c1cccc(C#N)c1,6.0438
O=C(NC1CCCCC1)c1cn(-c2ccc(Cl)cc2)c(-c2ccc(Cl)cc2Cl)n1,6.6198
O=C(NC1CCCCC1)c1cn(-c2ccc(Cl)cc2)c(-c2ccccc2Cl)n1,5.6383
O=C(NC1CCCCC1O)c1cn(-c2ccc(Cl)cc2)c(-c2ccc(Cl)cc2Cl)n1,5.9586
O=C(N[C@H]1CCCC[C@@H]1O)c1cn(-c2ccc(Cl)cc2)c(-c2ccccc2Cl)n1,5.2757
O=C(N[C@H]1CCC[C@@H]1O)c1cn(-c2ccc(Cl)cc2)c(-c2ccccc2Cl)n1,5.2007
O=C(N[C@H]1c2ccccc2C[C@H]1O)c1cn(-c2ccc(Cl)cc2)c(-c2ccccc2Cl)n1,5.9208
O=C(N[C@@H]1c2ccccc2C[C@@H]1O)c1cn(-c2ccc(Cl)cc2)c(-c2ccccc2Cl)n1,5.2924
CCc1c(C(=O)N[C@H]2CCCC[C@@H]2O)nc(-c2ccccc2Cl)n1-c1ccc(Br)cc1,5.5686
CCCc1c(C(=O)N[C@H]2CCCC[C@@H]2O)nc(-c2ccccc2Cl)n1-c1ccc(Cl)cc1,5.5686
CCc1c(C(=O)N[C@H]2CCCC[C@@H]2O)nc(-c2ccccc2Cl)n1-c1ccc(Cl)cc1,5.6383
COc1cc(C(=O)O)cc(OC)c1-c1cc(C)cc(C)c1,5.0000
COC(=O)c1cc(O)c(-c2cc(C)cc(C)c2)c(OC)c1,5.1938
CCCCCOC(=O)c1cc(O)c(-c2cc(C)cc(C)c2)c(O)c1,5.9586
COC(=O)c1cc(O)c(-c2cc(C)cc(C)c2)c(O)c1,5.3468
CCCCOC(=O)c1cc(O)c(-c2cc(C)cc(C)c2)c(O)c1,5.4949
CCCCCOC(=O)c1cc(O)c(-c2ccccc2)c(O)c1,5.3979
CCCCCOC(=O)c1cc(O)c(-c2cc(C)cc(C)c2)c(OC)c1,6.5686
Cc1ccc(OC(C)(C)C(=O)N[C@@H](C)[C@@H](Cc2ccc(OCCF)cc2)c2cccc(C#N)c2)nc1,7.3565
CCCCCNc1ccc(C(=O)c2cccc3ccccc23)c2ccccc12,6.9208
O=C(c1cccc2ccccc12)c1ccc(OCCc2ccccc2)c2ccccc12,5.6990
CCCCCCOc1ccc(C(=O)c2cccc3ccccc23)c2ccccc12,6.1805
CCCCCOc1ccc(C(=O)c2cccc3ccccc23)c2ccccc12,7.5544
CCCCOc1ccc(C(=O)c2cccc3ccccc23)c2ccccc12,7.0706
CCCOc1ccc(C(=O)c2cccc3ccccc23)c2ccccc12,7.0458
O=C(c1cccc2ccccc12)c1ccc(OCCN2CCOCC2)c2ccccc12,4.9586
Cc1nc(-c2ccccc2)c(-c2ccccc2)n1CCCCCCNC(=O)Oc1ccccc1F,4.5528
CCCCCCC(C)(C)c1ccc(-c2cc(C)cc(C)c2)c(CN2CCOCC2)c1,6.1805
CCCCCCC(C)(C)c1ccc(-c2cc(C)cc(C)c2)c(COC(=O)CN2CCOCC2)c1,9.0915
CCCCCCC(C)(C)c1ccc(-c2cc(C)cc(C)c2)c(CN)c1,6.4202
CCCCCCC(C)(C)c1ccc(-c2cc(C)cc(C)c2)c(CO)c1,6.3188
CCCCCCC(C)(C)c1ccc(-c2cc(C)cc(C)c2)c(C(N)=O)c1,6.4949
CCCCCCC(C)(C)c1ccc(-c2cc(C)cc(C)c2)c(C(=O)OC)c1,7.7984
CCCCCCC(C)(C)c1ccc(-c2cc(C)cc(C)c2)c(N)c1,7.2924
CCCCCCC(C)(C)c1ccc(-c2cc(C)cc(C)c2)c(OC)c1,7.4685
CCCCCCC(C)(C)c1ccc(-c2cccnc2)c(O)c1,7.6990
CCCCCCC(C)(C)c1ccc(-c2cccc(C#N)c2)c(O)c1,7.3468
CCCCCCC(C)(C)c1ccc(-c2ccc(N)cc2)c(O)c1,6.0000
CCCCCCC(C)(C)c1ccc(-c2cccc(N)c2)c(O)c1,7.3565
CCCCCCC(C)(C)c1ccc(-c2ccccc2N)c(O)c1,7.7696
CCCCCCC(C)(C)c1ccc(-c2ccc(OC)c(OC)c2)c(O)c1,5.7696
CCCCCCC(C)(C)c1ccc(-c2cccc(OC)c2)c(O)c1,6.2366
CCCCCCC(C)(C)c1ccc(-c2cccc(OC)c2OC)c(O)c1,8.1079
CCCCCCC(C)(C)c1ccc(-c2ccccc2OC)c(O)c1,9.0000
CCCCCCC(C)(C)c1ccc(-c2ccc(C)c(C)c2)c(O)c1,6.0809
CCCCCCC(C)(C)c1ccc(-c2cccc(C)c2C)c(O)c1,7.6990
CCCCCCC(C)(C)c1ccc(-c2cc(C)ccc2C)c(O)c1,8.1805
CCCCCCC(C)(C)c1ccc(-c2c(C)cccc2C)c(O)c1,7.7447
CNC(=O)CCCCC(C)(C)c1ccc(-c2cc(C)cc(C)c2)c(O)c1,7.4089
CNC(=O)CCC(C)(C)c1ccc(-c2cc(C)cc(C)c2)c(O)c1,6.8539
Cc1cc(C)cc(-c2ccc(C(C)(C)CCCCCO)cc2O)c1,8.4437
Cc1cc(C)cc(-c2ccc(C(C)(C)CCCO)cc2O)c1,7.2518
Cc1cc(C)cc(-c2ccc(C(C)(C)CO)cc2O)c1,6.2218
COC(=O)CCCCC(C)(C)c1ccc(-c2cc(C)cc(C)c2)c(O)c1,7.8539
COC(=O)CCC(C)(C)c1ccc(-c2cc(C)cc(C)c2)c(O)c1,8.2518
COC(=O)C(C)(C)c1ccc(-c2cc(C)cc(C)c2)c(O)c1,7.7959
CCCCCCC1(c2ccc(-c3cc(C)cc(C)c3)c(O)c2)CCCCC1,8.7696
CCCCCCC1(c2ccc(-c3cc(C)cc(C)c3)c(O)c2)CCCC1,8.2596
CCCCCCC1(c2ccc(-c3cc(C)cc(C)c3)c(O)c2)CC1,7.2596
CSC(=S)N1CC(C)(C)CS/C1=N\c1ccccc1C(C)C,8.0458
CSC(=S)N1CC2(CCCCC2)CS/C1=N\c1cccc2c1CCCN2C,8.9586
CSC(=S)N1CC2(CCCCC2)CS/C1=N\c1cccc2nonc12,9.0458
CSC(=S)N1CC2(CCCCC2)CS/C1=N\c1cccc2nsnc12,8.8861
CSC(=S)N1CC2(CCCCC2)CS/C1=N\c1cccc2ncccc12,7.9586
CSC(=S)N1CC2(CCCCC2)CS/C1=N\c1cccc2ccccc12,8.2218
CSC(=S)N1CC2(CCCCC2)CS/C1=N\c1ccc2c(c1)CCCC2,7.6198
CSC(=S)N1CC2(CCCCC2)CS/C1=N\c1cccc2c1CCCC2,9.6990
CSC(=S)N1CC2(CCCCC2)CS/C1=N\c1cccc2c1CCC2,8.3010
CSC(=S)N1CC2(CCCCC2)CS/C1=N\c1cccc(C)c1C,9.0000
CSC(=S)N1CC2(CCCCC2)CS/C1=N\c1ccccc1OC(F)(F)F,7.9208
CSC(=S)N1CC2(CCCCC2)CS/C1=N\c1ccccc1C(F)(F)F,8.9586
CCOc1ccccc1/N=C1\SCC2(CCCCC2)CN1C(=S)SC,8.2007
CSC(=S)N1CC2(CCCCC2)CS/C1=N\c1ccc(C#N)cc1,8.6383
CSC(=S)N1CC2(CCCCC2)CS/C1=N\c1ccc(OC(F)(F)F)cc1,8.2218
CSC(=S)N1CC2(CCCCC2)CS/C1=N\c1ccc(C(F)(F)F)cc1,7.7447
CCCc1ccc(/N=C2\SCC3(CCCCC3)CN2C(=S)SC)cc1,8.1549
CCc1ccc(/N=C2\SCC3(CCCCC3)CN2C(=S)SC)cc1,8.9208
COc1ccc(/N=C2\SCC3(CCCCC3)CN2C(=S)SC)cc1,8.4202
COc1cccc(/N=C2\SCC3(CCCCC3)CN2C(=S)SC)c1,9.0000
COc1ccccc1/N=C1\SCC2(CCCCC2)CN1C(=S)SC,8.9586
CSC(=S)N1CC2(CCCCC2)CS/C1=N\c1ccc(C(C)C)cc1,7.6383
CSC(=S)N1CC2(CCCCC2)CS/C1=N\c1cccc(C(C)C)c1,8.6021
CSC(=S)N1CC2(CCCCC2)CS/C1=N\c1ccccc1C(C)C,9.0969
CSC(=S)N1CC2(CCCC2)CS/C1=N\c1ccccc1C(C)C,9.0000
CSC(=S)N1CC2(CC2)CS/C1=N\c1ccccc1C(C)C,7.1871
CCC1(CC)CS/C(=N\c2ccccc2C(C)C)N(C(=S)SC)C1,8.0458
C[C@H]1OC(=O)[C@@H]2C[C@@H]3CCCC[C@H]3[C@H](/C=C/c3ccc(N4CCCC4)cn3)[C@H]12,6.3125
C[C@H]1OC(=O)[C@@H]2C[C@@H]3CCCC[C@H]3[C@H](/C=C/c3ccc(-c4cccnc4)cn3)[C@H]12,4.8861
Cc1c(C(C)(C)C)s/c(=N\S(=O)(=O)c2ccccc2)n1C,6.7136
Cc1c(C(C)(C)C)s/c(=N\S(=O)(=O)c2ccc3ccccc3c2)n1CC1CC1,6.3098
Cc1c(C(C)(C)C)s/c(=N\S(=O)(=O)c2cccc3ccccc23)n1CC1CC1,7.9693
C#CCn1c(C)c(C(C)(C)C)s/c1=N\S(=O)(=O)c1ccccc1,6.6778
Cc1c(C(C)(C)C)s/c(=N\S(=O)(=O)c2ccccc2)n1CC1CC1,7.1871
CC(C)=CCn1c(C)c(C(C)(C)C)s/c1=N\S(=O)(=O)c1ccccc1,6.7696
C=CCn1c(C)c(C(C)(C)C)s/c1=N\S(=O)(=O)c1ccccc1,7.1249
CC12CC3CC(C)(C1)CC(NC(=O)c1cn(Cc4ccc(F)cc4)c4ccccc4c1=O)(C3)C2,7.0788
CCCCCn1cc(C(=O)c2c3ccccc3cc3ccccc23)c(=O)c2ccccc21,5.8239
CCCCCn1cc(C(=O)c2ccccc2)c(=O)c2ccccc21,6.3507
CCCCCn1cc(C(=O)c2ccc3ccccc3c2)c(=O)c2ccccc21,5.8901
O=C(c1cn(CCC2CCCCC2)c2ccccc2c1=O)c1cccc2ccccc12,5.7773
O=C(c1cn(Cc2ccc(Br)cc2)c2ccccc2c1=O)c1cccc2ccccc12,6.0150
O=C(c1cn(Cc2ccc(Cl)cc2)c2ccccc2c1=O)c1cccc2ccccc12,5.9508
O=C(c1cn(Cc2ccc(F)cc2)c2ccccc2c1=O)c1cccc2ccccc12,6.6478
O=C(c1cn(Cc2ccccc2)c2ccccc2c1=O)c1cccc2ccccc12,6.1831
CCCCCCn1cc(C(=O)c2cccc3ccccc23)c(=O)c2ccccc21,6.2351
CCCCCn1cc(C(=O)c2cccc3ccccc23)c(=O)c2ccccc21,6.8125
CCCCn1cc(C(=O)c2cccc3ccccc23)c(=O)c2ccccc21,5.8097
CCCCCn1nc(C(=O)NC23CC4CC(C)(CC(C)(C4)C2)C3)c(=O)c2ccccc21,7.0315
CCCCCn1cc(C(=O)NC23CC4CC(C)(CC(C)(C4)C2)C3)c(=O)c2cccnc21,7.6289
CCCCCn1cc(C(=O)NC23CC4CC(C)(CC(C)(C4)C2)C3)c(=O)c2cnccc21,7.5100
CCCCCn1cc(C(=O)NC23CC4CC(C)(CC(C)(C4)C2)C3)c(=O)c2ncccc21,6.5867
CCCCCn1cc(C(=O)NC2CCCc3ccccc32)c(=O)c2cc(Cl)ccc21,6.6065
CCCCCn1cc(C(=O)NC(C)C23CC4CC(CC(C4)C2)C3)c(=O)c2ccc(Cl)cc21,7.3862
CCCCCn1cc(C(=O)NC(C)C23CC4CC(CC(C4)C2)C3)c(=O)c2cc(Cl)ccc21,6.6536
CCCCCn1cc(C(=O)NC23CC4CC(C)(CC(C)(C4)C2)C3)c(=O)c2cccc(Cl)c21,7.5622
CCCCCn1cc(C(=O)NC23CC4CC(C)(CC(C)(C4)C2)C3)c(=O)c2ccc(Cl)cc21,8.2757
CCCCCn1cc(C(=O)NC23CC4CC(C)(CC(C)(C4)C2)C3)c(=O)c2cc(Cl)ccc21,7.2628
CCCCCn1cc(C(=O)NC23CC4CC(C)(CC(C)(C4)C2)C3)c(=S)c2ccccc21,7.7399
CCCCCn1cc(CNC23CC4CC(CC(C4)C2)C3)c(=O)c2ccccc21,5.7773
CCCCCn1cc(NC(=O)c2cccc3ccccc23)c(=O)c2ccccc21,6.5768
CCCCCn1cc(NC(=O)CCc2ccccc2)c(=O)c2ccccc21,5.9469
CCCCCn1cc(NC(=O)C23CC4CC(CC(C4)C2)C3)c(=O)c2ccccc21,7.5935
CCCCCn1c(-c2ccccc2)c(C(=O)NC23CC4CC(CC(C4)C2)C3)c(=O)c2ccccc21,6.4711
CCCCCn1c(C)c(C(=O)NC(C)c2ccccc2)c(=O)c2ccccc21,6.1785
CCCCCn1c(-c2ccccc2)c(C(=O)NC23CC4CC(C)(CC(C)(C4)C2)C3)c(=O)c2ccccc21,6.9245
CCCCCn1c(C)c(C(=O)NC23CC4CC(C)(CC(C)(C4)C2)C3)c(=O)c2ccccc21,6.6990
CCCCCn1cc(C(=O)NC(C)C23CC4CC(CC(C4)C2)C3)c(=O)c2ccccc21,7.5452
CCCCCn1cc(C(=O)NCC23CC4CC(CC(C4)C2)C3)c(=O)c2ccccc21,7.4807
O=C(NC12CC3CC(CC(C3)C1)C2)c1cn(CCN2CCOCC2)c2ccccc2c1=O,6.8182
CC12CC3CC(C)(C1)CC(NC(=O)c1cn(CCN4CCOCC4)c4ccccc4c1=O)(C3)C2,6.6556
CC12CC3CC(C)(C1)CC(NC(=O)c1cn(CCCc4ccccc4)c4ccccc4c1=O)(C3)C2,6.7959
CC12CC3CC(C)(C1)CC(NC(=O)c1cn(CCc4ccccc4)c4ccccc4c1=O)(C3)C2,6.4776
O=C(NN1CCOCC1)C1=NN(c2ccc(Cl)cc2Cl)C(c2ccc(Cl)cc2)C1.O=S(=O)(O)O,4.6108
Cc1ccc(C(=O)Oc2cccc3cccnc23)cc1S(=O)(=O)N1CCCCC1,7.9990
N#Cc1cc(-c2ccc(Cl)cc2)c(-c2ccc(Cl)cc2Cl)nc1Oc1cccc(F)c1,5.6383
CNN(C)C(=O)c1cc(-c2ccc(Cl)cc2)c(-c2ccc(Cl)cc2Cl)nc1Oc1ccc(F)c(F)c1,6.1871
CN(C)NC(=O)c1cc(-c2ccc(Cl)cc2)c(-c2ccc(Cl)cc2Cl)nc1Oc1ccc(F)c(F)c1,5.7447
CC(C)NC(=O)c1cc(-c2ccc(Cl)cc2)c(-c2ccc(Cl)cc2Cl)nc1Oc1ccc(F)c(F)c1,5.7959
NC(=O)c1cc(-c2ccc(Cl)cc2)c(-c2ccc(Cl)cc2Cl)nc1Oc1ccc(F)c(F)c1,5.3098
Cn1cc(-c2nc(-c3ccccc3Cl)c(-c3ccc(Cl)cc3)cc2C#N)cn1,5.4815
N#Cc1cc(-c2ccc(Cl)cc2)c(-c2ccccc2Cl)nc1-c1cncnc1,5.3665
N#Cc1cc(-c2ccc(Cl)cc2)c(-c2ccccc2Cl)nc1-c1cccnc1,5.4318
CCC(N)(C#Cc1nc(-c2ccccc2Cl)c(-c2ccc(Cl)cc2)cc1C#N)CC,5.9586
CC(C)(O)C#Cc1nc(-c2ccccc2Cl)c(-c2ccc(Cl)cc2)cc1C#N,5.7447
CC(C)(C)C#Cc1nc(-c2ccccc2Cl)c(-c2ccc(Cl)cc2)cc1C#N,5.6778
CC(C)N1CCN(c2nc(-c3ccccc3Cl)c(-c3ccc(Cl)cc3)cc2C#N)C(=O)C1=O,6.1457
N#Cc1cc(-c2ccc(Cl)cc2)c(-c2ccccc2Cl)nc1N1CCN(S(=O)(=O)c2cc(F)cc(F)c2)CC1,5.8539
CC(C)(C)C(=O)N1CCN(c2nc(-c3ccccc3Cl)c(-c3ccc(Cl)cc3)cc2C#N)CC1,5.9586
CC(C)(C)N1CCN(c2nc(-c3ccccc3Cl)c(-c3ccc(Cl)cc3)cc2C#N)CC1,5.5850
N#Cc1cc(-c2ccc(Cl)cc2)c(-c2ccc(Cl)cc2Cl)nc1NC(=O)c1ccc(F)c(F)c1,6.5017
CC(C)(C)C(=O)Nc1nc(-c2ccc(Cl)cc2Cl)c(-c2ccc(Cl)cc2)cc1C#N,5.7696
N#Cc1cc(-c2ccc(Cl)cc2)c(-c2ccc(Cl)cc2Cl)nc1-n1nnc2ccccc21,6.3325
N#Cc1cc(-c2ccc(Cl)cc2)c(-c2ccc(Cl)cc2Cl)nc1-n1ccnc1,6.5086
N#Cc1cc(-c2ccc(Cl)cc2)c(-c2ccc(Cl)cc2Cl)nc1N1CCCCC1,5.3979
CC(C)CNc1nc(-c2ccc(Cl)cc2Cl)c(-c2ccc(Cl)cc2)cc1C#N,5.7447
N#Cc1cc(-c2ccc(Cl)cc2)c(-c2ccc(Cl)cc2Cl)nc1OCCNC(=O)C1CCC1,6.3468
N#Cc1cc(-c2ccc(Cl)cc2)c(-c2ccc(Cl)cc2Cl)nc1OCC1CCOC1,6.3665
N#Cc1cc(-c2ccc(Cl)cc2)c(-c2ccc(Cl)cc2Cl)nc1OC1CCOC1,6.1367
CC(C)Oc1nc(-c2ccc(Cl)cc2Cl)c(-c2ccc(Cl)cc2)cc1C#N,6.0655
N#Cc1cc(-c2ccc(Cl)cc2)c(-c2ccc(Cl)cc2Cl)nc1Nc1ccc(F)cc1,5.5528
N#Cc1cc(-c2ccc(Cl)cc2)c(-c2ccc(Cl)cc2Cl)nc1Sc1ccc(F)cc1,5.2840
N#Cc1cc(-c2ccc(Cl)cc2)c(-c2ccccc2Cl)nc1Oc1ccc(F)c(F)c1,5.2441
N#Cc1cc(-c2ccc(Cl)cc2)c(-c2ccc(Cl)cc2Cl)nc1Oc1cc(Cl)cc(Cl)c1,5.2518
N#Cc1cc(-c2ccc(Cl)cc2)c(-c2ccc(Cl)cc2Cl)nc1Oc1cc(F)cc(F)c1,6.4949
N#Cc1cc(-c2ccc(Cl)cc2)c(-c2ccc(Cl)cc2Cl)nc1Oc1ccc(F)c(F)c1,5.3872
COc1ccc(Oc2nc(-c3ccc(Cl)cc3Cl)c(-c3ccc(Cl)cc3)cc2C#N)cc1,5.4202
N#Cc1cc(-c2ccc(Cl)cc2)c(-c2ccc(Cl)cc2Cl)nc1Oc1ccc(Cl)cc1,5.3768
N#Cc1cc(-c2ccc(Cl)cc2)c(-c2ccc(Cl)cc2Cl)nc1Oc1cccc(Cl)c1,5.3872
N#Cc1cc(-c2ccc(Cl)cc2)c(-c2ccc(Cl)cc2Cl)nc1Oc1ccc(F)cc1,5.3565
CCOC(=O)N1CC(C)(C)CS/C1=N\c1ccccc1C(C)C,6.4304
CSC(=S)N1CC(C)CS/C1=N\c1ccccc1C(C)C,7.0088
CSC(=S)N1CCCS/C1=N\c1ccccc1C(C)C,5.8011
CSC(=S)N1CC(C)(C)CS/C1=N\c1ccccc1Oc1ccccc1,5.5346
CSC(=S)N1CC(C)(C)CS/C1=N\c1ccccc1-c1ccccc1,6.0048
CSC(=S)N1CC(C)(C)CS/C1=N\c1ccccc1C(F)(F)F,6.8508
CCOc1ccccc1/N=C1\SCC(C)(C)CN1C(=S)SC,7.0757
COc1ccccc1/N=C1\SCC(C)(C)CN1C(=S)SC,7.7447
CSC(=S)N1CC(C)(C)CS/C1=N\c1ccccc1Br,6.4306
CSC(=S)N1CC(C)(C)CS/C1=N\c1ccccc1Cl,6.1415
CSC(=S)N1CC(C)(C)CS/C1=N\c1ccccc1F,6.5986
CSC(=S)N1CC(C)(C)CS/C1=N\c1ccccc1C(C)(C)C,6.5045
CCCc1ccccc1/N=C1\SCC(C)(C)CN1C(=S)SC,7.2441
CCc1ccccc1/N=C1\SCC(C)(C)CN1C(=S)SC,7.2676
CSC(=S)N1CC(C)(C)CS/C1=N\c1ccccc1C,6.6946
CSC(=S)N1CC(C)(C)CS/C1=N\c1ccccc1,6.5003
CSC(=S)N1CC(C)(C)CS/C1=N\c1ccc(C(C)C)cc1,7.6576
CSC(=S)N1CC(C)(C)CS/C1=N\c1cccc(C(C)C)c1,7.4815
CC(C)c1ccccc1/N=C1\SCC(C)(C)CN1Cc1ccccc1,5.8665
CCCN1CC(C)(C)CS/C1=N\c1ccccc1C(C)C,6.0386
CCN1CC(C)(C)CS/C1=N\c1ccccc1C(C)C,5.3116
CC(C)SC(=S)N1CC(C)(C)CS/C1=N\c1ccccc1C(C)C,6.5607
CCCSC(=S)N1CC(C)(C)CS/C1=N\c1ccccc1C(C)C,6.9245
CCSC(=S)N1CC(C)(C)CS/C1=N\c1ccccc1C(C)C,7.4559
CCOC(=S)N1CC(C)(C)CS/C1=N\c1ccccc1C(C)C,6.6383
CCSC(=O)N1CC(C)(C)CS/C1=N\c1ccccc1C(C)C,7.3188
CCC(=O)N1CC(C)(C)CS/C1=N\c1ccccc1C(C)C,5.6799
CCCCCCC(C)(C)c1cccc(OCC/C=C\C/C=C\CCCC(=O)N[C@H](C)CO)c1,7.6680
CCCCCCC(C)(C)c1cccc(OCC/C=C\C/C=C\C/C=C\CCCC(=O)N[C@H](C)CO)c1,6.7235
C[C@H](CO)NC(=O)CCC/C=C\C/C=C\CCOc1cccc(C(C)(C)CCCC#N)c1,8.5045
C[C@H](CO)NC(=O)CCC/C=C\C/C=C\CCOc1cccc(C(C)(C)CCCCN=[N+]=[N-])c1,8.5986
C[C@H](CO)NC(=O)CCC/C=C\C/C=C\CCOc1cccc(C(C)(C)CCCCBr)c1,8.1273
C[C@H](CO)NC(=O)CCC/C=C\C/C=C\CCOc1cccc(C(C)(C)CCCCO)c1,7.9626
CCCCCCC(C)(C)c1ccccc1/C=C\C/C=C\C/C=C\CCCC(=O)N[C@H](C)CO,6.5895
CCCCCCC(C)(C)c1ccc(OCC/C=C\C/C=C\CCCC(=O)N[C@H](C)CO)cc1,7.1067
CCS(=O)(=O)n1c2c(c3cc(C(=O)N4CCC(C)CC4)ccc31)CN(Cc1ccccc1)C2,7.4318
CCS(=O)(=O)n1c2c(c3cc(C(=O)N4CCC(C)CC4)ccc31)CN(CCC1CCCCC1)C2,5.7029
CCS(=O)(=O)n1c2c(c3cc(C(=O)N4CCC(C)CC4)ccc31)CN(CC1CCCCC1)C2,6.0292
CCS(=O)(=O)n1c2c(c3cc(C(=O)N4CCC(C)CC4)ccc31)CN(CC1CC1)C2,8.7508
CCCCN1Cc2c(n(S(=O)(=O)CC)c3ccc(C(=O)N4CCC(C)CC4)cc23)C1,8.1717
CCCN1Cc2c(n(S(=O)(=O)CC)c3ccc(C(=O)N4CCC(C)CC4)cc23)C1,7.9547
CCS(=O)(=O)n1c2c(c3cc(C(=O)N4CCC(C)CC4)ccc31)CN(C(C)C)C2,8.5482
C=CCN1Cc2c(n(S(=O)(=O)CC)c3ccc(C(=O)N4CCC(C)CC4)cc23)C1,8.8583
CCS(=O)(=O)n1c2c(c3cc(C(=O)N4CCC(C)CC4)ccc31)CN(C1CCCCO1)C2,8.2620
CCS(=O)(=O)n1c2c(c3cc(C(=O)N4CCC(C)CC4)ccc31)CN(C1CCOCC1)C2,6.6655
CCS(=O)(=O)n1c2c(c3cc(C(=O)N4CCC(C)CC4)ccc31)CN(C1CCOC1)C2,7.5560
CCS(=O)(=O)n1c2c(c3cc(C(=O)N(C)CCC(C)C)ccc31)CN(C1CCCC1)C2,7.4191
CCCCN(C)C(=O)c1ccc2c(c1)c1c(n2S(=O)(=O)CC)CN(C2CCCC2)C1,8.0248
CCS(=O)(=O)n1c2c(c3cc(C(=O)N(C)C(C)C)ccc31)CN(C1CCCC1)C2,6.9706
CCS(=O)(=O)n1c2c(c3cc(C(=O)N4CCC(OC)CC4)ccc31)CN(C1CCCC1)C2,7.5591
CCS(=O)(=O)n1c2c(c3cc(C(=O)N4CCOCC4)ccc31)CN(C1CCCC1)C2,6.5114
CCS(=O)(=O)n1c2c(c3cc(C(=O)N4CCC(F)CC4)ccc31)CN(C1CCCC1)C2,7.3546
CCS(=O)(=O)n1c2c(c3cc(C(=O)N4CCCCC4)ccc31)CN(C1CCCC1)C2,8.2633
CC(=O)n1c2c(c3cc(C(=O)N4CCC(C)CC4)ccc31)CN(C1CCCC1)C2,7.0550
CCCS(=O)(=O)n1c2c(c3cc(C(=O)N4CCC(C)CC4)ccc31)CN(C1CCCC1)C2,7.9128
CC1CCN(C(=O)c2ccc3c(c2)c2c(n3S(=O)(=O)C3CC3)CN(C3CCCC3)C2)CC1,8.4254
CC1CCN(C(=O)c2ccc3c(c2)c2c(n3S(=O)(=O)C(C)C)CN(C3CCCC3)C2)CC1,8.8389
CCS(=O)(=O)n1c2c(c3cc(C(=O)N4CCC(C)CC4)ccc31)CN(C1CCCC1)C2,8.6259
CC1CCN(C(=O)c2ccc3c(c2)c2c(n3S(C)(=O)=O)CN(C3CCCC3)C2)CC1,8.1024
CC1CCN(C(=O)c2ccc3c(c2)c2c(n3Cc3ccccc3)CN(C3CCCC3)C2)CC1,6.9747
C=CCn1c2c(c3cc(C(=O)N4CCC(C)CC4)ccc31)CN(C1CCCC1)C2,7.9668
CC1CCN(C(=O)c2ccc3c(c2)c2c(n3C)CN(C3CCCC3)C2)CC1,7.0721
CC1CCN(C(=O)c2ccc3[nH]c4c(c3c2)CN(C2CCCC2)C4)CC1,5.3257
CC1CCN(C(=O)c2ccc3c(c2)c2c(n3S(=O)(=O)c3ccccc3)CN(C3CCCC3)C2)CC1,7.7770
CCCCCc1cc(O)c2c(c1)CC(C)(C)[C@@H]1CCC(C)=C[C@@H]21,7.3618
Cc1c(C(C)(C)C)s/c(=N\C(=O)c2ccccc2)n1CC1CC1,6.8253
Cc1c(C(C)(C)C)s/c(=N\C(=O)c2cc(C(F)(F)F)ccc2N(C)C)n1CC1CC1,8.0818
COc1ccc(C(F)(F)F)cc1C(=O)/N=c1\sc(C(C)(C)C)c(C)n1CC1CC1,9.0642
Cc1ccc(C(F)(F)F)cc1C(=O)/N=c1\sc(C(C)(C)C)c(C)n1CC1CC1,8.6232
Cc1c(C(C)(C)C)s/c(=N\C(=O)c2cc(C(F)(F)F)ccc2F)n1CC1CC1,8.6462
Cc1c(C(C)(C)C)s/c(=N\C(=O)c2cc(C(F)(F)F)ccc2Cl)n1CC1CC1,8.5379
Cc1c(C(C)(C)C)s/c(=N\C(=O)c2ccc(Cl)c(C(F)(F)F)c2)n1CC1CC1,6.6383
Cc1c(C(C)(C)C)s/c(=N\C(=O)c2cccc(C(F)(F)F)c2Cl)n1CC1CC1,9.3872
Cc1c(C(=O)N(C)C)s/c(=N\C(=O)c2cccc(C(F)(F)F)c2)n1CC1CC1,6.0000
CCOC(=O)c1s/c(=N\C(=O)c2cccc(C(F)(F)F)c2)n(CC2CC2)c1C,6.9586
Cc1c(C(C)C)s/c(=N\C(=O)c2cccc(C(F)(F)F)c2)n1CC1CC1,7.5376
Cc1s/c(=N\C(=O)c2cccc(C(F)(F)F)c2)n(CC2CC2)c1C,7.6021
CCOCCn1c(C)c(C(C)(C)C)s/c1=N\C(=O)c1cccc(C(F)(F)F)c1,8.6686
COCCn1c(C)c(C(C)(C)C)s/c1=N\C(=O)c1cccc(C(F)(F)F)c1,8.1259
CCCn1c(C)c(C(C)(C)C)s/c1=N\C(=O)c1cccc(C(F)(F)F)c1,7.3372
CCn1c(C)c(C(C)(C)C)s/c1=N\C(=O)c1cccc(C(F)(F)F)c1,7.1308
Cc1c(C(C)(C)C)s/c(=N\C(=O)c2cccc(C(F)(F)F)c2)n1C,6.6576
Cc1c(C(C)(C)C)s/c(=N\C(=O)c2ccccc2C(F)(F)F)n1CC1CC1,9.3010
Cc1c(C(C)(C)C)s/c(=N\C(=O)c2cccc(C(F)(F)F)c2)n1CC1CC1,7.9430
Cc1c(C(C)(C)C)s/c(=N\C(=O)c2cccc(OC(F)(F)F)c2)n1CC1CC1,8.1817
COc1cccc(C(=O)/N=c2\sc(C(C)(C)C)c(C)n2CC2CC2)c1,7.6198
Cc1cccc(C(=O)/N=c2\sc(C(C)(C)C)c(C)n2CC2CC2)c1,7.6576
Cc1c(C(C)(C)C)s/c(=N\C(=O)c2cccc(N(C)C)c2)n1CC1CC1,7.7696
Cc1c(C(C)(C)C)s/c(=N\C(=O)c2cccc(Br)c2)n1CC1CC1,9.2218
Cc1c(C(C)(C)C)s/c(=N\C(=O)c2cccc(Cl)c2)n1CC1CC1,7.6990
COc1ccc2c(=O)c(C(=O)NC3CCCCC3)cn(Cc3ccccc3)c2n1,7.9586
CCCCC/C=C\C/C=C\C/C=C\C/C=C\CCCC(=O)NCCCl,7.0223
O=c1c2cn(CCN3CCOCC3)c3ccccc3c-2nn1-c1ccccc1,5.6421
O=c1c2cn(Cc3ccccc3)c3cc(Cl)ccc3c-2nn1C1CCCCC1,5.7852
O=c1c2cn(Cc3ccccc3)c3ccccc3c-2nn1C1CCCCC1,6.1024
Nc1ccc2c(=O)cc(C(=O)NC3CCCCC3)n(Cc3ccccc3)c2n1,5.1024
O=C(NC1CCCCCC1)c1cn(CCN2CCOCC2)c2ccccc2c1=O,7.5528
O=C(NC1CCCCCC1)c1cn(Cc2ccccc2)c2ccccc2c1=O,8.1938
COc1ccc2c(=O)c(C(=O)NC3CCCCC3)cn(CCN3CCOCC3)c2c1,7.1024
COc1ccc2c(=O)c(C(=O)NC3CCCCC3)cn(Cc3ccccc3)c2c1,7.1024
CN(C)c1ccc2c(=O)c(C(=O)NC3CCCCC3)cn(CCN3CCOCC3)c2n1,7.0269
CC1=CC[C@@H]2[C@@H](C1)c1c(O)cc(-c3ccc(C)cc3)cc1OC2(C)C,7.1419
C=C(C)C1CCC(C)=C[C@H]1c1c(O)cc(C2(CCCCCC)CC2(Br)Br)cc1O,7.1993
C=C(C)C1CCC(C)=C[C@H]1c1c(O)cc(C2(CCCCCC)CC2(Cl)Cl)cc1O,7.4816
C=C(C)C1CCC(C)=C[C@H]1c1c(O)cc(C2(CCCCCC)CC2)cc1O,7.0017
C=C(C)C1CCC(C)=C[C@H]1c1c(O)cc(CCCCC)cc1O,6.6391
C=C(C)C1CCC(C)=C[C@H]1c1c(O)cc(C2(CCCCCC)SCCS2)cc1O,7.2988
C=C(C)C1CCC(C)=C[C@H]1c1c(O)cc(C2(C#N)CCCCC2)cc1O,6.9579
C=C(C)C1CCC(C)=C[C@H]1c1c(O)cc(C2(C#N)CCCC2)cc1O,6.9794
C=C(C)C1CCC(C)=C[C@H]1c1c(O)cc(-c2cccc3ccccc23)cc1O,6.6522
C=C(C)C1CCC(C)=C[C@H]1c1c(O)cc(-c2ccc(C)cc2)cc1O,6.4283
C=C(CCCCCC)c1cc(O)c2c(c1)OC(C)(C)[C@@H]1CC=C(C)C[C@@H]21,8.4808
CCCCCCC(=O)c1cc(O)c2c(c1)OC(C)(C)[C@@H]1CC=C(C)C[C@@H]21,7.0786
CCCCCCC1(c2cc(O)c3c(c2)OC(C)(C)[C@@H]2CC=C(C)C[C@@H]32)CC1(Br)Br,8.9886
CCCCCCC1(c2cc(O)c3c(c2)OC(C)(C)[C@@H]2CC=C(C)C[C@@H]32)CC1(Cl)Cl,9.5376
CCCCCCC1(c2cc(O)c3c(c2)OC(C)(C)[C@@H]2CC=C(C)C[C@@H]32)CC1,9.0655
CCCCCc1cc(O)c2c(c1)OC(C)(C)[C@@H]1CC=C(C)C[C@@H]21,7.6021
CCCCCCC1(c2cc(O)c3c(c2)OC(C)(C)[C@@H]2CC=C(C)C[C@@H]32)CCCC1,8.7184
CCCCCCC1(c2cc(O)c3c(c2)OC(C)(C)[C@@H]2CC=C(C)C[C@@H]32)SC(C)C(C)S1,7.7077
CCCCCCC1(c2cc(O)c3c(c2)OC(C)(C)[C@@H]2CC=C(C)C[C@@H]32)SCCCS1,8.4418
CCCCCCC1(c2cc(O)c3c(c2)OC(C)(C)[C@@H]2CC=C(C)C[C@@H]32)Sc2ccccc2S1,6.5900
CCCCCCC1(c2cc(O)c3c(c2)OC(C)(C)[C@@H]2CC=C(C)C[C@@H]32)OCCO1,9.6600
CCCCCCC1(c2cc(O)c3c(c2)OC(C)(C)[C@@H]2CC=C(C)C[C@@H]32)SCCS1,9.2840
CC1=CC[C@@H]2[C@@H](C1)c1c(O)cc(C3SCCS3)cc1OC2(C)C,6.9886
CC1=CC[C@@H]2[C@@H](C1)c1c(O)cc(C3(C#N)CCCCC3)cc1OC2(C)C,8.4101
CC1=CC[C@@H]2[C@@H](C1)c1c(O)cc(C3(C#N)CCCC3)cc1OC2(C)C,7.5993
CC1=CC[C@@H]2[C@@H](C1)c1c(O)cc(-c3cccc4ccccc34)cc1OC2(C)C,8.0273
CCCc1ccc(-c2cc(O)c3c(c2)OC(C)(C)[C@@H]2CC=C(C)C[C@@H]32)cc1,6.9687
CCc1ccc(-c2cc(O)c3c(c2)OC(C)(C)[C@@H]2CC=C(C)C[C@@H]32)cc1,7.2882
CC1=CC[C@@H]2[C@@H](C1)c1c(O)cc(C(C)(C)CCCCC(=O)NN3CCCCC3)cc1OC2(C)C,8.4949
CC1=CC[C@@H]2[C@@H](C1)c1c(O)cc(C(C)(C)CCCCOc3ccc(C#N)cc3)cc1OC2(C)C,8.9586
CC1=CC[C@@H]2[C@@H](C1)c1c(O)cc(C(C)(C)CCCCCC#N)cc1OC2(C)C,8.5376
CC1=CC[C@@H]2[C@@H](C1)c1c(O)cc(C(C)(C)CCCCC#N)cc1OC2(C)C,8.9586
CC1=CC[C@@H]2[C@@H](C1)c1c(O)cc(Oc3ccccc3)cc1OC2(C)C,7.6271
CC1=CC[C@@H]2[C@@H](C1)c1c(O)cc(C(C)(C)C3CCCCCC3)cc1OC2(C)C,9.6576
CC1=CC[C@@H]2[C@@H](C1)c1c(O)cc(C(C)(C)C3CCCC3)cc1OC2(C)C,9.4089
CC1=CC[C@@H]2[C@@H](C1)c1c(O)cc(C34CC5CC(CC(C5)C3)C4)cc1OC2(C)C,7.2840
O=C(c1ccc(Cl)c(S(=O)(=O)N2CCCC2)c1)N1CC[C@@H]2CCCC[C@H]2C1,8.5229
O=C(c1ccc(Cl)c(S(=O)(=O)N2CCCC2)c1)N1CCC2CCCCC2C1,8.3979
CC(C)c1ccc(C(=O)N2CCC3CCCCC3C2)cc1S(=O)(=O)N1CCCC1,9.3979
O=C(NC1CCCCC1)c1ccc(Cl)c(S(=O)(=O)N2CCCC2)c1,8.5229
CC(C)c1ccc(C(=O)NC2CCCCC2)cc1S(=O)(=O)N1CCCC1,8.3979
Cc1ccc(C(=O)NC2CCCCC2)cc1S(=O)(=O)N1CCCC1,7.6778
Cc1ccc(C(=O)N2CCC3CCCCC3C2)cc1S(=O)(=O)N1CCN(C(C)C)CC1,6.2306
Cc1ccc(C(=O)N2CCC3CCCCC3C2)cc1S(=O)(=O)N1CCC(O)CC1,6.6676
Cc1ccc(C(=O)N2CCC3CCCCC3C2)cc1S(=O)(=O)N1CCS(=O)(=O)CC1,8.6990
Cc1ccc(C(=O)N2CCC3CCCCC3C2)cc1S(=O)(=O)N1CCSCC1,9.0000
Cc1ccc(C(=O)N2CCC3CCCCC3C2)cc1S(=O)(=O)N1CCOCC1,8.3010
Cc1ccc(C(=O)N2CCC3CCCCC3C2)cc1S(=O)(=O)N1CCCCCC1,8.6990
Cc1ccc(C(=O)N2CCC3CCCCC3C2)cc1S(=O)(=O)N1CCC1,7.8861
Cc1ccc(C(=O)N2CCC3CCCCC3C2)cc1S(=O)(=O)N1CCCC1,8.3979
Cc1ccc(C(=O)N2CCC3CCCCC3C2)cc1S(=O)(=O)NCC(C)C,7.8539
Cc1ccc(C(=O)N2CCC3CCCCC3C2)cc1S(=O)(=O)NC(C)C,5.6413
Cc1ccc(C(=O)N2CCC3CCCCC3C2)cc1S(=O)(=O)N1CCCCC1,8.8239
Cc1ccc(C(=O)N2CCCC3CCCCC32)cc1S(=O)(=O)N1CCCCC1,8.2218
Cc1ccc(C(=O)N2CCCCC2)cc1S(=O)(=O)N1CCCCC1,7.0862
Cc1ccc(C(=O)N[C@H](C)C2CCCCC2)cc1S(=O)(=O)N1CCCCC1,7.7447
Cc1ccc(C(=O)N[C@@H](C)C2CCCCC2)cc1S(=O)(=O)N1CCCCC1,8.3010
Cc1ccc(C(=O)N(C)C2CCCCC2)cc1S(=O)(=O)N1CCCCC1,6.9245
Cc1ccc(C(=O)NC2CCCCC2)cc1S(=O)(=O)N1CCCCC1,7.8539
Cc1ccc(C(=O)NC2(C)CCCCC2)cc1S(=O)(=O)N1CCCCC1,7.7447
Cc1ccc(C(=O)Nc2ccccc2S(C)(=O)=O)cc1S(=O)(=O)N1CCCCC1,8.2218
Cc1ccc(C(=O)Nc2ccccc2C(F)(F)F)cc1S(=O)(=O)N1CCCCC1,8.6990
Cc1ccccc1NC(=O)c1ccc(C)c(S(=O)(=O)N2CCCCC2)c1,6.8125
COc1ccccc1NC(=O)c1ccc(C)c(S(=O)(=O)N2CCCCC2)c1,7.6778
Cc1ccc(C(=O)Nc2ccc(Cl)cc2)cc1S(=O)(=O)N1CCCCC1,4.8508
Cc1ccc(C(=O)Nc2cccc(Cl)c2)cc1S(=O)(=O)N1CCCCC1,7.5686
Cc1ccc(C(=O)Nc2ccccc2Cl)cc1S(=O)(=O)N1CCCCC1,8.3010
Cc1ccc(C(=O)Nc2ccccc2)cc1S(=O)(=O)N1CCCCC1,6.8570
Cc1ccc(C(=O)Nc2ccc3ccccc3n2)cc1S(=O)(=O)N1CCCCC1,6.7100
Cc1ccc(C(=O)Nc2nccc3ccccc23)cc1S(=O)(=O)N1CCCCC1,9.0000
Cc1ccc(C(=O)Nc2cccc3cccnc23)cc1S(=O)(=O)N1CCCCC1,8.3979
Cc1ccc(C(=O)N2CC[C@@H]3CCCC[C@H]3C2)cc1S(=O)(=O)N1CCCCC1,9.0000
CCN(Cc1ccccc1)C(=O)c1oc2ccc(S(=O)(=O)N3CC(C)CC(C)C3)cc2c1C,5.5086
Cc1c(C(=O)N2CCCCCC2)oc2ccc(S(=O)(=O)N3CC(C)CC(C)C3)cc12,5.3098
Cc1c(C(=O)NCCc2ccccc2)oc2ccc(S(=O)(=O)N3CC(C)CC(C)C3)cc12,5.2218
Cc1c(C(=O)NC2CCCCC2)oc2ccc(S(=O)(=O)N3CC(C)CC(C)C3)cc12,4.7595
CCCCNC(=O)c1oc2ccc(S(=O)(=O)N3CC(C)CC(C)C3)cc2c1C,5.0269
Cc1c(C(=O)NC2CCCC2)oc2ccc(S(=O)(=O)N3CC(C)CC(C)C3)cc12,5.1308
Cc1c(C(=O)NCc2ccc(F)cc2)oc2ccc(S(=O)(=O)N3CC(C)CC(C)C3)cc12,5.3979
Cc1ccc(CNC(=O)c2oc3ccc(S(=O)(=O)N4CC(C)CC(C)C4)cc3c2C)cc1,4.7190
CCOc1ccccc1CNC(=O)c1oc2ccc(S(=O)(=O)N3CC(C)CC(C)C3)cc2c1C,5.0044
COc1ccccc1CNC(=O)c1oc2ccc(S(=O)(=O)N3CC(C)CC(C)C3)cc2c1C,4.6421
Cc1c(C(=O)NCc2ccccc2Cl)oc2ccc(S(=O)(=O)N3CC(C)CC(C)C3)cc12,5.3188
Cc1c(C(=O)N(C)Cc2ccccc2)oc2ccc(S(=O)(=O)N3CC(C)CC(C)C3)cc12,5.1805
Cc1c(C(=O)NCc2ccccc2)oc2ccc(S(=O)(=O)N3CC(C)CC(C)C3)cc12,5.1805
Cc1c(C(=O)NC2CCCc3ccccc32)oc2ccc(S(=O)(=O)N3CC(C)CC(C)C3)cc12,4.6421
N#Cc1c(C(=O)NCc2ccc(Cl)c(Cl)c2)nn(-c2ccccc2)c1-n1cccc1,5.3528
Cc1c(C(=O)NC2CCCCC2)nn(-c2ccc(F)cc2F)c1-n1cccc1,7.1340
Cc1c(C(=O)NCc2ccc(Cl)c(Cl)c2)nn(-c2ccc(F)cc2F)c1-n1cccc1,6.3550
Cc1c(C(=O)NN2CCCCC2)nn(-c2ccc(F)cc2F)c1-n1cccc1,5.5713
Cc1c(C(=O)NC2CCCCC2)nn(-c2ccc(Cl)c(Cl)c2)c1-n1c(C)ccc1C,8.8861
Cc1c(C(=O)NCc2ccc(Cl)c(Cl)c2)nn(-c2ccc(Cl)c(Cl)c2)c1-n1c(C)ccc1C,5.8114
Cc1c(C(=O)NN2CCCCC2)nn(-c2ccc(Cl)c(Cl)c2)c1-n1c(C)ccc1C,7.4847
Cc1c(C(=O)NC2CCCCC2)nn(-c2ccc(Cl)c(Cl)c2)c1-n1cccc1,8.7696
Cc1c(C(=O)NCc2ccc(Cl)c(Cl)c2)nn(-c2ccc(Cl)c(Cl)c2)c1-n1cccc1,6.8200
Cc1c(C(=O)NN2CCCCC2)nn(-c2ccc(Cl)c(Cl)c2)c1-n1cccc1,7.6990
Cc1c(C(=O)NC2CCCCC2)nn(-c2ccc(Cl)cc2Cl)c1-n1c(C)ccc1C,7.0095
Cc1c(C(=O)NCc2ccc(Cl)c(Cl)c2)nn(-c2ccc(Cl)cc2Cl)c1-n1c(C)ccc1C,5.4045
Cc1c(C(=O)NN2CCCCC2)nn(-c2ccc(Cl)cc2Cl)c1-n1c(C)ccc1C,5.9577
Cc1c(C(=O)NC2CCCCC2)nn(-c2ccc(Cl)cc2Cl)c1-n1cccc1,7.1427
Cc1c(C(=O)NCc2ccc(Cl)c(Cl)c2)nn(-c2ccc(Cl)cc2Cl)c1-n1cccc1,6.2398
Cc1c(C(=O)NN2CCCCC2)nn(-c2ccc(Cl)cc2Cl)c1-n1cccc1,6.2305
Cc1c(C(=O)NCC2CCCCC2)nn(-c2ccc(Cl)cc2)c1-n1cccc1,6.3550
Cc1c(C(=O)NN2CCCCC2)nn(-c2ccc(Cl)cc2)c1-n1cccc1,5.6095
O=C(NC1CCCCC1)c1cc(-n2cccc2)n(-c2ccc(Cl)cc2)n1,5.7053
Cc1c(C(=O)NN2CCCCC2)nn(-c2ccc(Cl)cc2Cl)c1-c1ccc(I)cc1,6.9508
Cc1c(C(=O)NC2CCCCC2)nn(-c2c(Cl)cc(Cl)cc2Cl)c1-n1c(C)ccc1C,6.3550
Cc1c(C(=O)NN2CCCCC2)nn(-c2c(Cl)cc(Cl)cc2Cl)c1-n1c(C)ccc1C,5.3528
Cc1c(C(=O)NC2CCCCC2)nn(-c2ccc(F)cc2F)c1-n1c(C)ccc1C,6.1934
Cc1c(C(=O)NCc2ccc(Cl)c(Cl)c2)nn(-c2ccc(F)cc2F)c1-n1c(C)ccc1C,5.3528
Cc1c(C(=O)NN2CCCCC2)nn(-c2ccc(F)cc2F)c1-n1c(C)ccc1C,5.3528
CC1(C)C(C(=O)c2cn(CC3CCOCC3)c3cc(-c4ccccc4)ccc23)C1(C)C,9.3900
COC(=O)c1ccc2c(C(=O)C3C(C)(C)C3(C)C)cn(CC3CCOCC3)c2c1,8.8601
CC1(C)C(C(=O)c2cn(CC3CCOCC3)c3cc(CN)ccc23)C1(C)C,7.2100
CC1(C)C(C(=O)c2cn(CC3CCOCC3)c3cc(C#N)ccc23)C1(C)C,8.3000
CC1(C)C(C(=O)c2cn(CC3CCOCC3)c3ccc(-c4ccccc4)cc23)C1(C)C,7.2300
COC(=O)c1ccc2c(c1)c(C(=O)C1C(C)(C)C1(C)C)cn2CC1CCOCC1,6.6200
COCc1ccc2c(c1)c(C(=O)C1C(C)(C)C1(C)C)cn2CC1CCOCC1,7.5901
CC1(C)C(C(=O)c2cn(CC3CCOCC3)c3ccc(CO)cc23)C1(C)C,6.9500
CC1(C)C(C(=O)c2cn(CC3CCOCC3)c3ccc(C#N)cc23)C1(C)C,7.5200
CC1(C)C(C(=O)c2cn(CC3CCOCC3)c3ccc(OCCCCBr)cc23)C1(C)C,7.1400
CC1(C)C(C(=O)c2cn(CC3CCOCC3)c3ccc(OCCCCO)cc23)C1(C)C,6.5800
CC1(C)C(C(=O)c2cn(CCN3CCOCC3)c3cccc(N)c23)C1(C)C,7.4900
CC1(C)C(C(=O)c2cn(CCN3CCOCC3)c3cccc([N+](=O)[O-])c23)C1(C)C,6.5300
Cc1c(C(=O)C2C(C)(C)C2(C)C)c2ccccc2n1CCN1CCOCC1.Cl,7.5686
CC1(C)C(C(=O)c2cn(CCN3CCOCC3)c3cc(OCc4ccccc4)ccc23)C1(C)C,8.5300
COc1ccc2c(C(=O)C3C(C)(C)C3(C)C)cn(CCN3CCOCC3)c2c1,8.8000
COc1ccc2c(c1)c(C(=O)C1C(C)(C)C1(C)C)cn2CCN1CCOCC1,6.6300
CC1(C)C(C(=O)c2cn(CCN3CCOCC3)c3cc(O)ccc23)C1(C)C,6.9600
CC1(C)C(C(=O)c2cn(CCN3CCOCC3)c3ccc(O)cc23)C1(C)C,7.0400
CC1(C)C(C(=O)c2cn(CCN3CCOCC3)c3ccccc23)C1(C)C,8.3565
CC1(C)C(C(=O)c2cn(CC3CCOCC3)c3ccc(N)cc23)C1(C)C,8.0300
CC1(C)C(C(=O)c2cn(CC3CCOCC3)c3cc4c(cc23)OCO4)C1(C)C,8.9901
CC1(C)C(C(=O)c2cn(CC3CCOCC3)c3cc(O)c(O)cc23)C1(C)C,7.6739
COc1cc2c(cc1O)c(C(=O)C1C(C)(C)C1(C)C)cn2CC1CCOCC1,9.1575
COc1cc2c(cc1OCc1ccccc1)c(C(=O)C1C(C)(C)C1(C)C)cn2CC1CCOCC1,8.7501
CC1(C)C(C(=O)c2cn(CC3CCOCC3)c3c(OCc4ccccc4)cccc23)C1(C)C,8.5200
CC1(C)C(C(=O)c2cn(CC3CCOCC3)c3cc(OCc4ccccc4)ccc23)C1(C)C,9.0500
CC1(C)C(C(=O)c2cn(CC3CCOCC3)c3ccc(OCc4ccccc4)cc23)C1(C)C,8.8930
CC1(C)C(C(=O)c2cn(CC3CCOCC3)c3cccc(OCc4ccccc4)c23)C1(C)C,8.0300
COc1cccc2c(C(=O)C3C(C)(C)C3(C)C)cn(CC3CCOCC3)c12,9.9104
COc1ccc2c(C(=O)C3C(C)(C)C3(C)C)cn(CC3CCOCC3)c2c1,9.2900
COc1ccc2c(c1)c(C(=O)C1C(C)(C)C1(C)C)cn2CC1CCOCC1,8.3372
COc1cccc2c1c(C(=O)C1C(C)(C)C1(C)C)cn2CC1CCOCC1,8.4800
CC1(C)C(C(=O)c2cn(CC3CCOCC3)c3c(O)cccc23)C1(C)C,8.5000
CC1(C)C(C(=O)c2cn(CC3CCOCC3)c3cc(O)ccc23)C1(C)C,8.0700
CC1(C)C(C(=O)c2cn(CC3CCOCC3)c3ccc(O)cc23)C1(C)C,8.7201
CC1(C)C(C(=O)c2cn(CC3CCOCC3)c3cccc(O)c23)C1(C)C,8.4095
CC1(C)C(C(=O)c2cn(CC3CCOCC3)c3cc(S(C)(=O)=O)ccc23)C1(C)C,8.5300
CC1(C)C(C(=O)c2cn(CC3CCOCC3)c3cc(C(F)(F)F)ccc23)C1(C)C,8.4600
Cc1ccc2c(C(=O)C3C(C)(C)C3(C)C)cn(CC3CCOCC3)c2c1,9.8270
CC1(C)C(C(=O)c2cn(CC3CCOCC3)c3cc(Br)ccc23)C1(C)C,9.1900
CC1(C)C(C(=O)c2cn(CC3CCOCC3)c3cc(Cl)ccc23)C1(C)C,8.6000
CC1(C)C(C(=O)c2cn(CC3CCOCC3)c3ccc(Br)cc23)C1(C)C,8.1800
CC1(C)C(C(=O)c2cn(CC3CCOCC3)c3ccc(Cl)cc23)C1(C)C,8.5200
CC1(C)C(C(=O)c2cn(CC3CCOCC3)c3ccc(F)cc23)C1(C)C,8.7979
CC1(C)C(C(=O)c2cn(CC3CCOCC3)c3c(F)c(F)c(F)c(F)c23)C1(C)C,8.3055
CC1(C)C(C(=O)c2cn(CC3CCOCC3)c3ccccc23)C1(C)C,9.6700
CN1CCCCC1Cn1cc(C(=O)c2cc([N+](=O)[O-])ccc2I)c2ccccc21,7.9401
Cc1c(-c2nnnn2C2CCCC2)nn(-c2ccc(Cl)cc2Cl)c1-c1ccc(Br)cc1,5.3726
CCc1c(-c2nnnn2C2CCCC2)nn(-c2ccc(Cl)cc2Cl)c1-c1ccc(Br)cc1,5.7144
CCc1c(-c2nnnn2C2CCCC2)nn(-c2ccc(Cl)cc2Cl)c1-c1ccc(Cl)cc1,6.0757
Cc1c(-c2nnnn2C2CCCCCC2)nn(-c2ccc(Cl)cc2Cl)c1-c1ccc(Cl)cc1,6.0872
CCCCCCCCC(C)(C)c1ccc([C@@H]2C[C@H](O)CC[C@H]2CCCO)cc1,6.3757
CCCCCCCC(C)(C)c1ccc([C@@H]2C[C@H](O)CC[C@H]2CCCO)cc1,6.7620
CCCCCCC(C)(C)c1ccc([C@@H]2C[C@H](O)CC[C@H]2CCCO)cc1,6.6234
CCCCCC(C)(C)c1ccc([C@@H]2C[C@H](O)CC[C@H]2CCCO)cc1,6.6556
CCCCC(C)(C)c1ccc([C@@H]2C[C@H](O)CC[C@H]2CCCO)cc1,6.1549
CCCC(C)(C)c1ccc([C@@H]2C[C@H](O)CC[C@H]2CCCO)cc1,5.7491
CCC(C)(C)c1ccc([C@@H]2C[C@H](O)CC[C@H]2CCCO)cc1,5.8658
CCCCCCCCC(C)(C)c1ccc([C@@H]2CCC[C@@H](O)C2)cc1,5.9678
CCCCCCCC(C)(C)c1ccc([C@@H]2CCC[C@@H](O)C2)cc1,6.8125
CCCCCCC(C)(C)c1ccc([C@@H]2CCC[C@@H](O)C2)cc1,6.7496
CCCCCC(C)(C)c1ccc([C@@H]2CCC[C@@H](O)C2)cc1,7.0349
CCCCC(C)(C)c1ccc([C@@H]2CCC[C@@H](O)C2)cc1,6.2628
CCCC(C)(C)c1ccc([C@@H]2CCC[C@@H](O)C2)cc1,5.8222
CCC(C)(C)c1ccc([C@@H]2CCC[C@@H](O)C2)cc1,5.4249
CCCCCCCCC(C)(C)c1ccc([C@H]2CCC[C@@H](O)C2)cc1,5.9508
CCCCCCCC(C)(C)c1ccc([C@H]2CCC[C@@H](O)C2)cc1,6.1726
CCCCCCC(C)(C)c1ccc([C@H]2CCC[C@@H](O)C2)cc1,6.6364
CCCCCC(C)(C)c1ccc([C@H]2CCC[C@@H](O)C2)cc1,6.3372
CCCCC(C)(C)c1ccc([C@H]2CCC[C@@H](O)C2)cc1,6.1945
CCCC(C)(C)c1ccc([C@H]2CCC[C@@H](O)C2)cc1,5.6861
CCC(C)(C)c1ccc([C@H]2CCC[C@@H](O)C2)cc1,5.4010
CC(C)OCCn1/c(=N/C(=O)c2cccc(C(F)(F)F)c2F)cc(C(C)(C)C)n1C,8.8278
CCOCCn1/c(=N/C(=O)c2cccc(C(F)(F)F)c2F)cc(C(C)(C)C)n1C,8.6952
Cn1c(C(C)(C)C)c/c(=N\C(=O)c2cccc(C(F)(F)F)c2F)n1CC1CCCC1,9.0305
Cn1c(C(C)(C)C)c/c(=N\C(=O)c2cccc(C(F)(F)F)c2F)n1CC1CCC1,9.1322
Cc1ccc(C(F)(F)F)cc1C(=O)/N=c1\cc(C(C)(C)C)n(C)n1CC1CC1,7.0555
Cn1c(C(C)(C)C)c/c(=N\C(=O)c2cc(C(F)(F)F)ccc2F)n1CC1CC1,7.8469
Cc1c(C(=O)/N=c2\cc(C(C)(C)C)n(C)n2CC2CC2)cccc1C(F)(F)F,8.1576
Cn1c(C(C)(C)C)c/c(=N\C(=O)c2cccc(C(F)(F)F)c2Cl)n1CC1CC1,8.6279
Cn1c(C(C)(C)C)c/c(=N\C(=O)c2cccc(C(F)(F)F)c2F)n1CC1CC1,8.6412
Cn1c(C(C)(C)C)c/c(=N\C(=O)c2cccc(C(F)(F)F)c2)n1CC1CC1,7.2924
CC(C)(C)c1c/c(=N\C(=O)c2cccc(C(F)(F)F)c2)n(CC2CC2)o1,7.3372
CC(C)(C)c1c/c(=N\C(=O)c2cccc(C(F)(F)F)c2)n(CC2CC2)s1,8.0223
Cc1c(C(C)C)o/c(=N\C(=O)c2cccc(C(F)(F)F)c2)n1CC1CC1,7.6198
CC(C)(C)c1nn(CC2CC2)/c(=N/C(=O)c2cccc(C(F)(F)F)c2)s1,6.5229
O=C(NN1CCCCC1)c1nn(-c2ccc(Cl)cc2Cl)c(-c2ccc(-c3cccnc3)cc2)c1CO,5.6360
O=C(NN1CCCCC1)c1nn(-c2ccc(Cl)cc2Cl)c2c1CCCc1cc(Cl)ccc1-2,7.4660
COc1ccc([C@@H]2[C@@H](Cc3cc4ccccc4o3)C(=O)N2c2ccccc2)cc1,6.7118
CC(=O)SC(CCc1ccccc1)[C@H]1C(=O)N(c2ccc(F)cc2)[C@@H]1c1ccc(O)cc1,6.5498
COc1ccc(C2C(CCS(=O)(=O)c3ccccc3)C(=O)N2c2ccccc2)cc1,5.9056
COc1ccc([C@@H]2[C@@H](CCCc3cccnc3)C(=O)N2c2ccccc2)cc1,5.9624
CCOc1ccc(Cc2nc3cc(SCC)c(Cl)cc3[nH]2)cc1,5.6990
CCOc1ccc(Cc2nc3cc(SCC)c(Cl)cc3n2CC2CCOCC2)cc1,8.3979
CCOc1ccc(Cc2nc3cc(S(=O)(=O)CC)c(Cl)cc3n2CC2CCCCC2)cc1,8.3010
CCOc1ccc(Cc2nc3cc([S+]([O-])CC)c(Cl)cc3n2CC2CCCCC2)cc1,8.2007
CCOc1ccc(Cc2nc3cc(SCC)c(Cl)cc3n2CC2CCCCC2)cc1,6.9031
CCOc1ccc(Cc2nc3cc(S(=O)(=O)CC)c(Cl)cc3n2CC2CCOCC2)cc1,7.6990
CCOc1ccc(Cc2nc3cc([S+]([O-])CC)c(Cl)cc3n2CC2CCOCC2)cc1,7.6990
CCOc1ccc(Cc2nc3cc(S(=O)(=O)CC)ccc3n2CC2CCOCC2)cc1,8.3979
CCS(=O)(=O)c1ccc2c(c1)nc(C(C)(C)C)n2CC1CCCCC1,9.0969
CCS(=O)(=O)c1ccc2c(c1)nc(C(C)C)n2CC1CCCCC1,8.7959
CCS(=O)(=O)c1ccc2c(c1)nc(C)n2CC1CCCCC1,7.5086
CC(C)(C)c1nc2cc(S(=O)(=O)CCCC(F)(F)F)ccc2n1CC1CCOCC1,8.9793
Cc1cc(S(=O)(=O)c2ccc3c(c2)nc(C(C)(C)C)n3CC2CCOCC2)ccn1,8.8861
CC(C)(C)c1nc2cc(S(=O)(=O)c3ccnc(F)c3)ccc2n1CC1CCOCC1,9.0969
CCOc1cc(S(=O)(=O)c2ccc3c(c2)nc(C(C)(C)C)n3CC2CCOCC2)ccn1,9.5229
CC(C)(C)c1nc2cc(S(=O)(=O)c3ccco3)ccc2n1CC1CCOCC1,9.3979
CC(C)(C)c1nc2cc(S(=O)(=O)c3nccs3)ccc2n1CC1CCOCC1,9.0969
CC(C)(C)c1nc2cc(S(=O)(=O)c3ccncc3)ccc2n1CC1CCOCC1,8.9208
CC(=O)N(C)Cc1ccc(S(=O)(=O)c2ccc3c(c2)nc(C(C)(C)C)n3CC2CCOCC2)cc1,8.7959
CC(C)(C)c1nc2cc(S(=O)(=O)c3ccc(CN)cc3)ccc2n1CC1CCOCC1,8.3010
CC(C)(C)c1nc2cc(S(=O)(=O)c3ccc(C#N)cc3)ccc2n1CC1CCOCC1,9.2218
CC(C)(C)c1nc2cc(S(=O)(=O)c3cccc(C#N)c3)ccc2n1CC1CCOCC1,9.3010
CC(C)(C)c1nc2cc(S(=O)(=O)c3c(Cl)cccc3Cl)ccc2n1CC1CCOCC1,9.3979
CC(C)(C)c1nc2cc(S(=O)(=O)c3ccccc3)ccc2n1CC1CCCCC1,8.9208
CC(C)(C)c1nc2cc(S(=O)(=O)C(F)(F)c3ccc(C#N)cc3)ccc2n1CC1CCCCC1,8.7959
CC(C)(C)c1nc2cc(S(=O)(=O)Cc3ccc(C#N)cc3)ccc2n1CC1CCCCC1,9.3010
CC(=O)NCCCS(=O)(=O)c1ccc2c(c1)nc(C(C)(C)C)n2CC1CCOCC1,7.0000
CCNCCCS(=O)(=O)c1ccc2c(c1)nc(C(C)(C)C)n2CC1CCOCC1,6.8013
CC(C)(C)c1nc2cc(S(=O)(=O)CCN)ccc2n1CC1CCOCC1,8.0000
CC(C)(C)c1nc2cc(S(=O)(=O)CCO)ccc2n1CC1CCOCC1,8.6021
CC(C)(C)c1nc2cc(S(=O)(=O)CCC#N)ccc2n1CC1CCOCC1,8.3979
CC(C)(C)c1nc2cc(S(=O)(=O)CC3CC3)ccc2n1CC1CCOCC1,8.8861
CC(C)(C)c1nc2cc(S(=O)(=O)CCC(F)(F)F)ccc2n1CC1CCOCC1,8.8861
CCS(=O)(=O)c1ccc2c(c1)nc(C(C)(C)C)n2CC1CCOCC1,8.9208
CCS(=O)(=O)c1ccc2c(c1)nc(C1CC1)n2CC1CCOCC1,8.3979
CCS(=O)(=O)c1ccc2c(c1)nc(CC(C)C)n2CC1CCOCC1,8.3979
COC(=O)Cn1nnc(Cc2ccc(-c3ccccc3)cc2)n1,5.0915
N#CCn1nnc(Cc2ccc(-c3ccccc3)cc2)n1,5.2076
CC(C)Cn1nnc(Cc2ccc(-c3ccccc3)cc2)n1,5.3279
CC(C)Cn1nnnc1Cc1ccc(-c2ccccc2)cc1,5.1135
CC(=O)Cn1nnc(Cc2ccc(-c3ccccc3)cc2)n1,5.2840
CC(C)(C)CNC(=O)c1ccc(Br)c(S(=O)(=O)N2CCCCC2)c1,7.0000
CC(C)CNC(=O)c1ccc(Br)c(S(=O)(=O)N(C)Cc2ccccc2)c1,6.4685
CN(Cc1ccccc1)S(=O)(=O)c1cc(C(=O)NCC(C)(C)C)ccc1Br,6.3665
CC(C)(C)CNC(=O)c1ccc(Br)c(S(=O)(=O)N2CCOCC2)c1,6.3468
CC(C)(C)CNC(=O)c1ccc(Br)c(S(=O)(=O)N2CCCC2)c1,6.3979
CC(C)CNC(=O)c1ccc(Br)c(S(=O)(=O)N2CCCCC2)c1,6.3872
O=C(NCc1ccccc1)c1ccc(Br)c(S(=O)(=O)N2CCCCC2)c1,6.4437
O=C(NCc1cccnc1)c1ccc(Br)c(S(=O)(=O)N2CCCCC2)c1,6.4949
COc1cccc(CNC(=O)c2ccc(Br)c(S(=O)(=O)N3CCCCC3)c2)c1,6.6990
Cc1ccc(C(=O)NCC(C)(C)C)cc1S(=O)(=O)N1CCOCC1,6.0768
Cc1ccc(C(=O)NC(C)C(C)(C)C)cc1S(=O)(=O)N1CCOCC1,6.8239
Cc1ccc(C(=O)NC2C(C)CCCC2C)cc1S(=O)(=O)N1CCOCC1,7.1964
Cc1ccc(C(=O)N[C@H]2C(C)(C)[C@H]3CC[C@]2(C)C3)cc1S(=O)(=O)N1CCOCC1,7.4604
Cc1ccc(C(=O)NC(C(C)(C)C)C(C)(C)C)cc1S(=O)(=O)N1CCOCC1,7.4685
Cc1ccc(C(=O)NC23CC4CC(CC(C4)C2)C3)cc1S(=O)(=O)N1CCOCC1,7.5200
Cc1ccc(C(=O)NCC23CC4CC(CC(C4)C2)C3)cc1S(=O)(=O)N1CCOCC1,7.8010
Cc1ccc(C(=O)N[C@H]2CC3CC[C@@]2(C)C3(C)C)cc1S(=O)(=O)N1CCOCC1,7.9727
Cc1ccc(C(=O)NC(C)C23CC4CC(CC(C4)C2)C3)cc1S(=O)(=O)N1CCOCC1,8.1161
Cc1ccc(C(=O)NC2C3CC4CC(C3)CC2C4)cc1S(=O)(=O)N1CCOCC1,8.0863
Cc1ccc(C(=O)N[C@@H]2C(C)(C)[C@H]3CC[C@]2(C)C3)cc1S(=O)(=O)N1CCOCC1,8.3731
CC1(C)[C@H]2CC[C@](C)(C2)[C@@H]1NC(=O)c1ccc(Br)c(S(=O)(=O)N2CCCCC2)c1,8.0333
CN(Cc1ccccc1)S(=O)(=O)c1cc(C(=O)N[C@@H]2C(C)(C)[C@H]3CC[C@]2(C)C3)ccc1Br,7.9586
CC1(C)[C@H]2CC[C@](C)(C2)[C@@H]1NC(=O)c1ccc(Br)c(S(=O)(=O)N2CCCC2)c1,8.1967
CC1(C)[C@H]2CC[C@](C)(C2)[C@@H]1NC(=O)c1ccc(Br)c(S(=O)(=O)N2CCOCC2)c1,8.2557
CC(C)(C)NC(=O)N1CCN(C(c2ccc(Br)cc2)c2ccccc2Cl)CC1,5.3054
CC(C)(C)NC(=O)N1CCN(C(c2ccc(Cl)cc2)c2ccccc2Cl)CC1,5.3170
CCCCCCN1C(=O)/C(=N\NC(=O)Cc2ccccc2)c2ccccc21,6.7242
CCCCCCN1C(=O)/C(=N\NC(=O)c2ccccc2)c2ccccc21,7.2758
O=C(N/N=C1\C(=O)N(CCC2CCCCC2)c2ccccc21)c1ccccc1,7.1081
CCCCCCN1C(=O)/C(=N\NC(=O)c2ccccc2)c2cc(F)ccc21,6.7284
CCCCCCN1C(=O)/C(=N\NC(=O)c2ccccc2)c2cccc(Cl)c21,6.1901
CCCCCCN1C(=O)/C(=N\NC(=O)c2ccccc2)c2cccc(C)c21,7.0757
O=C(N/N=C1\C(=O)N(Cc2ccc(Cl)cc2)c2ccccc21)c1ccccc1,6.8824
O=C(N/N=C1\C(=O)N(Cc2ccccc2)c2ccccc21)c1ccccc1,7.4643
O=C(N/N=C1\C(=O)N(CC2CCCCC2)c2ccccc21)c1ccccc1,8.0088
CCCCCN1C(=O)/C(=N\NC(=O)c2ccccc2)c2ccccc21,6.6198
CCCCN1C(=O)/C(=N\NC(=O)c2ccccc2)c2ccccc21,7.5556
CCCN1C(=O)/C(=N\NC(=O)c2ccccc2)c2ccccc21,6.6975
CCCCCCN1C(=O)/C(=N\NC(=O)c2cccc3ccccc23)c2ccccc21,6.6942
CCCCCCN1C(=O)/C(=N\NC(=O)c2ccc(OC)cc2)c2ccccc21,6.8435
CCCCCCN1C(=O)/C(=N\NC(=O)OC(C)(C)C)c2ccccc21,7.7534
CCCCCCN1C(=O)/C(=N\NC(=O)C2CCCCC2)c2ccccc21,7.1018
CCCCCn1cc(C(=O)NC23CC4CC(CC(C4)C2)C3)c(=O)c2ccc(Cl)c(C)c21,7.5935
CCCCCn1cc(C(=O)N[C@H](C)c2ccccc2)c(=O)c2ccc(OCC)cc21,7.6162
CCCCCn1cc(C(=O)N[C@H](C)c2ccccc2)c(=O)c2ccc(N3CCCC3)cc21,7.7670
CCCCCn1cc(C(=O)N[C@H](C)c2ccccc2)c(=O)c2ccc(F)cc21,7.9706
CCCCCn1cc(C(=O)NC23CC4CC(CC(C4)C2)C3)c(=O)c2ccc(F)cc21,9.0969
CCCCCn1cc(C(=O)NC23CC4CC(CC(C4)C2)C3)c(=O)c2cc(F)c(-n3cccc3)cc21,8.4437
C=CCn1cc(C(=O)NC23CC4CC(CC(C4)C2)C3)c(=O)c2c(OC)ccc(OC)c21,8.0362
CCCCCn1cc(C(=O)NC23CC4CC(CC(C4)C2)C3)c(=O)c2c(OC)ccc(OC)c21,7.2790
CCCCCn1cc(C(=O)NC23CC4CC(CC(C4)C2)C3)c(=O)c2cc(Sc3ccccc3)ccc21,8.4685
CCCCCn1cc(C(=O)NC23CC4CC(CC(C4)C2)C3)c(=O)c2cc(Br)ccc21,7.8447
C=CCCCn1cc(C(=O)NC23CC4CC(CC(C4)C2)C3)c(=O)c2cc(Br)ccc21,8.0269
CCCCCn1cc(C(=O)NC23CC4CC(CC(C4)C2)C3)c(=O)c2cc(Oc3ccc(F)c(Cl)c3)ccc21,7.7932
C=CCCn1cc(C(=O)NC23CC4CC(CC(C4)C2)C3)c(=O)c2cc(Br)ccc21,7.6234
CCCCCn1cc(C(=O)NC23CC4CC(CC(C4)C2)C3)c(=O)c2cc(C(C)C)ccc21,8.2007
CCCCCn1cc(C(=O)NC23CC4CC(CC(C4)C2)C3)c(=O)c2cc(C(F)(F)F)ccc21,7.9355
CCCCCn1cc(C(=O)NC23CC4CC(CC(C4)C2)C3)c(=O)c2cc(/C=C/c3ccc(OC)cc3)ccc21,7.2513
CCCCCn1cc(C(=O)NC23CC4CC(CC(C4)C2)C3)c(=O)c2cc(-c3ccccc3)ccc21,8.4202
CCCCCn1cc(C(=O)NC23CC4CC(CC(C4)C2)C3)c(=O)c2ccc([S+]([O-])c3ccccc3)cc21,8.4559
CCCCCn1cc(C(=O)NC23CC4CC(CC(C4)C2)C3)c(=O)c2ccc(S(=O)(=O)c3ccccc3)cc21,9.0458
CCCCCn1cc(C(=O)NC23CC4CC(CC(C4)C2)C3)c(=O)c2ccc(Sc3ccccc3)cc21,8.7959
Fc1ccc(-c2noc(CCCCc3ccc4ncccc4c3)n2)c(Cl)c1,6.7034
CC(C)(C)c1ncc(OCCCc2nc(-c3ccc(F)cc3Cl)no2)cn1,7.9648
Fc1ccc(-c2noc(CCCOc3cnc4ccc(Cl)cc4c3)n2)c(Cl)c1,8.2932
CN(CCCc1nc(-c2ccc(F)cc2Cl)no1)c1ccc2ncc(Cl)cc2c1,6.9586
Fc1ccc(-c2noc(CCCNc3ccc4ncccc4c3)n2)c(Cl)c1,7.6298
Fc1ccc(-c2noc(CCCNc3ccc4ncc(OC(F)(F)F)cc4c3)n2)c(Cl)c1,9.7311
Fc1ccc(-c2noc(CCCNc3cnc4ccc(Cl)cc4c3)n2)c(Cl)c1,8.7136
Fc1ccc(-c2noc(CCCNc3nc4ccc(Cl)cc4s3)n2)c(Cl)c1,6.8641
CC(C)(C)c1cc(NCCCc2nc(-c3ccc(F)cc3Cl)no2)no1,7.2273
N#Cc1cc(NCCCc2nc(-c3ccc(F)cc3Cl)no2)cnc1OCC(F)(F)F,6.9762
CC(C)(C)c1cc(NC(=O)CCc2nc(-c3ccc(F)cc3Cl)no2)no1,9.4269
CC(C)(C)c1ncc(NC(=O)CCc2nc(-c3ccc(F)cc3Cl)no2)cn1,8.4026
N#Cc1cc(NC(=O)CCc2nc(-c3ccc(F)cc3Cl)no2)cnc1OCC(F)(F)F,7.6813
O=C(CCc1nc(-c2ccc(F)cc2Cl)no1)Nc1ccc(C(F)(F)F)nc1,7.0606
O=C(CCc1nc(-c2ccc(F)cc2Cl)no1)Nc1ccc(C(F)(F)F)c(Cl)c1,7.4048
O=C(CCc1nc(-c2ccc(F)cc2Cl)no1)Nc1ccc(C(F)(F)F)cc1Cl,6.4318
O=C(CCc1nc(-c2ccc(F)cc2Cl)no1)Nc1ccc(C(F)(F)F)cc1,7.2726
CC(C)c1ccc(NC(=O)CCc2nc(-c3ccc(F)cc3Cl)no2)cc1,8.0000
O=C(CCc1nc(-c2ccc(F)cc2Cl)no1)Nc1nnc(N2CCCCC2)s1,9.0089
O=C(CCc1nc(-c2ccc(F)cc2Cl)no1)Nc1nc2ccc(OC(F)(F)F)cc2s1,8.3550
O=C(CCc1nc(-c2ccc(F)cc2Cl)no1)Nc1cnc2ncc(Cl)cc2c1,8.8517
O=C(CCc1nc(-c2ccc(F)cc2Cl)no1)Nc1cnc2ccc(Cl)cc2c1,7.5775
CCn1c2ccccc2c2cc(NC(=O)CCc3nc(C4CCOCC4)no3)ccc21,7.9983
CCn1c2ccccc2c2cc(NC(=O)CCc3nc(-c4ccncc4C#N)no3)ccc21,8.4202
CCn1c2ccccc2c2cc(NC(=O)CCc3nc(-c4ccc(F)cc4C#N)no3)ccc21,9.0706
CCn1c2ccccc2c2cc(NC(=O)CCc3nc(-c4ccc(F)cc4C)no3)ccc21,9.6893
CCn1c2ccccc2c2cc(NC(=O)CCc3nc(-c4ccc(F)cc4Cl)no3)ccc21,8.9833
CCn1c2ccccc2c2cc(NC(=O)CCc3nc(-c4ccc(F)cc4)no3)ccc21,8.1638
CCn1c2ccccc2c2cc(NC(=O)CCc3nc(-c4cccc(Cl)c4)no3)ccc21,6.3872
CCn1c2ccccc2c2cc(NC(=O)CCc3nc(-c4ccccc4C(C)C)no3)ccc21,6.1739
CCn1c2ccccc2c2cc(NC(=O)CCc3nc(-c4ccccc4Cl)no3)ccc21,8.2218
CCn1c2ccccc2c2cc(NC(=O)CCc3nc(-c4ccccc4)no3)ccc21,6.8239
CCn1c2ccccc2c2cc(NC(=O)CCn3nnc(-c4ccccc4F)n3)ccc21,6.4301
CCn1c2ccccc2c2cc(NC(=O)CCc3noc(-c4ccccc4F)n3)ccc21,6.7212
CCn1c2ccccc2c2cc(NC(=O)CCn3cc(-c4ccccc4F)nn3)ccc21,6.3279
CCn1c2ccccc2c2cc(NC(=O)CCc3nc(-c4ccccc4F)co3)ccc21,5.6990
CCn1c2ccccc2c2cc(NC(=O)CCc3cc(-c4ccccc4F)no3)ccc21,6.5686
CCn1c2ccccc2c2cc(NC(=O)CCc3nc(-c4ccccc4F)no3)ccc21,6.9547
Cc1ccc2c(=O)c(C(=O)NC3CCCCC3)cn(Cc3ccc(F)cc3)c2n1,8.2596
COc1ccc2c(c1)N(CC1CCCCC1)C(=O)/C2=N\NC(=O)C1CCCCC1,7.1451
CCCCCN1C(=O)/C(=N\NC(=O)C(C)(C)C)c2ccc(OC)cc21,8.0000
CCCCCN1C(=O)/C(=N\NC(=O)CN2CCOCC2)c2ccc(OC)cc21,7.8761
CCCCCN1C(=O)/C(=N\NC(=O)CC2CCCCC2)c2ccc(OC)cc21,7.3665
CCCCCN1C(=O)/C(=N\NC(=O)CC(C)C)c2ccc(OC)cc21,7.9318
CCCCCN1C(=O)/C(=N\NC(=O)OC(C)(C)C)c2ccc(OC)cc21,7.7986
CCCCCN1C(=O)/C(=N\NC(=O)C(C)(C)O)c2ccc(OC)cc21,7.8327
CCCCCN1C(=O)/C(=N\NC(=O)C2CCCCC2)c2ccc(OC)cc21,7.5421
COCCN1C(=O)/C(=N\NC(=O)c2ccccc2)c2ccc(OC)cc21,6.3080
COc1ccc2c(c1)N(CCC1CCCCC1)C(=O)/C2=N\NC(=O)c1ccccc1,6.2676
COc1ccc2c(c1)N(Cc1ccccc1)C(=O)/C2=N\NC(=O)c1ccccc1,6.9914
COc1ccc2c(c1)N(CC1CCCCC1)C(=O)/C2=N\NC(=O)c1ccccc1,7.7447
CCCCN1C(=O)/C(=N\NC(=O)c2ccccc2)c2ccc(OC)cc21,7.0706
CCCCCN1C(=O)/C(=N\NC(=O)c2ccccc2)c2ccc(OC)cc21,8.2366
CCCCCCN1C(=O)/C(=N\NC(=O)c2ccccc2)c2ccc(OC)cc21,7.0462
CN(c1ccc2c(c1)nc(Cc1ccc3c(c1)CCO3)n2CC1CCCCC1)S(=O)(=O)c1ccccc1,8.7892
CCCCCCC(C)(C)c1cc(OC)c([C@H]2C=C(CO)[C@@H]3C[C@H]2C3(C)C)c(OC)c1,7.6440
CCCCCn1cc(C(=O)c2cc3ccccc3cc2OC)c2ccccc21,8.1427
CCCCCCc1cc(O)c2c(c1)OC(C)(C)C1=C2CCN(C)C1,8.7496
COc1ccc(OC)c(N(CC(=O)NCc2ccncc2)S(=O)(=O)c2ccc(C)cc2)c1,8.8697
CCc1ccccc1NC(=O)CSc1nnc(-c2ccccc2OC)n1-c1ccccc1,8.6778
CCCCCCC(C)(C)c1cc(O)c2c(c1)oc(=O)c1ccc(O)cc12,9.0862
CCCn1cc(C(=O)c2ccc(C)c3ccccc23)c2ccccc21,8.2147
CCCn1c(C)c(C(=O)c2cccc3cc(OC)ccc23)c2ccccc21,7.5229
CCCCCC(C)(C)c1cc(OC)c2c(c1)OC(C)(C)[C@@H]1CCC(C)=C[C@@H]21,7.7447
CCCCCn1c(C)c(C(=O)c2c(OC)ccc3ccccc23)c2ccccc21,7.3980
CCCCCCC(C)(C)c1cc(OC)c(C2(O)CCOCC2)c(OC)c1,6.4660
CCCCCCC(C)(C)c1cc(OC)c([C@@]2(O)CCC[C@@H](C)C2)c(OC)c1,7.6383
CCn1c2ccccc2c2cc(NC(=O)C3(S(=O)(=O)c4ccccc4)CC3)ccc21,8.0969
O=C(Nc1cnc2ccccc2c1)C1(S(=O)(=O)c2ccccc2)CC1,8.3979
CC(C)(C(=O)Nc1cnc2ccccc2c1)S(=O)(=O)c1ccc(C(F)(F)F)cc1,7.5573
Cc1ccccc1-c1nnc(NC(=O)C(C)(C)S(=O)(=O)c2ccc(Cl)cc2)s1,6.7235
CC1(c2nnc(NC(=O)C(C)(C)S(=O)(=O)c3ccc(Cl)cc3)s2)CCOC1,6.6655
CC(C)(C)c1cc(NC(=O)C(C)(C)S(=O)(=O)c2ccc(Cl)cc2)no1,7.7481
Cn1nc(C(C)(C)C)cc1NC(=O)C(C)(C)S(=O)(=O)c1ccc(Cl)cc1,7.5935
Cc1cc(NC(=O)C(C)(C)S(=O)(=O)c2ccc(Cl)cc2)no1,5.4134
Cc1ccc(-c2cncc(NC(=O)C(C)(C)S(=O)(=O)c3ccc(Cl)cc3)c2)s1,8.1734
CC(C)(C(=O)Nc1ccc(Cl)c(-c2ccco2)c1)S(=O)(=O)c1ccc(Cl)cc1,8.3495
CC(C)(C(=O)NCc1ccc(F)c(Cl)c1)S(=O)(=O)c1ccc(Cl)cc1,5.8861
CC(C)(C(=O)Nc1ccc(Cl)cc1OC(F)(F)F)S(=O)(=O)c1ccc(Cl)cc1,5.7905
CC(C)(C(=O)Nc1ccc(Cl)c(Br)c1)S(=O)(=O)c1ccc(Cl)cc1,7.0655
CC(C)(C(=O)Nc1ccc(Cl)c(C(F)(F)F)c1)S(=O)(=O)c1ccc(Cl)cc1,8.0000
CC(C)(C(=O)Nc1ccc(C(F)(F)F)cc1)S(=O)(=O)c1ccc(Cl)cc1,7.0917
CC(C)(C(=O)Nc1cccc(C(F)(F)F)c1)S(=O)(=O)c1ccc(Cl)cc1,7.1127
CC(C)(C(=O)Nc1cnc2ccccc2c1)S(=O)(=O)c1ccc(Cl)cc1,7.5651
CC(C)(C(=O)Nc1cnc2ccccc2c1)S(=O)(=O)c1ccc(F)cc1,7.2220
COc1ccc(S(=O)(=O)C(C)(C)C(=O)Nc2cnc3ccccc3c2)c(Cl)c1,6.8297
CC(C)(C(=O)Nc1cnc2ccccc2c1)S(=O)(=O)c1ccc(F)cc1Cl,6.9830
CC(C)(C(=O)Nc1cnc2ccccc2c1)S(=O)(=O)c1ccc(C(F)(F)F)cc1Cl,7.4290
CC(C)(c1ccccc1)c1cc(O)c(-c2cc(Cl)cc(Cl)c2)c(O)c1,8.9706
COc1cc(C(O)c2ccccc2)cc(OC)c1-c1cc(Cl)cc(Cl)c1,8.7799
COc1cc(C(=O)c2ccccc2)cc(O)c1-c1cc(Cl)cc(Cl)c1,8.3215
O=C(c1ccccc1)c1cc(O)c(-c2cc(Cl)cc(Cl)c2)c(O)c1,6.9161
CN(Cc1ccc(-c2ccccc2C(F)(F)F)cc1)CC(O)c1ccccc1,8.6990
FC(F)(F)c1ccccc1-c1ccc(CN2CCOC(c3ccccc3)C2)cc1,6.4815
FC(F)(F)c1ccccc1-c1ccc(CN2CCCC(c3ccccc3)C2)cc1,7.5229
FC(F)(F)c1ccccc1-c1ccc(CN2CCO[C@@H](c3ccccc3)C2)cc1,7.3979
Clc1ccccc1-c1ccc(CN2CCO[C@@H](c3ccccc3)C2)cc1,7.6021
Clc1cccc(-c2ccc(CN3CCO[C@@H](c4ccccc4)C3)cc2)c1Cl,6.9830
Cc1ccc(Cl)c(-c2ccc(CN3CCO[C@@H](c4ccccc4)C3)cc2)c1,8.5229
N#Cc1ccccc1-c1ccc(CN2CCO[C@@H](c3ccccc3)C2)cc1,8.5229
c1ccc(Nc2ccc(CN3CCO[C@@H](c4ccccc4)C3)cc2)cc1,6.2111
c1ccc(Oc2ccc(CN3CCO[C@@H](c4ccccc4)C3)cc2)cc1,4.8239
c1ccc(Nc2ccc(CN3CCO[C@@H](c4ccccc4)C3)cn2)cc1,6.8539
Clc1cccc(Nc2ccc(CN3CCO[C@@H](c4ccccc4)C3)cn2)c1Cl,5.7959
Clc1ccccc1Nc1ccc(CN2CCO[C@@H](c3ccccc3)C2)cn1,7.5229
Clc1cccc(Nc2ccc(CN3CCO[C@@H](c4ccccc4)C3)cn2)c1,6.6990
Clc1ccc(Nc2ccc(CN3CCO[C@@H](c4ccccc4)C3)cn2)cc1,7.5229
Fc1ccc(Nc2ccc(CN3CCO[C@@H](c4ccccc4)C3)cn2)cc1,7.4559
Cc1ccc(Nc2ccc(CN3CCO[C@@H](c4ccccc4)C3)cn2)cc1,7.0000
COc1ccc(Nc2ccc(CN3CCO[C@@H](c4ccccc4)C3)cn2)cc1,7.1871
Clc1ccc(Nc2ccc(CN3CCO[C@@H](c4ccccc4)C3)cn2)cc1Cl,7.3010
Clc1ccc(Nc2ccc(CN3CCO[C@@H](c4ccccc4)C3)cn2)c(Cl)c1,6.7884
Cc1c(C2=NC(=O)C(C)(C)N2C)nn(-c2ccc(Cl)cc2Cl)c1-c1ccc(Cl)cc1,6.3126
CCN1C(c2nn(-c3ccc(Cl)cc3Cl)c(-c3ccc(Cl)cc3)c2C)=NC(=O)C1(C)C,5.9304
CCCN1C(c2nn(-c3ccc(Cl)cc3Cl)c(-c3ccc(Cl)cc3)c2C)=NC(=O)C1(C)C,5.2588
CCCCN1C(c2nn(-c3ccc(Cl)cc3Cl)c(-c3ccc(Cl)cc3)c2C)=NC(=O)C1(C)C,5.3221
C=CCN1C(c2nn(-c3ccc(Cl)cc3Cl)c(-c3ccc(Cl)cc3)c2C)=NC(=O)C1(C)C,5.5404
Cc1c(C2=NC(=O)C(C)(C)N2C2CC2)nn(-c2ccc(Cl)cc2Cl)c1-c1ccc(Cl)cc1,5.7099
Cc1c(C2=NC(=O)C(C)(C)N2Cc2ccccc2)nn(-c2ccc(Cl)cc2Cl)c1-c1ccc(Cl)cc1,5.2901
CN1C(c2cc(-c3ccc(Cl)cc3)n(-c3ccc(Cl)cc3Cl)n2)=NC(=O)C1(C)C,5.0998
CCc1c(C2=NC(=O)C(C)(C)N2C)nn(-c2ccc(Cl)cc2Cl)c1-c1ccc(Cl)cc1,5.5628
Cc1c(C2=NC(=O)C(C)(C)N2C)nn(-c2ccc(Cl)cc2Cl)c1-c1ccc(Br)cc1,5.9604
CCc1c(C2=NC(=O)C(C)(C)N2C)nn(-c2ccc(Cl)cc2Cl)c1-c1ccc(Br)cc1,6.1144
COc1ccc(-c2c(C)c(C3=NC(=O)C(C)(C)N3C)nn2-c2ccc(Cl)cc2Cl)cc1,5.9753
Cc1c(C2=NC(=O)C(C)(C)N2C)nn(-c2ccc(Cl)cc2Cl)c1-c1ccc(C(F)(F)F)cc1,5.4014
Cc1c(C2=NC(=S)C(C)(C)N2C)nn(-c2ccc(Cl)cc2Cl)c1-c1ccc(Cl)cc1,6.0451
CCc1c(C2=NC(=S)C(C)(C)N2C)nn(-c2ccc(Cl)cc2Cl)c1-c1ccc(Cl)cc1,5.3237
CN1C(c2nn(-c3ccc(Cl)cc3Cl)c(-c3ccc(Cl)cc3)c2Br)=NC(=O)C1(C)C,5.8039
CN1C(c2nn(-c3ccc(Cl)cc3Cl)c(-c3ccc(Cl)cc3)c2C2CC2)=NC(=O)C1(C)C,6.0851
Cc1c(C2=NC(C)(C)C(=O)N2)nn(-c2ccc(Cl)cc2Cl)c1-c1ccc(Cl)cc1,5.4559
CCc1c(C2=NC(C)(C)C(=O)N2)nn(-c2ccc(Cl)cc2Cl)c1-c1ccc(Cl)cc1,4.9889
CCc1c(C2=NC3(CCC3)C(=O)N2)nn(-c2ccc(Cl)cc2Cl)c1-c1ccc(Cl)cc1,5.4980
CCc1c(C2=NC3(CCCC3)C(=O)N2)nn(-c2ccc(Cl)cc2Cl)c1-c1ccc(Cl)cc1,5.8626
CCc1c(C2=NC3(CCCCC3)C(=O)N2)nn(-c2ccc(Cl)cc2Cl)c1-c1ccc(Cl)cc1,6.3039
Cc1c(C2=NC(C)(C)C(=O)N2C)nn(-c2ccc(Cl)cc2Cl)c1-c1ccc(Cl)cc1,5.4882
CCc1c(C2=NC(C)(C)C(=O)N2C)nn(-c2ccc(Cl)cc2Cl)c1-c1ccc(Cl)cc1,5.3638
O=C(NN1CCCCC1)c1nn(-c2ccc(Cl)cc2Cl)c2c1CCc1cc(Cl)ccc1-2,6.6383
Cc1c(C(=O)NN2CCCCC2)nn(-c2ccc(Cl)cc2Cl)c1-c1ccc(Cl)cc1Cl,5.9813
O=C(NN1CCCCC1)c1nn(-c2ccc(Cl)cc2Cl)c2c1CCCCc1cc(Cl)ccc1-2,6.3080
Cc1cc(Cl)cc(C)c1-c1c(C)c(C(=O)NN2CCCCC2)nn1-c1ccc(Cl)cc1Cl,6.1203
Cc1cc(Cl)ccc1-c1c(C)c(C(=O)NN2CCCCC2)nn1-c1c(Cl)cc(Cl)cc1Cl,5.7493
Cc1cc(Cl)ccc1-c1c(C)c(C(=O)NN2CCCCC2)nn1-c1ccc(Cl)cc1Cl,5.9492
Cc1c(C(=O)NN2CCCCC2)nn(-c2c(Cl)cc(Cl)cc2Cl)c1-c1ccc(Cl)cc1Cl,5.9551
O=C(Nc1cccc2ccccc12)n1c(=O)n(CCN2CCOCC2)c2ccccc21,8.0969
CC(C)(O)CCn1c(=O)n(C(=O)N[C@H](C(N)=O)C(C)(C)C)c2ccccc21,8.3979
CC(C)(O)Cn1c(=O)n(C(=O)N[C@H](C(N)=O)C(C)(C)C)c2ccccc21,6.7077
CC(C)(C)[C@H](NC(=O)n1c(=O)n(CCC2(O)CCOCC2)c2ccccc21)C(N)=O,6.8416
CC(C)(C)[C@H](NC(=O)n1c(=O)n(CC2(O)CCOCC2)c2ccccc21)C(N)=O,7.0362
CC(C)CCn1c(=O)n(C(=O)N[C@H](C(N)=O)C(C)(C)C)c2ccccc21,9.0000
CN(C)CCn1c(=O)n(C(=O)N[C@H](C(N)=O)C(C)(C)C)c2ccccc21,6.4711
CC(C)(C)[C@H](NC(=O)n1c(=O)n(CCN2CCCC2)c2ccccc21)C(N)=O,6.6162
CC(C)(C)[C@H](NC(=O)n1c(=O)n(CC2CCCO2)c2ccccc21)C(N)=O,8.2218
CC(C)(C)[C@H](NC(=O)n1c(=O)n(CCC2CCOCC2)c2ccccc21)C(N)=O,8.3979
Cc1noc([C@@H](NC(=O)n2c(=O)n(CCN3CCOCC3)c3ccccc32)C(C)(C)C)n1,7.8239
Cn1nnc([C@@H](NC(=O)n2c(=O)n(CCN3CCOCC3)c3ccccc32)C(C)(C)C)n1,8.3010
CC(C)(C)[C@@H](C#N)NC(=O)n1c(=O)n(CCN2CCOCC2)c2ccccc21,8.3010
CC[C@H](C)[C@H](NC(=O)n1c(=O)n(CCN2CCOCC2)c2ccccc21)C(N)=O,7.1739
CC(C)(C)[C@H](NC(=O)n1c(=O)n(CCN2CCOCC2)c2ccccc21)C(N)=O,8.3010
CNC(=O)[C@@H](NC(=O)n1c(=O)n(CCN2CCOCC2)c2ccccc21)C(C)(C)C,7.6990
CN(C)C(=O)[C@@H](NC(=O)n1c(=O)n(CCN2CCOCC2)c2ccccc21)C(C)(C)C,7.6021
CC(C)(C)[C@@H](CO)NC(=O)n1c(=O)n(CCN2CCOCC2)c2ccccc21,7.8239
O=C(N[C@H]1CCCC[C@@H]1O)n1c(=O)n(CCN2CCOCC2)c2ccccc21,6.3152
O=C(NC1c2ccccc2CCC1O)n1c(=O)n(CCN2CCOCC2)c2ccccc21,7.2924
O=C(NC1CCOc2ccccc21)n1c(=O)n(CCN2CCOCC2)c2ccccc21,7.1308
CC(NC(=O)n1c(=O)n(CCN2CCOCC2)c2ccccc21)c1ccc(F)cc1,6.6345
O=C(NC1CCCCC1)n1c(=O)n(CCN2CCOCC2)c2ccccc21,7.2218
O=C(N[C@@H]1CCCc2ccccc21)N1Cc2ccccc2N(CCN2CCOCC2)C1=O,8.0458
O=C(Nc1cccc2ccccc12)N1Cc2ccccc2N(CCN2CCOCC2)C1=O,7.5224
O=C(N[C@@H]1CCCc2ccccc21)n1c(=O)n(CCN2CCOCC2)c2ccccc21,8.6549
CC(C)C(=O)NC1CCN(c2cnc(-c3ccc(C(F)(F)F)cc3)c(-c3ccncc3Cl)n2)CC1,5.3058
O=S1(=O)CCN(c2cnc(-c3ccc(C(F)(F)F)cc3)c(-c3ccncc3Cl)n2)CC1,5.7212
Cc1c(C(=O)NN2CCCCC2)nn(-c2ccc(Cl)cc2Cl)c1-c1ccc(Br)s1,5.3413
Cc1c(C(=O)NN2CCCCC2)nn(-c2ccc(Cl)cc2Cl)c1-c1ccc(C#CCOc2ccccc2)s1,5.1529
Cc1c(C(=O)NN2CCCCC2)nn(-c2ccc(Cl)cc2Cl)c1-c1ccc(C#CCN(C)C)s1,5.8964
Cc1c(C(=O)NN2CCCCC2)nn(-c2ccc(Cl)cc2Cl)c1-c1ccc(C#CCNC(C)C)s1,5.1439
Cc1c(C(=O)NN2CCCCC2)nn(-c2ccc(Cl)cc2Cl)c1-c1ccc(C#CCOC(C)C)s1,5.7542
CCOCC#Cc1ccc(-c2c(C)c(C(=O)NN3CCCCC3)nn2-c2ccc(Cl)cc2Cl)s1,6.0063
COCC#Cc1ccc(-c2c(C)c(C(=O)NN3CCCCC3)nn2-c2ccc(Cl)cc2Cl)s1,5.5627
Cc1c(C(=O)NN2CCCCC2)nn(-c2ccc(Cl)cc2Cl)c1-c1ccc(C#CCCc2ccccc2)s1,5.7570
Cc1c(C(=O)NN2CC3CCCC3C2)nn(-c2ccc(Cl)cc2Cl)c1-c1ccc(C#CC2CCCCC2)s1,5.7630
Cc1c(C(=O)NN2CCCCC2)nn(-c2ccc(Cl)cc2Cl)c1-c1ccc(C#CC2CCCCC2)s1,5.8023
Cc1c(C(=O)NN2CC3CCCC3C2)nn(-c2ccc(Cl)cc2Cl)c1-c1ccc(C#CC2CCCC2)s1,6.0449
Cc1c(C(=O)NN2CCCCC2)nn(-c2ccc(Cl)cc2Cl)c1-c1ccc(C#CC2CCCC2)s1,5.7425
Cc1c(C(=O)NN2CC3CCCC3C2)nn(-c2ccc(Cl)cc2Cl)c1-c1ccc(C#CC2CC2)s1,5.2426
Cc1c(C(=O)NN2CCCCC2)nn(-c2ccc(Cl)cc2Cl)c1-c1ccc(C#CC2CC2)s1,5.3732
Cc1c(C(=O)NN2CC3CCCC3C2)nn(-c2ccc(Cl)cc2Cl)c1-c1ccc(C#CC(C)(C)C)s1,5.9363
Cc1c(C(=O)NN2CCCCC2)nn(-c2ccc(Cl)cc2Cl)c1-c1ccc(C#CC(C)(C)C)s1,5.7212
CCCCC#Cc1ccc(-c2c(C)c(C(=O)NC3CCCCC3)nn2-c2ccc(Cl)cc2Cl)s1,6.5555
CCCCC#Cc1ccc(-c2c(C)c(C(=O)NCCCCCC)nn2-c2ccc(Cl)cc2Cl)s1,6.5840
CCCCC#Cc1ccc(-c2c(C)c(C(=O)NCCCC)nn2-c2ccc(Cl)cc2Cl)s1,6.1954
CCCCC#Cc1ccc(-c2c(C)c(C(=O)NN3CCCCCC3)nn2-c2ccc(Cl)cc2Cl)s1,6.2487
CCCCC#Cc1ccc(-c2c(C)c(C(=O)NN3CC4CCCC4C3)nn2-c2ccc(Cl)cc2Cl)s1,6.8013
CCCCC#Cc1ccc(-c2c(C)c(C(=O)NN3CCCCC3)nn2-c2ccc(Cl)cc2Cl)s1,6.5079
CCC#Cc1ccc(-c2c(C)c(C(=O)NN3CCCCCC3)nn2-c2ccc(Cl)cc2Cl)s1,5.9756
CCC#Cc1ccc(-c2c(C)c(C(=O)NN3CC4CCCC4C3)nn2-c2ccc(Cl)cc2Cl)s1,6.0357
CCC#Cc1ccc(-c2c(C)c(C(=O)NN3CCCCC3)nn2-c2ccc(Cl)cc2Cl)s1,5.3637
CCCCCc1ccc(-c2c(C)c(C(=O)NN3CC4CCCC4C3)nn2-c2ccc(Cl)cc2Cl)s1,5.4360
CCCCCc1ccc(-c2c(C)c(C(=O)NN3CCCCC3)nn2-c2ccc(Cl)cc2Cl)s1,5.1975
CCC/C=C/c1ccc(-c2c(C)c(C(=O)NN3CC4CCCC4C3)nn2-c2ccc(Cl)cc2Cl)s1,5.2666
CCC/C=C/c1ccc(-c2c(C)c(C(=O)NN3CCCCC3)nn2-c2ccc(Cl)cc2Cl)s1,5.4159
CCc1c(C(=O)NN2CCCCC2)nn(-c2ccc(Cl)cc2Cl)c1-c1ccc(C#CCC(C)C)s1,5.9187
CCCC#Cc1ccc(-c2c(CC)c(C(=O)NN3CCCCCC3)nn2-c2ccc(Cl)cc2Cl)s1,6.5088
CCCC#Cc1ccc(-c2c(CC)c(C(=O)NN3CCCCC3)nn2-c2ccc(Cl)cc2Cl)s1,6.0364
Cc1c(C(=O)NN2CCCCCC2)nn(-c2ccc(Cl)cc2Cl)c1-c1ccc(C#CCC(C)C)s1,6.1626
Cc1c(C(=O)NN2CCCCC2)nn(-c2ccc(Cl)cc2Cl)c1-c1ccc(C#CCC(C)C)s1,6.4135
CCCC#Cc1ccc(-c2c(C)c(C(=O)NN3CCCCCC3)nn2-c2ccc(Cl)cc2Cl)s1,5.8241
CCCC#Cc1ccc(-c2c(C)c(C(=O)NN3CC4CCCC4C3)nn2-c2ccc(Cl)cc2Cl)s1,6.1051
CCCC#Cc1ccc(-c2c(C)c(C(=O)NN3CCCCC3)nn2-c2ccc(Cl)cc2Cl)s1,5.6548
Cc1c(C(=O)NN2CCCCCC2)nn(-c2ccc(Cl)cc2Cl)c1-c1ccc(Cl)s1,5.2794
Cc1c(C(=O)NN2CCCCC2)nn(-c2ccc(Cl)cc2Cl)c1-c1ccc(Cl)s1,5.2574
Cc1c(C(=O)NN2CCCCCC2)nn(-c2ccc(Cl)cc2Cl)c1-c1ccc(Br)s1,6.1519
C[C@H](CO)NC(=O)CCC/C=C\C/C=C\C/C=C\C/C=C\CCOC(=O)c1cccc2c1OC(C)(C(C)(C)C)O2,5.9914
Cc1c(-c2nnc(C(C)(C)C)o2)nn(-c2ccc(Cl)cc2Cl)c1-c1ccc(Cl)cc1,5.8508
Clc1ccc(C2(c3nnc(-c4nn(-c5ccc(Cl)cc5Cl)c(-c5ccc(Br)cc5)c4Cn4cncn4)o3)CC2)cc1,5.9788
Cc1ccc(C2(c3nnc(-c4nn(-c5ccc(Cl)cc5Cl)c(-c5ccc(Br)cc5)c4Cn4cncn4)o3)CC2)cc1,6.2373
Clc1ccc(-n2nc(-c3nnc(C4(c5ccccc5)CC4)o3)c(Cn3cncn3)c2-c2ccc(Br)cc2)c(Cl)c1,6.6162
FC(F)(F)C1(c2nnc(-c3nn(-c4ccc(Cl)cc4Cl)c(-c4ccc(Br)cc4)c3Cn3cncn3)o2)CC1,6.0232
CC1(c2nnc(-c3nn(-c4ccc(Cl)cc4Cl)c(-c4ccc(Br)cc4)c3Cn3cncn3)o2)CC1,6.3904
CC(C)(C)c1nnc(-c2nn(-c3ccc(Cl)cc3Cl)c(-c3ccc(Br)cc3)c2Cn2cncn2)o1,6.2899
Clc1ccc(-c2c(Cn3cncn3)c(-c3nnc(C4(c5ccc(Cl)cc5)CC4)o3)nn2-c2ccc(Cl)cc2Cl)cc1,5.8297
Cc1ccc(C2(c3nnc(-c4nn(-c5ccc(Cl)cc5Cl)c(-c5ccc(Cl)cc5)c4Cn4cncn4)o3)CC2)cc1,5.9066
Clc1ccc(-c2c(Cn3cncn3)c(-c3nnc(C4(c5ccccc5)CC4)o3)nn2-c2ccc(Cl)cc2Cl)cc1,5.9469
FC(F)(F)C1(c2nnc(-c3nn(-c4ccc(Cl)cc4Cl)c(-c4ccc(Cl)cc4)c3Cn3cncn3)o2)CC1,5.7570
CC1(c2nnc(-c3nn(-c4ccc(Cl)cc4Cl)c(-c4ccc(Cl)cc4)c3Cn3cncn3)o2)CC1,6.0205
CC(C)(C)c1nnc(-c2nn(-c3ccc(Cl)cc3Cl)c(-c3ccc(Cl)cc3)c2Cn2cnnn2)o1,6.1331
CC(C)(C)c1nnc(-c2nn(-c3ccc(Cl)cc3Cl)c(-c3ccc(Cl)cc3)c2Cn2ncnn2)o1,6.1675
CC(C)(C)c1nnc(-c2nn(-c3ccc(Cl)cc3Cl)c(-c3ccc(Cl)cc3)c2Cn2ccnn2)o1,5.9508
CC(C)(C)c1nnc(-c2nn(-c3ccc(Cl)cc3Cl)c(-c3ccc(Cl)cc3)c2Cn2cncn2)o1,6.0947
CC(C)(C)c1nnc(-c2nn(-c3ccc(Cl)cc3Cl)c(-c3ccc(Cl)cc3)c2Cn2ccnc2)o1,6.4248
CC(C)(C)c1nnc(-c2nn(-c3ccc(Cl)cc3Cl)c(-c3ccc(Cl)cc3)c2Cn2cccn2)o1,6.0092
CC(C)(C)c1nnc(-c2nn(-c3ccc(Cl)cc3Cl)c(-c3ccc(Cl)cc3)c2COc2ccccn2)o1,5.6904
CC(C)(C)c1nnc(-c2nn(-c3ccc(Cl)cc3Cl)c(-c3ccc(Cl)cc3)c2COc2ccccc2)o1,5.2284
CC(C)(C)c1nnc(-c2nn(-c3ccc(Cl)cc3Cl)c(-c3ccc(Cl)cc3)c2CC#N)o1,6.2684
CC(=O)SCc1c(-c2nnc(C(C)(C)C)o2)nn(-c2ccc(Cl)cc2Cl)c1-c1ccc(Cl)cc1,5.8297
CC(=O)OCc1c(-c2nnc(C(C)(C)C)o2)nn(-c2ccc(Cl)cc2Cl)c1-c1ccc(Cl)cc1,5.8861
C=C(C)c1c(-c2nnc(C(C)(C)C)o2)nn(-c2ccc(Cl)cc2Cl)c1-c1ccc(Cl)cc1,5.7620
CC(C)(C)c1nnc(-c2nn(-c3ccc(Cl)cc3Cl)c(-c3ccc(Cl)cc3)c2C(C)(C)O)o1,5.7773
C=Cc1c(-c2nnc(C(C)(C)C)o2)nn(-c2ccc(Cl)cc2Cl)c1-c1ccc(Cl)cc1,5.9788
CC(F)c1c(-c2nnc(C(C)(C)C)o2)nn(-c2ccc(Cl)cc2Cl)c1-c1ccc(Cl)cc1,6.0343
CC(O)c1c(-c2nnc(C(C)(C)C)o2)nn(-c2ccc(Cl)cc2Cl)c1-c1ccc(Cl)cc1,5.7235
COC(=O)NCc1c(-c2nnc(C(C)(C)C)o2)nn(-c2ccc(Cl)cc2Cl)c1-c1ccc(Cl)cc1,5.7773
CC(C)(C)c1nnc(-c2nn(-c3ccc(Cl)cc3Cl)c(-c3ccc(Cl)cc3)c2CF)o1,5.9508
COCc1c(-c2nnc(C(C)(C)C)o2)nn(-c2ccc(Cl)cc2Cl)c1-c1ccc(Cl)cc1,6.4260
CC(C)(C)c1nnc(-c2nn(-c3ccc(Cl)cc3Cl)c(-c3ccc(Cl)cc3)c2CO)o1,5.7423
CC(C)(C)c1nnc(-c2nn(-c3ccc(Cl)cc3Cl)c(-c3ccc(Cl)cc3)c2C2CC2)o1,5.4789
CC(C)c1c(-c2nnc(C(C)(C)C)o2)nn(-c2ccc(Cl)cc2Cl)c1-c1ccc(Cl)cc1,5.5498
CCc1c(-c2nnc(C(C)(C)C)o2)nn(-c2ccc(Cl)cc2Cl)c1-c1ccc(Cl)cc1,5.6326
CC1=CC[C@@H]2[C@@H](C1)c1c(O)cc(C(C)(C)c3cccs3)cc1OC2(C)C,9.5686
CCCc1ccc(C(C)(C)c2cc(O)c3c(c2)OC(C)(C)[C@@H]2CC=C(C)C[C@@H]32)cc1,8.1062
CCc1ccc(C(C)(C)c2cc(O)c3c(c2)OC(C)(C)[C@@H]2CC=C(C)C[C@@H]32)cc1,9.1739
CC1=CC[C@@H]2[C@@H](C1)c1c(O)cc(C(C)(C)c3ccc(C)cc3)cc1OC2(C)C,9.0555
CC1=CC[C@@H]2[C@@H](C1)c1c(O)cc(C(C)(C)c3ccc(C#N)cc3)cc1OC2(C)C,8.5969
CC1=CC[C@@H]2[C@@H](C1)c1c(O)cc(C(C)(C)c3ccc(Br)cc3)cc1OC2(C)C,8.8125
CC1=CC[C@@H]2[C@@H](C1)c1c(O)cc(C(C)(C)c3ccc(Cl)cc3)cc1OC2(C)C,8.7747
CC1=CC[C@@H]2[C@@H](C1)c1c(O)cc(C(C)(C)c3ccc(F)cc3)cc1OC2(C)C,7.9066
CC1=CC[C@@H]2[C@@H](C1)c1c(O)cc(C(C)(C)c3ccccc3C)cc1OC2(C)C,7.9727
CC(=O)Nc1cccc(C(C)(C)c2cc(O)c3c(c2)OC(C)(C)[C@@H]2CC=C(C)C[C@@H]32)c1,7.8665
CC1=CC[C@@H]2[C@@H](C1)c1c(O)cc(C(C)(C)c3cccc(C#N)c3)cc1OC2(C)C,9.0410
CC1=CC[C@@H]2[C@@H](C1)c1c(O)cc(C(C)(C)c3cccc(C)c3)cc1OC2(C)C,8.9469
CC1=CC[C@@H]2[C@@H](C1)c1c(O)cc(C(C)(C)c3cccc(Br)c3)cc1OC2(C)C,9.2676
CC1=CC[C@@H]2[C@@H](C1)c1c(O)cc(C(C)(C)c3cccc(Cl)c3)cc1OC2(C)C,8.4510
CC1=CC[C@@H]2[C@@H](C1)c1c(O)cc(C(C)(C)c3cccc(F)c3)cc1OC2(C)C,9.0458
CC1=CC[C@@H]2[C@@H](C1)c1c(O)cc(C(C)(C)c3cc(C)cc(C)c3)cc1OC2(C)C,8.1278
CC1=CC[C@@H]2[C@@H](C1)c1c(O)cc(C=C3C4CC5CC(C4)CC3C5)cc1OC2(C)C,8.0506
CC1=CC[C@@H]2[C@@H](C1)c1c(O)cc(CC3C4CC5CC(C4)CC3C5)cc1OC2(C)C,7.1192
CC1=CC[C@@H]2[C@@H](C1)c1c(O)cc(CC34CC5CC(CC(C5)C3)C4)cc1OC2(C)C,7.5702
CC1=CC[C@@H]2[C@@H](C1)c1c(O)cc(C3C4CC5CC(C4)CC3C5)cc1OC2(C)C,7.8539
CC(C)(C)c1nnc(-c2nn(-c3ccc(Cl)cc3Cl)c(-c3ccc(Cl)cc3)c2C(=O)Nc2ccccc2)o1,6.1319
CC(C)(C)c1nnc(-c2nn(-c3ccc(Cl)cc3Cl)c(-c3ccc(Cl)cc3)c2C(=O)Nc2ccccn2)o1,6.1965
CC(C)(C)c1nnc(-c2nn(-c3ccc(Cl)cc3Cl)c(-c3ccc(Br)cc3)c2C(=O)Nc2ccccc2)o1,6.4134
CC(C)(C)c1nnc(-c2nn(-c3ccc(Cl)cc3Cl)c(-c3ccc(Br)cc3)c2C(=O)Nc2ccccn2)o1,6.4271
O=C(Nc1ccccc1)c1c(-c2nnc(C3(C(F)(F)F)CC3)o2)nn(-c2ccc(Cl)cc2Cl)c1-c1ccc(Br)cc1,6.3116
Cc1ccc(C(C)C)c2cc(Cc3ccccc3)c(=O)oc12,5.3696
COc1ccccc1Cc1cc2c(C(C)C)ccc(C)c2oc1=O,5.2464
COc1ccccc1Cc1cc2c(OC)ccc(C)c2oc1=O,5.4377
COc1ccc(Cc2cc3c(OC)cc(C)cc3oc2=O)c(OC)c1,5.5560
COc1ccccc1Cc1cc2c(OC)cccc2oc1=O,5.4572
COc1ccc(Cc2cc3c(OC)cc(C)cc3oc2=O)cc1,5.2358
COc1cccc(Cc2cc3c(OC)cc(C)cc3oc2=O)c1,5.4724
COc1ccccc1Cc1cc2c(OC)cc(C)cc2oc1=O,5.9872
COc1cc(C)cc2oc(=O)c(Cc3ccccc3O)cc12,5.2807
COc1cc(C)cc2oc(=O)c(Cc3ccc(Cl)cc3)cc12,5.0273
COc1cc(C)cc2oc(=O)c(Cc3ccccc3Cl)cc12,5.8125
COc1cc(C)cc2oc(=O)c(Cc3ccc(C)cc3)cc12,5.3224
COc1cc(C)cc2oc(=O)c(Cc3ccccc3C)cc12,5.6655
COc1ccccc1Cc1cc2c(ccc3ccccc32)oc1=O,5.6861
Cc1c(C(=O)NN2CCOCC2)nn(-c2ccc(Cl)cc2Cl)c1-c1ccc(I)cc1,5.3768
CCCCOc1cc(O)cc(OCCCCCCCCCCC(=O)NCCO)c1,5.7952
CCCCCCCOc1cc(O)cc(OCCCCCCCCCCC(=O)NCCO)c1,5.6081
CC(C)CCOc1cc(O)cc(OCCCCCCCCCCC(=O)NCCO)c1,6.2221
CCCCCCC(C)(C)c1cc(O)cc(OCCCCCCCC(=O)NCCO)c1,6.7979
CCCCCCC(C)(C)c1cc(O)cc(OCCCCCCCCCCC(=O)NCCO)c1,7.5115
CCCCCCC(C)(C)c1cc(O)cc(OCCCCCCCCCCCC(=O)NCCO)c1,7.0985
CCCCOc1cc(O)cc(OCCCCCCCCCCC(=O)NC2CC2)c1,6.9104
CCCCCCCOc1cc(O)cc(OCCCCCCCCCCC(=O)NC2CC2)c1,6.6889
CC(C)CCOc1cc(O)cc(OCCCCCCCCCCC(=O)NC2CC2)c1,6.8930
CCCCCCC(C)(C)c1cc(O)cc(OCCCCCCCC(=O)NC2CC2)c1,8.1012
CCCCCCC(C)(C)c1cc(O)cc(OCCCCCCCCCCC(=O)NC2CC2)c1,8.1012
CCCCCCC(C)(C)c1cc(O)cc(OCCCCCCCCCCCC(=O)NC2CC2)c1,7.6995
CC(C)CCOc1cc(O)cc(OCCCCCCCCCCC(=O)NCC2CC2)c1,6.6995
CCCCCCC(C)(C)c1cc(O)cc(OCCCCCCCC(=O)NCC2CC2)c1,7.4843
CCCCCCC(C)(C)c1cc(O)cc(OCCCCCCCCCCC(=O)NCC2CC2)c1,7.4780
CCCCCCC(C)(C)c1cc(O)cc(OCCCCCCCCCCCC(=O)NCC2CC2)c1,6.2109
CCCCCCC(C)(C)c1cc(O)cc(OCCCCCCCCCCC(=O)NCCc2ccc(O)c(O)c2)c1,5.3010
CCCCCCC(C)(C)c1cc(O)cc(OCCCCCCCCCCC(=O)NCc2ccc(O)c(OC)c2)c1,6.2924
O=C(CCCCCCCCCCOc1cc(O)cc(O)c1)NCCO,5.0000
O=C(CCCCCCCCCCOc1cc(O)cc(O)c1)NC1CC1,5.0000
O=C(CCCCCCCCCCOc1cc(O)cc(O)c1)NCC1CC1,5.0000
CC1=CC[C@@H]2[C@@H](C1)c1c(O)cc(C(C)(C)c3ccc(C(N)=O)cc3)cc1OC2(C)C,7.8665
CCOc1ccc(Cc2nc3cc(C(=O)N(CC)CC)ccc3n2CCC(C)C)cc1,7.5177
CCOc1ccc(Cc2nc3cc(C(=O)N(CC)CC)ccc3n2CCN(C)C)cc1,7.4202
CCOc1ccc(Cc2nc3cc(N(C)C(=O)N4CCCCC4)ccc3n2CC2CC2)cc1,8.4397
CCOc1ccc(Cc2nc3cc(N(C)C(=O)NC(C)C)ccc3n2CC2CC2)cc1,8.2190
CCOc1ccc(Cc2nc3cc(N(C)C(=O)N(CC)CC)ccc3n2CC2CC2)cc1,8.4641
CCOc1ccc(Cc2nc3cc(N(C)C(=O)N(C)C)ccc3n2CC2CC2)cc1,7.4155
CCOc1ccc(Cc2nc3cc(N(C)C(=O)c4cccs4)ccc3n2CC2CC2)cc1,8.4430
CCOc1ccc(Cc2nc3cc(N(C)C(=O)CC(C)C)ccc3n2CC2CC2)cc1,8.4833
CCOc1ccc(Cc2nc3cc(NC)ccc3n2CC2CC2)cc1,5.3623
CCOc1ccc(Cc2nc3cc(N(C)C(C)=O)ccc3n2CC2CC2)cc1,5.8700
CCOc1ccc(Cc2nc3cc(C(=O)N(CC)CC)ccc3n2CC2CC2)cn1,6.8761
CCOc1ccc(Cc2nc3cc(C(=O)N(CC)CC)ccc3n2CC2CC2)nc1,7.6131
CCOc1ccc(Cc2nc3cc(C(=O)N(CC(F)(F)F)CC(F)(F)F)ccc3n2CC2CC2)cc1,8.4754
CCOc1ccc(Cc2nc3cc(C(=O)N(C)C4CCCCC4)ccc3n2CC2CC2)cc1,8.1677
CCOc1ccc(Cc2nc3cc(C(=O)N4CCCCC4)ccc3n2CC2CC2)cc1,8.3420
CCOc1ccc(Cc2nc3cc(C(=O)N4CCCC4)ccc3n2CC2CC2)cc1,8.0307
CCCN(CCC)C(=O)c1ccc2c(c1)nc(Cc1ccc(OCC)cc1)n2CC1CC1,8.6259
CCCN(C)C(=O)c1ccc2c(c1)nc(Cc1ccc(OCC)cc1)n2CC1CC1,8.3070
CCNC(=O)c1ccc2c(c1)nc(Cc1ccc(OCC)cc1)n2CC1CC1,7.2423
CCN(CC)C(=O)c1ccc2c(c1)nc(Cc1ccc(Oc3ccccc3)cc1)n2CCC(C)C,8.4023
CCN(CC)C(=O)c1ccc2c(c1)nc(Cc1ccc(OCC3CC3)cc1)n2CCC(C)C,7.3211
CCN(CC)C(=O)c1ccc2c(c1)nc(Cc1ccc(OCC(F)(F)F)cc1)n2CCC(C)C,7.2156
CCN(CC)C(=O)c1ccc2c(c1)nc(Cc1ccc(OC(F)(F)F)cc1)n2CCC(C)C,7.7803
CCN(CC)C(=O)c1ccc2c(c1)nc(Cc1ccc(OC3CCCC3)cc1)n2CCC(C)C,7.5556
CCN(CC)C(=O)c1ccc2c(c1)nc(Cc1ccc(OC3CCC3)cc1)n2CCC(C)C,7.4882
CCN(CC)C(=O)c1ccc2c(c1)nc(Cc1ccc(OC(C)C)cc1)n2CCC(C)C,8.4833
CCN(CC)C(=O)c1ccc2c(c1)nc(Cc1ccc(OC)cc1)n2CCC(C)C,7.9531
CCN(CC)C(=O)c1ccc2c(c1)nc(Cc1ccc(O)cc1)n2CCC(C)C,5.7000
CCOc1ccc(C(O)c2nc3cc(C(=O)N(CC)CC)ccc3n2CCC(C)C)cc1,7.2026
CCOc1ccc(C(=O)c2nc3cc(C(=O)N(CC)CC)ccc3n2CCC(C)C)cc1,7.5290
CCOc1ccc(Cc2nc3cc(C(=O)N(CC)CC)ccc3n2C[C@@H]2CCCN2C)cc1,8.1947
CCOc1ccc(Cc2nc3cc(C(=O)N(CC)CC)ccc3n2C[C@H]2CCCCN2C)cc1,8.3444
CCOc1ccc(Cc2nc3cc(C(=O)N(CC)CC)ccc3n2C[C@H]2CCCCN2)cc1,7.6710
CCOc1ccc(Cc2nc3cc(C(=O)N(CC)CC)ccc3n2C[C@@H]2CCCCN2)cc1,7.3635
CCOc1ccc(Cc2nc3cc(C(=O)N(CC)CC)ccc3n2CC2CCNCC2)cc1,5.5346
CCOc1ccc(Cc2nc3cc(C(=O)N(CC)CC)ccc3n2C[C@H]2CCCO2)cc1,7.8596
CCOc1ccc(Cc2nc3cc(C(=O)N(CC)CC)ccc3n2C[C@@H]2CCCO2)cc1,8.0713
CCOc1ccc(Cc2nc3cc(C(=O)N(CC)CC)ccc3n2CC2CCOCC2)cc1,8.7045
CCOc1ccc(Cc2nc3cc(C(=O)N(CC)CC)ccc3n2Cc2ccco2)cc1,8.2200
CCOc1ccc(Cc2nc3cc(C(=O)N(CC)CC)ccc3n2Cc2cc[n+]([O-])cc2)cc1,6.2306
CCOc1ccc(Cc2nc3cc(C(=O)N(CC)CC)ccc3n2Cc2ccncc2)cc1,8.0485
CCOc1ccc(Cc2nc3cc(C(=O)N(CC)CC)ccc3n2Cc2ccccn2)cc1,7.5055
CCOc1ccc(Cc2nc3cc(C(=O)N(CC)CC)ccc3n2Cc2ccccc2)cc1,8.4397
CCOc1ccc(Cc2nc3cc(C(=O)N(CC)CC)ccc3n2CC23CC4CC(CC(C4)C2)C3)cc1,8.7194
CCOc1ccc(Cc2nc3cc(C(=O)N(CC)CC)ccc3n2CC2CCCCC2)cc1,8.8579
CCOc1ccc(Cc2nc3cc(C(=O)N(CC)CC)ccc3n2CC2CCCC2)cc1,9.0775
CCOc1ccc(Cc2nc3cc(C(=O)N(CC)CC)ccc3n2CC2CCC2)cc1,8.8410
CCOc1ccc(Cc2nc3cc(C(=O)N(CC)CC)ccc3n2CC2CC2)cc1,8.5325
CCN(CC)C(=O)c1ccc2c(c1)nc(Cc1ccc(OC3CCCCC3)cc1)n2CCC(C)C,6.2790
CCCCCCCCCCC[C@@H](C[C@@H]1OC(=O)[C@H]1CCCCCC)OC(=O)[C@@H]1CCCN1C=O,5.1308
CCCCCCCCCCC[C@@H](C[C@@H]1OC(=O)[C@H]1CCCCCC)OC(=O)CCNC=O,5.1938
O=C(Cn1nc(-c2ccc(Cl)cc2Cl)c(-c2ccc(Cl)cc2Cl)n1)N1CCCCC1,8.2291
Cc1c(C(=O)NC2CC3CCC2C3)cc(-c2ccccc2)n1Cc1ccc(Cl)cc1,6.3768
Cc1c(C(=O)c2ccccc2)c(N)c(-c2ccccc2)n1Cc1ccc(Cl)cc1,7.3872
Cc1c(C(=O)c2ccccc2)cc(-c2ccccc2)n1Cc1ccc(Cl)cc1,6.3028
Cc1c(C(=O)NC2C3CC4CC(C3)CC2C4)c(Br)c(-c2ccccc2)n1Cc1ccc(Cl)cc1,6.9101
Cc1c(C(=O)NC2C3CC4CC(C3)CC2C4)cc(-c2ccccc2)n1Cc1ccc(Cl)cc1,7.9586
CSC(=S)N1CC2(CCCCC2)CO/C1=N\c1cccc2ccccc12,9.0458
CSC(=O)N1CC2(CCCCC2)CS/C1=N\c1cccc2ccccc12,8.8239
CSC(=O)N1CC2(CCCCC2)CO/C1=N\c1cccc2ccccc12,8.2366
CSC(=O)N1CC2(CCCCC2)CN/C1=N\c1cccc2ccccc12,6.8097
CSC(=S)N1CC2(CCCCC2)CO/C1=N\c1ccccc1,7.9586
COc1ccccc1/N=C1\OCC2(CCCCC2)CN1C(=S)SC,9.0458
CSC(=S)N1CC2(CCCCC2)CO/C1=N\c1cccc2nonc12,8.1675
CSC(=S)N1CC2(CCCCC2)CO/C1=N\c1nc(C(C)(C)C)cs1,9.0000
CSC(=S)N1CC2(CCCCC2)CO/C1=N\c1cc(C(C)(C)C)no1,9.0000
CCC(CC)(CC)c1cc(/N=C2\OCC3(CCCCC3)CN2C(=S)SC)on1,9.0000
CSC(=S)N1CC2(CCCCC2)CO/C1=N\c1cc(C(C)(C)C)on1,8.3279
CSC(=S)N1CC2(CCCCC2)CO/C1=N\c1ccc(F)c2ccccc12,9.0969
CSC(=S)N1CC2(CCCCC2)CO/C1=N\c1ccc(Cl)c2ccccc12,9.0458
CSC(=S)N1CC2(CCCCC2)CO/C1=N\c1ccc(C#N)c2ccccc12,8.7447
CSC(=S)N1CC2(CCCCC2)CO/C1=N\c1ccc([N+](=O)[O-])c2ccccc12,8.6198
CSC(=S)N1CC2(CCCCC2)CO/C1=N\c1ccc(N(C)C)c2ccccc12,8.1805
CSC(=S)N1CC2(CCCCC2)CO/C1=N\c1cccc2c1CCCC2,9.0000
CSC(=S)N1CC2(CCCCC2)CO/C1=N\c1ccc(Cl)c2c1CCCC2,8.2366
CSC(=S)N1CC2(CCCCC2)CO/C1=N\c1ccc(C#N)c2c1CCCC2,8.7212
O=C(NC1CC1)c1cnn(-c2ccc(Cl)cc2Cl)c1-c1ccc(Cl)cc1,4.6778
CN1CCN(NC(=O)c2cnn(-c3ccc(Cl)cc3Cl)c2-c2ccc(Br)cc2)CC1,4.5229
O=C(NN1CCCCC1)c1cnn(-c2ccc(Cl)cc2Cl)c1-c1ccc(I)cc1,5.7212
CCc1c(C(=O)NN2CCCCC2)nn(-c2ccc(Cl)cc2Cl)c1-c1ccc(Br)s1,4.7091
CCc1c(C(=O)NN2CCCCC2)nn(-c2ccc(Cl)cc2Cl)c1-c1ccc(Cl)s1,4.5862
Cc1c(C(=O)NN2CC3CCCC3C2)nn(-c2ccc(Cl)cc2Cl)c1-c1ccc(Cl)s1,4.8052
Cc1c(C(=O)NN2CCOCC2)nn(-c2ccc(Cl)cc2Cl)c1-c1ccc(Cl)s1,5.1290
Cc1c(C(=O)NN2CCCC2)nn(-c2ccc(Cl)cc2Cl)c1-c1ccc(Cl)s1,4.6794
Cc1c(C(=O)NN2CCCCC2)nn(-c2ccc(Cl)cc2Cl)c1-c1ccc(I)s1,4.5311
Cc1c(C(=O)NN2CCCCC2)nn(-c2ccc(Cl)cc2Cl)c1-c1cccs1,5.1221
Cc1nc(N)c2cc(-c3ccc(Cl)cc3)c(-c3ccccc3Cl)nc2n1,5.9586
CC(C)c1nc(O)c2cc(-c3ccc(Cl)cc3)c(-c3ccccc3Cl)nc2n1,5.1367
CC(C)(C)c1nc(O)c2cc(-c3ccc(Cl)cc3)c(-c3ccccc3Cl)nc2n1,5.0655
CC(C)(C)c1nc2nc(-c3ccc(Cl)cc3Cl)c(-c3ccc(Cl)cc3)cc2c(=O)[nH]1,5.2596
CC(C)(C)c1nc(N)c2cc(-c3ccc(Cl)cc3)c(-c3ccccc3Cl)nc2n1,5.3098
CC(C)(C)c1nc(N)c2cc(-c3ccc(Cl)cc3)c(-c3ccc(Cl)cc3Cl)nc2n1,5.2840
CC(C)(C)c1nc(-c2ccc(F)cc2)c2cc(-c3ccc(Cl)cc3)c(-c3ccccc3Cl)nc2n1,5.0073
CC(C)(C)c1nc(N2CCNCC2)c2cc(-c3ccc(Cl)cc3)c(-c3ccccc3Cl)nc2n1,5.7447
CCN(CC)c1nc(C(C)(C)C)nc2nc(-c3ccccc3Cl)c(-c3ccc(Cl)cc3)cc12,5.5686
CCN(CC)C(=O)c1nc(NC(C)C)c2cc(-c3ccc(Cl)cc3)c(-c3ccccc3Cl)nc2n1,4.9208
COc1nc(C(C)(C)C)nc2nc(-c3ccccc3Cl)c(-c3ccc(Cl)cc3)cc12,5.0757
CN(C)c1nc(C(C)(C)C)nc2nc(-c3ccccc3Cl)c(-c3ccc(Cl)cc3)cc12,5.7447
CC(C)c1nc(OCc2ncon2)c2cc(-c3ccc(Cl)cc3)c(-c3ccccc3Cl)nc2n1,5.2007
CC(C)c1nc2nc(-c3ccccc3Cl)c(-c3ccc(Cl)cc3)cc2c(=O)n1Cc1ncon1,5.0088
CC(C)(C)c1nc2nc(-c3ccccc3Cl)c(-c3ccc(Cl)cc3)cc2c2n[nH]c(=O)n12,5.4202
CC(C)(C)c1nc2nc(-c3ccccc3Cl)c(-c3cccc(Cl)c3)cc2c2n[nH]c(=O)n12,5.5686
CC(C)(C)c1nc2nc(-c3ccccc3Cl)c(-c3ccc(C#N)cc3)cc2c2n[nH]c(=O)n12,4.7447
CC(C)(C)c1nc2nc(-c3ccc(C#N)cc3Cl)c(-c3ccc(Cl)cc3)cc2c2n[nH]c(=O)n12,4.7212
CC(C)(C)c1nc2nc(-c3ccccc3C#N)c(-c3ccc(Cl)cc3)cc2c2n[nH]c(=O)n12,5.6198
COc1ccc(-c2cc3c(nc2-c2ccccc2Cl)nc(C(C)(C)C)n2c(=O)[nH]nc32)cc1,6.0501
CC(C)(C)c1nc2nc(-c3ccccc3Cl)c(-c3ccc(C(F)(F)F)cc3)cc2c2n[nH]c(=O)n12,5.0362
CC(=O)c1ccc(-c2cc3c(nc2-c2ccccc2Cl)nc(C(C)(C)C)n2c(=O)[nH]nc32)cc1,5.2366
CN(C)c1ccc(-c2cc3c(nc2-c2ccccc2Cl)nc(C(C)(C)C)n2c(=O)[nH]nc32)cc1,6.1135
CC(C)(C)c1nc2nc(-c3ccccc3Cl)c(-c3cnccc3C#N)cc2c2n[nH]c(=O)n12,4.7447
CC(C)(C)c1nc2nc(-c3ccccc3Cl)c(-c3ccc(Cl)cc3)cc2c2nncn12,5.4685
O=C(NCc1cccc(Cl)c1)c1ccc2c(c1)N=C(N1CCC(F)(F)CC1)c1ccccc1S2,5.9000
CCCCNC(=O)c1ccc2c(c1)N=C(c1ccccc1Cl)c1ccccc1S2,5.3000
CCCCNC(=O)c1ccc2c(c1)N=C(c1ccc(F)c(Cl)c1)c1ccccc1S2,6.0000
CCN1CCc2c(nn(-c3ccccc3Cl)c2-c2ccc(Cl)cc2)C1=O,4.6300
CC(C)CN1CCc2c(nn(-c3ccccc3Cl)c2-c2ccc(Cl)cc2)C1=O,5.7498
CC(C)(C)N1CCc2c(nn(-c3ccccc3Cl)c2-c2ccc(Cl)cc2)C1=O,5.1669
COC(C)(C)CN1CCc2c(nn(-c3ccccc3Cl)c2-c2ccc(Cl)cc2)C1=O,6.7905
CCCCC/C=C\C/C=C\C/C=C\C/C=C\CCCC(=O)N[C@@H]1C[C@@H]1O,6.7614
CCCCC/C=C\C/C=C\C/C=C\C/C=C\CCCC(=O)N[C@H]1C[C@H]1O,6.7212
CCCCC/C=C\C/C=C\C/C=C\C/C=C\CCCC(=O)N[C@@H]1C[C@H]1O,6.6705
CCCCC/C=C\C/C=C\C/C=C\C/C=C\CCCC(=O)N[C@H]1C[C@@H]1O,6.6288
CCCCCCCC/C=C\CCCCCCCC(=O)N[C@@H]1C[C@H]1O,5.8879
CCCCCCCC/C=C\CCCCCCCC(=O)N[C@@H]1C[C@@H]1O,6.0794
CCCCCCCCCCCCCCCC(=O)N[C@H]1C[C@H]1O,5.7878
CCCCCCCCCCCCCCCC(=O)N[C@H]1C[C@@H]1O,5.6162
Clc1ccc(-c2noc(C3CCN(c4cnc5ccccc5c4)CC3)n2)c(Cl)c1,7.0969
O=C(CCc1nc(-c2ccc(F)cc2Cl)no1)Nc1cnc2ccccc2c1,8.5000
Fc1ccccc1-c1noc(C2CCN(c3cnc4ccccc4c3)CC2)n1,5.8097
c1ccc2ncc(N3CCC(c4nc(C5CCCCC5)no4)CC3)cc2c1,7.5850
CC(C)c1noc(C2CCN(c3cnc4ccccc4c3)CC2)n1,5.8416
Clc1ccc(-c2noc(C3CCN(c4cnc5ccccc5c4)CC3)n2)cc1,5.7496
Clc1cnccc1-c1noc(C2CCN(c3cnc4ccccc4c3)CC2)n1,7.6198
c1ccc2ncc(N3CCC(c4nc(-c5ccncc5)no4)CC3)cc2c1,6.5045
Fc1ccc(-c2noc(C3CCN(c4cnc5ccc(OC(F)(F)F)cc5c4)CC3)n2)c(Cl)c1,8.5229
Fc1ccc(-c2noc(C3CCN(c4cnc5ccc(Cl)cc5c4)CC3)n2)c(Cl)c1,8.0568
Fc1ccc(-c2noc(C3CCN(c4cnc5c(C(F)(F)F)cccc5c4)CC3)n2)c(Cl)c1,7.7959
CC1(C)CCCc2cc(N3CCC(c4nc(-c5ccc(F)cc5Cl)no4)CC3)cnc21,7.4949
Fc1ccc(-c2noc(C3CCN(c4cnc5c(c4)CCCC5)CC3)n2)c(Cl)c1,7.7212
CC(C)n1ccc2cc(N3CCC(c4nc(-c5ccc(F)cc5Cl)no4)CC3)cnc21,6.4685
Fc1ccc(-c2noc(C3CCN(c4ccnc5ccccc45)CC3)n2)c(Cl)c1,5.5436
Fc1ccc(-c2noc(C3CCN(c4ccc(Cl)c(C(F)(F)F)c4)CC3)n2)c(Cl)c1,6.4248
Fc1ccc(-c2noc(C3CCN(c4cnc5ccccc5c4)CC3)n2)c(Cl)c1,7.4101
Fc1ccc(-c2noc(C[C@H]3CCN(c4cnc5ccccc5c4)C3)n2)c(Cl)c1,6.8539
Fc1ccc(-c2noc(C[C@@H]3CCN(c4cnc5ccccc5c4)C3)n2)c(Cl)c1,7.0655
Fc1ccc(-c2noc([C@H]3C[C@@H]3CNc3cnc4ccccc4c3)n2)c(Cl)c1,7.0044
Fc1ccc(-c2noc([C@H]3CC[C@@H](Nc4cnc5ccccc5c4)C3)n2)c(Cl)c1,5.7959
Fc1ccc(-c2noc([C@@H]3CCC[C@H]3Nc3cnc4ccccc4c3)n2)c(Cl)c1,6.3325
CC(C)(CCc1nc(-c2ccc(F)cc2Cl)no1)Nc1cnc2ccccc2c1,7.2884
CC(CCc1nc(-c2ccc(F)cc2Cl)no1)Nc1cnc2ccccc2c1,7.8239
Fc1ccc(-c2noc(CCCNc3cnc4ccccc4c3)n2)c(Cl)c1,7.9586
O=C(NCCc1nc(-c2ccc(F)cc2Cl)no1)c1cnc2ccccc2c1,5.8097
O=C(NCCC(c1ccccc1)c1ccccc1)C(Cl)(c1ccccc1)c1ccccc1,5.8539
O=C(Cc1ccc(Br)cc1)NCCC(c1ccccc1)c1ccccc1,5.8861
O=C(Cc1ccc(Cl)cc1)NCCC(c1ccccc1)c1ccccc1,5.6198
O=C(NCCCc1ccccc1)C(c1ccccc1)c1ccc(Br)cc1,5.7447
O=C(NCCCc1ccccc1)C(c1ccccc1)c1ccc(Cl)cc1,5.6198
Nc1ccc(C(C(=O)NCCC(c2ccccc2)c2ccccc2)c2ccccc2)cc1,5.9208
O=C(NCCC(c1ccccc1)c1ccccc1)C(c1ccccc1)c1ccc(O)cc1,5.9586
O=C(NCCC(c1ccccc1)c1ccccc1)C(c1ccccc1)c1ccc([N+](=O)[O-])cc1,6.1024
Cc1ccc(C(C(=O)NCCC(c2ccccc2)c2ccccc2)c2ccccc2)cc1,6.1871
COc1ccc(C(C(=O)NCCC(c2ccccc2)c2ccccc2)c2ccccc2)cc1,6.1024
O=C(NCCC(c1ccccc1)c1ccccc1)C(O)(c1ccccc1)c1ccccc1,5.6383
CC(C(=O)NCCC(c1ccccc1)c1ccccc1)(c1ccccc1)c1ccccc1,6.5376
O=C(NCCC(c1ccccc1)c1ccccc1)C(c1ccccc1)c1ccccc1,5.1024
CC(C)(O)c1cc(Nc2ccc(Cl)cc2Cl)ncc1C(=O)NCC1CCOCC1,5.9000
O=C(NCC1CCOCC1)c1cnc(Nc2cc(Cl)cc(Cl)c2)cc1C1CC1,7.2000
O=C(NCC1CCOCC1)c1cnc(Nc2ccc(Cl)c(Cl)c2)cc1C1CC1,6.8000
O=C(NCC1CCOCC1)c1cnc(Nc2cc(Cl)ccc2Cl)cc1C1CC1,6.4000
O=C(NCC1CCOCC1)c1cnc(Nc2cccc(F)c2)cc1C1CC1,5.6000
Cc1cccc(Nc2cc(C3CC3)c(C(=O)NCC3CCOCC3)cn2)c1,5.8000
COc1cccc(Nc2cc(C3CC3)c(C(=O)NCC3CCOCC3)cn2)c1,5.7000
N#Cc1cccc(Nc2cc(C3CC3)c(C(=O)NCC3CCOCC3)cn2)c1,6.1000
O=C(NCC1CCOCC1)c1cnc(Nc2cccc(OC(F)(F)F)c2)cc1C1CC1,6.6000
O=C(NCC1CCOCC1)c1cnc(Nc2cccc(C(F)(F)F)c2)cc1C1CC1,6.7000
O=C(NCC1CCOCC1)c1cnc(Nc2cccc(Br)c2)cc1C1CC1,6.7000
O=C(NCC1CCOCC1)c1cnc(Nc2cccc(Cl)c2)cc1C1CC1,6.8000
CC(C)(C)c1cc(Nc2ccc(Cl)cc2Cl)ncc1C(=O)NCC1CCOCC1,7.9000
O=C(NCC1CCOCC1)c1cnc(Nc2ccc(Cl)cc2Cl)cc1C1CCCC1,6.8000
O=C(NCC1CCOCC1)c1cnc(Nc2ccc(Cl)cc2Cl)cc1C1CC1,7.1000
CCC(CC)CNC(=O)c1cnc(Nc2cccc(Cl)c2)cc1C(C)C,6.4000
CC(C)c1cc(Nc2cccc(Cl)c2)ncc1C(=O)NCC(C)(C)C,6.6000
CC(C)CNC(=O)c1cnc(Nc2cccc(Cl)c2)cc1C(C)C,7.4000
CC(C)c1cc(Nc2cccc(Cl)c2)ncc1C(=O)NC1CCOCC1,6.3000
CC(C)c1cc(Nc2cccc(Cl)c2)ncc1C(=O)NCc1ccc(F)cc1,7.0000
Cc1cccc(Nc2cc(C(C)C)c(C(=O)NCC3CCC3)cn2)c1,7.3000
CC(C)c1cc(Nc2cccc(Cl)c2)ncc1C(=O)NCC1CCCC1,7.4000
CC(C)c1cc(Nc2cccc(C(F)(F)F)c2F)ncc1C(=O)NCC1CCOCC1,7.2000
CC(C)c1cc(Nc2ccc(C#N)c(Cl)c2)ncc1C(=O)NCC1CCOCC1,7.1000
CC(C)c1cc(Nc2ccc(Cl)cc2Cl)ncc1C(=O)NCC1CCOCC1,7.3000
CC(C)c1cc(Nc2cccc(C#N)c2)ncc1C(=O)NCC1CCOCC1,6.4000
Cc1cccc(Nc2cc(C(C)C)c(C(=O)NCC3CCOCC3)cn2)c1,6.3000
COc1cccc(Nc2cc(C(C)C)c(C(=O)NCC3CCOCC3)cn2)c1,6.4000
CC(C)c1cc(Nc2cccc(Br)c2)ncc1C(=O)NCC1CCOCC1,7.2000
CC(C)c1cc(Nc2cccc(Cl)c2)ncc1C(=O)NCC1CCOCC1,6.9000
NC(=O)c1ccc(CNC(=O)c2cnc(Nc3cccc(Cl)c3)cc2C(F)(F)F)cc1,5.8000
O=C(NCc1ccc(F)cc1)c1cnc(Nc2cccc(Br)c2)cc1C(F)(F)F,7.1000
O=C(NCC1CCCCC1)c1cnc(Nc2cccc(Cl)c2)cc1C(F)(F)F,7.5000
O=C(NCC1CCCC1)c1cnc(Nc2ccc(Cl)cc2Cl)cc1C(F)(F)F,7.0000
COc1ccc(Cl)cc1Nc1cc(C(F)(F)F)c(C(=O)NCC2CCC2)cn1,6.7000
COc1ccc(Cl)cc1Nc1cc(C(F)(F)F)c(C(=O)NCC2CCOCC2)cn1,6.4000
Cc1cc(Cl)ccc1Nc1cc(C(F)(F)F)c(C(=O)NCC2CCOCC2)cn1,6.6000
O=C(NCC1CCOCC1)c1cnc(Nc2cccc(F)c2)cc1C(F)(F)F,6.0000
O=C(NCC1CCOCC1)c1cnc(Nc2ccc(Cl)cc2Cl)cc1C(F)(F)F,7.3000
O=C(NCC1CCOCC1)c1cnc(Nc2cccc(Cl)c2)cc1C(F)(F)F,6.6000
CCCCC/C=C\C/C=C\C/C=C\C/C=C\CCCC(=O)Nc1ccc2[nH]ncc2c1,6.0000
CCCCC/C=C\C/C=C\C/C=C\C/C=C\CCCC(=O)Nc1ccc(O)cc1,5.8861
CCCCC/C=C\C/C=C\C/C=C\C/C=C\CCCC(=O)Nc1ccc(O)c(OC)c1,6.0000
CCCCC/C=C\C/C=C\C/C=C\C/C=C\CCCC(=O)NCc1ccc(O)cc1,7.0000
Cc1ccc(-c2nc(CC(C)(C)C)cs2)cc1S(=O)(=O)N1CCOCC1,8.2840
Cc1ccc(-c2nc(CC3CCCCC3)cs2)cc1S(=O)(=O)N1CCOCC1,7.6383
Cc1ccc(-c2nc(C(C)(C)C)cs2)cc1S(=O)(=O)N1CCOCC1,7.9610
Cc1ccc(-c2nnn(CC(C)(C)C)n2)cc1S(=O)(=O)N1CCOCC1,7.5397
Cc1ccc(-c2nnn(CC3CCCCC3)n2)cc1S(=O)(=O)N1CCOCC1,7.0970
Cc1ccc(-c2n[nH]c(CC(C)(C)C)n2)cc1S(=O)(=O)N1CCOCC1,7.1322
Cc1ccc(-c2n[nH]c(CC3CCCCC3)n2)cc1S(=O)(=O)N1CCOCC1,7.4064
Cc1ccc(-c2n[nH]c(C(C)(C)C)n2)cc1S(=O)(=O)N1CCOCC1,6.9430
Cc1ccc(-c2nc(CC(C)(C)C)c[nH]2)cc1S(=O)(=O)N1CCOCC1,7.3858
Cc1ccc(-c2nc(C(C)(C)C)c[nH]2)cc1S(=O)(=O)N1CCOCC1,7.4374
Cc1ccc(-c2cnc(C(C)(C)C)[nH]2)cc1S(=O)(=O)N1CCOCC1,6.9888
Cc1ccc(-c2noc(CC(C)(C)C)n2)cc1S(=O)(=O)N1CCOCC1,7.1920
Cc1ccc(-c2noc(CC3CCCCC3)n2)cc1S(=O)(=O)N1CCOCC1,6.9223
Cc1ccc(-c2noc(C(C)(C)C)n2)cc1S(=O)(=O)N1CCOCC1,7.1192
Cc1ccc(-c2cc(CC(C)(C)C)[nH]n2)cc1S(=O)(=O)N1CCOCC1,7.0229
Cc1ccc(-c2cc(CC3CCCCC3)[nH]n2)cc1S(=O)(=O)N1CCOCC1,6.8909
Cc1ccc(-c2cc(C(C)(C)C)[nH]n2)cc1S(=O)(=O)N1CCOCC1,6.8410
Cc1ccc(NC(=O)[C@@H]2C(C)(C)[C@@H]3CC[C@@]2(C)C3)cc1S(=O)(=O)N1CCOCC1,8.3936
Cc1ccc(C(=O)N[C@H]2C(C)(C)[C@@H]3CC[C@@]2(C)C3)cc1S(=O)(=O)N1CCOCC1,7.4604
Cc1ccc(NC(=O)[C@H]2C(C)(C)[C@@H]3CC[C@@]2(C)C3)cc1S(=O)(=O)N1CCOCC1,7.6683
Cc1ccc(NC(=O)C(C(C)(C)C)C(C)(C)C)cc1S(=O)(=O)N1CCOCC1,7.7336
Cc1ccc(NC(=O)C2CCCCC2(C)C)cc1S(=O)(=O)N1CCOCC1,7.9586
Cc1ccc(NC(=O)C2CCCCC2C)cc1S(=O)(=O)N1CCOCC1,7.6153
Cc1ccc(NC(=O)C(C)(C(F)(F)F)C(F)(F)F)cc1S(=O)(=O)N1CCOCC1,7.6383
Cc1ccc(NC(=O)C2C(C)(C)C2(C)C)cc1S(=O)(=O)N1CCOCC1,7.6383
Cc1ccc(NC(=O)C2(C)CCCCC2)cc1S(=O)(=O)N1CCOCC1,7.4687
Cc1ccc(NC(=O)C2CCCCC2)cc1S(=O)(=O)N1CCOCC1,6.9208
Cc1ccc(NC(=O)C(C)(C)C)cc1S(=O)(=O)N1CCOCC1,6.2676
Cc1ccc(NC(=O)c2cccc(Cl)c2)cc1S(=O)(=O)N1CCOCC1,6.7892
Cc1ccc(NC(=O)c2ccccc2Cl)cc1S(=O)(=O)N1CCOCC1,6.5892
Cc1ccc(NC(=O)c2ccc(Cl)cc2)cc1S(=O)(=O)N1CCOCC1,5.5376
Cc1ccc(NC(=O)[C@@H]2C[C@@]3(C)CC[C@]2(C)O3)cc1S(=O)(=O)N1CCOCC1,6.1805
Cc1ccc(NC(=O)[C@H]2C[C@@]3(C)CC[C@]2(C)O3)cc1S(=O)(=O)N1CCOCC1,5.6990
Cc1ccc(C(=O)N[C@@H]2C(C)(C)[C@@H]3CC[C@@]2(C)C3)cc1S(=O)(=O)N1CCOCC1,8.3731
O=C(NCc1ccccc1)c1ccc(Br)c(S(=O)(=O)N2CCOCC2)c1,6.0969
O=C(NC1CCCCCC1)c1cc2cccnc2n(Cc2ccc(F)cc2)c1=O,9.1549
C[C@H]1CC[C@@H](NC(=O)c2cc3cccnc3n(Cc3ccc(F)cc3)c2=O)CC1,9.1549
CC1CCC(NC(=O)c2cc3cccnc3n(Cc3ccc(F)cc3)c2=O)CC1,8.8633
CC1CCC(NC(=O)c2cc3cccnc3n(CCN3CCOCC3)c2=O)CC1,7.7545
O=C(NC1CCCCC1)c1cc2cccnc2n(Cc2ccc(F)cc2)c1=O,8.6576
O=C(NC1CCCCCC1)c1cc2cccnc2n(CCN2CCOCC2)c1=O,8.5229
C[C@H]1CC[C@@H](NC(=O)c2cc3cccnc3n(Cc3ccccc3)c2=O)CC1,8.2366
CC1CCC(NC(=O)c2cc3cccnc3n(Cc3ccccc3)c2=O)CC1,8.1079
O=C(NC1CCCCC1)c1cc2cccnc2n(CCN2CCOCC2)c1=O,8.1024
C[C@H]1CC[C@H](NC(=O)c2cc3cccnc3n(Cc3ccc(F)cc3)c2=O)CC1,8.0458
O=C(NC1CCCCCC1)c1cc2cccnc2n(Cc2ccccc2)c1=O,7.6576
O=C(NC1CCCCC1)c1cc2cccnc2n(Cc2ccccc2)c1=O,7.5086
C[C@H]1CC[C@H](NC(=O)c2cc3cccnc3n(Cc3ccccc3)c2=O)CC1,7.4001
O=C(NCCc1ccc(F)cc1)c1cc2cccnc2n(Cc2ccccc2)c1=O,7.1561
CCCCn1c(=O)c(C(=O)NC2CCCCC2)cc2cccnc21,7.1549
CCCCCn1c(C)c(C(=O)c2cccc3ccccc23)c2ccccc21,8.5378
CCCCCn1cc(C(=O)c2cccc3ccccc23)c2ccccc21,8.1400
CCCn1c(C)c(C(=O)c2cccc3ccc(C)cc23)c2ccccc21,7.7959
CCCCCn1c(C)c(C(=O)c2cccc3ccc(C)cc23)c2ccccc21,9.3100
CCCn1cc(C(=O)c2cccc3ccccc23)c2ccccc21,6.7700
CCCn1cc(C(=O)c2cccc3ccc(C)cc23)c2ccccc21,6.9750
CCCn1cc(C(=O)c2ccc(OC)c3ccccc23)c2ccccc21,7.4950
CCCCCn1cc(C(=O)c2ccc(OC)c3ccccc23)c2ccccc21,7.9069
CCCn1c(C)c(C(=O)c2ccc(OC)c3ccccc23)c2ccccc21,7.0130
CCCCCn1c(C)c(C(=O)c2ccc(OC)c3ccccc23)c2ccccc21,8.7210
CCCCCn1cc(C(=O)c2ccc(C)c3ccccc23)c2ccccc21,8.9212
CCCn1c(C)c(C(=O)c2ccc(C)c3ccccc23)c2ccccc21,7.8539
CCCCCn1c(C)c(C(=O)c2ccc(C)c3ccccc23)c2ccccc21,9.1370
CCCCCn1c(C)c(C(=O)c2cccc3cc(OC)ccc23)c2ccccc21,7.9590
CCCCCn1c(C)c(C(=O)c2cccc3ccc(OC)cc23)c2ccccc21,7.9830
CCCn1c(C)c(C(=O)c2cccc3ccc(OC)cc23)c2ccccc21,6.3560
CCCn1cc(C(=O)c2cccc3cc(OC)ccc23)c2ccccc21,6.8600
CCCCCn1cc(C(=O)c2cccc3ccc(OC)cc23)c2ccccc21,8.1610
CCCn1cc(C(=O)c2cccc3ccc(OC)cc23)c2ccccc21,7.1490
CCCCCn1cc(C(=O)c2cccc3cc(OC)ccc23)c2ccccc21,8.7210
CCCc1ccc(C(=O)c2cn(CCC)c3ccccc23)c2ccccc12,8.0180
CCCCCn1c(C)c(C(=O)c2ccc(CCC)c3ccccc23)c2ccccc21,9.2149
CCCCCn1cc(C(=O)c2ccc(CCC)c3ccccc23)c2ccccc21,8.9590
CCCc1ccc(C(=O)c2c(C)n(CCC)c3ccccc23)c2ccccc12,7.9212
CCCCCn1cc(C(=O)c2ccc(CC)c3ccccc23)c2ccccc21,9.1610
CCCn1c(C)c(C(=O)c2ccc(CC)c3ccccc23)c2ccccc21,7.9212
CCCn1cc(C(=O)c2ccc(CC)c3ccccc23)c2ccccc21,8.0000
CCCCCn1c(C)c(C(=O)c2ccc(CC)c3ccccc23)c2ccccc21,9.3770
CCCCCn1cc(C(=O)c2cccc3ccc(CC)cc23)c2ccccc21,8.4200
CCCn1cc(C(=O)c2cccc3ccc(CC)cc23)c2ccccc21,6.9100
CCCn1c(C)c(C(=O)c2cccc3ccc(CC)cc23)c2ccccc21,6.6200
CCCCc1ccc(C(=O)c2cn(CCC)c3ccccc23)c2ccccc12,7.2840
CCCCCn1cc(C(=O)c2ccc(CCCC)c3ccccc23)c2ccccc21,8.1430
CCCCc1ccc(C(=O)c2c(C)n(CCC)c3ccccc23)c2ccccc12,7.3100
CCCCCn1c(C)c(C(=O)c2ccc(CCCC)c3ccccc23)c2ccccc21,8.1870
CCCCCn1cc(C(=O)c2ccc(OCC)c3ccccc23)c2ccccc21,7.9788
CCCn1cc(C(=O)c2ccc(OCC)c3ccccc23)c2ccccc21,7.1310
CCCCCn1c(C)c(C(=O)c2ccc(OCC)c3ccccc23)c2ccccc21,7.6021
CCCn1c(C)c(C(=O)c2ccc(OCC)c3ccccc23)c2ccccc21,6.6560
CCCCCn1c(C)c(C(=O)c2cccc3ccc(CC)cc23)c2ccccc21,8.2520
CCCn1cc(C(=O)c2c(OC)ccc3ccccc23)c2ccccc21,7.0970
CCCCCn1cc(C(=O)c2c(OC)ccc3ccccc23)c2ccccc21,8.1430
COc1cccc(N2C(C(C)=O)=NN(c3ccc(Cl)cc3)C2c2ccc(N3CCOCC3)cc2)c1,5.4068
O=C(Nc1ccccc1Oc1ccccc1)c1ccc(S(=O)(=O)N2CCc3ccccc32)cc1,5.0000
COc1ccccc1NC(=O)C(C)Sc1nc(-c2ccc(C)cc2)nc2c1COC(C)(C)C2,5.0000
CCOC(=O)N1CCN(C(=O)c2cc(-c3ccccc3Cl)nn2-c2ccc(C)cc2C)CC1,5.9710
COc1ccc(C2c3cccn3-c3ccccc3N2C(=O)CN(C(=O)NC(C)(C)C)C(C)C)cc1,5.3051
Cc1cc(C)c(OCC(=O)Nc2sc3c(c2C(=O)NC2CCS(=O)(=O)C2)CCCC3)c(C)c1,7.2366
Cc1ccc(C2c3cccn3-c3ccccc3N2C(=O)CN(C(=O)C2CCCC2)C2CC2)cc1,5.0000
CC1CC(C)CN(S(=O)(=O)c2ccc(F)c(C(=O)NC(c3ccccc3)c3ccccc3)c2)C1,5.0000
CN(C)c1ccc(C(=O)c2nccc3ccccc23)cc1,5.6000
CN(C)c1ccccc1C(=O)c1nccc2ccccc12,6.2000
O=C(c1ccccc1C(F)(F)F)c1nccc2ccccc12,6.3000
O=C(c1ccc(C(F)(F)F)cc1)c1nccc2ccccc12,5.5000
O=C(c1ccc(Cl)cc1)c1ccc2ccccc2n1,5.4000
CN(C)c1ccccc1C(=O)c1ccc2ccccc2n1,6.1000
CN(C)c1ccc(C(=O)c2ccc3ccccc3n2)cc1,5.2000
COc1ccccc1C(=O)c1ccc2ccccc2n1,5.6000
COc1cccc(C(=O)c2ccc3ccccc3n2)c1,5.7000
O=C(c1ccc2ccccc2n1)c1ccccc1C(F)(F)F,5.7000
O=C(c1cccc(C(F)(F)F)c1)c1ccc2ccccc2n1,5.3000
O=C(c1ccccc1)c1ccc2ccccc2n1,5.1000
O=C(N1CCCCC1)N1CC(O[C@@H](c2ccc(Cl)cc2)c2cccnc2Cl)C1,5.1433
O=C(N1CCCCC1)N1CC(O[C@H](c2ccc(Cl)cc2)c2cccnc2Cl)C1,4.9626
CC(C)(C)Cc1nc2c(n1CC1CC1)CCN(S(C)(=O)=O)C2,6.3575
CC(C)(C)c1nc2c(n1CC1CC1)CCN(S(C)(=O)=O)C2,6.3947
COCCS(=O)(=O)N1CCc2c(nc(CC(C)(C)C)n2CC2CC2)C1,7.6676
COCCS(=O)(=O)N1CCc2c(nc(C(C)(C)C)n2CC2CC2)C1,7.5735
CC(C)(C)Cc1nc2c(n1CC1CC1)CCN(S(=O)(=O)Cc1ccccc1)C2,7.8729
Cc1noc(C)c1S(=O)(=O)N1CCc2c(nc(C(C)(C)C)n2CC2CC2)C1,8.2924
CCCCC(=O)N1CCc2c(nc(CC(C)(C)C)n2CC2CC2)C1,5.9914
CN(Cc1ccccc1)C(=O)N1CCc2c(nc(C(C)(C)C)n2CC2CC2)C1,6.1959
CN(Cc1ccccc1)C(=O)N1CCc2c(nc(CC(C)(C)C)n2CC2CC2)C1,6.2815
CC(C)(C)C(=O)N1CCc2c(nc(C(C)(C)C)n2CC2CC2)C1,6.4949
CC(C)(C)c1nc2c(n1CC1CC1)CCN(S(=O)(=O)Cc1ccccc1)C2,7.6615
CC(C)(C)Cc1nc2c(n1CC1CC1)CCN(S(=O)(=O)c1cccnc1)C2,7.6108
CC(C)(C)c1nc2c(n1CC1CC1)CCN(S(=O)(=O)c1cccnc1)C2,7.8477
CC(C)(C)Cc1nc2c(n1CC1CC1)CCN(S(=O)(=O)c1ccccc1)C2,8.0410
CC(C)(C)c1nc2c(n1CC1CC1)CCN(S(=O)(=O)c1ccccc1)C2,8.1024
Cc1nocc1S(=O)(=O)N1CCc2c(nc(CC(C)(C)C)n2CC2CC2)C1,7.7328
Cc1nocc1S(=O)(=O)N1CCc2c(nc(C(C)(C)C)n2CC2CC2)C1,7.2565
Cc1noc(C)c1S(=O)(=O)N1CCc2c(nc(CC(C)(C)C)n2CC2CC2)C1,8.1549
CCCN(C)C(=O)N1CCc2c(nc(C(C)(C)C)n2CC2CC2)C1,6.4202
CCCCCN1CCc2c(nc(C(C)(C)C)n2CC2CC2)C1,6.0565
CCCCCN1CCc2c(nc(CC(C)(C)C)n2CC2CC2)C1,5.5229
CCCOC(=O)N1CCc2c(nc(CC(C)(C)C)n2CC2CC2)C1,6.2518
COc1ncc(Br)cc1CN1CCc2c(nc(C(C)(C)C)n2CC2CC2)C1,6.5302
CCCCNc1cc(N[C@@H](C)[C@@H](Cc2ccc(Cl)cc2)c2cccc(Br)c2)ncn1,5.5287
Cc1c(C(=O)NC2CCCCCC2)nn(-c2ccc(F)cc2F)c1-n1c(C)ccc1C,6.9586
Cc1c(C(=O)NC2CCCC2)nn(-c2ccc(F)cc2F)c1-n1c(C)ccc1C,6.0458
Cc1c(C(=O)NCCc2ccc(Cl)cc2Cl)nn(-c2ccc(F)cc2F)c1-n1c(C)ccc1C,6.1421
COc1cc(CNC(=O)c2nn(-c3ccc(F)cc3F)c(-n3c(C)ccc3C)c2C)c(Br)c(OC)c1OC,6.4283
Cc1c(C(=O)NC2CCCCCC2)nn(-c2ccc(F)cc2F)c1-n1cccc1,6.6990
Cc1c(C(=O)NC2CCCC2)nn(-c2ccc(F)cc2F)c1-n1cccc1,5.9586
Cc1c(C(=O)NCCc2ccc(Cl)cc2Cl)nn(-c2ccc(F)cc2F)c1-n1cccc1,6.1759
COc1ccc(CCNC(=O)c2nn(-c3ccc(F)cc3F)c(-n3cccc3)c2C)cc1Cl,5.7111
Cc1c(C(=O)NCCc2ccc(Cl)c(Cl)c2)nn(-c2ccc(F)cc2F)c1-n1cccc1,5.8891
COc1cc(CNC(=O)c2nn(-c3ccc(F)cc3F)c(-n3cccc3)c2C)c(Br)c(OC)c1OC,6.1314
Cc1c(C(=O)NCc2ccc(Cl)cc2)nn(-c2ccc(F)cc2F)c1-n1cccc1,5.4685
Cc1c(C(=O)NC(C)c2ccccc2)nn(-c2ccc(Cl)c(Cl)c2)c1-n1c(C)ccc1C,8.2441
Cc1c(C(=O)NC23CC4CC(CC(C4)C2)C3)nn(-c2ccc(Cl)c(Cl)c2)c1-n1c(C)ccc1C,7.9208
Cc1c(C(=O)NC2CCCCCC2)nn(-c2ccc(Cl)c(Cl)c2)c1-n1c(C)ccc1C,8.3768
Cc1c(C(=O)NC2CCCC2)nn(-c2ccc(Cl)c(Cl)c2)c1-n1c(C)ccc1C,7.9208
Cc1c(C(=O)NCc2ccc(Cl)cc2)nn(-c2ccc(Cl)c(Cl)c2)c1-n1c(C)ccc1C,6.1024
Cc1c(C(=O)N[C@@H](C)C2CCCCC2)nn(-c2ccc(Cl)c(Cl)c2)c1-n1cccc1,8.6198
Cc1c(C(=O)N[C@H](C)C2CCCCC2)nn(-c2ccc(Cl)c(Cl)c2)c1-n1cccc1,8.7959
Cc1c(C(=O)NC23CC4CC(CC(C4)C2)C3)nn(-c2ccc(Cl)c(Cl)c2)c1-n1cccc1,7.6990
Cc1c(C(=O)NC2CCCCCC2)nn(-c2ccc(Cl)c(Cl)c2)c1-n1cccc1,8.8861
Cc1c(C(=O)NC2CCCC2)nn(-c2ccc(Cl)c(Cl)c2)c1-n1cccc1,7.9208
Cc1c(C(=O)NCCc2ccc(Cl)cc2)nn(-c2ccc(Cl)c(Cl)c2)c1-n1cccc1,5.9208
Cc1c(C(=O)NCc2ccc(Cl)cc2)nn(-c2ccc(Cl)c(Cl)c2)c1-n1cccc1,7.0000
Cc1c(C(=O)Nc2ccc(Cl)cc2)nn(-c2ccc(Cl)c(Cl)c2)c1-n1cccc1,6.1024
Cc1c(C(=O)NC2CCCCCC2)nn(-c2ccc(Cl)cc2Cl)c1-n1c(C)ccc1C,7.0969
Cc1c(C(=O)NC2CCCC2)nn(-c2ccc(Cl)cc2Cl)c1-n1c(C)ccc1C,6.5086
COc1ccc(CCNC(=O)c2nn(-c3ccc(Cl)cc3Cl)c(-n3c(C)ccc3C)c2C)cc1Cl,5.4580
COc1cc(CNC(=O)c2nn(-c3ccc(Cl)cc3Cl)c(-n3c(C)ccc3C)c2C)c(Br)c(OC)c1OC,6.2573
Cc1c(C(=O)NC2CCCCCC2)nn(-c2ccc(Cl)cc2Cl)c1-n1cccc1,7.6990
Cc1c(C(=O)NC2CCCC2)nn(-c2ccc(Cl)cc2Cl)c1-n1cccc1,6.7696
COc1ccc(CCNC(=O)c2nn(-c3ccc(Cl)cc3Cl)c(-n3cccc3)c2C)cc1Cl,5.5396
COc1cc(CNC(=O)c2nn(-c3ccc(Cl)cc3Cl)c(-n3cccc3)c2C)c(Br)c(OC)c1OC,6.2154
Cc1c(C(=O)NCc2ccc(Cl)cc2)nn(-c2ccc(Cl)cc2Cl)c1-n1cccc1,6.0269
Cc1c(C(=O)Nc2ccc(Cl)cc2)nn(-c2ccc(Cl)cc2Cl)c1-n1cccc1,7.0969
CN/C(=N\S(=O)(=O)c1ccc(Cl)cc1)N1CCC(c2ccccc2)C(c2ccc(Cl)cc2)=N1,6.4976
CN/C(=N\S(=O)(=O)N1CCCCC1)N1CCC(c2ccccc2)C(c2ccc(Cl)cc2)=N1,6.2434
CN/C(=N\S(=O)(=O)N1CCC(F)(F)CC1)N1CCC(c2ccccc2)C(c2ccc(Cl)cc2)=N1,6.6073
CN/C(=N\S(=O)(=O)N1CCC(F)(F)CC1)N1CC(c2ccccc2)C(c2ccc(Cl)cc2)=N1,6.6596
Cc1nnc(-c2c(-c3nnc(C4(C(F)(F)F)CC4)o3)nn(-c3ccc(Cl)cc3Cl)c2-c2ccc(Br)cc2)s1,7.0127
Cc1nnc(-c2c(-c3nnc(C(C)(C)C)o3)nn(-c3ccc(Cl)cc3Cl)c2-c2ccc(Br)cc2)o1,6.3830
Cc1nnc(-c2c(-c3nnc(C(C)(C)C)s3)nn(-c3ccc(Cl)cc3Cl)c2-c2ccc(Br)cc2)s1,6.3696
CC1(C)C(C(=O)c2cn(CCc3nsc(Cl)n3)c3ccccc23)C1(C)C,8.0800
Cc1ncsc1CCn1cc(C(=O)C2C(C)(C)C2(C)C)c2ccccc21,7.7399
CC1(C)C(C(=O)c2cn(CCc3ccsc3)c3ccccc23)C1(C)C,8.7447
CC1(C)C(C(=O)c2cn(CCc3cccs3)c3ccccc23)C1(C)C,8.5528
Cn1ccnc1CCn1cc(C(=O)C2C(C)(C)C2(C)C)c2ccccc21,6.7959
CC1(C)C(C(=O)c2cn(CCn3cccc3)c3ccccc23)C1(C)C,8.7447
CC1(C)C(C(=O)c2cn(CCc3ccncc3)c3ccccc23)C1(C)C,7.5086
CC1(C)C(C(=O)c2cn(CCc3cccnc3)c3ccccc23)C1(C)C,7.6990
CC1(C)C(C(=O)c2cn(CCc3ccccn3)c3ccccc23)C1(C)C,7.1600
CC1(C)C(C(=O)c2cn(Cc3ccncc3)c3ccccc23)C1(C)C,8.4318
CC1(C)C(C(=O)c2cn(Cc3ccccc3)c3ccccc23)C1(C)C,8.0862
CC1(C)C(C(=O)c2cn(Cc3cccnc3)c3ccccc23)C1(C)C,7.5200
CC(=O)CCCCn1cc(C(=O)C2C(C)(C)C2(C)C)c2ccccc21,9.0000
COC(=O)CCn1cc(C(=O)C2C(C)(C)C2(C)C)c2ccccc21,8.5300
CC1(C)C(C(=O)c2cn(CCC(N)=O)c3ccccc23)C1(C)C,6.6576
CSCCCCn1cc(C(=O)C2C(C)(C)C2(C)C)c2ccccc21,9.3979
COCCCn1cc(C(=O)C2C(C)(C)C2(C)C)c2ccccc21,8.8700
COCCn1cc(C(=O)C2C(C)(C)C2(C)C)c2ccccc21,8.5043
CC1(C)C(C(=O)c2cn(CCCCCO)c3ccccc23)C1(C)C,9.1487
CC1(C)C(C(=O)c2cn(CCCCO)c3ccccc23)C1(C)C,8.6588
CC1(C)C(C(=O)c2cn(CCCO)c3ccccc23)C1(C)C,8.6700
CC1(C)C(C(=O)c2cn(CCO)c3ccccc23)C1(C)C,7.2500
CC1(C)C(C(=O)c2cn(CCCC(F)(F)F)c3ccccc23)C1(C)C,9.5633
CCCCCn1cc(C(=O)C2C(C)(C)C2(C)C)c2ccccc21,8.7399
CCCCn1cc(C(=O)C2C(C)(C)C2(C)C)c2ccccc21,8.6990
CCCn1cc(C(=O)C2C(C)(C)C2(C)C)c2ccccc21,8.0362
CC1(C)C(C(=O)c2cn(CCN3C(=O)CCC3=O)c3ccccc23)C1(C)C,6.7700
CC1(C)C(C(=O)c2cn(CCN3CCCC3=O)c3ccccc23)C1(C)C,7.2596
CC1(C)C(C(=O)c2cn(CCN3CCOC3=O)c3ccccc23)C1(C)C,9.3766
CC1(C)C(C(=O)c2cn(CC3OCCO3)c3ccccc23)C1(C)C,8.9901
CC1(C)C(C(=O)c2cn(C[C@H]3CCCO3)c3ccccc23)C1(C)C,8.4200
CC1(C)C(C(=O)c2cn(C[C@@H]3CCCO3)c3ccccc23)C1(C)C,8.4808
CC1(C)C(C(=O)c2cn(CCC3CCOCC3)c3ccccc23)C1(C)C,8.5528
CC1(C)C(C(=O)c2cn(CC3CCOC3)c3ccccc23)C1(C)C,9.3100
CN1CCCCC1Cn1cc(C(=O)C2C(C)(C)C2(C)C)c2ccccc21,9.3188
CC1(C)C(C(=O)c2cn(CCN3CCCCCC3)c3ccccc23)C1(C)C,7.5850
CC1(C)C(C(=O)c2cn(CCN3CCCCC3)c3ccccc23)C1(C)C,8.6383
CC1(C)C(C(=O)c2cn(CCN3CCCC3)c3ccccc23)C1(C)C,8.2300
CN(C)CCn1cc(C(=O)C2C(C)(C)C2(C)C)c2ccccc21,8.7201
O=C(c1cn(CC2CCOCC2)c2ccccc12)C12CC3CC(CC(C3)O1)C2,8.2291
O=C(c1cn(CC2CCOCC2)c2ccccc12)[C@@H]1CC12CCCCC2,8.5850
O=C(c1cn(CC2CCOCC2)c2ccccc12)C12CC3CC(CC1C3)C2,8.6700
CC1(C(=O)c2cn(CC3CCOCC3)c3ccccc23)CC1(Cl)Cl,6.7400
CC1(C(=O)c2cn(CC3CCOCC3)c3ccccc23)CC(F)(F)C1(F)F,7.3279
O=C(c1cn(CC2CCOCC2)c2ccccc12)C1CCCC1,7.9586
O=C(c1cn(CCN2CCOCC2)c2ccccc12)C12CC3CC(CC1C3)C2,7.6383
O=C(c1cn(CCN2CCOCC2)c2ccccc12)[C@@H]1CC12CCCCC2,7.4559
CC(C)[C@H]1CC[C@H](C(=O)c2cn(CCN3CCOCC3)c3ccccc23)CC1,6.7206
O=C(c1cn(CCN2CCOCC2)c2ccccc12)C1CCCCCC1,7.9500
CC[C@H]1CC[C@H](C(=O)c2cn(CCN3CCOCC3)c3ccccc23)CC1,7.7959
O=C(c1cn(CCN2CCOCC2)c2ccccc12)C1CCCCC1,6.8601
O=C(c1cn(CCN2CCOCC2)c2ccccc12)C1CCCC1,6.0867
CC1(C(=O)c2cn(CCN3CCOCC3)c3ccccc23)CC1(Cl)Cl,6.1451
CC1(C)C(C(=O)c2cn(CCN3CCNCC3)c3ccccc23)C1(C)C,5.6576
CC1(C)C(C(=O)c2cn(CCCN3CCOCC3)c3ccccc23)C1(C)C,5.8170
c1cc2occc2c(-c2ccc(N3CCCCCC3)nc2)n1,7.2000
Cc1ccc(N)c(-c2ccc(N3CCCCCC3)nc2)n1,6.9000
Nc1cccnc1-c1ccc(N2CCCCCC2)nc1,6.0000
Cc1cnc(-c2ccc(N3CCCCCC3)nc2)c(C)c1,5.9000
Cc1cccnc1-c1ccc(N2CCCCCC2)nc1,6.1000
N#Cc1cccnc1-c1ccc(N2CCCCCC2)nc1,6.4000
Clc1cccnc1-c1ccc(N2CCCCCC2)nc1,6.3000
c1ccc(-c2ccc(N3CCCCCC3)nc2)nc1,5.0000
Clc1cnc(-c2ccc(N3CCCCCC3)nc2)c(Cl)c1,6.5000
Clc1ccc(-c2ccc(N3CCCCCC3)nc2)nc1,7.0000
O=C(c1cc(-c2cccc(Cl)c2Cl)cnc1N1CCCCCC1)N1CCOCC1,7.1000
CN(C)C(=O)c1cc(-c2cccc(Cl)c2Cl)cnc1N1CCCCCC1,6.1000
O=C(O)c1cc(-c2cccc(Cl)c2Cl)cnc1N1CCCCCC1,5.8000
FC(F)(F)c1cc(N2CCCCCC2)ncc1-c1cccc(Cl)c1Cl,5.6000
FC(F)(F)c1cc(-c2cccc(Cl)c2Cl)cnc1N1CCCCCC1,5.2000
N#Cc1cc(N2CCCCCC2)ncc1-c1cccc(Cl)c1Cl,7.0000
N#Cc1cc(-c2cccc(Cl)c2Cl)cnc1N1CCCCCC1,5.4000
Fc1cccc(-c2ccc(N3CCOCC3)nc2)c1F,6.6000
Clc1ccc(Cl)c(-c2ccc(N3CCOCC3)nc2)c1,6.2000
Cc1c(Cl)cccc1-c1ccc(N2CCOCC2)nc1,6.3000
Clc1ccccc1-c1ccc(N2CCOCC2)nc1,6.4000
Clc1cccc(-c2ccc(N3CCOCC3)nc2)c1,6.0000
Clc1ccc(-c2ccc(N3CCOCC3)nc2)cc1Cl,5.4000
CCCCNc1ccc(-c2cccc(Cl)c2Cl)cn1,7.1000
C[C@@H]1CC[C@H](C)N1c1ccc(-c2cccc(Cl)c2Cl)cn1,6.6000
O=C1CCC(=O)N1c1ccc(-c2cccc(Cl)c2Cl)cn1,5.4000
O=C1CCCN1c1ccc(-c2cccc(Cl)c2Cl)cn1,6.6000
Clc1cccc(-c2ccc(N3CCSCC3)nc2)c1Cl,6.8000
Clc1cccc(-c2ccc(N3CCCOCC3)nc2)c1Cl,7.2000
CC1CC(C)CN(c2ccc(-c3cccc(Cl)c3Cl)cn2)C1,6.3000
Clc1cccc(-c2ccc(N3CCOCC3)nc2)c1Cl,7.1000
Clc1cccc(-c2ccc(N3CCCCCC3)nc2)c1Cl,7.4000
Cc1c(C(=O)NN2CCCCC2)nn(-c2ccc(Cl)cc2Cl)c1-c1ccc(Cl)cc1.Cl,5.4051
O=S1(=O)CCN(/C(=N\S(=O)(=O)c2ccc(Cl)cc2)N2CC(c3ccccc3)C(c3ccc(Cl)cc3)=N2)CC1,6.2434
C[C@H](NC(=O)C(C)(C)Nc1ccc(C(F)(F)F)cn1)[C@@H](Cc1ccc(Cl)cc1)c1cccc(C#N)c1,6.4921
C[C@H](NC(=O)C(C)(C)Nc1ncc(Cl)cc1Cl)[C@@H](Cc1ccc(Cl)cc1)c1cccc(C#N)c1,6.1555
C[C@H](NC(=O)C(C)(C)Nc1ncc(C(F)(F)F)cc1Cl)[C@@H](Cc1ccc(Cl)cc1)c1cccc(C#N)c1,6.3778
C[C@H](NC(=O)C(C)(C)Nc1cc(C(F)(F)F)ccn1)[C@@H](Cc1ccc(Cl)cc1)c1cccc(C#N)c1,6.4522
Cc1ccnc(NC(C)(C)C(=O)N[C@@H](C)[C@@H](Cc2ccc(Cl)cc2)c2cccc(C#N)c2)c1,6.2620
C[C@H](NC(=O)C(C)(C)Nc1ccccn1)[C@@H](Cc1ccc(Cl)cc1)c1cccc(C#N)c1,5.7375
C[C@H](NC(=O)C(C)(C)Nc1ccncn1)[C@@H](Cc1ccc(Cl)cc1)c1cccc(C#N)c1,4.8533
Cc1cc(NC(C)(C)C(=O)N[C@@H](C)[C@@H](Cc2ccc(Cl)cc2)c2cccc(C#N)c2)on1,5.4131
C[C@H](NC(=O)C(C)(C)Nc1ccon1)[C@@H](Cc1ccc(Cl)cc1)c1cccc(C#N)c1,5.4931
Cc1cc(NC(C)(C)C(=O)N[C@@H](C)[C@@H](Cc2ccc(Cl)cc2)c2cccc(C#N)c2)no1,5.2875
C[C@H](NC(=O)C(C)(C)Nc1cc(C(C)(C)C)on1)[C@@H](Cc1ccc(Cl)cc1)c1cccc(C#N)c1,6.5952
C[C@H](NC(=O)C(C)(C)Nc1cc(-c2ccccc2)on1)[C@@H](Cc1ccc(Cl)cc1)c1cccc(C#N)c1,6.6308
Cc1cc(NC(C)(C)C(=O)N[C@@H](C)[C@@H](Cc2ccc(Cl)cc2)c2cccc(C#N)c2)n[nH]1,5.2137
C[C@H](NC(=O)C(C)(C)Nc1ccnn1C)[C@@H](Cc1ccc(Cl)cc1)c1cccc(C#N)c1,4.8765
C[C@H](NC(=O)C(C)(C)Nc1nc2ccccc2n1C)[C@@H](Cc1ccc(Cl)cc1)c1cccc(C#N)c1,5.8496
C[C@H](NC(=O)C(C)(C)Nc1cc2ccccc2cn1)[C@@H](Cc1ccc(Cl)cc1)c1cccc(C#N)c1,6.9318
C[C@H](NC(=O)C(C)(C)NCCCN(C)C)[C@@H](Cc1ccc(Cl)cc1)c1cccc(C#N)c1,4.5869
C[C@H](NC(C)(C)C(=O)Nc1ccc(C(F)(F)F)cn1)[C@@H](Cc1ccc(Cl)cc1)c1cccc(C#N)c1,5.7642
C[C@H](NC(C)(C)C(=O)Nc1cc(-c2ccccc2)on1)[C@@H](Cc1ccc(Cl)cc1)c1cccc(C#N)c1,5.6360
CCC(C)(C)C(=O)Nc1ccc(C)c(CN2CCOCC2)c1,6.9208
CCC(C)(C)C(=O)Nc1cc(CN2CCOCC2)c(C)cc1C,6.2757
CCC(C)(C)C(=O)Nc1cc(CN2CCOCC2)c(C)cn1,7.6198
CCC(C)(C)C(=O)Nc1ccc(C)c(CN2CCOCC2)n1,5.7447
CCC(C)(C)C(=O)Nc1cc(CN2CCOCC2)cc(C)n1,7.1739
CCc1cnc(NC(=O)C(C)(C)CC)cc1CN1CCOCC1,8.1024
CCC(C)(C)C(=O)Nc1cc(CN2CCOCC2)c(C#N)cn1,7.0000
CCC(C)(C)C(=O)Nc1cc(CN2CCOCC2)c(N)cn1,6.0605
Cc1cnc(NC(=O)C(C)(C)C)cc1CN1CCOCC1,7.0915
CCCC(C)(C)C(=O)Nc1cc(CN2CCOCC2)c(C)cn1,8.2757
CCC1(C(=O)Nc2cc(CN3CCOCC3)c(C)cn2)CC1,7.2007
CCC1(C(=O)Nc2cc(CN3CCOCC3)c(C)cn2)CCC1,7.3468
CCC1(C(=O)Nc2cc(CN3CCOCC3)c(C)cn2)CCCC1,7.8861
CCC1(C(=O)Nc2cc(CN3CCOCC3)c(C)cn2)CCCCC1,8.1549
Cc1cnc(NC(=O)C2(C)CCCCC2C)cc1CN1CCOCC1,8.7212
Cc1c[nH]c2c(Nc3cccc(Cl)c3)ncc(C(=O)NCC3CCOCC3)c12,6.5768
Cc1c[nH]c2c(Nc3cccc(Cl)c3)ncc(C(=O)NC3CCOCC3)c12,5.7683
Cc1c[nH]c2c(Nc3cccc(Cl)c3)ncc(C(=O)NCc3ccc(F)cc3)c12,6.8386
Cc1c[nH]c2c(Nc3cccc(Cl)c3)ncc(C(=O)N3CCC3)c12,6.2976
Cc1c[nH]c2c(Nc3cccc(Cl)c3)ncc(C(=O)N3CCCC3)c12,6.8153
Cc1c[nH]c2c(Nc3cccc(Cl)c3)ncc(C(=O)N3CCCCC3)c12,7.8539
Cc1c[nH]c2c(Nc3cccc(Cl)c3)ncc(C(=O)N3CCCCCC3)c12,6.9706
Cc1c[nH]c2c(Nc3cccc(Cl)c3)ncc(C(=O)N3CCOCC3)c12,7.9586
Cc1c[nH]c2c(Nc3cccc(Br)c3)ncc(C(=O)N3CCOCC3)c12,8.0000
Cc1c[nH]c2c(NC3CCOCC3)ncc(C(=O)N3CCOCC3)c12,5.4812
CCC(CC)Nc1ncc(C(=O)N2CCOCC2)c2c(C)c[nH]c12,5.3310
COc1ccccc1Nc1ncc(C(=O)N2CCOCC2)c2c(C)c[nH]c12,6.4572
COc1cccc(Nc2ncc(C(=O)N3CCOCC3)c3c(C)c[nH]c23)c1,7.3188
Cc1c[nH]c2c(Nc3ccccc3Cl)ncc(C(=O)N3CCOCC3)c12,6.9101
Cc1c[nH]c2c(Nc3ccccc3OC(C)C)ncc(C(=O)N3CCOCC3)c12,6.7258
Cc1c[nH]c2c(Nc3cccc(C(F)(F)F)c3)ncc(C(=O)N3CCOCC3)c12,7.8239
Cc1cn(C)c2c(Nc3cccc(Cl)c3)ncc(C(=O)N3CCOCC3)c12,6.1844
Cn1ccc2c(Nc3cccc(Cl)c3)ncc(C(=O)N3CCOCC3)c21,8.1990
Cc1ccc(C(=O)NC2C(C)(C)[C@@H]3CC[C@@]2(C)C3)cc1S(=O)(=O)N1CCOCC1,8.2947
Cc1ccc(C(=O)NC2C(C)(C)[C@@H]3CC[C@@]2(C)C3)cc1CN1CCOCC1,7.5490
Cc1ccc(C(=O)NC2C(C)(C)[C@@H]3CC[C@@]2(C)C3)cc1CCN1CCOCC1,7.2703
Cc1ccc(C(=O)NC2C(C)(C)[C@@H]3CC[C@@]2(C)C3)cc1CCCN1CCOCC1,7.0831
Cc1ccc(C(=O)NC2C(C)(C)[C@@H]3CC[C@@]2(C)C3)cc1N1CCOCC1,6.5229
Cc1ccc(C(=O)NC2C(C)(C)[C@@H]3CC[C@@]2(C)C3)cc1CCC(=O)N1CCOCC1,7.0809
Cc1ccc(C(=O)NC2C3(C)CCC(C3)C2(C)C)cc1CC(=O)N1CCOCC1,6.1549
Cc1ccc(C(=O)NC2C(C)(C)[C@@H]3CC[C@@]2(C)C3)cc1C(=O)N1CCOCC1,5.9208
Cc1ccc(NC(=O)C(C)(C(F)(F)F)C(F)(F)F)cc1CN1CCOCC1,7.8249
Cc1ccc(NC(=O)C2CCCCC2C)cc1CN1CCOCC1,7.1370
Cc1cc(NC(=O)C(C)(C(F)(F)F)C(F)(F)F)cc(CN2CCOCC2)c1C,8.4141
Cc1cc(NC(=O)C2CCCCC2C)cc(CN2CCOCC2)c1C,7.8716
Cc1c(CN2CCOCC2)cc(NC(=O)C2CCCCC2C)cc1C(F)(F)F,7.5732
Cc1cc(F)c(NC(=O)C2CCCCC2C)cc1CN1CCOCC1,7.3708
CCC(C)(C)C(=O)Nc1cc(CN2CCOCC2)c(C)cc1F,6.8099
Cc1cc(C)c(NC(=O)C2CCCCC2C)cc1CN1CCOCC1,6.2928
CC(C(=O)Nc1ccc2c(c1)C(N1CCOCC1)CCC2)(C(F)(F)F)C(F)(F)F,7.6936
Cc1cc(NC(=O)C2C(C)(C)C2(C)C)cc(S(=O)(=O)N2CCOCC2)c1C,7.7959
Cc1cc(NC(=O)C(C)(C)C)cc(S(=O)(=O)N2CCOCC2)c1C,7.3979
Cc1cc(NC(=O)C(C)(C)c2ccccc2)cc(S(=O)(=O)N2CCOCC2)c1C,6.9208
Cc1cc(NC(=O)C(C)(C)O)cc(S(=O)(=O)N2CCOCC2)c1C,5.6819
Cc1cc(NC(=O)C(C)(C(F)(F)F)C(F)(F)F)cc(S(=O)(=O)N2CCOCC2)c1C,8.1805
CCC(C)(C)C(=O)Nc1cc(C)c(C)c(S(=O)(=O)N2CCOCC2)c1,7.7696
CCCC(C)(C)C(=O)Nc1cc(C)c(C)c(S(=O)(=O)N2CCOCC2)c1,8.0132
CCCCC(C)(C)C(=O)Nc1cc(C)c(C)c(S(=O)(=O)N2CCOCC2)c1,8.9586
COCCC(C)(C)C(=O)Nc1cc(C)c(C)c(S(=O)(=O)N2CCOCC2)c1,6.9586
CCC(C)(C)C(=O)Nc1ccc(C)c(S(=O)(=O)N2CCOCC2)c1,6.5376
CCC(C)(C)C(=O)Nc1cc(S(=O)(=O)N2CCOCC2)c(C)cc1C,6.1192
CCC(C)(C)C(=O)Nc1cc(S(=O)(=O)N2CCOCC2)c(C)c(C)c1C,6.3872
CCC(C)(C)C(=O)Nc1cc2c(c(S(=O)(=O)N3CCOCC3)c1)CCC2,7.9208
CCC(C)(C)C(=O)Nc1cc2c(c(S(=O)(=O)N3CCOCC3)c1)CCCC2,7.8539
CCC(C)(C)C(=O)Nc1cc(C)c(C)c(S(=O)(=O)NC2CCCC2)c1,7.0269
CCC(C)(C)C(=O)Nc1cc(C)c(C)c(S(=O)(=O)N2CC[C@H](O)C2)c1,7.0458
CCC(C)(C)C(=O)Nc1cc(C)c(C)c(S(=O)(=O)NCC2CC2)c1,7.1805
CCC(C)(C)C(=O)Nc1cc(C)c(C)c(S(=O)(=O)N2CCC[C@@H]2CO)c1,7.3665
CCC(C)(C)C(=O)Nc1cc(C)c(C)c(S(=O)(=O)N2CCCCCC2)c1,8.0458
CCC(C)(C)C(=O)Nc1cc(C)c(C)c(S(=O)(=O)N2CCS(=O)(=O)CC2)c1,8.0757
CCC(C)(C)C(=O)Nc1cc(C)c(C)c(S(=O)(=O)N2CCSC2)c1,8.1612
CCC(C)(C)C(=O)Nc1cc(C)c(C)c(S(=O)(=O)N2CCCCC2)c1,8.5686
Clc1cccc(-c2cnc(N3CCOCC3)nc2)c1Cl,6.7000
Clc1cccc(-c2ccc(N3CCOCC3)cc2)c1Cl,7.4000
Clc1cccc(-c2ccc(N3CCOCC3)nn2)c1Cl,7.1000
Clc1cccc(-c2cnc(N3CCOCC3)cn2)c1Cl,7.4000
Clc1cccc(-c2ncc(N3CCOCC3)cn2)c1Cl,7.3000
Clc1cccc(-c2cnc(N3CCOCC3)nn2)c1Cl,7.0000
Clc1cccc(-c2ccc(N3CCCCC3)nn2)c1Cl,8.2000
FC1(F)CCN(c2ccc(-c3cccc(Cl)c3Cl)nn2)CC1,7.8000
O=S1(=O)CCN(c2ccc(-c3cccc(Cl)c3Cl)nn2)CC1,6.2000
Clc1cccc(-c2ccc(N3CCCC3)nn2)c1Cl,7.6000
C[C@@H]1CC[C@H](C)N1c1ccc(-c2cccc(Cl)c2Cl)nn1,8.9000
C[C@@H]1C=C[C@H](C)N1c1ccc(-c2cccc(Cl)c2Cl)nn1,9.2000
Clc1cccc(-c2ccc(NC3CCCCC3)nn2)c1Cl,6.7000
Clc1ccccc1-c1ccc(N2CCOCC2)nn1,5.8000
Cc1ccccc1-c1ccc(N2CCOCC2)nn1,5.1000
FC(F)(F)c1ccccc1-c1ccc(N2CCOCC2)nn1,5.9000
COc1ccccc1-c1ccc(N2CCOCC2)nn1,4.9000
FC(F)(F)Oc1ccccc1-c1ccc(N2CCOCC2)nn1,5.9000
FC(F)(F)c1cccc(-c2ccc(N3CCOCC3)nn2)c1,6.0000
Cc1cccc(-c2ccc(N3CCOCC3)nn2)c1C,5.7000
FC(F)(F)c1cccc(-c2ccc(N3CCOCC3)nn2)c1C(F)(F)F,6.8000
Clc1ccc(Cl)c(-c2ccc(N3CCOCC3)nn2)c1,6.4000
Clc1cc(Cl)c(Cl)c(-c2ccc(N3CCOCC3)nn2)c1,7.3000
c1ccc(COc2ccccc2-c2ccc(N3CCOCC3)nn2)cc1,6.2000
C[C@@H]1CC[C@H](C)N1c1ccc(-c2c[nH]c3ccccc23)nn1,6.6000
C[C@@H]1CC[C@H](C)N1c1ccc(-c2cc3ccccc3o2)nn1,6.8000
C[C@@H]1CC[C@H](C)N1c1ccc(-c2cccc3ncccc23)nn1,6.7000
C[C@@H]1CC[C@H](C)N1c1ccc(-c2cccc3cccnc23)nn1,7.1000
C[C@@H]1CC[C@H](C)N1c1ccc(-c2cncc3ccccc23)nn1,8.0000
C[C@@H]1CC[C@H](C)N1c1ccc(-c2cccc3cnccc23)nn1,7.4000
C[C@H](NS(=O)(=O)C(F)(F)F)c1ccc(S(=O)(=O)c2ccc(Cl)cc2S(=O)(=O)c2ccccc2F)cc1,9.1549
O=S(=O)(c1ccccc1F)c1cc(Cl)ccc1S(=O)(=O)N1CCC(NS(=O)(=O)C(F)(F)F)C1,5.5302
O=S(=O)(N[C@H]1CC[C@@H](NS(=O)(=O)C(F)(F)F)CC1)c1ccc(Cl)cc1S(=O)(=O)c1ccccc1F,5.8894
O=S(=O)(N[C@H]1CC[C@H](NS(=O)(=O)C(F)(F)F)CC1)c1ccc(Cl)cc1S(=O)(=O)c1ccccc1F,6.6308
O=S(=O)(N[C@H]1CC[C@H](CNS(=O)(=O)C(F)(F)F)CC1)c1ccc(Cl)cc1S(=O)(=O)c1ccccc1F,7.3665
O=S(=O)(c1ccccc1F)c1cc(Cl)ccc1S(=O)(=O)N1CCC(CNS(=O)(=O)C(F)(F)F)CC1,8.2596
O=S(=O)(NCCCCNS(=O)(=O)C(F)(F)F)c1ccc(Cl)cc1S(=O)(=O)c1ccccc1F,6.7447
O=S(=O)(c1ccccc1F)c1cc(Cl)ccc1S(=O)(=O)N1CC(CCNS(=O)(=O)C(F)(F)F)C1,7.0362
O=S(=O)(c1ccccc1F)c1cc(Cl)ccc1S(=O)(=O)N1CCC2(CC1)CCN(S(=O)(=O)C(F)(F)F)C2,6.1249
O=S(=O)(c1ccccc1F)c1cc(Cl)ccc1S(=O)(=O)N1CCC2(CC1)CC2NS(=O)(=O)C(F)(F)F,8.7696
O=S(=O)(c1ccccc1F)c1cc(Cl)ccc1S(=O)(=O)N1C[C@@H]2[C@H](C1)[C@H]2NS(=O)(=O)C(F)(F)F,8.8239
C[C@H]1CN(S(=O)(=O)c2ccc(Cl)cc2S(=O)(=O)c2ccccc2F)CC[C@@H]1CNS(=O)(=O)C(F)(F)F,8.1549
C[C@H]1CC(CNS(=O)(=O)C(F)(F)F)CCN1S(=O)(=O)c1ccc(Cl)cc1S(=O)(=O)c1ccccc1F,8.0969
CC1(CNS(=O)(=O)C(F)(F)F)CCN(S(=O)(=O)c2ccc(Cl)cc2S(=O)(=O)c2ccccc2F)CC1,9.4089
CCC1(CNS(=O)(=O)C(F)(F)F)CCN(S(=O)(=O)c2ccc(Cl)cc2S(=O)(=O)c2ccccc2F)CC1,9.6990
CCCC1(CNS(=O)(=O)C(F)(F)F)CCN(S(=O)(=O)c2ccc(Cl)cc2S(=O)(=O)c2ccccc2F)CC1,8.2676
CC(C)C1(CNS(=O)(=O)C(F)(F)F)CCN(S(=O)(=O)c2ccc(Cl)cc2S(=O)(=O)c2ccccc2F)CC1,7.6778
O=S(=O)(c1ccccc1F)c1cc(Cl)ccc1S(=O)(=O)N1CCC(CO)(CNS(=O)(=O)C(F)(F)F)CC1,8.5229
CC(O)C1(CNS(=O)(=O)C(F)(F)F)CCN(S(=O)(=O)c2ccc(Cl)cc2S(=O)(=O)c2ccccc2F)CC1,8.2924
O=S(=O)(c1ccccc1F)c1cc(Cl)ccc1S(=O)(=O)N1CCC(F)(CNS(=O)(=O)C(F)(F)F)CC1,8.1192
N#CC1(CNS(=O)(=O)C(F)(F)F)CCN(S(=O)(=O)c2ccc(Cl)cc2S(=O)(=O)c2ccccc2F)CC1,7.4260
C=CCOC(=O)NCC1(CNS(=O)(=O)C(F)(F)F)CCN(S(=O)(=O)c2ccc(Cl)cc2S(=O)(=O)c2ccccc2F)CC1,5.6091
NCC1(CNS(=O)(=O)C(F)(F)F)CCN(S(=O)(=O)c2ccc(Cl)cc2S(=O)(=O)c2ccccc2F)CC1,6.6936
O=S(=O)(c1ccccc1F)c1cc(Cl)ccc1S(=O)(=O)N1CCC(CNS(=O)(=O)C(F)(F)F)(c2ccccc2)CC1,6.4559
CS(=O)(=O)NC1CC12CCN(S(=O)(=O)c1cc(Cl)ccc1S(=O)(=O)c1ccccc1F)CC2,7.9361
O=S(=O)(c1ccccn1)c1ccccc1S(=O)(=O)N1CCC2(CC1)CC2NS(=O)(=O)C(F)(F)F,7.9586
O=S(=O)(c1ccccn1)c1ccc(Cl)cc1S(=O)(=O)N1CCC2(CC1)CC2NS(=O)(=O)C(F)(F)F,8.7959
COc1ccc(S(=O)(=O)c2ccc(Cl)cc2S(=O)(=O)N2CCC3(CC2)CC3NS(=O)(=O)C(F)(F)F)cc1,9.1871
O=S(=O)(c1ccccc1F)c1ccc(C(F)(F)F)cc1S(=O)(=O)N1CCC2(CC1)CC2NS(=O)(=O)C(F)(F)F,8.6990
O=S(=O)(c1ccccn1)c1ccc(C(F)(F)F)cc1S(=O)(=O)N1CCC2(CC1)CC2NS(=O)(=O)C(F)(F)F,8.3010
O=S(=O)(c1ccccc1F)c1ccc(OC(F)(F)F)cc1S(=O)(=O)N1CCC2(CC1)CC2NS(=O)(=O)C(F)(F)F,8.5229
O=S(=O)(c1ccccn1)c1ccc(OC(F)(F)F)cc1S(=O)(=O)N1CCC2(CC1)CC2NS(=O)(=O)C(F)(F)F,9.0458
O=C(NC1CCCCC1)c1nn(-c2ccccc2Cl)c(-c2ccc(Br)cc2)c1Cn1cncn1,5.3915
O=C(c1nn(-c2ccccc2Cl)c(-c2ccc(Br)cc2)c1Cn1cncn1)N1CCN(c2cccc(Cl)c2)CC1,6.5287
O=C(c1nn(-c2ccccc2Cl)c(-c2ccc(Br)cc2)c1Cn1cncn1)N1CCN(c2cccc(Cl)c2Cl)CC1,6.2351
Cc1cccc(N2CCN(C(=O)c3nn(-c4ccccc4Cl)c(-c4ccc(Br)cc4)c3Cn3cncn3)CC2)c1C,6.2620
Cc1cc(Br)ccc1CNC(=O)c1nn(-c2ccccc2Cl)c(-c2ccc(Cl)cc2)c1Cn1cncn1,5.4547
Cc1cc(Cl)cc(Cl)c1CNC(=O)c1nn(-c2ccccc2Cl)c(-c2ccc(Cl)cc2)c1Cn1cncn1,5.4776
Cc1cc(Br)ccc1CNC(=O)c1nn(-c2ccc(Cl)cc2Cl)c(-c2ccc(Br)cc2)c1Cn1cncn1,5.1884
Cc1cc(Br)ccc1CNC(=O)c1nn(-c2ccccc2Cl)c(-c2ccc(Br)cc2)c1Cn1cncn1,5.7471
Cc1cc(Cl)cc(Cl)c1CNC(=O)c1nn(-c2ccccc2Cl)c(-c2ccc(Br)cc2)c1Cn1cncn1,5.6162
O=C(NC1CC1c1ccccc1)c1nn(-c2ccccc2Cl)c(-c2ccc(Br)cc2)c1Cn1cncn1,5.4949
O=C(NC1(c2ccc(Cl)cc2)CC1)c1nn(-c2ccccc2Cl)c(-c2ccc(Br)cc2)c1Cn1cncn1,5.5901
CCCCCc1cc2c(c(C(N)=O)c1)[C@@H]1C=C(C)CC[C@H]1C(C)(C)O2,5.6596
CCCCCc1cc2c(c(C(=O)NC)c1)[C@@H]1C=C(C)CC[C@H]1C(C)(C)O2,5.8996
CCCCCc1cc2c(c(C(=O)N(C)C)c1)[C@@H]1C=C(C)CC[C@H]1C(C)(C)O2,5.9172
CCCCCc1cc2c(c(C(=O)NC(CO)CO)c1)[C@@H]1C=C(C)CC[C@H]1C(C)(C)O2,5.6990
CCCCCc1cc(N)c2c(c1)OC(C)(C)[C@@H]1CCC(C)=C[C@@H]21,6.6676
CCCCCc1cc(C#N)c2c(c1)OC(C)(C)[C@@H]1CCC(C)=C[C@@H]21,6.4123
CCCCCc1cc(NC(=O)OC)c2c(c1)OC(C)(C)[C@@H]1CCC(C)=C[C@@H]21,5.8539
CCCCCc1cc(NS(C)(=O)=O)c2c(c1)OC(C)(C)[C@@H]1CCC(C)=C[C@@H]21,5.7645
CCCCCc1cc(NC(=O)NC)c2c(c1)OC(C)(C)[C@@H]1CCC(C)=C[C@@H]21,5.6882
CCCCCc1cc(NC(C)=O)c2c(c1)OC(C)(C)[C@@H]1CCC(C)=C[C@@H]21,5.8539
CCCCCc1cc(NC(=O)c2ccncc2)c2c(c1)OC(C)(C)[C@@H]1CCC(C)=C[C@@H]21,5.7520
CCCCCc1cc(CNC(N)=O)c2c(c1)OC(C)(C)[C@@H]1CCC(C)=C[C@@H]21,6.1068
CCCCCc1cc(CNC(C)=O)c2c(c1)OC(C)(C)[C@@H]1CCC(C)=C[C@@H]21,5.8239
CCCCCc1cc2c(c(SC)c1)[C@@H]1C=C(C)CC[C@H]1C(C)(C)O2,6.3288
CCCCCc1cc2c(c([S+](C)[O-])c1)[C@@H]1C=C(C)CC[C@H]1C(C)(C)O2,5.7144
CCCCCCC(C)(C)c1cc(O)c2c(c1)OC(C)(C)[C@@H]1CCC(C)=C[C@@H]21,9.6990
CCCCCCC(C)(C)c1cc(C#N)c2c(c1)OC(C)(C)[C@@H]1CCC(C)=C[C@@H]21,8.2757
CCCCCCC(C)(C)c1cc(N)c2c(c1)OC(C)(C)[C@@H]1CCC(C)=C[C@@H]21,8.5376
CCCCCCC(C)(C)c1cc(NC(C)=O)c2c(c1)OC(C)(C)[C@@H]1CCC(C)=C[C@@H]21,6.6655
CCCCCCC(C)(C)c1cc(NC(=O)NC)c2c(c1)OC(C)(C)[C@@H]1CCC(C)=C[C@@H]21,6.5901
CCCCCCC(C)(C)c1cc(NC(=O)c2ccncc2)c2c(c1)OC(C)(C)[C@@H]1CCC(C)=C[C@@H]21,5.9626
CCCCCCC(C)(C)c1cc(NS(C)(=O)=O)c2c(c1)OC(C)(C)[C@@H]1CCC(C)=C[C@@H]21,6.5935
Cc1c(C(=O)NC[C@H]2C[C@@H]3C[C@H](C2)C3(C)C)ncn1-c1ccccc1,6.7785
Cc1nc(C(=O)NC[C@H]2C[C@@H]3C[C@H](C2)C3(C)C)c(C)n1-c1ccccc1,7.5995
Cc1nc(C(=O)NC23CC4CC(CC(C4)C2)C3)c(C)n1-c1ccccc1,8.8000
Cc1nc(C(=O)NC2C3CC4CC(C3)CC2C4)c(C)n1-c1ccccc1,8.0300
Cc1nc(C(=O)NC2C3CC4CC(C3)C2C4)c(C)n1-c1ccccc1,8.0566
Cc1nc(C(=O)NCc2ccccc2C(F)(F)F)c(C)n1-c1ccccc1,9.0780
CCc1c(C(=O)NC23CC4CC(CC(C4)C2)C3)nc(C)n1-c1ccccc1,8.9936
CCCCc1c(C(=O)NC23CC4CC(CC(C4)C2)C3)nc(C)n1-c1ccccc1,8.0088
CCc1nc(C(=O)NC23CC4CC(CC(C4)C2)C3)c(C)n1-c1ccccc1,8.7959
CCc1nc(C(=O)NC23CC4CC(CC(C4)C2)C3)cn1-c1ccccc1,7.9000
Cc1nc(C(=O)NC23CC4CC(CC(C4)C2)C3)c(Cl)n1-c1ccccc1,7.4117
Cc1nc(C(=O)NC23CC4CC(CC(C4)C2)C3)c(Br)n1-c1ccccc1,8.0757
CSc1c(C(=O)NC23CC4CC(CC(C4)C2)C3)nc(C)n1-c1ccccc1,8.1000
O=C(NC12CC3CC(CC(C3)C1)C2)c1nc(Cl)n(-c2ccccc2)c1Cl,7.3010
Cc1nc(C(=O)NC23CC4CC(CC(C4)C2)C3)c(C)n1C1CCCCC1,7.2995
CC(C)CCNS(=O)(=O)[C@@H]1CC[C@@H](c2ccc(Cl)cc2Cl)N(c2ccc(Cl)cc2)C1,5.8589
O=S(=O)([C@@H]1CC[C@@H](c2ccc(Cl)cc2Cl)N(c2ccc(Cl)cc2)C1)N1CCCCC1,5.7338
O=S(=O)(NC1CCCCC1)[C@@H]1CC[C@@H](c2ccc(Cl)cc2Cl)N(c2ccc(Cl)cc2)C1,6.4342
CC(C)CNS(=O)(=O)[C@@H]1CC[C@@H](c2ccc(Cl)cc2Cl)N(c2ccc(Cl)cc2)C1,5.8019
O=C(NC1CCC1)[C@@H]1CC[C@@H](c2ccc(Cl)cc2Cl)N(c2ccc(Cl)cc2)C1,5.8589
O=C(NCc1ccc(Cl)cc1)[C@@H]1CC[C@@H](c2ccc(Cl)cc2Cl)N(c2ccc(Cl)cc2)C1,5.7338
O=C(NC1CCCCC1)[C@@H]1CC[C@@H](c2ccc(Cl)cc2Cl)N(c2ccc(Cl)cc2)C1,6.4342
CC(C)CNC(=O)[C@@H]1CC[C@@H](c2ccc(Cl)cc2Cl)N(c2ccc(Cl)cc2)C1,5.8019
N#Cc1ccc(C(=O)NC[C@@H]2CC[C@@H](c3ccc(Cl)cc3Cl)N(c3ccc(Cl)cc3)C2)cc1,5.8517
O=C1[C@@H](Cc2ccc(F)c(F)c2)CC[C@H](c2ccc(Cl)cc2)N1c1ccc(Cl)cc1,6.2411
CCCCCOc1c(OC)ccc2cc(C(=O)NCCc3ccc(OC)cc3)c(=O)[nH]c12,7.5536
CCCCCOc1c(OC)ccc2cc(C(=O)NCCc3ccc(F)cc3)c(=O)[nH]c12,10.7210
CCCCCOc1c(OC)ccc2cc(C(=O)NCCc3ccccc3)c(Cl)nc12,6.3039
CCCCCOc1c(OC)ccc2cc(C(=O)NCCc3ccc(Cl)cc3)c(Cl)nc12,5.9965
CCCCCOc1c(OC)ccc2cc(C(=O)NCCCc3ccccc3)c(Cl)nc12,5.9714
CCCCCOc1c(OC)ccc2cc(C(=O)NCCc3ccc(OC)cc3)c(Cl)nc12,5.8761
CCCCCOc1c(OC)ccc2cc(C(=O)NCCc3ccc(F)cc3)c(Cl)nc12,7.6234
CN/C(=N\S(=O)(=O)c1cccc(Cl)c1)C1=NN(c2ccc(Cl)cc2Cl)C(c2ccccc2)C1,6.4815
CN/C(=N\S(=O)(=O)c1ccc(Cl)cc1)C1=NN(c2ccc(Cl)cc2Cl)C(c2ccccc2)C1,6.6055
CN/C(=N\S(=O)(=O)c1ccc(C(F)(F)F)cc1)C1=NN(c2ccc(Cl)cc2Cl)C(c2ccccc2)C1,6.7471
CN/C(=N\S(=O)(=O)N1CCCCC1)C1=NN(c2ccc(Cl)cc2)C(c2ccccc2)C1,5.9642
CN/C(=N\S(=O)(=O)N1CCC(C(F)(F)F)CC1)C1=NN(c2ccc(Cl)cc2)C(c2ccccc2)C1,6.2175
CN/C(=N\S(=O)(=O)N1CCC(C(F)(F)F)CC1)C1=NN(c2ccc(Cl)cc2)[C@@H](c2ccccc2)C1,6.2336
CN/C(=N\S(=O)(=O)N1CCC(C(F)(F)F)CC1)N1C[C@H](c2ccccc2)C(c2ccc(Cl)cc2)=N1,6.5157
CCCCOc1c(O[11CH3])ccc2cc(C(=O)NC3CCCCC3)c(=O)[nH]c12,8.0177
COc1ccc(S(=O)(=O)c2ccc(C(C)NS(C)(=O)=O)cc2)c(S(=O)(=O)c2ccc(O[11CH3])cc2)c1,8.3468
CCCCOc1c(OCC[18F])ccc2cc(C(=O)NC3CCCCC3)c(=O)[nH]c12,7.4449
O=C(C1CCCCC1)N1CCN(C(c2ccccc2)c2ccccc2)CC1,5.5157
O=C(NC1CCCCC1)N1CCN(C(c2ccccc2)c2ccccc2)CC1,5.6185
CCCCNC(=O)N1CCN(C(c2ccccc2)c2ccccc2)CC1,5.5478
S=C(NC1CCCCC1)N1CCN(C(c2ccccc2)c2ccccc2)CC1,5.7291
O=C(NC1CCCCC1)N1CCN(C(c2ccccc2)c2ccc(Cl)cc2Cl)CC1,6.3645
O=C(NC1CCCCC1)N1CCN(C(c2ccccc2)c2ccc(Cl)c(Cl)c2)CC1,6.4486
O=C(NC1CCCCC1)N1CCN(C(c2ccccc2)c2cc(Cl)ccc2Cl)CC1,6.0462
O=C(NC1CCCCC1)N1CCN(C(c2ccccc2)c2c(Cl)cccc2Cl)CC1,6.0804
O=C(NC1CCCCC1)N1CCN(C(c2ccccc2)c2ccc(Br)cc2F)CC1,6.4921
O=C(NC1CCCCC1)N1CCN(C(c2ccccc2)c2ccc(F)cc2Cl)CC1,5.8861
O=C(NC1CCCCC1)N1CCN(C(c2ccccc2)c2ccc(Cl)cc2F)CC1,6.2790
O=C(C1CCC1)N1CCN(C(c2ccccc2)c2ccc(Cl)cc2Cl)CC1,5.6745
O=C(C1CCCC1)N1CCN(C(c2ccccc2)c2ccc(Cl)cc2Cl)CC1,5.3111
O=C(C1CCCCC1)N1CCN(C(c2ccccc2)c2ccc(Cl)cc2Cl)CC1,5.5334
O=C(N1CCN(C(c2ccccc2)c2ccc(Cl)cc2Cl)CC1)C12CC3CC(CC(C3)C1)C2,7.6021
O=C(N1CCCCC1)N1CCN(C(c2ccccc2)c2ccc(Cl)cc2Cl)CC1,6.0057
O=C(N1CCOCC1)N1CCN(C(c2ccccc2)c2ccc(Cl)cc2Cl)CC1,6.2090
CCCCNC(=O)N1CCN(C(c2ccccc2)c2ccc(Cl)cc2Cl)CC1,6.0372
O=C(NN1CCCCC1)N1CCN(C(c2ccccc2)c2ccc(Cl)cc2Cl)CC1,5.9817
S=C(NC1CCCCC1)N1CCN(C(c2ccccc2)c2ccc(Cl)cc2Cl)CC1,6.1720
O=C(NC1CCCCC1)N1CCN(C(c2cccc(Cl)c2)c2ccc(Cl)cc2Cl)CC1,6.3904
O=C(NC1CCCCC1)N1CCN(C(c2ccc(Cl)cc2)c2ccc(Cl)cc2Cl)CC1,7.5850
Cc1ccc(C(c2ccc(Cl)cc2Cl)N2CCN(C(=O)NC3CCCCC3)CC2)cc1,6.4828
Cc1ccc(C(c2ccc(Cl)cc2Cl)N2CCN(C(=O)NN3CCCCC3)CC2)cc1,6.4989
COc1ccc(C(c2ccc(Cl)cc2Cl)N2CCN(C(=O)NC3CCCCC3)CC2)cc1,6.5376
O=C(NC1CCCCC1)N1CCN(C(c2ccc(Oc3ccccc3)cc2)c2ccc(Cl)cc2Cl)CC1,7.2840
O=C(NC1CCCCC1)N1CCN(C(c2ccc(C(F)(F)F)cc2)c2ccc(Cl)cc2Cl)CC1,6.5622
O=C(NC1CCCCC1)N1CCN(C(c2ccc(F)cc2)c2ccc(Cl)cc2Cl)CC1,6.7986
COc1ccc(-c2c(C#N)c(C(=O)NN3CCCCC3)nn2-c2ccccc2[125I])cc1,6.2612
CC(=O)c1oc2nc(-c3ccc(Cl)cc3Cl)c(-c3ccc(Cl)cc3)cc2c1N,6.0000
CCC(=O)c1oc2nc(-c3ccc(Cl)cc3Cl)c(-c3ccc(Cl)cc3)cc2c1N,6.4437
CCC(=O)c1oc2nc(-c3ccccc3Cl)c(-c3ccc(Cl)cc3)cc2c1N,6.0000
CC(C)C(=O)c1oc2nc(-c3ccc(Cl)cc3Cl)c(-c3ccc(Cl)cc3)cc2c1N,6.1938
CC(C)C(=O)c1oc2nc(-c3ccccc3Cl)c(-c3ccc(Cl)cc3)cc2c1N,5.8861
Nc1c(C(=O)c2ccccc2)oc2nc(-c3ccc(Cl)cc3Cl)c(-c3ccc(Cl)cc3)cc12,6.3565
CC(C)(C)C(=O)c1oc2nc(-c3ccc(Cl)cc3Cl)c(-c3ccc(Cl)cc3)cc2c1N,6.3565
CC(C)(C)C(=O)c1oc2nc(-c3ccccc3Cl)c(-c3ccc(Cl)cc3)cc2c1N,5.7212
CC(C)(O)C(=O)c1oc2nc(-c3ccccc3Cl)c(-c3ccc(Cl)cc3)cc2c1N,5.6778
CN(C)C(=O)Nc1c(C(=O)C(C)(C)C)oc2nc(-c3ccccc3Cl)c(-c3ccc(Cl)cc3)cc12,5.7055
CNCC(=O)Nc1c(C(=O)C(C)(C)C)oc2nc(-c3ccccc3Cl)c(-c3ccc(Cl)cc3)cc12,5.4815
CC(C)(C)C(=O)c1oc2nc(-c3ccccc3Cl)c(-c3ccc(Cl)cc3)cc2c1NC(=O)CO,5.4685
CC(C)C(=O)c1oc2nc(-c3ccccc3Cl)c(-c3ccc(Cl)cc3)cc2c1NC(=O)CO,5.2924
CC(=O)Nc1c(C(=O)C(C)(C)O)oc2nc(-c3ccccc3Cl)c(-c3ccc(Cl)cc3)cc12,5.2676
CC(C)(O)C(=O)c1oc2nc(-c3ccccc3Cl)c(-c3ccc(Cl)cc3)cc2c1NC(=O)CO,5.2676
C[S+]([O-])c1c(C(=O)NN2CCCCC2)nn(-c2ccc(Cl)cc2Cl)c1-c1ccc(Cl)cc1,6.4001
CSc1c(C(=O)NN2CCCCCC2)nn(-c2ccc(Cl)cc2Cl)c1-c1ccc(Cl)cc1,6.4306
CSc1c(C(=O)NN2CCCCCC2)nc(-c2ccc(Cl)cc2Cl)n1-c1ccc(Cl)cc1,6.4881
CSc1c(C(=O)NN2CCCC2)nn(-c2ccc(Cl)cc2Cl)c1-c1ccc(Cl)cc1,6.1979
CSc1c(C(=O)NN2CCCCC2)nn(-c2ccc(Cl)cc2Cl)c1-c1ccc(Cl)cc1,6.0947
CSc1c(C(=O)NN2CCCCC2)nc(-c2ccc(Cl)cc2Cl)n1-c1ccc(Cl)cc1,5.9698
O=C(NN1CCCCC1)c1nc(-c2ccc(Cl)cc2Cl)n(-c2ccc(Cl)cc2)c1I,5.7421
O=C(NN1CCCCC1)c1nc(-c2ccc(Cl)cc2Cl)n(-c2ccc(Cl)cc2)c1CO,5.1247
C[C@H](O)C(=O)NC1CC(C)(C)Oc2nc(-c3ccc(Cl)cc3Cl)c(-c3ccc(Cl)cc3)cc21,5.4823
CC1(C)CC(NC(=O)C(C)(C)O)c2cc(-c3ccc(Cl)cc3)c(-c3ccc(Cl)cc3Cl)nc2O1,5.6021
CC1(C)CC(NC(=O)C2(O)CC2)c2cc(-c3ccc(Cl)cc3)c(-c3ccc(Cl)cc3Cl)nc2O1,5.5229
Cc1cc(Cl)ccc1-c1nc2c(cc1-c1ccc(Cl)cc1)C(NC(=O)C(O)C(F)(F)F)CC(C)(C)O2,5.6612
CC1(C)CC(NC(=O)C(C)(O)C(F)(F)F)c2cc(-c3ccc(Cl)cc3)c(-c3ccc(Cl)cc3Cl)nc2O1,5.8539
CC1(C)CC(NC(=O)CC(O)C(F)(F)F)c2cc(-c3ccc(Cl)cc3)c(-c3ccc(Cl)cc3Cl)nc2O1,6.6298
CC1(C)CC(NC(=O)C(F)(F)CO)c2cc(-c3ccc(Cl)cc3)c(-c3ccc(Cl)cc3Cl)nc2O1,5.8861
CC1(C)C[C@@H](NC(=O)c2ccccc2O)c2cc(-c3ccc(Cl)cc3)c(-c3ccc(Cl)cc3Cl)nc2O1,5.4815
CC1(C)C[C@@H](NC(=O)c2ccccc2N)c2cc(-c3ccc(Cl)cc3)c(-c3ccc(Cl)cc3Cl)nc2O1,6.4559
CCc1cc(C(=O)N[C@@H]2CC(C)(C)Oc3nc(-c4ccc(Cl)cc4Cl)c(-c4ccc(Cl)cc4)cc32)n[nH]1,6.3010
Cc1c[nH]nc1C(=O)N[C@@H]1CC(C)(C)Oc2nc(-c3ccc(Cl)cc3Cl)c(-c3ccc(Cl)cc3)cc21,5.6576
Cc1[nH]nc(C(=O)N[C@@H]2CC(C)(C)Oc3nc(-c4ccc(Cl)cc4Cl)c(-c4ccc(Cl)cc4)cc32)c1C,5.8539
CC1(C)C[C@@H](NC(=O)c2n[nH]c3c2CCC3)c2cc(-c3ccc(Cl)cc3)c(-c3ccc(Cl)cc3Cl)nc2O1,6.2757
CC1(C)C[C@@H](NC(=O)c2cn[nH]c2)c2cc(-c3ccc(Cl)cc3)c(-c3ccc(Cl)cc3Cl)nc2O1,5.4685
Cc1n[nH]cc1C(=O)N[C@@H]1CC(C)(C)Oc2nc(-c3ccc(Cl)cc3Cl)c(-c3ccc(Cl)cc3)cc21,5.8539
Cc1n[nH]c(C)c1C(=O)N[C@@H]1CC(C)(C)Oc2nc(-c3ccc(Cl)cc3Cl)c(-c3ccc(Cl)cc3)cc21,5.6383
Cc1nc(C(=O)N[C@@H]2CC(C)(C)Oc3nc(-c4ccc(Cl)cc4Cl)c(-c4ccc(Cl)cc4)cc32)n[nH]1,5.2840
CC1(C)C[C@@H](NC(=O)c2n[nH]c3ccccc23)c2cc(-c3ccc(Cl)cc3)c(-c3ccc(Cl)cc3Cl)nc2O1,4.8539
CC1(C)C[C@@H](NC(=O)c2ccc3[nH]ncc3c2)c2cc(-c3ccc(Cl)cc3)c(-c3ccc(Cl)cc3Cl)nc2O1,5.5686
CC1(C)C[C@@H](NC(=O)c2cccc3[nH]ncc23)c2cc(-c3ccc(Cl)cc3)c(-c3ccc(Cl)cc3Cl)nc2O1,5.7212
CC(=O)N[C@@H]1CC(C)(C)Oc2nc(-c3ccc(Cl)cc3Cl)c(-c3ccc(Cl)cc3)cc21,5.9208
CC(=O)N[C@H]1CC(C)(C)Oc2nc(-c3ccc(Cl)cc3Cl)c(-c3ccc(Cl)cc3)cc21,5.0269
CC1(C)C[C@@H](NC(=O)CC(O)(C(F)(F)F)C(F)(F)F)c2cc(-c3ccc(Cl)cc3)c(-c3ccc(Cl)cc3Cl)nc2O1,7.2518
CC1(C)C[C@H](NC(=O)CC(O)(C(F)(F)F)C(F)(F)F)c2cc(-c3ccc(Cl)cc3)c(-c3ccc(Cl)cc3Cl)nc2O1,4.7696
Cc1cc(C(=O)N[C@@H]2CC(C)(C)Oc3nc(-c4ccc(Cl)cc4Cl)c(-c4ccc(Cl)cc4)cc32)n[nH]1,5.8239
CC1(C)CC(=O)c2cc(-c3ccc(Cl)cc3)c(-c3ccc(Cl)cc3Cl)nc2O1,5.8861
CC1(C)CC(=O)c2cc(-c3ccc(Cl)cc3)c(-c3ccccc3Cl)nc2O1,5.6383
CCC1(CC)CC(=O)c2cc(-c3ccc(Cl)cc3)c(-c3ccccc3Cl)nc2O1,5.3768
CC1CC(=O)c2cc(-c3ccc(Cl)cc3)c(-c3ccccc3Cl)nc2O1,5.2007
CC(C)C1CC(=O)c2cc(-c3ccc(Cl)cc3)c(-c3ccccc3Cl)nc2O1,5.4815
CC(C)(C)C1CC(=O)c2cc(-c3ccc(Cl)cc3)c(-c3ccccc3Cl)nc2O1,5.4685
O=C1CC2(CCCC2)Oc2nc(-c3ccccc3Cl)c(-c3ccc(Cl)cc3)cc21,5.5229
O=C1CC2(CCCCC2)Oc2nc(-c3ccccc3Cl)c(-c3ccc(Cl)cc3)cc21,5.0809
O=C1CC2(CCSCC2)Oc2nc(-c3ccccc3Cl)c(-c3ccc(Cl)cc3)cc21,5.0969
O=C1CC2(CCS(=O)(=O)CC2)Oc2nc(-c3ccccc3Cl)c(-c3ccc(Cl)cc3)cc21,5.3872
CC(=O)NC1CC2(CCCCC2)Oc2nc(-c3ccccc3Cl)c(-c3ccc(Cl)cc3)cc21,5.4089
O=C(CO)NC1CC2(CCCCC2)Oc2nc(-c3ccccc3Cl)c(-c3ccc(Cl)cc3)cc21,5.3768
CC(C)(O)C(=O)NC1CC2(CCCCC2)Oc2nc(-c3ccccc3Cl)c(-c3ccc(Cl)cc3)cc21,5.2078
C[C@H](O)C(=O)NC1CC2(CCCCC2)Oc2nc(-c3ccccc3Cl)c(-c3ccc(Cl)cc3)cc21,5.3724
C[C@@H](O)C(=O)NC1CC2(CCCCC2)Oc2nc(-c3ccccc3Cl)c(-c3ccc(Cl)cc3)cc21,5.4561
CC1(C)CC(O)c2cc(-c3ccc(Cl)cc3)c(-c3ccc(Cl)cc3Cl)nc2O1,5.3054
CC1(C)CC(C)(O)c2cc(-c3ccc(Cl)cc3)c(-c3ccc(Cl)cc3Cl)nc2O1,5.5346
COC1CC(C)(C)Oc2nc(-c3ccc(Cl)cc3Cl)c(-c3ccc(Cl)cc3)cc21,5.4214
CC1(C)CC(N)c2cc(-c3ccc(Cl)cc3)c(-c3ccc(Cl)cc3Cl)nc2O1,5.1101
CC1(C)CC(NC(=O)CO)c2cc(-c3ccc(Cl)cc3)c(-c3ccccc3Cl)nc2O1,4.9944
CC1(C)CC(NC(=O)CO)c2cc(-c3ccc(Cl)cc3)c(-c3ccc(Cl)cc3Cl)nc2O1,5.2502
CC1(C)CC(NC(=O)C(C)(C)CO)c2cc(-c3ccc(Cl)cc3)c(-c3ccc(Cl)cc3Cl)nc2O1,5.6817
CC1(C)CC(NC(=O)CCO)c2cc(-c3ccc(Cl)cc3)c(-c3ccc(Cl)cc3Cl)nc2O1,5.4383
C[C@@H](O)C(=O)NC1CC(C)(C)Oc2nc(-c3ccc(Cl)cc3Cl)c(-c3ccc(Cl)cc3)cc21,5.3927
CC1(C)CC(C(N)=O)c2cc(-c3ccc(Cl)cc3)c(-c3ccc(Cl)cc3Cl)nc2O1,5.6055
CC(C)(CO)NC(=O)C1CC(C)(C)Oc2nc(-c3ccc(Cl)cc3Cl)c(-c3ccc(Cl)cc3)cc21,5.2080
CN1c2nc(-c3ccc(Cl)cc3Cl)c(-c3ccc(Cl)cc3)cc2C(C(=O)NCO)CC1(C)C,5.7831
C[C@@H](O)NC(=O)C1CC(C)(C)N(C)c2nc(-c3ccc(Cl)cc3Cl)c(-c3ccc(Cl)cc3)cc21,5.7627
C=C(C)[C@@H]1CCC(C)=C[C@H]1c1c(O)cc(CCCCC)cc1O,7.0598
CCN1CCN(C(=O)c2cn3c4c(cccc24)OC[C@H]3C2CCCCC2)CC1,8.4000
C[C@H]1CN(C(=O)c2cn3c4c(cccc24)OC[C@H]3C2CCCCC2)CCN1C,9.4000
CC1(C)Oc2cc(N3C4CC5CC3CC(C4)O5)cc(O)c2[C@@H]2C[C@H](O)CC[C@H]21,5.7447
CC1(C)Oc2cc(N3C4CC5CC3CC(C4)O5)cc(O)c2[C@@H]2C[C@@H](O)CC[C@H]21,4.8268
CC1(C)Oc2cc(C(=O)N3C4CC5CC3CC(C4)O5)cc(O)c2[C@@H]2C[C@H](O)CC[C@H]21,4.6990
CC1(C)Oc2cc(C(=O)N3C4CC5CC3CC(C4)O5)cc(O)c2[C@@H]2C[C@@H](O)CC[C@H]21,4.6021
CC1(C)Oc2cc(CN3C4CC5CC3CC(C4)O5)cc(O)c2[C@@H]2C[C@H](O)CC[C@H]21,4.8239
CC1(C)Oc2cc(CN3C4CC5CC3CC(C4)O5)cc(O)c2[C@@H]2C[C@@H](O)CC[C@H]21,5.3010
CC1(C)Oc2cc(C(=O)NC34CC5CC(CC(C5)C3)C4)cc(O)c2[C@@H]2C[C@H](O)CC[C@H]21,5.0605
CC1(C)Oc2cc(C(=O)NC34CC5CC(CC(C5)C3)C4)cc(O)c2[C@@H]2C[C@@H](O)CC[C@H]21,4.4559
CC1(C)Oc2cc(C(=O)NC3C4CC5CC(C4)CC3C5)cc(O)c2[C@@H]2C[C@H](O)CC[C@H]21,5.5686
CC1(C)Oc2cc(C(=O)NC3C4CC5CC(C4)CC3C5)cc(O)c2[C@@H]2C[C@@H](O)CC[C@H]21,4.8239
CC1(C)Oc2cc(CNC34CC5CC(CC(C5)C3)C4)cc(O)c2[C@@H]2C[C@H](O)CC[C@H]21,5.0000
CC1(C)Oc2cc(CNC34CC5CC(CC(C5)C3)C4)cc(O)c2[C@@H]2C[C@@H](O)CC[C@H]21,4.6021
CC1(C)Oc2cc(CNC3C4CC5CC(C4)CC3C5)cc(O)c2[C@@H]2C[C@H](O)CC[C@H]21,4.6990
CC1(C)Oc2cc(CNC3C4CC5CC(C4)CC3C5)cc(O)c2[C@@H]2C[C@@H](O)CC[C@H]21,4.6021
CC1(C)Oc2cc(C34CC5CC(CC(C5)O3)C4)cc(O)c2[C@@H]2C[C@H](O)CC[C@H]21,7.7212
CC1(C)Oc2cc(C34CC5CC(CC(C5)O3)C4)cc(O)c2[C@@H]2C[C@@H](O)CC[C@H]21,5.8861
CCCCCn1cc(C(=O)NC23CC4CC(CC(C4)C2)C3)c(=O)c2cc(I)ccc21,7.6861
CCCCCn1cc(C(=O)NC23CC4CC(CC(C4)C2)C3)c(=O)c2cc(Cc3ccc(Cl)cc3Cl)ccc21,5.4105
CCCCCn1cc(C(=O)NC23CC4CC(CC(C4)C2)C3)c(=O)c2cc([S+]([O-])c3ccccc3)ccc21,7.1355
CCCCCn1cc(C(=O)NC23CC4CC(CC(C4)C2)C3)c(=O)c2cc(S(=O)(=O)c3ccccc3)ccc21,7.1811
CCCCCn1cc(C(=O)NC23CC4CC(CC(C4)C2)C3)c(=O)c2cc(-c3ccco3)ccc21,9.1549
CCCCCn1cc(C(=O)NC23CC4CC(CC(C4)C2)C3)c(=O)c2cc(-c3cccs3)ccc21,8.6383
CCCCCn1cc(C(=O)NC23CC4CC(CC(C4)C2)C3)c(=O)c2cc(-c3ccc(O)cc3)ccc21,8.3768
CCCCCn1cc(C(=O)NC23CC4CC(CC(C4)C2)C3)c(=O)c2cc(C3=CCCCC3)ccc21,8.0809
CCCCCn1cc(C(=O)NC23CC4CC(CC(C4)C2)C3)c(=O)c2cc(-c3ccc(Cl)cc3)ccc21,7.9586
CCCCCn1cc(C(=O)NC23CC4CC(CC(C4)C2)C3)c(=O)c2cc(-c3ccc(F)cc3F)ccc21,7.7959
CCCCCn1cc(C(=O)NC23CC4CC(CC(C4)C2)C3)c(=O)c2cc(-c3ccc(Cl)s3)ccc21,7.3487
CCCCCn1cc(C(=O)NC23CC4CC(CC(C4)C2)C3)c(=O)c2cc(-c3ccc(OC)nc3)ccc21,7.2269
CCCCCn1cc(C(=O)NC23CC4CC(CC(C4)C2)C3)c(=O)c2cc(-c3c(C)noc3C)ccc21,6.9453
CCCCCn1cc(C(=O)NC23CC4CC(CC(C4)C2)C3)c(=O)c2cc(-c3ccc(C#N)cc3)ccc21,7.3778
CCCCCn1cc(C(=O)NC23CC4CC(CC(C4)C2)C3)c(=O)c2cc(-c3cc(C)c(OC)c(C)c3)ccc21,7.6676
CCCCCn1cc(C(=O)NC23CC4CC(CC(C4)C2)C3)c(=O)c2cc(-c3ccc4cc(OC)ccc4c3)ccc21,7.2790
CCCCCn1cc(C(=O)NC23CC4CC(CC(C4)C2)C3)c(=O)c2cc(-c3cnn(CC(C)C)c3)ccc21,7.2924
CCCCCn1cc(C(=O)NC23CC4CC(CC(C4)C2)C3)c(=O)c2cc(/C=C/C(C)(C)C)ccc21,7.1451
CCCCCn1cc(C(=O)NC23CC4CC(CC(C4)C2)C3)c(=O)c2cc(-c3ccc(-c4ccccc4)cc3)ccc21,6.7462
CCCCCn1cc(C(=O)NC23CC4CC(CC(C4)C2)C3)c(=O)c2cc(C#Cc3ccccc3)ccc21,6.4674
C#Cc1ccc2c(c1)c(=O)c(C(=O)NC13CC4CC(CC(C4)C1)C3)cn2CCCCC,8.0555
CCCCCn1cc(C(=O)NC23CC4CC(CC(C4)C2)C3)c(=O)c2cc(/C=C/c3ccccc3)ccc21,7.1844
CCCCCn1cc(C(=O)NC23CC4CC(CC(C4)C2)C3)c(=O)c2cc(-n3cccc3)ccc21,9.1549
CCCCCn1cc(C(=O)NC23CC4CC(CC(C4)C2)C3)c(=O)c2cc(-n3ccnc3)ccc21,8.0969
CCCCCn1cc(C(=O)NC23CC4CC(CC(C4)C2)C3)c(=O)c2cc(C3CCCCC3)ccc21,8.1367
CCCCCn1cc(C(=O)NC23CC4CC(CC(C4)C2)C3)c(=O)c2cc(CC)ccc21,7.7721
CCCCCn1cc(C(=O)NC23CC4CC(CC(C4)C2)C3)c(=O)c2cc(CCc3ccccc3)ccc21,7.2472
C#CCn1cc(C(=O)NC23CC4CC(CC(C4)C2)C3)c(=O)c2cc(Br)ccc21,7.3028
CCCCCn1cc(C(=O)N[C@H]2C(C)(C)[C@H]3CC[C@]2(C)C3)c(=O)c2cc(Br)ccc21,8.3010
CCCCCn1cc(C(=O)NN2CCCCC2)c(=O)c2cc(Br)ccc21,6.3979
CCCCCn1cc(C(=O)NC2CCCCC2)c(=O)c2cc(Br)ccc21,6.0458
C=CCn1cc(C(=O)NC23CC4CC(CC(C4)C2)C3)c(=O)c2cc(-c3ccco3)ccc21,7.2291
C=CCCn1cc(C(=O)NC23CC4CC(CC(C4)C2)C3)c(=O)c2cc(-c3ccco3)ccc21,8.3565
CCCCCn1cc(C(=O)N[C@H]2C(C)(C)[C@H]3CC[C@]2(C)C3)c(=O)c2cc(-c3ccco3)ccc21,8.6198
CCCCCCC(C)(C)c1ccc([C@H]2CCC[C@@H](O)C2)c(OC)c1,6.0926
CCCCCC(C)(C)c1ccc([C@H]2CCC[C@H](O)C2)c(OC)c1,6.1593
CCCCCC(C)(C)c1ccc([C@H]2CCC[C@@H](O)C2)c(OC)c1,6.2573
CCCCCCC(C)(C)c1ccc([C@H]2CCC[C@H](O)C2)cc1,6.7496
CCCCCC1=NN(C(=O)Nc2cccc3ccccc23)CC1c1ccccc1,7.4365
CCCCCC1=NN(C(=O)NCc2ccccc2)CC1c1ccccc1,6.5850
CCCCCC1=NN(C(=O)NCC2CCCCC2)CC1c1ccccc1,7.2757
CCCCCC1=NN(C(=O)NCC23CC4CC(CC(C4)C2)C3)CC1c1ccccc1,8.0969
CCCCCC1=NN(C(=O)NC[C@@H]2CC[C@H]3C[C@@H]2C3(C)C)CC1c1ccccc1,7.8761
CCCCCC1=NN(C(=O)NC2C3CC4CC(C3)CC2C4)CC1c1ccccc1,8.2007
CCCCCC1=NN(C(=O)NC23CC4CC(CC(C4)C2)C3)CC1c1ccccc1,7.8268
CCCCCC1=NN(C(=O)NC(C)(C)c2ccccc2)CC1c1ccccc1,7.7545
CCCCCC1=NN(C(=O)N[C@H]2C[C@H]3CC[C@]2(C)C3(C)C)CC1c1ccccc1,8.2757
CCCCC1=NN(C(=O)NC(C)(C)c2ccccc2)CC1c1ccccc1,7.4486
CCCCC1=NN(C(=O)NC(C)(C)c2ccc(F)cc2)CC1c1cccc(F)c1,7.1308
CCCCC1=NN(C(=O)NC(C)(C)c2ccc(F)cc2)CC1c1ccccc1F,7.0506
CCCCC1=NN(C(=O)NC(C)(C)c2ccccc2)CC1c1ccsc1,7.2076
CCCCCC1=NN(C(=O)NC2CCCCC2)CC1c1ccccc1,7.1024
CCCCCC1=NN(C(=O)NC2CCCCCC2)CC1c1ccccc1,7.7033
CCCCCC1=NN(C(=O)NC2CCCCCCC2)CC1c1ccccc1,7.5751
CCCCCC1=NN(C(=O)NC2CCCc3ccccc32)CC1c1ccccc1,7.6478
CCCCCC1=NN(C(=O)Nc2ccccc2C(F)(F)F)CC1c1ccccc1,7.8239
CCCCCC1=NN(C(=O)c2cccc3ccccc23)CC1c1ccccc1,6.9872
CCCCC1=NN(C(=O)NC(C)(C)c2ccccc2)C(C)(C)C1c1ccccc1,7.9245
CCCCC1=NN(C(=O)N[C@H]2C[C@H]3CC[C@]2(C)C3(C)C)C(C)(C)C1c1ccccc1,8.4685
CCCCCN1N=C(C(=O)NC2C3CC4CC(C3)CC2C4)CC1c1ccccc1,8.1487
CCCCCN1N=C(C(=O)NC(C)(C)c2ccc(F)cc2)CC1c1ccccc1,6.9172
CCCCCN1N=C(C(=O)N[C@H]2C[C@H]3CC[C@]2(C)C3(C)C)CC1c1ccccc1,7.6968
CCCCCN1N=C(C(=O)N[C@H]2C[C@H]3CC[C@]2(C)C3(C)C)CC1c1ccccc1F,8.0410
FC(F)(F)c1ccccc1-n1nc(-c2nnc(C3(C(F)(F)F)CCC3)s2)c(Cn2cncn2)c1-c1ccc(Br)cc1,7.5591
FC(F)(F)C1(c2nnc(-c3nn(-c4ccccc4Cl)c(-c4ccc(Br)cc4)c3Cn3cncn3)s2)CCC1,7.1331
FC(F)(F)c1ccccc1-n1nc(-c2nnc(C3(C(F)(F)F)CCC3)s2)c(Cn2cncn2)c1-c1ccc(Cl)cc1,7.1146
FC(F)(F)C1(c2nnc(-c3nn(-c4ccccc4Cl)c(-c4ccc(Br)cc4)c3Cn3cncn3)s2)CC1,6.9066
Clc1ccc(-c2c(Cn3cncn3)c(-c3nnc(C4(c5ccc(Cl)cc5)CC4)s3)nn2-c2ccccc2Cl)cc1,6.5768
CC(C)(C)c1nnc(-c2nn(-c3ccc(Cl)cc3Cl)c(-c3ccc(Br)cc3)c2Cn2cncn2)s1,6.3665
FC(F)(F)C1(c2nnc(-c3nn(-c4ccc(Cl)cc4Cl)c(-c4ccc(Cl)cc4)c3Cn3cncn3)s2)CCC1,6.2967
CC(C)(C)c1nnc(-c2nn(-c3ccccc3Cl)c(-c3ccc(Br)cc3)c2Cn2cncn2)s1,6.2604
CC(C)(C)c1nnc(-c2nn(-c3ccc(Cl)cc3Cl)c(-c3ccc(Cl)cc3)c2Cn2cncn2)s1,5.9431
FC(F)(F)C1(c2nnc(-c3nn(-c4ccc(Cl)cc4Cl)c(-c4ccc(Cl)cc4)c3Cn3cncn3)s2)CC1,5.4400
Cc1s/c(=N\C(=O)C2C(C)(C)C2(C)C)n(CCO[11CH3])c1C,9.1744
CCCC/C=C\C1(c2cc(O)c3c(c2)OC(C)(C)[C@@H]2CCC(=O)C[C@@H]32)CCCC1,8.1537
CCCCCCC1(c2cc(O)c3c(c2)OC(C)(C)[C@@H]2CCC(=O)C[C@@H]32)CCCC1,8.4763
CCCCCCC1(c2cc(O)c3c(c2)OC(C)(C)[C@@H]2CCC(=O)C[C@@H]32)SCCS1,7.4868
CCCC/C=C\C1(c2cc(O)c3c(c2)OC(C)(C)[C@@H]2CCC(=O)C[C@@H]32)CCC1,7.8210
CCCCCCC1(c2cc(O)c3c(c2)OC(C)(C)[C@@H]2CCC(=O)C[C@@H]32)CCC1,7.9245
CC1(C)Oc2cc(C3(CCCCCBr)CCCC3)cc(O)c2[C@@H]2CC(=O)CC[C@H]21,8.8794
CC1(C)Oc2cc(C3(CCCCCCBr)CCCC3)cc(O)c2[C@@H]2CC(=O)CC[C@H]21,8.5200
CC1(C)Oc2cc(C3(CCCCCBr)CCC3)cc(O)c2[C@@H]2CC(=O)CC[C@H]21,8.2306
CCCCCCC1(c2cc(O)c3c(c2)OC(C)(C)[C@@H]2CC[C@@H](O)C[C@@H]32)CCC1,8.2899
CC1(C)Oc2cc(C3(CCCCCBr)CCC3)cc(O)c2[C@@H]2C[C@H](O)CC[C@H]21,8.7905
CC1(C)Oc2cc(C3(CCCCCBr)CCC3)cc(O)c2[C@@H]2C[C@@H](O)CC[C@H]21,8.7878
Cc1c(C(=O)NCCCCCCCCCCCN(C)CCCCCCCCCCCN)nn(-c2ccc(Cl)cc2Cl)c1-c1ccc(Cl)cc1,6.3706
Cc1c(C(=O)NCCCCCCCCCN(C)CCCCCCCCCN)nn(-c2ccc(Cl)cc2Cl)c1-c1ccc(Cl)cc1,6.5768
Cc1c(C(=O)NCCCCCCCN(C)CCCCCCCN)nn(-c2ccc(Cl)cc2Cl)c1-c1ccc(Cl)cc1,5.7135
Cc1c(C(=O)NCCCCCCCN(C)CCCCCCCNC(=O)c2nn(-c3ccc(Cl)cc3Cl)c(-c3ccc(Cl)cc3)c2C)nn(-c2ccc(Cl)cc2Cl)c1-c1ccc(Cl)cc1,6.1656
Cc1c(C(=O)NCCCCCN(C)CCCCCNC(=O)c2nn(-c3ccc(Cl)cc3Cl)c(-c3ccc(Cl)cc3)c2C)nn(-c2ccc(Cl)cc2Cl)c1-c1ccc(Cl)cc1,5.9842
COC1(CNS(=O)(=O)C(F)(F)F)CCN(S(=O)(=O)c2cc3cccnc3n2S(=O)(=O)c2ccccc2F)CC1,8.6021
CCCC1(CNS(=O)(=O)C(F)(F)F)CCN(S(=O)(=O)c2cc3ccccc3n2S(=O)(=O)c2ccccn2)CC1,8.7959
CCC1(CNS(=O)(=O)C(F)(F)F)CCN(S(=O)(=O)c2cc3cc(F)ccc3n2S(=O)(=O)c2ccccc2F)CC1,9.3979
O=S(=O)(c1cc2ccccc2n1S(=O)(=O)c1ccccn1)N1CCC2(CC1)C[C@@H]2NS(=O)(=O)C(F)(F)F,9.3979
CN(C)c1ncccc1S(=O)(=O)n1c(S(=O)(=O)N2CCC(CNS(=O)(=O)C(F)(F)F)CC2)cc2ccccc21,7.6383
O=S(=O)(c1cc2ccccc2n1S(=O)(=O)c1cccnc1)N1CCC(CNS(=O)(=O)C(F)(F)F)CC1,7.3872
O=S(=O)(c1cc2ccccc2n1S(=O)(=O)c1ccccn1)N1CCC(CNS(=O)(=O)C(F)(F)F)CC1,9.0458
O=S(=O)(c1ccccc1F)c1ncccc1S(=O)(=O)N1CCC(CNS(=O)(=O)C(F)(F)F)CC1,6.1024
O=S(=O)(c1ccccc1F)c1occc1S(=O)(=O)N1CCC(CNS(=O)(=O)C(F)(F)F)CC1,8.8539
Cn1c(S(=O)(=O)c2ccccc2F)c(S(=O)(=O)N2CCC(CNS(=O)(=O)C(F)(F)F)CC2)c2ccccc21,7.1549
COc1ccc2c(c1)cc(S(=O)(=O)N1CCC(CNS(=O)(=O)C(F)(F)F)CC1)n2S(=O)(=O)c1ccccc1F,9.0969
O=S(=O)(c1cc2ccccc2n1S(=O)(=O)c1ccccc1F)N1C[C@@H]2[C@@H](CNS(=O)(=O)C(F)(F)F)[C@@H]2C1,8.0458
O=S(=O)(c1cc2ccccc2n1S(=O)(=O)c1ccccc1F)N1CCC2(CC1)C[C@@H]2NS(=O)(=O)C(F)(F)F,9.0000
CC[C@]1(CNS(=O)(=O)C(F)(F)F)CCN(S(=O)(=O)c2cc3ccccc3n2S(=O)(=O)c2ccccc2F)C[C@H]1C,8.5086
CC1(C)CN(S(=O)(=O)c2cc3ccccc3n2S(=O)(=O)c2ccccc2F)CCC1CNS(=O)(=O)C(F)(F)F,8.3768
C[C@H]1C[C@H](CNS(=O)(=O)C(F)(F)F)CCN1S(=O)(=O)c1cc2ccccc2n1S(=O)(=O)c1ccccc1F,7.7959
C[C@@H]1CN(S(=O)(=O)c2cc3ccccc3n2S(=O)(=O)c2ccccc2F)CC[C@@H]1CNS(=O)(=O)C(F)(F)F,8.8239
C[C@@H]1CN(S(=O)(=O)c2cc3ccccc3n2S(=O)(=O)c2ccccc2F)CC[C@H]1CNS(=O)(=O)C(F)(F)F,9.3010
CC(C)C1(CNS(=O)(=O)C(F)(F)F)CCCN(S(=O)(=O)c2cc3ccccc3n2S(=O)(=O)c2ccccc2F)C1,7.1079
CCCC1(CNS(=O)(=O)C(F)(F)F)CCN(S(=O)(=O)c2cc3ccccc3n2S(=O)(=O)c2ccccc2F)CC1,8.7447
CC1(CNS(=O)(=O)C(F)(F)F)CCN(S(=O)(=O)c2cc3ccccc3n2S(=O)(=O)c2ccccc2F)CC1,9.4559
O=S(=O)(c1cc2ccccc2n1S(=O)(=O)c1ccccc1F)N1CCC(O)(CNS(=O)(=O)C(F)(F)F)CC1,9.6990
CC(C)(NS(=O)(=O)C(F)(F)F)C1CCN(S(=O)(=O)c2cc3ccccc3n2S(=O)(=O)c2ccccc2F)CC1,6.7670
CC(NS(=O)(=O)C(F)(F)F)C1CCN(S(=O)(=O)c2cc3ccccc3n2S(=O)(=O)c2ccccc2F)CC1,9.3979
O=S(=O)(c1cc2ccccc2n1S(=O)(=O)c1ccccc1F)N1CCC(CNS(=O)(=O)C(F)(F)F)CC1,9.4202
O=S(=O)(c1cc2ccccc2n1S(=O)(=O)c1ccccc1F)N1CC(CCNS(=O)(=O)C(F)(F)F)C1,6.6038
O=S(=O)(c1cc2ccccc2n1S(=O)(=O)c1ccccc1F)N1CCC2(CC1)CN(S(=O)(=O)C(F)(F)F)C2,5.0742
O=S(=O)(c1cc2ccccc2n1S(=O)(=O)c1ccccc1F)N1CCC2(CC(NS(=O)(=O)C(F)(F)F)C2)C1,6.3449
O=S(=O)(c1cc2ccccc2n1S(=O)(=O)c1ccccc1F)N1CCCC(CCNS(=O)(=O)C(F)(F)F)C1,6.5884
C[C@@H](NS(=O)(=O)C(F)(F)F)c1ccc(S(=O)(=O)c2ccoc2S(=O)(=O)c2ccccc2F)cc1,8.3565
C[C@@H](NS(=O)(=O)C(F)(F)F)c1ccc(S(=O)(=O)n2cccc2S(=O)(=O)c2ccccc2F)cc1,8.0757
C[C@@H](NS(=O)(=O)C(F)(F)F)c1ccc(S(=O)(=O)c2cc3ccccc3n2S(=O)(=O)c2ccccc2F)cc1,8.1249
C[C@@H](NS(=O)(=O)C(F)(F)F)c1ccc(S(=O)(=O)c2ccc(Cl)cc2S(=O)(=O)c2ccccc2F)cc1,9.1549
Cc1c(C(=O)NCCCCCCCCCCCNCCCCCCCCCCCN)nn(-c2ccc(Cl)cc2Cl)c1-c1ccc(Cl)cc1,6.5157
Cc1c(C(=O)NCCCCCCCCCNCCCCCCCCCN)nn(-c2ccc(Cl)cc2Cl)c1-c1ccc(Cl)cc1,6.3778
Cc1c(C(=O)NCCCCCCCNCCCCCCCN)nn(-c2ccc(Cl)cc2Cl)c1-c1ccc(Cl)cc1,6.2062
Cc1c(C(=O)NCCCCCCCNCCCCCCCNC(=O)c2nn(-c3ccc(Cl)cc3Cl)c(-c3ccc(Cl)cc3)c2C)nn(-c2ccc(Cl)cc2Cl)c1-c1ccc(Cl)cc1,6.2573
Cc1c(C(=O)NCCCCCNCCCCCNC(=O)c2nn(-c3ccc(Cl)cc3Cl)c(-c3ccc(Cl)cc3)c2C)nn(-c2ccc(Cl)cc2Cl)c1-c1ccc(Cl)cc1,6.3458
Cc1c(C(=O)NCCCNCCCNC(=O)c2nn(-c3ccc(Cl)cc3Cl)c(-c3ccc(Cl)cc3)c2C)nn(-c2ccc(Cl)cc2Cl)c1-c1ccc(Cl)cc1,6.3045
Cc1c(C(=O)NCCNCCNC(=O)c2nn(-c3ccc(Cl)cc3Cl)c(-c3ccc(Cl)cc3)c2C)nn(-c2ccc(Cl)cc2Cl)c1-c1ccc(Cl)cc1,5.8911
CCCCCCC(C)(C)c1cc(Br)c2c(c1)OC(C)(C)[C@@H]1CC=C(C)C[C@@H]21,7.6462
CCCCCC(C)(C)c1cc(Br)c2c(c1)OC(C)(C)[C@@H]1CC=C(C)C[C@@H]21,7.5482
CCCCC(C)(C)c1cc(Br)c2c(c1)OC(C)(C)[C@@H]1CC=C(C)C[C@@H]21,7.1487
CCCC(C)(C)c1cc(Br)c2c(c1)OC(C)(C)[C@@H]1CC=C(C)C[C@@H]21,6.5768
CCCCCc1cc(Br)c2c(c1)OC(C)(C)[C@@H]1CC=C(C)C[C@@H]21,6.2557
CCCCCCC(C)(C)c1ccc2c(c1)OC(C)(C)[C@@H]1CC=C(CO)C[C@@H]21,10.4949
COc1cccc2c(C(=O)N3CCN4CCCC[C@H]4C3)cn(CC3CCCCC3)c12,8.4000
O=C(c1cn2c3c(cccc13)OC[C@H]2C1CCCCC1)N1CCN2CCCC[C@H]2C1,9.4000
O=C(/C=C/c1ccc2ccccc2c1)CCC(=O)NCCO,5.9936
CCOC(=O)CNC(=O)CCC(=O)/C=C/c1ccc2ccccc2c1,5.3050
O=C(/C=C/c1ccc2ccccc2c1)CCCC(=O)NCCO,5.6883
O=C(/C=C/c1ccc2ccccc2c1)CCCC(=O)NC1CC1,5.3931
O=C(CCC(=O)NCCO)CCc1ccc(-c2ccccc2)cc1,5.3504
CCCNC(=O)c1nn(-c2ccc(Cl)cc2Cl)c(-n2cccc2)c1C,5.8250
CCCCNC(=O)c1nn(-c2ccc(Cl)cc2Cl)c(-n2cccc2)c1C,6.0993
CCCCCNC(=O)c1nn(-c2ccc(Cl)cc2Cl)c(-n2cccc2)c1C,6.6863
Cc1c(C(=O)NCCCCCO)nn(-c2ccc(Cl)cc2Cl)c1-n1cccc1,5.6300
CCCCCCNC(=O)c1nn(-c2ccc(Cl)cc2Cl)c(-n2cccc2)c1C,6.4165
CCCCCCCNC(=O)c1nn(-c2ccc(Cl)cc2Cl)c(-n2cccc2)c1C,6.5933
CCCNC(=O)c1nn(-c2ccc(Cl)cc2Cl)c(-n2c(C)ccc2C)c1C,5.7092
CCCCNC(=O)c1nn(-c2ccc(Cl)cc2Cl)c(-n2c(C)ccc2C)c1C,6.3374
CCCCCNC(=O)c1nn(-c2ccc(Cl)cc2Cl)c(-n2c(C)ccc2C)c1C,6.3051
Cc1c(C(=O)NCCCCCO)nn(-c2ccc(Cl)cc2Cl)c1-n1c(C)ccc1C,5.4948
CCCCCCNC(=O)c1nn(-c2ccc(F)cc2F)c(-n2c(C)ccc2C)c1C,6.3122
CCCCCCCNC(=O)c1nn(-c2ccc(Cl)cc2Cl)c(-n2c(C)ccc2C)c1C,6.6887
CCCCCCCNC(=O)c1nn(-c2ccc(F)cc2F)c(-n2c(C)ccc2C)c1C,6.4371
Cc1c(C(=O)NC(C)C)nn(-c2ccc(Cl)cc2Cl)c1-n1cccc1,5.9460
Cc1c(C(=O)NC(C)(C)C)nn(-c2ccc(Cl)cc2Cl)c1-n1cccc1,7.8356
CCC(C)(C)NC(=O)c1nn(-c2ccc(Cl)cc2Cl)c(-n2cccc2)c1C,8.2441
Cc1c(C(=O)NCCC(C)(C)C)nn(-c2ccc(Cl)cc2Cl)c1-n1cccc1,7.2807
CCCCCCC(C)NC(=O)c1nn(-c2ccc(Cl)cc2Cl)c(-n2cccc2)c1C,6.6247
Cc1c(C(=O)NC(C)C)nn(-c2ccc(Cl)cc2Cl)c1-n1c(C)ccc1C,5.7455
Cc1c(C(=O)NC(C)(C)C)nn(-c2ccc(Cl)cc2Cl)c1-n1c(C)ccc1C,7.6946
CCC(C)(C)NC(=O)c1nn(-c2ccc(Cl)cc2Cl)c(-n2c(C)ccc2C)c1C,6.9154
Cc1c(C(=O)NCCC(C)(C)C)nn(-c2ccc(Cl)cc2Cl)c1-n1c(C)ccc1C,6.8745
CCCCCCC(C)NC(=O)c1nn(-c2ccc(Cl)cc2Cl)c(-n2c(C)ccc2C)c1C,6.8681
Cc1c(C(=O)NCCC(C)(C)C)nn(-c2ccc(F)cc2F)c1-n1c(C)ccc1C,6.7867
FC(F)(F)c1cccc(-c2c[nH]c(-c3cccc(CN4CCOCC4)c3)n2)c1,7.7368
CC(C)n1cc(-c2cccc(C(F)(F)F)c2)nc1-c1cccc(CN2CCOCC2)c1,6.6615
FC(F)(F)c1cccc(-c2cn(CC3CC3)c(-c3cccc(CN4CCOCC4)c3)n2)c1,6.3851
CC(=O)n1cc(-c2cccc(C(F)(F)F)c2)nc1-c1cccc(CN2CCOCC2)c1,8.0458
O=C(c1ccccc1)n1cc(-c2cccc(C(F)(F)F)c2)nc1-c1cccc(CN2CCOCC2)c1,7.9586
FC(F)(F)c1cccc(-c2c[nH]c(-c3cccc(CN4CCSCC4)c3)n2)c1,8.2218
CC1CN(Cc2cccc(-c3nc(-c4cccc(C(F)(F)F)c4)c[nH]3)c2)CCO1,7.6021
C[C@H]1COCCN1Cc1cccc(-c2nc(-c3cccc(C(F)(F)F)c3)c[nH]2)c1,6.7721
FC(F)(F)c1cccc(-c2c[nH]c(-c3cccc(CN4CCCCC4)c3)n2)c1,7.8539
CC1CCN(Cc2cccc(-c3nc(-c4cccc(C(F)(F)F)c4)c[nH]3)c2)CC1,7.6778
CC1CCCN(Cc2cccc(-c3nc(-c4cccc(C(F)(F)F)c4)c[nH]3)c2)C1,7.1549
FC1CCN(Cc2cccc(-c3nc(-c4cccc(C(F)(F)F)c4)c[nH]3)c2)CC1,8.0458
FC1(F)CCN(Cc2cccc(-c3nc(-c4cccc(C(F)(F)F)c4)c[nH]3)c2)CC1,8.3010
FC1CCCN(Cc2cccc(-c3nc(-c4cccc(C(F)(F)F)c4)c[nH]3)c2)C1,7.7959
FC1(F)CCCN(Cc2cccc(-c3nc(-c4cccc(C(F)(F)F)c4)c[nH]3)c2)C1,7.6021
O[C@H]1CCCN(Cc2cccc(-c3nc(-c4cccc(C(F)(F)F)c4)c[nH]3)c2)C1,6.9469
OCC1CCCN(Cc2cccc(-c3nc(-c4cccc(C(F)(F)F)c4)c[nH]3)c2)C1,7.2147
Brc1cccc(-c2c[nH]c(-c3cccc(CN4CCOCC4)c3)n2)c1,8.3010
CC1CN(Cc2cccc(-c3nc(-c4cccc(Cl)c4)c[nH]3)c2)CCO1,7.8539
FC1CCN(Cc2cccc(-c3nc(-c4cccc(Cl)c4)c[nH]3)c2)CC1,8.0969
CC1CCN(Cc2cccc(-c3nc(-c4cccc(Cl)c4Cl)c[nH]3)c2)CC1,7.6021
FC1CCN(Cc2cccc(-c3nc(-c4cccc(Cl)c4Cl)c[nH]3)c2)CC1,8.3010
FC1CCN(Cc2cccc(-c3nc(-c4ccc(Cl)cc4Cl)c[nH]3)c2)CC1,8.0000
COc1ccc(-c2c[nH]c(-c3cccc(CN4CCC(F)(F)CC4)c3)n2)c(F)c1,8.5229
COc1ccc(F)c(-c2c[nH]c(-c3cccc(CN4CCOCC4)c3)n2)c1,8.3979
COc1ccc(F)c(-c2c[nH]c(-c3cccc(CN4CCC(F)(F)CC4)c3)n2)c1,8.3010
COc1ccc(F)c(-c2c[nH]c(-c3cccc(CN4CCC(F)CC4)c3)n2)c1,8.3010
FC1CCN(Cc2ccccc2-c2nc(-c3cccc(C(F)(F)F)c3)c[nH]2)CC1,6.8861
CC1CN(Cc2ccccc2-c2nc(-c3cccc(C(F)(F)F)c3)c[nH]2)CCO1,6.2924
Clc1cccc(-c2c[nH]c(-c3cccc(CN4CCCCC4)c3)n2)c1,8.0000
Clc1cccc(-c2c[nH]c(-c3cccc(CN4CCCCC4)c3)n2)c1Cl,8.0969
Clc1ccc(-c2c[nH]c(-c3cccc(CN4CCCCC4)c3)n2)c(Cl)c1,7.6198
COc1ccc(F)c(-c2c[nH]c(-c3cccc(CN4CCCCC4)c3)n2)c1,8.3979
CCOc1ccc(F)c(-c2c[nH]c(-c3cccc(CN4CCCCC4)c3)n2)c1,7.0605
CCCCCn1cc(C(=O)NCC23CC4CC(CC(C4)C2)C3)c(=O)cc1-c1ccccc1,7.7976
CCCCCn1cc(C(=O)NC(C)C23CC4CC(CC(C4)C2)C3)c(=O)cc1-c1ccccc1,8.0159
CCCCCn1cc(C(=O)NC2CCCCC2)c(=O)cc1C(C)(C)C,7.8228
CCCCCn1cc(C(=O)NC23CC4CC(CC(C4)C2)C3)c(=O)cc1C(C)(C)C,7.7256
CCCCCn1cc(C(=O)NC23CC4CC(CC(C4)C2)C3)c(=O)cc1C,7.9793
CCn1cc(C(=O)NC(C)C23CC4CC(CC(C4)C2)C3)c(=O)cc1-c1ccccc1,6.3830
CCCCCn1cc(C(=O)NCC23CC4CC(C)(CC(C)(C4)C2)C3)c(=O)cc1-c1ccccc1,8.2085
CCCCn1cc(C(=O)NC23CC4CC(CC(C4)C2)C3)c(=O)cc1-c1ccccc1,7.9330
CCCCCn1cc(C(=O)NC23CC4CC(CC(C4)C2)C3)c(=O)cc1-c1ccccc1,8.4464
CCCCCCn1cc(C(=O)NC23CC4CC(CC(C4)C2)C3)c(=O)cc1-c1ccccc1,7.9651
CCCCCn1cc(C(=O)NC2CCCCC2)c(=O)cc1-c1ccccc1,8.3480
CCCCCn1cc(C(=O)N[C@@H]2CCCc3ccccc32)c(=O)cc1-c1ccccc1,8.3585
CCCCCn1cc(C(=O)N[C@H]2CCCc3ccccc32)c(=O)cc1-c1ccccc1,6.8274
CCCCCn1cc(C(=O)NN2CCCCC2)c(=O)cc1-c1ccccc1,7.3106
CCCCCn1cc(C(=O)Nc2cccc(C(F)(F)F)c2)c(=O)cc1-c1ccccc1,7.7211
CCCCCn1cc(C(=O)NC23CC4CC(CC(C4)C2)C3)c(=O)cc1-c1ccc(Cl)cc1,7.3703
CCCCCn1cc(C(=O)NC2CCCCC2)c(=O)cc1-c1ccc(Cl)cc1,7.3827
CCCCCn1cc(C(=O)NC23CC4CC(CC(C4)C2)C3)c(=O)cc1-c1cccc(Cl)c1,8.7447
CCCCCn1cc(C(=O)NC23CC4CC(CC(C4)C2)C3)c(=O)cc1-c1ccccc1Cl,9.1549
CCCCCn1cc(C(=O)NC23CC4CC(CC(C4)C2)C3)c(=O)cc1-c1ccc(C)cc1,7.8794
CCCCCn1cc(C(=O)NC23CC4CC(CC(C4)C2)C3)c(=O)cc1-c1ccc(OC)cc1,7.0405
CCCCCn1cc(C(=O)NC23CC4CC(CC(C4)C2)C3)c(=S)cc1-c1ccccc1,7.7477
CCCCCn1cc(C(=O)NC2CCCCC2)c(=S)cc1-c1ccccc1,7.4437
CCCCCn1cc(NC(=O)OC(C)(C)C)c(=O)cc1-c1ccccc1,6.7325
CCCCCn1cc(NC(=O)C2CCCCC2)c(=O)cc1-c1ccccc1,7.4472
CCCC(C)(C)c1ccc2c(c1)OC(C)(C)[C@@H]1CC=C(O)C[C@@H]21,7.2647
CCCCCn1cc(C(=O)Nc2cccc(C(F)(F)F)c2)c(=O)cc1-c1ccc(Cl)cc1,6.8013
CC1(C)C(C(=O)c2cn(CC3CCOCC3)c3c(COc4ccccc4)cccc23)C1(C)C,8.5229
CC1=CC[C@@H]2[C@@H](C1)c1c(OC(=O)CCCN3CCOCC3)cc(C(C)(C)CCCCC#N)cc1OC2(C)C,8.0969
CCCCCCC1CCCc2c1cc1c(c2O)[C@@H]2CC(C)=CC[C@H]2C(C)(C)O1,8.2676
N#Cc1c(Oc2cccc(OS(=O)(=O)CCCC(F)(F)F)c2)cccc1C(F)(F)F,7.3420
Cc1ccc2c(c1)Cc1c(C(=O)NN3CCCCC3)nn(-c3ccc(Cl)cc3Cl)c1-2,10.4318
CCCCCn1cc(C(=O)NC2C(C)(C)[C@@H]3CC[C@@]2(C)C3)c(=O)c2cc(-c3ccco3)ccc21,8.6198
CCCCCn1cc(C(=O)NC23CC4CC(CC(C4)C2)C3)c(=O)c2cccc(C)c21,8.7324
COCCn1c(C)c(C)s/c1=N\C(=O)C1C(C)(C)C1(C)C,9.1938
CC1(Cc2ccccc2)COc2cc(C(=O)N3CCCCC3)ccc21,6.3747
Cc1c(C(C)(C)C)s/c(=N\S(=O)(=O)c2cccc3ccccc23)n1C1CC1,7.7959
Cc1ccc2c(=O)c(C(=O)NC3CCCC3)cn(CCN3CCOCC3)c2n1,7.3010
CCCCCCn1cc(C(=O)NC2CCCCC2)c(=O)c2ccc(C)nc21,8.0969
CCCCCn1c(C)c(C(=O)c2ccc(CCCC)c3ccc(C)cc23)c2ccccc21,8.1871
COc1ccc(OC)c2c(=O)c(C(=O)NC34CC5CC(CC(C5)C3)C4)c[nH]c12,7.2790
Cc1c(Cl)ccc2c(=O)c(C(=O)NC34CC5CC(CC(C5)C3)C4)c[nH]c12,7.5935
CCC1CCC(C(=O)c2cn(CCN3CCOCC3)c3ccccc23)CC1,7.7959
Cc1ccc(C(=O)NC2C(C)(C)[C@@H]3CC[C@]2(C)C3)cc1S(=O)(=O)N1CCOCC1,8.4089
CCC(C)(C)C(=O)Cc1cc(C)c(C)c(S(=O)(=O)N2CCCCCC2)c1,8.0458
CCC(C)(C)C(=O)Cc1cc(C)c(C)c(S(=O)(=O)N2CCCCC2)c1,8.5686
Cc1nc(C(=O)NC23CC4CC(CC2C4)C3)c(C)n1-c1ccccc1,8.0132
Cc1nc(C(=O)Nc2ccccc2C(F)(F)F)c(C)n1-c1ccccc1,8.4559
Cc1c(C(C)(C)C)s/c(=N\C(=O)c2ccc(Br)cc2)n1CC1CC1,8.9208
Cc1c(C(C)(C)C)s/c(=N\C(=O)c2ccc(OC(F)(F)F)cc2)n1CC1CC1,8.2441
COCCn1c(C)c(C(C)(C)C)s/c1=N\C(=O)c1ccc(C(F)(F)F)cc1,8.0000
O=S(=O)(CCCC(F)(F)F)Oc1cccc(Oc2cccc3c2C[C@H](CO)C3)c1,8.3700
Cc1ccc2c(c1)Cc1c(C(=O)NC3CCCCC3)nn(-c3ccc(Cl)cc3Cl)c1-2,8.1200
CCCCCCNC(=O)c1cn(CCCCC)c2ccc(Br)cc2c1=O,6.0500
CN/C(=N\S(=O)(=O)c1ccc(Cl)cc1)N1CC(c2ccccc2)C(c2ccc(Cl)cc2)=N1,5.1000
COc1ccc(-c2oc3cc(OC)ccc3c2C(=O)c2ccc(C#N)cc2)cc1,4.8300
COc1cccc2c(C(=O)N3C[C@@H](C)N(C)[C@@H](C)C3)cn(CC3CCCCC3)c12,9.1000
CN(CC(N)=O)Cc1nc(-c2cn(CC3CCOCC3)c3c(Cl)cccc23)no1,8.2000
O=C(CSc1nc2ccccc2s1)N1c2ccccc2Sc2ccc(Cl)cc21,7.0434
Cc1cccc(N2CCN(C(=O)c3cc(S(=O)(=O)N(C)C)ccc3N3CCCC3)CC2)c1C,4.8210
COc1ccc(CNCCC(c2ccc(F)cc2)c2ccc(OC)cc2)cc1,4.6162
Cc1ccc(-n2cc3c(-c4cccc(Br)c4)nnc(C)c3n2)cc1,4.6234
CNC(=O)c1cc2c(=O)n3ccccc3nc2n(C2CCCC2)c1=N,5.5986
Oc1ccc(-c2[nH]nc(C(F)(F)F)c2-c2ccccc2)c(O)c1,4.5622
CCOc1ccc(-c2n[nH]c(C)c2-c2ccc(OC)cc2)c(O)c1,4.9608
N=c1c(C(=O)NCc2cccnc2)cc2c(=O)n3ccccc3nc2n1C1CCCC1,5.1002
CC(C)NC(=O)c1cc2c(=O)n3ccccc3nc2n(C2CCCC2)c1=N,5.0429
N=c1c(C(=O)NCc2ccccc2)cc2c(=O)n3ccccc3nc2n1C1CCCC1,5.8827
COc1ccc(-c2[nH]nc(C)c2-c2ccc(Cl)cc2)c(O)c1,5.2992
N=c1c(C(=O)NCc2ccco2)cc2c(=O)n3ccccc3nc2n1C1CCCC1,5.6716
N=c1c(C(=O)NCCc2ccccc2)cc2c(=O)n3ccccc3nc2n1C1CCCC1,5.4425
Cc1nc(N2CCN(C(=O)c3ccco3)CC2)c2c3c(sc2n1)CC(C)CC3,4.5498
COCCCNC(=O)c1cc2c(=O)n3ccccc3nc2n(C2CCCC2)c1=N,5.6326
Cc1nc(N2CCN(C(=O)c3ccccc3)CC2)c2c3c(sc2n1)CC(C)CC3,4.6180
N=c1c(C(=O)NCCN2CCOCC2)cc2c(=O)n3ccccc3nc2n1C1CCCC1,5.0660
CCNC(=O)c1cc2c(=O)n3ccccc3nc2n(C2CCCC2)c1=N,5.5214
Cc1nc(N2CCN(C(=O)c3ccc4c(c3)nc(C)n4C)CC2)c2c3c(sc2n1)CC(C)CC3,4.5719
CC(C)(C)c1ccc(-c2c(-c3nc4ccccc4[nH]3)n[nH]c2-c2ccccc2)cc1,4.8570
CCOc1ccc(-c2n[nH]c(C)c2-c2ccccc2)c(O)c1,4.6234
COc1ccc(-n2cc3c(-c4cccc(Br)c4)nnc(C)c3n2)cc1,5.2676
Cc1nnc(-c2cccc3ccccc23)c2cn(-c3cccc(Br)c3)nc12,5.4123
Cc1ccc(C(C)C(=O)N2CCC(n3nc(-c4ccccc4)oc3=O)CC2)cc1,4.6402
COc1ccc(-c2nnc(C)c3nn(-c4ccc(Cl)cc4)cc23)cc1,4.8794
Cc1nc(N2CCN(C(=O)c3ccc4c(c3)OCCO4)CC2)c2c3c(sc2n1)CCCC3,4.6162
Cc1ccc(-n2cc3c(-c4ccc(Cl)cc4)nnc(C)c3n2)cc1,4.5258
COc1ccc(-n2cc3c(-c4ccc(-c5ccccc5)cc4)nnc(C)c3n2)cc1,5.6799
O=C(N1CCC(n2nc(-c3ccccc3)oc2=O)CC1)C1(c2ccccc2)CCCC1,4.8539
Cc1[nH]nc(-c2ccc(OCCN3CCOCC3)cc2O)c1-c1ccc(Cl)cc1,4.5361
Cc1[nH]nc(-c2ccc(O)cc2O)c1-c1ccc(Br)cc1,5.0362
Cc1nnc(-c2cccc(Br)c2)c2cn(-c3ccccc3)nc12,4.9830
Cc1nnc(-c2ccc(Cl)cc2)c2cn(-c3ccccc3)nc12,4.7100
COc1ccc(-c2c(-c3ccc(OCCN4CCOCC4)cc3O)n[nH]c2C)cc1,4.5719
COc1ccc(-c2c(C(F)(F)F)n[nH]c2-c2ccc(O)cc2O)cc1,4.5200
CCCCc1ccc(NC(=O)N2CCCN(C(=O)CCC3CCCC3)CC2)cc1,6.8665
CCc1ccc(NC(=O)N2CCCN(C(=O)CCC3CCCC3)CC2)cc1,6.6459
CC(C)c1ccc(NC(=O)N2CCCN(C(=O)CCC3CCCC3)CC2)cc1,6.9101
CC(C)(C)c1ccc(NC(=O)N2CCCN(C(=O)CCC3CCCC3)CC2)cc1,7.0706
CC(C)(C)c1ccc(NC(=O)N2CCCN(C(=O)CC3CCCC3)CC2)cc1,7.2218
CC(C)(C)c1ccc(NC(=O)N2CCCN(C(=O)C3CCCC3)CC2)cc1,6.7747
CC(C)(C)c1ccc(NC(=O)N2CCCN(C(=O)C3CCCCC3)CC2)cc1,7.6990
CC(C)CCC(=O)N1CCCN(C(=O)Nc2ccc(C(C)(C)C)cc2)CC1,7.0177
CC(C)(C)c1ccc(NC(=O)N2CCCN(C(=O)c3ccc(Cl)cc3)CC2)cc1,8.0088
CC(C)(C)c1ccc(NC(=O)N2CCCN(C(=O)c3cc(Cl)cc(Cl)c3)CC2)cc1,6.6676
CC(C)(C)c1ccc(NC(=O)N2CCCN(C(=O)c3cc(Cl)ccc3Cl)CC2)cc1,7.0605
CC(C)(C)c1ccc(NC(=O)N2CCCN(C(=O)c3ccc(C(F)(F)F)cc3)CC2)cc1,8.5686
CN(C)c1ccc(C(=O)N2CCCN(C(=O)Nc3ccc(C(C)(C)C)cc3)CC2)cc1,7.3098
CC(C)(C)c1ccc(NC(=O)N2CCCN(C(=O)C3CCOCC3)CC2)cc1,6.9547
CC(C)(C)c1cc(NC(=O)N2CCCN(C(=O)C3CCOCC3)CC2)no1,7.1739
CC(C)(C)c1cc(NC(=O)N2CCCN(C(=O)C3CCOCC3)CC2)on1,7.5850
O=C(Nc1cc(-c2ccccc2)on1)N1CCCN(C(=O)C2CCOCC2)CC1,5.7122
CC(C)(C)c1cnc(NC(=O)N2CCCN(C(=O)C3CCOCC3)CC2)s1,6.8239
O=C(Nc1ncc(-c2ccccc2)s1)N1CCCN(C(=O)C2CCOCC2)CC1,6.8697
CC(C)(C)c1csc(NC(=O)N2CCCN(C(=O)C3CCOCC3)CC2)n1,5.7696
O=C(Nc1nc(-c2ccccc2)cs1)N1CCCN(C(=O)C2CCOCC2)CC1,6.3468
Cn1nc(C(C)(C)C)cc1NC(=O)N1CCCN(C(=O)C2CCOCC2)CC1,4.8283
CC(C)(C)c1cc(NC(=O)N2CCCN(C(=O)C3CCOCC3)CC2)[nH]n1,4.8811
CC(C)(C)c1cc(NC(=O)N2CCCN(C(=O)C3CCCOC3)CC2)no1,5.6893
CC(C)(C)c1cc(NC(=O)N2CCCN(C(=O)C3CCCCO3)CC2)no1,6.1249
CC(C)(C)c1cc(NC(=O)N2CCCN(C(=O)C3CCCO3)CC2)no1,5.3947
CC(C)(C)c1cc(NC(=O)N2CCCN(C(=O)C3CCOC3)CC2)no1,5.6383
CC(C)(C)c1cc(NC(=O)N2CCCN(C(=O)[C@H]3CC[C@@H](O)CC3)CC2)no1,8.0757
CC(C)(C)c1cc(NC(=O)N2CCCN(C(=O)[C@H]3CC[C@H](O)CC3)CC2)no1,4.9355
CC(=O)N1CCC(C(=O)N2CCCN(C(=O)Nc3cc(C(C)(C)C)on3)CC2)CC1,5.8697
CC(C)(C)c1cc(NC(=O)N2CCCN(C(=O)C3CCN(S(C)(=O)=O)CC3)CC2)no1,5.7721
CC(C)(C)c1cc(NC(=O)N2CCCN(C(=O)CN3CCOCC3)CC2)no1,6.8041
CC(C)(C)c1cc(NC(=O)N2CCCN(C(=O)CN3CCS(=O)(=O)CC3)CC2)no1,6.9706
CC(C)(C)c1cc(NC(=O)N2CCCN(C(=O)N3CCS(=O)(=O)CC3)CC2)no1,6.8697
CC(C)(C)c1cc(NC(=O)N2CCCN(C(=O)N3CCOCC3)CC2)no1,6.7520
CC(C)(C)c1cc(NC(=O)N2CCCN(C(=O)N3CCN(S(C)(=O)=O)CC3)CC2)no1,5.5429
CC(C)(C)c1cc(NC(=O)N2CCCN(C(=O)N3CCC(S(C)(=O)=O)CC3)CC2)no1,6.3706
CC(C)(C)c1cc(NC(=O)N2CCCN(C(=O)NC3CCOCC3)CC2)no1,6.0894
O=C(c1cccc(Cl)c1Cl)c1nc(CN2CCOCC2)c2ccccn12,8.3010
O=C(c1cccc(F)c1C(F)(F)F)c1nc(CN2CCOCC2)c2ccccn12,9.1549
O=C(c1cccc(Cl)c1Cl)c1nc(CN2CCC(F)(F)CC2)c2ccccn12,9.5229
O=C(Nc1cccc(C(F)(F)F)n1)c1nc(CN2CCC(F)(F)CC2)c2ccccn12,8.7696
O=C(Nc1cccc(C(F)(F)F)n1)c1nc(CN2CCS(=O)(=O)CC2)c2ccccn12,7.3565
O=C(NCC1(CO)CCCC1)c1nc(CN2CCC(F)(F)CC2)n2ccccc12,8.5229
O=C(NC(C1CC1)C1CC1)c1nc(C2CC2)n2ccccc12,8.1549
CC(C)(C)CNC(=O)c1nc(C2CC2)n2ccccc12,7.6778
O=C(N[C@H](c1ccccn1)C(F)(F)F)c1nc(N2CCOCC2)n2ccccc12,7.6778
O=C(NCC1(CO)CCCC1)c1nc(N2CCOCC2)n2ccccc12,7.4815
O=C(NC(c1ccncc1)c1ccc(F)cc1)c1nc(N2CCC(F)(F)C2)c2cnccn12,7.0362
C[C@@H](NC(=O)c1nc(N2CCC(F)(F)CC2)c2cnccn12)C(C)(C)C,7.4437
O=C(N[C@H](c1ccccn1)C(F)(F)F)c1nc(N2CCOCC2)c2cnccn12,6.8570
O=C(NC(c1cccnc1)C(F)(F)F)c1nc(N2CCOCC2)c2cnccn12,7.1612
O=C(c1cccc2[nH]ncc12)N1CCC(O)(c2ccccc2)[C@@H]2CCCC[C@@H]21,8.5528
O=C(c1ccccc1)N1CC[C@](O)(c2ccccc2)[C@H]2CCCC[C@@H]21,7.3468
O=C(c1ccc(Cl)cc1)N1CC[C@](O)(c2ccccc2)[C@H]2CCCC[C@@H]21,7.6198
O=C(c1ccc2ccccc2n1)N1CC[C@](O)(c2ccccc2)[C@H]2CCCC[C@@H]21,7.3872
O=C(c1cccc2[nH]ccc12)N1CC[C@](O)(c2ccccc2)[C@H]2CCCC[C@@H]21,7.6576
O=C(c1cc(-c2ccccc2F)[nH]n1)N1CC[C@](O)(c2ccccc2)[C@H]2CCCC[C@@H]21,5.8908
O=C(c1ccccc1)N1CC[C@](O)(c2ccccc2)[C@H]2CCCC[C@H]21,8.3768
O=C(c1ccc(Cl)cc1)N1CC[C@](O)(c2ccccc2)[C@H]2CCCC[C@H]21,9.8539
O=C(c1ccc2ccccc2n1)N1CC[C@](O)(c2ccccc2)[C@H]2CCCC[C@H]21,9.0862
O=C(c1cccc2[nH]ccc12)N1CC[C@](O)(c2ccccc2)[C@H]2CCCC[C@H]21,9.2076
O=C(c1cc(-c2ccccc2F)[nH]n1)N1CC[C@](O)(c2ccccc2)[C@H]2CCCC[C@H]21,7.6778
CN1CCC(C(=O)N2CC[C@](O)(c3ccccc3)[C@H]3CCCC[C@H]32)C1,8.2291
CS(=O)(=O)c1ccc([C@@]2(O)CCN(C(=O)c3ccccc3)[C@H]3CCCC[C@@H]32)cc1,6.9747
COc1ccc([C@@]2(O)CCN(C(=O)c3ccccc3)[C@H]3CCCC[C@@H]32)cc1,6.4461
O=C(c1ccccc1)N1CC[C@](O)(c2cccnc2)[C@H]2CCCC[C@@H]21,6.0278
O=C(c1ccccc1)N1CC[C@](O)(c2ccc(Cl)cc2)[C@H]2CCCC[C@@H]21,6.8097
O=C(c1ccccc1)N1CC[C@](O)(c2cccc(Cl)c2)[C@H]2CCCC[C@@H]21,6.3072
N#Cc1cccc([C@@]2(O)CCN(C(=O)c3ccccc3)[C@H]3CCCC[C@@H]32)c1,5.9809
CS(=O)(=O)c1cccc([C@@]2(O)CCN(C(=O)c3ccccc3)[C@H]3CCCC[C@@H]32)c1,6.4711
O=C(c1ccccc1)N1CC[C@](O)(c2cccc(C(F)(F)F)c2)[C@H]2CCCC[C@@H]21,6.0915
O=C(c1ccccc1)N1CC[C@](O)(c2ccccn2)[C@H]2CCCC[C@@H]21,5.8674
O=C(c1cnc2ccccc2c1)N1CC[C@@](O)(c2ccccc2)[C@@H]2CCCC[C@@H]21,8.4711
O=C(c1ccc2ncccc2c1)N1CC[C@@](O)(c2ccccc2)[C@@H]2CCCC[C@@H]21,9.2757
O=C(c1ccc2cnccc2n1)N1CC[C@@](O)(c2ccccc2)[C@@H]2CCCC[C@@H]21,8.2596
O=C(c1ccc2[nH]ccc2c1)N1CC[C@@](O)(c2ccccc2)[C@@H]2CCCC[C@@H]21,8.8539
O=C(c1cccc2[nH]cnc12)N1CC[C@@](O)(c2ccccc2)[C@@H]2CCCC[C@@H]21,7.4559
O=C(c1cccc2[nH]ncc12)N1CC[C@@](O)(c2ccccc2)[C@@H]2CCCC[C@@H]21,8.3979
O=C(c1ccon1)N1CC[C@@](O)(c2ccccc2)[C@@H]2CCCC[C@@H]21,7.9586
O=C(c1ccncc1F)N1CC[C@@](O)(c2ccccc2)[C@@H]2CCCC[C@@H]21,8.2007
Cn1ccnc1C(=O)N1CC[C@@](O)(c2ccccc2)[C@@H]2CCCC[C@@H]21,6.9066
Cc1cccc(C(=O)N2CC[C@@](O)(c3ccccc3)[C@@H]3CCCC[C@@H]32)n1,8.2147
O=C(c1ccc(OCC(F)(F)F)nc1)N1CC[C@@](O)(c2ccccc2)[C@@H]2CCCC[C@@H]21,7.7959
O=C(c1nnc[nH]1)N1CC[C@@](O)(c2ccccc2)[C@@H]2CCCC[C@@H]21,6.5498
O=C(c1ccc(C2CC2)nc1)N1CC[C@@](O)(c2ccccc2)[C@@H]2CCCC[C@@H]21,7.9208
CN1CCCCC1C(=O)N1CC[C@@](O)(c2ccccc2)[C@@H]2CCCC[C@@H]21,7.2518
CN1CCOCC1C(=O)N1CC[C@@](O)(c2ccccc2)[C@@H]2CCCC[C@@H]21,7.5229
O=C(C1CNCCN1)N1CC[C@@](O)(c2ccccc2)[C@@H]2CCCC[C@@H]21,7.2076
CN1CCC(C(=O)N2CC[C@@](O)(c3ccccc3)[C@@H]3CCCC[C@@H]32)CC1,6.4034
O=C([C@@H]1C[C@@H](O)CCN1)N1CC[C@@](O)(c2ccccc2)[C@@H]2CCCC[C@@H]21,5.6625
Cc1ccc(C(=O)N2CC[C@@](O)(c3ccccc3)[C@@H]3CCCC[C@@H]32)cn1,7.9953
CN1CCOC[C@H]1C(=O)N1CC[C@@](O)(c2ccccc2)[C@@H]2CCCC[C@@H]21,7.7959
O=C(c1cscn1)N1CC[C@@](O)(c2ccccc2)[C@@H]2CCCC[C@@H]21,7.3872
O=C(c1ncccn1)N1CC[C@@](O)(c2ccccc2)[C@@H]2CCCC[C@@H]21,7.5376
O=C(c1ccc(C(F)(F)F)nc1)N1CC[C@@](O)(c2ccccc2)[C@@H]2CCCC[C@@H]21,7.9208
O=C(c1ccncn1)N1CC[C@@](O)(c2ccccc2)[C@@H]2CCCC[C@@H]21,6.8539
O=C(c1cnco1)N1CC[C@@](O)(c2ccccc2)[C@@H]2CCCC[C@@H]21,6.8069
O=C(c1cn(CC(F)(F)F)cn1)N1CC[C@@](O)(c2ccccc2)[C@@H]2CCCC[C@@H]21,7.5850
CN1CC(C(=O)N2CC[C@@](O)(c3ccccc3)[C@@H]3CCCC[C@@H]32)CCC1=O,6.8697
O=C1CC(C(=O)N2CC[C@@](O)(c3ccccc3)[C@@H]3CCCC[C@@H]32)CN1,5.4595
O=C1CCC(C(=O)N2CC[C@@](O)(c3ccccc3)[C@@H]3CCCC[C@@H]32)N1,6.7144
O=C(C1CN(CC(F)(F)F)CCO1)N1CC[C@@](O)(c2ccccc2)[C@@H]2CCCC[C@@H]21,7.5229
O=C(c1csc(-c2ccncc2)n1)N1CCC(O)(c2ccccc2)[C@@H]2CCCC[C@@H]21,6.4112
COc1ccc(-c2c(Br)c(C(=O)NC3(C#N)CCOCC3)nn2-c2cccc(Br)c2)cc1,6.7570
Cc1c(C(=O)NC2(C#N)CCOCC2)nn(-c2cccc(Br)c2)c1-c1ccccc1,6.6459
COc1ccc(-c2c(C)c(C(=O)NC3(C#N)CCOCC3)nn2-c2cccc(Br)c2)cc1,6.6308
Cc1c(C(=O)NC2(C#N)CCOCC2)nn(-c2ccc(Br)cc2)c1-c1ccccc1,6.1838
COc1ccc(-c2c(C)c(C(=O)NC3(C#N)CCOCC3)nn2-c2ccccc2Br)cc1,5.7235
Cc1c(C(=O)NC2(C#N)CCOCC2)nn(-c2ccccc2F)c1-c1ccccc1,5.6615
COc1ccc(-c2c(C#N)c(C(=O)NC3(C#N)CCOCC3)nn2-c2ccccc2I)cc1,5.6253
COc1ccc(-c2c(C)c(C(=O)NC3(C#N)CCOCC3)nn2-c2ccccc2F)cc1,5.6091
COc1ccc(-c2c(C)c(C(=O)NC3(C#N)CCCCC3)nn2-c2ccccc2Br)cc1,5.5607
COc1ccc(-c2cnc(C(=O)N3CCN(c4cc(C(=O)O)c5ccccc5c4)CC3)nc2-c2ccc(C)cc2F)cc1,7.4202
Cc1ccc(-c2nc(C(=O)N3CCN(c4cc(C(=O)O)c5ccccc5c4)CC3)ncc2-c2ccc3c(c2)OCCO3)c(F)c1,7.2147
O=C(Nc1ccc(Cl)c(Cl)c1)N1CCCN(c2ncc(C(F)(F)F)cc2Cl)CC1,6.8125
CC(C)(C)c1cc(NC(=O)N2CCCN(c3ncc(C(F)(F)F)cc3Cl)CC2)no1,8.3010
Cn1nc(C(C)(C)C)cc1NC(=O)N1CCCN(c2ncc(C(F)(F)F)cc2Cl)CC1,8.0969
CC(C)(C)c1csc(NC(=O)N2CCCN(c3ncc(C(F)(F)F)cc3Cl)CC2)n1,7.5229
FC(F)(F)c1cnc(N2CCCN(c3nc(-c4ccccc4)ns3)CC2)c(Cl)c1,7.5229
FC(F)(F)c1cnc(N2CCCN(c3nc4ccc(Cl)cc4s3)CC2)c(Cl)c1,6.7447
CC(C)(C)c1ccc2oc(N3CCCN(c4ncc(C(F)(F)F)cc4Cl)CC3)nc2c1,9.2924
CC(C)(C)c1cc(NC(=O)N2CCCN(c3ncccc3Cl)CC2)no1,6.5528
CC(C)(C)c1cc(NC(=O)N2CCCN(c3ccc(C(F)(F)F)cn3)CC2)no1,8.3010
CC(C)(C)c1cc(NC(=O)N2CCCN(c3ccc(C#N)cn3)CC2)no1,7.6990
CC(C)(C)c1cc(NC(=O)N2CCCN(c3cc(C#N)ccn3)CC2)no1,6.6990
CC(C)(C)c1ccc2oc(N3CCCN(C(=O)CC4CCCC4)CC3)nc2c1,8.6990
CC(C)(C)c1ccc2oc(N3CCCN(C(=O)C4CCOCC4)CC3)nc2c1,9.0000
CC(C)(C)c1ccc2oc(N3CCCN(C(=O)N4CCOCC4)CC3)nc2c1,8.2218
CC(C)(C)c1ccc2oc(N3CCCN(C(=O)N4CCS(=O)(=O)CC4)CC3)nc2c1,8.2218
O=C(C1CCOCC1)N1CCCN(c2nc3ccc(Cl)cc3s2)CC1,7.2076
O=C(C1CCOCC1)N1CCCN(c2nc3cc(Cl)ccc3s2)CC1,6.8239
O=C(C1CCOCC1)N1CCCN(c2nc(-c3ccccc3)ns2)CC1,7.2218
O=C(C1CCOCC1)N1CCCN(c2nc(C(F)(F)F)c(Cl)s2)CC1,7.2218
CN(C)CCn1c(CC(C)(C)C)nc2cc(S(=O)(=O)CC(C)(C)O)ccc21,7.9208
CC(C)S(=O)(=O)c1ccc2c(c1)nc(CC(C)(C)C)n2CC1CC1,8.4949
CC(C)(C)Cc1nc2cc(S(=O)(=O)C(C)(C)C)ccc2n1CC1CC1,9.3665
CCS(=O)(=O)c1ccc2c(c1)nc(CC(C)(C)C)n2CC1CC1,8.5376
CN(C)CCS(=O)(=O)c1ccc2c(c1)nc(CC(C)(C)C)n2CC1CC1,7.4949
CC(C)(C)Cc1nc2cc(S(=O)(=O)CC(C)(C)O)ccc2n1CC1CC1,8.5086
CC(C)(C)Cc1nc2cc(S(=O)(=O)C(C)(C)CO)ccc2n1CC1CC1,8.9208
CC(C)(C)Cc1nc2cc(S(=O)(=O)Cc3ccccc3)ccc2n1CC1CC1,8.1871
CCS(=O)(=O)c1ccc2c(c1)nc(C(C)(C)C)n2CC1CC1,8.5686
CCS(=O)(=O)c1ccc2c(c1)nc(C(C)C)n2CC1CC1,6.8794
CCCc1nc2cc(S(=O)(=O)CC)ccc2n1CC1CC1,6.7011
CCS(=O)(=O)c1ccc2c(c1)nc(CC1CC1)n2CC1CC1,6.3716
CCS(=O)(=O)c1ccc2c(c1)nc(C1CCC1)n2CC1CC1,7.0862
CCS(=O)(=O)c1ccc2c(c1)nc(C1CCCC1)n2CC1CC1,7.6021
CCS(=O)(=O)c1ccc2c(c1)nc(C1(C)CC1)n2CC1CC1,7.2924
CCS(=O)(=O)c1ccc2c(c1)nc(C1(C)CCCC1)n2CC1CC1,8.0177
CCS(=O)(=O)c1ccc2c(c1)nc(CCC(C)C)n2CC1CC1,7.1739
CCS(=O)(=O)c1ccc2c(c1)nc(C(C)(C)C)n2C[C@@H]1CCCO1,7.9586
CCS(=O)(=O)c1ccc2c(c1)nc(C(C)(C)C)n2C1CC1,6.9747
CCS(=O)(=O)c1ccc2c(c1)nc(C(C)(C)C)n2CCOC(F)(F)F,8.2757
CCS(=O)(=O)c1ccc2c(c1)nc(C(C)(C)C)n2CCN(C)C,7.4089
CCCCC/C=C\C/C=C\C/C=C\C/C=C\CCCC(=O)OC(CO)COC(=O)CCCCCNC(=O)CCCC[C@@H]1SC[C@@H]2NC(=O)N[C@@H]21,6.4214
CCCCC/C=C\C/C=C\C/C=C\C/C=C\CCCCOC(CO)COC(=O)CCCCCNC(=O)CCCC[C@@H]1SC[C@@H]2NC(=O)N[C@@H]21,6.3468
C#CCCCC(=O)OCC(CO)OCCCC/C=C\C/C=C\C/C=C\C/C=C\CCCCC,7.0711
Cc1cc(-c2cc(C(=O)NC3C4(C)CCC(C4)C3(C)C)nn2Cc2ccc(CNCCCCCCN)cc2)ccc1Cl,6.5850
Cc1c(CCN2CCOCC2)c2cc(OCC[18F])ccc2n1C(=O)c1cccc(Cl)c1Cl,7.6579
C/C=C/C=C/C=C/c1c(O)cc(CC=C(C)C)c(O)c1C=O,4.7011
CCCCCn1cc(C(=O)NC23CC4CC(CC(C4)C2)C3)c(=O)c2cccc(OC)c21,8.9957
CCCCCn1cc(C(=O)NC23CC4CC(CC(C4)C2)C3)c(=O)c2cccc([N+](=O)[O-])c21,9.0000
CCCCCn1cc(C(=O)NC23CC4CC(CC(C4)C2)C3)c(=O)c2cc(Br)cc(OC)c21,7.6402
CCCCCn1cc(C(=O)NC23CC4CC(CC(C4)C2)C3)c(=O)c2cc(-c3ccccc3)cc(OC)c21,6.3665
CCCCCn1cc(C(=O)NC23CC4CC(CC(C4)C2)C3)c(=O)c2cc(-c3ccco3)cc(OC)c21,8.0706
CCC1COc2cccc3c(=O)c(C(=O)NC45CC6CC(CC(C6)C4)C5)cn1c23,8.1062
CCCCc1[nH]c2ccc(Br)cc2c(=O)c1C(=O)NC12CC3CC(CC(C3)C1)C2,5.9281
CCCCc1[nH]c2ccc(-c3ccco3)cc2c(=O)c1C(=O)NC12CC3CC(CC(C3)C1)C2,6.8761
CCCCCn1c(=O)c(C(=O)NC23CC4CC(CC(C4)C2)C3)c(O)c2cc(Br)ccc21,7.5317
CCCCCn1c(=O)c(C(=O)NC23CC4CC(CC(C4)C2)C3)c(O)c2cc(-c3ccco3)ccc21,7.8239
CCCCCn1c(=O)c(C(=O)NC23CC4CC(CC(C4)C2)C3)cc2ccccc21,9.6990
COc1cccc2c(=O)c(C(=O)NC34CC5CC(CC(C5)C3)C4)c[nH]c12,5.4631
CCCCCOc1cccc2c(=O)c(C(=O)NC34CC5CC(CC(C5)C3)C4)c[nH]c12,7.2218
O=C(NC12CC3CC(CC(C3)C1)C2)c1c[nH]c2c(-c3ccccc3)cccc2c1=O,6.6576
CCCCOc1c(OC)ccc2cc(C(=O)NCc3ccc(F)cc3)c(=O)[nH]c12,8.5528
COc1ccc2cc(C(=O)NCCc3ccc(F)cc3)c(=O)[nH]c2c1OC,8.3010
CCCCOc1c(OC)ccc2cc(C(=O)NCCc3ccc(F)cc3)c(=O)[nH]c12,8.6198
COc1ccc2cc(C(=O)NCC(F)c3ccccc3)c(=O)[nH]c2c1OC,7.6576
CCCCOc1c(OC)ccc2cc(C(=O)NCC(F)c3ccccc3)c(=O)[nH]c12,9.0969
CCCCOc1c(OC)c([N+](=O)[O-])cc2cc(C(=O)NCCc3ccc(F)cc3)c(=O)[nH]c12,8.8539
CCCCOc1c(OC)ccc2cc(C(=O)NCCF)c(=O)[nH]c12,6.3134
CCCCOc1c(OC)ccc2cc(C(=O)NCCCF)c(=O)[nH]c12,7.2366
CCCCOc1c(OC)ccc2cc(C(=O)NCc3cn(CCF)nn3)c(=O)[nH]c12,6.2076
CCCCOc1c(OC)ccc2cc(C(=O)NCCc3cn(CCF)nn3)c(=O)[nH]c12,5.6198
CCCCCCC(C)(C)c1cc(OC)c(C2CCCC(C)(O)C2)c(OC)c1,7.6383
CCCCOc1c(OC)ccc2cc(C(=O)NCCc3ccc(N)cc3)c(=O)[nH]c12,7.6517
CCCCCc1cc2cc(C(=O)OC)c(=O)[nH]c2c(O)c1OC,10.8539
CCCOc1c(OC)ccc2cc(C(=O)NCCc3ccc(F)cc3)c(=O)[nH]c12,10.6778
CCCCCc1cc2cc(C(=O)NCCc3ccc(F)cc3)c(=O)[nH]c2c(O)c1OC,10.4437
CCCCCc1cc2cc(C(=O)NCCc3ccc(F)cc3)c(=O)n(C)c2c(O)c1OC,10.3665
CCCCCOc1c(OC)ccc2cc(C(=O)NCCN3CCOCC3)c(=O)n(C)c12,10.0706
CCOc1c(OC)ccc2cc(C(=O)NCCc3ccncc3)c(=O)[nH]c12,10.6990
CCCCCOc1c(OC)ccc2cc(C(=O)NCCc3ccncc3)c(=O)[nH]c12,9.8861
CCCCOc1c(OC)ccc2cc(C(=O)O)c(=O)[nH]c12,10.4949
CCCCCc1cc(O)c(C/C=C(\C)CCC=C(C)C)c(O)c1,5.9846
CCCCCc1cc(O)c(C/C=C(\C)CC/C=C(\C)CCC=C(C)C)c(O)c1,6.4467
CCCCCn1cc(C(=O)c2ccc(-c3ccccc3)cc2)c2ccccc21,7.4000
CCCCCn1cc(C(=O)c2cccc(-c3ccccc3)c2)c2ccccc21,7.2000
CCCCCn1cc(C(=O)c2ccccc2-c2ccccc2)c2ccccc21,8.1000
COCCn1cc(C(=O)c2ccccc2-c2ccccc2)c2ccccc21,6.2000
CCCCCn1cc(C(=O)Nc2cccc3ccccc23)c2ccccc21,7.5500
CCCCCn1cc(C(=O)Nc2ccc3ccccc3c2)c2ccccc21,5.7500
COCCn1cc(C(=O)Nc2cccc3ccccc23)c2ccccc21,7.4000
COCCn1cc(C(=O)Nc2ccc3ccccc3c2)c2ccccc21,6.5000
CCCCCn1cc(C(=O)c2cccc3ccccc23)c2cccnc21,7.0500
COCCn1cc(C(=O)c2cccc3ccccc23)c2cccnc21,6.7000
CCCCCn1cc(C(=O)c2cccc3ccccc23)c2ccncc21,6.3000
COCCn1cc(C(=O)c2cccc3ccccc23)c2ccncc21,7.6000
CCCCCn1cc(C(=O)c2cccc3ccccc23)c2cnccc21,7.3000
CC1(C)C(C(=O)c2cn(CC3CCOCC3)c3c(CC4CCOCC4)c4c(cc23)OCO4)C1(C)C,8.9901
Cc1c(C(=O)C2C(C)(C)C2(C)C)c2ccccc2n1CCN1CCOCC1,7.5699
CCOC(=O)/C(=C/c1cn(CCN2CCCCC2)c2ccccc12)C(=O)c1ccccc1,5.8570
N#C/C(=C\c1cn(CCN2CCOCC2)c2ccccc12)S(=O)(=O)c1ccccc1,7.9901
CCOC(=O)/C(=C/c1cn(CCN2CCOCC2)c2ccccc12)C(=O)c1ccccc1,5.8000
N#C/C(=C\c1cn(CCN2CCCCC2)c2ccccc12)S(=O)(=O)c1ccccc1,8.1225
O=C1CN(Cc2ccc(-c3ccc(F)c(CN4CCS(=O)(=O)CC4)n3)cc2)C(=O)N1C1CC1,8.0000
CCN1C(=O)CN(Cc2ccc(-c3cccc(CC4CCCCC4)n3)cc2)C1=O,7.7001
CC(C)CN1C(=O)CN(Cc2ccc(-c3ccc(F)c(CN4CCS(=O)(=O)CC4)n3)cc2)C1=O,8.6000
CC(C)CN1C(=O)CN(Cc2ccc(-c3cccc(CN4CCS(=O)(=O)CC4)n3)cc2)C1=O,7.6000
CC(C)CN1C(=O)CN(Cc2ccc(-c3ccc(F)c(CN4CCCC(F)(F)C4)n3)cc2)C1=O,9.3000
CC(C)CN1C(=O)CN(Cc2ccc(-c3cccc(CN4CCCC(F)(F)C4)n3)cc2)C1=O,8.7001
CC(C)CN1C(=O)CN(Cc2ccc(-c3ccc(F)c(CN4CCOCC4)n3)cc2)C1=O,8.1000
CC(C)CN1C(=O)CN(Cc2ccc(-c3ccc(F)c(CN4CCCC(F)C4)n3)cc2)C1=O,9.4000
CC(C)CN1C(=O)CN(Cc2ccc(-c3cccc(CN4CCCC(F)C4)n3)cc2)C1=O,9.4000
CC(C)CN1C(=O)CN(Cc2ccc(-c3ccc(F)c(CN4CCCC(C)C4)n3)cc2)C1=O,8.6000
CC(C)CN1C(=O)CN(Cc2ccc(-c3cccc(CN4CCCC(C)C4)n3)cc2)C1=O,7.9000
O=C1CN(Cc2ccc(-c3ccc(F)c(CN4CCCCC4)n3)cc2)C(=O)N1CC(F)F,8.6000
O=C1CN(Cc2ccc(-c3ccc(F)c(CN4CCCCC4)n3)cc2)C(=O)N1CC1CCC1,8.6000
O=C1CN(Cc2ccc(-c3ccc(F)c(CN4CCCCC4)n3)cc2)C(=O)N1CC1CC1,8.7001
O=C1CN(Cc2ccc(-c3ccc(F)c(CN4CCCCC4)n3)cc2)C(=O)N1C1CC1,8.0000
CC(C)CN1C(=O)CN(Cc2ccc(-c3ccc(F)c(CN4CCCCC4)n3)cc2)C1=O,8.6000
CCCN1C(=O)CN(Cc2ccc(-c3ccc(F)c(CN4CCCCC4)n3)cc2)C1=O,9.1000
CCN1C(=O)CN(Cc2ccc(-c3ccc(F)c(CN4CCCCC4)n3)cc2)C1=O,8.8000
O=C1CN(Cc2ccc(-c3cccc(CN4CCCCC4)n3)cc2)C(=O)N1CC(F)(F)F,8.5000
O=C1CN(Cc2ccc(-c3cccc(CN4CCCCC4)n3)cc2)C(=O)N1CC(F)F,7.6000
O=C1CN(Cc2ccc(-c3cccc(CN4CCCCC4)n3)cc2)C(=O)N1CC1CC1,8.5000
O=C1CN(Cc2ccc(-c3cccc(CN4CCCCC4)n3)cc2)C(=O)N1C1CCC1,8.4000
O=C1CN(Cc2ccc(-c3cccc(CN4CCCCC4)n3)cc2)C(=O)N1C1CC1,7.5000
CC(C)N1C(=O)CN(Cc2ccc(-c3cccc(CN4CCCCC4)n3)cc2)C1=O,7.9000
CN1C(=O)CN(Cc2ccc(-c3cccc(CN4CCCCC4)n3)cc2)C1=O,7.4000
CCN1C(=O)CN(Cc2ccc(-c3cccc(CN4CCCCC4)n3)cc2)C1=O,8.0000
CCCN1C(=O)CN(Cc2ccc(-c3cccc(CN4CCCCC4)n3)cc2)C1=O,8.9000
CC(C)CN1C(=O)CN(Cc2ccc(-c3cccc(CN4CCCCC4)n3)cc2)C1=O,8.6000
Cc1c(C(=O)Nc2cc[n+]([O-])cc2)nn(-c2ccc(Cl)cc2Cl)c1-c1ccc(Cl)cc1,5.3449
Cc1ccc(NC(=O)c2nn(-c3ccc(Cl)cc3Cl)c(-c3ccc(Cl)cc3)c2C)cn1,5.3969
Cc1c(C(=O)NCC2CCC(CNS(N)(=O)=O)CC2)nn(-c2ccc(Cl)cc2Cl)c1-c1ccc(Cl)cc1,5.6364
Cc1c(C(=O)Nc2ccc(C)[n+](C)c2)nn(-c2ccc(Cl)cc2Cl)c1-c1ccc(Cl)cc1.[I-],5.6440
Cc1c(C(=O)NC[C@H]2CC[C@@H](CNS(N)(=O)=O)CC2)nn(-c2ccc(Cl)cc2Cl)c1-c1ccc(Cl)cc1,5.7471
Cc1c(C(=O)Nc2ccncc2)nn(-c2ccc(Cl)cc2Cl)c1-c1ccc(Cl)cc1,5.7595
Cc1c(C(=O)NCCCCCCCNS(N)(=O)=O)nn(-c2ccc(Cl)cc2Cl)c1-c1ccc(Cl)cc1,5.9957
Cc1c(C(=O)NC[C@H]2CC[C@@H](CNS(C)(=O)=O)CC2)nn(-c2ccc(Cl)cc2Cl)c1-c1ccc(Cl)cc1,6.0177
Cc1c(C(=O)NCC2CCC(CNS(C)(=O)=O)CC2)nn(-c2ccc(Cl)cc2Cl)c1-c1ccc(Cl)cc1,6.0458
Cc1c(C(=O)NCCCCCCCNS(C)(=O)=O)nn(-c2ccc(Cl)cc2Cl)c1-c1ccc(Cl)cc1,6.1079
CCCCCN1C(=O)/C(=N\NC(=O)CN(C)c2ccc([N+](=O)[O-])c3nonc23)c2ccc(OC)cc21,6.4123
N#Cc1c(C(F)(F)F)ccc2c1oc1cccc(OS(=O)(=O)CCCC(F)(F)F)c12,5.7435
N#Cc1c(C(F)(F)F)ccc2c1oc1ccc(OS(=O)(=O)CCCC(F)(F)F)cc12,5.4828
N#Cc1c(C(F)(F)F)ccc2c1oc1cc(OS(=O)(=O)CCCC(F)(F)F)ccc12,6.4989
N#Cc1c(C(F)(F)F)ccc2c1oc1c(OS(=O)(=O)CCCC(F)(F)F)cccc12,6.5969
N#Cc1c(C(F)(F)F)ccc2c1Oc1c(cccc1OS(=O)(=O)CCCC(F)(F)F)C2,5.9355
Cc1ccc([C@H](c2ccc(Cl)cc2Cl)N2CCN(C(=O)NC3CCCCC3)CC2)cc1,6.6155
Cc1ccc([C@@H](c2ccc(Cl)cc2Cl)N2CCN(C(=O)NC3CCCCC3)CC2)cc1,6.6444
Cc1c(C(=O)NCc2ccc(Cl)c(Cl)c2)nn(-c2ccc(Cl)cc2Cl)c1-n1cccc1Cl,7.0066
Cc1c(C(=O)NC2CCCCC2)nn(-c2ccc(Cl)cc2Cl)c1-n1cccc1Cl,7.7375
Cc1c(C(=O)NCc2ccc(Cl)c(Cl)c2)nn(-c2ccc(Cl)cc2Cl)c1-n1c(Cl)ccc1Cl,6.8690
Cc1c(C(=O)NC2CCCCC2)nn(-c2ccc(Cl)cc2Cl)c1-n1c(Cl)ccc1Cl,7.7190
Cc1c(C(=O)NCc2ccc(Cl)c(Cl)c2)nn(-c2ccc(Cl)cc2Cl)c1-n1cc2c(c1)CCCC2,7.1373
Cc1c(C(=O)NC2CCCCC2)nn(-c2ccc(Cl)cc2Cl)c1-n1cc2c(c1)CCCC2,6.4244
CCc1c(C(=O)NCc2ccc(Cl)c(Cl)c2)nn(-c2ccc(Cl)cc2Cl)c1-n1cccc1,6.3424
CCc1c(C(=O)NC2CCCCC2)nn(-c2ccc(Cl)cc2Cl)c1-n1cccc1,7.8013
CCc1c(C(=O)NCc2ccc(Cl)c(Cl)c2)nn(-c2ccc(Cl)cc2Cl)c1-n1c(C)ccc1C,7.2510
CCc1c(C(=O)NC2CCCCC2)nn(-c2ccc(Cl)cc2Cl)c1-n1c(C)ccc1C,6.1227
CCc1ccc(CC)n1-c1c(C)c(C(=O)NC2CCCCC2)nn1-c1ccc(Cl)c(Cl)c1,6.3876
Cc1c(C(=O)NCc2ccc(Cl)c(Cl)c2)nn(-c2ccc(Cl)c(Cl)c2)c1-n1cccc1Cl,7.2684
Cc1c(C(=O)NC2CCCCC2)nn(-c2ccc(Cl)c(Cl)c2)c1-n1cccc1Cl,9.0458
Cc1c(C(=O)NCc2ccc(Cl)c(Cl)c2)nn(-c2ccc(Cl)c(Cl)c2)c1-n1c(Cl)ccc1Cl,6.7913
Cc1c(C(=O)NC2CCCCC2)nn(-c2ccc(Cl)c(Cl)c2)c1-n1c(Cl)ccc1Cl,8.8861
CCc1c(C(=O)NCc2ccc(Cl)c(Cl)c2)nn(-c2ccc(Cl)c(Cl)c2)c1-n1cccc1,7.5287
CCc1c(C(=O)NC2CCCCC2)nn(-c2ccc(Cl)c(Cl)c2)c1-n1cccc1,9.2924
CCc1c(C(=O)NCc2ccc(Cl)c(Cl)c2)nn(-c2ccc(Cl)c(Cl)c2)c1-n1c(C)ccc1C,6.9442
CCc1c(C(=O)NC2CCCCC2)nn(-c2ccc(Cl)c(Cl)c2)c1-n1c(C)ccc1C,8.7696
CCCCCc1cc(O)cc(OCCCCCCCC(=O)OC(CO)CO)c1,5.1040
CCCCCc1cc(O)cc(OCCCCCCCCCCC(=O)OC(CO)CO)c1,6.0605
CCCCCCc1ccc(OCCCCCCCC(=O)OC(CO)CO)cc1O,5.1040
CCCCCCc1ccc(OCCCCCCCCCCC(=O)OC(CO)CO)cc1O,5.1040
CCCCCCc1ccc(O)cc1OCCCCCCCC(=O)OC(CO)CO,5.7447
CCCCCCc1ccc(O)cc1OCCCCCCCCCCC(=O)OC(CO)CO,5.7447
CCCCCCC(C)(C)c1cc(O)cc(OCCCCCCCC(=O)OC(CO)CO)c1,6.1024
CCCCCCC(C)(C)c1cc(O)cc(OCCCCCCCCCCC(=O)OC(CO)CO)c1,6.1024
CCCCCCC(C)(C)c1cc(O)cc(OCCCCCCCCCCCC(=O)OC(CO)CO)c1,6.0969
CCCCCc1cc(O)cc(OCCCCCCOC(CO)CO)c1,6.0410
CCCCCc1cc(O)cc(OCCCCCCCCOC(CO)CO)c1,5.9355
CCCCCCc1ccc(OCCCCCCOC(CO)CO)cc1O,5.9469
CCCCCCc1ccc(OCCCCCCCCCCOC(CO)CO)cc1O,5.6216
CCCCCCC(C)(C)c1cc(O)cc(OCCCCCCOC(CO)CO)c1,6.7212
CCCCCCC(C)(C)c1cc(O)cc(OCCCCCCCCOC(CO)CO)c1,6.9586
CCCCCCC(C)(C)c1cc(O)cc(OCCCCCCCCCCOC(CO)CO)c1,6.4202
CCCCCCC(C)(C)c1cc(O)cc(OCCCCCCCCCCCCOC(CO)CO)c1,5.7773
CCCCCc1cc(O)cc(OCCCCCCCCCCC(=O)OCC(O)CO)c1,5.1018
CCCCCCc1ccc(OCCCCCCCCCCC(=O)OCC(O)CO)cc1O,4.9813
CCCCCCc1ccc(O)cc1OCCCCCCCCCCC(=O)OCC(O)CO,5.3170
CCCCCCC(C)(C)c1cc(O)cc(OCCCCCCCCCCC(=O)OCC(O)CO)c1,6.5086
CCCCC/C=C\C/C=C\C/C=C\C/C=C\CCCC(=O)N(C)c1c(C)n(C)n(-c2ccccc2)c1=O,5.5229
CCCCC/C=C\C/C=C\C/C=C\C/C=C\CCCC(=O)Nc1c(C)n(C)n(-c2ccccc2)c1=O,5.2676
COCCCNc1cc(S(=O)(=O)c2ccc3c(c2)nc(C(C)(C)C)n3CC2CCOCC2)ccn1,9.0969
COCCCOc1cc(S(=O)(=O)c2ccc3c(c2)nc(C(C)(C)C)n3CC2CCOCC2)ccn1,9.3010
COCCOc1cc(S(=O)(=O)c2ccc3c(c2)nc(C(C)(C)C)n3CC2CCOCC2)ccn1,8.8861
CC(C)(C)c1nc2cc(S(=O)(=O)c3ccnc(OCCCO)c3)ccc2n1CC1CCOCC1,8.9208
COCCCc1cc(S(=O)(=O)c2ccc3c(c2)nc(C(C)(C)C)n3CC2CCOCC2)ccn1,8.9586
CC(=O)NCCCCCc1cc(S(=O)(=O)c2ccc3c(c2)nc(C(C)(C)C)n3CC2CCOCC2)ccn1,8.2518
CC(=O)NCCc1cc(S(=O)(=O)c2ccc3c(c2)nc(C(C)(C)C)n3CC2CCOCC2)ccn1,8.8539
CC(C)(C)c1nc2cc(S(=O)(=O)CCCC(F)(F)F)ccc2n1CC1CCNCC1,6.6198
CC(C)(C)c1nc2cc(S(=O)(=O)CCCC(F)(F)F)ccc2n1CC1CCN(C=O)CC1,8.6198
CC(=O)N1CCC(Cn2c(C(C)(C)C)nc3cc(S(=O)(=O)CCCC(F)(F)F)ccc32)CC1,7.8861
CCC(=O)N1CCC(Cn2c(C(C)(C)C)nc3cc(S(=O)(=O)CCCC(F)(F)F)ccc32)CC1,7.7212
CC(C)(C)c1nc2cc(S(=O)(=O)CCCC(F)(F)F)ccc2n1CC1CCN(C(=O)C(F)(F)F)CC1,7.6383
COC(=O)N1CCC(Cn2c(C(C)(C)C)nc3cc(S(=O)(=O)CCCC(F)(F)F)ccc32)CC1,7.7696
COCC(=O)N1CCC(Cn2c(C(C)(C)C)nc3cc(S(=O)(=O)CCCC(F)(F)F)ccc32)CC1,5.8000
CCS(=O)(=O)c1ccc2c(c1)nc(C(C)(C)C)n2CC1CCN(C=O)CC1,7.6383
CCS(=O)(=O)c1ccc2c(c1)nc(C(C)(C)C)n2CC1CCN(C(C)=O)CC1,8.0757
CCS(=O)(=O)c1ccc2c(c1)nc(C(C)(C)C)n2CC1CCS(=O)(=O)CC1,7.5528
CC(C)(C)c1nc2cc(S(=O)(=O)CC3CC3)ccc2n1CC1CCN(C=O)CC1,8.6576
CC(=O)N1CCC(Cn2c(C(C)(C)C)nc3cc(S(=O)(=O)CC4CC4)ccc32)CC1,8.0862
CC(C)(C)c1nc2cc(S(=O)(=O)CC3CC3)ccc2n1CC1CCS(=O)(=O)CC1,8.0757
CC(=O)N1CCC(Cn2c(C(C)(C)C)nc3cc(S(=O)(=O)C4CCCC4)ccc32)CC1,8.5089
COCCS(=O)(=O)c1ccc2c(c1)nc(C(C)(C)C)n2CC1CCN(C(C)=O)CC1,7.5850
CC(=O)N1CCC(Cn2c(C(C)(C)C)nc3cc(S(=O)(=O)CCCO)ccc32)CC1,6.8386
CC(=O)N1CCC(Cn2c(C(C)(C)C)nc3cc(S(=O)(=O)c4ccc(F)cc4)ccc32)CC1,8.5376
CC(=O)N1CCC(Cn2c(C(C)(C)C)nc3cc(S(=O)(=O)c4ccncc4)ccc32)CC1,8.3372
CC(C)(C)c1nc2cc(S(=O)(=O)c3nccs3)ccc2n1CC1CCN(C=O)CC1,8.0757
CC(=O)N1CCC(Cn2c(C(C)(C)C)nc3cc(S(=O)(=O)c4nccs4)ccc32)CC1,8.1135
CN(Cc1ccccc1)C(=O)N1CC(O[C@H](c2ccc(Cl)cc2)c2cccnc2Cl)C1,6.3098
CN(Cc1ccccc1)C(=O)N1CC(O[C@@H](c2ccc(Cl)cc2)c2cccnc2Cl)C1,5.3957
CCOc1ccc(Cc2nc3cc(N(C)S(=O)(=O)c4cccs4)ccc3n2CC2CCCCC2)nc1,9.1259
C=CCn1c2c(c3cc(C(=O)N4CCC(C)CC4)ccc31)CN(CC1CC1)CC2,7.8539
CCS(=O)(=O)n1c2c(c3cc(C(=O)N4CCC(C)CC4)ccc31)CN(C1CCOCC1)CC2,8.0458
CCCNC(=O)c1c(NC(=O)C23CC4CC(CC(C4)C2)C3)sc2c1CCOC2,7.4701
CCCNC(=O)c1c(NC(=O)C2C(C)(C)C2(C)C)sc2c1CCOC2,7.2800
CCCNC(=O)c1c(NC(=O)C23CC4CC(CC2C4)C3)sc2c1CCCC2,8.0100
O=C(c1c(NC(=O)C23CC4CC(CC2C4)C3)sc2c1CCOC2)N1CC(F)(F)C1,8.2500
CCCNC(=O)c1c(NC(=O)C23CC4CC(CC2C4)C3)sc2c1CCOC2,7.6801
CCCNC(=O)c1c(NC(=O)c2c(F)cccc2C(F)(F)F)sc2c1CCOC2,6.9800
CCCNC(=O)c1c(NC(=O)C23CC4CC(CC(C4)O2)C3)sc2c1CCOC2,6.5900
CCCNC(=O)c1c(NC(=O)C2CC3CCC2C3)sc2c1CCOC2,6.9800
CCCNC(=O)c1c(NC(=O)C23CC4CC(CC2C4)C3)sc2c1CCN(C)C2,7.0400
O=C(c1c(NC(=O)C23CC4CC(CC2C4)C3)sc2c1CCOC2)N1CCOCC1,7.0400
COCCNC(=O)c1c(NC(=O)C23CC4CC(CC2C4)C3)sc2c1CCOC2,6.9200
CCNC(=O)c1c(NC(=O)C23CC4CC(CC2C4)C3)sc2c1CCOC2,6.6700
COc1cccc2c(-c3nsc(CN4CCN(CC(N)=O)CC4)n3)cn(CC3CCOCC3)c12,7.8000
O=C(NCCO)[C@H]1CCCN(Cc2nc(-c3cn(CC4CCS(=O)(=O)CC4)c4c(Cl)cccc34)ns2)C1,7.7001
NC(=O)CN1CCN(Cc2nc(-c3cn(CC4CCOCC4)c4c(Cl)cccc34)no2)CC1,7.3000
O=C(NCCO)C1CCN(Cc2nc(-c3cn(CC4CCOCC4)c4c(Cl)cccc34)no2)CC1,7.7001
COC(=O)C(C)(C)NC(=O)c1cc2c(n(CC3CCCCC3)c1=O)CCCCCC2,9.5229
CC(C)(NC(=O)c1cc2c(n(CC3CCCCC3)c1=O)CCCCCC2)C(=O)O,6.4572
CN(CCO)C(=O)C(C)(C)NC(=O)c1cc2c(n(CC3CCCCC3)c1=O)CCCCCC2,9.2218
CC(C)(NC(=O)c1cc2c(n(CC3CCCCC3)c1=O)CCCCCC2)C(=O)NCCCO,9.0000
CC(C)(NC(=O)c1cc2c(n(CC3CCCCC3)c1=O)CCCCCC2)C(=O)NCCCCCO,8.9208
CC(C)(NC(=O)c1cc2c(n(CC3CCCCC3)c1=O)CCCCCC2)C(=O)NCCOCCO,9.2218
CN(C)CCNC(=O)C(C)(C)NC(=O)c1cc2c(n(CC3CCCCC3)c1=O)CCCCCC2,7.0915
CC(=O)NCCNC(=O)C(C)(C)NC(=O)c1cc2c(n(CC3CCCCC3)c1=O)CCCCCC2,8.6021
CC(C)(NC(=O)c1cc2c(n(CC3CCCCC3)c1=O)CCCCCC2)C(=O)NCC(=O)O,5.5493
CC(C)(NC(=O)c1cc2c(n(CC3CCCCC3)c1=O)CCCCCC2)C(=O)NCC(N)=O,8.2218
CC(C)(NC(=O)c1cc2c(n(CC3CCCCC3)c1=O)CCCCCC2)C(=O)N1CCC(O)CC1,8.9586
CC(C)(NC(=O)c1cc2c(n(CC3CCCCC3)c1=O)CCCCCC2)C(=O)N1CCC(C(=O)O)CC1,6.4237
CC(C)(NC(=O)c1cc2c(n(CC3CCCCC3)c1=O)CCCCCC2)C(=O)N1CCC(C(N)=O)CC1,8.5229
CC(C)(NC(=O)c1cc2c(n(CC3CCCCC3)c1=O)CCCCCC2)C(=O)N1CCC(NS(C)(=O)=O)CC1,8.3565
CC(C)(NC(=O)c1cc2c(n(CC3CCCCC3)c1=O)CCCCCC2)C(=O)N1CCC(C(=O)NS(C)(=O)=O)CC1,6.8928
CC(C)(NC(=O)c1cc2c(n(CC3CCCCC3)c1=O)CCCCCC2)C(=O)NN,8.5528
CC(C)(NC(=O)c1cc2c(n(CC3CCCCC3)c1=O)CCCCCC2)C(=O)NNS(C)(=O)=O,8.1367
O=C(NC1(C(=O)O)CCCCCCC1)c1cc2c(n(CC3CCCCC3)c1=O)CCCCCC2,8.2078
O=C(O)CNC(=O)c1cc2c(n(CC3CCCCC3)c1=O)CCCCCC2,6.7520
O=C(NC1(C(=O)O)CCCC1)c1cc2c(n(CC3CCCCC3)c1=O)CCCCCC2,7.2519
O=C(NC1(C(=O)O)CCCCC1)c1cc2c(n(CC3CCCCC3)c1=O)CCCCCC2,8.1739
O=C(N[C@H](C(=O)O)C1CCCCC1)c1cc2c(n(CC3CCCCC3)c1=O)CCCCCC2,7.1236
CCCCn1c2c(cc(C(=O)NC3(C(=O)O)CCCCC3)c1=O)CCCCCC2,7.7034
COCCn1c2c(cc(C(=O)NC3(C(=O)O)CCCCC3)c1=O)CCCCCC2,6.5317
O=C(NC1(C(=O)O)CCCCC1)c1cc2c(n(CC3CCCO3)c1=O)CCCCCC2,6.6073
CCN1CCCC1Cn1c2c(cc(C(=O)NC3(C(=O)O)CCCCC3)c1=O)CCCCCC2,5.6749
O=C(NC1(C(=O)O)CCCCC1)c1cc2c(n(Cc3ccc(F)cc3)c1=O)CCCCCC2,7.7959
N#Cc1ccc(Cn2c3c(cc(C(=O)NC4(C(=O)O)CCCCC4)c2=O)CCCCCC3)cc1,6.8416
CCCCn1c(CC)c(C)cc(C(=O)NC2(C(=O)O)CCCCC2)c1=O,6.4584
CCCCn1c(CCC)c(Br)cc(C(=O)NC2(C(=O)O)CCCCC2)c1=O,6.4179
CCc1c(C)cc(C(=O)NC2(C(=O)O)CCCCC2)c(=O)n1Cc1ccc(F)cc1,7.4437
CCCc1c(CC)cc(C(=O)NC2(C(=O)O)CCCCC2)c(=O)n1Cc1ccc(F)cc1,6.5800
Cc1ccc(Cn2nc(C(=O)N[C@@H]3C(C)(C)[C@@H]4CC[C@@]3(C)C4)cc2-c2ccc(Cl)c(C)c2)cc1,7.7055
O=C(NC1CCCCCC1)c1cccnc1OCc1ccc(F)cc1,7.6021
O=C(NC1CCCCC1)c1cccnc1OCc1ccc(F)cc1,6.6021
O=C(NC1CCCCC1)c1cccnc1OCc1ccccc1,6.0381
O=C(NC1CCCCC1)c1cc2ccccc2nc1OCc1ccc(F)cc1,6.8861
O=C(NC1CCCCCC1)c1cccn(CCN2CCOCC2)c1=O,6.1024
O=C(NC1CCCCCC1)c1cccn(Cc2ccc(F)cc2)c1=O,8.1079
O=C(NC1CCCCC1)c1cccn(CCN2CCOCC2)c1=O,5.1024
O=C(NC1CCCCC1)c1cccn(Cc2ccc(F)cc2)c1=O,7.6990
O=C(NC1CCCCC1)c1cccn(Cc2ccccc2)c1=O,6.6990
O=C(NC1CCCCCC1)c1c(O)c2cccnc2n(CCN2CCOCC2)c1=O,8.7447
O=C(NC1CCCCC1)c1c(O)c2cccnc2n(CCN2CCOCC2)c1=O,8.6198
O=C(NC1CCCCC1)c1c(O)c2cccnc2n(Cc2ccccc2)c1=O,7.1024
O=C(NC1CCCCCC1)c1cc2ccccc2n(CCN2CCOCC2)c1=O,8.6990
O=C(NC1CCCCCC1)c1cc2ccccc2n(Cc2ccc(F)cc2)c1=O,9.6021
O=C(NC1CCCCC1)c1cc2ccccc2n(CCN2CCOCC2)c1=O,8.0458
O=C(NC1CCCCC1)c1cc2ccccc2n(Cc2ccc(F)cc2)c1=O,8.5376
O=C(NC1CCCCC1)c1cc2ccccc2n(Cc2ccccc2)c1=O,7.7959
CC(C)[C@H](NC(=O)c1cc2c(n(CC3CCCCC3)c1=O)CCCCCC2)C(=O)O,6.9355
O=C(N[C@H](C(=O)O)c1ccccc1)c1cc2c(n(CC3CCCCC3)c1=O)CCCCCC2,8.5825
O=C(N[C@@H](C(=O)O)c1ccccc1)c1cc2c(n(CC3CCCCC3)c1=O)CCCCCC2,8.4397
O=C(N[C@@H](Cc1ccccc1)C(=O)O)c1cc2c(n(CC3CCCCC3)c1=O)CCCCCC2,7.1906
O=C(O)c1ccccc1NC(=O)c1cc2c(n(CC3CCCCC3)c1=O)CCCCCC2,6.7423
O=C(O)c1cccc(NC(=O)c2cc3c(n(CC4CCCCC4)c2=O)CCCCCC3)c1,6.2119
O=C(O)c1ccc(NC(=O)c2cc3c(n(CC4CCCCC4)c2=O)CCCCCC3)cc1,6.9708
O=C(O)Cc1ccccc1NC(=O)c1cc2c(n(CC3CCCCC3)c1=O)CCCCCC2,7.3372
O=C(O)Cc1cccc(NC(=O)c2cc3c(n(CC4CCCCC4)c2=O)CCCCCC3)c1,6.9208
O=C(O)Cc1ccc(NC(=O)c2cc3c(n(CC4CCCCC4)c2=O)CCCCCC3)cc1,7.1308
O=C(O)c1ccc(CNC(=O)c2cc3c(n(CC4CCCCC4)c2=O)CCCCCC3)cc1,6.0348
O=C(O)c1cnc(NC(=O)c2cc3c(n(CC4CCCCC4)c2=O)CCCCCC3)s1,6.0531
O=C(O)Cc1csc(NC(=O)c2cc3c(n(CC4CCCCC4)c2=O)CCCCCC3)n1,7.6578
O=C(O)Cc1cnc(NC(=O)c2cc3c(n(CC4CCCCC4)c2=O)CCCCCC3)s1,8.3372
O=C(O)CCc1csc(NC(=O)c2cc3c(n(CC4CCCCC4)c2=O)CCCCCC3)n1,7.7843
Cc1c(C(=O)N2CCC(C(N)=O)(c3ccccc3)CC2)nn(-c2ccc(Cl)cc2Cl)c1-c1ccc(Cl)cc1,5.2593
CCNC1(C(N)=O)CCN(C(=O)c2nn(-c3ccc(Cl)cc3Cl)c(-c3ccc(Cl)cc3)c2C)CC1,5.6542
Cc1c(C(=O)N2CCC(NC(=O)OC(C)(C)C)(c3ccccc3)CC2)nn(-c2ccc(Cl)cc2Cl)c1-c1ccc(Cl)cc1,5.6757
Cc1c(C(=O)N2CCC(N)(c3ccccc3)CC2)nn(-c2ccc(Cl)cc2Cl)c1-c1ccc(Cl)cc1,5.9481
CC(=O)NC1(c2ccccc2)CCN(C(=O)c2nn(-c3ccc(Cl)cc3Cl)c(-c3ccc(Cl)cc3)c2C)CC1,6.6696
Cc1c(C(=O)N2CCC(NS(C)(=O)=O)(c3ccccc3)CC2)nn(-c2ccc(Cl)cc2Cl)c1-c1ccc(Cl)cc1,7.3872
Cc1c(C(=O)N2CCC(NC(=O)NC(C)(C)C)(c3ccccc3)CC2)nn(-c2ccc(Cl)cc2Cl)c1-c1ccc(Cl)cc1,4.6990
Cc1c(C(=O)N2CCC(NC(=O)NCc3ccccc3)(c3ccccc3)CC2)nn(-c2ccc(Cl)cc2Cl)c1-c1ccc(Cl)cc1,4.7663
Cc1c(C(=O)N2CCC(NC(=O)Nc3ccc(F)cc3)(c3ccccc3)CC2)nn(-c2ccc(Cl)cc2Cl)c1-c1ccc(Cl)cc1,4.6990
Cc1c(C(=O)N2CCC(NC(=O)Nc3ccc(N(C)C)cc3)(c3ccccc3)CC2)nn(-c2ccc(Cl)cc2Cl)c1-c1ccc(Cl)cc1,4.7881
CCCCCCNC(=O)NC1(c2ccccc2)CCN(C(=O)c2nn(-c3ccc(Cl)cc3Cl)c(-c3ccc(Cl)cc3)c2C)CC1,5.6173
Cc1c(C(=O)N2CCC(NC(=O)NC(C)C)(c3ccccc3)CC2)nn(-c2ccc(Cl)cc2Cl)c1-c1ccc(Cl)cc1,5.3086
CCNC(=O)NC1(c2ccccc2)CCN(C(=O)c2nn(-c3ccc(Cl)cc3Cl)c(-c3ccc(Cl)cc3)c2C)CC1,6.7399
CCCNC(=O)NC1(c2ccccc2)CCN(C(=O)c2nn(-c3ccc(Cl)cc3Cl)c(-c3ccc(Cl)cc3)c2C)CC1,6.5331
Cc1c(C(=O)N2CCC(NC(=O)NC3CCCCC3)(c3ccccc3)CC2)nn(-c2ccc(Cl)cc2Cl)c1-c1ccc(Cl)cc1,4.6990
CCCCNC(=O)NC1(c2ccccc2)CCN(C(=O)c2nn(-c3ccc(Cl)cc3Cl)c(-c3ccc(Cl)cc3)c2C)CC1,5.5591
Cc1c(C(=O)NC2CCN(C(=O)OC(C)(C)C)CC2)nn(-c2ccc(Cl)cc2Cl)c1-c1ccc(Cl)cc1,5.6003
CC(=O)N1CCC(NC(=O)c2nn(-c3ccc(Cl)cc3Cl)c(-c3ccc(Cl)cc3)c2C)CC1,5.6505
Cc1c(C(=O)NC2CCN(C(=O)NC(C)(C)C)CC2)nn(-c2ccc(Cl)cc2Cl)c1-c1ccc(Cl)cc1,5.4751
CCNC(=O)N1CCC(NC(=O)c2nn(-c3ccc(Cl)cc3Cl)c(-c3ccc(Cl)cc3)c2C)CC1,5.2447
Cc1c(C(=O)NC2CCN(C(=O)NC(C)C)CC2)nn(-c2ccc(Cl)cc2Cl)c1-c1ccc(Cl)cc1,5.0092
CCCNC(=O)N1CCC(NC(=O)c2nn(-c3ccc(Cl)cc3Cl)c(-c3ccc(Cl)cc3)c2C)CC1,5.0727
CCCCNC(=O)N1CCC(NC(=O)c2nn(-c3ccc(Cl)cc3Cl)c(-c3ccc(Cl)cc3)c2C)CC1,5.0594
CCOC(=O)N1CCC(NC(=O)c2nn(-c3ccc(Cl)cc3Cl)c(-c3ccc(Cl)cc3)c2C)CC1,5.5233
CC(=O)N1CCC[C@H](NC(=O)c2nn(-c3ccc(Cl)cc3Cl)c(-c3ccc(Cl)cc3)c2C)C1,5.3615
Cc1c(C(=O)N[C@H]2CCCN(S(C)(=O)=O)C2)nn(-c2ccc(Cl)cc2Cl)c1-c1ccc(Cl)cc1,4.9629
CCCNC(=O)N1CCC[C@H](NC(=O)c2nn(-c3ccc(Cl)cc3Cl)c(-c3ccc(Cl)cc3)c2C)C1,5.1082
CCOC(=O)N1CCC[C@H](NC(=O)c2nn(-c3ccc(Cl)cc3Cl)c(-c3ccc(Cl)cc3)c2C)C1,5.2660
Cc1c(C(=O)N[C@@H]2CCCN(C(=O)OC(C)(C)C)C2)nn(-c2ccc(Cl)cc2Cl)c1-c1ccc(Cl)cc1,5.1726
Cc1c(C(=O)N[C@@H]2CCCN(S(C)(=O)=O)C2)nn(-c2ccc(Cl)cc2Cl)c1-c1ccc(Cl)cc1,5.9038
Cc1c(C(=O)N[C@@H]2CCCN(C(=O)NC(C)C)C2)nn(-c2ccc(Cl)cc2Cl)c1-c1ccc(Cl)cc1,5.3835
CCCNC(=O)N1CCC[C@@H](NC(=O)c2nn(-c3ccc(Cl)cc3Cl)c(-c3ccc(Cl)cc3)c2C)C1,5.5100
CCCCNC(=O)N1CCC[C@@H](NC(=O)c2nn(-c3ccc(Cl)cc3Cl)c(-c3ccc(Cl)cc3)c2C)C1,5.5184
CCOC(=O)N1CCC[C@@H](NC(=O)c2nn(-c3ccc(Cl)cc3Cl)c(-c3ccc(Cl)cc3)c2C)C1,5.6008
CNC(=O)CCCN(C)C(=O)c1ccc2c(c1)c1c(n2C)CC[C@@H](C2CCOCC2)C1,7.8097
CN(CC(=O)NC1CC1)C(=O)c1ccc2c(c1)c1c(n2C)CC[C@H](C2CCOCC2)C1,7.3089
CN(CC(=O)NC1CC1)C(=O)c1ccc2c(c1)c1c(n2C)CC[C@@H](C2CCOCC2)C1,7.6676
CN(CC(=O)NC1CC1)C(=O)c1ccc2c(c1)c1c(n2C)CCC(C2CCOCC2)C1,7.5800
CCN1CCN(c2nc(C)nc3sc(-c4ccccc4)cc23)CC1,7.3459
Cc1nc(N2CCN(C)CC2)c2cc(-c3ccccc3)sc2n1,7.3526
Cc1nc(N2CCC(C)CC2)c2cc(-c3ccccc3)sc2n1,6.7011
CC(=O)N1CCN(c2nc(C)nc3sc(-c4ccccc4)cc23)CC1,6.7352
CCN1CCN(c2nc(C)nc3c2nc(-c2ccccc2Cl)n3C)CC1,8.3372
CCN1CCN(c2nc(C)nc3[nH]c(-c4ccccc4Cl)nc23)CC1,7.8102
Cc1nc(N2CCN(C)CC2)c2nc(-c3ccccc3Cl)n(C3CC3)c2n1,8.3872
Cc1nc(N2CCN(C)CC2)c2nc(-c3ccccc3Cl)n(CCO)c2n1,8.0915
COC(=O)NCCn1c(-c2ccccc2Cl)nc2c(N3CCN(C)CC3)nc(C)nc21,7.3233
Cc1nc(N2CCN(C)CC2)c2nc(-c3ccccc3Cl)n([C@@H]3CCOC3)c2n1,7.8772
Cc1nc(N2CCN(C)CC2)c2nc(-c3ccccc3Cl)n([C@H]3CCOC3)c2n1,7.4804
Cc1nc(N2CCN(C)CC2)c2nc(-c3ccccc3Cl)n(CCN3CCCC3=O)c2n1,7.2076
CC(=O)NC1CCCOc2c1nn(-c1ccccc1Cl)c2-c1ccc(Cl)cc1,4.6861
CCC(=O)NC1CCCOc2c1nn(-c1ccccc1Cl)c2-c1ccc(Cl)cc1,4.7799
CC(C)C(=O)NC1CCCOc2c1nn(-c1ccccc1Cl)c2-c1ccc(Cl)cc1,5.2676
CC(C)C(=O)N[C@@H]1CCCOc2c1nn(-c1ccccc1Cl)c2-c1ccc(Cl)cc1,5.4828
CC(C)C(=O)N[C@H]1CCCOc2c1nn(-c1ccccc1Cl)c2-c1ccc(Cl)cc1,4.9586
O=C(NC1CCCOc2c1nn(-c1ccccc1Cl)c2-c1ccc(Cl)cc1)C1CCCCC1,6.0209
O=C(NC1CCCOc2c1nn(-c1ccccc1Cl)c2-c1ccc(Cl)cc1)C1CCOCC1,4.8182
COCC(=O)NC1CCCOc2c1nn(-c1ccccc1Cl)c2-c1ccc(Cl)cc1,4.8125
CCOCC(=O)NC1CCCOc2c1nn(-c1ccccc1Cl)c2-c1ccc(Cl)cc1,5.1844
CCNC(=O)NC1CCCOc2c1nn(-c1ccccc1Cl)c2-c1ccc(Cl)cc1,4.8327
N#CC1(C(=O)NC2CCCOc3c2nn(-c2ccccc2Cl)c3-c2ccc(Cl)cc2)CC1,4.6737
O=C(NC1CCCOc2c1nn(-c1ccccc1Cl)c2-c1ccc(Cl)cc1)c1ccon1,4.7721
O=C(NC1CCCOc2c1nn(-c1ccccc1Cl)c2-c1ccc(Cl)cc1)c1ccno1,4.9172
CS(=O)(=O)CC(=O)NC1CCCOc2c1nn(-c1ccccc1Cl)c2-c1ccc(Cl)cc1,4.2291
CC(C)C(=O)N(C)C1CCCOc2c1nn(-c1ccccc1Cl)c2-c1ccc(Cl)cc1,5.0605
O=C1CCCN1C1CCCOc2c1nn(-c1ccccc1Cl)c2-c1ccc(Cl)cc1,4.1215
CC1(C)Oc2cc(C(=O)c3ccccc3)cc(O)c2[C@@H]2C[C@H](O)CC[C@H]21,6.2314
CC1(C)Oc2cc(C(=O)c3cc4ccccc4o3)cc(O)c2[C@@H]2C[C@H](O)CC[C@H]21,6.6790
CC1(C)Oc2cc(C(=O)c3coc4ccccc34)cc(O)c2[C@@H]2C[C@H](O)CC[C@H]21,6.9274
CC1(C)Oc2cc(C(=O)c3ccsc3)cc(O)c2[C@@H]2C[C@H](O)CC[C@H]21,5.8094
CC1(C)Oc2cc(C(=O)c3cc4ccccc4s3)cc(O)c2[C@@H]2C[C@H](O)CC[C@H]21,6.9465
CC1(C)Oc2cc(C(=O)c3csc4ccccc34)cc(O)c2[C@@H]2C[C@H](O)CC[C@H]21,6.9038
CC1(C)Oc2cc(C(=O)c3cccc(C(F)(F)F)c3)cc(O)c2[C@@H]2C[C@H](O)CC[C@H]21,7.4283
CC1(C)Oc2cc(C(=O)c3c[nH]c4ccccc34)cc(O)c2[C@@H]2C[C@H](O)CC[C@H]21,6.7997
Cn1cc(C(=O)c2cc(O)c3c(c2)OC(C)(C)[C@@H]2CC[C@@H](O)C[C@@H]32)c2ccccc21,5.5220
CCc1c(C(=O)OCCc2ccc(N3CCCCC3)cc2)[nH]c2ccc(Cl)cc12,5.9845
CCc1c(C(=O)OCCc2ccc(N(C)C)cc2)[nH]c2ccc(Cl)cc12,5.2541
CCc1c(C(=O)NCCc2ccc(N3CCN(C)CC3)cc2)[nH]c2ccc(Cl)cc12,5.1568
CCc1c(C(=O)NCCc2ccc(NC)cc2)[nH]c2ccc(Cl)cc12,5.0395
CCc1c(C(=O)NCCc2ccc(N3CCCCC3)cc2)[nH]c2ccccc12,5.0472
C=CCn1cc(CC(=O)NC2CCCCC2)c2cc(OCc3cccc(OC)c3)ccc21,6.3979
C=CCn1cc(CC(=O)NC2CCCCCC2)c2cc(-c3ccco3)ccc21,6.4237
C=CCn1cc(CC(=O)NC23CC4CC(CC(C4)C2)C3)c2cc(-c3ccco3)ccc21,7.3010
CCCCCn1cc(CC(=O)NC23CC4CC(CC(C4)C2)C3)c2cc(-c3ccco3)ccc21,6.9586
Cn1cc(CC(=O)NC23CC4CC(CC(C4)C2)C3)c2cc(-c3ccccc3)ccc21,7.0088
CCn1cc(CC(=O)NC23CC4CC(CC(C4)C2)C3)c2cc(-c3ccccc3)ccc21,7.1739
CCCn1cc(CC(=O)NC23CC4CC(CC(C4)C2)C3)c2cc(-c3ccccc3)ccc21,7.9281
C=CCn1cc(CC(=O)NC23CC4CC(CC(C4)C2)C3)c2cc(-c3ccccc3)ccc21,7.3010
CCCCn1cc(CC(=O)NC23CC4CC(CC(C4)C2)C3)c2cc(-c3ccccc3)ccc21,7.6882
C=CCCn1cc(CC(=O)NC23CC4CC(CC(C4)C2)C3)c2cc(-c3ccccc3)ccc21,7.7496
CCCCCn1cc(CC(=O)NC23CC4CC(CC(C4)C2)C3)c2cc(-c3ccccc3)ccc21,7.1549
O=C(Cc1cn(Cc2ccccc2)c2ccc(-c3ccccc3)cc12)NC12CC3CC(CC(C3)C1)C2,6.7235
CCCCCn1cc(C(=O)C(=O)NC23CC4CC(CC(C4)C2)C3)c2cc(-c3ccco3)ccc21,9.4318
CCCCCn1cc(C(=O)C(=O)NC23CC4CC(CC(C4)C2)C3)c2cc(-c3ccccc3)ccc21,7.8962
C=CCn1cc(C(=O)C(=O)NC23CC4CC(CC(C4)C2)C3)c2cc(-c3ccco3)ccc21,7.9872
C=CCn1cc(C(=O)C(=O)NC23CC4CC(CC(C4)C2)C3)c2cc(-c3ccccc3)ccc21,7.5952
CCCCCn1cc(C(=O)C(=O)NC2CCCCC2)c2cc(-c3ccccc3)ccc21,7.9508
C=CCn1cc(C(=O)NC23CC4CC(CC(C4)C2)C3)c2cc(-c3ccccc3)ccc21,8.7399
C=CCn1cc(C(=O)NC23CC4CC(CC(C4)C2)C3)c2cc(-c3ccc(O)cc3)ccc21,7.6536
C=CCn1cc(C(=O)NC23CC4CC(CC(C4)C2)C3)c2cc(-c3ccco3)ccc21,8.2418
CCCCCn1cc(C(=O)NC23CC4CC(CC(C4)C2)C3)c2cc(-c3ccccc3)ccc21,7.9355
CCCCCn1cc(C(=O)NC23CC4CC(CC(C4)C2)C3)c2cc(-c3ccco3)ccc21,8.6055
CCCCCn1cc(C(=O)NC23CC4CC(CC(C4)C2)C3)c2cc(-c3cccs3)ccc21,8.1959
CCCCCn1cc(C(=O)NC23CC4CC(CC(C4)C2)C3)c2ccc(-c3ccccc3)cc21,8.4535
C=CCn1cc(CC(=O)NC23CC4CC(CC(C4)C2)C3)c2cc(Br)ccc21,5.9626
CCCCCn1cc(CC(=O)NC23CC4CC(CC(C4)C2)C3)c2cc(Br)ccc21,6.7696
O=C(Cc1c[nH]c2ccc(-c3ccccc3)cc12)NC12CC3CC(CC(C3)C1)C2,7.1500
Cn1cc(C(=O)N[C@@H]2C(C)(C)C3CC[C@]2(C)C3)c(=O)c2ccc(F)cc21,7.0273
CCn1cc(C(=O)N[C@@H]2C(C)(C)C3CC[C@]2(C)C3)c(=O)c2ccc(F)cc21,7.9506
CCCn1cc(C(=O)N[C@@H]2C(C)(C)C3CC[C@]2(C)C3)c(=O)c2ccc(F)cc21,8.5376
CCCCn1cc(C(=O)N[C@@H]2C(C)(C)C3CC[C@]2(C)C3)c(=O)c2ccc(F)cc21,9.0969
CCCCCn1cc(C(=O)N[C@@H]2C(C)(C)C3CC[C@]2(C)C3)c(=O)c2ccc(F)cc21,9.5229
Cc1cccc(Cn2cc(C(=O)N[C@@H]3C(C)(C)C4CC[C@]3(C)C4)c(=O)c3ccc(F)cc32)c1,7.5017
CN(C)CCn1cc(C(=O)N[C@@H]2C(C)(C)C3CC[C@]2(C)C3)c(=O)c2ccc(F)cc21,8.1024
COCCn1cc(C(=O)N[C@@H]2C(C)(C)C3CC[C@]2(C)C3)c(=O)c2ccc(F)cc21,8.2596
C=Cn1cc(C(=O)N[C@@H]2C(C)(C)C3CC[C@]2(C)C3)c(=O)c2ccc(F)cc21,7.8182
CC1(C)C2CC[C@](C)(C2)[C@@H]1NC(=O)c1cn(CCCCO)c2cc(F)ccc2c1=O,7.8182
Cn1cc(C(=O)N[C@@H]2C(C)(C)C3CC[C@]2(C)C3)c(=O)c2ccc(Sc3ccccc3)cc21,7.7959
CCn1cc(C(=O)N[C@@H]2C(C)(C)C3CC[C@]2(C)C3)c(=O)c2ccc(Sc3ccccc3)cc21,8.3565
CCCn1cc(C(=O)N[C@@H]2C(C)(C)C3CC[C@]2(C)C3)c(=O)c2ccc(Sc3ccccc3)cc21,9.3979
CCCCn1cc(C(=O)N[C@@H]2C(C)(C)C3CC[C@]2(C)C3)c(=O)c2ccc(Sc3ccccc3)cc21,10.0000
CCCCCn1cc(C(=O)N[C@@H]2C(C)(C)C3CC[C@]2(C)C3)c(=O)c2ccc(Sc3ccccc3)cc21,10.0458
Cc1cccc(Cn2cc(C(=O)N[C@@H]3C(C)(C)C4CC[C@]3(C)C4)c(=O)c3ccc(Sc4ccccc4)cc32)c1,6.8567
CN(C)CCn1cc(C(=O)N[C@@H]2C(C)(C)C3CC[C@]2(C)C3)c(=O)c2ccc(Sc3ccccc3)cc21,8.8861
COCCn1cc(C(=O)N[C@@H]2C(C)(C)C3CC[C@]2(C)C3)c(=O)c2ccc(Sc3ccccc3)cc21,8.9586
CC1(C)C2CC[C@](C)(C2)[C@@H]1NC(=O)c1cn(CCCCSc2ccccc2)c2cc(Sc3ccccc3)ccc2c1=O,8.1871
CC1(C)C2CC[C@](C)(C2)[C@@H]1NC(=O)c1cn(CCCCO)c2cc(Sc3ccccc3)ccc2c1=O,8.6021
CC1(C)C2CC[C@](C)(C2)[C@@H]1NC(=O)c1c[nH]c2cc(F)ccc2c1=O,6.0190
CCCCCn1cc(C(=O)NCc2ccc(Cl)c(Cl)c2)c(=O)c2ccc(Br)cc21,6.8861
CCCCCn1cc(C(=O)NC(C)C)c(=O)c2ccc(Sc3ccccc3)cc21,7.8297
CCCCCn1cc(C(=O)NN(C)C)c(=O)c2ccc(Sc3ccccc3)cc21,7.1107
CCCCCn1cc(C(=O)NC(CC)CO)c(=O)c2ccc(Sc3ccccc3)cc21,7.7011
CCCCCn1cc(C(=O)N2CCC[C@H]2C(N)=O)c(=O)c2ccc(Sc3ccccc3)cc21,6.6383
CCCCCn1cc(C(=O)NC2CN3CCC2CC3)c(=O)c2ccc(Sc3ccccc3)cc21,7.0501
CCCCCn1cc(C(=O)NN2CCCCC2)c(=O)c2ccc(Sc3ccccc3)cc21,7.8761
CCCCCn1cc(C(=O)NOCc2ccccc2)c(=O)c2ccc(Sc3ccccc3)cc21,7.7144
CCCCCn1cc(C(=O)NCCN2CCOCC2)c(=O)c2ccc(Sc3ccccc3)cc21,6.9255
CCCCCn1cc(C(=O)NOC)c(=O)c2ccc(Sc3ccccc3)cc21,6.4685
NC(=O)CN/C(=N\S(=O)(=O)c1ccc(Cl)cc1)N1CC(c2ccccc2)C(c2ccc(Cl)cc2)=N1,5.3010
NC(=O)CN/C(=N\S(=O)(=O)c1ccc(O)cc1)N1CC(c2ccccc2)C(c2ccc(Cl)cc2)=N1,5.3010
O=C(NC1CCCCC1)N1CC(Cc2ccccc2)C(c2ccccc2)=N1,6.4124
Cc1cc(C2=NN(C(=O)NC3C4(C)CCC(C4)C3(C)C)CC2Cc2ccccc2)ccc1Cl,6.1436
Cc1ccc(CC2CN(C(=O)NC3CCCCC3)N=C2c2ccc(Cl)c(C)c2)cc1,6.4226
Cc1ccc(CC2CN(C(=O)NC3C4(C)CCC(C4)C3(C)C)N=C2c2ccc(Cl)c(C)c2)cc1,6.6596
Cc1cc(C2=NN(C(=O)NC3CCCCC3)CC2C2CCCC2)ccc1Cl,5.4390
CN(CCCCCCCOc1ccc(-c2oc3ccccc3c2C(=O)c2ccc(OCCN3CCOCC3)cc2)cc1)Cc1ccccc1,5.9403
CCN(CC)CCOc1cccc(C(=O)c2c(-c3ccc(OCCCCCCCN(C)Cc4ccccc4)cc3)oc3ccccc23)c1,5.8641
CCN(CC)Cc1ccc(C(=O)c2c(-c3ccc(OCCCCCCCN(C)Cc4ccccc4)cc3)oc3ccccc23)cc1,5.6537
CCN(CC)CCOc1ccc(C(=O)c2c(-c3ccc(OCCCCCCCN(C)Cc4ccccc4)cc3)oc3ccccc23)cc1,5.6303
CN(CCCCCCCOc1ccc(-c2oc3ccccc3c2C(=O)c2ccc(-c3ccccc3)cc2)cc1)Cc1ccccc1,5.4492
O=C(NC12CC3CC(CC(C3)C1)C2)c1cn2c3c(cccc3c1=O)OC[C@H]2Cc1ccccc1,8.0932
CC(C)C[C@@H]1COc2cccc3c(=O)c(C(=O)NC45CC6CC(CC(C6)C4)C5)cn1c23,7.7390
CC(C)[C@H]1COc2cccc3c(=O)c(C(=O)NC45CC6CC(CC(C6)C4)C5)cn1c23,7.5251
CC(C)[C@@H]1COc2cccc3c(=O)c(C(=O)NC45CC6CC(CC(C6)C4)C5)cn1c23,8.4568
CC[C@H]1COc2cccc3c(=O)c(C(=O)NC45CC6CC(CC(C6)C4)C5)cn1c23,6.7198
CC[C@@H]1COc2cccc3c(=O)c(C(=O)NC45CC6CC(CC(C6)C4)C5)cn1c23,8.0247
CC[C@H]1COc2cccc3c(=O)c(C(=O)NC4CCCCCC4)cn1c23,6.4472
CC[C@@H]1COc2cccc3c(=O)c(C(=O)NC4CCCCCC4)cn1c23,8.0748
C[C@H]1COc2cccc3c(=O)c(C(=O)NC45CC6CC(CC(C6)C4)C5)cn1c23,6.8550
C[C@@H]1COc2cccc3c(=O)c(C(=O)NC45CC6CC(CC(C6)C4)C5)cn1c23,7.0716
C[C@H]1COc2cccc3c(=O)c(C(=O)NC4CCCCC4)cn1c23,6.4331
C[C@@H]1COc2cccc3c(=O)c(C(=O)NC4CCCCC4)cn1c23,7.3328
CCC1COc2c(N3CCN(C)CC3)ccc3c(=O)c(C(=O)NC45CC6CC(CC(C6)C4)C5)cn1c23.Cl,7.0422
CCC1COc2c(N3CCCC3)ccc3c(=O)c(C(=O)NC45CC6CC(CC(C6)C4)C5)cn1c23,7.8140
CCC1COc2c(OC)ccc3c(=O)c(C(=O)NC45CC6CC(CC(C6)C4)C5)cn1c23,7.8943
CCC1COc2c(F)c(F)cc3c(=O)c(C(=O)NC45CC6CC(CC(C6)C4)C5)cn1c23,7.1601
CCC1COc2c(F)ccc3c(=O)c(C(=O)NC45CC6CC(CC(C6)C4)C5)cn1c23,7.8515
CC1(C)COc2cccc3c(=O)c(C(=O)NC45CC6CC(CC(C6)C4)C5)cn1c23,6.9340
CC(C)C1COc2cccc3c(=O)c(C(=O)NC45CC6CC(CC(C6)C4)C5)cn1c23,8.1669
O=C(NC12CC3CC(CC(C3)C1)C2)c1cn2c3c(cccc3c1=O)OCC2C1CC1,7.7722
O=C(NC1CCCCCC1)c1cn2c3c(cccc3c1=O)OCC2C1CC1,8.2062
O=C(NC1CCCCC1)c1cn2c3c(cccc3c1=O)OCC2C1CC1,7.4946
CCCC1COc2ccc(C)c3c(=O)c(C(=O)NC45CC6CC(CC(C6)C4)C5)cn1c23,7.6799
CCCC1COc2ccc(C)c3c(=O)c(C(=O)NC4CCCCC4)cn1c23,7.1669
CCCC1COc2cccc3c(=O)c(C(=O)NC45CC6CC(C)(CC(C)(C6)C4)C5)cn1c23,8.0701
CCCC1COc2cccc3c(=O)c(C(=O)NC45CC6CC(CC(C6)C4)C5)cn1c23,8.2230
CCCC1COc2cccc3c(=O)c(C(=O)NC4CCCCC4)cn1c23,9.1551
CCC1COc2cccc3c(=O)c(C(=O)N(C(C)C)C(C)C)cn1c23,6.7221
CCC1COc2cccc3c(=O)c(C(=O)Nc4nccs4)cn1c23,6.2624
CCC1COc2cccc3c(=O)c(C(=O)Nc4ccncc4)cn1c23,6.4919
CCC1COc2cccc3c(=O)c(C(=O)NC(C)CCC(C)C)cn1c23,7.5045
CCC1COc2cccc3c(=O)c(C(=O)NC4C5CC6CC(C5)CC4C6)cn1c23,7.5618
CCC1COc2cccc3c(=O)c(C(=O)NC4CCCCCC4)cn1c23,7.7055
CCC1COc2cccc3c(=O)c(C(=O)NC4CCCCC4)cn1c23,7.4326
CC1COc2cccc3c(=O)c(C(=O)NC45CC6CC(CC(C6)C4)C5)cn1c23,6.9831
CC1COc2cccc3c(=O)c(C(=O)NC4CCCCCC4)cn1c23,7.0490
CC1COc2cccc3c(=O)c(C(=O)NC4CCCCC4)cn1c23,6.9163
Cc1cc2c3c(c1)c(=O)c(C(=O)NC14CC5CC(CC(C5)C1)C4)cn3C(c1ccccc1)CO2,6.3261
Cc1cc2c3c(c1)c(=O)c(C(=O)NC1CCCCC1)cn3C(c1ccccc1)CO2,7.3469
Cc1ccc(C2COc3cccc4c(=O)c(C(=O)NC56CC7CC(CC(C7)C5)C6)cn2c34)cc1,6.0199
Cc1ccc(C2COc3cccc4c(=O)c(C(=O)NC5CCCCC5)cn2c34)cc1,5.9697
CC1Oc2cccc3c(=O)c(C(=O)NC45CC6CC(CC(C6)C4)C5)cn(c23)C1c1ccccc1,6.1263
CC1Oc2cccc3c(=O)c(C(=O)NC4CCCCC4)cn(c23)C1c1ccccc1,5.9158
CC12CC3CC(C)(C1)CC(NC(=O)c1cn4c5c(cccc5c1=O)OCC4c1ccccc1)(C3)C2,8.0999
O=C(NC12CC3CC(CC(C3)C1)C2)c1cn2c3c(cccc3c1=O)OCC2c1ccccc1,7.7164
O=C(NC1CCCCCC1)c1cn2c3c(cccc3c1=O)OCC2c1ccccc1,8.6865
O=C(NC1CCCCC1)c1cn2c3c(cccc3c1=O)OCC2c1ccccc1,8.2084
O=C(NC1CCCC1)c1cn2c3c(cccc3c1=O)OCC2c1ccccc1,6.6674
CCCCCn1cc(C(=O)NC23CC4CC(CC(C4)C2)C3)c(=O)c(C2CC2)c1C,7.4630
CCCCCn1cc(C(=O)NC23CC4CC(CC(C4)C2)C3)c(=O)c(-c2ccc(CC)cc2)c1C,7.3321
CCCCCn1cc(C(=O)NC23CC4CC(CC(C4)C2)C3)c(=O)c(-c2ccncc2)c1C,7.4377
CCCCCn1cc(C(=O)NC23CC4CC(CC(C4)C2)C3)c(=O)c(I)c1C,7.8032
Cc1cc(=O)c(C(=O)NC23CC4CC(CC(C4)C2)C3)cn1CCCC(F)(F)F,8.6574
Cc1cc(=O)c(C(=O)NC23CC4CC(CC(C4)C2)C3)cn1CC1CCOCC1,7.4711
CCCCCn1cc(C(=O)NC2CCCCC2)c(=O)cc1C,7.4573
CCCCCn1cc(C(=O)NC2C3CC4CC(C3)CC2C4)c(=O)cc1C,8.5003
CCCCCn1cc(C(=O)NC(C)C23CC4CC(CC(C4)C2)C3)c(=O)cc1C,7.6343
CCCCCn1cc(C(=O)NCC23CC4CC(CC(C4)C2)C3)c(=O)cc1C,7.5465
CCCCCn1cc(C(=O)Nc2ccccc2)c(=O)cc1C(C)(C)C,8.0586
CCCCCn1cc(C(=O)NCC2CC2)c(=O)cc1C(C)(C)C,7.7034
CCCCCn1cc(C(=O)NC2C3CC4CC(C3)CC2C4)c(=O)cc1C(C)(C)C,7.1813
CCCCCn1cc(C(=O)NC(C)C23CC4CC(CC(C4)C2)C3)c(=O)cc1C(C)(C)C,7.6864
CCCCCn1cc(C(=O)NCC23CC4CC(CC(C4)C2)C3)c(=O)cc1C(C)(C)C,7.6497
CCCCCn1cc(C(=O)NC23CC4CC(CC(C4)C2)C3)c(=O)c(-c2ccccc2)c1C,6.7226
Cc1cc(=O)c(C(=O)NC23CC4CC(CC(C4)C2)C3)cn1CCC1CCOCC1,6.7082
O=S(=O)(NC1CCN(c2ncnc3c2nc(-c2ccccc2Cl)n3-c2ccc(Cl)cc2)CC1)c1ccccc1,5.2317
CS(=O)(=O)NC1CCN(c2ncnc3c2nc(-c2ccccc2Cl)n3-c2ccc(Cl)cc2)CC1,5.9694
CCCCNC(=O)NC1CCN(c2ncnc3c2nc(-c2ccccc2Cl)n3-c2ccc(Cl)cc2)CC1,5.8102
CCCNC(=O)NC1CCN(c2ncnc3c2nc(-c2ccccc2Cl)n3-c2ccc(Cl)cc2)CC1,6.8153
CC(C)NC(=O)NC1CCN(c2ncnc3c2nc(-c2ccccc2Cl)n3-c2ccc(Cl)cc2)CC1,5.6103
CC(C)(C)OC(=O)NC1CCN(c2ncnc3c2nc(-c2ccccc2Cl)n3-c2ccc(Cl)cc2)CC1,5.7662
CC(C)(C)OC(=O)N1CCC(Nc2ncnc3c2nc(-c2ccccc2Cl)n3-c2ccc(Cl)cc2)CC1,4.8602
CCCNC(=O)NC1(c2ccccc2)CCN(c2ncnc3c2nc(-c2ccccc2Cl)n3-c2ccc(Cl)cc2)CC1,5.1091
CC(C)NC(=O)NC1(c2ccccc2)CCN(c2ncnc3c2nc(-c2ccccc2Cl)n3-c2ccc(Cl)cc2)CC1,5.0484
CCNC(=O)NC1(c2ccccc2)CCN(c2ncnc3c2nc(-c2ccccc2Cl)n3-c2ccc(Cl)cc2)CC1,5.3330
CC(C)(C)NC(=O)NC1(c2ccccc2)CCN(c2ncnc3c2nc(-c2ccccc2Cl)n3-c2ccc(Cl)cc2)CC1,4.6990
CS(=O)(=O)NC1(c2ccccc2)CCN(c2ncnc3c2nc(-c2ccccc2Cl)n3-c2ccc(Cl)cc2)CC1,6.0232
NC1(c2ccccc2)CCN(c2ncnc3c2nc(-c2ccccc2Cl)n3-c2ccc(Cl)cc2)CC1,5.7807
CC(C)(C)OC(=O)NC1(c2ccccc2)CCN(c2ncnc3c2nc(-c2ccccc2Cl)n3-c2ccc(Cl)cc2)CC1,4.8555
NC(=O)C1(c2ccccc2)CCN(c2ncnc3c2nc(-c2ccccc2Cl)n3-c2ccc(Cl)cc2)CC1,5.2591
CCCCC1(c2cc(O)c3cc(Cc4ccccc4O)c(=O)oc3c2)CCCCC1,7.0285
CCCCC1(c2cc(O)c3cc(Cc4ccccc4O)c(=O)oc3c2)CCCC1,7.2431
CCCCCCC(C)(C)c1cc(O)c2cc(Cc3ccccc3O)c(=O)oc2c1,6.6778
CCCCCc1cc(OC)c2cc(Cc3ccccc3OC)c(=O)oc2c1,7.5818
CCCCCc1cc(OC)c2cc(Cc3ccccc3C)c(=O)oc2c1,6.5321
CCCCCc1cc(OC)c2cc(Cc3cccc(OC)c3)c(=O)oc2c1,7.0362
CCCCC1(c2cc(OC)c3cc(Cc4ccccc4OC)c(=O)oc3c2)CCCC1,5.9431
CCCCCCCC(C)(C)c1cc(O)c2cc(Cc3ccccc3O)c(=O)oc2c1,6.5346
CCCCCCCC(C)(C)c1cc(OC)c2cc(Cc3ccccc3OC)c(=O)oc2c1,5.0000
CCCCCCC(C)(C)c1cc(OC)c2cc(Cc3ccccc3OC)c(=O)oc2c1,5.5214
CCCCCCC(C)(C)c1cc(O)c2cc(Cc3ccccc3)c(=O)oc2c1,6.3325
CCCCCCC(C)(C)c1cc(OC)c2cc(Cc3ccccc3)c(=O)oc2c1,5.3851
CCCCCc1cc(O)c2cc(Cc3cccc(Cl)c3)c(=O)oc2c1,5.6576
CCCCCc1cc(OC)c2cc(Cc3cccc(Cl)c3)c(=O)oc2c1,6.4559
CCCCCc1cc(O)c2cc(Cc3ccccc3Cl)c(=O)oc2c1,5.7122
CCCCCc1cc(OC)c2cc(Cc3ccccc3Cl)c(=O)oc2c1,6.7328
CCCCCc1cc(O)c2cc(Cc3ccccc3O)c(=O)oc2c1,5.3188
CCCCCc1cc(O)c2cc(Cc3cccc(C)c3)c(=O)oc2c1,5.7545
CCCCCc1cc(OC)c2cc(Cc3cccc(C)c3)c(=O)oc2c1,6.4067
CCCCCc1cc(O)c2cc(Cc3ccccc3C)c(=O)oc2c1,5.4473
CCCCCc1cc(O)c2cc(Cc3ccccc3)c(=O)oc2c1,5.7747
CCCCCc1cc(OC)c2cc(Cc3ccccc3)c(=O)oc2c1,6.5735
CCCCCc1cc(O)c2cc(Cc3cccc(O)c3)c(=O)oc2c1,5.2882
COc1cccc(Cc2cc3c(OC)cc(CBr)cc3oc2=O)c1,4.8761
COc1cccc(Cc2cc3c(OC)cc(Br)cc3oc2=O)c1,5.6108
CCCCCCC(C)(C)c1cc(OC)c([C@H]2C=C(CO)[C@H]3C[C@@H]2C3(C)C)c(OC)c1,7.6440
CCCCC(NC(=O)Cc1ccccc1)NC(=O)Cc1ccccc1,4.4441
O=C(Cc1ccccc1)NC(NC(=O)Cc1ccccc1)c1ccccc1F,4.4519
CCCCCC(NC(=O)Cc1ccccc1)NC(=O)Cc1ccccc1,4.7399
O=C(Cc1ccccc1)NC(NC(=O)Cc1ccccc1)c1cccc(F)c1,4.8972
Nc1ccc(C(NC(=O)Cc2ccccc2)NC(=O)Cc2ccccc2)cc1,4.9014
O=C(Cc1ccccc1)NC(NC(=O)Cc1ccccc1)c1ccccc1C(F)(F)F,4.9289
O=C(Cc1ccccc1)NC(NC(=O)Cc1ccccc1)c1ccc(F)cc1,4.9626
O=C(Cc1ccc(Cl)cc1)NC(NC(=O)Cc1ccc(Cl)cc1)c1ccccc1F,4.9646
O=C(Cc1ccccc1)NC(NC(=O)Cc1ccccc1)c1ccccc1,5.0031
O=C(Cc1ccccc1)NC(CCc1ccccc1)NC(=O)Cc1ccccc1,5.0306
O=C(Cc1ccccc1)NC(/C=C/c1ccccc1)NC(=O)Cc1ccccc1,5.2454
CCN(CC)c1ccc(C(NC(=O)C(C)(C)C)NC(=O)C(C)(C)C)cc1,5.4494
O=C(Cc1ccccc1)NC(NC(=O)Cc1ccccc1)c1ccc(Cl)cc1,5.5113
CCN(CC)c1ccc(C(NC(=O)C(C)C)NC(=O)C(C)C)cc1,5.5791
O=C(Cc1ccccc1)NC(NC(=O)Cc1ccccc1)c1ccc(Br)cc1,5.6525
CCOc1ccc(C(NC(=O)Cc2ccccc2)NC(=O)Cc2ccccc2)cc1,5.8239
COc1ccc(C(NC(=O)Cc2ccccc2)NC(=O)Cc2ccccc2)cc1,6.1062
CN(C)c1ccc(C(NC(=O)Cc2ccccc2)NC(=O)Cc2ccccc2)cc1,6.1096
CCN(CC)c1ccc(C(NC(=O)c2ccccc2)NC(=O)c2ccccc2)cc1,6.1624
O=C(Cc1ccccc1)NC(NC(=O)Cc1ccccc1)c1ccc(C(F)(F)F)cc1,6.2248
O=C(Cc1ccccc1)NC(NC(=O)Cc1ccccc1)c1ccc(N2CCCCC2)cc1,6.2255
Cc1ccc(C(NC(=O)Cc2ccccc2)NC(=O)Cc2ccccc2)cc1,6.3063
Cc1ccc(C(NC(=O)Cc2ccc(Cl)cc2)NC(=O)Cc2ccc(Cl)cc2)cc1,6.3354
CC(C)Oc1ccc(C(NC(=O)Cc2ccccc2)NC(=O)Cc2ccccc2)cc1,6.5045
COc1ccc(C(NC(=O)Cc2ccc(Cl)cc2)NC(=O)Cc2ccc(Cl)cc2)cc1,6.5086
CCCCN(CCCC)c1ccc(C(NC(=O)Cc2ccccc2)NC(=O)Cc2ccccc2)cc1,6.6556
CCN(CC)c1ccc(C(NC(=O)CCc2ccccc2)NC(=O)CCc2ccccc2)cc1,6.6716
O=C(Cc1ccccc1)NC(NC(=O)Cc1ccccc1)c1ccc(N(Cc2ccccc2)Cc2ccccc2)cc1,6.6925
CCCCC(=O)NC(NC(=O)CCCC)c1ccc(N(CC)CC)cc1,6.7399
CCN(CC)c1ccc(C(NC(=O)/C=C/c2ccccc2)NC(=O)/C=C/c2ccccc2)cc1,6.7773
CCCCCCCCCC(=O)NC(NC(=O)CCCCCCCCC)c1ccc(N(CC)CC)cc1,6.7959
O=C(Cc1ccc(Cl)cc1)NC(NC(=O)Cc1ccc(Cl)cc1)c1ccccc1C(F)(F)F,6.8013
O=C(Cc1ccc(Cl)cc1)NC(NC(=O)Cc1ccc(Cl)cc1)c1ccc(Cl)cc1,6.8125
CCCCCCCC(=O)NC(NC(=O)CCCCCCC)c1ccc(N(CC)CC)cc1,6.8356
O=C(Cc1ccc(Cl)cc1)NC(NC(=O)Cc1ccc(Cl)cc1)c1ccc(C(F)(F)F)cc1,6.9957
CC(C)c1ccc(C(NC(=O)Cc2ccccc2)NC(=O)Cc2ccccc2)cc1,7.0706
O=C(Cc1ccccc1)NC(NC(=O)Cc1ccccc1)c1ccc(N2CCCC2)cc1,7.1487
CCN(CC)c1ccc(C(NC(=O)Cc2ccccc2)NC(=O)Cc2ccccc2)cc1,7.1938
CCCN(CCC)c1ccc(C(NC(=O)Cc2ccccc2)NC(=O)Cc2ccccc2)cc1,7.6576
CCCCCC(=O)NC(NC(=O)CCCCC)c1ccc(N(CC)CC)cc1,7.6021
CCCCCn1c(C)c(C(=O)c2cccc3cccc(I)c23)c2ccccc21,7.8861
CCCCCn1cc(C(=O)c2cccc3cccc(I)c23)c2ccccc21,8.4815
CCCn1c(C)c(C(=O)c2cccc3cccc(I)c23)c2ccccc21,6.2708
CCCn1cc(C(=O)c2cccc3cccc(I)c23)c2ccccc21,6.8182
CCCCCn1c(C)c(C(=O)c2cccc3cccc(Br)c23)c2ccccc21,8.0000
CCCCCn1cc(C(=O)c2cccc3cccc(Br)c23)c2ccccc21,8.2676
CCCn1c(C)c(C(=O)c2cccc3cccc(Br)c23)c2ccccc21,6.5560
CCCn1cc(C(=O)c2cccc3cccc(Br)c23)c2ccccc21,6.7167
CCCCCn1c(C)c(C(=O)c2cccc3cccc(Cl)c23)c2ccccc21,7.7212
CCCCCn1cc(C(=O)c2cccc3cccc(Cl)c23)c2ccccc21,8.0000
CCCn1c(C)c(C(=O)c2cccc3cccc(Cl)c23)c2ccccc21,6.7595
CCCn1cc(C(=O)c2cccc3cccc(Cl)c23)c2ccccc21,6.8729
CCCCCn1c(C)c(C(=O)c2ccc(I)c3ccccc23)c2ccccc21,8.6778
CCCCCn1cc(C(=O)c2ccc(I)c3ccccc23)c2ccccc21,8.8861
CCCn1c(C)c(C(=O)c2ccc(I)c3ccccc23)c2ccccc21,7.6990
CCCn1cc(C(=O)c2ccc(I)c3ccccc23)c2ccccc21,8.1805
CCCCCn1c(C)c(C(=O)c2ccc(Br)c3ccccc23)c2ccccc21,8.5528
CCCCCn1cc(C(=O)c2ccc(Br)c3ccccc23)c2ccccc21,8.9586
CCCn1c(C)c(C(=O)c2ccc(Br)c3ccccc23)c2ccccc21,7.5086
CCCn1cc(C(=O)c2ccc(Br)c3ccccc23)c2ccccc21,7.5686
CCCCCn1c(C)c(C(=O)c2ccc(Cl)c3ccccc23)c2ccccc21,8.6383
CCCCCn1cc(C(=O)c2ccc(Cl)c3ccccc23)c2ccccc21,8.5528
CCCn1c(C)c(C(=O)c2ccc(Cl)c3ccccc23)c2ccccc21,7.6576
CCCn1cc(C(=O)c2ccc(Cl)c3ccccc23)c2ccccc21,7.3565
CCCCCn1c(C)c(C(=O)c2ccc(F)c3ccccc23)c2ccccc21,8.6576
CCCCCn1cc(C(=O)c2ccc(F)c3ccccc23)c2ccccc21,8.4949
CCCn1c(C)c(C(=O)c2ccc(F)c3ccccc23)c2ccccc21,7.4202
CCCn1cc(C(=O)c2ccc(F)c3ccccc23)c2ccccc21,7.4815
O=C(Nc1sc2c(c1C(=O)N1CC(F)(F)C1)CCOC2)c1c(F)cccc1C(F)(F)F,7.2699
O=C(Nc1sc2c(c1C(=O)N1CC(F)(F)C1)CCOC2)c1ccccc1OC(F)(F)F,7.4738
O=C(Nc1sc2c(c1C(=O)N1CC(F)(F)C1)CCOC2)c1ccccc1C(F)(F)F,7.8455
COC1CN(C(=O)c2c(NC(=O)c3ccccc3C(F)(F)F)sc3c2CCOC3)C1,6.9351
COCCNC(=O)c1c(NC(=O)c2c(F)cccc2C(F)(F)F)sc2c1CCOC2,6.8318
COCCNC(=O)c1c(NC(=O)c2ccccc2C(F)(F)F)sc2c1CCOC2,6.8850
O=C(Nc1sc2c(c1C(=O)N1CCCCC1)CCOC2)c1ccccc1OC(F)(F)F,7.2410
O=C(Nc1sc2c(c1C(=O)N1CCCCC1)CCOC2)c1ccccc1C(F)(F)F,7.5704
COCCNC(=O)c1c(NC(=O)c2ccccc2OC(F)(F)F)sc2c1CCC(F)(F)C2,7.2007
O=C(Nc1sc2c(c1C(=O)N1CC(F)(F)C1)CCC(F)(F)C2)c1ccccc1OC(F)(F)F,7.7447
COCCNC(=O)c1c(NC(=O)c2ccccc2Cl)sc2c1CCC(F)(F)C2,7.3372
O=C(Nc1sc2c(c1C(=O)N1CC(F)(F)C1)CCC(F)(F)C2)c1ccccc1Cl,7.3098
CC1OCc2sc(NC(=O)CC(C)(C)C)c(C(=O)N3CC(F)(F)C3)c21,8.2218
CC1OCc2sc(NC(=O)CC(C)(C)C)c(C(=O)N3CCCCC3)c21,7.3979
COCCNC(=O)c1c(NC(=O)CC(C)(C)C)sc2c1C(C)(C)CC2,8.2291
CC(C)(C)CC(=O)Nc1sc2c(c1C(=O)NCC1CC1)C(C)(C)CC2,8.1938
CC(C)(C)CC(=O)Nc1sc2c(c1C(=O)N1CCC(F)(F)CC1)C(C)(C)CC2,6.8894
CC1(C)CCc2sc(NC(=O)c3ccccc3Cl)c(C(=O)NCC3CC3)c21,9.2596
O=C(Nc1sc2c(c1C(=O)NCC1CC1)CCC2)c1ccccc1Cl,6.9747
COCCNC(=O)c1c(NC(=O)c2ccccc2Cl)sc2c1CCC2,6.8633
O=C(CN1CCCC1)Nc1sc2c(c1C(=O)N1CCC(F)(F)CC1)CCCC2,6.6799
O=C(CN1CCCCC1)Nc1sc2c(c1C(=O)N1CCC(F)(F)CC1)CCCC2,7.5850
CC(C)(C)CC(=O)Nc1sc2c(c1C(=O)N1CCC(F)(F)CC1)CCCC2,8.3279
O=C(CN1CCCC1)Nc1sc2c(c1C(=O)N1CC(F)(F)C1)CCCC2,6.4045
O=C(CN1CCCCC1)Nc1sc2c(c1C(=O)N1CC(F)(F)C1)CCCC2,7.2518
CC(C)(C)CC(=O)Nc1sc2c(c1C(=O)N1CC(F)(F)C1)CCCC2,8.2676
COC1CN(C(=O)c2c(NC(=O)CN3CCCCC3)sc3c2CCCC3)C1,6.6596
COC1CN(C(=O)c2c(NC(=O)CC(C)(C)C)sc3c2CCCC3)C1,7.3279
COCCNC(=O)c1c(NC(=O)C2CCCN2C(=O)C2CC2)sc2c1CCCC2,6.4634
COCCNC(=O)c1c(NC(=O)CN2CCCCC2)sc2c1CCCC2,6.8182
COCCNC(=O)c1c(NC(=O)C2CCC2)sc2c1CCCC2,6.6968
COCCNC(=O)c1c(NC(=O)C2CCCC2)sc2c1CCOC2,6.5045
COCCNC(=O)c1c(NC(=O)C2CCCC2)sc2c1CCCC2,7.1487
COCCNC(=O)c1c(NC(=O)CC(C)(C)C)sc2c1CCOC2,6.3107
COCCNC(=O)c1c(NC(=O)CC(C)(C)C)sc2c1CCCC2,7.6383
O=C(Nc1sc2c(c1C(=O)N1CCC(F)(F)CC1)CCOC2)c1c(F)cccc1C(F)(F)F,8.4437
O=C(Nc1sc2c(c1C(=O)N1CCC(F)(F)CC1)CCOC2)c1ccccc1OC(F)(F)F,8.4815
O=C(Nc1sc2c(c1C(=O)N1CCC(F)(F)CC1)CCOC2)c1ccccc1C(F)(F)F,8.8539
COC1CN(C(=O)c2c(NC(=O)c3c(F)cccc3C(F)(F)F)sc3c2CCOC3)C1,7.6198
COC1CN(C(=O)c2c(NC(=O)c3ccccc3OC(F)(F)F)sc3c2CCOC3)C1,7.4202
COCC(C)(C)NC(=O)c1c(NC(=O)c2c(F)cccc2C(F)(F)F)sc2c1CCOC2,7.1308
COCC(C)(C)NC(=O)c1c(NC(=O)c2ccccc2OC(F)(F)F)sc2c1CCOC2,6.9957
COCC(C)(C)NC(=O)c1c(NC(=O)c2ccccc2C(F)(F)F)sc2c1CCOC2,7.3872
COCCNC(=O)c1c(NC(=O)c2ccccc2OC(F)(F)F)sc2c1CCOC2,7.0177
O=C(Nc1sc2c(c1C(=O)NCC1CC1)CCOC2)c1c(F)cccc1C(F)(F)F,7.9586
O=C(Nc1sc2c(c1C(=O)NCC1CC1)CCOC2)c1ccccc1OC(F)(F)F,7.4559
O=C(Nc1sc2c(c1C(=O)N1CCCCC1)CCOC2)c1c(F)cccc1C(F)(F)F,7.8539
CC(C)(C)C(=O)c1c(NC(=O)c2ccccc2OC(F)(F)F)sc2c1CCOC2,6.0273
CC(C)(C)C(=O)c1c(NC(=O)c2ccccc2C(F)(F)F)sc2c1CCOC2,6.0472
O=C(Nc1sc2c(c1C(=O)N1CCOCC1)CCOC2)c1ccccc1-c1ccccc1,5.1028
O=C(Nc1sc2c(c1C(=O)N1CCOCC1)CCOC2)c1c(F)cccc1C(F)(F)F,7.0223
O=C(Nc1sc2c(c1C(=O)N1CCOCC1)CCOC2)c1ccccc1C(F)(F)F,7.4559
O=C(Nc1sc2c(c1C(=O)N1CCOCC1)CCOC2)c1cccc(OC(F)(F)F)c1,6.1255
O=C(Nc1sc2c(c1C(=O)N1CCOCC1)CCOC2)c1ccccc1OC(F)(F)F,6.9872
O=C(Nc1sc2c(c1C(=O)N1CCOCC1)CCOC2)c1ccccc1OC(F)F,6.3116
CC(C)c1ccccc1C(=O)Nc1sc2c(c1C(=O)N1CCOCC1)CCOC2,7.4559
Cc1ccccc1C(=O)Nc1sc2c(c1C(=O)N1CCOCC1)CCOC2,6.1898
O=C(Nc1sc2c(c1C(=O)N1CCOCC1)CCOC2)c1cccc(Cl)c1,5.8474
O=C(Nc1sc2c(c1C(=O)N1CCOCC1)CCOC2)c1ccc(Cl)cc1Cl,5.0290
O=C(Nc1sc2c(c1C(=O)N1CCOCC1)CCOC2)c1c(Cl)cccc1Cl,6.1580
O=C(Nc1sc2c(c1C(=O)N1CCOCC1)CCOC2)c1ccccc1Cl,6.6440
O=C(Nc1sc2c(c1C(=O)N1CCOCC1)CCCC2)c1ccccc1Cl,8.0000
CCCCCn1cc(C(=O)NC23CC4CC(CC(C4)C2)C3)c(=O)n2ncnc12,7.3797
CCCCCn1cc(C(=O)NC23CC4CC(CC(C4)C2)C3)c(=O)c2c(C)c(C)sc21,7.9770
CCCCCn1cc(C(=O)NC23CC4CC(CC(C4)C2)C3)c(=O)c2c(C)csc21,8.2297
CCCCCn1cc(C(=O)NC2CCCCCC2)c(=O)c2c(C)csc21,7.6726
CCCCCn1cc(C(=O)NC2CCCCC2)c(=O)c2c(C)csc21,7.4404
CCCCCn1cc(C(=O)NC23CC4CC(CC(C4)C2)C3)c(=O)c2c(C)noc21,7.3794
CCCCCn1cc(C(=O)NC2CCCCCC2)c(=O)c2c(C)noc21,7.5944
CCCCCn1cc(C(=O)NC2CCCCC2)c(=O)c2c(C)noc21,7.9516
CCCCCn1cc(C(=O)NC23CC4CC(CC(C4)C2)C3)c(=O)c2cnn(C)c21,7.6614
CCCCCn1cc(C(=O)NC2CCCCCC2)c(=O)c2cnn(C)c21,6.6904
CCCCCn1cc(C(=O)NC2CCCCC2)c(=O)c2cnn(C)c21,6.3424
CCCCCn1cc(C(=O)NC23CC4CC(CC(C4)C2)C3)c(=O)c2c(C(C)(C)C)nn(C)c21,6.0968
CCCCCn1cc(C(=O)NC23CC4CC(CC(C4)C2)C3)c(=O)c2c(CC)nn(C)c21,7.1111
CCCCCn1cc(C(=O)NC2CCCCC2)c(=O)c2c(CC)nn(C)c21,5.9791
CCCCCn1cc(C(=O)Nc2ccccc2)c(=O)c2c(C)nn(C)c21,5.9732
CCCCCn1cc(C(=O)NC(C)CCC(C)C)c(=O)c2c(C)nn(C)c21,6.3781
CCCCCn1cc(C(=O)NC23CC4CC(C)(CC(C)(C4)C2)C3)c(=O)c2c(C)nn(C)c21,7.6771
CCCCCn1cc(C(=O)NC23CC4CC(CC(C4)C2)C3)c(=O)c2c(C)nn(C)c21,7.6658
CCCCCn1cc(C(=O)NC2CCCCCC2)c(=O)c2c(C)nn(C)c21,7.6216
CCCCCn1cc(C(=O)N[C@H]2CC[C@@H](C)CC2)c(=O)c2c(C)nn(C)c21,7.6293
CCCCCn1cc(C(=O)N[C@H]2CC[C@H](C)CC2)c(=O)c2c(C)nn(C)c21,7.5898
CCCCCn1cc(C(=O)NCC2CCCCC2)c(=O)c2c(C)nn(C)c21,6.1179
Cc1nn(C)c2c1c(=O)c(C(=O)NC1CCCCC1)cn2Cc1ccccc1,5.7185
CCCCCCn1cc(C(=O)NC2CCCCC2)c(=O)c2c(C)nn(C)c21,6.2039
C=CCn1cc(C(=O)NC2CCCCC2)c(=O)c2c(C)nn(C)c21,6.2314
CCCCn1cc(C(=O)NC2CCCCC2)c(=O)c2c(C)nn(C)c21,6.2913
CCCCCn1cc(C(=O)NC2CCCCC2)c(=O)c2c(C)nn(C)c21,6.7807
CCCCCn1cc(C(=O)NC23CC4CC(CC(C4)C2)C3)c(=O)n2nc(-c3ccccc3)nc12,8.2546
CCCCCn1cc(C(=O)NC2CCCCCC2)c(=O)c2c(-c3ccc(Cl)cc3)nn(C)c21,5.5482
CCCCCn1cc(C(=O)NC2CCCCC2)c(=O)c2c(-c3ccc(Cl)cc3)nn(C)c21,5.4413
CCCCCn1cc(C(=O)NC2CCCCC2)c(=O)c2c(C(C)(C)C)nn(C)c21,5.4527
CCCCCn1cc(C(=O)NCc2ccccc2)c(=O)c2c(C)nn(C)c21,5.4375
CCCn1cc(C(=O)NC2CCCCC2)c(=O)c2c(C)nn(C)c21,6.3851
C[S+]([O-])Cc1ccc(C(=O)Nc2ccc(OCCOCCO)nc2C(=O)NCC2CCC2)c2ccccc12,6.3010
C[S+]([O-])Cc1ccc(C(=O)Nc2nccnc2C(=O)NCC2CCC2)c2ccccc12,6.5229
C[S+]([O-])Cc1ccc(C(=O)Nc2cccnc2C(=O)NCC2CCOCC2)c2ccccc12,5.6021
O=C(NCC1CCOCC1)c1ncccc1NC(=O)c1ccc(Cn2ccnn2)c2ccccc12,5.9208
COc1ccc(NC(=O)c2ccc(Cn3ccnn3)c3ccccc23)c(C(=O)NCC2CCOCC2)n1,6.3279
COc1ccc(NC(=O)c2ccc(Cn3ccnn3)c3ccccc23)c(C(=O)NCC2CCCCC2)n1,6.9586
O=C(NCC1CCC1)c1nc(OCCOCCO)ccc1NC(=O)c1ccnc2ccccc12,5.9208
O=C(NCC1CCC1)c1nc(OCCO)ccc1NC(=O)c1ccnc2ccccc12,5.6021
O=C(NCC1CCC1)c1ncccc1NC(=O)c1ccc(Cn2ccnn2)c2ccccc12,7.1871
O=C(NCC1CCC1)c1ncccc1NC(=O)c1ccc(Cn2cccn2)c2ccccc12,7.1612
O=C(NCC1CCC1)c1ncccc1NC(=O)c1ccc(Cn2ccnc2)c2ccccc12,6.4815
O=C(NCC1CCC1)c1ncccc1NC(=O)c1ccc(Cn2cccc2)c2ccccc12,6.4685
CN(C)Cc1ccc(C(=O)Nc2cccnc2C(=O)NCC2CCC2)c2ccccc12,6.7212
COCc1ccc(C(=O)Nc2cccnc2C(=O)NCC2CCC2)c2ccccc12,7.7212
COc1ccc(NC(=O)c2ccnc3ccccc23)c(C(=O)NCC2CCC2)n1,7.0000
O=C(NCC1CCC1)c1ncccc1NC(=O)c1ccnc2ccccc12,7.0862
O=C(NCC1CCC1)c1ncccc1NC(=O)c1cccc2cccnc12,6.4437
O=C(NCC1CCC1)c1ncccc1NC(=O)c1cccc2cnccc12,7.4202
O=C(Nc1cccnc1C(=O)NCC1CCOCC1)c1cccc2c1OCCO2,5.2441
O=C(NCC1CCC1)c1ncccc1NC(=O)c1cccc2ccccc12,7.5850
O=C(NCC1CCOCC1)c1ncccc1NC(=O)c1cccc2ccccc12,6.5850
O=C(NCC1CCCCC1)c1cnccc1NC(=O)c1cccc2ccccc12,5.0458
O=C(NCC1CCCCC1)c1nccnc1NC(=O)c1cccc2ccccc12,5.8539
O=C(NCC1CCCCC1)c1ncccc1NC(=O)c1cccc2ccccc12,6.9586
O=C(NCC1CCCCC1)c1cc(Cl)ccc1NC(=O)c1cccc2ccccc12,5.7447
CCN(CC)c1ccc(CN(C(=O)C2CCCCC2)c2ccc(C)cc2)cc1,6.6538
CCN(CC)c1ccc(CN(C(=O)Cc2ccc(Cl)cc2)c2ccc(C)cc2)cc1,6.9708
CCN(CC)c1ccc(CN(C(=O)Cc2ccccc2)c2ccc(C)cc2)cc1,7.1428
CCN(CC)c1ccc(CN(c2ccc(C)cc2)S(=O)(=O)c2ccc(C(C)C)cc2)cc1,8.3668
CCN(CC)c1ccc(CN(c2ccc(C)cc2)S(=O)(=O)c2cccc(C)c2)cc1,8.2368
CCN(CC)c1ccc(CN(c2ccc(C)cc2)S(=O)(=O)c2ccc(C)cc2)cc1,8.2678
CCN(CC)c1ccc(CN(c2ccc(C)cc2)S(=O)(=O)c2ccc(OC)cc2)cc1,9.3010
CCN(CC)c1ccc(CN(c2ccc(C)cc2)S(=O)(=O)c2ccc(Cl)cc2)cc1,8.5230
CCN(CC)c1ccc(CN(c2ccc(C)cc2)S(=O)(=O)c2ccc(F)cc2)cc1,8.2519
CCN(CC)c1ccc(CN(c2ccc(C)cc2)S(=O)(=O)c2ccccc2)cc1,8.4685
CCN(CC)c1ccc(CN(C(=O)C2CCCCC2)c2ccc(Cl)cc2)cc1,6.7851
CCN(CC)c1ccc(CN(C(=O)Cc2ccc(Cl)cc2)c2ccc(Cl)cc2)cc1,6.8662
CCN(CC)c1ccc(CN(c2ccc(Cl)cc2)S(=O)(=O)c2ccc(C(C)C)cc2)cc1,6.6538
CCN(CC)c1ccc(CN(c2ccc(Cl)cc2)S(=O)(=O)c2cccc(C)c2)cc1,8.5529
CCN(CC)c1ccc(CN(c2ccc(Cl)cc2)S(=O)(=O)c2ccc(C)cc2)cc1,7.4319
CCN(CC)c1ccc(CN(c2ccc(Cl)cc2)S(=O)(=O)c2ccc(OC)cc2)cc1,7.8539
CCN(CC)c1ccc(CN(c2ccc(Cl)cc2)S(=O)(=O)c2ccc(Cl)cc2)cc1,7.4439
CCN(CC)c1ccc(CN(c2ccc(Cl)cc2)S(=O)(=O)c2ccc(F)cc2)cc1,7.1368
CCN(CC)c1ccc(CN(c2ccc(Cl)cc2)S(=O)(=O)c2ccccc2)cc1,7.7990
CCN(CC)c1ccc(CNc2ccc(Cl)cc2)cc1,5.1711
CCCCCCCN(Cc1ccc(N(CC)CC)cc1)C(=O)C1CCCCC1,6.6738
CCCCCCCN(Cc1ccc(N(CC)CC)cc1)C(=O)c1ccc(N(C)C)cc1,5.8929
CCCCCCCN(Cc1ccc(N(CC)CC)cc1)C(=O)Cc1ccc(Cl)cc1,6.1572
CCCCCCCN(Cc1ccc(N(CC)CC)cc1)C(=O)Cc1ccccc1,5.8820
CCCCCCCN(Cc1ccc(N(CC)CC)cc1)S(=O)(=O)CCCC,6.1622
CCCCCCCN(Cc1ccc(N(CC)CC)cc1)S(=O)(=O)Cc1ccccc1,6.5639
CCCCCCCN(Cc1ccc(N(CC)CC)cc1)S(=O)(=O)c1ccc(Cl)cc1,5.1712
CCCCCCCN(Cc1ccc(N(CC)CC)cc1)S(=O)(=O)c1ccc(F)cc1,5.9581
CCCCCCCN(Cc1ccc(N(CC)CC)cc1)S(=O)(=O)c1ccc(OC)cc1,5.2848
CCCCCCCN(Cc1ccc(N(CC)CC)cc1)S(=O)(=O)c1ccc(C(C)C)cc1,4.8860
CCCCCCCN(Cc1ccc(N(CC)CC)cc1)S(=O)(=O)c1cccc(C)c1,5.6379
CCCCCCCN(Cc1ccc(N(CC)CC)cc1)S(=O)(=O)c1ccc(C)cc1,5.5612
CCN(CC)c1ccc(CN(C(=O)Cc2ccccc2)[C@]23C[C@H]4C[C@H](C[C@H](C4)C2)C3)cc1,7.2219
CCN(CC)c1ccc(CN(C(=O)Cc2ccc(Cl)cc2)[C@]23C[C@H]4C[C@H](C[C@H](C4)C2)C3)cc1,7.4201
CCCCCCCC(=O)N(Cc1ccc(N(CC)CC)cc1)[C@]12C[C@H]3C[C@H](C[C@H](C3)C1)C2,6.1951
CCN(CC)c1ccc(CN(C(=O)C2CCCCC2)[C@]23C[C@H]4C[C@H](C[C@H](C4)C2)C3)cc1,7.4560
CCN(CC)c1ccc(CN([C@]23C[C@H]4C[C@H](C[C@H](C4)C2)C3)S(=O)(=O)c2ccc(C(C)C)cc2)cc1,6.3400
CCN(CC)c1ccc(CN([C@]23C[C@H]4C[C@H](C[C@H](C4)C2)C3)S(=O)(=O)c2cccc(C)c2)cc1,7.7211
CCN(CC)c1ccc(CN([C@]23C[C@H]4C[C@H](C[C@H](C4)C2)C3)S(=O)(=O)c2ccc(C)cc2)cc1,7.3279
CCN(CC)c1ccc(CN([C@]23C[C@H]4C[C@H](C[C@H](C4)C2)C3)S(=O)(=O)c2ccc(OC)cc2)cc1,6.8631
CCN(CC)c1ccc(CN([C@]23C[C@H]4C[C@H](C[C@H](C4)C2)C3)S(=O)(=O)c2ccc(Cl)cc2)cc1,6.7620
CCN(CC)c1ccc(CN([C@]23C[C@H]4C[C@H](C[C@H](C4)C2)C3)S(=O)(=O)c2ccc(F)cc2)cc1,7.6021
CCN(CC)c1ccc(CN([C@]23C[C@H]4C[C@H](C[C@H](C4)C2)C3)S(=O)(=O)c2ccccc2)cc1,7.0759
CCN(CC)c1ccc(CN[C@]23C[C@H]4C[C@H](C[C@H](C4)C2)C3)cc1,4.7000
Cc1ccc(S(=O)(=O)N(CCc2ccc(Cl)cc2)S(=O)(=O)c2ccc(C)cc2)cc1,6.7167
O=C(NC12CC3CC(CC(C3)C1)C2)c1nn(CCN2CCOCC2)c2ccccc12,8.5302
O=C(C1C2CC3CC(C2)CC1C3)N1CCc2ccccc21,7.3772
O=C(N1CCc2ccccc21)C12CC3CC(CC1C3)C2,6.3010
O=C(NC12CC3CC(CC(C3)C1)C2)N1Cc2ccccc2C1,7.0686
Cc1cccc2c1N(C(=O)C13CC4CC(CC(C4)C1)C3)CC2,6.6567
O=C(N1CCc2ccc(C(F)(F)F)cc21)C12CC3CC(CC(C3)C1)C2,6.7174
O=C(N1CCc2cc(F)ccc21)C12CC3CC(CC(C3)C1)C2,6.6990
Cc1cccc2c1CCN2C(=O)C12CC3CC(CC(C3)C1)C2,7.3641
CC1(C)CN(C(=O)C23CC4CC(CC(C4)C2)C3)c2ccccc21,6.8724
O=C(N1Cc2ccccc2C1)C12CC3CC(CC(C3)C1)C2,6.3010
O=C(N1CCc2ccccc21)C12CC3CC(CC(C3)C1)C2,6.6576
CN1CCN(C(=O)C23CC4CC(CC(C4)C2)C3)c2ccccc21,7.1487
COCCOC1CCN(C(=O)C23CC4CC(CC(C4)C2)C3)c2ccccc21,7.0379
COC1CCN(C(=O)C23CC4CC(CC(C4)C2)C3)c2ccccc21,6.6107
O=C(N1CCCc2ccccc21)C12CC3CC(CC(C3)C1)C2,7.1427
O=C(N1CCc2ccccc21)C12CC3CC(CC(O)(C3)C1)C2,6.2749
CCOC(=O)c1ccccc1NC(=O)C12CC3CC(CC(C3)C1)C2,7.4715
Cc1csc(NC(=O)C23CC4CC(CC(C4)C2)C3)n1,6.1338
O=C(NC(=S)N1CCCCC1)C12CC3CC(CC(C3)C1)C2,6.0775
CC(=O)c1ccccc1NC(=O)C12CC3CC(CC(C3)C1)C2,7.0000
CCOc1ccc(NC(=O)C23CC4CC(CC(C4)C2)C3)cc1,5.9208
CCOC1CCN(C(=O)C23CC4CC(CC(C4)C2)C3)c2ccccc21,7.3745
C=CCc1ccc(O)c(-c2ccc(OC)c(CC=C)c2)c1,7.3565
C=CCc1ccc(O)c(-c2cc(CC=C)ccc2O)c1,5.6629
C/C=C/c1ccc(O)c(-c2cc(/C=C/C)ccc2O)c1,5.2810
CCCc1ccc(O)c(-c2cc(CCC)ccc2O)c1,6.5752
C=CCc1ccc(O)c(-c2ccc(O)c(CC=C)c2)c1,6.7510
CCCCCCC(C)(C)c1cc(OC)c(C2C=C(CO)[C@H]3C[C@@H]2C3(C)C)c(OC)c1,7.0706
COc1ccc(S(=O)(=O)N(Cc2ccc(N3CCCCC3)cc2)c2ccccc2)cc1,7.4023
CCN(CC)c1ccc(CN(c2ncc(C)s2)S(=O)(=O)c2ccc(OC)cc2)cc1,7.7673
CCN(CC)c1ccc(CN(c2ccccc2)S(=O)(=O)c2ccc(OC)cc2)cc1,8.4348
CCN(CC)c1ccc(CN(c2ccccc2)S(=O)(=O)c2ccc(C)cc2)cc1,8.1729
O=S(=O)(c1ccc(Cl)cc1)N(Cc1ccc(N2CCCCC2)cc1)c1ccccc1,6.8539
Cc1ccc(S(=O)(=O)N(Cc2ccc(N3CCCCC3)cc2)c2ccccc2)cc1,6.5086
CCN(CC)c1ccc(CN(C2CCCCC2)S(=O)(=O)c2ccc(C(C)C)cc2)cc1,7.2596
CCN(CC)c1ccc(CN(C2CCCCC2)S(=O)(=O)c2ccc(OC)cc2)cc1,7.1249
CCN(CC)c1ccc(CN(Cc2ccco2)S(=O)(=O)c2ccc(C(C)C)cc2)cc1,7.5086
CCN(CC)c1ccc(CN(Cc2ccco2)S(=O)(=O)c2ccc(OC)cc2)cc1,7.6990
CCN(CC)c1ccc(CN(c2ccccc2)S(=O)(=O)c2ccc(C(C)C)cc2)cc1,7.5229
C=CCN(Cc1ccc(N(CC)CC)cc1)S(=O)(=O)c1ccc(C)cc1,7.1805
CCN(CC)c1ccc(CN(C2CCCC2)S(=O)(=O)c2ccc(C)cc2)cc1,7.4437
CCN(CC)c1ccc(CN(c2ncc(C)s2)S(=O)(=O)c2ccc(C)cc2)cc1,7.8539
CCN(CC)c1ccc(CN(C2CCCCC2)S(=O)(=O)c2ccc(C)cc2)cc1,7.7447
CCN(CC)c1ccc(CN(Cc2cccs2)S(=O)(=O)c2ccc(C)cc2)cc1,7.8539
CCN(CC)c1ccc(CN(Cc2ccco2)S(=O)(=O)c2ccc(C)cc2)cc1,8.0223
CCN(CC)c1ccc(CN(CC2CCCCC2)S(=O)(=O)c2ccc(C)cc2)cc1,7.4685
CCN(CC)c1ccc(CN(Cc2ccc(F)cc2)S(=O)(=O)c2ccc(C)cc2)cc1,6.9208
CCN(CC)c1ccc(CN(Cc2ccc(Cl)c(Cl)c2)S(=O)(=O)c2ccc(C)cc2)cc1,6.4089
CCN(CC)c1ccc(CN(Cc2ccc(Cl)cc2)S(=O)(=O)c2ccc(C)cc2)cc1,6.6778
CCN(CC)c1ccc(CN(Cc2ccc(N(CC)CC)cc2)S(=O)(=O)c2ccc(C)cc2)cc1,6.2676
CCN(CC)c1ccc(CN(CCc2ccccc2)S(=O)(=O)c2ccc(C)cc2)cc1,6.9208
CCN(CC)c1ccc(CNS(=O)(=O)c2ccc(C)cc2)cc1,5.4437
CCN(CC)c1ccc(CN(Cc2ccccc2)S(=O)(=O)c2ccc(-c3ccccc3)cc2)cc1,6.7799
CCN(CC)c1ccc(CN(Cc2ccccc2)S(=O)(=O)c2ccc3ccccc3c2)cc1,6.7212
CCN(CC)c1ccc(CN(Cc2ccccc2)S(=O)(=O)c2ccc(OC(F)(F)F)cc2)cc1,6.2388
CCN(CC)c1ccc(CN(Cc2ccccc2)S(=O)(=O)c2ccc(OC(C)C)cc2)cc1,7.0269
CCN(CC)c1ccc(CN(Cc2ccccc2)S(=O)(=O)c2ccc(OC)cc2)cc1,7.3372
CCN(CC)c1ccc(CN(Cc2ccccc2)S(=O)(=O)c2ccc(C(C)C)cc2)cc1,7.1487
CCN(CC)c1ccc(CN(Cc2ccccc2)S(=O)(=O)c2ccc(NC(C)=O)cc2)cc1,6.3279
CCN(CC)c1ccc(CN(Cc2ccccc2)S(=O)(=O)c2ccccc2)cc1,6.7696
CCN(CC)c1ccc(CN(Cc2ccccc2)S(=O)(=O)c2ccc(F)cc2)cc1,6.9914
CCN(CC)c1ccc(CN(Cc2ccccc2)S(=O)(=O)c2ccc(Cl)cc2)cc1,7.1367
CCN(CC)c1ccc(CN(Cc2ccccc2)S(=O)(=O)Cc2ccccc2)cc1,6.5817
CCN(CC)c1ccc(CN(Cc2ccccc2)Cc2ccccc2)cc1,6.8239
Cc1ccc(S(=O)(=O)N(Cc2ccccc2)Cc2ccc(C(C)C)cc2)cc1,6.6383
CCCCc1ccc(CN(Cc2ccccc2)S(=O)(=O)c2ccc(C)cc2)cc1,6.5528
C=CCc1ccc(CN(Cc2ccccc2)S(=O)(=O)c2ccc(C)cc2)cc1,6.8861
CCCc1ccc(CN(Cc2ccccc2)S(=O)(=O)c2ccc(C)cc2)cc1,6.8861
CCOc1ccc(CN(Cc2ccccc2)S(=O)(=O)c2ccc(C)cc2)cc1,6.6383
Cc1ccc(S(=O)(=O)N(Cc2ccccc2)Cc2ccc(OC(C)C)cc2)cc1,6.7595
Cc1ccc(S(=O)(=O)N(Cc2ccccc2)Cc2ccc(N3CCCCC3)cc2)cc1,7.3565
Cc1ccc(S(=O)(=O)N(Cc2ccccc2)Cc2ccc(N(CCCl)CCCl)cc2)cc1,6.7799
Cc1ccc(S(=O)(=O)N(Cc2ccccc2)Cc2ccc(N(C)C)cc2)cc1,6.1675
CCN(CC)c1ccc(CN(Cc2ccccc2)S(=O)(=O)c2ccc(C)cc2)cc1,7.2757
Cc1ccc(S(=O)(=O)N(CCc2ccccc2)Cc2ccccc2)cc1,6.1249
Cc1c(C(=O)NN2CCCCC2)nn(-c2ccccc2)c1-c1ccccc1,4.7395
O=C(NN1CCCCC1)c1cc(-c2ccccc2)n(-c2ccccc2)n1,4.5549
CCCCCc1cc(-c2ccc(Cl)cc2)n(-c2ccc(Cl)cc2Cl)n1,6.3389
CCCCCc1cc(-c2ccccc2)n(-c2ccccc2)n1,5.5312
CCCCCCc1nc(-c2ccc(Cl)cc2)n(-c2ccc(Cl)cc2Cl)n1,5.5112
O/N=C1/C(=C/c2cn(Cc3ccc(Cl)cc3)c3ccccc23)N2CCC1CC2,6.9706
O/N=C1/C(=C/c2cn(Cc3ccccc3)c3ccccc23)N2CCC1CC2,7.1637
OC1/C(=C/c2cn(Cc3ccc(Cl)cc3)c3ccccc23)N2CCC1CC2,6.9469
OC1/C(=C/c2cn(Cc3ccccc3)c3ccccc23)N2CCC1CC2,7.2573
COC(=O)c1ccc2c(/C=C3/C(=O)C4CCN3CC4)cn(Cc3ccccc3)c2c1,8.6021
COC(=O)c1ccc(Cn2cc(/C=C3/C(=O)C4CCN3CC4)c3ccccc32)cc1,6.2306
N#Cc1ccc(Cn2cc(/C=C3/C(=O)C4CCN3CC4)c3ccccc32)cc1,6.9431
O=C1/C(=C/c2cn(Cc3ccccc3Br)c3ccccc23)N2CCC1CC2,6.4776
O=C1/C(=C/c2cn(Cc3ccc(Cl)cc3)c3ccccc23)N2CCC1CC2,7.6925
O=C1/C(=C/c2cn(Cc3ccc(F)cc3)c3ccccc23)N2CCC1CC2,8.8761
O=C1/C(=C/c2cn(Cc3ccccc3)c3ccccc23)N2CCC1CC2,7.9318
CCN1C(=O)C(Sc2nc3ccccc3o2)c2ccccc2C1C,7.3768
CCCCn1c(C)c(C)cc(NC(=O)c2ccccc2C)c1=O,7.8539
CCCCn1c(C)c(C)cc(NC(=O)c2cccc3ccccc23)c1=O,7.8210
CCCCn1c(C)c(C)cc(NC(=O)c2ccc(C)cc2)c1=O,6.6056
CCCCn1c(C)c(C)cc(NC(=O)c2cccc(C)c2)c1=O,6.9207
CCCCn1c(C)c(C)cc(NC(=O)c2ccccc2Cl)c1=O,7.1019
CCCCn1c(C)c(C)cc(NC(=O)c2ccccc2F)c1=O,6.6326
CCCCn1c(C)c(C)cc(NC(=O)c2ccccc2)c1=O,6.4560
CCCCn1c(C)c(C)cc(NC(=O)c2ccc3ccccc3c2)c1=O,6.1146
CCCCn1c(C)c(C)cc(NC(=O)Cc2ccccc2)c1=O,5.8827
CCCCn1cc(C)cc(Oc2nc3ccccc3o2)c1=S,6.6271
CCCCn1ccc(C)c(Oc2nc3ccccc3o2)c1=S,6.6289
CCCCn1cccc(Oc2nc3ccccc3o2)c1=S,6.3098
CCCCCCn1c(C)c(C)cc(Oc2nc3ccccc3o2)c1=S,6.2154
CCCCCn1c(C)c(C)cc(Oc2nc3ccccc3o2)c1=S,6.6696
CCCn1c(C)c(C)cc(Oc2nc3ccccc3o2)c1=S,6.5591
CCn1c(C)c(C)cc(Oc2nc3ccccc3o2)c1=S,5.4140
CCCCn1c(C)c(C)cc(Oc2nc3ccccc3o2)c1=S,6.9957
CCCCn1c(C)c(C)cc(Oc2nc3ccccc3o2)c1=O,6.0106
CC1(C)Oc2cc(C34CC5CC(CC(C5)C3)C4)cc(O)c2-c2cc(O)ccc21,6.2588
COc1ccc2c(c1)-c1c(O)cc(C34CC5CC(CC(C5)C3)C4)cc1OC2(C)C,6.4711
Cc1ccc2c(c1)-c1c(O)cc(C34CC5CC(CC(C5)C3)C4)cc1OC2(C)C,7.1972
CC1(C)Oc2cc(C34CC5CC(CC(C5)C3)C4)cc(O)c2-c2cc(CO)ccc21,7.3307
CC1(C)Oc2cc(C34CC5CC(CC(C5)C3)C4)cc(O)c2[C@@H]2CC(CO)=CC[C@H]21,7.8539
CC(C)(C)C(=O)OCC1=CC[C@@H]2[C@@H](C1)c1c(O)cc(C34CC5CC(CC(C5)C3)C4)cc1OC2(C)C,7.3080
CC1(C)Oc2cc(C34CC5CC(CC(C5)C3)C4)cc(O)c2[C@@H]2C[C@@H](CCO)CC[C@H]21,6.4374
CC1(C)Oc2cc(C34CC5CC(CC(C5)C3)C4)cc(O)c2[C@@H]2C[C@@H](CC=O)CC[C@H]21,8.1079
CC1(C)Oc2cc(C34CC5CC(CC(C5)C3)C4)cc(O)c2[C@@H]2C[C@@H](CO)CC[C@H]21,6.9165
CC1(C)Oc2cc(C34CC5CC(CC(C5)C3)C4)cc(O)c2[C@@H]2C[C@H](CCO)CC[C@H]21,7.4776
CC1(C)Oc2cc(C34CC5CC(CC(C5)C3)C4)cc(O)c2[C@@H]2C[C@H](CC=O)CC[C@H]21,7.9508
CO/C=C\[C@@H]1CC[C@@H]2[C@@H](C1)c1c(O)cc(C34CC5CC(CC(C5)C3)C4)cc1OC2(C)C,7.1726
CC1(C)Oc2cc(C34CC5CC(CC(C5)C3)C4)cc(O)c2[C@@H]2C[C@H](CC#N)CC[C@H]21,6.9987
CC1(C)Oc2cc(C34CC5CC(CC(C5)C3)C4)cc(O)c2[C@@H]2C[C@H](CI)CC[C@H]21,6.5822
CC1(C)Oc2cc(C34CC5CC(CC(C5)C3)C4)cc(O)c2[C@@H]2C[C@H](CO)CC[C@H]21,7.9469
CC1(C)Oc2cc(C34CC5CC(CC(C5)C3)C4)cc(O)c2[C@@H]2C[C@@H](O)CC[C@H]21,6.1728
CC1(C)Oc2cc(C34CC5CC(CC(C5)C3)C4)cc(O)c2[C@@H]2C[C@H](O)CC[C@H]21,7.3925
CC1(C)Oc2cc(C34CC5CC(CC(C5)C3)C4)cc(O)c2[C@@H]2C[C@@H](C=O)CC[C@H]21,8.0458
CC1(C)Oc2cc(C34CC5CC(CC(C5)C3)C4)cc(O)c2[C@@H]2C[C@H](C=O)CC[C@H]21,8.2596
CC1(C)Oc2cc(C34CC5CC(CC(C5)C3)C4)cc(O)c2[C@@H]2CC(=O)CC[C@H]21,6.4711
CCCCCn1cc(C(=O)NC23CC4CC(CC(C4)C2)C3)c(=O)n2nc(-c3ccccc3)cc12,7.6509
CCCCCn1cc(C(=O)NC2CCCCCC2)c(=O)n2nc(C(C)(C)C)cc12,7.2981
CCCCCn1cc(C(=O)NC23CC4CC(CC(C4)C2)C3)c(=O)n2nc(CC)cc12,8.0490
CCCCCn1cc(C(=O)NC23CC4CC(CC(C4)C2)C3)c(=O)n2nc(C)c(-c3ccc(OC)cc3)c12,6.4559
CCCCCn1cc(C(=O)NC23CC4CC(CC(C4)C2)C3)c(=O)n2nc(C)c(-c3ccccc3)c12,6.7423
CCCCCn1cc(C(=O)NC23CC4CC(CC(C4)C2)C3)c(=O)n2nc(C)c(Br)c12,6.6576
CCCCCn1cc(C(=O)NC23CC4CC(CC(C4)C2)C3)c(=O)n2nc(-c3ccc(C)s3)cc12,7.9355
CCCCCn1cc(C(=O)NC23CC4CC(CC(C4)C2)C3)c(=O)n2nc(-c3cc(C)cs3)cc12,7.8239
CCCCCn1cc(C(=O)NC23CC4CC(CC(C4)C2)C3)c(=O)n2nc(-c3cccs3)cc12,8.2048
CCCCCn1cc(C(=O)NC23CC4CC(CC(C4)C2)C3)c(=O)n2nc(-c3ccoc3)cc12,7.9957
CCCCCn1cc(C(=O)NC23CC4CC(CC(C4)C2)C3)c(=O)n2nc(-c3ccco3)cc12,8.3080
CCCCCn1cc(C(=O)NC2CCCCCC2)c(=O)n2nc(-c3ccco3)cc12,8.1824
CCCCCn1cc(C(=O)NC2CCCCC2)c(=O)n2nc(-c3ccco3)cc12,8.0214
CCCCCn1cc(C(=O)NC23CC4CC(CC(C4)C2)C3)c(=O)n2nc(-c3c(Cl)cccc3Cl)cc12,7.0088
CCCCCn1cc(C(=O)NC23CC4CC(CC(C4)C2)C3)c(=O)n2nc(-c3ccc(Cl)cc3Cl)cc12,7.5229
CCCCCn1cc(C(=O)NC2CCCCCC2)c(=O)n2nc(-c3ccc(Cl)cc3Cl)cc12,7.4318
CCCCCn1cc(C(=O)NC2CCCCC2)c(=O)n2nc(-c3ccc(Cl)cc3Cl)cc12,7.2840
CCCCCn1cc(C(=O)NC23CC4CC(CC(C4)C2)C3)c(=O)n2nc(-c3ccc(Cl)cc3)cc12,8.4112
CCCCCn1cc(C(=O)NC2CCCCCC2)c(=O)n2nc(-c3ccc(Cl)cc3)cc12,8.2000
CCCCCn1cc(C(=O)NC2CCCCC2)c(=O)n2nc(-c3ccc(Cl)cc3)cc12,7.2596
CCCCCn1cc(C(=O)NC23CC4CC(CC(C4)C2)C3)c(=O)n2nc(-c3ccccc3Cl)cc12,8.2069
CCCCCn1cc(C(=O)NC2CCCCCC2)c(=O)n2nc(-c3ccccc3Cl)cc12,7.9872
CCCCCn1cc(C(=O)NC2CCCCC2)c(=O)n2nc(-c3ccccc3Cl)cc12,7.3279
CCCCCn1cc(C(=O)NC23CC4CC(CC(C4)C2)C3)c(=O)n2nc(-c3ccc(C)cc3)cc12,8.4672
CCCCCn1cc(C(=O)NC2CCCCCC2)c(=O)n2nc(-c3ccc(C)cc3)cc12,7.9872
CCCCCn1cc(C(=O)NC2CCCCC2)c(=O)n2nc(-c3ccc(C)cc3)cc12,7.2441
CCCCCn1cc(C(=O)NC23CC4CC(CC(C4)C2)C3)c(=O)n2nc(-c3ccccc3C)cc12,8.5436
CCCCCn1cc(C(=O)NC2CCCCCC2)c(=O)n2nc(-c3ccccc3C)cc12,8.0491
CCCCCn1cc(C(=O)NC2CCCCC2)c(=O)n2nc(-c3ccccc3C)cc12,7.3979
CCCCCn1cc(C(=O)NC2CCCCCC2)c(=O)n2nc(-c3ccccc3)cc12,7.5086
CCCCCn1cc(C(=O)NC2CCCCC2)c(=O)n2nc(-c3ccccc3)cc12,7.3768
CCCCCn1cc(C(=O)NC23CC4CC(CC(C4)C2)C3)c(=O)n2nc(C(C)(C)C)cc12,8.3054
CCCCCn1cc(C(=O)NC2CCCCC2)c(=O)n2nc(C(C)(C)C)cc12,7.9101
CCCCCn1cc(C(=O)NC2CCCCCC2)c(=O)n2nc(CC)cc12,8.2823
CCCCCn1cc(C(=O)NC2CCCCC2)c(=O)n2nc(CC)cc12,7.9830
CCCCCn1cc(C(=O)NC2CCC(C)CC2)c(=O)n2nc(C)cc12,6.9747
CCCCCn1cc(C(=O)NCc2ccccc2)c(=O)n2nc(C)cc12,6.4461
CCCCCn1cc(C(=O)NC23CC4CC(CC(C4)C2)C3)c(=O)n2nc(C)cc12,7.8962
CCCCCn1cc(C(=O)NC2CCCCCC2)c(=O)n2nc(C)cc12,7.9872
CCCCCn1cc(C(=O)NC2CCCCC2)c(=O)n2nc(C)cc12,7.6576
CS(=O)(=O)O.Cc1c(C(=O)c2ccc3ccccc3c2)c2cccc3c2n1[C@H](CN1CCOCC1)CO3,8.3410
CCCCn1cc(-c2ccc3ccccc3c2)c2cccc(OC)c21,7.5768
CCCCn1cc(Cc2cccc3ccccc23)c2cccc(OC)c21,7.9626
CCCCn1cc(C(=O)c2cccc3ccccc23)c2cccc(OC)c21,9.0915
CCCCn1cc(C(=O)Cc2ccc(F)cc2)c2cccc(OC)c21,6.5513
CCCCn1cc(C(=O)c2cccc3ccccc23)c2cccc(O)c21,7.1062
CCCCn1cc(C(=O)c2cccc3ccccc23)c2ccccc21,8.0088
CCCCCc1cc(OC)c2cc(Cc3ccc(Br)cc3)c(=O)oc2c1,6.2381
CCCCCc1cc(OC)c2cc(Cc3ccc(Cl)cc3)c(=O)oc2c1,6.2381
Cc1ccccc1Cc1cc2c(C)c(O)c(C)c(C)c2oc1=O,5.8069
COc1c(C)c(C)c2oc(=O)c(Cc3ccccc3C)cc2c1C,6.1805
Cc1c(O)c(C)c2cc(Cc3ccc(F)cc3)c(=O)oc2c1C,6.3526
COc1c(C)c(C)c2oc(=O)c(Cc3ccc(F)cc3)cc2c1C,5.8297
Cc1c(O)c(C)c2cc(Cc3ccccc3)c(=O)oc2c1C,5.4660
COc1c(C)c(C)c2oc(=O)c(Cc3ccccc3)cc2c1C,5.7520
COc1ccccc1Cc1cc2c(C)c(OC)c(C)c(C)c2oc1=O,6.4711
COc1ccccc1Cc1cc2c(C)ccc(C(C)C)c2oc1=O,6.0996
COc1ccccc1Cc1cc2c(C)ccc(C)c2oc1=O,5.1656
CN(C)C(=O)[C@H]1C[C@@H]1c1ccc(-c2ncn(C)c2Sc2ccc(Cl)cn2)cc1,3.8239
CCCCn1c2c(cc(C(=O)NCCc3ccccc3)c1=O)CCCCCC2,8.7827
CCCCn1c2c(cc(C(=O)NC(C)(C)c3ccccc3)c1=O)CCCCCC2,9.8495
CCCCn1c2c(cc(C(=O)NC(C)C)c1=O)CCCCCC2,8.5000
CCCCn1c2c(cc(C(=O)NCc3ccccc3)c1=O)CCCCCC2,8.8389
CCCCn1c2c(cc(C(=O)NCc3ccccc3)c1=O)CCCC2,7.7696
CCCCn1c2c(cc(C(=O)NC3CCN(C)CC3)c1=O)CCCCCC2,6.8327
CCCCn1c2c(cc(C(=O)NC3CCCCC3)c1=O)CCCCCC2,9.6990
CCCCn1c2c(cc(C(N)=O)c1=O)CCCCCC2,7.3979
O=C(NCc1ccccc1)c1cc2c(n(CCCN3CCOCC3)c1=O)CCCCCC2,6.6799
COCCn1c2c(cc(C(=O)NCc3ccccc3)c1=O)CCCCCC2,8.0969
CC(C)CCn1c2c(cc(C(=O)NCc3ccccc3)c1=O)CCCCCC2,9.0458
CCCCn1c2c(cc(C(=O)NCc3ccccc3)c1=O)COCC2,6.6904
CCCCn1c2c(cc(C(=O)NCc3ccccc3)c1=O)CCC2,7.7959
CCCCn1c(CC)c(C)cc(C(=O)NCc2ccccc2)c1=O,7.6990
CCCCn1c(C)c(C)cc(C(=O)NCc2ccccc2)c1=O,7.1805
CCOC(=O)c1c(C)cc2nc(COC(=O)NCCO)n(-c3ccccc3S(=O)(=O)NC)c(=O)c2c1C,8.4559
CCCCCOc1ccccc1-c1cc(C(=O)NC2CCCCCCC2)no1,7.9392
CCCCCOc1ccccc1-c1cc(C(=O)NC2CCCCCC2)no1,7.5854
CCCCCOc1ccccc1-c1cc(C(=O)NC2CCCCC2)no1,8.1817
CCCCCOc1ccccc1-c1cc(C(=O)NC2CCCC2)no1,7.9466
CCCCCOc1ccccc1-c1cc(C(=O)NC2CCC2)no1,7.3708
CCCCCOc1ccccc1-c1cc(C(=O)NC23CC4CC(CC2C4)C3)no1,8.1823
CCCCCOc1ccccc1-c1cc(C(=O)NC2C3CC4CC(C3)CC2C4)no1,7.5254
CCCCCCOc1ccccc1-c1cc(C(=O)NC23CC4CC(CC(C4)C2)C3)no1,7.9921
CCCCCOc1ccccc1-c1cc(C(=O)NC23CC4CC(CC(C4)C2)C3)no1,7.4437
CCCCOc1ccccc1-c1cc(C(=O)NC23CC4CC(CC(C4)C2)C3)no1,7.4853
CCCOc1ccccc1-c1cc(C(=O)NC23CC4CC(CC(C4)C2)C3)no1,7.8773
COc1ccccc1-c1cc(C(=O)NC23CC4CC(CC(C4)C2)C3)no1,7.8697
CCCCCOc1ccccc1-c1cc(C(=O)N(CC(C)C)CC(C)C)no1,7.5685
CCCCCOc1ccccc1-c1cc(C(=O)NN2CCCCC2)no1,6.2218
Cc1cc(-c2cc(C(=O)N[C@@H]3C(C)(C)[C@@H]4CC[C@@]3(C)C4)nn2-c2ccccc2)ccc1Cl,7.5110
Cc1ccc(Cn2nc(C(=O)N[C@@H]3C[C@@H]4CC[C@@]3(C)C4(C)C)cc2-c2ccc(Cl)c(C)c2)cc1,7.6504
Cc1ccc(Cn2cc(/C=C/[C@@H]3C(C)(C)[C@@H]4CC[C@@]3(C)C4)cc2-c2ccc(Cl)c(C)c2)cc1,6.9253
Cc1ccc(Cn2cc(C(=O)N[C@@H]3C(C)(C)[C@@H]4CC[C@@]3(C)C4)cc2-c2ccc(Cl)c(C)c2)cc1,7.5928
Cc1ccc(Cn2nc(/C=C/[C@@H]3C(C)(C)[C@@H]4CC[C@@]3(C)C4)cc2-c2ccc(Cl)c(C)c2)cc1,7.2761
O=S(=O)(NC1CCN(c2ncnc3c2nc(-c2ccccc2Cl)n3-c2ccc(Cl)cc2)CC1)C(F)(F)F,5.3467
O=C(CC1CCCC1)NC1CCN(c2ncnc3c2nc(-c2ccccc2Cl)n3-c2ccc(Cl)cc2)CC1,6.2449
CC(C)CCC(=O)NC1CCN(c2ncnc3c2nc(-c2ccccc2Cl)n3-c2ccc(Cl)cc2)CC1,6.6676
O=C(NC1CCN(c2ncnc3c2nc(-c2ccccc2Cl)n3-c2ccc(Cl)cc2)CC1)C1CCCC1,7.2204
CC(C)CC(=O)NC1CCN(c2ncnc3c2nc(-c2ccccc2Cl)n3-c2ccc(Cl)cc2)CC1,7.0482
O=C(CC1CCCCC1)NC1CCN(c2ncnc3c2nc(-c2ccccc2Cl)n3-c2ccc(Cl)cc2)CC1,5.6271
CCCCC(=O)NC1CCN(c2ncnc3c2nc(-c2ccccc2Cl)n3-c2ccc(Cl)cc2)CC1,5.9805
O=C(NC1CCN(c2ncnc3c2nc(-c2ccccc2Cl)n3-c2ccc(Cl)cc2)CC1)C1CCCCC1,6.0783
O=C(NC1CCN(c2ncnc3c2nc(-c2ccccc2Cl)n3-c2ccc(Cl)cc2)CC1)Oc1ccccc1,4.9727
CCOC(=O)NC1CCN(c2ncnc3c2nc(-c2ccccc2Cl)n3-c2ccc(Cl)cc2)CC1,6.3706
CCCCCn1c2ccc(C(=O)N3CCCCC3)cc2c2ccc(OC)cc21,8.0669
CS(=O)(=O)NCCCn1c2ccccc2c2cc(C(=O)N3CCCCC3)ccc21,7.6721
CCCCCn1c2ccccc2c2cc(C(=O)N3CCCCC3)ccc21,7.5577
CCOC(=O)CCn1c2ccccc2c2cc(C(=O)N3CCN(C)CC3)ccc21,5.4716
O=C(c1ccc2c(c1)c1ccccc1n2Cc1ccccn1)N1CCCCC1,6.6676
O=C(c1ccc2c(c1)c1ccccc1n2Cc1cccnc1)N1CCCCC1,6.2218
O=C(c1ccc2c(c1)c1ccccc1n2Cc1ccncc1)N1CCCCC1,7.0410
CC(C)(C)OC(=O)NCCCn1c2ccccc2c2cc(C(=O)N3CCCCC3)ccc21,5.5702
CN(C)CCCn1c2ccccc2c2cc(C(=O)N3CCCCC3)ccc21,6.3947
COC(=O)CCCn1c2ccccc2c2cc(C(=O)N3CCCCC3)ccc21,6.6819
O=C(c1ccc2c(c1)c1ccccc1n2CC1CCOCC1)N1CCCCC1,7.6990
COCCCn1c2ccccc2c2cc(C(=O)N3CCCCC3)ccc21,7.0809
O=C(OCCCn1c2ccccc2c2cc(C(=O)N3CCCCC3)ccc21)N1CCS(=O)(=O)CC1,7.1367
O=C(c1ccc2c(c1)c1ccccc1n2CCCN1CCS(=O)(=O)CC1)N1CCCCC1,6.6038
O=C(c1ccc2c(c1)c1ccccc1n2CCCN1CCCCC1)N1CCCCC1,5.6637
O=C(c1ccc2c(c1)c1ccccc1n2CCCCl)N1CCCCC1,7.0555
O=C(c1ccc2c(c1)c1ccccc1n2CCCl)N1CCCCC1,6.2848
CCOC(=O)CCn1c2ccccc2c2cc(C(=O)N3CCCCC3)ccc21,5.8817
CCCCn1c2ccccc2c2cc(C(=O)N3CCCCC3)ccc21,6.5784
CCCCCCCn1c2ccccc2c2cc(C(=O)N3CCCCC3)ccc21,6.0825
CCCCCCn1c2ccccc2c2cc(C(=O)N3CCCCC3)ccc21,7.0177
CCCn1c2ccccc2c2cc(C(=O)N3CCCCC3)ccc21,6.2832
CCCCCn1c2ccccc2c2cc(C(=O)NCC(C)(C)C)ncc21,7.5768
CCCCCn1c2ccccc2c2cc(C(=O)NN3CCCCC3)ncc21,6.7667
CCCCCn1c2ccccc2c2cc(C(=O)N3CCCCC3)ncc21,7.4522
CCCCCn1c2ccccc2c2cc(C(=O)OCC)ncc21,5.8642
CCCCCn1c2ccccc2c2cc(CN3CCN(C)CC3)ccc21,6.1308
CCCCCn1c2ccccc2c2cc(CN3CCCCC3)ccc21,6.4318
CCCCCn1c2ccccc2c2cc(C(=S)N3CCCCC3)ccc21,7.3045
CCCCCn1c2ccccc2c2cc(C(=O)CN3CCN(C)CC3)ccc21,6.4001
CCCCCn1c2ccccc2c2cc(C(=O)CN3CCS(=O)(=O)CC3)ccc21,6.2993
CCCCCn1c2ccccc2c2cc(C(=O)CN3CCCCC3)ccc21,5.9614
CCCCCn1c2ccccc2c2cc(C(=O)c3ccccc3)ccc21,6.9957
CCCCCn1c2ccccc2c2cc(C(=O)OCc3ccccn3)ccc21,5.7151
CCCCCn1c2ccccc2c2cc(C(=O)OCc3ccncc3)ccc21,5.8564
CCCCCn1c2ccccc2c2cc(C(=O)N3CCNCC3)ccc21,5.5478
CCCCCn1c2ccccc2c2cc(C(=O)NCCc3ccc(Cl)cc3)ccc21,5.4444
CCCCCn1c2ccccc2c2cc(C(=O)NC34CC5CC(CC(C5)C3)C4)ccc21,6.5399
CCCCCn1c2ccccc2c2cc(C(=O)N3CCN(C)CC3)ccc21,7.4510
CCCCCn1c2ccccc2c2cc(C(=O)N3CCOCC3)ccc21,7.0731
CCCCCn1c2ccccc2c2cc(C(=O)NN3CCCCC3)ccc21,5.7934
CCCCCn1c2ccccc2c2cc(C(=O)N3CCS(=O)(=O)CC3)ccc21,6.6478
CCCCCn1c2ccccc2c2cc(C(=O)N(CC)CC)ccc21,7.2857
CCCCCCC(C)(C)C1=CC(=O)C2=C(OC(C)(C)c3cn(CC)nc32)C1=O,5.4359
CCCCCCC(C)(C)C1=CC(=O)C2=C(OC(C)(C)c3cn(C)nc32)C1=O,6.1726
CCCCCCC(C)(C)C1=CC(=O)C2=C(OC(C)(C)c3c[nH]nc32)C1=O,6.8729
C/C=C/C=C/C=C/CC/C=C/C=C/C(=O)NCC(C)C,6.7788
CCCCCCCCC/C=C/C=C/C(=O)NCC(C)(C)O,8.6990
CC/C=C/C/C=C\CC/C=C/C=C/C(=O)NCC(C)(C)O,5.0410
C/C=C/C=C/C=C/CC/C=C/C=C/C(=O)NCC(C)(C)O,6.6498
C/C=C/C=C/C=C\CC/C=C/C=C/C(=O)NCC(C)(C)O,6.7055
C/C=C/C=C/C=C/CC/C=C/C(=O)NCC(C)(C)O,6.8827
C/C=C/C=C/C=C\CC/C=C/C(=O)NCC(C)(C)O,7.2291
C/C=C/C=C/C=C\CC/C=C/C(=O)NCC(C)(O)CO,6.7747
O=C(CCCc1nc(-c2ccc(F)cc2Br)no1)Nc1ccc2c(c1)c1ccccc1n2CCF,6.2526
O=C(CCc1nc(-c2ccc(F)cc2Br)no1)Nc1ccc2c(c1)c1ccccc1n2CCCF,5.7447
N#Cc1cc(F)ccc1-c1noc(CCC(=O)Nc2ccc3c(c2)c2ccccc2n3CCF)n1,6.0665
O=C(CCc1nc(-c2ccc(Br)cc2F)no1)Nc1ccc2c(c1)c1ccccc1n2CCF,6.3224
Cc1ccc(-c2noc(CCC(=O)Nc3ccc4c(c3)c3ccccc3n4CCF)n2)cc1,6.4237
O=C(CCc1nc(-c2ccc(Cl)cc2)no1)Nc1ccc2c(c1)c1ccccc1n2CCF,6.5361
O=C(CCc1nc(-c2ccc(F)cc2)no1)Nc1ccc2c(c1)c1ccccc1n2CCF,7.3872
O=C(CCc1nc(-c2ccc(F)cc2Br)no1)Nc1ccc2c(c1)c1ccccc1n2CCF,8.2366
O=C(CCCc1nc(-c2ccc(Cl)cc2)no1)Nc1ccc2c(c1)c1ccccc1n2CCO,6.2336
O=C(CCc1nc(-c2ccc(F)cc2Br)no1)Nc1ccc2c(c1)c1ccccc1n2CCCCO,7.0177
O=C(CCc1nc(-c2ccc(F)cc2)no1)Nc1ccc2c(c1)c1ccccc1n2CCCO,6.7100
O=C(CCc1nc(-c2ccc(F)cc2Br)no1)Nc1ccc2c(c1)c1ccccc1n2CCCO,7.4815
N#Cc1cc(F)ccc1-c1noc(CCC(=O)Nc2ccc3c(c2)c2ccccc2n3CCO)n1,6.3134
O=C(CCc1nc(-c2ccc(Cl)cc2)no1)Nc1ccc2c(c1)c1ccccc1n2CCO,6.0044
O=C(CCc1nc(-c2ccc(F)cc2)no1)Nc1ccc2c(c1)c1ccccc1n2CCO,5.9586
O=C(CCc1nc(-c2ccc(F)cc2Br)no1)Nc1ccc2c(c1)c1ccccc1n2CCO,6.4353
Cc1c(CCN2CCOCC2)c2cc(O[11CH3])ccc2n1C(=O)c1cccc(Cl)c1Cl,7.4559
COc1ccc(S(=O)(=O)c2ccc([C@H](C)NS(C)(=O)=O)cc2)c(S(=O)(=O)c2ccc(O[11CH3])cc2)c1,8.3468
CCCCOc1c(OC)ccc2cc(C(=O)NCc3ccc([18F])cc3)c(=O)[nH]c12,8.5528
CCc1ccccc1-c1nc2c(N3CCN(C)CC3)nc(C)nc2n1C1CCOCC1.Cl,7.6742
Cc1nc(N2CCN(C)CC2)c2nc(-c3ccccc3C)n(C3CCOCC3)c2n1.Cl,7.3908
Cc1nc(N2CCN(C)CC2)c2nc(-c3ccccc3C3CC3)n(C3CCOCC3)c2n1.Cl,7.4606
Cc1nc(N2CCN(C)CC2)c2nc(-c3ccccc3C(F)(F)F)n(C3CCOCC3)c2n1.Cl,7.5343
COc1ccc(-c2nc3c(N4CCN(C)CC4)nc(C)nc3n2C2CCOCC2)c(C)c1.Cl,7.0841
Cc1nc(N2CCN(C)CC2)c2nc(-c3ccccc3F)n(C3CCOCC3)c2n1.Cl,7.0825
Cc1nc(N2CCN(C)CC2)c2nc(-c3ccccc3C#N)n(C3CCOCC3)c2n1.Cl,6.9747
COc1cccc(-c2nc3c(N4CCN(C)CC4)nc(C)nc3n2C2CCOCC2)c1.Cl,6.9666
COc1ccccc1-c1nc2c(N3CCN(C)CC3)nc(C)nc2n1C1CCOCC1.Cl,7.0114
Cc1nc(N2CCN(C)CC2)c2nc(-c3cccc(C(F)(F)F)c3)n(C3CCOCC3)c2n1.Cl,7.2749
Cc1nc(N2CCN(C)CC2)c2nc(-c3cccc(Cl)c3)n(C3CCOCC3)c2n1.Cl,7.1463
Cc1nc(N2CCN(C)CC2)c2nc(-c3ccccc3Cl)n(C3CCOCC3)c2n1.Cl,7.5457
CCN1CCN(c2nc(C)nc3c2nc(-c2ccccc2Cl)n3CC2CCOCC2)CC1.Cl,7.6009
Cc1nc(N2CCN(C)CC2)c2nc(-c3ccccc3Cl)n([C@@H]3CCOC3)c2n1.Cl,7.8783
Cc1nc(N2CCN(C)CC2)c2nc(-c3ccccc3Cl)n([C@H]3CCOC3)c2n1.Cl,7.4795
Cc1nc(N2CCN(C)CC2)c2nc(-c3ccccc3Cl)n(C3CC3)c2n1.Cl,8.1252
Cc1nc(N2CCN(C)CC2)c2nc(-c3ccccc3Cl)n(CCS(C)(=O)=O)c2n1.Cl,7.5592
Cc1nc(N2CCN(C)CC2)c2nc(-c3ccccc3Cl)n(CCN3CCCC3=O)c2n1.Cl,6.7729
COCCn1c(-c2ccccc2Cl)nc2c(N3CCN4C(=O)CCC4C3)nc(C)nc21.Cl,8.1757
COCCn1c(-c2ccccc2Cl)nc2c(N3CCN(C(C)=O)CC3)nc(C)nc21.Cl,7.8367
COCCn1c(-c2ccccc2Cl)nc2c(N3CCN(CCF)CC3)nc(C)nc21.Cl,8.1915
CCN1CCN(c2nc(C)nc3c2nc(-c2ccccc2Cl)n3CCOC)CC1.Cl,8.0268
CCN1CCN(c2nc(C)nc3[nH]c(-c4ccccc4Cl)nc23)CC1.Cl,8.0646
CCN1CCN(c2nc(C)nc3c2nc(-c2ccccc2Cl)n3C)CC1.Cl,8.2014
CC(=O)NCCn1c(-c2ccccc2Cl)nc2c(N3CCN(C)CC3)nc(C)nc21.Cl,7.2692
Cc1nc(N2CCN(C)CC2)c2nc(-c3ccccc3Cl)n(CCO)c2n1.Cl,8.0915
CC(C)(O)c1cc(-c2nc(NCCc3ccc(F)cc3)nc(OCF)n2)ccc1Cl,8.9809
COc1nc(NCCc2ccc(F)cc2)nc(-c2ccc(Cl)c(C(C)(C)O)c2)n1,9.3173
CCCCOC(=O)Cc1cc(O)c2c(c1)OC(C)(C)[C@@H]1CC=C(C)C[C@@H]21,7.2882
CCCCOC(=O)[C@@H](C)c1cc(O)c2c(c1)OC(C)(C)[C@@H]1CC=C(C)C[C@@H]21,8.5123
CCCCOC(=O)[C@H](C)c1cc(O)c2c(c1)OC(C)(C)[C@@H]1CC=C(C)C[C@@H]21,8.6428
CCCCOC(=O)C1(c2cc(O)c3c(c2)OC(C)(C)[C@@H]2CC=C(C)C[C@@H]32)CCC1,8.5229
CCCCOC(=O)C(C)(C)c1cc(O)c2c(c1)OC(C)(C)[C@@H]1CC=C(C)C[C@@H]21,8.7696
O=C(N[C@@H]1CCCC[C@H]1O)c1cnc(OCC2CC2)c(-c2ccc(Cl)cc2)n1,6.0964
O=C(N[C@@H]1CCCC[C@H]1O)c1ccc(OCC2CC2)c(-c2ccc(Cl)cc2)n1,6.0640
O=C(N[C@@H]1CCCC[C@H]1O)c1cc(-c2ccc(Cl)cc2)c(OCC2CC2)cn1,5.8164
O=C(N[C@H]1CCCC[C@@H]1O)c1cnc(OCC2CC2)c(-c2ccc(Cl)cc2)c1,5.5789
O=C(N[C@@H]1CCCC[C@H]1O)c1cnc(OCC2CC2)c(-c2cc(C(F)(F)F)ccc2Cl)c1,5.6819
O=C(N[C@@H]1CCCC[C@H]1O)c1cnc(OCC2CC2)c(-c2ccc(Cl)c(Cl)c2)c1,5.8996
O=C(N[C@@H]1CCCC[C@H]1O)c1cnc(OC2CCCC2)c(-c2cc(C(F)(F)F)ccc2Cl)c1,5.6216
COc1ccc(-c2cc(C(=O)NC3CCCCCC3)c(=O)n(Cc3ccc(F)cc3)c2)cc1,8.0000
O=C(NC1CCCCCC1)c1cc(-c2ccccc2)cn(Cc2ccc(F)cc2)c1=O,8.8604
CCCCOc1ncc(Br)cc1C(=O)NC1CCCCCC1,6.4023
CC1CCC(NC(=O)c2cccnc2OCc2ccccc2)CC1,6.2262
CC1CCC(NC(=O)c2cccnc2OCc2ccc(F)cc2)CC1,7.0969
O=C(NC1CCCCCC1)c1cccnc1OCc1ccccc1,6.3179
CCOC(=O)/C=C/c1cc(C(=O)NC2CCCCCC2)c(=O)n(Cc2ccc(F)cc2)c1,7.8633
O=C(NC1CCCCCC1)c1cc(/C=C/c2ccccc2)cn(Cc2ccc(F)cc2)c1=O,8.1024
O=C(NC1CCCCCC1)c1cc(-c2ccc(F)cc2)cn(CCN2CCOCC2)c1=O,7.2007
O=C(NC1CCCCCC1)c1cc(-c2ccc(F)cc2)cn(Cc2ccc(F)cc2)c1=O,8.5528
CCCCn1cc(Br)cc(C(=O)NC2CCCCCC2)c1=O,8.2924
O=C(NC1CCCCCC1)c1cc(Br)cn(CCN2CCOCC2)c1=O,7.1871
O=C(NC1CCCCCC1)c1cc(Br)cn(Cc2ccc(F)cc2)c1=O,8.6576
CCCCn1cccc(C(=O)NC2CCC(C)CC2)c1=O,6.9830
CCCn1cccc(C(=O)NC2CCC(C)CC2)c1=O,6.2343
CC1CCC(NC(=O)c2cccn(Cc3ccccc3)c2=O)CC1,7.2757
CC1CCC(NC(=O)c2cccn(Cc3ccc(F)cc3)c2=O)CC1,8.3188
CCOC(=O)CCCn1cccc(C(=O)NC2CCCCCC2)c1=O,5.7371
O=C(NC1CCCCCC1)c1cccn(Cc2cccc(I)c2)c1=O,6.4012
O=C(NC1CCCCCC1)c1cccn(Cc2ccc(I)cc2)c1=O,6.7282
O=C(NC1CCCCCC1)c1cccn(Cc2ccc(Cl)cc2)c1=O,8.3768
O=C(NC1CCCCCC1)c1cccn(Cc2ccccc2)c1=O,8.0969
O=C(NC12CC3CC(CC(C3)C1)C2)c1nc(C(O)c2cccnc2)c2ccccn12,8.3468
O=C(NCC1(CO)CCCCC1)c1nc2c(-c3ccccc3)cccc2n1CC(F)(F)F,5.7049
CCn1c(C(=O)NCC2(CO)CCCC2)nc2c(-c3ccccc3)cccc21,5.9014
CCn1c(C(=O)NCC(C)(C)C)nc2c(-c3ccccc3)cccc21,6.3098
O=C(NC1(CO)CCCCC1)c1nc2c(-c3ccccc3)cccc2[nH]1,6.6271
O=C(NCC1(CO)CCCCC1)c1nc2c(-c3ccccc3)cccc2[nH]1,7.3665
O=C(NCC1(CO)CCCC1)c1nc2c(-c3ccccc3)cccc2[nH]1,7.6091
CC(C)(C)CNC(=O)c1nc2c(-c3ccccc3)cccc2[nH]1,7.8327
O=C(NCC(O)CO)c1nc2c(-c3ccccc3)cccc2[nH]1,8.2007
O=C(NC12CC3CC(CC(C3)C1)C2)c1nc2c(-c3ccccc3)cccc2[nH]1,8.7212
CCn1c(C(=O)NCc2cncnc2)nc2c(-c3ccccc3)cccc21,5.9570
CCn1c(C(=O)NCc2ccc(C#N)cc2)nc2c(-c3ccccc3)cccc21,7.0757
CCn1c(C(=O)NCc2ccccc2F)nc2c(-c3ccccc3)cccc21,7.3468
CCn1c(C(=O)NCc2cccc(Cl)c2)nc2c(-c3ccccc3)cccc21,7.3979
CCn1c(C(=O)NCc2ccccc2Cl)nc2c(-c3ccccc3)cccc21,8.0044
O=C(NCc1ncccc1F)c1nc2c(-c3ccccc3)cccc2[nH]1,5.8425
O=C(NCc1ccccc1)c1nc2c(-c3ccccc3)cccc2[nH]1,6.0039
O=C(NCc1ccccc1Cl)c1nc2c(-c3ccccc3)cccc2[nH]1,6.3536
O=C(NCc1cccc(C(F)(F)F)c1)c1nc2c(-c3ccccc3)cccc2[nH]1,6.5918
O=C(NCc1ccccc1F)c1nc2c(-c3ccccc3)cccc2[nH]1,6.5918
O=C(NCc1cccc(Cl)c1)c1nc2c(-c3ccccc3)cccc2[nH]1,6.7825
Brc1ccc2c(c1)c(OCc1ccc3ccccc3c1)nn2CCN1CCCCC1,5.7447
Nc1ccc2c(c1)c(OCc1ccc3ccccc3c1)nn2CCN1CCCCC1,5.6990
Nc1ccc2c(c1)c(OCc1cccc3ccccc13)nn2CCN1CCCC1,5.3010
Nc1ccc2c(c1)c(OCc1ccccc1)nn2Cc1ccccc1,5.7959
O=[N+]([O-])c1ccc2c(c1)c(OCc1ccc3ccccc3c1)nn2Cc1ccccc1,6.3979
O=[N+]([O-])c1ccc2c(c1)c(OCc1ccc3ccccc3c1)nn2CCN1CCOCC1,6.3010
O=[N+]([O-])c1ccc2c(c1)c(OCc1ccc3ccccc3c1)nn2CCN1CCCCC1,6.3010
CCCCCn1nc(OCc2ccc3ccccc3c2)c2cc([N+](=O)[O-])ccc21,5.8633
O=[N+]([O-])c1ccc2c(c1)c(OCc1cccc3ccccc13)nn2Cc1cccc2ccccc12,6.6198
O=[N+]([O-])c1ccc2c(c1)c(OCc1cccc3ccccc13)nn2CCN1CCCC1,6.8861
COc1ccc(COc2nn(CCN(C(C)C)C(C)C)c3ccc([N+](=O)[O-])cc23)cc1,5.0458
CCCCCn1nc(OCc2ccc(OC)cc2)c2cc([N+](=O)[O-])ccc21,6.3098
O=[N+]([O-])c1ccc2c(c1)c(OCc1ccccc1)nn2Cc1ccccc1,6.3979
O=[N+]([O-])c1ccc2c(c1)c(OCC1CCCCC1)nn2Cc1ccccc1,7.0458
CCCCCOc1nn(CCCCC)c2ccc([N+](=O)[O-])cc12,6.1675
c1ccc2cc(COc3nn(CCN4CCCCC4)c4ccccc34)ccc2c1,5.6990
c1ccc2c(COc3nn(CCN4CCCCC4)c4ccccc34)cccc2c1,6.6198
c1ccc2c(COc3nn(CCN4CCCC4)c4ccccc34)cccc2c1,6.3979
CC(C)N(CCn1nc(OCc2cccc3ccccc23)c2ccccc21)C(C)C,5.2676
COc1ccc(COc2nn(Cc3ccc(OC)cc3)c3ccccc23)cc1,6.0458
COc1ccc(COc2nn(CCN(C(C)C)C(C)C)c3ccccc23)cc1,5.1135
c1ccc(COc2nn(Cc3ccccc3)c3ccccc23)cc1,5.4553
c1ccc2c(c1)c(OCC1CCCCC1)nn2CC1CCCCC1,5.8861
CC(C)=CCC[C@]1(C)[C@@H](O)CC[C@@]2(C)[C@H]1CC[C@H]1Cc3c([nH]c4ccccc34)[C@@]12C,5.6498
CC(C)=C[C@H]1C[C@]2(C)[C@H](CC[C@@]3(C)[C@H]2CC[C@H]2Cc4c([nH]c5ccccc45)[C@@]23C)O1,5.3224
CC(C)=CCC[C@]1(C)[C@@H](O[C@@H]2O[C@H](CO)[C@@H](O)[C@H](O)[C@@H]2O)CC[C@@]2(C)[C@H]1CC[C@H]1Cc3c([nH]c4ccccc34)[C@@]12C,4.9747
COc1ccc(-c2nn(C(=O)NC3CCCCC3)c(=O)n2-c2ccc(Cl)cc2)cc1,5.2161
Cc1ccc(Cn2c(-c3ccc(C)cc3)nn(C(=O)NC3CCCCC3)c2=O)cc1,5.2984
COc1ccc(-c2nn(C(=O)NC3CCCCC3)c(=O)n2-c2ccc(C)cc2)cc1,5.3883
Cc1ccc(Cn2c(-c3ccc(Cl)cc3)nn(C(=O)NC3CCCCC3)c2=O)cc1,5.7144
COc1ccc(-n2c(-c3ccc(Cl)cc3)nn(C(=O)Nc3ccc(C)cc3)c2=O)cc1,4.6990
COc1ccc(-n2c(-c3ccc(Cl)cc3)nn(C(=O)NC3CCCCC3)c2=O)cc1,5.8210
CCOc1ccc(Cc2nc3cc(C(=O)N(C)CC)ccc3n2CCC(C)C)cc1,8.4815
Cc1ccc(C(=O)Oc2cccc(/C=C3\N=C4SCCCCN4C3=O)c2)cc1,5.5884
O=C1/C(=C/c2cccc(OCc3ccc(F)cc3)c2)N=C2SCCCCN12,5.8069
O=C1/C(=C/c2cccc(OCc3ccc(Cl)cc3Cl)c2)N=C2SCCCCN12,5.7825
O=C1/C(=C/c2cccc(OCc3ccccc3Cl)c2)N=C2SCCCCN12,6.0088
O=C1/C(=C/c2cccc(OCc3ccc(Cl)cc3)c2)N=C2SCCCCN12,5.3820
O=C1/C(=C/c2cccc(OCc3ccccc3)c2)N=C2SCCCCN12,5.7423
O=C1/C(=C/c2ccc(-c3ccccc3)cc2)N=C2SCCCCN12,5.2652
O=C1/C(=C/c2cccc(OCc3ccc(Cl)cc3Cl)c2)N=C2SCCCN12,6.0223
O=C1/C(=C/c2cccc(OCc3ccc(Cl)cc3)c2)N=C2SCCCN12,5.3947
O=C1/C(=C/c2cccc(OCc3ccccc3)c2)N=C2SCCCN12,5.9547
CN(C)c1ccc(/C=C2\N=C3SCCCN3C2=O)cc1,4.7799
COc1ccc(/C=C2\N=C3SCCCN3C2=O)c(OC)c1,5.5901
CCCCCCC(C)(C)c1cc(O)c2c(c1)OC(C)(C)[C@@H]1CC=C(OO)C[C@@H]21,10.4949
CC(C)CCS(=O)(=O)C(C)(C)C(=O)Nc1cc(C(C)(C)C)no1,10.3979
CC(C)(C)c1cc(NC(=O)[C@@H]2CCCN2c2ccc(C(F)(F)F)cn2)no1,10.1549
CCC(C)Cn1c(C(C)(C)C)nc2cc(S(=O)(=O)c3ccnc(F)c3)ccc21,9.5850
Cn1c(C2(C)CC2)c/c(=N\C(=O)c2cc(C(F)(F)F)ccc2OCC(C)(C)O)n1C[C@H]1CCCO1,8.4483
O=S(=O)(c1ccc2c(c1)C1C3CCC(C3)C1C(c1ccccc1)N2)N1CCOCC1,9.2518
CC(C)(C)NC(=O)c1nn(-c2ccc(F)cc2F)c2c1[C@H]1CC[C@@H]2C1,8.5714
COc1ccc(-c2nnc(NC(=O)C(C)(C)S(=O)(=O)C3CCOCC3)[nH]2)cc1,9.1805
Cc1sc(NC(=O)N2CCCN(C(=O)C3CCC(F)(F)CC3)CC2)nc1C(C)(C)C,9.1549
CC1(C)Cc2ccc(C#N)cc2[C@@H]1NC(=O)c1cc2cc(Cl)ccc2[nH]1,9.1487
CC(C)(C)Cc1nc2cc(S(=O)(=O)C(C)(C)C(N)=O)ccc2n1CC1CC1,9.0410
CC(C)(C)c1cn(C[C@H]2CCCO2)/c(=N/C(=O)c2cc(C(F)(F)F)ccc2OCc2ccccn2)s1,8.3495
CCCCn1nc(C(C)(C)C)s/c1=N\C(=O)c1cc(C(F)(F)F)ccc1CN1CC(O)C1,8.7878
COc1cccc2c(C(=O)c3ccc(Br)c4ccccc34)c(C)n(CCN3CCOCC3)c12,8.7447
CC1CN1S(=O)(=O)c1ccc2c(c1)C1(OCCCO1)C(=O)N2CC1CC1,8.6990
O=C(NC12CC3CC(CC(C3)C1)C2)c1nn(-c2ccc(Cl)c(Cl)c2)c2c1CCCC2,8.6021
CC(NC(=O)c1nc(N2CCOCC2)n2ccccc12)C(C)(C)C,8.2676
O=C(NCC12CC3CC(CC(C3)C1)C2)c1nn(C2CCCCC2)c2c1CCCCCC2,8.1805
Cc1c2n(c(=O)c3cc(OC(=O)C(C)(C)C)cc(OC(=O)C(C)(C)C)c13)CCCC2,8.1675
CCCCCCC(C)(C)c1cc(O)c([C@H]2CC(=O)[C@H]3C[C@@H]2C3(C)C)c(OC(=O)/C=C/C(=O)O)c1,8.0458
C[C@H](NS(=O)(=O)/C=C/c1n[nH]c2c1CCCC[C@@H]2Cc1cccc(F)c1)c1ccccc1,8.0458
CC1=CC[C@@H]2[C@@H](C1)c1c(OC(=O)CCCN3CCOCC3)cc(C(C)(C)CCCCC#N)cc1OC2(C)C.Cl,7.9586
COc1cccc2c(C(=O)N[C@@H]3C(C)(C)[C@@H]4CC[C@@]3(C)C4)cn(CCN3CCOCC3)c12,7.9586
CC(C)(CO)c1cc(NC(=O)C(C)(C)S(=O)(=O)C2CCOCC2)on1,7.9586
O=C(N[C@H](CO)c1ccccc1)c1n[nH]c2c1CCCC[C@H]2Cc1cccc(Cl)c1,7.9208
FC1(F)CCN(Cc2nc(-c3cccc(C(F)(F)F)c3)n3ccccc23)CC1,7.7696
Cc1nc(N2CCN(C)CC2)c2nc(-c3ccccc3Cl)n(C3CCOCC3)c2n1,7.3979
CCNC(=O)c1c(NC(=O)C23CC4CC(CC(C4)C2)C3)sc2c1CCOC2,7.6778
Cc1nc(N2CCN(C)CC2)c2nc(-c3ccccc3Cl)n(C(C)CO)c2n1,7.6498
CCCCCCC(C)(C)c1cc(OC)c([C@]2(O)CCC[C@@H](C)C2)c(OC)c1,7.6364
CCCCCc1ccc2c(c1)OC(C)(C)[C@@H]1CC=C(C)C[C@@H]21,7.4949
O=C(NC1(c2ccccn2)CCC1)C1=NN(c2c[n+]([O-])ccn2)C2C1C[C@@H]1C[C@H]21,7.4949
CN(C)CCNc1cnn(C2CC(C)(C)CC(C)(C)C2)c(=O)c1Br,7.3768
COc1ccc2c(c1)N(C)C(C)(C)[C@@H]1CC[C@@H](C)C[C@@H]21,7.2676
CN(C1CCOCC1)C(C)(C)C(=O)Nc1cc(C(C)(C)CO)no1,7.2518
CCCCCCC(C)(C)c1cc(O)c2c(c1)OC(C)(C)[C@@H]1CC=C(C(=O)O)C[C@@H]21,6.7683
CCCCC/C=C\C/C=C\C/C=C\C/C=C\CCCCOC(CO)CO,5.5229
O=C(NC1CCCC1)c1ccc2c(c1)N(S(=O)(=O)c1ccc(F)cc1)CCS2,9.0000
CNC(=O)[C@@H](NC(=O)c1nc(-c2ccccc2)n2c1CN(C)CCC2)C(C)(C)C,8.0000
CC(C)(C)Cc1nc2cc(S(=O)(=O)C3(C(N)=O)CC3)ccc2n1CC1CC1,9.8239
CC(C)(C)c1cc(NC(=O)[C@H]2CCCN2c2ccc(C(F)(F)F)cn2)no1,7.1217
COc1cccc2c(C(=O)N[C@@H]3C(C)(C)[C@@H]4CC[C@@]3(C)C4)nn(CCN3CCOCC3)c12,8.6990
CC(C)(C)c1cc(NC(=O)[C@@H]2CCN2c2ccc(C(F)(F)F)cn2)no1,8.9393
CC(C)(C)c1cc(NC(=O)[C@@H]2CCCCN2c2ccc(C(F)(F)F)cn2)no1,10.0315
CCCCCCC(C)(C)c1cc(O)c2c(c1)OC(C)(C)[C@@H]1CCOC(=O)C[C@@H]21,7.0269
CCCCCCC(C)(C)c1cc(O)c2c(c1)OC(C)(C)[C@@H]1CCC(=O)OC[C@@H]21,7.2840
CCCCCCC(C)(C)c1cc(OC(C)=O)c2c(c1)OC(C)(C)[C@@H]1CC=C(C(=O)O)C[C@@H]21,7.2924
COc1cccc2c(C(=O)N3C[C@@H](C)N(C)[C@@H](C)C3)cn(CC3CCCCC3)c12.Cl,9.1000
COc1cccc2c(C(=O)N3CCN(C)[C@@H](C)C3)cn(CC3CCCCC3)c12.Cl,8.8000
CC(C)(C)Cc1nc2cc(S(=O)(=O)C3CNC3)ccc2n1CC1CC1,8.0506
CN1CC(S(=O)(=O)c2ccc3c(c2)nc(CC(C)(C)C)n3CC2CC2)C1,8.6990
CC(=O)N1CC(S(=O)(=O)c2ccc3c(c2)nc(CC(C)(C)C)n3CC2CC2)C1,8.0177
CC(C)(C)Cc1nc2cc(S(=O)(=O)C3CN(C(N)=O)C3)ccc2n1CC1CC1,8.9208
CC(C)(C)Cc1nc2cc(S(=O)(=O)C3CCNCC3)ccc2n1CC1CC1,7.2076
CN1CCC(S(=O)(=O)c2ccc3c(c2)nc(CC(C)(C)C)n3CC2CC2)CC1,7.4318
CC(=O)N1CCC(S(=O)(=O)c2ccc3c(c2)nc(CC(C)(C)C)n3CC2CC2)CC1,8.2076
CC(C)(C)Cc1nc2cc(S(=O)(=O)C3CCN(C(N)=O)CC3)ccc2n1CC1CC1,8.2007
CC(C)(C)Cc1nc2cc(S(=O)(=O)CC3CNC3)ccc2n1CC1CC1,6.9830
CN1CC(CS(=O)(=O)c2ccc3c(c2)nc(CC(C)(C)C)n3CC2CC2)C1,7.4949
CC(=O)N1CC(CS(=O)(=O)c2ccc3c(c2)nc(CC(C)(C)C)n3CC2CC2)C1,7.1367
CC(C)(C)Cc1nc2cc(S(=O)(=O)CC3CN(C(N)=O)C3)ccc2n1CC1CC1,7.8861
CC(C)(C)Cc1nc2cc(S(=O)(=O)CC3CCNCC3)ccc2n1CC1CC1,6.5560
CN1CCC(CS(=O)(=O)c2ccc3c(c2)nc(CC(C)(C)C)n3CC2CC2)CC1,6.6799
CC(=O)N1CCC(CS(=O)(=O)c2ccc3c(c2)nc(CC(C)(C)C)n3CC2CC2)CC1,8.1135
CC(C)(C)Cc1nc2cc(S(=O)(=O)CC3CCN(C(N)=O)CC3)ccc2n1CC1CC1,9.0044
CN1CC(S(=O)(=O)c2ccc3c(c2)nc(CC(C)(C)C)n3CCOC(F)(F)F)C1,8.5850
CN1CC(S(=O)(=O)c2ccc3c(c2)nc(CC(C)(C)C)n3CC(C)(C)O)C1,7.3979
CN(C)CCn1c(CC(C)(C)C)nc2cc(S(=O)(=O)C3CN(C)C3)ccc21,7.9208
CN1CC(S(=O)(=O)c2ccc3c(c2)nc(CC(C)(C)C)n3CC2(O)CCOCC2)C1,8.1024
CC(=O)N1CCC(Cn2c(CC(C)(C)C)nc3cc(S(=O)(=O)C4CN(C)C4)ccc32)CC1,7.2518
CC(C)(C)Cc1nc2cc(S(=O)(=O)C3CN(C(N)=O)C3)ccc2n1CCOC(F)(F)F,8.2291
CC(C)(C)Cc1nc2cc(S(=O)(=O)C3CN(C(N)=O)C3)ccc2n1CC(C)(C)O,7.8539
CN(C)CCn1c(CC(C)(C)C)nc2cc(S(=O)(=O)C3CN(C(N)=O)C3)ccc21,8.3188
CC(C)(C)Cc1nc2cc(S(=O)(=O)C3CN(C(N)=O)C3)ccc2n1CC1(O)CCOCC1,7.6778
CC(=O)N1CCC(Cn2c(CC(C)(C)C)nc3cc(S(=O)(=O)C4CN(C(N)=O)C4)ccc32)CC1,7.3979
CCN1CC(S(=O)(=O)c2ccc3c(c2)nc(CC(C)(C)C)n3CCN(C)C)C1,7.7959
CN(C)CCn1c(CC(C)(C)C)nc2cc(S(=O)(=O)C3CN(CC(F)(F)F)C3)ccc21,7.8539
CN(C)CCn1c(CC(C)(C)C)nc2cc(S(=O)(=O)C3CN(CCO)C3)ccc21,7.7212
COCCN1CC(S(=O)(=O)c2ccc3c(c2)nc(CC(C)(C)C)n3CCN(C)C)C1,7.3279
CN(C)CCn1c(CC(C)(C)C)nc2cc(S(=O)(=O)C3CN(S(C)(=O)=O)C3)ccc21,7.8539
CC(C)(C)c1nnc(NC(=O)[C@@H]2CCC(=O)N2c2ccc(Cl)cc2)s1,5.3010
CC(C)(C)c1cc(NC(=O)[C@@H]2CCC(=O)N2c2ccc(C#N)cn2)on1,8.9208
CC(C)(C)c1cc(NC(=O)[C@@H]2CCC(=O)N2c2ccc(C(F)(F)F)cn2)on1,9.7212
CC(C)(C)c1cc(NC(=O)[C@@H]2CCC(=O)N2c2ccc(S(C)(=O)=O)cc2)on1,5.9393
CC(C)(C)c1cc(NC(=O)[C@@H]2CCC(=O)N2c2ccc(C#N)cc2)on1,7.4685
CC(C)(C)c1cc(NC(=O)[C@@H]2CCC(=O)N2c2ccc(F)cc2)on1,7.8539
CC(C)(C)c1cc(NC(=O)[C@@H]2CCC(=O)N2c2ccc(C(F)(F)F)cc2)on1,8.8539
CC(C)(C)c1cc(NC(=O)[C@@H]2CCC(=O)N2c2ccc(Cl)cc2)on1,8.2147
CC(C)(C)c1cc(NC(=O)[C@@H]2C[C@@H](O)CN2c2ccc(Cl)cc2)on1,7.7696
CC(C)(C)c1cc(NC(=O)[C@@H]2C[C@@H](O)CN2C2CCCCC2)on1,8.3279
CC(C)(C)c1cc(NC(=O)[C@@H]2C[C@@H](O)CN2CC2CCOCC2)on1,8.1549
CC(C)(C)c1cc(NC(=O)[C@@H]2C[C@H](O)CN2CC2CCOCC2)on1,6.1549
O=C(Nc1nc2cc(Cl)ccc2[nH]1)[C@@H]1CCCN1C1CCOCC1,6.7696
O=C(Nc1nc2ccc(Cl)cc2s1)[C@@H]1CCCN1C1CCOCC1,6.8861
O=C(Nc1nc2cc(Cl)ccc2s1)[C@@H]1CCCN1C1CCOCC1,8.3279
CC(C)(C)c1nsc(NC(=O)[C@@H]2CCCN2C2CCOCC2)n1,7.0000
CC(C)(C)c1nnc(NC(=O)[C@@H]2CCCN2C2CCOCC2)s1,7.2291
CC(C)(C)c1cc(NC(=O)[C@@H]2CCCN2C2CCOCC2)on1,8.5528
CC(C)(C)c1cc(NC(=O)[C@@H]2CCCN2CC2CCOCC2)no1,8.9586
CC(C)(C)c1cc(NC(=O)[C@@H]2CCCN2C2CCOCC2)no1,8.6198
CC(C)(C)c1cc(NC(=O)[C@@H]2CCCN2CC2CC2)no1,8.1135
CC(C)(C)c1cc(NC(=O)[C@@H]2CCCN2C2CCC2)no1,7.7212
CC(C)(C)c1cc(NC(=O)[C@@H]2CCCN2C2CCCC2)no1,8.3768
CC(C)(C)c1cc(NC(=O)[C@@H]2CCCN2C2CCCCC2)no1,9.6990
CC(C)(C)c1cc(NC(=O)[C@@H]2CCCN2c2ccc(Cl)cc2)no1,9.7101
CC(C)(C)c1cc(NC(=O)[C@@H]2CCCN2c2ccc(C(F)(F)F)cc2)no1,9.6383
COCC(C)(C)c1cc(NC(=O)[C@@H]2CCC(=O)N2c2ccc(C(F)(F)F)cc2)on1,7.9208
CC(C)(CO)c1cc(NC(=O)[C@@H]2CCC(=O)N2c2ccc(C(F)(F)F)cc2)on1,7.4202
CC(C)(C)c1cc(NC(=O)[C@@H]2CCCN2C(=O)N2CCOCC2)on1,5.3979
CC(C)(C)c1cc(NC(=O)[C@@H]2CCCN2C(=O)N2CCS(=O)(=O)CC2)no1,6.4089
CC(C)(C)c1cc(NC(=O)[C@@H]2CCCN2C(=O)C2CCC(F)(F)CC2)no1,5.6576
O=C(Nc1nc(-c2ccccc2)ns1)[C@@H]1CCCCN1C(=O)N1CCS(=O)(=O)CC1,7.4815
O=C(Nc1nc2c(Cl)cccc2s1)[C@@H]1CCCCN1C(=O)N1CCS(=O)(=O)CC1,7.5686
O=C(Nc1nc2cc(Cl)ccc2s1)[C@@H]1CCCCN1C(=O)N1CCS(=O)(=O)CC1,7.5850
O=C(Nc1nc(-c2ccccc2)cs1)[C@@H]1CCCCN1C(=O)N1CCS(=O)(=O)CC1,7.4685
O=C(Nc1cc(C2CCCC2)no1)[C@@H]1CCCCN1C(=O)N1CCS(=O)(=O)CC1,7.1612
CC(C)c1cc(NC(=O)[C@@H]2CCCCN2C(=O)N2CCS(=O)(=O)CC2)on1,6.9666
CC1(c2cc(NC(=O)[C@@H]3CCCCN3C(=O)N3CCS(=O)(=O)CC3)on2)CC1,7.2007
CC(C)(C)c1cc(NC(=O)[C@@H]2CCCCN2C(=O)N2CCS(=O)(=O)CC2)on1,7.4202
CC(C)(C)c1cc(NC(=O)[C@@H]2CCCCN2C(=O)N2CCS(=O)(=O)CC2)no1,7.9586
CC(C)(C)c1cc(NC(=O)[C@@H]2CCCCN2C(=O)N2CC[S+]([O-])CC2)no1,6.7799
CC(C)(C)c1cc(NC(=O)[C@@H]2CCCCN2C(=O)N2CCSCC2)no1,7.7696
CC(=O)N1CCN(C(=O)N2CCCC[C@H]2C(=O)Nc2cc(C(C)(C)C)on2)CC1,6.3809
CC(C)(C)c1cc(NC(=O)[C@@H]2CCCCN2C(=O)N2CCOCC2)no1,6.0872
CC(C)(C)c1cc(NC(=O)[C@@H]2CCCCN2C(=O)N2CCCCC2)no1,7.2147
CC(C)(C)c1cc(NC(=O)[C@@H]2CCCCN2C(=O)CC2CCOCC2)no1,7.7447
CC(C)(C)c1cc(NC(=O)[C@@H]2CCCCN2C(=O)C2CCS(=O)(=O)CC2)no1,6.4828
CC(C)(C)c1cc(NC(=O)[C@@H]2CCCCN2C(=O)CN2CCS(=O)(=O)CC2)no1,6.7773
CC(C)(C)c1cc(NC(=O)[C@@H]2CCCCN2C(=O)[C@H]2CC[C@H](O)CC2)no1,7.3872
CC(C)(C)c1cc(NC(=O)[C@@H]2CCCCN2C(=O)C2CCOCC2)no1,6.9547
CC(C)(C)c1cc(NC(=O)[C@@H]2CCCCN2C(=O)C2CCCCC2)no1,7.8239
CC(C)(C)c1cc(NC(=O)[C@@H]2CCCCN2C(=O)c2ccc(Cl)cc2)no1,7.2596
CC(C)(C)c1cc(NC(=O)[C@@H]2CCCCN2C(=O)c2ccccc2)no1,7.7212
CC(C)(C)c1cc(NC(=O)[C@@H]2CCCC(=O)N2c2ccc(Cl)cc2)no1,6.0022
CC(C)(C)c1cc(NC(=O)[C@@H]2CCC(=O)N2c2ccc(Cl)cc2)no1,8.2147
CC(C)(C)c1cc(NC(=O)[C@@H]2CCCCN2CC2CCOCC2)no1,9.6990
CC(C)(C)c1cc(NC(=O)[C@@H]2CCCCN2C2CCOCC2)no1,7.4815
CC(C)(C)c1cc(NC(=O)[C@@H]2CCCCN2C2CCCC2)no1,7.8539
CC(C)CN1CCCC[C@H]1C(=O)Nc1cc(C(C)(C)C)on1,8.8239
CC(C)(C)c1cc(NC(=O)[C@@H]2CCCCN2CC2CC2)no1,9.0458
CC(C)(C)c1cc(NC(=O)[C@@H]2CCCCN2C2CC2)no1,7.5086
CC(C)(C)c1cc(NC(=O)[C@@H]2CCCCN2Cc2ccc(Cl)cc2)no1,8.5229
CC(C)(C)c1cc(NC(=O)[C@@H]2CCCCN2Cc2ccccc2)no1,8.6990
CC(C)(C)c1cc(NC(=O)[C@@H]2CCCCN2c2ccc(Cl)cc2)no1,9.0969
CCCCSc1nnc2c(n1)[nH]c1ccccc12,6.5287
N#Cc1ccccc1CSc1nnc2c(n1)[nH]c1ccccc12,6.7003
c1ccc(CSc2nnc3c(n2)[nH]c2ccccc23)cc1,5.0000
N#Cc1cccc(CSc2nnc3c(n2)[nH]c2ccccc23)c1,5.1904
O=[N+]([O-])c1ccccc1CSc1nnc2c(n1)[nH]c1ccccc12,7.1456
O=[N+]([O-])c1ccc(CSc2nnc3c(n2)[nH]c2ccccc23)cc1,6.2097
O=C(O)c1ccccc1CSc1nnc2c(n1)[nH]c1ccccc12,5.6605
N#Cc1ccccc1C[S+]([O-])c1nnc2c(n1)[nH]c1ccccc12,5.4498
N#Cc1ccccc1CSc1nnc2c(n1)[nH]c1cccc(Br)c12,7.5284
O=[N+]([O-])c1ccccc1CSc1nnc2c(n1)[nH]c1cccc(Br)c12,7.4318
Cc1ccccc1-c1cccc2[nH]c3nc(SCc4ccccc4C#N)nnc3c12,5.3665
N#Cc1ccccc1CSc1nnc2c(n1)[nH]c1cccc(-c3ccsc3)c12,5.7545
N#Cc1ccccc1CSc1nnc2c(n1)[nH]c1cccc(C3CC3)c12,6.6364
CCn1c2ccccc2c2nnc(SCc3ccccc3C#N)nc21,6.1713
CCCCn1c2ccccc2c2nnc(SCc3ccccc3C#N)nc21,6.9747
N#Cc1ccccc1CSc1nnc2c3ccccc3n(CC3CC3)c2n1,6.8416
N#Cc1ccccc1CSc1nnc2c3ccccc3n(CC3CCCCC3)c2n1,6.5686
N#Cc1ccccc1CSc1nnc2c3ccccc3n(Cc3ccccc3)c2n1,7.3141
Fc1ccccc1CSc1nnc2c3ccccc3n(Cc3ccccc3)c2n1,6.3691
N#Cc1ccccc1CSc1nnc2c3ccccc3n(Cc3ccccc3[N+](=O)[O-])c2n1,6.9067
N#Cc1ccccc1CSc1nnc2c3ccccc3n(S(=O)(=O)c3ccccc3)c2n1,7.1192
N#Cc1ccccc1CSc1nnc2c3ccccc3n(C(=O)C3CC3)c2n1,6.7423
N#Cc1ccccc1CSc1nnc2c3ccccc3n(C(=O)C3CCCC3)c2n1,6.9023
N#Cc1ccccc1CSc1nnc2c3ccccc3n(C(=O)C3CCCCC3)c2n1,7.5089
COC(=O)CCC(=O)n1c2ccccc2c2nnc(SCc3ccccc3C#N)nc21,6.8812
COC(=O)CCCC(=O)n1c2ccccc2c2nnc(SCc3ccccc3C#N)nc21,7.3768
N#Cc1ccccc1CSc1nnc2c3ccccc3n(C(=O)c3ccccc3)c2n1,6.7349
O=C(c1ccccc1)n1c2ccccc2c2nnc(SCc3ccccc3[N+](=O)[O-])nc21,6.8769
N#Cc1ccccc1CSc1nnc2c3ccccc3n(C(=O)c3ccc(F)cc3)c2n1,7.2441
N#Cc1ccccc1CSc1nnc2c3ccccc3n(C(=O)c3cccc(C(F)(F)F)c3)c2n1,7.5686
N#Cc1ccccc1CSc1nnc2c3ccccc3n(C(=O)c3ccc(OC(F)(F)F)cc3)c2n1,6.7784
COc1ccc(C(=O)n2c3ccccc3c3nnc(SCc4ccccc4C#N)nc32)cc1OC,6.7959
N#Cc1ccccc1CSc1nnc2c3ccccc3n(C(=O)c3ccco3)c2n1,6.8235
N#Cc1ccccc1CSc1nnc2c3ccccc3n(C(=O)c3ccno3)c2n1,7.0340
N#Cc1ccccc1CSc1nnc2c3ccccc3n(C(=O)N3CCOCC3)c2n1,7.0362
CC(C)(CO)NC(=O)c1nn(-c2ccncn2)c2c1C[C@H]1C[C@@H]21,6.3765
CC(C)(CO)NC(=O)c1nn(-c2cnccn2)c2c1C[C@H]1C[C@@H]21,7.5969
CC(C)(CO)NC(=O)c1nn(-c2cccnc2)c2c1C[C@H]1C[C@@H]21,6.0921
CC(C)(CO)NC(=O)c1nn(-c2ccccn2)c2c1C[C@H]1C[C@@H]21,7.3726
CC(C)(CO)NC(=O)c1nn(-c2ccc(Cl)cc2Cl)c2c1C[C@H]1C[C@@H]21,7.8356
CC(C)(CO)NC(=O)c1nn(-c2c(F)cccc2F)c2c1C[C@H]1C[C@@H]21,4.6383
CC(C)(CO)NC(=O)c1nn(-c2cc(F)ccc2F)c2c1C[C@H]1C[C@@H]21,9.0458
CC(C)(CO)NC(=O)c1nn(-c2ccc(F)cc2)c2c1C[C@H]1C[C@@H]21,7.5969
CC(C)(CO)NC(=O)c1nn(-c2cccc(F)c2)c2c1C[C@H]1C[C@@H]21,8.1308
CC(C)(CO)NC(=O)c1nn(-c2ccccc2F)c2c1C[C@H]1C[C@@H]21,7.7212
CC(C)(CO)NC(=O)c1nn(-c2ccccc2)c2c1C[C@H]1C[C@@H]21,6.9961
O=C(NCC1CCOCC1)c1nn(-c2ccc(F)cc2F)c2c1C[C@@H]1C[C@H]21,5.8459
O=C(NC1CCOCC1)c1nn(-c2ccc(F)cc2F)c2c1C[C@@H]1C[C@H]21,7.4145
O=C(NC1(CO)CC1)c1nn(-c2ccc(F)cc2F)c2c1C[C@@H]1C[C@H]21,7.6055
CC(C)(CO)NC(=O)c1nn(-c2ccc(F)cc2F)c2c1C[C@@H]1C[C@H]21,8.5229
CC(C)(C)NC(=O)c1nn(-c2ccc(F)cc2F)c2c1C[C@@H]1C[C@H]21,8.1427
CC1(C)[C@H]2CC[C@](C)(C2)[C@H]1NC(=O)c1nn(-c2ccc(F)cc2F)c2c1C[C@H]1C[C@@H]21,8.9586
CC(C)(CN1CCOCC1)NC(=O)c1nn(-c2ccc(F)cc2F)c2c1C[C@H]1C[C@@H]21,9.3979
O=C(NCC1CCOCC1)c1nn(-c2ccc(F)cc2F)c2c1C[C@H]1C[C@@H]21,7.6737
O=C(NC1CCOCC1)c1nn(-c2ccc(F)cc2F)c2c1C[C@H]1C[C@@H]21,7.8182
O=C(N[C@@H](CO)c1ccccc1)c1nn(-c2ccc(F)cc2F)c2c1C[C@H]1C[C@@H]21,8.2676
O=C(N[C@H](CO)c1ccccc1)c1nn(-c2ccc(F)cc2F)c2c1C[C@H]1C[C@@H]21,7.4112
O=C(NC1(CO)CCCC1)c1nn(-c2ccc(F)cc2F)c2c1C[C@H]1C[C@@H]21,9.1549
O=C(NC1(CO)CCC1)c1nn(-c2ccc(F)cc2F)c2c1C[C@H]1C[C@@H]21,8.9208
O=C(NC1(CO)CC1)c1nn(-c2ccc(F)cc2F)c2c1C[C@H]1C[C@@H]21,7.8665
CC(C)(CO)NC(=O)c1nn(-c2ccc(F)cc2F)c2c1C[C@H]1C[C@@H]21,7.8128
CC(C)(CF)NC(=O)c1nn(-c2ccc(F)cc2F)c2c1C[C@H]1C[C@@H]21,7.7033
CC(C)(C)NC(=O)c1nn(-c2ccc(F)cc2F)c2c1C[C@H]1C[C@@H]21,8.6778
CC(C)(NC(=O)c1nn(-c2ccc(F)cc2F)c2c1C[C@H]1C[C@@H]21)c1ccccn1,9.1549
CC(C)(NC(=O)c1nn(-c2ccc(F)cc2F)c2c1C[C@H]1C[C@@H]21)c1cccnc1,8.2596
CC(C)(NC(=O)c1nn(-c2ccc(F)cc2F)c2c1C[C@H]1C[C@@H]21)c1ccncc1,8.2924
O=C(NC1(c2ccccc2)CC1)c1nn(-c2ccc(F)cc2F)c2c1C[C@H]1C[C@@H]21,8.8539
CC(C)(NC(=O)c1nn(-c2cccnc2)c2c1C[C@H]1C[C@@H]21)c1ccccc1,7.6596
CC(C)(NC(=O)c1nn(-c2ccccn2)c2c1C[C@H]1C[C@@H]21)c1ccccc1,8.3768
CC(C)(NC(=O)c1nn(-c2ccc(Cl)cc2Cl)c2c1C[C@H]1C[C@@H]21)c1ccccc1,8.4949
CC(C)(NC(=O)c1nn(-c2ccc(F)cc2F)c2c1C[C@H]1C[C@@H]21)c1ccccc1,9.0458
CC(C)(NC(=O)c1nn(Cc2ccc(F)cc2)c2c1C[C@H]1C[C@@H]21)c1ccccc1,9.6990
CC(C)(NC(=O)c1nn(CCN2CCOCC2)c2c1C[C@H]1C[C@@H]21)c1ccccc1,8.6778
CC(C)(NC(=O)c1nn(CCC2CCOCC2)c2c1C[C@H]1C[C@@H]21)c1ccccc1,8.8861
CC(C)(NC(=O)c1nn(CC2CCOCC2)c2c1C[C@H]1C[C@@H]21)c1ccccc1,9.1549
CC(C)(C)Cn1nc(C(=O)NC(C)(C)c2ccccc2)c2c1[C@@H]1C[C@@H]1C2,9.3010
CC(C)(NC(=O)c1nn(C(C)(C)C)c2c1C[C@H]1C[C@@H]21)c1ccccc1,7.4828
CC(C)n1nc(C(=O)NC(C)(C)c2ccccc2)c2c1[C@@H]1C[C@@H]1C2,7.7328
CC(=O)NCCn1c(-c2ccccc2Cl)nc2c(N3CCN(C)CC3)nc(C)nc21,7.2692
Cc1nc(N2CCN(C)CC2)c2nc(-c3ccccc3Cl)n(CC(C)(C)O)c2n1,8.2291
Cc1nc(N2CCN(C)CC2)c2nc(-c3ccccc3Cl)n(C(C)(C)CO)c2n1,7.9031
Cc1nc(N2CCN(C)CC2)c2nc(-c3ccccc3Cl)n([C@@H](C)CO)c2n1,7.9031
Cc1nc(N2CCN(C)CC2)c2nc(-c3ccccc3Cl)n([C@H](C)CO)c2n1,7.6498
CCN1CCN(c2nc(C)nc3c2nc(-c2ccccc2Cl)n3C(COC)COC)CC1,8.3010
CCN1CCN(c2nc(C)nc3c2nc(-c2ccccc2Cl)n3CCOC)CC1,8.1675
CCN1CCN(c2nc(C)nc3c2nc(-c2ccccc2Cl)n3CCCOC)CC1,8.3665
C[C@@H]1CCC2=C(C1)Oc1cc(O)ccc1C2(C)C,5.3768
CCc1cc2c(cc1O)OC1=C(CC[C@@H](C)C1)C2(C)C,6.2924
CCCCCc1cc(O)c2c(c1)OC1=C(CC[C@H](C)C1)C2(C)C,6.4155
CCCCCc1cc(O)c2c(c1)OC1=C(CC[C@@H](C)C1)C2(C)C,6.1797
Cc1c(O)ccc2c1OC1=C(CC[C@@H](C)C1)C2(C)C,6.0000
Cc1cc(O)c2c(c1)OC(C)(C)C1=C2C[C@H](C)CC1,6.1805
CCCCCc1cc(O)c2c(c1)OC(C)(C)C1=C2C[C@@H](C)CC1,7.8661
CCCCCc1cc(O)c2c(c1)OC(C)(C)C1=C2C[C@H](C)CC1,7.7521
C=C1CC/C=C/CC[C@@H]2[C@@H]1CC2(C)C,6.1079
Cc1c(C(=O)NCCCCNCc2ccc(CNCCCCNC(=O)c3nn(-c4ccc(Cl)cc4Cl)c(-c4ccc(Cl)cc4)c3C)cc2)nn(-c2ccc(Cl)cc2Cl)c1-c1ccc(Cl)cc1,5.6198
Cc1c(C(=O)NCCCCNCc2ccccc2)nn(-c2ccc(Cl)cc2Cl)c1-c1ccc(Cl)cc1,4.8962
Cc1c(C(=O)NCCCCCCCCNCc2ccccc2)nn(-c2ccc(Cl)cc2Cl)c1-c1ccc(Cl)cc1,4.5086
CCOc1ccc(Cc2nc3cc(C(=O)N(CC)CC)ccc3n2CCCCCCCCCCN(C)C)cc1,4.5000
CCOc1ccc(Cc2nc3cc(C(=O)N(CC)CC)ccc3n2CCCCCCCCCCN(C)CCCCCCCCCCn2c(Cc3ccc(OCC)cc3)nc3cc(C(=O)N(CC)CC)ccc32)cc1,5.1800
CCOc1ccc(Cc2nc3cc(C(=O)N(CC)CC)ccc3n2CCCN(C)CCCn2c(Cc3ccc(OCC)cc3)nc3cc(C(=O)N(CC)CC)ccc32)cc1,4.9200
CCOc1ccc(Cc2nc3cc(C(=O)N(CC)CC)ccc3n2CCCCN(C)CCCCn2c(Cc3ccc(OCC)cc3)nc3cc(C(=O)N(CC)CC)ccc32)cc1,4.2400
CCOc1ccc(Cc2nc3cc(C(=O)NCCCCCCCCCCN(C)C)ccc3n2CCC(C)C)cc1,4.7100
CCOc1ccc(Cc2nc3cc(C(=O)NCCCCCCCCCCN(C)CCCCCCCCCCNC(=O)c4ccc5c(c4)nc(Cc4ccc(OCC)cc4)n5CCC(C)C)ccc3n2CCC(C)C)cc1,4.7800
CCOc1ccc(Cc2nc3cc(C(=O)NCCCN(C)CCCNC(=O)c4ccc5c(c4)nc(Cc4ccc(OCC)cc4)n5CCC(C)C)ccc3n2CCC(C)C)cc1,5.5400
CCCCn1c(Cc2ccc(OCC)cc2)nc2cc(C(=O)N(CC)CC)ccc21,6.7600
CCOc1ccc(Cc2nc3cc(C(=O)OC)ccc3n2CCC(C)C)cc1,6.5300
CCOc1ccc(Cc2nc3cc(C(=O)N(CC)CC)ccc3n2CCCN(C)C)cc1,4.9000
CCCCCc1cc(O)cc(OCCCCCCCCCCCNC2CC2)c1,5.7235
CCCCCc1cc(O)cc(OCCCCCCCCCCCNCc2ccccc2)c1,6.0809
C=CCNCCCCCCCCCCCOc1cc(O)cc(CCCCC)c1,5.7328
CCCCCc1cc(O)cc(OCCCCCCCCCN[C@H](C)CO)c1,5.8182
CCCCCCc1ccc(O)cc1OCCCCCCCCCCCNC(=O)C1CC1,6.6021
CCCCCCC(C)(C)c1cc(O)cc(OCCCCCCCCCCCNC(=O)C2CC2)c1,6.1871
CCCCCc1cc(O)cc(OCCCCCCCCCCCNC(=O)C2CC2)c1,6.3372
CCCCCc1cc(O)cc(OCCCCCCCCCCC(=O)NN2CCCCC2)c1,6.1689
CCCCCc1cc(O)cc(OCCCCCCCCCCC(=O)NN(C)C)c1,6.7385
CCCCCc1cc(O)cc(OCCCCCCCCCCC(=O)NCc2ccccc2)c1,6.6940
CCCCCc1cc(O)cc(OCCCCCCCCCCC(=O)Nc2ccccc2)c1,6.5238
CCCCCCC(C)(C)c1cc(O)cc(OCCCCCCCC(=O)NCC(F)(F)F)c1,7.5544
CCCCCc1cc(O)cc(OCCCCCCCCCCC(=O)NCC(F)(F)F)c1,7.0164
C=CCNC(=O)CCCCCCCOc1cc(O)cc(C(C)(C)CCCCCC)c1,7.7414
C=CCNC(=O)CCCCCCCCCCOc1cc(O)cc(CCCCC)c1,7.7852
CCCCCCc1ccc(O)cc1OCCCCCCCCCCC(=O)NC(CO)CO,5.6253
CCCCCCC(C)(C)c1cc(O)cc(OCCCCCCCCCCC(=O)NC(CO)CO)c1,6.6383
CCCCCCC(C)(C)c1cc(O)cc(OCCCCCCCC(=O)NC(CO)CO)c1,6.0889
CCCCCc1cc(O)cc(OCCCCCCCCCCC(=O)NC(CO)CO)c1,6.2676
CCCCCCC(C)(C)c1cc(O)cc(OCCCCCCCCCCC(=O)N[C@H](C)CO)c1,7.6737
CCCCCCC(C)(C)c1cc(O)cc(OCCCCCCCC(=O)N[C@H](C)CO)c1,7.2993
CCCCCc1cc(O)cc(OCCCCCCCCCCC(=O)N[C@H](C)CO)c1,7.0123
CCCCCc1cc(O)cc(OCCCCCCCC(=O)N[C@H](C)CO)c1,6.9234
CCCCC/C=C\C/C=C\CCCCCCCC(=O)NCc1ccccc1,5.3862
CC/C=C\C/C=C\C/C=C\CCCCCCCC(=O)NCc1ccccc1,4.3569
CCC/C=C/C/C=C/CCC/C=C/C=C/C(=O)NCC(C)CC,5.9172
CC#CC#CC/C=C\CCC/C=C/C=C/C(=O)NCC(C)C,4.6469
CCC/C=C\C#C/C=C\C=C\CC/C=C/C=C/C(=O)NCC(C)C,5.0372
CCCCn1c(=O)c(C(=O)NC2CCC(C)CC2)cc2cccnc21,8.4089
CCCCCn1c(=O)c(C(=O)NC2CCC(C)CC2)cc2cccnc21,8.5498
CC1CCC(NC(=O)c2cc3cccnc3n(CCO)c2=O)CC1,5.6786
CC1CCC(NC(=O)c2cc3cccnc3n(CCCO)c2=O)CC1,6.8894
CC1CCC(NC(=O)c2cc3cccnc3n(CCCCO)c2=O)CC1,7.2733
CC1CCC(NC(=O)c2cc3cccnc3n(CCCCCO)c2=O)CC1,8.4437
CC1CCC(NC(=O)c2cc3cccnc3n(CCCCCCO)c2=O)CC1,7.7447
CCOC(=O)CCn1c(=O)c(C(=O)NC2CCC(C)CC2)cc2cccnc21,6.7545
CCOC(=O)CCCn1c(=O)c(C(=O)NC2CCC(C)CC2)cc2cccnc21,7.2034
COC(=O)CCCCn1c(=O)c(C(=O)NC2CCC(C)CC2)cc2cccnc21,7.5670
CC1CCC(NC(=O)c2cc3cccnc3n(CCC(=O)O)c2=O)CC1,5.8557
CC1CCC(NC(=O)c2cc3cccnc3n(CCCC(=O)O)c2=O)CC1,5.6080
CC1CCC(NC(=O)c2cc3cccnc3n(CCCCC(=O)O)c2=O)CC1,5.8726
CC1CCC(NC(=O)c2cc3cccnc3n(CCCCF)c2=O)CC1,7.9789
CC1CCC(NC(=O)c2cc3cccnc3n(CCCCCF)c2=O)CC1,9.2518
CC1CCC(NC(=O)c2cc3cccnc3n(CCCCCCF)c2=O)CC1,8.8356
CC1CCC(NC(=O)c2cc3cc(Br)cnc3n(Cc3ccc(F)cc3)c2=O)CC1,9.1427
C[C@H]1CC[C@H](NC(=O)c2cc3cc(Br)cnc3n(Cc3ccc(F)cc3)c2=O)CC1,8.9508
C[C@H]1CC[C@@H](NC(=O)c2cc3cc(Br)cnc3n(Cc3ccc(F)cc3)c2=O)CC1,9.9208
CC1CCC(NC(=O)c2cc3cc(Br)cnc3n(CCN3CCOCC3)c2=O)CC1,7.4935
COc1ccc(-c2cnc3c(c2)cc(C(=O)NC2CCC(C)CC2)c(=O)n3Cc2ccc(F)cc2)cc1,8.4168
CC1CCC(NC(=O)c2cc3cc(-c4cccs4)cnc3n(Cc3ccc(F)cc3)c2=O)CC1,8.7328
C[C@H]1CC[C@H](NC(=O)c2cc3cc(-c4cccs4)cnc3n(Cc3ccc(F)cc3)c2=O)CC1,7.1831
C[C@H]1CC[C@@H](NC(=O)c2cc3cc(-c4cccs4)cnc3n(Cc3ccc(F)cc3)c2=O)CC1,9.0177
CC1CCC(NC(=O)c2cc3cc(-c4ccc(F)cc4)cnc3n(Cc3ccc(F)cc3)c2=O)CC1,8.6635
CC1CCC(NC(=O)c2cc3cc(-c4ccco4)cnc3n(Cc3ccc(F)cc3)c2=O)CC1,9.1739
C[C@H]1CC[C@H](NC(=O)c2cc3cc(-c4ccco4)cnc3n(Cc3ccc(F)cc3)c2=O)CC1,7.0259
C[C@H]1CC[C@@H](NC(=O)c2cc3cc(-c4ccco4)cnc3n(Cc3ccc(F)cc3)c2=O)CC1,7.8036
COc1ccc(-c2cnc3c(c2)cc(C(=O)NC2CCC(C)CC2)c(=O)n3CCN2CCOCC2)cc1,8.0501
CC1CCC(NC(=O)c2cc3cc(-c4cccs4)cnc3n(CCN3CCOCC3)c2=O)CC1,9.7696
CC1CCC(NC(=O)c2cc3cc(-c4ccc(F)cc4)cnc3n(CCN3CCOCC3)c2=O)CC1,9.1675
CC1CCC(NC(=O)c2cc3cc(-c4ccco4)cnc3n(CCN3CCOCC3)c2=O)CC1,9.4559
CC(=O)Nc1cccc(-c2cccc(NC(=O)Nc3ccc(Cl)cc3)c2)n1,5.2907
COc1c(C)cc(-c2ccccc2)cc1C(=O)NC1CCCCCC1,6.9149
COc1c(C)cc(-c2ccccc2)cc1C(=O)N[C@H]1CC[C@H](C)CC1,7.0458
COc1c(C)cc(-c2ccccc2)cc1C(=O)N[C@H]1CC[C@@H](C)CC1,6.8239
COc1c(C)cc(-c2ccc(F)cc2)cc1C(=O)NC1CCCCCC1,6.8109
COc1c(C)cc(-c2ccc(F)cc2)cc1C(=O)N[C@H]1CC[C@H](C)CC1,7.0458
COc1c(C)cc(-c2ccc(F)cc2)cc1C(=O)N[C@H]1CC[C@@H](C)CC1,6.8109
CCCCc1cc(-c2ccc(OC)cc2)cc(C(=O)NC2CCCCCC2)c1OC,6.6038
CCCCc1cc(-c2ccc(OC)cc2)cc(C(=O)N[C@H]2CC[C@H](C)CC2)c1OC,6.8447
CCCCc1cc(-c2ccc(OC)cc2)cc(C(=O)N[C@H]2CC[C@@H](C)CC2)c1OC,7.6576
CC(C)(C)c1cc(NC(=O)C(C)(C)S(=O)(=O)c2ccc(C(F)(F)F)cc2)no1,9.1135
O=C(Nc1cc(C(F)(F)F)on1)N1CCCN(C(=O)c2ccc(C(F)(F)F)cc2)CC1,8.8539
CC(C)(C)c1cc(NC(=O)[C@H]2CCCN2c2ccc(C(F)(F)F)cc2)no1,7.0044
CC(C)(C)c1cc(NC(=O)[C@H]2CCCN2c2ccc(Cl)cc2)no1,7.3010
CC(C)(C)c1cc(NC(=O)[C@@H]2CCCN2c2ncc(C(F)(F)F)cc2Cl)no1,10.0969
CC(C)(C)c1cc(NC(=O)[C@]2(C)CCCN2c2ccc(C(F)(F)F)cc2)no1,9.5376
CC(C)(C)c1cc(NC(=O)[C@]2(C)CCCN2c2ccc(Cl)cc2)no1,9.6778
CC(C)(C)c1cc(NC(=O)[C@]2(C)CCCN2c2ccc(C(F)(F)F)cn2)no1,10.3979
CC(C)(C)c1cc(NC(=O)C(C)(C)S(=O)(=O)c2ccc(C(F)(F)F)cn2)no1,8.5229
O=C(Nc1cc(C(F)(F)F)on1)N1CCCN(C(=O)c2ccc(C(F)(F)F)cn2)CC1,8.3010
CCCCOc1cccc2cc(C(=O)NC3CCCCC3)c(=O)oc12,6.8416
CCCCCOc1cccc2cc(C(=O)NC3CCCCC3)c(=O)oc12,6.6108
CCCCOc1cccc2cc(C(=O)NC3CCCC3)c(=O)oc12,6.1007
CCCCOc1cccc2cc(C(=O)NC(C)(C)C)c(=O)oc12,6.0123
CCCCOc1cccc2cc(C(=O)NC(CC)CC)c(=O)oc12,6.8861
CCCCOc1cccc2cc(C(=O)NC(C)CCC)c(=O)oc12,6.4935
CCCCOc1cccc2cc(C(=O)NC(C)C)c(=O)oc12,6.9872
CCCCCOc1c(OC)ccc2cc(C(=O)NCc3ccc4c(c3)OCO4)c(=O)oc12,10.0605
CCCCCOc1cc(C(=O)NC2CCc3cc(O)c(O)cc3C2)ccc1OC,7.7448
CCCCCOc1cc(C(=O)NCCc2ccncc2)ccc1OC,7.1368
CCCCCOc1ccc(C(=O)NCCc2ccc(O)cc2)cc1OCCCCC,9.3568
CCCCCOc1ccc(C(=O)NCCc2ccc(N)cc2)cc1SCCCCC,8.7211
CCCCCOc1ccc2cc(C(=O)NCCc3ccc(F)cc3)c(=O)[nH]c2c1OCCCCC,10.5850
CCCCCOc1c(OC)ccc2cc(C(=O)N3CCCc4ccccc4C3)c(=O)[nH]c12,6.9270
CCCCOc1c(OC)ccc2cc(C(=O)NCCc3ccccc3)c(=O)[nH]c12,9.4817
CCCCCOc1c(OC)ccc2cc(C(=O)NCCc3ccc(O)c(OC)c3)c(=O)[nH]c12,9.0131
CCCOc1c(OC)ccc2cc(C(=O)NCCc3ccccc3)c(=O)[nH]c12,10.0459
CCOc1c(OC)ccc2cc(C(=O)NCc3ccc4c(c3)OCO4)c(=O)[nH]c12,10.2758
CCCCCOc1c(OC)ccc2cc(C(=O)NCCc3ccncc3)c(=O)n(C)c12,9.1250
CCCCCOc1c(OC)ccc2cc(C(=O)NCc3ccc4c(c3)OCO4)c(=O)n(C)c12,9.6578
CCCCCSc1cc(/C=C/C(=O)NCCc2ccc(O)cc2)ccc1OC,8.9588
CCCCCOc1cc(/C=C/C(=O)NCCc2ccncc2)ccc1OC,7.3568
CCCCCOc1c(OC)ccc2c(=O)n(CCc3ccc(O)cc3)ccc12,8.4319
CCCCCOc1c(OC)ccc2c(=O)n(CCc3ccncc3)ccc12,8.0759
CCCCCOc1c(OC)ccc2c1C(=O)N(CCc1ccc(O)cc1)C2=O,8.1368
CCCCCOc1c(OC)ccc2c1CCN(CCc1ccc(O)cc1)C2=O,8.7448
CCCCCNc1c(OC)ccc2c1CN(CCc1ccc(O)cc1)C2=O,10.0558
CCCCCOc1ccc2c(c1OCCCCC)CN(CCc1ccc(N)cc1)C2=O,9.9588
CCCCCOc1c(OC)ccc2c1CN(CCc1ccc(N)cc1)C2=O,7.8539
CCCCCOc1cc(C(=O)NCCc2ccc(O)cc2)ccc1OC,8.6021
CCCCCOc1c(OC)ccc2cc(C(=O)N3CCCC(C(=O)OCC)C3)c(=O)[nH]c12,7.0000
CCCCCOc1c(OC)ccc2cc(C(=O)NCCc3ccccc3F)c(=O)[nH]c12,9.7448
CCCCCOc1c(OC)ccc2cc(C(=O)NCCc3ccc(F)cc3)c(=O)n(C)c12,10.6779
CCCCCOc1cc(/C=C/C(=O)NCCc2ccc(O)cc2)ccc1OC,8.3189
CCCCCOc1c(OC)ccc2c1CN(CCc1ccc(O)cc1)C2=O,7.9588
CCCCCOc1cc(Br)cc2cc(C(=O)NC3CCCCC3)c(=O)oc12,5.6596
CCCCOc1cc(Br)cc2cc(C(=O)NC3CCCCC3)c(=O)oc12,7.0458
O=C(NC1CCCCC1)c1cc2cc(Br)cc(OCC3CC3)c2oc1=O,6.1273
CCCOc1c(OC)ccc2cc(C(=O)NC3CCCCC3)c(=O)oc12,6.0931
CCCCOc1c(OC)ccc2cc(C(=O)NC3CCCCC3)c(=O)oc12,7.6576
CCCCCOc1c(OC)ccc2cc(C(=O)NC3CCCCC3)c(=O)oc12,7.2147
CCCCOc1c(OC)ccc2cc(C(=O)NCC3CC3)c(=O)oc12,5.9292
CCCCOc1c(OC)ccc2cc(C(=O)NC(C)C)c(=O)oc12,6.7905
CCCCOc1c(OC)ccc2cc(C(=O)NC(C)C(C)C)c(=O)oc12,7.5528
CCCCOc1c(OC)ccc2cc(C(=O)NC(CC)CC)c(=O)oc12,7.6990
CCCCOc1c(OC)ccc2cc(C(=O)NC(C)CCC)c(=O)oc12,7.7212
CCOCCn1cc(C(=O)NC23CC4CC(CC(O)(C4)C2)C3)c(=O)c2cccc(OC)c21,9.0969
CCOCCn1cc(C(=O)NCCc2ccccc2)c(=O)c2cccc(OC)c21,6.4437
CCOCCn1cc(C(=O)NC23CC4CC(CC(C4)C2)C3)c(=O)c2cccc(OC)c21,9.1549
COc1cccc2c(=O)c(C(=O)NC(C)(C)C)cn(CCCF)c12,6.1249
CCCCn1cc(C(=O)NCC2CC2)c(=O)c2cccc(OC)c21,7.1035
CCCCn1cc(C(=O)NC2CCCC2)c(=O)c2cccc(OC)c21,7.7055
CCCCn1cc(C(=O)NC(C)(C)C)c(=O)c2cccc(OC)c21,8.0862
CCCCn1cc(C(=O)NC23CC4CC(CC(C4)C2)C3)c(=O)c2cccc(OC)c21,8.4815
COc1ccc2c(c1)c(CCN1CCOCC1)c(C)n2C(=O)c1ccc(Cl)cc1Cl,8.4089
CCCCCCC(C)(C)C1=CC2=C(C(=O)C1=O)c1[nH]ncc1C(C)(C)O2,6.4001
CCCCCCC(C)(C)C1=CC2=C(C(=O)C1=O)c1nn(C)cc1C(C)(C)O2,6.2240
CCCCCCC(C)(C)C1=CC2=C(C(=O)C1=O)c1c(cnn1CC)C(C)(C)O2,6.2765
CC1(C)Oc2cc([C@]34CC5CC(C[C@@](C(N)=O)(C5)C3)C4)cc(O)c2[C@@H]2C[C@H](O)CC[C@H]21,6.4724
COC(=O)N[C@]12CC3CC(C1)C[C@](c1cc(O)c4c(c1)OC(C)(C)[C@@H]1CC[C@@H](O)C[C@@H]41)(C3)C2,7.9385
CC1(C)Oc2cc([C@]34CC5CC(C[C@@](C#N)(C5)C3)C4)cc(O)c2[C@@H]2C[C@H](O)CC[C@H]21,7.7096
CC1(C)Oc2cc([C@]34CC5CC(C[C@@](N=C=S)(C5)C3)C4)cc(O)c2[C@@H]2C[C@H](O)CC[C@H]21,7.8827
CC1(C)Oc2cc([C@]34CC5CC(C[C@@](N=[N+]=[N-])(C5)C3)C4)cc(O)c2[C@@H]2C[C@H](O)CC[C@H]21,7.6055
CC1(C)Oc2cc([C@]34CC5CC(C[C@@](CC#N)(C5)C3)C4)cc(O)c2[C@@H]2C[C@H](O)CC[C@H]21,7.7088
CC1(C)Oc2cc([C@]34CC5CC(C[C@@](CN=C=S)(C5)C3)C4)cc(O)c2[C@@H]2C[C@H](O)CC[C@H]21,7.9872
CC1(C)Oc2cc([C@]34CC5CC(C[C@@](CN=[N+]=[N-])(C5)C3)C4)cc(O)c2[C@@H]2C[C@H](O)CC[C@H]21,8.0177
CCCCCn1cc2c(=O)n(CCC34CC5CC(CC(C5)C3)C4)nc-2c2ccccc21,7.5834
CCCCCn1cc2c(=O)n(CC34CC5CC(CC(C5)C3)C4)nc-2c2ccccc21,8.3014
CCCCCn1cc2c(=O)n(CCC3CCCCC3)nc-2c2ccccc21,8.1823
CCCCCn1cc2c(=O)n(CC3CCCCC3)nc-2c2ccccc21,8.5261
CCCCCn1cc2c(=O)n(CC3CC3)nc-2c2ccccc21,7.9830
CCCCCCn1nc2c3ccccc3n(CCCCC)cc-2c1=O,8.1135
CCCCCn1nc2c3ccccc3n(CCCCC)cc-2c1=O,8.3665
CCCCCn1cc2c(=O)n(C3CCCCC3)nc-2c2ccccc21,7.2081
CCCCCn1cc2c(=O)n(-c3cccc(C(F)(F)F)c3)nc-2c2ccccc21,7.5346
CCCCCn1cc2c(=O)n(-c3ccccc3)nc-2c2ccccc21,5.8649
CC1CCC(NC(=O)c2c(O)c3cccnc3n(Cc3ccc(F)cc3)c2=O)CC1,8.8125
CCCCCn1c(=O)c(C(=O)NC2CCC(C)CC2)cc2ccccc21,8.7620
CC1CCC(NC(=O)c2c(O)c3cccnc3n(CCCO)c2=O)CC1,6.6676
CCCCn1c(=O)c(C(=O)NC2CCC(C)CC2)c(O)c2cccnc21,7.9508
CC1CCC(NC(=O)c2c(O)c3cccnc3n(CCN3CCOCC3)c2=O)CC1,8.1284
CC1CCC(NC(=O)c2cc3ccccc3n(CCCO)c2=O)CC1,7.4437
CCCCn1c(=O)c(C(=O)NC2CCC(C)CC2)cc2ccccc21,7.7033
CCCn1c(=O)c(C(=O)NC2CCC(C)CC2)cc2ccccc21,7.5952
CC1CCC(NC(=O)c2cc3ccccc3n(CCN3CCOCC3)c2=O)CC1,8.3768
CC1CCC(NC(=O)c2cc3ccccc3n(Cc3ccc(F)cc3)c2=O)CC1,9.1249
CCOC(=O)C(CC)(CC)NC(=O)c1ccc(N2CC(O[11CH3])C2)c(OCC2CC2)n1,8.6021
CC(C)(Cc1nnc(-c2ccc(F)cc2)o1)NC(=O)c1ccc(C2CCCC2)c(OCC2CC2)n1,5.9701
CCOCCOCC(C)(C)c1cc(NC(=O)c2ccc(C3CCCC3)c(OCC3CC3)n2)on1,6.6670
COCCOCC(C)(C)c1cc(NC(=O)c2ccc(C3CCCC3)c(OCC3CC3)n2)on1,6.6451
CC(C)(OC(=O)c1ccc(C2CCCC2)c(OCC2CC2)n1)c1cc(N)on1,6.4536
CCOC(=O)C(CC)(CC)NC(=O)c1ccc(C2CCCC2)c(OCC2CC2)n1,8.1640
CC(C)(NC(=O)c1ccc(N2CC(F)(F)C2)c(OCC2CC2)n1)c1nnc(-c2ccccc2)o1,5.4025
CC(C)(Cc1nnc(-c2ccc(F)cc2)o1)NC(=O)c1ccc(N2CC(F)(F)C2)c(OCC2CC2)n1,5.5286
CCC(CC)(NC(=O)c1ccc(N2CC(F)(F)C2)c(OCC2CC2)n1)C(=O)NCCF,6.8400
CCC(CC)(NC(=O)c1ccc(N2CC(F)(F)C2)c(OCC2CC2)n1)C(=O)NC,7.4802
COC1CN(c2ccc(C(=O)NCC3(O)CCCCC3)nc2OCC2CC2)C1,5.7157
COC1CN(c2ccc(C(=O)NC(C)(C)Cc3nnc(-c4ccc(F)cc4)o3)nc2OCC2CC2)C1,6.0376
CCC(CC)(NC(=O)c1ccc(N2CC(OC)C2)c(OCC2CC2)n1)C(=O)NCCCF,6.0187
CCC(CC)(NC(=O)c1ccc(N2CC(OC)C2)c(OCC2CC2)n1)C(=O)N1CC(F)C1,8.0470
COC1CN(c2ccc(C(=O)NC3(CC(N)=O)COC3)nc2OCC2CC2)C1,6.5839
CCC(CC)(NC(=O)c1ccc(N2CC(OC)C2)c(OCC2CC2)n1)C(=O)NCCF,6.2980
CCC(CC)(NC(=O)c1ccc(N2CC(OC)C2)c(OCC2CC2)n1)C(=O)NC,7.0490
CCOC(=O)C(CC)(CC)NC(=O)c1ccc(N2CC(OC)C2)c(OCC2CC2)n1,8.4793
COC1CN(c2ccc(C(=O)OC(C)(C)c3cc(N)on3)nc2OCC2CC2)C1,6.8102
COC1CN(c2ccc(C(=O)NC(C)(C)Cc3nnc(C4CCC4)o3)nc2OCC2CC2)C1,5.3971
CC(C)(NC(=O)c1ccc(N2CC(F)(F)C2)c(OCC2CC2)n1)c1nnc(-c2cccnc2)o1,6.4022
CN(C)C1(c2nc(-c3cc(C(C)(C)C)c(O)c(C(C)(C)C)c3)co2)CCOCC1,7.3239
CC(C)(C)c1cc(-c2csc(C3(N4CCOCC4)CCOCC3)n2)cc(C(C)(C)C)c1O,6.7520
CC(C)(C)c1cc(-c2csc(C3(N4CCCCC4)CCOCC3)n2)cc(C(C)(C)C)c1O,7.3508
CCN(CC)C1(c2nc(-c3cc(C(C)(C)C)c(O)c(C(C)(C)C)c3)cs2)CCOCC1,7.1270
CNC1(c2nc(-c3cc(C(C)(C)C)c(O)c(C(C)(C)C)c3)cs2)CCOCC1,6.8416
CC(C)(C)c1cc(-c2csc(C3(N)CCOCC3)n2)cc(C(C)(C)C)c1O,5.5686
CN(C)C1(c2nc(-c3cc(C(C)(C)C)c(O)c(C(C)(C)C)c3)cs2)CCOCC1,7.4542
CN(C)Cc1nc(-c2cc(C(C)(C)C)c(O)c(C(C)(C)C)c2)cs1,5.2050
CN(C)C1(c2nc(-c3cc(C(C)(C)C)c(O)c(C(C)(C)C)c3)cs2)CCSCC1,7.1581
CN(C)C1(c2nc(-c3cc(C(C)(C)C)cc(C(C)(C)C)c3)cs2)CCOCC1,6.8962
CCCCCc1cc(O)c2c(c1)OC(C)(C)[C@@H]1CC[C@](C)(O)[C@@H](O)[C@@H]21,5.6690
CCCCCc1cc2c(c(O)c1C(=O)O)[C@@H]1C=C(COC(C)=O)CC[C@H]1C(C)(C)O2,6.0400
CCCCCc1cc(O)c2c(c1)OC(C)(C)[C@@H]1CC[C@@]3(C)O[C@H]3[C@@H]21,6.4750
C=C1CC[C@@H]2[C@H](c3c(O)cc(CCCCC)cc3OC2(C)C)[C@H]1O,6.8894
CCCCCc1cc(O)c2c(c1)OC(C)(C)[C@@H]1CC=C(C)[C@@H](O)[C@@H]21,5.4849
CCCCCc1cc(O)c2c(c1)OC(C)(C)[C@@H]1CC=C(C)[C@H](O)[C@@H]21,7.5229
CCCCCc1cc(O)c2c(c1)OC(C)(C)[C@@H]1C[C@@H](O)C(C)=C[C@@H]21,7.0555
CCCCCc1cc(O)c2c(c1)OC(C)(C)[C@@H]1C[C@H](O)C(C)=C[C@@H]21,5.4923
CCCCN1C(=O)/C(=C/NN2CCOCC2)C(=O)c2cccc(C)c21,6.3217
CCCCN1C(=O)/C(=C/NN2CCCCC2)C(=O)c2cccc(C)c21,6.0030
CCCCN1C(=O)/C(=C/NCC2CCC2)C(=O)c2cccc(C)c21,6.6578
CCCCN1C(=O)/C(=C/NCC2CC2)C(=O)c2cccc(C)c21,6.8961
CCCCN1C(=O)/C(=C/NC2CC2)C(=O)c2cccc(C)c21,6.2982
CCCCN1C(=O)/C(=C/NC2CCCC2)C(=O)c2cccc(C)c21,7.2368
CCCCN1C(=O)/C(=C/Nc2ccccn2)C(=O)c2cccc(C)c21,5.6218
CCCCN1C(=O)/C(=C/NC23CC4CC(CC(C4)C2)C3)C(=O)c2cccc(C)c21,6.4990
CCCCN1C(=O)/C(=C/NC2CCCCC2)C(=O)c2cccc(OC)c21,5.8484
CCCCN1C(=O)/C(=C/NC2CCCCC2)C(=O)c2cccc(CC)c21,6.0978
C=CCCN1C(=O)/C(=C/NC2CCCCC2)C(=O)c2cccc(C)c21,6.1258
Cc1cccc2c1N(CC1CC1)C(=O)/C(=C/NC1CCCCC1)C2=O,6.1740
CCCCCN1C(=O)/C(=C/NC2CCCCC2)C(=O)c2cccc(C)c21,6.4949
CCCCN1C(=O)/C(=C/NC2CCCCC2)C(=O)c2cccc(C)c21,7.0330
CCCN1C(=O)/C(=C/NC2CCCCC2)C(=O)c2cccc(C)c21,6.3038
CCN1C(=O)/C(=C/NC2CCCCC2)C(=O)c2cccc(C)c21,4.7471
CCCCN1C(=O)/C(=C/NC2CCCCC2)C(=O)c2c(C)cccc21,6.4671
CCCCCN1C(=O)/C(=C/NC2CCCCC2)C(=O)c2ccccc21,6.3260
CCCCN1C(=O)/C(=C/NC2CCCCC2)C(=O)c2ccccc21,5.8012
C=CCCN1C(=O)/C(=C/NC(C)(C)C)C(=O)c2cccc(C)c21,7.1231
Cc1cccc2c1N(CC1CC1)C(=O)/C(=C/NC(C)(C)C)C2=O,6.9830
CCCN1C(=O)/C(=C/NC(C)(C)C)C(=O)c2cccc(C)c21,7.4400
CCCCN1C(=O)/C(=C/NC(C)(C)CC)C(=O)c2cccc(C)c21,7.1241
CCCCN1C(=O)/C(=C/NC(CC)CC)C(=O)c2cccc(C)c21,6.9490
CCCCN1C(=O)/C(=C/NC(C)CCC)C(=O)c2cccc(C)c21,6.9358
CCCCN1C(=O)/C(=C/NC(C)C(C)C)C(=O)c2cccc(C)c21,7.0817
CCCCN1C(=O)/C(=C/NC(C)(C)CO)C(=O)c2cccc(C)c21,7.3855
CCCCN1C(=O)/C(=C/NC(C)(C)C)C(=O)c2cccc(C)c21,7.6990
CCCCN1C(=O)/C(=C/NCC(C)C)C(=O)c2cccc(C)c21,7.3553
CCCCN/C=C1\C(=O)c2cccc(C)c2N(CCCC)C1=O,7.0417
CCCCN1C(=O)/C(=C/NC2CCCCC2)C(=O)c2cc(OC)ccc21,5.3778
CCCCCN1C(=O)/C(=C/NC2CCCCC2)C(=O)c2cc(OC)ccc21,5.7825
CCCCCN1C(=O)/C(=C/NC2CCCCC2)C(=O)c2cc(Cl)ccc21,5.8210
CCCCCN1C(=O)/C(=C/NC2CCCCC2)C(=O)c2cc(Br)ccc21,5.7747
CCCCCN1C(=O)/C(=C/NC2CCCCC2)C(=O)c2ccc(C)cc21,8.0443
CCCCCN1C(=O)/C(=C/NC2CCCCC2)C(=O)c2ccc(OC)cc21,6.7122
CCCCCN1C(=O)/C(=C/NC2CCCCC2)C(=O)c2cc(OC)cc(C)c21,7.0301
CCCCCN1C(=O)/C(=C/NC2CCCCC2)C(=O)c2cc(Cl)cc(C)c21,5.8297
CCCCCN1C(=O)/C(=C/NC23CC4CC(CC(C4)C2)C3)C(=O)c2cc(OC)ccc21,7.0878
CCCCCN1C(=O)/C(=C/NC23CC4CC(CC(C4)C2)C3)C(=O)c2cc(Cl)ccc21,6.0191
CCCCCN1C(=O)/C(=C/NC23CC4CC(CC(C4)C2)C3)C(=O)c2cc(OC)cc(C)c21,7.3439
O=C(/C=C/C=C/c1ccc2ccccc2c1)NCCO,5.6070
O=C(/C=C/C=C/c1ccc2ccccc2c1)NC1CC1,5.8058
CCOC(=O)CNC(=O)/C=C/C=C/c1ccc2c(c1)OCCO2,5.3027
CCS(=O)(=O)NCCCCCSc1ccc2ccccc2c1,5.5894
CCNC(=O)NCCCCCSc1ccc2ccccc2c1,5.9638
COC[C@@H](COC(C)=O)N(C)C(=O)CC/C=C/CCCCC(Cl)CCCCCC(Cl)Cl,6.0655
COC[C@@H](COC(C)=O)N(C)C(=O)CC/C=C/CCCCC(Cl)CCCCCCCl,5.9872
O=C(c1cc(O)c(-c2cc(Cl)cc(Cl)c2)c(O)c1)C1CCCCC1,5.6970
Cc1ccc(C(=O)c2cc(O)c(-c3cc(Cl)cc(Cl)c3)c(O)c2)cc1,6.7586
Cc1cccc(C(=O)c2cc(O)c(-c3cc(Cl)cc(Cl)c3)c(O)c2)c1,5.5820
CCc1ccc(C(=O)c2cc(O)c(-c3cc(Cl)cc(Cl)c3)c(O)c2)cc1,7.4777
CCc1cccc(C(=O)c2cc(O)c(-c3cc(Cl)cc(Cl)c3)c(O)c2)c1,5.7652
CCCc1ccc(C(=O)c2cc(O)c(-c3cc(Cl)cc(Cl)c3)c(O)c2)cc1,7.3816
CC(C)c1ccc(C(=O)c2cc(O)c(-c3cc(Cl)cc(Cl)c3)c(O)c2)cc1,6.7670
CCCCc1ccc(C(=O)c2cc(O)c(-c3cc(Cl)cc(Cl)c3)c(O)c2)cc1,6.4641
CC(C)(C)c1ccc(C(=O)c2cc(O)c(-c3cc(Cl)cc(Cl)c3)c(O)c2)cc1,5.4503
O=C(c1ccc(Cl)cc1)c1cc(O)c(-c2cc(Cl)cc(Cl)c2)c(O)c1,6.9828
Cc1ccc(Cn2cc(C(=O)N[C@@H]3C(C)(C)C4CC[C@@]3(C)C4)cc2-c2ccc(Cl)c(C)c2)cc1,7.5051
Cc1ccc(Cn2cc(CN[C@@H]3C(C)(C)C4CC[C@@]3(C)C4)cc2-c2ccc(Cl)c(C)c2)cc1,6.4647
Cc1ccc(Cn2cc(C(=O)N[C@@H]3CC4CC[C@@]3(C)C4(C)C)cc2-c2ccc(Cl)c(C)c2)cc1,6.7852
Cc1ccc(Cn2cc(C(=O)NC[C@@H]3CCC4C[C@@H]3C4(C)C)cc2-c2ccc(Cl)c(C)c2)cc1,6.4412
Cc1ccc(Cn2cc(C(=O)N[C@H]3C[C@@H](C)CC[C@@H]3C(C)C)cc2-c2ccc(Cl)c(C)c2)cc1,5.9586
Cc1ccc(Cn2cc(C(=O)N[C@@H](C)C3CCCCC3)cc2-c2ccc(Cl)c(C)c2)cc1,6.3080
Cc1ccc(Cn2cc(C(=O)NC3CCCCC3)cc2-c2ccc(Cl)c(C)c2)cc1,6.6126
Cc1ccc(Cn2cc(C(=O)N3CCCCC3)cc2-c2ccc(Cl)c(C)c2)cc1,6.9747
Cc1ccc(Cn2cc(C(=O)N3CCN(c4ccccc4Cl)CC3)cc2-c2ccc(Cl)c(C)c2)cc1,5.7678
Cc1ccc(Cn2cc(C(=O)NN3CCCCCC3)cc2-c2ccc(Cl)c(C)c2)cc1,6.2403
Cc1ccc(Cn2cc(C(=O)N[C@@H]3C(C)(C)C4CC[C@@]3(C)C4)c3c2-c2ccc(Cl)c(C)c2C3)cc1,6.4647
Cc1ccc(Cn2nc(C(=O)N[C@@H]3CC4CC[C@@]3(C)C4(C)C)cc2-c2ccc(Cl)c(C)c2)cc1,8.1427
CCCCCCC(C)(C)c1cc(OC)c([C@@H]2C=C(CO)[C@@H]3C[C@H]2C3(C)C)c(OC)c1,7.7957
CC(C)(C)c1cn(C[C@H]2CCCO2)/c(=N/C(=O)c2cc(C(F)(F)F)ccc2OCc2cccc[n+]2[O-])s1,6.6799
CCCCn1cc(C(C)(C)C)s/c1=N\C(=O)c1cc(C(F)(F)F)ccc1NNC(=O)c1cccnc1,8.7959
CC(C)NOc1ccc(C(F)(F)F)cc1C(=O)/N=c1\sc(C(C)(C)C)cn1C[C@H]1CCCO1,9.5229
CCN(CC)Oc1ccc(C(F)(F)F)cc1C(=O)/N=c1\sc(C(C)(C)C)cn1C[C@H]1CCCO1,7.6576
CN(C)CCN(C)c1cnn(C2CC(C)(C)CC(C)(C)C2)c(=O)c1Cl,7.6990
CCCCn1/c(=N/C(=O)c2cc(C(F)(F)F)ccc2ONC(C)(C)C)sc2ccncc21,7.2076
COCCn1cc(C(C)(C)C)s/c1=N\C(=O)c1cc(C(F)(F)F)ccc1OCc1cnccn1,7.3468
CN1C(=O)CC[C@H]1COc1ccc(C(F)(F)F)cc1C(=O)/N=c1\sc(C(C)(C)C)cn1C[C@H]1CCCO1,7.2076
CCCCn1/c(=N/C(=O)c2cc(C(F)(F)F)ccc2OC[C@@H](C)O)sc2ccncc21,7.1249
CN1CC[C@H](COc2ccc(C(F)(F)F)cc2C(=O)/N=c2\sc(C(C)(C)C)cn2C[C@H]2CCCO2)C1,7.0362
CC(=O)N1CCC[C@@H]1COc1ccc(C(F)(F)F)cc1C(=O)/N=c1\sc(C(C)(C)C)cn1C[C@H]1CCCO1,6.9706
CN(C)CCn1cc2c(=O)n(C3CC(C)(C)CC(C)(C)C3)ncc2n1,5.6899
CCCNc1cnn(C2CCCCC2)c(=O)c1Cl,5.0000
CCCNc1cnn(C2CC(C)(C)CC(C)(C)C2)c(=O)c1Cl,8.2676
CN(CCOc1ccc(C(F)(F)F)cc1C(=O)/N=c1\sc(C(C)(C)C)cn1C[C@H]1CCCO1)c1ccccc1,7.8539
CC(C)(C)/C(COc1ccc(C(F)(F)F)cc1C(=O)/N=c1\sc(C(C)(C)C)cn1C[C@H]1CCCO1)=N/O,7.9208
C#CCCn1cc(C(C)(C)C)s/c1=N\C(=O)c1cc(C(F)(F)F)ccc1ONC(C)(C)C,7.8239
Cn1ccnc1COc1ccc(C(F)(F)F)cc1C(=O)/N=c1\sc(C(C)(C)C)cn1C[C@H]1CCCO1,7.2757
CN1CCC[C@H]1COc1ccc(C(F)(F)F)cc1C(=O)/N=c1\sc(C(C)(C)C)cn1CC1(O)CCC1,7.0223
CC(C)Cn1cc(C(C)(C)C)s/c1=N\C(=O)c1ccccc1OC[C@@H]1CCCN1C,6.5287
O=C(CCCOc1ccc(Cl)cc1Cl)NN/C=C1\C=CC=CC1=O,8.4437
CN1CCC[C@H]1CNc1ccc(C(F)(F)F)cc1C(=O)/N=c1\sc(C(C)(C)C)cn1C[C@H]1CCCO1,7.4437
CC(C)(C)c1cn(C[C@@H]2CCCO2)/c(=N/C(=O)c2cc(C(F)(F)F)ccc2OC[C@H](N)CO)s1,8.1308
CC(C)(C)OC(=O)NNc1ccc(C(F)(F)F)cc1C(=O)/N=c1/sc(C(C)(C)C)cn1C[C@H]1CCCO1,9.3979
CCCCn1c(C(=O)OC)c(C(C)C)s/c1=N\C(=O)c1cc(C(F)(F)F)ccc1NC(C)(C)C,6.8894
CC(C)(C)/C(COc1ccc(C(F)(F)F)cc1C(=O)/N=c1\sc(C(C)(C)C)cn1C[C@H]1CCCO1)=N\O,8.2676
CCCCn1cc(C(C)(C)C)s/c1=N\C(=O)c1cc(C(F)(F)F)ccc1ONC(C)(C)C,8.1739
CC(C)(O)COc1ccc(C(F)(F)F)cc1C(=O)/N=c1\sc2ccncc2n1CCCC(F)(F)F,8.0757
CC(C)Cn1cc(C(C)(C)C)s/c1=N\C(=O)c1cc(C(F)(F)F)ccc1OCCN1CCCC1,7.4949
CCCCn1cc(C(C)(C)C)s/c1=N\C(=O)c1cc(C(F)(F)F)ccc1OC[C@@H]1CCCN1C,8.0362
CC(C)Cn1cc(C(C)(C)C)s/c1=N\C(=O)c1cc(C(F)(F)F)ccc1OCC1CCOC1,8.3010
CC(C)(C)c1cn(C[C@H]2CCCO2)/c(=N/C(=O)c2cc(C(F)(F)F)ccc2OC[C@H]2CCCCN2)s1,7.5229
CC(=O)NOc1ccc(C(F)(F)F)cc1C(=O)/N=c1\sc(C(C)(C)C)cn1C[C@H]1CCCO1,8.9208
CC(C)(C)CO/C=N/CCCOc1ccc(C(F)(F)F)cc1C(=O)/N=c1\sc(C(C)(C)C)cn1C[C@H]1CCCO1,8.3098
CN1C[C@@H](F)C[C@H]1COc1ccc(C(F)(F)F)cc1C(=O)/N=c1\sc(C(C)(C)C)cn1C[C@H]1CCCO1,8.5229
Cc1s/c(=N\C(=O)c2cc(C(F)(F)F)ccc2OC[C@@H]2CCCN2C)n(CC2CC2)c1C,7.5229
CN1C[C@H](F)C[C@H]1COc1ccc(C(F)(F)F)cc1C(=O)/N=c1\sc(C(C)(C)C)cn1C[C@H]1CCCO1,8.6990
CC(C)(C)c1cn(C[C@H]2CCCO2)/c(=N/C(=O)c2cc(C(F)(F)F)ccc2OCc2ccn[nH]2)s1,7.9586
CC(C)(C)c1cn(C[C@H]2CCCO2)/c(=N/C(=O)c2cc(C(F)(F)F)ccc2OCc2cnccn2)s1,8.3010
CC(C)(C)c1cn(C[C@H]2CCCO2)/c(=N/C(=O)c2cc(C(F)(F)F)ccc2OCc2cnco2)s1,7.5850
CC(C)Cn1cc(C(C)(C)C)s/c1=N\C(=O)c1cc(C#N)ccc1OC1CCC1,7.0177
CC1(C)CC(n2ncc3c(cnn3CCN3CCOCC3)c2=O)CC(C)(C)C1,8.0706
CNc1cnn(C2CC(C)(C)CC(C)(C)C2)c(=O)c1,5.6801
CC(C)(C)c1cn(C[C@H]2CCCO2)/c(=N/C(=O)c2cc(C(F)(F)F)ccc2OC[C@@H]2CCCCN2)s1,9.1549
CCCn1cc2c(=O)n(C3CC(C)(C)CC(C)(C)C3)ncc2n1,6.6198
CC1(C)CC(n2ncc3nn(CCN4CCOCC4)cc3c2=O)CC(C)(C)C1,5.8199
CC(C)(C)c1cn(C[C@H]2CCCO2)/c(=N/C(=O)c2cc(C(F)(F)F)ccc2OCC(C)(C)n2cccc2)s1,7.4685
CC(C)(C)c1cn(C[C@H]2CCCO2)/c(=N/C(=O)c2cc(C(F)(F)F)ccc2OCc2nccs2)s1,8.2596
CN1CCCC[C@@H]1COc1ccc(C(F)(F)F)cc1C(=O)/N=c1\sc(C(C)(C)C)cn1C[C@H]1CCCO1,7.4815
CN1CCC[C@@H]1COc1ccc(C(F)(F)F)cc1C(=O)/N=c1\sc(C(C)(C)C)cn1C[C@H]1CCCO1,6.6861
CCCCn1/c(=N/C(=O)c2cc(C(F)(F)F)ccc2OC[C@H](C)O)sc2ncccc21,8.8539
C/C(=N\Oc1ccc(C(F)(F)F)cc1C(=O)/N=c1\sc(C(C)(C)C)cn1C[C@H]1CCCO1)C(F)(F)F,8.3565
CCCCn1/c(=N/C(=O)c2cc(C(F)(F)F)ccc2OC[C@H](C)O)sc2ccncc21,8.6990
CCCNc1cnn(-c2cc(C)ccc2C)c(=O)c1Cl,5.0000
C/C(CN1CCC[C@H]1COc1ccc(C(F)(F)F)cc1C(=O)/N=c1\sc(C(C)(C)C)cn1C[C@H]1CCCO1)=N\O,7.0706
CCCCn1cc(C(C)(C)C)s/c1=N\C(=O)c1cc(C(F)(F)F)ccc1OCC(C)(C)O,9.0862
CC(C)(C)NOc1ccc(C(F)(F)F)cc1C(=O)/N=c1\sc(C(C)(C)C)cn1C[C@H]1CCCO1,8.2218
CN(C)c1cnn(C2CC(C)(C)CC(C)(C)C2)c(=O)c1,6.4202
CC(C)(C)c1cn(C[C@H]2CCCO2)/c(=N/C(=O)c2cc(C(F)(F)F)ccc2OCCNCCO)s1,7.4685
CC(C)(O)COc1ccc(C(F)(F)F)cc1C(=O)/N=c1\sc2ccncc2n1CC1CCC1,8.6021
Cn1cncc1COc1ccc(C(F)(F)F)cc1C(=O)/N=c1\sc(C(C)(C)C)cn1C[C@H]1CCCO1,6.9393
CC1(C)CC(n2ncc(O)cc2=O)CC(C)(C)C1,5.7402
CCN(CC)CCNc1cnn(C2CC(C)(C)CC(C)(C)C2)c(=O)c1Cl,5.8901
CCCCn1/c(=N/C(=O)c2cc(C(F)(F)F)ccc2OCCNC(C)=O)sc2ccncc21,8.8239
CCCCn1cc(C(C)(C)C)s/c1=N\C(=O)c1cc(Cl)ccc1OCC(N)=O,8.5086
CC(C)(O)CCOc1ccc(C(F)(F)F)cc1C(=O)/N=c1\sc(C(C)(C)C)cn1C[C@H]1CCCO1,8.8861
CC(C)Cn1cc(C(C)(C)C)s/c1=N\C(=O)c1cc(Cl)ccc1OC1CC1,8.0044
CN1CC[C@@H](COc2ccc(C(F)(F)F)cc2C(=O)/N=c2\sc(C(C)(C)C)cn2C[C@H]2CCCO2)C1,6.8508
CN1CC(COc2ccc(C(F)(F)F)cc2C(=O)/N=c2\sc(C(C)(C)C)cn2C[C@H]2CCCO2)C1,6.6819
CC1(C)CC(n2ncc(NCCN3CCOCC3)c(Br)c2=O)CC(C)(C)C1,7.6498
CCCNc1cnn(-c2cc(C)cc(C)c2)c(=O)c1Cl,5.0000
C=C=CCn1cc(C(C)(C)C)s/c1=N\C(=O)c1cc(C(F)(F)F)ccc1ONC(C)(C)C,7.7696
CCCCn1/c(=N/C(=O)c2cc(C(F)(F)F)ccc2OCCC(C)(C)O)sc2ccncc21,7.4559
CN1CC[C@@H]1COc1ccc(C(F)(F)F)cc1C(=O)/N=c1\sc(C(C)(C)C)cn1C[C@H]1CCCO1,7.3279
CC(C)(C)c1cn(C[C@H]2CCCO2)/c(=N/C(=O)c2cc(C(F)(F)F)ccc2OC[C@@H]2CCN2)s1,7.8239
CC(C)(C)c1cn(C[C@H]2CCCO2)/c(=N/C(=O)c2cc(C(F)(F)F)ccc2OC[C@H]2CCN2)s1,6.9393
CNc1cnn(C2CC(C)(C)CC(C)(C)C2)c(=O)c1Cl,6.4498
CCCNc1cnn(C2CC(C)(C)CC(C)(C)C2)c(=O)c1Br,8.3188
CC(C)Cn1cc(C(C)(C)C)s/c1=N\C(=O)c1cc(C(F)(F)F)ccc1OCCO,9.1367
CC(C)(C)c1cn(C[C@H]2CCCO2)/c(=N/C(=O)c2cc(C(F)(F)F)ccc2OCc2ccccc2)s1,8.2218
CN1CCC[C@H]1COc1ccc(C(F)(F)F)cc1C(=O)/N=c1\sc(C(C)(C)C)cn1C[C@H]1CCCO1,8.3372
CN1CCCC[C@H]1COc1ccc(C(F)(F)F)cc1C(=O)/N=c1\sc(C(C)(C)C)cn1C[C@H]1CCCO1,9.1549
CC(C)Cn1cc(C(C)(C)C)s/c1=N\C(=O)c1cc(C(F)(F)F)ccc1OCc1ccco1,8.1308
CC(C)Cn1cc(C(C)(C)C)s/c1=N\C(=O)c1cc(Cl)ccc1OCC1CCO1,8.0458
CC(C)Cn1cc(C(C)(C)C)s/c1=N\C(=O)c1cc(C(F)(F)F)ccc1OC[C@@H]1CCCN1C,7.4089
C[C@@H](O)COc1ccc(C(F)(F)F)cc1C(=O)/N=c1\sc(C(C)(C)C)cn1C[C@H]1CCCO1,8.9586
CCCNc1cnn(C2CC(C)(C)CC(C)(C)C2)c(=O)c1,7.1675
CC(C)Cn1cc(C(C)(C)C)s/c1=N\C(=O)c1cc(C(F)(F)F)ccc1O[C@H]1CCN(C)C1,6.9547
CC(C)Cn1cc(C(C)(C)C)s/c1=N\C(=O)c1cc(C(F)(F)F)ccc1OCCn1ccnc1,7.0177
CN1CCN(C)[C@@H](COc2ccc(C(F)(F)F)cc2C(=O)/N=c2\sc(C(C)(C)C)cn2C[C@H]2CCCO2)C1,7.6021
CCCn1ncc2c(=O)n(C3CC(C)(C)CC(C)(C)C3)ncc21,7.7696
CN(C)c1cnn(C2CC(C)(C)CC(C)(C)C2)c(=O)c1Cl,7.7696
CC1(C)CC(n2ncc(Cl)c(Cl)c2=O)CC(C)(C)C1,6.4101
C/C(COc1ccc(C(F)(F)F)cc1C(=O)/N=c1\sc(C(C)(C)C)cn1C[C@H]1CCCO1)=N\O,8.7447
CC(C)(C)c1cn(C[C@H]2CCCO2)/c(=N/C(=O)c2cc(C(F)(F)F)ccc2OC[C@@H]2CCCN2S(C)(=O)=O)s1,7.7959
CC(C)(C)c1cn(CCC(F)(F)F)/c(=N/C(=O)c2cc(C#N)ccc2OC2CCC2)s1,7.2757
CC(C)(C)NNc1ccc(C(F)(F)F)cc1C(=O)/N=c1\sc(C(C)(C)C)cn1C[C@H]1CCCO1,8.4318
CC(C)N1CCC[C@H]1COc1ccc(C(F)(F)F)cc1C(=O)/N=c1\sc(C(C)(C)C)cn1C[C@H]1CCCO1,6.9914
CCN1CCC[C@H]1COc1ccc(C(F)(F)F)cc1C(=O)/N=c1\sc(C(C)(C)C)cn1C[C@H]1CCCO1,8.0862
CC(C)(C)c1cn(C[C@H]2CCCO2)/c(=N/C(=O)c2cc(C(F)(F)F)ccc2OC[C@@H]2CCCN2)s1,8.3372
CN1CCC(COc2ccc(C(F)(F)F)cc2C(=O)/N=c2\sc(C(C)(C)C)cn2C[C@H]2CCCO2)CC1,6.0000
CN1CCC[C@H]1COc1ccc(C(F)(F)F)cc1C(=O)/N=c1\scc(C(C)(C)C)n1C[C@H]1CCCO1,6.5391
CN1CC[C@H]1COc1ccc(C(F)(F)F)cc1C(=O)/N=c1\sc(C(C)(C)C)cn1C[C@H]1CCCO1,8.1308
CC(C)(C)c1cn(C[C@H]2CCCO2)/c(=N/C(=O)c2cc(C(F)(F)F)ccc2OCCC/N=C/OC2CCCCO2)s1,7.6021
CC(C)Cn1cc(C(C)(C)C)s/c1=N\C(=O)c1cc(Br)ccc1OC[C@@H]1CCCN1C,7.5686
CC(C)Cn1cc(C(C)(C)C)s/c1=N\C(=O)c1cc(C(F)(F)F)ccc1OC[C@@H]1CCN1,7.3565
CC1(C)CC(n2ncc(NCCN3CCOCC3)c(Cl)c2=O)CC(C)(C)C1,7.0809
CCCCn1/c(=N/C(=O)c2cc(C(F)(F)F)ccc2OC[C@@H]2CCCN2C)sc2ccncc21,7.4685
CC(C)(C)c1cn(C[C@H]2CCCO2)/c(=N/C(=O)c2cc(C(F)(F)F)ccc2OC[C@H]2CCCO2)s1,8.5229
CN(C)CCn1ncc2c(=O)n(C3CC(C)(C)CC(C)(C)C3)ncc21,6.9788
CC(C)Cn1cc(C(C)(C)C)s/c1=N\C(=O)c1cc(C(F)(F)F)ccc1OC[C@@H]1CCN1C,7.4318
CC(C)(C)c1cn(CC2CCCO2)/c(=N/C(=O)c2cc(C(F)(F)F)ccc2ON=C2CCCC2)s1,9.3010
CC(C)(C)c1cn(C[C@H]2CCCO2)/c(=N/C(=O)c2cc(C(F)(F)F)ccc2OC[C@@H]2CCCO2)s1,9.3010
CN(C)CCNc1cnn(C2CC(C)(C)CC(C)(C)C2)c(=O)c1Cl,6.6904
CCCCn1/c(=N/C(=O)c2cc(C(F)(F)F)ccc2OCC(C)(C)O)sc2ccncc21,8.2676
CC(C)(C)C(=O)COc1ccc(C(F)(F)F)cc1C(=O)/N=c1\sc(C(C)(C)C)cn1C[C@H]1CCCO1,9.0458
CN1CCC[C@H]1COc1ccc(C(F)(F)F)cc1C(=S)/N=c1\sc(C(C)(C)C)cn1C[C@H]1CCCO1,8.8861
CN1CCC[C@H]1COc1ccc(C#N)cc1C(=O)/N=c1\sc(C(C)(C)C)cn1C[C@H]1CCCO1,7.3665
CC(=O)/C(C)=N/Oc1ccc(C(F)(F)F)cc1C(=O)/N=c1\sc(C(C)(C)C)cn1C[C@H]1CCCO1,8.4815
CC(C)(C)c1cn(C[C@H]2CCCO2)/c(=N/C(=O)c2cc(C(F)(F)F)ccc2OC[C@H]2CCC[N+]2(C)[O-])s1,7.6198
CC(=O)OCCOc1ccc(C(F)(F)F)cc1C(=O)/N=c1\sc(C(C)(C)C)cn1CC(C)C,7.7959
CCCCn1/c(=N/C(=O)c2cc(C(F)(F)F)ccc2OCC(C)(C)O)sc2ncccc21,7.8239
CC(C)(C)c1cn(C[C@H]2CCCO2)/c(=N/C(=O)c2cc(C(F)(F)F)ccc2OCc2cccnc2)s1,7.8861
CCCCn1cc(C(C)(C)C)s/c1=N\C(=O)c1cc(C(F)(F)F)ccc1NNC(=O)c1ccncc1,8.9586
CC(C)(C)c1cn(C[C@H]2CCCO2)/c(=N/C(=O)c2cc(C(F)(F)F)ccc2OC[C@@H]2CNCCO2)s1,7.6778
Cc1c(C(=O)NC2CCN(S(=O)(=O)CC(C)C)CC2)nn(-c2ccc(Cl)cc2Cl)c1-c1ccc(Cl)cc1,5.2067
Cc1c(C(=O)NC2CCN(S(=O)(=O)CCC(F)(F)F)CC2)nn(-c2ccc(Cl)cc2Cl)c1-c1ccc(Cl)cc1,5.3262
CCS(=O)(=O)N1CCC(NC(=O)c2nn(-c3ccc(Cl)cc3Cl)c(-c3ccc(Cl)cc3)c2C)CC1,5.3559
Cc1c(C(=O)NC2CCN(C(=O)c3ccccc3)CC2)nn(-c2ccc(Cl)cc2Cl)c1-c1ccc(Cl)cc1,5.7632
Cc1c(C(=O)NC2CCN(C(=O)C3CCCC3)CC2)nn(-c2ccc(Cl)cc2Cl)c1-c1ccc(Cl)cc1,5.6028
Cc1c(C(=O)NC2CCN(C(=O)CC(C)C)CC2)nn(-c2ccc(Cl)cc2Cl)c1-c1ccc(Cl)cc1,5.7428
CCCCC(=O)N1CCC(NC(=O)c2nn(-c3ccc(Cl)cc3Cl)c(-c3ccc(Cl)cc3)c2C)CC1,5.7484
Cc1c(C(=O)NC2CCN(C(=O)C(F)(F)F)CC2)nn(-c2ccc(Cl)cc2Cl)c1-c1ccc(Cl)cc1,5.9825
Cc1c(C(=O)NC2CCN(C(=O)OC(C)C)CC2)nn(-c2ccc(Cl)cc2Cl)c1-c1ccc(Cl)cc1,5.7147
CCCOC(=O)N1CCC(NC(=O)c2nn(-c3ccc(Cl)cc3Cl)c(-c3ccc(Cl)cc3)c2C)CC1,5.8111
CCCCCn1cc(C(=O)NC23CC4CC(CC(C4)C2)C3)c(=O)n2nc(-c3ccc(Cl)cc3)nc12,7.6091
CCCCCn1cc(C(=O)NC23CC4CC(C)(CC(C)(C4)C2)C3)c(=O)n2nc(-c3ccccc3)nc12,7.7352
CCCCCn1cc(C(=O)NC2CCCCCC2)c(=O)n2nc(-c3ccccc3)nc12,6.8477
CCCCCn1cc(C(=O)NC2CCCCC2)c(=O)n2nc(-c3ccccc3)nc12,6.9547
CCCCCn1cc(C(=O)NC23CC4CC(CC(C4)C2)C3)c(=O)n2nc(C)nc12,6.0630
CCCCCn1cc(C(=O)NC23CC4CC(C)(CC(C)(C4)C2)C3)c(=O)n2ncnc12,7.3288
C=CCN(CC=C)c1nc2n(CCCCC)cc(C(=O)NC34CC5CC(CC(C5)C3)C4)c(=O)n2n1,6.8013
C=CCN(CC=C)c1nc2n(CCCCC)cc(C(=O)NC3CCCCC3)c(=O)n2n1,5.8690
CCCCCn1cc(C(=O)NC23CC4CC(CC(C4)C2)C3)c(=O)n2nc(N(C)Cc3ccccc3)nc12,7.5376
CCCCCn1cc(C(=O)NC2CCCCC2)c(=O)n2nc(N(C)Cc3ccccc3)nc12,5.8755
CCCCCn1cc(C(=O)NC2CCCCCC2)c(=O)n2nc(N3CCN(C)CC3)nc12,6.0079
CCCCCn1cc(C(=O)NC23CC4CC(CC(C4)C2)C3)c(=O)n2nc(N3CCOCC3)nc12,6.7905
CCCCCn1cc(C(=O)NC2CCCCCC2)c(=O)n2nc(N3CCOCC3)nc12,6.2472
CCCCCn1cc(C(=O)NC23CC4CC(CC(C4)C2)C3)c(=O)n2nc(SC)nc12,6.8570
CCCCCn1cc(C(=O)NC2CCCCC2)c(=O)n2nc(SC)nc12,6.1451
CCCCCn1cc(C(=O)NC23CC4CC(CC(C4)C2)C3)c(=O)n2nc(-c3cccnc3)nc12,6.6421
CCCCCn1cc(C(=O)NC23CC4CC(CC(C4)C2)C3)c(=O)n2nc(-c3ccco3)nc12,6.9066
CCCCCn1cc(C(=O)NC23CC4CC(CC(C4)C2)C3)c(=O)n2nc(-c3ccc(C)cc3)nc12,7.8996
CCCCCn1cc(C(=O)NC2CCCCCC2)c(=O)n2nc(-c3ccc(C)cc3)nc12,7.1938
CCCCCn1cc(C(=O)NC2CCCCC2)c(=O)n2nc(-c3ccc(C)cc3)nc12,7.1024
CCCCCn1cc(C(=O)NC23CC4CC(CC(C4)C2)C3)c(=O)n2nc(-c3ccc(OC)cc3)nc12,6.8928
CCCCCn1cc(C(=O)NC2CCCCC2)c(=O)n2nc(-c3ccc(OC)cc3)nc12,7.0177
CCCCCn1cc(C(=O)NC2CCCCC2)c(=O)n2nc(-c3ccc(Cl)cc3)nc12,6.9318
CCCCCn1cc(C(=O)NC2CCCCC2)c(=O)n2nc(C)nc12,6.1713
CCCCCn1cc(C(=O)NC2CCCCCC2)c(=O)n2ncnc12,6.2890
O=C(NN1CCCC1)c1nn(-c2ccc(Cl)cc2Cl)c2c1Cc1cc(C3CCCCC3)ccc1-2,6.2882
O=C(c1nn(-c2ccc(Cl)cc2Cl)c2c1Cc1cc(C3CC3)ccc1-2)N1CCCCC1,6.3830
O=C(NN1CCOCC1)c1nn(-c2ccc(Cl)cc2Cl)c2c1Cc1cc(C3CC3)ccc1-2,6.7033
O=C(NN1CCCC1)c1nn(-c2ccc(Cl)cc2Cl)c2c1Cc1cc(C3CC3)ccc1-2,6.8182
O=C(NC12CC3CC(CC(C3)C1)C2)c1nn(-c2ccc(Cl)cc2Cl)c2c1Cc1cc(C3CC3)ccc1-2,7.8465
CC1(C)[C@@H]2CC[C@]1(C)[C@H](NC(=O)c1nn(-c3ccc(Cl)cc3Cl)c3c1Cc1cc(C4CC4)ccc1-3)C2,7.4952
CC1(C)C2CC[C@@](C)(C2)C1NC(=O)c1nn(-c2ccc(Cl)cc2Cl)c2c1CCc1cc(C3CC3)ccc1-2,5.2583
CC1(C)C2CC[C@@](C)(C2)C1NC(=O)c1nn(-c2ccc(Cl)cc2Cl)c2c1Cc1cc(C3CC3)ccc1-2,7.6583
O=C(NN1CCCCC1)c1nn(-c2ccc(Cl)cc2Cl)c2c1Cc1cc(C3CCCCC3)ccc1-2,6.2933
O=C(NN1CCCCC1)c1nn(-c2ccc(Cl)cc2Cl)c2c1ccc1cc(C3CC3)ccc12,6.0835
Cl.O=C(NN1CCCCC1)c1nn(-c2ccc(Cl)cc2Cl)c2c1CCc1cc(C3CC3)ccc1-2,6.8447
O=C(NN1CCCCC1)c1nn(-c2ccc(Cl)cc2Cl)c2c1Cc1cc(C3CC3)ccc1-2,6.8449
COc1ccc2c(c1)OC(C)(C)c1cn(CCN3CCN(C(=O)c4cccs4)CC3)nc1-2,7.1099
COc1ccc2c(c1)OC(C)(C)c1cn(CCN3CCN(C(=O)C(C)(C)C)CC3)nc1-2,5.1944
COc1ccc2c(c1)OC(C)(C)c1cn(CCN3CCN(C(=O)C4CCCCC4)CC3)nc1-2,6.2815
COc1ccc2c(c1)OC(C)(C)c1cn(CCN3CCN(C(=O)C4CCCO4)CC3)nc1-2,5.9694
COc1ccc2c(c1)OC(C)(C)c1cn(CCN3CCN(C(=O)c4ccccc4)CC3)nc1-2,5.4432
COc1ccc2c(c1)OC(C)(C)c1cn(CCN3CCN(C(=O)c4ccco4)CC3)nc1-2,6.1561
COc1ccc2c(c1)OC(C)(C)c1cn(CNC(=O)CN3CCN(c4ccccc4)CC3)nc1-2,5.8019
COc1ccc2c(c1)OC(C)(C)c1cnn(CNC(=O)CN3CCN(c4ccccc4)CC3)c1-2,5.3078
CCCCCn1c(=O)c(C(=O)NC23CC4CC(CC(C4)C2)C3)c(O)c2ccccc21,8.6594
CCCCCn1c(=O)c(C(=O)NC23CC4CC(CC(C4)C2)C3)c(O)c2cc(C(C)C)ccc21,8.5084
CCCCCn1c(=O)c(C(=O)NC23CC4CC(CC(C4)C2)C3)c(O)c2ccc(F)cc21,8.4559
C=CCc1ccc(OCCCC)c(-c2ccc(OCCCC)c(CC=C)c2)c1,5.7488
C=CCc1ccc(O)c(-c2ccc(OCCCC)c(CC=C)c2)c1,6.9872
C=CCc1ccc(OC)c(-c2ccc(OC)c(CC=C)c2)c1,5.8617
COc1ccc(-c2cc(C)c(OC)c(C(=O)NC3CCCCCC3)c2)cc1,5.5619
COc1c(Cc2ccccc2)cc(-c2ccccc2)cc1C(=O)N[C@H]1CC[C@@H](C)CC1,5.5740
COc1c(Cc2ccccc2)cc(-c2ccccc2)cc1C(=O)N[C@H]1CC[C@H](C)CC1,5.3179
COc1c(Cc2ccccc2)cc(-c2ccccc2)cc1C(=O)NC1CCCCCC1,6.2262
COc1c(Cc2ccc(F)cc2)cc(-c2ccc(F)cc2)cc1C(=O)N[C@H]1CC[C@@H](C)CC1,6.4724
COc1c(Cc2ccc(F)cc2)cc(-c2ccc(F)cc2)cc1C(=O)N[C@H]1CC[C@H](C)CC1,5.9642
COc1c(Cc2ccc(F)cc2)cc(-c2ccc(F)cc2)cc1C(=O)NC1CCCCCC1,6.5768
COc1ccc(-c2cc(Cc3ccc(F)cc3)c(OC)c(C(=O)N[C@H]3CC[C@@H](C)CC3)c2)cc1,6.7077
COc1ccc(-c2cc(Cc3ccc(F)cc3)c(OC)c(C(=O)N[C@H]3CC[C@H](C)CC3)c2)cc1,6.0910
COc1c(Cc2ccc(F)cc2)cc(-c2ccccc2)cc1C(=O)N[C@H]1CC[C@@H](C)CC1,5.9562
COc1c(Cc2ccc(F)cc2)cc(-c2ccccc2)cc1C(=O)N[C@H]1CC[C@H](C)CC1,5.5822
COc1c(Cc2ccc(F)cc2)cc(-c2ccccc2)cc1C(=O)NC1CCCCCC1,7.0752
CCCCc1cc(-c2ccc(F)cc2)cc(C(=O)N[C@H]2CC[C@@H](C)CC2)c1OC,5.8499
CCCCc1cc(-c2ccc(F)cc2)cc(C(=O)N[C@H]2CC[C@H](C)CC2)c1OC,5.7537
CCCCc1cc(-c2ccc(F)cc2)cc(C(=O)NC2CCCCCC2)c1OC,6.7799
CCCCc1cc(-c2ccccc2)cc(C(=O)N[C@H]2CC[C@@H](C)CC2)c1OC,5.8989
CCCCc1cc(-c2ccccc2)cc(C(=O)N[C@H]2CC[C@H](C)CC2)c1OC,5.6216
CCCCc1cc(-c2ccccc2)cc(C(=O)NC2CCCCCC2)c1OC,6.4535
O=C(NCC12CC3CC(CC(C3)C1)C2)c1nn(-c2ccc(Cl)cc2Cl)c2c1CCCc1cc(Cl)ccc1-2,7.8761
O=C(NCC1CCCCC1)c1nn(-c2ccc(Cl)cc2Cl)c2c1CCCc1cc(Cl)ccc1-2,7.4976
O=C(NC1CCCCC1)c1nn(-c2ccc(Cl)cc2Cl)c2c1CCCc1cc(Cl)ccc1-2,7.7471
O=C(NN1CCCCCC1)c1nn(-c2ccc(Cl)cc2Cl)c2c1CCCc1cc(Cl)ccc1-2,7.5513
O=C(NN1CCCC1)c1nn(-c2ccc(Cl)cc2Cl)c2c1CCCc1cc(Cl)ccc1-2,6.7399
OC(CC1CCCCC1)c1nn(-c2ccc(Cl)cc2Cl)c2c1CCCc1cc(Cl)ccc1-2,7.6198
O=C(CC1CCCCC1)c1nn(-c2ccc(Cl)cc2Cl)c2c1CCCc1cc(Cl)ccc1-2,6.4881
Cc1ccc(Cn2nc(C(=O)NCC3CCC4CC3C4(C)C)c3c2-c2cc(Cl)ccc2CCC3)cc1,7.2916
Cc1ccc(Cn2nc(C(=O)NCC3CCC4CC3C4(C)C)c3c2-c2ccc(Cl)cc2CCC3)cc1,8.0223
CC1(C)C2CCC(CNC(=O)c3nn(-c4ccc(Cl)cc4Cl)c4c3CCCc3ccc(Cl)cc3-4)C1C2,7.8665
CC1(C)C2CCC(CNC(=O)c3nn(-c4ccc(Cl)cc4Cl)c4c3CCCc3cc(Cl)ccc3-4)C1C2,7.7100
O=C(NC[C@H]1CCCO1)c1nn(-c2ccc(Cl)cc2Cl)c2c1CCCc1cc(Cl)ccc1-2,7.2832
C[C@@H](NC(=O)c1nn(-c2ccc(Cl)cc2Cl)c2c1CCC/C2=C\c1ccc(Cl)cc1)c1ccccn1,6.0685
O=C(NC1(c2ccccn2)CC1)c1nn(-c2ccc(Cl)cc2)c2c1CCC/C2=C\c1ccc(Cl)cc1,5.7932
C[C@@H](NC(=O)c1nn(-c2ccc(Cl)cc2Cl)c2c1CCC/C2=C\c1ccc(Cl)s1)c1ccccn1,5.4179
C[C@@H](NC(=O)c1nn(-c2ccc(Cl)cc2Cl)c2c1CCCC/C2=C\c1ccc(Cl)cc1)c1ccccn1,6.1290
C[C@@H](NC(=O)c1nn(-c2ccc(Cl)cc2Cl)c2c1CCCC/C2=C\c1ccc(F)cc1)c1ccccc1,5.2526
C[C@@H](NC(=O)c1nn(-c2ccc(Cl)c(Cl)c2)c2c1CCCC/C2=C\c1ccc(F)cc1)c1ccccn1,5.6990
O=C(NC1(c2ccccn2)CC1)c1nn(-c2ccc(Cl)c(Cl)c2)c2c1CCCC/C2=C\c1ccc(F)cc1,6.0931
C[C@@H](NC(=O)c1nn(-c2ccc(Cl)cc2Cl)c2c1CCCC/C2=C\c1ccc(Cl)cn1)c1ccccn1,6.2518
C[C@@H](NC(=O)c1nn(-c2ccc(Cl)cc2Cl)c2c1CCCC/C2=C\c1ccc(Cl)s1)c1ccccn1,5.0264
C[C@@H](NC(=O)c1nn(-c2ccc(Cl)cc2Cl)c2c1CN(C(=O)[C@@H](O)CO)C/C2=C\c1ccc(Cl)cc1)c1ccccc1,5.5361
COc1ccc(/C=C2\CN(C(=O)Cn3ccnc3)Cc3c(C(=O)N[C@H](C)c4ccccc4)nn(-c4ccc(Cl)cc4Cl)c32)cc1,6.4318
COc1ccc(/C=C2\CN(C(=O)Cn3ccnn3)Cc3c(C(=O)N[C@H](C)c4ccccc4)nn(-c4ccc(Cl)cc4Cl)c32)cc1,5.8962
C[C@@H](NC(=O)c1nn(-c2ccc(Cl)cc2Cl)c2c1CN(C(=O)Cn1cnnn1)C/C2=C\c1ccc(F)cc1)c1ccccc1,5.4895
COc1ccc(/C=C2\CN(C(=O)Cn3cnnn3)Cc3c(C(=O)N[C@H](C)c4ccccc4)nn(-c4ccc(Cl)cc4Cl)c32)cc1,5.9469
COc1ccc(/C=C2\CN(C(=O)c3cc[nH]n3)Cc3c(C(=O)N[C@H](C)c4ccccc4)nn(-c4ccc(Cl)cc4Cl)c32)cc1,5.3316
COc1ccc(/C=C2\CN(C(=O)c3nc[nH]n3)Cc3c(C(=O)N[C@H](C)c4ccccc4)nn(-c4ccc(Cl)cc4Cl)c32)cc1,5.7545
C[C@@H](NC(=O)c1nn(-c2ccc(Cl)cc2Cl)c2c1CN(C(=O)c1nc[nH]n1)C/C2=C\c1ccc(F)cc1)c1ccccc1,5.8827
C[C@@H](NC(=O)c1nn(-c2ccc(Cl)cc2Cl)c2c1CN(C(=O)Cn1cnnn1)C/C2=C\c1ccc(F)cc1)c1ccccn1,5.0650
C[C@@H](NC(=O)c1nn(-c2ccc(Cl)c(Cl)c2)c2c1CN(C(=O)Cn1cnnn1)C/C2=C\c1ccc(F)cc1)c1ccccn1,5.4365
C[C@@H](NC(=O)c1nn(-c2ccc(Cl)c(Cl)c2)c2c1CN(C(=O)Cn1cncn1)C/C2=C\c1ccc(Cl)cc1)c1ccccn1,5.1051
C[C@@H](NC(=O)c1nn(-c2ccc(Cl)cc2Cl)c2c1CN(C(=O)[C@@H](O)CO)C/C2=C\c1ccc(Cl)cc1)c1ccccn1,5.2557
COc1ccc(/C=C2\CN(C(=O)CCS(N)(=O)=O)Cc3c(C(=O)N[C@H](C)c4ccccn4)nn(-c4ccc(Cl)cc4Cl)c32)cc1,6.1871
COc1ccc(/C=C2\CN(C(=O)CS(N)(=O)=O)Cc3c(C(=O)N[C@H](C)c4ccccn4)nn(-c4ccc(Cl)cc4Cl)c32)cc1,5.8386
COc1ccc(/C=C2\CN(C(=O)CC(=O)O)Cc3c(C(=O)N[C@H](C)c4ccccn4)nn(-c4ccc(Cl)cc4Cl)c32)cc1,5.7122
CCOC(=O)c1c(NC(=O)C23CC4CC(CC(C4)C2)C3)sc2c1CCCC2,7.4955
CCOC(=O)c1c(NC(=O)CCc2ccccc2)sc2c1CCCC2,6.9513
CCOC(=O)c1c(NC(=O)c2ccc3ccccc3c2)sc2c1CCCC2,5.7483
CCOC(=O)c1c(NC(=O)c2cccc3ccccc23)sc2c1CCCC2,7.7747
CCOC(=O)c1cc(-c2ccccc2)sc1NC(=O)c1cccc2ccccc12,7.2232
CCOC(=O)c1c(NS(=O)(=O)c2ccccc2)sc2c1CCCC2,5.7003
CCOC(=O)c1c(NS(=O)(=O)c2cccc3ccccc23)sc2c1CCCC2,6.0969
Cc1cc(C(=O)Nc2cccc3ccccc23)c(C)n1-c1ccccc1,7.0746
CCc1c(C(=O)Nc2cccc3ccccc23)cc(C)n1-c1ccccc1,7.6985
Cc1cc(C(=O)Nc2ccc3ccccc3c2)c(C)n1-c1ccccc1,7.2345
CCc1c(C(=O)Nc2ccc3ccccc3c2)cc(C)n1-c1ccccc1,7.2441
Cc1cc(C(=O)NC23CC4CC(CC(C4)C2)C3)c(C)n1-c1ccccc1,7.5420
CCc1c(C(=O)NC23CC4CC(CC(C4)C2)C3)cc(C)n1-c1ccccc1,7.3055
Cc1cc(C(=O)NCCc2ccccc2)c(C)n1-c1ccccc1,6.2335
CCc1c(C(=O)NCCc2ccccc2)cc(C)n1-c1ccccc1,6.1438
Cc1cc(C(=O)NC(C)c2ccccc2)c(C)n1-c1ccccc1,6.2625
CCc1c(C(=O)NC(C)c2ccccc2)cc(C)n1-c1ccccc1,6.2675
Cc1cc(C(=O)NC2CCCCC2)c(C)n1-c1ccccc1,6.7752
CCc1c(C(=O)NC2CCCCC2)cc(C)n1-c1ccccc1,6.7675
CS(=O)(=O)O.Cc1c(C(=O)c2cccc3ccccc23)c2cccc3c2n1[C@H](CN1CCOCC1)CO3,8.6778
COc1ccc(C(=O)c2c(-c3ccc(OC)cc3)sc3ccccc23)cc1,6.6990
COc1ccc(-c2sc3ccccc3c2C(=O)c2cccc3ccccc23)cc1,6.1884
O=C(c1cc2ccccc2s1)c1cccc2ccccc12,5.6936
O=C(c1cccc2ccccc12)c1csc2ccccc12,6.3288
COc1ccc(C(=O)c2c(CC(C)C)sc3ccccc23)cc1,6.5775
CCCCCc1sc2ccccc2c1C(=O)c1ccc(OC)cc1,6.2218
CCCc1sc2ccccc2c1C(=O)c1ccc(OC)cc1,6.2218
CCc1sc2ccccc2c1C(=O)c1ccc(OC)cc1,5.4882
CC(C)Cc1sc2ccccc2c1C(=O)c1cccc2ccccc12,6.0000
CCCCCc1sc2ccccc2c1C(=O)c1cccc2ccccc12,6.2045
CCCc1sc2ccccc2c1C(=O)c1cccc2ccccc12,5.6833
CCc1sc2ccccc2c1C(=O)c1cccc2ccccc12,5.8463
COc1ccc(C(=O)n2c(C3CCC3)nc3ccccc32)cc1,5.7447
COc1ccc(C(=O)n2c(-c3ccc(OC)cc3)nc3ccccc32)cc1,5.5265
COc1ccc(C(=O)n2c(C3CCCC3)nc3ccccc32)cc1,5.9793
COc1ccc(C(=O)n2c(C3CCCCC3)nc3ccccc32)cc1,5.8539
COc1ccc(C(=O)n2c(C(C)(C)C)nc3ccccc32)cc1,5.9208
COc1ccc(C(=O)n2c(C(C)C)nc3ccccc32)cc1,5.7959
CCCCc1nc2ccccc2n1C(=O)c1ccc(OC)cc1,5.4983
CCCc1nc2ccccc2n1C(=O)c1ccc(OC)cc1,5.4202
O=C(c1cccc2ccccc12)n1c(C2CCC2)nc2ccccc21,5.5568
COc1ccc(-c2nc3ccccc3n2C(=O)c2cccc3ccccc23)cc1,5.4174
O=C(c1cccc2ccccc12)n1c(C2CCCC2)nc2ccccc21,5.8463
O=C(c1cccc2ccccc12)n1c(C2CCCCC2)nc2ccccc21,6.0837
CC(C)(C)c1nc2ccccc2n1C(=O)c1cccc2ccccc12,6.8099
CC(C)c1nc2ccccc2n1C(=O)c1cccc2ccccc12,5.9894
CC(C)Cc1nc2ccccc2n1C(=O)c1cccc2ccccc12,6.6505
CCCCc1nc2ccccc2n1C(=O)c1cccc2ccccc12,6.0837
COc1ccc(Cn2c(-c3ccc(OC)cc3)nc3ccccc32)cc1,5.8618
CCCCn1nc(C(C)(C)C)s/c1=N\C(=O)c1cc(C(F)(F)F)ccc1ONC(C)(C)C,7.9586
CCCCn1nc(C(C)(C)C)s/c1=N/C(=O)c1cc(C(F)(F)F)ccc1N/N=C\c1cccc(C)n1,6.7328
CCCCn1nc(C(C)(C)C)s/c1=N/C(=O)c1cc(C(F)(F)F)ccc1ONC(=O)OC(C)(C)C,9.4949
Cn1c(C(C)(C)C)c/c(=N/C(=O)c2cc(C(F)(F)F)ccc2ONC(C)(C)C)n1C[C@H]1CCCO1,7.6198
CCCCn1nc(C(C)(C)C)s/c1=N\C(=O)c1cc(C(F)(F)F)ccc1ONC(C)C,9.2218
CCCCn1nc(C2(C)CC2)s/c1=N\C(=O)c1cc(C(F)(F)F)ccc1ONC(C)(C)C,7.7959
Cn1c(C(C)(C)C)c/c(=N/C(=O)c2cc(C(F)(F)F)ccc2ONC(C)(C)C)n1CC1CC1,7.2676
CC(C)(C)NOc1ccc(C(F)(F)F)cc1C(=O)/N=c1\sc(C(C)(C)C)nn1CC1CCCCO1,8.7696
CCCCn1nc(C(C)(C)C)s/c1=N\C(=O)c1cc(C(F)(F)F)ccc1/N=N/C(C)(C)C,8.2076
CCCCn1/c(=N\C(=O)c2cc(C(F)(F)F)ccc2ONC(C)(C)C)cc(C(C)(C)C)n1C,7.1135
CCCCn1nc(C(C)(C)C)s/c1=N\C(=O)c1cc(C(F)(F)F)ccc1O/N=C(\C)C(C)(C)C,6.6655
CC(C)(C)NOc1ccc(C(F)(F)F)cc1C(=O)/N=c1\sc(C(C)(C)C)nn1CCCC#N,8.3665
CC(C)Cn1nc(C(C)(C)C)s/c1=N\C(=O)c1cc(C(F)(F)F)ccc1ONC(C)(C)C,7.5376
CC(C)(C)NOc1ccc(C(F)(F)F)cc1C(=O)/N=c1\sc(C(C)(C)C)nn1C[C@H]1CCCO1,8.0000
CCCCn1nc(C(C)(C)C)s/c1=N\C(=O)c1cc(C(F)(F)F)ccc1ONC(C)=O,9.0000
Cn1c(C(C)(C)C)c/c(=N/C(=O)c2cc(C(F)(F)F)ccc2ONC(C)(C)C)n1CC1CCC1,7.5686
Cn1c(C(C)(C)C)c/c(=N/C(=O)c2cc(C(F)(F)F)ccc2ONC(C)(C)C)n1CCC(F)(F)F,7.1675
CCCCn1ccc(C(C)(C)C)c/c1=N\C(=O)c1cc(C(F)(F)F)ccc1ONC(C)(C)C,6.8928
COCCn1nc(C(C)(C)C)s/c1=N\C(=O)c1cc(C(F)(F)F)ccc1ONC(C)(C)C,7.4089
CCCCn1/c(=N/C(=O)c2cc(C(F)(F)F)ccc2ONC(C)C)cc(C(C)(C)C)n1C,7.7959
CCCCn1cc(C(C)(C)C)cc/c1=N\C(=O)c1cc(C(F)(F)F)ccc1ONC(C)(C)C,7.0555
Cn1c(C(C)(C)C)c/c(=N\C(=O)c2cc(C#N)ccc2ONC(C)(C)C)n1C[C@H]1CCCO1,6.6799
CCCCn1nc(C(C)(C)C)s/c1=N\C(=O)c1cc(Cl)ccc1ONC(C)(C)C,8.0706
CC(C)(C)NOc1ccc(C(F)(F)F)cc1C(=O)/N=c1\sc(C(C)(C)C)nn1CC1CC1,7.7959
CC(C)(C)NOc1ccc(C(F)(F)F)cc1C(=O)/N=c1\sc(C(C)(C)C)nn1CCCC(F)(F)F,8.7447
CC(C)(C)NOc1ccc(C(F)(F)F)cc1C(=O)/N=c1\sc(C(C)(C)C)nn1CC1CCC1,8.5528
CCCCn1nc(C(C)(C)C)s/c1=N\C(=O)c1cc(C(F)(F)F)ccc1O/N=C(\N)C(C)(C)C,7.1871
CCCCn1nc(C(C)(C)C)s/c1=N\C(=O)c1cc(C(F)(F)F)ccc1ON=C(C)C,7.9208
Cn1c(C(C)(C)C)c/c(=N\C(=O)c2cc(Cl)ccc2ONC(C)(C)C)n1C[C@H]1CCCO1,7.2840
CCCCn1nc(C(C)(C)C)s/c1=N\C(=O)c1cc(C(F)(F)F)ccc1ONC(=O)C(C)(C)C,9.2218
CCCCn1nc(C(C)(C)C)s/c1=N\C(=O)c1ccc(C(F)(F)F)cc1ONC(C)(C)C,6.8962
CCCCn1nc(C(C)(C)C)s/c1=N/C(=O)c1cc(C(F)(F)F)ccc1ON(C)C,7.6778
CCCCn1nc(C(C)(C)C)s/c1=N\C(=O)c1cc(C(F)(F)F)ccc1O/N=C(\C)C(F)(F)F,7.2840
CC(C)(C)NOc1ccc(C(F)(F)F)cc1C(=O)/N=c1\sc(C(C)(C)C)nn1CCCCF,8.2076
CCCCn1nc(C(C)(C)C)s/c1=N\C(=O)c1cc(C(F)(F)F)ccc1O/N=C(\N)C(C)C,8.2757
CCCCn1nc(C(C)(C)C)s/c1=N/C(=O)c1cc(C(F)(F)F)ccc1O/N=C(\CC)C(=O)ON,8.2147
CC(C)(C)NOc1ccc(C(F)(F)F)cc1C(=O)/N=c1\sc(C(C)(C)C)nn1CC1CCO1,7.8239
CCCCn1nc(C(C)(C)C)s/c1=N\C(=O)c1cc(C(F)(F)F)ccc1O/N=C(\C)C(C)=O,7.7447
CCCCn1nc(C(C)(C)C)s/c1=N/C(=O)c1cc(C(F)(F)F)ccc1NNC(=O)OC(C)(C)C,9.0000
CCCCn1nc(C(C)(C)C)s/c1=N\C(=O)c1cc(C(F)(F)F)ccc1O/N=C(\N)c1ccc(F)cc1,7.6778
CCCCn1nc(C(C)(C)C)s/c1=N\C(=O)c1cc(C(F)(F)F)ccc1NNc1ccccn1,7.4949
CCCCn1nc(C(C)(C)C)s/c1=N/C(=O)c1cc(C(F)(F)F)ccc1N(C)N(C)C(=O)OC(C)(C)C,6.5544
CCCCn1nc(C(C)(C)C)s/c1=N\C(=O)c1cc(C(F)(F)F)ccc1O/N=C(\C)N,7.7959
CCCCn1nc(C(C)(C)C)s/c1=N\C(=O)c1cc(C(F)(F)F)ccc1O/N=C(\N)CC,8.2924
CCCCn1nc(C(C)(C)C)s/c1=N\C(=O)c1cc(C(F)(F)F)ccc1NN=C(C)C,6.6073
CCCCn1nc(C(C)(C)C)s/c1=N\C(=O)c1cc(C(F)(F)F)ccc1O/N=C(\N)C1CC1,8.6021
CCCCn1nc(C(C)(C)C)s/c1=N\C(=O)c1cc(C(F)(F)F)ccc1O/N=C1/CCCCCN1,8.7959
CCCCn1nc(C(C)(C)C)s/c1=N\C(=O)c1cc(C(F)(F)F)ccc1ON=C1CCCC1,8.7696
CCCCn1nc(C(C)(C)C)s/c1=N\C(=O)c1cc(C(F)(F)F)ccc1NNC(=O)c1ccncc1,9.0969
CCCCn1nc(C(C)(C)C)s/c1=N/C(=O)c1cc(C(F)(F)F)ccc1NNC(=O)OC,9.1549
CCCCn1nc(C(C)(C)C)s/c1=N\C(=O)c1cc(C(F)(F)F)ccc1NNC(=O)C(C)(C)C,9.3979
CCCCn1/c(=N/C(=O)c2cc(C(F)(F)F)ccc2O/N=C(\C)C(F)(F)F)cc(C(C)(C)C)n1C,7.9208
CCCCn1nc(C(C)(C)C)s/c1=N\C(=O)c1cc(C(F)(F)F)ccc1O/N=C(\N)c1ccccn1,7.7447
CCCCn1nc(C(C)(C)C)s/c1=N\C(=O)c1cc(C(F)(F)F)ccc1NNC(=O)c1cccnc1,8.9586
CCCCn1/c(=N/C(=O)c2cc(C(F)(F)F)ccc2NNC(=O)C(C)(C)C)cc(C(C)(C)C)n1C,9.3979
CCCCn1/c(=N/C(=O)c2cc(C(F)(F)F)ccc2NNC(=O)c2cccnc2)cc(C(C)(C)C)n1C,8.6021
CCCCn1/c(=N/C(=O)c2cc(C(F)(F)F)ccc2NNC(=O)c2ccncc2)cc(C(C)(C)C)n1C,9.1549
CCCCn1nc(C(C)(C)C)s/c1=N\C(=O)c1cc(C(F)(F)F)ccc1NNC(N)=O,7.3279
CCCCn1nc(C(C)(C)C)s/c1=N\C(=O)c1cc(C(F)(F)F)ccc1NNCc1ccccc1,7.3665
CCCCn1nc(C(C)(C)C)s/c1=N\C(=O)c1cc(C(F)(F)F)ccc1O/N=C(\N)c1ccncc1,7.1675
CCCCn1nc(C(C)(C)C)s/c1=N\C(=O)c1cc(C(F)(F)F)ccc1O/N=C(\N)c1cccnc1,7.0605
CCCCn1nc(C(C)(C)C)s/c1=N/C(=O)c1cc(C(F)(F)F)ccc1N(/N=C/c1cccc(C)n1)C(=O)OC(C)(C)C,7.3565
COc1cccc(-c2nc(NCCc3ccc(F)cc3)nc(OC)n2)c1,7.5376
COc1nc(NCCc2ccc(F)cc2)nc(-c2cccc(OC(C)C)c2)n1,7.4089
COc1nc(NCCc2ccc(F)cc2)nc(-c2ccc(OC)c(OC)c2)n1,7.9586
COc1nc(NCCc2ccc(F)cc2)nc(-c2cccc([N+](=O)[O-])c2)n1,7.5376
COc1nc(NCCc2ccc(F)cc2)nc(-c2ccc(SC)cc2)n1,7.8539
COC(=O)CCc1cccc(-c2nc(NCCc3ccc(F)cc3)nc(OC)n2)c1,7.9208
COc1nc(NCCc2ccc(F)cc2)nc(-c2ccc3c(c2)OCO3)n1,8.0458
COc1nc(NCCc2ccc(F)cc2)nc(-c2ccc3c(c2)OCCO3)n1,7.8539
COC(=O)c1cccc(-c2nc(NCCc3ccc(F)cc3)nc(OC)n2)c1,7.4202
COc1nc(NCCc2ccc(F)cc2)nc(-c2cccc(C(C)=O)c2F)n1,8.0000
COc1nc(NCCc2ccc(F)cc2)nc(-c2cccc(S(=O)(=O)NC3CC3)c2)n1,8.5686
COc1nc(NCCc2ccc(F)cc2)nc(-c2ccc(OC)c(S(=O)(=O)NC3CC3)c2)n1,7.9208
COc1nc(NCCc2ccc(F)cc2)nc(-c2ccc(F)c(C(C)(C)O)c2)n1,8.0969
COc1nc(NCCc2ccc(F)cc2)nc(-c2ccc(C(C)(C)O)c(OC)c2)n1,7.7696
COc1nc(NCCc2ccc(F)cc2)nc(-c2ccc(N(C)C)nc2)n1,7.4559
COc1nc(NCCc2ccc(F)cc2)nc(-c2cc3cc(Br)ccc3[nH]2)n1,7.7696
COc1nc(NCCc2ccc(F)cc2)nc(-c2cc3c(Cl)cccc3[nH]2)n1,8.1549
COc1nc(NCCc2ccc(F)cc2)nc(-c2cc3cc(Cl)ccc3[nH]2)n1,7.8539
COc1nc(NCCc2ccc(F)cc2)nc(-c2cc3cc(F)ccc3[nH]2)n1,7.9208
COc1nc(NCCc2ccc(F)cc2)nc(-c2cc3ccc(F)cc3[nH]2)n1,7.3188
COc1nc(NCCc2ccc(F)cc2)nc(-c2cc3cc(C)ccc3[nH]2)n1,7.6198
COc1nc(NCCc2ccc(F)cc2)nc(-c2cc3c(OC)cccc3[nH]2)n1,7.4815
COc1ccc2[nH]c(-c3nc(NCCc4ccc(F)cc4)nc(OC)n3)cc2c1,7.6778
COc1nc(NCCc2ccc(F)cc2)nc(-c2cc3cc(C#N)ccc3[nH]2)n1,7.5686
COc1nc(NCCc2ccc(F)cc2)nc(-c2cc3ccc(SC)cc3[nH]2)n1,7.4318
COc1nc(NCCc2ccc(F)cc2)nc(-c2cccc3[nH]ccc23)n1,7.5686
COc1nc(NCCc2ccc(F)cc2)nc(-c2ccc3[nH]ccc3c2)n1,7.4685
COc1nc(NCCc2ccc(F)cc2)nc(-c2ccc3cc[nH]c3c2)n1,7.8539
COc1nc(NCCc2ccc(F)cc2)nc(-c2cc3ccccc3o2)n1,8.3010
COc1nc(NCCc2ccc(F)cc2)nc(-c2ccc3nonc3c2)n1,7.3768
COc1nc(NCCc2ccc(F)cc2)nc(-c2cnc3ccccc3c2)n1,7.4685
COc1nc(NCCc2ccc(F)cc2)nc(-c2ccnc3ccccc23)n1,7.9586
COc1nc(NCCc2ccc(F)cc2)nc(-c2cccc3ncccc23)n1,7.3279
COc1nc(NCCc2ccc(F)cc2)nc(-c2ccc3ncccc3c2)n1,7.4949
COc1nc(NCCc2ccc(F)cc2)nc(-c2cccc3cccnc23)n1,7.7696
COc1nc(NCCc2ccc(F)cc2)nc(-c2ccc(F)c3cccnc23)n1,9.0000
COc1nc(NCCc2ccc(F)cc2)nc(-c2ccc(C)c3ncccc23)n1,7.4202
COc1nc(NCCc2ccc(F)cc2)nc(-c2ccc(OC)c3nc(C)ccc23)n1,7.4202
COc1nc(NCCc2ccc(F)cc2)nc(-c2cncc3ccccc23)n1,7.6778
COc1nc(NCCc2ccc(F)cc2)nc(-c2cccc3cnccc23)n1,7.6990
COc1nc(NCCc2ccc(OC(F)F)cc2)nc(-c2cc3c(Cl)cccc3[nH]2)n1,7.6198
COc1nc(NCCc2ccc(OC(F)F)cc2)nc(-c2cc3cc(F)ccc3[nH]2)n1,7.3468
COc1nc(NCCc2ccc(OC(F)F)cc2)nc(-c2cccc(C(C)(C)O)c2)n1,7.7447
COc1nc(NCCc2ccc(OC(F)F)cc2)nc(-c2ccc(F)c(C(C)(C)O)c2)n1,7.5229
COc1nc(NCCc2ccc(OC(F)F)cc2)nc(-c2ccc(Cl)c(C(C)(C)O)c2)n1,8.9208
COc1nc(NCCc2ccc(F)cc2)nc(-c2cc3ccccc3s2)n1,8.3979
COc1ccc2oc(-c3nc(NCCc4ccc(F)cc4)nc(OC)n3)cc2c1,7.9208
COc1nc(NCCc2ccc(OC(F)F)cc2)nc(-c2cccc(OC)c2C(C)(C)O)n1,8.3979
COc1nc(NCCc2ccc(OC(F)(F)F)cc2)nc(-c2ccc(Cl)c(C(C)(C)O)c2)n1,7.9208
COc1nc(NCCc2ccc(F)cc2)nc(-c2cc3cc(Cl)ccc3o2)n1,7.6383
COCCS(=O)(=O)c1cc(-c2nc(NCCc3ccc(F)cc3)nc(OC)n2)ccc1Cl,7.3768
COc1nc(NCCc2ccc(F)cc2)nc(-c2ccc(Cl)c(S(=O)(=O)N3CCOCC3)c2)n1,8.5229
COc1nc(NCCc2ccc(OC(F)(F)F)cc2)nc(-c2ccc(OC)c(C(C)(C)O)c2)n1,8.0458
COc1nc(NCCc2ccc(OC(F)F)cc2)nc(-c2ccc(C)c(S(=O)(=O)NC3CC3)c2)n1,7.3565
COc1nc(NCCc2ccc(F)cc2)nc(-c2cccc(C(C)(C)O)c2)n1,8.0458
CCC(O)(CC)c1cccc(-c2nc(NCCc3ccc(F)cc3)nc(OC)n2)c1,7.6778
COc1nc(NCCc2ccc(F)cc2)nc(-c2ccc(OC)c(C(C)(C)O)c2)n1,9.0000
COc1nc(NCCc2ccc(F)cc2)nc(-c2ccc(CO)c(S(=O)(=O)NC3CC3)c2)n1,7.6021
COc1nc(NCCc2ccc(OC(F)F)cc2)nc(-c2cccc(S(=O)(=O)NC3CC3)c2)n1,7.6383
COc1nc(NCCc2ccc(F)cc2)nc(-c2ccc(Cl)c(O)c2)n1,7.6778
COc1nc(NCCc2ccc(F)cc2)nc(-c2ccc(Cl)c(S(=O)(=O)NC3CC3)c2)n1,8.3979
CCOC(=O)COc1cc(-c2nc(NCCc3ccc(F)cc3)nc(OC)n2)ccc1Cl,8.0000
COc1nc(NCCc2ccc(F)cc2)nc(-c2ccc(OC)c(C#N)c2)n1,7.7212
COc1nc(NCCc2ccc(F)cc2)nc(-c2ccc(Cl)c(OCC(N)=O)c2)n1,9.0000
COc1nc(NCCc2ccc(F)cc2)nc(-c2ccc(Cl)c(OCCCNS(C)(=O)=O)c2)n1,7.7447
COc1nc(NCCc2ccc(OC(F)F)cc2)nc(-c2ccc(Cl)c(OCCCNS(C)(=O)=O)c2)n1,7.3872
COc1nc(NCCc2ccc(OC(F)F)cc2)nc(-c2ccc(Cl)c(OCC(N)=O)c2)n1,7.9586
COc1nc(NCCc2ccc(OCF)cc2)nc(-c2ccc(Cl)c(C(C)(C)O)c2)n1,8.4089
COc1nc(NCCc2ccc(OCF)cc2)nc(-c2ccc(OC)c(C(C)(C)O)c2)n1,8.0458
COc1cc(C(O)c2cccs2)cc(OC)c1-c1cc(Cl)cc(Cl)c1,9.5686
Cc1cccc(-c2ccc(C(=O)c3ccccc3)cc2O)c1,6.3429
Cc1cccc(-c2c(O)cc(C(=O)c3ccccc3)cc2O)c1,6.4949
COc1cc(C(=O)c2ccccc2)cc(O)c1-c1cccc(C)c1,6.6479
COc1cc(C(=O)c2cccs2)cc(O)c1-c1cc(Cl)cc(Cl)c1,8.6345
O=C(c1cc(O)c(-c2cc(Cl)cc(Cl)c2)c(O)c1)c1cccs1,8.7570
Cc1cccc(-c2ccc(C(C)(C)c3ccccc3)cc2O)c1,8.3279
Cc1cccc(-c2c(O)cc(C(C)(C)c3ccccc3)cc2O)c1,8.6383
CC(C)(c1ccccc1)c1ccc(-c2cc(Cl)cc(Cl)c2)c(O)c1,8.8539
Cc1cccc(-c2c(O)cc(C(C)(C)c3cccs3)cc2O)c1,7.0865
CC(C)(c1cc(O)c(-c2cc(Cl)cc(Cl)c2)c(O)c1)c1cccs1,8.2449
CC(C)(c1ccc(-c2cc(Cl)cc(Cl)c2)c(O)c1)c1cccs1,7.4297
NC(=O)C1(c2ccccc2)CCC(c2ncnc3c2nc(-c2ccccc2Cl)n3-c2ccc(Cl)cc2)CC1,5.2591
CS(=O)(=O)NCC1CCC(CNc2ncnc3c2nc(-c2ccccc2Cl)n3-c2ccc(Cl)cc2)CC1,5.6517
NS(=O)(=O)NCC1CCC(CNc2ncnc3c2nc(-c2ccccc2Cl)n3-c2ccc(Cl)cc2)CC1,4.9698
O=S1(=O)CCN(c2ncnc3c2nc(-c2ccccc2Cl)n3-c2ccc(Cl)cc2)CC1,6.0788
NC1(c2ccccc2)CCC(c2ncnc3c2nc(-c2ccccc2Cl)n3-c2ccc(Cl)cc2)CC1,5.7807
CS(=O)(=O)NC1(c2ccccc2)CCC(c2ncnc3c2nc(-c2ccccc2Cl)n3-c2ccc(Cl)cc2)CC1,6.0232
CC(=O)NC1(c2ccccc2)CCN(c2ncnc3c2nc(-c2ccccc2Cl)n3-c2ccc(Cl)cc2)CC1,6.1391
CC(C)(C)NC(=O)C1(c2ccccc2)CCN(c2ncnc3c2nc(-c2ccccc2Cl)n3-c2ccc(Cl)cc2)CC1,4.6990
O=C(NC1CCN(c2ncnc3c2nc(-c2ccccc2Cl)n3-c2ccc(Cl)cc2)CC1)c1ccccc1,4.9727
O=c1cc(/C=C/c2cccc(F)c2)c2cc(C(c3ccc(Cl)cc3)c3ccc(Cl)cc3)ccc2[nH]1,6.1805
O=c1cc(/C=C/c2cccc(F)c2)c2cc(C(c3ccc(Cl)cc3)c3ccsc3)ccc2[nH]1,7.0458
O=c1cc(C2=CCN(S(=O)(=O)C(F)(F)F)CC2)c2cc(C(c3ccc(Cl)cc3)c3ccc(Cl)cc3)ccc2[nH]1,7.0969
O=c1cc(NC2CCN(S(=O)(=O)C(F)(F)F)CC2)c2cc(C(c3ccc(Cl)cc3)c3nccs3)ccc2[nH]1,5.0888
O=c1cc(NC2CCN(S(=O)(=O)C(F)(F)F)CC2)c2cc(C(c3ccc(Cl)cc3)c3ccc(Cl)cc3)ccc2[nH]1,6.2786
O=c1cc(N[C@@H]2CCN(S(=O)(=O)C(F)(F)F)C2)c2cc(C(c3ccc(Cl)cc3)c3nccs3)ccc2[nH]1,5.3363
O=c1cc(NC2CCN(S(=O)(=O)C(F)(F)F)CC2)c2cc(C(O)(c3ccc(F)cc3)c3ccc(Cl)cc3)ccc2[nH]1,5.0132
COc1ccc(C(O)(c2ccc(Cl)cc2)c2ccc3[nH]c(=O)cc(NC4CCN(S(=O)(=O)C(F)(F)F)CC4)c3c2)cc1,5.0820
O=c1cc(NC2CCN(S(=O)(=O)C(F)(F)F)CC2)c2cc(C(c3ccc(F)cc3)c3ccc(Cl)cc3)ccc2[nH]1,5.1487
COc1ccc(C(c2ccc(Cl)cc2)c2ccc3[nH]c(=O)cc(NC4CCN(S(=O)(=O)C(F)(F)F)CC4)c3c2)cc1,5.7375
O=c1cc(NC2CCN(S(=O)(=O)C(F)(F)F)CC2)c2cc(C(c3ccc(Cl)cc3)c3ccc4c(c3)OCO4)ccc2[nH]1,6.0757
O=c1cc(NC2CCN(c3ncccn3)CC2)c2cc(C(c3ccc(Cl)cc3)c3ccc(Cl)cc3)ccc2[nH]1,5.3872
O=c1cc(NCc2cccc(C(F)(F)F)c2)c2cc(C(c3ccc(Cl)cc3)c3ccc(Cl)cc3)ccc2[nH]1,5.7423
O=c1cc(NC2CCN(S(=O)(=O)C(F)(F)F)CC2)c2cc(C(c3ccc(Cl)cc3)c3ccc(C(F)(F)F)cc3)ccc2[nH]1,5.4908
CS(=O)(=O)N1CCC(Nc2cc(=O)[nH]c3ccc(C(c4ccc(Cl)cc4)c4ccc(Cl)cc4)cc23)CC1,5.5751
O=C(c1ccccc1)N1CCC(Nc2cc(=O)[nH]c3ccc(C(c4ccc(Cl)cc4)c4ccc(Cl)cc4)cc23)CC1,5.3468
O=c1cc(NC2CCN(S(=O)(=O)C(F)(F)F)CC2)c2cc(C(c3ccc(Cl)cc3)c3nc4ccccc4s3)ccc2[nH]1,5.3665
O=c1cc(NC2CCN(S(=O)(=O)C(F)(F)F)CC2)c2cc(C(c3ccc(O)cc3)c3ccc(Cl)cc3)ccc2[nH]1,5.1141
O=C(CC(F)(F)F)N1CCC(Nc2cc(=O)[nH]c3ccc(C(c4ccc(Cl)cc4)c4ccc(Cl)cc4)cc23)CC1,5.3768
O=c1cc(NC2CCN(S(=O)(=O)C(F)(F)F)CC2)c2cc(C(c3ccc(Cl)cc3)c3ccc(Cl)nc3)ccc2[nH]1,5.1805
O=c1cc(NC2CCN(S(=O)(=O)C(F)(F)F)CC2)c2cc(C(O)(c3ccc(Cl)cc3)c3ccc(Cl)cc3)ccc2[nH]1,5.2676
O=c1cc(NCc2cncc(C(F)(F)F)c2)c2cc(C(c3ccc(Cl)cc3)c3ccc(Cl)cc3)ccc2[nH]1,5.1707
O=c1cc(NC2CCN(S(=O)(=O)c3cccc(F)c3)CC2)c2cc(C(c3ccc(Cl)cc3)c3ccc(Cl)cc3)ccc2[nH]1,5.4949
O=C(O)c1cccc(S(=O)(=O)N2CCC(Nc3cc(=O)[nH]c4ccc(C(c5ccc(Cl)cc5)c5ccc(Cl)cc5)cc34)CC2)c1,5.0543
O=c1cc(NC2CCC(C(F)(F)F)CC2)c2cc(C(c3ccc(Cl)cc3)c3ccc(Cl)cc3)ccc2[nH]1,5.4318
Cn1c(=O)cc(NC2CCN(S(=O)(=O)C(F)(F)F)CC2)c2cc(C(c3ccc(Cl)cc3)c3nccs3)ccc21,5.0044
O=c1cc(NC2CCN(S(=O)(=O)C(F)(F)F)CC2)c2cc(C(c3ccc(Cl)cc3)c3ccc(Cl)cc3)cc(Br)c2[nH]1,7.3010
CCOC(=O)CC(=O)N1CCC(Nc2cc(=O)[nH]c3ccc(C(c4ccc(Cl)cc4)c4ccc(Cl)cc4)cc23)CC1,5.4377
CCOC(=O)CCC(=O)N1CCC(Nc2cc(=O)[nH]c3ccc(C(c4ccc(Cl)cc4)c4ccc(Cl)cc4)cc23)CC1,5.0044
COCCNc1cc(C(c2ccc(Cl)cc2)c2ccc(Cl)cc2)cc2c(NC3CCN(S(=O)(=O)C(F)(F)F)CC3)cc(=O)[nH]c12,6.6990
COCCNc1ccc(C(c2ccc(Cl)cc2)c2cc(NCCOC)c3[nH]c(=O)cc(NC4CCN(S(=O)(=O)C(F)(F)F)CC4)c3c2)cc1,6.0410
NC(=O)CC(=O)N1CCC(Nc2cc(=O)[nH]c3ccc(C(c4ccc(Cl)cc4)c4ccc(Cl)cc4)cc23)CC1,5.1871
O=C1CCCN1c1cc(C(c2ccc(Cl)cc2)c2ccc(Cl)cc2)cc2c(NC3CCN(S(=O)(=O)C(F)(F)F)CC3)cc(=O)[nH]c12,6.1739
O=C(O)CCCNc1cc(C(c2ccc(Cl)cc2)c2ccc(Cl)cc2)cc2c(NC3CCN(S(=O)(=O)C(F)(F)F)CC3)cc(=O)[nH]c12,6.3382
O=C(O)c1ccc(S(=O)(=O)N2CCC(Nc3cc(=O)[nH]c4ccc(C(c5ccc(Cl)cc5)c5ccc(Cl)cc5)cc34)CC2)cc1,6.6198
NC(=O)Cc1ccc(Nc2cc(=O)[nH]c3ccc(C(c4ccc(Cl)cc4)c4ccc(Cl)cc4)cc23)cc1,5.0915
O=C(O)c1ccc(CN2CCC(Nc3cc(=O)[nH]c4ccc(C(c5ccc(Cl)cc5)c5ccc(Cl)cc5)cc34)CC2)s1,5.0132
O=C(O)c1ccc(S(=O)(=O)N2CCC(Nc3cc(=O)[nH]c4ccc(C(c5ccc(Cl)cc5)c5ccc(Cl)cc5)cc34)CC2)s1,6.1612
O=C(O)c1ccc(S(=O)(=O)N2CCC(Nc3cc(=O)[nH]c4ccc(C(c5ccc(Cl)cc5)c5ccc(Cl)cc5)cc34)CC2)o1,5.4056
Cc1ccc(Nc2cc(=O)[nH]c3ccc(C(c4ccc(Cl)cc4)c4ccc(Cl)cc4)cc23)cn1,5.1739
O=c1cc(NC2CCN(S(=O)(=O)C(F)(F)F)CC2)c2cc(C(Cc3ccc(F)cc3)c3ccc(Cl)cc3)ccc2[nH]1,5.1669
O=C(c1ccc(Nc2cc(=O)[nH]c3ccc(C(c4ccc(Cl)cc4)c4ccc(Cl)cc4)cc23)cc1F)N1CCCC1,6.1249
COCCCc1cc(C(c2ccc(Cl)cc2)c2ccc(Cl)cc2)cc2c(NC3CCN(S(=O)(=O)C(F)(F)F)CC3)cc(=O)[nH]c12,7.2183
OC(c1ccc(Cl)cc1)(c1ccc2nccc(/C=C\c3ccccc3)c2c1)c1cscn1,6.6990
OC(c1ccc(Cl)cc1)(c1ccc2nccc(/C=C/c3ccccc3)c2c1)c1cscn1,6.4685
CC(C)(C)Oc1cc(/C=C/c2cccc(F)c2)c2cc(C(O)(c3ccc(Cl)cc3)c3ccsc3)ccc2n1,6.2676
O=S(=O)(Oc1cc(C2=CCN(S(=O)(=O)C(F)(F)F)CC2)c2cc(C(c3ccc(Cl)cc3)c3ccc(Cl)cc3)ccc2n1)C(F)(F)F,7.3979
O=S(=O)(N1CCC(Nc2ccnc3c(Br)cc(C(c4ccc(Cl)cc4)c4ccc(Cl)cc4)cc23)CC1)C(F)(F)F,6.7447
O=C(O)COc1cc(NC2CCN(S(=O)(=O)C(F)(F)F)CC2)c2cc(C(c3ccc(Cl)cc3)c3ccc(Cl)cc3)ccc2n1,5.1739
O=C(O)CCCCCOc1cc(NC2CCN(S(=O)(=O)C(F)(F)F)CC2)c2cc(C(c3ccc(Cl)cc3)c3ccc(Cl)cc3)ccc2n1,7.2183
COc1cc(C(c2ccc(Cl)cc2)c2ccc(Cl)cc2)cc2c(NC3CCN(S(=O)(=O)C(F)(F)F)CC3)ccnc12,6.6904
O=C(O)CCCCOc1cc(C(c2ccc(Cl)cc2)c2ccc(Cl)cc2)cc2c(NC3CCN(S(=O)(=O)C(F)(F)F)CC3)ccnc12,5.6234
NC(=O)CCCCOc1cc(C(c2ccc(Cl)cc2)c2ccc(Cl)cc2)cc2c(NC3CCN(S(=O)(=O)C(F)(F)F)CC3)ccnc12,5.0640
CCOC(=O)CCCCOc1cc(C(c2ccc(Cl)cc2)c2ccc(Cl)cc2)cc2c(NC3CCN(S(=O)(=O)C(F)(F)F)CC3)ccnc12,5.1487
CCOC(=O)COc1cc(C(c2ccc(Cl)cc2)c2ccc(Cl)cc2)cc2c(NC3CCN(S(=O)(=O)C(F)(F)F)CC3)cc(=O)[nH]c12,5.4685
COc1cc(NC2CCN(S(=O)(=O)C(F)(F)F)CC2)c2cc(C(c3ccc(Cl)cc3)c3ccc(Cl)cc3)cc(Br)c2n1,5.3188
COc1cc(NC2CCN(S(=O)(=O)C(F)(F)F)CC2)c2cc(C(c3ccc(Cl)cc3)c3ccc(Cl)cc3)cc(/C=C/CO)c2n1,5.4202
COc1cc(NC2CCN(S(=O)(=O)C(F)(F)F)CC2)c2cc(C(c3ccc(Cl)cc3)c3ccc(Cl)cc3)cc(CCCO)c2n1,6.9393
COC(=O)C(C)(C)NC(=O)c1cccc(-c2cccc(Cl)c2)n1,7.1643
COC(=O)C(C)(C)NC(=O)c1cccc(-c2ccccc2Cl)n1,7.2388
Cc1nc(C(C)(C)NC(=O)c2cccc(-c3ccc(Cl)cc3)n2)no1,6.4675
COC(=O)C(C)(C)NC(=O)c1ccc(C)c(OCC(F)(F)F)n1,7.1124
COC(=O)C(C)(C)NC(=O)c1ccc(C2CC2)c(Nc2ccc(Cl)cc2Cl)n1,6.3620
COC(=O)C(C)(C)NC(=O)c1ccc(C)c(Nc2ccc(Cl)cc2Cl)n1,6.4248
COC(=O)C(C)(C)NC(=O)c1cccc(C2CCCCC2)n1,7.4935
CC(C)(NC(=O)c1cccc(-c2cccc(Cl)c2)n1)c1ncco1,7.0017
COC(=O)C(C)(C)NC(=O)c1ccc(C2CCOCC2)c(OCC2CC2)n1,7.2534
Cc1nc(C(C)(C)NC(=O)c2ccc(C3CCOCC3)c(OCC3CC3)n2)no1,7.0540
O=C(NN1CCCCC1)c1cccc(-c2cccc(Cl)c2)n1,7.1965
CC(C)(NC(=O)c1cccc(-c2cccc(Cl)c2)n1)c1nccs1,6.9784
COC(=O)C(C)(C)NC(=O)c1ccc(-c2cc[nH]n2)c(OCC2CC2)n1,6.3701
CC(C)C[C@@H](CO)NC(=O)c1ccc(N2CCCC2)c(OCC2CC2)n1,8.5229
O=C(c1ccc(N2CCCC2)c(OCC2CC2)n1)N1CCS(=O)(=O)CC1,7.0182
O=C(c1ccc(N2CCCC2)c(OCC2CC2)n1)N1CCSCC1,7.7799
CC(C)(NC(=O)c1cccc(-c2cccc(Cl)c2)n1)c1nnco1,6.2470
O=C(NC1CCCCC1)c1cccc(-c2cccc(Cl)c2)n1,7.0132
O=C(Nc1ccccc1)c1cccc(-c2cccc(Cl)c2)n1,6.3824
O=C(Nc1ccccn1)c1cccc(-c2cccc(Cl)c2)n1,6.5824
O=C(NC1CCOCC1)c1cccc(-c2cccc(Cl)c2)n1,6.6572
Cc1nsc(C(C)(C)NC(=O)c2cccc(-c3cccc(Cl)c3)n2)n1,6.1973
CCC(CC)(NC(=O)c1cccc(-c2cccc(Cl)c2)n1)C(=O)N(C)C,7.3170
O=C(NN1CCCCC1)c1cccc(C2CCCCC2)n1,7.8069
Cc1ccc(C(=O)N2CCCCC2)nc1S(=O)(=O)N1CCCCC1,6.5357
CC1CC(NC(=O)c2cccc(-c3cccc(Cl)c3)n2)CCO1,6.1606
COC(=O)C(C)(C)NC(=O)c1ccc(N2CCCC2)c(OCC2CC2)n1,8.3372
Cc1cc(C(C)(C)NC(=O)c2cccc(-c3cccc(Cl)c3)n2)on1,6.2490
CCC(CC)(CO)NC(=O)c1cccc(-c2cccc(Cl)c2)n1,6.4896
O=C(NC1CCCOC1)c1cccc(-c2cccc(Cl)c2)n1,6.1820
O=C(c1ccc(N2CCCC2)c(OCC2CC2)n1)N1CC2(COC2)C1,6.3735
CC(C)C[C@H](NC(=O)c1ccc(N2CCCC2C)c(OCC2CC2)n1)C(N)=O,8.8097
Cc1nc(C(C)(C)NC(=O)c2ccc(N3CCCC3)c(OCC3CC3)n2)no1,7.6364
CC(C)(NC(=O)c1ccc(C2CCOCC2)c(OCC2CC2)n1)c1nccs1,7.2700
CC(C)(CCN1CCOCC1)NC(=O)c1ccc(N2CCCC2)c(OCC2CC2)n1,8.1487
CNC(=O)C(C)(C)NC(=O)c1ccc(C)c(OCC2CC2)n1,6.0117
O=C(NN1CCCCC1)c1cccc(C2CCOCC2)n1,6.2042
Cc1nc([C@H](CC2CC2)NC(=O)c2cccc(-c3cccc(Cl)c3)n2)no1,7.0013
O=C(c1ccc(C2CCCC2)c(OCC2CC2)n1)N1CCS(=O)(=O)CC1,6.5181
CNC(=O)C(C)(C)NC(=O)c1ccc(C2CCCC2)c(OCC2CC2)n1,7.5114
Cc1nc(C(C)(C)NC(=O)c2cccc(-c3cccc(Cl)c3)n2)no1,7.0004
O=C(NN1CCCCC1)c1ccc(C2CC2)c(OCC2CC2)n1,5.8304
CNC(=O)C(C)(C)NC(=O)c1ccc(C2CC2)c(OCC2CC2)n1,6.5608
CC(C)(NC(=O)c1ccc(C2CC2)c(OCC2CC2)n1)c1nccs1,7.8697
Cc1nc(C(C)(C)NC(=O)c2ccc(C3CC3)c(OCC3CC3)n2)no1,7.0600
O=C(NN1CCCCC1)c1cccc(-c2ccc(Cl)cc2)n1,6.5370
Cc1ccc(C(=O)NN2CCCCC2)nc1OCC1CC1,6.8589
O=C(c1ccc(C2CC2)c(-c2cccc(Cl)c2)n1)N1CCS(=O)(=O)CC1,6.3217
Cc1ccc(C(=O)NC(C)(C)c2ncco2)nc1-c1cccc(Cl)c1,6.5117
Cc1ccc(C(=O)NC(C)(C)c2nccs2)nc1-c1cccc(Cl)c1,6.8765
Cc1nc(C(C)(C)NC(=O)c2ccc(C)c(-c3cccc(Cl)c3)n2)no1,6.8952
Cc1ccc(C(=O)NN2CCCCC2)nc1-c1cccc(Cl)c1,6.4928
Cc1nc([C@H](CC2CC2)NC(=O)c2ccc(C3CCCC3)c(OCC3CC3)n2)no1,7.3401
Cc1nc(C(C)(C)NC(=O)c2ccc(C3CCCC3)c(OCC3CC3)n2)no1,7.9431
CC(C)(NC(=O)c1ccc(C2CCCC2)c(OCC2CC2)n1)c1nccs1,7.4989
CC(C)C[C@H](NC(=O)c1cccc(-c2cccc(Cl)c2)n1)c1nccs1,6.7612
Cc1nc([C@H](CC2CC2)NC(=O)c2ccc(C)c(OCC3CC3)n2)no1,6.4959
CC(C)(NC(=O)c1ccc(Cl)c(-c2cccc(Cl)c2)n1)c1nccs1,6.9838
O=C(N[C@@H](CC1CC1)c1nccs1)c1ccc(C2CCOCC2)c(OCC2CC2)n1,7.4881
O=C(N[C@@H](CC1CC1)c1nccs1)c1cccc(-c2cccc(Cl)c2)n1,7.2062
CC(C)(NC(=O)c1ccc(N2CCCC2=O)c(OCC2CC2)n1)c1ncco1,5.8302
Cc1ccc(C(=O)NC(C)(C)c2nccs2)nc1OCC1CC1,7.9393
CC(C)(NC(=O)c1ccc(N2CCCC2)c(OCC2CC2)n1)C1=NCCO1,6.9496
Cc1ccc(C(=O)N[C@@H](CC(C)C)c2nccs2)nc1OCC1CC1,7.7235
Cc1ccc(C(=O)N[C@@H](CC2CC2)c2nccs2)nc1OCC1CC1,7.4711
O=C(NN1CCCCC1)c1ccc(Cl)c(-c2cccc(Cl)c2)n1,6.6659
CNC(=O)C(C)(C)NC(=O)c1ccc(C2CC2)c(-c2cccc(Cl)c2)n1,6.0985
O=C(NN1CCCCC1)c1cccc(OCC2CC2)n1,6.3678
CC(C)(NC(=O)c1ccc(N2CC(F)(F)C2)c(OCC2CC2)n1)c1nccs1,8.2218
CCC(CC)(NC(=O)c1ccc(C)c(-c2cccc(Cl)c2)n1)C(=O)NC,7.2411
CCC(CC)(NC(=O)c1ccc(C2CC2)c(-c2cccc(Cl)c2)n1)C(=O)NC,7.2132
CC(C)(NC(=O)c1cccc(-c2cccc(Cl)c2)n1)c1ncon1,7.4841
CC(C)(NC(=O)c1ccc(C2CC2)c(OCC2CC2)n1)c1ncon1,7.3904
CCC(CC)(NC(=O)c1ccc(C2CC2)c(OCC2CC2)n1)C(=O)NC,8.0506
CC(C)(NC(=O)c1ccc(N2CC(O)C2)c(OCC2CC2)n1)c1nccs1,7.8182
CCC(CC)(NC(=O)c1cccc(-c2ccc(Cl)cc2)n1)C(=O)NC,6.7335
CC(C)(NC(=O)c1ccc(N2CCCS2(=O)=O)c(OCC2CC2)n1)c1nccs1,5.8530
CCC(CC)(NC(=O)c1ccc(N2CCC(F)(F)C2)c(OCC2CC2)n1)C(=O)NC,8.3372
O=C(c1ccc(N2CCC(F)(F)C2)c(OCC2CC2)n1)N1CCS(=O)(=O)CC1,5.6907
CNC(=O)C(C)(C)NC(=O)c1ccc(N2CCC(F)(F)C2)c(OCC2CC2)n1,6.8735
CCC(CC)(NC(=O)c1ccc(OC)c(-c2cccc(Cl)c2)n1)C(=O)NC,6.3802
COc1ccc(C(=O)NC(C)(C)c2nccs2)nc1-c1cccc(Cl)c1,6.8529
CC(C)(NC(=O)c1ccc(Cl)c(OCC2CC2)n1)c1ncon1,6.4597
O=C(NC1CCCCC1O)c1cccc(C2CCCCC2)n1,6.5349
CCC(CC)(NC(=O)c1ccc(C2CCOCC2)c(OCC2CC2)n1)C(=O)NC,6.7300
CNC(=O)C(C)(C)NC(=O)c1ccc(N2CC(F)(F)C2)c(OCC2CC2)n1,6.3221
CC(C)(NC(=O)c1ccc(Cl)c(-c2cccc(Cl)c2)n1)c1ncon1,6.4488
COc1ccc(C(=O)NC(C)(C)c2noc(C)n2)nc1-c1cccc(Cl)c1,6.9255
COc1ccc(C(=O)NC(C)(C)c2ncco2)nc1-c1cccc(Cl)c1,6.6629
CCC(CC)(NC(=O)c1ccc(Cl)c(-c2cccc(Cl)c2)n1)C(=O)NC,6.1993
COC(=O)C1CCCCC1NC(=O)c1cccc(C2CCCCC2)n1,6.4944
CC(C)(NC(=O)c1ccc(C2CCOCC2)c(OCC2CC2)n1)c1ncco1,6.9205
O=C(NN1CCCCC1)c1cccc(C2CCCC2)n1,6.8881
CC(C)(NC(=O)c1ccc(C2CC2)c(-c2cccc(Cl)c2)n1)c1ncco1,7.0762
Cc1nc(C(C)(C)NC(=O)c2ccc(C3CC3)c(-c3cccc(Cl)c3)n2)no1,7.0186
NC(=O)[C@H](CC1CC1)NC(=O)c1ccc(C2CC2)c(-c2cccc(Cl)c2)n1,6.2942
NC(=O)[C@H](CC1CC1)NC(=O)c1ccc(C2CC2)c(OCC2CC2)n1,7.5591
O=C(N[C@@H](CC1CC1)c1nccs1)c1ccc(C2CC2)c(OCC2CC2)n1,7.2240
CC(C)C[C@H](NC(=O)c1ccc(C2CC2)c(OCC2CC2)n1)C(N)=O,8.9208
CC(C)(NC(=O)c1ccc(C2CCOC2)c(-c2cccc(Cl)c2)n1)c1nccs1,6.9901
Cc1nc(C(C)(C)NC(=O)c2ccc(N3CC(F)(F)C3)c(OCC3CC3)n2)no1,7.2027
NC(=O)[C@H](CC1CC1)NC(=O)c1ccc(N2CC(F)(F)C2)c(OCC2CC2)n1,8.1549
CC(C)(NC(=O)c1ccc(Cl)c(-c2cccc(Cl)c2)n1)c1ncco1,6.2868
CC(C)C[C@H](NC(=O)c1ccc(Cl)c(-c2cccc(Cl)c2)n1)C(N)=O,6.6821
Cc1nc(C(C)(C)NC(=O)c2ccc(C3CCCC3)c(-c3cccc(Cl)c3)n2)no1,6.6676
NC(=O)[C@H](CC1CC1)NC(=O)c1ccc(C2CCCC2)c(OCC2CC2)n1,7.9706
Cc1nc(C(C)(C)NC(=O)c2ccc(Cl)c(OCC3CC3)n2)no1,6.7206
CCC(CC)(NC(=O)c1ccc(Cl)c(OCC2CC2)n1)C(=O)NC,6.7496
NC(=O)[C@H](CC1CC1)NC(=O)c1ccc(Br)c(OCC2CC2)n1,6.6492
CCC(CC)(NC(=O)c1ccc(C2CCCC2)c(OCC2CC2)n1)C(=O)NC,8.1612
NC(=O)[C@H](CC1CC1)NC(=O)c1ccc(N2CCC(F)(F)C2)c(OCC2CC2)n1,7.8125
NC(=O)[C@H](CC1CC1)NC(=O)c1ccc(C(F)(F)F)c(OCC2CC2)n1,6.7001
CC(C)C[C@H](NC(=O)c1ccc(C2CCOC2)c(OCC2CC2)n1)C(N)=O,8.2441
CC(C)C[C@H](NC(=O)c1ccc(C2CCCO2)c(OCC2CC2)n1)C(N)=O,8.1805
Cc1cccc(-c2nc(C(=O)NC(C)(C)c3nccs3)ccc2C2CC2)c1,7.0660
COCCOCC(C)(C)NC(=O)c1ccc(C2CC2)c(OCC2CC2)n1,6.4558
CC(C)C[C@H](NC(=O)c1ccc(C(F)(F)F)c(OCC2CC2)n1)C(N)=O,7.8729
CC(C)(NC(=O)c1ccc(C(F)(F)F)c(OCC2CC2)n1)c1ncon1,6.6438
Cc1nc(C(C)(C)NC(=O)c2ccc(C(F)(F)F)c(OCC3CC3)n2)no1,6.5860
CC(C)(NC(=O)c1ccc(C(F)(F)F)c(OCC2CC2)n1)c1nccs1,6.9547
O=C(NC1CCCCC1CO)c1cccc(C2CCCCC2)n1,6.8024
Cc1nc(C(C)(C)NC(=O)c2ccc(C3CCCO3)c(OCC3CC3)n2)no1,7.6990
Cc1nc(C(C)(C)NC(=O)c2ccc(C3CCOC3)c(OCC3CC3)n2)no1,7.1013
Cc1nc(C(C)(C)NC(=O)c2ccc(C3CCCO3)c(-c3cccc(Cl)c3)n2)no1,6.6803
CC(C)(NC(=O)c1ccc(C2CCCO2)c(-c2cccc(Cl)c2)n1)c1ncco1,6.6205
CC(C)(NC(=O)c1ccc(C2CCCO2)c(-c2cccc(Cl)c2)n1)c1nccs1,6.6503
CC(C)(NC(=O)c1ccc(C2CCCC2)c(-c2cccc(Cl)c2)n1)c1nccs1,6.6196
CC(C)(NC(=O)c1ccc(C(F)(F)F)c(OCC2CC2)n1)c1ncco1,6.7349
Cc1ccc(C(=O)N[C@@H](CC2CC2)C(N)=O)nc1OCC1CC1,7.3010
CC(C)C[C@H](NC(=O)c1ccc(N2CC(O)C2)c(OCC2CC2)n1)C(N)=O,7.1057
CC(C)C[C@H](NC(=O)c1ccc(N2CC(F)(F)C2)c(OCC2CC2)n1)C(N)=O,9.0969
NC(=O)[C@H](CC1CC1)NC(=O)c1ccc(NC2CC2)c(OCC2CC2)n1,7.4237
CC(C)C[C@H](NC(=O)c1ccc(NC2CC2)c(OCC2CC2)n1)C(N)=O,8.2924
CC(C)(O)[C@H](CC1CC1)NC(=O)c1ccc(N2CC(F)(F)C2)c(OCC2CC2)n1,7.4179
NC(=O)[C@H](CC1CC1)NC(=O)c1ccc(C2CCOC2)c(OCC2CC2)n1,7.1844
O=C(NC1CCCCC1O)c1ccc(N2CC(F)(F)C2)c(OCC2CC2)n1,6.6757
Cc1nc([C@H](CC2CC2)NC(=O)c2ccc(N3CC(F)(F)C3)c(OCC3CC3)n2)no1,7.5735
CC(C)(O)[C@H](CC1CC1)NC(=O)c1ccc(C2CC2)c(OCC2CC2)n1,6.9465
CC(C)C[C@H](NC(=O)c1ccc(N2CC(F)(F)C2)c(-c2cccc(Cl)c2)n1)C(N)=O,6.5163
CC(C)(CO)NC(=O)c1ccc(C2CCOC2)c(OCC2CC2)n1,6.3381
COCCOc1nc(C(=O)N[C@@H](CC(C)C)C(N)=O)ccc1C1CC1,7.8416
CC1(C)CCc2ccc(C(=O)NC[C@](C)(O)C3CC3)nc2C1,6.3872
Cc1nc(C(C)(C)NC(=O)c2ccc3c(n2)CC(C)(C)CC3)no1,7.6421
CC1(C)CCc2ccc(C(=O)NC(C)(C)CO)nc2C1,6.5385
O=C(N[C@@H](CC1CC1)c1nccs1)c1ccc(N2CC(F)(F)C2)c(OCC2CC2)n1,7.4365
O=C(NCc1ccccn1)c1ccc(N2CC(F)(F)C2)c(OCC2CC2)n1,6.0353
CC(C)(CO)NC(=O)c1ccc(N2CC(F)(F)C2)c(OCC2CC2)n1,7.0752
O=C(c1ccc(N2CC(F)(F)C2)c(OCC2CC2)n1)N1CCC[C@H]1CO,6.7582
CC(C)C[C@H](NC(=O)c1ccc(C2(O)COC2)c(OCC2CC2)n1)C(N)=O,6.8047
Cc1nc(C(C)(C)NC(=O)c2ccc(C3CCOC3)c(-c3cccc(Cl)c3)n2)no1,6.4548
COCCOCC(C)(C)NC(=O)c1ccc(N2CC(F)(F)C2)c(-c2cccc(Cl)c2)n1,6.3546
COCCOc1nc(C(=O)NC(C)(C)c2noc(C)n2)ccc1C1CC1,6.5333
CC(C)(CCN1CCOCC1)NC(=O)c1ccc(C2CC2)c(OCC2CC2)n1,6.8245
CC(C)C[C@H](NC(=O)c1ccc(C2CC2)c(Cc2ccc(F)cc2)n1)C(N)=O,9.1549
CC(C)(NC(=O)c1ccc(N2CC(F)(F)C2)c(-c2cccc(Cl)c2)n1)c1nccs1,6.4763
COCCOC[C@H](CC1CC1)NC(=O)c1ccc(N2CC(F)(F)C2)c(OCC2CC2)n1,7.5622
COCCOc1nc(C(=O)N[C@@H](CC(C)C)C(N)=O)ccc1N1CC(F)(F)C1,7.6402
CC(C)(CO)NC(=O)c1ccc(NC2CC2)c(OCC2CC2)n1,6.1076
Cc1nc(C(C)(C)NC(=O)c2ccc(C3(O)CCC3)c(OCC3CC3)n2)no1,6.9073
COCCOc1nc(C(=O)N[C@@H](CC2CC2)C(N)=O)ccc1C1CC1,6.9062
NC(=O)[C@H](CC1CC1)NC(=O)c1ccc(N(CC(F)(F)F)CC(F)(F)F)c(OCC2CC2)n1,7.2644
Cc1nc([C@H](CC2CC2)NC(=O)c2ccc(C3CC3)c(OCC3CC3)n2)no1,7.8386
Cc1nc([C@H](CC2CC2)NC(=O)c2ccc(N3CC(F)(F)C3)c(-c3cccc(Cl)c3)n2)no1,6.6041
CCC(CC)(NC(=O)c1ccc(N(CC(F)(F)F)CC(F)(F)F)c(OCC2CC2)n1)C(=O)NC,8.1427
Cc1nc(C(C)(C)NC(=O)c2ccc(C3CC3)c(OCC3CCCO3)n2)no1,7.5157
CC(C)(C#N)NC(=O)c1ccc(C2CC2)c(OCC2CC2)n1,6.6872
CNC(=O)[C@@H](NC(=O)c1ccc(C2CC2)c(OCC2CC2)n1)C(C)(C)C,9.2218
CC(C)C(C)(NC(=O)c1ccc(C2CC2)c(OCC2CC2)n1)C(N)=O,6.7387
CCC(C)(NC(=O)c1ccc(C2CC2)c(OCC2CC2)n1)C(N)=O,6.7124
Cc1nc(C2(NC(=O)c3ccc(C4CC4)c(OCC4CC4)n3)CCC2)no1,7.3298
NC(=O)[C@@H](NC(=O)c1ccc(C2CC2)c(OCC2CC2)n1)c1ccccc1,7.9957
NC(=O)[C@H](NC(=O)c1ccc(C2CC2)c(OCC2CC2)n1)c1ccccc1,7.6364
CC(C)C[C@H](CO)NC(=O)c1ccc(C2CC2)c(OCC2CC2)n1,7.4949
O=C(NC1(CO)CCCC1)c1ccc(C2CC2)c(OCC2CC2)n1,7.3206
Cc1noc(C(C)(C)NC(=O)c2ccc(C3CC3)c(OCC3CC3)n2)n1,6.9423
CC(C)C[C@H](NC(=O)c1ccc(Br)c(Oc2ccc(F)cc2)n1)C(N)=O,6.7082
CC(C)CC(C)(NC(=O)c1ccc(C2CC2)c(OCC2CC2)n1)C(N)=O,7.3747
CC(C)(C)C(NC(=O)c1ccc(C2CC2)c(OCC2CC2)n1)C(N)=O,8.4202
NC(=O)C1(NC(=O)c2ccc(C3CC3)c(OCC3CC3)n2)CCOCC1,6.3741
CNC(=O)[C@H](CC(C)C)NC(=O)c1ccc(C2CC2)c(OCC2CC2)n1,8.8861
CNC(=O)[C@H](CC(C)(C)C)NC(=O)c1ccc(C2CC2)c(OCC2CC2)n1,8.7696
CNC(=O)[C@@H](NC(=O)c1ccc(C2CC2)c(OCC2CCCO2)n1)C(C)(C)C,8.3979
CNC(=O)[C@H](CC(C)C)NC(=O)c1ccc(C2CC2)c(OCC2CCCO2)n1,8.4089
CNC(=O)[C@H](CC(C)(C)C)NC(=O)c1ccc(C2CC2)c(OCC2CCCO2)n1,8.1249
CC(C)C[C@H](NC(=O)c1ccc(C2CC2)c(OCC2CCCO2)n1)C(N)=O,8.9586
CC(C)C[C@H](NC(=O)c1ccc(C2CC2)c(Oc2ccc(F)cc2)n1)C(N)=O,7.2823
CNC(=O)[C@@H](NC(=O)c1ccc(Br)c(OCC2CCCO2)n1)C(C)(C)C,8.3010
Cc1nc(C2(NC(=O)c3ccc(C4CC4)c(OCc4ccccn4)n3)CCC2)no1,6.4194
Cc1nc(C(NC(=O)c2ccc(C3CC3)c(OCC3CC3)n2)C2CC2)no1,7.6904
CC(C)[C@](C)(CO)NC(=O)c1ccc(C2CC2)c(OCC2CC2)n1,7.2388
CNC(=O)[C@@H](NC(=O)c1cccc(-c2cccc(Cl)c2)n1)C(C)(C)C,7.1925
CNC(=O)[C@H](CC(C)(C)C)NC(=O)c1cccc(-c2cccc(Cl)c2)n1,7.0026
CC(C)(CCO)NC(=O)c1ccc(C2CC2)c(OCC2CC2)n1,7.0039
CNC(=O)[C@@H](NC(=O)c1ccc(C2CC2)c(OCC2CCOCC2)n1)C(C)(C)C,8.8539
CNC(=O)[C@H](CC(C)(C)C)NC(=O)c1ccc(C2CC2)c(OCC2CCOCC2)n1,7.9872
Cc1nc([C@H](NC(=O)c2ccc(C3CC3)c(OCC3CC3)n2)C2CC2)no1,7.4789
Cc1nc([C@@H](NC(=O)c2ccc(C3CC3)c(OCC3CC3)n2)C2CC2)no1,8.1675
Cc1nc(C(C)(C)NC(=O)c2ccc(C3CC3)c(OCc3ccccn3)n2)no1,6.8210
CC(C)C[C@H](NC(=O)c1ccc(C2CC2)c(OCc2ccccn2)n1)C(N)=O,7.6326
CNC(=O)[C@@H](NC(=O)c1ccc(C2CC2)c(OCc2ccccn2)n1)C(C)(C)C,7.5735
Cc1nc(C(C)(C)NC(=O)c2ccc(C3CC3)c(OCC3CCOCC3)n2)no1,7.6271
CNC(=O)[C@H](CC(C)C)NC(=O)c1ccc(C2CC2)c(OCC2CCOCC2)n1,8.5686
CNC(=O)[C@@H](NC(=O)c1cccc(-c2ccccc2)n1)C(C)(C)C,7.8794
CNC(=O)[C@H](CC(C)C)NC(=O)c1cccc(-c2ccccc2)n1,7.2381
CNC(=O)[C@@H](NC(=O)c1ccc(N2CC(F)(F)C2)c(OCC2CCCO2)n1)C(C)(C)C,7.6021
CCC(CC)(NC(=O)c1ccc(N2CC(F)(F)C2)c(OCC2CC2)n1)C(=O)O,7.8416
CNC(=O)[C@@H](NC(=O)c1ccc(N2CC(F)(F)C2)c(OCC2CC2)n1)C(C)(C)C,8.0506
CNC(=O)[C@H](CC(C)(C)C)NC(=O)c1ccc(N2CC(F)(F)C2)c(OCC2CC2)n1,8.6021
CNC(=O)[C@H](CC(C)C)NC(=O)c1cccc(-c2cccc(F)c2)n1,7.2076
CNC(=O)[C@H](CC(C)C)NC(=O)c1cccc(-c2cccc(C(F)(F)F)c2)n1,7.2434
CNC(=O)[C@H](CC(C)C)NC(=O)c1cccc(-c2ccc(F)c(Cl)c2)n1,7.8729
CNC(=O)[C@@H](NC(=O)c1cccc(-c2cccc(F)c2)n1)C(C)(C)C,7.8928
CNC(=O)[C@@H](NC(=O)c1cccc(-c2cccc(C(F)(F)F)c2)n1)C(C)(C)C,7.2700
CNC(=O)[C@@H](NC(=O)c1cccc(-c2cccc(OC)c2)n1)C(C)(C)C,6.9017
CNC(=O)[C@@H](NC(=O)c1cccc(-c2ccc(F)c(Cl)c2)n1)C(C)(C)C,8.5686
O=C(N[C@@H](c1cccnc1)C(F)(F)F)c1ccc(C2CC2)c(OCC2CC2)n1,7.3862
O=C(N[C@H](c1cccnc1)C(F)(F)F)c1ccc(C2CC2)c(OCC2CC2)n1,7.6180
Cc1nc(C(NC(=O)c2ccc(C3CC3)c(OCC3CCOCC3)n2)C2CC2)no1,7.9666
CCC(CC)(NC(=O)c1ccc(N(CC(F)(F)F)CC(F)(F)F)c(OCC2CC2)n1)C(=O)OC,8.7959
Cc1nc(C(NC(=O)c2ccc(N3CC(F)(F)C3)c(OCC3CC3)n2)C2CC2)no1,7.8928
CN(C)C(=O)[C@H](CC1CC1)NC(=O)c1ccc(C2CC2)c(OCC2CC2)n1,8.4949
O=C(NC(c1ccccn1)C(F)(F)F)c1ccc(C2CC2)c(OCC2CCOCC2)n1,7.9626
O=C(NC(c1ccccn1)C(F)(F)F)c1ccc(N2CC(F)(F)C2)c(OCC2CC2)n1,7.6536
CNC(=O)[C@@H](NC(=O)c1ccc(C2CC2)c(OCC2CC2)n1)c1ccccc1,7.3152
CN(C)C(=O)[C@@H](NC(=O)c1ccc(C2CC2)c(OCC2CC2)n1)c1ccccc1,7.7011
CN(C)C(=O)[C@H](NC(=O)c1ccc(C2CC2)c(OCC2CC2)n1)c1ccccc1,7.3893
CNC(=O)[C@H](CC(C)(C)C)NC(=O)c1ccc(C(F)(F)F)c(OCC2CC2)n1,7.7747
Cc1nc(C(NC(=O)c2ccc(C(F)(F)F)c(OCC3CC3)n2)C2CC2)no1,7.2807
CNC(=O)[C@H](CC(C)(C)C)NC(=O)c1ccc(C(F)(F)F)c(OCC2CCOCC2)n1,7.5317
CC(C)C[C@H](NC(=O)c1ccc(C2CC2)c(OCC2CC2)n1)C(=O)N(C)C,8.8539
Cc1nc(C(NC(=O)c2cccc(-c3ccc(F)c(Cl)c3)n2)C2CC2)no1,7.8239
CCC(CC)(NC(=O)c1ccc(C2CC2)c(OCC2CCCO2)n1)C(=O)OC,10.0000
CNC(=O)[C@H](CC(C)(C)C)NC(=O)c1ccc(N2CCC23COC3)c(OCC2CC2)n1,8.0809
Cc1nc(C(C)(C)NC(=O)c2ccc(N3CCC34COC4)c(OCC3CC3)n2)no1,7.3840
Cc1nc(C(NC(=O)c2ccc(N3CCC34COC4)c(OCC3CC3)n2)C2CC2)no1,7.4377
O=C(N[C@H](c1cccnc1)C(F)(F)F)c1ccc(N2CC(F)(F)C2)c(OCC2CC2)n1,7.0110
CCC(CC)(NC(=O)c1ccc(C(F)(F)F)c(OCC2CCOCC2)n1)C(=O)OC,9.3979
COC(=O)[C@@H](NC(=O)c1ccc(C2CC2)c(OCC2CC2)n1)C(C)(C)C,8.9586
O=C(N[C@@H](c1ccccn1)C(F)(F)F)c1ccc(C2CC2)c(OCC2CC2)n1,7.1798
Cc1nc([C@@H](C)NC(=O)c2ccc(C3CC3)c(OCC3CC3)n2)no1,7.3089
Cc1nc([C@H](CC(C)C)NC(=O)c2ccc(C3CC3)c(OCC3CC3)n2)no1,8.9208
Cc1nc([C@@H](CC(C)C)NC(=O)c2ccc(C3CC3)c(OCC3CC3)n2)no1,7.6556
CC[C@H](NC(=O)c1ccc(C2CC2)c(OCC2CC2)n1)c1noc(C)n1,7.8508
CC[C@@H](NC(=O)c1ccc(C2CC2)c(OCC2CC2)n1)c1noc(C)n1,7.6882
C[C@@H](C#N)NC(=O)c1ccc(C2CC2)c(OCC2CC2)n1,6.6676
CC(C)C[C@H](C#N)NC(=O)c1ccc(C2CC2)c(OCC2CC2)n1,8.2518
N#C[C@H](NC(=O)c1ccc(C2CC2)c(OCC2CC2)n1)C1CC1,7.2924
CCC(CC)(NC(=O)c1ccc(C(F)(F)F)c(OCC2CC2)n1)C(=O)OC,8.6576
CCC(CC)(NC(=O)c1ccc(C2CC2)c(OCC2CCCO2)n1)C(=O)NC,8.0223
CCC(CC)(NC(=O)c1ccc(C2CC2)c(OCC2CC2)n1)C(=O)OC,8.8539
CCC(CC)(NC(=O)c1ccc(C(F)(F)F)c(OCC2CC2)n1)C(=O)O,6.2580
CCC(CC)(NC(=O)c1ccc(C(F)(F)F)c(OCC2CCOCC2)n1)C(=O)NC,7.8447
CCOC(=O)C(CC)(CC)NC(=O)c1ccc(C(F)(F)F)c(OCC2CCCO2)n1,8.6383
CN(C)C(=O)C(NC(=O)c1ccc(N2CC(F)(F)C2)c(OCC2CC2)n1)c1ccccc1,7.2125
CN(C)C(=O)[C@H](CC1CC1)NC(=O)c1ccc(N2CC(F)(F)C2)c(OCC2CC2)n1,8.0315
CCOC(=O)C(CC)(CC)NC(=O)c1ccc(C2CC2)c(OCC2CC2)n1,8.6383
COC(=O)[C@H](CC1CC1)NC(=O)c1ccc(C2CC2)c(OCC2CC2)n1,8.1487
CCC(CC)(NC(=O)c1ccc(C(F)(F)F)c(OCC2CC2)n1)C(=O)NC,8.2924
Cc1nc([C@@H](NC(=O)c2cccc(-c3ccc(F)c(Cl)c3)n2)C2CC2)no1,7.6038
Cc1nc([C@H](NC(=O)c2cccc(-c3ccc(F)c(Cl)c3)n2)C2CC2)no1,7.9957
CCC(CC)(NC(=O)c1ccc(C(F)(F)F)c(OCC2CCOCC2)n1)C(=O)N(C)C,7.1261
CCOC(=O)C(CC)(CC)NC(=O)c1ccc(N2CCC23COC3)c(OCC2CC2)n1,8.3468
CCC(CC)(NC(=O)c1ccc(C(F)(F)F)c(OCC2CCCO2)n1)C(=O)N(C)C,8.5686
CCOC(=O)C(CC)(CC)NC(=O)c1ccc(Br)c(OCC2CC2)n1,8.5528
CCOC(=O)C(CC)(CC)NC(=O)c1ccc(N2CC(F)(F)C2)c(OCC2CC2)n1,8.6990
Cc1nc(C(C)(C)NC(=O)c2cccc(-c3ccc(Cl)c(F)c3)n2)no1,7.5784
Cc1nc(C(C)(C)NC(=O)c2cccc(-c3ccc(F)c(Cl)c3)n2)no1,8.0605
CCC(CC)(NC(=O)c1ccc(N2CC(F)(F)C2=O)c(OCC2CC2)n1)C(=O)OC,7.3251
COC(=O)[C@H](CC(C)C)NC(=O)c1ccc(C2CC2)c(OCC2CC2)n1,8.8861
CC(C)CC(C#N)NC(=O)c1ccc(N2CC(F)(F)C2)c(OCC2CC2)n1,8.1024
Cc1nc(C(CC(C)C)NC(=O)c2ccc(C3CC(F)(F)C3)c(OCC3CC3)n2)no1,8.3665
CC(C)CC(C)(CO)NC(=O)c1ccc(C2CC(F)(F)C2)c(OCC2CC2)n1,8.2676
CCC(CC)(NC(=O)c1ccc(C2CC2)c(OCC2CC2)n1)C(=O)N1CCC1,8.7959
CCC(CC)(NC(=O)c1ccc(C2CC2)c(OCC2CC2)n1)C(=O)NCCOC,7.2857
CCN(C)C(=O)C(CC)(CC)NC(=O)c1ccc(C2CC2)c(OCC2CC2)n1,7.6091
CC(C)C[C@H](NC(=O)c1cccc(Cc2ccc(F)cc2)n1)C(N)=O,7.7799
O=C(N[C@H](c1ccccn1)C(F)(F)F)c1cccc(Cc2ccc(F)cc2)n1,7.6946
CC(C)[C@@](C)(CO)NC(=O)c1ccc(C2CC2)c(OCC2CC2)n1,7.6383
CC1(COc2nc(C(=O)NC(C)(C)c3nccs3)ccc2Br)COC1,6.9289
CC1(COc2nc(C(=O)NC3(c4nccs4)COC3)ccc2Br)COC1,6.3494
O=C(NC1(c2nccs2)COC1)c1ccc(Br)c(OCC(F)(F)F)n1,6.4343
CC1(COc2nc(C(=O)NC(c3ccccn3)C(F)(F)F)ccc2Br)COC1,6.9642
CCC(CC)(NC(=O)c1ccc(C2CC2)c(OCC2CC2)n1)C(=O)NCC1CC1,7.5686
CC(C)(NC(=O)c1ccc(C2CC2)c(OCC2CC2)n1)c1ccccn1,7.5003
CNC(=O)[C@H](CC(C)(C)C)NC(=O)c1cccc(Cc2ccc(F)cc2)n1,8.0862
CCC(CC)(NC(=O)c1ccc(C2CC2)c(OCC2CC2)n1)C(=O)N1CC(F)(F)C1,8.4437
CC(C)(NC(=O)c1ccc(N2CC(F)(F)C2)c(OCC(F)(F)F)n1)c1nccs1,6.7870
CCOC(=O)C(CC)(CC)NC(=O)c1ccc(N2CCCC2)c(OCC2CC2)n1,8.8539
CN1CC(NC(=O)c2ccc(N3CC(F)(F)C3)c(OCC3CC3)n2)CC1=O,6.0726
CCC(CC)(NC(=O)c1ccc(N2CCCC2)c(OCC2CC2)n1)C(=O)O,6.3836
O=C(NC1CCS(=O)(=O)C1)c1ccc(N2CC(F)(F)C2)c(OCC2CC2)n1,6.0585
O=C(NNC1CCS(=O)(=O)C1)c1ccc(N2CC(F)(F)C2)c(OCC2CC2)n1,6.1021
Cc1csc(C(C)(C)NC(=O)c2ccc(C3CC3)c(OCC3CC3)n2)n1,6.9504
CC1(COc2nc(C(=O)NC(C)(C)c3nccs3)ccc2N2CC(F)(F)C2)COC1,6.5862
CC(C)(NC(=O)c1ccc(C2CC2)c(OCC2CC2)n1)c1noc(N)n1,7.2161
CCC(CC)(NC(=O)c1cccc(OCC(F)(F)C(F)(F)F)n1)C(=O)NC,6.0166
CCC(CC)(NC(=O)c1ccc(C2CC2)c(OCC(F)(F)C(F)(F)F)n1)C(=O)NC,7.8477
CNC(=O)[C@H](CC(C)(C)C)NC(=O)c1ccc(C2CC2)c(OCC(F)(F)C(F)(F)F)n1,7.5591
Cc1nc([C@H](CC2CC2)NC(=O)c2ccc(C3CC3)c(OCC(F)(F)C(F)(F)F)n2)no1,7.4976
NC(=O)[C@@H](NC(=O)c1ccc(C2CC2)c(OCC(F)(F)F)n1)c1ccccc1,6.8871
O=C(NC(c1ccccn1)C(F)(F)F)c1ccc(C2CC2)c(OCC(F)(F)F)n1,6.2311
CC(C)C[C@@H](CO)NC(=O)c1ccc(C2CC2)c(OCC(F)(F)F)n1,7.4202
O=C(NC1(c2nccs2)COC1)c1ccc(C2CC2)c(OCC(F)(F)F)n1,6.8684
CC(C)(NC(=O)c1ccc(C2CC2)c(OCC(F)(F)F)n1)c1nccs1,7.2984
CC(C)(C)C(NC(=O)c1ccc(C2CC2)c(OCC(F)(F)F)n1)c1nccs1,6.8592
CCC(CC)(NC(=O)c1ccc(N2CC(F)(F)C2)c(OCC2CC2)n1)C(=O)N1CC(F)(F)C1,8.3279
O=C(NNC1CCS(=O)(=O)C1)c1cccc(Cc2ccc(F)cc2)n1,6.2367
CC(C)(NC(=O)c1ccc(C2CC2)c(OCC2CC2)n1)c1nc(N)no1,6.7535
CC(C)(C)[C@H](NC(=O)c1ccc(N2CC(F)(F)C2)c(OCC2CC2)n1)C(=O)N1CC(F)(F)C1,7.8327
CC(C)C[C@H](NC(=O)c1ccc(N2CC(F)(F)C2)c(OCC2CC2)n1)C(=O)N1CC(F)(F)C1,8.0757
CCOC(=O)C(CC)(CC)NC(=O)c1ccc(C(F)(F)F)c(OCC2CC2)n1,8.6198
CCC(CC)(NC(=O)c1ccc(C2CC2)c(O[C@H](CCO)C(F)(F)F)n1)C(=O)NC,6.0082
CCC(CC)(NC(=O)c1ccc(C2CC2)c(OCC[C@@H](O)C(F)(F)F)n1)C(=O)NC,7.7932
CC(C)CC(NC(=O)c1ccc(N2CC(F)(F)C2)c(OCC2CC2)n1)c1ccccn1,6.7199
CCC(CC)(NC(=O)c1ccc(C(F)(F)F)c(OCC2CC2)n1)C(=O)N1CC(F)(F)C1,8.5086
CC(C)C[C@H](NC(=O)c1cccc(C(O)c2ccc(F)cc2)n1)C(N)=O,7.6162
Cc1nc([C@H](CC(C)C)NC(=O)c2cccc(C(O)c3ccc(F)cc3)n2)no1,7.6003
CCC(CC)(NC(=O)c1ccc(C2CC2)c(O[C@@H](CCO)C(F)(F)F)n1)C(=O)NC,6.4629
CCC(CC)(NC(=O)c1ccc(C2CC2)c(OCC[C@H](O)C(F)(F)F)n1)C(=O)NC,8.3565
CC(C)CC(NC(=O)c1ccc(N2CC(F)(F)C2)c(OCC2CC2)n1)c1cccnn1,7.7235
Cc1nc(C(C)(C)NC(=O)c2ccc(N3CC(=O)C3)c(OCC3CC3)n2)no1,6.3724
Cc1nc([C@@](C)(NC(=O)c2ccc(C3CC3)c(OCC3CC3)n2)C2CC2)no1,9.0458
Cc1nc([C@](C)(NC(=O)c2ccc(C3CC3)c(OCC3CC3)n2)C2CC2)no1,8.3872
CC(C)CC(NC(=O)c1ccc(N2CC(F)(F)C2)c(OCC2CC2)n1)c1cccnc1,7.7570
NC(=O)[C@H](CC1CC1)NC(=O)c1ccc(C2CC2)c(Cc2ccc(F)cc2)n1,9.6990
Cc1nc([C@H](CC2CC2)NC(=O)c2ccc(C3CC3)c(Cc3ccc(F)cc3)n2)no1,8.9586
NC(=O)[C@@H](NC(=O)c1ccc(C2CC2)c(OCC2CC2)n1)c1ccc(F)cc1,8.4089
NC(=O)[C@@H](NC(=O)c1ccc(C2CC2)c(OCC2CC2)n1)c1ccc(Cl)cc1,7.6757
CC(C)C[C@H](NC(=O)c1cccc(S(=O)(=O)CC(C)C)n1)C(N)=O,6.0609
CC(C)CSc1cccc(C(=O)N[C@@H](CC(C)C)C(N)=O)n1,7.7799
O=C(N[C@@H](c1ccccn1)C(F)(F)F)c1ccc(C2CC2)c(Cc2ccc(F)cc2)n1,8.3468
CCC(CC)(NC(=O)c1ccc(C2CC2)c(Cc2ccc(F)cc2)n1)C(=O)O,8.0969
Cc1nc(C(C)(C)NC(=O)c2ccc(N3CCC(=O)C3)c(OCC3CC3)n2)no1,6.9658
Cc1nc([C@H](CC(C)C)NC(=O)c2cccc(S(=O)(=O)CC(C)C)n2)no1,6.0167
CC(C)C[C@H](NC(=O)c1ccc(C2CC2)c(Cc2ccc(F)cc2)n1)C(=O)O,6.6216
CCC(CC)(NC(=O)c1ccc(C2CC2)c(OCC2CCOCC2)n1)C(=O)O,7.4622
Cn1c(C(C)(C)NC(=O)c2ccc(C3CC3)c(OCC3CC3)n2)noc1=O,6.2722
CC(C)CC(NC(=O)c1ccc(N2CC(F)(F)C2)c(OCC2CC2)n1)c1ncccn1,7.1878
Cc1nc(C(C)(NC(=O)c2ccc(N3CC(F)(F)C3)c(OCC3CC3)n2)C2CC2)no1,8.2441
Cc1nc(C(C)(CC2CC2)NC(=O)c2ccc(N3CC(F)(F)C3)c(OCC3CC3)n2)no1,8.0757
CSCC[C@H](NC(=O)c1ccc(N2CC(F)(F)C2)c(OCC2CC2)n1)C(N)=O,8.5528
Cc1nc([C@H](CC2CC2)NC(=O)c2cccc(-c3ccc(F)c(Cl)c3)n2)no1,8.4559
CC(C)C[C@@H](CNc1ccc([N+](=O)[O-])c2nonc12)NC(=O)c1ccc(N2CCCC2)c(OCC2CC2)n1,7.5918
CS(=O)(=O)CC[C@H](NC(=O)c1ccc(N2CC(F)(F)C2)c(OCC2CC2)n1)C(N)=O,6.5299
CC(C)CSc1nc(C(=O)N[C@@H](CC(C)C)C(N)=O)ccc1C1CC1,7.9586
Cc1nc([C@H](CC2CC2)NC(=O)c2cccc(-c3cccc(F)c3)n2)no1,7.3010
Cc1nc([C@H](CC2CC2)NC(=O)c2cccc(-c3ccc(F)c(C(F)(F)F)c3)n2)no1,7.6091
CC(C)(CCS(C)(=O)=O)NC(=O)c1ccc(C2CC2)c(OCC2CC2)n1,6.3218
Cc1cnc(C(C)(C)NC(=O)c2ccc(C3CC3)c(OCC3CC3)n2)s1,8.4437
CC(C)C[C@H](NC(=O)c1ccc(C2CC2)c(S(=O)(=O)CC(C)C)n1)C(N)=O,7.3990
Cc1nc([C@H](CC2CC2)NC(=O)c2ccc(C3CC3)c(S(=O)(=O)CC(C)C)n2)no1,6.7233
Cc1cnc(C(C)(C)NC(=O)c2ccc(N3CC(F)(F)C3)c(OCC3CC3)n2)s1,8.3098
CC(C)C[C@@H](NC(=O)c1ccc(N2CC(F)(F)C2)c(OCC2CC2)n1)c1cccnn1,7.8268
CC(C)C[C@H](NC(=O)c1ccc(N2CC(F)(F)C2)c(OCC2CC2)n1)c1cccnn1,7.0964
CCC(CC)(NC(=O)c1ccc(C2CC2)c(OCC2CC2)n1)C(=O)NCCO,8.2840
Cc1nc([C@](C)(CC2CC2)NC(=O)c2ccc(C3CC3)c(OCC3CC3)n2)no1,8.8239
Cc1nc([C@@](C)(CC2CC2)NC(=O)c2ccc(C3CC3)c(OCC3CC3)n2)no1,8.3098
CC(C)(C)NC(=O)c1ccc(N2CC(F)(F)C2)c(OCC2CC2)n1,8.1612
CCOC(=O)C(CC)(CC)NC(=O)c1ccc(C2CC2)c(S(=O)(=O)CC(C)C)n1,8.6198
CNC(=O)[C@H](CC(C)(C)C)NC(=O)c1ccc(C2CC2)c(S(=O)(=O)CC(C)C)n1,7.3716
O=C(N[C@H]1CCOC1=O)c1ccc(C2CC2)c(OCC2CC2)n1,6.3554
CC(C)(C)OC(=O)N(CC1CC1)NC(=O)c1ccc(C2CC2)c(OCC2CC2)n1,7.4202
CNC(=O)[C@@H](NC(=O)c1ccc(C2CC2)c(S(=O)(=O)CC(C)C)n1)C(C)C,7.8894
CC(C)CS(=O)(=O)c1nc(C(=O)N[C@@H](c2cccnc2)C(F)(F)F)ccc1C1CC1,7.8570
CC(C)C[C@H](NC(=O)c1ccc(C2CC2)c(OCC2CC2)n1)C(=O)OC(C)(C)C,7.5784
CCC(CC)(NC(=O)c1ccc(C2CC2)c(S(=O)(=O)CC(C)C)n1)C(=O)NC,6.7091
CC(C)(C)NC(=O)c1ccc(C2CC2)c(OCC2CC2)n1,7.5800
CC(C)(C)NC(=O)c1ccc(C2CC2)c(OCC2CCCO2)n1,7.9208
CC1(NC(=O)c2ccc(N3CC(F)(F)C3)c(OCC3CC3)n2)COC1,7.0159
O=C(NN1CCCOC1=O)c1ccc(C2CC2)c(OCC2CC2)n1,6.3603
CC(C)CN(NC(=O)c1ccc(C2CC2)c(OC(C)C(F)(F)F)n1)C(N)=O,7.2725
Cc1nc(C(C)(C)NC(=O)c2ccc(C3CC3)c(OC(C)C(F)(F)F)n2)no1,6.8972
NC(=O)[C@@H](NC(=O)c1ccc(C2CC2)c(OCC2CC2)n1)C1CC1,7.5513
NC(=O)[C@H](NC(=O)c1ccc(C2CC2)c(OCC2CC2)n1)C1CC1,6.4465
NC(=O)[C@@H](NC(=O)c1ccc(N2CC(F)(F)C2)c(OCC2CC2)n1)C1CC1,7.2255
NC(=O)[C@H](NC(=O)c1ccc(N2CC(F)(F)C2)c(OCC2CC2)n1)C1CC1,6.7503
O=C(NC1(C(F)(F)F)CC1)c1ccc(N2CC(F)(F)C2)c(OCC2CC2)n1,8.1938
O=C(N[C@@H](CC1CC1)C(=O)NC1CCC(O)C1)c1ccc(C2CC2)c(OCC2CC2)n1,7.5784
O=C(N[C@@H](CC1CC1)C(=O)NN1CCC(O)C1)c1ccc(C2CC2)c(OCC2CC2)n1,6.2335
Cc1nc([C@](C)(NC(=O)c2ccc(C3CC3)c(S(=O)(=O)CC(C)C)n2)C2CC2)no1,7.9431
Cc1nc([C@@](C)(NC(=O)c2ccc(C3CC3)c(S(=O)(=O)CC(C)C)n2)C2CC2)no1,7.2941
CN(C(=O)c1ccc(N2CC(F)(F)C2)c(OCC2CC2)n1)C(C)(C)C,8.3372
CN(C)C(=O)c1ccc(N2CC(F)(F)C2)c(OCC2CC2)n1,6.5274
CN(C(=O)c1ccc(C2CC2)c(OCC2CC2)n1)C(C)(C)C,8.1427
CN(C(=O)c1ccc(C2CC2)c(OCC2CCCO2)n1)C(C)(C)C,8.0706
CN(C(=O)c1ccc(C2CC2)c(Cc2ccc(F)cc2)n1)C(C)(C)C,9.0969
CC(C)CS(=O)(=O)c1nc(C(=O)N(C)C(C)(C)C)ccc1C1CC1,6.9763
CCN(C(=O)c1ccc(N2CC(F)(F)C2)c(OCC2CC2)n1)C(C)(C)C,9.2218
CC(C)N(C(=O)c1ccc(N2CC(F)(F)C2)c(OCC2CC2)n1)C(C)C,7.8996
COCC(C)(C)N(C)C(=O)c1ccc(N2CC(F)(F)C2)c(OCC2CC2)n1,8.4202
O=C(c1ccc(N2CC(F)(F)C2)c(OCC2CC2)n1)N1CCC12COC2,6.1795
O=C(c1ccc(N2CC(F)(F)C2)c(OCC2CC2)n1)N1CC2(COC2)C1,6.4385
CN(C(=O)c1ccc(N2CC(F)(F)C2)c(OCC2CC2)n1)C(C)(C)COC(=O)c1ccc(N2CC(F)(F)C2)c(OCC2CC2)n1,6.8745
CC(Oc1nc(C(=O)N(C)C(C)(C)C)ccc1C1CC1)C(F)(F)F,6.9252
CC1(C)COCN1C(=O)c1ccc(N2CC(F)(F)C2)c(OCC2CC2)n1,8.1367
CN(C(=O)c1ccc(C(F)(F)F)c(OCC2CCCO2)n1)C(C)(C)C,6.6041
CN(C(=O)c1ccc(N2CC(F)(F)C2)c(OCC2CC2)n1)C1(C(F)(F)F)CC1,8.0969
CC1(C)COCCN1C(=O)c1ccc(N2CC(F)(F)C2)c(OCC2CC2)n1,8.2840
CC1(C)CCCN1C(=O)c1ccc(N2CC(F)(F)C2)c(OCC2CC2)n1,9.2218
COCCN(C(=O)c1ccc(N2CC(F)(F)C2)c(OCC2CC2)n1)C(C)(C)CO,6.0677
COCCN(C(=O)c1ccc(N2CC(F)(F)C2)c(OCC2CC2)n1)C(C)(C)C,8.2757
CCN(C(=O)c1ccc(N2CC(F)(F)C2)c(OCC2CC2)n1)C1(C(F)(F)F)CC1,8.5528
O=C(c1ccc(N2CC(F)(F)C2)c(OCC2CC2)n1)N(Cc1ccccc1)C1(C(F)(F)F)CC1,7.6021
CCOC(=O)CN(C(=O)c1ccc(N2CC(F)(F)C2)c(OCC2CC2)n1)C(C)(C)C,8.2366
CC(C)(C)N(CC(=O)O)C(=O)c1ccc(N2CC(F)(F)C2)c(OCC2CC2)n1,6.4689
CC(C)(C)N(Cc1ccccc1)C(=O)c1ccc(N2CC(F)(F)C2)c(OCC2CC2)n1,7.4318
CNC(=O)CN(C(=O)c1ccc(N2CC(F)(F)C2)c(OCC2CC2)n1)C(C)(C)C,6.5150
CN(C)C(=O)CN(C(=O)c1ccc(N2CC(F)(F)C2)c(OCC2CC2)n1)C(C)(C)C,6.1115
CC1(C)C(=O)NCCN1C(=O)c1ccc(N2CC(F)(F)C2)c(OCC2CC2)n1,6.3827
CCC1(CC)C(=O)NCCN1C(=O)c1ccc(N2CC(F)(F)C2)c(OCC2CC2)n1,6.3832
CC(C)CS(=O)(=O)c1nc(C(=O)N2CCCC2(C)C)ccc1C1CC1,7.4622
CC(C)CS(=O)(=O)c1nc(C(=O)N2COCC2(C)C)ccc1C1CC1,7.0857
Cc1nc([C@H](CC2CC2)N(C)C(=O)c2ccc(N3CC(F)(F)C3)c(OCC3CC3)n2)no1,6.5919
Cc1nc(C(C2CC2)N(C)C(=O)c2ccc(C3CC3)c(OCC3CCOCC3)n2)no1,7.2565
CC(C)C[C@H](c1cccnn1)N(C)C(=O)c1ccc(N2CC(F)(F)C2)c(OCC2CC2)n1,7.0405
CC(C)(C)N(CC(N)=O)C(=O)c1ccc(N2CC(F)(F)C2)c(OCC2CC2)n1,6.7366
Cc1nnc(CN(C(=O)c2ccc(N3CC(F)(F)C3)c(OCC3CC3)n2)C(C)(C)C)o1,6.6465
CC1(O)CCN(C(=O)c2ccc(N3CC(F)(F)C3)c(OCC3CC3)n2)C1,6.4384
O=C(c1ccc(N2CC(F)(F)C2)c(OCC2CC2)n1)N1CCCC12COC2,6.6728
CCN(CCOC)C(=O)c1ccc(N2CC(F)(F)C2)c(OCC2CC2)n1,6.8471
Cn1nnnc1CN(C(=O)c1ccc(N2CC(F)(F)C2)c(OCC2CC2)n1)C(C)(C)C,7.0872
CC(=O)NC1CCN(C(=O)c2ccc(N3CC(F)(F)C3)c(OCC3CC3)n2)C1,6.0151
CC1(C)CCN(C(=O)c2ccc(C3CC3)c(Cc3ccc(F)cc3)n2)CC1,8.0458
CC1(C)CCN(C(=O)c2ccc(C3CC3)c(OCC3CCCO3)n2)CC1,7.4572
CC1(C)COCN1C(=O)c1ccc(C2CC2)c(Cc2ccc(F)cc2)n1,8.5086
CC1(C)C[C@@H]2C[C@@](C)(CN2C(=O)c2ccc(N3CC(F)(F)C3)c(OCC3CC3)n2)C1,8.1675
COC[C@H]1CCCN1C(=O)c1ccc(N2CC(F)(F)C2)c(OCC2CC2)n1,6.4442
CC1(C)CCCN1C(=O)c1ccc(OCC2CC2)c(Cl)n1,6.9465
CC1(C)COCN1C(=O)c1ccc(OC(F)(F)F)c(OCC2CC2)n1,6.9666
CC1(C)COCN1C(=O)c1ccc(OCC2CC2)c(Cl)n1,6.8582
CC(=O)N1CCC(N(C(=O)c2ccc(N3CC(F)(F)C3)c(OCC3CC3)n2)C2CC2)CC1,6.6245
CN(C=O)C(=O)c1ccc(N2CC(F)(F)C2)c(OCC2CC2)n1,6.1030
CN(C(=O)c1ccc(N2CC(F)(F)C2)c(OCC2CC2)n1)c1ccccc1,6.1902
O=C(c1ccc(N2CC(F)(F)C2)c(OCC2CC2)n1)N1CC(F)(F)C[C@H]1CO,8.4318
Cc1cn(C)nc1N(C)C(=O)c1ccc(N2CC(F)(F)C2)c(OCC2CC2)n1,6.3353
CC1(C)CN(C(=O)c2ccc(N3CC(F)(F)C3)c(OCC3CC3)n2)CCO1,7.2565
CN1C(=O)CN(C(=O)c2ccc(N3CC(F)(F)C3)c(OCC3CC3)n2)[C@@H]1C(C)(C)C,7.4330
O=C(c1ccc(N2CC(F)(F)C2)c(OCC2CC2)n1)N1CCCC12CC2,8.7447
CC1(C)CC(C2CCN(C(=O)c3ccc(N4CC(F)(F)C4)c(OCC4CC4)n3)CC2)C(=O)N1,6.2264
O=C(c1ccc(N2CC(F)(F)C2)c(OCC2CC2)n1)N1C[C@@H]2CC[C@H]1C2,7.8477
NC(=O)[C@@H]1CC(F)(F)CN1C(=O)c1ccc(N2CC(F)(F)C2)c(OCC2CC2)n1,8.5122
CC1(O)CCN(C(=O)c2ccc(N3CC(F)(F)C3)c(OCC3CC3)n2)CC1,6.4076
O=C(c1ccc(N2CC(F)(F)C2)c(OCC2CC2)n1)N1C[C@@H]2C[C@H]1CS2,8.0410
O=C(c1ccc(N2CC(F)(F)C2)c(OCC2CC2)n1)N1C[C@@H]2C[C@H]1CN2Cc1ccccc1,6.7033
CC1C(c2ccccc2)CCCN1C(=O)c1ccc(N2CC(F)(F)C2)c(OCC2CC2)n1,7.3925
O=C(c1ccc(N2CC(F)(F)C2)c(OCC2CC2)n1)N1C[C@@H]2C[C@H]1CO2,6.9996
CC1(C)CC(O)CCN1C(=O)c1ccc(N2CC(F)(F)C2)c(OCC2CC2)n1,8.2518
CCOC(=O)C1CCCN(C(=O)c2ccc(N3CC(F)(F)C3)c(OCC3CC3)n2)C1c1ccccc1,6.4346
NC(=O)[C@@H]1CC(F)(F)CN1C(=O)c1ccc(C2CC2)c(OCC2CC2)n1,8.5686
NC(=O)[C@@H]1C[C@H](F)CN1C(=O)c1ccc(C2CC2)c(OCC2CC2)n1,5.9823
O=C(c1ccc(N2CC(F)(F)C2)c(OCC2CC2)n1)N1CC2CCOC2C1,6.9842
O=C(c1ccc(N2CC(F)(F)C2)c(OCC2CC2)n1)N1CC2(C1)CS(=O)(=O)C2,6.3531
CC(C)(C)N(CCC(N)=O)C(=O)c1ccc(N2CC(F)(F)C2)c(OCC2CC2)n1,6.1778
NC(=O)[C@@H]1CCCN1C(=O)c1ccc(C2CC2)c(OCC2CC2)n1,6.1962
CC(C)(C)OC(=O)N1CCC2(CCCN2C(=O)c2ccc(N3CC(F)(F)C3)c(OCC3CC3)n2)CC1,7.9393
NC(=O)[C@@H]1CC(F)(F)CN1C(=O)c1ccc(C2CC2)c(OCC2CCCO2)n1,7.7905
NC(=O)[C@@H]1CC(F)(F)CN1C(=O)c1ccc(C2CC2)c(Cc2ccc(F)cc2)n1,9.6990
CC1(C)C[C@H](C(N)=O)N(C(=O)c2ccc(N3CC(F)(F)C3)c(OCC3CC3)n2)C1,6.7118
CC1(C)C[C@@H](C(N)=O)N(C(=O)c2ccc(N3CC(F)(F)C3)c(OCC3CC3)n2)C1,8.9208
NC(=O)[C@@H]1C[C@H](O)CN1C(=O)c1ccc(N2CC(F)(F)C2)c(OCC2CC2)n1,6.2850
NC(=O)[C@@H]1C[C@H](F)CN1C(=O)c1ccc(N2CC(F)(F)C2)c(OCC2CC2)n1,6.4666
Cc1nnc(CN(C(=O)c2ccc(N3CC(F)(F)C3)c(OCC3CC3)n2)C2CC2)o1,6.1854
O=C(c1ccc(N2CC(F)(F)C2)c(OCC2CC2)n1)N1CCC2(CC(O)CO2)C1,6.4490
O=C(c1ccc(N2CC(F)(F)C2)c(OCC2CC2)n1)N1CC2(CC(O)CO2)C1,6.1195
CC1(C)CCCN1C(=O)c1ccc(C2CC2)c(OCC(F)(F)C(F)(F)F)n1,7.7235
O=C(c1ccc(N2CC(F)(F)C2)c(OCC2CC2)n1)N1C[C@H]2CC[C@@H](C1)O2,7.0685
O=C(c1ccc(N2CC(F)(F)C2)c(OCC2CC2)n1)N1[C@@H]2CC[C@H]1COC2,7.1385
NC(=O)[C@H]1CC(F)(F)CN1C(=O)c1ccc(C2CC2)c(OCC(F)(F)C(F)(F)F)n1,6.1146
NC(=O)C1CCCCN1C(=O)c1ccc(C2CC2)c(OCC2CC2)n1,6.7442
NC(=O)C1CSCCN1C(=O)c1ccc(C2CC2)c(OCC2CC2)n1,6.4970
CC1(C)CC(C(N)=O)N(C(=O)c2ccc(C3CC3)c(OCC3CC3)n2)C1,7.8297
NC(=O)[C@H]1CCCCN1C(=O)c1ccc(C2CC2)c(OCC2CC2)n1,6.0492
NC(=O)[C@@H]1CCCCN1C(=O)c1ccc(C2CC2)c(OCC2CC2)n1,6.9965
NC(=O)[C@@H]1CSCCN1C(=O)c1ccc(C2CC2)c(OCC2CC2)n1,6.4856
CC1(C)C[C@H](C(N)=O)N(C(=O)c2ccc(C3CC3)c(OCC3CC3)n2)C1,7.0958
CC1(C)C[C@@H](C(N)=O)N(C(=O)c2ccc(C3CC3)c(OCC3CC3)n2)C1,7.9830
NC(=O)C1CSCN1C(=O)c1ccc(C2CC2)c(OCC2CC2)n1,6.9855
NC(=O)[C@@H]1CSCN1C(=O)c1ccc(C2CC2)c(OCC2CC2)n1,7.1409
CC1(C)CC(C(N)=O)N(C(=O)c2ccc(N3CC(F)(F)C3)c(OCC3CC3)n2)C1,8.1805
O=C(c1ccc(N2CC(F)(F)C2)c(OCC2CC2)n1)N1CC2(CCCO2)C1,6.5154
O=C(c1ccc(N2CC(F)(F)C2)c(OCC2CC2)n1)N1CCC2(CCCO2)C1,7.6819
O=C(c1ccc(N2CC(F)(F)C2)c(OCC2CC2)n1)N1CCCC12CCC2,8.3098
O=C(c1ccc(N2CC(F)(F)C2)c(OCC2CC2)n1)N1CC(F)(F)C1,6.7433
O=C(c1ccc(N2CC(F)(F)C2)c(OCC2CC2)n1)N1CCC2(C1)CC2(F)F,8.3188
O=C(c1ccc(N2CC(F)(F)C2)c(OCC2CC2)n1)N1CCC2(CC2)C1,8.1308
CN(CC1CC1)C(=O)c1ccc(N2CC(F)(F)C2)c(OCC2CC2)n1,6.6615
O=C(c1ccc(N2CC(F)(F)C2)c(OCC2CC2)n1)N1CCN(CC2CC2)CC1,6.9104
CCOC(=O)C1C2CN(C(=O)c3ccc(N4CC(F)(F)C4)c(OCC4CC4)n3)CC21,6.1207
COC(=O)C1CCCN1C(=O)c1ccc(N2CC(F)(F)C2)c(OCC2CC2)n1,6.8080
O=C(OCc1ccccc1)N1CCN(C(=O)c2ccc(N3CC(F)(F)C3)c(OCC3CC3)n2)CC1,6.4432
O=C(O)C1C2CN(C(=O)c3ccc(N4CC(F)(F)C4)c(OCC4CC4)n3)CC21,6.4140
CC(C)(C)OC(=O)N1CCC2(CCCN2C(=O)c2ccc(C3CC3)c(Cc3ccc(F)cc3)n2)CC1,8.0969
NC(=O)[C@@H]1CSCN1C(=O)c1ccc(N2CC(F)(F)C2)c(OCC2CC2)n1,7.7033
O=C(c1ccc(C2CC2)c(Cc2ccc(F)cc2)n1)N1CCCC12CCNCC2,6.6737
NC(=O)C1CCCN1C(=O)c1ccc(N2CC(F)(F)C2)c(OCC2CC2)n1,6.3250
NC(=O)[C@@H]1CS(=O)(=O)CN1C(=O)c1ccc(C2CC2)c(OCC2CC2)n1,8.1427
NC(=O)[C@H]1CS(=O)(=O)CN1C(=O)c1ccc(C2CC2)c(OCC2CC2)n1,6.3142
O=C(c1ccc(N2CC(F)(F)C2)c(OCC2CC2)n1)N1CC(F)(F)C(F)(F)C1,7.8794
CC1CN(C(=O)c2ccc(N3CC(F)(F)C3)c(OCC3CC3)n2)CC(C)O1,6.2225
CC1(C)SCN(C(=O)c2ccc(N3CC(F)(F)C3)c(OCC3CC3)n2)[C@@H]1C(N)=O,7.3768
CC1(C)CC[C@@H](C(N)=O)N1C(=O)c1ccc(N2CC(F)(F)C2)c(OCC2CC2)n1,6.9508
NC(=O)C1CSCN1C(=O)c1ccc(N2CC(F)(F)C2)c(OCC2CC2)n1,7.3010
NC(=O)[C@@H]1C[C@@H](F)CN1C(=O)c1ccc(C2CC2)c(OCC2CC2)n1,7.2336
NC(=O)C1C[S+]([O-])CN1C(=O)c1ccc(N2CC(F)(F)C2)c(OCC2CC2)n1,7.2790
NC(=O)C1CS(=O)(=O)CN1C(=O)c1ccc(N2CC(F)(F)C2)c(OCC2CC2)n1,8.0223
NC(=O)[C@@H]1C[C@@H](F)CN1C(=O)c1ccc(N2CC(F)(F)C2)c(OCC2CC2)n1,7.3979
NC(=O)[C@@H]1CS(=O)(=O)CN1C(=O)c1ccc(N2CC(F)(F)C2)c(OCC2CC2)n1,8.4685
COC1CN(c2ccc(C(=O)N3CS(=O)(=O)CC3C(N)=O)nc2OCC2CC2)C1,7.5200
NC(=O)[C@@H]1CC(F)(F)CN1C(=O)c1ccc(C2(O)CCC2)c(OCC2CC2)n1,7.1203
NC(=O)[C@@H]1CC(F)(F)CN1C(=O)c1ccc(C2(F)CCC2)c(OCC2CC2)n1,8.6383
NC(=O)C1CS(=O)(=O)CN1C(=O)c1ccc(C2(O)CCC2)c(OCC2CC2)n1,7.2041
CC1(O)C[C@@H](C(N)=O)N(C(=O)c2ccc(N3CC(F)(F)C3)c(OCC3CC3)n2)C1,7.5214
NC(=O)C1CS(=O)(=O)CN1C(=O)c1ccc(C2(F)CCC2)c(OCC2CC2)n1,7.9914
NC(=O)[C@@H]1CC(F)(F)CN1C(=O)c1ccc(C2(F)COC2)c(OCC2CC2)n1,7.2823
NC(=O)C1CC2(CC2)CN1C(=O)c1ccc(N2CC(F)(F)C2)c(OCC2CC2)n1,7.8069
O=C(c1ccc(N2CC(F)(F)C2)c(OCC2CC2)n1)N1CCC(C(O)C(F)(F)F)C1,7.4828
O=C(c1ccc(N2CC(F)(F)C2)c(OCC2CC2)n1)N1CCC(CO)(C(F)(F)F)C1,7.2692
O=C(c1ccc(N2CC(F)(F)C2)c(OCC2CC2)n1)N1CCC(O)(C(F)(F)F)C1,7.0783
O=C(c1ccc(N2CC(F)(F)C2)c(OCC2CC2)n1)N1CC(O)(C(F)(F)F)C1,7.3768
C[C@]1(O)C[C@@H](C(N)=O)N(C(=O)c2ccc(N3CC(F)(F)C3)c(OCC3CC3)n2)C1,7.3915
O=C(c1ccc(C2CC2)c(OCC2CC2)n1)N1CCC(C(O)C(F)(F)F)C1,6.5819
O=C(c1ccc(C2CC2)c(OCC2CC2)n1)N1CCC(CO)(C(F)(F)F)C1,7.5800
O=C(c1ccc(C2CC2)c(OCC2CC2)n1)N1CCC(O)(C(F)(F)F)C1,7.0565
O=C(c1ccc(C2CC2)c(OCC2CC2)n1)N1CC(O)(C(F)(F)F)C1,7.1367
NC(=O)[C@@H]1CC2(CC2)CN1C(=O)c1ccc(N2CC(F)(F)C2)c(OCC2CC2)n1,6.4483
O=C(c1ccc(N2CC(F)(F)C2)c(OCC2CC2)n1)N1C[C@H]2COC[C@H]2C1,6.7765
NC(=O)[C@@H]1CC(F)(F)CN1C(=O)c1ccc(N2CC(F)(F)C2)c(OCCF)n1,5.9329
O=C(c1ccc(N2CC(F)(F)C2)c(OCC2CC2)n1)N1CC(F)(CO)C1,6.3458
CC1(F)CN(C(=O)c2ccc(N3CC(F)(F)C3)c(OCC3CC3)n2)C1,7.1024
O=C(c1ccc(N2CC(F)(F)C2)c(OCC2CC2)n1)N1CC(F)(C2CC2)C1,8.0969
NC(=O)[C@@H]1N(C(=O)c2ccc(N3CC(F)(F)C3)c(OCC3CC3)n2)CCC12CC2,6.0872
NC(=O)[C@H]1N(C(=O)c2ccc(N3CC(F)(F)C3)c(OCC3CC3)n2)CCC12CC2,6.4711
CC1(Cc2ccccc2)COc2cc(C(=O)NC3CCCCC3)ccc21,6.3199
CC1(Cc2ccccc2)COc2ccc(C(=O)NC3CCCCC3)cc21,6.3888
CCCCCCC(C)(C)c1ccc(C2CC(O)CCC2CCCO)c(O)c1,8.4659
CCCCCCC(C)(C)c1cc(OC)c(C2=C[C@H]3CC[C@]2(C)C3(C)C)c(OC)c1,5.5996
CCCCCCC(C)(C)c1cc(OC)c(C2=C[C@@H]3CC[C@@]2(CO)C3(C)C)c(OC)c1,6.8681
CCCCCCC(C)(C)c1cc(OC)c(C2=C[C@H]3CC[C@]2(CO)C3(C)C)c(OC)c1,7.5784
CCCCCCC(C)(C)c1cc(OC)c(C2=C[C@@H]3CC[C@@]2(C(=O)OC)C3(C)C)c(OC)c1,6.8989
CCCCCCC(C)(C)c1cc(OC)c(C2=C[C@H]3CC[C@]2(C(=O)OC)C3(C)C)c(OC)c1,6.8673
CCCCCCC(C)(C)c1cc(OC)c(C2=C[C@@H]3CC[C@@]2(C(=O)O)C3(C)C)c(OC)c1,6.4815
CCCCCCC(C)(C)c1cc(OC)c(C2=C[C@H]3CC[C@]2(C(=O)O)C3(C)C)c(OC)c1,5.7320
CCCCCCC(C)(C)c1cc(OC)c(C2C(=O)[C@]3(C)CC[C@H]2C3(C)C)c(OC)c1,6.7331
CCCCCCC(C)(C)c1cc(OC)c(C2C(O)[C@]3(C)CC[C@H]2C3(C)C)c(OC)c1,6.2390
CCCCCc1cc(OC)c(C2C(=O)[C@]3(C)CC[C@H]2C3(C)C)c(OC)c1,5.7645
CCCCCc1cc(OC)c(C2C(O)[C@]3(C)CC[C@H]2C3(C)C)c(OC)c1,5.1018
CCCCCc1cc(OC)c(C2=C[C@@H]3CC[C@@]2(CO)C3(C)C)c(OC)c1,5.1898
CCCCCc1cc(OC)c(C2=C[C@H]3CC[C@]2(CO)C3(C)C)c(OC)c1,5.9177
CCCCCc1cc(OC)c(C2=C[C@@H]3CC[C@@]2(C(=O)OC)C3(C)C)c(OC)c1,5.9839
CCCCCc1cc(OC)c(C2=C[C@H]3CC[C@]2(C(=O)OC)C3(C)C)c(OC)c1,6.6396
CCCCCc1cc(OC)c(C2=C[C@@H]3CC[C@@]2(C(=O)O)C3(C)C)c(OC)c1,5.8096
CCCCn1cc(-c2cccc3ccccc23)c2cccc(OC)c21,7.5768
Cc1nc(C(C)(C)NC(=O)c2cnc(C3CC3)c(-c3cccc(Cl)c3)n2)no1,7.0550
CC(C)(C#N)NC(=O)c1cnc(C2CC2)c(-c2cccc(Cl)c2)n1,6.9842
Cc1nc(C2(NC(=O)c3cnc(C4CC4)c(-c4cccc(Cl)c4)n3)CCC2)no1,6.8072
Cc1nc(C(C)(C)NC(=O)c2cnc(N3CC(F)(F)C3)c(-c3cccc(Cl)c3)n2)no1,6.9682
Cc1nc(C(C)(C)NC(=O)c2cnc(N3CCC3)c(-c3cccc(Cl)c3)n2)no1,6.8545
CC(C)(NC(=O)c1cnc(C2CC2)c(-c2cccc(Cl)c2)n1)c1nccs1,7.3188
O=C(NN1CCCCC1)c1cnc(C2CC2)c(-c2cccc(Cl)c2)n1,6.5931
CNC(=O)[C@@H](NC(=O)c1cnc(N2CC(F)(F)C2)c(OCC2CC2)n1)C(C)(C)C,7.7328
Cc1nc(C2(NC(=O)c3cnc(N4CC(F)(F)C4)c(OCC4CC4)n3)CCC2)no1,7.0560
CC(C)(CCO)NC(=O)c1cnc(C2CC2)c(OCC2CC2)n1,6.5894
O=C(NC1(CO)CCC1)c1cnc(C2CC2)c(OCC2CC2)n1,6.9066
Cc1nc(C2(NC(=O)c3cnc(C4CC4)c(OCC4CC4)n3)CCC2)no1,7.0696
CCC(C)(CO)NC(=O)c1cnc(C2CC2)c(OCC2CC2)n1,7.1979
CNC(=O)[C@@H](NC(=O)c1cnc(C2CC2)c(OCC2CC2)n1)C(C)(C)C,8.1675
NC(=O)[C@@H](NC(=O)c1cnc(C2CC2)c(OCC2CC2)n1)c1ccccc1,6.8499
CC(C)(O)[C@H](CC1CC1)NC(=O)c1cnc(N2CC(F)(F)C2)c(OCC2CC2)n1,7.4330
CC(C)(O)[C@H](CC1CC1)NC(=O)c1cnc(C2CC2)c(OCC2CC2)n1,6.7036
O=C(NN1CCCCC1)c1cnc(C2CC2)c(OCC2CC2)n1,6.4852
CC(C)(C)C(CO)NC(=O)c1cnc(C2CC2)c(OCC2CC2)n1,7.2716
Cc1nc([C@H](CC2CC2)NC(=O)c2cnc(N3CC(F)(F)C3)c(OCC3CC3)n2)no1,7.5467
O=C(NC(CO)C1CC1)c1cnc(N2CC(F)(F)C2)c(OCC2CC2)n1,7.2125
NC(=O)[C@@H](NC(=O)c1cnc(N2CC(F)(F)C2)c(OCC2CC2)n1)c1ccccc1,7.0315
COC(=O)[C@@H](NC(=O)c1cnc(C2CC2)c(OCC2CC2)n1)C(C)(C)C,8.7696
CNC(=O)[C@H](CC1CC1)NC(=O)c1cnc(C2CC2)c(OCC2CC2)n1,6.7007
CN(C)C(=O)[C@H](CC1CC1)NC(=O)c1cnc(C2CC2)c(OCC2CC2)n1,7.8356
CNC(=O)[C@H](CC(C)C)NC(=O)c1cnc(C2CC2)c(OCC2CC2)n1,7.8697
CC(C)C[C@H](NC(=O)c1cnc(C2CC2)c(OCC2CC2)n1)C(=O)N(C)C,8.5686
NC(=O)[C@H](CC1CC1)NC(=O)c1cnc(C2CC2)c(OCC2CC2)n1,7.3615
CC(C)C[C@H](NC(=O)c1cnc(C2CC2)c(OCC2CC2)n1)C(N)=O,8.3872
CCC(CC)(NC(=O)c1cnc(C2CC2)c(OCC2CC2)n1)C(=O)OC,8.8539
CNC(=O)[C@H](CC1CC1)NC(=O)c1cnc(N2CC(F)(F)C2)c(OCC2CC2)n1,6.9073
CN(C)C(=O)[C@H](CC1CC1)NC(=O)c1cnc(N2CC(F)(F)C2)c(OCC2CC2)n1,7.2248
CNC(=O)[C@H](CC(C)C)NC(=O)c1cnc(N2CC(F)(F)C2)c(OCC2CC2)n1,7.9281
CC(C)C[C@H](NC(=O)c1cnc(N2CC(F)(F)C2)c(OCC2CC2)n1)C(=O)N(C)C,7.8665
COC(=O)[C@H](CC1CC1)NC(=O)c1cnc(C2CC2)c(OCC2CC2)n1,7.3635
COC(=O)[C@H](CC1CC1)NC(=O)c1cnc(N2CC(F)(F)C2)c(OCC2CC2)n1,8.0177
NC(=O)[C@H](Cc1ccccc1)NC(=O)c1cnc(C2CC2)c(OCC2CC2)n1,6.9650
NC(=O)[C@H](Cc1ccccc1)NC(=O)c1cnc(N2CC(F)(F)C2)c(OCC2CC2)n1,7.3526
NC(=O)[C@H](CC1CC1)NC(=O)c1cnc(N2CC(F)(F)C2)c(OCC2CC2)n1,7.9586
Cc1nc([C@@H](NC(=O)c2cnc(C3CC3)c(OCC3CC3)n2)C2CC2)no1,7.5114
Cc1nc([C@H](NC(=O)c2cnc(C3CC3)c(OCC3CC3)n2)C2CC2)no1,6.2857
Cc1nc([C@@H](NC(=O)c2cnc(N3CC(F)(F)C3)c(OCC3CC3)n2)C2CC2)no1,7.5528
Cc1nc([C@H](NC(=O)c2cnc(N3CC(F)(F)C3)c(OCC3CC3)n2)C2CC2)no1,7.3883
CC(C)(C)[C@H](NC(=O)c1cnc(C2CC2)c(OCC2CC2)n1)C(=O)O,6.3548
Cc1nc(C(C)(C)NC(=O)c2cnc(C3CC3)c(OCC3CC3)n2)no1,7.2890
C[C@H](NC(=O)c1cnc(C2CC2)c(OCC2CC2)n1)c1ccccn1,6.5367
O=C(N[C@H](c1ccccn1)C(F)(F)F)c1cnc(N2CC(F)(F)C2)c(OCC2CC2)n1,7.1373
O=C(N[C@@H](c1ccccn1)C(F)(F)F)c1cnc(N2CC(F)(F)C2)c(OCC2CC2)n1,7.6126
O=C(N[C@@H](c1ccccn1)C(F)(F)F)c1cnc(C2CC2)c(OCC2CC2)n1,6.9722
CCC(CC)(NC(=O)c1cnc(N2CC(F)(F)C2)c(OCC2CC2)n1)C(=O)NC,8.1308
CC(C)[C@](C)(CO)NC(=O)c1cnc(C2CC2)c(OCC2CC2)n1,6.8620
CC(C)[C@@](C)(CO)NC(=O)c1cnc(C2CC2)c(OCC2CC2)n1,7.4330
CCC(CC)(NC(=O)c1cnc(C2CC2)c(OCC2CC2)n1)C(=O)NC,7.8210
Cc1csc(C(C)(C)NC(=O)c2cnc(C3CC3)c(OCC3CC3)n2)n1,7.3310
Cc1csc(C(C)(C)NC(=O)c2cnc(N3CC(F)(F)C3)c(OCC3CC3)n2)n1,7.9547
Cc1nc([C@@H](C)NC(=O)c2cnc(N3CC(F)(F)C3)c(OCC3CC3)n2)no1,7.1397
CC(C)(NC(=O)c1cnc(C2CC2)c(OCC2CC2)n1)c1noc(N)n1,6.6548
CC(C)(NC(=O)c1cnc(N2CC(F)(F)C2)c(OCC2CC2)n1)c1noc(N)n1,6.7496
C[C@@](NC(=O)c1cnc(N2CC(F)(F)C2)c(OCC2CC2)n1)(C(N)=O)c1ccccc1,7.3080
Cc1nc(C(C)(CC2CC2)NC(=O)c2cnc(N3CC(F)(F)C3)c(OCC3CC3)n2)no1,7.8356
Cc1nc(C(C)(NC(=O)c2cnc(N3CC(F)(F)C3)c(OCC3CC3)n2)C2CC2)no1,7.7471
Cc1nc(C(C)(NC(=O)c2cnc(C3CC3)c(OCC3CC3)n2)C2CC2)no1,7.6421
NC(=O)[C@@H](NC(=O)c1cnc(C2CC2)c(OCC2CC2)n1)c1ccc(F)cc1,7.0150
NC(=O)[C@@H](NC(=O)c1cnc(N2CC(F)(F)C2)c(OCC2CC2)n1)c1ccc(F)cc1,7.5058
Cc1nc([C@H](CC2CC2)NC(=O)c2cnc(C3CC3)c(OCC3CC3)n2)no1,7.6840
COC(=O)[C@H](CC(C)C)NC(=O)c1cnc(N2CC(F)(F)C2)c(OCC2CC2)n1,9.3979
CC(C)C[C@H](NC(=O)c1cnc(N2CC(F)(F)C2)c(OCC2CC2)n1)C(=O)NCC(F)(F)F,7.2396
NC(=O)[C@@H](NC(=O)c1cnc(N2CC(F)(F)C2)c(OCC2CC2)n1)c1ccc(Cl)cc1,6.9359
CC(C)(CCCO)NC(=O)c1cnc(C2CC2)c(OCC2CC2)n1,7.3242
CC(C)(CCc1ccncc1)NC(=O)c1cnc(C2CC2)c(OCC2CC2)n1,6.5524
Cc1oc(-c2ccccc2)nc1CC(C)(C)NC(=O)c1cnc(C2CC2)c(OCC2CC2)n1,6.6959
CC(CC(C)(C)NC(=O)c1cnc(C2CC2)c(OCC2CC2)n1)c1ccncc1,7.0334
COC(=O)C1(NC(=O)c2cnc(N3CC(F)(F)C3)c(OCC3CC3)n2)CCC1,7.6882
CC(C)[C@H](CC(N)=O)NC(=O)c1cnc(C2CC2)c(OCC2CC2)n1,7.7878
CC(C)[C@H](CC(N)=O)NC(=O)c1cnc(N2CC(F)(F)C2)c(OCC2CC2)n1,8.1871
Cc1nc([C@](C)(CC2CC2)NC(=O)c2cnc(N3CC(F)(F)C3)c(OCC3CC3)n2)no1,7.7595
Cc1nc([C@@](C)(CC2CC2)NC(=O)c2cnc(N3CC(F)(F)C3)c(OCC3CC3)n2)no1,8.3979
COC(=O)C(C)(NC(=O)c1cnc(N2CC(F)(F)C2)c(OCC2CC2)n1)C1CC1,9.1549
NC(=O)[C@H]1CCCC[C@H]1NC(=O)c1cnc(N2CC(F)(F)C2)c(OCC2CC2)n1,7.5058
NC(=O)[C@@H]1CCCC[C@@H]1NC(=O)c1cnc(C2CC2)c(OCC2CC2)n1,6.5896
NC(=O)[C@H]1CCCC[C@H]1NC(=O)c1cnc(C2CC2)c(OCC2CC2)n1,7.3526
NC(=O)CC1(NC(=O)c2cnc(C3CC3)c(OCC3CC3)n2)COC1,7.8356
NC(=O)CC1(NC(=O)c2cnc(N3CC(F)(F)C3)c(OCC3CC3)n2)COC1,8.2366
Cc1nc([C@@](C)(NC(=O)c2cnc(N3CC(F)(F)C3)c(OCC3CC3)n2)C2CC2)no1,7.6253
Cc1nc([C@](C)(NC(=O)c2cnc(N3CC(F)(F)C3)c(OCC3CC3)n2)C2CC2)no1,7.8794
CC(C)C(NC(=O)c1cnc(N2CC(F)(F)C2)c(OCC2CC2)n1)C(N)=O,7.1018
NC(=O)C1(NC(=O)c2cnc(N3CC(F)(F)C3)c(OCC3CC3)n2)CCCCC1,7.1512
O=C(NC1(CO)CCCCC1)c1cnc(N2CC(F)(F)C2)c(OCC2CC2)n1,8.7447
CC(C)C(NC(=O)c1cnc(N2CC(F)(F)C2)c(OCC2CC2)n1)C(=O)N(C)C,7.6882
CC(C)C(NC(=O)c1cnc(C2CC2)c(OCC2CC2)n1)C(=O)N(C)C,8.0655
O=C(Nc1ccc(Cl)s1)c1cnc(N2CC(F)(F)C2)c(OCC2CC2)n1,7.1302
O=C(NC1(CO)CCCCC1)c1cnc(C2CC2)c(OCC2CC2)n1,7.9208
COCCC(C)(C)NC(=O)c1cnc(C2CC2)c(OCC2CC2)n1,7.6498
CNC(=O)C(CC1CCC1)NC(=O)c1cnc(N2CC(F)(F)C2)c(OCC2CC2)n1,7.2865
CN(C)C(=O)C(CC1CCC1)NC(=O)c1cnc(N2CC(F)(F)C2)c(OCC2CC2)n1,7.6904
CNC(=O)C(CC1CCC1)NC(=O)c1cnc(C2CC2)c(OCC2CC2)n1,7.2269
COCCC(C)(C)NC(=O)c1cnc(N2CC(F)(F)C2)c(OCC2CC2)n1,7.9872
O=C(NC(CO)CC1CCC1)c1cnc(N2CC(F)(F)C2)c(OCC2CC2)n1,8.1367
NC(=O)C(CC1CCC1)NC(=O)c1cnc(N2CC(F)(F)C2)c(OCC2CC2)n1,8.2518
CC(C)(CCc1ccccc1)NC(=O)c1cnc(N2CC(F)(F)C2)c(OCC2CC2)n1,8.6021
CN(C)C(=O)C(CC1CCC1)NC(=O)c1cnc(C2CC2)c(OCC2CC2)n1,7.7167
NC(=O)C(CC1CCC1)NC(=O)c1cnc(C2CC2)c(OCC2CC2)n1,7.3675
O=C(NC(CO)CC1CCC1)c1cnc(C2CC2)c(OCC2CC2)n1,7.4318
CC(C)(CC(N)=O)NC(=O)c1cnc(C2CC2)c(OCC2CC2)n1,7.3645
CC(C)(CC(N)=O)NC(=O)c1cnc(N2CC(F)(F)C2)c(OCC2CC2)n1,7.9281
COC(=O)C(C)(C)NC(=O)c1cc(I)c(Cl)cn1,7.4486
CC(C)(CO)NC(=O)c1cc(-c2cccc(Cl)c2)c(Cl)cn1,7.0164
CC(C)C[C@H](NC(=O)c1cc(-c2cccc(Cl)c2)c(Cl)cn1)C(N)=O,6.3313
NC(=O)[C@H](CC1CC1)NC(=O)c1cc(OCC2CC2)c(Cl)cn1,6.9404
O=C(NCC1(O)CCCCC1)c1cc(OCC2CC2)c(Cl)cn1,6.9710
O=C(NC1(CO)CCCC1)c1cc(OCC2CC2)c(Cl)cn1,7.2807
CC(C)C[C@@H](CO)NC(=O)c1cc(OCC2CC2)c(Cl)cn1,7.2815
CC(C)(C#N)NC(=O)c1cc(OCC2CC2)c(Cl)cn1,6.7991
CC(C)C[C@H](NC(=O)c1cc(OCC2CC2)c(Br)cn1)C(N)=O,7.4828
CC(C)[C@@](C)(CO)NC(=O)c1cc(OCC2CC2)c(Cl)cn1,7.9245
CC(C)[C@H](CO)NC(=O)c1cc(OCC2CC2)c(Cl)cn1,7.2565
CC(C)[C@](C)(CO)NC(=O)c1cc(OCC2CCC2)c(Cl)cn1,8.0362
CCC[C@H](CO)NC(=O)c1cc(OCC2CC2)c(Cl)cn1,6.8362
CC(C)[C@](C)(CO)NC(=O)c1cc(OCC2CC2)c(Cl)cn1,7.8928
CC(C)[C@](C)(CO)NC(=O)c1cc(Cc2ccc(F)cc2)c(Cl)cn1,8.2366
O=C(N[C@H](c1ccccn1)C(F)(F)F)c1cc(OCC2CC2)c(Cl)cn1,8.5086
CC(C)(CO)CNC(=O)c1cc(OCC2CC2)c(Cl)cn1,7.3251
CC(C)C(CCO)NC(=O)c1cc(OCC2CC2)c(Cl)cn1,6.8265
O=C(NC(CCO)C1CC1)c1cc(OCC2CC2)c(Cl)cn1,7.2111
O=C(NCC1(CO)CCCC1)c1cc(OCC2CC2)c(Cl)cn1,7.6345
CCC(CC)(CO)NC(=O)c1cc(OCC2CC2)c(Cl)cn1,7.3936
O=C(N[C@@H](c1cccnc1)C(F)(F)F)c1cc(OCC2CC2)c(Cl)cn1,8.2441
CNC(=O)[C@@H](NC(=O)c1cc(OC2COC2)c(Cl)cn1)C(C)(C)C,6.6893
CNC(=O)[C@@H](NC(=O)c1cc(OCC(F)(F)F)c(Cl)cn1)C(C)(C)C,8.0088
CC(C)CC(C)(CO)NC(=O)c1cc(OCC2CC2)c(Cl)cn1,7.9245
CCC(C)(CO)NC(=O)c1cc(OCC2CC2)c(Cl)cn1,7.3224
CC(C)C[C@@](C)(CO)NC(=O)c1cc(OCC2CC2)c(Cl)cn1,7.6498
CC(C)C[C@](C)(CO)NC(=O)c1cc(OCC2CC2)c(Cl)cn1,7.5800
CC(C)(C)[C@H](CO)NC(=O)c1cc(OCC2CC2)c(Cl)cn1,7.1898
CC[C@](C)(CO)NC(=O)c1cc(OCC2CC2)c(Cl)cn1,7.7167
COC(=O)C(C)C(C)(C)NC(=O)c1cc(OCC2CC2)c(Cl)cn1,8.0223
O=C(NC1(c2nccs2)COC1)c1cc(OCC2CC2)c(Cl)cn1,7.1273
CCCC(C)(CO)NC(=O)c1cc(OCC2CC2)c(Cl)cn1,7.6126
CNC(=O)[C@@H](C)C(C)(C)NC(=O)c1cc(OCC2CC2)c(Cl)cn1,6.5722
CNC(=O)[C@H](C)C(C)(C)NC(=O)c1cc(OCC2CC2)c(Cl)cn1,6.8441
O=C(NC1(c2ncco2)COC1)c1cc(OCC2CC2)c(Cl)cn1,7.2865
CCC[C@@](C)(CO)NC(=O)c1cc(OCC2CC2)c(Cl)cn1,7.7773
CC(C)(C)C(NC(=O)c1cc(OCC(F)(F)F)c(Cl)cn1)c1nccs1,7.3893
CC(C)(C)C(NC(=O)c1cc(OC2COC2)c(Cl)cn1)c1nccs1,6.8921
O=C(N[C@@H](c1cccnc1)C(F)(F)F)c1cc(OCc2ccc(F)cc2)c(Cl)cn1,8.3010
O=C(N[C@@H](c1cccnc1)C(F)(F)F)c1cc(Cc2ccc(F)cc2)c(Cl)cn1,8.4815
O=C(NC1(c2nccs2)COC1)c1cc(OCC2CC2)c(C2CC2)cn1,7.9355
CC(C)(C)C(NC(=O)c1cc(OCC2CC2)c(C2CC2)cn1)c1nccs1,8.4949
Cc1nc(C(C)(NC(=O)c2cc(OCC3CC3)c(C3CC3)cn2)C2CC2)no1,9.1549
CCC(CC)(NC(=O)c1cc(OCC2CC2)c(C2CC2)cn1)C(=O)NC,7.7696
O=C(NC(c1ccccn1)C(F)(F)F)c1cc(OCC2CC2)c(C2CC2)cn1,8.1739
CC(C)C[C@H](NC(=O)c1cc(OCC2CC2)c(C2CC2)cn1)C(N)=O,7.9281
CNC(=O)[C@@H](NC(=O)c1cc(OCC(F)(F)F)c(C2CC2)cn1)C(C)(C)C,8.8027
Cc1nc(C(C)(NC(=O)c2cc(OCC(F)(F)F)c(C3CC3)cn2)C2CC2)no1,8.7696
CC(C)(C)C(NC(=O)c1cc(OCC(F)(F)F)c(C2CC2)cn1)c1nccs1,8.2366
O=C(NC(c1ccccn1)C(F)(F)F)c1cc(OCC(F)(F)F)c(C2CC2)cn1,7.9136
CC(C)C[C@H](NC(=O)c1cc(OCC(F)(F)F)c(C2CC2)cn1)C(N)=O,7.1090
O=C(NC1(CO)CC1)c1cc(OCC2CC2)c(N2CC(F)(F)C2)cn1,7.1391
CCC(CC)(CO)NC(=O)c1cc(OCC(F)(F)F)c(C2CC2)cn1,7.7328
O=C(NC1(CO)CCCCC1)c1cc(OCC(F)(F)F)c(C2CC2)cn1,7.8041
O=C(NCC1(O)CCCC1)c1cc(OCC2CC2)c(C2CC2)cn1,7.7423
O=C(NCC1(O)CCCCC1)c1cc(OCC2CC2)c(C2CC2)cn1,7.8861
CCC(O)CNC(=O)c1cc(OCC2CC2)c(C2CC2)cn1,7.1959
CC(C)(O)CNC(=O)c1cc(OCC2CC2)c(C2CC2)cn1,7.0883
CC(C)(O)CNC(=O)c1cc(OCC(F)(F)F)c(C2CC2)cn1,6.3179
Cc1nc([C@@](C)(NC(=O)c2cc(OCC(F)(F)F)c(C3CC3)cn2)C2CC2)no1,7.5591
Cc1nc(C(C)(NC(=O)c2cc(OCC(F)(F)F)c(Cl)cn2)C2CC2)no1,8.0506
C[C@@H](Oc1cc(C(=O)NC2(CC(N)=O)COC2)ncc1C1CC1)C(F)(F)F,6.5488
C[C@H](Oc1cc(C(=O)NC2(CC(N)=O)COC2)ncc1C1CC1)C(F)(F)F,6.2882
CC(C)C[C@H](CC(N)=O)NC(=O)c1cc(OCC(F)(F)F)c(C2CC2)cn1,7.5686
Cc1nc(C(C)(CC2CC2)NC(=O)c2cc(OCC(F)(F)F)c(C3CC3)cn2)no1,8.2255
Cc1nc([C@](C)(CC2CC2)NC(=O)c2cc(OCC(F)(F)F)c(C3CC3)cn2)no1,8.4318
Cc1nc(C(C)(NC(=O)c2cc(O[C@@H](C)C(F)(F)F)c(C3CC3)cn2)C2CC2)no1,9.0027
CC(C)(C)NC(=O)c1cc(OCC(F)(F)F)c(C2CC2)cn1,7.9830
O=C(c1cc(OCC(F)(F)F)c(C2CC2)cn1)N1CCCC12COC2,6.2323
Cc1nc(C(C)(NC(=O)c2cc(O[C@H](C)C(F)(F)F)c(C3CC3)cn2)C2CC2)no1,9.0853
Cc1nc([C@](C)(NC(=O)c2cc(OCC(F)(F)F)c(Cl)cn2)C2CC2)no1,7.8761
Cc1nc([C@@](C)(NC(=O)c2cc(OCC(F)(F)F)c(Cl)cn2)C2CC2)no1,6.9594
O=C(c1cc(OCC(F)(F)F)c(C2CC2)cn1)N1CC(F)(F)C1,6.7768
CCC(C)(NC(=O)c1cc(OCC(F)(F)F)c(C2CC2)cn1)C(N)=O,6.8639
Cc1nc(C(C)(NC(=O)c2cc(OCC(F)(F)F)c(N3CC(F)(F)C3)cn2)C2CC2)no1,8.2147
Cc1nc(C(C)(NC(=O)c2cc(OCC(F)(F)F)c(N3CCC(F)(F)C3)cn2)C2CC2)no1,8.1871
Cc1nc(C(C)(CS(C)(=O)=O)NC(=O)c2cc(OCC(F)(F)F)c(Cl)cn2)no1,6.0136
Cc1nc(C(C)(CS(C)(=O)=O)NC(=O)c2cc(O[C@@H](C)C(F)(F)F)c(Cl)cn2)no1,8.2757
CC(C)CC(C)(NC(=O)c1cc(OCC(F)(F)F)c(C2CC2)cn1)C(N)=O,7.0942
Cc1nc(C(C)(CC(C)(C)C)NC(=O)c2cc(OCC(F)(F)F)c(Cl)cn2)no1,7.6021
Cc1nc(C(C)(CS(C)(=O)=O)NC(=O)c2cc(OCC(F)(F)F)c(C3CC3)cn2)no1,7.3116
CN(C)C(=O)CC1(NC(=O)c2cc(OCC(F)(F)F)c(Cl)cn2)COC1,6.4415
CN(C(=O)c1cc(-c2cccc(Cl)c2)ccn1)C(C)(C)C,6.8395
Cc1nc([C@](C)(NC(=O)c2cc(OCC(F)(F)F)c(N3CC(F)(F)C3)cn2)C2CC2)no1,7.2457
Cc1nc([C@@](C)(NC(=O)c2cc(OCC(F)(F)F)c(N3CC(F)(F)C3)cn2)C2CC2)no1,7.9788
Cc1nc(C(C)(CC2CC2)NC(=O)c2cc(OCC(F)(F)F)c(Cl)cn2)no1,7.3161
Cc1nc(C(C)(CC2CC2)NC(=O)c2cc(OCC(F)(F)F)c(N3CC(F)(F)C3)cn2)no1,7.7520
Cc1nc([C@@](C)(CC2CC2)NC(=O)c2cc(OCC(F)(F)F)c(N3CC(F)(F)C3)cn2)no1,7.5186
Cc1nc([C@](C)(CC2CC2)NC(=O)c2cc(OCC(F)(F)F)c(N3CC(F)(F)C3)cn2)no1,7.6696
Cc1nc([C@@](C)(CC2CC2)NC(=O)c2cc(OCC(F)(F)F)c(Cl)cn2)no1,7.1864
Cc1nc([C@](C)(CC2CC2)NC(=O)c2cc(OCC(F)(F)F)c(Cl)cn2)no1,7.1267
Cc1nc(C(C)(CS(C)(=O)=O)NC(=O)c2cc(OCC(F)(F)F)c(N3CC(F)(F)C3)cn2)no1,7.2565
Cc1nc(C(C)(NC(=O)c2cc(O[C@@H](C)C(F)(F)F)c(N3CC(F)(F)C3)cn2)C2CC2)no1,8.8539
Cc1nc(C(C)(CC(C)(C)C)NC(=O)c2cc(OCC(F)(F)F)c(C3CC3)cn2)no1,8.2291
Cc1nc([C@@](C)(CS(C)(=O)=O)NC(=O)c2cc(OCC(F)(F)F)c(C3CC3)cn2)no1,7.1515
Cc1nc([C@](C)(CS(C)(=O)=O)NC(=O)c2cc(OCC(F)(F)F)c(C3CC3)cn2)no1,6.9840
Cc1nc(C(C)(CC2CC2)NC(=O)c2cc(O[C@@H](C)C(F)(F)F)c(C3CC3)cn2)no1,9.1884
Cc1nc(C(C)(CS(C)(=O)=O)NC(=O)c2cc(O[C@@H](C)C(F)(F)F)c(N3CC(F)(F)C3)cn2)no1,6.9363
Cc1nc(C(C)(CS(C)(=O)=O)NC(=O)c2cc(O[C@@H](C)C(F)(F)F)c(C3CC3)cn2)no1,8.4685
Cc1nc([C@@](C)(CC(C)(C)C)NC(=O)c2cc(OCC(F)(F)F)c(C3CC3)cn2)no1,7.5258
Cc1nc([C@](C)(CC(C)(C)C)NC(=O)c2cc(OCC(F)(F)F)c(C3CC3)cn2)no1,8.6383
CCN(C(=O)c1cc(OCC2CC2)c(C2CC2)cn1)C(C)(C)C,8.0223
CCN(C(=O)c1cc(OCC(F)(F)F)c(C2CC2)cn1)C(C)(C)C,7.0851
Cc1nc(C(C)(CC2CC2)NC(=O)c2cc(OCC(F)(F)F)c(C3CCC3)cn2)no1,8.5686
Cc1nc(C(C)(CS(C)(=O)=O)NC(=O)c2cc(OCC(F)(F)F)c(C3CCC3)cn2)no1,7.8041
Cc1nc(C(C)(CC2CC2)NC(=O)c2cc(O[C@@H](C)C(F)(F)F)c(C3CCC3)cn2)no1,9.0969
Cc1nc(C(C)(CS(C)(=O)=O)NC(=O)c2cc(O[C@@H](C)C(F)(F)F)c(C3CCC3)cn2)no1,8.5229
Cc1nc(C(C)(COCc2ccccc2)NC(=O)c2cc(OCC(F)(F)F)c(C3CC3)cn2)no1,7.3605
Cc1nc(C(C)(CO)NC(=O)c2cc(OCC(F)(F)F)c(C3CC3)cn2)no1,6.5800
NC(=O)[C@@H]1CC(F)(F)CN1C(=O)c1cc(OCC2CC2)c(C2CC2)cn1,5.9994
NC(=O)[C@@H]1CC(F)(F)CN1C(=O)c1cc(OCC(F)(F)F)c(C2CC2)cn1,5.8985
NC(=O)[C@H]1CC(F)(F)CN1C(=O)c1cc(OCC(F)(F)F)c(C2CC2)cn1,6.3988
Cc1nc(C(C)(CC2CC2)NC(=O)c2cc(OCC(F)(F)F)c(C3(O)COC3)cn2)no1,6.0010
Cc1nc(C(C)(CS(C)(=O)=O)NC(=O)c2cc(O[C@@H](C)C(F)(F)F)c(C3(O)CCC3)cn2)no1,6.6594
Cc1nc(C(C)(CS(C)(=O)=O)NC(=O)c2cc(OCC(F)(F)F)c(C3=CCC3)cn2)no1,7.7077
Cc1nc(C(C)(CN2CC(F)(F)C2)NC(=O)c2cc(OCC(F)(F)F)c(C3CC3)cn2)no1,7.1851
Cc1nc(C(C)(CS(C)(=O)=O)NC(=O)c2cc(OCC(F)(F)F)c(C3(O)CCC3)cn2)no1,5.9606
Cc1nc(C(C)(CS(C)(=O)=O)NC(=O)c2cc(O[C@@H](C)C(F)(F)F)c(C3(F)CCC3)cn2)no1,7.6635
Cc1nc(C(C)(CC2CC2)NC(=O)c2cc(OCC(F)(F)F)c(C3(F)COC3)cn2)no1,6.9045
Cc1nc(C(C)(CS(C)(=O)=O)NC(=O)c2cc(OCC(F)(F)F)c(C3(F)COC3)cn2)no1,6.3615
CC(CS(C)(=O)=O)(NC(=O)c1cc(OCC(F)(F)F)c(C2CC2)cn1)C(N)=O,6.0516
Cc1nc(C(C)(NC(=O)c2cc(OCC(F)(F)F)c(C3(F)COC3)cn2)C2CC2)no1,7.5513
Cc1nc(C(C)(CC2CC2)NC(=O)c2cc(O[C@@H](C)C(F)(F)F)c(C3(F)COC3)cn2)no1,7.8268
C[C@H](Oc1cc(C(=O)NC(C)(C#N)CC2CC2)ncc1C1(F)COC1)C(F)(F)F,6.6087
Cc1nc(C(C)(NC(=O)c2cc(O[C@@H](C)C(F)(F)F)c(C3(F)COC3)cn2)C2CC2)no1,8.0552
Cc1nc(C(C)(CC2CC2)NC(=O)c2cc(OCC(F)F)c(C3CC3)cn2)no1,8.4318
Cc1nc(C(C)(CC2CC2)NC(=O)c2cc(OCCF)c(C3CC3)cn2)no1,8.4437
Cc1nc(C(C)(NC(=O)c2cc(OCC(F)(F)F)c(C3CC3)cn2)C(=O)N2CC(F)(F)C2)no1,7.3429
Cc1nc(C(C)(NC(=O)c2cc(OCC(F)(F)F)c(C3CC3)cn2)C(=O)N2CC3(COC3)C2)no1,6.6893
CNC(=O)C(C)(NC(=O)c1cc(OCC(F)(F)F)c(C2CC2)cn1)c1noc(C)n1,7.6861
Cn1nnc(C(C)(CC2CC2)NC(=O)c2cc(OCC(F)(F)F)c(C3CC3)cn2)n1,6.9626
Cn1nnnc1C(C)(CC1CC1)NC(=O)c1cc(OCC(F)(F)F)c(C2CC2)cn1,7.5821
Cc1csc(C2(NC(=O)c3cc(OCC(F)(F)F)c(C4CC4)cn3)CCOCC2)n1,7.0611
Cc1csc(C(C)(CC2CC2)NC(=O)c2cc(OCC(F)(F)F)c(C3CC3)cn2)n1,7.0186
CC(CC1CC1)(NC(=O)c1cc(OCC(F)(F)F)c(C2CC2)cn1)c1nnn[nH]1,6.0294
NC(=O)CC1(NC(=O)c2cc(OCC(F)(F)F)c(C3CC3)cn2)CS(=O)(=O)C1,7.9281
Cc1nc(C(NC(=O)c2cc(OCC(F)(F)F)c(C3CC3)cn2)C(C)(C)C)no1,8.3010
CC(C)(C)C(NC(=O)c1cc(OCC(F)(F)F)c(C2CC2)cn1)c1nn[nH]n1,7.1445
Cn1nnc(C(NC(=O)c2cc(OCC(F)(F)F)c(C3CC3)cn2)C(C)(C)C)n1,8.3468
C[n+]1n[nH]nc1C(NC(=O)c1cc(OCC(F)(F)F)c(C2CC2)cn1)C(C)(C)C,7.7747
CC(CC1CC1)(NC(=O)c1cc(OCC(F)(F)F)c(C2CC2)cn1)c1noc(N)n1,8.0362
Cc1nc([C@@](C)(NC(=O)c2cc(O[C@@H](C)C(F)(F)F)c(C3(F)COC3)cn2)C2CC2)no1,6.5519
CNC(=O)C(NC(=O)c1cc(O[C@@H](C)C(F)(F)F)c(C2(F)COC2)cn1)C(C)(C)C,7.4828
Cc1nnc(C(C)(CC2CC2)NC(=O)c2cc(OCC(F)(F)F)c(C3CC3)cn2)o1,7.2644
Cc1nnc(C(NC(=O)c2cc(OCC(F)(F)F)c(C3CC3)cn2)C(C)(C)C)o1,7.6615
Cc1nnc(C(NC(=O)c2cc(O[C@@H](C)C(F)(F)F)c(C3(F)COC3)cn2)C(C)(C)C)o1,7.0200
Cc1nnc(C(C)(CC2CC2)NC(=O)c2cc(O[C@@H](C)C(F)(F)F)c(C3(F)COC3)cn2)o1,6.3541
Cc1cnc(C(C)(CC2CC2)NC(=O)c2cc(OCC(F)(F)F)c(C3CC3)cn2)s1,7.9066
Cc1nc(C(C)(NC(=O)c2cc(OCC(F)(F)F)c(C3CC3)cn2)C(N)=O)no1,6.8259
Cc1nc(C(C)(NC(=O)c2cc(OCC(F)(F)F)c(C3CC3)cn2)C(=O)N(C)C)no1,8.6990
Cc1nc(C(C)(NC(=O)c2cc(OCC(F)(F)F)c(C3CC3)cn2)C(=O)N2CCC2)no1,8.2676
CNC(=O)C(C)(NC(=O)c1cc(O[C@@H](C)C(F)(F)F)c(C2(F)COC2)cn1)c1noc(C)n1,6.0374
CC(CC1CC1)(NC(=O)c1cc(OCC(F)(F)F)c(C2CC2)cn1)C(N)=O,6.4642
CNC(=O)C(C)(CC1CC1)NC(=O)c1cc(OCC(F)(F)F)c(C2CC2)cn1,6.5339
Cc1nnc(C(C)(CC2COC2)NC(=O)c2cc(O[C@@H](C)C(F)(F)F)c(C3CC3)cn2)o1,6.2527
Cc1nnc(C(C)(CC2COC2)NC(=O)c2cc(OCC(F)(F)F)c(C3CC3)cn2)o1,6.1505
CC(C)(C)C(NC(=O)c1cc(OCC(F)(F)F)c(C2CC2)cn1)c1noc(N)n1,8.1871
NC(=O)CC(NC(=O)c1cc(OCC(F)(F)F)c(C2CC2)cn1)C1CC1,6.9450
CC(C)(C)C(NC(=O)c1cc(OCC(F)(F)F)c(C2CC2)cn1)C(N)=O,7.8210
CN(C)C(=O)C(NC(=O)c1cc(OCC(F)(F)F)c(C2CC2)cn1)C(C)(C)C,8.4685
CC(C)(C)C(NC(=O)c1cc(OCC(F)(F)F)c(C2CC2)cn1)C(=O)N1CCC1,8.9208
CC(C)(C)C(NC(=O)c1cc(OCC(F)(F)F)c(C2CC2)cn1)C(=O)N1CC(F)(F)C1,8.1192
CC(C)(C)C(NC(=O)c1cc(OCC(F)(F)F)c(C2CC2)cn1)C(=O)N1CCC12COC2,7.4389
C[C@H](Oc1cc(C(=O)NC(C(N)=O)C(C)(C)C)ncc1C1CC1)C(F)(F)F,8.1079
CNC(=O)C(NC(=O)c1cc(O[C@@H](C)C(F)(F)F)c(C2CC2)cn1)C(C)(C)C,8.5850
C[C@H](Oc1cc(C(=O)NC(C(=O)N(C)C)C(C)(C)C)ncc1C1CC1)C(F)(F)F,8.6198
C[C@H](Oc1cc(C(=O)NC(C(=O)N2CCC2)C(C)(C)C)ncc1C1CC1)C(F)(F)F,8.6576
C[C@H](Oc1cc(C(=O)NC(C(=O)N2CC(F)(F)C2)C(C)(C)C)ncc1C1CC1)C(F)(F)F,8.2924
C[C@H](Oc1cc(C(=O)NC(C(=O)N2CCC23COC3)C(C)(C)C)ncc1C1CC1)C(F)(F)F,7.1898
Cn1nnnc1C(NC(=O)c1cc(OCC(F)(F)F)c(C2CC2)cn1)C(C)(C)C,7.1861
C[C@H](Oc1cc(C(=O)NC(c2noc(N)n2)C(C)(C)C)ncc1C1CC1)C(F)(F)F,8.1216
Cc1nc(C(NC(=O)c2cc(O[C@@H](C)C(F)(F)F)c(C3CC3)cn2)C(C)(C)C)no1,8.3328
CC1(COc2cc(C(=O)NC(C)(C)c3nnc(-c4ccccc4)[nH]3)ncc2C2CC2)COC1,7.5100
C[C@H](Oc1cc(C(=O)NC(c2nnn(C)n2)C(C)(C)C)ncc1C1CC1)C(F)(F)F,8.4328
NC(=O)CC1(NC(=O)c2cc(OCC3CC3)c(N3CC(F)(F)C3)cn2)COC1,7.3307
NC(=O)CC1(NC(=O)c2cc(OCC(F)(F)F)c(N3CC(F)(F)C3)cn2)COC1,6.7812
CNC(=O)C(NC(=O)c1cc(OCC(F)(F)F)c(C2CC2)cn1)C(C)(C)C,8.3199
CNC(=O)CC(C)(NC(=O)c1cc(OCC(F)(F)F)c(C2CC2)cn1)C1CC1,7.9245
CC(CC(N)=O)(NC(=O)c1cc(OCC(F)(F)F)c(C2CC2)cn1)C1CC1,9.0458
CNC(=O)CC1(NC(=O)c2cc(OCC(F)(F)F)c(C3CC3)cn2)COC1,6.2618
CNC(=O)CC1(NC(=O)c2cc(O[C@@H](C)C(F)(F)F)c(C3CC3)cn2)COC1,6.9340
CNC(=O)CC1(NC(=O)c2cc(OCC(F)(F)F)c(N3CC(F)(F)C3)cn2)COC1,6.0386
CCC(CC)(NC(=O)c1cc(OCC2(C)COC2)c(C2CC2)cn1)C(=O)NCCCF,6.3423
CCC(CC)(NC(=O)c1cc(OCC2(C)COC2)c(C2CC2)cn1)C(=O)NCC(F)CCl,6.5328
CNC(=O)C(NC(=O)c1cc(OCC(F)(F)F)c(C2CC2)cn1)C(C)(C)O,7.2907
CNC(=O)C(NC(=O)c1cc(OCC(F)(F)F)c(C2CC2)cn1)C(C)(C)F,7.7696
CNC(=O)C(NC(=O)c1cc(O[C@@H](C)C(F)(F)F)c(C2CC2)cn1)C(C)(C)O,7.5622
Cc1nnc(C(NC(=O)c2cc(OCC(F)(F)F)c(C3CC3)cn2)C2(C)COC2)o1,6.0011
Cc1nnc(C(NC(=O)c2cc(O[C@@H](C)C(F)(F)F)c(C3CC3)cn2)C2(C)COC2)o1,6.7303
CNC(=O)CC(C)(NC(=O)c1cc(O[C@@H](C)C(F)(F)F)c(C2CC2)cn1)C1CC1,7.7144
C[C@H](Oc1cc(C(=O)NC(C)(CC(N)=O)C2CC2)ncc1C1CC1)C(F)(F)F,9.0458
C[C@H](Oc1cc(C(=O)NC(C(N)=O)C2(C)COC2)ncc1C1CC1)C(F)(F)F,8.0506
Cc1nc(C(NC(=O)c2cc(O[C@@H](C)C(F)(F)F)c(C3CC3)cn2)C2(C)COC2)no1,8.1805
CC(C)(C)C(NC(=O)c1cc(OCC(F)(F)F)c(N2CC(F)(F)C2)cn1)C(N)=O,7.4711
CC(C)(C)C(NC(=O)c1cc(OCC2CC2)c(N2CC(F)(F)C2)cn1)C(N)=O,7.6799
NC(=O)CC1(NC(=O)c2cc(OCC(F)(F)F)c(N3CC(F)(F)C3)cn2)CS(=O)(=O)C1,6.7486
C[C@H](Oc1cc(C(=O)NC2(CC(N)=O)CS(=O)(=O)C2)ncc1C1(F)COC1)C(F)(F)F,6.9931
C[C@H](Oc1cc(C(=O)NC2(CC(N)=O)CS(=O)(=O)C2)ncc1C1CC1)C(F)(F)F,8.7959
NC(=O)CC1(NC(=O)c2cc(OCC3CC3)c(N3CC(F)(F)C3)cn2)CS(=O)(=O)C1,7.9788
CC1(C(NC(=O)c2cc(OCC(F)(F)F)c(C3CC3)cn2)C(N)=O)COC1,6.3807
CC(CC(N)=O)(NC(=O)c1cc(OCCF)c(C2CC2)cn1)C1CC1,7.9928
CC(CC(N)=O)(NC(=O)c1cc(OCC(F)F)c(C2CC2)cn1)C1CC1,8.0375
NC(=O)CC1(NC(=O)c2cc(OCC(F)F)c(C3CC3)cn2)CS(=O)(=O)C1,7.9957
CC(CC(N)=O)(NC(=O)c1cc(OCC(F)(F)F)c(N2CC(F)(F)C2)cn1)C1CC1,7.2538
C[C@H](Oc1cc(C(=O)N[C@@](C)(CC(N)=O)C2CC2)ncc1C1(F)COC1)C(F)(F)F,7.3655
C[C@H](Oc1cc(C(=O)NC(C)(CC(N)=O)C2CC2)ncc1C1(F)COC1)C(F)(F)F,7.0320
Cc1nc(C(C)(CS(C)(=O)=O)NC(=O)c2cc(OCCF)c(C3CC3)cn2)no1,6.9336
NC(=O)CC1(NC(=O)c2cc(OCCF)c(C3CC3)cn2)CS(=O)(=O)C1,7.6364
CNC(=O)CC1(NC(=O)c2cc(OCC(F)(F)F)c(C3CC3)cn2)CS(=O)(=O)C1,6.1810
Cc1nc(C(C)(CS(C)(=O)=O)NC(=O)c2cc(OCC(F)F)c(C3CC3)cn2)no1,7.3086
CNC(=O)CC1(NC(=O)c2cc(OCC(F)(F)F)c(C3(F)CCC3)cn2)CS(=O)(=O)C1,5.8413
NC(=O)CC1(NC(=O)c2cc(OCC(F)(F)F)c(C3(F)CCC3)cn2)CS(=O)(=O)C1,7.3382
Cc1nc(C(C)(CC2CC2)NC(=O)c2cc(OC(C)CF)c(C3CC3)cn2)no1,9.0485
CC(CF)Oc1cc(C(=O)NC2(CC(N)=O)CS(=O)(=O)C2)ncc1C1CC1,9.1221
CC(CF)Oc1cc(C(=O)NC(C)(CC(N)=O)C2CC2)ncc1C1CC1,8.7819
Cc1nc(C(C)(CS(C)(=O)=O)NC(=O)c2cc(OC(C)CF)c(C3CC3)cn2)no1,7.9348
NC(=O)CC1(NC(=O)c2cc(OCC(F)(F)F)c(C3CCC3)cn2)CS(=O)(=O)C1,8.6990
CC(CC(N)=O)(NC(=O)c1cc(OCC(F)(F)F)c(C2(F)CCC2)cn1)C1CC1,8.1739
C[C@H](Oc1cc(C(=O)NC2(CC(N)=O)CS(=O)(=O)C2)ncc1C1(F)CCC1)C(F)(F)F,8.2924
Cc1nc(C(C)(NC(=O)c2cc(OCC(F)(F)F)c(C3(F)CCC3)cn2)C2CC2)no1,8.1983
NC(=O)CC1(NC(=O)c2cc(OCC(F)F)c(C3(F)CCC3)cn2)CS(=O)(=O)C1,7.1367
O=S(=O)(NCCN1CCOCC1)c1ccc(Nc2ccc(Cl)cc2Cl)cc1C(F)(F)F,5.8830
O=S(=O)(NCC1CC1)c1ccc(Nc2ccc(Cl)cc2Cl)cc1C(F)(F)F,7.6462
COc1cc(Nc2ccc(S(=O)(=O)NCC3CC3)c(C(F)(F)F)c2)cc(OC)c1,7.4318
O=C(NCC1CC1)c1ccc(Nc2ccc(Cl)cc2Cl)cc1F,5.8753
COc1ccc(Nc2ccc(S(=O)(=O)NCC3CC3)c(C(F)(F)F)c2)cc1,6.9114
O=S(=O)(NCC1CC1)c1ccc(Nc2ccccc2)cc1C(F)(F)F,6.8745
O=S(=O)(NCC1CCCO1)c1ccc(Nc2ccc(Cl)cc2Cl)cc1C(F)(F)F,7.3606
CCCCNS(=O)(=O)c1ccc(Nc2ccc(Cl)cc2Cl)cc1C(F)(F)F,6.6561
COc1cc(Nc2ccc(S(=O)(=O)NCC3CC3)c(OC(F)(F)F)c2)cc(OC)c1,6.1674
COc1cc(Nc2ccc(S(=O)(=O)NCC3CC3)cc2)cc(OC)c1,6.5345
O=S(=O)(NCC1CCCO1)c1ccc(Nc2ccc(F)cc2F)cc1C(F)(F)F,5.9935
COc1cc(OC)nc(Nc2ccc(S(=O)(=O)NCC3CC3)c(C(F)(F)F)c2)n1,6.4746
COc1cc(Nc2ccc(S(=O)(=O)NCC3CCCO3)c(F)c2)cc(OC)c1,6.2035
COc1cc(Nc2ccc(S(=O)(=O)NCC3CCCO3)cc2F)cc(OC)c1,6.3230
COc1cc(Nc2cc(F)c(S(=O)(=O)NCC3CCCO3)cc2F)cc(OC)c1,6.7702
COCCCNS(=O)(=O)c1ccc(Nc2cc(OC)cc(OC)c2)cc1C(F)(F)F,5.5764
COc1cc(Nc2ccc(S(=O)(=O)NCC3CCCO3)c(C(F)(F)F)c2)cc(OC)c1,6.6184
COc1cc(Nc2ccc(S(=O)(=O)NCc3ccncc3)c(C(F)(F)F)c2)cc(OC)c1,6.6573
COc1cc(Nc2ccc(S(=O)(=O)N3CCOCC3)c(C(F)(F)F)c2)cc(OC)c1,6.2126
COc1cc(Nc2ccc(S(=O)(=O)NCCN3CCOCC3)c(C(F)(F)F)c2)cc(OC)c1,5.6092
O=S(=O)(NCC1CCCO1)c1ccc(NC2CCCCC2)cc1C(F)(F)F,6.5305
O=S(=O)(NCC1CCCO1)c1ccc(NC2CC3CCC2C3)cc1C(F)(F)F,7.2843
COc1cc(Nc2ccc(S(=O)(=O)NCC3CCCO3)c(Cl)c2)cc(OC)c1,6.0038
COc1cc(Nc2cc(Cl)c(S(=O)(=O)NCC3CCCO3)c(Cl)c2)cc(OC)c1,6.8322
COc1cc(Nc2ccc(S(=O)(=O)NCc3ccco3)c(C(F)(F)F)c2)cc(OC)c1,6.6408
COc1cc(Nc2ccc(S(=O)(=O)Nc3cccc4cnccc34)c(C(F)(F)F)c2)cc(OC)c1,5.3992
O=S(=O)(NCC1CCCO1)c1ccc(N2CCc3ccccc32)cc1C(F)(F)F,5.7311
CCCN(CC1CC1)c1ccc(S(=O)(=O)NCC2CCCO2)c(C(F)(F)F)c1,6.9169
COc1cc(Nc2ccc(S(=O)(=O)N3CCc4ccccc43)c(C(F)(F)F)c2)cc(OC)c1,5.8687
COCCN(CCOC)S(=O)(=O)c1ccc(Nc2cc(OC)cc(OC)c2)cc1C(F)(F)F,5.5848
O=S(=O)(NCC1CCOCC1)c1ccc(Nc2ccc(Cl)cc2Cl)cc1C(F)(F)F,6.8733
O=S(=O)(NCC1CC1)c1ccc(Nc2ccc(F)cc2F)cc1C(F)(F)F,6.8811
O=S(=O)(NCc1ccco1)c1ccc(Nc2ccc(F)cc2F)cc1C(F)(F)F,6.1283
O=S(=O)(NCC1CC1)c1ccc(Nc2ccc(F)cc2F)cc1,5.7212
O=S(=O)(NCC1CC1)c1ccc(NC2CC3CCC2C3)cc1,5.8997
O=S(=O)(NCC1CCOCC1)c1ccc(NC2CC3CCC2C3)cc1C(F)(F)F,7.3850
O=S(=O)(NCc1ccco1)c1ccc(NC2CC3CCC2C3)cc1C(F)(F)F,6.7322
N#Cc1ccc(Nc2ccc(S(=O)(=O)NCC3CC3)c(C(F)(F)F)c2)c(Cl)c1,7.4184
COc1ccc(Nc2ccc(S(=O)(=O)NCC3CC3)c(C(F)(F)F)c2)c(OC)c1,7.0853
CCCN(CC1CC1)S(=O)(=O)c1ccc(Nc2ccc(OC)cc2OC)cc1C(F)(F)F,5.8789
O=S(=O)(NCC1CC1)c1ccc(Nc2ccc(N3CCOCC3)cc2)cc1C(F)(F)F,5.8756
O=S(=O)(NCC1CC1)c1ccc(Nc2ccc3c(c2)OCCO3)cc1C(F)(F)F,6.9927
CC1(C)C2CCC(CNc3ccc(S(=O)(=O)NCC4CC4)c(C(F)(F)F)c3)C1C2,6.5308
CN(C)CC(C)(C)CNS(=O)(=O)c1ccc(Nc2ccc(Cl)cc2Cl)cc1C(F)(F)F,5.3132
O=S(=O)(NCC1CCOCC1)c1ccc(Nc2cccnc2Cl)cc1C(F)(F)F,5.6412
CCCN(CC1CC1)c1ccc(S(=O)(=O)NCC2CCOCC2)c(C(F)(F)F)c1,6.2597
COc1cc(Nc2ccc(S(=O)(=O)NCC3CCOCC3)c(C(F)(F)F)c2)cc(OC)c1,6.4979
CN(C)c1ccc(Nc2ccc(S(=O)(=O)NCC3CCOCC3)c(C(F)(F)F)c2)cc1,5.4489
N#Cc1ccc(Nc2ccc(S(=O)(=O)NCC3CCOCC3)c(C(F)(F)F)c2)c(Cl)c1,6.5854
CN(CC1CC1)S(=O)(=O)c1ccc(Nc2ccc(Cl)cc2Cl)cc1C(F)(F)F,6.0227
O=S(=O)(NCC1CC1)c1ccc(NC2CC3CCC2C3)cc1C(F)(F)F,7.8063
COc1ccc(Nc2ccc(S(=O)(=O)NCC3CC3)c(C)c2)c(OC)c1,6.2670
NS(=O)(=O)c1ccc(NC2CC3CCC2C3)cc1C(F)(F)F,5.7961
CC(C)(C)CC(C)(C)NS(=O)(=O)c1ccc(Nc2ccc(Cl)cc2Cl)cc1C(F)(F)F,5.4318
O=S(=O)(Nc1ccccc1)c1ccc(Nc2ccc(Cl)cc2Cl)cc1C(F)(F)F,5.3295
CC(C)(NS(=O)(=O)c1ccc(Nc2ccc(Cl)cc2Cl)cc1C(F)(F)F)C1CC1,6.4700
O=S(=O)(NCc1ccccc1)c1ccc(Nc2ccc(Cl)cc2Cl)cc1C(F)(F)F,5.2218
COC(=O)C1(NS(=O)(=O)c2ccc(Nc3ccc(Cl)cc3Cl)cc2C(F)(F)F)CC1,5.3252
CC(=O)N1CCc2ccc(Nc3ccc(S(=O)(=O)NCC4CC4)c(C(F)(F)F)c3)cc21,6.0531
CN1C(=O)c2ccc(Nc3ccc(S(=O)(=O)NCC4CC4)c(C(F)(F)F)c3)cc2C1=O,5.7488
CCn1nccc1Nc1ccc(S(=O)(=O)NCC2CC2)c(C(F)(F)F)c1,5.6928
CN(C)c1ccc(Nc2ccc(S(=O)(=O)NCC3CC3)c(C(F)(F)F)c2)cc1,5.7076
O=S(=O)(NCC1CC1)c1ccc(Nc2cccnc2Cl)cc1C(F)(F)F,7.1917
CC(C)(NS(=O)(=O)c1ccc(NC2CC3CCC2C3)cc1C(F)(F)F)C1CC1,6.9878
COc1cc(Nc2ccc(S(=O)(=O)NC(C)(C)C3CC3)c(C(F)(F)F)c2)cc(OC)c1,6.5386
CC(C)(NS(=O)(=O)c1ccc(Nc2cccnc2Cl)cc1C(F)(F)F)C1CC1,6.3637
O=S(=O)(NOCC1CC1)c1ccc(Nc2ccc(Cl)cc2Cl)cc1C(F)(F)F,5.7934
COC(=O)c1ccc(Nc2ccc(S(=O)(=O)NCC3CC3)c(C(F)(F)F)c2)c(Cl)c1,6.1038
O=C(O)c1ccc(Nc2ccc(S(=O)(=O)NCC3CC3)c(C(F)(F)F)c2)c(Cl)c1,6.1365
O=S(=O)(NCC1CC1)c1ccc(NC2CN3CCC2CC3)cc1C(F)(F)F,6.2928
CC(C)(NS(=O)(=O)c1ccc(Nc2ccc(C(=O)O)cc2Cl)cc1C(F)(F)F)C1CC1,6.0373
CC(C)(C)OC(=O)CN(CC1CC1)S(=O)(=O)c1ccc(NC2CC3CCC2C3)cc1C(F)(F)F,5.2510
O=S(=O)(NOCC1CC1)c1ccc(NC2CC3CCC2C3)cc1C(F)(F)F,6.2638
CC(=O)N(CC1CC1)S(=O)(=O)c1ccc(NC2CC3CCC2C3)cc1C(F)(F)F,6.4720
O=S(=O)(NCC1CC1)c1ccc(NC2CCCCCC2)cc1C(F)(F)F,7.4566
O=S(=O)(NCC1CC1)c1ccc(NC2CCCCCCC2)cc1C(F)(F)F,7.1464
CC(C)(C)C1CCC(Nc2ccc(S(=O)(=O)NCC3CC3)c(C(F)(F)F)c2)CC1,5.8471
CC1CCC(Nc2ccc(S(=O)(=O)NCC3CC3)c(C(F)(F)F)c2)CC1,6.5106
CCCCCCNc1ccc(S(=O)(=O)NCC2CC2)c(C(F)(F)F)c1,4.6560
O=S(=O)(NCC1CC1)c1ccc(NC2CCCCC2)cc1C(F)(F)F,6.8572
O=S(=O)(NCC1CC1)c1ccc(NCC2CCOCC2)cc1C(F)(F)F,5.8837
O=S(=O)(NCC1CC1)c1ccc(NN2CCCCC2)cc1C(F)(F)F,6.9531
O=S(=O)(NCC1CC1)c1ccc(NC2CC2)cc1C(F)(F)F,3.9402
CCCN(CC1CC1)c1ccc(S(=O)(=O)NCC2CC2)c(C(F)(F)F)c1,6.5113
COCCCNc1ccc(S(=O)(=O)NCC2CC2)c(C(F)(F)F)c1,5.9164
O=S(=O)(NCC1CC1)c1ccc(NCc2ccccn2)cc1C(F)(F)F,5.9826
CCCCNc1ccc(S(=O)(=O)NCC2CC2)c(C(F)(F)F)c1,5.7677
O=S(=O)(NCC1CC1)c1ccc(NN2CCOCC2)cc1C(F)(F)F,6.2920
O=S(=O)(NCC1CC1)c1ccc(NCc2ccncc2)cc1C(F)(F)F,5.6129
O=S(=O)(NCC1CC1)c1ccc(NN2CCCCCC2)cc1C(F)(F)F,7.1943
CC(C)(NS(=O)(=O)c1ccc(NN2CCCCCC2)cc1C(F)(F)F)C1CC1,6.6926
CC(C)(NS(=O)(=O)c1ccc(NN2CCCCC2)cc1C(F)(F)F)C1CC1,6.8356
CC(C)(NS(=O)(=O)c1ccc(NC2CCCCC2)cc1C(F)(F)F)C1CC1,7.1294
N#Cc1ccc(Nc2ccc(S(=O)(=O)NCC3CC3)c(C(F)(F)F)c2)cc1C(F)(F)F,6.5135
CC12CC(Nc3ccc(S(=O)(=O)NCC4CC4)c(C(F)(F)F)c3)CC(C1)C2(C)C,7.5776
CC(C)(C)C(CO)NC(=O)c1nn(-c2c[n+]([O-])ccn2)c2c1C[C@@H]1C[C@H]21,8.2676
O=C(NC12CC3CC(CC(C3)C1)C2)c1cc(-c2ccccc2)nn(C2CCCC2)c1=O,7.8097
Cc1ccc(-c2cc(C(=O)NC34CC5CC(CC(C5)C3)C4)c(=O)n(C3CCCC3)n2)cc1Cl,7.3243
C[C@H]1CC[C@@H](NC(=O)c2cc(-c3ccccc3)nn(Cc3ccc(F)cc3)c2=O)CC1,7.8488
Cc1cc(-c2cc(C(=O)N[C@H]3CC[C@@H](C)CC3)c(=O)n(Cc3ccc(F)cc3)n2)ccc1Cl,8.1915
Cc1cc(-c2cc(C(=O)N[C@@H]3C(C)(C)[C@@H]4CC[C@@]3(C)C4)c(=O)n(Cc3ccc(F)cc3)n2)ccc1Cl,7.9379
Cc1cc(-c2cc(C(=O)NC3CCCCC3)c(=O)n(Cc3ccc(F)cc3)n2)ccc1Cl,7.9624
O=C(NC1CCCCCC1)c1cc(-c2ccccc2)nn(C2CCCC2)c1=O,7.8861
C[C@H]1CC[C@H](NC(=O)c2cc(-c3ccccc3)nn(Cc3ccc(F)cc3)c2=O)CC1,7.1805
O=C(NC1CCCCCC1)c1cc(-c2ccccc2)nn(Cc2ccc(F)cc2)c1=O,7.7959
O=C(NC1CCCCC1)c1cc(-c2ccccc2)nn(Cc2ccc(F)cc2)c1=O,7.3565
Cc1cc(-c2cc(C(=O)NCCN3CCOCC3)c(=O)n(Cc3ccc(F)cc3)n2)ccc1Cl,6.5072
Cc1cc(-c2cc(C(=O)N[C@H]3CC[C@H](C)CC3)c(=O)n(Cc3ccc(F)cc3)n2)ccc1Cl,8.0458
Cc1cc(-c2cc(C(=O)NC34CC5CC(CC(C5)C3)C4)c(=O)n(Cc3ccc(F)cc3)n2)ccc1Cl,8.4685
Cc1cc(-c2cc(C(=O)NC3CCCCCC3)c(=O)n(Cc3ccc(F)cc3)n2)ccc1Cl,8.3098
Cc1ccc(Cn2nc(-c3ccc(Cl)c(C)c3)cc(C(=O)NC3CCCCC3)c2=O)cc1,6.6198
CC1=CC[C@@H]2[C@@H](C1)c1c(O)cc(C3(C(=O)OCCCCC#N)CCC3)cc1OC2(C)C,8.7447
CC1=CC[C@@H]2[C@@H](C1)c1c(O)cc(C3(C(=O)OCCCCBr)CCC3)cc1OC2(C)C,9.1549
CCCSC(=O)C(C)(C)c1cc(O)c2c(c1)OC(C)(C)[C@@H]1CC=C(C)C[C@@H]21,9.1549
CCCCCNC(=O)C(C)(C)c1cc(O)c2c(c1)OC(C)(C)[C@@H]1CC=C(C)C[C@@H]21,8.5528
CC1=CC[C@@H]2[C@@H](C1)c1c(O)cc(C(C)(C)C(=O)OCCCCn3ccnc3)cc1OC2(C)C,8.0870
CC1=CC[C@@H]2[C@@H](C1)c1c(O)cc(C(C)(C)C(=O)OCCCCC#N)cc1OC2(C)C,9.0458
CC1=CC[C@@H]2[C@@H](C1)c1c(O)cc(C(C)(C)C(=O)OCCCn3ccnc3)cc1OC2(C)C,8.9034
CC1=CC[C@@H]2[C@@H](C1)c1c(O)cc(C(C)(C)C(=O)OCCCC#N)cc1OC2(C)C,8.8539
CC1=CC[C@@H]2[C@@H](C1)c1c(O)cc(C(C)(C)C(=O)OCCCCCBr)cc1OC2(C)C,9.2218
CC1=CC[C@@H]2[C@@H](C1)c1c(O)cc(C(C)(C)C(=O)OCCCCBr)cc1OC2(C)C,9.0969
CC1=CC[C@@H]2[C@@H](C1)c1c(O)cc(C(C)(C)C(=O)OCCCBr)cc1OC2(C)C,9.1884
CC1=CC[C@@H]2[C@@H](C1)c1c(O)cc(C(C)(C)C(=O)OCCBr)cc1OC2(C)C,8.3256
CCCCC(=O)OCC(C)(C)c1cc(O)c2c(c1)OC(C)(C)[C@@H]1CC=C(C)C[C@@H]21,9.0000
COC(=O)C(C)(C)c1cc(O)c2c(c1)OC(C)(C)[C@@H]1CC=C(C)C[C@@H]21,7.4482
CCOC(=O)C(C)(C)c1cc(O)c2c(c1)OC(C)(C)[C@@H]1CC=C(C)C[C@@H]21,8.8239
CC1=CC[C@@H]2[C@@H](C1)c1c(O)cc(CC(=O)OCCCCC#N)cc1OC2(C)C,8.9208
CC1=CC[C@@H]2[C@@H](C1)c1c(O)cc(CC(=O)OCCCCBr)cc1OC2(C)C,8.1487
CCOc1ccc(Nc2nc3cc(C(=O)N(CC)CC)ccc3n2CCC(C)C)cc1,5.7212
CCN(CC)C(=O)c1ccc2c(c1)nc(Nc1ccc(Oc3ccccc3)cc1)n2CCC(C)C,6.3706
CCOc1ccc(Cc2nc3cc(C(=O)N(CC)CC)ccc3n2CCN2CCCCC2)cc1,6.7258
CCOc1ccc(Cc2nc3cc(C(=O)NCCC(C)C)ccc3n2CCC(C)C)cc1,6.1086
CCOc1ccc(Cc2nc3cc(C(=O)Nc4ccccc4)ccc3n2CCC(C)C)cc1,4.8208
CCCCCCNC(=O)c1ccc2c(c1)nc(Cc1ccc(OCC)cc1)n2CCC(C)C,5.7106
CCOc1ccc(Cc2nc3cc(C(=O)N4CCCCC4)ccc3n2CCC(C)C)cc1,6.4076
CCOc1ccc(Cc2nc3cc(C(=O)NC45CC6CC(CC(C6)C4)C5)ccc3n2CCC(C)C)cc1,5.3140
CCOc1ccc(Cc2nc3cc(C(=O)N(CC)CC)ccc3n2CCCCN2CCCCC2)cc1,5.3094
CCOc1ccc(Cc2nc3cc(C(=O)N(CC)CC)ccc3n2CCCCCCN2CCCCC2)cc1,5.9500
CCOc1ccc(CNc2nc3cc(C(=O)N(CC)CC)ccc3n2CCC(C)C)cc1,6.4259
CCOc1ccc(Nc2nc3cc(C(=O)N(CC)CC)ccc3n2CCN2CCCCC2)cc1,4.9415
CCN(CC)C(=O)c1ccc2c(c1)nc(Nc1ccc(Oc3ccccc3)cc1)n2CCN1CCCCC1,5.0753
CCOc1ccc(Cc2nc3cc([N+](=O)[O-])ccc3n2CCC(C)C)cc1,6.0085
CCOc1ccc(Cc2nc3cc(N)ccc3n2CCC(C)C)cc1,4.6889
CCOc1ccc(Cc2nc3cc(NC(=O)c4ccccc4)ccc3n2CCC(C)C)cc1,5.3833
[2H]C([2H])([18F])Oc1nc(NCCc2ccc(F)cc2)nc(-c2ccc(Cl)c(C(C)(C)O)c2)n1,8.8539
CCOc1nc(NC2CCCC2)nc(N2CCN(CC[18F])CC2)n1,7.3979
CCCCCn1cc(C(=O)c2ccccc2OC)c2ccccc21,8.1612
CCCCn1cc(C(=O)c2ccccc2OC)c2ccccc21,8.3468
CCCCCn1cc(-c2cn(C34CC5CC(CC(C5)C3)C4)nn2)c(=O)c2cc(-c3ccco3)ccc21,8.9208
CCOCCn1cc(C(=O)NC23CC4CC(CC(C4)C2)C3)c(=O)c2cccc(O[11CH3])c21,9.1549
COc1cccc2c(=O)c(C(=O)NC34CC5CC(CC(C5)C3)C4)cn(CCOCC[18F])c12,8.9208
[11CH3]OC(=O)c1c(NC(=O)C23CC4CC(CC(O)(C4)C2)C3)sc2c1CCCC2,8.4815
CCCc1sc(NC(=O)C23CC4CC(CC(C4)C2)C3)c(C(=O)O[11CH3])c1C,8.3665
CCCn1c(=O)n(CC(=O)NC(C)(C)C)c(=O)c2ccccc21,5.8477
CCCCn1c(=O)n(CC(=O)NC(C)(C)C)c(=O)c2ccccc21,6.9512
CCCCCn1c(=O)n(CC(=O)NC(C)(C)C)c(=O)c2ccccc21,7.0629
CCCn1c(=O)n(CC(=O)NC(C)(C)C)c(=O)c2c(C)cccc21,6.9458
CCCCn1c(=O)n(CC(=O)NC(C)(C)C)c(=O)c2c(C)cccc21,7.6284
CCCCCn1c(=O)n(CC(=O)NC(C)(C)C)c(=O)c2c(C)cccc21,7.8542
CCCn1c(=O)n(CC(=O)NC(C)(C)C)c(=O)c2cccc(C)c21,6.3905
CCCCn1c(=O)n(CC(=O)NC(C)(C)C)c(=O)c2cccc(C)c21,7.4177
CCCCCn1c(=O)n(CC(=O)NC(C)(C)C)c(=O)c2cccc(C)c21,7.5577
Cc1cccc2c1c(=O)n(CC(=O)NC(C)(C)C)c(=O)n2CC1CC1,7.1654
Cc1cccc2c(=O)n(CC(=O)NC(C)(C)C)c(=O)n(CC3CC3)c12,6.5103
C=CCCn1c(=O)n(CC(=O)NC(C)(C)C)c(=O)c2c(C)cccc21,7.3298
C=CCCn1c(=O)n(CC(=O)NC(C)(C)C)c(=O)c2cccc(C)c21,7.0019
CCCCCn1c(=O)n(CC(=O)NCCCC)c(=O)c2ccccc21,7.1046
CCCCCn1c(=O)n(CC(=O)NCC(C)C)c(=O)c2ccccc21,6.4316
CCCCCn1c(=O)n(CC(=O)NC(C)C)c(=O)c2ccccc21,6.6702
CCCCCn1c(=O)n(CC(=O)NC2CC2)c(=O)c2ccccc21,6.1289
CCCCCn1c(=O)n(CC(=O)NCCCC)c(=O)c2c(C)cccc21,6.3301
CCCCCn1c(=O)n(CC(=O)NC2CCCCC2)c(=O)c2c(C)cccc21,6.4035
CCCCCn1c(=O)n(CC(=O)NCCCC)c(=O)c2c(Cl)cccc21,6.8315
CCCCCn1c(=O)n(CC(=O)NC(C)(C)C)c(=O)c2c(OC)cccc21,5.9031
CCCCCn1c(=O)n(CC(=O)NC(C)(C)C)c(=O)c2cccc(Cl)c21,7.2781
CCCCCn1c(C)cc(=O)n(CC(=O)NC(C)(C)C)c1=O,6.1414
CCCCCCn1c(C)cc(=O)n(CC(=O)NC(C)(C)C)c1=O,6.1153
CCCCCn1c(C)c(Cl)c(=O)n(CC(=O)NC(C)(C)C)c1=O,6.6444
CCCCCn1c(C)c(Br)c(=O)n(CC(=O)NC(C)(C)C)c1=O,7.3121
CCCCCn1c(C)c(I)c(=O)n(CC(=O)NC(C)(C)C)c1=O,6.7491
CCCCCn1c(C)c(C2CC2)c(=O)n(CC(=O)NC(C)(C)C)c1=O,6.5694
CCCCCn1cc(C(=O)NC23CC4CC(CC(C4)C2)C3)c2ccccc21,7.2291
O=C(NC12CC3CC(CC(C3)C1)C2)c1cn(CCN2CCOCC2)c2ccccc12,7.2291
O=C(NC12CC3CC(CC(C3)C1)C2)c1c[nH]c2ccccc12,6.2007
Cc1cccc2c(C(=O)NC34CC5CC(CC(C5)C3)C4)c[nH]c12,6.3010
O=C(NC12CC3CC(CC(C3)C1)C2)c1cn(CC2CCOCC2)c2ccccc12,7.4202
N#CCn1cc(C(=O)NC23CC4CC(CC(C4)C2)C3)c2ccccc21,6.3872
N#CCCn1cc(C(=O)NC23CC4CC(CC(C4)C2)C3)c2ccccc21,6.7447
N#CCCCn1cc(C(=O)NC23CC4CC(CC(C4)C2)C3)c2ccccc21,7.5086
O=C(NC12CC3CC(CC(C3)C1)C2)c1cn(CCCCO)c2ccccc12,6.7959
O=C(NC12CC3CC(CC(C3)C1)C2)c1cn(CCCCCO)c2ccccc12,7.2076
COCCCCCn1cc(C(=O)NC23CC4CC(CC(C4)C2)C3)c2ccccc21,7.0862
CCCCC(C)(C)c1ccc([C@@H]2C[C@H](O)CC[C@H]2CCCO)c(O)c1,7.0706
O=C(NC12CC3CC(CC(C3)C1)C2)c1cc2ccccc2[nH]1,6.0088
CCCCCn1c(C(=O)NC23CC4CC(CC(C4)C2)C3)cc2ccccc21,6.1427
N#CCCn1c(C(=O)NC23CC4CC(CC(C4)C2)C3)cc2ccccc21,6.8239
N#CCCCn1c(C(=O)NC23CC4CC(CC(C4)C2)C3)cc2ccccc21,6.5686
N#CCCCCn1c(C(=O)NC23CC4CC(CC(C4)C2)C3)cc2ccccc21,7.1249
O=C(O)CCCCn1c(C(=O)NC23CC4CC(CC(C4)C2)C3)cc2ccccc21,5.1469
O=C(NC12CC3CC(CC(C3)C1)C2)c1cc2ccccc2n1CCCCCF,6.8539
O=C(NC12CC3CC(CC(C3)C1)C2)c1cc2ccccc2n1CCCC(F)(F)F,6.3098
O=C(NC12CC3CC(CC(C3)C1)C2)c1cc2ccccc2n1CC1CCOCC1,6.3872
O=C(NC12CC3CC(CC(C3)C1)C2)c1cc2ccccc2n1CCN1CCOC1=O,6.6576
N#CCCCCn1c(C(=O)Nc2ccccc2)cc2ccccc21,6.6990
O=C(NC12CC3CC(CC(C3)C1)C2)c1[nH]c2ccccc2c1F,5.4202
O=C(NC12CC3CC(CC(C3)C1)C2)c1cc2ccccc2n1CCCO,6.7959
O=C(NC12CC3CC(CC(C3)C1)C2)c1cc2ccccc2n1CCCCO,6.8843
O=C(NC12CC3CC(CC(C3)C1)C2)c1cc2ccccc2n1CCCCCO,7.0000
O=C(NC12CC3CC(CC(C3)C1)C2)c1c(F)c2ccccc2n1CCCCO,6.3872
O=C(NC12CC3CC(CC(C3)C1)C2)c1c(F)c2ccccc2n1CCCCCO,6.2147
O=CCCCCn1c(C(=O)NC23CC4CC(CC(C4)C2)C3)cc2ccccc21,6.7447
O=C(NC12CC3CC(CC(C3)C1)C2)c1cc2ccccc2n1CCCCC(F)F,7.0362
CC(C)(C)NC(=O)c1cc2ccccc2n1CCCCCO,6.3665
O=C(NC1CCCCC1)c1cc2ccccc2n1CCCCCO,6.3768
NCCCCn1c(C(=O)NC23CC4CC(CC(C4)C2)C3)cc2ccccc21,5.3279
NCCCCCn1c(C(=O)NC23CC4CC(CC(C4)C2)C3)cc2ccccc21,5.0655
COc1cccc2c(C(=O)NC34CC5CC(CC(C5)C3)C4)cn(CCN3CCOCC3)c12,7.7959
CSc1cccc2c(C(=O)NC34CC5CC(CC(C5)C3)C4)cn(CCN3CCOCC3)c12,7.5528
CCCCCn1cc(C(=O)C23CC4CC(CC(C4)C2)C3)c2ccccc21,7.5376
CCCCCn1cc(C(=O)CC23CC4CC(CC(C4)C2)C3)c2ccccc21,7.5376
O=C(Nc1ccc(Cl)cc1)Nc1cccc(-c2cncnc2)c1,5.4685
O=C(Nc1ccc(Cl)cc1)Nc1cccc(-c2cnc3ccccc3c2)c1,5.3872
CC(C)c1cc(C(=O)NC2C3CC4CC(C3)CC2C4)nnc1NCCO,7.0006
CCCCNc1nnc(C(=O)NC2C3CC4CC(C3)CC2C4)cc1C(C)C,7.0166
CC(C)c1cc(C(=O)NC2C3CC4CC(C3)CC2C4)nnc1NCC1CC1,6.7773
CC(C)c1cc(C(=O)NC2C3CC4CC(C3)CC2C4)nnc1NC1CCCC1,7.4632
CC(C)c1cc(C(=O)NC2C3CC4CC(C3)CC2C4)nnc1NC1CCCCC1,6.7016
CC(C)c1cc(C(=O)NC2C3CC4CC(C3)CC2C4)nnc1N1CCCCC1,5.4618
CC(C)c1cc(Nc2cccc(Cl)c2)nnc1C(=O)NC1C2CC3CC(C2)CC1C3,5.1740
CC(C)c1cc(NC(C)C(C)C)nnc1C(=O)NC1C2CC3CC(C2)CC1C3,5.5317
CC(C)c1cc(NCC2CC2)nnc1C(=O)NC1C2CC3CC(C2)CC1C3,7.3217
CC(C)c1cc(NC2CC2)nnc1C(=O)NC1C2CC3CC(C2)CC1C3,7.7662
CC(C)c1cc(NC2CCCCC2)nnc1C(=O)NC1C2CC3CC(C2)CC1C3,6.3999
CC(C)c1cc(N2CCCCC2)nnc1C(=O)NC1C2CC3CC(C2)CC1C3,7.7428
CC(C)c1cc(NCCO)nnc1C(=O)NC1C2CC3CC(C2)CC1C3,8.3050
CCCCNc1cc(C(C)C)c(C(=O)NC2C3CC4CC(C3)CC2C4)nn1,7.3067
CC(C)c1cc(NC2CCCC2)nnc1C(=O)NC1C2CC3CC(C2)CC1C3,8.2440
CC(C)c1cc(NCCO)nnc1C(=O)NC12CC3CC(CC(C3)C1)C2,7.3702
CCCCNc1cc(C(C)C)c(C(=O)NC23CC4CC(CC(C4)C2)C3)nn1,6.7975
CC(C)c1cc(NC2CCCC2)nnc1C(=O)NC12CC3CC(CC(C3)C1)C2,6.5214
CC(C)c1cc(NCCO)nnc1C(=O)NC1CCCCC1,6.0747
CC(C)c1cc(NC2CCCC2)nnc1C(=O)NC1CCCCC1,6.4708
CC(C)c1cc(C(=O)NC2C3CC4CC(C3)CC2C4)nnc1N1CCOCC1,6.3944
CC(C)c1cc(C(=O)NC23CC4CC(CC(C4)C2)C3)nnc1N1CCOCC1,6.4572
CC(C)c1cc(C(=O)NC2CCCCC2)nnc1N1CCOCC1,6.0134
CC(C)c1cc(N2CCOCC2)nnc1C(=O)NC1C2CC3CC(C2)CC1C3,8.4359
CC(C)c1cc(N2CCOCC2)nnc1C(=O)NC12CC3CC(CC(C3)C1)C2,6.4021
CC(C)c1cc(N2CCOCC2)nnc1C(=O)NC1CCCCC1,6.2262
O=C(NC1C2CC3CC(C2)CC1C3)c1ccc(N2CCOCC2)nn1,5.0744
CCCc1cc(O)c2c(c1)OC(C)(C)c1ccc(C)cc1-2,5.3206
CC1(NC(=O)c2nn(-c3c[n+]([O-])ccn3)c3c2C[C@@H]2C[C@H]32)CC1,7.0410
O=C(NC1(C(F)(F)F)CC1)c1nn(-c2c[n+]([O-])ccn2)c2c1C[C@@H]1C[C@H]21,8.2291
O=C(NC1(C(F)(F)F)CCC1)c1nn(-c2c[n+]([O-])ccn2)c2c1C[C@@H]1C[C@H]21,8.9208
CC(C)(NC(=O)c1nn(-c2c[n+]([O-])ccn2)c2c1C[C@@H]1C[C@H]21)C(F)(F)F,8.6383
CC(C)[C@@H](CF)NC(=O)c1nn(-c2c[n+]([O-])ccn2)c2c1C[C@@H]1C[C@H]21,8.4202
CC(C)(C)[C@@H](CF)NC(=O)c1nn(-c2c[n+]([O-])ccn2)c2c1C[C@@H]1C[C@H]21,8.9208
O=C(NC1(CO)CCCC1)c1nn(-c2c[n+]([O-])ccn2)c2c1C[C@@H]1C[C@H]21,8.2518
O=C(N[C@H](CO)C(F)(F)F)c1nn(-c2c[n+]([O-])ccn2)c2c1C[C@@H]1C[C@H]21,6.5528
O=C(N[C@@H](CO)C(F)(F)F)c1nn(-c2c[n+]([O-])ccn2)c2c1C[C@@H]1C[C@H]21,7.7645
O=C(N[C@H](CO)c1ccccc1)c1nn(-c2c[n+]([O-])ccn2)c2c1C[C@@H]1C[C@H]21,6.9788
CC(C)[C@@H](CO)NC(=O)c1nn(-c2c[n+]([O-])ccn2)c2c1C[C@@H]1C[C@H]21,7.3372
CC(C)(C)[C@@H](CO)NC(=O)c1nn(-c2c[n+]([O-])ccn2)c2c1C[C@@H]1C[C@H]21,8.2076
CC(C)(C)[C@@H](CO)NC(=O)c1nn(-c2cnccn2)c2c1C[C@@H]1C[C@H]21,7.2291
CC(C)(C)[C@H](CO)NC(=O)c1nn(-c2cnccn2)c2c1C[C@@H]1C[C@H]21,6.2518
CC(C)(C)[C@@H](CO)NC(=O)c1nn(-c2cnccn2)c2c1C[C@H]1C[C@@H]21,7.5850
CC/C=C\C/C=C\C/C=C\CC1OC1C/C=C\C/C=C\CCC(=O)NCCO,7.6478
CC/C=C\C/C=C\C/C=C\CC1OC1C/C=C\C/C=C\CCC(=O)NCCCO,8.1367
CC/C=C\C/C=C\C/C=C\CC1OC1C/C=C\C/C=C\CCC(=O)NC(C)CO,10.0969
CC/C=C\C/C=C\C/C=C\CC1OC1C/C=C\C/C=C\CCC(=O)NC1CC1,9.3372
CN1CCN(c2ncnc3oc(-c4ccccc4C(F)(F)F)nc23)CC1,6.8097
CCN1CCN(c2ncnc3oc(-c4ccccc4C(F)(F)F)nc23)CC1,7.0200
CC(=O)N1CCN(c2ncnc3oc(-c4ccccc4C(F)(F)F)nc23)CC1,6.5952
CN1CCN(c2ncnc3oc(-c4ccccc4Cl)nc23)CC1,6.4559
CCN1CCN(c2ncnc3oc(-c4ccccc4Cl)nc23)CC1,6.4828
CC(=O)N1CCN(c2ncnc3oc(-c4ccccc4Cl)nc23)CC1,6.1688
Cc1nc(N2CCN(C)CC2)c2nc(-c3ccccc3Cl)oc2n1,6.0315
CCN1CCN(c2nc(C)nc3oc(-c4ccccc4Cl)nc23)CC1,6.9208
Cc1ccn(Cc2ccc(F)cc2)c(=O)c1C(=O)NC1CCCCCC1,8.4752
Cc1c(Br)cn(Cc2ccc(F)cc2)c(=O)c1C(=O)NC1CCCCCC1,8.7073
Cc1c(-c2ccccc2)cn(Cc2ccc(F)cc2)c(=O)c1C(=O)NC1CCCCCC1,8.0410
COc1ccc(-c2cn(Cc3ccc(F)cc3)c(=O)c(C(=O)NC3CCCCCC3)c2C)cc1,8.1024
O=C(NC1CCCCCC1)c1c(-c2ccccc2)ccn(Cc2ccc(F)cc2)c1=O,6.5142
O=C(NC1CCCCCC1)c1c(-c2ccccc2)c(Br)cn(Cc2ccc(F)cc2)c1=O,6.4299
Cc1ccnc(OCc2ccc(F)cc2)c1C(=O)NC1CCCCCC1,7.4215
Cc1c(Br)cnc(OCc2ccc(F)cc2)c1C(=O)NC1CCCCCC1,6.1903
CN1C(=N)NC(=O)/C1=C/c1cccc(OCc2ccc(Cl)cc2)c1,4.6421
CSC1=NC(=O)/C(=C/c2cccc(OCc3ccc(Cl)cc3)c2)N1,6.2284
O=C(c1cccc2ccccc12)c1ccc(OCCCCCO)c2ccccc12,5.9666
O=C(c1cccc2ccccc12)c1ccc(OCCCCO)c2ccccc12,5.2967
O=C(c1cccc2ccccc12)c1ccc(OCCCO)c2ccccc12,4.8336
COC(=O)CCCCOc1ccc(C(=O)c2cccc3ccccc23)c2ccccc12,4.3214
COC(=O)CCCOc1ccc(C(=O)c2cccc3ccccc23)c2ccccc12,5.7721
O=C(O)CCCCOc1ccc(C(=O)c2cccc3ccccc23)c2ccccc12,4.8989
O=C(Nc1ccc(Cl)cc1)Nc1cccc(-c2cccc(N3CCCC3)c2)c1,4.3028
O=C(Nc1ccc(Cl)cc1)Nc1cccc(Nc2cccc(N3CCCC3)n2)c1,4.2790
Cc1ccc(Cn2nc(-c3ccc(C)cc3)cc(S(=O)(=O)NC3CCCCCC3)c2=O)cc1,5.5938
CCCCC/C=C\C/C=C\C/C=C\[C@@H](C)/C=C\CCCC(=O)NCCO,6.7258
CCCCC/C=C\C/C=C\C/C=C\[C@H](C)/C=C\CCCC(=O)NCCO,7.6073
CCCCC/C=C\[C@H](C)/C=C\C/C=C\C/C=C\CCCC(=O)NCCO,7.2967
CCCCC/C=C\C/C=C\C/C=C\[C@@H](C)/C=C\CCCC(=O)N[C@H](C)CO,6.9208
CCCCC/C=C\C/C=C\C/C=C\[C@H](C)/C=C\CCCC(=O)N[C@H](C)CO,7.8928
CCCCC/C=C\[C@H](C)/C=C\C/C=C\C/C=C\CCCC(=O)N[C@H](C)CO,6.7545
C[C@H](/C=C\C/C=C\C/C=C\CCCC(=O)N[C@H](C)CO)/C=C\CCCOc1ccccc1,6.5436
CCCCC/C=C\C/C=C\C/C=C\C/C=C\CCCC(=O)N[C@H](C)CO,6.6576
CCCCC/C=C\[C@H](C)/C=C\C/C=C\C/C=C\CCCC(=O)NC1CC1,8.3665
CCCCC/C=C\[C@H](C)/C=C\C/C=C\C/C=C\CCCC(=O)NC1CCC1,8.1675
CCCCC/C=C\[C@H](C)/C=C\C/C=C\C/C=C\CCCC(=O)NC1CCCC1,6.8570
C#CCNC(=O)CCC/C=C\C/C=C\C/C=C\[C@@H](C)/C=C\CCCCC,7.9508
CCCCC/C=C\[C@H](C)/C=C\C/C=C\C/C=C\CCCC(=O)NCCCl,7.9830
C[C@H](/C=C\C/C=C\C/C=C\CCCC(=O)NC1CC1)/C=C\CCCCCN=[N+]=[N-],8.0706
C[C@H](/C=C\C/C=C\C/C=C\CCCC(=O)NC1CC1)/C=C\CCCCCN=C=S,7.6556
CCNC1(C(N)=O)CCN(c2ncnc3c2nc(-c2ccccc2Cl)n3-c2ccc(Cl)cc2)CC1,5.1135
Clc1ccc(-n2c(-c3ccccc3Cl)nc3c(N4CCN(C5CCCCC5)CC4)ncnc32)cc1,6.9586
Clc1ccc(-n2c(-c3ccccc3Cl)nc3c(N4CCN(c5ccccn5)CC4)ncnc32)cc1,5.8539
COc1ccccc1N1CCN(c2ncnc3c2nc(-c2ccccc2Cl)n3-c2ccc(Cl)cc2)CC1,5.3010
Fc1ccc(N2CCN(c3ncnc4c3nc(-c3ccccc3Cl)n4-c3ccc(Cl)cc3)CC2)cc1,5.2924
Clc1ccc(-n2c(-c3ccccc3Cl)nc3c(N4CCN(Cc5ccccc5)CC4)ncnc32)cc1,6.3665
CC(c1ccccc1)N1CCN(c2ncnc3c2nc(-c2ccccc2Cl)n3-c2ccc(Cl)cc2)CC1,5.8861
N#CC(c1ccccc1)N1CCN(c2ncnc3c2nc(-c2ccccc2Cl)n3-c2ccc(Cl)cc2)CC1,6.3372
Clc1ccc(-n2c(-c3ccccc3Cl)nc3c(N4CCN(Cc5ccncc5)CC4)ncnc32)cc1,5.7696
CC(c1ccncc1)N1CCN(c2ncnc3c2nc(-c2ccccc2Cl)n3-c2ccc(Cl)cc2)CC1,5.9586
Fc1ccccc1CN1CCN(c2ncnc3c2nc(-c2ccccc2Cl)n3-c2ccc(Cl)cc2)CC1,5.6383
Cc1ccccc1CN1CCN(c2ncnc3c2nc(-c2ccccc2Cl)n3-c2ccc(Cl)cc2)CC1,5.3372
Cc1c(CN2CCN(c3ncnc4c3nc(-c3ccccc3Cl)n4-c3ccc(Cl)cc3)CC2)cnn1C,6.0044
Cc1nc(CN2CCN(c3ncnc4c3nc(-c3ccccc3Cl)n4-c3ccc(Cl)cc3)CC2)no1,5.4437
Clc1ccc(-n2c(-c3ccccc3Cl)nc3c(N4CCN(CCc5ccccc5)CC4)ncnc32)cc1,5.6778
Clc1ccc(-n2c(-c3ccccc3Cl)nc3c(N4CCN(CCc5ccncc5)CC4)ncnc32)cc1,6.2007
CS(=O)(=O)N1CCN(c2ncnc3c2nc(-c2ccccc2Cl)n3-c2ccc(Cl)cc2)CC1,5.7696
CCS(=O)(=O)N1CCN(c2ncnc3c2nc(-c2ccccc2Cl)n3-c2ccc(Cl)cc2)CC1,6.0088
CC(C)S(=O)(=O)N1CCN(c2ncnc3c2nc(-c2ccccc2Cl)n3-c2ccc(Cl)cc2)CC1,6.0088
O=S(=O)(C1CC1)N1CCN(c2ncnc3c2nc(-c2ccccc2Cl)n3-c2ccc(Cl)cc2)CC1,5.6383
CCCS(=O)(=O)N1CCN(c2ncnc3c2nc(-c2ccccc2Cl)n3-c2ccc(Cl)cc2)CC1,6.0706
O=S(=O)(CCC(F)(F)F)N1CCN(c2ncnc3c2nc(-c2ccccc2Cl)n3-c2ccc(Cl)cc2)CC1,6.3010
CC(C)CS(=O)(=O)N1CCN(c2ncnc3c2nc(-c2ccccc2Cl)n3-c2ccc(Cl)cc2)CC1,5.5528
CCCCS(=O)(=O)N1CCN(c2ncnc3c2nc(-c2ccccc2Cl)n3-c2ccc(Cl)cc2)CC1,6.3010
O=S(=O)(CC1CCCCC1)N1CCN(c2ncnc3c2nc(-c2ccccc2Cl)n3-c2ccc(Cl)cc2)CC1,7.0410
O=S(=O)(CC1CCOCC1)N1CCN(c2ncnc3c2nc(-c2ccccc2Cl)n3-c2ccc(Cl)cc2)CC1,5.5229
CC(C)(C)OC(=O)N1CCN(c2ncnc3c2nc(-c2ccccc2Cl)n3-c2ccc(Cl)cc2)CC1,5.4685
O=C(OC1CCC1)N1CCN(c2ncnc3c2nc(-c2ccccc2Cl)n3-c2ccc(Cl)cc2)CC1,5.4685
O=C(OCC1CCC1)N1CCN(c2ncnc3c2nc(-c2ccccc2Cl)n3-c2ccc(Cl)cc2)CC1,5.3372
O=C(N1CCN(c2ncnc3c2nc(-c2ccccc2Cl)n3-c2ccc(Cl)cc2)CC1)C(F)(F)F,6.8861
CCCCC(=O)N1CCN(c2ncnc3c2nc(-c2ccccc2Cl)n3-c2ccc(Cl)cc2)CC1,6.3979
CC(C)(C)CC(=O)N1CCN(c2ncnc3c2nc(-c2ccccc2Cl)n3-c2ccc(Cl)cc2)CC1,5.3010
O=C(C1CCSCC1)N1CCN(c2ncnc3c2nc(-c2ccccc2Cl)n3-c2ccc(Cl)cc2)CC1,6.2757
O=C(C1COc2ccccc2O1)N1CCN(c2ncnc3c2nc(-c2ccccc2Cl)n3-c2ccc(Cl)cc2)CC1,6.2147
O=C(CC1CCOC1)N1CCN(c2ncnc3c2nc(-c2ccccc2Cl)n3-c2ccc(Cl)cc2)CC1,5.5229
O=C(CN1CCCCC1)N1CCN(c2ncnc3c2nc(-c2ccccc2Cl)n3-c2ccc(Cl)cc2)CC1,5.3010
CC(C(=O)N1CCN(c2ncnc3c2nc(-c2ccccc2Cl)n3-c2ccc(Cl)cc2)CC1)c1ccccc1,6.2518
O=C(NC1CCCC1)N1CCN(c2ncnc3c2nc(-c2ccccc2Cl)n3-c2ccc(Cl)cc2)CC1,6.1308
O=C(NC1(C(F)(F)F)CCCC1)N1CCN(c2ncnc3c2nc(-c2ccccc2Cl)n3-c2ccc(Cl)cc2)CC1,5.8861
O=C(NC1CCCCC1)N1CCN(c2ncnc3c2nc(-c2ccccc2Cl)n3-c2ccc(Cl)cc2)CC1,6.2076
O=C(NCC1CCCCC1)N1CCN(c2ncnc3c2nc(-c2ccccc2Cl)n3-c2ccc(Cl)cc2)CC1,6.1308
O=C(Nc1ccccc1)N1CCN(c2ncnc3c2nc(-c2ccccc2Cl)n3-c2ccc(Cl)cc2)CC1,5.6198
O=C(Nc1ccccn1)N1CCN(c2ncnc3c2nc(-c2ccccc2Cl)n3-c2ccc(Cl)cc2)CC1,5.1487
O=C(Nc1ccccc1F)N1CCN(c2ncnc3c2nc(-c2ccccc2Cl)n3-c2ccc(Cl)cc2)CC1,5.8861
O=C(Nc1ccc(F)cc1F)N1CCN(c2ncnc3c2nc(-c2ccccc2Cl)n3-c2ccc(Cl)cc2)CC1,5.4949
O=C(Nc1ccc(F)c(F)c1)N1CCN(c2ncnc3c2nc(-c2ccccc2Cl)n3-c2ccc(Cl)cc2)CC1,5.3768
O=C(Nc1ccc(F)cc1)N1CCN(c2ncnc3c2nc(-c2ccccc2Cl)n3-c2ccc(Cl)cc2)CC1,5.6990
CC1=CC[C@H]2[C@H](C1)c1c(O)cc(/C(C)=N\OCCCC#N)cc1OC2(C)C,9.0485
CC1=CC[C@H]2[C@H](C1)c1c(O)cc(/C(C)=N/OCCCC#N)cc1OC2(C)C,8.4034
CC1=CC[C@H]2[C@H](C1)c1c(O)cc(/C(C)=N/OCCOc3ccccc3)cc1OC2(C)C,7.7561
CC1=CC[C@H]2[C@H](C1)c1c(O)cc(/C(C)=N\OCCCc3ccccc3)cc1OC2(C)C,8.6536
CC1=CC[C@H]2[C@H](C1)c1c(O)cc(/C(C)=N/OCCCc3ccccc3)cc1OC2(C)C,8.6756
CC1=CC[C@H]2[C@H](C1)c1c(O)cc(/C(C)=N/OCCCC(F)(F)F)cc1OC2(C)C,8.7614
CC1=CC[C@H]2[C@H](C1)c1c(O)cc(/C(C)=N/OCCCCF)cc1OC2(C)C,8.0132
CCCC(C)O/N=C(/C)c1cc(O)c2c(c1)OC(C)(C)[C@H]1CC=C(C)C[C@H]21,8.0770
CCCC(C)O/N=C(\C)c1cc(O)c2c(c1)OC(C)(C)[C@H]1CC=C(C)C[C@H]21,7.5019
CCCCO/N=C(\C)c1cc(O)c2c(c1)OC(C)(C)[C@H]1CC=C(C)C[C@H]21,7.9056
CC1=CC[C@H]2[C@H](C1)c1c(O)cc(/C(C)=N/OCCN3CCCCC3)cc1OC2(C)C,7.8922
CCCCCc1cc(O)c2c(c1)OC(C)(C)[C@H]1CC=C(C)C[C@H]21,7.2882
CC1=CC[C@H]2[C@H](C1)c1c(O)cc(/C(C)=N/OCCCn3ccnc3)cc1OC2(C)C,8.4318
CC1=CC[C@H]2[C@H](C1)c1c(O)cc(/C(C)=N/OCCN3CCOCC3)cc1OC2(C)C,9.1549
CC1=CC[C@H]2[C@H](C1)c1c(O)cc(/C(C)=N/OCCN3CCCC3)cc1OC2(C)C,8.0757
CCCCCc1cc(OC(C)=O)c2c(c1)OC(C)(C)[C@@H]1CC=C(C)C[C@@H]21,6.5435
CCCCCC1=CC(=O)C2=C(OC(C)(C)[C@@H]3CC[C@](C)(OCC)C=C23)C1=O,5.5410
CCCCCc1cc2c(c(OS(=O)(=O)c3ccc(C)cc3)c1)[C@H]1[C@@H](CC=C(C)[C@@H]1OO)C(C)(C)O2,6.2203
CCCCCc1cc2c(c(OS(=O)(=O)c3ccc(C)cc3)c1)[C@@H]1[C@H](O)C(C)=CC[C@H]1C(C)(C)O2,6.1064
CCCCCc1cc2c(c(OS(=O)(=O)c3ccc(C)cc3)c1)[C@@H]1CC(C)(OO)C=C[C@H]1C(C)(C)O2,6.2166
C=C1C[C@H]2c3c(cc(CCCCC)cc3OS(=O)(=O)c3ccc(C)cc3)OC(C)(C)[C@@H]2CC1OO,5.8366
CCCCCc1cc(O)c2c(c1)OC(C)(C)[C@@H]1C=C[C@@](C)(O)C[C@@H]21,6.4827
CCCCCc1cc(OC(C)=O)c2c(c1)OC(C)(C)C1=C2C2OC2(C)CC1,6.1832
CCCCCc1cc(O)c2c(c1)OC(C)(C)C1=C2C(O)C(C)(OC)CC1,6.3727
CCCCCc1cc(O)c2c(c1)OC(C)(C)C1=C2C(OC(C)=O)C(C)(OC)CC1,5.8538
COc1ccc(C(=O)c2cn(CCN3CCOCC3)c3ccc(O)cc23)cc1,7.1973
O=C(c1cccc2ccccc12)c1cn(CCN2CCOCC2)c2ccc(O)cc12,7.4163
O=C(c1cn(CCN2CCOCC2)c2ccc(O)cc12)C1CCCCC1,6.8893
COc1ccc(C(=O)c2cn(CC3CCOCC3)c3ccc(O)cc23)cc1,7.6385
COc1ccc(C(=O)c2cn(CC3CCOCC3)c3c(O)cccc23)cc1,6.9172
O=C(c1cccc2ccccc12)c1cn(CC2CCOCC2)c2ccc(O)cc12,7.1964
COc1ccc(C(=O)c2cn(CC3CCOCC3)c3ccc(OCC(=O)O)cc23)cc1,6.4668
COc1ccc(C(=O)c2cn(CC3CCOCC3)c3c(OCC(=O)O)cccc23)cc1,6.2352
CCCOc1ccc2c(c1)c(C(=O)c1ccc(OC)cc1)cn2CC1CCOCC1,5.8697
CCCOc1cccc2c(C(=O)c3ccc(OC)cc3)cn(CC3CCOCC3)c12,7.8792
COC(=O)CCCCOc1cccc2c(C(=O)c3ccc(OC)cc3)cn(CC3CCOCC3)c12,6.6975
COc1ccc(C(=O)c2cn(CC3CCOCC3)c3c(OCCCCC(=O)O)cccc23)cc1,5.8837
COc1ccc(C(=O)c2cn(CC3CCOCC3)c3c(OCCCCCCNC(C)=O)cccc23)cc1,5.7058
O=C(CCc1nnc(-c2ccc(F)cc2Br)o1)Nc1ccc2c(c1)c1ccccc1n2CCF,7.6021
O=C(CCc1nnc(-c2ccc(Br)cc2F)o1)Nc1ccc2c(c1)c1ccccc1n2CCF,6.4976
N#Cc1cc(F)ccc1-c1nnc(CCC(=O)Nc2ccc3c(c2)c2ccccc2n3CCF)o1,6.6596
CCOC(=O)COc1cc(C(c2ccc(Cl)cc2)c2ccc(Cl)cc2)cc2c(NC3CCN(S(=O)(=O)C(F)(F)F)CC3)ccnc12,5.4685
O=C(O)CCOCCOCCOCCOCCOCCOCCOCCOCCOCCOCCOCCOCCOc1cc(C(c2ccc(Cl)cc2)c2ccc(Cl)cc2)cc2c(NC3CCN(S(=O)(=O)C(F)(F)F)CC3)ccnc12,6.1296
COCCOCCOCCOCCOc1cc(NC2CCN(S(=O)(=O)C(F)(F)F)CC2)c2cc(C(c3ccc(Cl)cc3)c3ccc(Cl)cc3)ccc2n1,5.1308
COCCOCCOCCOCCOCCOCCOCCOc1cc(NC2CCN(S(=O)(=O)C(F)(F)F)CC2)c2cc(C(c3ccc(Cl)cc3)c3ccc(Cl)cc3)ccc2n1,5.2416
CCCCc1sc(NC(=O)C23CC4CC(CC(C4)C2)C3)c(C(=O)OC)c1C,7.3547
CCCc1c(C)sc(NC(=O)C23CC4CC(CC(C4)C2)C3)c1C(=O)OC,8.3675
CCc1c(C)sc(NC(=O)C23CC4CC(CC(C4)C2)C3)c1C(=O)OC,7.6573
CCc1sc(NC(=O)C23CC4CC(CC(C4)C2)C3)c(C(=O)OC)c1C,7.3292
COC(=O)c1c(NC(=O)C23CC4CC(CC(C4)C2)C3)sc(C)c1C,7.2660
COC(=O)c1cc(-c2ccccc2)sc1NC(=O)C12CC3CC(CC(C3)C1)C2,8.1884
CCCc1cc(C(=O)OC)c(NC(=O)C23CC4CC(CC(C4)C2)C3)s1,8.1421
COC(=O)c1cc(C)sc1NC(=O)C12CC3CC(CC(C3)C1)C2,7.6366
COC(=O)c1ccsc1NC(=O)C12CC3CC(CC(C3)C1)C2,5.8781
COC(=O)c1c(-c2ccccc2)csc1NC(=O)C12CC3CC(CC(C3)C1)C2,7.4559
CCCCCc1sc(NC(=O)C23CC4CC(CC(C4)C2)C3)c(C(=O)OC)c1-c1ccccc1,8.0953
COC(=O)c1c(NC(=O)C23CC4CC(CC(C4)C2)C3)sc2c1CCCC2,7.0546
COC(=O)c1c(NC(=O)C23CC4CC(CC(C4)C2)C3)sc2c1CCSC2,7.2950
COC(=O)c1c(NC(=O)C23CC4CC(CC(C4)C2)C3)sc2c1CCS(=O)(=O)C2,5.7763
CCc1c(C)sc(NC(=O)c2ccc(Cl)cc2)c1C(=O)OC,6.2069
CCc1c(C)sc(NC(=O)c2ccc(F)cc2)c1C(=O)OC,6.3047
COC(=O)c1cccnc1NC(=O)C12CC3CC(CC(C3)C1)C2,5.9136
COC(=O)c1[nH]ccc1NC(=O)C12CC3CC(CC(C3)C1)C2,5.6692
COC(=O)c1c(NC(=O)C23CC4CC(CC(C4)C2)C3)cnn1C,5.9658
COC(=O)c1nn(C)cc1NC(=O)C12CC3CC(CC(C3)C1)C2,6.0729
COC(=O)c1c(C)noc1NC(=O)C12CC3CC(CC(C3)C1)C2,7.1890
COC(=O)c1c(NC(=O)NC23CC4CC(CC(C4)C2)C3)sc2c1CCCC2,7.6784
COC(=O)c1c(NC(=O)N2CCOCC2)sc2c1CCCC2,5.6031
COC(=O)c1c(NC(=O)N2CCCCC2)sc2c1CCCC2,6.7084
COC(=O)c1c(NC(=O)Oc2ccccc2)sc2c1CCCC2,6.6125
CCCCCCN1C(=O)C2C3c4ccccc4C(c4ccccc43)C2C1=O,5.3878
CCCCCCCN1C(=O)C2C3c4ccccc4C(c4ccccc43)C2C1=O,5.3985
CCCCCCCCN1C(=O)C2C3c4ccccc4C(c4ccccc43)C2C1=O,5.3561
CCCCCCCN1C(=O)C2C3c4ccccc4C(Cl)(c4ccccc43)C2C1=O,5.3028
CCCCCCCN1C(=O)C2C3c4ccccc4C(C)(c4ccccc43)C2C1=O,5.7111
CCCCCCN1C(=O)C2C3c4ccccc4C(C)(c4ccccc43)C2C1=O,5.7006
CCCCCCCNCC12c3ccccc3C(c3ccccc31)C1C(=O)NC(=O)C12,5.7006
CCCCCCCOCC12c3ccccc3C(c3ccccc31)C1C(=O)NC(=O)C12,6.3420
CCCCCCCN1C(=O)C2C3c4ccccc4C(c4cc(Cl)ccc43)C2C1=O,5.4619
CCCCc1cc(O)c2c(c1)OC(C)(C)[C@@H]1CCC(C)=C[C@@H]21,7.1974
CC[C@]12CCCN(C(=O)c3cccc(Br)c3)CCc3c(n(c4ccccc34)C(=O)C1)[C@@H]2OC,4.5901
CC(C)(C)c1nc2cc(NS(C)(=O)=O)ccc2n1CC1CCC(F)(F)CC1,9.0600
CCOc1ccc(Cc2nc3cc(C(=O)N(CC)CC)ccc3n2CCNc2c3c(nc4ccccc24)CCCC3)cc1,7.4145
CCOc1ccc(Cc2nc3cc(C(=O)N(CC)CC)ccc3n2CCCNc2c3c(nc4ccccc24)CCCC3)cc1,4.5129
CCOc1ccc(Cc2nc3cc(C(=O)N(CC)CC)ccc3n2CCCCNc2c3c(nc4ccccc24)CCCC3)cc1,4.5702
CCOc1ccc(Cc2nc3cc(C(=O)N(CC)CC)ccc3n2CCCCCNc2c3c(nc4ccccc24)CCCC3)cc1,5.1367
CCOc1ccc(Cc2nc3cc(C(=O)N(CC)CC)ccc3n2CCCCCCNc2c3c(nc4ccccc24)CCCC3)cc1,5.4411
CCOc1ccc(Cc2nc3cc(C(=O)NCCNc4c5c(nc6ccccc46)CCCC5)ccc3n2CCC(C)C)cc1,5.6021
CCOc1ccc(Cc2nc3cc(C(=O)NCCCNc4c5c(nc6ccccc46)CCCC5)ccc3n2CCC(C)C)cc1,5.3010
CCOc1ccc(Cc2nc3cc(C(=O)NCCCCNc4c5c(nc6ccccc46)CCCC5)ccc3n2CCC(C)C)cc1,5.8301
CCOc1ccc(Cc2nc3cc(C(=O)NCCCCCNc4c5c(nc6ccccc46)CCCC5)ccc3n2CCC(C)C)cc1,5.3979
CCOc1ccc(Cc2nc3cc(C(=O)NCCCCCCNc4c5c(nc6ccccc46)CCCC5)ccc3n2CCC(C)C)cc1,5.0177
CCOc1ccc(Cc2nc3cc(C(=O)N(CC)CCCCNc4c5c(nc6ccccc46)CCCC5)ccc3n2CCC(C)C)cc1,5.5229
CCOc1ccc(Cc2nc3cc(C(=O)N(CC)CC)ccc3n2CCOCCOCCNc2c3c(nc4ccccc24)CCCC3)cc1,4.5421
CCOc1ccc(Cc2nc3cc(C(=O)NCCOCCOCCNc4c5c(nc6ccccc46)CCCC5)ccc3n2CCC(C)C)cc1,4.7595
CCOc1ccc(Cc2nc3cc(C(=O)NCCSSCCNc4c5c(nc6ccccc46)CCCC5)ccc3n2CCC(C)C)cc1,5.1675
CCCCCn1c(C(=O)N[C@H](C(=O)OC)C(C)C)cc2ccccc21,6.1485
CC(C)(C)[C@H](NC(=O)c1cc2ccccc2n1CCCCC(F)F)C(N)=O,5.2614
CCCCCn1c(C(=O)N[C@H](C(N)=O)C(C)C)cc2ccccc21,6.1301
CCCCCn1c(C(=O)N[C@H](C(N)=O)C(C)(C)C)cc2ccccc21,6.7218
CC(C)(C)[C@H](NC(=O)c1cn(CCCCCO)c2ncccc12)C(N)=O,7.3005
CCCCCn1cc(C(=O)N[C@H](C(N)=O)C(C)(C)C)c2cccnc21,7.9196
CCCCCn1cc(C(=O)N[C@H](C(N)=O)C(C)C)c2cccnc21,6.9152
COC(=O)[C@@H](NC(=O)c1cn(CCCCCO)c2ncccc12)C(C)(C)C,7.7207
CCCCCn1cc(C(=O)N[C@H](C(=O)OC)C(C)(C)C)c2cccnc21,8.3683
CCCCCn1cc(C(=O)N[C@H](C(=O)OC)C(C)C)c2cccnc21,7.8320
O=C(NC12CC3CC(CC(C3)C1)C2)c1cn(CCCCCO)c2ncccc12,7.3099
CCCCCn1cc(C(=O)NC23CC4CC(CC(C4)C2)C3)c2cccnc21,7.3700
CC(C)(NC(=O)c1cc2ccccc2n1CCCCCO)c1ccccc1,6.6618
CCCCCn1cc(C(=O)NC(C)(C)c2ccccc2)c2cccnc21,6.9815
CC(C)(NC(=O)c1cn(CCCCCO)c2ncccc12)c1ccccc1,6.8191
CCCCCn1nc(C(=O)NC23CC4CC(CC(C4)C2)C3)c2cccnc21,6.9168
CCCN(C)C(=O)NC1CCN(c2ncnc3c2nc(-c2ccccc2Cl)n3-c2ccc(Cl)cc2)CC1,6.2007
CCCN(CC(F)(F)F)C(=O)NC1CCN(c2ncnc3c2nc(-c2ccccc2Cl)n3-c2ccc(Cl)cc2)CC1,5.5528
CC(C)CN(C)C(=O)NC1CCN(c2ncnc3c2nc(-c2ccccc2Cl)n3-c2ccc(Cl)cc2)CC1,6.2218
COCCN(C)C(=O)NC1CCN(c2ncnc3c2nc(-c2ccccc2Cl)n3-c2ccc(Cl)cc2)CC1,5.6383
O=C(NC1CCN(c2ncnc3c2nc(-c2ccccc2Cl)n3-c2ccc(Cl)cc2)CC1)N1CCCCC1,6.3979
O=C(NC1CCCCC1)NC1CCN(c2ncnc3c2nc(-c2ccccc2Cl)n3-c2ccc(Cl)cc2)CC1,5.3372
CC1(NC(=O)NC2CCN(c3ncnc4c3nc(-c3ccccc3Cl)n4-c3ccc(Cl)cc3)CC2)CCC(F)(F)CC1,5.1249
O=C(NCC1CCCC1)NC1CCN(c2ncnc3c2nc(-c2ccccc2Cl)n3-c2ccc(Cl)cc2)CC1,5.4949
O=C(NCC1CCCCC1)NC1CCN(c2ncnc3c2nc(-c2ccccc2Cl)n3-c2ccc(Cl)cc2)CC1,5.1192
O=C(NCc1ccccc1F)NC1CCN(c2ncnc3c2nc(-c2ccccc2Cl)n3-c2ccc(Cl)cc2)CC1,6.6576
O=C(Nc1ccc(F)cc1)NC1CCN(c2ncnc3c2nc(-c2ccccc2Cl)n3-c2ccc(Cl)cc2)CC1,5.1871
CC1(NC(=O)NCc2ccccc2F)CCN(c2ncnc3c2nc(-c2ccccc2Cl)n3-c2ccc(Cl)cc2)CC1,5.9586
CC1(NS(=O)(=O)NC2CCCCC2)CCN(c2ncnc3c2nc(-c2ccccc2Cl)n3-c2ccc(Cl)cc2)CC1,6.1308
COc1ccc(-c2oc3ccccc3c2C(=O)c2ccc(OCCN(C)Cc3ccccc3)cc2)cc1,5.8706
COc1ccc(-c2oc3ccccc3c2C(=O)c2ccc(OCCCN(C)Cc3ccccc3)cc2)cc1,6.6387
COc1ccc(-c2oc3ccccc3c2C(=O)c2ccc(NCc3ccccc3)cc2)cc1,6.4750
COc1ccc(-c2oc3ccccc3c2C(=O)c2ccc(N(Cc3ccccc3)Cc3ccccc3)cc2)cc1,5.7376
COc1ccc(-c2oc3ccccc3c2C(=O)c2ccc(NCc3ccc(F)cc3)cc2)cc1,7.4269
COc1ccc(-c2oc3ccccc3c2C(=O)c2ccc(N(Cc3ccc(F)cc3)Cc3ccc(F)cc3)cc2)cc1,6.0745
COc1ccc(-c2oc3ccccc3c2C(=O)c2ccc(N(C)Cc3ccc(F)cc3)cc2)cc1,8.2843
COc1ccc(-c2oc3ccccc3c2C(=O)c2ccc(NCc3cc(F)cc(F)c3)cc2)cc1,6.2311
COc1ccc(-c2oc3ccccc3c2C(=O)c2ccc(NCc3ccccn3)cc2)cc1,5.5831
COc1ccc(-c2oc3ccccc3c2C(=O)c2ccc(NCc3ccc(C#N)cc3)cc2)cc1,7.3724
COc1ccc(CNc2ccc(C(=O)c3c(-c4ccc(OC)cc4)oc4ccccc34)cc2)cc1,5.7024
COc1ccc(-c2oc3ccccc3c2C(=O)c2ccc(NCC3CC3)cc2)cc1,6.6729
CCCCCNc1ccc(C(=O)c2c(-c3ccc(OC)cc3)oc3ccccc23)cc1,6.8700
CCCCCCCNc1ccc(C(=O)c2c(-c3ccc(OC)cc3)oc3ccccc23)cc1,6.0998
O=C(NC1CCCc2ccccc21)c1nc2ccccc2s1,5.9747
CCCCCn1/c(=N\C(=O)C23CC4CC(CC(C4)C2)C3)sc2ccccc21,7.5800
CCCCCn1/c(=N/C(=O)c2cccc3ccccc23)sc2ccccc21,7.8901
CCCCCn1/c(=N/C(=O)c2cccc(C(F)(F)F)c2)sc2ccccc21,6.5143
Cc1nc(C(C)(C)C)sc1C(=O)NC12CC3CC(CC(C3)C1)C2,5.4000
O=C(NCc1ccccc1Cl)c1nc2ccccc2s1,5.4800
CCCCCn1/c(=N/C(=O)c2ccc(C(F)(F)F)cc2)sc2ccccc21,5.6000
Cc1nc(C)c(C(=O)NC2CCCc3ccccc32)s1,6.3600
COCCn1c(Cc2ccc(Cl)c(Cl)c2)nc2cc(C(F)(F)F)ccc21,5.0000
CCCCn1c(Cc2ccc(Cl)c(Cl)c2)nc2cc(C(F)(F)F)ccc21,6.4318
CCOc1ccc(Cc2nc3cc(C(C)=O)ccc3n2CCN(CC)CC)cc1,6.0177
CN(C)CCn1c(Cc2ccc(Cl)c(Cl)c2)nc2cc(C(F)(F)F)ccc21,6.0088
CCOc1ccc(Cc2nc3cc(C(F)(F)F)ccc3n2CCN(CC)CC)cc1,6.3768
CCN(CC)CCn1c(Cc2ccccc2)nc2cc(C(F)(F)F)ccc21,5.8013
CCN(CC)CCn1c(Cc2ccc(OC)cc2)nc2cc(C(F)(F)F)ccc21,5.6840
Cc1c(CCN2CCOCC2)c2cc(Cl)ccc2n1C(=O)c1cccc(Cl)c1Cl,6.9333
Cc1c(CCN2CCOCC2)c2cc(F)ccc2n1C(=O)c1cccc(Cl)c1Cl,7.7235
Cc1c(CCN2CCOCC2)c2cc(Br)ccc2n1C(=O)c1cccc(Cl)c1Cl,7.2815
COc1ccc2c(c1)c(CCN1CCOCC1)c(C)n2C(=O)N1CCCC1,4.5784
Cc1c(CCN2CCOCC2)c2cc(Cl)ccc2n1CC(=O)NC1CC1,5.2757
Cc1c(CCN2CCOCC2)c2cc(F)ccc2n1CC(=O)NC1CC1,5.4089
Cc1c(CCN2CCOCC2)c2cc(Br)ccc2n1CC(=O)NC1CC1,5.0862
COc1ccc2c(c1)c(CCN1CCOCC1)c(C)n2CC(=O)NC1CCCCC1,4.9355
COc1ccc2c(c1)c(CCN1CCOCC1)c(C)n2CC(=O)NCc1ccc2c(c1)OCO2,4.5513
COc1ccc2c(c1)c(CCN1CCOCC1)c(C)n2CC(=O)N1CCCCC1,4.3778
Cc1c(CCN2CCOCC2)c2cc(Cl)ccc2n1CC(=O)NCC1CC1,4.8447
Cc1c(CCN2CCOCC2)c2cc(F)ccc2n1CC(=O)NCC1CC1,5.3768
Cc1c(CCN2CCOCC2)c2cc(Br)ccc2n1CC(=O)NCC1CC1,5.2676
COc1ccc2c(c1)c(CCN1CCOCC1)c(C)n2CC(=O)NC1CCCC1,5.2518
Cc1c(CCN2CCOCC2)c2cc(Cl)ccc2n1CC(=O)NC1CCCC1,4.7932
Cc1c(CCN2CCOCC2)c2cc(F)ccc2n1CC(=O)NC1CCCC1,5.2596
Cc1c(CCN2CCOCC2)c2cc(Br)ccc2n1CC(=O)NC1CCCC1,4.6946
Cc1c(CC(=O)NC2CC2)c2cc(Cl)ccc2n1CCN1CCOCC1,5.9208
Cc1c(CC(=O)NC2CC2)c2cc(F)ccc2n1CCN1CCOCC1,5.3872
Cc1c(CC(=O)NCC2CC2)c2cc(Cl)ccc2n1CCN1CCOCC1,6.2262
Cc1c(CC(=O)NCC2CC2)c2cc(F)ccc2n1CCN1CCOCC1,5.5086
Cc1c(CC(=O)NC2CCCC2)c2cc(Cl)ccc2n1CCN1CCOCC1,5.5686
Cc1c(CC(=O)NC2CCCC2)c2cc(F)ccc2n1CCN1CCOCC1,6.3223
CCCCCn1nc(C(=O)NC23CC4CC(CC(C4)C2)C3)c2ccccc21,7.0362
O=C(NC12CC3CC(CC(C3)C1)C2)c1n[nH]c2ccccc12,7.0655
O=C(NC12CC3CC(CC(C3)C1)C2)c1cn(CCN2CCOCC2)c2ncccc12,7.3188
O=C(NC12CC3CC(CC(C3)C1)C2)c1nc2ccccc2[nH]1,6.2840
CCCCCn1c(C(=O)NC23CC4CC(CC(C4)C2)C3)nc2ccccc21,6.4949
O=C(NC12CC3CC(CC(C3)C1)C2)c1cc2ncccc2[nH]1,6.2291
O=C(NC12CC3CC(CC(C3)C1)C2)c1cc2cnccc2[nH]1,5.6990
O=C(NC12CC3CC(CC(C3)C1)C2)c1cc2cccnc2[nH]1,6.5376
CCCCCn1c(C(=O)NC23CC4CC(CC(C4)C2)C3)cc2ncccc21,6.6576
CCCCCn1c(C(=O)NC23CC4CC(CC(C4)C2)C3)cc2cccnc21,6.0362
O=C(NC12CC3CC(CC(C3)C1)C2)c1nc2ccccc2n1CCCCCO,7.1739
O=C(NC12CC3CC(CC(C3)C1)C2)c1c[nH]c2ncccc12,5.1871
CCCCCn1cc(C(=O)NC23CC4CC(CC(C4)C2)C3)c2ncccc21,7.9208
CCCCCn1cc(C(=O)NC23CC4CC(CC(C4)C2)C3)c2cnccc21,6.5850
O=C(NC12CC3CC(CC(C3)C1)C2)c1nc2ccccc2n1CCN1CCOCC1,7.4437
O=C(NC12CC3CC(CC(C3)C1)C2)c1cc2cccnc2n1CCN1CCOCC1,7.1079
Clc1ccc(-n2c(-c3ccccc3Cl)nc3c(N4CCC(Nc5ccccn5)CC4)ncnc32)cc1,5.5086
CN(Cc1ccccc1)C1CCN(c2ncnc3c2nc(-c2ccccc2Cl)n3-c2ccc(Cl)cc2)CC1,5.5686
Clc1ccc(-n2c(-c3ccccc3Cl)nc3c(N4CCC(c5nc6ccccc6[nH]5)CC4)ncnc32)cc1,6.0809
CCCCC(=O)NC1CCN(c2ncnc3c2nc(-c2ccccc2Cl)n3-c2ccc(C(F)(F)F)nc2)CC1,6.3768
CC(C)(C)CC(=O)NC1CCN(c2ncnc3c2nc(-c2ccccc2Cl)n3-c2ccc(Cl)cc2)CC1,7.8239
CC(C)(C)OCCC(=O)NC1CCN(c2ncnc3c2nc(-c2ccccc2Cl)n3-c2ccc(Cl)cc2)CC1,5.3098
O=C(NC1CCN(c2ncnc3c2nc(-c2ccccc2Cl)n3-c2ccc(Cl)cc2)CC1)C1CCSCC1,5.7212
O=C(NC1CCN(c2ncnc3c2nc(-c2ccccc2Cl)n3-c2ccc(C(F)(F)F)nc2)CC1)c1ccccc1,6.1308
O=C(NC1CCN(c2ncnc3c2nc(-c2ccccc2Cl)n3-c2ccc(Cl)cc2)CC1)c1ccccc1F,5.2218
O=C(NC1CCN(c2ncnc3c2nc(-c2ccccc2Cl)n3-c2ccc(Cl)cc2)CC1)c1ccc(F)cc1,5.0000
O=C(NC1CCN(c2ncnc3c2nc(-c2ccccc2Cl)n3-c2ccc(Cl)cc2)CC1)c1ccc(F)c(F)c1,5.2291
CC(C(=O)NC1CCN(c2ncnc3c2nc(-c2ccccc2Cl)n3-c2ccc(Cl)cc2)CC1)c1ccccc1,6.8239
O=C(NC1CCN(c2ncnc3c2nc(-c2ccccc2Cl)n3-c2ccc(Cl)cc2)CC1)OC1CCC1,5.9788
O=C(NC1CCN(c2ncnc3c2nc(-c2ccccc2Cl)n3-c2ccc(Cl)cc2)CC1)OCc1ccccc1,6.1487
O=S(=O)(CCC(F)(F)F)NC1CCN(c2ncnc3c2nc(-c2ccccc2Cl)n3-c2ccc(Cl)cc2)CC1,6.3768
CCCCCS(=O)(=O)NC1CCN(c2ncnc3c2nc(-c2ccccc2Cl)n3-c2ccc(Cl)cc2)CC1,6.2441
O=S(=O)(NC1CCCCC1)NC1CCN(c2ncnc3c2nc(-c2ccccc2Cl)n3-c2ccc(Cl)cc2)CC1,6.4815
O=S(=O)(NC1CCN(c2ncnc3c2nc(-c2ccccc2Cl)n3-c2ccc(Cl)cc2)CC1)c1ccccc1F,5.0706
O=S(=O)(NC1CCN(c2ncnc3c2nc(-c2ccccc2Cl)n3-c2ccc(C(F)(F)F)nc2)CC1)c1ccccc1F,6.3979
O=S(=O)(NC1CCN(c2ncnc3c2nc(-c2ccccc2Cl)n3-c2ccc(OC(F)F)nc2)CC1)c1ccccc1F,6.7212
O=S(=O)(NC1CCN(c2ncnc3c2nc(-c2ccccc2Cl)n3-c2ccc(Cl)cc2)CC1)c1ccc(F)cc1,5.0458
O=S(=O)(NC1CCN(c2ncnc3c2nc(-c2ccccc2Cl)n3-c2ccc(OC(F)F)nc2)CC1)c1ccc(F)c(F)c1,6.0655
C=C1CC/C=C(\C)CC[C@@H]2[C@@H]1CC2(C)C,6.2726
CCCc1cc(O)c2c(c1)OC(C)(C)[C@@H]1CCC(C)=C[C@@H]21,7.2020
CCCCCc1cc(O)c2c(c1)OC(C)(CCC=C(C)C)C=C2,6.6445
C=C(C)[C@@H]1CCC(C)=C[C@H]1c1c(O)cc(CCC)cc1O,6.2411
CCCCCc1cc2c(c(O)c1C(=O)O)[C@@H]1C=C(C)CC[C@H]1C(C)(C)O2,7.2518
CC(C)=CCC/C(C)=C/Cc1c(O)cc(CCc2ccccc2)c(C(=O)O)c1O,6.0820
C/C=C\C=C/CC/C=C/C=C/C(=O)NCC(C)C,7.2441
C/C=C/C=C\CC/C=C/C=C/C(=O)NCC(C)C,5.0436
C/C=C\C=C\CC/C=C/C=C/C(=O)NCC(C)C,5.3434
CC(C)CNC(=O)/C=C/C=C/CCCCCC/C=C/c1ccc2c(c1)OCO2,4.4168
O=C(O[C@@H]1Cc2c(O)cc(O)cc2O[C@@H]1c1cc(O)c(O)c(O)c1)c1cc(O)c(O)c(O)c1,4.3686
Oc1cc(O)c2c(c1)O[C@H](c1cc(O)c(O)c(O)c1)[C@H](O)C2,3.4421
O=C(O[C@@H]1Cc2c(O)cc(O)cc2O[C@@H]1c1ccc(O)c(O)c1)c1cc(O)c(O)c(O)c1,4.0195
CCCCCCC(C)(C)c1cc(O)c2c(c1)OC(C)(C)c1cnn(-c3ccc(Cl)c(Cl)c3)c1-2,6.5686
CCCCCCC(C)(C)c1cc(O)c2c(c1)OC(C)(C)c1cnn(CCO)c1-2,6.4365
CCCCCCC(C)(C)c1cc(O)c2c(c1)OC(C)(C)c1cn(CCO)nc1-2,7.4023
CCCCCCC(C)(C)c1cc(O)c2c(c1)OC(C)(C)c1cn(CO)nc1-2,7.2262
CCCCCCC(C)(C)c1cc(O)c2c(c1)OC(C)(C)c1cnn(-c3cccc(OC)c3)c1-2,6.2503
CCCCCCC(C)(C)c1cc(O)c2c(c1)OC(C)(C)c1cnn(C3CCCCC3)c1-2,7.2700
CCCCCCC(C)(C)c1cc(OC)c2c(c1)OC(C)(C)c1cn[nH]c1-2,7.0600
CCCCCCC(C)(C)c1cc(OC)c2c(c1)OC(C)(C)c1cn(C)nc1-2,7.1778
CCCCCCC(C)(C)c1cc(OC)c2c(c1)OC(C)(C)c1cnn(CC)c1-2,6.7972
CCCCCCC(C)(C)c1cc(OC)c2c(c1)OC(C)(C)c1cn(CC)nc1-2,7.0334
CCCCCCC(C)(C)c1cc(OC)c2c(c1)OC(C)(C)c1cnn(-c3ccc(Cl)c(Cl)c3)c1-2,5.6467
CCCCCCC(C)(C)c1cc(OC)c2c(c1)OC(C)(C)c1cnn(-c3ccc(Cl)cc3Cl)c1-2,5.8259
CCCCCCC(C)(C)c1cc(OCC)c2c(c1)OC(C)(C)c1cnn(-c3ccc(Cl)c(Cl)c3)c1-2,5.4504
CCCCCCC(C)(C)c1cc(OCc2ccccc2)c2c(c1)OC(C)(C)c1cn[nH]c1-2,7.0301
CCCCCCC(C)(C)c1cc(OCc2ccccc2)c2c(c1)OC(C)(C)c1cn(C)nc1-2,6.6803
CCCCCCC(C)(C)c1cc(OCc2ccccc2)c2c(c1)OC(C)(C)c1cnn(CC)c1-2,6.5289
CCCCCCC(C)(C)c1cc(OCc2ccccc2)c2c(c1)OC(C)(C)c1cn(CC)nc1-2,6.6733
CCCCCCC(C)(C)c1cc(OCc2ccccc2)c2c(c1)OC(C)(C)c1cnn(-c3ccc(Cl)c(Cl)c3)c1-2,5.4271
CCCCCCC(C)(C)c1cc(OCCCO)c2c(c1)OC(C)(C)c1cn[nH]c1-2,7.5850
CCCCCCC(C)(C)c1cc(OCCCO)c2c(c1)OC(C)(C)c1cn(C)nc1-2,6.4389
CCCCCCC(C)(C)c1cc(OCCCO)c2c(c1)OC(C)(C)c1cnn(CC)c1-2,6.3565
CCCCCCC(C)(C)c1cc(OCCCO)c2c(c1)OC(C)(C)c1cn(CC)nc1-2,7.0114
CCCCCCC(C)(C)c1cc(OCCO)c2c(c1)OC(C)(C)c1cn[nH]c1-2,7.6655
CCCCCCC(C)(C)c1cc(OCCO)c2c(c1)OC(C)(C)c1cn(C)nc1-2,7.4001
CCCCCCC(C)(C)c1cc(OCCO)c2c(c1)OC(C)(C)c1cn(CC)nc1-2,6.6765
CCCCCCC(C)(C)c1cc(OCCCBr)c2c(c1)OC(C)(C)c1cn(C)nc1-2,7.1118
CCCCCCC(C)(C)c1cc(OCCCBr)c2c(c1)OC(C)(C)c1cn(CC)nc1-2,7.0600
CCCCCCC(C)(C)c1cc(OCCBr)c2c(c1)OC(C)(C)c1cn(CC)nc1-2,7.1040
CCCCCCC(C)(C)c1cc2c(c3c1CCCO3)-c1c(cnn1CC)C(C)(C)O2,6.2489
CCCCCCC(C)(C)c1cc2c(c3c1CCCO3)-c1nn(CC)cc1C(C)(C)O2,7.2543
CCCCCCC(C)(C)c1cc(O)c2c(c1)OC(C)(C)c1cnoc1-2,7.2993
CCCCCCC(C)(C)c1cc(OC)c2c(c1)OC(C)(C)c1cnoc1-2,7.8928
CCCCCCC(C)(C)c1cc(OCCCO)c2c(c1)OC(C)(C)c1cnoc1-2,7.1838
CCCCOC(=O)C(C)(C)c1cc(O)c2c(c1)OC(C)(C)[C@@H]1CC=C(CO)C[C@@H]21,9.0969
CCCCOC(=O)C(C)(C)c1cc(O)c2c(c1)OC(C)(C)[C@@H]1CC[C@@H](CO)C[C@@H]21,9.0158
CCCCOC(=O)C(C)(C)c1cc(O)c2c(c1)OC(C)(C)[C@@H]1CC[C@@H](O)C[C@@H]21,9.6990
CCCCOC(=O)C(C)(C)c1cc(O)c2c(c1)OC(C)(C)[C@@H]1CC[C@H](O)C[C@@H]21,8.3468
CCCCOC(=O)Cc1cc(O)c2c(c1)OC(C)(C)[C@@H]1CC[C@@H](O)C[C@@H]21,6.3645
CCCCOC(=O)Cc1cc(O)c2c(c1)OC(C)(C)[C@@H]1CC[C@H](O)C[C@@H]21,6.1349
CC1=C(C(=O)c2cccc3ccccc23)C2C=CC=C3OC[C@@H](CN4CCOCC4)N1C32,8.6021
CC1(C)C2CC[C@@H](CNC(=O)c3cc4c5cccnc5cc(-c5ccc(Cl)cc5Cl)n4n3)C1C2,7.1739
Cc1ccc(-c2cc3ncccc3c3cc(C(=O)NC4C5CC6CC(C5)CC4C6)nn23)cc1,6.8761
Cc1ccc(-c2cc3ncccc3c3cc(C(=O)NC45CC6CC(CC(C6)C4)C5)nn23)cc1,7.4815
Cc1ccc(-c2cc3ncccc3c3cc(C(=O)N[C@@H]4C[C@H](C)CC[C@H]4C(C)C)nn23)cc1,6.5528
Cc1ccc(-c2cc3ncccc3c3cc(C(=O)N[C@H]4CC5CCC4(C)C5(C)C)nn23)cc1,7.2757
Cc1ccc(-c2cc3ncccc3c3cc(C(=O)NC4C5CC(C[C@@H]4C)C5(C)C)nn23)cc1,6.6198
Cc1ccc(-c2cc3ncccc3c3cc(C(=O)NC[C@@H]4CCC5CC4C5(C)C)nn23)cc1,6.9208
Cc1ccc(-c2cc3ncccc3c3cc(C(=O)NC4CCCCC4)nn23)cc1,5.6710
Cc1ccc(-c2cc3ncccc3c3cc(C(=O)N[C@H]4C5(C)CCC(C5)C4(C)C)nn23)cc1,6.0969
CCCCCn1cc(C(=O)c2cccc3ccccc23)c2c(F)cccc21,7.4486
CCCCCn1cc(C(=O)c2cccc3ccccc23)c2cc(F)ccc21,7.1871
CCCCCn1cc(C(=O)c2cccc3ccccc23)c2ccc(F)cc21,7.7852
CCCCCn1cc(C(=O)c2cccc3ccccc23)c2cccc(F)c21,8.5686
COc1ccc(/C=C2\C=C(CCN3CCOCC3)c3ccccc32)c2ccccc12,7.5513
C1=C(CCN2CCOCC2)c2ccccc2/C1=C/c1ccc2c3c(cccc13)CC2,7.3005
CCc1ccc(/C=C2\C=C(CCN3CCOCC3)c3ccccc32)c2ccccc12,7.9451
CCCc1ccc(/C=C2\C=C(CCN3CCOCC3)c3ccccc32)c2ccccc12,8.0134
CCCCCn1c(=O)sc2cc(C(=O)C3CCCCC3)ccc21,7.3437
CCCCn1c(=O)sc2cc(C(=O)C34CC5CC(CC(C5)C3)C4)ccc21,7.2045
CCCCCn1c(=O)sc2cc(CC34CC5CC(CC(C5)C3)C4)ccc21,6.8416
CCCCCn1c(=O)sc2cc(C(O)C34CC5CC(CC(C5)C3)C4)ccc21,6.5654
CCCCCn1c(=O)sc2cc(C(OC)C34CC5CC(CC(C5)C3)C4)ccc21,6.4634
CCCCCn1c(=O)sc2cc(/C(=N\O)C34CC5CC(CC(C5)C3)C4)ccc21,6.6003
CCCCCn1c(=O)sc2cc(/C(=N\OC)C34CC5CC(CC(C5)C3)C4)ccc21,6.3585
CCCCCn1c(=O)sc2cc(C(=O)C34CC5CC(CC(C5)C3)C4)ccc21,7.6237
CCCCCCn1c(=O)sc2cc(C(=O)C34CC5CC(CC(C5)C3)C4)ccc21,7.4465
CCCCCn1c(=O)sc2cc(C(=O)C3CCCC3)ccc21,6.6778
CC(C)n1c(=O)sc2cc(C(=O)C34CC5CC(CC(C5)C3)C4)ccc21,6.5521
CCS(=O)(=O)Nc1ccc2c(c1)nc(C(C)(C)C)n2CC1CCC(F)(F)CC1,9.0605
CC(Cn1c(=O)sc2cc(C(=O)C34CC5CC(CC(C5)C3)C4)ccc21)N(C)C,6.2958
CCCCCn1c(=O)sc2ccc(C(=O)C34CC5CC(CC(C5)C3)C4)cc21,6.2792
O=C(NN1CCCCC1)c1cn(-c2ccc(Cl)cc2Cl)c(-c2ccc(C#Cc3ccc(C(F)(F)F)cc3)s2)c1CNS(=O)(=O)N1CCCC1,7.6778
CCCCn1c(=O)c(C(=O)NC23CC4CC(CC(C4)C2)C3)c(O)c2nn(C)cc21,7.5169
CCCCn1c(=O)c(C(=O)NC23CC4CC(CC(O)(C4)C2)C3)c(O)c2nn(C)cc21,7.9747
Cn1cc2c(n1)c(O)c(C(=O)NC13CC4CC(CC(C4)C1)C3)c(=O)n2CCCCF,7.6232
Cn1cc2c(n1)c(O)c(C(=O)NC13CC4CC(CC(O)(C4)C1)C3)c(=O)n2CCCCF,7.2184
CCCCCn1c(=O)c(C(=O)NC23CC4CC(CC(C4)C2)C3)c(O)c2nn(C)cc21,7.8364
CC(=O)OCCCCn1c(=O)c(C(=O)NC23CC4CC(CC(C4)C2)C3)c(O)c2nn(C)cc21,6.7219
CCCCN1C(=O)C(C(=O)NC23CC4CC(CC(C4)C2)C3)=C(O)C2C1C=NN2C,7.8523
CCCCN1C(=O)C(C(=O)NC23CC4CC(CC(O)(C4)C2)C3)=C(O)C2C1C=NN2C,7.7144
CN1N=CC2C1C(O)=C(C(=O)NC13CC4CC(CC(C4)C1)C3)C(=O)N2CCCCF,8.2565
CN1N=CC2C1C(O)=C(C(=O)NC13CC4CC(CC(O)(C4)C1)C3)C(=O)N2CCCCF,7.4337
CCCCCN1C(=O)C(C(=O)NC23CC4CC(CC(C4)C2)C3)=C(O)C2C1C=NN2C,7.8220
CCCn1c(=O)c(C(=O)NC23CC4CC(CC(C4)C2)C3)c(O)c2nn(CCO)cc21,6.7986
CCCCn1c(=O)c(C(=O)NC23CC4CC(CC(C4)C2)C3)c(O)c2nn(CCO)cc21,7.7352
CCCCCn1c(=O)c(C(=O)NC23CC4CC(CC(C4)C2)C3)c(O)c2nn(CCO)cc21,7.1871
CCCCCn1c(=O)c(C(=O)NC23CC4CC(CC(O)(C4)C2)C3)c(O)c2nn(CCO)cc21,7.2434
CCCCn1c(=O)c(C(=O)NC23CC4CC(CC(C4)C2)C3)c(O)c2c1cnn2CCO,6.8845
Cn1cc2c(n1)c(O)c(C(=O)NC13CC4CC(CC(C4)C1)C3)c(=O)n2CCCCO,6.8416
CCCn1c(=O)c(C(=O)NC23CC4CC(CC(C4)C2)C3)c(O)c2nn(CCOC(C)=O)cc21,6.7305
CCCCCc1cc(OC)cc(OCCCCCCCC(=O)NCCO)c1,7.3778
CCCCCc1cc(OC)cc(OCCCCCCCCCCC(=O)NCCO)c1,7.4789
CCCCCCC(C)(C)c1cc(OC)cc(OCCCCCCCC(=O)NCCO)c1,6.8881
CCCCCCC(C)(C)c1cc(OC)cc(OCCCCCCCCCCC(=O)NCCO)c1,6.9813
CCCCCc1cc(OC)cc(OCCCCCCCCCCC(=O)NC2CC2)c1,7.6605
CCCCCCC(C)(C)c1cc(OC)cc(OCCCCCCCC(=O)NC2CC2)c1,8.6561
CCCCCCC(C)(C)c1cc(OC)cc(OCCCCCCCCCCC(=O)NC2CC2)c1,7.5834
CCCCCc1cc(OC)cc(OCCCCCCCCCCC(=O)NCC2CC2)c1,7.9872
CCCCCCC(C)(C)c1cc(OC)cc(OCCCCCCCCCCC(=O)NCC2CC2)c1,6.4917
CCCCCCc1ccc(OC)cc1OCCCCCCCCCCC(=O)NCC1CC1,7.2034
CCCCCCc1ccc(OCCCCCCCCCCC(=O)NCC2CC2)cc1OC,7.0360
C=CCNC(=O)CCCCCCCCCCOc1cc(CCCCC)cc(OC)c1,8.1675
C=CCNC(=O)CCCCCCCOc1cc(OC)cc(C(C)(C)CCCCCC)c1,7.5058
CCCCCc1cc(OC)cc(OCCCCCCCCCCC(=O)NCC(F)(F)F)c1,7.6402
CCCCCCC(C)(C)c1cc(OC)cc(OCCCCCCCC(=O)NCC(F)(F)F)c1,7.0325
CCCCCc1cc(OC)cc(OCCCCCCCCCCC(=O)NC(CO)CO)c1,6.2236
CCCCCCC(C)(C)c1cc(OC)cc(OCCCCCCCCCCC(=O)NC(CO)CO)c1,5.8629
CCCCCc1cc(OC)cc(OCCCCCCCCCCC(=O)Nc2ccccc2)c1,6.5102
CCCCCc1cc(OCC)cc(OCCCCCCCCCCC(=O)NC2CC2)c1,8.1739
CCCCCc1cc(OCCCCCCCCCCC(=O)NC2CC2)cc(OC(C)C)c1,8.5686
CCCCCc1cc(OCCCC)cc(OCCCCCCCCCCC(=O)NC2CC2)c1,7.6676
C=CCOc1cc(CCCCC)cc(OCCCCCCCCCCC(=O)NC2CC2)c1,8.3279
CCCCCc1cccc(OCCCCCCCCCCC(=O)NC2CC2)c1,8.6744
CCCc1cc(O)c2c(c1)OC(C)(C)[C@@H]1CCC(C(=O)O)=C[C@@H]21,5.8297
CCCc1cc(O)c2c(c1)OC(C)(C)[C@@H]1CCC(CO)=C[C@@H]21,7.9268
CCCc1cc(O)c2c(c1)OC(C)(C)[C@@H]1C[C@H](O)C(C)=C[C@@H]21,6.4924
O=S(=O)(N1CCC(Nc2ncnc3ccc(C(c4ccc(Cl)cc4)c4ccc(Cl)cc4)cc23)CC1)C(F)(F)F,6.0966
OCC(CO)(CO)COc1nc(NCc2cccc(C(F)(F)F)c2)c2cc(C(c3ccc(Cl)cc3)c3ccc(Cl)cc3)ccc2n1,5.3507
O=C(COc1nc(NCc2cccc(C(F)(F)F)c2)c2cc(C(c3ccc(Cl)cc3)c3ccc(Cl)cc3)ccc2n1)NCCO,5.7772
O=S(=O)(N1CCC(Nc2nc(O)nc3ccc(C(c4ccc(Cl)cc4)c4ccc(Cl)cc4)cc23)CC1)C(F)(F)F,5.2454
O=C(NC(CO)(CO)CO)c1ccc(S(=O)(=O)N2CCC(Nc3ncnc4ccc(C(c5ccc(Cl)cc5)c5ccc(Cl)cc5)cc34)CC2)cc1,5.8327
O=C(O)c1ccc(S(=O)(=O)N2CCC(Nc3ncnc4ccc(C(c5ccc(Cl)cc5)c5ccc(Cl)cc5)cc34)CC2)cc1,6.4908
C=C(C)[C@H]1CCC(C)=C[C@@H]1c1c(O)cc(CCCCC)cc1O,6.6925
O=C1/C(=C/c2cn(Cc3ccccc3)c3ncccc23)N2CCC1CC2,6.9586
O=C1/C(=C/c2cn(Cc3ccc(Cl)cc3)c3ncccc23)N2CCC1CC2,6.9393
O=C1/C(=C/c2cn(Cc3ccc(Br)cc3)c3ncccc23)N2CCC1CC2,6.2041
O=C1/C(=C/c2cn(Cc3ccc(F)cc3)c3ncccc23)N2CCC1CC2,7.6253
Cc1ccc(C(=O)NC2CCCCCC2)c(=O)n1Cc1ccc(F)cc1,8.3549
Cc1c(Br)cc(C(=O)NC2CCCCCC2)c(=O)n1Cc1ccc(F)cc1,8.0447
Cc1c(Cl)cc(C(=O)NC2CCCCCC2)c(=O)n1Cc1ccc(F)cc1,8.4240
Cc1c(F)cc(C(=O)NC2CCCCCC2)c(=O)n1Cc1ccc(F)cc1,7.9280
Cc1c(-c2ccccc2)cc(C(=O)NC2CCCCCC2)c(=O)n1Cc1ccc(F)cc1,8.0068
COc1ccc(-c2cc(C(=O)NC3CCCCCC3)c(=O)n(Cc3ccc(F)cc3)c2C)cc1,6.9889
Cc1c(-c2ccc(F)cc2)cc(C(=O)NC2CCCCCC2)c(=O)n1Cc1ccc(F)cc1,7.8648
Cc1ccc(C(=O)NC2CCCCCC2)c(OCc2ccc(F)cc2)n1,7.7021
Cc1nc(OCc2ccc(F)cc2)c(C(=O)NC2CCCCCC2)cc1Br,8.1619
COc1ccc(-c2cc(C(=O)NC3CCCCCC3)c(OCc3ccc(F)cc3)nc2C)cc1,6.0367
Cc1nc(OCc2ccc(F)cc2)c(C(=O)NC2CCCCCC2)cc1-c1ccc(F)cc1,6.2749
CC1(C)Oc2cc(C34CC5CC(CC(C(N)=O)(C5)O3)C4)cc(O)c2[C@@H]2C[C@H](O)CC[C@H]21,6.4330
CC1(C)Oc2cc(C34CC5CC(CC(C#N)(C5)O3)C4)cc(O)c2[C@@H]2C[C@H](O)CC[C@H]21,7.4989
CC1(C)Oc2cc(C34CC5CC(CC(CN=[N+]=[N-])(C5)O3)C4)cc(O)c2[C@@H]2C[C@H](O)CC[C@H]21,8.5086
CC1(C)Oc2cc(C34CC5CC(CC(CN=C=S)(C5)O3)C4)cc(O)c2[C@@H]2C[C@H](O)CC[C@H]21,8.4437
CC1(C)Oc2cc(C34CC5CC(CC(C(N)=O)(C5)O3)C4)cc(O)c2[C@@H]2C[C@H](CO)CC[C@H]21,7.0372
CC1(C)Oc2cc(C34CC5CC(CC(CN=[N+]=[N-])(C5)O3)C4)cc(O)c2[C@@H]2C[C@H](CO)CC[C@H]21,8.6576
CC1(C)Oc2cc(C34CC5CC(CC(CN=C=S)(C5)O3)C4)cc(O)c2[C@@H]2C[C@H](CO)CC[C@H]21,8.3279
O=S(=O)(N1CCC(Nc2cnnc3ccc(C(c4ccc(Cl)cc4)c4nccs4)cc23)CC1)C(F)(F)F,6.1772
O=C(O)c1cccc(CN2CCC(Nc3cnnc4ccc(C(c5ccc(Cl)cc5)c5ccc(Cl)cc5)cc34)CC2)c1,5.1871
O=S(=O)(N1CCC(Nc2cnnc3ccc(C(c4ccc(Cl)cc4)c4ccc(Cl)cc4)cc23)CC1)C(F)(F)F,5.4753
O=C(c1cc(O)c(-c2cccc(CO)c2)c(O)c1)c1cccs1,5.0766
O=C(c1cc(O)c(-c2cc(Cl)ccc2Cl)c(O)c1)c1cccs1,6.5999
O=C(c1cc(O)c(-c2cc(C(F)(F)F)cc(C(F)(F)F)c2)c(O)c1)c1cccs1,6.1700
Cc1cccc(-c2c(O)cc(C(=O)c3cccs3)cc2O)c1,6.0110
O=C(c1cc(O)c(-c2cccc(C(F)(F)F)c2)c(O)c1)c1cccs1,6.8125
O=C(c1ccccc1)c1cc(O)c(-c2ccoc2)c(O)c1,5.7184
N#Cc1cc(-c2c(O)cc(C(=O)c3ccccc3)cc2O)ccc1F,5.6427
O=C(c1ccccc1)c1cc(O)c(-c2cccc(CO)c2)c(O)c1,5.6031
O=C(c1ccccc1)c1cc(O)c(-c2ccc3c(c2)OCCO3)c(O)c1,5.3171
O=C(c1ccccc1)c1cc(O)c(-c2cc(C(F)(F)F)cc(C(F)(F)F)c2)c(O)c1,6.4300
O=C(c1ccccc1)c1cc(O)c(-c2cc(Cl)ccc2Cl)c(O)c1,6.4400
O=C(c1ccccc1)c1cc(O)c(-c2cc(F)cc(F)c2)c(O)c1,5.7700
O=C(c1ccccc1)c1cc(O)c(-c2cccc(C(F)(F)F)c2)c(O)c1,6.6200
COc1ccc(COc2n[nH]c3ccccc23)cc1,5.3468
c1ccc2c(COc3n[nH]c4ccccc34)cccc2c1,6.3565
c1ccc2cc(COc3n[nH]c4ccccc34)ccc2c1,5.1549
Cn1nc(OCc2ccc3ccccc3c2)c2ccccc21,4.9957
COc1ccc(COc2n[nH]c3ccc([N+](=O)[O-])cc23)cc1,5.7447
O=[N+]([O-])c1ccc2[nH]nc(OCc3cccc4ccccc34)c2c1,6.0458
O=[N+]([O-])c1ccc2[nH]nc(OCc3ccc4ccccc4c3)c2c1,5.3010
Cn1nc(OCCc2ccccc2)c2cc([N+](=O)[O-])ccc21,5.9208
Cn1nc(OCc2ccc3ccccc3c2)c2cc([N+](=O)[O-])ccc21,5.4559
Cn1nc(OCc2cccc3ccccc23)c2cc([N+](=O)[O-])ccc21,6.6021
CCCn1nc(OCc2ccc3ccccc3c2)c2cc([N+](=O)[O-])ccc21,6.3279
CCCn1nc(OCc2ccc3ccccc3c2)c2cc(N)ccc21,5.5376
CCCCCn1cc(-c2nnc(C34CC5CC(CC(C5)C3)C4)o2)c(=O)c2cc(-c3ccco3)ccc21,8.1871
CCCCCn1cc(-c2nc(C34CC5CC(CC(C5)C3)C4)no2)c(=O)c2cc(-c3ccco3)ccc21,9.3979
Cn1c(C(C)(C)C)c/c(=N\C(=O)c2cc(C(F)(F)F)ccc2OCC(C)(C)O)n1C[C@H]1CCCO1,7.9752
CC(C)(O)COc1ccc(C(F)(F)F)cc1C(=O)Oc1cc(C(C)(C)C)nn1C[C@H]1CCCO1,5.8921
CC(C)(O)COc1ccc(C(F)(F)F)cc1NC(=O)c1cc(C(C)(C)C)nn1C[C@H]1CCCO1,5.2250
CC(C)(O)COc1ccc(C(F)(F)F)cc1-c1ccc2c(C(C)(C)C)nn(C[C@H]3CCCO3)c2c1,6.1710
CC(C)(O)COc1ccc(C(F)(F)F)cc1-c1ncc2c(C(C)(C)C)nn(C[C@H]3CCCO3)c2n1,7.3886
CC(C)(O)COc1ccc(C(F)(F)F)cc1-c1nnc2c(C(C)(C)C)nn(C[C@H]3CCCO3)c2n1,7.7212
CCCCCn1nc(C(=O)NC(C)(C)CO)cc1-c1ccc(F)cc1F,5.5300
CCCCCn1nc(C(C)(C)C)cc1C(=O)NC12CC3CC(CC(C3)C1)C2,4.0000
CCCCCn1nc(C(C)(C)C)cc1C(=O)NC12CC3CC(CC(O)(C3)C1)C2,4.0000
CCCCCn1nc(C(C)(C)C)cc1C(=O)NC(C)(C)C,6.5216
CCCCCn1nc(C(C)(C)C)cc1C(=O)NC(C)(C)CO,6.4968
CCCCCn1nc(C(C)(C)C)cc1C(=O)Nc1ccc(Cl)cc1,4.0000
CCCCCn1nc(C(C)(C)C)cc1C(=O)NCc1ccc(Cl)cc1,4.0000
CCCCCn1nc(C(=O)NC23CC4CC(CC(C4)C2)C3)cc1C(C)(C)C,6.7118
CCCCCn1nc(C(=O)NC23CC4CC(CC(O)(C4)C2)C3)cc1C(C)(C)C,4.0000
CCCCCn1nc(C(=O)NC(C)(C)C)cc1C(C)(C)C,7.9208
CCCCCn1nc(C(=O)NC(C)(C)CO)cc1C(C)(C)C,8.5376
CCCCCn1nc(C(=O)Nc2ccc(Cl)cc2)cc1C(C)(C)C,5.6290
CCCCCn1nc(C(=O)NCc2ccc(Cl)cc2)cc1C(C)(C)C,4.0000
CCCCCn1nc(C(=O)NC(C)(C)c2ccc(Cl)cc2)cc1C(C)(C)C,7.2441
CCCCCn1nc(C(=O)Nc2ccncc2)cc1C(C)(C)C,6.9266
CCCCCn1nc(C(=O)NC2CCCCC2)cc1C(C)(C)C,7.3372
CCCCCn1nc(C(=O)N[C@@H](C(=O)OC)C(C)(C)C)cc1C(C)(C)C,7.5834
CCCCCn1nc(C(=O)N[C@@H](C(=O)OC)C(C)C)cc1C(C)(C)C,8.1308
CCCCCn1nc(C(=O)N[C@H](C(=O)OC)C(C)C)cc1C(C)(C)C,8.1427
CCCCCn1nc(C(=O)NC(C)(C)CO)cc1C(F)(F)F,7.2692
CCCCCn1nc(C(=O)NC(C)(C)CO)cc1C(C)C,7.4145
CCCCCn1nc(C(=O)NC(C)(C)CO)cc1CC(C)(C)C,7.9208
CCCCCn1nc(C(=O)NC(C)(C)CO)cc1C1CC1,4.0000
CCCCCn1nc(C(=O)NC(C)(C)CO)cc1C1CCCCC1,4.0000
CCCCCn1nc(C(=O)NC(C)(C)CO)c(Cl)c1C(C)(C)C,8.4685
CCCCCn1nc(C(=O)NC(C)(C)CO)c(Br)c1C(C)(C)C,8.6990
CCCCCn1nc(C(=O)NC(C)(C)CO)c([N+](=O)[O-])c1C(C)(C)C,7.8761
CCCCCn1nc(C(=O)NC(C)(C)CO)c(N)c1C(C)(C)C,8.2596
CCCn1nc(C(=O)NC(C)(C)CO)cc1C(C)(C)C,6.6782
CCCCn1nc(C(=O)NC(C)(C)CO)cc1C(C)(C)C,7.9957
CCCCCCn1nc(C(=O)NC(C)(C)CO)cc1C(C)(C)C,7.8729
CC(C)(CO)NC(=O)c1cc(C(C)(C)C)n(CCCF)n1,6.7349
CC(C)(CO)NC(=O)c1cc(C(C)(C)C)n(CCCCF)n1,7.1811
CC(C)(CO)NC(=O)c1cc(C(C)(C)C)n(CCCCCF)n1,7.4389
CC(C)(CO)NC(=O)c1cc(C(C)(C)C)n(CC2CC2)n1,6.9863
COCCn1nc(C(=O)NC(C)(C)CO)cc1C(C)(C)C,4.0000
CC(C)(CO)NC(=O)c1cc(C(C)(C)C)n(-c2ccccc2)n1,4.0000
Cc1ccc(-n2nc(C(=O)NC(C)(C)CO)cc2C(C)(C)C)cc1,6.7049
CC(C)(CO)NC(=O)c1cc(C(C)(C)C)n(-c2ccc(F)cc2)n1,6.1642
CC(C)(CO)NC(=O)c1cc(C(C)(C)C)n(-c2ccc(Cl)cc2)n1,6.6910
CC(C)(CO)NC(=O)c1cc(C(C)(C)C)n(-c2ccc(C(F)(F)F)cc2)n1,4.0000
COc1ccc(-n2nc(C(=O)NC(C)(C)CO)cc2C(C)(C)C)cc1,4.0000
CC(C)(CO)NC(=O)c1cc(C(C)(C)C)n(-c2ccc(OC(F)(F)F)cc2)n1,4.0000
CC(C)(CO)NC(=O)c1cc(C(C)(C)C)n(-c2ccc(F)cc2F)n1,5.7632
CC(C)(CO)NC(=O)c1cc(C(C)(C)C)n(-c2ccccn2)n1,5.4100
CC(C)(CO)NC(=O)c1cc(C(C)(C)C)n(-c2cccnc2)n1,4.0000
CC(C)(CO)NC(=O)c1cc(C(C)(C)C)n(-c2ccc(F)cn2)n1,6.8684
CC(C)(CO)NC(=O)c1cc(C(C)(C)C)n(-c2ccc(Cl)cn2)n1,5.1359
CC(C)(CO)NC(=O)c1cc(C(C)(C)C)n(-c2ccc(C(F)(F)F)cn2)n1,7.8182
CC(C)(CO)NC(=O)c1cc(C(C)(C)C)n(-c2ncc(C(F)(F)F)cc2Cl)n1,4.0000
CC(C)(CO)NC(=O)c1cc(C(C)(C)C)n(-c2ncccn2)n1,4.0000
Cc1c(Br)cn(Cc2ccccc2Cl)c(=O)c1NC(=O)C1CCCCCC1,8.2045
Cc1c(Br)cn(Cc2ccc(F)cc2)c(=O)c1NC(=O)C1CCCCCC1,7.7696
Cc1c(Br)cn(Cc2ccccc2F)c(=O)c1NC(=O)C1CCCCCC1,8.3117
CCCn1cc(C(=O)c2ccc3c(c2)CC(C)(C)C3)c2ccccc21,6.8861
CCCCCn1cc(C(=O)c2cccc3c2CC(C)(C)C3)c2ccccc21,8.8665
CCCCCn1cc(C(=O)c2ccc3c(c2)CC(C)(C)C3)c2ccccc21,7.0273
C#CCCCn1cc(C(=O)c2ccc3c(c2)CC(C)(C)C3)c2ccccc21,7.6198
C#CCCCn1c(C)c(C(=O)c2ccc3c(c2)CC(C)(C)C3)c2ccccc21,7.2041
C=CCCCn1cc(C(=O)c2ccc3c(c2)CC(C)(C)C3)c2ccccc21,7.8069
CC(C)(C)NC(=O)c1nn(-c2ccc(F)cc2F)c2c1CC1CCC2O1,6.9686
CC(C)(C)[C@@H](CO)NC(=O)c1nn(-c2cnccn2)c2c1C[C@H]1CC[C@@H]2O1,6.3747
O=C(NC1(C(F)(F)F)CCC1)c1nn(-c2cnccn2)c2c1CC1CCC2O1,6.2434
O=C(NC12CC3CC(CC1C3)C2)c1nn(-c2cnccn2)c2c1CC1CCC2O1,7.7799
O=C(NC12CC(C1)C2)c1nn(-c2c[n+]([O-])ccn2)c2c1CC1CCC2O1,5.7493
O=C(NC12CCC(CC1)CC2)c1nn(-c2c[n+]([O-])ccn2)c2c1CC1CCC2O1,7.3143
CC(C)(C)c1nnc(-c2nn(-c3c[n+]([O-])ccn3)c3c2CC2CCC3O2)s1,6.8851
O=C(NC12CC3CC(CC1C3)C2)c1nn(-c2ccc(F)cc2F)c2c1CC1CCC2O1,9.1549
CCCCCc1cc(O)c2c(c1)OC(C)(C)[C@@H]1CCC(C)=C[C@H]21,5.3233
CCCCCc1cc(O)c2c(c1)OC(C)(C)[C@H]1CCC(C)=C[C@@H]21,6.9644
CCCCC(C)(C)c1cc(OC)c2cc(Cc3ccccc3OC)c(=O)oc2c1,6.6382
CCCCCCC(C)(C)c1cc(O)c2cc(Cc3ccccc3C)c(=O)oc2c1,6.6518
CCCCCc1cc(OC)c2cc(Cc3ccccn3)c(=O)oc2c1,7.0800
CCCCCc1cc(OC)c2cc(Cc3cccnc3)c(=O)oc2c1,7.2490
CCCCC1(c2cc(O)c3cc(Cc4cccnc4)c(=O)oc3c2)CCCC1,6.5093
CCCCC1(c2cc(O)c3cc(Cc4ccccn4)c(=O)oc3c2)CCCCC1,7.1433
CCCCC1(c2cc(O)c3cc(C)c(=O)oc3c2)CCCC1,6.0000
CCCCC1(c2cc(O)c3cc(CC)c(=O)oc3c2)CCCC1,7.2187
CCCCC1(c2cc(O)c3cc(CCC)c(=O)oc3c2)CCCC1,7.7303
CCCCc1cc2c(O)cc(C3(CCCC)CCCC3)cc2oc1=O,7.8601
CCCCC1(c2cc(O)c3cc(C)c(=O)oc3c2)CCCCC1,6.9774
CCCCC1(c2cc(O)c3cc(CC)c(=O)oc3c2)CCCCC1,7.4089
CCCCC1(c2cc(O)c3cc(CCC)c(=O)oc3c2)CCCCC1,8.1900
CCCCc1cc2c(O)cc(C3(CCCC)CCCCC3)cc2oc1=O,7.9015
O=C(Nc1cccnn1)N1CCC(=Cc2cccc(Oc3ccc(C(F)(F)F)cn3)c2)CC1,5.2924
CCCCCCC(C)(C)c1cc(O)c2c(c1)OC(C)(C)[C@@H]1CC[C@@H](CO)C[C@@H]21,8.6778
CC(C)(CCCCCCN=[N+]=[N-])c1cc(O)c2c(c1)OC(C)(C)[C@@H]1CC[C@@H](CO)C[C@@H]21,8.9837
CC1(C)Oc2cc(C3(CCCCCCN=[N+]=[N-])CCCC3)cc(O)c2[C@@H]2C[C@H](CO)CC[C@H]21,9.0969
CC1(C)Oc2cc(C3(CCCCCCCN=[N+]=[N-])CCCC3)cc(O)c2[C@@H]2C[C@H](CO)CC[C@H]21,8.8239
CC(C)(CCCCCCN=C=S)c1cc(O)c2c(c1)OC(C)(C)[C@@H]1CC[C@@H](CO)C[C@@H]21,8.3807
CC1(C)Oc2cc(C3(CCCCCCN=C=S)CCCC3)cc(O)c2[C@@H]2C[C@H](CO)CC[C@H]21,8.7273
CC1(C)Oc2cc(C3(CCCCCCCN=C=S)CCCC3)cc(O)c2[C@@H]2C[C@H](CO)CC[C@H]21,9.2045
CC(C)(CCCCCCC#N)c1cc(O)c2c(c1)OC(C)(C)[C@@H]1CC[C@@H](CO)C[C@@H]21,9.4091
CC1(C)Oc2cc(C3(CCCCCCC#N)CCCC3)cc(O)c2[C@@H]2C[C@H](CO)CC[C@H]21,8.9358
CC1(C)Oc2cc(C3(CCCCCCCC#N)CCCC3)cc(O)c2[C@@H]2C[C@H](CO)CC[C@H]21,9.3979
CC1(C)Oc2cc(C3(CCCCCCCN=[N+]=[N-])CCCC3)cc(O)c2[C@@H]2C[C@H](CN=[N+]=[N-])CC[C@H]21,8.8239
CC1(C)Oc2cc(C3(CCCCCCCN=C=S)CCCC3)cc(O)c2[C@@H]2C[C@H](CN=C=S)CC[C@H]21,8.3768
CC1(C)Oc2cc(C3(CCCCCCCC#N)CCCC3)cc(O)c2[C@@H]2C[C@H](CN=[N+]=[N-])CC[C@H]21,9.5229
CC1(C)Oc2cc(C3(CCCCCCCC#N)CCCC3)cc(O)c2[C@@H]2C[C@H](CN=C=S)CC[C@H]21,9.2218
N/C(=N/C(=N/S(=O)(=O)N1CCCCC1)N1CC(c2ccccc2)C(c2ccc(Cl)cc2)=N1)c1ccc(F)cc1,7.4437
N/C(=N/C(=N/S(=O)(=O)N1CCCCC1)N1CC(c2ccccc2)C(c2ccc(Cl)cc2)=N1)c1ccc(Cl)cc1,7.7696
N/C(=N\C(=N\S(=O)(=O)N1CCC(F)(F)CC1)N1CC(c2ccccc2)C(c2ccc(Cl)cc2)=N1)c1ccc(F)cc1,7.5528
N/C(=N\C(=N\S(=O)(=O)N1CCC(C(F)(F)F)CC1)N1CC(c2ccccc2)C(c2ccc(Cl)cc2)=N1)c1ccc(F)cc1,7.8539
CCN(CC)S(=O)(=O)/N=C(/N=C(\N)SC)N1CC(c2ccccc2)C(c2ccc(Cl)cc2)=N1,7.1549
CCN(CC)S(=O)(=O)/N=C(/N=C(\N)c1ccc(Cl)cc1)N1CC(c2ccccc2)C(c2ccc(Cl)cc2)=N1,7.1549
C/C(N)=N\C(=N\S(=O)(=O)N1CCCCC1)N1C[C@H](c2ccccc2)C(c2ccc(Cl)cc2)=N1,7.3665
CS/C(N)=N/C(=N/S(=O)(=O)N1CCC(C(F)(F)F)CC1)N1C[C@H](c2ccccc2)C(c2ccc(Cl)cc2)=N1,6.4763
CCN(CC)S(=O)(=O)/N=C(/N=C(/C)N)N1C[C@H](c2ccccc2)C(c2ccc(Cl)cc2)=N1,7.1805
N/C(=N\C(=N\S(=O)(=O)N1CCC(C(F)(F)F)CC1)N1CC(c2ccccc2)C(c2ccc(Cl)cc2)=N1)c1ccc(Cl)cc1,7.6990
CC(C)c1ccc(CC(=O)N[C@H](C)c2ccc(OCC(F)(F)F)cn2)cc1,5.2725
Cc1c(C(=O)NCCc2cccc(/N=N\c3ccccc3)c2)nn(CCCCCO)c1-c1ccccc1,5.7959
Cc1c(C(=O)NCCc2ccc(/N=N\c3ccccc3)cc2)nn(CCCCCO)c1-c1ccccc1,5.2840
Cc1c(C(=O)NCCCc2ccccc2/N=N\c2ccccc2)nn(CCCCCO)c1-c1ccccc1,5.8861
Cc1c(C(=O)NCCCc2cccc(/N=N\c3ccccc3)c2)nn(CCCCCO)c1-c1ccccc1,5.9586
Cc1c(C(=O)NCCCc2ccc(/N=N\c3ccccc3)cc2)nn(CCCCCO)c1-c1ccccc1,5.4559
Cc1c(C(=O)NCc2ccccc2/N=N/c2ccccc2)nn(CCCCCO)c1-c1ccccc1,5.4949
Cc1c(C(=O)NCCc2ccccc2/N=N/c2ccccc2)nn(CCCCCO)c1-c1ccccc1,5.6778
Cc1c(C(=O)NCCc2cccc(/N=N/c3ccccc3)c2)nn(CCCCCO)c1-c1ccccc1,5.1871
Cc1c(C(=O)NCCCc2ccccc2/N=N/c2ccccc2)nn(CCCCCO)c1-c1ccccc1,5.4685
Cc1c(C(=O)NCCCc2cccc(/N=N/c3ccccc3)c2)nn(CCCCCO)c1-c1ccccc1,5.4318
Cc1c(C(=O)Nc2cccc(/N=N/c3ccccc3)c2)nn(CCCCCO)c1-c1ccccc1,5.8239
Cc1c(C(=O)Nc2ccc(/N=N\c3ccccc3)cc2)nn(CCCCCO)c1-c1ccccc1,5.0458
Cc1c(C(=O)NCc2ccccc2/N=N\c2ccccc2)nn(CCCCCO)c1-c1ccccc1,7.1549
Cc1c(C(=O)NCc2cccc(/N=N\c3ccccc3)c2)nn(CCCCCO)c1-c1ccccc1,5.1549
Cc1c(C(=O)NCc2ccc(/N=N\c3ccccc3)cc2)nn(CCCCCO)c1-c1ccccc1,5.1612
Cc1c(C(=O)NCCc2ccccc2/N=N\c2ccccc2)nn(CCCCCO)c1-c1ccccc1,6.4437
Cc1c(C(=O)Nc2ccccc2/N=N/c2ccccc2)nn(CCCCCO)c1-c1ccccc1,5.2596
Cc1c(C(=O)Nc2ccccc2/N=N\c2ccccc2)nn(CCCCCO)c1-c1ccccc1,6.2076
Cc1c(C(=O)Nc2cccc(/N=N\c3ccccc3)c2)nn(CCCCCO)c1-c1ccccc1,6.3872
CCCCCCCc1cc(O)c2c(c1)OC(C)(C)[C@@H]1CCC(C)=C[C@@H]21,8.1612
CCCC(C)(C)c1cc(O)c2c(c1)OC(C)(C)[C@@H]1CC=C(C)C[C@@H]21,7.4000
C=C(C)[C@@H]1CCC(C)=C[C@H]1c1c(O)cc(CC)cc1O,7.5000
C=C(C)[C@@H]1CCC(C)=C[C@H]1c1c(O)cc(CCCC)cc1O,6.7000
C=C(C)[C@@H]1CCC(C)=C[C@H]1c1c(O)cc(CCCCCC)cc1O,6.9000
C=C(C)[C@@H]1CCC(C)=C[C@H]1c1c(O)cc([Si](C)(C)CCCC)cc1O,7.4302
C=C(C)[C@@H]1CCC(C)=C[C@H]1c1c(O)cc([Si](C)(C)CCCCCC)cc1O,7.5798
CC[Si](C)(C)c1cc(O)c2c(c1)OC(C)(C)[C@@H]1CCC(C)=C[C@@H]21,6.2114
CCCC[Si](C)(C)c1cc(O)c2c(c1)OC(C)(C)[C@@H]1CCC(C)=C[C@@H]21,8.0079
CCCCCC[Si](C)(C)c1cc(O)c2c(c1)OC(C)(C)[C@@H]1CCC(C)=C[C@@H]21,7.9128
CCCC[Si](C)(C)c1cc(O)c2c(c1)OC(C)(C)c1ccc(C)cc1-2,7.4363
CCCCCC[Si](C)(C)c1cc(O)c2c(c1)OC(C)(C)c1ccc(C)cc1-2,8.0710
CCCC[Si](C)(C)c1cc(O)c2c(c1)OC(C)(C)[C@@H]1CC=C(CO)C[C@@H]21,7.1330
CCCCCC[Si](C)(C)c1cc(O)c2c(c1)OC(C)(C)[C@@H]1CC=C(CO)C[C@@H]21,8.1130
CCCC[Si](C)(C)c1cc(O)c2c(c1)OC(C)(C)c1ccc(CO)cc1-2,7.5155
CCCCCC[Si](C)(C)c1cc(O)c2c(c1)OC(C)(C)c1ccc(CO)cc1-2,6.7324
CCCC[Si](C)(C)c1cc(OC)c([C@H]2C=C(CO)[C@H]3C[C@@H]2C3(C)C)c(OC)c1,6.3455
CCCCCC[Si](C)(C)c1cc(OC)c([C@H]2C=C(CO)[C@H]3C[C@@H]2C3(C)C)c(OC)c1,5.8219
CCCCCC[Si](C)(C)c1cc(O)c([C@H]2C=C(CO)[C@H]3C[C@@H]2C3(C)C)c(O)c1,7.5695
CCCC[Si](C)(C)c1cc(O)c(C2CCCC2)c(O)c1,6.8514
CCCC[Si](C)(C)c1cc(O)c(C2CCCCC2)c(O)c1,7.5500
CCCC[Si](C)(C)c1cc(O)c(C2CCCCCC2)c(O)c1,7.1353
CCCCCC[Si](C)(C)c1cc(O)c(C2CCCC2)c(O)c1,6.8624
CCCCCC[Si](C)(C)c1cc(O)c(C2CCCCC2)c(O)c1,7.6508
CCCCCC[Si](C)(C)c1cc(O)c(C2CCCCCC2)c(O)c1,7.4842
CCCC[Si](C)(C)c1cc(O)c(C2CCCC2)c(OC)c1,6.0222
CCCC[Si](C)(C)c1cc(O)c(C2CCCCC2)c(OC)c1,6.2764
CCCC[Si](C)(C)c1cc(O)c(C2CCCCCC2)c(OC)c1,6.2671
CCCCCC[Si](C)(C)c1cc(O)c(C2CCCC2)c(OC)c1,6.7021
CCCCCC[Si](C)(C)c1cc(O)c(C2CCCCC2)c(OC)c1,6.9499
CCCCCC[Si](C)(C)c1cc(O)c(C2CCCCCC2)c(OC)c1,7.1277
CC(C)(C)c1cc(NC(=O)N2CCCN2c2ccc(C(F)(F)F)cc2)on1,7.1241
CC(C)(CO)c1cc(NC(=O)N2CCCN2c2ccc(C(F)(F)F)cc2)on1,7.0738
Cc1c(C(=O)c2cccc3ccccc23)c2cccc3c2n1[C@@H](CN1CCOCC1)CO3,7.2076
O=C(NC12CC3CC(CC(C3)C1)C2)c1c[nH]c2c(Cl)ccc(Cl)c2c1=O,5.8928
CCCCn1cc(C(=O)N[C@H](C(N)=O)C(C)C)c2ccccc21,7.1101
CCCCn1cc(C(=O)N[C@H](C(N)=O)C(C)(C)C)c2ccccc21,8.3513
CCCCn1cc(C(=O)N[C@@H](Cc2ccccc2)C(N)=O)c2ccccc21,6.8299
CCCCn1nc(C(=O)N[C@H](C(N)=O)C(C)C)c2ccccc21,8.1899
CCCCn1nc(C(=O)N[C@H](C(N)=O)C(C)(C)C)c2ccccc21,8.7486
CCCCn1nc(C(=O)N[C@@H](Cc2ccccc2)C(N)=O)c2ccccc21,7.7698
CCCCn1cc(C(=O)N[C@H](C(N)=O)C(C)C)c2cccnc21,6.0501
CCCCn1cc(C(=O)N[C@H](C(N)=O)C(C)(C)C)c2cccnc21,7.3902
CCCCn1cc(C(=O)N[C@@H](Cc2ccccc2)C(N)=O)c2cccnc21,5.6600
CCCCCn1cc(C(=O)N[C@@H](Cc2ccccc2)C(N)=O)c2cccnc21,6.1179
CCN(CC)C(=O)c1ccc2c(c1)nc(Cc1ccc(OC(=O)N3CCC3)cc1)n2CCC(C)C,5.3000
CN(C)CCn1cc(C(=O)NC23CC4CC(CC(C4)C2)C3)c(=O)c2ccc(F)cc21,7.2218
Cc1s/c(=N\C(=O)C2C(C)(C)C2(C)C)n(CCCC[18F])c1C,9.3979
O=C(NC12CC3CC(CC(C3)C1)C2)c1cc2cccnc2n(CCCCF)c1=O,8.9318
COc1cccc2c(=O)c(C(=O)NC34CC5CC(CC(C5)C3)C4)cn(CCOCCC[18F])c12,9.0458
[2H]C([2H])([18F])C([2H])([2H])C([2H])([2H])OC(=O)C(CC)(CC)NC(=O)c1ccc(N2CC(OC)C2)c(OC[C@H]2C[C@@H]2CO)n1,9.2218
Cc1c(Br)cn(CCCc2cn(CCCCCn3c(C)c(Br)cc(C(=O)NC4CCCCCC4)c3=O)nn2)c(=O)c1NC(=O)C1CCCCCC1,8.0969
Cc1nc(OCCCCCn2cc(CCCn3cc(Br)c(C)c(NC(=O)C4CCCCCC4)c3=O)nn2)c(C(=O)NC2CCCCCC2)cc1Br,8.4091
Cc1c(Br)cn(Cc2cn(CCCn3c(C)c(Br)cc(C(=O)NC4CCCCCC4)c3=O)nn2)c(=O)c1NC(=O)C1CCCCCC1,6.2518
CCCCOc1c(OC)ccc2cc(C(=O)NC3CCCCC3)c(=O)[nH]c12,8.0177
COC(=O)c1c(NC(=O)C23CC4CC(CC(O)(C4)C2)C3)sc2c1CCCC2,8.4815
CC(C)(NC(=O)c1cn(CCCCCF)c2ccccc12)c1ccccc1,7.4023
CC(C)(NC(=O)c1nn(CCCCCF)c2ccccc12)c1ccccc1,7.9508
CC(C)(NC(=O)c1cn(CCCCCF)c2ncccc12)c1ccccc1,7.9469
CCCCCn1nc(C(=O)NC23CC4CC(CC(C4)C2)C3)c(C)c1-c1ccccc1,9.2007
Cc1c(C(=O)NC23CC4CC(CC(C4)C2)C3)nn(CCCCCO)c1-c1ccccc1,10.1109
CCC(C)(C)c1ccc2c(c1)OC(C)(C)C1CC=C(C)CC21,7.8539
CCCC(C)(C)c1ccc2c(c1)OC(C)(C)C1CC=C(C)CC21,8.4685
CCCCC(C)(C)c1cc(OC)c(C2C=C(CO)C3CC2C3(C)C)c(OC)c1,7.6440
CCCn1c(C)c(C(=O)c2ccc3ccccc3c2)c2ccccc21,7.8601
O=C(c1ccc2ccccc2c1)c1cn2c3c(cccc13)OCC2CN1CCOCC1,8.4815
CCCCCn1c(C)c(Br)c(C(=O)c2cccc3ccccc23)c1C,8.1675
CCCCCCC(C)(C)c1cc(O)c2c(c1)oc(=O)c1ccc(OC)cc12,8.1739
COc1cccc(C(=O)NC23CC4CC(CC(C4)C2)C3)c1,6.2924
COc1ccc(C(=O)NC23CC4CC(CC(C4)C2)C3)cc1OC,5.5229
O=C(NC12CC3CC(CC(C3)C1)C2)c1ccccc1OCc1ccccc1,7.3689
O=C(NC12CC3CC(CC(C3)C1)C2)c1cccc(OCc2ccccc2)c1,6.5045
O=C(NC12CC3CC(CC(C3)C1)C2)c1ccc(OCc2ccccc2)cc1,5.4145
COc1cccc(C(=O)NC23CC4CC(CC(C4)C2)C3)c1Cc1ccccc1,6.4641
O=C(NC12CC3CC(CC(C3)C1)C2)c1ccc(O)cc1,5.9747
COc1cccc(C(=O)NC23CC4CC(CC(C4)C2)C3)c1O,6.8150
COc1cc(Br)cc(C(=O)NC23CC4CC(CC(C4)C2)C3)c1OC,6.8554
COc1cc(Br)cc(C(=O)NC23CC4CC(CC(C4)C2)C3)c1OCc1ccccc1,5.4949
COc1ccccc1C(=O)NC12CC3CC(CC(C3)C1)C2,6.4118
CCCCCOc1ccccc1C(=O)NC12CC3CC(CC(C3)C1)C2,7.5138
O=C(NC12CC3CC(CC(C3)C1)C2)c1ccccc1OCC1CCCCC1,7.1223
COc1ccc(C(=O)NC23CC4CC(CC(C4)C2)C3)cc1,5.6108
COc1cccc(C(=O)NC23CC4CC(CC(C4)C2)C3)c1OC,7.0575
CCCCCNc1ccccc1C(=O)NC12CC3CC(CC(C3)C1)C2,6.7530
CCCCCCNc1ccccc1C(=O)NC12CC3CC(CC(C3)C1)C2,6.3141
CCCCCCCNc1ccccc1C(=O)NC12CC3CC(CC(C3)C1)C2,6.0350
CCCCCNc1ccc(Br)cc1C(=O)NC12CC3CC(CC(C3)C1)C2,6.3413
CCCCCNc1ccc(-c2ccccc2)cc1C(=O)NC12CC3CC(CC(C3)C1)C2,7.3206
CCCCCCNc1ccc(-c2ccccc2)cc1C(=O)NC12CC3CC(CC(C3)C1)C2,6.6790
CCCCCCCNc1ccc(-c2ccccc2)cc1C(=O)NC12CC3CC(CC(C3)C1)C2,5.9281
CCCCCNc1ccc(-c2cccnc2)cc1C(=O)NC12CC3CC(CC(C3)C1)C2,5.7318
CCCCCCNc1ccc(-c2cccnc2)cc1C(=O)NC12CC3CC(CC(C3)C1)C2,5.1871
CCCCCNc1ccc(-c2cccs2)cc1C(=O)NC12CC3CC(CC(C3)C1)C2,5.5850
CCCCCCNc1ccc(-c2cccs2)cc1C(=O)NC12CC3CC(CC(C3)C1)C2,6.3325
CCCCCCCNc1ccc(-c2cccs2)cc1C(=O)NC12CC3CC(CC(C3)C1)C2,6.0238
CCCCCNc1ccc(-c2ccc(F)cc2)cc1C(=O)NC12CC3CC(CC(C3)C1)C2,7.0482
CCCCCNc1ccc(-c2cccc(F)c2)cc1C(=O)NC12CC3CC(CC(C3)C1)C2,6.2143
CCCCCNc1ccc(-c2ccc(OC)cc2)cc1C(=O)NC12CC3CC(CC(C3)C1)C2,6.8294
CCCCCNc1ccc(-c2ccc(C)cc2)cc1C(=O)NC12CC3CC(CC(C3)C1)C2,6.8908
CCN(CC)C(=O)c1ccc2c(c1)nc(Cc1ccc(OC(=O)N(C)C)cc1)n2CCC(C)C,6.3603
CCN(C)C(=O)Oc1ccc(Cc2nc3cc(C(=O)N(CC)CC)ccc3n2CCC(C)C)cc1,4.9793
CCCN(C)C(=O)Oc1ccc(Cc2nc3cc(C(=O)N(CC)CC)ccc3n2CCC(C)C)cc1,5.3979
CCN(CC)C(=O)c1ccc2c(c1)nc(Cc1ccc(OC(=O)NCc3ccccc3)cc1)n2CCC(C)C,5.0000
CCN(CC)C(=O)c1ccc2c(c1)nc(Cc1ccc(OC(=O)N(C)c3ccccc3)cc1)n2CCC(C)C,5.4073
CCN(CC)C(=O)c1ccc2c(c1)nc(Cc1ccc(OC(=O)N(C)Cc3ccccc3)cc1)n2CCC(C)C,5.5925
CCOc1ccc(Cc2nc3cc(O)ccc3n2CCC(C)C)cc1,5.2786
CCOc1ccc(Cc2nc3cc(OC(=O)N(C)C)ccc3n2CCC(C)C)cc1,5.9122
CCOc1ccc(Cc2nc3cc(OC(=O)N(C)CC)ccc3n2CCC(C)C)cc1,6.2183
CCOc1ccc(Cc2nc3cc(OC(=O)N4CCCC4)ccc3n2CCC(C)C)cc1,5.8091
CCOc1ccc(Cc2nc3cc(OC(=O)N4CCC4)ccc3n2CCC(C)C)cc1,5.9957
CCOc1ccc(Cc2nc3cc(OC(=O)NC4CC4)ccc3n2CCC(C)C)cc1,5.9978
CC(C)(C)OC(=O)NCCOCCOc1ccc(-c2cc(=O)c3ccccc3o2)cc1,5.3468
Cc1cc([N+](=O)[O-])c2oc(-c3ccc(OCCOCCNC(=O)OC(C)(C)C)cc3)cc(=O)c2c1,6.1169
CC(C)(C)OC(=O)NCCOCCOc1ccc(-c2cc(=O)c3c(OCc4ccccc4)cccc3o2)cc1,5.6990
NCCOCCOc1ccc(-c2cc(=O)c3ccccc3o2)cc1,7.6990
O=C1CC(c2nc(-c3ccccc3)no2)CCCN1c1ccc(F)cc1,5.5508
CCCCCCC(C)(C)c1ccc([C@@H]2C[C@H](O)CC[C@H]2c2cccc(O)c2)c(O)c1,8.1079
O=C1CC(c2nc(-c3ccc(F)cc3)no2)CCCN1c1ccc(F)cc1,5.8561
O=C1CC(c2nc(-c3cccc(F)c3)no2)CCCN1c1ccc(F)cc1,5.6732
Cc1cc(F)ccc1-c1noc(C2CCCN(c3ccc(F)cc3)C(=O)C2)n1,5.4810
COc1cc(F)ccc1-c1noc(C2CCCN(c3ccc(F)cc3)C(=O)C2)n1,6.3513
O=C1CC(c2nc(-c3ccc(F)c4ccccc34)no2)CCCN1c1ccc(F)cc1,5.9174
O=C1CC(c2nc(-c3ccc(F)c4cc[nH]c34)no2)CCCN1c1ccc(F)cc1,6.3473
O=C1CC(c2nc(-c3ccc(F)c4cn[nH]c34)no2)CCCN1c1ccc(F)cc1,7.3749
O=C1C[C@@H](c2nc(-c3ccc(F)c4cn[nH]c34)no2)CCCN1c1ccc(F)cc1,7.2314
O=C1C[C@H](c2nc(-c3ccc(F)c4cn[nH]c34)no2)CCCN1c1ccc(F)cc1,7.4584
O=C1CC(c2nc(-c3ccc(F)c4cn[nH]c34)no2)CCCN1c1ccccc1,6.5227
O=C1CC(c2nc(-c3ccc(F)c4cn[nH]c34)no2)CCCN1c1ccc(Cl)cc1,6.0939
Cc1ccc(N2CCCC(c3nc(-c4ccc(F)c5cn[nH]c45)no3)CC2=O)cc1,5.8684
COc1ccc(N2CCCC(c3nc(-c4ccc(F)c5cn[nH]c45)no3)CC2=O)cc1,5.9165
O=C1CC(c2nc(-c3ccc(F)c4cn[nH]c34)no2)CCCN1c1ccc(OC(F)(F)F)cc1,5.6877
O=C1CC(c2nc(-c3ccc(F)c4cn[nH]c34)no2)CCCN1c1cccc(F)c1,5.8828
O=C1CC(c2nc(-c3ccc(F)c4cn[nH]c34)no2)CCCN1c1ccccc1F,7.3429
O=C1CC(c2nc(-c3ccc(F)c4cn[nH]c34)no2)CCCN1c1ccc(F)cc1F,6.9566
O=C1CC(c2nc(-c3ccc(F)c4cn[nH]c34)no2)CCCN1c1ccc(F)c(F)c1,6.4974
O=C1CC(c2nc(-c3ccc(F)c4cn[nH]c34)no2)CCCN1c1cccc(F)c1F,6.4782
O=C1CC(c2nc(-c3ccc(F)c4cn[nH]c34)no2)CCCN1c1cc(F)c(F)c(F)c1,6.4706
C[C@@H](NC(=O)c1nn(-c2ccccc2Cl)c(-c2ccc(Cl)cc2)c1Cc1nn[nH]n1)c1ccc(C(F)(F)F)cc1,5.3468
NC(=O)Cc1c(C(=O)N2CCC(O)(c3ccc(F)cc3)CC2)nn(-c2ccccc2Cl)c1-c1ccc(Cl)cc1,5.1024
CC(=O)N/C(N)=N/C(=N/S(=O)(=O)c1ccc(Cl)cc1)N1C[C@H](c2ccccc2)C(c2ccc(Cl)cc2)=N1,6.3224
CC(=O)N/C(N)=N/C(=N/S(=O)(=O)c1ccc(I)cc1)N1C[C@H](c2ccccc2)C(c2ccc(Cl)cc2)=N1,6.9208
CC(=O)N/C(N)=N/C(=N/S(=O)(=O)c1ccc2ccccc2c1)N1C[C@H](c2ccccc2)C(c2ccc(Cl)cc2)=N1,6.3206
CC(=O)N/C(N)=N/C(=N/S(=O)(=O)c1ccc(OC(F)(F)F)cc1)N1C[C@H](c2ccccc2)C(c2ccc(Cl)cc2)=N1,6.6421
CC(=O)N/C(N)=N/C(=N/S(=O)(=O)N1CCC(C(F)(F)F)CC1)N1C[C@H](c2ccccc2)C(c2ccc(Cl)cc2)=N1,7.7447
C=C1[C@@H]2CC[C@@H](C2)[C@@]1(C)CC/C=C(/C)CO,5.0867
O=C(c1ccc(OCCN2CCCCC2)cc1)c1c(-c2ccc(O)cc2)sc2cc(O)ccc12,6.6198
C/C(=C/CC[C@]1(C)[C@H]2C[C@@H]3[C@@H](C2)[C@]31C)CN1CCN(C)CC1,6.0044
C/C(=C/CC[C@]1(C)[C@H]2CC3[C@H](C2)[C@]31C)CO,4.9792
Cn1c(=O)c2c(nc(NCCc3c[nH]c4ccccc34)n2Cc2ccccc2Br)n(C)c1=O,5.7721
Cn1c(=O)c2c(nc(NCCc3c[nH]c4ccccc34)n2Cc2cccc(Cl)c2)n(C)c1=O,6.0477
Cn1c(=O)c2c(nc(NCCc3c[nH]c4ccccc34)n2Cc2cccc(Br)c2)n(C)c1=O,6.4634
Cc1ccc(Cn2c(NCCc3c[nH]c4ccccc34)nc3c2c(=O)n(C)c(=O)n3C)cc1,6.0825
CC(C)c1ccc(Cn2c(NCCc3c[nH]c4ccccc34)nc3c2c(=O)n(C)c(=O)n3C)cc1,6.8239
Cn1c(=O)c2c(nc(NCCc3c[nH]c4ccccc34)n2Cc2ccc(Cl)cc2)n(C)c1=O,6.3179
O=C(NN1CCCCC1)c1nc(-c2ccc(Cl)cc2Cl)n(-c2ccc(Cl)cc2)n1,5.4483
CC(=O)OCCCCn1cccc1C(=O)c1ccccc1Cl,5.5016
O=C(NCc1ccccc1)c1cccn1Cc1ccc(F)cc1,5.7442
Cc1ccc(NC(=O)c2cccn2Cc2ccc(F)cc2)cc1,6.2240
O=C(c1ccccc1Cl)c1cccn1CC12CC3CC(CC(C3)C1)C2,5.7743
CC(=O)Oc1cccc(Cn2cccc2C(=O)c2ccccc2Cl)c1,5.4072
O=C(Nc1cccc2ccccc12)c1cccn1Cc1ccc(F)cc1,6.4089
O=C(Nc1cccc(CO)c1)c1cccn1Cc1ccc(F)cc1,6.2003
O=C(NC12CC3CC(CC(C3)C1)C2)c1cccn1Cc1ccc(F)cc1,7.1549
O=C(NCc1ccco1)c1cccn1Cc1ccc(-c2ccccc2)cc1,6.2355
O=C(Nc1cccc(-c2ccccc2)c1)c1cccn1Cc1ccc(F)cc1,6.7959
Cc1ccc(CC2CN(C(=O)C3C(C)(C)[C@@H]4CC[C@]3(C)C4)N=C2c2ccc(Cl)c(C)c2)cc1,6.7212
C=C(C)[C@@H]1CCC(C)=C[C@H]1c1c(O)cc(C2(CCCC)CC2)c(C(N)=O)c1O,6.3191
C=C(C)[C@@H]1CCC(C)=C[C@H]1c1ccc(C2CC2)c(C(N)=O)c1O,6.2515
C=C(C)[C@@H]1CCC(C)=C[C@H]1c1c(O)cc(C2(CCCC)CC2)c(C(=O)N(C)C)c1O,6.1222
C=C(C)[C@@H]1CCC(C)=C[C@H]1c1c(O)cc(CCCCC)c(C(=O)N(C)C)c1O,5.9941
C=C(C)[C@@H]1CCC(C)=C[C@H]1c1c(O)cc(C2CCCC2)cc1O,6.9488
C=C(C)[C@@H]1CCC(C)=C[C@H]1c1c(O)cc(C2CCCCC2)cc1O,7.2581
C=C(C)[C@@H]1CCC(C)=C[C@H]1c1c(O)cc(C(=O)CCCC)cc1O,5.3292
COC(=O)[C@H](C)NC(=O)c1cn(CCCCCF)c2ccccc12,7.2278
COC(=O)[C@@H](C)NC(=O)c1cn(CCCCCF)c2ccccc12,6.3203
COC(=O)[C@H](NC(=O)c1cn(CCCCCF)c2ccccc12)C(C)C,7.7902
COC(=O)[C@H](CO)NC(=O)c1cn(CCCCCF)c2ccccc12,6.2021
COC(=O)[C@@H](NC(=O)c1cn(CCCCCF)c2ccccc12)[C@@H](C)O,6.8299
COC(=O)[C@H](NC(=O)c1cn(CCCCCF)c2ccccc12)[C@H](C)O,7.0298
COC(=O)[C@@H]1CCCN1C(=O)c1cn(CCCCCF)c2ccccc12,7.8714
COC(=O)[C@H](CC(C)C)NC(=O)c1cn(CCCCCF)c2ccccc12,8.1476
COC(=O)[C@@H](CC(C)C)NC(=O)c1cn(CCCCCF)c2ccccc12,7.2721
CC[C@H](C)[C@H](NC(=O)c1cn(CCCCCF)c2ccccc12)C(=O)OC,7.7184
CC[C@@H](C)[C@@H](NC(=O)c1cn(CCCCCF)c2ccccc12)C(=O)OC,7.5709
COC(=O)[C@H](NC(=O)c1cn(CCCCCF)c2ccccc12)C(C)(C)C,7.2490
COC(=O)[C@H](Cc1ccccc1)NC(=O)c1cn(CCCCCF)c2ccccc12,8.1301
COC(=O)[C@@H](Cc1ccccc1)NC(=O)c1cn(CCCCCF)c2ccccc12,6.2311
COC(=O)[C@H](Cc1ccc(O)cc1)NC(=O)c1cn(CCCCCF)c2ccccc12,7.0585
COC(=O)[C@@H](CCCCN)NC(=O)c1cn(CCCCCF)c2ccccc12,5.8981
COC(=O)[C@H](CCSC)NC(=O)c1cn(CCCCCF)c2ccccc12,7.2224
COC(=O)[C@@H](CCSC)NC(=O)c1cn(CCCCCF)c2ccccc12,7.0211
COC(=O)[C@H](CCC(N)=O)NC(=O)c1cn(CCCCCF)c2ccccc12,6.7006
COC(=O)[C@@H](CCC(N)=O)NC(=O)c1cn(CCCCCF)c2ccccc12,6.3508
COC(=O)[C@@H](NC(=O)c1cn(CCCCCF)c2ccccc12)C(C)C,8.3386
COC(=O)[C@@H](NC(=O)c1cn(CCCCCF)c2ccccc12)C(C)(C)C,8.1304
O=C1[C@H](c2ccccc2)[C@@H](c2ccccc2)N1C1CCN(C(=O)n2cncn2)CC1,5.6778
[2H]C([2H])([2H])Oc1cc(C(=O)Nc2cc3c(cc2Oc2cc(C)cc(C)c2)C(=O)N[C@@H](CC(=O)N(OC([2H])([2H])[2H])C([2H])([2H])[2H])C(=O)N3)c(Br)c(OC([2H])([2H])[2H])c1OC([2H])([2H])[2H],5.3279
O=C1NC2(CCCCC2)Oc2cc(OS(=O)(=O)c3ccccc3[N+](=O)[O-])ccc21,5.6700
CN1C(=O)c2ccc(OS(=O)(=O)c3cccc4ccccc34)cc2OC1(C)C,5.5300
Cc1ccc(S(=O)(=O)Oc2ccc3c(c2)OC(C)(C)N(Cc2ccc(F)cc2)C3=O)cc1,6.7100
COc1cccc(S(=O)(=O)Oc2ccc3c(c2)OC2(CCCCC2)N(CCCCC#N)C3=O)c1,6.1100
Cn1ccc(S(=O)(=O)Oc2ccc3c(c2)OC2(CCCCC2)N(Cc2ccc(C#N)cc2)C3=O)n1,6.4300
O=C1c2ccc(OS(=O)(=O)c3cccs3)cc2OC2(CCCCC2)N1Cc1ccccc1,6.9643
N#Cc1cccc(S(=O)(=O)Oc2ccc3c(c2)OC2(CCCCC2)N(Cc2ccccc2)C3=O)c1,6.4500
COc1ccc(S(=O)(=O)Oc2ccc3c(c2)OC2(CCCCC2)N(Cc2ccccc2)C3=O)cc1,5.8300
N#Cc1ccc(S(=O)(=O)Oc2ccc3c(c2)OC2(CCCCC2)N(Cc2ccccc2)C3=O)cc1,6.5400
Cn1cnc(S(=O)(=O)Oc2ccc3c(c2)OC2(CCCCC2)N(Cc2ccccc2)C3=O)c1,6.0000
O=C1c2ccc(OS(=O)(=O)Cc3ccccc3)cc2OC2(CCCCC2)N1Cc1ccccc1,6.1200
COc1cccc(S(=O)(=O)Oc2ccc3c(c2)OC2(CCCCC2)N(Cc2ccccc2)C3=O)c1,6.3800
O=C1c2ccc(OS(=O)(=O)c3cccc([N+](=O)[O-])c3)cc2OC2(CCOCC2)N1Cc1ccccc1,6.6900
CC(C)(C)c1nc(N2CCC(F)(F)C2)c2ncn(Cc3ccc(Cl)cc3)c2n1,7.9355
CC(C)(C)c1nc(N2CCC(F)(F)C2)c2ncn(Cc3ccccc3Cl)c2n1,9.2218
Cc1ccc(Cn2cnc3c(N4CCC(F)(F)C4)nc(C(C)(C)C)nc32)cc1,7.7423
CC(C)(C)c1nc(N2CCC(F)(F)C2)c2ncn(Cc3ccc(F)cc3Cl)c2n1,8.5086
CC(C)(C)c1nc(N2CCC(F)(F)C2)c2ncn(Cc3ccccc3C(F)(F)F)c2n1,9.1549
CC(C)(C)c1nc(N2CCC(F)(F)C2)c2ncn(Cc3cccnc3Cl)c2n1,9.3010
Cc1noc(Cn2cnc3c(N4CCC(F)(F)C4)nc(C(C)(C)C)nc32)n1,7.4597
CC(C)(C)c1nc(N2CCC(F)(F)C2)c2ncn(CC3CCCCC3)c2n1,7.1232
CCn1cnc2c(N3CCC(F)(F)C3)nc(C(C)(C)C)nc21,7.3116
CCCn1cnc2c(N3CCC(F)(F)C3)nc(C(C)(C)C)nc21,7.3028
Cc1nnc(Cn2cnc3c(N4CCC(F)(F)C4)nc(C(C)(C)C)nc32)o1,7.2097
CC(C)(C)c1nc(N2CCC(F)(F)C2)c2ncn(C3CCOC3)c2n1,8.5086
CC(C)(C)c1nc(N2CCC(F)(F)C2)c2ncn(CCc3ccccc3)c2n1,8.2676
Cn1nnnc1Cn1cnc2c(N3CCC(F)(F)C3)nc(C(C)(C)C)nc21,7.6383
COCCn1cnc2c(N3CCC(F)(F)C3)nc(C(C)(C)C)nc21,7.6289
Cc1nonc1Cn1cnc2c(N3CCC(F)(F)C3)nc(C(C)(C)C)nc21,8.2218
CC(C)(C)c1nc(N2CCC(F)(F)C2)c2ncn(CC(=O)c3ccccc3Cl)c2n1,8.4559
CC(C)(C)c1nc(N2CCC(F)(F)C2)c2ncn(Cc3ccccc3S(C)(=O)=O)c2n1,8.4815
CC(C)(C)c1nc(N2CCC(F)(F)C2)c2ncn(CCC(F)(F)F)c2n1,7.4535
COc1ccc(Cn2cnc3c(N4CCC(F)(F)C4)nc(C(C)(C)C)nc32)cc1,7.9031
CC(C)(C)c1nc(N2CCC(F)(F)C2)c2ncn(Cc3ncccc3Cl)c2n1,8.6576
CC(C)(C)c1nc(N2CCC(O)C2)c2ncn(Cc3ccccc3Cl)c2n1,8.2441
CC(C)(C)c1nc(N2CCC(F)(F)C2)c2ncn(CCc3cccnc3)c2n1,8.3565
CC(C)(C)c1nc(N2CCC(F)(F)C2)c2ncn(CC(=O)c3ccccn3)c2n1,7.1599
CC(C)(C)c1nc(N2CCC(O)C2)c2ncn(Cc3cccc(Cl)c3)c2n1,7.2306
CC(C)(C)c1nc(N2CCC(O)C2)c2ncn(Cc3ccc(Cl)cc3)c2n1,7.3080
CC(C)(C)c1nc(N2CCC(F)(F)C2)c2ncn(C3CS(=O)(=O)C3)c2n1,7.8508
CC(C)(C)c1nc(N2CCC(O)C2)c2ncn(Cc3ccccc3C(F)(F)F)c2n1,9.0000
Cc1noc(Cn2cnc3c(N4CCC(O)C4)nc(C(C)(C)C)nc32)n1,6.3694
Cn1nnnc1Cn1cnc2c(N3CCC(O)C3)nc(C(C)(C)C)nc21,6.5219
COc1ccc(Cn2cnc3c(N4CCC(O)C4)nc(C(C)(C)C)nc32)cc1,7.6696
CC(C)(C)c1nc(N2CCC(O)C2)c2ncn(Cc3ncccc3Cl)c2n1,8.4685
CC(C)(C)c1nc(N2CCC(O)C2)c2ncn(Cc3cccnc3Cl)c2n1,8.4685
CC(C)(C)c1nc(N2CCC(O)C2)c2ncn(Cc3ccccc3S(C)(=O)=O)c2n1,8.0458
CCn1cnc2c(N3CCC(O)C3)nc(C(C)(C)C)nc21,6.3640
CCCn1cnc2c(N3CCC(O)C3)nc(C(C)(C)C)nc21,6.8228
COCCn1cnc2c(N3CCC(O)C3)nc(C(C)(C)C)nc21,6.5618
CC(C)(C)c1nc(N2CCC(O)C2)c2ncn(CCc3ccccc3)c2n1,7.6925
Cc1ccc(Cn2cnc3c(N4CCC(O)C4)nc(C(C)(C)C)nc32)cc1,7.7721
CC(C)(C)c1nc(N2CCC(O)C2)c2ncn(CC3CCCCC3)c2n1,7.1475
CC(C)(C)c1nc(N2CCC(F)(F)C2)c2ncn(Cc3c[nH]nc3C(F)(F)F)c2n1,8.0362
CC(C)(C)c1nc(N2CCC(O)C2)c2ncn(Cc3ccc(F)cc3Cl)c2n1,8.4318
Cc1nonc1Cn1cnc2c(N3CCC(O)C3)nc(C(C)(C)C)nc21,7.7799
CC(C)(C)c1nc(N2CCC(O)C2)c2ncn(Cc3c[nH]nc3C(F)(F)F)c2n1,7.8297
CC(C)(C)c1nc(N2CCC(O)C2)c2ncn(CCC(F)(F)F)c2n1,7.3045
CC(C)(C)c1nc(N2CCC(O)C2)c2ncn(C3CCOC3)c2n1,6.8557
CC(C)(C)c1nc(N2CCC(O)C2)c2ncn(CC(=O)c3ccccc3Cl)c2n1,6.9935
CC(=O)N[C@H]1CCN(c2nc(C(C)(C)C)nc3c2ncn3Cc2ccccc2Cl)C1,6.8955
CC(=O)N[C@H]1CCN(c2nc(C(C)(C)C)nc3c2ncn3Cc2cccc(Cl)c2)C1,6.5074
CC(=O)N[C@H]1CCN(c2nc(C(C)(C)C)nc3c2ncn3Cc2ccc(Cl)cc2)C1,6.2721
CC(=O)N[C@H]1CCN(c2nc(C(C)(C)C)nc3c2ncn3Cc2ccccc2C(F)(F)F)C1,7.1891
CC(=O)N[C@H]1CCN(c2nc(C(C)(C)C)nc3c2ncn3Cc2ccccc2S(C)(=O)=O)C1,6.6394
CC(=O)N[C@H]1CCN(c2nc(C(C)(C)C)nc3c2ncn3Cc2cccnc2Cl)C1,6.7562
CC(=O)N[C@H]1CCN(c2nc(C(C)(C)C)nc3c2ncn3Cc2ncccc2Cl)C1,6.4109
CC(=O)N[C@H]1CCN(c2nc(C(C)(C)C)nc3c2ncn3Cc2nonc2C)C1,6.8608
CC(C)(C)c1nc(N2CCC3(COC3)C2)c2ncn(Cc3ccccc3Cl)c2n1,7.2534
CC(C)(C)c1nc(N2CCC3(COC3)C2)c2ncn(Cc3cccc(Cl)c3)c2n1,6.3311
CC(C)(C)c1nc(N2CCC3(COC3)C2)c2ncn(Cc3ccc(Cl)cc3)c2n1,6.2960
CC(C)(C)c1nc(N2CCC3(COC3)C2)c2ncn(Cc3ccccc3C(F)(F)F)c2n1,7.7773
CC(C)(C)c1nc(N2CCC3(COC3)C2)c2ncn(Cc3ccccc3S(C)(=O)=O)c2n1,6.7575
CC(C)(C)c1nc(N2CCC3(COC3)C2)c2ncn(Cc3cccnc3Cl)c2n1,7.5287
Cc1nonc1Cn1cnc2c(N3CCC4(COC4)C3)nc(C(C)(C)C)nc21,6.8368
COCCn1cnc2c(N3CCC4(COC4)C3)nc(C(C)(C)C)nc21,6.1801
CC1(O)CCN(c2nc(C(C)(C)C)nc3c2ncn3Cc2ccccc2Cl)C1,7.8729
CC1(O)CCN(c2nc(C(C)(C)C)nc3c2ncn3Cc2cccc(Cl)c2)C1,7.0381
CC1(O)CCN(c2nc(C(C)(C)C)nc3c2ncn3Cc2ccc(Cl)cc2)C1,6.6194
CC1(O)CCN(c2nc(C(C)(C)C)nc3c2ncn3Cc2ccccc2C(F)(F)F)C1,8.0458
CC1(O)CCN(c2nc(C(C)(C)C)nc3c2ncn3Cc2cccnc2Cl)C1,7.6055
CC1(O)CCN(c2nc(C(C)(C)C)nc3c2ncn3Cc2ncccc2Cl)C1,7.3298
Cc1nonc1Cn1cnc2c(N3CCC(C)(O)C3)nc(C(C)(C)C)nc21,7.2255
COCCn1cnc2c(N3CCC(C)(O)C3)nc(C(C)(C)C)nc21,6.1672
CC(C)(C)c1nc(N2CC(F)(F)C(F)(F)C2)c2ncn(Cc3ccccc3Cl)c2n1,7.9066
CC(C)(C)c1nc(N2CC(F)(F)C(F)(F)C2)c2ncn(Cc3cccc(Cl)c3)c2n1,6.9285
CC1(O)CCN(c2nc(C(C)(C)C)nc3c2ncn3Cc2ccccc2S(C)(=O)=O)C1,7.0535
CC(=O)N[C@H]1CCN(c2nc(C(C)(C)C)nc3c2ncn3Cc2c[nH]nc2C(F)(F)F)C1,6.5525
CC(C)(C)c1nc(N2CCC3(COC3)C2)c2ncn(Cc3c[nH]nc3C(F)(F)F)c2n1,6.8150
CC(=O)N[C@H]1CCN(c2nc(C(C)(C)C)nc3c2ncn3Cc2n[nH]cc2C(F)(F)F)C1,6.6880
CC(C)(C)c1nc(N2CCC3(COC3)C2)c2ncn(Cc3n[nH]cc3C(F)(F)F)c2n1,7.7570
Cc1nnc(Cn2cnc3c(N4CC(F)(F)C(F)(F)C4)nc(C(C)(C)C)nc32)o1,6.9348
Cc1noc(Cn2cnc3c(N4CC(F)(F)C(F)(F)C4)nc(C(C)(C)C)nc32)n1,6.7464
Cn1nnnc1Cn1cnc2c(N3CC(F)(F)C(F)(F)C3)nc(C(C)(C)C)nc21,7.1643
Cc1nonc1Cn1cnc2c(N3CC(F)(F)C(F)(F)C3)nc(C(C)(C)C)nc21,7.3080
COCCn1cnc2c(N3CC(F)(F)C(F)(F)C3)nc(C(C)(C)C)nc21,7.1898
CC1(O)CCN(c2nc(C(C)(C)C)nc3c2ncn3Cc2c[nH]nc2C(F)(F)F)C1,7.1007
CC1(O)CCN(c2nc(C(C)(C)C)nc3c2ncn3Cc2n[nH]cc2C(F)(F)F)C1,7.6556
CC(C)(C)c1nc(N2CC[C@H](O)C2)c2ncn(Cc3ccccc3C(F)(F)F)c2n1,8.9586
CC(C)(C)c1nc(N2CC[C@H](O)C2)c2ncn(Cc3cccc(Cl)c3)c2n1,8.6778
CC(C)(C)c1nc(N2CC[C@H](O)C2)c2ncn(Cc3ccc(Cl)cc3)c2n1,7.1215
CC(C)(C)c1nc(N2CCC3(COC3)C2)c2ncn(CCC(F)(F)F)c2n1,6.2421
CC(C)(C)c1nc(N2CC[C@H](O)C2)c2ncn(Cc3ccccc3S(C)(=O)=O)c2n1,8.1024
CC(C)(C)c1nc(N2CC[C@H](O)C2)c2ncn(Cc3cccnc3Cl)c2n1,8.7696
CC(C)(C)c1nc(N2CC[C@H](O)C2)c2ncn(Cc3ncccc3Cl)c2n1,8.0757
CC(C)(C)c1nc(N2CC(F)(F)C(F)(F)C2)c2ncn(CCC(F)(F)F)c2n1,7.0467
COCCn1cnc2c(N3CC[C@H](O)C3)nc(C(C)(C)C)nc21,6.3569
Cn1nnnc1Cn1cnc2c(N3CC[C@H](O)C3)nc(C(C)(C)C)nc21,6.4399
Cc1nonc1Cn1cnc2c(N3CC[C@H](O)C3)nc(C(C)(C)C)nc21,7.8297
CC(C)(C)c1nc(N2CC[C@H](O)C2)c2ncn(Cc3ccccc3Cl)c2n1,8.7447
CC(C)(C)c1nc(N2CC[C@H](O)C2)c2ncn(Cc3c[nH]nc3C(F)(F)F)c2n1,7.6517
CC(C)(C)c1nc(N2CC[C@H](O)C2)c2ncn(CCC(F)(F)F)c2n1,6.6428
CC(C)(C)c1nc(N2CC[C@H](O)C2)c2ncn(Cc3n[nH]cc3C(F)(F)F)c2n1,8.1805
Cc1noc(Cn2cnc3c(N4CC[C@H](O)C4)nc(C(C)(C)C)nc32)n1,6.4319
CC1(O)CCN(c2nc(C(C)(C)C)nc3c2ncn3CCC(F)(F)F)C1,6.8710
CC(=O)N[C@H]1CCN(c2nc(C(C)(C)C)nc3c2ncn3CCC(F)(F)F)C1,6.6755
CC(C)(C)c1nc(N2CCC3(COC3)C2)c2ncn(Cc3ncccc3Cl)c2n1,6.7972
CC(C)(C)c1nc(N2CC(F)(F)C(F)(F)C2)c2ncn(Cc3ccccc3C(F)(F)F)c2n1,8.0506
CC(C)(C)c1nc(N2CC(F)(F)C(F)(F)C2)c2ncn(Cc3ccccc3S(C)(=O)=O)c2n1,7.3990
CC(C)(C)Nc1nc(N2CCC(F)(F)C2)c2ncn(Cc3ccccc3Cl)c2n1,8.0915
CC(C)(C)Nc1nc(N2CCC(F)(F)C2)c2ncn(Cc3ccccc3C(F)(F)F)c2n1,8.1739
Cc1nnc(Cn2cnc3c(N4CCC(F)(F)C4)nc(NC(C)(C)C)nc32)o1,6.0947
CC(C)(C)Nc1nc(N2CCC(F)(F)C2)c2ncn(CCC(F)(F)F)c2n1,7.7375
Cc1nonc1Cn1cnc2c(N3CCC(F)(F)C3)nc(NC(C)(C)C)nc21,7.8327
CC(C)(C)Nc1nc(N2CCC(F)(F)C2)c2ncn(Cc3ncccc3Cl)c2n1,8.1024
Cn1nnnc1Cn1cnc2c(N3CCC(F)(F)C3)nc(NC(C)(C)C)nc21,6.6043
CC(C)(C)Nc1nc(N2CCC(F)(F)C2)c2ncn(Cc3ccccc3S(C)(=O)=O)c2n1,7.3420
Cc1noc(Cn2cnc3c(N4CCC(F)(F)C4)nc(NC(C)(C)C)nc32)n1,6.7100
CC(C)(C)Nc1nc(N2CC[C@H](O)C2)c2ncn(Cc3ccccc3Cl)c2n1,7.9172
CC(C)(C)Nc1nc(N2CC[C@H](O)C2)c2ncn(Cc3ccccc3C(F)(F)F)c2n1,8.1427
CC(C)(C)Nc1nc(N2CC[C@H](O)C2)c2ncn(Cc3ncccc3Cl)c2n1,6.8179
Cc1nonc1Cn1cnc2c(N3CC[C@H](O)C3)nc(NC(C)(C)C)nc21,6.8262
CC1(O)CCN(c2nc(NC(C)(C)C)nc3c2ncn3Cc2ccccc2Cl)C1,6.9678
CC1(O)CCN(c2nc(NC(C)(C)C)nc3c2ncn3Cc2ccccc2C(F)(F)F)C1,7.3840
CC(C)(C)Nc1nc(N2CC[C@H](O)C2)c2ncn(Cc3c[nH]nc3C(F)(F)F)c2n1,6.8170
Cc1nonc1Cn1cnc2c(N3CCC(C)(O)C3)nc(NC(C)(C)C)nc21,6.2498
CC(C)(C)COc1nc(N2CCC(F)(F)C2)c2ncn(Cc3ccccc3Cl)c2n1,8.5686
CC(C)(C)COc1nc(N2CCC(F)(F)C2)c2ncn(Cc3ccccc3C(F)(F)F)c2n1,8.5850
CC(C)(C)COc1nc(N2CCC(F)(F)C2)c2ncn(Cc3ccccc3S(C)(=O)=O)c2n1,7.6108
Cc1nnc(Cn2cnc3c(N4CCC(F)(F)C4)nc(OCC(C)(C)C)nc32)o1,6.4795
Cc1noc(Cn2cnc3c(N4CCC(F)(F)C4)nc(OCC(C)(C)C)nc32)n1,6.9630
Cn1nnnc1Cn1cnc2c(N3CCC(F)(F)C3)nc(OCC(C)(C)C)nc21,7.0195
CC(C)(C)Nc1nc(N2CC[C@H](O)C2)c2ncn(CCC(F)(F)F)c2n1,6.6678
CC(C)(C)COc1nc(N2CCC(C)(O)C2)c2ncn(Cc3ccccc3Cl)c2n1,7.1759
CC(C)(C)COc1nc(N2CCC(C)(O)C2)c2ncn(Cc3ccccc3C(F)(F)F)c2n1,7.6556
CC(C)(C)COc1nc(N2CCC(C)(O)C2)c2ncn(Cc3ccccc3S(C)(=O)=O)c2n1,6.8274
CC(C)(C)COc1nc(N2CCC(C)(O)C2)c2ncn(Cc3ncccc3Cl)c2n1,6.7488
Cc1nonc1Cn1cnc2c(N3CCC(C)(O)C3)nc(OCC(C)(C)C)nc21,7.5129
CC1(O)CCN(c2nc(NC(C)(C)C)nc3c2ncn3Cc2c[nH]nc2C(F)(F)F)C1,6.8242
CC(C)(C)Nc1nc(N2CC3(COC3)C2)c2ncn(Cc3ccccc3C(F)(F)F)c2n1,7.7055
CC(C)(C)Nc1nc(N2CC3(COC3)C2)c2ncn(Cc3ccccc3Cl)c2n1,7.1073
CC(C)(C)c1nc(N2CC[C@H](O)C2)c2ncn(Cc3nnnn3C3CC3)c2n1,6.6968
Cc1nonc1Cn1cnc2c(C3CCC(F)(F)C3)nc(OCC(C)(C)C)cc21,8.0362
Cc1noc(Cn2cnc3c(N4CC5(COC5)C4)nc(NC(C)(C)C)nc32)n1,7.3883
CC(C)(C)Nc1nc(N2CC3(COC3)C2)c2ncn(CCC(F)(F)F)c2n1,6.1671
CC(C)(C)COc1nc(N2CC3(COC3)C2)c2ncn(Cc3ccccc3Cl)c2n1,6.5719
Cc1nonc1Cn1cnc2c(N3CCN(C)CC3)nc(C(C)(C)C)nc21,6.6763
Cc1nonc1Cn1cnc2c(N3CCC[C@@H]3CO)nc(C(C)(C)C)nc21,8.2147
CC(C)(C)c1nc(N2CCC[C@@H]2CO)c2ncn(Cc3nnnn3C3CC3)c2n1,7.2588
CC(C)(C)c1nc(N2CCC[C@@H]2C#N)c2ncn(Cc3nnnn3C3CC3)c2n1,6.7557
Cc1nonc1Cn1cnc2c(N3CCC[C@@H]3C#N)nc(C(C)(C)C)nc21,7.8041
Cc1nonc1Cn1cnc2c(N3CC4(COC4)C3)nc(C(C)(C)C)nc21,6.7333
Cc1nonc1Cn1cnc2c(N3CCSC3)nc(C(C)(C)C)nc21,7.9788
CC(C)(C)COc1nc(N2CCC(F)(F)C2)c2nc[nH]c2n1,7.5421
CC(=O)O[C@H]1CCN(c2nc(NC(C)(C)C)nc3c2ncn3Cc2nonc2C)C1,6.3655
CC(=O)OC1(C)CCN(c2nc(NC(C)(C)C)nc3c2ncn3Cc2nonc2C)C1,6.9578
FC1(F)CCN(c2nc(Cl)nc3c2ncn3Cc2ccccc2)C1,6.6759
CC(C)n1nnnc1Cn1cnc2c(N3CC[C@H](O)C3)nc(C(C)(C)C)nc21,7.0846
CC(C)(C)c1nc(N2CCC(F)(F)C2)c2ncn(Cc3nnnn3C3CC3)c2n1,8.0410
CC(C)(C)c1nc(N2CCC[C@@H]2CO)c2ncn(Cc3ncccc3Cl)c2n1,8.3665
CCCn1nnnc1Cn1cnc2c(N3CC[C@H](O)C3)nc(C(C)(C)C)nc21,7.2104
CC(C)(C)c1nc(N2CC[C@H](O)[C@H]2CO)c2ncn(Cc3ncccc3Cl)c2n1,6.2282
CC(C)(C)c1nc(N2CC(F)(F)C2)c2ncn(Cc3ncccc3Cl)c2n1,7.8094
CC(C)(C)c1nc(N2CCSC2)c2ncn(Cc3ncccc3Cl)c2n1,7.9000
CC(C)(C)c1nc(N2CC3(C2)CS(=O)(=O)C3)c2ncn(Cc3ncccc3Cl)c2n1,7.1543
CC(C)(C)c1nc(N2CCC[C@@H]2C#N)c2ncn(Cc3ncccc3Cl)c2n1,8.1612
CC(C)(C)c1nc(N2CC[C@H](O)C2)c2ncn(Cc3nnnn3CC3CC3)c2n1,7.6840
CC(C)(C)c1nc(N2CCC(O)(C(F)(F)F)C2)c2ncn(Cc3ncccc3Cl)c2n1,7.2048
CC(C)(C)c1nc(N2CC[C@H](O)C2)c2ncn(Cc3nnnn3C(C)(C)C)c2n1,6.9855
CC(C)(C)c1nc(N2CC(O)(C(F)(F)F)C2)c2ncn(Cc3ncccc3Cl)c2n1,7.4559
CC(C)(C)c1nc(N2CCC3(C2)CC3(F)F)c2ncn(Cc3ncccc3Cl)c2n1,7.4895
CC1(O)CN(c2nc(C(C)(C)C)nc3c2ncn3Cc2ncccc2Cl)C1,7.2890
COc1ccc(Cn2ncc3c(N4CCC(F)(F)C4)nc(C(C)(C)C)nc32)cc1,8.3188
CC(C)(C)c1nc(N2CCC(F)(F)C2)c2cnn(Cc3ccccc3)c2n1,8.4815
CC(C)(C)c1nc(N2CC[C@H](O)C2)c2cnn(Cc3ccccc3Cl)c2n1,8.2924
CC(C)(C)c1nc(N2CCC(F)(F)C2)c2cnn(Cc3ccccc3Cl)c2n1,8.3768
CCOc1nc(C(C)(C)C)nc2c1cnn2Cc1ccccc1Cl,7.5892
CC(C)(C)c1nc(N2CCC(F)(F)C2)c2cnn(Cc3ccc(F)cc3Cl)c2n1,8.2291
CC(C)(C)c1nc(N2CCC(F)(F)C2)c2cnn(Cc3ccccc3C(F)(F)F)c2n1,8.9586
CC(C)(C)c1nc(N2CCC(F)(F)C2)c2cnn(CCc3ccccc3)c2n1,8.2676
Cc1nonc1Cn1ncc2c(N3CCC(F)(F)C3)nc(C(C)(C)C)nc21,9.3010
CC(C)(C)c1nc(N2CCC(F)(F)C2)c2cnn(Cc3ccccc3S(C)(=O)=O)c2n1,9.1549
CC(C)(C)c1nc(N2CCC(F)(F)C2)c2cnn(CCc3ccccn3)c2n1,7.7247
CC(C)(C)c1nc(N2CCC(F)(F)C2)c2cnn(Cc3cccnc3Cl)c2n1,8.7959
CC(C)(C)c1nc(N2CCC(F)(F)C2)c2cnn(C3CS(=O)(=O)C3)c2n1,7.7034
CC(C)(C)c1nc(N2CCC(F)(F)C2)c2cnn(C3CCOC3)c2n1,8.8861
Cn1nnnc1Cn1ncc2c(N3CCC(F)(F)C3)nc(C(C)(C)C)nc21,9.0458
CC(C)(C)c1nc(N2CCC(F)(F)C2)c2cnn(Cc3nnnn3C3CC3)c2n1,9.2218
Cc1nnc(Cn2ncc3c(N4CCC(F)(F)C4)nc(C(C)(C)C)nc32)n1C,8.5229
Cc1nnc(Cn2ncc3c(N4CC=C(F)C4)nc(C(C)(C)C)nc32)n1C,7.5834
Cn1nncc1Cn1ncc2c(N3CC=C(F)C3)nc(C(C)(C)C)nc21,8.7959
CC(C)(C)c1nc(N2CCC(F)(F)C2)c2cnn(CC(=O)c3ccncc3)c2n1,8.4685
CC(C)(C)c1nc(N2CCC(F)(F)C2)c2cnn(CC(=O)c3ccccn3)c2n1,8.0757
COc1ccc(Cn2ncc3c(N4CC[C@H](O)C4)nc(C(C)(C)C)nc32)cc1,8.2596
COc1ccc(Cn2ncc3c(N4CCC(F)(F)C4)cc(C4CC4)nc32)cc1,7.7508
Cc1nonc1Cn1ncc2c(N3CC[C@H](O)C3)nc(C(C)(C)C)nc21,9.3979
Cc1nonc1CO[C@H]1CCN(c2nc(C(C)(C)C)nc3c2cnn3Cc2nonc2C)C1,7.4461
Cc1nonc1Cn1ncc2c(N3CCC(F)(F)C3)nc(C3CC3)cc21,7.3691
Cc1nonc1Cn1ncc2c(N3CCC(F)(F)C3)cc(C3CC3)nc21,8.7212
CC(C)(C)c1nc(N2CC[C@H](O)C2)c2cnn(Cc3ccccc3C(F)(F)F)c2n1,8.7212
CC(C)(C)c1nc(N2CC[C@H](O)C2)c2cnn(Cc3ccccc3S(C)(=O)=O)c2n1,8.6198
Cn1nnnc1Cn1ncc2c(N3CC[C@H](O)C3)nc(C(C)(C)C)nc21,7.7658
CC(C)(C)c1nc(N2CC[C@H](O)C2)c2cnn(Cc3ncccc3Cl)c2n1,8.8239
CC(C)(C)c1nc(N2CC[C@H](O)C2)c2cnn(Cc3nnnn3C3CC3)c2n1,8.0555
CC(C)(C)c1nc(N2CCC[C@@H]2CO)c2cnn(Cc3ccccc3C(F)(F)F)c2n1,8.3010
COC[C@H]1CCCN1c1nc(C(C)(C)C)nc2c1cnn2Cc1ccccc1C(F)(F)F,7.8811
COC[C@H]1CCCN1c1nc(C(C)(C)C)nc2c1cnn2Cc1nonc1C,8.8539
FC1(F)CCN(c2nc(Cl)nc3c2cnn3Cc2ccccc2C(F)(F)F)C1,7.7670
CC(C)(C)COc1nc(N2CCC(F)(F)C2)c2cnn(Cc3ccccc3C(F)(F)F)c2n1,7.7959
C[C@@H]1CCCN1C(=O)c1cnc(C2CC2)c(OCC2CC2)n1,7.2418
C[C@@H]1CCCN1C(=O)c1cnc(N2CC(F)(F)C2)c(OCC2CC2)n1,8.3098
COCCN(C(=O)c1cnc(N2CC(F)(F)C2)c(OCC2CC2)n1)C(C)(C)C,8.3979
CC1(C)COCCN1C(=O)c1cnc(N2CC(F)(F)C2)c(OCC2CC2)n1,8.3665
C[C@H]1CCCN1C(=O)c1cnc(N2CC(F)(F)C2)c(OCC2CC2)n1,7.0878
O=C(c1cnc(N2CC(F)(F)C2)c(OCC2CC2)n1)N1CC2CC1CO2,6.5902
CN(C(=O)c1cnc(N2CC(F)(F)C2)c(OCC2CC2)n1)C(C)(C)C,8.4949
O=C(c1cnc(N2CC(F)(F)C2)c(OCC2CC2)n1)N1CCC(F)(F)C1,7.5258
CCN(C(=O)c1cnc(N2CC(F)(F)C2)c(OCC2CC2)n1)C(C)C,7.7011
O=C(c1cnc(N2CC(F)(F)C2)c(OCC2CC2)n1)N1CCOCC12CC2,7.8239
CCOC(=O)CN(C(=O)c1cnc(N2CC(F)(F)C2)c(OCC2CC2)n1)C(C)(C)C,8.1675
COCC(C)(C)N(C)C(=O)c1cnc(N2CC(F)(F)C2)c(OCC2CC2)n1,8.0362
CC1(C)CN(C(=O)c2cnc(N3CC(F)(F)C3)c(OCC3CC3)n2)CCO1,7.1643
COCC(C)(C)N(C)C(=O)c1cnc(C2CC2)c(OCC2CC2)n1,7.8356
CC1(C)CCCN1C(=O)c1cnc(C2CC2)c(OCC2CC2)n1,7.9508
COC(=O)[C@@H]1CCCN1C(=O)c1cnc(C2CC2)c(OCC2CC2)n1,6.7196
O=C(c1cnc(C2CC2)c(OCC2CC2)n1)N1CCOCC12CC2,6.8526
NC(=O)[C@@H]1CC(F)(F)CN1C(=O)c1cnc(C2CC2)c(OCC2CC2)n1,7.6289
NC(=O)[C@@H]1CC(F)(F)CN1C(=O)c1cnc(N2CC(F)(F)C2)c(OCC2CC2)n1,8.2441
O=C(c1cnc(N2CC(F)(F)C2)c(OCC2CC2)n1)N1CCN(CCO)CC1,6.5007
CC1(C)CCCN1C(=O)c1cnc(N2CC(F)(F)C2)c(OCC2CC2)n1,8.3665
COC(=O)[C@H]1CCCN1C(=O)c1cnc(N2CC(F)(F)C2)c(OCC2CC2)n1,6.5979
O=C1CN(C(=O)c2cnc(N3CC(F)(F)C3)c(OCC3CC3)n2)CCO1,7.7352
CN(C)C(=S)[C@H]1CCCN1C(=O)c1cnc(N2CC(F)(F)C2)c(OCC2CC2)n1,6.4774
CC(=O)OC1(C)CCN(C(=O)c2cnc(C3CC3)c(OCC3CC3)n2)C1,6.9598
O=C(c1cnc(C2CC2)c(OCC2CC2)n1)N1CC(F)(F)C(F)(F)C1,6.9080
CC(=O)O[C@H]1CCN(C(=O)c2cnc(N3CC(F)(F)C3)c(OCC3CC3)n2)C1,6.5667
O=C(c1cnc(N2CC(F)(F)C2)c(OCC2CC2)n1)N1CCC2(COC2)C1,6.6902
CC(=O)OC1(C)CCN(C(=O)c2cnc(N3CC(F)(F)C3)c(OCC3CC3)n2)C1,8.0555
O=C(c1cnc(N2CC(F)(F)C2)c(OCC2CC2)n1)N1CC(F)(F)C(F)(F)C1,7.5800
CN(C(=O)c1cnc(N2CC(F)(F)C2)c(OCC(F)(F)F)n1)C(C)(C)C,6.8874
CC1(C)CCCN1C(=O)c1cnc(N2CC(F)(F)C2)c(OCC(F)(F)F)n1,7.0904
NC(=O)C1CCCCN1C(=O)c1cnc(N2CC(F)(F)C2)c(OCC2CC2)n1,6.5731
CC1(C)CC(C(N)=O)N(C(=O)c2cnc(C3CC3)c(OCC3CC3)n2)C1,8.3915
CC1(C)CC(C(N)=O)N(C(=O)c2cnc(N3CC(F)(F)C3)c(OCC3CC3)n2)C1,8.3966
NC(=O)C1CSCCN1C(=O)c1cnc(N2CC(F)(F)C2)c(OCC2CC2)n1,6.5110
NC(=O)C1CC2(CC2)CN1C(=O)c1cnc(N2CC(F)(F)C2)c(OCC2CC2)n1,7.4089
CC1(O)C[C@@H](C(N)=O)N(C(=O)c2cnc(N3CC(F)(F)C3)c(OCC3CC3)n2)C1,7.0458
NC(=O)[C@@H]1CC(F)(F)CN1C(=O)c1cnc(N2CC(F)(F)C2)c(OCC(F)F)n1,6.5091
CCOC(=O)CC1(NC(=O)c2ccc(C3CC3)c(OCC3CC3)n2)COC1,7.2700
CC(C)CC(CC(=O)OC(C)(C)C)NC(=O)c1ccc(N2CC(F)(F)C2)c(OCC2CC2)n1,6.1702
CCOC(=O)CC(NC(=O)c1ccc(N2CC(F)(F)C2)c(OCC2CC2)n1)c1ccccc1,8.3768
CCOC(=O)CC(C)(C)NC(=O)c1ccc(N2CC(F)(F)C2)c(OCC2CC2)n1,6.2853
CNC(=O)CC(C)(C)NC(=O)c1ccc(N2CC(F)(F)C2)c(OCC2CC2)n1,6.7640
CCCCCC(CC(=O)NC)NC(=O)c1ccc(N2CC(F)(F)C2)c(OCC2CC2)n1,7.2549
CNC(=O)CC(CCc1ccccc1)NC(=O)c1ccc(N2CC(F)(F)C2)c(OCC2CC2)n1,6.5214
CCCCC(CC(N)=O)NC(=O)c1ccc(C2CC2)c(OCC2CC2)n1,9.1003
CC(C)CC(CNC(=O)c1ccc(N2CC(F)(F)C2)c(OCC2CC2)n1)C(=O)O,6.0147
NC(=O)[C@@H]1CCCC[C@@H]1NC(=O)c1ccc(C2CC2)c(OCC2CC2)n1,8.0542
CC(C)[C@@H](CC(N)=O)NC(=O)c1ccc(C2CC2)c(OCC2CC2)n1,8.3010
CC(C)[C@H](CC(N)=O)NC(=O)c1ccc(C2CC2)c(OCC2CC2)n1,8.8239
NC(=O)[C@H]1CCCC[C@@H]1NC(=O)c1ccc(C2CC2)c(OCC2CC2)n1,8.7212
NC(=O)CC(NC(=O)c1ccc(C2CC2)c(OCC2CC2)n1)C1CCCCC1,8.5158
CC(C)[C@H](CC(N)=O)NC(=O)c1ccc(N2CC(F)(F)C2)c(OCC2CC2)n1,8.4949
NC(=O)[C@@H]1CCCC[C@@H]1NC(=O)c1ccc(N2CC(F)(F)C2)c(OCC2CC2)n1,7.8013
NC(=O)[C@H]1CCCC[C@H]1NC(=O)c1ccc(N2CC(F)(F)C2)c(OCC2CC2)n1,6.3905
CCOC(=O)CC(CC(C)C)NC(=O)c1ccc(C2CC2)c(OCC2CC2)n1,7.9245
NC(=O)CC1(NC(=O)c2ccc(C3CC3)c(OCC3CC3)n2)COC1,8.8539
CC(C)C[C@@H](CC(N)=O)NC(=O)c1ccc(C2CC2)c(OCC2CC2)n1,8.5229
CC(C)C[C@H](CC(N)=O)NC(=O)c1ccc(C2CC2)c(OCC2CC2)n1,8.3665
NC(=O)CC1(NC(=O)c2ccc(N3CC(F)(F)C3)c(OCC3CC3)n2)COC1,8.2480
NC(=O)CC(NC(=O)c1ccc(C2CC2)c(OCC2CC2)n1)C1CC1,8.6884
CC(C)(C)[C@@H](CC(N)=O)NC(=O)c1ccc(C2CC2)c(OCC2CC2)n1,7.6345
NC(=O)CC(NC(=O)c1ccc(C2CC2)c(OCC2CC2)n1)C1CCOCC1,8.3692
NC(=O)CC(NC(=O)c1ccc(C2CC2)c(OCC2CC2)n1)C(F)(F)F,7.4592
CC(Oc1nc(C(=O)NC2(CC(N)=O)COC2)ccc1C1CC1)C(F)(F)F,6.8398
CC(C)(C)[C@H](CC(N)=O)NC(=O)c1ccc(C2CC2)c(OCC2CC2)n1,9.2218
CC(C)CS(=O)(=O)c1nc(C(=O)NC2(CC(N)=O)COC2)ccc1C1CC1,6.5928
CNC(=O)CC1(NC(=O)c2ccc(N3CC(F)(F)C3)c(OCC3CC3)n2)COC1,6.4405
CNC(=O)CC1(NC(=O)c2ccc(C3CC3)c(OCC3CC3)n2)COC1,6.9965
CNC(=O)CC1(NC(=O)c2ccc(C(F)(F)F)c(OCC3CC3)n2)COC1,6.2223
CN(C)C(=O)CC1(NC(=O)c2ccc(C3CC3)c(OCC3CC3)n2)COC1,6.4626
CN(C)C(=O)CC1(NC(=O)c2ccc(N3CC(F)(F)C3)c(OCC3CC3)n2)COC1,6.5258
CN(C)C(=O)CC1(NC(=O)c2ccc(C(F)(F)F)c(OCC3CC3)n2)COC1,6.0145
NC(=O)C[C@@H](NC(=O)c1ccc(C2CC2)c(OCC2CC2)n1)c1cccc(Cl)c1,6.9784
CC(C)[S+]([O-])c1nc(C(=O)NC2(CC(N)=O)COC2)ccc1Br,6.3838
COC(=O)CC1(NC(=O)c2ccc(C3CC3)c(OCC3CC3)n2)CCN(C(=O)OC(C)(C)C)CC1,6.6251
NC(=O)CC1(NC(=O)c2ccc(OC(F)(F)F)c(OCC3CC3)n2)COC1,7.5031
NC(=O)CC1(NC(=O)c2ccc(OCC3CC3)c(Cl)n2)COC1,6.1006
CC(C)(CC(N)=O)NC(=O)c1ccc(N2CC(F)(F)C2)c(OCC2CC2)n1,8.0362
NC(=O)CC1(NC(=O)c2ccc(C3CC3)c(OCC(F)(F)C(F)(F)F)n2)COC1,7.8962
COC(=O)CC1(NC(=O)c2ccc(N3CC(F)(F)C3)c(OCC3CC3)n2)CNC(=O)C1,6.3738
CCOC(=O)CC1(NC(=O)c2ccc(N3CC(F)(F)C3)c(OCC3CC3)n2)CS(=O)(=O)C1,7.2441
COC(=O)CC1(NC(=O)c2ccc(N3CC(F)(F)C3)c(OCC3CC3)n2)CCOCC1,7.1255
NC(=O)CC(NC(=O)c1ccc(N2CC(F)(F)C2)c(OCC2CC2)n1)C1CCOCC1,7.7447
NC(=O)CC1(NC(=O)c2ccc(N3CC(F)(F)C3)c(OCC3CC3)n2)CNC(=O)C1,7.2596
NC(=O)CC(NC(=O)c1ccc(N2CC(F)(F)C2)c(OCC2CC2)n1)C(F)(F)F,8.5229
O=C(O)CC1(NC(=O)c2ccc(N3CC(F)(F)C3)c(OCC3CC3)n2)CS(=O)(=O)C1,8.5229
O=C(O)CC1(NC(=O)c2ccc(N3CC(F)(F)C3)c(OCC3CC3)n2)CCOCC1,8.5229
NC(=O)CC1(NC(=O)c2ccc(N3CC(F)(F)C3)c(OCC3CC3)n2)CCOCC1,8.5850
NC(=O)CC1(NC(=O)c2ccc(N3CC(F)(F)C3)c(OCC3CC3)n2)CS(=O)(=O)C1,9.0000
NC(=O)CC1(NC(=O)c2ccc(N3CC(F)(F)C3)c(OCC3CC3)n2)CCSCC1,8.6021
NC(=O)CC1(NC(=O)c2ccc(N3CC(F)(F)C3)c(OCC3CC3)n2)CCS(=O)(=O)CC1,7.2557
NC(=O)CC(NC(=O)c1ccc(C2CC2)c(OCC2CC2)n1)C1CCOC1,8.2840
NC(=O)CC1(NC(=O)c2ccc(N3CC(F)(F)C3)c(OCC3CC3)n2)CNC1,6.3534
NC(=O)CC1(NC(=O)c2ccc(C3CC3)c(Cc3ccc(F)cc3)n2)CCNCC1,8.8861
NC(=O)CC(NC(=O)c1ccc(N2CC(F)(F)C2)c(OCC2CC2)n1)C1CCOC1,8.0809
COC(=O)CC1(NC(=O)c2ccc(N3CC(F)(F)C3)c(OCC3CC3)n2)CCC1,8.9586
O=C(O)CC1(NC(=O)c2ccc(N3CC(F)(F)C3)c(OCC3CC3)n2)CCC1,6.5197
NC(=O)CC1(NC(=O)c2ccc(N3CC(F)(F)C3)c(OCC3CC3)n2)CCC1,9.2218
CCOC(=O)C1(CNC(=O)c2ccc(N3CC(F)(F)C3)c(OCC3CC3)n2)CC1,7.2175
CC(=O)N1CCC(CC(N)=O)(NC(=O)c2ccc(C3CC3)c(Cc3ccc(F)cc3)n2)CC1,8.3010
CC(=O)N1CC(CC(N)=O)(NC(=O)c2ccc(N3CC(F)(F)C3)c(OCC3CC3)n2)C1,6.9201
NC(=O)CC1(NC(=O)c2ccc(C3CC3)c(Cc3ccc(F)cc3)n2)CN(C(=O)OCc2ccccc2)C1,7.4089
CC(C)CSc1nc(C(=O)NC2(CC(N)=O)CS(=O)(=O)C2)ccc1C1CC1,7.8013
NC(=O)CC1(NC(=O)c2ccc(C3CC3)c(Cc3ccc(F)cc3)n2)CS(=O)(=O)C1,8.9120
NC(=O)CC1(NC(=O)c2ccc(C3CC3)c(OCC3CC3)n2)CS(=O)(=O)C1,9.1549
NC(=O)CC1(NC(=O)c2ccc(C(F)(F)F)c(OCC3CCOCC3)n2)CS(=O)(=O)C1,7.3872
NC(=O)CC1(NC(=O)c2cccc(-c3ccc(F)c(Cl)c3)n2)CS(=O)(=O)C1,7.1267
NC(=O)CC1(NC(=O)c2ccc(C3CC3)c(OCC3CCCO3)n2)CS(=O)(=O)C1,8.6198
NC(=O)CC1(NC(=O)c2ccc(N3CC(F)(F)C3)c(OCC3CC3)n2)CCOC1,8.8239
NC(=O)CC1(NC(=O)c2ccc(N3CC(F)(F)C3)c(OCC3CC3)n2)CCN(C(=O)OCc2ccccc2)C1,5.8772
NC(=O)CC1(NC(=O)c2ccc(N3CC(F)(F)C3)c(OCC3CC3)n2)CCNC1,7.1701
NC(=O)CC1(NC(=O)c2ccc(N3CC(F)(F)C3)c(OCC3CC3)n2)CCNCC1,6.5683
NC(=O)CC1(NC(=O)c2ccc(C3CC3)c(OCC3CC3)n2)CCNCC1,6.6205
NC(=O)CC1(NC(=O)c2ccc(C3CC3)c(Oc3ccc(F)cc3)n2)CCOC1,9.5229
NC(=O)CC1(NC(=O)c2ccc(C3CC3)c(OCC3CC3)n2)CCOC1,8.6990
NC(=O)CC1(NC(=O)c2ccc(C3(F)CCC3)c(OCC3CC3)n2)COC1,7.9245
NC(=O)CC1(NC(=O)c2ccc(C3(O)CCC3)c(OCC3CC3)n2)COC1,8.0555
NC(=O)CC1(NC(=O)c2ccc(C3(O)CCC3)c(OCC3CC3)n2)CS(=O)(=O)C1,8.6576
NC(=O)CC1(NC(=O)c2ccc(C3(F)COC3)c(OCC3CC3)n2)COC1,7.8268
NC(=O)CC1(NC(=O)c2ccc(C3(O)COC3)c(OCC3CC3)n2)COC1,6.6005
NC(=O)CC1(NC(=O)c2ccc(C3(O)CCC3)c(OCC3CC3)n2)CSC1,8.9586
NC(=O)CC1(NC(=O)c2ccc(C3CC3)c(OCC3CC3)n2)CSC1,8.7447
NC(=O)CC1(NC(=O)c2ccc(C(F)(F)F)c(OCC3CC3)n2)CSC1,7.9393
NC(=O)CC1(NC(=O)c2ccc(C3(F)COC3)c(OCC3CC3)n2)CSC1,8.9208
Cn1nncc1Cn1ncc2c(N3CCC(F)(F)C3)nc(C(C)(C)C)nc21,8.8539
COC(=O)c1ccccc1S(=O)(=O)N1CCC(c2n[nH]c3ccc(C(c4ccc(Cl)cc4)c4ccc(Cl)cc4)cc23)CC1,5.6308
O=C(O)c1ccccc1S(=O)(=O)N1CCC(c2n[nH]c3ccc(C(c4ccc(Cl)cc4)c4ccc(Cl)cc4)cc23)CC1,5.1249
NC(=O)c1ccccc1S(=O)(=O)N1CCC(c2n[nH]c3ccc(C(c4ccc(Cl)cc4)c4ccc(Cl)cc4)cc23)CC1,4.9914
COc1ccc(C(c2ccc(OC)cc2)c2ccc3[nH]nc(C4CCN(S(=O)(=O)C(F)(F)F)CC4)c3c2)cc1,5.2840
NC(=O)CC(=O)N1CCC(c2nn(C3CC3)c3ccc(C(c4ccc(Cl)cc4)c4ccc(Cl)cc4)cc23)CC1,5.5086
NC(=O)c1ccc(S(=O)(=O)N2CCC(c3nn(C4CC4)c4ccc(C(c5ccc(Cl)cc5)c5ccc(Cl)cc5)cc34)CC2)cc1,5.1871
NC(=O)c1ccc(C(=O)N2CCC(c3c4cc(C(c5ccc(Cl)cc5)c5ccc(Cl)cc5)ccc4nn3C3CC3)CC2)cc1,5.0044
O=C(O)c1cccc(S(=O)(=O)N2CCC(c3c4cc(C(c5ccc(Cl)cc5)c5ccc(Cl)cc5)ccc4nn3C3CC3)CC2)c1,5.0975
O=C(O)c1ccc(S(=O)(=O)N2CCC(c3c4cc(C(c5ccc(Cl)cc5)c5ccc(Cl)cc5)ccc4nn3C3CC3)CC2)cc1,5.8097
COc1ccc(S(=O)(=O)N2CCC(c3c4cc(C(c5ccc(Cl)cc5)c5ccc(Cl)cc5)ccc4nn3C3CC3)CC2)cc1C(=O)O,5.3947
O=C(O)c1ccc(S(=O)(=O)N2CCC(c3c4cc(C(c5ccc(Cl)cc5)c5ccc(Cl)cc5)ccc4nn3C3CC3)CC2)cn1,5.3565
O=C(O)c1ccc(S(=O)(=O)N2CCC(c3c4cc(C(c5ccc(Cl)cc5)c5ccc(Cl)cc5)ccc4nn3C3CC3)CC2)cc1Cl,6.0223
O=C(O)c1cc(S(=O)(=O)N2CCC(c3c4cc(C(c5ccc(Cl)cc5)c5ccc(Cl)cc5)ccc4nn3C3CC3)CC2)ccc1F,5.2840
O=C(O)c1ccc(S(=O)(=O)N2CCC(c3c4cc(C(c5ccc(Cl)cc5)c5ccc(Cl)cc5)ccc4nn3C3CC3)CC2)cc1F,5.6216
O=C(O)c1cc(S(=O)(=O)N2CCC(c3c4cc(C(c5ccc(Cl)cc5)c5ccc(Cl)cc5)ccc4nn3C3CC3)CC2)ccc1Cl,5.1524
O=S(=O)(N1CCC(c2n[nH]c3ccc(C(c4ccc(Cl)cc4)c4ccc(Cl)cc4)cc23)CC1)C(F)(F)F,5.2381
O=C(O)c1ccc(N2CCC(c3c4cc(C(c5ccc(Cl)cc5)c5ccc(Cl)cc5)ccc4nn3C3CC3)CC2)cc1,5.0315
O=C(O)c1cccc(N2CCC(c3c4cc(C(c5ccc(Cl)cc5)c5ccc(Cl)cc5)ccc4nn3C3CC3)CC2)c1,5.1555
O=C(O)COc1ccc(N2CCC(c3c4cc(C(c5ccc(Cl)cc5)c5ccc(Cl)cc5)ccc4nn3C3CC3)CC2)cc1,5.1487
NC(=O)c1ccc(-n2nc(C3CCN(S(=O)(=O)C(F)(F)F)CC3)c3cc(C(c4ccc(Cl)cc4)c4ccc(Cl)cc4)ccc32)cc1,5.6737
O=C(O)c1cccc(CN2CCC(c3nn(C4CC4)c4ccc(C(c5ccc(Cl)cc5)c5ccc(Cl)cc5)cc34)CC2)c1,5.0132
NC(=O)COc1ccc(N2CCC(c3n[nH]c4ccc(C(c5ccc(Cl)cc5)c5ccc(Cl)cc5)cc34)CC2)cc1,5.3872
O=C(O)c1cccc(CN2CCC(c3n[nH]c4ccc(C(c5ccc(Cl)cc5)c5ccc(Cl)cc5)cc34)CC2)c1,5.4815
Nc1ccc(C(c2ccc(Cl)cc2)c2ccc3[nH]nc(N4CCN(S(=O)(=O)C(F)(F)F)CC4)c3c2)cc1,5.2596
NC(=O)c1ccc(C(c2ccc(Cl)cc2)c2ccc3[nH]nc(C4CCN(S(=O)(=O)C(F)(F)F)CC4)c3c2)cn1,5.1593
O=C(O)c1ccc(S(=O)(=O)N2CCC(c3n[nH]c4ccc(C(c5ccc(Cl)cc5)c5ccc(Cl)cc5)cc34)CC2)s1,5.1662
O=C(NC1CCCC1)N1CCC(c2n[nH]c3ccc(C(c4ccc(Cl)cc4)c4ccc(Cl)cc4)cc23)CC1,5.6326
CCNC(=O)N1CCC(c2n[nH]c3ccc(C(c4ccc(Cl)cc4)c4ccc(Cl)cc4)cc23)CC1,5.3696
CCOC(=O)N1CCC(c2n[nH]c3ccc(C(c4ccc(Cl)cc4)c4ccc(Cl)cc4)cc23)CC1,4.9076
CC(c1cccc(C(=O)O)c1)N1CCC(c2n[nH]c3ccc(C(c4ccc(Cl)cc4)c4ccc(Cl)cc4)cc23)C1,5.1549
O=C(O)c1cccc(CCNc2ncnc3ccc(C(c4ccc(Cl)cc4)c4ccc(Cl)cc4)cc23)c1,5.9767
O=C(O)COc1ccc(S(=O)(=O)N2CCC(Nc3ncnc4ccc(C(c5ccc(Cl)cc5)c5ccc(Cl)cc5)cc34)CC2)cc1,5.4645
CCOC(=O)COc1ccc(S(=O)(=O)N2CCC(Nc3ncnc4ccc(C(c5ccc(Cl)cc5)c5ccc(Cl)cc5)cc34)CC2)cc1,6.7696
O=C(O)c1ccc(CCNc2ncnc3ccc(C(c4ccc(Cl)cc4)c4ccc(Cl)cc4)cc23)cc1,6.5768
O=S1(=O)CCN(CCNc2ncnc3ccc(C(c4ccc(Cl)cc4)c4ccc(Cl)cc4)cc23)CC1,6.3420
O=S(=O)(c1ccc(O)cc1)N1CCC(Nc2ncnc3ccc(C(c4ccc(Cl)cc4)c4ccc(Cl)cc4)cc23)CC1,6.6055
O=S(=O)(NC1CCN(c2ncnc3ccc(C(c4ccc(Cl)cc4)c4ccc(Cl)cc4)cc23)C1)C(F)(F)F,6.8239
O=C(O)c1ccc(CCN2CCC(Nc3ncnc4ccc(C(c5ccc(Cl)cc5)c5ccc(Cl)cc5)cc34)CC2)cc1,6.0009
Clc1ccc(C(c2ccc(Cl)cc2)c2ccc3ncnc(NCCc4ccccc4)c3c2)cc1,6.0926
O=C(O)c1cccc(CCN2CCC(Nc3ncnc4ccc(C(c5ccc(Cl)cc5)c5ccc(Cl)cc5)cc34)CC2)c1,5.5158
O=C(O)c1ccc(CN2CCC(Nc3ncnc4ccc(C(c5ccc(Cl)cc5)c5ccc(Cl)cc5)cc34)C2)cc1,5.0605
COCCNc1ccc(C(c2ccc(Cl)cc2)c2ccc3ncnc(NC4CCN(S(=O)(=O)C(F)(F)F)CC4)c3c2)cc1,6.5719
O=C(O)c1cccc(CN2CCC(Nc3ncnc4ccc(C(c5ccc(Cl)cc5)c5ccc(Cl)cc5)cc34)C2)c1,5.1172
O=C(O)c1csc(CN2CCC(Nc3ncnc4ccc(C(c5ccc(Cl)cc5)c5ccc(Cl)cc5)cc34)CC2)c1,5.2034
N#Cc1ccc(C(c2ccc(Cl)cc2)c2ccc3ncnc(NC4CCN(S(=O)(=O)C(F)(F)F)CC4)c3c2)cc1,6.8041
O=S(=O)(N1CCC(Nc2ncnc3ccc(C(c4ccc(Cl)cc4)c4ccc(Br)cc4)cc23)CC1)C(F)(F)F,6.6615
O=C(O)c1ccccc1CN1CCC(Nc2ncnc3ccc(C(c4ccc(Cl)cc4)c4ccc(Cl)cc4)cc23)CC1,5.3266
COc1cc(S(=O)(=O)N2CCC(Nc3ncnc4ccc(C(c5ccc(Cl)cc5)c5ccc(Cl)cc5)cc34)CC2)ccc1C(=O)O,6.5528
O=C(O)c1ccc(S(=O)(=O)N2CCC(Nc3ncnc4ccc(C(c5ccc(Cl)cc5)c5ccc(Cl)cc5)cc34)CC2)cc1Cl,6.3625
O=C(O)c1ccc(S(=O)(=O)N2CCC(Nc3ncnc4ccc(C(c5ccc(Cl)cc5)c5ccc(Cl)cc5)cc34)CC2)s1,6.5560
NCCCCOc1nc(NCc2cccc(C(F)(F)F)c2)c2cc(C(c3ccc(Cl)cc3)c3ccc(Cl)cc3)ccc2n1,5.3848
Oc1ccc(N2CCC(Nc3ncnc4ccc(C(c5ccc(Cl)cc5)c5ccc(Cl)cc5)cc34)CC2)cc1,6.4306
CS(=O)(=O)NCCOc1nc(NC2CCN(S(=O)(=O)c3ccc(C(=O)O)cc3)CC2)c2cc(C(c3ccc(Cl)cc3)c3ccc(Cl)cc3)ccc2n1,6.0376
NC(=O)c1cccc(CN2CCC(Nc3ncnc4ccc(C(c5ccc(Cl)cc5)c5ccc(Cl)cc5)cc34)CC2)c1,5.4387
O=C(O)c1cccc(CN2CCC(Nc3ncnc4ccc(C(c5ccc(Cl)cc5)c5ccc(Cl)cc5)cc34)CC2)c1,5.1698
NC(=O)c1ccc(CN2CCC(Nc3ncnc4ccc(C(c5ccc(Cl)cc5)c5ccc(Cl)cc5)cc34)CC2)cc1,5.4478
O=C(O)c1ccc(S(=O)(=O)N2CCC(Nc3nc(OCCO)nc4ccc(C(c5ccc(Cl)cc5)c5ccc(Cl)cc5)cc34)CC2)cc1,6.2890
O=C(NC(CO)(CO)CO)c1ccc(N2CCC(Nc3ncnc4ccc(C(c5ccc(Cl)cc5)c5ccc(Cl)cc5)cc34)CC2)cc1,6.6655
O=C(c1ccc(S(=O)(=O)NCCO)cc1)N1CCC(Nc2ncnc3ccc(C(c4ccc(Cl)cc4)c4ccc(Cl)cc4)cc23)CC1,5.9223
COc1nc(NC2CCN(S(=O)(=O)c3ccc(C(=O)O)cc3)CC2)c2cc(C(c3ccc(Cl)cc3)c3ccc(Cl)cc3)ccc2n1,6.2104
N=C(N)c1ccc(S(=O)(=O)N2CCC(Nc3ncnc4ccc(C(c5ccc(Cl)cc5)c5ccc(Cl)cc5)cc34)CC2)cc1,5.4070
O=C(O)CCOCCOc1nc(NCc2cccc(C(F)(F)F)c2)c2cc(C(c3ccc(Cl)cc3)c3ccc(Cl)cc3)ccc2n1,6.0937
OCC(CO)COc1nc(NCc2cccc(C(F)(F)F)c2)c2cc(C(c3ccc(Cl)cc3)c3ccc(Cl)cc3)ccc2n1,5.7135
O=C(O)COc1nc(NCc2cccc(C(F)(F)F)c2)c2cc(C(c3ccc(Cl)cc3)c3ccc(Cl)cc3)ccc2n1,5.4763
OCCCCOc1nc(NCc2cccc(C(F)(F)F)c2)c2cc(C(c3ccc(Cl)cc3)c3ccc(Cl)cc3)ccc2n1,5.4318
OCCOc1nc(NCc2cccc(C(F)(F)F)c2)c2cc(C(c3ccc(Cl)cc3)c3ccc(Cl)cc3)ccc2n1,5.3521
NC(=O)c1ccc(CNc2ncnc3ccc(C(c4ccc(Cl)cc4)c4ccc(Cl)cc4)cc23)cc1,5.0410
NC(=O)c1cccc(CNc2ncnc3ccc(C(c4ccc(Cl)cc4)c4ccc(Cl)cc4)cc23)c1,5.3056
COc1ccc(C(c2ccc(Cl)cc2)c2ccc3ncnc(NC4CCN(c5ccccc5)CC4)c3c2)cc1,7.1739
COC(=O)c1cccc(CNc2ncnc3ccc(C(c4ccc(Cl)cc4)c4ccc(Cl)cc4)cc23)c1,5.0927
Fc1cccc(CNc2ncnc3ccc(C(c4ccc(Cl)cc4)c4ccc(Cl)cc4)cc23)c1,5.9208
Fc1ccc(CNc2ncnc3ccc(C(c4ccc(Cl)cc4)c4ccc(Cl)cc4)cc23)cc1,5.5317
NC(=O)CCCOc1nc(NCc2ccc(C(F)(F)F)cc2)c2cc(C(c3ccc(Cl)cc3)c3ccc(Cl)cc3)ccc2n1,6.0731
Fc1ccc(C(c2ccc(F)cc2)c2ccc3ncnc(NC4CCN(c5ccccc5)CC4)c3c2)cc1,5.9397
COC(=O)c1ccc(C(=O)N2CCC(Nc3ncnc4ccc(C(c5ccc(Cl)cc5)c5ccc(Cl)cc5)cc34)CC2)cc1,5.3538
NC(=O)Cc1ccc(N2CCC(Nc3ncnc4ccc(C(c5ccc(Cl)cc5)c5ccc(Cl)cc5)cc34)CC2)cc1,6.7496
O=C(O)Cc1ccc(N2CCC(Nc3ncnc4ccc(C(c5ccc(Cl)cc5)c5ccc(Cl)cc5)cc34)CC2)cc1,5.4831
O=S(=O)(CCO)N1CCC(Nc2ncnc3ccc(C(c4ccc(Cl)cc4)c4ccc(Cl)cc4)cc23)CC1,5.0269
COC(=O)Cc1ccc(N2CCC(Nc3ncnc4ccc(C(c5ccc(Cl)cc5)c5ccc(Cl)cc5)cc34)CC2)cc1,6.7620
CCOC(=O)CCC(=O)N1CCC(Nc2ncnc3ccc(C(c4ccc(Cl)cc4)c4ccc(Cl)cc4)cc23)CC1,6.3449
O=C(NCCO)c1cccc(N2CCC(Nc3ncnc4ccc(C(c5ccc(Cl)cc5)c5ccc(Cl)cc5)cc34)CC2)c1,5.4561
O=C(NCCO)c1ccc(N2CCC(Nc3ncnc4ccc(C(c5ccc(Cl)cc5)c5ccc(Cl)cc5)cc34)CC2)cc1,6.4868
NC(=O)CCC(=O)N1CCC(Nc2ncnc3ccc(C(c4ccc(Cl)cc4)c4ccc(Cl)cc4)cc23)CC1,5.0458
CCOC(=O)CC(=O)N1CCC(Nc2ncnc3ccc(C(c4ccc(Cl)cc4)c4ccc(Cl)cc4)cc23)CC1,5.7440
NC(=O)c1ccc(N2CCC(Nc3ncnc4ccc(C(c5ccc(Cl)cc5)c5ccc(Cl)cc5)cc34)CC2)cc1,6.3363
O=C(O)c1ccc(N2CCC(Nc3ncnc4ccc(C(c5ccc(Cl)cc5)c5ccc(Cl)cc5)cc34)CC2)cc1,6.7100
COC(=O)c1ccc(N2CCC(Nc3ncnc4ccc(C(c5ccc(Cl)cc5)c5ccc(Cl)cc5)cc34)CC2)cc1,7.1675
O=C(O)c1cccc(N2CCC(Nc3ncnc4ccc(C(c5ccc(Cl)cc5)c5ccc(Cl)cc5)cc34)CC2)c1,5.4998
NC(=O)c1cccc(N2CCC(Nc3ncnc4ccc(C(c5ccc(Cl)cc5)c5ccc(Cl)cc5)cc34)CC2)c1,6.6615
NC(=O)CS(=O)(=O)N1CCC(Nc2ncnc3ccc(C(c4ccc(Cl)cc4)c4ccc(Cl)cc4)cc23)CC1,5.1024
OC1(c2ccccc2)CCC(Nc2ncnc3ccc(C(c4ccc(Cl)cc4)c4ccc(Cl)cc4)cc23)CC1,5.0710
O=C(O)c1cccc(S(=O)(=O)N2CCC(Nc3ncnc4ccc(C(c5ccc(Cl)cc5)c5ccc(Cl)cc5)cc34)CC2)c1,5.4108
CC(=O)Nc1nc(NC2CCN(S(=O)(=O)C(F)(F)F)CC2)c2cc(C(c3ccc(Cl)cc3)c3ccc(Cl)cc3)ccc2n1,5.2441
COC(=O)CS(=O)(=O)N1CCC(Nc2ncnc3ccc(C(c4ccc(Cl)cc4)c4ccc(Cl)cc4)cc23)CC1,5.4925
O=S(=O)(c1ccccn1)N1CCC(Nc2ncnc3ccc(C(c4ccc(Cl)cc4)c4ccc(Cl)cc4)cc23)CC1,5.5626
C[C@H](Nc1ncnc2ccc(C(c3ccc(Cl)cc3)c3ccc(Cl)cc3)cc12)c1cccc(C(F)(F)F)c1,5.3276
C[C@@H](Nc1ncnc2ccc(C(c3ccc(Cl)cc3)c3ccc(Cl)cc3)cc12)c1cccc(C(F)(F)F)c1,5.0862
CC(Nc1ncnc2ccc(C(c3ccc(Cl)cc3)c3ccc(Cl)cc3)cc12)c1ccc(C(F)(F)F)cc1,5.6021
N#CC1(c2ccccc2)CCC(Nc2ncnc3ccc(C(c4ccc(Cl)cc4)c4ccc(Cl)cc4)cc23)CC1,6.7077
O=C(c1ccccc1)N1CCC(Nc2ncnc3ccc(C(c4ccc(Cl)cc4)c4ccc(Cl)cc4)cc23)CC1,6.0410
O=S(=O)(N1CCCC1)N1CCC(Nc2ncnc3ccc(C(c4ccc(Cl)cc4)c4ccc(Cl)cc4)cc23)CC1,5.6684
O=S(=O)(c1ccc(F)cc1)N1CCC(Nc2ncnc3ccc(C(c4ccc(Cl)cc4)c4ccc(Cl)cc4)cc23)CC1,5.6692
FC(F)(F)CN1CCC(Nc2ncnc3ccc(C(c4ccc(Cl)cc4)c4ccc(Cl)cc4)cc23)CC1,6.3098
O=S(=O)(c1ccccc1F)N1CCC(Nc2ncnc3ccc(C(c4ccc(Cl)cc4)c4ccc(Cl)cc4)cc23)CC1,5.7135
FC(F)(F)c1ccc(C2(Nc3ncnc4ccc(C(c5ccc(Cl)cc5)c5ccc(Cl)cc5)cc34)CC2)cc1,5.2264
FC(F)(F)c1cncc(CNc2ncnc3ccc(C(c4ccc(Cl)cc4)c4ccc(Cl)cc4)cc23)c1,5.9281
FC(F)(F)c1ccc(CNc2ncnc3ccc(C(c4ccc(Cl)cc4)c4ccc(Cl)cc4)cc23)nc1,5.7632
CC(Nc1ncnc2ccc(C(c3ccc(Cl)cc3)c3ccc(Cl)cc3)cc12)c1cccc(C(F)(F)F)c1,4.9830
FC(F)(F)c1ccc(N2CCC(Nc3ncnc4ccc(C(c5ccc(Cl)cc5)c5ccc(Cl)cc5)cc34)CC2)cc1,7.1427
Clc1ccc(C(c2ccc(Cl)cc2)c2ccc3ncnc(NC4CCN(c5ccccn5)CC4)c3c2)cc1,6.8125
FC(F)(F)c1ccc(CNc2ncnc3ccc(C(c4ccc(Cl)cc4)c4ccc(Cl)cc4)cc23)cn1,5.8965
O=C(CC(F)(F)F)N1CCC(Nc2ncnc3ccc(C(c4ccc(Cl)cc4)c4ccc(Cl)cc4)cc23)CC1,5.6548
O=S(=O)(N1CCC(CNc2ncnc3ccc(C(c4ccc(Cl)cc4)c4ccc(Cl)cc4)cc23)CC1)C(F)(F)F,5.5447
Clc1ccc(C(c2ccc(Cl)cc2)c2ccc3ncnc(NC4CCN(c5ccccc5)CC4)c3c2)cc1,6.5528
Clc1ccc(C(c2ccc(Cl)cc2)c2ccc3ncnc(NC4CCN(c5ncccn5)CC4)c3c2)cc1,6.1129
CS(=O)(=O)N1CCC(Nc2ncnc3ccc(C(c4ccc(Cl)cc4)c4ccc(Cl)cc4)cc23)CC1,5.6108
CCS(=O)(=O)N1CCC(Nc2ncnc3ccc(C(c4ccc(Cl)cc4)c4ccc(Cl)cc4)cc23)CC1,5.3004
FC(F)(F)c1ccc(Nc2ncnc3ccc(C(c4ccc(Cl)cc4)c4nccs4)cc23)cc1,5.5613
O=S(=O)(N1CCC(Nc2ncnc3ccc(C(c4ccc(Cl)cc4)c4nccs4)cc23)CC1)C(F)(F)F,6.0097
O=S(=O)(N1CCC(Nc2nc(Cl)nc3ccc(C(c4ccc(Cl)cc4)c4ccc(Cl)cc4)cc23)CC1)C(F)(F)F,5.1871
CC(F)(F)CCCS(=O)(=O)C(C)(C)C(=O)Nc1cc(C(C)(C)C#N)no1,7.7447
CC(F)(F)CCCS(=O)(=O)C(C)(C)C(=O)Nc1cc(C(C)(C)CO)no1,7.8239
CC(F)(F)CCCS(=O)(=O)C(C)(C)C(=O)Nc1cc(C(C)(C)O)no1,7.3098
CC(C)(C#N)c1cc(NC(=O)C(C)(C)S(=O)(=O)CC2CCOCC2)on1,6.9830
CC(C)(CO)c1cc(NC(=O)C(C)(C)S(=O)(=O)CC2CCOCC2)on1,7.0555
COCC(C)(C)c1cc(NC(=O)C(C)(C)S(=O)(=O)CC2CCOCC2)on1,7.5229
CC(C)(C#N)c1cc(NC(=O)C(C)(C)S(=O)(=O)C2CCOCC2)on1,8.0969
COCC(C)(C)c1cc(NC(=O)C(C)(C)S(=O)(=O)C2CCOCC2)on1,8.5086
CC(C)(O)c1cc(NC(=O)C(C)(C)S(=O)(=O)C2CCOCC2)on1,6.8539
CN(CC1CCOCC1)C(C)(C)C(=O)Nc1cc(C(C)(C)C#N)no1,9.4437
COCC(C)(C)c1cc(NC(=O)C(C)(C)N(C)CC2CCOCC2)on1,9.5686
CN(CC1CCOCC1)C(C)(C)C(=O)Nc1cc(C(C)(C)CO)no1,9.1675
CN(C1CCN(S(C)(=O)=O)CC1)C(C)(C)C(=O)Nc1cc(C(C)(C)C#N)no1,9.6383
CN(C1CCN(S(C)(=O)=O)CC1)C(C)(C)C(=O)Nc1cc(C(C)(C)CO)no1,9.0706
CC(C)(C#N)c1cc(NC(=O)[C@@H]2CCCN2C2CCOCC2)on1,7.9586
CN(CC1CCOCC1)C(C)(C)C(=O)Nc1nnc(C(C)(C)C#N)s1,7.6021
CN(CC1CCOCC1)C(C)(C)C(=O)Nc1nnc(C(C)(C)CO)s1,8.2676
CN(C1CCN(S(C)(=O)=O)CC1)C(C)(C)C(=O)Nc1nnc(C(C)(C)C#N)s1,8.3665
FC1(F)CCN(c2nc(C3CCC3)nc3c2nnn3Cc2ccccc2Cl)C1,9.0000
COc1ccc(Cn2nnc3c(N4CCC(F)(F)C4)nc(C4CC4)nc32)cc1,8.1938
CC(C)c1nc(N2CCC(F)(F)C2)c2nnn(Cc3ccccc3Cl)c2n1,9.3010
FC1(F)CCN(c2nc(C3CC3)nc3c2nnn3Cc2ccccc2Cl)C1,9.0000
Cc1nonc1Cn1nnc2c(N3CCC(F)(F)C3)nc(C3CC3)nc21,9.0000
C=C(C)c1nc(N2CC[C@H](O)C2)c2nnn(Cc3ccccc3Cl)c2n1,8.4437
Clc1ccccc1Cn1nnc2c(N3CCCCC3)nc(N3CCCCC3)nc21,8.0362
CCNc1nc(N2CCC(F)(F)C2)c2nnn(Cc3ccccc3Cl)c2n1,8.3468
FC1(F)CCN(c2nc(N3CCC3)nc3c2nnn3Cc2ccccc2Cl)C1,8.7959
FC1(F)CCN(c2nc(N3CCCC3)nc3c2nnn3Cc2ccccc2Cl)C1,8.5376
FC1(F)CCN(c2nc(NC3CCC3)nc3c2nnn3Cc2ccccc2Cl)C1,8.5850
CC(C)(C)Nc1nc(N2CCC(F)(F)C2)c2nnn(Cc3ccccc3Cl)c2n1,9.0458
CC1(Nc2nc(N3CCC(F)(F)C3)c3nnn(Cc4ccccc4Cl)c3n2)COC1,7.9031
FC1(F)CCN(c2nc(N3CCOCC3)nc3c2nnn3Cc2ccccc2Cl)C1,8.4559
CN(c1nc(N2CCC(F)(F)C2)c2nnn(Cc3ccccc3Cl)c2n1)C(C)(C)C,8.6576
CC(C)(C)CNc1nc(N2CCC(F)(F)C2)c2nnn(Cc3ccccc3Cl)c2n1,8.5086
FC1(F)CCN(c2nc(NC3COC3)nc3c2nnn3Cc2ccccc2Cl)C1,7.5751
CN(c1nc(N2CCC(F)(F)C2)c2nnn(Cc3ccccc3Cl)c2n1)C1CCC1,8.0915
COc1ccc(Cn2nnc3c(N4CC[C@H](O)C4)nc(NC(C)(C)C)nc32)cc1,7.5622
COc1ccc(Cn2nnc3c(N4CCC(F)(F)C4)nc(NC(C)(C)C)nc32)cc1,7.6925
COc1ccc(Cn2nnc3c(N4CC[C@H](NC(C)=O)C4)nc(NC(C)(C)C)nc32)cc1,6.8508
CC(C)(C)Nc1nc(N2CCC(F)(F)C2)c2nnn(Cc3ccccc3C(F)(F)F)c2n1,8.6778
CC(C)(C)Nc1nc(N2CCC(F)(F)C2)c2nnn(Cc3ccccc3S(C)(=O)=O)c2n1,8.9586
CC(C)(C)Nc1nc(N2CCC(F)(F)C2)c2nnn(Cc3ncccc3Cl)c2n1,8.4685
Cn1nnnc1Cn1nnc2c(N3CCC(F)(F)C3)nc(NC(C)(C)C)nc21,8.1249
Cc1nonc1Cn1nnc2c(N3CCC(F)(F)C3)nc(NC(C)(C)C)nc21,9.0000
CC(=O)N[C@H]1CCN(c2nc(NC(C)(C)C)nc3c2nnn3Cc2ncccc2Cl)C1,6.5735
CC(C)(C)Nc1nc(N2CC[C@H](O)C2)c2nnn(Cc3ccccc3Cl)c2n1,8.6383
Cn1nnnc1Cn1nnc2c(N3CC[C@H](O)C3)nc(NC(C)(C)C)nc21,7.3134
COc1ccc(Cn2nnc3c(N4CC[C@](C)(O)C4)nc(NC(C)(C)C)nc32)cc1,7.0462
COc1ccc(Cn2nnc3c(N4CC[C@@](C)(O)C4)nc(NC(C)(C)C)nc32)cc1,7.2518
C[C@]1(O)CCN(c2nc(N3CCOCC3)nc3c2nnn3Cc2ccccc2Cl)C1,8.0177
C[C@]1(O)CCN(c2nc(N3CCOCC3)nc3c2nnn3Cc2ccccc2C(F)(F)F)C1,8.1427
C[C@]1(O)CCN(c2nc(N3CCOCC3)nc3c2nnn3Cc2ncccc2Cl)C1,7.3439
Cc1noc(Cn2nnc3c(N4CC[C@](C)(O)C4)nc(N4CCOCC4)nc32)n1,7.9666
C[C@@]1(O)CCN(c2nc(N3CCOCC3)nc3c2nnn3Cc2ccccc2Cl)C1,6.6576
C[C@@]1(O)CCN(c2nc(N3CCOCC3)nc3c2nnn3Cc2ccccc2C(F)(F)F)C1,7.6271
C[C@@]1(O)CCN(c2nc(N3CCOCC3)nc3c2nnn3Cc2ccccc2S(C)(=O)=O)C1,6.5058
Cc1noc(Cn2nnc3c(N4CC[C@@](C)(O)C4)nc(N4CCOCC4)nc32)n1,6.5214
FC(F)(F)COc1nc(N2CCC(F)(F)C2)c2nnn(Cc3ccccc3Cl)c2n1,8.2147
CC(Oc1nc(N2CCC(F)(F)C2)c2nnn(Cc3ccccc3Cl)c2n1)C(F)(F)F,8.0706
C[C@H](Oc1nc(N2CCC(F)(F)C2)c2nnn(Cc3ccccc3Cl)c2n1)C(F)(F)F,8.4815
FC(F)COc1nc(N2CCC(F)(F)C2)c2nnn(Cc3ccccc3Cl)c2n1,7.5784
CCOc1nc(N2CCC(F)(F)C2)c2nnn(Cc3ccccc3Cl)c2n1,8.3979
CCCCOc1nc(N2CCC(F)(F)C2)c2nnn(Cc3ccccc3Cl)c2n1,8.9208
FCCOc1nc(N2CCC(F)(F)C2)c2nnn(Cc3ccccc3Cl)c2n1,8.2757
FC1(F)CCN(c2nc(OCC3CC3)nc3c2nnn3Cc2ccccc2Cl)C1,8.4437
FC1(F)CCN(c2nc(OC3CCC3)nc3c2nnn3Cc2ccccc2Cl)C1,8.7696
FC1(F)CCN(c2nc(OC3COC3)nc3c2nnn3Cc2ccccc2Cl)C1,7.6596
CC1(COc2nc(N3CCC(F)(F)C3)c3nnn(Cc4ccccc4Cl)c3n2)COC1,8.5528
C[C@@H](Oc1nc(N2CCC(F)(F)C2)c2nnn(Cc3ccccc3Cl)c2n1)C(F)(F)F,8.6778
CC(C)(C)COc1nc(N2CCC(F)(F)C2)c2nnn(Cc3ccccc3Cl)c2n1,9.0969
CC(F)(F)COc1nc(N2CCC(F)(F)C2)c2nnn(Cc3ccccc3Cl)c2n1,8.2596
CC(C)COc1nc(N2CCC(F)(F)C2)c2nnn(Cc3ccccc3Cl)c2n1,8.9208
CC(C)Oc1nc(N2CCC(F)(F)C2)c2nnn(Cc3ccccc3Cl)c2n1,8.9208
C#CCOc1nc(N2CCC(F)(F)C2)c2nnn(Cc3ccccc3Cl)c2n1,7.9586
COCC(C)Oc1nc(N2CCC(F)(F)C2)c2nnn(Cc3ccccc3Cl)c2n1,8.0555
CC(C)(O)COc1nc(N2CCC(F)(F)C2)c2nnn(Cc3ccccc3Cl)c2n1,7.8041
CCCOc1nc(N2CCC(F)(F)C2)c2nnn(Cc3ccccc3Cl)c2n1,9.0458
O[C@H]1CCN(c2nc(OCC(F)(F)F)nc3c2nnn3Cc2ccccc2Cl)C1,9.0969
O[C@H]1CCN(c2nc(OCC(F)(F)F)nc3c2nnn3Cc2ccccc2C(F)(F)F)C1,8.1249
CC(C)Oc1nc(N2CC[C@H](O)C2)c2nnn(Cc3ccccc3Cl)c2n1,7.8297
CC(C)Oc1nc(N2CC[C@H](O)C2)c2nnn(Cc3ccccc3S(C)(=O)=O)c2n1,6.7212
CC(C)Oc1nc(N2CC[C@H](O)C2)c2nnn(Cc3nnnn3C)c2n1,6.7595
Cn1nnnc1Cn1nnc2c(N3CCC(F)(F)C3)nc(OCC(C)(C)C)nc21,7.9245
CC(C)(C)COc1nc(N2CCC(F)(F)C2)c2nnn(Cc3ccccc3S(C)(=O)=O)c2n1,8.4089
Cc1nonc1Cn1nnc2c(N3CCC(F)(F)C3)nc(OCC(C)(C)C)nc21,8.7696
C[C@H](Oc1nc(N2CCC(F)(F)C2)c2nnn(Cc3ccccc3C(F)(F)F)c2n1)C(F)(F)F,9.3979
C[C@H](Oc1nc(N2CCC(F)(F)C2)c2nnn(Cc3ccccc3S(C)(=O)=O)c2n1)C(F)(F)F,8.4949
C[C@H](Oc1nc(N2CCC(F)(F)C2)c2nnn(Cc3ncccc3Cl)c2n1)C(F)(F)F,8.2924
Cc1nnc(Cn2nnc3c(N4CCC(F)(F)C4)nc(O[C@@H](C)C(F)(F)F)nc32)o1,6.6696
Cc1noc(Cn2nnc3c(N4CCC(F)(F)C4)nc(O[C@@H](C)C(F)(F)F)nc32)n1,7.1713
C[C@H](Oc1nc(N2CCC(F)(F)C2)c2nnn(Cc3nnnn3C)c2n1)C(F)(F)F,7.3737
Cc1nonc1Cn1nnc2c(N3CCC(F)(F)C3)nc(O[C@@H](C)C(F)(F)F)nc21,8.7447
C[C@H](Oc1nc(N2CCC(F)(F)C2)c2nnn(CCC(F)(F)F)c2n1)C(F)(F)F,8.3665
C[C@H](Oc1nc(N2CCC(F)(F)C2)c2nnn(Cc3nnnn3C3CC3)c2n1)C(F)(F)F,7.7520
CC(=O)N[C@H]1CCN(c2nc(OCC(C)(C)C)nc3c2nnn3Cc2ccccc2Cl)C1,7.2351
CC(=O)N[C@H]1CCN(c2nc(OCC(C)(C)C)nc3c2nnn3Cc2ncccc2Cl)C1,6.7747
CC(=O)N[C@H]1CCN(c2nc(OCC(C)(C)C)nc3c2nnn3Cc2nonc2C)C1,7.1385
CC(=O)N[C@H]1CCN(c2nc(O[C@@H](C)C(F)(F)F)nc3c2nnn3Cc2ccccc2Cl)C1,6.7986
CC(=O)N[C@H]1CCN(c2nc(O[C@@H](C)C(F)(F)F)nc3c2nnn3Cc2ccccc2C(F)(F)F)C1,7.1029
CCSc1nc(N2CCC(F)(F)C2)c2nnn(Cc3ccccc3Cl)c2n1,9.1549
FC(F)(F)CSc1nc(N2CCC(F)(F)C2)c2nnn(Cc3ccccc3Cl)c2n1,8.7212
CC(C)Sc1nc(N2CCC(F)(F)C2)c2nnn(Cc3ccccc3Cl)c2n1,8.6383
CC(C)(C)Sc1nc(N2CCC(F)(F)C2)c2nnn(Cc3ccccc3Cl)c2n1,9.0458
CCS(=O)(=O)c1nc(N2CCC(F)(F)C2)c2nnn(Cc3ccccc3Cl)c2n1,7.0625
O=S(=O)(Cc1ccccc1)c1nc(N2CCC(F)(F)C2)c2nnn(Cc3ccccc3Cl)c2n1,7.0809
CC(C)S(=O)(=O)c1nc(N2CCC(F)(F)C2)c2nnn(Cc3ccccc3Cl)c2n1,8.7696
OCCSc1nc(N2CCC(F)(F)C2)c2nnn(Cc3ccccc3Cl)c2n1,8.1308
CC(O)CSc1nc(N2CCC(F)(F)C2)c2nnn(Cc3ccccc3Cl)c2n1,7.8069
CCCCSc1nc(N2CCC(F)(F)C2)c2nnn(Cc3ccccc3Cl)c2n1,8.1612
CC(C)CSc1nc(N2CCC(F)(F)C2)c2nnn(Cc3ccccc3Cl)c2n1,8.6021
CCCCS(=O)(=O)c1nc(N2CCC(F)(F)C2)c2nnn(Cc3ccccc3Cl)c2n1,8.0555
CC(C)CS(=O)(=O)c1nc(N2CCC(F)(F)C2)c2nnn(Cc3ccccc3Cl)c2n1,8.5528
CC(O)CS(=O)(=O)c1nc(N2CCC(F)(F)C2)c2nnn(Cc3ccccc3Cl)c2n1,7.1911
COCCS(=O)(=O)c1nc(N2CCC(F)(F)C2)c2nnn(Cc3ccccc3Cl)c2n1,8.2924
CC(=O)N[C@H]1CCN(c2nc(NC(C)(C)C)nc3c2nnn3Cc2ccccc2Cl)C1,7.4202
Cc1ccc(-c2nc(C(C)(C)C)nc3c2nnn3Cc2ccccc2Cl)cc1,6.6861
CC(C)(C)c1nc(-c2ccc(F)cc2)c2nnn(Cc3ccccc3Cl)c2n1,7.5452
COc1ccc(-c2nc(C(C)(C)C)nc3c2nnn3Cc2ccccc2Cl)cc1,6.6216
CC(C)(C)c1nc(-c2ccccc2F)c2nnn(Cc3ccccc3Cl)c2n1,7.1858
CC(C)(C)c1nc(-c2ccc(Cl)cc2F)c2nnn(Cc3ccccc3Cl)c2n1,7.0545
CC(C)(C)c1nc(-c2ccc(F)nc2)c2nnn(Cc3ccccc3Cl)c2n1,8.5686
Cc1ccc(-c2nc(C(C)(C)C)nc3c2nnn3Cc2ccccc2Cl)nc1,6.3116
Cn1cc(-c2nc(C(C)(C)C)nc3c2nnn3Cc2ccccc2Cl)cn1,7.7595
Cn1nccc1-c1nc(C(C)(C)C)nc2c1nnn2Cc1ccccc1Cl,7.3536
CC(C)(C)c1nc(-c2ccccc2)c2nnn(Cc3ccccc3Cl)c2n1,7.0958
Cc1oncc1-c1nc(C(C)(C)C)nc2c1nnn2Cc1ccccc1Cl,7.1163
Cn1nccc1-c1nc(C(C)(C)C)nc2c1nnn2Cc1ccccc1S(C)(=O)=O,8.5229
Cn1nccc1-c1nc(C(C)(C)C)nc2c1nnn2Cc1nnnn1C,7.4776
Cc1nonc1Cn1nnc2c(-c3ccnn3C)nc(C(C)(C)C)nc21,8.8861
Cc1nnc(Cn2nnc3c(-c4ccnn4C)nc(C(C)(C)C)nc32)o1,6.4989
Cn1nccc1-c1nc(C(C)(C)C)nc2c1nnn2CC(O)CC(F)(F)F,7.3726
Cn1nccc1-c1nc(C(C)(C)C)nc2c1nnn2C[C@H](O)C(F)(F)F,7.1124
Cn1nccc1-c1nc(C(C)(C)C)nc2c1nnn2C1CCOC1,7.0655
Cn1nccc1-c1nc(C(C)(C)C)nc2c1nnn2C1COC1,6.7212
Cn1nccc1-c1nc(C(C)(C)C)nc2c1nnn2CCC(F)(F)F,6.8827
Cn1nccc1-c1nc(C(C)(C)C)nc2c1nnn2Cc1ncccc1Cl,7.4034
Cn1nccc1-c1nc(C(C)(C)C)nc2c1nnn2CC(C)(C)O,6.6861
Cn1nccc1-c1nc(C(C)(C)C)nc2c1nnn2CC1(C)COC1,6.3516
Cn1cc(-c2nc(C(C)(C)C)nc3c2nnn3Cc2nnnn2C)cn1,6.8069
Cn1nnnc1Cn1nnc2c(-c3cn[nH]c3)nc(C(C)(C)C)nc21,7.4949
Cn1nnnc1Cn1nnc2c(-c3cc[nH]n3)nc(C(C)(C)C)nc21,6.2381
Cc1oncc1-c1nc(C(C)(C)C)nc2c1nnn2Cc1nnnn1C,6.2882
Cn1nnnc1Cn1nnc2c(-c3ncc[nH]3)nc(C(C)(C)C)nc21,7.9031
Cn1nnnc1Cn1nnc2c(-c3cnnn3Cc3ccccc3)nc(C(C)(C)C)nc21,7.7799
Cc1nonc1Cn1nnc2c(-c3ccc(F)nc3)nc(C(C)(C)C)nc21,6.1945
CC(C)(C)c1nc(C2(O)CCC2)c2nnn(Cc3ccccc3)c2n1,8.3468
CC(C)(C)c1nc(C2(F)CCC2)c2nnn(Cc3ccccc3)c2n1,7.6198
CC(C)(C)c1nc(C2(O)CCC2)c2nnn(Cc3ccccc3Cl)c2n1,6.6326
CC(C)(C)c1nc(C2(O)CCCC2)c2nnn(Cc3ccccc3Cl)c2n1,7.4522
CC(C)(C)c1nc(C2(O)CCCCC2)c2nnn(Cc3ccccc3Cl)c2n1,6.7645
CC(C)(C)c1nc(C2(O)CCCCCC2)c2nnn(Cc3ccccc3Cl)c2n1,7.3308
CCC(O)(CC)c1nc(C(C)(C)C)nc2c1nnn2Cc1ccccc1Cl,7.3439
CC(C)(C)c1nc(C2(O)CSC2)c2nnn(Cc3ccccc3Cl)c2n1,6.7747
CC(C)(C)c1nc2c(nnn2Cc2ccccc2Cl)c([C@]2(O)C[C@H](C(F)F)C2)n1,8.0088
CC(C)(C)c1nc2c(nnn2Cc2ccccc2Cl)c([C@]2(O)C[C@@H](C(F)F)C2)n1,7.5157
CC(C)(C)c1nc(C2(O)C[S+]([O-])C2)c2nnn(Cc3ccccc3Cl)c2n1,6.9586
CC(C)(C)c1nc(C2(CF)CC2)c2nnn(Cc3ccccc3Cl)c2n1,6.0443
CC(C)(C)c1nc(C2=CCCC2)c2nnn(Cc3ccccc3Cl)c2n1,8.3979
CC(C)(C)c1nc(C2CCCC2)c2nnn(Cc3ccccc3Cl)c2n1,7.0250
CC(C)(C)c1nc(C2CCCC2)c2nnn(Cc3ccccc3)c2n1,7.5229
O=C(O)c1ccc(S(=O)(=O)N2CCC(Nc3cnnc4ccc(C(c5ccc(Cl)cc5)c5ccc(Cl)cc5)cc34)CC2)cc1,5.8309
O=C(O)c1cccc(S(=O)(=O)N2CCC(Nc3cnnc4ccc(C(c5ccc(Cl)cc5)c5ccc(Cl)cc5)cc34)CC2)c1,5.2797
O=C(O)c1ccc(S(=O)(=O)N2CCC(Nc3cnnc4ccc(C(c5ccc(Cl)cc5)c5ccc(Cl)cc5)cc34)CC2)o1,5.2518
O=C(O)c1ccc(CN2CCC(Nc3cnnc4ccc(C(c5ccc(Cl)cc5)c5ccc(Cl)cc5)cc34)CC2)s1,5.4329
O=C(O)c1ccc(S(=O)(=O)N2CCC(Nc3cnnc4ccc(C(c5ccc(Cl)cc5)c5ccc(Cl)cc5)cc34)CC2)s1,5.6686
O=C(O)c1ccc(N2CCC(Nc3cnnc4ccc(C(c5ccc(Cl)cc5)c5ccc(Cl)cc5)cc34)CC2)cc1,5.0915
O=C(O)c1ccccc1CN1CCC(Nc2cnnc3ccc(C(c4ccc(Cl)cc4)c4ccc(Cl)cc4)cc23)CC1,5.0044
COc1ccc(CNc2cnnc3ccc(C(c4ccc(Cl)cc4)c4ccc(Cl)cc4)cc23)cc1,5.4462
Oc1ccc(CNc2cnnc3ccc(C(c4ccc(Cl)cc4)c4ccc(Cl)cc4)cc23)cc1,5.2270
Clc1ccc(C(c2ccc(Cl)cc2)c2ccc3nncc(NCCc4ccccc4)c3c2)cc1,5.6082
O=S(=O)(N1CCC(Nc2cnnc3ccc(C(c4ccc(Cl)cc4)c4ccc(Cl)cc4)cc23)C1)C(F)(F)F,5.7147
O=S(=O)(c1ccccc1)N1CCC(Nc2cnnc3ccc(C(c4ccc(Cl)cc4)c4ccc(Cl)cc4)cc23)C1,6.0711
O=C(O)c1csc(S(=O)(=O)N2CCC(Nc3cnnc4ccc(C(c5ccc(Cl)cc5)c5ccc(Cl)cc5)cc34)CC2)c1,5.7033
O=S(=O)(N1CCC(Nc2cnnc3ccc(C(c4ccc(F)cc4)c4ccc(F)cc4)cc23)CC1)C(F)(F)F,5.3281
COc1ccc(C(c2ccc(Cl)cc2)c2ccc3nncc(NC4CCN(S(=O)(=O)C(F)(F)F)CC4)c3c2)cc1,6.4023
O=C(O)c1ccc(CCNc2cnnc3ccc(C(c4ccc(Cl)cc4)c4ccc(Cl)cc4)cc23)cc1,5.5539
O=C(O)c1cccc(CCNc2cnnc3ccc(C(c4ccc(Cl)cc4)c4ccc(Cl)cc4)cc23)c1,5.4001
NCCOCCOCCOCCOCCOCCOCCOCCOCCOCCOCCOCCOc1cc(NC2CCN(S(=O)(=O)C(F)(F)F)CC2)c2cc(C(c3ccc(Cl)cc3)c3ccc(Cl)cc3)ccc2n1,5.3665
COCCOCCOCCOCCOCCOCCOCCOCCOCCOCCOCCNC(=O)CCCCCOc1cc(NC2CCN(S(=O)(=O)C(F)(F)F)CC2)c2cc(C(c3ccc(Cl)cc3)c3ccc(Cl)cc3)ccc2n1,5.5229
NNC(=O)CCOCCOCCOCCOCCOCCOCCOCCOCCOCCNC(=O)CCCCCOc1cc(NC2CCN(S(=O)(=O)C(F)(F)F)CC2)c2cc(C(c3ccc(Cl)cc3)c3ccc(Cl)cc3)ccc2n1,5.8996
COCCOCCCNC(=O)CCCCCOc1cc(NC2CCN(S(=O)(=O)C(F)(F)F)CC2)c2cc(C(c3ccc(Cl)cc3)c3ccc(Cl)cc3)ccc2n1,5.7962
O=S(=O)(N1CCC(Nc2cc(OCCOCCOCCOCCOCCOCCOc3ccc(CO)cc3)nc3ccc(C(c4ccc(Cl)cc4)c4ccc(Cl)cc4)cc23)CC1)C(F)(F)F,5.5072
NNC(=O)CCOCCOCCOCCOCCOCCOCCOCCOCCOCCOCCOCCNC(=O)OCCOCCOCCOc1cc(NC2CCN(S(=O)(=O)C(F)(F)F)CC2)c2cc(C(c3ccc(Cl)cc3)c3ccc(Cl)cc3)ccc2n1,5.2676
COCCOCCOCCOCCOCCOCCOCCOCCOCCOCCNC(=O)OCc1ccc(OCCOCCOCCOCCOc2cc(NC3CCN(S(=O)(=O)C(F)(F)F)CC3)c3cc(C(c4ccc(Cl)cc4)c4ccc(Cl)cc4)ccc3n2)cc1,5.3915
O=S(=O)(N1CCC(Nc2ccnc3c(OCCOCCOCCOCCOCCOCCOCCOCCOCCOCCO)cc(C(c4ccc(Cl)cc4)c4ccc(Cl)cc4)cc23)CC1)C(F)(F)F,5.7212
CC(C)(C)OC(=O)CCOCCOCCOCCOCCOCCOCCOCCOCCOCCOCCOCCOCCOc1cc(C(c2ccc(Cl)cc2)c2ccc(Cl)cc2)cc2c(NC3CCN(S(=O)(=O)C(F)(F)F)CC3)ccnc12,5.6478
C=C(O)CCOCCOCCOCCOCCOCCOCCOCCOCCOCCOCCOCCOCCOc1cc(C(c2ccc(Cl)cc2)c2ccc(Cl)cc2)cc2c(NC3CCN(S(=O)(=O)C(F)(F)F)CC3)ccnc12,6.1308
COCCOCCOc1ccc(Nc2cc(=O)[nH]c3ccc(C(c4ccc(Cl)cc4)c4ccc(Cl)cc4)cc23)cc1,5.4815
COCCOCCOCCOCCn1c(=O)c(N2CCN(c3ccccc3)CC2)cc2cc(C(c3ccc(Cl)cc3)c3ccc(Cl)cc3)ccc21,5.2588
CCCCCn1c2ccccc2c2cc(C(=O)N3CCN(C(=O)OC(C)(C)C)CC3)ccc21,5.5291
CCCCCn1c2ccccc2c2cc(C(=O)N3CCN(CC(=O)NC(C)(C)C)CC3)ccc21,5.7060
O=C(NC1(c2ccccc2)CC1)c1nn(-c2ccc(F)cc2F)c2c1C[C@@H]1C[C@H]21,6.8473
CC(C)(C)[C@@H](CO)NC(=O)c1nn(-c2c[n+]([O-])ccn2)c2c1C[C@H]1C[C@@H]21,7.0101
CNC(=O)[C@@H](NC(=O)c1nn(-c2c[n+]([O-])ccn2)c2c1C[C@@H]1C[C@H]21)C(C)(C)C,8.8386
O=C(NC1(c2ccccn2)CCC1)c1nn(CC2CCOCC2)c2c1C[C@H]1C[C@@H]21,6.7385
CONC(=O)[C@@H](NC(=O)c1nn(-c2c[n+]([O-])ccn2)c2c1C[C@H]1C[C@@H]21)C(C)(C)C,8.4202
Cc1noc(-c2cc(OCC3CC3)c(C3CC3)cn2)n1,7.5901
c1ccc(-c2noc(-c3cc(OCC4CC4)c(C4CC4)cn3)n2)cc1,7.6364
c1c(-c2nc(C3CC3)no2)ncc(C2CC2)c1OCC1CC1,8.9208
c1c(-c2nc(C3CCCC3)no2)ncc(C2CC2)c1OCC1CC1,8.6778
c1ccc(Cc2noc(-c3cc(OCC4CC4)c(C4CC4)cn3)n2)cc1,7.1605
CC(C)(C)c1noc(-c2cc(OCC3CC3)c(C3CC3)cn2)n1,8.4007
FC(F)(F)COc1cc(-c2nc(C3CC3)no2)ncc1C1CC1,7.9547
FC(F)(F)COc1cc(-c2nc(C(F)(F)F)no2)ncc1C1CC1,7.6716
CC(C)(C)c1nc(-c2cc(OCC3CC3)c(C3CC3)cn2)no1,9.0969
CCC1(CC)COC(c2cc(OCC3CC3)c(C3CC3)cn2)=N1,9.2218
COCc1nc(-c2cc(OCC3CC3)c(C3CC3)cn2)no1,7.3316
CCc1nc(-c2cc(OCC3CC3)c(C3CC3)cn2)no1,7.4962
CC(C)c1nc(-c2cc(OCC3CC3)c(C3CC3)cn2)no1,8.4318
FC1(F)CN(c2cnc(-c3noc(C4CC4)n3)cc2OCC2CC2)C1,7.7033
Cc1noc(-c2cc(OCC(F)(F)F)c(N3CC(F)(F)C3)cn2)n1,6.4647
CC(C)(C)c1noc(-c2cc(OCC(F)(F)F)c(N3CC(F)(F)C3)cn2)n1,7.6882
OCc1nc(-c2cc(OCC3CC3)c(C3CC3)cn2)no1,6.9586
FC(F)(F)c1nc(-c2cc(OCC3CC3)c(C3CC3)cn2)no1,7.8633
CC(C)(C)[C@H]1COC(c2cc(OCC3CC3)c(C3CC3)cn2)=N1,8.4318
CCC1COC(c2cc(OCC3CC3)c(C3CC3)cn2)=N1,7.1549
c1c(C2=NC3(CCCCC3)CO2)ncc(C2CC2)c1OCC1CC1,8.3768
OC1(c2nc(-c3cc(OCC4CC4)c(C4CC4)cn3)no2)CC1,7.4535
CC1(c2nc(-c3cc(OCC4CC4)c(C4CC4)cn3)no2)CC1,8.3665
NC(=O)C1(c2nc(-c3cc(OCC4CC4)c(C4CC4)cn3)no2)CC1,6.8697
CC(C)(O)c1nc(-c2cc(OCC3CC3)c(C3CC3)cn2)no1,7.5114
CCC1(CC)COC(c2cc(OCC(F)(F)F)c(C3CC3)cn2)=N1,8.4559
CC1(c2nc(-c3cc(OCC4CC4)c(C4CC4)cn3)no2)COC1,7.7959
c1c(-c2noc(C3CNC3)n2)ncc(C2CC2)c1OCC1CC1,6.0985
CCC1(CC)COC(c2cc(OCC(F)(F)F)c(N3CC(F)(F)C3)cn2)=N1,8.5850
FC(F)(F)COc1cc(C2=NC3(CCCCC3)CO2)ncc1C1CC1,7.7122
CC(C)(C)c1nc(-c2cc(OCC3CC3)c(N3CC(F)(F)C3)cn2)no1,8.0655
CC(C)(C)c1nc(-c2cc(OCC(F)(F)F)c(N3CC(F)(F)C3)cn2)no1,7.9799
CC1(c2nc(-c3cc(OCC(F)(F)F)c(C4CC4)cn3)no2)CC1,7.8327
CC(C)(C)c1nc(-c2cc(OCC3CC3)c(N3CCC34COC4)cn2)no1,7.4841
CC(C)c1nc(-c2cc(OCC(F)(F)F)c(C3CC3)cn2)no1,7.6799
OC1(c2nc(-c3cc(OCC(F)(F)F)c(C4CC4)cn3)no2)CC1,6.6271
CC1(c2nc(-c3cc(OCC(F)(F)F)c(C4CC4)cn3)no2)COC1,6.8928
FC(F)(F)COc1cc(-c2ncon2)ncc1C1CC1,6.3625
CC(C)(C)c1noc(-c2cc(OCC(F)(F)F)c(C3CC3)cn2)n1,8.6576
CC1(C)CN=C(c2cc(OCC(F)(F)F)c(C3CC3)cn2)O1,7.2684
CC(C)c1noc(-c2cc(OCC(F)(F)F)c(C3CC3)cn2)n1,8.6383
CC(C)(C)c1nc(-c2cc(OCC3CC3)c(S(C)(=O)=O)cn2)no1,7.3883
CC(C)c1nc(-c2cc(OCC(F)(F)F)c(N3CC(F)(F)C3)cn2)no1,7.1090
OC1(c2nc(-c3cc(OCC(F)(F)F)c(N4CC(F)(F)C4)cn3)no2)CC1,6.7447
CC1(c2nc(-c3cc(OCC(F)(F)F)c(N4CC(F)(F)C4)cn3)no2)COC1,6.7799
C[C@H](Oc1cc(-c2noc(C(C)(C)C)n2)ncc1C1CC1)C(F)(F)F,7.7212
C[C@@H](Oc1cc(-c2noc(C(C)(C)C)n2)ncc1C1CC1)C(F)(F)F,7.2882
CC1(c2nc(-c3cc(OCC(F)(F)F)c(N4CC(F)(F)C4)cn3)no2)CC1,7.3391
C[C@@H](Oc1cc(-c2nc(C(C)(C)C)no2)ncc1C1CC1)C(F)(F)F,7.2090
C[C@H](Oc1cc(-c2nc(C(C)(C)C)no2)ncc1C1CC1)C(F)(F)F,7.8827
CC(C)(C)c1nc(-c2cc(OCc3ccc(F)cc3)c(C3CC3)cn2)no1,8.8539
CC(C)(C)c1nc(-c2cc(OC3COC3)c(C3CC3)cn2)no1,7.4802
CC1(COc2cc(-c3noc(C(C)(C)C)n3)ncc2C2CC2)COC1,8.1135
CC(C)(C)c1nc(-c2cc(OCC3CCCO3)c(C3CC3)cn2)no1,7.3497
CN1CCCC1COc1cc(-c2noc(C(C)(C)C)n2)ncc1C1CC1,7.8729
CC(C)(C)c1nc(-c2cc(OCC3CCO3)c(C3CC3)cn2)no1,7.8069
CN1CCC(Oc2cc(-c3noc(C(C)(C)C)n3)ncc2C2CC2)C1,7.3179
NC1(c2nc(-c3cc(OCC4CC4)c(C4CC4)cn3)no2)COC1,6.3487
CC(C)(C)c1nc(-c2cc(Oc3ccc(F)cc3)c(C3CC3)cn2)no1,8.2076
CC(C)(C)c1nc(-c2cc(OC3CCOC3)c(C3CC3)cn2)no1,7.7496
CC(C)(C)c1nc(-c2cc(OC3CCOCC3)c(C3CC3)cn2)no1,8.3665
CC(C)(C)c1c[nH]c(-c2cc(OCC(F)(F)F)c(N3CC(F)(F)C3)cn2)n1,7.0580
CC(C)(C)c1cnc(-c2cc(OCC3CC3)c(C3CC3)cn2)o1,8.7696
CC(C)C1(C)N=C(c2cc(OCC(F)(F)F)c(C3CC3)cn2)NC1=O,8.0458
CC(C)(C)c1nc(-c2cc(OCC(F)(F)F)c(S(C)(=O)=O)cn2)no1,6.3625
CCC1(C)N=C(c2cc(OCC(F)(F)F)c(C3CC3)cn2)NC1=O,7.1391
CC(C)CC1(C)N=C(c2cc(OCC(F)(F)F)c(C3CC3)cn2)NC1=O,8.0458
CC(C)(C)c1nc(-c2cc(OCC(F)(F)F)c(Cl)cn2)no1,8.2441
FC(F)(F)COc1cc(-c2noc(C3CC3)n2)ncc1Cl,6.5528
FC(F)(F)COc1cc(-c2noc(C3CC3)n2)ncc1C1CC1,7.3429
CC(C)(C)c1nc(-c2cc(N3CCC(O)C3)c(C3CC3)cn2)no1,7.2426
CC(C)(C)c1nc(-c2cc(N3CC(F)(F)C(F)(F)C3)c(C3CC3)cn2)no1,8.3279
CC(C)(C)c1nc(-c2cc(Oc3ccc(S(C)(=O)=O)cc3)c(C3CC3)cn2)no1,6.5406
CC(C)(C)c1nc(-c2cc(N3CCC4(COC4)C3)c(C3CC3)cn2)no1,7.7144
CC(C)(C)c1nc(-c2cc(N3CCC(F)(F)C3)c(C3CC3)cn2)no1,8.6778
CC(C)(C)c1nc(-c2cc(N3CCOCC3)c(C3CC3)cn2)no1,7.3747
CC(C)(C)c1nc(-c2cc(N3CCCC3)c(C3CC3)cn2)no1,8.0458
CC(C)(C)c1nc(-c2cc(S(=O)(=O)C3CC3)c(C3CC3)cn2)no1,7.3233
COC1CN(c2cc(-c3noc(C(C)(C)C)n3)ncc2C2CC2)C1,7.6757
CC(C)(C)c1nc(-c2cc(N3CC4(COC4)C3)c(C3CC3)cn2)no1,7.4214
CCOCCOc1cc(-c2noc(C(C)(C)C)n2)ncc1C1CC1,7.5214
CCC(COC)Oc1cc(-c2noc(C(C)(C)C)n2)ncc1C1CC1,7.3002
CC(C)(C)OCCOc1cc(-c2noc(C(C)(C)C)n2)ncc1C1CC1,7.4486
CC(COC(C)(C)C)Oc1cc(-c2noc(C(C)(C)C)n2)ncc1C1CC1,7.3170
COCC(C)Oc1cc(-c2noc(C(C)(C)C)n2)ncc1C1CC1,6.9469
CC(C)(C)c1nc(-c2cc(OC3CCCOC3)c(C3CC3)cn2)no1,7.2765
COC(C)CCOc1cc(-c2noc(C(C)(C)C)n2)ncc1C1CC1,7.7905
CC(C)(C)c1nc(-c2cc(OCC3COC3)c(C3CC3)cn2)no1,7.9281
C[C@H](Oc1cc(-c2noc(C3CC3)n2)ncc1C1CC1)C(F)(F)F,6.1931
CCN1CCC(Oc2cc(-c3noc(C(C)(C)C)n3)ncc2C2CC2)C1,7.1244
CC(C)N1CCC(Oc2cc(-c3noc(C(C)(C)C)n3)ncc2C2CC2)C1,7.9245
CC(C)(C)c1nc(-c2cc(OCCN3CCCC3)c(C3CC3)cn2)no1,7.2204
CC(C)(C)c1nc(-c2cc(OCCN3CCCCC3)c(C3CC3)cn2)no1,7.5834
CC(CN1CCCCC1)Oc1cc(-c2noc(C(C)(C)C)n2)ncc1C1CC1,7.1198
CN1CCCCC1COc1cc(-c2noc(C(C)(C)C)n2)ncc1C1CC1,7.7212
CC(C)(C)c1nnc(-c2cc(OC3CCOCC3)c(C3CC3)cn2)o1,7.3768
CN1CCCC(Oc2cc(-c3noc(C(C)(C)C)n3)ncc2C2CC2)C1,6.4989
CCN1CCCC(Oc2cc(-c3noc(C(C)(C)C)n3)ncc2C2CC2)C1,6.2857
CCN(CC)CC(C)Oc1cc(-c2noc(C(C)(C)C)n2)ncc1C1CC1,6.8477
CC(C)(C)c1nc(-c2cc(OCC3COCCN3)c(C3CC3)cn2)no1,7.1439
CC(C)(C)c1nc(-c2cc(OCCN3CCOCC3)c(C3CC3)cn2)no1,7.5391
CC(C)(C)c1nc(-c2cc(OC3CCCNC3)c(C3CC3)cn2)no1,7.1561
CC(C)(C)c1nc(-c2cc(OCC3(F)COC3)c(C3CC3)cn2)no1,7.5361
Cc1nc(COc2cc(-c3noc(C(C)(C)C)n3)ncc2C2CC2)c(C)o1,6.8928
Cc1cc(COc2cc(-c3noc(C(C)(C)C)n3)ncc2C2CC2)no1,7.0186
CC(C)(C)c1nc(-c2cc(Oc3cccc(S(C)(=O)=O)c3)c(C3CC3)cn2)no1,7.1561
CC(C)(C)c1nc(-c2cc(OC3CCOCC3)c(C3(F)COC3)cn2)no1,6.7905
CC(C)(C)c1nc(-c2cc(Oc3ccc(F)cc3)c(C3(F)COC3)cn2)no1,6.9872
Cc1nc(C2(C)COC(c3cc(OCC(F)(F)F)c(C4CC4)cn3)=N2)no1,7.2396
CC(C)(C)c1nc(-c2cc(OCc3ccc(F)cc3)c(C3CC3)c(Cl)n2)no1,8.3188
CC(C)(C)c1nnc(-c2cc(OCC(F)(F)F)c(C3CC3)cn2)o1,7.6478
CC(C)(C)c1nc(-c2cc(OC3CCOCC3)c(C3CC3)c(Cl)n2)no1,8.4318
CC(C)(C)c1nc(-c2cc(OCC(F)F)c(C3CC3)cn2)no1,8.6990
CC(C)(C)c1nc(-c2cc(OCCF)c(C3CC3)cn2)no1,7.8097
CC(C)(C)c1nc(-c2cc(OCc3ccccn3)c(C3CC3)cn2)no1,7.2684
CC(C)(C)c1nc(-c2cc(OCc3ccc(F)cn3)c(C3CC3)cn2)no1,7.4559
CC(C)(C)c1nc(-c2cc(OCc3cccnc3)c(C3CC3)cn2)no1,7.3279
C[C@H](Oc1cc(-c2nnc(C(C)(C)C)o2)ncc1C1CC1)C(F)(F)F,7.2007
CC(C)(C)c1noc(-c2cc(OC3CCOCC3)c(C3CC3)cn2)n1,9.0000
CN1CCC[C@H]1COc1cc(-c2nc(C(C)(C)C)no2)ncc1C1CC1,6.8356
CC(C)(C)c1noc(-c2cc(OCC(F)F)c(C3CC3)cn2)n1,8.6990
CC(C)(C)c1nc(N2CC[C@H](O)C2)c2nn(Cc3ccccc3F)nc2n1,5.9337
CC(C)(C)c1nc(N2CCC(F)(F)C2)c2nn(Cc3ccccc3CS(=O)(=O)F)nc2n1,6.1959
CC(C)(C)c1nc(N2CC[C@H](O)C2)c2nn(Cc3ccccc3CSC#N)nc2n1,6.2765
CC(C)(C)c1nc(N2CCC(F)(F)C2)c2nn(Cc3ccccc3SC#N)nc2n1,6.3439
CC(C)(C)c1nc(N2CCC(F)(F)C2)c2nn(Cc3ccccc3F)nc2n1,6.4425
CC(C)(C)c1nc(N2CCC(F)(F)C2)c2nn(Cc3ccccc3CSC#N)nc2n1,6.6757
C#Cc1cccc(S(=O)(=O)F)c1Cn1nc2nc(C(C)(C)C)nc(N3CCC(F)(F)C3)c2n1,6.3757
Cc1nonc1Cn1nnc2c(N3CCC4(C3)N=N4)nc(C(C)(C)C)nc21,7.7932
FC(F)(F)c1ccccc1Cn1nnc2c(N3CCC4(C3)N=N4)nc(C(F)(F)c3ccccc3)nc21,9.0969
CC(C)(C)c1nc(N2CCC3(C2)N=N3)c2nnn(Cc3ccccc3Cl)c2n1,8.4815
CC(C)(C)c1nc(N2CCC(F)(F)C2)c2nnn(Cc3ccccc3C3(C(F)(F)F)N=N3)c2n1,8.3768
C#Cc1ccccc1Cn1nnc2c(N3CCC4(C3)N=N4)nc(C(C)(C)C)nc21,8.2518
FC(F)(c1ccccc1)c1nc(N2CCC3(C2)N=N3)c2nnn(Cc3ccccc3Cl)c2n1,8.0044
Cc1nonc1Cn1nnc2c(N3CCC4(C3)N=N4)nc(C(F)(F)c3ccccc3)nc21,7.3420
CC(C)(C)c1nc(N2CCC(F)(F)C2)c2nnn(Cc3ccc(C4(C(F)(F)F)N=N4)cc3Cl)c2n1,7.2549
C#CCCC1(CCNC(=O)c2nonc2Cn2nnc3c(N4CCC(F)(F)C4)nc(C(C)(C)C)nc32)N=N1,5.9352
C#CCCC1(CCNC(=O)c2nonc2Cn2nnc3c(N4CC[C@H](O)C4)nc(C(C)(C)C)nc32)N=N1,6.6990
C#Cc1ccccc1Cn1nnc2c(N3CCC4(C3)N=N4)nc(C(F)(F)c3ccccc3)nc21,7.7212
C#Cc1cccc(C2(C(F)(F)F)N=N2)c1Cn1nnc2c(N3CCC(F)(F)C3)nc(C(F)(F)c3ccccc3)nc21,7.5086
C#Cc1cccc(C2(C(F)(F)F)N=N2)c1Cn1nnc2c(N3CCC(F)(F)C3)nc(C(C)(C)C)nc21,8.0458
C#Cc1cccc(C2(C(F)(F)F)N=N2)c1Cn1nnc2c(N3CC[C@H](O)C3)nc(C(C)(C)C)nc21,7.9208
C#Cc1cccc(C2(C(F)(F)F)N=N2)c1Cn1nnc2c(N3CC[C@H](O)C3)nc(C(F)(F)c3ccccc3)nc21,7.2366
CC(C)(C)c1nc(N2CC[C@H](O)C2)c2nnn(Cc3ccccc3S(=O)(=O)F)c2n1,7.7959
CC(C)(C)c1nc(N2CCC(F)(F)C2)c2nnn(Cc3ccccc3CS(=O)(=O)F)c2n1,7.9586
CC(C)(C)c1nc(N2CC[C@H](O)C2)c2nnn(Cc3ccccc3CS(=O)(=O)F)c2n1,6.5482
CC(C)(C)c1nc(N2CCC(F)(F)C2)c2nnn(Cc3ccccc3CN=C=S)c2n1,7.0555
CC(C)(C)c1nc(N2CC[C@H](O)C2)c2nnn(Cc3ccccc3CN=C=S)c2n1,7.0410
CC(C)(C)c1nc(N2CCC(F)(F)C2)c2nnn(Cc3ccccc3N=C=S)c2n1,6.5229
CC(C)(C)c1nc(N2CCC(F)(F)C2)c2nnn(Cc3ccccc3S(=O)(=O)F)c2n1,8.2218
CC(C)(C)c1nc(N2CCC(S)C2)c2nnn(Cc3ccccc3Cl)c2n1,7.0706
CC(C)(C)c1nc(N2CC(S)C2)c2nnn(Cc3ccccc3Cl)c2n1,6.4168
Cc1nonc1Cn1nnc2c(N3CC[C@H](S)C3)nc(C(C)(C)C)nc21,6.8153
Cc1nonc1Cn1nnc2c(N3CC[C@@H](S)C3)nc(C(C)(C)C)nc21,6.1938
CC(C)(C)c1nc(N2CC[C@H](S)C2)c2nnn(Cc3ccccc3Cl)c2n1,5.6026
CC(C)(C)c1nc(N2CC[C@@H](S)C2)c2nnn(Cc3ccccc3Cl)c2n1,5.8058
Cc1nonc1Cn1nnc2c(N3CCC(N=[N+]=[N-])C3)nc(C(C)(C)C)nc21,6.8633
CC(C)(C)c1nc(N2CCC(N=C=S)C2)c2nnn(Cc3ccccc3Cl)c2n1,5.8665
Cc1nonc1Cn1nnc2c(N3CCC(N=C=S)C3)nc(C(C)(C)C)nc21,6.3706
CC(C)(C)c1nc(N2CCC(N=[N+]=[N-])C2)c2nnn(Cc3ccccc3Cl)c2n1,6.6778
CSSC1CCN(c2nc(C(F)(F)c3ccccc3)nc3c2nnn3Cc2nonc2C)C1,5.9876
CSSC1CCN(c2nc(C(F)(F)c3ccccc3)nc3c2nnn3Cc2ccccc2Cl)C1,5.8626
Cc1nonc1Cn1nnc2c(N3CCC(N=[N+]=[N-])C3)nc(C(F)(F)c3ccccc3)nc21,5.8847
[N-]=[N+]=NC1CCN(c2nc(C(F)(F)c3ccccc3)nc3c2nnn3Cc2ccccc2Cl)C1,6.1373
FC(F)(c1ccccc1)c1nc(N2CCC(N=C=S)C2)c2nnn(Cc3ccccc3Cl)c2n1,5.9069
Cc1nonc1Cn1nnc2c(N3CCC(N=C=S)C3)nc(C(F)(F)c3ccccc3)nc21,5.8356
O=S(=O)(F)c1ccccc1Cn1nnc2c(N3CC[C@H](O)C3)nc(C(F)(F)c3ccccc3)nc21,5.9481
CC(C)(C)c1nc(N2CCC(F)(F)C2)c2nnn(Cc3ccccc3CSSCCO)c2n1,8.0458
O=S(=O)(F)c1ccccc1Cn1nnc2c(N3CCC(F)(F)C3)nc(C(F)(F)c3ccccc3)nc21,6.2007
FC1(F)CCN(c2nc(C(F)(F)c3ccccc3)nc3c2nnn3Cc2ccccc2CCSSc2ccccn2)C1,6.5817
OCCSSCCc1ccccc1Cn1nnc2c(N3CCC(F)(F)C3)nc(C(F)(F)c3ccccc3)nc21,6.8601
CC(C)(C)c1nc(N2CCC(F)(F)C2)c2nnn(Cc3ccccc3CCSSCCO)c2n1,8.2218
CC(C)(C)c1nc(N2CCC(F)(F)C2)c2nnn(Cc3ccccc3CCS(=O)(=O)n3nnc4ccccc43)c2n1,6.6091
CC(C)(C)c1nc(N2CCC(F)(F)C2)c2nnn(Cc3ccccc3CCS(=O)(=O)F)c2n1,7.5686
CC(C)(C)c1nc(N2CCC(F)(F)C2)c2nnn(Cc3ccccc3CCSSc3ccccn3)c2n1,7.1427
CC(C)(C)c1nc(N2CCC(F)(F)C2)c2nnn(Cc3ccccc3CCSSCCN)c2n1,7.2007
NCCSSCCc1ccccc1Cn1nnc2c(N3CCC(F)(F)C3)nc(C(F)(F)c3ccccc3)nc21,6.7520
CC(C)(C)c1nc(N2CCC(F)(F)C2)c2nnn(Cc3ccccc3CCSSCC(O)CO)c2n1,8.3010
CC(C)(C)c1cc(N2CCC(F)(F)C2)c2nnn(Cc3ccccc3SSCCO)c2n1,7.0223
CC(C)(C)c1cc(N2CCC(F)(F)C2)c2nnn(Cc3ccccc3SSc3ccccn3)c2n1,6.2668
C#Cc1cccc(S(=O)(=O)F)c1Cn1nnc2c(N3CCC(F)(F)C3)nc(C(C)(C)C)nc21,9.0000
CC(C)(C)c1nc(N2CCC(F)(F)C2)c2nn(Cc3ccc(C4(C(F)(F)F)N=N4)cc3Cl)nc2n1,5.6300
C#CCCC1(CCNC(=O)c2nonc2Cn2nc3nc(C(C)(C)C)nc(N4CCC(F)(F)C4)c3n2)N=N1,6.0306
C#CCCC1(CCNC(=O)c2nonc2Cn2nc3nc(C(C)(C)C)nc(N4CC[C@H](O)C4)c3n2)N=N1,5.5435
C#Cc1cccc(C2(C(F)(F)F)N=N2)c1Cn1nc2nc(C(F)(F)c3ccccc3)nc(N3CCC(F)(F)C3)c2n1,5.9690
C#Cc1cccc(C2(C(F)(F)F)N=N2)c1Cn1nc2nc(C(C)(C)C)nc(N3CCC(F)(F)C3)c2n1,7.0894
C#Cc1cccc(C2(C(F)(F)F)N=N2)c1Cn1nc2nc(C(C)(C)C)nc(N3CC[C@H](O)C3)c2n1,7.0035
C#Cc1cccc(C2(C(F)(F)F)N=N2)c1Cn1nc2nc(C(F)(F)c3ccccc3)nc(N3CC[C@H](O)C3)c2n1,6.4461
CC(C)(C#N)c1cc(NC(=O)C(C)(C)S(=O)(=O)CCCC(F)(F)F)on1,7.7447
CC(C)(CO)c1cc(NC(=O)C(C)(C)S(=O)(=O)CCCC(F)(F)F)on1,7.7130
CC(C)(O)c1cc(NC(=O)C(C)(C)S(=O)(=O)CCCC(F)(F)F)on1,7.3098
CC1=CC[C@@H]2[C@@H](C1)c1c(O)cc(C(C)(C)C(=O)CCCCBr)cc1OC2(C)C,9.0969
CC1=CC[C@H]2[C@@H](C1)c1c(O)cc(C(C)(C)C(=O)OCCCCC#N)cc1OC2(C)C,9.0969
CCCCOC(=O)C(C)(C)c1cc(O)c2c(c1)OC(C)(C)[C@H]1CC=C(C)C[C@@H]21,9.1549
CC1=CC[C@H]2[C@@H](C1)c1c(O)cc(C(C)(C)C(=O)OCCCCCBr)cc1OC2(C)C,9.2218
CC1=CC[C@@H]2[C@@H](C1)c1c(O)cc(C(C)(C)C(=O)OCCCN=[N+]=[N-])cc1OC2(C)C,9.0969
CCCCOC(=O)C(C)c1cc(O)c2c(c1)OC(C)(C)[C@@H]1CC=C(C)C[C@@H]21,9.0000
CC1=CC[C@@H]2[C@@H](C1)c1c(O)cc(C3(C(=O)OCCCCN=[N+]=[N-])CCC3)cc1OC2(C)C,8.5686
CCCCCCC(O)(CC(=O)O)c1cc(O)c2c(c1)OC(C)(C)[C@@H]1CC=C(C)C[C@@H]21,6.0000
CCCCCC1(c2cc(O)c3c(c2)OC(C)(C)[C@@H]2CC=C(C)C[C@@H]32)CC(=O)O1,7.2557
CC1=CC[C@@H]2[C@@H](C1)c1c(O)cc(C(C)(C)C(=O)OCCCCN3CCOCC3)cc1OC2(C)C,7.3990
CC1=CC[C@@H]2[C@@H](C1)c1ccc(C(C)(C)C(=O)OCCCN3CCOCC3)cc1OC2(C)C,8.0605
CC(C)(C(=O)OCCCCn1ccnc1)c1cc(O)c2c(c1)OC(C)(C)[C@@H]1CC=C(CO)C[C@@H]21,8.0605
CC(C)(C(=O)OCCCBr)c1cc(O)c2c(c1)OC(C)(C)[C@@H]1CC=C(CO)C[C@@H]21,9.0000
CC(C)(C(=O)OCCCC#N)c1cc(O)c2c(c1)OC(C)(C)[C@@H]1CC=C(CO)C[C@@H]21,9.0000
CC(C)(C(=O)OCCCn1ccnc1)c1cc(O)c2c(c1)OC(C)(C)[C@@H]1CC=C(CO)C[C@@H]21,9.0000
CC(C)(C(=O)OCCCN1CCOCC1)c1cc(O)c2c(c1)OC(C)(C)[C@@H]1CC=C(CO)C[C@@H]21,9.0000
CCCCOC(=O)Cc1cc(O)c2c(c1)OC(C)(C)[C@@H]1CCC(=O)C[C@@H]21,6.0000
CCCCOC(=O)C(C)(C)c1cc(O)c2c(c1)OC(C)(C)[C@@H]1CCC(=O)C[C@@H]21,8.2076
CCCCOC(=O)C(C)(C)c1cc(O)c2c(c1)OC(C)(C)[C@@H]1CC[C@@H](CO)C[C@H]21,8.1871
CCOC(=O)C(C)(C)c1cc(O)c(-c2cccc(C#N)c2)c(O)c1,7.0232
CCOC(=O)C(C)(C)c1cc(OC)c(-c2cc(C)cc(C)c2)c(OC)c1,6.0000
CCOC(=O)C(C)(C)c1cc(O)c(-c2cc(C)cc(C)c2)c(O)c1,7.3116
CCOC(=O)C(C)(C)c1cc(O)c(-c2cc(C)cc(C)c2)c(OC)c1,6.4260
CCOC(=O)C(C)(C)c1cc(OC)c(-c2cc(Cl)cc(Cl)c2)c(OC)c1,6.0000
CCOC(=O)C(C)(C)c1cc(O)c(-c2cc(Cl)cc(Cl)c2)c(O)c1,6.1549
CCOC(=O)C(C)(C)c1cc(O)c(-c2cc(Cl)cc(Cl)c2)c(OC)c1,7.6799
CCCCCC/C=C/C=C/CCCCCCCC(=O)NCCC(=O)O,4.5850
CCCCC/C=C\C=C\CCCCCCCCC(=O)NCCC(=O)O,4.5850
CCCCC/C=C\C=C\CCCCCCCCC(=O)NCC(Cc1c[nH]cn1)C(=O)O,4.4202
CCCCCC/C=C/C=C/CCCCCCCC(=O)NC(CC(=O)O)Cc1c[nH]cn1,4.4202
CC(C)[C@@]12C[C@@H]1[C@@H](C)c1c2c(C(=O)N[C@H]2c3ccccc3C[C@@H]2O)nn1-c1ccc(F)cc1F,6.4510
CNC(=O)[C@@H](NC(=O)c1nn(-c2ccc(F)cc2F)c2c1C[C@H]1C[C@@H]21)C(C)(C)C,8.9586
CC(C)(C)NC(=O)c1nn(-c2cc(Br)ccn2)c2c1C[C@H]1C[C@@H]21,5.9961
CC(C)(C)[C@H](CCC(N)=O)NC(=O)c1nn(-c2c[n+]([O-])ccn2)c2c1C[C@H]1C[C@@H]21,6.6003
CC(C)(C)[C@H](CC(N)=O)NC(=O)c1nn(-c2c[n+]([O-])ccn2)c2c1C[C@@H]1C[C@H]21,6.9788
CC(C)(C)[C@@H](NC(=O)c1nn(-c2c[n+]([O-])ccn2)c2c1C[C@H]1C[C@@H]21)OCC(N)=O,5.9208
CCCCCCC(C)(C)c1ccc([C@H]2C[C@@H](O)CC[C@H]2CCCO)c(O)c1,8.7620
C=C(C)[C@H]1CCC(C)=CC1c1c(O)cc(CCCCC)c(C(=O)OC)c1O,7.3925
C=C(C)[C@H]1CCC(C)=CC1c1c(O)cc(CCC)cc1O,7.4802
C=C(C)[C@H]1CCC(C)=CC1c1c(O)cc(CCCCC)cc1O,7.5528
C=C(C)[C@H]1CCC(C)=CC1c1c(O)cc(CCCCC)c(C(=O)OCCO)c1O,7.8894
C=C(C)[C@H]1CCC(C)=CC1c1c(O)cc(CCCCC)c(C(=O)OCC(O)CCC)c1O,9.0969
CC(NC(=O)c1c(O)c2cc(Br)cnc2n(Cc2ccc(F)cc2)c1=O)c1ccc(F)cc1,6.2596
O=C(NC1CC2(CCC2)C1)c1c(O)c2cc(Br)cnc2n(Cc2ccc(F)cc2)c1=O,6.2596
CC(NC(=O)c1c(O)c2cc(Br)cnc2n(Cc2ccc(F)cc2)c1=O)c1ccc(C#N)cc1,6.2596
O=C(NC1CC2(CCC2)C1)c1c(O)c2cc(Br)cnc2n(CCN2CCOCC2)c1=O,6.2596
CC1CCC(NC(=O)c2c(O)c3cc(-c4ccc(F)cc4)cnc3n(CCN3CCOCC3)c2=O)CC1,8.1871
O=C(NC1CC2(CCC2)C1)c1c(O)c2cc(-c3ccc(F)cc3)cnc2n(CCN2CCOCC2)c1=O,8.2147
O=C(NC12CC(C1)C2)c1c(O)c2cc(-c3ccc(F)cc3)cnc2n(CCN2CCOCC2)c1=O,7.6990
COc1ccc(-c2cnc3c(c2)c(O)c(C(=O)NC2CC4(CCC4)C2)c(=O)n3CCN2CCOCC2)cc1,8.1549
O=C(NC1CC2(CCC2)C1)c1c(O)c2cc(-c3ccc(Cl)cc3)cnc2n(CCN2CCOCC2)c1=O,6.2596
COc1ccc(-c2cnc3c(c2)c(O)c(C(=O)NC24CC(C2)C4)c(=O)n3CCN2CCOCC2)cc1,7.7696
CC1CCC(NC(=O)c2c(O)c3cc(-c4ccc(OC(F)F)cc4)cnc3n(CCN3CCOCC3)c2=O)CC1,8.0555
CC1CCC(NC(=O)c2c(O)c3cc(-c4ccc(C#N)cc4)cnc3n(CCN3CCOCC3)c2=O)CC1,7.6459
CC1CCC(NC(=O)c2c(O)c3cc(-c4ccc(C5CC5)cc4)cnc3n(CCN3CCOCC3)c2=O)CC1,6.2596
CC1CCC(NC(=O)c2c(O)c3cc(-c4ccc5c(c4)OCCO5)cnc3n(CCN3CCOCC3)c2=O)CC1,7.6990
COc1ccc(-c2cnc3c(c2)c(O)c(C(=O)NC2CCC(C)CC2)c(=O)n3CCN2CCOCC2)cc1,8.3279
CC(NC(=O)c1c(O)c2cc(-c3ccc(C#N)cn3)cnc2n(CCN2CCOCC2)c1=O)c1ccc(F)cc1,6.2596
N#Cc1ccc(-c2cnc3c(c2)c(O)c(C(=O)NC2CC4(CCC4)C2)c(=O)n3CCN2CCOCC2)nc1,6.2596
COc1ccc(-c2cnc3c(c2)cc(C(=O)NC2CCC(C)(C)CC2)c(=O)n3CCN2CCOCC2)cc1,8.6576
COc1ccc(-c2cnc3c(c2)cc(C(=O)NC2CCC(F)(F)CC2)c(=O)n3CCN2CCOCC2)cc1,8.6990
COc1ccc(-c2cnc3c(c2)cc(C(=O)NC2CCC4(CC2)CC4)c(=O)n3CCN2CCOCC2)cc1,9.1549
COc1ccc(-c2cnc3c(c2)cc(C(=O)NC2CC4(CCC4)C2)c(=O)n3CCN2CCOCC2)cc1,8.9208
COc1ccc(-c2cnc3c(c2)cc(C(=O)NC(C)c2ccc(F)cc2)c(=O)n3CCN2CCOCC2)cc1,8.9208
O=C(NC1CC2(CCC2)C1)c1cc2cc(-c3ccc(F)cc3)cnc2n(CCN2CCOCC2)c1=O,9.0969
O=C(NC1CC2(CCC2)C1)c1cc2cc(-c3ccc4c(c3)OCCO4)cnc2n(CCN2CCOCC2)c1=O,8.3979
O=C(NC1CC2(CCC2)C1)c1cc2cc(-c3ccccn3)cnc2n(CCN2CCOCC2)c1=O,9.0000
O=C(NC1CC2(CCC2)C1)c1cc2cc(-c3ccncn3)cnc2n(CCN2CCOCC2)c1=O,8.1249
N#Cc1ccc(-c2cnc3c(c2)cc(C(=O)NC2CC4(CCC4)C2)c(=O)n3CCN2CCOCC2)nc1,8.3010
O=C(NC1CC2(CCC2)C1)c1cc2cc(-c3ccc(F)cn3)cnc2n(CCN2CCOCC2)c1=O,9.2218
COc1ccc(-c2ccc3c(c2)cc(C(=O)NC2CCC(C)(C)CC2)c(=O)n3CCN2CCOCC2)cc1,8.9208
CC(C)(NC(=O)c1cc2cc(-c3ccc(C#N)cn3)cnc2n(CCN2CCOCC2)c1=O)c1ccc(F)cc1,8.1549
CC(NC(=O)c1cc2cc(-c3ccc(C#N)cn3)cnc2n(CCN2CCOCC2)c1=O)c1ccc(C#N)cc1,6.2596
N#Cc1ccc(-c2cnc3c(c2)cc(C(=O)NC2(c4ccc(F)cc4)CC2)c(=O)n3CCN2CCOCC2)nc1,7.6383
O=C(NC1CC2(CCC2)C1)c1cc2cc(-c3ccc(OC(F)F)cn3)cnc2n(Cc2ccc(F)cc2)c1=O,6.2596
N#Cc1ccc(-c2cnc3c(c2)cc(C(=O)NC2CC4(CCC4)C2)c(=O)n3CCN2CCOCC2)cc1,8.1427
N#Cc1ccc(-c2cnc3c(c2)cc(C(=O)NC24CC(C2)C4)c(=O)n3CCN2CCOCC2)cc1,8.2218
O=C(NC1CC2(CCC2)C1)c1cc2cc(-c3ccc(OC(F)F)cn3)cnc2n(CCN2CCOCC2)c1=O,7.6038
C[C@@H](NC(=O)c1cc2cc(-c3ccc(OC(F)F)cn3)cnc2n(CCN2CCOCC2)c1=O)c1ccc(F)cc1,8.3468
C[C@H](NC(=O)c1cc2cc(-c3ccc(OC(F)F)cn3)cnc2n(CCN2CCOCC2)c1=O)c1ccc(F)cc1,6.2596
COc1ccc(-c2cnc3c(c2)cc(C(=O)NC24CC(C2)C4)c(=O)n3CCN2CCOCC2)cc1,8.3665
CC1CCC(NC(=O)c2cc3cc(-c4ccc(OC(F)F)cc4)cnc3n(CCN3CCOCC3)c2=O)CC1,8.6778
O=C(NC1CC2(CCC2)C1)c1cc2cc(-c3ccc(OC(F)F)cc3)cnc2n(CCN2CCOCC2)c1=O,8.0000
CC(NC(=O)c1cc2cc(-c3ccc(OC(F)F)cn3)cnc2n(CCN2CCOCC2)c1=O)c1ccc(F)cc1,9.2218
CC(NC(=O)c1cc2cc(-c3ccc(C#N)cn3)cnc2n(CCN2CCOCC2)c1=O)c1ccc(F)cc1,8.2534
N#Cc1ccc(-c2cnc3c(c2)cc(C(=O)NC24CC(C2)C4)c(=O)n3CCN2CCOCC2)nc1,6.8861
CC(NC(=O)c1cc2cc(-c3ccc(F)cc3)cnc2n(Cc2ncccn2)c1=O)c1ccc(F)cc1,6.2596
CS(=O)(=O)c1ccc(-c2cnc3c(c2)cc(C(=O)NC2CC4(CCC4)C2)c(=O)n3Cc2ccc(F)cc2)cc1,6.2596
COc1ccc(-c2cnc3c(c2)c(C)c(C(=O)NC2CCC(C)CC2)c(=O)n3CCN2CCOCC2)cc1,6.2596
Cc1c(C(=O)NC2CC3(CCC3)C2)c(=O)n(Cc2ccc(C#N)cc2)c2ncc(Br)cc12,6.2596
Cc1c(C(=O)NC2CC3(CCC3)C2)c(=O)n(Cc2cccc(C#N)c2)c2ncc(Br)cc12,6.2596
COc1ccc(-c2cnc3c(c2)c(C)c(C(=O)NC2CCC(C)CC2)c(=O)n3Cc2ccc(F)cc2)cc1,6.2596
O=C(NC1CC2(CCC2)C1)c1cc2cc(Br)cnc2n(Cc2ccc(F)cc2)c1=O,8.3010
CC(C)c1cnc2c(c1)cc(C(=O)NC13CC(C1)C3)c(=O)n2Cc1ccc(F)cc1,8.4318
CC(C)c1cnc2c(c1)cc(C(=O)N[C@H](C)c1ccc(C#N)cc1)c(=O)n2Cc1ccc(F)cc1,8.1024
C[C@@H](NC(=O)c1cc2cc(Br)cnc2n(Cc2ccc(F)cc2)c1=O)c1ccc(F)cc1,8.3010
C=C(C)c1cnc2c(c1)cc(C(=O)N[C@H](C)c1ccc(F)cc1)c(=O)n2Cc1ccc(F)cc1,8.1739
C[C@H](NC(=O)c1cc2cc(Br)cnc2n(Cc2ccc(F)cc2)c1=O)c1ccc(F)cc1,7.9586
C[C@@H](NC(=O)c1cc2cc(Br)cnc2n(Cc2ccc(F)cc2)c1=O)c1ccc(C#N)cc1,8.1549
O=C(NC1CC2(CCC2)C1)c1cc2cc(C3CC3)cnc2n(Cc2ccc(F)cc2)c1=O,8.4437
C[C@@H](NC(=O)c1cc2cc(C3CC3)cnc2n(Cc2ccc(F)cc2)c1=O)c1ccc(F)cc1,8.3872
C[C@@H](NC(=O)c1cc2cc(C3CC3)cnc2n(Cc2ccc(F)cc2)c1=O)c1ccc(C#N)cc1,8.4949
O=C(NC1CC2(CCC2)C1)c1cc2cc(Br)cnc2n(Cc2ccc(F)cn2)c1=O,7.9208
CC(C)c1cnc2c(c1)cc(C(=O)N[C@H](C)c1ccc(F)cc1)c(=O)n2Cc1ccc(F)cn1,8.3979
C[C@@H](NC(=O)c1cc2cc(C3COC3)cnc2n(Cc2ccc(F)cc2)c1=O)c1ccc(C#N)cc1,8.1192
O=C(NC1CC2(CCC2)C1)c1cc2cc(C3COC3)cnc2n(Cc2ccc(F)cc2)c1=O,8.6383
C[C@@H](NC(=O)c1cc2cc(C3COC3)cnc2n(Cc2ccc(F)cc2)c1=O)c1ccc(F)cc1,8.5229
COc1ccc(-c2cnc3c(c2)cc(C(=O)NCc2ccc(F)cc2)c(=O)n3CCN2CCOCC2)cc1,7.8539
CC(C)c1cnc2c(c1)cc(C(=O)N[C@H](C)c1ccc(C#N)cc1)c(=O)n2Cc1ccc(F)cn1,6.2596
CC12CC(NC(=O)c3c(O)c4cc(-c5ccc(F)cc5)cnc4n(CCN4CCOCC4)c3=O)(C1)C2,6.2596
C[C@H]1C[C@H](NC(=O)c2c(O)c3cc(-c4ccc(F)cc4)cnc3n(CCN3CCOCC3)c2=O)C1,6.2596
O=C(NC12CCC(C1)C2)c1c(O)c2cc(-c3ccc(F)cc3)cnc2n(CCN2CCOCC2)c1=O,7.5376
O=C(NC12CCC(CC1)CC2)c1c(O)c2cc(-c3ccc(F)cc3)cnc2n(CCN2CCOCC2)c1=O,7.5086
CC(C)(CO)NC(=O)c1c(O)c2cc(-c3ccc(F)cc3)cnc2n(CCN2CCOCC2)c1=O,6.2596
CC(C)(C)NC(=O)c1c(O)c2cc(-c3ccc(F)cc3)cnc2n(CCN2CCOCC2)c1=O,6.2596
COC(=O)C(C)(C)NC(=O)c1c(O)c2cc(-c3ccc(F)cc3)cnc2n(CCN2CCOCC2)c1=O,6.2596
O=C(NC1(CO)CCCCC1)c1c(O)c2cc(-c3ccc(F)cc3)cnc2n(CCN2CCOCC2)c1=O,8.0458
O=C(NC12CC(C1)C2)c1c(O)c2cc(-c3ccc(F)cn3)cnc2n(CCN2CCOCC2)c1=O,6.2596
O=C(NC12CC(C1)C2)c1c(O)c2cc(C3=CCCC3)cnc2n(CCN2CCOCC2)c1=O,6.2596
O=C(NC12CC(C1)C2)c1c(O)c2cc(-c3ccc(F)cc3)cnc2n(CCN2CCCCC2)c1=O,6.2596
CN1CCN(CCn2c(=O)c(C(=O)NC34CC(C3)C4)c(O)c3cc(-c4ccc(F)cc4)cnc32)CC1,6.2596
O=C(NC12CC(C1)C2)c1c(O)c2cc(-c3ccc(F)cc3)cnc2n(CCN2CCC(F)CC2)c1=O,6.2596
O=C(NC1CC2(CCC2)C1)c1c(O)c2cccnc2n(Cc2ccc(F)cc2)c1=O,6.2596
C[C@H]1CC[C@@H](NC(=O)c2c(O)c3cccnc3n(CCN3CCOCC3)c2=O)CC1,7.8239
O=C(NC1(CO)CCCCC1)c1c(O)c2cccnc2n(CCN2CCOCC2)c1=O,6.2596
CC(C)(CO)NC(=O)c1c(O)c2cccnc2n(Cc2ccc(F)cc2)c1=O,6.2596
CC12CC(NC(=O)c3c(O)c4cccnc4n(Cc4ccc(F)cc4)c3=O)(C1)C2,6.2596
O=C(NC1CC2(CC2)C1)c1c(O)c2cccnc2n(Cc2ccc(F)cc2)c1=O,6.2596
C[C@H]1CC[C@@H](NC(=O)c2c(O)c3cccnc3n(Cc3ccc(F)cc3)c2=O)CC1,7.4685
C[C@H]1CC[C@H](NC(=O)c2c(O)c3cccnc3n(Cc3ccc(F)cc3)c2=O)CC1,5.8245
COc1ccc(-c2cnc3c(c2)c(O)c(C(=O)N[C@H](C)c2ccc(F)cc2)c(=O)n3CCN2CCOCC2)cc1,6.2596
COc1ccc(-c2cnc3c(c2)c(O)c(C(=O)NC2CCCCC2)c(=O)n3CCN2CCOCC2)cc1,6.2596
CCOC(=O)C(CC)(CC)NC(=O)c1ccc(N2CC(OC)C2)c(OC[C@H]2C[C@@H]2COCF)n1,9.2218
CCOC(=O)C(CC)(CC)NC(=O)c1ccc(N2CC(OC)C2)c(OC[C@H]2C[C@@H]2COCCF)n1,8.4318
CCOC(=O)C(CC)(CC)NC(=O)c1ccc(N2CC(OC)C2)c(OC[C@H]2C[C@@H]2CF)n1,9.3010
CCOC(=O)C(CC)(CC)NC(=O)c1ccc(N2CC(OC)C2)c(OC[C@@H]2C[C@@H]2CF)n1,9.1549
CCOC(=O)C(CC)(CC)NC(=O)c1ccc(N2CC(OC)C2)c(OC[C@@H]2C[C@@H]2COCF)n1,8.3372
CCOC(=O)C(CC)(CC)NC(=O)c1ccc(N2CC(OC)C2)c(OC[C@@H]2C[C@@H]2COCCF)n1,7.8861
CCOC(=O)C(CC)(CC)NC(=O)c1cc(F)c(N2CC(OC)C2)c(OCC2CC2)n1,8.6021
CCOC(=O)C(CC)(CC)NC(=O)c1ccc(N2CC(OC)C2)c(OCC(C)(C)COCF)n1,6.8447
CCOC(=O)C(CC)(CC)NC(=O)c1ccc(N2CC(OC)C2)c(OC[C@@H]2C[C@H]2COCF)n1,8.0862
CCC(CC)(NC(=O)c1ccc(N2CC(OC)C2)c(OC[C@@H]2C[C@H]2CO)n1)C(=O)OCF,8.7056
CCC(CC)(NC(=O)c1ccc(N2CC(OC)C2)c(OC[C@H]2C[C@@H]2CO)n1)C(=O)OCCF,9.5229
CCC(CC)(NC(=O)c1ccc(N2CC(OC)C2)c(OC[C@@H]2C[C@H]2CO)n1)C(=O)OCCF,7.9431
CCC(CC)(NC(=O)c1ccc(N2CC(OC)C2)c(OC[C@H]2C[C@@H]2CO)n1)C(=O)OCCCF,9.1259
CCC(CC)(NC(=O)c1ccc(N2CC(OC)C2)c(OC[C@@H]2C[C@H]2CO)n1)C(=O)OCCCF,7.7258
COC1CN(c2ccc(C(=O)N[C@H](COCCF)CC(C)C)nc2OCC2COC2)C1,6.4802
CC(C)C[C@@H](COCCF)NC(=O)c1ccc(N2CCCC2)c(OCC2COC2)n1,7.6778
C=CC(C=C)(NC(=O)c1ccc(N2CC(OC)C2)c(OC[C@H]2C[C@@H]2CO)n1)C(=O)OCCCF,6.2798
CCC(CC)(NC(=O)c1ccc(N2CC(O)C2)c(OC[C@H]2C[C@@H]2COCc2ccccc2)n1)C(=O)OCCCF,6.1221
CCC(CC)(NC(=O)c1ccc(N2CC(OC)C2)c(OC[C@H]2C[C@@H]2CO)n1)C(=O)OCCCOS(=O)(=O)c1ccc(C)cc1,7.4247
CCC(CC)(NC(=O)c1ccc(N2CC(OC)C2)c(OC[C@H]2C[C@@H]2CO)n1)C(=O)OCCCCF,8.7447
CCC(CC)(NC(=O)c1ccc(N2CC(OC)C2)c(OC[C@H]2C[C@@H]2CO)n1)C(=O)N[C@H](CO)CC(C)C,6.8861
CCC(CC)(NC(=O)c1ccc(N2CC(F)C2)c(OC[C@@H]2C[C@H]2CO)n1)C(=O)N[C@H](CO)CC(C)C,5.3816
CCC(CC)(NC(=O)c1ccc(N2CC(F)C2)c(OC[C@H]2C[C@@H]2CO)n1)C(=O)N[C@H](CO)CC(C)C,5.4040
CCC(CC)(NC(=O)c1ccc(N2CC(F)C2)c(OC[C@@H]2C[C@H]2CO)n1)C(=O)OCCCF,7.9626
CCC(CC)(NC(=O)c1ccc(N2CC(F)C2)c(OC[C@H]2C[C@@H]2CO)n1)C(=O)OCCCF,8.7696
CCC(CC)(NC(=O)c1ccc(N2CC(OS(=O)(=O)c3ccc(C)cc3)C2)c(OC[C@H]2C[C@@H]2CO)n1)C(=O)OCCCF,7.9318
CCC(CC)(NC(=O)c1ccc(N2CC(OC)C2)c(OC[C@H]2C[C@@H]2COCc2ccccc2)n1)C(=O)OCCCF,6.6091
CCC(CC)(NC(=O)c1ccc(N2CCCC2)c(OCC2(CO)COC2)n1)C(=O)OCF,6.4584
CCC(CC)(NC(=O)c1ccc(N2CCCC2)c(OCC2(CO)COC2)n1)C(=O)OCCF,6.2168
CCC(CC)(NC(=O)c1ccc(N2CCCC2)c(OCC2(CO)COC2)n1)C(=O)OCCCF,5.8576
CC(C)=CCC/C(C)=C/C(=O)OCC(=O)NCCc1ccc(O)c(O)c1,4.0462
CC(C)=CCC/C(C)=C/C(=O)OCC(=O)NCCc1cc(O)c(O)cc1I,4.4342
CC(C)=CCC/C(C)=C/C(=O)OCC(=O)NCCO,4.4225
C=CCNC(=O)COC(=O)CCC/C=C\C/C=C\C/C=C\C/C=C\CCCCC,4.2076
CCCCCCCCCCCC(=O)OCC(=O)NC1CC1,4.0575
CCCCCc1cc(O)c([C@H]2C=C(CO)CC[C@@H]2C(C)C)c(O)c1,7.9172
C=C(C)[C@H]1CCC(C)=C[C@@H]1c1c(O)cc(CCC)cc1O,7.4802
C=C(C)[C@H]1CCC(C)=C[C@@H]1c1c(O)cc(CCCCC)c(C(=O)OCC(O)CCC)c1O,8.0713
C=C(C)[C@H]1CCC(C)=C[C@@H]1c1c(O)cc(CCC)c(C(=O)OC)c1O,7.5528
C=C(C)[C@H]1CCC(C)=C[C@@H]1c1c(O)cc(CCCCC)c(C(=O)OCCO)c1O,7.8894
C=C(C)[C@@H]1CCC(C)=C[C@H]1c1c(O)cc(CCCCC)c(C(=O)OC)c1O,9.0969
C=C(C)C1CCC(C)=CC1O,6.4265
C=C(C)[C@@H]1CCC(C)=C[C@H]1c1c(O)cc(CCCCC)c(C(=O)OCC(O)CCC)c1O,7.1759
C=C(C)[C@@H]1CCC(C)=C[C@H]1c1c(O)cc(C(C)(C)CCCCCC)cc1O,5.7447
C=C(C)[C@H]1CCC(C)=C[C@@H]1c1c(O)cc(C(C)(C)CCCCCC)cc1O,6.6757
C=C(C)[C@@H]1CCC(CO)=C[C@H]1c1c(O)cc(C(C)(C)CCCCCC)cc1O,6.1733
C=C(C)[C@H]1CCC(CO)=C[C@@H]1c1c(O)cc(C(C)(C)CCCCCC)cc1O,7.3565
C=C(C)[C@H]1CCC(CO)=C[C@@H]1c1c(O)cc(CCCCC)cc1O,6.9957
COc1cc(C(C)(C)CCCCCCN=C=S)cc(OC)c1[C@H]1C=C(CO)[C@H]2C[C@@H]1C2(C)C,7.8827
COc1cc(C(C)(C)CCCCCCN=C=S)cc(OC)c1[C@@H]1C=C(CO)[C@@H]2C[C@H]1C2(C)C,6.9172
CCCCCCC(C)(C)c1cc(O)c(-c2c(CO)cccc2C(C)C)c(OC)c1,9.3733
C=C(C)[C@H]1CCC(C(=O)O)=C[C@@H]1c1c(O)cc(CCCCC)cc1O,6.5047
C=C(C)[C@H]1CCC(C(=O)O)=C[C@@H]1c1c(O)cc(C(C)(C)CCCCCC)cc1O,6.8083
CCCCCn1nc(C(=O)NC(C)(C)CO)cc1-c1cccs1,8.0555
CCCCCn1nc(C(=O)NC(C)(C)CO)cc1-c1cccn1C,7.3197
CCCCCn1nc(C(=O)NC(C)(C)CO)cc1-c1cccn1CC,8.1135
CCCCCn1nc(C(=O)NC(C)(C)CO)cc1-c1ccsc1,6.8492
CCCCCn1nc(C(=O)NC(C)(C)CO)cc1-c1sccc1C,6.5626
CCCCCn1nc(C(=O)NC(C)(C)CO)cc1-c1sccc1Cl,7.6676
CCCCCCC(C)(C)c1ccc([C@@H]2C[C@H](C)CC[C@H]2CCCO)c(O)c1,7.6219
CCCCn1nc(C(=O)NC(C)(C)CO)cc1-c1cccs1,7.8058
CCCCCCn1nc(C(=O)NC(C)(C)CO)cc1-c1cccs1,7.7100
CC(C)(CO)NC(=O)c1cc(-c2cccs2)n(CC2CC2)n1,6.7595
COCCn1nc(C(=O)NC(C)(C)CO)cc1-c1cccs1,6.8928
Cc1ccc(-n2nc(C(=O)NC(C)(C)CO)cc2-c2cccs2)cc1,5.9842
CC(C)(CO)NC(=O)c1cc(-c2cccs2)n(-c2ccc(F)cc2)n1,6.0694
CC(C)(CO)NC(=O)c1cc(-c2cccs2)n(-c2ccc(Cl)cc2)n1,6.1035
CCCCCn1nc(C(=O)NC(C)(C)CO)cc1-c1cc(C)cs1,7.1643
CCCCCn1nc(C(=O)NC(C)(C)CO)cc1-c1ccc(C)s1,7.5498
CCCCCn1nc(C(=O)NC(C)(C)CO)cc1-c1cc(Cl)cs1,7.4609
CCCCCn1nc(C(=O)NC(C)(C)CO)cc1-c1ccc(Cl)s1,7.4921
CCCCCn1nc(C(=O)NC(C)(C)CO)cc1-c1ccco1,7.2518
Cc1c(Br)cc(C(=O)NC2CCCCCC2)c(=O)n1CCCCCn1cc(CCCCC(=O)NCC(c2ccccc2)c2c(-c3ccccc3)[nH]c3ccccc23)nn1,6.0000
Cc1c(Br)cc(C(=O)NC2CCCCCC2)c(=O)n1CCCn1cc(CCC(=O)NCC(c2ccccc2)c2c(-c3ccccc3)[nH]c3ccccc23)nn1,8.1000
Cc1c(Br)cc(C(=O)NC2CCCCCC2)c(=O)n1CCCn1cc(CCCC(=O)NCC(c2ccccc2)c2c(-c3ccccc3)[nH]c3ccccc23)nn1,7.0000
O=[N+]([O-])CC(c1ccccc1)c1c(-c2ccccc2)[nH]c2ccccc12,8.4957
CCCCCCC(C)(C)c1cc(O)c2c(c1)OC(C)(C)c1ccc(C)c(CO)c1-2,7.0177
COCC(C)(NC(=O)c1ccc(N2CCCCC2)c(S(=O)(=O)N2CCCCC2)c1)C1CC1,9.0458
Cc1ccc(S(=O)(=O)N[C@H]2CCCOc3c2nn(-c2ccccc2Cl)c3-c2ccc(Cl)cc2)cc1,5.7825
O=S(=O)(N[C@H]1CCCOc2c1nn(-c1ccccc1Cl)c2-c1ccc(Cl)cc1)c1ccc(Cl)cc1,5.7144
CS(=O)(=O)N1CCC(N[C@H]2CCCOc3c2nn(-c2ccccc2Cl)c3-c2ccc(Cl)cc2)CC1,5.1998
CCOC(=O)N1CCC(N[C@H]2CCCOc3c2nn(-c2ccccc2Cl)c3-c2ccc(Cl)cc2)CC1,5.8150
O=S(=O)(c1ccc(Cl)cc1)N1CCC(N[C@H]2CCCOc3c2nn(-c2ccccc2Cl)c3-c2ccc(Cl)cc2)CC1,6.8962
