SMILES,pIC50
CCCCCCCC/C=C\CCCCOC(=O)CC(=O)CBr,6.4715
CCCCCC[C@H](C)OC(=O)CC(=O)CBr,5.6783
CCCCCCCOC(=O)CC(=O)CBr,5.8239
CCCCCCCC/C=C\CCCCCCCC(=O)CBr,6.0000
CCCCCCCC/C=C\CCCCCCCC(=O)C(F)(F)F,6.6651
CCCCCC[C@@H](C)OC(=O)CC(=O)CBr,5.8410
CCCCCC[C@@H](C)OC(=O)CC(=O)CCl,5.9586
CCCCC/C=C\C/C=C\C/C=C\C/C=C\CCCC(=O)OC[C@@H](O)CO,5.5229
CCCCC[C@H](O)/C=C/C=C\CCCCCCCC(=O)NCCO,6.3665
CCCCC[C@H](O)/C=C/C=C\C/C=C\C/C=C\CCCC(=O)OC[C@@H](O)CO,5.2218
CCCCC[C@H](O)/C=C/C=C\C/C=C\C/C=C\CCCC(=O)OC[C@H](O)CO,5.3010
CCCCC/C=C\C=C\C(O)C/C=C\C/C=C\CCCC(=O)NCCO,6.1612
CCCCCC(O)/C=C/C=C\C/C=C\C/C=C\CCCC(=O)NCCO,6.2007
CCCCC/C=C\C/C=C\C/C=C\C/C=C\CCCC(=O)OC[C@H](O)CO,5.6021
CCCCC/C=C\C=C\[C@@H](O)C/C=C\C/C=C\CCCC(=O)NCCO,6.2441
CCCCC/C=C\C/C=C\C/C=C\C/C=C\CCCC(=O)OC(CO)CO,5.3010
CCCCC/C=C\C[C@@H](O)/C=C/C=C\C/C=C\CCCC(=O)NCCO,5.5376
CCCCC/C=C\C/C=C\C/C=C\C=C\[C@@H](O)CCCC(=O)NCCO,5.7235
CCCCC/C=C\C/C=C\C/C=C\C=C\[C@H](O)CCCC(=O)NCCO,5.5986
CCCCC[C@H](O)/C=C/C=C\C=C\[C@@H](O)C/C=C\CCCC(=O)NCCO,6.1612
CCCCC[C@@H](O)/C=C/C=C\C/C=C\C/C=C\CCCC(=O)NCCO,6.2007
CCCCC[C@@H](O)/C=C/C=C\C/C=C\C=C\[C@H](O)CCCC(=O)NCCO,5.8996
CCCCCCCC/C=C\CCCCCCCC(=O)c1ncco1,6.3495
CCCCCCCC/C=C\CCCCCCCC(=O)c1ncc(-c2ccccn2)o1,8.0000
CCCCCCCC(=O)C(F)(F)F,5.2218
CCCCCCCCCC(=O)C(F)(F)F,5.0000
CCCCCCCCCCCC(=O)C(F)(F)F,5.9269
CCCCCCCCCCCCCCCCCC(=O)C(F)(F)F,5.1938
O=C(CCCCCc1ccccc1)C(F)(F)F,5.3010
O=C(CCCCCCc1ccccc1)C(F)(F)F,5.3010
O=C(CCCCCCCc1ccccc1)C(F)(F)F,6.6505
CCCCCCCC/C=C\CCCCCCCC(=O)c1nc2ccccc2o1,5.0000
CCCCCCCC/C=C\CCCCCCCC(=O)c1nc2ncccc2o1,7.8861
O=C(CCCCCc1ccccc1)c1nc2ccccc2o1,5.0000
O=C(CCCCCc1ccccc1)c1nc2ncccc2o1,9.6990
O=C(CCCCCCc1ccccc1)c1nc2ncccc2o1,8.6778
CCCCCCCCC#CCCCCCCCC(=O)c1nc2ncccc2o1,8.6990
O=C(CCCCCCc1ccccc1)c1ncc(-c2ccccn2)o1,8.0458
CCCCCCCCC#CCCCCCCCC(=O)c1ncc(-c2ccccn2)o1,7.6990
CCCCCCCC/C=C/CCCCCCCC(=O)C(F)(F)F,5.3010
CCCCCCCC/C=C\CCCCCCCC(=O)c1ncc(-c2ccccc2)o1,5.3010
O=C(CCCCCc1ccccc1)c1ncc(-c2ccccn2)o1,7.3979
O=C(CCCCCCCc1ccccc1)c1nc2ncccc2o1,9.4089
O=C(CCCCCCCc1ccccc1)c1ncc(-c2ccccn2)o1,8.0969
O=C(CCCCCCCCc1ccccc1)c1nc2ncccc2o1,9.2840
O=C(CCCCCCCCc1ccccc1)c1ncc(-c2ccccn2)o1,7.5229
CCCCCCCC/C=C\CCCCCCCC(=O)c1nnc(-c2ccccc2)o1,6.6990
CCCCCCCC/C=C\CCCCCCCC(=O)c1nnc(-c2ccccn2)o1,8.3979
O=C(CCCCCCc1ccccc1)c1nnc(-c2ccccn2)o1,9.0000
O=C(CCCCCCc1ccccc1)c1nnc(-c2cccnc2)o1,7.6990
O=C(CCCCCCc1ccccc1)c1nnc(-c2ccncc2)o1,7.6990
O=C(CCCCCc1ccccc1)c1nnc(-c2ccccn2)o1,8.3979
O=C(CCCCCCCc1ccccc1)c1nnc(-c2ccccn2)o1,9.2218
O=C(CCCCCCCCc1ccccc1)c1nnc(-c2ccccn2)o1,9.0969
CCCCCCCC/C=C\CCCCCCCC(N)=O,4.1675
O=S(=O)(F)Cc1ccccc1,4.8861
CCCCC/C=C\C/C=C\C/C=C\C/C=C\CCCCP(=O)(F)OC,9.2400
CCCCC/C=C\C/C=C\C/C=C\C/C=C\CCCC(=O)C=[N+]=[N-],8.2218
CCCCCCCCCCCCS(=O)(=O)F,8.5229
CCCCCCCCCCCCCCCCCCS(=O)(=O)F,8.3979
CCCCCCCCCCCCP(=O)(F)OC,8.5229
CCCCC/C=C\C/C=C\C/C=C\C/C=C\CCCCS(=O)(=O)F,10.0000
O=C1O/C(=C/Br)CCC1c1cccc2ccccc12,6.0969
CCCCC/C=C\C/C=C\C/C=C\C/C=C\CCCC(=O)C(F)(F)F,7.9101
CCCCCCCc1ccc(CCCCCCC(=O)C(F)(F)F)cc1,7.0177
CCCCCCCCCCCCCCCC(=O)NC(C)C,7.8861
CCCCCCCCCCCCCCCC(=O)NCC(=O)OC,5.0000
CCCCCCCCCCCCCCCNC(=O)COC(C)=O,5.0969
CCCCC/C=C\C/C=C\C/C=C\C/C=C\CCCC(=O)NCCc1c[nH]c2ccc(O)cc12,4.9727
CCCCC/C=C\C/C=C\CC/C=C\CCCC(=O)NCCc1ccc(O)c(O)c1,4.7212
CCCCC/C=C\C/C=C\C/C=C\C/C=C\CCCC(=O)NCC(=O)O,5.1549
CCCCC/C=C\C/C=C\C/C=C\C/C=C\CCCC(=O)c1nc2ncccc2o1,9.0000
CCCCCCCC/C=C\CCCCCCC(C)C(=O)c1nc2ncccc2o1,8.0410
CC(C)c1cccc(C(C)C)c1O,4.2840
CCCCC/C=C\C/C=C\C/C=C\C/C=C\CCC(C)C(=O)OCC(O)CO,4.9586
CC(C)(/C=C\C/C=C\C/C=C\C/C=C\CCCC(=O)OCC(O)CO)CCCCC#N,4.9586
CC(C)(/C=C\C/C=C\C/C=C\C/C=C\CCCC(=O)OCC(O)CO)CCCCO,4.9586
O=C(CCCCCCc1ccccc1)c1ncc(-c2cccc(F)c2)o1,7.3010
O=C(O)c1cccc(-c2cnc(C(=O)CCCCCCc3ccccc3)o2)c1,8.3010
COC(=O)c1cccc(-c2cnc(C(=O)CCCCCCc3ccccc3)o2)c1,7.9208
Nc1cccc(-c2cnc(C(=O)CCCCCCc3ccccc3)o2)c1,7.7212
O=C(CCCCCCc1ccccc1)c1ncc(-c2cccc([N+](=O)[O-])c2)o1,7.5528
N#Cc1ccccc1-c1cnc(C(=O)CCCCCCc2ccccc2)o1,6.8861
O=C(CCCCCCc1ccccc1)c1ncc(-c2ccccc2C(=O)C(F)(F)F)o1,5.3010
NC(=O)c1ccccc1-c1cnc(C(=O)CCCCCCc2ccccc2)o1,6.5229
NS(=O)(=O)c1ccccc1-c1cnc(C(=O)CCCCCCc2ccccc2)o1,5.8239
O=C(CCCCCCc1ccccc1)c1ncc(-c2ccccc2O)o1,6.7696
COc1ccccc1-c1cnc(C(=O)CCCCCCc2ccccc2)o1,6.3979
O=C(CCCCCCc1ccccc1)c1ncc(-c2ccccc2F)o1,6.9586
O=C(CCCCCCc1ccccc1)c1ncc(-c2ccccc2C(=O)O)o1,5.2218
COC(=O)c1ccccc1-c1cnc(C(=O)CCCCCCc2ccccc2)o1,7.2218
Nc1ccccc1-c1cnc(C(=O)CCCCCCc2ccccc2)o1,6.1249
O=C(CCCCCCc1ccccc1)c1ncc(-c2ccccc2[N+](=O)[O-])o1,6.8861
O=C(CCCCCCc1ccccc1)c1ncc(-c2ccccc2)o1,7.0969
O=C(CCCCCCc1ccccc1)c1ncc(-c2cccs2)o1,7.2596
O=C(CCCCCCc1ccccc1)c1ncc(-c2ccco2)o1,7.9208
COc1cccc(-c2cnc(C(=O)CCCCCCc3ccccc3)o2)c1,7.3979
NC(=O)c1ccc(-c2cnc(C(O)CCCCCCc3ccccc3)o2)nc1,5.5229
NC(=O)c1cccc(-c2cnc(C(O)CCCCCCc3ccccc3)o2)n1,5.6778
O=C(O)c1ccc(-c2cnc(C(O)CCCCCCc3ccccc3)o2)nc1,4.3468
COC(=O)c1cccc(-c2cnc(C(O)CCCCCCc3ccccc3)o2)n1,5.6383
O=c1cc(-c2cnc(C(O)CCCCCCc3ccccc3)o2)[nH]c(=O)[nH]1,5.6021
CN(C)C(=O)c1cnc(C(O)CCCCCCc2ccccc2)o1,4.7959
NC(=O)c1cnc(C(O)CCCCCCc2ccccc2)o1,4.6021
COC(=O)c1cnc(C(O)CCCCCCc2ccccc2)o1,5.6990
OC(CCCCCCc1ccccc1)c1ncc(C(F)(F)F)o1,5.6383
N#Cc1cnc(C(O)CCCCCCc2ccccc2)o1,5.3768
O=C(CCCCCCc1ccccc1)c1ncc(-c2c[nH]c(=O)[nH]c2=O)o1,6.3117
O=C(CCCCCCc1ccccc1)c1ncc(-c2cc(=O)[nH]c(=O)[nH]2)o1,8.1109
CSc1cnc(C(=O)CCCCCCc2ccccc2)o1,7.6021
O=C(CCCCCCc1ccccc1)c1ncc(F)o1,7.5229
O=C(CCCCCCc1ccccc1)c1ncc(Cl)o1,8.3010
O=C(CCCCCCc1ccccc1)c1ncc(Br)o1,8.5229
O=C(CCCCCCc1ccccc1)c1ncc(I)o1,8.5229
O=C(CCCCCCc1ccccc1)c1ncc(C(F)(F)F)o1,9.0969
Cc1cnc(C(=O)CCCCCCc2ccccc2)o1,7.0969
N#Cc1cnc(C(=O)CCCCCCc2ccccc2)o1,9.1990
O=C(CCCCCCc1ccccc1)c1ncc(C(=O)N2CCCCC2)o1,7.2218
O=C(CCCCCCc1ccccc1)c1ncc(C(=O)N2CCSCC2)o1,8.0000
O=C(CCCCCCc1ccccc1)c1ncc(C(=O)N2CCOCC2)o1,7.6198
CN1CCN(C(=O)c2cnc(C(=O)CCCCCCc3ccccc3)o2)CC1,7.0969
O=Cc1cnc(C(=O)CCCCCCc2ccccc2)o1,8.2218
O=C(CCCCCCc1ccccc1)c1ncc(C(=O)C(F)(F)F)o1,8.4269
CC(=O)c1cnc(C(=O)CCCCCCc2ccccc2)o1,8.6990
CN(C)C(=O)c1cnc(C(=O)CCCCCCc2ccccc2)o1,8.6990
CNC(=O)c1cnc(C(=O)CCCCCCc2ccccc2)o1,8.1549
NC(=O)c1cnc(C(=O)CCCCCCc2ccccc2)o1,8.3010
COC(=O)c1cnc(C(=O)CCCCCCc2ccccc2)o1,9.0458
O=C(O)c1cnc(C(=O)CCCCCCc2ccccc2)o1,7.5089
O=C(CCCCCCc1ccccc1)c1ncco1,7.3188
O=C(CCCCCCc1ccccc1)c1ncc(-c2cnc(C(=O)CCCCCCc3ccccc3)o2)o1,5.4559
O=C(CCCCCCc1ccccc1)c1ncc(-c2nnn[nH]2)o1,7.2007
COc1ncc(-c2cnc(C(=O)CCCCCCc3ccccc3)o2)c(OC)n1,6.3154
COc1cc(-c2cnc(C(=O)CCCCCCc3ccccc3)o2)nc(OC)n1,7.3495
O=C(CCCCCCc1ccccc1)c1ncc(-c2cncnc2)o1,7.6576
O=C(CCCCCCc1ccccc1)c1ncc(-c2ncccn2)o1,8.3065
O=C(CCCCCCc1ccccc1)c1ncc(-c2ccncn2)o1,8.6383
NS(=O)(=O)c1ccc(-c2cnc(C(=O)CCCCCCc3ccccc3)o2)s1,8.5229
O=C(CCCCCCc1ccccc1)c1ncc(-c2ccc(C(=O)O)s2)o1,7.9586
COC(=O)c1ccc(-c2cnc(C(=O)CCCCCCc3ccccc3)o2)s1,8.1549
O=C(O)c1ccc(-c2cnc(C(=O)CCCCCCc3ccccc3)o2)o1,6.9472
COC(=O)c1ccc(-c2cnc(C(=O)CCCCCCc3ccccc3)o2)o1,8.2596
NC(=O)c1cccc(-c2cnc(C(=O)CCCCCCc3ccccc3)o2)n1,9.0000
NC(=O)c1ccc(-c2cnc(C(=O)CCCCCCc3ccccc3)o2)nc1,8.9208
O=C(O)c1cccc(-c2cnc(C(=O)CCCCCCc3ccccc3)o2)n1,7.6420
O=C(O)c1ccc(-c2cnc(C(=O)CCCCCCc3ccccc3)o2)nc1,8.0969
O=C(O)c1ccnc(-c2cnc(C(=O)CCCCCCc3ccccc3)o2)c1,7.3010
COC(=O)c1cccc(-c2cnc(C(=O)CCCCCCc3ccccc3)o2)n1,8.0969
COC(=O)c1ccc(-c2cnc(C(=O)CCCCCCc3ccccc3)o2)nc1,8.4559
COC(=O)c1ccnc(-c2cnc(C(=O)CCCCCCc3ccccc3)o2)c1,9.0540
COC(=O)c1cccnc1-c1cnc(C(=O)CCCCCCc2ccccc2)o1,6.8861
O=C(CCCCCCc1ccccc1)c1ncc(-c2cc(F)ccn2)o1,8.6505
Nc1ccnc(-c2cnc(C(=O)CCCCCCc3ccccc3)o2)c1,7.0353
O=C(CCCCCCc1ccccc1)c1ncc(-c2cc([N+](=O)[O-])ccn2)o1,8.6454
O=C(CCCCCCc1ccccc1)c1ncc(-c2cc(C(F)(F)F)ccn2)o1,8.6399
N#Cc1ccnc(-c2cnc(C(=O)CCCCCCc3ccccc3)o2)c1,9.0278
COc1ccnc(-c2cnc(C(=O)CCCCCCc3ccccc3)o2)c1,8.9332
Cc1cccc(-c2cnc(C(=O)CCCCCCc3ccccc3)o2)n1,8.4815
Cc1ccc(-c2cnc(C(=O)CCCCCCc3ccccc3)o2)nc1,8.5528
Cc1ccnc(-c2cnc(C(=O)CCCCCCc3ccccc3)o2)c1,9.1109
Cc1cccnc1-c1cnc(C(=O)CCCCCCc2ccccc2)o1,7.8239
N#Cc1ccc(-c2cnc(C(=O)CCCCCCc3ccccc3)o2)cc1,7.3979
O=C(CCCCCCc1ccccc1)c1ncc(-c2ccc(C(=O)C(F)(F)F)cc2)o1,7.1871
NC(=O)c1ccc(-c2cnc(C(=O)CCCCCCc3ccccc3)o2)cc1,8.0000
NS(=O)(=O)c1ccc(-c2cnc(C(=O)CCCCCCc3ccccc3)o2)cc1,8.0000
O=C(CCCCCCc1ccccc1)c1ncc(-c2ccc(O)cc2)o1,6.8539
COc1ccc(-c2cnc(C(=O)CCCCCCc3ccccc3)o2)cc1,7.0000
O=C(CCCCCCc1ccccc1)c1ncc(-c2ccc(F)cc2)o1,7.2076
O=C(O)c1ccc(-c2cnc(C(=O)CCCCCCc3ccccc3)o2)cc1,7.2218
COC(=O)c1ccc(-c2cnc(C(=O)CCCCCCc3ccccc3)o2)cc1,7.3979
Nc1ccc(-c2cnc(C(=O)CCCCCCc3ccccc3)o2)cc1,7.0458
O=C(CCCCCCc1ccccc1)c1ncc(-c2ccc([N+](=O)[O-])cc2)o1,7.3010
N#Cc1cccc(-c2cnc(C(=O)CCCCCCc3ccccc3)o2)c1,7.8239
O=C(CCCCCCc1ccccc1)c1ncc(-c2cccc(C(=O)C(F)(F)F)c2)o1,7.7959
NC(=O)c1cccc(-c2cnc(C(=O)CCCCCCc3ccccc3)o2)c1,8.2218
NS(=O)(=O)c1cccc(-c2cnc(C(=O)CCCCCCc3ccccc3)o2)c1,8.6990
O=C(CCCCCCc1ccccc1)c1ncc(-c2cccc(O)c2)o1,7.3010
O=C(CCc1ccc(OCc2ccccc2)cc1)c1nc2ncccc2o1,9.2218
O=C(CCc1ccc(COc2ccccc2)cc1)c1ncc(-c2ccccn2)o1,8.3010
O=C(CCc1ccc(OCc2ccccc2)cc1)c1ncc(-c2ccccn2)o1,9.3468
O=C(CCCCCCc1cccc(Cl)c1Cl)c1ncc(-c2ccccn2)o1,8.9208
O=C(CCc1ccc(-c2ccccc2)cc1)c1ncc(-c2ccccn2)o1,8.8313
Cc1nc(-c2ccccc2)c(-c2ccccc2)n1CCCCCCNC(=O)Nc1ccccc1,5.0000
Cc1nc(-c2ccccc2)c(-c2ccccc2)n1CCCCCC(NC(=O)Oc1ccccc1F)c1ccccc1,6.9586
Cc1nc(-c2ccccc2)c(-c2ccccc2)n1CCCCCC(NC(=O)Oc1ccccc1F)C(C)C,6.6021
CCC(CCCCCn1c(C)nc(-c2ccccc2)c1-c1ccccc1)NC(=O)Oc1ccccc1F,7.5229
Cc1nc(-c2ccccc2)c(-c2ccccc2)n1CCCCCC(C)NC(=O)Oc1ccccc1F,8.3768
Cc1nc(-c2ccccc2)c(-c2ccccc2)n1CCCCCCNC(=O)Oc1ccccc1,8.2757
COC(=O)COc1ccc(-n2cnc(-c3ccccc3)c2-c2ccccc2)cc1,6.1739
Cc1nc(-c2ccc(F)cc2)c(-c2ccc(F)cc2)n1CCCCCCNC(=O)Oc1c(F)cccc1F,7.6198
Cc1nc(-c2ccc(F)cc2)c(-c2ccc(F)cc2)n1CCCCCCNC(=O)Oc1ccccc1F,8.0000
CCOC(=O)CCCCCCn1c(C)nc(-c2ccc(F)cc2)c1-c1ccc(F)cc1,7.1938
Cc1nc(-c2ccccc2)c(-c2ccccc2)n1CCCCCCNC(=O)Oc1ccccc1F,8.6990
Cc1nc(-c2ccccc2)c(-c2ccccc2)n1CCCCCCC(=O)N(C)C,6.0132
CNC(=O)CCCCCCn1c(C)nc(-c2ccccc2)c1-c1ccccc1,5.7696
CCOC(=O)CC(CC)CCCCCn1c(C)nc(-c2ccccc2)c1-c1ccccc1,5.0044
CCOC(=O)CC(C)CCCCCn1c(C)nc(-c2ccccc2)c1-c1ccccc1,6.8861
CCc1nc(-c2ccccc2)c(-c2ccccc2)n1CCCCCCCC(=O)OC,7.5086
CCOC(=O)CCCCCCn1c(CC)nc(-c2ccccc2)c1-c1ccccc1,7.9586
CCOC(=O)CCCCCn1c(CC)nc(-c2ccccc2)c1-c1ccccc1,7.4949
CCOC(=O)CCCOc1cccc(-n2cnc(-c3ccccc3)c2-c2ccccc2)c1,7.0410
COC(=O)COc1cccc(-n2cnc(-c3ccccc3)c2-c2ccccc2)c1,5.1871
CCOC(=O)CCCOc1ccc(-n2cnc(-c3ccccc3)c2-c2ccccc2)cc1,7.1938
CCCCCCCCCCCCSCC(=O)C(F)(F)F,7.0632
CCCCCCCCCCSCC(=O)C(F)(F)F,6.8452
CCCCCCCCSCC(=O)C(F)(F)F,6.5806
CCCCCCSCC(=O)C(F)(F)F,5.6560
CCCCCCCCCCC(=O)C(F)(F)F,5.8239
CCCCCCCCCCCCS(=O)(=O)CC(=O)C(F)(F)F,6.5775
CCCCCCCCCCS(=O)(=O)CC(=O)C(F)(F)F,5.5902
CCCCCCCCS(=O)(=O)CC(=O)C(F)(F)F,4.7388
CCCCCCCCCCCC[S+]([O-])CC(=O)C(F)(F)F,6.2892
CCCCCCCCCC[S+]([O-])CC(=O)C(F)(F)F,5.9944
CCCCCCCC[S+]([O-])CC(=O)C(F)(F)F,5.0220
N#Cc1cnc(C(=O)CCc2ccc(-c3ccccc3)cc2)o1,9.5850
N#Cc1cnc(C(=O)CCc2ccc(COc3ccccc3)cc2)o1,9.2924
O=C(CCc1ccc(COc2ccccc2)cc1)c1ncc(C(F)(F)F)o1,9.1739
N#Cc1cnc(C(=O)CCc2ccc(Oc3ccccc3)cc2)o1,9.0706
O=C(CCc1ccc(Oc2ccccc2)cc1)c1ncc(C(F)(F)F)o1,9.0000
COC(=O)c1cccc(-c2cnc(C(=O)CCc3ccc(-c4ccccc4)cc3)o2)n1,8.9208
O=C(CCCC1CCN(C(=O)OCc2ccccc2)CC1)c1ncco1,8.3979
CC(C)OC(=O)N1CCC(CCCC(=O)c2ncco2)CC1,8.3979
CC(C)S(=O)(=O)N1CCC(CCCC(=O)c2ncco2)CC1,6.8539
CC(C)(C)CC(=O)N1CCC(CCCC(=O)c2ncco2)CC1,7.0458
CC(C)C(=O)N1CCC(CCCC(=O)c2ncco2)CC1,6.6021
O=C(CCCC1CCN(S(=O)(=O)CCc2ccccc2)CC1)c1ncco1,8.2218
O=C(CCCC1CCN(S(=O)(=O)Cc2ccccc2)CC1)c1ncco1,6.2218
O=C(CCCC1CCN(S(=O)(=O)c2ccccc2)CC1)c1ncco1,8.6021
O=C(CCCC1CCN(C(=O)CCC2CCCCC2)CC1)c1ncco1,8.5229
O=C(CCCC1CCN(C(=O)CC2CCCCC2)CC1)c1ncco1,7.0000
O=C(CCCC1CCN(C(=O)C2CCCCC2)CC1)c1ncco1,7.3468
O=C(CCCC1CCN(C(=O)CCc2ccccc2)CC1)c1ncco1,7.6576
O=C(CCCC1CCN(C(=O)Cc2ccccc2)CC1)c1ncco1,6.3010
O=C(CCCC1CCN(C(=O)c2ccccc2)CC1)c1ncco1,7.1135
CC(C)(C)OC(=O)N1CCC(CCCC(=O)c2ncco2)CC1,8.6990
O=C(CCCC1CCNCC1)c1ncco1,5.2441
CC(C)c1ccc(CN2CCC(CCCC(=O)c3ncco3)CC2)cc1,8.4437
CC(C)c1cccc(CN2CCC(CCCC(=O)c3ncco3)CC2)c1,8.7218
CC(C)Oc1ccc(CN2CCC(CCCC(=O)c3ncco3)CC2)cc1,7.8539
CC(C)Oc1cccc(CN2CCC(CCCC(=O)c3ncco3)CC2)c1,8.3010
O=C(CCCC1CCN(Cc2ccc(Br)cc2)CC1)c1ncco1,7.3468
O=C(CCCC1CCN(Cc2cccc(Br)c2)CC1)c1ncco1,8.0000
O=C(CCCC1CCN(Cc2ccccc2Br)CC1)c1ncco1,6.5017
O=C(CCCC1CCN(Cc2ccc(Cl)cc2)CC1)c1ncco1,7.1805
O=C(CCCC1CCN(Cc2cccc(Cl)c2)CC1)c1ncco1,7.2218
O=C(CCCC1CCN(Cc2ccccc2Cl)CC1)c1ncco1,6.5850
COc1ccc(CN2CCC(CCCC(=O)c3ncco3)CC2)cc1,6.8861
COc1cccc(CN2CCC(CCCC(=O)c3ncco3)CC2)c1,7.4685
COc1ccccc1CN1CCC(CCCC(=O)c2ncco2)CC1,5.3979
Cc1ccc(CN2CCC(CCCC(=O)c3ncco3)CC2)cc1,6.3979
Cc1cccc(CN2CCC(CCCC(=O)c3ncco3)CC2)c1,7.0458
Cc1ccccc1CN1CCC(CCCC(=O)c2ncco2)CC1,5.9208
O=C(CCCC1CCN(Cc2ccccc2)CC1)c1ncco1,6.5017
O=C(Nc1ccccc1)N1CCN(c2nc(-c3ccccc3)ns2)CC1,7.4815
Cc1cccc(-c2nsc(N3CCN(C(=O)Nc4ccccc4)CC3)n2)c1,7.1612
O=C(Nc1ccccc1)N1CCN(c2nc(-c3ccc(F)cc3)ns2)CC1,6.0794
CSc1ccccc1NC(=O)N1CCN(c2nc(-c3ccccc3)ns2)CC1,5.9722
O=C(Nc1ccc([N+](=O)[O-])cc1)N1CCN(c2nc(-c3ccccc3)ns2)CC1,5.0000
O=C(Nc1ccc(OC(F)(F)F)cc1)N1CCN(c2nc(-c3ccccc3)ns2)CC1,5.3010
O=C(Nc1ccccc1F)N1CCN(c2nc(-c3ccccc3)ns2)CC1,8.3606
O=C(Nc1cccc(F)c1)N1CCN(c2nc(-c3ccccc3)ns2)CC1,6.8447
O=C(Nc1ccc(F)cc1)N1CCN(c2nc(-c3ccccc3)ns2)CC1,7.0177
O=C(Nc1ccccc1Cl)N1CCN(c2nc(-c3ccccc3)ns2)CC1,7.4989
O=C(Nc1cccc(Cl)c1)N1CCN(c2nc(-c3ccccc3)ns2)CC1,6.5901
O=C(Nc1ccc(Cl)cc1)N1CCN(c2nc(-c3ccccc3)ns2)CC1,6.4597
Cc1ccccc1NC(=O)N1CCN(c2nc(-c3ccccc3)ns2)CC1,5.6990
Cc1cccc(NC(=O)N2CCN(c3nc(-c4ccccc4)ns3)CC2)c1,6.7144
Cc1ccc(NC(=O)N2CCN(c3nc(-c4ccccc4)ns3)CC2)cc1,5.8861
COc1ccccc1NC(=O)N1CCN(c2nc(-c3ccccc3)ns2)CC1,6.7620
COc1cccc(NC(=O)N2CCN(c3nc(-c4ccccc4)ns3)CC2)c1,5.7305
COc1ccc(NC(=O)N2CCN(c3nc(-c4ccccc4)ns3)CC2)cc1,6.8182
O=C(Nc1ccncc1)N1CCN(c2nc(-c3ccccc3)ns2)CC1,7.5735
O=C(Nc1nn[nH]n1)N1CCN(c2nc(-c3ccccc3)ns2)CC1,6.4949
O=C(Nc1ccon1)N1CCN(c2nc(-c3ccccc3)ns2)CC1,7.1549
O=C(Nc1nc(-c2ccccc2)cs1)N1CCN(c2nc(-c3ccccc3)ns2)CC1,6.4949
O=C(Nc1cc(-c2ccccc2)n[nH]1)N1CCN(c2nc(-c3ccccc3)ns2)CC1,5.9842
O=C(Nc1ccn[nH]1)N1CCN(c2nc(-c3ccccc3)ns2)CC1,5.9329
O=C(Nc1cccc2nsnc12)N1CCN(c2nc(-c3ccccc3)ns2)CC1,8.6946
O=C(Nc1cnccn1)N1CCN(c2nc(-c3ccccc3)ns2)CC1,7.6383
O=C(Nc1nccnn1)N1CCN(c2nc(-c3ccccc3)ns2)CC1,5.5740
O=C(Nc1ccc(Cl)nn1)N1CCN(c2nc(-c3ccccc3)ns2)CC1,7.3010
N#Cc1cncnc1NC(=O)N1CCN(c2nc(-c3ccccc3)ns2)CC1,6.5969
COc1cc(NC(=O)N2CCN(c3nc(-c4ccccc4)ns3)CC2)ncn1,7.8861
O=C(Nc1ccncn1)N1CCN(c2nc(-c3ccccc3)ns2)CC1,7.9872
O=C(Nc1ncccn1)N1CCN(c2nc(-c3ccccc3)ns2)CC1,6.5751
O=C(Nc1cccnc1)N1CCN(c2nc(-c3ccccc3)ns2)CC1,8.3143
NC(=O)c1cccc(-c2cccc(OC(=O)NC3CCCCC3)c2)c1,7.5072
Cc1ccc2nc(-c3ccc(NC(=O)C4CCN(S(=O)(=O)c5cccs5)CC4)cc3)sc2c1,7.7212
CCCCCC(=O)C(F)(F)F,4.5391
CCCCCCCC/C=C\CCCCCCCC(=O)O,5.2218
CCCCCCC(=O)C(F)(F)F,4.9706
CCCCCCCCCCCCCC(=O)C(F)(F)F,6.3098
CCCCCCCC/C=C\CCCCCCCC(=O)C(=O)OCC,8.0458
CCCCCCCC/C=C\CCCCCCCC(=O)C(N)=O,7.7696
CCCCCCCC/C=C\CCCCCCCC=O,6.7212
CCCCCCCC/C=C\CCCCCCCC(=O)CCl,6.1549
CCCCC/C=C\C/C=C\C/C=C\C/C=C\CCCNC(=O)NCc1ccc(OC)c(O)c1,5.6990
CCCCCCCCCCCCCCCC(=O)NCC,5.4500
CCCCCCCCCCCCCCCC(=O)NCCCCl,5.6000
CCCCCCCCCCCCCCCC(=O)NCCCl,5.5800
CCCCCCCCCCCCCCCC(=O)NCCBr,5.4500
C=CCNC(=O)CCCCCCCCCCCCCCC,5.4700
CCCCCCCCCCCCCCCC(=O)NCCCO,5.4200
CCCCC/C=C\C/C=C\C/C=C\C/C=C\CCCC(=O)Nc1cccnc1,5.9208
CCCCC/C=C\C/C=C\C/C=C\C/C=C\CCCC(=O)NCCCl,6.0458
CCCCC/C=C\C/C=C\C/C=C\C/C=C\CCCC(=O)NC12CC3CC(CC(C3)C1)C2,4.4271
CCCCC/C=C\C/C=C\C/C=C\C/C=C\CCCC(=O)NCC1CC1,5.8539
CCCCC/C=C\C/C=C\C/C=C\C/C=C\CCCC(=O)NCCO,5.4279
CCCCCCCC/C=C\CCCCCCC(=O)c1ncco1,7.7696
CCCCCCCC/C=C\CCCCCCC(=O)c1nnc(-c2ccccn2)o1,5.5229
CCCCCCCC/C=C\CCCCCCC(=O)c1ncc(-c2ccsc2)o1,4.8794
CCCCCCCC/C=C\CCCCCCC(=O)c1ncc(-c2ccoc2)o1,6.2147
CCCCCCCC/C=C\CCCCCCC(=O)c1ncc(-c2ccco2)o1,7.2676
CCCCCCCC/C=C\CCCCCCC(=O)c1nc(-c2ccccn2)co1,7.5086
CCCCCCCC/C=C\CCCCCCC(=O)c1ncc(-c2ccncc2)o1,7.2518
CCCCCCCC/C=C\CCCCCCC(=O)c1ncc(-c2cccnc2)o1,7.2147
CCCCCCCC/C=C\CCCCCCC(=O)c1ncc(-c2ccccn2)o1,7.7447
CCCCCCCC/C=C\CCCCCCC(=O)c1ncc(-c2ccccc2)o1,6.4949
O=C(CCCCc1ccccc1)c1nc2ncccc2o1,9.5229
O=C(CCCc1ccccc1)c1nc2ncccc2o1,8.1612
CCCCCCCC/C=C\CCCCCCC(=O)c1nc2ccccc2o1,6.4318
CCCCCCCC/C=C\CCCCCCC(=O)c1nc2cccnc2o1,7.9586
CCCCCCCC/C=C\CCCCCCC(=O)c1nc2ccncc2o1,8.4318
CCCCCCCC/C=C\CCCCCCC(=O)c1nc2cnccc2o1,8.1427
CCCCCCCC/C=C\CCCCCCC(=O)c1nc2ncccc2o1,8.6383
CCCCCCCC/C=C\CCCCCCC(=O)c1nc2cccc(C)c2o1,4.8861
CCCCCCCC/C=C\CCCCCCC(=O)c1cccnn1,6.8861
CCCCCCCC/C=C\CCCCCCC(=O)c1ccncn1,6.9586
CCCCCCCC/C=C\CCCCCCC(=O)c1nnn(C)n1,7.1871
O=C(CCCCCCc1cccc(Cl)c1)c1ncc(-c2ccccn2)o1,9.0458
O=C(CCCC[S+]([O-])Cc1ccccc1)c1ncc(-c2ccccn2)o1,5.6021
O=C(CCCCSCc1ccccc1)c1ncc(-c2ccccn2)o1,7.6021
CN(CCCCC(=O)c1ncc(-c2ccccn2)o1)Cc1ccccc1,6.6990
O=C(CCCCOCc1ccccc1)c1ncc(-c2ccccn2)o1,7.2596
O=C(CCCC1CCN(Cc2cccc(Oc3ccccc3)c2)CC1)c1ncco1,9.3979
O=C(NC1CCCCC1)Oc1cccc(-c2ccccc2)c1,7.2007
O=C(NC1CCCCC1)Oc1ccc2ccccc2c1,6.4922
O=C(c1ncco1)C1CCN(Cc2cc3ccccc3s2)CC1,8.6990
CCCCCCCC/C=C\CCCCCCCNC(=O)Oc1cccc(-c2cccc(C(N)=O)c2)c1,7.2366
NC(=O)c1cccc(-c2cccc(OC(=O)NCCCCCCc3ccccc3)c2)c1,7.8539
CNC(=O)COC(=O)N1CCC(CCc2ccc(Cl)cc2)CC1,7.8861
CCOC(=O)CCCc1ccc(-n2c(CC)nc(-c3ccccc3)c2-c2ccccc2)cc1,7.1938
O=C(NC1CCCC1)Oc1cccc(C(=O)c2nc3ccccc3o2)c1,4.5528
O=C(NC1CCCC1)Oc1cccc(C(=O)c2nc3ccccc3s2)c1,4.3279
O=C(O)c1cncc(OC(=O)N2CCC(CCCc3ccccc3Cl)CC2)c1,7.9208
CCCCCCC(C)OC(=O)CC(=O)CBr,6.0862
O=C(CCCCCCc1ccccc1)c1nnn(-c2ccccn2)n1,8.6091
C=CCCCC1CN(C(=O)CCC=C)C1=O,5.3468
NC(=O)c1cccc(-c2cccc(OC(=O)NCc3ccc4ccccc4c3)c2)c1,9.2007
CCCCCCCCCCCCCCN1C(=O)C(c2ccccc2)(c2ccccc2)NC1=S,5.9400
C=CCCCC1(CCCC=C)CNC1=O,3.5867
C=CCCC(=O)N1CC(CCC=C)C1=O,4.6596
C=CCCC(=O)N1CC(CC=C)C1=O,4.2090
O=C(CCCCCCc1ccccc1)c1nnc(-c2ccccn2)s1,8.5229
O=C(O)c1cccc(-c2nc(C(=O)CCCCCCc3ccccc3)no2)n1,6.9586
O=C(CCCCCCc1ccccc1)c1noc(-c2ccccn2)n1,7.7959
O=C(CCCCCCc1ccccc1)c1nc(-c2ccccn2)no1,9.0362
O=C(O)c1cccc(-c2nnc(C(=O)CCCCCCc3ccccc3)o2)n1,7.6428
O=C(O)c1cccc(-c2cnc(C(=O)CCc3ccc(-c4ccc(CN5CCSCC5)cc4)cc3)o2)n1,7.5528
O=C(CCCCCCc1ccccc1)c1ncc(-c2cccc(-c3nnn[nH]3)n2)o1,7.3979
O=C(O)c1cccc(-c2cnc(C(=O)CCc3ccc(-c4ccccc4)cc3)o2)n1,7.6576
O=C(NCCCCCCNC(=O)ON=C1CCCCC1)ON=C1CCCCC1,4.1549
O=C(N1CCCCC1)N1CC(OC(c2ccc(Cl)cc2)c2cccnc2Cl)C1,6.6310
O=C(N1CCCCC1)N1CC(O[C@@H](c2ccc(Cl)cc2)c2cccnc2Cl)C1,6.8539
O=C(Nc1ccccc1)N1CCC(Cc2cnc3ccccc3c2)CC1,7.7905
O=C(Nc1ccccc1)N1CCN(Cc2ccc3ccccc3n2)CC1,7.4815
CCc1cccc(N2C(=O)C=CC2=O)c1,3.9872
CCc1ccc(N2C(=O)C=CC2=O)cc1,3.7878
CCCc1ccc(N2C(=O)C=CC2=O)cc1,3.7305
CC(C)c1ccccc1N1C(=O)C=CC1=O,4.1871
CC(C)c1ccc(N2C(=O)C=CC2=O)cc1,3.9208
CCCCCCCc1ccc(N2C(=O)C=CC2=O)cc1,4.0605
O=C1C=CC(=O)N1c1ccc(O)cc1,3.5406
O=C1C=CC(=O)N1c1ccccc1F,3.5302
O=C1C=CC(=O)N1c1cccc(F)c1,4.0506
O=C1C=CC(=O)N1c1ccc(F)cc1,3.9208
O=C1C=CC(=O)N1c1ccccc1Cl,3.6696
O=C1C=CC(=O)N1c1cccc(Cl)c1,3.9914
O=C1C=CC(=O)N1c1ccc(Cl)cc1,3.9508
O=C1C=CC(=O)N1c1cccc(Br)c1,3.8210
O=C1C=CC(=O)N1c1ccc(Br)cc1,4.2924
O=C1C=CC(=O)N1c1ccccc1I,3.6990
O=C1C=CC(=O)N1c1cccc(I)c1,4.2076
O=C1C=CC(=O)N1c1ccc(I)cc1,4.2218
O=C1C=CC(=O)N1c1ccccc1-c1ccccc1,3.7447
O=C1C=CC(=O)N1c1cccc(-c2ccccc2)c1,4.3098
O=C1C=CC(=O)N1c1ccc(-c2ccccc2)cc1,5.2299
O=C1C=CC(=O)N1Cc1ccccc1,3.7305
O=C1C=CC(=O)N1CCc1ccccc1,3.6038
O=C1C=CC(=O)N1CCCCc1ccccc1,4.0706
CCc1ccc(CN2C(=O)C=CC2=O)cc1,3.9101
O=C1C=CC(=O)N1Cc1ccc(-c2ccccc2)cc1,4.7799
CCCCCCCCCN1C(=O)C=CC1=O,4.3904
O=C1C=CC(=O)N1c1cccc(N2C(=O)C=CC2=O)c1,4.4295
O=C1C=CC(=O)N1c1ccc(N2C(=O)C=CC2=O)cc1,4.8700
O=C1C=CC(=O)N1Cc1ccc(CN2C(=O)C=CC2=O)cc1,4.7799
O=C1C=CC(=O)N1c1ccc(Cc2ccc(N3C(=O)C=CC3=O)cc2)cc1,4.9706
O=C1C=CC(=O)N1CCCCN1C(=O)C=CC1=O,5.0799
O=C1C=CC(=O)N1CCCCCCN1C(=O)C=CC1=O,4.7399
O=C1C=CC(=O)N1c1ccccc1,3.6402
CC1=C(C)C(=O)N(c2ccccc2)C1=O,3.6861
CCCCC/C=C\C/C=C\C/C=C\C/C=C\CCCCN1C(=O)C=CC1=O,5.6615
O=C(Nc1cccc(-c2ccccc2)c1)OC1CCCCC1,5.2440
CN(C)C(=O)n1nnnc1Cc1ccc(-c2ccccc2)cc1,7.6746
O=C(Oc1ccc([N+](=O)[O-])cc1)N1CCC(C(O)(c2ccc3c(c2)OCO3)c2ccc3c(c2)OCO3)CC1,5.3979
CC(=O)O[C@@H]1[C@@H]([C@@H](C)O)C(=O)N1C(=O)CCc1ccccc1,3.6503
CC(=O)O[C@@H]1[C@@H]([C@@H](C)O)C(=O)N1C(=O)CCCc1ccccc1,3.7390
C=CCCC(=O)N1C(=O)[C@H]([C@@H](C)O)[C@H]1OC(C)=O,3.2700
CC(=O)O[C@@H]1[C@@H]([C@@H](C)OC(=O)CCc2ccccc2)C(=O)N1C(=O)CCc1ccccc1,5.6773
CC(=O)O[C@@H]1[C@@H]([C@@H](C)OC(=O)CCCc2ccccc2)C(=O)N1C(=O)CCc1ccccc1,5.9839
CC(=O)O[C@@H]1[C@@H]([C@@H](C)OC(=O)Cc2ccc(-c3ccccc3)cc2)C(=O)N1C(=O)CCc1ccccc1,6.0815
CC(=O)O[C@@H]1[C@@H]([C@@H](C)OC(=O)CCc2ccccc2)C(=O)N1C(=O)CCCc1ccccc1,5.3004
CC(=O)O[C@@H]1[C@@H]([C@@H](C)OC(=O)CCCc2ccccc2)C(=O)N1C(=O)CCCc1ccccc1,5.4229
CC(=O)O[C@@H]1[C@@H]([C@@H](C)OC(=O)Cc2ccc(-c3ccccc3)cc2)C(=O)N1C(=O)CCCc1ccccc1,6.1500
C=CCCC(=O)O[C@H](C)[C@H]1C(=O)N(C(=O)CCC=C)[C@@H]1OC(C)=O,5.7106
C[C@@H](O)[C@@H]1CN(C(=O)CCc2ccccc2)C1=O,3.3893
C=CCCC(=O)N1C[C@@H]([C@@H](C)O)C1=O,5.1012
C[C@@H](OC(=O)CCc1ccccc1)[C@@H]1CN(C(=O)CCc2ccccc2)C1=O,6.8020
C[C@@H](OC(=O)CCCc1ccccc1)[C@@H]1CN(C(=O)CCc2ccccc2)C1=O,7.3099
C[C@@H](OC(=O)CCCCc1ccccc1)[C@@H]1CN(C(=O)CCc2ccccc2)C1=O,7.0405
C[C@@H](OC(=O)Cc1ccc(-c2ccccc2)cc1)[C@@H]1CN(C(=O)CCc2ccccc2)C1=O,7.3005
C[C@@H](OC(=O)CCc1ccccc1)[C@@H]1CN(C(=O)CCCc2ccccc2)C1=O,7.2471
C[C@@H](OC(=O)CCCc1ccccc1)[C@@H]1CN(C(=O)CCCc2ccccc2)C1=O,7.5265
C[C@@H](OC(=O)CCCCc1ccccc1)[C@@H]1CN(C(=O)CCCc2ccccc2)C1=O,7.3434
C[C@@H](OC(=O)Cc1ccc(-c2ccccc2)cc1)[C@@H]1CN(C(=O)CCCc2ccccc2)C1=O,7.4974
C[C@@H](OC(=O)CCCc1ccccc1)[C@@H]1CN(C(=O)CCCCc2ccccc2)C1=O,6.3489
C[C@@H](OC(=O)Cc1ccc(-c2ccccc2)cc1)[C@@H]1CN(C(=O)CCCCc2ccccc2)C1=O,6.6285
C=CCCC(=O)N1C[C@@H]([C@@H](C)OC(=O)CCCc2ccccc2)C1=O,8.2721
C=CCCC(=O)N1C[C@@H]([C@@H](C)OC(=O)Cc2ccc(-c3ccccc3)cc2)C1=O,7.9254
C=CCCC(=O)O[C@H](C)[C@@H]1CN(C(=O)CCC=C)C1=O,7.0094
C=CCCCC(=O)O[C@H](C)[C@@H]1CN(C(=O)CCC=C)C1=O,7.4974
C=CCCCC(=O)N1C[C@@H]([C@@H](C)OC(=O)CCCc2ccccc2)C1=O,8.0050
C=CCCCC(=O)N1C[C@@H]([C@@H](C)OC(=O)Cc2ccc(-c3ccccc3)cc2)C1=O,7.8470
C[C@@H](OC(=O)Cc1ccc(-c2ccccc2)cc1)[C@@H]1CNC1=O,5.1885
CCCCC/C=C\C/C=C\C/C=C\C/C=C\CCCCN1C(=O)CCC1=O,5.6600
COc1nn(-c2ccc(NC(=O)OCc3ccccc3)c(C)c2)c(=O)o1,7.8700
CN(C(=S)SSC(=S)N(C)c1ccccc1)c1ccccc1,4.4700
CN(C(=S)SSC(=S)N(C)C1CCCCC1)C1CCCCC1,5.3200
S=C(SSC(=S)N1CCN(Cc2ccccc2)CC1)N1CCN(Cc2ccccc2)CC1,3.7700
S=C(SSC(=S)N1CCN(c2ccccc2)CC1)N1CCN(c2ccccc2)CC1,3.8700
CN1CCN(C(=S)SSC(=S)N2CCN(C)CC2)CC1,3.7000
S=C(SSC(=S)N1CCSCC1)N1CCSCC1,4.6000
S=C(SSC(=S)N1CCOCC1)N1CCOCC1,4.1000
CN(C)C(=S)SSC(=S)N(C)C,4.3500
CCN(CC)C(=S)SSC(=S)N(CC)CC,3.4400
CCCCOc1ccc(NC(=O)Oc2ccccc2F)cc1,6.4685
CCCCCCCOc1ccc(NC(=O)Oc2ccccc2F)cc1,7.5528
CCCCCCCCOc1ccc(NC(=O)Oc2ccccc2F)cc1,7.7212
CCCCOc1ccc(C(CC)NC(=O)Oc2ccccc2F)cc1,8.1135
CCCCCCCCCCCOc1ccc(NC(=O)Oc2ccccc2F)cc1,7.8239
CCCCCCCCCCCCOc1ccc(NC(=O)Oc2ccccc2F)cc1,7.8861
CCCCOc1ccc(C(CC)NC(=O)Oc2cccc(C(F)(F)F)c2)cc1,7.2924
CCCCOc1ccc(C(CC)NC(=O)Oc2cccc(N(C)C)c2)cc1,7.2676
CCCCOc1ccc(C(CC)NC(=O)Oc2ccc(F)cc2F)cc1,7.6778
CCCCOc1ccc(C(CC)NC(=O)Oc2ccc(F)cc2)cc1,7.9208
CCCCOc1ccc(C(CC)NC(=O)Oc2ccc(OC)cc2)cc1,7.9208
CCCCOc1ccc(C(CC)NC(=O)Oc2ccccc2)cc1,7.9208
CCCCOc1ccc(CNC(=O)Oc2cccc(C(F)(F)F)c2)cc1,7.3979
CCCCOc1ccc(CNC(=O)Oc2cccc(Cl)c2)cc1,7.9208
CCCCOc1ccc(CNC(=O)Oc2ccc(F)cc2F)cc1,8.0605
CCCCOc1ccc(CNC(=O)Oc2ccccc2F)cc1,8.0362
CCCCOc1ccc(CNC(=O)Oc2cccnc2)cc1,8.2147
CCCCOc1ccc(CNC(=O)Oc2ccc(F)cc2)cc1,8.3372
CCOc1ccc(NC(=O)ON=C(C)C)cc1,6.1367
CCCOc1ccc(NC(=O)ON=C(C)C)cc1,6.6778
CCCCOc1ccc(NC(=O)ON=C(C)C)cc1,7.5528
CCCCCOc1ccc(NC(=O)ON=C(C)C)cc1,7.5528
CCCCCCOc1ccc(NC(=O)ON=C(C)C)cc1,7.7447
CCCCCCCOc1ccc(NC(=O)ON=C(C)C)cc1,8.0757
CCCCCCCCOc1ccc(NC(=O)ON=C(C)C)cc1,8.6198
CCCCCCCCCOc1ccc(NC(=O)ON=C(C)C)cc1,8.6778
CCCCCCCCCCOc1ccc(NC(=O)ON=C(C)C)cc1,8.6576
CCCCCCCCCCCOc1ccc(NC(=O)ON=C(C)C)cc1,8.3098
CCCCCCCCCCCCOc1ccc(NC(=O)ON=C(C)C)cc1,8.3010
COc1ccc(NC(=O)O/N=C/c2ccccc2)cc1,6.5376
CCOc1ccc(NC(=O)O/N=C/c2ccccc2)cc1,7.0915
CCCOc1ccc(NC(=O)O/N=C/c2ccccc2)cc1,8.0315
CCCCOc1ccc(NC(=O)O/N=C/c2ccccc2)cc1,8.0706
CCCCCOc1ccc(NC(=O)O/N=C/c2ccccc2)cc1,8.4559
CCCCCCOc1ccc(NC(=O)O/N=C/c2ccccc2)cc1,8.0969
CCCCCCCOc1ccc(NC(=O)O/N=C/c2ccccc2)cc1,8.0655
CCCCCCCCOc1ccc(NC(=O)O/N=C/c2ccccc2)cc1,9.3665
CCCCCCCCCOc1ccc(NC(=O)O/N=C/c2ccccc2)cc1,9.6021
CCCCCCCCCCOc1ccc(NC(=O)O/N=C/c2ccccc2)cc1,9.4559
CCCCCCCCCCCOc1ccc(NC(=O)O/N=C/c2ccccc2)cc1,9.3468
CCCCCCCCCCCCOc1ccc(NC(=O)O/N=C/c2ccccc2)cc1,8.6198
CCOc1ccc(NC(=O)O/N=C/c2ccc(F)cc2)cc1,7.3372
CCCOc1ccc(NC(=O)O/N=C/c2ccc(F)cc2)cc1,7.8861
CCCCOc1ccc(NC(=O)O/N=C/c2ccc(F)cc2)cc1,8.0902
CCCCCOc1ccc(NC(=O)O/N=C/c2ccc(F)cc2)cc1,8.7447
CCCCCCOc1ccc(NC(=O)O/N=C/c2ccc(F)cc2)cc1,8.1871
CCCCCCCOc1ccc(NC(=O)O/N=C/c2ccc(F)cc2)cc1,8.6383
CCCCCCCCOc1ccc(NC(=O)O/N=C/c2ccc(F)cc2)cc1,9.5686
CCCCCCCCCOc1ccc(NC(=O)O/N=C/c2ccc(F)cc2)cc1,9.6990
CCCCCCCCCCOc1ccc(NC(=O)O/N=C/c2ccc(F)cc2)cc1,9.6021
CCCCCCCCCCCOc1ccc(NC(=O)O/N=C/c2ccc(F)cc2)cc1,9.3979
CCCCCCCCCCCCOc1ccc(NC(=O)O/N=C/c2ccc(F)cc2)cc1,8.6778
CCOc1ccc(NC(=O)O/N=C/c2cccnc2)cc1,6.8239
CCCOc1ccc(NC(=O)O/N=C/c2cccnc2)cc1,7.5376
CCCCOc1ccc(NC(=O)O/N=C/c2cccnc2)cc1,7.8539
CCCCCOc1ccc(NC(=O)O/N=C/c2cccnc2)cc1,8.2147
CCCCCCOc1ccc(NC(=O)O/N=C/c2cccnc2)cc1,8.0809
CCCCCCCOc1ccc(NC(=O)O/N=C/c2cccnc2)cc1,8.6383
CCCCCCCCOc1ccc(NC(=O)O/N=C/c2cccnc2)cc1,9.0969
CCCCCCCCCOc1ccc(NC(=O)O/N=C/c2cccnc2)cc1,9.1871
CCCCCCCCCCOc1ccc(NC(=O)O/N=C/c2cccnc2)cc1,9.4559
CCCCCCCCCCCOc1ccc(NC(=O)O/N=C/c2cccnc2)cc1,9.8239
CCCCCCCCCCCCOc1ccc(NC(=O)O/N=C/c2cccnc2)cc1,9.4559
CCCCOc1ccc(NC(=O)ON=C(C)C)cc1OC,4.9586
CCCCOc1cccc(NC(=O)ON=C(C)C)c1,5.2007
CCCCOc1ccc(CNC(=O)ON=C(C)C)cc1,6.2441
O=C(Nc1ccc(Oc2ccccc2)cc1)Oc1ccccc1F,5.8861
CCc1ccc(-c2ccc(NC(=O)Oc3ccccc3F)cc2)cc1,6.0915
CCCCCCOc1ccc(NC(=O)Oc2ccccc2)cc1,7.5086
CCCCCCCOc1ccc(NC(=O)Oc2ccccc2)cc1,8.0655
CCCCCCCCOc1ccc(NC(=O)Oc2ccccc2)cc1,8.2676
CCCCCCCCCCOc1ccc(NC(=O)Oc2ccccc2)cc1,8.8539
CCCCCCCCCCCOc1ccc(NC(=O)Oc2ccccc2)cc1,9.0000
CCCCCCCCCCCCOc1ccc(NC(=O)Oc2ccccc2)cc1,8.7447
CCCCCCOc1ccc(NC(=O)Oc2ccccc2F)cc1,6.1487
CCCCCCCCCCOc1ccc(NC(=O)Oc2ccccc2F)cc1,8.0362
CCCCOc1ccc(NC(=O)Oc2ccc(F)cc2)cc1,6.9208
COC(=O)Nc1cccc(OC(=O)Nc2cccc(C)c2)c1,6.6209
CCNC(=O)N1CCN(CCCC(c2ccc(F)cc2)c2ccc(F)cc2)CC1,6.1074
CC(C)Cc1ccc(C(C)C(=O)[O-])cc1.[Na+],3.4200
CC(C)Cc1ccc(C(C)C(=O)n2nnc3ccccc32)cc1,4.5600
CON(C)C(=O)C(C)c1ccc(CC(C)C)cc1,4.1900
CC(C)Cc1ccc(C(C)C(=O)C2SCCCS2)cc1,5.8600
CC(C)Cc1ccc(C(C)C(=O)C[N+](=O)[O-])cc1,4.4500
CC(C)Cc1ccc(C(C)C(=O)/C=N/O)cc1,4.2500
CC(C)Cc1ccc(C(C)C(=O)CCl)cc1,5.4500
CC(C(=O)O)c1ccccc1,2.9100
CC(C(=O)C1SCCCS1)c1ccccc1,4.0000
O=C(Cc1ccccc1)C1SCCCS1,4.3300
Cc1cccc(NC(=O)C(C)c2ccc(CC(C)C)cc2)n1,5.0800
O=C(Nc1cccnn1)N1CCC(=Cc2cccc(Oc3ccc(C(F)(F)F)cn3)c2)CC1,7.9706
CCn1c(=O)n([C@H]2CCCN(c3nccc(-c4ccc(Cl)s4)n3)C2)c2ncccc21,8.7614
O=c1n(CC(F)(F)F)c2cccnc2n1[C@H]1CCCN(c2nccc(-c3ccc(Cl)s3)n2)C1,8.6990
CCn1c(=O)n([C@H]2CCCN(c3nccc(-c4cc5ccccc5s4)n3)C2)c2ncccc21,8.6990
Cc1c(C2CCCN(c3nccc(-c4cc5ccccc5s4)n3)C2)c2cccnc2n1CC#N,8.6990
Cc1c([C@@H]2CCCN(c3nccc(-c4cc5ccccc5s4)n3)C2)c2cccnc2n1CCO,8.6990
Cc1c(C2CCCN(c3nccc(-c4cc5ccccc5s4)n3)C2)c2cccnc2n1CCO,8.5229
O=C(Nc1ccccc1F)N1CCC2(CC1)OCc1cc(Br)ccc1O2,8.3010
Cc1[nH]c2ncccc2c1C1CCCN(c2nccc(-c3cc4ccccc4s3)n2)C1,8.3010
CCn1c(=O)n([C@H]2CCCN(c3nccc(-c4cc5ccccc5o4)n3)C2)c2ncccc21,8.2218
CCn1c(=O)n([C@@H]2CCCN(c3nccc(-c4cc5ccccc5o4)n3)C2)c2ncccc21,8.0458
Cn1cc(C2CCCN(c3nccc(-c4cc5ccccc5s4)n3)C2)c2cccnc21,8.0458
N#CCn1cc(C2CCCN(c3nccc(-c4cc5ccccc5s4)n3)C2)c2cccnc21,8.0458
CCn1c(=O)n([C@H]2CCCN(c3cc(-c4cc5ccccc5o4)nc(N)n3)C2)c2ncccc21,8.0000
CCn1c(=O)n([C@H]2CCCN(c3ccnc(-c4ccc(F)cc4)n3)C2)c2ccccc21,8.0000
CCn1c(=O)n([C@H]2CCCN(c3nccc(-c4ccc(F)cc4)n3)C2)c2ncccc21,8.0000
CCn1c(C)c(C2CCCN(c3nccc(-c4cc5ccccc5s4)n3)C2)c2cccnc21,7.9586
CCn1c(=O)n([C@H]2CCCN(c3cc(-c4ccc(F)cc4)nc(N)n3)C2)c2ncccc21,7.7764
CCn1c(=O)n(C2CCCN(c3nccc(-c4cc5ccccc5o4)n3)C2)c2ncccc21,7.6990
Cn1c(=O)n(C2CCCN(c3nccc(-c4cc5ccccc5o4)n3)C2)c2ccccc21,7.5229
CCn1c(=O)n(C2CCCN(c3nccc(-c4cc5ccccc5o4)n3)C2)c2ccccc21,7.7614
CCn1c(=O)n([C@H]2CCCN(c3ccnc(-c4cc5ccccc5o4)n3)C2)c2ccccc21,7.5229
CCn1c(=O)n([C@H]2CCCN(c3ccnc(-c4ccc(Cl)cc4)n3)C2)c2ccccc21,7.5229
CCn1c(=O)n([C@H]2CCCN(c3nccc(-c4cccs4)n3)C2)c2ncccc21,6.9894
CCn1c(=O)n([C@H]2CCCN(c3ccnc(-c4ccc(C)cc4)n3)C2)c2ccccc21,7.3979
CCn1c(=O)n([C@H]2CCCN(c3nccc(-c4ccccc4)n3)C2)c2ncccc21,7.3010
CCn1c(=O)n([C@H]2CCCN(c3ccnc(-c4cccc(F)c4)n3)C2)c2ccccc21,7.3010
CCn1c(=O)n([C@H]2CCCN(c3ccnc(-c4ccc(Cl)s4)n3)C2)c2ccccc21,7.2218
CCn1c(=O)n([C@H]2CCCN(c3ccnc(-c4ccccc4F)n3)C2)c2ccccc21,6.8861
CCn1c(=O)n(C2CCCN(c3cc(-c4cc5ccccc5o4)ncn3)C2)c2ncccc21,6.5686
Cn1c(=O)n(C2CCCCN(c3nccc(-c4cc5ccccc5o4)n3)C2)c2ccccc21,6.4559
O=C(CCc1ccccc1)c1ncc(-c2ccccn2)o1,6.6990
O=C(c1ncco1)[C@H]1CCc2cc(-c3ccccc3)ccc2C1,7.2441
COC(=O)c1cnc(C(=O)[C@H]2CCc3cc(-c4ccccc4)ccc3C2)o1,7.2596
N#Cc1cnc(C(=O)[C@H]2CCc3cc(-c4ccccc4)ccc3C2)o1,8.4685
O=C(c1ncc(-c2ccccn2)o1)[C@H]1CCc2cc(-c3ccccc3)ccc2C1,8.1427
COC(=O)c1cccc(-c2cnc(C(=O)[C@H]3CCc4cc(-c5ccccc5)ccc4C3)o2)n1,7.5686
O=C(O)c1cccc(-c2cnc(C(=O)[C@H]3CCc4cc(-c5ccccc5)ccc4C3)o2)n1,7.4089
O=C(c1ncco1)[C@H]1CCc2cc(Oc3ccccc3)ccc2C1,8.6576
COC(=O)c1cnc(C(=O)[C@H]2CCc3cc(Oc4ccccc4)ccc3C2)o1,8.2676
N#Cc1cnc(C(=O)[C@H]2CCc3cc(Oc4ccccc4)ccc3C2)o1,8.8861
O=C(c1ncc(-c2ccccn2)o1)[C@H]1CCc2cc(Oc3ccccc3)ccc2C1,8.3565
COC(=O)c1cccc(-c2cnc(C(=O)[C@H]3CCc4cc(Oc5ccccc5)ccc4C3)o2)n1,8.6576
O=C(O)c1cccc(-c2cnc(C(=O)[C@H]3CCc4cc(Oc5ccccc5)ccc4C3)o2)n1,7.6021
O=C(c1ncco1)[C@H]1CCc2cc(OCc3ccccc3)ccc2C1,8.2147
COC(=O)c1cnc(C(=O)[C@H]2CCc3cc(OCc4ccccc4)ccc3C2)o1,8.5376
N#Cc1cnc(C(=O)[C@H]2CCc3cc(OCc4ccccc4)ccc3C2)o1,8.4949
O=C(c1ncc(-c2ccccn2)o1)[C@H]1CCc2cc(OCc3ccccc3)ccc2C1,8.4949
COC(=O)c1cccc(-c2cnc(C(=O)[C@H]3CCc4cc(OCc5ccccc5)ccc4C3)o2)n1,7.7447
O=C(O)c1cccc(-c2cnc(C(=O)[C@H]3CCc4cc(OCc5ccccc5)ccc4C3)o2)n1,7.4685
O=C(c1ncco1)[C@@H]1CCc2cc(-c3ccccc3)ccc2C1,6.3372
COC(=O)c1cnc(C(=O)[C@@H]2CCc3cc(-c4ccccc4)ccc3C2)o1,5.8539
N#Cc1cnc(C(=O)[C@@H]2CCc3cc(-c4ccccc4)ccc3C2)o1,7.2076
O=C(c1ncc(-c2ccccn2)o1)[C@@H]1CCc2cc(-c3ccccc3)ccc2C1,6.6198
COC(=O)c1cccc(-c2cnc(C(=O)[C@@H]3CCc4cc(-c5ccccc5)ccc4C3)o2)n1,6.1549
O=C(O)c1cccc(-c2cnc(C(=O)[C@@H]3CCc4cc(-c5ccccc5)ccc4C3)o2)n1,6.3010
O=C(c1ncco1)[C@@H]1CCc2cc(Oc3ccccc3)ccc2C1,6.3872
COC(=O)c1cnc(C(=O)[C@@H]2CCc3cc(Oc4ccccc4)ccc3C2)o1,7.2291
N#Cc1cnc(C(=O)[C@@H]2CCc3cc(Oc4ccccc4)ccc3C2)o1,7.2676
O=C(c1ncc(-c2ccccn2)o1)[C@@H]1CCc2cc(Oc3ccccc3)ccc2C1,6.5376
COC(=O)c1cccc(-c2cnc(C(=O)[C@@H]3CCc4cc(Oc5ccccc5)ccc4C3)o2)n1,6.0605
O=C(O)c1cccc(-c2cnc(C(=O)[C@@H]3CCc4cc(Oc5ccccc5)ccc4C3)o2)n1,6.6576
O=C(c1ncco1)[C@@H]1CCc2cc(OCc3ccccc3)ccc2C1,7.0605
COC(=O)c1cnc(C(=O)[C@@H]2CCc3cc(OCc4ccccc4)ccc3C2)o1,7.2757
N#Cc1cnc(C(=O)[C@@H]2CCc3cc(OCc4ccccc4)ccc3C2)o1,6.9208
O=C(c1ncc(-c2ccccn2)o1)[C@@H]1CCc2cc(OCc3ccccc3)ccc2C1,6.5229
COC(=O)c1cccc(-c2cnc(C(=O)[C@@H]3CCc4cc(OCc5ccccc5)ccc4C3)o2)n1,5.3468
O=C(O)c1cccc(-c2cnc(C(=O)[C@@H]3CCc4cc(OCc5ccccc5)ccc4C3)o2)n1,6.1308
O=C(c1ncc(I)o1)C1CCc2cc(OCc3ccccc3)ccc2C1,8.0969
O=C(c1ncc(I)o1)[C@H]1CCc2cc(OCc3ccccc3)ccc2C1,8.3872
O=C(c1ncc(I)o1)[C@@H]1CCc2cc(OCc3ccccc3)ccc2C1,6.1549
O=C(c1ncco1)[C@H]1Cc2ccc(-c3ccccc3)cc2C1,7.5686
O=C(c1ncc(-c2ccccn2)o1)[C@H]1Cc2ccc(-c3ccccc3)cc2C1,8.7212
COC(=O)c1cccc(-c2cnc(C(=O)C3Cc4ccc(-c5ccccc5)cc4C3)o2)n1,8.2076
O=C(O)c1cccc(-c2cnc(C(=O)C3Cc4ccc(-c5ccccc5)cc4C3)o2)n1,7.2441
O=C(c1ncco1)[C@H]1Cc2ccc(Oc3ccccc3)cc2C1,8.0000
O=C(c1ncc(-c2ccccn2)o1)[C@H]1Cc2ccc(Oc3ccccc3)cc2C1,8.6778
COC(=O)c1cccc(-c2cnc(C(=O)[C@H]3Cc4ccc(Oc5ccccc5)cc4C3)o2)n1,7.0088
O=C(O)c1cccc(-c2cnc(C(=O)[C@H]3Cc4ccc(Oc5ccccc5)cc4C3)o2)n1,7.1487
O=C(c1ncc(-c2ccccn2)o1)[C@H]1Cc2ccc(OCc3ccccc3)cc2C1,8.8539
COC(=O)c1cccc(-c2cnc(C(=O)[C@H]3Cc4ccc(OCc5ccccc5)cc4C3)o2)n1,8.2366
O=C(O)c1cccc(-c2cnc(C(=O)[C@H]3Cc4ccc(OCc5ccccc5)cc4C3)o2)n1,7.2924
O=C(c1ncco1)[C@@H]1Cc2ccc(-c3ccccc3)cc2C1,6.8539
O=C(c1ncc(-c2ccccn2)o1)[C@@H]1Cc2ccc(-c3ccccc3)cc2C1,6.2218
O=C(c1ncco1)[C@@H]1Cc2ccc(Oc3ccccc3)cc2C1,6.6990
O=C(c1ncc(-c2ccccn2)o1)[C@@H]1Cc2ccc(Oc3ccccc3)cc2C1,7.3768
COC(=O)c1cccc(-c2cnc(C(=O)[C@@H]3Cc4ccc(Oc5ccccc5)cc4C3)o2)n1,6.1024
O=C(O)c1cccc(-c2cnc(C(=O)[C@@H]3Cc4ccc(Oc5ccccc5)cc4C3)o2)n1,6.2596
O=C(c1ncc(-c2ccccn2)o1)[C@@H]1Cc2ccc(OCc3ccccc3)cc2C1,6.9586
COC(=O)c1cccc(-c2cnc(C(=O)[C@@H]3Cc4ccc(OCc5ccccc5)cc4C3)o2)n1,6.8861
O=C(O)c1cccc(-c2cnc(C(=O)[C@@H]3Cc4ccc(OCc5ccccc5)cc4C3)o2)n1,6.1805
O=C(c1nnco1)[C@H]1CCc2cc(Oc3ccccc3)ccc2C1,9.3010
COC(=O)c1nnc(C(=O)[C@H]2CCc3cc(Oc4ccccc4)ccc3C2)o1,8.8239
O=C(c1nnc(-c2ccccn2)o1)[C@H]1CCc2cc(Oc3ccccc3)ccc2C1,9.0000
O=C(c1ncco1)[C@H]1CCc2ccccc2C1,5.2924
O=C(c1ncc(-c2ccccn2)o1)[C@H]1CCc2ccccc2C1,6.3665
O=C(c1ncco1)C1Cc2ccccc2C1,5.1487
O=C(c1ncc(-c2ccccn2)o1)C1Cc2ccccc2C1,5.9586
O=C(c1nnco1)[C@@H]1CCc2cc(Oc3ccccc3)ccc2C1,8.8539
COC(=O)c1nnc(C(=O)[C@@H]2CCc3cc(Oc4ccccc4)ccc3C2)o1,8.7959
O=C(c1nnc(-c2ccccn2)o1)[C@@H]1CCc2cc(Oc3ccccc3)ccc2C1,8.2007
O=C(c1ncco1)[C@@H]1CCc2ccccc2C1,4.9208
O=C(c1ncc(-c2ccccn2)o1)[C@@H]1CCc2ccccc2C1,5.4949
O=C(NCCCc1ccccc1)c1cc(-c2ccc(Br)cc2)on1,3.6003
O=C(NCCCc1ccccc1)c1cc(-c2ccc(-c3ccccc3)cc2)on1,6.3010
O=C(NCCCc1ccccc1)c1cc(-c2ccc3c(ccc4ccccc43)c2)on1,4.8996
Cc1ccc(-c2cc(C(=O)NCCCc3ccccc3)no2)cc1,3.9031
O=C(NCCCc1ccccc1)c1cc(-c2ccc(C(F)(F)F)cc2)on1,4.6003
O=C(NCCc1ccc2c(c1)OCO2)c1cc(-c2ccccc2)on1,4.6003
O=C(NCCc1ccc2c(c1)OCO2)c1cc(-c2ccc(Br)cc2)on1,4.4001
O=C(NCCc1ccc2c(c1)OCO2)c1cc(-c2ccc(-c3ccccc3)cc2)on1,7.0555
O=C(NCCc1ccc2c(c1)OCO2)c1cc(-c2ccc3ccccc3c2)on1,5.0000
Cc1ccc(-c2cc(C(=O)NCCc3ccc4c(c3)OCO4)no2)cc1,4.1002
O=C(NCCc1ccc2c(c1)OCO2)c1cc(-c2ccc(C(F)(F)F)cc2)on1,4.6990
O=C(NCCc1ccc2c(c1)OCO2)c1cc(-c2cccc(-c3ccccc3)c2)on1,4.3585
O=C(NCc1ccccc1)c1cc(-c2ccc(-c3ccccc3)cc2)on1,3.9788
O=C(NCCc1ccccc1)c1cc(-c2ccc(-c3ccccc3)cc2)on1,4.1549
O=C(Nc1ccc2c(c1)OCO2)c1cc(-c2ccc(-c3ccccc3)cc2)on1,4.2403
O=C(NCc1ccc2c(c1)OCO2)c1cc(-c2ccc(-c3ccccc3)cc2)on1,4.0357
O=C(N1CCC(Oc2ccc(OCc3cccc(F)c3)cc2)CC1)n1ccnc1,10.0315
COc1ccc(N2CCN(C(=O)n3nnc4ccc(N5CCCC5)nc43)CC2)cc1,9.0000
CN(CCCCCl)C(=O)n1cnc(-c2ccccc2)c1,7.1079
O=C(N1CCN(c2cccc(C(F)(F)F)c2)CC1)n1nnc2ccc(-c3ccc(Cl)cc3)nc21,8.6990
CC(C)(O)c1ccc(-c2nc(-c3ccc(F)cc3)oc2Sc2ccc(Cl)cn2)cn1,7.7803
Cn1c(-c2ccccn2)nc(-c2ccc(S(C)(=O)=O)nc2)c1Sc1ccc(Cl)cc1,8.2007
O=C(CCCCCCc1ccccc1)c1ncc(-c2cnccn2)o1,8.2757
O=C(CCCCCCc1ccccc1)c1ncc(-c2cccnn2)o1,8.2518
O=C(CCCCCCc1ccccc1)c1ncc(-c2cocn2)o1,8.3372
O=C(CCCCCCc1ccccc1)c1ncc(-c2cscn2)o1,8.2366
CCCCC(=O)c1nc2ncccc2o1,7.3010
CCCCCC(=O)c1nc2ncccc2o1,7.8239
CCCCCCC(=O)c1nc2ncccc2o1,8.6778
CCCCCCCC(=O)c1nc2ncccc2o1,9.1612
CCCCCCCCCC(=O)c1nc2ncccc2o1,9.1249
CCCCCCCCCCCC(=O)c1nc2ncccc2o1,7.7799
CCCCCCCCCCCCCC(=O)c1nc2ncccc2o1,8.7696
CCCCCCCCCCCCCCCC(=O)c1nc2ncccc2o1,8.7212
CCCCCCCCCCCCCCCCCC(=O)c1nc2ncccc2o1,7.9586
CCCCCCCC/C=C\CCCCCCC(=O)C(F)(F)F,8.6990
CCCCCCCC/C=C\CCCCCCC(=O)C(=O)OCC,8.8539
CCCCCCCC/C=C\CCCCCCC(=O)C(N)=O,7.7959
CCCCCCCC/C=C\CCCCCCC=O,7.3979
CCOc1ccc(-c2cc(NC[C@H](O)c3ccccc3)ncn2)cc1Cl,8.8239
CCn1ccc2cc(-c3ccc4oc(N5Cc6ccccc6C5)nc4c3)ccc21,8.8861
CCCCCCCCN1SCCC1=O,4.7235
CCCCCCCCn1sc2ccccc2c1=O,4.4535
O=c1c2ccccc2sn1Cc1ccc(-c2ccccc2)cc1,4.5229
CCCCCCCCn1oc2ccccc2c1=O,4.3497
CCCCCCCCOc1noc2ccccc12,4.5003
CCCCCCCCn1c(=O)oc2ccccc21,3.8894
CCCCCCCCn1c(=O)sc2ccccc21,3.5100
O=C(N1CCCCC1)N1CC(OC(c2ccccc2)c2cccnc2Cl)C1,5.1314
O=C(N1CCCCC1)N1CC(OC(c2ccccc2)c2cccnc2)C1,4.0814
O=C(N1CCCCC1)N1CC(OC(c2ccc(F)cc2)c2cccnc2Cl)C1,5.2984
COc1ccc(C(OC2CN(C(=O)N3CCCCC3)C2)c2cccnc2Cl)cc1,5.0419
O=C(N1CCCCC1)N1CC(OC(c2cccc(Cl)c2)c2cccnc2Cl)C1,5.3002
COc1cccc(C(OC2CN(C(=O)N3CCCCC3)C2)c2cccnc2Cl)c1,5.1445
Cc1ccccc1C(OC1CN(C(=O)N2CCCCC2)C1)c1cccnc1Cl,3.6861
O=C(N1CCCCC1)N1CC(OC(c2ccc(Cl)c(Cl)c2)c2cccnc2Cl)C1,5.1555
O=C(N1CCCCC1)N1CC(OC(c2ccc3c(c2)OCO3)c2cccnc2Cl)C1,5.4789
O=C(N1CCCCC1)N1CC(OCc2cccnc2Cl)C1,4.4365
O=C(N1CCCCC1)N1CC(OC(c2ccc(Cl)cc2)c2ccccc2Cl)C1,3.8794
Cc1ncccc1C(OC1CN(C(=O)N2CCCCC2)C1)c1ccc(Cl)cc1,5.0177
CN(C)c1ncccc1C(OC1CN(C(=O)N2CCCCC2)C1)c1ccc(Cl)cc1,5.2034
COc1ncccc1C(OC1CN(C(=O)N2CCCCC2)C1)c1ccc(Cl)cc1,5.2083
O=C(N1CCCCC1)N1CC(OC(c2ccc(Cl)cc2)c2ccc[nH]c2=O)C1,4.4012
Cn1cccc(C(OC2CN(C(=O)N3CCCCC3)C2)c2ccc(Cl)cc2)c1=O,3.7212
O=C(N1CCCC1)N1CC(OC(c2ccc(Cl)cc2)c2cccnc2Cl)C1,4.1518
O=C(N1CCC1)N1CC(OC(c2ccc(Cl)cc2)c2cccnc2Cl)C1,4.0052
O=C(N1CCCCCC1)N1CC(OC(c2ccc(Cl)cc2)c2cccnc2Cl)C1,4.9547
O=C(N1CCOCC1)N1CC(OC(c2ccc(Cl)cc2)c2cccnc2Cl)C1,4.5544
CC1CCCCN1C(=O)N1CC(OC(c2ccc(Cl)cc2)c2cccnc2Cl)C1,5.2976
CC1CCCN(C(=O)N2CC(OC(c3ccc(Cl)cc3)c3cccnc3Cl)C2)C1,5.7852
CC1CCN(C(=O)N2CC(OC(c3ccc(Cl)cc3)c3cccnc3Cl)C2)CC1,6.3737
CN1CCN(C(=O)N2CC(OC(c3ccc(Cl)cc3)c3cccnc3Cl)C2)CC1,4.5436
O=C(N1CCC(Cc2ccccc2)CC1)N1CC(OC(c2ccc(Cl)cc2)c2cccnc2Cl)C1,6.2700
O=C(N1CCN(Cc2ccccc2)CC1)N1CC(OC(c2ccc(Cl)cc2)c2cccnc2Cl)C1,5.9626
O=C(N1CCC(O)CC1)N1CC(OC(c2ccc(Cl)cc2)c2cccnc2Cl)C1,4.4318
O=C(N1CCCC(O)C1)N1CC(OC(c2ccc(Cl)cc2)c2cccnc2Cl)C1,3.8697
O=C(N1CCC(CO)CC1)N1CC(OC(c2ccc(Cl)cc2)c2cccnc2Cl)C1,4.7595
O=C(N1CCC(F)CC1)N1CC(OC(c2ccc(Cl)cc2)c2cccnc2Cl)C1,5.6478
O=C(N1CCC(F)(F)CC1)N1CC(OC(c2ccc(Cl)cc2)c2cccnc2Cl)C1,5.2924
CCN(CC)C(=O)N1CC(OC(c2ccc(Cl)cc2)c2cccnc2Cl)C1,4.2048
CN(Cc1ccccc1)C(=O)N1CC(OC(c2ccc(Cl)cc2)c2cccnc2Cl)C1,5.6799
CN(C(=O)N1CC(OC(c2ccc(Cl)cc2)c2cccnc2Cl)C1)c1ccccc1,3.7144
CN(CCc1ccccc1)C(=O)N1CC(OC(c2ccc(Cl)cc2)c2cccnc2Cl)C1,5.1844
O=C(N1Cc2ccccc2C1)N1CC(OC(c2ccc(Cl)cc2)c2cccnc2Cl)C1,4.6073
O=C(N1CCc2ccccc2C1)N1CC(OC(c2ccc(Cl)cc2)c2cccnc2Cl)C1,5.1662
CN(Cc1ccccc1)C(=O)N1CC(O[C@H](c2ccc(Cl)cc2)c2cccnc2Cl)C1,4.3893
CN(Cc1ccccc1)C(=O)N1CC(O[C@@H](c2ccc(Cl)cc2)c2cccnc2Cl)C1,6.0521
CN(CCCOc1ccc2ccc(=O)oc2c1)Cc1cccc(OC(=O)NCCCCCc2ccccc2)c1,5.6459
CN(CCCOc1ccc2ccc(=O)oc2c1)Cc1cccc(OC(=O)NCCCCCCCN2CCOCC2)c1,4.8286
CN(CCCOc1ccc2c(=O)c3cccnc3oc2c1)Cc1cccc(OC(=O)NCCCCCc2ccccc2)c1,6.2840
CN(CCCOc1ccc2c(=O)c3cccnc3oc2c1)Cc1cccc(OC(=O)NCCCCCCCN2CCOCC2)c1,4.4085
C=CCCC(=O)N1C[C@@H]([C@@H](C)OCCCCc2ccccc2)C1=O,8.0935
C=CCCCN1C[C@@H]([C@@H](C)OC(=O)CCCc2ccccc2)C1=O,4.0810
C=CCCCN1C[C@@H]([C@@H](C)OCCCCc2ccccc2)C1=O,4.0513
C=CCCC(=O)N1CC([C@@H](C)OCCCCc2ccccc2)C1,5.5388
CN1CCN(C(=S)Sc2ccc([N+](=O)[O-])cc2[N+](=O)[O-])CC1,4.6300
O=[N+]([O-])c1ccc(SC(=S)N2CCOCC2)c([N+](=O)[O-])c1,4.2700
O=C1CCN(C(=S)Sc2ccc([N+](=O)[O-])cc2[N+](=O)[O-])CC1,4.0100
O=[N+]([O-])c1ccc(SC(=S)N2CCCCC2)c([N+](=O)[O-])c1,4.3300
O=[N+]([O-])c1ccc(SC(=S)N2CCSCC2)c([N+](=O)[O-])c1,4.7200
CC1CCCC(C)N1C(=S)Sc1ccc([N+](=O)[O-])cc1[N+](=O)[O-],4.3500
O=[N+]([O-])c1ccc(SC(=S)N2CCCC2)c([N+](=O)[O-])c1,4.6500
CN(Cc1ccccc1)C(=S)Sc1ccc([N+](=O)[O-])cc1[N+](=O)[O-],6.0300
CCN(Cc1ccccc1)C(=S)Sc1ccc([N+](=O)[O-])cc1[N+](=O)[O-],5.2800
O=[N+]([O-])c1ccc(SC(=S)N2CCc3ccccc3C2)c([N+](=O)[O-])c1,4.2800
O=[N+]([O-])c1ccc(SC(=S)N(Cc2ccccc2)Cc2ccccc2)c([N+](=O)[O-])c1,5.1700
O=[N+]([O-])c1ccc(SC(=S)N2CCN(c3ccccc3)CC2)c([N+](=O)[O-])c1,5.5600
O=[N+]([O-])c1ccc(SC(=S)N2CCN(Cc3ccccc3)CC2)c([N+](=O)[O-])c1,4.7300
O=[N+]([O-])c1ccc(SC(=S)N2CCC(Cc3ccccc3)CC2)c([N+](=O)[O-])c1,5.7000
O=[N+]([O-])c1ccc(SC(=S)N2CCN(C/C=C/c3ccccc3)CC2)c([N+](=O)[O-])c1,5.3100
CC(c1ccccc1)N1CCN(C(=S)Sc2ccc([N+](=O)[O-])cc2[N+](=O)[O-])CC1,4.8000
O=[N+]([O-])c1ccc(SC(=S)N2CCN(Cc3ccc(-c4ccccc4)cc3)CC2)c([N+](=O)[O-])c1,5.5900
O=[N+]([O-])c1ccc(SC(=S)N2CCN(Cc3ccc(Br)cc3)CC2)c([N+](=O)[O-])c1,5.9400
CC(C)(C)c1ccc(CN2CCN(C(=S)Sc3ccc([N+](=O)[O-])cc3[N+](=O)[O-])CC2)cc1,5.7600
O=C(Nc1ccccc1)c1cc(N2CCN(C(=O)n3nnc4ccccc43)CC2)ccc1[N+](=O)[O-],6.4401
O=C(NC1CCCCC1)c1cc(N2CCN(C(=O)n3nnc4ccccc43)CC2)ccc1[N+](=O)[O-],6.3098
CC(C)NC(=O)c1cc(N2CCN(C(=O)n3nnc4ccccc43)CC2)ccc1[N+](=O)[O-],5.6801
O=C(c1cc(N2CCN(C(=O)n3nnc4ccccc43)CC2)ccc1[N+](=O)[O-])N1CCCCC1,5.6400
CN(C)C(=O)c1cc(N2CCN(C(=O)n3nnc4ccccc43)CC2)ccc1[N+](=O)[O-],5.3000
O=C(N1CCN(c2ccc([N+](=O)[O-])cc2)CC1)n1nnc2ccccc21,7.4685
COc1ccc(N2CCN(C(=O)n3nnc4ccccc43)CC2)cc1,7.8239
O=C(c1ccc(N2CCN(C(=O)n3nnc4ccccc43)CC2)c([N+](=O)[O-])c1)N1CCOCC1,5.7100
CC(C)NC(=O)c1ccc(N2CCN(C(=O)n3nnc4ccccc43)CC2)c([N+](=O)[O-])c1,6.8013
O=C(N1CCN(c2ccccc2[N+](=O)[O-])CC1)n1nnc2ccccc21,7.7212
Cc1ccccc1N1CCN(C(=O)n2nnc3ccccc32)CC1,8.5229
O=C(N1CCN(c2ccccc2F)CC1)n1nnc2ccccc21,7.8861
O=C(N1CCN(C(c2ccccc2)c2ccccc2)CC1)n1nnc2ccccc21,6.2503
O=C(N1CCN(Cc2cccc3ccccc23)CC1)n1nnc2ccccc21,7.8861
O=C(N1CCN(Cc2ccc3ccccc3c2)CC1)n1nnc2ccccc21,7.9208
O=C(N1CCN(Cc2ccccc2-c2ccccc2)CC1)n1nnc2ccccc21,7.4949
O=C(N1CCN(Cc2cccc(-c3ccccc3)c2)CC1)n1nnc2ccccc21,8.0458
O=C(N1CCN(Cc2ccc(-c3ccccc3)cc2)CC1)n1nnc2ccccc21,7.7447
O=C(Nc1ccccc1)c1cccc(CN2CCN(C(=O)n3nnc4ccccc43)CC2)c1,7.4559
O=C(NC1CCCCC1)c1cccc(CN2CCN(C(=O)n3nnc4ccccc43)CC2)c1,7.3565
CN1CCN(C(=O)c2cccc(CN3CCN(C(=O)n4nnc5ccccc54)CC3)c2)CC1,5.8601
O=C(c1cccc(CN2CCN(C(=O)n3nnc4ccccc43)CC2)c1)N1CCCCC1,7.2366
CN(C)C(=O)c1cccc(CN2CCN(C(=O)n3nnc4ccccc43)CC2)c1,6.5607
O=C(O)c1cccc(CN2CCN(C(=O)n3nnc4ccccc43)CC2)c1,4.5600
O=C(N1CCN(Cc2cccc([N+](=O)[O-])c2)CC1)n1nnc2ccccc21,7.3665
O=C(N1CCN(Cc2cccc(Cl)c2)CC1)n1nnc2ccccc21,8.0458
O=C(N1CCN(Cc2ccc([N+](=O)[O-])cc2)CC1)n1nnc2ccccc21,7.0506
O=C(N1CCN(Cc2ccc(Br)cc2)CC1)n1nnc2ccccc21,7.6576
O=C(N1CCN(Cc2ccc(Cl)cc2)CC1)n1nnc2ccccc21,7.7696
O=C(N1CCN(Cc2ccc(F)cc2)CC1)n1nnc2ccccc21,7.8239
O=C(N1CCC(Cc2ccccc2)CC1)n1nnc2ccccc21,8.6990
O=C(N1CCN(C/C=C/c2ccccc2)CC1)n1nnc2ccccc21,7.5528
O=C(N1CCN(Cc2ccccc2)CC1)n1nnc2ccccc21,7.7212
O=C(N1CCN(c2ccccc2)CC1)n1nnc2ccccc21,7.9586
Cc1cc(C(N)=O)c(-c2cccc(OC(=O)NCCCCCCc3ccccc3)c2)o1,6.9914
C#CCCCCCCCCCNC(=O)Oc1cccc(-n2ccc(C(N)=O)c2)c1,6.7696
COc1cc(Br)cc(CN2CCN(C(=O)Nc3ccccc3)CC2)c1O,6.8861
O=C(Nc1ccncn1)N1CCN(Cc2cccc(Oc3ccc(Cl)cc3)c2)CC1,7.3872
O=C(Nc1ccccn1)N1CCN(Cc2cccc(Oc3ccc(Cl)cc3)c2)CC1,7.9208
O=C(Nc1cccnc1)N1CCN(Cc2cccc(Oc3ccc(Cl)cc3)c2)CC1,8.8539
O=C(Nc1ccncc1)N1CCN(Cc2cccc(Oc3ccc(Cl)cc3)c2)CC1,7.8239
CC(C)(C)c1ccc(Oc2cccc(CN3CCN(C(=O)Nc4ccccc4)CC3)c2)cc1,7.1612
COc1ccc(Oc2cccc(CN3CCN(C(=O)Nc4ccccc4)CC3)c2)cc1,8.0458
Cc1ccc(Oc2cccc(CN3CCN(C(=O)Nc4ccccc4)CC3)c2)cc1,7.7447
O=C(Nc1ccccc1)N1CCN(Cc2ccc(Oc3ccc(Cl)cc3)cc2)CC1,7.2076
O=C(Nc1ccccc1)N1CCN(Cc2cccc(Oc3ccc(Cl)cc3)c2)CC1,8.2218
O=C(Nc1ccccc1)N1CCN(Cc2ccc(Oc3ccccc3)cc2)CC1,5.6990
O=C(Nc1ccccc1)N1CCN(Cc2cccc(Oc3ccccc3)c2)CC1,7.0969
COc1ccc(CN2CCN(C(=O)Nc3ccccc3)CC2)cc1,6.3279
COc1cccc(CN2CCN(C(=O)Nc3ccccc3)CC2)c1,5.9586
O=C(Nc1ccccc1)N1CCN(Cc2ccc(C(F)(F)F)cc2)CC1,7.3010
O=C(Nc1ccccc1)N1CCN(Cc2cccc(C(F)(F)F)c2)CC1,6.4559
N#Cc1ccc(CN2CCN(C(=O)Nc3ccccc3)CC2)cc1,5.3307
N#Cc1cccc(CN2CCN(C(=O)Nc3ccccc3)CC2)c1,5.1759
O=C(Nc1ccccc1)N1CCN(Cc2ccc(F)cc2)CC1,5.5575
O=C(Nc1ccccc1)N1CCN(Cc2cccc(F)c2)CC1,5.6073
O=C(Nc1ccccc1)N1CCN(Cc2ccc(Cl)cc2)CC1,6.8928
O=C(Nc1ccccc1)N1CCN(Cc2cccc(Cl)c2)CC1,6.0757
O=C(Nc1ccccc1)N1CCN(Cc2ccccc2Cl)CC1,5.3307
Cc1nc(C)c(-c2ccc(C3CCC(CC(=O)O)CC3)cc2)nc1C(N)=O,5.4318
O=C(Nc1ccn2ccnc2n1)N1CCN(Cc2cccc(Oc3ccc(Cl)cc3)c2)CC1,6.8539
O=C(Nc1ccnc2nccn12)N1CCN(Cc2cccc(Oc3ccc(Cl)cc3)c2)CC1,8.5229
O=C(Nc1cc2nccn2cn1)N1CCN(Cc2cccc(Oc3ccc(Cl)cc3)c2)CC1,7.7696
O=C(Nc1cnc2cccnn12)N1CCN(Cc2cccc(Oc3ccc(Cl)cc3)c2)CC1,8.4318
O=C(Nc1cccc2nccn12)N1CCN(Cc2cccc(Oc3ccc(Cl)cc3)c2)CC1,8.5686
O=C(Nc1ccc2nccn2c1)N1CCN(Cc2cccc(Oc3ccc(Cl)cc3)c2)CC1,7.0000
O=C(Nc1ccn2ccnc2c1)N1CCN(Cc2cccc(Oc3ccc(Cl)cc3)c2)CC1,7.4815
O=C(Nc1cccn2ccnc12)N1CCN(Cc2cccc(Oc3ccc(Cl)cc3)c2)CC1,6.5086
O=C(Nc1cnc2ccccn12)N1CCN(Cc2cccc(Oc3ccc(Cl)cc3)c2)CC1,7.3372
O=C(Nc1noc2cccnc12)N1CCN(Cc2cccc(Oc3ccc(Cl)cc3)c2)CC1,7.8861
O=C(Nc1noc2ccncc12)N1CCN(Cc2cccc(Oc3ccc(Cl)cc3)c2)CC1,6.7447
O=C(Nc1noc2cnccc12)N1CCN(Cc2cccc(Oc3ccc(Cl)cc3)c2)CC1,9.3010
O=C(Nc1noc2ncccc12)N1CCN(Cc2cccc(Oc3ccc(Cl)cc3)c2)CC1,7.6576
O=C(Nc1noc2ccccc12)N1CCN(Cc2cccc(Oc3ccc(Cl)cc3)c2)CC1,8.0000
O=C(Nc1cnc2cc[nH]c2c1)N1CCN(Cc2cccc(Oc3ccc(Cl)cc3)c2)CC1,7.1612
O=C(Nc1cnc2[nH]ccc2c1)N1CCN(Cc2cccc(Oc3ccc(Cl)cc3)c2)CC1,8.4685
O=C(Nc1cncc2ccccc12)N1CCN(Cc2cccc(Oc3ccc(Cl)cc3)c2)CC1,8.1739
Cc1nc2cc(NC(=O)N3CCN(Cc4cccc(Oc5ccc(Cl)cc5)c4)CC3)ccc2o1,8.1135
O=C(Nc1cccc2cn[nH]c12)N1CCN(Cc2cccc(Oc3ccc(Cl)cc3)c2)CC1,5.8861
O=C(Nc1cccc2nsnc12)N1CCN(Cc2cccc(Oc3ccc(Cl)cc3)c2)CC1,8.2366
O=C(Nc1cccc2nonc12)N1CCN(Cc2cccc(Oc3ccc(Cl)cc3)c2)CC1,7.5528
O=C(Nc1nocc1Cl)N1CCN(Cc2cccc(Oc3ccc(Cl)cc3)c2)CC1,8.2840
O=C(Nc1ccon1)N1CCN(Cc2cccc(Oc3ccc(Cl)cc3)c2)CC1,7.5379
O=C(Nc1nn[nH]n1)N1CCN(Cc2cccc(Oc3ccc(Cl)cc3)c2)CC1,7.0393
O=C(Nc1cc[nH]n1)N1CCN(Cc2cccc(Oc3ccc(Cl)cc3)c2)CC1,7.4949
O=C(Nc1cccnn1)N1CCN(Cc2cccc(Oc3ccc(Cl)cc3)c2)CC1,8.1135
O=C(Nc1cnccn1)N1CCN(Cc2cccc(Oc3ccc(Cl)cc3)c2)CC1,8.0605
S=C(Cc1ccc(-c2ccccc2)cc1)NCCc1ccccc1,3.1400
S=C(NCCc1ccccc1)c1ccc(Cl)c(Cl)c1,4.2700
S=C(NCCc1ccccc1)c1ccc(Cl)cc1,3.3900
Oc1ccc(C(=S)NCCc2ccccc2)cc1O,3.1400
Cc1cccc(C(=S)N2CCCCC2)c1,4.2100
S=C(Cc1ccc(-c2ccccc2)cc1)N1CCOCC1,4.5100
S=C(Cc1ccc(Cl)cc1)N1CCOCC1,4.1100
Cc1ccc(CC(=S)N2CCOCC2)cc1,4.3100
O=[N+]([O-])c1cccc(C(=S)N2CCOCC2)c1,3.6100
S=C(c1ccc(-c2ccccc2)cc1)N1CCOCC1,4.5100
Oc1ccc(C(=S)N2CCOCC2)cc1,3.2500
S=C(c1ccc(Cl)cc1)N1CCOCC1,3.5200
C=CCCC(=O)N1C[C@@H]([C@@H](C)OC(=O)CCCc2ccncc2)C1=O,6.5092
C=CCNC(=S)N1C[C@@H]([C@@H](C)OC(=O)NCCc2ccccc2)C1=O,6.0191
C=CCNC(=O)N1C[C@@H]([C@@H](C)OC(=O)NCCc2ccccc2)C1=O,7.5418
C=CCOC(=O)N1C[C@@H]([C@@H](C)OC(=O)NCCc2ccccc2)C1=O,7.9187
C=CCCC(=O)N1C[C@@H]([C@@H](C)OC(=O)NCCc2ccccc2)C1=O,7.4795
C=CCNC(=S)N1C[C@@H]([C@@H](C)OC(=O)COCc2ccccc2)C1=O,5.9811
C=CCNC(=O)N1C[C@@H]([C@@H](C)OC(=O)COCc2ccccc2)C1=O,7.1497
C=CCOC(=O)N1C[C@@H]([C@@H](C)OC(=O)COCc2ccccc2)C1=O,7.5207
C=CCCC(=O)N1C[C@@H]([C@@H](C)OC(=O)COCc2ccccc2)C1=O,7.5100
CCCSC(=O)N1C[C@@H]([C@@H](C)OC(=O)CCCc2ccccc2)C1=O,7.9187
C=CCNC(=S)N1C[C@@H]([C@@H](C)OC(=O)CCCc2ccccc2)C1=O,6.8381
C=CCNC(=O)N1C[C@@H]([C@@H](C)OC(=O)CCCc2ccccc2)C1=O,8.2575
C=CCOC(=O)N1C[C@@H]([C@@H](C)OC(=O)CCCc2ccccc2)C1=O,8.4388
O=C(Nc1ccccn1)N1CCN(c2nc(-c3ccccc3)ns2)CC1,6.9208
O=C(Nc1noc2ccccc12)N1CCN(c2cc(-c3ccccc3)cs2)CC1,6.9586
O=C(Nc1noc2ccccc12)N1CCN(c2nc(-c3ccccc3)no2)CC1,7.0605
CN(C)C(=O)Oc1noc2ccc(Cl)cc12,7.3468
O=C(Nc1noc2ccccc12)N1CCC(c2nc(-c3ccccc3)cs2)CC1,7.3665
O=C(Nc1noc2ccccc12)N1CCN(c2nc(-c3ccccc3)ns2)CC1,8.3188
O=C(Nc1noc2ccccc12)N1CCN(c2nc(-c3ccccc3)cs2)CC1,8.4318
Cc1onc(NC(=O)N2CCN(c3nc(-c4cccc(F)c4)ns3)CC2)c1C,8.4949
O=C(Nc1cccnn1)N1CCN(c2nc(-c3ccccc3)ns2)CC1,8.5376
Cc1onc(NC(=O)N2CCN(c3nc(-c4ccccc4F)ns3)CC2)c1C,8.6778
Cc1onc(NC(=O)N2CCN(c3nc(-c4ccccc4)ns3)CC2)c1C,8.7696
Cc1onc(NC(=O)N2CCN(c3nc(-c4ccc(F)cc4)ns3)CC2)c1C,8.8861
Cc1onc(NC(=O)N2CCN(c3nc(-c4cccc(F)c4)cs3)CC2)c1C,8.9208
Cc1onc(NC(=O)N2CCN(c3nc(-c4ccccc4)cs3)CC2)c1C,9.0362
Cc1onc(NC(=O)N2CCN(c3nc(-c4ccc(F)cc4)cs3)CC2)c1C,9.0655
Cc1onc(NC(=O)N2CCN(c3nc(-c4ccccc4F)cs3)CC2)c1C,9.1739
Cc1onc(NC(=O)N2CCN(c3nc(-c4ccc(F)cc4F)cs3)CC2)c1C,9.3665
O=C(NCCCCCCc1ccccc1)Oc1cccc(N2CCNCC2)c1,7.4708
COc1nn(-c2ccc(Oc3ccccc3)cc2)c(=O)o1,7.7009
[3H]C([3H])([3H])n1cnc(-c2ccc([C@H]3C[C@@H]3C(=O)N(C)C)cc2)c1Sc1ccc(Cl)cn1,9.0969
CN(CCF)C(=O)[C@H]1C[C@@H]1c1ccc(-c2ncn(C)c2Sc2ccc(Cl)cc2)cc1,8.9586
Cn1cnc(-c2ccc([C@H]3C[C@@H]3C(=O)NCCF)cc2)c1Sc1ccc(Cl)cc1,9.0000
CNC(=O)[C@H]1C[C@@H]1c1ccc(-c2ncn(C)c2Sc2ccc(Cl)cc2)cc1,9.3010
Cn1cnc(-c2ccc([C@H]3C[C@@H]3C(N)=O)cc2)c1Sc1ccc(Cl)cc1,9.0969
CN(C)C(=O)[C@H]1C[C@@H]1c1ccc(-c2ncn(C)c2Sc2ccc(Cl)cc2)cc1,9.5229
CN(CCF)C(=O)[C@H]1C[C@@H]1c1ccc(-c2ncn(C)c2Sc2ccc(Cl)cn2)cc1,8.5229
Cn1cnc(-c2ccc([C@H]3C[C@@H]3C(=O)NCCF)cc2)c1Sc1ccc(Cl)cn1,8.8239
CN(C)C(=O)[C@H]1C[C@@H]1c1ccc(-c2ncn(CCF)c2Sc2ccc(Cl)cn2)cc1,8.4949
CNC(=O)[C@H]1C[C@@H]1c1ccc(-c2ncn(C)c2Sc2ccc(Cl)cn2)cc1,8.9586
Cn1cnc(-c2ccc([C@H]3C[C@@H]3C(N)=O)cc2)c1Sc1ccc(Cl)cn1,8.4815
CN(C)C(=O)[C@H]1C[C@@H]1c1ccc(-c2nc[nH]c2Sc2ccc(Cl)cn2)cc1,6.1871
CN(C)C(=O)[C@H]1C[C@@H]1c1ccc(-c2c(Sc3ccc(Cl)cn3)ncn2C)cc1,6.0762
CN(C)C(=O)[C@H]1C[C@@H]1c1ccc(-c2ncn(C)c2Sc2ccc(Cl)cn2)cc1,9.0000
Cc1nc(-c2ccc([C@H]3C[C@@H]3C(=O)N(C)C)cc2)c(Sc2ccc(Cl)cn2)n1C,7.8665
CN(C)C(=O)[C@H]1C[C@@H]1c1ccc(-c2nc(C3CC3)n(C)c2Sc2ccc(Cl)cn2)cc1,7.3188
NC(=O)[C@H]1C[C@@H]1c1ccc(-c2nn(C3CC3)cc2Sc2ccc(Cl)cc2)cc1,8.3010
[11CH3]n1cc(Sc2ccc(Cl)cc2)c(-c2ccc3ccc(C(N)=O)nc3c2)n1,9.3010
CCCCC/C=C\C/C=C\CCCCCCCC(=O)NCc1cccc(OC)c1,4.9872
CCCCCCCC/C=C\CCCCCCCC(=O)NCc1ccccc1,4.7773
CC/C=C\C/C=C\C/C=C\CCCCCCCC(=O)NCc1ccccc1,4.3788
CCCCCCCC/C=C\CCCCCCCC(=O)NCc1cccc(OC)c1,4.9586
CCCCCCCC/C=C\CCCCCCCC(=O)NCc1ccc(Cl)nc1,4.8153
CC/C=C\C/C=C\C/C=C\CCCCCCCC(=O)NCc1cccc(OC)c1,4.8633
CCCCC/C=C\C/C=C\CCCCCCCC(=O)NCc1ccccc1,4.9666
CCCCCCCC/C=C\CCCCCCCC(=O)NCc1cccnc1,5.1209
CCCCC/C=C\C/C=C\CCCCCCCC(=O)NCc1cccnc1,5.0752
CCCCCCCC/C=C\CCCCCCCNC(=O)OCc1cccnc1,7.0200
O=C(Nc1ccccc1)N1CCC(Cc2ccc3ccccc3n2)CC1,6.4924
COc1nn(Cc2ccc(N(c3ccccc3)c3ccccc3)cc2)c(=O)o1,6.3340
COc1nn(Cc2ccc(Oc3ccccc3)cc2)c(=O)o1,7.0000
COc1nn(Cc2cccc(Oc3ccccc3)c2)c(=O)o1,6.0094
COc1nn(Cc2ccccc2Oc2ccccc2)c(=O)o1,5.2003
COc1nn(Cc2ccc(-c3ccccc3)cc2)c(=O)o1,6.7929
COc1nn(Cc2ccc(CC(C)C)cc2)c(=O)o1,7.0455
COc1nn([C@H](C)c2ccc(N(c3ccccc3)c3ccccc3)cc2)c(=O)o1,5.2053
COc1nn([C@@H](C)c2ccc(N(c3ccccc3)c3ccccc3)cc2)c(=O)o1,7.0044
COc1nn([C@H](C)c2ccc(-c3ccccc3)cc2)c(=O)o1,5.5314
COc1nn([C@@H](C)c2ccc(-c3ccccc3)cc2)c(=O)o1,7.6342
COc1nn([C@H](C)c2ccc(CC(C)C)cc2)c(=O)o1,6.6149
COc1nn([C@@H](C)c2ccc(CC(C)C)cc2)c(=O)o1,7.9493
COc1nn(C(C)c2ccc(N(c3ccccc3)c3ccccc3)cc2)c(=O)o1,6.9304
COc1nn(C(C)c2ccccc2)c(=O)o1,5.2209
COc1nn(C(C)c2cccc(Oc3ccccc3)c2)c(=O)o1,5.2820
COc1nn(C(C)c2ccc(Oc3ccccc3)cc2)c(=O)o1,7.4693
COc1nn(C(C)c2cccc(-c3ccccc3)c2)c(=O)o1,5.9254
COc1nn(C(C)c2ccc(-c3ccccc3)cc2)c(=O)o1,7.3244
COc1nn(C(C)c2ccc(CC(C)C)cc2)c(=O)o1,7.6391
O=C(Nc1cnccc1Cl)N1CC2(CN(Cc3cccc(Oc4ccc(Cl)cc4)c3)C2)C1,7.7447
O=C(Nc1cnccc1Cl)N1CC2(CCN(Cc3cccc(Oc4ccc(Cl)cc4)c3)CC2)C1,8.0969
N#Cc1ccncc1NC(=O)N1CC2(CCN(Cc3cccc(Oc4ccc(Cl)cc4)c3)CC2)C1,6.4056
O=C(Nc1cnccc1C(F)(F)F)N1CC2(CCN(Cc3cccc(Oc4ccc(Cl)cc4)c3)CC2)C1,6.2573
Cc1ccncc1NC(=O)N1CC2(CCN(Cc3cccc(Oc4ccc(Cl)cc4)c3)CC2)C1,6.8962
O=C(Nc1cncc(F)c1)N1CC2(CCN(Cc3cccc(Oc4ccc(Cl)cc4)c3)CC2)C1,6.7620
O=C(Nc1cncc(Cl)c1)N1CC2(CCN(Cc3cccc(Oc4ccc(Cl)cc4)c3)CC2)C1,6.5607
O=C(Nc1cccnc1Cl)N1CC2(CCN(Cc3cccc(Oc4ccc(Cl)cc4)c3)CC2)C1,6.6073
O=C(Nc1cnc(-c2ccccc2)nc1)N1CC2(CCN(Cc3cccc(Oc4ccc(Cl)cc4)c3)CC2)C1,7.6383
O=C(Nc1ccncn1)N1CC2(CCN(Cc3cccc(Oc4ccc(Cl)cc4)c3)CC2)C1,5.2218
O=C(Nc1cccnn1)N1CC2(CCN(Cc3cccc(Oc4ccc(Cl)cc4)c3)CC2)C1,6.5850
O=C(Nc1nn[nH]n1)N1CC2(CCN(Cc3cccc(Oc4ccc(Cl)cc4)c3)CC2)C1,5.4881
O=C(Nc1cc[nH]n1)N1CC2(CCN(Cc3cccc(Oc4ccc(Cl)cc4)c3)CC2)C1,5.2366
O=C(Nc1cccc2nonc12)N1CC2(CCN(Cc3cccc(Oc4ccc(Cl)cc4)c3)CC2)C1,6.0757
O=C(Nc1cnc2cccnn12)N1CC2(CCN(Cc3cccc(Oc4ccc(Cl)cc4)c3)CC2)C1,6.4776
O=C(Nc1cnc2ccccn12)N1CC2(CCN(Cc3cccc(Oc4ccc(Cl)cc4)c3)CC2)C1,6.5229
O=C(Nc1noc2cccnc12)N1CC2(CCN(Cc3cccc(Oc4ccc(Cl)cc4)c3)CC2)C1,6.7520
O=C(Nc1noc2ccccc12)N1CC2(CCN(Cc3cccc(Oc4ccc(Cl)cc4)c3)CC2)C1,6.0458
O=C(Nc1cnc2[nH]ccc2c1)N1CC2(CCN(Cc3cccc(Oc4ccc(Cl)cc4)c3)CC2)C1,7.1805
O=C(Nc1ccc(-n2cccn2)nc1)N1CC2(CCN(Cc3cccc(Oc4ccc(Cl)cc4)c3)CC2)C1,7.3665
O=C(Nc1ccc(-n2nccn2)nc1)N1CC2(CCN(Cc3cccc(Oc4ccc(Cl)cc4)c3)CC2)C1,7.5086
O=C(Nc1noc2ccccc12)N1CCC2(CC1)CN(Cc1cccc(Oc3ccc(Cl)cc3)c1)C2,6.9101
O=C(Nc1ccc(-n2nccn2)nc1)N1CCC2(CC1)CN(Cc1cccc(Oc3ccc(Cl)cc3)c1)C2,7.3010
O=C(Nc1cnc2[nH]ccc2c1)N1CCC2(CCN(Cc3cccc(Oc4ccc(Cl)cc4)c3)CC2)CC1,7.3279
O=C(Nc1ccc(-n2nccn2)nc1)N1CCC2(CCN(Cc3cccc(Oc4ccc(Cl)cc4)c3)CC2)CC1,7.5850
O=C(Nc1cccnc1)N1CC2(CN(Cc3cccc(Oc4ccc(Cl)cc4)c3)C2)C1,6.9031
O=C(Nc1cccnc1)N1CC2(CCN(Cc3cccc(Oc4ccc(Cl)cc4)c3)CC2)C1,6.5768
O=C(Nc1cccnc1)N1CCC2(CC1)CN(Cc1cccc(Oc3ccc(Cl)cc3)c1)C2,7.0969
O=C(Nc1cccnc1)N1CC2(CCCN(Cc3cccc(Oc4ccc(Cl)cc4)c3)C2)C1,5.1984
O=C(Nc1cccnc1)N1CCC2(CCCN(Cc3cccc(Oc4ccc(Cl)cc4)c3)C2)CC1,5.0621
O=C(Nc1cccnc1)N1CCC2(CCN(Cc3cccc(Oc4ccc(Cl)cc4)c3)CC2)CC1,7.5686
O=C(Nc1cccnc1)N1CCC2(CCCN2Cc2cccc(Oc3ccc(Cl)cc3)c2)CC1,5.8861
O=C(Nc1cccnc1)N1CCC2(CCN(Cc3cccc(Oc4ccc(Cl)cc4)c3)C2)C1,5.5850
O=C(Nc1cccnc1)N1CCC2(CCN(Cc3cccc(Oc4ccc(Cl)cc4)c3)CC2)C1,5.8752
O=C(Nc1cccnc1)N1CCC2(CCN(Cc3cccc(Oc4ccc(Cl)cc4)c3)C2)CC1,7.0315
O=C(Nc1cccnn1)N1CCN(c2nccc(-c3cc(F)cc(F)c3)n2)CC1,10.0969
O=C(Nc1cccnn1)N1CCN(c2nccc(-c3ccc(F)c(F)c3)n2)CC1,9.1427
O=C(Nc1cccnn1)N1CCN(c2nccc(-c3cc(F)ccc3F)n2)CC1,10.6021
O=C(Nc1cccnn1)N1CCN(c2nccc(-c3cccc(F)c3F)n2)CC1,10.1427
O=C(Nc1cccnn1)N1CCN(c2nccc(-c3ccc(F)cc3F)n2)CC1,8.9586
O=C(Nc1cccnn1)N1CCN(c2cc(-c3ccc(F)cc3F)ncn2)CC1,8.8239
O=C(Nc1cccnn1)N1CCN(c2cc(-c3ccc(F)cc3F)ccn2)CC1,8.6576
O=C(Nc1cccnn1)N1CCN(c2ccnc(-c3ccc(F)cc3F)n2)CC1,7.6383
O=C(Nc1cccnn1)N1CCN(c2cccc(-c3ccc(F)cc3F)n2)CC1,7.4437
O=C(Nc1cccnn1)N1CCN(c2ccnc(-c3ccc(F)cc3F)c2)CC1,7.5528
O=C(Nc1cccnn1)N1CCN(c2cncc(-c3ccc(F)cc3F)c2)CC1,6.8539
CCCCCOc1ccccc1-c1cc(C(=O)NC2CCCCCC2)no1,5.2652
O=C(NC1C2CC3CC(C2)CC1C3)c1cc(-c2ccccc2)on1,5.3979
CCCCCOc1ccccc1-c1cc(C(=O)NC2CCCCCCC2)no1,5.6326
COc1ccccc1-c1cc(C(=O)NC23CC4CC(CC(C4)C2)C3)no1,6.0400
O=C(NC12CC3CC(CC(C3)C1)C2)c1cc(-c2ccccc2)on1,6.3382
CCCCCOc1cccc(-c2cc(C(=O)NC34CC5CC(CC(C5)C3)C4)no2)c1,7.2007
CCCCCOc1ccc(-c2cc(C(=O)NC34CC5CC(CC(C5)C3)C4)no2)cc1,8.0969
O[C@H](CNc1cc(-c2ccc(OC(F)(F)F)cc2)ncn1)c1ccccc1,5.0000
O[C@@H](CNc1cc(-c2ccc(OC(F)(F)F)cc2)ncn1)c1ccccc1,7.7696
OC(CNc1cc(-c2ccc(OC(F)(F)F)cc2)ncn1)c1ccccc1,7.5229
OC(CNc1cc(-c2ccc(C(F)(F)F)c(Cl)c2)ncn1)c1ccc(F)c(Cl)c1,7.4815
OC(CNc1cc(-c2ccc(C(F)(F)F)c(Cl)c2)ncn1)c1ccc(Cl)c(F)c1,7.2291
O[C@@H](CNc1cc(-c2ccc(C(F)(F)F)c(Cl)c2)ncn1)c1ccc(F)c(F)c1,8.0648
N#Cc1cccc(C(O)CNc2cc(-c3ccc(C(F)(F)F)c(Cl)c3)ncn2)c1,7.3010
N#Cc1ccc(C(O)CNc2cc(-c3ccc(C(F)(F)F)c(Cl)c3)ncn2)cc1,7.2441
OC(CNc1cc(-c2ccc(C(F)(F)F)c(Cl)c2)ncn1)c1cccc(OC(F)(F)F)c1,6.5670
OC(CNc1cc(-c2ccc(C(F)(F)F)c(Cl)c2)ncn1)c1cccc(C(F)(F)F)c1,6.6421
CSc1ccc(C(O)CNc2cc(-c3ccc(C(F)(F)F)c(Cl)c3)ncn2)cc1,6.9586
OC(CNc1cc(-c2ccc(C(F)(F)F)c(Cl)c2)ncn1)c1ccccc1F,7.2147
OC(CNc1cc(-c2ccc(C(F)(F)F)c(Cl)c2)ncn1)c1cccc(F)c1,7.1367
O[C@@H](CNc1cc(-c2ccc(C(F)(F)F)c(Cl)c2)ncn1)c1ccccc1,8.2757
O[C@@H](CNc1cc(-c2ccc(Cl)c(C(F)(F)F)c2)ncn1)c1ccccc1,7.2596
O[C@@H](CNc1cc(-c2ccc(C(F)(F)F)c(F)c2)ncn1)c1ccccc1,7.9208
CC(=O)c1ccc(-c2cc(NC[C@H](O)c3ccccc3)ncn2)cc1F,8.4949
O[C@@H](CNc1cc(-c2ccc(OCC(F)(F)F)c(F)c2)ncn1)c1ccccc1,8.2007
CCOc1ccc(-c2cc(NC[C@H](O)c3ccccc3)ncn2)cc1F,7.8239
CCOc1ccc(-c2cc(NC[C@H](O)c3ccccc3)ncn2)cc1C(F)(F)F,8.5229
O[C@@H](CNc1cc(-c2ccc(OC(F)(F)F)c(F)c2)ncn1)c1ccccc1,7.8239
COc1ccc(-c2cc(NC[C@H](O)c3ccccc3)ncn2)cc1C,7.3098
Cc1ccc(-c2cc(NCC(O)c3ccccc3)ncn2)cc1C,6.3215
COc1cccc(-c2cc(NC[C@H](O)c3ccccc3)ncn2)c1,5.8438
OC(CNc1cc(-c2cccc(C(F)(F)F)c2)ncn1)c1ccccc1,6.4989
OC(CNc1cc(-c2cccc(Cl)c2)ncn1)c1ccccc1,6.2233
Cc1cccc(-c2cc(NCC(O)c3ccccc3)ncn2)c1,5.4763
N#Cc1ccc(-c2cc(NC[C@H](O)c3ccccc3)ncn2)cc1,6.2967
O[C@@H](CNc1cc(-c2ccc(F)cc2)ncn1)c1ccccc1,5.7486
OC(CNc1cc(-c2ccc(Cl)cc2)ncn1)c1ccccc1,6.1062
Cc1ccc(-c2cc(NC[C@H](O)c3ccccc3)ncn2)cc1,6.3516
CCc1ccc(-c2cc(NCC(O)c3ccccc3)ncn2)cc1,7.4949
CC(C)c1ccc(-c2cc(NC[C@H](O)c3ccccc3)ncn2)cc1,8.3010
CC(C)(C)c1ccc(-c2cc(NCC(O)c3ccccc3)ncn2)cc1,7.1427
O[C@@H](CNc1cc(-c2ccc(C(F)(F)F)cc2)ncn1)c1ccccc1,7.6383
COc1ccc(-c2cc(NCC(O)c3ccccc3)ncn2)cc1,6.5361
CCOc1ccc(-c2cc(NCC(O)c3ccccc3)ncn2)cc1,7.2676
O[C@@H](CNc1cc(-c2ccc(OCC(F)(F)F)cc2)ncn1)c1ccccc1,7.7447
CSc1ccc(-c2cc(NCC(O)c3ccccc3)ncn2)cc1,7.2596
CCSc1ccc(-c2cc(NC[C@H](O)c3ccccc3)ncn2)cc1,8.8861
O[C@@H](CNc1cc(-c2ccc(SC(F)(F)F)cc2)ncn1)c1ccccc1,8.0969
Cn1ncc2cc(-c3ccc4oc(N5Cc6ccccc6C5)nc4c3)ccc21,8.9208
Cn1ncc2c(-c3ccc4oc(N5Cc6ccccc6C5)nc4c3)cccc21,8.4949
COCc1ccc(-c2ccc3oc(N4Cc5ccccc5C4)nc3c2)cc1,8.0000
COc1cc(-c2ccc3oc(N4Cc5ccccc5C4)nc3c2)ccn1,8.0000
Cn1ccc2cc(-c3ccc4oc(N5Cc6ccccc6C5)nc4c3)ccc21,7.4715
COCc1ccc(-c2ccc3oc(N4Cc5ccccc5C4)nc3c2)cc1OC,7.8861
c1ccc2c(c1)CN(c1nc3cc(-c4ccc5nccn5c4)ccc3o1)C2,7.8539
CCn1ccc2cc(-c3ccc4oc(Nc5ccccc5)nc4c3)ccc21,7.3905
COc1cccc(-c2ccc3oc(N4Cc5ccccc5C4)nc3c2)c1,7.5528
Cn1ccc2cc(-c3ccc4oc(N5CCn6cccc6C5)nc4c3)ccc21,7.3768
Cn1ccc2cc(-c3ccc4oc(Nc5ccccc5)nc4c3)ccc21,7.3188
Cn1ncc2c(-c3ccc4oc(NC5CCCCC5)nc4c3)cccc21,7.2840
N#Cc1cc(-c2ccc3oc(NC4CCCCC4)nc3c2)ccc1O,7.2676
Cn1ccc2cc(-c3ccc4oc(N5CCc6ccccc6C5)nc4c3)ccc21,7.2596
Cn1ncc2cc(-c3ccc4oc(NC5CCCCC5)nc4c3)ccc21,7.2147
Cn1ccc2cc(-c3ccc4oc(N5CCN(c6ccccc6)CC5)nc4c3)ccc21,7.2007
CN(c1ccccc1)c1nc2cc(-c3ccc4c(ccn4C)c3)ccc2o1,7.1675
Cn1ccc2cc(-c3ccc4oc(Nc5ccc(F)cc5)nc4c3)ccc21,7.0044
Cn1ccc2cc(-c3ccc4oc(N5Cc6ccncc6C5)nc4c3)ccc21,6.9172
C[C@@H]1CN(c2nc3cc(-c4ccc5c(ccn5C)c4)ccc3o2)C[C@H](C)O1,6.7747
Cn1ccc2cc(-c3ccc4oc(Nc5ccccn5)nc4c3)ccc21,6.7305
CCn1ccc2cc(-c3ccc4oc(NC5CCCCC5)nc4c3)ccc21,6.6840
Cn1ccc2cc(-c3ccc4oc(N5Cc6cccnc6C5)nc4c3)ccc21,6.6757
NC(=O)Cn1ccc2cc(-c3ccc4oc(NC5CCCCC5)nc4c3)ccc21,6.6696
Cn1ccc2cc(-c3ccc4oc(Nc5cccnc5)nc4c3)ccc21,6.6459
COc1ccc(-c2ccc3oc(NC4CCCCC4)nc3c2)cc1C,6.6421
COc1ccc(Nc2nc3cc(-c4ccc5c(ccn5C)c4)ccc3o2)cc1,6.5528
Cn1ccc2cc(-c3ccc4oc(Cc5ccccc5)nc4c3)ccc21,6.3116
c1cc2c(ccn2C2COC2)cc1-c1ccc2oc(NC3CCCCC3)nc2c1,6.2373
Cn1ccc2cc(-c3ccc4oc(N5CCCC5)nc4c3)ccc21,6.1713
Cn1ccc2cc(-c3ccc4oc(N5CCOCC5)nc4c3)ccc21,6.1057
Cn1ccc2cc(-c3ccc4oc(NC5CCCCC5)nc4c3)ccc21,6.0405
c1ccc(CN2CCc3c(ccnc3Nc3cnc4ccccc4c3)C2)cc1,7.1192
c1ccc(CN2CCc3c(ccnc3Nc3ccc4ncccc4c3)C2)cc1,6.3197
FC(F)(F)c1ccc(Nc2nccc3c2CCN(Cc2ccccc2)C3)cn1,5.6728
O=S(=O)(c1ccccc1)N1CCc2c(ccnc2Nc2cnc3ccccc3c2)C1,6.7212
O=S(=O)(C1CCCCC1)N1CCc2c(ccnc2Nc2cnc3ccccc3c2)C1,7.0315
O=S(=O)(C1CCC1)N1CCc2c(ccnc2Nc2cnc3ccccc3c2)C1,7.3468
Cc1sccc1S(=O)(=O)N1CCc2c(ccnc2Nc2cnc3ccccc3c2)C1,7.3468
O=S(=O)(Cc1ccccc1Cl)N1CCc2c(ccnc2Nc2cnc3ccccc3c2)C1,7.6778
c1ccc2ncc(Nc3nccc4c3CCN(CC3CCCCC3)C4)cc2c1,7.5528
c1ccc(CCN2CCc3c(ccnc3Nc3cnc4ccccc4c3)C2)cc1,8.5850
Oc1ccc(CCN2CCc3c(ccnc3Nc3cnc4ccccc4c3)C2)cc1,7.8861
CCCCCCC(C)OC(=O)C(Br)C(C)=O,6.0969
CS(=O)(=O)c1ccc(-c2nc(-c3ccccc3)oc2Sc2ccc(Cl)cc2)cc1,7.8861
Clc1ccc(Sc2cn(-c3cccnc3)nc2-c2ccc(-c3ncon3)cc2)cc1,7.8861
CS(=O)(=O)c1ccc(-c2nn(-c3ccc(F)cc3)cc2Sc2ccc(Cl)cc2)cc1,7.7959
Clc1ccc(Sc2cn(-c3ccccc3)nc2-c2ccc3c(c2)OCCO3)cc1,7.5686
CS(=O)(=O)c1ccc(-c2nc(-c3ccc(F)cc3)oc2Sc2ccc(Cl)cn2)cc1,7.5528
CC(C)(O)c1cnc(-c2nn(-c3ccc(F)cc3)cc2Sc2ccc(Cl)cc2)cn1,7.4949
Clc1ccc(Sc2c[nH]nc2-c2ccc3c(c2)OCCO3)cc1,6.9245
CC(C)Cc1ccc(C(C)C(=O)NCCc2c[nH]c3ccc(O)cc23)cc1,5.3010
CC(C(=O)NCCc1c[nH]c2ccc(O)cc12)c1ccc(-c2ccccc2)c(F)c1,4.8239
CCCCC/C=C\C/C=C\C/C=C\C/C=C\CCCC(=O)NCc1ccoc1,5.1403
CCCCCCCC/C=C\CCCCCCCC(=O)N[C@@H](CO)Cc1ccc(O)cc1,4.6318
CCC/C=C/C/C=C/CCC/C=C/C=C/C(=O)NCC(C)CC,4.7001
CC#CC#CC/C=C\CCC/C=C/C=C/C(=O)NCC(C)C,4.9101
CCC/C=C\C#C/C=C\C=C\CC/C=C/C=C/C(=O)NCC(C)C,4.7501
O=C(N1CCN(C(c2ccc(F)cc2)c2ccc(F)cc2)CC1)n1cncn1,6.5499
O=C(N1CCN(C(c2ccccc2)c2ccccc2)CC1)n1cncn1,6.3474
O=C(N1CCN(C(c2ccccc2)c2ccccc2)CC1)n1nnc2cccnc21,6.0114
O=C(N1CCN(C(c2ccccc2)c2ccccc2)CC1)n1ccnc1,5.6391
O=C(N1CCN(c2ccccc2)CC1)n1nnc2cccnc21,7.9543
O=C(N1CCN(c2ccccc2)CC1)n1cncn1,8.2209
CCOC(=O)N1CCN(C(=O)n2nnc3cccnc32)CC1,6.6382
CCOC(=O)N1CCN(C(=O)n2cncn2)CC1,6.8504
O=C(N1CCN(Cc2cccc(Oc3ccccc3)c2)CC1)n1cncn1,8.5693
O=C(N1CCN(Cc2cccc(Oc3ccccc3)c2)CC1)n1nnc2ccccc21,7.0503
O=C(N1CCN(Cc2cccc(Oc3ccccc3)c2)CC1)n1nnc2cccnc21,7.6391
O=C(N1CCN(Cc2cccc(Oc3ccccc3)c2)CC1)n1ccnc1,7.8169
O=C(N1CCN(Cc2ccc(Oc3ccccc3)cc2)CC1)n1nnc2ccccc21,6.1500
O=C(N1CCN(Cc2ccc(Oc3ccccc3)cc2)CC1)n1ccnc1,8.1142
O=C(N1CCC(C(c2ccc3c(c2)OCO3)c2ccc3c(c2)OCO3)CC1)n1cncn1,5.3194
O=C(N1CCC(C(O)(c2ccc3c(c2)OCO3)c2ccc3c(c2)OCO3)CC1)n1cncn1,5.7900
O=C(N1CCC(=C2c3ccccc3C=Cc3ccccc32)CC1)n1cncn1,5.1603
O=C(N1CCC(=C2c3ccc(Cl)cc3CCc3cccnc32)CC1)n1cncn1,5.1401
CCOC(=O)c1cc(-c2cccc(OC(=O)NC3CCCCC3)c2)n(C)n1,6.5186
CCOC(=O)c1cc(-c2cccc(OC(=O)NC3CCCCC3)c2)n(CC)n1,6.9957
CCOC(=O)c1cc(-c2cccc(OC(=O)NC3CCCCC3)c2)n(-c2ccccc2)n1,7.9586
CCOC(=O)c1cc(-c2cccc(OC(=O)NC3CCCCC3)c2)n(-c2ccc(Cl)cc2)n1,7.7696
CCOC(=O)c1cc(-c2cccc(OC(=O)NC3CCCCC3)c2)n(-c2ccc(OC)cc2)n1,6.9872
CCOC(=O)c1cc(-c2cccc(OC(=O)NC3CCCCC3)c2)n(-c2ccc(C)cc2)n1,7.5376
CCOC(=O)c1cc(-c2cccc(OC(=O)NC3CCCCC3)c2)n(-c2ccc(C(F)(F)F)cc2)n1,6.8794
CCOC(=O)c1cc(-c2cccc(OC(=O)NC3CCCCC3)c2)n(-c2ccc([N+](=O)[O-])cc2)n1,7.1079
CCOC(=O)c1cc(-c2cccc(OC(=O)NC3CCCCC3)c2)n(-c2ccc(Cl)cc2Cl)n1,6.9101
CCOC(=O)c1cc(-c2cccc(OC(=O)NC3CCCCC3)c2)n(Cc2ccccc2)n1,7.1549
CCOC(=O)c1cc(-c2ccc(OC(=O)NC3CCCCC3)cc2)n(C)n1,7.0915
CCOC(=O)c1cc(-c2ccc(OC(=O)NC3CCCCC3)cc2)n(CC)n1,6.6696
CCOC(=O)c1cc(-c2ccc(OC(=O)NC3CCCCC3)cc2)n(-c2ccccc2)n1,6.5719
CCOC(=O)c1cc(-c2ccc(OC(=O)NC3CCCCC3)cc2)n(-c2ccc(Cl)cc2)n1,6.5513
NC(=O)c1cc(-c2cccc(OC(=O)NC3CCCCC3)c2)n(-c2ccccc2)n1,6.7721
NC(=O)c1cc(-c2cccc(OC(=O)NC3CCCCC3)c2)n(-c2ccc(Cl)cc2)n1,6.7595
COc1ccc(-n2nc(C(N)=O)cc2-c2cccc(OC(=O)NC3CCCCC3)c2)cc1,6.1290
CC(C)NC(=O)c1cc(-c2cccc(OC(=O)NC3CCCCC3)c2)n(-c2ccccc2)n1,6.6345
O=C(NC1CCCCC1)Oc1cccc(-c2cc(C(=O)NC3CCCCC3)nn2-c2ccccc2)c1,6.5406
CCN(CC)C(=O)c1cc(-c2cccc(OC(=O)NC3CCCCC3)c2)n(-c2ccccc2)n1,6.3487
Cn1nc(C(N)=O)cc1-c1ccc(OC(=O)NC2CCCCC2)cc1,6.6799
NC(=O)c1cc(-c2ccc(OC(=O)NC3CCCCC3)cc2)n(-c2ccccc2)n1,7.1487
NC(=O)c1cc(-c2ccc(OC(=O)NC3CCCCC3)cc2)n(-c2ccc(Cl)cc2)n1,6.7645
CCOC(=O)c1cc(-c2cccc(OC(=O)NC3CCCCC3)c2)nn1C,6.6440
CCOC(=O)c1cc(-c2cccc(OC(=O)NC3CCCCC3)c2)nn1CC,6.2950
CCOC(=O)c1cc(-c2cccc(OC(=O)NC3CCCCC3)c2)nn1-c1ccccc1,6.2684
CCOC(=O)c1cc(-c2cccc(OC(=O)NC3CCCCC3)c2)nn1-c1ccc(Cl)cc1,6.4522
CCOC(=O)c1cc(-c2cccc(OC(=O)NC3CCCCC3)c2)nn1-c1ccc(OC)cc1,6.3904
CCOC(=O)c1cc(-c2ccc(OC(=O)NC3CCCCC3)cc2)nn1C,6.5003
CCOC(=O)c1cc(-c2ccc(OC(=O)NC3CCCCC3)cc2)nn1CC,6.2197
CCOC(=O)c1cc(-c2ccc(OC(=O)NC3CCCCC3)cc2)nn1-c1ccccc1,6.2277
CCOC(=O)c1cc(-c2ccc(OC(=O)NC3CCCCC3)cc2)nn1-c1ccc(Cl)cc1,6.2321
CCOC(=O)c1cc(-c2ccc(OC(=O)NC3CCCCC3)cc2)nn1-c1ccc(OC)cc1,6.7986
CCCCCCNC(=O)Oc1cccc(-c2cc(C(=O)OCC)nn2-c2ccccc2)c1,7.0555
O=C(NC1CCCCC1)Oc1cccc(-c2cc(C(=O)O)nn2-c2ccccc2)c1,5.6432
COC(=O)c1cc(-c2cccc(OC(=O)NC3CCCCC3)c2)n(-c2ccccc2)n1,7.7447
CCCOC(=O)c1cc(-c2cccc(OC(=O)NC3CCCCC3)c2)n(-c2ccccc2)n1,7.5686
CCCCCCNC(=O)Oc1cccc(-c2cc(C(=O)OCCC)nn2-c2ccccc2)c1,6.9957
O=C(NC1CCCCC1)Oc1cccc(-c2cc(CO)nn2-c2ccccc2)c1,6.3354
COC(=O)c1ccc(Cn2nc(OC)oc2=O)cc1,5.1700
COc1nn(Cc2ccc(OCc3ccccc3)cc2)c(=O)o1,6.3886
COc1nn(Cc2cccc(OCc3ccccc3)c2)c(=O)o1,5.8205
COc1nn(Cc2ccc(NC(=O)c3ccccc3)cc2)c(=O)o1,6.2088
COc1nn(Cc2ccc3ccccc3c2)c(=O)o1,5.4001
O=C1[C@@H](c2ccc(F)cc2)[C@H](c2ccc3c(c2)OCO3)N1C1CCN(C(=O)n2cncn2)CC1,5.1113
O=C1[C@H](c2ccc(F)cc2)[C@@H](c2ccc3c(c2)OCO3)N1C1CCN(C(=O)n2cncn2)CC1,5.4666
COc1ccccc1N1CCN(CCCCNC(=O)Oc2cccc3ccccc23)CC1,7.3134
Cc1ccccc1N1CCN(CCCCNC(=O)Oc2cccc3ccccc23)CC1.Cl,7.8861
Cl.O=C(NCCCCN1CCN(c2ccccc2C(F)(F)F)CC1)Oc1cccc2ccccc12,7.6676
O=C(NCCCN1CCN(c2cccc(Cl)c2Cl)CC1)Oc1cccc2ccccc12,8.2076
COc1ccccc1N1CCN(CCCNC(=O)Oc2cccc3ccccc23)CC1,8.1938
Cc1ccccc1N1CCN(CCCNC(=O)Oc2cccc3ccccc23)CC1.Cl,8.2757
O=C(NCCCN1CCN(c2ccccc2C(F)(F)F)CC1)Oc1cccc2ccccc12,8.1612
Cl.O=C(NCCCCN1CCN(c2cccc(Cl)c2Cl)CC1)Oc1ccc(F)c2ccccc12,8.3468
COc1ccc(OC(=O)NCCCCN2CCN(c3cccc(Cl)c3Cl)CC2)c2ccccc12.Cl,6.6402
Cl.O=C(NCCCCN1CCN(c2cccc(Cl)c2Cl)CC1)Oc1ccc(O)c2ccccc12,8.2218
Cl.O=C(NCCCCN1CCN(c2cccc(Cl)c2Cl)CC1)Oc1ccc(C(=O)O)c2ccccc12,8.4685
Cl.NC(=O)c1ccc(OC(=O)NCCCCN2CCN(c3cccc(Cl)c3Cl)CC2)c2ccccc12,8.4815
O=C(NCCCCN1CCN(c2cccc(Cl)c2Cl)CC1)Oc1ccccc1,9.2007
O=C(NCCCCN1CCN(c2cccc(Cl)c2Cl)CC1)Oc1cccc2c1CCCC2,6.6126
Cl.O=C(NCCCCN1CCN(c2cccc(Cl)c2Cl)CC1)Oc1cccc2c1OCCO2,7.5143
Cl.O=C(NCCCCN1CCN(c2cccc(Cl)c2Cl)CC1)Oc1cccc2sccc12,8.8539
O=C(NCCCCN1CCN(c2cccc(Cl)c2Cl)CC1)Oc1cccc2[nH]ccc12,8.2924
Cl.O=C(NCCCCN1CCN(c2cccc(Cl)c2Cl)CC1)Oc1cccc2[nH]cnc12,9.0044
CN1CCN(Cc2cccc(-c3ccc(-c4cc(C(=O)NC56CC7CC(CC(C7)C5)C6)no4)cc3)c2)CC1,5.9469
CC(=O)c1cccc(-c2ccc(-c3cc(C(=O)NC45CC6CC(CC(C6)C4)C5)no3)cc2)c1,6.2291
COc1cccc(-c2ccc(-c3cc(C(=O)NC45CC6CC(CC(C6)C4)C5)no3)cc2)c1,6.1427
N#Cc1cccc(-c2ccc(-c3cc(C(=O)NC45CC6CC(CC(C6)C4)C5)no3)cc2)c1,6.6198
O=C(NC12CC3CC(CC(C3)C1)C2)c1cc(-c2ccc(-c3cccc(CN4CCOCC4)c3)cc2)on1,6.0809
O=C(Oc1ccccc1)N1CCC(c2nc(C3=NOC(c4ccccc4)C3)cs2)CC1,11.1549
N#Cc1ccc(OC(=O)N2CCC(c3nc(C4=NOC(c5ccccc5)C4)cs3)CC2)cc1,10.8861
N#Cc1cccc(OC(=O)N2CCC(c3nc(C4=NOC(c5ccccc5)C4)cs3)CC2)c1,11.0625
O=C(Oc1ccc(Cl)cc1)N1CCC(c2nc(C3=NOC(c4ccccc4)C3)cs2)CC1,10.6198
O=C(Oc1ccc(C(F)(F)F)cc1)N1CCC(c2nc(C3=NOC(c4ccccc4)C3)cs2)CC1,9.9587
O=C(Oc1ccccc1Cl)N1CCC(c2nc(C3=NOC(c4ccccc4)C3)cs2)CC1,10.7488
Cc1cc(C)cc(OC(=O)N2CCC(c3nc(C4=NOC(c5ccccc5)C4)cs3)CC2)c1,7.8894
Cc1ccccc1OC(=O)N1CCC(c2nc(C3=NOC(c4ccccc4)C3)cs2)CC1,10.9332
Cc1ccc(C)c(OC(=O)N2CCC(c3nc(C4=NOC(c5ccccc5)C4)cs3)CC2)c1,7.9686
O=C(Oc1cccc(Cl)c1)N1CCC(c2nc(C3=NOC(c4ccccc4)C3)cs2)CC1,9.9020
Cc1cccc(C)c1OC(=O)N1CCC(c2nc(C3=NOC(c4ccccc4)C3)cs2)CC1,6.2116
Cc1cccc(OC(=O)N2CCC(c3nc(C4=NOC(c5ccccc5)C4)cs3)CC2)c1,10.2495
Cc1ccc(OC(=O)N2CCC(c3nc(C4=NOC(c5ccccc5)C4)cs3)CC2)cc1,10.2159
O=C(Oc1ccccc1)N1CCC(c2nc(C3=NOC4(CCCc5ccccc54)C3)cs2)CC1,8.0503
O=C(Oc1cccnc1)N1CCC(c2nc(C3=NOC(c4ccccc4)C3)cs2)CC1,10.6990
COc1ccc(OC(=O)N2CCC(c3nc(C4=NOC(c5ccccc5)C4)cs3)CC2)cc1,11.0000
Cc1ccccc1NC(=O)N1CCC(c2nc(C3=NOC(c4ccccc4)C3)cs2)CC1,6.7345
O=C(Nc1nccs1)N1CCC(c2nc(C3=NOC(c4ccccc4)C3)cs2)CC1,7.6778
O=C(Nc1ccccc1)N1CCC(c2nc(C3=NOC(c4ccccc4)C3)cs2)CC1,7.7447
CCOC(=O)CNC(=O)N1CCC(c2nc(C3=NOC(c4ccccc4)C3)cs2)CC1,7.4432
O=C(Nc1cnccn1)N1CCC(c2nc(C3=NOC(c4ccccc4)C3)cs2)CC1,8.5216
O=C(Nc1cccnn1)N1CCC(c2nc(C3=NOC(c4ccccc4)C3)cs2)CC1,8.1148
O=C(Oc1ccccc1)N1CCN(c2nc(C3=NOC(c4ccccc4)C3)cs2)CC1,9.3198
N#Cc1ccc(OC(=O)N2CCN(c3nc(C4=NOC(c5ccccc5)C4)cs3)CC2)cc1,10.5686
N#Cc1cccc(OC(=O)N2CCN(c3nc(C4=NOC(c5ccccc5)C4)cs3)CC2)c1,10.2159
O=C(Oc1ccc(Cl)cc1)N1CCN(c2nc(C3=NOC(c4ccccc4)C3)cs2)CC1,11.0000
O=C(Oc1ccc(C(F)(F)F)cc1)N1CCN(c2nc(C3=NOC(c4ccccc4)C3)cs2)CC1,10.3143
O=C(Oc1ccc([N+](=O)[O-])cc1)N1CCN(c2nc(C3=NOC(c4ccccc4)C3)cs2)CC1,10.2159
O=C(Nc1cnccc1Cl)N1CCN(Cc2cccc(Oc3ccc(Cl)cc3)c2)CC1,8.8861
N#Cc1ccncc1NC(=O)N1CCN(Cc2cccc(Oc3ccc(Cl)cc3)c2)CC1,7.7696
O=C(Nc1cccnc1)N1CCN(Cc2cccc(Oc3ccc(Br)cc3)c2)CC1,8.6198
O=C(Nc1cccnc1)N1CCN(Cc2cccc(Oc3ccc(F)cc3)c2)CC1,7.7959
O=C(Nc1cccnc1)N1CCN(Cc2cccc(Oc3ccc(C(F)(F)F)cc3)c2)CC1,9.0000
O=C(Nc1cnccc1Cl)N1CCN(Cc2cccc(Oc3ccc(F)cc3)c2)CC1,8.4815
O=C(Nc1cccnc1)N1CCN(Cc2cc(Cl)cc(Oc3ccc(Cl)cc3)c2)CC1,8.0969
O=C(Nc1cccnc1)N1CCC(Cc2cccc(Oc3ccc(Cl)cc3)c2)CC1,8.3665
O=C(Nc1cccnc1)N1CCC(Cc2cccc(Oc3ccc(Cl)cn3)c2)CC1,9.0000
O=C(Nc1cccnc1)N1CCCC(Cc2cccc(Oc3ccc(F)cc3)c2)C1,7.5528
COCCOc1cccc(-c2ccc(OC3CN(C(=O)Nc4ccncn4)C3)nc2)c1,8.0458
COCCOc1cccc(-c2ccc(OC3CN(C(=O)Nc4cnccn4)C3)nc2)c1,7.1367
COCCOc1cccc(-c2ccc(OC3CN(C(=O)Nc4cccnn4)C3)nc2)c1,7.7212
COCCOc1cccc(-c2ccc(OC3CN(C(=O)Nc4cccnc4)C3)nc2)c1,7.7447
O=C(Nc1cccnn1)N1CC(Oc2ccc(-c3cccc(OCCOCc4ccccc4)c3)cn2)C1,8.5229
O=C(Nc1cccnn1)N1CC(Oc2ccc(-c3cccc(OCCO)c3)cn2)C1,7.3098
COCCOc1ccc(OC)c(-c2ccc(OC3CN(C(=O)Nc4cccnn4)C3)nc2)c1,7.7212
COc1ccc(OC)c(-c2ccc(OC3CN(C(=O)Nc4cccnn4)C3)nc2)c1,7.9208
O=C(Nc1cccnn1)N1CC(Oc2ccc(-c3ccccc3)cn2)C1,7.4202
O=C(Nc1cccnn1)N1CC(Oc2ccc(-c3c(F)cccc3I)cn2)C1,7.8539
COCCOc1ccc(Cl)c(-c2ccc(OC3CN(C(=O)Nc4cccnn4)C3)nc2)c1,8.1549
O=C(Nc1cnccn1)N1CC(Oc2ccc(-c3ccccc3F)cn2)C1,7.3768
COc1ccccc1-c1ccc(OC2CN(C(=O)Nc3cccnn3)C2)nc1,7.9208
O=C(Nc1cccnn1)N1CC(Oc2ccc(-c3ccccc3F)cn2)C1,7.7959
COc1cccc(-c2ccc(OC3CN(C(=O)Nc4cccnn4)C3)nc2)c1F,7.5850
O=C(Nc1ccccc1)N1CCN(Cc2ccc3ccccc3c2)CC1,7.6383
O=C(Nc1ccccc1)N1CCN(Cc2cc3ccccc3s2)CC1,7.7212
O=C(Nc1ccccc1)N1CCN(Cc2ccc(Br)c(Br)c2)CC1,7.4202
Cn1c(CN2CCN(C(=O)Nc3ccccc3)CC2)cc2ccccc21,6.7194
O=C(Nc1ccccc1)N1CCN(Cc2cnc3ccccc3c2)CC1,7.1367
O=C(Nc1ccccc1)N1CCN(Cc2ccc(I)cc2)CC1,7.2840
O=C(Nc1ccccc1)N1CCN(Cc2cccc(OCc3ccccc3)c2)CC1,7.2441
O=C(Nc1ccccc1)N1CCN(Cc2ccc(Br)cc2)CC1,7.1612
O=C(Nc1ccccc1)N1CCN(Cc2ccc(F)c(Br)c2)CC1,6.9208
O=C(Nc1ccccc1)N1CCN(Cc2ccc3c(c2)CCC3)CC1,6.7447
O=C(Nc1ccccc1)N1CCN(Cc2csc3ccccc23)CC1,6.6990
CC(C)c1ccc(CN2CCN(C(=O)Nc3ccccc3)CC2)cc1,6.4202
CCc1ccc(CN2CCN(C(=O)Nc3ccccc3)CC2)cc1,6.5528
O=C(Nc1ccccc1)N1CCN(Cc2cc(Br)ccc2O)CC1,6.4815
O=C(Nc1ccccc1)N1CCN(Cc2ccc3c(c2)OCCO3)CC1,6.3372
C=Cc1cccc(CN2CCN(C(=O)Nc3ccccc3)CC2)c1,6.2291
O=C(Nc1ccccc1)N1CCN(Cc2ccc3c(c2)CCO3)CC1,6.2076
O=C(Nc1ccccc1)N1CCN(Cc2cccc3ccccc23)CC1,5.9586
O=C(Nc1ccccc1)N1CCN(Cc2ccccc2O)CC1,5.5229
Cc1cccc(CN2CCN(C(=O)Nc3ccccc3)CC2)c1,5.6990
O=C(Nc1ccccc1)N1CCN(Cc2ccc3[nH]ccc3c2)CC1,5.3979
COc1ccc(CN2CCN(C(=O)Nc3ccccc3)CC2)cc1OC,5.3979
CC(C)Oc1ccc(CN2CCN(C(=O)Nc3ccccc3)CC2)cc1,5.4559
O=C(Nc1ccccc1)N1CCN(Cc2ccc(-c3ccccc3)cc2)CC1,5.3468
O=C(Nc1ccccc1)N1CCN(Cc2ccnc3ccccc23)CC1,5.5229
O=C(Nc1ccccc1)N1CCN(Cc2cccc3c2OCO3)CC1,5.2218
O=C(Nc1ccccc1)N1CCN(Cc2ccc3c(c2)OC(F)(F)O3)CC1,7.0000
Cn1ccc2cc(CN3CCN(C(=O)Nc4ccccc4)CC3)ccc21,6.6383
O=C(Nc1ccccc1)N1CCN(Cc2ccc3cc(Cl)ccc3n2)CC1,6.7696
O=C(Nc1ccccc1)N1CCN(Cc2ccc3cccc(Cl)c3n2)CC1,7.5528
O=C(Nc1ccccc1)N1CCN(Cc2cc3ccccc3nc2Cl)CC1,5.0458
O=C(Nc1ccc(F)cc1)N1CCN(Cc2ccc3ccccc3c2)CC1,6.8171
O=C(Nc1ccc(F)cc1)N1CCN(Cc2ccc3ccccc3n2)CC1,7.0000
O=C(Nc1ccccc1)N1CCN(Cc2ccc3ccccc3c2O)CC1,7.6778
O=C(Nc1ccccc1)N1CCN(Cc2cccc(Oc3ccc(Cl)c(Cl)c3)c2)CC1,7.6990
O=C(Nc1ccccc1)N1CCN(Cc2cccc(Oc3cccc(C(F)(F)F)c3)c2)CC1,6.6576
COc1ccc2cc(CN3CCN(C(=O)Nc4ccccc4)CC3)ccc2c1,5.7959
O=C(Nc1ccccc1)N1CCN(Cc2cc3ccccc3c3ccccc23)CC1,5.0969
O=C(Nc1ccccc1)N1CCN(Cc2ccc3ccc4cccc5ccc2c3c45)CC1,6.6185
O=C(Nc1ccccc1)N1CCN(Cc2cnc3ccc(Cl)cc3c2)CC1,7.6383
O=C(Nc1ccccc1)N1CCN(Cc2cccc(-c3ccccc3)c2)CC1,6.3872
O=C(Nc1ccccc1)N1CCN(Cc2cccc(Br)n2)CC1,5.2218
O=C(Nc1ccccc1)N1CCN(Cc2cccc(S(=O)(=O)c3ccc(Cl)cc3)c2)CC1,6.9586
O=C(Nc1ccccc1)N1CCN(Cc2ccc3cc[nH]c3c2)CC1,7.5376
Cc1cccc2cc(CN3CCN(C(=O)Nc4ccccc4)CC3)c(Cl)nc12,7.6198
Cn1ccc2ccc(CN3CCN(C(=O)Nc4ccccc4)CC3)cc21,6.4559
O=C(Nc1ccccc1)N1CCN(Cc2ccc(OCc3ccccc3)cc2)CC1,7.4949
O=C(Nc1ccccc1)N1CCN(Cc2cccc(Oc3cc(Cl)cc(Cl)c3)c2)CC1,5.3010
O=C(Nc1ccccc1)N1CCN(Cc2ccc3c(c2)Cc2ccccc2-3)CC1,5.0969
CCn1c2ccccc2c2cc(CN3CCN(C(=O)Nc4ccccc4)CC3)ccc21,6.4815
O=C(Nc1ccccc1)N1CCN(Cc2ccc(/C=C/c3ccccc3)cc2)CC1,5.2218
O=C(Nc1ccccc1)N1CCN(Cc2ccc(Cl)c(C(F)(F)F)c2)CC1,7.0969
Cc1cc(CN2CCN(C(=O)Nc3ccccc3)CC2)c(C)n1-c1cccc(C(F)(F)F)c1,6.3188
O=C(Nc1ccccc1)N1CCN(Cc2ccccc2Br)CC1,5.6021
O=C(Nc1cccc(F)c1)N1CCN(Cc2ccc(Br)c(Br)c2)CC1,7.7212
O=C(Nc1ccc(F)cc1)N1CCN(Cc2ccc(Br)c(Br)c2)CC1,7.6778
COc1cccc(NC(=O)N2CCN(Cc3ccc(Br)c(Br)c3)CC2)c1,7.3188
Cc1cccc(NC(=O)N2CCN(Cc3ccc(Br)c(Br)c3)CC2)c1,7.0000
O=C(Nc1ccccc1F)N1CCN(Cc2ccc(Br)c(Br)c2)CC1,7.6576
COc1ccc(NC(=O)N2CCN(Cc3ccc(Br)c(Br)c3)CC2)cc1,7.1249
COc1ccccc1NC(=O)N1CCN(Cc2ccc(Br)c(Br)c2)CC1,6.8861
O=C(Nc1cccc(Cl)c1)N1CCN(Cc2ccc(Br)c(Br)c2)CC1,6.6198
O=C(Nc1ccccc1Cl)N1CCN(Cc2ccc(Br)c(Br)c2)CC1,6.3372
Cc1ccc(NC(=O)N2CCN(Cc3ccc(Br)c(Br)c3)CC2)cc1,6.3279
O=C(Nc1ccc(Cl)cc1)N1CCN(Cc2ccc(Br)c(Br)c2)CC1,6.3010
O=C(Nc1cccc(F)c1)N1CCN(Cc2cnc3ccccc3c2)CC1,6.9208
O=C(Nc1ccc(F)cc1)N1CCN(Cc2cnc3ccccc3c2)CC1,6.6576
O=C(Nc1ccccc1Cl)N1CCN(Cc2cnc3ccccc3c2)CC1,5.7959
O=C(Nc1cccc(Cl)c1)N1CCN(Cc2cnc3ccccc3c2)CC1,6.6990
O=C(Nc1ccc(Cl)cc1)N1CCN(Cc2cnc3ccccc3c2)CC1,6.4437
COc1ccccc1NC(=O)N1CCN(Cc2cnc3ccccc3c2)CC1,6.2676
Cc1ccccc1NC(=O)N1CCN(Cc2cnc3ccccc3c2)CC1,5.2218
Cc1ccc(NC(=O)N2CCN(Cc3cnc4ccccc4c3)CC2)cc1,6.1612
COc1ccc(NC(=O)N2CCN(Cc3cnc4ccccc4c3)CC2)cc1,6.5686
Cc1cccc(NC(=O)N2CCN(Cc3cnc4ccccc4c3)CC2)c1,6.6990
COc1cccc(NC(=O)N2CCN(Cc3cnc4ccccc4c3)CC2)c1,6.6990
O=C(Nc1ccc(F)cc1F)N1CCN(Cc2cnc3ccccc3c2)CC1,6.1505
O=C(Nc1ccccc1F)N1CCN(Cc2cnc3ccccc3c2)CC1,6.8232
Cc1ccc(NC(=O)N2CCC(Cc3ccccc3)CC2)cc1,5.0969
Cc1cccc(NC(=O)N2CCC(Cc3ccccc3)CC2)c1,5.6383
O=C(Nc1ccccc1Cl)N1CCC(Cc2ccccc2)CC1,5.3979
O=C(Nc1ccncc1)N1CCN(Cc2ccc(Br)c(Br)c2)CC1,6.6198
O=C(Nc1ccccn1)N1CCN(Cc2ccc(Br)c(Br)c2)CC1,6.4437
O=C(Nc1cccnc1)N1CCN(Cc2ccc(Br)c(Br)c2)CC1,7.5686
O=C(Nc1ccccc1)N1CCN(Cc2ccc(OC3CCCCC3)cc2)CC1,6.0000
CCCOc1cccc(CN2CCN(C(=O)Nc3ccccc3)CC2)c1,6.7696
CC(C)COc1cccc(CN2CCN(C(=O)Nc3ccccc3)CC2)c1,6.6778
CCOc1cccc(CN2CCN(C(=O)Nc3ccccc3)CC2)c1,6.6576
CCCOc1ccc(CN2CCN(C(=O)Nc3ccccc3)CC2)cc1,5.8239
CC(C)COc1ccc(CN2CCN(C(=O)Nc3ccccc3)CC2)cc1,5.7447
CN(C)CCOc1cccc(CN2CCN(C(=O)Nc3ccccc3)CC2)c1,5.0000
O=C(Nc1ccccc1)N1CCN(Cc2cccc(OCCN3CCCCC3)c2)CC1,5.6990
CN(C)CCCOc1cccc(CN2CCN(C(=O)Nc3ccccc3)CC2)c1,5.6990
O=C(Nc1ccccc1)N1CCN(Cc2cccc(OCCCN3CCCCC3)c2)CC1,5.6990
CCOc1ccc(CN2CCN(C(=O)Nc3ccccc3)CC2)cc1,5.6990
O=C(Nc1ccccc1)N1CCN(Cc2cccc(Oc3cccc(Cl)c3)c2)CC1,6.7959
O=C(Nc1ccccc1)N1CCN(Cc2cccc(Oc3ccc4ccccc4c3)c2)CC1,7.4815
O=C(Nc1ccccc1)N1CCN(Cc2cccc(Oc3cc4ccccc4c4ccccc34)c2)CC1,5.5229
COC(=O)c1ccc(Oc2cccc(CN3CCN(C(=O)Nc4ccccc4)CC3)c2)cc1,7.3010
CS(=O)(=O)c1ccc(Oc2cccc(CN3CCN(C(=O)Nc4ccccc4)CC3)c2)cc1,7.1871
COc1cccc(Oc2cccc(CN3CCN(C(=O)Nc4ccccc4)CC3)c2)c1,7.0809
O=C(Nc1ccccc1)N1CCN(Cc2cccc(Oc3ccc4c(c3)OCO4)c2)CC1,7.1739
CS(=O)(=O)Oc1cccc(CN2CCN(C(=O)Nc3ccccc3)CC2)c1,6.0000
O=C(Nc1ccccc1)N1CCN(Cc2cccc(OS(=O)(=O)c3ccccc3)c2)CC1,7.2291
O=C(Nc1ccccc1)N1CCN(Cc2cccc(OS(=O)(=O)c3ccc(Cl)cc3)c2)CC1,6.4202
O=C(Nc1ccccc1)N1CCN(Cc2cccc(I)c2)CC1,6.9208
O=C(Nc1ccccc1)N1CCN(Cc2ccc3c(c2)OCO3)CC1,5.9208
O=C(Nc1ccccc1)N1CCN(Cc2cccc(Br)c2)CC1,6.5528
Cc1ccc(CN2CCN(C(=O)Nc3ccccc3)CC2)cc1C,6.2007
Cc1ccc(CN2CCN(C(=O)Nc3ccccc3)CC2)cc1,5.8861
O=C(Nc1ccc(F)cc1)N1CCN(Cc2ccc3c(c2)OCO3)CC1,5.3979
O=C(Nc1ccccc1)N1CCC(Cc2ccccc2)CC1,6.5686
O=C(Nc1ccccc1)N1CCN(CCCc2ccccc2)CC1,5.7696
O=C(Nc1ccccc1)N1CCN(Cc2ccccc2)CC1,5.6990
O=C(Nc1ccccc1)N1CCN(C2CCc3cc(Br)ccc3C2)CC1,6.4318
COC(=O)c1cccc(NC(=O)N2CCN(Cc3cnc4ccccc4c3)CC2)c1,6.1686
COC(=O)c1ccc(NC(=O)N2CCN(Cc3cnc4ccccc4c3)CC2)cc1,5.6420
O=C(O)c1cccc(NC(=O)N2CCN(Cc3cnc4ccccc4c3)CC2)c1,5.1990
O=C(Nc1cccnc1)N1CCN(Cc2cnc3ccccc3c2)CC1,5.3926
O=C(Nc1ccccn1)N1CCN(Cc2cnc3ccccc3c2)CC1,5.4208
O=C(Nc1ccncc1)N1CCN(Cc2cnc3ccccc3c2)CC1,5.3495
O=C(Nc1ncccn1)N1CCN(Cc2cnc3ccccc3c2)CC1,5.0485
O=C(Nc1cccnc1)N1CCN(Cc2ccc3c(c2)OCO3)CC1,5.8037
O=C(Nc1ccncc1)N1CCN(Cc2ccc3c(c2)OCO3)CC1,5.2614
O=C(Nc1ccccn1)N1CCN(Cc2ccc3c(c2)OCO3)CC1,5.1990
O=C(Nc1cccnc1)N1CCN(Cc2ccc3c(c2)OC(F)(F)O3)CC1,6.5376
O=C(Nc1ccncc1)N1CCN(Cc2ccc3c(c2)OC(F)(F)O3)CC1,5.7343
O=C(Nc1ccncn1)N1CCN(Cc2cnc3ccccc3c2)CC1,5.1990
O=C(Nc1ccncn1)N1CCN(Cc2ccc3c(c2)OC(F)(F)O3)CC1,5.1109
O=C(Nc1ccncn1)N1CCN(Cc2ccc(Br)c(Br)c2)CC1,6.1244
O=C(O)c1ccc(NC(=O)N2CCN(Cc3cnc4ccccc4c3)CC2)cc1,5.0485
O=C(Nc1ccccc1)N1CCN(Cc2cnc3ccccc3n2)CC1,5.5863
O=C(Nc1ccccc1)N1CCN(Cc2ccc(Cl)c(Cl)c2)CC1,6.8215
COC(=O)c1ccccc1NC(=O)N1CCN(Cc2cnc3ccccc3c2)CC1,5.0000
O=C(O)c1ccccc1NC(=O)N1CCN(Cc2cnc3ccccc3c2)CC1,5.0000
O=C(Nc1ncccn1)N1CCN(Cc2ccc3c(c2)OCO3)CC1,5.0000
O=C(Nc1nccs1)N1CCN(Cc2cnc3ccccc3c2)CC1,5.0000
O=C(Nc1nccs1)N1CCN(Cc2ccc3c(c2)OCO3)CC1,5.0000
CN(C(=O)N1CCN(Cc2ccc(Br)c(Br)c2)CC1)c1ccccc1,5.0000
C[S+]([O-])c1ccc(-c2nc(C3CCN(C(=O)OC(C)(C)C)CC3)oc2Sc2ccc(Cl)cn2)cc1,7.1708
C[S+]([O-])c1ccc(-c2nc(C3CCNCC3)oc2Sc2ccc(Cl)cn2)cc1,5.8483
CC(C)(C)OC(=O)N1CCC(c2nc(-c3ccc(S(C)(=O)=O)cc3)c(Sc3ccc(Cl)cn3)o2)CC1,7.1848
CS(=O)(=O)c1ccc(-c2nc(C3CCNCC3)oc2Sc2ccc(Cl)cn2)cc1,6.0337
COC(=O)N1CCC(c2nc(-c3ccc([S+](C)[O-])cc3)c(Sc3ccc(Cl)cn3)o2)CC1,7.1242
CC(=O)N1CCC(c2nc(-c3ccc([S+](C)[O-])cc3)c(Sc3ccc(Cl)cn3)o2)CC1,6.0761
C[S+]([O-])c1ccc(-c2nc(C3CCN(S(C)(=O)=O)CC3)oc2Sc2ccc(Cl)cn2)cc1,6.5417
CN1CCC(c2nc(-c3ccc([S+](C)[O-])cc3)c(Sc3ccc(Cl)cn3)o2)CC1,5.7696
C[S+]([O-])c1ccc(-c2nc(C3CCN(C(=O)Oc4ccccc4)CC3)oc2Sc2ccc(Cl)cn2)cc1,7.5860
CC(C)OC(=O)N1CCC(c2nc(-c3ccc([S+](C)[O-])cc3)c(Sc3ccc(Cl)cn3)o2)CC1,7.3392
CCOC(=O)N1CCC(c2nc(-c3ccc([S+](C)[O-])cc3)c(Sc3ccc(Cl)cn3)o2)CC1,7.2099
COCCOC(=O)N1CCC(c2nc(-c3ccc([S+](C)[O-])cc3)c(Sc3ccc(Cl)cn3)o2)CC1,6.6979
C[S+]([O-])c1ccc(-c2nc(C3=CCCCC3)oc2Sc2ccc(Cl)cc2)cc1,7.9259
COCCOCC(=O)N1CCC(c2nc(-c3ccc([S+](C)[O-])cc3)c(Sc3ccc(Cl)cn3)o2)CC1,6.2795
COCCOCCOCC(=O)N1CCC(c2nc(-c3ccc([S+](C)[O-])cc3)c(Sc3ccc(Cl)cn3)o2)CC1,6.1263
C[S+]([O-])c1ccc(-c2nc(C3CCN(C(=O)OCCN4CCOCC4)CC3)oc2Sc2ccc(Cl)cn2)cc1,6.3174
CN1CCN(CCOC(=O)N2CCC(c3nc(-c4ccc([S+](C)[O-])cc4)c(Sc4ccc(Cl)cn4)o3)CC2)CC1,5.5100
CN(C)CCOC(=O)N1CCC(c2nc(-c3ccc([S+](C)[O-])cc3)c(Sc3ccc(Cl)cn3)o2)CC1,5.7187
C[S+]([O-])c1ccc(-c2nc(C3CCN(C(=O)OCCNCCO)CC3)oc2Sc2ccc(Cl)cn2)cc1,5.6696
C[S+]([O-])c1ccc(-c2nc(C3=CCOCC3)oc2Sc2ccc(Cl)cc2)cc1,7.7989
C[S+]([O-])c1ccc(-c2nc(C3=CCC(O)CC3)oc2Sc2ccc(Cl)cc2)cc1,8.0616
Clc1ccc(Sc2oc(C3CCOCC3)nc2-c2ccc3[nH]ncc3c2)cc1,8.3776
CC(C)(O)c1ccc(-c2nc(C3CCOCC3)oc2Sc2ccc(Cl)cc2)cn1,7.7471
Clc1ccc(Sc2oc(C3CCOCC3)nc2-c2ccc(N3CCOCC3)nc2)cc1,7.8918
Clc1ccc(Sc2oc(C3CCOCC3)nc2-c2cnc3[nH]ccc3c2)cc1,7.5588
Clc1ccc(Sc2oc(C3CCOCC3)nc2-c2cnn(CC3OCCO3)c2)cc1,6.5928
Clc1ccc(Sc2oc(C3CCOCC3)nc2-c2ccc3ncnn3c2)cc1,6.9289
Cn1nnc2ccc(-c3nc(C4CCOCC4)oc3Sc3ccc(Cl)cc3)cc21,7.0352
Clc1ccc(Sc2oc(C3CCOCC3)nc2-c2cn[nH]c2)cc1,6.8371
Clc1ccc(Sc2oc(C3CCOCC3)nc2-c2ccc(N3CCNCC3)nc2)cc1,8.0175
Clc1ccc(Sc2oc(C3CCOCC3)nc2-c2cnc3[nH]ncc3c2)cc1,7.1703
CN(C)c1ncc(-c2nc(C3CCOCC3)oc2Sc2ccc(Cl)cc2)cn1,7.8834
Clc1ccc(Sc2oc(C3CCOCC3)nc2-c2cnc3cc[nH]c3c2)cc1,6.9469
COC(=O)Cn1cc(-c2nc(C3CCOCC3)oc2Sc2ccc(Cl)cc2)cn1,6.4946
C[N+]1(C)CCN(c2ccc(-c3nc(C4CCOCC4)oc3Sc3ccc(Cl)cc3)cn2)CC1,5.0388
Clc1ccc(Sc2oc(C3CCOCC3)nc2C2CCNCC2)nc1,5.3268
Clc1ccc(Sc2oc(C3CCOCC3)nc2C2=CCCNC2)cc1,5.3443
C[S+]([O-])c1ccc(-c2nc(C3CCOCC3)oc2Sc2ccc(Cl)cn2)cn1,6.5330
COc1cc(OC(=O)NCCCCN2CCN(c3ccccc3OC)CC2)ccc1-c1ccccc1,7.3665
O=C(NCCCCN1CCN(c2cccc(Cl)c2Cl)CC1)Oc1ccc(-c2ccccc2)c(F)c1,8.2218
COc1cc(OC(=O)NCCCCN2CCN(c3cccc(Cl)c3Cl)CC2)ccc1-c1ccccc1,8.3665
COc1ccccc1N1CCN(CCCCNC(=O)Oc2ccc3c(c2)[nH]c2ccccc23)CC1,7.4318
O=C(NCCCCN1CCN(c2cccc(Cl)c2Cl)CC1)Oc1ccc2c(c1)[nH]c1ccccc12,8.0969
O=C(NCCCN1CCN(c2cccc(Cl)c2Cl)CC1)Oc1ccc2c(c1)[nH]c1ccccc12,8.3188
O=C(NCCCCN1CCN(c2ccccc2C(F)(F)F)CC1)Oc1ccc(-c2ccccc2)cc1,7.6840
Cc1ccccc1N1CCN(CCCCNC(=O)Oc2ccc(-c3ccccc3)cc2)CC1,8.1192
COc1ccccc1N1CCN(CCCCNC(=O)Oc2ccc(-c3ccccc3)cc2)CC1.Cl,7.4089
COc1ccccc1N1CCN(CCCNC(=O)Oc2ccc(-c3ccccc3)cc2)CC1.Cl,8.5850
Cl.O=C(NCCCCN1CCN(c2cccc(Cl)c2Cl)CC1)Oc1ccc(-c2ccccc2)cc1,9.0458
O=C(NCCCN1CCN(c2cccc(Cl)c2Cl)CC1)Oc1ccc(-c2ccccc2)cc1,8.4815
NC(=O)c1cccc(-c2ccc(OC(=O)NC/C=C/CN3CCN(c4cccc(Cl)c4Cl)CC3)cc2F)c1,9.2218
NC(=O)c1cccc(-c2ccc(OC(=O)NC/C=C/CN3CCN(c4cccc(Cl)c4Cl)CC3)cc2)c1,8.9208
COc1cc(OC(=O)NCCCCN2CCN(c3ccccc3OC)CC2)ccc1-c1cccc(C(N)=O)c1,7.2007
COc1cc(OC(=O)NCCCCN2CCN(c3cccc(Cl)c3Cl)CC2)ccc1-c1cccc(C(N)=O)c1,8.5686
NC(=O)c1cccc(-c2ccc(OC(=O)NCCCCN3CCN(c4cccc(Cl)c4Cl)CC3)cc2F)c1,9.0000
NC(=O)c1cccc(-c2ccc(OC(=O)NCCCCN3CCN(c4ccccc4)CC3)cc2)c1,8.4559
NC(=O)c1cccc(-c2ccc(OC(=O)NCCCCN3CCN(c4ccccc4C(F)(F)F)CC3)cc2)c1,8.5686
Cc1ccccc1N1CCN(CCCCNC(=O)Oc2ccc(-c3cccc(C(N)=O)c3)cc2)CC1,8.5229
COc1ccccc1N1CCN(CCCCNC(=O)Oc2ccc(-c3cccc(C(N)=O)c3)cc2)CC1.Cl,7.9706
COc1ccccc1N1CCN(CCCNC(=O)Oc2ccc(-c3cccc(C(N)=O)c3)cc2)CC1,8.5528
NC(=O)c1cccc(-c2ccc(OC(=O)NCCCN3CCN(c4cccc(Cl)c4Cl)CC3)cc2)c1,9.3010
Cl.O=C(NCCCCN1CCN(c2cccc(Cl)c2Cl)CC1)Oc1cccc(-c2ccccc2)c1,8.3872
NC(=O)c1cccc(-c2cccc(OC(=O)NCCCCN3CCN(c4ccccc4)CC3)c2)c1,8.9586
NC(=O)c1cccc(-c2cccc(OC(=O)NCCCN3CCN(c4ccccc4)CC3)c2)c1,8.8861
COc1ccccc1N1CCN(CCCCNC(=O)Oc2cccc(-c3cccc(C(N)=O)c3)c2)CC1,8.6383
COc1ccccc1N1CCN(CCCNC(=O)Oc2cccc(-c3cccc(C(N)=O)c3)c2)CC1,8.7447
NC(=O)c1cccc(-c2ccc(OC(=O)NCCCCN3CCN(c4cccc(Cl)c4Cl)CC3)cc2)c1,9.2218
NC(=O)c1cccc(-c2cccc(OC(=O)NCCCCN3CCN(c4cccc(Cl)c4Cl)CC3)c2)c1,8.7959
NC(=O)c1cccc(-c2cccc(OC(=O)NCCCN3CCN(c4cccc(Cl)c4Cl)CC3)c2)c1,9.0540
O=C(OC(C(F)(F)F)C(F)(F)F)N1CC(c2ccn(-c3ccccc3)n2)C1,6.5850
O=C(OC(C(F)(F)F)C(F)(F)F)N1CC(N2CCN(c3ncccn3)CC2)C1,5.6021
O=C(OC(C(F)(F)F)C(F)(F)F)N1CC(c2nc(-c3ccccc3)no2)C1,6.3768
O=C(OC(C(F)(F)F)C(F)(F)F)N1CC(c2ccn(C3CCOCC3)n2)C1,8.0269
O=C(OC(C(F)(F)F)C(F)(F)F)N1CC(c2ccn(Cc3ccccc3)n2)C1,9.7959
O=C(OC(C(F)(F)F)C(F)(F)F)N1CC(c2ccn(-c3cnccn3)n2)C1,8.9586
O=C(OC(C(F)(F)F)C(F)(F)F)N1CC(c2ccn(-c3ccc(F)c(F)c3)n2)C1,9.1739
O=C(OC(C(F)(F)F)C(F)(F)F)N1CC(c2cc(-c3ccccc3)n(-c3ccccc3)n2)C1,9.3098
O=C(OC(C(F)(F)F)C(F)(F)F)N1C[C@@H]2[C@H](C1)[C@H]2c1ccn(-c2ccc(F)cc2)n1,5.3665
O=C(Oc1ccc([N+](=O)[O-])cc1)N1C[C@@H]2[C@H](C1)[C@H]2c1ccn(-c2ccc(F)cc2)n1,7.7447
O=C(ON1C(=O)CCC1=O)N1C[C@@H]2[C@H](C1)[C@H]2c1ccn(-c2ccc(F)cc2)n1,5.4437
O=C(OCC(F)(F)F)N1C[C@@H]2[C@H](C1)[C@H]2c1ccn(-c2ccc(F)cc2)n1,6.0132
O=C(O[C@H](CF)C(F)(F)F)N1C[C@@H]2[C@H](C1)[C@H]2c1ccn(-c2ccc(F)cc2)n1,5.7212
O=C(OC(CO)C(F)(F)F)N1C[C@@H]2[C@H](C1)[C@H]2c1ccn(-c2ccc(F)cc2)n1,4.8539
O=C(O[C@H](CO)C(F)(F)F)N1C[C@@H]2[C@H](C1)[C@H]2c1ccn(-c2ccc(F)cc2)n1,5.5086
O=C(O[C@@H](CO)C(F)(F)F)N1C[C@@H]2[C@H](C1)[C@H]2c1ccn(-c2ccc(F)cc2)n1,4.5850
COC[C@@H](OC(=O)N1C[C@@H]2[C@H](C1)[C@H]2c1ccn(-c2ccc(F)cc2)n1)C(F)(F)F,5.7122
CCCCCCCCCCCC(=O)c1c(O)c(-c2ccc(O)cc2)c[nH]c1=O,5.7171
CCC(C)/C=C(C)/C=C/C=C/C=C/C(=O)c1c(O)c(-c2ccc(O)cc2)c[nH]c1=O,5.9208
CCCCCCCCCCOC(=O)c1c(O)c(-c2ccc(O)cc2)c[nH]c1=O,6.2218
CCCCCCCC(=O)c1c(O)c(-c2ccc(O)cc2)c[nH]c1=O,6.1549
Cc1cccnc1NC(=O)[C@H](C)c1ccc(-c2ccccc2)c(F)c1,5.3979
Cc1cccnc1NC(=O)C(C)c1ccc(Nc2ccnc(C(F)(F)F)c2)cc1,5.6576
Cc1ccn(Cc2ccc(F)cc2)c(=O)c1C(=O)NC1CCCCCC1,5.0555
Cc1c(Br)cn(Cc2ccc(F)cc2)c(=O)c1C(=O)NC1CCCCCC1,5.6383
Cc1c(-c2ccccc2)cn(Cc2ccc(F)cc2)c(=O)c1C(=O)NC1CCCCCC1,7.1549
COc1ccc(-c2cn(Cc3ccc(F)cc3)c(=O)c(C(=O)NC3CCCCCC3)c2C)cc1,5.8861
COc1cc(NC(=O)C(=O)c2c(C)n(Cc3ccc(Cl)cc3)c3ccc(C)cc23)ccn1,8.0000
O=C(Nc1ccc(Cl)cc1)Nc1cccc(-c2cccc(N3CCCC3)n2)c1,5.6778
O=C(Nc1ccc(OC(F)(F)F)cc1)N[C@H]1CC[C@H](Oc2ccc(C(=O)O)cc2)CC1,6.7194
O=C(Nc1cccnc1)N1CCC(Cc2cccc(Oc3ccc(C(F)(F)F)cc3)c2)CC1,9.2218
O=C(Nc1ccccc1)N[C@H]1CC[C@H](Oc2ccc(C(=O)O)cc2)CC1,5.0362
O=C(Nc1ccc(F)cc1)N[C@H]1CC[C@H](Oc2ccc(C(=O)O)cc2)CC1,5.3372
O=C(Nc1ccc(Cl)cc1)N[C@H]1CC[C@H](Oc2ccc(C(=O)O)cc2)CC1,6.1675
O=C(Nc1ccc(Oc2ccc(C(=O)O)cc2)cc1)Nc1ccc(OC(F)(F)F)cc1,6.7696
O=C(Nc1ccc(OC(F)(F)F)cc1)NN1CCC(Oc2ccc(C(=O)O)cc2)CC1,5.7447
O=Cc1ccc(O[C@H]2CC[C@H](NC(=O)Nc3ccc(OC(F)(F)F)cc3)CC2)cc1,5.9586
O=C(Nc1ccc(OC(F)(F)F)cc1)N[C@H]1CC[C@H](Oc2ccc(CO)cc2)CC1,5.2366
Cc1nnc(-c2ccc(O[C@H]3CC[C@H](NC(=O)Nc4ccc(OC(F)(F)F)cc4)CC3)cc2)o1,5.2757
O=C(Nc1ccc(OC(F)(F)F)cc1)N[C@H]1CC[C@H](Oc2ccc(O)cc2)CC1,6.9208
CC(=O)Oc1ccc(O[C@H]2CC[C@H](NC(=O)Nc3ccc(OC(F)(F)F)cc3)CC2)cc1,6.9208
NC(=O)c1ccc(O[C@H]2CC[C@H](NC(=O)Nc3ccc(OC(F)(F)F)cc3)CC2)cc1,7.1549
COC(=O)c1ccc(O[C@H]2CC[C@H](NC(=O)Nc3ccc(OC(F)(F)F)cc3)CC2)cc1,7.4559
CC(C)OC(=O)c1ccc(O[C@H]2CC[C@H](NC(=O)Nc3ccc(OC(F)(F)F)cc3)CC2)cc1,6.3979
O=C(Nc1ccc(OC(F)(F)F)cc1)N[C@H]1CC[C@H](Oc2ccc(C(=O)OCc3ccccc3)cc2)CC1,7.6198
CNC(=O)c1ccc(O[C@H]2CC[C@H](NC(=O)Nc3ccc(OC(F)(F)F)cc3)CC2)cc1,6.7696
O=C(Nc1ccc(OC(F)(F)F)cc1)N[C@H]1CC[C@H](Oc2ccc(C(=O)NCCO)cc2)CC1,7.0000
O=C(O)CNC(=O)c1ccc(O[C@H]2CC[C@H](NC(=O)Nc3ccc(OC(F)(F)F)cc3)CC2)cc1,6.8861
COC(=O)CNC(=O)c1ccc(O[C@H]2CC[C@H](NC(=O)Nc3ccc(OC(F)(F)F)cc3)CC2)cc1,7.5229
O=C(Nc1ccc(OC(F)(F)F)cc1)N[C@H]1CC[C@H](Oc2ccc(C(=O)NCc3ccccc3)cc2)CC1,5.9586
O=C(Nc1ccc(OC(F)(F)F)cc1)N[C@H]1CC[C@@H](Oc2ccc(C(=O)O)cc2)CC1,5.5528
CCCCCCCCCCCCC/C(=N\O)c1cc(-c2ccc(O)c(F)c2)ccc1O,5.0605
CCCCCCCCCCC/C(=N\O)c1cc(-c2ccc(O)c(F)c2)ccc1O,5.3872
CN(C(=O)n1cnc(-c2ccc[n+]([O-])c2)c1)C1CCCCC1,5.3872
CC(C)CNC(=O)n1c(=O)oc2cc(C3CCN(C)CC3)ccc21,7.1549
O=C(Oc1cccc(N2CCCCC2)c1)N1CCC(c2ccc(F)cc2)CC1,7.3979
CN(C)c1ccc(C2CCN(C(=O)Oc3cccc(N4CCOCC4)c3)CC2)cc1,7.5086
O=C(Oc1cccc(N2CCOCC2)c1)N1CCC(c2ccc(F)cc2)CC1,7.7878
O=C(Oc1cccc(N2CCS(=O)(=O)CC2)c1)N1CCC(O)(c2ccccc2)CC1,6.7640
Cc1noc(C2CCN(C(=O)Oc3cccc(N4CCS(=O)(=O)CC4)c3)CC2)n1,6.8315
O=C(Oc1cccc(N2CCS(=O)(=O)CC2)c1)N1CCC(c2ccncc2)CC1,6.8807
O=C(Oc1cccc(N2CCS(=O)(=O)CC2)c1)N1CCC(c2ccc(N3CCCC3)cc2)CC1,8.4559
O=C(Oc1cccc(N2CCS(=O)(=O)CC2)c1)N1CCC(c2ccc(N3CCC3)cc2)CC1,8.1024
CN(C)c1ccc(C2CCN(C(=O)Oc3cccc(N4CCS(=O)(=O)CC4)c3)CC2)cc1,8.6198
Cc1ccccc1C1CCN(C(=O)Oc2cccc(N3CCS(=O)(=O)CC3)c2)CC1,7.7986
O=C(Oc1cccc(N2CCS(=O)(=O)CC2)c1)N1CCC(c2ccc(OCCF)cc2)CC1,7.6737
N#Cc1ccc(C2CCN(C(=O)Oc3cccc(N4CCS(=O)(=O)CC4)c3)CC2)cc1,7.6440
O=C(Oc1cccc(N2CCS(=O)(=O)CC2)c1)N1CCC(c2ccc(OC(F)(F)F)cc2)CC1,8.4318
COc1ccc(C2CCN(C(=O)Oc3cccc(N4CCS(=O)(=O)CC4)c3)CC2)cc1,8.2007
O=C(Oc1cccc(N2CCS(=O)(=O)CC2)c1)N1CCC(c2ccc(F)cc2)CC1,8.0000
O=C(Oc1cccc(N2CCS(=O)(=O)CC2)c1)N1CCC(c2ccccc2)CC1,8.0969
CN1CCN(c2cccc(OC(=O)N3CCC(c4ccc(F)cc4)CC3)c2)CC1,7.4789
O=C(Oc1cncc(N2CCS(=O)(=O)CC2)c1)N1CCC(c2ccc(F)cc2)CC1,8.3098
O=C(Oc1cccc(N2CCS(=O)(=O)CC2)c1)N1CCN(c2ccccc2)CC1,7.8239
O=C(Oc1cccc(N2CCS(=O)(=O)CC2)c1)N1CCN(c2ccc(F)cc2)CC1,7.6882
N#Cc1ccc(N2CCN(C(=O)Oc3cccc(N4CCS(=O)(=O)CC4)c3)CC2)cc1,7.0491
O=C(Oc1cccc(N2CCS(=O)(=O)CC2)c1)N1CCN(Cc2cccc(-c3ccccc3)c2)CC1,8.7212
O=C(Oc1cccc(N2CCS(=O)(=O)CC2)c1)N1CCN(Cc2cccc(Oc3ccccc3)c2)CC1,8.6383
CC1CN(c2ccccc2)CCN1C(=O)Oc1cccc(N2CCS(=O)(=O)CC2)c1,8.5850
C[C@@H]1CN(c2ccccc2)CCN1C(=O)Oc1cccc(N2CCS(=O)(=O)CC2)c1,7.7520
C[C@@H]1CN(c2ccc(F)cc2)CCN1C(=O)Oc1cccc(N2CCS(=O)(=O)CC2)c1,7.9318
C[C@H]1CN(c2ccc(F)cc2)CCN1C(=O)Oc1cccc(N2CCS(=O)(=O)CC2)c1,7.1373
COc1ccc(N2CCN(C(=O)Oc3cccc(N4CCS(=O)(=O)CC4)c3)[C@H](C)C2)cc1,7.9547
COc1ccc(N2CCN(C(=O)Oc3cccc(N4CCOCC4)c3)[C@H](C)C2)cc1,8.3872
O=C(Oc1cccc(N2CCS(=O)(=O)CC2)c1)N1C[C@H]2C[C@@H]1CN2c1ccc(F)cc1,7.6925
O=C(NC1CCC(=Cc2cccc(Oc3ccc(C(F)(F)F)cn3)c2)CC1)c1cccnc1,8.6576
O=C(NC1CCC(=Cc2cccc(Oc3ccc(C(F)(F)F)cn3)c2)CC1)c1ccccn1,6.2941
O=C(NC1CCC(=Cc2cccc(Oc3ccc(C(F)(F)F)cn3)c2)CC1)c1ccncc1,7.8539
O=C(NC1CCC(=Cc2cccc(Oc3ccc(C(F)(F)F)cn3)c2)CC1)c1cccnn1,8.0022
O=C(NC1CCC(=Cc2cccc(Oc3ccc(C(F)(F)F)cn3)c2)CC1)c1cncnc1,8.5540
O=C(NC1CCC(=Cc2cccc(Oc3ccc(C(F)(F)F)cn3)c2)CC1)c1cc[nH]n1,8.0000
O=C(NC1CCC(=Cc2cccc(Oc3ccc(C(F)(F)F)cn3)c2)CC1)c1cn[nH]c1,8.6420
O=C(NC1CCC(=Cc2cccc(Oc3ccc(C(F)(F)F)cn3)c2)CC1)c1cn[nH]n1,8.2218
Nc1ccc(C(=O)NC2CCC(=Cc3cccc(Oc4ccc(C(F)(F)F)cn4)c3)CC2)cn1,8.3010
O=C(NC1CCC(=Cc2cccc(Oc3ccc(C(F)(F)F)cn3)c2)CC1)c1ccc(Cl)nc1,8.2967
Nc1ncc(C(=O)NC2CCC(=Cc3cccc(Oc4ccc(C(F)(F)F)cn4)c3)CC2)cc1Cl,8.3979
Cc1cc(C(=O)NC2CCC(=Cc3cccc(Oc4ccc(C(F)(F)F)cn4)c3)CC2)cnc1N,8.5229
Nc1ncc(C(=O)NC2CCC(=Cc3cccc(Oc4ccc(C(F)(F)F)cn4)c3)CC2)cn1,8.8495
O=C(NC1CCC(=Cc2cccc(Oc3ccc(C(F)(F)F)cn3)c2)CC1)c1ccc(-n2cccn2)nc1,8.1739
O=C(NC1CCC(=Cc2cccc(Oc3ccc(C(F)(F)F)cn3)c2)CC1)c1ccc(-n2nccn2)nc1,8.5229
O=C(NC1CCC(=Cc2cccc(Oc3ccc(C(F)(F)F)cn3)c2)CC1)c1cnc2[nH]ccc2c1,8.6783
O=C(Nc1cccnc1)N1CCC(Cc2cccc(Oc3ccc(C(F)(F)F)cn3)c2)CC1,8.6420
O=C(COc1ccc(-c2ccccc2)cc1)Nc1cccc(-c2nc3cccnc3[nH]2)c1,4.8861
O=C(COc1ccc(-c2ccccc2)cc1)Nc1cccc(-c2nc3ncccc3o2)c1,6.2007
CCC/C=C/COCC(=O)Nc1cccc(-c2nc3cccnc3[nH]2)c1,4.1367
CCC/C=C/COCC(=O)Nc1cccc(-c2nc3ncccc3o2)c1,4.7696
CC/C=C\C/C=C\C/C=C\C/C=C\C/C=C\C/C=C\CCC(=O)NCC(=O)O,5.0655
CC/C=C\C/C=C\C/C=C\C/C=C\C/C=C\C/C=C\CCC(=O)NS(=O)(=O)c1ccc([N+](=O)[O-])cc1,4.4437
CCCCc1ccc(C(=O)C2CCN(C(=O)c3ccc(F)c(O)c3)CC2)cc1,5.4949
CC(C)c1ccc(C(=O)C2CCN(C(=O)c3ccc(F)c(O)c3)CC2)cc1,6.0000
CC(C)CNC(=O)/C=C/C=C/CCCCCC/C=C/c1ccc2c(c1)OCO2,4.3298
COc1cccc(-c2ccc(S(=O)(=O)NC3(C)CN(C#N)C3)cc2)c1,7.7496
COc1cccc(-c2ccc(S(=O)(=O)N3CCC34CN(C#N)C4)cc2)c1,7.9914
COc1cccc(-c2ccc(COC3(C)CN(C#N)C3)cc2)c1,9.4437
COc1cccc(-c2ccc(COC3(c4ccccc4)CN(C#N)C3)cc2)c1,7.2147
COc1ccc(-c2ccc(COC3(c4cccnc4)CN(C#N)C3)c(F)c2)cc1F,8.6990
COc1ccc(-c2ccc(COC3(C4CC4)CN(C#N)C3)c(F)c2)cc1F,9.0000
O=C(N/N=C/C1CCCCC1)c1cc2ccccc2[nH]1,4.7305
O=C(N/N=C/C1CCCCC1)c1nc2ccccc2[nH]1,4.8861
O=C(N/N=C/C1CCCCC1)c1nc2ccccc2o1,4.5670
O=C(N/N=C/C1CCCCC1)c1cc(-c2ccccc2)[nH]n1,4.3840
O=C(N/N=C/C1CCCCC1)c1cc(-c2ccccc2)on1,4.4123
O=C(N/N=C/c1ccccc1)c1cc2ccccc2[nH]1,4.6861
O=C(CCc1c[nH]c2ccccc12)N/N=C/c1ccccc1,4.3316
O=C(N/N=C/c1ccccc1)c1nc2ccccc2[nH]1,4.9066
O=C(N/N=C/c1ccccc1)c1nc2ccccc2o1,4.6021
O=C(N/N=C/c1ccccc1)c1cc(-c2ccccc2)[nH]n1,5.0655
O=C(N/N=C/c1ccccc1)c1cc(-c2ccccc2)on1,4.3363
O=C(N/N=C/c1cccc(F)c1)c1nc2ccccc2[nH]1,4.5654
O=C(N/N=C/c1ccc(F)cc1)c1nc2ccccc2[nH]1,4.7471
O=C(N/N=C/c1cccc(Cl)c1)c1nc2ccccc2[nH]1,4.6968
O=C(N/N=C/c1ccc(Cl)cc1)c1nc2ccccc2[nH]1,5.1367
COc1ccc(/C=N/NC(=O)c2nc3ccccc3[nH]2)cc1,4.9393
N#Cc1ccc(/C=N/NC(=O)c2nc3ccccc3[nH]2)cc1,4.6757
O=C(N/N=C/c1ccc(O)cc1)c1nc2ccccc2[nH]1,4.6144
O=C(N/N=C/c1ccc(N2CCOCC2)cc1)c1nc2ccccc2[nH]1,4.5258
O=C(N/N=C/c1ccc(-c2ccccc2)cc1)c1nc2ccccc2[nH]1,4.9872
O=C(N/N=C/c1ccc(Oc2ccccc2)cc1)c1nc2ccccc2[nH]1,5.1427
O=C(N/N=C/c1ccc(OCc2ccccc2)cc1)c1nc2ccccc2[nH]1,5.3768
O=C(N/N=C/c1ccc2ccccc2c1)c1nc2ccccc2[nH]1,5.2441
O=C(N/N=C/c1ccc2[nH]ccc2c1)c1nc2ccccc2[nH]1,5.3979
O=C(N/N=C/c1ccc(OCc2cccc(F)c2)cc1)c1nc2ccccc2[nH]1,5.5528
O=C(c1ccc2c(ccn2-c2ccc(F)cc2)c1)N1CC(N2CCN(C(=O)c3nccs3)CC2)C1,5.3979
O=C(CCCCCc1ccc(-c2ccccc2)cc1)OCc1ccc2c(c1)OCO2,4.5575
O=C(c1ccc(Cl)cc1)C1CCN(C(=O)c2ccccc2I)CC1,4.0620
O=C(NCCCCN1CCN(c2cccc(Cl)c2Cl)CC1)Oc1cccc2ccccc12,8.2147
O=C(NCCCCN1CCN(c2cccc(Cl)c2Cl)CC1)Oc1ccc2ccccc2c1,8.5686
NC(=O)c1ccc(-c2ccc(OC(=O)NCCCCN3CCN(c4cccc(Cl)c4Cl)CC3)cc2)cc1,9.2218
O[C@@H](CNc1cc(-c2ccc(C(F)(F)F)c(Cl)c2)ncn1)c1cccc(F)c1,8.2757
CSc1ccc([C@@H](O)CNc2cc(-c3ccc(C(F)(F)F)c(Cl)c3)ncn2)cc1,8.2757
O[C@@H](CNc1cc(-c2ccc(C(F)(F)F)c(Cl)c2)ncn1)c1cccc(C(F)(F)F)c1,8.2757
O[C@@H](CNc1cc(-c2ccc(C(F)(F)F)c(Cl)c2)ncn1)c1ccccc1F,8.2757
O[C@@H](CNc1cc(-c2ccc(C(F)(F)F)c(Cl)c2)ncn1)c1cccc(OC(F)(F)F)c1,8.2757
N#Cc1ccc([C@@H](O)CNc2cc(-c3ccc(C(F)(F)F)c(Cl)c3)ncn2)cc1,8.2757
N#Cc1cccc([C@@H](O)CNc2cc(-c3ccc(C(F)(F)F)c(Cl)c3)ncn2)c1,8.2757
O[C@@H](CNc1cc(-c2ccc(C(F)(F)F)c(Cl)c2)ncn1)c1ccc(F)c(Cl)c1,8.2757
O[C@@H](CNc1cc(-c2ccc(C(F)(F)F)c(Cl)c2)ncn1)c1ccc(Cl)c(F)c1,8.2757
N#Cc1cc([C@@H](O)CNc2cc(-c3ccc(C(F)(F)F)c(Cl)c3)ncn2)ccc1F,8.2757
O=C1/C(=N/c2nc3ccccc3[nH]2)c2ccccc2N1C(=O)c1ccc(Cl)cc1Cl,5.8268
Cc1c(Br)cc(C(=O)NC2CCCCCC2)c(=O)n1Cc1ccc(F)cc1,5.2291
Cc1c(Cl)cc(C(=O)NC2CCCCCC2)c(=O)n1Cc1ccc(F)cc1,5.2291
Cc1c(-c2ccccc2)cc(C(=O)NC2CCCCCC2)c(=O)n1Cc1ccc(F)cc1,6.2518
COc1ccc(-c2cc(C(=O)NC3CCCCCC3)c(=O)n(Cc3ccc(F)cc3)c2C)cc1,5.6990
Cc1c(-c2ccc(F)cc2)cc(C(=O)NC2CCCCCC2)c(=O)n1Cc1ccc(F)cc1,6.2757
O=C(Nc1ccon1)N1C[C@H]2CN(Cc3cccc(Oc4ccc(Cl)cc4)c3)C[C@H]2C1,8.2007
O=C(Nc1cnc2ccccn12)N1C[C@H]2CN(Cc3cccc(Oc4ccc(Cl)cc4)c3)C[C@H]2C1,5.1347
COc1ccncc1NC(=O)N1C[C@H]2CN(Cc3cccc(Oc4ccc(Cl)cc4)c3)C[C@H]2C1,5.6459
O=C(Nc1cccnc1)N1C[C@H]2CN(Cc3cccc(Oc4ccc(Cl)cc4)c3)C[C@H]2C1,5.3632
O=C(Nc1cnc2[nH]ccc2c1)N1CC2CC1CN2Cc1cccc(Oc2ccc(Cl)cc2)c1,7.7696
O=C(Nc1cccnc1)N1CC2CC1CN2Cc1cccc(Oc2ccc(Cl)cc2)c1,7.1612
O=C(Nc1ccc(-n2nccn2)nc1)N1C[C@@H]2CCN(Cc3cccc(Oc4ccc(Cl)cc4)c3)[C@@H]2C1,6.5421
O=C(Nc1cnc2[nH]ccc2c1)N1CC[C@@H]2CN(Cc3cccc(Oc4ccc(Cl)cc4)c3)C[C@@H]21,6.8239
O=C(Nc1ncncc1Cl)N1C[C@H]2CN(Cc3cccc(Oc4ccc(Cl)cc4)c3)C[C@H]2C1,8.5686
O=C(Nc1ccc(Cl)nn1)N1C[C@H]2CN(Cc3cccc(Oc4ccc(Cl)cc4)c3)C[C@H]2C1,6.4306
O=C(Nc1cncc2ccccc12)N1C[C@H]2CN(Cc3cccc(Oc4ccc(Cl)cc4)c3)C[C@H]2C1,5.8703
O=C(Nc1cncc2ccccc12)N1C[C@@H]2CN(Cc3cccc(Oc4ccc(Cl)cc4)c3)C[C@@H]21,6.7212
O=C(Nc1ccc(-n2nccn2)nc1)N1CC[C@@H]2CN(Cc3cccc(Oc4ccc(Cl)cc4)c3)C[C@@H]21,6.5528
O=C(Nc1noc2ccccc12)N1CC[C@@H]2CN(Cc3cccc(Oc4ccc(Cl)cc4)c3)C[C@H]2C1,6.6326
O=C(Nc1cccnc1)N1CC[C@@H]2CN(Cc3cccc(Oc4ccc(Cl)cc4)c3)C[C@H]2C1,6.0301
O=C(Nc1ccc(-n2nccn2)nc1)N1C[C@@H]2CCN(Cc3cccc(Oc4ccc(Cl)cc4)c3)C[C@H]2C1,5.7612
O=C(Nc1nocc1Cl)N1C[C@H]2CN(Cc3cccc(Oc4ccc(Cl)cc4)c3)C[C@H]2C1,5.2099
O=C(Nc1nn[nH]n1)N1C[C@H]2CN(Cc3cccc(Oc4ccc(Cl)cc4)c3)C[C@H]2C1,5.3632
O=C(Nc1cnccc1Cl)N1C[C@H]2CN(Cc3cccc(Oc4ccc(Cl)cc4)c3)C[C@H]2C1,6.6990
Cc1ccncc1NC(=O)N1C[C@H]2CN(Cc3cccc(Oc4ccc(Cl)cc4)c3)C[C@H]2C1,5.0621
O=C(Nc1cccnc1)N1C[C@@H]2CN(Cc3cccc(Oc4ccc(Cl)cc4)c3)[C@@H]2C1,6.9957
O=C(Nc1ccc(-n2nccn2)nc1)N1CC2CC1CN2Cc1cccc(Oc2ccc(Cl)cc2)c1,6.8356
O=C(Nc1cnc2[nH]ccc2c1)N1C[C@@H]2CCN(Cc3cccc(Oc4ccc(Cl)cc4)c3)[C@@H]2C1,6.4283
O=C(Nc1cccnc1)N1C[C@@H]2CCN(Cc3cccc(Oc4ccc(Cl)cc4)c3)[C@@H]2C1,6.1785
O=C(Nc1noc2ccccc12)N1CC[C@@H]2CN(Cc3cccc(Oc4ccc(Cl)cc4)c3)C[C@@H]21,5.8145
O=C(Nc1ccncn1)N1C[C@H]2CN(Cc3cccc(Oc4ccc(Cl)cc4)c3)C[C@H]2C1,6.9666
O=C(Nc1cccnn1)N1C[C@H]2CN(Cc3cccc(Oc4ccc(Cl)cc4)c3)C[C@H]2C1,5.5964
O=C(Nc1cnccc1Cl)N1C[C@@H]2CN(Cc3cccc(Oc4ccc(Cl)cc4)c3)C[C@@H]21,5.4357
O=C(Nc1cccnc1)N1C[C@@H]2CN(Cc3cccc(Oc4ccc(Cl)cc4)c3)C[C@@H]21,6.5850
O=C(Nc1cccnc1)N1CC[C@@H]2CN(Cc3cccc(Oc4ccc(Cl)cc4)c3)C[C@@H]21,5.5229
O=C(Nc1noc2ccccc12)N1C[C@@H]2CCN(Cc3cccc(Oc4ccc(Cl)cc4)c3)C[C@H]2C1,5.4772
O=C(Nc1cccnc1)N1C[C@@H]2CCN(Cc3cccc(Oc4ccc(Cl)cc4)c3)C[C@H]2C1,5.0000
O=C(Nc1noc2ccccc12)N1C[C@H]2CN(Cc3cccc(Oc4cccc(C(F)(F)F)c4)c3)C[C@H]2C1,5.5964
CC(C)(C)c1ccc(Oc2cccc(CN3C[C@@H]4CN(C(=O)Nc5noc6ccccc56)C[C@@H]4C3)c2)cc1,5.2218
O=C(Nc1noc2ccccc12)N1C[C@H]2CN(Cc3cccc(Oc4ccc(Cl)cc4)c3)C[C@H]2C1,6.5986
COc1ccc(Oc2cccc(CN3C[C@@H]4CN(C(=O)Nc5noc6ccccc56)C[C@@H]4C3)c2)cc1,5.6321
Cc1ccc(Oc2cccc(CN3C[C@@H]4CN(C(=O)Nc5noc6ccccc56)C[C@@H]4C3)c2)cc1,5.0792
O=C(Nc1noc2ccccc12)N1C[C@H]2CN(Cc3cccc(Oc4ccccc4)c3)C[C@H]2C1,5.0792
O=C(Nc1noc2ccccc12)N1C[C@H]2CN(Cc3ccc(Oc4ccc(Cl)cc4)cc3)C[C@H]2C1,5.2730
O=C(Nc1noc2ccccc12)N1C[C@H]2CN(Cc3ccc(Oc4ccccc4)cc3)C[C@H]2C1,5.2730
O=C(Nc1noc2ccccc12)N1C[C@H]2CN(Cc3cccc(-c4ccccc4)c3)C[C@H]2C1,5.2466
O=C(Nc1noc2ccccc12)N1C[C@H]2CN(Cc3ccc4ccccc4c3)C[C@H]2C1,5.2218
CCCCCc1cc(O)c2c(c1)OC(C)(C)[C@H]1CCC(C)=C[C@@H]21,4.4401
CCCCCc1cc(O)c2c(c1)OC(C)(C)[C@@H]1CCC(C)=C[C@@H]21,4.3605
O=C(Nc1ccccc1)C1CCN(S(=O)(=O)c2ccccc2Cl)CC1,6.2924
O=C(Nc1ccc(-c2nc3ccccc3s2)cc1)C1CCN(S(=O)(=O)c2ccccc2Cl)CC1,8.1549
O=C(Nc1ccc(Cl)cc1)C1CCN(S(=O)(=O)c2ccccc2Cl)CC1,6.7959
O=C(Nc1ccc(F)cc1)C1CCN(S(=O)(=O)c2ccccc2Cl)CC1,6.6576
O=C(Nc1ccc(Br)cc1)C1CCN(S(=O)(=O)c2ccccc2Cl)CC1,6.8861
Cc1ccc(NC(=O)C2CCN(S(=O)(=O)c3ccccc3Cl)CC2)cc1,6.9586
O=C(Nc1ccc(-c2nccs2)cc1)C1CCN(S(=O)(=O)c2ccccc2Cl)CC1,6.9914
O=C(Nc1ccc(-c2ncco2)cc1)C1CCN(S(=O)(=O)c2ccccc2Cl)CC1,6.8539
Cc1ccc2sc(-c3ccc(NC(=O)C4CCN(S(=O)(=O)c5ccccc5Cl)CC4)cc3)nc2c1,8.7447
Cn1c(-c2ccc(NC(=O)C3CCN(S(=O)(=O)c4ccccc4Cl)CC3)cc2)nc2ccccc21,6.4815
O=C(Nc1ccc(C2Oc3ccccc3S2)cc1)C1CCN(S(=O)(=O)c2ccccc2Cl)CC1,6.8477
O=C(Nc1ccc(-c2nc(-c3ccccc3)cs2)cc1)C1CCN(S(=O)(=O)c2ccccc2Cl)CC1,7.5114
O=C(Nc1ccc(-c2nc(-c3ccc(F)cc3)cs2)cc1)C1CCN(S(=O)(=O)c2ccccc2Cl)CC1,7.7399
O=C(Nc1ccc(-c2nc(-c3ccc(Cl)cc3)cs2)cc1)C1CCN(S(=O)(=O)c2ccccc2Cl)CC1,7.6003
Cc1ccc(-c2csc(-c3ccc(NC(=O)C4CCN(S(=O)(=O)c5ccccc5Cl)CC4)cc3)n2)cc1,8.0088
COc1ccc(-c2csc(-c3ccc(NC(=O)C4CCN(S(=O)(=O)c5ccccc5Cl)CC4)cc3)n2)cc1,7.9547
O=C(COc1ccc(-c2ccccc2)cc1)NCC1CCN(Cc2ccccc2)CC1,4.6326
O=C(COc1ccc(Cl)cc1[N+](=O)[O-])NCC1CCN(Cc2ccccc2)CC1,4.6326
O=C(COc1cc(F)ccc1[N+](=O)[O-])NCC1CCN(Cc2ccccc2)CC1,4.5513
O=C(COc1ccc([N+](=O)[O-])cc1)NCC1CCN(Cc2ccccc2)CC1,4.5452
O=C(COc1ccccc1C(F)(F)F)NCC1CCN(Cc2ccccc2)CC1,4.4179
Cc1cc(Br)cc(C)c1OCC(=O)NCC1CCN(Cc2ccccc2)CC1,4.5436
O=C(COc1ccc(Cc2ccccc2)cc1)NCC1CCN(Cc2ccccc2)CC1,4.6596
O=C(COc1ccc(CCc2ccccc2)cc1)NCC1CCN(Cc2ccccc2)CC1,4.6234
COc1ccc(OCC(=O)NCC2CCN(Cc3ccccc3)CC2)cc1,4.3893
O=C(COc1ccc(Cl)cc1)NCC1CCN(Cc2ccccc2)CC1,4.6799
O=C(COc1ccc(-c2ccccc2)cc1)NCCN1CCN(Cc2ccccc2)CC1,4.1945
O=C(COc1ccc(Cl)cc1[N+](=O)[O-])NCCN1CCN(Cc2ccccc2)CC1,4.3809
O=C(COc1cc(F)ccc1[N+](=O)[O-])NCCN1CCN(Cc2ccccc2)CC1,4.3045
O=C(COc1ccc([N+](=O)[O-])cc1)NCCN1CCN(Cc2ccccc2)CC1,4.3575
O=C(COc1ccccc1C(F)(F)F)NCCN1CCN(Cc2ccccc2)CC1,4.2588
Cc1cc(Br)cc(C)c1OCC(=O)NCCN1CCN(Cc2ccccc2)CC1,4.3893
O=C(COc1ccc(Cc2ccccc2)cc1)NCCN1CCN(Cc2ccccc2)CC1,4.6271
O=C(COc1ccc(CCc2ccccc2)cc1)NCCN1CCN(Cc2ccccc2)CC1,4.7747
COc1ccc(OCC(=O)NCCN2CCN(Cc3ccccc3)CC2)cc1,4.2848
O=C(Oc1ccc([N+](=O)[O-])cc1)N1CCN(Cc2cccc(Oc3ccccc3)c2)CC1,7.8399
CCCCCCCNC(=O)Oc1cccc(CN(C)CCCCCOc2ccc3[nH]c(=O)ccc3c2)c1,6.0809
CS(=O)(=O)c1ccc(NC(=O)N/N=C\c2ccccc2O)cc1,6.1427
CS(=O)(=O)c1ccc(NC(=O)N/N=C\c2ccc(O)cc2)cc1,6.1079
COc1ccc(/C=N\NC(=O)Nc2ccc(S(C)(=O)=O)cc2)cc1,7.4559
CS(=O)(=O)c1ccc(NC(=O)N/N=C\c2ccc(F)cc2)cc1,6.1549
CS(=O)(=O)c1ccc(NC(=O)N/N=C\c2ccccc2Cl)cc1,5.7282
CS(=O)(=O)c1ccc(NC(=O)N/N=C\c2ccc(Cl)cc2)cc1,6.4685
CS(=O)(=O)c1ccc(NC(=O)N/N=C\c2cccc(Cl)c2Cl)cc1,5.9788
CS(=O)(=O)c1ccc(NC(=O)N/N=C\c2ccc(Cl)cc2Cl)cc1,7.7212
CS(=O)(=O)c1ccc(NC(=O)N/N=C\c2c(Cl)cccc2Cl)cc1,7.7557
C/C(=N/NC(=O)Nc1ccc(S(C)(=O)=O)cc1)c1ccccc1,6.4815
C/C(=N/NC(=O)Nc1ccc(S(C)(=O)=O)cc1)c1ccc(O)cc1,5.8356
C/C(=N/NC(=O)Nc1ccc(S(C)(=O)=O)cc1)c1ccc(F)cc1,7.0315
C/C(=N/NC(=O)Nc1ccc(S(C)(=O)=O)cc1)c1ccc(Cl)cc1,6.4685
C/C(=N/NC(=O)Nc1ccc(S(C)(=O)=O)cc1)c1ccc(Br)cc1,6.9872
C/C(=N/NC(=O)Nc1ccc(S(C)(=O)=O)cc1)c1ccc(Br)cc1Br,6.8697
C/C(=N/NC(=O)Nc1ccc(S(C)(=O)=O)cc1)c1ccc([N+](=O)[O-])cc1,6.0177
CS(=O)(=O)c1ccc(NC(=O)NN=C(c2ccccc2)c2ccccc2)cc1,6.4815
CS(=O)(=O)c1ccc(NC(=O)N/N=C2/C(=O)Nc3ccccc32)cc1,7.4685
CS(=O)(=O)c1ccc(NC(=O)N/N=C2/C(=O)Nc3ccc(Cl)cc32)cc1,7.7959
C=CCN1C(=O)/C(=N/NC(=O)Nc2ccc(S(C)(=O)=O)cc2)c2ccccc21,5.8928
C=CCN1C(=O)/C(=N/NC(=O)Nc2ccc(S(C)(=O)=O)cc2)c2cc(Cl)ccc21,6.9208
C#CCN1C(=O)/C(=N/NC(=O)Nc2ccc(S(C)(=O)=O)cc2)c2ccccc21,6.2840
C#CCN1C(=O)/C(=N/NC(=O)Nc2ccc(S(C)(=O)=O)cc2)c2cc(Cl)ccc21,7.3468
O=C1Nc2cc(Cl)ccc2/C1=N\NC(=O)c1c(O)cccc1Cl,7.5086
O=C(Oc1ccc([N+](=O)[O-])cc1)N1CCN(S(=O)(=O)c2ccc(C3CCCCC3)cc2)CC1,6.4776
O=C(Oc1ccc([N+](=O)[O-])cc1)N1CCN(S(=O)(=O)c2ccc(Oc3ccccc3)cc2)CC1,6.4921
O=C(Oc1ccc([N+](=O)[O-])cc1)N1CCN(S(=O)(=O)c2ccc(-c3ccc(Cl)c(Cl)c3)cc2)CC1,6.4179
O=C(Oc1ccc([N+](=O)[O-])cc1)N1CCN(S(=O)(=O)c2ccc(-c3ccccc3)cc2)CC1,6.3595
CCCCc1ccc(S(=O)(=O)N2CCN(C(=O)Oc3ccc([N+](=O)[O-])cc3)CC2)cc1,6.7471
O=C(Oc1ccc([N+](=O)[O-])cc1)N1CCN(S(=O)(=O)c2ccc(Oc3ccc(Cl)c(Cl)c3)cc2)CC1,6.4989
O=C(Oc1ccc([N+](=O)[O-])cc1)N1CCN(S(=O)(=O)c2ccc(Oc3cccc(Cl)c3)cc2)CC1,6.4202
O=C(Oc1ccc([N+](=O)[O-])cc1)N1CCN(S(=O)(=O)c2ccc(Oc3ccc(Cl)cc3)cc2)CC1,6.8153
O=C(Oc1ccc([N+](=O)[O-])cc1)N1CCN(S(=O)(=O)c2ccc(Oc3ncc(C(F)(F)F)cc3Cl)cc2)CC1,5.5302
O=C(Oc1ccc([N+](=O)[O-])cc1)N1CCN(S(=O)(=O)c2ccc(Oc3ccccc3Cl)cc2)CC1,5.9393
O=C(c1cccc(O)c1)N1CCC(Cc2cccc(Oc3ccc(C(F)(F)F)cn3)c2)CC1,5.2291
O=C(c1cc(O)ccc1F)N1CCC(Cc2cccc(Oc3ccc(C(F)(F)F)cn3)c2)CC1,5.0969
O=C(NC12CC3CC(CC(C3)C1)C2)c1ccccc1,4.6308
COc1cccc(C(=O)NC23CC4CC(CC(C4)C2)C3)c1,4.4908
COc1cc(Br)cc(C(=O)NC23CC4CC(CC(C4)C2)C3)c1O,4.4157
O=C(NC12CC3CC(CC(C3)C1)C2)c1ccccc1OCc1ccccc1,5.3979
O=C(NC12CC3CC(CC(C3)C1)C2)c1cccc(OCc2ccccc2)c1,4.6180
O=C(NC12CC3CC(CC(C3)C1)C2)c1ccc(OCc2ccccc2)cc1,4.7100
COc1cccc(C(=O)NC23CC4CC(CC(C4)C2)C3)c1Cc1ccccc1,5.0915
O=C(NC12CC3CC(CC(C3)C1)C2)c1cccc(O)c1,4.5918
COc1cc(Br)cc(C(=O)NC23CC4CC(CC(C4)C2)C3)c1OC,4.3507
COc1cc(Br)cc(C(=O)NC23CC4CC(CC(C4)C2)C3)c1OCc1ccccc1,5.0555
COc1ccccc1C(=O)NC12CC3CC(CC(C3)C1)C2,4.3143
CCCCCOc1ccccc1C(=O)NC12CC3CC(CC(C3)C1)C2,5.2076
O=C(NC12CC3CC(CC(C3)C1)C2)c1ccccc1OCC1CCCCC1,5.4685
Cc1cc(C(N)=O)c(-c2cccc(OC(=O)NCCCCCCN3CCN(C)CC3)c2)o1,5.9813
Cc1cc(C(N)=O)c(-c2cccc(OC(=O)NC3CCN(CCc4ccccc4)CC3)c2)o1,6.7258
Cc1cc(C(N)=O)c(-c2cccc(OC(=O)NC3CCN(CCCc4ccccc4)CC3)c2)o1,6.3904
Cc1cc(C(N)=O)c(-c2cccc(OC(=O)N(C)C3CCN(CCc4ccccc4)CC3)c2)o1,5.1834
Cc1cc(C(N)=O)c(-c2cccc(OC(=O)N3CCN(CCCc4ccccc4)CC3)c2)o1,8.0814
Cc1cc(C(N)=O)c(-c2cccc(OC(=O)N3CCC(CCCc4ccccc4)CC3)c2)o1,7.9318
Cc1cc(C(N)=O)c(-c2cccc(OC(=O)N3CCC(NCCc4ccccc4)CC3)c2)o1,7.5800
Cc1cc(C(N)=O)c(-c2cccc(OC(=O)N3CCC(NCCCc4ccccc4)CC3)c2)o1,6.7825
Cc1cc(C(N)=O)c(-c2cccc(OC(=O)NC3CCN(CCc4ccccc4)CC3)c2)s1,6.7122
Cc1cc(C(N)=O)c(-c2cccc(OC(=O)N(C)C3CCN(CCc4ccccc4)CC3)c2)s1,5.0731
Cc1cc(C(N)=O)c(-c2cccc(OC(=O)N3CCN(CCCc4ccccc4)CC3)c2)s1,7.8069
NC(=O)c1ccn(-c2cccc(OC(=O)NC3CCN(CCc4ccccc4)CC3)c2)c1,6.5017
NC(=O)c1ccn(-c2cccc(OC(=O)N3CCN(CCCc4ccccc4)CC3)c2)c1,7.9957
NC(=O)c1cn(-c2cccc(OC(=O)NCCCCCCc3ccccc3)c2)nn1,7.8013
NC(=O)c1cn(-c2cccc(OC(=O)N3CCN(CCCc4ccccc4)CC3)c2)nn1,7.3242
Cc1cc(C(=O)O)c(-c2cccc(OC(=O)NCCCCCCc3ccccc3)c2)o1,7.9788
Cc1cc(C(=O)O)c(-c2cccc(OC(=O)N3CCN(CCCc4ccccc4)CC3)c2)o1,6.8928
O=C(NCCCCCCc1ccccc1)Oc1cccc(-c2nn[nH]n2)c1,8.1226
O=C(Oc1cccc(-c2nn[nH]n2)c1)N1CCN(CCCc2ccccc2)CC1,6.5969
NC(=O)c1ccn(-c2cccc(OC(=O)NCCCCCCc3ccccc3)c2)c1,8.4295
O=C1[C@H](c2ccc(F)cc2)[C@@H](c2ccc(F)cc2)N1C1CCN(C(=O)n2cncn2)CC1,5.5262
O=C1[C@H](c2ccccc2)[C@@H](c2ccccc2)N1C1CCN(C(=O)n2cncn2)CC1,5.4912
Cc1ccc([C@@H]2[C@@H](c3ccc(F)cc3)C(=O)N2C2CCN(C(=O)n3cncn3)CC2)cc1,5.7875
COc1cccc([C@H]2C(=O)N(C3CCN(C(=O)n4cncn4)CC3)[C@@H]2c2cccc(OC)c2)c1,5.8431
O=C(NCCc1c[nH]c2ccccc12)Oc1ccccc1,5.1314
COc1ccc2[nH]cc(CCNC(=O)Oc3ccccc3)c2c1,5.4737
O=C(Oc1ccccc1)N1CCc2c([nH]c3ccccc23)C1,5.0996
O=C(NCCc1c[nH]c2ccccc12)Oc1ccc([N+](=O)[O-])cc1,5.3063
COc1ccc2[nH]cc(CCNC(=O)Oc3ccc([N+](=O)[O-])cc3)c2c1,5.5452
O=C(Oc1ccc([N+](=O)[O-])cc1)N1CCc2c([nH]c3ccccc23)C1,5.2314
COc1ccc2[nH]cc(CCNC(=O)Oc3ccc(-c4ccccc4)cc3)c2c1,5.8794
O=C(NCCc1c[nH]c2ccccc12)Oc1ccc(-c2ccccc2)cc1,5.3019
O=C(Oc1ccc(-c2ccccc2)cc1)N1CCc2c([nH]c3ccccc23)C1,5.4976
O=C(NC1(C(=O)Nc2ccccc2)CCCCC1)Oc1ccccc1,5.4622
O=C(NC1(C(=O)Nc2cccc(F)c2)CCCCC1)Oc1ccccc1,5.6904
O=C(NC1(C(=O)Nc2ccc(F)cc2)CCCCC1)Oc1ccccc1,5.4815
O=C(NC1(C(=O)Nc2cccc(Cl)c2)CCCCC1)Oc1ccccc1,5.2950
O=C(NC1(C(=O)Nc2cccc(Br)c2)CCCCC1)Oc1ccccc1,5.6968
O=C(NC1(C(=O)Nc2ccc(Br)cc2)CCCCC1)Oc1ccccc1,5.9101
O=C(NC1(C(=O)Nc2cccc(C(F)(F)F)c2)CCCCC1)Oc1ccccc1,6.2924
O=C(NC1(C(=O)Nc2ccc(C(F)(F)F)cc2)CCCCC1)Oc1ccccc1,5.8794
COc1ccc(NC(=O)C2(NC(=O)Oc3ccccc3)CCCCC2)cc1,5.1891
CC(C)(C)c1ccc(NC(=O)C2(NC(=O)Oc3ccccc3)CCCCC2)cc1,5.2660
COc1ccc(NC(=O)C2(NC(=O)Oc3ccccc3)CCCCC2)cc1OC,5.2882
Cc1ccc(NC(=O)C2(NC(=O)Oc3ccccc3)CCCCC2)cc1Cl,5.3635
O=C(NC1(C(=O)NCCc2c[nH]c3ccccc23)CCCCC1)Oc1ccccc1,6.3468
COc1ccc2[nH]cc(CCNC(=O)C3(NC(=O)Oc4ccccc4)CCCCC3)c2c1,6.9208
CC1CCN(c2nc(C(F)(F)F)ccc2CNC(=O)C2(NC(=O)Oc3ccccc3)CCCCC2)CC1,5.9666
CC1CCN(c2ccccc2CN2CCN(C(=O)C3(NC(=O)Oc4ccccc4)CCCCC3)CC2)CC1,5.6904
O=C(NC1(C(=O)N2CCN(Cc3ccccc3N3CCCC3)CC2)CCCCC1)Oc1ccccc1,5.5200
O=C(NCCc1c[nH]c2ccccc12)NC1(C(=O)Nc2ccccc2)CCCCC1,5.1959
O=C(NCCc1c[nH]c2ccccc12)NC1(C(=O)Nc2cccc(Br)c2)CCCCC1,5.1118
O=C(NCCc1c[nH]c2ccccc12)NC1(C(=O)Nc2ccc(Br)cc2)CCCCC1,5.3645
O=C(NCCc1c[nH]c2ccccc12)NC1(C(=O)Nc2cccc(C(F)(F)F)c2)CCCCC1,5.6556
O=C(NCCc1c[nH]c2ccccc12)NC1(C(=O)Nc2ccc(C(F)(F)F)cc2)CCCCC1,5.3595
COc1ccc(NC(=O)C2(NC(=O)NCCc3c[nH]c4ccccc34)CCCCC2)cc1,5.1215
COc1ccc2[nH]cc(CCNC(=O)NC3(C(=O)Nc4cccc(F)c4)CCCCC3)c2c1,5.4179
COc1ccc2[nH]cc(CCNC(=O)NC3(C(=O)Nc4cccc(Cl)c4)CCCCC3)c2c1,5.3655
COc1ccc2[nH]cc(CCNC(=O)NC3(C(=O)Nc4cccc(Br)c4)CCCCC3)c2c1,5.6253
COc1ccc2[nH]cc(CCNC(=O)NC3(C(=O)Nc4cccc(C(F)(F)F)c4)CCCCC3)c2c1,5.8996
COc1ccc2[nH]cc(CCNC(=O)NC3(C(=O)Nc4ccc(C(F)(F)F)cc4)CCCCC3)c2c1,5.7352
c1ccc(CN2CCC[C@@H]2COc2ccc3c(c2)OCO3)cc1,4.6576
c1ccc(CN2CCC[C@H]2COc2ccc3c(c2)OCO3)cc1,4.7212
Fc1ccccc1CN1CCC[C@@H]1COc1ccc2c(c1)OCO2,4.7932
Fc1ccccc1CN1CCC[C@H]1COc1ccc2c(c1)OCO2,5.0177
c1ccc2c(CN3CCC[C@@H]3COc3ccc4c(c3)OCO4)cccc2c1,5.0862
c1ccc2c(CN3CCC[C@H]3COc3ccc4c(c3)OCO4)cccc2c1,4.6308
COc1cccc(OC[C@H]2CCCN2Cc2cccc3ccccc23)c1,5.0555
COc1cccc(OC[C@@H]2CCCN2Cc2cccc3ccccc23)c1,5.1367
COc1ccc(OC[C@H]2CCCN2Cc2cccc3ccccc23)cc1OC,5.7447
COc1ccc(OC[C@@H]2CCCN2Cc2cccc3ccccc23)cc1OC,4.8356
Clc1cccc(OC[C@H]2CCCN2Cc2cccc3ccccc23)c1Cl,5.0088
Clc1cccc(OC[C@@H]2CCCN2Cc2cccc3ccccc23)c1Cl,5.0521
O=[N+]([O-])c1cccc(OC[C@H]2CCCN2Cc2ccccc2)c1,5.0555
O=[N+]([O-])c1cccc(OC[C@@H]2CCCN2Cc2ccccc2)c1,5.2175
O=[N+]([O-])c1cccc(OC[C@H]2CCCN2Cc2cccc3ccccc23)c1,5.2757
O=[N+]([O-])c1cccc(OC[C@@H]2CCCN2Cc2cccc3ccccc23)c1,4.8861
O=c1ccc2ccc(OC[C@H]3CCCN3Cc3cccc4ccccc34)cc2o1,5.9586
O=c1ccc2ccc(OC[C@@H]3CCCN3Cc3cccc4ccccc34)cc2o1,6.2924
O=c1cc(-c2ccccc2)c2ccc(OC[C@H]3CCCN3Cc3cccc4ccccc34)cc2o1,5.6778
O=c1cc(-c2ccccc2)c2ccc(OC[C@@H]3CCCN3Cc3cccc4ccccc34)cc2o1,6.0269
O=C(Nc1ncc(Cl)s1)C1CCC(=Cc2cccc(Oc3ccc(C(F)(F)F)cn3)c2)CC1,7.7959
O=C(Nc1cccnn1)C1CCC(=Cc2cccc(Oc3ccc(C(F)(F)F)cn3)c2)CC1,7.7696
O=C(Nc1cnccn1)C1CCC(=Cc2cccc(Oc3ccc(C(F)(F)F)cn3)c2)CC1,8.0458
C=CCN1CC(=O)N2C(CN(Cc3cccc4c(C(=O)Nc5ccc(NCCCO)nc5)cn(C)c34)C(=O)[C@@H]2Cc2ccc(O)cc2)N1C(=O)NCc1ccccc1,7.7696
C=CCN1CC(=O)N2C(CN(Cc3cccc4c(C(=O)Nc5ccc(N(C)CCCO)nc5)cn(C)c34)C(=O)[C@@H]2Cc2ccc(O)cc2)N1C(=O)NCc1ccccc1,8.6990
O=C(NC1CCC(=Cc2cccc(Oc3ccc(C(F)(F)F)cn3)c2)CC1)c1cnccn1,8.0458
O=C(NC1CCC(=Cc2cccc(Oc3ccc(C(F)(F)F)cn3)c2)CC1)c1ccnnc1,8.0000
CN(C)c1ccc(C(=O)NC2CCC(=Cc3cccc(Oc4ccc(C(F)(F)F)cn4)c3)CC2)cn1,8.1003
O=C(NC1CCC(=Cc2cccc(Oc3ccc(C(F)(F)F)cn3)c2)CC1)c1ccccc1,7.7447
O=C(NC1CCC(=Cc2cccc(Oc3ccc(C(F)(F)F)cn3)c2)CC1)c1ncccn1,7.8239
Cc1nc(C(=O)NC2CCC(=Cc3cccc(Oc4ccc(C(F)(F)F)cc4)c3)CC2)sc1-c1cccnc1,8.0000
O=C(NC1CCC(=Cc2cccc(Oc3ccc(C(F)(F)F)cn3)c2)CC1)c1cc2scnc2cn1,7.6383
Cc1nnc(C(=O)NC2CCC(=Cc3cccc(Oc4ccc(C(F)(F)F)cn4)c3)CC2)o1,6.4763
O=C(NC1CCC(=Cc2cccc(Oc3ccc(C(F)(F)F)cn3)c2)CC1)c1c[nH]c2ccccc12,7.4048
O=C(NC1CCC(=Cc2cccc(Oc3ccc(C(F)(F)F)cn3)c2)CC1)c1ccc(C(F)(F)F)nc1,6.9914
O=C(NC1CCC(=Cc2cccc(Oc3ccc(C(F)(F)F)cn3)c2)CC1)c1ccc(F)nc1,8.1505
O=C(NC1CCC(=Cc2cccc(Oc3ccc(C(F)(F)F)cn3)c2)CC1)c1cccnc1F,8.3010
O=C(NC1CCC(=Cc2cccc(Oc3ccc(C(F)(F)F)cn3)c2)CC1)c1cncc(Cl)c1,8.2218
O=C(NC1CCC(=Cc2cccc(Oc3ccc(C(F)(F)F)cn3)c2)CC1)c1cccnc1Cl,7.7959
N#Cc1ccc(C(=O)NC2CCC(=Cc3cccc(Oc4ccc(C(F)(F)F)cn4)c3)CC2)cn1,7.2596
CC(C)(C)OC(=O)n1nnnc1CCl,9.0000
Cc1ccc(C(=O)NC2CCC(=Cc3cccc(Oc4ccc(C(F)(F)F)cn4)c3)CC2)cn1,8.3010
Cc1cncc(C(=O)NC2CCC(=Cc3cccc(Oc4ccc(C(F)(F)F)cn4)c3)CC2)c1,8.3010
Cc1ncccc1C(=O)NC1CCC(=Cc2cccc(Oc3ccc(C(F)(F)F)cn3)c2)CC1,7.5086
Cc1ccc(C(=O)NC2CCC(=Cc3cccc(Oc4ccc(C(F)(F)F)cn4)c3)CC2)c(C)n1,7.2441
O=C(NC1CCC(=Cc2cccc(Oc3ccc(C(F)(F)F)cn3)c2)CC1)c1ccc(C2CC2)nc1,7.8861
CCc1ccc(C(=O)NC2CCC(=Cc3cccc(Oc4ccc(C(F)(F)F)cn4)c3)CC2)cn1,8.3979
Cc1nc(NC(=O)N2CCC[C@@]2(Cc2ccccc2)C(N)=O)sc1-c1ccnc(C(C)(C)C)n1,8.5229
Nc1ncccc1C(=O)NC1CCC(=Cc2cccc(Oc3ccc(C(F)(F)F)cn3)c2)CC1,7.4318
CNc1ccc(C(=O)NC2CCC(=Cc3cccc(Oc4ccc(C(F)(F)F)cn4)c3)CC2)cn1,8.3979
CCN(C)c1ccc(C(=O)NC2CCC(=Cc3cccc(Oc4ccc(C(F)(F)F)cn4)c3)CC2)cn1,6.8928
O=C(NC1CCC(=Cc2cccc(Oc3ccc(C(F)(F)F)cn3)c2)CC1)c1ccc(NC2CC2)nc1,7.6021
COc1ccc(C(=O)NC2CCC(=Cc3cccc(Oc4ccc(C(F)(F)F)cn4)c3)CC2)cn1,8.3010
CCOc1ccc(C(=O)NC2CCC(=Cc3cccc(Oc4ccc(C(F)(F)F)cn4)c3)CC2)cn1,8.0000
O=C(NC1CCC(=Cc2cccc(Oc3ccc(C(F)(F)F)cn3)c2)CC1)c1ccc(O)nc1,7.7212
O=C(NC1CCC(=Cc2cccc(Oc3ccc(C(F)(F)F)cn3)c2)CC1)c1cncc(O)c1,8.3979
CC(CO)Nc1ccc(C(=O)NC2CCC(=Cc3cccc(Oc4ccc(C(F)(F)F)cn4)c3)CC2)cn1,7.7959
O=C(NC1CCC(=Cc2cccc(Oc3ccc(S(=O)(=O)C(F)(F)F)cn3)c2)CC1)c1ccc(-n2cccn2)nc1,8.1549
O=C(NC1CCC(=Cc2cccc(Oc3ccc(C(F)(F)F)cn3)c2)CC1)c1ccc(-c2cc[nH]n2)nc1,8.6990
O=C(NC1CCC(=Cc2cccc(Oc3ccc(C(F)(F)F)cn3)c2)CC1)c1ccc(-c2cn[nH]c2)nc1,8.6990
O=C(NC1CCC(=Cc2cccc(Oc3ccc(C(F)(F)F)cn3)c2)CC1)c1ccc(-c2nnn[nH]2)nc1,7.9208
Cc1cnn(-c2ccc(C(=O)NC3CCC(=Cc4cccc(Oc5ccc(C(F)(F)F)cn5)c4)CC3)cn2)c1,8.1549
Cc1ccn(-c2ccc(C(=O)NC3CCC(=Cc4cccc(Oc5ccc(C(F)(F)F)cn5)c4)CC3)cn2)n1,8.0458
O=C(NC1CCC(=Cc2cccc(Oc3ccc(C(F)(F)F)cn3)c2)CC1)c1ccc(-n2cc(Cl)cn2)nc1,8.3010
O=C(NC1CCC(=Cc2cccc(Oc3ccc(C(F)(F)F)cn3)c2)CC1)c1cncc(-n2cccn2)c1,8.2218
Cc1n[nH]c(C)c1-c1ccc(C(=O)NC2CCC(=Cc3cccc(Oc4ccc(C(F)(F)F)cn4)c3)CC2)cn1,7.7696
O=C(NC1CCC(=Cc2cccc(Oc3ccc(C(F)(F)F)cn3)c2)CC1)c1ccc(-n2cnnc2)nc1,8.6990
O=C(NC1CCC(=Cc2cccc(Oc3ccc(C(F)(F)F)cn3)c2)CC1)c1ccc(-n2ccnn2)nc1,8.6990
Cc1[nH]ncc1C(=O)NC1CCC(=Cc2cccc(Oc3ccc(C(F)(F)F)cn3)c2)CC1,8.3010
O=C(NC1CCC(=Cc2cccc(Oc3ccc(C(F)(F)F)cn3)c2)CC1)c1c[nH]nc1C(F)(F)F,8.5229
Cc1n[nH]c(C)c1C(=O)NC1CCC(=Cc2cccc(Oc3ccc(C(F)(F)F)cn3)c2)CC1,7.5376
CC(C)c1[nH]ncc1C(=O)NC1CCC(=Cc2cccc(Oc3ccc(C(F)(F)F)cn3)c2)CC1,7.2007
Cc1nc(Oc2cccc(C=C3CCC(NC(=O)c4ccc(N)nc4)CC3)c2)ccc1C(F)(F)F,8.5229
Nc1ccc(C(=O)NC2CCC(=Cc3cccc(Oc4ccc(C(F)(F)F)c(Cl)n4)c3)CC2)cn1,8.5229
CCc1nc(Oc2cccc(C=C3CCC(NC(=O)c4ccc(N)nc4)CC3)c2)ccc1C(F)(F)F,7.4685
N#Cc1nc(Oc2cccc(C=C3CCC(NC(=O)c4ccc(N)nc4)CC3)c2)ccc1C(F)(F)F,8.2218
Cc1cc(C(=O)NC2CCC(=Cc3cccc(Oc4ccc(C(F)(F)F)c(C)n4)c3)CC2)cnc1N,7.9208
Cc1nc(Oc2cccc(C=C3CCC(NC(=O)c4cnc(N)nc4)CC3)c2)ccc1C(F)(F)F,8.6990
Cc1nc(Oc2cccc(C=C3CCC(NC(=O)c4c[nH]nc4C(F)(F)F)CC3)c2)ccc1C(F)(F)F,7.8861
Cc1nc(Oc2cccc(C=C3CCC(NC(=O)c4ccc(N)nc4)CC3)c2)ccc1Cl,8.5229
Cc1cc(C(=O)NC2CCC(=Cc3cccc(Oc4ccc(Cl)c(C)n4)c3)CC2)cnc1N,8.1549
Cc1nc(Oc2cccc(C=C3CCC(NC(=O)c4cnc(N)nc4)CC3)c2)ccc1Cl,8.9586
Cc1cc(Cl)ccc1C1c2c(nn(CC3CO3)c2C(C)C)C(=O)N1c1cc(Cl)ccc1C,7.5686
CC(C)c1c2c(nn1Cc1nnnn1C(=O)OC(C)(C)C)C(=O)N(c1cccc(Cl)c1F)C2c1ccc(Cl)cc1,7.4685
CCOC(=O)Cn1nc2c(c1C(C)C)C(c1ccc(Cl)cc1C)N(c1cc(Cl)ccc1C)C2=O,6.3675
Cc1cc(Cl)ccc1C1c2c(nn(CC(=O)NC3CCNCC3)c2C(C)C)C(=O)N1c1cc(Cl)ccc1C,9.1549
COc1ccccc1-n1nc2c(c1C(C)C)C(CC1CO1)(c1ccc(Cl)cc1)N(c1ccc(F)c(Cl)c1)C2=O,8.3979
O=C(Nc1cnccc1Cl)N1CCN(Cc2ccc3c(c2)OC(F)(F)O3)CC1,6.8099
O=C(CCCCCCc1ccccc1)N1CCOC1=O,4.2518
O=C(CCCCCCCc1ccccc1)N1CCOC1=O,4.4815
O=C1OCCN1C(=O)c1cccc(-c2ccccc2)c1,4.8239
O=C(Cc1cccc(-c2ccccc2)c1)N1CCOC1=O,5.5528
O=C(Cc1ccc(-c2ccccc2)cc1)N1CCOC1=O,5.0223
O=C1OCCN1C(=O)c1cccc(Oc2ccccc2)c1,4.5735
O=C(Cc1cccc(Oc2ccccc2)c1)N1CCOC1=O,4.4660
O=C(Cc1ccc(Oc2ccccc2)cc1)N1CCOC1=O,4.5850
O=C(Cc1ccc(OCc2ccccc2)cc1)N1CCOC1=O,4.9586
CN(C)C[C@@H]1COC(=O)N1C(=O)c1ccc(OCCc2ccccc2)cc1,4.9208
O=C1OCCN1C(=O)C1CCN(Cc2ccccc2)CC1,5.3768
O=C(CCCCCc1ccc(O)cc1)N1CCOC1=O,6.5850
CCCCCCCCCCCCCCCC(=O)N1CCNC1=O,4.8125
CC(C(=O)O)c1ccc(-c2cccc(OC(=O)NC3CCCCC3)c2)c(F)c1,5.7447
CC(C(=O)O)c1ccc(-c2cccc(OC(=O)NC3CCCC3)c2)c(F)c1,5.7447
CC(C)CNC(=O)Oc1cccc(-c2ccc(C(C)C(=O)O)cc2F)c1,5.7959
CC(C(=O)O)c1ccc(-c2cccc(OC(=O)NCC3CCCCC3)c2)c(F)c1,6.5528
CC(C(=O)O)c1ccc(-c2cccc(OC(=O)NCCC3CCCCC3)c2)c(F)c1,8.0458
CC(C(=O)O)c1ccc(-c2cccc(OC(=O)NCc3ccccc3)c2)c(F)c1,5.1427
CC(C(=O)O)c1ccc(-c2cccc(OC(=O)NCCc3ccccc3)c2)c(F)c1,7.1549
CC(C(=O)O)c1ccc(-c2cccc(OC(=O)NCCCc3ccccc3)c2)c(F)c1,7.6576
CC(C(=O)O)c1ccc(-c2cccc(OC(=O)NCCCCc3ccccc3)c2)c(F)c1,7.8861
CCCCNC(=O)Oc1cccc(-c2ccc(C(C)C(=O)O)cc2F)c1,5.8239
CCCCCNC(=O)Oc1cccc(-c2ccc(C(C)C(=O)O)cc2F)c1,7.0362
CCCCCCNC(=O)Oc1cccc(-c2ccc(C(C)C(=O)O)cc2F)c1,8.0066
CCCCCCCNC(=O)Oc1cccc(-c2ccc(C(C)C(=O)O)cc2F)c1,8.2218
CCCCCCCCNC(=O)Oc1cccc(-c2ccc(C(C)C(=O)O)cc2F)c1,8.3979
CCCCCCNC(=O)Oc1cccc(-c2ccc(C(C)CO)cc2F)c1,8.0410
CCCCCCNC(=O)Oc1cccc(-c2ccc(CC(=O)O)cc2F)c1,7.7959
CCCCCCNC(=O)Oc1ccccc1-c1ccc(C(C)C(=O)O)cc1F,6.1308
CCCCCCOC(=O)Nc1cccc(-c2ccc(C(C)C(=O)O)cc2F)c1,4.6778
CNC(=O)c1cccc(-c2cc(OC(=O)NC3CCCCC3)ccc2F)c1,7.9208
NS(=O)(=O)c1cccc(-c2cc(OC(=O)NC3CCCCC3)ccc2F)c1,7.9586
NC(=O)c1cccc(-c2cc(OC(=O)NC3CCC3)ccc2F)c1,8.7447
CNC(=O)c1cccc(-c2cc(OC(=O)NC3CCCC3)ccc2F)c1,8.5376
NC(=O)c1cccc(-c2cc(OC(=O)NC3CCCC3)ccc2F)c1,9.0757
CNC(=O)c1cccc(-c2cc(OC(=O)NC3CCC3)ccc2F)c1,8.1805
CS(=O)(=O)c1cccc(-c2cc(OC(=O)NC3CCCCC3)ccc2F)c1,8.3098
NC(=O)c1cccc(-c2cc(OC(=O)NC3CCCCC3)ccc2OC(F)F)c1,8.0862
CNC(=O)c1cccc(-c2cc(OC(=O)NC3CCCCC3)ccc2OC(F)F)c1,7.9208
NS(=O)(=O)c1cccc(-c2cc(OC(=O)NC3CCCCC3)ccc2OC(F)F)c1,8.0362
CS(=O)(=O)c1cccc(-c2cc(OC(=O)NC3CCCCC3)ccc2OC(F)F)c1,8.1871
NC(=O)c1cccc(-c2cc(F)cc(OC(=O)NC3CCCCC3)c2)c1,9.0605
NC(=O)c1cccc(-c2cccc(OC(=O)NC3CCCCC3)c2F)c1,9.0506
CCOc1cc(/C=C2\S/C(=N\c3ccc(F)cc3)N(c3ccc(F)cc3)C2=O)ccc1O,4.2503
CCCCCC=CCC=CCC=CCC=CCCCC(=O)NCc1ccoc1,5.0809
O=C1/C(=C\c2cc(Cl)c(O)c(Cl)c2)S/C(=N\c2ccccc2)N1Cc1ccco1,4.2197
COc1ccc(/C=C2\S/C(=N\c3ccc(OC)cc3)N(c3ccc(OC)cc3)C2=O)cc1,4.6904
COc1cc(/C=C2\S/C(=N\c3ccccc3)N(c3ccccc3)C2=O)ccc1O,4.5700
CCCN1C(=O)/C(=C/c2ccc(N(C)C)cc2)S/C1=N\c1ccccc1,5.9788
Cc1ccc(/N=C2\S/C(=C\c3ccc(O)c(Cl)c3)C(=O)N2c2ccc(C)c(Cl)c2)cc1Cl,4.2299
O=C1/C(=C/c2cc(Cl)c(O)c(Cl)c2)S/C(=N\c2ccccc2)N1Cc1ccco1,4.2197
CN(C)c1ccc(/C=C2\S/C(=N\c3ccccc3)N(C3CCCCC3)C2=O)cc1,6.0066
COc1cc(/C=C2\S/C(=N\c3ccc(C)cc3)N(c3ccc(C)cc3)C2=O)ccc1O,5.2700
O=C(Nc1cccnn1)N1CC(Oc2ccc(-c3c(F)cccc3F)cn2)C1,7.8539
O=C(OC(C(F)(F)F)C(F)(F)F)N1CC2(CCC(Oc3cccc(F)c3)C2)C1,7.2596
O=C(OC(C(F)(F)F)C(F)(F)F)N1CCC2(CC(OC(c3ccc(F)cc3)c3ccc(F)cc3)C2)C1,7.2596
O=C(Nc1cccnn1)N1CC(Oc2ccc(I)cn2)C1,7.8249
CCCCCC/C=C/C=C\CCCCCCCC(=O)NC(C)C(=O)O,5.5850
CCCCC/C=C\C=C\CCCCCCCCC(=O)NC(C)C(=O)O,5.5850
CCCCCC/C=C/C=C/CCCCCCCC(=O)NCCC(=O)O,5.5528
CCCCC/C=C\C=C\CCCCCCCCC(=O)NCCC(=O)O,5.5528
CCCCCC/C=C/C=C\CCCCCCCC(=O)NCC(=O)O,5.4559
CCCCC/C=C\C=C\CCCCCCCCC(=O)NCC(=O)O,5.4559
CCCCCC/C=C/C=C\CCCCCCCC(=O)NC(Cc1ccccc1)C(=O)O,4.9586
CCCCC/C=C\C=C\CCCCCCCCC(=O)NC(Cc1ccccc1)C(=O)O,4.9586
CCCCC/C=C\C=C\CCCCCCCCC(=O)NCC(Cc1c[nH]cn1)C(=O)O,4.8861
CCCCCC/C=C/C=C/CCCCCCCC(=O)NC(CC(=O)O)Cc1c[nH]cn1,4.8861
CCCCCCC(O)C/C=C\CCCCCCCC(=O)NC(C)C(=O)O,4.3768
CCCCCCC(O)C/C=C\CCCCCCCC(=O)NCC(=O)O,4.5850
CCCCCCC(O)CCCCCCCCCCC(=O)NC(C)C(=O)O,4.3979
CCCCCCC(O)CCCCCCCCCCC(=O)NCC(=O)O,4.3372
O=C(O)c1ccn(C(=O)N2CCN(Cc3ccc(C(F)(F)F)cc3N3CCOCC3)CC2)n1,5.2596
O=C(O)c1ccn(C(=O)N2C[C@H]3C[C@H](OCc4ccccc4Cl)C[C@H]3C2)n1,6.2596
Cc1cc(-c2ccccc2)ccc1CN1CCN(C(=O)n2ccc(C(=O)O)n2)CC1,5.2596
O=C(O)c1ccn(C(=O)N2CCN(Cc3cc(Cl)cc(Oc4ccc(Cl)cc4)c3)CC2)n1,6.2596
O=C(O)c1nn(C(=O)N2CC3CN(Cc4ccc(-c5cnc6ccccn56)cc4C(F)(F)F)CC3C2)cc1Cl,5.2596
O=C(O)c1ccn(C(=O)N2CCC(OCc3cc(F)cc(Cl)c3)CC2)n1,6.2596
O=C(O)c1ccn(C(=O)N2CCC3(CCN(Cc4cc(Cl)ccc4C(F)(F)F)C3)CC2)n1,5.2596
O=C(O)c1ccn(C(=O)N2CCN(Cc3ccc(Oc4ccc(Cl)cc4)cc3)CC2)n1,6.2596
O=C(O)c1ccn(C(=O)N2CCN(Cc3cccc(Oc4ccc(F)cc4)c3)CC2)n1,6.2596
O=C(O)c1ccn(C(=O)N2C[C@H]3C[C@H](OCc4cc(F)cc(Cl)c4)C[C@H]3C2)n1,6.2596
CN(Cc1cc(Cl)ccc1C(F)(F)F)CC1CCN(C(=O)n2cc(Cl)c(C(=O)O)n2)CC1,6.2596
O=C(O)c1ccn(C(=O)N2CCN(Cc3cccc(Oc4cc(C(F)(F)F)ccn4)c3)CC2)n1,6.2596
O=C(O)c1ccn(C(=O)N2CCN(Cc3cccc(Oc4ccc(C(F)(F)F)cn4)c3)CC2)n1,6.2596
O=C(O)c1ccn(C(=O)N2CCC3(CCN(Cc4cc(Cl)cc(C(F)(F)F)c4)C3)CC2)n1,5.2596
O=C(O)c1ccn(C(=O)N2CCC3(CCN(Cc4ccc(C(F)(F)F)cc4Cl)C3)CC2)n1,5.2596
CN(Cc1cc(Cl)ccc1C(F)(F)F)C1CCN(C(=O)n2ccc(C(=O)O)n2)CC1,6.2596
O=C(O)c1ccn(C(=O)N2CCN(Cc3ccc(C(F)(F)F)cc3N3CCCC3)CC2)n1,5.2596
O=C(O)c1ccn(C(=O)N2CCN(Cc3cccc(Oc4cccc(Cl)c4)c3)CC2)n1,6.2596
O=C(O)c1ccn(C(=O)N2CCN(Cc3cccc(Oc4ccccc4Cl)c3)CC2)n1,5.2596
Cc1cc(-c2ccccc2)ccc1CN1CCN(C(=O)n2ccc(C(=O)O)n2)C(C)C1,6.2596
O=C(O)c1ccn(C(=O)N2CCN(Cc3ccc(C(F)(F)F)cc3N3CC[C@H](F)C3)CC2)n1,5.2596
O=C(O)c1ccn(C(=O)N2CCC3(CCCN3Cc3ccc(C(F)(F)F)cc3N3CCCC3)CC2)n1,5.2596
O=C(O)c1ccn(C(=O)N2CCN(Cc3cccc(Oc4ccc(Cl)cc4)c3)CC2)n1,6.2596
O=C(O)c1ccn(C(=O)N2CCN(Cc3ccc(C(F)(F)F)cc3N3CCCCC3)CC2)n1,5.2596
CN(Cc1cc(Cl)ccc1C(F)(F)F)C1CCN(C(=O)n2cc(Cl)c(C(=O)O)n2)CC1,6.2596
O=C(O)c1ccn(C(=O)N2CC3CN(Cc4cccc(Oc5ccc(Cl)cc5)c4)CC3C2)n1,6.2596
O=C(O)c1ccn(C(=O)N2CC3CN(Cc4cc(Cl)cc(C(F)(F)F)c4)CC3C2)n1,6.2596
Cc1cn(C(=O)N2CCN(Cc3cccc(Oc4ccc(Cl)cc4)c3)CC2)nc1C(=O)O,6.2596
Cc1cn(C(=O)N2CCC3(CCN(Cc4cc(Cl)ccc4C(F)(F)F)C3)CC2)nc1C(=O)O,6.2596
Cc1cn(C(=O)N2CCC3(CC2)CN(Cc2cc(Cl)ccc2C(F)(F)F)C3)nc1C(=O)O,5.2596
O=C(O)c1nn(C(=O)N2CCC3(CCN(Cc4cc(Cl)ccc4C(F)(F)F)C3)CC2)cc1Cl,6.2596
O=C(O)c1nn(C(=O)N2CCC3(CC2)CN(Cc2cc(Cl)ccc2C(F)(F)F)C3)cc1Cl,6.2596
O=C(O)c1nn(C(=O)N2CC3CN(Cc4cc(Cl)ccc4Cl)CC3C2)cc1Cl,6.2596
O=C(O)c1nn(C(=O)N2CC3CN(Cc4cccc(Oc5ccc(Cl)cc5)c4)CC3C2)cc1Cl,6.2596
O=C(O)c1nn(C(=O)N2CCC3(CCN(Cc4ccc(N5CCCC5)cc4C(F)(F)F)C3)CC2)cc1Cl,6.2596
O=C(O)c1nn(C(=O)N2CC3CN(Cc4ccc(N5CCCC5)cc4C(F)(F)F)CC3C2)cc1Cl,6.2596
O=C(O)c1nn(C(=O)N2CC3CC(OCc4ccccc4Cl)CC3C2)cc1C(F)(F)F,6.2596
O=C(O)c1nn(C(=O)N2CCC3(CCN(Cc4cc(Cl)ccc4C(F)(F)F)C3)CC2)cc1C(F)(F)F,6.2596
O=C(O)c1nn(C(=O)N2CCC3(CCCN3Cc3cc4ccc(C(F)(F)F)cc4s3)CC2)cc1C(F)(F)F,5.2596
Cc1cc(CN2CCC3(CCN(C(=O)n4ccc(C(=O)O)n4)CC3)C2)ccc1C(F)(F)F,5.2596
O=C(O)c1ccn(C(=O)N2C[C@H]3C[C@H](OCc4cccc(C(F)(F)F)c4)C[C@H]3C2)n1,6.2596
Cc1c(CO[C@H]2C[C@@H]3CN(C(=O)n4ccc(C(=O)O)n4)C[C@@H]3C2)cccc1C(F)(F)F,6.2596
O=C(O)c1ccn(C(=O)N2CCC3(CCN(Cc4cc(Cl)cc(Cl)c4)C3)CC2)n1,6.2596
O=C(O)c1ccn(C(=O)N2C[C@H]3C[C@@H](Oc4cccc(-c5ccccc5)c4)C[C@H]3C2)n1,6.2596
O=C(O)c1ccn(C(=O)N2CCN(Cc3ccc(N4CCCC4)cc3C(F)(F)F)CC2)n1,5.2596
O=C(O)c1ccn(C(=O)N2CCC3(CCN(Cc4ccc(-c5ccccc5)cc4C(F)(F)F)C3)CC2)n1,6.2596
O=C(O)c1ccn(C(=O)N2CCC3(CCN(Cc4ccc(Cl)cc4N4CCCC4)C3)CC2)n1,5.2596
NC(=O)c1ccn(C(=O)N2CCN(Cc3cnccc3C(F)(F)F)CC2)n1,6.2596
NC(=O)c1ccn(C(=O)N2CCC3(CCN(Cc4ccc(N5CCOCC5)cc4Cl)C3)CC2)n1,6.2596
NC(=O)c1ccn(C(=O)N2CCN(Cc3cccc(C(F)(F)F)c3N3CCOCC3)CC2)n1,6.2596
CN(Cc1cc(Cl)ccc1C(F)(F)F)CC1CCN(C(=O)n2ccc(C(=O)O)n2)CC1,6.2596
O=C(O)c1ccn(C(=O)N2CCC3(CCN(Cc4cccc(Oc5ccc(Cl)cc5)c4)C3)CC2)n1,5.2596
O=C(O)c1ccn(C(=O)N2CCN(Cc3cc(Cl)cc(-c4cncnc4)c3)CC2)n1,5.1249
O=C(O)c1ccn(C(=O)N2CCN(Cc3cccc(C(F)(F)F)c3N3CCOCC3)CC2)n1,5.2596
COc1ccc(C(C)=O)c(OC(=O)N2CCCCC2)c1,5.0958
COc1ccc(C(C)=O)c(OC(=O)N2CCC(C)CC2)c1,4.5459
COc1ccc(C(C)=O)c(OC(=O)N(C)Cc2ccc(Cl)cc2)c1,4.7788
COc1ccc(C(C)=O)c(OC(=O)N(C)Cc2ccc(F)cc2)c1,6.3979
COc1cc2c(cc1OC)C(=O)C(CC1CCN(Cc3ccccc3)CC1)C2,5.2798
CCN(C)C(=O)Oc1cccc([C@H](C)N(C)C)c1,4.8545
O=C(Nc1ccc(-c2nc(-c3ccccc3F)cs2)cc1)C1CCN(S(=O)(=O)c2ccccc2Cl)CC1,5.0269
O=C(Nc1ccc(-c2nc(-c3cccc(F)c3)cs2)cc1)C1CCN(S(=O)(=O)c2ccccc2Cl)CC1,5.3279
O=C(Nc1ccc(-c2nc(-c3ccc(F)cc3F)cs2)cc1)C1CCN(S(=O)(=O)c2ccccc2Cl)CC1,5.0605
O=C(Nc1ccc(-c2nc(-c3ccccc3Cl)cs2)cc1)C1CCN(S(=O)(=O)c2ccccc2Cl)CC1,4.7375
O=C(Nc1ccc(-c2nc(-c3cccc(Cl)c3)cs2)cc1)C1CCN(S(=O)(=O)c2ccccc2Cl)CC1,4.7423
O=C(Nc1ccc(-c2nc(-c3ccc(Cl)cc3Cl)cs2)cc1)C1CCN(S(=O)(=O)c2ccccc2Cl)CC1,4.6861
O=C(Nc1ccc(-c2nc(-c3ccccc3Br)cs2)cc1)C1CCN(S(=O)(=O)c2ccccc2Cl)CC1,5.2757
O=C(Nc1ccc(-c2nc(-c3cccc(Br)c3)cs2)cc1)C1CCN(S(=O)(=O)c2ccccc2Cl)CC1,5.6198
O=C(Nc1ccc(-c2nc(-c3ccc(Br)cc3)cs2)cc1)C1CCN(S(=O)(=O)c2ccccc2Cl)CC1,4.5114
O=C(Nc1ccc(-c2nc(-c3ccc(Br)cc3Br)cs2)cc1)C1CCN(S(=O)(=O)c2ccccc2Cl)CC1,3.1424
Cc1ccccc1-c1csc(-c2ccc(NC(=O)C3CCN(S(=O)(=O)c4ccccc4Cl)CC3)cc2)n1,4.9355
Cc1cccc(-c2csc(-c3ccc(NC(=O)C4CCN(S(=O)(=O)c5ccccc5Cl)CC4)cc3)n2)c1,4.9469
Cc1ccc(-c2csc(-c3ccc(NC(=O)C4CCN(S(=O)(=O)c5ccccc5Cl)CC4)cc3)n2)c(C)c1,4.8894
COc1ccccc1-c1csc(-c2ccc(NC(=O)C3CCN(S(=O)(=O)c4ccccc4Cl)CC3)cc2)n1,5.4559
COc1cccc(-c2csc(-c3ccc(NC(=O)C4CCN(S(=O)(=O)c5ccccc5Cl)CC4)cc3)n2)c1,5.6198
COc1ccc(-c2csc(-c3ccc(NC(=O)C4CCN(S(=O)(=O)c5ccccc5Cl)CC4)cc3)n2)c(OC)c1,5.2366
O=C(Nc1cccc(-c2nc(-c3ccccc3)cs2)c1)C1CCN(S(=O)(=O)c2ccccc2Cl)CC1,2.9212
O=C(Nc1cccc(-c2nc(-c3cccc(F)c3)cs2)c1)C1CCN(S(=O)(=O)c2ccccc2Cl)CC1,3.9727
O=C(Nc1cccc(-c2nc(-c3ccc(F)cc3)cs2)c1)C1CCN(S(=O)(=O)c2ccccc2Cl)CC1,2.7461
O=C(Nc1cccc(-c2nc(-c3ccc(F)cc3F)cs2)c1)C1CCN(S(=O)(=O)c2ccccc2Cl)CC1,2.1566
O=C(Nc1cccc(-c2nc(-c3ccccc3Cl)cs2)c1)C1CCN(S(=O)(=O)c2ccccc2Cl)CC1,2.4127
O=C(Nc1cccc(-c2nc(-c3cccc(Cl)c3)cs2)c1)C1CCN(S(=O)(=O)c2ccccc2Cl)CC1,3.3910
O=C(Nc1cccc(-c2nc(-c3ccc(Cl)cc3)cs2)c1)C1CCN(S(=O)(=O)c2ccccc2Cl)CC1,3.7975
O=C(Nc1cccc(-c2nc(-c3ccc(Cl)cc3Cl)cs2)c1)C1CCN(S(=O)(=O)c2ccccc2Cl)CC1,3.3975
O=C(Nc1cccc(-c2nc(-c3ccccc3Br)cs2)c1)C1CCN(S(=O)(=O)c2ccccc2Cl)CC1,4.0540
O=C(Nc1cccc(-c2nc(-c3cccc(Br)c3)cs2)c1)C1CCN(S(=O)(=O)c2ccccc2Cl)CC1,3.8416
Cc1cccc(-c2csc(-c3cccc(NC(=O)C4CCN(S(=O)(=O)c5ccccc5Cl)CC4)c3)n2)c1,2.1614
Cc1ccc(-c2csc(-c3cccc(NC(=O)C4CCN(S(=O)(=O)c5ccccc5Cl)CC4)c3)n2)cc1,2.7328
Cc1ccc(-c2csc(-c3cccc(NC(=O)C4CCN(S(=O)(=O)c5ccccc5Cl)CC4)c3)n2)c(C)c1,2.3607
COc1ccccc1-c1csc(-c2cccc(NC(=O)C3CCN(S(=O)(=O)c4ccccc4Cl)CC3)c2)n1,2.0000
COc1cccc(-c2csc(-c3cccc(NC(=O)C4CCN(S(=O)(=O)c5ccccc5Cl)CC4)c3)n2)c1,3.4232
COc1ccc(-c2csc(-c3cccc(NC(=O)C4CCN(S(=O)(=O)c5ccccc5Cl)CC4)c3)n2)cc1,3.7399
COc1ccc(-c2csc(-c3cccc(NC(=O)C4CCN(S(=O)(=O)c5ccccc5Cl)CC4)c3)n2)c(OC)c1,4.1029
