SMILES,pIC50
Cc1cc2c(cc1C(F)(F)F)N(C(=O)Nc1ccc(OCc3cncn3C)nc1)CC2,7.0000
Cc1cccc(COc2ccc(NC(=O)N3CCc4cc(C)c(C(F)(F)F)cc43)cn2)n1,6.0000
Nc1cccc(-c2ccc(CCN3CCN(c4cccc5cccnc45)CC3)cc2)n1,7.8539
Cc1cc2c(cc1C(F)(F)F)N(C(=O)Nc1ccc(OCc3ccccn3)nc1)CC2,6.2000
Cc1cc2c(cc1C(F)(F)F)N(C(=O)Nc1cnc(OCc3ccccn3)c(C)c1)CC2,7.4000
COc1ccc(NS(=O)(=O)c2ccc(Br)cc2)cc1N1CCN(C)CC1,5.9000
Cc1cc2c(cc1C(F)(F)F)N(C(=O)Nc1ccc(COc3ccccn3)nc1)CC2,7.0000
Cc1cc2c(cc1C(F)(F)F)N(C(=O)Nc1ccc(CCc3ccccn3)nc1)CC2,6.8000
COc1ccc(NS(=O)(=O)c2sc3ccc(Cl)cc3c2C)cc1N1CCN(C)CC1,6.0000
Cc1cc2c(cc1C(F)(F)F)N(C(=O)Nc1ccc(OCCc3ccccn3)nc1)CC2,5.7000
Cc1cc2c(cc1Cl)N(C(=O)Nc1ccc(OCc3ccncc3)nc1)CC2,7.1000
O=C(Nc1ccc(OCc2ccccn2)nc1)N1CCc2cc(C(F)(F)F)ccc21,5.3000
O=C(Nc1ccc(OCc2ccccn2)nc1)N1CCc2c(Cl)cccc21,5.3000
Cc1cc2c(cc1Cl)N(C(=O)Nc1ccc(OCc3nccn3C)nc1)CC2,6.6000
Cc1cc2c(cc1C(F)(F)F)N(C(=O)Nc1ccc(OCc3cnccn3)nc1)CC2,6.5000
Cc1cc2c(cc1C(F)(F)F)N(C(=O)Nc1ccc(OCc3ccccn3)cc1)CC2,6.4000
O=C(Nc1ccc(OCc2ccccn2)nc1)N1CCc2cc(Br)ccc21,5.6000
O=C(Nc1ccc(OCc2ccccn2)nc1)N1CCc2ccc(C(F)(F)F)cc21,6.6000
Cc1cc2c(cc1C(F)(F)F)N(C(=O)Nc1ccc(OCc3ncccc3C)nc1)CC2,6.8000
Cc1cc2c(cc1C(F)(F)F)N(C(=O)Nc1ccc(OCc3ccccn3)nn1)CC2,6.6000
NCCc1cn2c3c(cccc13)CCC2,6.4694
CN1CCc2ccc3c4c2[C@H]1Cc1cccc(c1-4)[C@@H]3N,6.3288
CC1CCc2cc(F)cc3c(CCN)cn1c23,6.1005
CNS(=O)(=O)Cc1ccc2[nH]cc(CCN(C)C)c2c1,5.7624
Cc1cccc(C(=O)NCN2CCN(c3ccccc3C#N)CC2)c1,5.3969
CNCCc1cn2c3c(cc(F)cc13)CCC2C,5.8974
NCCc1cn2c3c(cc(Cl)cc13)SCC2,6.3292
Cc1c(CCN)c2cc(F)cc3c2n1C(C)CC3,6.0205
CN(C)CCc1c[nH]c2ccc(Cn3cncn3)cc12,5.1000
Cc1c(CCN)c2cccc3c2n1CCC3,6.1701
NCCc1ccccc1,4.7747
COc1ccc(NC(=O)c2ccc(-c3ccc(-c4noc(C)n4)cc3C)cc2)cc1NCCN(C)C,8.3000
NCc1c2ccccc2cc2ccccc12,5.6383
Cc1nc(-c2ccc(-c3ccc(C(=O)Nc4ccc5c(c4)C4(CCN(C)CC4)CO5)cc3)c(C)c2)no1,6.0000
NCC(c1ccccc1)c1ccccc1,5.3363
CC1(CN)c2ccccc2Cc2ccccc21,7.1871
NCC1Cc2ccccc2-c2ccccc21,6.1481
Cc1cc(C(=O)Nc2cccc(N3CCN(C)CC3)c2)ccc1Br,6.5000
NCC12CC(c3ccccc31)c1ccccc12,5.1688
Cc1nc(-c2ccc(-c3ccc(C(=O)Nc4ccc5c(c4)N(CCN(C)C)CCO5)cc3)c(C)c2)no1,8.4000
COc1cc2c(cc1OCCN(C)C)N(C(=O)c1ccc(-c3ccc(-c4noc(C)n4)cc3C)cc1)CC2,6.5000
c1ccc2c(c1)Cc1cccc3c1C2CNC3,6.5287
Cc1nc(-c2ccc(-c3ccc(C(=O)N4CCc5cc6c(cc54)C4(CCN(C)CC4)CO6)cc3)c(C)c2)no1,5.7743
Cc1nc(-c2ccc(-c3ccc(C(=O)Nc4cc5c(c(OCCN(C)C)c4)OCC5)cc3)c(C)c2)no1,7.3000
Cc1cc(C(=O)Nc2ccc(C)c(N3CCN(C)CC3)c2)ccc1Br,6.9000
NCC12CCC(c3ccccc31)c1ccccc12,6.1135
CC1(C)c2ccccc2C(CN)c2ccccc21,6.4815
NCC1c2ccccc2-c2ccccc21,5.3478
COc1ccc(NC(=O)c2ccc(-c3ccc(-c4noc(C)n4)cc3C)cc2)cc1OCCN(C)C,7.3000
COc1ccc(NC(=O)c2ccc(-c3ccc(-c4noc(C)n4)cc3C)cc2)cc1N1CCN(C)CC1,7.5848
COc1ccc(NC(=O)c2ccc(-c3ccc(-c4noc(C)n4)cc3C)cc2)cc1CCCN(C)C,8.2000
CC(N)C1c2ccccc2Cc2ccccc21,6.7144
NCC1c2ccccc2Cc2ccccc21,7.6990
NCC1c2ccccc2CCc2ccccc21,6.9508
NCC1CC2c3ccccc3C1c1ccccc12,5.0209
NCCc1ccccc1Cc1ccccc1,5.7423
NCC1c2ccccc2C=Cc2ccccc21,5.3840
COc1ccc(NC(=O)c2ccc(Br)c(C)c2)cc1N1CCN(C)CC1,6.7000
C[C@H](N)CN1CCc2ccc(Cl)cc21,6.3297
CSc1ccc2c(c1)N(C[C@H](C)N)CC2,6.7761
CCSc1ccc2c(c1)N(C[C@H](C)N)CC2,6.5788
C[C@H](N)CN1CCc2cc(F)c(C(F)(F)F)cc21,6.1690
CCSc1cc2c(cc1F)CCN2C[C@H](C)N,6.9894
NCCCN1c2ccccc2CCc2ccccc21,6.4012
COc1ccc(NS(=O)(=O)c2sc3ccc(Cl)cc3c2C)cc1N1CCN2CCC[C@H]2C1,6.6000
COc1ccc(NS(=O)(=O)c2sc3ccc(Cl)cc3c2C)cc1N1CCN2CCC[C@@H]2C1,5.9000
C[C@H](N)CN1CCc2ccc(Br)cc21,6.2990
NCCC1c2ccccc2Cc2ccccc21,6.3188
C[C@H](N)CN1CCc2cc(F)c(I)cc21,6.6108
Cc1cc2c(cc1Cl)N(C(=O)Nc1cccnc1)CC2,6.8000
C[C@H](N)Cn1ccc2cc(F)c(Cl)cc21,7.3545
COc1ccc(NS(=O)(=O)c2sc3ccc(Cl)cc3c2C)cc1N1CCN2CCCCC2C1,6.2000
CN(C)CCCN1c2ccccc2CCc2ccccc21,6.7959
NCCc1c[nH]c2ccc(O)cc12,7.9172
CNCCCN1c2ccccc2CCc2ccccc21,6.7959
O=C1c2ccoc2CCC1CCN1CCC(c2noc3cc(F)ccc23)CC1,9.1400
CN(C)CC1c2ccccc2Cc2ccccc21,6.2676
CN(C)CCCC1c2ccccc2Cc2ccccc21,7.6576
c1ccc(CNCC2c3ccccc3Cc3ccccc32)cc1,6.1421
CSc1cc2c(cc1C(F)(F)F)N(C(=O)Nc1cccnc1)CC2,6.4000
C[C@H](N)CN1CCc2cc(F)c(Cl)cc21,6.6063
O=C(CCCN1CCN(CC2CC(=O)c3ccccc3C2)CC1)c1ccc(F)cc1,6.9400
CSc1cc2c(cc1F)CCN2C[C@H](C)N,7.1975
C[C@H](N)CN1CCc2ccc3c(c21)CCO3,7.0792
NCCCC1c2ccccc2Cc2ccccc21,7.4949
O=C1CC(CN2CCC(c3noc4cc(F)ccc34)CC2)Cc2[nH]c3ccccc3c21,8.9300
C[C@H](N)CN1CCc2ccc3c(c21)CCCO3,6.6532
C[N+](C)(C)CC1c2ccccc2Cc2ccccc21,5.3979
Clc1cccc(N2CCNCC2)c1,7.1625
NC1c2ccccc2Cc2ccccc21,4.9208
CNCC1c2ccccc2Cc2ccccc21,7.2840
O=C(CCCN1CCN(CCC2Cc3ccccc3C2=O)CC1)c1ccc(F)cc1,7.1700
Cn1ccc2cc3c(cc21)CCN3C(=O)Nc1cccnc1,5.7450
Cc1cc2c(cc1Cl)N(C(=O)Nc1ccc(Oc3cccnc3C)nc1)CC2,6.8000
CSc1cc2c(cc1Cl)N(C(=O)Nc1cccnc1)CC2,5.6000
CN1CCC(=C2c3ccccc3C=Cc3ccccc32)CC1,9.0119
CNCCCC1c2ccccc2Cc2ccccc21,7.8861
Cc1cc(NC(=O)Nc2ccc3sccc3c2)sn1,5.2000
CCCCCCCCCOc1ccc2[nH]cc(CCN)c2c1,6.5850
Fc1cccc(CCN2CCN(CCCc3c[nH]c4ccc(-n5cnnc5)cc34)CC2)c1,6.4318
COc1cc(CCNCc2ccc([N+](=O)[O-])cc2)c(OC)cc1Br,6.8871
CNCCc1c[nH]c2ccc(OC)cc12,7.3670
COc1cc(CCNCc2ccc(F)cc2)c(OC)cc1Br,7.9957
COc1ccc(CNCCc2c[nH]c3ccc(OC)cc23)cc1,7.3979
COc1cc(CCNCCCc2ccccc2)c(OC)cc1Br,7.3570
COc1cc(CCNCc2ccccc2)c(OC)cc1Br,8.6594
COc1cc(CCN(C)C)c(OC)cc1Br,7.0863
COc1ccc2[nH]cc(CCN3CCCCC3)c2c1,6.7171
COc1ccc2[nH]cc(CCNCc3ccc(Cl)cc3)c2c1,6.6134
COc1cc(CCN)c(OC)cc1Br,8.8979
COc1ccc2[nH]cc(CCNCCCc3ccccc3)c2c1,7.6505
COc1ccc2[nH]cc(CCNCc3ccc(I)cc3)c2c1,6.6594
COc1ccc2[nH]cc(CCNCc3ccccc3)c2c1,7.7677
CCNCCc1c[nH]c2ccc(OC)cc12,7.0871
COc1cc(CCNCc2ccc(Br)cc2)c(OC)cc1Br,9.0969
COc1cc(CCNCc2ccc(N)cc2)c(OC)cc1Br,7.5485
COc1cc(CCNCc2ccc(C)cc2)c(OC)cc1Br,7.7461
COc1cc(CCNCc2ccc(Cl)cc2)c(OC)cc1Br,7.3913
COc1ccc2[nH]cc(CCN)c2c1,8.3188
CNCCc1cc(OC)c(Br)cc1OC,7.4789
COc1ccc2[nH]cc(CCN(C)C)c2c1,8.6499
COc1ccc(CNCCc2cc(OC)c(Br)cc2OC)cc1,7.8410
COc1ccc2[nH]cc(CCNCc3ccc([N+](=O)[O-])cc3)c2c1,6.1122
CCNCCc1cc(OC)c(Br)cc1OC,6.9397
COc1cc(CC(C)N)c(OC)cc1Br,7.3872
COc1ccc2[nH]cc(CCNCc3ccc(C)cc3)c2c1,7.2407
COc1cc(CCNCCCCc2ccccc2)c(OC)cc1Br,7.2843
COc1cc(CCNCc2ccc(I)cc2)c(OC)cc1Br,8.5278
COc1ccc2[nH]cc(CCNCc3ccc(N)cc3)c2c1,6.6511
COc1ccc(CCCN2CCC(CCC(=O)c3cc(Cl)c(N)c4c3OCCO4)CC2)cc1OC,6.3000
COc1ccc2[nH]cc(CCNCCCCc3ccccc3)c2c1,7.7718
COc1ccc2[nH]cc(CCNCc3ccc(F)cc3)c2c1,6.8583
COc1cc(CCN2CCCCC2)c(OC)cc1Br,6.4303
COc1ccc2[nH]cc(CCNCc3ccc(Br)cc3)c2c1,9.1420
CN(C)CC1C[C@H]2c3ccccc3Cc3ccccc3[C@H]2O1,6.9914
CN(C)C[C@@H]1C[C@H]2c3ccccc3Cc3ccccc3[C@@H]2O1,6.9830
Nc1ccccc1C(=O)CCCN1CC[C@@H]2[C@H](C1)c1cccc3c1N2CCCS3,7.9830
CN1CCN(CC2CC3c4ccccc4Cc4ccccc4N3O2)CC1,6.5500
O=C(c1ccc(F)cc1)C1CCN(CC2C[C@@H]3c4ccccc4Cc4ccccc4[C@H]3O2)CC1,6.3635
Nc1cc(F)ccc1C(=O)CCCN1CC[C@H]2[C@@H](C1)c1cccc3c1N2CCCS3,9.2764
Nc1ccccc1C(=O)CCCN1CC[C@@H]2[C@H](C1)c1cccc3c1N2CCO3,7.9245
Nc1cc(F)ccc1C(=O)CCCN1CC[C@@H]2[C@H](C1)c1cccc3c1N2CCO3,8.5528
CNCC1C[C@@H]2c3ccccc3Cc3ccccc3[C@H]2O1,7.3134
Nc1ccc(F)cc1C(=O)CCCN1CC[C@H]2[C@@H](C1)c1cccc3c1N2CCCS3,7.8239
Nc1ccccc1C(=O)CCCN1CC[C@@H]2[C@H](C1)c1cccc3c1N2CCCC3,8.5086
O=CNc1cc(F)ccc1C(=O)CCCN1CC[C@H]2[C@@H](C1)c1cccc3c1N2CCCS3,7.0458
CN1CCN(CC2C[C@@H]3c4ccccc4Sc4ccccc4[C@H]3O2)CC1,7.7620
Nc1ccccc1C(=O)CCCN1CC[C@H]2[C@@H](C1)c1cccc3c1N2CCC3,9.0969
Nc1ccccc1C(=O)CCCN1CC[C@@H]2[C@H](C1)c1cccc3c1N2CCC3,8.4318
CN(C)CC1C[C@@H]2c3ccccc3Sc3ccccc3[C@H]2O1,7.5129
Nc1c(F)cccc1C(=O)CCCN1CC[C@H]2[C@@H](C1)c1cccc3c1N2CCCS3,8.1192
O=C(CCCN1CC[C@H]2[C@@H](C1)c1cccc3c1N2CCCS3)c1ccc(F)cc1,8.6021
CS(=O)(=O)Nc1cc(F)ccc1C(=O)CCCN1CC[C@H]2[C@@H](C1)c1cccc3c1N2CCCS3,8.1249
Nc1cc(F)ccc1C(=O)CCCN1CC[C@H]2[C@@H](C1)c1cccc3c1N2CCS3,9.5229
Nc1cc(F)ccc1C(=O)CCCN1CC[C@H]2[C@@H](C1)c1cccc3c1N2CCCC3,9.2218
CN(C)CC1C[C@H]2c3ccccc3Oc3ccccc3[C@H]2O1,7.0334
Nc1cc(F)ccc1C(=O)CCCN1CC[C@H]2[C@@H](C1)c1cccc3c1N2CCO3,9.6990
Nc1cc(Cl)ccc1C(=O)CCCN1CC[C@H]2[C@@H](C1)c1cccc3c1N2CCCS3,7.1549
c1ccc2c(c1)Cc1ccccc1N1OC(CN3CCOCC3)CC21,6.8500
c1ccc(C2CCN(CC3C[C@@H]4c5ccccc5Sc5ccccc5[C@H]4O3)CC2)cc1,7.1630
Nc1cc(F)ccc1C(=O)CCCN1CC[C@@H]2[C@H](C1)c1cccc3c1N2CCCS3,8.3768
OCCN1CCN(CC2C[C@@H]3c4ccccc4Cc4ccccc4[C@H]3O2)CC1,7.0630
O=C(CCCN1CC[C@H]2[C@@H](C1)c1cccc3c1N2CCCS3)c1ccccc1,8.5686
CNC[C@@H]1C[C@H]2c3ccccc3Cc3ccccc3[C@@H]2O1,7.1302
NCC1CC2c3ccccc3Cc3ccccc3N2O1,7.8000
CN(C)C[C@@H]1C[C@@H]2c3ccccc3Cc3ccccc3N2O1,8.6021
CN(C)CC1C[C@@H]2c3ccccc3Oc3ccccc3[C@H]2O1,7.4318
CN(C)C[C@H]1C[C@@H]2c3ccccc3Cc3ccccc3[C@H]2O1,8.6021
Nc1ccccc1C(=O)CCCN1CC[C@H]2[C@@H](C1)c1cccc3c1N2CCCC3,9.1549
CN(C)CC1CC2c3ccccc3Oc3ccc(Cl)cc3N2O1,8.7201
CNCC1CC2c3ccccc3Cc3ccccc3N2O1,7.8801
Nc1ccccc1C(=O)CCCN1CC[C@H]2[C@@H](C1)c1cccc3c1N2CCS3,9.0969
Nc1ccccc1C(=O)CCCN1CC[C@@H]2[C@H](C1)c1cccc3c1N2CCS3,8.1805
CC(N)Cc1c2ccoc2c(Br)c2ccoc12,10.3979
Nc1cc(F)ccc1C(=O)CCCN1CC[C@@H]2[C@H](C1)c1cccc3c1N2CCC3,8.9208
CN(C)CC1CC2c3ccccc3Cc3ccccc3N2O1,7.6400
Nc1cc(F)ccc1C(=O)CCCN1CC[C@@H]2[C@H](C1)c1cccc3c1N2CCS3,8.8239
Clc1cccc(N2CCN(CC3C[C@@H]4c5ccccc5Cc5ccccc5[C@H]4O3)CC2)c1,7.2518
CCOC(=O)Nc1cc(F)ccc1C(=O)CCCN1CC[C@H]2[C@@H](C1)c1cccc3c1N2CCCS3,7.2924
CN(C)CCC1CC2c3ccccc3Cc3ccccc3N2O1,7.0400
CN(C)CC1C[C@@H]2c3ccccc3N(C)c3ccccc3[C@H]2O1,7.0931
CCNC(=O)Nc1cc(F)ccc1C(=O)CCCN1CC[C@H]2[C@@H](C1)c1cccc3c1N2CCCS3,7.9586
Nc1ccccc1C(=O)CCCN1CC[C@H]2[C@@H](C1)c1cccc3c1N2CCO3,8.7959
CN(C)CC1(C)CC2c3ccccc3Cc3ccccc3N2O1,7.2400
c1ccc2c(c1)Cc1ccccc1N1OC(CN3CCCC3)CC21,7.6000
COc1cc(CC(C)N)c(OC)cc1I,8.0430
CN1CCN(CC2C[C@@H]3c4ccccc4Cc4ccccc4[C@H]3O2)CC1,6.3635
CN(C)CC1C[C@@H]2c3ccccc3OCc3ccccc3[C@H]2O1,7.0434
CN(C)C[C@@H]1C[C@@H]2c3ccccc3Cc3ccccc3[C@H]2O1,7.7077
CC(N)Cc1c2c(c(Br)c3c1OCC3)OCC2,9.3188
CN(C)CC1C[C@@H]2c3ccccc3COc3ccccc3[C@H]2O1,5.9731
Nc1cc(F)ccc1C(=O)CCCN1CC[C@@H]2[C@H](C1)c1cccc3c1N2CCCC3,9.0458
c1ccc(C2CCN(CC3C[C@@H]4c5ccccc5Cc5ccccc5[C@H]4O3)CC2)cc1,5.9634
Nc1cc(Br)ccc1C(=O)CCCN1CC[C@H]2[C@@H](C1)c1cccc3c1N2CCCS3,7.1024
CNc1ccccc1C(=O)CCCN1CC[C@H]2[C@@H](C1)c1cccc3c1N2CCCS3,7.2076
Nc1cc(F)ccc1C(=O)CCCN1CC[C@H]2[C@@H](C1)c1cccc3c1N2CCC3,9.3010
CN1CCN2c3ccccc3Cc3ccccc3C2C1,8.5238
c1ccc2c(c1)Cc1ccccc1[C@H]1OC(CN3CCOCC3)C[C@H]21,6.3635
Nc1cc(O)ccc1C(=O)CCCN1CC[C@H]2[C@@H](C1)c1cccc3c1N2CCCS3,7.0458
CN(C)CCCC1CC2c3ccccc3Cc3ccccc3N2O1,8.4101
CCN(CC)CC1CC2c3ccccc3Cc3ccccc3N2O1,7.3700
CN(C)CC1C[C@@H]2c3ccccc3Cc3ccccc3[C@H]2O1,7.6635
Nc1ccccc1C(=O)CCCN1CC[C@H]2[C@@H](C1)c1cccc3c1N2CCCS3,8.9498
CC(=O)Nc1cc(F)ccc1C(=O)CCCN1CC[C@H]2[C@@H](C1)c1cccc3c1N2CCCS3,9.0969
c1ccc2c(c1)Cc1ccccc1C21CCCNC1,7.0044
c1ccc2c(c1)Cc1ccccc1C21CCNC1,8.3979
c1ccc2c(c1)CCc1ccccc1C21CCNC1,6.9586
c1ccc(C2(c3ccccc3)CCNC2)cc1,5.3363
COc1cccc([C@H](O)C2CCN(CCc3ccc(F)cc3)CC2)c1OC,9.4762
Fc1ccc(CCN2CCC3(CCc4ccccc4C3)CC2)c(F)c1,8.5376
Fc1ccc(CCN2CCC3(CCc4cccc(F)c4O3)CC2)c(F)c1,8.4815
Fc1ccc2c(c1)CCC1(CCN(C3CCc4ccccc4C3)CC1)O2,7.0223
N#Cc1ccc(S(=O)(=O)C2CCN(CCc3ccc(F)cc3F)CC2)cc1,8.5850
O=C1Cc2cc(CCN3CCN(c4nsc5ccccc45)CC3)c(Cl)cc2N1,9.4659
Cc1cc2c(s1)Nc1ccccc1N=C2N1CCN(C)CC1,8.3979
O=S(=O)(c1ccccc1)C1CCN(CCc2ccc(F)cc2F)CC1,9.4815
Fc1ccc2c([C@@H]3CNCC[C@H]3F)c(-c3ccccc3)[nH]c2c1,10.2218
OCCOCCN1CCN(C2=Nc3ccccc3Sc3ccccc32)CC1,6.9208
NC(=O)c1ccc(S(=O)(=O)C2CCN(CCc3ccc(F)cc3F)CC2)cc1,9.2840
O=C(CCCN1CCC(S(=O)(=O)c2ccccc2)CC1)c1ccc(F)cc1,7.8239
N#Cc1ccc2c(c1)C(=O)CC1(CCN(CCc3ccc(F)cc3F)CC1)O2,6.8239
N#Cc1cccc(S(=O)(=O)C2CCN(CCc3ccc(F)cc3F)CC2)c1,9.1805
OC1c2ccccc2CCC12CCN(CCc1ccccc1)CC2,9.3979
O=S(=O)(c1ccc(F)cc1)C1CCN(CCc2ccc(F)cc2F)CC1,9.3768
CN1CCN(C2=Nc3cc(Cl)ccc3Nc3ccccc32)CC1,8.0400
Cc1nc2n(c(=O)c1CCN1CCC(c3noc4cc(F)ccc34)CC1)CCCC2,9.3010
O=S1(=O)c2cccc3cccc(c23)N1CCCN1CCN(c2ccc(F)cc2)CC1,9.9149
COc1ccc2c(c1)CCC1(CCN(CCN3CCNC3=O)CC1)O2,6.0132
O=C1c2ccc(Cl)cc2CCC12CCN(CCc1ccccc1)CC2,7.7959
O=C(CCCN1CCC(O)(c2ccc(Cl)cc2)CC1)c1ccc(F)cc1,6.9208
CN(C)CCOC1=Cc2ccccc2Sc2ccc(Cl)cc21,9.0410
O=S1(=O)c2ccccc2CCC12CCN(CCc1ccc(F)cc1F)CC2,9.3872
O=S(=O)(c1ccccc1)C1CCN(Cc2ccccc2)CC1,6.2007
O=S(=O)(c1ccccc1)C1CCN(CCCc2ccccc2)CC1,7.8239
Fc1ccc(CCN2CCC3(CCc4ccc(F)cc4O3)CC2)c(F)c1,8.5086
OC(CCc1ccccc1)CN1CCC2(CCc3cc(F)ccc3O2)CC1,7.5086
Fc1ccc(CCN2CCC3(CCc4ccccc4O3)CC2)c(F)c1,8.6198
COc1ccc2c(c1)CCC1(CCN(CCCC(=O)c3ccc(F)cc3)CC1)O2,9.4437
O=C(CN1CCC(S(=O)(=O)c2ccccc2)CC1)c1ccc(F)cc1,8.6198
O=C1NCCN1CCN1CCC(c2cn(-c3ccc(F)cc3)c3ccc(Cl)cc23)CC1,9.1462
c1ccc(CCN2CCC3(CCc4ccccc4O3)CC2)cc1,7.7959
NC(=O)c1cccc(S(=O)(=O)C2CCN(CCc3ccc(F)cc3F)CC2)c1,9.3010
O=S(=O)(c1ccc(Cl)cc1)C1CCN(CCc2ccc(F)cc2F)CC1,8.8539
Fc1ccc(CCN2CCC3(CCc4c(F)cccc4O3)CC2)c(F)c1,8.3010
COc1ccc2c(c1)CCC1(CCN(CCc3ccc(F)cc3F)CC1)O2,8.7447
N#Cc1ccccc1S(=O)(=O)C1CCN(CCc2ccc(F)cc2F)CC1,9.2757
O=S(=O)(c1ccccc1)C1CCN(CCc2ccccc2)CC1,8.9208
Fc1ccc(CCN2CCC3(C=Cc4cc(F)ccc4O3)CC2)c(F)c1,7.7959
Cn1cc(C(=O)C(=O)N[C@H]2CN3CCC2CC3)c2ccccc21,4.9000
Cn1cc(C(=O)C(=O)N[C@@H]2CN3CCC2CC3)c2ccccc21,4.6000
c1ccc(-c2[nH]c3ccccc3c2CCN2CCCCC2)cc1,8.5686
F[C@@H]1CCNC[C@H]1c1c(-c2ccccc2)[nH]c2ccccc12,9.3665
F[C@@H]1CCNC[C@H]1c1c(-c2ccccc2)[nH]c2ccc(Cl)cc12,7.9914
CN(C)CC1CC2c3ccccc3Cc3ccncc3N2O1,6.4100
Fc1ccc2c([C@@H]3CNCC[C@H]3F)c(-c3cccc4ccccc34)[nH]c2c1,9.4685
Cn1ccc2c3c(ccc21)N(C(=O)Nc1cccnc1)CC3,5.5400
Fc1ccc2c([C@@H]3CNCC[C@H]3F)c(C3CCCCC3)[nH]c2c1,9.6021
c1ccc(-c2[nH]c3ccccc3c2C2CNCCO2)cc1,7.7447
c1ccc(CCN2C3CCC2CC(N2CCC(c4c(-c5ccccc5)[nH]c5ccccc45)CC2)C3)cc1,8.7529
c1ccc(-c2[nH]c3ccccc3c2C2CCNCC2)cc1,7.9190
O=C1NCCN1CCN1CCCC(c2c(-c3ccccc3)[nH]c3ccccc23)C1,7.5850
COc1cc(CCN)c2c(c1OC)OCC2,5.8136
CN1CCN(C)C(c2c(-c3ccccc3)[nH]c3ccccc23)C1,6.4949
F[C@@H]1CCNC[C@H]1c1c(-c2ccccc2)[nH]c2c(Cl)cccc12,9.1612
O[C@@H]1CCNC[C@H]1c1c(-c2ccccc2)[nH]c2ccccc12,8.4815
CN1[C@@H]2CC[C@H]1C[C@H](N1CCC(c3c(-c4ccccc4)[nH]c4ccccc34)CC1)C2,8.8913
Fc1ccc2c([C@@H]3CNCC[C@H]3F)c(-c3ccoc3)[nH]c2c1,9.2676
Fc1ccc2c([C@@H]3CNCC[C@H]3F)c(-c3ccsc3)[nH]c2c1,9.9586
COC(=O)c1[nH]c2cc(F)ccc2c1[C@@H]1CNCC[C@H]1F,7.9830
Fc1ccc(-c2[nH]c3cc(F)ccc3c2C2CCCNC2)cc1,10.0458
COc1c2c(c(CCN)c3c1OCC3)CCO2,5.9136
Fc1ccc2c([C@@H]3CNCC[C@H]3F)c(-c3ccc4ccccc4c3)[nH]c2c1,9.6383
c1ccc(CCN2CCCC(c3c(-c4ccccc4)[nH]c4ccccc34)C2)cc1,7.2291
Fc1cccc2c([C@@H]3CNCC[C@H]3F)c(-c3ccccc3)[nH]c12,9.3372
CN(C)CC1CC2c3ccccc3Cc3ccc(Cl)cc3N2O1,8.4600
F[C@H]1CCNC[C@@H]1c1c(-c2ccccc2)[nH]c2ccccc12,6.6576
Fc1ccc(-c2[nH]c3cc(F)ccc3c2[C@@H]2CNCC[C@H]2F)cc1,9.9208
CCOc1c(OC)cc(CCN)cc1OC,6.6664
Fc1ccc2c([C@@H]3CNCC[C@H]3F)c(-c3cccnc3)[nH]c2c1,9.4559
c1ccc(CCN2[C@@H]3CC[C@H]2CC(c2c(-c4ccccc4)[nH]c4ccccc24)C3)cc1,8.9208
Fc1ccc2c([C@@H]3CNCC[C@H]3F)c[nH]c2c1,7.1549
c1ccc(CN2CCC(c3c(-c4ccccc4)[nH]c4ccccc34)CC2)cc1,7.5528
c1ccc(CCN2CCC(c3c(-c4ccccc4)[nH]c4ccccc34)CC2)cc1,9.3099
COc1cc(CCN)cc(OC)c1OC,6.6010
Fc1ccc2[nH]c(-c3ccccc3)c([C@@H]3CNCC[C@H]3F)c2c1,8.3979
c1ccc(-c2[nH]c3ccccc3c2C2CC3CCC(C2)N3)cc1,8.7447
CN1CCCC(c2c(-c3ccccc3)[nH]c3ccccc23)C1,8.3279
CN1CCC(c2c(-c3ccccc3)[nH]c3ccccc23)CC1,8.1079
O=C1NCCN1CCN1CCC(c2c(-c3ccccc3)[nH]c3ccccc23)CC1,8.1367
c1ccc(CN2CCCC(c3c(-c4ccccc4)[nH]c4ccccc34)C2)cc1,7.6990
CN1CCCCC1c1c(-c2ccccc2)[nH]c2ccccc12,7.8539
F[C@@H]1CCNC[C@H]1c1c(-c2ccccc2)[nH]c2cc(Cl)ccc12,8.6383
c1ccc(-c2[nH]c3ccccc3c2C2CCCNC2)cc1,9.0044
O=C(Nc1ccccc1)c1[nH]c2cc(F)ccc2c1[C@@H]1CNCC[C@H]1F,10.0458
O=C1c2ccccc2CCCN1CCN1CCC(N2C(=O)Cc3cc(F)ccc32)CC1,7.3700
O=C1c2ccccc2CCCN1CCN1CCC(n2ccc3cc(F)ccc32)CC1,8.1600
O=C1c2ccccc2CCCN1CCN1CCC(Oc2ccc(Cl)cc2)CC1,7.1300
O=C1c2ccccc2CCCN1CCN1CCC(c2c[nH]c3ccccc23)CC1,8.7701
O=C1c2ccccc2CCCN1CCN1CCC(n2ccc3ccccc32)CC1,7.7100
COc1ccc2[nH]cc(C(C)CN)c2c1,8.6576
O=C(c1ccc(F)cc1)C1CCN(CCN2CCCc3ccccc3C2=O)CC1,7.7701
Cc1ccc(OC2CCN(CCN3CCCc4ccccc4C3=O)CC2)cc1,7.2600
O=C1c2ccccc2CCCN1CCN1CCC(n2c(O)nc3cc(F)ccc32)CC1,6.5200
N[C@H]1C[C@@H]1c1c[nH]c2ccccc12,6.8794
O=C1c2ccccc2CCCN1CCN1CCC(n2c(=O)oc3ccccc32)CC1,6.0100
NC1CC1c1c[nH]c2ccccc12,6.7852
CC(CN)c1c[nH]c2ccccc12,7.3872
NC1CC1c1c[nH]c2ccc(F)cc12,7.9914
COc1ccc2[nH]cc(C3CC3N)c2c1,7.5100
N[C@@H]1C[C@H]1c1c[nH]c2ccccc12,7.0079
O=C1c2ccccc2CCCN1CCN1CCC(Oc2ccccc2)CC1,6.8100
O=C(c1ccc(Cl)cc1)C1CCN(CCN2CCCc3ccccc3C2=O)CC1,7.1100
O=C1c2ccccc2CCCN1CCN1CCC(n2nnc3cc(F)ccc32)CC1,7.3100
O=C1c2ccccc2CCCN1CCN1CCC(n2nnc3ccccc32)CC1,6.5700
O=C1c2ccccc2CCCN1CCN1CCC(N2C(=O)Cc3ccccc32)CC1,6.6500
O=C1c2ccccc2CCCN1CCN1CCC(n2c(=O)oc3cc(F)ccc32)CC1,6.7300
COc1cccc2[nH]cc(C3CC3N)c12,7.3382
O=C1c2ccccc2CCCN1CCN1CCC(Oc2ccc(F)cc2)CC1,7.5000
OC(c1ccccc1)C1CCN(CCc2ccccc2)CC1,8.6021
O=C(c1ccc(F)cc1)C1CCN(CCCCc2ccccc2)CC1,8.2757
OC(c1ccc(F)cc1)C1CCN(CCCCc2ccccc2)CC1,6.8996
CC(C)C[C@H]1C(=O)N[C@@H](Cc2ccccc2)[C@]2(O)O[C@@](C)(NC(=O)[C@@H]3C=C4c5cccc6[nH]cc(c56)C[C@H]4N(C)C3)C(=O)N12,7.8000
NCCCC1(CCCN)CCc2cccc(O)c2C1,5.0000
C[C@@H](N)Cc1c[nH]c2ccc3c(c12)CCCO3,8.4437
C[C@H](N)Cc1c[nH]c2ccc3c(c12)CCCO3,8.6990
CC(N)Cc1c[nH]c2ccc3c(c12)CCCO3,8.4437
CCN(CC)C(=O)[C@@H]1C=C2c3cccc4[nH]cc(c34)C[C@H]2N(C)C1,8.3414
CC1CCN(CC[C@H]2CCCN2S(=O)(=O)c2cccc3ccccc23)CC1,5.8000
NCCc1c[nH]c2ccc3c(c12)CCCO3,8.3098
O=C(c1ccccc1)C1CCN(CCc2ccccc2)CC1,8.0177
Cn1cc(CCN)c2c3c(ccc21)OCCC3,8.0862
CN(C)CCc1c[nH]c2ccc3c(c12)CCCO3,7.7696
O=C(/C=C/c1ccc(Cl)c(Cl)c1)NCCCCCN1CCC(c2c[nH]c3ccc(O)cc23)CC1,7.7001
O=C1CC(CN2CCN(c3ccccn3)CC2)Cc2ccccc21,6.0100
COc1cc2c(cc1OC)C(=O)CC(CN1CCC(C(=O)c3ccc(F)cc3)CC1)C2,8.2200
COc1ccc2c(c1)CC(CN1CCN(c3ccccc3OC)CC1)CC2=O,6.0500
O=C1CC(CN2CCC(C(=O)c3ccc(F)cc3)CC2)Cc2ccccc21,8.2300
COc1cc2c(cc1OC)C(=O)CC(CN1CCC(c3noc4cc(F)ccc34)CC1)C2,8.0200
CN(C)CCSc1nc2ccccc2s1,6.0000
CN(C)CCSc1cccc(C2CCCCC2)n1,6.6383
CN(C)CCSC(C)(C)C,7.0000
COc1ccc2c(c1)CC(CN1CCC(c3noc4cc(F)ccc34)CC1)CC2=O,7.5800
COc1ccccc1N1CCN(CC2CC(=O)c3ccccc3C2)CC1,6.2900
CN(C)CCSc1nc(C(C)(C)C)cs1,5.9208
CN1CCN(C2=Cn3cccc3Sc3ccccc32)CC1,8.9586
O=C1CC(CN2CCC(c3noc4cc(F)ccc34)CC2)Cc2ccccc21,8.5600
CN(C)CCSc1cccc(-c2ccccc2)n1,6.4949
CN(C)CCSc1cccc(Br)n1,6.5686
CN(C)CCSc1nc(-c2ccccc2)cs1,6.1938
COc1cc2c(cc1OC)C(=O)CC(CN1CCN(c3ccccc3OC)CC1)C2,5.6300
CN(C)CCSc1cccc(C2(O)CCCCC2)n1,6.3188
COc1ccc2c(c1)CC(CN1CCC(C(=O)c3ccc(F)cc3)CC1)CC2=O,7.7899
COc1ccc2c(c1)CC(CN1CCN(c3ccccn3)CC1)CC2=O,6.1600
COc1cc2c(cc1OC)C(=O)CC(CN1CCN(c3ccccn3)CC1)C2,6.1800
Fc1ccc(N2CCN(Cc3c[nH]c4ncccc34)CC2)cc1,6.6341
COc1ccccc1N1CCN(Cc2c[nH]c3ncccc23)CC1,5.6361
Fc1ccccc1N1CCN(Cc2c[nH]c3ncccc23)CC1,6.6162
C=Cc1ccc(N2CCN(Cc3c[nH]c4ncccc34)CC2)cc1,6.2933
c1ccc(-c2ccc(N3CCN(Cc4c[nH]c5ncccc45)CC3)cc2)cc1,5.7140
FC(F)(F)c1ccc(N2CCN(Cc3c[nH]c4ncccc34)CC2)cc1,5.5542
Clc1ccc(N2CCN(Cc3c[nH]c4ncccc34)CC2)cc1,6.5214
CCc1ccc(N2CCN(Cc3c[nH]c4ncccc34)CC2)cc1,6.2027
CCCN1CCN(Cc2ccccc2)CC12COc1cccc(OC)c1C2,4.6100
O=C1CC2(CCCC2)CC(=O)N1CCCCNCC1COc2ccccc2C1,7.2500
CCCN(CCCCN1C(=O)CC2(CCCC2)CC1=O)CC1COc2cccc(OC)c2C1,5.1100
CCCN1CCN(CCCCN2C(=O)CC3(CCCC3)CC2=O)CC12COc1cccc(OC)c1C2,4.9500
COc1cccc2c1CC(CNCCCCN1C(=O)CC3(CCCC3)CC1=O)CO2,7.3100
CCCN(CCC)CC1COc2cccc(OC)c2C1,4.8000
CCCN(CCC)CC1(N(CCC)CCC)COc2cccc(OC)c2C1,3.6700
CCCN1CCN(CCC)C2(COc3cccc(OC)c3C2)C1,5.0000
CCCN(CCCCN1C(=O)CC2(CCCC2)CC1=O)C1COc2cccc(OC)c2C1,6.0000
COC[C@H]1CCCN1CCc1c(-c2ccccc2)[nH]c2ccccc12,5.5229
CCN(C)CCc1c(-c2cc(C(F)(F)F)cc(C(F)(F)F)c2)[nH]c2ccccc12,9.7212
CCN(C)CCc1c(-c2cccs2)[nH]c2ccccc12,8.7696
Cc1c(S(=O)(=O)Nc2ccc3nccc(N4CCN(C)CC4)c3c2)sc2ccc(Cl)cc12,6.0000
CN(C)CCc1c(-c2ccccc2)[nH]c2ccccc12,8.3565
CCN(C)CCc1c(-c2ccccc2F)[nH]c2ccccc12,9.5229
CCN(C)CCc1c(-c2cccc(C(F)(F)F)c2)[nH]c2ccccc12,9.8861
O=S(=O)(Nc1ccc2nccc(N3CCNCC3)c2c1)c1ccc(-c2ccccc2)cc1,6.3000
CCN(C)CCc1c(-c2ccccc2)[nH]c2ccccc12,9.8539
CCN(C)CCc1c(-c2ccc(F)cc2)[nH]c2ccccc12,9.3665
CCN(C)CCc1c(-c2cccc([N+](=O)[O-])c2)[nH]c2ccccc12,9.8539
O=S(=O)(Nc1ccc2nccc(N3CCNCC3)c2c1)c1ccc2c(Cl)cccc2c1,6.0000
c1ccc(-c2[nH]c3ccccc3c2CCN2CCCC2)cc1,8.0458
CCN(C)CCc1c(-c2ccc(C#N)cc2)[nH]c2ccccc12,8.5850
COC[C@@H]1CCCN1CCc1c(-c2ccccc2)[nH]c2ccccc12,9.5850
C[C@H]1CCCCN1CCc1c(-c2ccccc2)[nH]c2ccccc12,8.3979
CCN(CC)CCc1c(-c2ccccc2)[nH]c2ccccc12,8.5528
CCN(C)CCc1c(-c2ccc(Cl)cc2)[nH]c2ccccc12,8.4559
c1ccc(-c2[nH]c3ccccc3c2CCN2CCC2)cc1,7.3565
CCN(C)CCc1c(-c2cccc(F)c2)[nH]c2ccccc12,10.0969
C[C@@H]1CCCCN1CCc1c(-c2ccccc2)[nH]c2ccccc12,9.7447
Clc1ccccc1-c1cccc2c1N1CCNCCC1C2,7.0862
CCOc1ccc(-c2cc(Cl)cc3c2N2CCNCCC2C3)cc1,6.7399
Clc1ccc(Cl)c(-c2cc(Cl)cc3c2N2CCNCCC2C3)c1,7.1549
COc1cc2c(cc1C(F)(F)F)N(C(=O)Nc1cccc(-c3cccnc3)c1)CC2,6.7000
Fc1ccccc1-c1cc(Cl)cc2c1N1CCNCCC1C2,6.8508
COc1cc2c(cc1C(F)(F)F)N(C(=O)Nc1ccc(Oc3cccnc3C)nc1)CC2,6.1000
CCOc1ccccc1-c1cc(Cl)cc2c1N1CCNCCC1C2,6.6615
COc1cc2c(cc1C(F)(F)F)N(C(=O)Nc1ccc(Oc3cccnc3)nc1)CC2,7.0000
CCCN1CCc2cc3ccccc3n2CC1,7.2518
O=Cc1c2n(c3ccccc13)CCNCC2,7.5376
Clc1cc2c(c(-c3ccccc3Cl)c1)N1CCNCCC1C2,6.9914
COc1cc2c(cc1C(F)(F)F)N(C(=O)Nc1ccc(C)c(-c3cccnc3)c1)CC2,5.3000
COc1cc2c(cc1C(F)(F)F)N(C(=O)Nc1cncc(-c3ccc(F)cc3)c1)CC2,6.6000
COC1Cc2ccccc2C2(CCN(CCCc3ccccc3)CC2)O1,6.3372
N#Cc1c2n(c3ccccc13)CCNCC2,7.0809
Cc1ccccc1-c1cc(Cl)cc2c1N1CCNCCC1C2,7.0555
COc1cc2c(cc1C(F)(F)F)N(C(=O)Nc1cncc(-c3ccncc3)c1)CC2,7.2000
COc1cc2c(cc1C(F)(F)F)N(C(=O)Nc1cccc(-c3c(C)ccnc3C)c1)CC2,6.7000
CCN1CCc2cc3ccccc3n2CC1,7.5229
FC(F)(F)c1ccccc1-c1cccc2c1N1CCNCCC1C2,7.1587
CSc1cc2c(cc1C(F)(F)F)N(C(=O)Nc1cccc(-c3ccncc3)c1)CC2,6.8000
COC1Cc2ccccc2C2(CCN(Cc3ccccc3)CC2)O1,5.1805
c1ccc2c(c1)CC1CCNCCN21,6.0942
COc1cc2c(cc1C(F)(F)F)N(C(=O)Nc1cc(-c3cccnc3)ccc1F)CC2,5.1000
COc1cc2c(cc1C(F)(F)F)N(C(=O)Nc1cc(F)c(C)c(-c3cccnc3)c1)CC2,5.8000
Cn1c2c(c3ccccc31)CCNCC2,7.6300
O=C(c1c2n(c3ccccc13)CCNCC2)C(F)(F)F,7.3979
CN(C)CCc1c[nH]c2ccsc12,6.5591
COc1cc2c(cc1C(F)(F)F)N(C(=O)Nc1cncc(-c3ccccc3)c1)CC2,5.8000
Cc1c2n(c3ccccc13)CCNCC2,7.9208
NC(=O)C(=O)c1c2n(c3ccccc13)CCNCC2,6.5003
CCOc1ccccc1-c1ccc2c(c1)N1CCNCCC1C2,5.8011
CCc1cc(NC(=O)N2CCc3cc(OC)c(C(F)(F)F)cc32)cc(-c2cccnc2)c1,6.7000
c1cc2c3c(c1)c1c(n3CCO2)CCNCC1,8.3872
NC(=O)c1c2n(c3ccccc13)CCNCC2,7.3372
CCOc1cccc(-c2cc(Cl)cc3c2N2CCNCCC2C3)c1,6.6326
O=C1NCN(c2ccccc2)C12CCN(CCCOc1ccc(F)cc1)CC2,8.6613
CCOc1ccccc1-c1cccc2c1N1CCNCCC1C2,6.3391
Clc1ccc(-c2cc(Cl)cc3c2N2CCNCCC2C3)c(Cl)c1,6.3706
COc1cc2c(cc1C(F)(F)F)N(C(=O)Nc1cccc(-c3ccccn3)c1)CC2,6.3000
CCOc1ccccc1-c1cc(Cl)cc2cc3n(c12)CCNCC3,7.4949
COc1cc2c(cc1C(F)(F)F)N(C(=O)Nc1cccc(-c3cnccc3C)c1)CC2,6.6000
Clc1c2n(c3ccccc13)CCNCC2,8.1871
COc1cc2c(cc1C(F)(F)F)N(C(=O)Nc1cncc(-c3cc(F)cc(F)c3)c1)CC2,5.9000
CSc1cc2c(cc1C(F)(F)F)N(C(=O)Nc1cccc(-c3cccnc3)c1)CC2,7.1000
CN1CCc2cc3ccccc3n2CC1,7.5528
Fc1ccc(-c2cc(Cl)cc3c2N2CCNCCC2C3)cc1,6.8356
COc1cc2c(cc1C(F)(F)F)N(C(=O)Nc1ccc(Cl)c(-c3cccnc3)c1)CC2,5.9000
c1ccc2c3c([nH]c2c1)CCNCC3,8.0000
Cc1cc2c(cc1C(F)(F)F)N(C(=O)Nc1ccc(Oc3cccnc3C)nc1)CC2,6.8000
CN(C)CCc1c[nH]c2ccccc12,7.6536
COc1cc2c(cc1C(F)(F)F)N(C(=O)Nc1cccc(-c3cccnc3)c1Cl)CC2,6.6000
COc1cc2c(cc1C(F)(F)F)N(C(=O)Nc1ccc(-c3cccnc3)cc1)CC2,5.4000
CC(C)NC(=O)N(C1CCCCCCC1)C1CCN(CCCOc2ccc(F)cc2)CC1,7.1000
COc1cc2c(cc1C(F)(F)F)N(C(=O)Nc1cncc(-c3cccnc3)c1)CC2,7.2000
CN(C)CCc1c[nH]c2sccc12,6.9747
COc1cc2c(cc1C(F)(F)F)N(C(=O)Nc1cc(-c3ccccc3)cc(-c3cccnc3)c1)CC2,6.2000
COc1cc2c(cc1C(F)(F)F)N(C(=O)Nc1cncc(-c3cnccc3C)c1)CC2,7.0000
c1ccc2c(c1)cc1n2CCNCC1,7.7447
CCC(=O)N(C1CCCCCCC1)C1CCN(CCCOc2ccc(F)cc2)CC1,7.7995
COc1cc2c(cc1C(F)(F)F)N(C(=O)Nc1cc(F)cc(-c3cccnc3)c1)CC2,6.9000
COc1ccc(Cl)cc1-c1cc(Cl)cc2c1N1CCNCCC1C2,6.1215
COc1cc2c(cc1C(F)(F)F)N(C(=O)Nc1cccc(-c3cccnc3C)c1)CC2,6.3000
COc1cc2c(cc1C(F)(F)F)N(C(=O)Nc1cccc(-c3cccnc3)c1C)CC2,6.4000
COc1cc2c(cc1C(F)(F)F)N(C(=O)Nc1ccc(C(C)(C)C)c(-c3cccnc3)c1)CC2,6.0000
Cc1ccccc1-c1cccc2c1N1CCNCCC1C2,6.7927
COc1ccc(NC(=O)N2CCc3cc(OC)c(C(F)(F)F)cc32)cc1-c1cccnc1,6.7000
COc1cc2c(cc1C(F)(F)F)N(C(=O)Nc1cccnc1)CC2,6.0000
COc1cc2c(cc1C(F)(F)F)N(C(=O)Nc1cc3c(c(-c4cccnc4)c1)OCC3)CC2,6.6000
COc1ccc2c(c1)cc1n2CCNC1,5.6329
CCOc1ccc(CCOC(=O)N2CCN(CCCc3ccccc3)CC2)cc1,6.0088
OC(c1ccc(F)cc1)C1CCN(CCc2cccc(I)c2)CC1,7.8827
O=C(c1ccc(F)cc1)C1CCN(Cc2ccccc2I)CC1,6.7190
O=C(Nc1cccnc1)N1CCc2cc(I)c(Cl)cc21,7.0000
CCSc1cc2c(cc1C(F)(F)F)N(C(=O)Nc1cccnc1)CC2,5.5000
CNC(=O)c1ccc2c(c1)CCO[C@H]2CCN1CCN(c2ccc(OC)cc2)CC1,6.7747
CN(C)CCn1ccc2cc(F)c(F)cc21,6.4160
COc1cc2c(cc1C(F)(F)F)N(C(=O)Nc1cnc(Oc3cccnc3C)cc1C)CC2,6.2000
COc1cc2c(cc1C(F)(F)C(F)(F)F)N(C(=O)Nc1cccnc1)CC2,5.4000
O=C(CCc1ccc(F)cc1)N1CCN(CCCC(c2ccc(F)cc2)c2ccc(F)cc2)CC1,5.9872
N#Cc1ccc(CCOC(=O)NC2CCN(CCCC(c3ccc(F)cc3)c3ccc(F)cc3)CC2)cc1,6.1656
O=C(c1ccc(F)cc1)C1CCN(CCc2ccc(I)cc2)CC1,8.4413
OC(c1ccc(F)cc1)C1CCN(CCc2ccc(F)cc2)CC1,8.7878
O=C(Nc1cccnc1)N1CCc2cc(Cl)c(C(F)(F)F)cc21,6.8000
CC(=O)c1cc2c(cc1C(F)(F)F)N(C(=O)Nc1cccnc1)CC2,5.5000
CCc1cc2c(cc1C(F)(F)F)N(C(=O)Nc1ccc(Oc3cccnc3C)nc1)CC2,6.3000
Cc1cc2c(cc1Cl)CCN2C(=O)Nc1ccc(Oc2cccnc2C)nc1,6.8000
N#Cc1ccc(CCOC(=O)N2CCN(CCCC(c3ccc(F)cc3)c3ccc(F)cc3)CC2)cc1,6.1457
O=C1N[C@@H](Cc2ccc3[nH]cc(CCN4CC[C@@H](CNCc5ccccc5)C4)c3c2)CO1,5.5229
O=C(Nc1cccnc1)N1CCc2cc(Br)cc([N+](=O)[O-])c21,5.4000
Cc1cc2c(cc1Br)N(C(=O)Nc1ccc(Oc3cccnc3C)nc1)CC2,6.8000
Cc1cc2c(cc1Cl)N(C(=O)Nc1ccc(Oc3cccnc3Cl)nc1)CC2,7.0000
Cc1cc2c(cc1C(F)(F)F)N(C(=O)Nc1ccc(Oc3cccnc3C)nn1)CC2,6.4000
OC(c1ccc(F)cc1)C1CCN(CCc2ccccc2I)CC1,9.0410
Clc1cccc2cc3n(c12)CCNC3,6.3411
Clc1ccc2c(c1)cc1n2CCNC1,6.1361
Cc1ncccc1Oc1ccc(NC(=O)N2CCc3c2ccc(Cl)c3Cl)cn1,5.5000
C[C@H](NC[C@@H]1CCN(CCc2c[nH]c3ccc(C[C@H]4COC(=O)N4)cc23)C1)c1ccccc1,5.6576
Cc1cc2c(cc1I)N(C(=O)Nc1cccnc1)CC2,7.2003
CCc1cc2c(cc1Cl)N(C(=O)Nc1cccnc1)CC2,6.4000
COc1cccc2cc3n(c12)CCNC3,6.2614
CN(C)CCn1ccc2ccccc21,6.2045
Cc1ncccc1Oc1ccc(NC(=O)N2CCc3c2cc(Cl)c(C)c3Cl)cn1,7.2000
O=[N+]([O-])c1ccc(C(O)C2CCN(CCc3ccccc3)CC2)cc1,8.9393
O=C(c1ccc([N+](=O)[O-])cc1)C1CCN(CCc2ccccc2)CC1,8.0297
CSc1c(Cl)cc2c(c1Cl)CCN2C(=O)Nc1cccnc1,7.2000
CC(C)(C)c1cc2c(cc1Cl)N(C(=O)Nc1cccnc1)CC2,6.2000
CNC(=O)c1ccc2c(c1)CCO[C@@H]2CCN1CCN(c2ccc(OC)cc2)CC1,6.2321
COc1c2n(c3ccc(Cl)cc13)CCNC2,7.0540
Cc1c2n(c3ccc(Cl)cc13)CCNC2,5.9031
Cc1ncccc1Oc1ccc(NC(=O)N2CCc3ccc(Cl)cc32)cn1,6.5002
CSc1cc2c(cc1Br)CCN2C(=O)Nc1cccnc1,5.6000
Cc1ncccc1Oc1ccc(NC(=O)N2CCc3c2cc(C(F)(F)F)c2c3CCO2)cn1,6.3000
CCOc1ccc(CCNC(=O)N2CCN(CCCC(c3ccc(F)cc3)c3ccc(F)cc3)CC2)cc1,6.6364
CC(N)Cn1ccc2ccc3ccccc3c21,7.4202
O=C(Nc1cccnc1)N1CCc2cc(-c3ccccc3)ccc21,5.3000
CSc1ccc2c(c1)CCN2C(=O)Nc1cccnc1,5.4000
O=C(Nc1cccnc1)N1CCc2ccc(C(F)(F)F)cc21,6.3000
O=C(Nc1cccnc1)N1CCc2c1ccc(Cl)c2Cl,6.2000
O=C(Nc1cccnc1)N1CCc2cc(-c3ccccc3)c(Cl)cc21,5.4000
Cc1ncccc1Oc1ccc(NC(=O)N2CCc3cc(Cl)c(Cl)cc32)cn1,6.6002
O=C(c1ccc(F)cc1)C1CCN(Cc2cccc(I)c2)CC1,7.8962
O=C(Nc1cccnc1)N1CCc2c(Cl)cccc21,5.4000
O=C(Nc1cccnc1)N1CCc2cc(OCC3CC3)c(C(F)(F)F)cc21,5.4000
COc1ccc2ccn(CCN(C)C)c2c1,5.9830
Cc1cc2c(cc1Cl)N(C(=O)Nc1ccc(Oc3cccnc3C(C)C)nc1)CC2,6.1000
Cc1cc2c(cc1C(F)(F)F)N(C(=O)Nc1ccc(Oc3cncnc3C)nc1)CC2,7.1000
Cc1cc2c(cc1Cl)N(C(=O)Nc1cnc(Oc3cccnc3C)c(C)c1)CC2,6.9000
Cc1cc2c(cc1C(F)(F)F)N(C(=O)Nc1cnc(Oc3cccnc3C)cn1)CC2,6.2000
O=C(Nc1cccnc1)N1CCc2cc(Cl)c(Cl)cc21,6.6002
CCOc1cc2c(cc1C(F)(F)F)N(C(=O)Nc1cccnc1)CC2,5.8000
COc1ccc(N2CCN(CC[C@@H]3OCCc4cc(C(N)=O)ccc43)CC2)cc1,6.6055
Clc1ccc2cc3n(c2c1)CCNC3,7.1667
Cc1cc2c(cc1F)N(C(=O)Nc1ccc(Oc3cccnc3C)nc1)CC2,6.1000
O=C(c1ccc(F)cc1)C1CCN(CCn2c(=S)[nH]c3ccccc3c2=O)CC1,9.7045
O=C(CCCc1ccccc1)N1CCN(CCCC(c2ccc(F)cc2)c2ccc(F)cc2)CC1,6.0223
Cc1c(Cl)cc2c(c1Cl)CCN2C(=O)Nc1cccnc1,7.5000
CCCc1cc2c(cc1Cl)N(C(=O)Nc1cccnc1)CC2,5.9000
CCOc1cc2c(cc1Cl)N(C(=O)Nc1cccnc1)CC2,5.4000
CSc1cc2c(cc1Br)N(C(=O)Nc1cccnc1)CC2,6.3000
COc1cc2c(cc1Br)N(C(=O)Nc1cccnc1)CC2,5.8000
CSc1cc2c(cc1C(F)(F)C(F)(F)F)N(C(=O)Nc1cccnc1)CC2,5.6000
O=C(c1ccc(F)cc1)C1CCN(CCc2ccccc2I)CC1,8.7100
O=C(Nc1cccnc1)N1CCc2cc(C(F)(F)F)ccc21,5.9000
Cc1ccc2c(c1)CCN2C(=O)Nc1cccnc1,5.3000
Cc1ccc2c(c1I)CCN2C(=O)Nc1cccnc1,5.6000
COc1cc(Br)c2c3c1C[C@H](N)C[C@H]3CO2,5.0706
c1ccc2c(c1)cc1n2CCNC1,6.0901
Cc1cc2c(cc1Cl)CCN2C(=O)Nc1cccnc1,6.4001
O=C(c1ccc(F)cc1)C1CCN(CCc2ccc(F)cc2)CC1,8.0205
CC(C)c1ccc2c(c1)CCN2C(=O)Nc1cccnc1,5.7000
COc1ccc(N2CCN(CC[C@H]3OCCc4cc(C(N)=O)ccc43)CC2)cc1,6.6576
Cc1cc2c(cc1Cl)N(C(=O)Nc1ccc(Oc3cnccc3C)nc1)CC2,8.1000
Cc1cc2c(cc1C(F)(F)F)N(C(=O)Nc1cnc(Oc3cccnc3C)c(Cl)c1)CC2,6.6000
O=C(OCCc1ccc(F)cc1)N1CCN(CCCC(c2ccc(F)cc2)c2ccc(F)cc2)CC1,5.9747
c1ccc(CNC[C@@H]2CCN(CCc3c[nH]c4ccc(-n5cnnc5)cc34)C2)cc1,5.3565
COc1ccc(N2CCN(CCC3OCCc4cc(C(N)=O)ccc43)CC2)cc1,6.8539
C[C@H](N)Cn1ccc2cc(F)c(F)cc21,7.2045
Cc1ncccc1Oc1ccc(NC(=O)N2CCc3cc(C(F)(F)F)ccc32)cn1,5.6000
N#Cc1ccc(CCOC(=O)N2CCN(CCCc3ccccc3)CC2)cc1,6.0685
O=C(c1ccc(F)cc1)C1CCN(Cc2ccc(I)cc2)CC1,6.6440
Cc1ccc2c(c1Br)CCN2C(=O)Nc1cccnc1,6.8998
CC(C)(C)c1ccc2c(c1Cl)CCN2C(=O)Nc1cccnc1,6.2000
CSc1ccc2c(c1Cl)CCN2C(=O)Nc1cccnc1,5.3000
Cc1cc2c(cc1Br)N(C(=O)Nc1cccnc1)CC2,7.2003
CSc1cc2c(cc1C#N)N(C(=O)Nc1cccnc1)CC2,5.6000
CC(C)c1cc2c(cc1Cl)N(C(=O)Nc1cccnc1)CC2,5.7000
CSc1cc2c(cc1I)N(C(=O)Nc1cccnc1)CC2,6.3000
COc1ccc(N2CCN(CCC3OCCc4ccccc43)CC2)cc1,7.1192
COc1ccc2cc3n(c2c1)CCNC3,5.5854
CC(CN)n1ccc2ccc3ccccc3c21,5.3665
Cc1cc2c(cc1Cl)N(C(=O)Nc1cnc(Oc3cccnc3C)c(Cl)c1)CC2,6.9000
O=C(c1ccc(F)cc1)C1CCN(CCc2cccc(I)c2)CC1,9.2924
Cc1ncccc1Oc1ccc(NC(=O)N2CCc3cc(I)ccc32)cn1,5.8000
CCc1ncccc1Oc1ccc(NC(=O)N2CCc3cc(C)c(Cl)cc32)cn1,6.7000
CCCc1ncccc1Oc1ccc(NC(=O)N2CCc3cc(C)c(Cl)cc32)cn1,6.8000
OC(c1ccc(F)cc1)C1CCN(CCc2ccc(I)cc2)CC1,7.4935
O=C(Nc1cccnc1)N1CCc2cc(Cl)ccc21,5.6000
O=C(Nc1cccnc1)N1CCc2ccc(Cl)cc21,6.1001
CC(N)Cc1c[nH]c2ccc3ccccc3c12,8.5229
Cc1ncccc1Oc1ccc(NC(=O)N2CCc3ccc(C(F)(F)F)cc32)cn1,6.8000
COc1cc(Br)c2c3c1C[C@H](N)C[C@@H]3CO2,7.2529
Cc1ncccc1Oc1ccc(NC(=O)N2CCc3cc(F)c(Cl)cc32)cn1,6.3001
Cc1ncccc1Oc1ccc(NC(=O)N2CCc3cc(Br)c(C(F)(F)F)cc32)cn1,6.9000
CNS(=O)(=O)Cc1ccc2[nH]cc(CCN3CC[C@@H](CNCc4ccccc4)C3)c2c1,5.2366
CSc1cc2c(cc1C(F)(F)F)N(C(=O)Nc1ccc(Oc3cccnc3C)nc1)CC2,6.6000
Cc1cc2c(cc1Cl)N(C(=O)Nc1ccc(Oc3cnccc3Cl)nc1)CC2,7.8000
O=C(Nc1cccnc1)N1CCc2ccc(Cl)c(Cl)c21,5.3000
CSc1cc2c(cc1OC(F)(F)F)N(C(=O)Nc1cccnc1)CC2,5.5000
CC(C)Sc1cc2c(cc1C(F)(F)F)N(C(=O)Nc1cccnc1)CC2,5.3000
Cc1cc2c(cc1Cl)N(C(=O)Nc1ccc(Oc3cccnc3C)nn1)CC2,5.8000
COC(=O)c1cc2c(cc1Cl)N(C(=O)Nc1cccnc1)CC2,5.2000
CC(C)Oc1cc2c(cc1C(F)(F)F)N(C(=O)Nc1cccnc1)CC2,5.8000
C[C@@H](N)Cc1c2c(c(Br)c3c1OCC3)OCC2,8.6447
CN1CCC(c2c[nH]c3ccc(NC(=O)c4ccc(F)cc4)nc23)CC1,5.3188
CCC(=O)Nc1ccc2[nH]cc(C3CCN(C)CC3)c2n1,5.4685
COc1cc(OC)c(C(=O)CCCCN2CCC3(CC2)NC(=O)NC3=O)cc1NS(=O)(=O)c1cccc(Cl)c1,5.7000
CN1C[C@@H](NS(=O)(=O)N(C)C)C[C@@H]2c3cccc4c3c(cn4C)C[C@H]21,7.7001
COc1cc(OC)c(C(=O)CCCCN2CCC3(CC2)NC(=O)NC3=O)cc1NS(=O)(=O)c1ccc(C#N)cc1,6.1000
COc1ccc(-c2ccccc2)cc1C(=O)CCCCN1CCC2(CC1)NC(=O)NC2=O,9.0000
COc1cc(OC)c(C(=O)CCCCN2CCC3(CC2)NC(=O)NC3=O)cc1NS(=O)(=O)c1ccc(C)cc1,5.6000
COc1cc(OC)c(C(=O)CCCCN2CCC3(CC2)NC(=O)NC3=O)cc1NS(=O)(=O)c1ccc(C(F)(F)F)cc1,6.2000
COc1cc(OC)c(-c2ccccc2)cc1C(=O)CCCCN1CCC2(CC1)NC(=O)NC2=O,6.4000
COc1ccc(OC)c(C(=O)CCCCN2CCC3(CC2)NC(=O)NC3=O)c1,7.7001
Cc1[nH]c2cccc(NC(=O)c3ccc(F)cc3)c2c1CCN(C)C,6.0000
Fc1ccc(OC[C@@H]2CC[C@H]3CN(c4ncc(F)cn4)CCN3C2)cc1,6.5625
Nc1ccc(S(=O)(=O)c2cc(Br)nc(N3CCCC3)c2)cc1,5.8400
COc1cc(OC)c(C(=O)CCCCN2CCC3(CC2)NC(=O)NC3=O)cc1NS(=O)(=O)c1ccc(C(C)C)cc1,5.9000
COc1cc(OC)c(C(=O)CCCCN2CCC3(CC2)NC(=O)NC3=O)cc1NS(=O)(=O)c1ccccc1,5.5000
COc1cc(OC)c(C(=O)CCCCN2CCC3(CC2)NC(=O)NC3=O)cc1NS(=O)(=O)c1ccc(Cl)cc1,6.1000
COc1ccc(Cl)cc1C(=O)CCCCN1CCC2(CC1)NC(=O)NC2=O,7.9000
COc1cc(Cl)ccc1C(=O)CCCCN1CCC2(CC1)NC(=O)NC2=O,6.9000
O=C(CCCN1CCC2(CC1)C(=O)NCN2c1ccccc1)c1ccc(F)cc1,8.5346
COc1ccc(S(=O)(=O)Nc2cc(C(=O)CCCCN3CCC4(CC3)NC(=O)NC4=O)c(OC)cc2OC)cc1,5.7000
COc1cc(Cl)c(Cl)cc1C(=O)CCCCN1CCC2(CC1)NC(=O)NC2=O,8.2000
COc1cc(OC)c(C(=O)CCCCN2CCC3(CC2)NC(=O)NC3=O)cc1NS(=O)(=O)c1ccc(OC(F)(F)F)cc1,6.0000
CCCN1CCC(COc2nc3ccccc3c3c2CCCN3)CC1,5.3010
CCOc1ccccc1Cc1c(N)nc(SCCN2CCN(Cc3cccc(C(F)(F)F)c3)CC2)nc1N,7.1555
Nc1nc(SCCN2CCN(Cc3ccccc3Cl)CC2)nc(N)c1Cc1ccccc1O,7.6421
COc1ccc(Cc2c(N)nc(SCCN3CCN(Cc4ccccc4C)CC3)nc2N)cc1,7.9393
CC(C)Oc1ccccc1Cc1c(N)nc(SCCN2CCN(Cc3cccc(C(F)(F)F)c3)CC2)nc1N,6.9183
Nc1nc(SCCN2CCN(Cc3ccccc3Cl)CC2)nc(N)c1Cc1ccccc1,7.7375
COc1ccc(Cc2c(N)nc(SCCN3CCN(Cc4ccccc4Cl)CC3)nc2N)cc1,8.2441
Nc1nc(SCCN2CCN(Cc3ccccc3Cl)CC2)nc(N)c1Cc1ccccc1Cl,7.9281
COc1ccccc1Cc1c(N)nc(SCCN2CCN(Cc3cccc(C(F)(F)F)c3)CC2)nc1N,7.2190
Nc1nc(SCCN2CCN(Cc3ccccc3C(F)(F)F)CC2)nc(N)c1Cc1ccccc1,7.2140
COc1cc(Cc2c(N)nc(SCCN3CCN(Cc4ccccc4Cl)CC3)nc2N)cc(OC)c1OC,8.3665
COc1cccc(Cc2c(N)nc(SCCN3CCN(Cc4cccc(C(F)(F)F)c4)CC3)nc2N)c1,7.3507
Nc1nc(SCCN2CCN(Cc3cccc(C(F)(F)F)c3)CC2)nc(N)c1Cc1ccccc1O,7.0306
COc1ccccc1Cc1c(N)nc(SCCN2CCN(Cc3ccccc3C(F)(F)F)CC2)nc1N,7.3215
COc1ccc(Cc2c(N)nc(SCCN3CCN(Cc4ccc(C)cc4)CC3)nc2N)cc1,7.9031
CC(N)Cn1ccc2c1-c1cc(F)ccc1C2(C)C,7.5000
CC(N)Cn1ccc2c1-c1cc(F)ccc1C2,6.7000
COc1ccc2c(c1)-c1c(ccn1C[C@@H](C)N)C2,6.9000
Cc1ccc2ccn(CC(C)N)c2c1,6.1000
CN(C)CC1CC2c3ccccc3Cc3c(F)cccc3N2O1,7.6200
CC1(C)Cc2c(c3cccc4c3n2CCNC4)C(C)(C)C1,6.8182
CN(C)CC1CC2c3ccccc3Cc3cccc(Cl)c3N2O1,7.4900
CN(C)CC1CC2c3ccccc3Cc3ccc(F)cc3N2O1,8.9401
CN(C)CC1CC2c3cc(F)ccc3Cc3ccc(F)cc3N2O1,7.9698
C[C@@H](N)Cn1ccc2cc(F)c(F)cc21,7.0000
Cc1cccc2c1C1CC(CN(C)C)ON1c1ccccc1C2,7.3200
Cc1cc2c3c(c1)c1c(n3CCNC2)CCCC1,5.9097
CN(C)CC1CC2c3cccc(C(F)(F)F)c3Cc3ccccc3N2O1,6.0000
CC(N)Cc1c[nH]c2ccc(F)cc12,7.6360
c1cc2c3c(c1)c1c(n3CCNC2)CCC1,6.0353
C[C@@H]1Cn2c3c(c4cccc(c42)CN1)CCCC3,5.8072
CC(N)Cn1ccc2cc(Cl)c(F)cc21,7.4000
COc1ccc2c(c1)-c1c(ccn1C[C@H](C)N)C2,6.9000
Cc1cccc2c1Cc1ccccc1C1CC(CN(C)C)ON21,7.0400
CN(C)CC1CC2c3ccccc3Cc3cc(F)ccc3N2O1,8.1600
Cc1ccc2c(c1)N1OC(CN(C)C)CC1c1ccccc1C2,8.5100
CN(C)CC1CC2c3ccccc3Cc3ccc(-c4ccccc4)cc3N2O1,7.6499
Cc1cccc2c1ccn2CC(C)N,7.0000
C[C@H](N)Cn1ccc2c(Cl)c(F)ccc21,7.4000
Cc1cc2c3c(c1)c1c(n3CCNC2)CCC1,5.5967
c1cc2c3c(c1)c1c(n3CCNC2)CCCCCC1,5.8188
O=S(=O)(c1ccc2cc[nH]c2c1)N1CCC[C@@H]1CCN1CCC(Oc2ccc(Cl)cc2)CC1,7.2000
CC(N)Cn1ccc2cc(Cl)ccc21,6.6995
COc1ccc2c(c1)C1CC(CN(C)C)ON1c1ccccc1C2,6.5200
C[C@@H](N)Cn1ccc2cc(F)c(Cl)cc21,7.1000
COc1ccc2c(c1)-c1c(ccn1CC(C)N)C2(C)C,8.0000
Cc1ccc2c(c1)Cc1ccccc1N1OC(CN(C)C)CC21,7.9801
CN(C)CC1CC2c3cccc(F)c3Cc3ccccc3N2O1,7.5000
COc1ccc2c(c1)Cc1ccn(CC(C)N)c1-2,6.4000
CC(N)Cn1ccc2c1-c1cc(Cl)ccc1C2,6.7000
CN(C)CC1CC2c3c(cccc3C(F)(F)F)Cc3ccccc3N2O1,7.1700
CC(N)Cn1ccc2c(F)cccc21,6.8000
Cc1ccc2c(ccn2CC(C)N)c1,6.1001
CC(N)Cn1ccc2cc(F)ccc21,6.7993
CC(N)Cn1ccc2ccc(F)cc21,6.6002
COc1cccc2c1Cc1ccn(CC(C)N)c1-2,5.5000
COc1cccc2c1-c1c(ccn1CC(C)N)C2,6.4000
CC(N)Cn1ccc2cc(Br)ccc21,6.7993
CN(C)CC1CC2c3cc(F)ccc3Cc3ccccc3N2O1,7.2700
COc1ccc2c(c1)-c1c(ccn1CC(C)N)C2,6.9000
Cc1ccc2c(c1)-c1c(ccn1CC(C)N)C2(C)C,7.0000
c1cc2c3c(c1)c1c(n3CCNC2)CCCCC1,6.7011
CC(N)Cn1ccc2c1-c1cc(Br)ccc1C2,7.0000
C[C@@H](N)Cn1ccc2c(Cl)c(F)ccc21,8.0000
Cc1ccc2c(c1)-c1c(ccn1CC(C)N)C2,7.2000
OC[C@H](NC1CCN(CCCc2c[nH]c3ccc(-n4cnnc4)cc23)CC1)c1ccc(F)cc1,5.9586
CC1SC2(CCCC2)C(=O)N1CCCCN1CCN(c2csc3cc(F)ccc23)CC1,8.2474
CC1SC(C)(C)C(=O)N1CCCCN1CCN(c2csc3cc(F)ccc23)CC1,7.9332
N#Cc1cccc(NC(=O)NCCCN2CCC(Cc3ccc(F)cc3)CC2)c1,6.7773
N#Cc1cccc(NC(=O)NCCCN2CCCC(Cc3ccccc3)C2)c1,5.5317
N#Cc1cccc(NC(=O)NCCCN2CCCC(Cc3ccc(F)cc3F)C2)c1,5.6280
CC(=O)c1cccc(NC(=O)NCCCN2CCC(Cc3ccc(F)cc3)CC2)c1,6.7144
CC(=O)c1cccc(NC(=O)NCCCN2CCC[C@@H](Cc3ccc(F)cc3)C2)c1,5.8697
COc1cccc(NC(=O)NCCCN2CCCC(CCc3ccccc3)C2)c1,6.1040
N#Cc1cccc(NC(=O)NCCCN2CCC(Cc3ccc(F)cc3)C2)c1,6.7496
COc1cccc(NC(=O)NCCCN2CCC(Cc3ccccc3)CC2)c1,6.2125
N#Cc1cccc(NC(=O)NCCCN2CCC(Cc3ccccc3)CC2)c1,6.1135
N#Cc1cccc(NC(=O)NCCCN2CCCC(Cc3ccccc3F)C2)c1,5.6507
COc1cccc(NC(=O)NCCCN2CCCC(Cc3ccccc3)C2)c1,6.0395
COc1cccc(NC(=O)NCCCN2CCC(Cc3ccc(F)cc3)CC2)c1,6.6498
N#Cc1cccc(NC(=O)NCCCN2CCCC(Cc3ccc(F)cc3)C2)c1,5.6364
O=S(=O)(c1ccccc1)C1(F)CCN(CCc2ccc(F)cc2F)CC1,9.1675
O=S(=O)(c1ccc(F)cc1)C1(F)CCN(CCc2ccc(F)cc2F)CC1,9.4089
N#Cc1ccc(S(=O)(=O)C2(F)CCN(CCc3ccc(F)cc3F)CC2)cc1,8.5686
O=C(CN1CCC(S(=O)(=O)c2ccccc2)CC1)c1ccc(F)cc1F,8.6198
O=S(=O)(c1ccc(-n2cccn2)cc1)C1(F)CCN(CCc2ccc(F)cc2F)CC1,8.6990
O=S(=O)(c1ccc(-n2ccnn2)cc1)C1(F)CCN(CCc2ccc(F)cc2F)CC1,9.1805
O=S(=O)(c1cccc(F)c1)C1(F)CCN(CCc2ccc(F)cc2F)CC1,9.5229
O=S(=O)(c1ccc(Cl)cc1)C1(F)CCN(CCc2ccc(F)cc2F)CC1,9.1938
O=S(=O)(c1ccc(N2CCC2)cc1)C1(F)CCN(CCc2ccc(F)cc2F)CC1,9.0000
O=S(=O)(c1ccccc1F)C1(F)CCN(CCc2ccc(F)cc2F)CC1,9.4949
CN1CCN(C2=Cc3ccccc3Cn3cccc32)CC1,8.2676
O=S(=O)(c1ccccc1Cl)n1cc(C2=CCNCC2)c2ccccc21,6.2226
CCN1CCN(c2cc(-c3ccc(F)cc3)c3c(n2)CCC[C@H](O)CC3)CC1,7.7328
CCN1CCN(c2cc(-c3ccc(F)cc3)c3c(n2)CCC[C@@H](O)CC3)CC1,7.8327
CCN1CCN(c2cc(-c3ccc(F)cc3)c3c(n2)CC[C@@H](O)CCC3)CC1,7.7471
CCN1CCN(c2cc(-c3ccc(F)cc3)c3c(n2)CC[C@H](O)CCC3)CC1,8.0146
CCN1CCN(c2cc(-c3ccc(F)cc3)c3c(n2)CCCCCC3)CC1,9.0915
COc1ccc2c(c1)C(C)CNCC2,6.3134
CC1CNCCc2ccccc21,5.7979
CC1CNCCc2c(Cl)cc(Cl)cc21,6.8348
CC1CNCCc2cc(Cl)c(Cl)cc21,7.7480
CC1CNCCc2ccc(Cl)c(Cl)c21,6.6788
CC1CNCCc2cc(F)c(Cl)cc21,7.1713
CC1CNCCc2ccc(Cl)c(F)c21,6.0879
Clc1ccc2c(c1)CCNCC2,7.0229
C[C@H]1CNCCc2ccc(Cl)cc21,6.6656
C[C@@H]1CNCCc2ccc(Cl)cc21,6.5884
C[C@H]1CNCCc2ccc(Cl)c(Cl)c21,5.6099
C[C@@H]1CNCCc2ccc(Cl)c(Cl)c21,6.8848
COc1cc2c(cc1Br)C(C)CNCC2,7.0969
COc1cc2c(cc1Cl)C(C)CNCC2,7.1484
COc1cc2c(cc1I)C(C)CNCC2,7.2147
COc1cc2c(cc1C(F)(F)F)C(C)CNCC2,7.3768
CC1CNCCc2cc(O)c(Br)cc21,7.2007
CCOc1cc2c(cc1Br)C(C)CNCC2,6.9586
CC(C)Oc1cc2c(cc1Br)C(C)CNCC2,7.0132
CC1CNCCc2cc(OCc3ccccc3)c(Br)cc21,7.6576
COc1cc2c(cc1Br)CCNCC2,7.0000
CCC1CNCCc2cc(OC)c(Br)cc21,7.0000
COc1cc2c(cc1Br)[C@@H](C)CNCC2,7.0969
COc1cc2c(cc1Br)[C@H](C)CNCC2,7.5229
CC1CNCCc2ccc(Cl)cc21,6.6425
CC1CNCCc2cc(Cl)ccc21,6.8120
CC1CNCCc2ccc(F)cc21,5.7979
CC1CNCCc2ccc(Br)cc21,6.2962
CC1CNCCc2ccc(C(F)(F)F)cc21,7.0000
CCN(C(=O)Cc1ccc(S(=O)(=O)N(C)C)cc1)C1CCN(CCC(c2ccccc2)c2ccccc2)CC1,6.0969
Cc1cc(N2CCN(C)CC2)nc2ccc(NC(=O)COc3ccc(Cl)cc3)cc12,5.6615
c1ccc2c(N3CCN(CCc4ccc5c(c4)NCN5)CC3)cccc2c1,7.8199
Cc1cccc(N2CCN(CCc3ccc4[nH]nnc4c3)CC2)c1C,8.2900
c1ccc2c(N3CCN(CCc4ccc5[nH]nnc5c4)CC3)cccc2c1,7.9801
COc1ccccc1N1CCN(CCc2ccc3[nH]nnc3c2)CC1,6.8500
Oc1nc2cc(CCN3CCN(c4cccc(C(F)(F)F)c4)CC3)ccc2[nH]1,5.8100
c1ccc(-c2nc3cc(CCN4CCN(c5ccccc5)CC4)ccc3[nH]2)cc1,6.1200
O=C(/C=C/c1ccccc1)N(Cc1ccc(-c2ccc(CNCCc3ccccc3)cc2)cc1)Cc1cccnc1.O=C(O)C(F)(F)F,6.1000
CN(C)CCN(Cc1ccc(-c2ccc(CNCCc3ccccc3)cc2)cc1)C(=O)CCC1CCCC1.O=C(O)C(F)(F)F.O=C(O)C(F)(F)F,6.1000
CN(C)CCN(Cc1ccc(-c2ccc(CNCCc3ccccc3)cc2)cc1)C(=O)/C=C/c1ccccc1.O=C(O)C(F)(F)F,6.4000
C[C@@H]1CNC[C@H]2Cc3ccc(CO)cc3N21,6.5376
Cc1cccc2c1N1[C@@H](CNC[C@H]1C)C2,7.3665
Clc1ccc2c(c1)N1CCNCC1C2,7.4949
Cc1ccc2c(c1C)N1[C@@H](CNC[C@H]1C)C2,7.4685
Cc1ccc2c(c1C)N1[C@H](CNC[C@H]1C)C2,6.9914
C[C@H]1CNC[C@@H]2Cc3ccccc3N21,6.3665
Cc1c(Cl)ccc2c1N1[C@@H](CNC[C@H]1C)C2,8.5850
C[C@@H]1CNC[C@H]2Cc3ccccc3N21,8.7212
Cc1c(Cl)ccc2c1N1[C@H](CNC[C@H]1C)C2,7.5596
Cc1c(Cl)ccc2c1N1CCNC[C@H]1C2,8.2076
C[C@@H]1CNC[C@@H]2Cc3ccccc3N21,7.2372
Cc1c(Cl)ccc2c1N1CCNC[C@@H]1C2,7.2840
Cc1ccc2c(c1)N1[C@@H](CNC[C@H]1C)C2,7.6576
C[C@@H]1CNC[C@H]2Cc3ccc(C(F)(F)F)cc3N21,8.1249
C[C@@H]1CNC[C@H]2Cc3ccc(C#N)cc3N21,6.9586
CC(=O)Nc1ccc2c(c1)N1[C@@H](CNC[C@H]1C)C2,5.9586
CN1CCC[C@@H]1Cc1c[nH]c2ccc(NS(=O)(=O)c3ccccc3Cl)cc12,6.4353
CN1CCC[C@@H]1Cc1c[nH]c2ccc(NS(=O)(=O)c3cccc(Cl)c3)cc12,6.5702
CN(C)C[C@H]1C[C@@H]2c3ccccc3Sc3ccc(F)cc3[C@H]2O1,8.7959
CN1CCN2c3ncccc3Cc3ccccc3C2C1,7.6237
CN(C)C[C@@H]1CC2c3ccccc3Oc3ccc(Cl)cc3[C@H]2O1,7.6576
CN(C)C[C@H]1CC2c3ccccc3Oc3ccc(Cl)cc3[C@H]2O1,8.2218
CN(C)C[C@@H]1CC2c3ccccc3Oc3ccc(Br)cc3[C@H]2O1,7.4202
CN(C)C[C@H]1CC2c3ccccc3Oc3ccc(Br)cc3[C@H]2O1,7.8239
CN(C)C[C@@H]1CC2c3ccccc3Sc3ccc(F)cc3[C@H]2O1,7.8861
CN(C)C[C@H]1CC2c3ccccc3Sc3ccc(F)cc3[C@H]2O1,9.4358
Brc1ccc2c(c1)[C@H]1O[C@H](Cn3oc4ccc(N5CCOCC5)cc43)C[C@H]1c1ccccc1O2,6.5143
CN(C)C[C@H]1C[C@H]2c3ccccc3Oc3ccccc3[C@@H]2O1,7.0362
CN(C)CC1CC2c3ccccc3Oc3ccccc3C2O1,7.7959
CN(C)C[C@H]1C[C@H]2c3ccccc3Oc3ccc(F)cc3[C@H]2O1,6.3737
CN(C)C[C@@H]1C[C@H]2c3ccccc3Oc3ccc(F)cc3[C@H]2O1,6.9830
CN(C)C[C@H]1C[C@H]2c3ccccc3Oc3ccc(Cl)cc3[C@H]2O1,7.9586
CN(C)C[C@@H]1C[C@H]2c3ccccc3Oc3ccc(Cl)cc3[C@H]2O1,8.3010
CN(C)C[C@H]1C[C@H]2c3ccccc3Oc3ccc(Br)cc3[C@H]2O1,7.1871
CN(C)C[C@@H]1C[C@H]2c3ccccc3Oc3ccc(Br)cc3[C@H]2O1,8.5229
COc1ccc2c(c1)[C@H]1O[C@@H](CN(C)C)C[C@H]1c1ccccc1O2,6.7144
COc1ccc2c(c1)[C@H]1O[C@H](CN(C)C)C[C@H]1c1ccccc1O2,7.6576
CCOC(=O)c1ccc2on(C[C@@H]3C[C@H]4c5ccccc5Oc5ccc(Br)cc5[C@H]4O3)c2c1,7.0132
Cc1ccc2on(C[C@@H]3C[C@H]4c5ccccc5Oc5ccc(Br)cc5[C@H]4O3)c2c1,7.4437
Brc1ccc2c(c1)[C@H]1O[C@H](Cn3oc4ccc(-c5ccccc5)cc43)C[C@H]1c1ccccc1O2,6.5129
N#Cc1ccc2on(C[C@@H]3C[C@H]4c5ccccc5Oc5ccc(Br)cc5[C@H]4O3)c2c1,6.7328
O=C1CCN1c1ccc2on(C[C@@H]3C[C@H]4c5ccccc5Oc5ccc(Br)cc5[C@H]4O3)c2c1,6.5143
Brc1ccc2c(c1)[C@H]1O[C@H](Cn3oc4ccc(CN5CCOCC5)cc43)C[C@H]1c1ccccc1O2,6.7235
Nc1ccc2on(C[C@@H]3C[C@H]4c5ccccc5Oc5ccc(Br)cc5[C@H]4O3)c2c1,6.5935
CN(C)c1ccc2on(C[C@@H]3C[C@H]4c5ccccc5Oc5ccc(Br)cc5[C@H]4O3)c2c1,7.0223
COc1ccc(NC(=O)N2CCN(c3ccc(Cl)cc3)CC2)cc1N1CCN(C)CC1,5.9965
COc1ccc(NC(=O)N2CCN(c3ccc(F)cc3)CC2)cc1N1CCN(C)CC1,5.3515
COc1ccc(NC(=O)N2CCN(c3ccc(-c4ccccc4)cc3)CC2)cc1N1CCN(C)CC1,6.7670
COc1ccc(NC(=O)N2CCN(c3ccc(C(F)(F)F)cc3)CC2)cc1N1CCN(C)CC1,6.2118
COc1ccc(NC(=O)N2CCN(c3ccc(SC)cc3)CC2)cc1N1CCN(C)CC1,5.8745
CCc1[nH]c2ccc(OC)cc2c1CCN(C)C,6.2076
Cc1[nH]c2ccc(Cl)cc2c1C1=CCNCC1,6.6198
Cc1cc(OCCN(C)C)nc2ccc(NC(=O)COc3ccc(Cl)cc3Cl)cc12,9.2147
Cc1cc(N(C)CCN(C)C)nc2ccc(NC(=O)/C=C/c3ccc(OC(F)(F)F)cc3)cc12,5.7212
COc1ccc(NC(=O)N2CCN(c3ccccc3OC)CC2)cc1N1CCN(C)CC1,5.1714
COc1ccc(NC(=O)N2CCN(c3ccccc3Cl)CC2)cc1N1CCN(C)CC1,5.2227
O=C1CCc2cccc(CCN3CCN(c4nsc5ccccc45)CC3)c2N1,9.5528
CC1CC(=O)Nc2c(CCN3CCN(c4nsc5ccccc45)CC3)cccc21,9.6576
CC1CC(=O)Nc2c(CCN3CCN(c4nsc5ccccc45)CC3)cc(F)cc21,9.7696
CC1Cc2cccc(CCN3CCN(c4nsc5ccccc45)CC3)c2NC1=O,8.9747
CC1CC(=O)N(C)c2c(CCN3CCN(c4nsc5ccccc45)CC3)cccc21,9.7696
O=C1CC(c2ccccc2)c2cccc(CCN3CCN(c4nsc5ccccc45)CC3)c2N1,9.7447
CC1CC(=O)Nc2c(CCN3CCN(c4noc5ccccc45)CC3)cccc21,6.7212
Cc1ccc(CCN2CCN(c3nsc4ccccc34)CC2)c2c1C(C)CC(=O)N2,9.8861
CC1CC(=O)Nc2c(CCN3CCN(c4n[s+]([O-])c5ccccc45)CC3)cc(F)cc21,8.6517
Cc1cc(CCN2CCN(c3noc4ccccc34)CC2)c2c(c1)C(C)CC(=O)N2,9.5528
CC1CC(=O)Nc2c(CCN3CCN(c4nsc5ccccc45)CC3)cc(Cl)cc21,10.3010
CC1CC(=O)Nc2c(CCN3CCN(c4noc5ccccc45)CC3)cc(F)cc21,9.5528
CC1(C)CCNc2c(CCN3CCN(c4nsc5ccccc45)CC3)cccc21,9.7447
CC1(C)CCNc2c(CCN3CCN(c4nsc5ccccc45)CC3)cc(F)cc21,9.5528
CC1CCN(C(=O)c2ccccc2)c2c(CCN3CCN(c4nsc5ccccc45)CC3)cccc21,9.2147
CC(=O)N1CCC(C)c2cccc(CCN3CCN(c4nsc5ccccc45)CC3)c21,9.5229
COc1cccc(OC)c1CC(=O)N1CCC(C)c2cccc(CCN3CCN(c4nsc5ccccc45)CC3)c21,8.9066
COc1cccc(CC(=O)N2CCC(C)c3cccc(CCN4CCN(c5nsc6ccccc56)CC4)c32)c1,8.9706
CC1CCN(C(=O)C2CCCCC2)c2c(CCN3CCN(c4nsc5ccccc45)CC3)cccc21,9.2291
CC(=O)N1CCC(C)c2cc(F)cc(CCN3CCN(c4nsc5ccccc45)CC3)c21,9.3565
CC(=O)N1CCC(C)c2c(C)ccc(CCN3CCN(c4noc5ccccc45)CC3)c21,9.4949
CC(=O)N1CCC(C)c2cc(Cl)cc(CCN3CCN(c4nsc5ccccc45)CC3)c21,9.5086
CC(=O)N1CCC(C)c2cc(F)cc(CCN3CCN(c4noc5ccccc45)CC3)c21,9.5376
CC(=O)N1CCC(c2ccccc2)c2cccc(CCN3CCN(c4nsc5ccccc45)CC3)c21,8.6676
CC(=O)N1CCC(C)c2c(C)ccc(CCN3CCN(c4nsc5ccccc45)CC3)c21,9.1249
COc1cc2c(cc1OCCN1CCCCC1)N(C(=O)/C=C/c1ccccc1Cl)CC2,6.4000
COc1ccc(N2CCN(c3ccc(C)c(C(F)(F)F)c3)C2=O)cc1OCCN1CCCCC1,6.4000
COc1ccc(N2CCN(c3ccccc3Cl)C2=O)cc1OCCN1CCCCC1,5.4000
COc1ccc(N2CCN(c3cccc(Cl)c3Cl)C2=O)cc1OCCN1CCCCC1,5.8000
COc1ccc(N2CCN(c3ccc(Cl)c(Cl)c3)C2=O)cc1OCCN1CCCCC1,6.2000
COc1ccc(N2CCN(c3ccccc3)C2=O)cc1OCCN1CCCCC1,5.6000
COc1ccc(N2CCN(c3cccc(F)c3)C2=O)cc1OCCN1CCCCC1,5.7000
COc1ccc(N2CCN(c3cccc(F)c3)C2=O)cc1OCCN(C)C,5.6000
COc1ccc(N2CCN(c3ccc(Cl)c(Cl)c3)C2=O)cc1OCCN(C)C,6.3000
COc1ccc(N2CCN(c3ccc(C)c(C(F)(F)F)c3)C2=O)cc1OCCN1CCOCC1,5.5000
O=C1N(c2ccc(OCCN3CCCCC3)nc2)CCN1c1ccc(Cl)c(Cl)c1,6.0000
c1ccc2c(N3CCNCC3)cccc2c1,7.2076
O=C1Cc2cc(CCN3CCN(c4cccc5ccccc45)CC3)ccc2N1,7.6990
CN(C)CCc1cn(C)c2cccc(O)c12,6.1986
CCCCn1cc(CCN(C)C)c2c(O)cccc21,7.0017
CCCCn1cc(CCN(C)C)c2c(OP(=O)(O)O)cccc21,5.5229
CN(C)CCc1c[nH]c2cc(O)ccc12,5.1192
Cc1[nH]c2cccc(O)c2c1CCN(C)C,6.9136
CN(C)CCc1c[nH]c2cccc(F)c12,6.2488
CN1CCN(CCc2c[nH]c3cccc(O)c23)CC1,5.0109
Oc1cccc2[nH]cc(CCN3CCCC3)c12,6.3675
CN(C)Cc1c[nH]c2cccc(O)c12,6.0348
CN(C)Cc1cn(C)c2cccc(O)c12,6.3028
CN(C)CCCc1c[nH]c2cccc(O)c12,6.2306
CC(Cc1c[nH]c2cccc(O)c12)N(C)C,6.0079
CN(C)CCc1c[nH]c2cccc(O)c12,7.6198
CN(C)CCc1c[nH]c2cccc(OP(=O)(O)O)c12,5.4590
O=C(N[C@H]1CCN(Cc2ccccc2)C1)c1ccc(-c2cccs2)cc1,8.7447
O=C(N[C@H]1CCN(Cc2ccccc2)C1)c1cccc(-c2cccs2)c1,6.3372
O=C(N[C@H]1CCN(Cc2ccc(C(F)(F)F)cc2)C1)c1ccc(-c2cccs2)cc1,6.8861
O=C(N[C@H]1CCN(Cc2ccc(C(F)(F)F)cc2)C1)c1cccc(-c2cccs2)c1,6.1308
O=C(N[C@H]1CCN(Cc2ccc(OC(F)(F)F)cc2)C1)c1ccc(-c2cccs2)cc1,6.8539
O=C(N[C@H]1CCN(Cc2ccc(OC(F)(F)F)cc2)C1)c1cccc(-c2cccs2)c1,5.2518
Cc1ccc(CN2CC[C@H](NC(=O)c3cccc(-c4cccs4)c3)C2)cc1,6.2147
O=C(N[C@H]1CCN(Cc2ccc(Cl)cc2)C1)c1cccc(-c2cccs2)c1,5.9586
COc1cccc(CN2CC[C@H](NC(=O)c3ccc(-c4cccs4)cc3)C2)c1,7.6576
O=C(N[C@H]1CCN(Cc2ccc(F)cc2)C1)c1ccc(-c2cccs2)cc1,7.8539
O=C(N[C@H]1CCN(Cc2ccc(F)c(F)c2)C1)c1ccc(-c2cccs2)cc1,7.7959
O=C(N[C@H]1CCN(Cc2ccc(Cl)c(Cl)c2)C1)c1ccc(-c2cccs2)cc1,7.6576
CN1CCc2c(sc3ncn(CCN4CCN(c5cncc6ccccc56)CC4)c(=O)c23)C1,6.7447
CN1CCc2c(sc3ncn(CCN4CCN(c5ccnc6ccccc56)CC4)c(=O)c23)C1,8.9208
Cn1c(=O)cnn(CCCCN2CCN(c3cccc4ccc(O[11CH3])cc34)CC2)c1=O,7.3820
COc1cc(C[C@@H](C)N)c(OC)cc1I,8.6773
CC(N)Cc1c[nH]c2ccc(O)cc12,8.3099
NCCn1ncc2ccc(O)cc21,7.6990
C[C@H](N)Cn1ncc2ccc(O)cc21,7.9208
C[C@@H](N)Cn1ncc2ccc(O)cc21,6.9788
COc1ccc2cnn(C[C@H](C)N)c2c1,7.6138
Cc1c(O)ccc2cnn(C[C@H](C)N)c12,8.7447
C[C@H](N)Cn1ncc2ccc(O)c(F)c21,8.2366
C[C@H](N)Cn1ncc2ccc(O)c(Cl)c21,7.9208
C[C@H](N)Cn1ncc2ccc(O)c(I)c21,7.6778
COc1ccc2[nH]cc(CC(C)N)c2c1,8.3372
C=CCN[C@@H](C)Cn1ccc2ccc3ncccc3c21,6.0229
C[C@@H](Cn1ccc2ccc3ncccc3c21)NCc1ccccc1Cl,6.1833
C[C@@H](Cn1ccc2ccc3ncccc3c21)NCc1ccc2c(c1)OCO2,6.4225
C[C@@H](Cn1ccc2ccc3ncccc3c21)NCc1ccc2ccccc2c1,6.6980
C[C@H](N)Cn1ccc2ccc3ccncc3c21,6.4817
C[C@H](N)Cn1ccc2ccc3cccnc3c21,6.4954
C[C@H](N)Cn1ccc2cc(Cl)c3ncccc3c21,7.4906
C[C@H](N)Cn1ccc2ccc3ncccc3c21,7.5017
Cc1ccccc1CN[C@@H](C)Cn1ccc2ccc3ncccc3c21,5.7744
COc1ccccc1CN[C@@H](C)Cn1ccc2ccc3ncccc3c21,5.8047
C[C@@H](Cn1ccc2ccc3ncccc3c21)NCC1CCCCC1,6.0329
C[C@@H](Cn1ccc2ccc3ncccc3c21)NCc1ccccc1,6.0747
C[C@H](N)Cn1ccc2ccc3cnccc3c21,5.9825
O=S(=O)(c1ccccc1)C1(CCCN2CCc3ccccc3C2)CCC1,7.1871
CC(C)(CCCN1CCCC(c2ccccc2)C1)S(=O)(=O)c1ccccc1,5.7447
CCOC(=O)[C@@H]1CCCN(CCCC(C)(C)S(=O)(=O)c2ccccc2)C1,5.7282
CC(C)(CCCN1CC[C@@H]2CCCC[C@H]2C1)S(=O)(=O)c1ccccc1,5.6990
O=S(=O)(c1ccccc1)C1(CCCN2CCC3CCCCC3C2)CCC1,6.2441
Clc1ccc2c(n1)N1CCNCC1C2,6.6635
C[C@@H]1CNC[C@@H]2Cc3ccc(Br)nc3N21,7.2366
C[C@@H]1CNC[C@H]2Cc3ccc(Br)nc3N21,7.2757
C[C@@H]1CNC[C@@H]2Cc3ccc(Cl)nc3N21,7.2676
C[C@@H]1CNC[C@H]2Cc3ccc(Cl)nc3N21,7.3768
CCO[C@H](C)c1ccc2c(n1)N1[C@@H](CNC[C@H]1C)C2,5.6225
CCO[C@@H](C)c1ccc2c(n1)N1[C@@H](CNC[C@H]1C)C2,7.1871
C[C@H](O)c1ccc2c(n1)N1[C@@H](CNC[C@H]1C)C2,6.4067
C[C@@H]1CNC[C@H]2Cc3ccc(COCC4CC4)nc3N21,7.1308
COCc1ccc2c(n1)N1[C@@H](CNC[C@H]1C)C2,6.2480
C[C@@H]1CNC[C@H]2Cc3ccc(CO)nc3N21,6.0259
C[C@@H]1CNC[C@H]2Cc3ccc(C(F)(F)F)nc3N21,7.3665
Cc1ccc2c(n1)N1[C@@H](CNC[C@H]1C)C2,6.8665
COc1ccc2c(n1)N1[C@@H](CNC[C@H]1C)C2,6.2916
C[C@@H]1CNC[C@H]2Cc3ccc(C#N)nc3N21,5.5940
COc1cccc(N2CCN(CCCCn3ncc(=O)n(C)c3=O)CC2)c1,5.6778
COc1ccccc1N1CCN(CCCCNS(=O)(=O)c2ccc(C)cc2)CC1,6.3098
COc1nc(NCCCN2CCOCC2)nc(OC)c1NC(=O)c1ccc(Oc2cc3c(cc2C)CCC3(C)C)o1,6.2343
FC(F)(F)c1ccnc(N2CCC3CNCC32)n1,6.6576
Fc1cccc(N2CC[C@H]3CNC[C@H]32)c1,5.9508
Clc1cccc(N2CC[C@H]3CNC[C@H]32)c1,6.3809
FC(F)(F)c1cccc(N2CC[C@H]3CNC[C@H]32)c1,6.7747
C[C@H]1C[C@H]2CNC[C@H]2N1c1nccc(C(F)(F)F)n1,7.3979
C[C@@H]1C[C@H]2CNC[C@H]2N1c1nccc(C(F)(F)F)n1,7.6021
FC(F)(F)c1ccnc(N2CC[C@H]3CNC[C@H]32)n1,6.9355
FC(F)(F)c1cccc([C@H]2CC[C@H]3CNC[C@H]32)c1,5.9666
O=C(c1cccc2cccnc12)N1CCC(CCc2ccc(F)cc2F)CC1,8.5376
O=C(c1ccccc1F)N1CCC(CCc2ccc(F)cc2F)CC1,8.4089
O=S(=O)(c1ccccc1-c1cccc2cccnc12)N1CCC(CCc2ccc(F)cc2F)CC1,8.6778
O=S(=O)(c1ccccc1-c1cccc2ccccc12)N1CCC(CCc2ccc(F)cc2F)CC1,8.7696
N#Cc1ccccc1S(=O)(=O)N1CCC(CCc2ccc(F)cc2F)CC1,8.0915
O=S(=O)(c1ccccc1Cl)N1CCC(CCc2ccc(F)cc2F)CC1,8.2147
O=S(=O)(c1ccccc1F)N1CCC(CCc2ccc(F)cc2F)CC1,8.0044
O=S(=O)(c1cccc(F)c1)N1CCC(CCc2ccc(F)cc2F)CC1,7.1750
O=S(=O)(c1ccc(F)cc1)N1CCC(CCc2ccc(F)cc2F)CC1,7.2840
O=S(=O)(c1ccc(F)cc1)N1CC=C(CCc2ccc(F)cc2F)CC1,7.6576
O=S(=O)(c1ccc(F)cc1)N1CCC(F)(CCc2ccc(F)cc2F)CC1,7.6198
O=S(=O)(c1ccc(F)cc1)N1CCC(O)(CCc2ccc(F)cc2F)CC1,6.7212
O=S(=O)(c1ccc(F)cc1)N1CCN(CCc2ccc(F)cc2F)CC1,8.3565
N#Cc1c[nH]c2c(C(=O)N3CCN(CCc4ccc(F)cc4F)CC3)cccc12,9.0605
O=C(CCCN1CCC(O)(c2ccc(Cl)cc2)C1)c1ccc(F)cc1,6.8687
O=C(CCCN1C2CCC1CC(O)(c1ccc(Cl)cc1)C2)c1ccc(F)cc1,7.5100
COc1ccc(N2CC=C(c3cccc(F)c3)C2=O)cc1OCCN1CCCCC1,6.2000
COc1ccc(N2CC=C(c3cccc(C(F)(F)F)c3)C2=O)cc1OCCN1CCCCC1,6.1000
COc1ccc(N2CC=C(c3ccc(F)cc3)C2=O)cc1OCCN1CCCCC1,6.4000
COc1ccc(N2CC=C(c3cccc(Cl)c3)C2=O)cc1OCCN1CCC(C)CC1,6.1000
COc1ccc(N2CC=C(c3ccc(Br)cc3)C2=O)cc1OCCN1CCCCC1,6.8000
COc1ccc(N2CC=C(c3ccc(Cl)cc3)C2=O)cc1OCCN1CCC(C)CC1,6.2000
COc1ccc(N2CC=C(c3ccc(F)cc3)C2=O)cc1OCCN1CCC(C)CC1,6.6000
COc1ccc(N2CC=C(c3ccc(C)cc3)C2=O)cc1OCCN1CCC(C)CC1,6.2000
COc1ccc(N2CC=C(c3ccc(C(F)(F)F)cc3)C2=O)cc1OCCN1CCC(C)CC1,5.8000
COc1ccc(N2CC=C(c3ccc(Br)cc3)C2=O)cc1OCCN1CCC(C)CC1,6.4000
COc1ccc(N2CC=C(c3cccc(Cl)c3)C2=O)cc1OCCN1CCCCC1,6.2000
COc1ccc(N2CC=C(c3ccc(Cl)cc3)C2=O)cc1OCCN1CCCCC1,6.0000
COc1ccc(N2CC=C(c3ccc(Cl)c(Cl)c3)C2=O)cc1OCCN1CCOCC1,5.4000
COc1ccc(N2CC=C(c3ccc(Cl)c(Cl)c3)C2=O)cc1OCCN1CCCC1,6.2000
COc1ccc(N2CC=C(c3ccc(Cl)c(Cl)c3)C2=O)cc1OCCN1CCC(C)CC1,6.1000
COc1ccc(N2CCC(c3ccc(Cl)c(Cl)c3)C2=O)cc1OCCN1CCCCC1,6.3000
COc1ccc(N2CCC(c3ccc(Cl)c(Cl)c3)C2=O)cc1OCCN1CCC(C)CC1,6.4000
O=C1C(c2ccc(Cl)c(Cl)c2)CCN1c1ccc(OC(F)(F)F)c(OCCN2CCCCC2)c1,5.5000
COc1ccc(N2CCC(c3ccc(Cl)c(Cl)c3)C2=O)cc1OCCN1CCC(C)(C)CC1,6.4000
COc1ccc(N2CCC(c3ccc(Cl)c(Cl)c3)C2=O)cc1OCCN1CCC(C(C)C)CC1,6.4000
COc1ccc(N2CCC(C)(c3ccc(Cl)c(Cl)c3)C2=O)cc1OCCN1CCCCC1,6.2000
COc1ccc(C2CCN(c3ccc(Cl)c(Cl)c3)C2=O)cc1OCCN1CCCCC1,6.1000
COc1ccc(C2(C)CCN(c3ccc(Cl)c(Cl)c3)C2=O)cc1OCCN1CCCCC1,6.3000
COc1ccc(C2=CCN(c3ccc(Cl)c(Cl)c3)C2=O)cc1OCCN1CCCCC1,5.9000
COc1ccc(C2=CCN(c3cccc(F)c3)C2=O)cc1OCCN1CCCCC1,6.0000
COc1ccc(C2=C(C)CN(c3ccc(Cl)cc3)C2=O)cc1OCCN1CCCCC1,6.4000
COc1ccc(C2=C(C)CN(c3ccc(Cl)c(Cl)c3)C2=O)cc1OCCN1CCCCC1,6.3000
COc1ccc(N2CC=C(c3ccc(Cl)c(Cl)c3)C2=O)cc1OCCN1CCCCC1,6.2000
CN1CCN(C2=Nc3cc(Cl)ccc3N(NC(=O)c3ccccc3Cl)c3ccccc32)CC1,9.0000
CN1CCN(C2=Nc3cc(Cl)ccc3N(NC(=O)c3cccc4ccccc34)c3ccccc32)CC1,9.0000
Cc1cccc(N)c1C(=O)NN1c2ccc(Cl)cc2N=C(N2CCN(C)CC2)c2ccccc21,8.5376
Cc1cccc(C)c1C(=O)NN1c2ccc(Cl)cc2N=C(N2CCN(C)CC2)c2ccccc21,8.6576
CN1CCN(C2=Nc3cc(Cl)ccc3N(NC(=O)c3c(N)cccc3Cl)c3ccccc32)CC1,9.0458
CN1CCN(C2=Nc3cc(Cl)ccc3N(NC(=O)c3c(F)cccc3C(F)(F)F)c3ccccc32)CC1,8.9208
COc1cccc(OC)c1C(=O)NN1c2ccc(Cl)cc2N=C(N2CCN(C)CC2)c2ccccc21,7.8601
COc1cc(Br)c(OC)c2c1C(CN)C2,9.1367
COc1cc(Br)c2c3c1[C@H](CN)CCC[C@@H]3CO2,6.6990
COc1cc(Br)c2c3c1[C@@H](CN)CCC[C@@H]3CO2,6.7696
COc1cc(Br)c(OC)c2c1C(CN)CC2,7.2757
COc1cc(Br)c(OC)c2c1[C@@H](CN)C2,7.8239
COc1cc(Br)c(OC)c2c1[C@H](CN)C2,9.4559
Cc1ccc(C2=CC(NC(C)(C)C)=NCCN2)cc1,7.9586
Cc1ccc(C2=CC(NC(C)(C)C)=NCCN2)c(C)c1,7.1487
Cc1ccc(C2=CC(NC(C)(C)C)=NCCN2)c(F)c1,7.8539
CC(C)(C)NC1=NCCNC(c2cccc(C(F)(F)F)c2)=C1,6.2890
CC(C)(C)NC1=NCCNC(c2ccc(C#N)cc2)=C1,5.5528
CC(C)(C)NC1=NCCNC(c2ccccc2Cl)=C1,7.1192
CC(C)(C)NC1=NCCNC(c2ccc(F)cc2F)=C1,7.9586
CC(C)(C)NC1=NCCNC(c2ccccc2F)=C1,7.7447
COc1ccc(C2=CC(NC(C)(C)C)=NCCN2)cc1,6.2725
Cc1ccccc1C1=CC(NC(C)(C)C)=NCCN1,6.9508
CC(C)(NC1=NCCNC(c2ccc(F)cc2F)=C1)C1CCC1,8.8539
CCC1(NC2=NCCNC(c3ccc(F)cc3)=C2)CCCC1,9.0969
CC1(NC2=NCCNC(c3ccc(F)cc3)=C2)CCCCC1,8.7959
CC(C)(C)CNC1=NCCNC(c2ccccc2F)=C1,5.8196
CCC1(NC2=NCCNC(c3ccccc3F)=C2)CCCC1,8.4437
CC(C)(Cc1ccccc1)NC1=NCCNC(c2ccccc2F)=C1,8.4202
CCC(C)(CC)NC1=NCCNC(c2ccccc2F)=C1,7.8386
Cc1ccc(C2=CC(NC(C)(C)Cc3ccccc3)=NCCN2)cc1,8.6198
CCC(C)(CC)NC1=NCCNC(c2ccc(C)cc2)=C1,7.8268
CCC(CC)(CC)NC1=NCCNC(c2ccc(F)cc2F)=C1,8.4318
CCC1(NC2=NCCNC(c3ccc(F)cc3F)=C2)CCCC1,8.9586
CCC(C)(CC)NC1=NCCNC(c2ccc(F)cc2)=C1,8.8239
CC(C)(C)NC1=NCCNC(c2ccc(F)cc2)=C1,7.6778
CC(C)(C)NC1=NCCNC(c2ccccc2)=C1,7.4559
O=C1c2ccccc2C2CNCCN12,5.0685
O=C1c2c(cccc2C(F)(F)F)[C@@H]2CNCCN12,6.9918
CC(C)Oc1cccc2c1C(=O)N1CCNCC21,6.4749
O=C1c2c(O)cccc2C2CNCCN12,5.7773
CSc1cccc2c1C(=O)N1CCNCC21,6.8101
O=C1c2c(Cl)cccc2C2CNCCN12,5.9908
O=C1c2c(OC(F)(F)F)cccc2C2CNCCN12,7.1172
COc1cccc2c1C(=O)N1CCNCC21,5.4841
O=C1c2c(cccc2C(F)(F)F)C2CNCCN12,6.9207
CC[C@@H]1NCCN2C(=O)c3c(cccc3C(F)(F)F)[C@H]12,6.9703
C[C@@H]1NCCN2C(=O)c3c(cccc3C(F)(F)F)[C@H]12,7.0108
CC(C)[C@H]1CNC[C@H]2c3cccc(C(F)(F)F)c3C(=O)N12,7.3360
C[C@@H]1CNC[C@H]2c3cccc(C(F)(F)F)c3C(=O)N12,6.9864
C[C@H]1CNC[C@H]2c3cccc(C(F)(F)F)c3C(=O)N12,6.4377
CN1CCN2C(=O)c3c(cccc3C(F)(F)F)[C@@H]2C1,5.6939
CCc1cc(Cl)c2c(c1)[C@@H]1CNCCN1C2=O,5.3045
COc1cc(Cl)c2c(c1)[C@@H]1CNCCN1C2=O,5.3468
CCc1cc2c(cc1OC)C(=O)N1CCNC[C@@H]21,6.3285
COc1cc2c(cc1Cl)[C@@H]1CNCCN1C2=O,5.7496
CCc1ccc2c(c1OC)C(=O)N1CCNC[C@@H]21,7.1383
COc1c(Cl)ccc2c1C(=O)N1CCNC[C@@H]21,6.0747
O=C1c2c(ccc(Cl)c2Cl)[C@@H]2CNCCN12,6.4168
O=C1c2c(C(F)(F)F)ccc(Cl)c2[C@@H]2CNCCN12,5.8318
COc1ccc(Cl)c2c1[C@@H]1CNCCN1C2=O,6.8615
CCc1ccc(Cl)c2c1[C@@H]1CNCCN1C2=O,5.5502
Cc1ccc(Cl)c2c1[C@@H]1CNCCN1C2=O,5.3969
CC1(c2cc3c(c(C(F)(F)F)c2)C(=O)N2CCNC[C@@H]32)CC1,5.6364
O=C1c2c(cc(C3CC3)cc2C(F)(F)F)[C@@H]2CNCCN12,6.2636
C#Cc1cc2c(c(C(F)(F)F)c1)C(=O)N1CCNC[C@@H]21,5.1831
C=Cc1cc2c(c(C(F)(F)F)c1)C(=O)N1CCNC[C@@H]21,5.9360
CC(C)c1cc2c(c(C(F)(F)F)c1)C(=O)N1CCNC[C@@H]21,5.5817
CCCCc1cc2c(c(C(F)(F)F)c1)C(=O)N1CCNC[C@@H]21,6.2027
CCCc1cc2c(c(C(F)(F)F)c1)C(=O)N1CCNC[C@@H]21,5.9706
CCc1cc2c(c(C(F)(F)F)c1)C(=O)N1CCNC[C@@H]21,6.1487
Cc1cc2c(c(C(F)(F)F)c1)C(=O)N1CCNC[C@@H]21,6.5145
CCOc1cc2c(c(C(F)(F)F)c1)C(=O)N1CCNC[C@@H]21,5.4179
COc1cc2c(c(C(F)(F)F)c1)C(=O)N1CCNC[C@@H]21,6.1965
O=C1c2c(cc(CO)cc2C(F)(F)F)[C@@H]2CNCCN12,5.5157
CC(=O)c1cc2c(c(C(F)(F)F)c1)C(=O)N1CCNC[C@@H]21,5.2840
O=C1c2c(cc(Cl)cc2C(F)(F)F)[C@@H]2CNCCN12,5.9830
CC(C)Nc1cc2c(cc1NS(=O)(=O)c1ccc(-c3ccc(Cl)cc3)cc1)CCN(C)CC2,8.8000
CC(C)Oc1cc2c(cc1NS(=O)(=O)c1ccc(-c3ccc(Cl)cc3)cc1)CCN(C)CC2,7.8000
COc1cc2c(cc1NS(=O)(=O)c1ccc(-c3ccc(Cl)cc3)cc1)CCN(C)CC2,7.6000
CN1CCc2cc(Cl)c(NS(=O)(=O)c3ccc(-c4ccc(Cl)cc4)cc3)cc2CC1,7.5000
CC(C)c1cc2c(cc1NS(=O)(=O)c1ccc(-c3ccc(Cl)cc3)cc1)CCN(C)CC2,8.3000
Cc1cc2c(cc1NS(=O)(=O)c1ccc(-c3ccc(Cl)cc3)cc1)CCN(C)CC2,7.7001
Cc1noc(C)c1-c1ccc(S(=O)(=O)Nc2ccc3c(c2)CCN(C)CC3)cc1,5.9000
Cc1ccc(-c2ccc(S(=O)(=O)Nc3ccc4c(c3)CCN(C)CC4)cc2)s1,7.3000
Cc1cc(S(=O)(=O)Nc2ccc3c(c2)CCN(C)CC3)ccc1-c1ccc(Cl)cc1,6.9000
CN1CCc2ccc(NS(=O)(=O)c3ccc(-c4ccc(C#N)cc4)cc3)cc2CC1,6.1000
CN1CCc2ccc(NS(=O)(=O)c3ccc(-c4ccc(F)c(Cl)c4)cc3)cc2CC1,7.3000
CN1CCc2ccc(NS(=O)(=O)c3ccc(-c4ccc(Cl)cc4)cc3)cc2CC1,6.7000
CCCCc1ccc(S(=O)(=O)Nc2ccc3c(c2)CCN(C)CC3)cc1,8.3000
CCCCc1ccc(S(=O)(=O)Nc2ccc3c(c2)CCNCC3)cc1,7.8000
CCCCc1ccc(S(=O)(=O)Nc2ccc3c(c2)CNCC3)cc1,7.9000
CCCCc1ccc(S(=O)(=O)Nc2ccc3c(c2)CN(C)C3)cc1,8.3000
O=C(NCCCCN1CCN(c2cccc(Cl)c2Cl)CC1)c1ccc2c(c1)Cc1ccccc1-2,6.1681
COc1ccccc1N1CCN(CC(O)CCNC(=O)c2ccc(-c3ccccn3)cc2)CC1,6.1580
O=C(NCCC(O)CN1CCN(c2cccc(Cl)c2Cl)CC1)c1ccc2c(c1)Cc1ccccc1-2,6.2636
O=C(NCCC(O)CN1CCN(c2cccc(Cl)c2Cl)CC1)c1ccc(-c2ccccn2)cc1,7.3737
COc1ccccc1N1CCN(C/C=C/CNC(=O)c2ccc3c(c2)Cc2ccccc2-3)CC1,7.1824
COc1ccccc1N1CCN(C/C=C/CNC(=O)c2ccc(-c3ccccn3)cc2)CC1,7.1232
O=C(NC/C=C/C[N+]1([O-])CCN(c2cccc(Cl)c2Cl)CC1)c1ccc(-c2ccccn2)cc1,6.9788
O=C(NC/C=C/CN1CCN(c2cccc(Cl)c2Cl)CC1)c1ccc(-c2cccc[n+]2[O-])cc1,7.2373
Cc1cccnc1-c1ccc(C(=O)NC/C=C/CN2CCN(c3cccc(Cl)c3Cl)CC2)cc1,7.3288
Cc1cccc(-c2ccc(C(=O)NC/C=C/CN3CCN(c4cccc(Cl)c4Cl)CC3)cc2)n1,7.0329
O=C(NC/C=C/CN1CCN(c2cccc(Cl)c2Cl)CC1)c1ccc(-c2cccc(=O)[nH]2)cc1,7.8097
COc1ccccc1N1CCN(CCCCNC(=O)c2ccc(-c3ccccn3)cc2)CC1,6.6421
COc1ccccc1N1CCN(CCCCNC(=O)c2ccc3c(c2)Cc2ccccc2-3)CC1,6.8069
O=C(NC/C=C/CN1CCN(c2cccc(Cl)c2Cl)CC1)c1ccc(-c2ccccn2)cc1,7.2048
O=C(NC/C=C/CN1CCN(c2cccc(Cl)c2Cl)CC1)c1ccc2c(c1)Cc1ccccc1-2,6.4815
O=C(NCCCCN1CCN(c2cccc(Cl)c2Cl)CC1)c1ccc(-c2ccccn2)cc1,7.6402
O=C(NC[C@H]1C[C@H]1CN1CCN(c2cccc(Cl)c2Cl)CC1)c1ccc(-c2ccccn2)cc1,6.0540
O=C(NC[C@H]1C[C@@H]1CN1CCN(c2cccc(Cl)c2Cl)CC1)c1ccc(-c2ccccn2)cc1,7.3270
O=C(NCC(O)CCN1CCN(c2cccc(Cl)c2Cl)CC1)c1ccc(-c2ccccn2)cc1,7.8125
CC(=O)OC(CCNC(=O)c1ccc(-c2ccccn2)cc1)CN1CCN(c2cccc(Cl)c2Cl)CC1,7.0521
O=C1c2ccccc2C(=O)N1CCCCN1CC=C(c2c[nH]c3ccc(F)cc23)CC1,7.0000
CCN1CCCC1CNC(=O)c1cc(S(=O)(=O)CC)c(N)cc1OC,6.2000
O=C1CCc2ccc(OCCCCN3CCN(c4cccc(Cl)c4Cl)CC3)cc2N1,8.0317
CN(C)CCCN1c2ccccc2Sc2ccc(Cl)cc21,8.2300
C[C@H]1Oc2c(cccc2N2CCN(CCCc3c[nH]c4ccc(F)cc34)CC2)NC1=O,7.7001
Fc1ccc(-c2cncc(CN3CCN(c4cccc5c4OCCO5)CC3)c2)cc1,6.6000
COc1ccc(N2Cc3c(c4cc(Cl)c(Cl)cc4n3C)C2=O)cc1OCCN1CCCCC1,6.3000
COc1ccc(N2Cc3c(c4cc(F)ccc4n3C)C2=O)cc1OCCN1CCC(C)CC1,6.8000
COc1ccc(N2Cc3c(c4ccc(F)cc4n3C)C2=O)cc1OCCN1CCC(C)CC1,6.6000
COc1ccc(N2Cc3c(c4cccc(F)c4n3C)C2=O)cc1OCCN1CCC(C)CC1,6.6000
COc1ccc(N2Cc3c(c4cc(Cl)ccc4n3C)C2=O)cc1OCCN1CCC(C)CC1,6.9000
COc1ccc(N2Cc3c(c4ccc(Cl)cc4n3C)C2=O)cc1OCCN1CCC(C)CC1,6.6000
COc1ccc2c(c1)c1c(n2C)CN(c2ccc(OC)c(OCCN3CCCCC3)c2)C1=O,6.0000
COc1ccc(N2Cc3c(c4cc(Cl)ccc4n3C)C2=O)cc1OCCN1CCCCC1,6.8000
COc1ccc(N2Cc3c(c4ccc(Cl)cc4n3C)C2=O)cc1OCCN1CCCCC1,6.5000
COc1ccc(N2Cc3c(c4ccccc4n3C)C2=O)cc1OCCN1CCCCC1.Cl,6.3000
COc1ccc(N2Cc3sc4ccccc4c3C2=O)cc1OCCN1CCCCC1,6.4000
COc1ccc(N2Cc3cc(Cl)cc(Cl)c3C2=O)cc1OCCN1CCCCCC1,6.2000
COc1ccc(N2Cc3cc(Cl)cc(Cl)c3C2=O)cc1OCCN1CCC(C)(C)CC1,6.4000
COc1ccc(N2Cc3cc(Cl)cc(Cl)c3C2=O)cc1OCCN1[C@H](C)CCC[C@@H]1C,6.5000
COc1ccc(N2Cc3cc(C)cc(C)c3C2=O)cc1OCCN1CCC(C)CC1,5.9000
COc1ccc(N2Cc3cc(F)cc(C(F)(F)F)c3C2=O)cc1OCCN1CCC(C)CC1,6.6000
COc1ccc(N2Cc3cc(Cl)c(C)c(Cl)c3C2=O)cc1OCCN1CCC(C)CC1,6.2000
COc1ccc(N2Cc3cc(Cl)c(Cl)c(C)c3C2=O)cc1OCCN1CCC(C)CC1,6.4000
COc1ccc(N2Cc3ccc(Cl)c(Cl)c3C2=O)cc1OCCN1CCC(C)CC1,6.3000
COc1ccc(N2Cc3cc(Cl)cc(Cl)c3C2=O)cc1OCCN1CCC(C)CC1,6.4000
COc1ccc(N2Cc3cc(Cl)c(Cl)cc3C2=O)cc1OCCN1CCC(C)CC1,6.3000
COc1ccc(N2Cc3c(F)c(F)cc(Cl)c3C2=O)cc1OCCN1CCC(C)CC1,6.3000
COc1ccc(N2Cc3cccc(C(F)(F)F)c3C2=O)cc1OCCN1CCC(C)CC1,6.2000
COc1ccc(N2Cc3cccc(Br)c3C2=O)cc1OCCN1CCC(C)CC1,6.2000
COc1ccc(N2Cc3cccc(Cl)c3C2=O)cc1OCCN1CCC(C)CC1,6.1000
COc1ccc(N2Cc3ccc(Cl)cc3C2=O)cc1OCCN1CCC(C)CC1,6.1000
COc1ccc(N2Cc3cccc(Cl)c3C2=O)cc1OCCN1CCCCC1,6.0000
Cc1ccc2c(OCCN3CCC(Cc4ccc5c(c4F)NC(=O)CO5)CC3)cc(F)cc2n1,5.7000
Cc1ccc2c(OCCN3CCC(Cc4cc(F)c5c(c4)NC(=O)CO5)CC3)cc(Cl)cc2n1,5.5000
Cc1ccc2c(OCCN3CCC(Cc4cc5c(cc4F)OCC(=O)N5)CC3)cc(F)cc2n1,5.7000
Cc1ccc2c(OCCN3CCC(Cc4ccc5c(c4F)NC(=O)CO5)CC3)cc(Cl)cc2n1,5.4000
Cc1ccc2c(OCCN3CCC(Cc4ccc5c(c4)NC(=O)CO5)CC3)cccc2n1,5.5000
[O-][S+](c1ccccc1)c1ccc(/C=C/c2ccc(F)cc2F)nc1,9.1024
[O-][S+](c1ccccc1)c1ccc(/C=C/c2ccc(F)cc2)nc1,8.1135
[O-][S+](c1ccc(/C=C/c2ccc(F)cc2F)nc1)c1ccccc1F,8.4559
[O-][S+](c1ccc(/C=C/c2ccc(F)cc2)nc1)c1ccccc1F,8.3372
O=S(=O)(c1ccccc1)c1ccc(/C=C/c2ccc(F)cc2F)nc1,9.0655
COc1cc(F)ccc1/C=C/c1ccc(S(=O)(=O)c2ccccc2F)cn1,7.1871
O=S(=O)(c1ccc(/C=C/c2ccccc2O)nc1)c1ccccc1F,8.4437
O=S(=O)(c1ccc(/C=C/c2ccc(F)cc2O)nc1)c1ccccc1F,9.7212
N#Cc1cc(F)ccc1/C=C/c1ccc(S(=O)(=O)c2ccccc2F)cn1,8.0044
Cc1cc(F)ccc1/C=C/c1ccc(S(=O)(=O)c2ccccc2F)cn1,8.0862
O=S(=O)(c1ccc(/C=C/c2ccc(F)cc2Cl)nc1)c1ccccc1F,8.7447
O=S(=O)(c1ccc(/C=C/c2ccc(F)cc2F)nc1)c1ccccc1F,8.5850
O=S(=O)(c1ccc(/C=C/c2ccncc2)nc1)c1ccccc1F,6.1024
O=S(=O)(c1ccc(/C=C/c2cccc(F)c2)nc1)c1ccccc1F,6.8239
O=S(=O)(c1ccc(/C=C/c2ccccc2F)nc1)c1ccccc1F,8.5850
O=S(=O)(c1ccccc1)c1ccc(/C=C/c2ccc(F)cc2)nc1,8.1308
O=S(=O)(c1ccc(/C=C/c2ccc(F)cc2)nc1)c1ccccc1F,8.2676
O=S(=O)(c1ccc(/C=C/c2ccc(F)cc2)nc1)c1cccc(F)c1,8.0177
O=S(=O)(c1ccc(F)cc1)c1ccc(/C=C/c2ccc(F)cc2)nc1,7.7696
O=S(=O)(c1ccc(F)cc1)c1ccc(/C=C/c2ccc(F)cc2)cn1,7.5528
O=S(=O)(c1ccc(F)cc1)c1ccc(CCc2ccc(F)cc2)nc1,7.6383
O=S(=O)(c1ccc(F)cc1)c1ccc(CCc2ccc(F)cc2)cn1,7.7212
COc1cc(N2CC(=O)N(c3ccc(Oc4ccccc4)cc3)C2=O)ccc1OCCN1CCCC1,6.4815
O=C1CC(CN2CCC(C(=O)c3ccc(F)cc3)CC2)Cc2[nH]ncc21,7.3700
Cc1noc2c1C(=O)CC(CN1CCC(c3noc4cc(F)ccc34)CC1)C2,7.7600
Cc1noc2c1C(=O)CC(CN1CCC(C(=O)c3ccc(F)cc3)CC1)C2,7.3900
Cn1ncc2c1CC(CN1CCC(c3noc4cc(F)ccc34)CC1)CC2=O,7.7600
Cn1ncc2c1CC(CN1CCC(C(=O)c3ccc(F)cc3)CC1)CC2=O,7.5200
O=C1CC(CN2CCC(c3noc4cc(F)ccc34)CC2)Cc2[nH]ncc21,8.6700
CN1CCN(c2ccc(C#N)c(NCc3ccccc3)c2)CC1,7.3279
CC(=O)c1cccc(NC(=O)N[C@@H]2CCCC[C@H]2CN2CCC[C@@H](Cc3ccc(F)cc3)C2)c1,6.0362
CC(=O)c1sc(NC(=O)N[C@@H]2CN(C(C)=O)CC[C@H]2CN2CCC[C@@H](Cc3ccc(F)cc3)C2)nc1C,5.2757
C[C@H](N)Cc1cccc(C(F)(F)F)c1,6.7000
CC1(C)CNCCc2ccc(Cl)cc21,5.8000
CC[C@@H]1CNCCc2ccc(Cl)cc21,6.5000
CC[C@H]1CNCCc2ccc(Cl)cc21,6.6000
C[C@@H]1CNCCc2ccc(Cl)c(F)c21,6.0000
COc1cc2c(cc1Cl)[C@H](C)CNCC2,7.5000
COc1cc2c(cc1Cl)[C@@H](C)CNCC2,6.7000
COc1cc2c(cc1Cl)CCNCC2C,7.0000
C[C@@H]1CNCCc2cc(Cl)c(Cl)cc21,7.0000
C[C@H]1CNCCc2cc(Cl)c(Cl)cc21,8.0000
C[C@@H]1CNCCc2ccc(C(F)(F)F)cc21,7.0000
C[C@H]1CNCCc2ccc(C(F)(F)F)cc21,6.9000
CC1(c2cccc(OCc3ccccc3)c2)C(=O)Nc2cc(Cl)cc(Cl)c2C1=O,6.1427
COc1ccc(NS(=O)(=O)c2sc3ccc(Cl)cc3c2C)cc1N1CCNCC1,5.7595
O=C(NC1CCc2cc(CCN3CCN(c4nsc5ccccc45)CC3)ccc21)c1cccnc1,9.1675
O=C(NC1CCc2cc(CCN3CCN(c4nsc5ccccc45)CC3)ccc21)c1ccc(F)cc1,8.7825
CC(C)C(=O)NC1CCc2cc(CCN3CCN(c4nsc5ccccc45)CC3)ccc21,9.1871
O=C(NC1CCc2cc(CCN3CCN(c4nsc5ccccc45)CC3)ccc21)C1CC1,9.3468
CCCC(=O)NC1CCc2cc(CCN3CCN(c4nsc5ccccc45)CC3)ccc21,9.3010
CCC(=O)NC1CCc2cc(CCN3CCN(c4nsc5ccccc45)CC3)ccc21,9.6021
CC(=O)NC1CCc2cc(CCN3CCN(c4nsc5ccccc45)CC3)ccc21,9.4815
O=C(NC1CCc2cc(CCN3CCN(c4nsc5ccccc45)CC3)ccc21)C(F)(F)F,9.8239
O=C(NC1CCc2ccc(CCN3CCN(c4nsc5ccccc45)CC3)cc21)c1ccno1,10.0969
O=C(NC1CCc2ccc(CCN3CCN(c4nsc5ccccc45)CC3)cc21)c1ccco1,9.2596
O=C(CCc1ccccc1)NC1CCc2ccc(CCN3CCN(c4nsc5ccccc45)CC3)cc21,9.0223
O=C(Cc1ccccc1)NC1CCc2ccc(CCN3CCN(c4nsc5ccccc45)CC3)cc21,10.3979
O=C(NC1CCc2ccc(CCN3CCN(c4nsc5ccccc45)CC3)cc21)c1cccnc1,9.0223
O=C(NC1CCc2ccc(CCN3CCN(c4nsc5ccccc45)CC3)cc21)c1ccc(F)cc1,8.6108
O=C(NC1CCc2ccc(CCN3CCN(c4nsc5ccccc45)CC3)cc21)c1ccc(Cl)cc1,10.0000
Cc1ccc(C(=O)NC2CCc3ccc(CCN4CCN(c5nsc6ccccc56)CC4)cc32)cc1,8.5229
O=C(NC1CCc2ccc(CCN3CCN(c4nsc5ccccc45)CC3)cc21)c1ccccc1,8.3233
CC(C)C(=O)NC1CCc2ccc(CCN3CCN(c4nsc5ccccc45)CC3)cc21,9.1249
O=C(NC1CCc2ccc(CCN3CCN(c4nsc5ccccc45)CC3)cc21)C1CC1,9.5229
CCCC(=O)NC1CCc2ccc(CCN3CCN(c4nsc5ccccc45)CC3)cc21,9.3468
CCC(=O)NC1CCc2ccc(CCN3CCN(c4nsc5ccccc45)CC3)cc21,11.0000
CC(=O)NC1CCc2ccc(CCN3CCN(c4nsc5ccccc45)CC3)cc21,11.0000
NC1CCc2ccc(CCN3CCN(c4nsc5ccccc45)CC3)cc21,10.0458
NC1=Nc2cccc(Cl)c2CN1,5.9340
NC1=Nc2ccc(Cl)c(Cl)c2CN1,6.3625
C[C@@H]1NC(N)=Nc2cccc(Cl)c21,6.5901
C[C@@H]1NC(NCC(F)F)=Nc2cccc(Cl)c21,6.3089
Cc1nc2c(c(-c3ccc(Cl)cc3)n1)CCNCC2,5.9208
Fc1ccc(-c2nc(Cc3ccccc3)nc3c2CNCCC3)cc1,6.8861
Fc1ccc(-c2nc(Cc3ccccc3)nc3c2CCNC3)cc1,8.0458
Fc1ccc(-c2nc(Cc3ccccc3)nc3c2CCCNC3)cc1,8.0555
Fc1ccc(-c2nc(-c3ccccc3)nc3c2CNCC3)cc1,7.3010
CC(C)Cc1nc2c(c(-c3ccc(F)cc3)n1)CNCC2,7.5376
Fc1ccc(-c2nc(C3CC3)nc3c2CNCC3)cc1,7.3979
Fc1ccc(-c2nc(C3CCC3)nc3c2CNCC3)cc1,7.9586
Fc1ccc(Cc2nc3c(c(-c4ccc(F)cc4)n2)CNCC3)cc1,7.8861
CCC(C)c1nc2c(c(-c3ccc(F)cc3)n1)CNCC2,7.9586
CC(C)(C)c1nc2c(c(-c3ccc(F)cc3)n1)CNCC2,8.3010
Fc1ccc(-c2nc(C3CCCC3)nc3c2CNCC3)cc1,8.6576
Fc1ccc(-c2nc(Cc3ccccc3)nc3c2CNCC3)cc1,7.6990
FC(F)(F)c1ccc(-c2nc(Cc3ccccc3)nc3c2CCNCC3)cc1,9.0969
Cc1ccc(-c2nc(Cc3ccccc3)nc3c2CCNCC3)cc1,9.3979
Fc1ccc(-c2nc(Cc3ccccc3)nc3c2CCNCC3)cc1,9.2218
Fc1ccc(Cc2nc3c(c(-c4ccc(F)cc4)n2)CCNCC3)cc1,9.1549
N#Cc1ccc(-c2nc(C3CCCC3)nc3c2CCNCC3)cc1,7.4685
COc1ccc(-c2nc(C3CCCC3)nc3c2CCNCC3)cc1,7.9586
Cc1ccc(-c2nc(C3CCCC3)nc3c2CCNCC3)cc1,8.6021
Fc1ccc(-c2nc(C3CCCC3)nc3c2CCNCC3)cc1,7.8861
CC(C)c1nc2c(c(-c3ccc(F)cc3)n1)CCNCC2,8.3979
CCN(CC)c1nc2c(c(-c3ccc(C)cc3)n1)CNCC2,7.6990
CCc1cc2c(ccc3c(OC)nn(C[C@H](C)N)c32)o1,7.4202
CCc1cc2c(ccc3c(CC)nn(C[C@H](C)N)c32)o1,7.2924
CCc1cc2c(ccc3c(C)nn(C[C@H](C)N)c32)o1,7.3372
CC(C)c1cc2c(ccc3cnn(C[C@H](C)N)c32)o1,7.0605
CCc1cc2c(ccc3cnn(C[C@H](C)N)c32)o1,7.4588
Cc1cc2c(ccc3cnn(C[C@H](C)N)c32)o1,9.1079
COc1nn(C[C@H](C)N)c2c1ccc1occc12,8.0605
CCCc1nn(C[C@H](C)N)c2c1ccc1occc12,7.1938
CCc1nn(C[C@H](C)N)c2c1ccc1occc12,7.9586
Cc1nn(C[C@H](C)N)c2c1ccc1occc12,7.7696
C[C@H](N)Cn1ncc2ccc3ocnc3c21,7.3279
C[C@H](N)Cn1ncc2ccc3occc3c21,9.1079
C[C@H](N)Cn1ncc2ccc3sccc3c21,8.1739
C[C@H](N)Cn1ncc2ccc(Cl)c(Cl)c21,8.0410
C[C@H](N)Cn1ncc2cc(Cl)c(Cl)cc21,7.9586
COc1ccc2cnn(C[C@H](C)N)c2c1Cl,5.9208
C[C@H](N)Cn1ncc2ccc(F)cc21,7.0862
C[C@H](N)Cn1ncc2cc(F)ccc21,7.0506
Cc1cc(Cl)ccc1OC(C)C(=O)O,6.8239
c1cc2c3c(ccc2o1)CCNCC3,7.3372
c1cc2ccc3c(c2o1)CCNCC3,7.0044
CNc1ccc2c(c1Cl)CCNCC2,7.0458
COc1ccc2c(c1Cl)CCNCC2,7.2076
Clc1c(Br)ccc2c1CCNCC2,8.0000
Clc1ccc2c(c1Cl)CCNCC2,7.0315
Fc1ccc2c(c1Cl)CCNCC2,6.8861
N#Cc1ccc2c(c1Cl)CCNCC2,7.5229
O=[N+]([O-])c1ccc2c(c1Cl)CCNCC2,7.2924
CN1CCc2ccc([N+](=O)[O-])c(Cl)c2CC1,6.3979
Cc1cccc(N2CCN(CCCC(=O)NCc3nc4ccccc4c(=O)n3-c3ccccc3)CC2)c1C,5.9586
Cc1cccc(N2CCN(CCCC(=O)NCc3nc4cc(F)ccc4c(=O)n3-c3ccccc3)CC2)c1C,5.7696
O=C(CCCN1CCN(c2cccc(C(F)(F)F)c2)CC1)NCc1nc2cc(F)ccc2c(=O)n1-c1ccccc1,6.2076
Cc1cccc(N2CCN(CCCC(=O)NCc3nc4ccc(F)cc4c(=O)n3-c3ccccc3)CC2)c1C,6.3768
CCOc1ccccc1N1CCN(CCCC(=O)NCc2nc3cc(F)ccc3c(=O)n2-c2ccc(OC)cc2)CC1,5.6778
CCOc1ccccc1N1CCN(CCCC(=O)NCc2nc3ccc(F)cc3c(=O)n2-c2ccc(OC)cc2)CC1,5.1024
COc1cc(NC(=O)c2ccc(-c3ccc(Cl)cc3)o2)cc(OC)c1,5.5229
CCC1(CCCCN2CCN(c3ccc(Cl)cc3)CC2)C(=O)Nc2cc(F)ccc21,7.7122
O=C1Nc2ccc(F)cc2C1CCCCN1CCN(c2ccccc2)CC1,7.2596
O=C1Nc2ccccc2C1CCCCN1CCN(c2ccc(Cl)cc2)CC1,7.7570
Nc1nc(-c2ccc(F)cc2)c([C@@H]2CCN(CCCC(=O)c3ccc(F)cc3)C2)s1,8.7167
CC[C@@H]1O[C@](/C=C/C2CC2)(C(F)(F)F)c2c(ccc(F)c2F)NC1=O,4.8239
COc1cccc2c1C(CN)c1ccccc1C2,5.9363
COc1ccc2c(c1)C(CN)c1ccccc1C2,5.8642
COc1ccc2c(c1)Cc1ccccc1C2CN,8.1249
COc1cccc2c1Cc1ccccc1C2CN,6.9066
COc1cc(C(C)C)c(Oc2cnc(N)nc2N)cc1I,1.0000
Cl.NC[C@H]1C[C@@H]1c1ccccc1Cl,6.7747
Cl.NCC1CC1c1ccccc1Br,6.6053
Cl.NC[C@H]1C[C@@H]1c1ccc(F)cc1,5.9252
Cl.NC[C@H]1C[C@@H]1c1cccc(C(F)(F)F)c1,5.8283
Cl.NC[C@H]1C[C@@H]1c1cccc(Br)c1,5.7747
Cl.NC[C@H]1C[C@@H]1c1cccc(F)c1,6.3595
Cl.NC[C@H]1C[C@@H]1c1cccc(Cl)c1,5.7245
Cl.NC[C@H]1C[C@@H]1c1ccc(Cl)cc1,5.3485
Cl.NCC1CC1c1ccccc1,5.8542
Cc1ccccc1[C@H]1C[C@@H]1CN.Cl,5.7943
COc1ccccc1[C@H]1C[C@@H]1CN.Cl,5.6643
Cl.NC[C@H]1C[C@@H]1c1ccccc1O,6.2899
Cc1cccc([C@H]2C[C@@H]2CN)c1.Cl,5.9833
COc1cccc([C@H]2C[C@@H]2CN)c1.Cl,6.2125
Cl.NC[C@H]1C[C@@H]1c1cccc(O)c1,6.6073
Cl.NC[C@H]1C[C@@H]1c1ccc(F)cc1F,6.2620
Cl.NC[C@H]1C[C@@H]1c1ccc(F)c(F)c1,6.2381
Cl.NC[C@H]1C[C@@H]1c1ccc(Cl)cc1F,6.1113
Cl.NC[C@H]1C[C@@H]1c1ccc(F)cc1Cl,6.8181
Cl.NC[C@H]1C[C@@H]1c1cccc(Cl)c1Cl,6.4572
Cl.NC[C@H]1C[C@@H]1c1ccc(Cl)cc1Cl,7.2924
O=S(=O)(c1ccc2c(c1)CCNCC2)N1CCC(Oc2ccccc2Cl)CC1,7.4949
Cl.NC[C@H]1C[C@@H]1c1ccccc1Br,6.8915
Cc1ccc([C@H]2C[C@@H]2CN)cc1.Cl,5.7147
Cc1cc([C@H]2C[C@@H]2CN)ccc1F.Cl,6.6289
Cc1cccc(Cl)c1[C@H]1C[C@@H]1CN.Cl,6.1391
Cc1ccc([C@H]2C[C@@H]2CN)c(Br)c1.Cl,6.3325
Cc1cccc([C@H]2C[C@@H]2CN)c1C.Cl,6.4437
Cc1ccc([C@H]2C[C@@H]2CN)cc1C.Cl,5.6212
Cc1ccc(Cl)c([C@H]2C[C@@H]2CN)c1F.Cl,6.4815
Cl.NC[C@H]1C[C@@H]1c1ccccc1,5.8551
CC1CC2(C)CC(=O)C1C1C(=O)N(OCCCN3CCN(c4cccc(Cl)c4)CC3)C(=O)C12,6.9593
CC1CC2(C)CC(=O)C1C1C(=O)N(OCCCN3CCN(c4ccccc4F)CC3)C(=O)C12,6.0405
CC1CC2(C)CC(=O)C1C1C(=O)N(OCCCN3CCN(c4ccccc4)CC3)C(=O)C12,6.5214
COc1ccccc1N1CCN(CCCON2C(=O)C3C4C(=O)CC(C)(CC4C)C3C2=O)CC1,6.1979
CC(=O)OC12C=C(C)C(C(C)C1)C1C(=O)N(OCCCN3CCN(c4cccc(Cl)c4)CC3)C(=O)C12,6.4224
CC(=O)OC12C=C(C)C(C(C)C1)C1C(=O)N(OCCCN3CCN(c4ccccc4F)CC3)C(=O)C12,5.9697
CC(=O)OC12C=C(C)C(C(C)C1)C1C(=O)N(OCCCN3CCN(c4ccccc4)CC3)C(=O)C12,6.4280
CC(=O)OC12C=C(C)C(C(C)C1)C1C(=O)N(OCCCN3CCN(c4ccccn4)CC3)C(=O)C12,5.7381
COc1ccccc1N1CCN(CCCON2C(=O)C3C4C(C)=CC(OC(C)=O)(CC4C)C3C2=O)CC1,6.1684
CC1CC2(C)CC(=O)C1C1C(=O)N(CCCN3CCN(c4ccccc4)CC3)C(=O)C12,6.5323
COc1ccccc1N1CCN(CCCN2C(=O)C3C4C(=O)CC(C)(CC4C)C3C2=O)CC1,6.3688
CC(=O)OC12C=C(C)C(C(C)C1)C1C(=O)N(CCCN3CCN(c4ccccc4)CC3)C(=O)C12,6.2402
COc1ccccc1N1CCN(CCCN2C(=O)C3C4C(C)=CC(OC(C)=O)(CC4C)C3C2=O)CC1,5.9899
CC1CC2(C)CC(=O)C1C1C(=O)N(CCCCN3CCN(Cc4ccccc4)CC3)C(=O)C12,5.6797
CC1CC2(C)CC(=O)C1C1C(=O)N(CCCCN3CCN(c4ccc(F)cc4)CC3)C(=O)C12,6.9907
CC1CC2(C)CC(=O)C1C1C(=O)N(CCCCN3CCN(c4ccccc4)CC3)C(=O)C12,6.7412
CC1CC2(C)CC(=O)C1C1C(=O)N(CCCCN3CCN(c4ccccn4)CC3)C(=O)C12,6.2394
CC1CC2(C)CC(=O)C1C1C(=O)N(CCCCN3CCN(c4ncccn4)CC3)C(=O)C12,5.4705
COc1ccccc1N1CCN(CCCCN2C(=O)C3C4C(=O)CC(C)(CC4C)C3C2=O)CC1,6.2812
CC(=O)OC12C=C(C)C(C(C)C1)C1C(=O)N(CCCCN3CCN(Cc4ccccc4)CC3)C(=O)C12,5.0112
CC(=O)OC12C=C(C)C(C(C)C1)C1C(=O)N(CCCCN3CCN(c4ccc(F)cc4)CC3)C(=O)C12,6.7698
CC(=O)OC12C=C(C)C(C(C)C1)C1C(=O)N(CCCCN3CCN(c4ccccc4)CC3)C(=O)C12,6.5418
CC(=O)OC12C=C(C)C(C(C)C1)C1C(=O)N(CCCCN3CCN(c4ccccn4)CC3)C(=O)C12,6.0177
CC(=O)OC12C=C(C)C(C(C)C1)C1C(=O)N(CCCCN3CCN(c4ncccn4)CC3)C(=O)C12,5.2202
COc1ccccc1N1CCN(CCCCN2C(=O)C3C4C(C)=CC(OC(C)=O)(CC4C)C3C2=O)CC1,6.1313
COc1ccccc1N1CCN(CCCON2C(=O)C3C4C=CC(OC)(CC4)C3C2=O)CC1,5.8570
COc1ccccc1N1CCN(CCCCN2C(=O)C3C4C(=O)CC(OC(C)=O)(CC4(C)C)C3C2=O)CC1,6.1135
CCOC12CCC(C(=O)C1)C1C(=O)N(CCCCN3CCN(c4ccccc4OC)CC3)C(=O)C12,5.5544
O=C1CC2(CCCC2)CC(=O)N1CCCCN1CCN(c2ncccn2)CC1,5.8555
[3H]C([3H])([3H])Oc1cc(I)c(OC)cc1CCNCc1ccccc1OC([3H])([3H])[3H],9.9186
CN(C)CCCSc1ccccc1NC(=O)/C=C/c1ccccc1,7.7136
[3H]C([3H])(N1CCC(C(=O)c2ccc(F)cc2)CC1)C([3H])([3H])n1c(=O)[nH]c2ccccc2c1=O,8.6131
COc1ccc(S(=O)(=O)NCCCN2CCN(c3cccc(C(F)(F)F)c3)CC2)cc1,6.4535
COc1ccc(S(=O)(=O)NC(C)CCN2CCN(c3cccc(C(F)(F)F)c3)CC2)cc1,5.7390
O=S(=O)(NCCCN1CCN(c2ccc(Cl)c(Cl)c2)CC1)c1ccc2ccccc2c1,7.7212
COc1ccccc1N1CCN(CCCNS(=O)(=O)c2ccc3ccccc3c2)CC1,7.0706
O=S(=O)(NCCCN1CCN(c2cccc(C(F)(F)F)c2)CC1)c1ccc2ccccc2c1,7.0223
COc1ccc(S(=O)(=O)NCCCN2CCN(c3ccc(F)cc3)CC2)cc1,7.1308
COc1ccc(S(=O)(=O)NCCCN2CCN(c3ccccc3OC)CC2)cc1,5.2867
Cc1ccc2c(OCCN3CCC(Cc4cccc(NS(C)(=O)=O)c4)CC3)cccc2n1,5.6000
O[C@]1(c2ccc(Cl)cc2)C[C@H]2CC[C@@H](C1)N2Cc1c[nH]c2ccccc12,5.3215
OC1(c2ccc(Cl)cc2)CCN(Cc2c[nH]c3ccccc23)CC1,6.1022
O[C@@]1(c2ccc(Cl)cc2)C[C@H]2CC[C@@H](C1)N2Cc1coc2ccccc12,6.7670
O[C@@]1(c2ccc(Cl)cc2)C[C@H]2CC[C@@H](C1)N2Cc1csc2ccccc12,7.1543
O[C@@]1(c2ccc(Cl)c(Cl)c2)C[C@H]2CC[C@@H](C1)N2Cc1c[nH]c2ccccc12,5.5528
O=C1CC(CN2CCC(C(=O)c3ccc(F)cc3)CC2)Cc2occc21,7.1500
O=C1CC(CN2CCN(C(=O)c3ccc(F)cc3)CC2)Cc2occc21,5.8800
CCOC(=O)c1oc2c(c1C)C(=O)CC(CN1CCC(c3noc4cc(F)ccc34)CC1)C2,8.0800
O=C1CC(CN2CCC(c3noc4cc(F)ccc34)CC2)Cc2oc(-c3ccccc3)cc21,8.1600
COC(=O)c1coc2c1C(=O)CC(CN1CCC(c3noc4cc(F)ccc34)CC1)C2,8.8099
CCOC(=O)c1oc2c(c1C)C(=O)CC(CN1CCC(C(=O)c3ccc(F)cc3)CC1)C2,7.6600
O=C1CC(CN2CCC(C(=O)c3ccc(F)cc3)CC2)Cc2oc(-c3ccccc3)cc21,7.7600
COC(=O)c1coc2c1C(=O)CC(CN1CCC(C(=O)c3ccc(F)cc3)CC1)C2,7.5901
Cl.O=C1C[C@H](CN2CCC(c3noc4cc(F)ccc34)CC2)Cc2occc21,8.2900
Cl.O=C1C[C@@H](CN2CCC(c3noc4cc(F)ccc34)CC2)Cc2occc21,8.6000
O=C(c1ccc(F)cc1)C1CCN(CCC2CCc3occc3C2=O)CC1,7.3450
O=C1CC(CN2CCC(c3noc4cc(F)ccc34)CC2)Cc2occc21,8.1050
CN1CCN(c2cc(-c3ccc(C#N)cc3)nc(N)n2)CC1,5.3872
O=C(c1ccc(F)cc1)C1CCN(CCn2c(=O)[nH]c3ccccc3c2=O)CC1,8.9830
CCN1CCC(COc2nc3ccsc3n3cccc23)CC1,5.0900
CCCCN1CCC(COc2nc3ccsc3n3cccc23)CC1,6.7800
O=C1c2ccccc2CCCN1CCCCN1CCN(c2cccc(Cl)c2Cl)CC1,7.9900
CCn1cc(CN2CCN(c3cccc4[nH]c(-c5ccc(C(C)(C)C)cc5)nc34)CC2)c(=O)[nH]c1=O,6.6383
O=c1ccc(-n2ccc3ccccc32)nn1CCCCN1CCN(c2cccc(C(F)(F)F)c2)CC1,7.0809
O=c1ccc(-n2ccnc2)nn1CCCCN1CCN(c2cccc(C(F)(F)F)c2)CC1,6.7799
O=S(=O)(c1ccccc1)n1cc(Cl)c2cc3c(cc21)CCNCC3,7.6000
Cc1ccc2c(N3CCN(CCc4ccc5c(c4)NC(=O)CO5)CC3)cccc2n1,5.9000
Br.Oc1cc2c(c(-c3ccc4ccccc4c3)c1O)CCNCC2c1ccccc1,6.4260
Br.Cc1cccc(-c2c(O)c(O)cc3c2CCN(C)CC3c2cccc(C)c2)c1,6.9172
Br.Cc1cccc(C2CN(C)CCc3c2cc(O)c(O)c3-c2ccc3ccccc3c2)c1,7.3665
CCCCCCc1ccc(C(CN)c2ccccc2)cc1,6.6990
NCC(c1ccccc1)c1ccc(Br)cc1,7.5205
CCCCCCc1ccc(CCN)cc1,7.1079
NCCc1ccc(CCCc2ccccc2)cc1,7.2218
NCCc1ccc(Br)cc1,5.7520
COc1cc(OC)c(OC)cc1CC(C)N,6.5791
CCCCCCc1cc(OC)c(CC(C)N)cc1OC,8.6021
COc1cc(CC(C)N)c(OC)cc1CCCc1ccccc1,8.0000
COc1ccc(OC)c(CC(C)N)c1,5.9799
CCCCCCc1ccc2c(c1)Cc1cc(OC)ccc1C2CN,7.3665
NCC1c2ccccc2Cc2cc(O)ccc21,6.9706
CCCCCOc1ccc2c(c1)Cc1ccccc1C2CN.O=C(O)/C=C/C(=O)O,7.6383
CCCCCCc1ccc2c(c1)Cc1ccccc1C2CN,8.1549
NCC1c2ccccc2Cc2cc(CCCc3ccccc3)ccc21,8.4949
NCC1c2ccccc2Cc2cc(Br)ccc21,8.8154
COc1cc(C[C@@H](C)N)c(OC)cc1Br,9.5376
COc1cc(C[C@H](C)N)c(OC)cc1Br,8.7212
CCCN1CCc2cccc3c2[C@H]1Cc1cccc(O)c1-3,6.9431
CCCCCCC(=O)Oc1cccc2c1-c1cccc3c1[C@@H](C2)N(CCC)CC3,7.0223
CCCCCC(=O)Oc1cccc2c1-c1cccc3c1[C@@H](C2)N(CCC)CC3,6.9626
CCCC(=O)Oc1cccc2c1-c1cccc3c1[C@@H](C2)N(CCC)CC3,7.2518
CCCN1CCc2cccc3c2[C@H]1Cc1cccc(OC(=O)CC)c1-3,6.9626
CCCN1CCc2cccc3c2[C@H]1Cc1cccc(OC(C)=O)c1-3,7.1427
CCCCC(=O)Oc1cccc2c1-c1cccc3c1[C@@H](C2)N(CCC)CC3,7.0362
O=C(Nc1cccc(Cn2ncc(N3CCNCC3)c(Cl)c2=O)c1)c1ccc(-c2ccccc2)cc1,7.2200
Cc1ccc(Cn2ncc(N3CCNCC3)c(Cl)c2=O)cc1NC(=O)c1ccc(-c2ccccc2)cc1,8.6700
Cc1c(Cn2ncc(N3CCNCC3)c(Cl)c2=O)cccc1NC(=O)c1ccc(-c2ccccc2)cc1,7.2800
COc1ccc(-c2ccc(C(=O)Nc3cccc(Cn4ncc(N5CCNCC5)c(Cl)c4=O)c3C)cc2)cn1,5.5300
COc1ccc(-c2ccc(C(=O)Nc3cccc(Cn4ncc(N5CCNCC5)cc4=O)c3C)cc2)cn1,8.2000
Cc1c(Cn2ncc(N3CCNCC3)cc2=O)cccc1NC(=O)c1ccc(-c2ccccc2)cc1,7.7001
C[C@@H]1CN(Cc2ccc(-c3ccc(F)cc3F)cc2)C(=O)O1,6.4908
C[C@@H]1CN(Cc2ccc(-c3ccc(F)c(Cl)c3)cc2)C(=O)O1,5.6778
COc1cc2c3c(c1OCc1ccccc1)-c1cc4c(cc1CC3N(C)CC2)OCO4,5.3372
CC/N=C1\N(C)C(=O)/C(=C\c2c[nH]c3ccccc23)N1C,5.7696
CN1C(=N)N(C)/C(=C/c2c[nH]c3cc(Br)ccc23)C1=O,5.6990
N=C(N)NCCC[C@@H]1NC(=O)/C(=C/c2c[nH]c3cc(Br)ccc23)NC1=O,5.7144
CC[C@@H](CO)NC(=O)[C@@H]1C=C2c3cccc4c3c(cn4C)C[C@H]2N(C)C1,8.2083
[3H]C([3H])([3H])N1C[C@H](C(=O)N(CC)CC)C=C2c3cccc4[nH]cc(c34)C[C@H]21,7.6743
O=C(CCCN1C2CCC1CN(c1ccc(Cl)cc1)CC2)c1ccc(F)cc1,6.7104
O=C(CCCN1CCCN(c2ccc(Cl)cc2)CC1)c1ccc(F)cc1,7.6271
O=C(CCCN1CCN(c2ncccn2)CC1)c1ccc(F)cc1,7.6576
O=C(CCCN1C2CCC1CC(c1ccccc1)C2)c1ccc(F)cc1,6.9747
O=C(CCCN1C2CCC1CC(O)(c1ccccc1)C2)c1ccc(F)cc1,7.9101
O=C(CCCN1CCN(c2ccc(Cl)cc2)CC1)c1ccc(F)cc1,6.9602
CNCc1cc(F)ccc1Oc1ccccc1,6.1739
CN(C)Cc1ccccc1Oc1ccc(Cl)c(Cl)c1,6.8416
CN(C)Cc1ccccc1Oc1ccc(Cl)cc1,5.7033
CNCc1cc(F)ccc1Oc1ccc(Cl)c(Cl)c1,6.6861
CN(C)Cc1cc(N)ccc1Oc1ccc(Cl)c(Cl)c1,6.1403
CNCc1ccccc1Oc1ccc(Cl)c(Cl)c1,6.1421
CN(C)Cc1cc(CC(N)=O)ccc1Oc1ccc(Cl)c(Cl)c1,5.6498
CSc1ccc(Oc2ccccc2CN(C)C)cc1,6.3391
CC(c1ccccc1Oc1ccc(Cl)c(Cl)c1)N(C)C,7.0565
Cc1ccc(Oc2ccccc2CN(C)C)cc1,7.1296
CN(C)Cc1ccc(C(F)(F)F)cc1Oc1ccc(Cl)c(Cl)c1,7.3820
CN(C)Cc1ccccc1Oc1ccc(F)c(F)c1,6.0000
CNCc1cc(F)ccc1Oc1ccc(C)c(C)c1,7.2807
CNCc1ccccc1Oc1ccc(C)c(C)c1,7.1778
CNCc1ccccc1Oc1ccc(Cl)cc1,5.9788
CNC(C)c1ccccc1Oc1ccc(C)cc1,7.2588
CNCc1ccc(C(F)(F)F)cc1Oc1ccc(Cl)c(Cl)c1,6.4413
CNCc1ccc(Cl)cc1Oc1ccc(Cl)c(Cl)c1,7.0482
CNC(C)c1cc(F)ccc1Oc1ccc(Cl)c(Cl)c1,6.5214
CNCc1ccc(F)cc1Oc1ccc(Cl)c(Cl)c1,6.1864
CNC(C)c1ccccc1Oc1ccc(Cl)c(Cl)c1,6.4214
CNC(C)c1ccccc1Oc1ccc(Cl)cc1,6.7471
CNCc1cc(OC)ccc1Oc1ccc(Cl)c(Cl)c1,5.8386
CNCc1cc(F)ccc1Oc1ccc(Cl)cc1,6.3054
CNC(C)c1cc(F)ccc1Oc1ccc(Cl)cc1,6.6861
Cc1ccc(Oc2ccc(Cl)c(Cl)c2)c(CN(C)C)c1,6.4248
CNCc1ccc(Br)cc1Oc1ccc(Cl)c(Cl)c1,7.1752
CNCc1cc(Br)ccc1Oc1ccc(Cl)c(Cl)c1,6.1040
CNCc1cc(OC)c(OC)cc1Oc1ccc(Cl)c(Cl)c1,6.6038
COc1ccc(CN(C)C)c(Oc2ccc(Cl)c(Cl)c2)c1,7.4342
CNCc1cc(C#N)ccc1Oc1ccc(Cl)c(Cl)c1,5.4976
CNCc1cc(S(=O)(=O)NC)ccc1Oc1ccc(Cl)c(Cl)c1,5.2541
CNCc1cc(C)c(C)cc1Oc1ccc(Cl)c(Cl)c1,7.1002
CNCc1ccc(C#N)cc1Oc1ccc(Cl)c(Cl)c1,6.5017
CNCc1cc(C(N)=O)ccc1Oc1ccc(Cl)c(Cl)c1,5.8097
CNCc1cc(C(F)(F)F)ccc1Oc1ccc(Cl)c(Cl)c1,5.7447
CNCc1cc(F)c(Cl)cc1Oc1ccc(Cl)c(Cl)c1,6.6383
CNCc1ccc(OC)cc1Oc1ccc(Cl)c(Cl)c1,6.9788
CNCc1cc(F)ccc1Oc1ccc(Cl)c(F)c1,5.6968
CNCc1cc(F)ccc1Oc1ccc(F)c(Cl)c1,6.2403
CNC(C)c1cc(C(F)(F)F)ccc1Oc1ccc(Cl)c(Cl)c1,6.5361
CNC(C)c1cc(C)ccc1Oc1ccc(Cl)c(Cl)c1,6.7645
CNCc1cc(F)ccc1Oc1ccc(-c2ccccc2)cc1,6.4225
CNC(C)c1ccc(OC)cc1Oc1ccc(Cl)c(Cl)c1,7.0555
CNCc1cc(F)c(OC)cc1Oc1ccc(Cl)c(Cl)c1,7.1273
CNCc1ccc(C(F)(F)F)cc1Oc1ccc(Cl)cc1,6.4895
CNCc1cc(C(F)(F)F)ccc1Oc1ccc(C)cc1,7.4597
CNCc1ccc(Cl)cc1Oc1ccc(C)c(C)c1,8.4660
CNCc1ccc(Cl)cc1Oc1ccc(C)cc1,8.9281
CCc1cc(Oc2ccc(F)cc2CNC)ccc1Cl,6.5622
CCc1cc(Oc2cc(Cl)ccc2CNC)ccc1Cl,7.3270
CNCc1ccc(Cl)cc1Oc1ccc(Cl)cc1,8.1811
CNC(C)c1ccc(Cl)cc1Oc1ccc(C)cc1,8.4510
CNC(C)c1ccc(Cl)cc1Oc1ccc(C)c(C)c1,8.1662
CNCc1cc(Cl)ccc1Oc1ccc(C)c(C)c1,7.2924
CNCc1cc(Cl)ccc1Oc1ccc(Cl)c(Cl)c1,6.3675
CNCc1cc(Cl)ccc1Oc1ccc(Cl)cc1,7.0448
CNCc1ccc(Cl)cc1Oc1ccc(C)c(Cl)c1,8.0405
CNCc1ccc(Cl)cc1Oc1ccc(Cl)c(C)c1,8.0438
CNCc1ccc(Cl)cc1Oc1cccc(Cl)c1,7.3134
CNCc1ccc(Cl)cc1Oc1ccc(F)c(C)c1,7.4828
CNCc1ccc(Cl)cc1Oc1ccc(F)c(Cl)c1,7.2154
CNCc1ccc(Cl)cc1Oc1ccc(F)c(C(F)(F)F)c1,7.3107
CNCc1ccc(Cl)cc1Oc1ccc(Cl)c(F)c1,7.2358
CN(C)CCC1=C(Cc2ccc(F)cc2)c2ccccc2C1,9.8539
CN(C)CCC1=C(Cc2cnccn2)c2ccccc2C1,9.2218
CN(C)CCc1sc2ccccc2c1Cc1ccc(F)cc1,10.0458
O=C1N(CCN2Cc3ccccc3C2)CCN1c1cccc(Cl)c1,6.2000
CCN(CC)C(=O)[C@@H]1C=C2c3cccc4[nH]cc(c34)C[C@H]2N(C(=O)Nc2ccccc2)C1,6.1249
CCN(CC)C(=O)[C@@H]1C=C2c3cccc4[nH]cc(c34)C[C@H]2NC1,8.2218
O=C1CC(CN2CCC(C(=O)c3ccc(F)cc3)CC2)Cc2ncncc21,6.5100
O=C1CC(CN2CCC(c3noc4cc(F)ccc34)CC2)Cc2ncncc21,7.6300
CSc1ncc2c(n1)CC(CN1CCC(C(=O)c3ccc(F)cc3)CC1)CC2=O,6.9900
CSc1ncc2c(n1)CC(CN1CCC(c3noc4cc(F)ccc34)CC1)CC2=O,8.3400
CNc1ncc2c(n1)CC(CN1CCC(C(=O)c3ccc(F)cc3)CC1)CC2=O,8.1900
CNc1ncc2c(n1)CC(CN1CCC(c3noc4cc(F)ccc34)CC1)CC2=O,8.6200
O=C1CC(CN2CCC(C(=O)c3ccc(F)cc3)CC2)Cc2nc(-c3ccccc3)ncc21,6.2000
O=C1CC(CN2CCC(c3noc4cc(F)ccc34)CC2)Cc2nc(-c3ccccc3)ncc21,6.9000
CN(C)CCn1cc(S(=O)(=O)c2cccc(F)c2)c2cccnc21,6.4547
CN(C)CCn1cc(S(=O)(=O)c2cccc(Cl)c2)c2cccnc21,6.8827
NCCn1cc(S(=O)(=O)c2cccc(Cl)c2)c2cccnc21,7.9586
CN(C)CCn1cc(S(=O)(=O)c2cccc3ccccc23)c2cccnc21,6.0278
Cn1ncc(Br)c1-c1cc(NC(=O)Nc2ccc(Cl)cc2)ccc1OCCN1CCCC1,9.1370
Cn1ncc(Cl)c1-c1cc(NC(=O)Nc2ccc(Cl)cc2)ccc1OCCN1CCCC1,9.5850
Cn1nccc1-c1cc(NC(=O)Nc2ccc(Cl)cc2)ccc1OCCN1CCCC1,9.8239
Cn1ncc(Br)c1-c1cc(NC(=O)Nc2ccc(Cl)cc2)ccc1OCCN1CCCCC1,9.1805
Cn1ncc(Cl)c1-c1cc(NC(=O)Nc2ccc(Cl)cc2)ccc1OCCN1CCCCC1,9.3665
Cn1nccc1-c1cc(NC(=O)Nc2ccc(Cl)cc2)ccc1OCCN1CCCCC1,9.3872
Cn1ncc(Br)c1-c1cc(NC(=O)Nc2ccc(Cl)cc2)ccc1OCCN1CCOCC1,9.2007
Cn1ncc(Cl)c1-c1cc(NC(=O)Nc2ccc(Cl)cc2)ccc1OCCN1CCOCC1,9.2147
Cn1nccc1-c1cc(NC(=O)Nc2ccc(Cl)cc2)ccc1OCCN1CCOCC1,9.7212
CCN(CC)CCOc1ccc(NC(=O)Nc2ccc(Cl)cc2)cc1-c1ccnn1C,9.3665
CCN(CC)CCCOc1ccc(NC(=O)Nc2ccc(Cl)cc2)cc1-c1ccnn1C,9.2596
O=c1ccc(N2CCNCC2)nn1CCOc1ccccc1Cl,6.5952
C[C@@H]1CNCCN1c1ccc(=O)n(CCOc2ccccc2Cl)n1,6.9431
C[C@@H](COc1ccccc1Cl)n1nc(N2CCNCC2)ccc1=O,7.1871
O=c1ccc(N2CCNCC2)nn1CCOc1ccccc1C(F)(F)F,5.9626
C[C@@H]1CNCCN1c1ccc(=O)n(CCOc2ccccc2C(F)(F)F)n1,7.3872
Clc1ccccc1CCOc1cncc(N2CCNCC2)n1,6.5114
Cn1nccc1-c1cc(NC(=O)Nc2ccc(Cl)cc2)ccc1OCCCN1CCOCC1,8.3979
Cn1nccc1-c1cc(NC(=O)Nc2ccc(Cl)cc2)ccc1OCCN1CCSCC1,9.2366
Cn1nccc1-c1cc(NC(=O)Nc2ccc(Cl)cc2)ccc1OCCN1CCCOCC1,9.6576
Cn1nccc1-c1cc(NC(=O)Nc2ccc(Cl)cc2)ccc1OCCN1CCNCC1,7.7545
CN1CCN(CCOc2ccc(NC(=O)Nc3ccc(Cl)cc3)cc2-c2ccnn2C)CC1,8.6778
CC(=O)N1CCN(CCOc2ccc(NC(=O)Nc3ccc(Cl)cc3)cc2-c2ccnn2C)CC1,9.0177
Cn1nccc1-c1cc(NC(=O)Nc2ccc(Cl)cc2)ccc1OCCN1CCC(O)CC1,9.3768
COC1CCN(CCOc2ccc(NC(=O)Nc3ccc(Cl)cc3)cc2-c2ccnn2C)CC1,9.9208
Cn1nccc1-c1cc(NC(=O)Nc2ccc(Cl)cc2)ccc1OCCN1CCC1,9.1612
COC1CN(CCOc2ccc(NC(=O)Nc3ccc(Cl)cc3)cc2-c2ccnn2C)C1,9.0044
CC1CCCCN1CCOc1ccc(NC(=O)Nc2ccc(Cl)cc2)cc1-c1ccnn1C,9.0757
C[C@@H]1CCC[C@H](C)N1CCOc1ccc(NC(=O)Nc2ccc(Cl)cc2)cc1-c1ccnn1C,7.7905
Cn1nccc1-c1cc(NC(=O)Nc2ccccc2)ccc1OCCN1CCCCC1,8.8539
Cn1nccc1-c1cc(NC(=O)Nc2ccccc2Cl)ccc1OCCN1CCCCC1,8.6021
Cn1nccc1-c1cc(NC(=O)Nc2cccc(Cl)c2)ccc1OCCN1CCCCC1,9.4815
Cn1nccc1-c1cc(NC(=O)Nc2ccccc2F)ccc1OCCN1CCCCC1,8.2147
Cn1nccc1-c1cc(NC(=O)Nc2cccc(F)c2)ccc1OCCN1CCCCC1,9.0044
Cn1nccc1-c1cc(NC(=O)Nc2ccc(F)cc2)ccc1OCCN1CCCCC1,9.0757
Cc1ccc(NC(=O)Nc2ccc(OCCN3CCCCC3)c(-c3ccnn3C)c2)cc1,8.8539
COc1cccc(NC(=O)Nc2ccc(OCCN3CCCCC3)c(-c3ccnn3C)c2)c1,8.4815
COc1ccc(NC(=O)Nc2ccc(OCCN3CCCCC3)c(-c3ccnn3C)c2)cc1,9.2676
Cn1nccc1-c1cc(NC(=O)Nc2cccc(C(F)(F)F)c2)ccc1OCCN1CCCCC1,9.6021
Cn1nccc1-c1cc(NC(=O)Nc2ccc(C(F)(F)F)cc2)ccc1OCCN1CCCCC1,9.4685
CC(=O)c1cccc(NC(=O)Nc2ccc(OCCN3CCCCC3)c(-c3ccnn3C)c2)c1,7.8447
Cn1nccc1-c1cc(NC(=O)Nc2ccc(F)cc2F)ccc1OCCN1CCCCC1,8.4949
Cc1ccc(F)c(NC(=O)Nc2ccc(OCCN3CCCCC3)c(-c3ccnn3C)c2)c1,8.6778
Cn1nccc1-c1cc(NC(=O)Nc2cc(F)cc(F)c2)ccc1OCCN1CCCCC1,9.0410
CCN(CC)CCOc1ccc(NC(=O)Nc2ccc(F)cc2)cc1-c1ccnn1C,9.0655
Cn1ncc(Br)c1-c1cc(NC(=O)Nc2ccc(F)cc2F)ccc1OCCN1CCCC1,9.7447
Cn1ncc(Cl)c1-c1cc(NC(=O)Nc2ccc(F)cc2F)ccc1OCCN1CCCC1,9.5528
Cn1ncc(Br)c1-c1cc(NC(=O)Nc2ccc(F)cc2)ccc1OCCN1CCCC1,9.4437
Cn1ncc(Br)c1-c1cc(NC(=O)Nc2ccc(O)cc2)ccc1OCCN1CCCC1,8.7212
Cn1ncc(Cl)c1-c1cc(NC(=O)Nc2ccc(F)cc2F)ccc1OCCN1CCOCC1,9.8239
Cn1ncc(Cl)c1-c1cc(NC(=O)Nc2cc(F)cc(F)c2)ccc1OCCN1CCOCC1,9.5086
Cn1nccc1-c1cc(NC(=O)Nc2cccc(F)c2)ccc1OCCN1CCOCC1,9.0862
O=C1Cc2c(ccc3c2OC[C@H](CNCCCC2CCc4c([nH]c5ccc(F)cc45)C2)O3)N1,8.2218
O=C1Cc2c(ccc3c2OC[C@H](CNCC2CCc4[nH]c5ccc(F)cc5c4C2)O3)N1,8.6990
O=c1[nH]c2cccc(N3CCN(CC4CCc5[nH]c6ccc(F)cc6c5C4)CC3)c2o1,6.8861
O=c1[nH]c2cccc(N3C[C@H]4C[C@@H]3CN4CC3CCc4[nH]c5ccc(F)cc5c4C3)c2o1,5.7447
CNCCC1c2ccccc2Cc2ccccc21,7.0362
CN(C)CCC1c2ccccc2Cc2ccccc21,7.0757
CN(C)CC(c1ccccc1)c1ccccc1,5.1334
CNCCC(c1ccccc1)c1ccccc1,5.8245
CN(C)CCC(c1ccccc1)c1ccccc1,5.7862
NCCCC(c1ccccc1)c1ccccc1,5.5869
CNCCCC(c1ccccc1)c1ccccc1,6.1226
CN(C)CCCC(c1ccccc1)c1ccccc1,5.9389
CNCCc1cccc2[nH]cc(S(=O)(=O)c3ccccc3)c12,6.2602
CCNCCc1cccc2[nH]cc(S(=O)(=O)c3ccccc3)c12,6.1997
CCCNCCc1cccc2[nH]cc(S(=O)(=O)c3ccccc3)c12,6.2014
CC(C)NCCc1cccc2[nH]cc(S(=O)(=O)c3ccccc3)c12,6.5728
O=S(=O)(c1ccccc1)c1c[nH]c2cccc(CCNC3CCCC3)c12,7.6149
CN(C)CCc1cccc2[nH]cc(S(=O)(=O)c3ccccc3)c12,6.4599
CCN(C)CCc1cccc2[nH]cc(S(=O)(=O)c3ccccc3)c12,6.3668
O=S(=O)(c1ccccc1)c1c[nH]c2cccc(CCN3CCCC3)c12,6.7601
O=S(=O)(c1ccccc1)c1c[nH]c2cccc(CCN3CCCCC3)c12,6.9869
O=S(=O)(c1ccccc1)c1c[nH]c2cccc(CCN3CCCCCC3)c12,7.3213
CC1CCCCN1CCc1cccc2[nH]cc(S(=O)(=O)c3ccccc3)c12,7.0434
CC1CCCN(CCc2cccc3[nH]cc(S(=O)(=O)c4ccccc4)c23)C1,7.2907
CCN(C)CCCc1cccc2[nH]cc(S(=O)(=O)c3ccccc3)c12,6.2342
CC(C)NCCCc1cccc2[nH]cc(S(=O)(=O)c3ccccc3)c12,5.7158
O=S(=O)(c1ccccc1)c1c[nH]c2cccc(CCCN3CCCCC3)c12,5.5835
CN1CCN2c3ccccc3Cc3ccccc3[C@H]2C1,8.5229
Cc1ccc(F)cc1CO[C@H]1CCc2ccc(N3CCNC[C@H]3C)nc21,6.7690
c1cc2c(nc1N1CCNCC1)CCCC2,5.6572
Clc1ccccc1O[C@H]1CCCc2ccc(N3CCNCC3)nc21,7.1549
Clc1ccccc1O[C@@H]1CCCc2ccc(N3CCNCC3)nc21,6.2381
Clc1ccccc1OC1CCc2ccc(N3CCNCC3)nc21,6.6271
Clc1ccccc1O[C@H]1CCc2ccc(N3CCNCC3)nc21,7.0605
Clc1ccccc1O[C@@H]1CCc2ccc(N3CCNCC3)nc21,5.8824
Fc1ccc(F)c(CO[C@H]2CCc3ccc(N4CCNCC4)nc32)c1,5.8239
C[C@@H]1CNCCN1c1ccc2c(n1)[C@@H](OCc1cc(F)ccc1F)CC2,5.8453
COc1cc2c3c(c1OC)-c1cc4c(cc1CC3N(C)CC2)OCO4,6.0799
Cc1ccc2c(c1)c1c(n2CCc2ccc(C)nc2)CCN(C)C1,6.6746
Cc1ccc(CCn2c3c(c4cc(C)ccc42)CN(C)CC3)cc1,8.9602
Cc1ccc2c(c1)c1c(n2CCc2ccccc2)CCN(C)C1,8.9208
Cc1ccc2c(c1)c1c(n2/C=C\c2ccccc2)CCN(C)C1,9.0000
O=S(=O)(c1cccc2ccccc12)N(CCCN1CCN(c2ccccc2)CC1)CC1CCCCC1,8.5850
O=S(=O)(c1ccc(C(F)(F)F)cc1)N(CCCN1CCN(c2ccccc2)CC1)CC1CCCCC1,8.1487
O=S(=O)(c1ccc(F)cc1)N(CCCN1CCN(c2ccccc2)CC1)CC1CCCCC1,7.8794
O=[N+]([O-])c1ccc(S(=O)(=O)N(CCCN2CCN(c3ccccc3)CC2)CC2CCCCC2)cc1,8.3768
COc1ccc(S(=O)(=O)N(CCCN2CCN(c3ccccc3)CC2)CC2CCCCC2)cc1,8.0269
COc1ccc(S(=O)(=O)N(CCCN2CCN(c3ccccc3OC)CC2)CC2CCCCC2)cc1,7.7878
COc1ccc(S(=O)(=O)N(CCCN2CCN(c3cccc(C(F)(F)F)c3)CC2)CC2CCCCC2)cc1,7.7100
COc1ccc(S(=O)(=O)N(CCCN2CCN(c3ccc(F)cc3)CC2)CC2CCCCC2)cc1,8.4685
O=S(=O)(c1ccc2ccccc2c1)N(CCCN1CCN(c2ccccc2)CC1)CC1CCCCC1,9.1549
COc1ccccc1N1CCN(CCCN(CC2CCCCC2)S(=O)(=O)c2ccc3ccccc3c2)CC1,7.9355
O=S(=O)(c1ccc2ccccc2c1)N(CCCN1CCN(c2cccc(C(F)(F)F)c2)CC1)CC1CCCCC1,7.8827
O=S(=O)(c1ccc2ccccc2c1)N(CCCN1CCN(c2ccc(F)cc2)CC1)CC1CCCCC1,9.3010
O=S(=O)(c1cccc2cccnc12)N(CCCN1CCN(c2ccccc2)CC1)CC1CCCCC1,7.4609
COc1ccccc1N1CCN(CCCN(CC2CCCCC2)S(=O)(=O)c2cccc3cccnc23)CC1,7.2226
O=S(=O)(c1cccc2cccnc12)N(CCCN1CCN(c2cccc(C(F)(F)F)c2)CC1)CC1CCCCC1,7.5361
O=S(=O)(c1cccc2cccnc12)N(CCCN1CCN(c2ccc(F)cc2)CC1)CC1CCCCC1,8.2924
O=S(=O)(c1cccc2cccnc12)N(CCCN1CCN(c2ccc(Cl)c(Cl)c2)CC1)CC1CCCCC1,8.1135
O=S(=O)(c1cccc2ccccc12)N(CCCN1CCN(c2ccccc2)CC1)CC1CC1,6.7670
O=S(=O)(c1ccc(C(F)(F)F)cc1)N(CCCN1CCN(c2ccccc2)CC1)CC1CC1,7.1500
O=S(=O)(c1ccc(F)cc1)N(CCCN1CCN(c2ccccc2)CC1)CC1CC1,6.8477
O=[N+]([O-])c1ccc(S(=O)(=O)N(CCCN2CCN(c3ccccc3)CC2)CC2CC2)cc1,6.7447
COc1ccc(S(=O)(=O)N(CCCN2CCN(c3ccccc3)CC2)CC2CC2)cc1,6.8665
COc1ccc(S(=O)(=O)N(CCCN2CCN(c3ccccc3OC)CC2)CC2CC2)cc1,5.6556
COc1ccc(S(=O)(=O)N(CCCN2CCN(c3cccc(C(F)(F)F)c3)CC2)CC2CC2)cc1,6.1391
COc1ccc(S(=O)(=O)N(CCCN2CCN(c3ccc(F)cc3)CC2)CC2CC2)cc1,7.1397
O=S(=O)(c1ccc2ccccc2c1)N(CCCN1CCN(c2ccccc2)CC1)CC1CC1,7.4449
COc1ccccc1N1CCN(CCCN(CC2CC2)S(=O)(=O)c2ccc3ccccc3c2)CC1,7.0665
O=S(=O)(c1ccc2ccccc2c1)N(CCCN1CCN(c2cccc(C(F)(F)F)c2)CC1)CC1CC1,6.6556
O=S(=O)(c1ccc2ccccc2c1)N(CCCN1CCN(c2ccc(F)cc2)CC1)CC1CC1,7.2924
O=S(=O)(c1cccc2cccnc12)N(CCCN1CCN(c2ccccc2)CC1)CC1CC1,6.5346
COc1ccccc1N1CCN(CCCN(CC2CC2)S(=O)(=O)c2cccc3cccnc23)CC1,6.2510
O=S(=O)(c1cccc2cccnc12)N(CCCN1CCN(c2cccc(C(F)(F)F)c2)CC1)CC1CC1,7.1249
O=S(=O)(c1cccc2cccnc12)N(CCCN1CCN(c2ccc(F)cc2)CC1)CC1CC1,8.0809
CC(CCN1CCN(c2ccccc2)CC1)NS(=O)(=O)c1ccc2ccccc2c1,7.8962
COc1ccccc1N1CCN(CCC(C)NS(=O)(=O)c2ccc3ccccc3c2)CC1,6.1778
CC(CCN1CCN(c2cccc(C(F)(F)F)c2)CC1)NS(=O)(=O)c1ccc2ccccc2c1,6.7447
CC(CCN1CCN(c2ccc(F)cc2)CC1)NS(=O)(=O)c1ccc2ccccc2c1,8.2076
O=C1NC2CNCCN2c2ccccc21,5.7033
Cc1cccc2c1C(=O)NC1CNCCN21,5.9943
Cc1ccc2c(c1)N1CCNCC1NC2=O,6.2218
Cc1ccc2c(c1)C(=O)NC1CNCCN21,5.9136
O=C1NC2CNCCN2c2cccc(Cl)c21,6.4763
O=C1NC2CNCCN2c2ccc(Cl)cc21,6.4012
O=C1NC2CNCCN2c2cccc(C(F)(F)F)c21,6.7352
O=C1NC2CCNCCN2c2ccccc21,6.5879
Cc1cccc2c1C(=O)NC1CCNCCN21,7.0028
O=C1NC2CCNCCN2c2cccc(Cl)c21,6.8304
Cc1ccc2c(c1)N1CCNCCC1NC2=O,6.3429
O=C1NC2CNCCCN2c2cccc(Cl)c21,4.8677
COc1ccc2c3c(ccc2c1)Cc1ccccc1C3CN,7.6778
c1ccc(CCNCC2c3ccccc3Cc3ccccc32)cc1,6.3979
c1ccc(CCCNCC2c3ccccc3Cc3ccccc32)cc1,6.6517
c1ccc(CCCCNCC2c3ccccc3Cc3ccccc32)cc1,6.4377
Cn1ncc(Br)c1-c1cccc(NC(=O)Nc2ccc(OC(F)(F)F)cc2)c1,6.9208
COc1ccc(NC(=O)Nc2ccc(Cl)cc2)cc1-c1c(Br)cnn1C,9.1549
COc1ccc(NC(=O)Nc2cccc(Cl)c2)cc1-c1c(Br)cnn1C,9.5000
COc1ccc(NC(=O)Nc2ccc(F)cc2)cc1-c1c(Br)cnn1C,9.6000
COc1ccc(NC(=O)Nc2cccc(F)c2)cc1-c1c(Br)cnn1C,9.3000
COc1ccc(NC(=O)Nc2ccccc2F)cc1-c1c(Br)cnn1C,8.9000
COc1ccc(NC(=O)Nc2ccc(Br)cc2)cc1-c1c(Br)cnn1C,9.4500
COc1ccc(NC(=O)Nc2cccc(C(F)(F)F)c2)cc1-c1c(Br)cnn1C,9.4000
COc1ccc(NC(=O)Nc2ccc(C(F)(F)F)cc2)cc1-c1c(Br)cnn1C,9.1500
COc1ccc(NC(=O)Nc2cccc(C(C)=O)c2)cc1-c1c(Br)cnn1C,8.5000
COc1ccc(NC(=O)Nc2ccc(OC)c(-c3c(Br)cnn3C)c2)cc1,9.3500
COc1ccc(NC(=O)Nc2ccc(N(C)C)cc2)cc1-c1c(Br)cnn1C,8.0500
COc1ccc(NC(=O)Nc2ccc(C(C)C)cc2)cc1-c1c(Br)cnn1C,9.0500
COc1ccc(NC(=O)Nc2cccc(C#N)c2)cc1-c1c(Br)cnn1C,8.7500
COc1ccc(NC(=O)Nc2ccc(Cl)cc2)cc1-c1c(Br)cnn1C(C)C,9.1000
COc1ccc(NC(=O)Nc2ccc(F)cc2)cc1-c1c(Br)cnn1C(C)C,9.3000
Cn1ncc(Br)c1-c1cc(NC(=O)Nc2ccc(Cl)cc2)ccc1O,9.1000
Cn1ncc(Br)c1-c1cc(NC(=O)Nc2ccc(Cl)cc2)ccc1OC(F)(F)F,8.4500
CCOc1ccc(NC(=O)Nc2ccc(Cl)cc2)cc1-c1c(Br)cnn1C,9.2000
CC(C)Oc1ccc(NC(=O)Nc2ccc(Cl)cc2)cc1-c1c(Br)cnn1C,9.1500
Cn1ncc(Br)c1-c1cc(NC(=O)Nc2ccc(Cl)cc2)ccc1OCc1ccccc1,8.2000
Cn1ncc(Br)c1-c1cc(NC(=O)Nc2ccc(Cl)cc2)ccc1OCc1ccc(Cl)cc1,7.8000
Cn1ncc(Br)c1-c1cc(NC(=O)Nc2ccc(Cl)cc2)ccc1OCCc1ccccc1,7.7500
COc1ccc(NC(=O)Nc2ccc(Cl)cc2)cc1-c1c(Cl)cnn1C,9.5500
COc1ccc(NC(=O)Nc2ccc(Cl)cc2)cc1-c1ccnn1C,8.9000
COc1ccc(NC(=O)Nc2ccc(Cl)cc2Cl)cc1-c1c(Br)cnn1C,9.3000
COc1ccc(NC(=O)Nc2cc(F)cc(F)c2)cc1-c1c(Br)cnn1C,9.2000
COc1ccc(NC(=O)Nc2ccc(F)cc2F)cc1-c1c(Br)cnn1C,9.2000
COc1ccc(NC(=O)Nc2ccc(F)cc2F)cc1-c1c(Cl)cnn1C,9.1000
COc1ccc(NC(=O)Nc2ccc(F)c(F)c2)cc1-c1c(Cl)cnn1C,9.4500
COc1ccc(NC(=O)Nc2ccc(F)c(F)c2)cc1-c1c(F)cnn1C,8.7500
COc1ccc(NC(=O)Nc2cc(C(F)(F)F)cc(C(F)(F)F)c2)cc1-c1c(Br)cnn1C,9.0500
COc1ccc(NC(=O)Nc2cc(C(F)(F)F)cc(C(F)(F)F)c2)cc1-c1c(Cl)cnn1C,8.7000
COc1ccc(NC(=O)Nc2ccc(Cl)cc2C(F)(F)F)cc1-c1c(Br)cnn1C,8.9500
COc1ccc(NC(=O)Nc2ccc(Cl)c(C(F)(F)F)c2)cc1-c1c(Br)cnn1C,9.3000
Cn1ncc(Br)c1-c1cccc(NC(=O)Nc2ccc(Cl)cc2)c1,7.7212
CCOC[C@H]1[C@@H]2CNC[C@@]21c1ccc(Cl)c(Cl)c1,6.8000
O=C1N(CC2CCCCN2)CCN1c1cccc(Cl)c1,5.8000
c1ccc(N2CCN(CC3CCCCN3)C2)cc1,5.6000
Cc1[nH]c(-c2ccccc2)cc1C(=O)NCCCN1CCN(c2cccc(Cl)c2)CC1,6.6108
Cc1c(C(=O)NCCCN2CCN(c3cccc(Cl)c3)CC2)cc(-c2ccccc2)n1C,7.0362
CCn1c(-c2ccccc2)cc(C(=O)NCCCN2CCN(c3cccc(Cl)c3)CC2)c1C,7.0362
CCCn1c(-c2ccccc2)cc(C(=O)NCCCN2CCN(c3cccc(Cl)c3)CC2)c1C,6.7190
Cc1c(C(=O)NCCCN2CCN(c3cccc(Cl)c3)CC2)cc(-c2ccccc2)n1CC(C)C,6.4776
Cc1c(C(=O)NCCCN2CCN(c3cccc(Cl)c3)CC2)cc(-c2ccccc2)n1N1CCCCC1,6.3556
Cc1c(C(=O)NCCCN2CCN(c3cccc(Cl)c3)CC2)cc(-c2ccccc2)n1-c1ccc(F)cc1,7.6402
Cc1c(C(=O)NCCCN2CCN(c3cccc(Cl)c3)CC2)cc(-c2ccccc2)n1Cc1ccccc1,6.7471
Cc1c(C(=O)NCCCN2CCN(c3cccc(Cl)c3)CC2)cc(-c2ccccc2)n1CC1CCCCC1,5.9718
Cc1cccc(N2CCN(CCCNC(=O)c3cc(-c4ccccc4)[nH]c3C)CC2)c1C,6.5229
Cc1cccc(N2CCN(CCCNC(=O)c3cc(-c4ccccc4)n(C)c3C)CC2)c1C,7.2441
CCn1c(-c2ccccc2)cc(C(=O)NCCCN2CCN(c3cccc(C)c3C)CC2)c1C,7.1249
CCCn1c(-c2ccccc2)cc(C(=O)NCCCN2CCN(c3cccc(C)c3C)CC2)c1C,6.8894
Cc1cccc(N2CCN(CCCNC(=O)c3cc(-c4ccccc4)n(CC(C)C)c3C)CC2)c1C,6.0472
Cc1cccc(N2CCN(CCCNC(=O)c3cc(-c4ccccc4)n(N4CCCCC4)c3C)CC2)c1C,6.8761
Cc1cccc(N2CCN(CCCNC(=O)c3cc(-c4ccccc4)n(-c4ccc(F)cc4)c3C)CC2)c1C,8.1612
Cc1cccc(N2CCN(CCCNC(=O)c3cc(-c4ccccc4)n(Cc4ccccc4)c3C)CC2)c1C,6.6498
Cc1cccc(N2CCN(CCCNC(=O)c3cc(-c4ccccc4)n(CC4CCCCC4)c3C)CC2)c1C,5.9090
Cc1[nH]c(-c2ccccc2)cc1C(=O)NCCCN1CCN(c2cccc(Cl)c2Cl)CC1,6.5229
Cc1c(C(=O)NCCCN2CCN(c3cccc(Cl)c3Cl)CC2)cc(-c2ccccc2)n1C,7.3363
CCn1c(-c2ccccc2)cc(C(=O)NCCCN2CCN(c3cccc(Cl)c3Cl)CC2)c1C,6.4248
CCCn1c(-c2ccccc2)cc(C(=O)NCCCN2CCN(c3cccc(Cl)c3Cl)CC2)c1C,6.4895
Cc1c(C(=O)NCCCN2CCN(c3cccc(Cl)c3Cl)CC2)cc(-c2ccccc2)n1CC(C)C,6.3915
Cc1c(C(=O)NCCCN2CCN(c3cccc(Cl)c3Cl)CC2)cc(-c2ccccc2)n1N1CCCCC1,7.1733
Cc1c(C(=O)NCCCN2CCN(c3cccc(Cl)c3Cl)CC2)cc(-c2ccccc2)n1-c1ccc(F)cc1,8.3872
Cc1c(C(=O)NCCCN2CCN(c3cccc(Cl)c3Cl)CC2)cc(-c2ccccc2)n1Cc1ccccc1,6.4510
Cc1c(C(=O)NCCCN2CCN(c3cccc(Cl)c3Cl)CC2)cc(-c2ccccc2)n1CC1CCCCC1,5.3582
Cc1[nH]c(-c2ccccc2)cc1C(=O)NCCN1CCN(c2cccc(Cl)c2Cl)CC1,7.3979
Cc1c(C(=O)NCCN2CCN(c3cccc(Cl)c3Cl)CC2)cc(-c2ccccc2)n1C,6.7570
CCCn1c(-c2ccccc2)cc(C(=O)NCCN2CCN(c3cccc(Cl)c3Cl)CC2)c1C,6.3893
Cc1c(C(=O)NCCCCN2CCN(c3cccc(Cl)c3Cl)CC2)cc(-c2ccccc2)n1C,7.5528
CCCn1c(-c2ccccc2)cc(C(=O)NCCCCN2CCN(c3cccc(Cl)c3Cl)CC2)c1C,6.9830
Cc1cccc(N2CCN(CCCCNC(=O)c3cc(-c4ccccc4)[nH]c3C)CC2)c1C,8.0000
Cc1cccc(N2CCN(CCCCNC(=O)c3cc(-c4ccccc4)n(C)c3C)CC2)c1C,7.2147
CCCn1c(-c2ccccc2)cc(C(=O)NCCCCN2CCN(c3cccc(C)c3C)CC2)c1C,6.1013
O=S1(=O)N(CCN2CC=C(c3c[nH]c4cc(F)ccc34)CC2)c2cccc3c2N1CCC3,9.0915
Fc1ccc(OC[C@@H]2CNCCO2)c2c1CCC2,7.0655
COc1cc(OC2CCC(C)(C)CC2)c(F)cc1CNC(=O)[C@@H]1CCCN1,7.1247
CC1(C)CCC(Oc2cc(F)c(CNC(=O)[C@@H]3CCCN3)cc2F)CC1,7.3747
C[C@H]1CC[C@@H](Oc2c(F)cc(CNC(=O)[C@@H]3CCCN3)cc2F)CC1,6.8153
COc1cc(OCC2CCCCC2)c(F)cc1CNC(=O)[C@@H]1CCCN1,6.3010
O=S(=O)(c1cccc2cccnc12)N1CCC(CCc2ccc(F)cc2F)CC1,8.6778
O=S(=O)(c1ccccc1)c1ccc(/C=C/c2ccc(F)cc2F)cc1,8.8794
O=S(=O)(c1ccccc1)c1ccc(CCc2ccc(F)cc2F)cc1,8.8447
NC(=O)c1ccccc1S(=O)(=O)c1ccc(/C=C/c2ccc(F)cc2F)cc1,9.1871
NC(=O)c1cccc(S(=O)(=O)c2ccc(/C=C/c3ccc(F)cc3F)cc2)c1,9.6990
NC(=O)c1ccc(S(=O)(=O)c2ccc(/C=C/c3ccc(F)cc3F)cc2)cc1,9.1871
CC(O)c1ccccc1S(=O)(=O)c1ccc(/C=C/c2ccc(F)cc2)cc1,10.1549
C[C@H](O)c1ccccc1S(=O)(=O)c1ccc(/C=C/c2ccc(F)cc2)cc1,9.6576
Cn1nccc1-c1cc(NC(=O)c2ccc(C(F)(F)F)cc2)ccc1OCCN1CCCC1,8.7212
Cn1nccc1-c1cc(NC(=O)c2cccc(C(F)(F)F)c2)ccc1OCCN1CCCC1,8.4301
Cn1nccc1-c1cc(NC(=O)c2cccc(C(F)(F)F)c2)ccc1OCCN1CCC(F)(F)C1,7.9208
Cn1nccc1-c1cc(NC(=O)c2ccc(F)cc2F)ccc1OCCN1CCOCC1,8.0655
Cn1nccc1-c1cc(NC(=O)c2cccc(F)c2)ccc1OCCN1CCOCC1,8.2924
Cn1nccc1-c1cc(NC(=O)c2ccc(F)cc2)ccc1OCCN1CCOCC1,7.7447
Cn1ncc(Cl)c1-c1cc(NC(=O)c2cccc(F)c2)ccc1OCCN1CCOCC1,9.2218
Cn1nccc1-c1cc(NC(=O)c2ccc(C(F)(F)F)cc2)ccc1OCCN1CCOCC1,8.6198
Cn1nccc1-c1cc(NC(=O)c2cccc(C(F)(F)F)c2)ccc1OCCN1CCOCC1,9.1549
Cn1nccc1-c1cc(NC(=O)c2ccc(F)c(F)c2)ccc1OCCN1CCOCC1,8.3872
COc1cccc(C(=O)Nc2ccc(OCCN3CCOCC3)c(-c3ccnn3C)c2)c1,8.2969
Cn1nccc1-c1cc(NC(=O)c2cccc(C(F)(F)F)c2)ccc1OCCN1CCNC(=O)C1,6.5421
Cn1ncc(Cl)c1-c1cc(NC(=O)c2cccc(C(F)(F)F)c2)ccc1OCCN1CCNC(=O)C1,8.2757
CC(=O)N1CCN(CCOc2ccc(NC(=O)c3cccc(C(F)(F)F)c3)cc2-c2ccnn2C)CC1,8.3665
CC(=O)N1CCN(CCOc2ccc(NC(=O)c3cccc(F)c3)cc2-c2ccnn2C)CC1,7.8239
CC(=O)N1CCN(CCOc2ccc(NC(=O)c3cccc(F)c3)cc2-c2c(Cl)cnn2C)CC1,8.6576
COc1cccc(C(=O)Nc2ccc(OCCN3CCN(C(C)=O)CC3)c(-c3ccnn3C)c2)c1,8.3468
COc1cccc(C(=O)Nc2ccc(OCCN3CCN(C(N)=O)CC3)c(-c3ccnn3C)c2)c1,8.2924
COc1cccc(C(=O)Nc2ccc(OCCN3CCN(S(C)(=O)=O)CC3)c(-c3ccnn3C)c2)c1,7.5528
COc1cccc(C(=O)Nc2ccc(OCCNCCO)c(-c3ccnn3C)c2)c1,8.7447
COc1cccc(C(=O)Nc2ccc(OCCN)c(-c3ccnn3C)c2)c1,8.6576
Cc1ncccc1Oc1ccc(NC(=O)N2CCc3cc(Br)ccc32)cn1,5.4000
CCN1C(=N)N(C)/C(=C/c2c[nH]c3cc(F)ccc23)C1=O,6.7620
CCN1C(=N)N(C)/C(=C\c2c[nH]c3ccccc23)C1=O,6.1838
CN1C(=N)N(C)/C(=C/c2c[nH]c3ccccc23)C1=O,6.2233
CN1C(=N)N(C)/C(=C/c2c[nH]c3cc(F)ccc23)C1=O,6.6289
Cc1c(C(=O)NCCCN2CCN(c3ccc(Cl)cc3Cl)CC2)cc(-c2ccccc2)n1C,6.6716
Cc1c(C(=O)NCCCN2CCN(c3ccccc3Br)CC2)cc(-c2ccccc2)n1C,6.6556
COc1cccc(N2CCN(CCCNC(=O)c3cc(-c4ccccc4)n(C)c3C)CC2)c1OC,6.1765
Cc1c(C(=O)NCCCN2CCN(c3ccc(F)cc3)CC2)cc(-c2ccccc2)n1C,7.6576
Cc1c(C(=O)NCCCN2CCN(c3cccc4cccnc34)CC2)cc(-c2ccccc2)n1C,6.4535
Cc1ccc2cccc(N3CCN(CCCNC(=O)c4cc(-c5ccccc5)n(C)c4C)CC3)c2n1,6.0799
Cc1c(C(=O)NCCCN2CCN(c3ccncc3)CC2)cc(-c2ccccc2)n1C.Cl.Cl,5.3411
CCCn1c(-c2ccccc2)cc(C(=O)NCCCN2CCN(c3ccc(Cl)c(Cl)c3)CC2)c1C.Cl,7.2676
CCCn1c(-c2ccccc2)cc(C(=O)NCCCN2CCN(c3cccc(Br)c3)CC2)c1C,6.6556
CCCn1c(-c2ccccc2)cc(C(=O)NCCCN2CCN(c3ccccc3OC)CC2)c1C,6.0209
CCCn1c(-c2ccccc2)cc(C(=O)NCCCN2CCN(c3cccc(OC)c3)CC2)c1C,6.8153
CCCn1c(-c2ccccc2)cc(C(=O)NCCCN2CCN(c3cccc(OC)c3OC)CC2)c1C,6.0585
CCCn1c(-c2ccccc2)cc(C(=O)NCCCN2CCN(c3cc(F)ccc3F)CC2)c1C,6.8697
CCCn1c(-c2ccccc2)cc(C(=O)NCCCN2CCN(c3cccc(C(F)(F)F)c3)CC2)c1C.Cl,6.3872
CCCn1c(-c2ccccc2)cc(C(=O)NCCCN2CCN(c3cccc4cccnc34)CC2)c1C,6.6778
CCCn1c(-c2ccccc2)cc(C(=O)N(C)CCCN2CCN(c3cccc(C)c3C)CC2)c1C,7.7696
Cc1c(C(=O)N(C)CCCN2CCN(c3cccc(Cl)c3Cl)CC2)cc(-c2ccccc2)n1C,7.4089
CCCn1c(-c2ccccc2)cc(C(=O)N(C)CCCN2CCN(c3cccc(Cl)c3Cl)CC2)c1C.Cl,7.4815
Cc1c(C(=O)NCCN2CCN(c3cccc(Cl)c3Cl)CC2)cc(-c2ccccc2)n1C.Cl,6.7570
Cc1[nH]c(-c2ccccc2)c(C)c1C(=O)NCCN1CCN(c2cccc(Cl)c2Cl)CC1.Cl,7.4318
Cc1c(C(=O)NCCN2CCN(c3cccc(Cl)c3Cl)CC2)c(C)n(C)c1-c1ccccc1.Cl,7.4815
CCCn1c(C)c(C(=O)NCCN2CCN(c3cccc(Cl)c3Cl)CC2)c(C)c1-c1ccccc1.Cl,7.6021
Cc1[nH]c(-c2ccccc2)c(C)c1C(=O)NCCCN1CCN(c2cccc(Cl)c2Cl)CC1.Cl,7.4089
Cc1cccc(N2CCN(CCCNC(=O)c3cc(-c4ccc(Cl)cc4)[nH]c3C)CC2)c1C.Cl,7.0362
Cc1cccc(N2CCN(CCCNC(=O)c3cc(-c4ccc(Cl)cc4)n(C)c3C)CC2)c1C.Cl,6.6716
CCn1c(-c2ccc(Cl)cc2)cc(C(=O)NCCCN2CCN(c3cccc(C)c3C)CC2)c1C.Cl,6.8210
CCCn1c(-c2ccc(Cl)cc2)cc(C(=O)NCCCN2CCN(c3cccc(C)c3C)CC2)c1C.Cl,6.7167
Cc1[nH]c(-c2ccc(Cl)cc2)cc1C(=O)NCCCN1CCN(c2cccc(Cl)c2Cl)CC1.Cl,6.9788
Cc1c(C(=O)NCCCN2CCN(c3cccc(Cl)c3Cl)CC2)cc(-c2ccc(Cl)cc2)n1C,6.6345
CCn1c(-c2ccc(Cl)cc2)cc(C(=O)NCCCN2CCN(c3cccc(Cl)c3Cl)CC2)c1C.Cl,6.8153
CCCn1c(-c2ccc(Cl)cc2)cc(C(=O)NCCCN2CCN(c3cccc(Cl)c3Cl)CC2)c1C.Cl,6.4776
Cc1[nH]c(-c2ccccn2)cc1C(=O)NCCCN1CCN(c2cccc(Cl)c2Cl)CC1.Cl.Cl.Cl.Cl,7.6778
Cc1c(C(=O)NCCCN2CCN(c3cccc(Cl)c3Cl)CC2)cc(-c2ccccn2)n1C.Cl.Cl.Cl.Cl,7.3665
CCCn1c(-c2ccccn2)cc(C(=O)NCCCN2CCN(c3cccc(Cl)c3Cl)CC2)c1C.Cl.Cl.Cl.Cl,7.2366
Cc1c(C(=O)NCCCN2CCN(c3cccc(Cl)c3Cl)CC2)cc(-c2cccnc2)n1C,6.6799
CCCn1c(-c2cccnc2)cc(C(=O)NCCCN2CCN(c3cccc(Cl)c3Cl)CC2)c1C,7.3372
Cc1c(C(=O)NCCCN2CCN(c3cccc(Cl)c3Cl)CC2)cc(-c2ccncc2)n1C,7.4089
CCCn1c(-c2ccncc2)cc(C(=O)NCCCN2CCN(c3cccc(Cl)c3Cl)CC2)c1C,7.4685
Cc1cccc(N2CCN(CCNC(=O)c3cc(C(C)(C)C)n(C)c3C)CC2)c1C,7.4437
Cc1cccc(N2CCN(CCCNC(=O)c3cc(C(C)(C)C)n(C)c3C)CC2)c1C,6.4134
Cc1c(C(=O)NCCN2CCN(c3cccc(Cl)c3Cl)CC2)cc(C(C)(C)C)n1C.Cl,7.3010
Cc1[nH]c(C(C)(C)C)cc1C(=O)NCCCN1CCN(c2cccc(Cl)c2Cl)CC1.Cl,6.9706
Cc1c(C(=O)NCCCN2CCN(c3cccc(Cl)c3Cl)CC2)cc(C(C)(C)C)n1C,6.7878
Cc1c(Cl)cccc1N1CCN(CCNC(=O)c2cc(-c3ccccc3)n(C)c2C)CC1,6.8182
Cc1c(Cl)cccc1N1CCN(CCNC(=O)c2cc(C(C)(C)C)n(C)c2C)CC1,6.6326
N#Cc1c[nH]c2c(C(=O)N3CCN(CCc4ccc(F)cc4)CC3)cccc12,8.9487
COc1ccc(NC(=O)N2CCN(CCc3ccc(F)cc3)CC2)cc1-c1c(Cl)cnn1C,6.8097
O=C(Nc1n[nH]cc1Br)N1CCN(CCc2ccc(F)cc2)CC1,7.0555
Cn1cc(Br)c(C(=O)N2CCN(CCc3ccc(F)cc3)CC2)n1,8.4437
Cn1cc(Br)c(C(=O)N2CCN(CCc3ccccc3)CC2)n1,7.1675
Cn1cc(Br)c(C(=O)N2CCN(CCc3ccccc3F)CC2)n1,7.7447
Cn1cc(Br)c(C(=O)N2CCN(CCc3cccc(F)c3)CC2)n1,6.2660
Cn1cc(Br)c(C(=O)N2CCN(CCc3ccc(Cl)cc3)CC2)n1,7.4685
COc1ccc(CCN2CCN(C(=O)c3nn(C)cc3Br)CC2)cc1,6.3893
Cn1cc(Br)c(C(=O)N2CCN(CCc3ccc(F)cc3F)CC2)n1,8.9586
Cn1cc(Br)c(C(=O)N2CCN(CC(=O)c3ccc(F)cc3)CC2)n1,8.4089
Cn1cc(Br)c(C(=O)N2CCN(CC(=O)c3ccc(F)cc3F)CC2)n1,7.1549
Cn1cc(Br)c(C(=O)N2CCN(CC(=O)c3ccccc3F)CC2)n1,6.5686
Cn1cc(Br)c(C(=O)N2CCN(CC(=O)c3ccc(C(F)(F)F)cc3)CC2)n1,6.0630
Cn1cc(Br)c(C(=O)N2CCN(CC(=O)c3ccc(OC(F)(F)F)cc3)CC2)n1,5.2218
Cn1cc(Br)c(C(=O)N2CCN(CC(O)c3ccc(F)cc3)CC2)n1,6.4342
CO/N=C(/CN1CCN(C(=O)c2nn(C)cc2Br)CC1)c1ccc(F)cc1,5.6073
Cn1ccc(C(=O)N2CCN(CC(=O)c3ccc(F)cc3)CC2)n1,7.4318
Cc1c(Br)c(C(=O)N2CCN(CC(=O)c3ccc(F)cc3)CC2)nn1C,8.3372
Cc1[nH]nc(C(=O)N2CCN(CC(=O)c3ccc(F)cc3)CC2)c1Br,8.3372
Cc1cc(C(=O)N2CCN(CC(=O)c3ccc(F)cc3)CC2)n[nH]1,7.4437
Cc1cc(C(=O)N2CCN(CC(=O)c3ccc(F)cc3)CC2)nn1C,8.0706
Cc1cc(C(=O)N2CCN(CC(=O)c3ccc(F)cc3)CC2)nn1C(C)(C)C,8.0315
Cn1cc(Cl)c(C(=O)N2CCN(CC(=O)c3ccc(F)cc3)CC2)n1,8.4318
CCn1cc(Cl)c(C(=O)N2CCN(CC(=O)c3ccc(F)cc3)CC2)n1,8.5850
O=C(CN1CCN(C(=O)c2n[nH]cc2Cl)CC1)c1ccc(F)cc1,7.7328
Cn1cc(C(F)(F)F)c(C(=O)N2CCN(CC(=O)c3ccc(F)cc3)CC2)n1,7.5528
Cn1cc(I)c(C(=O)N2CCN(CC(=O)c3ccc(F)cc3)CC2)n1,8.3468
Cc1cc(C(=O)N2CCN(CC(=O)c3ccc(F)cc3)CC2)nn1-c1ccccc1,7.9586
CN1CCN(c2cccc(N(Cc3ccccc3)S(=O)(=O)c3ccc4ccccc4c3)c2)CC1,7.3010
CN1CCN(c2cccc(N(CC3CC3)S(=O)(=O)c3ccc4ccccc4c3)c2)CC1,7.0555
CC(C)N(c1cccc(N2CCN(C)CC2)c1)S(=O)(=O)c1ccc2ccccc2c1,6.9281
CC(C)N(c1cccc(N2CCN(C)CC2)c1)S(=O)(=O)c1cccc2ccccc12,6.9136
CC(C)N(c1cccc(N2CCN(C)CC2)c1)S(=O)(=O)c1ccccc1,6.7645
CCN(c1cccc(N2CCN(C)CC2)c1)S(=O)(=O)c1ccc2ccccc2c1,6.6615
CCCN(c1cccc(N2CCN(C)CC2)c1)S(=O)(=O)c1ccc2ccccc2c1,6.4101
CN1CCN(c2cccc(N(C)S(=O)(=O)c3ccc4ccccc4c3)c2)CC1,5.8468
CN1CCN(c2cccc(NS(=O)(=O)c3ccc4ccccc4c3)c2)CC1,5.7916
C1=C(N2CCNCC2)c2nccn2Cc2ccccc21,8.1000
O=C(O)CCN1CCN(C2=Cc3ccccc3Cn3ccnc32)CC1,6.5000
CC(C)(CN1CCN(C2=Cc3ccccc3Cn3ccnc32)CC1)C(=O)O,7.1000
CC1CN(C2=Cc3ccccc3Cn3ccnc32)CC(C)N1CCC(=O)O,7.4000
C=C(CN1CCN(C2=Cc3ccccc3Cn3ccnc32)CC1)C(=O)O,6.7000
O=C(O)C1CCC(N2CCN(C3=Cc4ccccc4Cn4ccnc43)CC2)CC1,6.2500
Cc1nc2n(c1C)Cc1ccccc1C=C2N1CCN(CC(C)(C)C(=O)O)CC1,6.4000
Cc1cn2c(n1)C(N1CCN(CC(C)(C)C(=O)O)CC1)=Cc1ccccc1C2,6.9000
CC(C)(CN1CCN(C2=Cc3ccccc3Cn3cc(Cl)nc32)CC1)C(=O)O,7.3000
CC(C)(CN1CCN(C2=Cc3ccccc3Cn3c(Cl)cnc32)CC1)C(=O)O,7.2000
CC(C)(CN1CCN(C2=Cc3ccccc3Cn3cc(F)nc32)CC1)C(=O)O,7.0000
COc1cnc2n1Cc1ccccc1C=C2N1CCN(CC(C)(C)C(=O)O)CC1,6.6000
Fc1ccc2cccc(N3CCN(CCCCOc4ccc5c(c4)CNC5)CC3)c2c1,9.3161
O=C1NCc2ccc(OCCCCN3CCN(c4cccc5cccc(F)c45)CC3)c(F)c21,9.2457
Fc1ccc2cccc(N3CCN(CCCOc4ccc5c(c4)CNC5)CC3)c2c1,9.1427
O=C1NCc2ccc(OCCCN3CCN(c4cccc5ccc(F)cc45)CC3)c(F)c21,9.0438
O=C1NCc2ccc(OCCCCN3CCN(c4cccc5ccccc45)CC3)c(F)c21,8.9666
O=C1NCc2ccc(OCCCCN3CCN(c4cccc5cccc(F)c45)CC3)c(Cl)c21,8.9469
O=C1NCc2cc(F)c(OCCCN3CCN(c4cccc5cccc(F)c45)CC3)cc21,8.9245
Cc1c(OCCCCN2CCN(c3cccc4ccccc34)CC2)ccc2c1C(=O)NC2,8.8996
c1ccc2c(N3CCN(CCCOc4ccc5c(c4)CNC5)CC3)cccc2c1,8.7545
O=C1NCc2ccc(OCCCCN3CCN(c4cccc5cccc(F)c45)CC3)cc21,8.7375
O=C1NCc2ccc(OCCCN3CCN(c4cccc5ccccc45)CC3)c(Cl)c21,8.6861
O=C1NCc2ccc(OCCCCN3CCN(c4cccc5ccc(F)cc45)CC3)c(F)c21,8.6778
O=C1NCc2ccc(OCCCN3CCN(c4cccc5ccccc45)CC3)c(F)c21,8.6556
O=C1NCc2cc(F)c(OCCCN3CCN(c4cccc5ccc(F)cc45)CC3)cc21,8.5719
O=C1NCc2ccc(OCCCCN3CCN(c4cccc5cc(F)ccc45)CC3)c(F)c21,8.5129
O=C1NCc2ccc(OCCCN3CCN(c4cccc5c4CCC5)CC3)cc21,8.5003
O=C1NCc2ccc(OCCCCN3CCN(c4cccc5c4CCCC5)CC3)cc21,8.4750
O=C1NCc2ccc(OCCCN3CCN(c4cccc5ccc(F)cc45)CC3)cc21,8.4724
O=C1NCc2ccc(OCCCN3CCN(c4cccc5cccc(F)c45)CC3)c(F)c21,8.4622
O=C1NCc2cc(F)c(OCCCCN3CCN(c4cccc5cccc(F)c45)CC3)cc21,8.4572
O=C1NCc2ccc(OCCCN3CCN(c4cccc5cc(F)ccc45)CC3)cc21,8.4510
O=C1NCc2ccc(OCCCN3CCN(c4cccc5cccc(F)c45)CC3)c(Cl)c21,8.4498
Cc1c(OCCCCN2CCN(c3cccc4cccc(F)c34)CC2)ccc2c1C(=O)NC2,8.4145
O=C1NCc2ccc(OCCCN3CCN(c4cccc5c4CCO5)CC3)cc21,8.3675
O=C1NCc2ccc(OCCCN3CCN(c4cccc5c4CCCC5)CC3)cc21,8.3134
O=C1NCc2ccc(OCCCCN3CCN(c4cccc5ccccc45)CC3)cc21,8.3054
c1ccc2c(N3CCN(CCCCOc4ccc5c(c4)CNC5)CC3)cccc2c1,8.2950
O=C1NCc2ccc(OCCCN3CCN(c4cccc5cc(F)ccc45)CC3)c(F)c21,8.2668
O=C1NCc2ccc(OCCCCN3CCN(c4cccc5c4COCC5)CC3)cc21,8.2644
O=C1NCc2ccc(OCCCCN3CCN(c4cccc5cc(F)c(F)cc45)CC3)cc21,8.1018
O=C1NCc2cc(Cl)c(OCCCN3CCN(c4cccc5cccc(F)c45)CC3)cc21,8.0535
Cc1c(OCCCN2CCN(c3cccc4ccccc34)CC2)ccc2c1C(=O)NC2,8.0255
O=C1NCc2ccc(OCCCCN3CCN(c4cccc5cc(F)ccc45)CC3)cc21,8.0209
O=C1NCc2cc(F)c(OCCCCN3CCN(c4cccc5ccc(F)cc45)CC3)cc21,8.0000
O=C1NCc2ccc(OCCCCN3CCN(c4cccc5c4CCC5)CC3)cc21,7.9957
O=C1NCc2ccc(OCCCN3CCN(c4cccc5c4COCC5)CC3)cc21,7.9547
O=C1NCc2ccc(OCCCCN3CCN(c4cccc5c4CCOC5)CC3)cc21,7.9508
O=C1NCc2ccc(OCCCN3CCN(c4cccc5cccc(F)c45)CC3)cc21,7.9469
O=C1NCc2ccc(OCCCCN3CCN(c4cccc5ccc(F)cc45)CC3)cc21,7.9431
Cc1c(OCCCN2CCN(c3cccc4cc(F)ccc34)CC2)ccc2c1C(=O)NC2,7.9031
O=C1NCc2cc(F)c(OCCCCN3CCN(c4cccc5ccccc45)CC3)cc21,7.8861
O=C1NCc2cc(F)c(OCCCCN3CCN(c4cccc5cc(F)ccc45)CC3)cc21,7.8601
Cc1c(OCCCCN2CCN(c3cccc4cc(F)ccc34)CC2)ccc2c1C(=O)NC2,7.8539
O=C1NCc2ccc(OCCCN3CCN(c4cccc5ccccc45)CC3)cc21,7.8268
Cc1c(OCCCN2CCN(c3cccc4cccc(F)c34)CC2)ccc2c1C(=O)NC2,7.7932
O=C1NCc2ccc(OCCCCN3CCN(c4cccc5c4OCCC5)CC3)cc21,7.7670
O=C1NCc2ccc(OCCCN3CCN(c4cccc5cc(F)c(F)cc45)CC3)cc21,7.6968
O=C1NCc2cc(Cl)c(OCCCCN3CCN(c4cccc5ccccc45)CC3)cc21,7.6073
O=C1NCc2ccc(OCCCN3CCN(c4cccc5c4OCCC5)CC3)cc21,7.5969
O=C1NCc2cc(Cl)c(OCCCCN3CCN(c4cccc5cccc(F)c45)CC3)cc21,7.5969
Cc1cc2c(cc1OCCCCN1CCN(c3cccc4cc(F)ccc34)CC1)C(=O)NC2,7.5302
O=C1NCc2cc(F)c(OCCCN3CCN(c4cccc5ccccc45)CC3)cc21,7.4935
O=C1NCc2cc(Cl)c(OCCCN3CCN(c4cccc5ccccc45)CC3)cc21,7.4634
Cc1cc2c(cc1OCCCCN1CCN(c3cccc4ccccc34)CC1)C(=O)NC2,7.4342
O=C1NCc2cc(F)c(OCCCN3CCN(c4cccc5cc(F)ccc45)CC3)cc21,7.4145
Cc1cc2c(cc1OCCCN1CCN(c3cccc4cc(F)ccc34)CC1)C(=O)NC2,7.2840
O=C1NCc2ccc(OCCCCN3CCN(c4cccc5c4CCO5)CC3)cc21,7.2725
Cc1cc2c(cc1OCCCCN1CCN(c3cccc4cccc(F)c34)CC1)C(=O)NC2,7.2596
Cc1cc2c(cc1OCCCN1CCN(c3cccc4ccccc34)CC1)C(=O)NC2,7.2526
Cc1cc2c(cc1OCCCN1CCN(c3cccc4cccc(F)c34)CC1)C(=O)NC2,7.1824
O=C1NCc2ccc(OCCCCN3CCN(c4cccc5c4COC5)CC3)cc21,6.8996
CCCCN1CCC(COC(=O)c2cc(Cl)c(NC)c3c2OCCO3)CC1,5.7506
COc1c(C)nc(C)nc1C(=O)NCCN1CCN(c2cccc(Cl)c2Cl)CC1.Cl,6.5800
COc1c(C)nc(C)nc1C(=O)NCCN1CCN(c2cccc(C)c2C)CC1.Cl,6.0747
COc1c(C)nc(C)nc1C(=O)NCCCN1CCN(c2cccc(C)c2C)CC1.Cl,6.1284
Cc1cc(C(=O)NCCCN2CCN(c3cccc(C)c3C)CC2)nc(C2CC2)n1.Cl,6.5918
CSc1nc(C)cc(C(=O)NCCN2CCN(c3cccc(Cl)c3Cl)CC2)n1.Cl,7.2596
CSc1nc(C)cc(C(=O)NCCN2CCN(c3cccc(C)c3C)CC2)n1.Cl,7.3279
CSc1nc(C)cc(C(=O)NCCCN2CCN(c3cccc(C)c3C)CC2)n1.Cl,7.2676
Cc1cc(C(=O)NCCN2CCN(c3cccc(C)c3C)CC2)nc(C(C)(C)C)n1.Cl,7.1612
Cc1cc(C(=O)NCCCN2CCN(c3cccc(C)c3C)CC2)nc(C(C)(C)C)n1.Cl,6.5622
Cc1nc(C(=O)NCCCN2CCN(c3cccc(C)c3C)CC2)cc(C(C)(C)C)n1.Cl,6.3391
Cc1nc(C(=O)NCCCN2CCN(c3cccc(C)c3C)CC2)cc(C(C)C)n1.Cl,6.3098
Cc1nc(C(=O)NCCCN2CCN(c3cccc(Cl)c3Cl)CC2)cc(-c2ccccc2)n1.Cl,7.4559
Cc1nc(C(=O)NCCCN2CCN(c3cccc(Cl)c3Cl)CC2)cc(C(C)C)n1.Cl,6.9469
Cc1cc(C(=O)NCCCN2CCN(c3cccc(Cl)c3Cl)CC2)nc(C)n1.Cl,6.7799
CN(C)[C@@H]1CC[C@H](c2c[nH]c3ccc(C#N)cc23)C1,6.0757
CN(C)[C@H]1CC[C@@H](c2c[nH]c3ccc(F)cc23)C1,4.5528
O=C(O)C1CCN(C2CCC3(C2)C(=O)c2cc(F)ccc2Sc2ccccc23)CC1,6.9000
O=C(O)C1CCN(C2CCC3(C2)C(=O)c2cc(Cl)ccc2Oc2ccccc23)CC1,6.4000
O=C(O)C1CN(C2CCC3(Cc4ccccc4Oc4ccccc43)C2)C1,7.5000
O=C(O)[C@@H]1CCCN(C2CCC3(Cc4ccccc4Oc4ccccc43)C2)C1,7.0000
O=C(O)C1(F)CCN(C2CCC3(Cc4ccccc4Oc4ccccc43)C2)CC1,6.4000
O=C(O)C1CCN(C2CCC3(Cc4ccccc4Oc4ccccc43)C2)CC1,6.5000
O=C(O)C1=CCN(C2CCC3(Cc4ccccc4Oc4ccccc43)C2)CC1,7.6000
O=C(O)C1=CCCN(C2CCC3(Cc4ccccc4Oc4ccccc43)C2)C1,6.4000
O=C(O)C=C1CN(C2CCC3(Cc4ccccc4Cc4ccccc43)C2)C1,7.3000
O=C(O)CC1CN(C2CCC3(Cc4ccccc4Cc4ccccc43)C2)C1,7.3000
O=C(O)C1CN(C2CC[C@]3(Cc4ccccc4Cc4ccccc43)C2)C1,7.8000
O=C(O)[C@]12C[C@H]1CN(C1CC[C@]3(Cc4ccccc4Cc4ccccc43)C1)C2,7.5000
O=C(O)[C@H]1[C@@H]2CN(C3CCC4(Cc5ccccc5Cc5ccccc54)C3)C[C@@H]21,6.2000
O=C(O)CC1CCN(C2CC[C@]3(Cc4ccccc4Cc4ccccc43)C2)C1,7.7001
CC1(C(=O)O)CCN(C2CC[C@]3(Cc4ccccc4Cc4ccccc43)C2)C1,7.9000
O=C(O)C1CCN(C2CC[C@]3(Cc4ccccc4Cc4ccccc43)C2)C1,7.7001
O=C(O)C1CN(C2CC[C@]3(Cc4ccccc4Cc4ccccc43)C2)CCN1,6.5000
O=C(O)C1CN(C2CC[C@]3(Cc4ccccc4Cc4ccccc43)C2)CCO1,7.0000
O=C(O)C1(F)CCCN(C2CC[C@]3(Cc4ccccc4Cc4ccccc43)C2)C1,7.1000
O=C(O)[C@@H]1CCCN(C2CC[C@]3(Cc4ccccc4Cc4ccccc43)C2)C1,7.2000
O=C(O)CC1CCN(C2CCC3(Cc4ccccc4Cc4ccccc43)C2)CC1,6.2000
O=C(O)C1(F)CCN(C2CC[C@]3(Cc4ccccc4Cc4ccccc43)C2)CC1,7.3000
O=C(O)C1(O)CCN(C2CCC3(Cc4ccccc4Cc4ccccc43)C2)CC1,7.0000
CC1(C(=O)O)CCN(C2CCC3(Cc4ccccc4Cc4ccccc43)C2)CC1,7.4000
O=C(O)C1CCN(C2CC[C@]3(Cc4ccccc4Cc4ccccc43)C2)CC1,7.1000
O=C(O)C1=CCN(C2CCC3(Cc4ccccc4Cc4ccccc43)C2)CC1,7.1000
O=C(O)C1=CCCN(C2CC[C@]3(Cc4ccccc4Cc4ccccc43)C2)C1,6.9000
COC(=O)C1=CCCN(C2CC[C@]3(Cc4ccccc4Cc4ccccc43)C2)C1,6.4000
O=C(O)C1=CCCN(C2CC[C@@]3(Cc4ccccc4Cc4ccccc43)C2)C1,5.4000
O=C(O)CCNC1CC[C@]2(Cc3ccccc3Cc3ccccc32)C1,6.8000
O=C(O)CCNC1CC[C@@]2(Cc3ccccc3Cc3ccccc32)C1,5.7000
CN(C)C1CC[C@]2(Cc3ccccc3Cc3ccccc32)C1,7.9000
CN1CCC(=C2c3ccccc3CC(=O)c3sccc32)CC1,7.8000
Cc1ccc2c(N3CCN(CCc4cccc(NC(=O)c5ccccc5)c4)CC3)cccc2n1,7.1000
Cc1ccc2c(N3CCN(CCc4cccc(NC(=O)c5cnccn5)c4)CC3)cccc2n1,6.8000
COC(=O)Nc1cccc(CCN2CCN(c3cccc4nc(C)ccc34)CC2)c1,6.7000
CC(=O)Nc1cccc(CCN2CCN(c3cccc4nc(C)ccc34)CC2)c1,6.6000
CCNC(=O)Nc1cccc(CCN2CCN(c3cccc4nc(C)ccc34)CC2)c1,6.5000
Cc1ccc2c(N3CCN(CCc4cccc(-n5cccn5)c4)CC3)cccc2n1,6.4000
Cc1ccc2c(N3CCN(CCc4cccc(N5CCOC5=O)c4)CC3)cccc2n1,6.1000
Cc1ccc2c(N3CCN(CCc4cccc(NS(C)(=O)=O)c4)CC3)cccc2n1,6.1000
Cc1ccc2c(N3CCN(CCc4cccc(N5CCNC5=O)c4)CC3)cccc2n1,6.0000
COC(=O)CCCCCN1CCC(CNC(=O)c2c3n(c4ccccc24)CCCO3)CC1,5.2000
CN1CCN(c2ccc3c(c2)N(S(=O)(=O)c2ccc4ccccc4c2)CCC3=O)CC1,6.4365
CN1CCN(c2cccc3c2C(=O)CCN3S(=O)(=O)c2ccc3ccccc3c2)CC1,6.1192
CC1CC(=O)c2ccc(N3CCN(C)CC3)cc2N1S(=O)(=O)c1ccc2ccccc2c1,5.8351
CC1CC(=O)c2c(N3CCN(C)CC3)cccc2N1S(=O)(=O)c1ccc2ccccc2c1,7.3188
CCC1CC(=O)c2c(N3CCN(C)CC3)cccc2N1S(=O)(=O)c1ccc2ccccc2c1,6.3420
Cc1cc(N2CCN(C)CC2)c2c(c1)N(S(=O)(=O)c1ccc3ccccc3c1)C(C)CC2=O,6.1524
Fc1ccc(OC2CN(c3c4c(nc5ccnn35)CCNCC4)C2)cc1,8.5229
Fc1cccc(OC2CN(c3c4c(nc5ccnn35)CCNCC4)C2)c1,7.4949
COc1cccc(OC2CN(c3c4c(nc5ccnn35)CCNCC4)C2)c1,7.3979
c1cncc(OC2CN(c3c4c(nc5ccnn35)CCNCC4)C2)c1,7.2007
CCNc1c2c(nc3ccnn13)CCNCC2,6.8601
c1cc2nc3c(c(N4CCCCC4)n2n1)CCNCC3,6.2328
Fc1ccccc1OC1CN(c2c3c(nc4ccnn24)CCNCC3)C1,6.1884
O=C1Cc2cc(OC3CN(c4c5c(nc6ccnn46)CCNCC5)C3)ccc2N1,6.1180
c1cc(OC2CN(c3c4c(nc5ccnn35)CCNCC4)C2)ccn1,5.9112
CC(=O)N(C)c1ccc(OC2CN(c3c4c(nc5ccnn35)CCNCC4)C2)cc1,5.6891
c1cc2nc3c(c(N4CCCC4)n2n1)CCNCC3,5.6364
c1cc2nc3c(c(N4CCC4)n2n1)CCNCC3,5.6293
COc1ccc(OC2CN(c3c4c(nc5ccnn35)CCNCC4)C2)cc1,5.5794
COc1ccccc1OC1CN(c2c3c(nc4ccnn24)CCNCC3)C1,5.5725
c1ccc(OC2CN(c3c4c(nc5ccnn35)CCNCC4)C2)nc1,5.2869
c1ccc(OC2CN(c3c4c(nc5ccnn35)CCNCC4)C2)cc1,5.1094
Fc1cccc(CCN[C@H]2C3C4CC5C6C4CC3C6C52)c1,5.2203
CCCN1CCc2cccc3c2C1Cc1cccc(OCc2cn(CCCCN4CCN(c5ccccc5OC)CC4)nn2)c1-3,6.7595
CCCN1CCc2cccc3c2C1Cc1cccc(OCCCn2cc(CCN4CCN(c5ccccc5OC)CC4)nn2)c1-3,6.6108
CCCN1CCc2cccc3c2C1Cc1cccc(OCCCCN2CCN(c4ccccc4OC)CC2)c1-3,4.0000
COc1ccc(-c2c(C)c(C(=O)NC3(C#N)CCOCC3)nn2-c2ccccc2Br)cc1,5.2020
COc1ccc(-c2c(C)c(C(=O)NC3(C#N)CCCCC3)nn2-c2ccccc2Br)cc1,5.9469
c1ccc(Cc2ncc3c(n2)CCNCC3)cc1,7.1675
COc1ccccc1N1CCN(CC(F)CCNC(=O)c2ccc(-c3ccccn3)cc2)CC1,5.6861
O=C(NCCC(F)CN1CCN(c2cccc(Cl)c2Cl)CC1)c1ccc(-c2ccccn2)cc1,7.0088
COc1ccccc1N1CCN(CC(F)CCNC(=O)c2cc3ccccc3o2)CC1,5.3188
COc1ccc2oc(C(=O)NCCC(F)CN3CCN(c4ccccc4OC)CC3)cc2c1,5.5229
COc1ccc2oc(C(=O)NCCC(F)CN3CCN(c4cccc(Cl)c4Cl)CC3)cc2c1,6.5622
COc1ccccc1N1CCN(CC(F)CCNC(=O)c2cc3ccccc3[nH]2)CC1,5.4895
O=C(NCCC(F)CN1CCN(c2cccc(Cl)c2Cl)CC1)c1cc2ccccc2[nH]1,6.6737
O=C(NCCC(F)CN1CCN(c2cccc(Cl)c2Cl)CC1)c1ccc2c(c1)Cc1ccccc1-2,5.3188
COc1ccccc1N1CCN(CC(F)CCNC(=O)c2cc3ccccc3s2)CC1,5.5186
O=C(NCCC(F)CN1CCN(c2cccc(Cl)c2Cl)CC1)c1cc2ccccc2s1,5.4828
COc1ccc2[nH]c(C(=O)NCCC(F)CN3CCN(c4ccccc4OC)CC3)cc2c1,5.4510
COc1ccc2[nH]c(C(=O)NCCC(F)CN3CCN(c4cccc(Cl)c4Cl)CC3)cc2c1,6.5654
O=C(NCCC(F)CN1CCN(c2cccc(Cl)c2Cl)CC1)c1ccc2ccccc2c1,5.7190
CN(CCC(F)CN1CCN(c2cccc(Cl)c2Cl)CC1)Cc1ccc2c(c1)Cc1ccccc1-2,5.5884
O=C1CCc2ccc(CCCCCN3CCN(c4cccc(Cl)c4Cl)CC3)nc2N1,9.1024
O=C1CCc2ccc(OCCCCN3CCN(c4cccc(Cl)c4Cl)CC3)nc2N1,9.8861
O=c1ccc2ccc(OCCCCN3CCN(c4cccc(Cl)c4Cl)CC3)nc2[nH]1,8.7959
O=c1ccc2cnc(OCCCCN3CCN(c4cccc(Cl)c4Cl)CC3)cc2[nH]1,8.5376
O=c1ccc2cnc(OCCCCN3CCN(c4cccc(Cl)c4Cl)CC3)nc2[nH]1,8.4949
O=C1CCc2ccc(OCCCCN3CCN(c4ccccc4Cl)CC3)nc2N1,7.7986
O=C1CCc2ccc(OCCCCN3CCN(c4cccc(F)c4Cl)CC3)nc2N1,7.5058
Cc1cccc(N2CCN(CCCCOc3ccc4c(n3)NC(=O)CC4)CC2)c1Cl,9.3010
Cc1ccccc1N1CCN(CCCCOc2ccc3c(n2)NC(=O)CC3)CC1,7.2933
Cc1cccc(N2CCN(CCCCOc3ccc4c(n3)NC(=O)CC4)CC2)c1C,9.4559
Cc1c(Cl)cccc1N1CCN(CCCCOc2ccc3c(n2)NC(=O)CC3)CC1,8.8239
O=C1CCc2ccc(OCCCCN3CCN(c4cccc(Cl)c4F)CC3)nc2N1,7.9830
O=C1CCc2ccc(OCCCCN3CCN(c4cccc(C(F)(F)F)c4Cl)CC3)nc2N1,7.9208
O=C1CCc2ccc(OCCCCN3CCN(c4cccc(Cl)c4C(F)(F)F)CC3)nc2N1,8.8539
O=C1CCc2ccc(OCCCCN3CCN(c4cccc5c4CCC5)CC3)nc2N1,9.7959
O=C1CCc2ccc(OCCCCN3CCN(c4cccc5c4CCCC5)CC3)nc2N1,10.0458
O=C1CCc2ccc(OCCCCN3CCN(c4cccc5c4CCCO5)CC3)nc2N1,8.8861
O=C1CCc2ccc(OCCCCN3CCN(c4cccc5c4OCCC5)CC3)nc2N1,9.7212
O=C1CCc2ccc(OCCCCN3CCN(c4cccc5ccccc45)CC3)nc2N1,9.8539
O=C1CCc2ccc(OCCCCN3CCN(c4c(F)ccc5ccccc45)CC3)nc2N1,8.1739
O=C1CCc2ccc(OCCCCN3CCN(c4cc(F)cc5ccccc45)CC3)nc2N1,8.7212
O=C1CCc2ccc(OCCCCN3CCN(c4ccc(F)c5ccccc45)CC3)nc2N1,7.9318
O=C1CCc2ccc(OCCCCN3CCN(c4cccc5c(F)cccc45)CC3)nc2N1,8.4815
O=C1CCc2ccc(OCCCCN3CCN(c4cccc5cc(F)ccc45)CC3)nc2N1,8.4559
O=C1CCc2ccc(OCCCCN3CCN(c4cccc5ccc(F)cc45)CC3)nc2N1,9.5528
O=C1CCc2ccc(OCCCCN3CCN(c4cccc5cccc(F)c45)CC3)nc2N1,9.1739
CCCN1CCc2cccc3c2C1Cc1cccc(OC(=O)NCc2ccccc2)c1-3,5.6990
Cc1nc(C(=O)NCCCN2CCN(c3cccc(Cl)c3Cl)CC2)c(C)n1-c1ccccc1C(F)(F)F.Cl.Cl.Cl.Cl,7.2366
Cc1nc(C(=O)NCCCN2CCN(c3cccc(Cl)c3Cl)CC2)c(C)n1-c1ccc2c(c1)OCCO2.Cl.Cl.Cl.Cl,8.0640
CCCc1nc(C(=O)NCCCN2CCN(c3cccc(Cl)c3Cl)CC2)c(C)n1-c1ccc2c(c1)OCCO2.Cl.Cl.Cl.Cl,6.9747
Cc1cccc(N2CCN(CCCNC(=O)c3nc(C)n(-c4ccccc4)c3C)CC2)c1C.Cl.Cl,7.0410
CCCc1nc(C(=O)NCCCN2CCN(c3cccc(Cl)c3C)CC2)c(C)n1-c1ccccc1.Cl.Cl.Cl,6.8125
CCCc1nc(C(=O)NCCCN2CCN(c3cccc(C)c3C)CC2)c(C)n1-c1ccccc1.Cl.Cl,7.1249
Cc1cccc(N2CCN(CCCNC(=O)c3nc(C(C)C)n(-c4ccccc4)c3C)CC2)c1C.Cl.Cl,6.9788
CCCc1nc(C(=O)NCCCN2CCN(c3cccc(C)c3C)CC2)cn1-c1ccccc1.Cl.Cl,6.8761
Cc1c(Cl)cccc1N1CCN(CCCNC(=O)c2nc(C)n(CC(C)C)c2C)CC1.Cl.Cl.Cl,7.3420
Cc1cccc(N2CCN(CCCNC(=O)c3nc(C)n(CC(C)C)c3C)CC2)c1C.Cl.Cl,6.6639
Cc1c(Cl)cccc1N1CCN(CCCNC(=O)c2nc(C)n(C3CCCC3)c2C)CC1.Cl.Cl.Cl,7.0937
Cc1cccc(N2CCN(CCCNC(=O)c3nc(-c4ccccc4)n(-c4ccccc4)c3C)CC2)c1C.Cl.Cl,7.5317
Cc1c(Cl)cccc1N1CCN(CCCNC(=O)c2nc(-c3ccccc3)n(-c3ccccc3)c2C)CC1.Cl.Cl.Cl,7.8570
Cc1cccc(N2CCN(CCCNC(=O)c3cn(-c4ccccc4)c(-c4ccccc4)n3)CC2)c1C.Cl.Cl,7.8794
Cc1c(Cl)cccc1N1CCN(CCCNC(=O)c2nc(-c3ccccc3)n(-c3ccccc3)c2Cn2cncn2)CC1.Cl.Cl.Cl,7.9101
COc1ccccc1-n1c(C)nc(C(=O)NCCCN2CCN(c3cccc(Cl)c3C)CC2)c1C.Cl.Cl.Cl,7.8928
COc1ccccc1-n1c(C)nc(C(=O)NCCCN2CCN(c3cccc(C)c3C)CC2)c1C.Cl.Cl,6.8416
CCCc1nc(C(=O)NCCCN2CCN(c3cccc(Cl)c3C)CC2)c(C)n1-c1ccccc1OC.Cl.Cl.Cl,6.7670
CCCc1nc(C(=O)NCCCN2CCN(c3cccc(C)c3C)CC2)c(C)n1-c1ccccc1OC.Cl.Cl,6.5969
COc1ccc(-n2c(C)nc(C(=O)NCCCN3CCN(c4cccc(Cl)c4C)CC3)c2C)cc1.Cl.Cl.Cl,7.6364
COc1ccc(-n2c(C)nc(C(=O)NCCCN3CCN(c4cccc(C)c4C)CC3)c2C)cc1.Cl.Cl,7.2027
CCCc1nc(C(=O)NCCCN2CCN(c3cccc(Cl)c3C)CC2)c(C)n1-c1ccc(OC)cc1.Cl.Cl.Cl,7.8182
CCCc1nc(C(=O)NCCCN2CCN(c3cccc(C)c3C)CC2)c(C)n1-c1ccc(OC)cc1.Cl.Cl,7.1500
COc1ccc(-n2c(-c3ccccc3)nc(C(=O)NCCCN3CCN(c4cccc(Cl)c4C)CC3)c2C)cc1.Cl.Cl.Cl,7.6778
COc1ccc(-n2c(-c3ccccc3)nc(C(=O)NCCCN3CCN(c4cccc(C)c4C)CC3)c2C)cc1.Cl.Cl,7.6198
COc1ccc(-n2cc(C(=O)NCCCN3CCN(c4cccc(C)c4C)CC3)nc2-c2ccccc2)cc1.Cl.Cl,7.7212
Cc1c(Cl)cccc1N1CCN(CCCNC(=O)c2nc(C)n(-c3ccccc3F)c2C)CC1.Cl.Cl.Cl,7.3979
Cc1cccc(N2CCN(CCCNC(=O)c3nc(C)n(-c4ccccc4F)c3C)CC2)c1C.Cl.Cl,7.1884
Cc1c(Cl)cccc1N1CCN(CCCNC(=O)c2nc(C)n(-c3ccc(F)cc3)c2C)CC1.Cl.Cl.Cl,7.4202
Cc1cccc(N2CCN(CCCNC(=O)c3nc(C)n(-c4ccc(F)cc4)c3C)CC2)c1C.Cl.Cl,6.9285
CCCc1nc(C(=O)NCCCN2CCN(c3cccc(Cl)c3C)CC2)c(C)n1-c1ccc(F)cc1.Cl.Cl.Cl,7.2676
CCCc1nc(C(=O)NCCCN2CCN(c3cccc(C)c3C)CC2)c(C)n1-c1ccc(F)cc1.Cl.Cl,7.5086
CCCc1nc(C(=O)NCCCN2CCN(c3cccc(C)c3C)CC2)cn1-c1ccc(F)cc1.Cl.Cl,6.8508
Cc1c(Cl)cccc1N1CCN(CCCNC(=O)c2nc(-c3ccccc3)n(-c3ccc(F)cc3)c2C)CC1.Cl.Cl.Cl,7.9136
Cc1cccc(N2CCN(CCCNC(=O)c3nc(-c4ccccc4)n(-c4ccc(F)cc4)c3C)CC2)c1C.Cl.Cl,7.5560
Cc1c(Cl)cccc1N1CCN(CCCNC(=O)c2nc(C)n(-c3ccccc3Cl)c2C)CC1.Cl.Cl.Cl.Cl,7.5376
Cc1cccc(N2CCN(CCCNC(=O)c3nc(C)n(-c4ccccc4Cl)c3C)CC2)c1C.Cl.Cl.Cl,7.0969
CCCc1nc(C(=O)NCCCN2CCN(c3cccc(C)c3C)CC2)c(C)n1-c1ccccc1Cl.Cl.Cl.Cl,7.0458
Cc1cccc(N2CCN(CCCNC(=O)c3nc(C)n(-c4cccc(Cl)c4)c3C)CC2)c1C.Cl.Cl.Cl,7.0141
Cc1cccc(N2CCN(CCCNC(=O)c3nc(C)n(-c4ccc(Cl)cc4)c3C)CC2)c1C.Cl.Cl.Cl,7.1739
CCCc1nc(C(=O)NCCCN2CCN(c3cccc(Cl)c3C)CC2)cn1-c1ccc(Cl)cc1.Cl.Cl.Cl.Cl,7.6990
CCCc1nc(C(=O)NCCCN2CCN(c3cccc(C)c3C)CC2)cn1-c1ccc(Cl)cc1.Cl.Cl.Cl,7.4895
COc1cc(OC)cc(-n2c(C)nc(C(=O)NCCCN3CCN(c4cccc(C)c4C)CC3)c2C)c1.Cl.Cl,7.4949
Cc1c(Cl)cccc1N1CCN(CCCNC(=O)c2nc(C)n(-c3ccc4c(c3)OCCO4)c2C)CC1.Cl.Cl.Cl,7.5528
Cc1cccc(N2CCN(CCCNC(=O)c3nc(C)n(-c4ccc5c(c4)OCCO5)c3C)CC2)c1C.Cl.Cl,7.3915
CCCc1nc(C(=O)NCCCN2CCN(c3cccc(Cl)c3C)CC2)c(C)n1-c1ccc2c(c1)OCCO2.Cl.Cl.Cl,7.3279
CCCc1nc(C(=O)NCCCN2CCN(c3cccc(C)c3C)CC2)c(C)n1-c1ccc2c(c1)OCCO2.Cl.Cl,6.6180
Cc1cccc(N2CCN(CCCNC(=O)c3nc(-c4ccccc4)n(-c4ccc5c(c4)OCCO5)c3C)CC2)c1C.Cl.Cl,7.7212
Cc1cccc(N2CCN(CC(O)CNC(=O)c3nc(C)n(-c4ccccc4)c3C)CC2)c1C.Cl.Cl,6.6062
CCCc1nc(C(=O)NCC(O)CN2CCN(c3cccc(Cl)c3C)CC2)c(C)n1-c1ccccc1.Cl.Cl.Cl,6.6968
Cc1c(C(=O)NCC(O)CN2CCN(c3cccc(Cl)c3Cl)CC2)nc(-c2ccccc2)n1-c1ccccc1.Cl.Cl.Cl.Cl,7.6198
Cc1c(Cl)cccc1N1CCN(CC(O)CNC(=O)c2nc(-c3ccccc3)n(-c3ccccc3)c2C)CC1.Cl.Cl.Cl,7.2441
Cc1cccc(N2CCN(CC(O)CNC(=O)c3nc(-c4ccccc4)n(-c4ccccc4)c3C)CC2)c1C.Cl.Cl,7.2321
CCCn1c(C)nc(C(=O)NCC(O)CN2CCN(c3cccc(C)c3C)CC2)c1C.Cl.Cl,6.0758
Cc1cccc(N2CCN(CC(O)CNC(=O)c3nc(C)n(CC(C)C)c3C)CC2)c1C.Cl.Cl,5.9952
Cc1c(Cl)cccc1N1CCN(CC(O)CNC(=O)c2nc(C)n(C3CCCC3)c2C)CC1.Cl.Cl.Cl,7.0106
COc1ccccc1-n1c(C)nc(C(=O)NCC(O)CN2CCN(c3cccc(Cl)c3Cl)CC2)c1C.Cl.Cl.Cl.Cl,7.2832
COc1ccccc1-n1c(C)nc(C(=O)NCC(O)CN2CCN(c3cccc(Cl)c3C)CC2)c1C.Cl.Cl.Cl,6.4318
COc1ccc(-n2c(C)nc(C(=O)NCC(O)CN3CCN(c4cccc(Cl)c4C)CC3)c2C)cc1.Cl.Cl.Cl,7.2518
COc1ccc(-n2c(C)nc(C(=O)NCC(O)CN3CCN(c4cccc(C)c4C)CC3)c2C)cc1.Cl.Cl,6.7572
CCCc1nc(C(=O)NCC(O)CN2CCN(c3cccc(Cl)c3Cl)CC2)c(C)n1-c1ccc(OC)cc1.Cl.Cl.Cl.Cl,7.2000
CCCc1nc(C(=O)NCC(O)CN2CCN(c3cccc(Cl)c3C)CC2)c(C)n1-c1ccc(OC)cc1.Cl.Cl.Cl,6.2351
CCCc1nc(C(=O)NCC(O)CN2CCN(c3cccc(C)c3C)CC2)c(C)n1-c1ccc(OC)cc1.Cl.Cl,6.8996
COc1ccc(-n2c(-c3ccccc3)nc(C(=O)NCC(O)CN3CCN(c4cccc(Cl)c4C)CC3)c2C)cc1.Cl.Cl.Cl,6.7696
COc1ccc(-n2c(-c3ccccc3)nc(C(=O)NCC(O)CN3CCN(c4cccc(C)c4C)CC3)c2C)cc1.Cl.Cl,6.7328
COc1ccc(-n2c(C)nc(C(=O)NCC(O)CN3CCN(c4cccc(C)c4C)CC3)c2C)cc1OC.Cl.Cl,6.6893
Cc1nc(C(=O)NCC(O)CN2CCN(c3cccc(Cl)c3Cl)CC2)c(C)n1-c1ccccc1F.Cl.Cl.Cl.Cl,6.9830
Cc1c(Cl)cccc1N1CCN(CC(O)CNC(=O)c2nc(C)n(-c3ccccc3F)c2C)CC1.Cl.Cl.Cl,6.7055
Cc1cccc(N2CCN(CC(O)CNC(=O)c3nc(C)n(-c4ccccc4F)c3C)CC2)c1C.Cl.Cl,6.2373
Cc1c(Cl)cccc1N1CCN(CC(O)CNC(=O)c2nc(C)n(-c3ccc(F)cc3)c2C)CC1.Cl.Cl.Cl,6.5952
Cc1cccc(N2CCN(CC(O)CNC(=O)c3nc(C)n(-c4ccc(F)cc4)c3C)CC2)c1C.Cl.Cl,7.1062
CCCc1nc(C(=O)NCC(O)CN2CCN(c3cccc(Cl)c3Cl)CC2)c(C)n1-c1ccc(F)cc1.Cl.Cl.Cl.Cl,6.7077
CCCc1nc(C(=O)NCC(O)CN2CCN(c3cccc(C)c3C)CC2)c(C)n1-c1ccc(F)cc1.Cl.Cl,6.4855
Cc1cccc(N2CCN(CC(O)CNC(=O)c3nc(-c4ccccc4)n(-c4ccc(F)cc4)c3C)CC2)c1C.Cl.Cl,7.1487
Cc1c(C(=O)NCC(O)CN2CCN(c3cccc(Cl)c3Cl)CC2)nc(-c2ccccc2)n1-c1ccc(F)cc1.Cl.Cl.Cl.Cl,7.0269
Cc1c(Cl)cccc1N1CCN(CC(O)CNC(=O)c2nc(-c3ccccc3)n(-c3ccc(F)cc3)c2C)CC1.Cl.Cl.Cl,7.5735
Cc1cccc(N2CCN(CC(O)CNC(=O)c3nc(C)n(-c4ccccc4Cl)c3C)CC2)c1C.Cl.Cl.Cl,6.4976
Cc1c(Cl)cccc1N1CCN(CC(O)CNC(=O)c2nc(C)n(-c3cccc(Cl)c3)c2C)CC1.Cl.Cl.Cl.Cl,6.7397
Cc1cccc(N2CCN(CC(O)CNC(=O)c3nc(C)n(-c4cccc(Cl)c4)c3C)CC2)c1C.Cl.Cl.Cl,6.5605
CCCc1nc(C(=O)NCC(O)CN2CCN(c3cccc(Cl)c3Cl)CC2)cn1-c1ccc(Cl)cc1.Cl.Cl.Cl.Cl.Cl,6.7530
CCCc1nc(C(=O)NCC(O)CN2CCN(c3cccc(Cl)c3C)CC2)cn1-c1ccc(Cl)cc1.Cl.Cl.Cl.Cl,6.9706
CCCc1nc(C(=O)NCC(O)CN2CCN(c3cccc(C)c3C)CC2)c(C)n1-c1ccc(Cl)cc1.Cl.Cl.Cl,6.8327
Cc1nc(C(=O)NCC(O)CN2CCN(c3cccc(Cl)c3Cl)CC2)c(C)n1-c1ccc2c(c1)OCCO2.Cl.Cl.Cl.Cl,8.0061
Cc1c(Cl)cccc1N1CCN(CC(O)CNC(=O)c2nc(C)n(-c3ccc4c(c3)OCCO4)c2C)CC1.Cl.Cl.Cl,6.8962
Cc1cccc(N2CCN(CC(O)CNC(=O)c3nc(C)n(-c4ccc5c(c4)OCCO5)c3C)CC2)c1C.Cl.Cl,6.6354
CCCc1nc(C(=O)NCC(O)CN2CCN(c3cccc(Cl)c3C)CC2)c(C)n1-c1ccc2c(c1)OCCO2.Cl.Cl.Cl,6.6253
CCCc1nc(C(=O)NCC(O)CN2CCN(c3cccc(C)c3C)CC2)c(C)n1-c1ccc2c(c1)OCCO2.Cl.Cl,6.5317
Cc1cccc(N2CCN(C[C@H](O)CNC(=O)c3nc(C)n(-c4ccccc4)c3C)CC2)c1C.Cl.Cl,7.1397
Cc1cccc(N2CCN(C[C@@H](O)CNC(=O)c3nc(C)n(-c4ccccc4)c3C)CC2)c1C.Cl.Cl,6.1898
Cc1cccc(N2CCN(C[C@H](O)CNC(=O)c3nc(C)n(-c4ccccc4F)c3C)CC2)c1C.Cl.Cl,6.5686
Cc1cccc(N2CCN(C[C@@H](O)CNC(=O)c3nc(C)n(-c4ccccc4F)c3C)CC2)c1C.Cl.Cl,6.6126
Cc1c(Cl)cccc1N1CCN(C[C@H](O)CNC(=O)c2nc(-c3ccccc3)n(-c3ccc(F)cc3)c2C)CC1.Cl.Cl.Cl,7.0223
Cc1c(Cl)cccc1N1CCN(C[C@@H](O)CNC(=O)c2nc(-c3ccccc3)n(-c3ccc(F)cc3)c2C)CC1.Cl.Cl.Cl,7.6968
CCc1nn(CCCN2CCN(c3cccc(Cl)c3)CC2)c(=O)n1CCOc1ccccc1,8.2366
Cl.Fc1ccc(OC[C@@H]2CNCCO2)c2c1CCC2,7.0655
Cc1nc(C(=O)NCCN2CCN(c3cccc(Cl)c3Cl)CC2)c(C)n1-c1ccccc1.Cl.Cl.Cl.Cl,7.5086
CCc1nc(C(=O)NCCN2CCN(c3cccc(Cl)c3Cl)CC2)c(C)n1-c1ccccc1.Cl.Cl.Cl.Cl,7.5686
CCCc1nc(C(=O)NCCN2CCN(c3cccc(Cl)c3Cl)CC2)c(C)n1-c1ccccc1.Cl.Cl.Cl.Cl,7.4089
Cc1nc(C(=O)NCCCN2CCN(c3cccc(Cl)c3Cl)CC2)c(C)n1-c1ccccc1.Cl.Cl.Cl.Cl,7.7305
CCc1nc(C(=O)NCCCN2CCN(c3cccc(Cl)c3Cl)CC2)c(C)n1-c1ccccc1.Cl.Cl.Cl.Cl,7.3188
CCCc1nc(C(=O)NCCCN2CCN(c3cccc(Cl)c3Cl)CC2)c(C)n1-c1ccccc1.Cl.Cl.Cl.Cl,7.6778
Cc1c(C(=O)NCCCN2CCN(c3cccc(Cl)c3Cl)CC2)nc(-c2ccccc2)n1-c1ccccc1.Cl.Cl.Cl.Cl,7.8477
CCCn1c(C)nc(C(=O)NCCCN2CCN(c3cccc(Cl)c3Cl)CC2)c1C.Cl.Cl.Cl.Cl,7.5850
Cc1nc(C(=O)NCCCN2CCN(c3cccc(Cl)c3Cl)CC2)c(C)n1C1CCCC1.Cl.Cl.Cl.Cl,7.2596
COc1ccccc1-n1c(C)nc(C(=O)NCCCN2CCN(c3cccc(Cl)c3Cl)CC2)c1C.Cl.Cl.Cl.Cl,7.9872
CCCc1nc(C(=O)NCCCN2CCN(c3cccc(Cl)c3Cl)CC2)c(C)n1-c1ccccc1OC.Cl.Cl.Cl.Cl,6.8570
COc1ccc(-n2c(C)nc(C(=O)NCCCN3CCN(c4cccc(Cl)c4Cl)CC3)c2C)cc1.Cl.Cl.Cl.Cl,7.6990
CCCc1nc(C(=O)NCCCN2CCN(c3cccc(Cl)c3Cl)CC2)c(C)n1-c1ccc(OC)cc1.Cl.Cl.Cl.Cl,8.2865
COc1ccc(-n2c(-c3ccccc3)nc(C(=O)NCCCN3CCN(c4cccc(Cl)c4Cl)CC3)c2C)cc1.Cl.Cl.Cl.Cl,7.8861
Cc1nc(C(=O)NCCCN2CCN(c3cccc(Cl)c3Cl)CC2)c(C)n1-c1ccccc1F.Cl.Cl.Cl.Cl,7.7747
CCCc1nc(C(=O)NCCCN2CCN(c3cccc(Cl)c3Cl)CC2)c(C)n1-c1ccccc1F.Cl.Cl.Cl.Cl,7.6778
Cc1c(C(=O)NCCCN2CCN(c3cccc(Cl)c3Cl)CC2)nc(-c2ccccc2)n1-c1ccccc1F.Cl.Cl.Cl.Cl,7.7100
Cc1nc(C(=O)NCCCN2CCN(c3cccc(Cl)c3Cl)CC2)c(C)n1-c1ccccc1Cl.Cl.Cl.Cl.Cl.Cl,7.5229
CCCc1nc(C(=O)NCCCN2CCN(c3cccc(Cl)c3Cl)CC2)cn1-c1ccc(Cl)cc1.Cl.Cl.Cl.Cl.Cl,7.1494
COc1cc2c(cc1OC)CN(CCCCn1cc(-c3ccc(F)cc3)c3ccccc31)CC2,5.8962
CC(C)(C)CC(C)(C)c1ccc(OCCOCC[N+](C)(C)Cc2ccccc2)cc1.[Cl-],7.1606
CC(C)C[C@H]1C(=O)N2CCC[C@H]2[C@]2(O)O[C@](NC(=O)[C@@H]3C=C4c5cccc6[nH]c(Br)c(c56)C[C@H]4N(C)C3)(C(C)C)C(=O)N12,7.7218
CN1[C@@H]2CC[C@H]1C[C@@H](OC(c1ccccc1)c1ccccc1)C2,7.8883
COc1ccc(CCN2CCC(Nc3nc4ccccc4n3Cc3ccc(F)cc3)CC2)cc1,7.9764
Cc1cc2c(OCC(CNC(C)(C)C)OC(=O)c3ccccc3)cccc2[nH]1,6.0730
Clc1ccc2c(c1)C(N1CCNCC1)=Nc1ccccc1O2,8.8091
CCCCc1oc2ccccc2c1C(=O)c1cc(I)c(OCCN(CC)CC)c(I)c1,5.7169
CC(C)C[C@H]1C(=O)N2CCC[C@H]2[C@]2(O)O[C@](NC(=O)[C@@H]3C=C4c5cccc6[nH]cc(c56)C[C@H]4N(C)C3)(C(C)C)C(=O)N12,7.5909
CN(C)CCC=C1c2ccccc2CCc2ccccc21,8.0915
O=c1c(-c2ccc(O)cc2)coc2cc(O)cc(O)c12,5.2521
CC(C)OC(=O)C(C)(C)Oc1ccc(C(=O)c2ccc(Cl)cc2)cc1,5.9462
Clc1cc(Cl)c(OCC#CI)cc1Cl,5.8879
CC(C)(C)c1ccc(C(=O)CCCN2CCC(OC(c3ccccc3)c3ccccc3)CC2)cc1,7.3161
CN(C)c1ccc(C(=C2C=CC(=[N+](C)C)C=C2)c2ccc(N(C)C)cc2)cc1.[Cl-],5.8524
Cc1ccc(NC(=O)c2ccc(CN3CCN(C)CC3)cc2)cc1Nc1nccc(-c2cccnc2)n1,5.9955
Clc1ccc(COC(Cn2ccnc2)c2ccc(Cl)cc2Cl)cc1,5.6664
N=C(N)N/N=C/c1c(Cl)cccc1Cl,6.6787
CC(C)[C@H]1C(=O)N2CCC[C@H]2[C@]2(O)O[C@](NC(=O)[C@@H]3C=C4c5cccc6[nH]cc(c56)C[C@H]4N(C)C3)(C(C)C)C(=O)N12,7.8250
CNCCC(Oc1ccc(C(F)(F)F)cc1)c1ccccc1,6.7122
N=C(N)NC(=O)Cc1c(Cl)cccc1Cl,5.7929
Fc1ccc(C(c2ccc(F)cc2)N2CCN(C/C=C/c3ccccc3)CC2)cc1,6.6630
C[C@@H](CO)NC(=O)[C@@H]1C=C2c3cccc4[nH]cc(c34)C[C@H]2N(C)C1,8.9286
OCCN1CCN(CCCN2c3ccccc3Sc3ccc(C(F)(F)F)cc32)CC1,8.2921
CN1C[C@H](C(=O)N[C@]2(C)O[C@@]3(O)[C@@H]4CCCN4C(=O)[C@H](Cc4ccccc4)N3C2=O)C=C2c3cccc4[nH]cc(c34)C[C@H]21,8.1624
O=C(CCCN1CC=C(n2c(=O)[nH]c3ccccc32)CC1)c1ccc(F)cc1,8.8598
COc1ccccc1OCCNCC(O)COc1cccc2[nH]c3ccccc3c12,6.6595
CCCCCCCCCCCCCCCC[n+]1ccccc1.[Br-],5.7705
CN(C)CC[C@@H](c1ccc(Cl)cc1)c1ccccn1,5.7047
CN(C)CCOC(c1ccccc1)c1ccccc1,6.1598
CN(C)CCC=C1c2ccccc2COc2ccccc21,7.6894
CN1CCC[C@@H]1CCO[C@](C)(c1ccccc1)c1ccc(Cl)cc1,7.7656
Cc1ccccc1N1CCN(CCc2nnc3n2CCCC3)CC1,6.4897
OC(CCCN1CCCCC1)(c1ccccc1)c1ccccc1,5.8594
COc1cc(N)c(Cl)cc1C(=O)NC1CCN(CCCOc2ccc(F)cc2)CC1OC,8.4139
CCN(CC)CCOC(=O)C1(C2CCCCC2)CCCCC1,6.8905
CN1CCN(C(c2ccccc2)c2ccccc2)CC1,6.9208
CC(C)[C@@]1(NC(=O)[C@@H]2C[C@@H]3c4cccc5[nH]cc(c45)C[C@H]3N(C)C2)O[C@@]2(O)[C@@H]3CCCN3C(=O)[C@H](Cc3ccccc3)N2C1=O.CS(=O)(=O)O,8.0983
Clc1ccccc1C(c1ccccc1)(c1ccccc1)n1ccnc1,5.2251
CN1C[C@H](C(=O)N[C@]2(C)O[C@@]3(O)[C@@H]4CCCN4C(=O)[C@H](Cc4ccccc4)N3C2=O)C[C@@H]2c3cccc4[nH]cc(c34)C[C@H]21,8.3714
Clc1ccc2c(c1)CCc1cccnc1C2=C1CCNCC1,7.7530
CC/C(=C(/CC)c1ccc(O)cc1)c1ccc(O)cc1,5.5916
C(=C\c1ccccc1)/CN1CCN(C(c2ccccc2)c2ccccc2)CC1,6.7154
CCN(CC)CCOc1ccc(/C(=C(/Cl)c2ccccc2)c2ccccc2)cc1,5.7525
CN(C)CCOC(c1ccccc1)c1ccccc1.Cn1c(=O)c2[nH]c(Cl)nc2n(C)c1=O,6.4313
CN(C)CCCN1c2ccccc2CCc2ccc(Cl)cc21,7.4476
C#C[C@]1(O)CC[C@H]2[C@@H]3CCC4=Cc5oncc5C[C@]4(C)[C@H]3CC[C@@]21C,5.3251
O=c1[nH]c2ccccc2n1CCCN1CCC(n2c(=O)[nH]c3cc(Cl)ccc32)CC1,7.6952
CCN(CC)CCCC(C)Nc1c2ccc(Cl)cc2nc2ccc(OC)cc12,5.8466
Cc1ccccc1C(OCCN(C)C)c1ccccc1,6.6318
Cc1cc(C(C)(C)C)c(O)c(C)c1CC1=NCCN1,6.1632
N=C(N)c1ccc(OCCCCCOc2ccc(C(=N)N)cc2)cc1,6.0576
CN(C)CCCN1c2ccccc2Sc2ccccc21,7.9063
CC(CN1c2ccccc2Sc2ccccc21)N(C)C,7.6383
CCCN1C[C@H](CSC)C[C@@H]2c3cccc4[nH]cc(c34)C[C@H]21,7.9519
CCCNCC(O)COc1ccccc1C(=O)CCc1ccccc1,6.4563
COc1ccc(CN(CCN(C)C)c2ccccn2)cc1,6.2732
NC(=O)C1CCN(CCCN2c3ccccc3Sc3ccc(Cl)cc32)CC1,8.9846
Cc1ccc(N(CC2=NCCN2)c2cccc(O)c2)cc1,6.7160
CNCCC=C1c2ccccc2CCc2ccccc21,7.5582
Clc1ccc(CO/N=C(\Cn2ccnc2)c2ccc(Cl)cc2Cl)c(Cl)c1,5.6526
CC(C)NCC(O)COc1cccc2ccccc12,6.1058
CN1CCN(CCCN2c3ccccc3Sc3ccc(Cl)cc32)CC1,8.4231
CNCCCC12CCC(c3ccccc31)c1ccccc12,7.4693
CCN(CC)CCNC(=O)c1cc(Cl)c(N)cc1OC,5.7068
Clc1ccc(COC(Cn2ccnc2)c2ccc(Cl)cc2Cl)c(Cl)c1,5.6802
CN1C[C@H](CNC(=O)OCc2ccccc2)C[C@@H]2c3cccc4c3c(cn4C)C[C@H]21,9.6752
CCN(CC)C(=O)N[C@H]1C=C2c3cccc4[nH]cc(c34)C[C@H]2N(C)C1,8.7893
O=c1cc(N2CCOCC2)oc2c(-c3ccccc3)cccc12,5.8255
CN(C)CCN(Cc1cccs1)c1ccccn1,6.4734
CO[C@@H]1[C@@H](OC)[C@H](C)[C@@](O)(CC(=O)O)O[C@H]1[C@H](C)[C@H]1O[C@@]2(CC[C@@](C)([C@H]3CC[C@@](C)([C@@H]4O[C@@H]([C@H]5O[C@](C)(O)[C@H](C)C[C@@H]5C)C[C@@H]4O[C@@H]4C[C@H](OC)[C@@H](OC)[C@H](C)O4)O3)O2)C[C@H](O)[C@H]1C,8.3328
CN1CCCC(CN2c3ccccc3Sc3ccccc32)C1,6.6866
CC[C@@H](CO)NC(=O)[C@@H]1C=C2c3cccc4[nH]cc(c34)C[C@H]2N(C)C1,8.8659
O=c1n(CCCN2CCN(c3cccc(Cl)c3)CC2)nc2ccccn12,7.6990
COc1ccc(CCN(C)CCCC(C#N)(c2ccc(OC)c(OC)c2)C(C)C)cc1OC,6.6271
C[C@@H]1C[C@H]2[C@@H]3CCC4=CC(=O)C=C[C@]4(C)C3=CC[C@]2(C)[C@H]1C(=O)CN1CCN(c2cc(N3CCCC3)nc(N3CCCC3)n2)CC1,5.9706
CSc1ccc2c(c1)N(CCC1CCCCN1C)c1ccccc1S2,8.3599
CC/C(=C(\c1ccccc1)c1ccc(OCCN(C)C)cc1)c1ccccc1,5.5907
Clc1ccc(CSC(Cn2ccnc2)c2ccc(Cl)cc2Cl)cc1,5.6779
CC(C)NC[C@H](O)COc1cccc2ccccc12,5.9972
CN[C@H]1CC[C@@H](c2ccc(Cl)c(Cl)c2)c2ccccc21,5.8341
CC(C)N1CCN(c2ccc(OCC3COC(Cn4cncn4)(c4ccc(Cl)cc4Cl)O3)cc2)CC1,5.3595
CC(C)(C)c1ccc(C(O)CCCN2CCC(C(O)(c3ccccc3)c3ccccc3)CC2)cc1,6.8651
O=C(c1ccc(OCCN2CCCCC2)cc1)c1c(-c2ccc(O)cc2)sc2cc(O)ccc12,6.1108
CCCCNc1ccc(C(=O)OCCN(C)C)cc1,5.7386
CN1CCC(N(C)S(=O)(=O)c2ccc(F)cc2)CC1,5.2291
CN1CCC(N(C)S(=O)(=O)c2ccc(Cl)cc2)CC1,6.2700
CN1CCC(N(C)S(=O)(=O)c2ccc(I)cc2)CC1,6.7959
CN1CCC(N(C)S(=O)(=O)c2ccccc2)CC1,5.9918
Cc1ccc(S(=O)(=O)N(C)C2CCN(C)CC2)cc1,5.6716
CC(C)c1ccc(S(=O)(=O)N(C)C2CCN(C)CC2)cc1,6.7932
CN1CCC(N(C)S(=O)(=O)c2ccc(C(C)(C)C)cc2)CC1,6.2848
CCc1ccc(S(=O)(=O)N(C)C2CCN(C)CC2)cc1,6.3449
CCCc1ccc(S(=O)(=O)N(C)C2CCN(C)CC2)cc1,6.4828
CN1CCC(N(C)S(=O)(=O)c2ccc(-c3ccccc3)cc2)CC1,6.5513
COc1ccc(S(=O)(=O)N(C)C2CCN(C)CC2)cc1,6.0804
CCCCOc1ccc(S(=O)(=O)N(C)C2CCN(C)CC2)cc1,7.1135
CN1CCC(N(C)S(=O)(=O)c2ccc(OC(F)(F)F)cc2)CC1,5.6112
CN1CCC(N(C)S(=O)(=O)c2ccc(C(F)(F)F)cc2)CC1,5.7739
CN1CCC(N(C)S(=O)(=O)c2cccc(F)c2)CC1,5.7307
CN1CCC(N(C)S(=O)(=O)c2cccc(Cl)c2)CC1,6.0061
Cc1cccc(S(=O)(=O)N(C)C2CCN(C)CC2)c1,5.4622
CN1CCC(N(C)S(=O)(=O)c2ccccc2Cl)CC1,5.4976
Cc1ccccc1S(=O)(=O)N(C)C1CCN(C)CC1,5.8097
Cc1ccc(S(=O)(=O)N(C)C2CCN(C)CC2)cc1C,5.2233
CN1CCC(N(C)S(=O)(=O)c2cccc3ccccc23)CC1,6.2993
OC1(c2ccc(Cl)cc2)CCN(CCCCc2ccc(F)cc2)CC1,6.5200
OC1(c2ccc(Cl)cc2)CCN(CCCSc2ccc(F)cc2)CC1,7.0871
OC1(c2ccc(Cl)cc2)CCN(CCCOc2ccc(F)cc2)CC1,7.0871
Fc1ccc(SCCCN2CCC(c3ccc(Cl)cc3)CC2)cc1,6.9508
Fc1ccc(OCCCN2CCC(c3ccc(Cl)cc3)CC2)cc1,6.9172
[O-][S+](CCCN1CCC(c2ccc(Cl)cc2)CC1)c1ccc(F)cc1,6.6536
Fc1ccc(CCCCN2CCN(c3ccc(Cl)cc3)CC2)cc1,7.0915
Fc1ccc(SCCCN2CCN(c3ccc(Cl)cc3)CC2)cc1,7.2757
Fc1ccc(SCCCN2CCN(c3ccc(C(F)(F)F)cc3)CC2)cc1,5.9473
Fc1ccc(OCCCN2CCN(c3ccc(Cl)cc3)CC2)cc1,7.2218
Fc1ccc(OCCCN2CCN(c3ccccc3)CC2)cc1,7.2396
Clc1ccc(N2CCN(CCCOc3ccccc3)CC2)cc1,7.7033
c1ccc(OCCCN2CCN(c3ccccc3)CC2)cc1,7.3372
Fc1ccc(CCCCN2CCN(c3ncccn3)CC2)cc1,7.3872
Fc1ccc(SCCCN2CCN(c3ncccn3)CC2)cc1,7.5686
Fc1ccc(OCCCN2CCN(c3ncccn3)CC2)cc1,7.6383
Fc1ccc(CCCCN2CCN(c3ccccn3)CC2)cc1,7.3010
Fc1ccc(SCCCN2CCN(c3ccccn3)CC2)cc1,7.5850
Fc1ccc(OCCCN2CCN(c3ccccn3)CC2)cc1,7.7447
OC1(c2ccc(Cl)cc2)C[C@H]2CC[C@@H](C1)N2CCCOc1ccc(F)cc1,6.6271
OC1(c2ccc(Cl)cc2)C[C@H]2CC[C@@H](C1)N2CCCCc1ccc(F)cc1,6.4989
O=C1c2ccc(F)cc2CC1CCN1CCCN(c2ccc(Cl)cc2)CC1,6.7167
Fc1ccc(SCCCN2CCCN(c3ccc(Cl)cc3)CC2)cc1,6.7878
Fc1ccc(OCCCN2CCCN(c3ccc(Cl)cc3)CC2)cc1,6.2467
Fc1ccc(CCCCN2CCCN(c3ccc(Cl)cc3)CC2)cc1,6.2922
Clc1ccc(N2CCCN(CCCCc3nc4ccccc4s3)CC2)cc1,6.7986
Clc1ccc(N2CCCN(CCCc3nc4ccccc4s3)CC2)cc1,6.1574
O=C(CCCCN1CCCN(c2ccc(Cl)cc2)CC1)c1nc2ccccc2s1,5.9987
O=C(CCCN1CCCN(c2ccc(Cl)cc2)CC1)c1nc2ccccc2s1,5.9838
COc1cc(OC(C)C)cc(S(=O)(=O)c2ccc3c(c2)O[C@H]2CNCC[C@@H]32)c1.Cl,5.4318
O=C(c1cnn2c1CCCC2)N1CCN(CCc2ccc(F)cc2F)CC1,7.7447
O=C(c1cnn2cc(Cl)ccc12)N1CCN(CCc2ccc(F)cc2F)CC1,8.2291
O=C(c1cc2ccccn2n1)N1CCN(CCc2ccc(F)cc2F)CC1,8.2441
O=C(c1cc2ncccn2n1)N1CCN(CCc2ccc(F)cc2F)CC1,8.2518
O=C(c1cc(Br)cn2ccnc12)N1CCN(CCc2ccc(F)cc2F)CC1,8.3010
O=C(c1cn2ccccc2n1)N1CCN(CCc2ccc(F)cc2F)CC1,8.3665
O=C(c1cnn2cccnc12)N1CCN(CCc2ccc(F)cc2F)CC1,8.4202
Cc1cc(C)n2ccnc2c1C(=O)N1CCN(CCc2ccc(F)cc2F)CC1,8.4437
Cc1nc2ccccn2c1C(=O)N1CCN(CCc2ccc(F)cc2F)CC1,8.4559
N#Cc1cn2cccc(C(=O)N3CCN(CCc4ccc(F)cc4F)CC3)c2n1,8.5528
Nc1cccn2cc(C(=O)N3CCN(CCc4ccc(F)cc4F)CC3)nc12,8.5686
O=C(c1cc2n(n1)CCCC2)N1CCN(CCc2ccc(F)cc2F)CC1,8.5850
O=C(c1nc2ccccn2c1Br)N1CCN(CCc2ccc(F)cc2F)CC1,8.7212
O=C(c1cnn2ccccc12)N1CCN(CCc2ccc(F)cc2F)CC1,8.7447
O=C(c1cccn2cc(Br)nc12)N1CCN(CCc2ccc(F)cc2F)CC1,8.7696
O=C(c1cnc2ccccn12)N1CCN(CCc2ccc(F)cc2F)CC1,8.7696
O=C(c1cccn2ccnc12)N1CCN(CCc2ccc(F)cc2F)CC1,8.7959
O=C(c1cccn2cc(Cl)nc12)N1CCN(CCc2ccc(F)cc2F)CC1,8.8239
Nc1cccc2nc(C(=O)N3CCN(CCc4ccc(F)cc4F)CC3)cn12,8.8539
O=C(c1nn2ccccc2c1Br)N1CCN(CCc2ccc(F)cc2F)CC1,9.0969
O=C(c1nn2ccccc2c1Cl)N1CCN(CCc2ccc(F)cc2F)CC1,9.2218
O=C(c1cccc2ccnn12)N1CCN(CCc2ccc(F)cc2F)CC1,9.3979
CCOc1ccccc1[C@H]1C[C@@H]1CN.Cl,5.5200
NC[C@H]1C[C@@H]1c1cc(F)ccc1OCC1CC1,6.0487
CCN(CC)CCOC(=O)C(Cc1cccc2ccccc12)CC1CCCO1.O=C(O)C(=O)O,6.5355
CCN(CC)CCOC(=O)[C@@H](Cc1cccc2ccccc12)C[C@@H]1CCCO1.O=C(O)C(=O)O,6.6827
CCN(CC)CCOC(=O)[C@H](Cc1cccc2ccccc12)C[C@@H]1CCCO1.O=C(O)C(=O)O,5.8911
CCN(CC)CCOC(=O)[C@H](Cc1cccc2ccccc12)C[C@H]1CCCO1.O=C(O)C(=O)O,5.6616
CCN(CC)CCOC(=O)[C@@H](Cc1cccc2ccccc12)C[C@H]1CCCO1.O=C(O)C(=O)O,6.8314
Clc1ccc2c(c1)N=C(N1CCNCC1)c1cccnc1O2,6.8827
Clc1ccc2c(c1)N=C(N1CCN(Cc3ccccc3)CC1)c1cccnc1O2,5.9562
Clc1ccc2c(c1)N=C(N1CCN(CCc3ccccc3)CC1)c1cccnc1O2,6.7447
Clc1ccc2c(c1)N=C(N1CCN(C3CCCCC3)CC1)c1cccnc1O2,7.0362
CN1CCC(NC2=Nc3cc(Cl)ccc3Oc3ncccc32)CC1,6.4535
Clc1ccc2c(c1)N=C(NC1CCN(Cc3ccccc3)CC1)c1cccnc1O2,6.5467
Clc1ccc2c(c1)N=C(NCCN1CCCCC1)c1cccnc1O2,6.0026
CN1CCN(C2=Nc3cc(Cl)ccc3Oc3ncccc32)CC1.O=C(O)/C=C/C(=O)O,6.6904
CN1CCN(C2=Nc3ccccc3Oc3ccc(Cl)cc32)CC1,8.6162
C[C@@H]1CCCN1CCc1cc2cc(C(=O)c3ccc(F)cc3)ccc2o1,5.5658
C[C@@H]1CCCN1CCc1cc2cc(C(=O)c3ccc([N+](=O)[O-])cc3)ccc2o1,5.8681
Clc1ccc(N2CCN(CCCc3nc4ccccc4s3)CC2)cc1,7.4437
Clc1ccc(N2CCN(CCCCc3nc4ccccc4s3)CC2)cc1,6.8794
OC1(c2ccc(Cl)cc2)CCN(CCCCc2nc3ccccc3s2)CC1,5.3711
c1cnc(N2CCN(CCCCc3nc4ccccc4s3)CC2)nc1,6.6498
c1ccc2c(c1)CCN(CCCCc1nc3ccccc3s1)C2,5.4188
O=C(CCCN1CCN(c2ccc(Cl)cc2)CC1)c1nc2ccccc2s1,5.6998
O=C(CCCN1CCC(c2ccccc2)CC1)c1nc2ccccc2s1,6.5421
O=C(CCCN1CCN(c2ncccn2)CC1)c1nc2ccccc2s1,5.6564
O=C(CCCCN1CCC(n2c(=O)[nH]c3cc(Cl)ccc32)CC1)c1nc2ccccc2s1,5.8058
O=C(CCCCN1CCC2(CC1)C(=O)NCN2c1ccccc1)c1nc2ccccc2s1,5.4295
O=C(CCCCN1CCN(c2ccc(Cl)cc2)CC1)c1nc2ccccc2s1,6.2815
O=C(CCCCN1CCN(c2ncccn2)CC1)c1nc2ccccc2s1,5.1560
O=C(CCCCN1CCN(c2ccccc2)CC1)c1nc2ccccc2s1,6.6904
O=C(CCCCN1CCC(c2ccccc2)CC1)c1nc2ccccc2s1,8.4685
O=c1[nH]c2ccccc2n1C1CCN(CCCOc2ccc(F)cc2)CC1,8.5000
COc1ccc(N2CCN(CC[C@@H](OC(N)=O)c3ccccc3)CC2)cc1,5.2366
CNC(=O)c1cc(Oc2ccc(NC(=O)Nc3ccc(Cl)c(C(F)(F)F)c3)cc2)ccn1,5.7080
Clc1cccc(C2CCN(CCCCOc3ccc4scnc4c3)CC2)c1Cl,9.2218
O=C1CCc2ccc(OCCCCN3CCCN(c4cccc(Cl)c4Cl)CC3)cc2N1,8.2474
O=C(C1CCCCC1)N(CCN1CC=C(c2ccccc2)CC1)c1ccccn1,7.2676
O=C(C1CCCCC1)N(CCN1CCN(c2ccccc2)CC1)c1ccccn1,6.7447
COc1ccc(S(=O)(=O)n2cc(C)c3cc(Cl)cnc32)cc1NC1CCN(C)CC1,5.6245
COc1ccc(S(=O)(=O)n2cc(C)c3cc(Cl)ccc32)cc1NC1CCN(C)CC1,6.2708
CCCN1CCC(COc2nc3c(OC)cccc3c3ccccc23)CC1,5.2246
CCCN1CCC(COc2nc3c(I)cccc3c3ncccc23)CC1,5.7387
CCCN1CCC(COc2nc3c(Cl)cccc3c3ccccc23)CC1,5.7496
CCCN1CCC(COc2nc3c(I)cccc3c3ccccc23)CC1,5.9918
Fc1cccc2c1nc(OCC1CCN(CCCc3ccc(I)cc3)CC1)c1cccnc12,6.0915
CC(=O)Nc1ccc(CCN2CCC(COc3nc4ccccc4c4cn(C)cc34)CC2)cc1,5.5000
COCc1ccc(CCN2CCC(COc3nc4ccccc4c4cn(C)cc34)CC2)cc1,6.7000
Cn1cc2c(OCC3CCN(CCc4ccc(CO)cc4)CC3)nc3ccccc3c2c1,7.5000
Cn1cc2c(OCC3CCN(CCc4ccccc4C(=O)O)CC3)nc3ccccc3c2c1,6.1000
Cl.Cn1cc2c(OCC3CCN(CCc4ccc(N)cc4)CC3)nc3ccccc3c2c1,6.6000
CC(C)n1cc2c(OCC3CCN(CCc4ccccc4)CC3)nc3ccccc3c2c1.Cl,7.0000
Cn1cc2c(OCC3CCN(CCc4ccccc4)CC3)nc3ccccc3c2c1,7.1000
CC(C)n1nc(C(=O)NCC2CCN(CCc3ccc(N)cc3)CC2)c2ccccc21.Cl.Cl,7.1000
CC(C)n1nc(C(=O)NCC2CCN(CCc3ccc([N+](=O)[O-])cc3)CC2)c2ccccc21.O=C(O)C(=O)O,6.0000
CC(C)n1nc(C(=O)NCC2CCN(CCc3ccc(O)cc3)CC2)c2ccccc21.Cl,8.0000
CC(C)n1nc(C(=O)NCC2CCN(CCc3ccccn3)CC2)c2ccccc21.Cl,7.0000
CC(C)n1nc(C(=O)NCC2CCN(CCc3ccccc3)CC2)c2ccccc21.Cl,7.5000
COc1ccc2c(C)c(C(=O)N(CCCN3CCCCC3)c3ccccc3)oc2c1,5.5581
COc1cc2oc(C(=O)N(CCCN3CCCCC3)c3ccccc3)c(C)c2cc1OC,5.5911
Cc1ccc(Sc2ccccc2N2CCNCC2)c(C)c1.Cl,6.7447
CCCN1CCC(n2c(=O)[nH]c3cc(Cl)ccc32)CC1,4.6661
c1ccc(OCc2cc(OC[C@@H]3CCN3)no2)cc1,5.1935
c1ccc(OCc2cc(OC[C@@H]3CCCN3)no2)cc1,5.3560
COc1cccc(CCN2C3C4C5CC6C7C5C3C7C2(O)C64)c1OC,6.0223
COc1cccc(CCN2C3C4C5CC6C7C5C3C7C2(O)C64)c1,5.6461
COc1ccccc1CCN1C2C3C4CC5C6C4C2C6C1(O)C53,5.9333
COc1ccccc1CN1C2C3C4CC5C6C4C2C6C1(O)C53,5.4966
COc1ccc(CN2C3C4C5CC6C7C5C3C7C2(O)C64)cc1OC,5.3807
CCOC(=O)Cn1c(NCCCN2CCN(c3ccccc3)CC2)nc2c1c(=O)n(C)c(=O)n2C,5.9960
CCCCn1c(NCCCN2CCN(c3ccccc3)CC2)nc2c1c(=O)n(C)c(=O)n2C,6.2120
Cn1c(=O)c2c(nc(NCCCN3CCN(c4ccccc4)CC3)n2C)n(C)c1=O,6.7060
COc1ccccc1N1CCN(CCCN2C(=O)CCCn3c2nc2c3c(=O)n(C)c(=O)n2C)CC1,5.3000
Cn1c(=O)c2c(nc3n2CCCC(=O)N3CCCN2CCN(c3cccc(Cl)c3)CC2)n(C)c1=O,6.4450
COc1ccccc1N1CCN(CCCn2c(=O)ccn3c4c(=O)n(C)c(=O)n(C)c4nc23)CC1,5.4110
Cn1c(=O)c2c(nc3n(CCCN4CCN(c5cccc(Cl)c5)CC4)c(=O)ccn23)n(C)c1=O,5.9670
COc1ccccc1N1CCN(CCCN2C(=O)CCn3c2nc2c3c(=O)n(C)c(=O)n2C)CC1,5.3750
Cn1c(=O)c2c(nc3n2CCC(=O)N3CCCN2CCN(c3cccc(Cl)c3)CC2)n(C)c1=O,6.7400
COc1ccccc1N1CCN(CCCN2CCCCn3c2nc2c3c(=O)n(C)c(=O)n2C)CC1,6.2500
Cn1c(=O)c2c(nc3n2CCCCN3CCCN2CCN(c3cccc(Cl)c3)CC2)n(C)c1=O,6.4810
COc1ccccc1N1CCN(CCCN2CCCn3c2nc2c3c(=O)n(C)c(=O)n2C)CC1,6.3130
Cn1c(=O)c2c(nc3n2CCCN3CCCN2CCN(c3cccc(Cl)c3)CC2)n(C)c1=O,6.9000
Cn1c(=O)c2c(nc3n2CCCC(=O)N3CCCN2CCN(c3ncccn3)CC2)n(C)c1=O,4.4110
Cn1c(=O)c2c(nc3n2CCC(=O)N3CCCN2CCN(c3ncccn3)CC2)n(C)c1=O,4.5530
Cn1c(=O)c2c(nc3n2CCCN3CCCN2CCN(c3ncccn3)CC2)n(C)c1=O,5.0890
Cn1c(=O)c2c(nc3n(CCCN4CCN(c5ccccc5)CC4)c(=O)ccn23)n(C)c1=O,5.3300
Cn1c(=O)c2c(nc3n2CCCN3CCCCN2CCN(c3ccccc3)CC2)n(C)c1=O,6.6140
Cn1c(=O)c2c(nc3n2CCCCN3CCCN2CCN(c3ccccc3)CC2)n(C)c1=O,6.5880
Cn1c(=O)c2c(nc3n2CCCN3CCCN2CCN(c3ccccc3)CC2)n(C)c1=O,6.3750
Cn1cnc2c1c(=O)n(CCCN1CCN(C(c3ccccc3)c3ccccc3)CC1)c(=O)n2C,7.2321
Cn1c(=O)c2c(nc(NCCCN3CCN(C(c4ccccc4)c4ccccc4)CC3)n2C)n(C)c1=O,6.5121
Cn1c(=O)c2c(nc(N3CCN(C(c4ccccc4)c4ccccc4)CC3)n2C)n(C)c1=O,4.6470
c1ccc2c(N3CCN(CCc4ccc5[nH]cnc5c4)CC3)cccc2c1,7.8199
O=c1[nH]c2ccc(CCN3CCN(c4cccc(C(F)(F)F)c4)CC3)cc2[nH]c1=O,5.8100
O=[N+]([O-])c1ccc(CCN2CCN(c3ccccc3)CC2)cc1[N+](=O)[O-],8.2924
O=S(=O)(NCCCCN1CCN(c2cccc(Cl)c2Cl)CC1)c1cncc2ccccc12,7.0458
O=S(=O)(NCCCCN1CCN(c2cccc(Cl)c2Cl)CC1)c1cc2ccccc2cn1,7.4559
O=S(=O)(NCCCCN1CCN(c2cccc(Cl)c2Cl)CC1)c1cccc2cccnc12,7.5376
O=S(=O)(NCCCCN1CCN(c2cccc(Cl)c2Cl)CC1)c1ccc2cccnc2c1,7.6576
O=S(=O)(NCCCCN1CCN(c2cccc(Cl)c2Cl)CC1)c1ccc2ncccc2c1,7.6383
O=S(=O)(NCCCCN1CCN(c2cccc(Cl)c2Cl)CC1)c1cnc2ccc(Cl)cc2c1,7.3768
O=S(=O)(NCCCCN1CCN(c2cccc(Cl)c2Cl)CC1)c1cnc2ccccc2c1,7.4685
O=S(=O)(NCCCN1CCN(c2cccc(Cl)c2Cl)CC1)c1ccc2cccnc2c1,7.3279
O=S(=O)(NCCCN1CCN(c2cccc(Cl)c2Cl)CC1)c1ccc2ncccc2c1,7.1871
O=S(=O)(NCCCN1CCN(c2cccc(Cl)c2Cl)CC1)c1cnc2ccc(Cl)cc2c1,6.9393
COCCCOc1cc(C(=O)N(C[C@@H]2CNC[C@H]2Cc2ccccc2)C(C)C)ccc1OC.Cl,6.0000
CN1CCC(c2cn(-c3ccc(F)cc3)c3ccc(-c4ncn(C)n4)cc23)CC1,7.0506
CCNC(=O)N(CCCN(C)C)C(=O)[C@@H]1C[C@@H]2c3cccc4c3c(cn4C)C[C@H]2N(C)C1,4.9393
c1ccc(COc2noc3c2CCNCC3)cc1,5.8880
CCOc1noc2c1CCNCC2,4.5500
O=c1c2c(on1Cc1ccccc1)CCNCC2,5.6199
COc1noc2c1CCNCC2,3.5114
CCCn1oc2c(c1=O)CCNCC2,4.0000
CCn1oc2c(c1=O)CCNCC2,3.5114
Clc1cncc(N2CCNCC2)n1,5.9204
Clc1cccc(COc2cncc(N3CCNCC3)n2)c1,7.0908
CN1CC2c3ccccc3Oc3ccc(Cl)cc3C2C1,9.0405
O=C1Nc2cc(Cl)c(Cl)cc2N2CCNCC12,7.9254
C[C@H](N)Cn1ccc2cc(F)c(Cl)cc21.O=C(O)/C=C/C(=O)O,7.5693
COc1ccc(-c2cc3c4c(c2)[C@@H]2CNCC[C@@H]2N4CCC3)c(C(F)(F)F)c1,5.8928
c1cc2c3c(c1)[C@@H]1CNCC[C@@H]1N3CCCS2,6.7905
Cl.O=C1N[C@H]2CNC[C@@H]2c2ccccc21,5.0993
CCc1cc(Cl)c2c(c1)[C@H]1CNC[C@@H]1N(C)C2=O.Cl,5.1852
CCCc1cc(Cl)c2c(c1)[C@H]1CNC[C@@H]1NC2=O.Cl,5.3525
Cc1cc(C(C)C)cc2c1C(=O)N[C@H]1CNC[C@H]21.Cl,5.4770
Cc1cc(C2CC2)cc2c1C(=O)N[C@H]1CNC[C@H]21.Cl,5.4976
CCc1cc2c(c(C(F)(F)F)c1)C(=O)N(C)[C@H]1CNC[C@H]21.Cl,6.0821
Cl.O=C1N[C@H]2CNC[C@H]2c2cccc(C(F)(F)F)c21,5.7254
CCc1cc(Cl)c2c(c1)[C@H]1CNC[C@@H]1NC2=O.Cl,5.7775
Cl.O=C1N[C@@H]2CNC[C@H]2c2cccc(C(F)(F)F)c21,5.7457
CCc1ccc(Cl)c2c1[C@H]1CNC[C@@H]1NC2=O.Cl,6.1106
CCc1cc(C)c2c(c1)[C@H]1CNC[C@@H]1NC2=O.Cl,6.1103
CCc1cc2c(c(C(F)(F)F)c1)C(=O)N[C@H]1CNC[C@H]21.Cl,6.5112
Cc1cc(Cl)c2c(c1)[C@H]1CNC[C@@H]1NC2=O.Cl,6.4409
Cc1cc(C)c2c(c1)[C@H]1CNC[C@@H]1NC2=O.Cl,6.3931
Cl.O=C1N[C@H]2CNC[C@@H]2c2cccc(Cl)c21,6.7475
Cl.O=C1N[C@H]2CNC[C@@H]2c2ccc(Cl)c(Cl)c21,7.0177
Cc1cccc2c1C(=O)N[C@H]1CNC[C@H]21.Cl,7.0740
Cl.O=C1N[C@H]2CNC[C@@H]2c2cccc(C(F)(F)F)c21,7.2939
CN1C(=O)c2c(cccc2C(F)(F)F)[C@H]2CNC[C@@H]21.Cl,7.0765
Cc1ccc2c(c1Cl)C(=O)N[C@H]1CNC[C@H]21.Cl,7.7819
COc1c(O)ccc2c1CN1CCc3cc4c(cc3[C@@H]1C2)OCC4,6.3188
COc1c(O)ccc2c1CN1CCc3cc4c(cc3[C@@H]1C2)OCCO4,6.4401
C1=C(c2c(-c3ccccc3)[nH]c3ccccc23)CCNC1,7.3010
Cc1[nH]c2ccccc2c1C1=CCNCC1,5.8239
Cc1[nH]c2ccc([N+](=O)[O-])cc2c1C1=CCNCC1,6.0000
Cc1[nH]c2ccc(F)cc2c1C1=CCNCC1,6.0223
Cc1[nH]c2ccc(Br)cc2c1C1=CCNCC1,6.3979
COc1ccccc1N1CCN(CCCOc2ccc3c(C)cc(=O)oc3c2)CC1,6.7600
Cc1cc(=O)oc2c(Cl)c(OCCCCN3CCC(c4noc5cc(F)ccc45)CC3)ccc12,8.4648
Cl.Clc1cccc(Nc2nc(Cc3ccccc3)nc3c2CCNCC3)c1,8.3583
Cl.c1ccc(Cc2nc3c(c(Nc4ccccc4)n2)CCNCC3)cc1,8.3925
Fc1ccc(Nc2nc(NCCN3CCOCC3)nc3[nH]ncc23)cc1,5.0114
C=CCNc1nc(Nc2ccc(F)cc2)c2cn[nH]c2n1,5.1820
CC1CC(C)CN(c2nc(Nc3ccc(F)cc3)c3cn[nH]c3n2)C1,5.2317
COCCCNc1nc(Nc2ccc(F)cc2)c2cn[nH]c2n1,5.2771
CN(C)c1nc(Nc2ccc(F)cc2)c2cn[nH]c2n1,5.3116
CCN(CC)c1nc(Nc2ccccc2C)c2cn[nH]c2n1,5.3393
CCN(CC)c1nc(Nc2ccc(F)cc2)c2cn[nH]c2n1,5.3434
Fc1ccc(Nc2nc(NC3CCCC3)nc3[nH]ncc23)cc1,5.3469
CC1CCN(c2nc(Nc3ccc(F)cc3)c3cn[nH]c3n2)CC1,5.4350
Fc1ccc(Nc2nc(NC3CCCCC3)nc3[nH]ncc23)cc1,5.4358
CCN(CC)c1nc(N2CCN(C)CC2)nc2c1CCNCC2.Cl,5.5376
CCN(CC)c1nc(Nc2ccc(C)c(C)c2)c2cn[nH]c2n1,5.5602
CN1CCN(c2nc3c(c(OCc4ccco4)n2)CCNCC3)CC1.Cl,5.5809
Fc1ccc(Nc2nc(N3CCOCC3)nc3[nH]ncc23)cc1,5.5820
Fc1ccc(Nc2nc(N3CCCCC3)nc3[nH]ncc23)cc1,5.6580
CCN(CC)c1nc(Nc2cccc(OC)c2)c2cn[nH]c2n1,5.6811
CCN(CC)c1nc(Nc2ccc(Cl)cc2)c2cn[nH]c2n1,5.7226
COc1ccccc1N1CCN(c2nc(Nc3ccc(F)cc3)c3cn[nH]c3n2)CC1,5.8608
Cl.c1ccc(Cc2nc3c(c(N4CCSCC4)n2)CCNCC3)cc1,6.4561
Fc1ccc(Nc2nc(NCc3ccccc3)nc3[nH]ncc23)cc1,5.8969
CNc1nc(N2CCN(C)CC2)nc2c1CCNCC2.Cl,5.9208
Cc1ccc(CNc2nc(Nc3ccc(F)cc3)c3cn[nH]c3n2)cc1,6.0237
COc1ccc(Nc2nc(N3CCN(c4ccc(F)cc4)CC3)nc3[nH]ncc23)cc1,6.1574
CN1CCN(c2nc3c(c(N4CCSCC4)n2)CCNCC3)CC1.Cl,6.1630
CN1CCc2nc(N3CCN(C)CC3)nc(Nc3ccc(F)cc3)c2CC1.Cl,6.1649
COc1cccc(Nc2nc(N3CCN(c4ccc(F)cc4)CC3)nc3[nH]ncc23)c1,6.4559
CN1CCN(c2nc3c(c(Nc4ccc(F)cc4)n2)CCNCC3)CC1.Cl,6.7414
OCCN1CCN(c2nc(Nc3ccc(F)cc3)c3cn[nH]c3n2)CC1,6.7878
COc1cccc(Nc2nc(Cc3ccccc3)nc3c2CCNCC3)c1.Cl,7.0919
COc1ccc(Nc2nc(Cc3ccccc3)nc3c2CCNCC3)cc1.Cl,7.2411
Fc1ccc(Nc2nc(N3CCN(Cc4ccccc4)CC3)nc3[nH]ncc23)cc1,7.2823
CN1CCN(c2nc(Nc3ccc(Cl)cc3)c3cn[nH]c3n2)CC1,7.5406
Cl.Fc1cccc(Nc2nc(Cc3ccccc3)nc3c2CCNCC3)c1,7.9312
Fc1ccc(Nc2nc(N3CCN(c4ccccc4)CC3)nc3[nH]ncc23)cc1,7.5654
CN1CCN(c2nc(Nc3ccccc3)c3cn[nH]c3n2)CC1,7.6003
CN1CCN(c2nc(Nc3ccc(F)cc3)c3cn[nH]c3n2)CC1,7.6162
Fc1ccc(Nc2nc(N3CCN(c4ccc(F)cc4)CC3)nc3[nH]ncc23)cc1,7.7471
COc1cccc(Nc2nc(N3CCN(C)CC3)nc3[nH]ncc23)c1,8.0410
Cl.Fc1ccc(Nc2nc(Cc3ccccc3)nc3c2CCNCC3)cc1,8.7100
C=CCN(CC=C)CCc1c[nH]c2ccc(OC)cc12,6.6608
CC(N)Cc1c[nH]c2ccccc12,7.6364
O=C1c2ccc3c(c2C[C@@H]2CNCCN12)OCCC3,6.1664
COc1c(C)ccc2c1C[C@@H]1CNCCN1C2=O,6.3361
COc1ccc(C)c2c1C[C@@H]1CNCCN1C2=O,6.8327
Cc1cc(C)c2c(c1)C[C@@H]1CNCCN1C2=O,6.2336
COc1cccc2c1C[C@@H]1CNCCN1C2=O,6.1394
Cc1cccc2c1C[C@@H]1CNCCN1C2=O,6.3409
COc1ccc2c(c1)C(=O)N1CCNC[C@H]1C2,7.1992
O=C1c2cc(Cl)ccc2C[C@@H]2CNCCN12,7.0419
O=C1c2cc(C(F)(F)F)ccc2C[C@@H]2CNCCN12,6.9706
CCc1ccc2c(c1)C(=O)N1CCNC[C@H]1C2,7.1932
Cc1ccc2c(c1)C(=O)N1CCNC[C@H]1C2,6.8839
COc1cccc2c1C(=O)N1CCNC[C@H]1C2,6.2478
O=C1c2c(Cl)cccc2C[C@@H]2CNCCN12,6.6699
O=C1c2c(cccc2C(F)(F)F)C[C@@H]2CNCCN12,7.0232
O=C1c2c(cccc2C2CC2)C[C@@H]2CNCCN12,7.0496
CCc1cccc2c1C(=O)N1CCNC[C@H]1C2,7.6387
Cc1cccc2c1C(=O)N1CCNC[C@H]1C2,7.0762
C[C@@H]1CNC[C@H]2Cc3ccccc3C(=O)N21,7.0008
O=C1c2ccccc2C[C@@H]2CNCCN12,6.3187
CCc1cc(C)c2c(c1)C[C@@H]1CNCCN1C2=O,6.3410
CCCOc1cccc2c1C[C@@H]1CNCCN1C2=O,5.8392
CCOc1cccc2c1C[C@@H]1CNCCN1C2=O,5.9855
CCc1cccc2c1C[C@@H]1CNCCN1C2=O,5.8465
N#Cc1ccc2c(c1)C[C@@H]1CNCCN1C2=O,5.2199
COc1ccc2c(c1)C[C@@H]1CNCCN1C2=O,5.7655
O=C1c2ccc(Cl)cc2C[C@@H]2CNCCN12,6.4023
O=C1c2ccc(C(F)(F)F)cc2C[C@@H]2CNCCN12,6.0996
CCCc1ccc2c(c1)C[C@@H]1CNCCN1C2=O,6.5607
CCc1ccc2c(c1)C[C@@H]1CNCCN1C2=O,6.6364
Cc1ccc2c(c1)C[C@@H]1CNCCN1C2=O,6.5850
N#Cc1ccc2c(c1)C(=O)N1CCNC[C@H]1C2,5.3979
N#Cc1cccc2c1C(=O)N1CCNC[C@H]1C2,5.5670
C[C@@H]1c2ccccc2C(=O)N2CCNC[C@@H]12,5.5200
C[C@H]1CNC[C@H]2Cc3ccccc3C(=O)N21,5.9662
C[C@H]1CN2C(=O)c3ccccc3C[C@@H]2CN1,5.7595
C[C@@H]1CN2C(=O)c3ccccc3C[C@@H]2CN1,5.5287
CN1CCN2C(=O)c3ccccc3C[C@@H]2C1,5.8356
C[C@@]12CNCCN1C(=O)c1ccccc1C2,5.1591
O=C(OCCN1CCCC1)N1c2ccccc2Sc2ccccc21,5.6198
CCN(CC)CCCOC(=O)N1c2ccccc2Sc2ccccc21,5.4437
O=C(CCCc1ccccc1)N1c2ccccc2Sc2ccccc21,5.7959
CC(C(=O)N1c2ccccc2Sc2ccccc21)c1ccccc1,6.7447
O=C(C1CCCCCC1)N1c2ccccc2Sc2ccccc21,5.7696
COc1ccccc1N1CCN(CCCCn2ncc(=O)n(C)c2=O)CC1,5.3032
COc1cc(CN[C@H]2C3C4CC5C6C4CC3C6C52)cc(OC)c1OC,5.5143
CN(CCc1ccccc1)[C@H]1C2C3CC4C5C3CC2C5C41,5.7615
Cl.NC1=Nc2ccc(Cl)cc2CN1,5.8794
Fc1cccc2c1nc(OCC1CCN(CCCC(F)(F)F)CC1)c1cccnc12,5.0605
NC(N)=NC(=O)c1ccc2c(c1)Cc1ccccc1-2,6.0000
CN1CCC(=C2c3ccccc3CCc3sccc32)CC1,8.1249
Nc1ccc2c(c1)C(=O)C(CCN1CCC(C(=O)c3ccc(F)cc3O)CC1)CC2,7.6300
COc1ccccc1N1CCN(CCC2CCc3ccc(N)cc3C2=O)CC1,7.3700
Nc1ccc2c(c1)C(=O)C(CCN1CCC(c3noc4cc(F)ccc34)CC1)CC2,8.3000
COc1ccccc1N1CCN(CCC2CCc3ccc([N+](=O)[O-])cc3C2=O)CC1,6.1000
O=C1c2cc([N+](=O)[O-])ccc2CCC1CCN1CCC(c2noc3cc(F)ccc23)CC1,7.7201
Nc1ccc2c(c1)C(O)C(CCN1CCC(C(=O)c3ccc(F)cc3O)CC1)CC2,8.3500
Nc1ccc2c(c1)C(O)C(CCN1CCC(c3noc4cc(F)ccc34)CC1)CC2,8.1800
COc1ccccc1N1CCN(CCC2CCc3ccc(N)cc3C2O)CC1,6.8000
COc1ccccc1N1CCN(CCC2CCc3ccc([N+](=O)[O-])cc3C2O)CC1,6.2900
O=[N+]([O-])c1ccc2c(c1)C(O)C(CCN1CCC(c3noc4cc(F)ccc34)CC1)CC2,7.9602
O=C1CC(CN2CCC(C(=O)c3ccc(F)cc3)CC2)Cc2cc(-c3ccccc3)ccc21,6.2000
CC(=O)c1ccc2c(c1)CC(CN1CCC(C(=O)c3ccc(F)cc3)CC1)CC2=O,7.2000
O=C1CC(CN2CCC(c3noc4cc(F)ccc34)CC2)Cc2cc(-c3ccccc3)ccc21,7.8000
CC(=O)c1ccc2c(c1)CC(CN1CCC(c3noc4cc(F)ccc34)CC1)CC2=O,7.5000
CN1CCc2c(c3cccc4c3n2CCc2ccccc2-4)C1,6.5901
CN1CCc2c(c3cccc4c3n2Cc2ccccc2C4)C1,6.1316
CN1CCc2c(c3cccc4c3n2-c2ccccc2CC4)C1,7.6199
CN1CCC2C(C1)c1cccc3c1N2c1ccccc1CS3,8.7001
Cc1noc2c1C(=O)CC(CN1CCC(c3c[nH]c4cc(F)ccc34)CC1)C2,8.0000
Cc1nc2c(o1)CC(CN1CCC(C(=O)c3ccc(F)cc3)CC1)CC2=O,6.9000
Cc1nc2c(o1)CC(CN1CCC(c3noc4cc(F)ccc34)CC1)CC2=O,7.7001
Cc1nc2c(o1)CC(CN1CCC(c3c[nH]c4cc(F)ccc34)CC1)CC2=O,8.3000
Cc1nc2c(o1)CC(CN1CC=C(c3c[nH]c4cc(F)ccc34)CC1)CC2=O,7.1000
O=C1CC(CN2CCC(C(=O)c3ccc(F)cc3)CC2)Cc2nc(N3CCCC3)sc21,6.5500
O=C1CC(CN2CCC(c3noc4cc(F)ccc34)CC2)Cc2nc(N3CCCC3)sc21,7.7001
O=C1CC(CN2CCC(c3c[nH]c4cc(F)ccc34)CC2)Cc2nc(N3CCCC3)sc21,8.1000
O=C1CC(CN2CC=C(c3c[nH]c4cc(F)ccc34)CC2)Cc2nc(N3CCCC3)sc21,7.4000
CN1CCN2c3c(cccc31)[C@@H]1CN(CCCC(=O)c3ccc(F)cc3)CC[C@@H]12.Cc1ccc(S(=O)(=O)O)cc1,8.7113
O=C(CCCN1CC[C@H]2[C@@H](C1)c1cccc3c1N2CCN3)c1ccc(F)cc1,9.0269
CCN1CCN2c3c(cccc31)[C@@H]1CN(CCCC(=O)c3ccc(F)cc3)CC[C@@H]12,8.6778
CC(C)N1CCN2c3c(cccc31)[C@@H]1CN(CCCC(=O)c3ccc(F)cc3)CC[C@@H]12,8.1249
CCCCN1CCN2c3c(cccc31)[C@@H]1CN(CCCC(=O)c3ccc(F)cc3)CC[C@@H]12,7.8539
O=C(CCCN1CC[C@H]2[C@@H](C1)c1cccc3c1N2CCN3Cc1ccccc1)c1ccc(F)cc1,8.3279
CN1CCN2c3c(cc(Br)cc31)[C@@H]1CN(CCCC(=O)c3ccc(F)cc3)CC[C@@H]12,8.3979
COc1cc2c3c(c1)N(C)CCN3[C@H]1CCN(CCCC(=O)c3ccc(F)cc3)C[C@@H]21,8.4559
CN1CCN2c3c(cccc31)[C@@H]1CN(CCCC(=O)c3ccccc3)CC[C@@H]12,8.2366
CN1CCN2c3c(cccc31)[C@@H]1CN(CCCC(=O)c3ccncc3)CC[C@@H]12,8.3279
CN1CCN2c3c(cccc31)[C@@H]1CN(CCCOc3ccc(F)cc3)CC[C@@H]12,8.6198
CN1CCN2c3c(cccc31)[C@@H]1CN(CCNC(=O)c3ccc(F)cc3)CC[C@@H]12,6.1733
CN1CCN2c3c(cccc31)[C@@H]1CN(CCCc3noc4ccccc34)CC[C@@H]12,8.4815
CN1CCN2c3c(cccc31)[C@@H]1CN(CCCc3noc4cc(F)ccc34)CC[C@@H]12,8.6021
CN1CCN2c3c(cccc31)[C@@H]1CN(CCCc3n[nH]c4cc(F)ccc34)CC[C@@H]12,7.7447
CN1CCN2c3c(cccc31)[C@@H]1CN(CC3CC(c4ccc(F)cc4)=NO3)CC[C@@H]12,7.3010
Cc1ccn2c(=O)c(CCN3CC[C@H]4[C@@H](C3)c3cccc5c3N4CCN5C)c(C)nc2c1,6.1537
CN1CCN2c3c(cccc31)[C@H]1CN(CCCC(=O)c3ccc(F)cc3)CC[C@H]12,8.3372
CN1CCN2c3c(cccc31)[C@@H]1CN(CCCC(=O)c3ccc(F)cc3)CC[C@H]12,6.4895
O=C(CCCN1CC[C@@H]2[C@H](C1)c1cccc3c1N2CCN3)c1ccc(F)cc1,8.2596
CN1CCN2c3c(cccc31)[C@@H]1CCN(CCCC(=O)c3ccc(F)cc3)CC[C@@H]12,8.7696
CN1CCN2c3c(cccc31)[C@H]1CCN(CCCC(=O)c3ccc(F)cc3)CC[C@H]12,7.7696
CC1CN(C)c2cccc3c2N1[C@H]1CCN(CCCC(=O)c2ccc(F)cc2)C[C@@H]31,8.2441
CN1CC(C)(C)N2c3c(cccc31)[C@@H]1CN(CCCC(=O)c3ccc(F)cc3)CC[C@@H]12,8.2840
O=C(CCCN1CC[C@H]2[C@@H](C1)c1cccc3c1N2CCC3)c1ccc(F)cc1,9.0000
O=C(CCCN1CC[C@@H]2[C@H](C1)c1cccc3c1N2CCC3)c1ccc(F)cc1,8.1135
O=C(CCCN1CC[C@H]2[C@@H](C1)c1cccc3c1N2CC3)c1ccc(F)cc1,8.5376
O=C(CCCN1CC[C@H]2[C@@H](C1)c1cccc3c1N2CCCC3)c1ccc(F)cc1,8.9586
O=C(CCCN1CC[C@H]2[C@@H](C1)c1cccc3c1N2CCS3)c1ccc(F)cc1,8.8861
O=C(CCCN1CC[C@H]2[C@@H](C1)c1cccc3c1N2CCO3)c1ccc(F)cc1,9.0506
O=C(CCCN1CC[C@H]2c3cccc4c3N(CCO4)[C@H]2CC1)c1ccc(F)cc1,7.8539
CN1CCC(c2cccc3cc(S(=O)(=O)c4ccccn4)cnc23)CC1,6.9101
CN1CCN(c2cccc3cc(S(=O)(=O)c4cccc(F)c4)cnc23)CC1,9.4089
Clc1cccc(COc2ccc(Br)cc2OC2CNC2)c1,7.3768
Cc1nc(COc2ccc(Cl)cc2OC2CNC2)cs1,6.6478
FC(F)(COc1ccc(Cl)cc1OC1CNC1)c1ccccc1,8.3010
C[C@@H](Oc1ccc(C(F)(F)F)cc1OC1CNC1)c1cccc(C(F)(F)F)c1,6.2182
O=C1CC(c2ccccc2)CN1c1cnc2c(N3CCNCC3)cccc2c1,5.5086
CNc1nc(Cc2ccccc2)nc2c1CCNC[C@@H]2C,6.4437
CNc1nc(C(F)(F)c2ccccc2)nc2c1CCNCC2,6.9245
COc1cc(/C=C/C(=O)NCCn2c(C(F)(F)F)cc3ccccc32)cc(OC)c1OC,4.1249
CN(C)C(=O)N[C@H]1CC[C@H](CCN2CCN(c3cccc(Cl)c3Cl)CC2)CC1,7.6479
CCOC(=O)c1cc2cc(OCCCCN3CCN(c4cccc(Cl)c4Cl)CC3)ccn2n1,7.6576
OCc1cc2cc(OCCCCN3CCN(c4cccc(Cl)c4Cl)CC3)ccn2n1,7.7959
O=Cc1cnn2ccc(OCCCCN3CCN(c4cccc(Cl)c4Cl)CC3)cc12,6.6198
O=Cc1cc2cc(OCCCCN3CCN(c4cccc(Cl)c4Cl)CC3)ccn2n1,7.2518
O/N=C/c1cnn2ccc(OCCCCN3CCN(c4cccc(Cl)c4Cl)CC3)cc12,8.2557
O/N=C/c1cc2cc(OCCCCN3CCN(c4cccc(Cl)c4Cl)CC3)ccn2n1,8.1024
N#Cc1cnn2ccc(OCCCCN3CCN(c4cccc(Cl)c4Cl)CC3)cc12,6.3098
N#Cc1cc2cc(OCCCCN3CCN(c4cccc(Cl)c4Cl)CC3)ccn2n1,7.0915
O=S(=O)(NCCCCN1CCC(c2noc3cc(F)ccc23)CC1)c1cc2ccccc2s1,9.2614
Cc1cccc(S(=O)(=O)NCCN2CCN(c3nsc4ccccc34)CC2)c1,8.0555
Cc1cccc(S(=O)(=O)NCCCN2CCN(c3nsc4ccccc34)CC2)c1,8.8861
Cc1cccc(S(=O)(=O)NCCCCN2CCN(c3nsc4ccccc34)CC2)c1,9.3979
O=S(=O)(NCCCN1CCN(c2nsc3ccccc23)CC1)c1ccc(Cl)c(Cl)c1,7.6021
O=S(=O)(NCCCCN1CCN(c2nsc3ccccc23)CC1)c1ccc(Cl)c(Cl)c1,7.9208
O=S(=O)(NCCCN1CCN(c2nsc3ccccc23)CC1)c1ccc(F)c(Cl)c1,7.8539
O=S(=O)(NCCCCN1CCN(c2nsc3ccccc23)CC1)c1ccc(F)c(Cl)c1,7.8239
O=S(=O)(NCCCN1CCN(c2nsc3ccccc23)CC1)c1ccc(OC(F)(F)F)cc1,8.0223
O=S(=O)(NCCCCN1CCN(c2nsc3ccccc23)CC1)c1ccc(OC(F)(F)F)cc1,8.6576
O=S(=O)(NCCCN1CCN(c2nsc3ccccc23)CC1)c1cccs1,8.0410
O=S(=O)(NCCCCN1CCN(c2nsc3ccccc23)CC1)c1cccs1,8.2596
O=S(=O)(NCCN1CCN(c2nsc3ccccc23)CC1)c1ccc2ccccc2c1,9.0458
O=S(=O)(NCCCN1CCN(c2nsc3ccccc23)CC1)c1ccc2ccccc2c1,8.0000
O=S(=O)(NCCCCN1CCN(c2nsc3ccccc23)CC1)c1ccc2ccccc2c1,8.8239
O=S(=O)(NCCCN1CCN(c2nsc3ccccc23)CC1)c1ccc2cc(Cl)ccc2c1,7.8861
O=S(=O)(NCCCCN1CCN(c2nsc3ccccc23)CC1)c1ccc2cc(Cl)ccc2c1,8.0915
O=S(=O)(NCCCN1CCN(c2nsc3ccccc23)CC1)c1cc2ccccc2s1,7.9586
O=S(=O)(NCCCCN1CCN(c2nsc3ccccc23)CC1)c1cc2ccccc2s1,8.2218
O=S(=O)(NCCCN1CCN(c2nsc3ccccc23)CC1)c1cc2ccc(Cl)cc2s1,8.0223
O=S(=O)(NCCCCN1CCN(c2nsc3ccccc23)CC1)c1cc2ccc(Cl)cc2s1,8.1871
Cc1c(S(=O)(=O)NCCCN2CCN(c3nsc4ccccc34)CC2)sc2ccc(F)cc12,7.8539
Cc1c(S(=O)(=O)NCCCCN2CCN(c3nsc4ccccc34)CC2)sc2ccc(F)cc12,8.1871
O=S(=O)(NCCCN1CCN(c2nsc3ccccc23)CC1)c1cnc2ccccn12,7.9208
O=S(=O)(NCCCCN1CCN(c2nsc3ccccc23)CC1)c1cnc2ccccn12,8.0915
O=S(=O)(NCCCN1CCN(c2nsc3ccccc23)CC1)c1cccc2scnc12,8.0757
O=S(=O)(NCCCCN1CCN(c2nsc3ccccc23)CC1)c1cccc2scnc12,8.1249
Cc1cccc(S(=O)(=O)NCCCN2CCN(c3noc4ccccc34)CC2)c1,5.3768
Cc1cccc(S(=O)(=O)NCCCCN2CCN(c3noc4ccccc34)CC2)c1,7.5850
O=S(=O)(NCCCN1CCN(c2noc3ccccc23)CC1)c1ccc(Cl)c(Cl)c1,6.5376
O=S(=O)(NCCCCN1CCN(c2noc3ccccc23)CC1)c1ccc(Cl)c(Cl)c1,8.0000
O=S(=O)(NCCCN1CCN(c2noc3ccccc23)CC1)c1ccc(F)c(Cl)c1,7.0088
O=S(=O)(NCCCCN1CCN(c2noc3ccccc23)CC1)c1ccc(F)c(Cl)c1,7.7696
O=S(=O)(NCCCN1CCN(c2noc3ccccc23)CC1)c1ccc(OC(F)(F)F)cc1,6.0223
O=S(=O)(NCCCCN1CCN(c2noc3ccccc23)CC1)c1ccc(OC(F)(F)F)cc1,6.6778
O=S(=O)(NCCCN1CCN(c2noc3ccccc23)CC1)c1cccs1,6.0132
O=S(=O)(NCCCCN1CCN(c2noc3ccccc23)CC1)c1cccs1,5.5686
O=S(=O)(NCCCN1CCN(c2noc3ccccc23)CC1)c1ccc2ccccc2c1,6.9586
O=S(=O)(NCCCCN1CCN(c2noc3ccccc23)CC1)c1ccc2ccccc2c1,9.1549
O=S(=O)(NCCCCN1CCN(c2noc3ccccc23)CC1)c1ccc2cc(Cl)ccc2c1,8.1135
O=S(=O)(NCCCN1CCN(c2noc3ccccc23)CC1)c1cc2ccccc2s1,6.3872
O=S(=O)(NCCCCN1CCN(c2noc3ccccc23)CC1)c1cc2ccccc2s1,6.7212
O=S(=O)(NCCCN1CCN(c2noc3ccccc23)CC1)c1cc2ccc(Cl)cc2s1,7.2007
O=S(=O)(NCCCCN1CCN(c2noc3ccccc23)CC1)c1cc2ccc(Cl)cc2s1,7.9586
Cc1c(S(=O)(=O)NCCCN2CCN(c3noc4ccccc34)CC2)sc2ccc(F)cc12,5.9208
Cc1c(S(=O)(=O)NCCCCN2CCN(c3noc4ccccc34)CC2)sc2ccc(F)cc12,8.1308
O=S(=O)(NCCCCN1CCN(c2noc3ccccc23)CC1)c1cnc2ccccn12,7.8861
O=S(=O)(NCCCN1CCN(c2noc3ccccc23)CC1)c1cccc2scnc12,5.4815
O=S(=O)(NCCCCN1CCN(c2noc3ccccc23)CC1)c1cccc2scnc12,5.2147
Cc1cccc(S(=O)(=O)NCCN2CCC(c3noc4cc(F)ccc34)CC2)c1,8.4559
Cc1cccc(S(=O)(=O)NCCCN2CCC(c3noc4cc(F)ccc34)CC2)c1,8.4318
Cc1cccc(S(=O)(=O)NCCCCN2CCC(c3noc4cc(F)ccc34)CC2)c1,8.6778
O=S(=O)(NCCCN1CCC(c2noc3cc(F)ccc23)CC1)c1ccc(Cl)c(Cl)c1,8.6576
O=S(=O)(NCCCCN1CCC(c2noc3cc(F)ccc23)CC1)c1ccc(Cl)c(Cl)c1,8.3098
O=S(=O)(NCCCN1CCC(c2noc3cc(F)ccc23)CC1)c1ccc(F)c(Cl)c1,8.8239
O=S(=O)(NCCCCN1CCC(c2noc3cc(F)ccc23)CC1)c1ccc(F)c(Cl)c1,8.0458
O=S(=O)(NCCCN1CCC(c2noc3cc(F)ccc23)CC1)c1ccc(OC(F)(F)F)cc1,8.4202
O=S(=O)(NCCCCN1CCC(c2noc3cc(F)ccc23)CC1)c1ccc(OC(F)(F)F)cc1,8.4437
O=S(=O)(NCCCN1CCC(c2noc3cc(F)ccc23)CC1)c1cccs1,8.2924
O=S(=O)(NCCCCN1CCC(c2noc3cc(F)ccc23)CC1)c1cccs1,8.0223
O=S(=O)(NCCN1CCC(c2noc3cc(F)ccc23)CC1)c1cccc2ccccc12,9.1549
O=S(=O)(NCCCN1CCC(c2noc3cc(F)ccc23)CC1)c1cccc2ccccc12,8.7696
O=S(=O)(NCCCCN1CCC(c2noc3cc(F)ccc23)CC1)c1cccc2ccccc12,9.2218
O=S(=O)(NCCN1CCC(c2noc3cc(F)ccc23)CC1)c1ccc2ccccc2c1,8.7447
O=S(=O)(NCCCN1CCC(c2noc3cc(F)ccc23)CC1)c1ccc2ccccc2c1,8.5528
O=S(=O)(NCCCCN1CCC(c2noc3cc(F)ccc23)CC1)c1ccc2ccccc2c1,8.7696
O=S(=O)(NCCCN1CCC(c2noc3cc(F)ccc23)CC1)c1ccc2cc(Cl)ccc2c1,8.5086
O=S(=O)(NCCCCN1CCC(c2noc3cc(F)ccc23)CC1)c1ccc2cc(Cl)ccc2c1,9.2218
O=S(=O)(NCCCN1CCC(c2noc3cc(F)ccc23)CC1)c1csc2ccccc12,8.7959
O=S(=O)(NCCCCN1CCC(c2noc3cc(F)ccc23)CC1)c1csc2ccccc12,8.2441
O=S(=O)(NCCCN1CCC(c2noc3cc(F)ccc23)CC1)c1cc2ccccc2s1,9.0458
O=S(=O)(NCCCN1CCC(c2noc3cc(F)ccc23)CC1)c1cc2ccc(Cl)cc2s1,8.5850
O=S(=O)(NCCCCN1CCC(c2noc3cc(F)ccc23)CC1)c1cc2ccc(Cl)cc2s1,9.0969
Cc1c(S(=O)(=O)NCCCN2CCC(c3noc4cc(F)ccc34)CC2)sc2ccc(F)cc12,8.6383
Cc1c(S(=O)(=O)NCCCCN2CCC(c3noc4cc(F)ccc34)CC2)sc2ccc(F)cc12,9.1549
Cc1c(S(=O)(=O)NCCCCN2CCC(c3noc4cc(F)ccc34)CC2)sc2ccc(Cl)cc12,9.0000
O=S(=O)(NCCCN1CCC(c2noc3cc(F)ccc23)CC1)c1cnc2ccccn12,8.1871
O=S(=O)(NCCCCN1CCC(c2noc3cc(F)ccc23)CC1)c1cnc2ccccn12,8.0223
O=S(=O)(NCCCN1CCC(c2noc3cc(F)ccc23)CC1)c1cccc2scnc12,8.0410
O=S(=O)(NCCCCN1CCC(c2noc3cc(F)ccc23)CC1)c1cccc2scnc12,8.0706
CN1CCc2ccc(O)cc2C(c2ccccc2)C1,6.8761
CN1CCc2cc(NCc3ccccc3)c(O)cc2C(c2ccccc2)C1,8.3449
CN1CCc2cc(NCc3cccc(Cl)c3)c(O)cc2C(c2ccccc2)C1,7.9872
Cc1cccc(CNc2cc3c(cc2O)C(c2ccccc2)CN(C)CC3)c1,8.0022
Cc1ccccc1CNc1cc2c(cc1O)C(c1ccccc1)CN(C)CC2,6.7167
Cc1ccc(CNc2cc3c(cc2O)C(c2ccccc2)CN(C)CC3)cc1,6.0645
Cc1cccc(-c2cc3c(cc2O)C(c2ccccc2)CN(C)CC3)c1,6.7878
CN1CCc2cc(-c3ccc(O)cc3)c(O)cc2C(c2ccccc2)C1,6.0830
OC1(c2ccc(Cl)cc2)CC2CCC(C1)N2CCCCc1ccc(F)cc1,6.4989
OC1(c2ccc(Cl)cc2)CC2CCC(C1)N2CCCOc1ccc(F)cc1,6.6271
OC1(c2ccc(Cl)cc2)CC2CCC(C1)N2CCCSc1ccc(F)cc1,7.0506
OC1(c2ccc(Cl)cc2)CC2CCC(C1)N2CCCSc1cccc(F)c1,6.2933
OC1(c2ccc(Cl)cc2)CC2CCC(C1)N2CCCSc1ccccc1F,6.9393
O=C(NCCCCN1CCN(c2ccccc2)CC1)c1cc2ccccc2o1,6.4067
Cc1cccc(N2CCN(CCCCNC(=O)c3cc4ccccc4o3)CC2)c1C,8.4437
COc1cccc(N2CCN(CCCCNC(=O)c3cc4ccccc4o3)CC2)c1,7.3979
Cc1cccc(N2CCN(CCCCNC(=O)c3cc4ccccc4o3)CC2)n1,7.5686
O=C(NCCCCN1CCN(c2ccccc2F)CC1)c1cc2ccccc2o1,7.7447
O=C(NCCCCN1CCN(c2cccc(C(F)(F)F)c2)CC1)c1cc2ccccc2[nH]1,8.3979
COc1cccc(N2CCN(CCCCNC(=O)c3c[nH]c4ccccc34)CC2)c1,6.7852
COc1cccc(N2CCN(CCCCNC(=O)c3cc4ccccc4n3C)CC2)c1,6.5072
Cc1cccc(N2CCN(CCCCNC(=O)c3cc4ccccc4o3)CC2)c1,7.8153
O=C(NCCCCN1CCN(c2ccccc2)CC1)c1cc2ccccc2cn1,7.3979
Cc1cccc(N2CCN(CCCCNC(=O)c3cc4ccccc4cn3)CC2)c1,7.8239
COc1cccc(N2CCN(CCCCNC(=O)c3cc4ccccc4cn3)CC2)c1,7.4815
O=C(NCCCCN1CCN(c2ccccn2)CC1)c1cc2ccccc2cn1,6.0851
Cc1cccc(N2CCN(CCCCNC(=O)c3cc4ccccc4cn3)CC2)n1,7.5528
O=C(NCCCCN1CCN(c2ncccn2)CC1)c1cc2ccccc2cn1,5.9108
O=C(NCCCCN1CCN(c2cnc3ccccc3c2)CC1)c1cc2ccccc2cn1,6.0000
O=C(NCCCCN1CCN(c2cccc(F)c2)CC1)c1cc2ccccc2cn1,7.9586
O=C(NCCCCN1CCN(c2ccc(F)cc2)CC1)c1cc2ccccc2cn1,8.0969
O=C(NCCCCN1CCN(c2ccc(O)cc2)CC1)c1cc2ccccc2cn1,7.7696
O=C(NCCCCN1CCN(c2ccccc2)CC1)c1ccc2ccccc2n1,7.0088
Cc1cccc(N2CCN(CCCCNC(=O)c3ccc4ccccc4n3)CC2)c1,7.7696
COc1cccc(N2CCN(CCCCNC(=O)c3ccc4ccccc4n3)CC2)c1,7.1549
O=C(NCCCCN1CCN(c2ccccn2)CC1)c1ccc2ccccc2n1,7.1612
O=C(NCCCCN1CCN(c2ccccc2)CC1)[C@H]1CCc2ccccc2N1,7.3010
Cc1cccc(N2CCN(CCCCNC(=O)[C@H]3CCc4ccccc4N3)CC2)c1,7.1135
O=C(NCCCCN1CCN(c2ccccc2)CC1)[C@@H]1CCc2ccccc2N1,7.6576
Cc1cccc(N2CCN(CCCCNC(=O)[C@@H]3CCc4ccccc4N3)CC2)c1,8.2924
O=C(NCCCCN1CCN(c2ccccc2)CC1)c1ccc2ncccc2c1,7.1805
Cc1cccc(N2CCN(CCCCNC(=O)c3ccccc3)CC2)n1,7.0809
COc1cccc(N2CCN(CCCCNC(=O)c3ccccc3)CC2)n1,6.9586
O=C(NCCCCN1CCN(c2cccc3ccccc23)CC1)c1ccccc1,8.5229
O=C(NCCCCN1CCN(c2ccccc2)CC1)c1ccccn1,7.0000
COc1cccc(N2CCN(CCCCNC(=O)c3ccccn3)CC2)c1,6.7471
Cc1cccc(N2CCN(CCCCNC(=O)c3ccccn3)CC2)n1,6.6198
COc1cccc(N2CCN(CCCCNC(=O)c3ccccn3)CC2)n1,6.8539
COc1cccc(N2CCN(CCCCNC(=O)c3cccc(C)n3)CC2)c1,6.6234
O=C(NCCCCN1CCN(c2ccccc2)CC1)c1cccnc1,6.6655
COc1ccccc1N1CCN(CCCCC(=O)NCc2ccccc2-c2ccccc2Cl)CC1,6.3206
COc1ccccc1N1CCN(CCCCCC(=O)NCc2ccccc2-c2ccccc2Cl)CC1,7.1135
NCCc1c[nH]c2ccccc12,8.1331
CNCCc1c[nH]c2ccccc12,7.2950
CCNCCc1c[nH]c2ccccc12,7.4168
Cn1cc(CCN)c2ccccc21,6.6799
NCCc1c[nH]c2cccc(F)c12,7.5513
COc1cccc2[nH]cc(CCN)c12,8.0448
Cc1ccc2[nH]cc(CCN)c2c1,8.2218
NCCc1c[nH]c2ccc(Cl)cc12,8.3862
NCCc1c[nH]c2ccc(Br)cc12,8.2890
NCCc1c[nH]c2ccc(F)cc12,8.5784
NCCc1c[nH]c2cc(F)ccc12,8.3410
COc1ccc2c(CCN)c[nH]c2c1,5.6121
Cc1ccc2c(CCN)c[nH]c2c1,7.1232
Cc1cccc2c(CCN)c[nH]c12,7.3497
NCCc1c[nH]c2c(Cl)cccc12,7.7258
COc1cccc2c(CCN)c[nH]c12,6.3045
CC(N)Cc1c[nH]c2ccc(Cl)cc12,8.2027
CC[C@@H](N)Cc1c[nH]c2ccccc12,5.9031
CCC(N)Cc1c[nH]c2ccc(Cl)cc12,6.6038
CCC(N)Cc1c[nH]c2ccc(F)cc12,6.6091
CN(C)/C=N/N=C/c1cn(S(=O)(=O)c2cccc3ccccc23)c2cccc([N+](=O)[O-])c12,6.2557
COc1ccc(Cl)cc1S(=O)(=O)n1cc(/C=N/N=C/N(C)C)c2c([N+](=O)[O-])cccc21,5.7978
COc1ccc(OC)c(S(=O)(=O)n2cc(/C=N/N=C/N(C)C)c3c([N+](=O)[O-])cccc32)c1,6.3197
COc1ccc(S(=O)(=O)n2cc(/C=N/N=C/N(C)C)c3c([N+](=O)[O-])cccc32)cc1,6.6882
Cc1ccc(S(=O)(=O)n2cc(/C=N/N=C/N(C)C)c3c([N+](=O)[O-])cccc32)cc1,6.5969
CN(C)/C=N/N=C/c1cn(S(=O)(=O)c2ccc(I)cc2)c2cccc([N+](=O)[O-])c12,6.6073
CN(C)/C=N/N=C/c1cn(S(=O)(=O)c2ccc(F)cc2)c2cccc([N+](=O)[O-])c12,6.1537
CN(C)/C=N/N=C/c1cn(S(=O)(=O)c2ccccc2)c2cccc([N+](=O)[O-])c12,6.4828
CN(C)/C=N/N=C/c1cn(S(=O)(=O)c2ccc3ccccc3c2)c2cccc([N+](=O)[O-])c12,6.3635
CN(C)[C@H]1Cc2ccccc2[C@H](c2ccccc2)C1,6.3279
CN(C)[C@@H]1Cc2ccccc2[C@@H](c2ccccc2)C1,7.0000
CN(C)[C@H]1Cc2ccccc2[C@H](c2cccc(F)c2)C1.Cl,6.4949
CN(C)[C@@H]1Cc2ccccc2[C@@H](c2cccc(F)c2)C1.Cl,6.9586
CN(C)[C@H]1Cc2ccccc2[C@H](c2cccc(Cl)c2)C1.Cl,6.8861
CN(C)[C@@H]1Cc2ccccc2[C@@H](c2cccc(Cl)c2)C1.Cl,7.3979
CN(C)[C@H]1Cc2ccccc2[C@H](c2cccc(Br)c2)C1.Cl,6.5850
CN(C)[C@@H]1Cc2ccccc2[C@@H](c2cccc(Br)c2)C1.Cl,7.6990
CN(C)[C@H]1Cc2ccccc2[C@H](c2cccc(C(F)(F)F)c2)C1.Cl,5.8861
CN(C)[C@@H]1Cc2ccccc2[C@@H](c2cccc(C(F)(F)F)c2)C1.Cl,7.0969
CN(C)[C@H]1Cc2ccccc2[C@H](c2cccc([N+](=O)[O-])c2)C1.Cl,6.3010
CN(C)[C@@H]1Cc2ccccc2[C@@H](c2cccc([N+](=O)[O-])c2)C1.Cl,7.1308
CN(C)[C@H]1Cc2ccccc2[C@H](c2ccc(F)cc2)C1.Cl,7.1487
CN(C)[C@@H]1Cc2ccccc2[C@@H](c2ccc(F)cc2)C1.Cl,6.8539
CN(C)[C@H]1Cc2ccccc2[C@H](c2ccc(Cl)cc2)C1.Cl,7.3010
CN(C)[C@@H]1Cc2ccccc2[C@@H](c2ccc(Cl)cc2)C1.Cl,6.6021
CN(C)[C@H]1Cc2ccccc2[C@H](c2ccc(Br)cc2)C1.Cl,7.2218
CN(C)[C@@H]1Cc2ccccc2[C@@H](c2ccc(Br)cc2)C1.Cl,6.6576
CN(C)[C@H]1Cc2ccccc2[C@H](c2ccc(C(F)(F)F)cc2)C1.Cl,6.6778
CN(C)[C@@H]1Cc2ccccc2[C@@H](c2ccc(C(F)(F)F)cc2)C1.Cl,5.6990
CN(C)[C@H]1Cc2ccccc2[C@H](c2ccc([N+](=O)[O-])cc2)C1.Cl,5.0915
CN(C)[C@H]1Cc2ccccc2[C@H](c2ccccc2Br)C1.Cl,6.1192
CN(C)[C@@H]1Cc2ccccc2[C@@H](c2ccccc2Br)C1.Cl,5.9586
CN(C)[C@H]1Cc2ccccc2[C@H](C2CCCCC2)C1.Cl,7.0969
CN(C)[C@@H]1Cc2ccccc2[C@@H](C2CCCCC2)C1.Cl,7.6990
CN(C)[C@H]1Cc2ccccc2[C@H](C2CCCCCCC2)C1.Cl,6.4318
CN(C)[C@@H]1Cc2ccccc2[C@@H](C2CCCCCCC2)C1.Cl,7.5229
CN(C)[C@H]1Cc2ccccc2[C@H](c2cccc(-c3ccccc3)c2)C1.Cl,6.1871
CN(C)[C@@H]1Cc2ccccc2[C@@H](c2cccc(-c3ccccc3)c2)C1.Cl,7.3565
CN(C)[C@H]1Cc2ccccc2[C@H](c2ccccc2Cl)C1.Cl,5.5528
CN(C)[C@@H]1Cc2ccccc2[C@@H](c2ccccc2Cl)C1.Cl,5.6198
Cc1ccccc1[C@@H]1C[C@@H](N(C)C)Cc2ccccc21.Cl,6.1549
Cc1ccccc1[C@H]1C[C@H](N(C)C)Cc2ccccc21.Cl,6.0000
CCS(=O)(=O)c1nc(S(=O)(=O)c2ccc(Cl)cc2)c(N2CCc3ccccc3C2)s1,6.5152
O=C1Nc2ccc(Cl)cc2C1(c1c[nH]c2ccccc12)c1c[nH]c2ccccc12,4.7686
O=S(=O)(Nc1ccn(Cc2cccc3ccccc23)n1)c1ccc(Br)s1,4.7312
O=S(=O)(Nc1cc(Sc2cccc3cccnc23)c(O)c2ccccc12)c1ccc(F)cc1,4.5348
O=S(=O)(Nc1cc(Sc2cccc3cccnc23)c(O)c2ccccc12)c1ccccc1,4.4657
Cc1ccc(S(=O)(=O)c2nc(N3CCc4ccccc4C3)sc2Cl)cc1,5.2847
O=S(=O)(Nc1cc2c(c3ccccc13)OC1(N3CCOCC3)CCCCC21)c1ccccc1,4.4702
O=S(=O)(c1ccc(F)cc1)N1CC=c2ccccc2=C1c1c[nH]c2ccccc12,4.5761
Nc1c(S(=O)(=O)c2ccccc2)sc2nc(-c3ccccc3)cc(-c3ccccc3)c12,5.1652
O=S(=O)(c1ccccc1)N1C=Cc2ccccc2C1c1c[nH]c2ccccc12,4.5013
Brc1ccc2c(c1)c1c3n2CCN(Cc2ccccc2)C3CCC1,4.6000
Cc1ccc(S(=O)(=O)N/N=C2\CCCc3c2[nH]c2ccc(Cl)cc32)cc1,4.4855
O=S(=O)(Nc1ccccc1-c1nccc2ccccc12)c1ccc(Cl)cc1,4.7416
O=S1(=O)c2ccccc2N(Cc2ccc(Cl)cc2F)c2ccccc21,5.4127
O=c1ccc(-c2ccc(S(=O)(=O)Nc3cccc4c3CCCC4)s2)n[nH]1,4.5722
COc1cccc(-n2cc(C(=O)N(C)c3cccc(Cl)c3)c3ccccc3c2=O)c1,4.5379
Cc1ccc(Nc2c(S(=O)(=O)c3ccccc3)cnc3ccc(Cl)cc23)cc1,4.9935
NC(=O)C1CCN(c2c(S(=O)(=O)c3ccccc3)cnc3ccc(Cl)cc23)CC1,4.8251
Cc1ccc(S(=O)(=O)c2cnc3ccc(F)cc3c2SCc2ccc(Cl)cc2)cc1,4.5085
COCCn1c(C)c(C)c(S(=O)(=O)c2ccc(Cl)cc2)c1N,5.2787
Cc1ccc(Cl)cc1N(C)C(=O)c1cn(-c2ccc(F)cc2F)c(=O)c2ccccc12,4.8245
NC(=O)c1ccccc1OCCCN1CCN(c2cccc3c2ccn3S(=O)(=O)c2ccccc2)CC1,7.5376
Cl.Fc1cccc(CCCNCCc2ccnc(-n3ccnc3)n2)c1,6.3010
CCOc1nc(NC(=O)C(C)(C)NC(=O)c2ccc3c(C4CCCC4)c(-c4ccc(F)cn4)n(C)c3c2)ccc1/C=C/C(=O)O,5.2218
CCOc1nc(NC(=O)C(C)(C)NC(=O)c2ccc3c(C4CCCC4)c(-c4ncc(Cl)cn4)n(C)c3c2)cnc1/C=C/C(=O)O,5.2840
CSc1ccccc1N1CCN(CCCCCC(=O)N2Cc3ccccc3C[C@H]2C(N)=O)CC1,5.6968
NC(=O)[C@@H]1Cc2ccccc2CN1C(=O)CCCCN1CCN(c2ccccc2-c2ccccc2)CC1,6.7799
CC(C)c1ccccc1N1CCN(CCCCCCC(=O)N2CCC[C@H]2C(=O)N2CCCCC2)CC1,5.6680
O=C([C@@H]1CCCN1C(=O)CCCCN1CCN(c2ccccc2-c2ccccc2)CC1)N1CCCCC1,5.7737
CCOc1ccc(Cl)cc1[C@H]1C[C@@H]1CN.Cl,5.9154
CC(C)Oc1ccc(Cl)cc1[C@H]1C[C@@H]1CN.O=C(O)C(F)(F)F,5.3977
C#CCOc1ccc(Cl)cc1[C@H]1C[C@@H]1CN.Cl,5.9978
C=C(C)COc1ccc(Cl)cc1[C@H]1C[C@@H]1CN.Cl,6.0443
Cl.NC[C@H]1C[C@@H]1c1cc(Cl)ccc1OCCF,5.8309
Cl.NC[C@@H]1C[C@H]1c1cc(Cl)ccc1OCC(F)F,5.8844
Cl.NC[C@H]1C[C@@H]1c1cc(Cl)ccc1OCC(F)F,5.7421
CCCOc1ccc(F)cc1[C@H]1C[C@@H]1CN.Cl,5.9893
C=CCOc1ccc(F)cc1[C@@H]1C[C@H]1CN.Cl,6.1568
C=CCOc1ccc(F)cc1[C@H]1C[C@@H]1CN.Cl,6.4271
C=C(F)COc1ccc(F)cc1[C@H]1C[C@@H]1CN.Cl,5.7783
Cl.NC[C@@H]1C[C@H]1c1cc(F)ccc1OCCF,5.5237
Cl.NC[C@H]1C[C@@H]1c1cc(F)ccc1OCCF,6.4449
CCCN1CCC[C@@H]2Cc3n[nH]cc3C[C@H]21,4.6021
C#CC1=CC[C@H](N(CCC)CCCCNC(=O)c2ccc(-c3ccccc3)cc2)CC1,4.5528
C#CC1=CC[C@@H](N(CCC)CCCCNC(=O)c2ccc(-c3ccccc3)cc2)CC1,5.0458
C#CC1=CC[C@@H](N(CCC)CCCCNC(=O)c2ccc(OCCCc3cn(CCCC)nn3)c(OC)c2)CO1,5.0969
C#CC1=CC[C@H](N(CCC)CCCCNC(=O)c2ccc(OCCCc3cn(CCCC)nn3)c(OC)c2)CO1,4.8539
CCCCn1cc(CCCOc2ccc(C(=O)NCCCCN(CCC)CCc3ccc(O)c4[nH]c(=O)ccc34)cc2OC)nn1,5.4437
CCCCn1cc(CCCOc2ccc(C(=O)NCCCCN(CCC)[C@@H]3CCc4c(O)cccc4C3)cc2OC)nn1,6.0000
CCCCn1cc(CCCOc2ccc(C(=O)NCCCCN(CCC)[C@H]3CCc4c(O)cccc4C3)cc2OC)nn1,6.1487
COc1cc2c(cc1OCc1ccc(Br)cc1)C[C@H]1c3c(cc(OC)c(OC)c3-2)CCN1C,6.3788
COc1cc2c(cc1OCc1ccccc1)C[C@H]1c3c(cc(OC)c(OC)c3-2)CCN1C,6.6655
C=CCOc1cc2c(cc1OC)-c1c(OC)c(OC)cc3c1[C@H](C2)N(C)CC3,6.4168
COc1cc2c(cc1OC1CCCCC1)C[C@H]1c3c(cc(OC)c(OC)c3-2)CCN1C,6.2441
COc1cc2c(cc1OCC1CC1)C[C@H]1c3c(cc(OC)c(OC)c3-2)CCN1C,6.2351
CCCCC(C)Oc1cc2c(cc1OC)-c1c(OC)c(OC)cc3c1[C@H](C2)N(C)CC3,6.3507
CCCC(C)Oc1cc2c(cc1OC)-c1c(OC)c(OC)cc3c1[C@H](C2)N(C)CC3,6.6126
CCC(C)Oc1cc2c(cc1OC)-c1c(OC)c(OC)cc3c1[C@H](C2)N(C)CC3,6.4237
COc1cc2c(cc1OC(C)C)C[C@H]1c3c(cc(OC)c(OC)c3-2)CCN1C,6.1249
COc1cc2c(cc1OCCF)C[C@H]1c3c(cc(OC)c(OC)c3-2)CCN1C,5.9370
CCCCCCOc1cc2c(cc1OC)-c1c(OC)c(OC)cc3c1[C@H](C2)N(C)CC3,6.2441
CCCCCOc1cc2c(cc1OC)-c1c(OC)c(OC)cc3c1[C@H](C2)N(C)CC3,6.6216
CCCCOc1cc2c(cc1OC)-c1c(OC)c(OC)cc3c1[C@H](C2)N(C)CC3,6.5719
CCOc1cc2c(cc1OC)-c1c(OC)c(OC)cc3c1[C@H](C2)N(C)CC3,6.0872
COc1cc2c(cc1OC)-c1c(OC)c(OC)cc3c1[C@H](C2)N(C)CC3,6.0150
COc1ccccc1N1CCN(CCCCNC(=O)/N=N/c2ccc(F)cc2)CC1,6.2676
CCCN(CCCCNC(=O)/C=C/c1ccc(F)cc1)C1Cc2ccccc2C1,7.0506
CCCN(CCCCNC(=O)/N=N/c1ccc(F)cc1)C1Cc2ccccc2C1,6.2596
CCCN(CCNC(=O)/C=C/c1ccc(F)cc1)C1Cc2ccccc2C1,6.6778
CCCN(CCNC(=O)/N=N/c1cc(F)c(F)c(F)c1)C1Cc2ccccc2C1,6.2924
COc1cc(CCNCc2cccc3c2OCO3)c(OC)cc1Br,8.6000
COc1cc(CCNCc2cccc3c2OCC3)c(OC)cc1Br,9.0200
COc1cc(CCNCc2c(OC)cccc2OC)c(OC)cc1Br,5.8850
COc1cc(CCNCc2cccc(OC)c2F)c(OC)cc1Br,7.7300
COc1cc(CCNCc2cccc(OC)c2O)c(OC)cc1Br,8.5851
COc1cc(CCNCc2cccc(O)c2)c(OC)cc1Br,7.3116
COc1cccc(CNCCc2cc(OC)c(Br)cc2OC)c1,7.3526
COc1ccc(OC)c(CNCCc2cc(OC)c(Br)cc2OC)c1,7.5100
COc1ccc(CNCCc2cc(OC)c(Br)cc2OC)c(OC)c1,7.7001
COc1cc(CCNCc2cccc(OC)c2OC)c(OC)cc1Br,8.5100
COc1cc(CCNCc2ccncc2)c(OC)cc1Br,6.8500
COc1cc(CCNCc2cccnc2)c(OC)cc1Br,7.0800
COc1cc(CCNCc2ccccn2)c(OC)cc1Br,7.4101
COc1cc(CCNCc2cccnc2OC)c(OC)cc1Br,7.1000
COc1cc(CCNCc2ccc[nH]c2=O)c(OC)cc1Br,6.9100
COc1cc(CCNCc2cccc3cc[nH]c23)c(OC)cc1Br,7.8901
COc1cc(CCNCc2cccc3cn[nH]c23)c(OC)cc1Br,7.9201
COc1cc(CCNCc2cccc3nc[nH]c23)c(OC)cc1Br,8.1100
COc1cc(CCNCc2cccc3ncoc23)c(OC)cc1Br,7.9602
COc1cc(CCNCc2cccc3ccsc23)c(OC)cc1Br,8.7701
COc1cc(CCNCc2cccc3ccoc23)c(OC)cc1Br,9.2200
O=C(NCCC(O)CN1CCN(c2cccc(Cl)c2Cl)CC1)c1cc2ccccc2[nH]1,7.3188
O=C(NCCCCN1CCN(c2cccc3ccccc23)CC1)c1cc2ccccc2[nH]1,7.2596
COc1ccccc1N1CCN(CC(O)CCNC(=O)c2cnc3ccccc3c2)CC1,6.4559
O=C(NCCCCN1CCN(c2cccc3ccccc23)CC1)c1cnc2ccccc2c1,9.4815
O=C(NCCC(O)CN1CCN(c2cccc3ccccc23)CC1)c1cnc2ccccc2c1,8.6198
COc1c(Cl)cccc1N1CCN(CCCCNC(=O)c2cnc3ccccc3c2)CC1,8.7696
O=C(NCCc1ccc(CN2CCCC2)cc1)c1ccc(-c2ccc(Cl)cc2)cc1,6.9706
CC(=O)N1CCN(Cc2ccc(CCNC(=O)c3ccc(-c4ccc(Cl)cc4)cc3)cc2)CC1,5.6326
CC(=O)NC1CCN(Cc2ccc(CCNC(=O)c3ccc(-c4ccc(F)cc4)cc3)cc2)CC1,6.4437
CC(=O)CNC1CCN(Cc2ccc(CCNC(=O)c3ccc(-c4ccc(F)cc4)cc3)cc2)CC1,6.2774
CCNC(=O)N(C)Cc1ccc(CCNC(=O)c2ccc(-c3ccc(Cl)cc3)cc2F)cc1,5.0888
Clc1ccc(-c2ccc(C#Cc3ccc(OCCN4CCCC4)cc3)nc2)cc1,6.3010
CC1CCN(CCOc2ccc(C#Cc3ccc(-c4ccc(Cl)cc4)cn3)cc2)CC1,5.8684
CC1CCN(CCOc2ccc(C#Cc3ncc(-c4ccc(Cl)cc4)cc3F)cc2)CC1,5.4828
OC[C@H]1CCCN1CCOc1ccc(C#Cc2ccc(-c3ccc(Cl)cc3)cn2)cc1,5.7852
O=C(NCc1ccc(-c2ccc(Cl)cc2)cc1)Nc1ccc(CN2CCCCC2)cc1,7.5376
CN(C(=O)/C=C/c1ccc(-c2ccc(Cl)cc2)cc1)c1ccc(CN2CCCCC2)cc1,6.4413
O=C(COc1ccc(-c2ccc(Cl)cc2)cc1)Nc1ccc(CN2CCCCC2)cc1,7.0410
O=C(CCc1ccc(-c2ccc(Cl)cc2)cc1)Nc1ccc(CN2CCCCC2)cc1,6.8601
CN(CCCc1ccc(-c2ccc(Cl)cc2)cc1)c1ccc(CN2CCCCC2)cc1,6.1898
O=C(/C=C/c1ccc(-c2ccc(Cl)cc2)cc1)Nc1ccc(CN2CCCCC2)cc1,5.7140
Clc1ccc(-c2ccc(CCCNc3ccc(CN4CCCCC4)cc3)cc2)cc1,6.1675
Clc1ccc(-c2ccc(CCCNc3ccc(CN4CCCCC4)cc3)nn2)cc1,6.8601
Fc1ccc(-c2ccc(CCCNc3ccc(CN4CCCCC4)cc3)nn2)cc1,7.4685
COc1ccc(-c2ccc(CCCNc3ccc(CN4CCCCC4)cc3)nn2)cc1,5.7423
N#Cc1ccc(-c2ccc(CCCNc3ccc(CN4CCCCC4)cc3)nn2)cc1,5.8356
COc1ccc(-c2ccc(CCCNc3ccc(CN4CCCC4)cc3)nn2)cc1,5.3429
COc1ccc(-c2ccc(CCCNc3ccc(CN(C)C)cc3)nn2)cc1,5.3391
COc1ccc(-c2ccc(CCCNc3ccc(CN4CCC(O)CC4)cc3)nn2)cc1,5.0545
O[C@@H]1CCCN(Cc2ccc(OCCCc3ccc(-c4ccc(Cl)cc4)nn3)cc2)C1,6.2255
OCC1CCN(Cc2ccc(OCCCc3ccc(-c4ccc(Cl)cc4)nn3)cc2)CC1,6.1024
OC1CCN(Cc2ccc(OCCCc3ccc(-c4ccc(Cl)cc4)nn3)cc2)CC1,5.8508
OC1CCN(Cc2ccc(OCCCc3ccc(-c4ccc(F)cc4)nn3)cc2)CC1,6.6162
CC(=O)NC1CCN(Cc2ccc(OCCCc3ccc(-c4ccc(F)cc4)nn3)cc2)CC1,6.1469
CC(=O)NC1CCN(Cc2ccc(OCCCc3ccc(Oc4ccccc4)nn3)cc2)CC1,5.0155
Fc1ccc(Nc2nc(N3CCOCC3)nc3ccccc23)cc1,6.6294
Fc1ccccc1Nc1nc(N2CCOCC2)nc2ccccc12,6.7344
CC(C)(C)[C@@]1(O)CCN2C[C@@H]3c4ccccc4CCc4cccc(c43)[C@H]2C1,8.5272
CC(C)c1ccc(Nc2nc(N3CCNCC3)nc3ccccc23)cc1,7.3753
Ic1ccc(Nc2nc(N3CCNCC3)nc3ccccc23)cc1,6.3043
Clc1ccc(Nc2nc(N3CCNCC3)nc3ccccc23)cc1,6.8163
Fc1ccccc1Nc1nc(N2CCNCC2)nc2ccccc12,7.1550
COc1ccccc1Nc1nc(N2CCNCC2)nc2ccccc12,7.3394
OCCN1CCN(c2nc(NCc3ccccc3)c3ccccc3n2)CC1,6.2843
OCCN1CCN(c2nc(Nc3cccc(O)c3)c3ccccc3n2)CC1,6.0595
Cc1ccc(Nc2nc(N3CCN(CCO)CC3)nc3ccccc23)c(C)c1,6.5724
OCCN1CCN(c2nc(Nc3ccccc3F)c3ccccc3n2)CC1,6.5226
CC(C)c1ccc(Nc2nc(N3CCN(CCO)CC3)nc3ccccc23)cc1,6.8265
COc1ccccc1Nc1nc(N2CCN(CCO)CC2)nc2ccccc12,6.8367
COc1ccc(Nc2nc(N3CCN(CCO)CC3)nc3ccccc23)cc1,5.8666
OCCN1CCN(c2nc(Nc3ccc(I)cc3)c3ccccc3n2)CC1,6.4168
OCCN1CCN(c2nc(Nc3ccc(Br)cc3)c3ccccc3n2)CC1,5.7966
OCCN1CCN(c2nc(Nc3ccc(Cl)cc3)c3ccccc3n2)CC1,6.0455
OCCN1CCN(c2nc(Nc3ccc(F)cc3)c3ccccc3n2)CC1,5.7964
COc1ccc(Nc2nc(N3CCN(CCO)CC3)nc3ccccc23)c(OC)c1,6.2263
N[C@@H](Cc1c[nH]c2ccc(O)cc12)C(=O)O,8.7212
COc1ccccc1N1CCN(CCCNC(=O)c2cc3ccccn3n2)CC1,6.2518
COc1ccccc1N1CCN(CCCCCNC(=O)c2cc3ccccn3n2)CC1,6.6576
COc1ccccc1N1CCN(CCCCCNC(=O)c2cnn3ccccc23)CC1,6.8861
COc1ccccc1N1CCN(CCCCNC(=O)c2cccn3nccc23)CC1,7.0000
COc1ccccc1N1CCN(CCCCNC(=O)c2ccn3nccc3c2)CC1,6.5086
COc1ccccc1N1CCN(CCCCNC(=O)c2cccc3ccnn23)CC1,6.1079
Cc1c(C(=O)NCCCCN2CCN(c3cccc(Cl)c3Cl)CC2)nnn1Cc1ccccc1,8.1308
COc1ccccc1N1CCN(CCCCNC(=O)c2nnn(Cc3ccccc3)c2C)CC1,6.2076
COc1ccccc1N1CCN(CCCCCNC(=O)c2nnn(Cc3ccccc3)c2C)CC1,6.8539
CCCc1c(C(=O)NCCCCN2CCN(c3ccccc3OC)CC2)nnn1Cc1ccccc1,6.9586
COc1ccc(Cn2nnc(C(=O)NCCCCN3CCN(c4ccccc4OC)CC3)c2C)cc1,6.8539
COc1ccc(Cn2nnc(C(=O)NCCCCCN3CCN(c4ccccc4OC)CC3)c2C)cc1,7.0315
CCCc1c(C(=O)NCCCCN2CCN(c3ccccc3OC)CC2)nnn1Cc1ccc(OC)cc1,7.5376
COc1ccccc1N1CCN(CCCCNC(=O)c2nnn(Cc3ccccc3Br)c2C)CC1,6.8239
COc1ccccc1N1CCN(CCCCCNC(=O)c2nnn(Cc3ccccc3Br)c2C)CC1,7.3872
CCCc1c(C(=O)NCCCCN2CCN(c3ccccc3OC)CC2)nnn1Cc1ccccc1Br,7.3565
CCCc1c(C(=O)NCCCCCN2CCN(c3ccccc3OC)CC2)nnn1Cc1ccccc1Br,7.2076
COc1ccccc1N1CCN(CCCCNC(=O)c2cc3ccccc3s2)CC1,6.9208
O=C(NCCCCN1CCN(c2cccc(Cl)c2Cl)CC1)c1cc2ccccc2s1,7.7696
COc1ccccc1N1CCN(CCCCNC(=O)c2cc3ccccc3o2)CC1,5.9586
O=C(NCCCCN1CCN(c2cccc(Cl)c2Cl)CC1)c1cc2ccccc2o1,8.1427
O=C(NCCCCN1CCN(c2cccc(Cl)c2Cl)CC1)c1cc2ccccc2[nH]1,7.5086
COc1ccccc1N1CCN(CCCc2cn(-c3ccn4nccc4c3)nn2)CC1,7.0757
O=Cc1cnn2ccc(-n3cc(CCCN4CCN(c5cccc(Cl)c5Cl)CC4)nn3)cc12,8.1612
O=Cc1cnn2ccc(-n3cc(CCCCN4CCN(c5cccc(Cl)c5Cl)CC4)nn3)cc12,7.8239
COc1ccccc1N1CCN(CCCCNC(=O)c2cc3ccccn3n2)CC1,6.4240
COc1ccccc1N1CCN(CCNC(=O)c2cnn3ccccc23)CC1,6.2366
CCCc1c(C(=O)NCCCCN2CCN(c3cccc(Cl)c3Cl)CC2)nnn1Cc1ccccc1,8.6021
COc1ccc(Cn2nnc(C(=O)NCCCCCN3CCN(c4cccc(Cl)c4Cl)CC3)c2C)cc1,8.4949
O=Cc1cnn2ccc(-n3cc(CCN4CCN(c5cccc(Cl)c5Cl)CC4)nn3)cc12,7.3010
COc1ccccc1N1CCN(CCc2cn(-c3ccn4ncc(C=O)c4c3)nn2)CC1,7.0506
Clc1cccc(N2CCN(CCc3cn(-c4ccn5nccc5c4)nn3)CC2)c1Cl,8.1487
Clc1cccc(N2CCN(CCCc3cn(-c4ccn5nccc5c4)nn3)CC2)c1Cl,8.2757
Clc1cccc(N2CCN(CCCCc3cn(-c4ccn5nccc5c4)nn3)CC2)c1Cl,9.1938
CS(=O)(=O)c1ccc(C(=O)N[C@H]2CC[C@H](CCN3CCN(c4nccc5c4CCO5)CC3)CC2)s1,8.0241
Cc1nc(C(=O)NCCCN2CCN(c3cccc(Cl)c3Cl)CC2)c(C)n1-c1ccc2c(c1)OCCO2,8.0640
COCCC(=O)N[C@H]1CC[C@H](CCN2CCC(c3ccc(F)c4occc34)CC2)CC1,7.5086
CS(=O)(=O)N[C@H]1CC[C@H](CCN2CCN(c3nccc4occc34)CC2)CC1,8.1675
CO[C@@H]1CC[C@@H](CC(=O)N[C@H]2CC[C@H](CCN3CCN(c4nccc5sccc45)CC3)CC2)C1,8.3708
O=C(N[C@H]1CC[C@H](CCN2CCC(c3coc4ccccc34)CC2)CC1)c1cnc(N2CCOCC2)cn1,8.0862
O=S(=O)(CC(F)(F)F)N[C@H]1CC[C@H](CCN2CCN(c3cccc4c3OCO4)CC2)CC1,7.5016
O=C(N[C@H]1CC[C@H](CCN2CCC(c3cccc4c3OCO4)CC2)CC1)C1COc2ccccc2C1,7.6625
COc1ccccc1-n1c(C)nc(C(=O)NCCCN2CCN(c3cccc(Cl)c3Cl)CC2)c1C,7.9872
CO[C@@H]1CC[C@@H](CC(=O)N[C@H]2CC[C@H](CCN3CCC(c4cccc5c4OCO5)CC3)CC2)C1,7.5615
CO[C@H]1CC[C@H](CC(=O)N[C@H]2CC[C@H](CCN3CCC(c4cccc5c4OCO5)CC3)CC2)CC1,7.4647
CO[C@H]1CC[C@H](CC(=O)N[C@H]2CC[C@H](CCN3CCN(c4nccc5sccc45)CC3)CC2)CC1,8.6021
O=C(CC1CC1)N[C@H]1CC[C@H](CCN2CCN(c3cccc4c3OCO4)CC2)CC1,7.9062
O=C(C[C@H]1CCCOC1)N[C@H]1CC[C@H](CCN2CCN(c3cccc4c3OCO4)CC2)CC1,7.6128
CC(C)Cc1ccc(C(=O)N[C@H]2CC[C@H](CCN3CCC(c4coc5ccccc45)CC3)CC2)cc1,8.5702
O=C(N[C@H]1CC[C@H](CCN2CCC(c3cccc4c3CCO4)CC2)CC1)C1(O)CC1,8.0315
O=S(=O)(N[C@H]1CC[C@H](CCN2CCC(c3cccc4c3OCO4)CC2)CC1)c1ccc(F)cc1,7.1834
Cc1cnc(N2CCN(CC[C@H]3CC[C@H](NC(=O)C4CCOCC4)CC3)CC2)c2ccoc12,8.2464
COC(CCC(=O)N[C@H]1CC[C@H](CCN2CCN(c3nccc4c3CCO4)CC2)CC1)OC,7.7423
Cc1nc(C(=O)NCCCN2CCN(c3cccc(Cl)c3Cl)CC2)c(C)n1-c1ccccc1F,7.7747
CCCc1nc(C(=O)NCCCN2CCN(c3cccc(Cl)c3C)CC2)c(C)n1-c1ccc(OC)cc1,7.8182
COc1ccc(-n2cc(C(=O)NCCCN3CCN(c4cccc(C)c4C)CC3)nc2-c2ccccc2)cc1,7.7212
O=C(N[C@H]1CC[C@H](CCN2CCN(c3nccc4c3CCO4)CC2)CC1)c1ccc(-c2cccnc2)cc1,7.9101
O=C(N[C@H]1CC[C@H](CCN2CCC(c3coc4ccccc34)CC2)CC1)c1ccc(-c2cccnc2)cc1,7.8941
O=C(C[C@@H](O)C(F)(F)F)N[C@H]1CC[C@H](CCN2CCC(c3coc4ccccc34)CC2)CC1,8.0137
CC[C@@H](O)CC(=O)N[C@H]1CC[C@H](CCN2CCC(c3cccc4c3CCO4)CC2)CC1,6.9108
CS(=O)(=O)CC(=O)N[C@H]1CC[C@H](CCN2CCC(c3cccc4occc34)CC2)CC1,8.2757
CN1CCC(C(=O)N[C@H]2CC[C@H](CCN3CCN(c4cccc5c4OCO5)CC3)CC2)CC1,7.8156
CC(C)=CC(=O)N[C@H]1CC[C@H](CCN2CCC(c3coc4ccccc34)CC2)CC1,8.0141
CO[C@H]1CC[C@H](CC(=O)N[C@H]2CC[C@H](CCN3CCN(c4cccc5c4OCO5)CC3)CC2)CC1,7.5259
COC(C)CC(=O)N[C@H]1CC[C@H](CCN2CCN(c3nccc4c3CCO4)CC2)CC1,7.5171
O=C(N[C@H]1CC[C@H](CCN2CCN(c3nccc4c3CCO4)CC2)CC1)C1CCOC1,8.0044
O=C(N[C@H]1CC[C@H](CCN2CCC(c3cccc4c3CCO4)CC2)CC1)c1ccc(-n2cccn2)cc1,7.5622
O=C(N[C@H]1CC[C@H](CCN2CCC(c3coc4ccccc34)CC2)CC1)C1CCC(C(F)(F)F)CC1,7.9516
O=CN[C@H]1CC[C@H](CCN2CCC(c3coc4ccccc34)CC2)CC1,7.8729
CC(=O)N[C@H]1CC[C@H](CCN2CCN(c3ncc(C)c4occc34)CC2)CC1,7.8633
O=C(CCO)N[C@H]1CC[C@H](CCN2CCC(c3cccc4c3CCO4)CC2)CC1,7.2090
Cc1cccc(N2CCN(CC(O)CNC(=O)c3nc(C)n(CC(C)C)c3C)CC2)c1C,5.9952
CCOCCC(=O)N[C@H]1CC[C@H](CCN2CCC(c3cccc4c3OCO4)CC2)CC1,7.2598
C[C@@H](O)C(=O)N[C@H]1CC[C@H](CCN2CCC(c3cccc4c3OCO4)CC2)CC1,7.9706
O=C(N[C@H]1CC[C@H](CCN2CCC(c3cccc4c3OCO4)CC2)CC1)c1ccc(Cl)cc1,7.6615
CC(C)(C)c1ccc(C(=O)N[C@H]2CC[C@H](CCN3CCN(c4nccc5c4CCO5)CC3)CC2)cc1,7.1759
CCCc1nc(C(=O)NCC(O)CN2CCN(c3cccc(C)c3C)CC2)cn1-c1ccccc1,6.2976
O=C(CCO)N[C@H]1CC[C@H](CCN2CCN(c3nccc4c3CCO4)CC2)CC1,7.4473
CCS(=O)(=O)N[C@H]1CC[C@H](CCN2CCN(c3nccc4occc34)CC2)CC1,8.0706
CCC(=O)N[C@H]1CC[C@H](CCN2CCN(c3nccc4c3CCO4)CC2)CC1,7.8761
O=C(N[C@H]1CC[C@H](CCN2CCC(c3coc4ccccc34)CC2)CC1)C1CCCOC1,8.3279
Cn1cnc(S(=O)(=O)N[C@H]2CC[C@H](CCN3CCC(c4cccc5c4OCO5)CC3)CC2)c1,7.1886
O=C(CF)N[C@H]1CC[C@H](CCN2CCC(c3cccc4c3OCO4)CC2)CC1,7.3991
CN1CCC(C(=O)N[C@H]2CC[C@H](CCN3CCC(c4cccc5c4OCO5)CC3)CC2)CC1,8.2284
CN(C)S(=O)(=O)N[C@H]1CC[C@H](CCN2CCN(c3nccc4occc34)CC2)CC1,8.2757
Cc1cccc(N2CCN(CCCNC(=O)c3nc(C)n(-c4ccccn4)c3C)CC2)c1C,6.5272
CN(C)S(=O)(=O)N[C@H]1CC[C@H](CCN2CCN(c3nccc4c3CCO4)CC2)CC1,7.9393
O=C(CC1CCOCC1)N[C@H]1CC[C@H](CCN2CCC(c3cccc4occc34)CC2)CC1,8.0458
CCC(O)C(=O)N[C@H]1CC[C@H](CCN2CCN(c3cccc4c3OCO4)CC2)CC1,7.5877
O=C(N[C@H]1CC[C@H](CCN2CCC(c3cccc4c3CCO4)CC2)CC1)C1CCCOC1,7.6716
O=C(CC1COC1)N[C@H]1CC[C@H](CCN2CCC(c3cccc4c3OCO4)CC2)CC1,7.6592
O=C(N[C@H]1CC[C@H](CCN2CCC(c3cccc4c3OCO4)CC2)CC1)C(O)C(F)(F)F,7.8542
CC(C)=CC(=O)N[C@H]1CC[C@H](CCN2CCN(c3nccc4c3CCO4)CC2)CC1,7.7905
O=C(N[C@H]1CC[C@H](CCN2CCN(c3nccc4c3CCO4)CC2)CC1)c1ccccc1,8.1175
COCC(=O)N[C@H]1CC[C@H](CCN2CCC(c3cccc4c3OCO4)CC2)CC1,7.8351
CC(C)C(=O)N[C@H]1CC[C@H](CCN2CCN(c3cccc4c3OCO4)CC2)CC1,7.7749
CS(=O)(=O)CC(=O)N[C@H]1CC[C@H](CCN2CCN(c3cccc4c3OCO4)CC2)CC1,7.6564
Cc1cccc(N2CCN(CCCNC(=O)c3nc(C)n(CC(C)C)c3C)CC2)c1C,6.6635
O=C(C[C@H]1COCCO1)N[C@H]1CC[C@H](CCN2CCC(c3cccc4c3OCO4)CC2)CC1,7.9263
O=C(CC1CCC1)N[C@H]1CC[C@H](CCN2CCN(c3nccc4c3CCO4)CC2)CC1,7.8761
O=C(CF)N[C@H]1CC[C@H](CCN2CCN(c3cccc4c3OCO4)CC2)CC1,7.5046
O=C(N[C@H]1CC[C@H](CCN2CCC(c3coc4ccccc34)CC2)CC1)c1ccc(F)cc1,8.2472
O=C(N[C@H]1CC[C@H](CCN2CCN(c3nccc4c3CCO4)CC2)CC1)c1cnc(N2CCOCC2)cn1,7.7352
O=C(Cc1ccc2c(c1)OCO2)N[C@H]1CC[C@H](CCN2CCC(c3cccc4c3OCO4)CC2)CC1,7.4349
O=C(N[C@H]1CC[C@H](CCN2CCC(c3cccc4c3CCO4)CC2)CC1)c1ccnc2ccccc12,7.6162
CC(=O)N[C@H]1CC[C@H](CCN2CCN(c3cccc4c3OCO4)CC2)CC1,7.7870
CN1CCN(c2ccc(C(=O)N[C@H]3CC[C@H](CCN4CCC(c5cccc6c5CCO6)CC4)CC3)cc2)CC1,8.0757
COCC(=O)N[C@H]1CC[C@H](CCN2CCN(c3cccc4c3OCO4)CC2)CC1,7.9133
CS(=O)(=O)CC(=O)N[C@H]1CC[C@H](CCN2CCC(c3cccc4c3CCO4)CC2)CC1,7.4449
O=C(N[C@H]1CC[C@H](CCN2CCC(c3cccc4c3CCO4)CC2)CC1)C(F)(F)F,7.2581
CN(C)S(=O)(=O)N[C@H]1CC[C@H](CCN2CCC(c3cccc4c3CCO4)CC2)CC1,7.7100
CC[C@@H](O)CC(=O)N[C@H]1CC[C@H](CCN2CCN(c3nccc4c3CCO4)CC2)CC1,7.3768
CC(C)(C)Oc1ccc(C(=O)N[C@H]2CC[C@H](CCN3CCC(c4cccc5c4CCO5)CC3)CC2)cc1,7.3686
O=C(N[C@H]1CC[C@H](CCN2CCC(c3cccc4c3OCO4)CC2)CC1)C1CCCO1,7.8419
CCc1ccc(C(=O)N[C@H]2CC[C@H](CCN3CCC(c4coc5ccccc45)CC3)CC2)cc1,8.5969
CCCC(=O)N[C@H]1CC[C@H](CCN2CCC(c3cccc4c3CCO4)CC2)CC1,7.0297
Cc1cc2occc2c(N2CCN(CC[C@H]3CC[C@H](NC(=O)CC4CCOCC4)CC3)CC2)n1,7.1198
CO[C@@H]1CC[C@@H](CC(=O)N[C@H]2CC[C@H](CCN3CCN(c4cccc5c4OCO5)CC3)CC2)C1,7.5685
O=C(N[C@H]1CC[C@H](CCN2CCC(c3ccc(F)c4occc34)CC2)CC1)C1CCOCC1,7.9355
O=C(N[C@H]1CC[C@H](CCN2CCC(c3cccc4c3CCO4)CC2)CC1)c1ccc(N2CCOCC2)cc1,7.7545
Cc1cccc(N2CCN(CCNC(=O)c3nc(C)n(-c4ccc5c(c4)OCO5)c3C)CC2)c1C,7.5376
COCC(=O)N[C@H]1CC[C@H](CCN2CCC(c3cccc4occc34)CC2)CC1,8.3768
O=C(CC1CCOCC1)N[C@H]1CC[C@H](CCN2CCC(c3ccc(F)c4occc34)CC2)CC1,7.5100
O=C(CC1COCCO1)N[C@H]1CC[C@H](CCN2CCN(c3nccc4c3CCO4)CC2)CC1,8.0132
COCCC(=O)N[C@H]1CC[C@H](CCN2CCC(c3cccc4occc34)CC2)CC1,8.1487
O=C(N[C@H]1CC[C@H](CCN2CCC(c3coc4ccccc34)CC2)CC1)c1ccc(C2CCCCC2)cc1,8.2358
O=C(N[C@H]1CC[C@H](CCN2CCN(c3nccc4c3CCO4)CC2)CC1)C1CC1(F)F,7.7620
O=C(N[C@H]1CC[C@H](CCN2CCN(c3nccc4occc34)CC2)CC1)c1ccnc2ccccc12,8.2757
CCCCC(=O)N[C@H]1CC[C@H](CCN2CCC(c3coc4ccccc34)CC2)CC1,7.8847
CCc1nc(C(=O)NCCN2CCN(c3cccc(Cl)c3Cl)CC2)c(C)n1-c1ccccc1,7.5686
O=C(N[C@H]1CC[C@H](CCN2CCN(c3nccc4c3CCO4)CC2)CC1)c1ccc(Cl)cc1,7.8297
Cc1c(Cl)cccc1N1CCN(CCCNC(=O)c2nc(C)n(CC(C)C)c2C)CC1,7.3420
O=C(N[C@H]1CC[C@H](CCN2CCN(c3nccc4c3CCO4)CC2)CC1)c1ccc(-n2cccn2)cc1,7.4449
O=C(CO)N[C@H]1CC[C@H](CCN2CCC(c3coc4ccccc34)CC2)CC1,8.3080
CC[C@H](O)CC(=O)N[C@H]1CC[C@H](CCN2CCN(c3nccc4c3CCO4)CC2)CC1,7.5229
CCCn1c(C)nc(C(=O)NCC(O)CN2CCN(c3cccc(Cl)c3C)CC2)c1C,6.3188
CO[C@H](C(=O)N[C@H]1CC[C@H](CCN2CCN(c3cccc4c3OCO4)CC2)CC1)C(C)C,7.3756
CO[C@H](C)C(=O)N[C@H]1CC[C@H](CCN2CCN(c3cccc4c3OCO4)CC2)CC1,7.4690
CN(C)C(=O)N[C@H]1CC[C@H](CCN2CCN(c3cccc4c3OCO4)CC2)CC1,7.3436
O=C(CC(F)(F)F)N[C@H]1CC[C@H](CCN2CCC(c3coc4ccccc34)CC2)CC1,8.0937
O=C(N[C@H]1CC[C@H](CCN2CCC(c3coc4ccccc34)CC2)CC1)c1ccc(-n2cccc2)cc1,7.9927
Cc1cccc(N2CCN(CCNC(=O)c3nc(C)n(-c4ccc(F)cc4)c3C)CC2)c1C,7.6383
COC(CC(=O)N[C@H]1CC[C@H](CCN2CCC(c3cccc4c3CCO4)CC2)CC1)OC,7.1555
COC1(C(=O)N[C@H]2CC[C@H](CCN3CCN(c4cccc5c4OCO5)CC3)CC2)CCCCC1,7.7395
Cc1cc2occc2c(N2CCN(CC[C@H]3CC[C@H](NC(=O)C4CCOCC4)CC3)CC2)n1,7.5935
O=C(N[C@H]1CC[C@H](CCN2CCN(c3nccc4c3CCO4)CC2)CC1)c1ccc2c(c1)OCO2,7.7545
O=C(C[C@@H]1CCCOC1)N[C@H]1CC[C@H](CCN2CCN(c3cccc4c3OCO4)CC2)CC1,7.5812
Cc1c(C(=O)NCC(O)CN2CCN(c3cccc(Cl)c3Cl)CC2)nc(-c2ccccc2)n1-c1ccccc1,7.6198
C/C=C/CC(=O)N[C@H]1CC[C@H](CCN2CCN(c3nccc4c3CCO4)CC2)CC1,7.6421
O=C(N[C@H]1CC[C@H](CCN2CCC(c3cccc4c3CCO4)CC2)CC1)c1ccc(-n2cccc2)cc1,7.5171
O=C(C[C@@H]1CCCO1)N[C@H]1CC[C@H](CCN2CCC(c3cccc4c3CCO4)CC2)CC1,7.4881
CC(C)(O)C(=O)N[C@H]1CC[C@H](CCN2CCN(c3cccc4c3OCO4)CC2)CC1,8.2373
Cc1ccc(C(=O)N[C@H]2CC[C@H](CCN3CCC(c4cccc5c4CCO5)CC3)CC2)cn1,7.5952
CCc1nc(C(=O)NCC(O)CN2CCN(c3cccc(C)c3C)CC2)c(C)n1-c1ccccc1,6.3288
Cc1cccc(N2CCN(CCNC(=O)c3nc(C(C)C)n(-c4ccccc4)c3C)CC2)c1C,7.7959
CO[C@@H](C(=O)N[C@H]1CC[C@H](CCN2CCN(c3cccc4c3OCO4)CC2)CC1)C(C)C,7.6173
COC(CC(=O)N[C@H]1CC[C@H](CCN2CCC(c3coc4ccccc34)CC2)CC1)OC,8.2262
O=S(=O)(N[C@H]1CC[C@H](CCN2CCN(c3nccc4c3CCO4)CC2)CC1)c1ccc(F)cc1,7.4045
CN(C)C(=O)N[C@H]1CC[C@H](CCN2CCC(c3cccc4c3OCO4)CC2)CC1,7.3415
Cc1nc(-c2cccc(C(=O)N[C@H]3CC[C@H](CCN4CCN(c5nccc6c5CCO6)CC4)CC3)c2)no1,7.3107
O=C(N[C@H]1CC[C@H](CCN2CCC(c3cccc4c3CCO4)CC2)CC1)C1(O)CCC1,7.9101
O=C(N[C@H]1CC[C@H](CCN2CCC(c3coc4ccccc34)CC2)CC1)c1ccc(N2CCOCC2)nc1,8.1215
O=C(N[C@H]1CC[C@H](CCN2CCN(c3cccc4c3OCO4)CC2)CC1)N1CCc2ccccc21,7.5414
O=C(N[C@H]1CC[C@H](CCN2CCC(c3cccc4c3OCO4)CC2)CC1)C1CC(Cl)C1,7.7298
O=C(CC1COCCO1)N[C@H]1CC[C@H](CCN2CCC(c3cccc4c3CCO4)CC2)CC1,7.6517
O=C(N[C@H]1CC[C@H](CCN2CCC(c3cccc4c3CCO4)CC2)CC1)c1ccc(Cl)cc1Cl,7.5017
O=C(C[C@H]1CC[C@H](O)CC1)N[C@H]1CC[C@H](CCN2CCN(c3nccc4sccc34)CC2)CC1,8.3979
N#CCC(=O)N[C@H]1CC[C@H](CCN2CCC(c3coc4ccccc34)CC2)CC1,8.2248
O=C(N[C@H]1CC[C@H](CCN2CCN(c3nccc4c3CCO4)CC2)CC1)C1CCCO1,8.2007
O=C(N[C@H]1CC[C@H](CCN2CCC(c3cccc4c3CCO4)CC2)CC1)c1ccc(N2CCCCC2)cc1,6.8633
O=C(C[C@@H]1COCCO1)N[C@H]1CC[C@H](CCN2CCC(c3cccc4c3OCO4)CC2)CC1,7.7703
CO[C@H]1CC[C@H](CC(=O)N[C@H]2CC[C@H](CCN3CCN(c4nccc5c4CCO5)CC3)CC2)CC1,7.8268
O=C(CC1(O)CCCCC1)N[C@H]1CC[C@H](CCN2CCC(c3cccc4c3OCO4)CC2)CC1,7.8035
Cc1ccc(C(=O)N[C@H]2CC[C@H](CCN3CCC(c4coc5ccccc45)CC3)CC2)cn1,8.2916
O=C(N[C@H]1CC[C@H](CCN2CCC(c3coc4ccccc34)CC2)CC1)C1CC1,8.3665
N#CCC(=O)N[C@H]1CC[C@H](CCN2CCC(c3cccc4c3CCO4)CC2)CC1,7.4123
CC(C)(O)CC(=O)N[C@H]1CC[C@H](CCN2CCC(c3cccc4c3CCO4)CC2)CC1,7.2510
O=C(N[C@H]1CC[C@H](CCN2CCC(c3cccc4c3OCO4)CC2)CC1)c1ccc(F)cc1,7.8844
O=C(N[C@H]1CC[C@H](CCN2CCC(c3cccc4occc34)CC2)CC1)C1CCOCC1,8.6576
O=C(N[C@H]1CC[C@H](CCN2CCN(c3cccc4c3OCO4)CC2)CC1)C1CCC1,7.6453
O=C(N[C@H]1CC[C@H](CCN2CCC(c3cccc4c3OCO4)CC2)CC1)[C@H](O)C(F)(F)F,7.6828
O=C(N[C@H]1CC[C@H](CCN2CCN(c3nccc4c3CCO4)CC2)CC1)C1CCC1,7.9957
O=C(N[C@H]1CC[C@H](CCN2CCC(c3cccc4c3OCO4)CC2)CC1)C(F)(F)F,7.4274
Cc1cc(CC(=O)N[C@H]2CC[C@H](CCN3CCC(c4cccc5c4CCO5)CC3)CC2)on1,7.4828
O=C(N[C@H]1CC[C@H](CCN2CCN(c3nccc4c3CCO4)CC2)CC1)c1ccc(F)cc1,7.9547
O=C(CO)N[C@H]1CC[C@H](CCN2CCC(c3cccc4c3OCO4)CC2)CC1,7.6694
O=C(CC1COC1)N[C@H]1CC[C@H](CCN2CCN(c3cccc4c3OCO4)CC2)CC1,7.7118
COCC(=O)N[C@H]1CC[C@H](CCN2CCN(c3nccc4sccc34)CC2)CC1,8.6576
O=C(N[C@H]1CC[C@H](CCN2CCC(c3cccc4c3CCO4)CC2)CC1)c1ccccc1,7.9431
O=C(Cc1ccc2c(c1)OCO2)N[C@H]1CC[C@H](CCN2CCC(c3coc4ccccc34)CC2)CC1,7.9393
O=C(N[C@H]1CC[C@H](CCN2CCC(c3cccc4c3CCO4)CC2)CC1)C1CCC1,7.6904
CO[C@H]1CC[C@H](CC(=O)N[C@H]2CC[C@H](CCN3CCN(c4nccc5occc45)CC3)CC2)CC1,8.2518
O=C(N[C@H]1CC[C@H](CCN2CCN(c3nccc4c3CCO4)CC2)CC1)C1(O)CC1,8.2277
O=C(N[C@H]1CC[C@H](CCN2CCC(c3cccc4c3OCO4)CC2)CC1)c1ccnc2ccccc12,7.6370
O=C(CC1COC1)N[C@H]1CC[C@H](CCN2CCC(c3cccc4c3CCO4)CC2)CC1,7.2557
O=C(Cc1ccc2c(c1)OCO2)N[C@H]1CC[C@H](CCN2CCC(c3cccc4c3CCO4)CC2)CC1,7.3439
O=C(N[C@H]1CC[C@H](CCN2CCN(c3cccc4c3OCO4)CC2)CC1)C1CCS(=O)(=O)C1,8.3665
O=C(N[C@H]1CC[C@H](CCN2CCC(c3coc4ccccc34)CC2)CC1)c1ccc(C(F)(F)F)cc1,8.3233
O=C(N[C@H]1CC[C@H](CCN2CCN(c3nccc4c3CCO4)CC2)CC1)C(O)C(F)(F)F,7.9431
CC(C)[C@H](O)C(=O)N[C@H]1CC[C@H](CCN2CCN(c3cccc4c3OCO4)CC2)CC1,7.6480
Cc1cccc(N2CCN(CCCNC(=O)c3nc(C(C)C)n(-c4ccccc4)c3C)CC2)c1C,6.9788
O=C(C[C@@H]1CCCOC1)N[C@H]1CC[C@H](CCN2CCC(c3cccc4c3OCO4)CC2)CC1,7.6968
O=C(N[C@H]1CC[C@H](CCN2CCC(c3cccc4c3OCO4)CC2)CC1)C1(O)CCCCC1,8.4056
O=C(C[C@H]1CCCOC1)N[C@H]1CC[C@H](CCN2CCC(c3cccc4c3OCO4)CC2)CC1,7.7042
O=C(N[C@H]1CC[C@H](CCN2CCC(c3cccc4c3OCO4)CC2)CC1)[C@@H](O)C(F)(F)F,7.7118
COCCC(=O)N[C@H]1CC[C@H](CCN2CCN(c3nc(C)cc4c3CCO4)CC2)CC1,6.5935
COCCC(=O)N[C@H]1CC[C@H](CCN2CCN(c3nc(C)cc4occc34)CC2)CC1,7.0610
Cc1cccc(N2CCN(C[C@H](O)CNC(=O)c3nc(C)n(-c4ccccc4)c3C)CC2)c1C,7.1397
O=C(CC1CCCO1)N[C@H]1CC[C@H](CCN2CCN(c3nccc4c3CCO4)CC2)CC1,7.7773
O=C(CC1(O)CCC1)N[C@H]1CC[C@H](CCN2CCC(c3cccc4c3OCO4)CC2)CC1,7.5725
COc1ccc(-n2c(C)nc(C(=O)NCCCN3CCN(c4cccc(Cl)c4Cl)CC3)c2C)cc1,7.6990
CC(C)(O)CC(=O)N[C@H]1CC[C@H](CCN2CCN(c3nccc4c3CCO4)CC2)CC1,7.6021
O=C(N[C@H]1CC[C@H](CCN2CCC(c3coc4ccccc34)CC2)CC1)c1ccc(N2CCOCC2)cc1,7.9555
O=C(N[C@H]1CC[C@H](CCN2CCN(c3cccc4c3OCO4)CC2)CC1)C(F)(F)F,7.4498
COC(C)CC(=O)N[C@H]1CC[C@H](CCN2CCC(c3cccc4c3OCO4)CC2)CC1,7.4733
CS(=O)(=O)N[C@H]1CC[C@H](CCN2CCN(c3cccc4c3OCO4)CC2)CC1,7.4781
N#Cc1ccc(C(=O)N[C@H]2CC[C@H](CCN3CCN(c4cccc5c4OCO5)CC3)CC2)cc1,7.6560
O=C(C[C@H]1CCCO1)N[C@H]1CC[C@H](CCN2CCC(c3cccc4c3OCO4)CC2)CC1,7.5535
O=C(N[C@H]1CC[C@H](CCN2CCC(c3cccc4c3OCO4)CC2)CC1)C1CCS(=O)(=O)C1,8.3401
O=C(N[C@H]1CC[C@H](CCN2CCN(c3cccc4c3OCO4)CC2)CC1)c1ccc(F)cc1,7.5415
O=C(CO)N[C@H]1CC[C@H](CCN2CCN(c3nccc4c3CCO4)CC2)CC1,7.9136
CCC(=O)N[C@H]1CC[C@H](CCN2CCN(c3cccc4c3OCO4)CC2)CC1,7.8655
CC(C)C(=O)N[C@H]1CC[C@H](CCN2CCN(c3nccc4c3CCO4)CC2)CC1,7.9914
CC(C)(C)C(=O)N[C@H]1CC[C@H](CCN2CCC(c3coc4ccccc34)CC2)CC1,8.2182
O=C(CC1CCOCC1)N[C@H]1CC[C@H](CCN2CCN(c3nccc4c3CCO4)CC2)CC1,7.6968
COc1ccccc1-n1c(C)nc(C(=O)NCC(O)CN2CCN(c3cccc(C)c3C)CC2)c1C,6.4101
COCCC(=O)N[C@H]1CC[C@H](CCN2CCC(c3cccc4c3OCO4)CC2)CC1,7.4179
CO[C@H]1CC[C@H](CC(=O)N[C@H]2CC[C@H](CCN3CCN(c4nccc5c4CCO5)CC3)CC2)C1,7.6498
O=C(N[C@H]1CC[C@H](CCN2CCN(c3nccc4c3CCO4)CC2)CC1)c1ccc(C(F)(F)F)cc1,7.7258
O=C(CC1C[C@H](O)CO1)N[C@H]1CC[C@H](CCN2CCN(c3nccc4c3CCO4)CC2)CC1,7.6478
O=C(N[C@H]1CC[C@H](CCN2CCN(c3nccc4c3CCO4)CC2)CC1)c1ccc2ncccc2c1,7.6345
O=C(N[C@H]1CC[C@H](CCN2CCN(c3nccc4c3CCO4)CC2)CC1)C1CCOCC1,8.2291
O=C(N[C@H]1CC[C@H](CCN2CCN(c3cccc4c3OCO4)CC2)CC1)c1ccccc1,7.7335
Cc1cccc(N2CCN(CCCCNC(=O)c3nc(C)n(-c4ccccc4Cl)c3C)CC2)c1C,7.9208
O=C(CC1CCOCC1)N[C@H]1CC[C@H](CCN2CCN(c3cccc4c3OCO4)CC2)CC1,7.5789
O=C(N[C@H]1CC[C@H](CCN2CCN(c3nccc4c3CCO4)CC2)CC1)c1ccc(N2CCOCC2)cc1,8.3449
CC(C)(C)C(=O)N[C@H]1CC[C@H](CCN2CCC(c3cccc4c3CCO4)CC2)CC1,7.2958
O=S(=O)(N[C@H]1CC[C@H](CCN2CCC(c3cccc4c3CCO4)CC2)CC1)c1ccccc1,7.0985
O=C(N[C@H]1CC[C@H](CCN2CCC(c3coc4ccccc34)CC2)CC1)c1ccc2c(c1)OCO2,8.0565
O=C(CCO)N[C@H]1CC[C@H](CCN2CCC(c3coc4ccccc34)CC2)CC1,8.0830
CO[C@@H](C)C(=O)N[C@H]1CC[C@H](CCN2CCC(c3cccc4c3OCO4)CC2)CC1,7.5367
COC(C)(C)C(=O)N[C@H]1CC[C@H](CCN2CCN(c3cccc4c3OCO4)CC2)CC1,7.9535
c1cnc2c(N3CCNCC3)cccc2c1,7.1494
O=C(CC1CCCCO1)N[C@H]1CC[C@H](CCN2CCC(c3cccc4c3OCO4)CC2)CC1,7.8074
CS(=O)(=O)c1ccc(C(=O)N[C@H]2CC[C@H](CCN3CCC(c4cccc5c4CCO5)CC3)CC2)s1,7.5031
O=C(CC1(O)CCCCC1)N[C@H]1CC[C@H](CCN2CCN(c3cccc4c3OCO4)CC2)CC1,7.7791
O=C(N[C@H]1CC[C@H](CCN2CCC(c3coc4ccccc34)CC2)CC1)C(F)(F)F,8.0645
O=C(N[C@H]1CC[C@H](CCN2CCN(c3nccc4c3CCO4)CC2)CC1)C(F)(F)F,7.7167
O=C(CC1CCCO1)N[C@H]1CC[C@H](CCN2CCC(c3cccc4c3OCO4)CC2)CC1,7.6772
Cc1nc(C(=O)NCCCN2CCN(c3cccc(Cl)c3Cl)CC2)c(C)n1-c1ccccc1,7.7305
O=S(=O)(N[C@H]1CC[C@H](CCN2CCN(c3cccc4c3OCO4)CC2)CC1)N1CCOCC1,7.4861
CC(C)=CC(=O)N[C@H]1CC[C@H](CCN2CCC(c3cccc4c3CCO4)CC2)CC1,7.2233
Cc1cccc(N2CCN(CCCNC(=O)c3nc(C)n(-c4ccccc4Cl)c3C)CC2)c1C,7.0969
CC(=O)N[C@H]1CC[C@H](CCN2CCN(c3nccc4occc34)CC2)CC1,8.0410
O=C(N[C@H]1CC[C@H](CCN2CCC(c3coc4ccccc34)CC2)CC1)C1CCCO1,8.5406
O=C(Cc1noc2ccccc12)N[C@H]1CC[C@H](CCN2CCC(c3coc4ccccc34)CC2)CC1,8.0851
CCC(C)C(=O)N[C@H]1CC[C@H](CCN2CCC(c3cccc4c3CCO4)CC2)CC1,7.1911
CO[C@H]1CC[C@H](CC(=O)N[C@H]2CC[C@H](CCN3CCN(c4nccc5sccc45)CC3)CC2)C1,8.3665
CCCc1nc(C(=O)NCCCN2CCN(c3cccc(C)c3C)CC2)cn1-c1ccc(Cl)cc1,7.4895
COCCC(=O)N[C@H]1CC[C@H](CCN2CCN(c3cccc4c3OCO4)CC2)CC1,7.6735
CC(C)(O)C(=O)N[C@H]1CC[C@H](CCN2CCN(c3nccc4c3CCO4)CC2)CC1,8.1068
CO[C@H](C)C(=O)N[C@H]1CC[C@H](CCN2CCC(c3cccc4c3OCO4)CC2)CC1,8.0191
Cc1ccc(-n2c(C)nc(C(=O)NCC(O)CN3CCN(c4cccc(C)c4C)CC3)c2C)cc1,7.1662
CCc1c(C(=O)NCCCN2CCN(c3cccc(Cl)c3)CC2)nc(-c2ccc(Cl)cc2Cl)n1-c1ccc(Br)cc1,5.8989
O=C(C[C@@H]1CCCCO1)N[C@H]1CC[C@H](CCN2CCC(c3cccc4c3OCO4)CC2)CC1,7.5544
CN(C)C(=O)N[C@H]1CC[C@H](CCN2CCC(c3cccc4c3CCO4)CC2)CC1,6.9176
O=C(N[C@H]1CC[C@H](CCN2CCN(c3cccc4c3OCO4)CC2)CC1)C1(O)CCC1,8.2233
CC(C)CCC(=O)N[C@H]1CC[C@H](CCN2CCC(c3coc4ccccc34)CC2)CC1,7.8841
O=C(N[C@H]1CC[C@H](CCN2CCC(c3cccc4c3CCO4)CC2)CC1)c1ccc(C(F)(F)F)cc1,6.8700
CCCc1nc(C(=O)NCC(O)CN2CCN(c3cccc(C)c3C)CC2)cn1-c1ccc(Cl)cc1,6.8327
CN(C)C(=O)CCC(=O)N[C@H]1CC[C@H](CCN2CCC(c3cccc4c3CCO4)CC2)CC1,7.0477
O=C(N[C@H]1CC[C@H](CCN2CCN(c3nccc4sccc34)CC2)CC1)C1CCOCC1,8.7696
O=C(N[C@H]1CC[C@H](CCN2CCC(c3coc4ccccc34)CC2)CC1)c1ccc(C2CC2)cc1,8.6676
COc1ccccc1-n1c(C)nc(C(=O)NCCCN2CCN(c3cccc(C)c3C)CC2)c1C,6.8416
COc1cc(OC)cc(-n2c(C)nc(C(=O)NCCCN3CCN(c4cccc(C)c4C)CC3)c2C)c1,7.4949
CCCc1nc(C(=O)NCCCN2CCN(c3cccc(Cl)c3Cl)CC2)c(C)n1-c1ccccc1,7.6778
CC(C)(C)Oc1ccc(C(=O)N[C@H]2CC[C@H](CCN3CCN(c4nccc5c4CCO5)CC3)CC2)cc1,7.3830
O=C(N[C@H]1CC[C@H](CCN2CCC(c3coc4ccccc34)CC2)CC1)C12CC3CC(CC(C3)C1)C2,7.7600
Cc1cccc(N2CCN(CC(O)CNC(=O)c3nc(C(C)C)n(-c4ccccc4)c3C)CC2)c1C,6.1361
CC1(C(=O)N[C@H]2CC[C@H](CCN3CCC(c4cccc5c4OCO5)CC3)CC2)COC1,7.6564
O=C(CC1CCOCC1)N[C@H]1CC[C@H](CCN2CCC(c3cccc4c3OCO4)CC2)CC1,7.5283
N#CCC(=O)N[C@H]1CC[C@H](CCN2CCC(c3cccc4c3OCO4)CC2)CC1,7.6488
Cc1c(Cl)cccc1N1CCN(CCCNC(=O)c2nc(C)n(-c3ccccc3F)c2C)CC1,7.3979
O=C(N[C@H]1CC[C@H](CCN2CCC(c3cccc4c3CCO4)CC2)CC1)C1CCCO1,7.8827
Cc1nc(-c2ccc(C(=O)N[C@H]3CC[C@H](CCN4CCC(c5cccc6c5CCO6)CC4)CC3)cc2)no1,7.2636
CC(C)CC(=O)N[C@H]1CC[C@H](CCN2CCN(c3cccc4c3OCO4)CC2)CC1,7.6084
N#CCC(=O)N[C@H]1CC[C@H](CCN2CCN(c3cccc4c3OCO4)CC2)CC1,7.7279
Cc1ccc(S(=O)(=O)N[C@H]2CC[C@H](CCN3CCC(c4coc5ccccc45)CC3)CC2)cc1,7.3824
Cc1nc(C(=O)NCC(O)CN2CCN(c3cccc(Cl)c3Cl)CC2)c(C)n1-c1ccc2c(c1)OCCO2,8.0061
O=C(N[C@H]1CC[C@H](CCN2CCC(c3cccc4c3CCO4)CC2)CC1)c1ccc(-c2ccccc2)cc1,7.5513
Cn1cnc(S(=O)(=O)N[C@H]2CC[C@H](CCN3CCN(c4cccc5c4OCO5)CC3)CC2)c1,7.1677
COCCC(=O)N[C@H]1CC[C@H](CCN2CCN(c3nccc4sccc34)CC2)CC1,8.4559
O=C(CO)N[C@H]1CC[C@H](CCN2CCN(c3nccc4occc34)CC2)CC1,8.2518
CCS(=O)(=O)N[C@H]1CC[C@H](CCN2CCN(c3nccc4sccc34)CC2)CC1,8.5376
CS(=O)(=O)c1ccc(C(=O)N[C@H]2CC[C@H](CCN3CCC(c4coc5ccccc45)CC3)CC2)cc1,8.2373
O=C(CC1CCC1)N[C@H]1CC[C@H](CCN2CCC(c3cccc4c3CCO4)CC2)CC1,7.3526
COC(=O)N[C@H]1CC[C@H](CCN2CCN(c3cccc4c3OCO4)CC2)CC1,7.6786
CCC(=O)N[C@H]1CC[C@H](CCN2CCN(c3nccc4sccc34)CC2)CC1,8.5850
CCC(C)C(=O)N[C@H]1CC[C@H](CCN2CCC(c3coc4ccccc34)CC2)CC1,8.1831
O=C(N[C@H]1CC[C@H](CCN2CCC(c3cccc4c3CCO4)CC2)CC1)c1ccc(F)cc1,7.8477
O=C(N[C@H]1CC[C@H](CCN2CCN(c3cccc4c3OCO4)CC2)CC1)C1(O)CC1,8.1096
CC(C)(C)CC(=O)N[C@H]1CC[C@H](CCN2CCC(c3cccc4c3CCO4)CC2)CC1,7.2668
O=C(CC(F)(F)F)N[C@H]1CC[C@H](CCN2CCN(c3nccc4c3CCO4)CC2)CC1,7.9586
CC(C)(C)c1ccc(S(=O)(=O)N[C@H]2CC[C@H](CCN3CCC(c4coc5ccccc45)CC3)CC2)cc1,7.5014
CS(=O)(=O)N[C@H]1CC[C@H](CCN2CCC(c3cccc4c3OCO4)CC2)CC1,7.5042
CC(=O)N[C@H]1CC[C@H](CCN2CCN(c3ncc(C)c4c3CCO4)CC2)CC1,7.1707
O=C(Nc1ccc(Cl)cc1)N[C@H]1CC[C@H](CCN2CCC(c3cccc4c3OCO4)CC2)CC1,6.6507
CCCc1nc(C(=O)NCCCN2CCN(c3cccc(C)c3C)CC2)c(C)n1-c1ccc(OC)cc1,7.1500
O=C(N[C@H]1CC[C@H](CCN2CCC(c3cccc4c3CCO4)CC2)CC1)C1CC1(F)F,7.2848
O=C(CO)N[C@H]1CC[C@H](CCN2CCN(c3nccc4sccc34)CC2)CC1,8.8539
COC(CC(=O)N[C@H]1CC[C@H](CCN2CCN(c3nccc4c3CCO4)CC2)CC1)OC,7.8041
O=C(CC(F)(F)F)N[C@H]1CC[C@H](CCN2CCC(c3cccc4c3CCO4)CC2)CC1,7.4660
Cc1cnc(N2CCN(CC[C@H]3CC[C@H](NC(=O)CC4CCOCC4)CC3)CC2)c2c1OCC2,7.3565
COC(=O)N[C@H]1CC[C@H](CCN2CCC(c3cccc4c3OCO4)CC2)CC1,7.6617
CN1CCN(c2ccc(C(=O)N[C@H]3CC[C@H](CCN4CCN(c5nccc6c5CCO6)CC4)CC3)cc2)CC1,8.3458
O=C(N[C@H]1CC[C@H](CCN2CCC(c3cccc4c3CCO4)CC2)CC1)c1ccc(-c2cccnc2)cc1,7.5952
O=C(CC1COCCO1)N[C@H]1CC[C@H](CCN2CCC(c3coc4ccccc34)CC2)CC1,8.6904
CC(C)CC(=O)N[C@H]1CC[C@H](CCN2CCC(c3coc4ccccc34)CC2)CC1,8.0630
O=C(CC1(O)CCC1)N[C@H]1CC[C@H](CCN2CCN(c3cccc4c3OCO4)CC2)CC1,7.5929
CCCc1nc(C(=O)NCCN2CCN(c3cccc(Cl)c3Cl)CC2)c(C)n1-c1ccccc1,7.4089
Cc1nc(C(=O)NCCN2CCN(c3cccc(Cl)c3Cl)CC2)c(C)n1-c1ccccc1,7.5086
O=C(N[C@H]1CC[C@H](CCN2CCC(c3cccc4c3OCO4)CC2)CC1)C1CC1(F)F,7.5740
O=C(N[C@H]1CC[C@H](CCN2CCN(c3cccc4c3OCO4)CC2)CC1)c1ccc(N2CCOCC2)cc1,6.9287
CC(C)(C)C(=O)N[C@H]1CC[C@H](CCN2CCN(c3nccc4c3CCO4)CC2)CC1,8.0269
COc1ccccc1-n1c(C)nc(C(=O)NCCCN2CCN(c3cccc(Cl)c3C)CC2)c1C,7.8928
COc1ccccc1-n1c(C)nc(C(=O)NCC(O)CN2CCN(c3cccc(Cl)c3Cl)CC2)c1C,7.2832
Cc1nc(C(=O)NCCCN2CCN(c3cccc(Cl)c3Cl)CC2)c(C)n1-c1ccc(Cl)cc1,7.5229
O=C(CC1CC1)N[C@H]1CC[C@H](CCN2CCC(c3cccc4c3CCO4)CC2)CC1,7.5421
CC(C)CC(=O)N[C@H]1CC[C@H](CCN2CCC(c3cccc4c3OCO4)CC2)CC1,7.5445
O=C(N[C@H]1CC[C@H](CCN2CCC(c3coc4ccccc34)CC2)CC1)c1ccc(N2CCS(=O)(=O)CC2)cc1,7.9970
CCC(C)C(=O)N[C@H]1CC[C@H](CCN2CCN(c3nccc4c3CCO4)CC2)CC1,7.8794
CC(C)[C@@H](O)C(=O)N[C@H]1CC[C@H](CCN2CCN(c3cccc4c3OCO4)CC2)CC1,7.4593
CN(C)S(=O)(=O)N[C@H]1CC[C@H](CCN2CCC(c3coc4ccccc34)CC2)CC1,8.3556
Cc1cccc(N2CCN(CC(O)CNC(=O)c3nc(-c4ccccc4)n(-c4ccccc4)c3C)CC2)c1C,7.2321
O=C(N[C@H]1CC[C@H](CCN2CCC(c3cccc4c3OCO4)CC2)CC1)C1(C(F)(F)F)CC1,7.7203
O=C(N[C@H]1CC[C@H](CCN2CCN(c3nccc4c3CCO4)CC2)CC1)c1ccnc2ccccc12,8.4413
CCS(=O)(=O)N[C@H]1CC[C@H](CCN2CCC(c3coc4ccccc34)CC2)CC1,8.2950
CC(C)(O)C(=O)N[C@H]1CC[C@H](CCN2CCC(c3cccc4c3OCO4)CC2)CC1,8.3215
O=C(N[C@H]1CC[C@H](CCN2CCN(c3cccc4c3OCO4)CC2)CC1)C1(O)CCCC1,8.4295
O=C(CC(F)(F)F)N[C@H]1CC[C@H](CCN2CCC(c3cccc4c3OCO4)CC2)CC1,7.7426
O=C(CO)N[C@H]1CC[C@H](CCN2CCC(c3cccc4c3CCO4)CC2)CC1,7.5969
CS(=O)(=O)N[C@H]1CC[C@H](CCN2CCC(c3coc4ccccc34)CC2)CC1,8.2652
O=C(CC1(O)CCC1)N[C@H]1CC[C@H](CCN2CCN(c3nccc4c3CCO4)CC2)CC1,7.6478
COCCC(=O)N[C@H]1CC[C@H](CCN2CCN(c3ncc(C)c4c3CCO4)CC2)CC1,7.4318
CCCn1c(C)nc(C(=O)NCC(O)CN2CCN(c3cccc(C)c3C)CC2)c1C,6.0757
O=C(N[C@H]1CC[C@H](CCN2CCN(c3cccc4c3OCO4)CC2)CC1)c1cccnc1,7.9423
O=C(N[C@H]1CC[C@H](CCN2CCC(c3cccc4c3CCO4)CC2)CC1)C1CCOCC1,7.8928
O=C(C[C@H]1COCCO1)N[C@H]1CC[C@H](CCN2CCN(c3nccc4c3CCO4)CC2)CC1,8.0888
O=CN[C@H]1CC[C@H](CCN2CCN(c3nccc4c3CCO4)CC2)CC1,7.6289
CCC(=O)N[C@H]1CC[C@H](CCN2CCN(c3nccc4occc34)CC2)CC1,8.1871
N#Cc1ccc(C(=O)N[C@H]2CC[C@H](CCN3CCC(c4cccc5c4OCO5)CC3)CC2)cc1,8.0448
O=S(=O)(N[C@H]1CC[C@H](CCN2CCC(c3cccc4c3CCO4)CC2)CC1)c1ccc(F)cc1,7.0615
O=C(CC1CCOCC1)N[C@H]1CC[C@H](CCN2CCC(c3coc4ccccc34)CC2)CC1,8.2700
CO[C@H]1CC[C@H](CC(=O)N[C@H]2CC[C@H](CCN3CCC(c4coc5ccccc45)CC3)CC2)CC1,8.0894
Cc1cc2c(c(N3CCN(CC[C@H]4CC[C@H](NC(=O)C5CCOCC5)CC4)CC3)n1)CCO2,7.2328
CCOCC(=O)N[C@H]1CC[C@H](CCN2CCN(c3nccc4occc34)CC2)CC1,8.1308
CO[C@H](C)C(=O)N[C@H]1CC[C@H](CCN2CCN(c3nccc4c3CCO4)CC2)CC1,8.1549
O=C(N[C@H]1CC[C@H](CCN2CCC(c3coc4ccccc34)CC2)CC1)C1CCC1,8.2549
CCC(C)C(=O)N[C@H]1CC[C@H](CCN2CCC(c3cccc4c3OCO4)CC2)CC1,7.6019
O=C(C[C@@H]1CCCO1)N[C@H]1CC[C@H](CCN2CCN(c3nccc4c3CCO4)CC2)CC1,7.6038
O=C(NC1CCC(CCN2CCC(c3coc4ccccc34)CC2)CC1)c1ccc2ncccc2c1,7.9582
O=C(C[C@H]1CCCCO1)N[C@H]1CC[C@H](CCN2CCC(c3cccc4c3OCO4)CC2)CC1,7.8986
N#Cc1ccc(C(=O)N[C@H]2CC[C@H](CCN3CCC(c4coc5ccccc45)CC3)CC2)cc1,8.2299
O=C(N[C@H]1CC[C@H](CCN2CCN(c3nccc4c3CCO4)CC2)CC1)c1ccc(N2CCCCC2)cc1,7.7167
CCCC(=O)N[C@H]1CC[C@H](CCN2CCC(c3coc4ccccc34)CC2)CC1,8.2573
C[C@@H](O)C(=O)N[C@H]1CC[C@H](CCN2CCN(c3cccc4c3OCO4)CC2)CC1,8.0565
CN1CCN(c2ccc(C(=O)N[C@H]3CC[C@H](CCN4CCC(c5coc6ccccc56)CC4)CC3)cc2)CC1,8.0540
O=C(N[C@H]1CC[C@H](CCN2CCN(c3nccc4c3CCO4)CC2)CC1)c1ccc(-n2cccc2)cc1,7.6162
COCC(=O)N[C@H]1CC[C@H](CCN2CCC(c3cccc4c3CCO4)CC2)CC1,7.5575
O=C(C[C@H]1COCCO1)N[C@H]1CC[C@H](CCN2CCC(c3cccc4c3CCO4)CC2)CC1,7.7122
O=C(N[C@H]1CC[C@H](CCN2CCC(c3coc4ccccc34)CC2)CC1)c1ccc(-c2ccccc2)cc1,8.2832
CCC(=O)N[C@H]1CC[C@H](CCN2CCC(c3cccc4c3CCO4)CC2)CC1,7.4647
O=C(N[C@H]1CC[C@H](CCN2CCN(c3nccc4c3CCO4)CC2)CC1)C1CC1,7.9547
COC1(C(=O)N[C@H]2CC[C@H](CCN3CCC(c4cccc5c4OCO5)CC3)CC2)CCCCC1,7.9363
O=C(CC1CCC1)N[C@H]1CC[C@H](CCN2CCC(c3coc4ccccc34)CC2)CC1,8.3063
C[C@]1(O)CC[C@H](C(=O)N[C@H]2CC[C@H](CCN3CCN(c4nccc5c4CCO5)CC3)CC2)CC1,7.8996
COc1cc(OC)cc(-n2c(C)nc(C(=O)NCCN3CCN(c4cccc(C)c4C)CC3)c2C)c1,7.0132
O=C(C[C@@H]1COCCO1)N[C@H]1CC[C@H](CCN2CCN(c3cccc4c3OCO4)CC2)CC1,7.9115
CN1CCN(CC(=O)N[C@H]2CC[C@H](CCN3CCC(c4cccc5c4OCO5)CC3)CC2)CC1,7.5091
O=C(N[C@H]1CC[C@H](CCN2CCN(c3nccc4occc34)CC2)CC1)C1CC1,8.3565
O=C(N[C@H]1CC[C@H](CCN2CCN(c3nccc4c3CCO4)CC2)CC1)C1CCCOC1,8.1959
CCCCC(=O)N[C@H]1CC[C@H](CCN2CCC(c3cccc4c3CCO4)CC2)CC1,6.9859
CS(=O)(=O)CC(=O)N[C@H]1CC[C@H](CCN2CCC(c3coc4ccccc34)CC2)CC1,8.4510
O=C(CCC(F)(F)F)N[C@H]1CC[C@H](CCN2CCN(c3nccc4c3CCO4)CC2)CC1,7.5287
CC#CC(=O)N[C@H]1CC[C@H](CCN2CCC(c3cccc4c3CCO4)CC2)CC1,7.3382
COc1ccc(-n2c(C)nc(C(=O)NCCCN3CCN(c4cccc(Cl)c4C)CC3)c2C)cc1,7.6364
O=C(CC1(O)CCOCC1)N[C@H]1CC[C@H](CCN2CCC(c3cccc4c3OCO4)CC2)CC1,7.6035
O=S(=O)(N[C@H]1CC[C@H](CCN2CCN(c3nccc4c3CCO4)CC2)CC1)c1ccccc1,7.1518
CS(=O)(=O)c1ccc(C(=O)N[C@H]2CC[C@H](CCN3CCC(c4coc5ccccc45)CC3)CC2)s1,8.1051
CC(=O)N[C@H]1CC[C@H](CCN2CCN(c3nccc4sccc34)CC2)CC1,8.4815
O=C(CC1COCCO1)N[C@H]1CC[C@H](CCN2CCC(c3cccc4c3OCO4)CC2)CC1,7.8557
CC(C)C(=O)N[C@H]1CC[C@H](CCN2CCC(c3coc4ccccc34)CC2)CC1,8.2403
CC(C)CCC(=O)N[C@H]1CC[C@H](CCN2CCN(c3nccc4c3CCO4)CC2)CC1,7.6091
O=C(NC1CCC(CCN2CCC(c3cccc4c3CCO4)CC2)CC1)c1ccc2ncccc2c1,7.5129
CC(=O)N[C@H]1CC[C@H](CCN2CCN(c3nc(C)cc4c3CCO4)CC2)CC1,6.6676
C/C=C/CC(=O)N[C@H]1CC[C@H](CCN2CCC(c3coc4ccccc34)CC2)CC1,7.9115
CCCC(=O)N[C@H]1CC[C@H](CCN2CCN(c3nccc4c3CCO4)CC2)CC1,7.6364
CCCc1nc(C(=O)NCCN2CCN(c3cccc(Cl)c3Cl)CC2)cn1-c1ccc(Cl)cc1,7.1612
Cc1cccc(N2CCN(C[C@H](O)CNC(=O)c3nc(C)n(-c4ccccc4F)c3C)CC2)c1C,6.5686
CC(C)(O)CC(=O)N[C@H]1CC[C@H](CCN2CCN(c3cccc4c3OCO4)CC2)CC1,7.6490
COCCC(=O)N[C@H]1CC[C@H](CCN2CCN(c3nccc4occc34)CC2)CC1,8.0915
CC(C)CC(=O)N[C@H]1CC[C@H](CCN2CCN(c3nccc4c3CCO4)CC2)CC1,7.8041
O=C(CC(F)(F)F)N[C@H]1CC[C@H](CCN2CCN(c3cccc4c3OCO4)CC2)CC1,7.5885
CC[C@H](O)CC(=O)N[C@H]1CC[C@H](CCN2CCC(c3coc4ccccc34)CC2)CC1,8.0410
CCc1nc(C(=O)NCCCN2CCN(c3cccc(Cl)c3Cl)CC2)c(C)n1-c1ccccc1,7.3188
O=C(N[C@H]1CC[C@H](CCN2CCC(c3cccc4c3CCO4)CC2)CC1)C(O)C(F)(F)F,7.5834
COC1(C(=O)N[C@H]2CC[C@H](CCN3CCN(c4cccc5c4OCO5)CC3)CC2)CC1,8.2027
Cc1cc(CC(=O)N[C@H]2CC[C@H](CCN3CCC(c4coc5ccccc45)CC3)CC2)on1,8.1129
O=C(N[C@H]1CC[C@H](CCN2CCC(c3cccc4c3CCO4)CC2)CC1)C1CCOC1,7.6091
O=C(Cc1noc2ccccc12)N[C@H]1CC[C@H](CCN2CCN(c3nccc4c3CCO4)CC2)CC1,7.5560
CS(=O)(=O)c1ccc(C(=O)N[C@H]2CC[C@H](CCN3CCC(c4cccc5c4CCO5)CC3)CC2)cc1,7.8327
O=C(N[C@H]1CC[C@H](CCN2CCC(c3coc4ccccc34)CC2)CC1)c1ccc(N2CCCCC2)cc1,8.1643
CCCc1nc(C(=O)NCCCN2CCN(c3cccc(Cl)c3Cl)CC2)c(C)n1-c1ccc(OC)cc1,8.2865
COc1ccc(-n2cc(C(=O)NCC(O)CN3CCN(c4cccc(Cl)c4Cl)CC3)nc2-c2ccccc2)cc1,6.8633
O=C(CC1COC1)N[C@H]1CC[C@H](CCN2CCC(c3coc4ccccc34)CC2)CC1,8.2798
O=C(CCC(F)(F)F)N[C@H]1CC[C@H](CCN2CCC(c3coc4ccccc34)CC2)CC1,7.8251
O=C(Cc1ccc2c(c1)OCO2)N[C@H]1CC[C@H](CCN2CCN(c3nccc4c3CCO4)CC2)CC1,7.4724
O=C(N[C@H]1CC[C@H](CCN2CCN(c3cccc4c3OCO4)CC2)CC1)C1(O)CCCCC1,8.3288
CC(C)C(=O)N[C@H]1CC[C@H](CCN2CCC(c3cccc4c3CCO4)CC2)CC1,7.7011
O=C(N[C@H]1CC[C@H](CCN2CCC(c3coc4ccccc34)CC2)CC1)c1ccnc2ccccc12,8.0605
O=C(Nc1ccc(Cl)cc1)N[C@H]1CC[C@H](CCN2CCN(c3cccc4c3OCO4)CC2)CC1,7.2310
COCCC(=O)N[C@H]1CC[C@H](CCN2CCC(c3coc4ccccc34)CC2)CC1,8.3344
O=C(C[C@H]1CC[C@H](O)CC1)N[C@H]1CC[C@H](CCN2CCN(c3nccc4occc34)CC2)CC1,8.0555
CC(C)CCC(=O)N[C@H]1CC[C@H](CCN2CCC(c3cccc4c3CCO4)CC2)CC1,7.1373
CS(=O)(=O)CC(=O)N[C@H]1CC[C@H](CCN2CCN(c3nccc4c3CCO4)CC2)CC1,7.7932
Cc1cnc(N2CCN(CC[C@H]3CC[C@H](NC(=O)CC4CCOCC4)CC3)CC2)c2ccoc12,7.9318
CS(=O)(=O)N[C@H]1CC[C@H](CCN2CCN(c3nccc4sccc34)CC2)CC1,8.5376
CC(=O)N[C@H]1CC[C@H](CCN2CCC(c3coc4ccccc34)CC2)CC1,8.2941
O=C(N[C@H]1CC[C@H](CCN2CCN(c3cccc4c3OCO4)CC2)CC1)c1ccnc2ccccc12,7.8576
O=C(N[C@H]1CC[C@H](CCN2CCC(c3coc4ccccc34)CC2)CC1)C1(O)CC1,8.5157
Cc1ccc(C(=O)N[C@H]2CC[C@H](CCN3CCC(c4cccc5c4OCO5)CC3)CC2)cn1,7.9397
CCC(=O)N[C@H]1CC[C@H](CCN2CCC(c3cccc4occc34)CC2)CC1,8.2518
O=C(C[C@@H]1COCCO1)N[C@H]1CC[C@H](CCN2CCN(c3nccc4c3CCO4)CC2)CC1,7.9281
O=C(C[C@@H]1CCCO1)N[C@H]1CC[C@H](CCN2CCC(c3cccc4c3OCO4)CC2)CC1,7.4713
O=C(N[C@H]1CC[C@H](CCN2CCC(c3coc4ccccc34)CC2)CC1)C1CCOCC1,8.6126
O=C(CCO)N[C@H]1CC[C@H](CCN2CCN(c3nccc4occc34)CC2)CC1,7.9872
O=C(N[C@H]1CC[C@H](CCN2CCN(c3nccc4c3CCO4)CC2)CC1)c1ccc(-c2ccccc2)cc1,7.6308
O=C(CC1CC1)N[C@H]1CC[C@H](CCN2CCC(c3coc4ccccc34)CC2)CC1,8.2874
Cc1cc(C(=O)N[C@H]2CC[C@H](CCN3CCC(c4coc5ccccc45)CC3)CC2)on1,8.0357
CC[C@@H](O)CC(=O)N[C@H]1CC[C@H](CCN2CCC(c3coc4ccccc34)CC2)CC1,8.0605
CC(=O)N[C@H]1CC[C@H](CCN2CCN(c3nc(C)cc4occc34)CC2)CC1,7.1238
CCCc1nc(C(=O)NCCCN2CCN(c3cccc(C)c3C)CC2)cn1-c1ccccc1,6.8761
O=C(CC1CCOCC1)N[C@H]1CC[C@H](CCN2CCN(c3nccc4occc34)CC2)CC1,8.2147
CCC(=O)N[C@H]1CC[C@H](CCN2CCC(c3coc4ccccc34)CC2)CC1,8.3449
CCc1c(C(=O)NCCCN2CCN(c3cccc(Cl)c3Cl)CC2)nc(-c2ccc(Cl)cc2Cl)n1-c1ccc(Br)cc1,5.6345
O=C(C[C@@H](O)C(F)(F)F)N[C@H]1CC[C@H](CCN2CCN(c3nccc4c3CCO4)CC2)CC1,7.4802
O=S(=O)(N[C@H]1CC[C@H](CCN2CCC(c3cccc4c3OCO4)CC2)CC1)N1CCOCC1,7.2507
O=C(N[C@H]1CC[C@H](CCN2CCN(c3nccc4occc34)CC2)CC1)C1CCOCC1,8.5376
O=C(C[C@@H](O)C(F)(F)F)N[C@H]1CC[C@H](CCN2CCC(c3cccc4c3CCO4)CC2)CC1,7.2725
O=C(CC1COC1)N[C@H]1CC[C@H](CCN2CCN(c3nccc4c3CCO4)CC2)CC1,7.9586
O=C(N[C@H]1CC[C@H](CCN2CCC(c3cccc4c3OCO4)CC2)CC1)C1(O)CC1,8.0878
O=C(N[C@H]1CC[C@H](CCN2CCC(c3coc4ccccc34)CC2)CC1)C1CC1(F)F,8.0660
O=C(N[C@H]1CC[C@H](CCN2CCC(c3coc4ccccc34)CC2)CC1)c1ccc(Cl)cc1,8.0453
CC(C)(C)c1ccc(C(=O)N[C@H]2CC[C@H](CCN3CCC(c4cccc5c4CCO5)CC3)CC2)cc1,7.5436
O=C(N[C@H]1CC[C@H](CCN2CCC(c3cccc4c3OCO4)CC2)CC1)c1ccccc1,8.2890
O=C(N[C@H]1CC[C@H](CCN2CCN(c3cccc4c3OCO4)CC2)CC1)c1ccc2c(c1)OCCO2,7.9727
Cc1cnc(N2CCN(CC[C@H]3CC[C@H](NC(=O)C4CCOCC4)CC3)CC2)c2c1OCC2,7.7055
O=C(CC1CCOCC1)N[C@H]1CC[C@H](CCN2CCC(c3cccc4c3CCO4)CC2)CC1,7.4134
O=C(N[C@H]1CC[C@H](CCN2CCC(c3coc4ccccc34)CC2)CC1)c1ccccc1,8.3605
CC#CC(=O)N[C@H]1CC[C@H](CCN2CCN(c3nccc4c3CCO4)CC2)CC1,7.9136
CC(C)(O)C(=O)N[C@H]1CC[C@H](CCN2CCC(c3cccc4c3CCO4)CC2)CC1,8.0969
CCCC(=O)N[C@H]1CC[C@H](CCN2CCN(c3cccc4c3OCO4)CC2)CC1,7.5456
CO[C@@H](C)C(=O)N[C@H]1CC[C@H](CCN2CCN(c3nccc4c3CCO4)CC2)CC1,7.6968
CO[C@@H](C)C(=O)N[C@H]1CC[C@H](CCN2CCN(c3cccc4c3OCO4)CC2)CC1,8.1618
O=S(=O)(N[C@H]1CC[C@H](CCN2CCC(c3cccc4c3OCO4)CC2)CC1)c1ccccc1,7.2819
O=C(CC1COCCO1)N[C@H]1CC[C@H](CCN2CCN(c3cccc4c3OCO4)CC2)CC1,7.9289
CC(C)(C)CC(=O)N[C@H]1CC[C@H](CCN2CCC(c3coc4ccccc34)CC2)CC1,7.9846
O=C(CO)N[C@H]1CC[C@H](CCN2CCN(c3cccc4c3OCO4)CC2)CC1,7.9055
O=C(N[C@H]1CC[C@H](CCN2CCC(c3cccc4c3CCO4)CC2)CC1)c1ccc(Cl)cc1,7.7423
Cc1cc2c(c(N3CCN(CC[C@H]4CC[C@H](NC(=O)CC5CCOCC5)CC4)CC3)n1)CCO2,6.7135
O=C(CC1CCCO1)N[C@H]1CC[C@H](CCN2CCC(c3cccc4c3CCO4)CC2)CC1,7.5686
O=C(CC1COCCO1)N[C@H]1CC[C@H](CCN2CCC(c3cccc4occc34)CC2)CC1,8.3872
CN1CCN(CC(=O)N[C@H]2CC[C@H](CCN3CCN(c4cccc5c4OCO5)CC3)CC2)CC1,7.7951
O=C(CC1CC1)N[C@H]1CC[C@H](CCN2CCC(c3cccc4c3OCO4)CC2)CC1,7.7533
Cc1cc(C(=O)N[C@H]2CC[C@H](CCN3CCN(c4nccc5c4CCO5)CC3)CC2)on1,7.8041
CC(=O)N[C@H]1CC[C@H](CCN2CCN(c3nccc4c3CCO4)CC2)CC1,7.6402
O=C(N[C@H]1CC[C@H](CCN2CCC(c3cccc4c3OCO4)CC2)CC1)c1ccc(N2CCOCC2)cc1,7.7326
O=C(N[C@H]1CC[C@H](CCN2CCC(c3coc4ccccc34)CC2)CC1)C(O)C(F)(F)F,8.2161
CN(C)C(=O)CCC(=O)N[C@H]1CC[C@H](CCN2CCN(c3nccc4c3CCO4)CC2)CC1,7.6216
C/C=C/CC(=O)N[C@H]1CC[C@H](CCN2CCC(c3cccc4c3CCO4)CC2)CC1,7.1118
CS(=O)(=O)N[C@H]1CC[C@H](CCN2CCC(c3cccc4c3CCO4)CC2)CC1,7.4535
O=C(N[C@H]1CC[C@H](CCN2CCN(c3nccc4c3CCO4)CC2)CC1)c1ccc(N2CCOCC2)nc1,7.8069
O=C(Cc1noc2ccccc12)N[C@H]1CC[C@H](CCN2CCC(c3cccc4c3CCO4)CC2)CC1,7.5129
O=C(N[C@H]1CC[C@H](CCN2CCC(c3cccc4c3OCO4)CC2)CC1)C1CCOC1,7.6189
CC(C)(O)CC(=O)N[C@H]1CC[C@H](CCN2CCC(c3coc4ccccc34)CC2)CC1,8.2924
C[C@]1(O)CC[C@@H](C(=O)N[C@H]2CC[C@H](CCN3CCN(c4nccc5c4CCO5)CC3)CC2)CC1,8.2118
CC(C)(C)Oc1ccc(C(=O)N[C@H]2CC[C@H](CCN3CCC(c4coc5ccccc45)CC3)CC2)cc1,8.2549
O=C(C[C@H]1COCCO1)N[C@H]1CC[C@H](CCN2CCN(c3cccc4c3OCO4)CC2)CC1,8.1090
O=C(N[C@H]1CC[C@H](CCN2CCC(c3cccc4c3OCO4)CC2)CC1)C1CCOCC1,8.0214
O=C(N[C@H]1CC[C@H](CCN2CCN(c3nccc4c3CCO4)CC2)CC1)c1ccc(N2CCS(=O)(=O)CC2)cc1,7.7799
COCC(=O)N[C@H]1CC[C@H](CCN2CCN(c3nccc4occc34)CC2)CC1,8.3565
Cc1cc(C(=O)N[C@H]2CC[C@H](CCN3CCC(c4cccc5c4CCO5)CC3)CC2)on1,7.4389
COCCC(=O)N[C@H]1CC[C@H](CCN2CCN(c3nccc4c3CCO4)CC2)CC1,7.6180
O=C(N[C@H]1CC[C@H](CCN2CCC(c3cccc4c3OCO4)CC2)CC1)N1CCc2ccccc21,7.5957
O=C(CC1CC1)N[C@H]1CC[C@H](CCN2CCN(c3nccc4c3CCO4)CC2)CC1,7.8633
CC#CC(=O)N[C@H]1CC[C@H](CCN2CCC(c3coc4ccccc34)CC2)CC1,8.1029
CC(C)(C)c1ccc(C(=O)N[C@H]2CC[C@H](CCN3CCC(c4coc5ccccc45)CC3)CC2)cc1,8.4237
CS(=O)(=O)N[C@H]1CC[C@H](CCN2CCN(c3nccc4c3CCO4)CC2)CC1,7.6635
CS(=O)(=O)CC(=O)N[C@H]1CC[C@H](CCN2CCC(c3cccc4c3OCO4)CC2)CC1,7.5686
O=C(N[C@H]1CC[C@H](CCN2CCC(c3cccc4c3CCO4)CC2)CC1)c1ccc(N2CCS(=O)(=O)CC2)cc1,7.4815
COCC(=O)N[C@H]1CC[C@H](CCN2CCC(c3coc4ccccc34)CC2)CC1,8.4737
O=C(N[C@H]1CC[C@H](CCN2CCN(c3cccc4c3OCO4)CC2)CC1)C1CC1(F)F,7.5725
O=C(N[C@H]1CC[C@H](CCN2CCN(c3cccc4c3OCO4)CC2)CC1)C1CC(Cl)C1,7.6243
Cc1c(Cl)cccc1N1CCN(C[C@@H](O)CNC(=O)c2nc(-c3ccccc3)n(-c3ccc(F)cc3)c2C)CC1,7.6968
COCC(=O)N[C@H]1CC[C@H](CCN2CCN(c3nccc4c3CCO4)CC2)CC1,7.9586
O=C(C[C@H]1CCCO1)N[C@H]1CC[C@H](CCN2CCC(c3cccc4c3CCO4)CC2)CC1,7.4473
Cc1cccc(N2CCN(C[C@@H](O)CNC(=O)c3nc(C)n(-c4ccccc4F)c3C)CC2)c1C,6.6126
COCCC(=O)N[C@H]1CC[C@H](CCN2CCN(c3ncc(C)c4occc34)CC2)CC1,7.9208
Cc1ccc(C(=O)N[C@H]2CC[C@H](CCN3CCN(c4nccc5c4CCO5)CC3)CC2)cn1,7.8097
CC(=O)N[C@H]1CC[C@H](CCN2CCC(c3cccc4c3CCO4)CC2)CC1,7.4295
CC(C)c1ccc(C(=O)N[C@H]2CC[C@H](CCN3CCC(c4coc5ccccc45)CC3)CC2)cc1,8.5850
CCS(=O)(=O)N[C@H]1CC[C@H](CCN2CCC(c3cccc4c3CCO4)CC2)CC1,7.4584
O=C(N[C@H]1CC[C@H](CCN2CCN(c3cccc4c3OCO4)CC2)CC1)C1COc2ccccc2C1,8.1931
O=S(=O)(N[C@H]1CC[C@H](CCN2CCN(c3cccc4c3OCO4)CC2)CC1)c1ccc(F)cc1,7.2417
CCS(=O)(=O)N[C@H]1CC[C@H](CCN2CCN(c3nccc4c3CCO4)CC2)CC1,7.7545
O=C(N[C@H]1CC[C@H](CCN2CCN(c3nccc4c3CCO4)CC2)CC1)C1(O)CCC1,8.0088
CN(C)C(=O)N[C@H]1CC[C@H](CCN2CCN(c3nccc4c3CCO4)CC2)CC1,7.5421
CC(=O)N[C@H]1CC[C@H](CCN2CCC(c3cccc4c3OCO4)CC2)CC1,7.6225
O=C(C[C@H]1CCCO1)N[C@H]1CC[C@H](CCN2CCN(c3nccc4c3CCO4)CC2)CC1,7.8356
O=C(N[C@H]1CC[C@H](CCN2CCC(c3cccc4c3CCO4)CC2)CC1)c1ccc(N2CCOCC2)nc1,7.5591
O=C(C[C@@H]1CCCCO1)N[C@H]1CC[C@H](CCN2CCN(c3cccc4c3OCO4)CC2)CC1,7.4587
CC(C)(C)C1CCC(C(=O)N[C@H]2CC[C@H](CCN3CCC(c4coc5ccccc45)CC3)CC2)CC1,8.2197
CCCc1nc(C(=O)NC[C@H](O)CN2CCN(c3cccc(Cl)c3Cl)CC2)cn1-c1ccc(Cl)cc1,6.5784
O=C(CCC(F)(F)F)N[C@H]1CC[C@H](CCN2CCC(c3cccc4c3CCO4)CC2)CC1,6.9255
CCCc1nc(C(=O)NCC(O)CN2CCN(c3cccc(Cl)c3Cl)CC2)c(C)n1-c1ccc(OC)cc1,7.2000
CC(=O)N[C@H]1CC[C@H](CCN2CCC(c3ccc(F)c4occc34)CC2)CC1,7.4776
O=S(=O)(N[C@H]1CC[C@H](CCN2CCN(c3cccc4c3OCO4)CC2)CC1)c1ccccc1,7.1931
O=C(Cc1ccc2c(c1)OCO2)N[C@H]1CC[C@H](CCN2CCN(c3cccc4c3OCO4)CC2)CC1,7.2874
O=C(N[C@H]1CC[C@H](CCN2CCC(c3coc4ccccc34)CC2)CC1)c1ccc(-n2cccn2)cc1,7.6540
O=C(CC1CCCO1)N[C@H]1CC[C@H](CCN2CCC(c3coc4ccccc34)CC2)CC1,8.2652
COC(C)CC(=O)N[C@H]1CC[C@H](CCN2CCN(c3cccc4c3OCO4)CC2)CC1,7.6142
O=C(CC1CCOCC1)N[C@H]1CC[C@H](CCN2CCN(c3nccc4sccc34)CC2)CC1,8.5229
CC(C)CC(=O)N[C@H]1CC[C@H](CCN2CCC(c3cccc4c3CCO4)CC2)CC1,7.5072
CN(C)C(=O)CCC(=O)N[C@H]1CC[C@H](CCN2CCC(c3coc4ccccc34)CC2)CC1,8.1079
CN(C)S(=O)(=O)N[C@H]1CC[C@H](CCN2CCN(c3cccc4c3OCO4)CC2)CC1,7.6651
Cc1nc(-c2ccc(C(=O)N[C@H]3CC[C@H](CCN4CCC(c5coc6ccccc56)CC4)CC3)cc2)no1,7.8207
O=C(CC1CCCO1)N[C@H]1CC[C@H](CCN2CCN(c3cccc4c3OCO4)CC2)CC1,7.7802
CCc1c(C(=O)NCCCN2CCN(c3cccc(C)c3C)CC2)nc(-c2ccc(Cl)cc2Cl)n1-c1ccc(Br)cc1,6.8962
Cc1ccc(-n2c(C)nc(C(=O)NCCCN3CCN(c4cccc(C)c4C)CC3)c2C)cc1,7.4815
CC(C)(O)C(=O)N[C@H]1CC[C@H](CCN2CCC(c3coc4ccccc34)CC2)CC1,8.6478
O=C(C[C@H]1C[C@H](CO)C1)N[C@H]1CC[C@H](CCN2CCN(c3cccc4c3OCO4)CC2)CC1,7.6026
CCCCC(=O)N[C@H]1CC[C@H](CCN2CCN(c3nccc4c3CCO4)CC2)CC1,7.6073
CC(C)C(=O)N[C@H]1CC[C@H](CCN2CCC(c3cccc4c3OCO4)CC2)CC1,7.7701
O=C(N[C@H]1CC[C@H](CCN2CCC(c3coc4ccccc34)CC2)CC1)c1ccc(Cl)cc1Cl,7.9115
O=C(N[C@H]1CC[C@H](CCN2CCC(c3cccc4c3OCO4)CC2)CC1)C1CCC1,7.7716
N#CCC(=O)N[C@H]1CC[C@H](CCN2CCN(c3nccc4c3CCO4)CC2)CC1,7.8041
O=C(N[C@H]1CC[C@H](CCN2CCC(c3cccc4c3CCO4)CC2)CC1)c1ccc2c(c1)OCO2,7.6383
O=C(N[C@H]1CC[C@H](CCN2CCC(c3cccc4c3OCO4)CC2)CC1)c1ccc2c(c1)OCCO2,7.6957
CC1(C(=O)N[C@H]2CC[C@H](CCN3CCN(c4cccc5c4OCO5)CC3)CC2)COC1,7.8060
CCCc1nc(C(=O)NCC(O)CN2CCN(c3cccc(C)c3C)CC2)c(C)n1-c1ccc(OC)cc1,6.8996
Cc1cc(CC(=O)N[C@H]2CC[C@H](CCN3CCN(c4cccc5c4OCO5)CC3)CC2)on1,7.6368
CCCC(=O)N[C@H]1CC[C@H](CCN2CCC(c3cccc4c3OCO4)CC2)CC1,7.4456
O=C(N[C@H]1CC[C@H](CCN2CCN(c3cccc4c3OCO4)CC2)CC1)C1CCCO1,7.9094
O=C(C[C@@H]1COCCO1)N[C@H]1CC[C@H](CCN2CCC(c3cccc4c3CCO4)CC2)CC1,7.5544
COCCC(=O)N[C@H]1CC[C@H](CCN2CCC(c3cccc4c3CCO4)CC2)CC1,7.4123
O=C(N[C@H]1CC[C@H](CCN2CCN(c3nccc4c3CCO4)CC2)CC1)c1ccc(Cl)cc1Cl,7.6635
CC(C)(C)CC(=O)N[C@H]1CC[C@H](CCN2CCN(c3nccc4c3CCO4)CC2)CC1,7.7905
O=C(N[C@H]1CC[C@H](CCN2CCN(c3cccc4c3OCO4)CC2)CC1)C1CCOCC1,8.1113
CO[C@@H]1CC[C@@H](CC(=O)N[C@H]2CC[C@H](CCN3CCN(c4nccc5occc45)CC3)CC2)C1,8.1938
CC(C)(O)CC(=O)N[C@H]1CC[C@H](CCN2CCC(c3cccc4c3OCO4)CC2)CC1,7.5832
CCC(=O)N[C@H]1CC[C@H](CCN2CCC(c3cccc4c3OCO4)CC2)CC1,7.7796
O=C(N[C@H]1CC[C@H](CCN2CCC(c3cccc4c3CCO4)CC2)CC1)C1CC1,7.6271
Cc1cc(CC(=O)N[C@H]2CC[C@H](CCN3CCN(c4nccc5c4CCO5)CC3)CC2)on1,7.8182
O=CN[C@H]1CC[C@H](CCN2CCC(c3cccc4c3CCO4)CC2)CC1,6.9694
O=C(C[C@H]1CCCCO1)N[C@H]1CC[C@H](CCN2CCN(c3cccc4c3OCO4)CC2)CC1,7.9215
N#Cc1ccc(C(=O)N[C@H]2CC[C@H](CCN3CCC(c4cccc5c4CCO5)CC3)CC2)cc1,7.6536
N#Cc1ccc(C(=O)N[C@H]2CC[C@H](CCN3CCN(c4nccc5c4CCO5)CC3)CC2)cc1,7.8861
O=C(CCC(F)(F)F)N[C@H]1CC[C@H](CCN2CCC(c3cccc4c3OCO4)CC2)CC1,7.4954
Cc1cccc(N2CCN(C[C@@H](O)CNC(=O)c3nc(C)n(-c4ccccc4)c3C)CC2)c1C,6.1898
Cc1cc(CC(=O)N[C@H]2CC[C@H](CCN3CCC(c4cccc5c4OCO5)CC3)CC2)on1,7.7038
O=C(N[C@H]1CC[C@H](CCN2CCC(c3coc4ccccc34)CC2)CC1)C1CCOC1,8.2269
CN(C)S(=O)(=O)N[C@H]1CC[C@H](CCN2CCC(c3cccc4c3OCO4)CC2)CC1,7.6847
CC(=O)N[C@H]1CC[C@H](CCN2CCC(c3cccc4occc34)CC2)CC1,8.1675
COc1ccc(CCN(CC/C=C\c2ccccc2)Cc2ccc3c(c2)OCO3)cc1OC,6.6459
COc1ccc(CCN(CCCc2cc(OC)c(OC)c(OC)c2)Cc2ccc3c(c2)OCO3)cc1OC,5.6509
COc1cccc(CCCN(CCc2ccc(OC)c(OC)c2)Cc2ccc3c(c2)OCO3)c1,5.8219
COc1ccc(CCN(CCCc2cc(OC)c(OC)c(OC)c2)CCc2ccc3c(c2)OCO3)cc1OC,6.8356
COc1ccc(OC)c(CCCN(CCc2ccc(OC)c(OC)c2)CCc2ccc3c(c2)OCO3)c1,6.0367
COc1ccc(CCCN(CCc2ccc(OC)c(OC)c2)CCc2ccc3c(c2)OCO3)cc1,6.5735
COc1cccc(CCCN(CCc2ccc(OC)c(OC)c2)CCc2ccc3c(c2)OCO3)c1,6.6990
COc1ccccc1CCCN(CCc1ccc(OC)c(OC)c1)CCc1ccc2c(c1)OCO2,6.8539
COc1ccc(CCN(CCCc2ccccc2)CCc2ccc3c(c2)OCO3)cc1OC,6.7825
COc1ccc(CCN(CCc2ccccc2)CCc2ccc3c(c2)OCO3)cc1OC,5.8321
COc1ccc(CCN(CCc2ccc3c(c2)OCO3)Cc2ccccc2)cc1OC,5.4521
CC(C)c1ccccc1OCCN1CCC(N(C)S(=O)(=O)c2ccccc2)CC1,6.5784
CC(C)c1ccccc1OCCN1CCC(N(C)S(=O)(=O)c2cccc(F)c2)CC1,6.6383
CC(C)c1ccccc1OCCN1CCC(N(C)S(=O)(=O)c2ccc(F)cc2)CC1,6.4179
CC(C)c1ccccc1OCCN1CCC(N(C)S(=O)(=O)c2cnn(C)c2)CC1,6.9172
CN(C1CCN(CCOc2ccccc2C(C)(C)C)CC1)S(=O)(=O)c1ccccc1,5.9017
CN(C1CCN(CCOc2ccccc2C(C)(C)C)CC1)S(=O)(=O)c1cccc(F)c1,5.7149
CN(C1CCN(CCOc2ccccc2C(C)(C)C)CC1)S(=O)(=O)c1ccc(F)cc1,5.9706
CN(C1CCN(CCOc2ccccc2C(C)(C)C)CC1)S(=O)(=O)c1cnn(C)c1,6.2541
CN(C1CCN(CCOc2ccccc2-c2ccccc2)CC1)S(=O)(=O)c1ccccc1,7.3768
CN(C1CCN(CCOc2ccccc2-c2ccccc2)CC1)S(=O)(=O)c1ccc(F)cc1,7.1612
CN(C1CCN(CCOc2ccccc2-c2ccccc2)CC1)S(=O)(=O)c1cnn(C)c1,7.2366
CC(C)c1ccccc1OCCN1CCC(N(CC2CC2)S(=O)(=O)c2cccc(F)c2)CC1,6.3675
CC(C)c1ccccc1OCCN1CCC(N(CC2CC2)S(=O)(=O)c2ccc(F)cc2)CC1,6.3840
CC(C)c1ccccc1OCCN1CCC(N(CC2CC2)S(=O)(=O)c2cnn(C)c2)CC1,6.4225
CC(C)(C)c1ccccc1OCCN1CCC(N(CC2CC2)S(=O)(=O)c2ccc(F)cc2)CC1,5.8768
Cn1cc(S(=O)(=O)N(CC2CC2)C2CCN(CCOc3ccccc3C(C)(C)C)CC2)cn1,5.8300
O=S(=O)(c1ccc(F)cc1)N(CC1CC1)C1CCN(CCOc2ccccc2-c2ccccc2)CC1,7.1549
Cn1cc(S(=O)(=O)N(CC2CC2)C2CCN(CCOc3ccccc3-c3ccccc3)CC2)cn1,7.5229
C=CCN(CC=C)CCc1c[nH]c2ccc(C)cc12,6.1400
C=CCN(CC=C)CCc1c[nH]c2ccc(Cl)cc12,6.3900
C=CCN(CC=C)CCc1c[nH]c2ccc(Br)cc12,6.3200
C=CCN(CC=C)CCc1c[nH]c2ccccc12,6.1500
C=CCN(CC=C)CCc1c[nH]c2ccc(F)cc12,6.6100
CN(C)CCN(Cc1ccccc1)S(=O)(=O)c1ccc(I)cc1,8.7447
O=S(=O)(NC1CCN(CCOc2ccccc2C2CCCC2)CC1)c1cccc(F)c1,6.5186
CC(C)c1cccc(OCCN2C3CCC2CC(NS(=O)(=O)c2cccc(F)c2)C3)c1,5.8871
CC(C)c1cccc(OCCN2C3CCC2CC(NS(=O)(=O)c2ccc(F)cc2)C3)c1,5.8877
O=S(=O)(NC1CC2CCC(C1)N2CCOc1cccc(-c2ccccc2)c1)c1cccc(Cl)c1,5.9408
CC(C)c1ccccc1OCCN1CCC(NS(=O)(=O)c2cccc(F)c2)CC1,6.7496
COc1ccccc1N1CCN(CCCCCC(=O)n2c3ccccc3c3ccccc32)CC1.Cl,5.8979
COc1ccccc1N1CCN(CCCCC(=O)n2c3ccccc3c3ccccc32)CC1.Cl,6.3458
Cl.O=C(CCCCN1CCN(c2ccccc2O)CC1)n1c2ccccc2c2ccccc21,6.5901
COc1cc(F)c(F)cc1C1CC1CN.Cl,6.6908
Cl.NCC1CC1c1cc(F)c(F)cc1OCCF,6.4412
C=CCOc1cc(F)c(F)cc1C1CC1CN.Cl,6.0802
COc1ccc(F)c(F)c1C1CC1CN.Cl,6.3498
Cl.NCC1CC1c1c(OCCF)ccc(F)c1F,5.6311
COc1cc(F)c(Cl)cc1C1CC1CN.Cl,6.8600
Cl.NCC1CC1c1cc(Cl)c(F)cc1OCCF,6.1872
COc1ccc(Cl)c(F)c1C1CC1CN.Cl,6.9206
Cl.NCC1CC1c1c(OCCF)ccc(Cl)c1F,6.0298
C=CCOc1ccc(Cl)c(F)c1C1CC1CN.Cl,5.9681
COc1cc(Cl)c(Cl)cc1C1CC1CN.Cl,7.3768
Cl.NCC1CC1c1cc(Cl)c(Cl)cc1OCCF,7.0331
C=CCOc1cc(Cl)c(Cl)cc1C1CC1CN.Cl,6.7786
COc1ccc(Cl)c(Cl)c1C1CC1CN.Cl,7.1201
Cl.NCC1CC1c1c(OCCF)ccc(Cl)c1Cl,6.0214
C=CCOc1ccc(Cl)c(Cl)c1C1CC1CN.Cl,6.3703
COc1ccc(F)c(Cl)c1C1CC1CN.Cl,6.5170
Cl.NCC1CC1c1c(OCCF)ccc(F)c1Cl,6.0990
CC1(C)N=C(N)N=C(Nc2cccc(Br)c2)N1,6.1062
CCOC(=O)c1cccc(NC2=NC(N)=NC3(CCCCC3)N2)c1,6.7595
CCOC(=O)c1cccc(NC2=NC(N(C)C)=NC3(CCCCC3)N2)c1,5.8122
NC1=NC2(CCCCC2)NC(Nc2cccc(Br)c2)=N1,6.6757
CCNC(=O)c1cccc(NC2=NC(N)=NC3(CCCCC3)N2)c1,5.8817
CNC(=O)c1ccc2[nH]nc(Cc3ccc4c(cnn4C)c3)c2c1,6.6198
CNC(=O)c1cc(OCCCCN2CCC(c3noc4cc(F)ccc34)CC2)ccc1F,7.8239
CNC(=O)c1cccc(OCCCCN2CCC(c3noc4cc(F)ccc34)CC2)c1,7.3372
CNC(=O)c1ccc(OCCCCN2CCN(c3cccc(Cl)c3Cl)CC2)cc1,6.0862
CNC(=O)c1ccccc1OCCCCN1CCN(c2cccc(Cl)c2Cl)CC1,5.6576
CC(=O)Nc1cccc(OCCCCN2CCN(c3cccc(Cl)c3Cl)CC2)c1,5.9788
CNC(=O)c1cccc(OCCCCN2CCN(c3nsc4ccccc34)CC2)c1,6.7447
CNC(=O)c1cc(OCCCCN2CCN(c3nsc4ccccc34)CC2)ccc1F,7.4559
CNC(=O)c1cccc(OCCCCN2CCN(c3cccc4sccc34)CC2)c1,6.6655
CNC(=O)c1cc(OCCCCN2CCN(c3cccc4sccc34)CC2)ccc1F,7.0969
CNC(=O)c1cc(OCCCCN2CCN(c3cccc4c3OC(F)(F)O4)CC2)ccc1F,5.7212
CNC(=O)c1cccc(OCCCCN2CCN(c3cccc(Cl)c3Cl)CC2)c1,5.9586
NC(=O)c1cccc(OCCCCN2CCN(c3cccc(Cl)c3Cl)CC2)c1,5.9586
CCNC(=O)c1cccc(OCCCCN2CCN(c3cccc(Cl)c3Cl)CC2)c1,6.1739
CCCCCNC(=O)c1cccc(OCCCCN2CCN(c3cccc(Cl)c3Cl)CC2)c1,5.9586
CNC(=O)c1cc(OCCCCN2CCN(c3cccc(Cl)c3Cl)CC2)ccc1C,6.3372
CNC(=O)c1cc(OCCCCN2CCN(c3cccc(Cl)c3Cl)CC2)ccc1F,6.4437
CNC(=O)c1cccc(OCCCCN2CCN(c3cccc(Cl)c3Cl)CC2)c1C,6.0655
CNC(=O)c1ccc(OC)c(OCCCCN2CCN(c3cccc(Cl)c3Cl)CC2)c1,6.0757
CNC(=O)c1cc(OCCCCN2CCN(c3cccc(Cl)c3Cl)CC2)ccc1Cl,6.4685
CNC(=O)c1cc(C)cc(OCCCCN2CCN(c3cccc(Cl)c3Cl)CC2)c1,5.8539
CNC(=O)c1cc(OCCCCN2CCN(c3cccc(Cl)c3Cl)CC2)cc(C(C)=O)c1,6.3063
CNC(=O)c1ccc(Cl)c(OCCCCN2CCN(c3cccc(Cl)c3Cl)CC2)c1,5.8601
CNC(=O)c1cc(F)cc(OCCCCN2CCN(c3cccc(Cl)c3Cl)CC2)c1,5.8794
CNC(=O)c1cccc(OCCCCN2CCN(c3cccc(Cl)c3Cl)CC2)c1OC,6.1427
CNC(=O)c1cccc(OCCCCN2CCN(c3cccc(Cl)c3Cl)CC2)c1F,7.5186
COc1ccc(CCN(CCCc2ccc(F)cc2)CCc2ccc3c(c2)OCO3)cc1OC,6.7328
COc1ccc(CCN(CCCc2ccc(Cl)cc2)CCc2ccc3c(c2)OCO3)cc1OC,6.4377
COc1ccc(CCN(CCCc2ccc(Br)cc2)CCc2ccc3c(c2)OCO3)cc1OC,6.6556
COc1ccc(CCN(CCCc2ccc(I)cc2)CCc2ccc3c(c2)OCO3)cc1OC,6.5406
COc1ccc(CCN(CCCc2cccc(F)c2)CCc2ccc3c(c2)OCO3)cc1OC,6.7328
COc1ccc(CCN(CCCc2cccc(Cl)c2)CCc2ccc3c(c2)OCO3)cc1OC,6.9031
COc1ccc(CCN(CCCc2cccc(Br)c2)CCc2ccc3c(c2)OCO3)cc1OC,6.9872
COc1ccc(CCN(CCCc2cccc(I)c2)CCc2ccc3c(c2)OCO3)cc1OC,6.7721
COc1ccc(CCN(CCCc2ccccc2F)CCc2ccc3c(c2)OCO3)cc1OC,7.1871
COc1ccc(CCN(CCCc2ccccc2Cl)CCc2ccc3c(c2)OCO3)cc1OC,7.3665
COc1ccc(CCN(CCCc2ccccc2Br)CCc2ccc3c(c2)OCO3)cc1OC,7.2676
COc1ccc(CCN(CCCc2ccccc2I)CCc2ccc3c(c2)OCO3)cc1OC,7.1249
c1ccc2c(c1)CCN(CCCCc1c[nH]c3ccccc13)C2,6.0317
Cl.Fc1ccc2c(c1)CC(CCN1CCc3ccccc3C1)C2,6.2819
Cl.Fc1ccc(CCCCN2CCc3ccccc3C2)cc1,6.1391
Cl.Fc1ccc(OCCCN2CCc3ccccc3C2)cc1,6.4921
Cl.Fc1ccc(SCCCN2CCc3ccccc3C2)cc1,6.4645
Cl.[O-][S+](CCCN1CCc2ccccc2C1)c1ccc(F)cc1,5.7499
O=C(CCCN1CCc2ccccc2C1)c1ccc(F)cc1,7.8539
O=C(CCCN1CCc2ccccc2C1)c1ccccc1,8.4095
N#Cc1ccc(C(=O)CCCN2CCc3ccccc3C2)cc1,7.6391
NC(=O)c1ccc(C(=O)CCCN2CCc3ccccc3C2)cc1,6.3918
COc1ccc(C(=O)CCCN2CCc3ccccc3C2)cc1,5.5969
O=C(CCCN1CCc2ccccc2C1)c1ccc(O)cc1,6.1050
O=C1NCN(c2ccccc2)C12CCN(CCCCc1nc3cc(Cl)ccc3s1)CC2,5.8748
O=C1NCN(c2ccccc2)C12CCN(CCCCc1c[nH]c3ccccc13)CC2,6.0089
O=c1[nH]c2cc(Cl)ccc2n1C1CCN(CCCCc2nc3ccccc3o2)CC1,5.4698
Fc1ccc(C(c2ccc(F)cc2)N2CCN(CCCCc3nc4ccccc4s3)CC2)cc1,6.2824
O=C(CCCCN1CCN(C(c2ccc(F)cc2)c2ccc(F)cc2)CC1)c1nc2ccccc2s1,5.9679
Cl.OC1(c2ccc(Cl)cc2)CCN(CCCc2nc3ccccc3s2)CC1,6.7773
OC1(c2ccc(Cl)cc2)CCN(CCCCc2nc3ccccc3o2)CC1,5.2240
O=C(CCCN1CCC(n2c(=O)[nH]c3ccccc32)CC1)c1ccc(F)cc1,8.9208
Cc1sc2ccccc2c1[C@@H]1C=CN=CN1,6.4486
C[C@H](N)CC#Cc1ccccc1,5.3054
CC(N)C/C=C/c1ccccc1,5.2503
CC(N)C/C=C\c1ccccc1,5.7305
C[C@H](N)C/C=C\c1ccccc1,5.7959
CC(N)Cc1ccc2ccccc2c1,6.3316
Br.c1ccc2c(c1)CCN(CCCc1nc3ccccc3s1)C2,5.6890
Cl.Clc1cccc2c1CN(CCCCc1nc3ccccc3s1)CC2,6.5942
Cl.Clc1ccc2sc(CCCCN3CCc4ccccc4C3)nc2c1,6.1768
Cl.Clc1ccc2sc(CCCCN3CCc4c(Cl)cccc4C3)nc2c1,6.3080
Cl.Clc1ccc2sc(CCCCN3CCC4CCCCC4C3)nc2c1,5.9208
COc1cc2c(cc1OC)CN(CCCCc1nc3cc(Cl)ccc3s1)CC2.Cl,6.1879
C1=C(CCN2CCc3ccccc3C2)Cc2ccccc21,5.7294
C1=C(CCN2CCc3ccccc3C2)CCc2ccccc21,6.0105
Cl.O=C(CCCN1CCCc2ccccc2C1)c1ccc(Cl)cc1,6.9204
Cl.O=C(CCCN1CCc2ccccc2CC1)c1ccc(Cl)cc1,6.5506
O=C1Cc2cc(C(=O)CCCN3CCc4ccccc4C3)ccc2N1,5.9903
O=C1c2ccc(F)cc2CC1CCN1CCc2ccccc2C1,5.9197
Cl.O=C1c2ccccc2CC1CCN1CCc2ccccc2C1,6.4075
Cl.O=C1c2ccc(Cl)cc2CC1CCN1CCc2ccccc2C1,6.1130
CCCc1cccc2c1CCC1CNCCN21,7.2500
c1cc(CC2CCC2)c2c(c1)N1CCNCC1CC2,6.9000
c1ccc(Cc2cccc3c2CCC2CNCCN32)cc1,7.8500
Fc1ccc2c(c1Cc1ccccc1)CCC1CNCCN21,8.1000
c1csc(Cc2cccc3c2CCC2CNCCN32)c1,7.3500
c1cc(Cc2ccc3c(c2)OCO3)c2c(c1)N1CCNCC1CC2,7.7500
CC1(C)Cc2cccc(Cl)c2N2CCNCC21,5.7000
N[C@H]1CC[C@H](CCN2CCN(c3nsc4ccccc34)CC2)CC1,9.6778
CN(C)C(=O)N[C@H]1CC[C@H](CCN2CCN(c3nsc4ccccc34)CC2)CC1,9.2218
CC(C)N(C(=O)N[C@H]1CC[C@H](CCN2CCN(c3nsc4ccccc34)CC2)CC1)C(C)C,9.4202
CCN(C)C(=O)N[C@H]1CC[C@H](CCN2CCN(c3nsc4ccccc34)CC2)CC1,9.3010
O=C(N[C@H]1CC[C@H](CCN2CCN(c3nsc4ccccc34)CC2)CC1)N1CCOCC1,8.4949
O=C(NCc1ccccc1)N[C@H]1CC[C@H](CCN2CCN(c3nsc4ccccc34)CC2)CC1,9.0410
O=C(Nc1ccccc1)N[C@H]1CC[C@H](CCN2CCN(c3nsc4ccccc34)CC2)CC1,9.3794
O=C(Nc1cccnc1)N[C@H]1CC[C@H](CCN2CCN(c3nsc4ccccc34)CC2)CC1,9.5818
CN(C(=O)N[C@H]1CC[C@H](CCN2CCN(c3nsc4ccccc34)CC2)CC1)c1ccccc1,9.0415
CCOC(=O)N[C@H]1CC[C@H](CCN2CCN(c3nsc4ccccc34)CC2)CC1,9.2757
COCC(=O)N[C@H]1CC[C@H](CCN2CCN(c3nsc4ccccc34)CC2)CC1,9.6198
CC(=O)N[C@H]1CC[C@H](CCN2CCN(c3nsc4ccccc34)CC2)CC1,8.2366
CCC(=O)N[C@H]1CC[C@H](CCN2CCN(c3nsc4ccccc34)CC2)CC1,8.9586
CCCC(=O)N[C@H]1CC[C@H](CCN2CCN(c3nsc4ccccc34)CC2)CC1,9.0605
O=C(N[C@H]1CC[C@H](CCN2CCN(c3nsc4ccccc34)CC2)CC1)C(F)(F)F,9.2007
CS(=O)(=O)N[C@H]1CC[C@H](CCN2CCN(c3nsc4ccccc34)CC2)CC1,9.5528
CCCS(=O)(=O)N[C@H]1CC[C@H](CCN2CCN(c3nsc4ccccc34)CC2)CC1,9.4685
O=C(N[C@H]1CC[C@H](CCN2CCN(c3nsc4ccccc34)CC2)CC1)C1CCCCC1,9.4437
O=C(N[C@H]1CC[C@H](CCN2CCN(c3nsc4ccccc34)CC2)CC1)C1CC1,9.4559
O=C(N[C@H]1CC[C@H](CCN2CCN(c3nsc4ccccc34)CC2)CC1)c1ccccc1,9.6198
Cc1ccc(S(=O)(=O)N[C@H]2CC[C@H](CCN3CCN(c4nsc5ccccc45)CC3)CC2)cc1,9.5850
O=C(N[C@H]1CC[C@H](CCN2CCN(c3nsc4ccccc34)CC2)CC1)c1ccco1,9.6383
O=C(N[C@H]1CC[C@H](CCN2CCN(c3nsc4ccccc34)CC2)CC1)c1cccs1,9.8239
O=C(N[C@H]1CC[C@H](CCN2CCN(c3nsc4ccccc34)CC2)CC1)c1ccc[nH]1,9.5376
O=C(N[C@H]1CC[C@H](CCN2CCN(c3nsc4ccccc34)CC2)CC1)c1cccnc1,9.5376
O=S(=O)(N[C@H]1CC[C@H](CCN2CCN(c3nsc4ccccc34)CC2)CC1)c1cccs1,9.5229
CN([C@H]1CC[C@H](CCN2CCN(c3nsc4ccccc34)CC2)CC1)S(=O)(=O)c1cccs1,8.9208
O=S(=O)(N[C@H]1CC[C@H](CCN2CCN(c3nsc4ccccc34)CC2)CC1)c1cccnc1,8.0915
O=C(N[C@H]1CC[C@H](CCN2CCN(c3nsc4ccccc34)CC2)CC1)c1cc2ccccc2[nH]1,9.1938
O=C(c1ccco1)N1CCC(CCN2CCN(c3nsc4ccccc34)CC2)CC1,8.6576
CCOC(=O)N1CCC(CCN2CCN(c3nsc4ccccc34)CC2)CC1,8.4815
O=C(N[C@H]1CC[C@@H](CCN2CCN(c3nsc4ccccc34)CC2)CC1)c1ccco1,9.0088
CCOC(=O)N[C@H]1CC[C@@H](CCN2CCN(c3nsc4ccccc34)CC2)CC1,9.3977
O=C(NC[C@H]1CC[C@H](CN2CCN(c3nsc4ccccc34)CC2)CC1)c1ccco1,7.7959
O=C(NC[C@H]1CC[C@H](CN2CCN(c3nsc4cc(Cl)ccc34)CC2)CC1)c1ccco1,9.4949
O=C(N[C@H]1CC[C@H](CCN2CCN(c3nsc4cc([N+](=O)[O-])ccc34)CC2)CC1)c1ccco1,8.7447
Nc1ccc2c(N3CCN(CC[C@H]4CC[C@H](NC(=O)c5ccco5)CC4)CC3)nsc2c1,8.3665
CS(=O)(=O)O.CSc1ccc2c(c1)C(N1CCN(C)CC1)Cc1ccccc1S2,7.2518
CCCN[C@H]1CCc2nc(N)sc2C1,5.9300
CCCN(CCC)CCc1cccc2c1CC(=O)N2,6.8500
CC(C)COc1ccc(CN(Cc2ccc(F)cc2)C(=O)NC2CCN(C)CC2)cc1,9.1000
Cn1nccc1-c1cc(NC(=O)C(=O)c2ccc(F)cc2)ccc1OCCN,10.6021
Cn1ncc(Cl)c1-c1cc(NC(=O)C2CCC(C(F)(F)F)CC2)ccc1OCCN,9.5850
Cn1ncc(Cl)c1-c1cc(NC(=O)c2ccc(F)c(C(F)(F)F)c2)ccc1OCCN,9.0000
Cn1ncc(Cl)c1-c1cc(NC(=O)C(=O)c2cc(Br)cs2)ccc1OCCN,8.9208
Cn1nccc1-c1cc(NC(=O)c2ccno2)ccc1OCCN,7.0410
COCCNCCOc1ccc(NC(=O)c2cccc(C(F)(F)F)c2)cc1-c1c(Cl)cnn1C,10.0862
COc1cccc(C(=O)Nc2ccc(OCCO)c(-c3c(Cl)cnn3C)c2)c1,9.2924
COCCOc1ccc(NC(=O)c2cccc(C(F)(F)F)c2)cc1-c1ccnn1C,8.3565
COCCNC(=O)COc1ccc(NC(=O)c2cccc(C(F)(F)F)c2)cc1-c1c(Cl)cnn1C,7.2840
CC(=O)N[C@H]1CC[C@H](CCN2CCC(c3noc4cc(F)ccc34)CC2)CC1,8.6529
O=C(N[C@H]1CC[C@H](CCN2CCC(c3noc4cc(F)ccc34)CC2)CC1)C1CCOCC1,8.7597
COCCC(=O)N[C@H]1CC[C@H](CCN2CCC(c3noc4cc(F)ccc34)CC2)CC1,8.7426
O=C(N[C@H]1CC[C@H](CCN2CCC(c3noc4cc(F)ccc34)CC2)CC1)c1ccc(N2CCOCC2)cc1,8.0214
O=C(N[C@H]1CC[C@H](CCN2CCC(c3noc4cc(F)ccc34)CC2)CC1)c1ccc(N2CCOCC2)nc1,8.5685
O=C(N[C@H]1CC[C@H](CCN2CCC(c3noc4cc(F)ccc34)CC2)CC1)c1cnc(N2CCOCC2)cn1,8.4191
O=C(N[C@H]1CC[C@H](CCN2CCC(c3noc4cc(F)ccc34)CC2)CC1)c1ccc(N2CCOCC2)nn1,8.4974
O=C(N[C@H]1CC[C@H](CCN2CCC(c3noc4cc(F)ccc34)CC2)CC1)c1cnc(N2CCOCC2)nc1,8.6103
O=C(N[C@H]1CC[C@H](CCN2CCC(c3noc4cc(F)ccc34)CC2)CC1)c1ccc(N2CCOCC2)c(F)c1,7.7580
CN(C)c1ccc(C(=O)N[C@H]2CC[C@H](CCN3CCC(c4noc5cc(F)ccc45)CC3)CC2)cc1,7.9439
O=C(Cc1ccc2c(c1)OCO2)N[C@H]1CC[C@H](CCN2CCC(c3noc4cc(F)ccc34)CC2)CC1,8.6805
COc1ccc(C(=O)N[C@H]2CC[C@H](CCN3CCC(c4noc5cc(F)ccc45)CC3)CC2)cc1,8.4372
CC(C)(C)Oc1ccc(C(=O)N[C@H]2CC[C@H](CCN3CCC(c4noc5cc(F)ccc45)CC3)CC2)cc1,8.7635
O=C(N[C@H]1CC[C@H](CCN2CCC(c3noc4cc(F)ccc34)CC2)CC1)c1ccc(Cl)cc1,8.5741
O=C(N[C@H]1CC[C@H](CCN2CCC(c3noc4cc(F)ccc34)CC2)CC1)c1ccc(N2CCS(=O)(=O)CC2)cc1,8.6050
O=C(N[C@H]1CC[C@H](CCN2CCC(c3noc4cc(F)ccc34)CC2)CC1)c1ccnc(N2CCOCC2)c1,8.6092
COc1cc(C(=O)N[C@H]2CC[C@H](CCN3CCC(c4noc5cc(F)ccc45)CC3)CC2)ccn1,8.7897
O=C(N[C@H]1CC[C@H](CCN2CCC(c3noc4cc(F)ccc34)CC2)CC1)c1ccc(N2CCCCC2)cc1,8.5854
O=C(N[C@H]1CC[C@H](CCN2CCC(c3noc4cc(F)ccc34)CC2)CC1)C1COc2ccccc2O1,8.5901
Cc1ccn(CC(=O)N[C@H]2CC[C@H](CCN3CCC(c4noc5cc(F)ccc45)CC3)CC2)n1,8.5536
O=C(N[C@H]1CC[C@H](CCN2CCC(c3noc4cc(F)ccc34)CC2)CC1)c1ccc(-n2cccc2)cc1,8.6108
O=C(N[C@H]1CC[C@H](CCN2CCC(c3noc4cc(F)ccc34)CC2)CC1)C1(O)CC1,8.8404
O=C(N[C@H]1CC[C@H](CCN2CCC(c3noc4cc(F)ccc34)CC2)CC1)C1(C(F)(F)F)CCC1,8.6465
O=C(CC(F)(F)F)N[C@H]1CC[C@H](CCN2CCC(c3noc4cc(F)ccc34)CC2)CC1,8.5556
COc1cc(CC(=O)N[C@H]2CC[C@H](CCN3CCC(c4noc5cc(F)ccc45)CC3)CC2)cc(OC)c1,8.5297
CC1CN(c2ccc(C(=O)N[C@H]3CC[C@H](CCN4CCC(c5noc6cc(F)ccc56)CC4)CC3)cc2)CC(C)O1,7.6733
O=C(N[C@H]1CC[C@H](CCN2CCC(c3noc4cc(F)ccc34)CC2)CC1)c1ccc2c(c1)OCO2,8.7660
CC(=O)N[C@H]1CC[C@H](CCN2CCC(c3noc4ccc(F)cc34)CC2)CC1,7.3291
O=C(N[C@H]1CC[C@H](CCN2CCC(c3noc4ccc(F)cc34)CC2)CC1)c1ccc(N2CCOCC2)cc1,7.6513
COCCC(=O)N[C@H]1CC[C@H](CCN2CCC(c3noc4ccc(F)cc34)CC2)CC1,7.4324
O=C(N[C@H]1CC[C@H](CCN2CCC(c3noc4ccc(F)cc34)CC2)CC1)c1ccc(N2CCCCC2)cc1,8.1547
CC1CN(c2ccc(C(=O)N[C@H]3CC[C@H](CCN4CCC(c5noc6ccc(F)cc56)CC4)CC3)cc2)CC(C)O1,7.0038
O=C(N[C@H]1CC[C@H](CCN2CCC(c3noc4ccc(F)cc34)CC2)CC1)c1ccc(N2CCS(=O)(=O)CC2)cc1,7.9083
O=C(N[C@H]1CC[C@H](CCN2CCC(c3noc4ccc(F)cc34)CC2)CC1)c1ccc2c(c1)OCO2,7.9500
COCCC(=O)N[C@H]1CC[C@H](CCN2CCC(c3noc4cc(Cl)ccc34)CC2)CC1,7.7812
O=C(N[C@H]1CC[C@H](CCN2CCC(c3noc4cc(Cl)ccc34)CC2)CC1)C(O)C(F)(F)F,7.6602
O=C(CC1CCCCO1)N[C@H]1CC[C@H](CCN2CCC(c3noc4cc(Cl)ccc34)CC2)CC1,8.2344
O=C(C[C@@H]1CCCCO1)N[C@H]1CC[C@H](CCN2CCC(c3noc4cc(Cl)ccc34)CC2)CC1,7.8639
O=C(C[C@H]1CCCCO1)N[C@H]1CC[C@H](CCN2CCC(c3noc4cc(Cl)ccc34)CC2)CC1,7.8153
CO[C@@H]1CC[C@@H](CC(=O)N[C@H]2CC[C@H](CCN3CCC(c4noc5cc(Cl)ccc45)CC3)CC2)OC1,8.0161
O=C(CC1CCC2(CC1)OCCO2)N[C@H]1CC[C@H](CCN2CCC(c3noc4cc(Cl)ccc34)CC2)CC1,8.0804
COC(CC(=O)N[C@H]1CC[C@H](CCN2CCC(c3noc4cc(Cl)ccc34)CC2)CC1)OC,7.8649
O=C(CC1CCCO1)N[C@H]1CC[C@H](CCN2CCC(c3noc4cc(Cl)ccc34)CC2)CC1,7.8861
C[C@@H](O)CC(=O)N[C@H]1CC[C@H](CCN2CCC(c3noc4cc(Cl)ccc34)CC2)CC1,7.8861
CC1(C)OC[C@H](CC(=O)N[C@H]2CC[C@H](CCN3CCC(c4noc5cc(Cl)ccc45)CC3)CC2)O1,7.6021
CO[C@H]1CC[C@H](CC(=O)N[C@H]2CC[C@H](CCN3CCC(c4noc5cc(Cl)ccc45)CC3)CC2)C1,7.8539
COC1(C)CCC(CC(=O)N[C@H]2CC[C@H](CCN3CCC(c4noc5cc(Cl)ccc45)CC3)CC2)CC1,7.7212
CO[C@]1(C)CC[C@@H](CC(=O)N[C@H]2CC[C@H](CCN3CCC(c4noc5cc(Cl)ccc45)CC3)CC2)CC1,7.7959
CO[C@]1(C)CC[C@H](CC(=O)N[C@H]2CC[C@H](CCN3CCC(c4noc5cc(Cl)ccc45)CC3)CC2)CC1,7.8539
COC(C)CC(=O)N[C@H]1CC[C@H](CCN2CCC(c3noc4cc(Cl)ccc34)CC2)CC1,7.8861
CO[C@H](C)CC(=O)N[C@H]1CC[C@H](CCN2CCC(c3noc4cc(Cl)ccc34)CC2)CC1,7.7959
CO[C@@H](C)CC(=O)N[C@H]1CC[C@H](CCN2CCC(c3noc4cc(Cl)ccc34)CC2)CC1,7.7959
COC[C@H]1CC[C@H](CC(=O)N[C@H]2CC[C@H](CCN3CCC(c4noc5cc(Cl)ccc45)CC3)CC2)CC1,7.7212
CC1(O)CCC(CC(=O)N[C@H]2CC[C@H](CCN3CCC(c4noc5cc(Cl)ccc45)CC3)CC2)CC1,7.8239
CC(=O)N[C@H]1CC[C@H](CCN2CCC(c3noc4cc(Cl)ccc34)CC2)CC1,7.6243
CCS(=O)(=O)N[C@H]1CC[C@H](CCN2CCC(c3noc4cc(F)ccc34)CC2)CC1,8.7788
O=S(=O)(N[C@H]1CC[C@H](CCN2CCC(c3noc4cc(F)ccc34)CC2)CC1)c1ccc(Cl)cc1,8.2897
COc1ccc(S(=O)(=O)N[C@H]2CC[C@H](CCN3CCC(c4noc5cc(F)ccc45)CC3)CC2)cc1,8.3571
O=S(=O)(N[C@H]1CC[C@H](CCN2CCC(c3noc4cc(F)ccc34)CC2)CC1)c1cccnc1,8.6062
N#CCCC(=O)N[C@H]1CC[C@H](CCN2CCC(c3noc4cc(Cl)ccc34)CC2)CC1,7.6243
N#CCC(=O)N[C@H]1CC[C@H](CCN2CCC(c3noc4cc(Cl)ccc34)CC2)CC1,7.8074
O=C(C[C@H]1CCCO1)N[C@H]1CC[C@H](CCN2CCC(c3noc4cc(Cl)ccc34)CC2)CC1,8.2081
O=C(CC1CC1)N[C@H]1CC[C@H](CCN2CCC(c3noc4cc(Cl)ccc34)CC2)CC1,7.8831
O=C(CO)N[C@H]1CC[C@H](CCN2CCC(c3noc4cc(Cl)ccc34)CC2)CC1,7.8242
CS(=O)(=O)CC(=O)N[C@H]1CC[C@H](CCN2CCC(c3noc4cc(Cl)ccc34)CC2)CC1,7.8176
O=C(CC1OCCCO1)N[C@H]1CC[C@H](CCN2CCC(c3noc4cc(Cl)ccc34)CC2)CC1,7.7540
CO[C@H]1CC[C@H](CC(=O)N[C@H]2CC[C@H](CCN3CCC(c4noc5ccc(Cl)cc45)CC3)CC2)CC1,7.6078
CS(=O)(=O)N[C@H]1CC[C@H](CCN2CCC(c3noc4ccc(F)cc34)CC2)CC1,7.5610
COCCC(=O)N[C@H]1CC[C@H](CCN2CCC(c3noc4cc(Cl)c(F)cc34)CC2)CC1,7.3568
O=C(CC1CCCO1)N[C@H]1CC[C@H](CCN2CCC(c3noc4cc(Cl)c(F)cc34)CC2)CC1,7.5086
COCC(=O)N[C@H]1CC[C@H](CCN2CCC(c3noc4cc(F)c(F)cc34)CC2)CC1,7.9780
CO[C@@H]1CC[C@@H](CC(=O)N[C@H]2CC[C@H](CCN3CCC(c4noc5cc(F)c(F)cc45)CC3)CC2)C1,7.8791
CO[C@H]1CC[C@H](CC(=O)N[C@H]2CC[C@H](CCN3CCC(c4noc5cc(F)c(F)cc45)CC3)CC2)CC1,8.1152
COCCC(=O)N[C@H]1CC[C@H](CCN2CCC(c3noc4cc(F)c(F)cc34)CC2)CC1,7.8887
CC(=O)N[C@H]1CC[C@H](CCN2CCC(c3noc4cc(F)c(F)cc34)CC2)CC1,7.7510
O=C(CO)N[C@H]1CC[C@H](CCN2CCC(c3noc4cc(F)c(F)cc34)CC2)CC1,7.9289
O=C(CCO)N[C@H]1CC[C@H](CCN2CCC(c3noc4cc(F)c(F)cc34)CC2)CC1,7.6057
O=C(C[C@H]1CC[C@H](O)CC1)N[C@H]1CC[C@H](CCN2CCC(c3noc4cc(F)c(F)cc34)CC2)CC1,8.1052
O=C(C[C@@H]1CC[C@@H](O)C1)N[C@H]1CC[C@H](CCN2CCC(c3noc4cc(F)c(F)cc34)CC2)CC1,7.9416
O=C(N[C@H]1CC[C@H](CCN2CCC(c3noc4cc(F)c(F)cc34)CC2)CC1)C1CCOCC1,8.1046
O=C(CC1OCCCO1)N[C@H]1CC[C@H](CCN2CCC(c3noc4cc(F)c(F)cc34)CC2)CC1,8.0271
CC(=O)N[C@H]1CC[C@H](CCN2CCC(c3noc4cc(C)ccc34)CC2)CC1,7.7757
O=C1CCc2ccc(OCCCCN3CCCN(c4cccc(Cl)c4Cl)CC3)nc2N1,8.1308
Cn1cc(Cl)c(C(=O)N2CCN(CCc3ccccc3F)CC2)n1,7.4437
Cc1[nH]nc(C(=O)N2CCN(CC(=O)c3ccc(F)cc3)CC2)c1F,7.9586
Cn1nc(C(=O)N2CCN(CC(=O)c3ccc(F)cc3)CC2)cc1-c1ccco1,8.3188
Cc1ccc2c(c1)Oc1sc(Cl)cc1C(N1CCN(CC(C)(C)C(=O)O)CC1)=N2,8.3133
CCN(CC)CC1=Cc2cn(S(=O)(=O)c3ccccc3)c3cccc(c23)O1,5.7688
CN(C)CC1=Cc2cn(S(=O)(=O)c3cccc4ccccc34)c3cccc(c23)O1,6.3107
CN(C)CC1=CC2=CN(S(=O)(=O)c3ccccc3)C3=CC=CC(O1)C23,7.1871
O=C1COc2ccccc2N1CCCN1CCN(c2cccc(Cl)c2Cl)CC1,7.1202
COc1ccccc1N1CCN(CCCN2C(=O)COc3ccccc32)CC1,6.5603
O=C1COc2ccccc2N1CCCN1CCN(c2nsc3ccccc23)CC1,8.2383
O=C1COc2ccccc2N1CCCN1CCC(c2noc3cc(F)ccc23)CC1,8.5693
O=C1COc2ccccc2N1CCCN1CCN(c2cccc3[nH]c(=O)oc23)CC1,6.2478
O=C(Cc1ccccc1)NC1CCN(CCCN2C(=O)COc3ccccc32)CC1,5.9811
COc1cc(CC(C)N(C)C)c(OC)cc1Br,7.0259
CCCNC(C)Cc1cc(OC)c(Br)cc1OC,7.0531
O=C(CCCN1CCN(c2cccc(Cl)c2Cl)CC1)Nc1ccn2nccc2c1,8.3098
COc1ccccc1N1CCN(CCCC(=O)Nc2ccn3nccc3c2)CC1,6.5086
O=Cc1cnn2ccc(NC(=O)CCCN3CCN(c4cccc(Cl)c4Cl)CC3)cc12,8.2007
COc1ccccc1N1CCN(CCCC(=O)Nc2ccn3ncc(C=O)c3c2)CC1,6.5229
O=C(CCCN1CCN(c2cccc(Cl)c2Cl)CC1)Nc1ccn2ncc(/C=N\O)c2c1,8.5850
COc1ccccc1N1CCN(CCCC(=O)Nc2ccn3ncc(/C=N\O)c3c2)CC1,6.9208
N#Cc1cnn2ccc(NC(=O)CCCN3CCN(c4cccc(Cl)c4Cl)CC3)cc12,8.2518
COc1ccccc1N1CCN(CCCC(=O)Nc2ccn3ncc(C#N)c3c2)CC1,6.4202
COc1ccccc1N1CCN(CCCCOc2ccc3ccnn3c2)CC1,6.6778
COc1ccccc1N1CCN(CCCCOc2ccn3nccc3c2)CC1,5.9586
CCOC(=O)c1cc2cc(OCCCCN3CCN(c4ccccc4OC)CC3)ccn2n1,7.1079
COc1ccccc1N1CCN(CCCCOc2ccn3nc(CO)cc3c2)CC1,6.6021
COc1ccccc1N1CCN(CCCCOc2ccn3nc(C=O)cc3c2)CC1,6.7447
COc1ccccc1N1CCN(CCCCOc2ccn3nc(/C=N/O)cc3c2)CC1,7.0269
COc1ccccc1N1CCN(CCCCOc2ccn3nc(C#N)cc3c2)CC1,6.3872
CCCN(CCCCOc1ccc2ccnn2c1)[C@H]1CCc2c(O)cccc2C1,5.6990
CCCN(CCCCOc1ccc2ccnn2c1)[C@@H]1CCc2c(O)cccc2C1,5.9586
CCCN(CCCCOc1ccn2nccc2c1)[C@H]1CCc2c(O)cccc2C1,5.9208
CCCN(CCCCOc1ccn2nccc2c1)[C@@H]1CCc2c(O)cccc2C1,5.7959
COc1ccccc1N1CCN(CCCCOc2ccc3c(C=O)cnn3c2)CC1,5.8239
COc1ccccc1N1CCN(CCCCOc2ccn3ncc(C=O)c3c2)CC1,6.4559
CCCN(CCCCOc1ccc2c(C=O)cnn2c1)[C@H]1CCc2c(O)cccc2C1,5.6383
CCCN(CCCCOc1ccn2ncc(C=O)c2c1)[C@H]1CCc2c(O)cccc2C1,5.6576
COc1ccccc1N1CCN(CCCCOc2ccc3c(/C=N/O)cnn3c2)CC1,7.0000
COc1ccccc1N1CCN(CCCCOc2ccn3ncc(/C=N/O)c3c2)CC1,7.0205
CCCN(CCCCOc1ccc2c(/C=N/O)cnn2c1)[C@H]1CCc2c(O)cccc2C1,6.0555
CCCN(CCCCOc1ccn2ncc(/C=N\O)c2c1)[C@H]1CCc2c(O)cccc2C1,5.7959
COc1ccccc1N1CCN(CCCCOc2ccn3ncc(C#N)c3c2)CC1,6.9586
Cn1nc(-c2cccc3ccccc23)cc1C(=O)N1CCC(CO)CC1,7.1249
Cn1ccnc1-c1cc(-c2cccc3ccccc23)nn1C,7.0315
CCn1nc(-c2cccc3ccccc23)cc1-c1cccnn1,6.0535
CCn1nc(-c2cccc3cccnc23)cc1-c1cccnn1,6.8210
CCn1nc(-c2cccc3cccnc23)cc1-c1ccc(N)nn1,6.1972
COc1ccc(F)cc1C1CC1CNCc1cccc2cccnc12.Cl,6.3386
COc1ccc(F)cc1C1CC1CNCc1cccc2ccsc12.Cl,5.6518
COc1ccc(F)cc1C1CC1CNCc1cccnc1OC,5.8897
COc1ccc(F)cc1C1CC1CNCc1sccc1OC.Cl,6.8299
COc1ccc(F)cc1[C@@H]1C[C@H]1CNCc1ccccc1Cl.Cl,5.5272
COc1ccc(F)cc1C1CC1CNCc1ccccc1C#N.Cl,6.1410
COc1ccc(F)cc1C1CC1CNCC1CC1.Cl,5.3703
COc1ccc(F)cc1C1CC1CNCc1ccsc1OC.Cl,6.3322
COc1ccc(F)cc1[C@H]1C[C@@H]1CNCc1ccccc1F.Cl,5.7279
COc1ccc(F)cc1C1CC1CNCc1ccccc1OCCF.Cl,6.4001
COc1ccc(F)cc1C1CC1CNC1(c2ccccc2OC)CC1.Cl,6.1819
COc1ccccc1C(C)NCC1CC1c1cc(F)ccc1OC.Cl,6.6217
COc1ccc(F)cc1C1CC1CNCc1ccccc1O.Cl,7.1118
CNC[C@H]1C[C@@H]1c1cc(F)ccc1OC.Cl,6.5685
COc1ccc(F)cc1[C@H]1C[C@@H]1CNCc1cccs1.Cl,6.3593
COc1ccccc1CN(C)CC1CC1c1cc(F)ccc1OC.Cl,5.5976
COc1cccc(CNC[C@H]2C[C@@H]2c2cc(F)ccc2OC)c1.Cl,5.4309
COc1ccc(F)cc1[C@@H]1C[C@H]1CNCc1cccs1.Cl,6.1707
COc1cccc(CNC[C@@H]2C[C@H]2c2cc(F)ccc2OC)c1.Cl,5.1675
COc1ccccc1CCNCC1CC1c1cc(F)ccc1OC.Cl,6.5114
COc1ccccc1CNC[C@H]1C[C@@H]1c1cc(F)ccc1OC.Cl,6.8570
COc1ccc(F)cc1[C@H]1C[C@@H]1CNCc1ccccc1Cl.Cl,5.4511
COc1ccc(F)cc1C1CC1CNC1CC1.Cl,5.9613
COc1ccc(F)cc1[C@@H]1C[C@H]1CNCc1ccccc1F.Cl,5.7279
C=CCOc1ccc(F)cc1[C@H]1C[C@@H]1CNC.Cl,6.5483
COc1cscc1CNCC1CC1c1cc(F)ccc1OC.Cl,6.8393
COc1ccc(F)cc1C1CC1CNCc1ccccc1C(N)=O.Cl,5.8814
COc1ccccc1CNC[C@@H]1C[C@H]1c1cc(F)ccc1OC.Cl,7.1463
C=CCOc1ccc(F)cc1[C@H]1C[C@@H]1CNCc1ccccc1OC.Cl,7.5564
COc1ccccc1CNC[C@H]1C[C@@H]1c1cc(F)ccc1OCCF.Cl,7.6199
O=C1CCc2ccc(OCCCCN3CCN(c4ccc(O)c5[nH]c(=O)ccc45)CC3)cc2N1,5.6576
O=C1CCc2ccc(OCCCCN3CCN(c4ccc(O)c5c4OCC(=O)N5)CC3)cc2N1,6.3665
O=C1CCc2ccc(OCCCCN3CCN(c4ccc(O)c5c4OCCO5)CC3)cc2N1,6.7959
O=C1CCc2ccc(OCCCCN3CCN(c4ccc(O)c5ncccc45)CC3)cc2N1,7.4089
O=C1CCc2ccc(OCCCCN3CCCN(c4ccc(O)c5[nH]c(=O)ccc45)CC3)cc2N1,5.4685
O=C1CCc2ccc(OCCCCN3CCCN(c4ccc(O)c5oc(=O)ccc45)CC3)cc2N1,5.6383
O=C1CCc2ccc(OCCCCN3CCCN(c4ccc(O)c5c4OCC(=O)N5)CC3)cc2N1,5.6990
O=c1ccc2c(N3CCN(CCCCOc4ccn5nccc5c4)CC3)ccc(O)c2[nH]1,5.4437
O=c1ccc2c(N3CCN(CCCCOc4ccn5nccc5c4)CC3)ccc(O)c2o1,5.5528
O=C1COc2c(N3CCN(CCCCOc4ccn5nccc5c4)CC3)ccc(O)c2N1,5.8861
Oc1ccc(N2CCN(CCCCOc3ccn4nccc4c3)CC2)c2c1OCCO2,6.3188
Oc1ccc(N2CCN(CCCCOc3ccn4nccc4c3)CC2)c2cccnc12,6.6990
O=c1ccc2c(N3CCCN(CCCCOc4ccn5nccc5c4)CC3)ccc(O)c2[nH]1,5.0458
CCCCn1cc(CCCOc2ccc(C(=O)NCCCN3CCCN(c4ccc(O)c5[nH]c(=O)ccc45)CC3)cc2OC)nn1,5.3768
CCCCn1cc(CCCOc2ccc(C(=O)NCCCCN3CCCN(c4ccc(O)c5[nH]c(=O)ccc45)CC3)cc2OC)nn1,5.8239
Cc1cnc(CNc2nc(N)nc3ccn(Cc4ccccn4)c23)o1,6.1871
Cc1coc(CNc2nc(N)nc3ccn(Cc4ccccn4)c23)n1,5.6383
Cc1cc(CNc2nc(N)nc3ccn(Cc4ccccn4)c23)no1,5.2076
O=S(=O)(c1cccc2ncccc12)N1CCC(CCN2CCN(c3ccccc3)CC2)CC1,6.1898
O=S(=O)(c1cncc2ccccc12)N1CCC(CCN2CCN(c3ccccc3)CC2)CC1,6.3872
O=S(=O)(c1cccc2ncccc12)N1CCC(CCN2CCN(c3ccc(Cl)cc3)CC2)CC1,6.8182
O=S(=O)(c1cccc2ncccc12)N1CCC(CCN2CCN(c3ccc(F)cc3)CC2)CC1,6.8570
O=S(=O)(c1cncc2ccccc12)N1CCC(CCN2CCN(c3ccc(F)cc3)CC2)CC1,6.8069
O=S(=O)(c1cccc2ncccc12)N1CCC(CCN2CCN(c3cccc(Cl)c3)CC2)CC1,6.7055
O=S(=O)(c1cncc2ccccc12)N1CCC(CCN2CCN(c3cccc(Cl)c3)CC2)CC1,6.8041
O=S(=O)(c1cccc2ncccc12)N1CCC(CCN2CCN(c3cccc(F)c3)CC2)CC1,6.1772
O=S(=O)(c1cncc2ccccc12)N1CCC(CCN2CCN(c3cccc(F)c3)CC2)CC1,6.1605
O=S(=O)(c1cccc2ncccc12)N1CCC(CCN2CCN(c3cccc(C(F)(F)F)c3)CC2)CC1,6.2757
O=S(=O)(c1cncc2ccccc12)N1CCC(CCN2CCN(c3cccc(C(F)(F)F)c3)CC2)CC1,6.7932
O=S(=O)(c1cccc2ncccc12)N1CCC(CCN2CCN(c3cccc(Cl)c3Cl)CC2)CC1,6.5436
O=S(=O)(c1cncc2ccccc12)N1CCC(CCN2CCN(c3cccc(Cl)c3Cl)CC2)CC1,6.4306
O=S(=O)(c1cccc2ncccc12)N1CCC(CCN2CCN(c3ccc(Cl)c(Cl)c3)CC2)CC1,6.4737
O=S(=O)(c1cncc2ccccc12)N1CCC(CCN2CCN(c3ccc(Cl)c(Cl)c3)CC2)CC1,6.7471
CC1(C)CC(=O)N(CCCCN2CCN(c3ncccn3)CC2)C(=O)C1,5.4401
Cc1ccc(N2CCN(Cc3nc4ccccc4[nH]3)CC2)cc1C,6.4318
O=C1COc2cc(CN3CCN(c4ccc(Cl)cc4)CC3)ccc2N1,5.7752
Fc1ccc(N2CCN(CCC3OCCc4ccccc43)CC2)cc1,8.2366
CC(C)Oc1cccnc1N(C)C1CCN(Cc2ccc(I)cc2)CC1,6.5638
Cc1nc2n(c(=O)c1CCN1CCC(c3noc4cc(F)ccc34)CC1)CCCC2F,7.6021
Cc1nc2n(c(=O)c1CCN1CCC(c3noc4cc(F)ccc34)CC1)CCCC2Cl,7.6684
Cc1nc2n(c(=O)c1CCN1CCC(c3noc4cc(F)ccc34)CC1)CCCC2=O,8.0000
Cc1nc2n(c(=O)c1CCN1CCC(c3noc4cc(F)ccc34)CC1)CCCC2(F)F.Cl,8.1487
Cc1nc2n(c(=O)c1CCN1CCC(c3noc4cc(F)ccc34)CC1)CCCC2(C)O,8.0223
Cc1nc2n(c(=O)c1CCN1CCC(c3noc4cc(F)ccc34)CC1)CCCC2O,8.6825
Cc1nc2n(c(=O)c1CCN1CCN(c3noc4cc(F)ccc34)CC1)CCCC2O,8.5421
Cc1nc2n(c(=O)c1CCN1CCN(c3nsc4ccccc34)CC1)CCCC2O,8.2857
Cc1nc2n(c(=O)c1CCN1CCN(c3cccc4sccc34)CC1)CCCC2,8.3727
Cc1nc2n(c(=O)c1CCN1CCN(c3cccc4sccc34)CC1)CCCC2O,8.5376
Cc1nc2n(c(=O)c1CCN1CCC(c3cccc4sccc34)CC1)CCCC2.Cl,8.2907
Cc1nc2n(c(=O)c1CCN1CCC(c3cccc4sccc34)CC1)CCCC2O,8.1158
Cc1nc2n(c(=O)c1CCN1CCN(c3csc4ccsc34)CC1)CCCC2O,6.1864
Cc1nc2n(c(=O)c1CCN1CCN(c3cccc4c3CCS4)CC1)CCCC2O,7.5784
Cc1nc2n(c(=O)c1CCN1CCN(c3cccc4scnc34)CC1)CCCC2O,5.6383
Cc1nc2n(c(=O)c1CCN1CCN(c3nccc4sccc34)CC1)CCCC2,7.4634
Cc1nc2n(c(=O)c1CCN1CCN(c3nccc4sccc34)CC1)CCCC2O,7.5817
Cc1nc2n(c(=O)c1CCN1CCN(c3cncc4sccc34)CC1)CCCC2O,7.1844
Cc1nc2n(c(=O)c1CCN1CCN(c3ncnc4sccc34)CC1)CCCC2,6.0894
Cc1nc2n(c(=O)c1CCN1CCN(c3ncnc4sccc34)CC1)CCCC2O,5.9547
Cc1nc2n(c(=O)c1CCN1CCN(c3cccc4c3OC(F)(F)O4)CC1)CCCC2.Cl,6.4802
Cc1nc2n(c(=O)c1CCN1CCN(c3cccc4c3OC(F)(F)O4)CC1)CCCC2O,6.6126
Cc1ccc(Sc2ccccc2N2CCN(CCc3c(C)nc4n(c3=O)CCCC4O)CC2)c(C)c1.Cl,5.9355
Cc1nc2n(c(=O)c1CCN1CCN(c3nsc4ccccc34)CC1)CCCC2F,7.0506
Cc1nc2n(c(=O)c1CCN1CCN(c3nsc4ccccc34)CC1)CCCC2Cl,7.2218
Cc1nc2n(c(=O)c1CCN1CCN(c3nsc4ccccc34)CC1)CCCC2=O,8.1938
Cc1nc2n(c(=O)c1CCN1CCN(c3nsc4ccccc34)CC1)CCCC2(F)F,7.7696
Cc1nc2n(c(=O)c1CCN1CCN(c3nsc4ccccc34)CC1)CCCC2(C)O,8.4685
Cc1nc2n(c(=O)c1CCN1CCN(c3cccc4sccc34)CC1)CCCC2F,7.9914
Cc1nc2n(c(=O)c1CCN1CCN(c3cccc4sccc34)CC1)CCCC2Cl,7.9136
Cc1nc2n(c(=O)c1CCN1CCN(c3cccc4sccc34)CC1)CCCC2=O,7.3565
Cc1nc2n(c(=O)c1CCN1CCN(c3cccc4sccc34)CC1)CCCC2(F)F.Cl,7.9393
Cc1nc2n(c(=O)c1CCN1CCN(c3cccc4sccc34)CC1)CCCC2(C)O,8.0227
Cc1nc2ccccn2c(=O)c1CCN1CCN(c2cccc3sccc23)CC1,8.0391
Cc1nc2n(c(=O)c1CCN1CCN(c3cccc4sccc34)CC1)CCC=C2.Cl,7.4248
Cc1nc2c(O)cccn2c(=O)c1CCN1CCN(c2cccc3sccc23)CC1,7.1469
O=Cc1cnn2ccc(OCCCCN3CCN(c4ccc(O)c5c4OCC(=O)N5)CC3)cc12,5.5376
O=Cc1cnn2ccc(OCCCCN3CCN(c4ccc(O)c5c4OCCO5)CC3)cc12,6.0000
O=c1ccc2c(N3CCN(CCCCOc4ccn5ncc(/C=N/O)c5c4)CC3)ccc(O)c2[nH]1,5.2676
O=C1COc2c(N3CCN(CCCCOc4ccn5ncc(/C=N/O)c5c4)CC3)ccc(O)c2N1,5.8377
O/N=C/c1cnn2ccc(OCCCCN3CCN(c4ccc(O)c5c4OCCO5)CC3)cc12,6.1153
Oc1ccc(N2CCNCC2)c2c1OCCO2,5.4437
CN1CCCN(c2ccc(O)c3c2OCC(=O)N3)CC1,5.1938
CN1CCN(c2ccc(O)c3c2OCCO3)CC1,5.6778
CCCN1CCCN(c2ccc(O)c3c2OCC(=O)N3)CC1,5.4318
O=C(NCCCCN1CCN(c2ccccc2OCCF)CC1)c1cc2ccccn2n1,6.2840
CC(C)(C)c1nc(N2CCN(CCCCNC(=O)c3cc4ccccn4n3)CC2)cc(C(F)(F)F)n1,5.5686
CC(C)(C)c1nc(N2CCN(CCCCNC(=O)c3cc4ccccc4s3)CC2)cc(C(F)(F)F)n1,5.1487
CC(=O)c1c(OCCCCN2CCN(c3ccccc3C#N)CC2)ccc2c(C)cc(=O)oc12,7.0410
CC(=O)c1c(OCCCCN2CCN(c3cccc(Cl)c3Cl)CC2)ccc2c(C)cc(=O)oc12,7.5229
CC(=O)c1c(OCCCCN2CCN(c3ccc(Cl)cc3)CC2)ccc2c(C)cc(=O)oc12,7.2518
CC(=O)c1c(OCCCCN2CCN(c3ccc([N+](=O)[O-])cc3)CC2)ccc2c(C)cc(=O)oc12,6.8097
COc1cccc(N2CCN(CCCCOc3ccc4c(C)cc(=O)oc4c3C(C)=O)CC2)c1,6.8601
CC(=O)c1c(OCCCCN2CCN(c3cnccn3)CC2)ccc2c(C)cc(=O)oc12,5.9363
CC(=O)c1c(OCCCCN2CCN(c3ccccc3F)CC2)ccc2c(C)cc(=O)oc12,7.3279
CC(=O)c1c(OCCCN2CCN(c3ccccc3C#N)CC2)ccc2c(C)cc(=O)oc12,7.1249
CC(=O)c1c(OCCCN2CCN(c3cccc(Cl)c3Cl)CC2)ccc2c(C)cc(=O)oc12,8.0969
CC(=O)c1c(OCCCN2CCN(c3ccc(Cl)cc3)CC2)ccc2c(C)cc(=O)oc12,8.0223
CC(=O)c1c(OCCCN2CCN(c3ccncc3)CC2)ccc2c(C)cc(=O)oc12,5.6137
CC(=O)c1c(OCCCN2CCN(c3ccc([N+](=O)[O-])cc3)CC2)ccc2c(C)cc(=O)oc12,7.3768
CC(=O)c1c(OCCCN2CCOCC2)ccc2c(C)cc(=O)oc12,5.5948
COc1cccc(N2CCN(CCCOc3ccc4c(C)cc(=O)oc4c3C(C)=O)CC2)c1,7.5229
CC(=O)c1c(OCCCN2CCN(c3ccccc3F)CC2)ccc2c(C)cc(=O)oc12,7.5686
CC(C)(C)NS(=O)(=O)c1ccc(-c2sc(C(=O)N[C@H]3C[C@H](C(=O)O)C3)nc2CC2CCCCC2)c2ccccc12,9.1938
c1ccc2c(OCCCCCN3CCCCCC3)cccc2c1,5.5837
c1ccc2c(OCCCCCN3CCCCC3)cccc2c1,5.4084
CCC[C@@H](CCO)Nc1nc(N)nc2cc(OC)ccc12,5.7496
Cc1oc(-c2ccco2)nc1CN(C)C[C@@H]1Cc2ccccc2O1,5.7486
c1ccc(-c2nc(CN3CCCN(c4nccs4)CC3)co2)cc1,5.4783
N#Cc1c(CN2CCN(CCc3ccccc3)CC2)cn2ccccc12,7.2291
CN(C)Cc1cccc(CN/C=C2/C(=O)NC(=O)c3ccccc32)c1,5.6021
CCN(CCc1ccccn1)Cc1csc(C2CCCC2)n1,6.1007
C[C@H](CNc1cncc(Cl)n1)N1CCN(c2ccccc2)CC1,7.2596
Cc1ccn(CCN2CCC(Cc3ccccc3F)CC2)n1,6.4763
C[C@@H]1CN(CCCNC(=O)CN2CCc3ccccc3C2)C[C@H](C)O1,5.4647
Cc1cc(C)n(C2CN(CCCc3nc(-c4ccccc4)no3)C2)n1,5.4372
CCOc1ccc([C@H](O)CN2CCN(c3ccccc3F)CC2)cc1,5.6444
O=C(CO)NC[C@H]1CCN(Cc2csc(-c3ccccc3)n2)C1,5.3927
O[C@@H](COC[C@@H]1CCCO1)CN1CCN(c2ccccc2F)CC1,5.8407
Cc1cccc(N2CCN(CCCNC(=O)c3cn[nH]c3C)CC2)c1,7.4815
COC[C@@H](C)N1CCN(c2cccc(F)c2C#N)CC1,5.4592
Cc1oc(-c2cccc(F)c2F)nc1CN(C)C[C@@H]1Cc2ccccc2O1,5.6919
Cc1ccc(-c2nc(CN(C)C[C@@H]3Cc4ccccc4O3)c(C)o2)s1,5.3416
Cc1oc(-c2ccc3ccccc3c2)nc1CN1CCO[C@H](CCN)C1,6.0297
Cc1oc(-c2ccco2)nc1CN1CCN([C@@H]2CCc3ccccc3C2)CC1,7.2757
CC(C)c1nc(CN2CC[C@H](c3ccccc3)C2)cs1,6.5498
CCCc1nc(CN2CC[C@H](c3ccccc3)C2)cs1,6.3737
Fc1ccccc1N1CCN(CCCNc2cncc(Cl)n2)CC1,7.0044
Clc1cncc(NCCCCN2CCN(c3ccccc3)CC2)n1,6.8665
Clc1cncc(NCCCN2CCN(c3ccccc3)CC2)n1,7.5376
Fc1ccc(N2CCN(CCNc3cncc(Cl)n3)CC2)cc1,6.9914
Cc1ccc(-c2cc(C(=O)NCCCCN3CCOCC3)n[nH]2)s1,5.2649
CCc1nc2c(N3CCNCC3)ccnc2n1Cc1cccc(F)c1,6.3556
CCc1nc2c(N3CCNCC3)ccnc2n1Cc1cccc(Cl)c1,6.3478
CC(C)c1nc2c(N3CCNCC3)ccnc2n1Cc1cccc(F)c1,6.3233
CC(C)c1nc2c(N3CCNCC3)ccnc2n1Cc1cccc(Cl)c1,6.1586
O=S(=O)(c1ccccc1)c1cnc2c(N3CCNCC3)cccc2c1,7.5927
CN1CCN(c2ccc3c(c2)CN(C(=O)OCc2ccccc2)C3)CC1,5.9901
O=C(OCc1ccccc1)N1CCc2ccc(N3CCN(C4CCCC4)CC3)cc2C1,6.5287
CCOC(=O)CCN1CCN(c2ccc3c(c2)CN(C(=O)OCc2ccccc2)CC3)CC1,6.3233
CC(C)c1ccccc1OCCCN1CCC(NS(=O)(=O)c2ccc(F)cc2)CC1,5.8690
O=S(=O)(NC1CCN(CC(O)COc2ccccc2-c2ccccc2)CC1)c1cccc(Cl)c1,5.6747
CC(=O)c1c(OCCCN2CCN(c3ccccc3Cl)CC2)ccc2c(C)cc(=O)oc12,7.6576
CC(=O)c1c(OCCCN2CCN(c3cc(C)cc(C)c3)CC2)ccc2c(C)cc(=O)oc12,7.9031
CC(=O)c1c(OCCCN2CCN(c3cc(C)ccc3C)CC2)ccc2c(C)cc(=O)oc12,6.9914
CC(=O)c1c(OCCCN2CCN(c3ccccc3Br)CC2)ccc2c(C)cc(=O)oc12,8.1549
CC(=O)c1c(OCCCN2CCN(c3cccc(Br)c3)CC2)ccc2c(C)cc(=O)oc12,8.2218
CC(=O)c1c(OCCCN2CCN(c3cccc(F)c3)CC2)ccc2c(C)cc(=O)oc12,6.3893
CC(=O)c1c(OCCCN2CCN(c3ccccc3C(F)(F)F)CC2)ccc2c(C)cc(=O)oc12,7.6990
COc1ccccc1N1CCN(CCCOc2ccc3c(C)cc(=O)oc3c2C(C)=O)CC1,8.0969
CC(=O)c1c(OCCCCN2CCN(c3ccccc3Cl)CC2)ccc2c(C)cc(=O)oc12,7.6990
CC(=O)c1c(OCCCCN2CCN(c3cc(C)cc(C)c3)CC2)ccc2c(C)cc(=O)oc12,7.2366
CC(=O)c1c(OCCCCN2CCN(c3cc(C)ccc3C)CC2)ccc2c(C)cc(=O)oc12,7.3298
CC(=O)c1c(OCCCCN2CCN(c3ccccc3Br)CC2)ccc2c(C)cc(=O)oc12,8.0000
CC(=O)c1c(OCCCCN2CCN(c3cccc(Br)c3)CC2)ccc2c(C)cc(=O)oc12,8.1871
CC(=O)c1c(OCCCCN2CCN(c3cccc(F)c3)CC2)ccc2c(C)cc(=O)oc12,6.3979
CC(=O)c1c(OCCCCN2CCN(c3ccccc3C(F)(F)F)CC2)ccc2c(C)cc(=O)oc12,7.3125
COc1ccccc1N1CCN(CCCCOc2ccc3c(C)cc(=O)oc3c2C(C)=O)CC1,7.2518
CNC(=O)c1cncc(OCCCCN2CCN(c3nsc4cc(F)ccc34)CC2)c1,6.8182
O=C(NC1CC1)c1cncc(OCCCCN2CCC(c3noc4cc(F)ccc34)CC2)c1,7.0462
CCNC(=O)c1cncc(OCCCCN2CCC(c3noc4cc(F)ccc34)CC2)c1,7.0259
CNC(=O)c1cncc(OCCCCN2CCC(c3noc4cc(F)ccc34)CC2)c1,7.0799
CNC(=O)c1cc(OCCCCN2CCN(c3cccc4sc(F)cc34)CC2)ccn1,7.1878
CNC(=O)c1cc(OCCCCN2CCN(c3cccc4sccc34)CC2)ccn1,6.8125
CNC(=O)c1cc(OCCCCN2CCN(c3cccc(Cl)c3Cl)CC2)ccn1,6.3224
O=C(NC1CC1)c1cc(OCCCCN2CCN(c3nsc4ccccc34)CC2)ccn1,6.4895
NC(=O)c1cc(OCCCCN2CCN(c3nsc4ccccc34)CC2)ccn1,6.2815
CNC(=O)c1cc(OCCCCN2CCN(c3nsc4ccccc34)CC2)ccn1,6.9469
O=C(NC1CC1)c1cc(OCCCCN2CCC(c3noc4cc(F)ccc34)CC2)ccn1,6.7773
CCNC(=O)c1cc(OCCCCN2CCC(c3noc4cc(F)ccc34)CC2)ccn1,7.0200
CNC(=O)c1cc(OCCCCN2CCC(c3noc4cc(F)ccc34)CC2)ccn1,6.6073
CNC(=O)c1ccnc(OCCCCN2CCC(c3noc4cc(F)ccc34)CC2)c1,7.2048
CCNC(=O)c1ccnc(OCCCCN2CCC(c3noc4cc(F)ccc34)CC2)c1,7.1707
O=C(NC1CC1)c1ccnc(OCCCCN2CCC(c3noc4cc(F)ccc34)CC2)c1,7.2684
CNC(=O)c1ccnc(OCCCCN2CCN(c3nsc4cc(F)ccc34)CC2)c1,7.2807
CNC(=O)c1cccc(OCCCCN2CCC(c3noc4cc(F)ccc34)CC2)n1,6.8729
CNC(=O)c1cccc(OCCCCN2CCN(c3nsc4cc(F)ccc34)CC2)n1,7.3747
CNC(=O)c1cccc(OCCCCN2CCN(c3cccc(Cl)c3Cl)CC2)n1,6.0410
CNC(=O)c1cccc(OCCCCN2CCN(c3cccc4sccc34)CC2)n1,6.9747
CNC(=O)c1cccc(OCCCCN2CCN(c3ccc4ccsc4c3)CC2)n1,5.8928
NCCCCCCn1cc(CCCCN2CCC(c3ccc(-c4cc(C(=O)O)cc5cc(-c6ccc(C(F)(F)F)cc6)ccc45)cc3)CC2)nn1,5.0757
COC(=O)[C@H](Cc1cnc[nH]1)NC(=O)[C@H]1N=C(c2ccccc2O)S[C@@H]1C,6.5086
C[C@@H]1SC(c2ccccc2O)=N[C@H]1Cc1c[nH]cn1,5.8539
Oc1ccccc1C1=NC(Cc2c[nH]cn2)C(c2ccccc2)S1,5.4223
CCCCOc1ccc(C2=N[C@@H](CO)[C@H](C)S2)cc1,5.6576
CCCCCCOc1ccc(C2=N[C@@H](CO)[C@H](C)S2)cc1,5.4089
CCCCCCCCOc1ccc(C2=N[C@@H](CO)[C@H](C)S2)cc1,5.1612
C[C@@H]1SC(c2ccccc2)=N[C@H]1Cc1c[nH]cn1,5.2366
C[C@@H]1SC(c2ccc(-c3ccccc3)cc2)=N[C@H]1Cc1c[nH]cn1,6.6198
C[C@H]1SC(c2ccc(-c3ccccc3)cc2)=N[C@H]1Cc1c[nH]cn1,6.5086
Cc1cc(C)c(OCCOCCN2CCN(CCc3ccccc3)CC2)c(C)c1.Cl.Cl,5.5521
Cc1cc(C)c(OCCOCCN2CCN(Cc3ccccc3)CC2)c(C)c1.Cl.Cl,6.3028
COc1ccccc1N1CCN(CCOCCOc2c(C)cc(C)cc2C)CC1.Cl.Cl,5.6754
COc1ccccc1N1CCN(CCOCCOc2cc(C)cc(C)c2C)CC1.Cl.Cl,6.0977
Cc1cccc(OCCOCCN2CCN(CCc3ccccc3)CC2)c1C.Cl.Cl,5.9072
Cc1cc(OCCCN2CCN(c3ccccc3)CC2)ccc1Cl.Cl.Cl,5.5928
COc1ccc(N2CCN(CCCOc3c(C)cc(C)cc3C)CC2)cc1.Cl.Cl,6.1124
COc1ccccc1N1CCN(CCCOc2ccc(C)cc2C)CC1.Cl,6.2782
COc1ccccc1N1CCN(CCOCCOc2c(C)cccc2C)CC1.Cl,6.5784
COc1ccccc1N1CCN(CCCOc2c(C)cc(C)cc2C)CC1.Cl,5.5481
COc1ccccc1N1CCN(CCCOc2c(C)cccc2C)CC1.Cl,6.7167
OCCOCCN1CCN(C(c2ccccc2)c2ccc(Cl)cc2)CC1,7.3010
CC(C)COc1ccc(CNC(=O)N(Cc2ccc(F)cc2)C2CCN(C)CC2)cc1,8.0458
O=C1Nc2ccccc2C12CCN(CCN1CCN(c3ccc(Cl)cc3)CC1)C2,7.1675
O=C1Nc2ccccc2C12CCN(CCCN1CCN(c3ccc(Cl)cc3)CC1)C2,6.1457
O=C1Nc2ccccc2C12CCN(CCN1CCN(c3ccccc3)CC1)C2,6.3045
O=C1Nc2ccccc2C12CCN(CCN1CCN(c3cccc(Cl)c3)CC1)C2,6.4547
O=C1Nc2ccccc2C12CCN(CCN1CCN(c3ccccc3Cl)CC1)C2,6.3449
O=C1Nc2ccccc2C12CCN(CCN1CCN(c3ccc(Cl)c(Cl)c3)CC1)C2,6.5686
O=C1Nc2ccccc2C12CCN(CCN1CCC(c3ccc(Cl)cc3)CC1)C2,6.3936
O=C1Nc2ccccc2C12CCN(CCN1CCC(c3ccc(F)cc3)CC1)C2,6.5867
O=C1Nc2ccccc2C12CCN(CCN1CC=C(c3ccc(F)cc3)CC1)C2,7.1249
O=C1Nc2ccccc2C12CCN(CCN1CCN(c3ccc(F)cc3)CC1)C2,7.2291
O=C1Nc2ccccc2C12CCN(CCN1CCC(Oc3ccc(Cl)cc3)CC1)C2,6.4647
O=C(c1ccc(Cl)cc1)N1CCN(CCN2CCC3(C2)C(=O)Nc2ccccc23)CC1,4.7612
CCc1cc(-c2ccoc2)nc(N2CCN(C)CC2)n1,7.9208
CCCCc1cc(-c2ccoc2)nc(N2CCN(C)CC2)n1,8.0000
Fc1ccc(-c2n[nH]c3c2CCNCC3)cc1,6.7570
Clc1ccc(-c2n[nH]c3c2CCNCC3)cc1,6.7282
Cc1ccc(-c2n[nH]c3c2CCNCC3)cc1,6.7986
Fc1ccc(-c2noc3c2CCNCC3)cc1,6.3270
Clc1ccc(-c2noc3c2CCNCC3)cc1,6.3990
Cc1ccc(-c2noc3c2CCNCC3)cc1,6.8601
COc1cc2c(cc1OC)C1CC(O)C(CC(C)C)CN1CC2,8.1739
CNC(C)Cc1ccccc1,3.9957
CN1[C@@H](CC(=O)c2ccccc2)CCC[C@H]1C[C@H](O)c1ccccc1,5.1308
CCOC(=O)[C@@H]1CN(CCn2c(=O)[nH]c3ccccc3c2=O)CC[C@H]1c1ccc(F)cc1,7.4283
CCOC(=O)[C@@H]1CN(CCn2c(=O)[nH]c3ccccc3c2=O)CC[C@@H]1c1ccc(F)cc1,5.6234
c1cc2c(cn1)N1CCNC[C@H]1CC2,4.0000
FC(F)(F)CCc1ccnc2c1CC[C@@H]1CNCCN21,6.6544
c1cc(C2CCC2)c2c(n1)N1CCNC[C@H]1CC2,7.3071
c1cnc2c(c1)CC[C@@H]1CNCCN21,4.0000
c1cc(CC2CCC2)c2c(n1)N1CCNCC1CC2,6.2366
Brc1ccnc2c1CC[C@@H]1CNCCN21,5.5406
Fc1ccc(Cc2ccnc3c2CC[C@@H]2CNCCN32)cc1,7.8340
CC(C)(C)Cc1ccnc2c1CC[C@@H]1CNCCN21,6.4054
Fc1cccc(Cc2ccnc3c2CC[C@@H]2CNCCN32)c1,6.8627
c1ccc(Cc2ccnc3c2CC[C@@H]2CNCCN32)cc1,8.1000
CCCCOc1c(OC)cc(C(=O)NCC2(N(C)C)CCOCC2)cc1OC,5.8861
COc1c(OCCOCCN=[N+]=[N-])cccc1[C@H](O)C1CCN(CCc2ccc(F)cc2)CC1,7.3304
C#CCOCCOCCOc1cccc([C@H](O)C2CCN(CCc3ccc(F)cc3)CC2)c1OC,7.2486
COc1c(OCCOCCOc2cn(CCOCCOc3cccc([C@H](O)C4CCN(CCc5ccc(F)cc5)CC4)c3OC)nn2)cccc1[C@H](O)C1CCN(CCc2ccc(F)cc2)CC1,7.4388
COc1c(OCCOCCOCCOCCOCCOc2cccc(C(=O)C3CCN(CCc4ccc(F)cc4)CC3)c2OC)cccc1C(=O)C1CCN(CCc2ccc(F)cc2)CC1,7.5301
COc1c(OCCOCCOCCOCCOCCOCCOc2cccc(C(=O)C3CCN(CCc4ccc(F)cc4)CC3)c2OC)cccc1C(=O)C1CCN(CCc2ccc(F)cc2)CC1,7.4001
O=S(=O)(c1cncc2ccccc12)N1CCC[C@H]1CCN1CCN(c2cccc3sccc23)CC1,8.0458
O=S(=O)(c1cncc2ccccc12)N1CCCCC[C@H]1CCN1CCN(c2cccc3sccc23)CC1,7.5376
O=S(=O)(c1cccc2ncccc12)N1CCCCC[C@H]1CCN1CCN(c2cccc3sccc23)CC1,7.2924
O=S(=O)(c1cncc2ccccc12)N1CCCC[C@@H]1CCN1CCN(c2cccc3sccc23)CC1,7.1938
O=S(=O)(c1cccc2ncccc12)N1CCCC[C@@H]1CCN1CCN(c2cccc3sccc23)CC1,7.4559
O=S(=O)(c1cncc2ccccc12)N1CC[C@@H]1CCN1CCN(c2cccc3sccc23)CC1,7.7959
O=S(=O)(c1cccc2ncccc12)N1CC[C@@H]1CCN1CCN(c2cccc3sccc23)CC1,8.1549
O=S(=O)(c1ccnc2ccccc12)N1CCCCC[C@H]1CCN1CCN(c2nsc3ccccc23)CC1,7.5850
O=S(=O)(c1cccc2ncccc12)N1CCCCC[C@H]1CCN1CCN(c2nsc3ccccc23)CC1,7.5229
O=S(=O)(c1ccnc2ccccc12)N1CCCC[C@@H]1CCN1CCN(c2nsc3ccccc23)CC1,7.4559
O=S(=O)(c1cccc2ncccc12)N1CCCC[C@@H]1CCN1CCN(c2nsc3ccccc23)CC1,7.5376
O=S(=O)(c1cncc2ccccc12)N1CC[C@@H]1CCN1CCN(c2nsc3ccccc23)CC1,7.6198
O=S(=O)(c1cccc2ncccc12)N1CC[C@@H]1CCN1CCN(c2nsc3ccccc23)CC1,7.5229
O=S(=O)(c1cncc2ccccc12)N1CCC[C@@H]1CCN1CCN(c2cccc3[nH]ccc23)CC1,7.1192
O=S(=O)(c1cccc2ncccc12)N1CCC[C@@H]1CCN1CCN(c2cccc3[nH]ccc23)CC1,6.3458
O=S(=O)(c1cncc2ccccc12)N1CCC[C@H]1CCN1CCN(c2cccc3[nH]ccc23)CC1,7.0862
O=S(=O)(c1cccc2ncccc12)N1CCC[C@H]1CCN1CCN(c2cccc3[nH]ccc23)CC1,6.6126
O=S(=O)(c1cccc2cnccc12)N1CCC[C@@H]1CCN1CCN(c2cccc3sccc23)CC1,7.7212
O=S(=O)(c1cncc2ccccc12)N1CCC[C@@H]1CCN1CCN(c2cccc3sccc23)CC1,7.5850
O=S(=O)(c1cccc2ncccc12)N1CCC[C@@H]1CCN1CCN(c2cccc3sccc23)CC1,7.2518
O=S(=O)(c1cccc2cnccc12)N1CCC[C@H]1CCN1CCN(c2cccc3sccc23)CC1,8.0458
O=S(=O)(c1cccc2ncccc12)N1CCC[C@H]1CCN1CCN(c2cccc3sccc23)CC1,7.4437
O=S(=O)(c1cccc2cnccc12)N1CCC[C@H]1CCN1CCN(c2noc3ccccc23)CC1,7.3872
O=S(=O)(c1cncc2ccccc12)N1CCC[C@H]1CCN1CCN(c2noc3ccccc23)CC1,7.4815
O=S(=O)(c1cccc2ncccc12)N1CCC[C@H]1CCN1CCN(c2noc3ccccc23)CC1,7.3098
O=S(=O)(c1cccc2cnccc12)N1CCC[C@@H]1CCN1CCN(c2nsc3ccccc23)CC1,7.8239
O=S(=O)(c1cncc2ccccc12)N1CCC[C@@H]1CCN1CCN(c2nsc3ccccc23)CC1,8.0000
O=S(=O)(c1cccc2ncccc12)N1CCC[C@@H]1CCN1CCN(c2nsc3ccccc23)CC1,7.6778
O=S(=O)(c1cccc2cnccc12)N1CCC[C@H]1CCN1CCN(c2nsc3ccccc23)CC1,7.7447
O=S(=O)(c1cncc2ccccc12)N1CCC[C@H]1CCN1CCN(c2nsc3ccccc23)CC1,7.8861
O=S(=O)(c1cccc2ncccc12)N1CCC[C@H]1CCN1CCN(c2nsc3ccccc23)CC1,7.7959
O=S(=O)(c1cccc2ncccc12)N1CCC[C@@H]1CCN1CCC(c2noc3cc(F)ccc23)CC1,8.3010
O=S(=O)(c1cncc2ccccc12)N1CCC[C@H]1CCN1CCC(c2noc3cc(F)ccc23)CC1,8.2218
O=S(=O)(c1cccc2ncccc12)N1CCC[C@H]1CCN1CCC(c2noc3cc(F)ccc23)CC1,7.9208
O=S(=O)(c1cncc2ccccc12)N1CCC[C@@H]1CCN1CC=C(c2c[nH]c3ccc(Cl)cc23)CC1,5.7203
O=S(=O)(c1cccc2ncccc12)N1CCC[C@@H]1CCN1CC=C(c2c[nH]c3ccc(Cl)cc23)CC1,5.9393
O=S(=O)(c1cncc2ccccc12)N1CCC[C@H]1CCN1CC=C(c2c[nH]c3ccc(Cl)cc23)CC1,6.6234
O=S(=O)(c1cccc2ncccc12)N1CCC[C@H]1CCN1CC=C(c2c[nH]c3ccc(Cl)cc23)CC1,5.8539
O=S(=O)(c1cncc2ccccc12)N1CCC[C@@H]1CCN1CCN(c2cccc3c2OCCO3)CC1,6.4089
O=S(=O)(c1cccc2ncccc12)N1CCC[C@@H]1CCN1CCN(c2cccc3c2OCCO3)CC1,6.5287
O=S(=O)(c1cncc2ccccc12)N1CCC[C@H]1CCN1CCN(c2cccc3c2OCCO3)CC1,7.0410
O=S(=O)(c1cccc2ncccc12)N1CCC[C@H]1CCN1CCN(c2cccc3c2OCCO3)CC1,6.9586
O=c1[nH]c2c(N3CCN(CC[C@H]4CCCN4S(=O)(=O)c4cncc5ccccc45)CC3)cccc2o1,5.7055
O=c1[nH]c2c(N3CCN(CC[C@@H]4CCCN4S(=O)(=O)c4cncc5ccccc45)CC3)cccc2o1,5.6904
O=c1[nH]c2c(N3CCN(CC[C@@H]4CCCN4S(=O)(=O)c4cccc5ncccc45)CC3)cccc2o1,5.6103
O=C1[C@@H]2[C@H]3CC[C@H](C3)[C@@H]2C(=O)N1CCCCN1CCC(c2noc3cc(F)ccc23)CC1,8.2840
O=C1[C@@H]2[C@H]3CC[C@H](C3)[C@@H]2C(=O)N1CCCCN1CCN(c2ccc3ccsc3c2)CC1,6.8861
O=C1[C@@H]2[C@H]3CC[C@H](C3)[C@@H]2C(=O)N1CCCCN1CCN(c2cccc3sccc23)CC1,7.5607
O=C1[C@@H]2[C@H](C(=O)N1CCCCN1CCN(c3cccc4sccc34)CC1)[C@H]1C=C[C@@H]2C1,7.6091
O=C1[C@@H]2[C@H](C(=O)N1CCCCN1CCN(c3cccc4scnc34)CC1)[C@H]1C=C[C@@H]2C1,6.0195
O=C1[C@@H]2[C@H](C(=O)N1CCCCN1CCN(c3cccc4sc(F)cc34)CC1)[C@H]1C=C[C@@H]2C1,7.0846
O=C1[C@@H]2[C@H](C(=O)N1CCCCN1CCN(c3cccc4ccsc34)CC1)[C@H]1C=C[C@@H]2C1,7.4949
O=C1[C@@H]2[C@H](C(=O)N1CCCCN1CCN(c3cccc4c3OCCO4)CC1)[C@H]1C=C[C@@H]2C1,6.0685
O=C1[C@@H]2[C@H](C(=O)N1CCCCN1CCN(c3cccc4c3OC(F)(F)O4)CC1)[C@H]1C=C[C@@H]2C1,5.5467
O=C1[C@@H]2[C@H](C(=O)N1CCCCN1CCN(c3nsc4ccccc34)CC1)[C@H]1C=C[C@@H]2C1,7.4461
O=C1[C@@H]2[C@H](C(=O)N1CCN1CCN(c3cccc4sccc34)CC1)[C@H]1C=C[C@@H]2C1,7.0841
O=C1[C@@H]2[C@H](C(=O)N1CCCN1CCN(c3cccc4sccc34)CC1)[C@H]1C=C[C@@H]2C1,6.9469
O=C1[C@@H]2[C@H](C(=O)N1CCCCCN1CCN(c3cccc4sccc34)CC1)[C@H]1C=C[C@@H]2C1,6.5031
CC1(C)C2C(=O)N(CCCCN3CCN(c4cccc5sccc45)CC3)C(=O)C21,7.9830
Cc1ccc(C23CC2C(=O)N(CCCCN2CCN(c4cccc5sccc45)CC2)C3=O)cc1,5.7799
O=C1C2CCCC2C(=O)N1CCCCN1CCN(c2cccc3sccc23)CC1,8.9586
O=C1C2CCCCC2C(=O)N1CCCCN1CCN(c2cccc3sccc23)CC1,7.4685
O=C1C2CC=CCC2C(=O)N1CCCCN1CCN(c2cccc3sccc23)CC1,9.2218
O=C1C2CC(O)C(O)CC2C(=O)N1CCCCN1CCN(c2cccc3sccc23)CC1,7.0711
O=C1[C@@H]2[C@@H]3C[C@@H]([C@@H](O)[C@H]3O)[C@@H]2C(=O)N1CCCCN1CCN(c2cccc3sccc23)CC1,7.0888
CC(=O)O[C@@H]1[C@@H]2C[C@H]([C@@H]1OC(C)=O)[C@H]1C(=O)N(CCCCN3CCN(c4cccc5sccc45)CC3)C(=O)[C@@H]21,6.2628
O=C1c2ccccc2C(=O)N1CCCCN1CCN(c2cccc3sccc23)CC1,6.1656
O=C1c2cccc(F)c2C(=O)N1CCCCN1CCN(c2cccc3sccc23)CC1,6.4976
O=C1c2ccc(F)cc2C(=O)N1CCCCN1CCN(c2cccc3sccc23)CC1,6.5952
O=C1c2cccc(Cl)c2C(=O)N1CCCCN1CCN(c2cccc3sccc23)CC1,6.5498
O=C1c2ccc(Cl)cc2C(=O)N1CCCCN1CCN(c2cccc3sccc23)CC1,5.1397
CC1(C)CC(=O)N(CCCCN2CCN(c3cccc4sccc34)CC2)C(=O)C1,6.8729
CCC1(C)CC(=O)N(CCCCN2CCN(c3cccc4sccc34)CC2)C(=O)C1,7.5867
O=C1CC2(CCCC2)CC(=O)N1CCCCN1CCN(c2cccc3sccc23)CC1,7.5361
O=C1CC2(CCCCC2)CC(=O)N1CCCCN1CCN(c2cccc3sccc23)CC1,6.9872
O=C(NCCc1c[nH]c2ccccc12)C1CCN(C(=O)c2ccccc2)CC1,5.2447
O=C(NCc1ccccc1)C1CCN(C(=O)c2ccc(-c3ccccc3)cc2)CC1,5.1679
O=C(NCCc1c[nH]c2ccccc12)C1CCN(C(=O)c2ccc(-c3ccccc3)cc2)CC1,5.6091
OC1(c2ccc(Cl)c(C(F)(F)F)c2)CCN(CCCC=C(c2ccc(F)cc2)c2ccc(F)cc2)CC1,5.9566
OC1(c2ccc(Cl)c(C(F)(F)F)c2)CCN(CCCCCc2ccc(F)cc2)CC1,6.0511
OC1(c2ccc(Cl)c(C(F)(F)F)c2)CCN(CCCN(c2ccc(F)cc2)c2ccc(F)cc2)CC1,6.7852
OC1(c2ccc(Cl)c(C(F)(F)F)c2)CCN(CCCCN(c2ccc(F)cc2)c2ccc(F)cc2)CC1,5.2176
OC1(c2ccc(Cl)c(C(F)(F)F)c2)CCN(CCCCC(c2ccc(F)cc2)c2ccc(F)cc2)CC1,6.0000
OC1(c2ccc(Cl)c(C(F)(F)F)c2)CCN(CCCC(c2ccccc2)c2ccccc2)CC1,6.0000
COc1ccc(N(CCCCN2CCC(O)(c3ccc(Cl)c(C(F)(F)F)c3)CC2)c2ccc(OC)cc2)cc1,6.0458
OC1(c2ccc(Cl)c(C(F)(F)F)c2)CCN(CCCC(c2ccc(F)cc2)c2ccc(F)cc2)CC1,6.4425
NCCCCNC(=O)COc1ccc(CCCn2ncc3c2nc(N)n2nc(-c4ccco4)nc32)cc1,8.7167
Cc1cc(OCCCCN2CCN(c3ccc(Cl)cc3)CC2)c2c(C)cc(=O)oc2c1,6.3325
COc1cccc(N2CCN(CCCCOc3cc(C)cc4oc(=O)cc(C)c34)CC2)c1,6.7352
Cc1cc(OCCCCN2CCN(c3cnccn3)CC2)c2c(C)cc(=O)oc2c1,5.6383
Cc1cc(OCCCCN2CCN(c3ccccc3F)CC2)c2c(C)cc(=O)oc2c1,6.9208
CC(=O)c1c(C)cc2oc(=O)cc(C)c2c1OCCCN1CCN(c2ccccc2C#N)CC1,7.1938
CC(=O)c1c(C)cc2oc(=O)cc(C)c2c1OCCCN1CCN(c2cccc(Cl)c2Cl)CC1,7.1805
CC(=O)c1c(C)cc2oc(=O)cc(C)c2c1OCCCN1CCN(c2ccc(Cl)cc2)CC1,8.3979
CC(=O)c1c(C)cc2oc(=O)cc(C)c2c1OCCCN1CCN(c2ccc([N+](=O)[O-])cc2)CC1,6.5436
COc1cccc(N2CCN(CCCOc3c(C(C)=O)c(C)cc4oc(=O)cc(C)c34)CC2)c1,7.3188
CC(=O)c1c(C)cc2oc(=O)cc(C)c2c1OCCCN1CCN(c2cnccn2)CC1,5.5229
CC(=O)c1c(C)cc2oc(=O)cc(C)c2c1OCCCN1CCN(c2ccccc2F)CC1,7.5528
CC(=O)c1c(C)cc2oc(=O)cc(C)c2c1OCCCCN1CCN(c2ccncc2)CC1,5.7972
CC(=O)c1c(C)cc2oc(=O)cc(C)c2c1OCCCCN1CCN(c2cccc(Cl)c2Cl)CC1,5.5768
CC(=O)c1c(C)cc2oc(=O)cc(C)c2c1OCCCCN1CCN(c2ccc(Cl)cc2)CC1,8.7696
CC(=O)c1c(C)cc2oc(=O)cc(C)c2c1OCCCCN1CCN(c2ccc([N+](=O)[O-])cc2)CC1,7.3372
CC(=O)c1c(C)cc2oc(=O)cc(C)c2c1OCCCCN1CCOCC1,5.3507
COc1cccc(N2CCN(CCCCOc3c(C(C)=O)c(C)cc4oc(=O)cc(C)c34)CC2)c1,6.2840
CC(=O)c1c(C)cc2oc(=O)cc(C)c2c1OCCCCN1CCN(c2cnccn2)CC1,5.6021
CC(=O)c1c(C)cc2oc(=O)cc(C)c2c1OCCCCN1CCN(c2ccccc2F)CC1,8.0458
Cc1cc(OCCCN2CCN(c3ccccc3C#N)CC2)c2c(C)cc(=O)oc2c1,6.6990
Cc1cc(OCCCN2CCN(c3cccc(Cl)c3Cl)CC2)c2c(C)cc(=O)oc2c1,7.3768
Cc1cc(OCCCN2CCN(c3ccc(Cl)cc3)CC2)c2c(C)cc(=O)oc2c1,7.1549
COc1cccc(N2CCN(CCCOc3cc(C)cc4oc(=O)cc(C)c34)CC2)c1,6.9747
Cc1cc(OCCCN2CCN(c3cnccn3)CC2)c2c(C)cc(=O)oc2c1,5.3406
Cc1cc(OCCCN2CCN(c3ccccc3F)CC2)c2c(C)cc(=O)oc2c1,7.2596
Cc1cc(OCCCCN2CCN(c3ccccc3C#N)CC2)c2c(C)cc(=O)oc2c1,6.9508
Cc1cc(OCCCCN2CCN(c3cccc(Cl)c3Cl)CC2)c2c(C)cc(=O)oc2c1,6.7773
O=C(CCCCN1CCC(c2noc3cc(F)ccc23)CC1)c1cc2c3c(c1)CCN3C(=O)CC2,7.8660
O=C1c2ccccc2S(=O)(=O)N1CCCCCCN1CCN(c2nsc3ccccc23)CC1,7.6383
O=C1c2ccccc2S(=O)(=O)N1CCCCCCN1CCN(c2ncccn2)CC1,6.7375
O=C1c2ccccc2S(=O)(=O)N1CCCCCCN1CCN(c2ccccn2)CC1,5.8894
O=C1c2ccccc2S(=O)(=O)N1CCCCCCN1CCN(c2cccc3cccnc23)CC1,6.6882
O=C1c2ccccc2S(=O)(=O)N1CCCCCCN1CCN(c2cccc3ccccc23)CC1,7.0410
O=C1c2ccccc2S(=O)(=O)N1CCCCCCN1CCN(c2ccccc2)CC1,6.4935
O=C1c2ccccc2S(=O)(=O)N1CCCCCCN1CCN(c2cccc(C(F)(F)F)c2)CC1,6.7773
O=C1c2ccccc2S(=O)(=O)N1CCCCCCN1CCN(c2ccccc2C(F)(F)F)CC1,6.0353
COc1cccc(N2CCN(CCCCCCN3C(=O)c4ccccc4S3(=O)=O)CC2)c1,6.4660
O=C1c2ccccc2S(=O)(=O)N1CCCCCCN1CCN(c2ccc(Cl)c(Cl)c2)CC1,6.5482
O=C1c2ccccc2S(=O)(=O)N1CCCCCCN1CCN(c2cccc(Cl)c2Cl)CC1,6.6021
O=C1c2ccccc2S(=O)(=O)N1CCCCCCN1CCN(c2cccc(Cl)c2)CC1,6.4425
O=C1c2ccccc2S(=O)(=O)N1CCCCCCN1CCN(c2ccccc2F)CC1,6.5129
O=C1c2ccccc2S(=O)(=O)N1CCCCCCN1CCN(c2ccccc2Cl)CC1,6.5751
O=c1ccc2ccc(OCCCCN3CCN(c4cccc5sccc45)CC3)cc2[nH]1,9.3279
COc1ccc2[nH]cc(C3CCN(CCCCN4C(=O)CC(c5c[nH]c6ccccc56)C4=O)CC3)c2c1,6.3028
O=C1CC(c2c[nH]c3ccccc23)C(=O)N1CCCCN1CCC(c2c[nH]c3ccc(F)cc23)CC1,7.1487
O=C1[C@@H]2[C@H]3CC[C@H](C3)[C@@H]2C(=O)N1C[C@@H]1CCCC[C@H]1CN1CCN(c2nsc3ccccc23)CC1,8.6990
COc1ccc2[nH]cc(C3CCN(CCCCN4C(=O)CC(c5c[nH]c6ccc(F)cc56)C4=O)CC3)c2c1,6.6799
O=C1CC(c2c[nH]c3ccc(F)cc23)C(=O)N1CCCCN1CCC(c2c[nH]c3ccc(F)cc23)CC1,5.7113
O=C1CC(c2c[nH]c3ccc(F)cc23)C(=O)N1CCCCN1CCC(c2c[nH]c3ccccc23)CC1,7.3010
COc1ccc2[nH]cc(C3CCN(CCCCN4C(=O)CC(c5c[nH]c6ccc(OC)cc56)C4=O)CC3)c2c1,6.3019
COc1ccc2[nH]cc(C3CC(=O)N(CCCCN4CCC(c5c[nH]c6ccc(F)cc56)CC4)C3=O)c2c1,6.9281
COc1ccc2[nH]cc(C3CC(=O)N(CCCCN4CCC(c5c[nH]c6ccccc56)CC4)C3=O)c2c1,7.5086
c1ccc(-c2ccc(CNCCc3c[nH]c4ccccc34)o2)cc1,6.3363
COc1cccc(-c2ccc(CNCCc3c[nH]c4ccc(OC)cc34)o2)c1,6.6655
COc1ccc2[nH]cc(CCNCc3ccc(-c4cccc(O)c4)o3)c2c1,7.5376
COc1ccc2[nH]cc(CCNCc3ccc(-c4cn[nH]c4)o3)c2c1,7.5528
COc1ccc2[nH]cc(CCNCc3ccc(-c4cnc5ccccc5c4)o3)c2c1,6.0742
COc1ccc2[nH]cc(CCNCc3ccc(-c4ccc(Cl)cc4)o3)c2c1,6.2168
COc1ccc(-c2ccc(CNCCc3c[nH]c4ccc(OC)cc34)o2)cc1,7.4559
Oc1ccc(-c2ccc(CNCCc3c[nH]c4ccccc34)o2)cc1,6.7570
COc1cccc2[nH]cc(CCNCc3ccc(-c4ccc(O)cc4)o3)c12,6.8827
COc1ccc2[nH]cc(CCNCc3ccc(-c4ccc(O)cc4)o3)c2c1,7.3872
CN(CCc1c[nH]c2ccccc12)Cc1ccc(-c2ccccc2)o1,6.7011
Oc1ccc(-c2ccc(CNCCc3c[nH]c4ccc(F)cc34)o2)cc1,7.9586
Oc1ccc(-c2ccc(CNCCc3c[nH]c4cc(F)ccc34)o2)cc1,7.0177
Oc1ccc(-c2ccc(CNCCc3c[nH]c4ccc(Cl)cc34)o2)cc1,7.4815
Cc1ccc2[nH]cc(CCNCc3ccc(-c4ccc(O)cc4)o3)c2c1,7.6576
COc1ccc2[nH]c(C)c(CCNCc3ccc(-c4ccc(O)cc4)o3)c2c1,7.3768
Oc1ccc(-c2ccc(CNCCc3c[nH]c4ncc(F)cc34)o2)cc1,7.4949
Fc1ccc2c(CCNCc3cccc(OCC(F)(F)C(F)F)c3)c[nH]c2c1,6.1018
COc1ccccc1N1CCN(CCCNC(=O)NN(Cc2ccccc2)c2ccccc2)CC1,7.1871
COc1ccccc1N1CCN(CCCNC(=O)NN(Cc2ccc(F)cc2)c2ccccc2)CC1,6.8861
CCCCCCCCCCNC(=O)/C=C/c1cc(OC)c(OC)c(OC)c1,5.1675
Cl.Nc1ncc(-c2cn(S(=O)(=O)c3ccccc3)c3ccccc23)[nH]1,6.0501
Cc1nc(N)[nH]c1-c1cn(S(=O)(=O)c2ccccc2)c2ccccc12.Cl,7.0000
CCc1nc(N)[nH]c1-c1cn(S(=O)(=O)c2ccccc2)c2ccccc12.Cl,6.9706
COc1ccc2c(c1)c(-c1cnc(N)[nH]1)cn2S(=O)(=O)c1ccccc1.Cl,6.1002
COc1ccc2c(c1)c(-c1[nH]c(N)nc1C)cn2S(=O)(=O)c1ccccc1.Cl,6.1701
CCc1nc(N)[nH]c1-c1cn(S(=O)(=O)c2ccccc2)c2ccc(OC)cc12.Cl,6.1798
COc1ccc2c(c1)c(-c1[nH]c(N)nc1C)cn2S(=O)(=O)c1cccc(F)c1.Cl,5.9500
Cc1nc(N)[nH]c1-c1cn(S(=O)(=O)c2cccc3ccccc23)c2ccccc12.Cl,6.3098
COc1ccc2c(c1)c(-c1[nH]c(N)nc1C)cn2S(=O)(=O)c1cccc2ccccc12.Cl,5.7799
COc1ccc2c(c1)c(-c1[nH]c(N)nc1C)cn2S(=O)(=O)c1ccc2ccccc2c1.Cl,5.9801
Cl.Nc1ncc(-c2cccc3c2ccn3S(=O)(=O)c2ccccc2)[nH]1,5.6400
Cc1nc(N)[nH]c1-c1ccc2ccn(S(=O)(=O)c3ccccc3)c2c1.Cl,5.9300
CCC(=O)Nc1nc(C)c(-c2cn(S(=O)(=O)c3ccccc3)c3ccc(F)cc23)[nH]1,5.1000
CCC(=O)Nc1nc(C)c(-c2ccc3ccn(S(=O)(=O)c4ccccc4)c3c2)[nH]1,5.1300
COc1ccc2c(c1)c(-c1nc3n(c1C)CCCN3)cn2S(=O)(=O)c1ccccc1.Cl,5.2900
COc1ccc2c(c1)c(-c1c(C)nc(N)n1CC(F)F)cn2S(=O)(=O)c1ccccc1,5.4900
COc1ccc2c(c1)c(-c1[nH]c(NCC(F)F)nc1C)cn2S(=O)(=O)c1ccccc1,5.9101
COc1ccc2c(c1)c(-c1[nH]c(NCCc3ccccc3)nc1C)cn2S(=O)(=O)c1ccccc1,5.7201
COc1ccc2c(c1)c(-c1nc(N)sc1C)cn2S(=O)(=O)c1ccccc1,5.6099
COc1ccc(F)cc1C1(F)CC1CN.Cl,6.4517
COc1ccccc1CNCC1CC1(F)c1cc(F)ccc1OC.Cl,7.5093
Cl.NC[C@H]1C[C@]1(F)c1ccccc1,8.0050
Cl.NC[C@@H]1C[C@@]1(F)c1ccccc1,5.7389
Cc1cccc([C@@]2(F)C[C@@H]2CN)c1.Cl,6.7902
Cl.NC[C@H]1C[C@]1(F)c1cccc(F)c1,8.5464
Cl.NC[C@H]1C[C@]1(F)c1cccc(Cl)c1,7.6391
Cl.NC[C@H]1C[C@]1(F)c1ccccc1Br,6.9118
CNC[C@H]1C[C@]1(F)c1ccccc1.Cl,6.8084
COc1ccccc1CNC[C@H]1C[C@]1(F)c1ccccc1.Cl,6.4974
Cl.NCC1C(c2ccccc2)C1(F)F,5.4321
CN1CCN(c2nc(N)nc(COc3ccccc3)n2)CC1,5.5804
Cc1ccc(C(C)C)c(OCc2nc(N)nc(N3CCN(C)CC3)n2)c1,6.3665
Cc1ccccc1OCc1nc(N)nc(N2CCN(C)CC2)n1,4.7652
Cc1cccc(OCc2nc(N)nc(N3CCN(C)CC3)n2)c1,5.6432
Cc1cc(OCc2nc(N)nc(N3CCN(C)CC3)n2)ccc1Cl,6.7055
CC(Oc1cccc(Cl)c1)c1nc(N)nc(N2CCN(C)CC2)n1,6.2291
CC(Oc1ccccc1Cl)c1nc(N)nc(N2CCN(C)CC2)n1,5.7375
CN1CCN(c2nc(N)nc(CSc3ccccc3)n2)CC1,6.7055
CC(Sc1ccccc1Cl)c1nc(N)nc(N2CCN(C)CC2)n1,6.3904
CN1CCN(c2nc(N)nc(C[Se]c3ccccc3)n2)CC1,6.4371
CC([Se]c1ccccc1)c1nc(N)nc(N2CCN(C)CC2)n1,6.4248
CN1CCN(c2nc(N)nc(CS(=O)(=O)c3ccccc3Cl)n2)CC1,4.9359
O=c1c(-c2ccccc2)c2n(c(=O)n1CCCCN1CCCC(c3c[nH]c4ccccc34)C1)CCCC2,6.1397
O=c1c(-c2ccccc2Cl)c2n(c(=O)n1CCCCN1CCCC(c3c[nH]c4ccccc34)C1)CCCC2,6.2154
O=c1c(-c2ccccc2F)c2n(c(=O)n1CCCCN1CCCC(c3c[nH]c4ccccc34)C1)CCCC2,6.4881
O=c1c(-c2ccc(Cl)cc2)c2n(c(=O)n1CCCCN1CCCC(c3c[nH]c4ccccc34)C1)CCCC2,5.8274
O=c1c(-c2ccc(F)cc2)c2n(c(=O)n1CCCCN1CCCC(c3c[nH]c4ccccc34)C1)CCCC2,5.8938
O=c1c(-c2ccc(F)cc2)c2n(c(=O)n1CCCCN1CCCC(c3c[nH]c4ccc(F)cc34)C1)CCCC2,6.3152
COc1ccc(-c2c3n(c(=O)n(CCCCN4CCCC(c5c[nH]c6ccc(OC)cc56)C4)c2=O)CCCC3)cc1,5.9241
COc1ccc2[nH]cc(C3=CCN(Cc4cc(=O)[nH]c5ccccc45)CC3)c2c1,6.4461
C1=C(c2c[nH]c3ccccc23)CCN(Cc2ccco2)C1,6.7620
C1=C(c2c[nH]c3ccccc23)CCN(Cc2cccs2)C1,5.6200
COc1ccc2[nH]cc(C3=CCN(Cc4cccs4)CC3)c2c1,5.7240
C1=C(c2c[nH]c3ccccc23)CCN(Cc2ccccc2)C1,5.5820
CCOc1ccc2[nH]cc(C3=CCN(Cc4ccccc4)CC3)c2c1,5.6780
COc1cccc(CN2CC=C(c3c[nH]c4ccccc34)CC2)c1,5.1000
COc1ccc2c(=O)c3cccc(CN4CCN(c5ccccc5OC)CC4)c3oc2c1.Cl,5.6611
COc1ccc2c(=O)c3cc(CN4CCN(c5ccccc5OC)CC4)ccc3oc2c1.Cl,6.2510
Cl.Cl.O=c1c2cc(Cl)ccc2oc2ccc(CN3CCN(CCOCCO)CC3)cc12,5.6946
c1ccc(-c2ccccc2N2CCNCC2)cc1,5.9245
N#Cc1ccc(CNC(=O)CCCCCN2CCN(c3ccccc3-c3ccccc3)CC2)cc1,6.2034
CCCN1CCc2cc(OC)cc3c2[C@H]1Cc1cccc(OC(=O)c2ccc(F)cc2)c1-3.Cl,6.3830
COc1cc2c3c(c1)-c1c(cccc1OC(=O)c1ccc(F)cc1)C[C@H]3N(C)CC2.Cl,6.3468
COc1cc2c3c(c1)-c1c(cccc1OCc1ccc(F)cc1)C[C@H]3N(C)CC2.Cl,5.6358
COc1cc2c3c(c1)-c1c(cccc1OCCCF)C[C@H]3N(C)CC2.Cl,6.3625
COc1cc2c3c(c1)-c1c(cccc1OCCF)C[C@H]3N(C)CC2.Cl,5.9439
COc1cccc(N2CCN(CCCCCCN3C(=O)c4cccc5cccc3c45)CC2)c1,6.1858
COc1ccc(N2CCN(CCCCCCN3C(=O)c4cccc5cccc3c45)CC2)cc1,5.7151
CCOc1ccccc1N1CCN(CCCCCCN2C(=O)c3cccc4cccc2c34)CC1,6.1445
O=C1c2cccc3cccc(c23)N1CCCCCCN1CCN(c2ccccn2)CC1,6.0496
O=C1c2cccc3cccc(c23)N1CCCCCCN1CCN(c2ncccn2)CC1,7.3665
O=C1c2cccc3cccc(c23)N1CCCCCCN1CCN(c2ccccc2[N+](=O)[O-])CC1,5.3998
O=C1c2cccc3cccc(c23)N1CCCCCCN1CCN(c2cccc3cccnc23)CC1,6.6536
CCOc1ccccc1N1CCN(CCCCCCN2c3cccc4cccc(c34)S2(=O)=O)CC1,6.2381
O=S1(=O)c2cccc3cccc(c23)N1CCCCCCN1CCN(c2ccccn2)CC1,6.3536
O=[N+]([O-])c1ccccc1N1CCN(CCCCCCN2c3cccc4cccc(c34)S2(=O)=O)CC1,6.2733
COc1ccccc1N1CCN(CCCCCCN2C(=O)c3cccc4cccc(c34)C2=O)CC1,6.4724
COc1cccc(N2CCN(CCCCCCN3C(=O)c4cccc5cccc(c45)C3=O)CC2)c1,6.4763
COc1ccc(N2CCN(CCCCCCN3C(=O)c4cccc5cccc(c45)C3=O)CC2)cc1,4.2211
CCOc1ccccc1N1CCN(CCCCCCN2C(=O)c3cccc4cccc(c34)C2=O)CC1,6.3363
O=C1c2cccc3cccc(c23)C(=O)N1CCCCCCN1CCN(c2ccccn2)CC1,6.2495
O=C1c2cccc3cccc(c23)C(=O)N1CCCCCCN1CCN(c2ccccc2[N+](=O)[O-])CC1,5.7172
COc1ccccc1N1CCN(CCCCCCn2c(=O)n3c4c(cccc42)CCC3)CC1,6.3410
Cl.O=S1(=O)c2cccc3cccc(c23)N1CCCCCCN1CCN(c2ccccc2F)CC1,6.4248
Cl.O=S1(=O)c2cccc3cccc(c23)N1CCCCCCN1CCN(c2ccccc2Cl)CC1,6.2612
Cl.O=S1(=O)c2cccc3cccc(c23)N1CCCCCCN1CCN(c2cccc(Cl)c2)CC1,6.4921
Cl.O=S1(=O)c2cccc3cccc(c23)N1CCCCCCN1CCN(c2ccc(Cl)cc2)CC1,6.8327
Cl.O=S1(=O)c2cccc3cccc(c23)N1CCCCCCN1CCN(c2cccc(Cl)c2Cl)CC1,6.7520
Cl.O=S1(=O)c2cccc3cccc(c23)N1CCCCCCN1CCN(c2ccc(Cl)c(Cl)c2)CC1,6.6003
Cl.O=S1(=O)c2cccc3cccc(c23)N1CCCCCCN1CCN(c2cccc(C(F)(F)F)c2)CC1,6.2248
Cl.O=S1(=O)c2cccc3cccc(c23)N1CCCCCCN1CCN(c2ccc(C(F)(F)F)cc2)CC1,5.8164
Cl.O=C1c2cccc3cccc(c23)N1CCCCCCN1CCN(c2ccccc2F)CC1,6.2807
Cl.O=C1c2cccc3cccc(c23)N1CCCCCCN1CCN(c2ccccc2Cl)CC1,6.2676
Cl.O=C1c2cccc3cccc(c23)N1CCCCCCN1CCN(c2cccc(Cl)c2)CC1,6.3675
Cl.O=C1c2cccc3cccc(c23)N1CCCCCCN1CCN(c2ccc(Cl)cc2)CC1,6.3737
Cl.O=C1c2cccc3cccc(c23)N1CCCCCCN1CCN(c2cccc(Cl)c2Cl)CC1,6.3915
Cl.O=C1c2cccc3cccc(c23)N1CCCCCCN1CCN(c2ccc(Cl)c(Cl)c2)CC1,6.3072
Cl.O=C1c2cccc3cccc(c23)N1CCCCCCN1CCN(c2ccc(Br)cc2)CC1,5.8268
Cl.O=C1c2cccc3cccc(c23)N1CCCCCCN1CCN(c2ccccc2C(F)(F)F)CC1,5.7530
Cl.O=C1c2cccc3cccc(c23)N1CCCCCCN1CCN(c2cccc(C(F)(F)F)c2)CC1,6.1118
Cl.O=C1c2cccc3cccc(c23)N1CCCCCCN1CCN(c2ccc(C(F)(F)F)cc2)CC1,5.3611
Cc1cc(Oc2nccc3occc23)ccc1-c1c(C)ncc2nccn12,5.3098
Cc1ncc2nccn2c1-c1ccc(Oc2nccc3occc23)cc1C(F)(F)F,5.0605
FC(F)(F)c1cc(Oc2nccc3occc23)ccc1-c1cccc2nccn12,5.3665
FC(F)(F)c1cc(Oc2nccc3ccsc23)ccc1-c1cccc2nccn12,5.4685
CCn1cncc1-c1c[nH]c2c(F)cc(I)cc12,5.0700
Cn1cncc1-c1c[nH]c2ccc(F)c(F)c12,5.0500
CCn1cncc1-c1c[nH]c2ccc(F)c(F)c12,5.7701
Cn1cncc1-c1c[nH]c2ccc(Br)cc12,5.0300
CC(C)CCO[C@@H]1[C@H]2OC(C)(C)O[C@H]2[C@H]2Cn3cc(nn3)COCCCCCCN(CCc3ccc4ccccc4c3)CC[C@H]1O2,5.8790
CC(C)CCO[C@@H]1[C@H]2OC(C)(C)O[C@H]2[C@H]2COCc3cn(nn3)C[C@H]3O[C@H](CCN(CCc4ccc5ccccc5c4)CC[C@H]1O2)[C@H](OCCC(C)C)[C@H]1OC(C)(C)O[C@H]13,5.1942
COc1ccccc1N1CCN(CCCSc2nnc(-c3ccccc3)n2C)CC1,5.8492
COc1ccc(-c2c(=O)n(CCCCN3CCCC(c4c[nH]c5ccc(OC)cc45)C3)c(=O)n3ccccc23)cc1,6.5031
COc1ccc(-c2c(=O)n(CCCCN3CCCC(c4c[nH]c5ccccc45)C3)c(=O)n3ccccc23)cc1,7.6778
O=c1c(-c2ccc(F)cc2)c2ccccn2c(=O)n1CCCCN1CCCC(c2c[nH]c3ccccc23)C1,6.3615
O=c1c(-c2ccccc2)c2ccccn2c(=O)n1CCCCN1CCCC(c2c[nH]c3ccccc23)C1,6.3635
CCCN(CC[C@]1(O)C[C@H](NC(=O)c2ccc3ccccc3c2)C1)[C@H]1CCc2nc(N)sc2C1,5.5465
Cc1nc2sccn2c(=O)c1CCN1CCC(=C(c2ccc(F)cc2)c2ccc(F)cc2)CC1,9.0884
O=C(c1cccn2ccnc12)N1CCN(CCc2ccccc2Cl)CC1,8.3979
CCc1cc(Cl)c(OC)c(N2CCN(CC(F)CCNC(=O)c3cc4ccccc4[nH]3)CC2)c1,5.1805
CCc1cccc(N2CCN(CC(F)CCNC(=O)c3cc4ccccc4[nH]3)CC2)c1Cl,6.2076
CCc1cc(Cl)c(OC)c(N2CCN(CC(F)CCNC(=O)c3cc4ccccc4o3)CC2)c1,5.5243
CCc1cccc(N2CCN(CC(F)CCNC(=O)c3cc4ccccc4o3)CC2)c1Cl,6.4737
CCc1cc(Cl)c(OC)c(N2CCN(C[C@H](O)CCNC(=O)c3cc4ccccc4[nH]3)CC2)c1,5.7138
CCc1cc(Cl)c(OC)c(N2CCN(C[C@@H](O)CCNC(=O)c3cc4ccccc4[nH]3)CC2)c1,5.1192
CCc1cccc(N2CCN(C[C@H](O)CCNC(=O)c3cc4ccccc4[nH]3)CC2)c1Cl,7.6716
CCc1cccc(N2CCN(C[C@@H](O)CCNC(=O)c3cc4ccccc4[nH]3)CC2)c1Cl,6.0269
O=C(c1ccc(-n2ccnc2)cc1)C1CC1,7.3000
O=C(c1ccc(-n2cnc([N+](=O)[O-])c2)cc1)C1CC1,7.3400
O=C(c1ccc(N2CCN(Cc3ccccc3)CC2)cc1)C1CC1,7.4200
COc1ccc2c(c1)c(C1=CCNCC1)cn2S(=O)(=O)c1cncc2ccccc12,5.4743
COc1ccc2c(c1)c(C1=CCNCC1)cn2S(=O)(=O)c1ccc2cccnc2c1,5.9987
COc1ccc2c(c1)c(C1=CCNCC1)cn2S(=O)(=O)c1cccc2ncccc12,5.8091
O=S(=O)(c1ccc2cccnc2c1)n1cc(C2=CCNCC2)c2cc(Cl)ccc21,5.5869
O=S(=O)(c1ccc2ncccc2c1)n1cc(C2=CCNCC2)c2ccccc21,5.8502
CCc1cc(Cl)c(OC)c(N2CCNCC2)c1,7.0438
CCc1cccc(N2CCNCC2)c1Cl,8.1549
CCc1cc(Cl)c(OC)c(N2CCN(C)CC2)c1,6.8539
CCc1cccc(N2CCN(C)CC2)c1Cl,8.4921
CCCCN1CCN(c2cc(CC)cc(Cl)c2OC)CC1,6.3279
CCCCN1CCN(c2cccc(CC)c2Cl)CC1,7.2757
CCc1cc(Cl)c(OC)c(N2CCN(CCCCNC(=O)c3cc4ccccc4[nH]3)CC2)c1,7.2211
CCc1cc(Cl)c(OC)c(N2CCN(CC(O)CCNC(=O)c3cc4ccccc4[nH]3)CC2)c1,6.7258
CCc1cc(Cl)c(OC)c(N2CCN(CCCCNC(=O)c3cc4ccccc4o3)CC2)c1,7.6021
CCc1cc(Cl)c(OC)c(N2CCN(CC(O)CCNC(=O)c3cc4ccccc4o3)CC2)c1,7.3675
CCc1cccc(N2CCN(CCCCNC(=O)c3cc4ccccc4[nH]3)CC2)c1Cl,8.2823
CCc1cccc(N2CCN(CC(O)CCNC(=O)c3cc4ccccc4[nH]3)CC2)c1Cl,7.5513
CCc1cccc(N2CCN(CCCCNC(=O)c3cc4ccccc4o3)CC2)c1Cl,8.6180
CCc1cccc(N2CCN(CC(O)CCNC(=O)c3cc4ccccc4o3)CC2)c1Cl,8.4949
CNCCc1c[nH]c2cccc(O)c12,8.3400
CCOC(=O)Cc1nn(CNC(=O)CCN2CCN(c3ccc(F)cc3)CC2)c(=O)c2ccccc12,5.2636
CCOC(=O)Cc1nn(CNC(=O)CCN2CCN(c3ccccc3Cl)CC2)c(=O)c2ccccc12,5.3206
CCOC(=O)Cc1nn(CNC(=O)CCN2CCN(c3cccc(Cl)c3)CC2)c(=O)c2ccccc12,5.9172
CCOC(=O)Cc1nn(CNC(=O)CCN2CCN(c3cccc(C(F)(F)F)c3)CC2)c(=O)c2ccccc12,5.9666
CCOC(=O)Cc1nn(CNC(=O)CCN2CCN(c3ccccc3OCC)CC2)c(=O)c2ccccc12,5.1952
CCOC(=O)Cc1nn(CNC(=O)CCN2CCN(c3ccc(C)c(C)c3)CC2)c(=O)c2ccccc12,6.3635
CCOC(=O)Cc1nn(CNC(=O)CCN2CCN(c3cccc(C)c3C)CC2)c(=O)c2ccccc12,6.3546
CCOC(=O)Cc1nn(CNC(=O)CCN2CCN(c3ccc(C)cc3C)CC2)c(=O)c2ccccc12,5.2581
CCOC(=O)Cc1nn(CNC(=O)CCN2CCN(c3c(C)cccc3C)CC2)c(=O)c2ccccc12,5.2140
CCOC(=O)Cc1nn(CNC(=O)CCN2CCN(c3ccc(C)c(C)c3)CC2)c(=O)c2c(F)cccc12,6.3468
CCOC(=O)Cc1nn(CNC(=O)CCN2CCN(c3cccc(C)c3C)CC2)c(=O)c2c(F)cccc12,6.8239
CCOC(=O)Cc1nn(CNC(=O)CCN2CCN(c3ccc(C)c(C)c3)CC2)c(=O)c2cc(F)ccc12,6.8827
CCOC(=O)Cc1nn(CNC(=O)CCN2CCN(c3cccc(C)c3C)CC2)c(=O)c2cc(F)ccc12,6.3615
Cc1ccc(N2CCN(CCC(=O)NCc3nc4ccccc4c(=O)n3-c3ccccc3)CC2)cc1C,6.3224
CCOC(=O)Cc1nn(CNC(=O)CCCN2CCN(c3ccc(C)c(C)c3)CC2)c(=O)c2ccccc12,8.0458
CCOC(=O)Cc1nn(CNC(=O)CCCN2CCN(c3cccc(C)c3C)CC2)c(=O)c2ccccc12,7.0088
CCOC(=O)Cc1nn(CNC(=O)CCCN2CCN(c3ccc(C)c(C)c3)CC2)c(=O)c2c(F)cccc12,7.4318
CCOC(=O)Cc1nn(CNC(=O)CCCN2CCN(c3cccc(C)c3C)CC2)c(=O)c2c(F)cccc12,6.9830
CCOC(=O)Cc1nn(CNC(=O)CCCN2CCN(c3ccc(C)c(C)c3)CC2)c(=O)c2cc(F)ccc12,7.9208
CCOC(=O)Cc1nn(CNC(=O)CCCN2CCN(c3cccc(C)c3C)CC2)c(=O)c2cc(F)ccc12,6.9101
Cc1cccc(N2CCN(CCCC(=O)NCn3nc(CC(N)=O)c4ccccc4c3=O)CC2)c1C,6.5918
Cc1cccc(N2CCN(CCCC(=O)NCn3nc(CC(N)=O)c4cccc(F)c4c3=O)CC2)c1C,6.8416
Cc1cccc(N2CCN(CCCC(=O)NCn3nc(CC(N)=O)c4ccc(F)cc4c3=O)CC2)c1C,6.8013
CC(C)COc1ccc(CNC(=O)N(Cc2ccc(F)cc2)C2CCNCC2)cc1.Cl,9.2218
CC(C)COc1ccc(CNC(=O)N(Cc2ccc(F)cc2)C2CCN(S(C)(=O)=O)CC2)cc1,5.6951
CC(C)COc1ccc(CNC(=O)N(Cc2ccc(F)cc2)C2CCN(C(=S)NC(C)C)CC2)cc1,5.9485
CC(C)COc1ccc(CNC(=O)N(Cc2ccc(F)cc2)C2CCN(C(=O)CCC(=O)O)CC2)cc1,6.4985
CC(C)COc1ccc(CNC(=O)N(Cc2ccc(F)cc2)C2CCN(C(=O)CC[C@H](N)C(=O)O)CC2)cc1,8.0783
CC(C)COc1ccc(CNC(=O)N(Cc2ccc(F)cc2)C2CCN(C(=O)C[C@H](N)C(=O)O)CC2)cc1,7.4603
CN1CCC(N(Cc2ccc(F)cc2)C(=O)NCc2ccc(OCC(O)CN3CCN(C(=O)OC(C)(C)C)CC3)cc2)CC1,8.7144
CN1CCC(N(Cc2ccc(F)cc2)C(=O)NCc2ccc(OCC(O)CN3CCN(c4nsc5ccccc45)CC3)cc2)CC1,9.0605
CN1CCC(N(Cc2ccc(F)cc2)C(=O)NCc2ccc(OCC(O)CN3CCC(c4noc5cc(F)ccc45)CC3)cc2)CC1,9.4089
C1=CC2CNCCN3C[C@@H]4CCC[C@@H]4C(=C1)C23,6.8268
FC(F)(F)CC1CN2CCNCc3cccc1c32,5.9678
c1cc2c3c(c1)C1(CCC1)CN3CCNC2,5.9618
Cc1ccc2c3c1C(C)CN3CCNC2,6.7579
CC1CN2CCNCc3ccc(Cl)c1c32,6.6351
CC1CN2CCNCc3ccc(Br)c1c32,6.8389
FC(F)(F)CC1CN2CCNCc3ccc(Br)c1c32,7.2441
CC1CN2CCNCc3cc(Cl)c(Cl)c1c32,6.5937
Cc1cc2c3c(c1Cl)C(C)CN3CCNC2,6.4389
CC1(C)CN2CCNCc3ccc(Cl)c1c32,6.5474
Cc1ccc2c3c1C(C)(C)CN3CCNC2,6.6713
Clc1ccc2c3c1CCN3CCNC2,5.9431
Clc1ccc2c3c1CCCN3CCNC2,6.4101
Clc1ccc2c3c1OCCN3CCNC2,5.6144
Clc1ccc2c3c1SCCN3CCNC2,6.7447
Brc1ccc2c3c1CCN3CCNC2,6.5229
FC(F)(F)c1ccc2c3c1CCN3CCNC2,6.7747
c1ccc(Cc2ccc3c4c2CCN4CCNC3)cc1,7.1675
CC1CN2CCNCc3cccc1c32,5.4318
CC1(C)CN2CCNCc3cccc1c32,5.6990
CC1(C)CN2CCNCc3ccc(Br)c1c32,7.4437
CC1(C)CN2CCNCc3ccc(F)c1c32,6.4559
O=c1n(CCCCN2CCN(c3cccc4sccc34)CC2)nc2ccccn12,7.4660
O=c1n(CCCCN2CCN(c3cccc4sccc34)CC2)nc2ccc(F)cn12,7.3344
O=c1n(CCCCN2CCN(c3cccc4sccc34)CC2)nc2c(F)cccn12,7.4498
O=c1n(CCCCN2CCN(c3cccc4sccc34)CC2)nc2c(F)cc(F)cn12,7.5686
O=c1n(CCCCN2CCN(c3cccc4sccc34)CC2)nc2ccc(Cl)cn12,6.8416
O=c1n(CCCCN2CCN(c3cccc4sccc34)CC2)nc2c(Cl)cccn12,6.4342
O=c1n(CCCCN2CCN(c3cccc4sccc34)CC2)nc2c(Cl)cc(Cl)cn12,6.1858
O=c1n(CCCCN2CCN(c3cccc4sccc34)CC2)nc2c(Br)cccn12,6.8827
COc1cccc2nn(CCCCN3CCN(c4cccc5sccc45)CC3)c(=O)n12,7.8861
COc1cccn2c(=O)n(CCCCN3CCN(c4cccc5sccc45)CC3)nc12,7.0696
N#Cc1cccc2nn(CCCCN3CCN(c4cccc5sccc45)CC3)c(=O)n12,6.9830
N#Cc1ccc2nn(CCCCN3CCN(c4cccc5sccc45)CC3)c(=O)n2c1,7.9586
N#Cc1ccn2c(=O)n(CCCCN3CCN(c4cccc5sccc45)CC3)nc2c1,6.1391
N#Cc1cccn2c(=O)n(CCCCN3CCN(c4cccc5sccc45)CC3)nc12,6.8097
O=c1n(CCCCN2CCN(c3cccc4scnc34)CC2)nc2ccccn12,5.5638
O=c1n(CCCCN2CCC(c3cc(F)cc4oncc34)CC2)nc2ccccn12,7.8182
O=c1n(CCCCN2CCN(c3cccc4scnc34)CC2)nc2c(F)cccn12,7.1090
O=c1n(CCCCN2CCN(c3cccc4sc(F)cc34)CC2)nc2c(F)cccn12,5.9706
Cl.O=C(c1ccc(F)cc1)C1CCN(CCn2c(=S)[nH]c3ccccc3c2=O)CC1,8.5496
S=C(NCCN1CCN(c2ncccn2)CC1)C12CC3CC(CC(C3)C1)C2,7.2055
Cl.O=C(NCCN1CCN(c2ncccn2)CC1)C12CC3CC(CC(C3)C1)C2,7.4724
COc1cc2c3c(c1OCC1CC1)-c1cc(N)ccc1CC3N(C)CC2,6.9586
CCCC(=O)Nc1ccc2c(c1)-c1c(OC)c(OC)cc3c1C(C2)N(C)CC3,6.3799
COc1cc2c3c(c1OCC1CC1)-c1cc(NC(C)=O)ccc1CC3N(C)CC2,6.0114
CCCC(=O)Nc1ccc2c(c1)-c1c(OCC3CC3)c(OC)cc3c1C(C2)N(C)CC3,6.1772
C=CCOc1c(OC)cc2c3c1-c1cc(NC(=O)CCC)ccc1CC3N(C)CC2,6.3536
C#CCOc1c(OC)cc2c3c1-c1cc(NC(=O)CCC)ccc1CC3N(C)CC2,5.9838
COc1cc2c3c(c1OCC1CC1)-c1cc(NS(C)(=O)=O)ccc1CC3N(C)CC2,6.3635
C=CCOc1c(OC)cc2c3c1-c1cc(NS(C)(=O)=O)ccc1CC3N(C)CC2,6.1752
C#CCOc1c(OC)cc2c3c1-c1cc(NS(C)(=O)=O)ccc1CC3N(C)CC2,5.8758
COc1cc2c3c(c1OCC1CC1)-c1cc(NC(N)=O)ccc1CC3N(C)CC2,6.0670
COc1cc2c3c(c1OC)-c1cc(N(C)C)ccc1CC3N(C)CC2,6.5302
COc1cc2c3c(c1OCC1CC1)-c1cc(N(C)C)ccc1CC3N(C)CC2,6.0565
C=CCOc1c(OC)cc2c3c1-c1cc(N(C)C)ccc1CC3N(C)CC2,6.4976
CN(C)c1ccc2c(c1)-c1cccc3c1C(C2)N(C)CC3,6.2472
CN1CCc2cccc3c2C1Cc1ccc2nc(N)sc2c1-3,5.9830
COc1c(O)cccc1C(=O)C1CCN(CCc2ccc(F)cc2)CC1,7.9594
COc1cccc(C(=O)C2CCN(CCc3ccc(F)cc3)CC2)c1OC,9.1858
COCCOc1cccc(C(=O)C2CCN(CCc3ccc(F)cc3)CC2)c1OC,8.2772
COc1ccccc1C1CCN(c2ccn3c(CC4CC4)nnc3c2Cl)CC1,5.8880
COc1cccc(C2CCN(c3ccn4c(CC5CC5)nnc4c3Cl)CC2)c1,5.3836
COCCOc1ccccc1C1CCN(c2ccn3c(CC4CC4)nnc3c2Cl)CC1,5.4045
COCCOc1cccc(C2CCN(c3ccn4c(CC5CC5)nnc4c3Cl)CC2)c1,5.2209
Oc1ccc(C2CCN(c3ccn4c(CC5CC5)nnc4c3Cl)CC2)cc1,6.1413
COc1c(OCCOCCOCCOc2ccc(C3CCN(c4ccn5c(CC6CC6)nnc5c4Cl)CC3)cc2)cccc1C(=O)C1CCN(CCc2ccc(F)cc2)CC1,6.1804
COc1c(OCCOCCOCCOCCOc2ccc(C3CCN(c4ccn5c(CC6CC6)nnc5c4Cl)CC3)cc2)cccc1C(=O)C1CCN(CCc2ccc(F)cc2)CC1,7.0164
COc1c(OCCOCCOCCOCCOCCOc2ccc(C3CCN(c4ccn5c(CC6CC6)nnc5c4Cl)CC3)cc2)cccc1C(=O)C1CCN(CCc2ccc(F)cc2)CC1,6.6180
COc1c(OCCOCCOCCOCCOCCOCCOc2ccc(C3CCN(c4ccn5c(CC6CC6)nnc5c4Cl)CC3)cc2)cccc1C(=O)C1CCN(CCc2ccc(F)cc2)CC1,6.7843
COc1c(OCCOCCOCCOCCOCCOCCOCCOCCOc2ccc(C3CCN(c4ccn5c(CC6CC6)nnc5c4Cl)CC3)cc2)cccc1C(=O)C1CCN(CCc2ccc(F)cc2)CC1,6.6550
COc1c(OCCOCCOCCOCCOCCOCCOCCOCCOCCOCCOc2ccc(C3CCN(c4ccn5c(CC6CC6)nnc5c4Cl)CC3)cc2)cccc1C(=O)C1CCN(CCc2ccc(F)cc2)CC1,6.8114
COc1c(OCCOCCOCCOCCOCCOCCOCCOCCOCCOCCOCCOCCOc2ccc(C3CCN(c4ccn5c(CC6CC6)nnc5c4Cl)CC3)cc2)cccc1C(=O)C1CCN(CCc2ccc(F)cc2)CC1,6.4945
C#CCOc1c(OC)cc2c3c1-c1cc(NC(C)=O)ccc1CC3N(C)CC2,5.8955
C=CCOc1c(OC)cc2c3c1-c1cc(NC(C)=O)ccc1CC3N(C)CC2,5.9136
C#CCOc1c(OC)cc2c3c1-c1cc(N)ccc1CC3N(C)CC2,6.4225
C=CCOc1c(OC)cc2c3c1-c1cc(N)ccc1CC3N(C)CC2,6.6308
COc1cc2c3c(c1OC1CC1)-c1cc(N)ccc1CC3N(C)CC2,6.9586
COc1cc2c3c(c1OC)-c1cc(N)ccc1CC3N(C)CC2,6.2328
COc1cc2c3c(c1O)-c1cc(N)ccc1CC3N(C)CC2,6.0706
COc1cc2c3c(c1OC)-c1cc([N+](=O)[O-])ccc1CC3N(C)CC2,5.8706
COc1cc2c3c(c1O)-c1cc([N+](=O)[O-])ccc1CC3N(C)CC2,6.0419
CC(=O)Nc1ccc2c(c1)-c1cccc3c1C(C2)N(C)CC3,5.9739
CN1CCc2cccc3c2C1Cc1ccc(N)cc1-3,6.1726
CN1CCc2cccc3c2[C@H]1Cc1ccc(O)c(O)c1-3,6.9208
O=C1[C@@H]2[C@H]3CC[C@H](C3)[C@@H]2C(=O)N1CCCCCCN1CCN(c2nsc3ccccc23)CC1,8.3979
O=C1[C@@H]2[C@H]3CC[C@H](C3)[C@@H]2C(=O)N1CCCCCCN1CCN(c2ccccc2Cl)CC1,6.2668
O=C1[C@@H]2[C@H]3CC[C@H](C3)[C@@H]2C(=O)N1CCCCCCN1CCN(c2cccc(Cl)c2)CC1,7.0915
O=C1[C@@H]2[C@H]3CC[C@H](C3)[C@@H]2C(=O)N1CCCCCCN1CCN(c2ccc(Cl)cc2)CC1,7.1367
O=C1[C@@H]2[C@H]3CC[C@H](C3)[C@@H]2C(=O)N1CCCCCCN1CCN(c2cccc(Cl)c2Cl)CC1,6.7932
O=C1[C@@H]2[C@H]3CC[C@H](C3)[C@@H]2C(=O)N1CCCCCCN1CCN(c2cccc(C(F)(F)F)c2)CC1,6.7235
COc1ccccc1N1CCN(CCCCCCN2C(=O)[C@@H]3[C@H]4CC[C@H](C4)[C@@H]3C2=O)CC1,6.1051
O=C1c2ccccc2C(=O)N1CCCCCCN1CCN(c2nsc3ccccc23)CC1,7.6198
O=c1n(CCCCCCN2CCN(c3nsc4ccccc34)CC2)nc2ccccn12,8.3010
O=c1oc2ccccc2n1CCCCCCN1CCN(c2nsc3ccccc23)CC1,8.2218
c1ccc2oc(SCCCCCCN3CCN(c4nsc5ccccc45)CC3)nc2c1,7.8861
O=C1CCc2cc(OCCCCCCN3CCN(c4nsc5ccccc45)CC3)ccc2N1,7.6990
O=C1c2cccc3cccc(c23)N1CCCCCCN1CCN(c2nsc3ccccc23)CC1,7.2596
O=S1(=O)c2cccc3cccc(c23)N1CCCCCCN1CCN(c2nsc3ccccc23)CC1,7.4949
O=C1c2cccc3cccc(c23)C(=O)N1CCCCCCN1CCN(c2nsc3ccccc23)CC1,7.2757
O=c1n(CCCCCCN2CCN(c3nsc4ccccc34)CC2)c2cccc3c2n1CCC3,7.9208
O=S(=O)(c1ccccc1)N(CCCCCCN1CCN(c2nsc3ccccc23)CC1)c1cccc(C(F)(F)F)c1,7.1871
Cc1ccc(S(=O)(=O)N(CCCCCCN2CCN(c3nsc4ccccc34)CC2)c2ccccc2)cc1,7.5850
O=c1[nH]c2ccccc2n1CCCCCCN1CCN(c2nsc3ccccc23)CC1,8.2218
O=C(NCCCCCCN1CCN(c2nsc3ccccc23)CC1)c1ccccc1,8.3979
O=S(=O)(NCCCCCCN1CCN(c2nsc3ccccc23)CC1)c1ccccc1,7.8239
O=S(=O)(NCCCCCCN1CCN(c2nsc3ccccc23)CC1)c1cccc2ccccc12,7.2007
O=S(=O)(NCCCCCCN1CCN(c2nsc3ccccc23)CC1)c1ccc2ccccc2c1,7.3565
CN(C)CCN1C(=O)c2ccccc2N(C)c2ccccc21,5.1427
CN(C)CCN1C(=O)c2ccccc2/C=C\c2ccccc21,4.1284
CN(C)CCCN1C(=O)c2ccccc2/C=C\c2ccccc21,4.7670
CN1CCN(CCCN2C(=O)c3ccccc3/C=C\c3ccccc32)CC1,4.3161
Cc1ccc2c(c1)C(C1=C[C@H](C)N(C)CC1)=Nc1cc(Cl)ccc1N2,10.0269
CCc1ccc2c(c1)C(C1=C[C@H](C)N(C)CC1)=Nc1cc(Cl)ccc1N2,9.8539
CCOc1ccc2c(c1)C(C1=C[C@H](C)N(C)CC1)=Nc1cc(Cl)ccc1N2,10.0410
C[C@H]1C=C(C2=Nc3cc(Cl)ccc3Nc3ccc(OC(F)(F)F)cc32)CCN1C,9.8539
CC(C)n1nc2c(c1-c1ccc(F)cc1)CCNCC2,8.0985
CNc1ccc(-c2c3c(nn2C(C)C)CCNCC3)cc1,8.5229
Fc1ccc(-c2c3c(nn2C2CCC2)CCNCC3)cc1,9.0000
Fc1ccc(-c2c3c(nn2C2CC2)CCNCC3)cc1,8.2218
CC(C)n1nc2c(c1-c1ccc(Cl)cc1Cl)CCNCC2,7.8239
CC(C)n1nc2c(c1-c1ccc(Cl)c(Cl)c1)CCNCC2,7.4089
CC(C)n1nc2c(c1-c1ccc(OC(F)(F)F)cc1)CCNCC2,7.3979
CC(C)n1nc2c(c1-c1ccc(C(F)(F)F)cc1)CCNCC2,8.6990
CC(C)n1nc2c(c1-c1ccc(C#N)cc1)CCNCC2,8.3010
CC(C)n1nc2c(c1-c1ccc(Cl)cc1)CCNCC2,9.0000
COc1ccc(-c2c3c(nn2C(C)C)CCNCC3)cc1,8.5229
Cc1ccc(-c2c3c(nn2C(C)C)CCNCC3)cc1,9.0000
c1ccc(-c2c3c(nn2-c2ccccc2)CCNCC3)cc1,6.2218
c1ccc(-c2c3c(nn2C2CCC2)CCNCC3)cc1,8.5229
c1ccc(-c2c3c(nn2C2CC2)CCNCC3)cc1,7.5229
CC(C)(C)n1nc2c(c1-c1ccccc1)CCNCC2,7.7212
CC(C)n1nc2c(c1-c1ccccc1)CCNCC2,7.6198
CCn1nc2c(c1-c1ccccc1)CCNCC2,7.2218
Clc1ccc(-c2nn(Cc3ccccc3)c3c2CCNCC3)cc1,7.0000
C[C@H]1CN(CC[C@H]2CC[C@H](NC(=O)N(C)C)CC2)CCc2ccc(Cl)cc21,7.5918
C[C@H]1CN(CC[C@H]2CC[C@H](N3C(=O)CC4(CCCC4)CC3=O)CC2)CCc2ccc(Cl)cc21,7.7905
C[C@H]1CN(CC[C@H]2CC[C@H](NC(=O)c3ccco3)CC2)CCc2ccc(Cl)cc21,7.1118
COc1ccc2c(c1[C@@H]1C[C@H]1CN)CCO2.O=C(O)C(F)(F)F,6.5301
CCOc1ccc2c(c1[C@@H]1C[C@H]1CN)CCO2.Cl,6.0103
Cl.NC[C@@H]1C[C@H]1c1c(OCCF)ccc2c1CCO2,5.7089
COc1ccc2occc2c1[C@@H]1C[C@H]1CN.Cl,6.9613
CCOc1ccc2occc2c1[C@@H]1C[C@H]1CN.Cl,6.2314
Cl.NC[C@@H]1C[C@H]1c1c(OCCF)ccc2occc12,6.4078
CC(C)Oc1ccc2occc2c1[C@@H]1C[C@H]1CN.Cl,6.0289
COc1ccc2c(c1[C@H]1C[C@@H]1CN)CCO2.O=C(O)C(F)(F)F,6.9309
CCOc1ccc2c(c1[C@H]1C[C@@H]1CN)CCO2.Cl,6.9485
CCCOc1ccc2c(c1[C@H]1C[C@@H]1CN)CCO2.Cl,6.1278
C=CCOc1ccc2c(c1[C@H]1C[C@@H]1CN)CCO2.Cl,6.2045
Cl.NC[C@H]1C[C@@H]1c1c(OCC2CC2)ccc2c1CCO2,6.1213
Cl.NC[C@H]1C[C@@H]1c1c(OCCF)ccc2c1CCO2,5.6323
COc1ccc2occc2c1[C@H]1C[C@@H]1CN.Cl,7.4309
CCOc1ccc2occc2c1[C@H]1C[C@@H]1CN.Cl,6.9573
CCCOc1ccc2occc2c1[C@H]1C[C@@H]1CN.Cl,6.4084
C=CCOc1ccc2occc2c1[C@H]1C[C@@H]1CN.Cl,6.6708
Cl.NC[C@H]1C[C@@H]1c1c(OCCF)ccc2occc12,7.6538
Cl.NC[C@H]1C[C@@H]1c1c(OCC2CC2)ccc2occc12,6.3405
CC(C)Oc1ccc2occc2c1[C@H]1C[C@@H]1CN.Cl,6.5279
C=C(F)COc1ccc2occc2c1[C@H]1C[C@@H]1CN.Cl,6.4481
C=C(C)COc1ccc2occc2c1[C@H]1C[C@@H]1CN.Cl,6.5875
CCc1cc2c([C@H]3C[C@@H]3CN)c(OC)ccc2o1.Cl,6.0287
CCOc1ccc2oc(CC)cc2c1[C@H]1C[C@@H]1CN.Cl,5.5827
CCc1cc2c([C@H]3C[C@@H]3CN)c(OCCF)ccc2o1.Cl,5.6578
O=S(=O)(N[C@H]1CCN(CCCc2noc3ccccc23)C1)c1cc2ccc(F)cc2s1,8.9602
O=S(=O)(N[C@@H]1CCN(CCCc2noc3ccccc23)C1)c1cc2ccc(F)cc2s1,9.4000
O=S(=O)(N[C@H]1CCN(CCCc2noc3ccccc23)C1)c1cc2ccc(Cl)cc2s1,8.0200
O=S(=O)(N[C@@H]1CCN(CCCc2noc3ccccc23)C1)c1cc2ccc(Cl)cc2s1,9.1000
O=S(=O)(N[C@H]1CCN(CCCc2noc3ccccc23)C1)c1cc2ccccc2s1,9.1300
O=S(=O)(N[C@@H]1CCN(CCCc2noc3ccccc23)C1)c1cc2ccccc2s1,8.5000
O=S(=O)(N[C@H]1CCN(CCCc2noc3ccccc23)C1)c1csc2ccccc12,8.9602
O=S(=O)(N[C@@H]1CCN(CCCc2noc3ccccc23)C1)c1csc2ccccc12,9.3800
O=S(=O)(N[C@H]1CCN(CCCc2noc3ccccc23)C1)c1cc2ccccc2o1,9.6099
O=S(=O)(N[C@@H]1CCN(CCCc2noc3ccccc23)C1)c1cc2ccccc2o1,9.4600
Cn1ccc2cc(S(=O)(=O)N[C@H]3CCN(CCCc4noc5ccccc45)C3)ccc21,9.3500
Cn1ccc2cc(S(=O)(=O)N[C@@H]3CCN(CCCc4noc5ccccc45)C3)ccc21,9.6099
Cn1ccc2c(S(=O)(=O)N[C@H]3CCN(CCCc4noc5ccccc45)C3)cccc21,8.8901
Cn1ccc2c(S(=O)(=O)N[C@@H]3CCN(CCCc4noc5ccccc45)C3)cccc21,8.0400
O=S(=O)(N[C@H]1CCN(CCCc2noc3ccccc23)C1)c1ccc2cc(Cl)ccc2c1,7.7100
O=S(=O)(N[C@@H]1CCN(CCCc2noc3ccccc23)C1)c1ccc2cc(Cl)ccc2c1,8.2700
COc1ccc2cc(S(=O)(=O)N[C@H]3CCN(CCCc4noc5ccccc45)C3)ccc2c1,8.2400
COc1ccc2cc(S(=O)(=O)N[C@@H]3CCN(CCCc4noc5ccccc45)C3)ccc2c1,9.0300
O=S(=O)(N[C@H]1CCN(CCCc2noc3ccccc23)C1)c1ccc2ccccc2c1,9.4800
O=S(=O)(N[C@@H]1CCN(CCCc2noc3ccccc23)C1)c1ccc2ccccc2c1,9.6099
O=S(=O)(N[C@H]1CCN(CCCc2noc3ccccc23)C1)c1cccc2ccccc12,8.9602
O=S(=O)(N[C@H]1CCN(CCCc2noc3ccccc23)C1)c1ccc(F)c(Cl)c1,8.1900
O=S(=O)(N[C@@H]1CCN(CCCc2noc3ccccc23)C1)c1cccc2ccccc12,9.3500
Cc1c(S(=O)(=O)N[C@H]2CCN(CCCc3noc4ccccc34)C2)sc2ccc(F)cc12,8.4101
Cc1c(S(=O)(=O)N[C@@H]2CCN(CCCc3noc4ccccc34)C2)sc2ccc(F)cc12,9.1000
Cc1c(S(=O)(=O)N[C@H]2CCN(CCCc3noc4ccccc34)C2)sc2ccc(Cl)cc12,8.0500
Cc1c(S(=O)(=O)N[C@@H]2CCN(CCCc3noc4ccccc34)C2)sc2ccc(Cl)cc12,8.5501
Cc1ccc2sc(S(=O)(=O)N[C@H]3CCN(CCCc4noc5ccccc45)C3)cc2c1,8.8700
Cc1ccc2sc(S(=O)(=O)N[C@@H]3CCN(CCCc4noc5ccccc45)C3)cc2c1,9.2300
Cc1cccc(S(=O)(=O)N[C@H]2CCN(CCCc3noc4ccccc34)C2)c1,8.9901
Cc1cccc(S(=O)(=O)N[C@@H]2CCN(CCCc3noc4ccccc34)C2)c1,8.3700
O=S(=O)(N[C@@H]1CCN(CCCc2noc3ccccc23)C1)c1ccc(F)c(Cl)c1,8.2800
O=S(=O)(N[C@H]1CCN(CCCc2noc3ccccc23)C1)c1ccc(F)cc1,7.8099
O=S(=O)(N[C@H]1CCN(CCCc2noc3ccccc23)C1)c1cccc(Cl)c1,8.8099
O=S(=O)(N[C@@H]1CCN(CCCc2noc3ccccc23)C1)c1ccc(F)cc1,7.9401
O=S(=O)(N[C@@H]1CCN(CCCc2noc3ccccc23)C1)c1cccc(Cl)c1,8.3800
O=C(CN1CCN(CCCc2c[nH]c3ccc(F)cc23)CC1)N(c1ccccc1)C1CCCCC1,6.6846
CCCN(CCCN1CCN(c2cccc(Cl)c2Cl)CC1)C(=O)c1ccccc1,5.4883
CC(C)N(CCCN1CCN(c2cccc(Cl)c2Cl)CC1)C(=O)c1ccccc1,5.6972
O=C(c1ccccc1)N(CCCN1CCN(c2cccc(Cl)c2Cl)CC1)CC1CC1,6.1146
O=C(c1ccccc1)N(CCCN1CCN(c2cccc(Cl)c2Cl)CC1)C1COC1,5.6621
CCCN(CCCN1CCN(c2ccccn2)CC1)C(=O)c1ccccc1,5.1221
O=C(c1ccccc1)N(CCCN1CCN(c2ccccn2)CC1)CC1CC1,5.1124
CCCN(CCCN1CCC(c2noc3cc(F)ccc23)CC1)C(=O)c1ccccc1,7.1361
CC(C)N(CCCN1CCC(c2noc3cc(F)ccc23)CC1)C(=O)c1ccccc1,7.9355
O=C(c1ccccc1)N(CCCN1CCC(c2noc3cc(F)ccc23)CC1)CC1CC1,7.3893
O=C(c1ccccc1)N(CCCN1CCC(c2noc3cc(F)ccc23)CC1)C1COC1,7.7258
O=S(=O)(c1ccccc1)N(CCCN1CCC(c2noc3cc(F)ccc23)CC1)C1COC1,8.0315
O=S(=O)(c1ccc(F)cc1)N(CCCN1CCC(c2noc3cc(F)ccc23)CC1)C1COC1,7.8210
O=S(=O)(c1ccc(Cl)cc1)N(CCCN1CCC(c2noc3cc(F)ccc23)CC1)C1COC1,7.4609
O=S(=O)(c1ccc(C(F)(F)F)cc1)N(CCCN1CCC(c2noc3cc(F)ccc23)CC1)C1COC1,7.0329
N#Cc1ccc(S(=O)(=O)N(CCCN2CCC(c3noc4cc(F)ccc34)CC2)C2COC2)cc1,7.9469
O=C(CCCN1CCN(c2ccccn2)CC1)c1ccc(F)cc1,7.2714
Fc1ccc(CCCCN2CCN(c3ccc(Cl)cn3)CC2)cc1,8.0381
O=C(CCCN1CCN(c2ccc(Cl)cn2)CC1)c1ccc(F)cc1,7.3386
Cc1ccc(N2CCN(CCCCc3ccc(F)cc3)CC2)nc1,6.8601
Fc1ccc(CCCCN2CCN(c3ccc(-c4ccccc4)cn3)CC2)cc1,6.8313
Cl.Fc1ccc(CCCCN2CCN(c3cccc(-c4ccccc4)n3)CC2)cc1,6.5817
O=C(CCCN1CCCN(c2ccccn2)CC1)c1ccc(F)cc1,8.9155
O=C(CCCN1CCCN(c2ccc(Cl)cn2)CC1)c1ccc(F)cc1,8.0503
O=C1c2ccc(F)cc2CC1CCN1CCCN(c2ccccn2)CC1,7.2296
Fc1ccc2c(c1)CC(CCN1CCCN(c3ccccn3)CC1)C2,7.3683
O=C1c2ccc(F)cc2CC1CCN1CCCN(c2ccc(Cl)cn2)CC1,7.8831
Fc1ccc(CCCCN2C3CCC2CN(c2ccc(Cl)cn2)C3)cc1,7.0269
O=C(CCCN1C2CCC1CN(c1ccc(Cl)cn1)C2)c1ccc(F)cc1,7.2912
O=C(CCCN1CCN(c2cccnc2)CC1)c1ccc(F)cc1.O=C(O)C(=O)O,6.5178
Fc1ccc(CCCCN2CCN(c3cccnc3)CC2)cc1.O=C(O)C(=O)O,6.4855
O=C1COc2ccccc2N1CCCCN1CCN(c2cccc3sccc23)CC1,8.7852
O=C1NCC(=O)N(CCCCN2CCN(c3cccc4sccc34)CC2)c2cc(F)ccc21,7.6099
COc1ccc2ncc(=O)n(CCCCN3CCN(c4cccc5sccc45)CC3)c2c1,7.6801
CN1CC(=O)N(CCCCN2CCN(c3cccc4sccc34)CC2)c2ccccc2C1=O,7.3700
O=c1[nH]c(=O)n(CCCCN2CCN(c3cccc4sccc34)CC2)c2ccccc12,6.8900
O=S1(=O)CCc2ccc(O)cc2N1CCCCN1CCN(c2cccc3sccc23)CC1,7.7300
Nc1ccc2c(c1)N(CCCCN1CCN(c3cccc4sccc34)CC1)S(=O)(=O)CC2,8.5501
CN1CCc2ccc(OCCCN3CCC(c4noc5cc(F)ccc45)CC3)cc2C1=O,7.3344
CN1CCN2c3c(cccc31)[C@@H]1CN(CCCC(=O)c3ccc(F)cc3)CC[C@@H]12,9.2676
C#CCN(C)Cc1ccc(OCCCCCN2CCN(c3cccc4c3ccn4S(=O)(=O)c3ccccc3)CC2)cc1,6.3768
C[C@@H]([C@H](O)c1ccc(O)cc1)N1CCC(Cc2ccccc2)CC1,6.3757
C[C@H]([C@@H](O)c1ccc(O)cc1)N1CCC(Cc2ccccc2)CC1,6.2924
C[C@H]([C@H](O)c1ccc(O)cc1)N1CCC(Cc2ccccc2)CC1,6.4711
C[C@@H]([C@@H](O)c1ccc(O)cc1)N1CCC(Cc2ccccc2)CC1,6.4330
CCCc1cccc2c1CC[C@@H]1CNCCN21,7.5500
FC(F)(F)CCc1cccc2c1CC[C@@H]1CNCCN21,6.8500
Clc1ccnc2c1CC[C@@H]1CNCCN21,5.9000
c1cc(C2CC2)c2c(n1)N1CCNC[C@H]1CC2,6.4000
CCCc1ccnc2c1CC[C@@H]1CNCCN21,8.1821
c1cc(CC2CCC2)c2c(n1)N1CCNC[C@H]1CC2,7.8754
CC(C)Cc1ccnc2c1CC[C@@H]1CNCCN21,7.5726
COCc1ccnc2c1CC[C@@H]1CNCCN21,6.9873
CCCc1cncc2c1CC[C@@H]1CNCCN21,7.3783
c1ccc(Cc2cncc3c2CC[C@@H]2CNCCN32)cc1,8.5803
COc1cc(N)c(Cl)cc1C(=O)CCC1CCN(CCNS(=O)(=O)c2ccc(N)c(Br)c2)CC1,6.4815
CC(=O)Nc1ccc(OCCCN2CCN(c3cccc(Cl)c3Cl)CC2)cc1,6.5393
CC(=O)Nc1ccc(OCCCN2CCN(c3cccc(C(F)(F)F)c3)CC2)cc1,6.3488
CC(=O)Nc1ccc(OCCCN2CCN(c3ccccn3)CC2)cc1,5.6306
CC(=O)Nc1ccc(OCCCN2CCC(c3noc4cc(F)ccc34)CC2)cc1,8.1079
CC(=O)Nc1ccc(OCCCN2CCN(c3nsc4ccccc34)CC2)cc1,6.9322
CC(=O)Nc1ccc(OCCCN2CCN(c3cccc4ccsc34)CC2)cc1,6.9626
CC(=O)Nc1ccc(OCCCN2CCC(c3noc4cc(F)ccc34)CC2)cc1F,7.3788
CC(=O)Nc1ccc(OCCCN2CCC(c3noc4cc(F)ccc34)CC2)cc1C,6.8690
CC(=O)NCc1ccc(OCCCN2CCC(c3noc4cc(F)ccc34)CC2)cc1,6.8505
CC(=O)N(C)c1ccc(OCCCN2CCC(c3noc4cc(F)ccc34)CC2)cc1,7.8962
CC(=O)Nc1ccc(OCCCCN2CCC(c3noc4cc(F)ccc34)CC2)cc1,6.6503
CC(=O)Nc1ccc(OCC(O)CN2CCC(c3noc4cc(F)ccc34)CC2)cc1,7.1415
CN1CCN(c2cccc3c2ccn3S(=O)(=O)c2ccccc2)CC1,7.3872
CN1CCCCC1CCN1c2ccc(Br)cc2Sc2cc(Br)ccc21.Cl,5.7572
CN1CCCCC1CCN1c2c(Cl)cc(Cl)cc2Sc2cc(Cl)cc(Cl)c21.Cl,5.9052
CN1CCCCC1CCN1c2ccc(Br)cc2[Se]c2cc(Br)ccc21.Cl,5.7540
CC(=O)Nc1ccc(C(=O)CCCN2CCN(c3ccccn3)CC2)cc1.O=C(O)C(=O)O,6.9683
CC(=O)Nc1ccc(CCCCN2CCN(c3ccccn3)CC2)cc1,6.4326
Nc1ccc(C(=O)CCCN2CCN(c3ccccn3)CC2)cc1,6.7816
Nc1ccc(CCCCN2CCN(c3ccccn3)CC2)cc1,6.2017
O=C1CCc2cc(C(=O)CCCN3CCN(c4ccccn4)CC3)ccc2N1,5.5035
O=C1CCc2cc(CCCCN3CCN(c4ccccn4)CC3)ccc2N1,6.2592
O=C1CCc2cc(OCCCN3CCN(c4ccccn4)CC3)ccc2N1,6.5186
O=C(O)C(=O)O.O=C1CCc2cc(OCCCN3CCCN(c4ccccn4)CC3)ccc2N1,5.9481
O=C1CCc2cc(OCCCN3CCN(c4ccccn4)CC3)ccc21,6.7916
O=C(CCCN1CCN(c2ccccn2)CC1)c1ccc2c(c1)CCC2,6.4611
O=C1c2ccc(F)cc2CC1CCN1CCN(c2ccccn2)CC1,7.1198
OC1c2ccc(F)cc2CC1CCN1CCN(c2ccccn2)CC1,6.2366
O=C1c2ccc(Cl)cc2CC1CCN1CCN(c2ccccn2)CC1,6.9485
Clc1ccc2c(c1)CC(CCN1CCN(c3ccccn3)CC1)C2,6.9593
O=C1c2cc(Cl)ccc2CC1CCN1CCN(c2ccccn2)CC1,6.9118
O=C1c2cc(Cl)c(Cl)cc2CC1CCN1CCN(c2ccccn2)CC1,6.7993
O=C1c2ccc(Cl)cc2CC1CCCN1CCN(c2ccccn2)CC1,6.2716
O=C1c2ccc(Cl)cc2CC1CCCCN1CCN(c2ccccn2)CC1,6.3781
CC1(CCCN2CCN(c3ccccn3)CC2)Cc2cc(Cl)ccc2C1=O,6.6995
CC1(CCCCN2CCN(c3ccccn3)CC2)Cc2cc(Cl)ccc2C1=O,6.2390
O=c1ccc(OCCCN2CCC(c3noc4cc(F)ccc34)CC2)nn1-c1c(F)cccc1F,9.5229
O=C(CCCN1CCC(c2noc3cc(F)ccc23)CC1)c1cc2c3c(c1)CCN3C(=O)CC2,9.1549
Fc1ccc2c(C3CCN(CCCOc4ccc(CN5CCCC5)cc4)CC3)noc2c1,8.0655
Fc1ccc2c(C3CCN(CCCOc4ccc(CN5CCCC5)cc4Cl)CC3)noc2c1,7.9957
Cc1cc(OCCCN2CCC(c3noc4cc(F)ccc34)CC2)ccc1CN1CCCC1,7.9393
COc1cc(CN2CCCC2)ccc1OCCCN1CCC(c2noc3cc(F)ccc23)CC1,7.9666
Fc1ccc2c(C3CCN(CCCOc4ccc(CN5CCCCC5)cc4)CC3)noc2c1,8.2924
Fc1ccc2c(C3CCN(CCCOc4ccc(CCN5CCCCC5)cc4)CC3)noc2c1,8.0269
Fc1ccc2c(C3CCN(CCCOc4ccc(CN5CCCCC5)cc4F)CC3)noc2c1,8.1871
Fc1ccc2c(C3CCN(CCCOc4ccc(CN5CCCCC5)c(F)c4)CC3)noc2c1,8.2076
COc1cc(CN2CCCCC2)ccc1OCCCN1CCC(c2noc3cc(F)ccc23)CC1,8.0458
Fc1ccc2c(C3CCN(CCCOc4ccc(CN5CCOCC5)cc4)CC3)noc2c1,8.3565
Fc1ccc2c(C3CCN(CCCCOc4ccc(CN5CCOCC5)cc4)CC3)noc2c1,8.3468
Fc1ccc2c(C3CCN(CCCOc4ccc(CN5CCOCC5)cc4F)CC3)noc2c1,8.2518
Fc1ccc2c(C3CCN(CCCOc4ccc(CN5CCOCC5)c(F)c4)CC3)noc2c1,8.2840
Fc1ccc2c(C3CCN(CCCOc4ccc(CN5CCOCC5)cc4Cl)CC3)noc2c1,8.2441
Fc1ccc2c(C3CCN(CCCOc4ccc(CN5CCOCC5)c(Cl)c4)CC3)noc2c1,8.2007
Cc1cc(OCCCN2CCC(c3noc4cc(F)ccc34)CC2)ccc1CN1CCOCC1,8.2924
COc1cc(CN2CCOCC2)ccc1OCCCN1CCC(c2noc3cc(F)ccc23)CC1,8.3098
CC1CCN(CCc2ccc(OCCCN3CCC(c4noc5cc(F)ccc45)CC3)cc2)CC1,7.3675
CC1CCN(CCc2ccc(OCCCCN3CCC(c4noc5cc(F)ccc45)CC3)cc2)CC1,8.2924
CN1CCN(Cc2ccc(OCCCN3CCC(c4noc5cc(F)ccc45)CC3)cc2)CC1,8.3279
CN1CCN(Cc2ccc(OCCCCN3CCC(c4noc5cc(F)ccc45)CC3)cc2)CC1,8.3665
CN1CCN(CCc2ccc(OCCCN3CCC(c4noc5cc(F)ccc45)CC3)cc2)CC1,8.0655
Fc1ccc2c(C3CCN(CCCOc4ccc(CCN5CCOCC5)cc4)CC3)noc2c1,7.4037
O=C1c2ccccc2S(=O)(=O)N1CCCN1CCN(c2cccc(C(F)(F)F)c2)CC1,6.1549
O=C1c2ccccc2S(=O)(=O)N1CCCCN1CCN(c2cccc(C(F)(F)F)c2)CC1,5.6478
O=C1c2ccccc2S(=O)(=O)N1CCCCN1CCN(c2ncccn2)CC1,4.8245
O=C1c2ccccc2S(=O)(=O)N1CCCCCCN1CCN(c2ccc(Cl)cc2)CC1,6.5243
COc1ccccc1N1CCN(CCCCCCN2C(=O)c3ccccc3S2(=O)=O)CC1,6.1169
O=C1c2ccccc2S(=O)(=O)N1CCCCN1CCN(c2cccc(Cl)c2Cl)CC1,5.5884
O=C1c2ccccc2S(=O)(=O)N1CCCCCN1CCN(c2ccccc2)CC1,6.5045
COc1ccccc1N1CCN(CCCCCN2C(=O)c3ccccc3S2(=O)=O)CC1,6.2336
O=C1c2ccccc2S(=O)(=O)N1CCCCCN1CCN(c2cccc(Cl)c2Cl)CC1,6.8996
O=C1c2ccccc2S(=O)(=O)N1CCCCCN1CCN(c2ccc(Cl)cc2)CC1,6.8570
O=C1c2ccccc2S(=O)(=O)N1CCCCCN1CCN(c2cccc(C(F)(F)F)c2)CC1,6.7905
O=C1c2ccccc2S(=O)(=O)N1CCCCCN1CCN(c2ncccn2)CC1,5.2002
O=C1c2ccccc2S(=O)(=O)N1CCCCCN1CCN(c2ccccn2)CC1,5.8422
O=C1c2ccccc2S(=O)(=O)N1CCCCCN1CCN(c2cccc3ccccc23)CC1,6.9788
COc1ccccc1N1CCN(Cc2ccc(CN3C(=O)c4ccccc4S3(=O)=O)cc2)CC1,5.3229
Cc1cccc(-c2n[nH]cc2N2CCCNCC2)c1,5.4417
Cc1ccc(-c2n[nH]cc2N2CCCNCC2)cc1,5.3696
Clc1cccc(-c2n[nH]cc2N2CCCNCC2)c1,6.0487
Fc1cccc(-c2n[nH]cc2N2CCCNCC2)c1,5.6128
COc1cccc(-c2n[nH]cc2N2CCNCC2)c1,5.8128
Clc1cccc(-c2n[nH]cc2N2CCNCC2)c1,6.0794
Clc1ccc(-c2n[nH]cc2N2CCNCC2)cc1,5.5402
Fc1cccc(-c2n[nH]cc2N2CCNCC2)c1,5.9508
[2H]C([2H])([2H])N(C([2H])([2H])[2H])C([2H])([2H])C([2H])([2H])c1c[nH]c2cccc(OC(=O)CCCCCCCC/C=C\C/C=C\CCCCC)c12,6.0157
[2H]C([2H])([2H])N(C([2H])([2H])[2H])C([2H])([2H])C([2H])([2H])c1c[nH]c2cccc(O)c12,7.1258
[2H]C([2H])([2H])N(C([2H])([2H])[2H])C([2H])([2H])C([2H])([2H])c1c[nH]c2cccc(OCc3ccccc3)c12,7.1388
CN1CCC(=C(F)c2cccc(NC(=O)c3c(F)cc(F)cc3F)n2)CC1,5.3124
COc1ccc(F)cc1[C@H]1C[C@@H]1CNCCCCOc1ccc2ccc(=O)[nH]c2c1,5.8502
COc1ccc(F)cc1[C@H]1C[C@@H]1CNCCCOc1ccc2ccc(=O)[nH]c2c1,6.2822
COc1ccc(Cl)cc1[C@H]1C[C@@H]1CNCCCCOc1ccc2c(c1)NC(=O)CC2,5.6796
COc1ccc(Cl)cc1[C@H]1C[C@@H]1CNCCCOc1ccc2ccc(=O)[nH]c2c1,5.9378
CCCN(CC)CCc1c[nH]c2ccccc12,7.5157
CCCN(CC)CCc1c[nH]c2ccc(F)cc12.Cl,8.2565
CCN(C)CCc1c[nH]c2ccc(F)cc12.Cl,7.6861
O=S(=O)(c1cccc(F)c1)n1ccc2c(N3CCNCC3)nc3ccccc3c21,5.5222
O=S(=O)(c1cccc(Cl)c1)n1ccc2c(N3CCNCC3)nc3ccccc3c21,5.7783
Cc1cccc(S(=O)(=O)n2ccc3c(N4CCNCC4)nc4ccccc4c32)c1,5.3343
CNCc1ccccc1-c1csc([C@@H](C)Nc2nc(C)nc3cc(OC)c(OC)cc23)c1,6.8747
CNCc1ccccc1-c1csc([C@H](C)Nc2nc(C)nc3cc(OC)c(OC)cc23)c1,7.1588
O=C(NC[C@@H]1[C@H]2CN(C(=O)OCc3cc(C(F)(F)F)cc(C(F)(F)F)c3)C[C@@H]12)c1ccc2[nH]nnc2c1,5.0608
CC(=O)N1CCC(c2ccc(C(=O)NC(=N)N)cc2C(F)(F)F)CC1,5.0000
CC(=O)c1c(NS(C)(=O)=O)c2cc(-c3ccc(Cl)cc3)c(-c3ccc(Cl)cc3Cl)nc2n(C)c1=O,5.7411
CC(C)(C)OC(=O)N1CCCC1CNC1CCC(c2cc(F)ccc2F)(S(=O)(=O)c2ccc(Cl)cc2)CC1,6.3206
O=C(Nc1cccnn1)N1CCC(=Cc2cccc(Oc3ccc(C(F)(F)F)cn3)c2)CC1,6.6000
Cc1ccc2nc(CNCCCOc3ccccc3)cc(O)c2c1,5.4923
O=C(Nc1ccc(Oc2ccc(F)cc2)cc1)N1CCc2ncccc2[C@H]1c1ccc(F)cc1,5.4324
CN1C(=O)[C@@H](N2CCc3c(nn(Cc4ccccc4)c3Br)C2=O)COc2ccccc21,5.6838
O[C@]1(C(F)(F)F)CCCC[C@H]1Nc1ccc(F)cc1,5.5895
c1ccc2c(CCN3CCC3)c[nH]c2c1,7.0438
Oc1cccc2[nH]cc(CCN3CCC3)c12,7.9318
COc1ccc2[nH]cc(CCN3CCC3)c2c1,8.1457
CNCc1ccc(Cl)c(-c2ccccc2OC)c1,6.4202
CCNCc1ccc(Cl)c(-c2ccccc2OC)c1,6.0410
CCCNCc1ccc(Cl)c(-c2ccccc2OC)c1,6.1739
CCCCNCc1ccc(Cl)c(-c2ccccc2OC)c1,6.5528
COc1ccccc1-c1cc(CN(C)C)ccc1Cl,6.4437
CNCCc1ccc(Cl)c(-c2ccccc2OC)c1.Cl,6.7696
CCNCCc1ccc(Cl)c(-c2ccccc2OC)c1.Cl,6.2840
CCCNCCc1ccc(Cl)c(-c2ccccc2OC)c1.Cl,6.2218
CCCCNCCc1ccc(Cl)c(-c2ccccc2OC)c1.Cl,6.2441
COc1ccccc1-c1cc(CCN(C)C)ccc1Cl,6.6021
CCN(CC)CCc1ccc(Cl)c(-c2ccccc2OC)c1,6.1675
CCCN(CCC)CCc1ccc(Cl)c(-c2ccccc2OC)c1,5.9208
COc1ccccc1-c1cc(C2CCNC2)ccc1Cl,6.4685
COc1ccccc1-c1cc(C2CCN(C)C2)ccc1Cl,5.9208
Cc1cc(C)cc(-c2nc(NC(=O)c3cccnc3)sc2-c2ccncc2)c1,6.0177
O=S(=O)(CC1CCN(CCCc2noc3cc(F)ccc23)C1)c1ccc2ccccc2c1,9.6099
Cc1ccc(S(=O)(=O)CC2CCN(CCCc3noc4cc(F)ccc34)C2)cc1C,8.7701
O=S(=O)(CC1CCN(CCCc2noc3cc(F)ccc23)C1)c1ccc(F)c(F)c1,7.8901
O=S(=O)(CC1CCN(CCCc2noc3cc(F)ccc23)C1)c1ccc(Cl)c(Cl)c1,8.7701
O=S(=O)(CC1CCN(CCCc2noc3cc(F)ccc23)C1)c1ccc(F)c(Cl)c1,8.2000
O=S(=O)(CC1CCN(CCCc2noc3cc(F)ccc23)C1)c1ccc(C(F)(F)F)cc1,8.7100
O=S(=O)(CC1CCN(CCCc2noc3cc(F)ccc23)C1)c1cccc(C(F)(F)F)c1,8.5300
O=S(=O)(CC1CCN(CCCc2noc3cc(F)ccc23)C1)c1ccc(F)cc1,7.8700
O=S(=O)(CC1CCN(CCCc2noc3cc(F)ccc23)C1)c1cccc(F)c1,7.4000
O=S(=O)(CC1CCN(CCCc2noc3cc(F)ccc23)C1)c1cccc(Cl)c1,8.3600
Cc1cccc(S(=O)(=O)CC2CCN(CCCc3noc4cc(F)ccc34)C2)c1,8.2300
C[C@H]1C[C@H](NS(=O)(=O)c2cccc(Cl)c2)CN1CCCc1noc2cc(F)ccc12,8.4101
C[C@H]1C[C@H](NS(=O)(=O)c2ccc(F)c(Cl)c2)CN1CCCc1noc2cc(F)ccc12,8.4500
C[C@H]1C[C@H](NS(=O)(=O)c2csc3ccccc23)CN1CCCc1noc2cc(F)ccc12,8.3800
C[C@H]1C[C@H](NS(=O)(=O)c2cc3ccccc3s2)CN1CCCc1noc2cc(F)ccc12,9.1600
C[C@H]1C[C@H](NS(=O)(=O)c2cc3ccccc3o2)CN1CCCc1noc2cc(F)ccc12,8.5600
C[C@H]1C[C@H](NS(=O)(=O)c2cc3ccc(F)cc3s2)CN1CCCc1noc2cc(F)ccc12,9.1900
C[C@H]1C[C@H](NS(=O)(=O)c2cc3ccc(Cl)cc3s2)CN1CCCc1noc2cc(F)ccc12,8.3800
Cc1c(S(=O)(=O)N[C@H]2C[C@H](C)N(CCCc3noc4cc(F)ccc34)C2)sc2ccc(Cl)cc12,8.1600
C[C@H]1C[C@H](NS(=O)(=O)c2ccc3ccccc3c2)CN1CCCc1noc2cc(F)ccc12,8.8199
C[C@H]1C[C@H](NS(=O)(=O)c2ccc3cc(Cl)ccc3c2)CN1CCCc1noc2cc(F)ccc12,7.8901
CSc1ccc2c(c1)C(N1CCN(C)CC1)Cc1ccccc1S2,8.7001
CC[C@@H]1CN2CCc3c([nH]c4cccc(OC)c34)[C@@H]2C[C@@H]1/C(=C\OC)C(=O)OC,5.3002
CC[C@H]1CN2CCc3c([nH]c4cccc(OC)c34)[C@@H]2C[C@@H]1/C(=C\OC)C(=O)OC,5.8794
C=C[C@H]1CN2CCc3c([nH]c4cccc(OC)c34)[C@@H]2C[C@@H]1/C(=C\OC)C(=O)OC,6.0888
CN(C)CCc1cn(CCF)c2cccc(O)c12,6.7258
CCn1cc(CCN(C)C)c2c(O)cccc21,6.7077
CN(C)CCc1cn(CC2CC2)c2cccc(O)c12,7.5528
CCN(C)CCc1cn(C)c2cccc(O)c12,6.8761
CC(C)N(C)CCc1cn(C)c2cccc(O)c12,6.9508
CN(CCc1cn(C)c2cccc(O)c12)CC1CC1,6.8539
CN1CN(c2ccccc2)C2(CCN(CCCC(=O)c3ccc(F)cc3)CC2)C1=O,8.0555
COc1cc(Br)c(OC)c(CCNCc2cccc(F)c2)c1,8.5686
CCc1cc(OC)cc(CCNCc2cccc(F)c2)c1OC,8.6198
COc1c(Br)cc([18F])cc1CCNCc1cccc2c1OCO2,8.7696
COc1c(Br)cc([18F])cc1CCNCc1ccccc1O,8.1427
COc1ccc(C(=O)N(Cc2ccc(C)cc2)C2CCN(C)CC2)cc1,8.6399
COc1cc(CCNCc2ccccc2O[11CH3])c(OC)cc1Br,9.3010
[11CH3]N1CCN(c2cccc3cc(S(=O)(=O)c4cccc(F)c4)cnc23)CC1,9.7959
[2H]c1c([2H])c([2H])c([C@@H]2C[C@@H](N3CCN(C([2H])([2H])[2H])C(C)(C)C3)c3cc(Cl)ccc32)c([2H])c1[2H],9.0177
[2H]c1c([2H])c([2H])c([C@@H]2C[C@@H](N3CCNC(C)(C)C3)c3cc(Cl)ccc32)c([2H])c1[2H],9.0757
COc1cc(CCNC2COc3ccccc32)c(OC)cc1Br,7.6327
COc1cc(CCNC2CCOc3ccccc32)c(OC)cc1Br,6.8194
COc1cc(CCNCc2ccccc2O)c(OC)cc1C#N,8.3133
COc1cc(CCNCc2ccccc2OC)c(OC)cc1C#N,8.4439
COc1cc(CCNCc2ccccc2F)c(OC)cc1C#N,6.4772
COc1cc(CCNCc2cccc3c2OCO3)c(OC)cc1C#N,7.5577
COc1cc(CCNCc2cccc(O)c2)c(OC)cc1C#N,6.2744
COc1cc(CCNC2COc3ccccc32)c(OC)cc1C#N,6.0946
Nc1nc(N)nc(NCCCCN2CCN(c3ccccc3)CC2)n1,5.5819
COc1ccccc1N1CCN(CCCCNc2nc(N)nc(N)n2)CC1,5.0186
Nc1nc(N)nc(NCCCCN2CCN(c3cccc(Cl)c3Cl)CC2)n1,7.6198
Nc1nc(N)nc(NCCCCCN2CCN(c3ccccc3)CC2)n1,5.3558
COc1ccccc1N1CCN(CCCCCNc2nc(N)nc(N)n2)CC1,5.1857
Nc1nc(N)nc(NCCCCCN2CCN(c3cccc(Cl)c3Cl)CC2)n1,7.7696
Nc1nc(N)nc(NCCCCCCN2CCN(c3ccccc3)CC2)n1,5.4861
COc1ccccc1N1CCN(CCCCCCNc2nc(N)nc(N)n2)CC1,5.8371
Nc1nc(N)nc(NCCCCCCN2CCN(c3cccc(Cl)c3Cl)CC2)n1,7.8861
Nc1nc(NCCc2c[nH]c3ccccc23)nc(NCCN2CCN(c3ccccc3)CC2)n1,7.1739
Nc1nc(NCCCCN2CCN(c3ccccc3)CC2)nc(NCCc2c[nH]c3ccccc23)n1,7.6198
COc1ccccc1N1CCN(CCCCNc2nc(N)nc(NCCc3c[nH]c4ccccc34)n2)CC1,6.4634
Nc1nc(NCCCCN2CCN(c3cccc(Cl)c3Cl)CC2)nc(NCCc2c[nH]c3ccccc23)n1,6.6536
Nc1nc(NCCc2c[nH]c3ccccc23)nc(N2CCN(c3ccccc3)CC2)n1,4.9731
COc1ccccc1N1CCN(c2nc(N)nc(NCCc3c[nH]c4ccccc34)n2)CC1,4.5581
Nc1nc(NCCc2c[nH]c3ccccc23)nc(N2CCN(c3cccc(Cl)c3Cl)CC2)n1,5.1018
Nc1nc(NCCNc2ccccc2)nc(NCCc2c[nH]c3ccccc23)n1,4.9566
COc1ccccc1NCCNc1nc(N)nc(NCCc2c[nH]c3ccccc23)n1,4.8419
Nc1nc(NCCNc2cccc(Cl)c2Cl)nc(NCCc2c[nH]c3ccccc23)n1,4.7402
COc1ccccc1OCCNc1nc(N)nc(NCCc2c[nH]c3ccccc23)n1,4.8918
Nc1nc(NCCOc2cccc(Cl)c2Cl)nc(NCCc2c[nH]c3ccccc23)n1,5.5789
COc1ccccc1CCNc1nc(N)nc(NCCc2c[nH]c3ccccc23)n1,5.5608
Nc1nc(NCCc2cccc(Cl)c2Cl)nc(NCCc2c[nH]c3ccccc23)n1,5.2242
Cc1nc(C)n(CC(=O)N2CCN(c3sc(C(F)(F)F)nc3-c3nc4ccc(-c5noc(C)n5)cc4[nH]3)C[C@H]2C)n1,4.7959
CC(C)COc1ccc(CNC(=O)N(Cc2ccc(F)cc2)C2CCN(CCN(C)C)CC2)cc1,7.1226
CC(C)COc1ccc(CNC(=O)N(Cc2ccc(F)cc2)C2CCN(CC(=O)N(C)C)CC2)cc1,6.8310
CC(C)COc1ccc(CNC(=O)N(Cc2ccc(F)cc2)C2CC(N(C)C)C2)cc1,6.8278
CC(C)COc1ccc(CNC(=O)N(Cc2ccc(F)cc2)C2CCC(N(C)C)C2)cc1,6.9767
CC(C)COc1ccc(CNC(=O)N(Cc2ccc(F)cn2)C2CCN(C)CC2)cc1,7.8528
CC(C)COc1ccc(CNC(=O)N(Cc2ccc(F)nn2)C2CCN(C)CC2)cc1,7.8327
CC(C)COc1ccc(CNC(=O)N(Cc2ncc(F)cc2F)C2CCN(C)CC2)cc1,7.3645
CN1CCC(N(Cc2ccc(F)cn2)C(=O)NCc2ccc(OCCF)cc2)CC1,8.2304
CN1CCC(N(Cc2ccc(F)cn2)C(=O)NCc2ccc(OCC(F)F)cc2)CC1,8.4423
CN1CCC(N(Cc2ccc(F)cn2)C(=O)NCc2ccc(OCC(F)(F)F)cc2)CC1,9.2676
CN1CCC(N(Cc2ccc(F)cn2)C(=O)NCc2ccc(OCCCF)cc2)CC1,8.6151
CN1CCC(N(Cc2ccc(F)cn2)C(=O)NCc2ccc(OCCC(F)F)cc2)CC1,8.2590
CN1CCC(N(Cc2ccc(F)cn2)C(=O)NCc2ccc(OCCC(F)(F)F)cc2)CC1,8.4898
CN1CCC(N(Cc2ccc(F)cn2)C(=O)NCc2ccc(OCCCCF)cc2)CC1,8.0565
CN1CCC(N(Cc2ccc(F)cn2)C(=O)NCc2ccc(OCCCC(F)F)cc2)CC1,8.2437
CN1CCC(N(Cc2ccc(F)cn2)C(=O)NCc2ccc(OCCCC(F)(F)F)cc2)CC1,8.5662
CN1CCC(N(Cc2ccc(F)cn2)C(=O)NCc2ccc(OCC(C)(C)F)cc2)CC1,8.2699
CN1CCC(N(Cc2ccc(F)cn2)C(=O)NCc2ccc(OC(F)(F)C(F)(F)F)cc2)CC1,7.7373
CC(C)OCc1ccc(CNC(=O)N(Cc2ccc(F)cn2)C2CCN(C)CC2)cc1,8.0285
CN1CCC(N(Cc2ccc(F)cn2)C(=O)NCc2ccc(CCC(F)(F)F)cc2)CC1,6.8984
CC(C)CCc1ccc(CNC(=O)N(Cc2ccc(F)cn2)C2CCN(C)CC2)cc1,7.2709
CC(C)Cc1ccc(CNC(=O)N(Cc2ccc(F)cn2)C2CCN(C)CC2)cc1,7.8297
CN1CCC(N(Cc2ccc(F)cn2)C(=O)NCc2ccc3c(c2)CC(C)(C)O3)CC1,8.5262
CC(C)C1Cc2cc(CNC(=O)N(Cc3ccc(F)cn3)C3CCN(C)CC3)ccc2O1,8.1842
CC(C)c1cc2cc(CNC(=O)N(Cc3ccc(F)cn3)C3CCN(C)CC3)ccc2o1,7.4337
CN1CCC(N(Cc2ccc(F)cn2)C(=O)NCc2ccc3c(c2)CCC(C)(C)O3)CC1,7.2844
CN1CCC(N(Cc2ccc(F)cn2)C(=O)NCc2ccc3c(c2)C=CC(C)(C)O3)CC1,7.6199
CN1CCC(N(Cc2ccc(F)cn2)C(=O)NCc2ccc(OCC(F)(F)F)c(F)c2)CC1,8.0864
CN1CCC(N(Cc2ccc(F)cn2)C(=O)NCc2ccc(OCC(F)(F)F)c(Cl)c2)CC1,6.8878
CN1CCC(N(Cc2ccc(F)cn2)C(=O)NCc2ccc(OCC(F)(F)F)c(Br)c2)CC1,7.9869
CN1CCC(N(Cc2ccc(F)cn2)C(=O)NCc2ccc(OCC(F)(F)F)c(C(F)(F)F)c2)CC1,7.5398
Cl.NCCc1c[nH]c2ccc(O)cc12,9.4580
Cl.Oc1ccc2[nH]c3c(c2c1)CCNC3c1ccccc1,5.5998
Oc1ccc2[nH]c3c(c2c1)CCNC3c1ccccc1F,7.6342
Cl.Oc1ccc2[nH]c3c(c2c1)CCNC3c1ccccc1C(F)(F)F,6.9204
Cl.Oc1ccc2[nH]c3c(c2c1)CCNC3c1ccccc1Cl,5.8485
COc1ccccc1C1NCCc2c1[nH]c1ccc(O)cc21.Cl,6.5701
Cl.Oc1ccc2[nH]c3c(c2c1)CCNC3c1ccccc1O,6.9774
Cl.Oc1cccc(C2NCCc3c2[nH]c2ccc(O)cc32)c1,6.6508
Cl.Oc1ccc(C2NCCc3c2[nH]c2ccc(O)cc32)cc1,6.7993
Cc1cccc(C2NCCc3c2[nH]c2ccc(O)cc32)c1.Cl,6.6113
Cc1ccc(C2NCCc3c2[nH]c2ccc(O)cc32)cc1.Cl,6.5029
COc1ccc(C2NCCc3c2[nH]c2ccc(O)cc32)c(O)c1,9.3055
Cl.Oc1ccc2[nH]c3c(c2c1)CCNC3c1ccc(Br)cc1O,6.4394
Cl.Oc1ccc2[nH]c3c(c2c1)CCNC3c1cc(F)ccc1O,6.6628
Cl.Oc1ccc2[nH]c3c(c2c1)CCNC3c1cc(Cl)ccc1O,5.8021
Cl.Oc1ccc2[nH]c3c(c2c1)CCNC3c1cc(Br)ccc1O,6.3410
COc1cc(OC)c(C2NCCc3c2[nH]c2ccc(O)cc32)cc1OC.Cl,8.4101
Cl.Oc1ccc2[nH]c3c(c2c1)CCNC3c1cccs1,6.4605
Cl.Cn1ccnc1C1NCCc2c1[nH]c1ccc(O)cc21,7.1012
Oc1ccc2[nH]c3c(c2c1)CCNC3c1cncnc1,6.0935
Cl.Oc1ccc2[nH]c3c(c2c1)CCNC3C1CCCCC1,6.5506
Cl.Oc1ccc2[nH]c3c(c2c1)CCNC3CCc1ccccc1,6.8585
Cl.Oc1ccc2[nH]c3c(c2c1)CCNC3Cc1ccccc1,6.5403
CCC1NCCc2c1[nH]c1ccc(O)cc21.Cl,6.7100
Clc1ccc2[nH]c3c(c2c1)CCNC3c1ccccc1,6.6078
Fc1ccc2[nH]c3c(c2c1)CCNC3c1ccccc1,7.0515
Fc1ccccc1C1NCCc2c1[nH]c1ccc(Cl)cc21,5.0983
Cl.Fc1ccc2[nH]c3c(c2c1)CCNC3c1ccccc1F,6.5200
Cl.Clc1ccc2[nH]c3c(c2c1)CCNC3c1ccccc1Cl,7.8914
Cl.Fc1ccc2[nH]c3c(c2c1)CCNC3c1ccccc1Cl,6.5580
Cl.Clc1ccc2[nH]c3c(c2c1)CCNC3c1ccccc1Br,6.3923
Cl.Fc1ccc2[nH]c3c(c2c1)CCNC3c1ccccc1Br,7.0094
COc1ccccc1C1NCCc2c1[nH]c1ccc(Cl)cc21.Cl,6.6820
COc1ccccc1C1NCCc2c1[nH]c1ccc(F)cc21.Cl,6.8998
Cl.Oc1ccccc1C1NCCc2c1[nH]c1ccc(Cl)cc21,7.2882
Cl.Oc1ccccc1C1NCCc2c1[nH]c1ccc(F)cc21,7.5825
Cl.Oc1cccc(C2NCCc3c2[nH]c2ccc(Cl)cc32)c1,5.4805
Cl.Oc1cccc(C2NCCc3c2[nH]c2ccc(F)cc32)c1,6.6810
Cl.Oc1ccc(C2NCCc3c2[nH]c2ccc(Cl)cc32)cc1,7.0289
Cl.Oc1ccc(C2NCCc3c2[nH]c2ccc(F)cc32)cc1,7.2376
Cc1cccc(C2NCCc3c2[nH]c2ccc(Cl)cc32)c1,6.3189
Cc1cccc(C2NCCc3c2[nH]c2ccc(F)cc32)c1.Cl,6.7979
Cc1ccc(C2NCCc3c2[nH]c2ccc(Cl)cc32)cc1.Cl,6.5193
Cc1ccc(C2NCCc3c2[nH]c2ccc(F)cc32)cc1.Cl,6.6810
Cl.Fc1ncccc1C1NCCc2c1[nH]c1ccc(Cl)cc21,6.4605
Cl.Fc1ccc2[nH]c3c(c2c1)CCNC3c1cccnc1F,6.4095
Cl.Clc1ccc2[nH]c3c(c2c1)CCNC3c1ccncc1Cl,6.0705
Cl.Clc1ccc2[nH]c3c(c2c1)CCNC3c1cncnc1,6.0484
Cl.Fc1ccc2[nH]c3c(c2c1)CCNC3c1cncnc1,7.2602
Cc1noc(C)c1C1NCCc2c1[nH]c1ccc(Cl)cc21.Cl,6.2899
Cc1noc(C)c1C1NCCc2c1[nH]c1ccc(F)cc21.Cl,6.6208
Clc1ccc2[nH]c3c(c2c1)CCNC3c1cccs1,6.1401
Cl.Fc1ccc2[nH]c3c(c2c1)CCNC3c1cccs1,6.3891
Cl.Clc1ccc2[nH]c3c(c2c1)CCNC3c1ccc(Cl)s1,6.7510
Cl.Clc1ccc2[nH]c3c(c2c1)CCNC3c1ccc(Br)s1,6.0400
Cc1cc(C2NCCc3c2[nH]c2ccc(Cl)cc32)sc1Br.Cl,6.1101
Cl.Clc1ccc2[nH]c3c(c2c1)CCNC3c1cc2ccccc2s1,6.8205
Cl.Fc1ccc2[nH]c3c(c2c1)CCNC3c1cc2ccccc2s1,5.8101
Cl.Clc1ccc2[nH]c3c(c2c1)CCNC3c1ccc2ccccc2c1,7.8204
Cl.Fc1ccc2[nH]c3c(c2c1)CCNC3c1ccc2ccccc2c1,6.7100
COc1ccc2cc(C3NCCc4c3[nH]c3ccc(Cl)cc43)ccc2c1.Cl,5.8800
COc1ccc2cc(C3NCCc4c3[nH]c3ccc(F)cc43)ccc2c1.Cl,5.5500
Cl.Clc1ccc2[nH]c3c(c2c1)CCNC3C(c1ccccc1)c1ccccc1,5.8702
Cl.Fc1ccc2[nH]c3c(c2c1)CCNC3C(c1ccccc1)c1ccccc1,5.7201
Cl.Clc1ccc2[nH]c3c(c2c1)CCNC3C1CCCCC1,6.5301
Cl.Fc1ccc2[nH]c3c(c2c1)CCNC3C1CCCCC1,7.0400
Cl.Clc1ccc2[nH]c3c(c2c1)CCNC3C1CCOCC1,6.4303
Cl.Fc1ccc2[nH]c3c(c2c1)CCNC3C1CCOCC1,6.4505
Cl.Clc1ccc2[nH]c3c(c2c1)CCNC3CCc1ccccc1,7.1919
Cl.Fc1ccc2[nH]c3c(c2c1)CCNC3CCc1ccccc1,6.0902
Cl.Clc1ccc2[nH]c3c(c2c1)CCNC3Cc1ccccc1,5.5807
Cl.Fc1ccc2[nH]c3c(c2c1)CCNC3Cc1ccccc1,5.8782
CCC1NCCc2c1[nH]c1ccc(Cl)cc21.Cl,6.4001
CCC1NCCc2c1[nH]c1ccc(F)cc21.Cl,6.2220
CCCC1NCCc2c1[nH]c1ccc(Cl)cc21.Cl,6.1899
Cl.Oc1c(Cl)cccc1C1NCCc2c1[nH]c1ccc(Cl)cc21,6.4718
Cl.Oc1c(Cl)cccc1C1NCCc2c1[nH]c1ccc(F)cc21,6.5619
Cl.Oc1c(Br)cccc1C1NCCc2c1[nH]c1ccc(Cl)cc21,7.1289
Cl.Oc1c(Br)cccc1C1NCCc2c1[nH]c1ccc(F)cc21,6.9378
Cl.Oc1cc(Cl)ccc1C1NCCc2c1[nH]c1ccc(Cl)cc21,7.2870
Cl.Oc1cc(Cl)ccc1C1NCCc2c1[nH]c1ccc(F)cc21,6.6401
Cl.Oc1cc(Br)ccc1C1NCCc2c1[nH]c1ccc(Cl)cc21,6.2700
Cl.Oc1cc(Br)ccc1C1NCCc2c1[nH]c1ccc(F)cc21,6.8313
Oc1ccc(C2NCCc3c2[nH]c2ccc(Cl)cc32)c(O)c1,8.8219
COc1ccc(C2NCCc3c2[nH]c2ccc(F)cc32)c(OC)c1.Cl,6.7786
COc1ccc(C2NCCc3c2[nH]c2ccc(Cl)cc32)c(O)c1,8.0800
COc1ccc(C2NCCc3c2[nH]c2ccc(F)cc32)c(O)c1,8.4949
Cc1ccc(C2NCCc3c2[nH]c2ccc(Cl)cc32)c(C)c1.Cl,6.2501
Cc1ccc(C2NCCc3c2[nH]c2ccc(F)cc32)c(C)c1.Cl,6.4400
Cl.Oc1ccc(Br)cc1C1NCCc2c1[nH]c1ccc(Cl)cc21,6.0902
Cl.Oc1ccc(Br)cc1C1NCCc2c1[nH]c1ccc(F)cc21,5.9519
Cc1ccc(O)c(C2NCCc3c2[nH]c2ccc(F)cc32)c1.Cl,5.9100
Cl.Oc1ccc(O)c(C2NCCc3c2[nH]c2ccc(F)cc32)c1,7.1413
COc1ccc(OC)c(C2NCCc3c2[nH]c2ccc(Cl)cc32)c1.Cl,5.7400
COc1cc(OC)c(C2NCCc3c2[nH]c2ccc(Cl)cc32)cc1OC.Cl,8.7696
COc1cc(OC)c(C2NCCc3c2[nH]c2ccc(F)cc32)cc1OC.Cl,7.4000
COc1ccc(C2NCCc3c2[nH]c2ccc(Cl)cc32)cc1OC.Cl,7.0908
COc1ccc(C2NCCc3c2[nH]c2ccc(F)cc32)cc1OC.Cl,6.5976
[2H]C([2H])(c1c[nH]c2cccc(F)c12)[C@H]1CCCN1,6.0000
C=CCOc1cc2c3c(c1OC)-c1cc(OC)c(OC)cc1C[C@@H]3N(C)CC2,6.9957
CCOc1cc2c3c(c1OC)-c1cc(OC)c(OC)cc1C[C@@H]3N(C)CC2,6.2907
CCCCOc1cc2c3c(c1OC)-c1cc(OC)c(OC)cc1C[C@@H]3N(C)CC2,6.7282
CCCCCOc1cc2c3c(c1OC)-c1cc(OC)c(OC)cc1C[C@@H]3N(C)CC2,6.8601
CCCCCCOc1cc2c3c(c1OC)-c1cc(OC)c(OC)cc1C[C@@H]3N(C)CC2,6.6716
COc1cc2c(cc1OC)-c1c(OC)c(OC(C)C)cc3c1[C@H](C2)N(C)CC3,6.2314
CCC(C)Oc1cc2c3c(c1OC)-c1cc(OC)c(OC)cc1C[C@@H]3N(C)CC2,6.5331
CCCC(C)Oc1cc2c3c(c1OC)-c1cc(OC)c(OC)cc1C[C@@H]3N(C)CC2,6.6126
CCCCC(C)Oc1cc2c3c(c1OC)-c1cc(OC)c(OC)cc1C[C@@H]3N(C)CC2,6.8097
COc1cc2c(cc1OC)-c1c(OC)c(OCC3CC3)cc3c1[C@H](C2)N(C)CC3,6.6234
COc1cc2c(cc1OC)-c1c(OC)c(OC3CCCCC3)cc3c1[C@H](C2)N(C)CC3,6.2725
COc1cc2c(cc1OC)-c1c(OC)c(OCc3ccc(Br)cc3)cc3c1[C@H](C2)N(C)CC3,7.2447
COc1cc2c(cc1OC)-c1c(OC)c(OCc3ccccc3)cc3c1[C@H](C2)N(C)CC3,7.2604
N#Cc1cccnc1N1CCN(CCCN2CCN(c3cccc(Cl)c3Cl)CC2)CC1,6.3279
N#Cc1cccnc1N1CCN(CCCN2CCN(c3ccccc3)CC2)CC1,4.8861
COc1ccc(N2CCN(CCCN3CCN(c4ncccc4C#N)CC3)CC2)cc1,4.3979
COc1ccccc1N1CCN(CCCN2CCN(c3ncccc3C#N)CC2)CC1,4.6383
COc1ccccc1N1CCN(CCCN2CCN(C(=O)c3ccccc3)CC2)CC1,4.5229
O=C(c1ccccc1)N1CCN(CCCN2CCN(c3ccccc3)CC2)CC1,5.1871
COc1ccc(N2CCN(CCCN3CCN(C(=O)c4ccccc4)CC3)CC2)cc1,4.5229
O=C(c1ccccc1)N1CCN(CCCN2CCN(c3cccc(Cl)c3Cl)CC2)CC1,5.7696
O=C(c1ccccn1)N1CCN(CCCN2CCN(c3cccc(Cl)c3Cl)CC2)CC1,5.6383
N#Cc1cccnc1N1CCN(CCN2CCN(c3cccc(Cl)c3Cl)CC2)CC1,5.8861
COc1ccccc1N1CCN(CCN2CCN(C(=O)c3nn(C)c4ccccc34)CC2)CC1,5.0809
Cn1nc(C(=O)N2CCN(CCN3CCN(c4cccc(Cl)c4Cl)CC3)CC2)c2ccccc21,5.7447
COc1ccccc1N1CCN(CCCNC(=O)c2cnccn2)CC1,4.4461
N#Cc1cccnc1N1CCN(CCCOc2ccc3c(c2)NC(=O)CC3)CC1,5.2757
N#Cc1cccnc1N1CCN(CCCCOc2ccc3c(c2)NC(=O)CC3)CC1,5.1308
O=C1CCc2ccc(OCCCCN3CCN(C(=O)c4ccccn4)CC3)cc2N1,5.1612
O=c1n(CCCCCCN2CCN(c3cccc(C(F)(F)F)c3)CC2)nc2ccccn12,6.5361
O=c1n(CCCCCCN2CCN(c3cccc(Cl)c3Cl)CC2)nc2ccccn12,7.3279
O=c1n(CCCCCCN2CCN(c3cccc4ccccc34)CC2)nc2ccccn12,6.6517
O=c1n(CCCCCCN2CCN(c3cccc4cccnc34)CC2)nc2ccccn12,5.6584
O=c1n(CCCCCCN2CCN(c3cccc4c3OCCO4)CC2)nc2ccccn12,6.3625
O=C(NCCCCCCn1nc2ccccn2c1=O)N1CCN(c2cccc(Cl)c2)CC1,6.2757
O=c1n(CC2CCC(CN3CCN(c4cccc(Cl)c4)CC3)CC2)nc2ccccn12,6.3072
O=c1n(Cc2ccc(CN3CCN(c4cccc(Cl)c4)CC3)cc2)nc2ccccn12,5.9718
O=c1n(Cc2ccc(CN3CCN(c4ccc(Cl)cc4)CC3)cc2)nc2ccccn12,5.8386
O=c1n(CCCCCCN2CCN(c3cccc(Cl)c3)CC2)c2cccc3c2n1CCC3,7.1805
S=c1n(CCCCCCN2CCN(c3cccc(Cl)c3)CC2)c2cccc3c2n1CCC3,6.5884
O=S1(=O)N(CCCCCCN2CCN(c3cccc(Cl)c3)CC2)c2cccc3c2N1CCC3,6.5498
NC(=O)NCCCCCCN1CCN(c2cccc(Cl)c2)CC1,6.7100
NS(=O)(=O)NCCCCCCN1CCN(c2cccc(Cl)c2)CC1,6.4828
NC(=O)N1CCN(c2cccc(Cl)c2)CC1,4.4900
O=c1n(CCCCCCN2CCN(c3cccc(Cl)c3)CC2)nc2ccccn12,6.4660
O=C(Nc1cccnn1)N1CC(C/C=C/c2cncc(Oc3ccc(C(F)(F)F)cn3)n2)C1,6.6038
O=C1c2ccc(Nc3ccc(F)cc3F)cc2CCc2ccc(OC[C@H](O)CO)cc21,5.4305
CN1CCN(C(=O)C(C)(C)c2ccc(C(=O)Nc3cn4cc(-c5cc(C(C)(C)C)cc(C(C)(C)C)c5)ccc4n3)cc2)CC1,5.8164
O=C1C2C3CCC(C3)C2C(=O)N1CC1CCCCC1CN1CCN(c2nsc3ccccc23)CC1,8.6990
CN1CCN(c2nc(N)nc(Cc3c[nH]c4ccccc34)n2)CC1,5.7545
CCC(Oc1cccc(Cl)c1Cl)c1nc(N)nc(N2CCN(C)CC2)n1,6.6788
CCC(Oc1cc(Cl)ccc1Cl)c1nc(N)nc(N2CCN(C)CC2)n1,6.3152
CN1CCN(c2nc(N)nc(C(C)(C)Sc3ccc4ccccc4c3)n2)CC1,7.4089
CC[Si](C#Cc1cccc2c1OC(C(F)(F)F)C([N+](=O)[O-])=C2)(CC)CC,5.3768
Clc1ccc2c(c1)C(N1CCN(CCc3ccccc3)CC1)=Nc1cccnc1N2,6.9872
COc1ccc2[nH]c3c(c2c1)CCN=C3C,5.3768
CC1=NCCc2c1[nH]c1ccccc21,6.0044
COc1ccc2c3c([nH]c2c1)C(C)=NCC3,5.3010
COc1cc(CC2CCCC(c3ccccc3O)N2)c(OC)cc1C#N,5.5093
COc1cc(C[C@H]2CCC[C@H](c3ccccc3O)N2)c(OC)cc1C#N,6.0308
COc1cc(C[C@@H]2CCC[C@@H](c3ccccc3O)N2)c(OC)cc1C#N,7.0405
O=C(c1ccc(F)cc1)C1CCN(CCn2cnc3c(c2=O)CCCC3)CC1,8.1200
Cc1nc2c(c(=O)n1CCN1CCC(C(=O)c3ccc(F)cc3)CC1)CCCC2,8.5800
CN1CCN(c2ccnc(NCCc3ccccc3)n2)CC1,6.1403
CCN(CC)CCCC(C)Nc1cnc(C(=O)Nc2ccc(Cl)c3cccnc23)cn1,5.9027
O=C(CN1CCC(CN2Cc3ccccc3C2=O)CC1)c1ccc(F)cc1,8.1249
c1ccc(N2CCN(CCCc3nc4ccccc4s3)CC2)nc1,7.3372
CC1Cc2cc(CNC(=O)N(Cc3ccc(F)cc3)C3CCN(C)CC3)ccc2O1,9.4500
CN1CCC(N(Cc2ccc(F)cc2)C(=O)NCc2ccc3c(c2)CC(C)(C)O3)CC1,10.2609
CC1COc2ccc(CNC(=O)N(Cc3ccc(F)cc3)C3CCN(C)CC3)cc21,8.9000
O=C(O)c1cc(-c2ccc(C3(O)C[C@H]4CNC[C@@H]4C3)cc2)c2ccc(-c3ccc(C(F)(F)F)cc3)cc2c1,5.6198
O=C(O)c1cc(-c2ccc(C3CCCNCC3)cc2)c2ccc(-c3ccc(C(F)(F)F)cc3)cc2c1,5.3188
CCC([Se]c1ccccc1)c1nc(N)nc(N2CCN(C)CC2)n1,5.9952
CCCC([Se]c1ccccc1)c1nc(N)nc(N2CCN(C)CC2)n1,6.2055
CCCCC([Se]c1ccccc1)c1nc(N)nc(N2CCN(C)CC2)n1,6.4737
CN1CCN(c2nc(N)nc(C(C)(C)[Se]c3ccccc3)n2)CC1,6.1007
CN1CCN(c2nc(N)nc(CCC[Se]c3ccccc3)n2)CC1,6.3830
Cc1ccc(C)c([Se]C(C)c2nc(N)nc(N3CCN(C)CC3)n2)c1,6.0462
CCC([Se]c1cc(C)ccc1C)c1nc(N)nc(N2CCN(C)CC2)n1,6.2373
CCCC([Se]c1cc(C)ccc1C)c1nc(N)nc(N2CCN(C)CC2)n1,6.2865
Cc1ccc(C)c([Se]C(C)(C)c2nc(N)nc(N3CCN(C)CC3)n2)c1,6.2725
CCCC([Se]c1cc(Cl)ccc1F)c1nc(N)nc(N2CCN(C)CC2)n1,6.5143
CC([Se]c1cccc2ccccc12)c1nc(N)nc(N2CCN(C)CC2)n1,6.5214
CCC([Se]c1cccc2ccccc12)c1nc(N)nc(N2CCN(C)CC2)n1,6.7033
CC([Se]c1ccc2ccccc2c1)c1nc(N)nc(N2CCN(C)CC2)n1,6.8861
CCC([Se]c1ccc2ccccc2c1)c1nc(N)nc(N2CCN(C)CC2)n1,7.7447
CN1CCN(c2nc(N)nc(C(C)(C)[Se]c3ccc4ccccc4c3)n2)CC1,7.4559
CN1CCN(c2nc(N)nc(C[Se]Cc3ccccc3)n2)CC1,5.9923
CC([Se]Cc1ccccc1)c1nc(N)nc(N2CCN(C)CC2)n1,5.7640
CCC([Se]Cc1ccccc1)c1nc(N)nc(N2CCN(C)CC2)n1,5.9905
CN1CCN(c2nc(N)nc(CCC[Se]Cc3ccccc3)n2)CC1,6.0788
NC[C@@H]1C[C@@H]1c1cc(F)ccc1OCC1CC1,6.0487
NC[C@@H]1C[C@@H]1c1cc(O)ccc1OCC1CC1,6.4295
CC1(C)Cc2cc(Cl)cc([C@H]3C[C@H]3CN)c2O1,6.2218
CCCN1CCN(c2ccc3c(c2)C(N(C)C(=O)OCc2ccccc2)CCC3)CC1,6.5017
CCOP(=O)(OCC)c1ccc2[nH]cc(CCN(C)C)c2c1,6.2076
COc1ccccc1N1CCN(CCCNC(=O)Nc2ccccc2-c2ccccc2)CC1,6.0177
COCCOCCOc1ccc(NC(=O)NCCCN2CCN(c3ccccc3OC)CC2)c(-c2ccccc2)c1,5.8239
COc1ccccc1N1CCN(CCCNC(=O)Nc2ccccc2-c2ccc(-c3ccccc3)cc2)CC1,6.7959
COc1ccccc1N1CCN(CCCNC(=O)NCc2ccccc2-c2ccccc2)CC1,6.8539
COc1ccc(-c2ccccc2)c(CNC(=O)NCCCN2CCN(c3ccccc3OC)CC2)c1,6.9208
Cl.Cl.N[C@@H](Cc1ccc(OCCCN2CCC(c3noc4cc(F)ccc34)CC2)cc1)C(=O)O,9.7696
Cl.Cl.N[C@@H](Cc1ccc(OCCCCN2CCC(c3noc4cc(F)ccc34)CC2)cc1)C(=O)O,8.4437
Cl.Cl.N[C@@H](Cc1ccc(OCC(O)CN2CCC(c3noc4cc(F)ccc34)CC2)cc1)C(=O)O,8.6676
COc1ccc2[nH]nc(CCN(C)C)c2c1,5.6400
[2H]C([2H])(Cc1n[nH]c2ccc(OC)cc12)N(C)C,5.4905
CN(C)CCc1n[nH]c2ccc(O)cc12,5.6584
C[C@@H]1C=C(c2c[nH]c3ncccc23)CNC1,7.3840
C1=C(c2n[nH]c3ccccc23)CNCC1,6.4900
Cn1nc(C2=CCCNC2)c2ccccc21,6.4884
Brc1ccc2[nH]nc(C3=CCCNC3)c2c1,6.7235
Nc1ccc2[nH]nc(C3=CCCNC3)c2c1,5.5424
COc1ccc2[nH]nc(C3=CCCNC3)c2c1,6.2700
O=C(NCCCCN1CCN(c2ccccc2)CC1)c1n[nH]c2ccccc12,6.8697
COc1ccccc1N1CCN(CCCCNC(=O)c2n[nH]c3ccccc23)CC1,6.4935
COc1cccc(N2CCN(CCCCNC(=O)c3n[nH]c4ccccc34)CC2)c1,6.8928
COc1ccc(N2CCN(CCCCNC(=O)c3n[nH]c4ccccc34)CC2)cc1,6.1512
O=C(NCCCCN1CCN(c2ccccn2)CC1)c1n[nH]c2ccccc12,6.3969
O=C(NCCCCN1CCN(c2ncccn2)CC1)c1n[nH]c2ccccc12,5.5351
O=C(NCCCCN1CCN(c2ccccc2F)CC1)c1n[nH]c2ccccc12,6.7352
O=C(NCCCCN1CCN(c2cccc(F)c2)CC1)c1n[nH]c2ccccc12,6.6144
O=C(NCCCCN1CCN(c2ccc(F)cc2)CC1)c1n[nH]c2ccccc12,7.1759
O=C(NCCCCN1CCN(c2ccccc2C(F)(F)F)CC1)c1n[nH]c2ccccc12,5.9248
O=C(NCCCCN1CCN(c2cccc(C(F)(F)F)c2)CC1)c1n[nH]c2ccccc12,6.7670
O=C(NCCCCN1CCN(c2ccccc2Cl)CC1)c1n[nH]c2ccccc12,6.8416
CSc1ccccc1N1CCN(CCCCNC(=O)c2n[nH]c3ccccc23)CC1,6.7471
CCOc1ccccc1N1CCN(CCCCNC(=O)c2n[nH]c3ccccc23)CC1,6.4976
O=C(NCCCN1CCN(c2cccc(C(F)(F)F)c2)CC1)c1n[nH]c2ccccc12,6.8210
CC1=N[C@H](C(=O)O)Cc2c[nH]c3c(O)ccc1c23,7.5952
O=C1C[C@]2(CN3CCC2CC3)Oc2cc3ccccc3cc21,4.3010
O=C1C[C@]2(CN3CCC2CC3)Oc2cc(Br)ccc21,4.8239
O=C1CC2(CN3CCC2CC3)Oc2c1ccc1ccccc21,4.6990
O=C1C[C@]2(CN3CCC2CC3)Oc2c1ccc1ccccc21,4.3010
Cc1cc2nc3c(nc2cc1C)[C@@H]1CCC(C3)N1.Cl,6.3979
Cl.Clc1cc2nc3c(nc2cc1Cl)[C@@H]1CCC(C3)N1,6.1938
COc1c(O)cc2c3c1-c1ccccc1CC3N(C)CC2,4.7077
COc1cc2c3c(c1OC)-c1ccccc1CC3N(C)CC2,6.3206
COc1ccc2c(c1OC)C[C@@H]1c3c(cc4c(c3-2)OCO4)CCN1C,6.2487
Oc1cc2c3c(c1Cl)-c1ccccc1CC3NCC2,6.2245
O=C(O)/C=C/C(=O)O.[2H]C([2H])(Cc1c[nH]c2ccccc12)N(C)C,6.9397
CN(C)CCc1c[nH]c2ccccc12.O=C(O)/C=C/C(=O)O,7.1109
Cc1ccnc2[nH]cc(C3=CCCN(C)C3)c12,6.9755
COc1ccnc2[nH]cc(C3=CCCN(C)C3)c12,7.1385
Cc1cccc2[nH]cc(C3=CCCNC3)c12,7.6576
COc1cccc2[nH]cc(C3=CCCNC3)c12,7.2967
COc1cccc2[nH]cc(C3=CCCN(C)C3)c12,7.2218
C1=C(c2c[nH]c3cccc(-c4ccccc4)c23)CNCC1,6.4456
Clc1ccc2[nH]cc(C3=CCCNC3)c2c1,7.3536
CC(C)c1ccc2[nH]cc(C3=CCCNC3)c2c1,7.0061
Fc1ccc2c(C3=CCCNC3)n[nH]c2c1,7.2396
COc1cccc2[nH]nc(C3=CCCNC3)c12,7.1035
Clc1ccc2[nH]nc(C3=CCCNC3)c2c1,7.5969
Fc1ccc2[nH]nc(C3=CCCNC3)c2c1,7.4763
CN1CCC=C(c2n[nH]c3cc(F)ccc23)C1,7.3251
CN1CCC=C(c2c[nH]c3c(Cl)c(F)ccc23)C1,7.8153
CN1CCC=C(c2n[nH]c3c(Cl)cc(F)cc23)C1,7.7100
Fc1ccc(Cl)c2[nH]nc(C3=CCCNC3)c12,7.7595
CN1CCC=C(c2n[nH]c3c(Cl)ccc(F)c23)C1,7.0726
C1=C(c2c[nH]c3cnccc23)CNCC1,6.8173
O=C(N[C@H]1CC[C@H](CCN2CCN(c3cccc(Cl)c3Cl)CC2)CC1)c1ccnc2ccccc12,5.7423
COCCC(=O)N[C@H]1CC[C@H](CCN2CCN(c3cccc(Cl)c3Cl)CC2)CC1,7.2676
CCc1cccc(N2CCN(CC[C@H]3CC[C@H](NC(=O)c4ccnc5ccccc45)CC3)CC2)c1Cl,7.8210
CCc1cccc(N2CCN(CC[C@H]3CC[C@H](NC(=O)COC)CC3)CC2)c1Cl,7.6819
O=C(N[C@H]1CC[C@H](CCN2CCN(c3cccc(C(F)(F)F)n3)CC2)CC1)c1ccnc2ccccc12,5.8386
COCCC(=O)N[C@H]1CC[C@H](CCN2CCN(c3cccc(C(F)(F)F)n3)CC2)CC1,5.3546
CCc1cc(Cl)c(OC)c(N2CCN(CC[C@H]3CC[C@H](NC(=O)N(C)C)CC3)CC2)c1,6.1675
CCc1cc(Cl)c(OC)c(N2CCN(CC[C@H]3CC[C@H](NC(=O)NC)CC3)CC2)c1,6.6840
CCc1cc(Cl)c(OC)c(N2CCN(CC[C@H]3CC[C@H](NC(=O)CCOC)CC3)CC2)c1,6.8013
COc1cccc2c3c(oc12)CN(CCCCOc1ccc2ccc(=O)[nH]c2c1)CC3,5.7432
COc1cccc2c3c(oc12)CN(CCCCOc1ccc2c(c1)NC(=O)CC2)CC3,5.9529
Br.CN1CCc2cc(Br)c(O)cc2C(c2ccccc2)C1,7.9248
CCCCCNC(=N)N/N=C/c1c[nH]c2ccc(OC)cc12.O=C(O)/C=C\C(=O)O,6.3651
Cc1cccc(NC(=O)N[C@@H]2N=C(c3ccccc3)c3ccccc3N(C)C2=O)c1,5.6694
O=C1NCN(c2ccccc2)C12CCN(CC1COc3ccccc3O1)CC2,6.1536
COc1ccc(OC(F)(F)F)cc1CN[C@H]1CCCN[C@H]1c1ccccc1.Cl.Cl,5.6401
CCCCN1CCC(COC(=O)c2cc(Cl)c(N)c3c2OCCO3)CC1.Cl,6.0161
COc1cccc([C@@H](C)NCCCc2ccccc2Cl)c1.Cl,6.7424
S=C(NCCCc1c[nH]cn1)NCCCN(Cc1ccc(Cl)c(Cl)c1)c1ccc(Br)cn1,6.6940
CC(C)NCC(O)COc1cccc2ccccc12.Cl,5.7471
CCc1ccc(OCc2ccccc2C(=O)Nc2ccc3nc(C)cc(N)c3c2)cc1.Cl,6.2610
CC[C@@H]1CN2C(=O)N(C)c3nc(-c4ccccc4)[nH]c3C2=N1.Cl,5.0109
CCCCC#Cc1nc(NC)c2ncn([C@@H]3O[C@H](CO)[C@@H](O)[C@H]3O)c2n1,5.1039
C[C@@H](NCCCc1cccc(C(F)(F)F)c1)c1cccc2ccccc12.Cl,6.0749
CN1C2CCC1CC(OC(c1ccc(F)cc1)c1ccc(F)cc1)C2.Cl,7.7600
Cl.Clc1cccc(COc2cncc(N3CCNCC3)n2)c1,6.9794
O=C(c1cc2c(cc1F)OC(c1ccc(F)cc1)(c1ccc(Cl)cc1Cl)O2)N1CCOCC1,5.5755
C/C(=N\NC(=O)[C@@H]1C(=O)NC[C@H]1c1ccccc1)c1cccc(Br)c1,5.4113
Nc1nc2c(c(N3CCNCC3)n1)CCC1=C2[C@@H]2CCCC[C@@H]2O1,5.1921
CN1CCCC(n2nc(Cc3ccc(Cl)cc3)c3ccccc3c2=O)CC1.Cl,6.6390
Cc1cc(C)cc(-c2cnc3cc(Cl)c(-c4cccc(O)c4)cc3c2OCCCN)c1,5.4648
CN1CCC(=C2c3ccccc3CC(=O)c3sccc32)CC1.O=C(O)/C=C/C(=O)O,7.3572
CCc1nn(CCCN2CCN(c3cccc(Cl)c3)CC2)c(=O)n1CCOc1ccccc1.Cl,7.8063
CN(C)C(=O)N[C@H]1CC[C@H](CCN2CCN(c3cccc(Cl)c3Cl)CC2)CC1.Cl,7.2133
CCc1cc2c(cc1CC)CC(NC[C@H](O)c1ccc(O)c3[nH]c(=O)ccc13)C2,5.6947
CC(C)Oc1ccccc1C(=O)Nc1ccccc1C(=O)Nc1cccc(S(=O)(=O)C(F)(F)F)c1,6.0075
Cc1c(P(=S)(c2ccccc2)c2ccccc2)n2ccccc2[n+]1C/C=C/c1ccccc1.[Br-],5.5547
COc1ccc(CNC(=O)c2cc(-c3cncc(Cl)c3)cnc2-c2ccccn2)nc1OC,5.3379
CNc1nc(NCc2ccc(NS(C)(=O)=O)cc2Cl)cc(-c2ccccn2)n1,5.6738
O=C(O)C1CN(Cc2ccc(OCc3ccc(Cl)c(Cl)c3)cc2)C1,5.3367
CN1C[C@H](C(=O)N[C@]2(C)O[C@@]3(O)[C@@H]4CCCN4C(=O)[C@H](Cc4ccccc4)N3C2=O)C[C@@H]2c3cccc4[nH]cc(c34)C[C@H]21.CS(=O)(=O)O,7.6767
Cl.Clc1cccc(Cl)c1NC1=NCCN1,5.0390
OCc1cc(C(O)CNCCCCCCOCCCCc2ccccc2)ccc1O,5.8946
Cc1cc(NC(=O)NCCN2CCC(O)(Cc3ccccc3)CC2)c2ccccc2n1,5.7990
NCCc1cn(S(=O)(=O)c2c(Cl)nc3sccn23)c2ccccc12.O=C(O)C(=O)O,6.9547
COc1ccc(NC(=O)c2ccc(-c3ccc(-c4noc(C)n4)cc3C)cc2)cc1OCCN(C)C.Cl,7.4468
COc1cc(C2CNC2)c(OC)cc1Br,8.7959
COc1cc(C2CCNC2)c(OC)cc1Br,8.1946
COc1cc(C2CCCNC2)c(OC)cc1Cl,6.6708
COc1cc(C2CCCNC2)c(OC)cc1I,7.0084
COc1cc(C2CCCNC2)c(OC)cc1C#N,6.1131
COc1cc(C(F)(F)F)c(OC)cc1[C@H]1CCCNC1,6.8239
COc1cc(C(F)(F)F)c(OC)cc1[C@@H]1CCCNC1,8.4949
COc1cc(C2CCCNC2)c(OC)cc1C,6.7925
CCc1cc(OC)c(C2CCCNC2)cc1OC,7.1729
CCCCc1cc(OC)c(C2CCCNC2)cc1OC,6.5186
COc1cc(C2CCCNC2)c(OC)cc1SC,7.1649
CCSc1cc(OC)c(C2CCCNC2)cc1OC,7.0707
COc1cc(C2CCCNC2)c(OC)cc1SC(C)C,6.6667
COc1cc([C@@H]2CCCNC2)c(OC)cc1Br,7.1612
COc1cc(C(F)(F)F)c(OC)cc1[C@H]1CCCN(C)C1,5.9586
COc1cc(C(F)(F)F)c(OC)cc1[C@@H]1CCCN(C)C1,6.4089
CCN1CCC[C@@H](c2cc(OC)c(C(F)(F)F)cc2OC)C1,5.8239
COc1cc(C(F)(F)F)ccc1C1CCCNC1,6.6708
COc1cc(C2CCCNC2)ccc1C(F)(F)F,5.6734
CCOc1cc(C(F)(F)F)c(OC)cc1C1CCCNC1,6.9037
CCOc1cc(C2CCCNC2)c(OC)cc1C(F)(F)F,7.2474
CCOc1cc(C(F)(F)F)c(OCC)cc1C1CCCNC1,6.2614
COc1cc([C@H]2CCCNC2)c(OC)cc1Br,6.0654
COc1cc(C(F)(F)F)c(OC)cc1CCN,9.1427
O=C1CN2c3c(cccc3[C@@H]3CN(CCCOc4ccccc4)CC[C@@H]32)N1,8.5528
O=C1CN2c3c(cccc3[C@@H]3CN(CCCc4n[nH]c5cc(F)ccc45)CC[C@@H]32)N1,8.5850
Cn1nc(CCCN2CC[C@H]3[C@@H](C2)c2cccc4c2N3CC(=O)N4)c2ccc(F)cc21,7.9066
O=C1CN2c3c(cccc3[C@@H]3CN(CCCc4noc5cc(F)ccc45)CC[C@@H]32)N1,8.5086
O=C1CN2c3c(cccc3[C@@H]3CN(CCCOc4ccc(F)cc4)CC[C@@H]32)N1,8.0809
O=C1CN2c3c(cccc3[C@@H]3CN(CCCOc4ccc(F)c(F)c4)CC[C@@H]32)N1,7.7932
O=C1CN2c3c(cccc3[C@@H]3CN(CCCOc4ccc(F)cc4F)CC[C@@H]32)N1,7.8182
O=C1CN2c3c(cccc3[C@@H]3CN(CCCOc4ccc(F)c(O)c4)CC[C@@H]32)N1,6.9586
O=C1CN2c3c(cccc3[C@@H]3CN(CCCOc4ccc(F)cc4O)CC[C@@H]32)N1,7.7212
CC1(C)C(=O)Nc2cccc3c2N1[C@H]1CCN(CCCOc2ccc(F)cc2)C[C@@H]31,8.0655
O=C1CN2c3c(cccc3[C@H]3CN(CCCOc4ccc(F)cc4)CC[C@H]32)N1,7.9586
Oc1cccc(N2[C@@H]3CC[C@H]2CN(CCCc2ccccc2)C3)c1,5.9469
COc1cc(SC(F)(F)F)c(OC)cc1CCN.Cl,9.4580
COc1cc(SC(F)F)c(OC)cc1CCN.Cl,8.1953
COc1cc([S+]([O-])C(F)(F)F)c(OC)cc1CCN.Cl,7.7256
COc1cc(S(=O)(=O)C(F)(F)F)c(OC)cc1CCN.Cl,8.7207
COc1cc([S+]([O-])C(F)F)c(OC)cc1CCN.Cl,7.5643
COc1cc(S(=O)(=O)C(F)F)c(OC)cc1CCN.Cl,7.9693
COc1cc(S(=O)(=O)CF)c(OC)cc1CCN.Cl,8.2246
COc1cc(SSC(F)(F)F)c(OC)cc1CCN.Cl,7.1090
COc1cc(SSC(C)(C)C)c(OC)cc1CCN.Cl,7.2296
COc1cc(SCCC(F)(F)F)c(OC)cc1CCN.Cl,8.0000
COc1cc(SCCC(F)F)c(OC)cc1CCN.Cl,7.6391
COc1cc(SCC(F)(F)C(F)F)c(OC)cc1CCN.Cl,7.4200
COc1cc(OCCC(F)(F)F)c(OC)cc1CCN.Cl,6.3207
COc1cc(OCCC(F)F)c(OC)cc1CCN.Cl,6.4111
COc1cc(OCCCF)c(OC)cc1CCN.Cl,5.7781
COc1cc([Se]C(F)(F)F)c(OC)cc1CCN.Cl,8.4500
C#CCSc1cc(OC)c(CCN)cc1OC.Cl,9.0320
C#CCCCSc1cc(OC)c(CCN)cc1OC.Cl,8.6700
COc1cc(SCC#N)c(OC)cc1CCN.Cl,7.8268
COc1cc(CCN)cc(OC)c1SC(F)(F)F.Cl,7.3650
COc1cc(SC(F)(F)F)c(OC)cc1CC(C)N.Cl,8.2075
COc1cc(SC(F)(F)F)c(OC)cc1CCNCC1CC1.Cl,7.6850
COc1cc(C2CCCC2)c(OC)cc1CCN.Cl,6.8729
COc1cc(SCCCF)c(OC)cc1CCN,7.9254
COc1cc(SCC(F)F)c(OC)cc1CCN,6.8356
COc1cc(SCCCCF)c(OC)cc1CCN,7.3279
COc1cc(C(C)(C)C)c(OC)cc1CCN,8.1906
COc1cc(C(=O)C(C)(C)C)c(OC)cc1CCN.Cl,6.0706
COc1cc(S(=O)(=O)C(C)(C)C)c(OC)cc1CCN.Cl,6.2757
COc1cc(SC(C)(C)C)c(OC)cc1CCN,6.8239
COc1ccc2c3ccnc(C)c3n(CCN(C)C)c2c1.O=C(O)/C=C/C(=O)O,5.3100
COc1ccc2c(c1)N(CCN(C)C)/C(=C/C(C)=O)S2.O=C(O)/C=C/C(=O)O,4.3600
COc1ccc(OC)c(/C=C2\N=C(N)NC2=O)c1.Cl,6.3424
COc1cc(/C=C2\N=C(N)NC2=O)c(OC)cc1Br.Cl,7.4789
CC(C)COc1ccc(CNC(=O)N(Cc2ccc(F)cc2)[C@H]2CCN(C)C[C@@H]2F)cc1,8.0655
CC(C)COc1ccc(CNC(=O)N(Cc2ccc(F)cc2)[C@H]2CCN(C)C[C@H]2F)cc1,9.0132
CC(C)COc1ccc(CNC(=O)N(Cc2ccc(F)cc2)[C@H]2CCN(C)CC23CC3)cc1,9.2441
CC(C)COc1ccc(CNC(=O)N(Cc2ccc(F)cn2)[C@H]2CCN(C)CC23CC3)cc1,9.1308
CC(C)COc1ccc(CNC(=O)N(Cc2ccn(C)n2)[C@H]2CCN(C)CC23CC3)cc1,9.0506
CCCOc1ccc(CNC(=O)N(Cc2ccn(C)n2)[C@H]2CCN(C)CC23CC3)cc1,9.0269
CCCOc1ccc(CNC(=O)N(Cc2ccn(C)n2)C2CCN(C)CC2)cc1,8.4437
O=C(O)c1ccc2nc(CN3CCC(c4cccc(OCc5ccc(C6COC6)cc5F)n4)CC3)n(C[C@@H]3CCO3)c2c1,5.0576
O=S(=O)(c1ccccc1)n1cccc1-c1cccc(N2CCNCC2)c1,4.7997
O=S(=O)(c1cccc(NC2CCNCC2)c1)n1cccc1-c1ccccc1,5.8130
O=S(=O)(c1cccc(N2CCNCC2)c1)n1cccc1-c1ccccc1,6.3851
O=S(=O)(c1cccc(N2CCNCC2)c1)n1cccc1-c1cccc(F)c1,5.6012
COc1cccc(-c2cccn2S(=O)(=O)c2cccc(N3CCNCC3)c2)c1,6.1838
O=C(NC1CCNCC1)c1ccn(S(=O)(=O)c2cccc(Cl)c2)c1-c1cccc(F)c1,4.9751
CC(=O)N1CCCC(N2C(=O)c3cccc(N)c3C2=O)C1,5.2840
CN(CCc1cccc2cccc(O)c12)C1CC1,7.2218
CCN(C)CCc1cccc2cccc(O)c12,7.3872
CN(C)CCc1cccc2cccc(O)c12,7.2757
CCN(C)CCc1cccc2ccc(OC)cc12,7.0655
CC(C)N(C)CCc1cccc2cccc(O)c12,7.4437
COc1cccc(CNCCc2cccc3ccc(OC)cc23)c1,7.0362
COc1ccc2cccc(CCN(C)C)c2c1,7.0177
O=c1ccc2ccc(CCCCCN3CCN(c4cccc5sncc45)CC3)cc2[nH]1,6.4461
Cl.c1ccc2c(c1)nnn2CCCCN1CCN(c2nsc3ccccc23)CC1,9.8355
C#CCN(C)C(=O)[C@@H]1C=C2c3cccc4[nH]cc(c34)C[C@H]2N(C)C1,9.1382
C#CCN(CC)C(=O)[C@@H]1C=C2c3cccc4[nH]cc(c34)C[C@H]2N(C)C1,9.2623
CCN(CC#N)C(=O)[C@@H]1C=C2c3cccc4[nH]cc(c34)C[C@H]2N(C)C1,9.3884
CCN(CCF)C(=O)[C@@H]1C=C2c3cccc4[nH]cc(c34)C[C@H]2N(C)C1,9.4175
CCN(CC(F)F)C(=O)[C@@H]1C=C2c3cccc4[nH]cc(c34)C[C@H]2N(C)C1,9.3985
CCN(CC(F)(F)F)C(=O)[C@@H]1C=C2c3cccc4[nH]cc(c34)C[C@H]2N(C)C1,8.9208
CN(CC(F)(F)F)C(=O)[C@@H]1C=C2c3cccc4[nH]cc(c34)C[C@H]2N(C)C1,8.8130
CN1C[C@H](C(=O)N(CCF)CC(F)F)C=C2c3cccc4[nH]cc(c34)C[C@H]21,9.4843
CN1C[C@H](C(=O)N(CC(F)F)CC(F)F)C=C2c3cccc4[nH]cc(c34)C[C@H]21,9.2636
O[C@H]1[C@H](n2cnc3c(NC(C4CCCC4)C4CCCC4)nc(Cl)nc32)[C@H]2C[C@@]2(CCl)[C@H]1O,5.1895
CSC[C@@]12C[C@@H]1[C@@H](n1cnc3c(NC(C4CCCC4)C4CCCC4)nc(SC)nc31)[C@H](O)[C@@H]2O,5.0308
CC(Oc1cc(Cl)ccc1Cl)c1nc(N)nc(N2CCN(C)CC2)n1,6.4498
CC(Oc1ccc(Cl)c(Cl)c1)c1nc(N)nc(N2CCN(C)CC2)n1,6.2396
CC(Oc1cc(Cl)cc(Cl)c1)c1nc(N)nc(N2CCN(C)CC2)n1,6.3851
CCC(Oc1ccccc1)c1nc(N)nc(N2CCN(C)CC2)n1,5.2970
CCC(Oc1ccc(Cl)c(Cl)c1)c1nc(N)nc(N2CCN(C)CC2)n1,6.1574
CCC(Oc1cc(Cl)cc(Cl)c1)c1nc(N)nc(N2CCN(C)CC2)n1,6.3344
CCCC(Oc1cc(Cl)ccc1Cl)c1nc(N)nc(N2CCN(C)CC2)n1,6.4179
CCCC(Oc1cc(Cl)cc(Cl)c1)c1nc(N)nc(N2CCN(C)CC2)n1,6.3116
CCCC(Oc1cccc(Cl)c1Cl)c1nc(N)nc(N2CCN(C)CC2)n1,6.5086
CCCCC(Oc1cccc(Cl)c1Cl)c1nc(N)nc(N2CCN(C)CC2)n1,6.3279
CN1CCN(c2nc(N)nc(C(C)(C)Oc3ccccc3Cl)n2)CC1,6.2418
CN1CCN(c2nc(N)nc(C(C)(C)Sc3ccccc3Cl)n2)CC1,6.0496
CC(Sc1cc(Cl)cc(Cl)c1)c1nc(N)nc(N2CCN(C)CC2)n1,6.7496
CCC(Sc1ccccc1)c1nc(N)nc(N2CCN(C)CC2)n1,6.3696
CCC(Sc1cc(Cl)ccc1Cl)c1nc(N)nc(N2CCN(C)CC2)n1,6.2588
CCC(Sc1ccc(Cl)c(Cl)c1)c1nc(N)nc(N2CCN(C)CC2)n1,6.2620
CCC(Sc1cc(Cl)cc(Cl)c1)c1nc(N)nc(N2CCN(C)CC2)n1,6.7496
CCC(Sc1cccc(Cl)c1Cl)c1nc(N)nc(N2CCN(C)CC2)n1,5.6670
CCCC(Sc1cc(Cl)cc(Cl)c1)c1nc(N)nc(N2CCN(C)CC2)n1,6.3010
CCCCC(Sc1cccc(Cl)c1Cl)c1nc(N)nc(N2CCN(C)CC2)n1,6.7471
CCC(Oc1ccccc1)c1nc(N)nc(N2CCNCC2)n1,5.3172
CCC(Oc1cc(Cl)ccc1Cl)c1nc(N)nc(N2CCNCC2)n1,7.2076
CCC(Sc1cc(Cl)ccc1Cl)c1nc(N)nc(N2CCNCC2)n1,6.7258
CCC(Oc1cccc(Cl)c1Cl)c1nc(N)nc(N2CCNCC2)n1,6.9281
CCC(Sc1cccc(Cl)c1Cl)c1nc(N)nc(N2CCNCC2)n1,6.9393
CC(Oc1cc(F)ccc1F)c1nc(N)nc(N2CCN(C)CC2)n1,5.6424
CCC(Oc1cc(F)ccc1F)c1nc(N)nc(N2CCN(C)CC2)n1,6.2418
CC(Oc1cc(Cl)ccc1F)c1nc(N)nc(N2CCN(C)CC2)n1,6.2041
CCC(Oc1cc(Cl)ccc1F)c1nc(N)nc(N2CCN(C)CC2)n1,6.1135
CC(Oc1cc(F)ccc1Cl)c1nc(N)nc(N2CCN(C)CC2)n1,5.5728
CCC(Oc1cc(F)ccc1Cl)c1nc(N)nc(N2CCN(C)CC2)n1,6.5072
CC(Oc1cc(C(F)(F)F)ccc1F)c1nc(N)nc(N2CCN(C)CC2)n1,5.8345
CCC(Oc1cc(C(F)(F)F)ccc1F)c1nc(N)nc(N2CCN(C)CC2)n1,5.9311
CC(Oc1cc(F)ccc1C(F)(F)F)c1nc(N)nc(N2CCN(C)CC2)n1,6.2013
CCC(Oc1cc(F)ccc1C(F)(F)F)c1nc(N)nc(N2CCN(C)CC2)n1,6.5513
CC(Oc1cc(C(F)(F)F)ccc1C(F)(F)F)c1nc(N)nc(N2CCN(C)CC2)n1,6.0985
CCC(Oc1cc(C(F)(F)F)ccc1C(F)(F)F)c1nc(N)nc(N2CCN(C)CC2)n1,5.8130
COc1ccc(F)cc1OC(C)c1nc(N)nc(N2CCN(C)CC2)n1,5.6194
CCC(Oc1cc(F)ccc1OC)c1nc(N)nc(N2CCN(C)CC2)n1,6.0867
CC(Oc1cccc(F)c1F)c1nc(N)nc(N2CCN(C)CC2)n1,6.1524
CCC(Oc1cccc(F)c1F)c1nc(N)nc(N2CCN(C)CC2)n1,5.5184
CC(Oc1cccc(Cl)c1F)c1nc(N)nc(N2CCN(C)CC2)n1,6.9469
CCC(Oc1cccc(Cl)c1F)c1nc(N)nc(N2CCN(C)CC2)n1,6.6799
CCC(Oc1cccc(F)c1Cl)c1nc(N)nc(N2CCN(C)CC2)n1,5.6499
CCC(Oc1cc(Cl)cc(Cl)c1)c1nc(Nc2ccccc2)nc(N2CCN(C)CC2)n1,5.7747
CCC(Oc1cc(Cl)cc(Cl)c1)c1nc(Nc2ccncc2)nc(N2CCN(C)CC2)n1,6.3595
CCCCC(Oc1cc(Cl)cc(Cl)c1)c1nc(Nc2ccccc2)nc(N2CCN(C)CC2)n1,6.5421
CCCCC(Oc1cc(Cl)cc(Cl)c1)c1nc(Nc2ccncc2)nc(N2CCN(C)CC2)n1,6.1586
CCC(Oc1cccc(Cl)c1Cl)c1nc(Nc2ccccc2)nc(N2CCN(C)CC2)n1,6.9318
CCC(Oc1cc(Cl)ccc1Cl)c1nc(Nc2ccccc2)nc(N2CCN(C)CC2)n1,6.4711
O=C(c1nnc(NC2CCCC2)c2cc(Cl)c(Cl)cc12)N1CCC(O)CC1,4.8861
c1ccc([C@@H]2C[C@H]2NC2CCNCC2)cc1,4.7959
O=C(O)c1ccc(CN2CCC(CN[C@@H]3C[C@H]3c3ccccc3)CC2)cc1,4.6990
COc1cc2c(NC3CCN(C(C)C)CC3)nc(C3CCCCC3)nc2cc1OCCCN1CCCC1,5.9208
CCCCOc1c(OC)cc(C(=O)NCC2(N(C)C)CCOCC2)cc1OC.Cl,5.8861
c1ccc2cc(COC3CCNCC3)ccc2c1,6.1038
O=C(N[C@H]1CC[C@H](CCN2CCN(c3nsc4ccccc34)CC2)CC1)c1cc2ccccc2o1,9.0655
O=C(N[C@H]1CC[C@H](CCN2CCN(c3nsc4ccccc34)CC2)CC1)c1cc2ccccc2s1,9.1427
N#Cc1ccc(C(=O)N[C@H]2CC[C@H](CCN3CCN(c4nsc5ccccc45)CC3)CC2)o1,8.9872
CC(C)(C)c1ccoc1C(=O)N[C@H]1CC[C@H](CCN2CCN(c3nsc4ccccc34)CC2)CC1,8.5935
Cc1ccc(C(=O)N[C@H]2CC[C@H](CCN3CCN(c4nsc5ccccc45)CC3)CC2)[nH]1,8.8928
CC(=O)c1ccc(C(=O)N[C@H]2CC[C@H](CCN3CCN(c4nsc5ccccc45)CC3)CC2)o1,8.4214
Cc1ccsc1C(=O)N[C@H]1CC[C@H](CCN2CCN(c3nsc4ccccc34)CC2)CC1,8.6968
O=C(N[C@H]1CC[C@H](CCN2CCN(c3nsc4ccccc34)CC2)CC1)c1sccc1Br,8.5391
CCc1c(C(=O)N[C@H]2CC[C@H](CCN3CCN(c4nsc5ccccc45)CC3)CC2)sc2ccccc12,8.3098
O=C(N[C@H]1CC[C@H](CCN2CCN(c3nsc4ccccc34)CC2)CC1)c1sc2ccccc2c1Cl,8.4535
O=C(N[C@H]1CC[C@H](CCN2CCN(c3nsc4ccccc34)CC2)CC1)c1cc2cc([N+](=O)[O-])ccc2[nH]1,8.5768
COc1ccc2oc(C(=O)N[C@H]3CC[C@H](CCN4CCN(c5nsc6ccccc56)CC4)CC3)cc2c1,8.9508
O=C(Cc1cccs1)N[C@H]1CC[C@H](CCN2CCN(c3nsc4ccccc34)CC2)CC1,8.9914
O=C(Cc1coc2ccccc12)N[C@H]1CC[C@H](CCN2CCN(c3nsc4ccccc34)CC2)CC1,8.7282
O=C(N[C@H]1CC[C@@H](CCN2CCN(c3nsc4ccccc34)CC2)CC1)c1cccs1,9.2441
O=C(N[C@H]1CC[C@@H](CCN2CCN(c3nsc4ccccc34)CC2)CC1)c1ccc[nH]1,9.0915
O=C(N[C@H]1CC[C@@H](CCN2CCN(c3nsc4ccccc34)CC2)CC1)c1cc2ccccc2[nH]1,8.8761
O=C(N[C@H]1CC[C@@H](CCN2CCN(c3nsc4ccccc34)CC2)CC1)c1cc2ccccc2o1,8.7496
O=C(N[C@H]1CC[C@@H](CCN2CCN(c3nsc4ccccc34)CC2)CC1)c1cc2ccccc2s1,8.6990
O=S(=O)(N[C@H]1CC[C@H](CCN2CCN(c3nsc4ccccc34)CC2)CC1)c1cc[nH]c1,8.6752
O=S(=O)(N[C@H]1CC[C@H](CCN2CCN(c3nsc4ccccc34)CC2)CC1)c1ccco1,9.3332
O=S(=O)(N[C@H]1CC[C@H](CCN2CCN(c3nsc4ccccc34)CC2)CC1)c1cc2ccccc2s1,9.0192
O=S(=O)(N[C@H]1CC[C@H](CCN2CCN(c3nsc4ccccc34)CC2)CC1)c1cc2ccccc2o1,8.6051
O=S(=O)(N[C@H]1CC[C@H](CCN2CCN(c3nsc4ccccc34)CC2)CC1)c1c[nH]c2ccccc12,8.7299
[C-]#[N+]c1ccc(S(=O)(=O)N[C@H]2CC[C@H](CCN3CCN(c4nsc5ccccc45)CC3)CC2)o1,8.3242
O=S(=O)(N[C@H]1CC[C@H](CCN2CCN(c3nsc4ccccc34)CC2)CC1)c1ccc(Cl)o1,8.8392
Cc1ccc(S(=O)(=O)N[C@H]2CC[C@H](CCN3CCN(c4nsc5ccccc45)CC3)CC2)o1,8.6217
CC(C)(C)c1ccc(S(=O)(=O)N[C@H]2CC[C@H](CCN3CCN(c4nsc5ccccc45)CC3)CC2)s1,8.2768
O=S(=O)(N[C@H]1CC[C@H](CCN2CCN(c3nsc4ccccc34)CC2)CC1)c1cc2cc(Cl)ccc2s1,8.7554
[C-]#[N+]c1ccc2sc(S(=O)(=O)N[C@H]3CC[C@H](CCN4CCN(c5nsc6ccccc56)CC4)CC3)cc2c1,8.4519
Cc1ccc2sc(S(=O)(=O)N[C@H]3CC[C@H](CCN4CCN(c5nsc6ccccc56)CC4)CC3)cc2c1,8.9639
O=[N+]([O-])c1ccc2sc(S(=O)(=O)N[C@H]3CC[C@H](CCN4CCN(c5nsc6ccccc56)CC4)CC3)cc2c1,8.5376
COc1ccc2sc(S(=O)(=O)N[C@H]3CC[C@H](CCN4CCN(c5nsc6ccccc56)CC4)CC3)cc2c1,8.8894
O=S(=O)(N[C@H]1CC[C@@H](CCN2CCN(c3nsc4ccccc34)CC2)CC1)c1cccs1,9.3010
O=S(=O)(N[C@H]1CC[C@@H](CCN2CCN(c3nsc4ccccc34)CC2)CC1)c1ccc[nH]1,8.9957
O=S(=O)(N[C@H]1CC[C@@H](CCN2CCN(c3nsc4ccccc34)CC2)CC1)c1ccco1,9.1308
O=S(=O)(N[C@H]1CC[C@@H](CCN2CCN(c3nsc4ccccc34)CC2)CC1)c1cc2ccccc2s1,8.6882
O=S(=O)(N[C@H]1CC[C@@H](CCN2CCN(c3nsc4ccccc34)CC2)CC1)c1cc2ccccc2o1,8.7375
O=S(=O)(N[C@H]1CC[C@@H](CCN2CCN(c3nsc4ccccc34)CC2)CC1)c1cc2ccccc2[nH]1,8.4012
Cc1ccc(S(=O)(=O)N[C@H]2CC[C@@H](CCN3CCN(c4nsc5ccccc45)CC3)CC2)o1,8.7825
COC(=O)N[C@H]1CC[C@H](CCN2CCN(c3nsc4ccccc34)CC2)CC1,8.9355
CC(C)COC(=O)N[C@H]1CC[C@H](CCN2CCN(c3nsc4ccccc34)CC2)CC1,8.5100
O=C(N[C@H]1CC[C@H](CCN2CCN(c3nsc4ccccc34)CC2)CC1)OC1CC1,8.6421
O=C(N[C@H]1CC[C@H](CCN2CCN(c3nsc4ccccc34)CC2)CC1)OC1CCCCC1,8.7878
O=C(N[C@H]1CC[C@H](CCN2CCN(c3nsc4ccccc34)CC2)CC1)Oc1ccccc1,9.1805
COc1cccc(OC(=O)N[C@H]2CC[C@H](CCN3CCN(c4nsc5ccccc45)CC3)CC2)c1,8.8477
Cc1ccccc1OC(=O)N[C@H]1CC[C@H](CCN2CCN(c3nsc4ccccc34)CC2)CC1,8.3045
O=C(N[C@H]1CC[C@H](CCN2CCN(c3nsc4ccccc34)CC2)CC1)Oc1ccc(Cl)cc1,8.0964
O=C(N[C@H]1CC[C@H](CCN2CCN(c3nsc4ccccc34)CC2)CC1)Oc1ccc([N+](=O)[O-])cc1,7.9031
O=C(N[C@H]1CC[C@H](CCN2CCN(c3nsc4ccccc34)CC2)CC1)OCc1ccccc1,9.4318
O=C(N[C@H]1CC[C@H](CCN2CCN(c3nsc4ccccc34)CC2)CC1)OCc1cc2ccccc2o1,8.5884
O=C(N[C@H]1CC[C@H](CCN2CCN(c3nsc4ccccc34)CC2)CC1)OCc1cccs1,9.2218
COC(=O)N[C@H]1CC[C@@H](CCN2CCN(c3nsc4ccccc34)CC2)CC1,8.9101
O=C(N[C@H]1CC[C@@H](CCN2CCN(c3nsc4ccccc34)CC2)CC1)OCc1ccccc1,9.1192
O=C(NCCc1ccccc1)N[C@H]1CC[C@H](CCN2CCN(c3nsc4ccccc34)CC2)CC1,8.3757
O=C(Nc1ccco1)N[C@H]1CC[C@H](CCN2CCN(c3nsc4ccccc34)CC2)CC1,8.9830
O=C(Nc1cc2ccccc2s1)N[C@H]1CC[C@H](CCN2CCN(c3nsc4ccccc34)CC2)CC1,8.0491
CCCCN(C(=O)N[C@H]1CC[C@H](CCN2CCN(c3nsc4ccccc34)CC2)CC1)c1ccccc1,7.9706
CN(C(=O)N[C@H]1CC[C@H](CCN2CCN(c3nsc4ccccc34)CC2)CC1)c1cccs1,8.9706
COc1cccc(NC(=O)N[C@H]2CC[C@H](CCN3CCN(c4nsc5ccccc45)CC3)CC2)c1,8.5467
O=C(Nc1cccc([N+](=O)[O-])c1)N[C@H]1CC[C@H](CCN2CCN(c3nsc4ccccc34)CC2)CC1,8.3002
O=C(Nc1ccccc1)N[C@H]1CC[C@@H](CCN2CCN(c3nsc4ccccc34)CC2)CC1,8.6198
O=C(NCc1ccccc1)N[C@H]1CC[C@@H](CCN2CCN(c3nsc4ccccc34)CC2)CC1,8.8962
O=C(Nc1ccco1)N[C@H]1CC[C@@H](CCN2CCN(c3nsc4ccccc34)CC2)CC1,8.7399
CN(C)C(=O)NC1CCC(CCN2CCN(c3cccc(Cl)c3Cl)CC2)CC1,7.6882
O=C(c1cccn2cc(-c3ccccc3)nc12)N1CCN(CCc2ccc(F)cc2)CC1,7.3372
O=C(c1cccn2ccnc12)N1CCN(CC(F)c2ccc(F)cc2)CC1,8.0000
CC(=O)c1ccc2c(c1)oc(=O)n2CCCCN1CCN(c2ccc(F)cc2)CC1,6.4949
COc1ccccc1N1CCN(CCCCOc2ccc3c(c2)NC(=O)CO3)CC1,6.9281
O=C1COc2ccc(OCCCCN3CCN(c4cccc(Cl)c4Cl)CC3)cc2N1,7.2328
O=C1Cc2cc(CCN3CCN(c4cccc5c4CCS5)CC3)c(Cl)cc2N1,6.6440
O=C1Cc2cc(CCN3CCN(c4cccc5sccc45)CC3)ccc2N1,8.1965
O=c1ccc2ccc(CCN3CCN(c4cccc5sccc45)CC3)cc2[nH]1,7.0195
O=c1ccc2ccc(CCCCCN3CCN(c4cccc5sccc45)CC3)cc2[nH]1,6.6799
O=C1Cc2cc(CCN3CCN(c4cccc5sccc45)CC3)c(Cl)cc2N1,7.1273
Cc1nc2n(c(=O)c1CCN1CCN(c3cccc4sccc34)CC1)CCC=C2,7.1124
Cc1nc2c(OCc3ccccc3)cccn2c(=O)c1CCN1CCN(c2cccc3sccc23)CC1,6.4559
O=C1CCc2ccc(CCN3CCN(c4cccc5sccc45)CC3)cc2N1,6.7721
O=C1CCc2cc(Cl)c(CCN3CCN(c4cccc5sccc45)CC3)cc2N1,7.0106
Cc1nc2ccc(CCCCCN3CCN(c4cccc5sccc45)CC3)cc2c(=O)[nH]1,6.1073
O=c1ccc2ccc(CCN3CCN(c4cccc5c4CCS5)CC3)cc2[nH]1,7.1085
Cc1ncsc1CCN1CCN(c2cccc3sccc23)CC1,7.3054
O=c1[nH]c2ccc(CCN3CCN(c4cccc5sccc45)CC3)cc2[nH]1,8.3089
Cc1nc2n(c(=O)c1CCN1CCN(c3cccc4sccc34)CC1)CCCC2(F)F,7.5952
O=c1[nH]c2ccc(CCN3CCN(c4cccc5sccc45)CC3)cc2s1,8.1169
O=C1COc2ccc(CCN3CCN(c4cccc5sccc45)CC3)cc2N1,7.3757
O=C1CSc2ccc(CCN3CCN(c4cccc5sccc45)CC3)cc2N1,7.2823
O=c1ccc2ccc(CCCCN3CCN(c4cccc5sccc45)CC3)cc2[nH]1,6.6126
O=c1[nH]cnc2ccc(CCCCCN3CCN(c4cccc5sccc45)CC3)cc12,6.6968
O=c1[nH]c(CCN2CCN(c3cccc4sccc34)CC2)nc2ccccc12,7.6676
O=C1Cc2cc(CCN3CCC(c4cccc5sccc45)CC3)c(Cl)cc2N1,7.5513
O=C1Cc2c(CCN3CCN(c4cccc5sccc45)CC3)cccc2N1,8.0726
O=C1Cc2cc(CCN3CCN(c4cncc5sccc45)CC3)c(Cl)cc2N1,6.9393
O=c1ccc2ccc(CCN3CCN(c4cncc5sccc45)CC3)cc2[nH]1,6.5436
O=c1ccc2ccc(CCN3CCN(c4cccc5sc(F)cc45)CC3)cc2[nH]1,6.4342
c1ccc2[nH]c(CN3CCN(c4cccc5sccc45)CC3)nc2c1,5.6635
c1cc(N2CCN(CCc3ccc4ncsc4c3)CC2)c2ccsc2c1,7.9914
O=C1CCc2ccc(CCN3CCN(c4cccc5sc(F)cc45)CC3)cc2N1,6.5901
O=C1CCc2cc(CCN3CCN(c4cccc5sc(F)cc45)CC3)ccc2N1,7.3947
O=C1COc2cc(F)c(CCN3CCN(c4cccc5sccc45)CC3)cc2N1,7.0888
O=c1[nH]c2ccc(CCN3CCN(c4cccc5sccc45)CC3)cc2o1,8.3170
N#Cc1ccc2[nH]cc(CCCCN3CCN(c4cccc5sccc45)CC3)c2c1,6.4789
O=C1COc2c(F)cc(CCCCN3CCN(c4cccc5sccc45)CC3)cc2N1,6.0218
O=C1CCc2cc(CCCCN3CCN(c4cccc5sc(F)cc45)CC3)ccc2N1,6.0585
O=c1[nH]c2ccc(CCN3CCN(c4cccc5sc(F)cc45)CC3)cc2[nH]1,6.8041
O=C1COc2ccc(CCN3CCN(c4cc(F)cc5sccc45)CC3)cc2N1,6.4841
O=C1Cc2cc(CCN3CCN(c4cccc5sc(F)cc45)CC3)ccc2N1,7.7747
Cc1nc2ccc(CCN3CCN(c4cccc5sccc45)CC3)cc2c(=O)[nH]1,7.9245
O=S1(=O)NCCc2ccc(CCN3CCN(c4cccc5sccc45)CC3)cc21,8.7773
O=C1Cc2cc(CCN3CCC(c4cccc5sccc45)CC3)ccc2N1,7.9393
O=C1CCc2ccc(CCN3CCC(c4cccc5sccc45)CC3)cc2N1,7.6021
O=C1Cc2cc(CCN3CCN(c4cc(F)cc5sccc45)CC3)ccc2N1,7.7570
O=C1CCc2ccc(CCN3CCN(c4cc(F)cc5sccc45)CC3)cc2N1,7.1107
Cn1c(=O)[nH]c2ccc(CCN3CCN(c4cccc5sccc45)CC3)cc21,7.0301
Cn1c(=O)n(C)c2cc(CCN3CCN(c4cccc5sccc45)CC3)ccc21,7.0555
Cn1c(=O)[nH]c2cc(CCN3CCN(c4cccc5sccc45)CC3)ccc21,6.4486
COc1cc2c(N3CCN(CCc4ccc5c(c4)CCC(=O)N5)CC3)cccc2s1,5.9788
Cc1nc2n(c(=O)c1CCN1CCN(c3cc(F)cc4sccc34)CC1)CCCC2,7.8665
O=C1COc2ccc(CCN3CCC(c4cccc5sccc45)CC3)cc2N1,6.7620
O=C1CCc2cc(CCN3CCC(c4cccc5sccc45)CC3)ccc2N1,6.7328
Cc1nc2n(c(=O)c1CCN1CCC(c3cccc4sccc34)CC1)CCCC2,8.2907
O=C1Cc2cc(CCCCN3CCN(c4cccc5sc(F)cc45)CC3)ccc2N1,6.1198
O=c1ccc2ccc(CCN3CCN(c4cc(F)cc5sccc45)CC3)cc2[nH]1,5.7212
O=C1CCc2cc(CCCCN3CCC(c4cccc5sccc45)CC3)ccc2N1,6.9747
COc1ccc2[nH]cc(CCN3CCN(c4cccc5sccc45)CC3)c2c1,7.5935
COc1ccc2[nH]cc(CCCN3CCN(c4cccc5sccc45)CC3)c2c1,6.1791
COc1ccc2[nH]cc(CCCCN3CCN(c4cccc5sccc45)CC3)c2c1,6.4056
N#Cc1ccc2[nH]cc(CCCN3CCN(c4cccc5sccc45)CC3)c2c1,6.0867
N#Cc1ccc2[nH]cc(CCN3CCN(c4cccc5sccc45)CC3)c2c1,6.6990
CC(=O)n1cc(CCCCN2CCN(c3cccc4sccc34)CC2)c2cc(C#N)ccc21,5.7545
O=C1CCc2cc(CCCCN3CCN(c4cccc5sccc45)CC3)ccc2N1,6.3979
O=C1Cc2cc(CCCCN3CCN(c4cccc5sccc45)CC3)ccc2N1,6.5901
O=C1Cc2cc(CCN3CCN(c4cccc5sc(F)cc45)CC3)c(Cl)cc2N1,6.1451
CN1C(=O)COc2ccc(CCN3CCN(c4cccc5sccc45)CC3)cc21,6.3363
CN1C(=O)CCc2ccc(CCN3CCN(c4cccc5sccc45)CC3)cc21,7.2700
Nc1nc2cc(CCN3CCN(c4cccc5sccc45)CC3)ccc2s1,8.0443
Nc1nc2cccc(CCN3CCN(c4cccc5sccc45)CC3)c2s1,7.7986
CC(=O)Nc1nc2cc(CCN3CCN(c4cccc5sccc45)CC3)ccc2s1,7.1249
CC(=O)Nc1nc2cccc(CCN3CCN(c4cccc5sccc45)CC3)c2s1,7.4647
Nc1nc2c(CCN3CCN(c4cccc5sccc45)CC3)cccc2s1,8.1349
CC(=O)Nc1nc2c(CCN3CCN(c4cccc5sccc45)CC3)cccc2s1,7.3872
CC(=O)N1CC(CCN2CCN(c3cccc4sccc34)CC2)c2ccccc21,6.2708
Cc1nc2n(c(=O)c1CCN1CCN(c3cccc4sc(F)cc34)CC1)CCCC2O,7.2899
O=C1Nc2ccccc2OC1CCN1CCN(c2cccc3sccc23)CC1,6.0035
S=C1CCc2ccc(CCN3CCN(c4cccc5sccc45)CC3)cc2N1,7.2565
O=C1N[C@@H]2[C@@H](CS[C@@H]2CCCCCN2CCN(c3cccc4sccc34)CC2)N1,7.7773
O=C1COc2ccc(CCCCN3CCN(c4cccc5sccc45)CC3)cc2N1,6.1481
c1cc(N2CCN(CCCCc3nnnn3C3CCCCC3)CC2)c2ccsc2c1,7.3788
O=C1COc2c(F)cc(CCN3CCN(c4cccc5sccc45)CC3)cc2N1,6.9830
COC(CN1CCN(c2cccc3sccc23)CC1)c1cccc2c1OCC(=O)N2,7.7696
O=C1Cc2cc(C(O)CN3CCN(c4cccc5sccc45)CC3)ccc2N1,7.8327
O=C1CCc2ccc(C(O)CCCCN3CCN(c4cccc5sccc45)CC3)cc2N1,6.9666
CC(=O)Nc1nc2ccc(CCN3CCN(c4cccc5sccc45)CC3)cc2s1,7.7235
Nc1nc2ccc(CCN3CCN(c4cccc5sccc45)CC3)cc2s1,8.7932
Cn1ncc(Cl)c1-c1cc(NC(=O)c2cc(Br)cs2)ccc1OCCN,8.9208
O=C1c2ncccc2CCN1CCN1CCN(c2noc3ccccc23)CC1,7.3098
COc1cc2c(cn1)C(=O)N(CCN1CCN(c3nsc4ccccc34)CC1)CC2,9.3979
Cc1cc2c(cn1)C(=O)N(CCN1CCN(c3noc4ccccc34)CC1)CC2,8.6383
O=C1c2ncccc2CCN1CCN1CCC(c2noc3cc(F)ccc23)CC1,9.0942
O=C1c2ncccc2CCN1CCN1CCC(c2noc3ccc(F)cc23)CC1,7.2840
Cc1cc2c(C3CCN(CCN4CCc5cccnc5C4=O)CC3)noc2cc1F,7.1675
O=C1c2ncccc2CCN1CCN1CCN(c2nsc3ccccc23)CC1,8.5800
O=c1c2ncccc2ccn1CCN1CCN(c2nsc3ccccc23)CC1,8.7825
O=C1c2cccnc2CCN1CCN1CCN(c2nsc3ccccc23)CC1,8.6498
O=c1c2cccnc2ccn1CCN1CCN(c2nsc3ccccc23)CC1,9.3098
O=c1c2cnccc2ccn1CCN1CCN(c2nsc3ccccc23)CC1,8.8894
O=c1c2ncccc2ccn1CCN1CCC(c2noc3cc(F)ccc23)CC1,8.5528
O=c1c2cnccc2ccn1CCN1CCC(c2noc3ccccc23)CC1,8.0757
COc1cc2c(cn1)C(=O)N(CCN1CCC(c3noc4ccccc34)CC1)CC2,8.7747
CC1CN(CCN2CCC(c3noc4ccccc34)CC2)C(=O)c2ncccc21,7.9208
Cn1cnc2c1CCN(CCN1CCC(c3noc4ccccc34)CC1)C2=O,7.8539
Cn1cc2c(n1)CCN(CCN1CCC(c3noc4ccccc34)CC1)C2=O,8.4634
O=C1c2cnccc2CCN1CCN1CCN(c2nsc3ccccc23)CC1,8.4318
COc1cc2c(cn1)CCN(CCN1CCN(c3nsc4ccccc34)CC1)C2=O,8.8539
COc1cc2c(cn1)C(=O)N(CCN1CCN(c3noc4ccccc34)CC1)CC2,8.6198
Cc1cc2c(cn1)C(=O)N(CCN1CCN(c3noc4ccccc34)CC1)CC21CC1,8.6576
O=C1c2ncccc2CCN1CCN1CCC(c2noc3ccccc23)CC1,8.3565
O=C1c2ncccc2CCC1CCN1CCN(c2noc3ccccc23)CC1,8.2218
O=C1c2ncccc2CCC1CCN1CCC(c2noc3ccccc23)CC1,8.4498
O=C1c2ncccc2CCC1CCN1CCN(c2nsc3ccccc23)CC1,8.5214
O=C1c2ncccc2CCN1CCN1CCC(c2nsc3ccccc23)CC1,8.7167
O=C1c2ncccc2CCN1CCN1CCN(c2nsc3cc(F)ccc23)CC1,8.5229
Cn1ncc2c1CCC(CCN1CCC(c3noc4ccccc34)CC1)C2=O,8.8539
Cn1ncc2c1CCC(CCN1CCN(c3nsc4ccccc34)CC1)C2=O,9.6383
Cn1ncc2c1CCCC(CCN1CCC(c3noc4ccccc34)CC1)C2=O,9.1192
Cn1ncc2c1CCCC(CCN1CCN(c3nsc4ccccc34)CC1)C2=O,9.3279
Cc1noc2c1C(=O)N(CCN1CCN(c3noc4ccccc34)CC1)CC2,7.2218
Cc1noc2c1C(=O)N(CCN1CCC(c3noc4ccccc34)CC1)CC2,8.0969
Cc1noc2c1C(=O)N(CCN1CCN(c3nsc4ccccc34)CC1)CC2,9.1549
Cc1nc2c(o1)C(=O)N(CCN1CCC(c3noc4ccccc34)CC1)CC2,8.0315
Cn1cc2c(n1)CCN(CCN1CCN(c3nsc4ccccc34)CC1)C2=O,9.2076
Cc1c2c(nn1C)CCN(CCN1CCC(c3noc4ccccc34)CC1)C2=O,9.4318
Cc1noc2c1C(=O)N(CCN1CCC(c3noc4ccccc34)CC1)CCC2,8.3526
Cc1nc2c(o1)CCN(CCN1CCC(c3noc4ccccc34)CC1)C2=O,8.4179
Cc1noc2c1C(=O)N(CCN1CCN(c3nsc4ccccc34)CC1)CCC2,8.3134
Cn1cc2c(n1)CCCN(CCN1CCC(c3noc4ccccc34)CC1)C2=O,8.6737
Cn1cc2c(n1)CCCN(CCN1CCN(c3nsc4ccccc34)CC1)C2=O,8.4698
Cn1ncc2c1CCCN(CCN1CCC(c3noc4ccccc34)CC1)C2=O,9.0315
Cn1ncc2c1CCCN(CCN1CCN(c3nsc4ccccc34)CC1)C2=O,9.4815
Cc1nc2c(o1)C(=O)N(CCN1CCN(c3nsc4ccccc34)CC1)CC2,8.5086
Cc1nc2c(o1)C(=O)N(CCN1CCN(c3nsc4ccccc34)CC1)CCC2,8.5528
Cn1ncc2c1C(=O)N(CCN1CCN(c3nsc4ccccc34)CC1)CCC2,7.7471
Cn1cc2c(n1)C(=O)N(CCN1CCC(c3noc4ccccc34)CC1)CCC2,8.3010
Cn1cc2c(n1)C(=O)N(CCN1CCN(c3nsc4ccccc34)CC1)CCC2,8.7447
Cn1cc2c(n1)C(=O)N(CCN1CCN(c3nsc4ccccc34)CC1)CC2,8.4067
Cc1nc2c(o1)CCN(CCN1CCN(c3nsc4ccccc34)CC1)C2=O,8.3768
Cc1nc2c(o1)CCCN(CCN1CCN(c3nsc4ccccc34)CC1)C2=O,8.3279
Cc1noc2ccn(CCN3CCN(c4nsc5ccccc45)CC3)c(=O)c12,8.3958
Cn1cnc2c1CCN(CCN1CCN(c3nsc4ccccc34)CC1)C2=O,8.1871
Cn1cnc2c1C(=O)N(CCN1CCN(c3nsc4ccccc34)CC1)CCC2,8.8861
Cn1cnc2c1C(=O)N(CCN1CCN(c3nsc4ccccc34)CC1)CC2,9.9586
O=C1c2cncnc2CCN1CCN1CCC(c2noc3ccccc23)CC1,8.1192
O=C1c2cncnc2CCN1CCN1CCN(c2nsc3ccccc23)CC1,8.5850
Cn1ncc2c1C(=O)N(CCN1CCN(c3nsc4ccccc34)CC1)CC2,9.3468
Cn1ccc2c1CCN(CCN1CCC(c3noc4ccccc34)CC1)C2=O,8.9586
Cn1ccc2c1CCN(CCN1CCN(c3nsc4ccccc34)CC1)C2=O,9.6383
O=C1c2cnc(Br)cc2CCN1CCN1CCN(c2nsc3ccccc23)CC1,9.0362
Cn1ncc2c1CCN(CCN1CCN(c3nsc4ccccc34)CC1)C2=O,9.1612
CCn1ncc2c1CCN(CCN1CCN(c3nsc4ccccc34)CC1)C2=O,8.9208
Cc1c2c(nn1C)CCN(CCN1CCN(c3nsc4ccccc34)CC1)C2=O,9.8239
CC(C)c1nc2c(o1)C(=O)N(CCN1CCN(c3nsc4ccccc34)CC1)CC2,8.5850
O=C1c2oc(C3CC3)nc2CCN1CCN1CCN(c2nsc3ccccc23)CC1,8.8239
O=C1c2oc(C3CC3)nc2CCN1CCN1CCC(c2noc3ccccc23)CC1,8.3979
O=C1c2c(Br)nn(Br)c2CCN1CCN1CCN(c2nsc3ccccc23)CC1,9.0000
Cn1nc(Br)c2c1CCN(CCN1CCC(c3noc4ccccc34)CC1)C2=O,8.8239
CCc1nc2c(o1)C(=O)N(CCN1CCN(c3nsc4ccccc34)CC1)CC2,8.6021
CCc1nc2c(o1)C(=O)N(CCN1CCC(c3noc4ccccc34)CC1)CC2,8.1079
Cn1nc2c(c1Br)C(=O)N(CCN1CCN(c3nsc4ccccc34)CC1)CC2,9.2676
Cn1nc2c(c1Br)C(=O)N(CCN1CCC(c3noc4ccccc34)CC1)CC2,9.4202
O=C1c2cn(C3CC3)nc2CCN1CCN1CCN(c2nsc3ccccc23)CC1,8.9586
O=C1c2cn(C3CC3)nc2CCN1CCN1CCC(c2noc3ccccc23)CC1,8.5528
CC1CN(CCN2CCN(c3nsc4ccccc34)CC2)C(=O)c2cnn(C)c21,9.0177
Cn1nc2c(c1C(F)(F)F)C(=O)N(CCN1CCN(c3nsc4ccccc34)CC1)CC2,9.2840
CC1CN(CCN2CCN(c3nsc4ccccc34)CC2)C(=O)c2ccn(C)c21,9.0915
Cn1ncc2c1CCCN(CCN1CCN(c3noc4ccccc34)CC1)C2=O,8.5528
Cn1cc2c(n1)CCN(CCN1CCN(c3noc4ccccc34)CC1)C2=O,8.0000
CC1CN(CCN2CCC(c3noc4ccccc34)CC2)C(=O)c2ccn(C)c21,9.0605
CC1CN(CCN2CCN(c3noc4ccccc34)CC2)C(=O)c2ccn(C)c21,8.3979
O=c1c2cnc(C(F)(F)F)cc2ccn1CCN1CCC(c2noc3ccccc23)CC1,8.3468
Cc1nccc2c1C(=O)N(CCN1CCN(c3noc4ccccc34)CC1)CC2,8.2757
Cc1cc2c(cn1)C(=O)N(CCN1CCN(c3noc4ccccc34)CC1)CC2(C)C,8.4815
Cc1nccc2c1C(=O)N(CCN1CCC(c3noc4ccccc34)CC1)CC2,8.7959
Cc1ncc2c(n1)CCN(CCN1CCC(c3noc4ccccc34)CC1)C2=O,8.0000
Cc1ccc2onc(C3CCN(CCN4CCc5cccnc5C4=O)CC3)c2c1,8.0969
Cc1ncc2c(n1)CCN(CCN1CCN(c3nsc4ccccc34)CC1)C2=O,8.0757
Cc1nn(C)c2c1C(=O)N(CCN1CCC(c3noc4ccccc34)CC1)CCC2,8.7986
Cc1nn(C)c2c1C(=O)N(CCN1CCN(c3noc4ccccc34)CC1)CCC2,8.6108
CCc1ncc2c(n1)CCN(CCN1CCN(c3nsc4ccccc34)CC1)C2=O,8.8861
O=C1c2cnc(C3CC3)nc2CCN1CCN1CCN(c2nsc3ccccc23)CC1,8.9208
Cc1ncc2c(=O)n(CCN3CCN(c4nsc5ccccc45)CC3)ccc2n1,8.2366
Cn1ncc2c1C(=O)N(CCN1CCC(c3noc4ccccc34)CC1)CC2,8.1397
O=C1c2cn[nH]c2CCCN1CCN1CCC(c2noc3ccccc23)CC1,8.5702
O=C1c2[nH]ncc2CCN1CCN1CCC(c2noc3ccccc23)CC1,8.7520
Cc1n[nH]c2c1C(=O)N(CCN1CCC(c3noc4ccccc34)CC1)CC2,8.8041
O=C1c2[nH]cnc2CCCN1CCN1CCN(c2nsc3ccccc23)CC1,8.2757
Cn1cnc2c1CCCN(CCN1CCC(c3noc4ccccc34)CC1)C2=O,8.7212
N#Cc1cc2c(cn1)C(=O)N(CCN1CCN(c3nsc4ccccc34)CC1)CC2,8.6990
Cn1ccc2c1CCCN(CCN1CCC(c3noc4ccccc34)CC1)C2=O,9.0969
CCc1cc2c(cn1)C(=O)N(CCN1CCN(c3nsc4ccccc34)CC1)CC2,9.1612
Cc1nn(C)c2c1C(=O)N(CCN1CCN(c3nsc4ccccc34)CC1)CC2,8.9586
COc1c2c(nn1C)CCN(CCN1CCN(c3nsc4ccccc34)CC1)C2=O,9.3372
Cc1cc2c(cn1)C(=O)N(CCN1CCN(c3nsc4ccccc34)CC1)CC2,9.1249
Cn1ccc2c1CCCN(CCN1CCN(c3noc4ccccc34)CC1)C2=O,8.3768
O=C1c2cnc(C(F)(F)F)cc2CCN1CCN1CCN(c2nsc3ccccc23)CC1,8.5850
O=C1c2cnc(OC3COC3)cc2CCN1CCN1CCN(c2nsc3ccccc23)CC1,8.7212
Cn1c(F)cc2c1CCN(CCN1CCN(c3nsc4ccccc34)CC1)C2=O,8.8861
Cc1cc2ccn(CCN3CCN(c4noc5ccccc45)CC3)c(=O)c2cn1,8.4318
Cc1nc(C)c2c(=O)n(CCN3CCC(c4noc5ccccc45)CC3)ccc2n1,8.6576
O=c1c2cccnc2ccn1CCN1CCN(c2noc3ccccc23)CC1,8.9706
O=c1c2cnccc2ccn1CCN1CCN(c2noc3ccccc23)CC1,7.5850
O=c1c2ncccc2ccn1CCN1CCN(c2noc3ccccc23)CC1,7.7212
Cc1ccc2c(C3CCN(CCN4CCc5cccnc5C4=O)CC3)noc2c1,8.0000
CC1(C)CN(CCN2CCC(c3noc4cc(F)ccc34)CC2)C(=O)c2ncccc21,9.3188
Cc1cccc2c(C3CCN(CCN4CCc5cccnc5C4=O)CC3)noc12,7.0410
O=C1c2cccnc2CCN1CCN1CCC(c2noc3cc(F)ccc23)CC1,6.9788
CC(CN1CCC(c2noc3cc(F)ccc23)CC1)N1CCc2cccnc2C1=O,8.0969
O=C1c2ncccc2CCN1CCN1CCN(c2noc3cc(F)ccc23)CC1,8.8447
O=C1c2ncccc2CCN1CCN1CCN(c2noc3cc(Cl)ccc23)CC1,7.1135
O=C1c2sccc2CCN1CCN1CCC(c2noc3ccccc23)CC1,9.3468
O=C1c2occc2CCN1CCN1CCC(c2noc3ccccc23)CC1,8.9957
O=C1c2cccnc2CCN1CCN1CCC(c2noc3ccccc23)CC1,8.6696
O=c1c2cncnc2ccn1CCN1CCC(c2noc3ccccc23)CC1,7.6990
Cn1ncc2c1CCN(CCN1CCC(c3noc4ccccc34)CC1)C2=O,8.2248
Cn1ncc2c1CCN(CCN1CCN(c3noc4ccccc34)CC1)C2=O,7.9208
Cc1noc2ccn(CCN3CCC(c4noc5ccccc45)CC3)c(=O)c12,8.0079
Cn1cnc2c1C(=O)N(CCN1CCC(c3noc4ccccc34)CC1)CC2,9.0223
Cn1cnc2c1C(=O)N(CCN1CCC(c3noc4ccccc34)CC1)CCC2,8.3757
Cc1cc2c(cn1)C(=O)N(CCN1CCC(c3noc4ccccc34)CC1)CC2,9.0000
O=C1c2cnccc2C2(CC2)CN1CCN1CCN(c2noc3ccccc23)CC1,8.4949
Cc1cncc2c1CCN(CCN1CCN(c3noc4ccccc34)CC1)C2=O,7.9508
Cc1cncc2c1CCN(CCN1CCC(c3noc4ccccc34)CC1)C2=O,8.7932
Cc1nc(C)c2c(n1)CCN(CCN1CCC(c3noc4ccccc34)CC1)C2=O,8.6383
O=C1c2ncccc2CCN1CCN1CCC(c2noc3c(F)cccc23)CC1,6.9281
O=C1c2ncccc2CCN1CCN1CCC(c2noc3cccc(F)c23)CC1,6.7620
COc1ccc2onc(C3CCN(CCN4CCc5cccnc5C4=O)CC3)c2c1,6.7852
O=C1c2ncccc2CCC1CCN1CCN(c2noc3cc(F)ccc23)CC1,7.8239
O=C1c2nc(Cl)ccc2CCN1CCN1CCN(c2noc3ccccc23)CC1,7.5686
CC1(CCN2CCN(c3noc4ccccc34)CC2)CCc2cccnc2C1=O,8.9393
O=C1c2nc(Cl)ccc2CCN1CCN1CCC(c2noc3ccccc23)CC1,7.9706
O=C1c2ncccc2CCN1CCN1CCN(c2noc3ccc(F)cc23)CC1,6.9066
O=C1c2ncccc2CCN1CCN1CCC(c2noc3cc(F)c(F)cc23)CC1,7.3645
COc1ccc2c(C3CCN(CCN4CCc5cccnc5C4=O)CC3)noc2c1,6.6635
Cc1ncc2c(n1)CCC(CCN1CCC(c3noc4ccccc34)CC1)C2=O,8.5100
Cc1c2c(nn1C)CCN(CCN1CC=C(c3noc4ccccc34)CC1)C2=O,8.5575
Cc1cc2c(cn1)C(=O)N(CCN1CC=C(c3noc4ccccc34)CC1)CC2,7.9431
O=C1c2cccnc2CCN1CCN1CCN(c2noc3ccccc23)CC1,7.9208
Cc1nc2c(o1)C(=O)N(CCN1CCC(c3noc4ccccc34)CC1)CCC2,7.8827
Cn1ncc2c1C(=O)N(CCN1CCC(c3noc4ccccc34)CC1)CCC2,8.3969
Cn1cc2c(n1)C(=O)N(CCN1CCC(c3noc4ccccc34)CC1)CC2,8.0660
Cc1nc2c(o1)CCCN(CCN1CCC(c3noc4ccccc34)CC1)C2=O,7.8386
CC(C)n1ncc2c1CCN(CCN1CCN(c3nsc4ccccc34)CC1)C2=O,9.0757
CC(C)n1ncc2c1CCN(CCN1CCC(c3noc4ccccc34)CC1)C2=O,8.2343
O=C1c2cnn(C3CC3)c2CCN1CCN1CCN(c2nsc3ccccc23)CC1,9.1487
O=C1c2cnn(C3CC3)c2CCN1CCN1CCC(c2noc3ccccc23)CC1,8.7747
CC(C)n1cc2c(n1)CCN(CCN1CCN(c3nsc4ccccc34)CC1)C2=O,8.9469
CCn1cc2c(n1)CCN(CCN1CCN(c3nsc4ccccc34)CC1)C2=O,8.9788
CC(C)c1nc2c(o1)C(=O)N(CCN1CCC(c3noc4ccccc34)CC1)CC2,8.1891
Cn1ccc2c1CCCN(CCN1CCN(c3nsc4ccccc34)CC1)C2=O,8.9208
Cc1cc2c(n1C)CCCN(CCN1CCC(c3noc4ccccc34)CC1)C2=O,8.6364
Cc1cc2c(n1C)CCCN(CCN1CCN(c3nsc4ccccc34)CC1)C2=O,9.0605
O=C1c2cn(-c3ccccc3)nc2CCN1CCN1CCN(c2nsc3ccccc23)CC1,9.7447
O=C1c2cn[nH]c2CCN1CCN1CCN(c2nsc3ccccc23)CC1,9.2218
Cn1ccc2c1CCN(CCN1CCN(c3noc4ccccc34)CC1)C2=O,8.6108
Cc1c2c(nn1C)CCN(CCN1CCN(c3noc4ccccc34)CC1)C2=O,8.5850
O=c1c2cnc(C(F)(F)F)cc2ccn1CCN1CCN(c2nsc3ccccc23)CC1,8.6126
O=c1c2cnc(C(F)(F)F)cc2ccn1CCN1CCN(c2noc3ccccc23)CC1,7.6421
Cn1cc2c(n1)CCN(CCN1CCC(c3noc4ccccc34)C1)C2=O,7.1445
Cn1ccc2c1CCCN(CCN1CCC(c3noc4ccccc34)C1)C2=O,7.8601
COc1ncc2c(n1)CCN(CCN1CCC(c3noc4ccccc34)CC1)C2=O,8.0731
COc1ncc2c(n1)CCN(CCN1CCN(c3nsc4ccccc34)CC1)C2=O,8.3134
Cc1nc2c(o1)C(=O)N(CCN1CCN(c3noc4ccccc34)CC1)CC2,6.7471
Cc1ncc2c(n1)CCN(CCN1CCN(c3noc4ccccc34)CC1)C2=O,7.6402
CC(C)c1ncc2c(n1)CCN(CCN1CCN(c3nsc4ccccc34)CC1)C2=O,8.3686
CC(C)c1ncc2c(=O)n(CCN3CCN(c4nsc5ccccc45)CC3)ccc2n1,8.2248
O=c1c2cnc(C3CC3)nc2ccn1CCN1CCN(c2nsc3ccccc23)CC1,8.8013
Cc1ccc2c(n1)C(=O)N(CCN1CCN(c3noc4ccccc34)CC1)CC2,7.0706
Cc1ccc2c(n1)C(=O)N(CCN1CCC(c3noc4ccccc34)CC1)CC2,7.5686
CCc1ccc2c(n1)C(=O)N(CCN1CCC(c3noc4ccccc34)CC1)CC2,7.5482
O=C1c2nc(F)ccc2CCN1CCN1CCC(c2noc3ccccc23)CC1,7.8239
O=C1c2cn[nH]c2CCN1CCN1CCC(c2noc3ccccc23)CC1,9.2291
O=C1c2ncoc2CCN1CCN1CCC(c2noc3ccccc23)CC1,7.2890
O=C1c2nc[nH]c2CCN1CCN1CCC(c2noc3ccccc23)CC1,9.4685
O=C1c2c(Br)n[nH]c2CCN1CCN1CCC(c2noc3ccccc23)CC1,9.3872
Cc1ncc2c(=O)n(CCN3CCN(c4noc5ccccc45)CC3)ccc2n1,6.9136
Cc1ncc2c(=O)n(CCN3CCC(c4noc5ccccc45)CC3)ccc2n1,8.1169
CCC(C)OC(=O)Nc1ccc(OCCN2CCCC2)c(-c2c(Br)cnn2C)c1,8.9586
Cn1nccc1-c1cc(NC(=O)NCc2ccc(Cl)cc2)ccc1OCCN1CCCC1,7.9914
CC(=O)c1cccc(NC(=O)Nc2ccc(OCCN3CCCC3)c(-c3ccnn3C)c2)c1,8.3010
Cn1nccc1-c1cc(NC(=O)Cc2ccc(F)cc2)ccc1OCCN1CCCCC1,7.8633
CCCc1cnc2c(c1)CC[C@@H]1CNCCN21,7.6556
COCCc1ccnc2c1CC[C@@H]1CNCCN21,7.0022
CCCCCc1ccnc2c1CC[C@@H]1CNCCN21,8.6383
CCCC(C)c1ccnc2c1CC[C@@H]1CNCCN21,7.5867
CCc1ccnc2c1CC[C@@H]1CNCCN21,7.7932
CC(C)c1ccnc2c1CC[C@@H]1CNCCN21,7.4908
CCCCc1ccnc2c1CC[C@@H]1CNCCN21,7.9747
Fc1ccccc1Cc1ccnc2c1CC[C@@H]1CNCCN21,8.5768
Cc1ccnc2c1CC[C@@H]1CNCCN21,7.3478
CC(C)CCc1ccnc2c1CC[C@@H]1CNCCN21,7.5406
c1cc(CC2CCCCC2)c2c(n1)N1CCNC[C@H]1CC2,7.3625
OC(c1ccnc2c1CC[C@@H]1CNCCN21)C1CCC1,7.2299
c1csc(-c2ccnc3c2CC[C@@H]2CNCCN32)c1,7.1624
CCCc1cnc2c(c1CC)CC[C@@H]1CNCCN21,7.6126
CCc1c(Cc2ccccc2)cnc2c1CC[C@@H]1CNCCN21,7.4353
c1cc(CC2CCCCO2)c2c(n1)N1CCNC[C@H]1CC2,6.6737
c1cc(COCC2CCOCC2)c2c(n1)N1CCNC[C@H]1CC2,5.7773
Brc1ccnc2c1CCC1CNCCN21,5.4067
N#CCCc1ccnc2c1CC[C@@H]1CNCCN21,6.0757
c1ccc(Cc2ccnc3c2CC[C@@H]2CNCCN32)nc1,7.1746
C/C=C/Cc1ccnc2c1CC[C@@H]1CNCCN21,8.3002
CC(C)OCc1ccnc2c1CC[C@@H]1CNCCN21,6.6536
Clc1ccc(-c2ccnc3c2CC[C@@H]2CNCCN32)nc1,5.2684
c1cc(C2CCCC2)c2c(n1)N1CCNC[C@H]1CC2,7.3851
Brc1ccnc2c1CC[C@@H]1CNCCCN21,5.8570
FC(F)(F)CCc1ccnc2c1CC[C@@H]1CNCCCN21,5.9431
CC1CC2CNCCN2c2ncccc21,5.9666
CSc1nc(Cl)c2c(n1)N1CCCNC[C@H]1CC2,4.9101
Clc1ncnc2c1CC[C@@H]1CNCCCN21,4.0000
c1ccc(CCc2ccnc3c2CC[C@@H]2CNCCN32)cc1,7.9666
CCc1c(CCC#N)cnc2c1CC[C@@H]1CNCCN21,5.8996
CCc1c(COC(C)C)cnc2c1CC[C@@H]1CNCCN21,6.3298
CCc1c(CC2CCCCC2)cnc2c1CC[C@@H]1CNCCN21,6.1530
CCc1c(CC2CCCCO2)cnc2c1CC[C@@H]1CNCCN21,6.0506
CCc1c(C2CCC2)cnc2c1CC[C@@H]1CNCCN21,6.0186
FC(F)(F)CCc1c(Cl)cnc2c1CC[C@@H]1CNCCN21,7.4672
CN1CCN2c3nccc(CCC(F)(F)F)c3CC[C@@H]2C1,7.2366
CSc1nc(Cl)c2c(n1)N1CCNC[C@H]1CC2,6.8894
c1cc(CC2CCCC2)c2c(n1)N1CCNC[C@H]1CC2,7.9431
CCc1c(CC2CCCC2)cnc2c1CC[C@@H]1CNCCN21,6.4547
Brc1cncc2c1CC[C@@H]1CNCCN21,7.1409
c1ncc2c(c1CC1CCCCC1)CC[C@@H]1CNCCN21,6.9706
Cc1ccc2c(c1)Oc1cc(Cl)ccc1N=C2N1CCN(CC(C)(C)C(=O)O)CC1,7.8861
Cc1ccc2c(c1)Oc1cc(Cl)ccc1N=C2N1CCN(CC2(C(=O)O)CC2)CC1,7.8861
CC(C)c1ccc2c(c1)Oc1cc(Cl)ccc1N=C2N1CCN(CC(C)(C)C(=O)O)CC1,7.8861
CCc1ccc2c(c1)Oc1cc(C)ccc1N=C2N1CCN(CC2(C(=O)O)CC2)CC1,7.8861
CCc1ccc2c(c1)Oc1cc(Cl)ccc1N=C2N1CCN(CC(C)(C)C(=O)O)CC1,7.8861
Cc1ccc2c(c1)Oc1cc(C(F)F)ccc1C(N1CCN(CC(C)(C)C(=O)O)CC1)=N2,7.8861
CSc1ccc2c(c1)Oc1cc(Cl)ccc1N=C2N1CCN(CC(C)(C)C(=O)O)CC1,7.8861
CCCc1ccc2c(c1)Oc1cc(Cl)ccc1N=C2N1CCN(CC(C)(C)C(=O)O)CC1,7.8861
Cc1ccc2c(c1)Oc1cc(F)ccc1C(N1CCN(CC(C)(C)C(=O)O)CC1)=N2,7.8861
Cc1ccc2c(c1)Oc1cc(F)ccc1N=C2N1CCN(CC(C)(C)C(=O)O)CC1,7.8861
Cc1ccc2c(c1)Oc1cc(F)ccc1N=C2N1CCN(CC2(C(=O)O)CC2)CC1,7.4260
Cc1ccc2c(c1)Oc1cc(C)ccc1C(N1CCN(CC(C)(C)C(=O)O)CC1)=N2,7.8861
Cc1ccc2c(c1)Oc1cc(F)ccc1C(N1CCN(CC3(C(=O)O)CC3)CC1)=N2,7.8861
COc1ccc2c(c1)Oc1cc(Cl)ccc1N=C2N1CCN(CC(C)(C)C(=O)O)CC1,7.4260
Cc1ccc2c(c1)Oc1cc(C)ccc1C(N1CCN(CC3(C(=O)O)CC3)CC1)=N2,7.8861
COc1ccc2c(c1)Oc1cc(F)ccc1N=C2N1CCN(CC(C)(C)C(=O)O)CC1,7.4260
O=C(O)C1(CN2CCN(C3=Nc4ccc(F)cc4Oc4cc(F)ccc43)CC2)CC1,7.8861
CC(C)(CN1CCN(C2=Nc3ccc(F)cc3Oc3cc(F)ccc32)CC1)C(=O)O,7.8861
CC(C)(CN1CCN(C2=Nc3ccccc3Cc3ccccc32)CC1)C(=O)O,7.0605
CC(CN1CCC(C2=Nc3ccccc3Cc3ccccc32)CC1)C(=O)O,5.8614
COc1ccc2c(c1)c(CN1CCN(C)CC1)cn2S(=O)(=O)c1ccccc1Br,5.5996
COc1ccc2c(c1)c(CN1CCN(C)CC1)cn2S(=O)(=O)c1ccc(C(C)C)cc1,6.0334
CCN(CCN1CCC(c2noc3cc(F)ccc23)CC1)C(=O)[C@@H](C)O,8.6990
CCN(CCN1CCC(n2ncc3cc(F)ccc32)CC1)C(=O)CCO,8.6778
CCN(CCN1CCC(n2ncc3cc(F)ccc32)CC1)C(=O)[C@@H](C)O,8.3279
CCN(CCN1CCC(c2noc3cc(F)ccc23)CC1)C(=O)C(C)O,9.1783
CCN(CCN1CCC(c2noc3cc(F)ccc23)CC1)C(=O)C(O)CCC(=O)OC,9.2218
CCN(CCN1CCC(c2noc3cc(F)ccc23)CC1)C(=O)C(C)(C)O,9.0969
CCN(CCN1CCC(c2noc3cc(F)ccc23)CC1)C(=O)C(C)(C)CO,9.6990
CCN(CCN1CCC(c2noc3cc(F)ccc23)CC1)C(=O)C(O)C(C)C,8.8539
CCN(CCN1CCC(c2noc3cc(F)ccc23)CC1)C(=O)C1CCC(O)CC1,9.3979
CCN(CCN1CCC(c2noc3cc(F)ccc23)CC1)C(=O)CC(C)O,8.7696
CCN(CCN1CCC(c2noc3cc(F)ccc23)CC1)C(=O)C1(O)CCOCC1,8.8239
CCN(CCN1CCC(c2noc3cc(F)ccc23)CC1)C(=O)CO,8.7696
CCN(CCN1CCC(c2noc3cc(F)c(C)cc23)CC1)C(=O)[C@H](C)O,8.3372
CCN(CCN1CCC(c2noc3ccc(C)cc23)CC1)C(=O)[C@H](C)O,8.2596
CCN(CCN1CCC(c2noc3cc(Cl)ccc23)CC1)C(=O)[C@H](C)O,8.3188
CCN(CCN1CCC(c2noc3cc(F)ccc23)CC1)C(=O)[C@H](C)O,8.6021
CCN(CCN1CCC(c2noc3cc(F)ccc23)CC1)C(=O)CCO,9.0969
CCN(CCN1CCC(C2NOc3cc(F)ccc32)CC1)C(=O)C(O)COC,8.6021
CCN(CCN1CCC(c2n[nH]c3cc(F)ccc23)CC1)C(=O)C(C)O,8.8861
CCN(CCN1CCC(c2c[nH]c3cc(F)ccc23)CC1)C(=O)[C@H](C)O,9.3010
CCN(CCN1CCC(n2ncc3cc(F)ccc32)CC1)C(=O)[C@H](C)O,8.4685
CCN(CCN1CCC(c2c[nH]c3ccccc23)CC1)C(=O)C(C)O,8.6778
CCN(CCN1CCC(c2c[nH]c3ccccc23)CC1)C(=O)[C@H](C)O,8.7447
CCN(CCN1CCC(c2noc3cc(F)ccc23)CC1)C(=O)C1(O)CC1,8.9586
CCN(CCN1CCC(c2noc3ccccc23)CC1)C(=O)C(C)O,8.1938
CCN(CCN1CCN(c2noc3ccccc23)CC1)C(=O)C(C)O,7.2366
CCN(CCN1CCN(c2noc3cc(F)ccc23)CC1)C(=O)C(C)O,7.9872
C#CC(O)C(=O)N(CC)CCN1CCC(c2noc3cc(F)ccc23)CC1,8.6576
CC[C@@H](O)C(=O)N(CC)CCN1CCC(c2noc3cc(F)ccc23)CC1,8.9586
CC(O)C(=O)N(CCN1CCC(c2noc3cc(F)ccc23)CC1)CC1CC1,9.0969
CC(O)C(=O)N(CCN1CCC(c2noc3cc(F)ccc23)CC1)C(C)C,9.0000
CC(O)C(=O)N(CC#N)CCN1CCC(c2noc3cc(F)ccc23)CC1,7.0132
CCN(CCN1CCC(c2noc3cc(F)ccc23)CC1)C(=O)C1CCCCC1O,9.5229
CCN(CCN1CCC(c2noc3cc(F)ccc23)CC1)C(=O)C(O)C(F)(F)F,9.2218
CC(C)N(CCN1CCC(c2noc3cc(F)ccc23)CC1)C(=O)CCO,8.8239
CCN(CCN1CCC(c2noc3cc(F)ccc23)CC1)C(=O)C(F)(F)CO,9.0458
CCN(CCN1CCC(c2noc3cc(F)ccc23)CC1)C(=O)C(C)CO,9.0458
CCN(CCCN1CCC(c2noc3cc(F)ccc23)CC1)C(=O)[C@H](C)O,8.0809
CCCN(CCN1CCC(c2noc3cc(F)ccc23)CC1)C(=O)C(C)O,9.0969
CC(C)N(CCN1CCC(c2noc3cc(F)ccc23)CC1)C(=O)[C@H](C)O,8.3372
CC(C)N(CCN1CCC(c2noc3cc(F)ccc23)CC1)C(=O)[C@@H](C)O,8.6778
CCN(CCN1CCC(c2noc3cc(F)ccc23)CC1)C(=O)[C@H]1CC[C@H](O)CC1,8.9586
CCN(CCN1CCC(c2noc3cc(F)ccc23)CC1)C(=O)[C@H]1CC[C@@H](O)CC1,9.3010
CCN(CCN1CCC(c2noc3ccc(F)cc23)CC1)C(=O)[C@H](C)O,7.8239
CCN(CCN1CCC(c2noc3cc(F)ccc23)CC1)C(=O)C1CC(O)C1,9.0458
CCN(CCN1CCC(c2c[nH]c3ccccc23)CC1)C(=O)CCO,8.5528
CCN(CCN1CCC(c2c[nH]c3cc(F)ccc23)CC1)C(=O)CCO,9.2218
CCN(CCN1CCC(c2c[nH]c3ccccc23)CC1)C(=O)[C@@H](C)O,8.0088
CCN(CCN1CCC(n2ccc3cc(F)ccc32)CC1)C(=O)C(C)O,8.3979
CCN(CCN1CCC(c2noc3cc(F)ccc23)CC1)S(=O)(=O)CCO,8.5686
CCN(CCN1CCC(c2noc3cc(F)ccc23)CC1)S(=O)(=O)C(C)CO,6.5258
CCN(CCCN1CCC(c2noc3cc(F)ccc23)CC1)S(=O)(=O)CCO,8.9586
CCN(CCCN1CCC(c2noc3ccccc23)CC1)S(=O)(=O)C(C)CO,8.6990
CCN(CCCN1CCN(c2noc3cc(F)ccc23)CC1)S(=O)(=O)C(C)CO,8.9586
CCN(CCCN1CCC(c2noc3cc(F)ccc23)CC1)S(=O)(=O)C(C)CO,8.9208
CCN(CCN1CCC(c2c[nH]c3ccccc23)CC1)S(=O)(=O)CCO,8.7959
CCN(CCN1CCC(c2noc3cc(F)c(C)cc23)CC1)S(=O)(=O)CCO,7.2741
CCN(CCN1CCC(c2noc3ccc(C)cc23)CC1)S(=O)(=O)CCO,7.3497
CCN(CCN1CCC(c2noc3cc(Cl)ccc23)CC1)S(=O)(=O)CCO,7.7011
CCN(CCN1CCC(c2noc3ccccc23)CC1)S(=O)(=O)CCO,7.9626
CCN(CCN1CCC(c2c[nH]c3cc(F)ccc23)CC1)S(=O)(=O)CCO,9.3010
CCN(CCN1CCC(n2ncc3cc(F)ccc32)CC1)S(=O)(=O)CCO,8.5086
CCN(CCN1CCC(n2ncc3cc(F)ccc32)CC1)S(=O)(=O)C(C)CO,8.8239
CCN(CCN1CCC(C2NOc3cc(F)ccc32)CC1)C(=O)C(O)CN,8.3979
CCN(CCN1CCC(c2noc3cc(F)ccc23)CC1)C(=O)C1CNCC1O,9.0969
CCN(CCN1CCC(c2noc3cc(F)ccc23)CC1)C(=O)C1CNCCC1O,8.2147
CCN(CCN1CCC(c2noc3cc(F)ccc23)CC1)C(=O)[C@H]1NCC[C@H]1O,8.0044
CCN(CCN1CCC(c2noc3cc(F)ccc23)CC1)C(=O)C1(O)CCCNC1,9.2218
CCN(CCN1CCC(c2noc3cc(F)ccc23)CC1)C(=O)C1(O)CCNC1,8.6990
CCN(CCN1CCC(C2NOc3cc(F)ccc32)CC1)C(=O)C(O)CNC(C)=O,8.6576
CCN(CCN1CCC(c2noc3cc(F)ccc23)CC1)C(=O)C1(O)CCCN(C(C)=O)C1,8.7959
CCN(CCN1CCC(c2noc3cc(F)ccc23)CC1)C(=O)C1CN(C(C)=O)CC1O,8.2441
CCN(CCN1CCC(c2noc3cc(F)ccc23)CC1)C(=O)C1CN(C(C)=O)CCC1O,8.6198
CCN(CCN1CCC(c2noc3cc(F)ccc23)CC1)C(=O)C1CN(C)CC1O,9.0000
CCN(CCN1CCC(c2noc3cc(F)ccc23)CC1)C(=O)C1CN(C)CCC1O,8.1427
CC(C)CCc1c[nH]c2cccc(OP(=O)(O)O)c12,5.5607
CC(C)Oc1ccc(COC(=O)N(Cc2ccc(Cl)cc2)C2CCN(C)CC2)cc1,9.6990
CC(C)COc1ccc(COC(=O)N(Cc2ccc(F)cc2)C2CCN(C)CC2)cc1,9.8996
CC(C)Oc1ccc(COC(=O)N(Cc2ccc(F)cc2)[C@H]2CCNC[C@H]2F)cc1,10.0000
CC(C)Oc1ccc(COC(=O)N(Cc2ccc(F)cc2)[C@@H]2CCNC[C@@H]2F)cc1,10.0000
CC(C)Oc1ccc(COC(=O)N(Cc2ccc(F)cc2)[C@H]2CCN(C)C[C@H]2F)cc1,10.0000
CC(C)Oc1ccc(COC(=O)N(Cc2ccc(F)cc2)[C@@H]2CCN(C)C[C@@H]2F)cc1,10.0000
CC(C)COc1ccc(COC(=O)N(Cc2ccc(F)cc2)[C@H]2CCNC[C@H]2F)cc1,9.6003
CC(C)COc1ccc(COC(=O)N(Cc2ccc(F)cc2)[C@@H]2CCNC[C@@H]2F)cc1,9.6003
CC(C)COc1ccc(COC(=O)N(Cc2ccc(F)cc2)[C@H]2CCN(C)C[C@H]2F)cc1,9.6003
CC(C)COc1ccc(COC(=O)N(Cc2ccc(F)cc2)[C@@H]2CCN(C)C[C@@H]2F)cc1,9.6003
CC(C)COc1ccc(OC(=O)N(Cc2ccc(F)cc2)[C@H]2CCNC[C@H]2F)cc1,7.4001
CC(C)COc1ccc(OC(=O)N(Cc2ccc(F)cc2)[C@@H]2CCNC[C@@H]2F)cc1,7.4001
CC(C)COc1ccc(OC(=O)N(Cc2ccc(F)cc2)[C@H]2CCN(C)C[C@H]2F)cc1,7.0000
CC(C)COc1ccc(OC(=O)N(Cc2ccc(F)cc2)[C@@H]2CCN(C)C[C@@H]2F)cc1,7.0000
CC(C)COc1ccc(CCOC(=O)N(Cc2ccc(F)cc2)[C@H]2CCNC[C@H]2F)cc1,7.2000
CC(C)COc1ccc(CCOC(=O)N(Cc2ccc(F)cc2)[C@@H]2CCNC[C@@H]2F)cc1,7.2000
CC(C)COc1ccc(CCOC(=O)N(Cc2ccc(F)cc2)[C@H]2CCN(C)C[C@H]2F)cc1,7.8013
CC(C)COc1ccc(CCOC(=O)N(Cc2ccc(F)cc2)[C@@H]2CCN(C)C[C@@H]2F)cc1,7.8013
CC(C)Oc1ccc(COC(=O)N(Cc2ccc(F)cc2F)C2CCNCC2)cc1,9.6003
CC(C)Oc1ccc(COC(=O)N(Cc2ccc(F)cc2)C2CCN(C)CC2)cc1,9.6003
CC(C)Oc1ccc(COC(=O)N(Cc2ccc(F)cc2F)C2CCN(C)CC2)cc1,9.8996
CC(C)COc1ccc(COC(=O)N(Cc2ccc(F)cc2F)C2CCN(C)CC2)cc1,7.6003
COc1ccc(COC(=O)N(Cc2ccc(F)cc2F)C2CCN(C)CC2)cc1,9.3002
COc1ccc(CSC(=O)N(Cc2ccc(F)cc2F)C2CCN(C)CC2)cc1,7.6003
CC(C)Oc1ccc(C(OC(=O)N(Cc2ccc(F)cc2)C2CCN(C)CC2)C(F)(F)F)cc1,7.5003
CC(C)Oc1ccc(COC(=O)Oc2ccc([N+](=O)[O-])cc2)cc1,10.7959
CC(C)Oc1ccc(CC(=O)N(Cc2ccc(F)cc2F)C2CCN(C)CC2)cc1,8.3002
CC(C)COc1ccc(CC(=O)N(Cc2ccc(F)cc2)C2CCN(C)CC2)c(F)c1,8.2000
CC(C)COc1ccc(CC(=O)N(Cc2ccc(F)cc2)C2CCN(C)CC2)cc1F,8.6003
CC(C)COc1ccc(CC(=O)N(Cc2ccc(F)cc2F)C2CCN(C)CC2)cc1,8.2000
CCOc1ccc(CC(=O)N(Cc2ccc(F)cc2F)C2CCN(C)CC2)cc1,7.8013
CCCCOc1ccc(CC(=O)N(Cc2ccc(F)cc2F)C2CCN(C)CC2)cc1,7.2000
C=CCOc1ccc(COC(=O)N(Cc2ccc(F)cc2F)C2CCN(C)CC2)cc1,9.3002
CCOc1ccc(COC(=O)N(Cc2ccc(F)cc2F)C2CCN(C)CC2)cc1,9.6990
CN1CCC(N(Cc2ccc(F)cc2F)C(=O)OCc2ccc(OCCCF)cc2)CC1,9.8013
CN1CCC(N(Cc2ccc(F)cc2F)C(=O)OCc2ccc(OC(CF)CF)cc2)CC1,10.1024
CN1CCC(N(Cc2ccc(F)cc2F)C(=O)OCc2ccc(OCC(C)(C)O)cc2)CC1,10.2007
CN1CCC(N(Cc2ccc(F)cc2F)C(=O)OCc2ccc(OC3CC3)cc2)CC1,10.4949
CC(C)COc1ccc(CC(=O)N(Cc2ccc(Cl)cc2F)C2CCN(C)CC2)cc1,7.3002
COc1cc(F)c(F)cc1CN(C(=O)Cc1ccc(OC(C)C)cc1)C1CCN(C)CC1,10.0000
COc1cc(F)c(CN(C(=O)Cc2ccc(OCC(C)C)cc2)C2CCN(C)CC2)c(F)c1,7.5003
CC(C)Oc1ccc(CC(=O)N(Cc2ccc(F)c(F)c2F)C2CCN(C)CC2)cc1,7.4001
COc1cc(F)c(F)cc1CN(C(=O)OCc1ccc(OCC(C)C)cc1)C1CCN(C)CC1,10.0000
COc1cc(F)c(CN(C(=O)OCc2ccc(OCC(C)C)cc2)C2CCN(C)CC2)c(F)c1,9.0000
CC(C)COc1ccc(COC(=O)N(Cc2ccc(F)c(F)c2F)C2CCN(C)CC2)cc1,8.8996
CC(C)Oc1ccc(COC(=O)N(Cc2ccc(Cl)cc2F)C2CCN(C)CC2)cc1,9.3002
CN1CCC(N(Cc2ccc(F)cc2F)C(=O)OCc2ccc(OCCF)cc2)CC1,9.8013
CCCCOc1ccc(COC(=O)N(Cc2ccc(F)cc2F)C2CCN(C)CC2)cc1,8.8996
CCc1ccc(CN(C(=O)OCc2ccc(OC(C)C)cc2)C2CCN(C)CC2)c(F)c1,8.6003
COC(=O)C(C)(C)CN1CCC(N(Cc2ccc(F)cc2F)C(=O)OCc2ccc(OC(C)C)cc2)CC1,8.0000
CC(C)Oc1ccc(COC(=O)N(Cc2ccc(F)cc2F)C2CCN(CC(C)(C)C(=O)O)CC2)cc1,8.5003
CCN1CCC(N(Cc2ccc(F)cc2F)C(=O)OCc2ccc(OC(C)C)cc2)CC1,9.4001
CC(C)Oc1ccc(COC(=O)N(Cc2ccc(F)cc2F)C2CCN(C3CC3)CC2)cc1,8.6003
CC(C)Oc1ccc(COC(=O)N(Cc2ccc(F)cc2F)C2CCN(C3COC3)CC2)cc1,7.6003
COc1ccc(CN(C(=O)Cc2ccc(OCC(C)C)cc2)C2CCN(C)CC2)c(F)c1,8.1002
CC(C)Oc1ccc(/C=C/C(=O)N(Cc2ccc(F)cc2F)C2CCN(C)CC2)cc1,7.4001
CC(C)Oc1ccc(CC(=O)N(Cc2ccc(F)cc2F)[C@@H]2CCN(C)C[C@@H]2F)cc1,8.0000
CC(C)COc1ccc(CC(=O)N(Cc2ccc(Cl)cc2C(F)(F)F)C2CCN(C)CC2)cc1,7.6990
CC(C)COc1ccc(CC(=O)N(Cc2ccc(F)cc2OC(F)(F)F)C2CCN(C)CC2)cc1,6.6990
Cc1cc(F)ccc1CN(C(=O)Cc1ccc(OCC(C)C)cc1)C1CCN(C)CC1,6.6990
COc1ccc(CN(C(=O)Cc2ccc(OCC(C)C)cc2)C2CCN(C)CC2)c(Cl)c1,6.8996
CC(C)Oc1ccc(COC(=O)N(Cc2ccc(Cl)cc2C(F)(F)F)C2CCN(C)CC2)cc1,10.0000
CC(C)Oc1ccc(COC(=O)N(Cc2ccc(F)cc2OC(F)(F)F)C2CCN(C)CC2)cc1,10.0000
Cc1cc(F)ccc1CN(C(=O)OCc1ccc(OC(C)C)cc1)C1CCN(C)CC1,7.8013
COc1ccc(CN(C(=O)OCc2ccc(OC(C)C)cc2)C2CCN(C)CC2)c(Cl)c1,7.8013
CC(C)COc1ccc(COC(=O)N(Cc2ccc(F)cc2Cl)C2CCN(C)CC2)cc1,8.1002
CC(C)COc1ccc(CC(=O)N(Cc2ccc(Cl)cc2Cl)C2CCN(C)CC2)cc1,6.6003
CC(C)Oc1ccc(CC(=O)N(Cc2ccc(Cl)cc2Cl)C2CCN(C)CC2)cc1,6.5003
CC(C)COc1ccc(CC(=O)N(Cc2ccc(F)cc2Cl)C2CCN(C)CC2)cc1,6.6990
CC(C)Oc1ccc(CC(=O)N(Cc2ccc(F)cc2Cl)C2CCN(C)CC2)cc1,6.5003
CC(C)Oc1ccc(COC(=O)N(Cc2ccc(F)cc2Cl)C2CCN(C)CC2)cc1,8.4001
CC(C)COc1ccc(COC(=O)N(Cc2ccc(Cl)cc2Cl)C2CCN(C)CC2)cc1,8.0000
Cc1ccc(F)c(CN(C(=O)OCc2ccc(OC(C)C)cc2)C2CCN(C)CC2)c1F,7.6990
CC(C)Oc1ccc(COC(=O)N(Cc2c(F)ccc(F)c2F)C2CCN(C)CC2)cc1,8.4001
Cc1c(F)ccc(CN(C(=O)OCc2ccc(OC(C)C)cc2)C2CCN(C)CC2)c1F,10.0000
Cc1ccc(CN(C(=O)OCc2ccc(OC(C)C)cc2)C2CCN(C)CC2)c(F)c1,7.3002
CC(C)COc1ccc(CC(=O)N(Cc2ccc(C(F)(F)F)cc2F)C2CCN(C)CC2)cc1,7.6990
COc1cc(C(F)(F)F)ccc1CN(C(=O)Cc1ccc(OCC(C)C)cc1)C1CCN(C)CC1,10.0000
CC(C)COc1ccc(CC(=O)N(Cc2ccc(C(F)(F)F)cc2Cl)C2CCN(C)CC2)cc1,10.0000
CN1CCC(N(Cc2ccc(F)cc2F)C(=O)OCc2ccc(OC(C)(C)C)cc2)CC1,10.0000
CN1CCC(N(Cc2ccc(F)cc2F)C(=O)OCc2ccc(C(C)(F)F)cc2)CC1,9.4001
CC(C)Oc1ccc(COC(=O)N(Cc2c(F)cc(Cl)cc2F)C2CCN(C)CC2)cc1,9.1002
COc1cc(CN(C(=O)OCc2ccc(OC(C)C)cc2)C2CCN(C)CC2)ccc1Cl,6.8013
COc1cc(Cl)ccc1CN(C(=O)OCc1ccc(OC(C)C)cc1)C1CCN(C)CC1,10.0000
COc1cc(C(F)(F)F)ccc1CN(C(=O)OCc1ccc(OC(C)C)cc1)C1CCN(C)CC1,10.0000
CC(C)Oc1ccc(COC(=O)N(Cc2ccc(C(F)(F)F)cc2Cl)C2CCN(C)CC2)cc1,7.6003
CC(C)Oc1ccc(COC(=O)N(Cc2ccc(C(F)(F)F)cc2F)C2CCN(C)CC2)cc1,8.4001
CC(C)Oc1ccc(COC(=O)N(Cc2cc(F)c(F)cc2F)C2CCN(C)CC2)cc1,7.8013
CC(C)Oc1ccc(COC(=O)N(Cc2ccc(F)cc2C(F)(F)F)C2CCN(C)CC2)cc1,8.6990
CC(C)COc1ccc(COC(=O)N(Cc2ccc(F)cc2O)C2CCN(C)CC2)cc1,7.8013
Fc1cccc2[nH]cc(C[C@H]3CCCN3)c12,5.4102
CCCC/C=C\C/C=C\CCCCCCCC(=O)Oc1cccc2[nH]cc(C[C@H]3CCCN3C)c12,5.2596
CCCCC/C=C\C/C=C\CCCCCCCC(=O)Oc1cccc2[nH]cc(C[C@H]3CCCN3C)c12,5.2596
CN1CCC[C@H]1Cc1c[nH]c2cccc(OCc3ccccc3)c12,5.2596
CN1CCC[C@@H]1Cc1c[nH]c2cccc(OP(=O)(O)O)c12,5.2596
CN1CCC[C@@H]1Cc1c[nH]c2cccc(F)c12,5.5607
COc1cccc2[nH]cc(C[C@H]3CCCN3C)c12,5.5607
Oc1cccc2[nH]cc(C[C@H]3CCCN3)c12,5.5607
Cc1cnc2c(c1)CCN(CCN1CCN(c3noc4ccccc34)CC1)C2=O,8.6383
O=C1c2cnccc2CCN1CCN1CCC(c2noc3ccccc23)CC1,8.0757
Cc1cc2c(cn1)C(=O)N(CCN1CCC(c3noc4ccccc34)CC1)CC21CC1,8.6576
Cn1nc(Br)c2c1CCN(CCN1CCN(c3nsc4ccccc34)CC1)C2=O,9.0000
Cc1ccc2c(C3CCN(CCn4ccc5cccnc5c4=O)CC3)noc2c1,8.0000
COc1ncc2c(n1)CCN(CCN1CCN(c3noc4ccccc34)CC1)C2=O,7.6402
COc1ccc2c(n1)C(=O)N(CCN1CCN(c3noc4ccccc34)CC1)CC2,7.0223
COc1ccc2c(n1)C(=O)N(CCN1CCC(c3noc4ccccc34)CC1)CC2,7.8386
COc1ccc(CCc2ccccc2OCC(CN(C)C)OC(=O)CCC(=O)O)cc1,8.1589
COc1ccc(CCc2ccccc2OC[C@@H](CN(C)C)OC(=O)CCC(=O)O)cc1,8.2625
COc1ccc(CCc2ccccc2OC[C@H](CN(C)C)OC(=O)CCC(=O)O)cc1,8.0793
COc1cccc(CCc2ccccc2OC[C@@H](O)CN(C)C)c1,9.0105
COc1cccc(CCc2ccccc2OC[C@H](O)CN(C)C)c1,9.0430
CNCc1cc(OCc2ccccc2)n(Cc2ccccc2)n1,8.2596
CNCc1cc(OCc2ccccc2)n(CC2CCCCC2)n1,8.4906
CNCc1cc(OCc2ccccc2F)n(CC2CCCCC2)n1,9.1871
CNCc1cc(OCc2ccc(F)cc2Cl)n(CC2CCCCC2)n1,9.2840
CNCc1cc(OCc2ccc(F)cc2C)n(CC2CCCCC2)n1,8.8539
CNCc1cc(OCc2cc(F)ccc2F)n(CC2CCCCC2)n1,8.9604
CNCc1cc(OCc2cc(Cl)ccc2F)n(CC2CCCCC2)n1,8.8979
CNCc1cc(OCc2cc(F)ccc2Cl)n(CC2CCCCC2)n1,8.6778
CNCc1cc(OCc2cc(Cl)ccc2Cl)n(CC2CCCCC2)n1,8.4949
CNCc1cc(OCc2ccc(F)cc2C)n(CC2CCCCO2)n1,8.3188
CNCc1cc(OCc2ccccc2)n(CC2CC3CCC2C3)n1,9.0000
CNCc1cc(OCc2cc(F)ccc2F)n(CC2CC3CCC2C3)n1,9.1192
CNCc1cc(OCc2cc(Cl)ccc2F)n(CC2CC3CCC2C3)n1,9.1367
CNCc1cc(OCc2cc(F)ccc2F)n(CC2CCC(F)(F)CC2)n1,8.7696
CNCc1cc(OCc2cc(F)ccc2F)n(CC2(F)CCCCC2)n1,8.7959
CNCc1cc(OCc2cc(Cl)ccc2F)n(CC2CC2)n1,8.5229
CNCc1cc(OCc2ccc(F)cc2)n(CC2CCCC2)n1,8.8861
CNCc1cc(OCc2ccccc2Cl)n(CC2CCCC2)n1,7.9586
CNCc1cc(OCc2ccc(F)cc2F)n(CC2CCCC2)n1,9.6990
CNCc1cc(OCc2cc(F)ccc2F)n(CC2CCCC2)n1,8.6576
CNCc1cc(OCc2cc(Cl)ccc2F)n(CC2CCCC2)n1,8.7571
CNCc1cc(OCc2ccccc2C#N)n(CC2CCCC2)n1,8.5686
CNCc1cc(OCc2ccccc2F)n(Cc2ccc(F)cc2)n1,8.9208
CNCc1cc(OCc2cc(F)ccc2F)n(Cc2ccc(F)cc2)n1,8.8861
CNCc1cc(OCc2cc(F)ccc2F)n(Cc2ccc(Cl)cc2)n1,8.9208
CNCc1cc(OCc2cc(F)ccc2F)n(Cc2ccc(C)cc2)n1,8.5686
CCCCn1nc(CNC)cc1OCc1cc(F)ccc1F,8.1871
CNCc1cc(OCc2cc(Cl)ccc2F)n(CC(C)C)n1,8.3468
CNCc1cc(OCc2cc(F)ccc2F)n(CC(C)(C)C)n1,8.1249
CNCc1cc(OCc2cc(Cl)ccc2F)n(CC(C)(C)C)n1,8.1249
CCC(CC)Cn1nc(CNC)cc1OCc1cc(Cl)ccc1F,9.2840
CNCc1cc(OCc2cc(F)ccc2F)n(CCC(C)(C)C)n1,9.1871
CNCc1cc(OCc2cc(F)ccc2F)n(CCC(C)C)n1,8.8239
CNCc1cc(OCc2cc(Cl)ccc2F)n(CCC(C)(C)CO)n1,8.2291
CNCc1cc(OCc2cc(F)c(F)cc2F)n(CC2CCCC2)n1,8.8861
CNCc1cc(OCc2cc(F)c(F)cc2F)n(CCC(C)C)n1,8.8861
CNCc1cc(OCc2cc(F)c(F)cc2F)n(CCC(C)(C)C)n1,8.7447
CNCc1cc(OCc2cc(F)c(F)cc2F)n(Cc2ccc(C)cc2)n1,8.6198
CNCc1cc(OCc2ccccc2)n(C(C)C2CCCC2)n1,8.2840
CNCc1cc(OCc2cc(Cl)ccc2F)n(C(C)C2CCCC2)n1,8.6021
CNCc1cc(OCc2ccccc2)n(C(C)C2CCCCC2)n1,8.9208
CNCc1cc(OCc2ccccc2F)n(C(C)C2CCCCC2)n1,8.9586
CNCc1cc(OCc2ccc(F)cc2)n(C(C)C2CCCCC2)n1,9.1308
CNCc1cc(OCC2CC=CC=C2Cl)n(C(C)C2CCCCC2)n1,8.6778
CNCc1cc(OCc2ccccc2C)n(C(C)C2CCCCC2)n1,8.4815
CNCc1cc(OCc2cccc(C)c2)n(C(C)C2CCCCC2)n1,8.2518
CNCc1cc(OCc2ccc(F)cc2F)n(C(C)C2CCCCC2)n1,9.2441
CNCc1cc(OCc2ccc(F)cc2Cl)n(C(C)C2CCCCC2)n1,9.0555
CNCc1cc(OCc2ccc(F)cc2C)n(C(C)C2CCCCC2)n1,9.0269
CNCc1cc(OCc2cc(F)ccc2F)n(C(C)C2CCCCC2)n1,8.7447
CNCc1cc(OCc2cc(Cl)ccc2F)n(C(C)C2CCCCC2)n1,8.8539
CNCc1cc(OCc2cc(C)ccc2F)n(C(C)C2CCCCC2)n1,8.6021
CNC(C)c1cc(OCc2cc(F)ccc2F)n(CCC2CCCC2)n1,9.2218
CNCc1cc(OCc2ccccc2)n(C(CF)C2CCCCC2)n1,8.5528
CNCc1cc(OCc2ccccc2)n(CC2(C)CCCCC2)n1,8.5528
CNCc1cc(OCc2cccc(Cl)c2)n(CC2CCc3ccccc3O2)n1,8.3098
Fc1ccc(F)c(COc2cc(CNC3CC3)nn2CC2CCCCC2)c1,8.3098
CCNCc1cc(OCc2cc(F)ccc2F)n(CC2CCCCC2)n1,8.4685
NCc1cc(OCc2cc(F)ccc2F)n(CC2CCCC2)n1,7.9208
CNCc1cc(OC(F)(F)c2ccccc2)n(CC2CCCCC2)n1,8.2218
CNCc1nn(CC2CCCCC2)c(OCc2cc(F)ccc2F)c1F,7.8239
CN(Cc1cc(OCc2cc(F)ccc2F)n(CC2CCCC2)n1)C(=O)OC(C)(C)C,8.6990
CNCc1cc(OCc2cccc(Cl)c2)n(CC2OC3CCC2CC3)n1,8.0269
CCCCC/C=C\C/C=C\CCCCCCCC(=O)Oc1cccc2[nH]cc(CCN(C)C)c12,6.2874
CN(C)CCc1c[nH]c2cccc(OCc3ccccc3)c12,6.9747
COc1cc(C(F)(F)F)c(OC)cc1C1CCCNC1,7.7825
C/C=C1/CN2CC[C@]34C(=C(C(=O)OC)[C@H]1C[C@H]23)Nc1ccccc14,5.3168
C/C=C1/CN2CC[C@]34C(=C(C(=O)OC)[C@H]1C[C@H]23)Nc1ccc(I)cc14,5.6356
CCCCCc1cc(O)c(C/C=C(\C)CCC=C(C)C)c(O)c1,5.7258
CCCCCc1cc(O)c2c(c1)OC(C)(C)c1ccc(C)cc1-2,5.3107
C[N+](C)(C)CCc1c[nH]c2cccc(O)c12.[I-],6.1739
CN(C)CC[C@@H](Oc1cccc2c1OCO2)c1ccc(F)cc1.O=C(O)C(=O)O,7.4425
CN(C)CCc1c[nH]c2ccc(O)cc12,5.7617
Cl.O=C(c1ccc(F)cc1)C1CCN(CC(O)COc2ccc(CNC(=O)N(Cc3ccc(F)cc3)C3CCNCC3)cc2)CC1,6.1758
Cl.Cl.O=C(NCc1ccc(OCC(O)CN2CCC(C3c4ccc(Cl)cc4CCc4cccnc43)CC2)cc1)N(Cc1ccc(F)cc1)C1CCNCC1,6.0862
Cl.Cl.O=C(NCc1ccc(OCC(O)CN2CCN(c3cccc(Cl)c3Cl)CC2)cc1)N(Cc1ccc(F)cc1)C1CCNCC1,7.0370
Cl.Cl.O=C(NCc1ccc(OCC(O)CN2CCN(c3nsc4ccccc34)CC2)cc1)N(Cc1ccc(F)cc1)C1CCNCC1,7.2662
Cl.Cl.O=C(NCc1ccc(OCC(O)CN2CCN(c3noc4cc(F)ccc34)CC2)cc1)N(Cc1ccc(F)cc1)C1CCNCC1,7.3687
Cl.Cl.O=C(NCc1ccc(OCC(O)CN2CCN(c3noc4cc(F)ccc34)CC2)cc1)N(Cc1ccc(F)cc1F)C1CCNCC1,7.3325
Cl.Cl.O=C(NCc1ccc(OCC(O)CN2CCN(c3noc4cc(F)ccc34)CC2)cc1)N(Cc1cc(F)c(F)cc1F)C1CCNCC1,7.3050
Cl.Cl.O=C(NCc1ccc(OCC(O)CN2CCN(c3noc4cc(F)ccc34)CC2)cc1)N(Cc1c(F)cc(F)cc1F)C1CCNCC1,7.4389
Fc1cnc2[nH]cc(CCN3CCC4CC43)c2c1,8.0467
COc1ccccc1CNCCc1c[nH]c2ncc(F)cc12,8.4802
COc1cccc(CNCCc2c[nH]c3ncc(F)cc23)c1,8.0825
COc1cnc2[nH]cc(CCN(C)C3CC3)c2c1,8.0227
COc1ccccc1CNCCc1c[nH]c2ncc(Br)cc12,8.1046
COc1ccccc1CNCCc1c[nH]c2ncc(C#N)cc12,8.1135
Oc1cccc2[nH]cc(CCNC3CC3)c12,8.0605
Oc1c(F)ccc2[nH]cc(CCNC3CC3)c12,8.1327
NCCc1c[nH]c2ccc(F)c(O)c12,8.3915
NCCc1c[nH]c2cc(F)cc(O)c12,8.1965
NCCc1c[nH]c2c(F)ccc(O)c12,8.1367
CNCCc1c[nH]c2cc(F)cc(O)c12,8.2366
CN(C)CCc1c(Cl)[nH]c2ccccc12,6.3488
CC(=O)Oc1cccc2[nH]cc(CCN(C)C)c12,6.5270
CC(=O)Oc1cccc2[nH]c(Br)c(CCN(C)C)c12,5.9480
CC(=O)Nc1cccc2[nH]cc(CCN(C)C)c12,5.4685
COc1c(F)ccc2[nH]nc(CCN(C)C)c12,7.5482
COc1ccccc1CNCCc1n[nH]c2cc(F)cc(F)c12,7.8416
COc1cc(F)cc2[nH]nc(CCN3CCC4CC43)c12,7.5272
COc1cc2c(CCN3CCC4CC43)n[nH]c2cc1F,8.0904
COc1ccc2[nH]nc(CCNCc3ccccc3)c2c1,7.5361
COc1ccc2[nH]nc(CCNCc3ccccc3OC)c2c1,8.6498
CCCN1C[C@H](C(=O)N2[C@@H](C)C[C@@H]2C)C=C2c3cccc4[nH]cc(c34)C[C@H]21,8.8416
CCC[C@@H](C)NC(=O)[C@@H]1C=C2c3cccc4[nH]cc(c34)C[C@H]2N(CCC)C1,8.7959
C=CCN1C[C@H](C(=O)N[C@H](C)CC)C=C2c3cccc4[nH]cc(c34)C[C@H]21,8.7670
CCN(CC)C(=O)[C@@H]1C=C2c3cccc4[nH]cc(c34)C[C@H]2N(CCc2ccccc2OC)C1,8.8962
CCC(CC)NC(=O)[C@@H]1C=C2c3cccc4[nH]c(Br)c(c34)C[C@H]2N(C)C1,8.7670
COc1cc(Br)c(OC)nc1CC(C)N,8.6706
CCc1cc(OC)c(CC(C)N)nc1OC,8.2373
CCSc1cc(OC)c(CCN)nc1OC,8.3883
CCSc1cc(OC)c(CC(C)N)nc1OC,8.5186
COc1ccccc1CNCCc1nc(OC)c(Br)cc1OC,8.7981
CCCc1cc(OC)c(CCN)nc1OC,8.3830
C[C@@H]1C=C(c2c[nH]c3ncccc23)CN(C)C1,6.9586
CNC(=O)c1ccc2c3c1CCN3CCNC2,4.7305
O=C(NC1CC1)c1ccc2c3c1CCN3CCNC2,4.6615
O=C(NCC1CC1)c1ccc2c3c1CCN3CCNC2,4.7496
CCOCCNC(=O)c1ccc2c3c1CCN3CCNC2,5.2168
CCCOCCNC(=O)c1ccc2c3c1CCN3CCNC2,6.2958
CCSCCNC(=O)c1ccc2c3c1CCN3CCNC2,4.7496
O=C(NCCOc1ccccc1)c1ccc2c3c1CCN3CCNC2,5.5800
COC(C)CNC(=O)c1ccc2c3c1CCN3CCNC2,6.0809
O=C(NCCCl)c1ccc2c3c1CCN3CCNC2,4.7235
CNC(=O)c1ccc2c3c1C(CC(F)(F)F)CN3CCNC2,5.5969
CCNC(=O)c1ccc2c3c1C(CC(F)(F)F)CN3CCNC2,5.7905
CCCNC(=O)c1ccc2c3c1C(CC(F)(F)F)CN3CCNC2,5.9000
COCCNC(=O)c1ccc2c3c1C(CC(F)(F)F)CN3CCNC2,6.6635
O=C(NCCCF)c1ccc2c3c1C(CC(F)(F)F)CN3CCNC2,4.9626
O=C(NCC(F)F)c1ccc2c3c1C(CC(F)(F)F)CN3CCNC2,5.5719
O=C(NCC(F)(F)F)c1ccc2c3c1C(CC(F)(F)F)CN3CCNC2,5.1349
CNC(=O)c1ccc2c3c1C(CC(F)F)CN3CCNC2,5.4225
CCC1CN2CCNCc3ccc(C(=O)NCCF)c1c32,6.6737
CCC1CN2CCNCc3ccc(C(=O)NCC(F)F)c1c32,5.3719
CCC1CN2CCNCc3ccc(C(=O)NC)c1c32,5.0339
