SMILES,pIC50
Cc1cc(C)c(/C=C2\C(=O)Nc3ncnc(Nc4ccc(F)c(Cl)c4)c32)[nH]1,4.7825
Nc1ncnc2c1c(-c1cccc(Oc3ccccc3)c1)cn2C1CCCC1,5.1487
c1ccc(-c2cnc(Nc3ccccn3)o2)cc1,5.7258
Cc1cc(C(=O)NCCN2CCOCC2)[nH]c1/C=C1\C(=O)N(C)c2ncnc(Nc3ccc(F)c(Cl)c3)c21,4.9957
Cc1ccc(Nc2ncc(-c3ccccc3)s2)nc1,7.7212
CCN(CC)CC(O)CNC(=O)c1cc(C)c(/C=C2\C(=O)Nc3ncnc(Nc4ccc(F)c(Cl)c4)c32)[nH]1,6.4437
c1ccc(-c2cnc(Nc3cnccn3)s2)cc1,7.6383
c1ccc(-c2cnc(Nc3cccnc3)s2)cc1,6.6198
Cc1ccnc(Nc2ncc(-c3ccccc3)s2)c1,8.2218
c1ccc(Nc2ncc(-c3ccccc3)s2)cc1,6.9066
Cc1cccc(Nc2ncc(-c3ccccc3)s2)n1,8.0000
Nc1ncnc2c1c(-c1ccc(Oc3ccccc3)cc1)cn2C1CCCC1O,6.0000
c1ccc(Nc2ncc(-c3ccccc3)o2)cc1,6.3969
c1ccc(Oc2ccc(Nc3ncnc4ccccc34)cc2)cc1,5.5654
CC(C)n1cc(-c2ccc(Oc3ccccc3)cc2)c2c(N)ncnc21,6.3665
O=C(Nc1ncc(-c2ccccc2)s1)c1ccccc1,7.0915
c1ccc(-c2cnc(Nc3ccncn3)s2)cc1,7.4437
COc1cccnc1Nc1ncc(-c2ccccc2)s1,7.3372
COc1ccnc(Nc2ncc(-c3ccccc3)s2)c1,7.9586
Cc1cccnc1Nc1ncc(-c2ccccc2)s1,7.8861
Cc1cc(C(=O)N2CCOCC2)[nH]c1/C=C1\C(=O)Nc2ncnc(Nc3ccc4c(ccn4Cc4ccccc4)c3)c21,5.6882
CCCCN(C)c1ccc(/N=N/c2ncc([N+](=O)[O-])s2)c(C)c1,6.8210
CCN(CC)CCNC(=O)c1c(C)[nH]c(/C=C2\C(=O)Nc3ncnc(Nc4ccc(F)c(Cl)c4)c32)c1C,5.4597
Cc1cc(C(=O)N2CCOCC2)[nH]c1/C=C1\C(=O)Nc2ncnc(Nc3ccc4c(c3)CCC4)c21,5.4609
Nc1ncnc2c1c(-c1ccc(Oc3ccccc3)cc1)cn2C1CCC(O)C1,7.0706
c1ccc(-c2cnc(Nc3ccccn3)s2)cc1,8.1549
c1ccc(-c2cnc(Nc3ccncc3)s2)cc1,6.5867
COc1cccc(Nc2ncc(-c3ccccc3)s2)n1,8.5229
Nc1ncnc2c1c(-c1ccc(Oc3ccccc3)cc1)cn2C1CC(O)C(O)C1,6.5686
Cc1ccc(-c2nn(C(C)(C)C)c3ncnc(N)c23)cc1,6.2479
Brc1cccc(Nc2ncc(-c3ccccc3)s2)n1,7.8539
Cc1cnc(Nc2ccccn2)s1,5.8948
Cc1cc(C(=O)O)[nH]c1/C=C1\C(=O)Nc2ncnc(Nc3ccc(F)c(Cl)c3)c21,5.0496
Clc1ccc(Nc2ncc(-c3ccccc3)s2)nc1,7.4559
Brc1cnc(Nc2ccccn2)s1,7.1487
c1ccc(-c2cnc(Nc3ccc(CN4CCCC4)cn3)s2)cc1,7.9208
Clc1cnc(Nc2ccccn2)s1,6.7122
Cc1cc(C(=O)N2CCOCC2)[nH]c1/C=C1\C(=O)Nc2ncnc(Nc3ccc4c(cnn4Cc4ccccc4)c3)c21,5.6778
CC(C)(C)n1cc(-c2ccc(Cl)cc2)c2c(N)ncnc21,5.5719
Nc1ncnc2c1c(-c1ccc(Oc3ccccc3)cc1)cn2C1CCCC1,5.8041
CCN(CC)CCNC(=O)c1cc(C)c(/C=C2\C(=O)Nc3ncnc(Nc4ccc(F)c(Cl)c4)c32)[nH]1,6.5229
Cc1cc(C(=O)N2CC(C)NC(C)C2)[nH]c1/C=C1\C(=O)Nc2ncnc(Nc3ccc(F)c(Cl)c3)c21,5.7878
CC(C)(C)n1cc(-c2ccc(Oc3ccccc3)cc2)c2c(N)ncnc21,5.6402
N#Cc1cnc(Nc2ccccn2)s1,7.4437
Cc1cc(C)c(/C=C2\C(=O)N(C)c3ncnc(Nc4ccc(F)c(Cl)c4)c32)[nH]1,5.2351
Cc1cc(C(=O)NCCN2CCOCC2)[nH]c1/C=C1\C(=O)Nc2ncnc(Nc3ccc4c(ccn4Cc4ccccc4)c3)c21,5.4597
CCN(CC)CCNC(=O)c1cc(C)c(/C=C2\C(=O)Nc3ncnc(Nc4ccc(Cl)cc4F)c32)[nH]1,7.3979
c1ccc(-c2cnc(Nc3ncccn3)s2)cc1,6.8633
COc1cccc(-c2ccc3c(c2)NC(=O)/C3=C\c2[nH]c3c(c2CCC(=O)O)CCCC3)c1,7.1549
COc1ccc2c(c1)NC(=O)/C2=C\c1[nH]c2c(c1CCC(=O)O)CCCC2,6.4202
COc1ccccc1-c1ccc2c(c1)NC(=O)/C2=C\c1cc2c([nH]1)CCCC2,4.6990
O=C(O)CCc1c(/C=C2\C(=O)Nc3ccc(C(=O)O)cc32)[nH]c2c1CCCC2,8.3979
COc1ccc2c(c1)NC(=O)/C2=C\c1cc2c([nH]1)CCCC2,4.9172
O=C(O)CCc1c(/C=C2\C(=O)Nc3cc(-c4ccccc4)ccc32)[nH]c2c1CCCC2,7.3010
COc1ccc(-c2ccc3c(c2)NC(=O)/C3=C\c2[nH]c3c(c2CCC(=O)O)CCCC3)cc1,7.5229
O=C1Nc2ccccc2/C1=C/c1cc2c([nH]1)CCCC2,6.3188
O=C(O)CCc1c(/C=C2\C(=O)Nc3ccc(Br)cc32)[nH]c2c1CCCC2,7.5229
NS(=O)(=O)c1ccc2c(c1)/C(=C/c1cc3c([nH]1)CCCC3)C(=O)N2,7.5229
Cc1c[nH]c(/C=C2\C(=O)Nc3ccccc32)c1CCC(=O)O,7.6990
Cc1cc(C)c(/C=C2\C(=O)Nc3ccccc32)[nH]1,5.9101
O=C1Nc2ccc(C(=O)O)cc2/C1=C/c1cc2c([nH]1)CCCC2,7.6990
NS(=O)(=O)c1ccc2c(c1)/C(=C/c1[nH]c3c(c1CCC(=O)O)CCCC3)C(=O)N2,6.2218
O=C(O)CCc1c(/C=C2\C(=O)Nc3ccccc32)[nH]c2c1CCCC2,7.0458
O=C1Nc2ccc(Br)cc2/C1=C/c1cc2c([nH]1)CCCC2,7.1549
COc1ccccc1-c1ccc2c(c1)NC(=O)/C2=C\c1[nH]c2c(c1CCC(=O)O)CCCC2,7.2218
Fc1ccc(-c2cnn3cc(-c4ccncc4)cnc23)cc1,7.2007
O=c1[nH]c2ccccc2cc1-c1cc2ccccc2[nH]1,8.0969
Cc1ccc(-c2cnc3c(-c4ccncc4)cnn3c2)cc1,7.2076
c1cc(-c2cnc3c(-c4ccsc4)cnn3c2)ccn1,7.6198
CN1CCN(C(=O)c2ccc3[nH]c(-c4cc5ccccc5nc4O)cc3c2)CC1,8.3010
Fc1ccc(-c2cnn3cc(-c4ccncc4)cnc23)cc1Cl,6.5768
c1ccc(-c2cnn3cc(-c4ccncc4)cnc23)cc1,7.1487
COc1ccc(-c2cnc3c(-c4ccncc4)cnn3c2)cc1,7.4318
Clc1cccc(-c2cnn3cc(-c4ccncc4)cnc23)c1,6.4559
c1cc(-c2cnn3cc(C4CCCCC4)cnc23)cs1,6.5528
O=S(=O)(NC1CCNC1)c1ccc2[nH]c(-c3cc4ccccc4nc3O)cc2c1,7.8539
C1=C(c2cnn3cc(-c4ccncc4)cnc23)CCCC1,7.3872
O=C(O)C1CCN(CCCOc2ccc3[nH]c(-c4cc5ccccc5nc4O)cc3c2)CC1,8.0969
NC1CCN(C(=O)c2ccc3[nH]c(-c4cc5ccccc5nc4O)cc3c2)C1,8.3010
O=c1ccc2ccccc2cc1-c1nc2ccccc2[nH]1,6.4498
O=C(c1ccc2[nH]c(-c3cc4ccccc4nc3O)cc2c1)N1CCNCC1,8.3010
O=S(=O)(c1ccc2[nH]c(-c3cc4ccccc4nc3O)cc2c1)N1CCNCC1,7.9586
COc1cccc(-c2cnn3cc(-c4ccncc4)cnc23)c1,6.2924
COc1ccc(-c2cnc3c(-c4cccnc4)cnn3c2)cc1,7.3872
NC1CCN(S(=O)(=O)c2ccc3[nH]c(-c4cc5ccccc5nc4O)cc3c2)C1,7.7959
Oc1nc2ccccc2cc1-c1cc2cc(OCCN3CCCCC3)ccc2[nH]1,8.3979
COCCN(C)CCOc1ccc2[nH]c(-c3cc4ccccc4nc3O)cc2c1,8.1549
c1ccc(-c2cnn3cc(-c4ccccn4)cnc23)cc1,7.0555
C1=C(c2cnn3cc(-c4ccncc4)cnc23)CCC1,7.5528
O=c1[nH]c2ccccc2cc1-c1nc2ccccc2[nH]1,6.5582
COc1ccc(-c2cnc3c(-c4ccccc4)cnn3c2)cc1,7.1487
O=C(NC1CCNC1)c1ccc2[nH]c(-c3cc4ccccc4nc3O)cc2c1,8.2218
Clc1ccc(-c2cnc3c(-c4ccncc4)cnn3c2)cc1,6.9469
CC(=O)N1CCN(CCOc2ccc3[nH]c(-c4cc5ccccc5nc4O)cc3c2)CC1,8.3979
c1cc(-c2cnc3c(-c4ccncc4)cnn3c2)ccn1,6.6498
COc1ccc(-c2cnc3c(-c4ccccn4)cnn3c2)cc1,6.0000
CN1CCN(S(=O)(=O)c2ccc3[nH]c(-c4cc5ccccc5nc4O)cc3c2)CC1,8.0000
COc1ccc(-c2cnc3c(-c4ccsc4)cnn3c2)cc1,7.7212
O=c1cc(-c2ccc3c(c2)ncn3-c2ccccc2)ccn1CCN1CCCCC1,7.0555
O=c1ccc(-c2ccc3c(c2)ncn3-c2ccccc2)cn1CCCN1CCCCC1,7.4318
c1ccc(-n2cnc3cc(-c4ccc(NCCN5CCOCC5)nc4)ccc32)cc1,7.2840
c1ccc(-n2cnc3cc(-c4ccc(OCCN5CCCCC5)cc4)cnc32)cc1,7.4318
COc1ccc(-c2ccc3c(c2)ncn3-c2ccccc2)cc1,6.9469
O=c1cc(-c2ccc3c(c2)ncn3-c2ccccc2)ccn1CCCN1CCCCC1,7.6021
c1ccc(-n2cnc3cc(-c4ccc(OCCN5CCCCC5)cc4)ccc32)cc1,7.8539
O=c1ccc(-c2ccc3c(c2)ncn3-c2ccccc2)cn1CCN1CCCCC1,6.5686
O=c1nc(-c2ccc3c(c2)ncn3-c2ccccc2)ccn1CCCN1CCCCC1,7.0177
c1ccc(-n2cnc3cc(-c4ccc(OCCN5CCCCC5)nc4)ccc32)cc1,7.6383
CN1CCN([C@H]2CC[C@H](n3nc(-c4ccc(Oc5ccccc5)cc4)c4c(N)ncnc43)CC2)CC1,5.2741
COc1cc(-c2nn([C@H]3CC[C@H](N4CCN(C)CC4)CC3)c3ncnc(N)c23)ccc1NC(=O)OCc1ccccc1,4.4672
CN1CCN([C@H]2CC[C@H](n3nc(-c4ccc(NCc5cc6ccccc6[nH]5)cc4)c4c(N)ncnc43)CC2)CC1,6.3615
CN1CCN([C@H]2CC[C@H](n3nc(-c4ccc(Nc5ccccc5)cc4)c4c(N)ncnc43)CC2)CC1,5.4191
CN1CCN([C@H]2CC[C@H](n3cc(-c4ccc(Oc5ccccc5)cc4)c4c(N)ncnc43)CC2)CC1,5.4467
COc1cc(-c2nn([C@H]3CC[C@H](N4CCN(C)CC4)CC3)c3ncnc(N)c23)ccc1NC(=O)CC(C)(C)c1ccccc1,4.4609
COc1cc(-c2nn([C@H]3CC[C@H](N4CCN(C)CC4)CC3)c3ncnc(N)c23)ccc1NC(=O)Nc1ccccc1,6.5800
COc1cc2c(Nc3ccc(Cl)cc3F)ncnc2cc1OCC1CCNCC1.Cl,7.3010
COc1cc2c(Nc3ccc(Cl)cc3F)ncnc2cc1OCCN(C)c1ccncc1,8.2218
COc1cc2c(Nc3ccc(C#N)cc3F)ncnc2cc1OC/C=C/CN1CCCC1,6.6383
COc1cc2c(Nc3ccc(Cl)cc3F)ncnc2cc1OC1CCN(C)CC1,5.8239
COc1cc2c(Nc3ccc(C)cc3F)ncnc2cc1OCC1CCNCC1,7.5229
COc1cc2c(Nc3ccc(Br)cc3F)ncnc2cc1OCCn1ccnn1,7.5229
COc1cc2c(Nc3ccc(C)cc3F)ncnc2cc1OCC1CCN(C)CC1,7.6021
COc1cc2c(Nc3c(F)cc(Cl)cc3F)ncnc2cc1OCC1CCN(C)CC1,7.6021
COc1cc2c(Nc3c(F)cc(Cl)cc3F)ncnc2cc1OCC1CCNCC1,7.3979
COc1cc2c(Nc3ccc(Cl)cc3F)ncnc2cc1OC[C@@H]1CCCN(C)C1,8.3010
COc1cc2c(Nc3ccc(Cl)cc3F)ncnc2cc1OCCCN1CCOCC1,8.0458
COc1cc2/c(=N/c3ccc(Br)cc3F)nc[nH]c2cc1OCC1CCN(C)CC1,7.3788
COc1cc2c(Nc3ccc(Cl)cc3F)ncnc2cc1OC/C=C/CN1CCCC1.Cl,7.3979
COc1cc2c(Nc3ccc(Br)cc3F)ncnc2cc1OCCC1CCN(C)CC1,8.2218
COc1cc2c(Nc3ccc(Cl)cc3F)ncnc2cc1OCC1CCN(C)CC1.Cl,7.8239
COc1cc2c(Nc3ccc(Br)cc3F)ncnc2cc1OC[C@@H]1CCCN(C)C1,9.0000
COc1cc2c(Nc3ccc(Cl)cc3F)ncnc2cc1OCCN1CCN(C)CC1,7.5229
COc1cc2c(Nc3ccc(Cl)cc3F)ncnc2cc1OCCCN1CCCC1.Cl,7.5229
COc1cc2c(Nc3ccc(Br)cc3F)ncnc2cc1OCCCN1CCN(C)CC1.Cl,8.0458
COc1cc2c(Nc3c(F)cc(Br)cc3F)ncnc2cc1OCC1CCN(C)CC1,8.0000
COc1cc2c(Nc3ccc(Br)cc3F)ncnc2cc1OCC1CCN(C)CC1.Cl,7.3979
COc1cc2c(Nc3ccc(Br)cc3F)ncnc2cc1OC[C@H]1CCCN(C)C1,8.0000
COc1cc2c(Nc3ccc(Cl)cc3F)ncnc2cc1OCCCN1CCN(C)CC1.Cl,7.6990
COc1cc2c(Nc3ccc(Cl)cc3F)ncnc2cc1OCCN1CCOCC1,7.3979
COc1cc2c(Nc3ccc(Br)cc3F)ncnc2cc1OCCC1CCNCC1,7.3979
COc1cc2c(Nc3c(F)cc(Br)cc3F)ncnc2cc1OCC1CCNCC1,7.8239
COc1cc2c(Nc3cc(O)c(C)cc3F)ncnc2cc1OCC1CCN(C)CC1.Cl,8.1549
COc1cc2c(Nc3ccc(Cl)cc3F)ncnc2cc1OCCC1CCN(C)CC1,7.2596
COCCOc1cc2ncnc(Nc3ccc(Cl)cc3F)c2cc1OC,8.1549
COc1cc2c(Nc3cc(O)c(Cl)cc3F)ncnc2cc1OCC1CCN(C)CC1.Cl,8.0969
COc1cc2c(Nc3ccc(Br)cc3F)ncnc2cc1OC/C=C/CN1CCCC1.Cl,8.0969
NC(=O)c1c(-c2ccc(Oc3ccccc3)cc2)c2c(N)ncnc2n1C1CCCC1,5.0405
Nc1ncnc2c1c(-c1ccc(Oc3ccccc3O)cc1)cn2C1CCCC1,7.0458
CC(C)n1cc(-c2ccc(Oc3ccc(CO)cc3)cc2)c2c(N)ncnc21,7.5376
CC(C)(C)n1cc(-c2ccc(Oc3ccc(N)cc3)cc2)c2c(N)ncnc21,6.0458
Nc1ncnc2c1c(-c1ccc(Oc3ccccc3)cc1)c(CO)n2C1CCCC1,5.9666
CC(C)n1cc(-c2ccc(Oc3ccccc3[N+](=O)[O-])cc2)c2c(N)ncnc21,6.0458
Nc1ncnc2c1c(-c1ccc(Oc3ccccc3)cc1)c(C(=O)O)n2C1CCCC1,5.0079
CC(C)(C)n1cc(-c2ccc(Oc3ccc(O)cc3)cc2)c2c(N)ncnc21,5.6990
CC(C)n1cc(-c2ccc(Oc3ccccc3CO)cc2)c2c(N)ncnc21,6.8416
CC(C)n1cc(-c2ccc(Oc3ccccc3C(=O)O)cc2)c2c(N)ncnc21,5.2958
CC(C)n1cc(-c2ccc(Oc3ccccc3N)cc2)c2c(N)ncnc21,5.4815
Nc1ncnc2c1c(-c1ccc(Oc3ccccc3)cc1)c(Br)n2C1CCCC1,5.7959
N#Cc1c(-c2ccc(Oc3ccccc3)cc2)c2c(N)ncnc2n1C1CCCC1,5.4949
COc1ccc(Oc2ccc(-c3cn(C(C)(C)C)c4ncnc(N)c34)cc2)cc1,5.8827
COCc1c(-c2ccc(Oc3ccccc3)cc2)c2c(N)ncnc2n1C1CCCC1,5.3726
CC(C)(C)n1cc(-c2ccc(Oc3cccc(N)c3)cc2)c2c(N)ncnc21,6.3979
CC(C)n1cc(-c2ccc(Oc3ccccc3C#N)cc2)c2c(N)ncnc21,6.7932
Cc1c(-c2ccc(Oc3ccccc3)cc2)c2c(N)ncnc2n1C1CCCC1,5.4750
CC(O)c1c(-c2ccc(Oc3ccccc3)cc2)c2c(N)ncnc2n1C1CCCC1,5.7305
CC(C)n1cc(-c2ccc(Oc3ccc(C(=O)O)cc3)cc2)c2c(N)ncnc21,5.1618
Nc1ncnc2c1c(-c1ccc(Oc3ccccc3)cc1)c(CN1CCOCC1)n2C1CCCC1,5.4342
COc1ccccc1Oc1ccc(-c2cn(C3CCCC3)c3ncnc(N)c23)cc1,6.3010
Nc1ncnc2c1c(-c1ccc(Oc3ccccc3)cc1)c(Cl)n2C1CCCC1,4.7721
NCc1c(-c2ccc(Oc3ccccc3)cc2)c2c(N)ncnc2n1C1CCCC1,6.1694
CC(C)n1cc(-c2ccc(Oc3ccc(C#N)cc3)cc2)c2c(N)ncnc21,6.8894
COC(=O)[C@]1(O)C[C@H]2O[C@]1(C)n1c3ccccc3c3c4c(c5c6ccccc6n2c5c31)C(=O)NC4,7.7212
NS(=O)(=O)c1ccc2c(c1)/C(=C/c1[nH]cc3c1CCOC3=O)C(=O)N2,5.1805
COC(=O)[C@@]1(O)C[C@H]2O[C@]1(C)n1c3ccccc3c3c4c(c5c6ccccc6n2c5c31)C(=O)NC4,7.3665
CNS(=O)(=O)c1ccc2c(c1)/C(=C/c1[nH]cc3c1CCOC3=O)C(=O)N2,5.1805
O=C1Nc2cc(-c3ccccc3)ccc2/C1=C/c1[nH]cc2c1CCOC2=O,5.6990
O=C1Nc2cccc(C3CCNCC3)c2/C1=C/c1[nH]cc2c1CCOC2=O,6.3098
COc1ccc2c(c1)/C(=C/c1cnc[nH]1)C(=O)N2,6.8861
O=C1Nc2ccc(C(=O)O)cc2/C1=C/c1[nH]cc2c1CCOC2=O,5.2076
O=C1Nc2ccc(Br)cc2/C1=C/c1[nH]cc2c1CCOC2=O,4.9586
CC(C)NS(=O)(=O)c1ccc2c(c1)/C(=C/c1[nH]cc3c1CCOC3=O)C(=O)N2,5.1739
CC(C)(C)c1nc2c3ccc(F)cc3c3c(=O)[nH]ccc3c2[nH]1,5.8269
O=C1Nc2cccc(CCO)c2/C1=C/c1[nH]cc2c1CCOC2=O,5.9208
O=C1Nc2ccc(F)cc2/C1=C/c1[nH]cc2c1CCOC2=O,5.0000
Cc1c(CCC(=O)O)c[nH]c1/C=C1\C(=O)Nc2ccc(C(=O)O)cc21,6.6198
Cc1c[nH]c(/C=C2\C(=O)Nc3cccc(C)c32)c1CCC(=O)O,6.8495
COc1cccc(-c2ccc3c(c2)NC(=O)/C3=C\c2[nH]cc(C)c2CCC(=O)O)c1,5.3814
Cc1[nH]c(/C=C2\C(=O)Nc3ccccc32)c(C)c1CCC(=O)O,5.8936
Cc1[nH]c(/C=C2\C(=O)Nc3ccc(Br)cc32)c(C)c1CCC(=O)O,6.4584
Cc1c(CCC(=O)O)c[nH]c1/C=C1\C(=O)Nc2ccc(S(N)(=O)=O)cc21,6.0362
COc1ccccc1-c1ccc2c(c1)NC(=O)/C2=C\c1[nH]c(C)c(CCC(=O)O)c1C,5.4412
COc1cccc(-c2ccc3c(c2)NC(=O)/C3=C\c2[nH]cc(CCC(=O)O)c2C)c1,6.8952
CCOc1cccc(-c2ccc3c(c2)NC(=O)/C3=C\c2[nH]cc(C)c2CCC(=O)O)c1,6.1686
COc1ccc2c(c1)NC(=O)/C2=C\c1[nH]cc(CCC(=O)O)c1C,5.8952
Cc1[nH]c(/C=C2\C(=O)Nc3ccc(C(=O)O)cc32)c(C)c1CCC(=O)O,7.1549
COc1ccc(-c2ccc3c(c2)NC(=O)/C3=C\c2[nH]cc(CCC(=O)O)c2C)cc1,6.0458
Cc1c(CCC(=O)O)c[nH]c1/C=C1\C(=O)Nc2cc(-c3ccccc3)ccc21,6.3072
Cc1c(CCC(=O)O)c[nH]c1/C=C1\C(=O)Nc2ccccc21,6.0338
COc1ccc2c(c1)NC(=O)/C2=C\c1[nH]c(C)c(CCC(=O)O)c1C,5.6277
COc1ccc(-c2ccc3c(c2)NC(=O)/C3=C\c2[nH]c(C)c(CCC(=O)O)c2C)cc1,5.8304
COc1cccc(-c2ccc3c(c2)NC(=O)/C3=C\c2[nH]c(C)c(CCC(=O)O)c2C)c1,6.2636
Cc1[nH]c(/C=C2\C(=O)Nc3cc(-c4ccccc4)ccc32)c(C)c1CCC(=O)O,5.9269
Cc1c[nH]c(/C=C2\C(=O)Nc3ccc(Br)cc32)c1CCC(=O)O,6.9269
Cc1[nH]c(/C=C2\C(=O)Nc3ccc(S(N)(=O)=O)cc32)c(C)c1CCC(=O)O,5.1341
COc1ccccc1-c1ccc2c(c1)NC(=O)/C2=C\c1[nH]cc(CCC(=O)O)c1C,6.6153
Cc1cc(C)cc(Nc2nccc(-n3ccnc3-c3cccnc3)n2)c1,5.6216
CC(=O)N1CCN(Cc2cc(C)cc(Nc3nccc(-n4ccnc4-c4ccccc4)n3)c2)CC1,7.4949
Cc1cc(C)cc(Nc2nccc(-n3ccnc3-c3ccccc3)n2)c1,8.2218
Cc1cc(CO)cc(Nc2nccc(-n3ccnc3-c3ccccc3)n2)c1,8.0458
COc1ccc(Nc2nccc(-n3ccnc3-c3ccccc3)n2)cc1,6.4067
Cc1cc(C)cc(Nc2nccc(-n3ccnc3-c3ccc[n+]([O-])c3)n2)c1,5.8508
Clc1cc(Cl)cc(Nc2nccc(-n3ccnc3-c3ccccc3)n2)c1,7.5850
Cc1cc(C)cc(Nc2nccc(-n3ccnc3Cl)n2)c1,7.2218
Cc1ccccc1Nc1nccc(-n2ccnc2-c2ccccc2)n1,5.5114
c1ccc(-c2nccn2-c2ccnc(Nc3ccccn3)n2)cc1,5.1656
c1ccc(-c2nccn2-c2ccnc(Nc3cccnc3)n2)cc1,6.4685
[O-][n+]1cccc(Nc2nccc(-n3ccnc3-c3ccccc3)n2)c1,5.4473
Cc1ccc(Nc2nccc(-n3ccnc3-c3ccccc3)n2)cc1,6.5544
Cc1cc(C)cc(Nc2nccc(-n3cc(C)nc3-c3ccccc3)n2)c1,6.3468
Cc1cccc(Nc2nccc(-n3ccnc3-c3ccccc3)n2)c1,7.7447
Cc1cc(C)cc(Nc2nccc(-n3ccnc3C3CC3)n2)c1,5.7282
Cc1cc(Nc2nccc(-n3ccnc3-c3ccccc3)n2)cc(C(F)(F)F)c1,8.3010
Cc1cc(C)cc(Nc2cc(-n3ccnc3-c3ccccc3)ncn2)c1,5.7428
COc1cccc(Nc2nccc(-n3ccnc3-c3ccccc3)n2)c1,7.6990
Clc1cccc(Nc2nccc(-n3ccnc3-c3ccccc3)n2)c1,7.6021
Cc1cc(C)cc(Nc2nccc(-n3ccnc3C#N)n2)c1,6.6345
COc1cc(Nc2nccc(-n3ccnc3-c3ccccc3)n2)cc(OC)c1,8.3010
Cc1cc(Nc2nccc(-n3ccnc3-c3ccccc3)n2)ccn1,6.5583
COc1ccccc1Nc1nccc(-n2ccnc2-c2ccccc2)n1,6.5391
c1ccc(-c2nccn2-c2ccnc(Nc3ccncc3)n2)cc1,6.5638
Cc1cc(C)cc(Nc2nccc(-n3ccnc3-c3ccccn3)n2)c1,5.7932
Cc1cc(C)cc(Nc2nccc(-n3ccnc3C)n2)c1,6.1163
Cc1cc(C)cc(Nc2nccc(-n3ccnc3N)n2)c1,5.3747
FC(F)(F)c1cc(Nc2nccc(-n3ccnc3-c3ccccc3)n2)cc(C(F)(F)F)c1,7.1135
FC(F)(F)c1cccc(Nc2nccc(-n3ccnc3-c3ccccc3)n2)c1,8.0000
Cc1cc(C)cc(Nc2nccc(-n3ccnc3-c3cccc(F)c3)n2)c1,7.3468
COc1cc(Nc2nccc(-n3ccnc3-c3ccccc3)n2)cc(C(F)(F)F)c1,4.7212
Cc1cc(C)cc(Nc2cc(-n3ccnc3-c3ccccc3)ccn2)c1,6.0496
c1ccc(Nc2nccc(-n3ccnc3-c3ccccc3)n2)cc1,6.9788
Cc1cc(Nc2nccc(-n3ccnc3-c3ccccc3)n2)cc(C)n1,6.8697
Cc1cc(C)cc(Nc2nccc(-n3ccnc3-c3cncnc3)n2)c1,6.8268
COc1cc2c(Oc3ccc(Nc4ccc(C(C)(C)C)cc4)cc3)ccnc2cc1OCCNCCO,7.1210
CC1=CCC[C@H]2[C@](C)(CC3=C(O)C(O)=C/C(=N\[C@@H](CO)C(=O)O)C3=O)[C@H](C)CC[C@]12C,4.6990
COC1=CC(=O)C(N[C@@H](CO)C(=O)O)=CC1=O,5.0969
CNS(=O)(=O)c1ccc2c(c1)/C(=C/c1[nH]c3c(c1CCCN1CCN(C)CC1)CCCC3)C(=O)N2,6.5229
CCOC(=O)CN1CCN(CCCc2c(/C=C3\C(=O)Nc4ccc(S(=O)(=O)NC)cc43)[nH]c3c2CCCC3)CC1,6.3010
CNS(=O)(=O)c1ccc2c(c1)/C(=C/c1[nH]c3c(c1CCCN1CCN(CCO)CC1)CCCC3)C(=O)N2,6.3979
Nc1ncnc2c1c(-c1ccccc1)cn2-c1cccc(CNCCO)c1,5.4437
CNS(=O)(=O)c1ccc2c(c1)/C(=C/c1[nH]c3c(c1CCC(N)=O)CCCC3)C(=O)N2,6.3010
Nc1ncnc2c1c(-c1ccccc1)cn2-c1ccc(CO)cc1,6.2218
Cc1[nH]c(/C=C2\C(=O)Nc3ccccc32)c(C)c1CCCN1CCN(C)CC1,6.5229
Cc1[nH]c(/C=C2\C(=O)Nc3ccc(F)cc32)c(C)c1C(=O)NCCN1CCOCC1,7.0458
COc1ccc(-c2cn(-c3ccccc3)c3ncnc(N)c23)cc1,6.6990
CCN(CC)CCNC(=O)c1c(C)[nH]c(/C=C2\C(=O)Nc3ccc(Cl)cc32)c1C,7.5686
CCS(=O)(=O)c1ccc2c(c1)/C(=C/c1[nH]c3c(c1CCCN(C)C)CCCC3)C(=O)N2,5.5686
Nc1ncnc2c1c(-c1cccc(Cl)c1)cn2-c1ccccc1,6.0000
Cc1[nH]c(/C=C2\C(=O)Nc3ccc(F)cc32)c(C)c1C(=O)NCCn1cncn1,7.0706
CNS(=O)(=O)c1ccc2c(c1)/C(=C/c1[nH]c3c(c1CCCN1CCN(CC(=O)O)CC1)CCCC3)C(=O)N2,6.3979
CCOC(=O)c1ccc(-c2cn(-c3ccccc3)c3ncnc(N)c23)cc1,5.9586
CCN(CC)CCNC(=O)c1c(C)[nH]c(/C=C2\C(=O)Nc3ccc(Br)cc32)c1C,7.4949
Cc1[nH]c(/C=C2\C(=O)Nc3ccc(F)cc32)c(C)c1C(=O)NCCN1CCCC1,7.2218
CNS(=O)(=O)c1ccc2c(c1)/C(=C/c1[nH]c3c(c1CCCN1CCC(O)CC1)CCCC3)C(=O)N2,5.1487
CNS(=O)(=O)c1ccc2c(c1)/C(=C/c1[nH]c3c(c1CCCN1CCOCC1)CCCC3)C(=O)N2,5.6383
CCS(=O)(=O)c1ccc2c(c1)/C(=C/c1[nH]c3c(c1CCCN1CCN(CC(=O)O)CC1)CCCC3)C(=O)N2,6.0969
CCS(=O)(=O)c1ccc2c(c1)/C(=C/c1[nH]c3c(c1CCCN1CCN(CCO)CC1)CCCC3)C(=O)N2,6.3979
CNS(=O)(=O)c1ccc2c(c1)/C(=C/c1[nH]c3c(c1CCCN(C)C)CCCC3)C(=O)N2,5.9586
CCS(=O)(=O)c1ccc2c(c1)/C(=C/c1[nH]c3c(c1CCCN1CCN(C)CC1)CCCC3)C(=O)N2,5.5850
Cc1[nH]c(/C=C2\C(=O)Nc3ccc(F)cc32)c(C)c1C(=O)NCC1CCN(C)CC1,7.6021
Cc1[nH]c(/C=C2\C(=O)Nc3ccc(F)cc32)c(C)c1C(=O)NCCN(C)C,6.7020
CNS(=O)(=O)c1ccc2c(c1)/C(=C/c1[nH]c3c(c1CN1CCOCC1)CCCC3)C(=O)N2,7.2218
CCN(CC)CCNC(=O)c1c(C)[nH]c(/C=C2\C(=O)Nc3ccccc32)c1C,7.3010
CCS(=O)(=O)c1ccc2c(c1)/C(=C/c1[nH]c3c(c1CCCN1CCC(O)CC1)CCCC3)C(=O)N2,6.3010
Nc1ncnc2c1c(-c1ccccc1)cn2-c1ccccc1,6.3010
CCS(=O)(=O)c1ccc2c(c1)/C(=C/c1[nH]c3c(c1CN1CCOCC1)CCCC3)C(=O)N2,7.0000
CCN(CC)CCNC(=O)c1c(C)[nH]c(/C=C2\C(=O)Nc3ccc(F)cc32)c1C,7.5229
CCS(=O)(=O)c1ccc2c(c1)/C(=C/c1[nH]c3c(c1CCC(N)=O)CCCC3)C(=O)N2,6.5229
c1cc(-c2cnn3cc(-c4ccc(OCCN5CCOCC5)cc4)cnc23)cs1,8.3979
c1ccc(-c2cnn3cc(-c4ccc(OCCN5CCOCC5)cc4)cnc23)cc1,7.7703
c1cc(OCCN2CCOCC2)cc(-c2cnc3c(-c4ccsc4)cnn3c2)c1,7.8539
CN[C@@H]1C[C@H]2O[C@@](C)([C@@H]1OC)n1c3ccccc3c3c4c(c5c6ccccc6n2c5c31)C(=O)NC4,7.9452
CN(C)CCCOc1ccc(-c2cnc3c(-c4ccsc4)cnn3c2)cc1,8.0000
c1cncc(-c2cnn3cc(-c4ccc(OCCN5CCCCC5)cc4)cnc23)c1,7.6990
CN1CCN(CCCn2ccc(-c3cnc4c(-c5ccccc5)cnn4c3)cc2=O)CC1,7.8861
CCN1CCOCCn2cc(c3ccccc32)C2=C(C(=O)NC2=O)c2cn(c3ccccc23)CCOCC1,5.8508
c1cc(-c2cnn3cc(-c4ccc(OCCN5CCCCC5)cc4)cnc23)cs1,8.4604
O=c1cc(-c2cnc3c(-c4ccccc4)cnn3c2)ccn1CCCN1CCCCC1,7.8539
COCCN(CCOc1ccc(-c2cnc3c(-c4ccsc4)cnn3c2)cc1)Cc1ccccc1,7.7212
c1cc(-c2cnn3cc(-c4ccc(OCCN5CCOCC5)cc4)cnc23)ccn1,7.6052
CN1CCN(CCCn2ccc(-c3cnc4c(-c5ccsc5)cnn4c3)cc2=O)CC1,8.1549
c1ccc(-c2ccn3c(-c4nccs4)cnc3c2)cc1,7.3768
CS(=O)(=O)N1CCN(Cc2ccc(-c3ccn4c(-c5ccccc5)cnc4c3)cc2)CC1,7.4223
NC(=O)N1CCN(Cc2ccc(-c3ccn4c(-c5ccccc5)cnc4c3)cc2)CC1,7.1612
CNC(=O)N1CCN(Cc2ccc(-c3ccn4c(-c5ccccc5)cnc4c3)cc2)CC1,6.8356
c1ccc(-c2ccn3c(-c4cnsc4)cnc3c2)cc1,7.3010
c1ccc(-c2ccn3c(-c4ccncc4)cnc3c2)cc1,6.8386
c1ccc(-c2ccn3c(-c4ccccc4)cnc3c2)cc1,7.0088
c1ccc(-c2ccn3c(-c4cccnc4)cnc3c2)cc1,6.0315
O=c1cc(-c2ccn3c(-c4ccccc4)cnc3c2)ccn1CCCO,6.9208
COc1ccc(-c2cnc3cc(-c4ccccc4)ccn23)cn1,5.5467
COc1cccc(-c2cnc3cc(-c4ccccc4)ccn23)n1,6.6162
CC(=O)N1CCN(Cc2ccc(-c3ccn4c(-c5ccccc5)cnc4c3)cc2)CC1,6.8182
COCCN(C)CCCn1ccc(-c2ccn3c(-c4ccccc4)cnc3c2)cc1=O,7.0177
O=c1cc(-c2ccn3c(-c4ccccc4)cnc3c2)ccn1CCCN1CCCCC1,7.4226
c1ccc(-c2ccn3c(-c4cncs4)cnc3c2)cc1,7.0044
CN(C)CC1CCCN(CCCn2ccc(-c3ccn4c(-c5ccccc5)cnc4c3)cc2=O)C1,6.8634
Cc1ccc2c(c1)c1c3c(c4c(c1n2CCCO)Cc1ccccc1-4)C(=O)NC3,6.7878
O=C1NCc2c1c1c(c3c2c2ccccc2n3CCCO)Cc2ccccc2-1,7.3188
CC[C@H](C)OCc1ccc2c(c1)c1c3c(c4c(c1n2CCCO)Cc1ccccc1-4)C(=O)NC3,7.7212
CC(C)SCc1ccc2c(c1)c1c3c(c4c(c1n2CCCO)Cc1ccccc1-4)C(=O)NC3,7.2441
CC(C)OCc1ccc2[nH]c3c4c(c5c(c3c2c1)CNC5=O)-c1ccccc1C4,7.2596
CC(C)OCc1ccc2c(c1)c1c3c(c4c(c1n2CCCOC(=O)CN(C)C)Cc1ccccc1-4)C(=O)NC3,7.7703
O=C1NCc2c3c(c4[nH]c5ccccc5c4c21)Cc1ccccc1-3,6.3830
CC(=O)c1ccc2c(c1)c1c3c(c4c(c1n2CCCO)Cc1ccccc1-4)C(=O)NC3,6.7282
CC(C)[S+]([O-])Cc1ccc2c(c1)c1c3c(c4c(c1n2CCCO)Cc1ccccc1-4)C(=O)NC3,6.5100
O=C1NCc2c1c1c(c3c2c2ccccc2n3CCO)Cc2ccccc2-1,6.9706
CC(C)OCc1ccc2c(c1)c1c3c(c4c(c1n2CCCO)Cc1ccccc1-4)C(=O)NC3,8.0969
CCSCc1ccc2c(c1)c1c3c(c4c(c1n2CCCO)Cc1ccccc1-4)C(=O)NC3,7.6778
CCOC(C)c1ccc2c(c1)c1c3c(c4c(c1n2CCCO)Cc1ccccc1-4)C(=O)NC3,7.0809
CCCCOC(C)c1ccc2c(c1)c1c3c(c4c(c1n2CCCO)Cc1ccccc1-4)C(=O)NC3,6.8861
CC(C)CCOCc1ccc2c(c1)c1c3c(c4c(c1n2CCCO)Cc1ccccc1-4)C(=O)NC3,6.5591
O=C1NCc2c1c1c(c3c2c2cc(CO)ccc2n3CCCO)Cc2ccccc2-1,6.6819
COC(C)c1ccc2c(c1)c1c3c(c4c(c1n2CCCO)Cc1ccccc1-4)C(=O)NC3,7.1367
CCOCc1ccc2c(c1)c1c3c(c4c(c1n2CCCO)Cc1ccccc1-4)C(=O)NC3,8.3979
CCC(CC)OCc1ccc2c(c1)c1c3c(c4c(c1n2CCCO)Cc1ccccc1-4)C(=O)NC3,7.4559
CCC(C)OCc1ccc2c(c1)c1c3c(c4c(c1n2CCCO)Cc1ccccc1-4)C(=O)NC3,7.9208
O=C1NCc2c1c1c(c3[nH]c4ccccc4c23)Cc2ccccc2-1,6.9586
CC(O)c1ccc2c(c1)c1c3c(c4c(c1n2CCCO)Cc1ccccc1-4)C(=O)NC3,6.9547
O=C1NCc2c1c1c(c3c2c2cc(Br)ccc2n3CCCO)Cc2ccccc2-1,6.9830
COCc1ccc2c(c1)c1c3c(c4c(c1n2CCCO)Cc1ccccc1-4)C(=O)NC3,7.7696
CC(C)OC(C)c1ccc2c(c1)c1c3c(c4c(c1n2CCCO)Cc1ccccc1-4)C(=O)NC3,6.3862
CCCOCc1ccc2c(c1)c1c3c(c4c(c1n2CCCO)Cc1ccccc1-4)C(=O)NC3,7.8861
CC[C@@H](C)OCc1ccc2c(c1)c1c3c(c4c(c1n2CCCO)Cc1ccccc1-4)C(=O)NC3,7.9208
CCCCOCc1ccc2c(c1)c1c3c(c4c(c1n2CCCO)Cc1ccccc1-4)C(=O)NC3,7.7447
O=Cc1ccc2c(c1)c1c3c(c4c(c1n2CCCO)Cc1ccccc1-4)C(=O)NC3,6.9788
CC(C)(C)OCc1ccc2c(c1)c1c3c(c4c(c1n2CCCO)Cc1ccccc1-4)C(=O)NC3,7.9586
O=C(Nc1ccc(Cl)cc1)c1ccccc1NCc1ccncc1,7.6990
Clc1ccc(Nc2nnc(Cc3ccncc3)c3ccccc23)cc1,7.3665
O=C(Nc1ccccc1F)c1ccccc1NCc1ccc(F)cc1,5.4318
COCCOc1cc2nccc(Nc3ccc(Cl)cc3F)c2cc1OC,8.0000
COc1cc2ncnc(Nc3cccc(O)c3)c2cc1OC,7.3010
COc1cc2c(Nc3ccc(Cl)cc3F)ncnc2cc1OCc1ccncc1,7.2218
COc1cc2ncnc(Nc3ccc(Cl)cc3F)c2cc1OC,6.4120
COCCOc1cc2ncnc(Nc3ccc(Cl)cc3F)c2cc1OCCOC,7.2218
COc1cc2ncnc(Nc3ccccc3F)c2cc1OC,5.5686
COCC(=O)Nc1cc2ncnc(Nc3cc(O)c(C)cc3F)c2cc1OC,6.5229
COc1cc2ncnc(Nc3ccc(F)cc3F)c2cc1OC,5.5376
COCCOc1ccc2c(Nc3ccc(Cl)cc3F)ncnc2c1,6.8239
COc1cc2c(Nc3c(F)cc(Br)cc3F)ncnc2cc1OCCn1ccnn1,7.3979
COc1cc2c(Nc3ccc(Cl)cc3F)ncnc2cc1OCCOCCN1CCOCC1,7.2218
COCCOc1cc2nncc(Nc3cc(O)c(Cl)cc3F)c2cc1OC,8.3979
COc1cc2c(Nc3ccc(Cl)cc3F)ncnc2cc1OCCn1ccnc1,7.3979
COCCOc1cc2nncc(Nc3ccc(Cl)cc3F)c2cc1OC,5.9586
COc1cc2ncnc(Nc3ccc(Cl)cc3)c2cc1OC,6.0969
COc1cc2c(Nc3ccc(Cl)cc3F)ncnc2cc1OCCn1ccnn1,8.0000
COc1cc2c(Nc3ccc(C#N)cc3F)ncnc2cc1OCCn1ccnn1,6.5229
COc1cc2ncnc(Nc3ccc(F)c(Cl)c3)c2cc1OC,5.2757
COc1cc2c(Nc3ccc(Cl)cc3F)ncnc2cc1OCCn1cncn1,7.0000
COc1cc2ncnc(Nc3cc(O)c(C)cc3F)c2cc1OC,8.5806
COc1cc2c(Nc3ccc(Cl)cc3F)ncnc2cc1OCCN1CCCC1,7.3979
COc1cc2c(Nc3ccc(Cl)cc3F)ncnc2cc1OCc1ccsc1,8.0969
COc1cc2c(Nc3ccc(Cl)cc3F)ncnc2cc1OCCCCN1CCOCC1,7.3979
Clc1ccc(Oc2nnc(Cc3ccncc3)c3ccccc23)cc1,5.7959
Clc1ccc(Nc2nnc(NCc3ccncc3)c3ccccc23)cc1,5.3279
COc1cc2c(Nc3c(Cl)ccc4c3OCO4)ncnc2cc1OCCCN1CCOCC1,4.7688
COc1cc2c(Nc3cccc4occc34)ncnc2cc1OCCCN1CCOCC1,6.6021
COc1cc2c(Nc3c(Cl)ccc4c3OCO4)ncnc2cc1OCc1ccnc(C#N)c1,4.1135
COc1cc2c(Nc3c(Br)ccc4c3OCO4)ncnc2cc1OCCCN1CCOCC1,4.3702
COc1cc2c(Nc3c(Cl)ccc4ccoc34)ncnc2cc1OCCCN1CCOCC1,5.8601
Clc1ccc2c(c1Nc1ncnc3cc(OCCCN4CCOCC4)ccc13)OCO2,4.0393
Cc1cccc(Nc2nnc(Cc3ccncc3)c3ccccc23)c1,7.0969
COc1cc2c(Nc3cccc4c(Cl)coc34)ncnc2cc1OCCCN1CCOCC1,7.0000
COc1cc2c(Nc3cccc4c(Cl)c[nH]c34)ncnc2cc1OCCCN1CCOCC1,5.6345
COc1cc2ncnc(Nc3c(Cl)ccc4c3OCO4)c2cc1OCCCN1CCOCC1,4.1318
O=C(Nc1cccc(C(F)(F)F)c1)c1ccccc1NCc1ccncc1,7.5017
COc1cc2c(Nc3c(Cl)ccc4c3OCO4)ncnc2cc1OCCCN1CCCCC1,5.6635
Clc1ccc(Sc2nnc(Cc3ccncc3)c3ccccc23)cc1,5.8861
COc1cc2c(Nc3cccc4ccoc34)ncnc2cc1OCCCN1CCOCC1,6.3872
FC(F)(F)c1cc(Nc2nnc(Cc3ccncc3)c3ccccc23)ccc1Cl,6.5229
COc1cc2c(Nc3c(Cl)ccc4occc34)ncnc2cc1OCCCN1CCOCC1,5.9101
COc1cc2c(Nc3cccc4c3OCO4)ncnc2cc1OCCCN1CCOCC1,5.3045
Clc1ccc(Nc2nnc(Cc3ccncc3)c3ccncc23)cc1,5.8539
c1ccc(-c2ccc(Nc3nnc(Cc4ccncc4)c4ccccc34)cc2)cc1,6.6990
Cc1c(Cc2ccncc2)nnc(Nc2ccc(Cl)cc2)c1C,6.0605
COc1cc(Nc2nnc(Cc3ccncc3)c3ccccc23)ccc1Cl,6.8539
CC(c1ccncc1)c1nnc(Nc2ccc(Cl)cc2)c2ccccc12,6.6778
Nc1ccc2c(Cc3ccncc3)nnc(Nc3ccc(Cl)cc3)c2c1,5.9783
Oc1cccc(Nc2nnc(Cc3ccncc3)c3ccccc23)c1,6.1739
COc1ccc(Cl)c(Nc2ncnc3cc(OCCCN4CCOCC4)c(OC)cc23)c1,5.9281
Clc1ccc(Nc2nnc(Cc3ccncc3)c3ccccc23)cc1.O=C(O)CCC(=O)O,7.4318
CN(c1ccc(Cl)cc1)c1nnc(Cc2ccncc2)c2ccccc12,5.4559
c1ccc(Nc2nnc(Cc3ccncc3)c3ccccc23)cc1,6.0223
Clc1ccc(Nc2nnc(Cc3ccncn3)c3ccccc23)cc1,6.3872
FC(F)(F)c1cc(Br)cc(Nc2nnc(Cc3ccncc3)c3ccccc23)c1,6.4202
Fc1cc(Nc2nnc(Cc3ccncc3)c3ccccc23)cc(C(F)(F)F)c1,6.6990
Clc1ccc(Nc2nnc(Cc3ccncc3)c3ccccc23)cc1Cl,7.5229
COc1ccc(Cl)c(Nc2ncnc3cc(OCN4CCN(C)CC4)c(OC)cc23)c1,6.1739
COc1cc2c(Nc3cccc4c3ccn4C)ncnc2cc1OCCCN1CCOCC1,6.3768
Clc1ccc(Nc2nnc(Cc3ccncc3)c3cnccc23)cc1,6.2147
COc1cccc(Nc2ncnc3cc(OCCCN4CCOCC4)c(OC)cc23)c1,5.9547
COc1cc2c(Nc3c(F)ccc4c3OCO4)ncnc2cc1OCCCN1CCOCC1,5.0883
Cc1ccc2c(Cc3ccncc3)nnc(Nc3ccc(Cl)cc3)c2c1,5.3279
CC(C)(C)c1ccc(Nc2nnc(Cc3ccncc3)c3ccccc23)cc1,6.6778
COc1cc2c(Nc3c(Cl)ccc4c3OCO4)ncnc2cc1OCC1CCN(C)CC1,4.8069
Clc1ccc(Nc2nnc(Cc3ccncc3)c3ncccc23)cc1,6.7529
Cc1cc(C)cc(Nc2nnc(Cc3ccncc3)c3ccccc23)c1,7.3979
Cc1cc(Cc2nnc(Nc3ccc(Cl)cc3)c3ccccc23)ccn1,6.6198
COc1cccc(Nc2nnc(Cc3ccncc3)c3ccccc23)c1,6.6198
O=C(Nc1cccc(-c2cncc3ccccc23)c1)c1ccccc1NCc1ccncc1,8.4906
c1ccc2c(c1)c(-c1cncc(-c3ccsc3)c1)cn2CCN1CCCCC1,6.9547
CN(C)CCn1cc(-c2cncc(-c3ccsc3)c2)c2ccccc21,6.9393
CC(CN(C)C)Cn1cc(-c2cncc(-c3ccsc3)c2)c2ccccc21,7.3372
C[C@H](Nc1cc(-c2sc(C3CCN(C)CC3)nc2-c2ccc(F)cc2)ccn1)c1ccccc1,5.7696
CC(=O)Nc1oc(-c2cncc(-c3ccsc3)c2)nc1-c1ccccc1,6.7305
CC(=O)Nc1oc(-c2cc3ccccc3cc2O)nc1-c1ccccc1,7.7959
OC1(c2nc(-c3ccc(F)cc3)c(-c3ccnc(NC4CCCCC4)c3)o2)CCNCC1,5.8539
CC(=O)Nc1oc(-c2cncc(-c3cccc(F)c3)c2)nc1-c1ccccc1,5.2441
COc1ccc(-c2cncc(-c3nc(-c4ccccc4)c(NC(C)=O)o3)c2)cc1,5.3936
COc1cccc(-c2cncc(-c3nc(-c4ccccc4)c(NC(C)=O)o3)c2)c1,5.3134
c1ccc2c(c1)c(-c1cncc(-c3ccsc3)c1)cn2CCN1CCOCC1,7.2218
c1ccc2c(c1)c(-c1cncc(-c3ccsc3)c1)cn2CCCN1CCCCC1,7.4202
CN(C)CCCn1cc(-c2cncc(-c3ccsc3)c2)c2ccccc21,7.1938
CN1CCN([C@H]2CC[C@@H](n3cc(-c4ccc(Oc5ccccc5)cc4)c4c(N)ncnc43)CC2)CC1,5.9245
CC(=O)Nc1oc(-c2cncc(-c3ccccc3)c2)nc1-c1ccccc1,6.2403
CN1CCN(CCCn2cc(-c3cncc(-c4ccsc4)c3)c3ccccc32)CC1,7.7959
CC(=O)Nc1oc(-c2cncc(-c3cccc(Cl)c3)c2)nc1-c1ccccc1,5.0799
c1ccc2c(-c3cncc(-c4ccsc4)c3)c[nH]c2c1,6.8996
COc1cc2ncnc(N3CCN(/C(S)=N\Cc4ccc5c(c4)OCO5)CC3)c2cc1OC,4.7620
OCCCNc1cncc(-c2cncc(Nc3cccc(Cl)c3)n2)c1,7.0757
OCCCNc1cncc(-c2cncc(Nc3cccc(Cl)c3)n2)n1,6.3036
OCCCNc1cc(-c2cncc(Nc3cccc(Cl)c3)n2)ccn1,6.3010
OCCCNc1cnccc1-c1cncc(Nc2cccc(Cl)c2)n1,6.1186
OCCCNc1ncc(-c2cncc(Nc3cccc(Cl)c3)n2)s1,6.1500
OCCCNc1ncc(-c2cncc(Nc3cccc(Cl)c3)n2)o1,5.6757
CN(Cc1ccccc1)c1nc(O)nc(Nc2ccc3scnc3c2)n1,6.0573
CC(C)(Nc1nc(Cl)nc(Nc2ccc3ncsc3c2)n1)c1ccccc1,5.6131
CC(C)(Nc1nc(NO)nc(Nc2ccc3ncsc3c2)n1)c1ccccc1,6.7368
COc1nc(Nc2ccc3ncsc3c2)nc(NC(C)(C)c2ccccc2)n1,5.2147
CC(C)(Nc1nc(O)nc(Nc2ccc3ncsc3c2)n1)c1ccccc1,6.9269
Oc1nc(NCc2ccccc2)nc(Nc2ccc3ncsc3c2)n1,5.6990
CCN(Cc1ccccc1)c1nc(O)nc(Nc2ccc3ncsc3c2)n1,6.7658
CC(C)N(Cc1ccccc1)c1nc(O)nc(Nc2ccc3ncsc3c2)n1,7.1488
CN(c1ccc2ncsc2c1)c1nc(O)nc(NC(C)(C)c2ccccc2)n1,5.4001
CC(C)(Nc1nc(O)nc(Nc2ccc3[nH]cnc3c2)n1)c1ccccc1,6.6198
COc1ccc(Nc2ncc(-c3ccccc3)o2)cc1OC.Cl,6.8539
COc1cc(Nc2ncc(-c3ccccc3)o2)cc(OC)c1,6.7696
COc1cc(Nc2ncc(-c3ccccc3)o2)cc(OC)c1OC,7.0000
CCN(CC)S(=O)(=O)c1ccc(OC)c(Nc2ncc(-c3ccccc3)o2)c1,7.6383
CCS(=O)(=O)c1ccc(OC)c(Nc2ncc(-c3ccccc3)o2)c1,7.3010
CCS(=O)(=O)c1ccc(OC)c(Nc2ncc(-c3ccccc3Cl)o2)c1,6.4437
CCS(=O)(=O)c1ccc(OC)c(Nc2ncc(-c3cccc(Cl)c3)o2)c1,7.6576
CCS(=O)(=O)c1ccc(OC)c(Nc2ncc(-c3cccc(C#N)c3)o2)c1,6.8508
CCS(=O)(=O)c1ccc(OC)c(Nc2ncc(-c3cccc(OC)c3)o2)c1,6.4437
CCS(=O)(=O)c1ccc(OC)c(Nc2ncc(-c3cccc(F)c3)o2)c1,7.0315
COc1ccc(NC(=O)Nc2ccc(Oc3ccnc4cc(OC)c(OC)cc34)cc2)cc1,8.9586
COc1ccc(NC(=O)Nc2ccc(Oc3ncnc4cc(OC)c(OC)cc34)cc2)cc1,7.1549
COc1ccc(NC(=O)Nc2ccc(Sc3ccnc4cc(OC)c(OC)cc34)cc2)cc1,8.2291
COc1cc2nccc(Oc3ccc(NC(=O)Nc4ccc(F)cc4)cc3)c2cc1OC,9.3979
COc1cc2nccc(Oc3ccc(NC(NC#N)Nc4ccc(F)cc4)cc3)c2cc1OC,7.2596
COc1cc2nccc(Oc3ccc(NC(=O)Nc4ccccc4)cc3)c2cc1OC,9.6990
COc1ccccc1NC(=O)Nc1ccc(Oc2ccnc3cc(OC)c(OC)cc23)cc1,9.6990
COc1cc2nccc(Oc3ccc(NC(=O)Nc4ccccc4C)cc3)c2cc1OC,8.6383
COc1cc2nccc(Oc3ccc(NC(=O)Nc4cccc(C)c4)cc3)c2cc1OC,9.6990
COc1cc2nccc(Oc3ccc(NC(=O)Nc4ccc(C)cc4)cc3)c2cc1OC,9.3010
COc1cc2nccc(Oc3ccc(NC(=O)Nc4ccccc4[N+](=O)[O-])cc3)c2cc1OC,7.7212
COc1cc2nccc(Oc3ccc(NC(=O)Nc4cccc([N+](=O)[O-])c4)cc3)c2cc1OC,8.9586
COc1cc2nccc(Oc3ccc(NC(=O)Nc4ccc([N+](=O)[O-])cc4)cc3)c2cc1OC,8.2518
COc1cc2nccc(Oc3ccc(NC(=O)Nc4ccccc4F)cc3)c2cc1OC,9.3010
COc1cc2nccc(Oc3ccc(NC(=O)Nc4cccc(F)c4)cc3)c2cc1OC,8.9208
COc1cc2nccc(Oc3ccc(NC(=O)Nc4cccc(Cl)c4)cc3)c2cc1OC,8.7959
COc1cc2nccc(Oc3ccc(NC(=O)Nc4ccc(Cl)cc4)cc3)c2cc1OC,9.6990
COc1cc2nccc(Oc3ccc(NC(=O)Nc4cccc(F)c4F)cc3)c2cc1OC,9.1549
COc1cc2nccc(Oc3ccc(NC(=O)Nc4ccc(F)cc4F)cc3)c2cc1OC,9.1549
COc1cc2nccc(Oc3ccc(NC(=O)Nc4cc(F)ccc4F)cc3)c2cc1OC,9.3979
COc1cc2nccc(Oc3ccc(NC(=O)Nc4c(F)cccc4F)cc3)c2cc1OC,8.7447
COc1cc2nccc(Oc3ccc(NC(=O)Nc4ccc(F)c(F)c4)cc3)c2cc1OC,8.9586
COc1cc2nccc(Oc3ccc(NC(=O)Nc4cc(F)cc(F)c4)cc3)c2cc1OC,8.7447
COc1cc2nccc(Oc3ccc(NC(=O)Nc4cccc(Cl)c4Cl)cc3)c2cc1OC,7.5686
COc1cc2nccc(Oc3ccc(NC(=O)Nc4ccc(Cl)cc4Cl)cc3)c2cc1OC,8.2518
COc1cc2nccc(Oc3ccc(NC(=O)Nc4cc(Cl)ccc4Cl)cc3)c2cc1OC,8.2218
COc1cc2nccc(Oc3ccc(NC(=O)Nc4c(Cl)cccc4Cl)cc3)c2cc1OC,7.4318
COc1cc2nccc(Oc3ccc(NC(=O)Nc4ccc(Cl)c(Cl)c4)cc3)c2cc1OC,8.4318
COc1cc2nccc(Oc3ccc(NC(=O)Nc4cc(Cl)cc(Cl)c4)cc3)c2cc1OC,8.0506
COc1cc2nccc(Oc3ccc(NC(=O)Nc4ccc(F)cc4F)c(F)c3)c2cc1OC,8.3979
COc1cc2nccc(Oc3ccc(NC(=O)Nc4ccc(F)cc4F)c(Cl)c3)c2cc1OC,9.3979
COc1cc2nccc(Oc3ccc(NC(=O)Nc4ccc(F)cc4F)cc3Cl)c2cc1OC,8.5850
COC(=O)c1cn2ncnc(Nc3cccc(O)c3)c2c1C,7.2147
COC(=O)c1cn2ncnc(Nc3ccc(C)c(O)c3)c2c1C,8.0000
CCc1ccc(Nc2ncnn3cc(C(=O)OC)c(C)c23)cc1O,7.2596
CCCc1ccc(Nc2ncnn3cc(C(=O)OC)c(C)c23)cc1O,6.7212
COC(=O)c1cn2ncnc(Nc3ccc(C(C)C)c(O)c3)c2c1C,6.4202
COC(=O)c1cn2ncnc(Nc3ccc(C(F)(F)F)c(O)c3)c2c1C,6.4318
COC(=O)c1cn2ncnc(Nc3ccc(Br)c(O)c3)c2c1C,7.4815
CCCc1c(C(=O)OCC)cn2ncnc(Nc3ccc(C)c(O)c3)c12,8.5229
CCOC(=O)c1cn2ncnc(Nc3ccc(C)c(O)c3)c2c1OCC,7.1938
CCOC(=O)c1cn2ncnc(Nc3ccc(C)c(O)c3)c2c1C(C)C,7.8539
COC(=O)c1cn2ncnc(Nc3ccc(C)c(O)c3)c2c1C(C)(C)C,6.5086
Cc1ccc(Nc2ncnn3cc(C(=O)NCCCN4CCCC4)c(C)c23)cc1O,7.3979
CCCc1c(C(=O)NCCCN2CCCC2)cn2ncnc(Nc3ccc(C)c(O)c3)c12,7.0458
Cc1ccc(Nc2ncnn3cc(C(=O)NCCCN4CCCC4)c(C(C)C)c23)cc1O,7.7447
COCCCNC(=O)c1cn2ncnc(Nc3ccc(C)c(O)c3)c2c1C,6.8239
Cc1ccc(Nc2ncnn3cc(C(=O)NCCCn4nccn4)c(C)c23)cc1O,7.5229
Cc1ccc(Nc2ncnn3cc(NC(=O)OCCCn4nccn4)c(C(C)C)c23)cc1O,8.1549
Cc1ccc(Nc2ncnn3cc(NC(=O)OCCCN4CCCCC4)c(C(C)C)c23)cc1O,8.3010
Cc1ccc(Nc2ncnn3cc(OCCCN4CCCCC4)c(C(C)C)c23)cc1O,8.3979
Cc1ccc(Nc2ncnn3cc(C(=O)NCCCN4CCOCC4)c(C)c23)cc1O,7.2840
Cc1ccc(Nc2ncnn3cc(NC(=O)NCCCN4CCCCC4)c(C(C)C)c23)cc1O,8.3010
COc1ccc(-c2cc3c(NC(=O)C4CC4)ncnc3o2)cc1,5.4498
COc1ccc(-c2cc3c(NC(=O)C4CCCC4)ncnc3o2)cc1,5.9914
COc1ccc(-c2cc3c(NC(=O)N4CCCC4)ncnc3o2)cc1,4.9101
COc1ccc(-c2cc3c(NC(=O)c4cccc(F)c4)ncnc3o2)cc1,4.6596
O=C(Nc1ncnc2oc(-c3ccccc3)cc12)C1CC1,6.0809
O=C(Nc1ncnc2oc(-c3ccc(Cl)cc3)cc12)C1CC1,5.6904
Cc1ccc(-c2cc3c(NC(=O)C4CC4)ncnc3o2)cc1,6.2007
O=C(Nc1ncnc2oc(-c3ccc(F)cc3)cc12)C1CC1,5.6904
O=C(Nc1ncnc2oc(-c3cccnc3)cc12)C1CC1,5.4895
O=C(Nc1ccccc1)Nc1ccc(-c2cccc3c2CNC3=O)cc1,5.7447
Cc1cccc(NC(=O)Nc2ccc(-c3cccc4c3CNC4=O)cc2)c1,7.0088
Cc1cccc(NC(=O)N(C)c2ccc(-c3cccc4c3CNC4=O)cc2)c1,5.9586
Cc1cccc(N(C)C(=O)Nc2ccc(-c3cccc4c3CNC4=O)cc2)c1,4.7212
Cc1cccc(N/C(S)=N\c2ccc(-c3cccc4c3CNC4=O)cc2)c1,5.0000
Cc1ccccc1NC(=O)Nc1ccc(-c2cccc3c2CNC3=O)cc1,5.3565
Cc1ccc(NC(=O)Nc2ccc(-c3cccc4c3CNC4=O)cc2)cc1,6.3665
O=C(Nc1ccc(-c2cccc3c2CNC3=O)cc1)Nc1cccc(C(F)(F)F)c1,8.1549
O=C(Nc1ccc(-c2cccc3c2CNC3=O)cc1)Nc1ccc(C(F)(F)F)cc1,6.7932
O=C(Nc1ccc(-c2cccc3c2CNC3=O)cc1)Nc1cccc(Cl)c1,7.3372
CCc1cccc(NC(=O)Nc2ccc(-c3cccc4c3CNC4=O)cc2)c1,7.5376
O=C(Nc1ccc(-c2cccc3c2CNC3=O)cc1)Nc1cccc(F)c1,6.2840
COc1cccc(NC(=O)Nc2ccc(-c3cccc4c3CNC4=O)cc2)c1,6.2441
N#Cc1cccc(NC(=O)Nc2ccc(-c3cccc4c3CNC4=O)cc2)c1,6.4318
Cc1ccc(NC(=O)Nc2ccc(-c3cccc4c3CNC4=O)cc2)cc1C,7.3010
Cc1cc(C)cc(NC(=O)Nc2ccc(-c3cccc4c3CNC4=O)cc2)c1,7.0809
O=C(Nc1ccc(-c2cccc3c2CNC3=O)cc1)Nc1ccc2c(c1)CCC2,7.4089
O=C(Nc1ccc(-c2cccc3c2CNC3=O)cc1)Nc1cc(C(F)(F)F)ccc1F,7.6383
Cc1cccc(NC(=O)Nc2ccc(-c3cccc4c3CNC4=O)c(F)c2)c1,7.2840
Cc1cccc(NC(=O)Nc2ccc(-c3cccc4c3CNC4=O)cc2F)c1,7.3565
Cc1cccc(NC(=O)Nc2ccc(-c3cccc4c3CNC4=O)c(C)c2)c1,6.1135
Cc1cccc(NC(=O)Nc2ccc(-c3cccc4c3CNC4=O)cc2C)c1,8.0106
Cc1cccc(NC(=O)Nc2ccc(-c3cccc4c3CNC4=O)c(C(F)(F)F)c2)c1,5.0458
Cc1cccc(NC(=O)Nc2ccc(-c3cccc4c3CNC4=O)cc2C(F)(F)F)c1,7.4685
Cc1cccc(NC(=O)Nc2ccc(-c3cccc4c3CNC4=O)c(Cl)c2)c1,7.1487
Cc1cccc(NC(=O)Nc2ccc(-c3cccc4c3CNC4=O)cc2Cl)c1,7.5229
CCc1cc(-c2cccc3c2CNC3=O)ccc1NC(=O)Nc1cccc(C)c1,5.2218
Cc1cccc(NC(=O)Nc2ccc(-c3ccc(N)c4c3CNC4=O)cc2)c1,7.8539
Cc1cccc(NC(=O)Cc2ccc(-c3cccc4c3CNC4=O)cc2)c1,5.6778
CC(=O)Nc1ccc(-c2ccc(NC(=O)Nc3cccc(C)c3)cc2)c2c1C(=O)NC2,7.1938
Cc1cccc(NC(=O)Nc2ccc(-c3ccc(NC(=O)c4ccccc4)c4c3CNC4=O)cc2)c1,6.3279
Cc1cccc(NC(=O)Nc2ccc(-c3ccc(NC(=O)c4cccnc4)c4c3CNC4=O)cc2)c1,8.0000
Cc1cccc(NC(=O)Nc2ccc(-c3ccc(NC(=O)CN(C)C)c4c3CNC4=O)cc2)c1,6.4559
COc1ccc(-c2ccc(NC(=O)Nc3cccc(C)c3)cc2)c2c1C(=O)NC2,7.6778
COCCOc1ccc(-c2ccc(NC(=O)Nc3cccc(C)c3)cc2)c2c1C(=O)NC2,6.8996
CN[C@@H]1CC2O[C@@](C)([C@@H]1OC)n1c3ccccc3c3c4c(c5c6ccccc6n2c5c31)C(=O)NC4,6.9393
CC(C)OCc1ccc2c(c1)c1c3c(c4c(c1n2CCCCC(=O)N(C)C)Cc1ccccc1-4)C(=O)NC3,7.7447
O=C1NN=C(c2cnccn2)/C1=C/c1cc2ccccc2[nH]1,5.3925
Cn1cc(/C=C2\C(=O)NN=C2c2cnccn2)c2ccccc21,7.0000
Cc1c(/C=C2\C(=O)NN=C2c2cnccn2)[nH]c2ccccc12,7.0379
O=C1NN=C(c2cnccn2)/C1=C/c1[nH]c2ccccc2c1-c1ccccc1,7.0134
CCN(CC)CCc1c(C)[nH]c(/C=C2\C(=O)NN=C2c2cnccn2)c1C,6.8873
CCN(CC)CCc1c(C)[nH]c(/C=C2\C(=O)NN=C2C2CC2)c1C,5.8389
O=C1Nc2ccccc2S/C1=C\c1c[nH]c2cc(OCCN3CCOCC3)ccc12,6.6667
O=C1Nc2ccccc2S/C1=C\c1c[nH]c2c(C(=O)N3CCC(N4CCCCC4)CC3)cccc12,6.4561
Cc1ccc(Nc2ncnn3cccc23)cc1O,6.0670
Cc1ccc(Nc2ncnn3ccc(C)c23)cc1O,6.8414
Cc1cc2c(Nc3ccc(C)c(O)c3)ncnn2c1,6.2912
Cc1ccc(Nc2ncnn3cc(C)c(C)c23)cc1O,7.1990
CN(C)CCNC(=O)Nc1ccc(N(C)c2ccnc(Nc3ccc(CS(C)(=O)=O)cc3)n2)cc1,5.5067
CN(c1ccc(NC(=O)Nc2ccccc2)cc1)c1ccnc(Nc2cccc(CS(C)(=O)=O)c2)n1,7.7447
CN(c1ccc(NC(=O)Cc2ccccc2)cc1)c1ccnc(Nc2cccc(CS(C)(=O)=O)c2)n1,6.7545
CN(c1ccc(NC(=O)Oc2ccccc2)cc1)c1ccnc(Nc2cccc(CS(C)(=O)=O)c2)n1,7.0223
CN(c1ccc(NC(=O)N2CCN(CCCN3CCOCC3)CC2)cc1)c1ccnc(Nc2ccc(CS(C)(=O)=O)cc2)n1,5.3478
CN1CCN(Cc2ccc(NC(=O)Nc3ccc(N(C)c4ccnc(Nc5ccc(CS(C)(=O)=O)cc5)n4)cc3)cc2)CC1,8.3979
CN1CCN(C(=O)c2ccc(NC(=O)Nc3ccc(N(C)c4ccnc(Nc5ccc(CS(C)(=O)=O)cc5)n4)cc3)cc2)CC1,6.8239
CN(c1ccc(NC(=O)NCCN2CCOCC2)cc1)c1ccnc(Nc2ccc(CS(C)(=O)=O)cc2)n1,6.0044
CN(c1ccc(N/C(S)=N/c2ccccc2)cc1)c1ccnc(Nc2cccc(CS(C)(=O)=O)c2)n1,6.9318
CN(c1ccc(NS(=O)(=O)Cc2ccccc2)cc1)c1ccnc(Nc2cccc(CS(C)(=O)=O)c2)n1,6.5702
CN(c1ccc(NC(=N)Nc2ccccc2)cc1)c1ccnc(Nc2cccc(CS(C)(=O)=O)c2)n1,6.4895
CN(c1ccc(NC(=O)Nc2ccccc2)cc1)c1ccnc(Nc2cccc(S(N)(=O)=O)c2)n1,8.3010
CN(c1ccc(NC(=O)Nc2cc(C(F)(F)F)ccc2F)cc1)c1ccnc(Nc2cccc(CS(C)(=O)=O)c2)n1,7.4559
CN(c1ccc(NC(=O)Nc2cc(C(F)(F)F)ccc2F)cc1)c1ccnc(Nc2ccc(CS(C)(=O)=O)cc2)n1,8.6990
CN(c1ccc(NC(=O)Nc2cc(C(F)(F)F)ccc2F)cc1)c1ccnc(Nc2cccc(S(N)(=O)=O)c2)n1,9.0000
CN(c1ccc(NC(=O)Nc2cc(C(F)(F)F)ccc2F)cc1)c1ccnc(Nc2ccc(S(N)(=O)=O)cc2)n1,9.0000
CC(=O)c1ccc(NC(=O)Nc2ccc(N(C)c3ccnc(Nc4cccc(CS(C)(=O)=O)c4)n3)cc2)cc1,8.5229
CN(c1ccc(NC(=O)Nc2ccc(OC(F)(F)F)cc2)cc1)c1ccnc(Nc2cccc(CS(C)(=O)=O)c2)n1,8.2218
CN(c1ccc(NC(=O)Nc2ccc(OC(F)(F)F)cc2)cc1)c1ccnc(Nc2cccc(S(N)(=O)=O)c2)n1,8.6990
CN(c1ccc(NC(=O)Nc2ccc(OC(F)(F)F)cc2)cc1)c1ccnc(Nc2ccc(S(N)(=O)=O)cc2)n1,8.6990
CCCCNC(=O)Nc1ccc(N(C)c2ccnc(Nc3cccc(CS(C)(=O)=O)c3)n2)cc1,7.5376
CN(c1ccc(NC(=O)NC2CCCC2)cc1)c1ccnc(Nc2cccc(CS(C)(=O)=O)c2)n1,7.5086
CN(C)CCNC(=O)Nc1ccc(N(C)c2ccnc(Nc3cccc(CS(C)(=O)=O)c3)n2)cc1,6.1669
CN(c1ccc(NC(=O)Nc2c(Cl)cccc2Cl)cc1)c1ccnc(Nc2cccc(CS(C)(=O)=O)c2)n1,7.1871
CN(c1ccc(NC(=O)NCCc2ccccc2)cc1)c1ccnc(Nc2cccc(CS(C)(=O)=O)c2)n1,7.9586
CCNC(=O)Nc1ccc(N(C)c2ccnc(Nc3cccc(CS(C)(=O)=O)c3)n2)cc1,7.7696
CCNC(=O)Nc1ccc(N(C)c2ccnc(Nc3ccc(CS(C)(=O)=O)cc3)n2)cc1,7.5850
Clc1cccc(Nc2cncc(-c3cncc(NCCCn4cccn4)c3)n2)c1,7.0284
Clc1cccc(Nc2cncc(-c3cncc(NCCCn4cncn4)c3)n2)c1,7.1720
Clc1cccc(Nc2cncc(-c3cncc(NCCCc4ccccc4)c3)n2)c1,5.6413
O=C(O)CCCNc1cncc(-c2cncc(Nc3cccc(Cl)c3)n2)c1,6.2428
O=C(CCCNc1cncc(-c2cncc(Nc3cccc(Cl)c3)n2)c1)N1CCCCC1,6.2123
OCCCNc1cnc(F)c(-c2cncc(Nc3cccc(Cl)c3)n2)c1,6.6002
Nc1ncc(NCCCO)cc1-c1cncc(Nc2cccc(Cl)c2)n1,5.8682
Nc1cncc(-c2cncc(Nc3cccc(Cl)c3)n2)c1,5.8679
O=C(NCCCO)c1cncc(-c2cncc(Nc3cccc(Cl)c3)n2)c1,5.6217
OCCCNc1cncc(-c2cncc(Nc3cccc(F)c3)n2)c1,6.7724
COc1cccc(Nc2cncc(-c3cncc(NCCCO)c3)n2)c1,6.1304
OCCCNc1cncc(-c2cncc(Nc3ccccc3Cl)n2)c1,5.9978
Clc1cccc(Nc2cncc(-c3cncc(NCCCc4ccncc4)c3)n2)c1,7.1196
Clc1ccc(Nc2cncc(-c3cncc(NCCCc4ccncc4)c3)n2)cc1,6.0000
Clc1ccc(Nc2cncc(-c3cncc(NCCCc4ccncc4)c3)n2)cc1Cl,6.7218
OCCCNc1cncc(-c2cncc(NCc3ccccc3)n2)c1,5.9794
OCCNc1cncc(-c2cncc(Nc3cccc(Cl)c3)n2)c1,6.5603
OCCCCNc1cncc(-c2cncc(Nc3cccc(Cl)c3)n2)c1,7.2003
CN(C)CCCNc1cncc(-c2cncc(Nc3cccc(Cl)c3)n2)c1,6.8698
CN(C)CCNc1cncc(-c2cncc(Nc3cccc(Cl)c3)n2)c1,6.9794
CN(C)CCNC(=O)c1cncc(-c2cncc(Nc3cccc(Cl)c3)n2)c1,5.3683
O=C(CO)Nc1cncc(-c2cncc(Nc3cccc(Cl)c3)n2)c1,6.4905
COCC(=O)Nc1cncc(-c2cncc(Nc3cccc(Cl)c3)n2)c1,6.5193
COCCC(=O)Nc1cncc(-c2cncc(Nc3cccc(Cl)c3)n2)c1,6.2285
Clc1cccc(Nc2cncc(-c3cncc(NCCCN4CCNCC4)c3)n2)c1,6.6285
CN1CCN(CCCNc2cncc(-c3cncc(Nc4cccc(Cl)c4)n3)c2)CC1,6.9100
Clc1cccc(Nc2cncc(-c3cncc(NCCCN4CCOCC4)c3)n2)c1,6.7424
Clc1cccc(Nc2cncc(-c3cncc(NCCCN4CCCCC4)c3)n2)c1,6.3995
Clc1cccc(Nc2cncc(-c3cncc(NCC4CCOCC4)c3)n2)c1,6.4089
Clc1cccc(Nc2cncc(-c3cncc(NCCCCc4ccncc4)c3)n2)c1,6.5776
Clc1cccc(Nc2cncc(-c3cncc(NCCCc4cccnc4)c3)n2)c1,7.1196
Cc1ccc(F)c(C(=O)n2nc(Nc3ccc(S(N)(=O)=O)cc3)nc2C)c1F,6.2924
Cc1ccsc1C(=O)n1nc(Nc2ccc(S(N)(=O)=O)cc2)nc1N,7.2924
Nc1nc(Nc2ccc(S(N)(=O)=O)cc2)nn1C(=S)Nc1c(F)cccc1F,7.4949
Nc1nc(Nc2ccc(S(N)(=O)=O)cc2)nn1C(=O)c1c(F)cccc1F,6.6000
COc1cc(OC)cc(-c2cc3cnc(NCCCCO)cc3nc2NC(=O)NC(C)(C)C)c1,8.0969
COc1cc(OC)cc(-c2cc3cnc(NCCCCCO)cc3nc2NC(=O)NC(C)(C)C)c1,8.2218
COc1cc(OC)cc(C2Cc3cnc(N(CCCOCc4ccccc4)C(C)=O)cc3N=C2NC(=O)NC(C)(C)C)c1,4.8239
COc1cc(OC)cc(C2Cc3cnc(N(CCCCOCc4ccccc4)C(C)=O)cc3N=C2NC(=O)NC(C)(C)C)c1,5.8539
COc1cc(OC)cc(C2Cc3cnc(N(CCCCCOCc4ccccc4)C(C)=O)cc3N=C2NC(=O)NC(C)(C)C)c1,4.2596
COc1cc(OC)cc(C2Cc3cnc(N(CCCO)C(C)=O)cc3N=C2NC(=O)NC(C)(C)C)c1,5.1805
COc1cc(OC)cc(C2Cc3cnc(N(CCCCO)C(C)=O)cc3N=C2NC(=O)NC(C)(C)C)c1,5.0000
COc1cc(OC)cc(C2Cc3cnc(N(CCCCCO)C(C)=O)cc3N=C2NC(=O)NC(C)(C)C)c1,4.6990
CCNC(=O)Nc1nc2nc(NCCCN3CCN(C)CC3)ncc2cc1-c1cc(OC)cc(OC)c1,7.2076
COc1cc(OC)cc(-c2cc3cnc(NCCCN4CCN(C)CC4)nc3nc2NC(=O)NC(C)(C)C)c1,7.6778
CCNC(=O)Nc1nc2nc(NCCCCN(CC)CC)ncc2cc1-c1cc(OC)cc(OC)c1,6.7212
CCN(CC)CCCCNc1ncc2cc(-c3cc(OC)cc(OC)c3)c(NC(=O)NC(C)(C)C)nc2n1,6.9208
COc1cc(OC)cc(-c2cc3cnc(NCCCO)nc3nc2NC(=O)NC(C)(C)C)c1,7.1487
COc1cc(OC)cc(-c2cc3cnc(NCCCN4CCOCC4)cc3nc2NC(=O)NC(C)(C)C)c1,8.0458
COc1cc(OC)cc(-c2cc3cnc(NCCCN4CCN(C)CC4)cc3nc2N)c1,6.7447
CCNC(=O)Nc1nc2cc(NCCCN3CCN(C)CC3)ncc2cc1-c1cc(OC)cc(OC)c1,7.2924
COc1cc(OC)cc(-c2cc3cnc(NCCCN4CCN(C)CC4)cc3nc2NC(=O)NC(C)(C)C)c1,8.3010
CCN(CC)CCCNc1cc2nc(NC(=O)NC(C)(C)C)c(-c3cc(OC)cc(OC)c3)cc2cn1,7.8239
COc1cc(OC)cc(-c2cc3cnc(NCCCCN4CCOCC4)cc3nc2NC(=O)NC(C)(C)C)c1,8.2218
OCCCNc1cncc(-c2ncnc(Nc3cccc(Cl)c3)n2)c1,5.6968
OCCCNc1cncc(-c2ncnc(Nc3ccc4c(c3)OCCO4)n2)c1,5.3830
OCCCNc1cncc(-c2ncnc(Nc3ccc(N4CCOCC4)cc3)n2)c1,5.2984
OCCCNc1cc(-c2ncnc(Nc3cccc(Cl)c3)n2)ccn1,5.4559
COc1cc(OC)cc(-c2cc3cnc(NCCCCN4CCN(C)CC4)cc3nc2NC(=O)NC(C)(C)C)c1,8.5229
CCN(CC)CCCCNc1cc2nc(N)c(-c3cc(OC)cc(OC)c3)cc2cn1,6.6576
CCNC(=O)Nc1nc2cc(NCCCCN(CC)CC)ncc2cc1-c1cc(OC)cc(OC)c1,7.3372
Nc1nc(Nc2cccc(Cl)c2)nc(-c2ccnc(NCCCO)c2)n1,5.9718
CCN(CC)CCCCNc1cc2nc(NC(=O)NC(C)(C)C)c(-c3cc(OC)cc(OC)c3)cc2cn1,8.2218
COc1cc(OC)cc(-c2cc3cnc(NCCCCCN4CCOCC4)cc3nc2NC(=O)NC(C)(C)C)c1,8.1549
COc1cc(OC)cc(-c2cc3cnc(NCCCCCN4CCN(C)CC4)cc3nc2NC(=O)NC(C)(C)C)c1,8.0969
CCN(CC)CCCCCNc1cc2nc(NC(=O)NC(C)(C)C)c(-c3cc(OC)cc(OC)c3)cc2cn1,8.3979
CN1CCN(CCCNc2cc3nc(N)c(-c4ccccc4)cc3cn2)CC1,5.5376
CN1CCN(CCCNc2cc3nc(NC(=O)NC(C)(C)C)c(-c4ccccc4)cc3cn2)CC1,7.2676
CN1CCN(CCCNc2cc3nc(NCCCN4CCN(C)CC4)c(-c4ccccc4)cc3cn2)CC1,5.0605
CCN(CC)CCCCNc1cc2nc(N)c(-c3ccccc3)cc2cn1,5.4437
CCN(CC)CCCCNc1cc2nc(NC(=O)NC(C)(C)C)c(-c3ccccc3)cc2cn1,6.7447
CN1CCN(CCCNc2cc3nc(N)c(-c4c(Cl)cccc4Cl)cc3cn2)CC1,5.7447
CCNC(=O)Nc1nc2cc(NCCCN3CCN(C)CC3)ncc2cc1-c1c(Cl)cccc1Cl,6.9586
CN1CCN(CCCNc2cc3nc(NC(=O)NC(C)(C)C)c(-c4c(Cl)cccc4Cl)cc3cn2)CC1,7.8539
CCN(CC)CCCCNc1cc2nc(N)c(-c3c(Cl)cccc3Cl)cc2cn1,5.9208
CCNC(=O)Nc1nc2cc(NCCCCN(CC)CC)ncc2cc1-c1c(Cl)cccc1Cl,6.8861
CCN(CC)CCCCNc1cc2nc(NC(=O)NC(C)(C)C)c(-c3c(Cl)cccc3Cl)cc2cn1,7.6021
COc1cc(OC)cc(-c2cc3cnc(N(CCCOCc4ccccc4)C(C)=O)cc3nc2NC(=O)NC(C)(C)C)c1,7.0757
COc1cc(OC)cc(-c2cc3cnc(N(CCCCOCc4ccccc4)C(C)=O)cc3nc2NC(=O)NC(C)(C)C)c1,6.1739
COc1cc(OC)cc(-c2cc3cnc(N(CCCO)C(C)=O)cc3nc2NC(=O)NC(C)(C)C)c1,5.7212
COc1cc(OC)cc(-c2cc3cnc(N(CCCCO)C(C)=O)cc3nc2NC(=O)NC(C)(C)C)c1,4.8861
COc1cc(OC)cc(-c2cc3cnc(N(CCCCCO)C(C)=O)cc3nc2NC(=O)NC(C)(C)C)c1,5.1192
COc1cc(OC)cc(-c2cc3cnc(NCCCOc4ccccc4)cc3nc2NC(=O)NC(C)(C)C)c1,6.7447
COc1cc(OC)cc(-c2cc3cnc(NCCCCOc4ccccc4)cc3nc2NC(=O)NC(C)(C)C)c1,6.7447
COc1cc(OC)cc(-c2cc3cnc(NCCCCCOc4ccccc4)cc3nc2NC(=O)NC(C)(C)C)c1,7.0177
COc1cc(OC)cc(-c2cc3cnc(NCCCO)cc3nc2NC(=O)NC(C)(C)C)c1,8.3010
Cc1[nH]c(/C=C2\C(=O)Nc3ccccc32)c(C)c1Br,6.4949
Cc1[nH]c(/C=C2\C(=O)Nc3ccccc32)c(C)c1Cl,6.0000
Cc1cc(C)c(/C=C2\C(=O)N(O)c3ccccc32)[nH]1,6.3010
CC(=O)ON1C(=O)/C(=C\c2[nH]c(C)cc2C)c2ccccc21,6.3979
CCOC(=O)c1cc(C)c(/C=C2\C(=O)Nc3ccccc32)[nH]1,5.0969
Cc1cc(CO)[nH]c1/C=C1\C(=O)Nc2ccccc21,6.4949
Cc1cc(C)c(/C=C2\C(=O)Nc3ccc(O)cc32)[nH]1,7.0000
O=C1Nc2ccccc2/C1=C/c1ccc[nH]1,6.8539
CC1(C)O[C@@H](n2c3ccccc3c3c4c(c5c6ccccc6[nH]c5c32)CNC4=O)C[C@]1(O)CO,7.1871
CC1(C)O[C@@H](n2c3ccccc3c3c4c(c5c6ccccc6[nH]c5c32)CNC4=O)C[C@@]1(O)CO,8.3979
C[C@@]1(O)C[C@H]2O[C@]1(C)n1c3ccccc3c3c4c(c5c6ccccc6n2c5c31)C(=O)NC4,7.1192
C[C@]1(O)C[C@H]2O[C@]1(C)n1c3ccccc3c3c4c(c5c6ccccc6n2c5c31)C(=O)NC4,7.9586
C[C@]12O[C@H](C[C@@]1(O)C(N)=O)n1c3ccccc3c3c4c(c5c6ccccc6n2c5c31)CNC4=O,7.0458
CCOC(=O)c1cn2ncnc(Oc3cccc(C(=O)NOC)c3)c2c1C(C)C,6.5686
CCOC(=O)c1cn2ncnc(Nc3cccc(C(=O)NOC)c3)c2c1C(C)C,6.8861
CCOC(=O)c1cn2ncnc(Nc3ccc(C)c(C(=O)NOC)c3)c2c1C(C)C,6.9208
CCOC(=O)c1cn2ncnc(Nc3ccc(Br)c(C(=O)NOC)c3)c2c1C(C)C,6.5686
CCOC(=O)c1cn2ncnc(Nc3ccc(F)c(C(=O)NOC)c3)c2c1C(C)C,7.1024
CCOC(=O)c1cn2ncnc(Nc3cc(C(=O)NOC)ccc3F)c2c1C(C)C,7.4685
CCOC(=O)c1cn2ncnc(Nc3cc(C(=O)NOC)c(F)cc3F)c2c1C(C)C,7.8861
CCONC(=O)c1cc(Nc2ncnn3cc(C(=O)OCC)c(C(C)C)c23)c(F)cc1F,7.3979
CCOC(=O)c1cn2ncnc(Nc3cc(C(=O)NOC(C)C)c(F)cc3F)c2c1C(C)C,6.4559
CCOC(=O)c1cn2ncnc(Nc3cc(C(=O)NOCC(C)C)c(F)cc3F)c2c1C(C)C,5.9208
CCOC(=O)c1cn2ncnc(Nc3cc(C(=O)NOCC4CC4)c(F)cc3F)c2c1C(C)C,6.7212
CCOC(=O)Nc1cn2ncnc(Nc3cc(C(=O)NOC)c(F)cc3F)c2c1C(C)C,7.1805
CONC(=O)c1cc(Nc2ncnn3cc(NC(=O)OCc4ccccc4)c(C(C)C)c23)c(F)cc1F,6.7447
CONC(=O)c1cc(Nc2ncnn3cc(NC(=O)OCCCN4CCCCC4)c(C(C)C)c23)c(F)cc1F,7.1024
CONC(=O)c1cc(Nc2ncnn3cc(NC(=O)OCCCS(C)(=O)=O)c(C(C)C)c23)c(F)cc1F,7.2076
CONC(=O)c1cc(Nc2ncnn3cc(NC(=O)OCC4CCCO4)c(C(C)C)c23)c(F)cc1F,6.9026
CONC(=O)c1cc(Nc2ncnn3cc(NC(=O)OC4CCN(C)CC4)c(C(C)C)c23)c(F)cc1F,7.4437
CONC(=O)c1cc(Nc2ncnn3cc(-c4ncc(C)o4)c(C(C)C)c23)c(F)cc1F,8.0969
CONC(=O)c1cc(Nc2ncnn3cc(-c4nc(C)no4)c(C(C)C)c23)c(F)cc1F,7.3098
CONC(=O)c1cc(Nc2ncnn3cc(-c4noc(C)n4)c(C(C)C)c23)c(F)cc1F,6.9586
CONC(=O)c1cc(Nc2ncnn3cc(-c4nnc(C)o4)c(C(C)C)c23)c(F)cc1F,7.7447
CONC(=O)c1cc(Nc2ncnn3cc(-c4nnco4)c(C(C)C)c23)c(F)cc1F,7.1135
CCc1nnc(-c2cn3ncnc(Nc4cc(C(=O)NOC)c(F)cc4F)c3c2C(C)C)o1,7.7696
CONC(=O)c1cc(Nc2ncnn3cc(-c4nnc(C(C)C)o4)c(C(C)C)c23)c(F)cc1F,7.6576
CONC(=O)c1cc(Nc2ncnn3cc(-c4nnc(CC(C)C)o4)c(C(C)C)c23)c(F)cc1F,7.6383
CONC(=O)c1cc(Nc2ncnn3cc(-c4nnc(C5CC5)o4)c(C(C)C)c23)c(F)cc1F,7.9586
CONC(=O)c1cc(Nc2ncnn3cc(-c4nnc(CC5CC5)o4)c(C(C)C)c23)c(F)cc1F,7.7696
CONC(=O)c1cc(Nc2ncnn3cc(-c4nnc(C(F)F)o4)c(C(C)C)c23)c(F)cc1F,6.6599
CONC(=O)c1cc(Nc2ncnn3cc(-c4nnc(C(F)(F)F)o4)c(C(C)C)c23)c(F)cc1F,7.1192
CONC(=O)c1cc(Nc2ncnn3cc(-c4nnc(CC(F)(F)F)o4)c(C(C)C)c23)c(F)cc1F,7.5376
CONC(=O)c1cc(Nc2ncnn3cc(-c4nnc(N(C)C)o4)c(C(C)C)c23)c(F)cc1F,7.9586
CONC(=O)c1cc(Nc2ncnn3cc(-c4nnc(CN(C)C)o4)c(C(C)C)c23)c(F)cc1F,7.1805
CONC(=O)c1cc(Nc2ncnn3cc(-c4nnc(CS(C)(=O)=O)o4)c(C(C)C)c23)c(F)cc1F,7.7959
CONC(=O)c1cc(Nc2ncnn3cc(-c4nnc(C(F)(F)S(C)(=O)=O)o4)c(C(C)C)c23)c(F)cc1F,6.8262
CONC(=O)c1cc(Nc2ncnn3cc(-c4n[nH]c(C)n4)c(C(C)C)c23)c(F)cc1F,7.1487
COc1cc(OC)cc(-c2cc3cnc(N(CCCCCOCc4ccccc4)C(C)=O)cc3nc2NC(=O)NC(C)(C)C)c1,6.1871
N#Cc1ccccc1Nc1ncc(-c2ccccc2)o1,6.0605
COc1ccccc1Nc1ncc(-c2ccccc2)o1.Cl,6.4202
Cl.N#Cc1cccc(Nc2ncc(-c3ccccc3)o2)c1,6.0315
c1ccc(Oc2cccc(Nc3ncc(-c4ccccc4)o3)c2)cc1,5.8508
OCc1cccc(Nc2ncc(-c3ccccc3)o2)c1,6.3010
CCS(=O)(=O)c1cccc(Nc2ncc(-c3ccccc3)o2)c1,6.1427
Cc1cccc(Nc2ncc(-c3ccccc3)o2)c1,6.0605
NS(=O)(=O)c1ccc(Nc2ncc(-c3ccccc3)o2)cc1,6.3010
CCS(=O)(=O)c1ccc(OC)c(Nc2ncc(-c3ccc(OC)cc3)o2)c1,7.0605
CCS(=O)(=O)c1ccc(OC)c(Nc2ncc(-c3ccc(Cl)cc3)o2)c1,7.0915
CCS(=O)(=O)c1ccc(OC)c(Nc2ncc(-c3ccc(F)cc3)o2)c1,7.1024
CCS(=O)(=O)c1ccc(OC)c(Nc2ncc(-c3ccc(C#N)cc3)o2)c1,7.2924
CCS(=O)(=O)c1ccc(OC)c(Nc2ncc(-c3ccc(C(N)=O)cc3)o2)c1,7.7447
CCc1cccc(-c2cnc(Nc3cc(S(=O)(=O)CC)ccc3OC)o2)c1,7.5376
CCS(=O)(=O)c1ccc(OC)c(Nc2ncc(-c3cccc(C(C)=O)c3)o2)c1,7.0410
CCS(=O)(=O)c1ccc(OC)c(Nc2ncc(-c3cccc(-c4cccs4)c3)o2)c1,7.7959
CCS(=O)(=O)c1ccc(OC)c(Nc2ncc(-c3cccc(-c4ccsc4)c3)o2)c1,7.8239
CCS(=O)(=O)c1ccc(OC)c(Nc2ncc(-c3cccc(-c4ccccn4)c3)o2)c1,7.6576
CCS(=O)(=O)c1ccc(OC)c(Nc2ncc(-c3cccc(-c4cccnc4)c3)o2)c1,7.1192
CCS(=O)(=O)c1ccc(OC)c(Nc2ncc(-c3cccc(-c4ccncc4)c3)o2)c1,7.1079
CCS(=O)(=O)c1ccc(OC)c(Nc2ncc(-c3cccc(-c4cncn4C)c3)o2)c1,7.6021
CCS(=O)(=O)c1ccc(OC)c(Nc2ncc(-c3cccc(-c4ccccc4)c3)o2)c1,7.1024
CCS(=O)(=O)c1ccc(OC)c(Nc2ncc(-c3cccc(-c4ccccc4F)c3)o2)c1,7.0506
CCS(=O)(=O)c1ccc(OC)c(Nc2ncc(-c3cccc(-c4ccccc4Cl)c3)o2)c1,7.4089
COc1ccc(-c2oc3ncnc(N)c3c2-c2ccc(OC)cc2)cc1,5.9504
COc1ccc(-c2coc3ncnc(N)c23)cc1,5.2598
COc1ccc(-c2c(-c3cccc(C(N)=O)c3)oc3ncnc(N)c23)cc1,6.7424
COc1ccc(-c2c(-c3cccc(NS(C)(=O)=O)c3)oc3ncnc(N)c23)cc1,7.1885
COc1ccc(-c2oc3ncnc(N)c3c2-c2ccc(N(C)C)cc2)cc1,6.4580
CS(=O)(=O)Nc1cccc(-c2oc3ncnc(N)c3c2-c2ccc(-c3ccccc3)cc2)c1,7.4418
COc1ccc(-c2oc3ncnc(N)c3c2-c2ccc(NC(=O)Nc3ccccc3)cc2)cc1,7.2088
COc1ccc(-c2oc3ncnc(N)c3c2-c2ccc(NC(=O)Nc3cc(C(F)(F)F)ccc3F)cc2)cc1,8.5214
COc1ccc(-c2oc3ncnc(N)c3c2-c2ccc(NC(=O)NC3CCCCC3)cc2)cc1,6.7302
COc1ccc(-c2oc3ncnc(N)c3c2-c2ccc(NC(N)=O)cc2)cc1,7.2383
NC(=O)c1ccc(-c2nnc(Nc3ccc(OC(F)(F)Cl)cc3)c3ccccc23)cc1,6.7212
CC(C)(C)c1cccc(Nc2nnc(-c3ccc(C(N)=O)cc3)c3ccccc23)c1,6.3279
CC(C)(C)c1ccc(Nc2nnc(-c3ccc(C(N)=O)cc3)c3ccccc23)cc1,7.1079
NC(=O)c1ccc(-c2nnc(Nc3ccc(Br)cc3)c3ccccc23)cc1,7.0000
NC(=O)c1ccc(-c2nnc(Nc3ccc(Cl)c(Cl)c3)c3ccccc23)cc1,6.0757
NC(=O)c1ccc(-c2nnc(Nc3cccc(Cl)c3)c3ccccc23)cc1,5.7696
Cc1cccc(Nc2nnc(-c3ccc(C(N)=O)cc3)c3ccccc23)c1,5.7959
NC(=O)c1ccc(-c2nnc(Nc3cccc(Br)c3)c3ccccc23)cc1,5.9208
NC(=O)c1ccc(-c2nnc(Nc3ccc(Cl)cc3)c3ccccc23)cc1,5.8861
Cc1ccc(Nc2nnc(-c3ccc(C(N)=O)cc3)c3ccccc23)cc1,5.7447
COc1ccc(Nc2nnc(-c3ccc(C(N)=O)cc3)c3ccccc23)cc1,5.6990
COC(=O)c1ccc(Nc2nnc(-c3ccc(C(N)=O)cc3)c3ccccc23)cc1,5.5686
Cc1ccc(Nc2nnc(-c3ccc(C(N)=O)cc3)c3ccccc23)c(C)c1,5.1612
CC(C)(C)c1ccc(Nc2nnc(-c3cccc(C(N)=O)c3)c3ccccc23)cc1,6.3979
NC(=O)c1cccc(-c2nnc(Nc3ccc(OC(F)(F)Cl)cc3)c3ccccc23)c1,5.3872
CNC(=O)c1ccc(-c2nnc(Nc3ccc(C(C)(C)C)cc3)c3ccccc23)cc1,6.8861
CNC(=O)c1ccc(-c2nnc(Nc3ccc(Cl)cc3)c3ccccc23)cc1,5.5086
O=C(c1ccc(-c2nnc(Nc3ccc(OC(F)(F)Cl)cc3)c3ccccc23)cc1)N1CCOCC1,5.3098
O=C(NCCO)c1ccc(-c2nnc(Nc3ccc(OC(F)(F)Cl)cc3)c3ccccc23)cc1,5.9586
COC(=O)c1ccc(-c2nnc(Nc3ccc(OC(F)(F)Cl)cc3)c3ccccc23)cc1,6.2007
COC(=O)c1ccc(-c2nnc(Nc3ccc(Cl)cc3)c3ccccc23)cc1,6.4437
Cc1cc(N2CCOCC2)cc2[nH]c(-c3c(NC[C@@H](O)c4cccc(Cl)c4)cc[nH]c3=O)nc12,5.8539
Cc1sc2ncnc(N)c2c1-c1ccc(N)cc1,5.3372
Cc1cccc(C(=O)Nc2ccc(-c3c(C)sc4ncnc(N)c34)cc2)c1,5.3386
Cc1sc2ncnc(N)c2c1-c1ccc(NC(=O)Nc2ccccc2)cc1,7.4437
Cc1cccc(NC(=O)Nc2ccc(-c3c(C)sc4ncnc(N)c34)cc2)c1,8.2218
Cc1cccc(N/C(S)=N/c2ccc(-c3c(C)sc4ncnc(N)c34)cc2)c1,5.5514
Cc1cccc(N/C(=N/c2ccc(-c3c(C)sc4ncnc(N)c34)cc2)NC#N)c1,5.9593
Cc1sc2ncnc(N)c2c1-c1ccc(Nc2nc3ccccc3o2)cc1,6.7698
Cc1cccc(CC(=O)Nc2ccc(-c3c(C)sc4ncnc(N)c34)cc2)c1,6.1196
Cc1cccc(NC(=O)N(C)c2ccc(-c3c(C)sc4ncnc(N)c34)cc2)c1,7.2596
Cc1cccc(N(C)C(=O)Nc2ccc(-c3c(C)sc4ncnc(N)c34)cc2)c1,5.7206
Cc1sc2ncnc(N)c2c1-c1ccc(NC(=O)NCc2ccccc2)cc1,6.4807
Cc1sc2ncnc(N)c2c1-c1ccc(NC(=O)NCC2CCCCC2)cc1,6.1012
CCc1sc2ncnc(N)c2c1-c1ccc(NC(=O)Nc2cccc(C)c2)cc1,7.5850
CCc1sc2ncnc(N)c2c1-c1ccc(NC(=O)NC2CCCCC2)cc1,6.7698
Cc1cccc(NC(=O)Nc2ccc(-c3csc4ncnc(N)c34)cc2)c1,8.5229
CCCCNC(=O)Nc1ccc(-c2csc3ncnc(N)c23)cc1,6.7424
CC(C)CNC(=O)Nc1ccc(-c2csc3ncnc(N)c23)cc1,5.7698
Cc1ccccc1NC(=O)Nc1ccc(-c2c(C)sc3ncnc(N)c23)cc1,6.5875
Cc1ccc(NC(=O)Nc2ccc(-c3c(C)sc4ncnc(N)c34)cc2)cc1,7.2757
COc1ccccc1NC(=O)Nc1ccc(-c2c(C)sc3ncnc(N)c23)cc1,6.9593
COc1cccc(NC(=O)Nc2ccc(-c3c(C)sc4ncnc(N)c34)cc2)c1,7.4643
COc1ccc(NC(=O)Nc2ccc(-c3c(C)sc4ncnc(N)c34)cc2)cc1,7.1606
Cc1sc2ncnc(N)c2c1-c1ccc(NC(=O)Nc2ccccc2F)cc1,6.9593
Cc1sc2ncnc(N)c2c1-c1ccc(NC(=O)Nc2cccc(F)c2)cc1,7.2676
Cc1sc2ncnc(N)c2c1-c1ccc(NC(=O)Nc2ccc(F)cc2)cc1,7.2820
Cc1sc2ncnc(N)c2c1-c1ccc(NC(=O)Nc2ccccc2Cl)cc1,6.4693
Cc1sc2ncnc(N)c2c1-c1ccc(NC(=O)Nc2cccc(Cl)c2)cc1,7.4580
Cc1sc2ncnc(N)c2c1-c1ccc(NC(=O)Nc2ccc(Cl)cc2)cc1,7.0189
Cc1sc2ncnc(N)c2c1-c1ccc(NC(=O)Nc2cccc(Br)c2)cc1,7.3386
Cc1sc2ncnc(N)c2c1-c1ccc(NC(=O)Nc2ccc(Br)cc2)cc1,6.9204
Cc1sc2ncnc(N)c2c1-c1ccc(NC(=O)Nc2cccc(C(F)(F)F)c2)cc1,7.2840
CCOC(=O)c1cccc(NC(=O)Nc2ccc(-c3c(C)sc4ncnc(N)c34)cc2)c1,6.5376
Cc1cc(C)cc(NC(=O)Nc2ccc(-c3c(C)sc4ncnc(N)c34)cc2)c1,7.9201
Cc1sc2ncnc(N)c2c1-c1ccc(NC(=O)Nc2cc(Cl)cc(Cl)c2)cc1,6.7979
Cc1sc2ncnc(N)c2c1-c1ccc(NC(=O)Nc2cc(C(F)(F)F)ccc2F)cc1,7.3400
Cc1cccc(NC(=O)Nc2ccc(-c3c(CCC(N)=O)sc4ncnc(N)c34)cc2)c1,7.7698
CNC(=O)CCc1sc2ncnc(N)c2c1-c1ccc(NC(=O)Nc2cccc(C)c2)cc1,6.4807
Cc1cccc(NC(=O)Nc2ccc(-c3c(CCC(=O)N(C)C)sc4ncnc(N)c34)cc2)c1,6.6789
Cc1cccc(NC(=O)Nc2ccc(-c3c(CN4CCOCC4)sc4ncnc(N)c34)cc2)c1,6.6789
Cc1cccc(NC(=O)Nc2ccc(-c3c(CN4CCN(C)CC4)sc4ncnc(N)c34)cc2)c1,6.2296
Cc1cccc(NC(=O)Nc2ccc(-c3c(CN(C)C)sc4ncnc(N)c34)cc2)c1,6.7424
CCCc1sc2ncnc(N)c2c1-c1ccc(NC(=O)Nc2cccc(C)c2)cc1,7.5825
Cc1cccc(NC(=O)Nc2ccc(-c3c(C(C)C)sc4ncnc(N)c34)cc2)c1,6.8880
Cc1cccc(NC(=O)Nc2ccc(-c3c(Cc4ccccc4)sc4ncnc(N)c34)cc2)c1,6.5514
Cc1cccc(NC(=O)Nc2ccc(-c3c(Cc4cccnc4)sc4ncnc(N)c34)cc2)c1,7.4693
Cc1cccc(NC(=O)Nc2ccc(-c3c(Cc4ccncc4)sc4ncnc(N)c34)cc2)c1,7.2779
Cc1cccc(NC(=O)Nc2ccc(-c3c(CCO)sc4ncnc(N)c34)cc2)c1,7.7212
COCCc1sc2ncnc(N)c2c1-c1ccc(NC(=O)Nc2cccc(C)c2)cc1,7.1919
Cc1cccc(NC(=O)Nc2ccc(-c3c(CCCO)sc4ncnc(N)c34)cc2)c1,7.8239
Cc1cccc(NC(=O)Nc2ccc(-c3c(CCN(C)C)sc4ncnc(N)c34)cc2)c1,6.6391
Cc1cccc(NC(=O)Nc2ccc(-c3csc4ncnc(N)c34)c(F)c2)c1,7.9586
Cc1cccc(NC(=O)Nc2ccc(-c3csc4ncnc(N)c34)c(Cl)c2)c1,7.0000
COc1cc(NC(=O)Nc2cccc(C)c2)ccc1-c1csc2ncnc(N)c12,7.0000
Cc1cccc(NC(=O)Nc2ccc(-c3csc4ncnc(N)c34)cc2F)c1,7.7212
Cc1cccc(NC(=O)Nc2ccc(-c3csc4ncnc(N)c34)cc2Cl)c1,7.0805
COc1cc(-c2csc3ncnc(N)c23)ccc1NC(=O)Nc1cccc(C)c1,7.8861
Cc1cccc(NC(=O)Nc2ccc3c(c2)CCC2Sc4ncnc(N)c4C32)c1,6.8239
Cc1sc2ncnc(N)c2c1-c1ccc(NC(=O)Nc2ccc(C(F)(F)F)cc2)cc1,7.2100
Cc1ccc(F)c(NC(=O)Nc2ccc(-c3c(C)sc4ncnc(N)c34)cc2)c1,7.4693
CCc1sc2ncnc(N)c2c1-c1ccc(NC(=O)Nc2cccc(C(F)(F)F)c2)cc1,7.3010
Nc1ncnc2scc(-c3ccc(NC(=O)Nc4cccc(Cl)c4)cc3)c12,8.5214
C/C(=C\C=C\CC(C)C(CC(=O)O)O[C@H]1O[C@@H](CO)[C@H](O)[C@H](O)[C@@H]1O)C(=O)O,5.3010
CNC(=O)c1cc(Oc2ccc(NC(=O)Nc3ccc(Cl)c(C(F)(F)F)c3)cc2)ccn1,7.2291
Cc1ccc(-n2nc(C(C)(C)C)cc2NC(=O)Nc2ccc(OCCN3CCOCC3)c3ccccc23)cc1,5.4949
COCCOc1cc2ncnc(NC3=CC(=O)C(Cl)=CC3=O)c2cc1OC,7.3007
COCCOc1cc2ncnc(NC3=CC(=O)C(Cl)=C(Cl)C3=O)c2cc1OC,7.8697
COCCOc1cc2ncnc(NC3=CC(=O)C(OC)=C(Cl)C3=O)c2cc1OC,7.9861
COCCOc1cc2ncnc(NC3=C(SC)C(=O)C(OC)=C(Cl)C3=O)c2cc1OC,7.1733
COCCOc1cc2ncnc(NC3=CC(=O)C(Cl)=C(OC)C3=O)c2cc1OC,7.5972
COCCOc1cc2ncnc(NC3=CC(=O)C(C)=CC3=O)c2cc1OC,6.5886
COCCOc1cc2ncnc(NC3=CC(=O)C=CC3=O)c2cc1OC,8.2218
COCCOc1cc2ncnc(NC3=CC(=O)C=C(OC)C3=O)c2cc1OC,8.4202
COCCOc1cc2ncnc(NC3=C(Cl)C(=O)C=C(OC)C3=O)c2cc1OC,6.9512
COCCOc1cc2ncnc(NC3=CC(=O)C=C(Br)C3=O)c2cc1OC,6.0952
COCCOc1cc2ncnc(NC3=CC(=O)C(SC)=CC3=O)c2cc1OC,7.1520
COCCOc1cc2ncnc(NC3=CC(=O)C(Br)=CC3=O)c2cc1OC,8.0458
COCCOc1cc2ncnc(NC3=CC(=O)C(N(C)C)=CC3=O)c2cc1OC,5.9415
COCCOc1cc2ncnc(NC3=CC(=O)C(N4CCOCC4)=CC3=O)c2cc1OC,6.9948
COCCOc1cc2ncnc(NC3=CC(=O)C(N(C)c4ccccc4)=CC3=O)c2cc1OC,7.7959
COCCOc1cc2ncnc(NC3=CC(=O)C(Oc4ccccc4)=CC3=O)c2cc1OC,6.7352
COCCOC1=CC(=O)C(Nc2ncnc3cc(OCCOC)c(OC)cc23)=CC1=O,6.4750
COCCOc1cc2ncnc(NC3=CC(=O)C(OCc4ccccc4)=CC3=O)c2cc1OC,7.2700
COCCOc1cc2ncnc(NC3=CC(=O)C(OC)=CC3=O)c2cc1OC,6.4892
COCCOc1cc2ncnc(NC3=CC(=O)C(N4CCCCC4)=CC3=O)c2cc1OC,6.4765
COCCOc1cc2ncnc(NC3=CC(=O)C(Oc4ccc(-n5ccnc5)cc4)=CC3=O)c2cc1OC,8.1192
COCCOc1cc2ncnc(NC3=CC(=O)C(Oc4cccc(F)c4)=CC3=O)c2cc1OC,9.0458
CCNc1cccc(OC2=CC(=O)C(Nc3ncnc4cc(OCCOC)c(OC)cc34)=CC2=O)c1,7.8465
COCCOc1cc2ncnc(NC3=CC(=O)C(N4CC4C)=CC3=O)c2cc1OC,6.4768
COCCOc1cc2ncnc(NC3=CC(=O)C(N4CCC(Cc5ccccc5)CC4)=CC3=O)c2cc1OC,6.5799
COCCOc1cc2ncnc(NC3=CC(=O)C(N4CCN(Cc5ccccc5)CC4)=CC3=O)c2cc1OC,7.0716
CCN1CCN(C2=CC(=O)C(Nc3ncnc4cc(OCCOC)c(OC)cc34)=CC2=O)CC1,6.7219
COCCOc1cc2ncnc(NC3=CC(=O)C(N4CCCC4)=CC3=O)c2cc1OC,6.4296
COCCOc1cc2ncnc(NC3=CC(=O)C(OC(CF)CF)=CC3=O)c2cc1OC,7.6716
COCCOc1cc2ncnc(NC3=CC(=O)C(OCc4cccnc4)=CC3=O)c2cc1OC,6.9620
COCCOc1cc2ncnc(NC3=CC(=O)C(OCCOc4ccccc4)=CC3=O)c2cc1OC,8.3188
COCCOc1cc2ncnc(NC3=CC(=O)C(OC(C)C)=CC3=O)c2cc1OC,6.3087
COCCOc1cc2ncnc(NC3=CC(=O)C(OC(CF)CF)=C(Cl)C3=O)c2cc1OC,7.8361
COCCOc1cc2ncnc(NC3=CC(=O)C(OCc4cccc(F)c4)=C(Cl)C3=O)c2cc1OC,8.1675
CCOC1=C(Cl)C(=O)C(Nc2ncnc3cc(OCCOC)c(OC)cc23)=CC1=O,7.6716
COCCOc1cc2ncnc(NC3=CC(=O)C(OCc4ccccc4F)=CC3=O)c2cc1OC,7.2178
COCCOc1cc2ncnc(NC3=CC(=O)C(OCc4cccc(F)c4)=CC3=O)c2cc1OC,7.3363
COCCOc1cc2ncnc(NC3=CC(=O)C(OCc4ccc(F)cc4)=CC3=O)c2cc1OC,7.4855
COCCOc1cc2ncnc(NC3=CC(=O)C(OC(c4ccccc4)C(F)(F)F)=CC3=O)c2cc1OC,7.2411
COCCOc1cc2ncnc(NC3=CC(=O)C(OCc4c(F)c(F)c(F)c(F)c4F)=CC3=O)c2cc1OC,7.7305
COCCOc1cc2ncnc(NC3=CC(=O)C(OCC(F)F)=CC3=O)c2cc1OC,7.5434
COCCOc1cc2ncnc(NC3=CC(=O)C(OCC#Cc4ccccc4)=CC3=O)c2cc1OC,8.0915
COCCOc1cc2ncnc(NC3=CC(=O)C(N4CC(C)OC4=O)=CC3=O)c2cc1OC,7.9872
COCCOc1cc2ncnc(NC3=CC(=O)C(OC)=C(OC)C3=O)c2cc1OC,7.6676
COCCOc1cc2ncnc(NC3=CC(=O)C(OC(CF)CF)=C(OC)C3=O)c2cc1OC,7.8157
COCCOc1cc2ncnc(NC3=CC(=O)C(Cl)=C(OCC4CC4)C3=O)c2cc1OC,7.6758
COCCOc1cc2ncnc(NC3=CC(=O)C(Cl)=C(OC(C)C)C3=O)c2cc1OC,7.8666
COC1=CC(=O)C(Nc2ncnc3cc(OCC4CCN(C)CC4)c(OC)cc23)=CC1=O,6.6211
COc1cc2c(NC3=CC(=O)C(OC(CF)CF)=CC3=O)ncnc2cc1OCC1CCN(C)CC1,8.1612
COc1cc2c(NC3=CC(=O)C(OCCN(C)c4ccccc4)=CC3=O)ncnc2cc1OCC1CCN(C)CC1,8.0259
COc1cc2c(NC3=CC(=O)C(OCc4ccccc4)=CC3=O)ncnc2cc1OCC1CCN(C)CC1,7.5568
COC1=CC(=O)C(Nc2ncnc3cc(OCCCN4CCCC4)c(OC)cc23)=CC1=O,6.5658
COc1cc2c(NC3=CC(=O)C(OC(CF)CF)=CC3=O)ncnc2cc1OCCCN1CCCC1,8.1308
COc1cc2c(NC3=CC(=O)C(OCC#Cc4ccccc4)=CC3=O)ncnc2cc1OCCCN1CCCC1,8.7571
COc1cc2c(NC3=CC(=O)C(OCc4ccccn4)=CC3=O)ncnc2cc1OCCCN1CCCC1,8.0177
COc1cc2c(NC3=CC(=O)C(OCc4ccccc4)=CC3=O)ncnc2cc1OCCCN1CCCC1,7.7721
COc1cc2c(NC3=CC(=O)C(OCc4c(F)c(F)c(F)c(F)c4F)=CC3=O)ncnc2cc1OCCCN1CCCC1,8.2007
C#CC(OC1=CC(=O)C(Nc2ncnc3cc(OCCCN4CCCC4)c(OC)cc23)=CC1=O)c1ccccc1,8.1698
C#CCOC1=CC(=O)C(Nc2ncnc3cc(OCCCN4CCCC4)c(OC)cc23)=CC1=O,8.2924
C=CCOC1=CC(=O)C(Nc2ncnc3cc(OCCCN4CCCC4)c(OC)cc23)=CC1=O,7.1506
C#CC(C)OC1=CC(=O)C(Nc2ncnc3cc(OCCCN4CCCC4)c(OC)cc23)=CC1=O,7.4449
COc1cc2c(NC3=CC(=O)C(OCc4ccco4)=CC3=O)ncnc2cc1OCCCN1CCCC1,8.2924
COc1cc2c(NC3=CC(=O)C(OCC(F)F)=CC3=O)ncnc2cc1OCCCN1CCCC1,8.4949
COc1ccc(Cl)c(Nc2ncnc3cc(OCCCN4CCOCC4)cc(OC4CCOCC4)c23)c1,6.3979
COc1ncc(Cl)c(Nc2ncnc3cc(OCCN4CCN(C(C)=O)CC4)cc(OC(C)C)c23)n1,4.8239
COc1cnc(Cl)c(Nc2ncnc3cc(OCCN4CCN(C(C)=O)CC4)cc(OC(C)C)c23)n1,5.5528
COc1ccc(Cl)c(Nc2ncnc3cc(OCCN4CCN(C(C)=O)CC4)cc(OC(C)C)c23)n1,5.2007
COc1ccc(Cl)c(Nc2ncnc3cc(OCCCN4CCN(C(C)=O)CC4)cc(OC(C)C)c23)n1,5.5686
COc1ccc(Cl)c(Nc2ncnc3cc(OCCN4CCN(C)CC4)cc(OC(C)C)c23)n1,6.2441
COc1ccc(Cl)c(Nc2ncnc3cc(OCCCN4CCN(C)CC4)cc(OC(C)C)c23)n1,6.1675
COc1ccc(Cl)c(Nc2ncnc3cc(OCCN4CCCC4)cc(OC(C)C)c23)n1,5.4437
COc1ccc(Cl)c(Nc2ncnc3cc(OCCCN4CCCC4)cc(OC(C)C)c23)n1,6.0458
COc1ccc(Cl)c(Nc2ncnc3cc(OCCN4CCOCC4)cc(OC(C)C)c23)n1,5.5376
COc1ccc(Cl)c(Nc2ncnc3cc(OCCCN4CCOCC4)cc(OC(C)C)c23)n1,5.7212
COc1cc(Nc2ncnc3cc(OCCCN4CCOCC4)cc(OC4CCOCC4)c23)c(Cl)cn1,7.0969
COc1cnc(Cl)c(Nc2ncnc3cc(OCCCN4CCOCC4)cc(OC(C)C)c23)c1,7.5229
COc1cnc(Cl)c(Nc2ncnc3cc(OCCCN4CCOCC4)cc(OC4CCOCC4)c23)c1,7.5229
COc1ccc(Cl)c(Nc2ncnc3cc(OCCCN4CCOCC4)cc(OC4CCOCC4)c23)n1,5.2596
COc1ccc(Cl)c(Nc2ncnc3cc(OCCCN4CCOCC4)cc(OC(C)C)c23)c1,7.5229
O=C(Nc1ccc2c(c1)C=Nc1c(Cl)ncnc1O2)Nc1ccc(Cl)c(C(F)(F)F)c1,5.0223
COC(=O)c1cc2c(C)n[nH]c2s1,4.6383
Cc1n[nH]c2sc(C(N)=O)c(NC(=O)Nc3ccccc3)c12,4.6990
Cc1n[nH]c2sc(C(N)=O)c(NC(=O)c3ccccc3Cl)c12,5.0969
Cc1n[nH]c2sc(C(N)=O)c(NC(=O)c3cccs3)c12,5.2218
Cc1n[nH]c2sc(C(N)=O)c(NC(=O)COc3ccccc3)c12,4.9586
COC(=O)C(=O)Nc1c(C(N)=O)sc2[nH]nc(C)c12,4.7696
CC(=O)Nc1c(C(N)=O)sc2[nH]nc(C)c12,4.7212
CN1CCN(C(=O)c2cc3c(-c4ccccc4)[nH]nc3s2)CC1,5.3979
COc1ccc(CNC(=O)c2cc3c(-c4ccccc4)[nH]nc3s2)cc1,6.2924
O=C(NCCc1ccccc1)c1cc2c(-c3ccccc3)[nH]nc2s1,5.6990
O=C(NCc1ccccc1)c1cc2c(-c3ccccc3)[nH]nc2s1,6.3010
O=C(NC1CCCCC1)c1cc2c(-c3ccccc3)[nH]nc2s1,6.3098
CCCCN(C)C(=O)c1cc2c(-c3ccccc3)[nH]nc2s1,6.4559
Cc1n[nH]c2sc(C(=O)NCc3ccccc3)cc12,4.9208
CCCCNC(=O)c1cc2c(C)n[nH]c2s1,4.7959
Cc1n[nH]c2sc(C(N)=O)cc12,4.7696
COc1cc2c(Nc3ccc(Cl)cc3F)ncnc2cc1OCCOCCNC(=O)CCCCC1SCC2NC(=O)NC21,5.8239
COc1cc2c(Nc3ccc(Cl)cc3F)ncnc2cc1OCCNC(=O)CCCCC1SCC2NC(=O)NC21,5.3188
COc1cc2c(Nc3ccc(Cl)cc3F)ncnc2cc1OCCOCCNC(=O)C(CCCCNC(=O)CCCCC1SCC2NC(=O)NC21)NC(=O)c1c(F)c(F)c(N=[N+]=[N-])c(F)c1F,5.1487
O=C(Nc1ccc(Cl)cc1)c1scnc1CCc1cnoc1,5.6856
O=C(Nc1ccc(Oc2ccccc2)cc1)c1scnc1CCc1ccncc1,5.7167
O=C(Nc1ccc(-c2ccccc2)cc1)c1scnc1CCc1ccncc1,5.9666
O=C(Nc1ccc(Br)cc1)c1scnc1CCc1ccncc1,6.0285
O=C(Nc1ccc2c(c1)OCO2)c1scnc1CCc1ccncc1,6.4566
Cc1ccc(NC(=O)c2scnc2CCc2ccncc2)c(F)c1,6.5735
Cc1ccc(NC(=O)c2scnc2CCc2cnoc2)c(F)c1,5.6703
O=C(Nc1ccc(Cl)c(C(F)(F)F)c1)c1scnc1CCc1ccncc1,6.6449
O=C(Nc1ccc(Cl)c(C(F)(F)F)c1)c1scnc1CCc1cnoc1,5.6737
O=C(Nc1ccc(Cl)c(Cl)c1)c1scnc1CCc1ccncc1,6.8881
O=C(Nc1ccc(Cl)c(Cl)c1)c1scnc1CCc1cnoc1,5.9031
O=C(Nc1ccc(N2CCOCC2)cc1)c1scnc1CCc1ccncc1,6.1927
O=C(Nc1ccc(N2CCOCC2)cc1)c1scnc1CCc1cnoc1,5.4342
Cc1cccc(NC(=O)c2scnc2CCc2ccncc2)c1,6.2518
O=C(Nc1ccc(OC(F)(F)Cl)cc1)c1scnc1CCc1ccncc1,7.0146
O=C(Nc1ccc(OC(F)(F)Cl)cc1)c1scnc1CCc1cnoc1,5.6999
CC(C)c1ccc(NC(=O)c2scnc2CCc2ccncc2)cc1,6.8873
CC(C)c1ccc(NC(=O)c2scnc2CCc2cnoc2)cc1,5.7932
CC(C)(C)c1ccc(NC(=O)c2scnc2CCc2ccnc3ccccc23)cc1,5.6003
CC(C)(C)c1ccc(NC(=O)c2scnc2CCc2ccncc2)cc1,7.0476
CC(C)(C)c1ccc(NC(=O)c2scnc2CCc2cnoc2)cc1,5.8132
O=C(Nc1ccc(Cl)cc1)c1scnc1CCc1ccnc2ccccc12,5.4711
O=C(Nc1ccc(Cl)cc1)c1scnc1CCc1ccncc1,6.9542
O=C(Nc1cnc2ccccc2c1)c1ccccc1NCc1ccncc1,7.3010
COC(=O)c1c(OCCN(C)C)c2ccccc2c2oc3c(c12)C(=O)c1ccccc1C3=O,4.8861
N#CC(C#N)=C(N)/C(C#N)=C/c1cc(O)c(O)c(O)c1,5.3665
COC(=O)c1c(OCCN2CCCCC2)c2ccccc2c2oc3c(c12)C(=O)c1ccccc1C3=O,5.3372
COC(=O)c1c(OCCN2CCCC2)c2ccccc2c2oc3c(c12)C(=O)c1ccccc1C3=O,5.2596
COC(=O)c1c(OCCCN(C)C)c2ccccc2c2oc3c(c12)C(=O)c1ccccc1C3=O,4.8097
CCN(CC)CCOc1c(C(=O)OC)c2c3c(oc2c2ccccc12)C(=O)c1ccccc1C3=O,4.8996
COc1cc2c(Nc3ncc(CC(=O)Nc4cccc(F)c4)s3)ncnc2cc1OCCCN1CCC(CO)CC1,6.0000
COc1cc(C2=C(c3c[nH]c4ccccc34)C(=O)NC2=O)cc(OC)c1OC,8.0935
COc1cc2c3c(c4c5ccccc5n(C)c4c2c(OC)c1OC)C(=O)NC3=O,6.1938
COc1cc2c3c(c4c5ccccc5[nH]c4c2c(OC)c1OC)C(=O)NC3=O,7.2076
COc1cc(C2=C(c3cn(C)c4ccccc34)C(=O)NC2=O)cc(OC)c1OC,6.2218
COc1ccc2[nH]cc(C3=C(c4cc(OC)c(OC)c(OC)c4)C(=O)NC3=O)c2c1,6.0315
COc1ccc(C2=C(c3c[nH]c4ccccc34)C(=O)NC2=O)cc1OC,6.3665
COc1cc(C2=C(c3cc[nH]c3)C(=O)NC2=O)cc(OC)c1OC,5.6021
N#Cc1cnc(Nc2ccncn2)s1,6.0044
N#Cc1cnc(Nc2cc(N3CCN(CCN4CCCC4)CC3)ncn2)s1,8.0022
N#Cc1cnc(Nc2cc(N3CCN(CCCN4CCOCC4)CC3)ncn2)s1,7.8191
N#Cc1cnc(Nc2cc(N3CCN(CCN4CCOCC4)CC3)ncn2)s1,7.8210
COCCN1CCN(c2cc(Nc3ncc(C#N)s3)ncn2)CC1,7.8517
N#Cc1cnc(Nc2cc(N3CCCNCC3)ncn2)s1,7.5317
N#Cc1cnc(Nc2cc(N3CCCC(N)CC3)ncn2)s1,7.9348
N#Cc1cnc(Nc2cc(N3CCC(N)C3)ncn2)s1,7.7368
N#Cc1cnc(Nc2cc(N3CCC(N)CC3)ncn2)s1,7.6146
CN1CCN(c2cc(Nc3ncc(C#N)s3)ncn2)CC1,7.8191
N#Cc1cnc(Nc2cc(N3CCNCC3)ncn2)s1,7.6322
CC(=O)N1CCN(c2cc(Nc3ncc(C#N)s3)ncn2)CC1,7.6213
CC(=O)N1CCN(c2nccc(Nc3ncc(C#N)s3)n2)CC1,6.8153
N#Cc1cnc(Nc2cc(N)ncn2)s1,7.3872
N#Cc1cnc(Nc2ccnc(N)n2)s1,6.2541
Cn1cnc(NCc2ccncc2)c1-c1nnc(Nc2ccc(Cl)cc2)o1,6.4231
Cn1cnc(NCCc2ccc3c(c2)OCO3)c1-c1nnc(Nc2ccc(Cl)cc2)o1,6.0177
Cn1cnc(NCc2ccncc2)c1-c1nnc(Nc2ccc(Cl)c(Cl)c2)o1,6.6649
COc1cccc(Nc2nnc(-c3c(NCc4ccncc4)ncn3C)o2)c1,7.0399
Cc1cccc(Nc2nnc(-c3c(NCc4ccncc4)ncn3C)o2)c1,6.1487
Cn1cnc(NCc2ccncc2)c1-c1nnc(Nc2cccc(OC(F)(F)F)c2)o1,7.1116
Cn1cnc(NCc2ccncc2)c1-c1nnc(Nc2ccc(C(F)(F)F)cc2)o1,7.1114
Cn1cnc(NCc2ccncc2)c1-c1nnc(Nc2ccc(OC(F)(F)F)cc2)o1,7.1060
Cn1cnc(NCc2ccncc2)c1-c1nnc(Nc2ccc(OC(F)(F)Cl)cc2)o1,6.9519
CC(C)c1ccc(Nc2nnc(-c3c(NCc4ccncc4)ncn3C)o2)cc1,6.1479
Cn1cnc(NCc2ccncc2)c1-c1nnc(Nc2ccc(C(C)(C)C)cc2)o1,6.1995
Cn1cnc(NCc2cccc3ncccc23)c1-c1nnc(Nc2ccc(Cl)cc2)o1,5.4510
Cn1cnc(NCc2ccc3[nH]ncc3c2)c1-c1nnc(Nc2ccc(Cl)cc2)o1,5.6253
Cn1cnc(NCc2ccc(F)c(F)c2)c1-c1nnc(Nc2ccc(Cl)cc2)o1,5.4892
Cn1cnc(NCc2ccncc2)c1-c1nnc(Nc2ccc(-c3ccccc3)cc2)o1,5.4921
Cn1cnc(NCc2ccncc2)c1-c1nnc(Nc2ccc(Br)cc2)o1,6.1367
Cn1cnc(NCc2ccncc2)c1-c1nnc(NCc2ccc3c(c2)OCO3)o1,6.7113
Cc1ccc(Nc2nnc(-c3c(NCc4ccncc4)ncn3C)o2)c(F)c1,6.3894
Cn1cnc(NCc2ccncc2)c1-c1nnc(Nc2ccc(Cl)c(C(F)(F)F)c2)o1,7.1833
COc1ccc(Nc2nnc(-c3c(NCc4ccncc4)ncn3C)o2)cc1OC,7.1578
Clc1ccc(Nc2nnc(-c3cccc4cnccc34)c3ccccc23)cc1,7.3188
CC(C)(C)c1ccc(Nc2nnc(-c3cccc4ncccc34)c3ccccc23)cc1,5.6990
Cc1cc2cc(Nc3nnc(-c4cccc5cnccc45)c4ccccc34)ccc2[nH]1,6.6383
Cc1ccc(Nc2nnc(-c3cccc4cnccc34)c3ccccc23)c(F)c1,6.3665
FC(F)(F)c1cc(Nc2nnc(-c3cccc4cnccc34)c3ccccc23)ccc1Cl,6.9208
Clc1ccc(Nc2nnc(-c3cccc4cnccc34)c3ccccc23)cc1Cl,6.9586
c1cc(-c2nnc(Nc3ccc(N4CCOCC4)cc3)c3ccccc23)c2ccncc2c1,6.4089
Cc1cccc(Nc2nnc(-c3cccc4cnccc34)c3ccccc23)c1,6.5686
FC(F)(Cl)Oc1ccc(Nc2nnc(-c3cccc4cnccc34)c3ccccc23)cc1,7.1024
CC(C)c1ccc(Nc2nnc(-c3cccc4cnccc34)c3ccccc23)cc1,7.7696
CC(C)(C)c1ccc(Nc2nnc(-c3cccc4cnccc34)c3ccccc23)cc1,7.1249
O=C(Nc1ccc(Cc2ccccc2)cc1)c1ccccc1Cn1ccc2ncnc-2c1,5.6737
O=C(Nc1ccc(Oc2ccccc2)cc1)c1ccccc1Cn1ccc2ncnc-2c1,5.8097
O=C(Nc1ccc(-c2ccccc2)cc1)c1ccccc1Cn1ccc2ncnc-2c1,6.1612
O=C(Nc1ccc(Br)cc1)c1ccccc1Cn1ccc2ncnc-2c1,6.4202
O=C(Nc1ccc(Br)cc1)c1ccccc1Cn1ccc2cnccc21,6.3565
O=C(Nc1ccc2c(c1)OCO2)c1ccccc1Cn1ccc2ncnc-2c1,6.6383
O=C(Nc1ccc2c(c1)OCO2)c1ccccc1Cn1ccc2cnccc21,6.8861
Cc1ccc(NC(=O)c2ccccc2Cn2ccc3ncnc-3c2)c(F)c1,6.6778
Cc1ccc(NC(=O)c2ccccc2Cn2ccc3cnccc32)c(F)c1,6.5376
O=C(Nc1ccc(Cl)c(C(F)(F)F)c1)c1ccccc1Cn1ccc2ncnc-2c1,6.3565
O=C(Nc1ccc(Cl)c(C(F)(F)F)c1)c1ccccc1Cn1ccc2cnccc21,6.5086
O=C(Nc1ccc(Cl)c(Cl)c1)c1ccccc1Cn1ccc2ncnc-2c1,7.2518
O=C(Nc1ccc(Cl)c(Cl)c1)c1ccccc1Cn1ccc2cnccc21,7.1805
O=C(Nc1ccc(N2CCOCC2)cc1)c1ccccc1Cn1ccc2ncnc-2c1,6.6778
O=C(Nc1ccc(N2CCOCC2)cc1)c1ccccc1Cn1ccc2cnccc21,6.5528
Cc1cccc(NC(=O)c2ccccc2Cn2ccc3ncnc-3c2)c1,6.4559
Cc1cccc(NC(=O)c2ccccc2Cn2ccc3cnccc32)c1,6.3279
O=C(Nc1ccc(OC(F)(F)Cl)cc1)c1ccccc1Cn1ccc2ncnc-2c1,7.0223
O=C(Nc1ccc(OC(F)(F)Cl)cc1)c1ccccc1Cn1ccc2cnccc21,7.1367
CC(C)c1ccc(NC(=O)c2ccccc2Cn2ccc3ncnc-3c2)cc1,6.9586
CC(C)c1ccc(NC(=O)c2ccccc2Cn2ccc3cnccc32)cc1,7.0605
CC(C)(C)c1ccc(NC(=O)c2ccccc2Cn2ccc3ncnc-3c2)cc1,7.2147
CC(C)(C)c1ccc(NC(=O)c2ccccc2Cn2ccc3cnccc32)cc1,7.2840
O=C(Nc1ccc(Cl)cc1)c1ccccc1Cn1cc(-c2ccncc2)cn1,5.3686
O=C(Nc1ccc(Cl)cc1)c1ccccc1Cn1ccc2ncnc-2c1,7.3279
O=C(Nc1ccc(Cl)cc1)c1ccccc1Cn1ccc2cnccc21,7.0362
COc1cc2ncn(Cc3ccccc3C(=O)Nc3ccc(Cl)cc3)c2cc1OC,5.4498
Clc1ccc2[nH]c(-c3ccccc3Cn3ccc4cnccc43)nc2c1,5.5751
CCOC(=O)c1cn2ncnc(Oc3ccc4[nH]ccc4c3)c2c1C,7.0605
COC(=O)c1cn2ncnc(Oc3ccc4[nH]c(C)cc4c3F)c2c1C,7.7696
COC(=O)c1cn2ncnc(Oc3ccc4[nH]c(C)cc4c3)c2c1C,7.1079
CCOC(=O)c1cn2ncnc(Oc3ccc4[nH]ccc4c3)c2c1C(C)C,6.3279
CCOC(=O)c1cn2ncnc(Oc3ccc4[nH]ccc4c3)c2c1CC,6.5086
COC(=O)c1cc2c(Oc3ccc4[nH]ccc4c3)ncnn2c1,6.6778
Cc1cc2c(F)c(Oc3ncnn4cc(O)c(C)c34)ccc2[nH]1,7.6198
Cc1cc2c(F)c(Oc3ncnn4cc(OCCCNS(C)(=O)=O)c(C)c34)ccc2[nH]1,7.1805
Cc1cc2c(F)c(Oc3ncnn4cc(OCCCS(C)(=O)=O)c(C)c34)ccc2[nH]1,7.1549
COC[C@@H](O)COc1cn2ncnc(Oc3ccc4[nH]c(C)cc4c3F)c2c1C,7.3768
Cc1cc2c(F)c(Oc3ncnn4cc(OC[C@H](C)O)c(C)c34)ccc2[nH]1,7.5485
Cc1cc2c(F)c(Oc3ncnn4cc(OC[C@@H](C)O)c(C)c34)ccc2[nH]1,7.5935
Cc1cc2c(F)c(Oc3ncnn4cc(OCCN5CC[C@H](O)C5)c(C)c34)ccc2[nH]1,7.6198
Cc1cc2c(F)c(Oc3ncnn4cc(OCCCN5CCCC5)c(C)c34)ccc2[nH]1,7.6990
Cc1cc2c(F)c(Oc3ncnn4cc(OCCC5CCN(C)CC5)c(C)c34)ccc2[nH]1,7.6990
Cc1cc2c(F)c(Oc3ncnn4cc(OCCCN5CCCCC5)c(C)c34)ccc2[nH]1,7.7696
COc1ccc(N2Cc3cnc(Nc4ccc(F)cc4)nc3N([C@@H]3CC[C@@H](O)C3)C2=O)cc1,7.3010
c1ccc(-c2ccc(Nc3nnc(-c4cccnc4CCc4ccncc4)o3)cc2)cc1,5.5800
Cn1cc(/C=C2\C(=O)NN=C2c2nccs2)c2cc3c(cc21)OCO3,7.4949
Cn1cc(/C=C2\C(=O)NN=C2c2nccs2)c2c(Br)cccc21,7.3468
Cn1cc(/C=C2\C(=O)NN=C2c2nccs2)c2cc(Cl)ccc21,7.2291
Cn1cc(/C=C2\C(=O)NN=C2c2nccs2)c2cc(F)ccc21,7.3098
Cn1cc(/C=C2\C(=O)NN=C2c2nccs2)c2ccccc21,7.3372
Cn1cc(/C=C2\C(=O)NN=C2c2cnccn2)c2cc3c(cc21)OCO3,7.7696
COc1cccc2c1c(/C=C1\C(=O)NN=C1c1cnccn1)cn2C,7.5850
Cn1cc(/C=C2\C(=O)NN=C2c2cnccn2)c2c(Br)cccc21,8.2218
Cn1cc(/C=C2\C(=O)NN=C2c2cnccn2)c2c(Cl)cccc21,8.0458
Cn1cc(/C=C2\C(=O)NN=C2c2cnccn2)c2c(F)cccc21,7.7696
COc1ccc2c(c1)c(/C=C1\C(=O)NN=C1c1cnccn1)cn2C,7.5229
Cn1cc(/C=C2\C(=O)NN=C2c2cnccn2)c2cc(Cl)ccc21,8.0000
Cn1cc(/C=C2\C(=O)NN=C2c2cnccn2)c2cc(F)ccc21,7.6383
Cc1cc(C)c(/C=C2\C(=O)NN=C2c2ccccc2)[nH]1,5.5686
Cc1cc(C)c(/C=C2\C(=O)NN=C2c2nccs2)[nH]1,7.2007
FC(F)(F)c1cccc(Nc2nnc(-c3cnccc3CCc3ccncc3)o2)c1,5.8689
FC(F)(F)c1cccc(Nc2nnc(-c3ccncc3CCc3ccncc3)o2)c1,6.1032
FC(F)(F)c1cccc(Nc2nnc(-c3cccnc3CCc3ccncc3)o2)c1,7.0762
c1cnc(CCc2ccncc2)c(-c2nnc(NCc3ccc4c(c3)OCO4)o2)c1,6.8041
Cc1ccc(Nc2nnc(-c3cccnc3CCc3ccncc3)o2)cc1C(F)(F)F,7.0483
COc1ccc(Nc2nnc(-c3cccnc3CCc3ccncc3)o2)cc1OC,7.0663
Clc1ccc(Nc2nnc(-c3cccnc3CCc3ccncc3)o2)cc1Cl,6.5646
COc1cccc(Nc2nnc(-c3cccnc3CCc3ccncc3)o2)c1,6.6536
Cc1cccc(Nc2nnc(-c3cccnc3CCc3ccncc3)o2)c1,5.8915
FC(F)(F)Oc1cccc(Nc2nnc(-c3cnccc3CCc3ccncc3)o2)c1,6.1894
FC(F)(F)Oc1cccc(Nc2nnc(-c3ccncc3CCc3ccncc3)o2)c1,6.1967
FC(F)(F)Oc1cccc(Nc2nnc(-c3cccnc3CCc3ccncc3)o2)c1,7.0599
FC(F)(F)c1ccc(Nc2nnc(-c3cnccc3CCc3ccncc3)o2)cc1,6.2437
FC(F)(F)Oc1ccc(Nc2nnc(-c3cnccc3CCc3ccncc3)o2)cc1,6.3681
FC(F)(Cl)Oc1ccc(Nc2nnc(-c3cnccc3CCc3ccncc3)o2)cc1,6.2928
FC(F)(F)c1ccc(Nc2nnc(-c3ccncc3CCc3ccncc3)o2)cc1,6.3401
FC(F)(F)Oc1ccc(Nc2nnc(-c3ccncc3CCc3ccncc3)o2)cc1,6.3182
FC(F)(Cl)Oc1ccc(Nc2nnc(-c3ccncc3CCc3ccncc3)o2)cc1,6.4667
FC(F)(F)c1ccc(Nc2nnc(-c3cccnc3CCc3ccncc3)o2)cc1,7.1192
FC(F)(F)Oc1ccc(Nc2nnc(-c3cccnc3CCc3ccncc3)o2)cc1,7.3245
FC(F)(Cl)Oc1ccc(Nc2nnc(-c3cccnc3CCc3ccncc3)o2)cc1,7.3565
CC(C)(C)c1ccc(Nc2nnc(-c3cnccc3CCc3ccncc3)o2)cc1,6.3963
CC(C)c1ccc(Nc2nnc(-c3ccncc3CCc3ccncc3)o2)cc1,6.5055
CC(C)(C)c1ccc(Nc2nnc(-c3ccncc3CCc3ccncc3)o2)cc1,6.6080
CC(C)c1ccc(Nc2nnc(-c3cccnc3CCc3ccncc3)o2)cc1,7.2087
CC(C)(C)c1ccc(Nc2nnc(-c3cccnc3CCc3ccncc3)o2)cc1,7.2007
c1cnc(CCc2ccncc2)c(-c2nnc(Nc3cnc4ccccc4c3)o2)c1,6.4202
FC(F)(F)c1cccc(Nc2nnc(-c3cccnc3CCc3cccc4ncccc34)o2)c1,5.2487
FC(F)(F)c1cccc(Nc2nnc(-c3cccnc3CCc3ccc4[nH]ncc4c3)o2)c1,5.4123
Cc1cc(C)c(/C=C2\C(=O)NN=C2c2ccoc2)[nH]1,6.8041
Cc1cc(C)c(/C=C2\C(=O)NN=C2c2cnccn2)[nH]1,7.3665
O=C(NC1CC1)c1cc(NCc2cnc(Nc3ccccn3)s2)c(F)cc1F,7.5181
CNC(=O)c1cc(NCc2cnc(Nc3ccccn3)s2)c(F)cc1F,7.1487
O=C(NCCN1CCOCC1)c1ccc(F)c(NCc2cnc(Nc3ccccn3)s2)c1,7.0706
O=C(NCc1ccccn1)c1ccc(F)c(NCc2cnc(Nc3ccccn3)s2)c1,7.1938
O=C(NCc1ccccc1)c1ccc(F)c(NCc2cnc(Nc3ccccn3)s2)c1,7.7696
O=C(NC1CCCC1)c1ccc(F)c(NCc2cnc(Nc3ccccn3)s2)c1,6.9586
O=C(NC1CC1)c1ccc(F)c(CCc2cnc(Nc3ccccn3)s2)c1,7.8539
O=C(NC1CC1)c1ccc(F)c(NCc2cnc(Nc3ccccn3)s2)c1,7.5376
CNC(=O)c1ccc(F)c(NCc2cnc(Nc3ccccn3)s2)c1,7.5229
CNC(=O)c1cccc(NCc2cnc(Nc3ccccn3)s2)c1,6.5528
CNC(=O)c1cccc(CSc2cnc(Nc3ccccn3)s2)c1,7.0555
CONC(=O)c1cccc(CSc2cnc(Nc3ccccn3)s2)c1,7.1308
COc1ccc(C(=O)Nc2ncc(SCc3ncc(C(C)(C)C)o3)s2)cc1OC,5.7212
COc1ccccc1N(C(=O)Oc1c(C)cccc1C)c1ccnc(Nc2ccc(N3CCN(C)CC3)cc2)n1,6.7212
COc1ccc(N(C(=O)Oc2c(C)cccc2C)c2ccnc(Nc3ccc(N4CCN(C)CC4)cc3)n2)cc1,6.3768
Cc1cccc(C)c1OC(=O)N(c1ccnc(Nc2ccc(N3CCN(C)CC3)cc2)n1)c1ccc(F)cc1OC(C)C,5.3188
COc1ccc(N(C(=O)Oc2c(C)cccc2C)c2ccnc(Nc3ccc(N4CCN(C)CC4)cc3)n2)c(OC)c1,6.1938
COc1ccc(OC)c(N(C(=O)Oc2c(C)cccc2C)c2ccnc(Nc3ccc(N4CCN(C)CC4)cc3)n2)c1,6.6990
Cc1cccc(C)c1OC(=O)N(c1ccc2ccccc2c1)c1ccnc(Nc2ccc(N3CCN(C)CC3)cc2)n1,6.8861
Cc1cccc(C)c1OC(=O)N(c1ccc(-c2ccccc2)cc1)c1ccnc(Nc2ccc(N3CCN(C)CC3)cc2)n1,6.2291
Cc1cccc(C)c1OC(=O)N(c1cccc(-c2ccccc2)c1)c1ccnc(Nc2ccc(N3CCN(C)CC3)cc2)n1,5.7212
COc1ccc(N(C(=O)Oc2c(C)cccc2C)c2ccnc(Nc3ccc(N4CCN(C)CC4)c(OC)c3)n2)c(OC)c1,6.8539
COc1ccc(N(C(=O)Oc2c(C)cccc2C)c2ccnc(Nc3cc(OC)c(N4CCN(C)CC4)c(OC)c3)n2)c(OC)c1,6.7696
COc1ccc(N(C(=O)Oc2c(C)cccc2C)c2ccnc(Nc3ccc(N4CCN(C)CC4)c(F)c3)n2)c(OC)c1,6.5850
COc1ccc(N(C(=O)Oc2c(C)cccc2C)c2ccnc(Nc3ccc(OCCN(C)C)cc3)n2)c(OC)c1,6.6576
COc1ccc(N(C(=O)Oc2c(C)cccc2C)c2ccnc(Nc3ccc(OCCCN(C)C)cc3)n2)c(OC)c1,6.6383
COc1ccc(N(C(=O)Oc2c(C)cccc2C)c2ccnc(Nc3ccc(OCCN4CCN(C)CC4)cc3)n2)c(OC)c1,6.2441
COc1ccc(N(C(=O)Oc2c(C)cccc2C)c2ccnc(Nc3cc(OC)c(OCCN4CCN(C)CC4)c(OC)c3)n2)c(OC)c1,6.6383
COc1ccc(N(C(=O)Oc2c(C)cccc2C)c2ccnc(Nc3cc(OC)c(OCCN4CCOCC4)c(OC)c3)n2)c(OC)c1,6.7696
COc1ccc(N(C(=O)Oc2c(C)cccc2C)c2ccnc(Nc3ccc(OCCN4CCCCC4)cc3)n2)c(OC)c1,6.4559
COc1ccc(N(C(=O)Oc2c(C)cccc2C)c2ccnc(Nc3ccc(OCCCN4CCN(C)CC4)c(OC)c3)n2)c(OC)c1,6.6778
COc1ccc(N(C(=O)Oc2c(C)cccc2C)c2ccnc(Nc3cc(OC)c(OCCCN4CCN(C)CC4)c(OC)c3)n2)c(OC)c1,6.8539
COc1ccc(N(C(=O)Oc2c(C)cccc2C)c2ccnc(Nc3ccc(OCCCN4CCN(C)CC4)c(F)c3)n2)c(OC)c1,6.2291
COc1ccc(N(C(=O)Oc2c(C)cccc2C)c2ccnc(Nc3ccc(OCCCN4CCCCC4)c(F)c3)n2)c(OC)c1,6.2076
Cc1cccc(C)c1OC(=O)N(c1ccccc1)c1ccnc(Nc2ccc(N3CCN(C)CC3)cc2)n1,6.7212
c1csc(-c2n[nH]c3c2Cc2ccccc2-3)c1,6.0315
c1cn(Cc2ccc3c(c2)-c2[nH]nc(-c4ccsc4)c2C3)cn1,6.5331
CN1CCN(Cc2cccc3c2Cc2c(-c4ccccc4)n[nH]c2-3)CC1,4.8508
CN1CCN(Cc2ccc3c(c2)Cc2c(-c4ccccc4)n[nH]c2-3)CC1,6.1524
CN1CCN(Cc2ccc3c(c2)-c2[nH]nc(-c4ccccc4)c2C3)CC1,6.2218
CN1CCN(Cc2cccc(-c3[nH]nc4c3Cc3ccccc3-4)c2)CC1,5.4685
CN1CCN(Cc2ccc(-c3[nH]nc4c3Cc3ccccc3-4)cc2)CC1,5.8539
CN1CCN(Cc2ccc3c(c2)Cc2c(-c4ccc(O)cc4)n[nH]c2-3)CC1,6.3010
CN1CCN(Cc2ccc3c(c2)Cc2c(-c4cccnc4)n[nH]c2-3)CC1,5.0362
CN1CCN(Cc2ccc3c(c2)Cc2c(-c4cccs4)n[nH]c2-3)CC1,5.9788
CN1CCN(Cc2ccc3c(c2)Cc2c(-c4ccsc4)n[nH]c2-3)CC1,6.3979
CN1CCN(Cc2ccc3c(c2)-c2[nH]nc(-c4ccsc4)c2C3)CC1,6.7447
CN1CCN(Cc2ccc3c(c2)Cc2c(-c4cncs4)n[nH]c2-3)CC1,5.5467
CN1CCN(Cc2ccc3c(c2)Cc2c(-c4cscn4)n[nH]c2-3)CC1,5.1261
CN1CCN(Cc2ccc3c(c2)Cc2c(-c4nccs4)n[nH]c2-3)CC1,4.7788
Cc1ccc(-c2n[nH]c3c2Cc2cc(CN4CCN(C)CC4)ccc2-3)s1,5.2620
Cc1csc(-c2n[nH]c3c2Cc2cc(CN4CCN(C)CC4)ccc2-3)c1,4.9017
CN1CCN(c2ccc3c(c2)Cc2c(-c4cccs4)n[nH]c2-3)CC1,2.9978
CN1CCN(CCc2ccc3c(c2)-c2[nH]nc(-c4ccsc4)c2C3)CC1,3.8447
CCN(CC)Cc1ccc2c(c1)-c1[nH]nc(-c3ccsc3)c1C2,3.0841
CC(C)N1CCN(Cc2ccc3c(c2)-c2[nH]nc(-c4ccsc4)c2C3)CC1,3.7212
CN1CCN(C(=O)c2ccc3c(c2)-c2[nH]nc(-c4ccsc4)c2C3)CC1,2.3892
O=CN1CCN(Cc2ccc3c(c2)-c2[nH]nc(-c4ccsc4)c2C3)CC1,3.1772
c1cn(Cc2ccc3c(c2)-c2[nH]nc(-c4ccsc4)c2C3)nn1,3.7212
c1ncn(Cc2ccc3c(c2)-c2[nH]nc(-c4ccsc4)c2C3)n1,3.9666
c1ccc(-c2n[nH]c3c2Cc2ccccc2-3)cc1,5.9208
Cc1cccc(NC(=O)Nc2ccc(-c3noc4ncnc(N)c34)cc2)c1,7.0000
Nc1ncnc2onc(-c3ccc(NC(=O)Nc4cccc(C(F)(F)F)c4)cc3)c12,7.1549
Nc1ncnc2snc(-c3ccc(NC(=O)Nc4cccc(C(F)(F)F)c4)cc3)c12,8.3495
CCc1cccc(NC(=O)Nc2ccc(-c3nsc4ncnc(N)c34)cc2)c1,8.3010
Nc1ncnc2snc(-c3ccc(NC(=O)Nc4cccc(Cl)c4)cc3)c12,7.5111
Cc1ccc(F)c(NC(=O)Nc2ccc(-c3nsc4ncnc(N)c34)cc2)c1,7.7001
CCc1cccc(NC(=O)Nc2ccc(-c3noc4ncnc(N)c34)cc2)c1,7.1109
Nc1ncnc2onc(-c3ccc(NC(=O)Nc4cc(C(F)(F)F)ccc4F)cc3)c12,6.5312
Cc1cccc(NC(=O)Nc2ccc(-c3nsc4ncnc(N)c34)cc2)c1,8.4430
Cc1cc(C)c2oc(Nc3ccc(-c4nsc5ncnc(N)c45)cc3)nc2c1,4.3665
Cc1cccc(NC(=O)Nc2ccc(Cc3nsc4ncnc(N)c34)cc2)c1,5.0655
Nc1ncnc2snc(Cc3ccc(NC(=O)Nc4cccc(C(F)(F)F)c4)cc3)c12,5.6778
Cc1cccc(NC(=O)Nc2ccc(-c3noc4ncnc(N)c34)o2)c1,4.6576
Nc1ncnc2onc(-c3ccc(NC(=O)Nc4cccc(C(F)(F)F)c4)o3)c12,4.7959
Nc1ncnc2snc(-c3ccc(NC(=O)Nc4cc(C(F)(F)F)ccc4F)cc3)c12,7.7959
Nc1ccc(-c2nsc3ncnc(N)c23)cc1,4.3372
CN1CCN(Cc2ccc3c(c2)-c2n[nH]c(-c4ccc(CN(C)C(=O)Nc5cccc(C(F)(F)F)c5)s4)c2C3)CC1,7.9586
Cc1cccc(NC(=O)N(Cc2ccc(-c3n[nH]c4c3Cc3cc(CN5CCN(C)CC5)ccc3-4)s2)C2CC2)c1,7.2224
CCCN(Cc1ccc(-c2[nH]nc3c2Cc2cc(CN4CCN(C)CC4)ccc2-3)s1)C(=O)Nc1cccc(C)c1,7.0796
CN1CCN(Cc2ccc3c(c2)Cc2c-3n[nH]c2-c2ccc(CN(C)C(=O)Nc3cccc(OC(F)(F)F)c3)s2)CC1,7.1151
CN1CCN(Cc2ccc3c(c2)Cc2c-3n[nH]c2-c2ccc(CN(C)C(=O)Nc3cc(F)cc(C(F)(F)F)c3)s2)CC1,7.1658
Cc1cccc(NC(=O)NCc2ccc(-c3n[nH]c4c3Cc3cc(CN5CCN(C)CC5)ccc3-4)s2)c1,7.0252
Cc1cccc(NC(=O)N(C)Cc2ccc(-c3n[nH]c4c3Cc3cc(CN5CCN(C)CC5)ccc3-4)s2)c1,6.8171
Cc1cccc(NC(=O)OCc2ccc(-c3n[nH]c4c3Cc3cc(CN5CCN(C)CC5)ccc3-4)s2)c1,6.5379
Cc1cccc(NC(=O)NCc2ccc(-c3n[nH]c4c3Cc3ccc(CN5CCN(C)CC5)cc3-4)s2)c1,7.3188
Cc1cccc(NC(=O)NCc2cc(-c3n[nH]c4c3Cc3cc(CN5CCN(C)CC5)ccc3-4)cs2)c1,6.7447
Cc1cccc(NC(=O)NCc2cc(-c3n[nH]c4c3Cc3ccc(CN5CCN(C)CC5)cc3-4)cs2)c1,6.9914
Cc1cccc(C(=O)NCc2ccc(-c3n[nH]c4c3Cc3cc(CN5CCN(C)CC5)ccc3-4)s2)c1,4.9106
Cc1cccc(CC(=O)NCc2ccc(-c3n[nH]c4c3Cc3cc(CN5CCN(C)CC5)ccc3-4)s2)c1,5.5564
Cc1cccc(NC(=O)CCc2ccc(-c3n[nH]c4c3Cc3cc(CN5CCN(C)CC5)ccc3-4)s2)c1,6.6737
CN1CCN(Cc2ccc3c(c2)Cc2c(-c4csc(CNS(=O)(=O)c5ccccc5)c4)n[nH]c2-3)CC1,4.6422
CN1CCN(Cc2ccc3c(c2)Cc2c(-c4ccc(CNC(=O)Oc5ccccc5)s4)n[nH]c2-3)CC1,4.6169
Cc1cccc(NC(=O)N2CCc3cc(-c4n[nH]c5c4Cc4cc(CN6CCN(C)CC6)ccc4-5)sc3C2)c1,6.3382
Cc1ccccc1NC(=O)NCc1ccc(-c2n[nH]c3c2Cc2cc(CN4CCN(C)CC4)ccc2-3)s1,6.3526
Cc1ccc(NC(=O)NCc2ccc(-c3n[nH]c4c3Cc3cc(CN5CCN(C)CC5)ccc3-4)s2)cc1,6.5114
CN1CCN(Cc2ccc3c(c2)Cc2c(-c4ccc(CNC(=O)Nc5ccccc5C(F)(F)F)s4)n[nH]c2-3)CC1,5.5403
CN1CCN(Cc2ccc3c(c2)Cc2c(-c4ccc(CNC(=O)Nc5cccc(C(F)(F)F)c5)s4)n[nH]c2-3)CC1,7.4685
CN1CCN(Cc2ccc3c(c2)Cc2c(-c4ccc(CNC(=O)Nc5ccc(C(F)(F)F)cc5)s4)n[nH]c2-3)CC1,6.5513
CN1CCN(Cc2ccc3c(c2)Cc2c(-c4ccc(CNC(=O)Nc5ccccc5Cl)s4)n[nH]c2-3)CC1,6.7011
Cc1cc(C)cc(NC(=O)NCc2ccc(-c3n[nH]c4c3Cc3cc(CN5CCN(C)CC5)ccc3-4)s2)c1,7.2007
CN1CCN(Cc2ccc3c(c2)Cc2c(-c4ccc(CNC(=O)Nc5cc(Cl)cc(Cl)c5)s4)n[nH]c2-3)CC1,7.1024
Cc1cccc(N(C)C(=O)NCc2ccc(-c3[nH]nc4c3Cc3cc(CN5CCN(C)CC5)ccc3-4)s2)c1,5.3181
Cc1cccc(N(C)C(=O)N(C)Cc2ccc(-c3[nH]nc4c3Cc3cc(CN5CCN(C)CC5)ccc3-4)s2)c1,5.1274
Cc1ccccc1NC(=O)N(C)Cc1ccc(-c2[nH]nc3c2Cc2cc(CN4CCN(C)CC4)ccc2-3)s1,6.9136
CN1CCN(Cc2ccc3c(c2)Cc2c-3n[nH]c2-c2ccc(CN(C)C(=O)Nc3ccccc3Cl)s2)CC1,6.7447
CCN(Cc1ccc(-c2[nH]nc3c2Cc2cc(CN4CCN(C)CC4)ccc2-3)s1)C(=O)Nc1cccc(C)c1,7.3468
Cc1cccc(NC(=O)N(Cc2ccc(-c3[nH]nc4c3Cc3cc(CN5CCN(C)CC5)ccc3-4)s2)C(C)C)c1,6.9101
Cc1cccc(NC(=O)N(Cc2ccc(-c3[nH]nc4c3Cc3cc(CN5CCN(C)CC5)ccc3-4)s2)CC(C)C)c1,6.7852
Cc1cccc(NC(=O)N(CCC(C)C)Cc2ccc(-c3[nH]nc4c3Cc3cc(CN5CCN(C)CC5)ccc3-4)s2)c1,6.5817
CON(Cc1ccc(-c2[nH]nc3c2Cc2cc(CN4CCN(C)CC4)ccc2-3)s1)C(=O)Nc1cccc(C)c1,6.5867
COCCN(Cc1ccc(-c2[nH]nc3c2Cc2cc(CN4CCN(C)CC4)ccc2-3)s1)C(=O)Nc1cccc(C)c1,6.7670
CN1CCN(Cc2ccc3c(c2)-c2[nH]nc(-c4ccc(CNC(=O)Nc5ccccc5)s4)c2C3)CC1,6.7352
Cc1ccccc1NC(=O)NCc1ccc(-c2n[nH]c3c2Cc2ccc(CN4CCN(C)CC4)cc2-3)s1,6.7986
Cc1ccc(NC(=O)NCc2ccc(-c3n[nH]c4c3Cc3ccc(CN5CCN(C)CC5)cc3-4)s2)cc1,6.9830
Cc1cccc(NC(=O)N(C)Cc2ccc(-c3n[nH]c4c3Cc3ccc(CN5CCN(C)CC5)cc3-4)s2)c1,7.2924
CN1CCN(Cc2ccc3c(c2)-c2n[nH]c(-c4ccc(CN(C)C(=O)Nc5cccc(Cl)c5)s4)c2C3)CC1,7.9208
CN1CCN(Cc2ccc3c(c2)-c2n[nH]c(-c4ccc(CN(C)C(=O)Nc5ccc(F)cc5)s4)c2C3)CC1,7.7959
CN1CCN(Cc2ccc3c(c2)-c2n[nH]c(-c4ccc(CN(C)C(=O)Nc5ccc(OC(F)(F)F)cc5)s4)c2C3)CC1,7.7696
CN1CCN(Cc2ccc3c(c2)-c2n[nH]c(-c4ccc(CN(C)C(=O)Nc5ccc(Cl)c(Cl)c5)s4)c2C3)CC1,7.7447
CN1CCN(Cc2ccc3c(c2)-c2n[nH]c(-c4ccc(CN(C)C(=O)Nc5ccc(Br)cc5)s4)c2C3)CC1,7.7212
CN1CCN(Cc2ccc3c(c2)-c2n[nH]c(-c4ccc(CN(C)C(=O)Nc5ccc(Cl)cc5)s4)c2C3)CC1,7.6778
CNc1ncc2cc(-c3cc(C(=O)Nc4cccc(C(F)(F)F)c4)ccc3C)ccc2n1,9.0000
Cc1ccc(C(=O)Nc2cccc(C(F)(F)F)c2C)cc1-c1ccc2nc(NC3CC3)ncc2c1,8.2218
Cc1ccc(C(=O)Nc2cccc(C(F)(F)F)c2C)cc1-c1ccc2nc(Nc3ccccc3)ncc2c1,8.3979
Cc1ccc(C(=O)Nc2cccc(C(F)(F)F)c2C)cc1-c1ccc2nc(NC3CCN(C)CC3)ncc2c1,6.9872
Cc1ccc(C(=O)Nc2cccc(C(F)(F)F)c2C)cc1-c1ccc2nc(NCCN3CCCC3)ncc2c1,6.6091
Cc1ccc(C(=O)Nc2cccc(C(F)(F)F)c2C)cc1-c1ccc2nc(NCCN3CCCCC3)ncc2c1,6.7620
Cc1ccc(C(=O)Nc2cccc(C(F)(F)F)c2C)cc1-c1ccc2nc(N(C)CCCN3CCOCC3)ncc2c1,6.5346
Cc1ccc(C(=O)Nc2cccc(C(F)(F)F)c2C)cc1-c1ccc2nc(NCCCN3CCOCC3)ncc2c1,8.1549
Cc1ccc(C(=O)Nc2cccc(C(F)(F)F)c2C)cc1-c1ccc2nc(NCCN3CCOCC3)ncc2c1,7.8239
Cc1ccc(C(=O)Nc2cccc(C(F)(F)F)c2)cc1-c1ccc2nc(NCCN3CCOCC3)ncc2c1,9.0000
Cc1ccc(C(=O)Nc2cccc(C(F)(F)F)c2C)cc1-c1ccc2nc(N)ncc2c1,7.8239
Cc1ccc(C(=O)Nc2cccc(C(F)(F)F)c2)cc1-c1ccc2nc(N)ncc2c1,8.6990
Cc1ccccc1-c1ccc2nc(N)ncc2c1,5.3040
CNc1ncc2cc(-c3cc(Nc4nc5cc(C(F)(F)F)ccc5[nH]4)ccc3C)ccc2n1,5.8422
CNc1ncc2cc(-c3cc(NC(=O)Nc4cccc(C(F)(F)F)c4)ccc3C)ccc2n1,7.2840
CNc1ncc2cc(-c3cc(NC(=O)c4cccc(C(F)(F)F)c4)ccc3C)ccc2n1,8.3010
CNc1ncc2cc(-c3cc(C(=O)Nc4cc(C(F)(F)F)ccc4N4CC(C)(C)C4=O)ccc3C)ccc2n1,6.4437
CCN(CC)CC(=O)Nc1ccc(C(F)(F)F)cc1NC(=O)c1ccc(C)c(-c2ccc3nc(NC)ncc3c2)c1,6.5143
CNc1ncc2cc(-c3cc(C(=O)Nc4cc(C(F)(F)F)ccc4NC(=O)NCCN4CCOCC4)ccc3C)ccc2n1,7.3279
CNc1ncc2cc(-c3cc(C(=O)Nc4cc(C(F)(F)F)ccc4N4CCN(C)C4=O)ccc3C)ccc2n1,6.3363
CNc1ncc2cc(-c3cc(C(=O)Nc4cc(C(F)(F)F)ccc4N4CCCCC4)ccc3C)ccc2n1,5.8492
CNc1ncc2cc(-c3cc(C(=O)Nc4cc(C(F)(F)F)ccc4OC4CCN(C)CC4)ccc3C)ccc2n1,7.7696
CNc1ncc2cc(-c3cc(C(=O)Nc4ccc(Cl)c(C(F)(F)F)c4C)ccc3C)ccc2n1,7.6778
CNc1ncc2cc(-c3cc(C(=O)Nc4ccc(Cl)c(C(F)(F)F)c4)ccc3C)ccc2n1,8.5229
CNc1ncc2cc(-c3cc(C(=O)Nc4ccc(OC5CCN(C)CC5)cc4)ccc3C)ccc2n1,8.0969
CNc1ncc2cc(-c3cc(C(=O)Nc4cccc5c4CCC5)ccc3C)ccc2n1,7.3188
CNc1ncc2cc(-c3cc(C(=O)Nc4cccc(C(F)(F)F)c4C)ccc3C)ccc2n1,8.0969
COc1cc2c(cc1OC)Nc1ncnc(NCc3ccc(F)c(Cl)c3)c1NC2,5.6990
COc1cc2c(cc1OC)Nc1ncnc(N[C@H](C)c3ccccc3)c1NC2,5.6990
COc1cc2c(cc1OC)Nc1ncnc(NCc3ccccc3)c1NC2,5.6990
COc1cccc(CNc2ncnc3c2NCc2cc(OC)c(OC)cc2N3)c1,5.6990
COc1cc(OC2CCN(C)CC2)c2c(Nc3c(Cl)ccc4c3OCO4)ncnc2c1,4.6676
COc1ccc(Cl)c(Nc2ncnc3cc(OCC4CCN(C)CC4)c(OC)cc23)c1,6.1739
CN1CCN(CCOc2cc(OC3CCOCC3)c3c(Nc4c(Cl)ccc5c4OCO5)ncnc3c2)CC1,4.6788
CC(=O)N1CCN(CCOc2cc(OC(C)C)c3c(Nc4c(F)ccc5c4OCO5)ncnc3c2)CC1,5.1871
CC(C)Oc1cc(OCCN2CCOCC2)cc2ncnc(Nc3c(Cl)ccc4c3OCO4)c12,5.0000
CC(C)Oc1cc(OCCCN2CCCC2)cc2ncnc(Nc3c(Cl)ccc4c3OCO4)c12,5.9208
CN1CCN(CCCOc2cc(OC3CCOCC3)c3c(Nc4c(Cl)ccc5c4OCO5)ncnc3c2)CC1,6.0000
COc1cc(Oc2ccncc2)c2c(Nc3c(Cl)ccc4c3OCO4)ncnc2c1,4.6676
COc1ccc(Cl)c(Nc2ncnc3cc(OCCCN4CCN(C)CC4)cc(OC4CCOCC4)c23)c1,7.3979
Clc1ccc2c(c1Nc1ncnc3cc(OCCN4CCCC4)cc(N4CCOCC4)c13)OCO2,5.3010
CN1CCC(COc2cc(OC3CCOCC3)c3c(Nc4c(Cl)ccc5c4OCO5)ncnc3c2)CC1,5.6990
c1cc(Nc2ncnc3cc(OCCN4CCCC4)cc(OC4CCOCC4)c23)c2c(c1)OCCO2,7.3010
Clc1ccc2c(c1Nc1ncnc3cc(OCCCN4CCCC4)cc(OC4CCOCC4)c13)OCO2,5.6021
c1cc(Nc2ncnc3cc(OCCN4CCCC4)cc(OC4CCOCC4)c23)c2c(c1)OCO2,6.1871
COc1cc(OC2CCN(C)CC2)c2c(Nc3cccc4c3OCCO4)ncnc2c1,6.3010
COc1cc(OC2CCN(C)CC2)c2c(Nc3cccc4c3OCO4)ncnc2c1,5.6021
c1cc(Nc2ncnc3cc(OCCCN4CCCC4)cc(OC4CCOCC4)c23)c2c(c1)OCO2,7.0000
COc1ccc(Cl)c(Nc2ncnc3cc(OCCCN4CCOCC4)cc(OC4CCOC4)c23)c1,7.3010
COc1ccc(Cl)c(Nc2ncnc3cc(OCCCN4CCOCC4)cc(OC4CCCCC4)c23)c1,5.2596
CO[C@@H](C(=O)N1Cc2[nH]nc(NC(=O)c3ccc(N4CCN(C)CC4)cc3)c2C1)c1ccccc1,6.3645
CCN(CCO)CCCOc1ccc2c(Nc3cc(CC(=O)Nc4cccc(F)c4)[nH]n3)ncnc2c1,6.3010
CCCn1c2ccc(NC(=O)N(C)c3ccccc3)cc2c2c3c(c4c(c21)CCc1nn(C)cc1-4)C(=O)NC3,8.1549
COc1cccc(NC(=O)Nc2ccc3c(c2)c2c4c(c5c(c2n3CC(C)C)CCc2nn(C)cc2-5)C(=O)NC4)c1,7.6021
CCCn1c2ccc(N)cc2c2c3c(c4c(c21)CCc1nn(C)cc1-4)C(=O)NC3,8.0458
CCCn1c2ccc(NC(=O)Nc3ccccc3)cc2c2c3c(c4c(c21)CCc1nn(C)cc1-4)C(=O)NC3,7.7959
CCCn1c2ccc(NC(=O)Nc3cc(C(F)(F)F)ccc3F)cc2c2c3c(c4c(c21)CCc1nn(C)cc1-4)C(=O)NC3,6.7986
CCCn1c2ccc(NC(=O)Nc3cc(C)ccc3F)cc2c2c3c(c4c(c21)CCc1nn(C)cc1-4)C(=O)NC3,7.5376
CCCn1c2ccc(NC(=O)Nc3cccs3)cc2c2c3c(c4c(c21)CCc1nn(C)cc1-4)C(=O)NC3,7.6778
CCCn1c2ccc(NC(=O)Nc3ccc(C)cc3)cc2c2c3c(c4c(c21)CC(C=N)=CC4)C(=O)NC3,8.0969
CCCn1c2ccc(NC(=O)Nc3ccc(N(C)C)cc3)cc2c2c3c(c4c(c21)CCc1nn(C)cc1-4)C(=O)NC3,7.6198
CCCn1c2ccc(NC(=O)Nc3ccc(SC)cc3)cc2c2c3c(c4c(c21)CCc1nn(C)cc1-4)C(=O)NC3,7.8539
CCCCn1c2ccc(NC(=O)Nc3ccc(OC)cc3)cc2c2c3c(c4c(c21)CCc1nn(C)cc1-4)C(=O)NC3,6.9957
COc1ccc(NC(=O)Nc2ccc3c(c2)c2c4c(c5c(c2n3CC(C)C)CCc2nn(C)cc2-5)C(=O)NC4)cc1,7.7447
CCCn1c2ccc(NC(=O)Nc3ccc(OC)cc3)cc2c2c3c(c4c(c21)CCc1nn(C)cc1-4)C(=O)NC3,7.7959
CCn1c2ccc(NC(=O)Nc3ccc(OC)cc3)cc2c2c3c(c4c(c21)CCc1nn(C)cc1-4)C(=O)NC3,7.9586
CC(C)Cn1c2ccc(N)cc2c2c3c(c4c(c21)CCc1nn(C)cc1-4)C(=O)NC3,7.9586
CCCn1c2ccc(NC(=O)Nc3ccccc3Br)cc2c2c3c(c4c(c21)CCc1nn(C)cc1-4)C(=O)NC3,8.0000
CCCn1c2ccc(NC(=O)Nc3ccccc3Cl)cc2c2c3c(c4c(c21)CCc1nn(C)cc1-4)C(=O)NC3,8.0458
CCCn1c2ccc(NC(=O)Nc3ccc(Cl)cc3)cc2c2c3c(c4c(c21)CCc1nn(C)cc1-4)C(=O)NC3,7.3188
CCCn1c2ccc(NC(=O)Nc3ccccc3F)cc2c2c3c(c4c(c21)CCc1nn(C)cc1-4)C(=O)NC3,8.0458
CCCn1c2ccc(NC(=O)Nc3cccc(F)c3)cc2c2c3c(c4c(c21)CCc1nn(C)cc1-4)C(=O)NC3,7.9208
CCCn1c2ccc(NC(=O)Nc3ccc(F)cc3)cc2c2c3c(c4c(c21)CCc1nn(C)cc1-4)C(=O)NC3,7.9208
COc1ccccc1NC(=O)Nc1ccc2c(c1)c1c3c(c4c(c1n2CC(C)C)CCc1nn(C)cc1-4)C(=O)NC3,7.3872
CCCOC(=O)Nc1ccc2c(c1)c1c3c(c4c(c1n2CCC)CCc1nn(C)cc1-4)C(=O)NC3,8.5229
CCCn1c2ccc(NC(=O)OCC)cc2c2c3c(c4c(c21)CCc1nn(C)cc1-4)C(=O)NC3,8.6990
CCCn1c2ccc(NC(=O)OC(C)C)cc2c2c3c(c4c(c21)CCc1nn(C)cc1-4)C(=O)NC3,8.3010
CCCn1c2ccc(NC(=O)Oc3ccc(F)cc3)cc2c2c3c(c4c(c21)CCc1nn(C)cc1-4)C(=O)NC3,7.3372
CCCn1c2ccc(NC(=O)Oc3ccc(OC)cc3)cc2c2c3c(c4c(c21)CCc1nn(C)cc1-4)C(=O)NC3,7.9208
CC(C)Cn1c2ccc(NC(=O)c3ccco3)cc2c2c3c(c4c(c21)CCc1nn(C)cc1-4)C(=O)NC3,8.3010
CCCn1c2ccc(NC(=O)c3ccco3)cc2c2c3c(c4c(c21)CCc1nn(C)cc1-4)C(=O)NC3,8.5229
CC(C)Cn1c2ccc(NC(=O)c3cccs3)cc2c2c3c(c4c(c21)CCc1nn(C)cc1-4)C(=O)NC3,8.1549
CCCn1c2ccc(NC(=O)c3cccs3)cc2c2c3c(c4c(c21)CCc1nn(C)cc1-4)C(=O)NC3,8.3979
CCCCn1c2ccc(N)cc2c2c3c(c4c(c21)CCc1nn(C)cc1-4)C(=O)NC3,7.0555
Cc1cccc(C)c1-c1cc(C)c2nc(Nc3ccc(OCCN4CCCC4)cc3)nnc2c1,6.2538
CO/N=C/c1c(N)ncnc1Oc1ccc2ncccc2c1,6.1549
CO/N=C/c1c(N)ncnc1Oc1cc2cc[nH]c2cc1F,6.9172
CO/N=C/c1c(N)ncnc1Oc1ccc2[nH]ccc2c1F,6.9318
CO/N=C/c1c(N)ncnc1Oc1ccc2[nH]cc(C)c2c1,5.9838
CO/N=C/c1c(N)ncnc1Oc1ccc2[nH]c(C)cc2c1,6.8356
CO/N=C/c1c(N)ncnc1Oc1ccc2c(ccn2C)c1,5.9248
CO/N=C/c1c(N)ncnc1Oc1ccc2[nH]ccc2c1,6.6974
CO/N=C/c1c(N)ncnc1Oc1ccc2cccnc2c1,5.7991
Cc1cc2c(F)c(Oc3ncnc(N)c3/C=N/OCCCO)ccc2[nH]1,7.9586
Cc1cc2c(F)c(Oc3ncnc(N)c3/C=N/OCCO)ccc2[nH]1,7.3565
Cc1cc2c(F)c(Oc3ncnc(N)c3/C=N/O)ccc2[nH]1,7.4815
COCCCO/N=C/c1c(N)ncnc1Oc1ccc2[nH]c(C)cc2c1F,7.2076
COCCO/N=C/c1c(N)ncnc1Oc1ccc2[nH]c(C)cc2c1F,7.6198
Cc1cc2c(F)c(Oc3ncnc(N)c3/C=N/OCCCN(C)C)ccc2[nH]1,6.9957
Cc1cc2c(F)c(Oc3ncnc(N)c3/C=N/OCCN3CCOCC3)ccc2[nH]1,7.4089
Cc1cc2c(F)c(Oc3ncnc(N)c3/C=N/OCCN3CCCC3)ccc2[nH]1,6.6696
Cc1cc2c(F)c(Oc3ncnc(N)c3/C=N/OCCN(C)C)ccc2[nH]1,6.7282
CNCCO/N=C/c1c(N)ncnc1Oc1ccc2[nH]c(C)cc2c1F,7.0315
Cc1cc2c(F)c(Oc3ncnc(N)c3/C=N/OCc3ccccc3)ccc2[nH]1,6.6968
Cc1cc2c(F)c(Oc3ncnc(N)c3/C=N/OCC3CCCCC3)ccc2[nH]1,6.3840
C#CCO/N=C/c1c(N)ncnc1Oc1ccc2[nH]c(C)cc2c1F,7.2840
C=CCO/N=C/c1c(N)ncnc1Oc1ccc2[nH]c(C)cc2c1F,7.2840
CCCCO/N=C/c1c(N)ncnc1Oc1ccc2[nH]c(C)cc2c1F,6.9393
CCCO/N=C/c1c(N)ncnc1Oc1ccc2[nH]c(C)cc2c1F,7.3665
CCO/N=C/c1c(N)ncnc1Oc1ccc2[nH]c(C)cc2c1F,7.3768
CNc1ncnc(-c2cccnc2Oc2cc(C(=O)Nc3cc(C(F)(F)F)ccc3N(C)CCCN(C)C)ccc2C)n1,5.3979
CNc1ncnc(-c2cccnc2Oc2ccc(F)c(C(=O)Nc3cc(C(F)(F)F)ccc3N(C)CCCN(C)C)c2)n1,5.1079
Cc1ccc(C(=O)Nc2cccc(C(F)(F)F)c2)cc1Nc1ncccc1-c1ccncn1,8.3873
CNc1ncnc(-c2cccnc2Oc2cc(C(=O)Nc3cccc(C(F)(F)F)c3)ccc2C)n1,7.0132
CNc1nccc(-c2cccnc2Oc2ccc(F)c(C(=O)Nc3cc(C(F)(F)F)ccc3N(C)CCCN(C)C)c2)n1,7.3372
CNc1nccc(-c2cc(C)cnc2Oc2cccc(C(=O)Nc3cc(C(F)(F)F)ccc3N3CCCCC3)c2C)n1,5.5850
CNc1nccc(-c2cccnc2Oc2cc(C(=O)Nc3cc(C(F)(F)F)ccc3N3CCCCC3)ccc2C)n1,6.3363
CNc1nccc(-c2cccnc2Oc2cc(C(=O)Nc3cc(C(F)(F)F)ccc3N3CCCCC3)ccc2Cl)n1,6.1707
CNc1nccc(-c2cccnc2Oc2cc(C(=O)Nc3cc(C(F)(F)F)ccc3N3CCCCC3)ccc2F)n1,5.6990
CNc1nccc(-c2cccnc2Oc2cc(C(=O)Nc3cc(C4CCCCC4)ccc3OC)ccc2C)n1,7.1549
CNc1nccc(-c2cccnc2Oc2cc(C(=O)Nc3cc(C(F)(F)F)ccc3N3CCOCC3)ccc2C)n1,6.5086
CNc1nccc(-c2cccnc2Oc2cc(C(=O)Nc3cccc(C(F)(F)F)c3)ccc2C)n1,8.5229
Cc1ccc(C(=O)Nc2cc(C(F)(F)F)ccc2N2CCCCC2)cc1Oc1ncccc1-c1ccncn1,5.8861
COc1ccc(C(F)(F)F)cc1NC(=O)c1ccc(C)c(Oc2ncccc2-c2ccncn2)c1,7.0000
Cc1ccc(C(=O)Nc2ccc(C(F)(F)F)cc2)cc1Oc1ncccc1-c1ccncn1,6.1518
Cc1ccc(C(=O)Nc2cccc(C(F)(F)F)c2)cc1Oc1ncccc1-c1ccncn1,7.2291
COc1ccc(C(F)(F)F)cc1NC(=O)c1ccc(C)c(Nc2ncccc2-c2ccncn2)c1,7.2366
Cc1ccc(C(=O)Nc2cc(CCCN(C)C)cc(C(F)(F)F)c2)cc1Nc1ncccc1-c1ccncn1,8.6990
Cc1ccc(C(=O)Nc2ccc(C(F)(F)F)cc2)cc1Nc1ncccc1-c1ccncn1,6.7520
COc1cc(Nc2ncnc(-c3cccnc3Nc3cccc(C(=O)Nc4ccc(Oc5ccccc5)cc4)c3)n2)cc(OC)c1OC,7.4202
O=C(Nc1ccc(Oc2ccccc2)cc1)c1cccnc1NCc1ccncc1,7.7101
Cc1ccc(C(=O)Nc2ccccc2)cc1Nc1ncccc1-c1ccncn1,6.3615
Cc1ccc(C(=O)Nc2cccc(C(F)(F)F)c2)cc1C#Cc1cnc(N)nc1,8.6990
CN(C)[C@H]1CCN(c2ccc(C(F)(F)F)cc2NC(=O)c2cc(C#Cc3cnc(N)nc3)ccc2F)C1,5.5229
CN(C)[C@@H]1CCN(c2ccc(C(F)(F)F)cc2NC(=O)c2cc(C#Cc3cnc(N)nc3)ccc2F)C1,6.0506
Nc1ncc(C#Cc2ccc(F)c(C(=O)Nc3cc(C(F)(F)F)ccc3N3CCC[C@H](N)C3)c2)cn1,6.0969
CN[C@H]1CCCN(c2ccc(C(F)(F)F)cc2NC(=O)c2cc(C#Cc3cnc(N)nc3)ccc2F)C1,5.9957
CN(C)[C@H]1CCCN(c2ccc(C(F)(F)F)cc2NC(=O)c2cc(C#Cc3cnc(N)nc3)ccc2F)C1,5.9872
CN(C)[C@@H]1CCCN(c2ccc(C(F)(F)F)cc2NC(=O)c2cc(C#Cc3cnc(N)nc3)ccc2F)C1,6.0915
CN(C)C1CCN(c2ccc(C(F)(F)F)cc2NC(=O)c2cc(C#Cc3cnc(N)nc3)ccc2F)CC1,6.7696
CN1CCN(c2ccc(C(F)(F)F)cc2NC(=O)c2cc(C#Cc3cnc(N)nc3)ccc2F)CC1,5.9586
CN(C)CCCN(C)c1ccc(C(F)(F)F)cc1NC(=O)c1cc(C#Cc2cnc(N)nc2)ccc1F,7.9586
COc1ccc(C#Cc2cnc(N)nc2)cc1C(=O)Nc1cc(C(F)(F)F)ccc1N1CCCCC1,6.4089
Nc1ncc(C#Cc2ccc(F)c(C(=O)Nc3cc(C(F)(F)F)ccc3N3CCCCC3)c2)cn1,6.3188
Nc1ncc(C#Cc2ccc(F)c(C(=O)Nc3cccc(C(F)(F)F)c3)c2)cn1,8.2218
Cc1ccc(C(=O)Nc2cccc(C(F)(F)F)c2)cc1C#Cc1cnc2ccccc2n1,8.3979
Cc1ccc(C(=O)Nc2cccc(C(F)(F)F)c2)cc1C#Cc1cnc2ccccc2c1,9.0000
CNC(=O)c1ccc(C#Cc2cc(C(=O)Nc3cccc(C(F)(F)F)c3)ccc2C)cn1,6.7721
Cc1ccc(C(=O)Nc2cccc(C(F)(F)F)c2)cc1C#Cc1ccc(N)nc1,9.0000
COC(=O)[C@]1(O)C[C@@H]2O[C@@]1(C)n1c3ccccc3c3c4c(c5c6ccccc6n2c5c31)C(=O)NC4,7.3665
O=C(N[C@H](CO)c1ccc(F)c(Cl)c1)c1cc(-c2n[nH]cc2-c2cccc(Cl)c2)c[nH]1,5.4089
Nc1ccc(-c2cccc3[nH]nc(N)c23)cc1,5.3197
Nc1n[nH]c2cccc(-c3ccc(NC(=O)C4CCCCC4)cc3)c12,7.0655
Nc1n[nH]c2cccc(-c3ccc(NC(=O)NC4CCCC4)cc3)c12,6.8153
Nc1n[nH]c2cccc(-c3ccc(NC(=O)Nc4ccsc4)cc3)c12,7.8239
Cc1cccc(NC(=O)Nc2ccc(-c3cccc4[nH]nc(N)c34)cc2)c1,8.3000
Nc1n[nH]c2cccc(-c3ccc(NC(=O)Nc4ccccc4)cc3)c12,7.1938
Nc1n[nH]c2cccc(-c3ccc(NS(=O)(=O)c4ccccc4)cc3)c12,5.3354
Nc1n[nH]c2cccc(-c3ccc(NC(=O)Nc4cc(C(F)(F)F)ccc4F)cc3)c12,6.9334
Cc1ccc(NC(=O)Nc2ccc(-c3cccc4[nH]nc(N)c34)cc2)cc1F,7.3812
Cc1cc(NC(=O)Nc2ccc(-c3cccc4[nH]nc(N)c34)cc2)ccc1F,8.3979
Cc1ccc(F)c(NC(=O)Nc2ccc(-c3cccc4[nH]nc(N)c34)cc2)c1,8.1549
Nc1n[nH]c2cccc(-c3ccc(NC(=O)Nc4cccc(O)c4)cc3)c12,7.2596
Nc1n[nH]c2cccc(-c3ccc(NC(=O)Nc4cccc(C(F)(F)F)c4)cc3)c12,8.0000
Nc1n[nH]c2cccc(-c3ccc(NC(=O)Nc4cccc(Br)c4)cc3)c12,7.4437
Nc1n[nH]c2cccc(-c3ccc(NC(=O)Nc4cccc(Cl)c4)cc3)c12,7.8249
CCc1cccc(NC(=O)Nc2ccc(-c3cccc4[nH]nc(N)c34)cc2)c1,8.2218
Cc1ccc(NC(=O)Nc2ccc(-c3cccc4[nH]nc(N)c34)cc2)cc1,7.9208
Cc1ccccc1NC(=O)Nc1ccc(-c2cccc3[nH]nc(N)c23)cc1,7.0787
Nc1n[nH]c2cccc(-c3ccc(NC(=O)Nc4ccc(F)cc4)cc3)c12,7.1739
Nc1n[nH]c2cccc(-c3ccc(NC(=O)Nc4cccc(F)c4)cc3)c12,7.9691
Nc1n[nH]c2cccc(-c3ccc(NC(=O)Nc4ccccc4F)cc3)c12,7.0862
COCCn1nc(N)c2c(-c3ccc(NC(=O)Nc4cc(C)ccc4F)cc3)cccc21,5.5100
Cc1cccc(NC(=O)Nc2ccc(-c3cccc4c3c(N)nn4CCN3CCOCC3)cc2)c1,5.8861
Cc1cccc(NC(=O)Nc2ccc(-c3cccc4c3c(N)nn4CCO)cc2)c1,6.2218
Cc1cccc(NC(=O)Nc2ccc(-c3cccc4c3c(N)nn4C)cc2)c1,7.7984
Cc1cccc(NC(=O)Nc2ccc(-c3ccc(CN4CCN(C)CC4)c4[nH]nc(N)c34)cc2)c1,5.9208
Cc1cccc(NC(=O)Nc2ccc(-c3ccc(CN4CCOCC4)c4[nH]nc(N)c34)cc2)c1,6.4089
COCCOc1ccc(-c2ccc(NC(=O)Nc3cccc(C)c3)cc2)c2c(N)n[nH]c12,7.7508
Cc1cccc(NC(=O)Nc2ccc(-c3ccc(OCCN4CCCC4=O)c4[nH]nc(N)c34)cc2)c1,7.6021
Cc1cccc(NC(=O)Nc2ccc(-c3ccc(OCCN4CCOCC4)c4[nH]nc(N)c34)cc2)c1,7.4648
Cc1cccc(NC(=O)Nc2ccc(-c3ccc(OCCN4CCCC4)c4[nH]nc(N)c34)cc2)c1,7.5086
CCN(CC)CCOc1ccc(-c2ccc(NC(=O)Nc3cccc(C)c3)cc2)c2c(N)n[nH]c12,7.4559
Cc1cccc(NC(=O)Nc2ccc(-c3ccc(OCCN(C)C)c4[nH]nc(N)c34)cc2)c1,7.6705
Cc1cccc(NC(=O)Nc2ccc(-c3ccc(Br)c4[nH]nc(N)c34)cc2)c1,8.0000
Cc1cccc(NC(=O)Nc2ccc(-c3ccc(F)c4[nH]nc(N)c34)cc2)c1,8.3010
COc1ccc(-c2ccc(NC(=O)Nc3cccc(C)c3)cc2)c2c(N)n[nH]c12,7.5850
Cc1cccc(NC(=O)Nc2ccc(-c3ccc(C)c4[nH]nc(N)c34)cc2)c1,8.5229
CCN(CC)CCOn1nc(N)c2c(-c3ccc(NC(=O)Nc4cc(C)ccc4F)cc3)cccc21,7.4773
COCCOn1nc(N)c2c(-c3ccc(NC(=O)Nc4cc(C)ccc4F)cc3)cccc21,7.5796
COCCOn1nc(N)c2c(-c3ccc(NC(=O)Nc4cccc(Cl)c4)cc3)cccc21,7.8410
Cc1cccc(NC(=O)Nc2ccc(-c3cccc4[nH]ncc34)cc2)c1,7.6224
Cc1cccc(NC(=O)Nc2ccc(-c3cccc4c3cnn4C)cc2)c1,6.3325
Cc1cccc(NC(=O)Nc2ccc(-c3cccc4c3c(N(C)C)nn4C)cc2)c1,5.4949
CC(=O)Nc1nn(C)c2cccc(-c3ccc(NC(=O)Nc4cccc(C)c4)cc3)c12,4.9208
CNC(=O)N1CCN(Cc2ccnc(Nc3ncc(C#N)s3)c2C)CC1,7.7959
CS(=O)(=O)C1CCN(Cc2ccnc(Nc3ncc(C#N)s3)c2)CC1,7.5086
N#Cc1cnc(Nc2cc(CN3CCN(C(=O)CO)CC3)ccn2)s1,7.4559
CNC(=O)N1CCN(Cc2ccnc(Nc3ncc(C#N)s3)c2)CC1,7.5686
CN(C)C(=O)N1CCN(Cc2ccnc(Nc3ncc(C#N)s3)c2)CC1,7.5528
N#Cc1cnc(Nc2cc(CN3CCN(C(N)=O)CC3)ccn2)s1,7.6198
N#Cc1cnc(Nc2cc(CN3CCOCC3)ccn2)s1,7.5528
N#Cc1cnc(Nc2cc(CN3CCNCC3)ccn2)s1,7.8239
CC(=O)N1CCN(Cc2ccnc(Nc3ncc(C#N)s3)c2)CC1,7.4437
CS(=O)(=O)N1CCN(Cc2ccnc(Nc3ncc(-c4ccccc4)s3)c2)CC1,7.7696
CC(=O)N1CCN(Cc2ccnc(Nc3ncc(-c4ccccc4)s3)c2)CC1,7.5528
c1ccc(-c2cnc(Nc3cc(CN4CCCC4)ccn3)s2)cc1,7.8239
CCCC#Cc1cc(-c2n[nH]c3c2Cc2cc(CN4CCN(C)CC4)ccc2-3)cs1,6.7117
CN1CCN(Cc2ccc3c(c2)-c2[nH]nc(-c4csc(C#CCOc5ccccc5)c4)c2C3)CC1,7.0411
CN1CCN(Cc2ccc3c(c2)Cc2c(-c4cc(C#CCOc5ccccc5)cs4)n[nH]c2-3)CC1,7.1527
CN1CCN(Cc2ccc3c(c2)Cc2c(-c4ccc(C#CCOc5ccccc5)s4)n[nH]c2-3)CC1,7.0789
CN1CCN(Cc2ccc3c(c2)Cc2c(-c4csc(C#CCOc5ccc(CN6CCOCC6)cc5)c4)n[nH]c2-3)CC1,6.3727
CN1CCN(Cc2ccc3c(c2)Cc2c(-c4csc(C#CCNC(=O)c5ccccc5)c4)n[nH]c2-3)CC1,8.4120
CN1CCN(Cc2ccc3c(c2)Cc2c(-c4csc(C#CCNc5ccccc5)c4)n[nH]c2-3)CC1,7.4983
CN1CCN(Cc2ccc3c(c2)Cc2c(-c4csc(C#CCCc5ccccc5)c4)n[nH]c2-3)CC1,6.7924
CN1CCN(Cc2ccc3c(c2)Cc2c(-c4csc(C#CCOc5cccnc5)c4)n[nH]c2-3)CC1,7.3121
Cc1ccc(OCC#Cc2cc(-c3n[nH]c4c3Cc3cc(CN5CCN(C)CC5)ccc3-4)cs2)cc1C,7.4750
CN1CCN(Cc2ccc3c(c2)Cc2c(-c4csc(C#CCOc5ccc(Cl)cc5)c4)n[nH]c2-3)CC1,6.7428
CN1CCN(Cc2ccc3c(c2)Cc2c(-c4csc(C#CCOc5cccc(Cl)c5)c4)n[nH]c2-3)CC1,7.0966
CN1CCN(Cc2ccc3c(c2)Cc2c(-c4csc(C#CCOc5ccccc5Cl)c4)n[nH]c2-3)CC1,6.8726
CN1CCN(Cc2ccc3c(c2)Cc2c(-c4csc(C#CCCOc5ccccc5)c4)n[nH]c2-3)CC1,6.7875
COCC#Cc1cc(-c2n[nH]c3c2Cc2cc(CN4CCN(C)CC4)ccc2-3)cs1,7.8676
CN1CCN(Cc2ccc3c(c2)Cc2c(-c4csc(C#CCC(C)(C)O)c4)n[nH]c2-3)CC1,5.6253
CN1CCN(Cc2ccc3c(c2)Cc2c(-c4csc(C#CCCO)c4)n[nH]c2-3)CC1,7.7474
CC#Cc1cc(-c2n[nH]c3c2Cc2cc(CN4CCN(C)CC4)ccc2-3)cs1,6.0000
CN1CCN(Cc2ccc3c(c2)Cc2c(-c4ccc(C#CCOc5ccccc5)cc4)n[nH]c2-3)CC1,6.0168
CN1CCN(Cc2ccc3c(c2)Cc2c(-c4cccc(C#CCOc5ccccc5)c4)n[nH]c2-3)CC1,6.9666
CN1CCN(Cc2ccc3c(c2)Cc2c(-c4csc(C#CCOc5ccccc5)c4)n[nH]c2-3)CC1,7.8099
COCCOCC#Cc1cc(-c2n[nH]c3c2C(=O)c2cc(CN4CCN(C)CC4)ccc2-3)cs1,7.8861
COCCOCC#Cc1cc(-c2n[nH]c3c2Cc2ccc(Cn4cncn4)cc2-3)cs1,8.0485
COCCOCC#Cc1cc(-c2n[nH]c3c2Cc2cc(Cn4cncn4)ccc2-3)cs1,7.5863
COCCOCC#Cc1cc(-c2n[nH]c3c2Cc2ccc(CN4CCN(C)CC4)cc2-3)cs1,7.3652
COCCOCC#Cc1cc(-c2n[nH]c3c2Cc2cc(CN4CCN(C)CC4)ccc2-3)cs1,7.4389
CN1CCN(Cc2ccc3c(c2)Cc2c(-c4csc(C#CCOCC(N)=O)c4)n[nH]c2-3)CC1,5.0991
C(#Cc1cc(-c2n[nH]c3c2Cc2cc(Cn4cncn4)ccc2-3)cs1)COc1ccccc1,7.5158
C(#Cc1cc(-c2n[nH]c3c2Cc2cc(Cn4ccnn4)ccc2-3)cs1)COc1ccccc1,6.8682
C(#Cc1cc(-c2n[nH]c3c2Cc2cc(Cn4cccn4)ccc2-3)cs1)COc1ccccc1,7.5044
C(#Cc1cc(-c2n[nH]c3c2Cc2cc(Cn4ccnc4)ccc2-3)cs1)COc1ccccc1,6.7100
CN(C)C(=O)COc1ccc2c(c1)Cc1c(-c3csc(C#CCOc4ccccc4)c3)n[nH]c1-2,7.6884
COCCOc1ccc2c(c1)Cc1c(-c3csc(C#CCOc4ccccc4)c3)n[nH]c1-2,7.2171
C(#Cc1cc(-c2n[nH]c3c2Cc2cc(CN4CCSC4)ccc2-3)cs1)COc1ccccc1,7.8099
CN1CCN(C(=O)c2ccc3c(c2)Cc2c(-c4csc(C#CCOc5ccccc5)c4)n[nH]c2-3)CC1,7.4471
CN1CCN(Cc2ccc3c(c2)Cc2c(-c4csc(C#CCOc5ccccc5)c4)n[nH]c2-3)C(=O)C1,8.4269
CN1CCN(Cc2ccc3c(c2)Cc2c(-c4csc(C#CCOc5ccccc5)c4)n[nH]c2-3)CC1=O,7.8517
NC(=O)N1CCN(Cc2ccc3c(c2)Cc2c(-c4csc(C#CCOc5ccccc5)c4)n[nH]c2-3)CC1,7.8724
CN1CCC(Cc2ccc3c(c2)Cc2c(-c4csc(C#CCOc5ccccc5)c4)n[nH]c2-3)CC1,7.5537
CC1CCN(Cc2ccc3c(c2)Cc2c(-c4csc(C#CCOc5ccccc5)c4)n[nH]c2-3)CC1,7.0560
CN1CCN(CCc2ccc3c(c2)Cc2c(-c4csc(C#CCOc5ccccc5)c4)n[nH]c2-3)CC1,7.7688
CN1CCN(c2ccc3c(c2)Cc2c(-c4csc(C#CCOc5ccccc5)c4)n[nH]c2-3)CC1,7.9793
C(#Cc1cc(-c2n[nH]c3c2Cc2ccccc2-3)cs1)COc1ccccc1,5.3298
CN1CCN(Cc2ccc3c(c2)Cc2c(-c4csc(C#CCNC(=O)Nc5ccccc5)c4)n[nH]c2-3)CC1,7.8913
CN1CCN(Cc2ccc3c(c2)Cc2c(-c4csc(C#CCNC(=O)Oc5ccccc5)c4)n[nH]c2-3)CC1,7.3563
CN1CCN(Cc2ccc3c(c2)Cc2c(-c4csc(C#CCNS(=O)(=O)c5ccccc5)c4)n[nH]c2-3)CC1,7.1547
Cc1cc(-c2c(Cl)cccc2Cl)cc2nnc(Nc3ccc(OCCN4CCCC4)cc3)nc12,6.4959
Cc1cccc(NC(=O)Nc2ccc(-c3csc4c(-c5cccnc5)cnc(N)c34)cc2)c1,8.2218
Cc1cccc(NC(=O)Nc2ccc(-c3csc4c(-c5cncc6ccccc56)cnc(N)c34)cc2)c1,6.4112
Cc1cccc(NC(=O)Nc2ccc(-c3csc4c(-c5cncnc5)cnc(N)c34)cc2)c1,8.5485
Cc1cccc(NC(=O)Nc2ccc(-c3csc4c(-c5ccncc5)cnc(N)c34)cc2)c1,8.3495
CNC(=O)c1cccc(-c2cnc(N)c3c(-c4ccc(NC(=O)Nc5cccc(C)c5)cc4)csc23)c1,7.6052
Cc1cccc(NC(=O)Nc2ccc(-c3csc4c(-c5ccc(O)cc5)cnc(N)c34)cc2)c1,7.7481
Cc1cccc(NC(=O)Nc2ccc(-c3csc4c(-c5ccccc5)cnc(N)c34)cc2)c1,7.6838
Nc1nccc2scc(-c3ccc(NC(=O)Nc4ccsc4)cc3)c12,7.3174
Nc1nccc2scc(-c3ccc(NC(=O)Nc4cccs4)cc3)c12,7.4208
Nc1nccc2scc(-c3ccc(NC(=O)Nc4ccc5ccccc5c4)cc3)c12,7.7508
Nc1nccc2scc(-c3ccc(NC(=O)Nc4cccc5ccccc45)cc3)c12,6.5866
Nc1nccc2scc(-c3ccc(NC(=O)NC4CCCCC4)cc3)c12,6.3089
Nc1nccc2scc(-c3ccc(NC(=O)NC4CCCC4)cc3)c12,6.3768
Cc1cc(C)cc(NC(=O)Nc2ccc(-c3csc4ccnc(N)c34)cc2)c1,7.5573
Cc1ccc(NC(=O)Nc2ccc(-c3csc4ccnc(N)c34)cc2)cc1C,7.6936
N#Cc1cccc(NC(=O)Nc2ccc(-c3csc4ccnc(N)c34)cc2)c1,7.0251
Nc1nccc2scc(-c3ccc(NC(=O)Nc4cccc(Cl)c4)cc3)c12,7.6576
Nc1nccc2scc(-c3ccc(NC(=O)Nc4cccc(F)c4)cc3)c12,7.1000
CCc1cccc(NC(=O)Nc2ccc(-c3csc4ccnc(N)c34)cc2)c1,7.5485
Cc1ccccc1NC(=O)Nc1ccc(-c2csc3ccnc(N)c23)cc1,6.8182
Cc1ccc(NC(=O)Nc2ccc(-c3csc4ccnc(N)c34)cc2)cc1,7.2179
Cc1cccc(NC(=O)Nc2ccc(-c3c(C)sc4ccnc(N)c34)cc2)c1,7.5686
Cc1cccc(NC(=O)Nc2cccc(-c3csc4ccnc(N)c34)c2)c1,6.6021
Cc1cccc(NC(=S)Nc2ccc(-c3csc4ccnc(N)c34)cc2)c1,6.3872
Cc1cccc(NC(=O)Cc2ccc(-c3csc4ccnc(N)c34)cc2)c1,7.0269
Cc1cccc(CC(=O)Nc2ccc(-c3csc4ccnc(N)c34)cc2)c1,6.2840
Cc1cccc(NC(=O)N(C)c2ccc(-c3csc4ccnc(N)c34)cc2)c1,7.6383
Cc1cccc(N(C)C(=O)Nc2ccc(-c3csc4ccnc(N)c34)cc2)c1,5.3098
Cc1cccc(NC(=O)Nc2ccc(-c3csc4ccnc(N)c34)cc2)c1,8.0000
Nc1nccc2scc(-c3ccc(NC(=O)Nc4ccccc4)cc3)c12,7.1972
Nc1nccc2scc(-c3ccc(NC(=O)c4ccccc4)cc3)c12,4.9208
Nc1ccc(-c2csc3ccnc(N)c23)cc1,5.3098
O=C1Nc2ccccc2/C1=C\c1sccc1Br,4.8125
COc1cc2ncnc(Nc3ccc(C)cc3C)c2cc1OC,5.5376
Clc1ccc(Nc2nnc(Cc3ccncc3)c3cccnc23)cc1,5.7696
Cc1cc2c(cc3c4c(cccc42)NC3=O)[nH]1,6.0000
COc1ccc2c(c1)NC(=O)/C2=C\c1cc2c([nH]1)CCCC2CCC(=O)O,6.4202
COCCOc1cc2ncnc(Nc3cc(O)c(Cl)cc3F)c2cc1OCCOC,7.2218
CCOC(=O)c1cn2ncnc(Nc3cc(C(=O)NOC)c(C)cc3C)c2c1C(C)C,7.8861
Cc1cccc2c1/C(=C\c1ccc[nH]1)C(=O)N2,4.5086
Cn1cccc1/C=C1/C(=O)Nc2ccccc21,4.6990
COCCOc1ccc2c(Nc3cc(O)c(Cl)cc3F)ncnc2c1,6.8239
O=C(O)CCC1CCCc2[nH]c(/C=C3\C(=O)Nc4ccccc43)cc21,7.0458
O=C(O)CCC1CCCc2[nH]c(/C=C3\C(=O)Nc4ccc(Br)cc43)cc21,7.5229
Cc1cccc(NC(=O)Nc2ccc(-c3c(C)sc4ncnc(N)c34)cc2)c1.Cl,8.2218
O=C(O)CCC1CCCc2[nH]c(/C=C3\C(=O)Nc4ccc(C(=O)O)cc43)cc21,8.3979
Cl.Oc1cccc(-c2nc(N3CCOCC3)c3sccc3n2)c1,4.0410
CNC(=O)c1cc(Oc2ccc3nc(Nc4ccc(Cl)c(C(F)(F)F)c4)[nH]c3c2)ccn1,8.0458
CN1CCN(Cc2cc(Nc3nc4cc(Oc5ccnc6ccccc56)cc(Cl)c4o3)ccc2Cl)CC1,7.9915
CNC(=O)c1cc(Oc2cc(Cl)c3oc(Nc4ccc(Cl)c(CN5CCN(C)CC5)c4)nc3c2)ccn1,7.7280
CNC(=O)c1cc(Oc2cc(F)c3oc(Nc4ccc(Cl)c(OC[C@@H]5CCCN5C)c4)nc3c2)ccn1,8.0158
CN1CCN(Cc2cc(Nc3nc4cc(Oc5ccnc6[nH]ccc56)ccc4o3)ccc2Cl)CC1,7.9915
CN1CCC[C@@H]1COc1cc(Nc2nc3cc(Oc4ccnc5[nH]ccc45)ccc3o2)ccc1Cl,8.5485
CNc1cc(Oc2ccc3oc(Nc4ccc(Cl)c(CN5CCN(C)CC5)c4)nc3c2)ncn1,7.1190
CNc1nccc(Oc2ccc3oc(Nc4ccc(Cl)c(CN5CCN(C)CC5)c4)nc3c2)n1,7.0603
CN1CCN(Cc2cc(Nc3nc4cc(Oc5ccnc6ccccc56)ccc4o3)ccc2Cl)CC1,8.0144
COc1cc2nccc(Oc3ccc4oc(Nc5ccc(Cl)c(CN6CCN(C)CC6)c5)nc4c3)c2cc1OC,8.0000
COc1cc2nccc(Oc3ccc4oc(Nc5ccc(Cl)c(OC[C@@H]6CCCN6C)c5)nc4c3)c2cc1OC,8.7280
COc1cc2ncnc(Oc3ccc4oc(Nc5ccc(Cl)c(OC[C@@H]6CCCN6C)c5)nc4c3)c2cc1OC,8.2218
CN1CCC[C@H]1COc1cc(Nc2nc3cc(Oc4ccnc(C(N)=O)c4)ccc3o2)ccc1Cl,8.1338
CNC(=O)c1cc(Oc2ccc3oc(Nc4ccc(Cl)c(OCC5CCNCC5)c4)nc3c2)ccn1,7.7749
CNC(=O)c1cc(Oc2ccc3oc(Nc4ccc(Cl)c(CN5CCOCC5)c4)nc3c2)ccn1,7.6649
CCN(CC)CCOc1cc(Nc2nc3cc(Oc4ccnc(C(=O)NC)c4)ccc3o2)ccc1Cl,7.8848
CNC(=O)c1cc(Oc2ccc3oc(Nc4ccc(Cl)c(OCCN(C)C)c4)nc3c2)ccn1,7.7267
CNC(=O)c1cc(Oc2ccc3oc(Nc4ccc(Cl)c(OC[C@@H]5CCCN5C)c4)nc3c2)ccn1,8.0763
CNC(=O)c1cc(Oc2ccc3oc(Nc4ccc(Cl)cc4)nc3c2)ccn1,7.0183
CNC(=O)c1cc(Oc2ccc3oc(Nc4ccc(Cl)c(CN5CCN(C)CC5)c4)nc3c2)ccn1,7.9208
CNC(=O)c1cc(Oc2ccc3c(c2)nc(Nc2ccc(Cl)c(CN4CCN(C)CC4)c2)n3C)ccn1,7.7543
CSc1nccc(Oc2ccc3[nH]c(Nc4ccc(Cl)c(CN5CCN(C)CC5)c4)nc3c2)n1,6.8928
CNc1nccc(Oc2ccc3[nH]c(Nc4ccc(Cl)c(CN5CCN(C)CC5)c4)nc3c2)n1,6.6930
CN1CCN(Cc2cc(Nc3nc4cc(Oc5ccnc6[nH]ccc56)ccc4[nH]3)ccc2Cl)CC1,7.6838
CN1CCN(Cc2cc(Nc3nc4cc(Oc5ncnc6[nH]ccc56)ccc4[nH]3)ccc2Cl)CC1,6.9800
COc1cc2nccc(Oc3ccc4[nH]c(Nc5ccc(Cl)c(CN6CCN(C)CC6)c5)nc4c3)c2cc1OC,8.7394
CN1CCN(Cc2cc(Nc3nc4cc(Oc5ccnc6ccccc56)ccc4[nH]3)ccc2Cl)CC1,8.0485
CN1CCC[C@@H]1COc1cc(Nc2nc3cc(Oc4ccnc5ccccc45)ccc3[nH]2)ccc1C(F)(F)F,8.2447
CNC(=O)c1cc(Oc2ccc3[nH]c(Nc4cc(OCCN5CCCC5)cc(C(F)(F)F)c4)nc3c2)ccn1,6.5421
CNC(=O)c1cc(Oc2ccc3[nH]c(Nc4ccc(C(F)(F)C(F)(F)F)c(OC[C@H]5CCCN5C)c4)nc3c2)ccn1,7.5386
CNC(=O)c1cc(Oc2ccc3[nH]c(Nc4ccc(C(F)(F)F)c(OC[C@H]5CCCN5C)c4)nc3c2)ccn1,7.8873
CNC(=O)c1cc(Oc2ccc3[nH]c(Nc4ccc(C(F)(F)F)c(OCCN(C)C)c4)nc3c2)ccn1,7.8550
CNC(=O)c1cc(Oc2ccc3[nH]c(Nc4ccc(Cl)c(CN5CCN(C)CC5)c4)nc3c2)ccn1,7.6223
FC(F)(F)c1cc(Nc2nc3cc(Oc4ccnc5[nH]ccc45)ccc3[nH]2)ccc1Cl,6.4814
COc1cc2ncnc(Oc3ccc4[nH]c(Nc5ccc(Cl)cc5)nc4c3)c2cc1OC,7.7034
FC(F)(F)c1cc(Nc2nc3cc(Oc4ccncc4)ccc3[nH]2)ccc1Cl,6.1026
COC(=O)Nc1nc2cc(Oc3ccc(NC(=O)Nc4ccccc4)cc3)ccc2[nH]1,7.4949
CS(=O)(=O)Nc1nc2ccc(Oc3ccc(NC(=O)Nc4cc(C(F)(F)F)ccc4F)cc3)cc2s1,5.3979
CN1CCN(CCNc2nc3ccc(Oc4ccc(NC(=O)Nc5cc(C(F)(F)F)ccc5F)cc4)cc3[nH]2)CC1,7.4815
CN1CCN(CC(=O)Nc2nc3ccc(Oc4ccc(NC(=O)Nc5cc(C(F)(F)F)ccc5F)cc4)cc3[nH]2)CC1,8.8239
COCCOCC(=O)Nc1nc2ccc(Oc3ccc(NC(=O)Nc4cc(C(F)(F)F)ccc4F)cc3)cc2[nH]1,8.2676
O=C(Nc1ccc(Oc2ccc3nc(NC(=O)c4cccnc4)[nH]c3c2)cc1)Nc1cc(C(F)(F)F)ccc1F,7.7825
O=C(Nc1ccc(Oc2ccc3[nH]c(NC(=O)c4ccco4)nc3c2)cc1)Nc1cc(C(F)(F)F)ccc1F,8.2924
O=C(Nc1ccc(Oc2ccc3nc(NC(=O)c4ccccc4-c4ccc[nH]4)[nH]c3c2)cc1)Nc1cc(C(F)(F)F)ccc1F,6.2924
O=C(Nc1ccc(Oc2ccc3[nH]c(NC(=O)c4ccccc4)nc3c2)cc1)Nc1cc(C(F)(F)F)ccc1F,7.3768
CC(=O)Nc1nc2ccc(Oc3ccc(NC(=O)Nc4cc(C(F)(F)F)ccc4F)cc3)cc2[nH]1,8.5850
Nc1nc2ccc(Oc3ccc(NC(=O)Nc4cc(C(F)(F)F)ccc4F)cc3)cc2[nH]1,7.8239
COC(=O)Nc1nc2ncc(Oc3ccc(NC(=O)Nc4cc(C(F)(F)F)ccc4F)cc3)cc2[nH]1,8.2676
COC(=O)Nc1nc2ccc(Oc3ccc(NC(=O)Nc4cc(C(F)(F)F)ccc4F)cc3)nc2[nH]1,8.6383
COC(=O)Nc1cn2cc(Oc3ccc(NC(=O)Nc4cc(C(F)(F)F)ccc4F)cc3)ccc2n1,8.4685
COC(=O)Nc1nc2ccc(Oc3ccc(NC(=O)Nc4cc(C(F)(F)F)ccc4F)cc3)cc2o1,8.3188
COC(=O)Nc1nc2ccc(Oc3ccc(NC(=O)Nc4cc(C(F)(F)F)ccc4F)cc3)cc2s1,8.6778
COC(=O)Nc1nc2cc(Oc3ccc(NC(=O)Nc4cc(C(F)(F)F)ccc4F)cc3)ccc2n1C,6.3768
COC(=O)Nc1nc2ccc(Oc3ccc(NC(=O)Nc4cc(C(F)(F)F)ccc4F)cc3)cc2n1C,7.5686
COC(=O)Nc1nc2ccc(C(=O)c3ccc(NC(=O)Nc4cc(C(F)(F)F)ccc4F)cc3)cc2[nH]1,7.5850
COC(=O)Nc1nc2ccc([S+]([O-])c3ccc(NC(=O)Nc4cc(C(F)(F)F)ccc4F)cc3)cc2[nH]1,5.0223
COC(=O)Nc1nc2ccc(Sc3ccc(NC(=O)Nc4cc(C(F)(F)F)ccc4F)cc3)cc2[nH]1,8.0000
COC(=O)Nc1nc2ccc(Oc3ccc(NC(=O)Nc4cc(C(F)(F)F)ccc4F)c[n+]3[O-])cc2[nH]1,6.6383
COC(=O)Nc1nc2ccc(Oc3ccc(NC(=O)Nc4cc(C(F)(F)F)ccc4F)cn3)cc2[nH]1,7.7959
COC(=O)Nc1nc2cc(Oc3cccc(NC(=O)Nc4cc(C(F)(F)F)ccc4F)c3)ccc2[nH]1,7.7696
COC(=O)Nc1nc2ccc(Oc3ccc(CC(=O)Nc4cc(C(F)(F)F)ccc4F)cc3)cc2[nH]1,7.7959
COC(=O)Nc1nc2ccc(Oc3ccc(NC(=S)Nc4cccc(C(F)(F)F)c4)cc3)cc2[nH]1,6.9788
COC(=O)Nc1nc2cc(Oc3ccc(NC(=O)Nc4cccc(C(=O)O)c4)cc3)ccc2[nH]1,6.2197
COC(=O)Nc1nc2ccc(Oc3ccc(NC(=O)Nc4cc(N)ccc4F)cc3)cc2[nH]1,6.7212
COC(=O)Nc1nc2ccc(Oc3ccc(NC(=O)Nc4cccc(SC)c4)cc3)cc2[nH]1,8.2676
COC(=O)Nc1nc2ccc(Oc3ccc(NC(=O)Nc4cccc(SC(F)(F)F)c4)cc3)cc2[nH]1,8.8861
COC(=O)Nc1nc2ccc(Oc3ccc(NC(=O)Nc4cc(F)ccc4F)cc3)cc2[nH]1,8.1192
COC(=O)Nc1nc2ccc(Oc3ccc(NC(=O)Nc4cccc(Cl)c4)cc3)cc2[nH]1,8.2007
COC(=O)Nc1nc2cc(Oc3ccc(NC(=O)Nc4cccc(Br)c4)cc3)ccc2[nH]1,8.9586
CCc1cccc(NC(=O)Nc2ccc(Oc3ccc4nc(NC(=O)OC)[nH]c4c3)cc2)c1,8.5376
COC(=O)Nc1nc2ccc(Oc3ccc(NC(=O)Nc4cc(C(F)(F)F)ccc4Cl)cc3)cc2[nH]1,8.4815
COC(=O)Nc1nc2cc(Oc3ccc(NC(=O)Nc4cc(C(F)(F)F)ccc4F)cc3)ccc2[nH]1,8.4559
COC(=O)Nc1nc2ccc(Oc3ccc(NC(=O)Nc4cccc(C(F)(F)F)c4)cc3)cc2[nH]1,8.3010
CCOc1cc2ncc(C#N)c(Nc3ccc(F)c(Cl)c3)c2cc1NC(=O)/C=C/CN(C)C,5.5043
COCCOc1cc2ncnc(NC3=CC(=O)C(OCc4cccc(OC)c4)=CC3=O)c2cc1OC,6.9507
COc1cc2ncnc(Nc3cccc(Br)c3)c2cc1OC,5.8271
CN(C)C/C=C/C(=O)Nc1ccc2ncnc(Nc3ccc(Br)cc3F)c2c1,5.3576
CCOc1cc2ncnc(NC3=CC(=O)C(OCc4cccc(C)c4)=CC3=O)c2cc1NC(=O)/C=C/CN(C)C,6.4685
CCOc1cc2ncnc(NC3=CC(=O)C(OCc4cccc(OC)c4)=CC3=O)c2cc1NC(=O)/C=C/CN(C)C,6.1606
CCOc1cc2ncnc(NC3=CC(=O)C(OCc4cccs4)=CC3=O)c2cc1NC(=O)/C=C/CN(C)C,6.8219
CCOc1cc2ncnc(NC3=CC(=O)C(OCc4cccc(Cl)c4)=CC3=O)c2cc1NC(=O)/C=C/CN(C)C,6.9217
CCOc1cc2ncnc(NC3=CC(=O)C(OCc4ccccn4)=CC3=O)c2cc1NC(=O)/C=C/CN(C)C,6.4329
CCOc1cc2ncnc(NC3=CC(=O)C(OCc4ccccc4)=CC3=O)c2cc1NC(=O)/C=C/CN(C)C,6.5482
CCOc1cc2ncnc(NC3=CC(=O)C(OCc4ccc(F)c(F)c4)=CC3=O)c2cc1NC(=O)/C=C/CN(C)C,6.6059
CCOc1cc2ncnc(NC3=CC(=O)C(OCc4cccc(F)c4)=CC3=O)c2cc1NC(=O)/C=C/CN(C)C,6.7022
CCOc1cc2ncnc(NC3=CC(=O)C(OC(CF)CF)=CC3=O)c2cc1NC(=O)/C=C/CN(C)C,6.7398
CCOc1cc2ncnc(NC3=CC(=O)C(OC)=CC3=O)c2cc1NC(=O)/C=C/CN(C)C,6.1383
CCOc1cc2ncc(C#N)c(Nc3ccc(OCc4ccccn4)c(Cl)c3)c2cc1NC(=O)/C=C/CN(C)C,6.0664
CCN1CCN(CCc2ccc(Nc3ncc(Cl)c(-c4ccc5cc[nH]c5c4)n3)cc2)CC1,7.4318
N#Cc1cnc(Nc2ccccc2)nc1-c1ccccc1,6.0000
CN1CCN(CCc2ccc(Nc3ncc(C#N)c(-c4ccc(C(C)(C)N)cc4)n3)cc2)CC1,7.6778
CCc1nccn1CCc1ccc(Nc2ncc(C#N)c(-c3ccc(C(C)(C)N)cc3)n2)cc1,7.0269
CC(C)(N)c1ccc(-c2nc(Nc3cccc(CCN4CCOCC4)c3)ncc2C#N)cc1,7.2596
CC(C)(N)c1ccc(-c2nc(Nc3ccc(CCN4CCOCC4)cc3)ncc2C#N)cc1,7.5686
CC(C)(C)c1nc(Nc2ccc(CCO)cc2)ncc1C#N,5.7959
N#Cc1cnc(Nc2ccc(CCO)cc2)nc1-c1cc2ccccc2[nH]1,5.8539
CC(C)(O)c1ccc(-c2nc(Nc3ccc(CCO)cc3)ncc2C#N)cc1,6.3872
N#Cc1cnc(Nc2ccc(CCO)cc2)nc1-c1nc2ccccc2s1,6.4685
N#Cc1cnc(Nc2ccc(CCO)cc2)nc1-c1ccc(S(N)(=O)=O)cc1,6.6990
N#Cc1cnc(Nc2ccc(CCO)cc2)nc1-c1ccc(Br)cc1,6.7447
COc1ccc(-c2nc(Nc3ccc(CCO)cc3)ncc2C#N)cc1,6.8239
N#Cc1cnc(Nc2ccc(CCO)cc2)nc1-c1ccc2[nH]ccc2c1,7.0458
N#Cc1cnc(Nc2ccc(CCO)cc2)nc1-c1cccs1,7.0862
CC(C)(N)c1ccc(-c2nc(Nc3ccc(CCO)cc3)ncc2C#N)cc1,7.2840
N#Cc1cnc(Nc2nc3ccccc3[nH]2)nc1-c1ccccc1,5.0000
N#Cc1cnc(Nc2ccc3ccccc3c2)nc1-c1ccccc1,5.6778
Cc1ccc(Nc2ncc(C#N)c(-c3ccccc3)n2)cc1,6.0000
COc1ccc(Nc2ncc(C#N)c(-c3ccccc3)n2)cc1,6.3098
Cc1cc2cc(Nc3ncc(C#N)c(-c4ccccc4)n3)ccc2[nH]1,6.3872
COc1cccc(Nc2ncc(C#N)c(-c3ccccc3)n2)c1,6.4202
N#Cc1cnc(Nc2ccc(CCO)cc2)nc1-c1ccccc1,6.6990
N#Cc1cnc(Nc2cccc(CN3CCOCC3)c2)nc1-c1ccccc1,6.4437
N#Cc1cnc(Nc2ccc(CCC(=O)N3CCOCC3)cc2)nc1-c1ccccc1,6.7447
N#Cc1cnc(Nc2ccc(CCN3CCCC3)cc2)nc1-c1ccccc1,6.9586
COc1cc(Nc2ncc(C#N)c(-c3ccccc3)n2)ccc1CN1CCCC1,7.0410
N#Cc1cnc(Nc2ccc(CN3CCCC3)cc2)nc1-c1ccccc1,7.2147
CC(C)(N)c1ccc(-c2nc(Nc3ccc(OCCN4CCOCC4)cc3)ncc2C#N)cc1,6.3468
CC(C)(N)c1ccc(-c2nc(Nc3cccc(Br)c3)ncc2Cl)cc1,6.4584
CN(C)CCc1ccc(Nc2ncc(Cl)c(-c3n[nH]c4ccccc34)n2)cc1,6.5031
CN(C)CCc1ccc(Nc2ncc(Cl)c(-c3cccc4cc[nH]c34)n2)cc1,6.3420
CN(C)CCc1ccc(Nc2ncc(Cl)c(-c3ccc4cc[nH]c4c3)n2)cc1,7.8239
CN(C)CCc1ccc(Nc2ncc(Cl)c(-c3ccc4[nH]ccc4c3)n2)cc1,6.9872
CN(C)CCc1ccc(Nc2ncc(Cl)c(-c3cccc4[nH]ccc34)n2)cc1,6.6655
CN(C)CCc1ccc(Nc2ncc(Cl)c(-c3c[nH]c4ccccc34)n2)cc1,8.1549
Cc1nc(C)c(-c2nc(Nc3ccc(CCN(C)C)cc3)ncc2Cl)s1,6.0985
CN(C)CCc1ccc(Nc2ncc(Cl)c(-c3cccs3)n2)cc1,6.7986
CN1CCN(CCc2ccc(Nc3ncc(Cl)c(-c4ccc(C(C)(C)N)cc4)n3)cc2)CC1,7.1192
CC(C)(N)c1ccc(-c2nc(Nc3ccc(CCN4CCOCC4)cc3)ncc2Cl)cc1,6.8297
CC(C)(N)c1ccc(-c2nc(Nc3ccc(CCN4CCCC4)cc3)ncc2Cl)cc1,7.5850
CN(C)CCc1ccc(Nc2ncc(Cl)c(-c3ccc(C(C)(C)N)cc3)n2)cc1,7.7212
CNCCc1ccc(Nc2ncc(Cl)c(-c3ccc(C(C)(C)N)cc3)n2)cc1,7.4815
CC(C)(N)c1ccc(-c2nc(Nc3ccc(CCO)cc3)ncc2Cl)cc1,7.1612
Clc1cnc(Nc2ccc(CCN3CCCC3)cc2)nc1-c1ccc2cc[nH]c2c1,7.7959
CN1CCN(CCc2ccc(Nc3ncc(Cl)c(-c4c[nH]c5ccccc45)n3)cc2)CC1,8.1549
COc1cc(-c2csc3c(/C=C/CN[C@H]4CC[C@H](N)CC4)cnc(N)c23)ccc1NC(=O)c1cc2ccccc2n1C,4.7328
c1ccc2c(-c3cnc4[nH]nc(-c5nc6ccccc6[nH]5)c4c3)cncc2c1,5.8356
O=C(NCCCN1CCCC1=O)c1cnccc1Nc1nc(-c2cc(Br)ccc2F)nc2nccnc12,6.8539
O=C(Nc1ccc(OC(F)(F)F)cc1)c1nnnn1CCc1ccncc1,5.5520
O=C(Nc1ccc(C(F)(F)F)cc1)c1nnnn1CCc1ccncc1,5.7996
O=C(Nc1ccc(Cl)cc1)c1ccnn1CCc1ccncc1,7.0458
O=C(Nc1ccc(Cl)cc1)c1nnnn1CCc1ccncc1,5.9432
O=C(Nc1ccc(C(F)(F)F)c(Cl)c1)c1nccn1CCc1ccncc1,5.5941
CC(C)(C)c1ccc(NC(=O)c2nccn2CCc2ccncc2)cc1,5.8373
O=C(Nc1ccc(OC(F)(F)F)cc1)c1nccn1CCc1ccncc1,6.0406
O=C(Nc1ccc(C(F)(F)F)cc1)c1nccn1CCc1ccncc1,6.0539
O=C(Nc1ccc(Cl)cc1)c1nccn1CCc1ccncc1,6.1498
Cc1cc(C(=O)Nc2ccc(OC(F)(F)F)cc2)n(CCc2ccncc2)n1,5.8987
Cc1cc(C(=O)Nc2ccc(Cl)cc2)n(CCc2ccncc2)n1,5.8515
COc1ccc(NC(=O)c2ccnn2CCc2ccncc2)cc1OC,6.7012
O=C(Nc1ccc(Cl)c(Cl)c1)c1ccnn1CCc1ccncc1,6.7529
O=C(Nc1ccc(C(F)(F)F)c(Cl)c1)c1ccnn1CCc1ccncc1,6.7827
O=C(Nc1ccc(Cl)c(C(F)(F)F)c1)c1ccnn1CCc1ccncc1,6.2359
O=C(Nc1ccc2[nH]ncc2c1)c1ccnn1CCc1ccncc1,5.2882
O=C(Nc1cnc2ccccc2c1)c1ccnn1CCc1ccncc1,6.3292
O=C(Nc1ccc(Oc2ccccc2)cc1)c1ccnn1CCc1ccncc1,5.4921
O=C(Nc1ccc(-c2ccccc2)cc1)c1ccnn1CCc1ccncc1,5.9146
CC(C)c1ccc(NC(=O)c2ccnn2CCc2ccncc2)cc1,7.2032
CC(C)(C)c1ccc(NC(=O)c2ccnn2CCc2ccncc2)cc1,7.1314
O=C(Nc1cccc(OC(F)(F)Cl)c1)c1ccnn1CCc1ccncc1,7.1549
O=C(Nc1cccc(OC(F)(F)F)c1)c1ccnn1CCc1ccncc1,6.4923
O=C(Nc1ccc(OC(F)(F)F)cc1)c1ccnn1CCc1ccncc1,7.3249
CCc1ccc(NC(=O)c2ccnn2CCc2ccncc2)cc1,6.9932
O=C(Nc1ccc(C(F)(F)F)cc1)c1ccnn1CCc1ccncc1,7.2400
COc1ccc2cc(-c3c(-c4ccncc4)nc(-c4ccc([S+](C)[O-])cc4C)n3C)ccc2c1,5.8239
Nc1ncc(-c2ccccc2)c2occ(-c3ccc(NC(=O)Nc4cc(C(F)(F)F)ccc4F)cc3)c12,7.5229
Nc1ncc(-c2cccc(S(N)(=O)=O)c2)c2occ(-c3ccc(NC(=O)Nc4cc(C(F)(F)F)ccc4F)cc3)c12,8.3768
Nc1ncc(-c2cccc(Cl)c2)c2occ(-c3ccc(NC(=O)Nc4cc(C(F)(F)F)ccc4F)cc3)c12,6.0301
Nc1ncc(-c2cccc(S(N)(=O)=O)c2)c2scc(-c3ccc(F)c(Cl)c3)c12,5.7212
Cc1cc(NC(=O)c2c(C)noc2NCc2ccncc2)ccc1C(F)(F)F,6.0354
COc1ccc(NC(=O)c2c(C)noc2NCc2ccncc2)cc1OC,5.4750
Cc1noc(NCc2ccncc2)c1C(=O)Nc1ccc(Cl)c(Cl)c1,5.9673
Cc1noc(NCc2ccncc2)c1C(=O)Nc1ccc(C(F)(F)F)c(Cl)c1,6.2248
Cc1noc(NCc2ccncc2)c1C(=O)Nc1cnc2ccccc2c1,5.6823
Cc1noc(NCc2ccncc2)c1C(=O)Nc1ccc(C(C)C)cc1,6.2876
Cc1noc(NCc2ccncc2)c1C(=O)Nc1ccc(C(C)(C)C)cc1,6.5273
Cc1noc(NCc2ccncc2)c1C(=O)Nc1ccc(OC(F)(F)F)cc1,5.7454
Cc1noc(NCc2ccncc2)c1C(=O)Nc1ccc(C(F)(F)F)cc1,6.4983
Cc1noc(NCc2ccncc2)c1C(=O)Nc1cccc(C(F)(F)F)c1,5.7080
Cc1cc(NC(=O)c2c(NCc3ccncc3)cnn2C)ccc1C(F)(F)F,6.7065
Cc1ccc(NC(=O)c2c(NCc3ccncc3)cnn2C)cc1C(F)(F)F,6.5115
Cn1ncc(NCc2ccncc2)c1C(=O)Nc1cc(C(F)(F)F)cc(C(F)(F)F)c1,6.2939
Cn1ncc(NCc2ccncc2)c1C(=O)Nc1ccc(C(F)(F)F)c(C(F)(F)F)c1,6.4611
COc1ccc(NC(=O)c2c(NCc3ccncc3)cnn2C)cc1OC,6.6667
Cn1ncc(NCc2ccncc2)c1C(=O)Nc1ccc(Cl)c(Cl)c1,6.7649
Cn1ncc(NCc2ccncc2)c1C(=O)Nc1ccc(C(F)(F)F)c(Cl)c1,6.7295
Cn1ncc(NCc2ccncc2)c1C(=O)Nc1ccc(Cl)c(C(F)(F)F)c1,6.4125
Cn1ncc(NCc2ccncc2)c1C(=O)Nc1cnc2ccccc2c1,6.1135
CC(C)c1ccc(NC(=O)c2c(NCc3ccncc3)cnn2C)cc1,6.7060
Cn1ncc(NCc2ccncc2)c1C(=O)Nc1ccc(C(C)(C)C)cc1,7.0458
Cn1ncc(NCc2ccncc2)c1C(=O)Nc1cccc(Cl)c1,5.4921
Cn1ncc(NCc2ccncc2)c1C(=O)Nc1cccc(OC(F)(F)F)c1,5.9703
Cn1ncc(NCc2ccncc2)c1C(=O)Nc1ccc(OC(F)(F)F)cc1,7.1938
Cn1ncc(NCc2ccncc2)c1C(=O)Nc1ccc(C(F)(F)F)cc1,6.6973
Cn1ncc(NCc2ccncc2)c1C(=O)Nc1cccc(C(F)(F)F)c1,5.9238
Cn1cnc(NCc2ccncc2)c1C(=O)NCc1ccc2c(c1)OCO2,6.0408
Cc1ccc(NC(=O)c2c(NCc3ccncc3)ncn2C)c(F)c1,5.8864
Cc1cc(NC(=O)c2c(NCc3ccncc3)ncn2C)ccc1C(F)(F)F,7.1938
Cc1ccc(NC(=O)c2c(NCc3ccncc3)ncn2C)cc1C(F)(F)F,6.6326
Cn1cnc(NCc2ccncc2)c1C(=O)Nc1cc(C(F)(F)F)cc(C(F)(F)F)c1,6.3993
Cn1cnc(NCc2ccncc2)c1C(=O)Nc1ccc(C(F)(F)F)c(C(F)(F)F)c1,6.5599
COc1ccc(NC(=O)c2c(NCc3ccncc3)ncn2C)cc1OC,6.8500
Cn1cnc(NCc2ccncc2)c1C(=O)Nc1ccc(Cl)c(Cl)c1,6.6387
Cn1cnc(NCc2ccncc2)c1C(=O)Nc1ccc(C(F)(F)F)c(Cl)c1,6.7557
Cn1cnc(NCc2ccncc2)c1C(=O)Nc1ccc(Cl)c(C(F)(F)F)c1,6.3346
Cn1cnc(NCc2ccncc2)c1C(=O)Nc1cnc2ccccc2c1,6.2461
CC(C)c1ccc(NC(=O)c2c(NCc3ccncc3)ncn2C)cc1,6.8468
Cn1cnc(NCc2ccncc2)c1C(=O)Nc1ccc(C(C)(C)C)cc1,7.1938
Cn1cnc(NCc2ccncc2)c1C(=O)Nc1cccc(Cl)c1,5.4921
Cn1cnc(NCc2ccncc2)c1C(=O)Nc1cccc(OC(F)(F)F)c1,6.2053
Cn1cnc(NCc2ccncc2)c1C(=O)Nc1ccc(OC(F)(F)F)cc1,6.4016
Cn1cnc(NCc2ccncc2)c1C(=O)Nc1ccc(C(F)(F)F)cc1,5.1198
Cn1cnc(NCc2ccncc2)c1C(=O)Nc1cccc(C(F)(F)F)c1,6.1810
Cn1cnc(NCCc2ccc3c(c2)OCO3)c1C(=O)Nc1ccc(C(F)(F)F)cc1,5.5935
Cn1cnc(NCCc2ccc3c(c2)OCO3)c1C(=O)Nc1cccc(C(F)(F)F)c1,5.5058
Cn1ncc(NCc2ccncc2)c1C(=O)Nc1ccc(Cl)cc1,6.0000
Cn1cnc(NCc2ccncc2)c1C(=O)Nc1ccc(Cl)cc1,5.7825
Cc1nnsc1C1=NNC(=O)/C1=C\c1cn(C)c2ccccc12,7.0223
COc1ccc(OC)c2c1c(/C=C1\C(=O)NN=C1c1cnns1)cn2C,8.0000
Cc1cc(Br)c2c(/C=C3\C(=O)NN=C3c3cnns3)cn(C)c2c1,7.9208
Cn1cc(/C=C2\C(=O)NN=C2c2cnns2)c2ccc(Cl)cc21,7.1367
COc1ccc2c(c(/C=C3\C(=O)NN=C3c3cnns3)cn2C)c1Br,8.2218
COC(=O)c1cccc2c1c(/C=C1\C(=O)NN=C1c1cnns1)cn2C,7.6576
CCOc1cccc2c1c(/C=C1\C(=O)NN=C1c1cnns1)cn2C,7.6021
COc1cccc2c1c(/C=C1\C(=O)NN=C1c1cnns1)cn2C,7.8861
Cn1cc(/C=C2\C(=O)NN=C2c2cnns2)c2c(Br)cccc21,8.0969
Cn1cc(/C=C2\C(=O)NN=C2c2cnns2)c2c(Cl)cccc21,7.7959
Cn1cc(/C=C2\C(=O)NN=C2c2cnns2)c2c(F)cccc21,7.7959
Cc1ccc2c(c1)c(/C=C1\C(=O)NN=C1c1cnns1)cn2C,7.4559
Cn1cc(/C=C2\C(=O)NN=C2c2cnns2)c2cc(Br)ccc21,6.9586
COc1ccc2c(c1)c(/C=C1\C(=O)NN=C1c1cnns1)cn2C,7.5528
COC(=O)c1ccc2c(c1)c(/C=C1\C(=O)NN=C1c1cnns1)cn2C,7.1367
Cn1cc(/C=C2\C(=O)NN=C2c2cnns2)c2cc(C#N)ccc21,6.7595
Cn1cc(/C=C2\C(=O)NN=C2c2cnns2)c2cc(Cl)ccc21,7.4685
Cn1cc(/C=C2\C(=O)NN=C2c2cnns2)c2cc(F)ccc21,7.3188
COc1ccc(OC)c2c1c(/C=C1\C(=O)NN=C1c1snnc1C)cn2C,7.6990
COc1cccc2c(/C=C3\C(=O)NN=C3c3snnc3C)cn(C)c12,6.9626
COc1ccc2c(c(/C=C3\C(=O)NN=C3c3snnc3C)cn2C)c1Br,7.6383
Cc1nnsc1C1=NNC(=O)/C1=C\c1cn(C)c2cccc(C)c12,7.2366
CCOc1cccc2c1c(/C=C1\C(=O)NN=C1c1snnc1C)cn2C,7.4320
COc1cccc2c1c(/C=C1\C(=O)NN=C1c1snnc1C)cn2C,7.7212
Cc1nnsc1C1=NNC(=O)/C1=C\c1cn(C)c2cccc(Br)c12,7.4685
Cc1nnsc1C1=NNC(=O)/C1=C\c1cn(C)c2cccc(Cl)c12,7.3468
Cc1nnsc1C1=NNC(=O)/C1=C\c1cn(C)c2cccc(F)c12,6.8633
COc1ccc2c(c1)c(/C=C1\C(=O)NN=C1c1snnc1C)cn2C,7.0458
Cc1nnsc1C1=NNC(=O)/C1=C\c1cn(C)c2ccc(Cl)cc12,6.8182
Cc1nnsc1C1=NNC(=O)/C1=C\c1cn(C)c2ccc(F)cc12,7.0044
Cn1cc(/C=C2\C(=O)NN=C2c2snnc2-c2ccccc2)c2c(Br)cccc21,7.0506
O=C1NN=C(c2cnns2)/C1=C/c1cc2c([nH]1)CCCC2,7.2518
Cc1cc(C)c(/C=C2\C(=O)NN=C2c2snnc2C)[nH]1,6.7055
c1ccc(-c2oc3nccc(NC[C@@H]4CCCO4)c3c2-c2ccccc2)cc1,5.3768
c1ccc(-c2c(-c3ccc(OCCN4CCCCC4)cc3)oc3nccc(NCCCn4ccnc4)c23)cc1,5.7696
c1ccc(-c2c(-c3ccc(OCCN4CCCCC4)cc3)oc3nccc(NCCc4cccnc4)c23)cc1,6.4318
c1ccc(-c2c(-c3ccc(OCCN4CCCCC4)cc3)oc3nccc(NCCc4ccncc4)c23)cc1,5.3279
c1ccc(-c2c(-c3ccc(OCCN4CCCCC4)cc3)oc3nccc(NCCN4CCNCC4)c23)cc1,7.0000
CC(C)N(CCOc1ccc(-c2oc3nccc(NCCN4CCNCC4)c3c2-c2ccccc2)cc1)C(C)C,7.1739
c1ccc(-c2c(-c3ccc(OCCn4ccnc4)cc3)oc3nccc(NCCN4CCNCC4)c23)cc1,6.7959
c1ccc(-c2c(-c3ccc(OCCN4CCCC4)cc3)oc3nccc(NCCN4CCNCC4)c23)cc1,6.6778
c1ccc(-c2c(-c3ccc(OCCN4CCOCC4)cc3)oc3nccc(NCCN4CCNCC4)c23)cc1,7.2441
c1ccc(-c2oc3nccc(NCCN4CCNCC4)c3c2-c2ccccc2)cc1,6.4437
c1ccc(-c2oc3ncnc(NCCN4CCNCC4)c3c2-c2ccccc2)cc1,5.5850
c1ccc(-c2c(-c3ccc(OCCN4CCCC4)cc3)oc3ncnc(NCCN4CCNCC4)c23)cc1,5.5092
CC(C)Nc1ncnc2oc(-c3ccc(OCCN4CCCC4)cc3)c(-c3ccccc3)c12,6.2700
CNc1ncnc(-c2cccnc2Oc2cc(NC(=O)c3cccc(OC(F)(F)F)c3)ccc2C)n1,6.3111
CNc1cc(-c2cccnc2Oc2cc(NC(=O)c3cccc(OC(F)(F)C(F)F)c3)ccc2C)ccn1,6.3291
CNc1ncnc(-c2cccnc2Oc2cc(NC(=O)c3cccc(OC(F)(F)C(F)F)c3)ccc2C)n1,5.6828
CNc1ncnc(-c2cccnc2Oc2cc(NC(=O)c3cccc(-n4cccc4)c3)ccc2C)n1,5.2753
CNc1ncnc(-c2cccnc2Oc2cc(NC(=O)c3cccc(C(F)(F)F)c3)ccc2C)n1,6.5100
CNc1cc(-c2cccnc2Oc2ccc(Cl)c(NC(=O)c3cccc(C(C)C)c3)c2)ccn1,8.0458
CNc1cc(-c2cccnc2Oc2cccc(NC(=O)c3cccc(C(C)C)c3)c2)ccn1,7.7447
CNc1ncnc(-c2cccnc2Oc2cc(NC(=O)c3cccc(C(C)C)c3)cc(C(F)(F)F)c2)n1,4.6021
CNc1ncnc(-c2cccnc2Oc2cc(NC(=O)c3cccc(C(C)C)c3)ccc2F)n1,6.8928
CNc1ncnc(-c2cccnc2Oc2cccc(NC(=O)c3cccc(C(C)C)c3)c2)n1,6.3410
CNc1cc(-c2cccnc2Oc2cc(NC(=O)c3cccc(C(C)C)c3)ccc2C)ccn1,7.7447
CNc1ncnc(-c2cccnc2Oc2cc(NC(=O)c3cccc(C(C)C)c3)ccc2C)n1,6.9318
CNc1nccc(-c2cccnc2Oc2cc(NC(=O)c3cccc(C(C)C)c3)ccc2C)n1,8.6990
CNc1cc(-c2cccnc2Oc2cc(C(=O)Nc3cccc(C(C)C)c3)ccc2C)ccn1,8.3010
CNc1ncnc(-c2cccnc2Oc2cc(C(=O)Nc3cccc(C(C)C)c3)ccc2C)n1,7.6990
CNc1nccc(-c2cccnc2Oc2cc(C(=O)Nc3cccc(C(C)C)c3)ccc2C)n1,7.4202
Cc1ccc(NC(=O)c2cccc(C(F)(F)F)c2)cc1Nc1ncccc1-c1ccncn1,7.2147
O=C(O)C1CCN(C(=O)c2cccc3c2Cc2c-3n[nH]c2-c2ccsc2)CC1,5.1524
CN1CCN(CC(=O)Nc2cccc3c2Cc2c-3n[nH]c2-c2ccsc2)CC1,6.0362
O=C(Nc1cccc2c1Cc1c-2n[nH]c1-c1ccsc1)c1ccccc1,7.0000
Cc1cc(C(=O)Nc2cccc3c2Cc2c-3n[nH]c2-c2ccsc2)no1,7.2218
O=C(Nc1cccc2c1Cc1c-2n[nH]c1-c1ccsc1)c1ccco1,6.9586
COC(=O)C(=O)Nc1cccc2c1Cc1c-2n[nH]c1-c1ccsc1,7.3010
CCS(=O)(=O)Nc1cccc2c1Cc1c-2n[nH]c1-c1ccsc1,6.5086
CCOC(=O)Nc1cccc2c1Cc1c-2n[nH]c1-c1ccsc1,6.1871
COCC(=O)Nc1cccc2c1Cc1c-2n[nH]c1-c1ccsc1,7.1549
CCCC(=O)Nc1cccc2c1Cc1c-2n[nH]c1-c1ccsc1,6.2518
OCCNCc1cccc2c1Cc1c-2n[nH]c1-c1ccsc1,6.3565
O=C(O)CNC(=O)c1cccc2c1Cc1c-2n[nH]c1-c1ccsc1,6.3872
O=C(O)CCNC(=O)c1cccc2c1Cc1c-2n[nH]c1-c1ccsc1,6.2366
OCC1CCN(Cc2cccc3c2Cc2c-3n[nH]c2-c2ccsc2)CC1,4.5546
O=C(O)C1CCCN(C(=O)c2cccc3c2Cc2c-3n[nH]c2-c2ccsc2)C1,5.3152
CN1CCN(CC(=O)Nc2cccc3c2Cc2c-3n[nH]c2-c2csc(C#CCOc3ccccc3)c2)CC1,8.0000
CCOC(=O)CC(=O)Nc1cccc2c1Cc1c-2n[nH]c1-c1csc(C#CCOc2ccccc2)c1,6.5800
COC(=O)C(=O)Nc1cccc2c1Cc1c-2n[nH]c1-c1csc(C#CCOc2ccccc2)c1,7.4437
COCCOCC(=O)Nc1cccc2c1Cc1c-2n[nH]c1-c1csc(C#CCOc2ccccc2)c1,6.5686
COCC(=O)Nc1cccc2c1Cc1c-2n[nH]c1-c1csc(C#CCOc2ccccc2)c1,7.2757
COCc1cccc2[nH]c(-c3n[nH]c4ncc(-c5cncc(CN(C)C)c5)cc34)nc12,5.7959
CCNCc1cncc(-c2cnc3[nH]nc(-c4nc5c(COC)cccc5[nH]4)c3c2)c1C,5.3307
CCNCc1cncc(-c2cnc3[nH]nc(-c4nc5cc(F)ccc5[nH]4)c3c2)c1,6.8239
CCNCc1cncc(-c2cnc3[nH]nc(-c4nc5cc(F)c(F)cc5[nH]4)c3c2)c1,7.0000
CCNCc1cncc(-c2cnc3[nH]nc(-c4nc5cc(N6CCN(C)CC6)ccc5[nH]4)c3c2)c1,7.6021
CNCc1cncc(-c2cnc3[nH]nc(-c4nc5c(COC)cccc5[nH]4)c3c2)c1,6.1938
CCN(CC)C(=O)c1cccc2[nH]c(-c3n[nH]c4ncc(-c5cncc6ccccc56)cc34)nc12,5.0000
CC(C)NC(=O)c1cccc2[nH]c(-c3n[nH]c4ncc(-c5cncc6ccccc56)cc34)nc12,6.4202
COC(=O)c1cccc2[nH]c(-c3n[nH]c4ncc(-c5cncc6ccccc56)cc34)nc12,4.0000
c1ccc2c(-c3cnc4[nH]nc(-c5nc6cc(N7CCOCC7)ccc6[nH]5)c4c3)cncc2c1,5.9706
CN1CCN(c2ccc3[nH]c(-c4n[nH]c5ncc(-c6cncc7ccccc67)cc45)nc3c2)CC1,6.0000
CCN(CC)Cc1cccc2[nH]c(-c3n[nH]c4ncc(-c5cncc6ccccc56)cc34)nc12,5.8097
CC(C)NCc1cccc2[nH]c(-c3n[nH]c4ncc(-c5cncc6ccccc56)cc34)nc12,6.0000
COCc1cccc2[nH]c(-c3n[nH]c4ncc(-c5cncnc5)cc34)nc12,6.9586
COCc1cccc2[nH]c(-c3n[nH]c4ncc(-c5ccncc5)cc34)nc12,6.9586
COCc1cccc2[nH]c(-c3n[nH]c4ncc(-c5cccnc5)cc34)nc12,6.7959
CC(C)OCc1cccc2[nH]c(-c3n[nH]c4ncc(-c5cncc6ccccc56)cc34)nc12,7.0000
COCc1cccc2[nH]c(-c3n[nH]c4ncc(-c5cncc6ccccc56)cc34)nc12,6.3372
Cc1cccc2[nH]c(-c3n[nH]c4ncc(-c5cncc6ccccc56)cc34)nc12,5.0000
COc1ccc2nc(-c3n[nH]cc3/C=C/c3cccnc3)[nH]c2c1,6.0132
CCNCc1cncc(/C=C/c2c[nH]nc2-c2nc(C(F)(F)F)c[nH]2)c1,5.0000
FC(F)(F)c1c[nH]c(-c2n[nH]cc2/C=C/c2cncc3ccccc23)n1,5.5143
FC(F)(F)c1c[nH]c(-c2n[nH]cc2/C=C/c2cccnc2)n1,4.5376
CN1CCN(c2ccc3nc(-c4n[nH]cc4/C=C/c4cccnc4)[nH]c3c2)CC1,6.5376
CCNCc1cncc(/C=C/c2c[nH]nc2-c2nc3ccc(OC)cc3[nH]2)c1,6.0862
CCNC(=O)c1cncc(/C=C/c2c[nH]nc2-c2nc3ccc(OC)cc3[nH]2)c1,5.8697
COC(=O)c1cncc(/C=C/c2c[nH]nc2-c2nc3ccc(OC)cc3[nH]2)c1,5.8928
COc1cncc(/C=C/c2c[nH]nc2-c2nc3ccc(OC)cc3[nH]2)c1,6.1871
COc1ccc2nc(-c3n[nH]cc3/C=C/c3cncc(C#N)c3)[nH]c2c1,5.7696
COc1ccc2nc(-c3n[nH]cc3/C=C/c3cncc4ccccc34)[nH]c2c1,6.2147
COc1ccc2nc(-c3n[nH]cc3/C=C/c3cnccc3C)[nH]c2c1,6.1192
CNC(=O)Nc1ccc(CNc2c(C(=O)Nc3ccc4c(c3)OC(F)(F)C(F)(F)O4)cnn2C)cn1,7.3665
CNC(=O)Nc1ccc(CNc2c(C(=O)Nc3ccc(SC(F)(F)F)cc3)cnn2C)cn1,7.2076
CNC(=O)Nc1ccc(CNc2ncsc2C(=O)Nc2ccc3c(c2)OC(F)(F)O3)cn1,8.5229
CCNC(=O)Nc1ccc(CNc2ncsc2C(=O)Nc2ccc3c(c2)OC(F)(F)O3)cn1,8.1549
NC1CCN(Cc2ccn3ncnc(Nc4ccc5c(cnn5Cc5cccc(F)c5)c4)c23)CC1,6.3188
COc1cc2ncc(C#N)c(N[C@@H]3C[C@H]3c3ccccc3)c2cc1OC,5.6778
N#Cc1cnc2cc(-c3ccc(CN4CCOCC4)cc3)ccc2c1N[C@@H]1C[C@H]1c1ccccc1,6.7696
N#Cc1cnc2ccc(-c3ccc(CN)cc3)cc2c1N[C@@H]1C[C@H]1c1ccccc1,5.8239
COc1cc2c(N[C@@H]3C[C@H]3c3ccccc3)c(C#N)cnc2cc1OCCCN1CCN(C)CC1,6.5229
COc1cc2c(N[C@@H]3C[C@H]3c3ccccc3)c(C#N)cnc2cc1OCCCN1CCOCC1,6.3768
COCCOc1cc2ncc(C#N)c(N[C@@H]3C[C@H]3c3ccccc3)c2cc1OC,6.8539
COc1cc2c(N[C@@H]3C[C@H]3c3ccccc3)c(C#N)cnc2cc1OCCCc1cccnc1,7.0044
COc1cc2ncc(C#N)c(N[C@@H]3C[C@H]3c3ccccc3)c2cc1OCCCc1cccnc1,6.1871
COc1cc2ncc(C#N)c(N[C@@H]3C[C@H]3c3ccccc3)c2cc1OCCCN1CCOCC1,6.2518
COc1cc2ncc(C#N)c(N[C@@H]3C[C@H]3c3ccccc3)c2cc1OCCN1CCOCC1,6.8239
COc1cc2ncc(C#N)c(N[C@@H]3C[C@H]3c3ccccc3)c2cc1OCc1ccccc1,5.5850
O=C(Nc1ccc(Cl)cc1)c1cccnc1NCc1ccncc1,8.0969
O=C(Nc1ccc(Cl)cc1)c1sccc1NCc1ccncc1,6.9208
O=C(Nc1ccc(Cl)cc1)c1cc(Br)cnc1NCc1ccncc1,6.3098
O=C(Nc1ccc(Oc2ccccc2)cc1)c1cccnc1Nc1ccc(F)cc1,6.8697
O=C(Nc1ccc(Oc2ccccc2)cc1)c1cccnc1Nc1ccc2cn[nH]c2c1,7.1549
O=C(Nc1ccc(Oc2ccccc2)cc1)c1cccnc1NCc1ccc2c(c1)OCO2,7.4202
Cc1ccc(NC(=O)c2cccnc2NCc2ccncc2)cc1,6.4949
O=C(Nc1cccc(Cl)c1)c1cccnc1NCc1ccncc1,8.6990
O=C(Nc1cccc(Oc2ccccc2)c1)c1cccnc1NCc1ccncc1,6.5867
CCOC(=O)c1coc(-c2cccc(NC(=O)c3cccnc3NCc3ccncc3)c2)c1,7.5376
CCc1cccc(NC(=O)c2cccnc2NCc2ccncc2)c1,6.9747
O=C(Nc1cccc(-c2ccccc2)c1)c1cccnc1NCc1ccncc1,7.0410
O=C(Nc1ccc(OC(F)(F)F)cc1)c1cccnc1NCc1ccncc1,7.6383
O=C(Nc1ccc(-c2ccccc2)cc1)c1cccnc1NCc1ccncc1,7.6383
CCCCc1ccc(NC(=O)c2cccnc2NCc2ccncc2)cc1,7.7212
O=C(Nc1ccc(Cl)c(Cl)c1)c1cccnc1NCc1ccncc1,7.7696
O=C(Nc1ccc(C(F)(F)F)cc1)c1cccnc1NCc1ccncc1,8.0458
O=C(Nc1cc(C(F)(F)F)cc(C(F)(F)F)c1)c1cccnc1NCc1ccncc1,8.0969
O=C(Nc1ccc(Cl)c(C(F)(F)F)c1)c1cccnc1NCc1ccncc1,8.3979
O=C(Nc1ccc(C2CCCCC2)cc1)c1cccnc1NCc1ccncc1,8.6990
O=C(Nc1ccc(Cl)cc1)c1cncnc1NCc1ccncc1,6.8539
Nc1ccc(NC(=O)Nc2cccc3c2C(=O)c2c-3n[nH]c2-c2ccc3c(c2)OCO3)cc1,6.4202
O=C(Nc1ccc(O)cc1)Nc1cccc2c1C(=O)c1c-2n[nH]c1-c1ccc2c(c1)OCO2,6.1549
Nc1ccc(NC(=O)Nc2cccc3c2C(=O)c2c-3n[nH]c2-c2ccc(O)cc2)cc1,6.1871
CCN(CC)CCOc1ccc(Nc2cc(NC(=O)Nc3c(Cl)cccc3Cl)ncn2)cc1,6.0177
NC(=O)c1c(OCc2c(F)cc(Br)cc2F)nsc1NC(=O)NCCCCN1CCCC1,8.0993
COc1ccc(-c2oc3ncnc(N)c3c2-c2ccc(NC(=O)Nc3c(F)cccc3C(F)(F)F)cc2)cc1,8.5229
CO/N=C/c1ccc2[nH]c3c4c(c5c(c3c2c1)CNC5=O)-c1cn(C)nc1CC4,7.7447
CCn1c2ccc(/C(C)=N/OCC(C)C)cc2c2c3c(c4c(c21)CCc1nn(C)cc1-4)C(=O)NC3,8.0713
C/C(=N\OCC(C)C)c1ccc2c(c1)c1c3c(c4c(c1n2C(C)C)CCc1nn(C)cc1-4)C(=O)NC3,7.9957
C/C(=N\OC(C)C)c1ccc2c(c1)c1c3c(c4c(c1n2C(C)C)CCc1nn(C)cc1-4)C(=O)NC3,8.1783
CCO/N=C(\C)c1ccc2c(c1)c1c3c(c4c(c1n2C(C)C)CCc1nn(C)cc1-4)C(=O)NC3,8.3979
C/C(=N\OCC(C)C)c1ccc2c(c1)c1c3c(c4c(c1n2CC(C)C)CCc1nn(C)cc1-4)C(=O)NC3,7.0269
C/C(=N\OC(C)C)c1ccc2c(c1)c1c3c(c4c(c1n2CC(C)C)CCc1nn(C)cc1-4)C(=O)NC3,7.9533
CCO/N=C(\C)c1ccc2c(c1)c1c3c(c4c(c1n2CC(C)C)CCc1nn(C)cc1-4)C(=O)NC3,8.3979
CCCCn1c2ccc(/C(C)=N/OC)cc2c2c3c(c4c(c21)CCc1nn(C)cc1-4)C(=O)NC3,7.9208
CO/N=C(\C)c1ccc2c(c1)c1c3c(c4c(c1n2CC(C)C)CCc1nn(C)cc1-4)C(=O)NC3,8.2764
CO/N=C(\C)c1ccc2c(c1)c1c3c(c4c(c1n2C(C)C)CCc1nn(C)cc1-4)C(=O)NC3,8.3979
CCCn1c2ccc(/C(C)=N/OC)cc2c2c3c(c4c(c21)CCc1nn(C)cc1-4)C(=O)NC3,9.0000
CCn1c2ccc(/C(C)=N/OC)cc2c2c3c(c4c(c21)CCc1nn(C)cc1-4)C(=O)NC3,8.3979
CO/N=C(\C)c1ccc2c(c1)c1c3c(c4c(c1n2C)CCc1nn(C)cc1-4)C(=O)NC3,8.3010
C/C(=N\OC(C)(C)C)c1ccc2[nH]c3c4c(c5c(c3c2c1)CNC5=O)-c1cn(C)nc1CC4,7.5086
C/C(=N\OCC(C)C)c1ccc2[nH]c3c4c(c5c(c3c2c1)CNC5=O)-c1cn(C)nc1CC4,8.1990
C/C(=N\OC(C)C)c1ccc2[nH]c3c4c(c5c(c3c2c1)CNC5=O)-c1cn(C)nc1CC4,8.4604
C/C(=N\O)c1ccc2[nH]c3c4c(c5c(c3c2c1)CNC5=O)-c1cn(C)nc1CC4,9.0000
CCO/N=C(/c1ccc2[nH]c3c4c(c5c(c3c2c1)CNC5=O)-c1cn(C)nc1CC4)C(C)C,7.6383
CO/N=C(/c1ccc2[nH]c3c4c(c5c(c3c2c1)CNC5=O)-c1cn(C)nc1CC4)C(C)C,8.3979
CCO/N=C(\C)c1ccc2[nH]c3c4c(c5c(c3c2c1)CNC5=O)-c1cn(C)nc1CC4,8.5485
CO/N=C(\C)c1ccc2[nH]c3c4c(c5c(c3c2c1)CNC5=O)-c1cn(C)nc1CC4,9.0000
CCO/N=C/c1ccc2[nH]c3c4c(c5c(c3c2c1)CNC5=O)-c1cn(C)nc1CC4,8.3979
Nc1n[nH]c2nccc(-c3ccc(NC(=O)Nc4ccccc4)cc3)c12,8.3724
CCCNC(=O)Nc1ccc(-c2ccnc3[nH]nc(N)c23)cc1,6.6198
Nc1n[nH]c2nccc(-c3ccc(NC(=O)NCC4CCCCC4)cc3)c12,7.1938
Nc1n[nH]c2nccc(-c3ccc(NC(=O)NC4CCCCC4)cc3)c12,6.9393
Nc1n[nH]c2nccc(-c3ccc(NC(=O)Nc4ccsc4)cc3)c12,7.6640
Cc1cc(NC(=O)Nc2ccc(-c3nccc4[nH]nc(N)c34)cc2)ccc1F,7.5837
Cc1cc(C)cc(NC(=O)Nc2ccc(-c3nccc4[nH]nc(N)c34)cc2)c1,7.5540
Cc1ccc(F)c(NC(=O)Nc2ccc(-c3nccc4[nH]nc(N)c34)cc2)c1,7.4797
Nc1n[nH]c2ccnc(-c3ccc(NC(=O)Nc4cccc(C(F)(F)F)c4)cc3)c12,7.5765
Nc1n[nH]c2ccnc(-c3ccc(NC(=O)Nc4cccc(Cl)c4)cc3)c12,7.6290
Cn1nc(N)c2c(-c3ccc(NC(=O)Nc4ccc(F)c(C(F)(F)F)c4)cc3)cncc21,8.1589
Cc1ccc(F)c(NC(=O)Nc2ccc(-c3cncc4c3c(N)nn4C)cc2)c1,8.3182
Cn1nc(N)c2c(-c3ccc(NC(=O)Nc4cccc(Cl)c4)cc3)cncc21,8.5000
Cc1cccc(NC(=O)Nc2ccc(-c3cncc4c3c(N)nn4C)cc2)c1,8.3372
Cc1cc(NC(=O)Nc2ccc(-c3cncc4[nH]nc(N)c34)cc2)ccc1F,9.1549
Nc1n[nH]c2cncc(-c3ccc(NC(=O)Nc4cc(C(F)(F)F)ccc4F)cc3)c12,8.9430
Cc1ccc(F)c(NC(=O)Nc2ccc(-c3cncc4[nH]nc(N)c34)cc2)c1,8.7001
Nc1n[nH]c2cncc(-c3ccc(NC(=O)Nc4cccc(Cl)c4)cc3)c12,8.7147
Cc1cccc(NC(=O)Nc2ccc(-c3cncc4[nH]nc(N)c34)cc2)c1,9.1549
Nc1n[nH]c2nccc(-c3ccc(NC(=O)Nc4ccc(F)c(Cl)c4)cc3)c12,8.5186
Nc1n[nH]c2nccc(-c3ccc(NC(=O)Nc4ccc(F)c(C(F)(F)F)c4)cc3)c12,8.5596
Cc1cc(NC(=O)Nc2ccc(-c3ccnc4[nH]nc(N)c34)cc2)ccc1F,8.9586
Nc1n[nH]c2nccc(-c3ccc(NC(=O)Nc4cc(C(F)(F)F)ccc4F)cc3)c12,8.6198
Cc1ccc(F)c(NC(=O)Nc2ccc(-c3ccnc4[nH]nc(N)c34)cc2)c1,8.8495
Cc1cc(C)cc(NC(=O)Nc2ccc(-c3ccnc4[nH]nc(N)c34)cc2)c1,8.9793
Nc1n[nH]c2nccc(-c3ccc(NC(=O)Nc4cc(F)cc(F)c4)cc3)c12,8.1461
COc1cccc(NC(=O)Nc2ccc(-c3ccnc4[nH]nc(N)c34)cc2)c1,8.4146
Nc1n[nH]c2nccc(-c3ccc(NC(=O)Nc4cccc(C(F)(F)F)c4)cc3)c12,8.6773
Nc1n[nH]c2nccc(-c3ccc(NC(=O)Nc4cccc(Cl)c4)cc3)c12,8.9120
Cc1ccc(NC(=O)Nc2ccc(-c3ccnc4[nH]nc(N)c34)cc2)cc1,8.1667
Cc1cccc(NC(=O)Nc2ccc(-c3ccnc4[nH]nc(N)c34)cc2)c1,8.8495
Cc1ccccc1NC(=O)Nc1ccc(-c2ccnc3[nH]nc(N)c23)cc1,8.0568
CNc1ncc(C(=O)Nc2cc(C(=O)Nc3cccc(C(F)(F)F)c3F)ccc2C)c(NC)n1,5.1753
COc1nc(Nc2ccc(N3CCN(C)CC3)cc2)ncc1C(=O)Nc1cc(C(=O)Nc2cccc(C(F)(F)F)c2F)ccc1C,6.5935
COc1nc(NCCN2CCOCC2)ncc1C(=O)Nc1cc(C(=O)Nc2cccc(C(F)(F)F)c2)ccc1C,5.6925
CNc1ncc(C(=O)Nc2cc(C(=O)Nc3cccc(C(F)(F)F)c3)ccc2C)c(OC)n1,5.0794
CC(C)c1c(-c2nnco2)cn2ncnc(Nc3cc(C(=O)NC4CC4)c(F)cc3F)c12,6.6990
Cc1nnc(-c2cn3ncnc(Nc4cc(C(=O)NC5CC5)c(F)cc4F)c3c2C(C)C)o1,7.2441
CC(C)c1c(-c2nnc(CN3CCC(O)C3)o2)cn2ncnc(Nc3cc(C(=O)NC4CC4)c(F)cc3F)c12,6.6990
CC(C)c1c(-c2nnc(CN3CCOCC3)o2)cn2ncnc(Nc3cc(C(=O)NC4CC4)c(F)cc3F)c12,6.6383
CC(C)c1c(-c2nnc(CN(C)C)o2)cn2ncnc(Nc3cc(C(=O)NC4CC4)c(F)cc3F)c12,6.7959
CNCc1nnc(-c2cn3ncnc(Nc4cc(C(=O)NC5CC5)c(F)cc4F)c3c2C(C)C)o1,6.8239
CC(C)c1c(-c2nnc(CN)o2)cn2ncnc(Nc3cc(C(=O)NC4CC4)c(F)cc3F)c12,6.9586
CNc1nnc(-c2cn3ncnc(Nc4cc(C(=O)NC5CC5)c(F)cc4F)c3c2C(C)C)o1,7.6990
CC(C)c1c(-c2nnc(OC3CCNCC3)o2)cn2ncnc(Nc3cc(C(=O)NC4CC4)c(F)cc3F)c12,7.9586
CC(C)c1c(-c2nnc(OCC3CCNCC3)o2)cn2ncnc(Nc3cc(C(=O)NC4CC4)c(F)cc3F)c12,7.5850
CC(C)c1c(-c2nnc(O[C@H]3CCNC3)o2)cn2ncnc(Nc3cc(C(=O)NC4CC4)c(F)cc3F)c12,7.4437
CC(N)COc1nnc(-c2cn3ncnc(Nc4cc(C(=O)NC5CC5)c(F)cc4F)c3c2C(C)C)o1,6.5229
CC(C)c1c(-c2nnc(N3CCN(C)CC3)o2)cn2ncnc(Nc3cc(C(=O)NC4CC4)c(F)cc3F)c12,7.6778
CC(C)c1c(-c2nnc(N3CCC(N)CC3)o2)cn2ncnc(Nc3cc(C(=O)NC4CC4)c(F)cc3F)c12,8.0000
CC(C)c1c(-c2nnc(NCCCCN)o2)cn2ncnc(Nc3cc(C(=O)NC4CC4)c(F)cc3F)c12,7.8539
CC(C)c1c(-c2nnc(NCCCN(C)C)o2)cn2ncnc(Nc3cc(C(=O)NC4CC4)c(F)cc3F)c12,7.9208
CNCCCNc1nnc(-c2cn3ncnc(Nc4cc(C(=O)NC5CC5)c(F)cc4F)c3c2C(C)C)o1,7.7959
CC(C)c1c(-c2nnc(NCCCN)o2)cn2ncnc(Nc3cc(C(=O)NC4CC4)c(F)cc3F)c12,7.7696
CC(C)c1c(-c2nnc(NCC(C)(C)CN)o2)cn2ncnc(Nc3cc(C(=O)NC4CC4)c(F)cc3F)c12,7.6990
CC(C)c1c(-c2nnc(NCC(C)(C)N)o2)cn2ncnc(Nc3cc(C(=O)NC4CC4)c(F)cc3F)c12,6.6576
CC(C)c1c(-c2nnc(NCCO)o2)cn2ncnc(Nc3cc(C(=O)NC4CC4)c(F)cc3F)c12,7.4949
CC(C)Nc1nnc(-c2cn3ncnc(Nc4cc(C(=O)NC5CC5)c(F)cc4F)c3c2C(C)C)o1,7.6778
CCCNc1nnc(-c2cn3ncnc(Nc4cc(C(=O)NC5CC5)c(F)cc4F)c3c2C(C)C)o1,7.7696
CC(C)c1c(-c2nnc(N(C)C)o2)cn2ncnc(Nc3cc(C(=O)NC4CC4)c(F)cc3F)c12,7.4202
Nc1ccc(-c2cccc3onc(N)c23)cc1,4.7249
Cc1ccc(F)c(NC(=O)Nc2ccc(-c3ccc(OCCN4CCOCC4)c4onc(N)c34)cc2)c1,7.5022
Cc1ccc(F)c(NC(=O)Nc2ccc(-c3ccc(CN4CCOCC4)c4onc(N)c34)cc2)c1,6.4377
Cc1ccc(F)c(NC(=O)Nc2ccc(-c3ccc(OC(F)(F)F)c4onc(N)c34)cc2)c1,6.7742
Cc1ccc(F)c(NC(=O)Nc2ccc(-c3ccc(F)c4onc(N)c34)cc2)c1,6.6757
Cc1ccc(F)c(NC(=O)Nc2ccc(-c3ccc(C)c4onc(N)c34)cc2)c1,7.2788
COc1ccc(-c2ccc(NC(=O)Nc3cccc(Cl)c3)cc2)c2c(N)noc12,7.5660
COc1ccc(-c2ccc(NC(=O)Nc3cccc(C(F)(F)F)c3)cc2)c2c(N)noc12,7.7336
COc1ccc(-c2ccc(NC(=O)Nc3cc(C)ccc3F)cc2)c2c(N)noc12,7.6884
Cc1ccc(NC(=O)Nc2ccc(-c3cccc4onc(N)c34)cc2)cc1Cl,7.7959
COc1ccc(NC(=O)Nc2ccc(-c3cccc4onc(N)c34)cc2)cc1Cl,7.7703
Nc1noc2cccc(-c3ccc(NC(=O)Nc4cc(F)cc(F)c4)cc3)c12,7.1327
Nc1noc2cccc(-c3ccc(NC(=O)Nc4ccc(F)c(Cl)c4)cc3)c12,7.4752
Nc1noc2cccc(-c3ccc(NC(=O)Nc4ccc(F)c(C(F)(F)F)c4)cc3)c12,7.3326
Cc1ccc(NC(=O)Nc2ccc(-c3cccc4onc(N)c34)cc2)cc1F,7.6109
Nc1noc2cccc(-c3ccc(NC(=O)Nc4cc(C(F)(F)F)ccc4F)cc3)c12,7.0399
Cc1cc(C)cc(NC(=O)Nc2ccc(-c3cccc4onc(N)c34)cc2)c1,8.5229
Nc1noc2cccc(-c3ccc(NC(=O)Nc4ccc(OC(F)(F)F)cc4)cc3)c12,7.1434
Nc1noc2cccc(-c3ccc(NC(=O)Nc4ccc(F)cc4)cc3)c12,7.2556
COc1ccc(NC(=O)Nc2ccc(-c3cccc4onc(N)c34)cc2)cc1,7.3161
Nc1noc2cccc(-c3ccc(NC(=O)Nc4ccc(C(F)(F)F)cc4)cc3)c12,7.1284
Cc1ccc(NC(=O)Nc2ccc(-c3cccc4onc(N)c34)cc2)cc1,7.5762
Nc1noc2cccc(-c3ccc(NC(=O)Nc4cccc(Cl)c4)cc3)c12,7.8249
Nc1noc2cccc(-c3ccc(NC(=O)Nc4cccc(Br)c4)cc3)c12,8.1505
Nc1noc2cccc(-c3ccc(NC(=O)Nc4cccc(F)c4)cc3)c12,7.5172
Nc1noc2cccc(-c3ccc(NC(=O)Nc4cccc([N+](=O)[O-])c4)cc3)c12,7.7454
COc1cccc(NC(=O)Nc2ccc(-c3cccc4onc(N)c34)cc2)c1,7.8641
Cc1cccc(NC(=O)Nc2ccc(-c3cccc4onc(N)c34)cc2)c1,8.2280
Nc1noc2cccc(-c3ccc(NC(=O)Nc4ccccc4C(F)(F)F)cc3)c12,5.2103
Nc1noc2cccc(-c3ccc(NC(=O)Nc4ccccc4OC(F)(F)F)cc3)c12,6.0468
Nc1noc2cccc(-c3ccc(NC(=O)Nc4ccccc4F)cc3)c12,6.4006
Nc1noc2cccc(-c3ccc(NC(=O)Nc4ccccc4)cc3)c12,7.6202
Nc1nsc2cccc(-c3ccc(NC(=O)Nc4cccc(C(F)(F)F)c4)cc3)c12,6.6073
Cc1ccc(F)c(NC(=O)Nc2ccc(-c3cccc4snc(N)c34)cc2)c1,6.2020
Nc1noc2cccc(-c3ccc(NC(=O)Nc4cccc(C(F)(F)F)c4)cc3)c12,7.3094
Cc1ccc(F)c(NC(=O)Nc2ccc(-c3cccc4onc(N)c34)cc2)c1,7.7819
NC(=O)Nc1ccc(-c2cccc3onc(N)c23)cc1,4.9031
COc1ccc(-c2ccc(NC(=O)Nc3cccc(Br)c3)cc2)c2c(N)noc12,7.8239
COc1cc(Nc2ncc3c(=O)n(-c4c(C)cccc4C)c4nc5ccccc5n4c3n2)cc(OC)c1OC,5.7212
COc1cccc(-n2c(=O)c3cnc(Nc4ccc(N5CCN(C)CC5)cc4)nc3n3c4ccccc4nc23)c1,5.0809
CN1CCN(c2ccc(Nc3ncc4c(=O)n(-c5c(Cl)cc(Cl)cc5Cl)c5nc6ccccc6n5c4n3)cc2)CC1,6.3188
CN1CCN(c2ccc(Nc3ncc4c(=O)n(-c5c(Cl)cccc5Cl)c5nc6ccccc6n5c4n3)cc2)CC1,6.2757
COc1cc(Nc2ncc3c(=O)n(-c4c(C)cccc4C)c4nc5ccccc5n4c3n2)cc(OC)c1OCCCN1CCN(C)CC1,5.3979
COc1cc(Nc2ncc3c(=O)n(-c4c(C)cccc4C)c4nc5ccccc5n4c3n2)ccc1OCCCN1CCN(C)CC1,5.3010
Cc1cccc(C)c1-n1c(=O)c2cnc(Nc3ccc(OCCCN4CCCCC4)cc3)nc2n2c3ccccc3nc12,5.2924
COc1cc(Nc2ncc3c(=O)n(-c4c(C)cccc4C)c4nc5ccccc5n4c3n2)cc(OC)c1OCCN1CCOCC1,5.7696
Cc1cccc(C)c1-n1c(=O)c2cnc(Nc3ccc(OCCN4CCN(C)CC4)c(F)c3)nc2n2c3ccccc3nc12,5.1308
COc1cc(Nc2ncc3c(=O)n(-c4c(C)cccc4C)c4nc5ccccc5n4c3n2)cc(OC)c1OCCN1CCN(C)CC1,5.4815
COc1cc(Nc2ncc3c(=O)n(-c4c(C)cccc4C)c4nc5ccccc5n4c3n2)ccc1OCCN1CCN(C)CC1,5.2596
Cc1cccc(C)c1-n1c(=O)c2cnc(Nc3ccc(OCCCN(C)C)cc3)nc2n2c3ccccc3nc12,5.3768
Cc1cccc(C)c1-n1c(=O)c2cnc(Nc3ccc(OCCN(C)C)cc3)nc2n2c3ccccc3nc12,5.1805
COc1cc(Nc2ncc3c(=O)n(-c4c(C)cccc4C)c4nc5ccccc5n4c3n2)ccc1N1CCN(C)CC1,5.4437
Cc1cccc(C)c1-n1c(=O)c2cnc(Nc3ccc(N4CCN(C)CC4)cc3)nc2n2c3ccccc3nc12,5.2924
COc1cc(Nc2ncnc(-n3c(Nc4c(C)cccc4C)nc4ccccc43)n2)cc(OC)c1OC,8.3979
COc1cc(Nc2ncnc(-n3c(Nc4ccccc4)nc4ccccc43)n2)cc(OC)c1OC,8.1549
Nc1ncnc2oc(-c3cccnc3)c(-c3ccc(NS(=O)(=O)c4ccccc4)cc3)c12,5.9508
Cc1cc(-c2ccccc2)cc2nnc(Nc3ccc(OCCN4CCCC4)cc3)nc12,6.2757
Cc1cc(-c2cc(O)ccc2Cl)cc2nnc(Nc3ccc(CCCN4CCCC4)cc3)nc12,8.5686
Cc1cc(-c2cc(O)ccc2Cl)cc2nnc(Nc3ccc(S(=O)(=O)C4CCNCC4)cc3)nc12,8.7696
Cc1cc(-c2cc(O)ccc2Cl)cc2nnc(Nc3ccc(C(=O)N4CCNCC4)cc3)nc12,6.2757
Cc1cc(-c2cc(O)ccc2Cl)cc2nnc(Nc3ccc(S(=O)(=O)NCCN4CCCC4)cc3)nc12,8.3279
Cc1cc(-c2cc(O)ccc2Cl)cc2nnc(Nc3ccc(OCCN4CCCC4)cc3)nc12,8.6576
Cc1cc(-c2ccccc2Cl)cc2nnc(Nc3ccc(OCCN4CCCC4)cc3)nc12,5.7212
COc1cc2nccc(Oc3ccc4c(c3)OCCN4C(=O)Nc3ccccc3)c2cc1OC,9.0000
COc1cc2nccc(Oc3ccc4c(c3)OCCN4C(=O)N[C@H](C)c3ccccc3)c2cc1OC,7.3990
COc1cc2nccc(Oc3ccc4c(c3)OCCN4C(=O)N[C@@H](C)c3ccccc3)c2cc1OC,9.0000
COc1cc2nccc(Oc3ccc4c(c3)OCCN4C(=O)NCc3ccc(C)cc3)c2cc1OC,7.5875
COc1cc2nccc(Oc3ccc4c(c3)OCCN4C(=O)NCc3ccccc3)c2cc1OC,7.2779
COc1cc2nccc(Oc3ccc4c(c3)OCCN4C(=O)NC(C)C)c2cc1OC,7.3990
CCNC(=O)N1CCOc2cc(Oc3ccnc4cc(OC)c(OC)cc34)ccc21,9.0000
CNC(=O)N1CCOc2cc(Oc3ccnc4cc(OC)c(OC)cc34)ccc21,7.3990
COc1cc2nccc(Oc3ccc4c(c3)OCCN4C(N)=O)c2cc1OC,7.2383
COc1cc2nccc(Oc3ccc4c(c3)OCCN4C(=O)Nc3ccc(F)cc3)c2cc1OC,8.5214
COc1cc2nccc(Oc3ccc4c(c3)OCCN4C(=O)Nc3ccc(Cl)cc3)c2cc1OC,9.3005
COc1cc2nccc(Oc3ccc4c(c3)OCCN4C(=O)Nc3cccc(Cl)c3)c2cc1OC,9.0000
COc1cc2nccc(Oc3ccc4c(c3)OCCN4C(=O)Nc3ccccc3Cl)c2cc1OC,7.7207
COc1cc2nccc(Oc3ccc4c(c3)OCCN4C(=O)Nc3ccc(C)cc3)c2cc1OC,9.6995
COc1cc2nccc(Oc3ccc4c(c3)OCCN4C(=O)Nc3cccc(C)c3)c2cc1OC,9.0000
COc1cc2nccc(Oc3ccc4c(c3)OCCN4C(=O)Nc3ccccc3C)c2cc1OC,9.0000
CNC(=O)c1cc(Oc2ccc3c(c2)OCCN3C(=O)Nc2ccc(C)cc2)ccn1,7.2088
CNC(=O)c1cc(Oc2ccc3c(c2)OCCN3C(=O)Nc2ccc(Cl)cc2)ccn1,7.0211
Cc1ccc(NC(=O)N2CCOc3cc(Oc4ncnc5[nH]ccc45)ccc32)cc1,7.5875
O=C(Nc1ccc(Cl)cc1)N1CCOc2cc(Oc3ncnc4[nH]ccc34)ccc21,7.1118
COc1cc2nccc(Oc3ccc4c(c3)OCCN4C(=O)Nc3ccc(C)cc3)c2cc1C(N)=O,9.3010
COc1cc2nccc(Oc3ccc4c(c3)OCCN4C(=O)Nc3ccc(Cl)cc3)c2cc1C(N)=O,9.2218
COc1cc2nccc(Oc3ccc4c(C(=O)Nc5ccc(Cl)cc5)cccc4c3)c2cc1OC,9.3144
Cc1ccc(NC(=O)c2cccc(C(F)(F)F)c2)c(C)c1C(=O)Nc1cnc(Nc2ccc(N3CCN(C)CC3)cc2)nc1,5.5952
CN1CCN(c2ccc(Nc3ncc(NC(=O)c4cc(NC(=O)c5ccc6c(c5)OC(F)(F)O6)ccc4Cl)cn3)cc2)CC1,7.8861
COc1cc(OC)cc(C(=O)Nc2ccc(C)c(C(=O)Nc3cnc(Nc4ccc(N5CCN(C)CC5)cc4)nc3)c2)c1,6.9208
Cc1ccc(NC(=O)c2ccc(C(C)(C)C)cc2)cc1C(=O)Nc1cnc(Nc2ccc(N3CCN(C)CC3)cc2)nc1,7.4949
Cc1ccc(NC(=O)c2ccc3c(c2)OC(F)(F)O3)cc1C(=O)Nc1cnc(Nc2ccc(N3CCN(C)CC3)cc2)nc1,6.5654
Cc1ccc(NC(=O)c2cccc(C(F)(F)F)c2C)cc1C(=O)Nc1cnc(Nc2ccc(N3CCN(C)CC3)cc2)nc1,7.2676
Cc1ccc(NC(=O)c2cc(F)cc(C(F)(F)F)c2)cc1C(=O)Nc1cnc(Nc2ccc(N3CCN(C)CC3)cc2)nc1,7.7696
COc1ccccc1C(=O)Nc1ccc(C)c(C(=O)Nc2cnc(Nc3ccc(N4CCN(C)CC4)cc3)nc2)c1,5.9496
Cc1ccc(NC(=O)c2ccccc2)cc1C(=O)Nc1cnc(Nc2ccc(N3CCN(C)CC3)cc2)nc1,6.0237
Cc1ccc(NC(=O)c2cnoc2C)cc1C(=O)Nc1cnc(Nc2ccc(N3CCN(C)CC3)cc2)nc1,5.4220
Cc1ccc(NC(=O)Nc2cccc(C(F)(F)F)c2)cc1C(=O)Nc1cnc(Nc2ccc(N3CCN(C)CC3)cc2)nc1,7.3872
Cc1ccc(NC(=O)Nc2cccc(C(F)(F)F)c2)cc1C(=O)Nc1cnc(N)nc1,6.2314
Cc1ccc(NC(=O)Nc2cccc(C(F)(F)F)c2)cc1-c1ccc2nc(N)ncc2c1,6.7721
Cc1ccc(NC(=O)c2cccc(C(F)(F)F)c2)cc1C(=O)Nc1cnc(Nc2ccc(N3CCN(C)CC3)cc2)nc1,7.6198
Cc1ccc(NC(=O)c2cccc(C(F)(F)F)c2)cc1C(=O)Nc1cnc(N)nc1,6.9031
Cc1ccc(NC(=O)c2cccc(C(F)(F)F)c2)cc1-c1ccc2nc(N)ncc2c1,8.2218
Cc1ccc(C(=O)Nc2cccc(C(F)(F)F)c2)cc1C(=O)Nc1cnc(Nc2ccc(N3CCN(C)CC3)cc2)nc1,8.3010
Cc1ccc(C(=O)Nc2cccc(C(F)(F)F)c2)cc1C(=O)Nc1cnc(N)nc1,6.6882
COc1cc2nccc(Oc3ccc4c(C(N)=O)cccc4c3)c2cc1C(N)=O,8.8861
COCCNC(=O)c1cccc2cc(Oc3ccnc4cc(OC)c(C(N)=O)cc34)ccc12,7.6576
COc1cc2nccc(Oc3ccc4c(C(=O)NC5CC5)cccc4c3)c2cc1C(N)=O,9.4318
COc1ccc2c(Oc3ccc4c(C(N)=O)cccc4c3)ccnc2c1,8.9055
COCCNC(=O)c1cccc2cc(Oc3ccnc4cc(OC)ccc34)ccc12,7.5515
COc1ccc2c(Oc3ccc4c(C(=O)NC5CC5)cccc4c3)ccnc2c1,9.3484
COc1cc2ncnc(Oc3ccc4c(C(N)=O)cccc4c3)c2cc1OC,8.8861
COCCNC(=O)c1cccc2cc(Oc3ncnc4cc(OC)c(OC)cc34)ccc12,6.5015
COc1cc2ncnc(Oc3ccc4c(C(=O)NC5CC5)cccc4c3)c2cc1OC,8.5388
COc1cc2nccc(Oc3ccc4c(C(N)=O)cccc4c3)c2cc1OC,9.0479
COCCCNC(=O)c1cccc2cc(Oc3ccnc4cc(OC)c(OC)cc34)ccc12,8.3784
COCCNC(=O)c1cccc2cc(Oc3ccnc4cc(OC)c(OC)cc34)ccc12,7.9205
COc1cc2nccc(Oc3ccc4c(C(=O)NCC(F)(F)F)cccc4c3)c2cc1OC,8.4202
COc1cc2nccc(Oc3ccc4c(C(=O)NC(C)(C)C)cccc4c3)c2cc1OC,5.8220
COc1cc2nccc(Oc3ccc4c(C(=O)NC(C)C)cccc4c3)c2cc1OC,8.2600
CCCNC(=O)c1cccc2cc(Oc3ccnc4cc(OC)c(OC)cc34)ccc12,8.8861
CCNC(=O)c1cccc2cc(Oc3ccnc4cc(OC)c(OC)cc34)ccc12,8.8881
CNC(=O)c1cccc2cc(Oc3ccnc4cc(OC)c(OC)cc34)ccc12,8.4201
COc1cc2nccc(Oc3ccc4c(C(=O)NCC5CC5)cccc4c3)c2cc1OC,7.9594
COc1cc2nccc(Oc3ccc4c(C(=O)NC5(C)CC5)cccc4c3)c2cc1OC,7.8239
COc1cc2nccc(Oc3ccc4c(C(=O)NC5CCCC5)cccc4c3)c2cc1OC,7.9201
COc1cc2nccc(Oc3ccc4c(C(=O)NC5CCC5)cccc4c3)c2cc1OC,8.6700
COc1cc2nccc(Oc3ccc4c(C(=O)NC5CC5)cccc4c3)c2cc1OC,9.2218
CNC(=O)c1cc(Oc2ccc3oc(Nc4ccc(Cl)c(OC[C@H]5CCCN5C)c4)nc3c2)ccn1,8.5229
CNC(=O)c1cc(Oc2ccc3c(C(=O)Nc4ccc(Cl)cc4)cccc3c2)ccn1,8.5214
COc1cc2nccc(Oc3ccc4c(C(=O)Nc5cc(C(C)(C)C)on5)cccc4c3)c2cc1OC,9.0985
COc1cc2nccc(Oc3ccc4c(C(=O)Nc5cc(C)no5)cccc4c3)c2cc1OC,9.0000
COc1cc2nccc(Oc3ccc4c(C(=O)Nc5cc(C)on5)cccc4c3)c2cc1OC,9.2209
COc1cc2nccc(Oc3ccc4c(C(=O)Nc5ccon5)cccc4c3)c2cc1OC,9.6995
COc1cc2nccc(Oc3ccc4c(C(=O)Nc5nccs5)cccc4c3)c2cc1OC,9.5214
COc1cc2nccc(Oc3ccc4c(C(=O)Nc5ccncc5)cccc4c3)c2cc1OC,8.6995
COc1cc2nccc(Oc3ccc4c(C(=O)Nc5cccnc5)cccc4c3)c2cc1OC,9.0985
COc1cc2nccc(Oc3ccc4c(C(=O)Nc5ccccn5)cccc4c3)c2cc1OC,9.0985
COc1cc2nccc(Oc3ccc4c(C(=O)Nc5ccc(Cl)c(C(F)(F)F)c5)cccc4c3)c2cc1OC,9.0000
COc1cc2nccc(Oc3ccc4c(C(=O)Nc5cc(Cl)cc(Cl)c5)cccc4c3)c2cc1OC,9.5214
COc1cc2nccc(Oc3ccc4c(C(=O)Nc5ccc(Cl)cc5Cl)cccc4c3)c2cc1OC,8.6995
COc1cc2nccc(Oc3ccc4c(C(=O)Nc5ccc(C(C)(C)C)cc5)cccc4c3)c2cc1OC,9.1525
COc1cc2nccc(Oc3ccc4c(C(=O)Nc5ccc(C(F)(F)F)cc5)cccc4c3)c2cc1OC,9.3005
COc1cc2nccc(Oc3ccc4c(C(=O)Nc5cccc(C(F)(F)F)c5)cccc4c3)c2cc1OC,9.3005
COc1cc2nccc(Oc3ccc4c(C(=O)Nc5ccc(C)cc5)cccc4c3)c2cc1OC,9.3005
COc1cc2nccc(Oc3ccc4c(C(=O)Nc5cccc(Cl)c5)cccc4c3)c2cc1OC,9.5214
COc1cc2nccc(Oc3ccc4c(C(=O)Nc5ccc(F)cc5)cccc4c3)c2cc1OC,9.0000
COc1cc2nccc(Oc3ccc4c(C(=O)Nc5cccc(F)c5)cccc4c3)c2cc1OC,9.2209
COc1cc2nccc(Oc3ccc4c(C(=O)Nc5ccccc5F)cccc4c3)c2cc1OC,8.6995
COc1cc2nccc(Oc3ccc4c(C(=O)Nc5ccccc5)cccc4c3)c2cc1OC,9.6995
COc1cc2ncnc(Oc3ccc4c(C(=O)Nc5ccc(Cl)cc5)cccc4c3)c2cc1OC,8.6995
COc1cc2nccc(Oc3ccc4c(C(=O)Nc5ccc(Cl)cc5)cccc4c3)c2cc1C(N)=O,9.6990
COc1cc2ncc(F)c(Oc3ccc4c(C(=O)Nc5ccc(Cl)cc5)cccc4c3)c2cc1OC,7.6995
COc1ccc2c(Oc3ccc4c(C(=O)Nc5ccc(Cl)cc5)cccc4c3)ccnc2c1,9.0000
O=C(Nc1ccc(Cl)cc1)c1cccc2cc(Oc3ccnc4ccccc34)ccc12,8.3990
O=C(Nc1ccc(Cl)cc1)c1cccc2cc(Oc3ncnc4[nH]ccc34)ccc12,7.5515
CNc1cc(Oc2ccc3c(C(=O)Nc4ccc(Cl)cc4)cccc3c2)ncn1,7.6995
CNc1nccc(Oc2ccc3c(C(=O)Nc4ccc(Cl)cc4)cccc3c2)n1,7.3386
O=C(Nc1ccc(Cl)cc1)c1cccc2cc(Oc3ccncn3)ccc12,6.5093
CNc1cc(Oc2ccc3c(C(=O)Nc4ccc(Cl)cc4)cccc3c2)ccn1,8.1525
O=C(Nc1ccc(Cl)cc1)c1cccc2cc(Oc3ccncc3)ccc12,7.7423
COc1cc2nccc(Nc3ccc4c(C(=O)Nc5ccc(Cl)cc5)cccc4c3)c2cc1OC,8.0985
COc1cc2nccc(Oc3cc4cccc(C(=O)Nc5ccc(Cl)cc5)c4cn3)c2cc1OC,7.6391
COc1cc2nccc(Oc3ccc4c(C(=O)Nc5ccc(Cl)cc5)ccnc4c3)c2cc1OC,7.6588
COc1cc2nccc(Oc3ccc4c(C(=O)Nc5ccc(Cl)cc5)cccc4c3F)c2cc1OC,9.5214
Cn1cc2c(n1)CCc1c-2c2c(c3c1[nH]c1ccccc13)CNC2=O,7.7959
CC(C)Cn1c2ccc(C(=O)c3ccoc3)cc2c2c3c(c4c(c21)CCc1nn(C)cc1-4)C(=O)NC3,8.0969
CC(C)Cn1c2ccc(C(=O)c3ccco3)cc2c2c3c(c4c(c21)CCc1nn(C)cc1-4)C(=O)NC3,8.3979
CC(C)Cn1c2ccc(C(=O)c3ccsc3)cc2c2c3c(c4c(c21)CCc1nn(C)cc1-4)C(=O)NC3,7.8861
Cc1csc(C(=O)c2ccc3c(c2)c2c4c(c5c(c2n3CC(C)C)CCc2nn(C)cc2-5)C(=O)NC4)c1,7.9586
Cc1ccsc1C(=O)c1ccc2c(c1)c1c3c(c4c(c1n2CC(C)C)CCc1nn(C)cc1-4)C(=O)NC3,8.0000
CC(C)Cn1c2ccc(C(=O)c3sccc3Br)cc2c2c3c(c4c(c21)CCc1nn(C)cc1-4)C(=O)NC3,7.6021
CC(C)Cn1c2ccc(C(=O)c3sccc3Cl)cc2c2c3c(c4c(c21)CCc1nn(C)cc1-4)C(=O)NC3,8.1549
CC(C)Cn1c2ccc(C(=O)c3cccs3)cc2c2c3c(c4c(c21)CCc1nn(C)cc1-4)C(=O)NC3,8.2218
CC(C)n1c2ccc(C(=O)c3cccs3)cc2c2c3c(c4c(c21)CCc1nn(C)cc1-4)C(=O)NC3,7.8239
CCCn1c2ccc(C(=O)c3cccs3)cc2c2c3c(c4c(c21)CCc1nn(C)cc1-4)C(=O)NC3,8.3010
CCn1c2ccc(C(=O)c3cccs3)cc2c2c3c(c4c(c21)CCc1nn(C)cc1-4)C(=O)NC3,9.0000
Cn1cc2c(n1)CCc1c-2c2c(c3c1[nH]c1ccc(C(=O)c4cccs4)cc13)CNC2=O,8.6990
CC(=O)c1ccc2c(c1)c1c3c(c4c(c1n2CC(C)C)CCc1nn(C)cc1-4)C(=O)NC3,7.6778
CC(=O)c1ccc2c(c1)c1c3c(c4c(c1n2C(C)C)CCc1nn(C)cc1-4)C(=O)NC3,7.1249
CCCCn1c2ccc(C(C)=O)cc2c2c3c(c4c(c21)CCc1nn(C)cc1-4)C(=O)NC3,7.5850
CCCn1c2ccc(C(C)=O)cc2c2c3c(c4c(c21)CCc1nn(C)cc1-4)C(=O)NC3,8.5229
CCn1c2ccc(C(C)=O)cc2c2c3c(c4c(c21)CCc1nn(C)cc1-4)C(=O)NC3,7.8861
CC(=O)c1ccc2c(c1)c1c3c(c4c(c1n2C)CCc1nn(C)cc1-4)C(=O)NC3,8.0000
CC(=O)c1ccc2[nH]c3c4c(c5c(c3c2c1)CNC5=O)-c1cn(C)nc1CC4,7.4559
CC(C)Cn1c2ccccc2c2c3c(c4c(c21)CCc1nn(C)cc1-4)C(=O)NC3,7.7696
CCCn1c2ccccc2c2c3c(c4c(c21)CCc1nn(C)cc1-4)C(=O)NC3,7.7959
CCn1c2ccccc2c2c3c(c4c(c21)CCc1nn(C)cc1-4)C(=O)NC3,7.8239
Nc1nccn2c1c(-c1ccc3ccc(-c4ccccc4)nc3c1)nc2[C@H]1C[C@@H](CN2CCC2)C1,5.3665
N#CCCc1ccc2c(c1)-c1[nH]c3ccc([N+](=O)[O-])cc3c1CC(=O)N2,6.0000
O=C1Nc2ccccc2/C1=C/c1cc2c([nH]1)CCC(Br)C2,7.1549
CCCNC(=O)Nc1ccc(Oc2ncnc3cc(OC)c(OC)cc23)cc1Cl,7.8979
O=C1Nc2ccccc2/C1=C\c1ccc[nH]1,6.4089
CC(C)c1cc(/C=C(\C#N)C(=O)NCCCc2ccccc2)cc(C(C)C)c1O,6.1549
Nc1ncnc2c1N=C(c1ccccc1)CCN2,5.6114
Nc1nc(N)c2c(n1)NCCC(c1ccc(Cl)cc1)=N2,5.0458
Nc1nc(N)c2c(n1)NCCC(c1cccc(Cl)c1)=N2,4.6778
Nc1nc(N)c2c(n1)NCCC(c1ccccc1)=N2,4.4559
Nc1ncnc2c1N=C(c1ccc(Cl)cc1)CCN2,5.5229
Nc1ncnc2c1N=C(c1cccc(Cl)c1)CCN2,6.2218
Cc1ccc(C2=Nc3c(N)ncnc3NCC2)cc1,5.3979
Cc1cccc(C2=Nc3c(N)ncnc3NCC2)c1,5.5229
Nc1ncnc2c1N=C(c1ccc(NC(=O)Nc3ccccc3)cc1)CCN2,6.0218
Cc1ccc(C2=Nc3c(N)ncnc3NCC2)cc1NC(=O)Nc1cccc(C(F)(F)F)c1,8.2218
Nc1ncnc2c1N=C(c1cccc(NC(=O)Nc3cccc(C(F)(F)F)c3)c1)CCN2,6.8996
Nc1ncnc2c1N=C(c1cccc(NC(=O)Nc3ccccc3)c1)CCN2,6.0516
Nc1ncnc2c1N=C(c1ccc(NC(=O)Nc3cc(C(F)(F)F)ccc3F)cc1)CCN2,8.3979
Cc1ccc(F)c(NC(=O)Nc2ccc(C3=Nc4c(N)ncnc4NCC3)cc2)c1,7.1871
Nc1ncnc2c1N=C(c1ccc(NC(=O)Nc3ccc(Cl)c(C(F)(F)F)c3)cc1)CCN2,8.2218
Nc1ncnc2c1N=C(c1ccc(NC(=O)Nc3ccc(F)c(C(F)(F)F)c3)cc1)CCN2,8.3010
Nc1ncnc2c1N=C(c1ccc(NC(=O)Nc3cccc(C(F)(F)F)c3F)cc1)CCN2,7.3098
Nc1ncnc2c1N=C(c1ccc(NC(=O)Nc3cccc(Cl)c3)cc1)CCN2,7.7212
Nc1ncnc2c1N=C(c1ccc(NC(=O)Nc3ccc(C(F)(F)F)cc3)cc1)CCN2,6.9586
Nc1ncnc2c1N=C(c1ccc(NC(=O)Nc3cccc(C(F)(F)F)c3)cc1)CCN2,8.5229
CNc1nnc(-c2cn3ncnc(Nc4cnc5[nH]c(C)cc5c4)c3c2C(C)C)o1,7.6021
CSc1nnc(-c2cn3ncnc(Nc4cnc5[nH]c(C)cc5c4)c3c2C(C)C)o1,6.8239
CCc1nnc(-c2cn3ncnc(Nc4cnc5[nH]c(C)cc5c4)c3c2C(C)C)o1,7.4437
Cc1cc2c(F)c(Nc3ncnn4cc(-c5nnc(C)o5)c(C(C)C)c34)cnc2[nH]1,7.8861
Cc1cc2cc(Nc3ncnn4cc(-c5nnc(C)o5)c(C(C)C)c34)cnc2[nH]1,7.6021
Cc1nnc(-c2cn3ncnc(Nc4cnc5[nH]ccc5c4)c3c2C(C)C)o1,7.5086
Cc1noc(-c2cn3ncnc(Nc4cnc5[nH]c(C)cc5c4)c3c2C(C)C)n1,6.9469
Cc1noc(-c2cn3ncnc(Nc4cnc5[nH]ccc5c4)c3c2C(C)C)n1,7.0177
Cc1noc(-c2cn3ncnc(Nc4cnc5[nH]ccc5c4F)c3c2C(C)C)n1,7.5229
COC(=O)c1cn2ncnc(Nc3cnc4[nH]ccc4c3)c2c1C(C)C,7.7696
COC(=O)c1cn2ncnc(Nc3cnc4[nH]ccc4c3)c2c1C,6.9172
CC(C)c1c(OC[C@@H](C)O)cn2ncnc(Nc3cnc4[nH]ccc4c3)c12,6.7825
Cc1cc2cc(Nc3ncnn4cc(OC[C@@H](C)O)c(C)c34)cnc2[nH]1,6.6517
Cc1cc2cc(Oc3ncnn4cc(OC[C@@H](C)O)c(C)c34)cnc2[nH]1,6.9136
Cc1c(OC[C@@H](C)O)cn2ncnc(Oc3cnc4[nH]ccc4c3F)c12,7.5686
Cc1cc2c(F)c(Oc3ncnn4cc(OC[C@@H](C)O)c(C)c34)cnc2[nH]1,7.7212
O=C(Nc1ccc(Cl)cc1)c1cccnc1SCc1ccncc1,7.5850
O=C(Nc1ccc(Cl)cc1)c1ccccc1SCc1ccncc1,7.3372
CCCc1ccc(NC(=O)c2ccccc2CCc2ccncc2)cc1,6.6990
O=C(Cc1ccccc1)NC(=S)Nc1ccc(Oc2ccnc3ccsc23)c(F)c1,5.9454
CSc1cc2nccc(Oc3ccc(NC(=S)NC(=O)Cc4ccccc4)cc3F)c2s1,6.4609
CC(O)c1cc2nccc(Oc3ccc(NC(=S)NC(=O)Cc4ccccc4)cc3F)c2s1,6.2510
O=C(Cc1ccccc1)NC(=S)Nc1ccc(Oc2ccnc3cc(C(=O)c4ccco4)sc23)c(F)c1,6.8962
COC(=O)c1cc2nccc(Oc3ccc(NC(=S)NC(=O)Cc4ccccc4)cc3F)c2s1,7.0458
COc1cc2nccc(Oc3ccc(NC(=S)NC(=O)Cc4ccccc4)cc3F)c2cc1OC,7.4949
CN1CCN(C(=O)c2cc3nccc(Oc4ccc(NC(=S)NC(=O)Cc5ccccc5)cc4F)c3s2)CC1,6.4634
O=C(Cc1ccccc1)NC(=S)Nc1ccc(Oc2ccnc3cc(C(=O)N4CCCC4)sc23)c(F)c1,8.0458
O=C(Cc1ccccc1)NC(=S)Nc1ccc(Oc2ccnc3cc(C(=O)N4CCOCC4)sc23)c(F)c1,6.5391
CCN(CC)C(=O)c1cc2nccc(Oc3ccc(NC(=S)NC(=O)Cc4ccccc4)cc3F)c2s1,6.4134
CN(C)C(=O)c1cc2nccc(Oc3ccc(NC(=S)NC(=O)Cc4ccccc4)cc3F)c2s1,7.7212
CNC(=O)c1cc2nccc(Oc3ccc(NC(=S)NC(=O)Cc4ccccc4)cc3F)c2s1,6.8761
NC(=O)c1cc2nccc(Oc3ccc(NC(=S)NC(=O)Cc4ccccc4)cc3F)c2s1,6.8894
O=C(Cc1ccccc1)NC(=S)Nc1ccc(Oc2ccnc3cc(-c4cncnc4)sc23)c(F)c1,6.7570
O=C(Cc1ccccc1)NC(=S)Nc1ccc(Oc2ccnc3cc(-c4ccoc4)sc23)c(F)c1,6.2269
Cn1cccc1-c1cc2nccc(Oc3ccc(NC(=S)NC(=O)Cc4ccccc4)cc3F)c2s1,7.5086
O=C(Cc1ccccc1)NC(=S)Nc1ccc(Oc2ccnc3cc(-c4cccs4)sc23)c(F)c1,7.4949
O=C(Cc1ccccc1)NC(=S)Nc1ccc(Oc2ccnc3cc(-c4nncs4)sc23)c(F)c1,6.8386
O=C(Cc1ccccc1)NC(=S)Nc1ccc(Oc2ccnc3cc(-c4ncccn4)sc23)c(F)c1,7.0269
O=C(Cc1ccccc1)NC(=S)Nc1ccc(Oc2ccnc3cc(-c4cccnc4)sc23)c(F)c1,6.9469
O=C(Cc1ccccc1)NC(=S)Nc1ccc(Oc2ccnc3cc(-c4ccccn4)sc23)c(F)c1,7.7696
O=C(Cc1ccccc1)NC(=S)Nc1ccc(Oc2ccnc3cc(-c4nccs4)sc23)c(F)c1,7.7696
Cn1ncnc1-c1cc2nccc(Oc3ccc(NC(=S)NC(=O)Cc4ccccc4)cc3F)c2s1,7.5528
Cn1cc(-c2cc3nccc(Oc4ccc(NC(=S)NC(=O)Cc5ccccc5)cc4F)c3s2)cn1,7.6021
CCn1ccnc1-c1cc2nccc(Oc3ccc(NC(=S)NC(=O)Cc4ccccc4)cc3F)c2s1,7.6021
Cn1ccnc1-c1cc2nccc(Oc3ccc(NC(=S)NC(=O)Cc4ccccc4)cc3F)c2s1,8.0000
CCn1cnc(-c2cc3nccc(Oc4ccc(NC(=S)NC(=O)Cc5ccccc5)cc4F)c3s2)c1,7.9586
Cn1cnc(-c2cc3nccc(Oc4ccc(NC(=S)NC(=O)Cc5ccccc5)cc4F)c3s2)c1,7.7925
COc1cc(N2CCC(N3CCN(C)CC3)CC2)ccc1Nc1ncc(Cl)c(Nc2ccccc2S(=O)(=O)C(C)C)n1,6.0269
Cc1[nH]c(/C=C2\C(=O)Nc3ccc(S(=O)(=O)Cc4c(Cl)cccc4Cl)cc32)c(C)c1C(=O)N1CCC[C@@H]1CN1CCCC1,6.0640
Cc1ccc(NC(=O)c2cccc(C(F)(F)F)c2)cc1N1Cc2cnc(N)nc2N(C)C1=O,7.6576
Nc1nccc(/C=C/c2c(-c3ccccc3)nc3sccn23)n1,5.1549
Cn1cnc(-c2ccccc2)c1/C=C/c1ccnc(N)n1,5.4949
Nc1nccc(/C=C/c2[nH]cnc2-c2ccccc2)n1,5.0088
Nc1cc(/C=C/c2c(-c3ccccc3)nc3sccn23)ncn1,4.4559
C(=C\c1c(-c2ccccc2)nc2sccn12)/c1ccncn1,4.1135
CC(C)(C)C(=O)Nc1nccc(/C=C/c2c(-c3ccccc3)nc3sccn23)n1,4.8861
CC(=O)Nc1nccc(/C=C/c2c(-c3ccccc3)nc3sccn23)n1,5.3468
CNc1nccc(/C=C/c2c(-c3ccccc3)nc3sccn23)n1,4.7696
Nc1nccc(/C=C/c2c(Cl)nc3sccn23)n1,4.5086
Cc1nc2sccn2c1/C=C/c1ccnc(N)n1,4.1549
Nc1nccc(/C=C/c2c(-c3ccccc3)ncn2Cc2ccccc2)n1,5.1549
Nc1nccc(/C=C/c2c(-c3ccccc3)ncn2CCN2CCCC2)n1,4.4949
Nc1nccc(/C=C/c2c(-c3ccccc3)nc3n2CCS3)n1,5.4949
Nc1nccc(/C=C/c2c(-c3ccccc3)nc3ccccn23)n1,4.8861
Cn1cnc(-c2ccccc2)c1C#Cc1ccnc(N)n1,5.5376
Cn1cnc(-c2ccccc2)c1C(=O)Nc1ccnc(N)n1,4.0088
Cn1cnc(/C=C/c2ccnc(N)n2)c1-c1ccccc1,5.1079
COc1cc2nccc(Oc3ccc4c(NC(=O)Nc5ccccc5)nn(C)c4c3)c2cc1OC,8.6990
COc1ccc(NC(=O)Nc2nn(C)c3cc(Oc4ccnc5cc(OC)c(OC)cc45)ccc23)cc1,9.0000
COc1cc2nccc(Oc3ccc4c(NC(=O)Nc5ccc(C)cc5)nn(C)c4c3)c2cc1OC,8.6990
COc1cc2nccc(Oc3ccc4c(NC(=O)Nc5ccc(C(F)(F)F)cc5Cl)nn(C)c4c3)c2cc1OC,8.0969
COc1ccccc1Nc1cccc2cc(Oc3ccnc4cc(OC)c(OC)cc34)ccc12,9.0000
COc1cc2nccc(Oc3ccc4c(Nc5ccccc5)cccc4c3)c2cc1OC,8.6990
COc1cc2nccc(Oc3ccc4c(NC(=O)c5cccc(C(F)(F)F)c5)nn(C)c4c3)c2cc1OC,9.0000
COc1cc2nccc(Oc3ccc4c(NC(=O)c5cc(C(F)(F)F)cc(C(F)(F)F)c5)nn(C)c4c3)c2cc1OC,8.6990
COc1cc2nccc(Oc3ccc4c(NC(=O)c5cccc(C)c5)nn(C)c4c3)c2cc1OC,8.6990
COc1cc2nccc(Oc3ccc4c(NC(=O)c5cc(Cl)ccn5)nn(C)c4c3)c2cc1OC,8.6990
COc1cc2nccc(Oc3ccc4c(NC(=O)c5ccc(F)c(Cl)c5)nn(C)c4c3)c2cc1OC,8.5229
COc1cc2nccc(Oc3ccc4c(NC(=O)c5ccc(C(F)(F)F)cc5)nn(C)c4c3)c2cc1OC,8.5229
COc1ccc(C(=O)Nc2nn(C)c3cc(Oc4ccnc5cc(OC)c(OC)cc45)ccc23)cc1,8.5229
COc1cc2nccc(Oc3ccc4c(NC(=O)c5ccc(Cl)cc5)nn(C)c4c3)c2cc1OC,8.3010
COc1cc2nccc(Oc3ccc4c(NC(=O)c5ccccc5Cl)nn(C)c4c3)c2cc1OC,8.0969
COc1cc2nccc(Oc3ccc4c(NC(=O)C5CC5)nn(C)c4c3)c2cc1OC,6.4634
COc1cc2nccc(Oc3ccc4c(NCc5ccccc5)nn(C)c4c3)c2cc1OC,7.2218
COc1cc2nccc(Oc3ccc4c(Nc5ccc(C(F)(F)F)cc5)nn(C)c4c3)c2cc1OC,7.1549
COc1ccc(Nc2nn(C)c3cc(Oc4ccnc5cc(OC)c(OC)cc45)ccc23)cc1,6.7959
COc1cccc(Nc2nn(C)c3cc(Oc4ccnc5cc(OC)c(OC)cc45)ccc23)c1,6.6383
COc1cc2nccc(Oc3ccc4c(Nc5ccccc5)nn(C)c4c3)c2cc1OC,6.5686
CCCCNc1nn(C)c2cc(Oc3ccnc4cc(OC)c(OC)cc34)ccc12,6.0969
CCCNc1nn(C)c2cc(Oc3ccnc4cc(OC)c(OC)cc34)ccc12,5.9547
CCNc1nn(C)c2cc(Oc3ccnc4cc(OC)c(OC)cc34)ccc12,6.4318
COc1cc2nccc(Oc3ccc4c(N)nn(C)c4c3)c2cc1OC,5.7696
O=C(Nc1ccc(Oc2ccnc3[nH]ccc23)c(F)c1)c1cccn(-c2ccc(F)cc2)c1=O,8.3696
CN1CCCC(Oc2cccc3[nH]c(=O)c(-c4nc5ccccc5[nH]4)c(N)c23)C1,8.3010
Cc1cccc2[nH]c(=O)c(-c3nc4cc(N5CCN(C)CC5)ccc4[nH]3)c(N)c12,7.9208
CN1CCN(c2ccc3[nH]c(-c4c(N)c5c(Cl)cccc5[nH]c4=O)nc3c2)CC1,7.8539
CN1CCN(c2ccc3[nH]c(-c4c(N)c5ccc(F)cc5[nH]c4=O)nc3c2)CC1,7.8539
CN1CCN(c2cccc3[nH]c(=O)c(-c4nc5ccccc5[nH]4)c(N)c23)CC1,7.7696
CN1CCN(c2ccc3[nH]c(-c4c(N)c5cc(N)ccc5[nH]c4=O)nc3c2)CC1,7.7212
CN1CCN(c2ccc3[nH]c(-c4c(N)c5cc(NCc6ccccc6)ccc5[nH]c4=O)nc3c2)CC1,7.6778
CN1CCN(C(=O)c2ccc3[nH]c(-c4c(N)c5ccccc5[nH]c4=O)nc3c2)CC1,7.5850
CN1CCN(Cc2ccc3[nH]c(-c4c(N)c5ccccc5[nH]c4=O)nc3c2)CC1,7.5686
CN(C)CC(=O)N(C)c1ccc2[nH]c(-c3c(N)c4ccccc4[nH]c3=O)nc2c1,7.5376
CN1CCN(c2ccc3[nH]c(-c4c(N)c5ccccc5[nH]c4=O)nc3c2)CC1,7.3768
CN1CCN(c2ccc3[nH]c(-c4c(N)c5cc(Cl)ccc5[nH]c4=O)nc3c2)CC1,7.3665
CN1CCN(c2ccc3[nH]c(-c4c(N)c5cc(C(=O)NCc6ccccc6)ccc5[nH]c4=O)nc3c2)CC1,7.3010
CNc1cccc2[nH]c(=O)c(-c3nc4cc(N5CCN(C)CC5)ccc4[nH]3)c(N)c12,7.2757
Nc1c(-c2nc3cc(N4CCOCC4)ccc3[nH]2)c(=O)[nH]c2ccccc12,7.2441
Nc1c(-c2nc3ccccc3[nH]2)c(=O)[nH]c2ccccc12,7.2366
CN(C)[C@H]1CCN(c2ccc3[nH]c(-c4c(N)c5ccccc5[nH]c4=O)nc3c2)C1,7.2218
CN1CCN(c2ccc3nc(-c4c(N)c5c(F)cccc5[nH]c4=O)[nH]c3c2)CC1,7.5186
CN1CCCN(c2ccc3[nH]c(-c4c(N)c5ccccc5[nH]c4=O)nc3c2)CC1,7.1805
Nc1c(-c2nc3cc(OCCN4CCOCC4)ccc3[nH]2)c(=O)[nH]c2ccccc12,7.1805
CN1CCN(c2ccc3[nH]c(-c4c(N)c5cc(F)ccc5[nH]c4=O)nc3c2)CC1,7.1079
CN1CCN(c2ccc3[nH]c(-c4c(N)c5c(F)cc(F)cc5[nH]c4=O)nc3c2)CC1,6.8861
CN1CCN(c2ccc3[nH]c(-c4c(N)c5cc(N(C)C)ccc5[nH]c4=O)nc3c2)CC1,6.7959
CCC1CCN(C)C(Nc2c(-c3nc4ccccc4[nH]3)c(=O)[nH]c3ccccc23)C1,6.7696
CN1CCN(c2ccc3[nH]c(-c4c(N)c5cc(F)c(F)cc5[nH]c4=O)nc3c2)CC1,6.7212
Cc1cc2nc(-c3c(N)c4ccccc4[nH]c3=O)[nH]c2cc1C,6.6778
CNc1c(-c2nc3ccccc3[nH]2)c(=O)[nH]c2ccccc12,6.6576
Cc1ccc2[nH]c(-c3c(N)c4ccccc4[nH]c3=O)nc2c1,6.6576
O=c1[nH]c2ccccc2c(O)c1-c1nc2ccccc2[nH]1,6.6198
CN1CCN(c2ccc3[nH]c(-c4c(N)c5cccc(F)c5[nH]c4=O)nc3c2)CC1,6.2518
CN(C)c1c(-c2nc3ccccc3[nH]2)c(=O)[nH]c2ccccc12,6.0655
O=c1[nH]c2ccccc2c(NCC2CCNCC2)c1-c1nc2ccccc2[nH]1,6.0269
CN1CCN(c2ccc3[nH]c(-c4c(N)c5cc(NC(=O)c6ccccc6)ccc5[nH]c4=O)nc3c2)CC1,6.0088
CNc1ccc2c(N)c(-c3nc4cc(N5CCN(C)CC5)ccc4[nH]3)c(=O)[nH]c2c1,6.0000
CN1CCN(c2ccc3[nH]c(-c4c(N)c5cc(F)c(N(C)C)cc5[nH]c4=O)nc3c2)CC1,5.2757
Cn1c(=O)c(-c2nc3ccccc3[nH]2)c(O)c2ccccc21,5.2366
CN1CCN(c2ccc3[nH]c(=O)c(-c4nc5ccccc5[nH]4)c(N)c3c2)CC1,5.1871
O=C(Nc1c[nH]nc1-c1nc2ccc(CN3CCOCC3)cc2[nH]1)NC1CC1,8.0000
Cc1ccc(NC(=O)c2ccc(CN3CCN(C)CC3)cc2)cc1-c1ccc2ccncc2c1,6.0969
CCc1nn2ncccc2c1-c1ccnc(NC2CC2)n1,5.4949
CCCCc1nn2ncccc2c1-c1ccnc(NC2CC2)n1,5.6021
CN1CCN(c2ccc(Nc3nccc(-c4cnn5ncccc45)n3)cc2)CC1,6.3979
Cc1nn2ncccc2c1-c1ccnc(Nc2ccc(N3CCN(C)CC3)cc2)n1,7.2007
CCc1nn2ncccc2c1-c1ccnc(Nc2ccc(N3CCN(C)CC3)cc2)n1,7.2007
CCCCc1nn2ncccc2c1-c1ccnc(Nc2ccc(N3CCN(C)CC3)cc2)n1,7.6021
Cc1nnc(-c2ccc(-c3cc(C(=O)Nc4cccc(N5CCOCC5)c4)ccc3C)c(C)c2)o1,5.2218
Cc1ccc(C(=O)NC2CC2)cc1-c1ccc2ccncc2c1,6.3010
CS(=O)(=O)c1ccc(CNCc2cc(C(=O)O)c(Nc3ccc(I)cc3F)c(F)c2F)cc1,4.7447
O=C(N/N=C/c1cc(C(=O)O)c(Nc2ccc(I)cc2F)c(F)c1F)c1ccc(CO)o1,5.5229
O=C(Nc1cccc(Cl)c1)c1nn[nH]c1NCc1ccncc1,5.3010
O=C(Nc1cccc(C(F)(F)F)c1)c1nn[nH]c1NCc1ccncc1,5.3010
Clc1cccc(-n2cc(-c3ccccc3NCc3ccncc3)nn2)c1,6.9397
CC(C)c1cccc(-n2cc(-c3ccccc3NCc3ccncc3)nn2)c1,6.8389
FC(F)(F)c1cccc(-n2cc(-c3ccccc3NCc3ccncc3)nn2)c1,7.0713
COc1nc(Nc2ccc(-c3nc4ccccc4s3)cc2)c2cc[nH]c2n1,5.0000
COc1cc(Nc2ncnc3[nH]cnc23)ccc1-c1nc2ccccc2s1,5.0362
CNc1nccc(Nc2ccc(-c3nc4ccccc4s3)cc2)n1,5.0506
Cc1cc(Nc2cc(Nc3ccc(-c4nc5ccccc5s4)cc3)ccn2)n[nH]1,5.0555
Cc1cc(Nc2ccnc(Nc3cccc(-c4nc5ccccc5s4)c3)n2)n[nH]1,5.1249
COc1cc2ncnc(Nc3ccc(-c4nc5ccccc5s4)c(O)c3)c2cc1OC,5.1612
COc1cc2ncnc(Nc3ccc(-c4nc5ccccc5s4)cc3)c2cc1OC,5.1841
CNC(=O)c1cc(Nc2ccc(-c3nc4ccccc4s3)cc2)ccn1,5.4437
COc1cc2ncnc(Nc3ccc(-c4nc5ccccc5s4)cc3C)c2cc1OC,5.4685
O=C(NC(=S)Nc1ccc(O)c(-c2nc3ccccc3s2)c1)c1ccc([N+](=O)[O-])cc1,5.5229
COc1cc2nc(Nc3cc(C)[nH]n3)nc(Nc3cccc(-c4nc5ccccc5s4)c3)c2cc1OC,5.7212
c1ccc2sc(-c3ccc(Nc4ncnc5[nH]ccc45)cc3)nc2c1,5.9208
Cc1cc2c(Nc3ccc(-c4nc5ccccc5s4)cc3)ncnc2cc1Cl,6.0000
COc1nc(Nc2ccc(-c3nc4ccccc4s3)c(OC)c2)c2cc[nH]c2n1,6.0177
c1cc(Nc2ncnc3[nH]cnc23)cc(-c2nc3ccccc3s2)c1,6.0605
Fc1cc(-c2nc3ccccc3s2)ccc1Nc1ncnc2cc(Cl)ccc12,6.0969
Clc1ccc2c(Nc3ccc(-c4nc5ccccc5s4)cc3)ccnc2c1,6.1938
Clc1ccc2c(Nc3ccc(-c4nc5ccccc5s4)c(Cl)c3)ncnc2c1,6.2218
Cn1cnc(-c2cc3nccc(Oc4ccc(NC(=O)NC(=O)Cc5ccccc5)cc4F)c3s2)c1,7.4318
Cn1cnc(-c2cc3nccc(Oc4ccc(NC(=O)CC(=O)Nc5ccccc5)cc4F)c3s2)c1,7.7614
CN(C(=O)CC(=O)Nc1ccc(Oc2ccnc3cc(-c4cn(C)cn4)sc23)c(F)c1)c1ccccc1,8.0000
Cn1cnc(-c2cc3nccc(Oc4ccc(NC(=O)C5(C(=O)Nc6ccccc6)CC5)cc4F)c3s2)c1,8.0458
CN(C(=O)C1(C(=O)Nc2ccc(Oc3ccnc4cc(-c5cn(C)cn5)sc34)c(F)c2)CC1)c1ccccc1,7.2441
Cn1cnc(-c2cc3nccc(Oc4ccc(NC(=O)C5CCN(c6ccccc6)C5=O)cc4F)c3s2)c1,7.4089
CC(C)n1cnc(-c2cc3nccc(Oc4ccc(NC(=O)C5CCN(c6ccccc6)C5=O)cc4F)c3s2)c1,7.7959
CC(C)n1cnc(-c2cc3nccc(Oc4ccc(NC(=O)C5CC(=O)N(c6ccccc6)C5)cc4F)c3s2)c1,6.0969
Cn1cnc(-c2cc3nccc(Oc4ccc(NC(=O)C5(C)CCN(c6ccccc6)C5=O)cc4F)c3s2)c1,6.6383
Cn1cnc(-c2cc3nccc(Oc4ccc(NC(=O)N5CCN(c6ccccc6)C5=O)cc4F)c3s2)c1,8.0485
CCn1cnc(-c2cc3nccc(Oc4ccc(NC(=O)N5CCN(c6ccccc6)C5=O)cc4F)c3s2)c1,7.9208
CN(C)CCn1cnc(-c2cc3nccc(Oc4ccc(NC(=O)N5CCN(c6ccccc6)C5=O)cc4F)c3s2)c1,7.8539
O=C(Nc1ccc(Oc2ccnc3cc(-c4cn(CCN5CCCC5)cn4)sc23)c(F)c1)N1CCN(c2ccccc2)C1=O,7.6990
O=C(Nc1ccc(Oc2ccnc3cc(-c4cn(CCCN5CCCC5)cn4)sc23)c(F)c1)N1CCN(c2ccccc2)C1=O,8.0969
Cn1ccnc1-c1cc2nccc(Oc3ccc(NC(=O)N4CCN(c5ccccc5)C4=O)cc3F)c2s1,7.5086
CCn1ccnc1-c1cc2nccc(Oc3ccc(NC(=O)N4CCN(c5ccccc5)C4=O)cc3F)c2s1,7.5850
O=C(Nc1ccc(Oc2ccnc3cc(-c4ccc(CN5CCNCC5)cc4)sc23)c(F)c1)N1CCN(c2ccccc2)C1=O,7.9586
CN1CCN(Cc2ccc(-c3cc4nccc(Oc5ccc(NC(=O)N6CCN(c7ccccc7)C6=O)cc5F)c4s3)cc2)CC1,7.9208
CNC(=O)N1CCN(Cc2ccc(-c3cc4nccc(Oc5ccc(NC(=O)N6CCN(c7ccccc7)C6=O)cc5F)c4s3)cc2)CC1,8.0969
CN1CCN(CCN(C)Cc2ccc(-c3cc4nccc(Oc5ccc(NC(=O)N6CCN(c7ccccc7)C6=O)cc5F)c4s3)cc2)CC1,8.5229
CC(=O)c1cccc(-c2cc3nccc(Oc4ccc(NC(=O)N5CCN(c6ccccc6)C5=O)cc4F)c3s2)c1,6.0555
CN(C)[C@H]1CCN(C(=O)c2cc3nccc(Oc4ccc(NC(=O)N5CCN(c6ccccc6)C5=O)cc4F)c3s2)C1,7.6383
CN1CC=C(c2cc3nccc(Oc4ccc(NC(=O)N5CCN(c6ccccc6)C5=O)cc4F)c3s2)CC1,6.7696
CCn1cnc(-c2cc3nccc(Oc4ccc(NC(=O)N5CCN(c6ccc(F)cc6)C5=O)cc4F)c3s2)c1,8.1549
CCn1cnc(-c2cc3nccc(Oc4ccc(NC(=O)N5CCN(c6ccccc6F)C5=O)cc4F)c3s2)c1,8.5229
CCn1cnc(-c2cc3nccc(Oc4ccc(NC(=O)N5CCN(c6ccccc6OC)C5=O)cc4F)c3s2)c1,7.8539
Cn1cnc(-c2cc3nccc(Oc4ccc(NC(=S)N5CCN(c6ccccc6)C5=O)cc4F)c3s2)c1,7.9208
Cn1cnc(-c2cc3nccc(Oc4ccc(NC(=O)N5CCN(c6ccccc6)C5=S)cc4F)c3s2)c1,5.7447
COc1cc2nccc(Oc3ccc(NC(=O)C4(C(=O)Nc5ccc(F)cc5)CC4)cc3F)c2cc1OC,8.4381
C[C@@H](Oc1cc(-n2cnc3ccc(OC4CCN(C)CC4)cc32)sc1C(N)=O)c1ccccc1C(F)(F)F,6.0969
C[C@@H](Oc1cc(-n2cnc3ccc(OC4CCN(C)CC4)cc32)sc1C(N)=O)c1ccccc1Cl,5.9208
Nc1ccccc1NC(=O)c1ccc(C(=O)Nc2cccc(Nc3ncc(-c4cccnc4)cn3)c2)cc1,5.8239
Nc1ccccc1NC(=O)c1ccc(C(=O)Nc2cccc(Nc3ncc(-c4cccnc4)s3)c2)cn1,5.3565
Cc1ccc(NC(=O)c2ccc(C(=O)Nc3ccccc3N)s2)cc1Nc1ncc(-c2cccnc2)s1,5.3188
CN(C(=O)c1ccc(C(=O)Nc2ccccc2N)cc1)c1cccc(Nc2nccc(-c3cccnc3)n2)c1,5.2147
Cc1ccc(NC(=O)c2ccc(/C=C/C(=O)NO)s2)cc1Nc1ncc(-c2cccnc2)s1,5.1739
Cc1ccc(NCc2ccc(C(=O)Nc3ccccc3N)cc2)cc1Nc1nccc(-c2cccnc2)n1,5.1079
Cc1ccc(NC(=O)c2ccc(C(=O)Nc3ccccc3N)nc2)cc1Nc1ncc(-c2cccnc2)cn1,5.0655
O=C(/C=C/c1ccc(C(=O)Nc2cccc(Nc3ncc(-c4cccnc4)s3)c2)s1)NO,5.0655
O=C(/C=C/c1ccc(C(=O)Nc2cccc(Nc3ncc(-c4cccnc4)s3)c2)cc1)NO,5.0605
Cc1ccc(NC(=O)c2ccc(C(=O)Nc3ccccc3N)nc2)cc1Nc1ncc(-c2cccnc2)s1,5.0458
Cc1ccc(NCc2ccc(/C=C/C(=O)NO)cc2)cc1Nc1nccc(-c2cccnc2)n1,5.0362
Cc1ccc(NC(=O)c2ccc(C(=O)Nc3ccccc3N)cc2)cc1Nc1ncc(-c2cccnc2)cn1,5.0088
Cc1ccc(NC(=O)c2ccc(C(=O)Nc3ccccc3N)s2)cc1Nc1ncc(-c2cccnc2)cn1,4.9586
Cc1ccc(NC(=O)c2ccc(/C=C/C(=O)NO)cc2)cc1Nc1nc(-c2cccnc2)cs1,4.9586
Nc1ccccc1NC(=O)c1ccc(C(=O)Nc2cccc(Nc3ncc(-c4cccnc4)s3)c2)s1,4.9208
Cc1ccc(NC(=O)c2ccc(C(=O)NO)cc2)cc1Nc1ncc(-c2cccnc2)s1,4.8539
Nc1ccccc1NC(=O)c1ccc(C(=O)Nc2cccc(Nc3ncc(-c4cccnc4)s3)c2)cc1,4.6198
Cc1ccc(NC(=O)c2ccc(CN3CCN(C)CC3)cc2)cc1Nc1nccc(-c2cccnc2)n1,4.5770
O=C(NO)c1ccc(C(=O)Nc2cccc(Nc3ncc(-c4cccnc4)s3)c2)cc1,4.3665
Cc1ccc(NC(=O)c2ccc(C(=O)Nc3ccccc3N)cc2)cc1Nc1ncc(-c2cccnc2)s1,4.3372
Clc1cccc(-n2cc(-c3ccccc3NCc3cccnc3)nn2)c1,5.3737
FC(F)(F)Oc1cccc(-n2cc(-c3ccccc3NCc3ccncc3)nn2)c1,7.1255
Clc1ccc(-n2cc(-c3ccccc3NCc3ccncc3)nn2)cc1,6.4888
FC(F)(F)c1ccc(-n2cc(-c3ccccc3NCc3ccncc3)nn2)cc1,5.9729
FC(F)(F)Oc1ccc(-n2cc(-c3ccccc3NCc3ccncc3)nn2)cc1,5.7104
CC(C)(C)c1cccc(-n2cc(-c3ccccc3NCc3ccncc3)nn2)c1,6.5251
CC(C)(C)c1ccc(-n2cc(-c3ccccc3NCc3ccncc3)nn2)cc1,6.0012
c1ccc(-c2cn(-c3ccc4ccccc4n3)nn2)c(NCc2ccncc2)c1,6.0190
c1ccc(-c2cn(-c3ccc4[nH]ncc4c3)nn2)c(NCc2ccncc2)c1,5.9001
FC(F)(F)c1cc(-n2cc(-c3ccccc3NCc3ccncc3)nn2)ccc1Cl,6.2322
FC(F)(F)c1ccc(-n2cc(-c3ccccc3NCc3ccncc3)nn2)cc1Cl,5.7831
Clc1ccc(-n2cc(-c3ccccc3NCc3ccncc3)nn2)cc1Cl,6.0167
Cc1ccc(-n2cc(-c3ccccc3NCc3ccncc3)nn2)cc1C(F)(F)F,6.7993
Cc1cc(-n2cc(-c3ccccc3NCc3ccncc3)nn2)ccc1C(F)(F)F,5.8517
Clc1cccc(-n2cc(-c3ccccc3NCc3ccnc4ccccc34)nn2)c1,6.6449
FC(F)(F)c1cccc(-n2cc(-c3ccccc3NCc3ccnc4ccccc34)nn2)c1,6.6523
COC(=O)c1ccc2c(c1)NC(=O)/C2=C(\Nc1ccc(CN(C)C(=O)N(C)C)cc1)c1ccccc1,7.2147
COC(=O)c1ccc2c(c1)NC(=O)/C2=C(\Nc1ccc(N(C)C(=O)CN2CCN(C)CC2)cc1)c1ccccc1,8.3010
COC(=O)c1ccc2c(c1)NC(=O)/C2=C(\Nc1ccc(CN2CCCCC2)cc1)c1ccccc1,7.4437
COC(=O)c1ccc2c(c1)NC(=O)/C2=C(\Nc1ccc(N(C)C(=O)Cn2ccnc2)cc1)c1ccccc1,8.2218
COC(=O)c1ccc2c(c1)NC(=O)/C2=C(\Nc1ccc(N(CC(=O)N(C)C)C(C)=O)cc1)c1ccccc1,8.0969
COC(=O)c1ccc2c(c1)NC(=O)/C2=C(\Nc1ccc(N(CCCN(C)C)C(C)=O)cc1)c1ccccc1,8.0458
COC(=O)c1ccc2c(c1)NC(=O)/C2=C(\Nc1ccc(N(CCN(C)C)C(C)=O)cc1)c1ccccc1,7.9208
COC(=O)c1ccc2c(c1)NC(=O)/C2=C(\Nc1ccc(N(CCN(C)C)S(C)(=O)=O)cc1)c1ccccc1,7.6383
COC(=O)c1ccc2c(c1)NC(=O)/C2=C(\Nc1ccc(C(=O)N(C)CCN(C)C)cc1)c1ccccc1,7.6198
COC(=O)c1ccc2c(c1)NC(=O)/C2=C(\Nc1ccc(CN(C)C)cc1)c1ccccc1,7.1938
COC(=O)c1ccc2c(c1)NC(=O)/C2=C(\Nc1ccc(NC(=O)CN2CCN(C)CC2)cc1)c1ccccc1,7.0809
COC(=O)c1ccc2c(c1)NC(=O)/C2=C(\Nc1ccc(NC(=O)CN(C)C)cc1)c1ccccc1,6.9245
COC(=O)c1ccc2c(c1)NC(=O)/C2=C(\Nc1ccc(N(C)S(C)(=O)=O)cc1)c1ccccc1,6.8239
COC(=O)c1ccc2c(c1)NC(=O)/C2=C(\Nc1ccc(CN2CCCC2=O)cc1)c1ccccc1,6.6108
COC(=O)c1ccc2c(c1)NC(=O)/C2=C(\Nc1cccc(C(=O)N(C)CCN(C)C)c1)c1ccccc1,6.6055
COC(=O)c1ccc2c(c1)NC(=O)/C2=C(\Nc1ccccc1)c1ccccc1,5.0969
NC(=O)c1ccc2c(c1)NC(=O)/C2=C(\Nc1ccc(CN2CCCCC2)cc1)c1ccccc1,6.1175
CCOC(=O)c1ccc2c(c1)NC(=O)/C2=C(\Nc1ccc(CN2CCCCC2)cc1)c1ccccc1,6.9626
O=C1Nc2cc([N+](=O)[O-])ccc2/C1=C(/Nc1ccc(CN2CCCCC2)cc1)c1ccccc1,8.1549
O=C1Nc2cc(Cl)ccc2/C1=C(/Nc1ccc(CN2CCCCC2)cc1)c1ccccc1,6.8894
N#Cc1ccc2c(c1)NC(=O)/C2=C(\Nc1ccc(CN2CCCCC2)cc1)c1ccccc1,6.6055
CC(=O)c1ccc2c(c1)NC(=O)/C2=C(\Nc1ccc(CN2CCCCC2)cc1)c1ccccc1,5.7565
O=C1Nc2ccccc2/C1=C(/Nc1ccc(CN2CCCCC2)cc1)c1ccccc1,5.6753
CC(C)NC(=O)c1ccc2c(c1)NC(=O)/C2=C(\Nc1ccc(CN2CCCCC2)cc1)c1ccccc1,5.9101
CN(C)C(=O)c1ccc2c(c1)NC(=O)/C2=C(\Nc1ccc(CN2CCCCC2)cc1)c1ccccc1.Cl,5.8821
CCN(C)C(=O)c1ccc2c(c1)NC(=O)/C2=C(\Nc1ccc(CN2CCCCC2)cc1)c1ccccc1,5.8395
CNC(=O)c1ccc2c(c1)NC(=O)/C2=C(\Nc1ccc(CN2CCCCC2)cc1)c1ccccc1.Cl,5.6780
Nc1ccc2c(c1)NC(=O)/C2=C(\Nc1ccc(CN2CCCCC2)cc1)c1ccccc1,6.8794
O=C1Nc2cc(-n3cccc3)ccc2/C1=C(/Nc1ccc(CN2CCCCC2)cc1)c1ccccc1,6.1018
COc1ncnc2c1ncn2CC(=O)c1ccccc1,4.6021
Nc1ncnc2c1ncn2CC(=O)c1cccnc1,4.2366
Nc1ncnc2ncn(CC(=O)c3c[nH]c4ccccc34)c12,4.5229
Nc1ncnc2c1ncn2CC(=O)c1c[nH]c2ccccc12,4.0915
Nc1nc(Nc2ccc3[nH]ccc3c2)c2cc(CCc3ccccc3)[nH]c2n1,4.6038
Nc1nc(Nc2ccc(F)c(Cl)c2)c2cc(CCc3ccccc3)[nH]c2n1,3.8791
Nc1nc(Nc2ccc(F)c(Br)c2)c2cc(CCc3ccccc3)[nH]c2n1,3.7909
Nc1nc(Nc2cccc(Br)c2)c2cc(CCc3ccc4ccccc4c3)[nH]c2n1,4.7747
Nc1nc(Nc2cccc(Br)c2)c2cc(CCc3ccccc3Cl)[nH]c2n1,4.3737
Nc1nc(Nc2cccc(Br)c2)c2cc(Cc3cccc4ccccc34)[nH]c2n1,5.2941
Nc1nc(Nc2cccc(Br)c2)c2cc(Cc3ccccc3Cl)[nH]c2n1,5.2534
CC(C)CN(CC(=O)N(CCCCN)CC(=O)N(CCCCN)CC(N)=O)C(=O)CN(CCCCN)C(=O)CN(CC(C)C)C(=O)CN(CCCCN)C(=O)CN(Cc1ccco1)C(=O)CN(CCCCN)C(=O)CNCCc1c[nH]c2ccccc12,6.0000
CC(C)CN(CC(=O)N(CCCCN)CC(=O)N(CC(=O)N(CC(=O)N(CCCCN)CC(=O)N(CC(=O)N(CCCCN)CC(=O)N(CCCCN)CC(N)=O)CC(C)C)Cc1ccc2c(c1)OCO2)C(C)c1ccccc1)C(=O)CNCCCCN,6.0000
Cc1ccn(-c2ccc3c(c2)NCC3(C)C)c(=O)c1-c1ccc2nc(N)ncc2c1,7.3188
Cc1ccn(CCC2CCCC2)c(=O)c1-c1ccc2nc(N)ncc2c1,5.8539
Cc1ccn(-c2ccc(-n3cccn3)cc2)c(=O)c1-c1ccc2nc(N)ncc2c1,5.4685
Cc1ccn(-c2ccc(N3CCOCC3)cc2)c(=O)c1-c1ccc2nc(N)ncc2c1,5.3565
Cc1cc(-n2ccc(C)c(-c3ccc4nc(N)ncc4c3)c2=O)ccc1F,5.3665
Cc1ccn(-c2ccc(C(F)(F)F)cc2)c(=O)c1-c1ccc2nc(N)ncc2c1,5.7447
Cc1ccn(-c2ccc(C(C)(C)C)cc2)c(=O)c1-c1ccc2nc(N)ncc2c1,7.9586
COc1cc2nccc(Oc3ccc(-c4ccc(Cc5ccccc5)nn4)cc3F)c2cc1OC,7.2518
COc1cc2c(Oc3ccc(-c4cnc(Nc5ccc(F)cc5)n(C)c4=O)nc3)ccnc2cc1OCCCN1CCOCC1,7.0809
COc1cc2c(Oc3ccc(-c4cnc(Nc5ccc(F)cc5)n(C)c4=O)cc3F)ccnc2cc1OCCCN1CCOCC1,6.8570
COc1cc2nccc(Oc3ccc(-c4cnc(Nc5ccc(F)cc5)n(C)c4=O)cc3F)c2cc1OC,6.4179
COc1cc2c(Oc3ccc(-c4cnc(Cc5ccccc5)n(C)c4=O)cc3F)ccnc2cc1OCCCN1CCOCC1,6.3747
Cc1cc(C2CCN(CCCF)CC2)cc2[nH]c(-c3c(NCCn4cc(Cl)cn4)cc[nH]c3=O)nc12,6.4330
Cc1ccc(C(=O)NC2CC2)cc1-c1ccc2nc(NCCN3CCOCC3)ncc2c1,7.9788
Cc1ccc(C(=O)NC2CC2)cc1-c1ccc2c(-c3ccccc3)nncc2c1,5.2012
Cc1ccc(C(=O)NC2CC2)cc1-c1ccc2c(O[C@H](C)C(F)(F)F)nncc2c1,6.2967
Cc1ccc(C(=O)NC2CC2)cc1-c1ccc2c(O[C@@H](C)C(F)(F)F)nncc2c1,5.5719
Cc1ccc(C(=O)NC2CC2)cc1-c1ccc2c(OC(C)C)nncc2c1,5.9412
Cc1ccc(C(=O)NC2CC2)cc1-c1ccc2c(N3CCOC[C@@H]3C)nncc2c1,5.0679
Cc1ccc(C(=O)NC2CC2)cc1-c1ccc2c(N3CCOCC3)nncc2c1,5.5168
Cc1ccc(C(=O)NC2CC2)cc1-c1ccc2c(NCCN3CCOCC3)nncc2c1,5.2886
COc1ccc(NC(=O)c2cccc3c2C(=O)NC3)cc1,5.2262
COc1ccc2[nH]c(-c3cccc4c3C(=O)NC4)nc2c1,6.8477
O=C(Nc1cncnc1)c1c(Cl)ccc2c(Nc3cccc(C(F)(F)F)c3)noc12,6.4522
O=C1NCc2cccc(-c3ccc[nH]3)c21,5.9586
O=C1NCc2cccc(-c3cc4cc(OCc5ccccc5)ccc4[nH]3)c21,4.9485
O=C1NCc2cccc(-c3cc4ccccc4[nH]3)c21,6.8416
O=C1NCc2cccc(-c3cc4cc(O)ccc4[nH]3)c21,6.9245
COc1ccc2[nH]c(-c3cccc4c3C(=O)NC4)cc2c1,5.9586
O=C1NCc2cccc(-c3cc4cc(OCCN5CCOCC5)ccc4[nH]3)c21,7.1308
O=C1NCc2cccc(-c3cc4cc(OCCCN5CCCCC5)ccc4[nH]3)c21,7.1871
O=C1NCc2cccc(-c3cc4cc(OCCN5CCCCC5)ccc4[nH]3)c21,7.2518
O=C1NCc2cccc(-c3cc4cc(OCCCO)ccc4[nH]3)c21,7.5229
O=C1NCc2cccc(-c3cc4cc(OCCCN5CCC(O)CC5)ccc4[nH]3)c21,7.7447
CCN1CCN(CCCOc2ccc3[nH]c(-c4cccc5c4C(=O)NC5)cc3c2)CC1,7.8539
COc1ccc2c(c1)CCc1c-2c2c(c3c4ccccc4n(CCO)c13)CNC2=O,5.3793
CCSCc1ccc2c(c1)c1c3c(c4c5cc(CSCC)ccc5n5c4c1n2[C@H]1C[C@](O)(C(=O)OC)[C@]5(C)O1)CNC3=O,7.3665
CN1C(=O)/C(=C/c2ccc(/C=C/C(=O)NCc3cccnc3)s2)Oc2ccccc21,5.8297
CCOc1ccn(-c2ccc(F)cc2)c(=O)c1C(=O)Nc1ccc(Oc2ccnc(N)c2Cl)c(F)c1,6.7447
Cc1ccccc1Nc1nnc(-c2cccc3cnccc23)c2ccccc12,5.0000
O=C1NC(=O)c2ccc(I)cc2/C1=C/NCc1ccc(-c2ccoc2)c(O)c1,5.0000
Cc1nc(Nc2ncc(C(=O)Nc3c(C)cccc3Cl)s2)cc(N2CCN(CCO)CC2)n1.O,5.6271
COc1ccc2c(Oc3ccc(NC(=O)c4c(C)n(C)n(-c5ccccc5)c4=O)cc3F)ccnc2c1,7.6198
COc1ccc2c(Oc3ccc(NC(=O)c4c(C)n(CC(C)(C)O)n(-c5ccccc5)c4=O)cc3F)ccnc2c1,5.9355
COc1ccc2c(Oc3ccc(NC(=O)c4c(C)n(CC(C)=O)n(-c5ccccc5)c4=O)cc3F)ccnc2c1,7.8822
COc1ccc2c(Oc3ccc(NC(=O)c4c(C)n(C[C@H](C)O)n(-c5ccccc5)c4=O)cc3F)ccnc2c1,6.4134
COc1ccc2c(Oc3ccc(NC(=O)c4c(C)n(C[C@@H](C)O)n(-c5ccccc5)c4=O)cc3F)ccnc2c1,6.4023
COc1ccc2c(Oc3ccc(NC(=O)c4c(C)n(CC(C)C)n(-c5ccccc5)c4=O)cc3F)ccnc2c1,6.0004
CCCn1c(C)c(C(=O)Nc2ccc(Oc3ccnc4cc(OC)ccc34)c(F)c2)c(=O)n1-c1ccccc1,6.7932
COc1ccc2c(Oc3ccc(NC(=O)c4c(C)n(CC(C)(C)O)n(-c5ccccc5)c4=O)nc3)ccnc2c1,5.8072
CC(=O)Nc1ccc(NC(=O)c2cc(C(=O)Nc3cccc(C(F)(F)F)c3)ccc2C)cn1,6.9431
Cc1ccc(C(=O)Nc2cccc(C(F)(F)F)c2)cc1C(=O)Nc1cncnc1,5.4522
CC(=O)Nc1ncc(NC(=O)c2cc(C(=O)Nc3cccc(C(F)(F)F)c3)ccc2C)cn1,6.1261
Cc1ccc(C(=O)Nc2cccc(C(F)(F)F)c2)cc1C(=O)Nc1ccc(N)nc1,6.3279
Cc1ccc(C(=O)Nc2cccc(C(F)(F)F)c2)cc1C(=O)Nc1cccnc1,6.5317
Cc1cccc(NC(=O)Nc2ccc(-c3ccc4nccnc4c3N)cc2)c1,6.9873
Cc1cccc(NC(=O)Nc2ccc(-c3cnc4ccnn4c3N)cc2)c1,7.2414
Cc1cccc(NC(=S)Nc2ccc(-c3cnc4ccnn4c3N)cc2)c1,5.0000
Cc1cccc(NC(=O)Nc2cccc(-c3cnc4ccnn4c3N)c2)c1,5.1805
Cc1cccc(NC(=O)Nc2ccc(-c3cnc4c(Br)cnn4c3N)cc2)c1,7.1041
CCN(CC)CCNC(=O)c1cnn2c(N)c(-c3ccc(NC(=O)Nc4cccc(C)c4)cc3)cnc12,6.3010
Cc1cccc(NC(=O)Nc2ccc(-c3cnc4c(C(=O)N5CCN(C)CC5)cnn4c3N)cc2)c1,6.1024
CNC(=O)c1cnn2c(N)c(-c3ccc(NC(=O)Nc4cccc(C)c4)cc3)cnc12,7.0000
Cc1cccc(NC(=O)Nc2ccc(-c3cnc4c(C(=O)O)cnn4c3N)cc2)c1,5.6990
CCOC(=O)c1cnn2c(N)c(-c3ccc(NC(=O)Nc4cccc(C)c4)cc3)cnc12,7.1298
Cc1cccc(NC(=O)Nc2ccc(-c3cnc4c(C#N)cnn4c3N)cc2)c1,6.0315
Cc1cccc(NC(=O)Nc2ccc(-c3cnc4c(-c5cnn(C)c5)cnn4c3N)cc2)c1,8.6990
Cc1cccc(NC(=O)Nc2ccc(-c3cnc4c(-c5cccnc5)cnn4c3N)cc2)c1,8.1003
Cc1cccc(NC(=O)Nc2ccc(-c3cnc4c(-c5ccc6c(c5)OCO6)cnn4c3N)cc2)c1,7.7237
Cc1cccc(NC(=O)Nc2ccc(-c3cnc4c(C5CC5)cnn4c3N)cc2)c1,7.6387
Cc1cccc(NC(=O)Nc2ccc(-c3cnc4c(-c5ccsc5)cnn4c3N)cc2)c1,7.8081
Cc1cccc(NC(=O)Nc2ccc(-c3cnc4c(-c5cccs5)cnn4c3N)cc2)c1,7.5669
Cc1cccc(NC(=O)Nc2ccc(-c3c(C)nc4ccnn4c3N)cc2)c1,7.0055
Cc1cccc(NC(=O)Nc2ccc(-c3cnc4cc(C)nn4c3N)cc2)c1,5.4559
Cc1cccc(NC(=O)Nc2ccc(-c3cnc4c(-c5ccccc5)cnn4c3N)cc2)c1,7.7136
Nc1c(-c2ccc(NC(=O)Nc3cc(C(F)(F)F)ccc3F)cc2)cnc2ccnn12,7.5044
Cc1ccc(F)c(NC(=O)Nc2ccc(-c3cnc4ccnn4c3N)cc2)c1,7.1308
Nc1c(-c2ccc(NC(=O)Nc3cccc(Cl)c3)cc2)cnc2ccnn12,7.3565
Nc1c(-c2ccc(NC(=O)Nc3cccc(C(F)(F)F)c3)cc2)cnc2ccnn12,7.7508
Nc1c(-c2ccc(NC(=O)Nc3ccccc3)cc2)cnc2c(Br)cnn12,5.7959
Cc1ccc(NC(=O)Nc2ccc(-c3cnc4c(Br)cnn4c3N)cc2)cc1,6.0915
COc1ccc(-c2cnc3c(-c4ccsc4)cnn3c2N)cc1,5.2147
Cc1cccc(NC(=O)Nc2ccc(-c3cnc4c(-c5cnn(C)c5)ccn4c3N)cc2)c1,8.8389
Cn1cc(-c2ccn3c(N)c(-c4ccc(NC(=O)Nc5cccc(F)c5)cc4)cnc23)cn1,7.7688
Cn1cc(-c2ccn3c(N)c(-c4ccc(NC(=O)Nc5ccc(F)c(C(F)(F)F)c5)cc4)cnc23)cn1,7.7407
Cn1cc(-c2ccn3c(N)c(-c4ccc(NC(=O)Nc5cc(C(F)(F)F)ccc5F)cc4)cnc23)cn1,7.9269
Cn1cc(-c2ccn3c(N)c(-c4ccc(NC(=O)Nc5cccc(Cl)c5)cc4)cnc23)cn1,8.2474
COc1cc2nccc(CN3CCc4c(C(=O)Nc5ccc(C(C)(C)C)cc5)cccc4C3=O)c2cc1OC,8.0969
COc1cc2nccc(CN3CCc4c(C(=O)Nc5ccc(F)c(C(F)(F)F)c5)cccc4C3=O)c2cc1OC,8.6990
COc1cc2nccc(CN3CCc4c(C(=O)Nc5ccc(Cl)c(C(F)(F)F)c5)cccc4C3=O)c2cc1OC,8.5229
COc1cc2nccc(CN3CCc4c(C(=O)Nc5cccc(C(F)(F)F)c5)cccc4C3=O)c2cc1OC,8.5229
O=C(Nc1cccc(C(F)(F)F)c1)c1cccc2c1CCN(Cc1ccnc3ccccc13)C2=O,7.7447
COCCNC(=O)c1cccc2c1CCN(Cc1ccnc3cc(OC)c(OC)cc13)C2,5.5229
COc1cc2nccc(CN3CCc4c(cccc4C(=O)NC4CC4)C3)c2cc1OC,7.0362
COc1cc2nccc(CN3CCc4c(cccc4C(=O)Nc4ccccn4)C3)c2cc1OC,6.6478
COc1cc2nccc(CN3CCc4c(cccc4C(=O)Nc4nc5ccccc5s4)C3)c2cc1OC,7.8861
COc1cc2nccc(CN3CCc4c(cccc4C(=O)Nc4ccc(C(C)(C)C)cc4)C3)c2cc1OC,9.0000
COc1cc2nccc(CN3CCc4c(cccc4C(=O)Nc4ccc(F)c(C(F)(F)F)c4)C3)c2cc1OC,9.0000
COc1cc2nccc(CN3CCc4c(cccc4C(=O)Nc4ccc(Cl)c(C(F)(F)F)c4)C3)c2cc1OC,9.0000
COc1cc2nccc(CN3CCc4c(cccc4C(=O)Nc4cccc(C(F)(F)F)c4)C3)c2cc1OC,9.0000
COc1cc2nccc(CN3CCc4c(cccc4C(=O)Nc4ccc(Cl)cc4)C3)c2cc1OC,6.7825
CC(C)(C)c1ccc(NC(=O)c2cccc3c2CCN(Cc2ccnc4ccccc24)C3)cc1,8.0969
O=C(Nc1cccc(C(F)(F)F)c1)c1cccc2c1CCN(Cc1ccnc3ccccc13)C2,8.3979
COc1ccc(C2=C(c3cn(C)c4ccccc34)C(=O)NC2)cc1,4.5086
COc1ccc(C2=C(c3c[nH]c4ccccc34)C(=O)NC2)cc1,4.8861
COc1cc(C2=C(c3cn(C)c4ccccc34)C(=O)NC2)cc(OC)c1OC,4.8239
COc1cc(C2=C(c3cn(CC(O)CO)c4ccccc34)CNC2=O)cc(OC)c1OC,5.3768
COc1cc(C2=C(c3cn(CC4COC(C)(C)O4)c4ccccc34)CNC2=O)cc(OC)c1OC,5.0969
COc1cc(C2=C(c3cn(COCc4ccccc4)c4ccccc34)CNC2=O)cc(OC)c1OC,5.7959
COc1cc(C2=C(c3cn(COc4ccccc4)c4ccccc34)CNC2=O)cc(OC)c1OC,5.8239
COc1cc(C2=C(c3cn(COC(C)(C)C)c4ccccc34)CNC2=O)cc(OC)c1OC,5.3565
COc1cc(C2=C(c3cn(COC(C)C)c4ccccc34)CNC2=O)cc(OC)c1OC,5.2840
CCOCn1cc(C2=C(c3cc(OC)c(OC)c(OC)c3)C(=O)NC2)c2ccccc21,5.2757
COCn1cc(C2=C(c3cc(OC)c(OC)c(OC)c3)C(=O)NC2)c2ccccc21,5.6383
COc1cc(C2=C(c3cn(COCC[Si](C)(C)C)c4ccccc34)CNC2=O)cc(OC)c1OC,5.5086
COc1cc(C2=C(c3c[nH]c4ccccc34)C(O)NC2=O)cc(OC)c1OC,5.2291
COc1cc(C2=C(c3c[nH]c4ccccc34)C(=O)NC2)cc(OC)c1OC,4.9586
COc1cc(C2=C(c3c[nH]c4ccccc34)CNC2=O)cc(OC)c1OC,7.5086
Cc1cccc(Cl)c1Nc1nc2ccccc2n1-c1cc(Nc2ccc(CCN3CCOCC3)cn2)ncn1,5.9948
Cc1nc(Nc2cc(-n3c(Nc4c(C)cccc4Cl)nc4ccccc43)ncn2)cc(N2CCN(CCO)CC2)n1,6.4486
CCN1CCN(CC/C=C/c2ccc3c(Nc4ccc(Sc5nccn5C)c(Cl)c4)c(C#N)cnc3c2)CC1,6.0000
Cc1[nH]c(/C=C2\C(=O)Nc3ccc(C(=O)NNc4ccccc4)cc32)c(C)c1CCC(=O)O,7.1549
COc1cc(OC)cc(-c2ccc3c(c2)NC(=O)/C3=C\c2[nH]c(C)c(CCC(=O)O)c2C)c1,6.0315
COc1cc2ncn(-c3cc(OCc4ccccc4C(F)(F)F)c(C(N)=O)s3)c2cc1OC,6.4437
Cc1nc(N)sc1-c1ccnc(Nc2ccc(N3CCOCC3)cc2)n1,7.1612
Cc1cc(Nc2cc(N3CCN(C)CC3)nc(/C=C/c3ccccc3)n2)n[nH]1,7.7218
Oc1cc2c(cc1O)[C@@H]1c3ccc(O)c(O)c3OC[C@]1(O)C2,5.6778
Oc1ccc(C[C@@]2(O)COc3c(ccc(O)c3O)[C@H]2O)cc1O,5.6778
O=C1c2ccc(O)c(O)c2OC[C@]1(O)Cc1ccc(O)c(O)c1,5.2147
Oc1ccc(CC2=Cc3ccc(O)c(O)c3OC2)cc1O,5.0655
Cc1n[nH]c2cc(N(C)c3ccnc(Nc4cccc(S(N)(=O)=O)c4)n3)ccc12,9.2218
Cc1nc2cc(N(C)c3ccnc(Nc4cccc(S(N)(=O)=O)c4)n3)ccc2n1C,7.7696
Cc1nc2ccc(N(C)c3ccnc(Nc4cccc(S(N)(=O)=O)c4)n3)cc2n1C,7.2007
CN(c1ccc2cn(C)nc2c1)c1ccnc(Nc2cccc(S(N)(=O)=O)c2)n1,8.1192
Cc1c2ccc(N(C)c3ccnc(Nc4cccc(S(N)(=O)=O)c4)n3)cc2nn1Cc1ccccc1,8.5850
Cc1c2ccc(N(C)c3ccnc(Nc4cccc(S(N)(=O)=O)c4)n3)cc2nn1C.Cl.Cl,8.2518
Cc1nn(C)c2cc(N(C)c3ccnc(Nc4cccc(S(N)(=O)=O)c4)n3)ccc12.Cl,7.4437
Fc1cnc(Nc2cccc(Br)c2)nc1Nc1cccc(Br)c1,6.3979
COc1cc2ncnc(Nc3ccc(C)c(O)c3)c2cc1OC,7.7447
Cc1ccc(Nc2ccnc(Nc3cccc(Br)c3)n2)cc1O,8.2007
COc1cc2ncnc(Nc3ccc4c(C)n[nH]c4c3)c2cc1OC,8.7696
COc1cc(Nc2nccc(Nc3ccc4c(C)n[nH]c4c3)n2)cc(OC)c1OC,8.2007
Cc1ccc(Nc2nccc(N(C)c3ccc4c(C)n(C)nc4c3)n2)cc1S(N)(=O)=O,7.5229
O=C(c1ccccc1NCc1ccncc1)c1n[nH]c2ccccc12,5.9282
O=C(c1ccccc1NCc1ccc2ncccc2c1)c1c[nH]c2ncccc12,5.1079
O=C(c1ccccc1NCc1ccc2cn[nH]c2c1)c1c[nH]c2ccc(Cl)cc12,6.0198
O=C(c1ccccc1NCc1ccc2cn[nH]c2c1)c1c[nH]c2cc(F)ccc12,6.2130
O=C(c1ccccc1NCc1ccc2cn[nH]c2c1)c1c[nH]c2ccc(F)cc12,6.1734
Cc1cccc2c(C(=O)c3ccccc3NCc3ccc4cn[nH]c4c3)c[nH]c12,6.2360
Cc1ccc2c(C(=O)c3ccccc3NCc3ccc4cn[nH]c4c3)c[nH]c2c1,6.8606
Cc1ccc2[nH]cc(C(=O)c3ccccc3NCc3ccc4cn[nH]c4c3)c2c1,6.6722
O=C(c1ccccc1NCc1ccc2ncccc2c1)c1c[nH]c2ccc(Cl)cc12,5.8304
O=C(c1ccccc1NCc1ccc2ncccc2c1)c1c[nH]c2cc(F)ccc12,5.9064
O=C(c1ccccc1NCc1ccc2ncccc2c1)c1c[nH]c2ccc(F)cc12,5.6146
COc1ccc2c(C(=O)c3ccccc3NCc3ccc4ncccc4c3)c[nH]c2c1,5.9509
COc1ccc2[nH]cc(C(=O)c3ccccc3NCc3ccc4ncccc4c3)c2c1,6.0340
Cc1cccc2c(C(=O)c3ccccc3NCc3ccc4ncccc4c3)c[nH]c12,5.9269
Cc1ccc2c(C(=O)c3ccccc3NCc3ccc4ncccc4c3)c[nH]c2c1,6.0818
Cc1ccc2c(c1)c(C(=O)c1ccccc1NCc1ccc3ncccc3c1)cn2C,6.5062
Cc1ccc2[nH]cc(C(=O)c3ccccc3NCc3ccc4ncccc4c3)c2c1,6.2586
O=C(c1ccccc1NCc1ccc2ncccc2c1)c1c[nH]c2ccccc12,5.8495
O=C(c1ccccc1NCc1ccc2cn[nH]c2c1)c1c[nH]c2ccccc12,6.8117
O=C(c1ccccc1NCc1ccc2[nH]ncc2c1)c1c[nH]c2ccccc12,6.4172
O=C(c1ccccc1NCc1ccncc1)c1c[nH]c2ccccc12,5.3618
Cn1nc(C(=O)c2ccccc2NCc2ccc3cn[nH]c3c2)c2ccccc21,6.5625
COCCn1nc(C(=O)c2ccccc2NCc2ccc3cn[nH]c3c2)c2ccccc21,5.9983
Cn1nc(C(=O)c2ccccc2NCc2ccc3ncccc3c2)c2ccccc21,5.0706
O=C(c1ccccc1NCc1ccc2[nH]cnc2c1)c1n[nH]c2ccccc12,6.0158
O=C(c1ccccc1NCc1ccc2cnccc2c1)c1n[nH]c2ccccc12,5.0000
O=C(c1ccccc1NCc1ccc2ncccc2c1)c1n[nH]c2ccccc12,6.7622
O=C(c1ccccc1NCc1ccc2cn[nH]c2c1)c1n[nH]c2ccccc12,6.6337
O=C(c1ccccc1NCc1ccc2[nH]ncc2c1)c1n[nH]c2ccccc12,6.5089
O=C(c1ccccc1NCc1ccc2c(c1)OCO2)c1n[nH]c2ccccc12,5.5850
CCN1C(=O)C(C)(C)c2cc3[nH]c4c(c3cc21)CCCc1c(C)n[nH]c1-4,7.9208
N=C(Nc1ccccc1)SCCCN1C(=O)C2=C(C1=O)n1ccc3cccc(c31)C1Cc3ccccc3N21,5.3665
N=C(N)SCCCn1c(=O)c2c(c1=O)n1c3ccccc3cc1c1cccc3ccn2c31,5.3872
O=c1[nH]cnc2[nH]c(-c3ccnc(/C=C/c4ccc(CN5CCOCC5)cc4)c3)cc12,7.0000
CN(C)CCOc1ccc(/C=C/c2cc(-c3cc4c(=O)[nH]cnc4[nH]3)ccn2)cc1,6.7212
COC(C)(C)CCn1nc(Nc2c(C)cccc2C)c2cnc(Nc3ccc(OCCN4CCCC4)cc3)nc21,5.7986
O=C(Nc1cccc(C(F)(F)F)c1)c1nscc1NCc1ccncc1,7.0768
O=C(Nc1cccc(C(F)(F)F)c1)c1nscc1NCc1cccnc1,5.3737
O=C(Nc1ccc(C(F)(F)F)cc1)c1nscc1NCc1ccncc1,6.2465
O=C(Nc1cccc(OC(F)(F)F)c1)c1nscc1NCc1ccncc1,7.4344
O=C(Nc1ccc(OC(F)(F)F)cc1)c1nscc1NCc1ccncc1,6.2254
CC(C)(C)c1cccc(NC(=O)c2nscc2NCc2ccncc2)c1,7.0035
CC(C)(C)c1ccc(NC(=O)c2nscc2NCc2ccncc2)cc1,6.1915
O=C(Nc1ccc(Cl)cc1)c1nscc1NCc1ccncc1,6.6153
O=C(Nc1cccc(Br)c1)c1nscc1NCc1ccncc1,7.1232
O=C(Nc1ccc(Br)cc1)c1nscc1NCc1ccncc1,6.8420
O=C(Nc1ccc2ccccc2n1)c1nscc1NCc1ccncc1,6.2350
O=C(NC1=CC2C=NNC2C=C1)c1nscc1NCc1ccncc1,6.0862
O=C(Nc1ccc(Cl)c(C(F)(F)F)c1)c1nscc1NCc1ccncc1,6.4570
O=C(Nc1ccc(C(F)(F)F)c(Cl)c1)c1nscc1NCc1ccncc1,5.8694
O=C(Nc1ccc(Cl)c(Cl)c1)c1nscc1NCc1ccncc1,6.0643
Cc1ccc(NC(=O)c2nscc2NCc2ccncc2)cc1C(F)(F)F,7.3092
Cc1cc(NC(=O)c2nscc2NCc2ccncc2)ccc1C(F)(F)F,6.2293
Cc1ccc(NC(=O)c2nscc2NCc2ccncc2)c(F)c1,5.7134
O=C(NCc1ccc2c(c1)OCO2)c1nscc1NCc1ccncc1,6.1447
O=C(Nc1cccc(Br)c1)c1nscc1NCc1ccnc2ccccc12,6.6963
O=C(Nc1cccc(C(F)(F)F)c1)c1nscc1NCc1ccnc2ccccc12,6.6838
Cc1cccc(C(=O)Nc2cccc([C@H](C)Nc3cncc(Cl)n3)c2)c1,8.0410
CNc1nccc(-c2cccnc2Oc2ccc(NC(=O)Nc3cccc(C(F)(F)F)c3)cc2C)n1,7.4685
CNc1nccc(-c2cccnc2Oc2ccc(NC(=O)Nc3ccccc3)cc2C)n1,5.1192
CNc1nccc(-c2cccnc2Oc2ccc(Nc3nc4ccc(C(F)(F)F)cc4[nH]3)cc2C)n1,5.2218
CNc1nccc(-c2cccnc2Oc2ccc(Nc3nc4ccccc4s3)c3ccccc23)n1,7.0555
CNc1nccc(-c2cccnc2Oc2ccc(Nc3nc4ccccc4o3)c3ccccc23)n1,7.5229
CNc1nccc(-c2cccnc2Oc2ccc(Nc3nc4ccccc4n3C)c3ccccc23)n1,6.6021
CNc1nccc(-c2cccnc2Oc2ccc(Nc3nc4ccc(C(F)(F)F)cc4[nH]3)c3ccccc23)n1,7.1593
CNc1nccc(-c2cccnc2Oc2ccc(Nc3nc4cccc(C)c4[nH]3)c3ccccc23)n1,5.8041
CNc1nccc(-c2cccnc2Oc2ccc(NC(=O)Nc3ccccc3)c3ccccc23)n1,7.3979
CNc1nccc(-c2cccnc2Oc2ccc(Nc3nc4ccccc4[nH]3)c3ccccc23)n1,5.8570
CC1(C)CNc2cc(NC(=O)c3cccnc3NCc3ccncc3)ccc21,8.5229
CCN1CCN(Cc2ccc(NC(=O)Nc3ccc(Oc4cc(NC)ncn4)cc3)cc2C(F)(F)F)CC1,6.6990
Cn1c(Nc2ccc(C(F)(F)F)cc2)nc2cc(Oc3ccnc(-c4ncc(C(F)(F)F)[nH]4)c3)ccc21,5.8861
CO[C@@H]1[C@H](N(C)C(=O)c2ccccc2)C[C@H]2O[C@]1(C)n1c3ccccc3c3c4c(c5c6ccccc6n2c5c31)C(=O)NC4,5.4949
Cc1[nH]c(/C=C2\C(=O)Nc3ccc(F)cc32)c(C)c1C(=O)NC[C@H](O)CN1CCOCC1,8.6383
Cc1cc(Nc2cc(N3CCN(C)CC3)nc(Sc3ccc(NC(=O)C4CC4)cc3)n2)n[nH]1,5.6990
Cc1ccc2c(Nc3ccc(Cl)cc3)nccc2c1Nc1ncccc1-c1ncnc2[nH]cnc12.Cl.Cl.Cl,6.0000
CNc1ncc2cc(-c3c(C)ccc4c(Nc5ccc6c(c5)NC(=O)C6(C)C)nccc34)ccc2n1,6.6198
CNc1ncc2cc(-c3c(C)ccc4c(Nc5cc(C(C)(C)C)nn5C)nccc34)ccc2n1,6.6383
CNc1cc(-c2cccnc2Nc2c(C)ccc3c(Nc4ccc5sc(C)nc5c4)nccc23)ncn1,6.7696
C#Cc1cccc(Nc2nccc3c(Nc4ncccc4-c4cc(NC)ncn4)c(C)ccc23)c1,6.3768
CNc1cc(-c2cccnc2Nc2c(C)ccc3c(Nc4ccc(Cl)cc4)nccc23)ncn1,6.5229
Cc1ccc2c(Nc3cccc(C(F)(F)F)c3)nccc2c1Nc1ncccc1-c1ccncn1,6.1192
CC(C)(C)c1cc(NC(=O)Nc2ccc(-c3cn4c(n3)sc3cc(OCCN5CCOCC5)ccc34)cc2)no1,7.0605
C=CC(=O)N1CCC[C@H]1C(=O)Nc1cc2c(Nc3ccc(F)c(Cl)c3F)ncnc2cc1OCCOC,6.2218
C=CC(=O)N1CCC[C@H]1C(=O)Nc1cc2c(Nc3cccc(Cl)c3F)ncnc2cc1OCCOC,5.8861
CC1(C)CC(NC(=O)c2cccc(-c3cc4nccc(Nc5cccc(O)c5)n4n3)c2)CC(C)(C)N1[O],8.4815
O=C(CC(=O)Nc1ccc(Oc2ccnc3ccsc23)c(F)c1)Nc1ccccc1,6.6990
O=C(CC(=O)Nc1ccc(Oc2ccnc3cc(C(=O)N4CCCC4)sc23)c(F)c1)Nc1ccccc1,8.3979
CN(C)[C@@H]1CCN(C(=O)c2cc3nccc(Oc4ccc(NC(=O)CC(=O)Nc5ccccc5)cc4F)c3s2)C1,7.0506
Cn1ccnc1C(=O)c1cc2nccc(Oc3ccc(NC(=O)CC(=O)Nc4ccccc4)cc3F)c2s1,7.3010
Cn1cnc(C(=O)c2cc3nccc(Oc4ccc(NC(=O)CC(=O)Nc5ccccc5)cc4F)c3s2)c1,7.5229
CCn1cnc(C(=O)c2cc3nccc(Oc4ccc(NC(=O)CC(=O)Nc5ccccc5)cc4F)c3s2)c1,8.3010
CN(C)CCn1cnc(C(=O)c2cc3nccc(Oc4ccc(NC(=O)CC(=O)Nc5ccccc5)cc4F)c3s2)c1,8.2218
O=C(O)Cn1cnc(C(=O)c2cc3nccc(Oc4ccc(NC(=O)CC(=O)Nc5ccccc5)cc4F)c3s2)c1,7.7212
CCn1cnc(-c2cc3nccc(Oc4ccc(NC(=O)CC(=O)NC5CCCCC5)cc4F)c3s2)c1,8.0000
CCn1cnc(-c2cc3nccc(Oc4ccc(NC(=O)CC(=O)Nc5ccccc5F)cc4F)c3s2)c1,7.7447
CCn1cnc(-c2cc3nccc(Oc4ccc(NC(=O)CC(=O)Nc5cccc(F)c5)cc4F)c3s2)c1,8.0000
CCn1cnc(-c2cc3nccc(Oc4ccc(NC(=O)CC(=O)Nc5ccc(F)cc5)cc4F)c3s2)c1,8.3010
CCn1cnc(-c2cc3nccc(Oc4ccc(NC(=O)CC(=O)Nc5ccccc5OC)cc4F)c3s2)c1,8.2218
CCn1cnc(-c2cc3nccc(Oc4ccc(NC(=O)CC(=O)Nc5ccccc5C(F)(F)F)cc4F)c3s2)c1,7.8861
CCn1cnc(-c2cc3nccc(Oc4ccc(NC(=O)CC(=O)Nc5ccccc5O)cc4F)c3s2)c1,8.1549
CCn1cnc(-c2cc3nccc(Oc4ccc(NC(=O)C5(C(=O)Nc6ccccc6)CC5)cc4F)c3s2)c1,8.5485
CCn1cnc(-c2cc3nccc(Oc4ccc(NC(=O)CC(=O)N(C)c5ccccc5)cc4F)c3s2)c1,8.2218
CCn1cnc(-c2cc3nccc(Oc4ccc(NC(=O)C5(C(=O)Nc6ccccc6F)CC5)cc4F)c3s2)c1,7.8239
CN1CCN(c2nc(C3=C(c4c[nH]c5ccccc45)C(=O)NC3=O)c3ccccc3n2)CC1,5.9045
Cc1cc2ncc(-c3ccccc3)nc2cc1C,5.2076
COc1ccccc1C(Cc1coc2nc(N)nc(N)c12)C(C)C,5.3010
COc1ccccc1/C(C)=C/c1coc2nc(N)nc(N)c12,4.9872
CCCC(=Cc1coc2nc(=N)[nH]c(N)c12)c1ccccc1OC,4.7496
COc1ccccc1C(Cc1coc2nc(N)nc(N)c12)C1CC1,4.8633
COc1ccccc1/C(C)=C\c1coc2nc(N)nc(N)c12,4.5186
O=C1Nc2ccccc2/C1=C/c1ccc(F)cc1,5.0177
COc1cc2ncnc(Nc3ccc(-c4nc5ccccc5s4)cc3O)c2cc1OC,5.1612
COc1cc2c(Nc3ccc(-c4nc5ccccc5s4)cc3)ncnc2cc1OCCCN1CCN(C)CC1,7.9208
COc1cc2c(Nc3ccc(-c4nc5ccccc5s4)cc3C)ncnc2cc1OCCCN1CCN(C)CC1,6.6021
COc1cc2c(Nc3ccc(-c4nc5ccccc5s4)cc3O)ncnc2cc1OCCCN1CCN(C)CC1,6.5528
COc1cc(-c2nc3ccccc3s2)ccc1Nc1ncnc2cc(OCCCN3CCN(C)CC3)c(OC)cc12,5.4815
COc1cc2c(Nc3ccc(-c4nc5ccccc5s4)cc3F)ncnc2cc1OCCCN1CCN(C)CC1,7.2076
COc1cc2c(Nc3ccc(-c4nc5ccccc5s4)c(C)c3)ncnc2cc1OCCCN1CCN(C)CC1,6.4559
COc1cc2c(Nc3ccc(-c4nc5ccccc5s4)c(O)c3)ncnc2cc1OCCCN1CCN(C)CC1,6.4202
COc1cc2c(Nc3ccc(-c4nc5ccccc5s4)c(OC)c3)ncnc2cc1OCCCN1CCN(C)CC1,5.9208
COc1cc2c(Nc3ccc(-c4nc5ccccc5s4)c(F)c3)ncnc2cc1OCCCN1CCN(C)CC1,7.3565
COc1cc2c(Nc3ccc(-c4nc5ccccc5s4)c(Cl)c3)ncnc2cc1OCCCN1CCN(C)CC1,6.9208
COc1ccc2nc(-c3ccc(Nc4ncnc5cc(OCCCN6CCN(C)CC6)c(OC)cc45)cc3)sc2c1,6.1612
COc1cc2c(Nc3ccc(-c4nc5ccc(F)cc5s4)cc3)ncnc2cc1OCCCN1CCN(C)CC1,6.4750
COc1cc2c(Nc3ccc(-c4nc5ccc(Cl)cc5s4)cc3)ncnc2cc1OCCCN1CCN(C)CC1,5.6021
COc1cc2c(Nc3ccc(-c4nc5cc(Cl)ccc5s4)cc3)ncnc2cc1OCCCN1CCN(C)CC1,6.2147
COc1cc2c(Nc3ccc(-c4nc5ccc(Cl)cc5s4)cc3F)ncnc2cc1OCCCN1CCN(C)CC1,5.6478
COc1cc2c(Oc3ccc(-c4nc5ccccc5s4)cc3F)ncnc2cc1OCCCN1CCN(C)CC1,6.3768
COc1cc2c(Oc3ccc(-c4nc5ccccc5s4)cc3)ncnc2cc1OCCCN1CCN(C)CC1,6.8327
COc1cc2c(Oc3ccc(-c4nc5ccccc5s4)cc3)ncnc2cc1OCCCN1CCCC1,6.4559
Cc1c(Nc2c(C#N)cncc2/C=C/CCN2CCC[C@@H](N)C2)ccc2[nH]ccc12,5.4202
Cn1cnc(-c2cc3nccc(Oc4ccc(NC(=O)CC(Nc5ccccc5)C(F)(F)F)cc4F)c3s2)c1,6.6778
Cn1cnc(-c2cc3nccc(Oc4ccc(NC(CC(=O)Nc5ccccc5)C(F)(F)F)cc4F)c3s2)c1,8.0000
COc1ccccc1NC(=O)CC(Nc1ccc(Oc2ccnc3cc(-c4cn(C)cn4)sc23)c(F)c1)C(F)(F)F,7.6990
Cn1cnc(-c2cc3nccc(Oc4ccc(NC(CC(=O)Nc5ccc(F)cc5)C(F)(F)F)cc4F)c3s2)c1,7.6990
Cn1cnc(-c2cc3nccc(Oc4ccc(NC(CC(=O)Nc5ccc(F)cc5)C(F)(F)F)cc4)c3s2)c1,7.6990
COc1cc2ncnc(Oc3ccc(NC(=O)CC(Nc4ccccc4)C(F)(F)F)cc3F)c2cc1OC,6.0655
COc1cc2nccc(Oc3ccc(NC(=O)CC(Nc4ccccc4)C(F)(F)F)cc3F)c2cc1OC,6.4437
COc1cc2nccc(Oc3ccc(NC(CC(=O)Nc4ccccc4)C(F)(F)F)cc3F)c2cc1OC,7.5229
O=C(CC(Nc1ccc(F)cc1)C(F)(F)F)Nc1ccc(Oc2cc(NC(=O)N3CCCC3)ncn2)c(F)c1,5.9208
O=C(CC(Nc1ccc(Oc2cc(NC(=O)N3CCCC3)ncn2)c(F)c1)C(F)(F)F)Nc1ccccc1,7.3979
COc1cc(C2=C(c3c[nH]c4ccc(I)cc34)C(=O)NC2=O)cc(OC)c1OC,7.6040
COc1cc(C2=C(c3c[nH]c4ccc(Br)cc34)C(=O)NC2=O)cc(OC)c1OC,7.6478
COc1cc(C2=C(c3c[nH]c4ccc(F)cc34)C(=O)NC2=O)cc(OC)c1OC,6.9131
C[C@@H](Oc1ccc2ncccc2c1)c1c(Cl)ccc(F)c1Cl,4.6383
CC(Oc1ccc2ncc(/C=C/CN)cc2c1)c1c(Cl)ccc(F)c1Cl,4.4815
CC(Oc1ccc2ncc(CCC(N)=O)cc2c1)c1c(Cl)ccc(F)c1Cl,4.3010
CC(Oc1ccc2ncc(/C=C/C(N)=O)cc2c1)c1c(Cl)ccc(F)c1Cl,4.5850
CC(Oc1ccc2ncccc2c1)c1c(Cl)ccc(F)c1Cl,4.4949
C[C@@H](Oc1ccc2ncc(/C=C/C(N)=O)cc2c1)c1c(Cl)ccc(F)c1Cl,4.9586
C#Cc1cccc(Nc2ncnc3cc(OC)c(OCCCCCCC(=O)NO)cc23)c1,6.0711
O=C1Cc2cnc3ccnn3c2-c2ccccc2N1,4.9208
O=C1Cc2cnc3cc(-c4ccccc4)nn3c2-c2ccccc2N1,6.2007
COc1ccc2c(c1)NC(=O)Cc1cnc3ccnn3c1-2,5.0655
COc1ccc2c(c1)NC(=O)Cc1cnc3cc(-c4ccccc4)nn3c1-2,5.7447
O=C1Cc2cnc3cc(-c4ccccc4)nn3c2-c2cnccc2N1,5.6990
O=C1Cc2cnc3ccnn3c2-c2ncccc2N1,4.0605
O=C1Cc2cnc3cc(-c4ccccc4)nn3c2-c2ncccc2N1,4.7959
O=C1Cc2cc3c(=O)[nH]c(=O)[nH]c3nc2-c2ncccc2N1,4.1805
O=C1Cc2cnc(Nc3ccccc3)nc2-c2ccccc2N1,6.8539
O=C1Cc2cnc(Nc3ccc(I)cc3)nc2-c2ccccc2N1,6.3979
COc1ccc(Nc2ncc3c(n2)-c2ccccc2NC(=O)C3)cc1,7.0223
O=C1Cc2cnc(Nc3ccc(Cl)cc3)nc2-c2ccccc2N1,6.7212
O=C1Cc2cnc(Nc3ccc([N+](=O)[O-])cc3)nc2-c2ccccc2N1,6.4815
Cc1ccc(Nc2ncc3c(n2)-c2ccccc2NC(=O)C3)cc1,6.7212
O=C1Cc2cnc(Nc3ccc(O)cc3)nc2-c2ccccc2N1,7.0969
O=C1Cc2cnc(Nc3ccc(Br)cc3)nc2-c2ccccc2N1,6.5376
CCOc1ccc(Nc2ncc3c(n2)-c2ccccc2NC(=O)C3)cc1,6.8861
O=C1Cc2cnc(Nc3cccc(O)c3)nc2-c2ccccc2N1,6.5442
O=C1Cc2cnc(Nc3ccccc3Cl)nc2-c2ccccc2N1,5.2147
O=C1Cc2cnc(Nc3ccccc3Br)nc2-c2ccccc2N1,4.2441
O=C1Cc2cnc(Nc3ccccc3O)nc2-c2ccccc2N1,6.2757
COc1ccc(Nc2ncc3c(n2)-c2ccccc2NC(=O)C3)cc1O,7.1367
O=C1Cc2cnc(Nc3ccc(O)c(Cl)c3)nc2-c2ccccc2N1,6.2368
Cc1cc(O)ccc1Nc1ncc2c(n1)-c1ccccc1NC(=O)C2,5.9208
COc1ccc2c(c1)NC(=O)Cc1cnc(Nc3ccc(O)cc3)nc1-2,7.5528
COc1ccc(Nc2ncc3c(n2)-c2ccc(OC)cc2NC(=O)C3)cc1,7.3010
CCOc1ccc(Nc2ncc3c(n2)-c2ccc(OC)cc2NC(=O)C3)cc1,6.9108
COc1ccc2c(c1)NC(=O)Cc1cnc(Nc3cccc(O)c3)nc1-2,7.8239
COc1ccc2c(c1)NC(=O)Cc1cnc(Nc3ccc(OC)c(O)c3)nc1-2,7.7447
COc1ccc2c(c1)NC(=O)Cc1cnc(Nc3ccc(O)c(Cl)c3)nc1-2,7.1626
O=C1Cc2cnc(Nc3ccc(O)cc3)nc2-c2cnccc2N1,6.8861
COc1ccc(Nc2ncc3c(n2)-c2cnccc2NC(=O)C3)cc1,6.7212
CCOc1ccc(Nc2ncc3c(n2)-c2cnccc2NC(=O)C3)cc1,5.8674
O=C1Cc2cnc(Nc3cccc(O)c3)nc2-c2cnccc2N1,6.8539
O=C1Cc2cnc(Nc3ccc(O)c(Cl)c3)nc2-c2cnccc2N1,7.0605
O=C1Cc2cnc(Nc3ccc(O)cc3)nc2-c2ncccc2N1,5.5686
COc1ccc(Nc2ncc3c(n2)-c2ncccc2NC(=O)C3)cc1,5.8239
CCOc1ccc(Nc2ncc3c(n2)-c2ncccc2NC(=O)C3)cc1,5.6990
O=C1Cc2cnc(Nc3cccc(O)c3)nc2-c2ncccc2N1,5.5850
O=C1Cc2cnc(Nc3ccc(O)c(Cl)c3)nc2-c2ncccc2N1,6.1739
CC(C)(C)c1cc(NC(=O)Nc2cccc(Oc3cccc4[nH]c(=O)[nH]c34)c2)n(-c2ccccc2)n1,6.7077
O=C(Nc1cc(Oc2cccc3[nH]c(=O)[nH]c23)c(F)c(F)c1F)c1cccc(OC(F)(F)F)c1,6.6990
CC(C)(C)c1cc(NC(=O)c2cccc(Oc3cccc4[nH]c(=O)[nH]c34)c2)n(-c2ccccc2)n1,5.8633
O=C1Nc2ccc(F)cc2/C1=C1/Nc2ccccc2/C1=N\O,5.8153
C/C(=C/c1coc2nc(N)nc(N)c12)c1cccc2ccccc12,5.6990
Nc1ncnc2c1c(-c1cnc3[nH]ccc3c1)nn2C1CCCC1,7.9208
N[C@H](CNc1ncc(-c2ccc3c(c2)CC(=O)N3)s1)Cc1ccc(C(F)(F)F)cc1,6.5229
COc1ccc(C2=NNC(=O)/C2=N\Nc2cccc(OC)c2)cc1,5.7447
COc1ccc(C2=NNC(=O)/C2=N\Nc2cccnc2)cc1,5.4685
COc1ccncc1C1=NNC(=O)/C1=N\Nc1ccccc1,6.0000
COc1ccc(Br)cc1NC(=O)Nc1cccc(-c2cn3ccnc3c(NCc3ccncc3)n2)c1,7.5000
O=C(Nc1cccc(-c2cn3ccnc3c(NCc3ccncc3)n2)c1)Nc1cc(C(F)(F)F)ccc1F,7.4430
COc1ccc(C(F)(F)F)cc1NC(=O)Nc1cccc(-c2cn3ccnc3c(NCc3ccncc3)n2)c1,7.5775
O=C(Nc1cccc(-c2cn3ccnc3c(NCc3ccncc3)n2)c1)Nc1cccc(C(F)(F)F)c1,7.4815
Cn1cnc(-c2ccccc2)c1-c1cc2c(N)ncnc2s1,5.0000
Cn1cnc(-c2ccccc2)c1-c1nc2c(N)ncnc2s1,4.0757
Cc1ccc(NC(=O)c2cccc(Cl)c2)cc1Nc1nc2ccccc2n1-c1cc(N)ncn1,6.2396
Cc1ccc(NC(=O)c2cccc(C(F)(F)F)c2)cc1Nc1nc2ccccc2n1-c1cc(N)ncn1,7.4437
Cc1ccc(NC(=O)c2cc(Cl)cc(Cl)c2)cc1Nc1nc2ccccc2n1-c1cc(N)ncn1,5.1962
Cc1cccc(C(=O)Nc2ccc(C)c(Nc3nc4ccccc4n3-c3cc(N)ncn3)c2)c1,6.5528
Cc1ccc(NC(=O)c2cc(OC3CCN(C)CC3)cc(C(F)(F)F)c2)cc1Nc1nc2ccccc2n1-c1cc(N)ncn1,7.1805
Cc1ccc(NC(=O)c2ccc(C(C)(C)C)s2)cc1Nc1nc2ccccc2n1-c1cc(N)ncn1,8.3979
Cc1ccc(NC(=O)c2cc(C3CC3)n[nH]2)cc1Nc1nc2ccccc2n1-c1cc(N)ncn1,7.3188
Cc1ccc(NC(=O)c2cc(C(C)(C)C)nn2C)cc1Nc1nc2ccccc2n1-c1cc(N)ncn1,6.3458
CCN1CCN(Cc2ccc(C(=O)Nc3ccc(C)c(Nc4nc5ccccc5n4-c4cc(N)ncn4)c3)cc2Cl)CC1,7.5229
Cc1ccc(NC(=O)c2cc(CN3CCN(C)CC3)n(C(C)(C)C)n2)cc1Nc1nc2ccccc2n1-c1cc(N)ncn1,7.2007
Cc1ccc(NC(=O)c2cc(N3CCN(C)CC3)cc(C(F)(F)F)c2)cc1Nc1nc2ccccc2n1-c1cc(N)ncn1,7.3665
CCN1CCN(c2cc(C(=O)Nc3ccc(C)c(Nc4nc5ccccc5n4-c4cc(N)ncn4)c3)cc(C(F)(F)F)c2)CC1,8.3010
Cc1ccc(NC(=O)c2cccc(C(F)(F)F)c2)cc1Nc1nc2ccccc2n1-c1cc(Cl)ncn1,5.0424
Cc1ccc(NC(=O)c2cccc(C(F)(F)F)c2)cc1Nc1nc2ccccc2n1-c1cc(NCCN)ncn1,5.7575
Cc1ccc(NC(=O)c2cccc(C(F)(F)F)c2)cc1Nc1nc2ccccc2n1-c1cc(NCCCN)ncn1,5.8321
Cc1ccc(NC(=O)c2cccc(C(F)(F)F)c2)cc1Nc1nc2ccccc2n1-c1cc(NCCCCN)ncn1,6.2226
CCN(CC)CCNc1cc(-n2c(Nc3cc(NC(=O)c4cccc(C(F)(F)F)c4)ccc3C)nc3ccccc32)ncn1,5.7630
Cc1ccc(NC(=O)c2cccc(C(F)(F)F)c2)cc1Nc1nc2ccccc2n1-c1cc(NCCCCN(C)C)ncn1,5.8649
CCN(CC)CCCCNc1cc(-n2c(Nc3cc(NC(=O)c4cccc(C(F)(F)F)c4)ccc3C)nc3ccccc32)ncn1,6.0531
Cc1ccc(NC(=O)c2cccc(C(F)(F)F)c2)cc1Nc1nc2ccccc2n1-c1cc(NCCCC2COCCN2)ncn1,6.4976
Cc1ccc(NC(=O)c2cccc(C(F)(F)F)c2)cc1Nc1nc2ccccc2n1-c1cc(NCCC2CCCN2)ncn1,6.0264
Cc1ccc(NC(=O)c2cccc(C(F)(F)F)c2)cc1Nc1nc2ccccc2n1-c1cc(N[C@H]2CC[C@H](N)CC2)ncn1,6.2154
Cc1ccc(NC(=O)c2cccc(C(F)(F)F)c2)cc1Nc1nc2ccccc2n1-c1cc(NC2CCN(C)CC2)ncn1,5.7665
Cc1ccc(NC(=O)c2cccc(C(F)(F)F)c2)cc1Nc1nc2ccccc2n1-c1cc(NCCc2ccccn2)ncn1,6.2604
Cc1ccc(NC(=O)c2cccc(C(F)(F)F)c2)cc1Nc1nc2ccccc2n1-c1cc(NCCN2CCN(C)CC2)ncn1,6.2182
Cc1ccc(NC(=O)c2cccc(C(F)(F)F)c2)cc1Nc1nc2ccccc2n1-c1cc(NCCCN2CCN(C)CC2)ncn1,6.2351
Cc1ccc(NC(=O)c2cccc(C(F)(F)F)c2)cc1Nc1nc2ccccc2n1-c1cc(NCCO)ncn1,6.2291
COCCNc1cc(-n2c(Nc3cc(NC(=O)c4cccc(C(F)(F)F)c4)ccc3C)nc3ccccc32)ncn1,6.5287
Cc1cccc(NC(=O)c2ccc(C)c(Nc3nc4ccccc4n3-c3cc(N)ncn3)c2)c1,5.9935
Cc1ccc(C(=O)Nc2cccc(C(C)C)c2)cc1Nc1nc2ccccc2n1-c1cc(N)ncn1,7.7696
Cc1ccc(C(=O)Nc2cccc(C(C)(C)C)c2)cc1Nc1nc2ccccc2n1-c1cc(N)ncn1,7.2840
Cc1ccc(C(=O)Nc2cccc(OC(F)F)c2)cc1Nc1nc2ccccc2n1-c1cc(N)ncn1,7.0362
Cc1ccc(C(=O)Nc2cccc(Br)c2)cc1Nc1nc2ccccc2n1-c1cc(N)ncn1,6.3335
Cc1ccc(C(=O)Nc2cccc(C(F)(F)F)c2)cc1Nc1nc2ccccc2n1-c1cc(N)ncn1,7.2596
Cc1ccc(C(=O)Nc2cccc(Cl)c2)cc1Nc1nc2ccccc2n1-c1cc(N)ncn1,6.5850
COc1cccc(NC(=O)c2ccc(C)c(Nc3nc4ccccc4n3-c3cc(N)ncn3)c2)c1,6.2874
Cc1ccc(C(=O)Nc2ccccc2)cc1Nc1nc2ccccc2n1-c1cc(N)ncn1,5.0547
Cc1ccc(C(=O)Nc2cccc3cnccc23)cc1Nc1nc2ccccc2n1-c1cc(N)ncn1,4.9756
Cc1cc(NC(=O)c2ccc(C)c(Nc3nc4ccccc4n3-c3cc(N)ncn3)c2)ccn1,6.8697
Cc1cn(-c2cc(NC(=O)c3ccc(C)c(Nc4nc5ccccc5n4-c4cc(N)ncn4)c3)cc(C(F)(F)F)c2)cn1,7.6990
Cc1cccc(NC(=O)c2ccc(C)c(Nc3nc4ccccc4n3-c3cc(NCCCCN(C)C)ncn3)c2)c1,5.8248
CCN(CC)CCCCNc1cc(-n2c(Nc3cc(C(=O)Nc4cccc(C)c4)ccc3C)nc3ccccc32)ncn1,5.8652
Cc1cccc(NC(=O)c2ccc(C)c(Nc3nc4ccccc4n3-c3cc(NCCN4CCN(C)CC4)ncn3)c2)c1,5.6790
Cc1cccc(NC(=O)c2ccc(C)c(Nc3nc4ccccc4n3-c3cc(NCCCN4CCN(C)CC4)ncn3)c2)c1,5.9535
Cc1ccc(C(=O)Nc2cccc(C(F)(F)F)c2)cc1Nc1nc2ccccc2n1-c1cc(NCCCCN(C)C)ncn1,6.6038
CCN(CC)CCCCNc1cc(-n2c(Nc3cc(C(=O)Nc4cccc(C(F)(F)F)c4)ccc3C)nc3ccccc32)ncn1,6.6144
Cc1ccc(C(=O)Nc2cccc(C(F)(F)F)c2)cc1Nc1nc2ccccc2n1-c1cc(NCCN2CCN(C)CC2)ncn1,6.7328
Cc1ccc(C(=O)Nc2cccc(C(F)(F)F)c2)cc1Nc1nc2ccccc2n1-c1cc(NCCCN2CCN(C)CC2)ncn1,6.9318
Cc1ccc(C(=O)Nc2cccc(C(F)(F)F)c2)cc1Nc1nc2ccccc2n1-c1cc(NCCC#N)ncn1,6.6108
Cc1ccc(C(=O)Nc2cccc(C(F)(F)F)c2)cc1Nc1nc2ccccc2n1-c1ncnc(N)c1C,5.0872
Cc1ccc(C(=O)Nc2cccc(C(F)(F)F)c2)cc1Nc1nc2ccccc2n1-c1ncnc(NCCCN2CCN(C)CC2)n1,6.8761
O=C(Cc1ccccc1)Nc1cccc(-c2nc3sccn3c2-c2ccnc(Nc3cccc(N4CCOCC4)c3)n2)c1,7.5688
Nc1nc(N)c2c(n1)[nH]c1cccc(Sc3ccccc3)c12,4.6459
Cc1ccc(Sc2cccc3[nH]c4nc(N)nc(N)c4c23)cc1,4.2495
Cn1cc(/C=C2\Oc3cccc(O)c3C2=O)c2c(-c3ccc(C(=O)NCCO)cc3)ccnc21,7.3010
Cc1ccc(C(=O)NC2CC2)cc1-c1ccc2c(-c3ccccc3F)nncc2c1,6.4949
Cc1ccc(C(=O)NC2CC2)cc1-c1cc2cnn(-c3ccc(F)cc3F)c2n(C)c1=O,4.3979
Cc1ccc(C(=O)NC2CC2)cc1-c1cc2cnn(-c3ccccc3F)c2n(C)c1=O,4.3979
CC(=O)Oc1c(-c2ccc(O)c(O)c2)c(O)c(O)c2c1oc1cc(O)c(O)cc12,4.1506
Cl.NCCc1cn(CCCCCc2ccccc2)c2ccc(OCCc3ccc(O)cc3)cc12,5.5482
Cl.NC1CCc2c(c3cc(OCCc4ccc(O)cc4)ccc3n2CCCCCc2ccccc2)C1,5.9747
COc1ccc(CCCCCn2cc(CCN)c3cc(OCCc4ccc(O)cc4)ccc32)cc1.Cl,5.6635
CSc1ccc(CCCCCn2cc(CCN)c3cc(OCCc4ccc(O)cc4)ccc32)cc1.Cl,5.9136
Cl.NCCc1cn(Cc2ccc(-c3cccc(C(F)(F)F)c3)cc2)c2ccc(OCCc3ccc(O)cc3)cc12,5.8154
COc1ccc(-c2ccc(Cn3cc(CCN)c4cc(OCCc5ccc(O)cc5)ccc43)cc2)cc1.Cl,5.9957
Cl.NCCc1cn(Cc2ccc(-c3ccccc3)cc2)c2ccc(OCCc3ccc(O)cc3)cc12,5.9318
Cl.NCCc1c[nH]c2ccc(OCCc3ccc(O)cc3)cc12,5.6925
COc1ccc(CCOc2ccc3c(c2)c(CCN)cn3CCCCCc2ccc(SC)cc2)cc1.Cl,5.8386
CN(C)c1ccc(CCCCCn2c3c(c4cc(OCCc5ccc(O)cc5)ccc42)CC(N)CC3)cc1.Cl.Cl,5.8996
COc1ccc(CCCCCn2c3c(c4cc(OCCc5ccc(O)cc5)ccc42)CC(N)CC3)cc1.Cl,6.0269
Cl.NC1CCc2c(c3cc(OCCc4ccc(O)cc4)ccc3n2CCCCCc2ccc(C(F)(F)F)cc2)C1,5.6615
Cl.Cl.NC1CCc2c(c3cc(OCCc4ccc(O)cc4)ccc3n2CCCCCc2ccccn2)C1,5.6737
Cl.NC1CCc2c(c3cc(OCCc4ccc(O)cc4)ccc3n2CCCc2ccccc2)C1,5.6840
Cl.NC1CCc2[nH]c3ccc(OCCc4ccc(O)cc4)cc3c2C1,4.5664
Cc1c(C(=O)Nc2ccc(Oc3ccnc4cc(-c5cn(C)cn5)sc34)c(F)c2)cnn1-c1ccccc1,5.6990
CCCc1c(C(=O)Nc2ccc(Oc3ccnc4cc(-c5cn(C)cn5)sc34)c(F)c2)cnn1-c1ccccc1,5.7212
Cn1cnc(-c2cc3nccc(Oc4ccc(NC(=O)c5cnn(-c6ccccc6)c5)cc4F)c3s2)c1,5.8539
Cn1cnc(-c2cc3nccc(Oc4ccc(NC(=O)c5cnn(-c6ccccc6)c5N)cc4F)c3s2)c1,6.0969
Cn1cnc(-c2cc3nccc(Oc4ccc(NC(=O)c5cnn(C)c5C(F)(F)F)cc4F)c3s2)c1,6.1549
Cn1cnc(-c2cc3nccc(Oc4ccc(NC(=O)c5cnn(C(C)(C)C)c5C(F)(F)F)cc4F)c3s2)c1,5.5229
Cn1ccnc1-c1cc2nccc(Oc3ccc(NC(=O)c4cnn(-c5ccccc5)c4C(F)(F)F)cc3F)c2s1,5.8539
COC[C@H](C)N(Cc1ccc(-c2cc3nccc(Oc4ccc(NC(=O)c5cnn(-c6ccccc6)c5C(F)(F)F)cc4F)c3s2)cc1)C(C)=O,5.6021
CS(=O)(=O)CCNCc1ccc(-c2cc3nccc(Oc4ccc(NC(=O)c5cnn(-c6ccccc6)c5C(F)(F)F)cc4F)c3s2)cc1,5.9586
CN(C)C(=O)c1ccc(-c2cc3nccc(Oc4ccc(NC(=O)c5cnn(-c6ccccc6)c5C(F)(F)F)cc4F)c3s2)cc1,5.8539
CN(C)CCN(C)C(=O)c1ccc(-c2cc3nccc(Oc4ccc(NC(=O)c5cnn(-c6ccccc6)c5C(F)(F)F)cc4F)c3s2)cc1,6.1549
CN(C)[C@H]1CCN(C(=O)c2ccc(-c3cc4nccc(Oc5ccc(NC(=O)c6cnn(-c7ccccc7)c6C(F)(F)F)cc5F)c4s3)cc2)C1,6.0000
CN(C)C(=O)c1ccc(-c2cc3nccc(Oc4ccc(NC(=O)c5cnn(-c6ccccc6)c5C(F)(F)F)cc4F)c3s2)nc1,5.6021
COCCNC(=O)c1ccc(-c2cc3nccc(Oc4ccc(NC(=O)c5cnn(-c6ccccc6)c5C(F)(F)F)cc4F)c3s2)nc1,5.2757
CC(=O)N1CC=C(c2cc3nccc(Oc4ccc(NC(=O)c5cnn(-c6ccccc6)c5C(F)(F)F)cc4F)c3s2)CC1,5.8539
Brc1cccc(Nc2ncnc3[nH]c(CCc4ccccc4)cc23)c1,3.9496
C#Cc1cccc(Nc2ncnc3[nH]c(CCc4ccccc4)cc23)c1,4.3063
FC(F)(F)c1cccc(Nc2ncnc3[nH]c(CCc4ccccc4)cc23)c1,4.6556
Fc1ccc(Nc2ncnc3[nH]c(CCc4ccccc4)cc23)cc1Br,4.5986
Fc1ccc(Nc2ncnc3[nH]c(CCc4ccccc4)cc23)cc1C(F)(F)F,4.2403
Fc1cc(Cl)ccc1Nc1ncnc2[nH]c(CCc3ccccc3)cc12,4.3925
c1ccc(CCc2cc3c(Nc4ccc5[nH]ccc5c4)ncnc3[nH]2)cc1,4.5003
Nc1nc(Nc2ccc(Br)cc2Cl)c2cc(Cc3ccc(Cl)cc3Cl)[nH]c2n1,7.0000
Nc1nc(Nc2cccc(Br)c2)c2cc(Cc3ccc(Cl)cc3Cl)[nH]c2n1,4.5512
Nc1nc(Nc2ccc(Cl)cc2F)c2cc(Cc3ccc(Cl)cc3Cl)[nH]c2n1,4.3401
Nc1nc(Nc2cccc(F)c2)c2cc(Cc3ccc(Cl)cc3Cl)[nH]c2n1,6.5229
C#Cc1cccc(Nc2nc(N)nc3[nH]c(Cc4ccc(Cl)cc4Cl)cc23)c1,4.0675
Nc1nc(Nc2ccc(C(F)(F)F)c(F)c2)c2cc(Cc3ccc(Cl)cc3Cl)[nH]c2n1,3.9465
CC(C)c1ccc(Nc2nc(N)nc3[nH]c(Cc4ccc(Cl)cc4Cl)cc23)cc1,5.8539
C#Cc1cccc(Nc2ncnc3cc(OCCOC)c(OCCOC)cc23)c1,5.2958
Cc1ccccc1Cc1cc2c(Nc3cccc(Br)c3)nc(N)nc2[nH]1,6.6021
COc1ccc(OC)c(Cc2cc3c(Nc4cccc(Br)c4)nc(N)nc3[nH]2)c1,6.2076
Cc1ccccc1Cc1cc2c(Nc3cccc(Br)c3)ncnc2[nH]1,4.5654
CCN1CCC(CNc2nccc(-c3cccnc3Oc3ccc(Nc4nc5ccccc5[nH]4)c4ccccc34)n2)CC1,5.7560
CN1CCCC1CCNc1nccc(-c2cccnc2Oc2ccc(Nc3nc4ccccc4[nH]3)c3ccccc23)n1,5.6863
CNc1nccc(-c2cccnc2Oc2c(C)cc(Nc3nc4ccccc4[nH]3)c3ccccc23)n1,5.0000
CN(C)CC(C)(C)CNc1nccc(-c2cccnc2Oc2ccc(Nc3nc4ccccc4[nH]3)c3ccccc23)n1,5.0000
CNc1nccc(-c2cccnc2Oc2ccc(Nc3nc4ccncc4[nH]3)c3ccccc23)n1,5.1967
CNc1nccc(-c2cccnc2Oc2ccc(NC(=O)NC(C)(C)C)c3ccccc23)n1,5.6540
CCNC(=O)Nc1ccc(Oc2ncccc2-c2ccnc(NC)n2)c2ccccc12,7.3188
Cn1cc2c(n1)CCc1c-2c2c(c3c1[nH]c1ccc(C4CCCCO4)cc13)CNC2=O,8.3010
Cn1cc2c(n1)CCc1c-2c2c(c3c4cc(C5CCCCO5)ccc4n(C)c13)CNC2=O,7.8239
CCn1c2ccc(C3CCCCO3)cc2c2c3c(c4c(c21)CCc1nn(C)cc1-4)C(=O)NC3,8.2218
CCCn1c2ccc(C3CCCCO3)cc2c2c3c(c4c(c21)CCc1nn(C)cc1-4)C(=O)NC3,8.0969
CC(C)n1c2ccc(C3CCCCO3)cc2c2c3c(c4c(c21)CCc1nn(C)cc1-4)C(=O)NC3,7.6778
CCCCn1c2ccc(C3CCCCO3)cc2c2c3c(c4c(c21)CCc1nn(C)cc1-4)C(=O)NC3,7.8099
CC(C)Cn1c2ccc(C3CCCCO3)cc2c2c3c(c4c(c21)CCc1nn(C)cc1-4)C(=O)NC3,7.9793
CC(C)CCn1c2ccc(C3CCCCO3)cc2c2c3c(c4c(c21)CCc1nn(C)cc1-4)C(=O)NC3,7.1135
CCCCCn1c2ccc(C3CCCCO3)cc2c2c3c(c4c(c21)CCc1nn(C)cc1-4)C(=O)NC3,7.2840
Cn1cc2c(n1)CCc1c-2c2c(c3c4cc(C5CCCCO5)ccc4n(C4CCCC4)c13)CNC2=O,7.2596
Cn1cc2c(n1)CCc1c-2c2c(c3c4cc(C5CCCCO5)ccc4n(C4CCCCC4)c13)CNC2=O,7.3565
Cn1cc2c(n1)CCc1c-2c2c(c3c4cc(C5CCCCO5)ccc4n(CC4CCCCC4)c13)CNC2=O,6.8268
C=CCn1c2ccc(C3CCCCO3)cc2c2c3c(c4c(c21)CCc1nn(C)cc1-4)C(=O)NC3,7.7447
CCOCCn1c2ccc(C3CCCCO3)cc2c2c3c(c4c(c21)CCc1nn(C)cc1-4)C(=O)NC3,7.6576
Cn1cc2c(n1)CCc1c-2c2c(c3c4cc(C5CCCCO5)ccc4n(CCO)c13)CNC2=O,8.5229
Cn1cc2c(n1)CCc1c-2c2c(c3c4cc(C5CCCCO5)ccc4n(CCCO)c13)CNC2=O,7.7959
CCN(CC)CCn1c2ccc(C3CCCCO3)cc2c2c3c(c4c(c21)CCc1nn(C)cc1-4)C(=O)NC3,7.7959
Cn1ncc2c1CCc1c-2c2c(c3c1[nH]c1ccc(C4CCCCO4)cc13)CNC2=O,8.0969
Cn1ncc2c1CCc1c-2c2c(c3c4cc(C5CCCCO5)ccc4n(C)c13)CNC2=O,7.6576
CCn1c2ccc(C3CCCCO3)cc2c2c3c(c4c(c21)CCc1c-4cnn1C)C(=O)NC3,8.0458
CCCn1c2ccc(C3CCCCO3)cc2c2c3c(c4c(c21)CCc1c-4cnn1C)C(=O)NC3,7.6990
CC(C)n1c2ccc(C3CCCCO3)cc2c2c3c(c4c(c21)CCc1c-4cnn1C)C(=O)NC3,7.3565
CCCCn1c2ccc(C3CCCCO3)cc2c2c3c(c4c(c21)CCc1c-4cnn1C)C(=O)NC3,7.4318
CC(C)Cn1c2ccc(C3CCCCO3)cc2c2c3c(c4c(c21)CCc1c-4cnn1C)C(=O)NC3,7.4437
Cn1ncc2c1CCc1c-2c2c(c3c4cc(C5CCCCO5)ccc4n(C4CCCC4)c13)CNC2=O,7.1871
Cn1ncc2c1CCc1c-2c2c(c3c4cc(C5CCCCO5)ccc4n(CCO)c13)CNC2=O,8.1549
CN1CCN(c2cccc(-c3cnn4c(N)c(-c5ccc(O)cc5)cnc34)c2)CC1,6.3279
CN1CCN(c2ccc(-c3cnn4c(N)c(-c5ccc(O)cc5)cnc34)cc2)CC1,5.8861
CN1CCN(c2cccc(-c3cnn4c(N)c(-c5ccc(NS(=O)(=O)c6cccc(Cl)c6Cl)cc5)cnc34)c2)CC1,5.2676
CN1CCN(c2cccc(-c3cnn4c(N)c(-c5ccc(NC(=O)CCC6CCCC6)cc5)cnc34)c2)CC1,6.1612
CN1CCN(c2cccc(-c3cnn4c(N)c(-c5ccc(NC(=O)c6ccc(C(F)(F)F)cc6)cc5)cnc34)c2)CC1,5.6383
CC(C)COC(=O)Nc1ccc(-c2cnc3c(-c4cccc(N5CCN(C)CC5)c4)cnn3c2N)cc1,5.2716
CN1CCN(c2cccc(-c3cnn4c(N)c(-c5ccc(NC(=O)Oc6ccccc6)cc5)cnc34)c2)CC1,5.3872
CN1CCN(c2cccc(-c3cnn4c(N)c(-c5ccc(NC(=O)NCC6CCCCC6)cc5)cnc34)c2)CC1,6.8861
CN1CCN(c2cccc(-c3cnn4c(N)c(-c5ccc(NC(=O)N(C)C6CCCCC6)cc5)cnc34)c2)CC1,5.2218
CN1CCN(c2ccc(-c3cnn4c(N)c(-c5ccc(NC(=O)CCC6CCCC6)cc5)cnc34)cc2)CC1,5.9935
CN1CCN(c2ccc(-c3cnn4c(N)c(-c5ccc(NC(=O)c6ccc(C(F)(F)F)cc6)cc5)cnc34)cc2)CC1,5.0809
CC(C)COC(=O)Nc1ccc(-c2cnc3c(-c4ccc(N5CCN(C)CC5)cc4)cnn3c2N)cc1,5.3734
CN1CCN(c2ccc(-c3cnn4c(N)c(-c5ccc(NC(=O)Oc6ccccc6)cc5)cnc34)cc2)CC1,6.0000
CN1CCN(c2ccc(-c3cnn4c(N)c(-c5ccc(NC(=O)N(C)C6CCCCC6)cc5)cnc34)cc2)CC1,6.3615
Cc1cc(NC(=O)OCC(C)C)ccc1-c1cnc2c(-c3cccc(N4CCN(C)CC4)c3)cnn2c1N,5.4685
COc1cc(-c2cnc3c(-c4cccc(N5CCN(C)CC5)c4)cnn3c2N)ccc1NC(=O)OCC(C)C,5.0362
CN1CCN(c2ccc(-c3cnn4c(N)c(-c5cccc(O)c5)cnc34)cc2)CC1,7.0177
Cc1nn2c(N)c(-c3cccc(O)c3)cnc2c1-c1ccc(N2CCN(C)CC2)cc1,6.3010
CC(C)COC(=O)Nc1ccc(-c2cnc3c(-c4cccc(N5CCNCC5)c4)cnn3c2N)cc1,5.6778
CC(C)COC(=O)Nc1ccc(-c2cnc3c(-c4cccc(N5CCN(C(=O)CN)CC5)c4)cnn3c2N)cc1,5.7212
COCCN1CCN(c2ccc(-c3cnn4c(N)c(-c5ccc(NC(=O)OCC(C)C)cc5)cnc34)cc2)CC1,5.6576
CC(C)COC(=O)Nc1ccc(-c2cnc3c(-c4cccc(N5CCOCC5)c4)cnn3c2N)cc1,5.1337
O=C(Nc1cccc(-n2ccc3c(NC(=O)c4ccccc4)nccc32)c1)c1ccc(N2CCOCC2)c(C(F)(F)F)c1,5.9755
Cc1cccc(-c2[nH]c(Cc3cccc(C(N)=O)c3)nc2-c2ccc3ncccc3c2)n1,5.6576
NS(=O)(=O)c1ccc(Nc2nc(N3CCOCC3)nc3[nH]cnc23)cc1,5.0000
COc1ccc(NC(=O)Nc2ccc3c(c2)NC(=O)/C3=C\c2[nH]cc(C(=O)O)c2C)cc1,9.3010
COc1ccc(NC(=O)Nc2ccc3c(c2)NC(=O)/C3=C\c2ccc[nH]2)cc1,7.5143
COc1ccc(NC(=O)Nc2ccc3c(c2)NC(=O)/C3=C\c2ccc[nH]2)cc1OC,7.5686
Cc1ccc(NC(=O)Nc2ccc3c(c2)NC(=O)/C3=C\c2ccc[nH]2)cc1,6.5656
O=C(Nc1ccc(Cl)cc1)Nc1ccc2c(c1)NC(=O)/C2=C\c1ccc[nH]1,7.8633
O=C(Nc1ccc(Oc2ccccc2)cc1)Nc1ccc2c(c1)NC(=O)/C2=C\c1ccc[nH]1,7.5017
O=C(Nc1ccc(-c2ccccc2)cc1)Nc1ccc2c(c1)NC(=O)/C2=C\c1ccc[nH]1,7.6904
O=C(Nc1ccc(-c2ccc3ccccc3c2)cc1)Nc1ccc2c(c1)NC(=O)/C2=C\c1ccc[nH]1,7.6556
Cc1[nH]c(/C=C2\C(=O)Nc3cc(NC(=O)Nc4ccccc4)ccc32)c(C)c1C(=O)O,8.1192
COc1ccc(NC(=O)Nc2ccc3c(c2)NC(=O)/C3=C\c2[nH]c(C)c(C(=O)O)c2C)cc1,8.4685
Cc1ccc(NC(=O)Nc2ccc3c(c2)NC(=O)/C3=C\c2[nH]c(C)c(C(=O)O)c2C)cc1,7.9914
Cc1[nH]c(/C=C2\C(=O)Nc3cc(NC(=O)Nc4ccc(Cl)cc4)ccc32)c(C)c1C(=O)O,8.1024
Cc1[nH]c(/C=C2\C(=O)Nc3cc(NC(=O)Nc4ccccc4)ccc32)c(C)c1CC(=O)O,9.0458
COc1ccc(NC(=O)Nc2ccc3c(c2)NC(=O)/C3=C\c2[nH]c(C)c(CC(=O)O)c2C)cc1,8.3279
COc1ccc(NC(=O)Nc2ccc3c(c2)NC(=O)/C3=C\c2[nH]c(C)c(CCC(=O)O)c2C)cc1,8.0000
COc1cc2c(N3CCN(C(=O)Nc4ccc(OC(C)C)cc4)CC3)ncnc2cc1OCCCN1CCCCC1,5.6840
O=C(CCc1cn(Cc2ccc(Cl)cc2)c2ccccc12)Nc1ccc([N+](=O)[O-])cc1,4.4789
O=C(CCc1cn(Cc2ccc(Cl)cc2)c2ccccc12)Nc1ccncc1,4.5850
CNc1nccc(-c2cccnc2Oc2ccc(NC(=O)c3cccc(C(F)(F)F)c3)cc2C)n1,5.4855
COC(=O)c1cccc(NC(=O)Nc2ccc(-c3c(C)sc4ncnc(N)c34)cc2)c1,6.5300
Cc1cccc(NC(=O)Nc2ccc3c(c2)CCc2sc4ncnc(N)c4c2-3)c1,7.0100
CC(C)n1nc(-c2cc(O)cc(Br)c2)c2c(N)ncnc21,7.3565
COCOc1cc(-c2nn(C(C)C)c3ncnc(N)c23)ccc1Br,5.6946
Cn1nc(-c2ccc(Br)c(O)c2)c2c(N)ncnc21,5.5229
Nc1ncnc2c1c(-c1ccc(Br)c(O)c1)nn2C1CCC1,7.3979
Nc1ncnc2c1c(-c1ccc(Br)c(O)c1)nn2C1CCCC1,7.2596
CC(C)n1nc(-c2ccc(F)c(O)c2)c2c(N)ncnc21,7.1675
C[C@H](CN)n1nc(-c2ccc(F)c(O)c2)c2c(N)ncnc21,5.7212
C[C@@H](CN)n1nc(-c2ccc(F)c(O)c2)c2c(N)ncnc21,5.5528
N#CCCCn1nc(-c2ccc(F)c(O)c2)c2c(N)ncnc21,5.6716
N#CCCCCn1nc(-c2ccc(F)c(O)c2)c2c(N)ncnc21,5.5376
Nc1ncnc2c1c(-c1ccc(F)c(O)c1)nn2C1CCC1,6.2865
Nc1ncnc2c1c(-c1ccc(F)c(O)c1)nn2C1CNC1,5.9393
Nc1ncnc2c1c(-c1ccc(F)c(O)c1)nn2C1CCCC1,6.9747
CC1CCC(n2nc(-c3ccc(F)c(O)c3)c3c(N)ncnc32)C1,7.1135
Nc1ncnc2c1c(-c1ccc(F)c(O)c1)nn2[C@H]1CCNC1,6.4330
Nc1ncnc2c1c(-c1ccc(F)c(O)c1)nn2[C@@H]1CCNC1,5.7570
Nc1ncnc2c1c(-c1ccc(F)c(O)c1)nn2[C@H]1CCOC1,6.3969
Nc1ncnc2c1c(-c1ccc(F)c(O)c1)nn2[C@@H]1CCOC1,6.2557
Nc1ncnc2c1c(-c1ccc(F)c(O)c1)nn2C1CCCCCC1,6.7496
Nc1ncnc2c1c(-c1ccc(F)c(O)c1)nn2CC1CCNCC1,4.9281
Cc1nn(-c2ccccc2)nc1Cn1nc(-c2ccc(F)c(O)c2)c2c(N)ncnc21,4.0000
Nc1ncnc2c1c(-c1ccc(F)c(O)c1)nn2Cc1ocnc1-c1ccccc1,4.0000
COc1cc(-c2nn(C(C)C)c3ncnc(N)c23)ccc1F,4.0000
CC(C)n1nc(-c2ccc(Cl)c(O)c2)c2c(N)ncnc21,7.6990
C[C@H](CN)n1nc(-c2ccc(Cl)c(O)c2)c2c(N)ncnc21,6.2565
C[C@@H](CN)n1nc(-c2ccc(Cl)c(O)c2)c2c(N)ncnc21,5.9431
COc1cc(-c2nn(C(C)C)c3ncnc(N)c23)ccc1NC(=O)OC(C)(C)C,5.6517
CC(C)n1nc(-c2ccc(Br)c(O)c2)c2c(N)ncnc21,7.2596
CC(C)n1nc(-c2ccc3ncccc3c2)c2c(N)ncnc21,6.5086
COc1ccc(-c2nn(C3CCC3)c3ncnc(N)c23)cc1OC,5.1549
CC(C)n1nc(-c2cc3cc(O)ccc3[nH]2)c2c(N)ncnc21,5.8724
CC(C)n1nc(-c2cccc(O)c2)c2c(N)ncnc21,6.6716
Cn1nc(-c2ccc3ccccc3c2)c2c(N)ncnc21,5.9586
CC(C)n1nc(-c2ccc(O)cc2)c2c(N)ncnc21,5.8386
Cc1cc(O)ccc1-c1nn(C(C)C)c2ncnc(N)c12,6.6716
Cc1ccc(-c2n[nH]c3ncnc(N)c23)cc1OCc1ccccc1,4.0000
Cc1ccc(-c2n[nH]c3ncnc(N)c23)cc1O,6.6253
Cc1ccc(-c2nn(C)c3ncnc(N)c23)cc1O,6.8210
Cc1ccc(-c2nn(C(C)C)c3ncnc(N)c23)cc1O,8.0000
CCC(C)n1nc(-c2ccc(C)c(O)c2)c2c(N)ncnc21,7.3665
CC(C)n1nc(-c2cccc(O)c2F)c2c(N)ncnc21,5.7799
Nc1ncnc2c1c(-c1cccc(O)c1F)nn2C1CCCC1,6.0453
CC(C)n1nc(-c2cc(O)cc(F)c2)c2c(N)ncnc21,7.0315
Nc1ncnc2c1c(-c1cc(O)cc(F)c1)nn2C1CCCC1,7.3188
COc1cc(Br)cc(-c2nn(C(C)C)c3ncnc(N)c23)c1,5.9914
COc1ccc(-c2nn(C[C@H](C)CO)c3ncnc(N)c23)cc1OC,4.0000
COc1ccc(-c2nn(C[C@@H](C)CO)c3ncnc(N)c23)cc1OC,5.0000
COc1ccc(-c2nn(C3CCCC3)c3ncnc(N)c23)cc1OC,5.7721
CCOc1ccc(-c2n[nH]c3ncnc(N)c23)cc1OC,4.0000
CCOc1ccc(-c2nn(C(C)C)c3ncnc(N)c23)cc1OC,4.8729
C=CCn1nc(-c2ccc(OCC)c(OC)c2)c2c(N)ncnc21,4.0000
CCOc1ccc(-c2nn(C3CCCC3)c3ncnc(N)c23)cc1OC,5.6840
CCOc1ccc(-c2nn(C3CCCCC3)c3ncnc(N)c23)cc1OC,4.0000
COc1cc(-c2nn(C(C)C)c3ncnc(N)c23)cc(OC)c1OC,4.0000
COc1cccc(-c2nn(C(C)C)c3ncnc(N)c23)c1OC,5.2765
CCOc1cc(-c2nn(C(C)C)c3ncnc(N)c23)ccc1OC,4.0000
CCOc1cc(-c2nn(CCO)c3ncnc(N)c23)ccc1OC,4.8996
COc1ccc(-c2nn(C(C)C)c3ncnc(N)c23)cc1,5.3605
CC(C)n1nc(-c2ccc(N)c(O)c2)c2c(N)ncnc21,5.6655
COc1cc(-c2nn(C(C)C)c3ncnc(N)c23)ccc1N,5.5850
COc1cc(-c2nn(C(C)C)c3ncnc(N)c23)ccc1NC(C)CO,6.7122
Nc1ccc(-c2nn(C3CCCC3)c3ncnc(N)c23)cc1O,6.2472
COc1cc(-c2nn(C3CCCC3)c3ncnc(N)c23)ccc1N,6.1238
CC(C)n1nc(-c2cccc(CO)c2)c2c(N)ncnc21,4.0000
CC(C)n1nc(-c2cccc(CC#N)c2)c2c(N)ncnc21,5.3188
CC(C)n1nc(-c2ccc(CC#N)cc2)c2c(N)ncnc21,4.9586
CC(C)n1nc(-c2cccc(C#N)c2)c2c(N)ncnc21,4.3665
CC(C)n1nc(-c2ccc(F)c(C#N)c2)c2c(N)ncnc21,5.3665
CC(C)n1nc(-c2ccc(C#N)c(F)c2)c2c(N)ncnc21,4.0000
CC(C)n1nc(-c2ccc(C#N)nc2)c2c(N)ncnc21,4.0000
CC(C)n1nc(-c2cccnc2)c2c(N)ncnc21,4.0000
CC(C)n1nc(-c2cncnc2)c2c(N)ncnc21,4.0000
CC(=O)c1ccc(-c2nn(C(C)C)c3ncnc(N)c23)cc1,4.0000
CC(C)n1nc(-c2ccc(C=O)c(F)c2)c2c(N)ncnc21,5.9208
CC(C)n1nc(-c2cc(F)c(C=O)c(F)c2)c2c(N)ncnc21,5.8539
CC(C)n1nc(-c2ccc(C(N)=O)c(Cl)c2)c2c(N)ncnc21,4.0000
CC(=O)c1cccc(-c2nn(C(C)C)c3ncnc(N)c23)c1,4.0000
CC(C)n1nc(-c2cc(C=O)co2)c2c(N)ncnc21,5.9914
Cc1cc(-c2nn(C(C)C)c3ncnc(N)c23)sc1C=O,5.9788
CC(C)n1nc(-c2cccc(NS(C)(=O)=O)c2)c2c(N)ncnc21,4.0000
CC(C)n1nc(-c2ccc(NS(C)(=O)=O)cc2)c2c(N)ncnc21,5.2299
CC(C)n1nc(-c2cccc(S(N)(=O)=O)c2)c2c(N)ncnc21,5.3372
CC(C)n1nc(-c2ccc(S(N)(=O)=O)cc2)c2c(N)ncnc21,4.0052
CC(C)n1nc(-c2cccc(C(=O)NC3=NCCS3)c2)c2c(N)ncnc21,5.7747
Nc1ncnc2c1c(-c1ccc(Cl)c(O)c1)nn2C1CCC1,7.2076
Nc1ncnc2c1c(-c1ccc(Cl)c(O)c1)nn2C1CCCC1,8.3665
Nc1ncnc2c1c(-c1ccc(Cl)c(O)c1)nn2[C@@H]1CCNC1,6.7595
Nc1ncnc2c1c(-c1ccc(Cl)c(O)c1)nn2[C@H]1CCOC1,7.1805
Nc1ncnc2c1c(-c1ccc(Cl)c(O)c1)nn2[C@@H]1CCOC1,6.9872
Nc1ncnc2c1c(-c1ccc(Cl)c(O)c1)nn2CC1CCCN1,5.5058
Nc1ncnc2c1c(-c1ccc(Cl)c(O)c1)nn2CC1CCNC1,6.3615
Nc1ncnc2c1c(-c1ccc(Cl)c(O)c1)nn2CC1CCCNC1,5.1451
Nc1ncnc2c1c(-c1ccc(Cl)c(O)c1)nn2CC1CCNCC1,5.4225
Nc1ncnc2c1c(-c1ccc(Cl)c(O)c1)nn2CCC1CCCNC1,5.8928
CC(C)n1nc(-c2ccc(C#N)c(O)c2)c2c(N)ncnc21,5.8539
CC(C)n1nc(-c2ccc(O)c(F)c2)c2c(N)ncnc21,5.8153
COc1cc(F)c(-c2nn(C(C)C)c3ncnc(N)c23)cc1F,5.5058
CC(C)n1nc(-c2cc(F)c(O)cc2F)c2c(N)ncnc21,5.0915
COc1cccc(-c2nn(C(C)C)c3ncnc(N)c23)c1,4.0000
COc1cc(-c2nn(C(C)C)c3ncnc(N)c23)ccc1O,4.0000
COc1ccc(-c2n[nH]c3ncnc(N)c23)cc1O,5.9747
CCn1nc(-c2ccc(OC)c(O)c2)c2c(N)ncnc21,6.5544
COc1ccc(-c2nn(C(C)C)c3ncnc(N)c23)cc1O,6.9245
COc1ccc(-c2nn(C3CCCC3)c3ncnc(N)c23)cc1O,6.5867
COc1ccc(-c2nn(C3CCC(C)C3)c3ncnc(N)c23)cc1O,7.2596
COc1ccc(-c2nn(C3CNC3)c3ncnc(N)c23)cc1O,5.9393
COc1ccc(-c2nn([C@@H]3CCNC3)c3ncnc(N)c23)cc1O,6.0595
CCOc1ccc(-c2nn(C3CCCC3)c3ncnc(N)c23)cc1O,6.9626
COc1ccc(-c2nn(C(C)C)c3ncnc(N)c23)cc1OC,4.0000
COc1ccc(-c2nn(C(C)(C)C)c3ncnc(N)c23)cc1OC,4.0000
CCOc1ccc2cc(-c3nn(C)c4ncnc(N)c34)ccc2c1,6.2596
CC(C)n1nc(-c2ccc3cc(O)ccc3c2)c2c(N)ncnc21,8.0000
CC(C)n1nc(-c2cc3ccccc3nc2Cl)c2c(N)ncnc21,4.0000
CC(C)n1nc(-c2cnc3ccccc3c2)c2c(N)ncnc21,5.2518
Nc1ncnc2c1c(-c1cnc3ccccc3c1)nn2C1CCCC1,5.7959
Cn1nc(-c2ccc3ncccc3c2)c2c(N)ncnc21,4.9208
Nc1ncnc2c1c(-c1ccc3ncccc3c1)nn2C1CCCC1,5.3565
Cc1ccc2cc(-c3nn(C(C)C)c4ncnc(N)c34)ccc2n1,5.9586
CC(C)n1nc(-c2ccc3nc(Cl)ccc3c2)c2c(N)ncnc21,6.0177
CC(C)n1nc(-c2ccc3nccnc3c2)c2c(N)ncnc21,4.8861
CC(C)n1nc(-c2cnc3nccnc3c2)c2c(N)ncnc21,4.9208
CC(C)n1nc(-c2ccc3nc[nH]c(=O)c3c2)c2c(N)ncnc21,5.0915
CC(C)n1nc(-c2ccc3[nH]c(=O)ccc3c2)c2c(N)ncnc21,4.0000
Nc1ncnc2c1c(-c1ccc3[nH]c(=O)ccc3c1)nn2C1CCCC1,4.0000
CC(C)n1nc(-c2ccc3nc(N)ccc3c2)c2c(N)ncnc21,5.2924
CC(C)n1nc(-c2ccc3nc(NN)ccc3c2)c2c(N)ncnc21,4.3010
CC(C)n1nc(-c2ccc3nccc(NC(=O)OC(C)(C)C)c3c2)c2c(N)ncnc21,4.0000
CC(C)n1nc(-c2ccc3nccc(N)c3c2)c2c(N)ncnc21,5.1549
Cn1nc(-c2ccc3occc(=O)c3c2)c2c(N)ncnc21,4.0000
CC(C)n1nc(-c2ccc3occc(=O)c3c2)c2c(N)ncnc21,4.0000
Nc1ncnc2c1c(-c1ccc3occc(=O)c3c1)nn2C1CCCC1,4.8539
CC(C)n1nc(-c2ccc3cnccc3c2)c2c(N)ncnc21,4.3098
CC(C)n1nc(-c2ccc3ccncc3c2)c2c(N)ncnc21,4.7212
Cc1ccc2ccc(-c3nn(C(C)C)c4ncnc(N)c34)cc2n1,4.0000
Cn1nc(-c2cnc3[nH]ccc3c2)c2c(N)ncnc21,6.0269
CC(C)n1nc(-c2cnc3[nH]ccc3c2)c2c(N)ncnc21,7.7212
CC(C)n1nc(-c2ccc3[nH]ccc3c2)c2c(N)ncnc21,7.1192
Nc1ncnc2c1c(-c1ccc3[nH]ccc3c1)nn2C1CCCC1,8.0458
CC(C)n1nc(-c2ccc3c(ccn3C)c2)c2c(N)ncnc21,6.1457
Cn1ccc2cc(-c3nn(C4CCCC4)c4ncnc(N)c34)ccc21,6.7645
CC(C)n1nc(-c2ccc3[nH]ncc3c2)c2c(N)ncnc21,6.5302
Nc1ncnc2c1c(-c1ccc3[nH]ncc3c1)nn2C1CCCC1,6.3862
CC(C)n1nc(-c2ccc3c(N)n[nH]c3c2)c2c(N)ncnc21,5.2007
CC(C)n1nc(-c2ccc3cn[nH]c3c2)c2c(N)ncnc21,6.3768
Nc1ncnc2c1c(-c1ccc3cn[nH]c3c1)nn2C1CCCC1,6.4815
CC(C)n1nc(-c2cc(F)c3cn[nH]c3c2)c2c(N)ncnc21,6.6676
Cn1nc(-c2ccc3cc[nH]c3c2)c2c(N)ncnc21,4.9586
CC(C)n1nc(-c2ccc3cc[nH]c3c2)c2c(N)ncnc21,6.3279
Nc1ncnc2c1c(-c1ccc3cc[nH]c3c1)nn2C1CCCC1,6.8729
CC(C)n1nc(-c2ccn3ccnc3c2)c2c(N)ncnc21,4.0000
CC(C)n1nc(-c2ccc3c(C=O)c[nH]c3c2)c2c(N)ncnc21,5.6576
CC(C)n1nc(-c2cccc3[nH]ccc23)c2c(N)ncnc21,5.1612
Nc1ncnc2c1c(-c1cccc3[nH]ccc13)nn2C1CCCC1,5.3840
CC(C)n1nc(-c2ccc3c(ccn3C(=O)OC(C)(C)C)c2)c2c(N)ncnc21,6.8153
CC(C)(C)OC(=O)n1ccc2cc(-c3nn(C4CCCC4)c4ncnc(N)c34)ccc21,6.0757
CC(C)n1nc(-c2ccc3occc3c2)c2c(N)ncnc21,5.5376
Nc1ncnc2c1c(-c1ccc3occc3c1)nn2C1CCCC1,5.9136
CC(C)n1nc(-c2ccc3nonc3c2)c2c(N)ncnc21,4.0000
CC(C)n1nc(-c2ccc3[nH]c(=O)[nH]c3c2)c2c(N)ncnc21,4.8861
CC(C)n1nc(-c2ccc3c(c2)CCO3)c2c(N)ncnc21,4.0000
CC(C)n1nc(-c2ccc3c(c2)OCCO3)c2c(N)ncnc21,4.6778
CC(C)n1nc(-c2cc3cc(C=O)ccc3s2)c2c(N)ncnc21,5.7852
COc1cc2ncnc(Nc3ccc(F)c(Cl)c3)c2cc1OCCCN1CCOCC1,5.5765
COc1cc2nccc(Oc3ccc4c(C(=O)Nc5ccc(Cl)cc5)cccc4c3)c2cc1C(C)=O,9.7001
COc1cc2nccc(Oc3ccc4c(C(=O)NCC(F)F)cccc4c3)c2cc1OC,8.4200
COc1cc2nccc(Oc3ccc4c(C(N)=O)cccc4c3)c2cc1C(C)=O,8.9201
COc1cc2nccc(Oc3ccc4c(C(=O)NC5CC5)cccc4c3)c2cc1C(C)=O,9.4300
COCCNC(=O)c1cccc2cc(Oc3ccnc4cc(OC)c(C(C)=O)cc34)ccc12,7.6600
COc1cc2nccc(Oc3ccc4c(c3)OCCN4C(=O)Nc3ccc(Cl)cc3)c2cc1C(C)=O,9.2200
COc1cc2nccc(Oc3ccc4c(c3)OCCN4C(=O)Nc3ccc(C)cc3)c2cc1C(C)=O,9.3000
COc1cc2nccc(Oc3ccc(NC(=O)Nc4ccc(F)cc4F)c(C)c3)c2cc1OC,9.0458
C[C@]12O[C@H](C[C@]1(O)CO)n1c3ccccc3c3c4c(c5c6ccccc6n2c5c31)CNC4=O,6.6576
Cn1ccc2ncnc(Oc3ccc(NC(=O)Nc4ccccn4)c(Cl)c3)c21,6.6778
Cn1ccc2ncnc(Oc3ccc(NC(=O)Nc4cccnc4)c(Cl)c3)c21,6.6383
Cn1ccc2ncnc(Oc3ccc(NC(=O)Nc4ccncc4)c(Cl)c3)c21,6.1871
Cn1ccc2ncnc(Oc3ccc(NC(=O)Nc4cc(C(F)(F)F)ccn4)c(Cl)c3)c21,8.5686
Cn1ccc2ncnc(Oc3ccc(NC(=O)Nc4cncc(C(F)(F)F)c4)c(Cl)c3)c21,8.5376
Cn1ccc2ncnc(Oc3ccc(NC(=O)Nc4ccnc(C(F)(F)F)c4)c(Cl)c3)c21,8.4202
Cn1ccc2ncnc(Oc3ccc(NC(=O)Nc4cnn(CC(F)(F)F)c4)c(Cl)c3)c21,8.3979
Cn1ccc2ncnc(Oc3ccc(NC(=O)Nc4cnn(C(C)(C)C)c4)c(Cl)c3)c21,8.1192
Cn1ccc2ncnc(Oc3ccc(NC(=O)Nc4cc(C(C)(C)C)on4)c(Cl)c3)c21,8.0506
Cn1nc(C(C)(C)C)cc1NC(=O)Nc1ccc(Oc2ncnc3ccn(C)c23)cc1Cl,7.7212
Cn1ccc2ncnc(Oc3ccc(NC(=O)Nc4cccc(C(F)(F)F)c4)c(Cl)c3)c21,8.4318
COc1ccc(NC(=O)Nc2ccc(Oc3ncnc4ccn(C)c34)cc2Cl)cc1C(F)(F)F,8.0269
Cn1ccc2ncnc(Oc3ccc(NC(=O)Nc4ccc(N5CCOCC5)c(C(F)(F)F)c4)c(Cl)c3)c21,7.2147
Cn1ccc2ncnc(Oc3ccc(NC(=O)Nc4ccc(CN5CCOCC5)c(C(F)(F)F)c4)c(Cl)c3)c21,7.7212
CN1CCN(Cc2ccc(NC(=O)Nc3ccc(Oc4ncnc5ccn(C)c45)cc3Cl)cc2C(F)(F)F)CC1,8.0315
CN1CCC(Oc2ccc(NC(=O)Nc3ccc(Oc4ncnc5ccn(C)c45)cc3Cl)cc2C(F)(F)F)CC1,7.9208
COc1cc(NC(=O)Nc2ccc(Oc3ncnc4ccn(C)c34)cc2Cl)cc(C(F)(F)F)c1,7.6990
Cn1ccc2ncnc(Oc3ccc(NC(=O)Nc4cc(N5CCOCC5)cc(C(F)(F)F)c4)c(Cl)c3)c21,7.2218
Cn1ccc2ncnc(Oc3ccc(NC(=O)Nc4cc(CN5CCOCC5)cc(C(F)(F)F)c4)c(Cl)c3)c21,7.6383
CN1CCN(Cc2cc(NC(=O)Nc3ccc(Oc4ncnc5ccn(C)c45)cc3Cl)cc(C(F)(F)F)c2)CC1,7.9586
Cn1c(C(C)(C)O)cc2ncnc(Oc3ccc(NC(=O)Nc4cccc(C(F)(F)F)c4)c(Cl)c3)c21,7.7447
COCc1cc2ncnc(Oc3ccc(NC(=O)Nc4cccc(C(F)(F)F)c4)c(Cl)c3)c2n1C,7.8539
Cn1c(CO)cc2ncnc(Oc3ccc(NC(=O)Nc4cccc(C(F)(F)F)c4)c(Cl)c3)c21,8.0132
O=C(Nc1cccc(C(F)(F)F)c1)Nc1ccc(Oc2ncnc3ccn(CCOCCO)c23)cc1Cl,8.5686
COCCn1ccc2ncnc(Oc3ccc(NC(=O)Nc4cccc(C(F)(F)F)c4)c(Cl)c3)c21,8.0458
O=C(Nc1cccc(C(F)(F)F)c1)Nc1ccc(Oc2ncnc3ccn(CCO)c23)cc1Cl,8.3979
CN(c1cccc(Br)c1)c1nc(N)nc2[nH]c(Cc3ccccc3)cc12,4.0496
Cc1ccccc1Cc1cc2c(Nc3cccc(Br)c3)nc(N)nc2n1C,3.9344
Cn1ccc2ncnc(Oc3ccc(NC(=O)Nc4ccccc4)cc3)c21,7.4815
Cn1ccc2ncnc(Oc3cccc(NC(=O)Nc4ccccc4)c3)c21,5.7447
Cn1ccc2ncnc(Oc3cccc(NC(=O)c4ccccc4)c3)c21,6.0269
Cn1ccc2ncnc(Oc3cccc(C(=O)Nc4ccccc4)c3)c21,6.0605
Cn1ccc2ncnc(Oc3ccc(NC(=O)c4ccccc4)cc3)c21,5.0269
Cn1ccc2ncnc(Oc3ccc(CC(=O)Nc4ccccc4)cc3)c21,5.4815
Cn1ccc2ncnc(Oc3ccc(NC(=S)Nc4ccccc4)cc3)c21,5.1739
Cn1ccc2ncnc(Oc3ccc(Nc4nc5ccccc5[nH]4)cc3)c21,5.3768
CNC(=O)Nc1ccc(Oc2ncnc3ccn(C)c23)cc1,5.2007
CCCNC(=O)Nc1ccc(Oc2ncnc3ccn(C)c23)cc1,5.4089
Cn1ccc2ncnc(Oc3ccc(NC(=O)Nc4ccccc4Cl)cc3)c21,6.4685
Cn1ccc2ncnc(Oc3ccc(NC(=O)Nc4cccc(Cl)c4)cc3)c21,8.3872
Cn1ccc2ncnc(Oc3ccc(NC(=O)Nc4ccc(Cl)cc4)cc3)c21,7.4949
Cn1ccc2ncnc(Oc3ccc(NC(=O)Nc4cccc(C(F)(F)F)c4)cc3)c21,8.2757
Cn1ccc2ncnc(Oc3ccc(NC(=O)Nc4cccc(Br)c4)cc3)c21,8.3565
Cn1ccc2ncnc(Oc3ccc(NC(=O)Nc4cccc(F)c4)cc3)c21,7.7212
Cc1cccc(NC(=O)Nc2ccc(Oc3ncnc4ccn(C)c34)cc2)c1,8.5686
Cn1ccc2ncnc(Sc3ccc(NC(=O)Nc4ccccc4)cc3)c21,6.9586
Cn1ccc2ncnc(Nc3ccc(NC(=O)Nc4ccccc4)cc3)c21,5.8539
O=C(Nc1ccc(N2CCn3ccc4ncnc2c43)cc1)Nc1cccc(C(F)(F)F)c1,8.1487
Cn1ccc2ncnc(Oc3ccc(NC(=O)Nc4cccc(C(F)(F)F)c4)cc3Cl)c21,7.5229
COc1cc(Oc2ncnc3ccn(C)c23)ccc1NC(=O)Nc1cccc(C(F)(F)F)c1,7.8539
Cn1ccc2ncnc(Oc3ccc(NC(=O)Nc4cccc(C(F)(F)F)c4)c(F)c3)c21,8.2678
Cc1[nH]nc2c1N=C(c1ccccc1Cl)c1cc([N+](=O)[O-])ccc1N2,7.1427
N#Cc1ccc2c(c1)C(c1ccccc1F)=Nc1c[nH]nc1N2,7.4089
Nc1ccc2c(c1)C(c1ccccc1Cl)=Nc1c[nH]nc1N2,7.4685
CC(=O)Nc1ccc2c(c1)C(c1ccccc1Cl)=Nc1c[nH]nc1N2,7.4815
O=C(Nc1n[nH]c2cc(C(=O)N[C@H](CN3CCCC3)c3ccccc3)sc12)c1ccc(N2CCOCC2)cc1,6.7905
Cc1cc(C=C2C(=O)Nc3ccc(F)cc32)c2ccccc(OCCN3CCC[C@H]3CO)c1-2,6.7305
CN(c1ccnc(Nc2cc(N3CCOCC3)cc(N3CCOCC3)c2)n1)c1cccc2[nH]ncc12,6.6198
Cc1cn2c(-c3cn[nH]c3)cnc2c(Nc2cc([C@@H](C)N3C[C@@H](C)O[C@@H](C)C3)ns2)n1,6.1487
O=C(Nc1cccc2cccnc12)c1ccccc1,6.8710
O=C(Nc1cccc2cccnc12)c1ccc([N+](=O)[O-])cc1,6.9481
O=C(Nc1cccc2cccnc12)c1ccc(Cl)cc1,6.9045
O=C(Nc1cccc2cccnc12)c1ccccc1Cl,7.6271
O=C(Nc1cccc2cccnc12)c1cccc([N+](=O)[O-])c1,7.7825
O=C(Nc1cccc2cccnc12)c1cc(Cl)ccc1O,8.4202
Cc1ccc(C(=O)Nc2cccc3cccnc23)c(O)c1,8.0177
Cc1cccc(C(=O)Nc2cccc3cccnc23)c1O,7.5768
O=C(Nc1cccc2cccnc12)c1cc(Br)cnc1O,8.2596
Cc1cnc(O)c(C(=O)Nc2cccc3cccnc23)c1,7.8697
O=C(Nc1cccc2cccnc12)c1ccc(Cl)nc1,7.0711
O=C(Nc1cccc2cccnc12)c1cncc(Br)c1,6.6803
O=C(Nc1cnc2ccccc2c1)c1ccccc1,6.9698
Cc1cccc(C(=O)Nc2cnc3ccccc3c2)c1Br,7.5467
Cc1cc(Cl)cc(C(=O)Nc2cnc3ccccc3c2)c1,6.4873
O=C(Nc1cnc2ccccc2c1)c1cc(Br)cc(Br)c1O,7.4895
O=C(Nc1cnc2ccccc2c1)c1cccc(Cl)c1O,7.1379
Cc1cc(Br)cc(C(=O)Nc2cnc3ccccc3c2)c1O,7.9066
O=C(Nc1cnc2ccccc2c1)c1cc(Cl)cnc1Br,7.6308
Cc1cnc(Cl)c(C(=O)Nc2cnc3ccccc3c2)c1,6.9910
O=C(Nc1cnc2ccccc2c1)c1cncc(Br)c1,7.0531
Cc1cc(Br)cc(C(=O)Nc2cnc3ccccc3c2)c1,6.9485
O=C(Nc1cnc2ccccc2c1)c1cc(Cl)c(O)nc1O,7.4855
Cc1cccc(C(=O)Nc2cnc3ccccc3c2)c1O,7.5935
c1cc(-c2cnn3cc(-c4ccc(OCCN5CCCCC5)cc4)cnc23)ccn1,7.6306
O=c1ccc(-c2cnn3cc(-c4ccc(OCCN5CCOCC5)cc4)cnc23)c[nH]1,7.0000
c1cc(-c2cnc3c(-c4cn[nH]c4)cnn3c2)ccc1OCCN1CCOCC1,8.0000
Nc1cc(-c2cnn3cc(-c4ccc(OCCN5CCOCC5)cc4)cnc23)ccn1,7.2366
Oc1ccc(-c2cnn3cc(-c4ccc(OCCN5CCOCC5)cc4)cnc23)cc1O,9.0000
NS(=O)(=O)c1ccc(Nc2ncc(-c3ccc(O)c(O)c3)o2)cc1,7.0000
CCN(CC)CCN1CCc2[nH]c(/C=C3\C(=O)Nc4ccc(F)cc43)c(C)c2C1=O,8.5000
CCN(CC)CCN1CCc2[nH]c(/C=C3\C(=O)Nc4ccc(Cl)cc43)c(C)c2C1=O,7.1936
CCN(CC)CCN1CCc2[nH]c(/C=C3\C(=O)Nc4ccc(Br)cc43)c(C)c2C1=O,7.3099
Cc1c(/C=C2\C(=O)Nc3ccc(F)cc32)[nH]c2c1C(=O)N(CCN(C)C)CC2,7.5431
Cc1c(/C=C2\C(=O)Nc3ccc(F)cc32)[nH]c2c1C(=O)N(CCN1CCCC1)CC2,8.0969
Cc1c(/C=C2\C(=O)Nc3ccc(F)cc32)[nH]c2c1C(=O)N(CCN1CCOCC1)CC2,6.4254
Cc1c(/C=C2\C(=O)Nc3ccc(F)cc32)[nH]c2c1C(=O)N(C[C@H](O)CN1CCOCC1)CC2,8.3606
CCN(CC)CCN1CCCc2[nH]c(/C=C3\C(=O)Nc4ccc(F)cc43)c(C)c2C1=O,7.4498
Cc1c(/C=C2\C(=O)Nc3ccc(F)cc32)[nH]c2c1C(=O)N(CCN1CCOCC1)CCC2,8.2218
Cc1c(/C=C2\C(=O)Nc3ccc(F)cc32)[nH]c2c1C(=O)N(C[C@H](O)CN1CCOCC1)CCC2,7.5768
CCN(CC)CCN1CCCCc2[nH]c(/C=C3\C(=O)Nc4ccc(F)cc43)c(C)c2C1=O,6.8092
Clc1ccc(CNc2ccnc3oc4ccccc4c23)cc1,6.7447
c1ccc2c(CNc3ccnc4oc5ccccc5c34)cccc2c1,6.5229
c1ccc(CCNc2ccnc3oc4ccccc4c23)cc1,5.6968
c1ccc(CNc2ccnc3oc4ccccc4c23)cc1,6.3279
Cc1ccc2nc(NC(=O)Cc3csc(NC(=O)Nc4cccc(Cl)c4)n3)sc2c1,8.3768
Cc1nc2ccccc2n1C1CCN(CC(=O)Nc2ccccc2Br)CC1,8.0000
CCOC(=O)CSc1nc2c(c(=O)[nH]c(=O)n2C)n1Cc1cccc(C)c1,8.5376
NC(=O)c1cc(-c2ccccc2)sc1NC(=O)c1ccc(OC(F)F)cc1,8.2518
O=C(COc1cccc(NC(=O)c2cccnc2)c1)Nc1ccc(Br)cc1,8.3010
COc1ccc(OC)c(NC(=O)c2ccc(CSc3ncnc4[nH]cnc34)cc2)c1,8.2291
CCOc1ccc(Nc2cnnc(Nc3ccc(OCC)cc3)n2)cc1,8.3872
O=C(Nc1ccc(Oc2ncnc3sc4c(c23)CCCC4)cc1)c1ccccc1,8.3872
C[C@@H]1Oc2ccc(-c3csc(NC(=O)c4cccc(Cl)c4)n3)cc2NC1=O,8.4685
COc1ccccc1NC(=O)c1ccc(CSc2nnc3c(n2)[nH]c2ccccc23)cc1,8.7959
CNC(=O)c1ccccc1Sc1ccc2c(/C=C/c3ccccn3)n[nH]c2c1,9.6505
CNC(=O)c1csc2cc(Oc3ccnc4cc(C5=NCCN5C)sc34)ccc12,9.4685
CCN1CCN(Cc2ccc(-c3cc4c([C@](C)(N)c5ccccc5)ncnc4[nH]3)cc2)CC1,7.1135
CNC(=O)c1cc(COc2nnc(Nc3ccc(Cl)cc3)c3ccoc23)ccn1,8.2218
COc1cc2nccc(Oc3ccc(NC(=O)NC4CC4)c(Cl)c3)c2cc1C(N)=O,8.3979
COc1cc2nccc(Oc3ccc(NC(=O)Nc4cc(C)on4)c(Cl)c3)c2cc1OC,8.6696
COc1cc2c(Oc3ccc4[nH]c(C)cc4c3F)ncnc2cc1OCCCN1CCCC1,8.9586
COc1ccc2cc(-c3n[nH]c4cccnc34)[nH]c2c1,6.5086
NC1CCN(Cc2ccn3ncnc(Nc4ccc(F)c(Cl)c4)c23)CC1,6.9586
Cc1cn2c(-c3cn[nH]c3)cnc2c(Nc2cc(CN3CCC(F)(F)C3)ns2)n1.Cl,6.2596
Cl.[2H]C([2H])(c1cc(Nc2nc(C)cn3c(-c4cn[nH]c4)cnc23)sn1)N1CCC(F)(F)C1,6.4685
COc1cc(O)c2c(c1)CCC[C@H](O)[C@H](O)C(=O)/C=C\C[C@H](C)OC2=O,8.3678
COc1cc(O)c2c(c1)CCC[C@H](O)CC(=O)/C=C\C[C@H](C)OC2=O,8.2366
COc1cc(O)c2c(c1)CCC[C@H](O)CC(=O)/C=C/C[C@H](C)OC2=O,6.7212
COc1cc(O)c2c(c1)CCCCCC(=O)/C=C\C[C@H](C)OC2=O,6.5186
COc1cc(O)c2c(c1)/C=C/C[C@@H](O)[C@H](O)C(=O)/C=C\C[C@H](C)OC2=O,9.3098
COc1cc(O)c2c(c1)CCCCCC(=O)C[C@H](Cl)C[C@H](C)OC2=O,4.0315
COc1cc(O)c2c(c1)CCCCCC(=O)C[C@H](Br)C[C@H](C)OC2=O,5.3665
COc1cc(O)c2c(c1)/C=C\CCCC(=O)C[C@H](Cl)C[C@H](C)OC2=O,4.0862
COc1cc(O)c2c(c1)/C=C\CCCC(=O)C[C@H](Br)C[C@H](C)OC2=O,4.6198
COc1cc(O)c2c(c1)/C=C/CCCC(=O)/C=C/C[C@H](C)OC2=O,6.0000
COc1cc(O)c2c(c1)CCCCCC(=O)/C=C/C[C@H](C)OC2=O,6.5086
COc1cc(O)c2c(c1)/C=C\CCCC(=O)/C=C/C[C@H](C)OC2=O,5.6383
CCCCCCC(C)c1cc(O)c2c(c1)OC(C)(C)[C@@H]1CC=C(C)C[C@@H]21,6.4841
CC1=C[C@H]2c3c(O)cc(CCCCBr)cc3OC(C)(C)[C@@H]2CC1,7.6198
CC1=CC[C@@H]2[C@@H](C1)c1c(O)cc(CCCCCBr)cc1OC2(C)C,8.0969
CC1=CC[C@@H]2[C@@H](C1)c1c(O)cc(C(C)(C)CCCCBr)cc1OC2(C)C,9.3979
CC1=CC[C@@H]2[C@@H](C1)c1c(O)cc(C(C)(C)CCCCCCBr)cc1OC2(C)C,8.8861
CC1=CC[C@@H]2[C@@H](C1)c1c(O)cc(CCCCC(F)(F)F)cc1OC2(C)C,7.6021
CCCCCc1cc(O)c2c(c1)OC(C)(C)[C@@H]1CC=C(CF)C[C@@H]21,6.9872
CCCCCCCn1cc2c(N)ncnc2n1,6.0872
CCCCCCCCn1cc2c(N)ncnc2n1,6.2757
CCCCCCCCCn1cc2c(N)ncnc2n1,8.0969
CCCCCCCCCCn1cc2c(N)ncnc2n1,9.8861
CCCCCCCCCCCn1cc2c(N)ncnc2n1,9.3279
CCCCCCCCC(O)Cn1cc2c(N)ncnc2n1,9.5528
CCCCCCC(C(C)O)n1cc2c(N)ncnc2n1,7.2757
Cc1cc(F)c(Nc2ncnc3cc(OCc4ccccc4)ccc23)cc1O,8.6990
O=C(Nc1cccc(C(F)(F)F)c1)c1c[nH]c2cccc(SCc3ccncc3)c12,6.5100
c1cc2[nH]ncc2cc1-c1c[nH]nn1,5.4493
Nc1n[nH]c2ccc(-c3cn(Cc4ccccc4)nn3)cc12,5.3502
Clc1cccc(Cn2cc(-c3ccc4[nH]ncc4c3)nn2)c1,4.8813
Clc1ccc(Cn2cc(-c3ccc4[nH]ncc4c3)nn2)cc1,5.5670
Clc1ccc(Cl)c(Cn2cc(-c3ccc4[nH]ncc4c3)nn2)c1,3.8979
Nc1n[nH]c2ccc(-c3cc(Cc4ccccc4)no3)cc12,5.4827
c1cn2c(NC3CCCCC3)c(-c3ccc4[nH]ncc4c3)nc2s1,5.2725
CNC(=O)Nc1ccc(Oc2ncnc(N)c2/C=N/OC)cc1Cl,7.6021
CCNC(=O)Nc1ccc(Oc2ncnc(N)c2/C=N/OC)cc1Cl,7.9586
CCCNC(=O)Nc1ccc(Oc2ncnc(N)c2/C=N/OC)cc1Cl,7.5528
CO/N=C/c1c(N)ncnc1Oc1ccc(NC(=O)NC(C)C)c(Cl)c1,7.1367
CO/N=C/c1c(N)ncnc1Oc1ccc(NC(=O)NC2CC2)c(Cl)c1,7.5376
CO/N=C/c1c(N)ncnc1Oc1ccc(NC(=O)NCCO)c(Cl)c1,6.7747
CO/N=C/c1c(N)ncnc1Oc1ccc(NC(=O)NCCCO)c(Cl)c1,6.3979
CO/N=C/c1c(N)ncnc1Oc1ccc(NC(=O)NCCN(C)C)c(Cl)c1,6.5452
CO/N=C/c1c(N)ncnc1Oc1ccc(NC(=O)NCCCCN2CCCC2)c(Cl)c1,6.1198
CO/N=C/c1c(N)ncnc1Oc1ccc(NC(=O)Nc2ccccn2)c(Cl)c1,7.4685
CO/N=C/c1c(N)ncnc1Oc1ccc(NC(=O)Nc2cccnc2)c(Cl)c1,8.0000
CO/N=C/c1c(N)ncnc1Oc1ccc(NC(=O)Nc2ccncc2)c(Cl)c1,7.9586
CO/N=C/c1c(N)ncnc1Oc1ccc(NC(=O)Nc2nccs2)c(Cl)c1,8.4685
CO/N=C/c1c(N)ncnc1Oc1ccc(NC(=O)Nc2nc(C)c(C)s2)c(Cl)c1,8.6990
CO/N=C/c1c(N)ncnc1Oc1ccc(NC(=O)Nc2cc(C)on2)c(Cl)c1,8.6990
CO/N=C/c1c(N)ncnc1Oc1ccc(NC(=O)Nc2ccccc2)c(Cl)c1,8.5229
CO/N=C/c1c(N)ncnc1Oc1ccc(NC(=O)Nc2ccccc2Cl)c(Cl)c1,8.5850
CO/N=C/c1c(N)ncnc1Oc1ccc(NC(=O)Nc2ccccc2C)c(Cl)c1,8.1024
CO/N=C/c1c(N)ncnc1Oc1ccc(NC(=O)Nc2ccccc2OC)c(Cl)c1,8.6021
CO/N=C/c1c(N)ncnc1Oc1ccc(NC(=O)Nc2ccccc2F)c(Cl)c1,8.4815
CO/N=C/c1c(N)ncnc1Oc1ccc(NC(=O)Nc2cccc(F)c2)c(Cl)c1,8.7696
CO/N=C/c1c(N)ncnc1Oc1ccc(NC(=O)Nc2ccc(F)cc2)c(Cl)c1,8.5528
CO/N=C/c1c(N)ncnc1Oc1ccc(NC(=O)Nc2ccc(F)cc2F)c(Cl)c1,8.5229
CO/N=C/c1c(N)ncnc1Oc1ccc(NC(=O)NCc2ccc(F)cc2F)c(Cl)c1,7.9872
CO/N=C/c1c(N)ncnc1Oc1ccc(NC(=O)NC2CCCCC2)c(Cl)c1,8.1871
CO/N=C/c1c(N)ncnc1Oc1ccc(NC(C)=O)cc1Cl,5.6556
CO/N=C/c1c(N)ncnc1Oc1ccc(NC(=O)OC)cc1Cl,6.8182
CNC(=O)Cc1ccc(Oc2ncnc(N)c2/C=N/OC)cc1,4.7055
CNC(=O)Nc1ccc(Oc2ncnc(N)c2/C=N/OC)c(F)c1,6.8477
CCNC(=O)Nc1ccc(Oc2ncnc(N)c2/C=N/OC)c(C)c1,6.7447
CCNC(=O)Nc1ccc(Oc2ncnc(N)c2/C=N/OC)cc1,6.8477
COc1ccc(Cn2ncc(NC(=O)c3cc(NC(=O)Nc4ccc(Cl)c(C(F)(F)F)c4)ccc3C)c2N)cc1,8.0259
Nc1nccc(-c2ccc3c(N)n[nH]c3c2)n1,6.0757
O=C(Nc1ccc([N+](=O)[O-])cc1Cl)c1cc(Cl)ccc1O,4.6364
FC(F)(F)c1cccc(-c2nnc(-c3cccnc3NCc3ccncc3)[nH]2)c1,5.9793
FC(F)(F)c1cccc(-c2nnc(-c3cccnc3NCc3ccncc3)o2)c1,5.6021
c1cnc(NCc2ccncc2)c(-c2nnc(-c3ccc4c(c3)OCO4)[nH]2)c1,5.6383
CS(=O)(=O)c1ccc(-c2nnc(-c3cccnc3NCC3COCCO3)[nH]2)cc1,5.3468
c1cnc(NCc2ccncc2)c(-c2nnc(Nc3ccc4c(c3)OCO4)o2)c1,5.7235
c1ccc(-c2nnc(Nc3ccc4c(c3)OCO4)o2)c(NCc2ccncc2)c1,6.0809
FC1(F)Oc2ccc(Nc3nnc(-c4cccnc4NCc4ccncc4)o3)cc2O1,5.5003
c1cncc(CCNc2ncccc2-c2nnc(Nc3ccc4c(c3)OCO4)o2)c1,5.4672
c1cnc(NCc2ccncc2)c(-c2nnc(Nc3ccc4c(c3)OCCO4)o2)c1,6.3848
c1ccc(-c2nnc(Nc3ccc4c(c3)OCCO4)o2)c(NCc2ccncc2)c1,6.8182
c1cnc(NCc2ccc3c(c2)OCO3)c(-c2nnc(Nc3ccc4c(c3)OCCO4)o2)c1,5.5850
c1cnc(NCc2cnc[nH]2)c(-c2nnc(Nc3ccc4c(c3)OCCO4)o2)c1,6.4384
c1cnc(NCc2ccc3[nH]ncc3c2)c(-c2nnc(Nc3ccc4c(c3)OCCO4)o2)c1,5.8539
c1cnc(NCc2ccc3ncccc3c2)c(-c2nnc(Nc3ccc4c(c3)OCCO4)o2)c1,6.5902
c1ccc(-c2nnc(Nc3ccc4c(c3)OCCO4)[nH]2)c(NCc2ccncc2)c1,5.2924
c1cncc(CNc2ccccc2-c2nnc(Nc3ccc4c(c3)OCCO4)[nH]2)c1,5.5238
c1ccc(-c2nnc(Nc3ccc4c(c3)OCCO4)[nH]2)c(NCc2cnc[nH]2)c1,5.3372
c1ccc(-c2nnc(Nc3ccc4c(c3)OCCO4)[nH]2)c(NCc2ccc3[nH]ncc3c2)c1,5.3227
c1ccc(-c2nnc(Nc3ccc4c(c3)OCCO4)[nH]2)c(NCc2ccc3ncccc3c2)c1,6.8239
CN(C)Cc1cc(C(=O)N[C@@H]2CCc3ccc(Oc4ccnc5c4CCC(=O)N5)cc3C2)cc(C(F)(F)F)c1,7.2291
CC(C)(N)c1cc(C(=O)N[C@@H]2CCc3ccc(Oc4ccnc5c4CCC(=O)N5)cc3C2)cc(C(F)(F)F)c1,8.2076
COCCN(c1ccnc(Nc2cc(N3CCOCC3)cc(N3CCOCC3)c2)n1)c1cc(CO)ccc1C,6.4089
COc1cncc(N(C)c2ccnc(Nc3cc(N4CCOCC4)cc(N4CCOCC4)c3)n2)c1,6.3665
COc1cccc(N(C)c2ccnc(Nc3cc(N4CCOCC4)cc(N4CCOCC4)c3)n2)n1,6.0048
Cc1ccc(C(C)O)cc1N(C)c1ccnc(Nc2cc(N3CCOCC3)cc(N3CCOCC3)c2)n1,6.2299
CN(c1ccc(Cl)c(CO)c1)c1ccnc(Nc2cc(N3CCOCC3)cc(N3CCOCC3)c2)n1,7.6576
Cc1ccc(CO)cc1N(C)c1ccnc(Nc2cc(N3CCOCC3)cc(N3CCOCC3)c2)n1,6.0872
COc1cc(CO)cc(N(C)c2ccnc(Nc3cc(N4CCOCC4)cc(N4CCOCC4)c3)n2)c1,6.7212
CN(c1cccc(CO)c1)c1ccnc(Nc2cc(N3CCOCC3)cc(N3CCOCC3)c2)n1,6.8508
COc1ccc(C)c(N(C)c2ccnc(Nc3cc(N4CCOCC4)cc(N4CCOCC4)c3)n2)c1,6.6364
Cc1ccc(C)c(N(C)c2ccnc(Nc3cc(N4CCOCC4)cc(N4CCOCC4)c3)n2)c1,6.0155
COc1cccc(N(C)c2ccnc(Nc3cc(N4CCOCC4)cc(N4CCOCC4)c3)n2)c1,7.0000
CN(c1cccc(Cl)c1)c1ccnc(Nc2cc(N3CCOCC3)cc(N3CCOCC3)c2)n1,7.5686
Cc1cccc(N(C)c2ccnc(Nc3cc(N4CCOCC4)cc(N4CCOCC4)c3)n2)c1,6.9393
Cc1ccccc1N(C)c1ccnc(Nc2cc(N3CCOCC3)cc(N3CCOCC3)c2)n1,7.0362
CN(c1ccccc1)c1ccnc(Nc2cc(N3CCOCC3)cc(N3CCOCC3)c2)n1,7.0269
COc1cc2ncnc(Oc3cccc(Br)c3)c2cc1OC,5.0088
COc1cc2ncnc(Oc3ccc(F)c(Cl)c3)c2cc1OC,5.0223
COc1cc2ncnc(Nc3ccc(Br)cc3F)c2cc1OC,5.7825
COc1cc2ncnc(Oc3ccc(Br)c(F)c3)c2cc1OC,6.2218
COC(=O)Nc1ccc(Nc2ncnc3cc(OC)c(OC)cc23)cc1,5.2366
COC(=O)Nc1ccc(Oc2ncnc3cc(OC)c(OC)cc23)cc1,6.1549
CCOC(=O)Nc1ccc(Nc2ncnc3cc(OC)c(OC)cc23)cc1,5.2518
CCOC(=O)Nc1ccc(Oc2ncnc3cc(OC)c(OC)cc23)cc1,6.2218
COc1cc2ncnc(Nc3ccc(NC(=O)Nc4ccccc4)cc3)c2cc1OC,5.2924
COc1cc2ncnc(Oc3ccc(NC(=O)Nc4ccccc4)cc3)c2cc1OC,7.2218
COc1ccc(NC(=O)Nc2ccc(Nc3ncnc4cc(OC)c(OC)cc34)cc2)cc1,5.2076
COc1cc2ncnc(Oc3cccc(NC(=O)Nc4ccccc4)c3)c2cc1OC,6.2218
COc1ccc(NC(=O)Nc2cccc(Oc3ncnc4cc(OC)c(OC)cc34)c2)cc1,6.2218
CCCCNC(=O)Nc1ccc(Oc2ncnc3cc(OC)c(OC)cc23)cc1,6.3979
COc1cc2ncnc(Oc3ccc(NC(=O)Nc4ccc(Br)cc4)cc3)c2cc1OC,7.3010
COc1cc2ncnc(Oc3ccc(NC(=O)Nc4ccc(F)cc4F)cc3)c2cc1OC,7.0458
COc1cc2ncnc(Oc3ccc(NC(=O)Nc4ccc(F)c(Cl)c4)cc3)c2cc1OC,7.3979
COc1cc2ncnc(Oc3ccc(NC(=O)Nc4ccc(C(F)(F)F)cc4)cc3)c2cc1OC,7.2218
COc1cc2ncnc(Oc3ccc(NC(=O)Nc4ccc(C)cc4)cc3)c2cc1OC,7.3010
COc1cc2ncnc(Oc3ccc(NC(=O)Nc4ccc5ccccc5c4)cc3)c2cc1OC,7.5229
COc1cc2ncnc(Oc3ccc(NC(=O)Nc4cccc5ccccc45)cc3)c2cc1OC,5.2596
COc1cc2ncnc(Oc3ccc(NC(=O)NC4CCCCC4)cc3)c2cc1OC,6.0000
COc1cc2ncnc(Nc3ccc(NC(=O)Nc4ccc(F)c(Cl)c4)cc3)c2cc1OC,5.3665
CC(=O)NC[C@H]1CC[C@H](c2nc(-c3cc4ccccc4[nH]3)c3c(N)nccn32)CC1,5.3757
N#CCNc1ncnc(-n2c(Nc3cccc(O)c3)nc3ccccc32)n1,4.3979
COc1cc(Nc2nccc(Nc3cnc4ccccc4c3)n2)cc(OC)c1OC,7.0269
c1ccc2ncc(Nc3ccnc(Nc4ccc(OCCCN5CCCCC5)cc4)n3)cc2c1,5.8633
CNc1cncc(-c2c[nH]c(=O)c(NC(=O)c3ccc(N4CCC[C@H]4CN4CCCC4)cc3)c2)n1,6.3665
CC1(C)c2cc(C3CCN(C4COC4)CC3)ccc2C(=O)c2c1[nH]c1cc(C#N)ccc21,7.0000
CNC(=O)c1ncc(C#Cc2cc(C(=O)Nc3ccc(CN4CCN(CCO)CC4)c(C(F)(F)F)c3)ccc2C)n1C,8.6383
CSc1cn2c(-c3cn[nH]c3)cnc2c(Nc2cc(C)ns2)n1,7.4437
CN(C[C@@H]1COCCO1)S(=O)(=O)Nc1ccc2ccc3ncc(-c4cnn(C)c4)cc3c(=O)c2c1,7.3565
Cc1cccc(S(=O)(=O)Nc2cccc(-c3cc(NC(=O)c4ccc(N5CCN(C)CC5)cc4)[nH]n3)c2)c1,7.1549
COc1ccc(S(=O)(=O)Nc2cccc(-c3cc(NC(=O)c4ccc(N5CCN(C)CC5)cc4)[nH]n3)c2)cc1,6.7959
CCCS(=O)(=O)Nc1cccc(-c2cc(NC(=O)c3ccc(N4CCN(C)CC4)cc3)[nH]n2)c1,5.5654
CN1CCN(c2cccc(C(=O)Nc3cc(-c4cccc(NS(=O)(=O)c5ccccc5)c4)n[nH]3)c2)CC1,6.3872
O=C(Nc1cc(-c2cccc(NS(=O)(=O)c3ccccc3)c2)n[nH]1)c1ccc(N2CCOCC2)cc1,6.3468
O=C(Nc1cc(-c2cccc(NS(=O)(=O)c3ccccc3)c2)n[nH]1)c1ccc(OCCN2CCCC2)cc1,6.6990
O=C(Nc1cc(-c2cccc(NS(=O)(=O)c3ccccc3)c2)n[nH]1)c1ccc(CN2CCOCC2)cc1,6.2518
Cc1nc(Nc2cc(-c3cccc(NS(=O)(=O)c4ccccc4)c3)n[nH]2)cc(N2CCN(C)CC2)n1,6.5376
Cc1nc(Nc2cc(-c3cccc(NS(=O)(=O)c4ccccc4)c3)n[nH]2)cc(N2CCN(CCO)CC2)n1,6.8539
CN1CCN(c2ccc(C(=O)Nc3cc(-c4cccc(NS(=O)(=O)c5ccccc5)c4)n[nH]3)cc2)CC1,6.8861
CN1CCN(c2ccc(C(=O)Nc3cc(-c4cccc(NS(=O)(=O)c5cccc(Cl)c5)c4)n[nH]3)cc2)CC1,6.6021
Cc1cc(O)cc2oc3cc(O)cc(O)c3c(=O)c12,4.9318
Cc1c(O)c(O)cc2oc3cc(O)cc(O)c3c(=O)c12,6.0969
C#Cc1cc2c(cc1N1CCN(C3COC3)CC1)C(C)(C)c1[nH]c3cc(C#N)ccc3c1C2=O,6.3420
Cc1cc2c(cc1N1CCN(C3COC3)CC1)C(C)(C)c1[nH]c3cc(C#N)ccc3c1C2=O,7.2161
CC1(C)c2cc(N3CCN(C4COC4)CC3)ccc2C(=O)c2c1[nH]c1cc(C#N)ccc21,6.8633
CCN1CCN(c2ccc(Nc3cc(N(C)C(=O)Nc4c(Cl)c(OC)cc(OC)c4Cl)ncn3)cc2)CC1.O=P(O)(O)O,6.0278
CN(C)CC(=O)N1CCC(c2ccc(NC(=O)c3nc(C#N)c[nH]3)c(C3=CCCCC3)c2)CC1.Cl,6.3372
COc1cc(Oc2ccnc3cc(OC)c(OC)cc23)ccc1NC(=O)NC(C)c1nccs1,7.7447
CCCS(=O)(=O)Nc1ccc(F)c(C(=O)c2c[nH]c3ncc(Cl)cc23)c1F,5.6580
Cc1cnc(Nc2ccc(OCCN3CCCC3)cc2)nc1Nc1cccc(S(=O)(=O)NC(C)(C)C)c1,5.2840
COc1cc2c(Oc3ccc(NC(=O)C4(C(=O)Nc5ccc(F)cc5)CC4)cc3F)ccnc2cc1OCCCN1CCOCC1,8.3165
O=C(c1ccc(/C=C/c2n[nH]c3ccccc23)cc1)N1CCNCC1,6.9208
COc1cc(Nc2ncc(F)c(Nc3ccc4c(n3)NC(=O)C(C)(C)O4)n2)cc(OC)c1OC,7.5229
CSc1cccc(Nc2ncc3cc(-c4c(Cl)cccc4Cl)c(=O)n(C)c3n2)c1,6.1612
Oc1ccc(-c2ccc3c(-c4ccc(N5CCNCC5)cc4)n[nH]c3n2)cc1,7.7447
Oc1ccc(-c2ccc3c(-c4ccc(N5CCNCC5)cc4)c[nH]c3n2)cc1,5.3224
O=C(Nc1ccc(OC(F)(F)F)cc1)c1sccc1NCc1ccnc2ccccc12,8.0458
Cc1[nH]c(/C=C2\C(=O)Nc3ccncc32)c(C)c1C(=O)NCCN(C)C,7.2218
CCN(CC)CCNC(=O)c1ccc(/C=C2\C(=O)Nc3ccc(F)cc32)[nH]c1=O.Cl,7.8239
CCc1cccc2c(/C=C3\C(=O)Nc4ccc(F)cc43)c[nH]c12,5.1818
CNc1nc2[nH]c(-c3cccc(CNC(=O)COC)n3)cc2c2c1ncn2C,5.8268
Cc1ccc(O)cc1CC[C@@H]1[C@@H](O)CC[C@]2(C)[C@@H]([C@H](C)/C=C/CC(C)C)CC[C@@H]12,5.3054
Cc1ccc(O)cc1CC[C@@H]1C(=O)CC[C@]2(C)[C@@H]([C@H](C)/C=C/CC(C)C)CC[C@@H]12,5.3372
C=C(CC[C@@H](C)[C@H]1CC[C@H]2[C@H](CCc3cc(O)ccc3C)C(=O)CC[C@]12C)C(C)C,5.3143
Cc1ccc(O)cc1CC[C@@H]1C(=O)CC[C@]2(C)[C@@H]([C@H](C)CCCC(C)C)CC[C@@H]12,5.2211
Cc1ccc(O)cc1CC[C@@H]1[C@H](O)CC[C@]2(C)[C@@H]([C@H](C)CCCC(C)C)CC[C@@H]12,5.3615
Cc1ccccc1Cc1cc2c(Nc3ccc(Cl)cc3F)nc(N)nc2[nH]1,5.2941
Cc1ccccc1Cc1cc2c(Nc3ccc(Cl)cc3)nc(N)nc2[nH]1,6.3188
Nc1nc(Nc2ccc(Cl)cc2F)c2cc(Cc3cccc4ccccc34)[nH]c2n1,4.4935
Nc1nc(Nc2ccc(Cl)cc2)c2cc(Cc3cccc4ccccc34)[nH]c2n1,6.2076
COc1ccc(OC)c(Cc2cc3c(Nc4ccc(Cl)cc4F)nc(N)nc3[nH]2)c1,7.0000
COc1ccc(OC)c(Cc2cc3c(Nc4ccc(Cl)cc4)nc(N)nc3[nH]2)c1,4.2464
C[C@@H]1CCC(N2CC[C@]3(CN(C(=O)c4cc5ccc(F)cc5[nH]4)c4ccccc43)C2)CN1,4.6596
CN1CCC(COc2ccc3c(Nc4ccc(CC(=O)Nc5ccc(Cl)c(C(F)(F)F)c5)cc4)ncnc3c2)CC1,7.0605
CN1CCC(COc2ccc3c(Nc4ccc(CC(=O)Nc5cccc(F)c5)cc4)ncnc3c2)CC1,7.1871
CN1CCC(COc2ccc3c(Nc4ccc(CC(=O)Nc5ccc(F)c(F)c5)cc4)ncnc3c2)CC1,7.1367
CCNC(=O)Nc1ccc(Nc2ncnc3cc(OCC4CCN(C)CC4)ccc23)cc1,6.9788
CN1CCC(COc2ccc3c(Nc4ccc(NC(=O)NC5CC5)cc4)ncnc3c2)CC1,7.0088
CN1CCC(COc2ccc3c(Nc4ccc(NC(=O)NC5CCCCC5)cc4)ncnc3c2)CC1,6.6253
CN1CCC(COc2ccc3c(Nc4ccc(NC(=O)Nc5ccc(Cl)c(C(F)(F)F)c5)cc4)ncnc3c2)CC1,7.6383
CN1CCC(COc2ccc3c(Nc4ccc(NC(=O)Nc5cccc(F)c5)cc4)ncnc3c2)CC1,8.2596
CN1CCC(COc2ccc3c(Nc4ccc(NC(=O)Nc5ccc(F)c(F)c5)cc4)ncnc3c2)CC1,7.6021
Cc1ccc(NC(=O)Nc2ccc(Nc3ncnc4cc(OCC5CCN(C)CC5)ccc34)cc2)cc1Br,7.3468
CN1CCC(COc2ccc3c(Nc4ccc(NC(=O)Nc5ccc(Br)cc5F)cc4)ncnc3c2)CC1,7.3010
CN1CCC(COc2ccc3c(Nc4ccc(NC(=O)Nc5cccc(F)c5)c(F)c4)ncnc3c2)CC1,7.8239
CN1CCC(COc2ccc3c(Nc4ccc(NC(=O)Nc5cccc(F)c5)c(Cl)c4)ncnc3c2)CC1,7.7696
COc1cc2c(Nc3ccc(NC(=O)Nc4cccc(F)c4)cc3)ncnc2cc1OCC1CCN(C)CC1,7.7959
COc1cc2c(Nc3ccc(NC(=O)Nc4cccc(F)c4)c(F)c3)ncnc2cc1OCC1CCN(C)CC1,7.7696
Cc1cc2c(cc1N1CCC(N3CCOCC3)CC1)C(C)(C)c1[nH]c3cc(C#N)ccc3c1C2=O,6.7305
CC1(C)c2cc(N3CCC(N4CCOCC4)CC3)ccc2C(=O)c2c1[nH]c1cc(C#N)ccc21,6.1198
CCc1cc2c(cc1N1CCC(N3CCOCC3)CC1)C(C)(C)c1[nH]c3cc(C#N)ccc3c1C2=O,5.8539
CCc1cc2c(cc1N1CCN(C3CCC3)CC1)C(C)(C)c1[nH]c3cc(C#N)ccc3c1C2=O,5.5053
CCc1cc2c(cc1N1CCN(C3CC3)CC1)C(C)(C)c1[nH]c3cc(C#N)ccc3c1C2=O,5.3757
CC1(C)c2ccc(C3CCN(C4COC4)CC3)cc2C(=O)c2c1[nH]c1cc(C#N)ccc21,5.5984
CC1(C)c2ccc(C3CCN(C4CC4)CC3)cc2C(=O)c2c1[nH]c1cc(C#N)ccc21,6.0545
Cc1ccc2nc(Cl)c(/C=C/C(=O)c3ccsc3)cc2c1,6.5417
Cc1ccc2nc(Cl)c(/C=C/C(=O)c3sccc3C)cc2c1,6.7339
Cc1csc(C(=O)/C=C/c2cc3cc(C)ccc3nc2Cl)c1,6.7717
Cc1ccc2nc(Cl)c(/C=C/C(=O)c3ccc(C)s3)cc2c1,6.7539
Cc1ccc2nc(Cl)c(/C=C/C(=O)c3cc(C)sc3C)cc2c1,6.3435
Cc1ccc2nc(Cl)c(/C=C/C(=O)c3sccc3Cl)cc2c1,7.0599
Cc1ccc2nc(Cl)c(/C=C/C(=O)c3ccc(Cl)s3)cc2c1,6.9697
Cc1ccc2nc(Cl)c(/C=C/C(=O)c3cc(Cl)sc3Cl)cc2c1,7.0892
Cc1ccc2nc(Cl)c(/C=C/C(=O)c3sccc3Br)cc2c1,6.8885
Cc1ccc2nc(Cl)c(/C=C/C(=O)c3ccc(Br)s3)cc2c1,6.9488
Cc1ccc2nc(Cl)c(/C=C/C(=O)c3ccc(I)s3)cc2c1,6.8117
Cc1ccc2cc(/C=C/C(=O)c3ccsc3)c(Cl)nc2c1,6.6830
Cc1ccc2cc(/C=C/C(=O)c3sccc3C)c(Cl)nc2c1,6.8035
Cc1csc(C(=O)/C=C/c2cc3ccc(C)cc3nc2Cl)c1,6.8559
Cc1ccc2cc(/C=C/C(=O)c3ccc(C)s3)c(Cl)nc2c1,6.8876
Cc1ccc2cc(/C=C/C(=O)c3cc(C)sc3C)c(Cl)nc2c1,6.2508
Cc1ccc2cc(/C=C/C(=O)c3sccc3Cl)c(Cl)nc2c1,7.0824
Cc1ccc2cc(/C=C/C(=O)c3ccc(Cl)s3)c(Cl)nc2c1,7.0351
Cc1ccc2cc(/C=C/C(=O)c3cc(Cl)sc3Cl)c(Cl)nc2c1,7.1342
Cc1ccc2cc(/C=C/C(=O)c3sccc3Br)c(Cl)nc2c1,6.9498
Cc1ccc2cc(/C=C/C(=O)c3ccc(Br)s3)c(Cl)nc2c1,6.9837
Cc1ccc2cc(/C=C/C(=O)c3ccc(I)s3)c(Cl)nc2c1,6.8288
Cc1cccc2cc(/C=C/C(=O)c3ccsc3)c(Cl)nc12,6.4099
Cc1ccsc1C(=O)/C=C/c1cc2cccc(C)c2nc1Cl,6.5730
Cc1csc(C(=O)/C=C/c2cc3cccc(C)c3nc2Cl)c1,6.6331
Cc1ccc(C(=O)/C=C/c2cc3cccc(C)c3nc2Cl)s1,6.5819
Cc1cccc2cc(/C=C/C(=O)c3sccc3Cl)c(Cl)nc12,6.8875
Cc1cccc2cc(/C=C/C(=O)c3ccc(Cl)s3)c(Cl)nc12,6.7234
Cc1cccc2cc(/C=C/C(=O)c3cc(Cl)sc3Cl)c(Cl)nc12,6.4463
Cc1cccc2cc(/C=C/C(=O)c3sccc3Br)c(Cl)nc12,6.5045
Cc1cccc2cc(/C=C/C(=O)c3ccc(Br)s3)c(Cl)nc12,6.4350
Cc1cccc2cc(/C=C/C(=O)c3ccc(I)s3)c(Cl)nc12,6.3170
Cn1c2c(c3ccc(Cl)c(Cl)c31)C(C#N)C1(CCNCC1)NC2=O,5.1427
Cc1ncc(CCCN(C)C)cc1Nc1ncc2c(n1)-c1ccc(Cl)cc1NC(=S)C2,6.8861
CN(C)CCCc1cncc(Nc2ncc3c(n2)-c2ccc(Cl)cc2NC(=S)C3)c1,7.9586
CN(C)CCCc1cc(Nc2ncc3c(n2)-c2ccc(Cl)cc2NC(=S)C3)ccc1C(F)(F)F,7.2924
COc1ccc(Nc2ncc3c(n2)-c2ccc(Cl)cc2NC(=S)C3)cc1CCCN(C)C,9.0000
CN(C)CCCc1cc(Nc2ncc3c(n2)-c2ccc(Cl)cc2NC(=S)C3)ccc1F,7.6778
CC(C)c1ccc(CCCN(C)C)cc1Nc1ncc2c(n1)-c1ccc(Cl)cc1NC(=S)C2,5.8539
CN(C)CCCc1ccc(C(F)(F)F)c(Nc2ncc3c(n2)-c2ccc(Cl)cc2NC(=S)C3)c1,6.5086
CN(C)CCCc1ccc(OC(F)(F)F)c(Nc2ncc3c(n2)-c2ccc(Cl)cc2NC(=S)C3)c1,6.7212
COc1ccc(CCCN(C)C)cc1Nc1ncc2c(n1)-c1ccc(Cl)cc1NC(=S)C2,7.2676
CN(C)CCCc1ccc(Cl)c(Nc2ncc3c(n2)-c2ccc(Cl)cc2NC(=S)C3)c1,7.2518
Cc1ccc(CCCN(C)C)cc1Nc1ncc2c(n1)-c1ccc(Cl)cc1NC(=S)C2,8.0000
CN(C)CCCc1cccc(Nc2ncc3c(n2)-c2ccc(Cl)cc2NC(=S)C3)c1,8.0000
Cn1c(Nc2ccc(C(F)(F)F)cc2)nc2ccc(Oc3ccnc(-c4cnc(C(F)(F)F)[nH]4)c3)cc21,7.5229
COc1ccc(N2Cc3cnc(Nc4ccccc4)nc3N([C@@H]3CC[C@@H](O)C3)C2=O)cc1,7.6387
COc1ccc(N2Cc3cnc(Nc4ccccc4)nc3N([C@H]3CC[C@H](O)C3)C2=O)cc1,7.8239
COc1cc(Cc2cc3c(Nc4cccc(Br)c4)nc(N)nc3[nH]2)cc(OC)c1OC,5.0259
Nc1nc(Nc2cccc(Br)c2)c2cc(Cc3ccc(Cl)cc3)[nH]c2n1,5.0820
Nc1nc(Nc2cccc(Br)c2)c2cc(Cc3ccc(-c4ccccc4)cc3)[nH]c2n1,5.2240
Cc1ccccc1Cn1ccc2c(Nc3cccc(Br)c3)nc(N)nc21,3.9454
Nc1nc(Nc2cccc(Br)c2)c2ccn(Cc3ccc(Cl)cc3)c2n1,4.1851
Nc1nc(Nc2cccc(Br)c2)c2ccn(Cc3ccc(Cl)c(Cl)c3)c2n1,4.1904
COc1cc(Cn2ccc3c(Nc4cccc(Br)c4)nc(N)nc32)cc(OC)c1OC,4.5901
Nc1nc(Nc2cccc(Br)c2)c2ccn(Cc3ccccc3)c2n1,4.6234
Nc1nc(Nc2cccc(Br)c2)c2ccn(Cc3ccc(-c4ccccc4)cc3)c2n1,4.6402
Nc1nc(Nc2cccc(Br)c2)c2ccn(Cc3ccc4ccccc4c3)c2n1,4.6402
Nc1nc(Nc2cccc(Br)c2)c2ccn(Cc3ccccc3Cl)c2n1,4.7471
Nc1nc(Nc2cccc(Br)c2)c2ccn(Cc3cccc4ccccc34)c2n1,4.8268
Nc1nc(Nc2ccc([C@H]3CC[C@H](N4CCOCC4)CC3)cc2)nn1-c1ccccn1,7.0706
O=c1oc2c(O)c(O)cc3c(=O)oc4c(O)c(O)cc1c4c23,6.1024
CC(C)(c1cc(Br)c(O)c(I)c1)c1cc(Br)c(O)c(I)c1,6.1000
CN(C)CC(O)COc1ccc(Nc2nccc(Nc3cc(Cl)ccc3Cl)n2)cc1,5.8000
O=C(Nc1cnccn1)Nc1ccnc2ccccc12,5.5000
Cc1cc(C)cc(NC(=O)Nc2ccc(-c3cccc4snc(N)c34)cc2)c1,6.4000
COc1ccc(Nc2nccc(Nc3c(NC(C)C(C)(C)C)c(=O)c3=O)n2)cc1OC,6.8000
Nc1n[nH]c2c(-c3ccccc3)cccc12,4.3000
Cc1cccc(NC(=O)Nc2ccc(-c3csc4c(C#CCCCCCCCCN)cnc(N)c34)cc2)c1,8.4000
Cn1cc(-c2cc3nc(Br)cnc3[nH]2)c2ccccc21,5.9000
c1ccc(Cc2cc(-c3ccc4[nH]ncc4c3)on2)cc1,5.6000
COc1cc(C=C2SC(=Nc3ccccc3)NC2=O)ccc1O,5.1000
O=C(Cc1ccccc1)Nc1cccc(-c2nc3sccn3c2-c2ccnc(Nc3ccccc3Cl)n2)c1,6.3000
COc1ccccc1-c1ccnc(Nc2cccc(S(C)(=O)=O)c2)n1,6.0000
COc1cccc(Nc2ncnc3ccccc23)c1,4.9000
Nc1ncnc2sc3c(c12)-c1ccc(NC(=O)Nc2ccccc2)cc1CC3,6.3000
O=C1Nc2ccccc2C1=Cc1ccc[nH]1,6.9500
Cc1cccc(NC(=O)Nc2ccc(-c3csc4c(C#Cc5cccnc5)cnc(N)c34)cc2)c1,8.1000
Cc1ccc(F)c(NC(=O)Nc2ccc(-c3c(F)ccc4[nH]nc(N)c34)cc2)c1,8.1000
CC(=O)NCC(=O)N1C2CCC1c1cc(Nc3ncc(C(F)(F)F)c(NC4CCC4)n3)ccc12,7.8000
Nc1ccc(-c2csc3c(C=Cc4nc5ccccc5[nH]4)cnc(N)c23)cc1,7.3000
Nc1ncnc2scc(-c3ccccc3)c12,5.5000
O=c1[nH][nH]c2ccc(Br)cc12,4.2000
COc1ccc2[nH]cc(C=C3C(=O)Nc4ccccc43)c2c1,5.6000
NC(=O)c1cc2c(-c3ccc(Nc4nc5ccccc5o4)cc3)cnc(N)c2s1,5.9000
COc1ccc2c(NC(=O)Nc3cccc(C(F)(F)F)n3)ccnc2c1,6.9000
Nc1ncnc2c1c(-c1cccc(OCc3ccccc3)c1)cn2C1CCC(N2CCCC2)CC1,5.6000
Cc1cccc(NC(=O)Nc2ccc(-c3coc4ncnc(N)c34)cc2)c1,8.3000
CNc1ncnc2c1N=C(c1ccc(NC(=O)Nc3cccc(C(F)(F)F)c3)cc1)CCN2,7.1000
NC(COc1cncc(-c2ccc3cnccc3c2)c1)Cc1c[nH]c2ccccc12,5.9000
CC(C)Oc1cc(Nc2nc(NC(C)c3ccc(F)cn3)ncc2Cl)n[nH]1,6.3000
NC(=O)c1cn(-c2ccc(O)cc2Cl)c2cc(-c3ccncc3)ccc2c1=O,5.2000
CN(C)C1CCC(Nc2nc(Cl)cc(-c3c[nH]c4ncccc34)n2)CC1,5.9000
CC(C)(CO)c1nnc2ccc(-c3c(-c4ccc(F)cc4F)nc4n3CCC4)nn12,5.2000
COC(=O)c1c(N)nc2ccccn12,4.6000
CC(C)NC1=NNC(=O)C1=Cc1cc2ccccc2[nH]1,6.7000
OCCCNc1ncnc2[nH]cc(-c3ccccc3)c12,5.4000
COc1ccc2c(NC(=O)Nc3cc(C(F)(F)F)ccn3)ccnc2c1,6.5000
COCCOC1CCC(n2nc(-c3ccc(Nc4nc5cc(C)cc(C)c5o4)cc3)c3c(N)ncnc32)CC1,8.1000
Nc1ncnc2c1c(I)nn2C1CCC(O)CC1,5.8000
COc1ccc(C=NNc2ncnc3c2[nH]c2ccccc23)cc1OC,5.8000
CC(C)(C)c1ccc2nc(-c3n[nH]c4ccccc34)[nH]c2c1,6.6000
c1ccc(-c2ccnc3[nH]ccc23)cc1,6.7000
Cc1nn(C)c2sc(C(N)=O)c(N)c12,4.3000
CNCC#Cc1cnc(N)c2c(-c3ccc(NC(=O)Nc4cccc(C)c4)cc3)csc12,8.3000
ON=C(c1nc2ccccc2[nH]1)c1nc2ccccc2[nH]1,5.8000
CC(C)Cc1cc(-c2ccc3[nH]nc(N)c3c2)on1,5.7000
CC(=O)c1cccc(-c2cnc3[nH]ccc3c2)c1,6.1000
Nc1nc(=O)[nH]c2sccc12,4.2000
CN(c1ncccc1CNc1nc(Nc2ccc3c(c2)CC(=O)N3)ncc1C(F)(F)F)S(C)(=O)=O,6.4000
Cc1ccc(NC(=O)Nc2ccc(NC(=O)c3csc4ncnc(N)c34)cc2)cc1,5.1000
CCC(N)(C#Cc1cnc(N)c2c(-c3ccc(NC(=O)Nc4cccc(C)c4)cc3)csc12)CC,7.5000
COc1ccc(-n2ccc3cnc(Nc4cc(OC)c(OC)c(OC)c4)nc32)cc1,7.1000
Nc1ncc2cccc(-c3ccccc3)n12,4.5000
Nc1n[nH]c2cccc(-c3ccc(NC(=O)Nc4cccc(C(F)(F)F)c4)c(F)c3)c12,9.1000
c1ccc(C2CCc3[nH]ncc3C2)cc1,4.4000
COc1cc(-c2csc3c(C=CC(=O)NCCN(C)C)cnc(N)c23)ccc1NC(=O)c1cc2ccccc2n1C,6.3000
NC(=O)Cn1cc(-c2cc(-c3cc4ccccc4s3)c3[nH]ncc3c2)c2nc(N)ncc21,5.9000
Cc1cc(NC(=O)Nc2ccc(-c3cccc4[nH]nc(N)c34)c(F)c2)ccc1F,8.5000
NC(=O)c1cccc2[nH]c(-c3ccc(N4CCN(Cc5ccccc5)CC4)nc3)nc12,5.7000
CCOc1ccc(-c2nc3sccn3c2-c2ccnc(Nc3cccc(N4CCOCC4)c3)n2)cc1NC(=O)Cc1ccccc1,7.2000
COc1cccc(OC)c1CNc1nc(NC2CCCCC2)nc2ccc(Cl)cc12,9.0000
O=C1Nc2ccccc2Nc2nnc(I)cc21,5.7000
COc1cc(-c2ccc3c(c2)Nc2ccc(C(=O)NCCCN(C)C)cc2NC3=O)ccc1O,6.3000
COc1ccc(-c2ccc(NC(=O)Nc3cc(F)cc(F)c3)cc2)c2c(N)noc12,6.9000
Cc1ccc(-c2ccc(NC(=O)Nc3cccc(Br)c3)cc2)c2c(N)n[nH]c12,7.7001
NC(=O)c1ccc(-c2c[nH]c3nccc(Cl)c23)cc1,6.4000
Cc1cccc(NC(=O)Nc2ccc(-c3csc4c(-c5cn[nH]c5)cnc(N)c34)cc2)c1,8.5808
CCc1nc(Nc2ccc(N3CCOCC3)c(Cl)c2)nc2[nH]ccc12,7.0000
CNC(=O)N1CCN(CCCOc2ccc3c(c2)-c2[nH]nc(-c4ccc(C#N)nc4)c2C3)CC1,5.7000
COc1cc(C=C(C#N)c2nc3ccccc3[nH]2)c(Br)cc1O,5.7000
Cc1cnc(Nc2cccc(S(N)(=O)=O)c2)nc1Nc1ccc(OCC(N)=O)cc1,7.0000
CCN1CCN(c2ccc(Nc3nccc(-c4c(-c5cccc(C(=O)Nc6ccccc6F)c5)nc5ccccn45)n3)cc2)CC1,7.8000
Cc1ccc(-c2cc3nc(Br)cnc3[nH]2)cc1,5.9000
COc1ccc(NC(=O)Nc2ccc(-c3csc4c(-c5cnn(CC(O)CO)c5)cnc(N)c34)cc2)cc1,8.9000
Cc1cc(=O)[nH]nc1-c1ccc(NC(=O)Nc2cc(C(F)(F)F)ccc2F)c(Cl)c1,6.5000
COc1cccc(C(C)NC(=O)N2CC=C(c3c[nH]c4ncccc34)CC2)c1,5.7000
CCNc1nc(C)c(-c2ccnc(Nc3ccc(N4CCN(C(C)=O)CC4)cc3)n2)s1,7.6000
c1ccc(Nc2nc(-c3ccc4[nH]ncc4c3)cs2)cc1,5.5000
CCS(=O)(=O)c1ccc(-c2ccc(-c3n[nH]c4c3Cc3cc(O)c(OC)cc3-4)cc2)cc1,5.9000
Cc1cccc(NC(=O)Nc2ccc(-c3csc4c(-c5cnn(CCO)c5)cnc(N)c34)cc2F)c1,9.0000
Cc1cc(C)c(C=C2C(=O)Nc3ccccc32)[nH]1,7.0000
COc1cccc(S(=O)(=O)Nc2ccc3c(c2)C(=NO)c2ccccc2-3)c1,5.7500
Fc1cccc(CNc2ncnc3[nH]cnc23)c1,4.6000
c1ccc(Cn2nnc(-c3ccc4[nH]ncc4c3)c2C2CC2)cc1,5.1000
CN1CCN(c2ccc(-c3cnc4c(c3)N(Cc3cc(Cl)ccc3C(F)(F)F)CCN4)cn2)CC1,6.6000
Cn1cc(C=C2C(=O)Nc3cccnc32)c2ccccc21,6.6000
NC(COc1cncc(-c2ccc3c(c2)C(=Cc2ccco2)C(=O)N3)c1)Cc1c[nH]c2ccccc12,6.4000
Cc1ccccc1NC(=O)Nc1ccc(-c2coc3ncnc(N)c23)cc1,6.5000
OC1CCN(c2ncnc3[nH]cc(-c4ccccc4)c23)CC1,6.0000
Cc1cc(Nc2ncc(F)c(NC3C4C=CC(C4)C3C(N)=O)n2)ccc1N1CCN(C)CC1,8.1000
Cc1n[nH]c2c1c(=O)n(C)c1ccccc21,6.2000
CCC1CC(NS(=O)(=O)C2CC2)CC1c1ncc2cnc3[nH]ccc3n12,6.0000
O=c1[nH]c2cnc(-n3cnc4ccc(F)cc43)nc2n1C1CCOc2c(F)cccc21,5.9000
O=C(Nc1ccc(-n2cnc3ccccc32)cc1)Nc1cccc(C(F)(F)F)c1,8.5000
CS(=O)(=O)Nc1ccc2c(c1)C(=NO)c1ccccc1-2,6.1000
CC(=O)c1c(-c2ccccc2)nn(C)c(=O)c1N,4.7000
Cc1ccc(-c2cnc(N)c3c(-c4ccc(NC(=O)Nc5cccc(F)c5)cc4)csc23)cn1,8.3000
Cc1ccccc1Nc1nccc(-c2c(-c3cccc(NC(=O)c4ccccc4)c3)nc3sccn23)n1,7.3000
Nc1ncnc(Nc2cc(CNC(=O)C(F)(F)F)c(O)c(-c3ccc(Cl)cc3)c2)n1,5.2000
O=C(NN=Cc1ccc(O)cc1O)Nc1cccc2nsnc12,5.9000
Cc1cc(C)cc(NC(=O)Nc2ccc(-c3cccc4sncc34)cc2)c1,6.5000
O=c1c(NCCc2ccc(Oc3ccccc3)cc2)c(Nc2ccncc2)c1=O,6.1000
CNC(=O)C=Cc1cnc(N)c2c(-c3ccc4sc(C)nc4c3)csc12,8.2000
COc1cc2ncn(-c3cc(OCc4ccccc4C(F)(F)F)c(C(=O)O)s3)c2cc1OC,6.8000
Nc1n[nH]c2c(OCCCn3cccc3)ccc(-c3ccc(NC(=O)Nc4cccc(Cl)c4)cc3)c12,7.8000
c1cc2c(s1)CCc1cn[nH]c1-2,4.3000
Cc1cc(-c2ncnc3[nH]ccc23)ccc1F,6.0000
CC(=O)N1CCN(C2CCC(n3nc(-c4ccc(NC(=O)c5cc6ccccc6n5C)cc4)c4c(N)ncnc43)CC2)CC1,5.4000
NC(=O)c1cc2c(-c3ccccc3)cncc2s1,5.7000
CNC(=O)c1ccccc1Sc1ccc2c(C=Cc3ccccn3)n[nH]c2c1,8.4000
NCCC(C(=O)Nc1ccc2[nH]ncc2c1)c1ccc(Cl)c(Cl)c1,5.9000
Nc1ncnc2c1C(=O)NCCN2,4.9000
CCN(CC)CCCNC(=O)c1cnc(N)c2c(-c3ccc(NC(=O)Nc4cccc(F)c4)cc3)csc12,8.9000
Cc1cc(C)c2oc(Nc3ccc(-c4cccc(C(N)=O)c4N)cc3F)nc2c1,7.0000
CCN(CC)CCNC(=O)c1c(C)[nH]c(C=C2C(=O)Nc3ccc(F)cc32)c1C,7.9000
Cn1nc(N)c2c(-c3ccc(NC(=O)Nc4cccc(C(F)(F)F)c4)cc3)ccnc21,9.2000
OC1CCC(Nc2nc(Cl)cc(-c3c[nH]c4ncccc34)n2)CC1,6.6000
CN1CCN(c2ccc(Nc3ncc(Cl)c(Nc4ccc5[nH]ncc5c4)n3)cc2)CC1,7.9000
COc1cc(C=C(C#N)c2nc3cc(C)ccc3[nH]2)c(Br)cc1O,5.7000
COc1cc(Nc2ncnc(Nc3cc[nH]n3)n2)cc(OC)c1OC,5.4000
O=C(NN=Cc1cc(Br)c(O)c(Br)c1)Nc1ccccc1,6.7000
NC(=O)c1cccc2[nH]c(-c3ccc(-n4ccc(CN5CCCCC5)c4)cc3)nc12,5.7000
Cn1c2ccccc2c2c3c(c4c5ccccc5n(CCC#N)c4c21)CNC3=O,6.9000
COC(C(=O)N1Cc2[nH]nc(NC(=O)c3ccc(N4CCN(C)CC4)cc3)c2C1)c1ccccc1,7.0000
O=C1Cc2cc(-c3ccccc3)cnc2N1,4.5000
COc1ccc(-c2ccc(NC(=O)Nc3ccc(F)c(C)c3)cc2)c2c(N)noc12,7.0000
Nc1ncc(-c2ccncc2)c2scc(-c3ccc(NC(=O)Nc4cc(C(F)(F)F)ccc4F)cc3)c12,7.9000
Nc1ncc(C=CC(=O)NCCCn2ccnc2)c2scc(-c3ccc(Br)cc3)c12,7.9000
Cc1ccc(Nc2nc3ccc([N+](=O)[O-])cc3[nH]2)nc1,6.6000
O=C(Nc1cnccn1)Nc1ccnc2ccc(C(F)(F)F)cc12,5.2000
Cc1cc(Nc2cc(N3CCN(C)CC3)nc(C=Cc3ccccc3)n2)n[nH]1,7.5000
O=C(Nc1ccc(-c2cccc3sncc23)cc1)Nc1ccc(F)c(C(F)(F)F)c1,6.6000
CN1CCN(c2cccc(Nc3nccc(-c4c(C(N)=O)nc5ccccn45)n3)c2)CC1,5.9000
O=C(NCc1ccccc1)c1cccc(-c2cnc3[nH]ccc3c2)c1,6.0000
Nc1ncc(-c2ccoc2)c2scc(-c3ccc(NC(=O)Nc4cccc(F)c4)cc3)c12,7.7001
O=C(Nc1n[nH]c2ccc(-c3cn(Cc4ccccc4)nn3)cc12)c1cccc(F)c1,5.4000
NC(COc1cncc(-c2cc3ccncc3s2)c1)Cc1c[nH]c2ccccc12,6.1000
O=S(=O)(Nc1ccc2c(c1)C(=NO)c1ccccc1-2)c1cccc(Cl)c1,5.5000
Cc1n[nH]c2ccc(-c3cccnc3)cc12,5.2000
CN(C)c1c(NC(=O)c2c(F)cccc2F)cccc1-c1nc2sccn2c1-c1ccnc(Nc2cccc(N3CCOCC3)c2)n1,5.7000
COc1cc(Nc2ncc(C(F)(F)F)c(OC)n2)cc(OC)c1OC,6.2000
CC(C)(C)NC(=O)c1ccc2nc3[nH]c4ccccc4c3nc2c1,5.4000
CN1CCN(CCCNc2cccc(-c3nc4c(C(N)=O)cccc4[nH]3)n2)CC1,5.1000
CC(C)OC1=NNC(=O)C1=Cc1c[nH]c2ccccc12,6.3000
CN(C)c1ccc(-c2cc(-c3ccc([N+](=O)[O-])cc3)nc(NS(=O)(=O)c3ccc(N)cc3)n2)cc1,5.7000
CN1CCN(C2CCC(n3cc(-c4ccc(Oc5ccccc5)cc4)c4c(N)ncnc43)CC2)CC1,7.5000
Nc1nccc2scc(-c3ccc(NC(=O)Nc4ccccc4C(F)(F)F)cc3)c12,6.0000
COc1ccc2c(NC(=O)Nc3cccc(Br)n3)ccnc2c1,7.6000
O=C(Nc1nc2ccccc2s1)c1cccc2c1CN(c1nc(C(=O)O)c(-c3ccc(CO)cc3)s1)CC2,5.7000
O=C(O)c1ccccc1Nc1ccnc(Nc2cccc(O)c2)n1,6.3000
CNS(=O)(=O)c1ccccc1Nc1nc(Nc2cc(OC)c(OC)c(OC)c2)ncc1Cl,7.8000
COc1cc2c(Nc3ccc(NC(=O)c4ccccc4)cc3)ncnc2cc1OCCCN1CCOCC1,6.4000
O=S(=O)(Nc1ccc2c(c1)C(=NO)c1ccccc1-2)c1ccccc1F,6.1000
N#CCOc1ccc(Nc2nc(Nc3cccc(S(N)(=O)=O)c3)ncc2Br)cc1,7.3000
Cc1cc(N2CCOCC2)cc2[nH]c(-c3c(NCC(O)c4cccc(Cl)c4)cc[nH]c3=O)nc12,6.5000
NC(=O)c1sc(-n2cnc3ccccc32)cc1OCc1ccccc1C(F)(F)F,5.6000
NC(COc1cncc(-c2ccc3c(c2)C(=Cc2ccc[nH]2)C(=O)N3)c1)Cc1ccccc1,9.2000
Cc1ccc(-c2c(C#N)c(N)nc3cc(C)nn23)cc1,5.4000
COCCNc1nccc(-c2c(-c3ccc(F)cc3)nc3cnccn23)n1,5.1000
CC(C)(CO)CNc1nccc(-c2c(-c3ccc(F)cc3)nc3c(OCC(F)(F)F)nccn23)n1,5.1000
CCn1c(C)c(-c2ccnc(Nc3cccc(OC)c3)n2)sc1=O,6.0000
Fc1ccc(-c2ccc3nccn3n2)cn1,4.1000
CNC(=O)C(C)n1cc(-c2cnc(N)c3c(-c4ccc(NC(=O)Nc5ccc(C)cc5)cc4)csc23)cn1,8.2000
CNC(=O)c1cc2c(-c3ccccc3F)n[nH]c2s1,6.4000
Nc1n[nH]c2ncc(Br)cc12,4.7000
CCCCN(CCC#N)C(=O)c1ccc2nc(-c3n[nH]c4ccccc34)[nH]c2c1,6.9000
Cc1cc(O)ccc1-n1c2cc(Cl)ccc2c(=O)c2c(N)nc(N)nc21,6.2000
O=C1NC(=O)C(c2c[nH]c3ccccc23)=C1c1nc(N2CCNCC2)nc2ccccc12,6.1000
CCCn1c(C2CCNCC2)nc(-c2ccc(Cl)c(Cl)c2)c1-c1ccnc(NC2CCCCC2)n1,5.6000
Brc1ccc2c(c1)-c1[nH]ncc1C2,5.3000
CCN1CCN(c2ccc(Nc3ncc(Cl)c(Nc4ccc5[nH]ncc5c4)n3)cc2)CC1,7.7001
O=S(=O)(NCCNCC=Cc1ccc(Br)cc1)c1cccc2cnccc12,5.1000
O=C1NCCc2[nH]c(-c3ccnc(C=Cc4ccccc4)c3)cc21,6.5000
CCCS(=O)(=O)Nc1ccc2c(c1)C(=NO)c1ccccc1-2,6.0000
NC(COc1cncc(-c2cc3cnccc3s2)c1)Cc1c[nH]c2ccccc12,5.3000
COCOc1cccc(OCOC)c1-c1ccc(NS(C)(=O)=O)cc1C(=O)OC,5.9000
Nc1n[nH]c2cccc(-c3ccc(F)cc3)c12,4.9000
CNC(=O)COc1ccc(Nc2nc(Nc3ccc(C)c(S(N)(=O)=O)c3)ncc2F)cc1,7.1000
Cc1cc(NC(=O)Cc2ccc(-c3cccc4[nH]nc(N)c34)cc2)ccc1F,7.7001
COC(=O)c1c(-c2ccc(NC(=O)Nc3ccccc3)cc2)c2c(N)ncnn2c1C,7.1000
NC(=O)c1cccc2c1Nc1nnc(Cl)cc1C(=O)N2,5.7000
Cc1nnc(-c2ccccc2)c(C#N)n1,4.4000
Cc1n[nH]c2cccc(-c3ccc(NC(=O)Nc4cccc(C(F)(F)F)c4)cc3)c12,7.7001
O=c1[nH]c2cc(-c3ccccc3)cnc2[nH]1,5.5000
N#Cc1cnc(NC(=O)Nc2ccc3cc(C(=O)O)ccc3c2)cn1,5.5000
Cc1c(-c2cccc(OCc3ccccc3)c2)c2c(N)ncnc2n1C1CC(CN2CCCC2)C1,6.5000
Cc1c(-c2cccc(OCc3ccccc3)c2)c2c(N)ncnc2n1C1CCC(N2CCCC2)CC1,6.3000
CCN(CC)CCCNC(=O)c1cnc(N)c2c(-c3ccc(NC(=O)Nc4cccc(C)c4)cc3)csc12,9.2000
NS(=O)(=O)c1cccc(Nc2ncc3ccn(Cc4ccccc4)c3n2)c1,7.2000
Cc1ccc(F)c(NC(=O)Nc2ccc(-c3coc4c(C#CCN5CCOCC5)cnc(N)c34)cc2)c1,8.9000
Cc1cc(C)cc(NC(=O)Nc2ccc3c(c2)CCc2sc4ncnc(N)c4c2-3)c1,7.2000
NC(=O)c1cc2c(-c3ccc(Br)c(F)c3F)cncc2s1,5.9000
CCOc1ccc(NC(=O)Nc2ccc(-c3csc4c(-c5cnn(C)c5)cnc(N)c34)cc2)cc1,8.4000
COc1ccc(C(=O)N2c3ccccc3Sc3c(Cl)cncc32)cc1,5.6000
CN(C)c1ccc(-c2nc3sccn3c2-c2ccnc(Nc3cccc(N4CCOCC4)c3)n2)cc1NC(=O)c1ccccc1,6.4000
CC(Nc1cncc(-n2cnc3ccc(C#N)cc32)n1)c1ccccc1F,6.8500
CCc1nc(-c2cccc(C)c2)c(-c2ccnc(NC(=O)c3ccccc3)c2)s1,6.1000
CN(C(=O)C1CCCCC1)c1ccc2c(c1)nc(NC(=O)c1ccc(C#N)cc1)n2CCC(N)=O,6.0000
O=c1[nH]n2ccccc2c1Br,5.7000
NC(=O)c1cc2ccncc2s1,5.1000
O=C(O)c1ccccc1Nc1ccnc(Nc2ccc([N+](=O)[O-])cc2)n1,6.6000
Nc1n[nH]c2cc(-c3ccc(NC(=O)Nc4cccc(C(F)(F)F)c4)cc3)ccc12,8.1000
Cc1ccc(-c2nc3ccc(Br)cc3c(C(=O)O)c2CC(=O)O)cc1,6.3000
COc1cc(Nc2ncnc(N3CCCc4cc(C)ccc43)n2)cc(OC)c1OC,6.1000
COc1cc(Nc2ncc(C(F)(F)F)c(N)n2)cc(OC)c1OC,5.4000
NC(=O)c1cc2c(Oc3cccc(F)c3)cncc2s1,5.3000
N#Cc1ccc(-c2n[nH]c3c2Cc2ccc(OCCCCN4CCOCC4)cc2-3)cn1,6.0000
COc1cc2cnc3c(c2cc1OC)C(=O)NC3=O,5.7000
Nc1nnc2cncc(Cl)n12,4.5000
CNC(=O)C=Cc1cnc(N)c2c(-c3ccc4c(c3)OCO4)csc12,7.5000
Nc1ncnc2c1c(-c1cccc(OCc3ccccc3)c1)cn2C1CC(CN2CCCC2)C1,5.5000
S=c1[nH]nc2c3c4c(sc3n3c(=S)[nH]nc3n12)CCC4,5.5000
CS(=O)(=O)Nc1ccc(-c2ccc3[nH]nc(N)c3c2)cc1,5.3000
O=S(=O)(Nc1ccc2c(c1)C(=NO)c1ccccc1-2)c1cccc(F)c1,5.4000
COc1cc(-c2ccc3c(c2)Nc2ccc(C(=O)NCCNC(C)=O)cc2NC3=O)ccc1O,5.2000
Cc1cc(=O)n2ccc(CN(C)C)c(O)c2n1,6.3000
CCN(C(C)=O)c1ccc(Nc2nc(NC3CC3)c3nc[nH]c3n2)cc1,7.2000
Cc1cccc(NC(=O)Nc2ccc(-c3csc4c(C#CCN)cnc(N)c34)cc2)c1,8.1000
CC(=O)c1cccc(-c2ccc3nccn3n2)c1,4.2000
O=C(Nc1cccc(C(F)(F)F)n1)Nc1ccnc2cc(C(F)(F)F)ccc12,5.5000
CNC(=O)c1ccccc1Nc1nc(Nc2ccc(N3CCOCC3)cc2OC)ncc1Cl,6.3000
Cc1cc(C)cc(NC(=O)Nc2ccc(-c3cccc4c3CNC4=O)c(C(F)(F)F)c2)c1,5.5000
NC(=O)c1cc2c(-c3ccc(F)cc3)cncc2s1,5.7000
NC(=O)c1cccc(-c2cnc3[nH]cc(-c4ccccc4)c3c2)c1,6.7000
Oc1c2ccccc2c2c3c(cccc13)N=N2,6.2000
c1ccc(CNc2cc(-c3c[nH]c4ncccc34)ncn2)cc1,6.5000
NC(=O)c1sc2ccc(Cl)c(Cl)c2c1NC(=O)c1ccc(Cl)cc1,5.1000
Nc1cc2nc(-c3ccccc3)cn2cn1,5.1000
CCN(CC)CCOc1ccc(Nc2ncc3cc(-c4c(Cl)cccc4Cl)c(=O)n(C)c3n2)cc1,8.1000
Nc1n[nH]c2nnc(-c3ccccc3)c(-c3ccccc3)c12,5.1000
CCC(=O)Nc1ccc(C(=O)N2CCNCC2)c(O)c1,5.8000
Nc1c(-c2ccc(NC(=O)Nc3cccc(C(F)(F)F)c3)cc2)cnc2c(-c3ccc4c(c3)OCO4)cnn12,7.9000
CCn1c(=C(C#N)C(=O)O)sc(=CNc2ccccc2)c1=O,5.4000
COCC#Cc1cccc2c1Cc1c(-c3cccs3)n[nH]c1-2,5.9000
CSc1cnc2c(ccc3cnccc32)c1O,5.6000
COc1ccc(C(=O)Nc2n[nH]c3ccc(-c4cn(Cc5ccccc5)nn4)cc23)cc1OC,6.4000
O=C(O)c1ccc(Nc2ncc3c(n2)-c2ccc(Cl)cc2C(c2c(F)cccc2F)=NC3)cc1,6.1000
O=C1Nc2ccccc2Nc2cc(-c3ccccc3O)ccc21,7.1000
C=CCc1cccc2c(=NO)cc(-c3ccccc3)oc12,6.0000
Cc1cccc(-c2cccc3onc(N)c23)c1,4.0000
Nc1n[nH]c2cccc(-c3ccc(NC(=O)Nc4cc(CO)ccc4F)cc3)c12,8.1000
NC(=O)c1cc(-c2ccnc(N)n2)[nH]c1-c1ccc(Cl)cc1Cl,6.1000
O=C1NN=Cc2c[nH]c3cc(NC(=O)C4CC4c4ccccc4)cc1c23,7.0000
Cc1n[nH]c2ccc(-c3cncc(OCC(CN)Cc4ccccc4)c3)cc12,5.3000
O=C(NCCc1cccs1)N1CC=C(c2c[nH]c3ncccc23)CC1,5.7000
NC(=O)c1cc(-c2cccs2)n2nccc2n1,4.2000
CC1(O)CC(c2nc(-c3ccc4ccc(-c5ccccc5)nc4c3)c3c(N)nccn23)C1,5.9000
O=c1[nH]c2ccc(Cl)cc2c2ncnn12,4.7000
CN1CCN(c2ccc(C(=O)Nc3n[nH]c4ccc(Cc5cc(F)cc(F)c5)cc34)c(NC3CCOCC3)c2)CC1,6.4000
Cn1cc(-c2cc3nc(Br)cnc3[nH]2)c2cc(F)ccc21,6.8000
COc1ccc(-c2cnc3c(Br)cnn3c2)cc1,5.9000
Nc1nccc(-c2c(-c3ccc(F)cc3)ncn2C2CCNCC2)n1,5.3000
Cc1ccc(F)c(NC(=O)Nc2ccc(-c3cccc4c3c(N)nn4C)cc2)c1,7.5000
Cn1cc(-c2cnc(N)c3c(-c4ccc(NC(=O)Nc5cccc(F)c5)cc4)csc23)cn1,8.4114
CCCNC(=O)c1ccc(Nc2nc(CC)c3cc[nH]c3n2)cc1,6.7000
O=C(Nc1nc2c(O)cccc2s1)Nc1ccccc1-c1ccccc1,6.9000
Nc1ccc(-c2cccn3c(=O)[nH]nc23)cc1,4.4000
Cc1cccc(NC(=O)Nc2ccc(-c3csc4c(C#CCN(C)C)cnc(N)c34)cc2)c1,8.0969
COc1ccc(CN(C)C)cc1Nc1nccc(-c2c(-c3cccc(NC(=O)c4c(F)cccc4F)c3)nc3sccn23)n1,5.7000
Fc1cnc(Nc2ccccc2)nc1Nc1ccccc1,6.4000
O=C1Nc2ccccc2C1=Cc1c[nH]c2ccccc12,6.1000
CC(C)(C)n1nc(-c2ccc(Cl)cc2)c2c(N)ncnc21,6.4000
Nc1n[nH]c2cccc(-c3ccc(Br)cc3)c12,5.2000
Cc1ccc(F)c(NC(=O)Nc2ccc(-c3ccc(OCCCn4cccc4)c4[nH]nc(N)c34)cc2)c1,7.9000
Cc1cccc(Nc2nc(NC3CCCCC3N)cnc2C(N)=O)c1,6.4000
CCN1CCN(c2ccc(Nc3ncc(C#N)c(Nc4ccc5[nH]ncc5c4)n3)cc2)CC1,8.0000
CCCS(=O)(=O)Nc1ccc(-c2ccc3[nH]nc(N)c3c2)cc1,5.6000
O=C1NCc2ccc(-c3ccc(Cl)cc3)cc21,4.1000
Cc1cnc(Nc2nc(NC(C)C)ncc2Br)s1,6.7000
COc1cc(Nc2ncc([N+](=O)[O-])c(Nc3ccccc3C(N)=O)n2)cc(OC)c1OC,7.5000
COC(=O)c1ccccc1-c1ccc2c(c1)Nc1ccccc1NC2=O,5.1000
CN(C)c1ccc(-c2nc3sccn3c2-c2ccnc(Nc3cccc(N4CCOCC4)c3)n2)cc1NC(=O)Cc1ccccc1,6.9000
CCN(CC)CC#Cc1cnc(N)c2c(-c3ccc(NC(=O)Nc4cccc(C)c4)cc3)csc12,7.7001
c1nc(-c2ccc3c(c2)OCO3)c2cc[nH]c2n1,6.6000
O=C1Nc2cc(-c3ccc(O)cc3)ccc2C1=Cc1ccc[nH]1,7.9000
CCN(CC)CCNC(=O)c1cccc(-n2nc(C(C)(C)C)cc2NC(=O)Nc2cccc3ccccc23)c1,5.8000
Nc1ncnc2scc(-c3ccc(NC(=O)Nc4ccccc4)cc3)c12,6.8000
C#Cc1cn(C2CCCC2)c2ncnc(N)c12,6.7000
COCc1nnn(-c2nonc2N)c1C(=O)NN=C(C)c1ccc(O)cc1O,5.5000
CCc1c(-c2ccc(C(C)(C)O)cc2)[nH]c2nccnc12,5.7000
CN1CCN(Cc2ccc3c(c2)Cc2c(-c4csc(C#CCOCC5CC5)c4)n[nH]c2-3)CC1,8.0000
O=C1Nc2ccc3ncsc3c2C1=CNc1ccc(S(=O)(=O)Nc2ccccn2)cc1,7.6000
Cc1ccc(F)c(NC(=O)Nc2ccc(-c3ccc4nccnc4c3N)cc2)c1,6.8000
CC(C)S(=O)(=O)n1c(N)nc2ccc(-c3c(-c4ccc(F)cc4)nc4sccn34)cc21,5.4000
O=C(Cc1ccccc1)Nc1cc(-c2nc3sccn3c2-c2ccnc(Nc3cccc(N4CCOCC4)c3)n2)ccc1Cl,7.7001
c1ccc(-c2cccc3nccn23)cc1,4.6000
Cc1ccccc1Nc1nccc(-c2c(-c3cccc(NC(=O)Cc4ccccc4)c3)nc3sccn23)n1,7.6000
Clc1cc(-c2c[nH]c3ncccc23)nc(NC2CCCCC2)n1,5.6000
N#Cc1ccc2c(c1)C(c1ccc3c(n1)CCCC3O)C(=O)N2,6.8000
OC1CCC(Nc2cc(Cl)nc(-c3c[nH]c4ncccc34)n2)CC1,5.9000
O=C(Nc1cnc2[nH]cc(-c3ccccc3)c2c1)c1ccc(Cl)cc1,5.4000
Nc1ncc(-c2ccoc2)c2scc(-c3ccc(NC(=O)Nc4ccccc4F)cc3)c12,8.3000
CC(C)(O)c1cn(-c2ccc3[nH]ncc3c2)nn1,4.4000
COc1c(-c2nc3ccccc3[nH]2)c(O)cc2oc(C)cc(=O)c12,5.6000
Cc1ccc(-c2cc(-c3cc(Br)ccc3O)[nH]c(=O)c2C#N)s1,6.2000
Cc1cncc2cccc(S(=O)(=O)N3CCCNCC3C)c12,5.7000
CS(=O)(=O)c1ccc(-c2cncc3sc(C(N)=O)cc23)cc1,5.6000
NC(=O)c1cccc2[nH]c(-c3ccc(NC(=O)c4cccc(S(=O)(=O)N5CCOCC5)c4)cc3)nc12,5.1000
O=C(Nc1cccc(-c2nc3sccn3c2-c2ccnc(Nc3cccc(N4CCCC4=O)c3)n2)c1)c1c(F)cccc1F,7.3000
NC(=O)c1cc2c(-c3cccc(F)c3)cncc2s1,5.9000
O=C(NCC1CCCCC1)c1cc2c(-c3ccccc3)n[nH]c2s1,6.2000
CCS(=O)(=O)c1ccc(-c2cncc3sc(C(N)=O)cc23)cc1,6.0000
CC(C)Cc1nc(Nc2ccc(N3CCOCC3)c(Cl)c2)nc2[nH]ccc12,7.0000
CC(=O)c1ccccc1-c1ncnc2[nH]ccc12,4.8000
CC(=O)N(c1ccncc1)c1c(NC(C)C(C)(C)C)c(=O)c1=O,5.2000
Cc1n[nH]c2ccc(-c3cncc(OCC(N)Cc4cccc(Cl)c4)c3)cc12,5.4000
Cc1n[nH]c2ccc(-c3cncc(OCC(N)Cc4c[nH]c5ccccc45)c3)cc12,5.4000
Nc1ncc(-c2cnn(CCO)c2)c2scc(-c3ccc(NC(=O)Nc4ccc(OC(F)F)cc4)cc3)c12,8.9000
NC1CCC(Nc2nc(Cl)cc(-c3c[nH]c4ncccc34)n2)CC1,6.1000
Cc1cccc(Nc2nccc(Nc3c(NC(C)C(C)(C)C)c(=O)c3=O)n2)c1,6.8000
Cn1nc(N)c2c(-c3ccc(NC(=O)Nc4ccc(F)c(C(F)(F)F)c4)cc3)ccnc21,8.9000
CCN(CCCOc1ccc2c(Nc3cc(CC(=O)Nc4cccc(F)c4)[nH]n3)ncnc2c1)CCOP(=O)(O)O,6.5000
CC(NC(=O)c1ccc(-c2ccncc2)cc1)c1ccccc1,5.2000
Cc1cccc(NC(=O)Nc2ccc(-c3csc4c(C#CCN5CCOCC5)cnc(N)c34)cc2)c1,8.5000
Nc1nnc2ccc(-c3ccccc3)cn12,4.8000
O=C1Nc2ccccc2Nc2nnc(Cl)cc21,5.6000
CCOC(=O)c1ccc2[nH]c3c(c2c1)CCNC3=O,5.2000
O=S(=O)(Nc1ccc2c(c1)C(=NO)c1ccccc1-2)c1cccc(Br)c1,5.6000
Clc1cc(-c2c[nH]c3ncccc23)cc(NCc2ccccc2)n1,6.0000
COc1cc(Nc2nccc(Nc3cc(C4CCCCC4)no3)n2)cc(OC)c1OC,7.2000
Nc1ncnc2sccc12,4.3000
O=C(Cc1ccc(-c2cccnc2)cc1)Nc1ccc(SC(F)F)cc1,7.2000
Cc1cc(C)cc(NC(=O)Nc2ccc(-c3cccc4c3CNC4=O)c(C)c2)c1,6.7000
Brc1cnc2[nH]cc(-c3ccccc3)c2c1,6.0000
Cc1n[nH]c2ncc(C#N)c(-c3ccccc3)c12,6.3000
Nc1nc2ccc(-c3c(-c4ccc(F)cc4)nc4sccn34)cc2n1CC1CC1,5.9000
CN(C)CC(=O)NC(COc1cncc(-c2ccc3cnccc3c2)c1)Cc1c[nH]c2ccccc12,5.3000
O=C(O)c1ccccc1Nc1ccnc(Nc2ccc3[nH]ncc3c2)n1,6.6000
Cc1cc(C)cc(NC(=O)Nc2ccc(NC(=O)c3csc4ncnc(N)c34)cc2)c1,5.9000
c1cnc2[nH]cc(-c3ccnc(NC4CCCCC4)n3)c2c1,6.2000
COc1cc(C(=O)O)c(Cl)cc1NC(=O)Nc1cnc(C#N)cn1,5.3000
CNS(=O)(=O)c1ccccc1Nc1nc(Nc2cc(N3CCN(C(C)=O)CC3)ccc2OC)ncc1Br,6.8000
O=C1NCCc2[nH]c(-c3ccnc(-c4ccccc4F)c3)cc21,5.1000
CC1CCN(C(=O)CC#N)CC1c1ncc2cnc3[nH]ccc3n12,5.9000
O=C1NC(=O)c2c1c(-c1ccccc1Cl)cc1[nH]c3ccc(O)cc3c21,5.7000
Cc1nnc(-c2cc3c(Oc4ccc(C(F)(F)F)cc4)cncc3s2)o1,5.1000
Cc1cccc(NC(=O)Nc2ccc(-c3csc4c(C#CC(C)(C)N)cnc(N)c34)cc2)c1,8.0000
CCCCOc1ncnc2[nH]cc(-c3ccccc3)c12,6.1000
COc1cc(Nc2ncc3c(n2)-c2ccc(Cl)cc2C(c2c(F)cccc2OC)=NC3)ccc1C(=O)O,6.5000
Nc1c(-c2ccc(NC(=O)Nc3cccc(C(F)(F)F)c3)cc2)ccc2nccnc12,7.4000
Cc1ccc(NC(=O)Nc2ccc(-c3csc4c(-c5cnn(C)c5)cnc(N)c34)cc2)cc1,8.3109
Cc1cccc(NC(=O)Nc2ccc(-c3cccc4[nH]nc(N)c34)c(F)c2)c1,8.1000
Oc1ccc(Nc2[nH]nc(-c3ccc(O)cc3)c2-c2ccc(O)cc2)cc1,5.9000
O=C(Nc1n[nH]c2ccc(-c3cn(Cc4ccccc4)nn3)cc12)c1ccccc1,5.9000
Nc1ncnc2c1c(-c1ccc(Oc3ccc(CO)cc3)cc1)cn2C1CCOC1,6.4000
Cc1[nH]c(C=C2C(=O)Nc3ccccc32)c(C)c1CCC(=O)O,6.4000
COc1cccc(CNC(=O)c2cc3c(-c4ccccc4)n[nH]c3s2)c1,6.2000
O=C(Nc1cnccn1)Nc1ccnc2cc(C(F)(F)F)ccc12,6.0000
COCCOC1CCC(n2nc(-c3ccc(Nc4nc5cc(C)cc(Cl)c5o4)cc3)c3c(N)ncnc32)CC1,7.6000
CCS(=O)(=O)Nc1ccc2c(c1)C(=NO)c1ccccc1-2,5.5000
CC(Oc1cc(-c2cnn(C3CCNCC3)c2)cnc1N)c1c(Cl)ccc(F)c1Cl,5.2000
Nc1cc(=O)[nH]n1-c1ccccn1,4.4000
CCCNC(=O)c1ccc(Nc2nc(CCC(F)(F)F)c3cc[nH]c3n2)cc1,6.3000
CN(C)CC1CCn2cc(c3ccccc32)C2=C(C(=O)NC2=O)c2cn(c3ccccc23)CCO1,5.7000
NC(=O)c1cc2c(-c3ccc(F)cc3F)cncc2s1,6.1000
COc1cc(C=C(C#N)c2n[nH]c(N)c2C#N)ccc1O,5.9000
NC(=O)c1cccc2cn[nH]c12,4.3000
O=C(Nc1cc(C(F)(F)F)cc(C(F)(F)F)c1)c1cc(Cl)ccc1O,5.5000
O=C(Cc1ccccc1)Nc1cccc(-c2nc3sccn3c2-c2ccnc(Nc3ccc(N4CCOCC4)cc3)n2)c1,7.3000
CCOC(=O)C1=c2sc(=Cc3ccco3)c(=O)n2C(N)=C(C#N)C1c1ccco1,5.1000
N#Cc1ccc2nc(N)n(-c3nc(-c4ccccc4)cs3)c2c1,7.9000
O=C1Cc2c([nH]c3ccc(Br)cc23)-c2ccccc2N1,5.7000
Nc1n[nH]c2cccc(-c3ccc(NC(=O)Nc4cc(C(=O)O)ccc4F)cc3)c12,6.0000
O=C(Nc1cnccn1)Nc1ccnc2ccc(N3CC4COCC4C3)cc12,5.7000
CC(C)(C(N)=O)n1cc(-c2cnc(N)c3c(-c4ccc(NC(=O)Nc5cccc(F)c5)cc4)csc23)cn1,8.3000
Nc1n[nH]c2cccc(-c3ccc(NC(=O)Nc4cccc(Cl)c4)c(F)c3)c12,8.5000
CCCNC(=O)c1ccc(Nc2nc(NCC(F)(F)F)c3cc[nH]c3n2)cc1,6.3263
Nc1nccc2scc(-c3ccc(NC(=O)Nc4cccc(Br)c4)cc3)c12,8.4000
CC(C)(CO)CNc1nccc(-c2c(-c3ccc(F)cc3)nc3c(CCN)nccn23)n1,5.1000
Nc1ncc(-c2cnn(CCO)c2)c2scc(-c3ccc(NC(=O)Nc4cccc(F)c4)cc3)c12,8.6990
CNc1nc(C)c(-c2ccnc(Nc3ccc(N4CCNCC4)cc3)n2)s1,7.8000
COc1ccc(-c2cc(=O)c3c(O)c(OC)c(OC)cc3o2)cc1O,6.1000
Cc1cc2cc(-c3csc4c(-c5cccc(S(C)(=O)=O)c5)cnc(N)c34)ccc2[nH]1,8.2000
Cc1cc(OCC2CCC(C(=O)O)C2)c(NC(=O)Nc2cnc(C#N)cn2)cc1Cl,5.3000
c1ccc(C2CCc3[nH]ncc32)cc1,4.3000
O=C(c1cccc(-c2cnc3[nH]ccc3c2)c1)N1CCOCC1,6.1000
COc1cc2c(cc1F)C(c1ccccc1Cl)=Nc1c(n[nH]c1C)N2,8.0000
CCCn1cc(-c2cnc(N)c3c(-c4ccc(NC(=O)Nc5cccc(F)c5)cc4)csc23)cn1,8.1120
CC(=O)Nc1c(C(N)=O)sc2ccc(Cl)c(Cl)c12,6.2000
Cc1cccc(NC(=O)Nc2ccc(-c3csc4nc(N)nc(N)c34)cc2)c1,7.6000
NC1CCCCC1Nc1nccc(-c2c[nH]c3ncccc23)n1,5.1000
CCn1c2cc(Cl)c(O)cc2c(=O)c2c(=O)o[nH]c21,5.5000
COc1ccc(-c2ccc(NC(=O)Nc3ccc(OC(F)(F)F)cc3)cc2)c2c(N)noc12,9.0000
O=C(O)c1ccccc1Nc1ccnc(Nc2ccc3cn[nH]c3c2)n1,6.6000
Cc1ccc(F)c(NC(=O)Nc2ccc(-c3cccc4[nH]nc(N)c34)c(F)c2)c1,7.9000
Nc1ncnn2ccc(C(=O)Nc3ccc(NC(=O)Nc4cccc(F)c4)cc3)c12,5.9641
O=C(Nc1cnccn1)Nc1ccnc2c(F)cccc12,5.8000
CN1c2ccc(N)cc2C(c2ccccc2)c2cc(N)ccc21,5.7000
NS(=O)(=O)c1cccc(Nc2ncc3ccn(-c4ccccc4)c3n2)c1,7.8000
Nc1ncnc2c1C(=O)Nc1ccccc1N2,6.0000
CCc1nc2c(c3cc(OC)c(OC)cc13)C(=O)NC2=O,5.7000
COc1ccc2c(c1)C(=Cc1c[nH]cn1)C(=O)N2,6.0000
Cc1ccnc(Nc2cc(C)nc(-c3ccccc3)n2)c1,5.8000
Cc1cccc(NC(=O)Nc2ccc(-c3csc4c(C#CCNS(C)(=O)=O)cnc(N)c34)cc2)c1,8.1000
Cc1cccc(NC(=O)Cc2ccc(-c3cccc4[nH]nc(N)c34)cc2)c1,7.8000
Cc1ccnc2[nH]c3cc(C(C)C)ccc3c(=O)c12,6.9000
N#Cc1cnc2c(Br)cnn2c1N,4.0000
O=C(Nc1cccc(-c2nc3sccn3c2-c2ccnc(Nc3ccccc3Cl)n2)c1)c1ccccc1,6.1000
NC(=O)c1cc2c(-c3ccc(Br)cc3)cncc2s1,6.3000
COc1ccc(CN(C)C)cc1Nc1nccc(-c2c(-c3cccc(NC(=O)Cc4ccccc4)c3)nc3sccn23)n1,5.8000
CC(O)Cn1cc(-c2cnc(N)c3c(-c4ccc(NC(=O)Nc5cccc(F)c5)cc4)csc23)cn1,8.3000
Cc1n[nH]c2c1C(c1ccccc1I)C(C#N)=C(N)O2,5.5000
Nc1n[nH]c2ccc(-c3nnn(Cc4ccccc4)c3I)cc12,5.4000
Cc1ccc(NC(=O)Nc2ccc(-c3csc4c(-c5cnn(C(C)C(=O)N(C)C)c5)cnc(N)c34)cc2)cc1,7.4000
Cc1cc(C)c2c(n1)sc1c(N)ncnc12,5.4000
CC(=O)Nc1cccc(CNc2c(Nc3ccc4[nH]ncc4c3)c(=O)c2=O)c1,5.1000
Cn1cc(-c2cnc(N)c3c(-c4ccc(NC(=O)Nc5ccc(OC(F)F)cc5)cc4)csc23)cn1,8.1000
Cc1cccc(NC(=O)Nc2ccc(-c3csc4c(-c5cnn(CC(C)O)c5)cnc(N)c34)cc2)c1,8.1000
CCN(CC)CCOc1ccc(-c2nc3c(C(N)=O)cccc3[nH]2)cc1,5.3000
COc1ccc(-c2cc(-c3ccccc3)nc3ncnc(NC(=O)COCC(=O)O)c23)cc1,5.9000
Nc1nccc2cnc(-c3ccccc3)n12,4.3000
Cc1cccc(NC(=O)Nc2ccc(-c3csc4c(C#CCN5CCCC5)cnc(N)c34)cc2)c1,8.0000
c1cc2cc(-c3ccc4cn[nH]c4c3)cnc2[nH]1,6.6000
Cc1ccc(C(=O)Nc2c(C(N)=O)sc3ccc(Cl)c(Cl)c23)cc1,5.7000
O=C(O)c1cc2c(-c3cccc(F)c3)cncc2s1,5.1000
O=C(Nc1cccc(Cl)c1)Nc1ncc(CCNc2ncnc3ccsc23)s1,6.7000
Oc1ccc(Nc2ncnc3scc(Cl)c23)cc1,5.1000
O=C(Nc1cccc(-c2nc3sccn3c2-c2ccnc(Nc3cccc(N4CCOCC4)c3)n2)c1Cl)c1ccccc1F,6.7000
Nc1noc2cccc(-c3cccc(O)c3)c12,5.1000
CCc1c(-c2ccc(C(C)=O)cc2)[nH]c2nccnc12,5.9000
CC1(C)CC(C=Cc2ccc(Cl)cc2)=Cc2c1sc1ncnc(N)c21,6.9000
c1ccc(CNc2nc(Nc3cc(C4CC4)[nH]n3)c3sccc3n2)cc1,7.5000
Cc1ccc(NC(=O)Nc2ccc(-c3coc4ncnc(N)c34)cc2)cc1,7.6000
Nc1nc(SCC(=O)Nc2ncccn2)nc2nc[nH]c12,5.4000
NC(=O)c1sc2c(Br)ccc(Cl)c2c1N,5.8000
CNC(=O)C=Cc1cnc(N)c2c(-c3cc(F)c4[nH]c(C)cc4c3)csc12,8.2000
O=C(Nc1cnc2[nH]cc(-c3ccccc3)c2c1)c1c(F)cccc1F,5.6000
CCc1cccc(NC(=O)Nc2ccc3c(c2)CCc2sc4ncnc(N)c4c2-3)c1,7.5000
CCCCS(=O)(=O)Nc1ccc2c(c1)C(=NO)c1ccccc1-2,5.8000
O=c1[nH]c2cc(Br)cnc2[nH]1,4.7000
Cc1cc(Nc2nc(Cl)cc(NCc3ccccc3)n2)n[nH]1,6.7000
O=C(NCc1ccc(Cl)cc1)c1cc2c(-c3ccccc3)n[nH]c2s1,6.2000
COc1cc(-c2ccc3c(c2)Nc2cc(OCCCCO)c(OC)cc2NC3=O)ccc1O,5.4000
Cc1cc(-c2ccccc2)n(-c2cc(NN=Cc3ccco3)ncn2)n1,5.4000
COc1cc(-c2ccc3c(c2)Nc2ccc(C(=O)NCc4cccc(F)c4)cc2NC3=O)ccc1O,5.2000
Cc1cccc(NC(=O)Nc2ccc(-c3csc4c(-c5cnn(C)c5)cnc(N)c34)cc2)c1,8.5000
OCc1cc(-c2ccc3[nH]ncc3c2)on1,5.1000
COc1ccc(-c2cc3nccn3c(Nc3ccccc3C(N)=O)n2)cc1OC,7.1000
Cc1cc(NC(=O)Nc2ccc(-c3c(F)ccc4[nH]nc(N)c34)cc2)ccc1F,8.8000
Nc1ncnc2sc(Br)c(-c3ccc(NC(=O)Cc4cccc(Cl)c4)cc3)c12,6.2000
O=C(Cc1ccccc1)Nc1cccc(-c2nc3sccn3c2-c2ccnc(Nc3cccc(N4CCCC4=O)c3)n2)c1,7.7001
CNC1CC2OC(C)(C1OC)n1c3ccccc3c3c4c(c5c6ccccc6n2c5c31)C(=O)NC4,8.2000
O=C(Nc1cccc(-c2nn3ccccc3c2-c2ccnc(Nc3ccc4c(c3)CNCC4)n2)c1)c1c(F)cccc1F,7.9000
CCN(CC)CCNC(=O)C=Cc1cnc(N)c2c(-c3ccc(NC(=O)Nc4cccc(C)c4)cc3)csc12,8.3000
Cc1ccccc1NC(=O)Nc1ccc2c(c1)CCc1sc3ncnc(N)c3c1-2,5.8000
Nc1ncnc2c1sc1ncnc(N)c12,5.9000
O=C1NCc2c1cccc2-c1ccc(Nc2nc3ccccc3o2)cc1,6.1000
OCC(CO)Nc1ncnc2[nH]cc(-c3ccccc3)c12,5.8000
O=c1[nH]nc2cc(CO)c3ccc(-c4ccc[nH]4)cc3n12,6.4962
CC(C)Cn1c2ccc(Nc3nccc(C(F)(F)F)n3)cc2c2c3c(c4c(c21)CCc1nn(C)cc1-4)C(=O)NC3,6.5670
CC(C)n1c2ccc(Nc3ccncc3)cc2c2c3c(c4c(c21)CCc1nn(C)cc1-4)C(=O)NC3,6.5918
CC(C)Cn1c2ccc(Nc3ncccn3)cc2c2c3c(c4c(c21)CCc1c-4cnn1C)C(=O)NC3,7.2007
COc1ccnc(Nc2ccc3c(c2)c2c4c(c5c(c2n3CC(C)C)CCc2nn(C)cc2-5)C(=O)NC4)n1,7.4949
CCc1cnc(Nc2ccc3c(c2)c2c4c(c5c(c2n3CC(C)C)CCc2nn(C)cc2-5)C(=O)NC4)nc1,7.8539
CC(C)n1c2ccc(Nc3cccnn3)cc2c2c3c(c4c(c21)CCc1nn(C)cc1-4)C(=O)NC3,8.0000
CCCn1c2ccc(Nc3ncc(CC)cn3)cc2c2c3c(c4c(c21)CCc1nn(C)cc1-4)C(=O)NC3,8.0458
CCCn1c2ccc(Nc3ncccn3)cc2c2c3c(c4c(c21)CCc1nn(C)cc1-4)C(=O)NC3,8.2218
CC(C)Cn1c2ccc(Nc3ncccn3)cc2c2c3c(c4c(c21)CCc1nn(C)cc1-4)C(=O)NC3,8.3979
CC(C)n1c2ccc(Nc3ncccn3)cc2c2c3c(c4c(c21)CCc1nn(C)cc1-4)C(=O)NC3,8.5229
Fc1ccc(-c2cn(-c3ccc(C(F)(F)F)cc3)nc2-c2ccncc2)cc1,4.5686
Fc1ccc(-c2cn(-c3c(Cl)cc(Cl)cc3Cl)nc2-c2ccncc2)cc1,6.6778
Nc1cc(-c2ccncc2)nn1-c1c(Cl)cc(Cl)cc1Cl,4.0605
Nc1c(C(=O)O)c(-c2ccncc2)nn1-c1c(Cl)cc(Cl)cc1Cl,4.3665
NC(=O)c1c(-c2ccncc2)nn(-c2ccccc2)c1N,4.3188
NC(=O)c1c(-c2ccncc2)nn(-c2c(Cl)cc(Cl)cc2Cl)c1N,4.5086
Nc1c(-c2ccc(F)cc2)c(-c2ccncc2)nn1-c1ccc(C(F)(F)F)cc1,5.6198
N#Cc1ccc(-n2nc(-c3ccncc3)c(-c3ccc(F)cc3)c2N)cc1,5.8861
Cc1ccc(-n2nc(-c3ccncc3)c(-c3ccc(F)cc3)c2N)cc1,5.5850
Nc1c(-c2ccc(F)cc2)c(-c2ccncc2)nn1-c1ccc([N+](=O)[O-])cc1,5.8539
COc1ccc(-n2nc(-c3ccncc3)c(-c3ccc(F)cc3)c2N)cc1,5.7212
Nc1c(-c2ccc(F)cc2)c(-c2ccncc2)nn1-c1ccc(Cl)cc1,5.9208
Nc1c(-c2ccc(F)cc2)c(-c2ccncc2)nn1-c1ccccc1,5.6198
Nc1c(-c2ccc(F)cc2)c(-c2ccncc2)nn1-c1c(Cl)cc(Cl)cc1Cl,7.4685
COc1cc2ncnc(Nc3ccccc3)c2cc1OC,5.1549
COc1cc2ncnc(Nc3ccc(Br)cc3)c2cc1OC,6.0969
CCC(=O)Nc1ccc(Nc2ncnc3cc(OC)c(OC)cc23)cc1,5.1367
CCCC(=O)Nc1ccc(Nc2ncnc3cc(OC)c(OC)cc23)cc1C,5.3979
CCCCC(=O)Nc1ccc(Nc2ncnc3cc(OC)c(OC)cc23)cc1C,5.1675
CCCOC(=O)Nc1ccc(Nc2ncnc3cc(OC)c(OC)cc23)cc1,5.3010
CCCCOC(=O)Nc1ccc(Nc2ncnc3cc(OC)c(OC)cc23)cc1,5.1675
COc1cc2ncnc(Nc3ccc(NC(=O)OC(C)C)cc3)c2cc1OC,5.2967
COC(=O)Nc1ccc(Nc2ncnc3cc(OC)c(OC)cc23)cc1Cl,5.2967
CCOC(=O)Nc1ccc(Nc2ncnc3cc(OC)c(OC)cc23)cc1Cl,6.3010
CCCOC(=O)Nc1ccc(Nc2ncnc3cc(OC)c(OC)cc23)cc1Cl,5.4815
CCCCOC(=O)Nc1ccc(Nc2ncnc3cc(OC)c(OC)cc23)cc1Cl,5.3098
COC(=O)Nc1ccc(Nc2ncnc3cc(OC)c(OC)cc23)cc1C,6.0706
CCOC(=O)Nc1ccc(Nc2ncnc3cc(OC)c(OC)cc23)cc1C,6.2441
CCCOC(=O)Nc1ccc(Nc2ncnc3cc(OC)c(OC)cc23)cc1C,6.0706
CCCCOC(=O)Nc1ccc(Nc2ncnc3cc(OC)c(OC)cc23)cc1C,5.2840
COc1cc2ncnc(Nc3ccc(NC(=O)OC(C)C)c(C)c3)c2cc1OC,5.2798
CCOC(=O)Nc1cc(Nc2ncnc3cc(OC)c(OC)cc23)ccc1Cl,5.2557
COC(=O)Nc1cc(Nc2ncnc3cc(OC)c(OC)cc23)ccc1C,5.1079
CCOC(=O)Nc1cc(Nc2ncnc3cc(OC)c(OC)cc23)ccc1C,5.1871
CCNC(=O)Nc1ccc(Nc2ncnc3cc(OC)c(OC)cc23)cc1,5.3325
CCCCNC(=O)Nc1ccc(Nc2ncnc3cc(OC)c(OC)cc23)cc1,5.2366
COc1cccc(NC(=O)Nc2ccc(Nc3ncnc4cc(OC)c(OC)cc34)cc2)c1,5.2076
CCN(CC)CCOc1cc2ncnc(Nc3ccc(F)c(Cl)c3)c2cc1OC,5.1612
CCN(CC)CCOc1cc2ncnc(Nc3ccc(Br)cc3F)c2cc1OC,6.0000
CCN(CC)CCOc1cc2ncnc(Nc3ccc(C)c(Br)c3)c2cc1OC,5.1904
CCN(CC)CCOc1cc2ncnc(Nc3ccc(NC(=O)OC)c(Cl)c3)c2cc1OC,5.2840
CCOC(=O)Nc1ccc(Nc2ncnc3cc(OCCN(CC)CC)c(OC)cc23)cc1Cl,5.4750
CCN(CC)CCOc1cc2ncnc(Nc3ccc(NC(=O)OC)c(C)c3)c2cc1OC,5.1580
CCOC(=O)Nc1ccc(Nc2ncnc3cc(OCCN(CC)CC)c(OC)cc23)cc1C,5.4318
CCNC(=O)Nc1ccc(Nc2ncnc3cc(OCCN(CC)CC)c(OC)cc23)cc1,5.1805
CCN(CC)CCOc1cc2c(Nc3ccc(Br)cc3F)ncnc2cc1OC,5.1278
CCOC(=O)Nc1ccc(Nc2ncnc3cc(OC)c(OCCN(CC)CC)cc23)cc1C,5.1397
CCCCOc1cc2c(Nc3ccc(Br)cc3F)ncnc2cc1OCCN(CC)CC,5.2757
CCCCOc1cc2c(Nc3ccc(NC(=O)OC)c(Cl)c3)ncnc2cc1OCCN(CC)CC,5.1308
CCCCOc1cc2c(Nc3ccc(NC(=O)OCC)c(Cl)c3)ncnc2cc1OCCN(CC)CC,5.3188
CCCCOc1cc2c(Nc3ccc(NC(=O)OC)c(C)c3)ncnc2cc1OCCN(CC)CC,5.0269
CCCCOc1cc2c(Nc3ccc(NC(=O)OCC)c(C)c3)ncnc2cc1OCCN(CC)CC,5.2441
COc1cc2ncnc(Oc3cccc(NC(C)=O)c3)c2cc1OC,5.0506
COc1cccc(NC(=O)Nc2ccc(Oc3ncnc4cc(OC)c(OC)cc34)cc2)c1,7.3979
COc1cc2ncnc(Oc3ccc(NC(=O)Nc4cccc(Br)c4)cc3)c2cc1OC,8.2218
COc1cc2ncnc(Oc3ccc(NC(=O)Nc4ccc(Br)cc4)c(C)c3)c2cc1OC,7.3979
COc1cc2ncnc(Oc3ccc(NC(=O)Nc4cccc(Br)c4)c(C)c3)c2cc1OC,8.3979
COc1cc2ncnc(Oc3ccc(NC(=O)Nc4ccc(F)c(Cl)c4)c(C)c3)c2cc1OC,8.2218
COc1cc2ncnc(Oc3ccc(NC(=O)Nc4ccc5ccccc5c4)c(C)c3)c2cc1OC,8.6990
CN1CCc2nc(-c3cc4ccccc4[nH]c3=O)[nH]c2C1,6.0000
O=c1[nH]c2ccccc2cc1-c1nc2c([nH]1)CN(Cc1ccccc1)CC2,5.2218
O=C(OCc1ccccc1)N1CCc2nc(-c3cc4ccccc4[nH]c3=O)[nH]c2C1,6.2218
O=c1[nH]c2ccccc2cc1-c1nc2c([nH]1)CN(C1CCNCC1)CC2,5.3010
O=C(c1cccnc1)N1CCc2nc(-c3cc4ccccc4[nH]c3=O)[nH]c2C1,6.6990
O=C(c1cccnc1)N1CCc2nc(-c3cc4c(F)cccc4[nH]c3=O)[nH]c2C1,6.2218
O=C(c1cccnc1)N1CCc2nc(-c3cc4cc(F)ccc4[nH]c3=O)[nH]c2C1,9.0000
O=C(c1ccncc1)N1CCc2nc(-c3cc4ccccc4[nH]c3=O)[nH]c2C1,6.6990
O=C(c1ccncc1)N1CCc2nc(-c3cc4c(F)cccc4[nH]c3=O)[nH]c2C1,6.0969
O=C(c1ccncc1)N1CCc2nc(-c3cc4cc(F)ccc4[nH]c3=O)[nH]c2C1,9.5229
O=C(c1ccc(CN2CCCCC2)cc1)N1CCc2nc(-c3cc4ccccc4[nH]c3=O)[nH]c2C1,8.8861
O=C(c1ccc(CN2CCCCC2)cc1)N1CCc2nc(-c3cc4cc(F)ccc4[nH]c3=O)[nH]c2C1,8.3098
CCN(CC)CC(=O)N1CCc2nc(-c3cc4ccccc4[nH]c3=O)[nH]c2C1,6.5229
O=C(CN1CCOCC1)N1CCc2nc(-c3cc4ccccc4[nH]c3=O)[nH]c2C1,6.5229
O=C(CN1CCOCC1)N1CCc2nc(-c3cc4c(F)cccc4[nH]c3=O)[nH]c2C1,5.9586
O=C(CN1CCOCC1)N1CCc2nc(-c3cc4cc(F)ccc4[nH]c3=O)[nH]c2C1,8.3665
O=C(CN1CCOCC1)N1CCc2nc(-c3cc4cc(Cl)ccc4[nH]c3=O)[nH]c2C1,7.4559
COc1ccc2[nH]c(=O)c(-c3nc4c([nH]3)CN(C(=O)CN3CCOCC3)CC4)cc2c1,6.1192
CN1CCN(CC(=O)N2CCc3nc(-c4cc5ccccc5[nH]c4=O)[nH]c3C2)CC1,6.5229
CN1CCN(CC(=O)N2CCc3nc(-c4cc5c(F)cccc5[nH]c4=O)[nH]c3C2)CC1,5.9788
CN1CCN(CC(=O)N2CCc3nc(-c4cc5cc(F)ccc5[nH]c4=O)[nH]c3C2)CC1,7.8861
CN1CCN(CC(=O)N2CCc3nc(-c4cc5cc(Cl)ccc5[nH]c4=O)[nH]c3C2)CC1,7.7212
COc1ccc2[nH]c(=O)c(-c3nc4c([nH]3)CN(C(=O)CN3CCN(C)CC3)CC4)cc2c1,5.9586
O=C(CN1CCCCC1)N1CCc2nc(-c3cc4ccccc4[nH]c3=O)[nH]c2C1,7.7959
O=C(CN1CCCCC1)N1CCc2nc(-c3cc4c(F)cccc4[nH]c3=O)[nH]c2C1,6.1308
O=C(CN1CCCCC1)N1CCc2nc(-c3cc4cc(F)ccc4[nH]c3=O)[nH]c2C1,8.0969
O=C(CN1CCCCC1)N1CCc2nc(-c3cc4cc(Cl)ccc4[nH]c3=O)[nH]c2C1,7.6576
COc1ccc2[nH]c(=O)c(-c3nc4c([nH]3)CN(C(=O)CN3CCCCC3)CC4)cc2c1,6.5528
O=C(CN1CCCC1)N1CCc2nc(-c3cc4ccccc4[nH]c3=O)[nH]c2C1,6.3979
O=C(Cc1ccccn1)N1CCc2nc(-c3cc4ccccc4[nH]c3=O)[nH]c2C1,8.8861
O=C(Cc1ccccn1)N1CCc2nc(-c3cc4cc(F)ccc4[nH]c3=O)[nH]c2C1,9.1549
O=C(Cc1ccncc1)N1CCc2nc(-c3cc4ccccc4[nH]c3=O)[nH]c2C1,8.1739
O=C(Cc1ccncc1)N1CCc2nc(-c3cc4cc(F)ccc4[nH]c3=O)[nH]c2C1,8.0655
O=C(Cc1ccncc1)N1CCc2nc(-c3cc4cc(Cl)ccc4[nH]c3=O)[nH]c2C1,9.3010
Cc1cccc(NC(=O)N2CCc3nc(-c4cc5ccccc5[nH]c4=O)[nH]c3C2)c1,8.6778
COc1ccc(NC(=O)N2CCc3nc(-c4cc5ccccc5[nH]c4=O)[nH]c3C2)cc1,7.3372
CNC(=O)/C=C/c1cnc(N)c2c(-c3ccc(NC(=O)Nc4cccc(C)c4)cc3)csc12,7.9397
CNC(=O)c1cnc(N)c2c(-c3ccc(NC(=O)Nc4cccc(C)c4)cc3)csc12,8.8495
Cc1cccc(NC(=O)Nc2ccc(-c3csc4c(-c5ccoc5)cnc(N)c34)cc2)c1,7.9754
Cc1cccc(NC(=O)Nc2ccc(-c3csc4c(-c5ccsc5)cnc(N)c34)cc2)c1,7.7772
Cc1cccc(NC(=O)Nc2ccc(-c3csc4c(-c5cc[nH]c5)cnc(N)c34)cc2)c1,8.6990
Cc1cccc(NC(=O)Nc2ccc(-c3csc4c(-c5cc[nH]n5)cnc(N)c34)cc2)c1,8.3724
Cc1ccccc1NC(=O)Nc1ccc(-c2csc3c(-c4cnn(C)c4)cnc(N)c23)cc1,8.6990
Cn1cc(-c2cnc(N)c3c(-c4ccc(NC(=O)Nc5ccccc5)cc4)csc23)cn1,8.5229
Cn1cc(-c2cnc(N)c3c(-c4ccc(NC(=O)Nc5ccccc5F)cc4)csc23)cn1,8.5229
Cn1cc(-c2cnc(N)c3c(-c4ccc(NC(=O)Nc5cccc(Cl)c5)cc4)csc23)cn1,8.1549
Cn1cc(-c2cnc(N)c3c(-c4ccc(NC(=O)Nc5ccc(Cl)cc5)cc4)csc23)cn1,8.0969
COc1ccccc1NC(=O)Nc1ccc(-c2csc3c(-c4cnn(C)c4)cnc(N)c23)cc1,8.2218
COc1ccc(NC(=O)Nc2ccc(-c3csc4c(-c5cnn(C)c5)cnc(N)c34)cc2)cc1,8.2218
Cn1cc(-c2cnc(N)c3c(-c4ccc(NC(=O)Nc5ccc(OC(F)(F)F)cc5)cc4)csc23)cn1,8.5229
Cn1cc(-c2cnc(N)c3c(-c4ccc(NC(=O)Nc5cccc(C(N)=O)c5)cc4)csc23)cn1,8.6990
CC(C)Cn1cc(-c2cnc(N)c3c(-c4ccc(NC(=O)Nc5cccc(F)c5)cc4)csc23)cn1,7.6021
CC(C)CCn1cc(-c2cnc(N)c3c(-c4ccc(NC(=O)Nc5cccc(F)c5)cc4)csc23)cn1,7.6021
CS(=O)(=O)CCn1cc(-c2cnc(N)c3c(-c4ccc(NC(=O)Nc5cccc(F)c5)cc4)csc23)cn1,9.0000
Nc1ncc(-c2cnn(CCN3CCCCC3)c2)c2scc(-c3ccc(NC(=O)Nc4cccc(F)c4)cc3)c12,8.3979
CN1CCC(n2cc(-c3cnc(N)c4c(-c5ccc(NC(=O)Nc6cccc(F)c6)cc5)csc34)cn2)C1=O,8.2218
C[C@@H](O)Cn1cc(-c2cnc(N)c3c(-c4ccc(NC(=O)Nc5cccc(F)c5)cc4)csc23)cn1,8.5229
Nc1ncc(-c2cnn(CCCN3CC[C@@H](O)C3)c2)c2scc(-c3ccc(NC(=O)Nc4cccc(F)c4)cc3)c12,8.6990
CCc1cc(NC(=O)Cc2ccc(Oc3ccnc4cc(OC)c(OC)cc34)cc2OC)n[nH]1,8.5229
CCc1cc(NC(=O)Cc2ccc(Oc3ccnc4cc(OC)ccc34)cc2OC)n[nH]1,8.3979
COc1cc2ncnc(Oc3ccc(CC(=O)Nc4cnn(C(C)C)c4)cc3)c2cc1OC,8.0969
COc1ccc2c(Oc3ccc(CC(=O)Nc4ncc(C)s4)c(OC)c3)ccnc2c1,7.6990
CCc1cc(NC(=O)Cc2ccc(Oc3ccnc4cc(OC)ccc34)cc2OC)no1,7.6990
COc1ccc2c(Oc3ccc(CC(=O)Nc4cc(C)cc(CN(C)C)c4)c(OC)c3)ccnc2c1,7.6383
CCn1cc(NC(=O)Cc2ccc(Oc3ccnc4cc(OC)ccc34)cc2OC)cn1,7.1739
CCn1cc(NC(=O)Cc2ccc(Oc3ccnc4cc(OC)c(OC)cc34)cc2OC)cn1,7.0862
COc1cc2nccc(Oc3ccc(CC(=O)Nc4cn(C)nc4C)cc3)c2cc1OC,6.7375
CCn1cc(NC(=O)Cc2ccc(Oc3ccnc4cc(OC)c(OC)cc34)cn2)cn1,6.6108
COc1cc2ncnc(Nc3ccc(CC(=O)Nc4cnn(C(C)C)c4)cc3)c2cc1OC,6.3143
COc1ccc2c(Oc3ccc(CC(=O)Nc4n[nH]c(C)c4C)c(OC)c3)ccnc2c1,6.2882
CCc1c[nH]nc1NC(=O)Cc1ccc(Oc2ccnc3cc(OC)ccc23)cc1OC,5.8938
COc1ccc2c(Oc3ccc(CC(=O)Nc4noc(C)c4C)c(OC)c3)ccnc2c1,5.7894
COc1cc(Oc2ccnc3cc(OC)c(OC)cc23)ccc1CC(=O)Nc1noc(C)c1C,5.7169
CCn1cc(NC(=O)Cc2ccc(Oc3ccnc4ccc(OC)cc34)cc2OC)cn1,5.6834
COc1ccc2c(Oc3ccc(CC(=O)Nc4cnn(C)c4)c(OC)c3)ccnc2c1,5.6054
COc1cc(Oc2ccnc3cc(OC)c(OC)cc23)ccc1CC(=O)Nc1cn(C)nc1C,5.4030
CCn1cc(NC(=O)Cc2ccc(Oc3ccnc4ccc(F)cc34)cc2OC)cn1,5.3908
CCn1cc(NC(=O)Cc2ccc(Oc3ccnc4cc(F)ccc34)cc2OC)cn1,5.3684
CCn1cc(NC(=O)Cc2ncc(Oc3ccnc4cc(OC)ccc34)cc2OC)cn1,5.3262
CCn1cc(NC(=O)Cc2ccc(Oc3ncnc4cc(OC)c(OC)cc34)c(OC)c2)cn1,5.3212
CCOc1cc2nccc(Oc3cnc(CC(=O)Nc4n[nH]c(CC)c4C)c(OC)c3)c2cc1OC,5.3170
COc1ccc2c(Oc3ccc(CC(=O)Nc4cn(C)nc4C)c(OC)c3)ccnc2c1,4.9590
Cc1cn2c(-c3cn[nH]c3)cnc2c(Nc2cc(CN3CCCCC3)ns2)n1,8.3979
Cc1cn2c(-c3cnn(CC(=O)NCc4cccs4)c3)cnc2c(Nc2cc(CN3CCCC(C)C3)ns2)n1,6.6308
Cc1cn2c(-c3cnn(CC(=O)Nc4cccc(F)c4F)c3)cnc2c(Nc2cc(CN3CCCCC3)ns2)n1,6.3179
Cc1cn2c(-c3cnn(CC(=O)Nc4ccncc4)c3)cnc2c(Nc2cc(CN3CCCC(C)C3)ns2)n1,6.9666
Cc1cn2c(-c3cnn(CC(=O)Nc4ccncc4F)c3)cnc2c(Nc2cc(CN3CCCC(C)C3)ns2)n1,6.5969
C=C(C)Cn1c(C)c(C(=O)Nc2ccc(Oc3ccnc4cc(OC)ccc34)c(F)c2)c(=O)n1-c1ccccc1,7.1302
CCCn1c(C)c(C(=O)Nc2ccc(Oc3ccnc4cc(OC)ccc34)cn2)c(=O)n1-c1ccccc1,6.5100
CCn1c(C)c(C(=O)Nc2ccc(Oc3ccnc4cc(OC)ccc34)cn2)c(=O)n1-c1ccccc1,6.4647
CCn1c(C)c(C(=O)Nc2ccc(Oc3ccnc4cc(OC)ccc34)c(F)c2)c(=O)n1-c1ccccc1,6.6840
COc1ccc2c(Oc3ccc(NC(=O)c4c(-c5csc(C)n5)n(C)n(-c5ccccc5)c4=O)nc3)ccnc2c1,6.2306
COc1ccc2c(Oc3ccc(NC(=O)c4c(-c5cc(C)on5)n(C)n(-c5ccccc5)c4=O)nc3)ccnc2c1,6.3002
COc1ccc2c(Oc3ccc(NC(=O)c4c(-c5cnccn5)n(C)n(-c5ccccc5)c4=O)nc3)ccnc2c1,5.3251
COc1ccc2c(Oc3ccc(NC(=O)c4c(-c5cccnc5)n(C)n(-c5ccccc5)c4=O)nc3)ccnc2c1,5.5482
COc1ccc2c(Oc3ccc(NC(=O)c4c(-c5ccccn5)n(C)n(-c5ccccc5)c4=O)nc3)ccnc2c1,5.8601
COc1ccc2c(Oc3ccc(NC(=O)c4c(C5CCOCC5)n(C)n(-c5ccccc5)c4=O)nc3)ccnc2c1,5.5654
COc1ccc2c(Oc3ccc(NC(=O)c4c(C5CCOCC5)n(C)n(-c5ccccc5)c4=O)cc3F)ccnc2c1,6.0246
COc1ccc2c(Oc3ccc(NC(=O)c4c(C5CCOC5)n(C)n(-c5ccccc5)c4=O)cc3F)ccnc2c1,6.8827
COc1ccc2c(Oc3ccc(NC(=O)c4c(C5CCCO5)n(C)n(-c5ccccc5)c4=O)cc3F)ccnc2c1,6.1500
COc1ccc2c(Oc3ccc(NC(=O)c4c([C@@H]5CCCN5)n(C)n(-c5ccccc5)c4=O)cc3F)ccnc2c1,5.6498
COc1ccc2c(Oc3ccc(NC(=O)c4c(C(C)(C)N)n(C)n(-c5ccccc5)c4=O)cc3F)ccnc2c1,5.4750
COc1ccc2c(Oc3ccc(NC(=O)c4c(CN5CCCC5)n(C)n(-c5ccccc5)c4=O)nc3)ccnc2c1,5.6946
COc1ccc2c(Oc3ccc(NC(=O)c4c(CN5CCCC5)n(C)n(-c5ccccc5)c4=O)cc3F)ccnc2c1,5.8827
CCN(C)Cc1c(C(=O)Nc2ccc(Oc3ccnc4cc(OC)ccc34)c(F)c2)c(=O)n(-c2ccccc2)n1C,6.0443
COc1ccc2c(Oc3ccc(NC(=O)c4c(CNC(=O)OC(C)(C)C)n(C)n(-c5ccccc5)c4=O)cc3F)ccnc2c1,5.9066
COc1ccc2c(Oc3ccc(NC(=O)c4c(CN)n(C)n(-c5ccccc5)c4=O)cc3F)ccnc2c1,6.2668
COc1ccc2c(Oc3cnc(NC(=O)c4c(C)n(C)n(-c5ccccc5)c4=O)nc3)ccnc2c1,5.7878
COc1ccc2c(Oc3ccc(NC(=O)c4c(C)n(C)n(-c5ccccc5)c4=O)nc3)ccnc2c1,7.3768
COc1cc2nccc(Oc3ccc(NC(=O)c4c(C)n(C)n(-c5ccccc5)c4=O)nc3)c2cc1OC,7.7352
COc1ccc2c(Oc3ccc(NC(=O)c4c(C)n(C)n(-c5ccccc5)c4=O)c(OC)c3)ccnc2c1,6.1537
COc1cc2nccc(Oc3ccc(NC(=O)c4c(C)n(C)n(-c5ccccc5)c4=O)c(Cl)c3)c2cc1OC,7.4449
COc1cc2nccc(Oc3ccc(NC(=O)c4c(C)n(C)n(-c5ccccc5)c4=O)cn3)c2cc1OC,5.7033
CCc1cc2c(Oc3ccc(NC(=O)c4c(C)n(C)n(-c5ccccc5)c4=O)cc3F)ccnc2cc1OC,7.4202
COc1cc2nccc(Oc3ccc(NC(=O)c4c(C)n(C)n(-c5ccccc5)c4=O)cc3F)c2cc1Br,7.1029
COc1cc2nccc(Oc3ccc(NC(=O)c4c(C)n(C)n(-c5ccccc5)c4=O)cc3F)c2cc1OC,8.1079
COc1cc2ncnc(Oc3cccc(NC(=O)Nc4cc(C(C)(C)C(F)(F)F)on4)c3)c2cc1OC,7.9332
COc1ccc2c(Oc3ccc(NC(=O)c4c(C)n(CC5CNC(=O)O5)n(-c5ccccc5)c4=O)cc3F)ccnc2c1,6.2848
COc1ccc2c(Oc3ccc(NC(=O)c4c(C)n(CC(O)CN)n(-c5ccccc5)c4=O)cc3F)ccnc2c1,6.4179
COc1ccc2c(Oc3ccc(NC(=O)c4c(C)n(CC(O)C(C)C)n(-c5ccccc5)c4=O)cc3F)ccnc2c1,6.4101
CC[C@H](O)Cn1c(C)c(C(=O)Nc2ccc(Oc3ccnc4cc(OC)ccc34)c(F)c2)c(=O)n1-c1ccccc1,6.6091
COc1ccc2c(Oc3ccc(NC(=O)c4c(C)n(CC(C)O)n(-c5ccccc5)c4=O)nc3)ccnc2c1,6.0306
COc1ccc2c(Oc3ccc(NC(=O)c4c(C)n(CC(C)O)n(-c5ccccc5)c4=O)cc3F)ccnc2c1,6.5901
COCCn1c(C)c(C(=O)Nc2ccc(Oc3ccnc4cc(OC)ccc34)cn2)c(=O)n1-c1ccccc1,6.4881
COc1ccc2c(Oc3ccc(NC(=O)c4c(C)n(CCO)n(-c5ccccc5)c4=O)nc3)ccnc2c1,6.6308
COc1ccc2c(Oc3ccc(NC(=O)c4c(C)n(CCO)n(-c5ccccc5)c4=O)cc3F)ccnc2c1,6.7190
COc1ccc2c(Oc3ccc(NC(=O)c4c(C)n(CCN)n(-c5ccccc5)c4=O)cc3F)ccnc2c1,6.3449
Cn1c(=O)c2ccc(-c3nc4ccccc4n3C)nc2n(C)c1=O,4.0706
Cn1c(-c2ccnc(Nc3ccccc3)n2)nc2ccccc21,4.8729
Cc1ccc(Nc2nccc(-c3nc4ccccc4n3C)n2)cc1,4.6021
Cn1c(-c2ccnc(Nc3ccc(Cl)cc3)n2)nc2ccccc21,4.4202
Cn1c(-c2ccnc(Nc3ccc(N4CCOCC4)cc3)n2)nc2ccccc21,4.1612
COc1ccc(Nc2nccc(-c3nc4ccccc4n3C)n2)cc1,4.3565
Cn1c(-c2ccnc(Nc3ccc(O)cc3)n2)nc2ccccc21,5.0362
Cn1c(-c2ccnc(Nc3cccc(O)c3)n2)nc2ccccc21,5.4949
Cn1c(-c2ccnc(Nc3ccc(O)c(Cl)c3)n2)nc2ccccc21,5.1249
COc1ccc(Nc2nccc(-c3nc4ccccc4n3C)n2)cc1O,5.1427
CNC(=O)c1cc(Oc2ccc(NC(=O)Nc3ccc(Cl)c(C(F)(F)F)c3)cc2)ccn1.Cc1ccc(S(=O)(=O)O)cc1,7.9031
O=C(Nc1ccc(-c2cccc3c(=O)[nH][nH]c23)cc1)Nc1cccc(C(F)(F)F)c1,7.3979
O=C(Nc1ccc(-c2cccc3[nH][nH]c(=O)c23)cc1)Nc1cccc(C(F)(F)F)c1,8.0000
Nc1nc2c(c(Nc3ccc(Cl)cc3F)n1)-c1ccccc1C2,3.7053
Nc1nc2c(c(Nc3ccc(F)c(Cl)c3)n1)-c1ccccc1C2,4.1373
COc1cccc(Nc2nc(N)nc3c2-c2ccccc2C3)c1,4.3665
Nc1nc2c(c(Nc3ccc(Br)cc3)n1)-c1ccccc1C2,4.5214
Nc1nc2c(c(Nc3cccc(Cl)c3)n1)-c1ccccc1C2,3.8732
Nc1nc2c(c(Nc3ccc(F)cc3)n1)-c1ccccc1C2,4.0491
Nc1nc2c(c(Nc3cccc(F)c3)n1)-c1ccccc1C2,4.2541
CC(C)c1ccc(Nc2nc(N)nc3c2-c2ccccc2C3)cc1,4.9586
Nc1nc2c(c(Nc3ccccc3)n1)-c1ccccc1C2,3.7665
COc1cc2c(Nc3ccc(Br)cc3F)ncnc2cc1OC[C@@H]1CCCN(CCF)C1,7.3979
CCN(CC)CCNC(=O)c1c(C)[nH]c(/C=C2\C(=O)Nc3ccc(I)cc32)c1C,7.7959
CN1CCN(c2ccc(C(=O)Nc3cc(-c4ccc(NC(=O)OCc5ccccc5)cc4)n[nH]3)cc2)CC1,7.3188
CN1CCN(c2ccc(C(=O)Nc3cc(-c4ccc(NC(=O)Oc5ccccc5)cc4)n[nH]3)cc2)CC1,6.7447
O=C(Nc1ccc(-c2cc(NC(=O)c3ccc(OCCN4CCCC4)cc3)[nH]n2)cc1)Oc1ccccc1,6.5229
CN1CCN(c2ccc(C(=O)Nc3cc(-c4ccc(CNC(=O)Oc5ccccc5)cc4)n[nH]3)cc2)CC1,7.0362
CCOC(=O)NCc1ccc(-c2cc(NC(=O)c3ccc(N4CCN(C)CC4)cc3)[nH]n2)cc1,6.2518
CN1CCN(c2ccc(C(=O)Nc3cc(-c4ccc(CNC(=O)OCc5ccccc5)cc4)n[nH]3)cc2)CC1,7.0000
O=C(NCc1ccc(-c2cc(NC(=O)c3ccc(OCCN4CCCC4)cc3)[nH]n2)cc1)OCc1ccccc1,6.9208
CN1CCN(Cc2ccc(C(=O)Nc3cc(-c4ccc(CNC(=O)OCc5ccccc5)cc4)n[nH]3)cc2)CC1,6.7696
O=C(NCc1ccc(-c2cc(NC(=O)c3ccc(OCCN4CCOCC4)cc3)[nH]n2)cc1)OCc1ccccc1,6.4318
O=C(NCc1ccc(-c2cc(NC(=O)c3ccc(OCCCN4CCCC4)cc3)[nH]n2)cc1)OCc1ccccc1,6.6198
CN1CCN(c2ccc(C(=O)Nc3cc(-c4ccc(CNC(=O)OCc5cccnc5)cc4)n[nH]3)cc2)CC1,6.6576
Cc1cc(COC(=O)NCc2ccc(-c3cc(NC(=O)c4ccc(N5CCN(C)CC5)cc4)[nH]n3)cc2)no1,6.4318
Cc1cc(COC(=O)NCc2ccc(-c3cc(NC(=O)c4ccc(OCCN5CCCC5)cc4)[nH]n3)cc2)no1,6.3188
Cc1nc(Nc2cc(-c3ccc(CNC(=O)OCc4ccccc4)cc3)n[nH]2)cc(N2CCN(C)CC2)n1,6.5086
Cc1nc(Nc2cc(-c3ccc(CNC(=O)OCc4ccccc4)cc3)n[nH]2)cc(N2CCN(CCO)CC2)n1,6.6198
Cc1nc(Nc2cc(-c3ccc(CNC(=O)OCc4ccccc4)cc3)n[nH]2)cc(N2CCNCC2)n1,6.7212
Cc1cc(Nc2ncc(F)c(N[C@H]3[C@@H](C(N)=O)[C@@H]4C=C[C@H]3C4)n2)ccc1N1CCN(C)CC1,7.3718
Cn1cc(Nc2ncc(F)c(N[C@H]3[C@@H](C(N)=O)[C@@H]4C=C[C@H]3C4)n2)cn1,6.4828
Cc1cnc(Nc2cnn(C)c2)nc1N[C@H]1[C@@H](C(N)=O)[C@@H]2C=C[C@H]1C2,6.3307
COc1cnc(Nc2cnn(C)c2)nc1N[C@H]1[C@@H](C(N)=O)[C@@H]2C=C[C@H]1C2,6.0353
Cn1cc(Nc2ncc(C(N)=O)c(N[C@H]3[C@@H](C(N)=O)[C@@H]4C=C[C@H]3C4)n2)cn1,5.8125
Cn1cc(Nc2ncc([N+](=O)[O-])c(N[C@H]3[C@@H](C(N)=O)[C@@H]4C=C[C@H]3C4)n2)cn1,7.3010
Cn1cc(Nc2ncc(C(F)(F)F)c(N[C@H]3[C@@H](C(N)=O)[C@@H]4C=C[C@H]3C4)n2)cn1,7.6884
Cn1cc(Nc2ncc(Br)c(N[C@H]3[C@@H](C(N)=O)[C@@H]4C=C[C@H]3C4)n2)cn1,8.0458
Cn1cc(Nc2ncc(Cl)c(N[C@H]3[C@@H](C(N)=O)[C@@H]4C=C[C@H]3C4)n2)cn1,7.7764
Cn1cc(Nc2ncc(C(F)(F)F)c(N[C@@H]3[C@H]4CC[C@H](C4)[C@@H]3C(N)=O)n2)cn1,7.1727
Cn1cc(Nc2ncc(C(F)(F)F)c(N[C@H]3C[C@@H]4CC[C@H]3C4)n2)cn1,6.0825
Cn1cc(Nc2ncc(C(F)(F)F)c(N[C@H]3[C@@H](C(N)=O)C[C@H]4C[C@@H]3C4(C)C)n2)cn1,6.5784
CNC(=O)[C@@H]1[C@H](Nc2nc(Nc3cnn(C)c3)ncc2C(F)(F)F)[C@H]2C=C[C@@H]1C2,7.1675
Cn1cc(Nc2ncc(C(F)(F)F)c(N[C@H]3[C@@H](C(=O)NC4CC4)[C@@H]4C=C[C@H]3C4)n2)cn1,6.5346
Cn1cc(Nc2ncc(C(F)(F)F)c(N[C@H]3[C@@H](C(=O)NCCO)[C@@H]4C=C[C@H]3C4)n2)cn1,6.5751
Cn1cc(Nc2ncc(C(F)(F)F)c(Nc3ccccc3C(N)=O)n2)cn1,6.3655
Cn1cc(Nc2ncc(Cl)c(N[C@@H]3[C@H]4CC[C@H](C4)[C@@H]3C(N)=O)n2)cn1,7.3985
Cn1cc(Nc2ncc(Cl)c(N[C@H]3[C@H]4CC[C@H](C4)[C@H]3C(N)=O)n2)cn1,7.7212
Cn1cc(Nc2ncc(Cl)c(N[C@H]3[C@@H](C(N)=O)[C@@H]4CC[C@H]3O4)n2)cn1,6.1593
Cn1cc(Nc2ncc(Cl)c(N[C@@H]3CCCC[C@@H]3C(N)=O)n2)cn1,6.7721
Cn1cc(Nc2ncc(Cl)c(N[C@@H]3CCC[C@@H]3C(N)=O)n2)cn1,6.6091
Cn1cc(Nc2ncc(Cl)c(N[C@@H]3CC[C@@H]3C(N)=O)n2)cn1,6.8153
CCn1cc(Nc2ncc(Cl)c(N[C@H]3[C@@H](C(N)=O)[C@@H]4C=C[C@H]3C4)n2)cn1,8.3099
NC(=O)[C@@H]1[C@H](Nc2nc(Nc3cnn(Cc4ccccc4)c3)ncc2Cl)[C@H]2C=C[C@@H]1C2,7.7658
NC(=O)[C@@H]1[C@H](Nc2nc(Nc3cnn(CCO)c3)ncc2Cl)[C@H]2C=C[C@@H]1C2,7.7703
NC(=O)[C@@H]1[C@H](Nc2nc(Nc3cnn(CC(=O)O)c3)ncc2Cl)[C@H]2C=C[C@@H]1C2,9.0000
NC(=O)Cn1cc(Nc2ncc(Cl)c(N[C@H]3[C@@H](C(N)=O)[C@@H]4C=C[C@H]3C4)n2)cn1,7.2610
CNC(=O)Cn1cc(Nc2ncc(Cl)c(N[C@H]3[C@@H](C(N)=O)[C@@H]4C=C[C@H]3C4)n2)cn1,7.6362
NC(=O)[C@@H]1[C@H](Nc2nc(Nc3cnn(CCN4CCOCC4)c3)ncc2Cl)[C@H]2C=C[C@@H]1C2,7.5768
NC(=O)[C@@H]1[C@H](Nc2nc(Nc3cnn(C4CCNCC4)c3)ncc2Cl)[C@H]2C=C[C@@H]1C2,7.9793
NC(=O)[C@@H]1[C@H](Nc2nc(Nc3cnn([C@@H]4CCCNC4)c3)ncc2Cl)[C@H]2C=C[C@@H]1C2,8.0278
NC(=O)[C@@H]1[C@H](Nc2nc(Nc3cnn(C[C@H]4CCCN4)c3)ncc2Cl)[C@H]2C=C[C@@H]1C2,7.5669
c1ccc2c3c([nH]c2c1)-c1n[nH]cc1CCC3,6.1366
O=C(Nc1cccc(C(F)(F)F)c1)Nc1ccccc1Cl,4.6783
Cc1oc(-c2ccccc2)nc1COc1cccc(CO)c1,4.3010
ClC(Cn1ncc2c(NCc3ccccc3)ncnc21)c1ccccc1,6.0000
c1ccc(-c2c(-c3ccc(OCCN4CCCC4)cc3)[nH]c3ncnc(NCC4SCCS4)c23)cc1,6.4202
Cc1cc(Nc2nc(NCCc3cccnc3)ncc2Br)n[nH]1,6.2000
C=CCNc1ncc(Br)c(Nc2cc(C)[nH]n2)n1,6.0500
Cc1cc(CNc2ncc(Br)c(Nc3cc(C)[nH]n3)n2)on1,5.7000
Cc1cc(Nc2nc(NCc3cc(C(C)(C)C)no3)ncc2Br)n[nH]1,5.4000
COCCCc1cc(Nc2nc(NCc3cc(C)no3)ncc2Br)n[nH]1,5.9000
CCCc1cc(Nc2nc(NCc3cc(C)no3)ncc2Br)n[nH]1,6.0000
Cc1cc(CNc2ncc(Br)c(Nc3cc(CCc4ccccc4)[nH]n3)n2)on1,6.7000
COc1cc(CCc2cc(Nc3ccnc(NCc4cc(C)no4)n3)n[nH]2)cc(OC)c1,6.4500
Cc1cc(CNc2ncc(Cl)c(Nc3cc(C)[nH]n3)n2)on1,6.3000
Cc1cc(CNc2nccc(Nc3cc(C)[nH]n3)n2)on1,6.0000
COCCCc1cc(Nc2ccnc(NCc3cc(C)no3)n2)n[nH]1,5.6000
Cc1cc(CNc2nccc(Nc3cc(CCc4ccccc4)[nH]n3)n2)on1,6.9000
Cc1cc(Nc2nc(NCc3ccccn3)ncc2Br)n[nH]1,5.8000
Cc1cc(Nc2nc(NCCCc3c[nH]nc3C)ncc2Br)n[nH]1,6.3000
Cc1cc(Nc2nc(NCCc3ccco3)ncc2Br)n[nH]1,6.7000
Cc1cnc(CNc2ncc(Br)c(Nc3cc(C)[nH]n3)n2)cn1,6.0000
Cc1cc(CCNc2ncc(Br)c(Nc3cc(C)[nH]n3)n2)on1,6.3000
Cc1cc(Nc2nc(NCc3ncccc3C)ncc2Br)n[nH]1,6.3000
Cc1cc(Nc2nc(NCc3cc(C(=O)N4CCCC4)no3)ncc2Br)n[nH]1,4.8000
Cc1cc(Nc2ccnc(NCc3cc(C4CC4)no3)n2)n[nH]1,6.1000
Cc1cc(Nc2ccnc(NCc3cc(C(N)=O)no3)n2)n[nH]1,5.9000
Cc1cc(CNc2nccc(Nc3cc(CO)[nH]n3)n2)on1,4.7000
CCc1cc(Nc2nc(NCc3ccccn3)ncc2Br)n[nH]1,6.3000
CCc1cc(Nc2nc(NCc3cc(-c4ccccn4)no3)ncc2Br)n[nH]1,5.5000
CCCc1cc(Nc2nc(NCc3cccnc3)ncc2Br)n[nH]1,6.9000
CC(C)c1cc(Nc2nc(NCc3cccnc3)ncc2Br)n[nH]1,6.4000
COCCCc1cc(Nc2ccnc(NCc3cc(C4CC4)no3)n2)n[nH]1,5.8000
COCCCc1cc(Nc2ccnc(NCc3cc(C(N)=O)no3)n2)n[nH]1,5.9000
COc1cc(CCc2cc(Nc3ccnc(NCc4ccccn4)n3)n[nH]2)cc(OC)c1,6.4000
COc1cc(CCc2cc(Nc3ccnc(NCc4cc(C)on4)n3)n[nH]2)cc(OC)c1,6.9000
CCCCNC(=O)c1ccc2c(c1)C(=C(c1ccccc1)c1nc3ccccc3[nH]1)C(=O)N2,7.3313
COCCNC(=O)c1ccc2c(c1)C(=C(c1ccccc1)c1nc3ccccc3[nH]1)C(=O)N2,7.0270
CN1CCN(C(=O)c2ccc3c(c2)C(=C(c2ccccc2)c2nc4ccccc4[nH]2)C(=O)N3)CC1,6.2739
COCCNS(=O)(=O)c1ccc2c(c1)C(=C(c1ccccc1)c1nc3ccccc3[nH]1)C(=O)N2,5.3517
CN1CCN(S(=O)(=O)c2ccc3c(c2)C(=C(c2ccccc2)c2nc4ccccc4[nH]2)C(=O)N3)CC1,5.1164
CCN1CCC(Oc2ccc3c(c2)C(=C(c2ccccc2)c2nc4cc(OC)ccc4[nH]2)C(=O)N3)CC1,7.1646
CCN1CCCC(Nc2ccc3c(c2)C(=C(c2ccccc2)c2nc4cc(OC)ccc4[nH]2)C(=O)N3)C1,6.4295
CCN1CCC(Nc2ccc3c(c2)C(=C(c2ccccc2)c2nc4cc(OC)ccc4[nH]2)C(=O)N3)CC1,7.7843
COCCN1CCC(Nc2ccc3c(c2)C(=C(c2ccccc2)c2nc4ccccc4[nH]2)C(=O)N3)CC1,7.9077
CCN1CCC(Nc2ccc3c(c2)C(=C(c2ccc(OC)cc2)c2nc4ccccc4[nH]2)C(=O)N3)CC1,7.8861
CCN1CCC(Nc2ccc3c(c2)C(=C(c2ccccc2)c2ncc[nH]2)C(=O)N3)CC1,7.2124
CCN1CCC(Nc2ccc3c(c2)C(=C(c2cccc(F)c2)c2ncc[nH]2)C(=O)N3)CC1,7.9269
CCN1CCC(Nc2ccc3c(c2)C(=C(c2ccc(Cl)cc2)c2ncc[nH]2)C(=O)N3)CC1,8.1783
CCN1CCC(Nc2ccc3c(c2)C(=C(c2cccc(F)c2)c2nc(C)c[nH]2)C(=O)N3)CC1,8.3099
CCN1CCC(Nc2ccc3c(c2)C(=C(c2cc(F)cc(F)c2)c2nc(C)c[nH]2)C(=O)N3)CC1,8.3389
CCN1CCC(Nc2ccc3c(c2)C(=C(c2nc(C)c[nH]2)c2ccccc2F)C(=O)N3)CC1,8.1594
Cc1ccccc1C(=C1C(=O)Nc2ccccc21)c1nc2ccccc2[nH]1,7.0132
Cc1cccc(C(=C2C(=O)Nc3ccccc32)c2nc3ccccc3[nH]2)c1,6.9245
Cc1ccc(C(=C2C(=O)Nc3ccccc32)c2nc3ccccc3[nH]2)cc1,7.0555
O=C1Nc2ccccc2C1=C(c1ccc(F)cc1)c1nc2ccccc2[nH]1,6.1986
O=C1Nc2ccccc2C1=C(c1cccc(F)c1)c1nc2ccccc2[nH]1,6.9031
O=C1Nc2ccccc2C1=C(c1cc(F)cc(F)c1)c1nc2ccccc2[nH]1,6.9747
O=C1Nc2ccccc2C1=C(c1nc2ccccc2[nH]1)c1ccc(F)cc1F,6.5376
O=C1Nc2ccccc2C1=C(c1ccc(C(F)(F)F)cc1)c1nc2ccccc2[nH]1,4.7011
O=C1Nc2ccccc2C1=C(c1nc2ccccc2[nH]1)c1ccc(Cl)cc1Cl,5.6615
COc1ccc(C(=C2C(=O)Nc3ccccc32)c2nc3ccccc3[nH]2)cc1,6.4855
CCOc1ccc(C(=C2C(=O)Nc3ccccc32)c2nc3ccccc3[nH]2)cc1,5.0054
Nc1ccc(C(=C2C(=O)Nc3ccccc32)c2nc3ccccc3[nH]2)cc1,7.1675
O=C1Nc2ccc(Br)cc2C1=C(c1ccccc1)c1nc2ccccc2[nH]1,7.2924
O=C1Nc2cc(Br)ccc2C1=C(c1ccccc1)c1nc2ccccc2[nH]1,5.3116
O=C1Nc2c(Br)cccc2C1=C(c1ccccc1)c1nc2ccccc2[nH]1,5.3116
O=C1Nc2ccc(C(=O)O)cc2C1=C(c1ccccc1)c1nc2ccccc2[nH]1,8.3979
O=C1Nc2cc(C(=O)O)ccc2C1=C(c1ccccc1)c1nc2ccccc2[nH]1,6.6716
O=C1Nc2c(C(=O)O)cccc2C1=C(c1ccccc1)c1nc2ccccc2[nH]1,4.6265
Nc1ccc2c(c1)C(=C(c1ccccc1)c1nc3ccccc3[nH]1)C(=O)N2,7.4949
Cc1ccc(C(=C2C(=O)Nc3ccc(C(=O)O)cc32)c2nc3ccccc3[nH]2)cc1,8.3010
Cc1ccc(C(=C2C(=O)Nc3ccc(N)cc32)c2nc3ccccc3[nH]2)cc1,7.0862
COc1ccc2[nH]c(C(=C3C(=O)Nc4ccc(C(=O)O)cc43)c3ccccc3)nc2c1,8.5229
COc1ccc2[nH]c(C(=C3C(=O)Nc4ccc(N)cc43)c3ccccc3)nc2c1,7.2218
CCCCNS(=O)(=O)c1ccc2c(c1)C(=C(c1ccccc1)c1nc3ccccc3[nH]1)C(=O)N2,5.9454
CCN1CCC(Nc2ccc3c(c2)C(=C(c2ccccc2)c2nc4ccccc4[nH]2)C(=O)N3)CC1,8.2218
CCN1CCC(Nc2ccc3c(c2)C(=C(c2ccc(C)cc2)c2nc4ccccc4[nH]2)C(=O)N3)CC1,8.0969
CCN1CCC(Nc2ccc3c(c2)C(=C(c2cccc(F)c2)c2nc4ccccc4[nH]2)C(=O)N3)CC1,8.5229
CCN1CCC(Nc2ccc3c(c2)C(=C(c2cc(F)cc(F)c2)c2nc4ccccc4[nH]2)C(=O)N3)CC1,8.3979
CCN(CC)CCNC(=O)c1c(C)[nH]c(/C=C2\C(=O)Nc3ccc(OC)cc32)c1C,7.6990
COC(=O)Nc1nc2cc(C(=O)c3ccccc3)ccc2[nH]1,5.3665
CCN(CC)CCNC(=O)c1c(C)[nH]c2c1CCC/C2=C1/C(=O)Nc2ccc(F)cc21,8.4697
COc1cc2ncnc(Sc3nnc(C)s3)c2cc1OC,7.4949
Cc1cc(C(=O)Nc2cc(Oc3ccc4nc(NC(=O)C5CC5)cn4n3)ccc2C)n(C)n1,9.0223
CCN1CCN(Cc2ccc(-c3cc4c(N[C@H](C)c5ccccc5)ncnc4[nH]3)cc2)CC1,7.1135
CNC(=O)c1cccc2cc(Oc3ccnc4cc(OCC5(N)CC5)c(OC)cc34)ccc12.Cl,7.6021
COc1cc(Nc2ncc(F)c(Nc3ccc4c(n3)N(COP(=O)([O-])[O-])C(=O)C(C)(C)O4)n2)cc(OC)c1OC.O.O.O.O.O.O.[Na+].[Na+],7.1549
CN1CCN(c2ccc(Nc3ncc4nc(Nc5ccccc5)n(C5CCCC5)c4n3)cc2)CC1,7.9269
COc1cc(C2=C(c3c[nH]c4cnccc34)C(=O)NC2=O)cc(OC)c1OC,7.3188
COc1cc(C2=C(c3c[nH]c4cccnc34)C(=O)NC2=O)cc(OC)c1OC,6.4283
COc1cc(C2=C(c3c[nH]c4ccncc34)C(=O)NC2=O)cc(OC)c1OC,6.9337
COc1cc(C2=C(c3c[nH]c4ncccc34)C(=O)NC2=O)cc(OC)c1OC,7.4318
CN(c1ccc(F)c(NC(=O)c2cccc(OC(C)(C)C#N)c2Cl)c1)c1ccc2nc(NC(=O)C3CC3)sc2n1,8.5229
CC(C)(C#N)Oc1cccc(C(=O)Nc2cc(Nc3ccc4nc(NC(=O)C5CC5)sc4n3)ccc2F)c1Cl,7.1938
CC(=O)Nc1nc2ccc(N(C)c3ccc(F)c(NC(=O)c4cccc(OC(C)(C)C#N)c4Cl)c3)nc2s1,7.8539
CC(=O)Nc1nc2ccc(N(C)c3ccc(F)c(NC(=O)c4cccc(OC(C)(C)C#N)c4)c3)nc2s1,8.0000
CC(=O)Nc1nc2cnc(Nc3cc(NC(=O)c4cccc(C5(C#N)CC5)c4Cl)ccc3C)nc2s1,6.4685
CC(=O)Nc1nc2cnc(Nc3cc(NC(=O)c4cccc(OC(C)(C)C#N)c4)ccc3C)nc2s1,6.2924
CC(=O)Nc1nc2cnc(Nc3cc(NC(=O)c4cccc(CC(C)(C)C#N)c4)ccc3C)nc2s1,6.5229
CC(=O)Nc1nc2cnc(Nc3cc(NC(=O)c4cccc(CCC#N)c4)ccc3C)nc2s1,6.3872
O=S1(=O)NCCCNc2nc(ncc2Br)Nc2cccc1c2,7.3979
O=C(Nc1cccc(C(F)(F)F)c1)c1cccc(Oc2ccc3nccn3n2)c1,7.7447
O=C(Nc1ccccc1)c1cccc(Oc2ccc3nccn3n2)c1,6.1938
O=C(Nc1cccc(Oc2ccc3nccn3n2)c1)c1cccc(C(F)(F)F)c1,7.4559
O=C(Nc1cccc(Oc2ccc3nccn3n2)c1)c1ccccc1,7.0969
O=C(Nc1ccc(C(F)(F)F)cc1)Nc1cccc(Oc2ccc3nccn3n2)c1,7.5376
O=C(Nc1cccc(Oc2ccc3nccn3n2)c1)Nc1cccc(C(F)(F)F)c1,7.9208
O=C(Nc1ccccc1)Nc1cccc(Oc2ccc3nccn3n2)c1,7.2840
O=C(Nc1ccccc1)Nc1ccc(Oc2ccc3nccn3n2)cc1,5.2840
O=C(Nc1ccc(-c2ccnc(Nc3ccc(N4CCOCC4)cc3)n2)cc1)[C@H]1CCCN1,6.3155
CC(C)(C)Nc1c(Nc2ccnc(Nc3ccc(-c4ccncc4)cc3)n2)c(=O)c1=O,7.0088
Cc1csc(-c2nc(CNC(=O)OCC(C)C)[nH]c2-c2ccc3ncsc3c2)n1,5.9666
CCOC(=O)C(=O)N(Cc1cccc(F)c1)c1ccc2c(c1)N(C)CC(C)(COc1ccc(C(=N)N)cc1)O2.O=C(O)C(F)(F)F,4.0969
CN1CC(C)(COc2ccc(C(=N)N)cc2)Oc2ccc(N(CC(=O)O)Cc3cc(F)cc(F)c3)cc21.O=C(O)C(F)(F)F,4.6478
O=C(NCCCN1CCOC1=O)c1cnc(NCc2cc(Cl)ccc2Cl)nc1NC1CCCC1,4.7970
O=C(NCCCN1CCCC1=O)c1cnc(NCc2cc(Cl)ccc2Cl)nc1NC1CCCC1,4.8758
Clc1ccc(C2=NN(c3ccccc3)C(c3ccc4ccccc4c3)C2)cc1Cl,5.7375
Cc1ccc(C2=NN(c3ccccc3)C(c3ccc4ccccc4c3)C2)cc1,5.8069
COc1ccc(C2=NN(c3ccccc3)C(c3cccc4ccccc34)C2)cc1,5.4685
NC(=S)N1N=C(c2ccc(Cl)c(Cl)c2)CC1c1ccc2ccccc2c1,5.4949
Cc1ccc(C2=NN(C(N)=S)C(c3ccc4ccccc4c3)C2)cc1,5.6778
COc1ccc(C2=NN(C(N)=S)C(c3cccc4ccccc34)C2)cc1,5.3872
Cc1[nH]nc2c1N=C(c1ccccc1Cl)c1cc(N)ccc1N2,7.4685
FC(F)(F)c1nc2cnc3[nH]ccc3c2n1C1CCCCC1,6.1427
Cc1nc2cnc3[nH]ccc3c2n1C1CCCCC1,5.5850
c1cc2c(ncc3ncn(C4CCCCC4)c32)[nH]1,5.4318
c1cc2c(ncc3cnc(C4CCCCC4)n32)[nH]1,6.0410
c1cc2c(ncc3ccc(C4CCCCC4)n32)[nH]1,6.2218
c1cc2c(ncc3ncc(C4CCCCC4)n32)[nH]1,6.0000
c1cc2c(ncc3nnc(C4CCCCC4)n32)[nH]1,5.5850
c1cc2c(ncc3onc(C4CCCCC4)c32)[nH]1,6.6990
Cn1nc(C2CCCCC2)c2c3cc[nH]c3ncc21,6.7959
c1cc2c(ncc3[nH]nc(C4CCCCC4)c32)[nH]1,7.0458
O=C(NCCc1ccc(O)c(Br)c1)/C(Cc1cc(Br)c(O)c(Oc2ccc(CCNC(=O)/C(Cc3cc(Br)c(O)c(-c4cc(C/C(=N\O)C(=O)NCCc5ccc(O)c(Br)c5)cc(Br)c4O)c3)=N/O)cc2Br)c1)=N/O,6.2218
O=C(NCCc1ccc(O)c(Br)c1)/C(Cc1cc(Br)c(O)c(-c2cc(C/C(=N/O)C(=O)NCCc3ccc(O)c(Br)c3)cc(Br)c2O)c1)=N\O,5.9208
O=C1N/C=C/c2ccc(c(Br)c2)Oc2cc(cc(Br)c2O)CCNC(=O)/C(=N/O)Cc2ccc(c(Br)c2)Oc2cc(cc(Br)c2O)C/C1=N\O,5.8861
O=C(Nc1ccc(Oc2ncnc3[nH]ncc23)cc1)Nc1ccc(Cl)c(C(F)(F)F)c1,6.7843
O=C(Nc1ccc(Oc2ncnc3[nH]ncc23)cc1)Nc1cccc(C(F)(F)F)c1,7.9586
O=C(Nc1ccc(Oc2ncnc3[nH]ncc23)cc1)Nc1ccc(C(F)(F)F)cc1,7.4202
COc1cccc(Nc2nc(NC(=O)C(C)(C)C)nc3[nH]c4cccc(Cl)c4c23)c1,4.3872
CC(C)(C)C(=O)Nc1nc(Nc2cccc(F)c2)c2c(n1)[nH]c1cccc(Cl)c12,4.5058
CC(C)(C)C(=O)Nc1nc(Nc2ccc(Cl)cc2F)c2c(n1)[nH]c1cccc(Cl)c12,4.0501
CC(C)(C)C(=O)Nc1nc(Nc2ccc(Cl)cc2)c2c(n1)[nH]c1cccc(Cl)c12,4.6716
CC(C)c1ccc(Nc2nc(NC(=O)C(C)(C)C)nc3[nH]c4cccc(Cl)c4c23)cc1,4.3206
CC(C)(C)C(=O)Nc1nc(Nc2ccccc2)c2c(n1)[nH]c1cccc(Cl)c12,3.7167
COc1cccc(Nc2nc(N)nc3[nH]c4cccc(Cl)c4c23)c1,4.1543
Nc1nc(Nc2cccc(F)c2)c2c(n1)[nH]c1cccc(Cl)c12,4.0650
Nc1nc(Nc2ccc(Cl)cc2F)c2c(n1)[nH]c1cccc(Cl)c12,4.4101
Nc1nc(Nc2ccc(Cl)cc2)c2c(n1)[nH]c1cccc(Cl)c12,4.8794
CC(C)c1ccc(Nc2nc(N)nc3[nH]c4cccc(Cl)c4c23)cc1,4.5186
Nc1nc(Nc2ccccc2)c2c(n1)[nH]c1cccc(Cl)c12,3.9073
CC(C)(C)C(=O)Nc1nc(Nc2ccc(F)c(C(F)(F)F)c2)c2cc(CCc3ccccn3)[nH]c2n1,3.8213
C#Cc1cccc(Nc2nc(NC(=O)C(C)(C)C)nc3[nH]c(CCc4ccccn4)cc23)c1,3.9010
Nc1nc(Nc2ccc(F)c(C(F)(F)F)c2)c2cc(CCc3ccccn3)[nH]c2n1,3.9048
CC(C)(C)C(=O)Nc1nc(Nc2ccc(F)c(Cl)c2)c2cc(CCc3ccccn3)[nH]c2n1,4.0491
Nc1nc(Nc2cccc(Br)c2)c2cc(CCc3ccccn3)[nH]c2n1,4.3019
C#Cc1cccc(Nc2nc(N)nc3[nH]c(CCc4ccccn4)cc23)c1,4.3605
Nc1nc(Nc2ccc(F)c(Br)c2)c2cc(CCc3ccccn3)[nH]c2n1,4.6180
CC(C)(C)C(=O)Nc1nc(Nc2cccc(C(F)(F)F)c2)c2cc(CCc3ccccn3)[nH]c2n1,4.7773
Nc1nc(Nc2cccc(C(F)(F)F)c2)c2cc(CCc3ccccn3)[nH]c2n1,4.7773
NC(=O)C1=C(N)C(=O)C=C(Nc2ccccc2O)C1=O,7.9586
O=C1/C(=C/c2ccccn2)CSC/C1=C\c1ccccn1,5.1871
CN1C/C(=C\c2ccccn2)C(=O)/C(=C/c2ccccn2)C1,5.8861
O=C1/C(=C/c2ccccn2)CNC/C1=C\c1ccccn1,6.1805
O=C1/C(=C/c2ccccc2F)CNC/C1=C\c1ccccc1F,6.1135
O=C1Nc2ccccc2/C1=C/c1c[nH]nc1-c1ccccc1[N+](=O)[O-],8.1135
O=C(Nc1cccc(Oc2ccc3nc(NC(=O)C4CCOCC4)cn3n2)c1)c1cccc(C(F)(F)F)c1,8.3349
Cc1cc(C(=O)Nc2cccc(Oc3ccc4nc(NC(=O)C5CC5)cn4n3)c2)n(C)n1,8.8539
Cc1cc(C(=O)Nc2cc(Oc3ccc4nc(NC(=O)C5CC5)cn4n3)ccc2Cl)n(C)n1,8.8861
Cc1cc(C(=O)Nc2cc(Oc3ccc4nc(NC(=O)C5CC5)cn4n3)ccc2F)n(C)n1,8.9586
CCc1ccc(Oc2ccc3nc(NC(=O)C4CC4)cn3n2)cc1NC(=O)c1cc(C)nn1C,8.2924
Cc1cc(C(=O)Nc2cccc(Oc3ccc4nc(NC(=O)C5CC5)cn4n3)c2C)n(C)n1,8.3279
Cc1cc(C(=O)Nc2ccc(C)c(Oc3ccc4nc(NC(=O)C5CC5)cn4n3)c2)n(C)n1,8.7447
Cn1nc(C(F)(F)F)cc1C(=O)Nc1cccc(Oc2ccc3nc(NC(=O)C4CC4)cn3n2)c1,8.4318
Cc1cc(C(=O)Nc2cccc(Oc3ccc4nc(NC(=O)C5CC5)cn4n3)c2)n(-c2ccccc2)n1,8.9208
Cc1noc(C)c1C(=O)Nc1cccc(Oc2ccc3nc(NC(=O)C4CC4)cn3n2)c1,7.6021
Cc1cc(C(=O)Nc2cccc(Oc3ccc4nc(NC(=O)C5CC5)cn4n3)c2)nn1C,9.0177
Cn1nncc1C(=O)Nc1cccc(Oc2ccc3nc(NC(=O)C4CC4)cn3n2)c1,8.8861
Cc1cc(C(=O)Nc2cccc(Oc3ccc4nc(NC(=O)C5CC5)cn4n3)c2)on1,8.8539
O=C(Nc1cccc(Oc2ccc3nc(NC(=O)C4CC4)cn3n2)c1)c1ccno1,8.8861
O=C(Nc1cccc(Oc2ccc3nc(NC(=O)C4CC4)cn3n2)c1)c1ccncc1,8.8861
CC(C)(C)C(=O)Nc1cccc(Oc2ccc3nc(NC(=O)C4CC4)cn3n2)c1,6.1871
O=C(Nc1cccc(Oc2ccc3nc(NC(=O)C4CC4)cn3n2)c1)C1CC1,7.9208
CC(=O)Nc1cn2nc(Oc3cccc(NC(=O)c4cccc(F)c4)c3)ccc2n1,8.9586
O=C(Nc1cccc(Oc2ccc3nc(NC(=O)C4CC4)cn3n2)c1)c1cccc(F)c1,9.0000
O=C(Nc1cccc(Oc2ccc3nc(NC(=O)c4ccc(C(F)(F)F)cc4)cn3n2)c1)c1cccc(F)c1,6.9208
O=C(Nc1cccc(Oc2ccc3nc(NC(=O)c4cccc(C(F)(F)F)c4)cn3n2)c1)c1cccc(F)c1,6.7959
Cc1ccsc1C(=O)Nc1cn2nc(Oc3cccc(NC(=O)c4cccc(F)c4)c3)ccc2n1,7.7212
O=C(Nc1cccc(Oc2ccc3nc(NC(=O)C4CCCCC4)cn3n2)c1)c1cccc(F)c1,7.9586
O=C(Nc1cccc(Oc2ccc3nc(NC(=O)C4CCOCC4)cn3n2)c1)c1cccc(F)c1,8.5686
Clc1ccc(-c2cc3nnnc(Cl)c3[se]2)cc1,5.3936
Cc1ccc(-c2cc3nnnc(Cl)c3[se]2)cc1,4.7886
Cc1ccc(-c2cc3nnnc(N4CCOCC4)c3[se]2)cc1,4.5908
CSc1nc2nnnc(Cl)c2s1,4.3224
O=c1[nH]c(-c2ccc(Cl)cc2)nc2cc(-c3cn(Cc4ccccc4)c4ccccc34)sc12,4.8153
O=c1[nH]c(CN2CCCCC2)nc2cc(-c3cn(Cc4ccccc4)c4ccccc34)sc12,5.6478
O=C(NCc1cn(-c2ccc3cn[nH]c3c2)nn1)Nc1cccc(CCl)c1,6.2518
COc1cc2c(Oc3ccc(NC(=O)N4CCN(c5ccccc5)C4=O)cc3F)ccnc2cc1OCCCN1CCOCC1,7.5229
COc1cc2c(Oc3ccc(NC(=O)c4nn(-c5ccccc5C(F)(F)F)c5ccccc5c4=O)cc3F)ccnc2cc1OCCCN1CCCC1,7.8133
COc1ccc(-c2cnc3c(-c4cccc5ncccc45)cnn3c2)cc1,4.7055
c1ccc2c(-c3cnn4cc(-c5ccc(N6CCOCC6)cc5)cnc34)ccnc2c1,5.2733
COc1ccc(-c2cnc3c(-c4ccnc5ccccc45)cnn3c2)cc1,5.3665
c1cc(-c2cnn3cc(-c4ccc(N5CCNCC5)cc4)cnc23)c2cccnc2c1,5.6904
CN1CCN(c2ccc(-c3cnc4c(-c5ccnc6ccccc56)cnn4c3)cc2)CC1,5.8182
c1ccc2c(-c3cnn4cc(-c5ccc(N6CCNCC6)cc5)cnc34)ccnc2c1,6.6682
c1cc(N2CCNCC2)ccc1-c1cnc2c(-c3cn[nH]c3)cnn2c1,7.8539
COc1ccc(-c2cnc3c(-c4cn[nH]c4)cnn3c2)cc1,7.8861
c1cc(N2CCOCC2)ccc1-c1cnc2c(-c3cn[nH]c3)cnn2c1,8.7747
CC(C)(C)c1cc(NC(=O)Nc2ccc(-c3cn4c(n3)sc3cc(OCCN5CCOCC5)ccc34)cc2)no1.Cl.Cl,6.3665
Cc1nc(Nc2cc(-c3ccc(CNC(=O)Nc4cccc(Cl)c4)cc3)n[nH]2)cc(N2CCNCC2)n1,7.4202
Cc1nc(Nc2cc(-c3ccc(CNC(=O)Nc4cc(C(C)(C)C)on4)cc3)n[nH]2)cc(N2CCNCC2)n1,7.0706
Cc1nc(Nc2cc(-c3ccc(CNC(=O)Nc4cc(C(C)(C)C)on4)cc3)n[nH]2)cc(N2CCN(CCO)CC2)n1,7.3010
Cc1nc(Nc2cc(-c3ccc(CNC(=O)Nc4cc(C)on4)cc3)n[nH]2)cc(N2CCN(CCO)CC2)n1,6.9208
Cc1nc(Nc2cc(-c3ccc(CNC(=O)Nc4cc(C(C)(C)C)on4)cc3)n[nH]2)cc(N2CCN(C)CC2)n1,7.9208
Cc1nc(Nc2cc(-c3ccc(CNC(=O)Nc4cc(C)on4)cc3)n[nH]2)cc(N2CCN(C)CC2)n1,7.0000
Cc1nc(Nc2cc(-c3ccc(NC(=O)Nc4ccccc4)cc3)n[nH]2)cc(N2CCN(C)CC2)n1,6.2076
CN1CCN(Cc2ccc(C(=O)Nc3cc(-c4ccc(CNC(=O)Nc5cc(C(C)(C)C)on5)cc4)n[nH]3)cc2)CC1,7.7447
CC(C)(C)c1cc(NC(=O)NCc2ccc(-c3cc(NC(=O)c4ccc(OCCN5CCOCC5)cc4)[nH]n3)cc2)no1,7.5528
Cc1cc(NC(=O)NCc2ccc(-c3cc(NC(=O)c4ccc(N5CCN(C)CC5)cc4)[nH]n3)cc2)no1,7.3010
O=C(NCc1ccc(-c2cc(NC(=O)c3ccc(OCCN4CCOCC4)cc3)[nH]n2)cc1)Nc1ccc(Cl)cc1,7.1487
O=C(NCc1ccc(-c2cc(NC(=O)c3ccc(OCCN4CCOCC4)cc3)[nH]n2)cc1)Nc1ccc(F)cc1,6.8861
CN1CCN(Cc2ccc(C(=O)Nc3cc(-c4ccc(CNC(=O)Nc5ccccc5)cc4)n[nH]3)cc2)CC1,7.0862
O=C(NCc1ccc(-c2cc(NC(=O)c3ccc(OCCN4CCOCC4)cc3)[nH]n2)cc1)Nc1ccccc1,7.2676
Cc1cc(-c2cc(NC(=O)c3ccc(CN4CCN(C)CC4)cc3)[nH]n2)ccc1NC(=O)Nc1cc(C(C)(C)C)on1,8.1549
Cc1cc(-c2cc(NC(=O)c3ccc(OCCN4CCOCC4)cc3)[nH]n2)ccc1NC(=O)Nc1cc(C(C)(C)C)on1,7.5686
CN1CCN(Cc2ccc(C(=O)Nc3cc(-c4ccc(NC(=O)Nc5cc(C(C)(C)C)on5)cc4)n[nH]3)cc2)CC1,7.9208
CC(C)(C)c1cc(NC(=O)Nc2ccc(-c3cc(NC(=O)c4ccc(OCCN5CCOCC5)cc4)[nH]n3)cc2)no1,7.6576
CC(C)(C)c1cc(NC(=O)Nc2ccc(-c3cc(NC(=O)c4ccc(OCCN5CCCC5)cc4)[nH]n3)cc2)no1,7.9208
Cc1cc(NC(=O)Nc2ccc(-c3cc(NC(=O)c4ccc(N5CCN(C)CC5)cc4)[nH]n3)cc2C)no1,7.4202
CN1CCN(c2ccc(C(=O)Nc3cc(-c4ccc(NC(=O)Nc5cc(C(C)(C)C)on5)cc4)n[nH]3)cc2)CC1,7.9208
Cc1cc(NC(=O)Nc2ccc(-c3cc(NC(=O)c4ccc(N5CCN(C)CC5)cc4)[nH]n3)cc2)no1,7.5086
Cc1cnc(NC(=O)Nc2ccc(-c3cc(NC(=O)c4ccc(N5CCN(C)CC5)cc4)[nH]n3)cc2)s1,7.4559
CN1CCN(c2ccc(C(=O)Nc3cc(-c4ccc(NC(=O)Nc5cccnc5)cc4)n[nH]3)cc2)CC1,6.7212
CN1CCN(c2ccc(C(=O)Nc3cc(-c4ccc(NC(=O)Nc5ccccn5)cc4)n[nH]3)cc2)CC1,7.1367
CN1CCN(c2ccc(C(=O)Nc3cc(-c4ccc(NC(=O)NC5CC5)cc4)n[nH]3)cc2)CC1,6.5229
CCNC(=O)Nc1ccc(-c2cc(NC(=O)c3ccc(N4CCN(C)CC4)cc3)[nH]n2)cc1,7.0000
CN1CCN(c2ccc(C(=O)Nc3cc(-c4ccc(NC(=O)Nc5ccccc5)cc4)n[nH]3)cc2)CC1,7.5850
Nc1ncnc2c1c(C(=O)c1cccc(NC(=O)Nc3c(F)cccc3F)c1)cn2C1CCCC1,5.5086
Cc1cc(Nc2ncc(Cl)c(Nc3ccccc3S(=O)(=O)C(C)C)n2)c(OC(C)C)cc1C1CCNCC1,5.3757
C[C@@H](Oc1c(N)ncc2c(C3=CCN(C(N)=O)CC3)coc12)c1c(Cl)ccc(F)c1Cl,5.5504
CC(=O)N1CCc2[nH]c(/C=C3\C(=O)Nc4ccc([N+](=O)[O-])cc43)cc2C1,7.2218
CC(=O)N1CCc2[nH]c(/C=C3\C(=O)Nc4ccc(C#N)cc43)cc2C1,7.6990
CC(=O)N1CCc2[nH]c(/C=C3\C(=O)Nc4ccc(C(F)(F)F)cc43)cc2C1,6.4949
CC(=O)N1CCc2[nH]c(/C=C3\C(=O)Nc4ccc(OC(C)C)cc43)cc2C1,6.0458
CC(=O)Nc1ccc2c(c1)/C(=C/c1cc3c([nH]1)CCN(C(=O)N1CCOCC1)C3)C(=O)N2,8.1549
CN1CCC(Nc2ccc3c(c2)/C(=C/c2cc4c([nH]2)CCN(C(=O)N2CCOCC2)C4)C(=O)N3)CC1,8.5229
O=C1Nc2ccc(C(F)(F)F)cc2/C1=C/c1cc2c([nH]1)CCN(C(=O)N1CCOCC1)C2,7.0809
COc1ccc2c(c1)/C(=C/c1[nH]c3c(c1Cl)CN(C(C)=O)CC3)C(=O)N2,7.0605
COc1ccc2c(c1)/C(=C/c1cc3c([nH]1)CCN(C(=O)N1CCOCC1)C3)C(=O)N2,8.3010
COc1ccc2c(c1)/C(=C/c1cc3c([nH]1)CCN(C(=O)N1CCN(C)CC1)C3)C(=O)N2,8.2218
COc1ccc2c(c1)/C(=C/c1cc3c([nH]1)CCN(C(=O)c1cnoc1C)C3)C(=O)N2,7.7959
COc1ccc2c(c1)/C(=C/c1cc3c([nH]1)CCN(C(C)=O)C3)C(=O)N2,6.6778
COc1ccc2c(c1)/C(=C/c1cc3c([nH]1)CCN(C(=O)CCN)C3)C(=O)N2,8.0969
Cc1cc(C(=O)Nc2cc(Oc3ccc4nc(NC(=O)C5CC5)nn4c3)ccc2F)n(C)n1,8.6990
Cc1cc(C(=O)Nc2cccc(Oc3ccc4nc(NC(=O)C5CC5)sc4c3)c2)n(C)n1,8.4437
Cc1ccc(Oc2ccc3nc(NC(=O)C4CC4)nn3c2)cc1NC(=O)C1CCC1,8.5086
Cc1ccc(Oc2ccc3nc(NC(=O)C4CC4)nn3c2)cc1NC(=O)CC(C)C,8.6990
Cc1ccc(Oc2ccc3nc(NC(=O)C4CC4)nn3c2)cc1NC(=O)c1ccnn1C,8.7959
Cc1ccc(Oc2ccc3nc(NC(=O)C4CC4)nn3c2)cc1NC(=O)c1cn(C)nc1C,8.7212
Cc1ccc(Oc2ccc3nc(NC(=O)C4CC4)nn3c2)cc1NC(=O)c1scc(C)c1Cl,9.3188
Cc1nc(C(=O)Nc2cc(Oc3ccc4nc(NC(=O)C5CC5)nn4c3)ccc2C)c(C)s1,8.8239
Cc1cc(C(=O)Nc2ccc(C)c(Oc3ccc4nc(NC(=O)C5CC5)nn4c3)c2)n(C)n1,8.4318
Cc1cc(C(=O)Nc2cc(Oc3ccc4nc(NC(=O)C5CC5)sc4n3)ccc2C)n(C)n1,8.9208
Cc1cc(C(=O)Nc2cccc(Oc3ccc4nc(NC(=O)C5CC5)sc4n3)c2)n(C)n1,8.8861
Cc1cc(C(=O)Nc2cc(Oc3ccc4nc(NC(=O)C5CC5)cn4c3)ccc2C)n(C)n1,8.9208
Cc1cc(C(=O)Nc2cccc(Oc3ccc4nc(NC(=O)C5CC5)cn4c3)c2)n(C)n1,8.9586
Cc1cc(NC(=O)c2cc(C)nn2C)cc(Oc2ccc3nc(NC(=O)C4CC4)nn3c2)c1,8.6778
Cc1cc(C(=O)Nc2cc(Oc3ccc4nc(NC(=O)C5CC5)nn4c3)ccc2C)n(C)n1,8.7212
Cc1cc(C(=O)Nc2cccc(Oc3ccc4nc(NC(=O)C5CC5)nn4c3)c2)n(C)n1,8.9586
CCCCCCCCCCCCN1C(=O)c2cccc3c(NCCNCCN(C)C)ccc(c23)C1=O,4.5585
CCCCCCCCN1C(=O)c2cccc3c(NCCNCCN(C)C)ccc(c23)C1=O,4.3103
COc1ccc2c(c1)/C(=C\c1ccc3c(/C=C/c4ccc(N5CCN(C)CC5)nc4)n[nH]c3c1)C(=O)N2,6.3188
Cc1c(-c2cnc(N)c3oc(-c4csc5cnccc45)cc23)cnn1C,4.7011
Nc1ncc(-c2cnn([C@H]3CC[C@H](O)CC3)c2)c2c(CF)c(-c3cccc4nnsc34)oc12,4.7375
Nc1ncc(-c2cnn([C@H]3CC[C@H](O)CC3)c2)c2c(-c3cccnc3)c(-c3cccc4nnsc34)oc12,5.0862
Cn1cc(-c2cnc(N)c3oc(-c4csc5cnccc45)cc23)cn1,5.4685
Nc1ncc(-c2cnn([C@H]3CC[C@H](O)CC3)c2)c2c(-c3cncs3)c(-c3cccc4nnsc34)oc12,6.1192
Nc1ncc(-c2cnn([C@H]3CC[C@H](O)CC3)c2)c2cc(-c3cccc4nnsc34)oc12,6.1871
Cl.c1ccc(-c2cccc(Nc3ncnc4cc5c(cc34)OCO5)c2)cc1,6.0716
COc1cc2c(Oc3ccc(NC(=O)N/N=C/c4ccc(F)cc4F)cc3F)ccnc2cc1OCCCN1CCC(C)CC1,6.1612
Cc1[nH]c2c(c1C(=O)N1CCC[C@H]1CN1CCCC1)CCC/C2=C1/C(=O)Nc2ccc(F)cc21,7.9281
Cc1[nH]c2c(c1C(=O)N1CCC(N3CCCCC3)CC1)CCC/C2=C1/C(=O)Nc2ccc(F)cc21,8.0969
Cc1[nH]c2c(c1C(=O)N1CCOCC1)CCC/C2=C1/C(=O)Nc2ccc(F)cc21,8.9586
CCN(CC)CC(O)CNC(=O)c1c(C)[nH]c2c1CCC/C2=C1/C(=O)Nc2ccc(F)cc21,8.6021
Cc1[nH]c2c(c1C(=O)NCCCN1CCCC1)CCC/C2=C1/C(=O)Nc2ccc(F)cc21,8.4202
Cc1[nH]c2c(c1C(=O)NCCCN1CCOCC1)CCC/C2=C1/C(=O)Nc2ccc(F)cc21,9.0000
CCN(CC)CCCNC(=O)c1c(C)[nH]c2c1CCC/C2=C1/C(=O)Nc2ccc(F)cc21,8.5686
Cc1[nH]c2c(c1C(=O)NCCc1ccccn1)CCC/C2=C1/C(=O)Nc2ccc(F)cc21,7.9431
Cc1[nH]c2c(c1C(=O)NCCO)CCC/C2=C1/C(=O)Nc2ccc(F)cc21,8.9586
Cc1[nH]c2c(c1C(=O)NCCN(C)C)CCC/C2=C1/C(=O)Nc2ccc(F)cc21,8.5229
Cc1[nH]c2c(c1C(=O)NCCN1CCCC1)CCC/C2=C1/C(=O)Nc2ccc(F)cc21,8.0132
Cc1[nH]c2c(c1C(=O)NCCN1CCCCC1)CCC/C2=C1/C(=O)Nc2ccc(F)cc21,8.3665
Cc1[nH]c2c(c1C(=O)NCCN1CCOCC1)CCC/C2=C1/C(=O)Nc2ccc(F)cc21,8.7959
CCN(CC)CCNC(=O)c1c(C)[nH]c2c1CCC/C2=C1/C(=O)Nc2c(F)cccc21,6.9492
CCN(CC)CCNC(=O)c1c(C)[nH]c2c1CCC/C2=C1/C(=O)Nc2cccc(F)c21,7.8239
CCN(CC)CCNC(=O)c1c(C)[nH]c2c1CCC/C2=C1/C(=O)Nc2ccc(S(=O)(=O)N(CC)CC)cc21,6.4811
CCN(CC)CCNC(=O)c1c(C)[nH]c2c1CCC/C2=C1/C(=O)Nc2ccc(C(=O)OC)cc21,6.7768
CCN(CC)CCNC(=O)c1c(C)[nH]c2c1CCC/C2=C1/C(=O)Nc2ccc([N+](=O)[O-])cc21,7.5901
CCN(CC)CCNC(=O)c1c(C)[nH]c2c1CCC/C2=C1/C(=O)Nc2ccc(OC)cc21,7.6091
CCN(CC)CCNC(=O)c1c(C)[nH]c2c1CCC/C2=C1/C(=O)Nc2ccc(C)cc21,8.6383
CCN(CC)CCNC(=O)c1c(C)[nH]c2c1CCC/C2=C1/C(=O)Nc2ccc(Br)cc21,8.4089
CCN(CC)CCNC(=O)c1c(C)[nH]c2c1CCC/C2=C1/C(=O)Nc2ccc(Cl)cc21,8.5850
CCN(CC)CCNC(=O)c1c(C)[nH]c2c1CCC/C2=C1/C(=O)Nc2ccccc21,8.0269
COc1cc2c(Oc3ccc(NC(=O)c4cc(-c5ccc(C)cc5)ccn4)cc3F)ccnc2cc1OCCCN1CCN(C)CC1,6.2742
Cc1ccc(C(=O)Nc2ccc(Oc3ccc4nc(NC(=O)C5CC5)cn4c3)c(F)c2)c(=O)n1-c1ccccc1.Cl,8.6576
O=C(Nc1ccc(Oc2ccc3nc(NC(=O)C4CC4)cn3c2)c(F)c1)c1cccn(-c2ccccc2)c1=O,8.8861
Cc1ccc(C(=O)Nc2ccc(Oc3ccc4nc(NC(=O)C5CC5)cn4n3)c(F)c2)c(=O)n1-c1ccccc1,8.4685
Cc1ccn(-c2ccccc2)c(=O)c1C(=O)Nc1ccc(Oc2ccc3nc(NC(=O)C4CC4)cn3n2)c(F)c1,8.0458
O=C(Nc1ccc(Oc2ccc3nc(NC(=O)C4CC4)cn3n2)c(F)c1)c1cccn(-c2ccccc2)c1=O,8.6021
Cn1cc(C(=O)Nc2ccc(Oc3ccc4nc(NC(=O)C5CC5)cn4n3)c(F)c2)c(=O)n1-c1ccccc1,7.5850
Cn1cc(C(=O)Nc2ccc(Oc3ccc4nc(NC(=O)C5CC5)cn4n3)cc2)c(=O)n1-c1ccccc1,7.6990
Cc1cc(C(=O)Nc2ccc(Oc3ccc4nc(NC(=O)C5CC5)cn4n3)cc2)nn1-c1ccccc1,7.0506
Cc1cc(C(=O)Nc2ccc(Oc3ccc4nc(NC(=O)C5CC5)cn4n3)cc2)n(C)n1,7.9208
COc1cc(-c2cc(NC(=O)Nc3ccc(OCCCN4CCOCC4)cc3C)cc(OC)c2OC)ccc1/C(C)=N/O,7.8017
COc1cc(-c2cc(NC(=O)Nc3ccc(OCCN4CCOCC4)cc3C)cc(OC)c2OC)ccc1/C(C)=N/O,6.8894
COc1cc(-c2cc(NC(=O)Nc3ccc(OCCN4CCCC4)cc3C)cc(OC)c2OC)ccc1/C(C)=N/O,7.3883
COc1cc(-c2cc(NC(=O)Nc3ccc(OCCCN(C)C)cc3C)cc(OC)c2OC)ccc1/C(C)=N/O,7.8447
COc1cc2nc(Cl)nc(Nc3ccc(S(=O)(=O)N(C)C)cc3)c2cc1OC,4.3635
COc1cc2nc(Cl)nc(Nc3ccc(N(C)C)cc3)c2cc1OC,4.4056
NS(=O)(=O)c1ccc(Nc2nc(Cl)nc3cc4c(cc23)OCO4)cc1,4.5702
CN(C)S(=O)(=O)c1ccc(Nc2nc(Cl)nc3cc4c(cc23)OCO4)cc1,4.6308
COc1cc2nc(Cl)nc(Nc3ccc(S(=O)(=O)Nc4nccs4)cc3)c2cc1OC,5.1085
COc1cc2nc(Cl)nc(Nc3ccc(O)cc3)c2cc1OC,5.6778
COc1cc2nc(Cl)nc(Nc3ccc(NC(C)=O)cc3)c2cc1OC,5.7011
COc1cc2nc(Cl)nc(Nc3ccc(C(N)=O)cc3)c2cc1OC,5.9318
COc1cc2nc(Cl)nc(Nc3ccc(S(N)(=O)=O)cc3)c2cc1OC,5.9914
CNS(=O)(=O)c1ccc(Nc2nc(Cl)nc3cc(OC)c(OC)cc23)cc1,6.0706
COc1cc(-c2cc(NC(=O)Nc3cc(OCCCN4CCOCC4)ccc3C)cc(OC)c2OC)ccc1C(C)=O,7.4776
COc1cc(-c2cc(NC(=O)Nc3cc(OCCN4CCOCC4)ccc3C)cc(OC)c2OC)ccc1C(C)=O,7.6216
COc1cc(-c2cc(NC(=O)Nc3cc(OCCN4CCCC4)ccc3C)cc(OC)c2OC)ccc1C(C)=O,7.1555
COc1cc(-c2cc(NC(=O)Nc3cc(OCCCN(C)C)ccc3C)cc(OC)c2OC)ccc1C(C)=O,7.7545
CCN(CC)CCOc1ccc(C)c(NC(=O)Nc2cc(OC)c(OC)c(-c3ccc(C(C)=O)c(OC)c3)c2)c1,7.7773
COc1cc(-c2cc(NC(=O)Nc3cc(OCCN(C)C)ccc3C)cc(OC)c2OC)ccc1C(C)=O,7.1463
COc1cc(-c2cc(NC(=O)Nc3ccc(OCCCN4CCOCC4)cc3C)cc(OC)c2OC)ccc1C(C)=O,7.6234
COc1cc(-c2cc(NC(=O)Nc3ccc(OCCN4CCCC4)cc3C)cc(OC)c2OC)ccc1C(C)=O,7.8928
COc1cc(-c2cc(NC(=O)Nc3ccc(OCCN4CCCCC4)cc3C)cc(OC)c2OC)ccc1C(C)=O,8.2790
COc1cc(-c2cc(NC(=O)Nc3ccc(OCCCN(C)C)cc3C)cc(OC)c2OC)ccc1C(C)=O,8.3420
CCN(CC)CCOc1ccc(NC(=O)Nc2cc(OC)c(OC)c(-c3ccc(C(C)=O)c(OC)c3)c2)c(C)c1,6.8928
COc1cc(-c2cc(NC(=O)Nc3ccc(OCCCN4CCOCC4)cc3)cc(OC)c2OC)ccc1C(C)=O,8.3915
COc1cc(-c2cc(NC(=O)Nc3ccc(OCCN4CCCC4)cc3)cc(OC)c2OC)ccc1C(C)=O,6.7471
COc1cc(-c2cc(NC(=O)Nc3ccc(OCCN4CCCCC4)cc3)cc(OC)c2OC)ccc1C(C)=O,7.8928
COc1cc(-c2cc(NC(=O)Nc3ccc(OCCCN(C)C)cc3)cc(OC)c2OC)ccc1C(C)=O,7.7570
O=c1c(O)c(-c2ccc(O)c(O)c2)oc2cc(O)cc(O)c12,6.1664
Cc1c(O)c(O)c(O)c(C=O)c1-c1cc2c(C=O)c(C)c(O)c(O)c2o1,6.4089
Cc1c(O)c(O)c(O)c2c1COC2=O,5.2248
COC1OC(=O)c2c(O)c(O)c(O)c(C)c21,4.5784
Cc1c(O)c(O)c2c(c1C=O)[C@@H]1O[C@H](O2)c2c(C)c(O)c(O)c(O)c2C1=O,6.4949
COCCOc1ccn2c(-c3ccc4cccc(O[C@@H]5CCNC[C@H]5F)c4n3)cnc2c1,7.4873
COCCOc1ccn2c(-c3ccc4cccc(O[C@@H]5CCNC[C@@H]5F)c4n3)cnc2c1,7.5528
COCCOc1ccn2c(-c3ccc4cccc(O[C@H]5CCNC[C@@H]5F)c4n3)cnc2c1,7.7959
COCCOc1ccn2c(-c3ccc4cccc(OCCN)c4n3)cnc2c1,6.6861
COCCOc1ccn2c(-c3ccc4cccc(OCc5cnc[nH]5)c4n3)cnc2c1,6.6676
COCCOc1ccn2c(-c3ccc4cccc(O[C@@H]5CN[C@H](C(=O)OC)C5)c4n3)cnc2c1,6.7620
COCCOc1ccn2c(-c3ccc4cccc(O[C@H]5CN[C@H](C(=O)OC)C5)c4n3)cnc2c1,7.1135
COCCOc1ccn2c(-c3ccc4cccc(O[C@@H]5CNC[C@H]5OC)c4n3)cnc2c1,6.3233
COCCOc1ccn2c(-c3ccc4cccc(OCC5CCNC5)c4n3)cnc2c1,7.1549
COCCOc1ccn2c(-c3ccc4cccc(OCC5CNCCO5)c4n3)cnc2c1,6.1439
COCCOc1ccn2c(-c3ccc4cccc(O[C@H]5CC[C@H](N)CC5)c4n3)cnc2c1,6.6925
COCCOc1ccn2c(-c3ccc4cccc(O[C@@H]5CCNC[C@@H]5O)c4n3)cnc2c1,7.1739
COCCOc1ccn2c(-c3ccc4cccc(O[C@@H]5CCCNC5)c4n3)cnc2c1,6.7799
COCCOc1ccn2c(-c3ccc4cccc(O[C@H]5CCCNC5)c4n3)cnc2c1,6.9914
COCCOc1ccn2c(-c3ccc4cccc(OCC5(F)CCNCC5)c4n3)cnc2c1,7.2924
COCCOc1ccn2c(-c3ccc4cccc(OCC5CCNCC5)c4n3)cnc2c1,6.4101
COCCOc1ccn2c(-c3ccc4cccc(OC5CCN(C)CC5)c4n3)cnc2c1,7.3768
COCCOc1ccn2c(-c3ccc4cccc(OC5CCNCC5)c4n3)cnc2c1,7.4089
COCCOc1ccn2c(-c3ccc4cccc(OCC(C)(C)CN)c4n3)cnc2c1,6.8861
CCN(CC)CCNC(=O)c1c(C)[nH]c(/C=C2\C(=O)Nc3ccc(F)cc32)c1C.O=C(O)CC(O)C(=O)O,7.5058
CCS(=O)(=O)c1ccc(OC)c(Nc2ncc(-c3cc(-c4cccnc4)cc(-c4ccccn4)c3)o2)c1,7.2907
CCS(=O)(=O)c1ccc(OC)c(Nc2ncc(-c3cc(-c4cccnc4)cc(-c4cccnc4)c3)o2)c1,6.7696
CCS(=O)(=O)c1ccc(OC)c(Nc2ncc(-c3cc(Br)cc(-c4ccccn4)c3)o2)c1,6.6946
CCS(=O)(=O)c1ccc(OC)c(Nc2ncc(-c3cc(-c4ccccn4)cc(-c4ccccn4)c3)o2)c1,7.8225
COC(=O)c1cc(O)c(O)c(C[C@]2(C)[C@@H](C)CC[C@@]3(C)C(C)=CCC[C@@H]23)c1,5.3179
COc1cc2nc(C)oc2c(C[C@]2(C)[C@@H](C)CC[C@@]3(C)C(C)=CCC[C@@H]23)c1O,5.4365
CC1=CCC[C@H]2[C@](C)(CC3=C(O)C(=O)C=C(NCCC(C)C)C3=O)[C@@H](C)CC[C@@]12C,5.6536
COc1cc2c(Oc3ccc(N/C=C4\C(=O)NC(=O)N(c5ccc(C)cc5)C4=O)cc3F)ccnc2cc1OCCCN1CCCC1,6.4156
Cc1cc(C)cc(Nc2nccc(N(C)c3ccc4cn(C)nc4c3)n2)c1,7.5528
CN(c1ccc2cn(C)nc2c1)c1ccnc(Nc2ccc(OC(F)(F)F)cc2)n1,7.9208
COc1cccc(Nc2nccc(N(C)c3ccc4cn(C)nc4c3)n2)c1,6.9666
CN(c1ccc2cn(C)nc2c1)c1ccnc(Nc2cccc(Cl)c2)n1,7.1427
CN(c1ccc2cn(C)nc2c1)c1ccnc(Nc2cccc(F)c2)n1,7.0315
Cc1c2ccc(N(C)c3ccnc(Nc4ccc(OC(F)(F)F)cc4)n3)cc2nn1C,7.1427
CSc1ccc(Nc2nccc(N(C)c3ccc4c(C)n(C)nc4c3)n2)cc1,7.2924
Cc1cc(C)cc(Nc2nccc(N(C)c3ccc4c(C)n(C)nc4c3)n2)c1,7.6778
Cc1cccc(Nc2nccc(N(C)c3ccc4c(C)n(C)nc4c3)n2)c1,7.3768
COc1cccc(Nc2nccc(N(C)c3ccc4c(C)n(C)nc4c3)n2)c1,7.4202
Cc1c2ccc(N(C)c3ccnc(Nc4cccc(Br)c4)n3)cc2nn1C,7.1938
Cc1c2ccc(N(C)c3ccnc(Nc4cccc(F)c4)n3)cc2nn1C,7.1079
Cc1c2ccc(N(C)c3ccnc(Nc4cccc(Cl)c4)n3)cc2nn1C,7.6021
C[C@H](Nc1nc(Nc2cn(C)cn2)c2cc[nH]c2n1)c1ncc(F)cn1,7.6576
C[C@@H](Nc1ncnc2c1cnn2CCc1ccccc1)c1ccccc1,4.2798
O=S(=O)(Cc1ccccc1)Nc1cccc(CNc2ncnc3c2cnn3CCc2ccccc2)c1,5.6517
COc1ccc(S(=O)(=O)Nc2cccc(CNc3ncnc4c3cnn4CCc3ccccc3)c2)cc1OC,5.1421
COc1ccc(S(=O)(=O)Nc2cccc(CNc3ncnc4c3cnn4CCc3ccccc3)c2)cc1,5.4123
O=[N+]([O-])c1ccc(S(=O)(=O)Nc2cccc(CNc3ncnc4c3cnn4CCc3ccccc3)c2)cc1,5.9872
O=S(=O)(Nc1cccc(CNc2ncnc3c2cnn3CCc2ccccc2)c1)c1ccc(F)cc1,5.5391
O=S(=O)(Nc1cccc(CNc2ncnc3c2cnn3CCc2ccccc2)c1)c1ccc(Br)cc1,5.3107
O=S(=O)(Nc1cccc(CNc2ncnc3c2cnn3CCc2ccccc2)c1)c1ccccc1,5.3045
O=C(NCc1ccccc1)Nc1cccc(CNc2ncnc3c2cnn3CCc2ccccc2)c1,5.1713
COc1ccc(NC(=O)Nc2cccc(CNc3ncnc4c3cnn4CCc3ccccc3)c2)cc1OC,5.4855
COc1ccc(NC(=O)Nc2cccc(CNc3ncnc4c3cnn4CCc3ccccc3)c2)cc1,5.9626
O=C(Nc1ccc([N+](=O)[O-])cc1)Nc1cccc(CNc2ncnc3c2cnn3CCc2ccccc2)c1,5.9626
O=C(Nc1ccc(F)cc1)Nc1cccc(CNc2ncnc3c2cnn3CCc2ccccc2)c1,5.4989
O=C(Nc1ccc(Br)cc1)Nc1cccc(CNc2ncnc3c2cnn3CCc2ccccc2)c1,5.4685
O=C(Nc1ccccc1)Nc1cccc(CNc2ncnc3c2cnn3CCc2ccccc2)c1,5.6655
O=C(Cc1ccccc1)Nc1cccc(CNc2ncnc3c2cnn3CCc2ccccc2)c1,5.1904
COc1ccc(C(=O)Nc2cccc(CNc3ncnc4c3cnn4CCc3ccccc3)c2)cc1OC,5.6925
COc1ccc(C(=O)Nc2cccc(CNc3ncnc4c3cnn4CCc3ccccc3)c2)cc1,5.5751
O=C(Nc1cccc(CNc2ncnc3c2cnn3CCc2ccccc2)c1)c1ccc([N+](=O)[O-])cc1,5.4828
O=C(Nc1cccc(CNc2ncnc3c2cnn3CCc2ccccc2)c1)c1ccc(F)cc1,5.2700
O=C(Nc1cccc(CNc2ncnc3c2cnn3CCc2ccccc2)c1)c1ccc(Br)cc1,5.4584
O=C(Nc1cccc(CNc2ncnc3c2cnn3CCc2ccccc2)c1)c1ccccc1,5.0670
N#Cc1c(Oc2ccc(F)c(NC(=O)Cc3cccc(C(F)(F)F)c3)c2)ccc2nc(NC(=O)C3CC3)sc12,6.7959
N#Cc1c(Oc2cccc(NC(=O)Cc3ccc(C(F)(F)F)cc3)c2)ccc2nc(NC(=O)C3CC3)sc12,6.7212
N#Cc1c(Oc2cccc(NC(=O)Cc3cccc(C(F)(F)F)c3)c2)ccc2nc(NC(=O)C3CC3)sc12,6.8239
N#Cc1c(Oc2cccc(NC(=O)Cc3ccccc3C(F)(F)F)c2)ccc2nc(NC(=O)C3CC3)sc12,7.0000
N#Cc1c(Oc2ccc(F)c(NC(=O)Nc3ccc(C(F)(F)F)cc3)c2)ccc2nc(NC(=O)C3CC3)sc12,6.1805
N#Cc1c(Oc2ccc(F)c(NC(=O)Nc3cccc(C(F)(F)F)c3)c2)ccc2nc(NC(=O)C3CC3)sc12,6.1367
N#Cc1c(Oc2cccc(NC(=O)Nc3ccc(C(F)(F)F)cc3)c2)ccc2nc(NC(=O)C3CC3)sc12,6.4815
N#Cc1c(Oc2cccc(NC(=O)Nc3cccc(C(F)(F)F)c3)c2)ccc2nc(NC(=O)C3CC3)sc12,6.4559
N#Cc1c(Oc2cccc(NC(=O)Nc3ccccc3C(F)(F)F)c2)ccc2nc(NC(=O)C3CC3)sc12,6.9208
CC(C)(C#N)c1cccc(C(=O)Nc2cccc(Oc3ccc4nc(NC(=O)C5CC5)sc4c3CO)c2)c1,8.1308
CC(C)(C#N)c1cccc(C(=O)Nc2cccc(Oc3ccc4nc(NC(=O)C5CC5)sc4c3C(=O)O)c2)c1,7.8239
COC(=O)c1c(Oc2cccc(NC(=O)c3cccc(C(C)(C)C#N)c3)c2)ccc2nc(NC(=O)C3CC3)sc12,7.4815
CC(C)(C#N)c1cccc(C(=O)Nc2cccc(Oc3ccc4nc(NC(=O)C5CC5)sc4c3C#N)c2)c1,7.1192
CC(C)(C#N)c1cccc(C(=O)Nc2cccc(Oc3ccc4nc(NC(=O)C5CC5)sc4c3[N+](=O)[O-])c2)c1,7.1549
N#CC1(c2cccc(C(=O)Nc3cc(Oc4ccc5nc(NC(=O)C6CC6)sc5n4)ccc3F)c2Cl)CC1,8.5528
CCN(CCO)CCCOc1ccc2c(Nc3cccc(NC(=O)Nc4ccc(F)c(Cl)c4)c3)ncnc2c1,7.0223
CCN(CCO)CCCOc1ccc2c(Nc3cccc(NC(=O)Nc4ccc(Cl)c(C(F)(F)F)c4)c3)ncnc2c1,7.0410
O=C(Nc1cccc(Nc2ncnc3cc(OCCCN4CCN(CCO)CC4)ccc23)c1)Nc1ccc(Cl)c(C(F)(F)F)c1,7.1249
O=C(Nc1cccc(Nc2ncnc3cc(OCCCN4CCOCC4)ccc23)c1)Nc1ccc(F)c(Cl)c1,5.6645
COc1cc2ncnc(Nc3cccc(NC(=O)Nc4cccc(C)c4)c3)c2cc1OCCCN1CCOCC1,5.0671
COc1cc2ncnc(Nc3cccc(NC(=O)Nc4ccc(Cl)c(C(F)(F)F)c4)c3)c2cc1OCCCN1CCOCC1,6.6716
COc1cc2ncnc(Nc3ccc(NC(=O)Nc4ccc(Cl)c(C(F)(F)F)c4)cc3)c2cc1OCCCN1CCOCC1,7.7696
COc1cc2ncnc(Nc3cccc(B(O)O)c3)c2cc1OC,6.4089
COCCOc1cc2ncnc(Nc3cccc(B(O)O)c3)c2cc1OCCOC,6.7212
COCCOc1cc2ncnc(Nc3cccc(B(O)O)c3)c2cc1OC,6.7447
COc1cc2ncnc(Nc3ccc(B(O)O)cc3)c2cc1OC,7.4437
COCCOc1cc2ncnc(Nc3ccc(B(O)O)cc3)c2cc1OCCOC,7.4318
COCCOc1cc2ncnc(Nc3ccc(B(O)O)cc3)c2cc1OC,6.0655
COc1cc(-c2cc(NC(=O)Nc3cc(OCCN4CCCC4)ccc3C)cc(OC)c2OC)ccc1/C(C)=N/O,8.0506
COc1cc(-c2cc(NC(=O)Nc3cc(OCCN4CCCCC4)ccc3C)cc(OC)c2OC)ccc1/C(C)=N/O,8.4237
COc1cc(-c2cc(NC(=O)Nc3cc(OCCCN(C)C)ccc3C)cc(OC)c2OC)ccc1/C(C)=N/O,8.0057
CCN(CC)CCOc1ccc(C)c(NC(=O)Nc2cc(OC)c(OC)c(-c3ccc(/C(C)=N/O)c(OC)c3)c2)c1,8.4089
COc1cc(-c2cc(NC(=O)Nc3ccc(OCCCN4CCOCC4)cc3)cc(OC)c2OC)ccc1/C(C)=N/O,8.9666
COc1cc(-c2cc(NC(=O)Nc3ccc(OCCN4CCCC4)cc3)cc(OC)c2OC)ccc1/C(C)=N/O,8.3893
COc1cc(-c2cc(NC(=O)Nc3ccc(OCCN4CCCCC4)cc3)cc(OC)c2OC)ccc1/C(C)=N/O,8.1543
COc1cc(-c2cc(NC(=O)Nc3ccc(OCCCN(C)C)cc3)cc(OC)c2OC)ccc1/C(C)=N/O,6.6925
CCN(CC)CCOc1ccc(NC(=O)Nc2cc(OC)c(OC)c(-c3ccc(/C(C)=N/O)c(OC)c3)c2)cc1,8.8928
COc1cc(-c2cc(NC(=O)Nc3ccc(OCCN(C)C)cc3)cc(OC)c2OC)ccc1/C(C)=N/O,8.2388
CCOC(=O)Nc1ccc(Nc2ncnc3cc(OCCN4CCOCC4)c(OC)cc23)cc1Cl.Cl,6.5229
CCOC(=O)Nc1ccc(Nc2ncnc3cc(OCCN4CCOCC4)c(OC)cc23)cc1C.Cl,6.3979
CCOC(=O)Nc1ccc(Nc2ncnc3cc(OC)c(OC)cc23)cc1Cl.Cl,6.3010
CCCOc1cc2ncnc(Nc3ccc(NC(=O)OCC)c(C)c3)c2cc1OC.Cl,6.3010
CCCOc1cc2ncnc(Nc3ccc(NC(=O)OCC)c(Cl)c3)c2cc1OC.Cl,6.3010
CCOC(=O)Nc1ccc(Nc2ncnc3cc(OC)c(OC)cc23)cc1C.Cl,6.1871
CCOC(=O)Nc1ccc(Nc2ncnc3cc(OCCN4CCCCC4)c(OC)cc23)cc1Cl.Cl,6.0969
COC(=O)Nc1ccc(Nc2ncnc3cc(OC)c(OC)cc23)cc1C.Cl,6.0706
CCCOC(=O)Nc1ccc(Nc2ncnc3cc(OC)c(OC)cc23)cc1C.Cl,6.0706
CCOC(=O)Nc1ccc(Nc2ncnc3cc(OCCN4CCCCC4)c(OC)cc23)cc1C.Cl,6.0458
CCCOC(=O)Nc1ccc(Nc2ncnc3cc(OC)c(OC)cc23)cc1Cl.Cl,5.4815
CCOC(=O)Nc1ccc(Nc2ncnc3cc(OCCN(CC)CC)c(OC)cc23)cc1Cl.Cl,5.4815
CCOC(=O)Nc1ccc(Nc2ncnc3cc(OCCN(CC)CC)c(OC)cc23)cc1C.Cl,5.4318
CCCC(=O)Nc1ccc(Nc2ncnc3cc(OC)c(OC)cc23)cc1C.Cl,5.3665
CCCCOc1cc2c(Nc3ccc(NC(=O)OCC)c(Cl)c3)ncnc2cc1OCCN(CC)CC.Cl,5.3188
CCCCOC(=O)Nc1ccc(Nc2ncnc3cc(OC)c(OC)cc23)cc1Cl.Cl,5.3098
CCCOC(=O)Nc1ccc(Nc2ncnc3cc(OC)c(OC)cc23)cc1.Cl,5.3010
COC(=O)Nc1ccc(Nc2ncnc3cc(OC)c(OC)cc23)cc1Cl.Cl,5.2967
CCCCOC(=O)Nc1ccc(Nc2ncnc3cc(OC)c(OC)cc23)cc1C.Cl,5.2840
CCNC(=O)Nc1cc(Cl)c(Nc2ncnc3cc(OC)c(OC)cc23)cc1Cl.Cl,5.2676
CCOC(=O)Nc1cc(Nc2ncnc3cc(OC)c(OC)cc23)ccc1Cl.Cl,5.2557
CCOC(=O)Nc1ccc(Nc2ncnc3cc(OC)c(OC)cc23)cc1.Cl,5.2518
CCCCOc1cc2c(Nc3ccc(NC(=O)OCC)c(C)c3)ncnc2cc1OCCN(CC)CC.Cl,5.2441
CCOC(=O)Nc1cc(Nc2ncnc3cc(OC)c(OC)cc23)ccc1C.Cl,5.1871
CCCCOC(=O)Nc1ccc(Nc2ncnc3cc(OC)c(OC)cc23)cc1.Cl,5.1675
CCCCC(=O)Nc1ccc(Nc2ncnc3cc(OC)c(OC)cc23)cc1C.Cl,5.1675
CCOC(=O)Nc1ccc(Nc2ncnc3cc(OC)c(OCCN(CC)CC)cc23)cc1C.Cl,5.1427
COC(=O)Nc1cc(Nc2ncnc3cc(OC)c(OC)cc23)ccc1C.Cl,5.1079
CCCCNC(=O)Nc1cc(Cl)c(Nc2ncnc3cc(OC)c(OC)cc23)cc1Cl.Cl,5.0362
CCOC(=O)Nc1cc(Cl)c(Nc2ncnc3cc(OC)c(OC)cc23)cc1Cl.Cl,5.0044
O=C1C(=O)c2c(oc3cc(O)c(O)cc23)-c2oc3cc(O)c(O)cc3c21,4.4949
O=C1c2oc3cc(O)c(O)cc3c2C(=O)c2oc3cc(O)c(O)cc3c21,4.1549
CC(=O)CC1(O)C(=O)c2c(oc3cc(O)c(O)cc23)-c2oc3cc(O)c(O)cc3c21,4.2840
CC(=O)Oc1c2oc3cc(O)c(O)cc3c2c(OC(C)=O)c2oc3cc(O)c(O)cc3c12,4.1805
Cc1cccc(-c2[nH]c(CNc3ccccc3F)nc2-c2ccc3ncnn3c2)n1,7.0132
Cc1cccc(-c2[nH]c(Cc3cccc(C(N)=O)c3)nc2-c2ccc3nccnc3c2)n1,5.6126
Cc1cccc(-c2nn3c(c2-c2ccnc4ccc(C(N)=O)cc24)CCC3)n1,6.3546
COc1cc2c(Oc3ccc(NC(=O)c4nn(-c5ccccc5C(F)(F)F)c(=O)cc4C)cc3F)ccnc2cc1OCCCN1CCOCC1,6.3712
COc1cc2nccc(Oc3ccc(NC(=O)C4(C(=O)Nc5ccc(F)cc5)CC4)cc3)c2cc1OC,9.0089
Cc1[nH]c(/C=C2\C(=O)Nc3ccc(F)cc32)c(C)c1NC(=O)CCN1CCN(C)CC1,8.4202
COc1ccc(N(C)c2nc(C)nc3cc[nH]c23)cc1.Cl,6.7392
COc1ccc(N(C)c2nc(C)nc3c(Cc4ccccc4)c[nH]c23)cc1.Cl,7.6716
Cc1nc(N(C)c2ccccc2)c2[nH]cc(Cc3ccccc3)c2n1.Cl,7.3002
COc1ccc(Nc2nc(C)nc3c(Cc4ccccc4)c[nH]c23)cc1.Cl,7.3915
COc1ccc(Nc2nc(C)nc3c(Cc4ccccc4)c[nH]c23)c(OC)c1.Cl,7.5214
CS(=O)(=O)Cc1cccc(Nc2nccc(Oc3ccc(NC(=O)C4(C(=O)Nc5ccccc5)CC4)cc3)n2)c1,7.7959
CS(=O)(=O)Cc1cccc(Nc2nccc(Oc3ccc(NC(=O)C4(C(=O)Nc5ccc(F)cc5)CC4)cc3)n2)c1,7.8539
CS(=O)(=O)Cc1cccc(Nc2nccc(Oc3ccc(NC(=O)C4(C(=O)Nc5ccc(Cl)cc5)CC4)cc3)n2)c1,7.5186
CS(=O)(=O)Cc1cccc(Nc2nccc(Oc3ccc(NC(=O)C4(C(=O)Nc5ccc(Br)cc5)CC4)cc3)n2)c1,7.2111
Cc1ccc(NC(=O)C2(C(=O)Nc3ccc(Oc4ccnc(Nc5cccc(CS(C)(=O)=O)c5)n4)cc3)CC2)cc1,7.2676
CS(=O)(=O)Cc1cccc(Nc2nccc(Oc3ccc(NC(=O)C4(C(=O)Nc5ccc(C(F)(F)F)cc5)CC4)cc3)n2)c1,6.6578
CS(=O)(=O)Cc1cccc(Nc2nccc(Oc3ccc(NC(=O)C4(C(=O)Nc5ccc(F)cc5)CC4)c(F)c3)n2)c1,8.3979
CS(=O)(=O)Cc1cccc(Nc2nccc(Oc3ccc(NC(=O)C4(C(=O)Nc5ccc(F)cc5)CC4)cc3F)n2)c1,8.2218
CS(=O)(=O)Cc1cccc(Nc2nccc(Oc3ccc(NC(=O)C4(C(=O)Nc5ccc(Br)cc5)CC4)cc3F)n2)c1,7.3316
COc1ccc(NC(=O)C2(C(=O)Nc3ccc(Oc4ccnc(Nc5cccc(CS(C)(=O)=O)c5)n4)c(F)c3)CC2)cc1,8.2147
COc1cccc(NC(=O)C2(C(=O)Nc3ccc(Oc4ccnc(Nc5cccc(CS(C)(=O)=O)c5)n4)c(F)c3)CC2)c1,8.2518
CS(=O)(=O)Cc1cccc(Nc2nccc(Oc3ccc(NC(=O)C4(C(=O)Nc5ccccc5)CC4)cc3F)n2)c1,7.8962
CS(=O)(=O)Cc1cccc(Nc2nccc(Oc3ccc(NC(=O)C4(C(=O)Nc5cccc(F)c5)CC4)cc3F)n2)c1,7.3665
CS(=O)(=O)Cc1cccc(Nc2nccc(Oc3ccc(NC(=O)C4(C(=O)Nc5cccc(Cl)c5)CC4)cc3F)n2)c1,8.0088
CS(=O)(=O)Cc1cccc(Nc2nccc(Oc3ccc(NC(=O)C4(C(=O)Nc5cccc(C(F)(F)F)c5)CC4)cc3F)n2)c1,7.3188
CS(=O)(=O)Cc1cccc(Nc2nccc(Oc3ccc(NC(=O)C4(C(=O)Nc5ccc(Cl)c(C(F)(F)F)c5)CC4)cc3F)n2)c1,7.0778
CS(=O)(=O)Cc1cccc(Nc2nccc(Oc3ccc(NC(=O)C4(C(=O)Nc5ccc(C#N)c(C(F)(F)F)c5)CC4)cc3F)n2)c1,7.3516
CS(=O)(=O)Cc1ccc(Nc2nccc(Oc3ccc(NC(=O)C4(C(=O)Nc5ccc(F)cc5)CC4)cc3F)n2)cc1,7.2840
Cc1ccc(CS(C)(=O)=O)cc1Nc1nccc(Oc2ccc(NC(=O)C3(C(=O)Nc4ccc(F)cc4)CC3)cc2F)n1,7.6108
O=C(Nc1ccc(F)cc1)C1(C(=O)Nc2ccc(Oc3ccnc(Nc4ccccc4)n3)c(F)c2)CC1,6.5924
CC(=O)c1cccc(Nc2nccc(Oc3ccc(NC(=O)C4(C(=O)Nc5ccc(F)cc5)CC4)cc3F)n2)c1,6.7423
COc1cccc(Nc2nccc(Oc3ccc(NC(=O)C4(C(=O)Nc5ccc(F)cc5)CC4)cc3F)n2)c1,6.6383
COc1ccc(Nc2nccc(Oc3ccc(NC(=O)C4(C(=O)Nc5ccc(F)cc5)CC4)cc3F)n2)cc1,5.3571
O=C(Nc1ccc(F)cc1)C1(C(=O)Nc2ccc(Oc3ccnc(Nc4cccc(C(F)(F)F)c4)n3)c(F)c2)CC1,6.7073
N#Cc1ccc(Nc2nccc(Oc3ccc(NC(=O)C4(C(=O)Nc5ccc(F)cc5)CC4)cc3F)n2)cc1C(F)(F)F,5.5661
CCOCCNc1nccc(Oc2ccc(NC(=O)C3(C(=O)Nc4ccc(F)cc4)CC3)cc2F)n1,5.6076
CS(=O)(=O)Cc1cccc(Nc2cc(Oc3ccc(NC(=O)C4(C(=O)Nc5ccc(F)cc5)CC4)cc3F)ncn2)c1,7.2596
CS(=O)(=O)Cc1cccc(Nc2cc(Oc3ccc(NC(=O)C4(C(=O)Nc5ccc(F)cc5)CC4)cc3F)ccn2)c1,7.7959
Cc1ccc(C(=O)Nc2ccc(CN3CCN(C)CC3)c(C(F)(F)F)c2)cc1C#Cc1cnc2cccnn12,8.7237
Nc1ncnc2scc(-c3ccc4c(C(=O)Nc5ccccc5)cccc4c3)c12,8.9348
Cc1ccc(NC(=O)c2cccc3cc(-c4cccc5[nH]nc(N)c45)ccc23)cc1,8.8037
Nc1n[nH]c2cccc(-c3ccc4c(C(=O)Nc5cc(Cl)cc(Cl)c5)cccc4c3)c12,8.8539
CCc1cccc(NC(=O)c2cccc3cc(-c4cccc5[nH]nc(N)c45)ccc23)c1,8.2969
Nc1n[nH]c2cccc(-c3ccc4c(C(=O)Nc5ccccc5)cccc4c3)c12,8.6080
Nc1n[nH]c2cccc(-c3ccc4c(C(=O)Nc5cc(F)cc(F)c5)cccc4c3)c12,8.3812
Cc1cccc(NC(=O)c2cccc3cc(-c4cccc5[nH]nc(N)c45)ccc23)c1,8.4072
Nc1n[nH]c2cccc(-c3ccc4c(C(=O)Nc5cccc(F)c5)cccc4c3)c12,8.3935
Nc1n[nH]c2cccc(-c3ccc4c(C(=O)Nc5cc(Br)cc(Br)c5)cccc4c3)c12,8.6021
Nc1n[nH]c2cccc(-c3ccc4c(C(=O)Nc5ccc(F)cc5F)cccc4c3)c12,7.8094
Nc1n[nH]c2cccc(-c3ccc4c(C(=O)NC5CC5)cccc4c3)c12,7.7871
Nc1n[nH]c2cccc(-c3ccc4c(C(=O)Nc5cccc(Cl)c5)cccc4c3)c12,7.9119
Cc1ccc(NC(=O)c2cccc3cc(-c4cccc5[nH]nc(N)c45)ccc23)c(F)c1,8.3003
Cc1ccc(F)c(NC(=O)c2cccc3cc(-c4cccc5[nH]nc(N)c45)ccc23)c1,8.3174
Nc1n[nH]c2cccc(-c3ccc4c(C(=O)Nc5cccc(Br)c5)cccc4c3)c12,8.0144
Cc1ccc(NC(=O)c2cccc3cc(-c4cccc5[nH]nc(N)c45)ccc23)cc1F,8.3468
Cc1cc(NC(=O)c2cccc3cc(-c4cccc5[nH]nc(N)c45)ccc23)no1,8.1287
Nc1n[nH]c2cccc(-c3ccc4c(C(=O)Nc5ccccc5F)cccc4c3)c12,7.9714
Nc1nccc2occ(-c3ccc4c(C(=O)Nc5ccccc5)cccc4c3)c12,7.9216
CCNC(=O)c1cccc2cc(-c3cccc4[nH]nc(N)c34)ccc12,7.5746
Nc1nccc2scc(-c3ccc4c(C(=O)Nc5ccccc5)cccc4c3)c12,7.9217
Nc1n[nH]c2cccc(-c3ccc4c(C(=O)Nc5cccc(C(F)(F)F)c5)cccc4c3)c12,8.1367
Nc1n[nH]c2cccc(-c3ccc4c(C(=O)Nc5ccc(F)cc5)cccc4c3)c12,7.9029
Nc1n[nH]c2cccc(-c3ccc4c(C(=O)Nc5cccnc5)cccc4c3)c12,7.6946
Cc1ccccc1NC(=O)c1cccc2cc(-c3cccc4[nH]nc(N)c34)ccc12,7.3185
Nc1n[nH]c2cccc(-c3ccc4c(c3)OCCN4C(=O)Nc3ccccc3)c12,7.6394
CCCN(c1ccc(OC)cc1)c1nc(C)nc2oc(C)cc12,8.0706
CCN(c1ccc(OC)cc1)c1nc(C)nc2oc(C)cc12,7.9747
COc1ccc(N(c2nc(C)nc3oc(C)cc23)C(C)C)cc1,7.8069
COc1ccc(N(C)c2nc(C)nc3oc(C)cc23)cc1,7.7190
COc1ccc(N(C)c2nc(C)nc3oc(C)cc23)cc1.Cl,7.6946
COc1ccc(Nc2nc(C)nc3oc(C)cc23)cc1,7.3655
Cc1nc(Nc2cccc3ccccc23)c2cc(C)oc2n1,7.4921
CCCCN(c1ccc(OC)cc1)c1nc(C)nc2oc(C)cc12,7.4634
Cc1nc(Nc2ccc(F)c(Cl)c2)c2cc(C)oc2n1,7.2351
Cc1nc(Nc2ccc(Cl)cc2)c2cc(C)oc2n1,7.1537
Cc1nc(Nc2ccc(C(F)(F)F)cc2)c2cc(C)oc2n1,7.1791
C#Cc1cccc(Nc2nc(C)nc3oc(C)cc23)c1,7.1175
Cc1nc(Nc2ccccc2)c2cc(C)oc2n1,7.2984
Cc1nc(Nc2cccc3[nH]ccc23)c2cc(C)oc2n1,6.9910
O=C1/C(=C\c2ccc(O)c(O)c2)Oc2ccccc21,5.2248
O=C(CC(=O)Nc1ccc2c(c1)NC(=O)/C2=C\c1ccc[nH]1)Nc1ccc(F)cc1,5.7517
COc1ccc(NC(=O)CC(=O)Nc2ccc3c(c2)NC(=O)/C3=C\c2[nH]c(C)c(C(=O)NCCN3CCCC3)c2C)cc1,7.6840
c1ccc(-c2nc3ccc(Nc4ccnc5ccccc45)cc3[nH]2)cc1,5.6055
Cc1cccc(-c2nc3ccc(Nc4ccnc5ccccc45)cc3[nH]2)c1,5.1675
Cc1ccc(-c2nc3ccc(Nc4ccnc5ccccc45)cc3[nH]2)cc1,5.3325
Oc1ccccc1-c1nc2ccc(Nc3ccnc4ccccc34)cc2[nH]1,5.0209
CCc1ccc(-c2nc3ccc(Nc4ccnc5ccccc45)cc3[nH]2)cc1,5.2604
Fc1cccc(-c2nc3ccc(Nc4ccnc5ccccc45)cc3[nH]2)c1,5.4535
Fc1ccc(-c2nc3ccc(Nc4ccnc5ccccc45)cc3[nH]2)cc1,5.8665
Clc1cccc(-c2nc3ccc(Nc4ccnc5ccccc45)cc3[nH]2)c1,5.6198
Clc1ccc(-c2nc3ccc(Nc4ccnc5ccccc45)cc3[nH]2)cc1,6.6198
Brc1ccc(-c2nc3ccc(Nc4ccnc5ccccc45)cc3[nH]2)cc1,6.7447
Clc1cccc(Cl)c1-c1nc2ccc(Nc3ccnc4ccccc34)cc2[nH]1,5.0783
Clc1ccc(-c2nc3ccc(Nc4ccnc5ccccc45)cc3[nH]2)cc1Cl,7.5229
Clc1cc(Cl)cc(-c2nc3ccc(Nc4ccnc5ccccc45)cc3[nH]2)c1,7.0969
Fc1ccc(Br)c(-c2nc3ccc(Nc4ccnc5ccccc45)cc3[nH]2)c1,5.1068
O=C(Nc1ccc(Nc2ccc([N+](=O)[O-])c3ncnc(O)c23)cc1)Nc1ccc(C(F)(F)F)cc1Cl,7.9208
Cc1ncc([N+](=O)[O-])n1CCOc1ncnc2ccccc12,8.5654
COc1cc2c(Oc3ccc(NC(=O)c4nn(-c5ccc(F)cc5)c(=O)c5ccccc45)cc3F)ccnc2cc1OCCCN1CCCC1,7.1524
Cc1cccc(-c2nc3ccc(Nc4ncnc5ccccc45)cc3[nH]2)c1,5.1824
Cc1ccccc1-c1nc2ccc(Nc3ncnc4ccccc34)cc2[nH]1,5.0292
c1ccc(-c2nc3ccc(Nc4ncnc5ccccc45)cc3[nH]2)cc1,6.0809
Cc1ccc(-c2nc3ccc(Nc4ncnc5ccccc45)cc3[nH]2)cc1,5.3224
CCc1ccc(-c2nc3ccc(Nc4ncnc5ccccc45)cc3[nH]2)cc1,5.0610
Fc1ccccc1-c1nc2ccc(Nc3ncnc4ccccc34)cc2[nH]1,5.1972
Fc1cccc(-c2nc3ccc(Nc4ncnc5ccccc45)cc3[nH]2)c1,6.0862
Fc1ccc(-c2nc3ccc(Nc4ncnc5ccccc45)cc3[nH]2)cc1,7.6990
Clc1ccccc1-c1nc2ccc(Nc3ncnc4ccccc34)cc2[nH]1,5.0605
Clc1cccc(-c2nc3ccc(Nc4ncnc5ccccc45)cc3[nH]2)c1,5.8013
Clc1ccc(-c2nc3ccc(Nc4ncnc5ccccc45)cc3[nH]2)cc1,7.0458
Brc1ccc(-c2nc3ccc(Nc4ncnc5ccccc45)cc3[nH]2)cc1,6.4202
FC(F)(F)c1ccc(-c2nc3ccc(Nc4ncnc5ccccc45)cc3[nH]2)cc1,5.0531
Clc1ccc(-c2nc3ccc(Nc4ncnc5ccccc45)cc3[nH]2)cc1Cl,6.1192
Clc1cc(Cl)cc(-c2nc3ccc(Nc4ncnc5ccccc45)cc3[nH]2)c1,5.7352
Fc1ccc(Br)c(-c2nc3ccc(Nc4ncnc5ccccc45)cc3[nH]2)c1,5.0696
CN1CCN(C2CCN(C(=O)Nc3cc(Oc4ccc(NC(=O)C5(C(=O)Nc6ccc(F)cc6)CC5)c(F)c4)ccn3)CC2)CC1,7.7959
COc1cc(-c2c[nH]c(=O)c(-c3cc(OC)c(OC)c(OC)c3)n2)ccc1O,6.6990
COc1cc(-c2nc(-c3ccc(O)cc3)c[nH]c2=O)cc(OC)c1OC,5.6576
COc1cc(-c2nc(-c3cccc(Cl)c3)c[nH]c2=O)cc(OC)c1OC,4.2518
COc1cccc(-c2c[nH]c(=O)c(-c3cc(OC)c(OC)c(OC)c3)n2)c1,4.6383
COc1cc(-c2nc(-c3c[nH]c4ccc(O)cc34)c[nH]c2=O)cc(OC)c1OC,6.0000
COc1cc(-c2nc(-c3c[nH]c4ccccc34)c[nH]c2=O)cc(OC)c1OC,5.6383
CN(C)Cc1ccc(/C=C/c2n[nH]c3cc([C@@H]4C[C@@]45C(=O)Nc4ccccc45)ccc23)cc1,6.9586
COc1ccc2c(c1)[C@]1(C[C@H]1c1ccc3c(/C=C/c4ccc(N5CCN(C)CC5)nc4)n[nH]c3c1)C(=O)N2,5.6990
O=C1Nc2ccccc2[C@]12C[C@H]2c1ccc2c(/C=C/c3ccncc3)n[nH]c2c1,5.8861
O=C1Nc2ccccc2/C1=C/c1ccc2cn[nH]c2c1,5.6021
CN(C)Cc1ccc(/C=C/c2n[nH]c3cc(/C=C4/C(=O)Nc5ccccc54)ccc23)cc1,7.6576
O=C1Nc2ccccc2/C1=C\c1ccc2c(/C=C/c3ccncc3)n[nH]c2c1,7.4685
Cc1ccc(/C=C/c2n[nH]c3cc([C@@H]4C[C@@]45C(=O)Nc4ccccc45)ccc23)c(C)n1,5.6778
COc1ccc2c(c1)[C@]1(C[C@H]1c1ccc3c(/C=C/c4ccc(CN(C)C)cc4)n[nH]c3c1)C(=O)N2,6.0410
CN(C)Cc1ccc(/C=C/c2n[nH]c3cc([C@@H]4C[C@@]45C(=O)Nc4ccc(OC(F)F)cc45)ccc23)cc1,5.3098
O=C1Nc2ccccc2[C@]12C[C@H]2c1ccc2c(/C=C/c3ccc(CN4CCOCC4)cc3)n[nH]c2c1,5.8539
COc1ccc2c(c1)[C@]1(C[C@H]1c1ccc3c(/C=C/c4ccc(CN5CCOCC5)cc4)n[nH]c3c1)C(=O)N2,4.6198
COc1ccc2c(c1)[C@]1(C[C@H]1c1ccc3c(/C=C/c4cc(F)c(CN5CCOCC5)c(F)c4)n[nH]c3c1)C(=O)N2,5.1024
CN1CCN(Cc2ccc(/C=C/c3n[nH]c4cc([C@@H]5C[C@@]56C(=O)Nc5ccccc56)ccc34)cc2)CC1,6.9208
O=C1Nc2ccccc2[C@]12C[C@H]2c1ccc2c(/C=C/c3ccc(CN4CCCCC4)cc3)n[nH]c2c1,7.9208
COc1cc2c(Oc3ccc(NC(=O)c4nnn(-c5ccc(F)cc5)c4C(F)(F)F)cc3F)ccnc2cc1OCCCN1CCCC1,7.1843
COC1CCN(c2nccc(Nc3cc(NC(=O)c4c(Cl)cccc4Cl)ccn3)n2)CC1,5.4828
COC1CCN(c2nccc(Nc3cc4[nH]c(-c5cn[nH]c5)nc4cn3)n2)CC1,5.8665
COC1CCN(c2nccc(Nc3cc4[nH]c(-c5cn[nH]c5)cc4cn3)n2)CC1,6.6596
COC1CCN(c2nccc(Nc3cc4c(cn3)cc(-c3cn[nH]c3)n4C(C)C)n2)CC1,7.9208
COC1CCN(c2nccc(Nc3cc4c(ccn4C(C)C)cn3)n2)CC1,5.7011
COC1CCN(c2nccc(Nc3cc4c(ccn4C4CCCC4)cn3)n2)CC1,5.6440
COC1CCN(c2nccc(Nc3cc4c(cn3)c(N)nn4C(C)C)n2)CC1,5.7799
COC1CCN(c2nccc(Nc3cc4c(C(C)C)n[nH]c4cn3)n2)CC1,5.6498
COc1cc2c(Oc3ccc(CC(=O)N/N=C/c4ccc(C(F)(F)F)cc4)cc3F)ccnc2cc1OCCCN1CCCC1,6.2518
O=C(Nc1ccc(Cl)c(C(=O)Nc2ccc(-c3ncc[nH]3)nc2)c1)c1ccc(Cl)c(C(F)(F)F)c1,4.7305
O=C(Nc1ccc(Cl)c(C(F)(F)F)c1)c1ccc(Cl)c(C(=O)Nc2ccc(-c3ncc[nH]3)nc2)c1,4.6308
CN(C)CCCOc1ccc(NC(=O)c2cccc(-c3cccc(O)c3)c2)cc1,6.2044
CCN(CC)CCOc1ccc(NC(=O)c2cccc(-c3cccc(O)c3)c2)cc1,6.4441
O=C(Nc1ccc(OCCN2CCCC2)cc1)c1cccc(-c2cccc(O)c2)c1,7.4951
O=C(Nc1ccc(OCCN2CCCCC2)cc1)c1cccc(-c2cccc(O)c2)c1,6.6678
O=C(Nc1ccc(OCCN2CCOCC2)cc1)c1cccc(-c2cccc(O)c2)c1,7.2040
O=C(Nc1ccc(OCCCN2CCOCC2)cc1)c1cccc(-c2cccc(O)c2)c1,7.2655
CN(C)CCCOc1ccc(NC(=O)c2cccc(-c3cccc(O)c3)c2)cc1F,7.8392
CN(C)CCOc1ccc(NC(=O)c2cccc(-c3cccc(O)c3)c2)cc1F,8.6946
CCN(CC)CCOc1ccc(NC(=O)c2cccc(-c3cccc(O)c3)c2)cc1F,8.0585
O=C(Nc1ccc(OCCN2CCCC2)c(F)c1)c1cccc(-c2cccc(O)c2)c1,8.3134
O=C(Nc1ccc(OCCN2CCCCC2)c(F)c1)c1cccc(-c2cccc(O)c2)c1,7.3534
O=C(Nc1ccc(OCCN2CCOCC2)c(F)c1)c1cccc(-c2cccc(O)c2)c1,6.8886
CN(C)CCCOc1ccc(NC(=O)c2cccc(-c3cccc(O)c3)c2)cc1Cl,7.0689
CN(C)CCOc1ccc(NC(=O)c2cccc(-c3cccc(O)c3)c2)cc1Cl,7.5594
CCN(CC)CCOc1ccc(NC(=O)c2cccc(-c3cccc(O)c3)c2)cc1Cl,6.8001
O=C(Nc1ccc(OCCN2CCCC2)c(Cl)c1)c1cccc(-c2cccc(O)c2)c1,7.7484
O=C(Nc1ccc(OCCN2CCOCC2)c(Cl)c1)c1cccc(-c2cccc(O)c2)c1,7.1110
O=C(Nc1ccc(OCCCN2CCOCC2)c(Cl)c1)c1cccc(-c2cccc(O)c2)c1,6.9003
COc1ccc(C(=O)Nc2ccc(OCCCN(C)C)cc2)c(-c2cccc(O)c2)c1O,7.1433
COc1ccc(C(=O)Nc2ccc(OCCN(C)C)cc2)c(-c2cccc(O)c2)c1O,6.4627
CCN(CC)CCOc1ccc(NC(=O)c2ccc(OC)c(O)c2-c2cccc(O)c2)cc1,7.1586
COc1ccc(C(=O)Nc2ccc(OCCN3CCCC3)cc2)c(-c2cccc(O)c2)c1O,6.7380
COc1ccc(C(=O)Nc2ccc(OCCN3CCCCC3)cc2)c(-c2cccc(O)c2)c1O,8.3585
COc1ccc(C(=O)Nc2ccc(OCCCN3CCOCC3)cc2)c(-c2cccc(O)c2)c1O,7.8228
COc1ccc(C(=O)Nc2ccc(OCCN3CCCC3)c(F)c2)c(-c2cccc(O)c2)c1O,8.0264
COc1ccc(C(=O)Nc2ccc(OCCN(C)C)c(Cl)c2)c(-c2cccc(O)c2)c1O,6.8855
COc1ccc(C(=O)Nc2ccc(OCCN3CCCC3)c(Cl)c2)c(-c2cccc(O)c2)c1O,7.6411
COc1ccc(C(=O)Nc2ccc(OCCN3CCCCC3)c(Cl)c2)c(-c2cccc(O)c2)c1O,7.0237
NS(=O)(=O)[C@H]1C2CCC(CC2)[C@@H]1Nc1nc(-c2c[nH]c3ncc(F)cc23)ncc1F,5.7212
OCC(O)[C@H]1C2CCC(CC2)[C@@H]1Nc1nc(-c2c[nH]c3ncc(F)cc23)ncc1F,5.6198
CC(O)[C@H]1C2CCC(CC2)[C@@H]1Nc1nc(-c2c[nH]c3ncc(F)cc23)ncc1F,5.6990
CS(=O)(=O)[C@H]1C2CCC(CC2)[C@@H]1Nc1nc(-c2c[nH]c3ncc(F)cc23)ncc1F,5.8239
Cc1nc(N(C)c2ccc3c(c2)CCO3)c2cc(C)oc2n1,8.1739
Cc1nc(N(C)c2ccc3c(c2)OCO3)c2cc(C)oc2n1,7.7011
COc1ccc(N(C)c2nc(C)nc3oc(C)cc23)cc1OC,7.7305
COc1ccc(N(C)c2nc(C)nc3oc(C)cc23)c(OC)c1,7.4908
Cc1nc(N(C)c2ccc3occc3c2)c2cc(C)oc2n1,8.2366
COc1ccc2c(c1)CCN2c1nc(C)nc2oc(C)cc12,7.6799
COc1ccc2c(c1)CCCN2c1nc(C)nc2oc(C)cc12,7.4789
Cc1nc(N(C)c2ccc(OC(C)C)cc2)c2cc(C)oc2n1,7.4145
CCOc1ccc(N(C)c2nc(C)nc3oc(C)cc23)cc1,6.9161
CCS(=O)(=O)O.COC(=O)c1ccc2c(c1)NC(=O)/C2=C(\Nc1ccc(N(C)C(=O)CN2CCN(C)CC2)cc1)c1ccccc1,7.6778
Nc1nccc(Oc2ccc(NC(=O)Nc3ccc(Cl)c(C(F)(F)F)c3)cc2)n1,7.6383
Nc1nccc(Oc2ccc(NC(=O)Nc3nc4ccccc4s3)cc2)n1,6.9208
CNC(=O)c1nccc(Oc2ccc(NC(=O)Nc3nc4ccccc4s3)cc2)n1,7.4437
CNC(=O)c1cc(Oc2ccc(NC(=O)Nc3cc(C(C)(C)C)on3)cc2)ccn1,7.7696
N#Cc1cc(Oc2ccc(NC(=O)Nc3ccc(Cl)c(C(F)(F)F)c3)cc2)ccn1,6.6696
O=C(Nc1ccc(Oc2ccnc3ccccc23)cc1)Nc1ccc(Cl)c(C(F)(F)F)c1,6.9245
O=C(CC1(N2CCOCC2)CCCCC1)Nc1ccc2[nH]nc(-c3ccc(N4CCOCC4)cc3)c2c1,5.9208
O=C(NCC1(N2CCOCC2)CCCCC1)c1ccc2[nH]nc(-c3ccc(N4CCOCC4)cc3)c2c1,5.4202
CN1CCC(Oc2ccc(-c3n[nH]c4ccc(C(=O)NC(c5ccsc5)C5CCCC5)cc34)cc2)CC1,5.5376
CN1CCC(Oc2ccc(-c3n[nH]c4ccc(NC(=O)C(c5ccccn5)C5CCCC5)cc34)cc2)CC1,5.8239
CN1CCC(Oc2ccc(-c3n[nH]c4ccc(C(=O)NC(c5ccccn5)C5CCCC5)cc34)cc2)CC1,5.2147
[2H]C([2H])([2H])Oc1cc2nccc(Oc3ccc(NC(=O)Nc4cc(C)on4)c(Cl)c3)c2cc1OC([2H])([2H])[2H],8.6234
Cc1cc2c(F)c(Oc3ncnn4cc(OC[C@@H](C)OS(=O)(=O)O)c(C)c34)ccc2[nH]1,7.5528
Cc1c(OC[C@@H](C)O)cn2ncnc(Oc3ccc4[nH]c(CO)cc4c3F)c12,7.1079
CNc1ncc2cc(-c3cc(NC(=O)NCCC(C)(C)C)c(F)cc3C)c(C)nc2n1,5.4089
CNc1ncc2cc(-c3cc(NC(=O)NCCC(C)(C)C)c(F)cc3C)cnc2n1,5.7212
Cc1cc(F)c(NC(=O)NCCC(C)(C)C)cc1-c1cc2cnc(N)nc2nc1C,6.2676
CNc1cc2nc(C)c(-c3cc(NC(=O)NCCC(C)(C)C)c(F)cc3C)cc2cn1,6.7696
CNc1cc2nc(C)c(-c3ccc(F)c(NC(=O)NCCC(C)(C)C)c3)cc2cn1,7.4815
CNc1ncc2cc(-c3ccc(F)c(NC(=O)NCCC(C)(C)C)c3)c(C)nc2n1,6.1249
CNc1cc2nc(C)c(-c3cc(NC(=O)NC[C@@H](O)C(C)(C)C)c(F)cc3C)cc2cn1,6.1249
CCn1c(=O)c(-c2cc(NC(=O)NCCC(C)(C)C)c(F)cc2C)cc2cnc(NC)cc21,7.6021
CCn1c(=O)c(-c2ccc(F)c(NC(=O)Nc3cc(C(C)(C)C)no3)c2)cc2cnc(NC)cc21,8.7212
CNc1cc2c(cn1)cc(-c1ccc(F)c(NC(=O)Nc3cc(C(C)(C)C)no3)c1)c(=O)n2[C@H]1CCOC1,9.3372
CCCS(=O)(=O)Nc1ccc(F)c(C(=O)c2c[nH]c3ncc(-c4ccc(Cl)cc4)cc23)c1F,6.4437
OC1CCN(c2cc(-c3cnc4ccc(N5CCC[C@@H]5c5cccc(F)c5)nn34)ccn2)CC1,5.3010
O=C(O)CN1CCN(c2cc(-c3cnc4ccc(N5CCC[C@@H]5c5cccc(F)c5)nn34)ccn2)CC1,6.0000
Fc1cccc([C@H]2CCCN2c2ccc3ncc(-c4ccccn4)n3n2)c1,5.1871
N#Cc1ccc(-c2cnc3ccc(NCc4ccccc4)nn23)cc1,5.3872
O=C(Nc1ccc(-c2cccnc2)cc1)Nc1cc(Br)cc(C(F)(F)F)c1,9.4437
O=C(Nc1ccc(-c2cccnc2)cc1)Nc1ccc(OC(F)(F)F)cc1Br,8.3372
O=C(Nc1ccc(-c2cccnc2)cc1)Nc1cc(Br)ccc1OC(F)(F)F,7.2001
O=C(Nc1ccc(-c2cccnc2)cc1)Nc1ccc(Cl)c(Cl)c1,8.6596
O=C(Nc1ccc(-c2cccnc2)cc1)Nc1cc(C(F)(F)F)cc(C(F)(F)F)c1,9.6576
CC(C)(C)C(=O)Nc1ccc(-c2ccc(NC(=O)Nc3cc(Br)cc(C(F)(F)F)c3)cc2)cn1,6.1412
CC(C)(C)C(=O)Nc1ccc(-c2ccc(NC(=O)Nc3ccc(Cl)c(Cl)c3)cc2)cn1,7.8775
CNC(=O)c1ccc(-c2ccc(NC(=O)Nc3ccc(Cl)c(C(F)(F)F)c3)cc2)cn1,7.0018
CNC(=O)c1cc(-c2ccc(NC(=O)Nc3ccc(Cl)c(C(F)(F)F)c3)cc2)ccn1,9.8239
CNC(=O)c1ccc(-c2ccc(NC(=O)Nc3cc(Br)cc(C(F)(F)F)c3)cc2)cn1,9.8539
O=C(Nc1ccccc1)Nc1ccc(/N=C2\C(=O)Nc3ccccc32)cc1,5.2510
O=C(Nc1ccc(/N=C2\C(=O)Nc3ccccc32)cc1)Nc1cccc(C(F)(F)F)c1,5.3706
N#Cc1ccc(NC(=O)Nc2ccc(/N=C3\C(=O)Nc4ccccc43)cc2)cc1,5.2933
O=C(Nc1ccc(/N=C2\C(=O)Nc3ccccc32)cc1)Nc1cccc(Cl)c1,5.5884
O=C(Nc1ccc(Cl)cc1)Nc1ccc(/N=C2\C(=O)Nc3ccccc32)cc1,5.6003
O=C(Nc1ccc(/N=C2\C(=O)Nc3ccc(F)cc32)cc1)Nc1cccc(C(F)(F)F)c1,5.6737
O=C(Nc1ccc(/N=C2\C(=O)Nc3ccc(F)cc32)cc1)Nc1cccc(Cl)c1,5.7011
O=C(Nc1ccc(Cl)cc1)Nc1ccc(/N=C2\C(=O)Nc3ccc(F)cc32)cc1,5.7144
COc1ccc(NC(=O)Nc2ccc(/N=C3\C(=O)Nc4ccc(F)cc43)cc2)cc1,5.5735
O=C(Nc1ccc(F)cc1)Nc1ccc(/N=C2\C(=O)Nc3ccc(Cl)cc32)cc1,5.4067
O=C(Nc1ccc(/N=C2\C(=O)Nc3ccc(Cl)cc32)cc1)Nc1cccc(Cl)c1,6.1249
O=C(Nc1ccc(Cl)cc1)Nc1ccc(/N=C2\C(=O)Nc3ccc(Cl)cc32)cc1,6.1487
NS(=O)(=O)c1ccc(NC(=O)Nc2ccc(/N=C3\C(=O)Nc4ccc(Cl)cc43)cc2)cc1,6.5086
CN(C)CC(=O)N1CCC(c2cc(-c3cnc(N)c(-n4nnc5ccccc54)n3)n(C)n2)CC1,7.0458
CN(C)CC(=O)N1CCC(c2cn(C)c(-c3cnc(N)c(-n4nnc5ccccc54)n3)n2)CC1,5.1805
CN(C)CC(=O)N1CCC(c2nc(-c3cnc(N)c(-n4nnc5ccccc54)n3)nn2C)CC1,5.9208
CN(C)CC(=O)N1CCC(c2nc(-c3cnc(N)c(-n4nnc5ccccc54)n3)n(C)n2)CC1,5.0458
CN(C)CC(=O)N1CCC(n2ncc(-c3cnc(N)c(-n4nnc5ccccc54)n3)n2)CC1,6.6778
CN(C)CC(=O)N1CCC(n2ccc(-c3cnc(N)c(-n4nnc5ccccc54)n3)n2)CC1,6.7696
CN(C)CC(=O)N1CCC(n2cc(-c3cnc(N)c(-n4nnc5ccccc54)n3)cn2)CC1,7.5376
COc1cc2c(Oc3ccc(NC(=O)c4[nH]c(=O)n(-c5ccccc5Cl)c4C)cc3F)ccnc2cc1OCCCN1CCN(C)CC1,7.0334
Cc1cc(NC(=O)Nc2ccc(-c3cnc(NC(=O)c4ccc(OCCN5CCOCC5)cc4)s3)cc2)no1,6.4318
CCN1CCN(c2cc(Nc3ncc(-c4ccc(NC(=O)OCc5ccccc5)cc4)s3)nc(C)n2)CC1,6.9208
CCN1CCN(c2cc(Nc3ncc(-c4ccc(NS(=O)(=O)c5ccccc5)cc4)s3)nc(C)n2)CC1,6.7696
CCN1CCN(c2cc(Nc3ncc(-c4ccc(NC(=O)Nc5cc(C6CC6)on5)cc4)s3)nc(C)n2)CC1,7.8239
CCc1cc(NC(=O)Nc2ccc(-c3cnc(Nc4cc(N5CCC(N)C5)nc(C)n4)s3)cc2)no1,8.1549
CCc1cc(NC(=O)Nc2ccc(-c3cnc(Nc4cc(N5CCN(CC)CC5)nc(C)n4)s3)cc2)no1,7.6021
CCCCc1cc(NC(=O)Nc2ccc(-c3cnc(Nc4cc(N5CCN(C)CC5)nc(C)n4)s3)cc2)no1,7.2596
CCc1cc(NC(=O)Nc2ccc(-c3cnc(Nc4cc(N5CCN(C)CC5)nc(C)n4)s3)cc2)no1,8.0000
Cc1nc(Nc2ncc(-c3ccc(NC(=O)Nc4cc(C)on4)cc3)s2)cc(N2CCN(C)CC2)n1,7.8239
Cc1nc(Nc2ncc(-c3ccc(NC(=O)Nc4cccc(Cl)c4)cc3)s2)cc(N2CCNCC2)n1,7.5086
CCN1CCN(c2cc(Nc3ncc(-c4ccc(NC(=O)Nc5ccc(Cl)cc5)cc4)s3)nc(C)n2)CC1,7.3665
Cc1nc(Nc2ncc(-c3ccc(NC(=O)Nc4ccccc4)cc3)s2)cc(N2CCC(N)CC2)n1,7.2757
Cc1nc(Nc2ncc(-c3ccc(NC(=O)Nc4ccccc4)cc3)s2)cc(N2CCN(C)CC2)n1,6.7959
CC(C)(C)c1cc(NC(=O)Nc2cccc(Oc3cncc(-c4ccc(S(C)(=O)=O)cc4)n3)c2)no1,5.3188
Cn1cc(-c2cncc(Oc3cccc(NC(=O)Nc4cc(C(C)(C)C)on4)c3)n2)cn1,5.8539
Cn1cc(-c2cncc(-c3ccc(NC(=O)Nc4cc(C(C)(C)C)nn4C)cc3)n2)cn1,6.0177
Cn1cc(-c2cncc(-c3ccc(NC(=O)Nc4cc(C(C)(C)C)no4)cc3)n2)cn1,6.0000
C[C@H](CO)Nc1nc(Nc2ccc([S+](N)[O-])cc2)ncc1Br,7.4685
C[C@@H](O)[C@@H](C)Nc1nc(Nc2ccc([S+](N)[O-])cc2)ncc1Br,7.2291
C[C@@H](O)[C@@H](C)Oc1nc(Nc2ccc([S+](N)[O-])cc2)ncc1Br,6.9136
CC[S@@](=N)(=O)c1ccc(Nc2ncc(Br)c(N[C@H](C)[C@@H](C)O)n2)cc1,7.4949
C[C@@H](O)[C@@H](C)Oc1nc(Nc2ccc(S(=N)(=O)C3CC3)cc2)ncc1C(F)(F)F,6.7878
CNC(=O)Cn1cc(-c2cnc(N)c3c(-c4ccc(Oc5ccccc5)cc4)csc23)cn1,6.5467
Cn1cc(-c2cnc(N)c3c(-c4ccc(Oc5ccccc5)cc4)csc23)cn1,6.4647
O=C(Nc1ccccc1)Nc1cccc(Sc2ccnc3ccsc23)c1,7.0269
COc1ccc(NC(=O)Nc2cccc(Sc3ccnc4ccsc34)c2)cc1,6.9706
N#Cc1ccc(NC(=O)Nc2cccc(Sc3ccnc4ccsc34)c2)cc1,6.6861
O=C(Nc1ccc(F)cc1)Nc1cccc(Sc2ccnc3ccsc23)c1,8.0000
O=C(Nc1cccc(F)c1)Nc1cccc(Sc2ccnc3ccsc23)c1,7.5528
Cc1cccc(NC(=O)Nc2cccc(Sc3ccnc4ccsc34)c2)c1,7.9586
O=C(Nc1cccc(Sc2ccnc3ccsc23)c1)Nc1cccc(C(F)(F)F)c1,7.8239
O=C(Nc1cccc(Sc2ccnc3ccsc23)c1)Nc1ccc(Cl)c(C(F)(F)F)c1,7.7959
O=C(Nc1ccccc1)Nc1ccc(Sc2ccnc3ccsc23)cc1,5.9355
COc1ccc(NC(=O)Nc2ccc(Sc3ccnc4ccsc34)cc2)cc1,5.8570
N#Cc1ccc(NC(=O)Nc2ccc(Sc3ccnc4ccsc34)cc2)cc1,5.0778
O=C(Nc1ccc(Sc2ccnc3ccsc23)cc1)Nc1cccc(C(F)(F)F)c1,6.0052
O=C(Nc1ccc(Sc2ccnc3ccsc23)cc1)Nc1ccc(Cl)c(C(F)(F)F)c1,5.7106
Nc1ncc(-c2cnn(CC(=O)N3CCOCC3)c2)c2scc(-c3ccc(Oc4ccccc4)cc3)c12,6.7190
O=C1Nc2ccc(O)cc2/C1=C/c1ccc[nH]1,6.3920
CSCCCNC(=O)c1ccc2c(c1)/C(=C/c1[nH]c(C)cc1C)C(=O)N2,7.4202
O=C(CCCCC(=O)Nc1ccc2c(c1)/C(=C/c1ccc[nH]1)C(=O)N2)NO,6.5376
O=C(CCCCCCC(=O)Nc1ccc2c(c1)/C(=C/c1ccc[nH]1)C(=O)N2)NO,6.6253
Cc1nn(-c2ccnc(Nc3ccc4c(c3)c(Cl)c(C)n4C)n2)cc1CN1CC(O)C1,6.7168
Cc1nn(-c2ccnc(Nc3ccc4c(c3)c(C)c(C)n4C)n2)cc1CN1CC(O)C1,6.1851
CN(C)CCCNC(=O)c1csc2nc(-c3ccc(NC(=O)Nc4cc(C(C)(C)C)on4)cc3)cn12,5.6094
COc1cc2ncnc(Nc3cccc(Cl)c3F)c2cc1OC(=O)N1CCN(C)C[C@H]1C,6.8069
COc1ccc(Nc2ncc3c(n2)-c2ccc(OC)cc2SC3)cc1,4.7570
COc1ccc(Nc2ncc3c(n2)-c2ccccc2SC3)cc1,5.5686
c1ccc(Nc2ncc3c(n2)-c2ccccc2SC3)cc1,5.0862
Clc1ccc(Nc2ncc3c(n2)-c2ccc(Cl)cc2SC3)cc1,5.2518
O=C(Nc1cccc(Br)c1)Nc1ccc(Oc2ncnc3sc4c(c23)CCCC4)cc1Cl,7.8239
Cc1cc(Oc2ncnc3sc4c(c23)CCCC4)ccc1NC(=O)Nc1cccc(Br)c1,7.4685
O=C(Nc1ccc(Oc2ncnc3sc4c(c23)CCCC4)cc1)Nc1cccc(Br)c1,7.9586
O=C(Nc1cccc(Br)c1)Nc1ccc(Oc2ncnc3sccc23)cc1Cl,8.0458
Cc1cc(Oc2ncnc3sccc23)ccc1NC(=O)Nc1cccc(Br)c1,7.7959
O=C(Nc1ccc(Oc2ncnc3sccc23)cc1)Nc1cccc(Br)c1,7.7447
O=C(Nc1ccc(Oc2ncnc3ccccc23)cc1)Nc1cccc(Br)c1,8.0969
COc1cc2ncnc(Oc3ccc(NC(=O)Nc4cccc(Br)c4)c(Cl)c3)c2cc1OC,8.0969
CCOC(=O)Nc1ccc(Oc2ncnc3sccc23)cc1C,5.9431
CCOC(=O)Nc1ccc(Oc2ncnc3ccccc23)cc1C,6.1487
CCOC(=O)Nc1ccc(Oc2ncnc3cc(OC)c(OC)cc23)cc1C,6.2218
Fc1ccc(Oc2ncnc3sc4c(c23)CCCC4)cc1Cl,5.4559
O=C(Nc1ccc(Nc2ncnc3sc4c(c23)CCCC4)cc1)Nc1cccc(Br)c1,6.5086
O=C(Nc1ccc(Nc2ncnc3sccc23)cc1)Nc1cccc(Br)c1,5.9355
O=C(Nc1ccc(Nc2ncnc3ccccc23)cc1)Nc1cccc(Br)c1,7.0410
COc1cc2ncnc(Nc3ccc(NC(=O)Nc4cccc(Br)c4)cc3)c2cc1OC,7.9208
CCOC(=O)Nc1ccc(Nc2ncnc3sc4c(c23)CCCC4)cc1C,5.5031
CCOC(=O)Nc1ccc(Nc2ncnc3ccccc23)cc1C,5.4179
CN(C)CCOc1ccc(NC(=O)Nc2ccc(-c3cccc4[nH]nc(N)c34)cc2)cc1F,8.4597
Nc1n[nH]c2cccc(-c3ccc(NC(=O)Nc4ccc5c(c4)OCO5)cc3)c12,8.8601
Nc1n[nH]c2cccc(-c3cccc(NC(=O)Nc4ccc(Cl)c(C(F)(F)F)c4)c3)c12,9.1024
Cc1ccc(NC(=O)Nc2cccc(-c3cccc4[nH]nc(N)c34)c2)cc1Cl,7.3788
Nc1n[nH]c2cccc(-c3cccc(NC(=O)Nc4cc(C(F)(F)F)cc(C(F)(F)F)c4)c3)c12,6.9318
Nc1n[nH]c2cccc(-c3cccc(NC(=O)Nc4ccc(Cl)cc4Cl)c3)c12,6.6882
COc1cccc(NC(=O)Nc2cccc(-c3cccc4[nH]nc(N)c34)c2)c1,7.6778
Nc1n[nH]c2cccc(-c3cccc(NC(=O)Nc4cccc(C(F)(F)F)c4)c3)c12,6.4802
CC(C)c1cccc(NC(=O)Nc2cccc(-c3cccc4[nH]nc(N)c34)c2)c1,8.4029
Cc1ccc(NC(=O)Nc2cccc(-c3cccc4[nH]nc(N)c34)c2)cc1,8.6271
Nc1n[nH]c2cccc(-c3cccc(NC(=O)Nc4cccc(Cl)c4)c3)c12,9.3010
Nc1n[nH]c2cccc(-c3cccc(NC(=O)Nc4ccccc4Cl)c3)c12,6.9355
Nc1n[nH]c2cccc(-c3cccc(NC(=O)Nc4ccc(F)cc4)c3)c12,8.6676
Nc1n[nH]c2cccc(-c3cccc(NC(=O)Nc4cccc(F)c4)c3)c12,7.2277
Nc1n[nH]c2cccc(-c3cccc(NC(=O)Nc4ccccc4F)c3)c12,7.2708
COc1ccc(C(=O)OCCN2CCOCC2)cc1NC(=O)Nc1cc(-c2cn[nH]c2)ccc1OC(F)(F)F,4.8268
COc1ccc(C(=O)OCCN2CCOCC2)cc1NC(=O)Nc1cc(-c2cncnc2)ccc1OC(F)(F)F,5.3279
COc1ccc(C(=O)OCCN(C(C)C)C(C)C)cc1NC(=O)Nc1cc(-c2cccnc2)cc(C(F)(F)F)c1,5.0757
CCN(CC)CCOC(=O)c1ccc(OC)c(NC(=O)Nc2cc(-c3ccc(OC)nc3)ccc2OC(F)(F)F)c1,4.4237
COc1ccc(C(=O)OCCN(C)C)cc1NC(=O)Nc1cc(-c2cccnc2)cc(C(F)(F)F)c1,7.5528
COc1ccc(C(=O)OCCN(C)C)cc1NC(=O)Nc1cc(-c2cccnc2)ccc1OC(F)(F)F,7.2076
COc1ccc(C(=O)OCCN(C)C)cc1NC(=O)Nc1cc(-c2ccc3[nH]ccc3c2)ccc1OC(F)(F)F,4.2757
COc1ccc(-c2ccc(OC(F)(F)F)c(NC(=O)Nc3cc(C(=O)OCCN(C)C)ccc3OC)c2)cn1,5.2676
COc1ccc(C(=O)OCCN(C)C)cc1NC(=O)Nc1cc(-c2cncnc2)ccc1OC(F)(F)F,4.2848
CCN(CC)CCOC(=O)c1ccc(OC)c(NC(=O)Nc2cc(-c3ccc4[nH]ccc4c3)ccc2OC(F)(F)F)c1,6.7959
CNC(=O)c1cc(Oc2ccc(NC(=O)Nc3cc(C(F)(F)F)ccc3-n3ccnn3)cc2)cc[n+]1[O-],7.3098
CCn1cc(CN(Cc2ccc(-c3cc4nccc(Oc5ccc6oc(Nc7ccc(Cl)cc7)nc6c5)c4s3)nc2)C(C)C)nn1,8.0969
Cc1cccc(NC(=O)Nc2ccc(-c3ccc4c(-c5cnn[nH]5)n[nH]c4c3)cc2)c1,7.3468
CCS(=O)(=O)c1ccc(OC)c(Nc2cn(-c3cccc(-c4ccccn4)c3)nn2)c1,4.3768
CCS(=O)(=O)c1ccc(OC)c(Nc2cn(-c3ccc(O)c(-c4ccccn4)c3)nn2)c1,5.1574
CCS(=O)(=O)c1ccc(OC)c(Nc2cn(-c3ccc(O)c(-c4cc[nH]c4)c3)nn2)c1,4.3969
COc1cc2ncnc(Nc3cccc(Cl)c3)c2cc1OCCC(=O)NO,6.3224
COc1cc2ncnc(Nc3cccc(Cl)c3)c2cc1OCCCC(=O)NO,6.4535
COc1cc2ncnc(Nc3cccc(Cl)c3)c2cc1OCCCCC(=O)NO,6.2125
COc1cc2ncnc(Nc3cccc(Cl)c3)c2cc1OCCCCCC(=O)NO,6.3002
COc1cc2ncnc(Nc3cccc(Br)c3)c2cc1OCCC(=O)NO,6.2041
COc1cc2ncnc(Nc3cccc(Br)c3)c2cc1OCCCC(=O)NO,6.3625
COc1cc2ncnc(Nc3cccc(Br)c3)c2cc1OCCCCC(=O)NO,6.3820
COc1cc2ncnc(Nc3cccc(Br)c3)c2cc1OCCCCCC(=O)NO,6.3354
COc1cc2ncnc(Nc3ccc(Cl)cc3Cl)c2cc1OCCC(=O)NO,6.4318
COc1cc2ncnc(Nc3ccc(Cl)cc3Cl)c2cc1OCCCC(=O)NO,6.8601
COc1cc2ncnc(Nc3ccc(Cl)cc3Cl)c2cc1OCCCCC(=O)NO,6.9393
COc1cc2ncnc(Nc3ccc(Cl)cc3Cl)c2cc1OCCCCCC(=O)NO,7.0757
COc1cc2ncnc(Nc3cc(Cl)ccc3Cl)c2cc1OCCC(=O)NO,5.8996
COc1cc2ncnc(Nc3cc(Cl)ccc3Cl)c2cc1OCCCC(=O)NO,5.6696
COc1cc2ncnc(Nc3cc(Cl)ccc3Cl)c2cc1OCCCCC(=O)NO,5.2840
COc1cc2ncnc(Nc3cc(Cl)ccc3Cl)c2cc1OCCCCCC(=O)NO,5.6108
CN[C@@H]1CC2OC([C@@H]1OC)n1c3ccccc3c3c4c(c5c6ccccc6n2c5c31)C(=O)NC4,7.4035
COc1cc(Nc2ncc(Br)c(N[C@H](C)[C@H](C)O)n2)ccc1S(C)(=N)=O,7.0841
Cc1ccc(F)c(NC(=O)Nc2ccc(Oc3ccnc(-c4c[nH]c(C(=O)O)c4)c3)cc2)c1,7.5528
CCNC(=O)c1c[nH]c(-c2cc(Oc3ccc(NC(=O)Nc4cccc(C)c4)cc3)ccn2)c1,8.3010
Cc1ccc(F)c(NC(=O)Nc2cccc(-c3ccnc(-c4ccc[nH]4)c3)c2)c1,5.1545
Cc1ccc(F)c(NC(=O)Nc2ccc(Oc3ccnc(-c4cc(C(=O)OCCO)c[nH]4)c3)cc2)c1,7.5086
Cc1ccc(F)c(NC(=O)Nc2ccc(Oc3ccnc(-c4cc(C(=O)NCCCN5CCOCC5)c[nH]4)c3)cc2)c1,8.0000
Cc1ccc(F)c(NC(=O)Nc2ccc(-c3ccnc(-c4cc[nH]c4)c3)cc2)c1,5.4553
COC(=O)CNC(=O)c1c[nH]c(-c2cc(Oc3cccc(NC(=O)c4occc4C)c3)ccn2)c1,7.5376
COC(=O)c1c[nH]c(-c2cc(Oc3cccc(NC(=O)c4sccc4C)c3)ccn2)c1,7.1805
Cc1ccc(F)c(NC(=O)c2cccc(Oc3ccnc(-c4cc(C(=O)NO)c[nH]4)c3)c2)c1,7.6383
C[C@H](CO)Nc1nc(Nc2ccc(S(C)(=O)=NS(=O)(=O)CC[Si](C)(C)C)cc2)ncc1Br,7.1308
C[C@@H](Nc1nc(Nc2ccc(S(=N)(=O)C3CC3)cc2)ncc1Br)C(C)(C)O,7.5376
Cc1cccc(NC(=O)Nc2ccc(Oc3ccnc(-c4cc(C(N)=O)c[nH]4)c3)cc2)c1,8.2218
O=C(Nc1ccc(Oc2ccnc(-c3cc(C(=O)OCCO)c[nH]3)c2)cc1)Nc1ccc(Cl)c(C(F)(F)F)c1,7.2924
CCS(=N)(=O)c1ccc(Nc2ncc(Br)c(N[C@H](C)C(C)(C)O)n2)cc1,7.1318
CCOC(=O)N=S(C)(=O)c1ccc(Nc2ncc(Br)c(N[C@H](C)C(C)(C)O)n2)cc1,6.8539
NC(=O)c1c(-c2cccc(NO)c2)nsc1N,5.9172
Cc1nn(-c2ccnc(Nc3ccc4c(c3)c(Cl)cn4C)n2)cc1CN1CC(O)C1,6.4473
Cc1cccc(NC(=O)Nc2ccc(Oc3ccnc(-c4cc(C(=O)NO)c[nH]4)c3)cc2)c1,7.4949
Oc1cccc(Nc2ccnc3cc(-c4cccc(CN5CCOCC5)c4)sc23)c1,8.3372
Cc1cccc(NC(=O)Nc2ccc(Oc3ccnc(-c4cc(C(=O)NCCC(=O)O)c[nH]4)c3)cc2F)c1,7.9208
CCS(=N)(=O)c1ccc(Nc2ncc(Br)c(N[C@@H](C)C(C)(C)O)n2)cc1,7.4949
Cc1ccoc1C(=O)Nc1cccc(Oc2ccnc(-c3cc(C(N)=O)c[nH]3)c2)c1,7.6778
Cc1ccc(NC(=O)Nc2ccc(-c3nsc(NC(=O)NCCCC(=O)O)c3C(N)=O)cc2)cc1,8.2218
CCOC(=O)N=S(C)(=O)c1ccc(Nc2ncc(Br)c(N[C@H](C)C(C)(C)O)n2)cc1C,7.2441
Cc1ccc(NC(=O)Nc2ccc(-c3nsc(NC(=O)NCCCN4CCOCC4)c3C(N)=O)cc2)cc1,8.0969
CCOC(=O)N=S(=O)(CC)c1ccc(Nc2ncc(Br)c(O[C@H](C)[C@H](C)O)n2)cc1,6.8239
Cc1ccc(F)c(NC(=O)Nc2ccc(-c3nsc(NC(=O)NCCCN4CCOCC4)c3C(N)=O)cc2)c1,7.8539
COC(=O)c1c[nH]c(-c2cc(Nc3cccc(NC(=O)c4occc4C)c3)ccn2)c1,6.2958
CCC(Sc1nc(Nc2ccc(S(C)(=N)=O)cc2)ncc1Br)C(C)O,6.6990
COC(=O)CC=S(C)(=O)NC(=O)c1c[nH]c(-c2cc(Oc3ccc(NC(=O)Nc4cccc(C)c4)cc3)ccn2)c1,7.6021
COCCNC(=O)c1c[nH]c(-c2cc(Oc3ccc(NC(=O)Nc4cc(C)ccc4F)cc3)ccn2)c1,7.6576
COC(=O)c1c[nH]c(-c2cc(Sc3ccc(NC(=O)Nc4cc(C)ccc4F)cc3)ccn2)c1,6.3215
Cc1ccc(F)c(NC(=O)Nc2ccc(Oc3ccnc(-c4cc(C(=O)NCCCC(=O)O)c[nH]4)c3)cc2)c1,7.8239
COC(=O)CC[C@H](NC(=O)c1c[nH]c(-c2cc(Oc3ccc(NC(=O)Nc4cc(C)ccc4F)cc3)ccn2)c1)C(=O)OC,7.4089
CC(=O)c1c[nH]c2ccc(Nc3nccc(-n4cc(CN5CC(O)C5)c(C)n4)n3)cc12,6.2358
Cc1nn(-c2ccnc(Nc3ccc4c(c3)c(Cl)c(C)n4C)n2)cc1CN1C[C@H](O)C[C@H]1C(=O)O,5.0242
COc1ccc(NC(=O)Nc2ccc(-c3csc4c(-c5cnn(C[C@H](O)CO)c5)cnc(N)c34)cc2)cc1,8.7375
NC(=O)c1c(-c2ccc(NC(=O)Nc3ccccc3)cc2)nsc1NC(=O)NCCCN1CCOCC1,8.0969
COC(=O)[C@H](CCC(=O)O)NC(=O)c1c[nH]c(-c2cc(Oc3ccc(NC(=O)Nc4cc(C)ccc4F)cc3)ccn2)c1,7.5376
COC(=O)c1c[nH]c(-c2cc(Oc3ccc(NC(=O)Nc4cccc(C)c4)c(F)c3)ccn2)c1,7.8539
COC[C@@H]1C[C@@H](O)CN1Cc1cn(-c2ccnc(Nc3ccc4c(c3)c(Cl)c(C)n4C)n2)nc1C,5.0772
COc1cc(C2=C(c3cn(CCCO)c4ccccc34)C(=O)NC2=O)cc(OC)c1OC,6.0362
COC(=O)CNC(=O)c1c[nH]c(-c2cc(Oc3cc(C(=O)Nc4cc(C)ccc4F)ccc3F)ccn2)c1,7.5528
O=C(Nc1ccc(Oc2ccnc(-c3cc(C(=O)O)c[nH]3)c2)cc1)Nc1ccc(F)c(C(F)(F)F)c1,7.2676
COCCCNC(=O)Nc1snc(-c2ccc(NC(=O)Nc3cc(C)ccc3F)cc2)c1C(N)=O,7.4089
Cc1ccc(NC(=O)Nc2ccc(-c3nsc(NC(=O)NCCCO)c3C(N)=O)cc2)cc1,8.1549
Cc1ccc(F)c(NC(=O)Nc2ccc(Oc3ccnc(-c4cc(C(=O)N5CCC5)c[nH]4)c3)cc2)c1,7.6383
COC(=O)CCC=S(C)(=O)NC(=O)c1c[nH]c(-c2cc(Oc3ccc(NC(=O)Nc4cc(C)ccc4F)cc3)ccn2)c1,7.8861
CN=S(C)(=O)c1ccc(Nc2ncc(Br)c(N[C@H](C)[C@H](C)O)n2)cc1OC,7.5376
CCOc1nc(Nc2ccc(S(=N)(=O)CC)cc2)ncc1Br,7.0506
C#Cc1cccc(Nc2nc3cnc(Nc4ccc(N5CCN(C)CC5)cc4)nc3n2C(C)C)c1,7.3010
Cc1cccc(NC(=O)c2cccc(Oc3ccnc(-c4cc(C(=O)O)c[nH]4)c3)c2)c1,7.5376
Cc1ccoc1C(=O)Nc1cccc(Oc2ccnc(-c3cc(C(=O)N4CC[C@H](O)C4)c[nH]3)c2)c1,7.5376
Cc1nn(-c2ccnc(Nc3ccc4oc(C)c(Cl)c4c3)n2)cc1CN1CC(O)C1,5.4095
Cc1ccc(F)c(NC(=O)Nc2ccc(Oc3ccnc(-c4cc(C(=O)N[C@@H](CCC(=O)O)C(=O)O)c[nH]4)c3)cc2)c1,7.5229
Cc1ccc(F)c(NC(=O)Nc2ccc(Oc3ccnc(-c4cc(C(=O)NCCC(=O)O)c[nH]4)c3)cc2F)c1,7.6198
Cc1ccc(F)c(NC(=O)Nc2ccc(Oc3ccnc(-c4cc(C(=O)NCCCC(=O)NCC(O)CO)c[nH]4)c3)cc2)c1,7.5376
Cc1ccc(NC(=O)Nc2ccc(-c3nsc(N)c3C(N)=O)cc2)cc1,6.7545
Cc1ccc(F)c(NC(=O)Nc2ccc(Oc3ccnc(-c4cc(C(=O)N[C@@H](CCC(=O)OCC(O)CO)C(=O)OCC(O)CO)c[nH]4)c3)cc2)c1,7.4437
C[C@@H](Nc1nc(Nc2ccc(S(=N)(=O)C3CCCC3)cc2)ncc1Br)C(C)(C)O,7.0809
Cc1cccc(NC(=O)Nc2ccc(-c3nsc(NC(=O)NCCCN4CCOCC4)c3C(N)=O)cc2)c1,8.5229
Cc1ccc(F)c(NC(=O)Nc2ccc(Oc3ccnc(-c4cc(C(=O)N5CCC(C(=O)O)C5)c[nH]4)c3)cc2F)c1,7.8239
Cc1cccc(NC(=O)Nc2ccc(Oc3ccnc(-c4cc(C(=O)N[C@@H](CCC(=O)OC(C)(C)C)C(=O)O)c[nH]4)c3)cc2F)c1,7.7696
Cc1ccoc1C(=O)Nc1ccc(Oc2ccnc(-c3ccc[nH]3)c2)cc1,5.5834
Cc1ccc(F)c(NC(=O)Nc2ccc(Oc3ccnc(-c4cc(C(=O)NCC(O)CO)c[nH]4)c3)cc2)c1,7.6778
COC(=O)c1cc(-c2cc(Oc3cccc(NC(=O)Nc4cc(C)ccc4F)c3)ccn2)c[nH]1,7.6576
CC(O)C(C)Sc1nc(Nc2ccc(S(C)(=N)=O)cc2)ncc1Br,6.8239
CO[C@@H]1CN(Cc2cn(-c3ccnc(Nc4ccc5c(c4)c(Cl)c(C)n5C)n3)nc2C)C[C@@H]1O,6.1361
COc1ccc(CNc2nsc(-c3ccc(NC(=O)Nc4cc(C)ccc4F)cc3)c2C(N)=O)c(OC)c1,7.0088
Cc1ccc(F)c(NC(=O)Nc2ccc(Oc3ccnc(-c4cc(C(=O)NCCO)c[nH]4)c3)cc2)c1,7.2757
Cc1ccc(F)c(NC(=O)Nc2ccc(Oc3ccnc(-c4cc(C(=O)NO)c[nH]4)c3)cc2)c1,7.8539
Cc1ccc(F)c(NC(=O)Nc2ccc(Oc3ccnc(-c4cc(C(=O)O)c[nH]4)c3)cc2)c1,7.5086
CCNC(=O)c1c[nH]c(-c2cc(Oc3cccc(C(=O)Nc4occc4C)c3)ccn2)c1,7.4815
CCC(CO)Sc1nc(Nc2ccc(S(C)(=N)=O)cc2)ncc1Br,6.7696
COC(=O)[C@H](CCC(=O)OCC(O)CO)NC(=O)c1c[nH]c(-c2cc(Oc3ccc(NC(=O)Nc4cc(C)ccc4F)cc3)ccn2)c1,7.3468
Cc1ccoc1C(=O)Nc1cccc(Nc2ccnc(-c3cc(C(=O)O)c[nH]3)c2)c1,5.5293
Cc1ccoc1C(=O)Nc1cccc(Oc2ccnc(-c3cc(C(=O)O)c[nH]3)c2)c1,7.3372
Cc1cccc(NC(=O)Nc2ccc(Oc3ccnc(-c4cc(C(=O)N5CC[C@@H](O)C5)c[nH]4)c3)cc2)c1,7.8539
Cc1ccoc1C(=O)Nc1cccc(Oc2ccnc(-c3cc(C(=O)OCCO)c[nH]3)c2)c1,7.6021
Cc1ccc(F)c(NC(=O)Nc2ccc(Oc3ccnc(-c4cc(C(=O)NCCCC(=O)N5CCCC(O)C5)c[nH]4)c3)cc2)c1,7.5528
Cc1ccc(F)c(NC(=O)c2ccc(F)c(Oc3ccnc(-c4cc(C(=O)NO)c[nH]4)c3)c2)c1,7.4685
Cc1nn(-c2ccnc(Nc3ccc4c(c3)c(S(C)(=O)=O)nn4C)n2)cc1CN1C[C@@H](O)[C@@H](O)C1,6.1891
Cc1nn(-c2ccnc(Nc3ccc4c(c3)c(C(=O)C3CC3)cn4C)n2)cc1CN1CC[C@@H](O)C1,6.3161
Cc1ccoc1C(=O)Nc1cccc(Oc2ccnc(-c3cc(C(=O)NCC(O)CO)c[nH]3)c2)c1,7.5850
CCOC(=O)CCCNC(=O)c1c[nH]c(-c2cc(Oc3ccc(NC(=O)Nc4cc(C)ccc4F)cc3)ccn2)c1,7.4202
Cc1ccc(F)c(NC(=O)Nc2ccc(Oc3ccnc(-c4cc(C(=O)N5CC5)c[nH]4)c3)cc2)c1,7.6778
CC(C)n1c(Nc2cccc(Br)c2)nc2cnc(Nc3ccc(N4CCN(C)CC4)cc3)nc21,6.8539
Cc1cc(Nc2ncc(Br)c(N[C@H](C)[C@H](C)O)n2)ccc1S(C)(=N)=O,7.4089
C[C@H](O)[C@@H](C)Oc1nc(Nc2ccc(S(=O)(CCO)=NS(=O)(=O)CC[Si](C)(C)C)cc2)ncc1Br,6.0862
COC(=O)c1c[nH]c(-c2cc(Oc3cccc(NC(=O)c4occc4C)c3)ccn2)c1,7.3947
Cc1ccoc1C(=O)Nc1cccc(Oc2ccnc(-c3cc(C(=O)OCC(O)CO)c[nH]3)c2)c1,7.6198
Cc1ccc(F)c(NC(=O)c2ccc(F)c(Oc3ccnc(-c4cc(C(=O)O)c[nH]4)c3)c2)c1,7.5686
c1ccc(-c2cnn3cc(-c4ccc(N5CCNCC5)cc4)cnc23)cc1,6.6682
COC(=O)c1c[nH]c(-c2cc(Oc3ccc(NC(=O)Nc4cccc(C)c4)cc3)ccn2)c1,7.7696
CCN(CC)C(=O)c1c[nH]c(-c2cc(Oc3ccc(NC(=O)Nc4cc(C)ccc4F)cc3)ccn2)c1,7.6990
C[C@@H](O)[C@@H](C)Nc1nc(Nc2ccc(S(C)(=N)=O)cc2)ncc1Br,7.3188
Cc1ccc(F)c(NC(=O)Nc2ccc(Oc3ccnc(-c4cc(C(=O)NCC(=O)O)c[nH]4)c3)cc2)c1,7.8861
Cc1ccc(F)c(NC(=O)Nc2ccc(-c3nsc(NC(=O)NCCCN4CCOCC4)c3C(N)=O)c(C)c2)c1,7.5686
CCOC(=O)Nc1snc(-c2ccc(NC(=O)Nc3cc(C)ccc3F)cc2)c1C(N)=O,7.3010
Cc1ccc(F)c(NC(=O)Nc2ccc(Oc3cc(N)nc(-c4ccc[nH]4)c3)cc2)c1,5.5680
Cc1cccc(NC(=O)Nc2ccc(Oc3ccnc(-c4cc(C(=O)NCC(O)CO)c[nH]4)c3)cc2)c1,8.0458
COC(=O)c1cc(-c2cc(Oc3ccc(NC(=O)Nc4cc(C)ccc4F)cc3)cc(N)n2)cn1C(=O)OC(C)(C)C,5.0000
NC(=O)c1c(-c2ccc(NC(=O)Nc3cc(C(F)(F)F)ccc3F)cc2)nsc1NC(=O)NCCCN1CCOCC1,8.2218
Cc1ccc(F)c(NC(=O)c2ccc(F)c(Oc3ccnc(-c4cc(C(=O)NCC(=O)O)c[nH]4)c3)c2)c1,7.5528
Cc1ccc(F)c(NC(=O)c2cccc(Oc3ccnc(-c4cc(C(=O)N5CC[C@H](O)C5)c[nH]4)c3)c2)c1,7.3872
COc1cc(Nc2ncc(Br)c(N[C@H](C)C(C)(C)O)n2)ccc1S(C)(=N)=O,7.1221
COC[C@H](Nc1nc(Nc2ccc(S(C)(=N)=O)cc2)ncc1Br)[C@H](C)O,6.5229
C[C@H](Nc1nc(Nc2ccc(S(C)(=N)=O)cc2)ncc1Br)C(C)(C)O,7.1938
COc1ccc(Nc2nc3cnc(Nc4ccc(N5CCN(C)CC5)cc4)nc3n2C(C)C)cc1,7.6778
Cc1ccc(F)c(NC(=O)Nc2ccc(-c3snc(N)c3C(N)=O)cc2)c1,7.9208
COC(=O)c1cc(-c2cc(Oc3ccc(NC(=O)Nc4cc(C)ccc4F)cc3)ccn2)c[nH]1,7.9208
Cc1nn(-c2ccnc(Nc3ccc4c(c3)c(Cl)c(C)n4C)n2)cc1CCN1CC[C@@H](O)C1,5.6759
Cc1ccc(F)c(NC(=O)Nc2ccc(Oc3ccnc(-c4cc(C(=O)NCCN5CCCC5)c[nH]4)c3)cc2)c1,7.8239
Cc1ccc(F)c(NC(=O)c2cccc(Oc3ccnc(-c4cc(C(=O)O)c[nH]4)c3)c2)c1,7.4318
CCS(=N)(=O)c1ccc(Nc2ncc(Br)c(N[C@H](COC)[C@H](C)O)n2)cc1,6.5686
COCCCNC(=O)Nc1snc(-c2ccc(N)cc2)c1C(N)=O,5.3449
Cc1ccoc1C(=O)Nc1cccc(Oc2ccnc(-c3cc(C(=O)N4CC[C@@H](O)C4)c[nH]3)c2)c1,7.5086
Cc1cccc(NC(=O)Nc2ccc(Oc3ccnc(-c4cc(C(=O)NCC(=O)O)c[nH]4)c3)cc2F)c1,7.6990
CCCn1c(C)c(Cl)c2cc(Nc3nccc(-n4cc(CN5CC(O)C5)c(C)n4)n3)ccc21,6.3134
Cc1ccc(F)c(NC(=O)Nc2ccc(Oc3ccnc(-c4cc(C(=O)N5CCN(C)CC5)c[nH]4)c3)cc2)c1,7.5686
NC(=O)c1c(-c2ccc(N)cc2)nsc1NC(=O)NCCCN1CCOCC1,5.4841
Cc1ccc(F)c(NC(=O)Nc2ccc(-c3ccnc(-c4ccc[nH]4)c3)cc2)c1,5.8595
Cc1nn(-c2ccnc(Nc3ccc4c(c3)c(Cl)nn4C)n2)cc1CN1CC(O)C1,5.9519
Cc1nn(-c2ccnc(Nc3ccc4c(cnn4C)c3)n2)cc1CN1CC(O)C1,5.7277
Cc1ccc(F)c(NC(=O)Nc2ccc(Oc3ccnc(-c4cc(C(=O)NCCC(=O)O)c[nH]4)c3)cc2)c1,7.7212
C=S(C)(=O)NC(=O)c1c[nH]c(-c2cc(Oc3ccc(NC(=O)Nc4cc(C)ccc4F)cc3)ccn2)c1,8.0969
COc1cc(Nc2ncc(Br)c(O[C@H](C)[C@H](C)O)n2)ccc1S(C)(=N)=O,6.8239
Cc1ccc(F)c(NC(=O)Nc2ccc(Oc3ccnc(-c4cc(C(=O)O)c[nH]4)c3)c(F)c2)c1,7.7447
C=S(C)(=O)NC(=O)c1cc(-c2cc(Oc3ccc(NC(=O)Nc4cc(C)ccc4F)cc3)ccn2)c[nH]1,7.4815
CC(O)CSc1nc(Nc2ccc(S(C)(=N)=O)cc2)ncc1Br,6.6021
Cc1ccc(F)c(NC(=O)Nc2ccc(Oc3ccnc(-c4cc(C(=O)OCC(O)CO)c[nH]4)c3)cc2)c1,7.3665
Cc1ccc(F)c(NC(=O)Nc2ccc(Oc3ccnc(-c4cc(C(=O)NCCCO)c[nH]4)c3)cc2)c1,7.4202
Cc1cccc(NC(=O)Nc2ccc(Oc3ccnc(-c4cc(C(=O)O)c[nH]4)c3)cc2)c1,7.8239
Cc1ccc(F)c(NC(=O)Nc2ccc(Oc3ccnc(-c4cc(C(=O)NCCCC(=O)NO)c[nH]4)c3)cc2)c1,7.3665
COC(=O)c1c[nH]c(-c2cc(Oc3ccc(F)c(NC(=O)c4occc4C)c3)ccn2)c1,7.2596
CC(C)n1c(Nc2ccc(Br)cc2)nc2cnc(Nc3ccc(N4CCN(C)CC4)cc3)nc21,8.3979
Cc1ccc(F)c(NC(=O)Nc2ccc(Oc3ccnc(-c4csc(C(=O)NCC(=O)O)c4)c3)cc2)c1,7.9586
CCOC(=O)N=S(C)(=O)c1ccc(Nc2ncc(Br)c(O[C@H](C)[C@H](C)O)n2)cc1,6.9586
Cc1nn(-c2nc(Nc3ccc4c(c3)c(Cl)c(C)n4C)ncc2F)cc1CN1CC(O)C1,6.0000
Cc1ccc(F)c(NC(=O)Nc2ccc(Sc3ccnc(-c4cc(C(=O)O)c[nH]4)c3)cc2)c1,7.1612
COCCOC(=O)c1c[nH]c(-c2cc(Oc3ccc(NC(=O)Nc4cc(C)ccc4F)cc3)ccn2)c1,7.6021
CCOC(=O)N=S(C)(=O)c1ccc(Nc2ncc(Br)c(N[C@H](C)[C@H](C)O)n2)cc1,7.2518
CCS(=N)(=O)c1ccc(Nc2ncc(Br)c(N[C@H](C)[C@H](C)O)n2)cc1,7.5850
C[C@@H](Nc1nc(Nc2ccc(S(=O)(=NS(=O)(=O)CC[Si](C)(C)C)C3CCCC3)cc2)ncc1Br)C(C)(C)O,6.0410
C[C@@H](Nc1nc(Nc2ccc(S(=O)(CC=O)=NS(=O)(=O)CC[Si](C)(C)C)cc2)ncc1Br)C(C)(C)O,6.7959
Cc1ccoc1C(=O)Nc1cccc(Oc2ccnc(-c3ccc[nH]3)c2)c1,7.1549
Cc1ccc(F)c(NC(=O)Nc2ccc(Oc3ccnc(-c4ccc[nH]4)c3)cc2)c1,7.5850
Cc1cccc(NC(=O)Nc2ccc(Oc3ccnc(-c4cc(C(=O)N5CCCC(O)C5)c[nH]4)c3)cc2F)c1,7.9208
COc1cc(C2=C(c3cn(CCOC(=O)C(N)CC(C)C)c4ccccc34)C(=O)NC2=O)cc(OC)c1OC,6.6003
Cc1ccc(NC(=O)Nc2ccc(-c3nsc(NC(=O)NCCCN4CCCC4)c3C(N)=O)cc2)cc1,8.0000
CCN1CCN(Cc2ccc(NC(=O)c3cccc(-c4ccc5nc(NC(=O)C6CC6)sc5n4)c3)cc2C(F)(F)F)CC1,7.2366
Cc1cccc(NC(=O)Nc2ccc(-c3csc4c(-c5cnn(C[C@H](C)O)c5)cnc(N)c34)cc2)c1,8.7959
COC(=O)CNC(=O)c1c[nH]c(-c2cc(Oc3ccc(NC(=O)Nc4cc(C)ccc4F)cc3)ccn2)c1,7.5229
C[C@H](Nc1nc(Nc2ccc(S(=N)(=O)CCO)cc2)ncc1Br)C(C)(C)O,7.2291
Cc1cc(Nc2ncc(Br)c(N[C@H](C)C(C)(C)O)n2)ccc1S(C)(=N)=O,7.2636
COC[C@@H](Nc1nc(Nc2ccc(S(C)(=N)=O)cc2)ncc1Br)[C@@H](C)O,6.4685
CCNC(=O)[C@H](CCC(=O)OC(C)(C)C)NC(=O)c1c[nH]c(-c2cc(Oc3ccc(NC(=O)Nc4cccc(C)c4)c(F)c3)ccn2)c1,7.6198
NC(=O)c1c(-c2ccc(N)cc2)nsc1NC(=O)NCCCO,5.5986
COC(=O)CNC(=O)c1c[nH]c(-c2cc(Oc3ccc(NC(=O)Nc4cccc(C)c4)c(F)c3)ccn2)c1,7.8239
C[C@H](CO)Nc1nc(Nc2ccc(S(=O)(CC3CC3)=NS(=O)(=O)CC[Si](C)(C)C)cc2)ncc1Br,6.6198
Cc1ccsc1C(=O)Nc1cccc(Oc2ccnc(-c3cc(C(=O)OCCO)c[nH]3)c2)c1,7.6198
Cc1ccc(F)c(NC(=O)Nc2ccc(Oc3ccnc(-c4cc(C(=O)NO)c[nH]4)c3)cc2F)c1,7.6383
Cc1nn(-c2ccnc(Nc3ccc4c(c3)c(Cl)nn4C(C)C)n2)cc1CN1CC(O)C1,5.7183
CCOC(=O)N=S(C)(=O)c1ccc(Nc2ncc(Br)c(N[C@H](C)[C@H](C)O)n2)cc1C,7.2291
Cc1ccc(F)c(NC(=O)Nc2ccc(Oc3ccnc(-c4cc(C(=O)NCCOCCOCCOCCO)c[nH]4)c3)cc2)c1,8.0000
C=S(C)(=O)NC(=O)c1c[nH]c(-c2cc(Oc3ccc(NC(=O)Nc4cccc(C)c4)cc3)ccn2)c1,7.7447
O=C(Nc1ccc(Oc2ccnc(-c3cc(C(=O)O)c[nH]3)c2)cc1)Nc1ccc(Cl)c(C(F)(F)F)c1,7.8539
COC(=O)C1CCCN1CCCNC(=O)c1c[nH]c(-c2cc(Oc3ccc(NC(=O)Nc4cc(C)ccc4F)cc3)ccn2)c1,7.4949
O=C(Nc1ccccc1)Nc1ccc(-c2ccc(-c3ccc[nH]3)nc2)cc1,5.0000
C=S(C)(=O)NC(=O)c1c[nH]c(-c2cc(Oc3ccc(NC(=O)Nc4ccc(Cl)c(C(F)(F)F)c4)cc3)ccn2)c1,7.3372
COC(=O)c1c[nH]c(-c2cc(Oc3cccc(C(=O)Nc4cccc(C)c4)c3)ccn2)c1,7.4559
COC(=O)c1cc(-c2cc(Oc3ccc(NC(=O)Nc4cc(C)ccc4F)cc3)ccn2)cs1,7.2218
Cc1ccc(F)c(NC(=O)Nc2ccc(Oc3ccnc(-c4cc(C(=O)N5CC[C@@H](O)C5)c[nH]4)c3)cc2)c1,7.8239
Cc1ccc(F)c(NC(=O)Nc2ccc(Oc3ccnc(-c4cc(C(=O)N5CCC(S(=O)(=O)O)CC5)c[nH]4)c3)cc2)c1,7.5686
CC(Sc1nc(Nc2ccc(S(C)(=N)=O)cc2)ncc1Br)C(C)(C)O,6.9586
C=S(N)(=O)c1ccc(Nc2ncc(Br)c(N[C@H](C)CO)n2)cc1,7.3979
CC(C)Nc1nc(Nc2ccc(S(C)(=N)=O)cc2)ncc1Br,7.1549
Cc1cccc(NC(=O)Nc2ccc(Oc3ccnc(-c4cc(C(=O)O)c[nH]4)c3)cc2F)c1,7.8539
Cc1ccc(F)c(NC(=O)Nc2ccc(Oc3ccnc(-c4cc(C(=O)NCC(=O)N5CC[C@H](O)C5)c[nH]4)c3)cc2)c1,7.7959
CCNC(=O)c1c[nH]c(-c2cc(Oc3ccc(NC(=O)Nc4cccc(C)c4)c(F)c3)ccn2)c1,7.6990
Cc1ccc(F)c(NC(=O)Nc2ccc(Oc3ccnc(-c4cc(C(=O)NCC(=O)NCC(O)CO)c[nH]4)c3)cc2)c1,7.6990
Cc1ccc(F)c(NC(=O)Nc2ccc(Oc3ccnc(-c4c[nH]c(C(=O)N(C)C)c4)c3)cc2)c1,7.5229
CCOC(=O)N=S(=O)(CC)c1ccc(Nc2ncc(Br)c(N[C@H](C)[C@H](C)O)n2)cc1,7.0362
CCNC(=O)CCCNC(=O)c1c[nH]c(-c2cc(Oc3ccc(NC(=O)Nc4cc(C)ccc4F)cc3)ccn2)c1,7.6383
COCCOCCOC(=O)c1c[nH]c(-c2cc(Oc3ccc(NC(=O)Nc4cc(C)ccc4F)cc3)ccn2)c1,7.1487
Cc1ccc(F)c(NC(=O)Nc2ccc(Oc3ccnc(-c4cc(C(=O)NCCCC(=O)N5CC[C@@H](O)C5)c[nH]4)c3)cc2)c1,7.4089
C[C@@H](Nc1nc(Nc2ccc(S(=N)(=O)CCO)cc2)ncc1Br)C(C)(C)O,7.1612
Cc1ccc(F)c(NC(=O)Nc2ccc(Oc3ccnc(-c4cc(C(N)=O)c[nH]4)c3)cc2)c1,7.6778
COC(=O)c1c[nH]c(-c2cc(Oc3ccc(NC(=O)Nc4ccc(Cl)c(C(F)(F)F)c4)cc3)ccn2)c1,6.8861
Cc1ccc(F)c(C(=O)Nc2ccc(Oc3ccnc(-c4ccc[nH]4)c3)cc2)c1,4.9988
Cc1nn(-c2ccnc(Nc3ccc4c(c3)c(Cl)c(C)n4C)n2)cc1CN1C[C@H](O)C[C@H]1C,5.3694
Cc1ccc(F)c(NC(=O)Nc2ccc(Oc3ccnc(-c4cc(C(=O)NCCCC(N)=O)c[nH]4)c3)cc2)c1,7.6383
CCNC(=O)c1c[nH]c(-c2cc(Oc3ccc(NC(=O)Nc4cc(C)ccc4F)cc3)ccn2)c1,7.7447
Cc1ccc(F)c(NC(=O)Nc2ccc(Oc3ccnc(-c4cc(C(=O)N5CCC(C(=O)O)C5)c[nH]4)c3)cc2)c1,7.6576
CCOC(=O)N=S(=O)(CC)c1ccc(Nc2ncc(Br)c(N[C@@H](COC)[C@H](C)O)n2)cc1,6.3468
Cc1ccc(F)c(NC(=O)Nc2ccc(Oc3ccnc(-c4cc(C(=O)NCCCC(=O)O)c[nH]4)c3)cc2F)c1,7.7696
COc1cc(Nc2ncc(Br)c(N[C@H](C)[C@@H](C)O)n2)ccc1S(C)(=N)=O,7.5086
C[C@@H](Nc1nc(Nc2ccc(S(C)(=N)=O)cc2)ncc1Br)C(C)(C)O,6.8539
CCOC(=O)N=S(C)(=O)c1ccc(Nc2ncc(Br)c(N[C@@H](COC)[C@H](C)O)n2)cc1,6.2757
Cc1ccc(F)c(NC(=O)Nc2ccc(-c3snc(NCCCN4CCOCC4)c3C(N)=O)cc2)c1,7.5686
Cc1cccc(NC(=O)Nc2ccc(Oc3ccnc(-c4cc(C(=O)N5CCC[C@@H](O)C5)c[nH]4)c3)cc2)c1,7.7696
Cc1nn(-c2ccnc(Nc3ccc4c(c3)c(-c3nccs3)cn4C)n2)cc1CN1CC(O)C1,6.5376
Cc1ccc(F)c(NC(=O)Nc2ccc(Oc3ccnc(-c4cc(C(=O)N5CCC(CC(=O)O)CC5)c[nH]4)c3)cc2)c1,7.5086
NC(=O)c1c(-c2ccc(NC(=O)c3cccc(C(F)(F)F)c3)cc2)nsc1NC(=O)NCCCN1CCOCC1,5.3449
CN(C)CCCOc1ccc(-c2cnc3c(-c4ccnc5ccccc45)cnn3c2)cc1,5.6857
Cc1ccc(F)c(NC(=O)Nc2ccc(Oc3ccnc(-c4csc(C(=O)O)c4)c3)cc2)c1,7.6198
c1ccc2c(-c3cnn4cc(-c5ccc(OCCN6CCOCC6)cc5)cnc34)ccnc2c1,5.6165
COC(=O)[C@@H]1CCCN1CCNC(=O)c1c[nH]c(-c2cc(Oc3ccc(NC(=O)Nc4cc(C)ccc4F)cc3)ccn2)c1,7.4559
COC(=O)c1c[nH]c(-c2cc(Oc3ccc(NC(=O)Nc4ccc(F)c(C(F)(F)F)c4)cc3)ccn2)c1,7.0088
Cc1nn(-c2ccnc(Nc3ccc4c(ccn4C)c3)n2)cc1CN1CC(O)C1,5.7726
CCC(C)Sc1nc(Nc2ccc(S(C)(=N)=O)cc2)ncc1Br,6.9208
Cc1ccoc1C(=O)Nc1cc(Oc2ccnc(-c3cc(C(=O)O)c[nH]3)c2)ccc1F,7.2840
Cc1ccc(F)c(NC(=O)c2cccc(Oc3ccnc(-c4cc(C(=O)NCC(O)CO)c[nH]4)c3)c2)c1,7.3279
Cc1ccc(F)c(NC(=O)Nc2ccc(Oc3ccnc(-c4cc(C(=O)NCCCC(=O)N(C)CC(O)CO)c[nH]4)c3)cc2)c1,7.6021
CNC(=O)c1c[nH]c(-c2cc(Oc3ccc(NC(=O)Nc4cccc(C)c4)cc3)ccn2)c1,7.6383
CCS(=N)(=O)c1ccc(Nc2ncc(Br)c(N[C@@H](COC)[C@H](C)O)n2)cc1,6.6383
COc1ccc(NC(=O)Nc2ccc(-c3csc4c(-c5cnn(CC(C)(C)O)c5)cnc(N)c34)cc2)cc1,8.3002
CNC(=O)c1cc(-c2cc(Oc3ccc(NC(=O)Nc4cc(C)ccc4F)cc3)ccn2)c[nH]1,7.5229
Cc1ccc(F)c(NC(=O)Nc2ccc(Oc3ccnc(-c4cc(C(=O)N5CCC(O)CC5)c[nH]4)c3)cc2)c1,6.9914
CCOC(=O)CCCNC(=O)c1c[nH]c(-c2cc(Oc3ccc(NC(=O)Nc4cc(C)ccc4F)c(F)c3)ccn2)c1,7.5086
Cc1cn(-c2nc(Nc3ccc4c(c3)c(Cl)nn4C)ncc2F)cc1CN1CC(O)C1,6.8239
CCOC(=O)N=S(=O)(CC)c1ccc(Nc2ncc(Br)c(N[C@H](C)C(C)(C)O)n2)cc1,7.0269
C[C@H](O)[C@@H](C)Nc1nc(Nc2ccc(S(=O)(CC=O)=NS(=O)(=O)CC[Si](C)(C)C)cc2)ncc1Br,6.8861
COC(=O)c1c[nH]c(-c2cc(Oc3ccc(NC(=O)Nc4cc(C)ccc4F)cc3F)ccn2)c1,7.0706
COC(=O)CNC(=O)c1cc(-c2cc(Oc3ccc(NC(=O)Nc4cc(C)ccc4F)cc3)ccn2)cs1,7.9586
Cc1ccc(F)c(NC(=O)Nc2ccc(Oc3ccnc(-c4c[nH]c(C(=O)OCCO)c4)c3)cc2)c1,7.4437
Cc1nn(-c2cccc(Nc3ccc4c(c3)c(C(=O)C(F)(F)F)cn4C)n2)cc1CN1CC[C@@H](O)C1,6.2993
NC(=O)c1c(-c2cccc(NC(=O)c3cccc(C(F)(F)F)c3)c2)nsc1N,5.7852
COC(=O)[C@H](CCC(=O)OC(C)(C)C)NC(=O)c1c[nH]c(-c2cc(Oc3ccc(NC(=O)Nc4cccc(C)c4)c(F)c3)ccn2)c1,7.5528
CN=S(C)(=O)c1ccc(Nc2ncc(Br)c(N[C@H](C)[C@H](C)O)n2)cc1,7.4318
C[C@@H](Nc1nc(Nc2ccc(S(=N)(=O)CC3CC3)cc2)ncc1Br)C(C)(C)O,7.3098
COC(=O)c1c[nH]c(-c2cc(Oc3cccc(C(=O)Nc4cc(C)ccc4F)c3)ccn2)c1,7.5528
Cc1cccc(NC(=O)Nc2ccc(Oc3ccnc(-c4cc(C(=O)NS(C)(=O)=CCC(=O)O)c[nH]4)c3)cc2)c1,7.7212
Cc1cccc(NC(=O)Nc2ccc(Oc3ccnc(-c4cc(C(=O)N[C@@H](CCC(=O)OCCO)C(=O)OCCO)c[nH]4)c3)cc2F)c1,7.7696
Cc1cccc(NC(=O)Nc2ccc(Oc3ccnc(-c4cc(C(=O)N5CC[C@@H](O)C5)c[nH]4)c3)cc2F)c1,7.9586
Cc1ccsc1C(=O)Nc1cccc(Oc2ccnc(-c3cc(C(=O)O)c[nH]3)c2)c1,6.9208
CC(=O)c1cn(C)c2ccc(Nc3nccc(-n4cc(CN5CC(O)C5)c(C)n4)n3)cc12,6.4614
Cc1ccoc1C(=O)Nc1cccc(Oc2ccnc(-c3cc(C(=O)NO)c[nH]3)c2)c1,7.6990
Cc1ccc(F)c(NC(=O)Nc2ccc(-c3nsc(N)c3C(N)=O)cc2)c1,7.6198
Cc1cccc(NC(=O)Nc2ccc(Oc3ccnc(-c4cc(C(=O)N[C@@H](CCC(=O)O)C(=O)O)c[nH]4)c3)cc2F)c1,7.5686
CN=S(C)(=O)c1ccc(Nc2ncc(Br)c(N[C@H](C)[C@@H](C)O)n2)cc1OC,7.7959
Cc1ccc(F)c(NC(=O)Nc2ccc(Oc3ccnc(-c4cc(C(=O)N5CC[C@H](O)C5)c[nH]4)c3)cc2)c1,7.8239
Cc1cc(Nc2ncc(Br)c(N[C@@H](C)C(C)(C)O)n2)ccc1S(C)(=N)=O,7.3188
Cc1cccc(NC(=O)Nc2ccc(Oc3ccnc(-c4cc(C(=O)NCCCC(=O)O)c[nH]4)c3)cc2F)c1,7.7959
CCNC(=O)[C@H](CCC(=O)O)NC(=O)c1c[nH]c(-c2cc(Oc3ccc(NC(=O)Nc4cccc(C)c4)c(F)c3)ccn2)c1,7.7959
C=S(C)(=O)NC(=O)c1c[nH]c(-c2cc(Oc3cccc(NC(=O)c4occc4C)c3)ccn2)c1,7.4318
C[C@H](O)[C@@H](C)Oc1nc(Nc2ccc(S(C)(=N)=O)cc2)ncc1Br,6.4685
CC(C)n1c(Nc2ccc(C(F)(F)F)cc2)nc2cnc(Nc3ccc(N4CCN(C)CC4)cc3)nc21,8.0458
Cc1ccoc1C(=O)Nc1cccc(Oc2ccnc(-c3cc(C(=O)NCC(=O)O)c[nH]3)c2)c1,7.5528
Cc1nn(-c2ccnc(Nc3ccc4c(c3)c(Cl)c(C)n4C)n2)cc1CN1CC[C@@H](O)C1,6.0000
Cc1ccc(F)c(NC(=O)c2ccc(F)c(Oc3ccnc(-c4cc(C(=O)N5CCCC(O)C5)c[nH]4)c3)c2)c1,7.5528
CCS(=N)(=O)c1ccc(Nc2ncc(Br)c(N[C@H](COC)[C@@H](C)O)n2)cc1,6.3279
COC(=O)c1c[nH]c(-c2cc(Oc3ccc(NC(=O)Nc4cc(C)ccc4F)cc3)ccn2)c1,7.3279
Cc1ccc(F)c(NC(=O)Nc2ccc(Oc3ccnc(-c4cc(C(=O)O)c[nH]4)c3)cc2F)c1,7.7696
COC(=O)CC1CCN(C(=O)c2c[nH]c(-c3cc(Oc4ccc(NC(=O)Nc5cc(C)ccc5F)cc4)ccn3)c2)CC1,6.9355
CN(c1ccc2c(C(=O)Nc3ccccc3)cccc2c1)c1ccnc(Nc2cccc(CS(C)(=O)=O)c2)n1,8.6576
CS(=O)(=O)Cc1cccc(Nc2nccc(Nc3ccc4c(C(=O)Nc5ccccc5)cccc4c3)n2)c1,8.7447
CS(=O)(=O)Cc1cccc(Nc2cc(Oc3ccc4c(C(=O)Nc5ccccc5)cccc4c3)ncn2)c1,8.2076
CS(=O)(=O)Cc1cccc(Nc2nccc(Oc3ccc4c(C(N)=O)cccc4c3)n2)c1,8.6778
CS(=O)(=O)Cc1cccc(Nc2nccc(Oc3ccc4c(C(=O)NC5CCC5)cccc4c3)n2)c1,8.1192
CS(=O)(=O)Cc1cccc(Nc2nccc(Oc3ccc4c(C(=O)NC5CC5)cccc4c3)n2)c1,9.2218
CCNC(=O)c1cccc2cc(Oc3ccnc(Nc4cccc(CS(C)(=O)=O)c4)n3)ccc12,8.1427
CS(=O)(=O)Cc1cccc(Nc2nccc(Oc3ccc4c(C(=O)Nc5ccncc5)cccc4c3)n2)c1,8.7696
CS(=O)(=O)Cc1cccc(Nc2nccc(Oc3ccc4c(C(=O)Nc5cccnc5)cccc4c3)n2)c1,9.3010
Cc1cc(NC(=O)c2cccc3cc(Oc4ccnc(Nc5cccc(CS(C)(=O)=O)c5)n4)ccc23)no1,8.6990
CS(=O)(=O)Cc1cccc(Nc2nccc(Oc3ccc4c(C(=O)Nc5cc(Cl)cc(Cl)c5)cccc4c3)n2)c1,8.5229
CS(=O)(=O)Cc1cccc(Nc2nccc(Oc3ccc4c(C(=O)Nc5cc(F)cc(F)c5)cccc4c3)n2)c1,8.2218
CS(=O)(=O)Cc1cccc(Nc2nccc(Oc3ccc4c(C(=O)Nc5ccc(F)cc5F)cccc4c3)n2)c1,8.5376
CS(=O)(=O)Cc1cccc(Nc2nccc(Oc3ccc4c(C(=O)Nc5cccc(Br)c5)cccc4c3)n2)c1,8.6778
CS(=O)(=O)Cc1cccc(Nc2nccc(Oc3ccc4c(C(=O)Nc5ccc(Cl)cc5)cccc4c3)n2)c1,7.5834
CS(=O)(=O)Cc1cccc(Nc2nccc(Oc3ccc4c(C(=O)Nc5cccc(Cl)c5)cccc4c3)n2)c1,7.7033
CS(=O)(=O)Cc1cccc(Nc2nccc(Oc3ccc4c(C(=O)Nc5ccc(F)cc5)cccc4c3)n2)c1,8.8539
CS(=O)(=O)Cc1cccc(Nc2nccc(Oc3ccc4c(C(=O)Nc5cccc(F)c5)cccc4c3)n2)c1,8.9208
CS(=O)(=O)Cc1cccc(Nc2nccc(Oc3ccc4c(C(=O)Nc5ccccc5F)cccc4c3)n2)c1,8.6990
CS(=O)(=O)Cc1cccc(Nc2nccc(Oc3ccc4c(C(=O)Nc5cccc(C(F)(F)F)c5)cccc4c3)n2)c1,8.4318
Cc1ccc(NC(=O)c2cccc3cc(Oc4ccnc(Nc5cccc(CS(C)(=O)=O)c5)n4)ccc23)cc1,8.5229
Cc1cccc(NC(=O)c2cccc3cc(Oc4ccnc(Nc5cccc(CS(C)(=O)=O)c5)n4)ccc23)c1,8.0555
CS(=O)(=O)Cc1ccc(Nc2nccc(Oc3ccc4c(C(=O)Nc5ccccc5)cccc4c3)n2)cc1,8.8861
CS(=O)(=O)c1ccc(Nc2nccc(Oc3ccc4c(C(=O)Nc5ccccc5)cccc4c3)n2)cc1,8.4949
Cc1ccc(S(C)(=O)=O)cc1Nc1nccc(Oc2ccc3c(C(=O)Nc4ccccc4)cccc3c2)n1,8.6383
Cc1ccc(Nc2nccc(Oc3ccc4c(C(=O)Nc5ccccc5)cccc4c3)n2)cc1S(C)(=O)=O,8.6576
CS(=O)(=O)Cc1cccc(Nc2nccc(Oc3ccc4c(C(=O)Nc5ccccc5)cccc4c3)n2)c1,9.3010
CNC(=O)c1cccc(Nc2nccc(Oc3ccc4c(C(=O)Nc5ccccc5)cccc4c3)n2)c1,8.7447
CNS(=O)(=O)c1cccc(Nc2nccc(Oc3ccc4c(C(=O)Nc5ccccc5)cccc4c3)n2)c1,8.3872
CS(=O)(=O)Nc1cccc(Nc2nccc(Oc3ccc4c(C(=O)Nc5ccccc5)cccc4c3)n2)c1,8.8861
CS(=O)(=O)c1cccc(Nc2nccc(Oc3ccc4c(C(=O)Nc5ccccc5)cccc4c3)n2)c1,8.7959
COc1cc(Nc2nccc(Oc3ccc4c(C(=O)Nc5ccccc5)cccc4c3)n2)cc(OC)c1,8.3098
COc1ccc(Nc2nccc(Oc3ccc4c(C(=O)Nc5ccccc5)cccc4c3)n2)cc1OC,9.0458
COc1cc(Nc2nccc(Oc3ccc4c(C(=O)Nc5ccccc5)cccc4c3)n2)cc(OC)c1OC,9.0458
COc1cccc(Nc2nccc(Oc3ccc4c(C(=O)Nc5ccccc5)cccc4c3)n2)c1,8.2840
O=C(Nc1ccccc1)c1cccc2cc(Oc3ccnc(Nc4ccccc4)n3)ccc12,7.7167
CCS(=O)(=O)c1cccc(Nc2nccc(Oc3ccc4c(C(=O)Nc5ccccc5)cccc4c3)n2)c1,8.6990
CS(=O)(=O)Cc1cccc(Nc2nccc(Oc3ccc4c(c3)OCCN4C(=O)Nc3ccccc3)n2)c1,8.4202
O=C(Nc1ccc(CN2CCCC2)cc1)Nc1ccc2ncnc(Nc3cccc(C(F)(F)F)c3)c2c1,6.2480
CC(=O)c1nn(-c2ccccc2)cc1C(=O)c1c(C)[nH]c(-c2ccccc2)c1-c1ccccc1,5.3478
CC(=O)c1nn(-c2ccc(C)cc2)cc1C(=O)c1c(C)[nH]c(-c2ccccc2)c1-c1ccccc1,5.0570
CC(=O)c1nn(-c2ccc(Cl)cc2)cc1C(=O)c1c(C)[nH]c(-c2ccccc2)c1-c1ccccc1,5.3625
CCOC(=O)c1nn(-c2ccccc2)cc1C(=O)c1c(C)[nH]c(-c2ccccc2)c1-c1ccccc1,5.6308
CCOC(=O)c1nn(-c2ccc(C)cc2)cc1C(=O)c1c(C)[nH]c(-c2ccccc2)c1-c1ccccc1,5.1215
CCOC(=O)c1nn(-c2ccc(Cl)cc2)cc1C(=O)c1c(C)[nH]c(-c2ccccc2)c1-c1ccccc1,5.5421
Cc1[nH]c(-c2ccccc2)c(-c2ccccc2)c1C(=O)c1cn(-c2ccccc2)nc1C(=O)Nc1ccccc1,5.4622
Cc1ccc(-n2cc(C(=O)c3c(C)[nH]c(-c4ccccc4)c3-c3ccccc3)c(C(=O)Nc3ccccc3)n2)cc1,5.3635
Cc1[nH]c(-c2ccccc2)c(-c2ccccc2)c1C(=O)c1cn(-c2ccc(Cl)cc2)nc1C(=O)Nc1ccccc1,5.4572
Cc1[nH]c(-c2ccccc2)c(-c2ccccc2)c1C(=O)c1cn(-c2ccccc2)nc1-c1ccccc1,5.6308
Cc1[nH]c(-c2ccccc2)c(-c2ccccc2)c1-c1nnc(C)c2nn(-c3ccccc3)cc12,5.4622
Cc1ccc(-n2cc3c(-c4c(C)[nH]c(-c5ccccc5)c4-c4ccccc4)nnc(C)c3n2)cc1,5.3605
Cc1[nH]c(-c2ccccc2)c(-c2ccccc2)c1-c1nnc(C)c2nn(-c3ccc(Cl)cc3)cc12,5.6216
Oc1nnc(-c2c[nH]c(-c3ccccc3)c2-c2ccccc2)c2cn(-c3ccccc3)nc12,5.4622
Cc1ccc(-n2cc3c(-c4c[nH]c(-c5ccccc5)c4-c4ccccc4)nnc(O)c3n2)cc1,5.4921
Oc1nnc(-c2c[nH]c(-c3ccccc3)c2-c2ccccc2)c2cn(-c3ccc(Cl)cc3)nc12,5.4622
Cc1[nH]c(-c2ccccc2)c(-c2ccccc2)c1-c1ccc(NC(=O)c2ccccc2)c(=O)o1,5.6108
Cc1c(C(=O)c2coc3ccc(O)cc23)[nH]c(-c2ccccc2)c1-c1ccccc1,5.4622
Cc1c(C(=O)c2coc3c2cc(O)c2ccccc23)[nH]c(-c2ccccc2)c1-c1ccccc1,5.3410
C[C@@H]1NCc2ncnc(Oc3ccc4c(ccn4C(=O)Nc4cccc(C(F)(F)F)c4)c3)c21,7.3620
O=C(Nc1cccc(C(F)(F)F)c1)n1ccc2cc(Oc3ncnc4c3CNC4)ccc21,8.4678
CCN1CCc2c(ncnc2Oc2ccc3c(ccn3C(=O)Nc3cccc(C(F)(F)F)c3)c2)C1,8.0000
C[C@@H]1Cc2c(ncnc2Oc2ccc3c(ccn3C(=O)Nc3cccc(C(F)(F)F)c3)c2)CN1,7.3004
C[C@H]1Cc2c(ncnc2Oc2ccc3c(ccn3C(=O)Nc3cccc(C(F)(F)F)c3)c2)CN1,7.4208
O=C(Nc1cccc(C(F)(F)F)c1)n1ccc2cc(Oc3ncnc4c3CNCC4)ccc21,7.4181
O=C(Nc1cccc(C(F)(F)F)c1)n1ccc2cc(Oc3ncnc4c3CCNC4)ccc21,7.8288
CNCc1cc(Oc2ccc3c(ccn3C(=O)Nc3ccc(F)c(C(F)(F)F)c3)c2)ncn1,7.7407
CNCc1cc(Oc2ccc3c(ccn3C(=O)Nc3cccc(C(F)(F)F)c3)c2)ncn1,7.9586
O=C(Nc1cccc(C(F)(F)F)c1)n1ccc2cc(Oc3cc(CO)ncn3)ccc21,8.1420
CC1(c2cc(NC(=O)n3ccc4cc(Oc5ncnc6c5CNC6)ccc43)no2)CC1,8.2076
CC(C)c1cc(NC(=O)n2ccc3cc(Oc4ncnc5c4CNC5)ccc32)no1,8.3872
O=C(Nc1cc(C2CC2)on1)n1ccc2cc(Oc3ncnc4c3CNC4)ccc21,7.5850
C[C@@H]1NCc2ncnc(Oc3ccc4c(ccn4C(=O)Nc4cc(C(C)(C)C)on4)c3)c21,7.8772
CC(C)(C)c1cc(NC(=O)n2ccc3cc(Oc4ncnc5c4CNC5)ccc32)on1,6.8602
CC(C)(C)c1cc(NC(=O)n2ccc3cc(Oc4ncnc5c4CNC5)ccc32)no1,7.6375
C[C@H]1Cc2c(ncnc2Oc2ccc3c(ccn3C(=O)Nc3cc(C(C)(C)C)on3)c2)CN1,7.9604
CC(C)(C)c1cc(NC(=O)n2ccc3cc(Oc4ncnc5c4CCNC5)ccc32)no1,7.4604
C[C@@H]1Cc2c(ncnc2Oc2ccc3c(ccn3C(=O)Nc3cc(C4(C)CC4)[nH]n3)c2)CN1,8.5713
C[C@H]1Cc2c(ncnc2Oc2ccc3c(ccn3C(=O)Nc3cc(C4(C)CC4)[nH]n3)c2)CN1,9.0458
CC1(c2cc(NC(=O)n3ccc4cc(Oc5ncnc6c5CCNC6)ccc43)n[nH]2)CC1,8.5229
CC(C)(C)c1cc(NC(=O)n2ccc3cc(Oc4ncnc5c4CCNC5)ccc32)n[nH]1,8.5485
CC(C)c1cc(NC(=O)n2ccc3cc(Oc4ncnc5c4CCNC5)ccc32)n[nH]1,8.3724
Cc1cncc(NC(=O)n2ccc3cc(Oc4ncnc5c4CCNC5)ccc32)c1,6.1345
C[C@H]1NCc2ncnc(Oc3ccc4c(ccn4C(=O)Nc4cccc(C(F)(F)F)c4)c3)c21,7.7696
CC(=O)N1CCc2c(ncnc2Oc2ccc3c(ccn3C(=O)Nc3cccc(C(F)(F)F)c3)c2)C1,8.1549
Nc1cc(Oc2ccc3c(ccn3C(=O)Nc3cccc(C(F)(F)F)c3)c2)ncn1,7.7696
CC1(c2cc(NC(=O)n3ccc4cc(Oc5ncnc6c5CNC6)ccc43)n[nH]2)CC1,9.3010
O=C(CN1CCN(c2nnc(-c3ccccc3)c3ccccc23)CC1)c1ccccc1,5.3429
Cc1ccc(C(=O)CN2CCN(c3nnc(-c4ccccc4)c4ccccc34)CC2)cc1,5.3706
O=C(CN1CCN(c2nnc(-c3ccccc3)c3ccccc23)CC1)c1ccc(Cl)cc1,5.3675
COc1cccc(C(=O)CN2CCN(c3nnc(-c4ccccc4)c4ccccc34)CC2)c1,5.4660
COc1ccc(C(=O)CN2CCN(c3nnc(-c4ccccc4)c4ccccc34)CC2)cc1,5.6478
O=C(CN1CCN(c2nnc(-c3ccccc3)c3ccccc23)CC1)Nc1nccs1,5.3809
CC(=O)c1sc(NC(=O)CN2CCN(c3nnc(-c4ccccc4)c4ccccc34)CC2)nc1C,5.4547
CCOC(=O)c1sc(NC(=O)CN2CCN(c3nnc(-c4ccccc4)c4ccccc34)CC2)nc1C,5.4949
Cc1nc(NC(=O)CN2CCN(c3nnc(-c4ccccc4)c4ccccc34)CC2)sc1C(=O)Nc1ccccc1,6.3979
O=C(CN1CCN(c2nnc(-c3ccccc3)c3ccccc23)CC1)Nc1nc(-c2ccccc2)cs1,5.6234
O=C(CN1CCN(c2nnc(-c3ccccc3)c3ccccc23)CC1)Nc1nc(-c2ccc(Cl)cc2)cs1,5.5072
COc1ccc(-c2csc(NC(=O)CN3CCN(c4nnc(-c5ccccc5)c5ccccc45)CC3)n2)cc1,5.8416
COc1cc(NC(=O)Nc2nccs2)cc(-c2cccnc2)c1OC,6.5358
O=C(Nc1cc(-c2cccnc2)cc(C(F)(F)F)c1)Nc1nccs1,7.2414
O=C(Nc1cc(-c2cncnc2)cc(C(F)(F)F)c1)Nc1nccs1,7.0621
O=C(Nc1nccs1)Nc1cc(-c2cccnc2)ccc1OC(F)(F)F,6.9726
COc1ccc(-c2ccc(OC(F)(F)F)c(NC(=O)Nc3nccs3)c2)cn1,6.4085
O=C(Nc1nccs1)Nc1cc(-c2cncnc2)ccc1OC(F)(F)F,7.1635
COc1cc(NC(=O)Nc2ccccn2)cc(-c2c[nH]cn2)c1OC,7.4785
Cn1cnc(-c2cc(NC(=O)Nc3ccncc3)cc(C(F)(F)F)c2)c1,6.6525
Cn1cnc(-c2ccc(OC(F)(F)F)c(NC(=O)Nc3ccncc3)c2)c1,6.4496
COc1cc(NC(=O)Nc2nccs2)cc(-c2cn(C)cn2)c1OC,6.3766
Cn1cnc(-c2cc(NC(=O)Nc3nccs3)cc(C(F)(F)F)c2)c1,6.5446
COc1ccc(-c2cc(NC(=O)Nc3ccccn3)cc(OC)c2OC)cn1,7.1002
O=C(Nc1ccccn1)Nc1cc(-c2cccnc2)ccc1OC(F)(F)F,7.0618
O=C(Nc1ccncc1)Nc1cc(-c2cncnc2)ccc1OC(F)(F)F,7.6544
O=C(Nc1ccncc1)Nc1cc(-c2cccnc2)ccc1OC(F)(F)F,6.8923
O=C(Nc1ccncc1)Nc1cc(-c2cncnc2)cc(C(F)(F)F)c1,7.6661
COc1ccc(-c2cc(NC(=O)Nc3ccncc3)cc(C(F)(F)F)c2)cn1,6.4387
O=C(Nc1ccncc1)Nc1cc(-c2cccnc2)cc(C(F)(F)F)c1,7.0314
COc1cc(NC(=O)Nc2ccncc2)cc(-c2cncnc2)c1OC,6.3081
COc1cc(NC(=O)Nc2ccncc2)cc(-c2cccnc2)c1OC,6.6706
O=C(Nc1ccccn1)Nc1cc(-c2cncnc2)ccc1OC(F)(F)F,7.2823
Cc1ccc(C(=O)Nc2cccc(C(F)(F)F)c2)cc1Nc1nc(-c2cccnc2)nc2c1cnn2C,5.3768
CC(C)n1nc(-c2cc(C3CC3)on2)c2c(N)ncnc21,7.0177
O=C(CN1CCN(c2nnc(-c3ccccc3)c3ccccc23)CC1)Nc1ccccc1,5.3298
Cc1ccc(NC(=O)CN2CCN(c3nnc(-c4ccccc4)c4ccccc34)CC2)cc1,5.3696
O=C(CN1CCN(c2nnc(-c3ccccc3)c3ccccc23)CC1)Nc1cccc(C(F)(F)F)c1,5.4365
N#Cc1ccc(NC(=O)CN2CCN(c3nnc(-c4ccccc4)c4ccccc34)CC2)cc1,5.3615
O=C(CN1CCN(c2nnc(-c3ccccc3)c3ccccc23)CC1)Nc1ccccc1Cl,5.4034
O=C(CN1CCN(c2nnc(-c3ccccc3)c3ccccc23)CC1)Nc1cccc(Cl)c1,5.3904
O=C(CN1CCN(c2nnc(-c3ccccc3)c3ccccc23)CC1)Nc1ccc(Cl)cc1,5.4157
O=C(CN1CCN(c2nnc(-c3ccccc3)c3ccccc23)CC1)Nc1c(Cl)cccc1Cl,5.4698
COc1cccc(NC(=O)CN2CCN(c3nnc(-c4ccccc4)c4ccccc34)CC2)c1,5.8069
COc1ccc(NC(=O)CN2CCN(c3nnc(-c4ccccc4)c4ccccc34)CC2)cc1,5.8697
CCOC(=O)c1ccc(NC(=O)CN2CCN(c3nnc(-c4ccccc4)c4ccccc34)CC2)cc1,6.4559
COc1cc2ncnc(Nc3ccc(Br)cc3)c2cc1OCCCCCCC(=O)NO,7.1308
COc1cc2ncnc(Nc3ccc(Br)cc3)c2cc1OCCCCCC(=O)NO,6.9730
COc1cc2ncnc(Nc3ccc(Br)cc3)c2cc1OCCCCC(=O)NO,7.2291
COc1cc2ncnc(Nc3ccc(Br)cc3)c2cc1OCCCC(=O)NO,7.0088
COc1cc2ncnc(Nc3ccc(Cl)cc3)c2cc1OCCCCCCC(=O)NO,6.6676
COc1cc2ncnc(Nc3ccc(Cl)cc3)c2cc1OCCCCCC(=O)NO,6.5045
COc1cc2ncnc(Nc3ccc(Cl)cc3)c2cc1OCCCCC(=O)NO,6.6576
COc1cc2ncnc(Nc3ccc(Cl)cc3)c2cc1OCCCC(=O)NO,6.7399
COc1cc2ncnc(Nc3ccccc3Cl)c2cc1OCCCCCCC(=O)NO,6.4389
COc1cc2ncnc(Nc3ccccc3Cl)c2cc1OCCCCCC(=O)NO,6.1643
COc1cc2ncnc(Nc3ccccc3Cl)c2cc1OCCCCC(=O)NO,6.0799
COc1cc2ncnc(Nc3ccccc3Cl)c2cc1OCCCC(=O)NO,6.0670
COc1cc2ncnc(Nc3ccc(F)cc3)c2cc1OCCCCCCC(=O)NO,6.5686
COc1cc2ncnc(Nc3ccc(F)cc3)c2cc1OCCCCCC(=O)NO,6.2807
COc1cc2ncnc(Nc3ccc(F)cc3)c2cc1OCCCCC(=O)NO,6.3420
COc1cc2ncnc(Nc3ccc(F)cc3)c2cc1OCCCC(=O)NO,6.4248
COc1cc2ncnc(Nc3ccccc3F)c2cc1OCCCCCCC(=O)NO,6.1226
COc1cc2ncnc(Nc3ccccc3F)c2cc1OCCCCCC(=O)NO,6.0372
COc1cc2ncnc(Nc3ccccc3F)c2cc1OCCCCC(=O)NO,6.0757
COc1cc2ncnc(Nc3ccccc3F)c2cc1OCCCC(=O)NO,6.0630
COc1cc2c(Nc3ccc(NC(=O)c4cccc(Cl)c4)cc3)ncnc2cc1OCCN1CCCCC1,5.7011
COc1cc2c(Nc3ccc(NC(=O)c4cccc(Cl)c4)cc3)ncnc2cc1OCCCN1CCOCC1,5.5243
COc1cc2c(Nc3ccc(NC(=O)c4ccc(C)cc4)cc3)ncnc2cc1OCCN1CCCCC1,5.6055
COc1cc2c(Nc3ccc(NC(=O)c4ccc(C)cc4)cc3)ncnc2cc1OCCCN1CCOCC1,5.6990
COc1cc2c(Nc3ccc(NC(=O)c4ccc(Cl)cc4)cc3)ncnc2cc1OCCN1CCCCC1,5.3778
COc1cc2c(Nc3ccc(NC(=O)c4ccc(Cl)cc4)cc3)ncnc2cc1OCCCN1CCOCC1,5.5817
COc1cc2c(Nc3ccc(NC(=O)c4ccccc4)cc3)ncnc2cc1OCCN1CCCCC1,5.3261
COc1ccc(C(=O)Nc2ccc(Nc3ncnc4cc(OCCCN5CCN(C)CC5)c(OC)cc34)cc2)cc1,5.6946
COc1cc2c(Nc3ccc(NC(=O)c4ccc(C)cc4)cc3)ncnc2cc1OCCCN1CCN(C)CC1,6.0605
COc1cc2c(Nc3ccc(NC(=O)c4ccc(Cl)cc4)cc3)ncnc2cc1OCCCN1CCN(C)CC1,5.7305
COc1cc2c(Nc3ccc(NC(=O)c4ccccc4Cl)cc3)ncnc2cc1OCCCN1CCN(C)CC1,5.7670
COc1cc2c(Nc3ccc(NC(=O)c4cccc(Cl)c4)cc3)ncnc2cc1OCCCN1CCN(C)CC1,5.7423
COc1cc2c(Nc3ccc(NC(=O)c4ccccc4)cc3)ncnc2cc1OCCCN1CCN(C)CC1,6.2518
CNC(=O)c1cc2c(Oc3ccc(NC(=S)NC(=O)Cc4ccccc4)cc3F)ccnc2cc1OC,7.5229
Nc1nccc(Oc2ccc(NC(=O)c3c[nH]cc(-c4ccc(F)cc4)c3=O)cc2F)c1Cl,7.8239
Cn1ccnc1-c1cc2c(Oc3ccc(NC(=S)NC(=O)Cc4ccccc4)cc3F)ccnc2s1,8.5229
CC1=[N+](c2ccccc2)C(=O)C(C(=O)Nc2ccc(Oc3ccc4nc(NC(=O)C5CC5)cn4c3)c(F)c2)C=C1.Cl,8.8615
C=CCc1cccc(/C=N/NC(=O)Nc2ccc(Oc3ccnc4cc(OCCCN5CCCCC5)c(OC)cc34)c(F)c2)c1O,6.6774
COc1ccc(/C=C/C(=O)Nc2cc3c(Nc4ccc(F)c(Cl)c4)ncnc3cc2O[C@H]2CCOC2)cc1,6.0526
COc1ccc(/C=C/C(=O)Nc2cc3c(Nc4ccc(F)c(Cl)c4)ncnc3cc2O[C@H]2CCOC2)c(OC)c1OC,6.3206
O=C(Nc1ccc(Oc2ccnc3[nH]ccc23)c(F)c1)c1nnn(-c2ccc(F)cc2)c1C(F)(F)F,7.0642
COc1cc2ncnc(Nc3cccc(O)c3F)c2cc1OC,6.2194
COc1cc2ncnc(Nc3cccc(O)c3Cl)c2cc1OC,5.6021
COc1cc2ncnc(Nc3cccc(O)c3Br)c2cc1OC,5.3872
COc1cc2ncnc(Nc3cccc(O)c3O)c2cc1OC,5.4412
COc1cccc(Nc2ncnc3cc(OC)c(OC)cc23)c1,5.3188
COc1cc2ncnc(Nc3cccc(N)c3)c2cc1OC,5.1192
COc1cc2ncnc(Nc3ccc(O)cc3)c2cc1OC,5.5528
COc1cc2ncnc(Nc3ccc(F)c(O)c3)c2cc1OC,6.7932
COc1cc2ncnc(Nc3ccc(Cl)c(O)c3)c2cc1OC,7.0976
COc1ccc(Nc2ncnc3cc(OC)c(OC)cc23)cc1O,6.8227
COc1cc2ncnc(Nc3cc(O)cc(F)c3)c2cc1OC,6.8827
COc1cc2ncnc(Nc3cc(C)cc(O)c3)c2cc1OC,6.1884
COc1cc2ncnc(Nc3cc(O)ccc3F)c2cc1OC,7.3539
COc1cc2ncnc(Nc3cc(O)ccc3Cl)c2cc1OC,6.8843
COc1cc2ncnc(Nc3cc(O)ccc3C)c2cc1OC,6.3249
COc1cc2ncnc(Nc3cc(O)c(F)cc3F)c2cc1OC,8.0223
COc1cc2ncnc(Nc3cc(O)c(Cl)cc3Cl)c2cc1OC,7.1884
COc1cc2ncnc(Nc3cc(O)c(C)cc3Cl)c2cc1OC,7.7696
COc1cc2ncnc(Nc3ccc(F)c(O)c3F)c2cc1OC,5.9831
COc1cc2ncnc(Nc3c(F)ccc(O)c3F)c2cc1OC,6.6373
COc1cc2ncnc(Nc3c(Cl)ccc(O)c3F)c2cc1OC,6.1798
COc1cc2ncnc(Nc3cc(F)cc(O)c3C)c2cc1OC,5.2291
COc1cc2ncnc(Nc3c(F)ccc(O)c3C)c2cc1OC,5.2441
COc1cc2ncnc(Nc3ccc(C)c(O)c3Cl)c2cc1OC,6.2218
COc1cc2ncnc(Nc3c(Cl)ccc(O)c3Cl)c2cc1OC,5.8539
COc1cc2ncnc(Nc3c(F)ccc(O)c3Cl)c2cc1OC,5.6131
COc1cc2ncnc(N(C)c3cccc(O)c3)c2cc1OC,5.3768
COc1cc2ncnc(Oc3cccc(O)c3)c2cc1OC,6.4498
COc1cc2ncnc(Sc3cccc(O)c3)c2cc1OC,6.2508
COc1cc2ncnc(N3CCc4c(O)cccc43)c2cc1OC,5.0223
CS(=O)(=O)O.N#CC1(c2ccc(NC(=O)c3cccnc3NCc3ccncc3)cc2)CCCC1,9.0000
c1ccc(-c2cnc3c(Nc4ccc(N5CCCCC5)cc4)cncc3n2)cc1,5.6861
c1ccc(-c2cnc3c(Nc4ccc(N5CCCCC5)cc4)nccc3n2)cc1,5.9586
c1ccc(-c2cnc3c(Nc4ccc(N5CCOCC5)cc4)nccc3n2)cc1,4.7959
COc1ccc(-c2cnc3c(Nc4ccc(N5CCCCC5)cc4)nccc3n2)cc1,5.7011
COc1ccc(-c2cnc3c(Nc4ccc(N5CCOCC5)cc4)nccc3n2)cc1,4.9208
c1ccc(-c2cnc3cnc(Nc4ccc(N5CCCCC5)cc4)cc3n2)cc1,4.7680
c1ccc(-c2cnc3cncc(Nc4ccc(N5CCCCC5)cc4)c3n2)cc1,5.8069
c1ccc(-c2cnc3cncc(Nc4ccc(N5CCOCC5)cc4)c3n2)cc1,5.2132
COc1ccc(-c2cnc3cncc(Nc4cc(OC)ccc4OC)c3n2)cc1,5.7959
COc1ccc(-c2cnc3cncc(Nc4ccc(N5CCCCC5)cc4)c3n2)cc1,5.6882
COc1ccc(-c2cnc3cncc(Nc4ccc(N5CCOCC5)cc4)c3n2)cc1,5.4802
c1ccc(Nc2cncc3ncc(-c4ccc(N5CCCCC5)cc4)nc23)cc1,4.9566
COc1cccc(Nc2cncc3ncc(-c4ccc(N5CCCCC5)cc4)nc23)c1,5.0535
COc1cc2c(Oc3ccc(NC(=O)c4c(Cl)c5ccccc5n(-c5ccc(F)cc5)c4=O)cc3F)ccnc2cc1OCCCN1CCN(C)CC1,6.2655
COc1ccc(Cc2nnc(Nc3ccc(NC(=O)Nc4ccc(OC)cc4)cc3)c3ccccc23)cc1,7.0655
COc1ccc(Cc2nnc(Nc3ccc(NC(=O)Nc4cccc(OC)c4)cc3)c3ccccc23)cc1,7.0809
COc1ccc(Cc2nnc(Nc3ccc(NC(=O)Nc4ccc(Cl)c(C(F)(F)F)c4)cc3)c3ccccc23)cc1,7.0655
COc1ccc(Cc2nnc(Nc3ccc(NC(=O)Nc4ccc(Cl)cc4)cc3)c3ccccc23)cc1,6.9431
COc1ccc(Cc2nnc(Nc3ccc(NC(=O)Nc4cccc(Cl)c4)cc3)c3ccccc23)cc1,6.9281
COc1ccc(Cc2nnc(Nc3ccc(NC(=O)Nc4ccccc4Cl)cc3)c3ccccc23)cc1,6.8508
COc1ccc(Cc2nnc(Nc3ccc(NC(=O)Nc4ccc(C#N)cc4)cc3)c3ccccc23)cc1,6.4191
COc1ccc(Cc2nnc(Nc3ccc(NC(=O)Nc4cccc(C(F)(F)F)c4)cc3)c3ccccc23)cc1,6.3372
COc1ccc(Cc2nnc(Nc3ccc(NC(=O)Nc4ccccc4)cc3)c3ccccc23)cc1,6.3251
COc1ccc(Cc2nnc(Nc3ccc(S(N)(=O)=O)cc3)c3ccccc23)cc1,6.1965
COc1ccc(Cc2nnc(Nc3ccc(OC)cc3)c3ccccc23)cc1,5.4622
COc1ccc(Cc2nnc(Nc3cccc(OC)c3)c3ccccc23)cc1,6.1226
COc1ccc(Cc2nnc(Nc3ccc(Cl)c(C(F)(F)F)c3)c3ccccc23)cc1,5.8729
COc1ccc(Cc2nnc(Nc3ccc(Cl)cc3)c3ccccc23)cc1,5.4123
COc1ccc(Cc2nnc(Nc3cccc(Cl)c3)c3ccccc23)cc1,5.3307
COc1ccc(Cc2nnc(Nc3ccccc3Cl)c3ccccc23)cc1,5.4342
COc1ccc(Cc2nnc(Nc3ccc(C#N)cc3)c3ccccc23)cc1,5.2907
COc1ccc(Cc2nnc(Nc3cccc(C(F)(F)F)c3)c3ccccc23)cc1,5.4012
COc1ccc(Cc2nnc(Nc3ccccc3)c3ccccc23)cc1,5.2396
Nc1ncnc2c1c(-c1cccc(OCc3ccccc3)c1)cn2[C@H]1C[C@@H](CN2CCC2)C1,5.1487
Nc1ncnc2c1c(-c1cccc(O)c1)cn2[C@H]1C[C@@H](CN2CCC2)C1,6.3565
Nc1ncnc2c1c(-c1cccc(OC[C@@H]3CCCO3)c1)cn2[C@H]1C[C@@H](CN2CCC2)C1,5.1805
COc1cc2ncnc(Nc3ccc4cn[nH]c4c3)c2cc1OC,5.2840
COc1cc2c(Nc3c(F)ccc(O)c3C)ncnc2cc1OCC1CCN(C)CC1,5.2518
CCN1CCN(c2ccc3c(Nc4cc(CCc5c(Cl)c(OC)cc(OC)c5Cl)[nH]n4)ncnc3c2)CC1,7.7570
CCc1nc(Nc2cc(CCc3cc(OC)cc(OC)c3)[nH]n2)c2ccc(N3CCN(CC)CC3)cc2n1,7.4461
COc1cc(CCc2cc(Nc3ncnc4cc(N5CCN6CCCCC6C5)ccc34)n[nH]2)cc(OC)c1,7.6676
COc1cc(CCc2cc(NC(=O)c3ccc(N4C[C@@H](C)N[C@@H](C)C4)cc3)n[nH]2)cc(OC)c1,7.5494
CCN1CCN(Cc2ccc(NC(=O)CNc3ccc(-c4ccc(NC(=O)C5CC5)nc4)cc3)cc2C(F)(F)F)CC1,7.6198
CN1CCN(Cc2ccc(NC(=O)CNc3ccc(-c4ccc(NC(=O)C5CC5)nc4)cc3F)cc2C(F)(F)F)CC1,7.6778
COCCNCc1ccc(-c2cc3nccc(Oc4ccc(NC(=S)NC(=O)Cc5ccc(F)cc5)cc4F)c3s2)nc1,7.8822
C[C@H]1Cc2c(ncnc2Oc2ccc3c(ccn3C(=O)Nc3cc(C4(C(F)(F)F)CC4)on3)c2)CN1,8.6990
C[C@H]1Cc2c(ncnc2Oc2ccc3ccn(C(=O)Nc4cc(C5(C(F)(F)F)CC5)on4)c3c2)CN1,6.8344
CC(C)(C)c1cc(NC(=O)n2ccc3ccc(Oc4ncnc5c4CNC5)cc32)no1,7.9208
CC(C)(C)c1cc(NC(=O)n2ccc3ncc(Oc4ncnc5c4CNC5)cc32)no1,6.8032
CC(C)(C)c1cc(NC(=O)n2ccc3nc(Oc4ncnc5c4CNC5)ccc32)no1,7.1387
CC1(c2cc(NC(=O)c3ccn4cc(Oc5ncnc6c5CNC6)ccc34)n[nH]2)CC1,7.2760
CC(C)(C)c1cc(NC(=O)c2cnc3cc(Oc4ncnc5c4CNC5)ccn23)no1,7.0768
CC(C)(C)c1cc(NC(=O)n2ccc3cc(Oc4ncnc5c4CNC5)cnc32)no1,7.2786
CC(C)(C)c1cc(NC(=O)n2ncc3cc(Oc4ncnc5c4CNC5)ccc32)no1,5.4974
Nc1cc(-c2ccc(NC(=O)Nc3cccc(C(F)(F)F)c3)cc2)no1,5.0744
CC(C)(C)c1cc(NC(=O)Nc2ccc(-c3cc(N)on3)cc2)no1,5.6705
Nc1cc(-c2ccc(NC(=O)Nc3cccc(C(F)(F)F)c3)cc2)[nH]n1,5.0744
CC(C)(C)c1cc(NC(=O)Nc2ccc(-c3cc(N)n[nH]3)cc2)no1,6.0164
CC(C)(C)c1cc(NC(=O)Nc2ccc(Cc3cc(N)n[nH]3)cc2)no1,5.1805
CC(C)(C)c1cc(NC(=O)Nc2ccc(-c3cc(NC(=O)C4CC4)on3)cc2)no1,5.1379
CC(C)(C)c1cc(NC(=O)Nc2ccc(-c3cc(NC(=O)C4CC4)n[nH]3)cc2)no1,7.6626
CC(C)(C)C(=O)Nc1cc(-c2ccc(NC(=O)Nc3cc(C(C)(C)C)on3)cc2)[nH]n1,6.4588
CC(=O)Nc1cc(-c2ccc(NC(=O)Nc3cc(C(C)(C)C)on3)cc2)[nH]n1,7.6488
CC(C)(C)c1cc(NC(=O)n2ccc3cc(Oc4ncnc5c4CNC5)ccc32)n[nH]1,9.0000
O=C(Nc1ccc(Cn2cncn2)cc1)c1ccccc1NCc1ccncc1,7.1938
Nc1ncnc(Oc2ccc(NC(=O)C3(C(=O)Nc4ccc(F)cc4)CC3)cc2F)c1/C=N/O,6.8539
CO/N=C/c1c(N)ncnc1Oc1ccc(NC(=O)C2(C(=O)Nc3ccc(F)cc3)CC2)cc1F,6.9208
Nc1ncnc(Oc2ccc(NC(=O)C3(C(=O)Nc4ccc(F)cc4)CC3)cc2F)c1/C=N/OCCCO,6.2518
Nc1ncnc(Oc2ccc(NC(=O)C3(C(=O)Nc4ccc(F)cc4)CC3)cc2F)c1/C=N/OCCN1CCCC1,6.6021
Nc1ncnc(Oc2ccc(NC(=O)C3(C(=O)Nc4ccc(F)cc4)CC3)cc2F)c1/C=N/OCC(O)CN1CCOCC1,6.0506
CN(C)CCCO/N=C/c1c(N)ncnc1Oc1ccc(NC(=O)C2(C(=O)Nc3ccc(F)cc3)CC2)cc1F,6.7696
Nc1ncnc(Oc2ccc(NC(=O)C3(C(=O)Nc4ccc(F)cc4)CC3)cc2F)c1/C=N/OCCCN1CCCC1,6.4685
Nc1ncnc(Oc2ccc(NC(=O)C3(C(=O)Nc4ccc(F)cc4)CC3)cc2F)c1/C=N/OCCCN1CCOCC1,6.6576
CONc1ccc(Nc2nccc(Nc3ccc4[nH]ncc4c3)n2)cc1,6.9431
CC(=O)Nc1cc(Nc2nccc(Nc3ccc4[nH]ncc4c3)n2)ccc1C,7.2373
NS(=O)(=O)c1ccc(Nc2nccc(Nc3ccc4[nH]ncc4c3)n2)cc1,7.6108
COc1cc(Nc2nccc(-n3ncc4cc([N+](=O)[O-])ccc43)n2)cc(OC)c1OC,6.1612
COc1ccc(Nc2nccc(Nc3ccc4[nH]ncc4c3)n2)cc1,6.9318
COc1cccc(Nc2nccc(Nc3ccc4[nH]ncc4c3)n2)c1,7.0915
Clc1ccc(Nc2nccc(Nc3ccc4[nH]ncc4c3)n2)cc1Cl,6.6253
Clc1ccc(Nc2nccc(Nc3ccc4[nH]ncc4c3)n2)cc1,6.7747
Fc1ccc(Nc2nccc(Nc3ccc4[nH]ncc4c3)n2)cc1,6.6968
COc1cc(OC)c(NC(=O)Nc2ccc3c(cnn3-c3ccnc(Nc4cc(OC)c(OC)c(OC)c4)n3)c2)cc1Cl,6.8386
Cc1ccc(O)cc1Nc1ccnc2ccc(S(C)(=O)=O)cc12,6.7305
CS(=O)(=O)c1ccc2nccc(Nc3ccc4scnc4c3)c2c1,5.6225
Cc1ccc(O)cc1Nc1ccnc2ccc(-c3cccnc3)cc12,6.3372
COc1ccc2nccc(Nc3cc(O)ccc3C)c2c1,5.5229
Cc1ccc(O)cc1Nc1ccnc2ccc(C(F)(F)F)cc12,7.0000
COc1cc2c(Oc3ccc(NC(=O)c4cn(-c5ccccc5Cl)nn4)cc3F)ccnc2cc1OCCCN1CCCCC1,7.0147
COc1ccc2c(c1)C(=O)c1c-2n(-c2ccc(OCCN(C)C)cc2)c(=O)c2cc(OC)ccc12,5.4089
CCN(CC)CCOc1ccc(-n2c3c(c4ccc(OC)cc4c2=O)C(=O)c2cc(OC)ccc2-3)cc1,5.9872
CN(C)CCOc1ccc(-n2c3c(c4ccc(O)cc4c2=O)C(=O)c2cc(O)ccc2-3)cc1,6.4815
CCN(CC)CCOc1ccc(-n2c3c(c4ccc(O)cc4c2=O)C(=O)c2cc(O)ccc2-3)cc1,6.9208
O=C1c2cc(O)ccc2-c2c1c1ccc(O)cc1c(=O)n2-c1ccc(OCCN2CCCC2)cc1,7.0044
O=C1c2cc(O)ccc2-c2c1c1ccc(O)cc1c(=O)n2-c1ccc(OCCN2CCCCC2)cc1,6.6021
Fc1ccc2c(-c3nc4cc(N5CCC(N6CCCCC6)CC5)ccc4[nH]3)[nH]nc2c1,7.7852
C[C@@H](Oc1ccc2[nH]nc(/C=C/c3cnn(CCO)c3)c2c1)c1c(Cl)cncc1Cl,8.1957
CC(Oc1ccc2[nH]nc(-c3nc4cc(C5CCN(C)CC5)ccc4[nH]3)c2c1)c1c(Cl)cncc1Cl,8.1079
CC(Oc1ccc2[nH]nc(-c3nc4cc(N5C[C@@H](C)N[C@@H](C)C5)ccc4[nH]3)c2c1)c1c(Cl)cncc1Cl,8.0458
CC(Oc1ccc2[nH]nc(-c3nc4cc(N5CCN(C)CC5)ccc4[nH]3)c2c1)c1c(Cl)cncc1Cl,8.0969
CC(Oc1ccc2[nH]nc(-c3nc4cc(N(C)C(=O)CN(C)C)ccc4[nH]3)c2c1)c1c(Cl)cncc1Cl,8.6021
CC(Oc1ccc2[nH]nc(-c3nc4cc(CCO)ccc4[nH]3)c2c1)c1c(Cl)cncc1Cl,7.8996
C[C@@H](Oc1ccc2[nH]nc(-c3nc4cc(N5CCN(C)CC5)ccc4[nH]3)c2c1)c1c(Cl)cncc1Cl,8.1249
CC1(C)c2cc(C3CCN(CC4CCOCC4)CC3)ccc2C(=O)c2c1[nH]c1cc(C#N)ccc21,6.9830
Cc1nc2cc(-n3ncc(C(=O)c4cc5ccc(-c6ccccc6)cc5[nH]4)c3N)ccc2[nH]1,5.4685
Cc1ccc2cc(C(=O)c3cnn(-c4ccc5nc(C)[nH]c5c4)c3N)[nH]c2c1,6.4318
Cc1nc2cc(-n3ncc(C(=O)c4cc5ccc(Br)cc5[nH]4)c3N)ccc2[nH]1,6.5376
Cc1nc2cc(-n3ncc(C(=O)c4cc5ccc(S(C)(=O)=O)cc5[nH]4)c3N)ccc2[nH]1,6.0000
Cc1nc2cc(-n3ncc(C(=O)c4cc5ccc(CN6CCC(F)(F)CC6)cc5[nH]4)c3N)ccc2[nH]1,6.5528
Cc1nc2cc(-n3ncc(C(=O)c4cc5ccc(CN6CCOCC6)cc5[nH]4)c3N)ccc2[nH]1,6.9208
Cc1nc2ccc(-n3ncc(C(=O)c4cc5cc(CN6CCOCC6)ccc5[nH]4)c3N)cc2[nH]1,6.6778
Nc1c(C(=O)c2cc3ccccc3[nH]2)cnn1-c1ccc2[nH]c(=O)[nH]c2c1,5.5686
Cc1cc2cc(-n3ncc(C(=O)c4cc5ccccc5[nH]4)c3N)ccc2[nH]1,8.1871
Nc1c(C(=O)c2cc3ccccc3[nH]2)cnn1-c1ccc2[nH]ccc2c1,7.2840
CCc1nc2cc(-n3ncc(C(=O)c4cc5ccccc5[nH]4)c3N)ccc2[nH]1,5.7696
Cc1nc2ccc(-n3ncc(C(=O)c4cc5ccccc5[nH]4)c3N)cc2[nH]1,5.6778
Nc1c(C(=O)c2cc3ccccc3[nH]2)cnn1-c1ccc2nc[nH]c2c1,6.4685
Nc1c(C(=O)c2cc3cc(CN4CCOCC4)ccc3[nH]2)cnn1-c1cc(O)ccc1Cl,8.6198
Nc1c(C(=O)c2cc3ccccc3[nH]2)cnn1-c1ccccc1Cl,6.3872
Nc1c(C(=O)c2cc3ccccc3[nH]2)cnn1-c1cc(O)ccc1Cl,7.5528
Nc1c(C(=O)c2ccc3ncccc3c2)cnn1-c1cc(O)ccc1Cl,5.7959
Nc1c(C(=O)c2cc3ccccc3o2)cnn1-c1cc(O)ccc1Cl,6.7696
Cc1cccc(C(=O)c2cnn(-c3cc(O)ccc3Cl)c2N)c1,5.5376
CNC(=O)c1cc(Oc2ccc(C(=O)/C=C/c3cccc(Br)c3)cc2)ccn1,6.1427
CNC(=O)c1cc(Oc2ccc(C(=O)/C=C/c3cc(OC)c(OC)c(OC)c3)cc2)ccn1,5.4949
CNC(=O)c1cc(Oc2ccc(C(=O)/C=C/c3ccccc3)cc2)ccn1,5.9586
CCc1ccc(-c2cc(C(=O)Nc3ccc(Oc4ccnc(C(=O)NC)c4)cc3)ncn2)cc1,5.4437
CCc1ccc(-c2cc(C(=O)Nc3ccc(Oc4ccnc(C(=O)NC)c4)c(F)c3)ncn2)cc1,5.9208
Cn1cc(-c2nc(N[C@@H]3CCCC[C@@H]3N)c(F)c3c2C(=O)NC3)cn1,6.9626
Oc1cc(O)c2cc(O)c(-c3cc(O)c(O)c(O)c3)[o+]c2c1.[Cl-],8.2933
COc1ccc(/C=C/C(=N/Nc2nncc3ccccc23)c2ccc(Cl)cc2)cc1,9.3872
Cc1ccc(C(/C=C/c2ccc(F)cc2)=N\Nc2nncc3ccccc23)cc1,9.1549
Clc1ccc(/C=C/C(=N/Nc2nncc3ccccc23)c2ccccc2)cc1,9.2596
Fc1ccc(/C=C/C(=N/Nc2nncc3ccccc23)c2ccccc2)cc1,9.0555
Clc1ccc(C(/C=C/c2ccccc2)=N\Nc2nncc3ccccc23)cc1,9.1612
C(=C\c1ccccc1)/C(=N/Nc1nncc2ccccc12)c1ccccc1,9.3768
COc1ccc(N2C(=O)CS/C2=N/Nc2nncc3ccccc23)cc1,8.6198
O=C1CS/C(=N/Nc2nncc3ccccc23)N1c1ccc(Cl)cc1,8.5686
O=C1CS/C(=N/Nc2nncc3ccccc23)N1c1ccccc1,8.4559
CCCCN1C(=O)CS/C1=N/Nc1nncc2ccccc12,8.9208
CCN1C(=O)CS/C1=N/Nc1nncc2ccccc12,8.4437
O=C1CS/C(=N/Nc2nncc3ccccc23)N1,8.3565
COc1ccc(NC(=S)NNc2nncc3ccccc23)cc1,8.2441
S=C(NNc1nncc2ccccc12)Nc1ccc(Cl)cc1,8.2147
S=C(NNc1nncc2ccccc12)Nc1ccccc1,8.2076
CCCCNC(=S)NNc1nncc2ccccc12,8.3468
CCN=C(S)NNc1nncc2ccccc12,8.1367
NC(=S)NNc1nncc2ccccc12,8.1249
CCOC(=O)c1ccc(Nc2nncc3ccccc23)cc1,9.2676
O=C(O)c1ccc(Nc2nncc3ccccc23)cc1,9.1675
N#Cc1ccc(Nc2nncc3ccccc23)cc1,9.3665
Fc1ccc(Nc2nncc3ccccc23)cc1,9.1739
Cc1cc(C)nc(NS(=O)(=O)c2ccc(Nc3nncc4ccccc34)cc2)n1,9.1135
O=S(=O)(Nc1ncccn1)c1ccc(Nc2nncc3ccccc23)cc1,8.0706
O=S(=O)(Nc1ccccn1)c1ccc(Nc2nncc3ccccc23)cc1,8.1079
Cc1cc(NS(=O)(=O)c2ccc(Nc3nncc4ccccc34)cc2)no1,8.0132
O=S(=O)(Nc1nccs1)c1ccc(Nc2nncc3ccccc23)cc1,8.0655
NS(=O)(=O)c1ccc(Nc2nncc3ccccc23)cc1,8.0088
COc1cc2c(Oc3ccc(NC(=O)c4nn(-c5ccccc5F)c(=O)n4C)cc3F)ccnc2cc1OCCCN1CCN(C)CC1,6.3183
CNC(=O)c1ccccc1Sc1ccc2c(CCc3ccccn3)n[nH]c2c1,9.6990
Cc1ccc(OCCNc2nc(Nc3cc(C)[nH]n3)cc(C)c2C#N)cn1,6.2291
COc1cc2c(Oc3ccc(NC(=O)c4cn(-c5ccccc5OC)cn4)cc3F)ccnc2cc1OCCCN1CCN(C)CC1,6.2299
CC1(C)C(=O)N([C@H]2CCc3c(O)cccc32)c2nc(Nc3ccccc3)ncc21,5.8401
COc1cc2c(Nc3ccc(NC(=O)Nc4ccccc4)cc3)ncnc2cc1OCCCN1CCN(C)CC1,6.2396
COc1cc2c(Nc3ccc(NC(=O)Nc4ccc(Cl)cc4)cc3)ncnc2cc1OCCCN1CCN(C)CC1,6.0888
COc1cc2c(Nc3ccc(NC(=O)Nc4cccc(Cl)c4)cc3)ncnc2cc1OCCCN1CCN(C)CC1,6.2306
COc1cc2c(Nc3ccc(NC(=O)Nc4ccccc4C)cc3)ncnc2cc1OCCCN1CCN(C)CC1,5.7020
COc1cc2c(Nc3ccc(NC(=O)Nc4ccc(C)c(C)c4)cc3)ncnc2cc1OCCCN1CCN(C)CC1,6.6696
COc1cc2c(Nc3ccc(NC(=O)Nc4ccccc4)c(Cl)c3)ncnc2cc1OCCCN1CCN(C)CC1,6.5834
COc1cc2c(Nc3ccc(NC(=O)Nc4ccc(Cl)cc4)c(Cl)c3)ncnc2cc1OCCCN1CCN(C)CC1,6.5544
COc1cc2c(Nc3ccc(NC(=O)Nc4ccccc4C)c(Cl)c3)ncnc2cc1OCCCN1CCN(C)CC1,6.7496
COc1cc2c(Nc3ccc(NC(=O)Nc4ccc(C)c(C)c4)c(Cl)c3)ncnc2cc1OCCCN1CCN(C)CC1,7.1024
COc1cc2c(Nc3ccc(NC(=O)Nc4ccc(F)c(Cl)c4)c(Cl)c3)ncnc2cc1OCCCN1CCN(C)CC1,7.8539
COc1cc2c(Nc3ccc(NC(=O)Nc4ccc(Cl)cc4)c(Cl)c3)ncnc2cc1OCCCN1CCOCC1,6.2774
COc1cc2c(Nc3ccc(NC(=O)Nc4ccc(C)c(C)c4)c(Cl)c3)ncnc2cc1OCCCN1CCOCC1,7.8539
COc1cc2c(Nc3ccc(NC(=O)Nc4ccccc4)c(Cl)c3)ncnc2cc1OCCN1CCCCC1,5.7275
COc1cc2c(Nc3ccc(NC(=O)Nc4ccc(C)c(C)c4)c(Cl)c3)ncnc2cc1OCCN1CCCCC1,7.7447
COC(=O)CNC(=O)c1ccc(Nc2ncnc3cc(OCCCN4CCN(C)CC4)c(OC)cc23)cc1,6.5607
COC(=O)CNC(=O)c1ccc(Nc2ncnc3cc(OCCCN4CCOCC4)c(OC)cc23)cc1,6.3936
COC(=O)CNC(=O)c1ccc(Nc2ncnc3cc(OCCN4CCCCC4)c(OC)cc23)cc1,6.0150
CCN(c1cc(OC)cc(OC)c1)c1ccc2ncc(-c3cnn(C)c3)nc2c1,6.4200
COc1cc(OC)cc(N(C)c2ccc3ncc(-c4cnn(C)c4)nc3c2)c1,6.7450
COc1cc(OC)cc(N(CC2CC2)c2ccc3ncc(-c4cnn(C)c4)nc3c2)c1,5.6450
COCCN(c1cc(OC)cc(OC)c1)c1ccc2ncc(-c3cnn(C)c3)nc2c1,6.0700
COc1cc(OC)cc(N(Cc2cc(C)no2)c2ccc3ncc(-c4cnn(C)c4)nc3c2)c1,6.2950
CCOCCN(c1cc(OC)cc(OC)c1)c1ccc2ncc(-c3cnn(C)c3)nc2c1,6.0050
COc1cc(OC)cc(N(CC2CCCO2)c2ccc3ncc(-c4cnn(C)c4)nc3c2)c1,5.9800
COc1cc(OC)cc(N(CCO)c2ccc3ncc(-c4cnn(C)c4)nc3c2)c1,6.3350
COc1cc(OC)cc(N(CC2CC2)c2ccc3ncc(-c4cnn(CC(=O)N(C)C)c4)nc3c2)c1,5.9700
COc1cc(OC)cc(N(CC2CC2)c2ccc3ncc(-c4cnn(CC(=O)NCCN5CCCC5)c4)nc3c2)c1,5.0900
COc1cc(OC)cc(N(CC2CC2)c2ccc3ncc(-c4cnn(C5CCNCC5)c4)nc3c2)c1,5.2700
COc1cc(OC)cc(N(CCC#N)c2ccc3ncc(-c4cnn(C)c4)nc3c2)c1,6.2950
COc1cc(OC)cc(N(CCCO)c2ccc3ncc(-c4cnn(C)c4)nc3c2)c1,6.6500
COCCn1cc(-c2cnc3ccc(N(Cc4cc(C)no4)c4cc(OC)cc(OC)c4)cc3n2)cn1,6.1250
COc1cccc(N(Cc2cc(C)no2)c2ccc3ncc(-c4cnn(C)c4)nc3c2)c1,6.2800
COc1cc(OC)cc(N(CC2CC2)c2ccc3ncc(-c4cnn(CCC5CCNCC5)c4)nc3c2)c1.Cl,5.2700
COc1cc(OC)cc(N(Cc2cc(C)no2)c2ccc3ncc(-c4cnn(CCO)c4)nc3c2)c1,6.0950
COc1cc(OC)cc(N(CC2CC2)c2ccc3ncc(-c4cnn(CC5CCNCC5)c4)nc3c2)c1,5.2400
COc1cc(OC)cc(N(CC2CC2)c2ccc3ncc(-c4cnn(CCCNCCS(C)(=O)=O)c4)nc3c2)c1,6.0400
COc1cc(OC)cc(N(CCO)c2ccc3ncc(-c4cnn(CCO)c4)nc3c2)c1,6.4300
COc1cc(OC)cc(N(CC2CC2)c2ccc3ncc(-c4cnn(CCCN5CCN(CCCO)CC5)c4)nc3c2)c1.Cl,5.6200
COc1cc(OC)cc(N(CCO)c2ccc3ncc(-c4cnn(CCCN)c4)nc3c2)c1.Cl,6.4300
COc1cc(OC)cc(N(CCO)c2ccc3ncc(-c4cn[nH]c4)nc3c2)c1,6.1350
COc1cc(OC)cc(N(CC(C)O)c2ccc3ncc(-c4cnn(C)c4)nc3c2)c1,6.0700
COc1cc(OC)cc(N(CC2CC2)c2ccc3ncc(-c4cnn(CCN5CCNCC5)c4)nc3c2)c1.Cl,5.2500
COc1cc(OC)cc(N(CC2CC2)c2ccc3ncc(-c4cnn(CC5(OC)CCNCC5)c4)nc3c2)c1,5.2600
COc1cc(OC)cc(N(CCCN2CCCC2)c2ccc3ncc(-c4cnn(C)c4)nc3c2)c1.Cl,7.1300
COc1cc(OC)cc(N(CC2CC2)c2ccc3ncc(-c4cnn(CC(O)CN5CCCCC5)c4)nc3c2)c1,5.2500
COc1cc(OC)cc(N(CCCC#N)c2ccc3ncc(-c4cnn(C)c4)nc3c2)c1,6.6050
COc1cc(OC)cc(N(CC2CC2)c2ccc3ncc(-c4cnn(CCN5CCN(CCO)CC5)c4)nc3c2)c1.Cl,5.2000
COc1cc(OC)cc(N(CC2CC2)c2ccc3ncc(-c4cnn(CCN5CCCC5)c4)nc3c2)c1.Cl,5.0800
CNC(=O)c1cc(OC)cc(N(CC2CC2)c2ccc3ncc(-c4cnn(CCOC)c4)nc3c2)c1,6.4050
COc1cc(OCCO)cc(N(CC2CC2)c2ccc3ncc(-c4cnn(C)c4)nc3c2)c1,6.7700
CNC(=O)c1cc(OC)cc(N(CCO)c2ccc3ncc(-c4cnn(CCOC)c4)nc3c2)c1,6.5000
COc1cc(OC)cc(N(CC2CC2)c2ccc3ncc(-c4cnn(C(C)(C)C(=O)N5CCNCC5)c4)nc3c2)c1,5.2300
CNC(=O)Cn1cc(-c2cnc3ccc(N(CCO)c4cc(OC)cc(OC)c4)cc3n2)cn1,6.1750
COc1cc(OC)cc(N(CC2CC2)c2ccc3ncc(-c4cnn(CC5CCN(C)CC5)c4)nc3c2)c1,5.2800
COc1cc(OC)cc(N(CC2CCNCC2)c2ccc3ncc(-c4cnn(C)c4)nc3c2)c1.Cl,6.5000
COc1cc(OC)cc(N(CCCO)c2ccc3ncc(-c4cn[nH]c4)nc3c2)c1,6.3900
COc1cc(OC)cc(N(CC(O)CO)c2ccc3ncc(-c4cnn(C)c4)nc3c2)c1,6.1350
CNC(=O)OCCN(c1cc(OC)cc(OC)c1)c1ccc2ncc(-c3cnn(C)c3)nc2c1,5.9600
COc1cc(OC)cc(N(CCC#N)c2ccc3ncc(-c4cnn(CCO)c4)nc3c2)c1,6.3650
COc1cc(OC)cc(N(CCO)c2ccc3ncc(-c4cnn(CCS(C)(=O)=O)c4)nc3c2)c1,6.5250
CNc1cccc(N(CC2CC2)c2ccc3ncc(-c4cnn(C)c4)nc3c2)c1,6.2850
COc1cc(OC)cc(N(CC(C)(C)O)c2ccc3ncc(-c4cnn(C)c4)nc3c2)c1,5.9600
COc1cc(OC)cc(N(CCNS(C)(=O)=O)c2ccc3ncc(-c4cnn(C)c4)nc3c2)c1,7.3051
COc1cc(OC)cc(N(CCN2CCCC2)c2ccc3ncc(-c4cn[nH]c4)nc3c2)c1.Cl,6.3850
COc1cc(OC)cc(N(Cc2csc(C)n2)c2ccc3ncc(-c4cnn(C)c4)nc3c2)c1,6.4650
COc1cc(OC)cc(N(CCN2CCCC2)c2ccc3ncc(-c4cnn(C)c4)nc3c2)c1.Cl,6.9499
CNCCN(c1cc(OC)cc(OC)c1)c1ccc2ncc(-c3cnn(CC(=O)NC)c3)nc2c1,6.1450
COc1cc(OC)cc(N(CC2CO2)c2ccc3ncc(-c4cnn(C)c4)nc3c2)c1,6.0800
COc1cc(OC)cc(N(CCNS(=O)(=O)N(C)C)c2ccc3ncc(-c4cnn(C)c4)nc3c2)c1,7.3251
COc1cc(OC)cc(N(CC2CC2)c2ccc3ncc(-c4cnn(CCNS(C)(=O)=O)c4)nc3c2)c1,5.9050
CNCCCN(c1cc(OC)cc(OC)c1)c1ccc2ncc(-c3cnn(C)c3)nc2c1,6.9200
COc1cc(C(=O)N2CCCC2)cc(N(CCCN2CCCC2)c2ccc3ncc(-c4cnn(C)c4)nc3c2)c1,5.7900
C=CCN(c1cc(OC)cc(OC)c1)c1ccc2ncc(-c3cnn(C)c3)nc2c1,6.0900
COc1cc(OC)cc(N(CCNC(C)C)c2ccc3ncc(-c4cnn(C)c4)nc3c2)c1,7.4318
COc1cc(OC)cc(N(CCCO)c2ccc3ncc(-c4cnn(CCS(C)(=O)=O)c4)nc3c2)c1,6.4400
COc1cc(OC)cc(N(CCCO)c2ccc3ncc(-c4cnn(CCO)c4)nc3c2)c1,6.4650
COc1cc(OC)cc(N(CC2CC2)c2ccc3ncc(-c4cnn(CC(O)CO)c4)nc3c2)c1,6.1200
CCNCCN(c1cc(OC)cc(OC)c1)c1ccc2ncc(-c3cnn(C)c3)nc2c1,6.3250
COc1cc(OCCO)cc(N(CCCN2CCCC2)c2ccc3ncc(-c4cnn(C)c4)nc3c2)c1,7.1400
COc1cc(C(=O)N2CCCC2)cc(N(CCCO)c2ccc3ncc(-c4cnn(C)c4)nc3c2)c1.Cl,5.7450
CNCC(O)CN(c1cc(OC)cc(OC)c1)c1ccc2ncc(-c3cnn(C)c3)nc2c1.Cl,6.3400
CNCC(O)CN(c1cc(OC)cc(OC)c1)c1ccc2ncc(-c3cnn(C)c3)nc2c1,6.3550
COc1cc(OC)cc(N(CCCN2CCC(F)(F)C2)c2ccc3ncc(-c4cnn(C)c4)nc3c2)c1.Cl,6.1400
COc1cc(OC)cc(N(C/C(C)=N\O)c2ccc3ncc(-c4cnn(C)c4)nc3c2)c1,6.1300
COc1cc(OC)cc(N(C/C(C)=N/O)c2ccc3ncc(-c4cnn(C)c4)nc3c2)c1,6.0850
COc1cc(OC)cc(N(CCCN2CCCC2)c2ccc3ncc(-c4cn[nH]c4)nc3c2)c1,7.3900
COc1cc(OC)cc(N(CCNC2CCCC2)c2ccc3ncc(-c4cnn(C)c4)nc3c2)c1,6.7700
COc1cc(OC)cc(N(CCCN2CCC(O)C2)c2ccc3ncc(-c4cnn(C)c4)nc3c2)c1.Cl,7.9698
COc1cc(OC)cc(N(CC2CC2)c2ccc3ncc(-c4cnn(CC(=O)N5CCC(O)C5)c4)nc3c2)c1,6.0800
COc1cc(OC)cc(N(CCCN2CCCC2)c2ccc3ncc(-c4cnn(CCS(C)(=O)=O)c4)nc3c2)c1,6.9600
COc1cc(OC)cc(N(CC(O)CN2CCCCC2)c2ccc3ncc(-c4cnn(C)c4)nc3c2)c1,6.4150
COc1cc(OCCO)cc(N(CCCN2CCCC2)c2ccc3ncc(-c4cn[nH]c4)nc3c2)c1,5.9650
COc1cc(OC)cc(N(CCN2CCOCC2)c2ccc3ncc(-c4cnn(C)c4)nc3c2)c1.Cl,6.5250
COc1cc(OC)cc(N(CCCO)c2ccc3ncc(-c4cnn(C5CCCCO5)c4)nc3c2)c1,6.5550
COc1cc(OC)cc(N(CCCN)c2ccc3ncc(-c4cnn(C)c4)nc3c2)c1,6.5250
COc1cc(OC)cc(N(CCCN2CCCC2)c2ccc3ncc(-c4cnn(CCO)c4)nc3c2)c1.Cl,7.1150
COc1cc(OC)cc(N(CCN2CCNCC2)c2ccc3ncc(-c4cnn(C)c4)nc3c2)c1.Cl,7.1750
COc1cc(OC)cc(N(CC2CC2)c2ccc3ncc(-c4cnn(CC5CCOCC5)c4)nc3c2)c1,5.6850
CNCCn1cc(-c2cnc3ccc(N(CC4CC4)c4cc(OC)cc(OC)c4)cc3n2)cn1,5.2500
CNC(=O)c1cc(OC)cc(N(CC2CC2)c2ccc3ncc(-c4cn[nH]c4)nc3c2)c1,6.1500
CNC(=O)Cn1cc(-c2cnc3ccc(N(CCCO)c4cc(OC)cc(OC)c4)cc3n2)cn1,6.3200
COc1cc(OCCO)cc(N(CCCO)c2ccc3ncc(-c4cnn(C)c4)nc3c2)c1,6.1550
C#CCN(c1cc(OC)cc(OC)c1)c1ccc2ncc(-c3cnn(C)c3)nc2c1,6.1000
COc1cc(F)cc(N(CCO)c2ccc3ncc(-c4cnn(CCO)c4)nc3c2)c1,6.0800
COc1cc(OC)cc(N(CCCNS(C)(=O)=O)c2ccc3ncc(-c4cnn(C)c4)nc3c2)c1,7.1850
COc1cc(OC)cc(N(CCCNS(=O)(=O)N(C)C)c2ccc3ncc(-c4cnn(C)c4)nc3c2)c1,7.0750
COc1cc(OC)cc(N(CCN2CCC(N)C2)c2ccc3ncc(-c4cnn(C)c4)nc3c2)c1.Cl,6.7651
COc1cc(OC)cc(N(CCN2CCCCC2)c2ccc3ncc(-c4cnn(C)c4)nc3c2)c1,6.3150
COc1cc(F)cc(N(CCCO)c2ccc3ncc(-c4cnn(CCO)c4)nc3c2)c1,5.9550
COc1cc(OC)cc(N(CCNC(=O)C2CCCN(C)C2)c2ccc3ncc(-c4cnn(C)c4)nc3c2)c1,6.3050
COc1cc(OC)cc(N(CCCN2CCC(N)C2)c2ccc3ncc(-c4cnn(C)c4)nc3c2)c1,7.7001
CNC1CCN(CCCN(c2cc(OC)cc(OC)c2)c2ccc3ncc(-c4cnn(C)c4)nc3c2)C1.Cl,5.5600
COc1cc(OC)cc(N(CCN2CCC(O)C2)c2ccc3ncc(-c4cnn(C)c4)nc3c2)c1.Cl,7.3300
CCS(=O)(=O)NCCN(c1cc(OC)cc(OC)c1)c1ccc2ncc(-c3cnn(C)c3)nc2c1,6.8800
COc1cc(OC)cc(N(Cc2ccco2)c2ccc3ncc(-c4cnn(C)c4)nc3c2)c1,6.1150
COc1cc(OC)cc(N(CCCN)c2ccc3ncc(-c4cn[nH]c4)nc3c2)c1,6.4800
COc1cc(OCCO)cc(N(CC2CC2)c2ccc3ncc(-c4cnn(CCO)c4)nc3c2)c1.Cl,5.8900
COc1cc(OC)cc(N(Cc2ccc(Cl)s2)c2ccc3ncc(-c4cnn(CCO)c4)nc3c2)c1,5.9100
COc1cc(OC)cc(N(CCN2CCCCC2C)c2ccc3ncc(-c4cnn(C)c4)nc3c2)c1.Cl,6.5450
CCOC(=O)C1CCN(CCN(c2cc(OC)cc(OC)c2)c2ccc3ncc(-c4cnn(C)c4)nc3c2)CC1,6.1500
COc1cc(Cl)cc(N(CCCN2CCCC2)c2ccc3ncc(-c4cnn(C)c4)nc3c2)c1.Cl,6.5950
COc1cc(OC)cc(N(Cc2nnc(N)o2)c2ccc3ncc(-c4cnn(C)c4)nc3c2)c1,6.4750
COc1cc(OC)cc(N(CC2CC2)c2ccc3ncc(-c4cnn(C5CN(CCO)C5)c4)nc3c2)c1,6.0350
COc1cc(OC)cc(N(CCCN2CCC[C@H]2C)c2ccc3ncc(-c4cnn(C)c4)nc3c2)c1.Cl,6.6450
COc1cc(OC)cc(N(CCN2C[C@@H](C)O[C@@H](C)C2)c2ccc3ncc(-c4cnn(C)c4)nc3c2)c1.Cl,5.9100
COc1cc(OC)cc(N(CCN2CCC(N(C)C)CC2)c2ccc3ncc(-c4cnn(C)c4)nc3c2)c1,6.2100
COc1cc(OC)cc(N(C[C@@H]2C[C@H]2CO)c2ccc3ncc(-c4cnn(C)c4)nc3c2)c1,6.1600
CNC(=O)Cn1cc(-c2cnc3ccc(N(CCCN4CCCC4)c4cc(OC)cc(OC)c4)cc3n2)cn1,6.6300
COc1cc(OC)cc(N(CCCN2CCC(F)C2)c2ccc3ncc(-c4cnn(C)c4)nc3c2)c1.Cl,7.0050
COc1cc(OC)cc(N(Cc2cccs2)c2ccc3ncc(-c4cnn(C)c4)nc3c2)c1,6.0450
COc1cc(OC)cc(N(CC2CCOCC2)c2ccc3ncc(-c4cnn(C)c4)nc3c2)c1,6.0250
COc1cc(OC)cc(N(CCCN2CCC(OC)CC2)c2ccc3ncc(-c4cnn(C)c4)nc3c2)c1,6.4000
COc1ccc(OC)c(N(CCCN2CCCC2)c2ccc3ncc(-c4cnn(C)c4)nc3c2)c1.Cl,5.6350
COc1cc(OC)cc(N(CCN2C(C)CCCC2C)c2ccc3ncc(-c4cnn(C)c4)nc3c2)c1,6.3150
COc1cc(OC)cc(N(CCCN)c2ccc3ncc(-c4cnn(CCS(C)(=O)=O)c4)nc3c2)c1,6.2000
COc1cc(OC)cc(N(CCN2CCCC(N)C2)c2ccc3ncc(-c4cnn(C)c4)nc3c2)c1,6.7450
COc1cc(OC)cc(N(CCCCN)c2ccc3ncc(-c4cnn(C)c4)nc3c2)c1,6.6300
COc1cc(OC)cc(N(CCCN2CCCCC2C)c2ccc3ncc(-c4cnn(C)c4)nc3c2)c1.Cl,6.6300
COc1cc(OC)cc(N(CCCN2CCCCC2)c2ccc3ncc(-c4cnn(C)c4)nc3c2)c1.Cl,6.7450
COc1cc(OC)cc(N(CC#Cc2nccn2C)c2ccc3ncc(-c4cnn(C)c4)nc3c2)c1,6.1100
COc1cc(OC)cc(N(CCN)c2ccc3ncc(-c4cnn(CCS(C)(=O)=O)c4)nc3c2)c1,6.1850
COc1cc(OC)cc(N(CCCN2CCC(N3CCCCC3)C2)c2ccc3ncc(-c4cnn(C)c4)nc3c2)c1,6.4100
COc1cc(OC)cc(N(CCCNC(=O)C(F)(F)F)c2ccc3ncc(-c4cnn(C)c4)nc3c2)c1,6.7150
COc1cc(OC)cc(N(CC(O)CN2CCC(F)(F)C2)c2ccc3ncc(-c4cnn(C)c4)nc3c2)c1.Cl,5.9150
COc1cc(OC)cc(N(CCNC(=O)C(F)(F)F)c2ccc3ncc(-c4cnn(C)c4)nc3c2)c1,6.1450
COc1cc(OC)cc(N(CCCN2CCC(C3C[C@@H](C)O[C@H](C)C3)C2)c2ccc3ncc(-c4cnn(C)c4)nc3c2)c1.Cl,5.9100
COc1cc(OC)cc(N(CCCN2CC(F)(F)C2)c2ccc3ncc(-c4cnn(C)c4)nc3c2)c1,6.1650
COc1cc(OC)cc(N(CCN2CCC(C(C)(C)O)CC2)c2ccc3ncc(-c4cnn(C)c4)nc3c2)c1,6.1450
COc1cc(OC)cc(N(CCN2CCC(N)CC2)c2ccc3ncc(-c4cnn(C)c4)nc3c2)c1,6.1800
COc1cc(OC)cc(N(CCCN)c2ccc3ncc(-c4cnn(CCO)c4)nc3c2)c1,6.4800
COc1cc(OC)cc(N(CCCN2CCCC(C#N)C2)c2ccc3ncc(-c4cnn(C)c4)nc3c2)c1,6.3800
COc1cc(OC)cc(N(CCCNC(C)C)c2ccc3ncc(-c4cnn(C)c4)nc3c2)c1,6.2450
COc1cc(OC)cc(N(CCCN2CCCC2=O)c2ccc3ncc(-c4cnn(C)c4)nc3c2)c1,6.4300
COc1cc(OC)cc(N(CCCN2CCC[C@H]2CO)c2ccc3ncc(-c4cnn(C)c4)nc3c2)c1,7.5000
COc1cc(OC)cc(N(CCN2CCC(O)CC2)c2ccc3ncc(-c4cnn(C)c4)nc3c2)c1,6.3700
COc1cc(OC)cc(N(CCN2C[C@H](C)C[C@H](C)C2)c2ccc3ncc(-c4cnn(C)c4)nc3c2)c1,6.0250
COc1cc(OC)cc(N(CCN2C[C@H](C)C[C@@H](C)C2)c2ccc3ncc(-c4cnn(C)c4)nc3c2)c1.Cl,5.7800
COc1cc(OC)cc(N(CCN2CC[C@H](C#N)C2)c2ccc3ncc(-c4cnn(C)c4)nc3c2)c1,6.3500
COc1cc(OC)cc(N(CC(O)C(C)C)c2ccc3ncc(-c4cnn(C)c4)nc3c2)c1,5.9750
COc1cc(OC)cc(N(CCCN2CC[C@H](C#N)C2)c2ccc3ncc(-c4cnn(C)c4)nc3c2)c1.Cl,6.5950
COc1ccc(Cl)c(N(CCO)c2ccc3ncc(-c4cnn(C)c4)nc3c2)c1,6.9000
COc1cc(OC)cc(N(CCCN2CC(O)C2)c2ccc3ncc(-c4cnn(C)c4)nc3c2)c1,7.4150
COc1cc(OC)cc(N(Cc2cn[nH]n2)c2ccc3ncc(-c4cnn(C)c4)nc3c2)c1,6.1900
COc1cc(OC)c(C)c(N(CCCN2CCCC2)c2ccc3ncc(-c4cnn(C)c4)nc3c2)c1.Cl,7.1050
COCC(O)CN(c1cc(OC)cc(OC)c1)c1ccc2ncc(-c3cnn(C)c3)nc2c1,6.0650
COc1cc(OC)cc(N(CCC2CCNCC2)c2ccc3ncc(-c4cnn(C)c4)nc3c2)c1,6.8500
[2H]C([2H])([2H])Oc1cc(OC)cc(N(CCO)c2ccc3ncc(-c4cnn(C)c4)nc3c2)c1,6.3650
[2H]C([2H])([2H])n1cc(-c2ccc3ncc(N(CCO)c4cc(OC)cc(OC)c4)nc3c2)cn1,6.4050
CCOc1cc(F)cc(N(CCO)c2ccc3ncc(-c4cnn(C)c4)nc3c2)c1,6.0450
COc1cc(OC)cc(N(CC(O)CNC(C)C)c2ccc3ncc(-c4cnn(C)c4)nc3c2)c1,6.5700
COc1cc(OC)cc(N(CC2(OC)CCCNC2)c2ccc3ncc(-c4cnn(C)c4)nc3c2)c1.Cl,6.1200
COc1cc(OC)c(Cl)c(N(CCCN2CCCC2)c2ccc3ncc(-c4cnn(C)c4)nc3c2)c1.Cl,7.0800
COc1ccc(Cl)c(N(CCNC(C)C)c2ccc3ncc(-c4cnn(C)c4)nc3c2)c1.Cl,6.5300
COc1cc(OC)c(C)c(N(CCO)c2ccc3ncc(-c4cnn(C)c4)nc3c2)c1,6.6650
COc1cc(OC)c(Cl)c(N(CCO)c2ccc3ncc(-c4cnn(C)c4)nc3c2)c1,7.4200
CNC(=O)c1cc(OC)cc(N(CCN)c2ccc3ncc(-c4cnn(C)c4)nc3c2)c1,6.4900
COc1cc(OC)cc(N(CCN2CCCC(C#N)C2)c2ccc3ncc(-c4cnn(C)c4)nc3c2)c1,6.2550
COc1cc(OC)cc(N(CC(O)CN)c2ccc3ncc(-c4cnn(C)c4)nc3c2)c1,6.1800
COc1cc(OC)cc(N(CCN2CCC(F)(F)CC2)c2ccc3ncc(-c4cnn(C)c4)nc3c2)c1,5.9550
Cl.[2H]C([2H])([2H])Oc1cc(OC)cc(N(CCNC(C)C)c2ccc3ncc(-c4cn[nH]c4)nc3c2)c1,6.5350
Cn1cc(-c2ccc3ncc(N(CCN)c4cc(F)cc(OCCO)c4)nc3c2)cn1,6.2100
COc1cc(OC)cc(N(Cc2cn(CCO)nn2)c2ccc3ncc(-c4cnn(C)c4)nc3c2)c1,6.2800
COc1cc(F)cc(N(CCCN2CCCC2)c2ccc3ncc(-c4cn[nH]c4)nc3c2)c1.Cl,6.2050
COc1cc(OC)cc(N(CCN)c2ccc3ncc(-c4cnn(CC5CCOCC5)c4)nc3c2)c1.Cl,6.7300
COc1cc(OC)cc(N(CCCNC(=O)C(C)(O)C(F)(F)F)c2ccc3ncc(-c4cnn(C)c4)nc3c2)c1.Cl,6.8250
COc1cc(OC)cc(N(CCCNC(=O)C(C)(O)C(F)(F)F)c2ccc3ncc(-c4cnn(C)c4)nc3c2)c1,6.8250
COc1ccc(Cl)c(N(CCNC(C)C)c2ccc3ncc(-c4cn[nH]c4)nc3c2)c1.Cl,6.3800
COc1cc(OC)c(Cl)c(N(CCNC(C)C)c2ccc3ncc(-c4cnn(C)c4)nc3c2)c1.Cl,7.3550
CCN(CC)CCN(c1cc(OC)cc(OC)c1)c1ccc2ncc(-c3cnn(C)c3)nc2c1,5.7600
[2H]C([2H])([2H])n1cc(-c2cnc3ccc(N(CCNC(C)C)c4cc(OC)cc(OC)c4)cc3n2)cn1,6.6100
[2H]C([2H])([2H])Oc1cc(OC)cc(N(CCNC(C)C)c2ccc3ncc(-c4cnn(C)c4)nc3c2)c1,6.6450
COc1cc(OC)cc(N(CCNC(=O)C2CC2)c2ccc3ncc(-c4cnn(C)c4)nc3c2)c1,6.1100
COc1cc(OC)cc(N(CCNC(C)=O)c2ccc3ncc(-c4cnn(C)c4)nc3c2)c1,6.2650
COc1cc(OC)cc(N(CCn2cccn2)c2ccc3ncc(-c4cnn(C)c4)nc3c2)c1.Cl,6.4400
CCn1cc(-c2cnc3ccc(N(CCNC)c4cc(OC)cc(OC)c4)cc3n2)cn1,6.4150
CNCCN(c1cc(OC)cc(OC)c1)c1ccc2ncc(-c3cnn(C(C)C)c3)nc2c1.Cl,6.4300
COc1cc(OC)c(C)c(N(CCNC(C)C)c2ccc3ncc(-c4cnn(C)c4)nc3c2)c1.Cl,6.9200
CNC(=O)Cn1cc(-c2cnc3ccc(N(CCNC(C)C)c4cc(OC)cc(OC)c4)cc3n2)cn1.Cl,6.1850
COc1cc(OC)cc(N(CCNC(=O)C(C)(O)C(F)(F)F)c2ccc3ncc(-c4cnn(C)c4)nc3c2)c1,6.5900
COc1cc(OC)cc(N(CCCN2CCC(N3C[C@@H](C)O[C@@H](C)C3)C2)c2ccc3ncc(-c4cnn(C)c4)nc3c2)c1.Cl,6.4750
COc1cc(OC)cc(N(CCN2CCC(N(C)C)C2)c2ccc3ncc(-c4cnn(C)c4)nc3c2)c1,6.4100
COc1cc(OC)cc(N(CC2CCN(C(C)C)CC2)c2ccc3ncc(-c4cnn(C)c4)nc3c2)c1,5.6900
COc1cc(OC)cc(N(Cc2csc(C)n2)c2ccc3ncc(-c4cnn(CCN5CCNCC5)c4)nc3c2)c1,6.3800
COc1cc(OC)cc(N(CCN2CC[C@H](C#N)C2)c2ccc3ncc(-c4cn[nH]c4)nc3c2)c1,6.1250
COc1cc(OC)cc(N(CCCN2CCC(F)(F)C2)c2ccc3ncc(-c4cn[nH]c4)nc3c2)c1,5.7750
COc1cc(OC)cc(N(CCCN2CCC(F)(F)C2)c2ccc3ncc(-c4cn[nH]c4)nc3c2)c1.Cl,5.7750
COc1cc(OC)cc(N(CCCN2CCC(F)(F)C2)c2ccc3ncc(-c4cnn(CC5CCOCC5)c4)nc3c2)c1.Cl,5.9550
COc1cc(OCCF)cc(N(CCO)c2ccc3ncc(-c4cnn(C)c4)nc3c2)c1,6.2900
COc1cc(OC)cc(N(CCN2CC[C@H](C#N)C2)c2ccc3ncc(-c4cnn(CC5CCOCC5)c4)nc3c2)c1,6.7550
COc1cc(OC)cc(N(CCCN2CCC(C(F)(F)F)CC2)c2ccc3ncc(-c4cnn(C)c4)nc3c2)c1,6.7950
COc1cc(OC)cc(N(CC2CCN(C)CC2)c2ccc3ncc(-c4cnn(C)c4)nc3c2)c1,6.2050
COc1cc(OC)cc(N(CCCN2CCC[C@@H]2CO)c2ccc3ncc(-c4cnn(C)c4)nc3c2)c1,7.4300
COc1cc(OC)cc(N(Cc2nnc(NCCO)o2)c2ccc3ncc(-c4cnn(C)c4)nc3c2)c1,5.8250
COc1cc(OC)cc(N(CCCN2CCC[C@@H]2C)c2ccc3ncc(-c4cnn(C)c4)nc3c2)c1.Cl,6.6000
COc1cc(OC)cc(N(CCN2CCC[C@@H]2CO)c2ccc3ncc(-c4cnn(C)c4)nc3c2)c1,7.0900
COc1cc(OC)cc(N(CCN2CCC[C@H]2CO)c2ccc3ncc(-c4cnn(C)c4)nc3c2)c1,7.5800
COc1cc(OC)cc(N(Cc2ccc(Cl)s2)c2ccc3ncc(-c4cnn(CCN5CCNCC5)c4)nc3c2)c1.Cl,5.6200
CCn1cc(-c2cnc3ccc(N(CCNC(C)C)c4cc(OC)cc(OC)c4)cc3n2)cn1.Cl,6.7800
COc1cc(OC)cc(N(CC(C)(C)O)c2ccc3ncc(-c4cn[nH]c4)nc3c2)c1,5.9700
COc1cc(OC)cc(N(CCCO)c2ccc3ncc(-c4cnn(C(C)C)c4)nc3c2)c1,6.5150
CCOc1cc(F)cc(N(CCN)c2ccc3ncc(-c4cnn(C)c4)nc3c2)c1,6.0300
COc1cc(OC)cc(N(CCNC(C)C)c2ccc3ncc(-c4cnn(CC5CCOCC5)c4)nc3c2)c1.Cl,6.7550
COc1cc(OC)cc(N(CCC2CCN(C(C)C)CC2)c2ccc3ncc(-c4cnn(C)c4)nc3c2)c1,5.8900
COc1cc(OC)cc(N(C[C@@H](O)CO)c2ccc3ncc(-c4cnn(C)c4)nc3c2)c1,6.0300
COc1cc(OC)cc(N(C[C@H](O)CO)c2ccc3ncc(-c4cnn(C)c4)nc3c2)c1,6.0350
COc1cc(OC)cc(N(CC(O)C(F)(F)F)c2ccc3ncc(-c4cnn(C)c4)nc3c2)c1,6.0950
CCn1cc(-c2cnc3ccc(N(CCN)c4cc(OC)cc(OC)c4)cc3n2)cn1,6.5900
CCCn1cc(-c2cnc3ccc(N(CCN)c4cc(OC)cc(OC)c4)cc3n2)cn1.Cl,6.6850
CNC(=O)c1cc(OC)cc(N(CCNC(C)C)c2ccc3ncc(-c4cnn(C)c4)nc3c2)c1,6.8300
COc1cc(OC)cc(N(CCCN2C[C@@H](C)O[C@@H](C)C2)c2ccc3ncc(-c4cnn(C)c4)nc3c2)c1,6.0900
COc1cc(OC)cc(N(CCCN2CCNCC2)c2ccc3ncc(-c4cnn(C)c4)nc3c2)c1,6.5200
COc1cc(F)cc(N(CCN)c2ccc3ncc(-c4cnn(C)c4)nc3c2)c1,5.8900
COc1cc(OC)cc(N(CCCN2CCC(S(C)(=O)=O)C2)c2ccc3ncc(-c4cnn(C)c4)nc3c2)c1,6.9400
COc1cc(F)cc(N(CCNC(C)C)c2ccc3ncc(-c4cnn(C)c4)nc3c2)c1,6.3900
COc1cc(OC)cc(N(CCCN)c2ccc3ncc(-c4cnn(C(C)C)c4)nc3c2)c1,6.8450
COc1cc(F)cc(N(CCCN2CCC(C#N)C2)c2ccc3ncc(-c4cnn(C)c4)nc3c2)c1,6.2000
COc1cc(OC)cc(N(CCNC(C)C)c2ccc3ncc(-c4cn[nH]c4)nc3c2)c1.Cl,6.4300
CNC(=O)c1cc(OC)cc(N(CC2CC2)c2ccc3ncc(-c4cnn(C)c4)nc3c2)c1,6.3500
COc1cc(OC)cc(N(Cc2ncc[nH]2)c2ccc3ncc(-c4cnn(C)c4)nc3c2)c1,6.3050
CNC(=O)c1cc(F)cc(N(CC2CC2)c2ccc3ncc(-c4cnn(C)c4)nc3c2)c1,6.4850
COc1cc(OC)cc(N(CCCN2CCCC2)c2ccc3ncc(-c4cnn(C(C)C)c4)nc3c2)c1.Cl,6.7950
CNC(=O)c1cc(F)cc(N(CCO)c2ccc3ncc(-c4cnn(C)c4)nc3c2)c1,6.9750
CNC[C@@H](O)CN(c1cc(OC)cc(OC)c1)c1ccc2ncc(-c3cnn(C)c3)nc2c1,6.5000
CNC[C@H](O)CN(c1cc(OC)cc(OC)c1)c1ccc2ncc(-c3cnn(C)c3)nc2c1,6.5800
COc1cc(OC)cc(N(CCNS(=O)(=O)C(C)C)c2ccc3ncc(-c4cnn(C)c4)nc3c2)c1,7.0750
COc1cc(OC)cc(N(CC(O)CNCC(F)(F)F)c2ccc3ncc(-c4cnn(C)c4)nc3c2)c1,6.0750
CNC(=O)Cn1cc(-c2cnc3ccc(N(CCCN)c4cc(OC)cc(OC)c4)cc3n2)cn1,6.2700
COc1cc(OC)cc(N(CCNCCC#N)c2ccc3ncc(-c4cnn(C)c4)nc3c2)c1,6.3100
COC/C(CN(c1cc(OC)cc(OC)c1)c1ccc2ncc(-c3cnn(C)c3)nc2c1)=N\O,6.0350
COC/C(CN(c1cc(OC)cc(OC)c1)c1ccc2ncc(-c3cnn(C)c3)nc2c1)=N/O,5.9400
COc1cc(OC)cc(N(CC2(C)COC2)c2ccc3ncc(-c4cnn(C)c4)nc3c2)c1,6.1900
COc1cc(OC)cc(N(CCCN2CCC[C@H]2CNS(=O)(=O)C(F)(F)F)c2ccc3ncc(-c4cnn(C)c4)nc3c2)c1,7.6650
CNCCN(c1cc(F)cc(OC)c1)c1ccc2ncc(-c3cnn(C)c3)nc2c1,6.2100
COc1cc(OC)cc(N(CCC(C)(C)O)c2ccc3ncc(-c4cnn(C)c4)nc3c2)c1,6.5850
CNC(=O)c1cc(OC)cc(N(CCNC(C)C)c2ccc3ncc(-c4cnn(C(C)C)c4)nc3c2)c1,7.2000
COc1cc(OC)cc(N(CCN2CCC[C@@H]2C)c2ccc3ncc(-c4cnn(C)c4)nc3c2)c1.Cl,6.4300
COc1cc(OC)cc(N(CCNCC(F)F)c2ccc3ncc(-c4cnn(C)c4)nc3c2)c1,6.4750
COc1cc(OC)cc(N(CCCN2CCOC2=O)c2ccc3ncc(-c4cnn(C)c4)nc3c2)c1,6.7250
COc1cc(OC)cc(N(CCCN2C[C@@H](C)N[C@@H](C)C2)c2ccc3ncc(-c4cnn(C)c4)nc3c2)c1,5.4500
COc1cc(OC)cc(N(CCCN2CCS(=O)(=O)CC2)c2ccc3ncc(-c4cnn(C)c4)nc3c2)c1,6.6150
COc1cc(OCCF)cc(N(CCNC(C)C)c2ccc3ncc(-c4cnn(C)c4)nc3c2)c1.Cl,6.6400
COc1cc(OC)cc(N(CCN2CCCC(C(N)=O)C2)c2ccc3ncc(-c4cnn(C)c4)nc3c2)c1,6.4050
COc1cc(OC)cc(N(CCN2CC3(COC3)C2)c2ccc3ncc(-c4cnn(C)c4)nc3c2)c1,6.5850
COc1cc(OC)cc(N(CCNC(C)C)c2ccc3ncc(-c4cnn(C(C)C)c4)nc3c2)c1.Cl,7.0200
COc1cc(OC)cc(N(CCN2CCC(CO)CC2)c2ccc3ncc(-c4cnn(C)c4)nc3c2)c1,6.5000
COc1cc(OC)cc(N(C[C@H](O)CNCC(F)(F)F)c2ccc3ncc(-c4cnn(C)c4)nc3c2)c1,5.9500
COc1cc(OC)cc(N(C[C@@H](O)CNCC(F)(F)F)c2ccc3ncc(-c4cnn(C)c4)nc3c2)c1,6.1150
COc1cc(OC)cc(N(CCN)c2ccc3ncc(-c4cnn(C(C)C)c4)nc3c2)c1,6.6800
COc1cc(OC)cc(N(C[C@H](O)CN2CC[C@H](C#N)C2)c2ccc3ncc(-c4cnn(C)c4)nc3c2)c1.Cl,6.0900
COc1cc(OC)cc(N(C[C@@H](O)CN2CC[C@H](C#N)C2)c2ccc3ncc(-c4cnn(C)c4)nc3c2)c1.Cl,6.4650
COc1cc(OC)cc(N(CCCn2ccnc2C)c2ccc3ncc(-c4cnn(C)c4)nc3c2)c1,5.9400
COc1cc(OC)cc(N(CCN2CCN(C(C)=O)CC2)c2ccc3ncc(-c4cnn(C)c4)nc3c2)c1,6.3900
COc1cc(OC)cc(N(CCN2CCN(CCO)CC2)c2ccc3ncc(-c4cnn(C)c4)nc3c2)c1,6.8150
COc1cc(OC)cc(N(CCNCC2CC2)c2ccc3ncc(-c4cnn(C)c4)nc3c2)c1,6.7100
COc1cc(OC)cc(N(CCN2CCN(C)CC2)c2ccc3ncc(-c4cnn(C)c4)nc3c2)c1,6.9000
COc1cc(OC)cc(N(CCCN2CCOCC2)c2ccc3ncc(-c4cnn(C)c4)nc3c2)c1.Cl,6.7900
COc1cc(OC)cc(N(c2ccc3ncc(-c4cnn(C)c4)nc3c2)C2COC2)c1,6.1800
COc1cc(OC)cc(N(CCNCCO)c2ccc3ncc(-c4cnn(C)c4)nc3c2)c1,6.8250
CCN(CCN(c1cc(OC)cc(OC)c1)c1ccc2ncc(-c3cnn(C)c3)nc2c1)C(C)C.Cl,6.6300
COc1cc(OC)cc(N(CCN2CCC[C@H]2C)c2ccc3ncc(-c4cnn(C)c4)nc3c2)c1.Cl,6.8900
COc1cc(OC)cc(N(C/C(=N\O)C(C)C)c2ccc3ncc(-c4cnn(C)c4)nc3c2)c1,6.1400
C=CCN(c1cc(F)cc(OC)c1)c1ccc2ncc(-c3cnn(C)c3)nc2c1,5.7800
COc1cc(OC)cc(N(CCN2CCNC(=O)C2)c2ccc3ncc(-c4cnn(C)c4)nc3c2)c1,6.1700
COc1cc(CO)cc(N(CCCN2CCCC2)c2ccc3ncc(-c4cnn(C)c4)nc3c2)c1,5.8500
COc1cc(OC)cc(N(CCN2CCC(C(C)(C)O)CC2)c2ccc3ncc(-c4cnn(C(C)C)c4)nc3c2)c1,6.4400
COc1cc(OC)cc(N(CC(O)CN2CCOCC2)c2ccc3ncc(-c4cnn(C)c4)nc3c2)c1,6.0900
COc1cc(OC)cc(N(CCCN2CCCC(C(N)=O)C2)c2ccc3ncc(-c4cnn(C)c4)nc3c2)c1,6.9700
COc1cc(OC)cc(N(Cc2ccc(Cl)nc2)c2ccc3ncc(-c4cnn(C)c4)nc3c2)c1,6.1250
COc1cc(OC)cc(N(CCN2CCC(CCO)CC2)c2ccc3ncc(-c4cnn(C)c4)nc3c2)c1,6.4300
COc1cc(OC)cc(N(CCN2CCN(C(=O)C3CC3)CC2)c2ccc3ncc(-c4cnn(C)c4)nc3c2)c1,6.0400
COc1cc(OC)cc(N(CC(F)CN)c2ccc3ncc(-c4cnn(C)c4)nc3c2)c1,6.7500
COc1cc(OC)cc(N(c2ccc3ncc(-c4cnn(C)c4)nc3c2)[C@H]2CC[C@@H](NC(C)C)CC2)c1,6.7450
COc1cc(OC)cc(N(c2ccc3ncc(-c4cnn(C)c4)nc3c2)[C@H]2CC[C@H](NC(C)C)CC2)c1,5.6500
COc1cc(OC)cc(N(CCCN2[C@H](C)CC[C@@H]2C)c2ccc3ncc(-c4cnn(C)c4)nc3c2)c1.Cl,6.2300
COc1cc(OC)cc(N(CCCN2[C@@H](C)CC[C@@H]2C)c2ccc3ncc(-c4cnn(C)c4)nc3c2)c1.Cl,5.8900
COc1cc(OC)cc(N(CCCN2CCCC2=O)c2ccc3ncc(-c4cnn(C(C)C)c4)nc3c2)c1,6.7900
CNC(=O)c1cc(OC)cc(N(CCCN2CCCC2)c2ccc3ncc(-c4cnn(C)c4)nc3c2)c1,6.7550
COc1cc(OC)cc(N(CCNCC2CCCO2)c2ccc3ncc(-c4cnn(C)c4)nc3c2)c1.Cl,6.5250
COc1cc(OC)cc(N(CCNC[Si](C)(C)C)c2ccc3ncc(-c4cnn(C)c4)nc3c2)c1.Cl,6.0000
[2H]C([2H])([2H])Oc1cc(F)cc(N(CCN)c2ccc3ncc(-c4cnn(C)c4)nc3c2)c1,6.0450
COc1cc(F)cc(N(CCCNC(C)C)c2ccc3ncc(-c4cnn(C)c4)nc3c2)c1,5.5500
COc1cc(OC)cc(N(CCCN2CCC[C@@H]2CC#N)c2ccc3ncc(-c4cnn(C)c4)nc3c2)c1.Cl,6.7100
COc1cc(OC)cc(N(C[C@H](O)CNC(C)C)c2ccc3ncc(-c4cnn(C)c4)nc3c2)c1.Cl,6.0100
COc1cc(OC)cc(N(C[C@@H](O)CNC(C)C)c2ccc3ncc(-c4cnn(C)c4)nc3c2)c1.Cl,6.1100
COc1cc(OC)cc(N(CCN2CCOC2=O)c2ccc3ncc(-c4cnn(C)c4)nc3c2)c1,5.8500
COc1cc(OC)cc(N(CCCN2[C@H](C)CC[C@@H]2C)c2ccc3ncc(-c4cnn(C)c4)nc3c2)c1,6.6450
COc1cc(OC)cc(N(CCCn2c(C)cnc2C)c2ccc3ncc(-c4cnn(C)c4)nc3c2)c1.Cl,6.8449
COc1cc(OC)cc(N(CCNC2CCN(S(N)(=O)=O)CC2)c2ccc3ncc(-c4cnn(C)c4)nc3c2)c1,6.5000
COc1cc(F)cc(N(CCCO)c2ccc3ncc(-c4cnn(C)c4)nc3c2)c1,6.0950
COc1cc(OC)cc(N(Cc2cccnc2)c2ccc3ncc(-c4cnn(C)c4)nc3c2)c1,6.3150
COc1cc(OC)cc(N(Cc2ccncc2)c2ccc3ncc(-c4cnn(C)c4)nc3c2)c1,5.8950
COc1cc(OC)cc(N(Cc2cnccn2)c2ccc3ncc(-c4cnn(C)c4)nc3c2)c1,6.0950
CNCCN(c1cc(OC)cc(OC)c1)c1ccc2ncc(-c3cnn(CC4CCOCC4)c3)nc2c1.Cl,6.7400
COc1cc(OC)cc(N(CCCNC(C)C)c2ccc3ncc(-c4cnn(C)c4)nc3c2)c1.Cl,6.6800
COc1cc(OC)cc(N(CCN2[C@@H](C)CC[C@@H]2C)c2ccc3ncc(-c4cnn(C)c4)nc3c2)c1,6.7700
COc1cc(OC)cc(N(CCCN2CC=CCC2)c2ccc3ncc(-c4cnn(C)c4)nc3c2)c1.Cl,7.0200
COc1cc(OC)cc(N(CCCN2CCCC2(C)C)c2ccc3ncc(-c4cnn(C)c4)nc3c2)c1.Cl,6.3850
COc1cc(OC)cc(N(CCN2CCN(C3CCN(C(C)=O)CC3)CC2)c2ccc3ncc(-c4cnn(C)c4)nc3c2)c1,5.8200
COc1cc(OC)cc(N(CCN2CCCNCC2)c2ccc3ncc(-c4cnn(C)c4)nc3c2)c1.O=C(O)C(=O)O,6.7250
COc1cc(OC)cc(N(CCN2CC=CCC2)c2ccc3ncc(-c4cnn(C)c4)nc3c2)c1.Cl,6.4450
COc1cc(OC)cc(N(CCCN2CCC[C@H]2CC#N)c2ccc3ncc(-c4cnn(C)c4)nc3c2)c1.Cl,6.7450
COc1cc(OC)cc(N(CCCNCC(F)(F)F)c2ccc3ncc(-c4cnn(C(C)C)c4)nc3c2)c1.Cl,5.9850
COc1cc(OC)cc(N(CCNCCF)c2ccc3ncc(-c4cnn(C)c4)nc3c2)c1,6.4850
COc1cc(F)cc(N(CCNC(C)C)c2ccc3ncc(-c4cn[nH]c4)nc3c2)c1.Cl,6.2900
COc1cc(OC)cc(N(CC(O)C(F)(F)F)c2ccc3ncc(-c4cnn(C(C)C)c4)nc3c2)c1,6.1800
COc1cc(OC)cc(N(C[C@@H](O)C(F)(F)F)c2ccc3ncc(-c4cnn(C)c4)nc3c2)c1,6.1750
COc1cc(OC)cc(N(C[C@H](O)C(F)(F)F)c2ccc3ncc(-c4cnn(C)c4)nc3c2)c1,5.8400
COc1cc(OC)cc(N(Cc2nccn2C)c2ccc3ncc(-c4cnn(C)c4)nc3c2)c1,5.7250
COCC(O)CN(c1cc(OC)cc(OC)c1)c1ccc2ncc(-c3cnn(C(C)C)c3)nc2c1,6.2650
COCC(O)CN(c1cc(OC)cc(OC)c1)c1ccc2ncc(-c3cnn(C(C)C)c3)nc2c1.Cl,6.2650
CNC(=O)c1cc(F)cc(N(CC2CC2)c2ccc3ncc(-c4cnn(C(C)C)c4)nc3c2)c1,6.5050
COc1cc(OC)cc(N(CC2COCC(C)(C)N2)c2ccc3ncc(-c4cnn(C)c4)nc3c2)c1,6.8550
COc1cc(OC)cc(N(C[C@@H](C)N)c2ccc3ncc(-c4cnn(C)c4)nc3c2)c1,6.0300
COc1cc(OC)cc(N(C[C@H](C)N)c2ccc3ncc(-c4cnn(C)c4)nc3c2)c1,6.0650
COc1cc(OC)cc(N(c2ccc3ncc(-c4cnn(C)c4)nc3c2)[C@H](C)CN)c1,6.1950
COc1cc(OC)cc(N(CC2COCCN2)c2ccc3ncc(-c4cnn(C)c4)nc3c2)c1,6.5400
COc1cc(OC)cc(N(c2ccc3ncc(-c4cnn(C)c4)nc3c2)C(C)CNC(C)C)c1,6.5250
COc1cc(OC)cc(N(CC(C)NC(C)C)c2ccc3ncc(-c4cnn(C)c4)nc3c2)c1.Cl,6.3800
COc1cc(O)cc(N(CC2CC2)c2ccc3ncc(-c4cnn(C)c4)nc3c2)c1,6.1050
COc1cc(OC)cc(N(c2ccc3ncc(-c4cnn(C)c4)nc3c2)C(C)CNCC(F)(F)F)c1,6.0950
COc1cc(O)cc(N(CCNC(C)C)c2ccc3ncc(-c4cnn(C)c4)nc3c2)c1,6.6200
COc1cc(OC)cc(N(CCNCC(F)(F)F)c2ccc3ncc(-c4cnn(C)c4)nc3c2)c1,6.2600
CNC(=O)Cn1cc(-c2cnc3ccc(N(CCCNC(C)C)c4cc(OC)cc(OC)c4)cc3n2)cn1,6.1250
COc1cc(O)cc(N(CCCO)c2ccc3ncc(-c4cn[nH]c4)nc3c2)c1,6.2450
COc1cc(OC)cc(N(CCC(=O)NCC(F)(F)F)c2ccc3ncc(-c4cnn(C)c4)nc3c2)c1,6.4550
COc1cc(O)cc(N(CCCNCC(F)(F)F)c2ccc3ncc(-c4cnn(C)c4)nc3c2)c1,6.0650
COc1cc(O)cc(N(CCO)c2ccc3ncc(-c4cnn(C)c4)nc3c2)c1,6.4550
COc1cc(O)cc(N(CCCNCC(F)(F)F)c2ccc3ncc(-c4cn[nH]c4)nc3c2)c1.Cl,5.8200
COc1cc(OC)cc(N(CCCNCC(F)(F)F)c2ccc3ncc(-c4cnn(CCCN)c4)nc3c2)c1.Cl,6.3500
[2H]C([2H])([2H])Oc1cc(OC([2H])([2H])[2H])cc(N(CCCO)c2ccc3ncc(-c4cnn(C)c4)nc3c2)c1,6.6000
COc1cccc(N(CCO)c2ccc3ncc(-c4cnn(C)c4)nc3c2)c1,6.1000
COc1cc(OC)cc(N(CCNC(C)C)c2ccc3ncc(-c4cnn(CCCN)c4)nc3c2)c1.O=C(O)C(F)(F)F,6.4900
[2H]C([2H])([2H])Oc1cc(OC([2H])([2H])[2H])cc(N(CCCNCC(F)(F)F)c2ccc3ncc(-c4cnn(C)c4)nc3c2)c1,6.1700
COc1cc(OC)cc(N(CCN(CCCN)C(C)C)c2ccc3ncc(-c4cnn(C)c4)nc3c2)c1.Cl,5.4100
COc1cccc(N(CCNC(C)C)c2ccc3ncc(-c4cnn(C)c4)nc3c2)c1.Cl,6.3000
COc1cc(OC)cc(N(CCCNCC(F)F)c2ccc3ncc(-c4cnn(C)c4)nc3c2)c1,6.4400
CC(C)NCCN(c1cc(Cl)cc(Cl)c1)c1ccc2ncc(-c3cnn(C)c3)nc2c1,5.2100
COc1cc(OC)cc(N(CCN(C)C)c2ccc3ncc(-c4cnn(C)c4)nc3c2)c1,6.4850
COc1cc(OC)cc(N(CCN2C[C@@H]3C[C@H]2CN3C(=O)OC(C)(C)C)c2ccc3ncc(-c4cnn(C)c4)nc3c2)c1,6.0650
COc1cc(OC)c(Cl)c(N(CCO)c2ccc3ncc(-c4cnn(C)c4)nc3c2)c1Cl,6.4300
COc1cc(OC)cc(N(CCNC(C)C)c2ccc3ncc(-c4cnn(C)c4C)nc3c2)c1,6.4200
COc1cc(OC)cc(N(CCCNCC(C)(F)F)c2ccc3ncc(-c4cnn(C)c4)nc3c2)c1,6.3750
COc1cc(OC)cc(N(CCN2C[C@@H]3C[C@H]2CN3)c2ccc3ncc(-c4cnn(C)c4)nc3c2)c1.Cl,6.5650
COc1cc(OC)c(Cl)c(N(CCNC(C)C)c2ccc3ncc(-c4cnn(C)c4)nc3c2)c1Cl,6.9150
COc1cc(OC)cc(N(CCCNC(=O)C(F)(F)F)c2ccc3ncc(-c4cn[nH]c4)nc3c2)c1.O=C(O)C(F)(F)F,6.8000
COc1cc(OC)cc(N(CC#Cc2ncccn2)c2ccc3ncc(-c4cnn(C)c4)nc3c2)c1,5.2100
COc1cc(OC)cc(N(CC#CC(C)(C)O)c2ccc3ncc(-c4cnn(C)c4)nc3c2)c1,5.9550
COc1cc(OC)cc(N(CCCNC(C)(C)CF)c2ccc3ncc(-c4cnn(C)c4)nc3c2)c1,6.5500
COc1cc(OC)cc(N(CCO)c2ccc3ncc(-c4cnn(C)c4CCO)nc3c2)c1,6.0900
COc1cc(OC)cc(N(CCO)c2ccc3ncc(-c4cnn(C5CCN(C)CC5)c4)nc3c2)c1,5.7100
COc1cc(OC)cc(N(CCNC(C)C)c2ccc3ncc(-c4cnn(C5CCN(C(=O)OC(C)(C)C)CC5)c4)nc3c2)c1,6.0100
COc1cc(OC)cc(N(CC#Cc2nccs2)c2ccc3ncc(-c4cnn(C)c4)nc3c2)c1,5.3400
COc1cc(OC)cc(N(CCNC(C)C)c2ccc3ncc(-c4cnn(C5CCNCC5)c4)nc3c2)c1,5.7500
[2H]C([2H])([2H])Oc1cc(OC([2H])([2H])[2H])cc(N(c2ccc3ncc(-c4cnn(C)c4)nc3c2)C([2H])([2H])C([2H])([2H])O)c1,6.4850
COc1cccc(C#CCN(c2cc(OC)cc(OC)c2)c2ccc3ncc(-c4cnn(C)c4)nc3c2)c1,5.0400
[2H]C([2H])([2H])Oc1cc(OC([2H])([2H])[2H])cc(N(c2ccc3ncc(-c4cnn(C)c4)nc3c2)C([2H])([2H])C([2H])([2H])NC(C)C)c1,6.8350
COc1cc(OC)cc(N(CCCc2ccncc2)c2ccc3ncc(-c4cnn(C)c4)nc3c2)c1,6.5400
COc1cc(OC)cc(N(CCNC(C)C)c2ccc3ncc(-c4cnn(C5CCN(C)CC5)c4)nc3c2)c1.Cl,6.1000
COc1cc(OC)cc(N(CCO)c2ccc3ncc(-c4cnn(C)c4CCCO)nc3c2)c1,5.9800
COc1cc(OC)cc(N(CC#Cc2cccc(CO)n2)c2ccc3ncc(-c4cnn(C)c4)nc3c2)c1,5.7200
COc1cc(OC)cc(N(CC#Cc2cccc(N)n2)c2ccc3ncc(-c4cnn(C)c4)nc3c2)c1,5.6150
COc1cc(OC)cc(N(CCO)c2ccc3ncc(-c4c(C)nn(C)c4C)nc3c2)c1,5.6500
COc1cc(OC)cc(N(CC#Cc2ccnc(N)n2)c2ccc3ncc(-c4cnn(C)c4)nc3c2)c1,5.6500
COc1cc(OC)cc(N(CC#Cc2ccnc(C#N)c2)c2ccc3ncc(-c4cnn(C)c4)nc3c2)c1,5.2900
CCc1c(-c2cnc3ccc(N(CCO)c4cc(OC)cc(OC)c4)cc3n2)cnn1C,6.0600
COc1cc(N(CCNC(C)C)c2ccc3ncc(-c4cnn(C)c4)nc3c2)cc2c1OCO2,6.7750
COc1cc(OC)cc(N(CCN(C)C(C)C)c2ccc3ncc(-c4cnn(C)c4)nc3c2)c1,6.7050
COc1cc(OC)cc(N(CC#CC2(O)CCNC2)c2ccc3ncc(-c4cnn(C)c4)nc3c2)c1,5.9050
[2H]C([2H])([2H])Oc1cc(OC([2H])([2H])[2H])cc(N(CC#Cc2ccncc2)c2ccc3ncc(-c4cnn(C(C)C)c4)nc3c2)c1,5.2300
COc1cc(OC)cc(N(CC#Cc2ccncc2C#N)c2ccc3ncc(-c4cnn(C)c4)nc3c2)c1,5.8400
COc1cc(OC)cc(N(CC#Cc2cc(N)nc(C)n2)c2ccc3ncc(-c4cnn(C)c4)nc3c2)c1,5.7600
COc1cc(OC)cc(N(CCNC(C)C)c2ccc3ncc(-c4c(C)nn(C)c4C)nc3c2)c1.Cl,6.0750
CCc1c(-c2cnc3ccc(N(CCNCC(F)(F)F)c4cc(OC)cc(OC)c4)cc3n2)cnn1C,6.0400
CCc1c(-c2cnc3ccc(N(CCNC(C)C)c4cc(OC)cc(OC)c4)cc3n2)cnn1C.Cl,5.3750
COc1cc(OC)cc(N(CC#Cc2ncccc2N)c2ccc3ncc(-c4cnn(C)c4)nc3c2)c1,6.2450
COc1cc(OC)cc(N(CCNC(C)C)c2ccc3ncc(-c4cn(C)nc4C(F)(F)F)nc3c2)c1.Cl,5.3100
COc1cc(OC)cc(N(CCNC(C)C)c2ccc3ncc(-c4cnn(C)c4CO)nc3c2)c1,5.6500
COc1cc(OC)cc(N(CCNC(C)C)c2ccc3ncc(-c4cnn(CCCN5CCN(CCO)CC5)c4)nc3c2)c1.Cl,5.6200
COC[C@H](O)CN(c1cc(OC)cc(OC)c1)c1ccc2ncc(-c3cnn(C(C)C)c3)nc2c1.Cl,6.1500
COC[C@@H](O)CN(c1cc(OC)cc(OC)c1)c1ccc2ncc(-c3cnn(C(C)C)c3)nc2c1.Cl,5.4900
COc1cc(OC)cc(N(CCN(Cc2ccc(N)cc2)C(C)C)c2ccc3ncc(-c4cnn(C)c4)nc3c2)c1,6.2050
COc1cc(OC)cc(N(CC#Cc2cc(N)ccn2)c2ccc3ncc(-c4cnn(C)c4)nc3c2)c1,5.6800
COc1cc(OC)cc(N(Cc2cc3ncccc3o2)c2ccc3ncc(-c4cnn(C)c4)nc3c2)c1,5.6200
COc1cc(OC)cc(N(CCNC(C)C)c2ccc3ncc(-c4cnn(C)c4CN(C)C)nc3c2)c1,6.0050
[2H]C([2H])([2H])Oc1cc(OC([2H])([2H])[2H])cc(N(c2ccc3ncc(-c4cnn(C)c4)nc3c2)C([2H])([2H])C([2H])([2H])C([2H])([2H])NCC(F)(F)F)c1,6.2250
COc1cc(OC)cc(N(CC#CC2(O)CNC2)c2ccc3ncc(-c4cnn(C)c4)nc3c2)c1,6.0150
[2H]C([2H])([2H])Oc1cc(OC([2H])([2H])[2H])cc(N(c2ccc3ncc(-c4cnn(C)c4)nc3c2)C([2H])([2H])C([2H])([2H])C([2H])([2H])O)c1,6.5900
COc1cc(OC)cc(N(C[C@@H](OC(C)=O)C(F)(F)F)c2ccc3ncc(-c4cnn(C)c4)nc3c2)c1,5.7100
COC[C@H](CN(c1cc(OC)cc(OC)c1)c1ccc2ncc(-c3cnn(C)c3)nc2c1)OC(C)=O,5.9250
COC[C@@H](CN(c1cc(OC)cc(OC)c1)c1ccc2ncc(-c3cnn(C)c3)nc2c1)OC(C)=O,5.8600
COc1cc(OC)cc(N(C[C@@H](O)C(F)(F)F)c2ccc3ncc(-c4cnn(C(C)C)c4)nc3c2)c1,6.2100
COc1cc(OC)cc(N(C[C@H](O)C(F)(F)F)c2ccc3ncc(-c4cnn(C(C)C)c4)nc3c2)c1,6.0000
COc1cc(OC)cc(N(CCNC(C)C)c2ccc3ncc(-c4cnn(CCCN5CCN(CCCO)CC5)c4)nc3c2)c1.Cl,6.8000
C#CCN(c1ccc2ncc(-c3cnn(C)c3)nc2c1)c1c(Cl)c(OC)cc(OC)c1Cl,6.0050
COc1cccnc1C#CCN(c1ccc2ncc(-c3cnn(C)c3)nc2c1)c1c(Cl)c(OC)cc(OC)c1Cl,6.0850
COc1cc(OC)cc(N(CC#Cc2nccc(C)n2)c2ccc3ncc(-c4cnn(C)c4)nc3c2)c1,5.0700
CCc1ccnc(C#CCN(c2cc(OC)cc(OC)c2)c2ccc3ncc(-c4cnn(C)c4)nc3c2)n1,5.1100
COc1cc(OC)cc(N(CC#Cc2cc(CO)ccn2)c2ccc3ncc(-c4cnn(C)c4)nc3c2)c1,5.6600
COc1ccnc(C#CCN(c2ccc3ncc(-c4cnn(C)c4)nc3c2)c2c(Cl)c(OC)cc(OC)c2Cl)n1,5.6600
COc1cc(OC)cc(N(CC#Cc2cnccn2)c2ccc3ncc(-c4cnn(C)c4)nc3c2)c1,5.5100
COc1cc(OC)cc(N(CC#Cc2cc(OC)ncn2)c2ccc3ncc(-c4cnn(C)c4)nc3c2)c1,5.3950
COc1cc(OC)cc(N(CC#CC2CCNCC2)c2ccc3ncc(-c4cnn(C)c4)nc3c2)c1.Cl,5.3300
COc1cc(OC)cc(N(CC#Cc2cc(OC)ccn2)c2ccc3ncc(-c4cnn(C)c4)nc3c2)c1,5.3000
C#CCN(c1cc(OC)cc(OC)c1)c1ccc2ncc(-c3cnn(CC4CCOCC4)c3)nc2c1,5.9500
COc1cc(OC)cc(N(CCCc2nccc(OC)n2)c2ccc3ncc(-c4cnn(C)c4)nc3c2)c1,6.1900
COc1cc(OC)cc(N(C/C=C/c2nccc(OC)n2)c2ccc3ncc(-c4cnn(C)c4)nc3c2)c1,6.2350
COc1cc(OC)cc(N(C[C@@H](O)C(F)(F)F)c2ccc3ncc(-c4cnn(CCCN)c4)nc3c2)c1,6.2050
COc1cc(OC)cc(N(CCC(=O)N(C)OC)c2ccc3ncc(-c4cnn(C)c4)nc3c2)c1,6.0950
COc1cc(OC)cc(N(CC#Cc2nccnc2Cl)c2ccc3ncc(-c4cnn(C)c4)nc3c2)c1,5.5000
COC[C@H](O)CN(c1cc(OC)cc(OC)c1)c1ccc2ncc(-c3cnn(CCCN)c3)nc2c1.Cl,6.2100
COC[C@@H](O)CN(c1cc(OC)cc(OC)c1)c1ccc2ncc(-c3cnn(CCCN)c3)nc2c1.Cl,6.0900
COc1cc(OC)cc(N(C/C=C\c2cc(C)ccn2)c2ccc3ncc(-c4cnn(C)c4)nc3c2)c1,5.5600
CCOc1ccnc(C#CCN(c2cc(OC)cc(OC)c2)c2ccc3ncc(-c4cnn(C)c4)nc3c2)n1,5.1200
COc1cc(OC)cc(N(C/C=C\c2ncccc2OC)c2ccc3ncc(-c4cnn(C)c4)nc3c2)c1,5.7050
CNc1cccnc1C#CCN(c1cc(OC)cc(OC)c1)c1ccc2ncc(-c3cnn(C)c3)nc2c1,5.1100
COc1cc(OC)cc(N(CCCc2ncccn2)c2ccc3ncc(-c4cnn(C)c4)nc3c2)c1,6.3100
COc1cc(OC)cc(N(CCCc2cc(C)ccn2)c2ccc3ncc(-c4cnn(C)c4)nc3c2)c1,6.0000
COc1cc(OC)cc(N(CCCc2ncccc2OC)c2ccc3ncc(-c4cnn(C)c4)nc3c2)c1,5.9650
COc1cc(OC)cc(N(Cc2ncccn2)c2ccc3ncc(-c4cnn(C)c4)nc3c2)c1,5.9650
COc1cc(OC)c(F)c(N(CCO)c2ccc3ncc(-c4cnn(C)c4)nc3c2)c1F,7.4000
COc1cc(OC)cc(N(CC#Cc2ncccc2F)c2ccc3ncc(-c4cnn(C)c4)nc3c2)c1,5.0300
COc1cc(OC)cc(N(C/C=C\c2ncccn2)c2ccc3ncc(-c4cnn(C)c4)nc3c2)c1,6.2950
COc1cc(OC)c(F)c(N(CCNC(C)C)c2ccc3ncc(-c4cnn(C)c4)nc3c2)c1F,7.6849
COc1cc(OC)cc(N(CC#CCO)c2ccc3ncc(-c4cnn(C)c4)nc3c2)c1,6.3350
COc1cc(OC)c(F)c(N(CCCNCC(F)(F)F)c2ccc3ncc(-c4cnn(C)c4)nc3c2)c1F,7.2299
C#CCN(c1ccc2ncc(-c3cnn(C)c3)nc2c1)c1c(F)c(OC)cc(OC)c1F,6.9250
COc1cc(OC)cc(N(Cc2cc3ncccc3[nH]2)c2ccc3ncc(-c4cnn(C)c4)nc3c2)c1,6.1700
COc1cccnc1C#CCN(c1ccc2ncc(-c3cnn(C)c3)nc2c1)c1c(F)c(OC)cc(OC)c1F,5.9700
COc1ccnc(C#CCN(c2ccc3ncc(-c4cnn(C)c4)nc3c2)c2c(F)c(OC)cc(OC)c2F)n1,6.3300
COc1cc(OC)cc(N(CCS(C)(=O)=O)c2ccc3ncc(-c4cnn(C)c4)nc3c2)c1,6.3450
COc1cc(OC)cc(N(CC#Cc2nccc(OC(C)C)n2)c2ccc3ncc(-c4cnn(C)c4)nc3c2)c1,5.0550
COc1cc(OC)cc(N(CC(=O)Nc2cc(O)ccn2)c2ccc3ncc(-c4cnn(C)c4)nc3c2)c1,7.0250
COC(=O)c1ccnc(C#CCN(c2cc(OC)cc(OC)c2)c2ccc3ncc(-c4cnn(C)c4)nc3c2)n1,5.2300
COc1cc(OC)cc(N(CC2CC2c2ccncc2)c2ccc3ncc(-c4cnn(C)c4)nc3c2)c1,6.0450
COc1cc(OC)cc(N(CCC(=O)NC(C)C)c2ccc3ncc(-c4cnn(C)c4)nc3c2)c1,5.9100
COc1cc(OC)cc(N(CCCNCC(N)=O)c2ccc3ncc(-c4cnn(C)c4)nc3c2)c1,6.8250
COc1cc(OC)cc(N(CCNC(C)C)c2ccc3ncc(-c4cnn(CCC#N)c4)nc3c2)c1,7.0800
COc1cc(OC)cc(N(CCNCC(N)=O)c2ccc3ncc(-c4cnn(C)c4)nc3c2)c1,5.9800
COc1cc(OC)cc(N(CCNC(C)C)c2ccc3ncc(-c4cnn(C5CCOCC5)c4)nc3c2)c1,6.5700
COc1cc(OC)cc(N(CC(C)N)c2ccc3ncc(-c4cnn(C)c4)nc3c2)c1,6.0800
COc1cc(OC)cc(N(c2ccc3ncc(-c4cnn(C)c4)nc3c2)C(C)CN)c1,6.2100
COC1=CC(N(CCN(Cc2ccccc2N)C(C)C)c2ccc3ncc(-c4cnn(C)c4)nc3c2)CC(OC)=C1,5.9450
COc1cc(OC)cc(N(CCNC2CC(C)(C)NC(C)(C)C2)c2ccc3ncc(-c4cnn(C)c4)nc3c2)c1,5.6100
COc1ccc(OC)c(N(CCNC(C)C)c2ccc3ncc(-c4cn[nH]c4)nc3c2)c1,5.6600
COc1cc(OC)cc(N(CC#Cc2nccc(OC)n2)c2ccc3ncc(-c4cnn(C)c4)nc3c2)c1,5.6300
COc1cc(OC)cc(N(CC#Cc2cc(Cl)nc(N)n2)c2ccc3ncc(-c4cnn(C)c4)nc3c2)c1,6.1500
COc1cc(OC)cc(N(CC2CC2)c2ccc3ncc(-c4cnn(CCN)c4)nc3c2)c1,6.7900
COCCNC(=O)CN(c1cc(OC)cc(OC)c1)c1ccc2ncc(-c3cnn(C)c3)nc2c1,5.8200
COc1cc(OC)cc(N(CC(=O)N2CCCC2)c2ccc3ncc(-c4cnn(C)c4)nc3c2)c1,5.7200
COc1cc(OC)cc(N(CCN)c2ccc3ncc(-c4cnn(CCO)c4)nc3c2)c1.Cl,7.5699
CNC(=O)c1cc(OC)cc(N(CCCO)c2ccc3ncc(-c4cnn(CCO)c4)nc3c2)c1,7.4400
COc1cc(OC)cc(N(CC(=O)NCCO)c2ccc3ncc(-c4cnn(C)c4)nc3c2)c1,6.3100
COc1cc(OC)cc(N(CC2(O)CCNCC2)c2ccc3ncc(-c4cnn(C)c4)nc3c2)c1,7.0000
COc1ccc(OC)c(N(CCO)c2ccc3ncc(-c4cnn(C)c4)nc3c2)c1.Cl,5.8200
COc1ccc(OC)c(N(CCNC(C)C)c2ccc3ncc(-c4cnn(C)c4)nc3c2)c1,5.7700
CCN(c1ccc2ncc(-c3cnn(C)c3)nc2c1)c1cc(OC)cc(OC)c1Cl,7.3100
CCCN(c1cc(OC)cc(OC)c1)c1ccc2ncc(-c3cnn(C)c3)nc2c1,6.6600
COc1cc(OC)cc(N(CC(C)C)c2ccc3ncc(-c4cnn(C)c4)nc3c2)c1,5.9600
COc1cc(F)cc(N(CC2CC2)c2ccc3ncc(-c4cnn(C)c4)nc3c2)c1,5.8500
COc1cc(OCCO)cc(N(CC2CC2)c2ccc3ncc(-c4cnn(C)c4)nc3c2)c1.Cl,6.7700
COc1cc(OC)cc(N(CC2CCNCC2)c2ccc3ncc(-c4cnn(C)c4)nc3c2)c1,7.2500
COc1cc(OCCO)cc(N(CCCN2CCCC2)c2ccc3ncc(-c4cnn(C)c4)nc3c2)c1.Cl,7.3100
COc1cc(OC)cc(N(CCCN2CCCC2)c2ccc3ncc(-c4cn[nH]c4)nc3c2)c1.Cl,7.7001
COc1cc(OC)cc(N(CCCN2CCC(O)C2)c2ccc3ncc(-c4cnn(C)c4)nc3c2)c1,8.0500
COc1cc(OC)cc(N(CCCN2CCC(N)C2)c2ccc3ncc(-c4cnn(C)c4)nc3c2)c1.Cl,7.8000
COc1cc(OC)cc(N(CCN2CCC(O)C2)c2ccc3ncc(-c4cnn(C)c4)nc3c2)c1,7.4800
COc1cc(OC)cc(N(CCCN2CCC(N3CCCCC3)C2)c2ccc3ncc(-c4cnn(C)c4)nc3c2)c1.Cl,7.4400
COc1cc(OC)cc(N(CCCN2CCC[C@H]2CO)c2ccc3ncc(-c4cnn(C)c4)nc3c2)c1.Cl,7.5200
COc1ccc(Cl)c(N(CCO)c2ccc3ncc(-c4cnn(C)c4)nc3c2)c1.Cl,7.0400
COc1ccc(OC)c(N(CCO)c2ccc3ncc(-c4cnn(C)c4)nc3c2)c1,5.8200
COc1cc(OC)cc(N(CC(O)CNC(C)C)c2ccc3ncc(-c4cnn(C)c4)nc3c2)c1.Cl,6.7000
COc1cc(OC)c(Cl)c(N(CCO)c2ccc3ncc(-c4cnn(C)c4)nc3c2)c1.Cl,7.6801
COc1ccc(OC)c(N(CCNC(C)C)c2ccc3ncc(-c4cnn(C)c4)nc3c2)c1.Cl,5.7700
COc1cc(OC)cc(N(CCN2CCC[C@@H]2CO)c2ccc3ncc(-c4cnn(C)c4)nc3c2)c1.Cl,7.0900
COc1cc(OC)cc(N(CCN2CCC[C@H]2CO)c2ccc3ncc(-c4cnn(C)c4)nc3c2)c1.Cl,7.6000
CCN(CC)Cc1cc(OC)cc(N(CC2CC2)c2ccc3ncc(-c4cnn(C)c4)nc3c2)c1,5.2100
COc1cc(OC)cc(N(CC2CC2)c2ccc3ncc(-c4cn[nH]c4)nc3c2)c1,6.3900
COc1cc(OC)cc(N(CC2CC2)c2ccc3ncc(-c4cnn(CC(C)C)c4)nc3c2)c1,6.1700
COCCn1cc(-c2cnc3ccc(N(CC4CC4)c4cc(OC)cc(OC)c4)cc3n2)cn1,6.6700
COc1cc(OC)cc(N(CC2CC2)c2ccc3ncc(-c4cnn(CCCN)c4)nc3c2)c1,7.1800
COc1cc(OC)cc(N(CC2CC2)c2ccc3ncc(-c4cnn(CCO)c4)nc3c2)c1,6.9200
COc1cc(OC)cc(N(CC2CCCC2)c2ccc3ncc(-c4cnn(C)c4)nc3c2)c1,5.8200
Cn1cc(-c2cnc3ccc(N(CC4CC4)c4cccc(OC(F)F)c4)cc3n2)cn1,6.1800
CNC(=O)Cn1cc(-c2cnc3ccc(N(CC4CC4)c4cc(OC)cc(OC)c4)cc3n2)cn1,6.6500
COc1cc(OC)cc(N(CC2CC2)c2ccc3ncc(-c4cnn(S(C)(=O)=O)c4)nc3c2)c1,5.7400
CC(C)Oc1cccc(N(CC2CC2)c2ccc3ncc(-c4cnn(C)c4)nc3c2)c1,5.9200
COc1cc(OC)cc(N(CC2OCCO2)c2ccc3ncc(-c4cnn(C)c4)nc3c2)c1,6.6200
COCCN(c1cccc(OC)c1)c1ccc2ncc(-c3cnn(C)c3)nc2c1,6.4800
COc1cccc(N(CC2CC2)c2ccc3ncc(-c4cnn(C)c4)nc3c2)c1OC,6.9700
CNC(=O)C(C)(C)n1cc(-c2cnc3ccc(N(CC4CC4)c4cc(OC)cc(OC)c4)cc3n2)cn1,6.4600
CNCCN(c1cc(OC)cc(OC)c1)c1ccc2ncc(-c3cnn(C)c3)nc2c1,7.1500
COc1cc(OC)cc(N(CCN)c2ccc3ncc(-c4cnn(C)c4)nc3c2)c1,7.0800
CCOC(=O)CN(c1cc(OC)cc(OC)c1)c1ccc2ncc(-c3cnn(C)c3)nc2c1,6.4600
COc1cc(OC)cc(N(CC2CC2)c2ccc3ncc(-c4cnn(CCCN5CCOCC5)c4)nc3c2)c1.Cl,6.6800
COc1cc(OC)cc(N(CC2CC2)c2ccc3ncc(-c4cnn(C5CCN(S(C)(=O)=O)CC5)c4)nc3c2)c1,6.5900
COc1cc(OC)cc(N(CC2CC2)c2ccc3ncc(-c4cnn(CC(C)(C)O)c4)nc3c2)c1,6.9100
COc1cc(OC)cc(N(CC2CC2)c2ccc3ncc(-c4cnn(CC5(O)CCNCC5)c4)nc3c2)c1,7.2600
COc1cc(OC)cc(N(CC(N)=O)c2ccc3ncc(-c4cnn(C)c4)nc3c2)c1,6.0500
COc1cc(Cl)cc(N(CC2CC2)c2ccc3ncc(-c4cnn(C)c4)nc3c2)c1,6.1400
COc1cc(CN)cc(N(CC2CC2)c2ccc3ncc(-c4cnn(C)c4)nc3c2)c1.Cl,5.9100
COc1cc(OC)cc(N(CC2CC2)c2ccc3ncc(-c4cnn(C(C)(C)C(=O)NCCO)c4)nc3c2)c1,6.4700
COCCNC(=O)C(C)(C)n1cc(-c2cnc3ccc(N(CC4CC4)c4cc(OC)cc(OC)c4)cc3n2)cn1,6.4900
COc1cc(OC)cc(N(CC2CC2)c2ccc3ncc(-c4cnn(CC(=O)NCCO)c4)nc3c2)c1,6.7800
COCCNC(=O)Cn1cc(-c2cnc3ccc(N(CC4CC4)c4cc(OC)cc(OC)c4)cc3n2)cn1,6.3500
COc1cc(OC)cc(N(Cc2cc(C)on2)c2ccc3ncc(-c4cnn(C)c4)nc3c2)c1,7.2800
COc1cc(OC)cc(N(Cc2ccc(Cl)s2)c2ccc3ncc(-c4cnn(C)c4)nc3c2)c1,6.4900
COc1cc(OC)cc(N(C[C@@H]2CCCN2)c2ccc3ncc(-c4cnn(C)c4)nc3c2)c1,7.3800
CNCCN(c1cc(OC)cc(OC)c1)c1ccc2ncc(-c3cnn(CC(=O)NC)c3)nc2c1.Cl,7.3700
COc1cc(OC)cc(N(CC2CC2)c2ccc3ncc(-c4cnn(CCNS(=O)(=O)N(C)C)c4)nc3c2)c1,6.2000
COc1cc(OCC2CC2)cc(N(CC2CC2)c2ccc3ncc(-c4cnn(C)c4)nc3c2)c1.Cl,6.0000
CNCCN(c1cc(OC)cc(OC)c1)c1ccc2ncc(-c3cnn(CCS(C)(=O)=O)c3)nc2c1,7.1800
CNCCN(c1cc(OC)cc(OC)c1)c1ccc2ncc(-c3cn[nH]c3)nc2c1,7.1600
COc1cc(OC)cc(N(CCNC2CC2)c2ccc3ncc(-c4cnn(C)c4)nc3c2)c1,7.6899
CNCCOc1cc(OC)cc(N(CC2CC2)c2ccc3ncc(-c4cnn(C)c4)nc3c2)c1,5.9600
CNCCN(c1cc(OC)cc(OCCO)c1)c1ccc2ncc(-c3cnn(C)c3)nc2c1.Cl,6.7600
COc1cc(F)cc(N(CC2CC2)c2ccc3ncc(-c4cn[nH]c4)nc3c2)c1,6.2300
COc1cc(OC)cc(N(CCN)c2ccc3ncc(-c4cn[nH]c4)nc3c2)c1.Cl,7.0700
COc1cc(OCCO)cc(N(CC2CC2)c2ccc3ncc(-c4cn[nH]c4)nc3c2)c1,6.5300
Cl.c1ccc(N(CC2CC2)c2ccc3ncc(-c4cn[nH]c4)nc3c2)cc1,6.0400
COc1cc(OC)cc(N(CCC(=O)O)c2ccc3ncc(-c4cnn(C)c4)nc3c2)c1.Cl,7.2400
CNCCN(c1cc(OC)cc(OC)c1)c1ccc2ncc(-c3cnn(CCO)c3)nc2c1,7.1300
COc1cc(OCCO)cc(N(CC2CC2)c2ccc3ncc(-c4cnn(CCS(C)(=O)=O)c4)nc3c2)c1,6.5400
COc1cc(OC)cc(N(CC2CC2)c2ccc3ncc(-c4cnn(CCF)c4)nc3c2)c1,6.5900
COc1cc(OC)cc(N(CC(=O)NCCN2CCCC2)c2ccc3ncc(-c4cnn(C)c4)nc3c2)c1,6.1200
COc1cc(OC)cc(N(CCc2nnn[nH]2)c2ccc3ncc(-c4cnn(C)c4)nc3c2)c1,7.1000
COc1cc(F)cc(N(CC2CC2)c2ccc3ncc(-c4cnn(CCO)c4)nc3c2)c1,6.1600
COc1cc(OC)cc(N(CCN2CCC[C@H]2C(=O)O)c2ccc3ncc(-c4cnn(C)c4)nc3c2)c1.Cl,7.1500
CNC(=O)c1cc(OC)cc(N(CCCN2CCCC2)c2ccc3ncc(-c4cnn(CCO)c4)nc3c2)c1,7.1700
COc1cc(OC)cc(N(CCn2cccn2)c2ccc3ncc(-c4cnn(C)c4)nc3c2)c1,6.3300
COc1cc(OC)cc(N(Cc2ccccc2Cl)c2ccc3ncc(-c4cnn(C)c4)nc3c2)c1,6.2300
Cn1cc(-c2cnc3ccc(N(CC4CC4)c4ccccc4)cc3n2)cn1,6.3400
CCOC(=O)Cn1cc(CN(c2cc(OC)cc(OC)c2)c2ccc3ncc(-c4cnn(C)c4)nc3c2)nn1,6.5900
OCCn1cc(-c2cnc3ccc(N(CC4CC4)c4ccccc4)cc3n2)cn1,6.6400
COc1cc(OC)cc(N(Cc2cccc(Cl)c2)c2ccc3ncc(-c4cnn(C)c4)nc3c2)c1,6.1400
COc1cc(OC)cc(N(Cc2ccccc2)c2ccc3ncc(-c4cnn(C)c4)nc3c2)c1,6.1600
COc1cc(OC)cc(N(Cc2csc(C)n2)c2ccc3ncc(-c4cn[nH]c4)nc3c2)c1,6.8600
COc1cc(OCCO)cc(N(CCN)c2ccc3ncc(-c4cnn(C)c4)nc3c2)c1.Cl,6.6200
C=Cc1cc(OC)cc(N(CC2CC2)c2ccc3ncc(-c4cnn(C)c4)nc3c2)c1.Cl,6.1100
COCCc1cc(OC)cc(N(CC2CC2)c2ccc3ncc(-c4cnn(C)c4)nc3c2)c1.Cl,6.0000
COc1cc(C2OCCO2)cc(N(CC2CC2)c2ccc3ncc(-c4cnn(C)c4)nc3c2)c1,6.1300
CNC(=O)Cn1cc(-c2ccc3ncc(N(CCN)c4cc(OC)cc(OC)c4)nc3c2)cn1,7.0400
COc1cc(OC)cc(N(CCCNCC(F)(F)F)c2ccc3ncc(-c4cnn(C)c4)nc3c2)c1,6.6600
COc1ccc(Cl)c(N(CCO)c2ccc3ncc(-c4cn[nH]c4)nc3c2)c1.Cl,6.6400
COc1cc(F)cc(N(CCO)c2ccc3ncc(-c4cn[nH]c4)nc3c2)c1,6.7400
COc1cc(OC)cc(N(CC(=O)NCCN)c2ccc3ncc(-c4cnn(C)c4)nc3c2)c1.Cl,6.1300
COc1cc(OC)cc(N(CC2CN(Cc3ccccc3)CCO2)c2ccc3ncc(-c4cnn(C)c4)nc3c2)c1,6.4300
COc1cc(OC)cc(N(CCn2ccnc2C)c2ccc3ncc(-c4cnn(C)c4)nc3c2)c1,6.2400
COc1cc(OC)cc(N(CCN2CCCC2=O)c2ccc3ncc(-c4cnn(C)c4)nc3c2)c1,6.5800
COc1cc(OC)cc(N(Cc2cc(C)n(C)n2)c2ccc3ncc(-c4cnn(C)c4)nc3c2)c1,6.6100
COc1cc(OC)cc(N(CCn2c(C)cnc2C)c2ccc3ncc(-c4cnn(C)c4)nc3c2)c1,6.1700
COc1cc(F)cc(N(CCCNCC(F)(F)F)c2ccc3ncc(-c4cnn(C)c4)nc3c2)c1,6.5700
COc1cc(OC)cc(N(Cc2cccc(Br)n2)c2ccc3ncc(-c4cnn(C)c4)nc3c2)c1,6.5700
CNC(=O)c1cc(F)cc(N(CC(C)(C)O)c2ccc3ncc(-c4cnn(C)c4)nc3c2)c1,7.0200
CNC(=O)c1cc(OC)cc(N(CC(C)(C)O)c2ccc3ncc(-c4cnn(C)c4)nc3c2)c1,6.7200
CNC(=O)c1cc(F)cc(N(CCNC(C)C)c2ccc3ncc(-c4cnn(C)c4)nc3c2)c1,7.9602
COc1cc(OC)cc(N(Cc2nccn2S(=O)(=O)N(C)C)c2ccc3ncc(-c4cnn(C)c4)nc3c2)c1,6.6000
CCn1ccnc1CN(c1cc(OC)cc(OC)c1)c1ccc2ncc(-c3cnn(C)c3)nc2c1,6.5200
COc1cc(OC)cc(N(c2ccc3ncc(-c4cnn(C)c4)nc3c2)[C@@H](C)CN)c1,6.5700
COc1cc(OC)cc(N(CC#Cc2ccncc2)c2ccc3ncc(-c4cnn(C)c4)nc3c2)c1,6.0000
COc1cc(OC)cc(N(CC2(CNC(C)C)COC2)c2ccc3ncc(-c4cnn(C)c4)nc3c2)c1,6.2300
COc1cc(OC)cc(N(CC(C)NCC(F)(F)F)c2ccc3ncc(-c4cnn(C)c4)nc3c2)c1,6.9600
COc1cc(OC)cc(N(CCCNCC(F)(F)F)c2ccc3ncc(-c4cn[nH]c4)nc3c2)c1,6.8700
COc1cc(O)cc(N(CCN)c2ccc3ncc(-c4cnn(C)c4)nc3c2)c1,7.1100
COc1cc(O)cc(N(CCNC(C)C)c2ccc3ncc(-c4cn[nH]c4)nc3c2)c1.Cl,7.3400
COc1cc(OC)cc(N(CC(=O)NC(C)C)c2ccc3ncc(-c4cnn(C)c4)nc3c2)c1,6.3900
COc1cc(OC)cc(N(CC#Cc2cccnc2)c2ccc3ncc(-c4cnn(C)c4)nc3c2)c1,6.0600
COc1cc(OC)cc(N(CC#Cc2ccccn2)c2ccc3ncc(-c4cnn(C)c4)nc3c2)c1,6.2000
COc1cc(OC)cc(N(CCNCCC(F)(F)F)c2ccc3ncc(-c4cnn(C)c4)nc3c2)c1,6.9800
Cn1cc(-c2cnc3ccc(N(CCCNCC(F)(F)F)c4cc(Cl)cc(Cl)c4)cc3n2)cn1,6.0800
COc1cc(N(CCCNCC(F)(F)F)c2ccc3ncc(-c4cnn(C)c4)nc3c2)cc(F)c1F.Cl,6.2100
COc1cc(OC)cc(N(CCO)c2ccc3ncc(-c4cnn(C5CCNCC5)c4)nc3c2)c1,7.4000
COc1cc(OC)cc(N(CCF)c2ccc3ncc(-c4cnn(C)c4)nc3c2)c1,7.2300
COc1cc(OC)cc(N(CCO)c2ccc3ncc(-c4cnn(C5CCN(C(=O)OC(C)(C)C)CC5)c4)nc3c2)c1,7.3300
COc1cc(OC)cc(N(CC#Cc2cc(C#N)ccn2)c2ccc3ncc(-c4cnn(C)c4)nc3c2)c1,5.7800
COc1cc(OC)cc(N(CC#Cc2cccc(C#N)n2)c2ccc3ncc(-c4cnn(C)c4)nc3c2)c1,6.5200
COc1cc(OC)cc(N(CCCO)c2ccc3ncc(-c4c(C)nn(C)c4C)nc3c2)c1,6.1700
COc1cc(OC)cc(N(CC#CC2(O)CCNCC2)c2ccc3ncc(-c4cnn(C)c4)nc3c2)c1,7.0100
COc1cc(OC)cc(N(CC#Cc2ncccc2OC)c2ccc3ncc(-c4cnn(C(C)C)c4)nc3c2)c1,6.5400
COc1cc(OC)cc(N(C[C@H](OC(C)=O)C(F)(F)F)c2ccc3ncc(-c4cnn(C)c4)nc3c2)c1,6.0000
COc1cc(OC)cc(N(CC#Cc2cnc(N)cn2)c2ccc3ncc(-c4cnn(C)c4)nc3c2)c1,6.4200
COc1cc(OC)cc(N(CC#Cc2cc(C(N)=O)ccn2)c2ccc3ncc(-c4cnn(C)c4)nc3c2)c1,6.1000
COc1cc(OC)cc(N(CC#CC2(O)CCOCC2)c2ccc3ncc(-c4cnn(C)c4)nc3c2)c1,6.0600
COc1cc(OC)cc(N(CC#Cc2nccnc2OC)c2ccc3ncc(-c4cnn(C)c4)nc3c2)c1,6.1000
COc1cc(OC)cc(N(CC#CC2(O)CCOC2)c2ccc3ncc(-c4cnn(C)c4)nc3c2)c1,6.0200
COc1cc(OC)cc(N(C[C@H](O)C(F)(F)F)c2ccc3ncc(-c4cnn(CCCN)c4)nc3c2)c1,7.0500
COc1cc(OC)cc(N(Cc2nc(OC)cc(OC)n2)c2ccc3ncc(-c4cnn(C)c4)nc3c2)c1,6.4900
COc1cc(OC)cc(N(Cc2cccc(OC)n2)c2ccc3ncc(-c4cnn(C)c4)nc3c2)c1,6.3700
COc1cc(OC)cc(N(CC#Cc2cccnc2Br)c2ccc3ncc(-c4cnn(C)c4)nc3c2)c1,6.0300
COc1cc(OC)cc(N(CC#Cc2ncccc2C)c2ccc3ncc(-c4cnn(C)c4)nc3c2)c1,6.2500
COc1cc(OC)cc(N(Cc2cc3ncccc3n2C)c2ccc3ncc(-c4cnn(C)c4)nc3c2)c1,6.6100
COc1cc(OC)cc(N(CC(=O)Nc2nccc(OC)n2)c2ccc3ncc(-c4cnn(C)c4)nc3c2)c1,6.1500
COc1cc(OC)cc(N(c2ccc3ncc(-c4cnn(C)c4)nc3c2)S(=O)(=O)N(C)C)c1,6.6100
COc1cc(OC)cc(N(CCCNCCC#N)c2ccc3ncc(-c4cnn(C)c4)nc3c2)c1,7.6801
Cl.Cn1cc(-c2cnc3ccc(N(CC4CC4)c4cccc(OC(F)(F)F)c4)cc3n2)cn1,5.8000
COc1cc(N(CC2CC2)c2ccc3ncc(-c4cnn(C)c4)nc3c2)cc(C(F)(F)F)c1,5.3000
CN(C)c1cccc(N(CC2CC2)c2ccc3ncc(-c4cnn(C)c4)nc3c2)c1.Cl,6.2000
COc1cc(C(=O)N2CCCC2)cc(N(CC2CC2)c2ccc3ncc(-c4cnn(C)c4)nc3c2)c1,6.2000
COc1cc(OC)cc(N(CCn2cccc2)c2ccc3ncc(-c4cnn(C)c4)nc3c2)c1.Cl,6.3100
COc1cc(OC)cc(N(CCn2cnnc2)c2ccc3ncc(-c4cnn(C)c4)nc3c2)c1,6.2900
CNC(=O)c1cc(OC)cc(N(CC(O)CO)c2ccc3ncc(-c4cnn(C)c4)nc3c2)c1,7.2600
CCOCc1cc(OC)cc(N(CC2CC2)c2ccc3ncc(-c4cnn(C)c4)nc3c2)c1,6.2100
COc1cc(CN(C)C)cc(N(CC2CC2)c2ccc3ncc(-c4cnn(C)c4)nc3c2)c1,6.0900
COCc1cc(OC)cc(N(CC2CC2)c2ccc3ncc(-c4cnn(C)c4)nc3c2)c1,6.1600
Br.COc1cc(OC)cc(N(CCP(=O)(O)O)c2ccc3ncc(-c4cnn(C)c4)nc3c2)c1,7.3200
COc1cc(OC)cc(N(CCn2cnc(C)n2)c2ccc3ncc(-c4cnn(C)c4)nc3c2)c1,6.0900
CCN(C)Cc1cc(OC)cc(N(CC2CC2)c2ccc3ncc(-c4cnn(C)c4)nc3c2)c1,6.1400
COc1cc(N(CCCN)c2ccc3ncc(-c4cnn(C)c4)nc3c2)cc(OC)c1C(O)C(F)(F)F,6.2500
COC1=CC(N(CCO)c2ccc3ncc(-c4cn(C)nc4C(F)(F)F)nc3c2)CC(OC)=C1,6.2600
COc1cc(OC)cc(N(Cc2cccc(N(C)C)n2)c2ccc3ncc(-c4cnn(C)c4)nc3c2)c1,6.0800
COc1cc(OC)cc(N(CC2CCN(CC(F)(F)F)CC2)c2ccc3ncc(-c4cnn(C)c4)nc3c2)c1,6.3100
COc1cc(OC)cc(N(C[C@@H]2C[C@H]2c2ccccn2)c2ccc3ncc(-c4cnn(C)c4)nc3c2)c1,6.4700
COc1cc(OC)cc(N(C[C@H]2C[C@@H]2c2ccccn2)c2ccc3ncc(-c4cnn(C)c4)nc3c2)c1,6.7500
COc1cc(OC)cc(N(CCn2cccc2)c2ccc3ncc(-c4cnn(C)c4)nc3c2)c1,6.3100
COc1cc(OC)cc(N(CC#Cc2cncn2C)c2ccc3ncc(-c4cnn(C)c4)nc3c2)c1,7.6300
CNc1cc(O)c2c(c1)/C=C/C[C@H](O)[C@H](O)C(=O)/C=C\[C@@H](C)[C@H](C)OC2=O,6.3010
COc1cc(-c2ccc3c(-c4cc(OC)c(OC)c(OC)c4)n[nH]c3c2)ccc1O,5.5850
COc1cc(-c2ccc3c(-c4ccccc4)n[nH]c3c2)ccc1O,6.4472
COc1cc(-c2ccc3c(/C=C/c4ccc(OC)c(OC)c4)n[nH]c3c2)ccc1O,9.1109
COc1cc(-c2ccc3c(-c4cc5ccccc5[nH]4)n[nH]c3c2)ccc1O,7.8094
C(=C\c1n[nH]c2cc(Oc3ccccc3)ccc12)/c1ccccc1,8.0666
COCOc1ccc(Oc2ccc3c(/C=C/c4ccccc4)n[nH]c3c2)cc1,7.1427
C=CCOc1cc(-c2ccc3c(/C=C/c4ccc(OC)c(OC)c4)n[nH]c3c2)ccc1O,8.5909
COc1cc(-c2ccc3c(-c4ccc5ccccc5c4)n[nH]c3c2)ccc1O,7.3979
Oc1ccc(-c2ccc3c(/C=C/c4ccccc4)n[nH]c3c2)cc1OCc1ccccc1,8.6576
C(=C\c1n[nH]c2cc(Sc3ccccc3)ccc12)/c1ccccc1,8.1905
Oc1cccc(Oc2ccc3c(/C=C/c4ccccc4)n[nH]c3c2)c1,8.2078
Oc1ccc(Oc2ccc3c(/C=C/c4ccccc4)n[nH]c3c2)cc1,7.6198
Oc1ccc(-c2ccc3c(-c4cc5ccccc5o4)n[nH]c3c2)cc1OCc1ccccc1,7.3979
C=C(c1ccccc1)c1ccc2c(/C=C/c3ccccc3)n[nH]c2c1,8.0458
CC(=O)Nc1cccc(Sc2ccc3c(/C=C/c4ccccc4)n[nH]c3c2)c1,7.7169
O=C(Nc1cccc(Sc2ccc3c(/C=C/c4ccccc4)n[nH]c3c2)c1)c1ccccc1,8.4464
CN(c1ccccc1)c1ccc2c(/C=C/c3ccccc3)n[nH]c2c1,7.8239
Nc1cccc(Oc2ccc3c(/C=C/c4ccccc4)n[nH]c3c2)c1,7.7447
O=C(c1ccccc1)c1ccc2c(/C=C/c3ccccc3)n[nH]c2c1,7.9586
Brc1cccc(Oc2ccc3c(/C=C/c4ccccc4)n[nH]c3c2)c1,7.9586
O=C(Nc1cccc(Oc2ccc3c(/C=C/c4ccccc4)n[nH]c3c2)c1)c1ccccc1,9.0205
C=C(c1cccc(NC(C)=O)c1)c1ccc2c(/C=C/c3ccccc3)n[nH]c2c1,8.7368
C=C(c1cccc(N)c1)c1ccc2c(/C=C/c3ccccc3)n[nH]c2c1,8.3372
CN(c1cccc(N)c1)c1ccc2c(/C=C/c3ccccc3)n[nH]c2c1,7.9208
C=C(c1cccc(NC(=O)c2ccccc2)c1)c1ccc2c(/C=C/c3ccccc3)n[nH]c2c1,9.0607
C=C(c1cccc(NC(=O)c2ncc(C)s2)c1)c1ccc2c(/C=C/c3ccccc3)n[nH]c2c1,9.6783
C=C(c1cccc(NC(=O)OCc2ccccc2)c1)c1ccc2c(/C=C/c3ccccc3)n[nH]c2c1,9.1938
CC(=O)Nc1cccc(Oc2ccc3c(/C=C/c4ccccc4)n[nH]c3c2)c1,9.0317
CC(=O)Nc1cccc(N(C)c2ccc3c(/C=C/c4ccccc4)n[nH]c3c2)c1,8.4529
Nc1cccc(C(=O)c2ccc3c(/C=C/c4ccccc4)n[nH]c3c2)c1,7.9031
O=C(Nc1cccc(C(=O)c2ccc3c(/C=C/c4ccccc4)n[nH]c3c2)c1)c1ccccc1,8.7451
CC(=O)Nc1cccc(C(=O)c2ccc3c(/C=C/c4ccccc4)n[nH]c3c2)c1,8.0138
CN(c1cccc(NC(=O)OCc2ccccc2)c1)c1ccc2c(/C=C/c3ccccc3)n[nH]c2c1,8.7959
Cc1cnc(C(=O)Nc2cccc(C(=O)c3ccc4c(/C=C/c5ccccc5)n[nH]c4c3)c2)s1,9.1427
Cc1cnc(C(=O)Nc2cccc(Oc3ccc4c(/C=C/c5ccccc5)n[nH]c4c3)c2)s1,10.5229
Cc1cnc(C(=O)Nc2cccc(N(C)c3ccc4c(/C=C/c5ccccc5)n[nH]c4c3)c2)s1,9.4089
O=C(Nc1cccc(Nc2ccc3c(/C=C/c4ccccc4)n[nH]c3c2)c1)c1ccccc1,8.8861
CN(c1cccc(NC(=O)c2ccccc2)c1)c1ccc2c(/C=C/c3ccc4c(c3)OCO4)n[nH]c2c1,10.0969
O=C(Nc1cccc(Oc2ccc3c(/C=C/c4ccc(Cl)cc4)n[nH]c3c2)c1)c1ccccc1,9.1308
Cc1cccc(C(=O)Nc2cccc(Oc3ccc4c(/C=C/c5ccccc5)n[nH]c4c3)c2)c1,9.0458
Cc1cccc(C(=O)Nc2cccc(N(C)c3ccc4c(/C=C/c5ccc6c(c5)OCO6)n[nH]c4c3)c2)c1,9.4685
CN(c1cccc(NC(=O)c2cccc(C(F)(F)F)c2)c1)c1ccc2c(/C=C/c3ccc4c(c3)OCO4)n[nH]c2c1,9.3665
CC(=O)c1cccc(C(=O)Nc2cccc(N(C)c3ccc4c(/C=C/c5ccc6c(c5)OCO6)n[nH]c4c3)c2)c1,8.8861
O=C(Nc1cccc(Oc2ccc3c(/C=C/c4cccs4)n[nH]c3c2)c1)c1ccccc1,8.7696
O=C(c1cccc(NC(=O)c2cccc3[nH]ccc23)c1)c1ccc2c(/C=C/c3ccccc3)n[nH]c2c1,9.7447
O=C(Nc1cccc(Oc2ccc3c(/C=C/c4ccco4)n[nH]c3c2)c1)c1ccccc1,9.0809
Cc1ccc2cc(NC(=O)c3ccccc3Sc3ccc4c(/C=C/c5ccccc5)n[nH]c4c3)ccc2n1,9.6576
O=C(c1cccc(NC(=O)c2cccc3[nH]ccc23)c1)c1ccc2c(/C=N/n3cccc3)n[nH]c2c1,10.2076
O=C(Nc1cccc(C(=O)c2ccc3c(/C=C/c4ccccn4)n[nH]c3c2)c1)c1ccccc1,10.3372
O=C(Nc1cccc(C(=O)c2ccc3c(-c4nc5ccccc5[nH]4)n[nH]c3c2)c1)c1ccccc1,9.4559
Cc1ccc2cc(NC(=O)c3ccccc3Sc3ccc4c(/C=C/c5ccccn5)n[nH]c4c3)ccc2n1,9.1805
O=C(c1cccc(NC(=O)c2ccno2)c1)c1ccc2c(/C=C/c3ccccc3)n[nH]c2c1,9.4815
O=C(c1cccc(NC(=O)c2cccc(Cl)n2)c1)c1ccc2c(/C=C/c3ccccc3)n[nH]c2c1,9.1675
O=C(c1cccc(NC(=O)c2cc(Cl)ccn2)c1)c1ccc2c(/C=C/c3ccccc3)n[nH]c2c1,9.2676
O=C(Nc1ccccc1)c1ccccc1Sc1ccc2c(/C=C/c3ccccn3)n[nH]c2c1,9.5528
O=C(Nc1cccc(Cl)c1)c1ccccc1Sc1ccc2c(/C=C/c3ccccn3)n[nH]c2c1,9.8539
O=C(c1cccc(NC(=O)c2ccccn2)c1)c1ccc2c(/C=C/c3ccccn3)n[nH]c2c1,9.9586
O=C(Nc1cccc(C(=O)c2ccc3c(/C=C/c4ccccn4)n[nH]c3c2)c1)c1ccncc1,9.5850
O=C(Nc1cccc(C(=O)c2ccc3c(/C=N/n4cnnc4)n[nH]c3c2)c1)c1ccccc1,8.9586
O=C(Nc1cccc(C(=O)c2ccc3c(-c4nc5cccnc5[nH]4)n[nH]c3c2)c1)c1ccccc1,8.7696
O=CNc1ccccc1/C=C/c1n[nH]c2cc(C(=O)c3cccc(NC(=O)c4ccccc4)c3)ccc12,8.5850
C/C=C/C(=O)Nc1cccc(C(=O)c2ccc3c(/C=C/c4ccccn4)n[nH]c3c2)c1,9.6576
O=C(c1cccc(NC(=O)c2cccc3[nH]ccc23)c1)c1ccc2c(/C=C/c3ccccn3)n[nH]c2c1,10.0315
CCn1nc(C)cc1C(=O)Nc1cccc(C(=O)c2ccc3c(/C=C/c4ccccn4)n[nH]c3c2)c1,10.5229
CNC(C(=O)Nc1cccc(C(=O)c2ccc3c(/C=C/c4ccccc4)n[nH]c3c2)c1)c1ccccc1,8.8239
CC(=O)c1ccc(C(=O)Nc2cccc(C(=O)c3ccc4c(/C=C/c5ccccn5)n[nH]c4c3)c2)s1,9.6576
O=C(Cc1cc(F)cc(F)c1)Nc1cccc(C(=O)c2ccc3c(/C=C/c4ccccn4)n[nH]c3c2)c1,9.9586
Cc1cc(C(=O)Nc2cccc(C(=O)c3ccc4c(/C=C/c5ccccn5)n[nH]c4c3)c2)n[nH]1,10.0000
O=C(Nc1cccc(Oc2ccc3c(/C=C/c4ccccc4)n[nH]c3c2)c1)c1cccc2[nH]ccc12,9.4318
CCn1nc(C)cc1C(=O)Nc1cccc(Oc2ccc3c(/C=C/c4ccccc4)n[nH]c3c2)c1,9.4318
O=C(NC1CC1)c1ccccc1Sc1ccc2c(/C=C/c3ccccn3)n[nH]c2c1,8.7696
O=C(NCC(F)(F)F)c1ccccc1Sc1ccc2c(/C=C/c3ccccn3)n[nH]c2c1,8.0969
O=C(Nc1cc(Nc2ccc3c(/C=C/c4ccccc4)n[nH]c3c2)ccc1F)c1ccccc1,9.6021
O=C(Nc1cccc(Oc2ccc3c(/C=C/c4ccccn4)n[nH]c3c2)c1)c1ccccc1,9.5376
O=C(c1cccc(NC(=O)C2CC2)c1)c1ccc2[nH]nc(/C=C/c3ccccn3)c2c1,8.5302
O=C(c1cccc(NC(=O)C2C[C@H]2c2ccccc2)c1)c1ccc2c(/C=C/c3ccccn3)n[nH]c2c1,10.3979
Cc1cc(C(=O)Nc2cccc(C(=O)c3ccc4c(/C=C/c5ccccn5)n[nH]c4c3)c2)on1,9.1249
Cn1nc(C(C)(C)C)cc1C(=O)Nc1cccc(C(=O)c2ccc3c(/C=C/c4ccccn4)n[nH]c3c2)c1,9.6990
O=C(c1cccc(NC(=O)c2ccc(Cl)s2)c1)c1ccc2c(/C=C/c3ccccn3)n[nH]c2c1,10.3010
CCn1nc(C)cc1C(=O)Nc1cc(C(=O)c2ccc3c(/C=C/c4ccccn4)n[nH]c3c2)ccc1C,9.8861
O=C(NCc1cccc(F)c1)c1ccccc1Sc1ccc2c(/C=C/c3ccccn3)n[nH]c2c1,9.9586
CCONC(=O)c1ccccc1Sc1ccc2c(/C=C/c3ccccn3)n[nH]c2c1,9.2218
CCn1nc(C)cc1C(=O)Nc1cccc(Oc2ccc3c(/C=C/c4c[nH]cn4)n[nH]c3c2)c1,10.0969
O=C(NNC(=O)c1ccccc1Sc1ccc2c(/C=C/c3ccccn3)n[nH]c2c1)c1cccs1,10.3979
CCn1nc(C)cc1C(=O)Nc1cc(Nc2ccc3c(/C=C/c4ccccn4)n[nH]c3c2)c(F)cc1C,9.4318
O=C(NNc1ccccn1)c1ccccc1Sc1ccc2c(/C=C/c3ccccn3)n[nH]c2c1,9.0809
CC(C)(C)c1ccc(C(=O)Nc2cccc(C(=O)c3ccc4c(/C=C/c5ccccn5)n[nH]c4c3)c2)cc1,9.6383
C=CCn1nc(C)cc1C(=O)Nc1cccc(C(=O)c2ccc3c(/C=C/c4ccccn4)n[nH]c3c2)c1,10.2218
CCn1nc(C)cc1C(=O)Nc1cccc(Oc2ccc3c(/C=C/c4c[nH]c(C)n4)n[nH]c3c2)c1,9.5686
COc1cc(C(=O)Nc2cccc(C(=O)c3ccc4c(/C=C/c5ccccn5)n[nH]c4c3)c2)cc(Cl)n1,10.0969
CONC(=O)c1ccccc1Sc1ccc2c(/C=C/c3ccccn3)n[nH]c2c1,9.9586
Cn1ccnc1C(=O)Nc1cccc(Oc2ccc3c(/C=C/c4ccccn4)n[nH]c3c2)c1,10.6990
C#CCNC(=O)c1ccccc1Nc1ccc2c(/C=C/c3ccccn3)n[nH]c2c1,8.5528
Cc1cc(C(=O)Nc2cc(Nc3ccc4c(/C=C/c5ccccn5)n[nH]c4c3)ccc2F)n(C)n1,10.3979
O=C(Nc1cccc(C(=O)c2ccc3c(/C=C/c4ccccc4)n[nH]c3c2)c1)OCc1ccccc1,8.2291
CN(c1cccc(N)c1)c1ccc2c(/C=C/c3ccc4c(c3)OCO4)n[nH]c2c1,7.8239
CN(C)c1cccc(C(=O)Nc2cccc(N(C)c3ccc4c(/C=C/c5ccc6c(c5)OCO6)n[nH]c4c3)c2)c1,8.9586
Cc1cccc(C(=O)Nc2cccc(Oc3ccc4c(-c5cc6ccccc6[nH]5)n[nH]c4c3)c2)c1,9.8239
CN(c1cccc(NC(=O)c2ccc(C(C)(C)C)c(O)c2)c1)c1ccc2c(/C=C/c3ccc4c(c3)OCO4)n[nH]c2c1,8.5528
Cc1cncc(C(=O)Nc2cccc(C(=O)c3ccc4c(/C=C/c5ccccc5)n[nH]c4c3)c2)c1,7.6990
Nc1cccc(Nc2ccc3c(/C=C/c4ccccc4)n[nH]c3c2)c1,8.4559
CC(=O)N1CCC(C(=O)Nc2cccc(Oc3ccc4c(/C=C/c5ccc(Cl)cc5)n[nH]c4c3)c2)CC1,8.6576
CC(C)C(=O)Nc1cccc(C(=O)c2ccc3c(/C=C/c4ccccc4)n[nH]c3c2)c1,8.2291
Nc1cccc(C(=O)c2ccc3c(/C=N/n4cccc4)n[nH]c3c2)c1,8.0177
O=C(Nc1cccc(C(=O)c2ccc3c(/C=C/c4ccccc4)n[nH]c3c2)c1)c1ccncc1,8.3279
COc1cc(-c2ccc3c(/C=C/c4ccc(NC(=O)CN)cc4)n[nH]c3c2)ccc1O,8.9586
Nc1cccc(C(=O)c2ccc3c(/C=C/c4ccccn4)n[nH]c3c2)c1,7.7471
COc1cc(-c2ccc3c(-c4nc5ccccc5[nH]4)n[nH]c3c2)c(C)cc1O,7.0074
Cc1cc(O)ccc1-c1ccc2c(-c3nc4ccccc4[nH]3)n[nH]c2c1,7.4802
Cc1cc(O)c(Cl)cc1-c1ccc2c(-c3nc4ccccc4[nH]3)n[nH]c2c1,7.8477
COc1cc(O)ccc1-c1ccc2c(-c3nc4ccccc4[nH]3)n[nH]c2c1,6.9031
Oc1ccc(-c2ccc3c(-c4nc5ccccc5[nH]4)n[nH]c3c2)c(Oc2ccccc2)c1,6.7122
Cc1cc(C(=O)Nc2cccc(C(=O)c3ccc4c(/C=C/c5ccccn5)n[nH]c4c3)c2)n(C)n1,10.2218
CCCn1nc(C)cc1C(=O)Nc1cccc(C(=O)c2ccc3c(/C=C/c4ccccn4)n[nH]c3c2)c1,7.0000
COc1cc2ncnc(Nc3ccc(F)c(Cl)c3)c2cc1OCCCCCCC(=O)NO,7.0000
COc1cc2ncnc(NCc3ccccc3)c2cc1OCCCCCCC(=O)NO,6.0000
C[C@@H](Nc1ncnc2[nH]c(-c3ccc(CNCCC(=O)NO)cc3)cc12)c1ccccc1,7.0000
C[C@@H](Nc1ncnc2[nH]c(-c3ccc(CN4CCN(CCC(=O)NO)CC4)cc3)cc12)c1ccccc1,7.0000
C[C@@H](Nc1ncnc2[nH]c(-c3ccc(CN4CCN(CCCC(=O)NO)CC4)cc3)cc12)c1ccccc1,7.0000
C[C@@H](Nc1ncnc2[nH]c(-c3ccc(CN4CCN(CCCCC(=O)NO)CC4)cc3)cc12)c1ccccc1,7.0000
C[C@@H](Nc1ncnc2[nH]c(-c3ccc(CN4CCN(CCCCCC(=O)NO)CC4)cc3)cc12)c1ccccc1,7.0000
C[C@@H](Nc1ncnc2[nH]c(-c3ccc(CN4CCN(CCCCCCC(=O)NO)CC4)cc3)cc12)c1ccccc1,7.0000
C[C@@H](Nc1ncnc2[nH]c(-c3ccc(OCC(=O)NO)cc3)cc12)c1ccccc1,6.0000
C[C@@H](Nc1ncnc2[nH]c(-c3ccc(OCCCC(=O)NO)cc3)cc12)c1ccccc1,7.0000
C[C@@H](Nc1ncnc2[nH]c(-c3ccc(OCCCCC(=O)NO)cc3)cc12)c1ccccc1,7.0000
C[C@@H](Nc1ncnc2[nH]c(-c3ccc(OCCCCCC(=O)NO)cc3)cc12)c1ccccc1,6.0000
C[C@@H](Nc1ncnc2[nH]c(-c3ccc(NC(=O)CCC(=O)NO)cc3)cc12)c1ccccc1,7.0000
C[C@@H](Nc1ncnc2[nH]c(-c3ccc(NC(=O)CCCC(=O)NO)cc3)cc12)c1ccccc1,7.0000
C[C@@H](Nc1ncnc2[nH]c(-c3ccc(NC(=O)CCCCC(=O)NO)cc3)cc12)c1ccccc1,7.0000
C[C@@H](Nc1ncnc2[nH]c(-c3ccc(NC(=O)CCCCCCC(=O)NO)cc3)cc12)c1ccccc1,7.0000
C[C@@H](Nc1ncnc2[nH]c(-c3ccc(NC(=O)CCNCC(=O)NO)cc3)cc12)c1ccccc1,7.0000
C[C@@H](Nc1ncnc2[nH]c(-c3ccc(C(=O)NCCNCCC(=O)NO)cc3)cc12)c1ccccc1,7.0000
C[C@@H](Nc1ncnc2[nH]c(-c3ccc(C(=O)NCCNCCCCCC(=O)NO)cc3)cc12)c1ccccc1,7.0000
C[C@@H](Nc1ncnc2[nH]c(-c3ccc(C(=O)NCCNCCCCCCC(=O)NO)cc3)cc12)c1ccccc1,7.0000
C[C@@H](Nc1ncnc2[nH]c(-c3ccc(CNCCCCCC(=O)NO)cc3)cc12)c1ccccc1,7.0000
C[C@@H](Nc1ncnc2[nH]c(-c3ccc(CNCCCCCCC(=O)NO)cc3)cc12)c1ccccc1,7.0000
C[C@@H](Nc1ncnc2[nH]c(-c3ccc(CNCCCCCCCC(=O)NO)cc3)cc12)c1ccccc1,7.0000
O=C(CCCCCN1CCN(Cc2ccc(-c3cc4c(NCc5ccccc5)ncnc4[nH]3)cc2)CC1)NO,7.0000
C[C@@H](Nc1ncnc2[nH]c(-c3ccc(OCCCCCCC(=O)NO)cc3)cc12)c1ccc(F)cc1,6.0000
O=C(CCCCCCOc1ccc(-c2cc3c(NCc4ccccc4)ncnc3[nH]2)cc1)NO,6.0000
C[C@@H](Nc1ncnc2[nH]c(-c3ccc(C(=O)NO)cc3)cc12)c1ccccc1,7.0000
O=C(NO)c1ccc(-c2cc3c(NCc4ccccc4)ncnc3[nH]2)cc1,6.0000
C[C@@H](Nc1ncnc2[nH]c(-c3ccc(C(=O)NO)cc3)cc12)c1ccc(F)cc1,7.0000
C[C@@H](Nc1ncnc2[nH]c(-c3ccc(NCc4ccc(/C=C/C(=O)NO)cc4)cc3)cc12)c1ccccc1,6.0000
C[C@@H](Nc1ncnc2[nH]c(-c3ccc(NCc4ccc(C(=O)NO)cc4)cc3)cc12)c1ccccc1,6.0000
C[C@@H](Nc1ncnc2[nH]c(-c3ccc(CNCc4ccc(C(=O)NO)cc4)cc3)cc12)c1ccccc1,7.0000
C[C@@H](Nc1ncnc2c1cc(-c1ccc(C(=O)NCCNCCCCCCC(=O)NO)cc1)n2C)c1ccccc1,6.0000
C[C@@H](Nc1ncnc2[nH]c(-c3ccc(NCCCCCCC(=O)NO)cc3)cc12)c1ccccc1,7.0000
O=C(CCCCCCCNC(=O)c1cc(Oc2ccc(NC(=O)Nc3ccc(Cl)c(C(F)(F)F)c3)cc2)ccn1)NO,7.0000
O=C(CCCCCCNCc1cc(Oc2ccc(NC(=O)Nc3ccc(Cl)c(C(F)(F)F)c3)cc2)ccn1)NO,7.0000
O=C(CCCCCCCNCc1cc(Oc2ccc(NC(=O)Nc3ccc(Cl)c(C(F)(F)F)c3)cc2)ccn1)NO,7.0000
O=C(Nc1ccc(Oc2ccnc(C(=O)NO)c2)cc1)Nc1ccc(Cl)c(C(F)(F)F)c1,6.0000
COc1cc2ncnc(Nc3ccc4occc4c3)c2cc1OCCCCCCC(=O)NO,6.0000
COc1cc2c(Nc3ccc4occc4c3)ncnc2cc1OCCCCCCC(=O)NO,6.0000
COc1cc2c(Nc3ccc(Cl)c(Cl)c3)ncnc2cc1OCC1CN(C)CCO1,6.0000
COc1cc2c(Nc3ccc(Br)c(Cl)c3Cl)ncnc2cc1OC[C@H]1CN2CCCC[C@H]2CO1,7.3010
COc1cc2c(Nc3cc(Cl)c(Cl)cc3F)ncnc2cc1OC[C@H]1CN2CCOC[C@H]2CO1,7.3010
COc1cc2c(Nc3cc(Cl)c(Br)cc3F)ncnc2cc1OC[C@H]1CN2CCOC[C@H]2CO1,7.3010
COc1cc2c(Nc3ccc(F)c(Cl)c3F)ncnc2cc1OC[C@H]1CN2CCOC[C@H]2CO1,7.3010
COc1cc2c(Nc3ccc(F)c(Cl)c3F)ncnc2cc1OC[C@@H]1CN2CCOC[C@H]2CO1,7.3010
COc1cc2c(Nc3cc(Cl)c(Cl)cc3F)ncnc2cc1OC[C@@H]1CN2CCOC[C@H]2CO1,7.3010
COc1cc2c(Nc3ccc(Br)c(Cl)c3Cl)ncnc2cc1OC[C@@H]1CN2CCOC[C@H]2CO1,7.3010
COc1cc2c(Nc3cc(Cl)c(Br)cc3F)ncnc2cc1OC[C@@H]1CN2CCOC[C@H]2CO1,7.3010
COc1cc2c(Nc3ccc(F)c(Cl)c3F)ncnc2cc1OC[C@@H]1CN2CCC[C@H]2CO1,7.3010
COc1cc2c(Nc3ccc(Cl)c(Cl)c3)ncnc2cc1OC[C@@H]1CO[C@H]2[C@@H]1OC[C@@H]2OC,7.3010
COc1cc2c(Nc3ccc(Br)c(Cl)c3Cl)ncnc2cc1OC[C@@H]1CO[C@H]2[C@@H]1OC[C@@H]2OC,7.3010
COc1cc2c(Nc3cc(Cl)c(Cl)cc3F)ncnc2cc1OC[C@@H]1CO[C@H]2[C@@H]1OC[C@@H]2OC,7.3010
COc1cc2c(Nc3ccc(Cl)c(Cl)c3F)ncnc2cc1OC[C@@H]1CN2CCCC[C@@H]2C(=O)N1,7.3010
COc1cc2c(Nc3ccc(Cl)c(Cl)c3F)ncnc2cc1OC[C@@H]1CN2CCC[C@H]2C(=O)N1C,7.3010
COc1cc2c(Nc3ccc(Cl)c(Cl)c3)ncnc2cc1OCC1CN2CSC[C@H]2CO1,7.3010
COc1cc2c(Nc3ccc(Cl)c(Cl)c3)ncnc2cc1OC1C[C@@H]2CN(C)C[C@@H]2C1,7.3010
COc1cc2c(Nc3cc(Cl)c(Br)cc3F)ncnc2cc1O[C@@H]1C[C@H]2OC[C@H](OC)[C@H]2O1,6.0000
COc1cc2c(Nc3ccc(Cl)c(Cl)c3F)ncnc2cc1O[C@@H]1C[C@H]2OC[C@H](OC)[C@H]2O1,6.0000
COc1cc2c(Nc3ccc(Br)c(Cl)c3F)ncnc2cc1O[C@@H]1C[C@H]2OC[C@H](OC)[C@H]2O1,7.3010
COc1cc2c(Nc3ccc(Cl)c(Cl)c3Cl)ncnc2cc1O[C@@H]1C[C@H]2OC[C@H](OC)[C@H]2O1,6.0000
COc1cc2c(Nc3ccc(Cl)c(Cl)c3)ncnc2cc1O[C@@H]1C[C@H]2OC[C@H](OC)[C@H]2O1,7.3010
COc1cc2c(Nc3ccc(Br)c(Cl)c3Cl)ncnc2cc1O[C@@H]1C[C@H]2OC[C@H](OC)[C@H]2O1,6.0000
COc1cc2c(Nc3ccc(Br)c(Cl)c3)ncnc2cc1O[C@@H]1C[C@H]2OCC3(OCCO3)[C@H]2O1,6.0000
COc1cc2c(Nc3ccc(F)c(Cl)c3F)ncnc2cc1O[C@@H]1C[C@H]2OC[C@H](OC)[C@H]2O1,6.0000
COc1cc2c(Nc3cc(Cl)c(Cl)cc3F)ncnc2cc1O[C@@H]1C[C@H]2OC[C@H](OC)[C@H]2O1,6.0000
COc1cc2c(Nc3ccc(Br)c(Cl)c3)ncnc2cc1O[C@H]1CO[C@H]2[C@@H]1OC[C@@H]2OC(F)F,6.0000
COc1cc2c(Nc3cccc(Cl)c3F)ncnc2cc1O[C@H]1CO[C@H]2[C@@H]1OC[C@@H]2OC,6.0000
COc1cc2c(Nc3ccc(Cl)c(Cl)c3)ncnc2cc1O[C@H]1CO[C@H]2[C@@H]1OC[C@@H]2OC,6.0000
COc1cc2c(Nc3ccc(Br)c(Cl)c3)ncnc2cc1O[C@H]1CO[C@H]2[C@@H]1OC[C@@H]2OC,6.0000
CCO[C@H]1CO[C@H]2[C@@H]1OC[C@@H]2Oc1cc2ncnc(Nc3ccc(Br)c(Cl)c3)c2cc1OC,6.0000
COc1cc2c(Nc3ccc(Br)c(Cl)c3)ncnc2cc1O[C@H]1CO[C@@H]2CCO[C@H]12,6.0000
COc1cc2c(Nc3ccc(Br)c(Cl)c3)ncnc2cc1O[C@H]1CO[C@H]2[C@@H]1OC[C@H]2OC,6.0000
COc1cc2c(Nc3ccc(Cl)c(Cl)c3)ncnc2cc1OCc1cscn1,7.3010
COc1cc2c(Nc3ccc(Cl)c(Cl)c3)ncnc2cc1OCc1cccnc1,7.3010
COc1cc2c(Nc3ccc(Cl)c(Cl)c3)ncnc2cc1OCC1CC1,7.3010
COc1cc2c(Nc3ccc(Cl)c(Cl)c3)ncnc2cc1OCC1CCCO1,7.3010
COc1cc2c(Nc3ccc(Cl)c(Cl)c3)ncnc2cc1OC1CCCC1,6.0000
COc1cc2c(Nc3ccc(Cl)c(Cl)c3)ncnc2cc1OC[C@@H]1O[C@@H](OC)[C@@H](O)[C@H](O)[C@H]1O,7.3010
COc1cc2c(Nc3ccc(Cl)c(Cl)c3)ncnc2cc1OCC(=O)N1CCOCC1,6.0000
COc1cc2c(Nc3ccc(Cl)c(Cl)c3)ncnc2cc1OCc1noc(C2CCCCN2C(=O)OC(C)(C)C)n1,6.0000
COc1cc2c(Nc3ccc(Cl)c(Cl)c3)ncnc2cc1OCc1noc(C2CCN(C(=O)OC(C)(C)C)CC2)n1,7.3010
COc1cc2c(Nc3ccc(Cl)c(Cl)c3)ncnc2cc1OCc1nc(-c2ccc(N3CCCC3)cc2)cs1,6.0000
CCN(CC)c1ccc(-c2csc(COc3cc4ncnc(Nc5ccc(Cl)c(Cl)c5)c4cc3OC)n2)cc1,6.0000
COc1cc2c(Nc3ccc(Cl)c(Cl)c3)ncnc2cc1OCc1nc(-c2ccc(O)c(C(N)=O)c2)cs1,6.0000
COc1cc2c(Nc3ccc(Cl)c(Cl)c3)ncnc2cc1OCCC1CCCCC1,6.0000
COc1cc2c(Nc3ccc(Cl)c(Cl)c3)ncnc2cc1OCC1CCCCC1,6.0000
COc1cc2c(Nc3ccc(Cl)c(Cl)c3)ncnc2cc1OCC1CCC1,6.0000
COc1cc2c(Nc3ccc(Cl)c(Cl)c3)ncnc2cc1OCCC1OCCO1,7.3010
COc1cc2c(Nc3ccc(Cl)c(Cl)c3)ncnc2cc1OCCC1OCCCO1,7.3010
COc1cc2c(Nc3ccc(Cl)c(Cl)c3)ncnc2cc1OCCN1CCOCC1,7.3010
COc1cc2c(Nc3ccc(Cl)c(Cl)c3)ncnc2cc1OCCN1CCCC1,7.3010
COc1cc2c(Nc3ccc(Cl)c(Cl)c3)ncnc2cc1OCCN1CCCCC1,7.3010
COc1cc2c(Nc3ccc(Cl)c(Cl)c3)ncnc2cc1OCCN1C(=O)c2ccccc2C1=O,7.3010
COc1cc2c(Nc3ccc(Cl)c(Cl)c3)ncnc2cc1OCc1nc(-c2cccnc2)cs1,6.0000
COc1cc2c(Nc3ccc(Cl)c(Cl)c3)ncnc2cc1OCc1nc(-c2ccccn2)cs1,6.0000
COc1cc2c(Nc3ccc(Cl)c(Cl)c3)ncnc2cc1OCc1nc(-c2ccncc2)cs1,6.0000
COc1cc2c(Nc3ccc(Cl)c(Cl)c3)ncnc2cc1OCc1nc(N2CCOCC2)no1,6.0000
COc1cc2c(Nc3ccc(Cl)c(Cl)c3)ncnc2cc1OCc1nc(N(C)C)no1,6.0000
COc1cc2c(Nc3ccc(Cl)c(Cl)c3)ncnc2cc1OCc1nc(CN2CCN(C)CC2)cs1,7.3010
COc1cc2c(Nc3ccc(Cl)c(Cl)c3)ncnc2cc1OCc1nc2c(s1)CNCC2,7.3010
COc1cc2c(Nc3ccc(Cl)c(Cl)c3)ncnc2cc1OCc1nc(CN2CCOCC2)cs1,7.3010
COc1cc2c(Nc3ccc(Cl)c(Cl)c3)ncnc2cc1OCc1nc(COCc2ccccc2)no1,7.3010
COc1cc2c(Nc3ccc(Cl)c(Cl)c3)ncnc2cc1OCc1csc(C2CCNCC2)n1,7.3010
COc1cc2c(Nc3ccc(Cl)c(Cl)c3)ncnc2cc1OCc1nc(N2CCN(C(=O)OC(C)(C)C)CC2)no1,6.0000
COc1ccc(-c2nc(COc3cc4ncnc(Nc5ccc(Cl)c(Cl)c5)c4cc3OC)no2)cc1,6.0000
COc1cc2c(Nc3ccc(Cl)c(Cl)c3)ncnc2cc1OCc1csc(-c2ccc(C(F)(F)F)cc2)n1,6.0000
COc1cc2c(Nc3ccc(Cl)c(Cl)c3)ncnc2cc1OCc1csc(-c2ccc(Cl)cc2)n1,6.0000
COc1cc2c(Nc3ccc(Cl)c(Cl)c3)ncnc2cc1OCc1noc(-c2c(C)noc2C)n1,6.0000
COc1cc2c(Nc3ccc(Cl)c(Cl)c3)ncnc2cc1OCc1csc2ccc(Cl)cc12,6.0000
COc1cc2c(Nc3ccc(Cl)c(Cl)c3)ncnc2cc1OCc1nc(-c2ccc(C(C)(C)C)cc2)no1,6.0000
COc1cc2c(Nc3ccc(Cl)c(Cl)c3)ncnc2cc1OCc1noc(-c2ccccc2OC)n1,6.0000
COc1cc2c(Nc3ccc(Cl)c(Cl)c3)ncnc2cc1OCc1nnc(-c2ccc(C)cc2)o1,6.0000
COc1cc2c(Nc3ccc(Cl)c(Cl)c3)ncnc2cc1OCc1nccn1Cc1ccccc1,6.0000
COc1cc2c(Nc3ccc(Cl)c(Cl)c3)ncnc2cc1OCc1c(-c2c(Cl)cccc2Cl)noc1C,6.0000
COc1cc2c(Nc3ccc(Cl)c(Cl)c3)ncnc2cc1OCc1cc(F)cc2c1OCOC2,6.0000
COc1cc2c(Nc3ccc(Cl)c(Cl)c3)ncnc2cc1OCc1cc(Br)cc(Br)c1,6.0000
COc1cc2c(Nc3ccc(Cl)c(Cl)c3)ncnc2cc1OCc1cc(F)cc(F)c1,6.0000
COc1cc2c(Nc3ccc(Cl)c(Cl)c3)ncnc2cc1OCc1nc(CS(=O)(=O)c2ccccn2)no1,7.3010
COc1cc2c(Nc3ccc(Cl)c(Cl)c3)ncnc2cc1OCc1noc(-c2ccccc2)n1,6.0000
COc1cc2c(Nc3ccc(Cl)c(Cl)c3)ncnc2cc1OCc1ccc2nc(C(F)(F)F)cc(Cl)c2c1,6.0000
COc1cc2c(Nc3ccc(Cl)c(Cl)c3)ncnc2cc1OCCC1CCCN1C,7.3010
COc1cc2c(Nc3ccc(Cl)c(Cl)c3)ncnc2cc1OCc1csc(N(C)C)n1,6.0000
COc1cc2c(Nc3ccc(Cl)c(Cl)c3)ncnc2cc1OCc1nc([C@@H]2CCCN2)no1,7.3010
COc1cc2c(Nc3ccc(Cl)c(Cl)c3)ncnc2cc1OCc1csc([C@@H]2CCCN2)n1,7.3010
COc1cc2c(Nc3ccc(Cl)c(Cl)c3)ncnc2cc1OCc1csc(COC(=O)c2ccccc2)n1,6.0000
COc1cc2c(Nc3ccc(Cl)c(Cl)c3)ncnc2cc1OCc1csc(CO)n1,7.3010
COc1cc2c(Nc3ccc(Cl)c(Cl)c3)ncnc2cc1OCc1nc2c(s1)CN(C)CC2,7.3010
COc1cc2c(Nc3ccc(Cl)c(Cl)c3)ncnc2cc1OCc1csc([C@@H]2CSCN2)n1,7.3010
COc1cc2c(Nc3ccc(Cl)c(Cl)c3)ncnc2cc1OCc1csc(C2CCCNC2)n1,7.3010
COc1cc2c(Nc3ccc(Cl)c(Cl)c3)ncnc2cc1OCc1csc(C2CCCN(C)C2)n1,7.3010
CCN1CCCC(c2nc(COc3cc4ncnc(Nc5ccc(Cl)c(Cl)c5)c4cc3OC)cs2)C1,7.3010
CCN1CCC[C@H]1c1noc(COc2cc3ncnc(Nc4ccc(Cl)c(Cl)c4)c3cc2OC)n1,7.3010
CCN1CCC[C@H]1c1nc(COc2cc3ncnc(Nc4ccc(Cl)c(Cl)c4)c3cc2OC)cs1,7.3010
CCN1CCC2N=C(COc3cc4ncnc(Nc5ccc(Cl)c(Cl)c5)c4cc3OC)SC2C1,7.3010
COCCN1CCCOC(COc2cc3ncnc(Nc4ccc(Cl)c(Cl)c4)c3cc2OC)C1,7.3010
COc1cc2c(Nc3ccc(Cl)c(Cl)c3)ncnc2cc1OCC1CN(C(C)C)CCCO1,7.3010
COc1cc2c(Nc3ccc(Cl)c(Cl)c3)ncnc2cc1OCc1csc(N2CCNCC2)n1,7.3010
COc1cc2c(Nc3ccc(Cl)c(Cl)c3)ncnc2cc1OCc1noc(C2CCCN2)n1,7.3010
CCN1CCCC1c1nc(COc2cc3ncnc(Nc4ccc(Cl)c(Cl)c4)c3cc2OC)no1,7.3010
COc1cc2c(Nc3ccc(Cl)c(Cl)c3)ncnc2cc1OCc1nc([C@@H]2CCCN2C)no1,7.3010
COc1cc2c(Nc3ccc(Cl)c(Cl)c3)ncnc2cc1OCc1csc([C@@H]2CCCN2C)n1,7.3010
COc1cc2c(Nc3ccc(Cl)c(Cl)c3)ncnc2cc1OCC1CN(C)CCN1C,6.0000
COc1cc2c(Nc3ccc(Cl)c(Cl)c3)ncnc2cc1OCC1CN(CCCc2ccccc2)CCO1,7.3010
COCCN1CCOC(COc2cc3ncnc(Nc4ccc(Cl)c(Cl)c4)c3cc2OC)C1,7.3010
CCOC(=O)C(C)N1CCOC(COc2cc3ncnc(Nc4ccc(Cl)c(Cl)c4)c3cc2OC)C1,7.3010
COc1cc2c(Nc3ccc(Cl)c(Cl)c3)ncnc2cc1OCC1CN(CCOCCO)CCO1,7.3010
COc1cc2c(Nc3ccc(Cl)c(Cl)c3)ncnc2cc1OCC1CN(Cc2ccc(F)cc2)CCO1,7.3010
COC(=O)CCCCN1CCOC(COc2cc3ncnc(Nc4ccc(Cl)c(Cl)c4)c3cc2OC)C1,7.3010
C=CCCCCCCN1CCOC(COc2cc3ncnc(Nc4ccc(Cl)c(Cl)c4)c3cc2OC)C1,7.3010
CCCN1CCOC(COc2cc3ncnc(Nc4ccc(Cl)c(Cl)c4)c3cc2OC)C1,7.3010
COc1cc2c(Nc3ccc(Cl)c(Cl)c3)ncnc2cc1OCC1CN(C(C)=O)CCO1,7.3010
CCC#CCN1CCOC(COc2cc3ncnc(Nc4ccc(Cl)c(Cl)c4)c3cc2OC)C1,7.3010
COc1cc2c(Nc3ccc(Cl)c(Cl)c3)ncnc2cc1OCc1csc(N2CCN(C)CC2)n1,7.3010
COc1cc2c(Nc3ccc(Cl)c(Cl)c3)ncnc2cc1OCc1noc(C2CCCN2C)n1,7.3010
COc1cc2c(Nc3ccc(F)c(Cl)c3)ncnc2cc1OCC1CN(C)CCO1,7.3010
CCN1CCN(C(C)=O)CC1COc1cc2ncnc(Nc3ccc(Cl)c(Cl)c3)c2cc1OC,6.0000
COc1cc(Nc2ncnc3cc(OCC4CN(C)CCO4)c(OC)cc23)c(OC)cc1Cl,6.0000
COc1cc2c(Nc3cccc(Br)c3C)ncnc2cc1OCC1CN(C)CCO1,7.3010
COc1cc2c(Nc3cc(Cl)c(Cl)c(Cl)c3)ncnc2cc1OCC1CN(C)CCO1,7.3010
COc1cc2c(Nc3cccc(Cl)c3C)ncnc2cc1OCC1CN(C)CCO1,7.3010
COc1cc2c(Nc3cc(Cl)ccc3F)ncnc2cc1OCC1CN(C)CCO1,7.3010
COc1cc2c(Nc3ccc(Cl)cc3Cl)ncnc2cc1OCC1CN(C)CCO1,7.3010
COc1cc2c(Nc3ccc(Br)cc3Br)ncnc2cc1OCC1CN(C)CCO1,7.3010
CCN1CCN(C)CC1COc1cc2ncnc(Nc3ccc(Cl)c(Cl)c3)c2cc1OC,6.0000
COc1cc2c(Nc3ccc(Cl)c(Cl)c3)ncnc2cc1OCc1csc(CN2CCCC2)n1,7.3010
COc1cc2c(Nc3ccc(Cl)c(Cl)c3)ncnc2cc1OCC1CN(C2CCOCC2)CCO1,7.3010
CCC(CC)CN1CCOC(COc2cc3ncnc(Nc4ccc(Cl)c(Cl)c4)c3cc2OC)C1,7.3010
COc1cc2c(Nc3ccc(Cl)c(Cl)c3)ncnc2cc1OCC1CN(CC2CCCCC2)CCO1,7.3010
COc1cc2c(Nc3ccc(Cl)c(Cl)c3)ncnc2cc1OCC1CN(CCO)CCO1,7.3010
CC#CCN1CCOC(COc2cc3ncnc(Nc4ccc(Cl)c(Cl)c4)c3cc2OC)C1,7.3010
COc1cc2c(Nc3ccc(Cl)c(Cl)c3)ncnc2cc1OCC1CN(CCC2OCCO2)CCO1,7.3010
COc1cc2c(Nc3ccc(Cl)c(Cl)c3)ncnc2cc1OCC1CN(CCC2CCCCC2)CCO1,7.3010
CC[C@@H](C)CN1CCOC(COc2cc3ncnc(Nc4ccc(Cl)c(Cl)c4)c3cc2OC)C1,7.3010
COc1cc2c(Nc3ccc(Cl)c(Cl)c3)ncnc2cc1OCC1CN(C(C)C(C)=O)CCO1,7.3010
CCC(=O)CN1CCOC(COc2cc3ncnc(Nc4ccc(Cl)c(Cl)c4)c3cc2OC)C1,7.3010
CCCCCN1CCOC(COc2cc3ncnc(Nc4ccc(Cl)c(Cl)c4)c3cc2OC)C1,7.3010
CCCCCCN1CCOC(COc2cc3ncnc(Nc4ccc(Cl)c(Cl)c4)c3cc2OC)C1,7.3010
CCCCCCCN1CCOC(COc2cc3ncnc(Nc4ccc(Cl)c(Cl)c4)c3cc2OC)C1,7.3010
CCCCCCCCN1CCOC(COc2cc3ncnc(Nc4ccc(Cl)c(Cl)c4)c3cc2OC)C1,6.0000
COc1cc2c(Nc3ccc(Cl)c(Cl)c3)ncnc2cc1OCC1CN(CCc2ccccc2)CCO1,7.3010
C=CCN1CCOC(COc2cc3ncnc(Nc4ccc(Cl)c(Cl)c4)c3cc2OC)C1,7.3010
COc1cc2c(Nc3ccc(Cl)c(Cl)c3)ncnc2cc1OCC1OCCN(CC(=O)c2ccccc2)C1=O,7.3010
COc1cc2c(Nc3ccc(Cl)c(Cl)c3)ncnc2cc1OCC1CN(CCF)CCO1,7.3010
COc1cc2c(Nc3ccc(Cl)c(Cl)c3)ncnc2cc1OCC1CN(CC=C(C)C)CCO1,7.3010
COc1cc2c(Nc3ccc(Cl)c(Cl)c3)ncnc2cc1OCC1CN(C/C=C/Br)CCO1,7.3010
COc1cc2c(Nc3ccc(Cl)c(Cl)c3)ncnc2cc1OCC1CN(CC(N)=O)CCO1,7.3010
COc1cc2c(Nc3ccc(Cl)c(Cl)c3)ncnc2cc1OCC1CN(CCC(C)C)CCCO1,7.3010
COc1cc2c(Nc3ccc(Cl)c(Cl)c3)ncnc2cc1OCC1CN(CCC2CCCCC2)CCCO1,7.3010
CCC(CC)CN1CCCOC(COc2cc3ncnc(Nc4ccc(Cl)c(Cl)c4)c3cc2OC)C1,7.3010
COc1cc2c(Nc3ccc(Cl)c(Cl)c3)ncnc2cc1OCC1CN(S(C)(=O)=O)CCCO1,7.3010
COc1cc2c(Nc3cccc(Cl)c3F)ncnc2cc1OCC1CN(C)CCO1,7.3010
COc1cc2c(Nc3cccc(Cl)c3F)ncnc2cc1OCC1CN(/C(N)=N/C#N)CCCO1,7.3010
CCN1CCN(CC)C(COc2cc3ncnc(Nc4ccc(Cl)c(Cl)c4)c3cc2OC)C1,6.0000
COc1cc2c(Nc3ccc(Cl)c(Cl)c3)ncnc2cc1OCC1CN(S(C)(=O)=O)CCO1,7.3010
COc1cc2c(Nc3ccc(Cl)c(Cl)c3)ncnc2cc1OCC1CN(S(=O)(=O)Cc2ccccc2)CCO1,7.3010
COc1cc2c(Nc3ccc(Cl)c(Cl)c3)ncnc2cc1OCC1CN(S(=O)(=O)c2ccc(F)cc2)CCO1,7.3010
CCS(=O)(=O)N1CCOC(COc2cc3ncnc(Nc4ccc(Cl)c(Cl)c4)c3cc2OC)C1,7.3010
COc1cc2c(Nc3ccc(Cl)c(Cl)c3)ncnc2cc1OCC1CN(S(=O)(=O)c2ccccc2)CCO1,7.3010
COc1cc2c(Nc3ccc(Cl)c(Cl)c3)ncnc2cc1OCC1CN(S(=O)(=O)CCCCl)CCO1,7.3010
CCCCS(=O)(=O)N1CCOC(COc2cc3ncnc(Nc4ccc(Cl)c(Cl)c4)c3cc2OC)C1,7.3010
COc1cc2c(Nc3ccc(Cl)c(Cl)c3)ncnc2cc1OCC1CN(S(=O)(=O)c2ccc(C)cc2)CCO1,7.3010
COc1cc2c(Nc3ccc(Cl)c(Cl)c3)ncnc2cc1OCC1CN(C(=O)c2c(C)noc2C)CCO1,7.3010
COc1cccc(CC(=O)N2CCOC(COc3cc4ncnc(Nc5ccc(Cl)c(Cl)c5)c4cc3OC)C2)c1,7.3010
CCCC(C)C(=O)N1CCOC(COc2cc3ncnc(Nc4ccc(Cl)c(Cl)c4)c3cc2OC)C1,7.3010
CCCCc1ccc(C(=O)N2CCOC(COc3cc4ncnc(Nc5ccc(Cl)c(Cl)c5)c4cc3OC)C2)cc1,6.0000
COc1cc2c(Nc3ccc(Cl)c(Cl)c3)ncnc2cc1OCC1CN(C(=O)Cc2ccc(Cl)cc2)CCO1,7.3010
CCCC(CCC)C(=O)N1CCOC(COc2cc3ncnc(Nc4ccc(Cl)c(Cl)c4)c3cc2OC)C1,7.3010
COc1cc2c(Nc3ccc(Cl)c(Cl)c3)ncnc2cc1OCC1CN(C(=O)CCC(C)C)CCO1,7.3010
COc1cc2c(Nc3ccc(Cl)c(Cl)c3)ncnc2cc1OCC1CN(C(=O)c2cc(F)ccc2F)CCO1,7.3010
COc1cc2c(Nc3ccc(Cl)c(Cl)c3)ncnc2cc1OCC1CN(C(=O)C2CCCC2)CCO1,7.3010
CCC(C(=O)N1CCOC(COc2cc3ncnc(Nc4ccc(Cl)c(Cl)c4)c3cc2OC)C1)c1ccccc1,7.3010
COc1cc2c(Nc3ccc(Cl)c(Cl)c3)ncnc2cc1OCC1CN(C(=O)c2c(F)ccc(F)c2F)CCO1,7.3010
COc1cc2c(Nc3ccc(Cl)c(Cl)c3)ncnc2cc1OCC1CN(C(=O)c2ccoc2)CCO1,7.3010
CCC(=O)N1CCOC(COc2cc3ncnc(Nc4ccc(Cl)c(Cl)c4)c3cc2OC)C1,7.3010
CCCCCC(=O)N1CCOC(COc2cc3ncnc(Nc4ccc(Cl)c(Cl)c4)c3cc2OC)C1,7.3010
CCCCC(CC)C(=O)N1CCOC(COc2cc3ncnc(Nc4ccc(Cl)c(Cl)c4)c3cc2OC)C1,7.3010
COc1cc2c(Nc3ccc(Cl)c(Cl)c3)ncnc2cc1OCC1CN(C(=O)CCc2ccccc2)CCO1,7.3010
COc1cc2c(Nc3ccc(Cl)c(Cl)c3)ncnc2cc1OCC1CN(C(=O)C(C)(C)C)CCO1,7.3010
COc1cc2c(Nc3ccc(Cl)c(Cl)c3)ncnc2cc1OCC1CN(C(=O)c2cccc3ccccc23)CCO1,7.3010
COc1cc2c(Nc3ccc(Cl)c(Cl)c3)ncnc2cc1OCC1CN(C(=O)c2ccc(Cl)nc2)CCO1,7.3010
COc1cc2c(Nc3ccc(Cl)c(Cl)c3)ncnc2cc1OCC1CN(C(=O)c2ccc3c(c2)OCO3)CCO1,7.3010
COc1cc2c(Nc3ccc(Br)cc3C)ncnc2cc1OCC1CN(C)CCO1,7.3010
COc1cc2c(Nc3ccc(Cl)c(C)c3)ncnc2cc1OCC1CN(C)CCO1,7.3010
CN/C(=N\C#N)N1CCOC(COc2cc3ncnc(Nc4ccc(Cl)c(C)c4)c3cc2OC)C1,7.3010
COCCOc1cc2c(Nc3ccc(Cl)c(Cl)c3)ncnc2cc1OCC1CN(C)CCO1,7.3010
COc1cc2c(Nc3ccc(Br)cc3Cl)ncnc2cc1OCC1CN(C)CCO1,7.3010
COc1cc2c(Nc3ccc(Cl)c(Cl)c3)ncnc2cc1OCC1CN(C(C)=O)CCCO1,7.3010
CN1CCOC(COc2cc3ncnc(Nc4ccc(Cl)c(Cl)c4)c3cc2O)C1,7.3010
COc1cc2c(Nc3ccc(Cl)c(Br)c3)ncnc2cc1OCC1CN(C)CCO1,7.3010
COC(=O)CCC(=O)N1CCOC(COc2cc3ncnc(Nc4ccc(Cl)c(Cl)c4)c3cc2OC)C1,7.3010
COc1cc2c(Nc3cccc(Br)c3Cl)ncnc2cc1OCC1CN(C)CCO1,7.3010
COCCN/C(=N\C#N)N1CCOC(COc2cc3ncnc(Nc4ccc(Cl)c(Cl)c4)c3cc2OC)C1,7.3010
CCN/C(=N\C#N)N1CCOC(COc2cc3ncnc(Nc4ccc(Cl)c(Cl)c4)c3cc2OC)C1,7.3010
COc1cc2c(Nc3ccc(Cl)c(Cl)c3)ncnc2cc1OCC1CN(/C(=N/C#N)N2CCCCC2)CCO1,7.3010
COc1cc2c(Nc3ccc(Cl)c(Cl)c3)ncnc2cc1OCC1CN(/C(=N/C#N)N2CCCC2)CCO1,7.3010
CCC1(C)CN(C)CC(COc2cc3ncnc(Nc4ccc(Cl)c(Cl)c4)c3cc2OC)O1,7.3010
COc1cc2c(Nc3ccc(Br)c(C)c3)ncnc2cc1OCC1CN(C)CCO1,7.3010
COc1cc2c(Nc3ccc(Cl)c(Cl)c3)ncnc2cc1OCC1CN(C)CC(C)(C)O1,7.3010
COc1cc2c(Nc3ccc(Cl)c(Cl)c3)ncnc2cc1OCCC1CNC(C)(C)CO1,7.3010
COc1cc2c(Nc3ccc(Cl)c(Cl)c3)ncnc2cc1OCCC1CN(C)C(C)(C)CO1,7.3010
COc1cc2c(Nc3ccc(Cl)c(Cl)c3)ncnc2cc1OCCC1CN(C(=O)OC(C)(C)C)C(C)(C)CO1,6.0000
COc1cc2c(Nc3ccc(Br)c(Cl)c3Cl)ncnc2cc1OCC1CN(C)CCO1,7.3010
COc1cc2c(Nc3cc(Cl)c(Cl)cc3F)ncnc2cc1OCC1CN(C)CCO1,7.3010
COc1cc2c(Nc3ccc(Cl)c(Cl)c3)ncnc2cc1OCCC1CN(C)CC(C)(C)O1,7.3010
COc1cc2c(Nc3ccc(Cl)c(Cl)c3C)ncnc2cc1OCC1CN(C)CCO1,7.3010
COc1cc2c(Nc3ccc(Br)c(Cl)c3C)ncnc2cc1OCC1CN(C)CCO1,7.3010
COc1cc2c(Nc3ccc(Cl)c(Cl)c3)ncnc2cc1OCC1CN(C)C(C)(C)C(=O)O1,7.3010
COc1cc2c(Nc3ccc(Br)c(Cl)c3Cl)ncnc2cc1OCC1CN(C)C(C)(C)CO1,7.3010
COc1cc2c(Nc3ccc(F)c(Cl)c3F)ncnc2cc1OCC1CN(C)C(C)(C)CO1,7.3010
COc1cc2c(Nc3ccc(Br)c(Cl)c3F)ncnc2cc1OC[C@@H]1CN(C)CC(=O)N1,7.3010
COc1cc2c(Nc3ccc(Cl)c(Cl)c3F)ncnc2cc1OC[C@@H]1CN(C)CC(=O)N1,7.3010
COc1cc2c(Nc3ccc(Br)c(Cl)c3F)ncnc2cc1OC[C@@H]1CN(C)CC(=O)N1C,7.3010
COc1cc2c(Nc3ccc(Cl)c(Cl)c3F)ncnc2cc1OC[C@@H]1CN(C)CC(=O)N1C,7.3010
COc1cc2c(Nc3ccc(Br)c(Cl)c3)ncnc2cc1OC1=CO[C@H]2[C@H]1OC[C@@]21COC(C)(C)O1,6.0000
COc1cc2c(Nc3ccc(Br)c(Cl)c3)ncnc2cc1O[C@@H]1CO[C@H]2[C@@H]1OC[C@@H]2OS(C)(=O)=O,6.0000
COc1cc2c(Nc3ccc(Br)c(Cl)c3)ncnc2cc1O[C@@H]1CO[C@H]2[C@@H]1OC[C@@H]2O,6.0000
COc1cc2c(Nc3ccc(Br)c(Cl)c3)ncnc2cc1O[C@H]1CO[C@H]2[C@@H]1OC[C@@H]2SC,6.0000
COc1cc2c(Nc3ccc(Br)c(Cl)c3)ncnc2cc1O[C@H]1CO[C@H]2[C@@H]1OC[C@@H]2N1CCOCC1,6.0000
COc1cc2c(Nc3ccc(Br)c(Cl)c3)ncnc2cc1O[C@H]1CO[C@H]2[C@@H]1OC[C@@H]2N1CCN(C)CC1,6.0000
COc1cc2c(Nc3ccc(Br)c(Cl)c3)ncnc2cc1O[C@H]1CO[C@H]2[C@@H]1OC[C@@H]2N1CCCC1,6.0000
COc1cc2c(Nc3ccc(Br)c(Cl)c3)ncnc2cc1O[C@H]1CO[C@H]2[C@@H]1OC[C@@H]2OC(C)=O,6.0000
COc1cc2c(Nc3ccc(Br)c(Cl)c3)ncnc2cc1O[C@H]1CO[C@H]2[C@@H]1OC[C@@H]2O,6.0000
COc1cc2c(Nc3ccc(Br)c(Cl)c3)ncnc2cc1O[C@H]1CO[C@H]2[C@@H]1OC[C@@H]2S(C)(=O)=O,6.0000
COc1cc2c(Nc3ccc(Br)c(Cl)c3)ncnc2cc1O[C@H]1CO[C@H]2[C@@H]1OC[C@@H]2N,6.0000
CN[C@H]1CO[C@H]2[C@@H]1OC[C@@H]2Oc1cc2ncnc(Nc3ccc(Br)c(Cl)c3)c2cc1OC,6.0000
CCN(CC)[C@H]1CO[C@H]2[C@@H]1OC[C@@H]2Oc1cc2ncnc(Nc3ccc(Br)c(Cl)c3)c2cc1OC,7.3010
COc1cc2c(Nc3ccc(Br)c(Cl)c3)ncnc2cc1O[C@H]1CO[C@H]2[C@@H]1OC[C@@H]2N1CCCCC1,6.0000
COc1cc2c(Nc3ccc(Br)c(Cl)c3)ncnc2cc1O[C@H]1CO[C@H]2[C@@H]1OC[C@@H]2NC(C)=O,6.0000
COc1cc2c(Nc3ccc(Br)c(Cl)c3)ncnc2cc1O[C@@H]1CO[C@H]2[C@@H]1OC[C@@H]2NC(F)(F)F,6.0000
COc1cc2c(Nc3ccc(Br)c(Cl)c3)ncnc2cc1O[C@@H]1CO[C@H]2[C@@H]1OC[C@@H]2NS(C)(=O)=O,6.0000
COc1cc2c(Nc3ccc(Br)c(Cl)c3)ncnc2cc1OC1CCN(C)C1,7.3010
COc1cc2c(Nc3ccc(Br)c(Cl)c3)ncnc2cc1O[C@@H]1CCOC1,7.3010
COc1cc2c(Nc3cccc(Cl)c3F)ncnc2cc1O[C@H]1CO[C@H]2[C@@H]1OC[C@@H]2F,6.0000
COc1cc2c(N[C@H]3COC[C@@H]3OC)ncnc2cc1O[C@H]1CO[C@H]2[C@@H]1OC[C@@H]2O,6.0000
COc1cc2c(Nc3ccc(N4CCN(C)CC4)cc3)ncnc2cc1O[C@H]1CO[C@H]2[C@@H]1OC[C@@H]2F,6.0000
COc1cc2c(Nc3ccc(N4CCN(C)C(F)C4)cc3)ncnc2cc1O[C@H]1CO[C@H]2[C@@H]1OC[C@@H]2F,6.0000
COc1cc2c(Nc3ccc(N4CCN(C)CC4)c(Cl)c3Cl)ncnc2cc1O[C@H]1CO[C@H]2[C@@H]1OC[C@@H]2F,6.0000
COc1cc2c(Nc3ccc(Cl)c(Cl)c3N3CCN(C)CC3)ncnc2cc1O[C@H]1CO[C@H]2[C@@H]1OC[C@@H]2F,6.0000
COc1cc2c(Nc3ccc(Br)c(Cl)c3)ncnc2cc1O[C@@H]1CO[C@H]2[C@@H]1OC[C@@H]2C(F)(F)F,6.0000
CS(=N)(=O)c1ccc(Nc2ncc(Br)c(Nc3ccccc3)n2)cc1,7.2147
C[C@@H](O)[C@@H](C)Oc1nc(Nc2ccc(S(=O)(=O)C3CC3)cc2)ncc1C(F)(F)F,6.9387
C[C@@H](O)[C@@H](C)Oc1nc(Nc2ccc(S(C)(=O)=O)cc2)ncc1C(F)(F)F,6.3215
C[C@@H](Oc1nc(Nc2ccc(S(C)(=O)=O)cc2)ncc1C(F)(F)F)C(C)(C)O,6.5155
C=CC(=O)Nc1cc2c(Nc3ccc(Br)cc3F)ncnc2cc1OCCOCCOC(=O)CC(=O)OCC,6.0066
C=CC(=O)Nc1cc2c(Nc3ccc(Br)cc3F)ncnc2cc1OCCOCCOC(=O)CC(=O)O,6.5544
C=CC(=O)Nc1cc2c(Nc3ccc(Br)cc3F)ncnc2cc1OCC(C)NC(=O)CN(C)C,6.3635
C=CC(=O)Nc1cc2c(Nc3ccc(Br)cc3F)ncnc2cc1OCC(NC(=O)CN(C)C)C(C)C,5.0000
Cc1ccc(NC(=O)c2ccc(NC(=O)/C=C/CN(C)C)c(C(F)(F)F)c2)cc1Nc1nccc(-c2cccnc2)n1,5.3468
C=CC(=O)Nc1ccc(C(=O)Nc2ccc(C)c(Nc3nccc(-c4cccnc4)n3)c2)cc1C(F)(F)F,5.5229
C=CC(=O)NCc1ccc(C(=O)Nc2ccc(C)c(Nc3nccc(-c4cccnc4)n3)c2)cc1,5.0000
C=CS(=O)(=O)Nc1ccc(C(=O)Nc2ccc(C)c(Nc3nccc(-c4cccnc4)n3)c2)cc1,5.6576
C=CC(=O)N1CCc2cc(C(=O)Nc3ccc(C)c(Nc4nccc(-c5cccnc5)n4)c3)ccc2C1,5.0000
C=CC(=O)Nc1ccc(C(=O)Nc2ccc(C)c(Nc3nc(C)cc(-c4cccnc4)n3)c2)cc1,5.5229
Cc1ccc(C(=O)Nc2ccc(NC(=O)/C=C/CN(C)C)c(C(F)(F)F)c2)cc1Nc1nccc(-c2cccnc2)n1,5.0915
Cc1ccc(C(=O)Nc2ccc(NC(=O)CCl)c(C(F)(F)F)c2)cc1Nc1nccc(-c2cccnc2)n1,5.6778
O=C(NCC(F)(F)F)Nc1cccc(-c2cnc3cc(-c4ncccn4)ccn23)c1,6.3696
Nc1ccn2c(-c3cccc(NC(=O)NCC(F)(F)F)c3)cnc2c1,5.0731
O=C(NCC(F)(F)F)Nc1cccc(-c2cnc3cc(-c4nnc(C5CCCO5)s4)ccn23)c1,7.3458
CCOC(=O)C(C)(C)n1cc(-c2ccn3c(-c4cccc(NC(=O)NCC(F)(F)F)c4)cnc3c2)cn1,7.3872
O=C(NCC(F)(F)F)Nc1cccc(-c2cnc3cc(-c4ccccn4)ccn23)c1,7.4318
O=C(NCC(F)(F)F)Nc1cccc(-c2cnc3cc(-c4cnn(C5CCNCC5)c4)ccn23)c1,7.9747
CC(C)(C(=O)O)n1cc(-c2ccn3c(-c4cccc(NC(=O)NCC(F)(F)F)c4)cnc3c2)cn1,7.1746
CN1CCC(n2cc(-c3ccn4c(-c5cccc(NC(=O)NCC(F)(F)F)c5)cnc4c3)cn2)CC1,7.8729
O=C(NCC(F)(F)F)Nc1cccc(-c2cnc3cc(-c4ccc(N5CCCCC5)nn4)ccn23)c1,7.6990
O=C(NCC(F)(F)F)Nc1cccc(-c2cnc3cc(-c4nc5c(s4)CCC5)ccn23)c1,7.6038
Cc1nccn1-c1ccn2c(-c3cccc(NC(=O)NCC(F)(F)F)c3)cnc2c1,5.8729
N=C(/C=C/CN)c1ccn2c(-c3cccc(NC(=O)NCC(F)(F)F)c3)cnc2c1,7.0904
CC(C)(CO)n1cc(-c2ccn3c(-c4cccc(NC(=O)NCC(F)(F)F)c4)cnc3c2)cn1,7.4089
O=C(NCC(F)(F)F)Nc1cccc(-c2cnc3cc(C#Cc4cccnc4)ccn23)c1,6.6576
CN1CCN(c2ccc(-c3ccn4c(-c5cccc(NC(=O)NCC(F)(F)F)c5)cnc4c3)nn2)CC1,7.8761
Cn1cncc1C#Cc1ccn2c(-c3cccc(NC(=O)NCC(F)(F)F)c3)cnc2c1,6.9469
CN(C)CC#Cc1ccn2c(-c3cccc(NC(=O)NCC(F)(F)F)c3)cnc2c1,6.7100
N=C(C/C=C(\N)c1ccn2c(-c3cccc(NC(=O)NCC(F)(F)F)c3)cnc2c1)N1CCOCC1,7.9393
O=C(NCC(F)(F)F)Nc1cccc(-c2cnc3cc(C#Cc4ccsc4)ccn23)c1,6.0223
O=C(NCC(F)(F)F)Nc1cccc(-c2cnc3cc(-c4nnc(C(F)(F)F)s4)ccn23)c1,7.1871
CC(O)C#Cc1ccn2c(-c3cccc(NC(=O)NCC(F)(F)F)c3)cnc2c1,6.7033
O=C(NCC(F)(F)F)Nc1cccc(-c2cnc3cc(C#CCCO)ccn23)c1,6.4572
O=C(NCC(F)(F)F)Nc1cncc(-c2cnc3cc(-c4cccnn4)ccn23)c1,6.9586
Cc1ccc(-c2ccn3c(-c4cncc(NC(=O)NCC(F)(F)F)c4)cnc3c2)nn1,7.0947
O=C(NCC(F)(F)F)Nc1cccc(-c2cnc3cc(-c4nnc(CCN5CCCCC5)s4)ccn23)c1,8.1051
N=C(C/C=C(\N)c1ccn2c(-c3cccc(NC(=O)NCC(F)(F)F)c3)cnc2c1)N1CCNCC1,8.0246
O=C(NCC(F)(F)F)Nc1cncc(-c2cnc3cc(-c4nncs4)ccn23)c1,7.0491
O=C(Nc1cccc(-c2cnc3cc(Cl)ccn23)c1)NC1CC1,5.2933
O=C(NCC(F)(F)F)Nc1cccc(-c2cnc3cc(C#CCO)ccn23)c1,6.3188
Cc1cc(=O)n2nc(-c3ccn4c(-c5cccc(NC(=O)NCC(F)(F)F)c5)cnc4c3)sc2n1,6.5686
O=C(Nc1cccc(-c2cnc3cc(-c4ccc(F)cc4)ccn23)c1)NC1CC1,6.8570
O=C(NCC(F)(F)F)Nc1cncc(-c2cnc3cc(C#CC4CC4)ccn23)c1,6.5702
O=C(NCC(F)(F)F)Nc1cccc(-c2cnc3cc(-c4cnccn4)ccn23)c1,6.8386
O=C(NCC(F)(F)F)Nc1cncc(-c2cnc3cc(Cl)ccn23)c1,5.5850
CC(C)N1CC(/N=C/C(C=N)c2ccn3c(-c4cccc(NC(=O)NCC(F)(F)F)c4)cnc3c2)C1,7.9508
O=C(NCC(F)(F)F)Nc1cccc(-c2cnc3cc(-c4ccc(Cl)nn4)ccn23)c1,7.2924
O=C(NCC(F)(F)F)Nc1cccc(-c2cnc3cc(-c4ccncn4)ccn23)c1,7.2226
O=C(NCC(F)(F)F)Nc1cncc(-c2cnc3cc(-c4ncccn4)ccn23)c1,6.1209
CN(C)C1CCN(c2ccc(-c3ccn4c(-c5cccc(NC(=O)NCC(F)(F)F)c5)cnc4c3)nn2)CC1,8.0429
O=C(NCC(F)(F)F)Nc1cccc(-c2cnc3cc(-c4cnn(C5CNC5)c4)ccn23)c1,7.8996
CN1CCCC(/N=C/C(C=N)c2ccn3c(-c4cccc(NC(=O)NCC(F)(F)F)c4)cnc3c2)C1,7.8861
CC(C)(C)OC(=O)N1CCCC(n2cc(-c3ccn4c(-c5cccc(NC(=O)NCC(F)(F)F)c5)cnc4c3)cn2)C1,7.3233
O=C(NCC(F)(F)F)Nc1cccc(-c2cnc3cc(-c4cnn(C5CCCNC5)c4)ccn23)c1,7.9747
CN1CC(n2cc(-c3ccn4c(-c5cccc(NC(=O)NCC(F)(F)F)c5)cnc4c3)cn2)C1,7.7959
O=C(NCC(F)(F)F)Nc1cccc(-c2cnc3cc(-c4cncnc4)ccn23)c1,6.2269
NC(=O)c1sccc1-c1ccn2c(-c3cccc(NC(=O)NCC(F)(F)F)c3)cnc2c1,6.5452
CCN1CCC(/N=C/C(C=N)c2ccn3c(-c4cccc(NC(=O)NCC(F)(F)F)c4)cnc3c2)C1,7.9586
O=C(NCC(F)(F)F)Nc1cccc(-c2cnc3cc(-c4cnn(C5CCNC5)c4)ccn23)c1,7.9872
O=C(NCC(F)(F)F)Nc1cccc(-c2cnc3cc(-c4nccc(C(F)(F)F)n4)ccn23)c1,5.9208
O=C(NCC(F)(F)F)Nc1cccc(-c2cnc3cc(-c4cnn(C5CCOC5)c4)ccn23)c1,7.8097
O=C(NCC(F)(F)F)Nc1cccc(-c2cnc3cc(-c4ccc(N5CCCCC5)nc4)ccn23)c1,7.0250
COc1ccc(-c2ccn3c(-c4cccc(NC(=O)NCC(F)(F)F)c4)cnc3c2)nn1,7.5017
O=C(NCC(F)(F)F)Nc1cccc(-c2cnc3cc(-c4ccc(=O)[nH]n4)ccn23)c1,7.4318
O=C(NCC(F)(F)F)Nc1cccc(-c2cnc3cc(-c4nc5c(s4)CNCC5)ccn23)c1,8.1051
CC(C)(C)OC(=O)N1CCc2nc(-c3ccn4c(-c5cccc(NC(=O)NCC(F)(F)F)c5)cnc4c3)sc2C1,7.7399
CC(C)(C)OC(=O)N1CCC(/N=C/C(C=N)c2ccn3c(-c4cncc(NC(=O)NCC(F)(F)F)c4)cnc3c2)CC1,7.7447
Cn1cc(C#Cc2ccn3c(-c4cccc(NC(=O)NCC(F)(F)F)c4)cnc3c2)cn1,6.6383
C/N=C/C(C(=N)CN)c1ccn2c(-c3cccc(NC(=O)NCC(F)(F)F)c3)cnc2c1,6.4547
Cc1cnc(-c2ccn3c(-c4cccc(NC(=O)NCC(F)(F)F)c4)cnc3c2)nc1,6.3768
Cc1ccnc(-c2ccn3c(-c4cccc(NC(=O)NCC(F)(F)F)c4)cnc3c2)n1,6.2020
O=C(NCC(F)(F)F)Nc1cccc(-c2cnc3cc(-c4ncc(F)cn4)ccn23)c1,6.4559
Cc1nccc(-c2ccn3c(-c4cccc(NC(=O)NCC(F)(F)F)c4)cnc3c2)n1,7.1107
Cn1nc(-c2ccn3c(-c4cccc(NC(=O)NCC(F)(F)F)c4)cnc3c2)ccc1=O,7.4698
CC(=O)N1CCC(n2cc(-c3ccn4c(-c5cccc(NC(=O)NCC(F)(F)F)c5)cnc4c3)cn2)CC1,8.0969
Cc1ncc(C#Cc2ccn3c(-c4cccc(NC(=O)NCC(F)(F)F)c4)cnc3c2)n1C,6.9031
CN1CCC(O)(C#Cc2ccn3c(-c4cccc(NC(=O)NCC(F)(F)F)c4)cnc3c2)CC1,6.9586
O=C(NCC(F)(F)F)Nc1cccc(-c2cnc3cc(-c4ccc(NC5CCOCC5)nn4)ccn23)c1,7.8861
O=C(NCC(F)(F)F)Nc1cccc(-c2cnc3cc(-c4ccc(NCCO)nn4)ccn23)c1,7.8447
CCN(CC)CCNC(=O)C(C)(C)/N=C/C(C=N)c1ccn2c(-c3cccc(NC(=O)NCC(F)(F)F)c3)cnc2c1,7.4089
CNC(=O)C(C)(C)/N=C/C(C=N)c1ccn2c(-c3cccc(NC(=O)NCC(F)(F)F)c3)cnc2c1,7.2941
CN(C)C(=O)C(C)(C)/N=C/C(C=N)c1ccn2c(-c3cccc(NC(=O)NCC(F)(F)F)c3)cnc2c1,7.6819
CC(C)(C(=O)NC1CC1)n1cc(-c2ccn3c(-c4cccc(NC(=O)NCC(F)(F)F)c4)cnc3c2)cn1,7.2596
CC(C)(/N=C/C(C=N)c1ccn2c(-c3cccc(NC(=O)NCC(F)(F)F)c3)cnc2c1)C(N)=O,7.3233
CC(C)(C(=O)N1CCC1)n1cc(-c2ccn3c(-c4cccc(NC(=O)NCC(F)(F)F)c4)cnc3c2)cn1,7.5686
CS(=O)(=O)N1CCC(/N=C/C(C=N)c2ccn3c(-c4cccc(NC(=O)NCC(F)(F)F)c4)cnc3c2)CC1,7.8861
NC1CCN(c2ccc(-c3ccn4c(-c5cccc(NC(=O)NCC(F)(F)F)c5)cnc4c3)nn2)CC1,8.0506
CCNC(=O)Nc1ncc(-c2cnc3cc(Cl)ccn23)s1,5.8239
CN1CCC(Nc2ccc(-c3ccn4c(-c5cccc(NC(=O)NCC(F)(F)F)c5)cnc4c3)nn2)CC1,7.8861
Cc1cc2ncc(-c3cccc(NC(=O)NCC(F)(F)F)c3)n2cc1C,5.5686
O=C(NCC(F)(F)F)Nc1cccc(-c2cnc3cc(-c4cccnc4)ccn23)c1,7.2299
CN1CCN(c2ncc(-c3ccn4c(-c5cccc(NC(=O)NCC(F)(F)F)c5)cnc4c3)cn2)CC1,7.1343
COCCNc1ccc(-c2ccn3c(-c4cccc(NC(=O)NCC(F)(F)F)c4)cnc3c2)nn1,7.7520
CC(C)(CO)Nc1ccc(-c2ccn3c(-c4cccc(NC(=O)NCC(F)(F)F)c4)cnc3c2)nn1,7.8268
O=C(NCC(F)(F)F)Nc1cccc(-c2cnc3cc(-c4ccc(N5CCC5)nn4)ccn23)c1,7.9031
O=C(NCC(F)(F)F)Nc1cccc(-c2cnc3cc(-c4ccncc4)ccn23)c1,7.4881
Nc1nccnc1-c1ccn2c(-c3cccc(NC(=O)NCC(F)(F)F)c3)cnc2c1,5.7852
Nc1cnc(-c2ccn3c(-c4cccc(NC(=O)NCC(F)(F)F)c4)cnc3c2)cn1,6.9281
Cn1ccc(C#Cc2ccn3c(-c4cccc(NC(=O)NCC(F)(F)F)c4)cnc3c2)n1,6.8239
O=C(NCC(F)(F)F)Nc1cccc(-c2cnc3cc(-c4cnc(N5CC(F)(F)C5)nc4)ccn23)c1,6.6383
O=C(NCC(F)(F)F)Nc1cccc(-c2cnc3cc(-c4ccnnc4)ccn23)c1,6.8861
COc1cnc(-c2ccn3c(-c4cccc(NC(=O)NCC(F)(F)F)c4)cnc3c2)cn1,6.7212
COc1cncc(-c2ccn3c(-c4cccc(NC(=O)NCC(F)(F)F)c4)cnc3c2)n1,6.6289
Cc1ccc(-c2ccn3c(-c4cccc(NC(=O)NCC(F)(F)F)c4)cnc3c2)nc1,7.5702
O=C(NCC(F)(F)F)Nc1cccc(-c2cnc3cc(-c4ccc(CO)cn4)ccn23)c1,7.5376
Cc1cnc(-c2ccn3c(-c4cccc(NC(=O)NCC(F)(F)F)c4)cnc3c2)cn1,6.6198
O=C1CN(c2ncc(-c3ccn4c(-c5cccc(NC(=O)NCC(F)(F)F)c5)cnc4c3)cn2)CCN1,7.0788
O=C1CN(c2ccc(-c3ccn4c(-c5cccc(NC(=O)NCC(F)(F)F)c5)cnc4c3)nn2)CCN1,7.9208
O=C(NCC(F)(F)F)Nc1cccc(-c2cnc3cc(-c4ccc(F)cn4)ccn23)c1,7.2976
Cc1ccnc(-c2ccn3c(-c4cccc(NC(=O)NCC(F)(F)F)c4)cnc3c2)c1,7.0610
Cc1cccc(-c2ccn3c(-c4cccc(NC(=O)NCC(F)(F)F)c4)cnc3c2)n1,7.2343
CCOc1cccc(-c2ccn3c(-c4cccc(NC(=O)NCC(F)(F)F)c4)cnc3c2)n1,6.7447
Cc1cncc(-c2ccn3c(-c4cccc(NC(=O)NCC(F)(F)F)c4)cnc3c2)n1,6.4828
COc1cccc(-c2ccn3c(-c4cccc(NC(=O)NCC(F)(F)F)c4)cnc3c2)n1,7.1024
Nc1nc(-c2ccn3c(-c4cccc(NC(=O)NCC(F)(F)F)c4)cnc3c2)ncc1F,6.5719
O=C(NCC(F)(F)F)Nc1cccc(-c2cnc3cc(-c4cc(F)ccn4)ccn23)c1,6.8861
Cc1cccnc1-c1ccn2c(-c3cccc(NC(=O)NCC(F)(F)F)c3)cnc2c1,6.5686
Cc1nnc(-c2ccn3c(-c4cccc(NC(=O)NCC(F)(F)F)c4)cnc3c2)nc1C,6.4815
O=C(NCC(F)(F)F)Nc1cccc(-c2cnc3cc(-c4c[nH]c(=O)cn4)ccn23)c1,6.7447
Nc1cccc(-c2ccn3c(-c4cccc(NC(=O)NCC(F)(F)F)c4)cnc3c2)n1,7.6696
O=C(NCC(F)(F)F)Nc1cccc(-c2cnc3cc(-c4cccc(CCO)c4)ccn23)c1,7.4895
Nc1ccnc(-c2ccn3c(-c4cccc(NC(=O)NCC(F)(F)F)c4)cnc3c2)c1,7.3098
O=C(NCC(F)(F)F)Nc1cccc(-c2cnc3cc(-c4nccc(N5CCC(O)CC5)n4)ccn23)c1,6.4001
Nc1ccnc(-c2ccn3c(-c4cccc(NC(=O)NCC(F)(F)F)c4)cnc3c2)n1,6.5045
O=C(NCC(F)(F)F)Nc1cccc(-c2cnc3cc(-c4ccc(CCO)cc4)ccn23)c1,7.5017
CN(C)c1ccc(-c2ccn3c(-c4cccc(NC(=O)NCC(F)(F)F)c4)cnc3c2)nn1,8.1085
NC(=O)Nc1cccc(-c2cnc3cc(Cl)ccn23)c1,5.8601
CN(C)c1ccnc(-c2ccn3c(-c4cccc(NC(=O)NCC(F)(F)F)c4)cnc3c2)n1,6.4168
Cn1cncc1CCc1ccn2c(-c3cccc(NC(=O)NCC(F)(F)F)c3)cnc2c1,6.0721
O=C(NCC(F)(F)F)Nc1cccc(-c2cnc3cc(-c4ccc(CCO)cn4)ccn23)c1,7.7328
O=C(NCC(F)(F)F)Nc1cncc(-c2cnc3cc(-c4cnn(C5CNC5)c4)ccn23)c1,7.8729
Nc1ccc(-c2ccn3c(-c4cccc(NC(=O)NCC(F)(F)F)c4)cnc3c2)nc1,7.7190
Nc1cccnc1-c1ccn2c(-c3cccc(NC(=O)NCC(F)(F)F)c3)cnc2c1,5.9957
Cc1cnnc(-c2ccn3c(-c4cccc(NC(=O)NCC(F)(F)F)c4)cnc3c2)n1,6.3420
O=C(NCC(F)(F)F)Nc1cccc(-c2cnc3cc(-c4ccc(=O)n(CCO)n4)ccn23)c1,7.4157
O=C(NCC(F)(F)F)Nc1cncc(-c2cnc3cc(-c4cnn(C5CCNCC5)c4)ccn23)c1,7.8153
O=C(NCC(F)(F)F)Nc1cccc(-c2cnc3cc(-c4ccc(OC5CCNCC5)nn4)ccn23)c1,7.4045
COc1ncccc1-c1ccn2c(-c3cccc(NC(=O)NCC(F)(F)F)c3)cnc2c1,6.2358
Cc1cc(Cl)nnc1-c1ccn2c(-c3cccc(NC(=O)NCC(F)(F)F)c3)cnc2c1,6.3325
Cc1cc(-c2ccn3c(-c4cccc(NC(=O)NCC(F)(F)F)c4)cnc3c2)nnc1Cl,6.7235
COc1cnc(Cl)nc1-c1ccn2c(-c3cccc(NC(=O)NCC(F)(F)F)c3)cnc2c1,6.0088
CC(=O)N1CCN(c2ccc(-c3ccn4c(-c5cccc(NC(=O)NCC(F)(F)F)c5)cnc4c3)cn2)CC1,7.8697
CN(C)CCCOc1ccc(-c2ccn3c(-c4cccc(NC(=O)NCC(F)(F)F)c4)cnc3c2)cn1,7.4522
O=C(NCC(F)(F)F)Nc1cccc(-c2cnc3cc(-c4ccc(OC5CCCNC5)nn4)ccn23)c1,7.6073
CNc1ccc(-c2ccn3c(-c4cccc(NC(=O)NCC(F)(F)F)c4)cnc3c2)nn1,7.7986
COc1cncnc1-c1ccn2c(-c3cccc(NC(=O)NCC(F)(F)F)c3)cnc2c1,6.3420
O=C(NCC(F)(F)F)Nc1cccc(-c2cnc3cc(-c4ccc(N5CCCC(O)C5)nn4)ccn23)c1,8.0119
Cc1cc(-c2ccn3c(-c4cccc(NC(=O)NCC(F)(F)F)c4)cnc3c2)cnc1N(C)C(=O)OC(C)(C)C,6.8041
O=C(NCC(F)(F)F)Nc1cccc(-c2cnc3cc(-c4nccnn4)ccn23)c1,6.3487
CNc1ncc(-c2ccn3c(-c4cccc(NC(=O)NCC(F)(F)F)c4)cnc3c2)cc1C,7.0119
CCNC(=O)Nc1cccc(-c2cnc3cc(C#Cc4cncn4C)ccn23)c1,6.4962
COc1ccnc(-c2ccn3c(-c4cccc(NC(=O)NCC(F)(F)F)c4)cnc3c2)n1,6.3439
CCNC(=O)Nc1cccc(-c2cnc3cc(-c4ncccn4)ccn23)c1,5.8601
CCNC(=O)Nc1cccc(-c2cnc3cc(-c4ncc(F)c(N)n4)ccn23)c1,6.1675
O=C(NCC(F)(F)F)Nc1cccc(-c2cnc3cc(-c4ncc(F)c(NCCO)n4)ccn23)c1,6.2306
Cn1cncc1C#Cc1ccn2c(-c3cccc(NC(=O)NC4CC4)c3)cnc2c1,6.5258
Nc1nc(-c2ccn3c(-c4cccc(NC(=O)NC5CC5)c4)cnc3c2)ncc1F,6.2411
NC(=O)Nc1cccc(-c2cnc3cc(-c4ncc(F)c(N)n4)ccn23)c1,6.6289
Cc1cnnc(-c2ccn3c(-c4cccc(NC(=O)NCC(F)(F)F)c4)cnc3c2)c1,6.9431
Nc1nc(-c2ccn3c(-c4cncc(NC(=O)NCC(F)(F)F)c4)cnc3c2)ncc1F,6.4789
Cc1nnc(-c2ccn3c(-c4cccc(NC(N)=O)c4)cnc3c2)o1,6.1637
O=C(Nc1cccc(-c2cnc3cc(-c4ncccn4)ccn23)c1)NC1CC1,5.6615
NC(=O)Nc1cccc(-c2cnc3cc(-c4ncccn4)ccn23)c1,6.1512
NC(=O)Nc1cccc(-c2cnc3cc(-c4nncs4)ccn23)c1,7.1308
COCCc1nnc(-c2ccn3c(-c4cccc(NC(=O)NCC(F)(F)F)c4)cnc3c2)s1,7.6216
Cn1cncc1C#Cc1ccn2c(-c3cc(NC(=O)NCC(F)(F)F)ccc3F)cnc2c1,6.7011
CN(C)c1nc(-c2ccn3c(-c4cccc(NC(=O)NCC(F)(F)F)c4)cnc3c2)ncc1F,6.2840
Nc1cnc(-c2ccn3c(-c4cccc(NC(=O)NCC(F)(F)F)c4)cnc3c2)nc1Cl,5.9547
Cc1cc(C)nc(-c2ccn3c(-c4cccc(NC(=O)NCC(F)(F)F)c4)cnc3c2)c1,6.8827
Cc1cc(N)nc(-c2ccn3c(-c4cccc(NC(=O)NCC(F)(F)F)c4)cnc3c2)n1,6.4685
Cc1nc(-c2ccn3c(-c4cccc(NC(=O)NCC(F)(F)F)c4)cnc3c2)ccc1F,7.2007
COc1cnc(-c2ccn3c(-c4cccc(NC(=O)NCC(F)(F)F)c4)cnc3c2)nc1N,6.4510
Nc1cnc(-c2ccn3c(-c4cccc(NC(=O)NCC(F)(F)F)c4)cnc3c2)nc1,6.3478
COc1cnc(-c2ccn3c(-c4cccc(NC(=O)NCC(F)(F)F)c4)cnc3c2)nc1,6.5850
Cc1cnc(-c2ccn3c(-c4cccc(NC(=O)NCC(F)(F)F)c4)cnc3c2)nc1N,6.3778
Cc1cnc(N)nc1-c1ccn2c(-c3cccc(NC(=O)NCC(F)(F)F)c3)cnc2c1,6.4078
NC(=O)Nc1cccc(-c2cnc3cc(-c4ccc(F)cc4)ccn23)c1,7.3655
Cn1cncc1C#Cc1ccn2c(-c3cccc(NC(N)=O)c3)cnc2c1,7.0205
O=C(Nc1cccc(-c2cnc3cc(-c4nncs4)ccn23)c1)NC1CC1,6.7620
Nc1nc(-c2ccn3c(-c4cccc(NC(=O)NCC(F)(F)F)c4)cnc3c2)ncc1C(F)(F)F,6.3188
O=C(NCC(F)(F)F)Nc1cccc(-c2cnc3cc(-c4ncc(F)c(NC5CC5)n4)ccn23)c1,5.9208
COc1nccc(-c2ccn3c(-c4cccc(NC(=O)NCC(F)(F)F)c4)cnc3c2)n1,6.4547
NCCNc1nc(-c2ccn3c(-c4cccc(NC(=O)NCC(F)(F)F)c4)cnc3c2)ncc1F,6.1891
COc1cc(-c2ccn3c(-c4cccc(NC(=O)NCC(F)(F)F)c4)cnc3c2)ncn1,6.8239
O=C(NCC(F)(F)F)Nc1cccc(-c2cnc3cc(-c4cc(=O)[nH]cn4)ccn23)c1,6.6198
O=C(NCC(F)(F)F)Nc1cccc(-c2cnc3cc(-c4nnc(CCO)s4)ccn23)c1,7.7212
Cc1nnc(-c2ccn3c(-c4cccc(NC(=O)NC5CC5)c4)cnc3c2)o1,6.1549
NC(=O)c1ccnc(-c2ccn3c(-c4cccc(NC(=O)NCC(F)(F)F)c4)cnc3c2)n1,6.7670
O=C(NCC(F)(F)F)Nc1cccc(-c2cnc3cc(-c4nccc(N5CCNCC5)n4)ccn23)c1,6.5850
O=C(NCC(F)(F)F)Nc1cccc(-c2cnc3cc(/C=C/c4ccccn4)ccn23)c1,6.8597
COc1ncc(-c2ccn3c(-c4cccc(NC(=O)NCC(F)(F)F)c4)cnc3c2)cc1C,6.7447
Cn1ccnc1/C=C/c1ccn2c(-c3cccc(NC(=O)NCC(F)(F)F)c3)cnc2c1,6.5850
O=C(NCC(F)(F)F)Nc1cccc(-c2cnc3cc(-c4nccc(O)n4)ccn23)c1,5.4202
Cn1ccnc1C#Cc1ccn2c(-c3cccc(NC(=O)NCC(F)(F)F)c3)cnc2c1,6.8985
CC(C)n1ccnc1C#Cc1ccn2c(-c3cccc(NC(=O)NCC(F)(F)F)c3)cnc2c1,6.3947
CC(C)(O)c1cccc(-c2ccn3c(-c4cccc(NC(=O)NCC(F)(F)F)c4)cnc3c2)c1,7.3468
Cc1nc(-c2ccn3c(-c4cccc(NC(=O)NCC(F)(F)F)c4)cnc3c2)cc(N2CCN(CCO)CC2)n1,6.1938
CNc1cc(-c2ccn3c(-c4cccc(NC(=O)NCC(F)(F)F)c4)cnc3c2)ncn1,7.4318
Cn1cncc1/C=C/c1ccn2c(-c3cccc(NC(=O)NCC(F)(F)F)c3)cnc2c1,7.2596
NC1CN(c2ccnc(-c3ccn4c(-c5cccc(NC(=O)NCC(F)(F)F)c5)cnc4c3)n2)C1,6.6198
Cc1nc(-c2ccn3c(-c4cccc(NC(=O)NCC(F)(F)F)c4)cnc3c2)cc(N(C)C)n1,6.5686
O=C(NCC(F)(F)F)Nc1cccc(-c2cnc3cc(-c4ccnc(C(F)(F)F)n4)ccn23)c1,6.7696
Cc1cnc(-c2ccn3c(-c4cccc(NC(=O)NCC(F)(F)F)c4)cnc3c2)nc1N(C)C,6.2441
O=C(NCC(F)(F)F)Nc1cccc(-c2cnc3cc(-c4nccc(N5CCC5)n4)ccn23)c1,6.0862
Cn1c(CO)cnc1C#Cc1ccn2c(-c3cccc(NC(=O)NCC(F)(F)F)c3)cnc2c1,6.8861
O=C(NCC(F)(F)F)Nc1cccc(-c2cnc3cc(C#Cc4nccn4CCO)ccn23)c1,6.8239
CC(C)(C)OC(=O)NCC1CCN(c2ccc(-c3ccn4c(-c5cccc(NC(=O)NCC(F)(F)F)c5)cnc4c3)cn2)CC1,6.7696
O=C(NCC(F)(F)F)Nc1cccc(-c2cnc3cc(-c4ccc(O)cn4)ccn23)c1,7.6021
O=C(NCC(F)(F)F)Nc1cccc(-c2cnc3cc(-c4nccc(N5CC(O)C5)n4)ccn23)c1,6.2840
N#Cc1ccnc(-c2ccn3c(-c4cccc(NC(=O)NCC(F)(F)F)c4)cnc3c2)n1,6.0809
COc1ccc(-c2ccn3c(-c4cccc(NC(=O)NCC(F)(F)F)c4)cnc3c2)nc1,7.5686
CSc1nc(N)cc(-c2ccn3c(-c4cccc(NC(=O)NCC(F)(F)F)c4)cnc3c2)n1,7.2291
O=C(NCC(F)(F)F)Nc1cccc(-c2cnc3cc(/C=C/CO)ccn23)c1,6.7696
CNc1nc(-c2ccn3c(-c4cccc(NC(=O)NCC(F)(F)F)c4)cnc3c2)ncc1N,6.0862
Nc1cnc(-c2ccn3c(-c4cccc(NC(=O)NCC(F)(F)F)c4)cnc3c2)nc1N,6.4685
N#Cc1ccc(-c2ccn3c(-c4cccc(NC(=O)NCC(F)(F)F)c4)cnc3c2)nn1,7.3010
NC(=O)c1ccc(-c2ccn3c(-c4cccc(NC(=O)NCC(F)(F)F)c4)cnc3c2)nc1,7.4949
Cc1nc(N)cc(-c2ccn3c(-c4cccc(NC(=O)NCC(F)(F)F)c4)cnc3c2)n1,7.3768
NC(=O)c1ccnc(-c2ccn3c(-c4cccc(NC(=O)NCC(F)(F)F)c4)cnc3c2)c1,6.5229
O=C(NCC(F)(F)F)Nc1cccc(-c2cnc3cc(-c4nccc(-n5ccnc5)n4)ccn23)c1,7.9208
CN(C)c1cc(-c2ccn3c(-c4cccc(NC(=O)NCC(F)(F)F)c4)cnc3c2)nc(C(F)(F)F)n1,6.5528
CCOC(=O)Nc1nc(-c2ccn3c(-c4cccc(NC(=O)NCC(F)(F)F)c4)cnc3c2)ncc1F,6.1938
CN(C)S(=O)(=O)n1ccnc1-c1ccnc(-c2ccn3c(-c4cccc(NC(=O)NCC(F)(F)F)c4)cnc3c2)n1,7.5528
O=C(NCC(F)(F)F)Nc1cccc(-c2cnc3cc(-c4cnn(C5CN(CCO)C5)c4)ccn23)c1,6.0000
CNc1cc(-c2ccn3c(-c4cccc(NC(=O)NCC(F)(F)F)c4)cnc3c2)nc(SC)n1,7.6576
Cc1nc2cc(-c3ccn4c(-c5cccc(NC(=O)NCC(F)(F)F)c5)cnc4c3)ccc2s1,6.9586
NCC1CCN(c2ccc(-c3ccn4c(-c5cccc(NC(=O)NCC(F)(F)F)c5)cnc4c3)cn2)CC1,8.0000
CNC(=O)c1ccnc(-c2ccn3c(-c4cccc(NC(=O)NCC(F)(F)F)c4)cnc3c2)n1,6.8239
O=C(NCC(F)(F)F)Nc1cccc(-c2cnc3cc(-c4nccc(N5CCN(CCO)CC5)n4)ccn23)c1,6.1739
Nc1nnc(-c2ccn3c(-c4cccc(NC(=O)NCC(F)(F)F)c4)cnc3c2)s1,7.8539
O=C(NCC(F)(F)F)Nc1cccc(-c2cnc3cc(-c4nccc(C(=O)N5CCOCC5)n4)ccn23)c1,6.5086
CNC(=O)c1cc(C)nc(-c2ccn3c(-c4cccc(NC(=O)NCC(F)(F)F)c4)cnc3c2)n1,6.2518
CNC(=O)c1ccc(-c2ccn3c(-c4cccc(NC(=O)NCC(F)(F)F)c4)cnc3c2)nc1,7.8239
Cc1cn2nc(-c3ccn4c(-c5cccc(NC(=O)NCC(F)(F)F)c5)cnc4c3)sc2n1,7.8539
Cc1cc(-c2ccn3c(-c4cccc(NC(=O)NCC(F)(F)F)c4)cnc3c2)nc(C(C)C)n1,7.0809
Nc1nc(-c2ccn3c(-c4cccc(NC(=O)NCC(F)(F)F)c4)cnc3c2)ncc1OCCO,6.4815
CCNc1nnc(-c2ccn3c(-c4cccc(NC(=O)NCC(F)(F)F)c4)cnc3c2)s1,8.0706
CC(C)(O)c1ccc(-c2ccn3c(-c4cccc(NC(=O)NCC(F)(F)F)c4)cnc3c2)cc1,7.7696
CCOC(=O)c1cnc(-c2ccn3c(-c4cccc(NC(=O)NCC(F)(F)F)c4)cnc3c2)nc1N,6.2147
O=C(NCC(F)(F)F)Nc1cccc(-c2cnc3cc(-c4cc(C(F)(F)F)ncn4)ccn23)c1,6.6198
CCNC(=O)Nc1cccc(-c2cnc3cc(-c4ccc(F)c(C)n4)ccn23)c1,6.9586
CCNC(=O)Nc1cccc(-c2cnc3cc(-c4ncc(OC)cn4)ccn23)c1,6.8539
COCCNc1nnc(-c2ccn3c(-c4cccc(NC(=O)NCC(F)(F)F)c4)cnc3c2)s1,8.0315
Nc1cc(C(F)(F)F)nc(-c2ccn3c(-c4cccc(NC(=O)NCC(F)(F)F)c4)cnc3c2)n1,6.0315
Nc1nc(-c2ccn3c(-c4cccc(NC(=O)NCC(F)(F)F)c4)cnc3c2)ncc1C(=O)O,6.4685
Nc1nc(-c2ccn3c(-c4cccc(NC(=O)NCC(F)(F)F)c4)cnc3c2)ccc1C(F)(F)F,6.1024
O=C(NCC(F)(F)F)Nc1cccc(-c2cnc3cc(-c4cnc(C(F)(F)F)nc4)ccn23)c1,7.2007
CN(C)S(=O)(=O)NCC1CCN(c2ccc(-c3ccn4c(-c5cccc(NC(=O)NCC(F)(F)F)c5)cnc4c3)cn2)CC1,7.4559
NC1CCN(c2ccc(-c3ccn4c(-c5cccc(NC(=O)NCC(F)(F)F)c5)cnc4c3)cn2)CC1,8.3010
Nc1nc(-c2ccn3c(-c4cccc(NC(=O)NCC(F)(F)F)c4)cnc3c2)ncc1CO,6.3979
Nc1cc(-c2ccn3c(-c4cccc(NC(=O)NCC(F)(F)F)c4)cnc3c2)ncc1C(F)(F)F,7.0315
CCNC(=O)Nc1cccc(-c2cnc3cc(-c4ncc(C(F)(F)F)c(N)n4)ccn23)c1,6.8539
CCNC(=O)Nc1cccc(-c2cnc3cc(-c4nnc(C(F)(F)F)s4)ccn23)c1,5.1938
Cc1cc(-c2ccn3c(-c4cccc(NC(=O)NCC(F)(F)F)c4)cnc3c2)nc(C(F)(F)F)n1,6.7959
CS(=O)(=O)Nc1nc(-c2ccn3c(-c4cccc(NC(=O)NCC(F)(F)F)c4)cnc3c2)ncc1F,5.6778
O=C(NCC(F)(F)F)Nc1cccc(-c2cnc3cc(-c4nnc(NC5CC5)s4)ccn23)c1,7.8539
COC(=O)c1cnc(-c2ccn3c(-c4cccc(NC(=O)NCC(F)(F)F)c4)cnc3c2)nc1,6.5850
CCOc1cnc(-c2ccn3c(-c4cccc(NC(=O)NCC(F)(F)F)c4)cnc3c2)nc1,6.4685
O=C(NCC(F)(F)F)Nc1cccc(-c2cnc3cc(-c4nnc(CCN5CCCC5)s4)ccn23)c1,6.6576
CC(C)c1cnc(N)nc1-c1ccn2c(-c3cccc(NC(=O)NCC(F)(F)F)c3)cnc2c1,7.8539
CC(C)c1ccnc(-c2ccn3c(-c4cccc(NC(=O)NCC(F)(F)F)c4)cnc3c2)n1,5.2487
O=C(NCC(F)(F)F)Nc1cccc(-c2cnc3cc(-c4ncc(C(F)(F)F)cn4)ccn23)c1,6.1656
COCc1cc(-c2ccn3c(-c4cccc(NC(=O)NCC(F)(F)F)c4)cnc3c2)nc(N)n1,6.2336
CC(C)c1cc(N)nc(-c2ccn3c(-c4cccc(NC(=O)NCC(F)(F)F)c4)cnc3c2)n1,6.2291
CN(C)Cc1cnc(-c2ccn3c(-c4cccc(NC(=O)NCC(F)(F)F)c4)cnc3c2)nc1N,6.8539
O=C(NCC(F)(F)F)Nc1cccc(-c2cnc3cc(-c4ncc(C(=O)O)cn4)ccn23)c1,6.4437
Cc1cn2nc(-c3ccn4c(-c5cc(NC(=O)NCC(F)(F)F)cc(OC(C)C)c5)cnc4c3)sc2n1,7.9208
O=C(NCC(F)(F)F)Nc1cccc(-c2cnc3cc(-c4ncc(CO)cn4)ccn23)c1,6.6198
CC(O)c1cnc(-c2ccn3c(-c4cccc(NC(=O)NCC(F)(F)F)c4)cnc3c2)nc1,6.8861
CC(C)(O)c1cnc(-c2ccn3c(-c4cccc(NC(=O)NCC(F)(F)F)c4)cnc3c2)nc1,7.0000
CC(=O)c1cnc(-c2ccn3c(-c4cccc(NC(=O)NCC(F)(F)F)c4)cnc3c2)nc1,6.8239
CC(F)(F)c1cnc(-c2ccn3c(-c4cccc(NC(=O)NCC(F)(F)F)c4)cnc3c2)nc1,6.7447
Nc1nc(-c2ccn3c(-c4cccc(NC(=O)NCC(F)(F)F)c4)cnc3c2)ncc1CN1CCC1,6.8539
O=C(NCC(F)(F)F)Nc1cc(-c2cnc3cc(-c4ccnc(C(F)(F)F)n4)ccn23)cc(C(F)(F)F)c1,5.8861
O=C(NCC(F)(F)F)Nc1cc(CO)cc(-c2cnc3cc(-c4ccnc(C(F)(F)F)n4)ccn23)c1,6.3565
COc1cc(NC(=O)NCC(F)(F)F)cc(-c2cnc3cc(-c4ccnc(C(F)(F)F)n4)ccn23)c1,6.0195
O=C(NCC(F)(F)F)Nc1cc(Cl)cc(-c2cnc3cc(-c4ccnc(C(F)(F)F)n4)ccn23)c1,6.5686
N#Cc1cc(NC(=O)NCC(F)(F)F)cc(-c2cnc3cc(-c4ccnc(C(F)(F)F)n4)ccn23)c1,7.0362
COCc1cc(N)nc(-c2ccn3c(-c4cccc(NC(=O)NCC(F)(F)F)c4)cnc3c2)n1,6.4685
Nc1nc(-c2ccn3c(-c4cc(Cl)cc(NC(=O)NCC(F)(F)F)c4)cnc3c2)ncc1F,6.5528
O=C(NCC(F)(F)F)Nc1cc(-c2cnc3cc(-c4ncccn4)ccn23)cc(C(F)(F)F)c1,5.8861
O=C(NCC(F)(F)F)Nc1cc(F)cc(-c2cnc3cc(-c4ccnc(C(F)(F)F)n4)ccn23)c1,6.8539
O=C(NCC(F)(F)F)Nc1cc(F)cc(-c2cnc3cc(-c4ncccn4)ccn23)c1,6.8239
O=C(NCC(F)(F)F)Nc1cc(O)cc(-c2cnc3cc(-c4ccnc(C(F)(F)F)n4)ccn23)c1,6.2218
O=C(NCC(F)(F)F)Nc1cc(Br)cc(-c2cnc3cc(-c4ccnc(C(F)(F)F)n4)ccn23)c1,6.3010
Nc1nc(-c2ccn3c(-c4cc(F)cc(NC(=O)NCC(F)(F)F)c4)cnc3c2)ncc1F,6.7696
CC(=O)c1cnc(-c2ccn3c(-c4cccc(NC(=O)NCC(F)(F)F)c4)cnc3c2)nc1N,6.9208
O=C(NCC(F)(F)F)Nc1cc(Cl)cc(-c2cnc3cc(-c4ncccn4)ccn23)c1,6.6778
C[C@@H](Oc1nc(Nc2ccc(S(=O)(=O)C3CC3)cc2)ncc1C(F)(F)F)C(C)(C)O,6.7447
C[C@@H](O)[C@@H](C)Oc1nc(Nc2ccc(S(=O)(=O)c3ccccc3)cc2)ncc1C(F)(F)F,6.4559
C[C@@H](O)[C@@H](C)Oc1nc(Nc2ccc(S(=O)(=O)C(F)F)cc2)ncc1C(F)(F)F,6.3665
C[C@@H](O)[C@@H](C)Oc1nc(Nc2ccc(S(=O)(=O)C3CCCC3)cc2)ncc1C(F)(F)F,6.6383
C=CCS(=O)(=O)c1ccc(Nc2ncc(C(F)(F)F)c(O[C@H](C)C(C)(C)O)n2)cc1,6.3372
CC(C)S(=O)(=O)c1ccc(Nc2ncc(C(F)(F)F)c(O[C@H](C)[C@@H](C)O)n2)cc1,6.7696
C#CCS(=O)(=O)c1ccc(Nc2ncc(C(F)(F)F)c(O[C@H](C)C(C)(C)O)n2)cc1,6.6990
C[C@@H](O)[C@@H](C)Oc1nc(Nc2ccc(S(=O)(=O)CCO)cc2)ncc1C(F)(F)F,6.7696
COC[C@@H](C)Oc1nc(Nc2ccc(S(C)(=O)=O)cc2)ncc1C(F)(F)F,6.3979
C#CCOc1nc(Nc2ccc(S(C)(=O)=O)cc2)ncc1C(F)(F)F,6.2147
C=CCOc1nc(Nc2ccc(S(C)(=O)=O)cc2)ncc1C(F)(F)F,6.0706
CS(=O)(=O)c1ccc(Nc2ncc(C(F)(F)F)c(OC3CCCCC3)n2)cc1,6.0506
C=CC(=O)Nc1cc2c(Nc3ccc(Br)cc3F)ncnc2cc1OCC1CCN(C(C)=O)CC1,6.8827
C=CC(=O)Nc1cc2c(Nc3ccc(Br)cc3F)ncnc2cc1OCC1CCN(C(=O)C(F)(F)F)CC1,6.6021
C=CC(=O)Nc1cc2c(Nc3ccc(Br)cc3F)ncnc2cc1OCC1CCN(C(=O)CS(C)(=O)=O)CC1,6.9666
C=CC(=O)Nc1cc2c(Nc3ccc(Br)cc3F)ncnc2cc1OCC1CCN(C(N)=O)CC1,6.8665
C=CC(=O)Nc1cc2c(Nc3ccc(Br)cc3F)ncnc2cc1OCC1CCN(C(=O)C=C)CC1,6.6925
C=CC(=O)Nc1cc2c(Nc3ccc(Br)cc3F)ncnc2cc1OCc1ccncc1,6.3010
C=CC(=O)Nc1cc2c(Nc3ccc(F)c(F)c3F)ncnc2cc1OCC1CCN(C(C)=O)CC1,6.6021
C=CC(=O)Nc1cc2c(Nc3c(F)cc(Br)cc3F)ncnc2cc1OCC1CCN(C(C)=O)CC1,6.8297
C=CC(=O)Nc1cc2c(Nc3ccc(Br)cc3F)ncnc2cc1OCC1CCN(C(=O)NCCC)CC1,7.3468
C=CC(=O)Nc1cc2c(Nc3ccc(Br)cc3F)ncnc2cc1OCC1CCN(C(=O)CN(C)C)CC1,7.2596
C=CC(=O)Nc1cc2c(Nc3ccc(Br)cc3F)ncnc2cc1OCC1CCN(C(=O)NC(C)(C)C)CC1,7.3010
C=CC(=O)Nc1cc2c(Nc3ccc(Br)cc3F)ncnc2cc1OCCCNC(=O)CN(C)C,6.4597
C=CC(=O)Nc1cc2c(Nc3ccc(Br)cc3F)ncnc2cc1OCCCNC(C)=O,6.8041
C=CC(=O)Nc1cc2c(Nc3ccc(Br)cc3F)ncnc2cc1OCCCNC(=O)C(F)(F)F,6.2284
C=CC(=O)Nc1cc2c(Nc3ccc(Br)cc3F)ncnc2cc1OCCCNC(=O)CS(C)(=O)=O,6.4815
C=CC(=O)Nc1cc2c(Nc3ccc(Br)cc3F)ncnc2cc1OCCCNC(=O)NCC,6.6819
C=CC(=O)Nc1cc2c(Nc3ccc(Br)cc3F)ncnc2cc1OCCCNC,6.8125
C=CC(=O)Nc1cc2c(Nc3ccc(Br)cc3F)ncnc2cc1OCCNC(C)=O,7.0177
C=CC(=O)Nc1cc2c(Nc3ccc(Br)cc3F)ncnc2cc1OCCN(C)C,6.3468
C=CC(=O)Nc1cc2c(Nc3ccc(Br)cc3F)ncnc2cc1OCCCCNC(C)=O,6.2636
C=CC(=O)Nc1cc2c(Nc3ccc(Br)cc3F)ncnc2cc1OCCNC(=O)C1CC1,6.2899
C=CC(=O)Nc1cc2c(Nc3ccc(Br)cc3F)ncnc2cc1OCCNC(=O)C(F)F,6.2815
C=CC(=O)Nc1cc2c(Nc3ccc(Br)cc3F)ncnc2cc1OCCNC(=O)NCC,6.6021
C=CC(=O)Nc1cc2c(Nc3ccc(Br)cc3F)ncnc2cc1OCCNC(N)=O,6.6021
C=CC(=O)Nc1cc2c(Nc3ccc(Br)cc3F)ncnc2cc1OCCNC(=O)CN(C)C,6.2336
C=CC(=O)NCCOc1cc2ncnc(Nc3ccc(Br)cc3F)c2cc1NC(=O)C=C,6.6021
C=CC(=O)Nc1cc2c(Nc3ccc(Br)cc3F)ncnc2cc1OCCNCC(C)=O,6.6021
C=CC(=O)Nc1cc2c(Nc3ccc(Br)cc3F)ncnc2cc1OCCNC(=O)C(F)(F)F,6.3010
C=CC(=O)Nc1cc2c(Nc3ccc(Br)cc3F)ncnc2cc1OCCN,6.2636
C=CC(=O)Nc1cc2c(Nc3ccc(Br)cc3F)ncnc2cc1OCCNC,6.2899
C=CCCOc1cc2ncnc(Nc3ccc(Br)cc3F)c2cc1NC(=O)C=C,6.2815
C=CC(=O)Nc1cc2c(Nc3ccc(Br)cc3F)ncnc2cc1OCCOC,6.5867
C=CC(=O)Nc1cc2c(Nc3ccc(Br)cc3F)ncnc2cc1OCCNS(C)(=O)=O,6.4330
C=CC(=O)Nc1cc2c(Nc3ccc(Br)cc3F)ncnc2cc1OCCNC(=O)NCCC,6.3391
C=CC(=O)Nc1cc2c(Nc3ccc(Br)cc3F)ncnc2cc1OCCNC(=S)NC,6.3401
C=CC(=O)Nc1cc2c(Nc3ccc(Br)cc3F)ncnc2cc1OCCNC(=S)NCC,6.4510
C=CC(=O)Nc1cc2c(Nc3ccc(Br)cc3F)ncnc2cc1OCCNC(=O)NC(C)C,6.0482
C=CC(=O)Nc1cc2c(Nc3ccc(Br)cc3F)ncnc2cc1OCCNC(=O)NC(C)CC,6.4895
C=CNC(=O)NCCOc1cc2ncnc(Nc3ccc(Br)cc3F)c2cc1NC(=O)C=C,6.5784
C=CCNC(=O)NCCOc1cc2ncnc(Nc3ccc(Br)cc3F)c2cc1NC(=O)C=C,6.8097
C=CC(=O)Nc1cc2c(Nc3ccc(Br)c(Cl)c3F)ncnc2cc1OCCNC(=O)N1CCOCC1,6.8729
C=CC(=O)Nc1cc2c(Nc3ccc(Br)cc3F)ncnc2cc1OCCN(C)C(C)=O,6.1630
C=CC(=O)Nc1cc2c(Nc3ccc(Br)cc3F)ncnc2cc1SCCNC(C)=O,6.1051
C=CC(=O)Nc1cc2c(Nc3ccc(Br)cc3F)ncnc2cc1OCCNC(=O)COC,6.7932
C=CC(=O)Nc1cc2c(Nc3ccc(Br)cc3F)ncnc2cc1OCCNC(=O)CO,6.4881
C=CC(=O)Nc1cc2c(Nc3ccc(Br)cc3F)ncnc2cc1OCCNC(=O)CSC,6.1972
C=CC(=O)Nc1cc2c(Nc3ccc(Br)cc3F)ncnc2cc1OCCNC(=O)CS(C)(=O)=O,6.6799
C=CC(=O)Nc1cc2c(Nc3ccc(Br)cc3F)ncnc2cc1OCCNC(=O)C(C)C,6.1561
C=CC(=O)Nc1cc2c(Nc3ccc(Br)cc3F)ncnc2cc1OCCNC(=O)C(=C)C,6.0685
C=CC(=O)Nc1cc2c(Nc3ccc(Br)cc3F)ncnc2cc1OCCNC(=O)C=CC,7.1805
C=CC(=O)Nc1cc2c(Nc3ccc(Br)cc3F)ncnc2cc1OCCNC(=O)CCC,6.0205
C=CC(=O)Nc1cc2c(Nc3ccc(Br)cc3F)ncnc2cc1OCCNC(=O)C=CCC,6.4510
C=CC(=O)Nc1cc2c(Nc3ccc(Br)cc3F)ncnc2cc1OCCNC(=O)C=CCN(C)C,6.0580
C=CC(=O)Nc1cc2c(Nc3ccc(Br)c(Cl)c3F)ncnc2cc1OCCNC(=O)NC(C)(C)C,6.3737
C=CC(=O)Nc1cc2c(Nc3ccc(Br)cc3F)ncnc2cc1OCCNC(=O)CC,6.3270
C=CC(=O)Nc1cc2c(Nc3ccc(Br)cc3F)ncnc2cc1OCCNC(=O)CN(C)CC,6.1844
C=CC(=O)Nc1cc2c(Nc3ccc(Br)cc3F)ncnc2cc1OCCNC(=O)CN,6.6289
C=CC(=O)Nc1cc2c(Nc3ccc(Br)cc3F)ncnc2cc1OCCNC(=O)C(C)N(C)C,6.0205
C=CC(=O)Nc1cc2c(Nc3ccc(Br)cc3F)ncnc2cc1OCCNC(=O)CCN(CC)CC,6.7033
C=CC(=O)Nc1cc2c(Nc3ccc(Br)cc3F)ncnc2cc1OCCNC(=O)CNC,6.1643
C=CC(=O)Nc1cc2c(Nc3ccc(Br)cc3F)ncnc2cc1OCCNC(=O)CCN(C)C,6.4510
C=CC(=O)Nc1cc2c(Nc3ccc(Br)cc3F)ncnc2cc1OCCNC(=O)CCN,6.1255
C=CC(=O)Nc1cc2c(Nc3ccc(Br)cc3F)ncnc2cc1OCCNC(=O)OC,7.0757
C=CC(=O)Nc1cc2c(Nc3ccc(Br)cc3F)ncnc2cc1OCCNC(=O)CCOC,6.6364
C=CC(=O)Nc1cc2c(Nc3ccc(Br)cc3F)ncnc2cc1OCC(=O)NCCN(CC)CC,6.0205
C=CC(=O)Nc1cc2c(Nc3ccc(Br)cc3F)ncnc2cc1OCCNC(=O)CCCN(C)C,6.9031
C=CC(=O)Nc1cc2c(Nc3ccc(Br)cc3F)ncnc2cc1OCCNC(=O)CCO,6.6676
C=CC(=O)Nc1cc2c(Nc3ccc(F)cc3F)ncnc2cc1OCCNC(=O)CN(C)C,6.1630
C=CC(=O)Nc1cc2c(Nc3ccc(Br)cc3F)ncnc2cc1OCCNC(=O)C(=O)OCC,6.6003
C=CC(=O)Nc1cc2c(Nc3ccc(Br)cc3F)ncnc2cc1OCCNC(=O)C(=O)O,7.0757
C=CC(=O)Nc1cc2c(Nc3ccc(Br)cc3F)ncnc2cc1OCCNC(=O)C=NOC,6.1752
C=CC(=O)Nc1cc2c(Nc3ccc(Br)cc3F)ncnc2cc1OCCNC(=O)C(C)CN(C)C,6.4295
C=CC(=O)Nc1cc2c(Nc3ccc(Br)cc3F)ncnc2cc1OCCNC(=O)CC(C)N(C)C,6.1818
C=C(C)C(=O)Nc1cc2c(Nc3ccc(Br)cc3F)ncnc2cc1OCCNC(C)=O,5.0000
CCC(=O)Nc1cc2c(Nc3ccc(Br)cc3F)ncnc2cc1OCCNC(C)=O,6.4377
C=CC(=O)N(C)c1cc2c(Nc3ccc(Br)cc3F)ncnc2cc1OCCNC(C)=O,5.0000
C=CC(=O)Nc1cc2c(Nc3ccc(Br)c(F)c3)ncnc2cc1OCCNC(=O)CN(C)C,5.8441
C=CC(=O)Nc1cc2c(Nc3ccc(Br)cc3F)ncnc2cc1OC(C)CNC(C)=O,7.1135
C=CC(=O)Nc1cc2c(Nc3ccc(Br)cc3F)ncnc2cc1OCC(C)NC(C)=O,7.3872
C=CC(=O)Nc1cc2c(Nc3ccc(Br)cc3F)ncnc2cc1OC[C@@H](C)NC(C)=O,6.8013
C=CC(=O)Nc1cc2c(Nc3ccc(Br)cc3F)ncnc2cc1OC[C@H](C)NC(C)=O,7.1487
C=CC(=O)Nc1cc2c(Nc3ccc(Br)cc3F)ncnc2cc1OCCCNCC(C)=O,7.0269
C=CC(=O)Nc1cc2c(Nc3ccc(Br)cc3F)ncnc2cc1OCC(C)NC(=O)NCCC,6.1057
C=CC(=O)Nc1cc2c(Nc3ccc(Br)cc3F)ncnc2cc1OCC(CC)NC(C)=O,7.0088
C=CC(=O)Nc1cc2c(Nc3ccc(Br)cc3F)ncnc2cc1OCCCNCCC=O,6.1561
C=CC(=O)Nc1cc2c(Nc3ccc(Br)cc3F)ncnc2cc1OC1CCN(C(C)=O)C1,5.0000
C=CC(=O)Nc1cc2c(Nc3ccc(Br)cc3F)ncnc2cc1OC1CCCN(C(C)=O)C1,5.0000
C=CC(=O)Nc1cc2c(Nc3ccc(Br)cc3F)ncnc2cc1OCCNc1nccs1,6.3215
C=CC(=O)Nc1cc2c(Nc3ccc(Br)cc3F)ncnc2cc1OCC1CNC(=O)O1,6.2314
C=CC(=O)Nc1cc2c(Nc3ccc(Br)cc3F)ncnc2cc1OCCNC(=O)c1cccs1,6.8894
C=CC(=O)Nc1cc2c(Nc3ccc(Br)cc3F)ncnc2cc1OCCNC(=O)N1CCOCC1,6.7055
C=CC(=O)Nc1cc2c(Nc3ccc(Br)cc3F)ncnc2cc1OCCNC(=O)N1CCNCC1,6.1561
C=CC(=O)Nc1cc2c(Nc3ccc(Br)cc3F)ncnc2cc1OCCNC(=O)N1CCN(C(C)=O)CC1,6.1068
C=CC(=O)Nc1cc2c(Nc3ccc(Br)cc3F)ncnc2cc1OCCNC(=O)N1CCN(C)CC1,6.4461
C=CC(=O)Nc1cc2c(Nc3ccc(Br)cc3F)ncnc2cc1OCCNC(=O)C1CCCN1,6.1818
C=CC(=O)Nc1cc2c(Nc3ccc(Br)cc3F)ncnc2cc1OCCNC(=O)C1CCCN1C,6.0088
C=CC(=O)Nc1cc2c(Nc3ccc(Br)cc3F)ncnc2cc1OCCNC(=O)c1ccc[nH]1,6.0013
C=CC(=O)Nc1cc2c(Nc3ccc(Br)cc3F)ncnc2cc1OCCNC(=O)CN1CCCCC1,6.0670
C=CC(=O)Nc1cc2c(Nc3ccc(Br)cc3F)ncnc2cc1OCCNC(=O)CN1CCN(C)CC1,6.1844
C=CC(=O)Nc1cc2c(Nc3ccc(Br)cc3F)ncnc2cc1OCCNC(=O)CN1CCOCC1,6.1068
C=CC(=O)Nc1cc2c(Nc3ccc(Br)cc3F)ncnc2cc1OCCNC(=O)CCN1CCCCC1,6.0246
C=CC(=O)Nc1cc2c(Nc3ccc(Br)cc3F)ncnc2cc1OCCNC(=O)C1CCCN1C(C)=O,6.1844
C=CC(=O)Nc1cc2c(Nc3ccc(Br)cc3F)ncnc2cc1OCCNC(=O)C1CCCN1C(=O)CC,6.0691
C=CC(=O)Nc1cc2c(Nc3ccc(Br)cc3F)ncnc2cc1OCCNC(=O)CN1CCCC1,6.6990
C=CC(=O)Nc1cc2c(Nc3ccc(Br)cc3F)ncnc2cc1OCCNC(=O)CN1CC=CC1,6.3134
C=CC(=O)Nc1cc2c(Nc3ccc(Br)cc3F)ncnc2cc1OCC1=NCCO1,6.3206
C=CC(=O)Nc1cc2c(Nc3ccc(Br)cc3F)ncnc2cc1OCCNC(=O)CN1CCC1,6.0218
C=CC(=O)Nc1cc2c(Nc3ccc(F)c(Cl)c3)ncnc2cc1OCCNC(C)=O,5.0000
C=CC(=O)Nc1cc2c(Nc3ccc(Cl)cc3F)ncnc2cc1OCCNC(C)=O,6.9431
C=CC(=O)Nc1cc2c(Nc3ccc(Cl)cc3Cl)ncnc2cc1OCCNC(C)=O,6.5719
C=CC(=O)Nc1cc2c(Nc3ccc(Br)cc3C(F)(F)F)ncnc2cc1OCCNC(C)=O,5.0000
C=CC(=O)Nc1cc2c(Nc3ccc(Br)cc3Cl)ncnc2cc1OCCNC(C)=O,6.0685
C=CC(=O)Nc1cc2c(Nc3ccc(Cl)cc3F)ncnc2cc1OCCNC(=O)CN(C)C,6.1203
C=CC(=O)Nc1cc2c(Nc3cccc(Cl)c3F)ncnc2cc1OCCNC(=O)CN(C)C,6.0246
C=CC(=O)Nc1cc2c(Nc3ccc(F)c(F)c3F)ncnc2cc1OCCNC(C)=O,6.3107
C=CC(=O)Nc1cc2c(Nc3cc(F)c(Br)cc3F)ncnc2cc1OCCNC(C)=O,6.1068
C=CC(=O)Nc1cc2c(Nc3c(F)cc(Br)cc3F)ncnc2cc1OCCNC(C)=O,6.8962
C=CC(=O)Nc1cc2c(Nc3cc(Cl)c(Cl)cc3F)ncnc2cc1OCCNC(C)=O,6.8153
C=CC(=O)Nc1cc2c(Nc3cc(Cl)c(Cl)cc3Cl)ncnc2cc1OCCNC(C)=O,6.1029
C=CC(=O)Nc1cc2c(Nc3c(F)cc(Br)cc3F)ncnc2cc1OCCNC(=O)CN(C)C,6.5719
C=CC(=O)Nc1cc2c(Nc3ccc(Br)c(F)c3F)ncnc2cc1OCCNC(=O)CN(C)C,6.8665
C=CC(=O)Nc1cc2c(Nc3ccc(Br)c(F)c3F)ncnc2cc1OCCNC(=O)CCN(CC)CC,6.6615
C=CC(=O)Nc1cc2c(Nc3ccc(Br)c(F)c3F)ncnc2cc1OCCNC(=O)CCN1CCCCC1,6.8539
C=CC(=O)Nc1cc2c(Nc3ccc(Br)c(F)c3F)ncnc2cc1OCCNC(=O)CCCN(C)C,6.0186
C=CC(=O)Nc1cc2c(Nc3ccc(Cl)nc3)ncnc2cc1OCCNC(C)=O,6.0846
C=CC(=O)Nc1cc2c(Nc3cc(OC)c(Cl)cc3F)ncnc2cc1OCCNC(C)=O,6.4473
C=CC(=O)Nc1cc2c(Nc3ccc(OCc4cccnc4)c(Cl)c3)ncnc2cc1OCCNC(C)=O,6.0691
C=CC(=O)Nc1cc2c(Nc3cc(C(=O)NOC)c(Br)cc3F)ncnc2cc1OCCNC(C)=O,6.1215
C=CC(=O)Nc1cc2c(Nc3cc(OC)c(Cl)cc3Cl)ncnc2cc1OCCNC(C)=O,5.0000
C=CC(=O)Nc1cc2c(Nc3cc(Cl)c(Br)cc3F)ncnc2cc1OCCNC(C)=O,6.3778
C=CC(=O)Nc1cc2c(Nc3cc(Cl)c(Br)cc3F)ncnc2cc1OCCNCC(C)=O,6.7645
C=CC(=O)Nc1cc2c(Nc3cc(Cl)c(Br)cc3F)ncnc2cc1OCCNC(=O)CN(C)C,6.1057
C=CC(=O)Nc1cc2c(Nc3cc(Cl)c(Cl)cc3F)ncnc2cc1OCCN(C)C,6.0675
C=CC(=O)Nc1cc2c(Nc3cc(Cl)c(Cl)cc3F)ncnc2cc1OCCNCC(C)=O,6.0205
C=CC(=O)Nc1cc2c(Nc3cc(Cl)c(Cl)cc3F)ncnc2cc1OCCNC(=O)COC,6.0846
C=CC(=O)Nc1cc2c(Nc3cc(Cl)c(Cl)cc3F)ncnc2cc1OCCNC(=O)CS(C)(=O)=O,6.1824
C=CC(=O)Nc1cc2c(Nc3cc(Cl)c(Cl)cc3F)ncnc2cc1OCCNC(=O)CN(C)C,6.1244
C=CC(=O)Nc1cc2c(Nc3ccc(Br)c(Cl)c3F)ncnc2cc1OCCNC(C)=O,7.2518
C=CC(=O)Nc1cc2c(Nc3ccc(Br)c(Cl)c3F)ncnc2cc1OCCNCC(C)=O,6.9747
C=CC(=O)Nc1cc2c(Nc3ccc(Br)c(Cl)c3F)ncnc2cc1OCCNC(=O)CN(C)C,7.0605
C=CC(=O)Nc1cc2c(Nc3ccc(Br)c(Cl)c3F)ncnc2cc1OCCNC(=O)CCN(CC)CC,7.2676
C=CC(=O)Nc1cc2c(Nc3ccc(Br)c(Cl)c3F)ncnc2cc1OCCNC(=O)CCO,7.0555
C=CC(=O)Nc1cc2c(Nc3ccc(Br)c(Cl)c3F)ncnc2cc1OCCNC(=O)COC,6.5901
C=CC(=O)Nc1cc2c(Nc3ccc(Br)c(Cl)c3F)ncnc2cc1OCCNC(=O)CCN1CCCCC1,7.1024
C=CC(=O)Nc1cc2c(Nc3ccc(Br)c(Cl)c3F)ncnc2cc1OCCNC(=O)CCCN(C)C,6.6861
C=CC(=O)Nc1cc2c(Nc3ccc(Br)c(Cl)c3F)ncnc2cc1OCCNC(=O)CO,6.8327
C=CC(=O)Nc1cc2c(Nc3ccc(Br)c(Cl)c3F)ncnc2cc1OCCNC(=O)CCOC,6.5560
C=CC(=O)Nc1cc2c(Nc3ccc(Br)c(Cl)c3F)ncnc2cc1OCCNC(=O)CN(CC)CC,6.5100
C=CC(=O)Nc1cc2c(Nc3ccc(Br)c(Cl)c3)ncnc2cc1OCCNC(=O)CN(C)C,5.0000
C=CC(=O)Nc1cc2c(Nc3ccc(Br)cc3F)ncnc2cc1OCC(C)(C)NC(=O)CN(C)C,5.0000
C=CC(=O)Nc1cc2c(Nc3ccc(Br)cc3F)ncnc2cc1OCC(C)NC(=O)CCN(CC)CC,6.6038
C=CC(=O)Nc1cc2c(Nc3ccc(Br)c(Cl)c3F)ncnc2cc1OCC(C)NC(=O)CN(C)C,6.1630
C=CC(=O)Nc1cc2c(Nc3ccc(Br)c(Cl)c3F)ncnc2cc1OC[C@H](C)NC(=O)CN(C)C,5.5707
C=CC(=O)Nc1cc2c(Nc3ccc(Br)c(Cl)c3F)ncnc2cc1OC[C@@H](C)NC(=O)CN(C)C,6.2623
C=CC(=O)Nc1cc2c(Nc3ccc(Br)cc3F)ncnc2cc1OCC(CC)NC(=O)CN(C)C,6.0070
C=CC(=O)Nc1cc2c(Nc3ccc(Br)cc3F)ncnc2cc1OCCNC(=O)C(COC)N(C)C,5.9519
C=CC(=O)Nc1cc2c(Nc3ccc(Br)cc3F)ncnc2cc1OCCNC(=O)C(CO)N(C)C,6.0985
C=CC(=O)Nc1cc2c(Nc3ccc(Br)c(Cl)c3F)ncnc2cc1OCCNC(=O)OC,7.1024
C=CC(=O)Nc1cc2c(Nc3cc(OC)c(Cl)cc3OC)ncnc2cc1OCCNC(=O)CN(C)C,5.0000
C=CC(=O)Nc1cc2c(Nc3ccc(Br)cc3F)ncnc2cc1OCCNC(=O)CN(CC)CC,6.3354
C=CC(=O)Nc1cc2c(Nc3ccc(Br)c(Cl)c3F)ncnc2cc1OCCNC(=O)NCC,7.4202
C=CC(=O)Nc1cc2c(Nc3ccc(Br)c(Cl)c3F)ncnc2cc1OCCNC(=O)NCCC,6.8928
C=CC(=O)Nc1cc2c(Nc3ccc(Br)c(Cl)c3F)ncnc2cc1OCCNC(=S)NCC,6.7235
C=CC(=O)Nc1cc2c(Nc3ccc(Br)cc3F)ncnc2cc1OCC1CCN(C(=O)NCC)CC1,6.8665
C=CC(=O)Nc1cc2c(Nc3cc(OC)c(Cl)cc3OC)ncnc2cc1OCCNC(C)=O,7.0458
C=CC(=O)Nc1cc2c(Nc3ccc(Br)cc3F)ncnc2cc1OCCNC(=O)C(C)N,6.7825
Nc1ncc2c(n1)CCN(c1cccc(C(=O)Nc3ccccc3)c1)C2,5.5258
CC(C)c1cccc(NC(=O)c2cccc(N3CCc4nc(N)ncc4C3)c2)c1,7.7993
Cc1cccc(NC(=O)c2cccc(N3CCc4nc(N)ncc4C3)c2)c1,6.9431
CC(C)(C)c1ccc(NC(=O)c2cccc(N3CCc4nc(N)ncc4C3)c2)cc1,7.3872
Nc1ncc2c(n1)CCN(c1cccc(C(=O)Nc3cccc(C(F)(F)F)c3)c1)C2,7.8210
Cc1ccc(NC(=O)c2cccc(N3CCc4nc(N)ncc4C3)c2)cc1,6.1062
COc1cccc(NC(=O)c2cccc(N3CCc4nc(N)ncc4C3)c2)c1,6.9914
CCc1ccc(NC(=O)c2cccc(N3CCc4nc(N)ncc4C3)c2)cc1,6.8386
CCc1cccc(NC(=O)c2cccc(N3CCc4nc(N)ncc4C3)c2)c1,7.6576
CCCc1ccc(NC(=O)c2cccc(N3CCc4nc(N)ncc4C3)c2)cc1,7.1739
CN1CCC(Oc2ccc(NC(=O)c3cccc(N4CCc5nc(N)ncc5C4)c3)cc2)CC1,5.9281
CC(C)c1ccc(NC(=O)c2cccc(N3CCc4nc(N)ncc4C3)c2)cc1,7.3713
CCCCNC(=O)c1cccc(N2CCc3nc(N)ncc3C2)c1,5.3925
CC(C)(C)C1CCC(NC(=O)c2cccc(N3CCc4nc(N)ncc4C3)c2)CC1,6.5129
Nc1ncc2c(n1)CCN(c1cccc(C(=O)NCC3CCCCC3)c1)C2,5.6716
Nc1ncc2c(n1)CCN(c1cccc(C(=O)NC3CCCC3)c1)C2,5.2434
CC(C)(C)CCNC(=O)c1cccc(N2CCc3nc(N)ncc3C2)c1,6.2472
CCN(CC)C(=O)c1cccc(N2CCc3nc(N)ncc3C2)c1,5.9031
CC(C)c1cccc(NC(=O)c2cccc(N3Cc4cnc(N)nc4C3)c2)c1,5.1965
Nc1ncc2c(n1)CN(c1cccc(C(=O)Nc3cccc(C(F)(F)F)c3)c1)C2,5.6718
O=C(Nc1cccc(C(F)(F)F)c1)c1cccc(N2CCc3nc(CS)ncc3C2)c1,6.1169
Cc1ccc(C(=O)Nc2cccc(C(F)(F)F)c2)cc1N1CCc2nc(CS)ncc2C1,7.1487
Cc1ccc(C(=O)Nc2cccc(C(C)C)c2)cc1N1CCc2nc(CS)ncc2C1,7.5086
Cc1ccc(C(=O)Nc2cccc(C(F)(F)F)c2)cc1N1CCc2nc(N)ncc2C1,8.0969
Cc1cc(C(=O)Nc2cccc(C(F)(F)F)c2)cc(N2CCc3nc(N)ncc3C2)c1,7.5686
Cc1ccc(C(=O)Nc2cccc(C(C)C)c2)cc1N1CCc2nc(N)ncc2C1,7.8539
Cc1cc(C(=O)Nc2cccc(C(C)C)c2)cc(N2CCc3nc(N)ncc3C2)c1,7.7696
O=C(Nc1cccc(C(F)(F)F)c1)c1cccc(N2CCc3ncncc3C2)c1,7.7212
Cc1ccc(C(=O)Nc2cccc(C(F)(F)F)c2)cc1N1CCc2ncncc2C1,6.9830
Cc1cc(C(=O)Nc2cccc(C(F)(F)F)c2)cc(N2CCc3ncncc3C2)c1,6.1952
Cc1ccc(C(=O)Nc2cccc(C(C)C)c2)cc1N1CCc2ncncc2C1,7.9586
Cc1cc(C(=O)Nc2cccc(C(C)C)c2)cc(N2CCc3ncncc3C2)c1,6.7986
Nc1ncc2c(n1)CCN(c1cncc(C(=O)Nc3cccc(C(F)(F)F)c3)c1)C2,6.2336
CC(C)c1cccc(NC(=O)c2cncc(N3CCc4nc(N)ncc4C3)c2)c1,6.8268
Cc1cccc(NC(=O)Nc2ccc(N3CCc4ccncc4C3)cc2)c1,5.6576
Cc1cccc(NC(=O)Nc2ccc(N3CCc4ccncc4C3)c(C)c2)c1,6.5114
Cc1cccc(NC(=O)Nc2ccc(N3CCc4ccncc4C3)cc2C)c1,6.3429
CC(C)c1cccc(NC(=O)c2cccc(N3CCc4ccncc4C3)c2)c1,7.4089
COC(=O)c1cncc2c1CCN(c1cccc(C(=O)Nc3cccc(C(C)C)c3)c1)C2,7.9208
CC(C)c1cccc(NC(=O)c2cccc(N3CCc4c(cncc4C(=O)O)C3)c2)c1,7.2676
COC(=O)c1cncc2c1CCN(c1cccc(C(=O)Nc3cccc(C(F)(F)F)c3)c1)C2,8.0969
CC(C)c1cccc(NC(=O)c2cccc(N3CCc4c(cncc4C(=O)NCCCN4CCOCC4)C3)c2)c1,6.4353
CC(C)c1cccc(NC(=O)c2cccc(N3CCc4c(cncc4C(=O)NCCCO)C3)c2)c1,6.6576
COC(=O)CNC(=O)c1cncc2c1CCN(c1cccc(C(=O)Nc3cccc(C(C)C)c3)c1)C2,7.3098
CC(C)c1cccc(NC(=O)c2cccc(N3CCc4c(cncc4C(=O)NCCCN4CCCC4)C3)c2)c1,6.6383
Nc1ncc2c(n1)CCN(c1cccc(C(=O)Nc3ccc(F)c(C(F)(F)F)c3)c1)C2,7.5686
Cc1c(C(=O)Nc2ccc(Oc3ccnc(NC(=O)C4CC4)c3)cn2)c(=O)n(-c2ccccc2)n1C,8.4949
Cc1c(C(=O)Nc2ccc(Oc3ccnc(C(N)=O)c3)c(F)c2)c(=O)n(-c2ccccc2)n1C,6.3468
Cc1c(C(=O)Nc2ccc(Oc3ccnc(NC(=O)C4CC4)c3)c(F)c2)c(=O)n(-c2ccccc2)n1C,8.2007
Cc1c(C(=O)Nc2ccc(Oc3ccnc(NC(=O)C4CC4)c3)cc2)c(=O)n(-c2ccccc2)n1C,8.5376
Cc1c(C(=O)Nc2ccc(Oc3ccnc4cc(OCC(C)(C)O)ccc34)c(F)c2)c(=O)n(-c2ccccc2)n1C,7.4318
Cc1c(C(=O)Nc2ccc(Oc3ccnc4cc(OC[C@@H](C)O)ccc34)c(F)c2)c(=O)n(-c2ccccc2)n1C,7.6383
COc1cc2c(Oc3ccc(NC(=O)c4c(C)n(C)n(-c5ccccc5)c4=O)cc3F)ccnc2cc1OCC(C)(C)O,7.3979
Cn1cc(-c2cc(Oc3ccc(NC(=O)N4CCN(c5ccc(F)cc5)C4=O)nc3)ccn2)cn1,6.0044
Cn1cc(-c2cc(Oc3ccc(NC(=O)N4CCN(C5CCCCC5)C4=O)nc3)ccn2)cn1,6.1739
CNC(=O)c1cc(Oc2ccc(NC(=O)N3CCN(C(C)(C)C)C3=O)nc2)ccn1,5.4815
NC(=O)c1nnc(N[C@@H]2CCOC[C@@H]2N)nc1Nc1cccc2c1ccn2C1CC1,5.8539
Cc1[nH]c(/C=C2\C(=O)Nc3ccc(F)cc32)c(C)c1C(=O)N1CCOCCOCCOCC1,8.6021
COc1cc2c(Oc3ccc(NC(=O)C4(C(=O)Nc5ccc(F)cc5)CC4)cc3F)ccnc2cc1OCCCC(=O)NO,7.9208
Cc1ccc(F)c(NC(=O)Nc2ccc(-c3cccn4nnc(N)c34)cc2)c1,5.6383
Cc1ccc(F)c(NC(=O)Nc2ccc(-c3cccc4nnc(N)n34)cc2)c1,5.5528
Cc1cccc(NC(=O)Nc2ccc(C#Cc3ccc4nc(N)cn4n3)cc2)c1,7.4957
O=C(Nc1ccc(C#Cc2ccc3nccn3n2)cc1)Nc1cccc(C(F)(F)F)c1,6.6724
Cc1cccc(NC(=O)Nc2ccc(C#Cc3ccc4nccn4n3)cc2)c1,7.2588
Nc1cn2nc(C#Cc3ccc(NC(=O)Nc4cc(C(F)(F)F)ccc4F)cc3)ccc2n1,6.7552
O=C(Nc1ccc(C#Cc2ccc3nccn3n2)cc1)Nc1ccc(F)c(Cl)c1,7.0177
Cc1ccc(F)c(NC(=O)Nc2ccc(C#Cc3ccc4nccn4n3)cc2)c1,6.9957
O=C(Nc1ccc(C#Cc2ccc3nccn3n2)cc1)Nc1ccc(Cl)c(C(F)(F)F)c1,6.2926
O=C(Nc1ccccc1)Nc1ccc(C#Cc2ccc3nccn3n2)cc1,5.9194
O=C(Nc1ccc(C#Cc2ccc3nccn3n2)cc1)Nc1cc(C(F)(F)F)ccc1F,5.7118
O=C(Nc1ccc(C#Cc2ccc3nc(NC(=O)Nc4cc(C(F)(F)F)ccc4F)cn3n2)cc1)Nc1cc(C(F)(F)F)ccc1F,5.8438
CC(=O)Nc1cn2nc(C#Cc3ccc(NC(=O)Nc4cccc(C)c4)cc3)ccc2n1,5.4980
Cc1cccc(NC(=O)Nc2ccc(C#Cc3ccc4nc(NC(=O)C5CC5)cn4n3)cc2)c1,5.8834
Cc1ccc(NC(=O)Nc2ccc(C#Cc3ccc4nccn4n3)cc2)cc1,5.6388
Nc1ccc(C#Cc2ccc3nc(NC(=O)Nc4ccc(F)c(Cl)c4)cn3n2)cc1,5.7726
O=C(Nc1ccc(C#Cc2ccc3nc(NC(=O)Nc4ccc(F)c(Cl)c4)cn3n2)cc1)Nc1ccc(F)c(Cl)c1,5.5325
Nc1cn2nc(C#Cc3ccc(NC(=O)c4ccccc4)cc3)ccc2n1,5.9038
Cc1ccc(F)c(C(=O)Nc2cccc(C#Cc3ccc4nc(N)cn4n3)c2)c1,6.5030
O=C(Nc1cccc(C#Cc2ccc3nccn3n2)c1)c1cccc(C(F)(F)F)c1,6.2236
Cc1cccc(C(=O)Nc2cccc(C#Cc3ccc4nccn4n3)c2)c1,6.2973
O=C(Nc1cccc(C#Cc2ccc3nccn3n2)c1)c1ccc(F)c(Cl)c1,6.0847
O=C(Nc1cccc(C#Cc2ccc3nccn3n2)c1)c1cc2ccccc2o1,5.7940
Cc1ccc(F)c(C(=O)Nc2cccc(C#Cc3ccc4nccn4n3)c2)c1,5.6544
O=C(Nc1cccc(C#Cc2ccc3nccn3n2)c1)c1ccccc1,5.6265
Cc1ccc(C(=O)Nc2cccc(C#Cc3ccc4nccn4n3)c2)cc1,5.4889
Cc1ccc(F)c(NC(=O)Nc2cccc(C#Cc3ccc4nccn4n3)c2)c1,5.3284
Cc1ccc(F)c(NC(=O)Nc2ccccc2C#Cc2ccc3nccn3n2)c1,5.7435
Cc1ccc(F)c(NC(=O)Nc2cccc(C#Cc3cccc4[nH]nc(N)c34)c2)c1,7.7368
Nc1n[nH]c2cccc(C#Cc3cccc(NC(=O)Nc4ccccc4)c3)c12,7.5431
Cc1ccc(F)c(NC(=O)Nc2ccc(C#Cc3cccc4[nH]nc(N)c34)cc2)c1,6.9181
Cc1ccc(F)c(C(=O)Nc2ccc(C#Cc3ccc4nc(N)cn4n3)cc2)c1,5.3562
NC(=O)C1(c2ccccc2CCc2nc(Nc3ccc(C4CCNCC4)cc3)ncc2C(F)(F)F)CC1,6.5482
CN1CCC(c2ccc(Nc3ncc(C(F)(F)F)c(CCc4ccccc4C4(C(N)=O)CC4)n3)cc2)CC1,5.7474
NC(=O)C1(c2ccccc2CCc2nc(Nc3ccc(C4CNC4)cc3)ncc2C(F)(F)F)CC1,5.6912
NC(=O)C1(c2ccccc2CCc2nc(Nc3ccc(C4CCNCC4)nc3)ncc2C(F)(F)F)CC1,5.3890
NC(=O)C1(c2ccccc2CCc2nc(Nc3cccnc3)ncc2Cl)CC1,5.1799
NC(=O)C1(c2ccccc2CCc2nc(Nc3ccc(C4CCNCC4)cc3)ncc2Cl)CC1,6.2013
CN1CCC(c2ccc(Nc3ncc(Cl)c(CCc4ccccc4C4(C(N)=O)CC4)n3)cc2)CC1,6.0472
Cn1cc(Nc2ncc(Cl)c(CCc3ccccc3C3(C(N)=O)CC3)n2)cn1,6.5901
NC(=O)C1(c2ccccc2CCc2nc(Nc3cnn(C4CNC4)c3)ncc2Cl)CC1,6.4473
NC(=O)C1(c2ccccc2CCc2nc(Nc3ccc(C4CCNCC4)nc3)ncc2Cl)CC1,5.6998
CN1CCC(c2ccc(Nc3ncc(Cl)c(CCc4ccccc4C4(C(N)=O)CC4)n3)cn2)CC1,7.3372
NC(=O)C1(c2ccccc2CCc2nc(Nc3cnn(C4CCNCC4)c3)ncc2Cl)CC1,6.4056
CN1CCC(n2cc(Nc3ncc(Cl)c(CCc4ccccc4C4(C(N)=O)CC4)n3)cn2)CC1,7.6778
NC(=O)C1(c2ccccc2CCc2nc(Nc3cn[nH]c3)ncc2Cl)CC1,6.6055
NC(=O)C1(c2ccccc2CCc2nc(Nc3cnn(C4CCNC4)c3)ncc2Cl)CC1,5.7557
CN1CCC(n2cc(Nc3ncc(Cl)c(CCc4ccccc4C4(C(N)=O)CC4)n3)cn2)C1,7.1367
CC(N)c1ccc(Nc2ncc(Cl)c(CCc3ccccc3C3(C(N)=O)CC3)n2)cc1,6.6799
CC(C(N)=O)c1ccccc1CCc1nc(Nc2cn[nH]c2)ncc1Cl,5.4218
CC(C(N)=O)c1ccccc1CCc1nc(Nc2cnn(C)c2)ncc1Cl,5.0877
CC(C(N)=O)c1ccccc1CCc1nc(Nc2cnn(C3CCN(C)CC3)c2)ncc1Cl,6.8601
Cn1cc(Nc2ncc(Cl)c(CCc3ccccc3C(C)(C)C(N)=O)n2)cn1,6.4318
CC(C(N)=O)c1ccccc1CCc1nc(Nc2cnn(C3CCNCC3)c2)ncc1C(F)(F)F,5.6529
CC(C(N)=O)c1ccccc1CCc1nc(Nc2cnn(C3CCN(C)CC3)c2)ncc1C(F)(F)F,6.4045
C[C@@H](C(N)=O)c1ccccc1CCc1nc(Nc2cnn(C3CCN(C)CC3)c2)ncc1C(F)(F)F,6.2857
C[C@H](C(N)=O)c1ccccc1CCc1nc(Nc2cnn(C3CCN(C)CC3)c2)ncc1C(F)(F)F,6.4179
Cc1cccc(NC(=O)c2cccc(N3CCc4c(cnc5ccccc45)C3)c2)c1,7.8966
CCc1cccc(NC(=O)c2cccc(N3CCc4c(cnc5ccccc45)C3)c2)c1,7.9715
CC(C)c1cccc(NC(=O)c2cccc(N3CCc4c(cnc5ccccc45)C3)c2)c1,7.8389
CC(C)c1ccc(NC(=O)c2cccc(N3CCc4c(cnc5ccccc45)C3)c2)cc1,7.6228
O=C(Nc1cccc(C(F)(F)F)c1)c1cccc(N2CCc3c(cnc4ccccc34)C2)c1,7.6686
CC(C)c1cccc(NC(=O)c2cccc(N3CCc4c(cnc5cc(CO)c(CO)cc45)C3)c2)c1,8.1549
CC(C)c1ccc(NC(=O)c2cccc(N3CCc4c(cnc5cc(CO)c(CO)cc45)C3)c2)cc1,7.8724
CCc1cccc(NC(=O)c2cccc(N3CCc4c(cnc5ccsc45)C3)c2)c1,8.1109
Cc1ccoc1C(=O)Nc1cccc(C#Cc2cc(C(=O)N=S(C)(C)=O)cnc2N)c1,8.6109
Cc1ccoc1C(=O)Nc1cccc(C#Cc2cncc(C(=O)N=S(C)(C)=O)c2)c1,8.4604
Cc1ccoc1C(=O)Nc1cccc(C#Cc2cncc(C(=O)N=S3(=O)CCCC3)c2)c1,8.6109
Cc1ccoc1C(=O)Nc1cccc(C#Cc2cc(C(=O)N=S3(=O)CCCC3)cnc2N)c1,8.6990
CS(C)(=O)=NC(=O)c1cnc(N)c(C#Cc2cccc(NC(=O)c3ccc(Cl)cc3)c2)c1,8.3724
Cc1ccc(F)c(C(=O)Nc2cccc(C#Cc3cc(C(=O)N=S(C)(C)=O)cnc3N)c2)c1,8.2280
Cn1ccnc1C(=O)Nc1cccc(C#Cc2cc(C(=O)N=S(C)(C)=O)cnc2N)c1,7.7571
Cc1ccc(F)c(NC(=O)Nc2cccc(C#Cc3cncc(C(=O)N=S(C)(C)=O)c3)c2)c1,8.2614
CS(C)(=O)=NC(=O)c1cncc(C#Cc2cccc(NC(=O)Nc3ccccc3F)c2)c1,7.7078
Cc1cccc(NC(=O)Nc2cccc(C#Cc3cncc(C(=O)N=S(C)(C)=O)c3)c2)c1,8.0278
Cc1ccc(NC(=O)Nc2cccc(C#Cc3cncc(C(=O)N=S(C)(C)=O)c3)c2)cc1,8.0229
Cc1ccoc1C(=O)Nc1cccc(C#Cc2cc(C(=O)N=S(C)(=O)CC(=O)N3CC[C@H](O)C3)cnc2N)c1,8.5229
Cc1ccoc1C(=O)Nc1cccc(C#Cc2cncc(C(=O)N=S(C)(=O)CCCN3CCN(CCOCCO)CC3)c2)c1,8.0229
Cc1ccoc1C(=O)Nc1cccc(C#Cc2cncc(C(=O)N=S(=O)(CCCO)CCCO)c2)c1,8.3010
Cc1ccoc1C(=O)Nc1cccc(C#Cc2cc(C(=O)N=S(=O)(CCCO)CCCO)cnc2N)c1,8.5229
O=C(N=S(=O)(CCCO)CCCO)c1cncc(C#Cc2cccc(NC(=O)c3ccc(Cl)c(C(F)(F)F)c3)c2)c1,8.5229
Cc1cccc(C(=O)Nc2cccc(C#Cc3cncc(C(=O)N=S(=O)(CCCO)CCCO)c3)c2)c1,8.5229
O=C(N=S(=O)(CCCO)CCCO)c1cncc(C#Cc2cccc(NC(=O)c3cccc(C(F)(F)F)c3)c2)c1,8.3979
O=C(N=S(=O)(CCCO)CCCO)c1cncc(C#Cc2cccc(NC(=O)c3ccc(F)c(Cl)c3)c2)c1,8.3010
Cc1ccc(F)c(C(=O)Nc2cccc(C#Cc3cncc(C(=O)N=S(=O)(CCCO)CCCO)c3)c2)c1,8.0458
COc1cccc(C(=O)Nc2cccc(C#Cc3cc(C(=O)N=S(=O)(CCCO)CCCO)cnc3N)c2)c1,8.3010
Cc1cccc(NC(=O)c2cccc(C#Cc3cc(C(=O)N=S(=O)(CCCO)CCCO)cnc3N)c2)c1,8.5229
COC(=O)CCCCS(C)(=O)=NC(=O)c1cnc(N)c(C#Cc2cccc(NC(=O)c3occc3C)c2)c1,8.5775
Cc1ccoc1C(=O)Nc1cccc(C#Cc2cc(C(=O)N=S(C)(=O)CCCCC(=O)O)cnc2N)c1,7.8191
COC(=O)CCCCS(C)(=O)=NC(=O)c1cnc(N)c(C#Cc2cccc(NC(=O)c3cc(C)ccc3F)c2)c1,8.0969
COC(=O)CCCCS(C)(=O)=NC(=O)c1cnc(N)c(C#Cc2cccc(NC(=O)c3cccc(C)c3)c2)c1,8.6990
COC(=O)CCCCS(C)(=O)=NC(=O)c1cnc(N)c(C#Cc2cccc(NC(=O)c3cc(C(F)(F)F)ccc3F)c2)c1,8.5000
COC(=O)CCCCS(C)(=O)=NC(=O)c1cnc(N)c(C#Cc2cccc(NC(=O)c3cccc(C(F)(F)F)c3)c2)c1,8.3979
COC(=O)CCCCS(C)(=O)=NC(=O)c1cnc(N)c(C#Cc2cccc(NC(=O)c3ccc(Cl)c(C(F)(F)F)c3)c2)c1,8.3099
COC(=O)CCCCS(C)(=O)=NC(=O)c1cnc(N)c(C#Cc2cccc(NC(=O)c3cccc(OC)c3)c2)c1,8.6505
COC(=O)CCCCS(C)(=O)=NC(=O)c1cnc(N)c(C#Cc2cccc(NC(=O)c3ccc(OC)c(OC)c3)c2)c1,8.1109
COC(=O)CCCC[S@](C)(=O)=NC(=O)c1cnc(N)c(C#Cc2cccc(NC(=O)c3occc3C)c2)c1,8.7614
COC(=O)CCCC[S@@](C)(=O)=NC(=O)c1cnc(N)c(C#Cc2cccc(NC(=O)c3occc3C)c2)c1,8.6109
COC(=O)CCCCS(C)(=O)=NC(=O)c1cnc(N)c(C#Cc2cccc(C(=O)Nc3cccc(C)c3)c2)c1,8.4269
COC(=O)CCCCS(C)(=O)=NC(=O)c1cnc(N)c(C#Cc2cccc(C(=O)Nc3cc(C)ccc3F)c2)c1,7.7696
COC(=O)CCCCS(C)(=O)=NC(=O)c1cnc(N)c(C#Cc2cccc(C(=O)Nc3cc(C(C)(C)C)on3)c2)c1,8.5000
COC(=O)CCCCS(C)(=O)=NC(=O)c1cnc(N)c(C#Cc2cccc(NC(=O)Nc3cc(C)ccc3F)c2)c1,8.3010
COC(=O)CCCCS(C)(=O)=NC(=O)c1cnc(N)c(C#Cc2cccc(NC(=O)Nc3cccc(C)c3)c2)c1,8.3979
Cc1ccoc1C(=O)Nc1cccc(C#Cc2cncc(C(=O)N=S(C)(=O)CCCO)c2)c1,8.4269
Cc1ccoc1C(=O)Nc1cccc(C#Cc2cc(C(=O)N=S(C)(=O)CCCO)cnc2N)c1,8.6109
Cc1ccoc1C(=O)Nc1cccc(C#Cc2cncc(C(=O)N=[S@@](C)(=O)CCCO)c2)c1,8.5229
Cc1ccoc1C(=O)Nc1cccc(C#Cc2cncc(C(=O)N=[S@](C)(=O)CCCO)c2)c1,8.3010
COc1cc(Nc2ncc3c(n2)CCN(C(=O)c2ccccc2)C3)cc(OC)c1OC,5.3224
COc1ccc(Nc2ncc3c(n2)CCN(C(=O)c2cccnc2)C3)cc1,8.3010
COc1cccc(Nc2ncc3c(n2)CCN(C(=O)c2cccnc2)C3)c1,6.3536
COc1ccccc1Nc1ncc2c(n1)CCN(C(=O)c1cccnc1)C2,8.0000
Cn1nccc1Nc1ncc2c(n1)CCN(C(=O)c1cccnc1)C2,7.7959
O=C(c1cccnc1)N1CCc2nc(Nc3ccsc3)ncc2C1,7.9586
O=C(c1cccnc1)N1CCc2nc(Nc3cccc(F)c3)ncc2C1,6.5622
COc1cc(Nc2ncc3c(n2)CCN(C(=O)c2occc2C)C3)cc(OC)c1OC,8.2218
COc1cc(Nc2ncc3c(n2)CCN(C(=O)c2cc(C)nn2C)C3)cc(OC)c1OC,8.3010
COc1cc(Nc2ncc3c(n2)CCN(C(=O)c2cccs2)C3)cc(OC)c1OC,8.0969
COc1cc(Nc2ncc3c(n2)CCN(C(=O)c2ccccn2)C3)cc(OC)c1OC,5.7328
NC(=O)/C=C(/c1ccccc1)c1ccc(NC(=O)Nc2cc(C(F)(F)F)ccc2F)cc1,6.2034
COc1cccc(/C(=C/C(N)=O)c2ccc(NC(=O)Nc3cc(C(F)(F)F)ccc3F)cc2)c1,6.0246
COc1ccc(/C(=C/C(N)=O)c2ccc(NC(=O)Nc3cc(C(F)(F)F)ccc3F)cc2)cc1,6.3401
NC(=O)/C=C\c1ccc(NC(=O)Nc2cc(C(F)(F)F)ccc2F)cc1,5.5544
CC(C)(C)c1ccc(-n2cccc(N3CCc4nc(N)ncc4C3)c2=O)cc1,6.5436
Cc1ccn(-c2ccc(C(C)(C)C)cc2)c(=O)c1N1CCc2nc(N)ncc2C1,7.0655
Cc1ccn(-c2cccc(N(C)C)c2)c(=O)c1N1CCc2nc(N)ncc2C1,6.4855
Cc1ccoc1C(=O)Nc1ccc(-n2ccc(C)c(N3CCc4nc(N)ncc4C3)c2=O)cc1,7.5376
COC(=O)c1cc2nccc(Oc3ccc(NC(=O)Nc4cc(C)ccc4F)cc3)c2s1,8.2218
Cc1ccc(F)c(NC(=O)Nc2ccc(Oc3ccnc4cc(C(=O)O)sc34)cc2)c1,7.6183
COC(=O)c1cc2nccc(Oc3cccc(NC(=O)Nc4cc(C)ccc4F)c3)c2s1,7.5669
COC(=O)c1cc2nccc(-c3ccc(NC(=O)Nc4cc(C)ccc4F)cc3)c2s1,4.0000
Cc1ccc(F)c(NC(=O)Nc2ccc(-c3ccnc4cc(C(=O)O)sc34)cc2)c1,4.0000
Cc1ccc(F)c(NC(=O)Nc2ccc(Oc3ccnc4cc(C(=O)NCCC(=O)O)sc34)cc2)c1,7.9586
Cc1ccc(F)c(NC(=O)Nc2ccc(Oc3ccnc4cc(C(=O)NCCC(=O)O)sc34)cc2F)c1,8.0000
Cc1ccc(F)c(NC(=O)Nc2ccc(Oc3ccnc4cc(C(=O)O)sc34)cc2F)c1,7.9586
Cc1ccc(F)c(NC(=O)Nc2ccc(Oc3ccnc4cc(C(=O)NCCCc5nn[nH]n5)sc34)cc2)c1,7.7113
Cc1ccc(F)c(NC(=O)Nc2ccc(Oc3ccnc4cc(C(=O)NCCc5nn[nH]n5)sc34)cc2)c1,7.6175
CCOC(=O)CN1CCN(CCCNC(=O)c2cc3nccc(Oc4ccc(NC(=O)Nc5cc(C)ccc5F)cc4)c3s2)CC1,7.9332
Cc1ccc(F)c(NC(=O)Nc2ccc(Oc3ccnc4cc(C(=O)NCCCN5CCCC(CO)C5)sc34)cc2)c1,7.9659
COC(=O)CNCCCNC(=O)c1cc2nccc(Oc3ccc(NC(=O)Nc4cc(C)ccc4F)cc3)c2s1,8.8099
COC(=O)CN(CCCNC(=O)c1cc2nccc(Oc3ccc(NC(=O)Nc4cc(C)ccc4F)cc3)c2s1)CC(=O)OC,8.9604
CCOC(=O)N1CCN(CCNC(=O)c2cc3nccc(Oc4ccc(NC(=O)Nc5cc(C)ccc5F)c(F)c4)c3s2)CC1,8.1003
CCOC(=O)N1CCN(CCCNC(=O)c2cc3nccc(Oc4ccc(NC(=O)Nc5cc(C)ccc5F)c(F)c4)c3s2)CC1,7.9269
Cc1ccc(F)c(NC(=O)Nc2ccc(Oc3ccnc4cc(C(=O)NCCCN5CCOC(CO)C5)sc34)cc2F)c1,8.5775
Cc1ccc(F)c(NC(=O)Nc2ccc(Oc3ccnc4cc(C(=O)NCCCN5CCC(O)CC5)sc34)cc2F)c1,8.0044
COC(=O)[C@@H]1C[C@@H](O)CN1CCCNC(=O)c1cc2nccc(Oc3ccc(NC(=O)Nc4cc(C)ccc4F)c(F)c3)c2s1,8.5000
COC(=O)C1CCCN1CCCNC(=O)c1cc2nccc(Oc3ccc(NC(=O)Nc4cc(C)ccc4F)c(F)c3)c2s1,8.3099
Cc1ccc(F)c(NC(=O)Nc2ccc(Oc3ccnc4cc(C(=O)NCCCN5CCCC5)sc34)cc2F)c1,8.3724
Cc1ccc(F)c(NC(=O)Nc2ccc(Oc3ccnc4cc(C(=O)NCCCNC(=O)OC(C)(C)C)sc34)cc2F)c1,7.8772
Cc1ccc(F)c(NC(=O)Nc2ccc(Oc3ccnc4cc(C(=O)NCCCN)sc34)cc2F)c1,8.0775
CCNC(=O)[C@H](CCC(=O)O)NC(=O)c1cc2nccc(Oc3ccc(NC(=O)Nc4cc(C)ccc4F)c(F)c3)c2s1,7.1027
Cc1ccc(F)c(NC(=O)Nc2ccc(Oc3ccnc4cc(C(=O)NCCCN5CCC(C(=O)O)C5)sc34)cc2F)c1,7.4464
COC(=O)CC[C@H](NC(=O)c1cc2nccc(Oc3ccc(NC(=O)Nc4cc(C)ccc4F)c(F)c3)c2s1)C(=O)OC,7.9332
Cc1ccc(F)c(NC(=O)Nc2ccc(Oc3ccnc4cc(C(=O)NCCCN5CCOCC5)sc34)cc2F)c1,8.0568
CCOC(=O)CCCNC(=O)c1cc2nccc(Oc3ccc(NC(=O)Nc4cc(C)ccc4F)c(F)c3)c2s1,8.4269
Cc1ccc(F)c(NC(=O)Nc2ccc(Oc3ccnc4cc(C(=O)NCCCC(=O)O)sc34)cc2)c1,8.3099
Cc1ccc(F)c(NC(=O)Nc2ccc(Oc3ccnc4cc(C(=O)NCCCN5CCCCC5)sc34)cc2)c1,8.0969
Cc1ccc(F)c(NC(=O)Nc2ccc(Oc3ccnc4cc(C(=O)NCCCN5CCN(C)CC5)sc34)cc2)c1,8.6990
Cc1ccc(F)c(NC(=O)Nc2ccc(Oc3ccnc4cc(C(=O)NCCCN5CCCC5)sc34)cc2)c1,7.9604
CCN(CC)CCNC(=O)c1cc2nccc(Oc3ccc(NC(=O)Nc4cc(C)ccc4F)cc3)c2s1,8.1783
CCN(CC)CCCNC(=O)c1cc2nccc(Oc3ccc(NC(=O)Nc4cc(C)ccc4F)cc3)c2s1,8.2843
Cc1ccoc1C(=O)Nc1cccc(Oc2ccnc3cc(C(=O)O)sc23)c1,7.0997
Cc1ccoc1C(=O)Nc1cccc(Oc2ccnc3cc(C(=O)NO)sc23)c1,7.8772
Cc1ccc(F)c(NC(=O)c2cccc(Oc3ccnc4cc(C(=O)O)sc34)c2)c1,7.3797
CCNC(=O)c1cc2nccc(Oc3cccc(C(=O)Nc4cc(C)ccc4F)c3)c2s1,7.8979
CCN(CC)C(=O)c1cc2nccc(Oc3cccc(C(=O)Nc4cc(C)ccc4F)c3)c2s1,7.6744
COC(=O)CNCCCNC(=O)c1cc2nccc(Oc3cccc(C(=O)Nc4cc(C)ccc4F)c3)c2s1,7.9208
Cc1ccc(F)c(NC(=O)Nc2ccc(Oc3ccnc4cc(C(=O)NCCCN5CCOC(CO)C5)sc34)cc2)c1,8.1549
COC(=O)[C@@H]1C[C@@H](O)CN1CCCNC(=O)c1cc2nccc(Oc3ccc(NC(=O)Nc4cc(C)ccc4F)cc3)c2s1,8.3979
COC(=O)CNCCCNC(=O)c1cc2nccc(Oc3ccc(NC(=O)Nc4cc(C)ccc4F)c(F)c3)c2s1,8.3010
COC(=O)CN(CCCNC(=O)c1cc2nccc(Oc3ccc(NC(=O)Nc4cc(C)ccc4F)c(F)c3)c2s1)CC(=O)OC,8.3010
COC(=O)CN(CCNC(=O)c1cc2nccc(Oc3ccc(NC(=O)Nc4cc(C)ccc4F)c(F)c3)c2s1)CC(=O)OC,7.7959
COC(=O)C1CCN(C(=O)c2cc3nccc(Oc4ccc(NC(=O)Nc5cc(C)ccc5F)c(F)c4)c3s2)C1,8.3010
CCOC(=O)CN1CCN(C(=O)CN2CCN(C(=O)c3cc4nccc(Oc5ccc(NC(=O)Nc6cc(C)ccc6F)c(F)c5)c4s3)CC2)CC1,8.3010
CCOC(=O)CN1CCN(C(=O)c2cc3nccc(Oc4ccc(NC(=O)Nc5cc(C)ccc5F)c(F)c4)c3s2)CC1,8.1549
COC(=O)CNCCNC(=O)c1cc2nccc(Oc3ccc(NC(=O)Nc4cc(C)ccc4F)c(F)c3)c2s1,8.0458
Cc1ccc(F)c(NC(=O)Nc2ccc(Oc3ccnc4cc(C(=O)NCCN)sc34)cc2F)c1,8.3979
Cc1ccc(F)c(NC(=O)Nc2ccc(Oc3ccnc4cc(C(=O)NCCNC(=O)OC(C)(C)C)sc34)cc2F)c1,7.6198
Cc1ccc(F)c(NC(=O)Nc2ccc(Oc3ccnc4cc(C(=O)NCCCN5CCN(C)CC5)sc34)cc2F)c1,8.5229
Cc1ccc(F)c(NC(=O)Nc2ccc(Oc3ccnc4cc(C(=O)NCCCN5CCCC(CO)C5)sc34)cc2F)c1,8.1549
Cc1ccc(F)c(NC(=O)Nc2ccc(Oc3ccnc4cc(C(=O)N[C@@H](CCC(=O)OC(C)(C)C)C(=O)O)sc34)cc2F)c1,8.1549
Cc1ccc(F)c(NC(=O)Nc2ccc(Oc3ccnc4cc(C(=O)NCCCO)sc34)cc2F)c1,7.9208
CCOC(=O)CCCNC(=O)c1cc2nccc(Oc3ccc(NC(=O)Nc4cc(C)ccc4F)cc3)c2s1,7.6990
Cc1ccc(F)c(NC(=O)Nc2ccc(Oc3ccnc4cc(C(=O)N=S(C)(C)=O)sc34)cc2F)c1,8.5229
Cc1ccc(F)c(NC(=O)Nc2ccc(Oc3ccnc4cc(C(=O)N=S(C)(C)=O)sc34)cc2)c1,8.6990
Cc1ccc(F)c(NC(=O)Nc2ccc(Oc3ccnc4cc(C(=O)NCCCC(=O)O)sc34)cc2F)c1,7.8861
COC(=O)c1cc2nccc(Oc3cccc(NC(=O)c4occc4C)c3)c2s1,7.6198
CCNC(=O)c1cc2nccc(Oc3cccc(NC(=O)c4occc4C)c3)c2s1,8.0458
CCN(CC)C(=O)c1cc2nccc(Oc3cccc(NC(=O)c4occc4C)c3)c2s1,7.5686
Cc1ccoc1C(=O)Nc1cccc(Oc2ccnc3cc(C(=O)NCCCO)sc23)c1,7.9586
Cc1ccoc1C(=O)Nc1cccc(Oc2ccnc3cc(C(=O)NCCO)sc23)c1,7.7696
Cc1ccoc1C(=O)Nc1cccc(Oc2ccnc3cc(C(=O)NCCc4nn[nH]n4)sc23)c1,7.8539
Cc1ccoc1C(=O)Nc1cccc(Oc2ccnc3cc(C(=O)OCCCO)sc23)c1,8.0458
Cc1ccoc1C(=O)Nc1cccc(Oc2ccnc3cc(C(=O)OCCO)sc23)c1,7.7696
COCCOC(=O)c1cc2nccc(Oc3cccc(NC(=O)c4occc4C)c3)c2s1,7.7212
COC(=O)CNCCCNC(=O)c1cc2nccc(Oc3cccc(NC(=O)c4occc4C)c3)c2s1,7.9586
CCc1cccc(NC(=O)Nc2ccc(-c3cc4ccccc4n3C(N)=O)cc2)c1,8.2045
COC(=O)c1ccc2cc(-c3ccc(NC(=O)Nc4cccc(C)c4)cc3)n(C(N)=O)c2c1,8.1298
Cc1cccc(NC(=O)Nc2ccc(-c3cc4ccccc4n3C(N)=O)cc2)c1,7.9957
CC(C)c1cccc(NC(=O)Nc2ccc(-c3cc4ccccc4n3C(N)=O)cc2)c1,8.0229
NC(=O)n1c(-c2ccc(NC(=O)Nc3ccc(F)c(Cl)c3)cc2)cc2ccccc21,7.5551
NC(=O)n1c(-c2ccc(NC(=O)Nc3cccc(C(F)(F)F)c3)cc2)cc2ccccc21,7.6412
Cc1ccc(F)c(NC(=O)Nc2ccc(-c3cc4ccccc4n3C(N)=O)cc2)c1,7.7165
COc1cccc(NC(=O)Nc2ccc(-c3cc4ccccc4n3C(N)=O)cc2)c1,7.6527
NC(=O)n1c(-c2ccc(NC(=O)Nc3cc(C(F)(F)F)ccc3F)cc2)cc2ccccc21,7.4078
NC(=O)n1c(-c2ccc(NC(=O)Nc3ccccc3)cc2)cc2ccccc21,7.2407
Cc1ccc(NC(=O)Nc2ccc(-c3cc4ccccc4n3C(N)=O)cc2)cc1,7.6383
Cc1ccccc1NC(=O)Nc1ccc(-c2cc3ccccc3n2C(N)=O)cc1,6.7595
Cc1cccc(NC(=O)Nc2cccc(-c3cc4ccccc4n3C(N)=O)c2)c1,6.5591
CCc1cccc(NC(=O)Nc2cccc(-c3cc4ccccc4n3C(N)=O)c2)c1,6.6198
NC(=O)n1c(-c2cccc(NC(=O)Nc3cccc(C(F)(F)F)c3)c2)cc2ccccc21,6.5952
NC(=O)n1c(-c2cccc(NC(=O)Nc3ccc(F)c(Cl)c3)c2)cc2ccccc21,6.6038
Cc1ccc(F)c(NC(=O)Nc2cccc(-c3cc4ccccc4n3C(N)=O)c2)c1,6.4763
Cc1cccc(C(=O)Nc2cccc(-c3cc4ccccc4n3C(N)=O)c2)c1,5.9303
Cc1cccc(NC(=O)Nc2csc(-c3cc4ccccc4n3C(N)=O)c2)c1,6.7340
NC(=O)n1c(-c2cc(NC(=O)Nc3cccc(C(F)(F)F)c3)cs2)cc2ccccc21,6.4745
CCc1cccc(NC(=O)Nc2csc(-c3cc4ccccc4n3C(N)=O)c2)c1,7.2218
Cc1ccc(F)c(NC(=O)Nc2csc(-c3cc4ccccc4n3C(N)=O)c2)c1,7.0269
NC(=O)n1c(-c2cc(NC(=O)Nc3ccc(F)c(Cl)c3)cs2)cc2ccccc21,7.0809
NC(=O)n1c(-c2cc(NC(=O)Nc3ccc(Cl)c(C(F)(F)F)c3)cs2)cc2ccccc21,6.0082
Cc1ccoc1C(=O)Nc1csc(-c2cc3ccccc3n2C(N)=O)c1,5.4969
Cc1ccc(F)c(C(=O)Nc2csc(-c3cc4ccccc4n3C(N)=O)c2)c1,5.4381
Cc1cc(Oc2cc(NC(=O)C3CC3)ncn2)ccc1NC(=O)Nc1ccc(Cl)c(C(F)(F)F)c1,7.9626
O=C(Nc1ccc(Cl)c(C(F)(F)F)c1)Nc1cc(Oc2cc(NC(=O)C3CC3)ncn2)ccc1F,8.2676
Cc1cc(Oc2cc(NC(=O)C3CC3)ncn2)c(F)cc1NC(=O)Nc1ccc(Cl)c(C(F)(F)F)c1,7.7773
Cc1cc(NC(=O)Nc2ccc(Cl)c(C(F)(F)F)c2)cc(Oc2cc(NC(=O)C3CC3)ncn2)c1,6.5346
O=C(Nc1cc(F)cc(Oc2cc(NC(=O)C3CC3)ncn2)c1)Nc1ccc(Cl)c(C(F)(F)F)c1,7.5686
N#Cc1cc(NC(=O)Nc2ccc(Cl)c(C(F)(F)F)c2)ccc1Oc1cc(NC(=O)C2CC2)ncn1,7.6021
O=C(Nc1ccc(Oc2cc(NC(=O)C3CC3)ncn2)cc1)Nc1ccc(Cl)c(C(F)(F)F)c1,8.2441
O=C(Nc1ccc(Oc2cc(NC(=O)C3CC3)ncn2)c(F)c1)Nc1ccc(Cl)c(C(F)(F)F)c1,8.2441
O=C(Nc1ccc(Cl)c(C(F)(F)F)c1)Nc1ccc(Oc2cc(NC(=O)C3CC3)ncn2)cc1F,8.0506
Cc1cc(NC(=O)Nc2ccc(Cl)c(C(F)(F)F)c2)ccc1Oc1cc(NC(=O)C2CC2)ncn1,7.8633
Cc1nc(NC(=O)Nc2ccc(Cl)c(C(F)(F)F)c2)ccc1Oc1cc(NC(=O)C2CC2)ncn1,7.8729
O=C(Nc1cccc(Oc2cc(NC(=O)C3CC3)ncn2)c1)Nc1ccc(Cl)c(C(F)(F)F)c1,8.0044
O=C(Nc1ccc(F)c(Oc2cc(NC(=O)C3CC3)ncn2)c1)Nc1ccc(Cl)c(C(F)(F)F)c1,7.8477
Cc1ccc(Oc2cc(NC(=O)C3CC3)ncn2)cc1NC(=O)Nc1ccc(Cl)c(C(F)(F)F)c1,8.1549
O=C(Nc1ccc(Oc2cc(NC(=O)C3CC3)ncn2)nc1)Nc1ccc(Cl)c(C(F)(F)F)c1,8.3768
Cc1cc(Oc2cc(NC(=O)C3CC3)ncn2)ncc1NC(=O)Nc1ccc(Cl)c(C(F)(F)F)c1,8.0269
Cc1cc(NC(=O)Nc2ccc(Cl)c(C(F)(F)F)c2)cnc1Oc1ccnc(NC(=O)C2CC2)c1,7.5346
Cc1cc(Oc2ccnc(NC(=O)C3CC3)c2)ncc1NC(=O)Nc1ccc(Cl)c(C(F)(F)F)c1,8.0269
O=C(Nc1cnc(Oc2ccnc(NC(=O)C3CC3)c2)c(Cl)c1)Nc1ccc(Cl)c(C(F)(F)F)c1,7.6517
O=C(Nc1ccc(Oc2ccnc(NC(=O)C3CC3)c2)nc1)Nc1ccc(Cl)c(C(F)(F)F)c1,8.2366
O=C(Nc1ccc(Cl)c(C(F)(F)F)c1)Nc1ccc(Oc2ccnc(NC(=O)C3CC3)c2)cn1,8.1249
O=C(Nc1ccc(Oc2ccnc(NC(=O)C3CC3)c2)c(F)c1)Nc1ccc(Cl)c(C(F)(F)F)c1,8.1529
Cc1cc(Oc2ccnc(NC(=O)C3CC3)c2)ccc1NC(=O)Nc1ccc(Cl)c(C(F)(F)F)c1,7.9788
O=C(Nc1cc(F)cc(Oc2ccnc(NC(=O)C3CC3)c2)c1)Nc1ccc(Cl)c(C(F)(F)F)c1,7.4711
O=C(Nc1cnc(Oc2ccnc(NC(=O)C3CC3)c2)c(F)c1)Nc1ccc(Cl)c(C(F)(F)F)c1,7.8268
N#Cc1cc(NC(=O)Nc2ccc(Cl)c(C(F)(F)F)c2)ccc1Oc1ccnc(NC(=O)C2CC2)c1,7.7399
CC1(C(=O)Nc2cc(Oc3ccc(NC(=O)Nc4ccc(Cl)c(C(F)(F)F)c4)cc3F)ccn2)CC1,7.8962
O=C(Nc1ccc(Cl)c(C(F)(F)F)c1)Nc1ccc(Oc2ccnc(NC(=O)C3CC3)c2)cc1F,8.4089
Cc1ccc(Oc2ccnc(NC(=O)C3CC3)c2)cc1NC(=O)Nc1ccc(Cl)c(C(F)(F)F)c1,7.9066
Cc1cc(NC(=O)Nc2ccc(Cl)c(C(F)(F)F)c2)ccc1Oc1ccnc(NC(=O)C2CC2)c1,7.8386
Cc1cc(Oc2cc(NC(=O)C3CC3)ncn2)ccc1NC(=O)Nc1cc(NC(C)C)cc(C(F)(F)F)c1,7.5850
CC(F)(F)c1cncc(NC(=O)Nc2ccc(Oc3ccnc(NC(=O)C4CC4)c3)cc2F)c1,8.2518
O=C(Nc1cccc(OC(F)(F)F)c1)Nc1ccc(Oc2ccnc(NC(=O)C3CC3)c2)cc1F,7.9914
CC(F)(F)c1cc(F)cc(NC(=O)Nc2ccc(Oc3ccnc(NC(=O)C4CC4)c3)cc2F)c1,8.1079
CN1CCC(c2ccc(NC(=O)Nc3ccc(Oc4ccnc(NC(=O)C5CC5)c4)c(F)c3)cc2C(F)(F)F)CC1,7.8069
CS(=O)(=O)c1cc(NC(=O)Nc2ccc(Oc3ccnc(NC(=O)C4CC4)c3)c(F)c2)cc(C(F)(F)F)c1,7.8697
CN1CCC(Oc2cc(NC(=O)Nc3ccc(Oc4ccnc(NC(=O)C5CC5)c4)c(F)c3)cc(C(F)(F)F)c2)C1,8.0862
O=C(Nc1cc(OC2CCOC2)cc(C(F)(F)F)c1)Nc1ccc(Oc2ccnc(NC(=O)C3CC3)c2)c(F)c1,7.8477
CN1CCC(C(=O)c2cc(NC(=O)Nc3ccc(Oc4ccnc(NC(=O)C5CC5)c4)c(F)c3)cc(C(F)(F)F)c2)CC1,7.8182
CC1CN(c2cc(NC(=O)Nc3ccc(Oc4ccnc(NC(=O)C5CC5)c4)c(F)c3)cc(C(F)(F)F)c2)C(=O)O1,8.3768
Nc1nnc(-c2cc(NC(=O)Nc3ccc(Oc4ccnc(NC(=O)C5CC5)c4)c(F)c3)cc(C(F)(F)F)c2)o1,7.9393
COCC(=O)Nc1cc(NC(=O)Nc2ccc(Oc3ccnc(NC(=O)C4CC4)c3)c(F)c2)cc(C(F)(F)F)c1,7.7423
CC(=O)Nc1cc(NC(=O)Nc2ccc(Oc3ccnc(NC(=O)C4CC4)c3)c(F)c2)cc(C(F)(F)F)c1,7.8477
CC(c1cc(NC(=O)Nc2ccc(Oc3ccnc(NC(=O)C4CC4)c3)c(F)c2)cc(C(F)(F)F)c1)N1CCN(C)CC1,7.8125
O=C(Nc1cc(N2CCC(F)CC2)cc(C(F)(F)F)c1)Nc1ccc(Oc2ccnc(NC(=O)C3CC3)c2)c(F)c1,7.7799
CC1CN(c2cc(NC(=O)Nc3ccc(Oc4ccnc(NC(=O)C5CC5)c4)c(F)c3)cc(C(F)(F)F)c2)CC(C)O1,8.2076
CN(C)C1CCN(c2cc(NC(=O)Nc3ccc(Oc4ccnc(NC(=O)C5CC5)c4)c(F)c3)cc(C(F)(F)F)c2)C1,8.1367
O=C(Nc1cc(NC2CC2)cc(C(F)(F)F)c1)Nc1ccc(Oc2ccnc(NC(=O)C3CC3)c2)c(F)c1,8.0044
CCOC(=O)C(C)(C)CNc1cc(NC(=O)Nc2ccc(Oc3ccnc(NC(=O)C4CC4)c3)c(F)c2)cc(C(F)(F)F)c1,7.8928
O=C(Nc1cc(N2CCC(O)CC2)cc(C(F)(F)F)c1)Nc1ccc(Oc2ccnc(NC(=O)C3CC3)c2)c(F)c1,8.2840
O=C(Nc1cc(N2CCCC2=O)cc(C(F)(F)F)c1)Nc1ccc(Oc2ccnc(NC(=O)C3CC3)c2)c(F)c1,7.8097
O=C(Nc1cc(N2CCN(CCF)CC2)cc(C(F)(F)F)c1)Nc1ccc(Oc2ccnc(NC(=O)C3CC3)c2)c(F)c1,7.8861
CC(C)N1CCN(c2cc(NC(=O)Nc3ccc(Oc4ccnc(NC(=O)C5CC5)c4)c(F)c3)cc(C(F)(F)F)c2)CC1,7.8153
CCN1CCN(c2cc(NC(=O)Nc3ccc(Oc4ccnc(NC(=O)C5CC5)c4)c(F)c3)cc(C(F)(F)F)c2)CC1,7.8386
CC(F)(F)c1cncc(NC(=O)Nc2ccc(Oc3ccnc(NC(=O)C4CC4)c3)c(F)c2)c1,7.7570
O=C(Nc1cccc(C2CC2)c1)Nc1ccc(Oc2ccnc(NC(=O)C3CC3)c2)c(F)c1,7.9208
O=C(Nc1ccc(Oc2ccnc(NC(=O)C3CC3)c2)c(F)c1)Nc1cc(C2CC2)ccc1F,7.8633
O=C(Nc1ccc(Oc2ccnc(NC(=O)C3CC3)c2)c(F)c1)Nc1ccc2[nH]cc(F)c2c1,8.0862
O=C(Nc1cc(C2CCN(C3CC3)CC2)cc(C(F)(F)F)c1)Nc1ccc(Oc2ccnc(NC(=O)C3CC3)c2)c(F)c1,7.4647
O=C(Nc1cccc(C(F)(F)F)c1)Nc1ccc(Oc2ccnc(NC(=O)C3CC3)c2)c(F)c1,8.4283
N#Cc1ccc(NC(=O)Nc2ccc(Oc3ccnc(NC(=O)C4CC4)c3)c(F)c2)cc1C(F)(F)F,8.1439
O=C(Nc1ccc(Oc2ccnc(NC(=O)C3CC3)c2)c(F)c1)Nc1ccc(Cl)c(OC(F)(F)F)c1,8.2596
CN1CCN(Cc2cc(NC(=O)Nc3ccc(Oc4ccnc(NC(=O)C5CC5)c4)cc3)cc(C(F)(F)F)c2)CC1,7.9245
CC(F)(F)c1cncc(NC(=O)Nc2ccc(Oc3ccnc(NC(=O)C4CC4)c3)cc2)c1,8.1871
CN1C(=O)C2(CC2)c2cc(NC(=O)Nc3ccc(Oc4ccnc(NC(=O)C5CC5)c4)cc3)ccc21,8.0969
CC(c1cc(NC(=O)Nc2ccc(Oc3ccnc(NC(=O)C4CC4)c3)c(F)c2)cc(C(F)(F)F)c1)N1CCNCC1,7.5751
CC(N)c1cc(NC(=O)Nc2ccc(Oc3ccnc(NC(=O)C4CC4)c3)c(F)c2)cc(C(F)(F)F)c1,7.8041
O=C(Nc1cc(NC2CCNCC2)cc(C(F)(F)F)c1)Nc1ccc(Oc2ccnc(NC(=O)C3CC3)c2)c(F)c1,7.7670
Cc1cc(Oc2cc(NC(=O)C3CC3)ncn2)ccc1NC(=O)Nc1ccc(F)c(C(F)(F)F)c1,7.9586
Cc1cc(Oc2cc(NC(=O)C3CC3)ncn2)ccc1NC(=O)Nc1ccc(F)c(C(C)(F)F)c1,7.8761
Cc1cc(Oc2cc(NC(=O)C3CC3)ncn2)ccc1NC(=O)Nc1ccc(C)c(C(F)(F)F)c1,8.0506
Cc1cc(Oc2cc(NC(=O)C3CC3)ncn2)ccc1NC(=O)Nc1cc(C2CCN(C)CC2)cc(C(F)(F)F)c1,7.8539
Cc1cc(Oc2cc(NC(=O)C3CC3)ncn2)ccc1NC(=O)Nc1cccc(C(F)(F)F)c1,7.9788
Cc1cc(Oc2cc(NC(=O)C3CC3)ncn2)ccc1NC(=O)Nc1cc(Cl)cc(C(F)(F)F)c1,7.8827
Cc1cc(Oc2cc(NC(=O)C3CC3)ncn2)ccc1NC(=O)Nc1cc(NC2CCN(C)CC2)cc(C(F)(F)F)c1,7.9031
Cc1cc(Oc2cc(NC(=O)C3CC3)ncn2)ccc1NC(=O)Nc1cc(N2CCCC2)cc(C(F)(F)F)c1,7.8447
Cc1cc(Oc2cc(NC(=O)C3CC3)ncn2)ccc1NC(=O)Nc1ccc(NC2CCN(C)CC2)c(C(F)(F)F)c1,7.8761
Cc1cc(Oc2cc(NC(=O)C3CC3)ncn2)ccc1NC(=O)Nc1cccc(OC(F)(F)F)c1,7.8539
Cc1cc(Oc2cc(NC(=O)C3CC3)ncn2)ccc1NC(=O)Nc1cc(OC(F)(F)F)ccc1F,8.0915
Cc1cc(Oc2cc(NC(=O)C3CC3)ncn2)ccc1NC(=O)Nc1ccc(F)c(OC(F)(F)F)c1,7.8761
Cc1cc(Oc2cc(NC(=O)C3CC3)ncn2)ccc1NC(=O)Nc1ccc(Cl)c(OC(F)(F)F)c1,8.1675
Cc1cc(Oc2cc(NC(=O)C3CC3)ncn2)ccc1NC(=O)Nc1cc(F)cc(C(C)(F)F)c1,7.8447
Cc1cc(Oc2cc(NC(=O)C3CC3)ncn2)ccc1NC(=O)Nc1cccc(C(C)(F)F)c1,7.9136
Cc1cc(Oc2cc(NC(=O)C3CC3)ncn2)ccc1NC(=O)Nc1ccc(Cl)c(C(C)(F)F)c1,7.9706
Cc1cc(Oc2cc(NC(=O)C3CC3)ncn2)ccc1NC(=O)Nc1ccc(C#N)c(Cl)c1,8.0809
Cc1cc(Oc2cc(NC(=O)C3CC3)ncn2)ccc1NC(=O)Nc1cc(N2CCOCC2)cc(C(F)(F)F)c1,7.8894
O=C(Nc1ccc(Oc2cc(NC(=O)C3CC3)ncn2)c(Cl)c1)Nc1ccc(F)c(C(F)(F)F)c1,7.9431
O=C(Nc1ccc(F)c(C(F)(F)F)c1)Nc1ccc(Oc2cc(NC(=O)C3CC3)ncn2)cc1Cl,7.8182
O=C(Nc1cc(F)cc(C(F)(F)F)c1)Nc1ccc(Oc2cc(NC(=O)C3CC3)ncn2)cc1Cl,7.9136
Cc1cc(Oc2cc(NC(=O)C3CC3)ncn2)c(F)cc1NC(=O)Nc1ccc(Cl)c(C(C)(F)F)c1,7.8928
Cc1cc(NC(=O)Nc2ccc(F)c(C(F)(F)F)c2)cc(Oc2cc(NC(=O)C3CC3)ncn2)c1,6.7167
Cc1cc(NC(=O)Nc2cc(F)cc(C(F)(F)F)c2)cc(Oc2cc(NC(=O)C3CC3)ncn2)c1,6.6990
Cc1cc(NC(=O)Nc2cccc(C(F)(F)F)c2)cc(Oc2cc(NC(=O)C3CC3)ncn2)c1,6.6990
Cc1cc(NC(=O)Nc2cccc(OC(F)(F)F)c2)cc(Oc2cc(NC(=O)C3CC3)ncn2)c1,6.3625
Cc1cc(NC(=O)Nc2ccc(Cl)c(C(C)(F)F)c2)cc(Oc2cc(NC(=O)C3CC3)ncn2)c1,6.2048
O=C(Nc1cc(F)cc(Oc2cc(NC(=O)C3CC3)ncn2)c1)Nc1ccc(F)c(C(F)(F)F)c1,7.2020
O=C(Nc1cc(F)cc(Oc2cc(NC(=O)C3CC3)ncn2)c1)Nc1cc(F)cc(C(F)(F)F)c1,6.9788
CC(F)(F)c1cc(NC(=O)Nc2cc(F)cc(Oc3cc(NC(=O)C4CC4)ncn3)c2)ccc1Cl,7.3872
O=C(Nc1ccc(Oc2cc(NC(=O)C3CC3)ncn2)cc1)Nc1ccc(F)c(C(F)(F)F)c1,8.0458
O=C(Nc1ccc(Oc2cc(NC(=O)C3CC3)ncn2)cc1)Nc1cc(F)cc(C(F)(F)F)c1,7.9031
O=C(Nc1cccc(C(F)(F)F)c1)Nc1ccc(Oc2cc(NC(=O)C3CC3)ncn2)c(F)c1,7.8239
CC(F)(F)c1cccc(NC(=O)Nc2ccc(Oc3cc(NC(=O)C4CC4)ncn3)c(F)c2)c1,7.9066
CC(F)(F)c1ccc(F)c(NC(=O)Nc2ccc(Oc3cc(NC(=O)C4CC4)ncn3)c(F)c2)c1,7.9914
CC(F)(F)c1cc(NC(=O)Nc2ccc(Oc3cc(NC(=O)C4CC4)ncn3)c(F)c2)ccc1Cl,7.9469
CC(F)(F)c1cc(NC(=O)Nc2ccc(Oc3cc(NC(=O)C4CC4)ncn3)c(F)c2)ccc1F,7.9830
O=C(Nc1ccc(Oc2cc(NC(=O)C3CC3)ncn2)cc1F)Nc1cc(C(F)(F)F)ccc1F,7.8729
O=C(Nc1cccc(C(F)(F)F)c1)Nc1ccc(Oc2cc(NC(=O)C3CC3)ncn2)cc1F,8.0655
CC(F)(F)c1ccc(F)c(NC(=O)Nc2ccc(Oc3cc(NC(=O)C4CC4)ncn3)cc2F)c1,7.9626
CC(F)(F)c1cc(NC(=O)Nc2ccc(Oc3cc(NC(=O)C4CC4)ncn3)cc2F)ccc1Cl,8.1367
Cc1cc(NC(=O)Nc2ccc(F)c(C(F)(F)F)c2)ccc1Oc1cc(NC(=O)C2CC2)ncn1,8.1549
Cc1cc(NC(=O)Nc2cccc(C(F)(F)F)c2)ccc1Oc1cc(NC(=O)C2CC2)ncn1,7.8386
Cc1cc(NC(=O)Nc2cccc(OC(F)(F)F)c2)ccc1Oc1cc(NC(=O)C2CC2)ncn1,8.0915
Cc1cc(NC(=O)Nc2ccc(Cl)c(OC(F)(F)F)c2)ccc1Oc1cc(NC(=O)C2CC2)ncn1,8.0088
Cc1cc(NC(=O)Nc2cc(F)cc(C(C)(F)F)c2)ccc1Oc1cc(NC(=O)C2CC2)ncn1,8.0223
Cc1cc(NC(=O)Nc2cc(C(C)(F)F)ccc2F)ccc1Oc1cc(NC(=O)C2CC2)ncn1,8.1024
Cc1cc(NC(=O)Nc2ccc(Cl)c(C(C)(F)F)c2)ccc1Oc1cc(NC(=O)C2CC2)ncn1,7.9208
Cc1cc(NC(=O)Nc2ccc(F)c(C(C)(F)F)c2)ccc1Oc1cc(NC(=O)C2CC2)ncn1,8.1308
O=C(Nc1cccc(Oc2cc(NC(=O)C3CC3)ncn2)c1)Nc1ccc(F)c(C(F)(F)F)c1,7.8268
O=C(Nc1cccc(Oc2cc(NC(=O)C3CC3)ncn2)c1)Nc1cccc(C(F)(F)F)c1,7.9208
O=C(Nc1cccc(Oc2cc(NC(=O)C3CC3)ncn2)c1)Nc1cccc(OC(F)(F)F)c1,7.9393
CC(F)(F)c1cc(NC(=O)Nc2cccc(Oc3cc(NC(=O)C4CC4)ncn3)c2)ccc1Cl,8.0605
CN(c1ccc(NC(=O)Nc2cccc(C(F)(F)F)c2)c(F)c1)c1cc(NC(=O)C2CC2)ncn1,8.1308
Cc1cc(NC(=O)Nc2cc(C(F)(F)F)ccc2F)cnc1Oc1ccnc(NC(=O)C2CC2)c1,7.8601
COc1ccc(NC(=O)Nc2cnc(Oc3ccnc(NC(=O)C4CC4)c3)c(C)c2)cc1C(F)(F)F,8.0605
Cc1cc(NC(=O)Nc2cc(OC(C)C)cc(C(F)(F)F)c2)cnc1Oc1ccnc(NC(=O)C2CC2)c1,7.5200
Cc1cc(Oc2ccnc(NC(=O)C3CC3)c2)ncc1NC(=O)Nc1cc(C(F)(F)F)ccc1F,7.9281
Cc1cc(Oc2ccnc(NC(=O)C3CC3)c2)ncc1NC(=O)Nc1cc(C(C)(F)F)ccc1F,8.0088
O=C(Nc1ccc(Oc2ccnc(NC(=O)C3CC3)c2)nc1)Nc1cc(N2CCC(F)CC2)cc(C(F)(F)F)c1,7.8477
CS(=O)(=O)c1cc(NC(=O)Nc2ccc(Oc3ccnc(NC(=O)C4CC4)c3)nc2)cc(C(F)(F)F)c1,8.3372
CN1CCC(Nc2cc(NC(=O)Nc3ccc(Oc4ccnc(NC(=O)C5CC5)c4)nc3)cc(C(F)(F)F)c2)CC1,8.2147
O=C(Nc1ccc(Oc2ccnc(NC(=O)C3CC3)c2)nc1)Nc1cc(N2CCS(=O)(=O)CC2)cc(C(F)(F)F)c1,8.0000
N#Cc1ccc(NC(=O)Nc2ccc(Oc3ccnc(NC(=O)C4CC4)c3)cn2)cc1C(F)(F)F,8.0410
CN1CCC(c2cc(NC(=O)Nc3ccc(Oc4ccnc(NC(=O)C5CC5)c4)cn3)cc(C(F)(F)F)c2)CC1,8.1079
O=C(Nc1cccc(C(F)(F)F)c1)Nc1ccc(Oc2ccnc(NC(=O)C3CC3)c2)cn1,8.2366
CS(=O)(=O)c1cc(NC(=O)Nc2ccc(Oc3ccnc(NC(=O)C4CC4)c3)cn2)cc(C(F)(F)F)c1,8.1805
O=C(Nc1ccc(Oc2ccnc(NC(=O)C3CC3)c2)cc1)Nc1ccc(Cl)c(C(F)(F)F)c1,7.9914
O=C(Nc1ccc(Oc2ccnc(NC(=O)C3CC3)c2)cc1)Nc1ccc(F)c(C(F)(F)F)c1,7.9788
N#Cc1ccc(NC(=O)Nc2ccc(Oc3ccnc(NC(=O)C4CC4)c3)cc2)cc1C(F)(F)F,8.0000
Cc1ccc(NC(=O)Nc2ccc(Oc3ccnc(NC(=O)C4CC4)c3)cc2)cc1C(F)(F)F,8.0000
O=C(Nc1ccc(Oc2ccnc(NC(=O)C3CC3)c2)cc1)Nc1cc(F)cc(C(F)(F)F)c1,8.1487
O=C(Nc1ccc(Oc2ccnc(NC(=O)C3CC3)c2)cc1)Nc1cc(C(F)(F)F)ccc1Cl,7.9830
CN1CCC(c2cc(NC(=O)Nc3ccc(Oc4ccnc(NC(=O)C5CC5)c4)cc3)cc(C(F)(F)F)c2)CC1,8.0223
O=C(Nc1ccc(Oc2ccnc(NC(=O)C3CC3)c2)cc1)Nc1cccc(C(F)(F)F)c1,7.9431
CS(=O)(=O)c1cc(NC(=O)Nc2ccc(Oc3ccnc(NC(=O)C4CC4)c3)cc2)cc(C(F)(F)F)c1,8.1192
O=C(Nc1ccc(Oc2ccnc(NC(=O)C3CC3)c2)cc1)Nc1cccc(OC(F)(F)F)c1,8.1079
CC(F)(F)c1ccnc(NC(=O)Nc2ccc(Oc3ccnc(NC(=O)C4CC4)c3)cc2)c1,7.9547
CC(F)(F)c1ccc(F)c(NC(=O)Nc2ccc(Oc3ccnc(NC(=O)C4CC4)c3)cc2)c1,8.2076
CC(F)(F)c1cc(NC(=O)Nc2ccc(Oc3ccnc(NC(=O)C4CC4)c3)cc2)ccc1Cl,7.5952
CC(F)(F)c1cc(NC(=O)Nc2ccc(Oc3ccnc(NC(=O)C4CC4)c3)cc2)ccc1F,7.9393
O=C(Nc1ccc(Oc2ccnc(NC(=O)C3CC3)c2)cc1)Nc1ccc2c(c1)C(F)(F)CCO2,8.3468
N#Cc1cc(NC(=O)Nc2ccc(Oc3ccnc(NC(=O)C4CC4)c3)cc2)cc(C(F)(F)F)c1,8.1487
O=C(Nc1ccc(Oc2ccnc(NC(=O)C3CC3)c2)c(F)c1)Nc1ccc(F)c(C(F)(F)F)c1,7.8182
Cc1ccc(NC(=O)Nc2ccc(Oc3ccnc(NC(=O)C4CC4)c3)c(F)c2)cc1C(F)(F)F,7.9469
O=C(Nc1cc(F)cc(C(F)(F)F)c1)Nc1ccc(Oc2ccnc(NC(=O)C3CC3)c2)c(F)c1,7.9172
O=C(Nc1ccc(Oc2ccnc(NC(=O)C3CC3)c2)c(F)c1)Nc1cc(C(F)(F)F)ccc1F,8.0809
O=C(Nc1ccc(Oc2ccnc(NC(=O)C3CC3)c2)c(F)c1)Nc1cc(C(F)(F)F)ccc1Cl,8.2291
O=C(Nc1ccnc(C(F)(F)F)c1)Nc1ccc(Oc2ccnc(NC(=O)C3CC3)c2)c(F)c1,8.0809
O=C(Nc1cc(-c2ccncc2)cc(C(F)(F)F)c1)Nc1ccc(Oc2ccnc(NC(=O)C3CC3)c2)c(F)c1,8.0969
O=C(Nc1ccc(Oc2ccnc(NC(=O)C3CC3)c2)c(F)c1)Nc1ccc(C(F)(F)F)cc1Cl,8.1079
CN1CCC(Nc2cc(NC(=O)Nc3ccc(Oc4ccnc(NC(=O)C5CC5)c4)c(F)c3)cc(C(F)(F)F)c2)CC1,7.9136
CC1CN(c2cc(NC(=O)Nc3ccc(Oc4ccnc(NC(=O)C5CC5)c4)c(F)c3)cc(C(F)(F)F)c2)CCO1,8.1675
C=CC(=O)Nc1cc(NC(=O)Nc2ccc(Oc3ccnc(NC(=O)C4CC4)c3)c(F)c2)cc(C(F)(F)F)c1,7.9355
CN1CCC(Oc2cc(NC(=O)Nc3ccc(Oc4ccnc(NC(=O)C5CC5)c4)c(F)c3)cc(C(F)(F)F)c2)CC1,7.5129
CS(=O)(=O)Nc1cc(NC(=O)Nc2ccc(Oc3ccnc(NC(=O)C4CC4)c3)c(F)c2)cc(C(F)(F)F)c1,8.2596
O=C(Nc1cc(N2CCS(=O)(=O)CC2)cc(C(F)(F)F)c1)Nc1ccc(Oc2ccnc(NC(=O)C3CC3)c2)c(F)c1,7.9393
CN1CCN(Cc2cc(NC(=O)Nc3ccc(Oc4ccnc(NC(=O)C5CC5)c4)c(F)c3)cc(C(F)(F)F)c2)CC1,7.7932
CN1CCC(Nc2ccc(NC(=O)Nc3ccc(Oc4ccnc(NC(=O)C5CC5)c4)c(F)c3)cc2C(F)(F)F)CC1,7.9208
O=C(Nc1cncc(C(F)(F)F)c1)Nc1ccc(Oc2ccnc(NC(=O)C3CC3)c2)c(F)c1,7.8356
O=C(Nc1ccc(Oc2ccnc(NC(=O)C3CC3)c2)c(F)c1)Nc1cc(C(F)(F)F)ncn1,8.2518
O=C(Nc1cc(N2CCOCC2=O)cc(C(F)(F)F)c1)Nc1ccc(Oc2ccnc(NC(=O)C3CC3)c2)c(F)c1,7.9066
CN1CCN(c2cc(C(F)(F)F)cc(NC(=O)Nc3ccc(Oc4ccnc(NC(=O)C5CC5)c4)c(F)c3)n2)CC1,7.8297
CN1CCC(Nc2cc(C(F)(F)F)cc(NC(=O)Nc3ccc(Oc4ccnc(NC(=O)C5CC5)c4)c(F)c3)n2)CC1,7.6478
O=C(Nc1ccc(Oc2ccnc(NC(=O)C3CC3)c2)c(F)c1)Nc1cc(C(F)(F)F)cc(N2CCOCC2)n1,8.2676
O=C(Nc1cccc(OC(F)(F)F)c1)Nc1ccc(Oc2ccnc(NC(=O)C3CC3)c2)c(F)c1,8.3098
O=C(Nc1ccc(Oc2ccnc(NC(=O)C3CC3)c2)c(F)c1)Nc1cc(OC(F)(F)F)ccc1F,8.2441
O=C(Nc1ccc(Oc2ccnc(NC(=O)C3CC3)c2)c(F)c1)Nc1ccc(F)c(OC(F)(F)F)c1,8.0223
O=C(Nc1ccc(OC(F)(F)F)cc1)Nc1ccc(Oc2ccnc(NC(=O)C3CC3)c2)c(F)c1,8.2757
CC(F)(F)c1cc(F)cc(NC(=O)Nc2ccc(Oc3ccnc(NC(=O)C4CC4)c3)c(F)c2)c1,7.9788
CC(F)(F)c1cccc(NC(=O)Nc2ccc(Oc3ccnc(NC(=O)C4CC4)c3)c(F)c2)c1,8.0088
CC(F)(F)c1ccc(F)c(NC(=O)Nc2ccc(Oc3ccnc(NC(=O)C4CC4)c3)c(F)c2)c1,8.1487
CC(F)(F)c1cc(NC(=O)Nc2ccc(Oc3ccnc(NC(=O)C4CC4)c3)c(F)c2)ccc1Cl,7.8327
CC(F)(F)c1cc(NC(=O)Nc2ccc(Oc3ccnc(NC(=O)C4CC4)c3)c(F)c2)ccc1F,7.8665
O=C(Nc1ccc(Oc2ccnc(NC(=O)C3CC3)c2)c(F)c1)Nc1cc(Cl)ccc1F,8.1192
O=C(Nc1ccc(Oc2ccnc(NC(=O)C3CC3)c2)c(F)c1)Nc1ccc(C(F)(F)F)c(Cl)c1,7.9101
O=C(Nc1cc(-c2cccnc2)cc(C(F)(F)F)c1)Nc1ccc(Oc2ccnc(NC(=O)C3CC3)c2)c(F)c1,8.3010
CC(C)Nc1cc(NC(=O)Nc2ccc(Oc3ccnc(NC(=O)C4CC4)c3)c(F)c2)cc(C(F)(F)F)c1,8.1675
CN1CCC(Oc2ccc(NC(=O)Nc3ccc(Oc4ccnc(NC(=O)C5CC5)c4)c(F)c3)cc2C(F)(F)F)CC1,7.7645
O=C(Nc1cc(N2CCOCC2)cc(C(F)(F)F)c1)Nc1ccc(Oc2ccnc(NC(=O)C3CC3)c2)c(F)c1,7.9706
N#Cc1cc(NC(=O)Nc2ccc(Oc3ccnc(NC(=O)C4CC4)c3)c(F)c2)cc(C(F)(F)F)c1,7.9245
Cc1cc(Oc2ccnc(NC(=O)C3CC3)c2)ccc1NC(=O)Nc1ccc(F)c(C(F)(F)F)c1,7.9281
Cc1cc(Oc2ccnc(NC(=O)C3CC3)c2)ccc1NC(=O)Nc1cc(F)cc(C(F)(F)F)c1,7.7570
Cc1cc(Oc2ccnc(NC(=O)C3CC3)c2)ccc1NC(=O)Nc1cccc(C(F)(F)F)c1,7.9626
Cc1cc(Oc2ccnc(NC(=O)C3CC3)c2)ccc1NC(=O)Nc1cccc(OC(F)(F)F)c1,7.9788
Cc1cc(Oc2ccnc(NC(=O)C3CC3)c2)ccc1NC(=O)Nc1cc(OC(F)(F)F)ccc1F,8.2147
Cc1cc(Oc2ccnc(NC(=O)C3CC3)c2)ccc1NC(=O)Nc1ccc(F)c(OC(F)(F)F)c1,7.9281
Cc1cc(Oc2ccnc(NC(=O)C3CC3)c2)ccc1NC(=O)Nc1cc(F)cc(C(C)(F)F)c1,8.2441
Cc1cc(Oc2ccnc(NC(=O)C3CC3)c2)ccc1NC(=O)Nc1cc(C(C)(F)F)ccc1F,8.0809
Cc1cc(Oc2ccnc(NC(=O)C3CC3)c2)ccc1NC(=O)Nc1ccc(Cl)c(C(C)(F)F)c1,7.8539
Cc1cc(Oc2ccnc(NC(=O)C3CC3)c2)ccc1NC(=O)Nc1ccc(F)c(C(C)(F)F)c1,8.0000
O=C(Nc1cccc(C(F)(F)F)c1)Nc1cnc(Oc2ccnc(NC(=O)C3CC3)c2)c(F)c1,7.9431
CC(F)(F)c1ccc(F)c(NC(=O)Nc2cnc(Oc3ccnc(NC(=O)C4CC4)c3)c(F)c2)c1,7.8962
CN(c1ccnc(NC(=O)C2CC2)c1)c1ccc(NC(=O)Nc2cccc(C(F)(F)F)c2)c(F)c1,7.7905
O=C(Nc1cccc(C(F)(F)F)c1)Nc1ccc(Nc2ccnc(NC(=O)C3CC3)c2)cc1F,8.0315
O=C(Nc1ccc(F)c(C(F)(F)F)c1)Nc1ccc(Oc2ccnc(NC(=O)C3CC3)c2)cc1F,7.6003
N#Cc1ccc(NC(=O)Nc2ccc(Oc3ccnc(NC(=O)C4CC4)c3)cc2F)cc1C(F)(F)F,7.8356
Cc1ccc(NC(=O)Nc2ccc(Oc3ccnc(NC(=O)C4CC4)c3)cc2F)cc1C(F)(F)F,7.9914
O=C(Nc1cc(F)cc(C(F)(F)F)c1)Nc1ccc(Oc2ccnc(NC(=O)C3CC3)c2)cc1F,7.8268
O=C(Nc1ccc(Oc2ccnc(NC(=O)C3CC3)c2)cc1F)Nc1cc(C(F)(F)F)ccc1F,8.0757
O=C(Nc1ccc(Oc2ccnc(NC(=O)C3CC3)c2)cc1F)Nc1cc(C(F)(F)F)ccc1Cl,7.9281
O=C(Nc1cccc(C(F)(F)F)c1)Nc1ccc(Oc2ccnc(NC(=O)C3CC3)c2)cc1F,8.1079
O=C(Nc1cc(N2CC(F)(F)C2)cc(C(F)(F)F)c1)Nc1ccc(Oc2ccnc(NC(=O)C3CC3)c2)cc1F,8.2596
O=C(Nc1cncc(C(F)(F)F)c1)Nc1ccc(Oc2ccnc(NC(=O)C3CC3)c2)cc1F,7.9706
O=C(Nc1ccc(Oc2ccnc(NC(=O)C3CC3)c2)cc1F)Nc1cc(OC(F)(F)F)ccc1F,8.0269
O=C(Nc1ccc(F)c(OC(F)(F)F)c1)Nc1ccc(Oc2ccnc(NC(=O)C3CC3)c2)cc1F,7.8794
CC(F)(F)c1ccnc(NC(=O)Nc2ccc(Oc3ccnc(NC(=O)C4CC4)c3)cc2F)c1,7.9747
CC(F)(F)c1cccc(NC(=O)Nc2ccc(Oc3ccnc(NC(=O)C4CC4)c3)cc2F)c1,8.0044
CC(F)(F)c1ccc(F)c(NC(=O)Nc2ccc(Oc3ccnc(NC(=O)C4CC4)c3)cc2F)c1,8.0410
CC(F)(F)c1cc(NC(=O)Nc2ccc(Oc3ccnc(NC(=O)C4CC4)c3)cc2F)ccc1Cl,7.9586
CC(F)(F)c1cc(NC(=O)Nc2ccc(Oc3ccnc(NC(=O)C4CC4)c3)cc2F)ccc1F,7.8268
N#Cc1ccc(NC(=O)Nc2ccc(Oc3ccnc(NC(=O)C4CC4)c3)cc2F)cc1Cl,8.1739
O=C(Nc1ccc(F)c(C2CC2)c1)Nc1ccc(Oc2ccnc(NC(=O)C3CC3)c2)cc1F,8.0605
Cc1ccc(Oc2ccnc(NC(=O)C3CC3)c2)cc1NC(=O)Nc1ccc(F)c(C(F)(F)F)c1,8.1612
Cc1ccc(Oc2ccnc(NC(=O)C3CC3)c2)cc1NC(=O)Nc1cc(F)cc(C(F)(F)F)c1,8.0223
Cc1ccc(Oc2ccnc(NC(=O)C3CC3)c2)cc1NC(=O)Nc1cc(C(F)(F)F)ccc1F,7.9706
Cc1ccc(Oc2ccnc(NC(=O)C3CC3)c2)cc1NC(=O)Nc1cccc(C(F)(F)F)c1,8.0410
Cc1ccc(Oc2ccnc(NC(=O)C3CC3)c2)cc1NC(=O)Nc1cc(C(C)(F)F)ccc1F,7.7645
Cc1ccc(Oc2ccnc(NC(=O)C3CC3)c2)cc1NC(=O)Nc1ccc(Cl)c(C(C)(F)F)c1,7.8327
Cc1ccc(Oc2ccnc(NC(=O)C3CC3)c2)cc1NC(=O)Nc1ccc(F)c(C(C)(F)F)c1,7.8729
Cc1cc(NC(=O)Nc2ccc(F)c(C(F)(F)F)c2)ccc1Oc1ccnc(NC(=O)C2CC2)c1,7.9318
Cc1cc(NC(=O)Nc2cccc(C(F)(F)F)c2)ccc1Oc1ccnc(NC(=O)C2CC2)c1,7.9355
Cc1cc(NC(=O)Nc2cccc(OC(F)(F)F)c2)ccc1Oc1ccnc(NC(=O)C2CC2)c1,7.9586
Cc1cc(NC(=O)Nc2cc(F)cc(C(C)(F)F)c2)ccc1Oc1ccnc(NC(=O)C2CC2)c1,8.0915
Cc1cc(NC(=O)Nc2cc(C(C)(F)F)ccc2F)ccc1Oc1ccnc(NC(=O)C2CC2)c1,8.0044
Cc1cc(NC(=O)Nc2ccc(Cl)c(C(C)(F)F)c2)ccc1Oc1ccnc(NC(=O)C2CC2)c1,7.9476
O=C(Nc1ccc(Oc2ccnc(NC(=O)C3CC3)c2)cc1)Nc1cc(OCC2CNC2)cc(C(F)(F)F)c1,7.8570
O=C(Nc1cc(-c2cn[nH]c2)cc(C(F)(F)F)c1)Nc1ccc(Oc2ccnc(NC(=O)C3CC3)c2)c(F)c1,7.8069
Nc1cc(NC(=O)Nc2ccc(Oc3ccnc(NC(=O)C4CC4)c3)c(F)c2)cc(C(F)(F)F)c1,8.0132
O=C(Nc1cc(NC(=O)[C@@H]2CCCN2)cc(C(F)(F)F)c1)Nc1ccc(Oc2ccnc(NC(=O)C3CC3)c2)c(F)c1,7.7190
CN1CC(Oc2cc(NC(=O)Nc3ccc(Oc4ccnc(NC(=O)C5CC5)c4)cc3)cc(C(F)(F)F)c2)C1,7.7471
CN1CCC(C(=O)Nc2cc(NC(=O)Nc3ccc(Oc4ccnc(NC(=O)C5CC5)c4)c(F)c3)cc(C(F)(F)F)c2)CC1,7.7773
COc1cc(C2=C(c3cn(CCN)c4ccccc34)C(=O)NC2=O)cc(OC)c1OC,5.7247
COc1cc(C2=C(c3cn(CCCN)c4ccccc34)C(=O)NC2=O)cc(OC)c1OC,5.8239
COc1cc(C2=C(c3cn(CCO)c4ccccc34)C(=O)NC2=O)cc(OC)c1OC,6.8153
COc1cc(C2=C(c3cn(CCN(C)C)c4ccccc34)C(=O)NC2=O)cc(OC)c1OC,5.8861
COc1cc(C2=C(c3cn(CCN4CCCCC4)c4ccccc34)C(=O)NC2=O)cc(OC)c1OC,5.9176
COc1cc(C2=C(c3cn(CCN4CCOCC4)c4ccccc34)C(=O)NC2=O)cc(OC)c1OC,5.0362
COc1cc(C2=C(c3cn(CCCN4CCN(C)CC4)c4ccccc34)C(=O)NC2=O)cc(OC)c1OC,5.5487
O=C(Nc1cccc(C2CN=C3c4ccccc4NC(=O)N3C2)c1)Nc1cc(C(F)(F)F)ccc1F,6.1192
O=C(Nc1ccc(C2CN=C3c4ccccc4NC(=O)N3C2)cc1)Nc1cc(C(F)(F)F)ccc1F,6.4437
O=C(Nc1ccccc1)Nc1ccc(C2CN=C3c4ccccc4NC(=O)N3C2)cc1,5.3233
O=C(Nc1ccc(C2CN=C3c4ccccc4NC(=O)N3C2)cc1)Nc1ccc(Cl)c(C(F)(F)F)c1,6.4685
CSc1cccc(NC(=O)Nc2ccc(C3CN=C4c5ccccc5NC(=O)N4C3)cc2)c1,5.7447
O=C(Nc1ccc(C2CN=C3c4ccccc4NC(=O)N3C2)cc1)Nc1cccc(Br)c1,6.6021
Cc1cccc(NC(=O)Nc2ccc(C3CN=C4c5ccccc5NC(=O)N4C3)cc2)c1,6.4815
Cc1ccc(NC(=O)Nc2ccc(C3CN=C4c5ccccc5NC(=O)N4C3)cc2)cc1,5.3947
COc1cccc(NC(=O)Nc2ccc(C3CN=C4c5ccccc5NC(=O)N4C3)cc2)c1,5.8327
Cc1ccoc1C(=O)Nc1cccc(C2CN=C3c4ccccc4NC(=O)N3C2)c1,5.1952
Cc1cccc(NC(=O)Nc2ccc(C3CN=C4c5ccccc5NC(=O)N4C3)c(C)c2)c1,5.8239
Cc1ccc(F)c(NC(=O)Nc2ccc(C3CN=C4c5ccccc5NC(=O)N4C3)c(C)c2)c1,6.4089
CSc1ncc2c(n1)CCN(c1cccc(C(=O)Nc3cccc(C(F)(F)F)c3)c1)C2,6.1169
CSc1ncc2c(n1)CCN(c1cc(C(=O)Nc3cccc(C(F)(F)F)c3)ccc1C)C2,7.6228
CSc1ncc2c(n1)CCN(c1cc(C(=O)Nc3cccc(C(C)C)c3)ccc1C)C2,7.5086
CC(C)c1cccc(NC(=O)c2cccc(N3CCc4c(cnc5ccnn45)C3)c2)c1,7.8410
O=C(Nc1cccc(C(F)(F)F)c1)c1cccc(N2CCc3c(cnc4ccnn34)C2)c1,7.6884
O=C(Nc1cccc(N2CCc3c(cnc4ccnn34)C2)c1)c1ccccc1,6.9957
O=C(Nc1cccc(N2CCc3c(cnc4ccnn34)C2)c1)c1cccc(C(F)(F)F)c1,8.2218
Cc1cccc(NC(=O)Nc2cccc(N3CCc4c(cnc5ccnn45)C3)c2)c1,7.5686
Cc1ccc(NC(=O)c2cccc(C(F)(F)F)c2)cc1NC(=O)c1cccc2c(N)nccc12,6.5834
Cc1cccc(NC(=O)Nc2ccc(-c3[nH]c4ccccc4c3C(N)=O)cc2)c1,7.8861
NC(=O)c1c(-c2ccc(NC(=O)Nc3cccc(C(F)(F)F)c3)cc2)[nH]c2ccccc12,8.1549
Cc1ccc(F)c(NC(=O)Nc2ccc(-c3[nH]c4ccccc4c3C(N)=O)cc2)c1,7.7696
CCc1cccc(NC(=O)Nc2ccc(-c3[nH]c4ccccc4c3C(N)=O)cc2)c1,8.1549
Clc1cc(Cl)c(N/N=C/c2ccncc2)c(Cl)c1,6.6778
Nc1nc(Nc2cccc(Br)c2)c2c(n1)-c1ccccc1C2,3.7760
Nc1nc(Nc2ccc(Cl)cc2)c2c(n1)-c1ccccc1C2,3.8765
Nc1nc(Nc2ccc(Br)cc2)c2c(n1)-c1ccccc1C2,3.7875
CC(C)c1ccccc1Nc1nc(N)nc2c1Cc1ccccc1-2,3.7022
Nc1nc(Nc2ccccc2)c2c(n1)-c1ccccc1C2,5.2924
Nc1nc(Nc2cccc(F)c2)c2c(n1)-c1ccccc1C2,4.1367
Nc1nc(Nc2ccc(F)cc2)c2c(n1)-c1ccccc1C2,4.6596
Cc1ccc(F)c(NC(=O)Nc2ccc(-c3cncc4[nH]nc(N)c34)c3ccccc23)c1,8.2924
Cc1cccc(NC(=O)Nc2ccc(-c3cncc4[nH]nc(N)c34)c3ccccc23)c1,8.3665
Cc1ccc(F)c(NC(=O)Nc2ccc(-c3ccc(OCCCN4CCCC4)c4[nH]nc(N)c34)c3ccccc23)c1,7.5171
Cc1cccc(NC(=O)Nc2ccc(-c3ccc(OCCCN4CCCC4)c4[nH]nc(N)c34)c3ccccc23)c1,7.3206
Cc1ccc(F)c(NC(=O)Nc2ccc(-c3ccc(OCCC(C)(C)N)c4[nH]nc(N)c34)c3ccccc23)c1,7.3161
Cc1cccc(NC(=O)Nc2ccc(-c3ccc(OCCC(C)(C)N)c4[nH]nc(N)c34)c3ccccc23)c1,7.6778
Nc1n[nH]c2cccc(-c3ccc(NC(=O)C4(C(=O)Nc5cc(Br)cc(C(F)(F)F)c5)CC4)cc3)c12,7.4600
Nc1n[nH]c2cccc(-c3ccc(NC(=O)C4(C(=O)Nc5ccc(Br)cc5OC(F)(F)F)CC4)cc3)c12,8.2534
Nc1n[nH]c2cccc(-c3ccc(NC(=O)C4(C(=O)Nc5cc(Br)ccc5OC(F)(F)F)CC4)cc3)c12,7.4467
Nc1n[nH]c2cccc(-c3ccc(NC(=O)C4(C(=O)Nc5ccc(Cl)cc5Cl)CC4)cc3)c12,8.1079
Nc1n[nH]c2cccc(-c3ccc(NC(=O)C4(C(=O)Nc5ccc(F)c(F)c5)CC4)cc3)c12,8.8539
Nc1n[nH]c2cccc(-c3ccc(NC(=O)C4(C(=O)Nc5ccc(Cl)c(Cl)c5)CC4)cc3)c12,6.1546
Nc1n[nH]c2cccc(-c3ccc(NC(=O)C4(C(=O)Nc5cc(C(F)(F)F)cc(C(F)(F)F)c5)CC4)cc3)c12,8.8697
Nc1n[nH]c2cccc(-c3cccc(NC(=O)C4(C(=O)Nc5cc(Br)ccc5OC(F)(F)F)CC4)c3)c12,7.4899
Nc1ncc2ccc(-c3ccc(NC(=S)Nc4cc(Br)cc(C(F)(F)F)c4)cc3)cc2n1,8.9788
Nc1ncc2ccc(-c3ccc(NC(=S)Nc4ccc(Br)cc4OC(F)(F)F)cc3)cc2n1,8.8477
Nc1ncc2ccc(-c3ccc(NC(=S)Nc4ccc(OC(F)(F)F)cc4Br)cc3)cc2n1,9.5086
Nc1ncc2ccc(-c3ccc(NC(=S)Nc4cc(Br)ccc4OC(F)(F)F)cc3)cc2n1,7.9427
Nc1ncc2ccc(-c3ccc(NC(=S)Nc4cc(OC(F)(F)F)ccc4Br)cc3)cc2n1,7.4812
COC(=O)c1ccc2c(c1)NC(=O)/C2=C(\Nc1ccc(-n2cccc2CN(C)C)cc1)c1ccccc1,7.1856
CCN(CC)Cc1cccn1-c1ccc(N/C(=C2\C(=O)Nc3cc(C(=O)OC)ccc32)c2ccccc2)cc1,6.7835
COC(=O)c1ccc2c(c1)NC(=O)/C2=C(\Nc1ccc(-n2cccc2CN2CCCC2)cc1)c1ccccc1,6.8161
COC(=O)c1ccc2c(c1)NC(=O)/C2=C(\Nc1ccc(-n2cccc2CN2CCCCC2)cc1)c1ccccc1,6.8617
COC(=O)c1ccc2c(c1)NC(=O)/C2=C(\Nc1ccc(-n2cccc2CN2CCN(C)CC2)cc1)c1ccccc1,7.3273
COC(=O)c1ccc2c(c1)NC(=O)/C2=C(\Nc1ccc(Cn2cccc2CN(C)C)cc1)c1ccccc1,6.7760
COC(=O)c1ccc2c(c1)NC(=O)/C2=C(\Nc1ccc(Cn2cccc2CN2CCN(C)CC2)cc1)c1ccccc1,6.7837
COC(=O)c1ccc2c(c1)NC(=O)/C2=C(\Nc1ccc(-n2cccc2CN2CCNCC2)cc1)c1ccccc1,7.0167
COc1ccc(-c2cnn3cc(-c4ccncc4)cnc23)cc1,7.4318
c1cc(-c2cnn3cc(-c4ccsc4)cnc23)ccn1,7.6198
COc1ccc(-c2cnn3cc(-c4ccsc4)cnc23)cc1,7.7212
COc1ccc2c(c1)CCCN2c1nc(C)nc2c(Cc3ccccc3)c[nH]c12.Cl,7.4123
COc1ccc(Nc2nc(C)nc3c(Cc4ccccc4)cn(C)c23)cc1.Cl,7.5735
COc1ccc(N(C)c2nc(C)nc3c(Cc4ccccc4)cn(C)c23)cc1.Cl,7.4815
COc1ccc2c(c1)CCCN2c1nc(C)nc2c(Cc3ccccc3)cn(C)c12.Cl,7.4828
COc1ccc(N(C)c2nc(N)nc3c(Cc4ccccc4)c[nH]c23)cc1,7.5638
COc1ccc2c(c1)CCCN2c1nc(N)nc2c(Cc3ccccc3)c[nH]c12,7.0742
CNC(=O)c1cccc2cc(Oc3ccnc4cc(OCC5(N)CC5)c(OC)cc34)ccc12,7.6021
COc1cc(O)c2c(c1)CCC[C@H](O)[C@H](O)C(=O)CCC[C@H](C)OC2=O,6.7889
CCN(CCNC(=O)c1c(C)[nH]c(/C=C2\C(=O)Nc3ccc(F)cc32)c1C)CCOCCOCCNC(=O)c1cc(OCc2cn(CCCCN3C[C@@H]4C[C@H]3C(=O)N[C@@H](CCCNC(=N)N)C(=O)NCC(=O)N[C@@H](CC(=O)O)C(=O)N4)nn2)cc(OCc2cn(CCCCN3C[C@@H]4C[C@H]3C(=O)N[C@@H](CCCNC(=N)N)C(=O)NCC(=O)N[C@@H](CC(=O)O)C(=O)N4)nn2)c1,6.3768
CCN(CC)c1cncc(C#Cc2cc(C(=O)Nc3ccc(CN4CCN(C)CC4)c(C(F)(F)F)c3)ccc2C)c1,6.9809
Cc1ccc(C(=O)Nc2ccc(CN3CCN(C)CC3)c(C(F)(F)F)c2)cc1C#Cc1cncc(NC(C)C)c1,7.2226
Cc1ccc(C(=O)Nc2ccc(CN3CCN(C)CC3)c(C(F)(F)F)c2)cc1C#Cc1cncc2c1ccn2C,7.1972
CN1CCN(Cc2ccc(NC(=O)c3cncc(C#Cc4cncc5ccccc45)c3)cc2C(F)(F)F)CC1,8.5850
CN1CCN(Cc2ccc(NC(=O)c3ccc(Cl)c(C#Cc4cncc(N5CCOCC5)c4)c3)cc2C(F)(F)F)CC1,7.3125
COc1cncc(C#Cc2cc(C(=O)Nc3ccc(CN4CCN(C)CC4)c(C(F)(F)F)c3)ccc2C)c1,6.9578
Cc1ccc(C(=O)Nc2ccc(CN3CCN(C)CC3)c(C(F)(F)F)c2)cc1C#Cc1cncc(N2CCN(C)CC2)c1,7.6615
Cc1ccc(C(=O)Nc2ccc(CN3CCN(C)CC3)c(C(F)(F)F)c2)cc1C#Cc1cncc(N2CCOCC2)c1,7.0462
Cc1ccc(C(=O)Nc2ccc(CN3CCN(C)CC3)c(C(F)(F)F)c2)cc1C#Cc1cncc(N2CCCC2)c1,6.9662
CN1CCN(Cc2ccc(NC(=O)c3ccnc(C#Cc4cncc5ccccc45)c3)cc2C(F)(F)F)CC1,8.1871
CN1CCN(Cc2ccc(NC(=O)c3ccc(Cl)c(C#Cc4cncc5ccccc45)c3)cc2C(F)(F)F)CC1,7.0391
CN1CCN(Cc2ccc(NC(=O)c3ccc(F)c(C#Cc4cncc5ccccc45)c3)cc2C(F)(F)F)CC1,8.2596
CN1CCN(Cc2ccc(NC(=O)c3cccc(C#Cc4cncc5ccccc45)c3)cc2C(F)(F)F)CC1,8.6021
Cc1ccc(C(=O)Nc2ccc(CN3CCN(C)CC3)c(C(F)(F)F)c2)cc1C#Cc1cncc2ccccc12,7.1018
CCS(=O)(=O)c1ccc(OC)c(Nc2ncc(-c3ccc(CC#N)c(-c4ccccn4)c3)o2)c1,7.6383
Nc1nc(N)c2c(n1)[nH]c1cccc(Sc3ccc4ccccc4c3)c12,3.7951
Nc1nc(N)c2c(n1)[nH]c1cccc(Sc3cccc4ccccc34)c12,3.7142
COc1ccc(OC)c(Sc2cccc3[nH]c4nc(N)nc(N)c4c23)c1,4.9914
COc1ccc(Sc2cccc3[nH]c4nc(N)nc(N)c4c23)cc1,3.7395
CC1(C)OCC(=O)Nc2cc(Nc3nc(NCC(F)(F)F)c4occc4n3)ccc21,5.4750
Cc1n[nH]c2cc(Nc3nc(NC4CC4)c4occc4n3)ccc12,5.0685
CC(C)(C)OC(=O)NCC(=O)Nc1ccc2ncnc(Nc3cccc(Br)c3)c2c1,4.7282
Cc1n[nH]c2nccc(-c3ccc(NC(=O)Nc4cccnc4)cc3)c12,5.5074
Cc1n[nH]c2nccc(-c3ccc(NC(=O)Nc4cnc5ccccc5c4)cc3)c12,5.7340
Cc1n[nH]c2nccc(-c3ccc(NC(=O)Nc4ccn[nH]4)cc3)c12,5.6214
Cc1n[nH]c2nccc(-c3ccc(NC(=O)NCc4ccco4)cc3)c12,5.4556
Cc1n[nH]c2nccc(-c3ccc(NC(=O)NCc4cccs4)cc3)c12,5.7469
Cc1n[nH]c2nccc(-c3ccc(NC(=O)NCc4ccccn4)cc3)c12,5.3894
Cc1n[nH]c2nccc(-c3ccc(NC(=O)NC4CCCC4)cc3)c12,5.2056
CCN(CC)c1cccc(NC(=O)Nc2ccc(-c3ccnc4[nH]nc(C)c34)cc2)c1,4.3771
CCN(CC)c1ccc(NC(=O)Nc2ccc(-c3ccnc4[nH]nc(C)c34)cc2)cc1,5.2715
Cc1n[nH]c2nccc(-c3ccc(NC(=O)Nc4cccc(N(C)C)c4)cc3)c12,5.1599
Cc1n[nH]c2nccc(-c3ccc(NC(=O)Nc4ccc(N(C)C)cc4)cc3)c12,5.0435
Cc1n[nH]c2nccc(-c3ccc(NC(=O)Nc4cccc(CN(C)C)c4)cc3)c12,4.7976
Cc1ccccc1NC(=O)Nc1ccc(-c2ccnc3[nH]nc(C)c23)cc1,5.3643
Cc1ccc(NC(=O)Nc2ccc(-c3ccnc4[nH]nc(C)c34)cc2)cc1,5.2508
Cc1n[nH]c2nccc(-c3ccc(NC(=O)Nc4cccc(F)c4)cc3)c12,5.2057
Cc1n[nH]c2nccc(-c3ccc(NC(=O)Nc4cccc(Cl)c4)cc3)c12,5.3925
Cc1n[nH]c2nccc(-c3ccc(NC(=O)Nc4cccc(C(F)(F)F)c4)cc3)c12,5.7165
Cc1n[nH]c2nccc(-c3ccc(NC(=S)Nc4cccc(Br)c4)cc3)c12,5.2052
Cc1n[nH]c2nccc(-c3ccc(NC(=S)Nc4cccc(C(F)(F)F)c4)cc3)c12,5.0965
Cc1ccc(F)c(NC(=O)Nc2ccc(-c3cc(O)nc4[nH]nc(C)c34)cc2)c1,5.7314
Cc1cccc(NC(=O)Nc2ccc(-c3cc(O)nc4[nH]nc(C)c34)cc2)c1,5.9122
Cc1n[nH]c2nccc(-c3ccc(NC(=O)NCCCc4ccccc4)cc3)c12,5.4138
Cc1n[nH]c2nccc(-c3ccc(NC(=O)NCCCCc4ccccc4)cc3)c12,4.9619
Cc1n[nH]c2nccc(-c3ccc(NC(=O)NCCc4ccccc4)cc3)c12,5.0106
Cc1n[nH]c2nccc(-c3ccc(NC(=O)NC(C)(C)C)cc3)c12,4.9438
Cc1n[nH]c2nccc(-c3ccc(NC(=O)NC4CC4)cc3)c12,5.3446
Cc1n[nH]c2nccc(-c3ccc(NC(=O)NC4CCC4)cc3)c12,5.3009
CCCCCCNC(=O)Nc1ccc(-c2ccnc3[nH]nc(C)c23)cc1,4.9804
Cc1n[nH]c2nccc(-c3ccc(NC(=O)NCC(C)C)cc3)c12,5.0638
Cc1n[nH]c2nccc(-c3ccc(NC(=O)Nc4ccccc4N4CCN(C)CC4)cc3)c12,5.3805
Cc1ccc(N2CCOCC2)c(NC(=O)Nc2ccc(-c3ccnc4[nH]nc(C)c34)cc2)c1,4.5823
Cc1n[nH]c2nccc(-c3ccc(NC(=O)Nc4ccccc4N4CCOCC4)cc3)c12,4.4331
Cc1n[nH]c2nccc(-c3ccc(NC(=O)Nc4cccc(N5CCN(C)CC5)c4)cc3)c12,5.2052
Cc1ccc(N2CCN(C)CC2)c(NC(=O)Nc2ccc(-c3ccnc4[nH]nc(C)c34)cc2)c1,5.4045
Cc1cc(NC(=O)Nc2ccc(-c3ccnc4[nH]nc(C)c34)cc2)ccc1N1CCN(C)CC1,5.4324
Cc1cc(NC(=O)Nc2ccc(-c3ccnc4[nH]nc(C)c34)cc2)ccc1N1CCOCC1,5.6421
Cc1cc(N2CCN(C)CC2)ccc1NC(=O)Nc1ccc(-c2ccnc3[nH]nc(C)c23)cc1,5.1665
Cc1cccc(NC(=O)Nc2ccc(-c3ccnc4[nH]nc(CO)c34)cc2)c1,5.3080
CCc1cccc(NC(=O)Nc2ccc(-c3ccnc4[nH]nc(CO)c34)cc2)c1,5.4737
CCc1cccc(NC(=O)Nc2ccc(-c3ccnc4[nH]nc(C)c34)cc2)c1,5.9179
Cc1ccc(F)c(NC(=O)Nc2ccc(-c3ccnc4[nH]nc(C)c34)cc2)c1,5.3672
Cc1cccc(NC(=O)Nc2ccc(-c3ccnc4[nH]nc(C)c34)cc2)c1,5.9119
Cc1n[nH]c2nccc(-c3ccc(NC(=O)Nc4cccc(Br)c4)cc3)c12,5.5024
C=CC(=O)Nc1cccc(CCn2c(=O)c(-c3ccccc3Cl)cc3cnc(NCCCCN(CC)CC)nc32)c1,6.0013
C=CC(=O)Nc1ccc(CCn2c(=O)c(-c3ccccc3Cl)cc3cnc(NCCCCN(CC)CC)nc32)cc1,5.9851
C=CC(=O)N1CCN(CCCn2c(=O)c(-c3c(Cl)c(OC)cc(OC)c3Cl)cc3cnc(NC)nc32)CC1,6.1518
CC[C@@H]1[C@H](F)C(=O)N[C@@H]1COc1nccc2cc(C(N)=O)c(OC)cc12,5.2733
Cc1n[nH]c2ccc(-c3cc(N[C@@H](CO)c4ccccc4)cnc3-c3cc(Cl)ccc3O)cc12,8.4318
OC[C@H](Nc1cnc(-c2cc(Cl)ccc2O)c(-c2ccc3cnccc3c2)c1)c1ccccc1,9.0969
Cc1n[nH]c2ccc(-c3cc(N[C@@H](CO)c4ccccc4)cnc3-c3cc(F)ccc3O)cc12,8.3892
Cc1n[nH]c2ccc(-c3cc(N[C@@H](CO)c4ccccc4)cnc3-c3ccc(F)cc3O)cc12,8.5850
CC(c1cc2cc(-c3cnn(C)c3)cnc2cc1F)n1nnc2ncc(-c3cnn(CCO)c3)nc21,4.7360
Nc1nccc(Oc2ccc(NC(=O)C3(C(=O)Nc4ccc(F)cc4)CC3)cc2F)c1Cl,7.2596
Nc1nc(NCc2ccccc2)c2c(n1)[nH]c1ccc(O)cc12,5.5591
Cc1cc2[nH]c3nc(N)nc(NCc4ccccc4)c3c2cc1O,5.3161
COc1cc2[nH]c3nc(N)nc(NCc4ccccc4)c3c2cc1O,4.8726
Cc1ccc(CNc2nc(N)nc3[nH]c4ccc(O)cc4c23)cc1,5.4868
Nc1nc(NCc2ccc(Cl)cc2)c2c(n1)[nH]c1ccc(O)cc12,5.4895
COc1cccc(CNc2nc(N)nc3[nH]c4ccc(O)cc4c23)c1,5.3990
COc1ccccc1CNc1nc(N)nc2[nH]c3ccc(O)cc3c12,6.0706
COc1ccccc1CNc1nc(N)nc2[nH]c3cc(C)c(O)cc3c12,5.1403
COc1ccc(CNc2nc(N)nc3[nH]c4ccc(O)cc4c23)cc1OC,4.9559
Nc1nc(NCCc2ccccc2)c2c(n1)[nH]c1ccc(O)cc12,5.3497
C[C@@H](Nc1nc(N)nc2[nH]c3ccc(O)cc3c12)c1ccccc1,5.7144
C[C@H](Nc1nc(N)nc2[nH]c3ccc(O)cc3c12)c1ccccc1,5.3820
CCCS(=O)(=O)N[C@H]1C[C@@H](N(C)c2ncnc3[nH]ccc23)C1,5.9208
COc1cc2ncnc(Oc3ccc(NC(=O)Nc4ccc(CN5CCOCC5)c(C(F)(F)F)c4)c4ccccc34)c2cc1OC,7.4768
COc1cc2ncnc(Oc3ccc(NC(=O)NC4(C#N)CCCC4)c4ccccc34)c2cc1OC,8.0605
COc1cc2ncnc(Oc3ccc(NC(=O)NC4CC4)c4ccccc34)c2cc1OC,8.7258
COc1cc2ncnc(Oc3ccc(NC(=O)Nc4cc(C)on4)c4ccccc34)c2cc1OC,9.0362
COc1cc2ncnc(Oc3ccc(NC(=O)Nc4cnn(C(C)C)c4)c4ccccc34)c2cc1OC,9.1249
CCCCS(=O)(=O)Nc1ccc(Oc2ncnc3cc(OC)c(OC)cc23)c2ccccc12,5.4048
COc1cc2ncnc(Oc3ccc(NC(=O)Nc4ccc(Cl)c(C(F)(F)F)c4)c4cccnc34)c2cc1OC,7.7484
COc1cc2ncnc(Oc3ccc(NC(=O)Nc4cccc(C(F)(F)F)c4)c4ccccc34)c2cc1OC,7.5408
COc1cc2ncnc(Oc3ccc(NC(=O)Nc4ccc(Cl)c(C(F)(F)F)c4)c4ccccc34)c2cc1OC,7.8156
Cc1cc(=O)n(-c2ccc(F)cc2)nc1C(=O)Nc1ccc(Oc2ccnc3[nH]ccc23)c(F)c1,6.1728
COc1cc2ncnc(-n3nc(Nc4ccc(C5CCN(C)CC5)cc4)nc3N)c2cc1OC,7.8539
COc1cc2ncnc(-n3nc(Nc4ccc(N5CCN(C)CC5)cc4)nc3N)c2cc1OC,8.5229
COc1cc2ncnc(-n3nc(Nc4ccc(OC5CCCN(C)C5)cc4)nc3N)c2cc1OC,8.3979
COc1cc2ncnc(-n3nc(Nc4ccc(N5CCN(C6CCCCC6)CC5)c(F)c4)nc3N)c2cc1OC,7.5850
COc1cc2ncnc(-n3nc(Nc4ccc(N5CCN(C6CC7CCC6C7)CC5)c(Cl)c4)nc3N)c2cc1OC,7.3279
COc1cc2ncnc(-n3nc(Nc4ccc(N5CC[C@H](N(C)C)C5)cc4)nc3N)c2cc1OC,7.7212
Cc1csc2c(-n3nc(Nc4ccc(N5CCN(C6CC7CCC6C7)CC5)cc4)nc3N)nc(Cl)nc12,7.1871
Nc1nc(Nc2ccc(N3CCN(C4CC5CCC4C5)CC3)cc2)nn1-c1ncnc2ccc(F)cc12,6.8356
Cc1nc(-n2nc(Nc3ccc(N4CCN(C5CC6CCC5C6)CC4)cc3)nc2N)c2ccccc2n1,6.9830
Nc1nc(Nc2ccc(N3CCN(C4CC5CCC4C5)CC3)cc2)nn1-c1ncnc2ccc(Cl)cc12,6.7077
Nc1nc(Nc2ccc(N3CCN(C4CC5CCC4C5)CC3)cc2)nn1-c1ncnc2ccsc12,7.6198
Nc1nc(Nc2ccc(N3CCN(C4CC5CCC4C5)CC3)cc2)nn1-c1ncnc2c1sc1ncccc12,7.6198
Cc1csc2c(-n3nc(Nc4ccc(N5CCN(C6CC7CCC6C7)CC5)c(F)c4)nc3N)ncnc12,7.0458
CC(C)(C)c1cc2ncnc(-n3nc(Nc4ccc(N5CCN(C6CC7CCC6C7)CC5)c(Cl)c4)nc3N)c2s1,7.0969
Nc1nc(Nc2ccc(N3CCN(C4CC5CCC4C5)CC3)c(Cl)c2)nn1-c1ncnc2sccc12,6.7959
COc1cc2c(Oc3ccc(NC(=O)c4nc5ccccc5n(-c5ccc(F)cc5)c4=O)cc3F)ccnc2cc1OCCCN1CCN(C)CC1,6.8195
CN1CCN(Cc2ccc(NC(=O)c3n[nH]cc3Nc3ncnc4sccc34)cc2)CC1,7.4547
CC(=O)N1Cc2ncnc(Oc3ccc4c(ccn4C(=O)Nc4cc(C5CC5)on4)c3)c2C[C@@H]1C,8.5728
CC(=O)N1Cc2ncnc(Oc3ccc4c(ccn4C(=O)Nc4cc(C5(C(F)(F)F)CC5)on4)c3)c2C[C@@H]1C,9.1549
CC(=O)N1CCc2c(ncnc2Oc2ccc3c(ccn3C(=O)Nc3cc(C4CC4)on3)c2)C1,8.6778
CC(=O)N1Cc2ncnc(Oc3ccc4c(ccn4C(=O)Nc4cc(C5CC5)on4)c3)c2C1,7.9957
O=C(Nc1cc(C2CC2)on1)n1ccc2cc(Oc3ncnc4c3CSC4)ccc21,8.3872
O=C(Nc1cc(C2CC2)on1)n1ccc2cc(Oc3cc(Cn4ncnn4)ncn3)ccc21,7.8928
O=C(Nc1cc(C2CC2)on1)n1ccc2cc(Oc3cc(CO)ncn3)ccc21,8.0555
CNCc1cc(Oc2ccc3c(ccn3C(=O)Nc3cc(C(F)(F)F)n(C)n3)c2)ncn1,7.7595
CNCc1cc(Oc2ccc3c(ccn3C(=O)Nc3cc(C(F)(F)F)[nH]n3)c2)ncn1,6.5638
CNCc1cc(Oc2ccc3c(ccn3C(=O)Nc3cc(C(C)C)[nH]n3)c2)ncn1,8.5528
CNCc1cc(Oc2ccc3c(ccn3C(=O)Nc3cc(C4(C(F)(F)F)CC4)[nH]n3)c2)ncn1,8.6021
CNCc1cc(Oc2ccc3c(ccn3C(=O)Nc3cc(C4(C)CC4)[nH]n3)c2)ncn1,8.6990
CNCc1cc(Oc2ccc3c(ccn3C(=O)Nc3cc(C4(C(F)(F)F)CC4)on3)c2)ncn1,8.2366
CNCc1cc(Oc2ccc3c(ccn3C(=O)Nc3cc(C4(C)CC4)on3)c2)ncn1,8.0269
CNCc1cc(Oc2ccc3c(ccn3C(=O)Nc3cc(C(C)C)on3)c2)ncn1,7.5986
C[C@@H]1Cc2c(ncnc2Oc2ccc3c(ccn3C(=O)Nc3cc(C4CC4)on3)c2)CN1,7.1805
C[C@H]1Cc2c(ncnc2Oc2ccc3c(ccn3C(=O)Nc3cc(C4CC4)on3)c2)CN1,7.0506
CCN1CCc2c(ncnc2Oc2ccc3c(ccn3C(=O)Nc3cc(C4CC4)on3)c2)C1,8.1024
CNCc1cc(Oc2ccc3c(ccn3C(=O)Nc3cc(C4CC4)on3)c2)ncn1,6.6108
O=C(Nc1cc(C2CC2)on1)n1ccc2cc(Oc3ncnc4c3CCNC4)ccc21,6.6383
O=C(Nc1cc(C2(CO)CC2)on1)n1ccc2cc(Oc3ncnc4c3CNC4)ccc21,7.7471
O=C(Nc1cc(C2(C(F)(F)F)CC2)on1)n1ccc2cc(Oc3ncnc4c3CNC4)ccc21,8.3010
CC(C)(CO)c1cc(NC(=O)n2ccc3cc(Oc4ncnc5c4CNC5)ccc32)no1,8.6021
O=C(Nc1cc(C2CCOCC2)on1)n1ccc2cc(Oc3ncnc4c3CNC4)ccc21,7.8928
Cc1cc(NC(=O)n2ccc3cc(Oc4ncnc5c4CNC5)ccc32)no1,5.7645
Nc1nccc(Oc2ccc3c(C(=O)Nc4cccc(C(F)(F)F)c4)cccc3c2)n1,8.4572
O=C(Nc1cccc(C(F)(F)F)c1)c1cccc2cc(Oc3cc(CO)ncn3)ccc12,8.5458
COC(=O)c1ccc2c(c1)NC(=O)/C2=C(\Nc1ccc2c(c1)nc(CN(C)C)n2C)c1ccccc1,6.4149
COC(=O)c1ccc2c(c1)NC(=O)/C2=C(\Nc1ccc2c(c1)nc(CN1CCN(C)CC1)n2C)c1ccccc1,6.5897
COC(=O)c1ccc2c(c1)NC(=O)/C2=C(\Nc1ccc2[nH]c(CN(C)C)cc2c1)c1ccccc1,6.8592
COC(=O)c1ccc2c(c1)NC(=O)/C2=C(\Nc1ccc2[nH]c(CN3CCN(C)CC3)cc2c1)c1ccccc1,6.9743
COC(=O)c1ccc2c(c1)NC(=O)/C2=C(\Nc1ccc2[nH]c(C(=O)N3CCN(C)CC3)cc2c1)c1ccccc1,7.1605
COC(=O)c1ccc2c(c1)NC(=O)/C2=C(\Nc1ccc2c(c1)cc(C(=O)N1CCN(C)CC1)n2C)c1ccccc1,7.0899
CCn1c(C(=O)N2CCN(C)CC2)cc2cc(N/C(=C3\C(=O)Nc4cc(C(=O)OC)ccc43)c3ccccc3)ccc21,6.9805
COC(=O)c1ccc2c(c1)NC(=O)/C2=C(\Nc1ccc2c(c1)c(CN(C)C)cn2C)c1ccccc1,6.0923
CCn1cc(CN(C)C)c2cc(N/C(=C3\C(=O)Nc4cc(C(=O)OC)ccc43)c3ccccc3)ccc21,6.3653
COC(=O)c1ccc2c(c1)NC(=O)/C2=C(\Nc1ccc2c(c1)c(CN(C)C)cn2C(C)C)c1ccccc1,6.1894
Nc1ncc2ccc(-c3ccc(NC(=O)C4(C(=O)Nc5cc(Br)cc(C(F)(F)F)c5)CC4)cc3)cc2n1,7.3939
Nc1ncc2ccc(-c3ccc(NC(=O)C4(C(=O)Nc5cc(OC(F)(F)F)ccc5Br)CC4)cc3)cc2n1,6.9020
Nc1ncc2ccc(-c3ccc(NC(=O)C4(C(=O)Nc5ccc(Cl)cc5Cl)CC4)cc3)cc2n1,6.9663
Nc1ncc2ccc(-c3ccc(NC(=O)C4(C(=O)Nc5ccc(F)c(F)c5)CC4)cc3)cc2n1,7.6702
C=CC(=O)Nc1ccc(-c2ccc(NC(=O)Nc3cccc(C(C)C)c3)cc2)cn1,8.6778
C=CC(=O)Nc1ccc(-c2ccc(NC(=O)Nc3ccc(F)cc3)cc2)cn1,8.0985
C=CC(=O)Nc1ccc(-c2ccc(NC(=O)Nc3cccc(C(F)(F)F)c3)cc2)cn1,6.4870
C=CC(=O)Nc1ccc(-c2ccc(NC(=O)Nc3cccc(Cl)c3)cc2)cn1,8.6289
O=C(Nc1cccc(-c2ccc3c(=O)[nH]cnc3c2)c1)Nc1ccc(F)c(F)c1,7.5384
O=C(Nc1cccc(Cl)c1)Nc1cccc(-c2ccc3c(=O)[nH]cnc3c2)c1,7.4599
CN1CCN(CC(=O)N(C)c2ccc(N/C(=C3\C(=O)Nc4cc(-n5nccn5)ccc43)c3ccccc3)cc2)CC1,8.7212
CN1CCN(CC(=O)N(C)c2ccc(N/C(=C3\C(=O)Nc4cc(-c5ccco5)ccc43)c3ccccc3)cc2)CC1,8.0315
CN1CCN(CC(=O)N(C)c2ccc(N/C(=C3\C(=O)Nc4cc(-c5cnco5)ccc43)c3ccccc3)cc2)CC1,8.0969
CN1CCN(CC(=O)N(C)c2ccc(N/C(=C3\C(=O)Nc4cc(-c5nnn(C)n5)ccc43)c3ccccc3)cc2)CC1,8.3098
CN1CCN(CC(=O)N(C)c2ccc(N/C(=C3\C(=O)Nc4cc(-c5ncon5)ccc43)c3ccccc3)cc2)CC1,8.3372
CN1CCN(CC(=O)N(C)c2ccc(N/C(=C3\C(=O)Nc4cc(-c5nnco5)ccc43)c3ccccc3)cc2)CC1,8.3979
CN1CCN(CC(=O)N(C)c2ccc(N/C(=C3\C(=O)Nc4cc(OC(F)(F)F)ccc43)c3ccccc3)cc2)CC1,7.4685
COC(=O)c1ccc2c(c1)NC(=O)/C2=C(\Nc1ccc(N2CCC(CN3CCN(C)CC3)C2=O)cc1)c1ccccc1,7.9208
COC(=O)c1ccc2c(c1)NC(=O)/C2=C(\Nc1ccc(N2C(=O)CC[C@@H]2CN(C)C)cc1)c1ccccc1,7.2924
COC(=O)c1ccc2c(c1)NC(=O)/C2=C(\Nc1ccc(N2C(=O)CC[C@@H]2CN2CCN(C)CC2)cc1)c1ccccc1,8.0809
COC(=O)c1ccc2c(c1)NC(=O)/C2=C(\Nc1ccc(N2C(=O)CC[C@H]2CN2CCN(C)CC2)cc1)c1ccccc1,8.7959
COC(=O)c1ccc2c(c1)NC(=O)/C2=C(\Nc1ccc2c(c1)N(C(=O)CN1CCOCC1)CC2)c1ccccc1,6.9586
COC(=O)c1ccc2c(c1)NC(=O)/C2=C(\Nc1ccc2c(c1)N(C(=O)Cn1cccn1)CC2)c1ccccc1,6.5229
COC(=O)c1ccc2c(c1)NC(=O)/C2=C(\Nc1ccc2c(c1)N(C(=O)Cn1cncn1)CC2)c1ccccc1,7.0000
COC(=O)c1ccc2c(c1)NC(=O)/C2=C(\Nc1ccc2c(c1)N(C(=O)CN1CCCC1=O)CC2)c1ccccc1,6.6383
COC(=O)c1ccc2c(c1)NC(=O)/C2=C(\Nc1ccc2c(c1)N(C(=O)CN1CC(C)OC(C)C1)CC2)c1ccccc1,6.5229
COC(=O)c1ccc2c(c1)NC(=O)/C2=C(\Nc1ccc2c(c1)N(C(=O)CN(C)C)CC2)c1ccccc1,7.1871
CCS(=O)(=O)c1ccc(OC)c(Nc2ncc(-c3cccc(-c4cc[nH]c4)c3)o2)c1,7.7447
CCS(=O)(=O)c1ccc(OC)c(Nc2nc(-c3cccc(-c4ccccn4)c3)co2)c1,3.2487
O=C(Cn1c(-c2ccco2)nc2ccccc21)N/N=C/c1ccccc1Cl,6.1938
Cc1ccc(-c2nc3ccccc3n2CC(=O)N/N=C/c2ccccc2Cl)o1,5.8996
NNC(=O)CSc1nnc(Cn2c(-c3ccco3)nc3ccccc32)s1,5.8508
Nc1n[nH]c2cccc(-c3ccc(NC(=S)Nc4cc(Br)ccc4OC(F)(F)F)cc3)c12,8.4622
Nc1n[nH]c2cccc(-c3ccc(NC(=S)Nc4cc(OC(F)(F)F)ccc4Br)cc3)c12,8.1002
Nc1n[nH]c2cccc(-c3ccc(NC(=S)Nc4ccc(Cl)cc4Cl)cc3)c12,7.6139
Nc1n[nH]c2cccc(-c3ccc(NC(=S)Nc4ccc(F)c(F)c4)cc3)c12,7.6996
Nc1n[nH]c2cccc(-c3ccc(NC(=S)Nc4ccc(Cl)c(Cl)c4)cc3)c12,8.1158
C=CC(=O)Nc1cccc(-c2ccc(NC(=O)Nc3ccc(Cl)c(C(F)(F)F)c3)cc2)n1,8.2097
C=CC(=O)Nc1cccc(-c2ccc(NC(=O)Nc3ccc(C)c(Cl)c3)cc2)n1,8.1518
C=CC(=O)Nc1cccc(-c2ccc(NC(=O)Nc3ccc(C(C)(C)C)cc3)cc2)n1,7.9245
C=CC(=O)Nc1cccc(-c2ccc(NC(=O)Nc3cccc(Cl)c3)cc2)n1,6.9108
C=CC(=O)Nc1cccc(-c2ccc(NC(=O)Nc3cccc(C(F)(F)F)c3)cc2)n1,7.7167
C=CC(=O)Nc1cccc(-c2ccc(NC(=O)Nc3ccccc3F)cc2)n1,7.9512
C=CC(=O)Nc1cccc(-c2ccc(NC(=O)Nc3c(C)cccc3C)cc2)n1,6.3817
O=C(Nc1ccc(-c2ccc3c(=O)nc[nH]c3c2)cc1)C1(C(=O)Nc2ccc(Cl)c(C(F)(F)F)c2)CCC1,6.5272
O=C(Nc1ccc(-c2ccc3c(=O)nc[nH]c3c2)cc1)C1(C(=O)Nc2cccc(C(F)(F)F)c2)CCC1,6.5077
Cc1ccc(NC(=O)C2(C(=O)Nc3ccc(-c4ccc5c(=O)nc[nH]c5c4)cc3)CCC2)cc1Cl,7.5031
O=C(Nc1ccc(Oc2ccnc3[nH]ccc23)cc1)c1nn(-c2ccc(Cl)c(C(F)(F)F)c2)ccc1=O,5.6198
COc1ccc(Cc2nnc3sc(-c4cc5ccccc5[nH]4)nn23)cc1,5.4776
COc1cc2c(Oc3ccc(NC(=O)NN4C(=O)CSC4c4c(F)cccc4F)c(F)c3)ccnc2cc1OCCCN1CCCC1,7.6778
Cn1ccc2c(Oc3ccc(NC(=O)Nc4ccc(Cl)c(C(F)(F)F)c4)cc3)ncnc21,6.0000
Cc1cccc(Nc2nc3cc(Oc4ncnc5c4cnn5C)ccc3n2C)c1,7.0434
Cn1ncc2c(Oc3ccc4c(c3)nc(Nc3ccc(Cl)cc3)n4C)ncnc21,7.3028
Cn1ncc2c(Oc3ccc4c(c3)nc(Nc3ccc(Cl)c(C(F)(F)F)c3)n4C)ncnc21,6.8713
Cc1ccc(Nc2nc3cc(Oc4ncnc5c4cnn5C)ccc3n2C)cc1,7.7670
Cn1ncc2c(Oc3ccc4c(c3)nc(Nc3ccc(C(C)(C)C)cc3)n4C)ncnc21,6.8539
Cn1ncc2c(Oc3ccc4c(c3)nc(Nc3ccc(Br)cc3)n4C)ncnc21,7.5243
Cn1ncc2c(Oc3ccc4c(c3)nc(Nc3ccc(F)cc3)n4C)ncnc21,7.3799
Cn1ncc2c(Oc3ccc4c(c3)nc(Nc3ccc(Cl)c(Cl)c3)n4C)ncnc21,6.9194
CN(C)c1ccc(Nc2nc3cc(Oc4ncnc5c4cnn5C)ccc3n2C)cc1,6.9527
Cn1ncc2c(Oc3ccc4c(c3)nc(Nc3cccc(C(F)(F)F)c3)n4C)ncnc21,6.8233
Cn1ncc2c(Oc3ccc4c(c3)nc(Nc3ccc(C(F)(F)F)cc3)n4C)ncnc21,7.1993
COc1ccc(Nc2nc3cc(Oc4ncnc5c4cnn5C)ccc3n2C)cc1,7.1343
Cn1ncc2c(Oc3ccc4c(c3)nc(Nc3ccc(OC(F)(F)F)cc3)n4C)ncnc21,7.1085
COc1ccc(CNc2nc3cc(Oc4ncnc5c4cnn5C)ccc3n2C)cc1,6.3726
Cc1nc2c(c(Nc3c[nH]nc3C(=O)Nc3ccc(N4CCNCC4)cc3)n1)CCC2,7.0240
CNC(=O)c1cc(Oc2ccc(C3=NNC(c4cccc(Br)c4)C3)cc2)ccn1,6.2518
CNC(=O)c1cc(Oc2ccc(C3=NNC(c4ccccc4)C3)cc2)ccn1,5.6383
CC(=O)Nc1cn2cc(-c3cc(NC(=O)c4ccccc4)ccc3C)ccc2n1,4.9586
CC(=O)Nc1cn2cc(-c3cc(NC(=O)c4cccc(C(F)(F)F)c4)ccc3C)ccc2n1,6.4949
CC(=O)Nc1cn2cc(-c3cc(NC(=O)c4cccc(Cl)c4)ccc3C)ccc2n1,5.5686
CC(=O)Nc1cn2cc(-c3cc(NC(=O)c4cc(C(F)(F)F)ccn4)ccc3C)ccc2n1,5.6990
CC(=O)Nc1cn2cc(-c3cc(NC(=O)c4cccc(C(C)(C)C)c4)ccc3C)ccc2n1,7.3565
CC(=O)Nc1cn2cc(-c3cc(NC(=O)c4ccc(CN5CCN(C)CC5)c(C(F)(F)F)c4)ccc3C)ccc2n1,6.9586
Cc1c(C(=O)NCCS(C)(=O)=O)sc2ncnc(Oc3ccc(NC(=O)C4(C(=O)Nc5ccc(F)cc5)CC4)cc3F)c12,7.3188
COCCNC(=O)c1sc2ncnc(Oc3ccc(NC(=O)C4(C(=O)Nc5ccc(F)cc5)CC4)cc3F)c2c1C,7.0809
Cc1c(C(=O)NCCN2CCOCC2)sc2ncnc(Oc3ccc(NC(=O)C4(C(=O)Nc5ccc(F)cc5)CC4)cc3F)c12,7.2676
Cc1c(C(=O)NCCCN2CCOCC2)sc2ncnc(Oc3ccc(NC(=O)C4(C(=O)Nc5ccc(F)cc5)CC4)cc3F)c12,7.0915
Cc1c(C(=O)NCC#N)sc2ncnc(Oc3ccc(NC(=O)C4(C(=O)Nc5ccc(F)cc5)CC4)cc3F)c12,7.1308
CCCNC(=O)c1cc(Oc2ccc(NC(=O)c3cc4cccnc4n(-c4ccc(F)cc4)c3=O)cc2)ccn1,6.5357
Cc1cc(=O)n(-c2ccc(F)cc2)nc1C(=O)Nc1ccc(Oc2ncnc3ccsc23)c(F)c1,6.3468
CCN1CCN(c2ccc(-c3nn(CC4CCCC4)c4nc(NC)ncc34)cn2)CC1,5.7212
CNc1ncc2c(-c3ccc(N4CCN(C)CC4)nc3)nn(CC3CCCC3)c2n1,6.3979
CNc1ncc2c(-c3ccc(N4CCN(C)CC4)cc3)nn(CC3CCCC3)c2n1,7.1805
Nc1nc(Nc2ccc3c(c2)CC[C@@H](N2CCCC2)CC3)nn1-c1cc2c(nn1)-c1ccccc1CCC2,8.0969
CCN1CCN(c2ccc(-c3nn(Cc4cn(Cc5ccccc5)nn4)c4nc(NC)ncc34)cn2)CC1,5.1135
CNc1ncc2c(-c3ccc(N4CCN(C)CC4)nc3)nn(Cc3cn(Cc4ccccc4)nn3)c2n1,5.1192
CNc1ncc2c(-c3ccc(OC)cc3)nn(CC3OCCO3)c2n1,5.1249
CNc1ncc2c(-c3ccc(N4CCNCC4)nc3)nn(CC3OCCO3)c2n1,5.3468
CNc1ncc2c(-c3ccc(N4CCNCC4)nc3)nn(CC3CCCC3)c2n1,6.1612
COc1cc2c(cc1OC)Nc1ncnc(Oc3ccc(NC(=O)C4(C(=O)Nc5ccc(F)cc5)CC4)cc3F)c1NC2,7.2041
Cc1c2ccc(N(C)c3ccnc(Nc4ccc(C(=O)NCCCCCCC(=O)NO)cc4)n3)cc2nn1C,7.3372
Cc1c2ccc(N(C)c3ccnc(Nc4ccc(C(=O)Nc5ccccc5N)cc4)n3)cc2nn1C,7.4318
CCN1CCN(Cc2ccc(NC(=O)Nc3ccc(-c4ccc(NC)nc4)cc3)cc2C(F)(F)F)CC1,8.2291
CCN1CCN(Cc2ccc(NC(=O)Nc3ccc(-c4ccc(=O)[nH]c4)cc3)cc2C(F)(F)F)CC1,7.0209
CCOc1cc(-c2ccc(NC(=O)Nc3ccc(CN4CCN(CC)CC4)c(C(F)(F)F)c3)c(F)c2)c[nH]c1=O,7.6819
CCOc1cc(=O)[nH]cc1-c1ccc(CC(=O)Nc2cccc(C(F)(F)F)c2)c(F)c1,7.1643
CCOc1cc(=O)[nH]cc1-c1ccc(CC(=O)Nc2ccc(CN(C)C)c(C(F)(F)F)c2)c(F)c1,6.8645
CCOc1cc(=O)[nH]cc1-c1ccc(CC(=O)Nc2ccc(CC(C)(C)N)c(C(F)(F)F)c2)c(F)c1,8.0969
CCOc1cc(=O)[nH]cc1-c1ccc(CC(=O)Nc2cc(C(F)(F)F)cc(CN(C)C)c2F)c(F)c1,5.7375
CCOc1cc(=O)[nH]cc1-c1ccc(CC(=O)Nc2ccc(C(C)C#N)c(C(F)(F)F)c2)c(F)c1,7.0376
CCOc1cc(=O)[nH]cc1-c1ccc(CC(=O)Nc2ccc(CC(C)(C)O)c(C(F)(F)F)c2)c(F)c1,7.9914
CCOc1cc(=O)[nH]cc1-c1ccc(CC(=O)Nc2ccc(CC(C)(C)CO)c(C(F)(F)F)c2)c(F)c1,7.9318
CCOc1cc(=O)[nH]cc1-c1ccc(CC(=O)Nc2ccc(CC(C)(C)CS(C)(=O)=O)c(C(F)(F)F)c2)c(F)c1,7.6861
CCOc1cc(=O)[nH]cc1-c1ccc(CC(=O)Nc2cc(-c3nnc(C)o3)cc(C(F)(F)F)c2)c(F)c1,6.6659
CCOc1cc(=O)[nH]cc1-c1ccc(CC(=O)Nc2cc(C(C)(C)C(F)(F)F)no2)c(F)c1,7.3969
CCOc1cc(=O)[nH]cc1-c1ccc(CC(=O)Nc2cc(C(C)(C)C(F)(F)F)on2)c(F)c1,6.9626
O=C(N/N=C/c1cc(F)c(F)cc1Cl)N1CCc2ncnc(Nc3ccc(F)c(Cl)c3)c2C1,6.7698
O=C(N/N=C/c1cccs1)N1CCc2ncnc(Nc3ccc(F)c(Cl)c3)c2C1,6.6247
O=C(N/N=C/c1ccc(F)cc1Cl)N1CCc2ncnc(Nc3cccc(Br)c3)c2C1,6.8755
Cc1ccc(/C=N/NC(=O)N2CCc3ncnc(Nc4cccc(C(F)(F)F)c4)c3C2)cc1,6.8196
CCOC(=O)N/C=C/C(=O)c1ccc(NC(=S)Nc2ccc(S(=O)(=O)Nc3ccccn3)cc2)cc1,7.4815
COC(=O)/C=C(/C)N/C=C/C(=O)c1ccc(NC(=S)Nc2ccc(S(=O)(=O)Nc3ccccn3)cc2)cc1,7.2441
Cc1ccc(C(=O)O)c(N/C=C/C(=O)c2ccc(NC(=S)Nc3ccc(S(=O)(=O)Nc4ccccn4)cc3)cc2)c1,6.6778
O=C(/C=C/Nc1ccccc1Cl)c1ccc(NC(=S)Nc2ccc(S(=O)(=O)Nc3ccccn3)cc2)cc1,7.4318
O=C(/C=C/Nc1ccc(F)cc1)c1ccc(NC(=S)Nc2ccc(S(=O)(=O)Nc3ccccn3)cc2)cc1,7.4318
CCOC(=O)c1ccc(N/C=C/C(=O)c2ccc(NC(=S)Nc3ccc(S(=O)(=O)Nc4ccccn4)cc3)cc2)cc1,6.6576
CNC(=O)c1ccc(Sc2ccc(NC(=O)Nc3ccc(Cl)c(C(F)(F)F)c3)cc2)nc1,7.0757
CNC(=O)c1ccc(Sc2ccc(NC(=O)Nc3cc(C(F)(F)F)cc(C(F)(F)F)c3)cc2)nc1,6.2941
CNC(=O)c1ccc(Sc2ccc(NC(=O)Nc3ccc(F)c(C(F)(F)F)c3)cc2)nc1,6.9914
CNC(=O)c1ccc(Sc2ccc(NC(=S)Nc3ccc(Cl)c(C(F)(F)F)c3)cc2)nc1,7.3372
CNC(=O)c1ccc(Sc2ccc(NC(=S)Nc3ccc(Cl)cc3)cc2)nc1,5.0623
CNC(=O)c1ccc(Sc2ccc(NC(=S)Nc3ccc(F)c(C(F)(F)F)c3)cc2)nc1,7.1308
CNC(=O)c1ccc(Sc2ccc(NC(=S)Nc3cc(C(F)(F)F)cc(C(F)(F)F)c3)cc2)nc1,6.5575
CNC(=O)c1ccc(Sc2cccc(NC(=S)Nc3ccc(F)c(F)c3)c2)nc1,5.4130
CNC(=O)c1ccc(Sc2cccc(NC(=S)Nc3ccc(Cl)cc3)c2)nc1,5.2229
CNC(=O)c1ccc(Sc2cccc(NC(=S)Nc3ccc(F)c(C(F)(F)F)c3)c2)nc1,7.2147
CNC(=O)c1ccc(Sc2cccc(NC(=S)Nc3ccc(Cl)c(C(F)(F)F)c3)c2)nc1,7.2007
CNC(=O)c1ccc(Sc2cccc(NC(=S)Nc3ccc(Br)c(C(F)(F)F)c3)c2)nc1,6.8761
CNC(=O)c1ccc(Sc2cccc(NC(=S)Nc3ccc(F)c(Cl)c3)c2)nc1,5.3962
CNC(=O)c1ccc(Sc2cccc(NC(=S)Nc3cccc(C(F)(F)F)c3)c2)nc1,5.1602
CNC(=O)c1ccc(Sc2cccc(NC(=S)Nc3cc(C(F)(F)F)cc(C(F)(F)F)c3)c2)nc1,6.0521
COc1cc(Nc2ncc3c(n2)-c2ccc(Cl)cc2SC3)cc(OC)c1OC,5.7959
COc1ccc(Nc2ncc3c(n2)-c2ccc(Cl)cc2SC3)cc1OC,6.1367
COc1cc(Nc2ncc3c(n2)-c2ccccc2SC3)cc(OC)c1OC,6.5686
COc1ccc(Nc2ncc3c(n2)-c2ccccc2SC3)cc1OC,6.9586
COc1ccc2c(c1)SCc1cnc(Nc3cccc(Br)c3)nc1-2,6.2076
COc1cccc(Nc2ncc3c(n2)-c2ccccc2SC3)c1,6.0132
Cc1ccc(Cc2cc(-c3ccc(F)cc3)nnc2O)cc1,4.2874
Clc1ccc(SCc2n[nH]c(-c3ccc(Cl)cc3)n2)cc1,5.1118
O=C1Nc2ccccc2/C1=C/c1ccc(-c2cccs2)s1,5.9469
O=C1c2ccccc2O[C@@H](c2ccc(Cl)cc2)[C@@H]1O,4.7496
Cc1ccc(-c2oc3ccccc3c(=O)c2O)cc1,4.6655
O=C1NCCN1CCN(CC(O)c1ccccc1)CC(O)c1ccccc1,4.0329
Nc1ccccc1SCc1nc2ccccc2c(=O)[nH]1,4.1739
CCOc1cc(O)c2c(=O)cc(-c3ccccc3)oc2c1,5.0173
CC(C)(CC(=O)O)CC(=O)Nc1cc(-c2ccccc2)[nH]n1,4.3279
CCN(CC)CCOc1ccc(Nc2cc(Cl)nc(-c3ccc(OC)cc3)n2)cc1,6.7595
COc1ccc(-c2nc(Cl)c(-c3ccccc3)c(Nc3ccc(NC(=O)CN4CCCC4)cc3)n2)cc1,6.6925
CCN(CC)CCOc1ccc(Nc2nc(-c3ccc(OC)cc3)nc(Cl)c2-c2ccccc2)cc1,7.1739
COc1ccc(-c2nc(Cl)c(-c3ccccc3)c(Oc3ccc(OCCN(C)C)cc3)n2)cc1,6.9957
Oc1ccc(-c2nc(Cl)c(-c3ccccc3)c(Oc3ccc(OCCN4CCCC4)cc3)n2)cc1,7.0706
Cc1coc2ncnc(N(C)c3ccc(N(C)C)cc3)c12,7.8069
CNc1ccc(N(C)c2ncnc3occ(C)c23)cc1,7.8962
CSc1ccc(N(C)c2ncnc3occ(C)c23)cc1,7.8665
CCc1ccc(N(C)c2ncnc3occ(C)c23)cc1,8.1079
CCCN(c1ccc(OC)cc1)c1ncnc2occ(C)c12,7.9208
COc1ccc(N(c2ncnc3occ(C)c23)C(C)C)cc1,7.6308
CCN(c1ccc(OC)cc1)c1ncnc2occ(C)c12,7.1720
COc1ccc(Nc2ncnc3occ(C)c23)cc1,7.4191
COc1ccc(N(C)c2ncnc3occ(C)c23)cc1,8.0315
Cc1cccc(NC(=O)Nc2ccc(-c3cc(-c4ccccc4)nc4noc(N)c34)cc2)c1,6.8861
Nc1onc2nc(-c3ccccc3)cc(-c3ccc(NC(=O)Nc4ccc(F)cc4)cc3)c12,6.1574
Nc1onc2nc(-c3ccccc3)cc(-c3ccc(NC(=O)Nc4cccc(Cl)c4)cc3)c12,6.5867
Nc1onc2nc(-c3ccccc3)cc(-c3ccc(NC(=O)Nc4ccc(Cl)c(C(F)(F)F)c4)cc3)c12,6.1643
Nc1onc2nc(-c3ccccc3)cc(-c3ccc(NC(=O)Nc4cccc(F)c4)cc3)c12,6.9788
C=C(CN1CCOCC1)C(=O)Nc1ccc(NC(=O)Nc2ccc(-c3cc(C)nc4noc(N)c34)cc2)cc1C,6.7773
Cc1cc(-c2ccc(NC(=O)Nc3ccccc3Cl)cc2)c2c(N)onc2n1,6.2218
Cc1cc(-c2ccc(NC(=O)Nc3cccc(C(F)(F)F)c3)cc2)c2c(N)onc2n1,7.9586
Cc1cc(-c2ccc(NC(=O)Nc3ccc(Cl)c(C(F)(F)F)c3)cc2)c2c(N)onc2n1,6.7520
Cc1cc(-c2ccc(NC(=O)Nc3cccc(Cl)c3)cc2)c2c(N)onc2n1,7.6021
Cc1cccc(NC(=O)Nc2ccc(-c3cc(C)nc4noc(N)c34)cc2)c1,8.5229
O=C(Nc1ccc(Nc2ncnc3sc4c(c23)CCCC4)cc1)Nc1ccc(Cl)c(C(F)(F)F)c1,6.6990
O=C(Nc1ccc(Oc2ccnc3[nH]ccc23)c(F)c1)c1cc2cccnc2n(-c2ccc(F)cc2)c1=O,6.8173
O=C(N/N=C/c1ccc(Br)cc1)Nc1ccc(Oc2ccnc3[nH]ccc23)c(F)c1,5.0506
O=C(N/N=C/c1cccn1CCCN1CCCC1)Nc1ccc(Oc2ccnc3[nH]ccc23)cc1,4.8416
CNC(=O)c1cc(Oc2ccc(/C=C/c3ccccn3)cc2)ccn1,6.0605
O=C(NC1CCCCC1)c1cc(Oc2ccc(/C=C/c3ccccn3)cc2)ccn1,6.2757
CNC(=O)c1cc(Oc2ccc(/C=C/c3ccncc3)cc2)ccn1,6.5376
O=C(NC1CCCCC1)c1cc(Oc2ccc(/C=C/c3ccncc3)cc2)ccn1,5.9136
Cc1ccc(C2=Nc3c(n[nH]c3C)Nc3nc(NC(C)C)ncc32)cc1,7.5186
Cc1ccc(C2=Nc3c(n[nH]c3C)Nc3nc(N4CCCCC4)ncc32)cc1,7.5229
CNc1ncc2c(n1)Nc1n[nH]c(C)c1N=C2c1ccc(C)cc1,6.7022
CSc1ncc2c(n1)Nc1n[nH]c(C)c1N=C2c1ccc(C(F)(F)F)cc1,6.6792
CSc1ncc2c(n1)Nc1n[nH]c(C)c1N=C2c1ccccc1C(F)(F)F,6.6878
COc1ccc(C2=Nc3c(n[nH]c3C)Nc3nc(SC)ncc32)cc1,6.3667
COc1ccccc1C1=Nc2c(n[nH]c2C)Nc2nc(SC)ncc21,6.9931
CSc1ncc2c(n1)Nc1n[nH]c(C)c1N=C2c1ccc(C)cc1,6.8052
CSc1ncc2c(n1)Nc1n[nH]c(C)c1N=C2c1ccccc1C,6.9582
CSc1ncc2c(n1)Nc1n[nH]c(C)c1N=C2c1cccc(F)c1,6.4821
CSc1ncc2c(n1)Nc1n[nH]c(C)c1N=C2c1ccc(Cl)cc1,6.4981
CSc1ncc2c(n1)Nc1n[nH]c(C)c1N=C2c1cccc(Cl)c1,6.8511
CSc1ncc2c(n1)Nc1n[nH]c(C)c1N=C2c1ccccc1Cl,7.0773
CSc1ncc2c(n1)Nc1n[nH]c(C)c1N=C2c1ccccc1,6.1566
Cc1ccc(C2=Nc3c(n[nH]c3C)Nc3nc(NC(C)(C)C)ncc32)cc1,7.0731
CCN(CC)c1ncc2c(n1)Nc1n[nH]c(C)c1N=C2c1ccc(C)cc1,8.0809
Cc1ccc(C2=Nc3c(n[nH]c3C)Nc3nc(N4CCN(C)CC4)ncc32)cc1,7.6073
Cc1ccc(C2=Nc3c(n[nH]c3C)Nc3nc(N4CCOCC4)ncc32)cc1,7.6655
Cc1c(C(=O)NCCCN(C)C)cn2ncnc(Oc3ccc(NC(=O)C4(C(=O)Nc5ccc(F)cc5)CC4)cc3F)c12,8.3872
Cc1c(C(=O)NCCCN2CCOCC2)cn2ncnc(Oc3ccc(NC(=O)C4(C(=O)Nc5ccc(F)cc5)CC4)cc3F)c12,7.9066
Cc1c(OCCCS(C)(=O)=O)cn2ncnc(Oc3ccc(NC(=O)C4(C(=O)Nc5ccc(F)cc5)CC4)cc3F)c12,7.9136
Cc1c(OCCCN2CCOCC2)cn2ncnc(Oc3ccc(NC(=O)C4(C(=O)Nc5ccc(F)cc5)CC4)cc3F)c12,7.9208
Cc1c(OCC(O)CO)cn2ncnc(Oc3ccc(NC(=O)C4(C(=O)Nc5ccc(F)cc5)CC4)cc3F)c12,8.1427
Cc1c(OCC(O)CN2CCN(C)CC2)cn2ncnc(Oc3ccc(NC(=O)C4(C(=O)Nc5ccc(F)cc5)CC4)cc3F)c12,8.3010
Cc1c(OCC(O)CN2CCC(O)CC2)cn2ncnc(Oc3ccc(NC(=O)C4(C(=O)Nc5ccc(F)cc5)CC4)cc3F)c12,8.1805
Cc1c(OCC(O)CN2CCOCC2)cn2ncnc(Oc3ccc(NC(=O)C4(C(=O)Nc5ccc(F)cc5)CC4)cc3F)c12,8.2147
COc1cc2nccc(Oc3ccc(NC(=O)C4(C(=O)Nc5ccc(F)cc5)CC4)cc3)c2cc1OC.O=C(O)C[C@H](O)C(=O)O,8.5229
Cc1cc(Oc2ccnc(NC(=O)N3CCC(N4CCN(C)CC4)CC3)c2)ccc1NC(=O)C1(C(=O)Nc2ccc(F)cc2)CC1,7.7959
COCCNCc1ccc(-c2cc3nccc(Oc4ccc(NC(=O)C5(C(=O)Nc6ccc(F)cc6)CC5)cc4F)c3s2)nc1,8.3010
O=C(Nc1cc(Oc2cc(F)c(NC(=O)C3(C(=O)Nc4ccc(F)cc4)CC3)cc2F)ccn1)C1CC1,8.0362
COc1cccc(OCc2cc(C)ccn2)c1-c1ccc2c(c1)CCNCC2,4.5000
CNC(=O)c1cccc2cc(Oc3ccnc(NC(=O)c4ccc(N5CCN(C)CC5)cc4)c3)ccc12,8.5376
CNC(=O)n1ccc2cc(Oc3ccnc(NC(=O)c4ccc(C5CCN(CCO)CC5)cc4)c3)c(OCCO)cc21,7.7959
CCOC(=O)C1=C(CSc2nc3cc([N+](=O)[O-])ccc3[nH]2)N(C)C(=O)NC1c1ccccc1,5.9208
CCOC(=O)C1=C(CSC(=S)N(C2CCCCC2)C2CCCCC2)N(C)C(=O)NC1c1ccccc1,5.7055
Cc1nc2c(F)cc(-c3nc(Nc4ccc5c(n4)CCN(CCN(C)C)C5)ncc3F)cc2n1C(C)C,5.4052
CNC(=O)c1cc(Oc2ccc(NC(=O)Nc3ccc(Cl)c(C(F)(F)F)c3)c(F)c2)ccn1,8.3768
FC(F)(F)c1ccc(COc2ccc(Nc3ncnc4cc5c(cc34)OCCOCCOCCOCCO5)cc2)cc1,7.3335
CC(C)(C)n1nc(-c2ccc3scnc3c2)c(C(N)=O)c1N,6.6021
CCn1nc(-c2ccc3scnc3c2)c(C(N)=O)c1N,4.3979
CCn1nc(-c2ccc3scnc3c2)c(C(N)=O)c1NC,5.6003
NC(=O)c1c(-c2ccc3scnc3c2)nn2c1NCCC2,5.1002
NC(=O)c1c(-c2ccc3scnc3c2)nn2c1NCCCC2,5.6003
NC(=O)c1c(-c2ccc3scnc3c2)nn2c1NCCCCC2,5.4949
NC(=O)c1c(-c2ccc3scnc3c2)nn2c1N[C@@H]1CC[C@@H](C1)C2,5.3002
NC(=O)c1c(-c2ccc3scnc3c2)nn2c1N[C@H]1C[C@H](C[C@@H]1O)C2,5.1002
CO[C@@H]1[C@H](NCCOCCOCCOCCNC(=O)CCC2=[N+]3C(=Cc4c(C)cc(C)n4[B-]3(F)F)C=C2)C[C@H]2O[C@]1(C)n1c3ccccc3c3c4c(c5c6ccccc6n2c5c31)C(=O)NC4,6.7144
CO[C@@H]1[C@H](N(C)CCOCCOCCOCCNC(=O)CCC2=[N+]3C(=Cc4c(C)cc(C)n4[B-]3(F)F)C=C2)C[C@H]2O[C@]1(C)n1c3ccccc3c3c4c(c5c6ccccc6n2c5c31)C(=O)NC4,6.8697
C/C=C(\C)C(=O)O[C@@H]1C2=C(C)C(=O)N[C@]2(O)C[C@@]2(C)O[C@@H]2CC[C@@]2(C)O[C@H]12,4.3936
COc1ccc(-c2cc3ccc(OC)cc3nc2Nc2ccc(NC(=O)CN(C)C)cc2)cc1,6.9431
CCN(CC)CC(=O)Nc1ccc(Nc2nc3cc(OC)ccc3cc2-c2ccc(OC)cc2)cc1,6.9957
COc1ccc(-c2cc3ccc(OC)cc3nc2Nc2ccc(NC(=O)CN3CCCC3)cc2)cc1,6.9031
COc1ccc(-c2cc3ccc(OC)cc3nc2Nc2ccc(NC(=O)CN3CCCCC3)cc2)cc1,7.1024
COc1ccc(-c2cc3ccc(OC)cc3nc2Nc2ccc(NC(=O)CN3CCOCC3)cc2)cc1,6.9586
COc1ccc(-c2cc3ccc(OC)cc3nc2Nc2ccc(NC(=O)CN3CCN(C)CC3)cc2)cc1,6.9830
COc1ccc(-c2cc3cc(OC)ccc3nc2Nc2ccc(NC(=O)CN(C)C)cc2)cc1,6.9626
CCN(CC)CC(=O)Nc1ccc(Nc2nc3ccc(OC)cc3cc2-c2ccc(OC)cc2)cc1,7.0915
COc1ccc(-c2cc3cc(OC)ccc3nc2Nc2ccc(NC(=O)CN3CCCC3)cc2)cc1,6.8827
COc1ccc(-c2cc3cc(OC)ccc3nc2Nc2ccc(NC(=O)CN3CCCCC3)cc2)cc1,7.0969
COc1ccc(-c2cc3cc(OC)ccc3nc2Nc2ccc(NC(=O)CN3CCOCC3)cc2)cc1,6.9318
COc1ccc(-c2cc3cc(OC)ccc3nc2Nc2ccc(NC(=O)CN3CCN(C)CC3)cc2)cc1,7.0655
COc1ccc(-c2ccc(Cn3cc(-c4cccc(Cl)c4)nn3)cc2)cn1,8.7878
COc1ccc(-c2ccc(Cn3cc(-c4ccccc4)nn3)cc2)cn1,7.9763
COc1ccc(-c2ccc(Cn3cc(-c4ccc(C)cc4)nn3)cc2)cn1,7.0170
COc1ccc(-c2ccc(Cn3cc(-c4cccc(C)c4)nn3)cc2)cn1,7.9559
COc1ccc(-c2ccc(Cn3cc(-c4ccc(C(F)(F)F)cc4)nn3)cc2)cn1,7.1200
COc1ccc(-c2ccc(Cn3cc(-c4cccc(N)c4)nn3)cc2)cn1,8.7328
COc1ccc(-c2ccc(Cn3cc(-c4ccc(NC(=O)C5CC5)cc4)nn3)cc2)cn1,9.2840
Clc1cccc(-c2cn(Cc3ccc(-c4cccnc4)cc3)nn2)c1,6.1748
Fc1ccccc1-c1cn(Cc2ccc(-c3cccnc3)cc2)nn1,6.5223
c1ccc(-c2cn(Cc3ccc(-c4cccnc4)cc3)nn2)cc1,7.4418
Cc1ccc(-c2cn(Cc3ccc(-c4cccnc4)cc3)nn2)cc1,7.7986
Cc1cccc(-c2cn(Cc3ccc(-c4cccnc4)cc3)nn2)c1,8.8761
CCN1CCN(CCCOc2cc3nccc(Oc4c(F)cc(NC(=O)NN5C(=O)CSC5c5c(F)cccc5F)cc4F)c3cc2OC)CC1,6.0706
COc1ccc(Nc2nc3ccc(NC(=O)Nc4ccccc4)cc3[nH]c2=O)cc1,4.9872
COc1ccc(NC(=O)Nc2ccc(C(=O)N/N=C3\C(=O)Nc4ccc(Br)cc43)cc2)cc1,5.9066
COc1ccc(NC(=O)Nc2ccc(C(=O)N/N=C3\C(=O)Nc4ccc(OC)cc43)cc2)cc1,6.2924
COc1cccc(NC(=O)Nc2ccc(C(=O)N/N=C3\C(=O)Nc4ccc(Cl)cc43)cc2)c1,6.3372
COc1cccc(NC(=O)Nc2ccc(C(=O)N/N=C3\C(=O)Nc4ccc(Br)cc43)cc2)c1,6.3468
COc1cccc(NC(=O)Nc2ccc(C(=O)N/N=C3\C(=O)Nc4ccc(OC)cc43)cc2)c1,6.5686
O=C(Nc1ccc(C(=O)N/N=C2\C(=O)Nc3ccc(Cl)cc32)cc1)Nc1ccc(Cl)c(C(F)(F)F)c1,5.5638
O=C(Nc1ccc(C(=O)N/N=C2\C(=O)Nc3ccc(Br)cc32)cc1)Nc1ccc(Cl)c(C(F)(F)F)c1,6.6198
COc1ccc2c(c1)/C(=N/NC(=O)c1ccc(NC(=O)Nc3ccc(Cl)c(C(F)(F)F)c3)cc1)C(=O)N2,6.7447
O=C1Nc2ccccc2/C1=N/NC(=O)c1ccc(NC(=O)c2ccc(Cl)cc2)cc1,5.3279
O=C1Nc2ccc(F)cc2/C1=N/NC(=O)c1ccc(NC(=O)c2ccc(Cl)cc2)cc1,5.3429
O=C1Nc2ccc(Cl)cc2/C1=N/NC(=O)c1ccc(NC(=O)c2ccc(Cl)cc2)cc1,5.3809
O=C1Nc2ccc(Br)cc2/C1=N/NC(=O)c1ccc(NC(=O)c2ccc(Cl)cc2)cc1,5.4401
COc1ccc2c(c1)/C(=N/NC(=O)c1ccc(NC(=O)c3ccc(Cl)cc3)cc1)C(=O)N2,6.3372
O=C(Nc1ccccc1)Nc1ccc(C(=O)N/N=C2\C(=O)Nc3ccccc32)cc1,5.3565
O=C(Nc1ccccc1)Nc1ccc(C(=O)N/N=C2\C(=O)Nc3ccc(F)cc32)cc1,5.3747
O=C(Nc1ccccc1)Nc1ccc(C(=O)N/N=C2\C(=O)Nc3ccc(Cl)cc32)cc1,5.4034
O=C(Nc1ccccc1)Nc1ccc(C(=O)N/N=C2\C(=O)Nc3ccc(Br)cc32)cc1,5.4535
COc1ccc2c(c1)/C(=N/NC(=O)c1ccc(NC(=O)Nc3ccccc3)cc1)C(=O)N2,6.3098
O=C(Nc1ccc(Cl)cc1)Nc1ccc(C(=O)N/N=C2\C(=O)Nc3ccccc32)cc1,5.3585
O=C(Nc1ccc(Cl)cc1)Nc1ccc(C(=O)N/N=C2\C(=O)Nc3ccc(F)cc32)cc1,5.3645
O=C(Nc1ccc(Cl)cc1)Nc1ccc(C(=O)N/N=C2\C(=O)Nc3ccc(Cl)cc32)cc1,5.4001
O=C(Nc1ccc(Cl)cc1)Nc1ccc(C(=O)N/N=C2\C(=O)Nc3ccc(Br)cc32)cc1,5.4271
COc1ccc2c(c1)/C(=N/NC(=O)c1ccc(NC(=O)Nc3ccc(Cl)cc3)cc1)C(=O)N2,6.2518
COc1ccc(NC(=O)Nc2ccc(C(=O)N/N=C3\C(=O)Nc4ccccc43)cc2)cc1,5.3851
COc1ccc(NC(=O)Nc2ccc(C(=O)N/N=C3\C(=O)Nc4ccc(F)cc43)cc2)cc1,5.4214
COc1ccc(NC(=O)Nc2ccc(C(=O)N/N=C3\C(=O)Nc4ccc(Cl)cc43)cc2)cc1,5.6021
COc1ccc(C(=O)Nc2ccc(C(=O)N/N=C3\C(=O)Nc4ccc(OC)cc43)cc2)cc1,6.5528
COc1ccc(C(=O)Nc2ccc(C(=O)N/N=C3\C(=O)Nc4ccccc43)cc2)cc1,5.4660
COc1ccc(C(=O)Nc2ccc(C(=O)N/N=C3\C(=O)Nc4ccc(F)cc43)cc2)cc1,5.5258
COc1ccc(C(=O)Nc2ccc(C(=O)N/N=C3\C(=O)Nc4ccc(Br)cc43)cc2)cc1,6.1487
COc1ccc(C(=O)Nc2ccc(C(=O)N/N=C3\C(=O)Nc4ccc(Cl)cc43)cc2)cc1,5.7375
CN1CCC(Nc2ccc(C(=O)Nc3cc(-c4cc(C#N)cs4)n[nH]3)cc2)CC1,5.2017
COc1cccc(NC(=O)N2CCCc3cc(Nc4ncnc5cc(OC)c(OC)cc45)ccc32)c1,7.2848
COc1cc2ncnc(Nc3ccc4c(c3)CCCN4C(=O)Nc3cccc(Cl)c3)c2cc1OC,7.5157
COc1cc2ncnc(Nc3ccc4c(c3)CCCN4C(=O)Nc3ccc(C(C)=O)cc3)c2cc1OC,7.5214
Cc1cccc(NC(=O)Nc2ccc(Nc3ccc([N+](=O)[O-])c4ncnc(O)c34)cc2)c1,7.1079
O=C(Nc1ccc(Nc2ccc([N+](=O)[O-])c3ncnc(O)c23)cc1)Nc1cccc(C(F)(F)F)c1,7.3468
O=C(Nc1ccc(Nc2ccc([N+](=O)[O-])c3ncnc(O)c23)cc1)Nc1cc(Cl)ccc1Cl,7.3768
O=C(Nc1ccc(Nc2ccc([N+](=O)[O-])c3ncnc(O)c23)cc1)Nc1cc(C(F)(F)F)ccc1Cl,7.8666
COc1cc(O)c2c(c1)-c1cccc(c1)CCC(=O)/C=C\C[C@H](C)OC2=O,7.1739
COc1cc(O)c2c(c1)-c1cccc(c1)[C@H](O)[C@@H](O)C(=O)CCC[C@H](C)OC2=O,6.0269
COc1cc(O)c2c(c1)-c1cccc(c1)[C@H](O)[C@@H](O)C(=O)/C=C\C[C@H](C)OC2=O,7.0655
COc1cc(O)c2c(c1)-c1cccc(c1)[C@@H](O)[C@H](O)C(=O)C/C=C/[C@H](C)OC2=O,7.8539
COc1cc(O)c2c(c1)-c1cccc(c1)[C@@H](O)[C@H](O)C(=O)/C=C\C[C@H](C)OC2=O,8.4486
COc1cc(O)c2c(c1)-c1cccc(c1)[C@H](O)[C@H](O)C(=O)/C=C\C[C@H](C)OC2=O,7.2676
CCn1c(N)c(C(=O)NC)c(=O)c2ccc(C#C[C@@](C)(O)COC)nc21,7.1739
Fc1cccc(Nc2ncc3c(n2)-c2cccnc2SC3)c1,7.0362
COc1cccc(Nc2ncc3c(n2)-c2cccnc2SC3)c1,6.7447
COc1ccc(Nc2ncc3c(n2)-c2cccnc2SC3)cc1,6.2840
c1ccc(Nc2ncc3c(n2)-c2cccnc2SC3)cc1,6.2518
COc1ccc(Nc2ncc3c(n2)-c2cccnc2SC3)cc1OC,6.7212
COc1cc(Nc2ncc3c(n2)-c2cccnc2SC3)cc(OC)c1OC,7.7959
CN(CCc1ccc(-c2ccccc2)cc1)Cc1cn(C)c2ccc(C(=O)Nc3ccc(F)cc3)cc12,4.5086
COc1cc2c(Oc3ccc(NC(=O)NS(=O)(=O)Cc4ccc(F)cc4)cc3F)ccnc2cc1OCCCN1CCCC1,7.0223
O=C(Nc1ccc(Nc2ncnc3sc4c(c23)CCOC4)cc1)Nc1ccc(Cl)c(C(F)(F)F)c1,5.6021
O=C(Nc1ccc(Nc2ncnc3sc4c(c23)CCNC4)cc1)Nc1ccc(Cl)c(C(F)(F)F)c1,5.2612
COc1ccc(NC(=S)Nc2ccc(Nc3ncnc4sc5c(c34)CCNC5)cc2)cc1,5.6440
COc1cc2ncnc(-n3ncc4cc(NC(=O)Nc5ccc(C)c(Cl)c5)ccc43)c2cc1OC,8.1109
C=CC(=O)Nc1cc2c(Nc3ccc(Br)cc3F)ncnc2cc1OCCCC(=O)CN(C)C,6.9872
CN(C)CCCNc1ccn2ncc(-c3ccc4c(c3)OCO4)c2n1,5.0458
CC(C)(C)c1cc(NC(=O)Cc2ccc(-n3cnc4cc(-c5ccc(S(C)(=O)=O)cc5)ccc43)cc2)no1,8.5229
COc1cc(/C=C/C(=O)Nc2cc3c(Nc4ccc(F)c(Cl)c4)ncnc3cc2O[C@@H]2CCOC2)cc(OC)c1OC,8.4437
COc1ccc(/C=C/C(=O)Nc2cc3c(Nc4ccc(F)c(Cl)c4)ncnc3cc2O[C@@H]2CCOC2)cc1,8.4437
COc1cc2c(Nc3ccc(Br)cc3F)ncnc2cc1OCCNC(=O)Cn1cnc([N+](=O)[O-])n1,7.0613
COc1cc2c(Nc3ccc(F)cc3Cl)ncnc2cc1OCCNC(=O)Cn1cnc([N+](=O)[O-])n1,6.2862
COc1cc2c(Nc3ccc(C)c(Br)c3)ncnc2cc1OCCNC(=O)Cn1cnc([N+](=O)[O-])n1,6.7362
COc1cc2c(Nc3ccc(Br)cc3F)ncnc2cc1OCCOCCNC(=O)Cn1cnc([N+](=O)[O-])n1,7.4344
COc1cc2c(Nc3ccc(F)cc3Cl)ncnc2cc1OCCOCCNC(=O)Cn1cnc([N+](=O)[O-])n1,5.3891
COc1cc2c(Nc3ccc(C)c(Br)c3)ncnc2cc1OCCOCCNC(=O)Cn1cnc([N+](=O)[O-])n1,6.3899
COc1cc2c(Nc3ccc(Br)cc3F)ncnc2cc1OCC1CCN(C(=O)Cn2cncc2[N+](=O)[O-])CC1,7.5666
COc1cc2c(Nc3ccc(F)c(F)c3)ncnc2cc1OCCOCCOCCNC(=O)Cn1cnc([N+](=O)[O-])n1,5.7251
COc1cc2c(Nc3ccc(C)c(Br)c3)ncnc2cc1OCCOCCOCCNC(=O)Cn1cnc([N+](=O)[O-])n1,6.6113
COc1cc2c(Nc3ccc(F)cc3Cl)ncnc2cc1OCCOCCOCCNC(=O)Cn1cnc([N+](=O)[O-])n1,5.5429
COc1cc2c(Nc3ccc(Br)cc3F)ncnc2cc1OCCOCCOCCNC(=O)Cn1cnc([N+](=O)[O-])n1,6.6640
COc1cc2c(Nc3ccc(Cl)c(Cl)c3F)ncnc2cc1OCCOCCNC(=O)Cn1cnc([N+](=O)[O-])n1,7.1685
COc1cc2c(Nc3ccc(F)cc3)ncnc2cc1OCCOCCNC(=O)Cn1cnc([N+](=O)[O-])n1,6.0634
COc1cc2c(Nc3cccc(F)c3)ncnc2cc1OCCOCCNC(=O)Cn1cnc([N+](=O)[O-])n1,5.9221
COc1cc2c(Nc3ccc(F)c(F)c3)ncnc2cc1OCCOCCNC(=O)Cn1cnc([N+](=O)[O-])n1,5.9569
O=C(Nc1nc2ccc(F)cc2s1)c1cn(-c2ccccc2)nc1-c1ccccc1,6.0088
O=C(Nc1nc2ccc(Cl)cc2s1)c1cn(-c2ccccc2)nc1-c1ccccc1,6.1891
O=C(Nc1nc2ccc(F)cc2s1)c1cn(-c2ccccc2)nc1-c1ccc(F)cc1,6.8794
O=C(Nc1nc2ccc(Cl)cc2s1)c1cn(-c2ccccc2)nc1-c1ccc(F)cc1,7.0132
O=C(Nc1nc2ccc(F)cc2s1)c1cn(-c2ccccc2)nc1-c1ccc(Cl)cc1,6.9626
O=C(Nc1nc2ccc(Cl)cc2s1)c1cn(-c2ccccc2)nc1-c1ccc(Cl)cc1,6.5918
COc1ccc(-c2nn(-c3ccccc3)cc2C(=O)Nc2nc3ccc(F)cc3s2)cc1,6.7282
COc1ccc(-c2nn(-c3ccccc3)cc2C(=O)Nc2nc3ccc(Cl)cc3s2)cc1,6.6737
Nc1nccc(Oc2ccc(Nc3nccc4ccn(-c5ccc(F)cc5)c(=O)c34)cc2F)c1Cl,6.5530
Nc1nccc(Oc2ccc(Nc3nccc4ccn(-c5ccc(F)cc5)c(=O)c34)cc2F)c1I,7.1993
Cc1cc2ccnc(Nc3ccc(Oc4ccnc(N)c4Cl)c(F)c3)c2c(=O)n1-c1ccc(F)cc1,6.5832
Cc1cc2ccnc(Nc3ccc(Oc4ccnc(N)c4I)c(F)c3)c2c(=O)n1-c1ccc(F)cc1,6.9889
Cc1cc2ccnc(Nc3ccc(Oc4ccnc(N)c4Cl)c(F)c3)c2c(=O)n1-c1ccccc1,7.6364
Cc1cc2ccnc(Nc3ccc(Oc4ccnc(N)c4Cl)c(F)c3)c2c(=O)n1-c1ccc(F)cc1F,6.8300
Cc1cc2ccnc(Nc3ccc(Oc4ccnc(N)c4Cl)c(F)c3)c2c(=O)n1-c1ccc(Cl)cc1,7.3478
Cc1cc2ccnc(Nc3ccc(Oc4ccnc(N)c4I)c(F)c3)c2c(=O)n1-c1ccccc1,6.3461
Cc1cc2ccnc(Nc3ccc(Oc4ccnc(N)c4I)c(F)c3)c2c(=O)n1-c1ccc(F)cc1F,7.7620
Cc1cc2cc(Nc3ncnc4cc(-c5ccccc5)sc34)ccc2[nH]1,6.8539
c1ccc(-c2cc3ncnc(Nc4ccc5[nH]ccc5c4)c3s2)cc1,7.0969
Cc1cccc(Cn2nc(C)c3c(NC(=O)c4csc5c(N)ncnc45)cccc32)n1,6.2782
O=C(CCCC(=O)N1C[C@@H](CCl)c2c1cc(O)c1ccccc21)N1C[C@@H](CCl)c2c1cc(O)c1ccccc21,6.2757
C[C@@H]1CN(C(=O)CCCC(=O)N2C[C@@H](C)c3c2cc(O)c2ccccc32)c2cc(O)c3ccccc3c21,6.4815
Nc1ccc2nccnc2c1,3.8539
Cn1cc(-c2cnc3ccc(Cl)cc3n2)cn1,6.3372
COc1ccc(CNc2ccc3ncc(-c4cnn(C)c4)nc3c2)c(OC)c1,5.2596
COc1cc(Nc2ccc3ncc(-c4cnn(C)c4)nc3c2)cc(OC)c1,6.2518
Cc1ccc(/N=N/c2sc(N3N=C(c4c(O)c5ccccc5oc4=O)CC3c3ccc(N(C)C)cc3)nc2-c2ccccc2)cc1,7.4685
CN(C)c1ccc(C2CC(c3cc4ccccc4oc3=O)=NN2c2nc(-c3ccccc3)c(/N=N/c3ccc(Cl)cc3)s2)cc1,7.4685
CN(C)c1ccc(C2CC(c3c(O)c4ccccc4oc3=O)=NN2c2nc(-c3ccccc3)c(/N=N/c3ccc(Cl)cc3)s2)cc1,7.4685
O=C(Nc1cc(Oc2ccc(Nc3nccc4c3c(=O)c(-c3ccc(F)cc3)cn4CCO)cc2F)ccn1)C1CC1,4.9809
CCn1cc(-c2ccc(F)cc2)c(=O)c2c(Nc3ccc(Oc4ccnc(NC(=O)C5CC5)c4)c(F)c3)nccc21,5.8601
Cn1cc(-c2ccc(F)cc2)c(=O)c2c(Nc3ccc(Oc4ccnc(NC(=O)C5CC5)c4)c(F)c3)nccc21,4.6400
CC(O)C(=O)Nc1cc(Oc2ccc(Nc3nccc4[nH]cc(-c5ccc(F)cc5)c(=O)c34)cc2F)ccn1,6.5393
O=C(CO)Nc1cc(Oc2ccc(Nc3nccc4[nH]cc(-c5ccc(F)cc5)c(=O)c34)cc2F)ccn1,7.2299
O=C(Nc1cc(Oc2ccc(Nc3nccc4[nH]cc(-c5ccc(F)cc5)c(=O)c34)cc2F)ccn1)C1CCC1,7.2132
O=C(Nc1cc(Oc2ccc(Nc3nccc4[nH]cc(-c5ccc(F)cc5)c(=O)c34)cc2F)ccn1)C1CC1,8.0555
CC(C)C(=O)Nc1cc(Oc2ccc(Nc3nccc4[nH]cc(-c5ccc(F)cc5)c(=O)c34)cc2F)ccn1,6.6381
CCCCC(=O)Nc1cc(Oc2ccc(Nc3nccc4[nH]cc(-c5ccc(F)cc5)c(=O)c34)cc2F)ccn1,7.5702
CCCC(=O)Nc1cc(Oc2ccc(Nc3nccc4[nH]cc(-c5ccc(F)cc5)c(=O)c34)cc2F)ccn1,7.7122
CCC(=O)Nc1cc(Oc2ccc(Nc3nccc4[nH]cc(-c5ccc(F)cc5)c(=O)c34)cc2F)ccn1,7.6946
CC(=O)Nc1cc(Oc2ccc(Nc3nccc4[nH]cc(-c5ccc(F)cc5)c(=O)c34)cc2F)ccn1,7.4191
Nc1nccc(Oc2ccc(Nc3nccc4[nH]cc(-c5ccc(F)cc5)c(=O)c34)cc2F)c1Cl,7.1675
C=CC(=O)N1CC[C@H](n2cc(-c3cc4cc(C)cc(OC)c4s3)c3c(N)ncnc32)C1,6.9454
CN1C(=O)/C(=N\c2ccc(NC(=O)Nc3ccc(S(N)(=O)=O)cc3)cc2)c2cc(Cl)ccc21,6.5840
CCCN1C(=O)/C(=N\c2ccc(NC(=O)Nc3ccc(S(N)(=O)=O)cc3)cc2)c2cc(Cl)ccc21,6.4161
Cc1ccc(CN2C(=O)/C(=N\c3ccc(NC(=O)Nc4ccc(S(N)(=O)=O)cc4)cc3)c3ccccc32)cc1,6.3350
N#Cc1ccc(CN2C(=O)/C(=N\c3ccc(NC(=O)Nc4ccc(S(N)(=O)=O)cc4)cc3)c3ccccc32)cc1,6.6839
COc1ccc(-n2cc(NC(=O)c3ccc(NS(=O)(=O)c4ccc(Cl)cc4)cc3)cn2)cc1,5.1451
Cc1ccc(-n2cc(NC(=O)c3ccc(NS(=O)(=O)c4ccc(Cl)cc4)cc3)cn2)cc1,5.5406
O=C(Nc1cnn(-c2ccccc2)c1)c1ccc(NS(=O)(=O)c2ccc(Cl)cc2)cc1,5.4306
COc1cccc(-n2cc(NC(=O)c3ccc(NS(=O)(=O)c4ccccc4)cc3)cn2)c1,4.7897
COc1ccc(-n2cc(NC(=O)c3ccc(NS(=O)(=O)c4ccccc4)cc3)cn2)cc1,4.8389
Cc1ccc(-n2cc(NC(=O)c3ccc(NS(=O)(=O)c4ccccc4)cc3)cn2)cc1,5.1643
O=C(Nc1cnn(-c2ccccc2)c1)c1ccc(NS(=O)(=O)c2ccccc2)cc1,4.9940
Cn1cc(NC(=O)c2ccc(NS(=O)(=O)c3ccccc3)cc2)cn1,4.5989
COc1cccc(-n2cc(NC(=O)c3cccc(NS(=O)(=O)c4ccc(Cl)cc4)c3)cn2)c1,5.2240
COc1ccc(-n2cc(NC(=O)c3cccc(NS(=O)(=O)c4ccc(Cl)cc4)c3)cn2)cc1,5.2882
Cc1ccc(-n2cc(NC(=O)c3cccc(NS(=O)(=O)c4ccc(Cl)cc4)c3)cn2)cc1,6.4685
O=C(Nc1cnn(-c2ccccc2)c1)c1cccc(NS(=O)(=O)c2ccc(Cl)cc2)c1,5.6216
Cn1cc(NC(=O)c2cccc(NS(=O)(=O)c3ccc(Cl)cc3)c2)cn1,4.7607
COc1cccc(-n2cc(NC(=O)c3cccc(NS(=O)(=O)c4ccccc4)c3)cn2)c1,5.0353
COc1ccc(-n2cc(NC(=O)c3cccc(NS(=O)(=O)c4ccccc4)c3)cn2)cc1,4.9821
Cc1ccc(-n2cc(NC(=O)c3cccc(NS(=O)(=O)c4ccccc4)c3)cn2)cc1,6.2366
O=C(Nc1cnn(-c2ccccc2)c1)c1cccc(NS(=O)(=O)c2ccccc2)c1,5.4868
Cn1cc(NC(=O)c2cccc(NS(=O)(=O)c3ccccc3)c2)cn1,4.6902
COc1cc2c(Oc3ccc(C4SCC(=O)N4NC(=O)Nc4ccc(F)cc4F)cc3F)ccnc2cc1OCCCN1CCN(C)CC1,7.7282
COc1cccc(NC(=O)Nc2ccc(Oc3ncnc4cc(OC)c5c(c34)OCCO5)cc2)c1,8.3979
COc1cc(NC(=O)Nc2ccc(Oc3ncnc4cc(OC)c5c(c34)OCCO5)cc2)ccn1,7.5086
COc1cc2ncnc(Oc3ccc(NC(=O)Nc4cc(C(F)(F)F)ccc4F)cc3)c2c2c1OCCO2,8.8239
COc1cc2ncnc(Oc3ccc(NC(=O)Nc4ccc(Cl)c(C(F)(F)F)c4)cc3)c2c2c1OCCO2,8.6198
CC(C)Oc1cc2ncnc(Oc3ccc(NC(=O)Nc4cc(C(F)(F)F)ccc4F)cc3)c2c2c1OCCO2,8.3768
COCCOc1cc2ncnc(Oc3ccc(NC(=O)Nc4cc(C(F)(F)F)ccc4F)cc3)c2c2c1OCCO2,8.7696
O=C(Nc1ccc(Oc2ncnc3cc(OC4CCOCC4)c4c(c23)OCCO4)cc1)Nc1cc(C(F)(F)F)ccc1F,7.9508
O=C(Nc1ccc(Oc2ncnc3cc(OCCN4CCOCC4)c4c(c23)OCCO4)cc1)Nc1cc(C(F)(F)F)ccc1F,5.9662
O=C(Nc1ccc(Oc2ncnc3cc(OCCCN4CCOCC4)c4c(c23)OCCO4)cc1)Nc1cc(C(F)(F)F)ccc1F,8.8239
O=C(Nc1ccc(Oc2ncnc3cc(OCCCN4CCOCC4)c4c(c23)OCCO4)cc1F)Nc1cc(C(F)(F)F)ccc1F,9.0000
O=C(Nc1cc(C(F)(F)F)ccc1F)Nc1ccc(Oc2ncnc3cc(OCCCN4CCOCC4)c4c(c23)OCCO4)cc1Cl,8.6198
O=C(Nc1ccc(Oc2ncnc3cc(OCCCN4CCOCC4)c4c(c23)OCCO4)c(F)c1)Nc1cc(C(F)(F)F)ccc1F,8.4685
COc1ccc(CC(=O)Nc2ccc3oc(-c4ccccc4)nc3c2)cc1OC,6.2375
COc1cc(CC(=O)Nc2ccc3oc(-c4ccccc4)nc3c2)cc(OC)c1OC,6.4471
O=C(Nc1ccc2oc(-c3ccc(Cl)cc3)nc2c1)c1ccc(Cl)c(Br)c1,6.4707
COc1ccc(CC(=O)Nc2ccc3oc(-c4ccc(Cl)cc4)nc3c2)cc1OC,6.4130
COc1cc(CC(=O)Nc2ccc3oc(-c4ccc(Cl)cc4)nc3c2)cc(OC)c1OC,6.5870
COc1ccc(CC(=O)Nc2ccc3oc(-c4ccc(Cl)cc4)nc3c2)cc1,7.0119
COc1ccc(CC(=O)Nc2ccc3oc(-c4ccccc4F)nc3c2)cc1,6.7802
Cc1ccc(CC(=O)Nc2ccc3oc(-c4ccccc4F)nc3c2)cc1,6.6334
COc1ccc(CC(=O)Nc2ccc3oc(-c4ccccc4Cl)nc3c2)cc1,6.3528
Cc1ccc(CC(=O)Nc2ccc3oc(-c4ccccc4Cl)nc3c2)cc1,6.3110
Cc1ccc(CC(=O)Nc2ccc3oc(-c4ccccc4Br)nc3c2)cc1,6.0745
O=C(Nc1ccc2[nH]c(-c3ccc(Cl)cc3)nc2c1)c1ccc(Cl)c(F)c1,6.0054
O=C(Nc1ccc2[nH]c(-c3ccc(Cl)cc3)nc2c1)c1ccc(Cl)c(Br)c1,6.2658
COc1cc(CC(=O)Nc2ccc3[nH]c(-c4ccc(Cl)cc4)nc3c2)cc(OC)c1OC,6.3781
COc1ccc(CC(=O)Nc2ccc3[nH]c(-c4ccc(Cl)cc4)nc3c2)cc1,7.2890
Cc1ccc(CC(=O)Nc2ccc3[nH]c(-c4ccc(Cl)cc4)nc3c2)cc1,7.1325
CC(=O)c1ccc(Nc2ccnc(SCC(=O)c3ccc(Br)cc3)n2)cc1,6.0223
CC(=O)c1ccc(Nc2ccnc(SCC(=O)c3ccc(Cl)cc3)n2)cc1,6.6576
CC(=O)c1cccc(Nc2ccnc(SCC(=O)c3ccc(-c4ccccc4)cc3)n2)c1,6.1308
COc1ccc(C(=O)CSc2nccc(Nc3cccc(C(C)=O)c3)n2)cc1,6.3768
CC(=O)c1cccc(Nc2ccnc(SCC(=O)c3ccc(Cl)cc3)n2)c1,6.3188
O=C(O)c1ccc(Nc2ccnc(SCC(=O)c3ccc(Cl)cc3)n2)cc1,6.7696
CC(=O)c1ccc(Nc2ccnc(SCC(=O)c3ccc(-c4ccccc4)cc3)n2)cc1,6.5528
COc1ccc(C(=O)CSc2nccc(Nc3ccc(C(C)=O)cc3)n2)cc1,6.3098
N#Cc1ccc(C(=O)CSc2nccc(Nc3ccc(C(=O)O)cc3)n2)cc1,6.9208
COc1ccc(C(=O)CSc2nccc(Nc3ccc(C(=O)O)cc3)n2)cc1,5.8447
O=C(O)c1ccc(Nc2ccnc(SCC(=O)c3ccc(-c4ccccc4)cc3)n2)cc1,6.2441
CCOC(=O)c1ccc(Nc2ccnc(SCC(=O)c3ccc(C(F)(F)F)cc3)n2)cc1,5.7077
CCOC(=O)c1ccc(Nc2ccnc(SCC(=O)c3ccc(C#N)cc3)n2)cc1,6.7696
CCOC(=O)c1ccc(Nc2ccnc(SCC(=O)c3ccc([N+](=O)[O-])cc3)n2)cc1,6.3872
CCOC(=O)c1ccc(Nc2ccnc(SCC(=O)c3ccc(OC)cc3)n2)cc1,6.7212
CCOC(=O)c1ccc(Nc2ccnc(SCC(=O)c3ccc(-c4ccccc4)cc3)n2)cc1,6.4685
O=C(CSc1nccc(Nc2ccc(N3CCOCC3)cc2)n1)c1ccc(F)cc1,6.5850
O=C(CSc1nccc(Nc2ccc(N3CCOCC3)cc2)n1)c1ccc(Cl)cc1,5.7212
N#Cc1ccc(C(=O)CSc2nccc(Nc3ccc(N4CCOCC4)cc3)n2)cc1,5.9586
COc1ccc(C(=O)CSc2nccc(Nc3ccc(N4CCOCC4)cc3)n2)cc1,6.5376
Cc1ccc(NC(=O)C2(C(=O)Nc3ccc(Nc4ncc(F)c(-c5cc(F)c6nc(C)n(C(C)C)c6c5)n4)cc3)CC2)cc1,7.3372
Fc1ccc(-c2csc(N3N=C(c4ccc(N5CCOCC5)cc4)CC3c3ccc(Cl)cc3)n2)cc1,4.9788
N#Cc1ccc(-c2csc(N3N=C(c4ccc(N5CCOCC5)cc4)CC3c3ccc(Cl)cc3)n2)cc1,4.9678
N#Cc1ccc(-c2csc(N3N=C(c4ccc(N5CCCCC5)cc4)CC3c3ccc(Cl)cc3)n2)cc1,4.5911
O=C(Nc1ccc(Nc2ccc([N+](=O)[O-])c3ncnc(O)c23)cc1)c1ccccc1,6.1338
O=C(Nc1ccc(Nc2ccc([N+](=O)[O-])c3ncnc(O)c23)cc1)c1ccc(Cl)cc1,6.4405
O=C(Nc1ccc(Nc2ccc([N+](=O)[O-])c3ncnc(O)c23)cc1)c1ccc(F)cc1,7.1884
Cn1cc(Nc2nccc(N3C[C@H]4CC[C@H](C3)N4C(=O)[C@@H]3CC3(F)F)n2)cn1,5.7959
COc1cc(F)c(CC(=O)Nc2ccc(-n3c4c(c5ncnc(N)c53)CCC4)cc2)c(F)c1,8.0000
Cc1ccc(CC(=O)Nc2ccc(-n3c4c(c5ncnc(N)c53)CCC4)cc2)c(F)c1,8.0000
Nc1ncnc2c3c(n(-c4ccc(CC(=O)Nc5cc(C(F)(F)F)ccc5F)cc4)c12)CCC3,8.0000
Cc1ccc(F)c(NC(=O)Cc2ccc(-n3c4c(c5ncnc(N)c53)CCC4)cc2)c1,8.0000
COc1ccc(NC(=O)Cc2ccc(-n3c4c(c5ncnc(N)c53)CCC4)cc2)cc1C(F)(F)F,8.0000
Nc1ncnc2c3c(n(-c4ccc(CC(=O)Nc5ccnc(C(F)(F)F)c5)cc4)c12)CCC3,8.0000
Nc1ncnc2c3c(n(-c4ccc(CC(=O)Nc5ccc6c(c5)CCC6)cc4)c12)CCC3,8.0000
COc1ccc(NC(=O)Cc2ccc(-n3c4c(c5ncnc(N)c53)COC4)cc2)cc1C(F)(F)F,8.0000
Fc1ccccc1-c1cn(Cc2ccc(-c3cncnc3)cc2)nn1,8.1175
Cc1ccc(-c2cn(Cc3ccc(-c4cncnc4)cc3)nn2)cc1,7.9562
Cc1cccc(-c2cn(Cc3ccc(-c4cncnc4)cc3)nn2)c1,8.5901
Nc1cccc(-c2cn(Cc3ccc(-c4cncnc4)cc3)nn2)c1,7.2522
O=C(Nc1cccc(-c2cn(Cc3ccc(-c4cncnc4)cc3)nn2)c1)C1CC1,6.9029
Cc1cccc(-c2cn(Cc3ccc(-c4cn[nH]c4)cc3)nn2)c1,9.2757
Cn1cc(-c2ccc(Cn3cc(-c4ccccc4F)nn3)cc2)cn1,8.4989
Cn1cc(-c2ccc(Cn3cc(-c4ccccc4)nn3)cc2)cn1,6.3008
Cc1ccc(-c2cn(Cc3ccc(-c4cnn(C)c4)cc3)nn2)cc1,9.2441
Cn1cc(-c2ccc(Cn3cc(-c4cccc(C(F)(F)F)c4)nn3)cc2)cn1,7.2358
Cn1cc(-c2ccc(Cn3cc(-c4cccc(NC(=O)C5CC5)c4)nn3)cc2)cn1,8.3820
COc1cc(OC)cc(-c2ccc3c(NC(=O)c4ccc(N5CCN(C)CC5)cc4)n[nH]c3n2)c1,6.2609
COc1cc(OC)c(Cl)c(-c2ccc3c(NC(=O)c4ccc(N5CCN(C)CC5)cc4)n[nH]c3n2)c1Cl,6.4366
COc1ccc2c(c1)C(=Cc1ccc3c(-c4ccc(N5CCN(C)CC5)nc4)n[nH]c3c1)C(=O)N2,6.2007
COc1ccc2c(c1)[C@]1(C[C@H]1c1ccc3c(-c4ccc(N5CCN(C)CC5)nc4)n[nH]c3c1)C(=O)N2,4.8539
COc1ccc2c(c1)[C@]1(C[C@H]1c1ccc3c(-c4ccc(N5CCN(C)CC5)cc4)n[nH]c3c1)C(=O)N2,5.0269
COc1ccc2c(c1)[C@]1(C[C@H]1c1ccc3c(-c4ccc(N5CCNCC5)cc4)n[nH]c3c1)C(=O)N2,5.2518
CC1(C)O[C@@H]2[C@H](O1)[C@@H](CNS(=O)(=O)c1ccc(-c3cn(CCO[C@@H]4O[C@H](CF)[C@@H](O)[C@H](O)[C@H]4O)nn3)cc1)O[C@@H]2CC(=O)N[C@@H](CCCNC(=N)N)C(=O)O,3.5143
Cc1ccc(-c2cc3nccnc3c(NCCCCN)n2)cc1,5.8000
O=C(Nc1ccccc1)Nc1cccc(NC(=O)c2ccccn2)c1,6.1232
O=C(Nc1cccc(Cl)c1)Nc1cccc(NC(=O)c2ccccn2)c1,6.4962
O=C(Nc1ccc(Cl)cc1)Nc1cccc(NC(=O)c2ccccn2)c1,6.9393
O=C(Nc1ccc([N+](=O)[O-])cc1)Nc1cccc(NC(=O)c2ccccn2)c1,6.9208
Cc1ccc(NC(=O)Nc2cccc(NC(=O)c3ccccn3)c2)cc1,6.7959
O=C(Nc1cccc(NC(=O)c2ccccn2)c1)Nc1ccc2ccccc2c1,6.1871
O=C(NCc1ccccc1)Nc1cccc(NC(=O)c2ccccn2)c1,5.7620
O=C(Nc1cccc(NC(=O)c2ccccn2)c1)NC1CCCCC1,7.0605
O=C(Nc1cccc(NC(=S)Nc2ccccc2)c1)c1ccccn1,7.0000
O=C(Nc1cccc(NC(=S)Nc2ccc([N+](=O)[O-])cc2)c1)c1ccccn1,6.6990
O=C(CSC(=S)N1CCCCC1)Nc1cccc(NC(=O)c2ccccn2)c1,7.5686
O=C(CSC(=S)N1CCOCC1)Nc1cccc(NC(=O)c2ccccn2)c1,6.6556
CN1CCN(C(=S)SCC(=O)Nc2cccc(NC(=O)c3ccccn3)c2)CC1,6.1124
CCN1CCN(C(=S)SCC(=O)Nc2cccc(NC(=O)c3ccccn3)c2)CC1,5.9650
O=C(CSC(=S)N1CCN(C2CCCCC2)CC1)Nc1cccc(NC(=O)c2ccccn2)c1,6.7959
C=CCN1CCN(C(=S)SCC(=O)Nc2cccc(NC(=O)c3ccccn3)c2)CC1,6.5436
CC(C)(C)OC(=O)N1CCN(C(=S)SCC(=O)Nc2cccc(NC(=O)c3ccccn3)c2)CC1,7.0177
O=C(CSC(=S)N1CCN(c2ccccc2)CC1)Nc1cccc(NC(=O)c2ccccn2)c1,7.0177
O=C(CSC(=S)N1CCN(c2ncccn2)CC1)Nc1cccc(NC(=O)c2ccccn2)c1,6.5200
O=C(CCSC(=S)N1CCCCC1)Nc1cccc(NC(=O)c2ccccn2)c1,6.9469
O=C(CCSC(=S)N1CCOCC1)Nc1cccc(NC(=O)c2ccccn2)c1,6.6990
O=C(CCSC(=S)N1CCN(c2ccccc2)CC1)Nc1cccc(NC(=O)c2ccccn2)c1,7.0269
O=C(CCSC(=S)N1CCN(c2ncccn2)CC1)Nc1cccc(NC(=O)c2ccccn2)c1,6.4023
CCC(CC)CNc1c(C(N)=O)cnc2ccc(C#N)cc12,5.0915
CCC(CC)CNc1c(C(N)=O)cnc2ccc(-c3ccc(COC)nc3)cc12,4.0862
COCc1ccc(-c2cc3c(N[C@@H](C)c4ccn(C)n4)c(C(N)=O)cnc3cc2F)cn1,4.1024
C[C@@H](c1cc2cccnc2cc1F)n1cnc2ncc(-c3cnn(C)c3)nc21,4.6858
Cn1cc(-c2cnc3c(-c4csc(C(=O)NCC(F)(F)F)c4)cnn3c2)cn1,7.8239
Cn1cc(-c2cnc3c(-c4csc(C(=O)N[C@@H]5CCCC[C@@H]5N)c4)cnn3c2)cn1,8.4559
Cc1sc(C(=O)N[C@@H]2[C@H](N)CCCC2(F)F)cc1-c1cnn2cc(Cl)cnc12,4.9586
C[C@@H]1C[C@H]1C(=O)N1CCN(c2cnc(C#N)c(-c3cnn(C)c3)n2)C[C@H]1C,4.4247
COC(=O)Nc1ccc(-c2c(OC3CCN(C)CC3)nc3c(-c4ccc(OC)c(OC)c4)cnn3c2N)cc1,7.5850
COc1ccc(-c2cnn3c(N)c(-c4nccs4)c(OC4CCN(C)CC4)nc23)cc1OC,6.6198
Cc1ccc(C(=O)Nc2ccc(CN3CCN(C(=O)CCCc4cn(CCOCCOCCOCCNc5cccc6c5C(=O)N(C5CCC(=O)NC5=O)C6=O)nn4)CC3)c(C(F)(F)F)c2)cc1C#Cc1cnc2cccnn12,6.3556
C[C@@H]1[C@@H]2CN(c3nc(Nc4cnn(C)c4)ncc3F)C[C@]12NC(=O)[C@@H]1CC1(F)F,6.5467
COC(=O)c1ccc2c(c1)NC(=O)/C2=C(\Nc1ccc(-n2cccc2CN(C)C)c(C)c1)c1ccccc1,6.3080
COC(=O)c1ccc2c(c1)NC(=O)/C2=C(\Nc1ccc(-n2cccc2CN2CCN(C)CC2)c(C)c1)c1ccccc1,6.6055
COC(=O)c1ccc2c(c1)NC(=O)/C2=C(\Nc1ccc(-n2cccc2CN(C)C)nc1)c1ccccc1,6.3261
COC(=O)c1ccc2c(c1)NC(=O)/C2=C(\Nc1ccc(-n2cccc2CN2CCN(C)CC2)nc1)c1ccccc1,6.2336
COC(=O)c1ccc2c(c1)NC(=O)/C2=C(\Nc1ccc(-n2c(C)ccc2CN(C)C)cc1)c1ccccc1,6.8309
COC(=O)c1ccc2c(c1)NC(=O)/C2=C(\Nc1ccc(-n2c(C)ccc2CN2CCN(C)CC2)cc1)c1ccccc1,8.1871
CCN(CC)Cc1ccc(C)n1-c1ccc(N/C(=C2\C(=O)Nc3cc(C(=O)OC)ccc32)c2ccccc2)cc1,6.9965
COC(=O)c1ccc2c(c1)NC(=O)/C2=C(\Nc1ccc(-n2c(C)ccc2CN2CCOCC2)cc1)c1ccccc1,6.6426
COC(=O)c1ccc2c(c1)NC(=O)/C2=C(\Nc1ccc(-n2c(C)ccc2CN(C)C)nc1)c1ccccc1,6.1549
COC(=O)c1ccc2c(c1)NC(=O)/C2=C(\Nc1ccc(-n2c(C)ccc2CN2CCN(C)CC2)nc1)c1ccccc1,6.5406
Cc1ccc(CN2CCN(C)CC2)n1-c1ccc(N/C(=C2\C(=O)Nc3cc(C(=O)O)ccc32)c2ccccc2)cc1,7.8539
CNC(=O)c1ccc2c(c1)NC(=O)/C2=C(\Nc1ccc(-n2c(C)ccc2CN2CCN(C)CC2)cc1)c1ccccc1,6.3143
Cc1ccc(CN2CCN(C)CC2)n1-c1ccc(N/C(=C2\C(=O)Nc3cc(C(=O)N(C)C)ccc32)c2ccccc2)cc1,7.1871
Cc1cc(=O)oc2cc(OCC(=O)Nn3c(=O)[nH]c4ccccc4c3=O)ccc12,6.1805
Cc1cc(=O)oc2cc(OCC(=O)NNCc3ccccc3)ccc12,6.4437
CCNS(=O)(=O)c1ccccc1Nc1ncnc(Nc2ccc(N3CCC(N4CCN(C)CC4)CC3)c(OC)c2)n1,6.5751
CCNS(=O)(=O)c1ccccc1Nc1ncnc(Nc2ccc(N3CCN(C)CC3)c(OC)c2)n1,6.4672
CCNS(=O)(=O)c1ccccc1Nc1ncnc(Nc2ccc(N3CCN(C)CC3)c(OCC(=O)OCC)c2)n1,6.5003
CCNS(=O)(=O)c1ccccc1Nc1ncnc(Nc2ccc(N3CCN(C)CC3)c(OCC(=O)O)c2)n1,6.9208
CCNS(=O)(=O)c1ccccc1Nc1ncnc(Nc2ccc(N3CCN(C)CC3)c(OCCOC)c2)n1,6.5086
CCNS(=O)(=O)c1ccccc1Nc1ncnc(Nc2ccc(N3CCN(C)CC3)c(OCCOCCOC)c2)n1,6.2596
CCNS(=O)(=O)c1ccccc1Nc1ncnc(Nc2ccc(N3CCN(C)CC3)c(OCCN3CCOCC3)c2)n1,6.2441
CCNS(=O)(=O)c1ccccc1Nc1ncnc(Nc2ccc(N3CCN(C)CC3)c(OCCN3CCN(C)CC3)c2)n1.Cl.Cl.Cl.Cl,6.4672
CCNS(=O)(=O)c1ccccc1Nc1ncnc(Nc2ccc(N3CCN(C)CC3)c(OCCCN3CCOCC3)c2)n1,6.1331
CCNS(=O)(=O)c1ccccc1Nc1nc(Nc2ccc(N3CCC(N4CCN(C)CC4)CC3)c(OC)c2)ncc1-c1cc(OC)cc(OC)c1,7.4202
CCNS(=O)(=O)c1ccccc1Nc1nc(Nc2ccc(N3CCC(N4CCN(C)CC4)CC3)c(OC)c2)ncc1CCc1cc(OC)cc(OC)c1,6.5346
CCNS(=O)(=O)c1ccccc1Nc1nc(Nc2ccc(N3CCC(N4CCN(C)CC4)CC3)c(OC)c2)ncc1NC(=O)c1cc(OC)ccc1OC,6.3615
CCNS(=O)(=O)c1ccccc1Nc1nc(Nc2ccc(N3CCC(N4CCN(C)CC4)CC3)c(OC)c2)ncc1NC(=O)c1cccc(OC)c1OC,6.3363
CCNS(=O)(=O)c1ccccc1Nc1nc(Nc2ccc(N3CCC(N4CCN(C)CC4)CC3)c(OC)c2)ncc1NC(=O)c1cc(O)cc(O)c1,6.1457
CCNS(=O)(=O)c1ccccc1Nc1nc(Nc2ccc(N3CCC(N4CCN(C)CC4)CC3)c(OC)c2)ncc1NC(=O)c1cc(C)cc(C)c1,6.2565
CCNS(=O)(=O)c1ccccc1Nc1nc(Nc2ccc(N3CCC(N4CCN(C)CC4)CC3)c(OC)c2)ncc1NC(=O)c1nc(OC)cc(OC)n1,6.8827
CCNS(=O)(=O)c1ccccc1Nc1nc(Nc2ccc(N3CCC(N4CCN(C)CC4)CC3)c(OC)c2)ncc1NC(=O)c1cc(OC)nc(OC)n1,6.6440
Cc1cc(NC2=NC(=O)/C(=C\c3c4ccccc4cc4ccccc34)S2)no1,7.0605
COc1ccc(-n2nc(C)c3c(Nc4ccc(NC(=O)Nc5ccc(Cl)c(C(F)(F)F)c5)cc4)ncnc32)cc1,6.6576
COc1cc2c(Oc3ccc(NC(=O)C(C)c4nnc(-c5ccc(F)cc5)o4)cc3F)ccnc2cc1OCCCN1CCC(C)CC1,7.3979
COc1cc2c(Oc3ccc(NC(=O)C4(c5nnc(-c6ccc(F)cc6)o5)CC4)cc3F)ccnc2cc1OCCCN1CCCCC1,7.0915
COc1ccc(/C=C/C(=O)c2nnn(-c3ccc(Cl)cc3)c2C)cc1OC,6.4112
CC(C)(O)COc1ccc2c(Oc3ccc(Nc4nccc5[nH]cc(-c6ccccc6)c(=O)c45)cc3F)ccnc2c1,6.7033
COc1cc2nccc(Oc3ccc(NC(=O)C(OC(=O)c4ccc(F)cc4)C(C)(C)C)cc3F)c2cc1OC,6.5302
C[C@H](CO)Nc1nc(Nc2ccc(S(N)(=O)=O)cc2)ncc1Br.Cl,7.4685
CCS(=N)(=O)c1ccc(Nc2ncc(Br)c(O[C@H](C)[C@@H](C)O)n2)cc1,7.4949
C[C@@H](O)[C@@H](C)Oc1nc(Nc2ccc([S@](=N)(=O)C3CC3)cc2)ncc1C(F)(F)F,6.7878
NC(=S)N/N=C1\C(=O)N(Cc2ccccc2)c2ccc(Cl)cc21,6.7595
NC1=NNC(=O)/C1=C1/C(=O)N(Cc2ccccc2)c2ccc(Cl)cc21,7.0757
Cc1nc(N/N=C2\C(=O)N(Cc3ccccc3)c3ccc(Cl)cc32)sc1/N=N/c1ccccc1,6.5800
COc1ccc(/N=N/c2sc(N/N=C3\C(=O)N(Cc4ccccc4)c4ccc(Cl)cc43)nc2C)cc1,6.7570
Cc1ccc(/N=N/c2sc(N/N=C3\C(=O)N(Cc4ccccc4)c4ccc(Cl)cc43)nc2C)cc1,6.8153
CCOC(=O)/C(=N/Nc1ccc([N+](=O)[O-])cc1)S/C(N)=N\N=C1/C(=O)N(Cc2ccccc2)c2ccc(Cl)cc21,6.9914
CCOC(=O)/C(=N/Nc1ccc(C)cc1)S/C(N)=N\N=C1/C(=O)N(Cc2ccccc2)c2ccc(Cl)cc21,7.1739
CCOC(=O)/C(=N/Nc1ccc(Br)cc1)S/C(N)=N\N=C1/C(=O)N(Cc2ccccc2)c2ccc(Cl)cc21,6.8761
CC(=O)c1s/c(=N\N=C2/C(=O)N(Cc3ccccc3)c3ccc(Cl)cc32)[nH]c1C,7.0757
CCOC(=O)c1s/c(=N\N=C2/C(=O)N(Cc3ccccc3)c3ccc(Cl)cc32)[nH]c1C,7.0362
O=C1CS/C(=N\N=C2/C(=O)N(Cc3ccccc3)c3ccc(Cl)cc32)N1,7.1079
O=C1/C(=N\N=c2\[nH]c(-c3ccc([N+](=O)[O-])cc3)cs2)c2cc(Cl)ccc2N1Cc1ccccc1,7.0555
O=C1/C(=N\N=c2\[nH]c(-c3ccccc3)cs2)c2cc(Cl)ccc2N1Cc1ccccc1,6.3747
O=C1/C(=N\N=c2\[nH]c(-c3ccc(Cl)cc3)cs2)c2cc(Cl)ccc2N1Cc1ccccc1,6.8013
COc1ccc(N(C)c2nc(C)nc3ccccc23)cc1,8.0757
COc1ccc2c(c1)CCCN2c1nc(C)nc2ccccc12,8.0315
CSc1ccc(N(C)c2nc(C)nc3ccccc23)cc1,7.8327
COc1cccc2cc(N(C)c3nc(C)nc4ccccc34)ccc12,7.7747
COc1ccc2c(c1)CCCN2c1ncnc2ccccc12,6.9543
COc1ccc(N(C)c2nc(Cl)nc3ccccc23)cc1,7.0110
COc1ccc2c(c1)CCCN2c1nc(Cl)nc2ccccc12,7.2581
Cc1cc(Nc2nc(Nc3ccccc3S(=O)(=O)C(C)C)c3c(C)[nH]nc3n2)c(OC(C)C)cc1C1CCN(C)CC1,5.1308
COc1cc(Nc2ncc(CCc3c(F)c(OC)cc(OC)c3F)cn2)ccc1N1CCC(N2CCN(C)CC2)CC1,7.4685
Cc1cc(-c2cnc3cc(-c4ccc(N5CCNCC5)cc4)ccn23)c2ccccc2n1,5.2269
Cc1cc(-c2cnc3cc(-c4ccc(N5CCNCC5)cc4)ccn23)c2cc(F)ccc2n1,4.8726
Cc1cc(-c2cnc3cc(-c4ccc(N5CCNCC5)cc4)ccn23)c2cc(F)cc(F)c2n1,4.6870
Cc1cc(-c2cnc3cc(-c4ccc(C5CNCCN5)cc4)ccn23)c2ccccc2n1,5.0292
Cc1cc(-c2cnc3cc(-c4ccc(C5CNCCN5)cc4)ccn23)c2cc(F)cc(F)c2n1,4.4330
CNC(=O)c1cc(-n2ccc3cc(NC(=O)Nc4ccc(N5CCN(C)CC5)c(C(F)(F)F)c4)ccc32)ccn1,6.7620
COc1cc2ncnc(Nc3ccc(NC(=O)c4ccccc4C)cc3)c2cc1OC,6.9393
COc1cc2ncnc(Nc3ccc(NC(=O)c4cccc(C)c4)cc3)c2cc1OC,7.7959
COc1cc2ncnc(Nc3ccc(NC(=O)c4ccc(C)cc4)cc3)c2cc1OC,5.4685
COc1cc2ncnc(Nc3ccc(NC(=O)c4ccccc4OC)cc3)c2cc1OC,5.2676
CCc1ccc(C(=O)Nc2ccc(Nc3ncnc4cc(OC)c(OC)cc34)cc2)cc1,6.4202
COc1cc2ncnc(Nc3ccc(NC(=O)c4ccc(C(C)(C)C)cc4)cc3)c2cc1OC,6.5850
COc1cc2ncnc(Nc3ccc(NC(=O)c4ccccc4F)cc3)c2cc1OC,7.0969
COc1cc2ncnc(Nc3ccc(NC(=O)c4cccc(F)c4)cc3)c2cc1OC,7.3279
COc1cc2ncnc(Nc3ccc(NC(=O)c4ccccc4Cl)cc3)c2cc1OC,6.4949
COc1cc2ncnc(Nc3ccc(NC(=O)c4cccc(Cl)c4)cc3)c2cc1OC,7.1249
COc1cc2ncnc(Nc3ccc(NC(=O)c4ccc(Br)cc4)cc3)c2cc1OC,5.6576
COc1cc2ncnc(Nc3ccc(NC(=O)c4ccccc4I)cc3)c2cc1OC,6.3768
COc1cc2ncnc(Nc3ccc(NC(=O)c4cccc(I)c4)cc3)c2cc1OC,6.6021
COc1cc2ncnc(Nc3ccc(NC(=O)c4ccc(I)cc4)cc3)c2cc1OC,5.7959
COc1cc2ncnc(Nc3ccc(NC(=O)c4cccc(C(F)(F)F)c4)cc3)c2cc1OC,5.8539
COc1cc2ncnc(Nc3ccc(NC(=O)c4ccc(C(F)(F)F)cc4)cc3)c2cc1OC,5.0655
COc1cc2ncnc(Nc3ccc(NC(=O)c4c(F)cccc4F)cc3)c2cc1OC,6.2366
COc1cc2ncnc(Nc3ccc(NC(=O)c4ccc(Cl)c(Cl)c4)cc3)c2cc1OC,6.4559
COc1cc2ncnc(Nc3ccc(NC(=O)c4cc(F)ccc4Br)cc3)c2cc1OC,6.4437
CNC(=O)c1cc(Oc2ccc(NC(=O)c3cccc(C(F)(F)F)c3)cc2)ccn1,6.3372
Cc1ccc(NC(=O)c2ccc(C)c(C(F)(F)F)c2)cc1C#Cc1nn([C@H]2CC[C@H](O)CC2)c2ncnc(N)c12,7.4949
CC(C)(C)c1cc(NC(=O)Nc2ccc(Nc3ncnc4c3OCCCN4)cc2)no1,6.0496
CCNCCNC(=O)c1c(C)[nH]c(/C=C2\C(=O)Nc3ccc(F)cc32)c1C,6.2967
CCN(CC)CCCNC(=O)c1c(C)[nH]c(/C=C2\C(=O)Nc3ccc(F)cc32)c1C,6.3188
CCN(CC)CCNC(=O)c1c(C)[nH]c(/C=C2\C(=O)Nc3cc(F)ccc32)c1C,6.7235
CCN(CC)CCNC(=O)c1c(C)[nH]c(/C=C2\C(=O)Nc3cc(Cl)ccc32)c1C,6.6861
CCN(CC)CCNC(=O)c1c(C)[nH]c(/C=C2\C(=O)Nc3ccc(C#N)cc32)c1C,6.4078
CCN(CC)CCNC(=O)c1c(C)[nH]c(/C=C2\C(=O)Nc3ccc(CCO)cc32)c1C,6.0716
CCN(CC)CCNC(=O)c1c(C)[nH]c(/C=C2\C(=O)Nc3ccc(CCC#N)cc32)c1C,5.8768
CCN(CC)CCNC(=O)c1c(C)[nH]c(/C=C2\C(=O)Nc3ccc(CCC(N)=O)cc32)c1C,5.4179
CCN(CC)CCNC(=O)c1c(C)[nH]c(/C=C2\C(=O)Nc3ccc(CCNC(C)=O)cc32)c1C,5.6647
CCN(CC)CCNC(=O)c1c(C)[nH]c(/C=C2\C(=O)Nc3ccc(CCN=[N+]=[N-])cc32)c1C,5.6459
COc1ccc(NC(=O)Nc2nc(Sc3c[nH]c4ccccc34)cc(N3CCOCC3)n2)cc1,5.7167
O=C(Nc1ccc(Cl)cc1)Nc1nc(Sc2c[nH]c3ccccc23)cc(N2CCOCC2)n1,5.8416
O=C(Nc1ccccc1)Nc1nc(Sc2c[nH]c3ccccc23)cc(N2CCOCC2)n1,5.9172
Cc1cc(Cl)ccc1NC(=O)Nc1nc(Sc2c[nH]c3ccccc23)cc(N2CCOCC2)n1,6.4559
Cc1ccc(C)c(NC(=O)Nc2nc(Sc3c[nH]c4ccccc34)cc(N3CCCCC3)n2)c1,6.5086
O=C(Nc1ccc(Cl)cc1)Nc1nc(Sc2c[nH]c3ccccc23)cc(N2CCCCC2)n1,5.7399
COc1ccc(NC(=O)Nc2nc(Sc3c[nH]c4ccccc34)cc(N3CCCCC3)n2)cc1,5.9469
O=C(Nc1ccccc1)Nc1nc(Sc2c[nH]c3ccccc23)cc(N2CCCCC2)n1,5.3420
O=C(Nc1ccccc1)Nc1nc(Sc2c[nH]c3ccccc23)cc(N2CCCC2)n1,5.4908
COc1ccc(NC(=O)Nc2nc(Sc3c[nH]c4ccccc34)cc(N3CCCC3)n2)cc1,5.5834
O=C(Nc1ccc(Cl)cc1)Nc1nc(Sc2c[nH]c3ccccc23)cc(N2CCCC2)n1,6.4815
Cc1cc(Cl)ccc1NC(=O)Nc1nc(Sc2c[nH]c3ccccc23)cc(N2CCCC2)n1,6.3665
O=C(Nc1ccccc1)Nc1nc(Nc2ccccc2)cc(Sc2c[nH]c3ccccc23)n1,5.5622
O=C(Nc1ccccc1)Nc1nc(Sc2c[nH]c3ccccc23)cc(N2CCN(c3ccccn3)CC2)n1,5.7670
COc1ccc(NC(=O)Nc2nc(Sc3c[nH]c4ccccc34)cc(N3CCN(c4ccccn4)CC3)n2)cc1,5.3820
Cc1cc(Cl)ccc1NC(=O)Nc1nc(Sc2c[nH]c3ccccc23)cc(N2CCN(c3ccccn3)CC2)n1,6.0362
O=C(Nc1ccccc1)Nc1nc(Sc2c[nH]c3ccccc23)cc(N2CCN(Cc3ccccc3)CC2)n1,6.1739
Cc1ccc(C)c(NC(=O)Nc2nc(Sc3c[nH]c4ccccc34)cc(N3CCN(Cc4ccccc4)CC3)n2)c1,5.6696
Cc1cc(Cl)ccc1NC(=O)Nc1nc(Sc2c[nH]c3ccccc23)cc(N2CCN(Cc3ccccc3)CC2)n1,5.3134
COc1ccc(NC(=O)Nc2nc(Sc3c[nH]c4ccccc34)cc(N3CCN(Cc4ccccc4)CC3)n2)cc1,6.0757
Cc1cc(Cl)ccc1NC(=O)Nc1nc(NC2CC2)cc(Sc2c[nH]c3ccccc23)n1,6.3565
O=C(Nc1ccccc1)Nc1nc(NC2CC2)cc(Sc2c[nH]c3ccccc23)n1,5.2823
Cc1ccc(NC(=O)Nc2nc(Nc3ccccc3)cc(Sc3c[nH]c4ccccc34)n2)cc1,5.8761
Cc1cc(Cl)ccc1NC(=O)Nc1nc(Nc2ccccc2)cc(Sc2c[nH]c3ccccc23)n1,5.5498
COc1cc(NC(=O)Nc2nc(Nc3cc(OC)cc(OC)c3)cc(Sc3c[nH]c4ccccc34)n2)cc(OC)c1,5.4547
COc1ccc(NC(=O)Nc2nc(Nc3cc(OC)cc(OC)c3)cc(Sc3c[nH]c4ccccc34)n2)cc1,5.8447
O=C(Nc1ccccc1)Nc1nc(Nc2ccc(Cl)cc2)cc(Sc2c[nH]c3ccccc23)n1,5.7423
COCC/C(=N\S(=O)(=O)Cc1ccc(Cl)cc1)Nc1ccc(Oc2ccnc3cc(OCCCN4CCOCC4)c(OC)cc23)c(F)c1,6.1720
Cc1ccc(F)c(NC(=O)Nc2ccc(-c3cccc4c3c(N)nn4C(=O)CCCCCCCCCCC(=O)N[C@H](C(=O)N3C[C@H](O)C[C@H]3C(=O)NCc3ccc(-c4scnc4C)cc3)C(C)(C)C)cc2)c1,6.6806
Cc1ncsc1-c1ccc(CNC(=O)[C@@H]2C[C@@H](O)CN2C(=O)[C@@H](NC(=O)CCCCCCCCCCC(=O)n2nc(N)c3c(-c4cccc(NC(=O)Nc5cccc(C(C)C)c5)c4)cccc32)C(C)(C)C)cc1,6.6816
Cc1ccc(F)c(NC(=O)Nc2ccc(-c3cccc4c3c(N)nn4C(=O)CCCCCCCCCCCCCCC(=O)N[C@H](C(=O)N3C[C@H](O)C[C@H]3C(=O)NCc3ccc(-c4scnc4C)cc3)C(C)(C)C)cc2)c1,7.0946
COc1cc2ncnc(Oc3ccc(Nc4nccc5[nH]cc(-c6ccc(F)cc6)c(=O)c45)cc3F)c2cc1OCCCN1CCOCC1,6.9158
COCCOc1cc2ncnc(Oc3ccc(Nc4nccc5[nH]cc(-c6ccc(F)cc6)c(=O)c45)cc3F)c2cc1OCCOC,7.1013
COc1cc2c(Oc3ccc(Nc4nccc5[nH]cc(-c6ccc(F)cc6)c(=O)c45)cc3F)ncnc2cc1OCC1CCN(C)CC1,7.4815
O=c1c(-c2ccc(F)cc2)c[nH]c2ccnc(Nc3ccc(Oc4ncnc5cc6c(cc45)OCCOCCOCCO6)c(F)c3)c12,7.3224
COCCOc1cc2ncnc(Oc3ccc(Nc4nccc5[nH]cc(-c6ccc(F)cc6)c(=O)c45)cc3F)c2cc1OC,6.8542
COc1cc2c(Oc3ccc(Nc4nccc5[nH]cc(-c6ccc(F)cc6)c(=O)c45)cc3F)ncnc2cc1OCCO.Cc1ccc(S(=O)(=O)O)cc1,7.6635
COc1cc2c(Oc3ccc(Nc4nccc5[nH]cc(-c6ccc(F)cc6)c(=O)c45)cc3F)ncnc2cc1OCCCO.Cc1ccc(S(=O)(=O)O)cc1,7.1675
COc1cc2c(Oc3ccc(Nc4nccc5[nH]cc(-c6ccc(F)cc6)c(=O)c45)cc3F)ncnc2cc1OCC(C)(C)O.Cc1ccc(S(=O)(=O)O)cc1,7.0273
COc1cc2c(Oc3ccc(Nc4nccc5[nH]cc(-c6ccc(F)cc6)c(=O)c45)cc3F)ncnc2cc1OCCCN1CCOCC1,6.6445
COc1cc2c(Oc3ccc(Nc4nccc5[nH]cc(-c6ccc(F)cc6)c(=O)c45)cc3F)ncnc2cc1OCCCN1CCCC1,6.8931
COc1cc2ncnc(Oc3ccc(Nc4nccc5[nH]cc(-c6ccc(F)cc6)c(=O)c45)cc3F)c2cc1OC,6.5730
COCCOc1cc2c(Oc3ccc(Nc4nccc5[nH]cc(-c6ccc(F)cc6)c(=O)c45)cc3F)ncnc2cc1OC,7.0119
COc1cc2ncnc(Oc3ccc(Nc4nccc5[nH]cc(-c6ccc(F)cc6)c(=O)c45)cc3F)c2cc1OCCO.Cc1ccc(S(=O)(=O)O)cc1,7.9101
COc1cc2ncnc(Oc3ccc(Nc4nccc5[nH]cc(-c6ccc(F)cc6)c(=O)c45)cc3F)c2cc1OCC(C)(C)O,7.2765
CCN(CC)CCCOc1cc2c(Oc3ccc(Nc4nccc5[nH]cc(-c6ccc(F)cc6)c(=O)c45)cc3F)ncnc2cc1OC,6.7865
COc1cc2ncnc(Oc3ccc(Nc4nccc5[nH]cc(-c6ccc(F)cc6)c(=O)c45)cc3F)c2cc1OCCCN1CCCC1,6.8374
COc1cc2ncnc(Oc3ccc(Nc4nccc5[nH]cc(-c6ccc(F)cc6)c(=O)c45)cc3F)c2cc1OCCCN1CCCCC1,6.6828
COc1cc2ncnc(Oc3ccc(Nc4nccc5[nH]cc(-c6ccc(F)cc6)c(=O)c45)cc3)c2cc1OC,6.9535
COc1cc2ncnc(Oc3ccc(Nc4nccc5[nH]c(C)c(-c6ccc(F)cc6)c(=O)c45)cc3F)c2cc1OC,6.3421
COc1cccc(-c2cc(-c3c(O)c4ccccc4oc3=O)nc(N)c2C#N)c1,7.3768
COc1ccc2nc(N3CCC(C(CC#N)n4cc(-c5ncnc6[nH]ccc56)cn4)CC3)sc2c1,5.6866
COc1cc(CCc2cnc3[nH]ccc3c2)cc(OC)c1,5.7755
COc1cc(OC)cc(N2Cc3cnc4[nH]ccc4c3N(C)C2=O)c1,6.3449
COc1cc(OC)c(Cl)c(N2Cc3cnc4[nH]ccc4c3N(C)C2=O)c1,6.8827
COc1cc(OC)c(Cl)c(N2Cc3cnc4[nH]ccc4c3N(C)C2=O)c1Cl,6.7905
COc1cc(OC)c(F)c(N2Cc3cnc4[nH]ccc4c3N(C)C2=O)c1,7.0362
COc1cc(OC)c(F)c(N2Cc3cnc4[nH]ccc4c3N(C)C2=O)c1F,7.6198
COc1cc(OC)c(Cl)c(N2Cc3cnc4[nH]ccc4c3N(C)C2=O)c1F,7.3979
CCN1C(=O)N(c2c(F)c(OC)cc(OC)c2F)Cc2cnc3c(c21)CC(=O)N3,6.5406
COc1cc(OC)c(F)c(N2Cc3cnc4[nH]c(-c5cnn(C)c5)cc4c3N(C)C2=O)c1F,8.8861
O=C(CSc1nc2ccccc2n2cnnc12)Nc1ccc(C(=O)Nc2ccccc2)cc1,8.4685
Cc1ccccc1NC(=O)c1ccc(NC(=O)CSc2nc3ccccc3n3cnnc23)cc1,7.7352
Cc1cccc(NC(=O)c2ccc(NC(=O)CSc3nc4ccccc4n4cnnc34)cc2)c1,7.9706
Cc1cccc(C)c1NC(=O)c1ccc(NC(=O)CSc2nc3ccccc3n3cnnc23)cc1,7.5735
O=C(CSc1nc2ccccc2n2cnnc12)Nc1ccc(C(=O)Nc2ccc([N+](=O)[O-])cc2)cc1,7.5544
O=C(CSc1nc2ccccc2n2cnnc12)Nc1ccc(C(=O)Nc2ccccn2)cc1,8.3372
O=C(CSc1nc2ccccc2n2cnnc12)Nc1ccc(C(=O)Nc2ccc(Cl)cn2)cc1,8.4089
O=C(CSc1nc2ccccc2n2cnnc12)Nc1ccc(C(=O)NC2CCCCC2)cc1,7.3054
O=C(CSc1nc2ccccc2n2cnnc12)Nc1ccc(C(=O)NCc2ccccc2)cc1,7.6635
O=C(CSc1nc2ccccc2n2cnnc12)Nc1ccc(C(=O)NNc2ccccc2)cc1,7.8601
O=C(CSc1nc2ccccc2n2cnnc12)Nc1ccc(C(=O)NNC(=O)c2ccccc2)cc1,7.5287
O=C(CSc1nc2ccccc2n2cnnc12)Nc1ccc(C(=O)NNC(=O)c2ccc([N+](=O)[O-])cc2)cc1,7.4572
O=C(Cn1c(=O)c2nncn2c2ccccc21)Nc1ccc(C(=O)Nc2ccccc2)cc1,7.1979
Cc1cccc(NC(=O)c2ccc(NC(=O)Cn3c(=O)c4nncn4c4ccccc43)cc2)c1,8.4089
Cc1cccc(C)c1NC(=O)c1ccc(NC(=O)Cn2c(=O)c3nncn3c3ccccc32)cc1,8.1675
O=C(Cn1c(=O)c2nncn2c2ccccc21)Nc1ccc(C(=O)Nc2ccc([N+](=O)[O-])cc2)cc1,7.6402
O=C(Cn1c(=O)c2nncn2c2ccccc21)Nc1ccc(C(=O)Nc2ccc(Cl)cn2)cc1,7.3054
O=C(Cn1c(=O)c2nncn2c2ccccc21)Nc1ccc(C(=O)NC2CCCCC2)cc1,7.9318
O=C(Cn1c(=O)c2nncn2c2ccccc21)Nc1ccc(C(=O)NCc2ccccc2)cc1,8.3279
O=C(Cn1c(=O)c2nncn2c2ccccc21)Nc1ccc(C(=O)NNC(=O)c2ccccc2)cc1,8.0605
O=C(Cn1c(=O)c2nncn2c2ccccc21)Nc1ccc(C(=O)NNC(=O)c2ccc([N+](=O)[O-])cc2)cc1,8.0088
O=C1Nc2ccccc2/C1=C/c1ccc(-c2cn(-c3ccccc3)nn2)cc1,4.0310
Cc1ccccc1-n1cc(-c2ccc(/C=C3\C(=O)Nc4ccccc43)cc2)nn1,3.9562
Cc1cccc(-n2cc(-c3ccc(/C=C4\C(=O)Nc5ccccc54)cc3)nn2)c1,5.8500
Cc1ccc(-n2cc(-c3ccc(/C=C4\C(=O)Nc5ccccc54)cc3)nn2)cc1,6.0787
O=C1Nc2ccccc2/C1=C/c1ccc(-c2cn(-c3ccccc3F)nn2)cc1,3.9377
O=C1Nc2ccccc2/C1=C/c1ccc(-c2cn(-c3ccc(F)cc3)nn2)cc1,3.7022
O=C1Nc2ccccc2/C1=C/c1ccc(-c2cn(-c3ccc(Cl)cc3)nn2)cc1,3.7883
N#Cc1ccccc1-n1cc(-c2ccc(/C=C3\C(=O)Nc4ccccc43)cc2)nn1,3.7710
N#Cc1ccc(-n2cc(-c3ccc(C=C4C(=O)Nc5ccccc54)cc3)nn2)cc1,3.7474
O=C1Nc2ccccc2/C1=C/c1ccc(-c2cn(-c3ccc(Cl)c(C(F)(F)F)c3)nn2)cc1,3.9651
O=C1Nc2ccc(F)cc2C1=Cc1ccc(-c2cn(-c3ccccc3)nn2)cc1,4.0014
Cc1ccccc1-n1cc(-c2ccc(C=C3C(=O)Nc4ccc(F)cc43)cc2)nn1,4.1454
Cc1cccc(-n2cc(-c3ccc(/C=C4\C(=O)Nc5ccc(F)cc54)cc3)nn2)c1,4.0498
Cc1ccc(-n2cc(-c3ccc(/C=C4\C(=O)Nc5ccc(F)cc54)cc3)nn2)cc1,4.4330
O=C1Nc2ccc(F)cc2/C1=C/c1ccc(-c2cn(-c3ccccc3F)nn2)cc1,3.8554
O=C1Nc2ccc(F)cc2/C1=C/c1ccc(-c2cn(-c3cccc(F)c3)nn2)cc1,3.7667
O=C1Nc2ccc(F)cc2/C1=C/c1ccc(-c2cn(-c3ccc(F)cc3)nn2)cc1,3.7155
O=C1Nc2ccc(F)cc2/C1=C/c1ccc(-c2cn(-c3ccccc3Cl)nn2)cc1,3.9211
O=C1Nc2ccc(F)cc2/C1=C/c1ccc(-c2cn(-c3cccc(Cl)c3)nn2)cc1,3.7295
O=C1Nc2ccc(F)cc2C1=Cc1ccc(-c2cn(-c3ccc(Cl)cc3)nn2)cc1,3.7691
N#Cc1ccccc1-n1cc(-c2ccc(C=C3C(=O)Nc4ccc(F)cc43)cc2)nn1,3.7276
N#Cc1cccc(-n2cc(-c3ccc(/C=C4\C(=O)Nc5ccc(F)cc54)cc3)nn2)c1,3.7135
N#Cc1ccc(-n2cc(-c3ccc(C=C4C(=O)Nc5ccc(F)cc54)cc3)nn2)cc1,3.7211
O=C1Nc2ccc(F)cc2/C1=C/c1ccc(-c2cn(-c3ccc(Cl)c(C(F)(F)F)c3)nn2)cc1,3.7724
O=C(Cn1cc(-c2ccc3c(Nc4cccnc4)n[nH]c3c2)cn1)Nc1ccc(Cl)c(C(F)(F)F)c1,6.0496
CS(=O)(=O)Cc1cccc(Nc2n[nH]c3cc(-c4cnn(CC(=O)Nc5ccc(Cl)c(C(F)(F)F)c5)c4)ccc23)c1,6.8447
Cn1cc2ccc(Nc3n[nH]c4cc(-c5cnn(CC(=O)Nc6ccc(Cl)c(C(F)(F)F)c6)c5)ccc34)cc2n1,6.6038
Cn1cc(Nc2n[nH]c3cc(-c4cnn(CC(=O)Nc5ccc(Cl)c(C(F)(F)F)c5)c4)ccc23)cn1,6.6576
CNS(=O)(=O)c1cc(Nc2n[nH]c3cc(-c4cnn(CC(=O)Nc5ccc(Cl)c(C(F)(F)F)c5)c4)ccc23)ccc1C,6.3904
Nc1n[nH]c2cc(-c3cnn(CC(=O)Nc4ccc(Cl)c(C(F)(F)F)c4)c3)ccc12,7.9208
Nc1n[nH]c2cc(-c3cnn(CC(=O)Nc4cccc(C(F)(F)F)c4)c3)ccc12,8.1308
Cc1ccc(NC(=O)Cn2cc(-c3ccc4c(N)n[nH]c4c3)cn2)cc1C(F)(F)F,8.5686
Nc1n[nH]c2cc(-c3cnn(CC(=O)Nc4cccc(C(F)(F)F)c4F)c3)ccc12,7.6576
O=C(Cn1cc(-c2ccc3c(NC(=O)C4CC4)n[nH]c3c2)cn1)Nc1ccc(Cl)c(C(F)(F)F)c1,7.8539
Cc1ccc(NC(=O)Cn2cc(-c3ccc4c(NC(=O)C5CC5)n[nH]c4c3)cn2)cc1C(F)(F)F,8.8539
O=C(Cn1cc(-c2ccc3c(NC(=O)C4CC4)n[nH]c3c2)cn1)Nc1cccc(C(F)(F)F)c1F,7.9208
CC(=O)Nc1n[nH]c2cc(-c3cnn(CC(=O)Nc4ccc(C)c(C(F)(F)F)c4)c3)ccc12,8.7959
Cc1ccc(NC(=O)Cn2cc(-c3ccc4c(NC(=O)C(C)C)n[nH]c4c3)cn2)cc1C(F)(F)F,7.5528
Cc1ccc(NC(=O)Cn2cc(-c3ccc4c(NC(=O)C5CCCC5)n[nH]c4c3)cn2)cc1C(F)(F)F,7.8239
Cc1ccc(NC(=O)Cn2cc(-c3ccc4c(NC(=O)C5CCN(C)CC5)n[nH]c4c3)cn2)cc1C(F)(F)F,7.9586
Cc1ccc(NC(=O)Cn2cc(-c3ccc4c(NC(=O)c5cccnc5)n[nH]c4c3)cn2)cc1C(F)(F)F,8.6383
Cc1ccc(NC(=O)Cn2cc(-c3ccc4c(NC(=O)c5cnn(C)c5)n[nH]c4c3)cn2)cc1C(F)(F)F,9.1367
CCNc1n[nH]c2cc(-c3cnn(CC(=O)Nc4ccc(C)c(C(F)(F)F)c4)c3)ccc12,7.4202
Cc1ccc(NC(=O)Cn2cc(-c3ccc4c(NCC5CC5)n[nH]c4c3)cn2)cc1C(F)(F)F,7.2218
Cc1ccc(NC(=O)Cn2cc(-c3ccc4c(NC(=O)C5CC5)n[nH]c4c3)c(C)n2)cc1C(F)(F)F,7.5686
Cc1ccc(NC(=O)Cn2nc(C)c(-c3ccc4c(NC(=O)C5CC5)n[nH]c4c3)c2C)cc1C(F)(F)F,6.5129
Cc1ccc(NC(=O)Cc2ccc(-c3ccc4c(NC(=O)C5CC5)n[nH]c4c3)s2)cc1C(F)(F)F,7.9208
O=c1cc(N2CCNCC2)c2cc(F)ccc2[nH]1,6.5505
O=c1cc(N2CCNCC2)c2ccccc2n1-c1ccccc1,6.9512
O=C(CN1CCN(c2cc(=O)[nH]c3ccc(F)cc23)CC1)Nc1nc(-c2ccccc2)cs1,7.3295
O=C(CN1CCN(c2cc(=O)[nH]c3ccc(F)cc23)CC1)Nc1nc(-c2ccc(Cl)cc2)cs1,6.7703
Cc1ccc(-c2csc(NC(=O)CN3CCN(c4cc(=O)[nH]c5ccc(F)cc45)CC3)n2)cc1,6.5290
COc1ccc(-c2csc(NC(=O)CN3CCN(c4cc(=O)[nH]c5ccc(F)cc45)CC3)n2)cc1,7.2917
O=C(CN1CCN(c2cc(=O)n(-c3ccccc3)c3ccccc23)CC1)Nc1nc(-c2ccccc2)cs1,6.6525
O=C(CN1CCN(c2cc(=O)n(-c3ccccc3)c3ccccc23)CC1)Nc1nc(-c2ccc(Cl)cc2)cs1,7.2027
Cc1ccc(-c2csc(NC(=O)CN3CCN(c4cc(=O)n(-c5ccccc5)c5ccccc45)CC3)n2)cc1,6.7765
COc1ccc(-c2csc(NC(=O)CN3CCN(c4cc(=O)n(-c5ccccc5)c5ccccc45)CC3)n2)cc1,6.7582
Cc1c(NC(=O)CCN2CCCC2)c[nH]c1/C=C1\C(=O)Nc2ccc(F)cc21,6.8636
CNC(=O)c1ccc(Nc2ncc(C(F)(F)F)c(NCc3ccccc3Cl)n2)cc1,6.8333
CNC(=O)c1ccc(Nc2ncc(C(F)(F)F)c(Nc3ccccc3OC)n2)cc1,6.5349
CNC(=O)c1ccc(Nc2ncc(C(F)(F)F)c(NCc3nccnc3N(C)S(C)(=O)=O)n2)cc1,6.5635
c1ccc(-c2ccc3c(Nc4ccc5scnc5c4)ccnc3c2)cc1,7.7959
c1ccc(COc2cccc(-c3nc4sccn4c3-c3ccncn3)c2)cc1,6.1487
Nc1ncnc2c1c(-c1cccc(O)c1)cn2[C@H]1C[C@@H](CO)C1,6.8239
Nc1ncnc2c1c(-c1cccc(O)c1)cn2C1CCCC1,7.2366
CC(=O)N1CCN([C@H]2C[C@@H](n3cc(-c4cc(O)ccc4F)c4c(N)ncnc43)C2)CC1,5.0605
CC(=O)N1CCN([C@H]2C[C@@H](n3cc(-c4ccc(O)cc4)c4c(N)ncnc43)C2)CC1,5.1871
CC(=O)N1CCN([C@H]2C[C@@H](n3cc(-c4ccc(Cl)c(O)c4)c4c(N)ncnc43)C2)CC1,6.1192
CC(=O)N1CCN([C@H]2C[C@@H](n3cc(-c4ccc(Cl)c(N)c4)c4c(N)ncnc43)C2)CC1,6.0757
COC(=O)N[C@H]1CC[C@@H](n2cc(-c3ccc(Cl)c(N)c3)c3c(N)ncnc32)CC1,6.1805
COC(=O)NC12CCC(n3cc(-c4ccc(Cl)c(N)c4)c4c(N)ncnc43)(CC1)CC2,6.3565
COC(=O)NC12CCC(n3cc(-c4cc(N)c(Cl)cc4F)c4c(N)ncnc43)(CC1)CC2,6.0969
COc1cc(OC)cc(N(CCNC(C)C)c2ccc3ncc(-c4cnn(C)c4)c(=O)n3c2)c1,7.8416
CNC(=O)c1cc(Oc2ccc(NC(=O)Nc3cccc(C(F)(F)F)c3)cc2)ccn1,8.3979
O=C(Nc1ccc(Oc2ccncc2)cc1)Nc1cccc(C(F)(F)F)c1,7.6990
O=C(Nc1ccc(Oc2ccncn2)cc1)Nc1cccc(C(F)(F)F)c1,7.3010
O=C(Nc1ccc(Oc2ccnc3ccccc23)cc1)Nc1cccc(C(F)(F)F)c1,8.3010
O=C(Nc1ccc(Oc2ncnc3ccccc23)cc1)Nc1cccc(C(F)(F)F)c1,6.4949
COc1ccc2ncnc(Oc3ccc(NC(=O)Nc4cccc(C(F)(F)F)c4)cc3)c2c1,8.0000
COc1cc2ncnc(Oc3ccc(NC(=O)Nc4cccc(C(F)(F)F)c4)cc3)c2cc1OC,8.6990
O=C(Nc1ccc(Oc2ccnc3[nH]ccc23)cc1)Nc1cccc(C(F)(F)F)c1,8.4949
O=C(Nc1ccc(Oc2ncnc3[nH]ccc23)cc1)Nc1cccc(C(F)(F)F)c1,8.6021
CNc1nccc(Oc2ccc(NC(=O)Nc3cccc(C(F)(F)F)c3)cc2)n1,7.4949
CNc1cc(Oc2ccc(NC(=O)Nc3cccc(C(F)(F)F)c3)cc2)ncn1,7.6021
Nc1cc(Oc2ccc(NC(=O)Nc3cccc(C(F)(F)F)c3)cc2)ncn1,8.1024
CN(C)c1cc(Oc2ccc(NC(=O)Nc3cccc(C(F)(F)F)c3)cc2)ncn1,5.6021
O=C(Nc1ccc(Oc2cc(O)ncn2)cc1)Nc1cccc(C(F)(F)F)c1,5.4949
COc1cc(Oc2ccc(NC(=O)Nc3cccc(C(F)(F)F)c3)cc2)ncn1,6.3979
Cc1cc(Oc2ccc(NC(=O)Nc3cccc(C(F)(F)F)c3)cc2)ncn1,7.2007
CCNc1cc(Oc2ccc(NC(=O)Nc3cccc(C(F)(F)F)c3)cc2)ncn1,7.7959
CC(C)Nc1cc(Oc2ccc(NC(=O)Nc3cccc(C(F)(F)F)c3)cc2)ncn1,7.3010
CCCNc1cc(Oc2ccc(NC(=O)Nc3cccc(C(F)(F)F)c3)cc2)ncn1,7.7212
CC(C)CNc1cc(Oc2ccc(NC(=O)Nc3cccc(C(F)(F)F)c3)cc2)ncn1,6.4949
O=C(Nc1ccc(Oc2cc(NCCO)ncn2)cc1)Nc1cccc(C(F)(F)F)c1,7.1024
C[C@@H](O)CNc1cc(Oc2ccc(NC(=O)Nc3cccc(C(F)(F)F)c3)cc2)ncn1,6.6990
C[C@H](O)CNc1cc(Oc2ccc(NC(=O)Nc3cccc(C(F)(F)F)c3)cc2)ncn1,6.4949
CC(C)(O)CNc1cc(Oc2ccc(NC(=O)Nc3cccc(C(F)(F)F)c3)cc2)ncn1,6.4949
CC(=O)Nc1cc(Oc2ccc(NC(=O)Nc3cccc(C(F)(F)F)c3)cc2)ncn1,8.8861
O=C(O)Cc1cccc(Nc2cc(Oc3ccc(NC(=O)Nc4cccc(C(F)(F)F)c4)cc3)ncn2)c1,9.3979
O=C(Nc1ccc(Oc2cc(Nc3cccc(CN4CCCC4)c3)ncn2)cc1)Nc1cccc(C(F)(F)F)c1,8.4949
CNc1cc(Oc2ccc(NC(=O)Nc3ccccc3)cc2)ncn1,5.2007
CNc1cc(Oc2ccc(NC(=O)Nc3cccc(C)c3)cc2)ncn1,6.0969
CNc1cc(Oc2ccc(NC(=O)Nc3cccc(CF)c3)cc2)ncn1,6.3979
CNc1cc(Oc2ccc(NC(=O)Nc3cccc(C(F)F)c3)cc2)ncn1,6.8861
CCc1cccc(NC(=O)Nc2ccc(Oc3cc(NC)ncn3)cc2)c1,6.8861
CNc1cc(Oc2ccc(NC(=O)Nc3cccc(C(C)F)c3)cc2)ncn1,7.1024
CNc1cc(Oc2ccc(NC(=O)Nc3cccc(C(C)(F)F)c3)cc2)ncn1,7.3979
CNc1cc(Oc2ccc(NC(=O)Nc3cccc(C(C)(C)C)c3)cc2)ncn1,7.6021
CNc1cc(Oc2ccc(NC(=O)Nc3cccc(C(F)(F)F)c3)cc2F)ncn1,7.7959
CNc1cc(Oc2ccc(NC(=O)Nc3cccc(C(F)(F)F)c3)c(F)c2)ncn1,8.2007
CNc1cc(Oc2ccc(NC(=O)Nc3cccc(C(F)(F)F)c3)c(F)c2F)ncn1,8.6021
CNc1cc(Oc2ccc(NC(=O)Nc3cccc(C(F)(F)F)c3)cc2Cl)ncn1,7.3010
CNc1cc(Oc2ccc(NC(=O)Nc3cccc(C(F)(F)F)c3)c3ccccc23)ncn1,7.8861
CNc1cc(Oc2c(C)cc(NC(=O)Nc3cccc(C(F)(F)F)c3)c3ccccc23)ncn1,6.7959
CNc1cc(Oc2ccc(NC(=O)Nc3cccc(C(F)(F)F)c3)cc2C)ncn1,7.2007
CNc1cc(Oc2c(C)cc(NC(=O)Nc3cccc(C(F)(F)F)c3)cc2C)ncn1,6.0000
CNc1cc(Oc2cc(C)c(NC(=O)Nc3cccc(C(F)(F)F)c3)cc2C)ncn1,5.6990
CNc1cc(Oc2c(Cl)cc(NC(=O)Nc3cccc(C(F)(F)F)c3)cc2Cl)ncn1,6.3979
CNc1cc(Oc2c(F)cc(NC(=O)Nc3cccc(C(F)(F)F)c3)cc2F)ncn1,7.3010
CNc1cc(Oc2c(C)cc(NC(=O)Nc3cccc(C(F)(F)F)c3)cc2Cl)ncn1,6.3979
CCc1cc(NC(=O)Nc2cccc(C(F)(F)F)c2)cc(Cl)c1Oc1cc(NC)ncn1,5.6021
Cc1cc(C)c(-n2ccn3nc(-c4cccnc4)cc23)cc1NC(=O)c1cc(C#N)cc(S(F)(F)(F)(F)F)c1,5.7959
CN1C(=O)[C@@H](N2CCc3cn(Cc4ccccc4)nc3C2=O)COc2ccccc21,6.0000
CN1C(=O)[C@@H](N2CCc3c(nn(Cc4ccccc4)c3Br)C2=O)COc2ccccc21,6.0000
CN1C(=O)[C@@H](N2CCc3cn(CC4CCS(=O)(=O)CC4)nc3C2=O)COc2ccccc21,6.0000
COc1cc(-c2ccc(O)cc2)cc2cnc(N)nc12,6.4000
CCc1c(-c2cc(OC)c3nc(N)ncc3c2)ccc(O)c1F,5.6000
CCc1cc(O)c(F)cc1-c1cc(OC)c2nc(N)ncc2c1,5.7000
CCc1cc(O)c(F)cc1-c1cc(NC2CCN(C(C)=O)CC2)c2nc(N)ncc2c1,6.2000
CCc1cc(O)c(F)cc1-c1cc(NCCO)c2nc(N)ncc2c1,5.8000
CCc1cc(O)c(F)cc1-c1cc(N(C)CCO)c2nc(N)ncc2c1,5.9000
CCc1cc(O)c(F)cc1-c1cc(NCCCO)c2nc(N)ncc2c1,6.0000
CCc1cc(O)c(F)cc1-c1cc(N[C@@H](C)CO)c2nc(N)ncc2c1,6.2000
CCc1cc(O)c(F)cc1-c1cc(N[C@H](C)CO)c2nc(N)ncc2c1,5.9000
CCc1cc(O)c(F)cc1-c1cc(NC[C@H](C)O)c2nc(N)ncc2c1,6.2000
CCc1cc(O)c(F)cc1-c1cc(NC[C@@H](C)O)c2nc(N)ncc2c1,7.1000
CCc1cc(O)c(F)cc1-c1cc(NC(CO)CO)c2nc(N)ncc2c1,5.9000
CCc1cc(O)c(F)cc1-c1cc(NCCNC)c2nc(N)ncc2c1,5.6000
CCc1cc(O)c(F)cc1-c1cc(NC2CCN(C)CC2)c2nc(N)ncc2c1,6.2000
CCc1cc(O)c(F)cc1-c1cc(NCC2CCN(C)CC2)c2nc(N)ncc2c1,6.2000
CCc1cc(O)c(F)cc1-c1cc(N[C@@H]2CCCN(C)C2)c2nc(N)ncc2c1,6.3000
CCc1cc(O)c(F)cc1-c1cc(N[C@H]2CCCN(C)C2)c2nc(N)ncc2c1,6.7000
CCc1cc(O)c(F)cc1-c1cc(N[C@H]2C[C@H]3CC[C@@H](C2)N3)c2nc(N)ncc2c1,6.9000
CCc1cc(O)c(F)cc1-c1cc(N[C@@H]2C[C@H]3CC[C@@H](C2)N3)c2nc(N)ncc2c1,6.0000
CCc1cc(O)c(F)cc1-c1cc(N[C@@H](C)CO)c2nc(NCCCN(C)C)ncc2c1,6.1000
CCc1cc(O)c(F)cc1-c1cc(N[C@@H](C)CO)c2nc(NCCOCCN(C)C)ncc2c1,6.0000
CCc1cc(O)c(F)cc1-c1cc(N[C@@H](C)CO)c2nc(NCCCCCN(C)C)ncc2c1,7.0000
O=C(/C=C/c1ccc(NC(=O)Nc2ccc(Cl)c(C(F)(F)F)c2)cc1)NO,4.8794
O=C(Nc1ccc2c(c1)CCCN2c1ccc(C(=O)NO)cc1)Nc1ccc(Cl)c(C(F)(F)F)c1,4.8794
COc1ccc2[nH]c3c(c2c1)C(=O)NCCC3,5.0969
COc1ccc2[nH]c3c(c2c1)CN(C(C)=O)CCC3,5.2218
COc1ccc2[nH]c3c(c2c1)CN(C(=O)CCN1CCOCC1)CCC3,5.0969
COc1ccc2[nH]c3c(c2c1)CN(C(=O)Cc1ccccn1)CCC3,6.1549
CC[C@H]1C[C@H]2C[N@]3CCc4c([nH]c5ccc(OC)cc45)[C@](C(=O)OC)(C2)[C@H]13,5.0000
O=C1Nc2cc(Br)ccc2/C1=C\c1cc2c([nH]1)CCCC2,7.3979
COc1cc(CCc2cc(-c3nc4ccc(-c5ccc(N6CCOCC6)cc5)cc4[nH]3)n[nH]2)cc(OC)c1,4.8239
COc1cc(CCc2cc(-c3nc4ccc(-c5cccc(CN6CCOCC6)c5)cc4[nH]3)n[nH]2)cc(OC)c1,6.1115
COc1cc(CCc2cc(-c3nc4ccc(-c5ccc(C(=O)N6CCOCC6)cc5)cc4[nH]3)n[nH]2)cc(OC)c1,6.6400
COc1cc(CCc2cc(-c3nc4ccc(-c5ccc(N6CCOCC6)nc5)cc4[nH]3)n[nH]2)cc(OC)c1,5.7011
COc1cc(CCc2cc(-c3nc4ccc(-c5cnn(CCN6CCOCC6)c5)cc4[nH]3)n[nH]2)cc(OC)c1,5.3286
COc1cc(CCc2cc(-c3nc4ccc(C(=O)N5CCOCC5)cc4[nH]3)n[nH]2)cc(OC)c1,7.9431
COc1cc(CCc2cc(-c3nc4ccc(C(=O)N5CCN(C)CC5)cc4[nH]3)n[nH]2)cc(OC)c1,7.1009
CCN1CCN(C(=O)c2ccc3nc(-c4cc(CCc5cc(OC)cc(OC)c5)[nH]n4)[nH]c3c2)CC1,7.0477
COc1cc(CCc2cc(-c3nc4ccc(C(=O)NCCN5CCOCC5)cc4[nH]3)n[nH]2)cc(OC)c1,7.0813
COc1cc(CCc2cc(-c3nc4ccc(C(=O)NC5CCOCC5)cc4[nH]3)n[nH]2)cc(OC)c1,7.1527
COc1cc(CCc2cc(-c3nc4ccc(CN5CCOCC5)cc4[nH]3)n[nH]2)cc(OC)c1,7.1881
COc1cc(CCc2cc(-c3nc4ccc(CN5CCN(C)CC5)cc4[nH]3)n[nH]2)cc(OC)c1,7.2000
COc1cc(CCc2cc(-c3nc4ccc(CN5C[C@@H](C)N[C@@H](C)C5)cc4[nH]3)n[nH]2)cc(OC)c1,6.8013
COc1cc(CCc2cc(-c3nc4ccc(CN5CCC(N6CCN(C)CC6)CC5)cc4[nH]3)n[nH]2)cc(OC)c1,7.2531
COc1cc(CCc2cc(-c3nc4ccc(CN5CCC(N6CCNCC6)CC5)cc4[nH]3)n[nH]2)cc(OC)c1,7.2205
COc1cc(CCc2cc(-c3nc4ccc(N5CCOCC5)cc4[nH]3)n[nH]2)cc(OC)c1,7.2747
COc1cc(CCc2cc(-c3nc4ccc(N5CCN(C)CC5)cc4[nH]3)n[nH]2)cc(OC)c1,7.1787
COc1cc(CCc2cc(-c3nc4ccc(N5C[C@@H](C)N[C@@H](C)C5)cc4[nH]3)n[nH]2)cc(OC)c1,6.8013
COc1cc(CCc2cc(-c3nc4ccc(N5C[C@@H](C)O[C@@H](C)C5)cc4[nH]3)n[nH]2)cc(OC)c1,6.8371
COc1cc(CCc2cc(-c3nc4cc(F)c(N5CCOCC5)cc4[nH]3)n[nH]2)cc(OC)c1,6.9237
COc1cc(CCc2cc(-c3nc4cc(F)c(N5C[C@@H](C)O[C@@H](C)C5)cc4[nH]3)n[nH]2)cc(OC)c1,6.5210
COc1cc(CCc2cc(-c3nc4cc(F)c(N5CCN(C)CC5)cc4[nH]3)n[nH]2)cc(OC)c1,6.3902
COc1cc(OC)c(Cl)c(CCc2cc(-c3nc4ccc(N5CCN(C)CC5)cc4[nH]3)n[nH]2)c1Cl,7.4245
COc1cc(OC)c(Cl)c(CCc2cc(-c3nc4ccc(CN5CCN(C)CC5)cc4[nH]3)n[nH]2)c1Cl,7.3649
O=C(Nc1ccc(-c2ccc(=O)[nH]n2)cc1)Nc1ccc(Cl)c(C(F)(F)F)c1,8.8861
COc1ccc(Nc2ccc(NC(=O)Nc3ccc(Cl)c(C(F)(F)F)c3)cc2)nn1,8.8539
O=C(Nc1ccc(Oc2ccc(=O)[nH]n2)cc1)Nc1ccc(Cl)c(C(F)(F)F)c1,7.2168
CNC(=O)c1cc(Oc2ccc(NC(=O)c3nn(-c4ccc(Cl)cc4)cc(C)c3=O)cc2)ccn1,9.9208
O=C(Nc1ccc(Oc2nnc(Cl)c3ccccc23)cc1)Nc1ccc(Cl)c(C(F)(F)F)c1,5.6021
CN(C)c1ccc(/C=N/NC(=O)Cn2nc(Cc3ccc(Cl)cc3)c3ccccc3c2=O)cc1,10.6383
S=C(NNc1nn2cnnc2c2ccccc12)Nc1ccccc1,6.0410
O=C(NNc1nn2cnnc2c2ccccc12)NC1CCCCC1,6.9586
O=C(NNc1nn2cnnc2c2ccccc12)Nc1ccccc1,6.5086
FC(F)(F)c1ccc(CNc2ccc(Cc3c[nH]c4ncc(Cl)cc34)cn2)cn1,5.8239
Cc1nc(-c2cnc(N3CCCC3)[nH]c2=O)ccc1Oc1ccnc(-c2cnn(C)c2)c1,5.8239
Cc1nc(-c2cnc(NC(C)C)[nH]c2=O)ccc1Oc1ccnc(-c2cnn(C)c2)c1,5.8539
Cn1cc(-c2cc(Oc3ccc(NC(=O)NC(=O)Cc4ccc(F)cc4)nc3)ccn2)cn1,5.6198
Cc1cc(NC(=O)NC(=O)Cc2ccc(F)cc2)ncc1Oc1ccnc(-c2cnn(C)c2)c1,5.7959
[Cl-].c1ccc(CCCn2c3ccccc3c3ccn4c[n+](-c5ccccc5)cc4c32)cc1,5.6576
FC(F)(F)c1ccc(-[n+]2cc3c4c(ccn3c2)c2ccccc2n4Cc2ccccc2)cc1.[Cl-],5.8861
Fc1c(F)c(F)c(Cn2c3ccccc3c3ccn4c[n+](-c5ccc(C(F)(F)F)cc5)cc4c32)c(F)c1F.[Cl-],6.0458
FC(F)(F)c1ccc(-[n+]2cc3c4c(ccn3c2)c2ccccc2n4CCCc2ccccc2)cc1.[Cl-],6.0969
CN(C)c1ccc(-[n+]2cc3c4c(ccn3c2)c2ccccc2n4C)cc1.[Cl-],5.8539
Clc1ccc(-[n+]2cc3c4c(ccn3c2)c2ccccc2n4CCCc2ccccc2)c(Cl)c1.[Cl-],5.4437
COc1ccc(-[n+]2cc3c4c(ccn3c2)c2ccccc2n4CCCc2ccccc2)cc1.[Cl-],6.0000
COc1ccc(Nc2nc3ccc(NC(=O)c4ccccc4C(=O)O)cc3[nH]c2=O)cc1,4.2090
O=C(Cn1c(=O)c2nncn2c2ccccc21)Nc1ccc(C(=O)Nc2ccc(Cl)cc2)cc1,8.4685
O=C(Cn1c(=O)c2nncn2c2ccccc21)Nc1ccc(C(=O)Nc2cc(Cl)ccc2Cl)cc1,8.3188
Cc1ccc(O)c(NC(=O)c2ccc(NC(=O)Cn3c(=O)c4nncn4c4ccccc43)cc2)c1,8.4089
NC(=O)c1ccc(COc2ccc(-n3cc4cccc(C(N)=O)c4n3)cc2)cc1,8.2277
NC(=O)/C=C/c1ccc(COc2ccc(-n3cc4cccc(C(N)=O)c4n3)cc2)cc1,8.4685
CC1(C)c2cc(OCCN3CCOCC3)ccc2C(=O)c2c1oc1cc(C#Cc3cc(OCC4CC4)ccn3)ccc21,6.1209
CC1(COc2ccnc(C#Cc3ccc4c5c(oc4c3)C(C)(C)c3cc(OCCN4CCOCC4)ccc3C5=O)c2)CC1,6.3768
CC1(C)c2cc(OCCN3CCOCC3)ccc2C(=O)c2c1oc1cc(C#Cc3cc(OCC4CCC4)ccn3)ccc21,6.7670
CC1(C)c2cc(OCCN3CCOCC3)ccc2C(=O)c2c1oc1cc(C#Cc3cc(OCCC4CC4)ccn3)ccc21,6.3098
CC1(C)c2cc(OCCN3CCOCC3)ccc2C(=O)c2c1oc1cc(C#Cc3cc(OCC4(CO)CC4)ccn3)ccc21,6.0177
CC1(C)c2cc(OCCN3CCCOCC3)ccc2C(=O)c2c1oc1cc(C#Cc3cc(OCC4CC4)ccn3)ccc21,6.0177
CC1(C)c2cc(OCCN3CC4(COC4)C3)ccc2C(=O)c2c1oc1cc(C#Cc3cc(OCC4CC4)ccn3)ccc21,6.3010
CC1(C)c2cc(OCCN3CCNC(=O)C3)ccc2C(=O)c2c1oc1cc(C#Cc3cc(OCC4CC4)ccn3)ccc21,6.3840
CC1(C)c2cc(N3CCOCC3)ccc2C(=O)c2c1oc1cc(C#Cc3cc(OCC4CC4)ccn3)ccc21,6.1612
CC1(C)c2cc(N3CC4(COC4)C3)ccc2C(=O)c2c1oc1cc(C#Cc3cc(OCC4CC4)ccn3)ccc21,6.3665
CC1(C)c2cc(N3CCNC(=O)C3)ccc2C(=O)c2c1oc1cc(C#Cc3cc(OCC4CC4)ccn3)ccc21,6.5376
CC1(C)c2cc(NS(C)(=O)=O)ccc2C(=O)c2c1oc1cc(C#Cc3cc(OCC(F)(F)F)ccn3)ccc21,6.0013
CC(C)(C)NC(=O)c1ccnc(C#Cc2ccc3c4c(oc3c2)C(C)(C)c2cc(NS(C)(=O)=O)ccc2C4=O)c1,6.2218
O=C1NC(=O)/C(=C\c2ccc(OCC(=O)N3N=C(c4ccc(F)cc4)CC3c3ccco3)cc2)S1,5.3010
C[C@H](CO)Nc1nc(Nc2ccc(S(N)(=O)=O)cc2)ncc1Br,7.4685
C=CC(=O)Nc1cc2c(cc1OCCNC(=O)CN(C)C)NCN=C2Nc1ccc(Br)cc1F,6.9872
COc1cc2c(cc1OC)C(Oc1cccc(NC(=S)Nc3ccc(Cl)c(C(F)(F)F)c3)c1)=NCN2,7.3010
COc1cc2c(cc1OC)C(Sc1cccc(NC(=S)Nc3ccc(Br)c(C(F)(F)F)c3)c1)=NCN2,7.0969
O=S1(=O)N=C(NCc2ccc(OC(F)(F)F)cc2)Nc2cc(Cl)ccc21,3.8545
COc1cc(-c2nc3ccccc3s2)ccc1OCC(=O)NNC(O)CN(C)CC(=O)O,6.2604
CC[C@H](C)[C@H](NCC(=O)NNC(=O)COc1ccc(-c2nc3ccccc3s2)cc1OC)C(=O)O,6.3947
CC[C@H](C)[C@@H](NCC(=O)NNC(=O)COc1ccc(-c2nc3ccccc3s2)cc1OC)C(=O)O,6.3134
COc1cc(-c2nc3ccccc3s2)ccc1OCC(=O)NNC(=O)CN[C@@H](CS)C(=O)O,6.1537
COc1cc(-c2nc3ccccc3s2)ccc1OCC(=O)NNC(=O)CN(C(C)=O)[C@@H](CS)C(=O)O,6.4168
COc1cc(-c2nc3ccccc3s2)ccc1OCC(=O)NNC(=O)CN[C@@H](CS(=O)(=O)O)C(=O)O,6.3028
COc1cc(-c2nc3ccccc3s2)ccc1OCC(=O)NNC(=O)CN[C@@H](CCSC)C(=O)O,6.5100
COc1cc(-c2nc3ccccc3s2)ccc1OCC(=O)NNC(=O)CNC(=N)NCCC[C@H](N[N+](=O)[O-])C(=O)O,6.3851
COc1cc(-c2nc3ccccc3s2)ccc1OCC(=O)NNC(=O)CN1CCC[C@H]1C(=O)O,6.7258
COc1cc(-c2nc3ccccc3s2)ccc1OCC(=O)NNC(=O)CN[C@@H](Cc1c[nH]cn1)C(=O)O,6.7670
COc1cc(-c2nc3ccccc3s2)ccc1OCC(=O)NNC(=O)CN[C@@H](Cc1c[nH]c2ccccc12)C(=O)O,6.7905
CCOC(=O)CN(C)CC(=O)NNC(=O)COc1ccc(-c2nc3ccccc3s2)cc1OC,6.2612
CCOC(=O)[C@@H](NCC(=O)NNC(=O)COc1ccc(-c2nc3ccccc3s2)cc1OC)[C@@H](C)CC,6.6234
CCOC(=O)[C@H](NCC(=O)NNC(=O)COc1ccc(-c2nc3ccccc3s2)cc1OC)[C@@H](C)CC,6.3851
CCOC(=O)[C@H](CS)NCC(=O)NNC(=O)COc1ccc(-c2nc3ccccc3s2)cc1OC,6.1278
CCOC(=O)[C@H](CS)N(CC(=O)NNC(=O)COc1ccc(-c2nc3ccccc3s2)cc1OC)C(C)=O,6.2604
CCOC(=O)[C@H](CS(=O)(=O)O)NCC(=O)NNC(=O)COc1ccc(-c2nc3ccccc3s2)cc1OC,6.2366
CCOC(=O)[C@H](CCSC)NCC(=O)NNC(=O)COc1ccc(-c2nc3ccccc3s2)cc1OC,6.4330
CCOC(=O)[C@H](CCCNC(=N)NCC(=O)NNC(=O)COc1ccc(-c2nc3ccccc3s2)cc1OC)N[N+](=O)[O-],6.5302
CCOC(=O)[C@@H]1CCCN1CC(=O)NNC(=O)COc1ccc(-c2nc3ccccc3s2)cc1OC,6.7878
CCOC(=O)[C@H](Cc1c[nH]cn1)NCC(=O)NNC(=O)COc1ccc(-c2nc3ccccc3s2)cc1OC,6.8182
CCOC(=O)[C@H](Cc1c[nH]c2ccccc12)NCC(=O)NNC(=O)COc1ccc(-c2nc3ccccc3s2)cc1OC,6.7496
Cc1cc2c(F)c(Oc3ccnc(Nc4cccc(S(N)(=O)=O)c4)n3)ccc2[nH]1,8.0458
Cc1cc2c(F)c(Oc3ccnc(Nc4ccc(S(N)(=O)=O)cc4)n3)ccc2[nH]1,7.5086
Cc1cc2c(F)c(Oc3cc(Nc4ccc(S(N)(=O)=O)cc4)ncn3)ccc2[nH]1,7.3936
Cc1cc2c(F)c(Oc3cc(Nc4cc(CS(C)(=O)=O)ccc4C)ncn3)ccc2[nH]1,7.0768
COc1ccc(S(N)(=O)=O)cc1Nc1cc(Oc2ccc3[nH]c(C)cc3c2F)ncn1,7.9872
Cc1cc2c(F)c(Oc3cc(Nc4cccc(CS(C)(=O)=O)c4)ncn3)ccc2[nH]1,8.4202
Cc1cc2c(F)c(Oc3cc(Nc4ccc(CS(C)(=O)=O)cc4)ncn3)ccc2[nH]1,8.1487
Cc1cc2c(F)c(Oc3cc(Nc4cccc([N+](=O)[O-])c4)ncn3)ccc2[nH]1,7.6716
COc1ccc(Nc2cc(Oc3ccc4[nH]c(C)cc4c3F)ncn2)cc1OC,8.3098
COc1ccc(/C=N/n2c(SCC(=O)c3ccc(Cl)cc3)nnc2-c2cc3ccccc3[nH]2)cc1,7.1487
COc1cc2ncc(-c3cccc(NC4CCNC4)n3)n2cc1-c1cnn(C)c1,8.3010
CCN(CC)CCN1Cc2[nH]c(/C=C3\C(=O)Nc4ccc(I)cc43)c(C)c2C1=O,7.4547
CCN(CC)CCN1Cc2[nH]c(/C=C3\C(=O)Nc4ccc(Br)cc43)c(C)c2C1=O,7.1772
COc1ccc2c(c1)/C(=N\Nc1nnc3n1N=C(c1ccccc1)CS3)C(=O)N2,6.3615
O=C1Nc2ccccc2/C1=C1/Nc2ccccc2/C1=N\OCC(O)CO,6.0223
COc1cc2nccc(Oc3ccc(NC(=O)C4(C(=O)NC5CC5)CC4)c(Cl)c3)c2cc1C(N)=O,8.3979
COC(=O)c1ccc2c(C(Nc3ccc(N(C)C(=O)CN4CCN(C)CC4)cc3)c3ccccc3)c(O)[nH]c2c1,8.5229
COc1ccc(CN2C3CC2CN(c2ccc(-c4cc(OCC(C)(C)O)cn5ncc(C#N)c45)cn2)C3)cn1,7.0000
COC1(C(=O)N[C@@H](C)c2ccc(-n3cc(F)cn3)nc2)CCC(c2nc(C)cc(Nc3cc(C)[nH]n3)n2)CC1,7.4559
COc1ncc(F)cc1CNc1ccc(Cc2c[nH]c3ncc(C)cc23)c(F)n1,5.9586
Cn1cc(-c2[nH]c3cc(NC(=O)[C@H](N)C4CCCCC4)cc4c3c2C=NNC4=O)cn1,7.9464
COc1cc2ncnc(Nc3ccc(Cl)cc3Cl)c2cc1OCCCCCCC(=O)NO,7.0757
COc1cc2ncnc(Oc3cccc(NC(=S)Nc4ccc(Cl)c(C(F)(F)F)c4)c3)c2cc1OC,7.3010
COc1cc2ncnc(Sc3cccc(NC(=S)Nc4ccc(Br)c(C(F)(F)F)c4)c3)c2cc1OC,7.0969
Cc1ccc(NC(=O)c2cccc(C(F)(F)F)c2)cc1C#Cc1nn(C2CCN(C)CC2)c2ncnc(N)c12,7.9208
COc1ccc(-c2cc(=O)oc3c(O)c(O)ccc23)cc1O,5.2596
COc1ccc(NC(=O)c2c(Nc3ccccc3)sc(C#N)c2NC(=O)CNc2ccc(Cl)cc2)cc1,6.2291
COc1ccc(NC(=O)c2c(Nc3ccccc3)sc(C(=O)N/N=C/c3ccc(O)c(O)c3)c2NC(C)=O)cc1,5.8894
Cc1ccc2c(=O)n(Cc3ccccc3)c(SCc3cn(-c4ccc(C(=O)O)cc4)nn3)nc2c1,6.8996
NS(=O)(=O)c1ccc(CCn2c(SCC(=O)Nc3ccc(Cl)cc3)nc3ccccc3c2=O)cc1,6.4089
Cc1cccc(Cl)c1NC(=O)Nc1ccc(-c2nc(NCCN(C)C)c3ccccc3n2)cc1,7.0315
Cc1cccc(NC(=O)Nc2ccc(Nc3ncnc4[nH]c(C)c(C)c34)cc2)c1,6.4245
Cc1cccc(NC(=O)Nc2ccc(Oc3ncnc4[nH]c(C)c(C)c34)cc2)c1,6.3649
Cc1c(C(=O)Nc2ccc(Oc3ccnc(-c4nncn4CCCN4CCN(C)CC4)c3)c(F)c2)c(=O)n(-c2ccccc2)n1C,6.7212
CNC(=O)c1cccc2cc(Oc3ccnc(NC(=O)c4ccc(N5CCN(CCO)CC5)cc4)c3)ccc12,8.9208
Cn1cc(-c2ccc3c(c2)ncn3-c2cc(NS(=O)(=O)C3CC3)cc(-c3ccc(F)cc3F)c2)cn1,8.0458
O=C(O)CCc1c(/C=C2\C(=O)Nc3ccc(F)cc32)[nH]c2c1C(=O)CCC2,7.6021
C#CCO[C@@H]1[C@H](C)[C@@H](COS(=O)(=O)C=C)O[C@H]1n1nc(-c2ccc(C)cc2)c2c(N)ncnc21,7.0605
C#CCO[C@@H]1[C@H](C)[C@@H](COC(=O)c2ccc(S(=O)(=O)F)cc2)O[C@H]1n1nc(-c2ccc(C)cc2)c2c(N)ncnc21,6.3233
Cc1c(C(=O)Nc2ccc(Oc3ccnc(-c4nncn4CN4CCN(C)CC4)c3)c(F)c2)c(=O)n(-c2ccccc2)n1C,6.7212
Cc1ccc(NC(=O)Cn2cc(-c3ccc4c(NC(=O)c5ccc(N)cc5)n[nH]c4c3)cn2)cc1C(F)(F)F,8.5686
Cc1ccc(NC(=O)Cn2cc(-c3ccc4c(NC(=O)c5ccc(N6CCNCC6)cc5)n[nH]c4c3)cn2)cc1C(F)(F)F,9.3768
COC(=O)Nc1nccc(Oc2ccc3c(C(=O)Nc4ccc(F)c(C(F)(F)F)c4)cccc3c2)n1,8.0000
CN1CCN(c2ccc(NC(=O)c3cccc4cc(Oc5ccnc(N)n5)ccc34)cc2C(F)(F)F)CC1,7.7614
CCc1cccc(NC(=O)c2cccc3cc(Oc4cc(N)ncn4)ccc23)c1,9.0000
Nc1cc(Oc2ccc3c(C(=O)Nc4ccc(F)c(C(F)(F)F)c4)cccc3c2)ncn1,8.5229
Nc1nccc(Oc2ccc3c(C(=O)Nc4ccc(F)c(C(F)(F)F)c4)cccc3c2)n1,8.3979
CCOC(=O)c1cc(Oc2ccc3c(C(=O)Nc4cccc(C(F)(F)F)c4)cccc3c2)ncn1,6.0837
N#Cc1cc(Oc2ccc3c(C(=O)Nc4cccc(C(F)(F)F)c4)cccc3c2)ncn1,7.5548
Nc1cc(Oc2ccc3c(C(=O)Nc4cccc(C(F)(F)F)c4)cccc3c2)ncn1,8.5229
Nc1nc(Cl)cc(Oc2ccc3c(C(=O)Nc4cccc(C(F)(F)F)c4)cccc3c2)n1,6.1630
C=CC(=O)N1CC[C@@H](n2nc(C#Cc3cc(OC)cc(OC)c3)c3c(N)ncnc32)C1,5.8280
C=CC(=O)NCCn1nc(C#Cc2cc(OC)cc(OC)c2)c2c(N)ncnc21,5.1543
C=CC(=O)N1CC(n2nc(C#Cc3cc(OC)cc(OC)c3)c3c(N)ncnc32)C1,5.5187
C=CC(=O)N1CCC(n2nc(C#Cc3cc(OC)cc(OC)c3)c3c(N)ncnc32)CC1,5.4715
C=CC(=O)N1CC(Cn2nc(C#Cc3cc(OC)cc(OC)c3)c3c(N)ncnc32)C1,5.7520
COc1cc(C#Cc2nn(C3CN(C(=O)/C=C/CN(C)C)C3)c3ncnc(N)c23)cc(OC)c1,5.4334
COc1cc(C#Cc2nn([C@H]3CCN(C(=O)/C=C/CN(C)C)C3)c3ncnc(N)c23)cc(OC)c1,5.9187
C=CC(=O)N1CC[C@H](n2nc(C#Cc3cc(OC)cc(OC)c3)c3c(N)ncnc32)C1,5.6275
CN1C[C@@H]2CC[C@H](C1=O)N2c1ncc2[nH]nc(-c3cnn(C4CCC4)c3)c2n1,6.7352
Fc1ccc(Nc2ncnn3cccc23)cc1Cl,6.9281
Cc1ccn2ncnc(Nc3ccc(F)c(Cl)c3)c12,7.0000
Cc1cc2c(Nc3ccc(F)c(Cl)c3)ncnn2c1,6.8210
Cc1ccc2c(Nc3ccc(F)c(Cl)c3)ncnn12,5.4881
Cc1ccc(Nc2ncnn3c(C)ccc23)cc1O,4.5317
CCn1c(=O)c(-c2cc(OC)cc(OC)c2)cc2nnc(Nc3ccncc3)nc21,6.4559
Cc1c2ccc(N(C)c3ccnc(Nc4ccc(C(=O)Nc5nc6c(C(N)=O)cccc6[nH]5)cc4)n3)cc2nn1C,6.5850
CN(c1ccc(Cl)cc1)c1ccnc(Nc2ccc(C(=O)Nc3nc4c(C(N)=O)cccc4[nH]3)cc2)n1,6.4498
Cc1c2ccc(N(C)c3ccnc(Nc4ccc(-c5nc6c(C(N)=O)cccc6[nH]5)cc4)n3)cc2nn1C,6.6799
CN(c1ccc(Cl)cc1)c1ccnc(Nc2ccc(-c3nc4c(C(N)=O)cccc4[nH]3)cc2)n1,6.3925
CN(c1ccc2ncccc2c1)c1ccnc(Nc2ccc(-c3nc4c(C(N)=O)cccc4[nH]3)cc2)n1,6.1811
Cc1c2ccc(N(C)c3ccnc(Nc4ccc(-c5nc6c(C(N)=O)cccc6[nH]5)cc4F)n3)cc2nn1C,6.5952
Cc1c2ccc(N(C)c3ccnc(Nc4ccc(-c5nc6c(C(N)=O)cccc6[nH]5)c(Cl)c4)n3)cc2nn1C,6.6635
Cc1c2ccc(N(C)c3ccnc(Nc4ccc(-c5nc6c(C(N)=O)cccc6[nH]5)c(C(F)(F)F)c4)n3)cc2nn1C,6.5735
Cc1c2ccc(N(C)c3ccnc(Nc4cc(F)c(-c5nc6c(C(N)=O)cccc6[nH]5)c(F)c4)n3)cc2nn1C,6.4750
COc1cc(Nc2nccc(N(C)c3ccc4c(C)n(C)nc4c3)n2)ccc1-c1nc2c(C(N)=O)cccc2[nH]1,6.7721
Cc1cc(Nc2nccc(N(C)c3ccc4c(C)n(C)nc4c3)n2)cnc1-c1nc2c(C(N)=O)cccc2[nH]1,6.6289
Cc1c2ccc(N(C)c3ccnc(Nc4ccc(-c5ccc(-c6nc7c(C(N)=O)cccc7[nH]6)cc5)cc4)n3)cc2nn1C,6.5114
Cc1c2ccc(N(C)c3ccnc(Nc4cc5cc(-c6nc7c(C(N)=O)cccc7[nH]6)ccc5s4)n3)cc2nn1C,6.4413
Cc1c2ccc(N(C)c3ccnc(Nc4ccc(C(=O)Nc5nc6c(C(N)=O)cccc6[nH]5)cc4F)n3)cc2nn1C,6.3696
Cc1c2ccc(N(C)c3ccnc(Nc4ccc(C(=O)Nc5nc6c(C(N)=O)cccc6[nH]5)c(Cl)c4)n3)cc2nn1C,6.4868
Cc1c2ccc(N(C)c3ccnc(Nc4ccc(C(=O)Nc5nc6c(C(N)=O)cccc6[nH]5)c(C(F)(F)F)c4)n3)cc2nn1C,6.5186
Cc1c2ccc(N(C)c3ccnc(Nc4cc(F)c(C(=O)Nc5nc6c(C(N)=O)cccc6[nH]5)c(F)c4)n3)cc2nn1C,6.4401
Cc1c2ccc(N(C)c3ccnc(Nc4cccc(-c5nc6c(C(N)=O)cccc6[nH]5)c4)n3)cc2nn1C,6.7282
Cc1ccc(Nc2nccc(N(C)c3ccc4c(C)n(C)nc4c3)n2)cc1-c1nc2c(C(N)=O)cccc2[nH]1,6.7190
COc1ccc(-c2nc3c(C(N)=O)cccc3[nH]2)cc1Nc1nccc(N(C)c2ccc3c(C)n(C)nc3c2)n1,6.5751
CN(c1ccc(Cl)cc1)c1ccnc(Nc2ccc(-c3nc4cc(F)c(F)cc4[nH]3)cc2)n1,6.3696
CC(C)c1ccc(N(C)c2ccnc(Nc3ccc(-c4nc5cc(F)c(F)cc5[nH]4)cc3)n2)cc1,6.3002
Cc1c2ccc(N(C)c3ccnc(Nc4ccc(-c5nc6cc(F)c(F)cc6[nH]5)c(Cl)c4)n3)cc2nn1C,6.6576
Cc1c2ccc(N(C)c3ccnc(Nc4ccc(-c5nc6cc(F)c(F)cc6[nH]5)c(C(F)(F)F)c4)n3)cc2nn1C,6.6990
COc1cc(Nc2nccc(N(C)c3ccc4c(C)n(C)nc4c3)n2)ccc1-c1nc2cc(F)c(F)cc2[nH]1,6.7825
Cc1c2ccc(N(C)c3ccnc(Nc4cccc(-c5nc6cc(F)c(F)cc6[nH]5)c4)n3)cc2nn1C,6.7212
Cc1ccc(Nc2nccc(N(C)c3ccc4c(C)n(C)nc4c3)n2)cc1-c1nc2cc(F)c(F)cc2[nH]1,6.8601
COc1ccc(-c2nc3cc(F)c(F)cc3[nH]2)cc1Nc1nccc(N(C)c2ccc3c(C)n(C)nc3c2)n1,6.6990
CN(c1ccc(N2CCOCC2)c(F)c1)c1ccnc(Nc2ccc(C(=O)Nc3nc4ccccc4[nH]3)cc2)n1,6.1379
CN(c1ccnc(Nc2ccc(-c3nc4ccccc4[nH]3)cc2)n1)c1cc(C(C)(C)C)n(C)n1,6.0246
Cc1c2ccc(N(C)c3ccnc(Nc4ccc(-c5nc6ccccc6[nH]5)c(Cl)c4)n3)cc2nn1C,6.7258
Cc1c2ccc(N(C)c3ccnc(Nc4ccc(-c5nc6ccccc6[nH]5)c(C(F)(F)F)c4)n3)cc2nn1C,6.6716
Cc1c2ccc(N(C)c3ccnc(Nc4cccc(-c5nc6ccccc6[nH]5)c4)n3)cc2nn1C,6.9508
Cc1ccc(Nc2nccc(N(C)c3ccc4c(C)n(C)nc4c3)n2)cc1-c1nc2ccccc2[nH]1,6.7670
COc1ccc(-c2nc3ccccc3[nH]2)cc1Nc1nccc(N(C)c2ccc3c(C)n(C)nc3c2)n1,6.6073
COc1cc2c(Oc3ccc(NC(=O)NC4CC4)c(Cl)c3)ncnc2cc1OCCCN1CCCC1,8.5346
COc1cc2c(Oc3ccc(NC(=O)NC4CCC4)c(Cl)c3)ncnc2cc1OCCCN1CCCC1,8.5622
COc1cc2c(Oc3ccc(NC(=O)NC4CCCC4)c(Cl)c3)ncnc2cc1OCCCN1CCCC1,8.0867
COc1cc2c(Oc3ccc(NC(=O)NC4CCCCC4)c(Cl)c3)ncnc2cc1OCCCN1CCCC1,7.8508
CCCCNC(=O)Nc1ccc(Oc2ncnc3cc(OCCCN4CCCC4)c(OC)cc23)cc1Cl,8.5768
COc1cc2c(Oc3ccc(NC(=O)NC(C)(C)C)c(Cl)c3)ncnc2cc1OCCCN1CCCC1,6.7937
COc1cc2c(Oc3ccc(NC(=O)NCc4ccncc4)c(Cl)c3)ncnc2cc1OCCCN1CCCC1,7.3833
COc1cc2c(Oc3ccc(NC(=O)Nc4ccncc4)c(Cl)c3)ncnc2cc1OCCCN1CCCC1,8.2062
COc1cc2c(Oc3ccc(NC(=O)NCc4ccccc4)c(Cl)c3)ncnc2cc1OCCCN1CCCC1,8.9393
COc1cc2c(Oc3ccc(NC(=O)Nc4ccc(C(F)(F)F)cc4)c(Cl)c3)ncnc2cc1OCCCN1CCCC1,9.9586
COc1cc2c(Oc3ccc(NC(=O)Nc4ccc(C)cc4)c(Cl)c3)ncnc2cc1OCCCN1CCCC1,9.5850
COc1cc2c(Oc3ccc(NC(=O)Nc4ccc(-c5ccccc5)cc4)c(Cl)c3)ncnc2cc1OCCCN1CCCC1,9.4437
COc1ccc(NC(=O)Nc2ccc(Oc3ncnc4cc(OCCCN5CCCC5)c(OC)cc34)cc2Cl)c(OC)c1,9.2291
COc1cc2c(Oc3ccc(NC(=O)NCc4ccc(F)cc4)c(Cl)c3)ncnc2cc1OCCCN1CCCC1,8.8239
COc1cc2c(Oc3ccc(NC(=O)Nc4cccc(F)c4)c(Cl)c3)ncnc2cc1OCCCN1CCCC1,9.2596
COc1cc2c(Oc3ccc(NC(=O)Nc4cc(C)ccc4F)c(Cl)c3)ncnc2cc1OCCCN1CCCC1,9.1805
COc1cc2c(Oc3ccc(NC(=O)Nc4ccc(C)c(F)c4)c(Cl)c3)ncnc2cc1OCCCN1CCCC1,9.7212
COc1cc2c(Oc3ccc(NC(=O)Nc4ccccc4F)c(Cl)c3)ncnc2cc1OCCCN1CCCC1,9.1549
COc1cc2c(Oc3ccc(NC(=O)Nc4ccc(Br)cc4F)c(Cl)c3)ncnc2cc1OCCCN1CCCC1,9.1308
COc1cc2c(Oc3ccc(NC(=O)Nc4ccc(Cl)c(C(F)(F)F)c4)c(Cl)c3)ncnc2cc1OCCCN1CCCC1,8.3242
COc1cc2c(Oc3ccc(NC(=O)NCc4ccc(C#N)cc4)c(Cl)c3)ncnc2cc1OCCCN1CCCC1,7.3830
COc1cc2c(Oc3ccc(NC(=O)Nc4cccc(C(F)(F)F)c4)c(Cl)c3)ncnc2cc1OCCCN1CCCC1,9.1487
COc1cc2c(Oc3ccc(NC(=O)Nc4ccc(OC(F)(F)F)cc4)c(Cl)c3)ncnc2cc1OCCCN1CCCC1,9.2924
COc1cc2c(Oc3ccc(NC(=O)Nc4cccc(OC(F)(F)F)c4)c(Cl)c3)ncnc2cc1OCCCN1CCCC1,8.7328
COc1cc2c(Oc3ccc(NC(=O)Nc4cnn(C(C)C)c4)c(Cl)c3)ncnc2cc1OCCCN1CCCC1,9.1192
COc1cc2c(Oc3ccc(NC(=O)Nc4ccc5c(ccn5C)c4)c(Cl)c3)ncnc2cc1OCCCN1CCCC1,9.1739
COc1cc2c(Oc3ccc(NC(=O)Nc4ccc5occc5c4)c(Cl)c3)ncnc2cc1OCCCN1CCCC1,9.4685
COc1cc2c(Oc3ccc(NC(=O)Nc4cc(C)on4)c(Cl)c3)ncnc2cc1OCCCN1CCCC1,9.2924
COc1cc2c(Oc3ccc(NC(=O)Nc4cccc5c4oc4ccccc45)c(Cl)c3)ncnc2cc1OCCCN1CCCC1,8.9469
COc1cc2c(Oc3ccc(NC(=O)Nc4ccnn4C)c(Cl)c3)ncnc2cc1OCCCN1CCCC1,7.5482
COc1cc2c(Oc3ccc(NC(=O)Nc4cnn(C)c4)c(Cl)c3)ncnc2cc1OCCCN1CCCC1,8.5287
COc1cc2c(Oc3ccc(NC(=O)Nc4ccnn4C4CCCC4)c(Cl)c3)ncnc2cc1OCCCN1CCCC1,9.4949
COc1cc2c(Oc3ccc(NC(=O)Nc4cnn(C5CCCC5)c4)c(Cl)c3)ncnc2cc1OCCCN1CCCC1,9.5850
COc1cc2c(Oc3ccc(NC(=O)Nc4cnn(C(C)C)c4)c(Cl)c3)ncnc2cc1OCCN1CCCC1,9.0315
COc1cc2c(Oc3ccc(NC(=O)Nc4ccc(F)cc4)c(F)c3)ncnc2cc1OCCCN1CCCC1,8.4112
COc1cc2c(Oc3ccc(NC(=O)Nc4ccccc4)c(F)c3)ncnc2cc1OCCCN1CCCC1,8.7100
COc1cc2c(Oc3ccc(NC(=O)Nc4cnn(C(C)C)c4)c(F)c3)ncnc2cc1OCCCN1CCCC1,9.2924
COc1cc2c(Oc3ccc(NC(=O)Nc4ccc(C(F)(F)F)cc4)c(F)c3)ncnc2cc1OCCCN1CCCC1,8.6126
COc1cc2c(Oc3ccc(NC(=O)Nc4cnn(C(C)C)c4)c(F)c3)ncnc2cc1OCc1ccccc1,8.4855
Cc1cc(Nc2ncc(C)c(-c3cnn(CCC#N)c3)n2)sn1,7.3872
Cc1cc(Nc2ncc(C)c(N3CCC(CC#N)CC3)n2)sn1,7.3665
Cc1cc(Nc2ncc(C)c(N3CCN(CC#N)CC3)n2)sn1,7.3872
Cc1cc(Nc2ncc(C)c(N3CCN(CC#N)C(C)C3)n2)sn1,7.2596
Cc1cc(Nc2ncc(C)c(N3CCN(CC#N)[C@@H](C)C3)n2)sn1,7.5229
Cc1cc(Nc2ncc(C)c(N3CC4CCC(C3)N4CC#N)n2)sn1,6.6556
Cc1cc(Nc2ncc(C)c(N3CC4CCC(C3)N4CCC#N)n2)sn1,7.0177
Cc1cc(Nc2ncc(C)c(N3CC4CCCC(C3)N4CC#N)n2)sn1,5.8016
Cc1cc(Nc2ncc(C)c(N3CC4CCCC(C3)N4CCC#N)n2)sn1,6.9626
Cc1cnc(Nc2cnn(C)c2)nc1N1CC2CCCC(C1)N2CC#N,5.1312
Cc1cnc(Nc2cnn(C)c2)nc1N1CC2CCCC(C1)N2CCC#N,6.0287
Cc1cc(Nc2ncc(C)c(N3CC(CCC#N)C3)n2)sn1,6.9245
Cc1cc(Nc2ncc(C)c(N3CC(CC#N)C3)n2)sn1,6.5735
Cc1cc(Nc2ncc(C)c(N3CC(C4CC4)C3)n2)sn1,7.2291
Cc1cc(Nc2ncc(C)c(N3CC(O)(C4CC4)C3)n2)sn1,7.5086
Cc1cc(Nc2ncc(C)c(N3CC(CC#N)(OC4CC5(CC5)C4)C3)n2)sn1,5.5013
Cc1cc(Nc2ncc(C)c(N3CC(CC#N)(N4CCCC4)C3)n2)sn1,5.9119
Cc1cc(Nc2ncc(C)c(N3CC(CC#N)(N4CCCCC4)C3)n2)sn1,5.4317
Cc1cc(Nc2ncc(C)c(N3CC(CC#N)(N4CCN(C)CC4)C3)n2)sn1,5.8236
Cc1cnc(Nc2cnn(C)c2)nc1N1CC(CC#N)(N2CCN(C)CC2)C1,5.1711
Cc1cnc(Nc2cnn(C)c2)nc1-c1cnn([C@H](CC#N)C2CCCC2)c1,6.5017
CC1=NNC2OC(NS(=O)(=O)c3ccc(C)cc3)=C(C#N)C(c3ccccc3Br)C12,6.6576
CC(C)(C)c1cc(NC(=O)Nc2ccc(-c3cc(-c4ccc(OCCN5CCOCC5)cc4)[nH]n3)cc2)no1,6.4800
CC(C)(c1cc(NC(=O)Nc2ccc(-c3cc(-c4ccc(OCCN5CCOCC5)cc4)[nH]n3)cc2)no1)C(F)(F)F,6.4208
COc1cc(-c2nc(C(=O)Nc3ccccc3)nn2-c2ccc(F)c(Cl)c2)cc(OC)c1OC,7.7029
NS(=O)(=O)c1ccccc1NC(=O)Nc1nc(-c2ccccc2)n(-c2ccc(Cl)cc2)n1,6.5670
COc1ccc(-n2nc(NC(=O)Nc3cccc(S(N)(=O)=O)c3)nc2-c2ccccc2)cc1,6.7375
Cc1ccc(NC(=O)Nc2nc(-c3ccccc3)n(-c3cccc(Cl)c3)n2)cc1S(N)(=O)=O,7.0168
Cc1ccc(NC(=O)Nc2nc(-c3ccccc3)n(-c3ccc(Cl)cc3)n2)cc1S(N)(=O)=O,6.2668
COc1ccc(-n2nc(NC(=O)Nc3ccc(C)c(S(N)(=O)=O)c3)nc2-c2ccccc2)cc1,6.1445
NS(=O)(=O)c1ccc(NC(=O)Nc2nc(-c3ccccc3)n(-c3ccc(F)cc3)n2)cc1,7.5800
NS(=O)(=O)c1ccc(NC(=O)Nc2nc(-c3ccccc3)n(-c3ccc(Cl)cc3)n2)cc1,6.4976
Cc1nc(Nc2ccc(NC(=O)Nc3cccc(F)c3)cc2)c2nc(-c3ccccc3)sc2n1,4.1357
COC(=O)Nc1nc2cc(Oc3ccc(NC(=O)Nc4cc(F)ccc4C(F)(F)F)cc3)ccc2[nH]1,5.4559
Cc1nc2c(cnn2-c2ccccc2)c(=O)n1-c1ccc(NC(=O)c2ccccc2)cc1,6.7496
Cc1nc2c(cnn2-c2ccccc2)c(=O)n1-c1ccc(NC(=O)c2ccc(F)cc2)cc1,7.2007
Cc1nc2c(cnn2-c2ccccc2)c(=O)n1-c1ccc(NC(=O)c2ccc(Cl)cc2)cc1,6.6990
Cc1ccc(C(=O)Nc2ccc(-n3c(C)nc4c(cnn4-c4ccccc4)c3=O)cc2)cc1,6.5834
CCN(CC)CCNC(=O)c1c(C)[nH]c(/C=C2\CNc3ccc(F)cc32)c1C,7.0000
Cc1c2cc(cc1C(=O)Nc1cc(CN3CCN(C)CC3)cc(C3CC3)c1)OCCCCCCCNC(=O)c1ccc3ncc(n3n1)C#C2,7.1334
NC(=O)CCn1cc(-c2ccc3ncnc(Nc4cc(O)c(F)cc4F)c3c2)nn1,8.1549
NC(=O)CCn1cc(-c2ccc3ncnc(Nc4cc(O)ccc4F)c3c2)nn1,7.9208
NC(=O)CCn1cc(-c2ccc3ncnc(Nc4ccc(F)c(O)c4)c3c2)nn1,7.1938
Cc1ccc(C)c(NC(=O)CSc2nc3ccccc3c(=O)n2-c2ccc(S(N)(=O)=O)cc2)c1,6.3188
COc1cccc(CNC(=O)CSc2nc3ccccc3c(=O)n2-c2ccc(S(N)(=O)=O)cc2)c1OC,6.6132
CCn1c(SCC(=O)NNC(=O)c2ccccc2)nc2ccc([N+](=O)[O-])cc2c1=O,5.3372
O=C(CSc1nc2ccc([N+](=O)[O-])cc2c(=O)n1-c1ccccc1)NNC(=O)c1ccccc1,5.3188
Cc1nc2ccccc2n(CC(=O)Nc2ccc(C(=O)NC(C)(C)C)cc2)c1=O,8.4949
Cc1nc2ccccc2n(CC(=O)Nc2ccc(C(=O)NCc3ccccc3)cc2)c1=O,5.9626
Cc1nc2ccccc2n(CC(=O)Nc2ccc(C(=O)NNC(=O)c3ccccc3O)cc2)c1=O,5.9245
N#Cc1c(-c2ccc([N+](=O)[O-])cc2)cc(-c2ccc3ccccc3c2)nc1NN,9.4685
N#Cc1c(-c2ccc(Cl)cc2)cc(-c2ccc3ccccc3c2)nc1NN,9.6021
COc1cc(-c2cc(-c3ccc4ccccc4c3)nc(NN)c2C#N)ccc1O,9.7212
Cc1ccc(S(=O)(=O)Nc2ccc(-c3cc(-c4cccc(F)c4)c(C#N)c(N)n3)cc2)cc1,5.4413
CC(=O)c1ccc(NC(=O)CSC2=NC(=O)C(C#N)C(c3ccccc3)N2)cc1,6.4130
COc1cc(C2NC(SCC(=O)Nc3ccc(C(C)=O)cc3)=NC(=O)C2C#N)cc(OC)c1OC,6.7018
O=C(/C=C/c1cccc(F)c1)c1ccc(N2CCNCC2)cc1,6.0969
COc1cc(/C=C/C(=O)c2ccc(N3CCNCC3)cc2)ccc1F,6.2441
N#CCc1nnc(NC(=O)c2ccco2)s1,8.1308
N#C/C(=C\c1cccs1)c1nnc(NC(=O)c2ccco2)s1,8.1192
O=C(CN1C(=O)S/C(=C/c2ccccc2)C1=O)Nc1ccc(C(=O)NCc2ccccc2)cc1,6.5528
Cc1ccc(NC(=O)c2ccc(NC(=O)CN3C(=O)S/C(=C/c4ccccc4)C3=O)cc2)cc1,6.6021
CCc1ccc(NC(=O)c2ccc(NC(=O)CN3C(=O)S/C(=C/c4ccccc4)C3=O)cc2)cc1,6.6576
O=C(CN1C(=O)S/C(=C/c2ccco2)C1=O)Nc1ccc(C(=O)O)cc1,7.0969
O=C(CN1C(=O)S/C(=C/c2cccs2)C1=O)Nc1ccc(C(=O)O)cc1,7.0809
COc1ccc(NC(=O)CN2C(=O)S/C(=C/c3cccs3)C2=O)cc1,7.0223
CN(C)c1ccc(/C=N/NC(=O)c2cc3cc(Br)ccc3[nH]2)cc1,6.9914
O=C(CN1C(=O)S/C(=C2\Nc3ccccc3C2=O)C1=O)Nc1ccccc1,7.1605
COc1ccc(NC(=O)CN2C(=O)S/C(=C3\Nc4ccccc4C3=O)C2=O)cc1,7.0665
O=C1Nc2ccccc2/C1=N\c1ccc(C(=O)NNC(=S)Nc2ccccc2)cc1,7.1079
COc1cc(/C=C2\CCCn3c2nc2c(cnn2C)c3=O)cc(OC)c1OC,7.8801
COc1cc2ncnc(Oc3ccc(NC(=O)C4(C(=O)Nc5ccc(F)cc5)CC4)cc3F)c2c2c1OCCO2,8.4559
COC(C)Oc1cc2ncnc(Oc3ccc(NC(=O)C4(C(=O)Nc5ccc(F)cc5)CC4)cc3)c2c2c1OCCO2,8.0555
COC(C)Oc1cc2ncnc(Oc3ccc(NC(=O)C4(C(=O)Nc5ccc(F)cc5)CC4)cc3F)c2c2c1OCCO2,8.4437
CCOc1ccc(Nc2nnc3c4c(cccc24)NC(=S)N3Cc2ccccc2)cc1,7.5229
Fc1ccc(Nc2nnc3c4c(cccc24)NC(=S)N3Cc2ccccc2)cc1,6.6778
COc1ccc(NC(=O)c2ccc(NC(=O)CSc3nnc4c5nncn5c5ccccc5n34)cc2)cc1,5.4949
O=C(CSc1nnc2c3nncn3c3ccccc3n12)Nc1ccc(C(=O)Nc2cncs2)cc1,5.5086
O=[N+]([O-])c1cccc(-c2nn(-c3ccccc3)cc2C2CC(C3CCCO3)=NN2c2ccccc2)c1,6.0410
CC(=O)N1N=C(C2CCCO2)CC1c1cn(-c2ccccc2)nc1-c1cccc([N+](=O)[O-])c1,6.6576
CC1=NN(c2ccc([N+](=O)[O-])cc2[N+](=O)[O-])C(=O)/C1=C\c1cn(-c2ccccc2)nc1-c1cccc([N+](=O)[O-])c1,6.0840
Cc1ccc2[nH]c(=S)n(-c3ccc(S(=O)(=O)Nc4ccc(Cl)nn4)cc3)c(=O)c2c1,6.6162
O=c1c2cc(Cl)cc(Cl)c2[nH]c(=S)n1-c1ccc(S(=O)(=O)Nc2ccc(Cl)nn2)cc1,6.2708
O=C(CSc1nc2ccccc2c(=O)n1-c1ccc(S(=O)(=O)Nc2ccc(Cl)nn2)cc1)NCCc1ccccc1,6.8356
O=C(CSc1nc2ccccc2c(=O)n1-c1ccc(S(=O)(=O)Nc2ccc(Cl)nn2)cc1)Nc1ccccc1,6.3585
CCCCn1c(SCC(=O)Nc2ccc(S(=O)(=O)Nc3ccc(Cl)nn3)cc2)nc2ccccc2c1=O,6.9666
O=C(CSc1nc2ccccc2c(=O)n1CCc1ccccc1)Nc1ccc(S(=O)(=O)Nc2ccc(Cl)nn2)cc1,7.1805
O=C(CSc1nc2ccccc2c(=O)n1-c1ccccc1)Nc1ccc(S(=O)(=O)Nc2ccc(Cl)nn2)cc1,6.3420
CN1CCN(Cc2ccc(NC(=O)[C@@H]3CCN(c4ccc5ncc(-c6ccccn6)n5n4)C3)cc2C(F)(F)F)CC1,7.1481
O=C(Nc1cc(C(F)(F)F)ccc1N1CCCCC1)c1ccncc1,6.0177
CCc1cc(Nc2nccc(-c3c(-c4ccc(OC)c(C(=O)Nc5c(F)cccc5F)c4)nc4ccccn34)n2)c(OC)cc1N1CCC(N2CCN(S(C)(=O)=O)CC2)CC1,5.4949
CC[C@@H]1CN(C(=O)NCC(F)(F)F)C[C@@H]1c1cnc2cnc3[nH]ccc3n12,5.8239
CCN1CCN(c2ccc(Nc3cc(N(C)C(=O)Nc4c(Cl)c(OC)cc(OC)c4Cl)ncn3)cc2)CC1,6.0278
Cc1ccc(S(=O)(=O)O)cc1.Cn1cc(Nc2nccc(N3CC4CCC(C3)N4C(=O)[C@@H]3CC3(F)F)n2)cn1,5.7959
C/C(=N\NC(=S)Nc1ccccc1)c1nnn(-c2ccc(F)cc2)c1C,7.1739
Cc1ccc2oc(CCCC(=O)Nc3ccc(S(=O)(=O)NC(=O)NC4CCCCC4)cc3)nc2c1,7.1549
N=c1cc(N)nc2sc(NC(=O)c3cccs3)nn12,5.0862
O=C(NC1=NN2C(=O)/C(=C/c3ccco3)N=C2S1)c1cccs1,5.0269
COc1ccc(-c2cc(-c3ccc(C)cc3)nc(NN)n2)cc1,7.0088
C/C(=N\N1C(=O)CNC1=S)c1ccc(O)cc1O,6.0996
CCOC(=O)/C(C#N)=C(\c1ccc(O)cc1)N1CC(=O)N(/N=C(\C)c2ccc(O)cc2O)C1=S,6.2038
Cc1cc(Oc2ncnc3sc4c(c23)CCCCC4)ccc1Cl,5.9101
Cc1c2ccc(Nc3ccnc(Nc4ccc(NC(=O)CCCCCCC(=O)NO)cc4)n3)cc2nn1C,7.7959
Cc1c2ccc(Nc3ccnc(Nc4ccc(OCCCCCCC(=O)NO)cc4)n3)cc2nn1C,7.4949
CCCNNC(=O)c1ccc(Nc2nccc(N(C)c3ccc4c(C)n(C)nc4c3)n2)cc1,7.6021
O=C(CSc1nc2sc3c(c2c(=O)n1-c1ccc(Cl)cc1)CCCC3)NNC(=O)Nc1cccc(C(F)(F)F)c1,6.9547
O=C(CSc1nc2sc3c(c2c(=O)n1-c1ccc(Cl)cc1)CCCC3)NNC(=O)Nc1ccc(Cl)c(C(F)(F)F)c1,7.3098
COCCOc1cc2ncnc(Nc3ccc(NC(=O)CC(=O)Nc4ccc(F)cc4)cc3F)c2c2c1OCCO2,8.3188
COc1ccc(-c2cc(-c3ccc(OC)c(OC)c3)c3c(N)c(C(=O)c4ccc(C)cc4)sc3n2)cc1OC,5.2311
O=C(Nc1ccc(Oc2ccnc(C(=O)NCCCCNC(=O)C3CC4C=CC3C4)c2)cc1)Nc1ccc(Cl)c(C(F)(F)F)c1,6.6381
CCn1c(SCC(=O)Nc2ccc(/C(C)=N/O)cc2)nc2ccccc2c1=O,5.6021
C/C(=N\NC(=O)c1ccccc1O)c1ccc(NC(=O)CSc2nc3ccccc3c(=O)n2-c2ccccc2)cc1,6.4685
O=C(c1ccccc1)n1cc(-c2nc3cc(Cl)ccc3[nH]c2=O)c(=O)[nH]1,6.8416
CCNC(=S)NS(=O)(=O)c1ccc(NC(=O)CSc2cc3ccccc3c(=O)n2CC)cc1,5.5086
O=C(N/N=C/c1ccc(Cl)cc1)c1ccc(Nc2ncnc3sc4c(c23)CCCC4)cc1,6.6383
COc1ccc(-c2cc3c(ccn4nc(-c5cccnc5)nc34)o2)cc1,4.4121
COc1ccc(-c2nc3c4cc(-c5ccc(OC)cc5)oc4ccn3n2)cc1,4.2369
O=C1C(=O)N(CN2CCN(c3cc(=O)[nH]c4ccc(F)cc34)CC2)c2ccccc21,7.1954
O=C(CN1CCN(c2cc(=O)[nH]c3c(-c4ccccc4)cccc23)CC1)Nc1ccc(F)cc1,7.4116
Cc1[nH]c2ncnc(Nc3ccc(NC(=O)Nc4cccc(C(F)(F)F)c4)c(F)c3)c2c1C,7.2807
Cc1ccc(/C=N/n2c(-c3cc4ccccc4[nH]3)n[nH]c2=S)cc1,7.4685
COc1ccc(/C=N/n2c(-c3cc4ccccc4[nH]3)n[nH]c2=S)cc1,7.1938
CNC(=O)c1nc(Nc2ccc(NC(=O)Nc3cccc(C)c3)cc2)c2ccccc2n1,7.9172
CNC(=O)c1nc(Nc2ccc(NC(=O)Nc3cccc(OC)c3)cc2)c2ccccc2n1,4.3947
COc1cc(-c2nc(SCC(=O)Nc3ccc(C(C)=O)cc3)[nH]c(=O)c2C#N)cc(OC)c1OC,3.7018
CCOC(=O)c1ccc(NC(=O)c2ccc(NC(=O)CN3C(=O)S/C(=C\c4ccccc4)C3=O)cc2)cc1,6.6576
Cc1cc(C)nc(NS(=O)(=O)c2ccc(/N=N/c3ccc(C4=NCC(=O)N(C)c5ccc(Cl)cc54)cc3)cc2)n1,10.0000
Cc1cc(NS(=O)(=O)c2ccc(NN=C3C(=O)NNC3=O)cc2)no1,6.8239
Cc1cc(C)nc(NS(=O)(=O)c2ccc(NN=C3C(=O)NNC3=O)cc2)n1,6.8539
CCOC(=O)/C(=N\Nc1ccc(S(=O)(=O)Nc2nc(C)cc(C)n2)cc1)C(=O)NNc1ccccc1,6.8239
CCOC(=O)c1sc(N2N=C(c3ccc(Cl)cc3Cl)CC2c2ccc(OC)cc2)nc1C,7.1057
COc1ccc(C2CC(c3ccc(Cl)cc3Cl)=NN2c2nc(C)c(C(=O)Nc3ccccc3)s2)cc1OC,7.3665
CN1CCC2=C1C1C(=O)NC(c3ccccc3)=NC1S2,6.8996
CCOC(=O)c1c(NC(=S)Nc2cc(C)ccc2Cl)sc2c1N(C)CC2,7.1249
CCOc1cccc2cc(/C(C)=N/Nc3nc(-c4ccccc4)cs3)c(=O)oc12,7.1637
CCOc1cccc2cc(/C(C)=N/Nc3nc(-c4ccc(OC)cc4)cs3)c(=O)oc12,7.4584
CCOc1cccc2cc(/C(C)=N/Nc3nc(-c4ccc(F)cc4)cs3)c(=O)oc12,7.4935
C/C(=N\NC(=S)Nc1ccc(Br)cc1)c1cc2ccccc2oc1=O,7.0862
CCN(CC)CCNC(=O)c1c(C)[nH]c(/C=C2\C(=O)Nc3ccc(F)cc32)c1C.O=C(O)C[C@H](O)C(=O)O,7.0969
CNC(=O)c1c(C)oc2cc(Oc3ncnc4cc(OC)c(OC)cc34)ccc12,9.4559
CC(=O)/C(=N\Nc1ccccc1)Sc1nnc(-c2cc3ccccc3[nH]2)n1/N=C/c1ccc(C)cc1,7.1249
CCOC(=O)/C(=N\Nc1ccccc1)Sc1nnc(-c2cc3ccccc3[nH]2)n1/N=C/c1ccc(OC)cc1,7.1135
COC(=O)C(CCSC)NC(=O)CCNC(=O)c1cc2ccccc2oc1=O,4.6271
COC(=O)C(Cc1ccc(O)cc1)NC(=O)c1cc2ccccc2oc1=O,4.4660
CC1SC(N2N=C(c3cc4ccccc4oc3=O)CC2c2ccc(N(C)C)cc2)=NC1=O,7.4685
Cc1nc(N2N=C(c3cc4ccccc4oc3=O)CC2c2ccc(N(C)C)cc2)sc1/N=N/c1ccc(Cl)cc1,7.4685
C=c1[nH]c2ccc(Br)cc2/c1=C/c1cc2c([nH]1)CN(CCN(CC)CC)C2=O,4.6038
O=C(CN1CCCCC1)Nc1cccc(-c2cc3ccccc3[nH]2)c1,5.9431
Cc1cc(NS(=O)(=O)c2ccc(N3C(=O)/C(=C/c4c[nH]c5ccccc45)N=C3c3ccccc3)cc2)no1,7.1549
Cc1cc(NS(=O)(=O)c2ccc(N3C(=O)/C(=C/c4c[nH]c5ccccc45)N=C3c3ccc(Cl)cc3)cc2)no1,5.7932
CCOC(=O)c1c(C)oc2ncnc(Oc3ccc(NC(=O)Nc4ccc(C)c(Cl)c4)cc3)c12,6.9136
N=c1c2cc(-c3ccccc3)oc2ncn1/N=C/c1ccc(Br)cc1,7.3830
CN(C)c1ccc(/C=C2\N=C(c3ccccc3)N(c3ccc(S(N)(=O)=O)cc3)C2=O)cc1,6.6990
Cc1cc(NS(=O)(=O)c2ccc(N3C(=O)/C(=C/c4ccc(N(C)C)cc4)N=C3c3ccccc3)cc2)no1,6.8539
CN(C)c1ccc(/C=C2\N=C(c3ccc(Cl)cc3)N(c3ccc(S(N)(=O)=O)cc3)C2=O)cc1,7.0000
CN(C)c1ccc(/C=C2\N=C(c3ccc(Cl)cc3)N(c3ccc(S(=O)(=O)NC(=N)N)cc3)C2=O)cc1,6.7959
Cc1cc(NS(=O)(=O)c2ccc(N3C(=O)/C(=C/c4ccc(N(C)C)cc4)N=C3c3ccc(Cl)cc3)cc2)no1,6.9586
CN(C)c1ccc(/C=C2\N=C(c3ccc(Cl)cc3)N(c3ccc(S(=O)(=O)Nc4nccs4)cc3)C2=O)cc1,7.0000
CN(C)c1ccc(/C=C2\N=C(c3ccc(Cl)cc3)N(c3ccc(S(=O)(=O)Nc4ncccn4)cc3)C2=O)cc1,7.1549
CN(C)c1ccc(/C=C2\N=C(c3ccccc3)N(c3ccc(C(=O)OCC(=O)Nc4ccc(S(N)(=O)=O)cc4)cc3)C2=O)cc1,7.6990
CN(C)c1ccc(/C=C2\N=C(c3ccc(Cl)cc3)N(c3ccc(C(=O)OCC(=O)Nc4ccc(S(N)(=O)=O)cc4)cc3)C2=O)cc1,6.4437
CN(C)c1ccc(/C=C2\N=C(c3ccc(Cl)cc3)N(c3ccc(C(=O)OCC(=O)Nc4ccc(S(=O)(=O)Nc5nccs5)cc4)cc3)C2=O)cc1,6.9586
COC(=O)c1ccc2c(c1)NC(=O)/C2=C(\Nc1ccc2c(c1)CCN2C(=O)CN1CCOCC1)c1ccccc1,6.9586
CN1CCN([C@H]2CC(F)(F)c3cc(NC(=O)c4ccc(F)c(C#Cc5cncc(N6CCOCC6)c5)c4)ccc32)CC1,8.3279
CN1CCN([C@H]2CC(F)(F)c3cc(NC(=O)c4ccc(F)c(C#Cc5cncc(N6CCC6)c5)c4)ccc32)CC1,8.1249
Cc1c2ccc(N(C)c3ccnc(Nc4ccc(NC(=O)CCCCCCC(=O)NO)cc4)n3)cc2nn1C,7.7959
Cc1ccccc1-c1c[nH]c2ccnc(Nc3ccc(Oc4ccnc5cc(OCC(C)(C)O)ccc45)c(F)c3)c2c1=O,7.3134
Cc1cccc(-c2c[nH]c3ccnc(Nc4ccc(Oc5ccnc6cc(OCC(C)(C)O)ccc56)c(F)c4)c3c2=O)c1,7.4660
Cc1ccc(-c2c[nH]c3ccnc(Nc4ccc(Oc5ccnc6cc(OCC(C)(C)O)ccc56)c(F)c4)c3c2=O)cc1,7.2056
Cc1ccc(-c2c[nH]c3ccnc(Nc4ccc(Oc5ccnc6cc(OCC(C)(C)O)ccc56)c(F)c4)c3c2=O)cc1C,7.0640
CCc1ccc(-c2c[nH]c3ccnc(Nc4ccc(Oc5ccnc6cc(OCC(C)(C)O)ccc56)c(F)c4)c3c2=O)cc1,6.7852
COc1ccc(-c2c[nH]c3ccnc(Nc4ccc(Oc5ccnc6cc(OCC(C)(C)O)ccc56)c(F)c4)c3c2=O)cc1,7.2255
CC(C)(O)COc1ccc2c(Oc3ccc(Nc4nccc5[nH]cc(-c6ccc(Cl)cc6)c(=O)c45)cc3F)ccnc2c1,7.2020
CC(C)(O)COc1ccc2c(Oc3ccc(Nc4nccc5[nH]cc(-c6ccc(Br)cc6)c(=O)c45)cc3F)ccnc2c1,7.1186
COc1cc2nccc(Oc3ccc(Nc4nccc5[nH]cc(-c6cccc(C)c6)c(=O)c45)cc3F)c2cc1OC,7.7447
COc1cc2nccc(Oc3ccc(Nc4nccc5[nH]cc(-c6ccc(F)cc6)c(=O)c45)cc3F)c2cc1OC,7.0334
COc1cc2ncnc(Oc3ccc(Nc4nccc5[nH]cc(-c6cccc(C)c6)c(=O)c45)cc3F)c2cc1OC,6.4439
COc1cc2ncnc(Oc3ccc(Nc4nccc5[nH]cc(-c6ccc(C)cc6)c(=O)c45)cc3F)c2cc1OC,6.3477
N#Cc1c(-c2ccccc2)cc(-c2ccc(NC(=O)Nc3ccccc3)cc2)nc1O,6.1249
N#Cc1c(-c2ccc(Cl)cc2)cc(-c2ccc(NC(=O)Nc3ccccc3)cc2)nc1O,5.8013
N#Cc1c(-c2ccc(Br)cc2)cc(-c2ccc(NC(=O)Nc3ccccc3)cc2)nc1O,5.9318
Cc1ccc(-c2cc(-c3ccc(NC(=O)Nc4ccccc4)cc3)nc(O)c2C#N)cc1,6.5086
COc1ccc(-c2cc(-c3ccc(NC(=O)Nc4ccccc4)cc3)nc(O)c2C#N)cc1,5.9586
N#Cc1c(-c2ccc([N+](=O)[O-])cc2)cc(-c2ccc(NC(=O)Nc3ccccc3)cc2)nc1O,7.4559
N#Cc1c(-c2cccc(Cl)c2Cl)cc(-c2ccc(NC(=O)Nc3ccccc3)cc2)nc1O,6.0362
N#Cc1c(-c2ccc(Cl)cc2Cl)cc(-c2ccc(NC(=O)Nc3ccccc3)cc2)nc1O,6.0655
N#Cc1c(-c2ccc(Cl)c(Cl)c2)cc(-c2ccc(NC(=O)Nc3ccccc3)cc2)nc1O,5.8477
N#Cc1c(-c2cc(Br)c(O)c(Br)c2)cc(-c2ccc(NC(=O)Nc3ccccc3)cc2)nc1O,6.5376
COc1cc(-c2cc(-c3ccc(NC(=O)Nc4ccccc4)cc3)nc(O)c2C#N)cc(OC)c1OC,6.4949
N#Cc1c(-c2ccc3ccccc3c2)cc(-c2ccc(NC(=O)Nc3ccccc3)cc2)nc1O,5.8013
N#Cc1c(-c2cccnc2)cc(-c2ccc(NC(=O)Nc3ccccc3)cc2)nc1O,6.0706
N#Cc1c(-c2c[nH]c3ccccc23)cc(-c2ccc(NC(=O)Nc3ccccc3)cc2)nc1O,7.6198
Cc1nc2ccccc2n(CC(=O)Nc2ccc(C(=O)Nc3cccc(Cl)c3)cc2)c1=O,8.5686
O=C1Nc2ccccc2/C1=C/c1ccc(OCC(=O)c2ccc(Br)cc2)cc1,5.2403
C[C@@H](Oc1ccc2[nH]nc(-c3ccc(N4CC5(C4)CN(S(C)(=O)=O)C5)nc3)c2c1)c1c(Cl)cncc1Cl,6.4881
O=C(N/N=C/c1ccccc1Cl)c1ccc(Nc2nc3ccccc3c3nncn23)cc1,7.2691
O=C(Cc1ccccc1F)Nc1cccc(Sc2ccc3c(/C=C/c4ccccn4)n[nH]c3c2)c1,8.9066
Cc1cc2cc(Oc3ccnc(Nc4cccc(CS(=O)(=O)NCCN(C)C)c4)n3)ccc2[nH]1,8.3099
Cc1ccc2oc(-c3c4c(N)n[nH]c(=O)c4nn3-c3ccc(NC(=O)/C=C/CN(C)C)cc3)c(C)c2c1,8.7212
COc1cccc(C(=O)Nc2cccc(Sc3ccc4c(NC(C)=O)n[nH]c4c3)c2)c1,7.9872
Cc1cc(C)c(/C=C2/C(=O)Nc3ccccc32)[nH]1,7.3979
C=C1C(=O)O[C@H]2C[C@H](C)C(/C=C/C(C)=O)=CC[C@H]12,6.4202
COc1cc2c(Oc3ccc4[nH]c(C)cc4c3F)ccnc2cc1OCC1(N)CC1,9.6990
Cc1nnc2c(Oc3ccc(NC(=O)C4=C(C(F)(F)F)C(c5ccc(Cl)cc5)C=C4)cc3F)nccn12,5.5850
NS(=O)(=O)c1ccc(-n2c(SCC(=O)N/N=C/c3ccc(Cl)cc3Cl)nc3cc4ccccc4cc3c2=O)cc1,6.1938
COc1cccc(N2CCN(CC(O)COc3ncnc4ccccc34)CC2)c1,8.5391
COc1cc2ncnc(Nc3ccsc3C(=O)Nc3ccc(F)c(Cl)c3)c2cc1OC,7.0605
CCCNC(=O)Nc1ccc(Nc2ncnc3cc(OC)c(OC)cc23)cc1Cl,6.7959
O=C(Cn1c(=O)c2ccccc2n(Cc2ccccc2)c1=O)Nc1ccc(C(=O)N/N=C/c2ccc(Cl)cc2)cc1,6.9208
O=C(Nc1ccc(-c2ccc3c(=O)[nH]cnc3c2)cc1)Nc1ccc(F)c(F)c1,9.1135
CCn1c(SCCCN2C(=O)c3ccccc3C2=O)nc2cc3ccccc3cc2c1=O,4.3526
COc1cc2nc(-c3ccccc3)n(-c3nnc(-c4ccc(Cl)cc4)s3)c(=O)c2cc1OC,8.4202
O=[N+]([O-])c1ccc(COc2ncnc3ccc([N+](=O)[O-])cc23)cc1,8.3270
COc1cc2ncnc(Nc3ccncc3C(=O)NCc3cccs3)c2cc1OC,7.7696
O=C(Nc1ccc(Oc2nc(Cl)nc3ccccc23)cc1)c1cccnc1,7.2218
CC(C(=O)Nc1ccc(S(N)(=O)=O)cc1)N1CCCC(C(=O)N/N=C2\C(=O)Nc3ccccc32)C1,6.6904
COc1ccc2c(c1)NC(=O)/C2=N\NC(=O)C1CCCN(C(C)C(=O)Nc2ccc(S(N)(=O)=O)cc2)C1,6.4461
NS(=O)(=O)c1ccc(NC(=O)CN2CCC(C(=O)N/N=C3\C(=O)Nc4ccc(F)cc43)CC2)cc1,6.0910
O=C(CN1C(=O)S/C(=C2/C(=O)Nc3ccccc32)C1=O)Nc1ccccc1,7.1605
COc1nc(F)ccc1CNc1ccc(Cc2c[nH]c3ncc(C)cc23)c(F)n1,5.9586
NCCCNc1nc(-c2ccc(N3CCOCC3)cc2)cc2nccnc12,5.8292
c1cnc2c(NC[C@H]3CCCNC3)nc(-c3ccc(N4CCOCC4)cc3)cc2n1,6.4782
FC1(F)CCNC[C@H]1CNc1nc(-c2ccc(N3CCOCC3)cc2)cc2nccnc12,6.5988
c1cnc2c(NC[C@@H]3CNCCO3)nc(-c3ccc(N4CCOCC4)cc3)cc2n1,6.0280
Fc1cc(-c2cc3nccnc3c(NC[C@@H]3CNCCO3)n2)ccc1N1CCOCC1,6.2130
Clc1cc(-c2cc3nccnc3c(NC[C@@H]3CNCCO3)n2)ccc1N1CCOCC1,6.1091
N#Cc1cc(-c2cc3nccnc3c(NC[C@@H]3CNCCO3)n2)ccc1N1CCOCC1,5.5487
c1cnc2c(NCC3CNCCS3)nc(-c3ccc(N4CCOCC4)cc3)cc2n1,6.3126
CC(=O)N1CCN(c2ccc(-c3cc4nccnc4c(NC[C@@H]4CNCCO4)n3)cc2)CC1,6.0227
CC(=O)N1CCN(c2ccc(-c3cc4nccnc4c(NC[C@@H]4CNCCO4)n3)cc2F)CC1,6.0268
CS(=O)(=O)N1CCN(c2ccc(-c3cc4nccnc4c(NC[C@@H]4CNCCO4)n3)cc2)CC1,6.1640
CS(=O)(=O)N1CCN(c2ccc(-c3cc4nccnc4c(NC[C@@H]4CNCCO4)n3)cc2F)CC1,5.6765
c1cnc2c(NC[C@@H]3CNCCO3)nc(-c3ccc(C4CCOCC4)cc3)cc2n1,6.1263
CC(=O)N1CCC(c2ccc(-c3cc4nccnc4c(NC[C@@H]4CNCCO4)n3)cc2F)CC1,6.5800
CS(=O)(=O)N1CCC(c2ccc(-c3cc4nccnc4c(NC[C@@H]4CNCCO4)n3)cc2)CC1,5.8342
CS(=O)(=O)N1CCC(c2ccc(-c3cc4nccnc4c(NC[C@@H]4CNCCO4)n3)cc2F)CC1,6.1798
OC1CNC[C@H](CNc2nc(-c3ccc(N4CCOCC4)cc3)cc3nccnc23)C1,5.9914
C=CC(=O)Nc1cc2c(Nc3ccc(F)c(Cl)c3)ncnc2cc1OCCCN1CCOCC1,4.6038
Cc1[nH]c(/C=C2/C(=O)Nc3ccc(S(=O)(=O)N(C)c4cccc(Cl)c4)cc32)c(C)c1C(=O)N1CCN(C)CC1,5.8861
N#Cc1cnc(Nc2cc(NC[C@H]3CNCCO3)c(C(F)(F)F)cn2)cn1,5.6778
C=CC(=O)Nc1ccc2ncn(-c3cncc(Nc4ccccc4)n3)c2c1,6.2596
COc1cc2ncc(C#N)c(Nc3ccc(OCc4ccccn4)c(Cl)c3)c2cc1NC(=O)/C=C/CN(C)C,6.0969
CNC(=O)c1cc(Oc2ccc(NC(=O)Nc3cc(C(C)(C)C)nn3-c3ccc4ncccc4c3)c(F)c2)ccn1,8.3979
COc1cc(N2CCC(N3CCN(C)CC3)CC2)ccc1Nc1ncc(Cl)c(Nc2ccccc2P(C)(C)=O)n1,6.0883
O=C1c2ccccc2-c2n[nH]c3cccc1c23,5.5331
COc1ccc(S(=O)(=O)Nc2ccccc2CN(C)C/C=C/c2ccc(Cl)cc2)cc1,5.0000
