SMILES,pIC50
CC(c1ccccc1)N1CC[C@H]1[C@@H](N)c1cccc(Cl)c1,5.3873
CCCCCCC(c1ccccc1)N1CC[C@H]1[C@@H](N)c1cccc(Cl)c1,5.7111
NC(=O)[C@@H]1CCN(C(=O)Cc2ccc(Cl)c(Cl)c2)[C@H](CN2CCCC2)C1,5.9208
COC(=O)/C=C1\CCN(CC2CCCCN2C(=O)Cc2ccc(Cl)c(Cl)c2)C1,5.9914
Cc1ccc(C(c2ccc(C)cc2)N2CC[C@H]2[C@H](N)c2cccc(Cl)c2)cc1,5.7349
CCCCC(c1cccc(F)c1)N1CC[C@H]1[C@H](N)c1cccc(Cl)c1,5.6708
O=C(Cc1ccc(Cl)c(Cl)c1)N1CCCCC1CN1CC=CC1,8.4559
O=C1CCN(C(=O)Cc2ccc(Cl)c(Cl)c2)C(CN2CCCC2)C1,7.3372
O=C(Cc1ccc(Cl)c(Cl)c1)N1CCC2(CC1CN1CCCC1)SCCS2,8.3010
COc1ccc([C@H](N)[C@@H]2CCN2C(c2ccccc2)c2ccccc2)cc1,5.8726
N[C@H](c1cccc(Cl)c1)[C@@H]1CCN1C(c1ccc(F)cc1)c1ccc(F)cc1,5.6498
CCCCC(c1ccccc1)N1CC[C@H]1[C@@H](N)c1cccc(Cl)c1,5.4337
CCCCC(c1ccccc1)N1CC[C@H]1[C@H](N)c1cccc(Cl)c1,5.4645
O=C1CC[C@@H](CN2CCCC2)N(C(=O)Cc2ccc(Cl)c(Cl)c2)C1,6.4089
O=C(Cc1ccc(Cl)c(Cl)c1)N1CCCCC1CN1CCC(O)C1,9.0555
O=C(Cc1ccc(Cl)c(Cl)c1)N1CCC[C@H](O)[C@H]1CN1CCCC1,6.0132
N[C@H](c1cccc(Cl)c1)[C@@H]1CCN1C(c1cccc(Cl)c1)c1cccc(Cl)c1,5.2192
COCCC1CC2CN3CCc4c([nH]c5ccccc45)C(C(=O)OC)(C2)C13.Cl,5.2924
C=CCN1C[C@H](C)N([C@H](c2ccc(C(=O)N(CC)CC)cc2)c2cccc(OC)c2)C[C@H]1C,5.4516
CCCCN1CCC(=C(c2ccccc2)c2ccc(C(=O)N(CC)CC)cc2)CC1,5.3696
O=C(Cc1ccc(Cl)c(Cl)c1)N1CC[C@H](O)C[C@H]1CN1CCCC1,5.8539
C[C@H]1CCC[C@@H](CN2CCCC2)N1C(=O)Cc1ccc(Cl)c(Cl)c1,8.7696
COC(=O)C1=CCCN(CC2CCCCN2C(=O)Cc2ccc(Cl)c(Cl)c2)C1,7.8239
O=C(Cc1ccc(Cl)c(Cl)c1)N1CCC2(CC1CN1CCCC1)OCCO2,10.0000
C[C@@H]1CCC[C@@H](CN2CCCC2)N1C(=O)Cc1ccc(Cl)c(Cl)c1,7.2441
N[C@@H](c1ccc(Cl)cc1)[C@@H]1CCN1C(c1ccccc1)c1ccccc1,6.2168
CCCCC(c1cc(F)cc(F)c1)N1CC[C@H]1[C@@H](N)c1cccc(Cl)c1,5.1879
CCN(CC)C(=O)c1ccc(C(=C2CCNCC2)c2ccccc2)cc1,5.1267
CCN(CC)C(=O)c1ccc(C(=C2CCNCC2)c2c(C)cccc2C)cc1,5.5834
CCN(CC)C(=O)c1ccc(C(=C2CCN(c3ccccc3)CC2)c2ccccc2)cc1,5.5003
C=C1CCN(CC2CCCCN2C(=O)Cc2ccc(Cl)c(Cl)c2)CC1,6.2596
O=C(Cc1ccc(Cl)c(Cl)c1)N1CC[C@@H](O)C[C@H]1CN1CCCC1,6.9208
CN(C(=O)Cc1ccc(Cl)c(Cl)c1)C1CCCCC1N1CCCC1,8.5376
N[C@H](c1cccc(C(F)(F)F)c1)[C@H]1CCN1C(c1ccccc1)c1ccccc1,6.1931
CCC(c1ccccc1)N1CC[C@H]1[C@H](N)c1cccc(Cl)c1,5.1125
CCCC(c1ccccc1)N1CC[C@H]1[C@@H](N)c1cccc(Cl)c1,5.5319
O=C(Cc1ccc(Cl)c(Cl)c1)N1CC2(CC[C@H]1CN1CCCC1)OCCO2,6.7959
C=CCN1CCC(=C(c2ccccc2)c2ccc(C(=O)N(CC)CC)cc2)CC1,5.6402
CCCCCC(c1ccccc1)N1CC[C@H]1[C@@H](N)c1cccc(Cl)c1,5.4077
CCCCC(c1cccc(F)c1)N1CC[C@H]1[C@@H](N)c1cccc(Cl)c1,5.3846
COC(=O)[C@@H]1CCN(C(=O)Cc2ccc(Cl)c(Cl)c2)[C@H](CN2CCCC2)C1,6.6021
N[C@@H](c1cccc(C(F)(F)F)c1)[C@@H]1CCN1C(c1ccccc1)c1ccccc1,5.6173
Cc1ccc([C@H](N)[C@@H]2CCN2C(c2ccccc2)c2ccccc2)cc1,6.1805
CCN(CC)C(=O)c1ccc(C(=C2CCNCC2)c2ccc(Cl)c(Cl)c2)cc1,5.4123
O=C(Cc1ccc(Cl)c(Cl)c1)N1[C@@H](CO)CCC[C@H]1CN1CCCC1,5.6576
CCCCC(CCCC)N1CC[C@H]1[C@@H](N)c1cccc(Cl)c1,5.3704
N[C@H](c1cccc(Cl)c1)[C@@H]1CCN1C(c1cccc(F)c1)c1cccc(F)c1,5.4519
CCCCCC(c1ccccc1)N1CC[C@H]1[C@H](N)c1cccc(Cl)c1,5.5239
CCCCC(c1cc(F)cc(F)c1)N1CC[C@H]1[C@H](N)c1cccc(Cl)c1,5.3748
CCC(c1ccccc1)N1CC[C@H]1[C@@H](N)c1cccc(Cl)c1,4.8817
CCN(CC)C(=O)c1ccc(C(=C2CCN(CC3CC3)CC2)c2ccccc2)cc1,5.2118
N#C/C=C1\CCN(CC2CCCCN2C(=O)Cc2ccc(Cl)c(Cl)c2)C1,6.1612
COC(=O)[C@@H]1CCC[C@@H](CN2CCCC2)N1C(=O)Cc1ccc(Cl)c(Cl)c1,6.9586
CCN(CC)C(=O)c1ccc(C(=C2CCNCC2)c2cccc3ccccc23)cc1,5.7799
CCN(CC)C(=O)c1ccc(C(=C2CCN(C3CCCCC3)CC2)c2ccccc2)cc1,5.8761
CCN(CC)C(=O)c1ccc(C(=C2CCN(CC=C(C)C)CC2)c2ccccc2)cc1,6.0088
Cc1ccc([C@H](N)[C@@H]2CCN2C(c2ccccc2)c2ccccc2)cc1F,6.8239
N[C@@H](c1cc(F)cc(F)c1)[C@@H]1CCN1C(c1ccccc1)c1ccccc1,5.3963
CCCCCCC(c1ccccc1)N1CC[C@H]1[C@H](N)c1cccc(Cl)c1,5.5444
COC(=O)/C=C1/CCN(CC2CCCCN2C(=O)Cc2ccc(Cl)c(Cl)c2)C1,8.3279
N[C@H](c1cccc(Cl)c1)[C@@H]1CCN1C(c1ccc(Cl)cc1)c1ccc(Cl)cc1,5.4880
N[C@H](c1cccc(Cl)c1)[C@@H]1CCN1C(c1ccc(Br)cc1)c1ccc(Br)cc1,5.8286
CN(C)CC1CCCCN1C(=O)Cc1ccc(Cl)c(Cl)c1,6.9914
O=C(Cc1ccc(Cl)c(Cl)c1)N1CCCCC1CN1CC=CCC1,8.2007
COC(=O)[C@H]1CC[C@@H](CN2CCCC2)N(C(=O)Cc2ccc(Cl)c(Cl)c2)C1,6.5229
N[C@@H](c1cccc(Cl)c1)[C@@H]1CCN1C(c1ccccc1)c1ccccc1,5.9094
O=C1CCN(CC2CCCCN2C(=O)Cc2ccc(Cl)c(Cl)c2)C1,9.6990
O=C(Cc1ccc(Cl)c(Cl)c1)N1CCCCC1CN1CCCO1,7.1612
C=C1CCN(CC2CCCCN2C(=O)Cc2ccc(Cl)c(Cl)c2)C1,7.5376
O=C(Cc1ccc(Cl)c(Cl)c1)N1CCCCC1CN1CCCCC1,6.5850
N[C@@H](c1ccc(Oc2ccccc2)cc1)[C@@H]1CCN1C(c1ccccc1)c1ccccc1,5.5572
CCN(CC)C(=O)c1ccc(C(=C2CCNCC2)c2cccc(C(F)(F)F)c2)cc1,5.2716
N#C/C=C1/CCN(CC2CCCCN2C(=O)Cc2ccc(Cl)c(Cl)c2)C1,9.9208
N[C@@H](c1cccc(F)c1)[C@@H]1CCN1C(c1ccccc1)c1ccccc1,6.0013
O=C(Cc1ccc(Cl)c(Cl)c1)N1CCCCC1CN1CCCC1,7.9586
O=C(Cc1ccc(Cl)c(Cl)c1)N1CCC[C@@H](O)[C@H]1CN1CCCC1,6.2291
CCCC(c1ccccc1)N1CC[C@H]1[C@H](N)c1cccc(Cl)c1,5.1444
CCN(CC)C(=O)c1ccc(C(=C2CCNCC2)c2ccc(Cl)cc2)cc1,5.0788
O=C1CCCN(C(=O)Cc2ccc(Cl)c(Cl)c2)C1CN1CCCC1,5.6990
CC[C@H](C)[C@H](NC(=O)[C@H](CCCN=C(N)N)NC(=O)[C@H](CCCN=C(N)N)NC(=O)[C@H](CC(C)C)NC(=O)[C@H](Cc1ccccc1)NC(=O)CNC(=O)CNC(=O)[C@@H](N)Cc1ccc(O)cc1)C(=O)O,8.3372
CC(C)C[C@H](NC(=O)[C@H](Cc1ccccc1)NC(=O)[C@@H]1CCCN1C(=O)CNC(=O)[C@@H](N)Cc1ccc(O)cc1)C(=O)N[C@@H](CCCN=C(N)N)C(=O)N[C@@H](CCCN=C(N)N)C(=O)N[C@@H](CCCN=C(N)N)C(=O)N[C@@H](CCCN=C(N)N)C(=O)N1CCC[C@@H]1C(=O)N[C@@H](CCCCN)C(N)=O,7.9125
CC[C@H](C)[C@H](NC(=O)[C@H](CCCN=C(N)N)NC(=O)[C@H](CCCN=C(N)N)NC(=O)[C@H](CC(C)C)NC(=O)[C@H](Cc1ccccc1)NC(=O)[C@@H]1CCCN1C(=O)CNC(=O)[C@@H](N)Cc1ccc(O)cc1)C(=O)N[C@@H](CCCN=C(N)N)C(=O)N1CCC[C@@H]1C(=O)N[C@@H](CCCCN)C(N)=O,6.7959
CC(C)C[C@H](NC(=O)[C@H](Cc1ccccc1)NC(=O)[C@@H]1CCCN1C(=O)CNC(=O)[C@@H](N)Cc1ccc(O)cc1)C(=O)N[C@@H](CCCN=C(N)N)C(N)=O,5.2518
CC[C@H](C)[C@H](NC(=O)[C@H](CCCN=C(N)N)NC(=O)[C@H](CCCN=C(N)N)NC(=O)[C@H](CC(C)C)NC(=O)[C@H](Cc1ccccc1)NC(=O)[C@@H]1CCCN1C(=O)CNC(=O)[C@@H](N)Cc1ccc(O)cc1)C(=O)N[C@@H](CCCN=C(N)N)C(=O)N1CCC[C@@H]1C(=O)N[C@@H](CCCCN)C(=O)O,7.3799
CC[C@H](C)[C@H](NC(=O)[C@H](CCCN=C(N)N)NC(=O)[C@H](CCCN=C(N)N)NC(=O)[C@H](CC(C)C)NC(=O)[C@H](Cc1ccccc1)NC(=O)CNC(=O)CNC(=O)[C@@H](N)Cc1ccc(O)cc1)C(=O)N[C@@H](CCCN=C(N)N)C(=O)N1CCC[C@@H]1C(=O)O,9.4559
CC[C@H](C)[C@H](NC(=O)[C@H](CCCN=C(N)N)NC(=O)[C@H](CCCN=C(N)N)NC(=O)[C@H](CC(C)C)NC(=O)[C@H](Cc1ccccc1)NC(=O)[C@@H]1CCCN1C(=O)CNC(=O)[C@@H](N)Cc1ccc(O)cc1)C(=O)N[C@@H](CCCN=C(N)N)C(=O)N[C@H](CCCN=C(N)N)C(=O)N[C@@H](CCCCN)C(N)=O,7.6540
CC(C)C[C@H](NC(=O)[C@H](Cc1ccccc1)NC(=O)[C@@H]1CCCN1C(=O)CNC(=O)[C@@H](N)Cc1ccc(O)cc1)C(=O)N[C@@H](CCCN=C(N)N)C(=O)N[C@@H](CCCN=C(N)N)C(N)=O,7.2197
CC[C@H](C)[C@H](NC(=O)[C@H](CCCN=C(N)N)NC(=O)[C@H](CCCN=C(N)N)NC(=O)[C@H](CC(C)C)NC(=O)[C@H](Cc1ccccc1)NC(=O)[C@@H]1CCCN1C(=O)CNC(=O)[C@@H](N)Cc1ccc(O)cc1)C(N)=O,7.1002
CC[C@H](C)[C@H](NC(=O)[C@H](CCCN=C(N)N)NC(=O)[C@H](CCCN=C(N)N)NC(=O)[C@H](CC(C)C)NC(=O)[C@H](Cc1ccccc1)NC(=O)[C@@H]1CCCN1C(=O)CNC(=O)[C@@H](N)Cc1ccc(O)cc1)C(=O)N[C@@H](CCCN=C(N)N)C(N)=O,7.9706
CC[C@H](C)[C@H](NC(=O)[C@H](CCCN=C(N)N)NC(=O)[C@H](CCCN=C(N)N)NC(=O)[C@H](CC(C)C)NC(=O)[C@H](Cc1ccccc1)NC(=O)[C@@H]1CCCN1C(=O)CNC(=O)[C@@H](N)Cc1ccc(O)cc1)C(=O)N[C@@H](CCCN=C(N)N)C(=O)N1CCC[C@@H]1C(N)=O,8.0000
CC[C@H](C)[C@H](NC(=O)[C@H](CCCN=C(N)N)NC(=O)[C@H](CCCN=C(N)N)NC(=O)[C@H](CC(C)C)NC(=O)[C@H](Cc1ccccc1)NC(=O)CNC(=O)CNC(=O)[C@@H](N)Cc1ccc(O)cc1)C(=O)N[C@@H](CCCN=C(N)N)C(=O)N1CCC[C@H]1C(=O)N[C@@H](CCCCN)C(N)=O,9.9050
CC[C@H](C)[C@H](NC(=O)[C@H](CCCN=C(N)N)NC(=O)[C@H](CCCN=C(N)N)NC(=O)[C@H](CC(C)C)NC(=O)[C@H](Cc1ccccc1)NC(=O)CNC(=O)CNC(=O)[C@@H](N)Cc1ccc(O)cc1)C(=O)N[C@@H](CCCN=C(N)N)C(=O)N1CCC[C@@H]1C(=O)N[C@@H](CCCCN)C(=O)N[C@@H](CC(C)C)C(=O)N[C@@H](CCCCN)C(=O)O,9.6383
Oc1ccc2c3c1O[C@H]1c4[nH]c5c(c4C[C@@]4(O)[C@@H](C2)N(CC2CC2)CC[C@]314)C[C@@]1(O)[C@H]2Cc3ccc(O)c4c3[C@@]1(CCN2CC1CC1)[C@H]5O4,9.5528
CC[C@H](C)[C@H](NC(=O)[C@H](CCCN=C(N)N)NC(=O)[C@H](CCCN=C(N)N)NC(=O)[C@H](CC(C)C)NC(=O)[C@H](Cc1ccccc1)NC(=O)[C@@H]1CCCN1C(=O)CNC(=O)[C@@H](N)Cc1ccc(O)cc1)C(=O)N[C@@H](CCCN=C(N)N)C(=O)N[C@H](CCCN=C(N)N)C(N)=O,7.1847
CC[C@H](C)[C@H](NC(=O)[C@H](CCCN=C(N)N)NC(=O)[C@H](CCCN=C(N)N)NC(=O)[C@H](CC(C)C)NC(=O)[C@H](Cc1ccccc1)NC(=O)CNC(=O)CNC(=O)[C@@H](N)Cc1ccc(O)cc1)C(=O)N[C@@H](CCCN=C(N)N)C(=O)O,9.0540
CC(C)C[C@H](NC(=O)[C@H](Cc1ccccc1)NC(=O)CNC(=O)CNC(=O)[C@@H](N)Cc1ccc(O)cc1)C(=O)N[C@@H](CCCN=C(N)N)C(=O)O,6.6284
C=CCN1CC[C@]23c4c5ccc(O)c4O[C@H]2C(=O)CC[C@@]3(O)[C@H]1C5,8.0000
CC(C)C[C@H](NC(=O)[C@H](Cc1ccccc1)NC(=O)[C@@H]1CCCN1C(=O)CNC(=O)[C@@H](N)Cc1ccc(O)cc1)C(=O)N[C@@H](CCCN=C(N)N)C(=O)N[C@@H](CCCN=C(N)N)C(=O)N[C@@H](CCCN=C(N)N)C(N)=O,6.7889
CC(C)C[C@H](NC(=O)[C@H](Cc1ccccc1)NC(=O)CNC(=O)CNC(=O)[C@@H](N)Cc1ccc(O)cc1)C(=O)N[C@@H](CCCN=C(N)N)C(=O)N[C@@H](CCCN=C(N)N)C(=O)O,8.4714
CCC(=O)NCCc1ccc2[nH]c3c(c2c1)C[C@@]1(O)C2Cc4ccc(O)c5c4[C@@]1(CCN2CC1CC1)[C@H]3O5,8.8041
CCCCC(=N)NCCc1ccc2[nH]c3c(c2c1)C[C@@]1(O)C2Cc4ccc(O)c5c4[C@@]1(CCN2CC1CC1)[C@H]3O5,9.5229
COc1cc(/C=C/C(=O)N2CCC(n3c(O)nc4ccccc43)CC2)c([N+](=O)[O-])cc1OC,5.3947
O=C(OCc1cc2c(cc1[N+](=O)[O-])OCO2)N1CCC2(CC1)C(=O)NCN2c1ccccc1,5.2950
O=C(OCc1ccc2nsnc2c1)N1CCC2(CC1)C(=O)NCN2c1ccccc1,5.8297
CCCCNC(=O)NCCc1ccc2[nH]c3c(c2c1)C[C@@]1(O)C2Cc4ccc(O)c5c4[C@@]1(CCN2CC1CC1)[C@H]3O5,8.1986
O=C(OCc1cccc(Oc2ccccc2)c1)N1CCC2(CC1)C(=O)NCN2c1ccccc1,5.7423
CC(C)C1CCC(N2CCC(N3C(=O)N[C@@H]4CCCC[C@H]43)CC2)CC1,5.2068
O=[N+]([O-])c1cc2c(cc1CN1CCC(n3c(O)nc4ccccc43)CC1)OCO2,7.4318
O=[N+]([O-])c1cc2c(cc1CN1CC=C(n3c(O)nc4ccccc43)CC1)OCO2,6.5072
CCC(=N)NCCc1ccc2[nH]c3c(c2c1)C[C@@]1(O)C2Cc4ccc(O)c5c4[C@@]1(CCN2CC1CC1)[C@H]3O5,9.5528
CCCCC(=O)NCCc1ccc2[nH]c3c(c2c1)C[C@@]1(O)C2Cc4ccc(O)c5c4[C@@]1(CCN2CC1CC1)[C@H]3O5,9.1675
CCCC(=N)NCCc1ccc2[nH]c3c(c2c1)C[C@@]1(O)C2Cc4ccc(O)c5c4[C@@]1(CCN2CC1CC1)[C@H]3O5,9.6021
CN1CC[C@]23c4c5ccc(O)c4O[C@H]2[C@@]24CC[C@@]3(C[C@H]2C(C)(C)C(C)(C)O4)C1C5,7.6799
O=C(OCc1cc2c(cc1Cl)OCO2)N1CCC(n2c(O)nc3ccccc32)CC1,6.5467
Cc1ccc2nc(O)n(C3CCN(Cc4cc5c(cc4Cl)OCO5)CC3)c2c1,8.5376
CCC/N=C(\N)Cc1ccc2[nH]c3c(c2c1)C[C@@]1(O)C2Cc4ccc(O)c5c4[C@@]1(CCN2CC1CC1)[C@H]3O5,8.7959
Oc1nc2ccccc2n1CCCNCc1cc2c(cc1Cl)OCO2,6.2950
CN1CC[C@]23c4c5ccc(O)c4O[C@H]2[C@@H](O)C=C[C@H]3[C@H]1C5.CN1CC[C@]23c4c5ccc(O)c4O[C@H]2[C@@H](O)C=C[C@H]3[C@H]1C5.O=S(=O)(O)O,6.6635
CCC(=O)N(c1ccccc1)C1CCN(CCc2ccccc2)CC1,6.0055
O=C(OC1CCc2ccccc21)N1CCC2(CC1)C(=O)NCN2c1ccccc1,6.2097
CNC(=O)CN1CN(c2ccccc2)C2(CCN(Cc3cc4c(cc3Cl)OCO4)CC2)C1=O,8.6778
O=C(OCc1cc2c(cc1Cl)OCO2)N1CCC(N2C(=O)CNc3ccccc32)CC1,5.9747
O=C1NCN(c2ccccc2)C12CCN(Cc1ccc3nsnc3c1)CC2,6.9830
CC(C)CC(=N)NCCc1ccc2[nH]c3c(c2c1)C[C@@]1(O)C2Cc4ccc(O)c5c4[C@@]1(CCN2CC1CC1)[C@H]3O5,8.8570
CCCCCCNC(=O)NCCc1ccc2[nH]c3c(c2c1)C[C@@]1(O)C2Cc4ccc(O)c5c4[C@@]1(CCN2CC1CC1)[C@H]3O5,8.0899
O=C1N[C@@H]2CCCC[C@H]2N1C1CCN(C2CCC3CCCCC3C2)CC1,5.8557
COc1cc(CC(=O)N2CCC(n3c(O)nc4ccccc43)CC2)c([N+](=O)[O-])cc1OC,5.8794
O=C(Cc1c[nH]c2ccc(Br)cc12)N1CCN(c2ccc([N+](=O)[O-])c3nonc23)CC1,5.9957
CO[C@@]12CC[C@@]3(C[C@@H]1[C@](C)(O)C(C)(C)C)[C@H]1Cc4ccc(O)c5c4[C@@]3(CCN1CC1CC1)[C@H]2O5.Cl,8.9208
CCCCCCC/N=C(\N)Cc1ccc2[nH]c3c(c2c1)C[C@@]1(O)C2Cc4ccc(O)c5c4[C@@]1(CCN2CC1CC1)[C@H]3O5,8.2510
O=C(NCCCCc1ccccc1)c1ccc2[nH]c3c(c2c1)C[C@@]1(O)C2Cc4ccc(O)c5c4[C@@]1(CCN2CC1CC1)[C@H]3O5,8.2090
O=C(OCc1cc2c(cc1[N+](=O)[O-])OCO2)N1CC=C(n2c(O)nc3ccccc32)CC1,5.1844
O=C(O)CN1CN(c2ccccc2)C2(CCN(C(=O)OCc3cc4c(cc3Cl)OCO4)CC2)C1=O,5.1824
CC(=N)NCCc1ccc2[nH]c3c(c2c1)C[C@@]1(O)C2Cc4ccc(O)c5c4[C@@]1(CCN2CC1CC1)[C@H]3O5,9.5376
CCCCCCCNC(=O)c1ccc2[nH]c3c(c2c1)C[C@@]1(O)C2Cc4ccc(O)c5c4[C@@]1(CCN2CC1CC1)[C@H]3O5,7.6598
Oc1nc2ccccc2n1C1CCN(Cc2cc3c(cc2Cl)OCO3)CC1,8.7696
COC(=O)c1csc(S(=O)(=O)N2CCN(C(=O)c3ccccc3Nc3ccccc3)CC2)c1OC,5.1403
CCOC(=O)C1(c2ccccc2)CCN(C)CC1,5.6253
CCC(=O)C(CC(C)N(C)C)(c1ccccc1)c1ccccc1,6.2907
O=C(NCCc1ccccc1)c1ccc2[nH]c3c(c2c1)C[C@@]1(O)C2Cc4ccc(O)c5c4[C@@]1(CCN2CC1CC1)[C@H]3O5,8.6556
O=C1N[C@@H]2CCCC[C@H]2N1C1CCN(CC2CCCCCCC2)CC1,5.7693
O=C(NCCCn1c(O)nc2ccccc21)OCc1cc2c(cc1Cl)OCO2,5.7595
COc1ccc(CN2CCC(n3c(O)nc4ccccc43)CC2)c(Cl)c1,6.5686
Oc1ccc2c3c1O[C@H]1[C@@H](O)CC[C@@]4(O)[C@@H](C2)N(CC2CCC2)CC[C@]314,7.4401
Cc1ccc2nc(O)n(C3CCN(C(=O)OCc4cc5c(cc4Cl)OCO5)CC3)c2c1,6.0985
CCCC(=O)NCCc1ccc2[nH]c3c(c2c1)C[C@@]1(O)C2Cc4ccc(O)c5c4[C@@]1(CCN2CC1CC1)[C@H]3O5,9.0706
CCCCC/N=C(\N)Cc1ccc2[nH]c3c(c2c1)C[C@@]1(O)C2Cc4ccc(O)c5c4[C@@]1(CCN2CC1CC1)[C@H]3O5,8.8416
COc1ccc(CNC(=O)c2ccc3[nH]c4c(c3c2)C[C@@]2(O)C3Cc5ccc(O)c6c5[C@@]2(CCN3CC2CC2)[C@H]4O6)cc1,8.6757
O=C(NCc1ccccc1)c1ccc2[nH]c3c(c2c1)C[C@@]1(O)C2Cc4ccc(O)c5c4[C@@]1(CCN2CC1CC1)[C@H]3O5,7.9859
O=C(OCc1ccc2c(c1)OCO2)N1CCC2(CC1)C(=O)NCN2c1ccccc1,5.6507
O=C(NCc1ccc2c(c1)OCO2)N1CCC2(CC1)C(=O)NCN2c1ccccc1,5.6421
O=C1NCN(c2ccccc2)C12CCN(Cc1ccc3c(c1)OCO3)CC2,7.2510
CCNC(=O)NCCc1ccc2[nH]c3c(c2c1)C[C@@]1(O)C2Cc4ccc(O)c5c4[C@@]1(CCN2CC1CC1)[C@H]3O5,7.9094
CO[C@@]12CCC3(C[C@H]1[C@@](C)(O)C(C)(C)C)[C@H]1Cc4ccc(O)c5c4C3(CCN1C)[C@H]2O5,8.6198
O=C(OCc1cc2c(cc1Cl)OCO2)N1CCC2(CC1)C(=O)NCN2c1ccccc1,5.6686
O=C(OCc1cccnc1)N1CCC2(CC1)C(=O)NCN2c1ccccc1,5.4498
CN(C)C(=O)C(CCN1CCC(O)(c2ccc(Cl)cc2)CC1)(c1ccccc1)c1ccccc1.Cl,6.9775
O=C1NCN(c2ccccc2)C12CCN(Cc1cccc(Oc3ccccc3)c1)CC2,6.9957
O=C1CNc2ccccc2N1C1CCN(Cc2cc3c(cc2Cl)OCO3)CC1,7.4949
O=C1NCN(c2ccccc2)C12CCN(Cc1cc3c(cc1Cl)OCO3)CC2,8.2441
CNC(=O)CN1CN(c2ccccc2)C2(CCN(C(=O)OCc3cc4c(cc3Cl)OCO4)CC2)C1=O,6.4776
O=c1c(-c2cc3ccccc3o2)cccn1C(CN1CCCC1)c1ccccc1,6.5670
N#Cc1cccc(-c2cccn(C(CN3CCCC3)c3ccccc3)c2=O)c1,8.2757
CCCN1CC[C@@]2(C)c3cc(O)ccc3CC1[C@H]2C,6.3449
Oc1nc2ccccc2n1C1CCN(CC2CCCCCCC2)CC1,7.9208
CCCCCN1CC[C@]2(C)c3cc(O)ccc3CC1[C@@H]2C,7.6383
COc1ccccc1-c1cccn(C(CN2CCCC2)c2ccccc2)c1=O,7.7100
O=c1ccc(-c2ccc(Cl)cc2)cn1C(CN1CCCC1)c1ccccc1,6.2807
C[C@H]1C2Cc3ccc(O)cc3[C@@]1(C)CCN2,6.9469
CCCCCCN1CC[C@]2(C)c3cc(O)ccc3CC1[C@@H]2C,7.3665
O=c1c(-c2ccc3ccccc3c2)cccn1C(CN1CCCC1)c1ccccc1,7.4962
CCCCCCCN1CC[C@]2(C)c3cc(O)ccc3CC1[C@@H]2C,7.4949
CCn1c(=O)n([C@@H]2CCN(CC3CCCCCCC3)C[C@H]2CO)c2ccccc21,5.8249
O=c1c(-c2ccccc2C(F)(F)F)cccn1C(CN1CCCC1)c1ccccc1,8.2441
CN(C(=O)Cc1ccccc1)[C@H]1CC[C@@]2(CCCO2)C[C@@H]1N1CCCC1,7.9443
CCCCCCCCCCN1CC[C@]2(C)c3cc(O)ccc3CC1[C@H]2C,5.6449
Oc1nc2ccccc2n1C1CCN(Cc2ccccc2)CC1,6.9586
O=c1c(-c2ccc(OC(F)(F)F)cc2)cccn1C(CN1CCCC1)c1ccccc1,7.4660
CCCCCCCN1CC[C@]2(C)c3cc(O)ccc3CC1[C@H]2C,6.1409
CCN1CC[C@@]2(C)c3cc(O)ccc3CC1[C@H]2C,5.4230
CCCCCCN1CC[C@@]2(C)c3cc(O)ccc3CC1[C@H]2C,5.6449
CCn1c(=O)n(C2CCN(CC3CCCCCCC3)CC2)c2ccccc21,6.3565
O=c1c(-c2ccc(Cl)c(Cl)c2)cccn1C(CN1CCCC1)c1ccccc1,8.6383
CCCCN1CC[C@]2(C)c3cc(O)ccc3CC1[C@@H]2C,8.3098
O=c1c(-c2ccc(F)cc2)cccn1C(CN1CCCC1)c1ccccc1,7.4584
C[C@H]1C2Cc3ccc(O)cc3[C@@]1(C)CCN2C,7.7696
CCCCCCCCCN1CC[C@]2(C)c3cc(O)ccc3CC1[C@@H]2C,6.1494
O=c1c(-c2cccc(Cl)c2)cccn1C(CN1CCCC1)c1ccccc1,8.6198
O=c1c(-c2ccccc2)cccn1C(CN1CCCC1)c1ccccc1,7.2495
O=c1c(-c2ccc(C(F)(F)F)cc2)cccn1C(CN1CCCC1)c1ccccc1,8.0605
COc1ccc(Cl)cc1-c1cccn(C(CN2CCCC2)c2ccccc2)c1=O,8.8239
CCCCCCCCN1CC[C@]2(C)c3cc(O)ccc3CC1[C@@H]2C,7.1135
O=c1c(-c2cccs2)cccn1C(CN1CCCC1)c1ccccc1,5.9292
O=c1c(-c2cc(F)ccc2F)cccn1C(CN1CCCC1)c1ccccc1,7.6478
CCN1CC[C@]2(C)c3cc(O)ccc3CC1[C@@H]2C,7.7959
CCCCCN1CC[C@@]2(C)c3cc(O)ccc3CC1[C@H]2C,6.1319
O=c1ccc(-c2ccc(Cl)c(Cl)c2)cn1C(CN1CCCC1)c1ccccc1,5.8256
CCCCCCCCN1CC[C@]2(C)c3cc(O)ccc3CC1[C@H]2C,5.6449
O=c1c(-c2ccc(Cl)cc2)cccn1C(CN1CCCC1)c1ccccc1,8.2596
O=c1c(-c2cccc([N+](=O)[O-])c2)cccn1C(CN1CCCC1)c1ccccc1,8.6576
Cc1cccc(-c2cccn(C(CN3CCCC3)c3ccccc3)c2=O)c1,7.1007
CCCCCCCCCN1CC[C@]2(C)c3cc(O)ccc3CC1[C@H]2C,5.6449
CCn1c(=O)n([C@H]2CCN(CC3CCCCCCC3)C[C@@H]2CO)c2ccccc21,5.5850
COc1ccc(-c2cccn(C(CN3CCCC3)c3ccccc3)c2=O)cc1,7.3063
C[C@@H]1C2Cc3ccc(O)cc3[C@]1(C)CCN2C,5.4230
CCCCCCCCCCN1CC[C@]2(C)c3cc(O)ccc3CC1[C@@H]2C,5.6449
CC(c1ccccc1Cl)N1CCC(n2c(O)nc3ccccc32)CC1,7.4949
CCCCN1CC[C@@]2(C)c3cc(O)ccc3CC1[C@H]2C,6.1062
COc1ccc(F)cc1-c1cccn(C(CN2CCCC2)c2ccccc2)c1=O,8.4685
CCCN1CC[C@]2(C)c3cc(O)ccc3CC1[C@@H]2C,8.6990
C[C@@H]1C2Cc3ccc(O)cc3[C@]1(C)CCN2,5.4230
COc1ccc(OC)c(-c2cccn(C(CN3CCCC3)c3ccccc3)c2=O)c1,8.4634
COC(=O)C12CN(C)CC(C(=O)OC)(C1=O)C(c1ccc3ccccc3n1)N(C)C2c1ccc2ccccc2n1,6.7212
CN1CC2(C(=O)O)C(=O)C(C(=O)O)(C1)C(c1ccccc1)N(C)C2c1ccccc1,6.6778
COC(=O)C12CN(C)CC(C(=O)OC)(C1=O)C(c1cccc(C)c1)N(C)C2c1cccc(C)c1,6.0862
COC(=O)C12CN(C)CC(C(=O)OC)(C1=O)C(c1cccc(F)c1)N(C)C2c1cccc(F)c1,7.5850
CCOC(=O)C12CN(C)CC(C(=O)OCC)(C1=O)C(c1ccc(Cl)cc1)N(C)C2c1ccc(Cl)cc1,5.7033
COC(=O)C12CN(C)CC(C(=O)OC)(C1=O)C(c1ccccn1)N(C)C2c1ccccn1,7.8239
COC(=O)C12CN(C)CC(C(=O)OC)(C1=O)C(c1ccc(OC)cc1)N(C)C2c1ccc(OC)cc1,7.7447
COC(=O)C12CN(C)CC(C(=O)OC)(C1=O)C(c1cccc(O)c1)N(C)C2c1cccc(O)c1,7.6990
COC(=O)C12CN(C)CC(C(=O)OC)(C1=O)C(c1ccc(F)cc1)N(C)C2c1ccc(F)cc1,6.8539
N=C(N)NCCc1ccc2[nH]c3c(c2c1)C[C@@]1(O)[C@H]2Cc4ccc(O)c5c4[C@@]1(CCN2CC1CC1)[C@H]3O5,9.3098
CCCN/C(=N\CC1CC1)Nc1ccc2[nH]c3c(c2c1)C[C@@]1(O)[C@H]2Cc4ccc(O)c5c4[C@@]1(CCN2CC1CC1)[C@H]3O5,8.6234
N/C(=N/Cc1cccc(O)c1)Nc1ccc2[nH]c3c(c2c1)C[C@@]1(O)[C@H]2Cc4ccc(O)c5c4[C@@]1(CCN2CC1CC1)[C@H]3O5,8.5622
N/C(=N/Cc1ccc([N+](=O)[O-])cc1)Nc1ccc2[nH]c3c(c2c1)C[C@@]1(O)[C@H]2Cc4ccc(O)c5c4[C@@]1(CCN2CC1CC1)[C@H]3O5,8.7932
CCCC/N=C(\NCCCC)Nc1ccc2[nH]c3c(c2c1)C[C@@]1(O)[C@H]2Cc4ccc(O)c5c4[C@@]1(CCN2CC1CC1)[C@H]3O5,8.1574
N=C(N)NCc1ccc2[nH]c3c(c2c1)C[C@@]1(O)[C@H]2Cc4ccc(O)c5c4[C@@]1(CCN2CC1CC1)[C@H]3O5,9.7447
N/C(=N\CCc1ccc2[nH]c3c(c2c1)C[C@@]1(O)[C@H]2Cc4ccc(O)c5c4[C@@]1(CCN2CC1CC1)[C@H]3O5)NCc1ccc(N)cc1,9.0223
N/C(=N\CCc1ccc2[nH]c3c(c2c1)C[C@@]1(O)[C@H]2Cc4ccc(O)c5c4[C@@]1(CCN2CC1CC1)[C@H]3O5)NCc1ccc([N+](=O)[O-])cc1,8.6696
Oc1ccc2c3c1O[C@H]1c4[nH]c5ccc(N/C(=N/CC6CC6)NCc6ccccc6)cc5c4C[C@@]4(O)[C@@H](C2)N(CC2CC2)CC[C@]314,8.4078
N/C(=N/Cc1ccc(O)cc1)Nc1ccc2[nH]c3c(c2c1)C[C@@]1(O)[C@H]2Cc4ccc(O)c5c4[C@@]1(CCN2CC1CC1)[C@H]3O5,8.4868
N/C(=N/Cc1ccc(N)cc1)Nc1ccc2[nH]c3c(c2c1)C[C@@]1(O)[C@H]2Cc4ccc(O)c5c4[C@@]1(CCN2CC1CC1)[C@H]3O5,9.2007
N/C(=N\CCc1ccc2[nH]c3c(c2c1)C[C@@]1(O)[C@H]2Cc4ccc(O)c5c4[C@@]1(CCN2CC1CC1)[C@H]3O5)NCc1ccc(Cl)cc1,8.6180
CCCC/N=C(\NCCCC)NCCc1ccc2[nH]c3c(c2c1)C[C@@]1(O)[C@H]2Cc4ccc(O)c5c4[C@@]1(CCN2CC1CC1)[C@H]3O5,8.3188
N/C(=N/Cc1ccccc1)Nc1ccc2[nH]c3c(c2c1)C[C@@]1(O)[C@H]2Cc4ccc(O)c5c4[C@@]1(CCN2CC1CC1)[C@H]3O5,9.0655
CCC/N=C(\NCCC)Nc1ccc2[nH]c3c(c2c1)C[C@@]1(O)[C@H]2Cc4ccc(O)c5c4[C@@]1(CCN2CC1CC1)[C@H]3O5,8.5654
N/C(=N\CCc1ccc2[nH]c3c(c2c1)C[C@@]1(O)[C@H]2Cc4ccc(O)c5c4[C@@]1(CCN2CC1CC1)[C@H]3O5)NCc1ccccc1,8.8477
N/C(=N/Cc1ccc(Cl)cc1)Nc1ccc2[nH]c3c(c2c1)C[C@@]1(O)[C@H]2Cc4ccc(O)c5c4[C@@]1(CCN2CC1CC1)[C@H]3O5,9.1805
CC[C@H](C)[C@H](NC(=O)[C@H](CCCN=C(N)N)NC(=O)[C@H](CCCN=C(N)N)NC(=O)[C@H](CC(C)C)NC(=O)[C@@H](Cc1ccccc1)NC(=O)CNC(=O)CNC(=O)[C@@H](N)Cc1ccc(O)cc1)C(N)=O,7.7595
CCCCCCNC(=O)[C@H](CC(C)C)NC(=O)[C@H](CCCN=C(N)N)NC(=O)[C@H](CCCN=C(N)N)NC(=O)[C@H](CC(C)C)NC(=O)[C@@H](Cc1ccccc1)NC(=O)CNC(=O)CNC(=O)[C@H](Cc1ccc(O)cc1)NC,7.6990
CN[C@@H](Cc1ccc(O)cc1)C(=O)NCC(=O)N[C@H](C)C(=O)N[C@@H](Cc1ccccc1)C(=O)N[C@@H](CC(C)C)C(=O)N[C@@H](CCCN=C(N)N)C(=O)N[C@@H](CCCN=C(N)N)C(=O)N[C@@H](CC(C)C)C(N)=O,6.9031
CN[C@@H](Cc1ccc(O)cc1)C(=O)NCC(=O)NCC(=O)N[C@H](Cc1ccccc1)C(=O)N[C@H](CC(C)C)C(=O)N[C@@H](CCCN=C(N)N)C(=O)N[C@@H](CCCN=C(N)N)C(=O)N[C@@H](CC(C)C)C(N)=O,5.9270
CCNC(=O)[C@H](CC(C)C)NC(=O)[C@H](CCCN=C(N)N)N(C)C(=O)[C@H](CCCN=C(N)N)NC(=O)[C@H](CC(C)C)NC(=O)[C@@H](Cc1ccc([N+](=O)[O-])cc1)NC(=O)CNC(=O)CNC(=O)[C@H](Cc1ccc(O)cc1)NC,8.0410
CCNC(=O)[C@H](CC(C)C)NC(=O)[C@H](CCCN=C(N)N)N(C)C(=O)[C@H](CCCN=C(N)N)NC(=O)[C@H]1CSSC[C@H](NC(=O)[C@@H](N)Cc2ccc(O)cc2)C(=O)NCC(=O)N[C@H](Cc2ccccc2)C(=O)N1,10.2218
CN[C@@H](Cc1ccc(O)cc1)C(=O)NCC(=O)NCC(=O)N[C@@H](Cc1ccc([N+](=O)[O-])cc1)C(=O)N[C@@H](CC(C)C)C(=O)N[C@@H](CCCN=C(N)N)C(=O)N[C@@H](CCCN=C(N)N)C(=O)N[C@@H](CC(C)C)C(N)=O,8.2596
C=C(Cl)C(=O)N[C@@H]1CCC2C3Cc4ccc(O)c5c4C2(CCN3C)[C@H]1O5,7.5850
CN[C@@H](Cc1ccc(O)cc1)C(=O)NCC(=O)NCC(=O)N[C@H](Cc1ccccc1)C(=O)N[C@@H](CC(C)C)C(=O)N(C)[C@@H](CCCN=C(N)N)C(=O)N[C@@H](CCCN=C(N)N)C(=O)N[C@@H](CC(C)C)C(N)=O,8.9706
CN[C@@H](Cc1ccc(O)cc1)C(=O)NCC(=O)NCC(=O)N[C@H](Cc1ccccc1)C(=O)N[C@@H](CC(C)C)C(=O)N[C@@H](CCCN=C(N)N)C(=O)N(C)[C@@H](CCCN=C(N)N)C(=O)N[C@@H](CC(C)C)C(N)=O,8.6383
CN[C@@H](Cc1ccc(O)cc1)C(=O)NCC(=O)NCC(=O)N[C@H](Cc1ccccc1)C(=O)N[C@@H](CC(C)C)C(=O)N[C@@H](CCCCN=C(N)N)C(=O)N[C@@H](CCCN=C(N)N)C(=O)N[C@@H](CC(C)C)C(N)=O,7.6198
CCNC(=O)[C@H](CC(C)C)NC(=O)[C@H](CCCN=C(N)N)N(C)C(=O)[C@H](CCCN=C(N)N)NC(=O)[C@H](CC(C)C)NC(=O)[C@@H](Cc1ccccc1)NC(=O)CNC(=O)CNC(=O)[C@H](Cc1ccc(O)cc1)NC,8.5850
C=C(Cl)C(=O)N[C@@H]1CCC2C3Cc4ccc(O)c5c4C2(CCN3CC2CC2)[C@H]1O5,8.8153
CCNC(=O)[C@H](CC(C)C)NC(=O)[C@H](CCCN=C(N)N)NC(=O)[C@H](CCCN=C(N)N)NC(=O)[C@H](CC(C)C)NC(=O)[C@@H](Cc1ccccc1)NC(=O)CNC(=O)CNC(=O)[C@H](Cc1ccc(O)cc1)NC,8.3098
CC(C)C[C@H](NC(=O)[C@H](CCCN=C(N)N)NC(=O)[C@H](CCCN=C(N)N)NC(=O)[C@H](CC(C)C)NC(=O)[C@H](Cc1ccccc1)NC(=O)CNC(=O)[C@H](C)NC(=O)[C@@H](N)Cc1ccc(O)cc1)C(N)=O,7.3420
CN[C@@H](Cc1ccc(O)cc1)C(=O)N[C@@H](C)C(=O)NCC(=O)N[C@@H](Cc1ccccc1)C(=O)N[C@@H](CC(C)C)C(=O)N[C@@H](CCCN=C(N)N)C(=O)N[C@@H](CCCN=C(N)N)C(=O)N[C@@H](CC(C)C)C(N)=O,7.0680
CC(C)C[C@H](NC(=O)[C@H](CCCN=C(N)N)NC(=O)[C@H](CCCN=C(N)N)NC(=O)[C@H](CC(C)C)NC(=O)[C@H](Cc1ccccc1)NC(=O)CNC(=O)CN(C)C(=O)[C@@H](N)Cc1ccc(O)cc1)C(N)=O,6.1319
CN[C@@H](Cc1ccc(O)cc1)C(=O)NCC(=O)NCC(=O)N[C@H](Cc1ccccc1)C(=O)N[C@@H](CC(C)C)C(=O)N[C@@H](CCCN=C(N)N)C(=O)N[C@@H](CCCN=C(N)N)C(=O)N[C@@H](CC(C)C)C(N)=O,7.8447
C=C(Cl)C(=O)N[C@@]12CCC(=O)[C@@H]3Oc4c(O)ccc5c4C31CCN(C)C2C5,6.7352
CN[C@@H](Cc1ccc(O)cc1)C(=O)NCC(=O)NCC(=O)N[C@H](Cc1ccccc1)C(=O)N(C)[C@@H](CC(C)C)C(=O)N[C@@H](CCCN=C(N)N)C(=O)N[C@@H](CCCN=C(N)N)C(=O)N[C@@H](CC(C)C)C(N)=O,6.7235
CN[C@@H](Cc1ccc(O)cc1)C(=O)NCC(=O)NCC(=O)N[C@H](Cc1ccccc1)C(=O)N[C@H](C)C(=O)N[C@@H](CCCN=C(N)N)C(=O)N[C@@H](CCCN=C(N)N)C(=O)N[C@@H](CC(C)C)C(N)=O,4.8861
C=C(Cl)C(=O)N[C@@]12CCC(=O)[C@@H]3Oc4c(O)ccc5c4C31CCN(CC1CC1)C2C5,6.3002
CN[C@@H](Cc1ccc(O)cc1)C(=O)NCC(=O)NNC(=O)N[C@@H](Cc1ccccc1)C(=O)N[C@@H](CC(C)C)C(=O)N[C@@H](CCCN=C(N)N)C(=O)N[C@@H](CCCN=C(N)N)C(=O)N[C@@H](CC(C)C)C(N)=O,6.8182
CN[C@@H](Cc1ccc(O)cc1)C(=O)NCC(=O)NCC(=O)N(C)[C@@H](Cc1ccccc1)C(=O)N[C@@H](CC(C)C)C(=O)N[C@@H](CCCN=C(N)N)C(=O)N[C@@H](CCCN=C(N)N)C(=O)N[C@@H](CC(C)C)C(N)=O,6.5214
O=C(NCCC1CN=C(c2ccccc2)c2ccccc2N1)c1ccccc1F,9.2729
CN1c2ccccc2C(c2ccccc2)=NC[C@@H]1CCNC(=O)c1cccs1,9.3683
CN1c2ccc(Cl)cc2C(c2ccccc2)=NCC1CCNC(=O)c1ccc(F)cc1,9.2598
CC(=O)N[C@@H](Cc1ccccc1)C(=O)N[C@@H](Cc1ccccc1)C(=O)N[C@@H](Cc1ccccc1)C(=O)N[C@@H](CCCN=C(N)N)C(=O)N[C@@H](CC(C)C)C(=O)N[C@@H](CCCN=C(N)N)C(=O)N[C@@H](CCCN=C(N)N)C(=O)N[C@@H](C)C(=O)N[C@@H](CCCN=C(N)N)C(=O)N1CCC[C@H]1C(=O)N[C@@H](CCCCN)C(N)=O,8.0000
CN(C(=O)Cc1csc2ccccc12)[C@@H]1CCCC[C@H]1N1CCCC1.Cl,7.1612
CN(C(=O)Cc1cccc2sccc12)[C@@H]1CCCC[C@H]1N1CCC(CO)C1.Cl,8.1549
CC(C)C[C@H](NC(=O)[C@H](Cc1ccccc1)NC(=O)CNC(=O)CNC(=O)[C@@H](N)Cc1ccc(O)cc1)C(=O)N[C@@H](CCCN=C(N)N)C(=O)N[C@@H](CCCN=C(N)N)C(=O)N[C@@H](C)C(=O)N[C@@H](CCCN=C(N)N)C(=O)N1CCC[C@H]1C(=O)N[C@@H](CCCCN)C(N)=O,9.7212
COc1cccc2c1C(c1ccccc1)=NCC(CCNC(=O)c1cccs1)N2C,8.4218
CN1c2ccccc2C(c2ccccc2)=NCC1CCNC(=O)c1ccccc1F,9.4418
O=C(NCCC1CN=C(c2ccccc2)c2ccccc2N1)c1ccccc1,9.6010
Oc1ccc2c3c1O[C@H]1c4[nH]c5ccccc5c4C[C@@]4(O)[C@@H](C2)N(CC2CC2)CC[C@]314,7.9957
CN(C(=O)Cc1cccc2ccsc12)[C@@H]1CCCC[C@H]1N1CCCC1.Cl,7.7696
CN1c2ccc(Cl)cc2C(c2ccccc2)=NCC1CCNC(=O)c1cccs1,9.1549
Cl.O=C(Cc1cccc2sccc12)N[C@@H]1CCCC[C@H]1N1CCCC1,6.4776
CN1c2ccccc2C(c2ccccc2F)=NC[C@@H]1CCNC(=O)c1ccsc1,9.7698
CN(C(=O)Cc1ccc2sccc2c1)[C@@H]1CCCC[C@H]1N1CCCC1.Cl,7.0269
CN1CC[C@]23c4c5ccc(O)c4O[C@H]2[C@@H](O)C=C[C@H]3[C@H]1C5,7.0655
CN(C(=O)Cc1cccc2sccc12)[C@@H]1CCCC[C@H]1N1CCCC1.Cl,8.4318
CO[C@H]1C[C@H](N(C)C(=O)Cc2cccc3sccc23)[C@@H](N2CCCC2)C[C@H]1OC.Cl,7.7447
CN1c2ccc(Cl)cc2C(c2ccccc2)=NCC1CCNC(=O)c1ccc(Cl)cc1,8.8814
CCCCCN(CCN1CCCC1)C(=O)Cc1cccc2sccc12.Cl,5.6990
CN(C(=O)Cc1cccc2occc12)[C@@H]1CCCC[C@H]1N1CCC(COC(=O)CCCC(=O)OCC2CCN([C@H]3CCCC[C@@H]3N(C)C(=O)Cc3cccc4occc34)C2)C1.Cl.Cl,6.7447
CN1c2ccc(Cl)cc2C(c2ccccc2)=NC[C@@H]1CCNC(=O)c1cccs1,9.1606
Cl.O=C(Cc1cccc2sccc12)N1CC2CCCN2[C@@H]2CCCC[C@H]21,4.5528
O=C(NCCC1CN=C(c2ccccc2)c2ccccc2N1)c1ccc(F)cc1,9.5515
CN1c2ccccc2C(c2ccccc2)=NCC1CCNC(=O)c1ccc(F)cc1,9.5214
CN1c2ccccc2C(c2ccccc2F)=NC[C@H]1CCNC(=O)c1ccsc1,9.1487
CN(C(=S)Cc1cccc2sccc12)[C@@H]1CCCC[C@H]1N1CCCC1.Cl,7.2757
Cl.O=C(Cc1cccc2sccc12)O[C@@H]1CCCC[C@H]1N1CCCC1,6.5834
CN1c2ccccc2C(c2ccccc2F)=NCC1CCNC(=O)c1ccsc1,9.4318
CN(C(=O)Cc1cccc2sccc12)[C@@H]1CCC[C@H]1N1CCCC1.Cl,6.8125
CN1c2ccc(Cl)cc2C(c2ccccc2)=NCC1CCNC(=O)c1ccccc1F,8.8141
CO[C@H]1C[C@H](N(C)C(=O)Cc2cccc3occc23)[C@@H](N2CCCC2)C[C@H]1OC.Cl,7.7959
CN(C(=O)Cc1ccc2ccsc2c1)[C@@H]1CCCC[C@H]1N1CCCC1.Cl,6.8356
O=C(NCCC1CN=C(c2ccccc2)c2ccccc2N1)c1cccs1,9.3484
CN(CCc1cccc2sccc12)[C@@H]1CCCC[C@H]1N1CCCC1.Cl,5.0915
CN1c2ccccc2C(c2ccccc2)=NCC1CCNC(=O)c1cccs1,9.2366
CN1c2ccccc2C(c2ccccc2)=NC[C@H]1CCNC(=O)c1cccs1,8.8928
CN1c2ccc(Cl)cc2C(c2ccccc2)=NCC1CCNC(=O)c1cc2ccccc2[nH]1,7.8682
CSCC[C@H](NC(=O)[C@H](Cc1ccccc1)NC(=O)[C@H](CCCN=C(N)N)NC(C)=O)C(=O)N[C@@H](Cc1c[nH]c2ccccc12)C(=O)N[C@@H](CCSC)C(=O)N[C@@H](CCCN=C(N)N)C(=O)N[C@@H](CCCN=C(N)N)C(=O)N[C@@H](C)C(=O)N[C@@H](CCCN=C(N)N)C(=O)N1CCC[C@H]1C(=O)N[C@@H](CCCCN)C(N)=O,8.1805
CN(CCC1CN=C(c2ccccc2)c2ccccc2N1C)C(=O)c1cccs1,8.3613
CN(C(=O)Cc1cccc2occc12)[C@@H]1CCCC[C@H]1N1CCC(COC(=O)CCC(=O)OCC2CCN([C@H]3CCCC[C@@H]3N(C)C(=O)Cc3cccc4occc34)C2)C1.Cl.Cl,6.7447
CN1c2ccc(Cl)cc2C(c2ccccc2)=NC[C@H]1CCNC(=O)c1cccs1,9.1024
CN(C(=O)Cc1cccc2[nH]ccc12)[C@@H]1CCCC[C@H]1N1CCCC1,6.0883
Cl.O=C(Cc1cccc2sccc12)NCCN1CCCC1,4.6021
CN1c2ccccc2C(c2ccccc2)=NCC1CCNC(=O)c1ccc([N+](=O)[O-])cc1,9.3240
CN(C(=O)Cc1cccc2sccc12)[C@@H]1CCCCC[C@H]1N1CCCC1.Cl,7.9208
CN(Cc1cccc2occc12)C(=O)[C@@H]1CCCC[C@H]1N1CCCC1.Cl,4.4318
CN(C(=O)Cc1cccc2occc12)[C@@H]1CCCC[C@H]1N1CCC(CO)C1.Cl,7.7696
Nc1nc2cc3c(cc2s1)C[C@@H]1[C@@H]2CCCC[C@]32CCN1CC1CC1,10.3098
Nc1nc2cc3c(cc2s1)C(=O)[C@@H]1C2CCCC[C@]32CCN1CC1CCC1,7.8861
CN1CCC23c4c5ccc(O)c4OC2c2nc(N)ncc2CC3(O)C1C5,6.8224
CO[C@H](C)[C@@H]1CC23C=C[C@]1(OC)[C@H]1Oc4c(O)ccc5c4C12CCN(C)C3C5,8.0721
CO[C@]12C=C[C@@]3(C[C@H]1[C@@H](C)OCc1ccccc1)[C@H]1Cc4ccc(O)c5c4C3(CCN1C)[C@@H]2O5,9.5379
C[C@H]1[C@H]2Cc3cc4sc(N)nc4cc3[C@]1(C)CCN2CC1CCC1,9.3098
CN1CCC23c4c5ccc(O)c4OC2c2nc(-c4ccccc4)ncc2CC3(O)C1C5,6.5970
CN1CC[C@]23c4c5cc6sc(N)nc6c4OC2[C@@H](O)CCC3[C@H]1C5,6.6576
CCC[C@](C)(O)[C@@H]1CC23C=C[C@]1(OC)[C@H]1Oc4c(O)ccc5c4C12CCN(C)C3C5,7.8570
C[C@H]1C2Cc3ccc(O)cc3[C@]1(C)CCN2CC1CC1,9.7447
CO[C@]12C=C[C@@]3(C[C@H]1[C@H](C)OCc1ccccc1)[C@H]1Cc4ccc(O)c5c4C3(CCN1C)[C@@H]2O5,9.0278
O=C1c2ccc(O)cc2[C@@]23CCCC[C@H]2[C@@H]1N(CC1CCC1)CC3,9.3188
CCO[C@@H](C)[C@@H]1CC23C=C[C@]1(OC)[C@H]1Oc4c(O)ccc5c4C12CCN(C)C3C5,6.2526
CN1CC[C@]23CCCC[C@H]2[C@H]1Cc1cc2sc(N)nc2cc13,8.1938
CCO[C@H](C)[C@@H]1C[C@@]23C=C[C@]1(OC)[C@H]1Oc4c(O)ccc5c4C12CCN(C)[C@@H]3C5,9.2147
Cc1ncc2c(n1)C1Oc3c(O)ccc4c3C13CCN(C)C(C4)C3(O)C2,6.3641
CN1CCC23c4c5ccc(O)c4OC2c2n[nH]cc2CC3(O)C1C5,7.9237
CN1CC[C@]23CCCC[C@H]2[C@H]1Cc1ccc(O)cc13,8.6383
C[C@H]1[C@H]2Cc3cc4sc(N)nc4cc3[C@]1(C)CCN2CC1CC1,8.1739
CO[C@@H](C)[C@@H]1CC23C=C[C@]1(OC)[C@H]1Oc4c(O)ccc5c4C12CCN(C)C3C5,7.0783
CCC[C@@](C)(O)[C@@H]1CC23C=C[C@]1(OC)[C@H]1Oc4c(O)ccc5c4C12CCN(C)C3C5,8.6990
Oc1ccc2c(c1)[C@@]13CCCC[C@H]1[C@@H](C2)N(CC1CC1)CC3,10.4685
Nc1nc2cc3c(cc2s1)C[C@@H]1[C@@H]2CCCC[C@]32CCN1CC1CCC1,9.1024
CN1CCC23c4c5ccc(O)c4OC2c2nc(O)ncc2CC3(O)C1C5,6.9507
Oc1ccc2c(c1)[C@@]13CCCC[C@H]1[C@@H](C2)N(CC1CCC1)CC3,10.1024
CCc1ccc(OCc2ccccc2C(=O)Nc2ccc3nc(C)cc(N)c3c2)cc1,5.9757
CC(=O)N[C@@H](CCCN=C(N)N)C(=O)N[C@@H](CC1CCCCC1)C(=O)N[C@H]1CC[C@H]2SC[C@@H](C(=O)N[C@H](CCCN=C(N)N)C(=O)NC(Cc3ccc(Cl)cc3)C(N)=O)N2C1=O,6.7212
CC(=O)N[C@@H](CCCN=C(N)N)C(=O)N[C@@H](CC1CCCCC1)C(=O)NC1S[C@H]2CCC[C@@H](C(=O)N[C@H](CCCN=C(N)N)C(=O)NC(Cc3ccc(Cl)cc3)C(N)=O)N2C1=O,5.9646
CC(=O)N[C@@H](CCCN=C(N)N)C(=O)N[C@@H](CC1CCCCC1)C(=O)NC1CC[C@H]2CCC[C@@H](C(=O)N[C@H](CCCN=C(N)N)C(=O)NC(Cc3ccc(Cl)cc3)C(N)=O)N2C1=O,6.3556
CC(=O)N[C@@H](CCCN=C(N)N)C(=O)N[C@@H](CC1CCCCC1)C(=O)N[C@@H](Cc1ccccc1)C(=O)N1[C@H](C(=O)N[C@H](CCCN=C(N)N)C(=O)N[C@@H](Cc2ccc(Cl)cc2)C(N)=O)CC[C@@H]1C(C)(C)C,6.5498
CC(=O)N[C@@H](CCCN=C(N)N)C(=O)N[C@@H](CC1CCCCC1)C(=O)N[C@H]1CC[C@@H]2SC[C@H](C(=O)N[C@H](CCCN=C(N)N)C(=O)NC(Cc3ccc(Cl)cc3)C(N)=O)N2C1=O,7.1079
CC(C)C[C@H](NC(=O)[C@H](CCCCN)NC(=O)[C@H](CCCNC(=N)N)NC(=O)[C@H](C)NC(=O)[C@H](CO)NC(=O)[C@H](CCCCN)NC(=O)[C@H](CCCNC(=N)N)NC(=O)[C@H](C)NC(=O)CNC(=O)[C@@H](NC(=O)[C@H](Cc1ccccc1)NC(=O)CNC(=O)CNC(=O)[C@@H](N)Cc1ccccc1)[C@@H](C)O)C(=O)N[C@@H](C)C(=O)N[C@@H](CC(N)=O)C(=O)N[C@@H](CCC(N)=O)C(=O)O,6.8327
CNC(c1cccc(O)c1)C(C)(C)C(=O)NCC1CCCCC1,8.2441
CNC(c1cccc(O)c1)C(C)(C)C(=O)NCCCc1ccccc1,8.4437
CN(CC1CC1)C(c1cccc(O)c1)C(C)(C)C(=O)NCCc1ccccc1,8.5376
CCCCN(C)C(c1cccc(O)c1)C(C)(C)C(=O)NCCc1ccccc1,7.1249
CNC(c1ccccc1)C(C)(C)C(=O)NCC1CCCCC1,8.9208
CNC(c1cccc(O)c1)C(C)(C)C(=O)NCc1cccc2ccccc12,8.8861
CNC(c1cccc(O)c1)C(C)(C)C(=O)NCc1ccccc1,8.3010
CNC(c1ccccc1)C(C)(C)C(=O)NCCc1ccccc1,7.3098
CNC(c1cccc(O)c1)C(C)(C)C(=O)NCC1CC1,7.1249
CNC(c1cccc(O)c1)C(C)(C)C(=O)NCCc1ccccc1,8.2007
CNC(c1ccccc1)C(C)(C)C(=O)NCc1ccccc1,6.3307
CN1CC[C@]23c4c5ccc(O)c4O[C@H]2c2[nH]c4ccccc4c2C[C@@]3(CCCc2ccccc2)C1C5,7.1070
CN1CC[C@]23c4c5ccc(O)c4O[C@H]2c2[nH]c4ccccc4c2C[C@@]3(O)[C@H]1C5,6.3452
CN1CC[C@]23c4c5ccc(O)c4O[C@H]2c2[nH]c4ccccc4c2C[C@@]3(NC(=O)Cc2ccccc2)C1C5,6.9233
CCCCN[C@@]12Cc3c([nH]c4ccccc34)[C@@H]3Oc4c(O)ccc5c4[C@@]31CCN(C)C2C5,6.7356
CCN[C@@]12Cc3c([nH]c4ccccc34)[C@@H]3Oc4c(O)ccc5c4[C@@]31CCN(C)C2C5,7.1952
C[C@@H](NC(=O)[C@@H](N)Cc1ccc(O)cc1)C(=O)NCC(=O)N(C)[C@@H](Cc1ccccc1)C(=O)NCCO,5.9979
CN1CC[C@]23c4c5ccc(O)c4O[C@H]2c2[nH]c4ccccc4c2C[C@@]3(NCCCc2ccccc2)C1C5,7.8369
CN1CC[C@]23c4c5ccc(O)c4O[C@H]2c2[nH]c4ccccc4c2C[C@@]3(N)C1C5,6.3990
CCCCCCC(=O)N[C@@]12Cc3c([nH]c4ccccc34)[C@@H]3Oc4c(O)ccc5c4[C@@]31CCN(C)C2C5,6.3883
CN1CC[C@]23c4c5ccc(O)c4O[C@H]2c2[nH]c4ccccc4c2C[C@@]3(NCCc2ccccc2)C1C5,7.8226
CN1CCNC(=O)[C@H](Cc2ccccc2)NC(=O)CNC(=O)[C@H](NC(=O)[C@@H](N)Cc2ccc(O)cc2)C1,6.4685
O=C1CC[C@@]2(O)[C@H]3Cc4ccc(O)c5c4[C@@]2(CCN3CC2CC2)[C@H]1O5,8.8416
CN1CC[C@]23c4c5ccc(O)c4O[C@H]2c2[nH]c4ccccc4c2C[C@@]3(NC(=O)CCc2ccccc2)C1C5,7.6108
CCCCC(=O)N[C@@]12Cc3c([nH]c4ccccc34)[C@@H]3Oc4c(O)ccc5c4[C@@]31CCN(C)C2C5,6.6929
O=Cc1ccc(C(=O)NCC(=O)N[C@@H]2CC[C@@]3(O)[C@H]4Cc5ccc(O)c6c5C3(CCN4CC3CC3)C2O6)cc1C=O,9.1549
COc1ccc2c3c1O[C@H]1C(=O)CC[C@@]4(NC(=O)/C=C/c5ccc(Cl)cc5)[C@@H](C2)N(CC2CC2)CC[C@]314,7.7852
O=C(/C=C/c1ccc(Cl)cc1)NC12CCC(=O)C3Oc4cccc5c4[C@@]31CCN(CC1CC1)[C@@H]2C5,7.9245
O=C(/C=C/c1ccc(Cl)cc1)N[C@@]12CCC(=O)[C@@H]3Oc4c(O)ccc5c4[C@@]31CCN(CC1CC1)[C@@H]2C5,8.8523
CC[C@H](C)[C@H](NC(=O)[C@H](CCCNC(=N)N)NC(=O)[C@H](CCCNC(=N)N)NC(=O)[C@H](CC(C)C)NC(=O)[C@H](Cc1ccccc1)NC(=O)CNC(=O)CNC(=O)[C@@H](N)Cc1ccc(O)cc1)C(=O)N[C@@H](CCCNC(=N)N)C(=O)N1CCC[C@H]1C(=O)N[C@@H](CCCCN)C(=O)N[C@@H](CC(C)C)C(=O)N[C@@H](CCCCN)C(=O)O,9.8300
[3H]C1[C@H](C(C)(C)O)[C@]2(OC)CC[C@]13[C@H]1Cc4ccc(O)c5c4[C@@]3(CCN1CC1CC1)[C@H]2O5,10.5376
COc1ccc2c3c1O[C@H]1[C@@H](O)C=C[C@H]4[C@@H](C2)N(C)CC[C@@]341,4.7094
Brc1ccc2c(c1)[C@H]1c3cc(Br)ccc3[C@H](C2)N2CCC[C@@H]12,5.1308
C[C@@H]1[C@H]2c3cc(NCc4ccccc4)ccc3C[C@@H](c3ccc(NCc4ccccc4)cc32)N1C,6.1938
CC[C@@H](C)[C@@H](NC(=O)CNC(=O)[C@@H](N)Cc1ccc(O)cc1)C(=O)N[C@@H](Cc1ccccc1)C(=O)N[C@@H](CC(C)C)C(=O)N[C@@H](CCCN=C(N)N)C(=O)N[C@@H](CCCN=C(N)N)C(=O)N[C@H](C(=O)N[C@@H](CCCN=C(N)N)C(=O)N1CCC[C@@H]1C(=O)N[C@@H](CCCCN)C(N)=O)[C@@H](C)CC,7.2596
Brc1ccc(CNc2ccc3c(c2)[C@H]2c4cc(NCc5ccc(Br)cc5)ccc4[C@H](C3)N3CCC[C@@H]23)cc1,5.1549
CC(C)C[C@H]1[C@H]2c3ccccc3C[C@H](c3ccccc32)N1C,5.5272
CC[C@H](C)[C@H](NC(=O)[C@H](CCCN=C(N)N)NC(=O)[C@H](CCCN=C(N)N)NC(=O)[C@H](CC(C)C)NC(=O)[C@H](Cc1ccccc1)NC(=O)CNC(=O)[C@@H]1CCCN1C(=O)[C@@H](N)Cc1ccc(O)cc1)C(=O)N[C@@H](CCCN=C(N)N)C(=O)N1CCC[C@@H]1C(=O)N[C@@H](CCCCN)C(N)=O,7.1871
C[C@@H]1[C@H]2c3cc(N4CCN(C)CC4)ccc3C[C@@H](c3ccc(N4CCN(C)CC4)cc32)N1CC1CC1,5.7959
CC[C@H](C)[C@H](NC(=O)[C@H](CCCN=C(N)N)NC(=O)[C@H](CCCN=C(N)N)NC(=O)[C@H](CC(C)C)NC(=O)[C@H](Cc1ccccc1)NC(=O)[C@H]1CCCN1C(=O)CNC(=O)[C@@H](N)Cc1ccc(O)cc1)C(=O)N[C@@H](CCCN=C(N)N)C(=O)N1CCC[C@@H]1C(=O)N[C@@H](CCCCN)C(N)=O,8.3468
c1ccc2c(c1)C[C@@H]1c3ccccc3[C@H]2[C@@H]2CCCCN12,5.1308
CC[C@H](C)[C@H](NC(=O)[C@H](CCCN=C(N)N)NC(=O)[C@H](CCCN=C(N)N)NC(=O)[C@H](CC(C)C)NC(=O)[C@H](Cc1ccccc1)NC(=O)CNC(=O)[C@H]1CCCN1C(=O)[C@@H](N)Cc1ccc(O)cc1)C(=O)N[C@@H](CCCN=C(N)N)C(=O)N1CCC[C@@H]1C(=O)N[C@@H](CCCCN)C(N)=O,7.0269
CC[C@H](C)[C@H](NC(=O)[C@H](CCCN=C(N)N)NC(=O)[C@H](CCCN=C(N)N)NC(=O)[C@H](CC(C)C)NC(=O)[C@H](Cc1ccccc1)NC(=O)[C@@H](C)NC(=O)CNC(=O)[C@@H](N)Cc1ccc(O)cc1)C(=O)N[C@@H](CCCN=C(N)N)C(=O)N1CCC[C@@H]1C(=O)N[C@@H](CCCCN)C(N)=O,9.0193
C[C@@H]1[C@H]2c3cc(N4CCN(C)CC4)ccc3C[C@@H](c3ccc(N4CCN(C)CC4)cc32)N1C,5.4949
CN1[C@@H]2Cc3ccccc3[C@@H](c3ccccc32)[C@@H]1Cc1ccccc1,5.7670
C[C@@H]1[C@H]2c3cc(Br)ccc3C[C@@H](c3ccc(Br)cc32)N1C,5.1599
C[C@@H]1[C@H]2c3cc(NCc4ccccc4)ccc3C[C@@H](c3ccc(NCc4ccccc4)cc32)N1CC1CC1,7.5086
C[C@@H]1[C@H]2c3cc(O)ccc3C[C@@H](c3ccc(O)cc32)N1C,6.0173
C[C@@H]1[C@H]2c3cc(Nc4ccccc4)ccc3C[C@@H](c3ccc(Nc4ccccc4)cc32)N1C,5.4437
CC(=O)Oc1ccc2c(c1)[C@H]1c3cc(OC(C)=O)ccc3[C@H](C2)N(CC2CC2)[C@@H]1C,5.6946
C[C@@H]1[C@H]2c3cc(Nc4ccccc4)ccc3C[C@@H](c3ccc(Nc4ccccc4)cc32)N1CC1CC1,5.9208
C[C@@H]1[C@H]2c3cc(O)ccc3C[C@@H](c3ccc(O)cc32)N1CC1CC1,6.6904
c1ccc2c(c1)C[C@H]1c3ccccc3[C@H]2[C@@H]2CCCN12,5.2147
CC(C)[C@H]1[C@H]2c3ccccc3C[C@H](c3ccccc32)N1C,5.4672
COc1ccc2c(c1)[C@H]1c3cc(OC)ccc3[C@H](C2)N(CC2CC2)[C@@H]1C,5.2733
Oc1ccc2c(c1)[C@H]1c3cc(O)ccc3[C@H](C2)N2CCC[C@@H]12,5.1427
CC[C@H](C)[C@H](NC(=O)[C@H](CCCN=C(N)N)NC(=O)[C@H](CCCN=C(N)N)NC(=O)[C@H](CC(C)C)NC(=O)[C@H](Cc1ccccc1)NC(=O)CNC(=O)CNC(=O)[C@@H](N)Cc1ccc(O)cc1)C(=O)N[C@@H](CCCN=C(N)N)C(=O)N1CCC[C@H]1C(=O)N[C@@H](CCCCN)C(=O)N[C@@H](CC(C)C)C(=O)N[C@@H](CCCCN)C(=O)N[C@@H](Cc1c[nH]c2ccccc12)C(=O)N[C@@H](CC(=O)O)C(=O)N[C@@H](CC(N)=O)C(=O)N[C@@H](CCC(=O)O)C(=O)O,9.5252
CN(C(=O)Cc1ccc(Cl)c(Cl)c1)[C@H](CN1CCCC1)c1ccccc1,10.2676
C=CCN1CC[C@H](N(c2ccccc2)c2ccc(C(=O)N(CC)CC)cc2)[C@H](C)C1,5.6614
CN(C(=O)Cc1ccccc1N)[C@H](CN1CCCC1)c1ccccc1,9.2366
COc1ccc2c(c1O)[C@]13CCN(C)C(C2)[C@@]12C/C(=C\c1ccccc1)[C@@H]3c1[nH]c3ccccc3c1C2,6.9759
CN(C(=O)Cc1ccc(N)cc1)[C@H](CN1CCCC1)c1ccccc1,9.0315
CC[C@H](C)[C@H](NC(=O)[C@H](CCCN=C(N)N)NC(=O)[C@H](CCCN=C(N)N)NC(=O)[C@H](CC(C)C)NC(=O)[C@H](Cc1ccccc1)NC(=O)CNC(=O)CNC(=O)[C@@H](N)Cc1ccc(O)cc1)C(=O)N[C@@H](CCCN=C(N)N)C(=O)N1CCC[C@@H]1C(=O)N[C@@H](CCCCN)C(=O)O,7.9158
CN(C(=O)Cc1cccc(C(F)(F)F)c1)[C@H](CN1CCCC1)c1ccccc1,10.1938
COc1ccc2c(c1O)[C@]13CCN(C)C(C2)[C@]12CCC(=O)[C@H]3/C(=C/c1ccccc1)C2,8.7280
CN(C(=O)Cc1ccc(Cl)c(Cl)c1[N+](=O)[O-])[C@H](CN1CCCC1)c1ccccc1,10.0410
CC(C)=CC[C@@]12Cc3c([nH]c4ccccc34)[C@]3(C)Oc4c(O)ccc5c4[C@]13CCN(C)C2C5,6.1906
CN(C(=O)Cc1ccc(C(F)(F)F)cc1)[C@H](CN1CCCC1)c1ccccc1,10.2366
C=C(C)CN1CCC23c4c5ccc(OC)c4O[C@H]2c2n[nH]cc2C[C@@]3(O)C1C5,5.5086
O=C1CC[C@@]2(OCCCc3ccccc3)[C@H]3Cc4cccc(O)c4C2(CCN3CC2CC2)C1,8.3458
CN(C(=O)Cc1ccccc1N(S(C)(=O)=O)S(C)(=O)=O)[C@H](CN1CCCC1)c1ccccc1,8.0655
CN(C(=O)Cc1ccccc1C(F)(F)F)[C@H](CN1CCCC1)c1ccccc1,9.8861
CC(=O)N[C@@H](Cc1ccc(O)cc1)C(=O)N[C@@H](CCCCN)C(=O)N[C@@H](Cc1c[nH]c2ccccc12)C(=O)N[C@@H](Cc1c[nH]c2ccccc12)C(N)=O,5.8642
C/C=C1\C[C@@]23Cc4c([nH]c5ccccc45)[C@@H]1[C@@]21CCN(C)C3Cc2ccc(OC)c(O)c21,6.1386
CN(C(=O)Cc1cccc([N+](=O)[O-])c1)[C@H](CN1CCCC1)c1ccccc1,10.1871
C=C(C)CN1CCC23c4c5ccc(O)c4O[C@H]2c2oc4ccccc4c2C[C@@]3(O)C1C5,6.2366
C=C(C)CN1CCC23c4c5ccc(OC)c4O[C@H]2c2ncc(-c4ccc(Cl)cc4)cc2C[C@@]3(O)C1C5,5.4949
CN(C(=O)Cc1ccc(Cl)c(Cl)c1N)[C@H](CN1CCCC1)c1ccccc1,10.0655
CN(C(=O)Cc1cccc(N)c1)[C@H](CN1CCCC1)c1ccccc1,9.0315
CC(C)C[C@H](NC(=O)[C@H](Cc1ccccc1)NC(=O)CNC(=O)CNC(=O)[C@@H](N)Cc1ccc(O)cc1)C(=O)N[C@@H](CCCN=C(N)N)C(=O)N[C@@H](CCCN=C(N)N)C(=O)N[C@H](C)C(=O)N[C@@H](CCCN=C(N)N)C(=O)N1CCC[C@H]1C(=O)N[C@@H](CCCCN)C(N)=O,9.7212
CN(C(=O)Cc1ccc(N(S(C)(=O)=O)S(C)(=O)=O)cc1)[C@H](CN1CCCC1)c1ccccc1,7.6021
COc1ccc2c(c1O)[C@]13CCN(C)C(C2)[C@@]12C/C(=C(/C)c1ccccc1)[C@@H]3c1[nH]c3ccccc3c1C2,8.1494
C=C(C)CN1CCC23c4c5ccc(O)c4O[C@H]2C(=O)C2(Cc4ccccc4C2)C[C@@]3(O)C1C5,6.0000
CC[C@H](C)[C@H](NC(=O)[C@H](CCCNC(=N)N)NC(=O)[C@H](CCCNC(=N)N)NC(=O)[C@H](CC(C)C)NC(=O)[C@H](Cc1ccccc1)NC(=O)CNC(=O)CNC(=O)[C@@H](N)Cc1ccc(O)cc1)C(=O)N[C@@H](CCCNC(=N)N)C(=O)N1CCC[C@H]1C(=O)N[C@@H](CCCCN)C(=O)O,9.9208
CC(C)C[C@H](NC(=O)[C@H](Cc1ccccc1)NC(=O)CNC(=O)CNC(=O)[C@@H](N)Cc1ccc(O)cc1)C(=O)N[C@@H](CCCN=C(N)N)C(=O)N[C@@H](CCCN=C(N)N)C(=O)N[C@H](Cc1c[nH]c2ccccc12)C(=O)N[C@@H](CCCN=C(N)N)C(=O)N1CCC[C@@H]1C(=O)N[C@@H](CCCCN)C(=O)O,7.8945
C=C(C)CN1CCC23c4c5ccc(O)c4O[C@H]2c2ncc(-c4ccc(Cl)cc4)cc2C[C@@]3(O)C1C5,6.5229
CN(C(=O)Cc1ccc([N+](=O)[O-])cc1)[C@H](CN1CCCC1)c1ccccc1,8.9586
CC(=O)N[C@@H](Cc1ccc(O)cc1)C(=O)N[C@@H](CCCCN)C(=O)N[C@@H](Cc1c[nH]c2ccccc12)C(=O)N[C@@H](Cc1c[nH]c2ccccc12)C(=O)N[C@@H](CC(C)C)C(=O)N[C@@H](CCCN=C(N)N)C(=O)N[C@@H](CCCN=C(N)N)C(=O)N[C@H](C)C(=O)N[C@@H](CCCN=C(N)N)C(=O)N1CCC[C@H]1C(=O)N[C@@H](CCCCN)C(N)=O,7.7033
CN(C(=O)Cc1cccc(N(S(C)(=O)=O)S(C)(=O)=O)c1)[C@H](CN1CCCC1)c1ccccc1,8.2218
C=C(C)CN1CCC23c4c5ccc(O)c4O[C@H]2c2n[nH]cc2C[C@@]3(O)C1C5,7.4202
COc1ccc2c(c1O)[C@]13CCN(C)C(C2)[C@]12CCC(=O)[C@H]3/C(=C(\C)c1ccccc1)C2,9.1625
CN(C(=O)Cc1ccc(Cl)c(Cl)c1N(S(C)(=O)=O)S(C)(=O)=O)[C@H](CN1CCCC1)c1ccccc1,10.0177
C=C(C)CN1CCC23c4c5ccc(O)c4O[C@H]2c2[nH]c4ccccc4c2C[C@@]3(O)C1C5,5.4202
COc1cccc2c1[C@]13CCN(CC4CC4)[C@H](C2)[C@]1(OC)CCC(=O)C3,6.9318
C=C(C)CN1CCC23c4c5ccc(O)c4O[C@H]2C(=O)/C(=C/c2ccccc2)C[C@@]3(O)C1C5,5.3468
CN1CC[C@]23c4c5ccc(O)c4O[C@@]2(C)c2[nH]c4ccccc4c2C[C@@]3(C/C=C/c2ccccc2)C1C5,6.3575
CN(C(=O)Cc1ccccc1[N+](=O)[O-])[C@H](CN1CCCC1)c1ccccc1,9.3872
COc1ccc2c(c1O)[C@]13CCN(C)C(C2)[C@@]12CC(=C(C)C)[C@@H]3c1[nH]c3ccccc3c1C2,6.8046
C=CCN1CC[C@H](N(c2ccccc2)c2ccc(C(=O)N(CC)CC)cc2)[C@@H](C)C1,5.0607
OC1(c2ccc(Cl)c(C(F)(F)F)c2)CCN(CC2CCCCCCC2)CC1,5.7817
O=C(Oc1ccc2c(c1)[C@@]13CCCC[C@H]1[C@@H](C2)N(CC1CCC1)CC3)c1cccc(C(=O)Oc2ccc3c(c2)[C@@]24CCCC[C@H]2[C@@H](C3)N(CC2CCC2)CC4)c1,8.4685
CC(C)C1CCC(N2CCC(O)(c3cccc(C(F)(F)F)c3)CC2)CC1,5.3816
O=C(CCCCCCCCCCC(=O)Oc1ccc2c(c1)[C@@]13CCCC[C@H]1[C@@H](C2)N(CC1CCC1)CC3)Oc1ccc2c(c1)[C@@]13CCCC[C@H]1[C@@H](C2)N(CC1CCC1)CC3,8.5251
O=C(/C=C/C(=O)Oc1ccc2c(c1)[C@@]13CCCC[C@H]1[C@@H](C2)N(CC1CCC1)CC3)Oc1ccc2c(c1)[C@@]13CCCC[C@H]1[C@@H](C2)N(CC1CCC1)CC3,10.0969
Oc1ccc2c(c1)[C@@]13CCCC[C@H]1[C@@H](C2)N(CCCN1CC[C@]24CCCC[C@H]2[C@H]1Cc1ccc(O)cc14)CC3,7.6198
O=C(CCCCCCC(=O)Oc1ccc2c(c1)[C@@]13CCCC[C@H]1[C@@H](C2)N(CC1CCC1)CC3)Oc1ccc2c(c1)[C@@]13CCCC[C@H]1[C@@H](C2)N(CC1CCC1)CC3,8.5728
c1cc2c(cc1OCCCCCCCCCCOc1ccc3c(c1)[C@@]14CCCC[C@H]1[C@@H](C3)N(CC1CCC1)CC4)[C@@]13CCCC[C@H]1[C@@H](C2)N(CC1CCC1)CC3,6.9208
O=C(CCCC(=O)Oc1ccc2c(c1)[C@@]13CCCC[C@H]1[C@@H](C2)N(CC1CCC1)CC3)Oc1ccc2c(c1)[C@@]13CCCC[C@H]1[C@@H](C2)N(CC1CCC1)CC3,8.9208
OC1(c2cccc(C(F)(F)F)c2)CCN(CC2CCCCCCC2)CC1,5.3726
O=C(CCC(=O)Oc1ccc2c(c1)[C@@]13CCCC[C@H]1[C@@H](C2)N(CC1CC1)CC3)Oc1ccc2c(c1)[C@@]13CCCC[C@H]1[C@@H](C2)N(CC1CC1)CC3,9.2407
COC(=O)CCCCCCCCC(=O)Oc1ccc2c(c1)[C@@]13CCCC[C@H]1[C@@H](C2)N(CC1CCC1)CC3,9.1995
O=C(CCCCCCCCC(=O)Oc1ccc2c(c1)[C@@]13CCCC[C@H]1[C@@H](C2)N(CC1CC1)CC3)Oc1ccc2c(c1)[C@@]13CCCC[C@H]1[C@@H](C2)N(CC1CC1)CC3,8.8485
Oc1ccc2c(c1)[C@@]13CCCC[C@H]1[C@@H](C2)N(CCCCCCN1CC[C@]24CCCC[C@H]2[C@H]1Cc1ccc(O)cc14)CC3,7.3010
O=C(Oc1ccc2c(c1)[C@@]13CCCC[C@H]1[C@@H](C2)N(CC1CCC1)CC3)c1ccc(C(=O)Oc2ccc3c(c2)[C@@]24CCCC[C@H]2[C@@H](C3)N(CC2CCC2)CC4)cc1,8.3768
O=C(CCCCCCCCC(=O)Oc1ccc2c(c1)[C@@]13CCCC[C@H]1[C@@H](C2)N(CC1CCC1)CC3)Oc1ccc2c(c1)[C@@]13CCCC[C@H]1[C@@H](C2)N(CC1CCC1)CC3,10.3098
O=C(Oc1ccc2c(c1)[C@@]13CCCC[C@H]1[C@@H](C2)N(CC1CCC1)CC3)[C@H]1C[C@H]1C(=O)Oc1ccc2c(c1)[C@@]13CCCC[C@H]1[C@@H](C2)N(CC1CCC1)CC3,9.7696
O=C(CCC(=O)Oc1ccc2c(c1)[C@@]13CCCC[C@H]1[C@@H](C2)N(CC1CCC1)CC3)Oc1ccc2c(c1)[C@@]13CCCC[C@H]1[C@@H](C2)N(CC1CCC1)CC3,9.2330
c1cc2c(cc1OCCCCOc1ccc3c(c1)[C@@]14CCCC[C@H]1[C@@H](C3)N(CC1CCC1)CC4)[C@@]13CCCC[C@H]1[C@@H](C2)N(CC1CCC1)CC3,7.7447
CN(C(=O)Cc1cccc2occc12)[C@H]1CC[C@@]2(CCCO2)C[C@@H]1N1CCCC1,9.0251
O=C(CCCCCCCC(=O)Oc1ccc2c(c1)[C@@]13CCCC[C@H]1[C@@H](C2)N(CC1CCC1)CC3)Oc1ccc2c(c1)[C@@]13CCCC[C@H]1[C@@H](C2)N(CC1CCC1)CC3,8.5265
CCCC1CCC(N2CCC(O)(c3cccc(C(F)(F)F)c3)CC2)CC1,5.2218
CC(C)[C@@H](CN1CC[C@@](C)(c2cccc(O)c2)[C@@H](C)C1)NC(=O)[C@H]1Cc2ccccc2CN1,9.3010
CC(C)[C@@H](CN1CC[C@@](C)(c2cccc(O)c2)[C@@H](C)C1)NC(=O)[C@H]1Cc2ccc(O)cc2CN1C,9.4055
CC(C)[C@@H](CN1CC[C@@](C)(c2cccc(O)c2)[C@@H](C)C1)NC(=O)[C@H]1Cc2ccc(O)cc2CN1,10.3442
N=C(N)Nc1ccc2[nH]c3c(c2c1)C[C@@]1(O)[C@H]2Cc4ccc(O)c5c4[C@@]1(CCN2CC1CC1)[C@H]3O5,9.8239
CC(C)[C@@H](CN1CC[C@@](C)(c2cccc(O)c2)[C@@H](C)C1)NC[C@H]1Cc2ccc(O)cc2CN1,8.7399
CC(C)[C@@H](CN1CC[C@@](C)(c2cccc(O)c2)[C@@H](C)C1)NC(=O)[C@H]1Cc2ccc(O)cc2CN1C(=O)CN(C)C,7.7905
C[C@H]1CN(CCc2ccccc2)CC[C@@]1(C)c1cccc(O)c1,7.7696
Fc1ccc2[nH]c(CN3CCN(c4ccccn4)CC3)cc2c1,6.5229
C[C@H]1CN(C)CC[C@@]1(C)c1cccc(O)c1,6.0794
C=CCN1CCN(C(c2ccccc2)c2ccc(C(=O)N(CC)CC)cc2)CC1,5.1207
C[C@H]1CN(Cc2ccc(C(C)(C)C)cc2)CC[C@@]1(C)c1cccc(C(N)=O)c1,6.9208
C[C@H]1CN(CCc2ccccc2)CC[C@@]1(C)c1cccc(C(N)=O)c1,7.0223
C[C@H]1CN(CCc2ccccc2)CC[C@@]1(C)c1cccc(N)c1,5.8539
O=C(CSSCC(=O)N[C@@]12CCC(=O)[C@@H]3Oc4c(O)ccc5c4[C@@]31CCN(CC1CC1)[C@@H]2C5)N[C@@]12CCC(=O)[C@@H]3Oc4c(O)ccc5c4[C@@]31CCN(CC1CC1)[C@@H]2C5,8.0004
C[C@H]1CN(Cc2cccc(Cl)c2)CC[C@@]1(C)c1cccc(C(N)=O)c1,6.7212
C[C@@]12Oc3c(O)ccc4c3[C@@]13CCN(CC1CC1)[C@H](C4)[C@]3(NC(=O)CSSCC(=O)N[C@@]13CCC(=O)[C@]4(C)Oc5c(O)ccc6c5[C@@]41CCN(CC1CC1)[C@@H]3C6)CCC2=O,8.1135
C=CCN1C[C@H](C)N([C@H](c2ccc(C(=O)N(CC)CC)cc2)c2cccc(O)c2)C[C@H]1C,7.2590
CN(C(=O)Cc1ccc(Cl)c(Cl)c1)[C@H]1c2ccccc2CC[C@@H]1N1CCCC1.Cl,8.0000
C[C@H]1CN(CCc2ccccc2)CC[C@@]1(C)c1cccc(CO)c1,6.0757
C[C@H]1CN(Cc2ccc(N(C)C)cc2)CC[C@@]1(C)c1cccc(C(N)=O)c1,6.3372
C[C@H]1CN(Cc2cccn2S(=O)(=O)c2ccccc2)CC[C@@]1(C)c1cccc(C(N)=O)c1,6.6778
C[C@H]1CN(Cc2cc3ccccc3o2)CC[C@@]1(C)c1cccc(C(N)=O)c1,6.5229
CNC(=O)c1cccc([C@]2(C)CCN(CCc3ccccc3)C[C@@H]2C)c1,5.8861
C[C@H]1CN(CCCc2ccccc2)CC[C@@]1(C)c1cccc(C(N)=O)c1,6.8539
C[C@H]1CN(CC2CC2)CC[C@@]1(C)c1cccc(C(N)=O)c1,6.8539
CCN(CC)C(=O)c1ccc(C(c2ccc3cccnc3c2)N2CCNCC2)cc1,5.5003
C[C@H]1CN(Cc2ccccc2)CC[C@@]1(C)c1cccc(C(N)=O)c1,6.6778
CN1CC[C@]23c4c5ccc(O)c4O[C@H]2C(=O)CC[C@@]3(NC(=O)CSSCC(=O)N[C@@]23CCC(=O)[C@@H]4Oc6c(O)ccc7c6[C@@]42CCN(C)[C@@H]3C7)[C@H]1C5,7.3899
COc1cccc2c1CC[C@H](N1CCCC1)[C@H]2N(C)C(=O)Cc1ccc(Cl)c(Cl)c1.CS(=O)(=O)O,8.2218
CCN(CC)C(=O)c1ccc(C(c2ccccc2)N2CCN(C)CC2)cc1,5.1568
CSc1ccc(CN2CC[C@@](C)(c3cccc(C(N)=O)c3)[C@@H](C)C2)cc1,6.9208
C[C@H]1CN(Cc2ccc3ccccc3n2)CC[C@@]1(C)c1cccc(C(N)=O)c1,6.2218
CN1CC[C@]23c4c5ccc(O)c4O[C@@]2(C)C(=O)CC[C@@]3(NC(=O)CSSCC(=O)N[C@@]23CCC(=O)[C@]4(C)Oc6c(O)ccc7c6[C@@]42CCN(C)C3C7)C1C5,7.0506
CC(CCN1CC[C@@](C)(c2cccc(C(N)=O)c2)[C@@H](C)C1)CC(C)(C)C,8.2676
C[C@H]1CN(Cc2cccc(O)c2)CC[C@@]1(C)c1cccc(C(N)=O)c1,6.8539
CCN(CC)C(=O)c1ccc(C(c2cccc3cccnc23)N2CCNCC2)cc1,5.1538
CCN(CC)C(=O)c1ccc(C(c2ccc3cc[nH]c3c2)N2CCNCC2)cc1,5.4015
CC(CCN1CC[C@@](C)(c2cccc(C(N)=O)c2)[C@@H](C)C1)c1ccccc1,7.0000
CCN(CC)C(=O)c1ccc(C(c2ccccc2)N2CCCNCC2)cc1,5.3439
CCN(CC)C(=O)c1ccc(C(c2cccc3ccccc23)N2CCNCC2)cc1,5.3093
CCN(CC)C(=O)c1ccc(C(C2CCCCC2)N2CCNCC2)cc1,6.1403
CC(=O)Nc1cccc([C@]2(C)CCN(CCc3ccccc3)C[C@@H]2C)c1,5.9586
COc1ccc(CN2CC[C@@](C)(c3cccc(C(N)=O)c3)[C@@H](C)C2)cc1,6.6576
Cc1cc(-c2cccn(C(CN3CCC(O)C3)c3ccccc3)c2=O)ccc1F,8.0757
CC(=O)N1CCN(C(=O)Cc2cc(F)cc(F)c2)C(CN2CC[C@H](O)C2)C1,8.3372
COc1cccc(OC)c1-c1cccn(C(CN2CCC(O)C2)c2ccccc2)c1=O,8.0088
O=c1c(-c2ccc(F)cc2)cccn1C(CN1CCC(O)C1)c1ccccc1,7.4815
CC[C@@]12CCN(CC3CC3)C(C(=O)c3ccc(O)cc31)[C@@H]2C,8.1428
COC(=O)N1CCN(C(=O)Cc2ccc(Cl)c(Cl)c2)[C@H](CN2CCCC2)C1,9.9991
COc1ccc(C(CN2CCCC2)n2cccc(-c3ccc(C(F)(F)F)cc3)c2=O)cc1,6.4949
O=Cc1ccccc1-c1cccn(C(CN2CCC(O)C2)c2ccccc2)c1=O,7.8861
CC(=O)c1ccc(-c2cccn(C(CN3CCC(O)C3)c3ccccc3)c2=O)s1,7.4202
O=C(Nc1cccc(C(F)(F)F)c1)c1cc(Br)cc(Br)c1O,6.8041
O=C1COc2ccc(C(CN3CCCC3)n3cccc(-c4ccc(C(F)(F)F)cc4)c3=O)cc2N1,7.2441
O=c1c(Nc2ccc(C(F)(F)F)cc2)cccn1C(CN1CCCC1)c1ccccc1,7.0862
COc1ccc(Cl)cc1-c1cccn(C(CN2CCC(O)C2)c2ccccc2)c1=O,7.2757
N=C(N)N1CC[C@]23c4c5ccc(O)c4O[C@H]2c2[nH]c4c(c2C[C@@]3(O)[C@H]1C5)C[C@@]1(O)[C@H]2Cc3ccc(O)c5c3[C@@]1(CCN2CC1CC1)[C@H]4O5,7.9838
O=c1c(-c2ccc(Cl)cc2Cl)cncn1C(CN1CCCC1)c1ccccc1,7.3872
Cc1ccc(Nc2cccn(C(CN3CCCC3)c3ccccc3)c2=O)cc1,7.0269
COc1ccc(OC)c(-c2cccn(C(CN3CCC(O)C3)c3ccccc3)c2=O)c1,8.1612
CN1CC[C@]23c4c5ccc(O)c4O[C@H]2c2[nH]c4c(c2C[C@@]3(O)[C@H]1C5)C[C@@]1(O)[C@H]2Cc3ccc(O)c5c3[C@@]1(CCN2C)[C@H]4O5,7.8885
CC(=O)N1CCN(C(=O)Cc2ccc(C(F)(F)F)cc2)C(CN2CC[C@H](O)C2)C1,8.8239
O=c1c(-c2cccc(CO)c2)cccn1C(CN1CCC(O)C1)c1ccccc1,8.0177
CC(=O)N1CC[C@]23c4c5ccc(O)c4O[C@H]2c2[nH]c4c(c2C[C@@]3(O)[C@H]1C5)C[C@@]1(O)[C@H]2Cc3ccc(O)c5c3[C@@]1(CCN2CC1CC1)[C@H]4O5,6.9830
O=c1c(-c2ccc(OC(F)(F)F)cc2)cccn1C(CN1CCC(O)C1)c1ccccc1,8.1192
COc1ccc2c3c1O[C@H]1c4[nH]c5c(c4C[C@@]4(O)[C@@H](C2)N(CC2CC2)CC[C@]314)C[C@@]1(O)[C@H]2Cc3ccc(O)c4c3[C@@]1(CCN2C)[C@H]5O4,7.4401
CC(=O)N1CCN(C(=O)Cc2cccc([N+](=O)[O-])c2)C(CN2CC[C@H](O)C2)C1,7.8539
O=c1c(-c2ccccc2)cccn1C(CN1CCC(O)C1)c1ccccc1,6.3302
CC(=O)N1CCN(C(=O)Cc2ccc(Cl)c(Cl)c2)C(CN2CC[C@H](O)C2)C1,9.6576
CC(=O)N1CCN(C(=O)Cc2ccc([N+](=O)[O-])cc2)C(CN2CC[C@H](O)C2)C1,8.2007
CC(=O)N1CCN(C(=O)Cc2ccc([S+](C)[O-])cc2)C(CN2CC[C@H](O)C2)C1,6.8539
O=c1c(-c2ccccc2)ccnn1C(CN1CCCC1)c1ccccc1,6.2596
Cc1ccc(C(C)Nc2cccn(C(CN3CCCC3)c3ccccc3)c2=O)cc1,6.4815
COc1cccc(CC(=O)N2CCN(C(C)=O)CC2CN2CC[C@H](O)C2)c1,7.3098
CCN(CC)c1ccc(C(CN2CCCC2)n2cccc(-c3ccc(C(F)(F)F)cc3)c2=O)cc1,5.5114
COc1ccc(F)cc1-c1cccn(C(CN2CCC(O)C2)c2ccccc2)c1=O,8.2596
O=c1c(-c2ccc(C(F)(F)F)cc2)cccn1C(CN1C=CC=CC=N1)c1ccccc1,5.8539
COc1ccccc1-c1cccn(C(CN2CCC(O)C2)c2ccccc2)c1=O,7.0269
O=c1c(-c2ccc(Cl)cc2Cl)cccn1C(CN1CCCC1)c1ccccc1,8.6383
O=c1c(-c2ccccc2)nccn1C(CN1CCCC1)c1ccccc1,5.6108
O=c1c(-c2cccc(OC(F)(F)F)c2)cccn1C(CN1CCC(O)C1)c1ccccc1,7.6576
CC(=O)c1ccc(-c2cccn(C(CN3CCC(O)C3)c3ccccc3)c2=O)cc1,7.8539
CN1CC[C@]23c4c5ccc(O)c4O[C@H]2c2[nH]c4c(c2C[C@H]3[C@H]1C5)C[C@@]1(O)[C@H]2Cc3ccc(O)c5c3[C@@]1(CCN2CC1CC1)[C@H]4O5,7.4023
CC1C2Cc3ccc(O)cc3C1(C)CCN2CCc1ccccc1,6.9172
CC(=O)N1CCN(C(=O)Cc2ccc(S(C)(=O)=O)cc2)C(CN2CC[C@H](O)C2)C1,9.0458
CN(C(=O)Cc1ccc(Cl)c(Cl)c1)C(CN1CCCC1)c1cccc(OCC(=O)O)c1,8.3505
Nc1cccc(-c2cccn(C(CN3CCC(O)C3)c3ccccc3)c2=O)c1,7.6021
CO[C@]12CC[C@@]3(C[C@@H]1C(C)(C)O)[C@H]1Cc4ccc(O)c5c4[C@@]3(CCN1CC1CC1)[C@H]2O5,9.4202
CSc1ccc(CC(=O)N2CCN(C(C)=O)CC2CN2CC[C@H](O)C2)cc1,7.4318
O=C(O)COc1cccc(C(CN2CCCC2)n2cccc(-c3ccc(C(F)(F)F)cc3)c2=O)c1,6.3768
COc1ccc2c3c1O[C@H]1c4[nH]c5c(c4C[C@@]4(O)[C@@H](C2)N(CC2CC2)CC[C@]314)C[C@@]1(O)[C@H]2Cc3ccc(O)c4c3[C@@]1(CCN2CC1CC1)[C@H]5O4,7.7696
O=c1c(-c2ccc(C(F)(F)F)cc2)cccn1C(CN1CCOCC1)c1ccccc1,6.1549
CC(=O)N1CCN(C(=O)Cc2ccccc2)C(CN2CC[C@H](O)C2)C1,6.3979
O=c1c(-c2ccccc2)cncn1C(CN1CCCC1)c1ccccc1,5.7545
COc1ccc(CC(=O)N2CCN(C(C)=O)CC2CN2CC[C@H](O)C2)cc1,6.6383
CCC(=O)N(c1ccccc1)[C@H]1CCN(C[C@H](O)c2ccccc2)C[C@H]1C,6.9129
O=C(CCc1ccc(F)cc1)N1CCN(CCCC(c2ccc(F)cc2)c2ccc(F)cc2)CC1,5.5498
N#Cc1ccc(CCOC(=O)NC2CCN(CCCC(c3ccc(F)cc3)c3ccc(F)cc3)CC2)cc1,5.7033
CC[C@]12CCN(CC3CC3)[C@H](C(=O)c3ccc(O)cc31)[C@@H]2C,9.6778
CS[C@@H]1Cc2ccc(O)cc2C(C)(C)[C@@H]1N,7.1805
O=c1[nH]c2ccccc2n(C2CCN(Cc3cc4c(cc3Cl)OCO4)CC2)c1=O,7.4949
Cl.Cl.Fc1ccc(C(OCCN2CCN(CCCc3ccccc3)CC2)c2ccc(F)cc2)cc1,5.6696
CN1CC[C@]23c4c5ccc(O)c4O[C@H]2C(=O)CC[C@@]3(NC(=O)CS)[C@H]1C5,7.3862
Cl.Cl.Fc1ccc(C(OCCN2CCN(C/C=C/c3ccccc3)CC2)c2ccc(F)cc2)cc1,5.7520
CCOc1ccc(CCNC(=O)N2CCN(CCCC(c3ccc(F)cc3)c3ccc(F)cc3)CC2)cc1,5.3851
C[C@@]12CCCCS[C@@H](Cc3ccc(O)cc31)C2N,7.3625
CC[C@@H]1Cc2ccc(O)cc2C(C)(C)[C@@H]1N,6.4622
O=C(CCCc1ccccc1)N1CCN(CCCC(c2ccc(F)cc2)c2ccc(F)cc2)CC1,5.6676
CN(C(=O)Cc1c(OCCN2CCCC2)ccc2ccccc12)C1CCCCC1,6.7959
COc1ccc(CN2CCN(C(=O)CCn3cc(C)c4ccccc43)CC2)cc1OCc1ccccc1,5.4461
O=C(OCCc1ccc(F)cc1)N1CCN(CCCC(c2ccc(F)cc2)c2ccc(F)cc2)CC1,5.3737
COc1ccc(SCCC(=O)N2CCN(Cc3cccc(Oc4ccc(Cl)cc4)c3)CC2)cc1,5.6576
CCC(=O)N(c1ccccc1)C1(C(=O)OC)CCN(CCc2ccccc2)CC1,7.3655
CCC(=O)N(c1ccccc1)[C@H]1CCN(CCc2ccccc2)C[C@H]1C,7.2411
O=C(OCc1cc2c(cc1Cl)OCO2)N1CCC(n2c(=O)c(=O)[nH]c3ccccc32)CC1,5.9747
Cc1ccc(CN2CCC(n3c(O)nc4ccccc43)CC2)c(Cl)c1,6.5686
O=c1[nH]c2ccccc2n1C1CCN(CCCC(c2ccc(F)cc2)c2ccc(F)cc2)CC1,6.0044
CCC(=O)N(c1ccccc1)C1(COC)CCN(CCc2ccccc2)CC1,7.2007
CO[C@@H]1Cc2ccc(O)cc2C(C)(C)[C@@H]1N,6.7352
Cl.Cl.Fc1ccc(C(c2ccc(F)cc2)N2CCN(C/C=C/c3ccccc3)CC2)cc1,5.0232
O=C(Cc1cccc2occc12)NCC12CCCN1CCC2,6.0269
CC(=O)N[C@@H](CCCN=C(N)N)C(=O)N[C@H](CC1CCCCC1)C(=O)N[C@H]1CC[C@H]2CCC[C@@H](C(=O)N[C@H](CCCN=C(N)N)C(=O)N[C@H](Cc3ccc(Cl)cc3)C(N)=O)N2C1=O,6.9788
CN1CCC2(c3cccc(O)c3)CCCC1[C@H]2O,6.9586
O=C1NCN(c2ccccc2F)C12CCN(C1Cc3cccc4cccc1c34)CC2,6.8000
COC(=O)/C=C1\CCN(CC2CN(C(=O)OC)CCN2C(=O)Cc2ccc(Cl)c(Cl)c2)C1,8.3979
COC(=O)N1CCN(C(=O)Cc2ccc(Cl)c(Cl)c2)C(CN2CCC(=O)C2)C1,9.4685
CCC(=O)N(c1ccccc1)[C@@]1(C(=O)OC)CCN(CCc2ccccc2)C[C@H]1C,8.2596
Oc1ccc2c3c1O[C@H]1c4c(c(-c5ccccc5)cn4Cc4ccccc4)C[C@@]4(O)C(C2)N(CC2CC2)CC[C@]314,6.9208
O=C1NCN(c2ccccc2)C12CCN([C@H]1Cc3cccc4cccc1c34)CC2,7.6000
O=C1NCN(c2ccccc2)C12CCN(C1CCc3c(Cl)cccc3C1)CC2,7.6840
O=C1NCN(c2ccccc2)C12CCN([C@H]1CCc3c(Cl)ccc(Cl)c3C1)CC2,7.3969
Cc1c(-c2ccccc2)c2c(n1Cc1ccccc1)[C@@H]1Oc3c(O)ccc4c3[C@@]13CCN(CC1CC1)C(C4)[C@]3(O)C2,6.7375
CC(=O)N[C@@H](CCCN=C(N)N)C(=O)N[C@H](CC1CCCCC1)C(=O)N[C@H]1CC[C@@H]2SC[C@@H](C(=O)N[C@H](CCCN=C(N)N)C(=O)NC(Cc3ccc(Cl)cc3)C(N)=O)N2C1=O,7.1079
O=C1NCN(c2ccccc2)C12CCN(C1Cc3cccc4cccc1c34)CC2,7.5925
CCCOC(=O)N1CCN(C(=O)Cc2ccc(Cl)c(Cl)c2)C(CN2CCCC2)C1,6.5229
O=C1NCN(c2ccccc2)C12CCN(C1CCc3ccc(Cl)cc3C1)CC2,7.7852
O=C1NCN(c2ccc(Cl)cc2)C12CCN(C1Cc3cccc4cccc1c34)CC2,7.1000
Cc1ccc(N2CNC(=O)C23CCN(C2Cc4cccc5cccc2c45)CC3)cc1,6.7000
Cc1ccc(-c2cn(Cc3ccccc3)c3c2C[C@@]2(O)C4Cc5ccc(O)c6c5[C@@]2(CCN4CC2CC2)[C@H]3O6)cc1,6.9666
CC(=O)N[C@@H](CCCNC(N)=O)C(=O)N[C@H](CC1CCCCC1)C(=O)N[C@H]1CC[C@H]2CCC[C@@H](C(=O)N[C@H](CCCN=C(N)N)C(=O)N[C@H](Cc3ccc(Cl)cc3)C(N)=O)N2C1=O,5.3696
O=C1NCN(c2cccc(Cl)c2)C12CCN(C1Cc3cccc4cccc1c34)CC2,7.3000
O=C1NCN(c2cccc(Br)c2)C12CCN(C1Cc3cccc4cccc1c34)CC2,7.1000
COC(=O)/C=C1/CCN(CC2CN(C(=O)OC)CCN2C(=O)Cc2ccc(Cl)c(Cl)c2)C1,9.5528
O=CN1CCN(C(=O)Cc2ccc(Cl)c(Cl)c2)C(CN2CCCC2)C1,7.8239
Cc1cccc2c1CCCC2N1CCC2(CC1)C(=O)NCN2c1ccccc1,7.3565
O=C1NCN(c2ccccc2)C12CCN(C1CCc3cccc(Cl)c3C1)CC2,7.3188
O=C1NCN(c2ccccc2)C12CCN(C1CCc3ccccc3C1)CC2,7.3270
COC(=O)N1CCN(C(=O)Cc2ccc(Cl)c(Cl)c2)C(CN2CCC(O)C2)C1,9.4685
Cc1cccc(N2CNC(=O)C23CCN(C2Cc4cccc5cccc2c45)CC3)c1,7.7001
O=C1NCN(c2cccc(F)c2)C12CCN(C1Cc3cccc4cccc1c34)CC2,7.9000
CCC(=O)N1CCN(C(=O)Cc2ccc(Cl)c(Cl)c2)C(CN2CCCC2)C1,8.1612
COC(=O)N1CCN(C(=O)Cc2ccc(Cl)c(Cl)c2)C(CN2CCCC2)C1,9.3468
Oc1ccc2c3c1O[C@H]1c4[nH]cc(-c5ccccc5)c4C[C@@]4(O)C(C2)N(CC2CC2)CC[C@]314,7.3468
C[C@@H]1C2CCCC1(c1cccc(O)c1)CCN2C,6.5418
CN1CN(c2ccccc2)C2(CCN(C3CCc4c(Cl)ccc(Cl)c4C3)CC2)C1=O,7.7696
O=C1NCN(c2ccccc2)C12CCN(C1Cc3ccccc3C1)CC2,6.7932
CCOC(=O)N1CCN(C(=O)Cc2ccc(Cl)c(Cl)c2)C(CN2CCCC2)C1,8.4559
O=C1NCN(c2ccccc2)C12CCN(C1CCc3c(Cl)ccc(Cl)c3C1)CC2,7.3546
O=C1NCN(c2ccccc2)C12CCN(C1CCc3ccccc31)CC2,7.8853
C=CCN1CN(c2ccccc2)C2(CCN(C3CCc4c(Cl)ccc(Cl)c4C3)CC2)C1=O,7.5817
CCCN1CC[C@]23c4c5ccc(O)c4O[C@H]2c2c(c(-c4ccccc4)cn2Cc2ccccc2)C[C@@]3(O)C1C5,6.7190
O=C1NCN(c2ccccc2)C12CCN([C@@H]1Cc3cccc4cccc1c34)CC2,7.7001
COC(=O)N1CCN(C(=O)Cc2ccc(Cl)c(Cl)c2)C(CN(C)C)C1,8.9208
COCC(=O)N1CCN(C(=O)Cc2ccc(Cl)c(Cl)c2)C(CN2CCCC2)C1,5.5376
COCN1CN(c2ccccc2)C2(CCN(C3CCc4cccc(Cl)c4C3)CC2)C1=O,7.7570
O=C1NCN(c2ccccc2)C12CCN([C@H]1CCCc3ccccc31)CC2,7.7696
O=C1NCN(c2ccccc2)C12CCN(C1CCCc3ccccc31)CC2,7.5789
O=C1N(Cc2ccccc2)CN(c2ccccc2)C12CCN(C1CCc3c(Cl)ccc(Cl)c3C1)CC2,7.2840
N=C(N)NCCCCC(=O)N[C@H](CC1CCCCC1)C(=O)N[C@H]1CC[C@H]2CCC[C@@H](C(=O)N[C@H](CCCNC(N)=O)C(=O)N[C@H](Cc3ccc(Cl)cc3)C(N)=O)N2C1=O,6.8153
CCCC(=O)N1CCN(C(=O)Cc2ccc(Cl)c(Cl)c2)C(CN2CCCC2)C1,7.2218
C=CC(=O)N1CCN(C(=O)Cc2ccc(Cl)c(Cl)c2)C(CN2CCCC2)C1,9.3768
O=Cc1ccc(C(=O)Nc2cccc3c4c([nH]c23)C2Oc3c(O)ccc5c3[C@@]23CCN(CC2CC2)[C@H](C5)[C@]3(O)C4)cc1C=O,7.6968
O=C1NCN(c2ccccc2)C12CCN([C@@H]1CCc3c(Cl)ccc(Cl)c3C1)CC2,7.3251
COC(=O)N1CCN(C(=O)Cc2ccc(Cl)c(Cl)c2)C(CN2CC=CCC2)C1,10.3979
O=C1NCN(c2ccc(F)cc2)C12CCN(C1Cc3cccc4cccc1c34)CC2,7.2000
O=C(OCc1ccccc1)N1CCN(C(=O)Cc2ccc(Cl)c(Cl)c2)C(CN2CCCC2)C1,6.3468
O=C1NCN(c2ccccc2)C12CCN(C1CCc3cc(Cl)ccc3C1)CC2,6.8268
CC(=O)N[C@@H](CCCN=C(N)N)C(=O)N[C@H]1CC[C@H]2CCC[C@@H](C(=O)N[C@H](CCCNC(N)=O)C(=O)N[C@H](Cc3ccc(Cl)cc3)C(N)=O)N2C1=O,6.1085
CN1CCC2(c3cccc(O)c3)CCCC1C2,6.9519
CC(=O)N1CCN(C(=O)Cc2ccc(Cl)c(Cl)c2)C(CN2CCCC2)C1,8.0000
O=C(CN1CN(c2ccccc2)C2(CCN(C3CCc4cccc(Cl)c4C3)CC2)C1=O)c1ccccc1,7.5406
O=C1N(CCO)CN(c2ccccc2)C12CCN(C1CCc3cccc(Cl)c3C1)CC2,7.7852
O=C1NCN(c2ccccc2)C12CCN([C@@H]1CCCc3ccccc31)CC2,7.3344
CN1CC[C@]23c4c5ccc(O)c4O[C@H]2c2c(c(-c4ccccc4)cn2Cc2ccccc2)C[C@@]3(O)C1C5,6.7282
COc1ccc2c(c1)CN(C(=O)[C@@H](N)Cc1c(C)cc(O)cc1C)[C@H](C(=O)O)C2,5.0250
Cc1cc(O)cc(C)c1C[C@H](N)C(=O)N1Cc2ccccc2C[C@H]1C/N=C(/S)NC(C)(C)C,8.0836
Cc1cc(O)cc(C)c1CC(N)C(=O)N1Cc2cc(O)ccc2C[C@H]1C(=O)O,5.0320
Cc1cc(O)cc(C)c1C[C@H](N)C(=O)N1Cc2cc(-c3ccccc3)ccc2C[C@H]1C(=O)O,5.2411
Cc1cc(O)cc(C)c1C[C@H](N)C(=O)N1Cc2ccccc2C[C@H]1CNCC(C)(C)C,8.8389
COc1ccc2c(c1)CN(C(=O)C(N)Cc1c(C)cc(O)cc1C)[C@H](C(=O)O)C2,5.0458
Cc1cc(O)cc(C)c1C[C@H](N)C(=O)N1Cc2ccccc2C[C@H]1CN(C)C,6.1007
Cc1cc(O)cc(C)c1C[C@H](N)C(=O)N1Cc2cc(-c3ccc(F)cc3)ccc2C[C@H]1C(=O)O,5.1215
Cc1cc(O)cc(C)c1C[C@H](N)C(=O)N1Cc2ccccc2C[C@H]1C/N=C(/S)Nc1ccccc1,7.2890
Cc1cc(O)cc(C)c1CC(N)C(=O)N1Cc2cc(-c3ccsc3)ccc2C[C@H]1C(=O)O,5.5638
C=CCOC[C@@H]1Cc2ccccc2CN1C(=O)[C@@H](N)Cc1c(C)cc(O)cc1C,5.8386
Cc1cc(O)cc(C)c1C[C@H](N)C(=O)N1Cc2ccccc2C[C@H]1CN=[N+]=[N-],5.9706
Cc1cc(O)cc(C)c1C[C@H](N)C(=O)N1Cc2ccccc2C[C@H]1CN=C(N)N,6.4622
Cc1cc(O)cc(C)c1C[C@H](N)C(=O)N1Cc2ccccc2C[C@H]1CNC(=O)c1ccccc1,6.5129
Cc1cc(O)cc(C)c1C[C@H](N)C(=O)N1Cc2ccccc2C[C@H]1C(=O)O,4.4259
Cc1cc(O)cc(C)c1C[C@H](N)C(=O)N1Cc2ccccc2C[C@H]1CNC(=O)C(C)(C)C,6.4045
CCNC(=O)NC[C@@H]1Cc2ccccc2CN1C(=O)[C@@H](N)Cc1c(C)cc(O)cc1C,6.4935
CC(C)[C@H](NC(=O)[C@H](CC(=O)O)NC(=O)[C@H](Cc1ccccc1)NC(=O)[C@@H](C)NC(=O)[C@@H](N)Cc1ccc(O)cc1)C(=O)N[C@H](C(=O)NCC(N)=O)C(C)C,5.1349
CC(=O)NC[C@@H]1Cc2ccccc2CN1C(=O)[C@@H](N)Cc1c(C)cc(O)cc1C,5.0278
Cc1cc(O)cc(C)c1C(NC(=O)C1Cc2ccccc2CN1)C(=O)O,4.4260
Cc1cc(O)cc(C)c1C[C@H](N)C(=O)N1Cc2ccccc2C[C@H]1CNC(=O)Nc1ccccc1,7.5560
CC(=O)OC[C@@H]1Cc2ccccc2CN1C(=O)[C@@H](N)Cc1c(C)cc(O)cc1C,5.5086
CC(C)[C@@H](CN1CC[C@@](C)(c2cccc(O)c2)[C@@H](C)C1)NC(=O)C1Cc2ccc(O)cc2CN1,11.2218
CC(=N)NC[C@@H]1Cc2ccccc2CN1C(=O)[C@@H](N)Cc1c(C)cc(O)cc1C,6.0017
Cc1cc(O)cc(C)c1C[C@H](N)C(=O)N1Cc2ccccc2C[C@H]1CN,6.2832
Cc1cc(O)cc(C)c1C[C@H](N)C(=O)N1Cc2ccccc2C[C@H]1C,6.1169
Cc1cc(O)cc(C)c1C[C@H](N)C(=O)N1Cc2ccccc2C[C@H]1COCc1ccccc1,7.1898
Cc1cc(O)cc(C)c1C[C@H](N)C(=O)N1Cc2ccccc2C[C@H]1CNCc1ccccc1,8.4957
COC[C@@H]1Cc2ccccc2CN1C(=O)[C@@H](N)Cc1c(C)cc(O)cc1C,5.6003
Cc1cc(O)cc(C)c1C[C@H](N)C(=O)N1Cc2ccccc2C[C@H]1CNC(=O)NC(C)(C)C,8.5236
Cc1cc(O)cc(C)c1C[C@H](N)C(=O)N1Cc2ccccc2C[C@H]1CNC(=O)NC12CC3CC(CC(C3)C1)C2,8.1633
COc1ccc(C[C@@H]2CN3C(=NC[C@@H]3C)N2CC2CCC(C)CC2)cc1,6.3716
COc1ccc(C[C@H]2CN3C(=NC[C@@H]3C)N2C(C)C23CC4CC(CC(C4)C2)C3)cc1,5.8173
CN1C[C@@H]2CN(c3ccccc3)C3(CCN(C4CCCCCCCC4)CC3)[C@@H]2C1,7.2500
O=C1Cc2ccccc2N1C1CCN(C2CCCCCCC2)CC1,7.3696
CC(C)[C@H]1CC[C@@H](N2CCC3(CC2)[C@@H]2CN(CC4CC4)C[C@@H]2CN3c2ccc(F)cc2)CC1,6.7700
CC(c1ccc(C2CCCCC2)cc1)N1CCC(N2C(=O)Cc3ccccc32)CC1,5.4124
CO[C@@]12CC[C@@]3(C[C@@H]1[C@](C)(O)C(C)(C)C)[C@H]1Cc4ccc(O)c5c4[C@@]3(CCN1CC1CC1)[C@H]2O5,9.2297
CC(C)[C@H]1CC[C@H](N2CCC(N3C(=O)Cc4ccccc43)CC2)CC1,6.4330
CC1(C)C2CCC(CN3CCC(N4C(=O)Cc5ccccc54)CC3)C1C2,6.7570
C=CCN1CC[C@@H](N(c2ccccc2)c2ccc(C(=O)N(CC)CC)cc2)[C@@H](C)C1,5.4292
O=C(Cc1ccc(Cl)c(Cl)c1)N1CCc2occc2[C@H]1CN1CC[C@H](O)C1,9.3279
C[C@H]1CN=C2N(CCC3CC4CCC3C4)[C@@H](C3CCCCC3)CN21,5.3542
C1CCC(CCCN2C3=NC[C@H](C4CCCCC4)N3C[C@@H]2C2CCCCC2)CC1,5.3485
COc1ccc(C[C@@H]2CN3C(=NC[C@@H]3C3CCCCC3)N2CCC2CC3CCC2C3)cc1,6.0343
O=C1Cc2ccccc2N1C1CCN(C2CCC3CCCCC3C2)CC1,7.2832
O=C1Cc2ccccc2N1C1CCN(C2CCCC3CCCCC32)CC1,6.6946
COc1ccc(C[C@@H]2CN3C(=NC[C@@H]3C)N2CCC2CC3CCC2C3)cc1,7.0706
C[C@H]1CN=C2N(CCCC3CCCCC3)[C@@H](C3CCCCC3)CN21,5.6057
CC(C)[C@H]1CC[C@@H](N2CCC3(CC2)[C@@H]2CN(Cc4ccccc4)C[C@@H]2CN3c2ccccc2)CC1,6.8100
CC(c1ccc2c(c1)Cc1ccccc1-2)N1CCC(N2C(=O)Cc3ccccc32)CC1,7.1284
COc1ccc(C[C@@H]2CN3C(=NC[C@H]3C3CCCCC3)N2CCC2CC3CCC2C3)cc1,6.5591
C1CCC([C@H]2CN3C(=NC[C@H]3C3CCCCC3)N2CCC2CC3CCC2C3)CC1,6.2807
CC(N1C2=NC[C@H](C3CCCCC3)N2C[C@@H]1C1CCCCC1)C12CC3CC(CC(C3)C1)C2,5.8262
CC(C)[C@H]1CC[C@@H](N2CCC(N3C(=O)Cc4ccccc43)CC2)CC1,6.8297
CO[C@]12C=CC3(CC14CCC[C@H]4O)C1Cc4ccc(O)c5c4C3(CCN1CC1CC1)[C@@H]2O5,9.6905
CC(C)C[C@@H]1CN2C(=NC[C@@H]2C)N1CCC1CC2CCC1C2,5.6366
CC(C)[C@H]1CC[C@@H](N2CCC3(CC2)[C@@H]2CN(C)C[C@@H]2CN3c2ccccc2)CC1,6.5300
CN1C[C@@H]2CN(c3ccccc3)C3(CCN(C4CCCCCCCCC4)CC3)[C@@H]2C1,7.5699
C=CCN1CCC(N(c2ccccc2)c2ccc(C(=O)N(CC)CC)cc2)C(C)C1,5.4836
O=C(Cc1ccc(Cl)c(Cl)c1)N1CCc2occc2[C@@H]1CN1CC[C@H](O)C1,8.9586
CC(C)C[C@@H]1CN2C(=NC[C@@H]2C2CCCCC2)N1C(C)C12CC3CC(CC(C3)C1)C2,5.9187
COc1ccc(C[C@@H]2CN3C(=NC[C@@H]3C3CCCCC3)N2CCCC2CCCCC2)cc1,5.2988
COc1ccc(C[C@@H]2CN3C(=NC[C@@H]3C3CCCCC3)N2CC2CCC(C)CC2)cc1,6.4330
CC(C)C[C@@H]1CN2C(=NC[C@H]2C2CCCCC2)N1CC1CCC(C)CC1,6.1319
CC(C)C[C@@H]1CN2C(=NC[C@H]2C2CCCCC2)N1CCCC1CCCCC1,5.7528
CC1CCC(CN2C3=NC[C@H](C)N3C[C@@H]2C2CCCCC2)CC1,5.2958
O=C1Cc2ccccc2N1C1CCN(C2C3CCCC2CCC3)CC1,7.4987
CC1CCC(CN2C3=NC[C@H](C4CCCCC4)N3C[C@@H]2C2CCCCC2)CC1,6.4377
CC(C)C[C@@H]1CN2C(=NC[C@@H]2C)N1CC1CCC(C)CC1,5.1886
O=C1Cc2ccccc2N1C1CCN(C[C@H]2CC3CCC2C3)CC1,6.4295
Cc1cc2c(o1)CCN(C(=O)Cc1ccc(Cl)c(Cl)c1)C2CN1CCC(O)C1,9.4089
CC(C)C[C@@H]1CN2C(=NC[C@@H]2C2CCCCC2)N1CCCC1CCCCC1,5.4267
O=C1Cc2ccccc2N1C1CCN(C2CCc3ccccc3C2)CC1,7.2588
O=C(Cc1ccc(Cl)c(Cl)c1)N1CCc2occc2[C@H]1CN1CC[C@@H](O)C1,8.4685
CC(C)C[C@@H]1CN2C(=NC[C@@H]2C2CCCCC2)N1CC1CCC(C)CC1,6.0004
CC(N1C2=NC[C@H](C)N2C[C@@H]1C1CCCCC1)C12CC3CC(CC(C3)C1)C2,5.7120
CC(C)C[C@@H]1CN2C(=NC[C@@H]2C)N1CCCC1CCCCC1,5.2647
O=C1CCN(CC2c3ccoc3CCN2C(=O)Cc2ccc(Cl)c(Cl)c2)C1,8.2218
COc1ccc(C[C@H]2CN3C(=NC[C@H]3C3CCCCC3)N2CCCC2CCCCC2)cc1,5.4614
O=C(Cc1ccc(Cl)c(Cl)c1)N1CCc2occc2C1CN1CC=CCC1,8.8539
CC(C)[C@H]1CC[C@@H](N2CCC3(CC2)[C@@H]2CN(c4ccccc4)C[C@@H]2CN3c2ccccc2)CC1,6.2900
CC(C)[C@H]1CC[C@@H](N2CCC3(CC2)[C@@H]2CNC[C@@H]2CN3c2ccccc2)CC1,6.5900
O=C1Cc2ccccc2N1C1CCN(CC2CCCCCCC2)CC1,6.6402
O=C1Cc2ccccc2N1C1CCN(Cc2ccccc2)CC1,7.0731
COc1ccc(C[C@H]2CN3C(=NC[C@@H]3C3CCCCC3)N2CC2CCC(C)CC2)cc1,6.4737
COc1ccc(C[C@@H]2CN3C(=NC[C@H]3C3CCCCC3)N2CC2CCC(C)CC2)cc1,6.4413
COc1ccc(C[C@H]2CN3C(=NC[C@H]3C3CCCCC3)N2CC2CCC(C)CC2)cc1,6.0947
COc1ccc(C[C@@H]2CN3C(=NC[C@H]3C3CCCCC3)N2CCCC2CCCCC2)cc1,6.2620
COc1ccc(C[C@@H]2CN3C(=NC[C@@H]3C)N2C(C)C23CC4CC(CC(C4)C2)C3)cc1,6.6234
CC(C)C[C@@H]1CN2C(=NC[C@@H]2C2CCCCC2)N1CCC1CC2CCC1C2,6.0825
CC(C)C[C@@H]1CN2C(=NC[C@@H]2C)N1C(C)C12CC3CC(CC(C3)C1)C2,5.4388
CC(C)[C@H]1CC[C@@H](N2CCC3(CC2)[C@@H]2CN(CCN4CCOCC4)C[C@@H]2CN3c2ccccc2)CC1,6.8300
CN(C)CC1c2ccoc2CCN1C(=O)Cc1ccc(Cl)c(Cl)c1,7.6576
CO[C@]12C=CC3(CC14CCC(C)(C)[C@H]4O)C1Cc4ccc(O)c5c4C3(CCN1CC1CC1)[C@@H]2O5,9.2529
O=C1Cc2ccccc2N1C1CCN(C2CCC3CCCC[C@@H]3C2)CC1,6.8633
O=C(Cc1ccc(Cl)c(Cl)c1)N1CCc2c(O)cccc2C1CN1CCCC1,9.9586
CO[C@]12C=CC3(CC14CCC[C@H]4O)C1Cc4ccc(O)c5c4C3(CCN1C)[C@@H]2O5,8.5196
CC(C)C[C@@H]1CN2C(=NC[C@H]2C2CCCCC2)N1CCC1CC2CCC1C2,6.4449
COc1ccc(C[C@H]2CN3C(=NC[C@@H]3C3CCCCC3)N2CCCC2CCCCC2)cc1,5.4121
CC(C)[C@H]1CC[C@@H](N2CCC3(CC2)[C@@H]2CN(CCO)C[C@@H]2CN3c2ccccc2)CC1,6.8800
O=C(Cc1ccc(Cl)c(Cl)c1)N1CCc2c(O)cccc2C1CN1CCC(O)C1,8.4202
CC1CCC(CN2C3=NC[C@@H](C4CCCCC4)N3C[C@@H]2C2CCCCC2)CC1,5.9431
O=C(Cc1ccc(Cl)c(Cl)c1)N1CCc2occc2C1CN1CCCC1,7.8239
CN1C[C@@H]2CN(c3ccccc3)C3(CCN([C@H]4CC[C@@H]5CCCC[C@@H]5C4)CC3)[C@@H]2C1,6.8800
COc1ccc(C[C@H]2CN3C(=NC[C@@H]3C)N2CCCC2CCCCC2)cc1,7.4318
COc1ccc(C[C@H]2CN3C(=NC[C@@H]3C)N2CCC2CC3CCC2C3)cc1,6.7328
COc1ccc(C[C@H]2CN3C(=NC[C@H]3C3CCCCC3)N2CCC2CC3CCC2C3)cc1,6.6596
COc1ccc(C[C@H]2CN3C(=NC[C@@H]3C)N2CC2CCC(C)CC2)cc1,5.8047
CC(C)C[C@@H]1CN2C(=NC[C@H]2C2CCCCC2)N1C(C)C12CC3CC(CC(C3)C1)C2,5.7577
O=C1Cc2ccccc2N1C1CCN(C(C2CCCCC2)C2CCCCC2)CC1,6.4647
O=C(Cc1ccc(Cl)c(Cl)c1)N1CCc2occc2C1CN1CCC(O)C1,8.5686
COc1ccc(C[C@@H]2CN3C(=NC[C@H]3C3CCCCC3)N2C(C)C23CC4CC(CC(C4)C2)C3)cc1,6.4672
COc1ccc(C[C@@H]2CN3C(=NC[C@@H]3C)N2CCCC2CCCCC2)cc1,6.2993
C1CCC([C@H]2CN3C(=NC[C@@H]3C3CCCCC3)N2CCC2CC3CCC2C3)CC1,6.2518
CCCCN1C[C@@H]2CN(c3ccccc3)C3(CCN([C@H]4CC[C@@H](C(C)C)CC4)CC3)[C@@H]2C1,6.6000
O=C1Cc2ccccc2N1C1CCN(C2CCCc3ccccc32)CC1,7.6676
CO[C@]12C=CC3(CC14CCC(C)(C)[C@H]4O)C1Cc4ccc(O)c5c4C3(CCN1C)[C@@H]2O5,8.8443
COc1ccc(C[C@H]2CN3C(=NC[C@@H]3C3CCCCC3)N2C(C)C23CC4CC(CC(C4)C2)C3)cc1,5.3078
O=C1Cc2ccccc2N1C1CCN(C[C@@H]2CC3CCC2C3)CC1,6.4976
COC(=O)C1(C(=O)N(C)[C@H]2CCCC[C@@H]2N2CCCC2)C(c2ccccc2)=C1c1ccccc1,5.5229
CN(C(=O)C1C(c2ccccc2)=C1c1ccccc1)[C@H]1CC[C@@]2(CCCO2)C[C@@H]1N1CCCC1,8.0177
COc1cccc(C2=C(c3ccccc3)C2C(=O)N(C)[C@H]2CCCC[C@@H]2N2CCCC2)c1,6.5229
N[C@@H](Cc1ccc(O)cc1)C(=O)N[C@@H]1CSC[C@@H](C(=O)O)NC(=O)[C@H](Cc2ccccc2)NC(=O)CNC1=O,5.1938
CN(C(=O)C1C(c2ccccc2)=C1c1cccc(Cl)c1)[C@H]1CCCC[C@@H]1N1CCCC1,6.8508
CN(C(=O)C1c2ccccc2-c2ccccc21)[C@H]1CCCC[C@@H]1N1CCCC1,7.6576
N[C@@H](Cc1ccc(O)cc1)C(=O)N[C@@H]1CSC[C@H](C(=O)O)NC(=O)[C@H](Cc2ccccc2)NC(=O)CNC1=O,5.7959
CN(C(=O)C1C(c2ccccc2)=C1c1ccccc1)[C@H]1CCCC[C@@H]1N1CCCC1,7.4949
CC(C)(C)NC(=O)NC[C@@H]1Cc2ccccc2CN1/C(S)=N/C[C@H]1CCCN1C(=O)c1ccccc1,6.3925
O=C(NC[C@@H]1Cc2ccccc2CN1/C(S)=N/C[C@H]1CCCN1Cc1ccc(O)cc1)Nc1ccccc1,6.2757
COc1cccc(CN2CCC[C@@H]2C/N=C(\S)N2Cc3ccccc3C[C@H]2CNC(=O)Nc2ccccc2)c1O,6.2652
COc1cccc(CN2CCC[C@@H]2C/N=C(\S)N2Cc3ccccc3C[C@H]2CNC(=O)Nc2ccccc2)c1OC,7.4034
CC(C)(C)NC(=O)NC[C@@H]1Cc2ccccc2CN1/C(S)=N/C[C@H]1CCCN1Cc1ccccc1,6.3188
CC(C)(C)NC(=O)NC[C@@H]1Cc2ccccc2CN1/C(S)=N/C[C@H]1CCCO1,6.2916
O=C(NC[C@@H]1Cc2ccccc2CN1C(=S)NC[C@H]1CCCN1)Nc1ccccc1,6.5086
CC(C)(C)NC(=O)NC[C@@H]1Cc2ccccc2CN1/C(S)=N/CC1CCCO1,6.3179
O=C(NC[C@@H]1Cc2ccccc2CN1C(=S)NC[C@H]1CCCN1Cc1ccccc1)Nc1ccccc1,6.5186
O=C(NC[C@@H]1Cc2ccccc2CN1/C(S)=N/C[C@H]1CCCN1Cc1cccc(O)c1)Nc1ccccc1,6.7122
COc1ccccc1CN1CCC[C@@H]1C/N=C(\S)N1Cc2ccccc2C[C@H]1CNC(=O)Nc1ccccc1,6.9626
COc1cc(O)ccc1CN1CCC[C@@H]1C/N=C(\S)N1Cc2ccccc2C[C@H]1CNC(=O)Nc1ccccc1,6.8861
C[C@H]1C2Cc3ccc(Nc4cccnc4)cc3[C@@]1(C)CCN2CC1CC1,8.0000
COc1ccc2c3c1O[C@H]1C(=O)CC[C@@]4(NC(=O)/C=C/c5ccc([N+](=O)[O-])cc5)[C@@H](C2)N(CC2CC2)CC[C@]314,7.4078
C[C@@]12Oc3c(O)ccc4c3C13CCN(CC1CC1)C(C4)[C@]3(NC(=O)/C=C/c1ccc([N+](=O)[O-])cc1)CCC2=O,6.8996
C[C@H]1[C@H]2Cc3ccc(O)cc3[C@]1(C)CCN2CC1CC1,8.9208
CC[C@@]12CCN(CC3CC3)C(C(=O)c3ccc(Nc4ccccc4)cc31)[C@@H]2C,8.2291
COc1ccc2c3c1O[C@H]1C(=O)CC[C@@]4(NC(=O)/C=C/c5ccc([N+](=O)[O-])cc5)C(C2)N(C)CCC314,7.5654
CC[C@@]12CCN(CC3CC3)C(C(=O)c3ccc(N)cc31)[C@@H]2C,8.4547
O=C1CC[C@@]2(OCCCc3ccccc3)[C@H]3Cc4ccc(O)c5c4[C@@]2(CCN3CC2CCC2)[C@H]1O5,9.3098
CN1CCC23c4c5ccc(O)c4O[C@@]2(C)C(=O)CC[C@@]3(NC(=O)/C=C/c2ccc([N+](=O)[O-])cc2)C1C5,6.9355
C[C@H]1[C@H]2Cc3ccc(Nc4ccccc4)cc3[C@@]1(C)CCN2CC1CC1,8.4202
C[C@H]1[C@H]2Cc3ccc(N)cc3[C@@]1(C)CCN2C[C@@H]1CCCO1,7.1549
COc1ccc2c3c1O[C@H]1C(=O)CC[C@@]4(OCCCc5ccccc5)[C@@H](C2)N(CC2CCCO2)CC[C@]314,7.2118
COc1ccc2c3c1O[C@H]1C(=O)C=C[C@@]4(NC(=O)/C=C/c5ccc([N+](=O)[O-])cc5)C(C2)N(CC2CC2)CCC314,8.3002
C[C@H]1C2C(=O)c3ccc(O)cc3[C@@]1(C)CCN2CC1CC1,8.4815
COc1ccc2c3c1O[C@H]1C(=O)CC[C@@]4(OCCCc5ccccc5)[C@@H](C2)N(CCc2ccccc2)CC[C@]314,8.8539
C=CCN1CC[C@]23c4c5ccc(O)c4O[C@H]2C(=O)CC[C@@]3(OCCCc2ccccc2)[C@H]1C5,9.9586
O=C1CC[C@@]2(OCCCc3ccccc3)[C@H]3Cc4ccc(O)c5c4[C@@]2(CCN3CC2CCCO2)[C@H]1O5,10.0969
COc1ccc2c3c1O[C@H]1C(=O)C=C[C@@]4(NC(=O)/C=C/c5ccc([N+](=O)[O-])cc5)C(C2)N(C)CCC314,7.1675
C[C@@]12Oc3c(O)ccc4c3C13CCN(CC1CC1)C(C4)[C@]3(NC(=O)/C=C/c1ccc([N+](=O)[O-])cc1)C=CC2=O,7.5935
C[C@H]1[C@H]2Cc3ccc(O)cc3[C@@]1(C)CCN2C[C@@H]1CCCO1,8.6990
COc1ccc2c3c1O[C@@]1(C)C(=O)C=C[C@@]4(NC(=O)/C=C/c5ccc([N+](=O)[O-])cc5)C(C2)N(CC2CC2)CCC314,6.5622
O=C1CC[C@@]2(OCCCc3ccccc3)[C@H]3Cc4ccc(O)c5c4[C@@]2(CCN3CC2CC2)[C@H]1O5,9.3872
O=C1CC[C@@]2(OCCCc3ccccc3)[C@H]3Cc4ccc(O)c5c4[C@@]2(CCN3CCc2ccccc2)[C@H]1O5,9.2218
O=C(/C=C/c1ccc([N+](=O)[O-])cc1)N[C@@]12C=CC(=O)[C@@H]3Oc4c(O)ccc5c4C31CCN(CC1CC1)C2C5,7.9666
O=C(/C=C/c1ccc([N+](=O)[O-])cc1)N[C@@]12CCC(=O)[C@@H]3Oc4c(O)ccc5c4[C@@]31CCN(CC1CC1)[C@@H]2C5,7.9172
CO[C@@]12CCC(=O)[C@]3(C)Oc4c(O)ccc5c4[C@@]31CCN(C)[C@@H]2C5,7.5986
CN1CC[C@]23c4c5ccc(O)c4O[C@H]2C(=O)CC[C@@]3(NC(=O)/C=C/c2ccc([N+](=O)[O-])cc2)[C@H]1C5,8.2200
CN1CCC23c4c5ccc(O)c4O[C@H]2C(=O)C=C[C@@]3(NC(=O)/C=C/c2ccc([N+](=O)[O-])cc2)C1C5,8.3468
COc1ccc2c3c1O[C@@]1(C)C(=O)C=C[C@@]4(NC(=O)/C=C/c5ccc([N+](=O)[O-])cc5)C(C2)N(C)CCC314,6.7670
C[C@@]12Oc3c(O)ccc4c3C13CCN(CC1CC1)C(C4)[C@]3(NC(=O)CCc1ccc([N+](=O)[O-])cc1)CCC2=O,6.7905
C[C@H]1[C@H]2Cc3ccc(N)cc3[C@@]1(C)CCN2CC1CC1,7.6990
CN(C(=O)Cc1ccc(Cl)c(Cl)c1)C1CCC2(CCCO2)CC1N1CCCC1,8.0809
CCCN1CC[C@]23c4c5ccc(O)c4O[C@H]2C(=O)CC[C@@]3(OCCCc2ccccc2)[C@H]1C5,9.4318
CN1CCC23c4c5ccc(O)c4O[C@@]2(C)C(=O)C=C[C@@]3(NC(=O)/C=C/c2ccc([N+](=O)[O-])cc2)C1C5,6.7352
C[C@H]1C2C(=O)c3ccc(N)cc3[C@@]1(C)CCN2CC1CC1,8.0132
O=C(CSSCC(=O)N[C@@]12CCC(=O)[C@@H]3Oc4c(O)ccc5c4[C@@]31CCN(CC1CCC1)[C@@H]2C5)N[C@@]12CCC(=O)[C@@H]3Oc4c(O)ccc5c4[C@@]31CCN(CC1CCC1)[C@@H]2C5,8.2013
Oc1nc2ccccc2n1[C@H]1CCN2[C@H](CCC[C@H]2c2ccccc2)C1,6.5670
Oc1nc2ccccc2n1[C@@H]1CCN2[C@H](CCC[C@H]2c2ccccc2)C1,8.9586
CCn1c(=O)n([C@H]2CCN3[C@H](CCC[C@H]3c3ccccc3)C2)c2ccccc21,6.0057
NCCc1ccc2[nH]c3c(c2c1)C[C@@]1(O)C2Cc4ccc(O)c5c4C1(CCN2CC1CC1)C3O5,9.4437
Oc1nc2ccccc2n1[C@H]1CCN2[C@H](CCC[C@H]2C2CCCCC2)C1,6.6440
CCCCC(=N)NCCc1ccc2[nH]c3c(c2c1)C[C@@]1(O)C2Cc4ccc(O)c5c4C1(CCN2CC1CC1)C3O5,9.6462
Oc1nc2ccccc2n1[C@@H]1CCN2[C@H](CCC[C@H]2C2CCCCC2)C1,8.6383
CCn1c(=O)n([C@@H]2CCN3[C@H](CCC[C@H]3c3ccccc3)C2)c2ccccc21,7.6440
COC(=O)[C@@H]1C[C@H](O)C(=O)C2[C@@]1(C)CC[C@H]1C(=O)O[C@H](c3ccoc3)C[C@]21C,6.8346
COCO[C@H]1C[C@@H](C(=O)OC)[C@]2(C)CC[C@H]3C(=O)O[C@H](c4ccoc4)C[C@]3(C)C2C1=O,8.3724
COC(=O)[C@@H]1C[C@H](OC(C)=O)C(=O)C2[C@@]1(C)CC[C@H]1C(=O)O[C@H](c3ccoc3)C[C@]21C,7.7301
CN(C(=O)Cc1ccc(Cl)c(Cl)c1)C1CCCCC1N1CCCC1.CS(=O)(=O)O,8.5686
COc1ccccc1C(=O)NCC(=O)N(C)[C@H](CN1CC[C@@H](O)C1)c1ccccc1,8.7012
COc1ccc(C(=O)NCC(=O)N(C)[C@H](CN2CC[C@@H](O)C2)c2ccccc2)cc1,7.3188
CN(C(=O)C(NC=O)c1ccccc1)[C@H](CN1CCCC1)c1ccccc1,6.5884
CN(C(=O)[C@@H](NC(=O)OCc1ccccc1)c1ccccc1)[C@H](CN1CCCC1)c1ccccc1,6.8601
CN(C(=O)[C@H](NC(=O)OCc1ccccc1)c1ccccc1)[C@H](CN1CCCC1)c1ccccc1,6.0675
CN(C(=O)[C@H](Cc1ccccc1)NC(=O)OCc1ccccc1)[C@H](CN1CCCC1)c1ccccc1,6.8239
COC(=O)N[C@H](C(=O)N(C)[C@H](CN1CCCC1)c1ccccc1)c1ccccc1,6.7496
CN(C(=O)[C@@H](NC(=O)c1ccccc1)c1ccccc1)[C@H](CN1CCCC1)c1ccccc1,7.0044
CN(C(=O)CNC(=O)OCc1ccccc1)[C@H](CN1CCCC1)c1ccccc1,7.0757
CN(C(=O)CNC(=O)Cc1ccccc1)[C@H](CN1CCCC1)c1ccccc1,7.7878
CN(C(=O)CNC(=O)c1ccccc1)[C@H](CN1CCCC1)c1ccccc1,8.2942
CN(C(=O)CNC(=O)c1ccc(Cl)c(Cl)c1)[C@H](CN1CCCC1)c1ccccc1,8.5458
CN(C(=O)CNC(=O)c1ccc2c(c1)no[n+]2[O-])[C@H](CN1CCCC1)c1ccccc1,8.3484
CN(C(=O)CNC(=O)c1ccc(Cl)c(Cl)c1)[C@H](CN1CC[C@@H](O)C1)c1ccccc1,9.1001
CN(CC(=O)N(C)[C@H](CN1CC[C@@H](O)C1)c1ccccc1)C(=O)c1ccc(Cl)c(Cl)c1,7.5409
CN(C(=O)Cc1ccc(C(F)(F)F)cc1)C(CN1CCCC1)c1cccc(O)c1,9.3565
COc1cccc(C(CN2CCCC2)N(C)C(=O)Cc2ccc(C(F)(F)F)cc2)c1,9.2757
CN(C(=O)Cc1ccc(C(F)(F)F)cc1)C(CN1CCCC1)c1cccc(OCC(=O)OC(C)(C)C)c1,8.5376
CN(C(=O)Cc1ccc(C(F)(F)F)cc1)C(CN1CCCC1)c1cccc(OCC(=O)O)c1,8.4318
CN(C(=O)Cc1ccc(C(F)(F)F)cc1)[C@H](CN1CCCC1)c1cccc([N+](=O)[O-])c1,9.2007
CN(C(=O)Cc1ccc(C(F)(F)F)cc1)[C@H](CN1CCCC1)c1cccc(N)c1,9.5086
CN(C(=O)Cc1ccc(C(F)(F)F)cc1)[C@H](CN1CCCC1)c1cccc(NS(C)(=O)=O)c1,9.4437
CN(C(=O)Cc1ccc(C(F)(F)F)cc1)[C@H](CN1CCCC1)c1cccc(NS(N)(=O)=O)c1,9.3188
CN(C(=O)Cc1ccc(C(F)(F)F)cc1)[C@H](CN1CCCC1)c1cccc(NC(=O)CCC(=O)O)c1,8.0223
CN(C(=O)Cc1ccc(C(F)(F)F)cc1)[C@H](CN1CCCC1)c1cccc(N(CC(=O)O)CC(=O)O)c1,5.6383
O=C1[C@@H](c2ccc(Cl)c(Cl)c2)CC=CCN1C(CN1CCCC1)c1ccccc1,7.7696
O=C1C(c2ccc(Cl)cc2)CC=CCN1C(CN1CCCC1)c1ccccc1,8.6990
O=C1[C@@H](c2ccc(Cl)cc2)CC=CCN1C(CN1CCCC1)c1ccccc1,7.4559
COc1ccc(C2CC=CCN(C(CN3CCCC3)c3ccccc3)C2=O)cc1,7.6576
COc1ccc([C@H]2CC=CCN(C(CN3CCCC3)c3ccccc3)C2=O)cc1,6.0969
O=C1C(c2ccc(C(F)(F)F)cc2)CC=CCN1C(CN1CCCC1)c1ccccc1,9.1427
O=C1C(c2cccc(S(=O)(=O)N3CCCC3)c2)CC=CCN1C(CN1CCCC1)c1ccccc1,5.7212
O=C1C(Oc2ccc(Cl)c(Cl)c2)CC=CCN1C(CN1CCCC1)c1ccccc1,8.5850
O=C1[C@H](c2ccc(Cl)c(Cl)c2)CC=CCN1[C@H](CN1CC[C@H](O)C1)c1ccccc1,9.6990
O=C1[C@H](c2ccc(Cl)c(Cl)c2)CC=CCN1[C@H](CN1CCCC1)c1ccccc1,7.9208
CN(C(=O)Cc1ccc(Cl)c(Cl)c1)C(CN1CCCC1)c1ccccc1,10.3979
O=C1C(c2ccc(Cl)c(Cl)c2)CC=CCN1C(CN1CCCC1)c1ccccc1,9.4685
CN(C)C1CCc2ccc(O)cc2C1(C)C,6.4776
CCCNC1CCc2ccc(O)cc2C1(C)C,6.6003
CCCN(C)C1CCc2ccc(O)cc2C1(C)C,6.7352
CCCN(CCC)C1CCc2ccc(O)cc2C1(C)C,6.2581
CC1(C)c2cc(O)ccc2CCC1NCC1CC1,6.6345
CN(CC1CC1)C1CCc2ccc(O)cc2C1(C)C,6.8356
CC1(C)c2cc(O)ccc2CCC1N(CC1CC1)CC1CC1,5.7375
C=CCNC1CCc2ccc(O)cc2C1(C)C,7.1959
C=CCN(C)C1CCc2ccc(O)cc2C1(C)C,6.5800
C=CCN(CC=C)C1CCc2ccc(O)cc2C1(C)C,7.2534
CC1(C)c2cc(O)ccc2CCC1NC/C=C/c1ccccc1,7.0846
CN(C/C=C/c1ccccc1)C1CCc2ccc(O)cc2C1(C)C,6.6840
CC1(C)c2cc(O)ccc2CCC1N(C/C=C/c1ccccc1)C/C=C/c1ccccc1,5.9031
CO[C@H]1Cc2ccc(O)cc2C(C)(C)[C@@H]1N,6.8268
CO[C@H]1Cc2ccc(O)cc2C(C)(C)[C@@H]1NC/C=C/c1ccccc1,8.1249
COC(=O)[C@@H]1C[C@H](OC(C)=O)C(=O)[C@H]2[C@@]1(C)CC[C@H]1C(=O)O[C@H](c3ccoc3)C[C@]21C,8.5229
CCC(=O)O[C@H]1C[C@@H](C(=O)OC)[C@]2(C)CC[C@H]3C(=O)O[C@H](c4ccoc4)C[C@]3(C)[C@H]2C1=O,8.1427
COC(=O)[C@@H]1C[C@H](OC(=O)C(C)C)C(=O)[C@H]2[C@@]1(C)CC[C@H]1C(=O)O[C@H](c3ccoc3)C[C@]21C,7.0825
C=C(C)C(=O)O[C@H]1C[C@@H](C(=O)OC)[C@]2(C)CC[C@H]3C(=O)O[C@H](c4ccoc4)C[C@]3(C)[C@H]2C1=O,7.4226
COC(=O)C(=O)O[C@H]1C[C@@H](C(=O)OC)[C@]2(C)CC[C@H]3C(=O)O[C@H](c4ccoc4)C[C@]3(C)[C@H]2C1=O,6.3665
COC(=O)[C@@H]1C[C@H](OC(=O)c2ccccc2)C(=O)[C@H]2[C@@]1(C)CC[C@H]1C(=O)O[C@H](c3ccoc3)C[C@]21C,6.9077
COC(=O)[C@@H]1C[C@H](OC(=O)c2cccnc2)C(=O)[C@H]2[C@@]1(C)CC[C@H]1C(=O)O[C@H](c3ccoc3)C[C@]21C,5.4778
COC(=O)[C@@H]1C[C@H](OS(C)(=O)=O)C(=O)[C@H]2[C@@]1(C)CC[C@H]1C(=O)O[C@H](c3ccoc3)C[C@]21C,8.6383
COC(=O)[C@@H]1C[C@H](O[Si](C)(C)C)C(=O)[C@H]2[C@@]1(C)CC[C@H]1C(=O)O[C@H](c3ccoc3)C[C@]21C,5.7932
COC(=O)[C@@H]1C[C@H](O)[C@H](O)[C@H]2[C@@]1(C)CC[C@H]1C(=O)O[C@H](c3ccoc3)C[C@]21C,5.4962
COC(=O)[C@@H]1C[C@H](OC(C)=O)[C@H](OC(C)=O)[C@H]2[C@@]1(C)CC[C@H]1C(=O)O[C@H](c3ccoc3)C[C@]21C,6.1871
COC(=O)[C@@H]1C[C@H](OC(=N)C(Cl)(Cl)Cl)C(=O)[C@H]2[C@@]1(C)CC[C@H]1C(=O)O[C@H](c3ccoc3)C[C@]21C,7.1938
COC(=O)[C@@H]1C[C@H](OC(=O)Nc2ccccc2)C(=O)[C@H]2[C@@]1(C)CC[C@H]1C(=O)O[C@H](c3ccoc3)C[C@]21C,6.6751
C=CCNC(=O)O[C@H]1C[C@@H](C(=O)OC)[C@]2(C)CC[C@H]3C(=O)O[C@H](c4ccoc4)C[C@]3(C)[C@H]2C1=O,6.9208
CN(C(=O)Cc1ccc(CNS(=O)(=O)Cc2ccccc2)cc1)[C@H](CN1CC[C@H](O)C1)c1ccccc1,8.8550
CCS(=O)(=O)NCc1ccc(CC(=O)N(C)[C@H](CN2CC[C@H](O)C2)c2ccccc2)cc1,8.9430
CNC(=O)NCc1ccc(CC(=O)N(C)[C@H](CN2CCCC2)c2ccccc2)cc1,7.3118
CC(C)S(=O)(=O)NCc1ccc(CC(=O)N(C)[C@H](CN2CC[C@H](O)C2)c2ccccc2)cc1,8.5607
CN(C(=O)Cc1ccccc1CNS(C)(=O)=O)[C@H](CN1CCCC1)c1ccccc1,7.8873
CN(C(=O)Cc1ccc(CNS(=O)(=O)Cc2cccs2)cc1)[C@H](CN1CC[C@H](O)C1)c1ccccc1,8.4358
CN(C(=O)Cc1cccc(CNS(C)(=O)=O)c1)[C@H](CN1CCCC1)c1ccccc1,7.7474
CCCS(=O)(=O)NCc1ccc(CC(=O)N(C)[C@H](CN2CC[C@H](O)C2)c2ccccc2)cc1,8.6116
CN(C(=O)Cc1ccc(NS(C)(=O)=O)cc1)[C@H](CN1CC[C@H](O)C1)c1ccccc1,9.5485
CN(C(=O)Cc1ccccc1)[C@H](CN1CCCC1)c1ccccc1,7.7688
CCCCS(=O)(=O)NCc1ccc(CC(=O)N(C)[C@H](CN2CC[C@H](O)C2)c2ccccc2)cc1,8.9754
CN(C(=O)Cc1ccc(CCNS(C)(=O)=O)cc1)[C@H](CN1CC[C@H](O)C1)c1ccccc1,8.1612
CN(C(=O)Cc1ccccc1CN)[C@H](CN1CCCC1)c1ccccc1,7.8724
CN(C(=O)Cc1ccc(CNS(C)(=O)=O)cc1)[C@H](CN1CCCC1)c1ccccc1,8.3909
CN(C(=O)Cc1ccc(CNS(=O)(=O)c2ccccc2)cc1)[C@H](CN1CC[C@H](O)C1)c1ccccc1,8.1257
CN(C(=O)Cc1ccc(CCCNS(C)(=O)=O)cc1)[C@H](CN1CC[C@H](O)C1)c1ccccc1,8.5068
CN(C(=O)Cc1ccc2c(c1)CN(S(C)(=O)=O)C2)[C@H](CN1CCCC1)c1ccccc1,8.3835
CN(C(=O)Cc1cccc(CN)c1)[C@H](CN1CCCC1)c1ccccc1,7.9422
CN(C(=O)Cc1ccc(CNS(C)(=O)=O)cc1)[C@H](CN1CC[C@H](O)C1)c1ccccc1,9.0713
CN(C(=O)Cc1ccc(CNS(=O)(=O)c2ccc(F)cc2)cc1)[C@H](CN1CC[C@H](O)C1)c1ccccc1,7.9434
CN(C(=O)Cc1ccc(CN)cc1)[C@H](CN1CCCC1)c1ccccc1,7.1678
CC(=O)NCc1ccccc1CC(=O)N(C)[C@H](CN1CCCC1)c1ccccc1,8.8037
CC(=O)NCc1cccc(CC(=O)N(C)[C@H](CN2CCCC2)c2ccccc2)c1,7.6798
Cc1ccc(S(=O)(=O)NCc2ccc(CC(=O)N(C)[C@H](CN3CC[C@H](O)C3)c3ccccc3)cc2)cc1,8.3117
CC(=O)NCc1ccc(CC(=O)N(C)[C@H](CN2CCCC2)c2ccccc2)cc1,7.2938
Oc1ccc2c3c1O[C@H]1c4c(c5c(n4Cc4ccccc4)[C@@H]4Oc6c(O)ccc7c6[C@@]46CCN(CC4CC4)[C@H](C7)[C@]6(O)C5)C[C@@]4(O)[C@@H](C2)N(CC2CC2)CC[C@]314,7.4374
C[C@H]1c2c(c3c(n2Cc2ccccc2)[C@@H]2Oc4c(O)ccc5c4[C@@]24CCN(C)[C@H](C5)[C@]4(O)C3)CC2(O)[C@H]3Cc4ccc(O)c(O)c4[C@@]12CCN3C,7.6038
NC(=O)c1ccc2c3c1O[C@H]1C(=O)CC[C@@]4(O)[C@@H](C2)N(CC2CC2)CC[C@]314,7.9586
NC(=O)c1ccc2c(c1O)[C@]13CCN(CC4CC4)[C@H](C2)[C@]1(O)CCC(=O)C3,9.6383
COc1c(C(N)=O)ccc2c1[C@]13CCN(CC4CC4)[C@H](C2)[C@]1(O)CCC(=O)C3,7.6383
O=C1CC[C@@]2(O)[C@H]3Cc4ccc(O)c(O)c4[C@@]2(CCN3CC2CC2)C1,8.6576
NC(=O)c1ccc2c(c1O)[C@]13CCN(CC4CCC4)[C@H](C2)[C@]1(O)CCC(=O)C3,9.5686
COC(=O)[C@@H]1C[C@H](O)C(=O)[C@H]2[C@@]1(C)CC[C@H]1C(=O)O[C@H](c3ccoc3)C[C@]21C,6.8097
CCCC(=O)O[C@H]1C[C@@H](C(=O)OC)[C@]2(C)CC[C@H]3C(=O)O[C@H](c4ccoc4)C[C@]3(C)[C@H]2C1=O,8.3098
COC(=O)[C@@H]1C[C@H](OC(N)=O)C(=O)[C@H]2[C@@]1(C)CC[C@H]1C(=O)O[C@H](c3ccoc3)C[C@]21C,8.3512
CNC(=O)O[C@H]1C[C@@H](C(=O)OC)[C@]2(C)CC[C@H]3C(=O)O[C@H](c4ccoc4)C[C@]3(C)[C@H]2C1=O,6.8889
CCNC(=O)O[C@H]1C[C@@H](C(=O)OC)[C@]2(C)CC[C@H]3C(=O)O[C@H](c4ccoc4)C[C@]3(C)[C@H]2C1=O,6.3354
CCN[C@@H]1C[C@@H](C(=O)OC)[C@]2(C)CC[C@H]3C(=O)O[C@H](c4ccoc4)C[C@]3(C)[C@H]2C1=O,7.3504
COC(=O)[C@@H]1C[C@@H](N(C)C)C(=O)[C@H]2[C@@]1(C)CC[C@H]1C(=O)O[C@H](c3ccoc3)C[C@]21C,6.7531
COC(=O)[C@@H]1C[C@H](OC)C(=O)[C@H]2[C@@]1(C)CC[C@H]1C(=O)O[C@H](c3ccoc3)C[C@]21C,6.5338
CCO[C@H]1C[C@@H](C(=O)OC)[C@]2(C)CC[C@H]3C(=O)O[C@H](c4ccoc4)C[C@]3(C)[C@H]2C1=O,7.7447
CCCO[C@H]1C[C@@H](C(=O)OC)[C@]2(C)CC[C@H]3C(=O)O[C@H](c4ccoc4)C[C@]3(C)[C@H]2C1=O,7.1739
CCCCO[C@H]1C[C@@H](C(=O)OC)[C@]2(C)CCC3C(=O)O[C@H](c4ccoc4)C[C@]3(C)[C@H]2C1=O,7.2145
C=CCO[C@H]1C[C@@H](C(=O)OC)[C@]2(C)CCC3C(=O)O[C@H](c4ccoc4)C[C@]3(C)[C@H]2C1=O,7.0299
COC(=O)[C@@H]1C[C@H](OCc2ccccc2)C(=O)[C@H]2[C@@]1(C)CCC1C(=O)O[C@H](c3ccoc3)C[C@@]12C,6.9570
CC(=O)O[C@H]1C[C@@H](C(=O)O)[C@]2(C)CC[C@@H]3C(=O)O[C@H](c4ccoc4)C[C@]3(C)[C@H]2C1=O,7.2218
CCOC(=O)[C@@H]1C[C@H](OC(C)=O)C(=O)[C@H]2[C@@]1(C)CC[C@H]1C(=O)O[C@H](c3ccoc3)C[C@]21C,7.2851
C#CCCCOC(=O)[C@@H]1C[C@H](OC(C)=O)C(=O)[C@H]2[C@@]1(C)CC[C@H]1C(=O)O[C@H](c3ccoc3)C[C@]21C,6.6738
COCOC(=O)[C@@H]1C[C@H](OC(C)=O)C(=O)[C@H]2[C@@]1(C)CC[C@H]1C(=O)O[C@H](c3ccoc3)C[C@]21C,7.1184
COCOC(=O)[C@@H]1C[C@H](OC(C)=O)C(=O)[C@@H]2[C@@]3(C)C[C@@H](c4ccoc4)OC(=O)[C@H]3CC[C@]21C,6.8388
CC(=O)O[C@H]1C[C@@H](C(=O)NC2CC2)[C@]2(C)CC[C@@H]3C(=O)O[C@H](c4ccoc4)C[C@]3(C)[C@H]2C1=O,6.1995
CC(=O)O[C@H]1C[C@@H](C(=O)NC(C)C(=O)OCc2ccccc2)[C@]2(C)CC[C@H]3C(=O)O[C@H](c4ccoc4)C[C@]3(C)[C@H]2C1=O,7.4505
CC(=O)O[C@H]1C[C@@H](C(=O)NCC(=O)OCc2ccccc2)[C@]2(C)CC[C@H]3C(=O)O[C@H](c4ccoc4)C[C@]3(C)[C@H]2C1=O,6.4859
CC(=O)O[C@H]1C[C@@H](C(=O)N2CCCC2C(=O)OCc2ccccc2)[C@]2(C)CC[C@H]3C(=O)O[C@H](c4ccoc4)C[C@]3(C)[C@H]2C1=O,6.5681
COC(=O)CN1C(=O)C2(CCN(CC3CCCCCCC3)CC2)c2ccccc21,6.1938
CC(=O)OCCN1C(=O)C2(CCN(CC3CCCCCCC3)CC2)c2ccccc21,5.5784
O=C1Nc2ccccc2C12CCN(CC1CCCCCCC1)CC2,6.3665
O=C1N(Cc2ccccc2)c2ccccc2C12CCN(CC1CCCCCCC1)CC2,5.9586
O=C1N(CC2CO2)c2ccccc2C12CCN(CC1CCCCCCC1)CC2,6.3188
O=C1N(CC(O)CNCCN2CCOCC2)c2ccccc2C12CCN(CC1CCCCCCC1)CC2,7.0000
CCN(Cc1ccc(C)cc1)CC(O)CN1C(=O)C2(CCN(CC3CCCCCCC3)CC2)c2ccccc21,6.6576
COc1ccc2c(c1)N(C)C(=O)C21CCN(CC2CCCCCCC2)CC1,5.9136
CN1C(=O)C2(CCN(CC3CCCCCCC3)CC2)c2ccc(O)cc21,6.9208
CN1C(=O)C2(CCN(CC3CCCCCCC3)CC2)c2ccccc21,6.0315
Cc1ccc2c(c1)N(C)C(=O)C21CCN(CC2CCCCCCC2)CC1,5.6234
Cc1ccc2c(c1)C1(CCN(CC3CCCCCCC3)CC1)C(=O)N2C,6.2676
Cc1cccc2c1C1(CCN(CC3CCCCCCC3)CC1)C(=O)N2C,6.2518
CN1C(=O)C2(CCN(CC3CCCCCCC3)CC2)c2cc(F)ccc21,6.6021
CCCN1C(=O)C2(CCN(CC3CCCCCCC3)CC2)c2cc(C(C)C)ccc21,5.3979
CC(C)c1ccc2c(c1)C1(CCN(CC3CCCCCCC3)CC1)C(=O)N2C,7.0132
CN(C(=O)[C@H]1CCc2ccccc2O1)[C@H](CN1CC[C@H](O)C1)c1ccccc1,8.7959
CN(C(=O)[C@@H]1CCc2ccccc2O1)[C@H](CN1CC[C@H](O)C1)c1ccccc1,7.5157
CC(=O)Nc1ccc2c(c1)CCC(C(=O)N(C)[C@H](CN1CC[C@H](O)C1)c1ccccc1)O2,7.7696
CN(C(=O)C1CCc2cc(NS(C)(=O)=O)ccc2O1)[C@H](CN1CC[C@H](O)C1)c1ccccc1,8.7696
COC(=O)Nc1ccc2c(c1)CCC(C(=O)N(C)[C@H](CN1CC[C@H](O)C1)c1ccccc1)O2,7.5086
CN(C(=O)C1CCc2cc(S(N)(=O)=O)ccc2O1)[C@H](CN1CC[C@H](O)C1)c1ccccc1,8.4815
CNS(=O)(=O)c1ccc2c(c1)CCC(C(=O)N(C)[C@H](CN1CC[C@H](O)C1)c1ccccc1)O2,7.7258
CCCS(=O)(=O)Nc1ccc2c(c1)CC[C@H](C(=O)N(C)[C@H](CN1CC[C@H](O)C1)c1ccccc1)O2,8.7959
CCCS(=O)(=O)Nc1ccc2c(c1)CC[C@@H](C(=O)N(C)[C@H](CN1CC[C@H](O)C1)c1ccccc1)O2,7.8477
CN(C(=O)[C@H]1CCc2cc(CNS(C)(=O)=O)ccc2O1)[C@H](CN1CC[C@H](O)C1)c1ccccc1,8.3468
CN(C(=O)[C@@H]1CCc2cc(CNS(C)(=O)=O)ccc2O1)[C@H](CN1CC[C@H](O)C1)c1ccccc1,7.0044
COC(=O)NCc1ccc2c(c1)CC[C@H](C(=O)N(C)[C@H](CN1CC[C@H](O)C1)c1ccccc1)O2,8.5850
COC(=O)NCc1ccc2c(c1)CC[C@@H](C(=O)N(C)[C@H](CN1CC[C@H](O)C1)c1ccccc1)O2,6.8861
CN(C(=O)[C@H]1Cc2ccccc2O1)[C@H](CN1CC[C@H](O)C1)c1ccccc1,9.0969
CN(C(=O)[C@@H]1Cc2ccccc2O1)[C@H](CN1CC[C@H](O)C1)c1ccccc1,8.6198
CC(=O)Nc1ccc2c(c1)CC(C(=O)N(C)[C@H](CN1CC[C@H](O)C1)c1ccccc1)O2,7.2807
COC(=O)Nc1ccc2c(c1)C[C@H](C(=O)N(C)[C@H](CN1CC[C@H](O)C1)c1ccccc1)O2,7.8327
COC(=O)Nc1ccc2c(c1)C[C@@H](C(=O)N(C)[C@H](CN1CC[C@H](O)C1)c1ccccc1)O2,8.2366
CN(C(=O)[C@H]1Cc2cc(NS(C)(=O)=O)ccc2O1)[C@H](CN1CC[C@H](O)C1)c1ccccc1,8.8861
CN(C(=O)[C@@H]1Cc2cc(NS(C)(=O)=O)ccc2O1)[C@H](CN1CC[C@H](O)C1)c1ccccc1,8.9208
CN(C(=O)[C@H]1Cc2cccc(NS(C)(=O)=O)c2O1)[C@H](CN1CC[C@H](O)C1)c1ccccc1,8.4089
CN(C(=O)[C@@H]1Cc2cccc(NS(C)(=O)=O)c2O1)[C@H](CN1CC[C@H](O)C1)c1ccccc1,8.8861
CNS(=O)(=O)c1ccc2c(c1)CC(C(=O)N(C)[C@H](CN1CC[C@H](O)C1)c1ccccc1)O2,7.6108
CCCS(=O)(=O)NCc1ccc2c(c1)C[C@H](C(=O)N(C)[C@H](CN1CC[C@H](O)C1)c1ccccc1)O2,8.4437
CCCS(=O)(=O)NCc1ccc2c(c1)C[C@@H](C(=O)N(C)[C@H](CN1CC[C@H](O)C1)c1ccccc1)O2,8.4815
CN(C(=O)c1cc2ccccc2o1)[C@H](CN1CC[C@H](O)C1)c1ccccc1,6.3098
Cn1c(N2CCC(c3ccccc3)(c3nccn3Cc3ccccc3)CC2)nc2ccccc21,7.3979
c1ccc(Cn2ccnc2C2(c3ccccc3)CCN(c3nccs3)CC2)cc1,5.5964
c1ccc(Cn2ccnc2C2(c3ccccc3)CCN(c3ncccn3)CC2)cc1,6.2967
O=S(=O)(Nc1ccccc1)N1CCC(c2ccccc2)(c2nccn2Cc2ccccc2)CC1,6.4609
CS(=O)(=O)N1CCC(c2ccccc2)(c2nccn2Cc2ccccc2)CC1,5.6964
COc1cccc(NC(=O)N2CCC(c3ccccc3)(c3nccn3Cc3ccccc3)CC2)c1,6.8182
COc1ccccc1NC(=O)N1CCC(c2ccccc2)(c2nccn2Cc2ccccc2)CC1,6.1068
O=C(Nc1ccc(F)cc1)N1CCC(c2ccccc2)(c2nccn2Cc2ccccc2)CC1,6.8297
O=C(Nc1ccccc1F)N1CCC(c2ccccc2)(c2nccn2Cc2ccccc2)CC1,6.4976
CN1CCN(C(=O)N2CCC(c3ccccc3)(c3nccn3Cc3ccccc3)CC2)CC1,6.0665
CCNC(=O)N1CCC(c2ccccc2)(c2nccn2Cc2ccccc2)CC1,6.6162
NC(=O)N1CCC(c2ccccc2)(c2nccn2Cc2ccccc2)CC1,6.4763
CN(C(=O)N1CCC(c2ccccc2)(c2nccn2Cc2ccccc2)CC1)c1ccccc1,6.4012
O=C(Nc1ccccc1)N1CCC(c2ccccc2)(c2nccn2C(=O)c2ccccc2)CC1,5.9263
O=C(Nc1ccccc1)N1CCC(c2ccccc2)(c2nccn2Cc2ccccn2)CC1,7.3372
COc1cccc(Cn2ccnc2C2(c3ccccc3)CCN(C(=O)Nc3ccccc3)CC2)c1,5.6863
O=C(Nc1ccccc1)N1CCC(c2ccccc2)(c2nccn2Cc2ccc(F)cc2)CC1,5.6664
O=C(Nc1ccccc1)N1CCC(c2ccccc2)(c2nccn2Cc2cccc(F)c2)CC1,5.7265
O=C(Nc1ccccc1)N1CCC(c2ccccc2)(c2nccn2Cc2ccccc2F)CC1,6.9355
O=C(Nc1ccccc1)N1CCC(c2ccccc2)(c2nccn2Cc2ccccc2)CC1,6.8996
O=C(CCC(=O)Oc1ccc2c(c1)[C@@]13CCCCC1[C@@H](C2)N(CC1CCC1)CC3)Oc1ccc2c(c1)[C@@]13CCCCC1[C@@H](C2)N(CC1CCC1)CC3,10.1192
O=C(/C=C/C(=O)Nc1ccc2c(c1)[C@@]13CCCCC1[C@@H](C2)N(CC1CCC1)CC3)Nc1ccc2c(c1)[C@@]13CCCCC1[C@@H](C2)N(CC1CCC1)CC3,8.1367
O=C(CCCCCCCCC(=O)Nc1ccc2c(c1)[C@@]13CCCCC1[C@@H](C2)N(CC1CCC1)CC3)Nc1ccc2c(c1)[C@@]13CCCCC1[C@@H](C2)N(CC1CCC1)CC3,8.1249
O=C(CCC(=O)Nc1ccc2c(c1)[C@@]13CCCCC1[C@@H](C2)N(CC1CCC1)CC3)Nc1ccc2c(c1)[C@@]13CCCCC1[C@@H](C2)N(CC1CCC1)CC3,8.4202
O=C(CCCCCCCCC(=O)Oc1ccc2c(c1)[C@@]13CCCCC1[C@@H](C2)N(CC1CCC1)CC3)Nc1ccc2c(c1)[C@@]13CCCCC1[C@@H](C2)N(CC1CCC1)CC3,8.7379
O=C(CCCCCCCCC(=O)Oc1ccc2c(c1)[C@@]13CCCCC1[C@@H](C2)N(CC1CCC1)CC3)Oc1ccccc1,8.9715
CN1CC[C@]23c4c5ccc(OC(=O)CCCCCCCCC(=O)Oc6ccc7c(c6)[C@@]68CCCCC6[C@@H](C7)N(CC6CCC6)CC8)c4O[C@H]2[C@@H](O)C=C[C@H]3[C@H]1C5,9.2984
O=C(CCCCCCCCC(=O)Oc1ccc2c(c1)[C@@]13CCCCC1[C@@H](C2)N(CC1CC1)CC3)Oc1ccc2c(c1)[C@@]13CCCCC1[C@@H](C2)N(CC1CCC1)CC3,9.1202
O=C(CCCCCCCCC(=O)Oc1ccc2c(c1)[C@]13CCCCC1[C@H](C2)N(CC1CCC1)CC3)Oc1ccc2c(c1)[C@@]13CCCCC1[C@@H](C2)N(CC1CCC1)CC3,8.5116
O=C(O)CCCCCCCCC(=O)Oc1ccc2c(c1)[C@@]13CCCCC1[C@@H](C2)N(CC1CCC1)CC3,8.5528
O=C(/C=C/C=C/C(=O)Oc1ccc2c(c1)[C@@]13CCCCC1[C@@H](C2)N(CC1CCC1)CC3)Oc1ccc2c(c1)[C@@]13CCCCC1[C@@H](C2)N(CC1CCC1)CC3,8.4886
C#CCN1CC[C@]23CCCCC2[C@H]1Cc1ccc(OC(=O)CCCCCCCCC(=O)Oc2ccc4c(c2)[C@@]25CCCCC2[C@@H](C4)N(CC#C)CC5)cc13,8.0000
O=C(CCCCCCCCC(=O)Oc1ccc2c(c1)[C@@]13CCCCC1[C@@H](C2)N(C[C@@H]1CCCO1)CC3)Oc1ccc2c(c1)[C@@]13CCCCC1[C@@H](C2)N(C[C@@H]1CCCO1)CC3,8.4882
O=C(CCCCCCCCC(=O)Oc1ccc2c(c1)[C@]13CCCCC1[C@H](C2)N(CC1CCC1)CC3)Oc1ccc2c(c1)[C@]13CCCCC1[C@H](C2)N(CC1CCC1)CC3,6.8861
O=C(O)C(O)c1ccccc1.Oc1ccc2c(c1)[C@]13CCCCC1[C@H](C2)N(CC1CC1)CC3,6.3188
O=C(O)C(O)c1ccccc1.Oc1ccc2c(c1)[C@]13CCCCC1[C@H](C2)N(CC1CCC1)CC3,7.2596
Nc1ccc2c(c1)[C@@]13CCCC[C@H]1[C@@H](C2)N(CC1CCC1)CC3,8.7447
C#CCN1CC[C@]23CCCC[C@H]2[C@H]1Cc1ccc(O)cc13,11.5229
Oc1ccc2c(c1)[C@@]13CCCCC1[C@@H](C2)N(C[C@@H]1CCCO1)CC3,9.8239
CN(C(=O)Cc1ccc(Cl)c(Cl)c1)[C@H]1CCCC[C@@H]1N1CCCC1,7.6778
O=C(NCCCN1CCC2(CC1)OCc1ccccc12)[C@H]1CCCN1Cc1ccccc1,5.6021
O=C(NCCCN1CCC2(CCc3ccccc32)CC1)[C@H]1CCCN1Cc1ccccc1,6.0223
O=C(NCCCN1CCC2(CCc3ccccc32)CC1)[C@@H]1CCCN1Cc1ccccc1,5.1024
O=C(NCCCN1CCC2(CCc3ccccc32)CC1)c1ccccc1OCc1ccccc1,5.6383
O=C(NCCCN1CCC2(CCc3ccccc32)CC1)c1ccccc1Oc1ccccc1,5.0177
O=C(NCCCN1CCC2(CCc3ccccc32)CC1)[C@@H](O)Cc1ccccc1,5.1612
O=C(NCCCN1CCC2(CCc3ccccc32)CC1)c1ccccc1-c1ccccc1,5.4318
CN(C(=O)CNc1ccccc1)[C@H](CN1CC[C@H](O)C1)c1ccccc1,10.0353
CCCS(=O)(=O)Nc1ccc(NCC(=O)N(C)[C@H](CN2CC[C@H](O)C2)c2ccccc2)cc1,8.4524
CN(C(=O)CNc1ccc(NS(C)(=O)=O)cc1)[C@H](CN1CC[C@H](O)C1)c1ccccc1,8.0490
CN(C(=O)CNc1ccccc1CNS(C)(=O)=O)[C@H](CN1CC[C@H](O)C1)c1ccccc1,9.1960
CN(C(=O)CNc1cccc(CNS(C)(=O)=O)c1)[C@H](CN1CC[C@H](O)C1)c1ccccc1,8.3638
CN(C(=O)CNc1ccc(CNS(C)(=O)=O)cc1)[C@H](CN1CC[C@H](O)C1)c1ccccc1,7.7078
CN(CC(=O)N(C)[C@H](CN1CC[C@H](O)C1)c1ccccc1)c1ccc(C#N)cc1,8.8191
CC(=O)N(CC(=O)N(C)[C@H](CN1CC[C@H](O)C1)c1ccccc1)c1ccccc1,8.2755
CN(CC(=O)N(C)[C@H](CN1CC[C@H](O)C1)c1ccccc1)c1ccccc1,9.5666
CN(C(=O)CNc1ccccc1C#N)[C@H](CN1CC[C@H](O)C1)c1ccccc1,9.3928
CN(C(=O)CNc1cccc(C#N)c1)[C@H](CN1CC[C@H](O)C1)c1ccccc1,9.2688
CN(C(=O)CNc1ccc(C#N)cc1)[C@H](CN1CC[C@H](O)C1)c1ccccc1,9.2451
CN(C(=O)CNc1ccc([N+](=O)[O-])cc1)[C@H](CN1CC[C@H](O)C1)c1ccccc1,9.6580
CN(C(=O)CNc1ccc(Cl)c(Cl)c1)[C@H](CN1CC[C@H](O)C1)c1ccccc1,9.7636
CN(C(=O)CNc1ccc(C(F)(F)F)cc1)[C@H](CN1CC[C@H](O)C1)c1ccccc1,9.2529
CCCCCCCN1C[C@H](C)[C@](C)(c2cccc(O)c2)C[C@H]1CCC,7.2441
CCCCCCN1C[C@H](C)[C@](C)(c2cccc(O)c2)C[C@H]1CCC,6.8239
CCCCCN1C[C@H](C)[C@](C)(c2cccc(O)c2)C[C@H]1CCC,6.2441
CCCCN1C[C@H](C)[C@](C)(c2cccc(O)c2)C[C@H]1CCC,6.2147
CCC[C@@H]1C[C@@](C)(c2cccc(O)c2)[C@@H](C)CN1CCC,6.4437
CCC[C@@H]1C[C@@](C)(c2cccc(O)c2)[C@@H](C)CN1CC,6.5686
CCC[C@@H]1C[C@@](C)(c2cccc(O)c2)[C@@H](C)CN1C,6.6576
CCC[C@@H]1C[C@@](C)(c2cccc(O)c2)[C@@H](C)CN1CCCc1ccccc1,7.1308
CCC[C@@H]1C[C@@](C)(c2cccc(O)c2)[C@@H](C)CN1Cc1ccccc1,6.4437
CCC[C@@H]1C[C@@](C)(c2cccc(O)c2)[C@@H](C)CN1,6.1612
C[C@H]1CN(CCc2ccccc2)[C@H](CCCc2ccccc2)C[C@@]1(C)c1cccc(O)c1,6.5850
C[C@H]1CN(CCc2ccccc2)[C@H](CCc2ccccc2)C[C@@]1(C)c1cccc(O)c1,6.1024
C[C@H]1CN(CCc2ccccc2)[C@H](Cc2ccccc2)C[C@@]1(C)c1cccc(O)c1,6.0362
C[C@H]1CN(CCc2ccccc2)[C@H](c2ccccc2)C[C@@]1(C)c1cccc(O)c1,6.5376
C[C@H]1CN(CCc2ccccc2)[C@H](CCNC(=O)c2ccccc2)C[C@@]1(C)c1cccc(O)c1,6.6990
CC(=O)NCC[C@@H]1C[C@@](C)(c2cccc(O)c2)[C@@H](C)CN1CCc1ccccc1,6.2076
C[C@H]1CN(CCc2ccccc2)[C@H](CCN)C[C@@]1(C)c1cccc(O)c1,6.2924
CCCC[C@@H]1C[C@@](C)(c2cccc(O)c2)[C@@H](C)CN1CCc1ccccc1,6.6990
CCC[C@@H]1C[C@@](C)(c2cccc(O)c2)[C@@H](C)CN1CCc1ccccc1,6.9586
CC[C@@H]1C[C@@](C)(c2cccc(O)c2)[C@@H](C)CN1CCc1ccccc1,6.1487
C[C@@H]1C[C@@](C)(c2cccc(O)c2)[C@@H](C)CN1CCc1ccccc1,7.0000
COc1nc(NCCCN2CCOCC2)nc(OC)c1NC(=O)c1ccc(Oc2cc3c(cc2C)CCC3(C)C)o1,5.7077
COC(=O)[C@@H]1C[C@H](OC(C)=O)C(=O)[C@H]2[C@@]1(C)CC[C@H]1C(=O)O[C@H](c3ccn(S(C)(=O)=O)c3)C[C@]21C,6.0757
COC(=O)c1coc([C@@H]2C[C@]3(C)[C@H]4C(=O)[C@@H](OC(C)=O)C[C@@H](C(=O)OC)[C@]4(C)CC[C@H]3C(=O)O2)n1,5.0691
COC(=O)[C@@H]1C[C@H](OC(C)=O)C(=O)[C@H]2[C@@]1(C)CC[C@H]1C(=O)O[C@H](c3ccn(S(=O)(=O)c4ccc(OC)cc4)c3)C[C@]21C,5.7905
COC(=O)[C@@H]1C[C@H](OC(C)=O)C(=O)[C@H]2[C@@]1(C)CC[C@H]1C(=O)O[C@H](c3ccn(S(=O)(=O)c4ccccc4)c3)C[C@]21C,6.3872
CO[C@]12CC[C@@]3(C[C@@H]1[C@@](C)(O)C1CCC1)C1Cc4ccc(O)c5c4[C@@]3(CCN1CC1CC1)[C@H]2O5.Cl,8.7352
Cn1cc(C2CCN(C3Cc4cccc5cccc3c45)CC2O)c2cccnc21,5.3665
c1cc2c3c(cccc3c1)C(N1CCC(c3c[nH]c4ncccc34)CC1)C2,5.5560
c1cnc2[nH]cc(C3CCN(CC4CCCCCCC4)CC3)c2c1,5.4101
c1ccc2c(CN3CCC(c4c[nH]c5ncccc45)CC3)cccc2c1,6.1487
Clc1cccc2c(C3CCN(C4Cc5cccc6cccc4c56)CC3)c[nH]c12,5.5850
Clc1cccc2c(C3CCN(CC4CCCCCCC4)CC3)c[nH]c12,5.9318
CN(C)C[C@@H](O)Cn1cc(C2CCN(CC3CCCCCCC3)CC2)c2cc(F)ccc21,5.7212
Fc1ccc2[nH]cc(C3CCN(C4Cc5cccc6cccc4c56)CC3)c2c1,5.7235
Fc1ccc2[nH]cc(C3CCN(CC4CCCCCCC4)CC3)c2c1,6.7447
Fc1ccc2[nH]cc(C3CCN(Cc4cccc5ccccc45)CC3)c2c1,6.0862
Cc1[nH]c2ccc(Cl)cc2c1C1CCN(C2Cc3cccc4cccc2c34)CC1,6.1675
Cc1[nH]c2ccc(Cl)cc2c1C1CCN(CC2CCCCCCC2)CC1,6.4815
Cc1[nH]c2ccc(Cl)cc2c1C1CCN(Cc2cccc3ccccc23)CC1,6.1249
Clc1ccc2[nH]cc(C3CCN(Cc4ccccc4)CC3)c2c1,6.4815
Clc1ccc2[nH]cc(C3=CCN(Cc4ccccc4)CC3)c2c1,5.9957
CC(C)(C)c1cccc(-c2nncn2-c2cccc(O)c2)c1,5.8239
Cc1ccccc1/C=C/C(=O)N[C@@]12CCC(=O)[C@@H]3Oc4c(O)ccc5c4[C@@]31CCN(C)[C@@H]2C5,9.6686
CN1CC[C@]23c4c5cccc4O[C@H]2C(=O)CC[C@@]3(NC(=O)/C=C/c2ccccc2Cl)[C@H]1C5,9.2676
COc1ccc2c3c1O[C@H]1C(=O)CC[C@@]4(NC(=O)/C=C/c5ccccc5C)[C@@H](C2)N(C)CC[C@]314,8.4450
COc1ccc2c3c1O[C@H]1C(=O)CC[C@@]4(NC(=O)/C=C/c5ccccc5Cl)[C@@H](C2)N(C)CC[C@]314,8.3363
COc1ccc2c3c1O[C@H]1C(=O)CC[C@@]4(NC(=O)/C=C/c5ccc(Cl)cc5)[C@@H](C2)N(C)CC[C@]314,7.8249
COc1ccc2c3c1O[C@H]1C(=O)CC[C@@]4(NC(=O)/C=C/c5ccccc5C)[C@@H](C2)N(CC2CC2)CC[C@]314,8.7447
COc1ccc2c3c1O[C@H]1C(=O)CC[C@@]4(NC(=O)/C=C/c5ccc(C)cc5)[C@@H](C2)N(C)CC[C@]314,7.5400
COc1ccc2c3c1O[C@H]1C(=O)CC[C@@]4(NC(=O)/C=C/c5ccccc5Cl)[C@@H](C2)N(CC2CC2)CC[C@]314,8.0458
O=C(/C=C/c1ccccc1Cl)N[C@@]12CCC(=O)[C@@H]3Oc4c(O)ccc5c4[C@@]31CCN(CC1CC1)[C@@H]2C5,8.6198
Cc1ccccc1/C=C/C(=O)N[C@@]12CCC(=O)[C@@H]3Oc4c(O)ccc5c4[C@@]31CCN(CC1CC1)[C@@H]2C5,8.8239
Cc1ccc(/C=C/C(=O)N[C@@]23CCC(=O)[C@@H]4Oc5c(O)ccc6c5[C@@]42CCN(C)[C@@H]3C6)cc1,8.8239
Cc1ccc(CCC(=O)N[C@@]23CCC(=O)[C@@H]4Oc5c(O)ccc6c5[C@@]42CCN(C)[C@@H]3C6)cc1,9.2441
CNC[C@@H](Cc1ccccc1)N(C)C[C@H](Cc1ccc(O)cc1)N(C)C[C@@H](N)Cc1ccc(O)cc1,5.8386
CNC[C@H](Cc1ccccc1)N(C)C[C@@H](Cc1ccc(O)cc1)N(C)C[C@@H](N)Cc1ccc(O)cc1,4.6486
CNC[C@H](Cc1ccccc1)N(C)C[C@H](Cc1ccc(O)cc1)N(C)C[C@@H](Cc1ccc(O)cc1)N(C)C,4.9781
CNC[C@@H](Cc1ccccc1)N(C)C[C@@H](Cc1ccc(O)cc1)N(C)C[C@@H](Cc1ccc(O)cc1)N(C)C,5.0575
CNC[C@@H](Cc1ccccc1)N(C)C[C@@H](Cc1ccc(O)cc1)N(C)C[C@H](Cc1ccc(O)cc1)N(C)C,4.6491
CNC[C@@H](Cc1ccccc1)N(C)C[C@H](Cc1ccc(O)cc1)N(C)C[C@@H](Cc1ccc(O)cc1)N(C)C,4.8072
CNC[C@H](Cc1ccccc1)N(C)C[C@@H](Cc1ccc(O)cc1)N(C)C[C@@H](Cc1ccc(O)cc1)N(C)C,5.2176
NC[C@H](Cc1ccc(O)cc1)NC[C@@H](N)Cc1ccc(O)cc1,4.4927
CN[C@H](CN[C@H](CN)Cc1ccc(O)cc1)Cc1ccc(O)cc1,5.0144
CN(C)[C@H](CN[C@H](CN)Cc1ccc(O)cc1)Cc1ccc(O)cc1,4.6467
CN[C@@H](Cc1ccc(O)cc1)CN(C)[C@H](CNCc1ccccc1)Cc1ccc(O)cc1,5.4140
CN(C)[C@@H](Cc1ccc(O)cc1)CN(C)[C@H](CNCc1ccccc1)Cc1ccc(O)cc1,5.6275
CNC[C@H](Cc1ccc(O)cc1)N(Cc1ccccc1)C[C@@H](N)Cc1ccc(O)cc1,4.8407
CNC[C@H](Cc1ccc(O)cc1)N(Cc1ccccc1)C[C@H](Cc1ccc(O)cc1)NC,4.9535
CNC[C@H](Cc1ccc(O)cc1)N(Cc1ccccc1)C[C@H](Cc1ccc(O)cc1)N(C)C,4.9733
CN(C[C@@H](N)Cc1ccc(O)cc1)[C@H](CNCc1ccccc1)Cc1ccc(O)cc1,5.3829
CNC[C@H](Cc1ccccc1)N(C)C[C@H](Cc1ccc(O)cc1)N(C)C[C@H](Cc1ccc(O)cc1)N(C)C,5.9796
Cc1cc(O)cc(C)c1C[C@H](N)C(=O)N1Cc2ccccc2C[C@H]1C(=O)NCCC(=O)Oc1ccc2c(c1)[C@@]13CCCC[C@H]1[C@@H](C2)N(CC1CCC1)CC3,9.5528
C[C@H]1C2Cc3ccc(C(N)=O)cc3[C@@]1(C)CCN2CC1CC1,10.2218
CC[C@@]12CCN(CC3CC3)C(C(=O)c3ccc(C(=O)NCCc4ccc(-c5ccccc5)cc4)cc31)[C@@H]2C,8.8861
CC[C@@]12CCN(CC3CC3)C(C(=O)c3ccc(C(N)=O)cc31)[C@@H]2C,9.3279
C[C@H]1C2Cc3ccc(C(=O)N(C)CCc4ccc(-c5ccccc5)cc4)cc3[C@@]1(C)CCN2CC1CC1,7.9586
C[C@H]1C2Cc3ccc(C(=O)NCCCc4ccc(-c5ccccc5)cc4)cc3[C@@]1(C)CCN2CC1CC1,8.5686
C[C@@H]1[C@@H]2Cc3ccc(C(=O)NCCc4ccc(-c5ccccc5)cc4)cc3[C@]1(C)CCN2CC1CC1,8.0706
C[C@H]1[C@H]2Cc3ccc(C(=O)NCCc4ccc(-c5ccccc5)cc4)cc3[C@]1(C)CCN2CC1CC1,8.9754
C[C@H]1C2Cc3ccc(C(=O)NCCc4ccc(-c5ccccc5)cc4)cc3[C@@]1(C)CCN2CC1CC1,8.7447
C[C@H]1C2Cc3ccc(C(=O)NCc4ccc(-c5ccccc5)cc4)cc3[C@@]1(C)CCN2CC1CC1,7.5850
C[C@H]1C2Cc3ccc(C(=O)Nc4ccc(-c5ccccc5)cc4)cc3[C@@]1(C)CCN2CC1CC1,7.5686
C[C@H]1C2Cc3ccc(C(=O)NCCCc4ccccc4)cc3[C@@]1(C)CCN2CC1CC1,8.5229
C[C@H]1C2Cc3ccc(C(=O)NCCc4ccccc4)cc3[C@@]1(C)CCN2CC1CC1,8.7696
C[C@H]1C2Cc3ccc(C(=O)NCc4ccccc4)cc3[C@@]1(C)CCN2CC1CC1,7.4437
C[C@H]1C2Cc3ccc(C(=O)Nc4ccccc4)cc3[C@@]1(C)CCN2CC1CC1,6.5686
COC[C@@H]1C[C@H](OC(C)=O)C(=O)[C@@H]2C3(C)C[C@@H](c4ccoc4)OC[C@H]3C(=O)C[C@@]12C,6.1141
CCC(=O)N(CC)[C@@H]1C[C@@H](C(=O)OC)[C@]2(C)CC[C@H]3C(=O)O[C@H](c4ccoc4)C[C@]3(C)[C@H]2C1=O,6.2459
CCN(C(C)=O)[C@@H]1C[C@@H](C(=O)OC)[C@]2(C)CC[C@H]3C(=O)O[C@H](c4ccoc4)C[C@]3(C)[C@H]2C1=O,6.4065
CCC(=O)N(C)[C@@H]1C[C@@H](C(=O)OC)[C@]2(C)CC[C@H]3C(=O)O[C@H](c4ccoc4)C[C@]3(C)[C@H]2C1=O,8.0304
COC(=O)[C@@H]1C[C@@H](N(C)C(C)=O)C(=O)[C@H]2[C@@]1(C)CC[C@H]1C(=O)O[C@H](c3ccoc3)C[C@]21C,7.7301
CCC(=O)N[C@@H]1C[C@@H](C(=O)OC)[C@]2(C)CC[C@H]3C(=O)O[C@H](c4ccoc4)C[C@]3(C)[C@H]2C1=O,6.5378
COC(=O)[C@@H]1C[C@@H](NC(C)=O)C(=O)[C@H]2[C@@]1(C)CC[C@H]1C(=O)O[C@H](c3ccoc3)C[C@]21C,6.4743
COC(=O)[C@@H]1C[C@@H](NC(C)C)C(=O)[C@H]2[C@@]1(C)CC[C@H]1C(=O)O[C@H](c3ccoc3)C[C@]21C,8.3905
COC(=O)[C@@H]1C[C@@H](N)C(=O)[C@H]2[C@@]1(C)CC[C@H]1C(=O)O[C@H](c3ccoc3)C[C@]21C,6.2570
CCCC(=O)O[C@@H]1C[C@@H](C(=O)OC)[C@]2(C)CC[C@H]3C(=O)O[C@H](c4ccoc4)C[C@]3(C)[C@H]2C1=O,6.1772
CCC(=O)O[C@@H]1C[C@@H](C(=O)OC)[C@]2(C)CC[C@H]3C(=O)O[C@H](c4ccoc4)C[C@]3(C)[C@H]2C1=O,6.1931
COC(=O)[C@@H]1C[C@@H](OC(C)=O)C(=O)[C@H]2[C@@]1(C)CC[C@H]1C(=O)O[C@H](c3ccoc3)C[C@]21C,6.5143
CC(=O)O[C@H]1C[C@@H](CO)[C@]2(C)CC(=O)[C@H]3CO[C@H](c4ccoc4)CC3(C)[C@H]2C1=O,6.0000
CNC(=O)[C@@H]1C[C@H](OC(C)=O)C(=O)[C@H]2[C@@]1(C)CC[C@H]1C(=O)O[C@H](c3ccoc3)C[C@]21C,5.8564
CCC(=O)N(CC)[C@H]1C[C@@H](C(=O)OC)[C@]2(C)CC[C@H]3C(=O)O[C@H](c4ccoc4)C[C@]3(C)[C@H]2C1=O,7.4243
CCN(C(C)=O)[C@H]1C[C@@H](C(=O)OC)[C@]2(C)CC[C@H]3C(=O)O[C@H](c4ccoc4)C[C@]3(C)[C@H]2C1=O,7.5788
CCC(=O)N(C)[C@H]1C[C@@H](C(=O)OC)[C@]2(C)CC[C@H]3C(=O)O[C@H](c4ccoc4)C[C@]3(C)[C@H]2C1=O,8.9604
CCC(=O)N[C@H]1C[C@@H](C(=O)OC)[C@]2(C)CC[C@H]3C(=O)O[C@H](c4ccoc4)C[C@]3(C)[C@H]2C1=O,6.3899
COC(=O)[C@@H]1C[C@H](NC(C)=O)C(=O)[C@H]2[C@@]1(C)CC[C@H]1C(=O)O[C@H](c3ccoc3)C[C@]21C,6.8738
COC(=O)[C@@H]1C[C@H](N(C)C)C(=O)[C@H]2[C@@]1(C)CC[C@H]1C(=O)O[C@H](c3ccoc3)C[C@]21C,6.6972
COC(=O)[C@@H]1C[C@H](NC(C)C)C(=O)[C@H]2[C@@]1(C)CC[C@H]1C(=O)O[C@H](c3ccoc3)C[C@]21C,7.7390
CCN[C@H]1C[C@@H](C(=O)OC)[C@]2(C)CC[C@H]3C(=O)O[C@H](c4ccoc4)C[C@]3(C)[C@H]2C1=O,7.1618
CN[C@H]1C[C@@H](C(=O)OC)[C@]2(C)CC[C@H]3C(=O)O[C@H](c4ccoc4)C[C@]3(C)[C@H]2C1=O,6.2838
COC(=O)[C@@H]1C[C@H](OC(C)=O)C(=O)[C@@H]2[C@@]3(C)C[C@@H](c4ccoc4)OC(=O)[C@H]3CC[C@]21C,6.5644
COC(=O)[C@@H]1C[C@H](N(C)C(C)=O)C(=O)[C@H]2[C@@]1(C)CC[C@H]1C(=O)O[C@H](c3ccoc3)C[C@]21C,8.5573
COc1ccc2c3c1O[C@H]1C(=O)CC[C@@]4(O)[C@@H](C2)N(CC2CC2)CC[C@]314,6.6400
O=C1CC[C@@]2(NCCc3ccc(Cl)cc3)[C@H]3Cc4ccc(O)c5c4[C@@]2(CCN3CC2CC2)[C@H]1O5,9.1419
O=C(Cc1ccc(Cl)cc1)N[C@@]12CCC(=O)[C@@H]3Oc4c(O)ccc5c4[C@@]31CCN(CC1CC1)[C@@H]2C5,8.9754
O=C1CC[C@@]2(NCCCCc3ccc(Cl)cc3)[C@H]3Cc4ccc(O)c5c4[C@@]2(CCN3CC2CC2)[C@H]1O5,8.8174
O=C1CC[C@@]2(NCC/C=C/c3ccc(Cl)cc3)[C@H]3Cc4ccc(O)c5c4[C@@]2(CCN3CC2CC2)[C@H]1O5,8.1051
O=C1CC[C@@]2(NC/C=C/Cc3ccc(Cl)cc3)[C@H]3Cc4ccc(O)c5c4[C@@]2(CCN3CC2CC2)[C@H]1O5,8.4458
O=C(CCCc1ccc(Cl)cc1)N[C@@]12CCC(=O)[C@@H]3Oc4c(O)ccc5c4[C@@]31CCN(CC1CC1)[C@@H]2C5,8.8797
O=C(C/C=C/c1ccc(Cl)cc1)N[C@@]12CCC(=O)[C@@H]3Oc4c(O)ccc5c4[C@@]31CCN(CC1CC1)[C@@H]2C5,8.0832
COc1ccc2c3c1O[C@H]1C(=O)CC[C@@]4(NCCc5ccc(Cl)cc5)[C@@H](C2)N(CC2CC2)CC[C@]314,7.6226
COc1ccc2c3c1O[C@H]1C(=O)CC[C@@]4(NC(=O)Cc5ccc(Cl)cc5)[C@@H](C2)N(CC2CC2)CC[C@]314,8.3145
COc1ccc2c3c1O[C@H]1C(=O)CC[C@@]4(NCCCCc5ccc(Cl)cc5)[C@@H](C2)N(CC2CC2)CC[C@]314,7.0383
COc1ccc2c3c1O[C@H]1C(=O)CC[C@@]4(NCC/C=C/c5ccc(Cl)cc5)[C@@H](C2)N(CC2CC2)CC[C@]314,7.0784
COc1ccc2c3c1O[C@H]1C(=O)CC[C@@]4(NC/C=C/Cc5ccc(Cl)cc5)[C@@H](C2)N(CC2CC2)CC[C@]314,6.9995
COc1ccc2c3c1O[C@H]1C(=O)CC[C@@]4(NC(=O)CCCc5ccc(Cl)cc5)[C@@H](C2)N(CC2CC2)CC[C@]314,7.9095
COc1ccc2c3c1O[C@H]1C(=O)CC[C@@]4(NC(=O)C/C=C/c5ccc(Cl)cc5)[C@@H](C2)N(CC2CC2)CC[C@]314,7.3211
COc1ccc2c3c1O[C@H]1C(=O)CC[C@@]4(NC(=O)/C=C/Cc5ccc(Cl)cc5)[C@@H](C2)N(CC2CC2)CC[C@]314,7.5901
O=C1CC[C@@]2(NC/C=C/c3ccc(Cl)cc3)[C@H]3Cc4ccc(O)c5c4[C@@]2(CCN3CC2CC2)[C@H]1O5,9.0410
O=C1CC[C@@]2(NCCCc3ccc(Cl)cc3)[C@H]3Cc4ccc(O)c5c4[C@@]2(CCN3CC2CC2)[C@H]1O5,11.2218
O=C(CCc1ccc(Cl)cc1)N[C@@]12CCC(=O)[C@@H]3Oc4c(O)ccc5c4[C@@]31CCN(CC1CC1)[C@@H]2C5,11.5229
COc1ccc2c3c1O[C@H]1C(=O)CC[C@@]4(NCCCc5ccc(Cl)cc5)[C@@H](C2)N(CC2CC2)CC[C@]314,8.7282
COc1ccc2c3c1O[C@H]1C(=O)CC[C@@]4(NC(=O)CCc5ccc(Cl)cc5)[C@@H](C2)N(CC2CC2)CC[C@]314,9.5376
C[C@H]1CN2C[C@H](c3ccccc3)CC[C@H]2C[C@@]1(C)c1cccc(O)c1,8.0506
C[C@H]1CN2CCN(CC3CCCCC3)C[C@H]2C[C@@]1(C)c1cccc(O)c1,7.2597
C[C@H]1CN2C[C@H](c3ccccc3)NC[C@H]2C[C@@]1(C)c1cccc(C(N)=O)c1,8.2984
C[C@H]1CN2C[C@H](c3ccccc3)N(Cc3ccccc3)C[C@H]2C[C@@]1(C)c1cccc(C(N)=O)c1,6.3372
C[C@H]1CN2C[C@H](c3ccccc3)N(Cc3ccccc3)C[C@H]2C[C@@]1(C)c1cccc(O)c1,6.9626
C[C@H]1CN2C[C@H](c3ccccc3)N(C)C[C@H]2C[C@@]1(C)c1cccc(O)c1,7.9208
CC(=O)N1C[C@H]2C[C@@](C)(c3cccc(O)c3)[C@@H](C)CN2C[C@@H]1c1ccccc1,6.2076
C[C@H]1CN2C[C@H](c3ccccc3)NC[C@H]2C[C@@]1(C)c1cccc(O)c1,7.7447
CC(C)[C@H]1CN2C[C@H](C)[C@](C)(c3cccc(O)c3)C[C@@H]2CN1,7.2441
C[C@H]1CN2C[C@H](C3CCCCC3)NC[C@H]2C[C@@]1(C)c1cccc(O)c1,8.3583
C[C@H]1CN2C[C@@H](Cc3ccccc3)NC[C@H]2C[C@@]1(C)c1cccc(O)c1,6.8861
C[C@H]1CN2C[C@H](Cc3ccccc3)NC[C@H]2C[C@@]1(C)c1cccc(O)c1,7.0706
C[C@H]1CN2C[C@@H](c3ccccc3)NC[C@H]2C[C@@]1(C)c1cccc(O)c1,6.3665
C[C@H]1CN2CCN(C(=O)Nc3ccccc3)C[C@H]2C[C@@]1(C)c1cccc(O)c1,6.3768
C[C@H]1CN2CCCN(Cc3ccccc3)C[C@H]2C[C@@]1(C)c1cccc(O)c1,6.2676
C[C@H]1CN2CCN(CCc3ccccc3)C[C@H]2C[C@@]1(C)c1cccc(O)c1,6.9586
C[C@H]1CN2CCN(Cc3ccccc3)C[C@H]2C[C@@]1(C)c1cccc(O)c1,7.3665
C[C@H]1CN2CCN(c3ccccc3)C[C@H]2C[C@@]1(C)c1cccc(O)c1,5.4318
C[C@H]1CN2CCN(C(=O)Cc3ccccc3)C[C@H]2C[C@@]1(C)c1cccc(O)c1,6.2676
C[C@H]1CN2CCN(C(=O)c3ccccc3)C[C@H]2C[C@@]1(C)c1cccc(O)c1,6.7447
C[C@H]1CN2CCN(CCCc3ccccc3)C[C@H]2C[C@@]1(C)c1cccc(O)c1,6.0223
COC(=O)c1cccc(CN2CCN3C[C@H](C)[C@](C)(c4cccc(O)c4)C[C@@H]3C2)c1,6.8539
C[C@H]1CN2CCN(Cc3ccc(O)cc3)C[C@H]2C[C@@]1(C)c1cccc(O)c1,6.5686
C[C@H]1CN2CCN(Cc3cccc(O)c3)C[C@H]2C[C@@]1(C)c1cccc(O)c1,7.2518
C[C@H]1CN2CCN(Cc3ccccc3O)C[C@H]2C[C@@]1(C)c1cccc(O)c1,7.5730
C[C@H]1CN2CCN(Cc3ccc(Cl)cc3)C[C@H]2C[C@@]1(C)c1cccc(O)c1,6.5528
C[C@H]1CN2CCN(Cc3cccc(Cl)c3)C[C@H]2C[C@@]1(C)c1cccc(O)c1,7.0809
C[C@H]1CN2CCN(Cc3ccccc3Cl)C[C@H]2C[C@@]1(C)c1cccc(O)c1,7.8979
Cc1ccc(CN2CCN3C[C@H](C)[C@](C)(c4cccc(O)c4)C[C@@H]3C2)cc1,6.5229
Cc1cccc(CN2CCN3C[C@H](C)[C@](C)(c4cccc(O)c4)C[C@@H]3C2)c1,6.8861
Cc1ccccc1CN1CCN2C[C@H](C)[C@](C)(c3cccc(O)c3)C[C@@H]2C1,7.6734
C[C@H]1CN2CCN(Cc3ccsc3)C[C@H]2C[C@@]1(C)c1cccc(O)c1,7.4202
C[C@H]1CN2CCN(Cc3cccs3)C[C@H]2C[C@@]1(C)c1cccc(O)c1,7.8061
C[C@H]1CN2CCN(Cc3ccoc3)C[C@H]2C[C@@]1(C)c1cccc(O)c1,6.9208
C[C@H]1CN2CCN(Cc3ccco3)C[C@H]2C[C@@]1(C)c1cccc(O)c1,6.3665
C[C@H]1CN2CCN(Cc3cccnc3)C[C@H]2C[C@@]1(C)c1cccc(O)c1,6.3979
C[C@H]1CN2CCN(Cc3ccccn3)C[C@H]2C[C@@]1(C)c1cccc(O)c1,6.4089
C[C@H]1CN2CCN(Cc3cccc4ccccc34)C[C@H]2C[C@@]1(C)c1cccc(O)c1,6.6383
C[C@H]1CN2CCN(Cc3ccc4ccccc4c3)C[C@H]2C[C@@]1(C)c1cccc(O)c1,6.0088
C[C@H]1CN2CCN(Cc3cccc(OCc4ccccc4)c3)C[C@H]2C[C@@]1(C)c1cccc(O)c1,7.4815
C[C@H]1CN2CCN(Cc3cccc(Oc4ccccc4)c3)C[C@H]2C[C@@]1(C)c1cccc(O)c1,7.6198
C[C@H]1[C@H]2CCCCN2CC[C@@]1(C)c1cccc(O)c1,6.2840
C[C@H]1[C@@H]2CCCCN2CC[C@@]1(C)c1cccc(O)c1,7.1612
C[C@H]1CN2CCCC[C@@H]2C[C@@]1(C)c1cccc(O)c1,6.2840
C[C@H]1[C@H]2CC[C@@H](c3ccccc3)CN2CC[C@@]1(C)c1cccc(O)c1,7.7959
C[C@H]1[C@H]2CC[C@H](c3ccccc3)CN2CC[C@@]1(C)c1cccc(O)c1,7.4559
C[C@H]1[C@@H]2CC[C@@H](c3ccccc3)CN2CC[C@@]1(C)c1cccc(O)c1,6.9430
C[C@H]1[C@@H]2CC[C@H](c3ccccc3)CN2CC[C@@]1(C)c1cccc(O)c1,7.0000
C[C@H]1CN2C[C@@H](c3ccccc3)CC[C@H]2C[C@@]1(C)c1cccc(O)c1,6.3565
C[C@H]1CN2C[C@@H](c3ccccc3)CC[C@@H]2C[C@@]1(C)c1cccc(O)c1,5.8539
C[C@H]1CN2C[C@H](c3ccccc3)CC[C@@H]2C[C@@]1(C)c1cccc(O)c1,6.3665
COCCOCC(=O)OC[C@@H]1C[C@H](OC(C)=O)C(=O)[C@H]2[C@@]1(C)CC[C@H]1C(=O)O[C@H](c3ccoc3)C[C@]21C,6.4452
CC(=O)O[C@H]1C[C@@H](COC(=O)C2CC2)[C@]2(C)CC[C@H]3C(=O)O[C@H](c4ccoc4)C[C@]3(C)[C@H]2C1=O,6.5509
CC(=O)O[C@H]1C[C@@H](CO)[C@]2(C)CC[C@H]3C(=O)O[C@H](c4ccoc4)C[C@]3(C)[C@H]2C1=O,7.5233
CN1CC[C@]23c4c5ccc(O)c4O[C@H]2c2c(c4c(n2CCc2ccccc2)CCCC4)C[C@@]3(O)C1C5,6.8353
CN1CC[C@]23c4c5ccc(O)c4O[C@H]2c2c(c4c(n2CC2CCCCC2)CCCC4)C[C@@]3(O)C1C5,6.6985
CN1CC[C@]23c4c5ccc(O)c4O[C@H]2c2c(c4c(n2Cc2ccccc2)CCCC4)C[C@@]3(O)C1C5,6.1475
CCn1c2c(c3c1[C@@H]1Oc4c(O)ccc5c4[C@@]14CCN(C)C(C5)[C@]4(O)C3)CCCC2,6.8913
CN1CC[C@]23c4c5ccc(O)c4O[C@H]2c2c(c4c(n2C)CCCC4)C[C@@]3(O)C1C5,7.0312
Oc1ccc2c3c1O[C@H]1c4c(c5c(n4CCc4ccccc4)CCCC5)C[C@@]4(O)C(C2)N(CC2CC2)CC[C@]314,7.9537
Oc1ccc2c3c1O[C@H]1c4c(c5c(n4CC4CCCCC4)CCCC5)C[C@@]4(O)C(C2)N(CC2CC2)CC[C@]314,7.4345
Oc1ccc2c3c1O[C@H]1c4c(c5c(n4Cc4ccccc4)CCCC5)C[C@@]4(O)C(C2)N(CC2CC2)CC[C@]314,8.2013
Oc1ccc2c3c1O[C@H]1c4c(c5c(n4CC4CC4)CCCC5)C[C@@]4(O)C(C2)N(CC2CC2)CC[C@]314,8.6003
CCn1c2c(c3c1[C@@H]1Oc4c(O)ccc5c4[C@@]14CCN(CC1CC1)C(C5)[C@]4(O)C3)CCCC2,7.9883
Cn1c2c(c3c1[C@@H]1Oc4c(O)ccc5c4[C@@]14CCN(CC1CC1)[C@H](C5)[C@]4(O)C3)CCCC2,8.3862
CCn1cc(-c2ccccc2)c2c1[C@@H]1Oc3c(O)ccc4c3[C@@]13CCN(CC1CC1)C(C4)[C@]3(O)C2,7.6144
Cn1cc(-c2ccccc2)c2c1[C@@H]1Oc3c(O)ccc4c3[C@@]13CCN(CC1CC1)C(C4)[C@]3(O)C2,7.7328
C=CCN1CC[C@]23c4c5ccc(OC(=O)CCCCCCCCC(=O)Oc6ccc7c(c6)[C@@]68CCCCC6[C@@H](C7)N(CC6CCC6)CC8)c4O[C@H]2C(=O)CC[C@@]3(O)[C@H]1C5,9.3410
O=C(CCCCCCCCC(=O)Oc1ccc2c3c1O[C@H]1C(=O)CC[C@@]4(O)[C@@H](C2)N(CC2CC2)CC[C@]314)Oc1ccc2c(c1)[C@@]13CCCCC1[C@@H](C2)N(CC1CCC1)CC3,9.1947
O=C(CCCCCCCCC(=O)Oc1ccc2c3c1O[C@H]1[C@H](O)CC[C@@]4(O)[C@@H](C2)N(CC2CCC2)CC[C@]314)Oc1ccc2c(c1)[C@@]13CCCCC1[C@@H](C2)N(CC1CCC1)CC3,8.4949
COc1ccc2c(c1)[C@]13CCN(C)[C@H](C2)[C@@H]1Cc1c([nH]c2ccccc12)C3,6.4089
Nc1nc2c(s1)C[C@H]1[C@H]3Cc4ccc(O)cc4[C@@]1(CCN3CC1CCC1)C2,8.5850
Nc1nc2c(s1)C[C@H]1[C@H]3Cc4ccc(O)cc4[C@@]1(CCN3CC1CC1)C2,9.8117
CN1CC[C@]23Cc4nc(N)sc4C[C@H]2[C@H]1Cc1ccc(O)cc13,8.1677
Oc1ccc2c(c1)[C@]13CCN(CC4CCC4)[C@H](C2)[C@@H]1Cc1c([nH]c2ccccc12)C3,7.8606
Oc1ccc2c(c1)[C@]13CCN(CC4CC4)[C@H](C2)[C@@H]1Cc1c([nH]c2ccccc12)C3,7.7696
CN1CC[C@]23Cc4[nH]c5ccccc5c4C[C@H]2[C@H]1Cc1ccc(O)cc13,7.8539
COc1ccc2c(c1)[C@]13CCN(CC4CCC4)[C@H](C2)[C@@H]1Cc1c([nH]c2ccccc12)C3,7.0506
COc1ccc2c(c1)[C@]13CCN(CC4CC4)[C@H](C2)[C@@H]1Cc1c([nH]c2ccccc12)C3,8.2368
O=C(NCc1ccccc1)Oc1ccc2c(c1)C13CCCCC1C(C2)N(CC1CCC1)CC3,8.9254
O=C(Nc1ccccc1)Oc1ccc2c(c1)C13CCCCC1C(C2)N(CC1CCC1)CC3,9.4750
CCNC(=O)Oc1ccc2c(c1)C13CCCCC1C(C2)N(CC1CCC1)CC3,8.0024
CNC(=O)Oc1ccc2c(c1)C13CCCCC1C(C2)N(CC1CCC1)CC3,8.5546
O=C(NCc1ccccc1)Oc1ccc2c(c1)C13CCCCC1C(C2)N(CC1CC1)CC3,9.4062
O=C(Nc1ccccc1)Oc1ccc2c(c1)C13CCCCC1C(C2)N(CC1CC1)CC3,9.8787
CCNC(=O)Oc1ccc2c(c1)C13CCCCC1C(C2)N(CC1CC1)CC3,9.3873
CNC(=O)Oc1ccc2c(c1)C13CCCCC1C(C2)N(CC1CC1)CC3,8.1322
CCNC(=O)Oc1ccc2c(c1)C13CCCCC1C(C2)N(C)CC3,7.4437
CNC(=O)Oc1ccc2c(c1)C13CCCCC1C(C2)N(C)CC3,8.0095
COC(=O)[C@@H]1C[C@@H](SC(C)=O)C(=O)[C@H]2[C@@]1(C)CC[C@H]1C(=O)O[C@H](c3ccoc3)C[C@]21C,6.9101
COC(=O)[C@@H]1C[C@H](S)C(=O)[C@H]2[C@@]1(C)CC[C@H]1C(=O)O[C@H](c3ccoc3)C[C@]21C,6.5421
CN(C(=O)CC(=O)Nc1ccccc1)[C@H](CN1CC[C@H](O)C1)c1ccccc1,9.5686
CN(C(=O)CCC(=O)Nc1cccnc1)[C@H](CN1CC[C@H](O)C1)c1ccccc1,6.5528
CN(C(=O)CC(=O)Nc1cccnc1)[C@H](CN1CC[C@H](O)C1)c1ccccc1,8.8861
CN(C(=O)CCC(=O)Nc1nccs1)[C@H](CN1CC[C@H](O)C1)c1ccccc1,7.6383
CN(C(=O)CC(=O)Nc1nccs1)[C@H](CN1CC[C@H](O)C1)c1ccccc1,9.2757
CN(C(=O)NCC(=O)Nc1ccccc1)[C@H](CN1CC[C@H](O)C1)c1ccccc1,8.1871
CN(C(=O)CCC(=O)Nc1ccccc1)[C@H](CN1CC[C@H](O)C1)c1ccccc1,8.2218
CN(C(=O)CC(=O)Nc1ccc(CNS(C)(=O)=O)cc1)[C@H](CN1CC[C@H](O)C1)c1ccccc1,7.0177
CN(C(=O)CC(=O)Nc1ccc(NS(C)(=O)=O)cc1)[C@H](CN1CC[C@H](O)C1)c1ccccc1,7.5376
CN(C(=O)CC(=O)NCc1ccccc1)[C@H](CN1CC[C@H](O)C1)c1ccccc1,7.8239
CC(c1ccccc1)N1CCC(O)(c2ccccc2)CC1,5.3821
Cc1ccccc1C(c1ccccc1)N1CCC(O)(c2ccccc2)CC1,6.0958
c1ccc(COC2(c3ccccc3)CCN(C(c3ccccc3)c3ccccc3)CC2)cc1,4.8732
CCCOC1(c2ccccc2)CCN(C(c2ccccc2)c2ccccc2)CC1,5.8286
CCOC1(c2ccccc2)CCN(C(c2ccccc2)c2ccccc2)CC1,6.3116
COC1(c2ccccc2)CCN(C(c2ccccc2)c2ccccc2)CC1,6.4647
COc1ccc(C(c2ccc(OC)cc2)N2CCC(O)(c3ccccc3)CC2)cc1,5.5409
COc1ccccc1C(c1ccccc1OC)N1CCC(O)(c2ccccc2)CC1,6.5143
OC1(c2ccccc2)CCN(C(c2ccc(F)cc2)c2ccc(F)cc2)CC1,6.9101
OC1(c2ccccc2)CCN(C(c2ccccc2F)c2ccccc2F)CC1,5.9311
OC1(c2ccccc2)CCN(C(c2ccccc2Cl)c2ccccc2Cl)CC1,6.1972
Cc1ccccc1C(c1ccccc1C)N1CCC(O)(c2ccccc2)CC1,5.7665
O=C(O)c1ccccc1C(c1ccccc1)N1CCC(O)(c2ccccc2)CC1,5.0938
OCc1ccccc1C(c1ccccc1)N1CCC(O)(c2ccccc2)CC1,5.9303
COc1ccccc1C(c1ccccc1)N1CCC(O)(c2ccccc2)CC1,6.2848
OC1(c2ccccc2)CCN(C(c2ccccc2)c2ccc(Br)cc2)CC1,5.6121
OC1(c2ccccc2)CCN(C(c2ccccc2)c2ccccc2Br)CC1,5.9416
OC1(c2ccccc2)CCN(C(c2ccccc2)c2ccccc2F)CC1,5.8300
OC1(c2ccccc2)CCN(C(c2ccccc2)c2ccc(Cl)cc2)CC1,6.7852
OC1(c2ccccc2)CCN(C(c2ccccc2)c2cccc(Cl)c2)CC1,5.7053
OC1(c2ccccc2)CCN(C(c2ccccc2)c2ccccc2Cl)CC1,5.9446
CCc1ccccc1C(c1ccccc1)N1CCC(O)(c2ccccc2)CC1,6.2716
OC1(c2ccccc2)CCN(C(c2ccccc2)c2ccc(C(F)(F)F)cc2)CC1,5.3671
OC1(c2ccccc2)CCN(C(c2ccccc2)c2cccc(C(F)(F)F)c2)CC1,5.1791
OC1(c2ccccc2)CCN(C(c2ccccc2)c2ccccc2C(F)(F)F)CC1,5.8658
Cc1ccc(C(c2ccccc2)N2CCC(O)(c3ccccc3)CC2)cc1,5.5707
Cc1cccc(C(c2ccccc2)N2CCC(O)(c3ccccc3)CC2)c1,5.9606
Br.Cc1ccccc1C(c1ccccc1)N1CCC(O)(c2ccccc2)CC1,5.9190
Cc1ccccc1C(c1ccccc1)N1CCC(O)(c2ccccc2)CC1.Cl,6.5302
OC1(c2ccccc2)CCN(C(c2ccccc2)c2cccs2)CC1,6.0128
OC1(c2ccccc2)CCN(C(c2ccccc2)c2cccnc2)CC1,5.5239
OC1(c2ccccc2)CCN(C(c2ccccc2)c2ccccn2)CC1,5.2266
OC1(c2ccccc2)CCN(C(c2ccccc2)c2ccccc2)CC1,6.4389
O=C(Nc1c(F)cccc1F)C(c1ccccc1)N1CCC(O)(c2ccccc2)CC1,5.3584
COC(=O)C(c1ccccc1)N1CCC(O)(c2ccccc2)CC1,5.1705
CCOCC(c1ccccc1)N1CCC(O)(c2ccccc2)CC1,5.9880
COCC(c1ccccc1)N1CCC(O)(c2ccccc2)CC1,5.7518
OC1(c2ccccc2)CCN(C(Cc2ccccc2)c2ccccc2)CC1,6.5406
OC1(c2ccccc2)CCN(C(c2ccccc2)C2CCCC2)CC1,6.5058
CCCCCCC(c1ccccc1)N1CCC(O)(c2ccccc2)CC1,6.4750
CC(C)CCC(c1ccccc1)N1CCC(O)(c2ccccc2)CC1,6.7328
CCCCCC(c1ccccc1)N1CCC(O)(c2ccccc2)CC1,6.6576
CCCCC(c1ccccc1)N1CCC(O)(c2ccccc2)CC1,7.4437
CCCC(c1ccccc1)N1CCC(O)(c2ccccc2)CC1,6.6108
CCC(c1ccccc1)N1CCC(O)(c2ccccc2)CC1,5.8456
O=Cc1cc2ccc(C(=O)Nc3cccc4c5c([nH]c34)[C@@H]3Oc4c(O)ccc6c4[C@@]34CCN(CC3CC3)[C@H](C6)[C@]4(O)C5)cc2cc1C=O,6.8153
COC(=O)[C@@H]1C[C@H](OC(C)=O)C(=O)[C@H]2[C@@]1(C)CC[C@H]1C(=O)O[C@H]([C@@H]3C[C@@H](OC)O[C@H]3OC)C[C@]21C,6.9031
COC(=O)[C@@H]1C[C@H](OC(C)=O)C(=O)[C@H]2[C@@]1(C)CC[C@H]1C(=O)O[C@H]([C@@H]3C[C@@H](OC)O[C@@H]3OC)C[C@]21C,6.6155
COC(=O)[C@@H]1C[C@H](OC(C)=O)C(=O)[C@H]2[C@@]1(C)CC[C@H]1C(=O)O[C@H](C3=C[C@@H](OC)O[C@H]3OC)C[C@]21C,6.7447
COC(=O)[C@@H]1C[C@H](OC(C)=O)C(=O)[C@H]2[C@@]1(C)CC[C@H]1C(=O)O[C@H](C3=C[C@@H](OC)O[C@@H]3OC)C[C@]21C,6.3768
COC(=O)[C@@H]1C[C@H](OC(C)=O)C(=O)[C@@H]2[C@@]3(C)C[C@@H](c4nc(C)no4)OC(=O)[C@H]3CC[C@]21C,6.0044
COC(=O)[C@@H]1C[C@H](OC(C)=O)C(=O)[C@H]2[C@@]1(C)CC[C@H]1C(=O)O[C@H](c3nc(C)no3)C[C@]21C,7.2518
COC(=O)[C@@H]1C[C@H](OC(C)=O)C(=O)[C@H]2[C@@]1(C)CC[C@H]1C(=O)O[C@H](C3=NCCO3)C[C@]21C,6.5229
COC(=O)[C@@H]1C[C@H](OC(C)=O)C(=O)[C@H]2[C@@]1(C)CC[C@H]1C(=O)OCC[C@]21C,5.4685
COC(=O)[C@@H]1C[C@H](OC(C)=O)C(=O)[C@@H]2[C@@](C)(CCC3CCOC3)[C@H](C(=O)O)CC[C@]21C,6.0410
COC(=O)[C@@H]1C[C@H](OC(C)=O)C(=O)[C@H]2[C@@]1(C)CC[C@H]1C(=O)O[C@H]([C@@H]3CCOC3)C[C@]21C,7.2784
COC(=O)[C@@H]1C[C@H](OC(C)=O)C(=O)[C@H]2[C@@]1(C)CC[C@H]1C(=O)O[C@H](C3CCOC3)C[C@]21C,7.8539
COC(=O)[C@@H]1C[C@H](OC(C)=O)C(=O)[C@H]2[C@@]1(C)CC[C@H]1C(=O)O[C@H](C3CC(OC)OC3OC)C[C@]21C,7.3979
COC(=O)[C@@H]1C[C@H](OC(C)=O)C(=O)[C@H]2[C@@]1(C)CC[C@H]1C(=O)O[C@H](C3=CC(OC)OC3OC)C[C@]21C,6.3565
COC(=O)[C@@H]1C[C@H](OC(C)=O)C(=O)[C@H]2[C@@]1(C)CC[C@H]1C(=O)O[C@H](c3ccoc3Br)C[C@]21C,8.5376
COC(=O)[C@@H]1C[C@H](OC(C)=O)C(=O)[C@@H]2[C@@]3(C)C[C@@H]([C@]4(O)[C@@H](OC)O[C@@H](OC)[C@H]4O)CC(=O)[C@@H]3CC[C@]21C,5.1537
COC(=O)[C@@H]1C[C@H](OC(C)=O)C(=O)[C@H]2[C@@]1(C)CC[C@H]1C(=O)O[C@H]([C@]3(O)[C@H](OC)O[C@H](OC)[C@H]3O)C[C@]21C,5.8981
O=C1[C@@H]2CCC[C@@]1(c1cccc(O)c1)CCN2CCc1ccccc1,5.4168
C[C@H]1C2CCCC1(c1cccc(O)c1)CCN2CCc1ccccc1,7.8386
C[C@H]1[C@H]2CCC[C@]1(c1cccc(O)c1)CCN2CCc1ccccc1,8.3979
C[C@@H]1[C@@H]2CCC[C@@]1(c1cccc(O)c1)CCN2CCc1ccccc1,7.8239
C=C1[C@H]2CCC[C@@]1(c1cccc(O)c1)CCN2CCc1ccccc1,9.1871
C=C1[C@@H]2CCC[C@]1(c1cccc(O)c1)CCN2CCc1ccccc1,7.7447
Oc1cccc([C@@]23CCC[C@@H]([C@@H]2O)N(CCc2ccccc2)CC3)c1,6.6289
Oc1cccc([C@]23CCC[C@H]([C@H]2O)N(CCc2ccccc2)CC3)c1,6.7352
Oc1cccc([C@]23CCC[C@H]([C@@H]2O)N(CCc2ccccc2)CC3)c1,6.6108
Oc1cccc([C@@]23CCC[C@@H]([C@H]2O)N(CCc2ccccc2)CC3)c1,6.1612
O=C1[C@H]2CCC[C@]1(c1cccc(O)c1)CCN2CCc1ccccc1,6.8239
COc1ccc2c3c1O[C@H]1[C@]4(OC)CC[C@@]5(C[C@@H]4CNC(=O)/C=C/c4ccccc4)[C@@H](C2)N(C)CC[C@]315,7.2540
CO[C@@]12C=C[C@@]3([C@@H]4CN(C(=O)/C=C/c5ccc(C)cc5)C[C@@H]41)[C@H]1Cc4ccc(O)c5c4[C@@]3(CCN1C)[C@H]2O5,8.6642
CO[C@@]12C=C[C@@]3([C@@H]4CN(C(=O)/C=C/c5ccccc5C)C[C@@H]41)[C@H]1Cc4ccc(O)c5c4[C@@]3(CCN1C)[C@H]2O5,8.8437
CO[C@@]12CC[C@@]3(C[C@@H]1CNC/C=C/c1ccc(Cl)cc1)[C@H]1Cc4ccc(O)c5c4[C@@]3(CCN1C)[C@H]2O5,7.9249
CO[C@@]12CC[C@@]3(C[C@@H]1CNC/C=C/c1ccccc1)[C@H]1Cc4ccc(O)c5c4[C@@]3(CCN1C)[C@H]2O5,8.4650
COc1ccc2c3c1O[C@H]1[C@]4(OC)CC[C@@]5(C[C@@H]4CNC/C=C/c4ccc(Cl)cc4)[C@@H](C2)N(C)CC[C@]315,6.9004
COc1ccc2c3c1O[C@H]1[C@]4(OC)CC[C@@]5(C[C@@H]4CNC/C=C/c4ccccc4)[C@@H](C2)N(C)CC[C@]315,7.2765
CO[C@@]12CC[C@@]3(C[C@@H]1CNC(=O)/C=C/c1ccc([N+](=O)[O-])cc1)[C@H]1Cc4ccc(O)c5c4[C@@]3(CCN1C)[C@H]2O5,8.4450
CO[C@@]12CC[C@@]3(C[C@@H]1CNC(=O)/C=C/c1ccc(Cl)cc1)[C@H]1Cc4ccc(O)c5c4[C@@]3(CCN1C)[C@H]2O5,8.3987
CO[C@@]12CC[C@@]3(C[C@@H]1CNC(=O)/C=C/c1ccc(C)cc1)[C@H]1Cc4ccc(O)c5c4[C@@]3(CCN1C)[C@H]2O5,8.2562
CO[C@@]12CC[C@@]3(C[C@@H]1CNC(=O)/C=C/c1ccccc1Cl)[C@H]1Cc4ccc(O)c5c4[C@@]3(CCN1C)[C@H]2O5,8.6193
CO[C@@]12CC[C@@]3(C[C@@H]1CNC(=O)/C=C/c1ccccc1C)[C@H]1Cc4ccc(O)c5c4[C@@]3(CCN1C)[C@H]2O5,8.7399
CO[C@@]12CC[C@@]3(C[C@@H]1CNC(=O)/C=C/c1ccccc1)[C@H]1Cc4ccc(O)c5c4[C@@]3(CCN1C)[C@H]2O5,7.8278
COc1ccc(/C=C/C(=O)NC[C@H]2C[C@@]34CC[C@@]2(OC)[C@@H]2Oc5c(OC)ccc6c5[C@@]23CCN(C)[C@@H]4C6)cc1,6.5650
COc1ccccc1/C=C/C(=O)NC[C@H]1C[C@@]23CC[C@@]1(OC)[C@@H]1Oc4c(OC)ccc5c4[C@@]12CCN(C)[C@@H]3C5,7.0741
COc1ccc2c3c1O[C@H]1[C@]4(OC)CC[C@@]5(C[C@@H]4CNC(=O)/C=C/c4ccccc4[N+](=O)[O-])[C@@H](C2)N(C)CC[C@]315,7.0355
COc1ccc2c3c1O[C@H]1[C@]4(OC)CC[C@@]5(C[C@@H]4CNC(=O)/C=C/c4ccc([N+](=O)[O-])cc4)[C@@H](C2)N(C)CC[C@]315,7.0564
COc1ccc2c3c1O[C@H]1[C@]4(OC)CC[C@@]5(C[C@@H]4CNC(=O)/C=C/c4ccc(Cl)cc4)[C@@H](C2)N(C)CC[C@]315,6.8097
COc1ccc2c3c1O[C@H]1[C@]4(OC)CC[C@@]5(C[C@@H]4CNC(=O)/C=C/c4ccc(C)cc4)[C@@H](C2)N(C)CC[C@]315,6.6681
COc1ccc2c3c1O[C@H]1[C@]4(OC)CC[C@@]5(C[C@@H]4CNC(=O)/C=C/c4ccccc4Cl)[C@@H](C2)N(C)CC[C@]315,7.4500
COc1ccc2c3c1O[C@H]1[C@]4(OC)CC[C@@]5(C[C@@H]4CNC(=O)/C=C/c4ccccc4C)[C@@H](C2)N(C)CC[C@]315,7.4031
CNC(=O)Nc1ccc2c(c1)[C@@]13CCCC[C@H]1[C@@H](C2)N(CC1CCC1)CC3,7.6990
CNC(=O)Nc1ccc2c(c1)[C@@]13CCCC[C@H]1[C@@H](C2)N(CC1CC1)CC3,8.3570
NC(=O)Nc1ccc2c(c1)[C@@]13CCCC[C@H]1[C@@H](C2)N(CC1CCC1)CC3,7.5555
NC(=O)Nc1ccc2c(c1)[C@@]13CCCC[C@H]1[C@@H](C2)N(CC1CC1)CC3,8.3481
O=c1[nH]c2cc3c(cc2o1)[C@@]12CCCC[C@H]1[C@@H](C3)N(CC1CCC1)CC2,8.7212
O=c1[nH]c2cc3c(cc2o1)[C@@]12CCCC[C@H]1[C@@H](C3)N(CC1CC1)CC2,7.3279
Nc1nc2cc3c(cc2o1)[C@@]12CCCC[C@H]1[C@@H](C3)N(CC1CCC1)CC2,8.1805
Nc1nc2cc3c(cc2o1)[C@@]12CCCC[C@H]1[C@@H](C3)N(CC1CC1)CC2,7.2840
Nc1ccc2c(c1)[C@@]13CCCC[C@H]1[C@@H](C2)N(CC1CC1)CC3,9.7447
CC(C)S(=O)(=O)N1CCN(Cc2ccccc2C2(O)CCN(C(c3ccccc3Cl)c3ccccc3Cl)CC2)CC1,6.7305
CCS(=O)(=O)N1CCN(Cc2ccccc2C2(O)CCN(C(c3ccccc3Cl)c3ccccc3Cl)CC2)CC1,6.8356
CN1CCN(Cc2ccccc2C2(O)CCN(C(c3ccccc3Cl)c3ccccc3Cl)CC2)CC1,6.8570
OC1(c2ccccc2CN2CCNCC2)CCN(C(c2ccccc2Cl)c2ccccc2Cl)CC1,6.5834
OC1(c2ccccc2CN2CCOCC2)CCN(C(c2ccccc2Cl)c2ccccc2Cl)CC1,6.4908
CCNC(=O)NCc1ccccc1C1(O)CCN(C(c2ccccc2Cl)c2ccccc2Cl)CC1,6.4815
CNC(=O)NCc1ccccc1C1(O)CCN(C(c2ccccc2Cl)c2ccccc2Cl)CC1,6.6676
CC(C)S(=O)(=O)NCc1ccccc1C1(O)CCN(C(c2ccccc2Cl)c2ccccc2Cl)CC1,6.7595
CCCS(=O)(=O)NCc1ccccc1C1(O)CCN(C(c2ccccc2Cl)c2ccccc2Cl)CC1,6.9136
CNCc1ccccc1C1(O)CCN(C(c2ccccc2Cl)c2ccccc2Cl)CC1,6.5935
CC1(C)CCC(N2CCC(O)(c3ccccc3CN)CC2)c2ccccc21,5.8684
NCc1ccccc1C1(O)CCN(CC2CCCCCC2)CC1,6.1778
NCc1ccccc1C1(O)CCN(C(c2ccccc2Br)c2ccccc2Br)CC1,6.5560
NCc1ccccc1C1(O)CCN(C(c2cccc(F)c2)c2cccc(F)c2)CC1,6.1129
NCc1ccccc1C1(O)CCN(C(c2ccccc2F)c2ccccc2F)CC1,6.9355
NCc1ccccc1C1(O)CCN(C(c2ccccc2Cl)c2ccccc2Cl)CC1,6.1267
NCc1ccccc1C1(O)CCN(C(c2ccc(Cl)cc2)c2ccc(Cl)cc2)CC1,5.6794
Cc1ccc(C(c2ccc(C)cc2)N2CCC(O)(c3ccccc3CN)CC2)cc1,5.9763
Cc1ccccc1C(c1ccccc1C)N1CCC(O)(c2ccccc2CN)CC1,6.3468
NCc1ccccc1C1(O)CCN(C(c2ccccc2)c2ccccc2Br)CC1,6.5544
NCc1ccccc1C1(O)CCN(C(c2ccccc2)c2ccccc2Cl)CC1,6.3716
Cc1ccccc1C(c1ccccc1)N1CCC(O)(c2ccccc2CN)CC1,6.1397
NCc1ccccc1C1(O)CCN(C(c2ccccc2)c2ccccc2)CC1,5.7804
CCCCCC(c1ccccc1)N1CCC(O)(c2ccccc2CN)CC1,7.5229
CCCCC(c1ccccc1)N1CCC(O)(c2ccccc2CN)CC1,7.8239
OC1(c2ccccn2)CCN(C(c2ccccc2)c2ccccc2)CC1,4.8801
Cc1ccsc1C1(O)CCN(C(c2ccccc2)c2ccccc2)CC1,5.5894
OC1(c2cccs2)CCN(C(c2ccccc2)c2ccccc2)CC1,5.4670
OC1(c2ccco2)CCN(C(c2ccccc2)c2ccccc2)CC1,5.0157
OC1(CCCc2ccccc2)CCN(C(c2ccccc2)c2ccccc2)CC1,5.7445
OC1(Cc2ccccc2)CCN(C(c2ccccc2)c2ccccc2)CC1,5.8422
OC1(C2CCCCC2)CCN(C(c2ccccc2)c2ccccc2)CC1,6.4123
CCCCCCC1(O)CCN(C(c2ccccc2)c2ccccc2)CC1,5.0352
CC(C)(C)C1(O)CCN(C(c2ccccc2)c2ccccc2)CC1,5.9694
CCCCC1(O)CCN(C(c2ccccc2)c2ccccc2)CC1,5.3407
CC(C)C1(O)CCN(C(c2ccccc2)c2ccccc2)CC1,5.1314
OC1(C2CC2)CCN(C(c2ccccc2)c2ccccc2)CC1,4.5783
OCc1ccccc1C1(O)CCN(C(c2ccccc2)c2ccccc2)CC1,5.5577
N#Cc1ccc(C2(O)CCN(C(c3ccccc3)c3ccccc3)CC2)cc1,4.2143
COc1ccc(C2(O)CCN(C(c3ccccc3)c3ccccc3)CC2)cc1,4.9872
COc1cccc(C2(O)CCN(C(c3ccccc3)c3ccccc3)CC2)c1,5.4356
COc1ccccc1C1(O)CCN(C(c2ccccc2)c2ccccc2)CC1,5.3809
CCCc1ccc(C2(O)CCN(C(c3ccccc3)c3ccccc3)CC2)cc1,4.7056
CCc1ccc(C2(O)CCN(C(c3ccccc3)c3ccccc3)CC2)cc1,4.9448
Cc1ccc(C2(O)CCN(C(c3ccccc3)c3ccccc3)CC2)cc1,5.3921
Cc1cccc(C2(O)CCN(C(c3ccccc3)c3ccccc3)CC2)c1,5.9389
Cc1ccccc1C1(O)CCN(C(c2ccccc2)c2ccccc2)CC1,6.0872
OC1(c2ccc(Br)cc2)CCN(C(c2ccccc2)c2ccccc2)CC1,5.5830
OC1(c2ccc(Cl)cc2)CCN(C(c2ccccc2)c2ccccc2)CC1,5.7690
OC1(c2ccc(F)cc2)CCN(C(c2ccccc2)c2ccccc2)CC1,6.1198
OC1(c2cccc(F)c2)CCN(C(c2ccccc2)c2ccccc2)CC1,5.7003
OC1(c2ccccc2F)CCN(C(c2ccccc2)c2ccccc2)CC1,5.7600
C[C@H](NC(=O)[C@H](CO)NC(=O)[C@H](CCCCN)NC(=O)[C@H](CCCNC(=N)N)NC(=O)C(C)(C)NC(=O)CNC(=O)[C@@H](NC(=O)[C@H](Cc1ccc(F)cc1)NC(=O)CNC(=O)[C@H](CN)NC(=O)[C@@H](N)Cc1ccccc1)[C@@H](C)O)C(=O)N[C@@H](CCCNC(=N)N)C(=O)N[C@@H](CCCCN)C(=O)N[C@@H](CCCNC(=N)N)C(=O)N[C@@H](CCCCN)C(=O)N[C@@H](CC(N)=O)C(=O)N[C@@H](CCC(N)=O)C(N)=O,7.5501
C[C@H](NC(=O)[C@H](CO)NC(=O)[C@H](CCCCN)NC(=O)[C@H](CCCNC(=N)N)NC(=O)C(C)(C)NC(=O)CNC(=O)[C@@H](NC(=O)[C@H](Cc1ccc(F)cc1)NC(=O)CNC(=O)CNC(=O)[C@@H](N)Cc1ccccc1)[C@@H](C)O)C(=O)N[C@@H](CCCNC(=N)N)C(=O)N[C@@H](CCCCN)C(=O)N[C@@H](CCCNC(=N)N)C(=O)N[C@@H](CCCCN)C(=O)N[C@@H](CC(N)=O)C(=O)N[C@@H](CCC(N)=O)C(N)=O,8.3600
C[C@H](NC(=O)[C@H](CO)NC(=O)[C@H](CCCCN)NC(=O)[C@H](CCCNC(=N)N)NC(=O)C(C)(C)NC(=O)CNC(=O)[C@@H](NC(=O)[C@H](Cc1ccccc1)NC(=O)CNC(=O)CNC(=O)[C@@H](N)Cc1ccccc1)[C@@H](C)O)C(=O)N[C@@H](CCCNC(=N)N)C(=O)N[C@@H](CCCCN)C(=O)N[C@@H](CCCNC(=N)N)C(=O)N[C@@H](CCCCN)C(=O)N[C@@H](CC(N)=O)C(=O)N[C@@H](CCC(N)=O)C(N)=O,6.1700
CC(=O)N1CCC(c2ccccc2)(c2nccn2Cc2ccccc2)CC1,5.9965
CCOC(=O)N1CCC(c2ccccc2)(c2nccn2-c2ccc3ccccc3c2C)CC1,5.5064
CCOC(=O)N1CCC(c2ccccc2)(c2nccn2Cc2ccc(C(=O)OC)cc2)CC1,7.6021
CCOC(=O)N1CCC(c2ccccc2)(c2nccn2Cc2ccc(O)cc2)CC1,6.9666
CCOC(=O)N1CCC(c2ccccc2)(c2nccn2Cc2ccc(OC)cc2)CC1,6.6968
CCOC(=O)N1CCC(c2ccccc2)(c2nccn2Cc2cccc(OC)c2)CC1,6.4365
CCOC(=O)N1CCC(c2ccccc2)(c2nccn2C(C)c2ccccc2)CC1,7.2076
O=C(OCc1ccccc1)N1CCC(c2ccccc2)(c2nccn2Cc2ccccc2)CC1,6.9172
CC(C)(C)OC(=O)N1CCC(c2ccccc2)(c2nccn2Cc2ccccc2)CC1,7.0757
O=C(OC1CCCCC1)N1CCC(c2ccccc2)(c2nccn2Cc2ccccc2)CC1,6.9172
CC(C)OC(=O)N1CCC(c2ccccc2)(c2nccn2Cc2ccccc2)CC1,6.6968
CCCCOC(=O)N1CCC(c2ccccc2)(c2nccn2Cc2ccccc2)CC1,6.7258
CCOC(=O)N1CCC(c2ccccc2)(c2nccn2Cc2ccccc2)CC1,6.7670
COC(=O)c1ccc(Cn2ccnc2C2(c3ccccc3)CCN(C(=O)c3ccccc3)CC2)cc1,7.0555
CC(c1ccccc1)n1ccnc1C1(c2ccccc2)CCN(C(=O)c2ccccc2)CC1,6.4763
COCC(=O)N1CCC(c2ccccc2)(c2nccn2Cc2ccc(C(=O)OC)cc2)CC1,7.1871
Cc1cc(C)cc(C(=O)N2CCC(c3ccccc3)(c3nccn3Cc3ccccc3)CC2)c1,6.5467
O=C(c1ccccc1)N1CCC(c2ccccc2)(c2nccn2Cc2ccccc2)CC1,6.9066
COCC(=O)N1CCC(c2ccccc2)(c2nccn2Cc2ccccc2)CC1,6.2062
CC(C)C(=O)N1CCC(c2ccccc2)(c2nccn2Cc2ccccc2)CC1,6.2069
CO[C@]12C(O)C[C@@]3(C[C@@H]1[C@@H](C)O)[C@H]1Cc4ccc(O)c5c4[C@@]3(CCN1C)[C@H]2O5,7.1024
CO[C@]12CC(O)[C@@]3(C[C@@H]1[C@@H](C)O)[C@H]1Cc4ccc(O)c5c4[C@@]3(CCN1C)[C@H]2O5,6.3905
CO[C@]12CC(O)[C@@]3(C[C@@H]1[C@H](C)O)[C@H]1Cc4ccc(O)c5c4[C@@]3(CCN1C)[C@H]2O5,6.5268
CO[C@]12C(O)C[C@@]3(C[C@@H]1[C@H](C)O)[C@H]1Cc4ccc(O)c5c4[C@@]3(CCN1C)[C@H]2O5,6.9358
CCNC(=O)c1ccc(Oc2ccc(CNCCc3ccccc3)cc2)nc1,5.5515
NC(=O)c1ccc(Oc2ccc(CNCCc3ccccc3)cc2)nc1,8.0768
N=C(N)c1ccc(Oc2ccc(CNCCc3ccccc3)cc2)nc1,5.9402
NC(=O)c1ccc(Oc2ccc(CCNCc3ccccc3)cc2)nc1,6.8656
C[C@H]1CN(CC[C@H](O)C2CCCCC2)CC[C@@]1(C)c1cccc(O)c1,8.3288
NC(=O)c1ccc(Oc2ccc(CNCCc3ccccc3)cc2)cn1,7.5886
NC(=O)c1ccc(Oc2ccc(CNCCc3ccccc3)cc2)cc1,7.9114
NC(=O)c1ccc(Oc2ccc(CNCc3ccccc3)cc2)nc1,8.6784
NC(=O)c1ccc(Oc2ccc(CCCNCc3ccccc3)cc2)nc1,7.3389
NC(=O)c1ccc(Oc2ccc(CCNCCCc3ccccc3)cc2)nc1,7.6171
NC(=O)c1ccc(Oc2ccc(CCNCCc3ccccc3)cc2)nc1,7.6319
COC(=O)[C@@H]1C[C@H](OC(C)=O)[C@H](OS(C)(=O)=O)[C@H]2[C@@]1(C)CC[C@H]1C(=O)O[C@H](c3ccoc3)C[C@]21C,5.5686
COC(=O)[C@@H]1C[C@H](OC(C)=O)C[C@H]2[C@@]1(C)CC[C@H]1C(=O)O[C@H](c3ccoc3)C[C@]21C,7.5145
NC(=O)c1ccc(Oc2ccc3c(c2)CCCN(CCCN2CCOCC2)C3)nc1,5.4876
NC(=O)c1ccc(Oc2ccc3c(c2)CCCN(CCN2CCOCC2)C3)nc1,6.4438
NC(=O)c1ccc(Oc2ccc3c(c2)CCCN(CCCC2CCCCC2)C3)nc1,6.1526
CCC(CC)CN1CCCc2cc(Oc3ccc(C(N)=O)cn3)ccc2C1,7.2101
CC(C)(C)CCN1CCCc2cc(Oc3ccc(C(N)=O)cn3)ccc2C1,7.1450
CC(C)CCCCN1CCCc2cc(Oc3ccc(C(N)=O)cn3)ccc2C1,6.4963
CC(C)CCCN1CCCc2cc(Oc3ccc(C(N)=O)cn3)ccc2C1,6.9749
CC(C)CCN1CCCc2cc(Oc3ccc(C(N)=O)cn3)ccc2C1,7.1074
CCCCCCN1CCCc2cc(Oc3ccc(C(N)=O)cn3)ccc2C1,6.9340
CCCCCN1CCCc2cc(Oc3ccc(C(N)=O)cn3)ccc2C1,6.9752
NC(=O)c1ccc(Oc2ccc(CCN3CCc4ccccc4C3)cc2)nc1,6.7259
NC(=O)c1ccc(Oc2ccc3c(c2)CCN(Cc2ccccc2)CC3)nc1,5.5417
NC(=O)c1ccc(Oc2ccc3c(c2)CCCN(CCc2ccccc2)C3)nc1,6.4430
NC(=O)c1ccc(Oc2ccc3c(c2)CN(CCc2ccccc2)CC3)nc1,5.4430
NC(=O)c1ccc(Oc2ccc3c(c2)CN(Cc2ccccc2)CC3)nc1,5.6147
NC(=O)c1ccc(Oc2ccc3c(c2)CCN(CCCc2ccccc2)C3)nc1,6.2550
NC(=O)c1ccc(Oc2ccc3c(c2)CCN(CCc2ccccc2)C3)nc1,5.9133
NC(=O)c1ccc(Oc2ccc3c(c2)CCN(Cc2ccccc2)C3)nc1,5.6676
O=C1NCN(c2ccccc2)C12CCN(Cc1ccccc1)CC2,6.7077
CC1(C)CCC(N2CCC3(CC2)C(=O)NCN3c2ccccc2)c2cc(Cl)c(Cl)cc21,6.0278
CC1(C)CCC(N2CCC3(CC2)C(=O)NCN3c2ccccc2)c2ccc(F)cc21,6.7721
CC1(C)CCC(N2CCC3(CC2)C(=O)NCN3c2ccccc2)c2ccc(Cl)cc21,6.5498
O=C1NCN(c2ccccc2)C12CCN(C1CCCc3c(Cl)cccc31)CC2,7.0246
O=C1NCN(c2ccccc2)C12CCN(C1CCCc3ccc(Cl)cc31)CC2,7.1772
O=C1NCN(c2ccccc2)C12CCN(C1CCCc3cccc(Cl)c31)CC2,6.8447
O=C1NCN(c2ccccc2)C12CCN(C1CCCc3c(F)cccc31)CC2,7.8633
O=C1NCN(c2ccccc2)C12CCN(C1CCCc3ccc(F)cc31)CC2,7.4750
O=C1NCN(c2ccccc2)C12CCN(C1CCCc3cccc(F)c31)CC2,6.8386
CC1(C)CCC(N2CCC3(CC2)C(=O)NCN3c2ccccc2)c2ccccc21,6.2676
O=C1NCN(c2ccccc2)C12CCN(C1CCCCc3ccccc31)CC2,6.6925
O=C1NCN(c2ccccc2)C12CCN(C(c1ccc(F)cc1)c1ccc(F)cc1)CC2,5.6970
O=C1NCN(c2ccccc2)C12CCN(C(c1cccc(F)c1)c1cccc(F)c1)CC2,5.8392
O=C1NCN(c2ccccc2)C12CCN(C(c1ccccc1F)c1ccccc1F)CC2,6.0665
O=C1NCN(c2ccccc2)C12CCN(C(c1cccc(Cl)c1)c1cccc(Cl)c1)CC2,5.3346
O=C1NCN(c2ccccc2)C12CCN(C(c1ccccc1Cl)c1ccccc1Cl)CC2,5.2301
Cc1ccccc1C(c1ccccc1C)N1CCC2(CC1)C(=O)NCN2c1ccccc1,5.7953
O=C1NCN(c2ccccc2)C12CCN(C(c1ccccc1)c1ccc(Cl)cc1)CC2,5.4523
Cc1ccccc1C(c1ccccc1)N1CCC2(CC1)C(=O)NCN2c1ccccc1,6.2373
O=C1NCN(c2ccccc2)C12CCN(C(c1ccccc1)c1ccccc1Cl)CC2,5.9642
O=C1NCN(c2ccccc2)C12CCN(C(c1ccccc1)c1ccccc1F)CC2,5.9270
O=C1NCN(c2ccccc2)C12CCN(C1c3ccccc3C=Cc3ccccc31)CC2,6.1101
O=C1NCN(c2ccccc2)C12CCN(C1c3ccccc3CCc3ccccc31)CC2,5.7768
O=C1NCN(c2ccccc2)C12CCN(C(c1ccccc1)c1ccccc1)CC2,6.8633
O=C1NCN(c2ccccc2)C12CCN(C(c1ccccc1)C1CCCC1)CC2,7.5850
CC(C)CCC(c1ccccc1)N1CCC2(CC1)C(=O)NCN2c1ccccc1,7.5935
CCCCC(c1ccccc1)N1CCC2(CC1)C(=O)NCN2c1ccccc1,7.8861
CCCC(c1ccccc1)N1CCC2(CC1)C(=O)NCN2c1ccccc1,7.6478
CCC(c1ccccc1)N1CCC2(CC1)C(=O)NCN2c1ccccc1,7.2182
CC(c1ccccc1)N1CCC2(CC1)C(=O)NCN2c1ccccc1,7.3010
O=C1NCN(c2ccccc2)C12CCN(Cc1c(Cl)cccc1Cl)CC2,7.2827
O=C1NCN(c2ccccc2)C12CCN(Cc1ccccc1Cl)CC2,7.7852
O=C1NCN(c2ccccc2)C12CCN(Cc1ccsc1)CC2,7.5817
O=C1NCN(c2ccccc2)C12CCN(Cc1cccnc1)CC2,6.5986
O=C1NCN(c2ccccc2)C12CCN(Cc1ccccn1)CC2,6.4935
O=C1NCN(c2ccccc2)C12CCN(CC1CCCCC1)CC2,6.2865
Cc1cc(C(N)=O)cc(C)c1C[C@H](N)C(=O)NCC(=O)NCC(=O)N[C@@H](Cc1ccccc1)C(=O)N[C@@H](CC(C)C)C(=O)O,5.8861
Cc1cc(C(N)=O)cc(C)c1C[C@H](N)C(=O)N[C@@H](C)C(=O)NCC(=O)N[C@@H](Cc1ccccc1)C(=O)N[C@@H](CC(C)C)C(=O)O,5.6198
CSCC[C@H](NC(=O)[C@H](Cc1ccccc1)NC(=O)CNC(=O)CNC(=O)[C@@H](N)Cc1ccc(C(N)=O)cc1)C(N)=O,6.3372
CSCC[C@H](NC(=O)[C@H](Cc1ccccc1)NC(=O)CNC(=O)CNC(=O)[C@@H](N)Cc1ccc(O)cc1)C(N)=O,6.6778
CSCC[C@H](NC(=O)[C@H](Cc1ccccc1)NC(=O)CNC(=O)CNC(=O)[C@@H](N)Cc1ccc(C(N)=O)cc1)C(=O)O,5.9872
c1cncc([C@@H]2CN3CCC[C@@H]3c3cc(OCCCN4CCCCC4)ccc32)c1,7.1308
COc1c(O)ccc2c1[C@]13CCN(CC4CC4)[C@H](C2)[C@]1(O)Cc1c([nH]c2ccccc12)C3,7.1024
COc1ccc2c(c1OC)[C@]13CCN(CC4CC4)[C@H](C2)[C@]1(O)Cc1c([nH]c2ccccc12)C3,5.8416
CN1CC[C@]23c4c5ccc(O)c4O[C@H]2c2[nH]c4ccccc4c2C[C@@]3(O)[C@H]1C5.Cl,6.2882
COc1c(O)ccc2c1[C@]13CCN(C)[C@H](C2)[C@]1(O)Cc1c([nH]c2ccccc12)C3,6.2351
CN1CC[C@]23c4c5ccc(O)c4O[C@H]2c2[nH]c4ccc(I)cc4c2C[C@@]3(O)[C@H]1C5,6.7959
CN1CC[C@]23c4c5ccc(O)c4O[C@H]2c2[nH]c4ccc(Br)cc4c2C[C@@]3(O)[C@H]1C5,6.6021
CN1CC[C@]23c4c5ccc(O)c4O[C@H]2c2[nH]c4ccc(Cl)cc4c2C[C@@]3(O)[C@H]1C5,6.4437
CN1CC[C@]23c4c5ccc(O)c4O[C@H]2c2[nH]c4ccc(F)cc4c2C[C@@]3(O)[C@H]1C5,6.5086
C[C@H]1C2Cc3ccc(C(=O)NCCCc4cccc5ccccc45)cc3[C@@]1(C)CCN2CC1CC1,8.7212
C[C@H]1C2Cc3ccc(C(=O)NCCc4cccc5ccccc45)cc3[C@@]1(C)CCN2CC1CC1,8.6198
C[C@H]1C2Cc3ccc(C(=O)NCc4cccc5ccccc45)cc3[C@@]1(C)CCN2CC1CC1,7.7447
C[C@H]1C2Cc3ccc(C(=O)NCCCc4ccc5ccccc5c4)cc3[C@@]1(C)CCN2CC1CC1,8.9727
C[C@H]1C2Cc3ccc(C(=O)NCCc4ccc5ccccc5c4)cc3[C@@]1(C)CCN2CC1CC1,9.6990
C[C@H]1C2Cc3ccc(C(=O)NCc4ccc5ccccc5c4)cc3[C@@]1(C)CCN2CC1CC1,7.7212
Cc1ccc(-c2ccc(CCNC(=O)c3ccc4c(c3)[C@@]3(C)CCN(CC5CC5)C(C4)[C@@H]3C)cc2)cc1,8.4815
C[C@H]1C2Cc3ccc(C(=O)NCCc4ccc(-c5ccc(Cl)c(Cl)c5)cc4)cc3[C@@]1(C)CCN2CC1CC1,8.9586
C[C@H]1C2Cc3ccc(C(=O)NCCc4ccc(-c5ccc(Cl)cc5)cc4)cc3[C@@]1(C)CCN2CC1CC1,8.3443
COc1ccc(-c2ccc(CCNC(=O)c3ccc4c(c3)[C@@]3(C)CCN(CC5CC5)C(C4)[C@@H]3C)cc2)cc1,8.8913
C[C@H]1C2Cc3ccc(C(=O)NCCc4ccccc4Br)cc3[C@@]1(C)CCN2CC1CC1,7.7212
C[C@H]1C2Cc3ccc(C(=O)NCCc4cccc(Br)c4)cc3[C@@]1(C)CCN2CC1CC1,9.2690
C[C@H]1C2Cc3ccc(C(=O)NCCc4ccc(Br)cc4)cc3[C@@]1(C)CCN2CC1CC1,8.5596
C[C@H]1C2Cc3ccc(C(=O)NCCc4ccccc4-c4ccccc4)cc3[C@@]1(C)CCN2CC1CC1,7.9983
C[C@H]1C2Cc3ccc(C(=O)NCCc4cccc(-c5ccccc5)c4)cc3[C@@]1(C)CCN2CC1CC1,8.2892
C[C@H]1[C@H]2Cc3ccc(O)cc3[C@@]1(C)CCN2CC1CC1,10.1549
CC(=O)N(Cc1ccccc1O[11CH3])c1cnccc1Oc1ccccc1,5.6576
COC(=O)[C@@H]1C[C@H](OC(C)(C)OC)C(=O)[C@H]2[C@@]1(C)CC[C@H]1C(=O)O[C@H](c3ccoc3)C[C@]21C,7.1427
COC(=O)[C@@H]1C[C@H](OC2CCCCO2)C(=O)[C@H]2[C@@]1(C)CC[C@H]1C(=O)O[C@H](c3ccoc3)C[C@]21C,8.4754
CCCCOCO[C@H]1C[C@@H](C(=O)OC)[C@]2(C)CC[C@H]3C(=O)O[C@H](c4ccoc4)C[C@]3(C)[C@H]2C1=O,7.9873
CCOC(C)O[C@H]1C[C@@H](C(=O)OC)[C@]2(C)CC[C@H]3C(=O)O[C@H](c4ccoc4)C[C@]3(C)[C@H]2C1=O.Cl,8.2123
CCOC(C)O[C@H]1C[C@@H](C(=O)OC)[C@]2(C)CC[C@H]3C(=O)O[C@H](c4ccoc4)C[C@]3(C)[C@H]2C1=O,7.9793
COC(=O)[C@@H]1C[C@H](OCF)C(=O)[C@H]2[C@@]1(C)CC[C@H]1C(=O)O[C@H](c3ccoc3)C[C@]21C,7.4430
COC(=O)[C@@H]1C[C@H](OCSC)C(=O)[C@H]2[C@@]1(C)CC[C@H]1C(=O)O[C@H](c3ccoc3)C[C@]21C,7.6973
COC(=O)[C@@H]1C[C@H](OCOCc2ccccc2)C(=O)[C@H]2[C@@]1(C)CC[C@H]1C(=O)O[C@H](c3ccoc3)C[C@]21C,6.6975
COCCOCO[C@H]1C[C@@H](C(=O)OC)[C@]2(C)CC[C@H]3C(=O)O[C@H](c4ccoc4)C[C@]3(C)[C@H]2C1=O,6.6728
COC(=O)[C@@H]1C[C@H](OCOCC(F)(F)F)C(=O)[C@H]2[C@@]1(C)CC[C@H]1C(=O)O[C@H](c3ccoc3)C[C@]21C,7.3168
COC(=O)[C@@H]1C[C@H](OCOCCF)C(=O)[C@H]2[C@@]1(C)CC[C@H]1C(=O)O[C@H](c3ccoc3)C[C@]21C,8.5707
COC(=O)[C@@H]1C[C@H](OCOC(C)(C)C)C(=O)[C@H]2[C@@]1(C)CC[C@H]1C(=O)O[C@H](c3ccoc3)C[C@]21C,7.2113
COC(=O)[C@@H]1C[C@H](OCOC(C)C)C(=O)[C@H]2[C@@]1(C)CC[C@H]1C(=O)O[C@H](c3ccoc3)C[C@]21C,8.5863
CCCOCO[C@H]1C[C@@H](C(=O)OC)[C@]2(C)CC[C@H]3C(=O)O[C@H](c4ccoc4)C[C@]3(C)[C@H]2C1=O,8.4708
CCOCO[C@H]1C[C@@H](C(=O)OC)[C@]2(C)CC[C@H]3C(=O)O[C@H](c4ccoc4)C[C@]3(C)[C@H]2C1=O,9.4949
COCO[C@H]1C[C@@H](C(=O)OC)[C@]2(C)CC[C@H]3C(=O)O[C@H](c4ccoc4)C[C@]3(C)[C@H]2C1=O,9.2218
COC(=O)[C@@H]1C[C@H](OCOCC[Si](C)(C)C)C(=O)[C@H]2[C@@]1(C)CC[C@H]1C(=O)O[C@H](c3ccoc3)C[C@]21C,5.7799
CN(C(=O)/C=C/c1ccoc1)[C@@H]1CC[C@@]2(O)[C@H]3Cc4ccc(O)c5c4[C@@]2(CCN3CC2CC2)[C@H]1O5,9.6383
O=C1NCN(c2ccccc2)C12CCN([C@@H]1CC[C@H]3CCCc4cccc1c43)CC2,7.0506
CC(C)(C)C1CCC(N2CCC3(CC2)C(=O)NCc2cc(F)ccc23)CC1,5.4388
CC(C)(C)C1CCC(N2CCC3(CC2)C(=O)NCc2ccccc23)CC1,5.4152
CC(C)C1CCC(N2CCC3(CC2)C(=O)NCc2cc(F)ccc23)CC1,5.4004
CC(C)C1CCC(N2CCC3(CC2)C(=O)NCc2ccccc23)CC1,5.4171
CC(C)(C)C1CCC(N2CCC3(CC2)C(=O)N(Cc2ccccc2)Cc2cc(F)ccc23)CC1,5.9570
CC(C)(C)C1CCC(N2CCC3(CC2)C(=O)N(Cc2ccccc2)Cc2cccc(F)c23)CC1,6.7212
CC(C)(C)C1CCC(N2CCC3(CC2)C(=O)N(Cc2ccccc2)Cc2ccccc23)CC1,7.0132
CC(C)C1CCC(N2CCC3(CC2)C(=O)N(Cc2ccccc2)Cc2cc(F)ccc23)CC1,5.7167
CC(C)C1CCC(N2CCC3(CC2)C(=O)N(Cc2ccccc2)Cc2cccc(F)c23)CC1,6.9101
CC(C)C1CCC(N2CCC3(CC2)C(=O)N(Cc2ccccc2)Cc2ccccc23)CC1,6.0325
CN1Cc2cc(F)ccc2C2(CCN(C3CCC(C(C)(C)C)CC3)CC2)C1=O,5.9393
CN1Cc2cccc(F)c2C2(CCN(C3CCC(C(C)(C)C)CC3)CC2)C1=O,5.4437
CN1Cc2ccccc2C2(CCN(C3CCC(C(C)(C)C)CC3)CC2)C1=O,6.7496
CC(C)C1CCC(N2CCC3(CC2)C(=O)N(C)Cc2cc(F)ccc23)CC1,6.9872
CC(C)C1CCC(N2CCC3(CC2)C(=O)N(C)Cc2cccc(F)c23)CC1,6.3851
CC(C)C1CCC(N2CCC3(CC2)C(=O)N(C)Cc2ccccc23)CC1,6.2541
O=C(Cc1cccs1)N[C@H]1CC[C@@]2(O)[C@H]3Cc4ccc(O)c5c4[C@@]2(CCN3CC2CC2)[C@H]1O5,8.5622
O=C(Cc1cccs1)N[C@@H]1CC[C@@]2(O)[C@H]3Cc4ccc(O)c5c4[C@@]2(CCN3CC2CC2)[C@H]1O5,8.9208
COc1ccc(CC(=O)N[C@@H]2CC[C@@]3(O)[C@H]4Cc5ccc(O)c6c5[C@@]3(CCN4CC3CC3)[C@H]2O6)cc1,9.3768
O=C(Cc1ccccc1)N[C@@H]1CC[C@@]2(O)[C@H]3Cc4ccc(O)c5c4[C@@]2(CCN3CC2CC2)[C@H]1O5,9.3665
COc1cccc(CC(=O)N[C@@H]2CC[C@@]3(O)[C@H]4Cc5ccc(O)c6c5[C@@]3(CCN4CC3CC3)[C@H]2O6)c1,9.3468
O=C(CCc1ccccc1)N[C@@H]1CC[C@@]2(O)[C@H]3Cc4ccc(O)c5c4[C@@]2(CCN3CC2CC2)[C@H]1O5,10.0458
O=C(/C=C/Cc1ccccc1)N[C@@H]1CC[C@@]2(O)[C@H]3Cc4ccc(O)c5c4[C@@]2(CCN3CC2CC2)[C@H]1O5,9.0410
O=C(O)c1ccc(C(=O)N[C@@H]2CC[C@@]3(O)[C@H]4Cc5ccc(O)c6c5[C@@]3(CCN4CC3CC3)[C@H]2O6)cc1,6.8221
CN(C)c1cccc(C(=O)NC2CC[C@@]3(O)[C@H]4Cc5ccc(O)c6c5[C@@]3(CCN4CC3CC3)[C@H]2O6)c1,8.7696
CC(C)(C)OC(=O)Nc1ccc(C(=O)N[C@@H]2CC[C@@]3(O)[C@H]4Cc5ccc(O)c6c5[C@@]3(CCN4CC3CC3)[C@H]2O6)cc1,9.1024
COc1cccc(C(=O)N[C@@H]2CC[C@@]3(O)[C@H]4Cc5ccc(O)c6c5[C@@]3(CCN4CC3CC3)[C@H]2O6)c1,9.6198
Nc1ccc(C(=O)N[C@@H]2CC[C@@]3(O)[C@H]4Cc5ccc(O)c6c5[C@@]3(CCN4CC3CC3)[C@H]2O6)cc1,9.3979
O=C(N[C@@H]1CC[C@@]2(O)[C@H]3Cc4ccc(O)c5c4[C@@]2(CCN3CC2CC2)[C@H]1O5)c1ccccn1,7.9825
COc1cc(OC)cc(C(=O)N[C@@H]2CC[C@@]3(O)[C@H]4Cc5ccc(O)c6c5[C@@]3(CCN4CC3CC3)[C@H]2O6)c1,9.5376
COC(=O)c1ccc(C(=O)N[C@@H]2CC[C@@]3(O)[C@H]4Cc5ccc(O)c6c5[C@@]3(CCN4CC3CC3)[C@H]2O6)cc1,9.1367
O=C(N[C@H]1CC[C@@]2(O)[C@H]3Cc4ccc(O)c5c4[C@@]2(CCN3CC2CC2)[C@H]1O5)c1ccccc1,8.2439
COc1cc(OC)cc(C(=O)N[C@H]2CC[C@@]3(O)[C@H]4Cc5ccc(O)c6c5[C@@]3(CCN4CC3CC3)[C@H]2O6)c1,8.6180
O=C(N[C@@H]1CC[C@@]2(O)[C@H]3Cc4ccc(O)c5c4[C@@]2(CCN3CC2CC2)[C@H]1O5)c1cccc([N+](=O)[O-])c1,9.5528
O=C(N[C@@H]1CC[C@@]2(O)[C@H]3Cc4ccc(O)c5c4[C@@]2(CCN3CC2CC2)[C@H]1O5)c1ccccc1,8.9522
COc1cccc(C(=O)N[C@H]2CC[C@@]3(O)[C@H]4Cc5ccc(O)c6c5[C@@]3(CCN4CC3CC3)[C@H]2O6)c1,9.1427
O=C(N[C@@H]1CC[C@@]2(O)[C@H]3Cc4ccc(O)c5c4[C@@]2(CCN3CC2CC2)[C@H]1O5)c1cccc(O)c1,10.2218
O=C(N[C@@H]1CC[C@@]2(O)[C@H]3Cc4ccc(O)c5c4[C@@]2(CCN3CC2CC2)[C@H]1O5)c1ccc(Cl)c(Cl)c1,10.0000
O=C(N[C@@H]1CC[C@@]2(O)[C@H]3Cc4ccc(O)c5c4[C@@]2(CCN3CC2CC2)[C@H]1O5)c1ccc(Cl)cc1,9.4318
O=C(C[C@@H]1O[C@H](CO)[C@@H](O)[C@H](O)[C@H]1O)N[C@@H]1CC[C@@]2(O)[C@H]3Cc4ccc(O)c5c4[C@@]2(CCN3CC2CC2)[C@H]1O5,8.3468
O=C(C[C@@H]1O[C@H](CO)[C@@H](O)[C@H](O)[C@H]1O)N[C@H]1CC[C@@]2(O)[C@H]3Cc4ccc(O)c5c4[C@@]2(CCN3CC2CC2)[C@H]1O5,8.6925
O=C(C[C@@H]1O[C@H](COCc2ccccc2)[C@@H](OCc2ccccc2)[C@H](OCc2ccccc2)[C@H]1OCc1ccccc1)N[C@H]1CC[C@@]2(O)[C@H]3Cc4ccc(O)c5c4[C@@]2(CCN3CC2CC2)[C@H]1O5,9.2924
C=C1CC[C@@]2(O)[C@H]3Cc4ccc(O)c5c4[C@@]2(CCN3CC2CC2)[C@H]1O5,8.9872
[11CH3]n1c2c(c3ccccc31)C[C@@]1(O)[C@H]3Cc4ccc(O)c5c4[C@@]1(CCN3CC1CC1)[C@H]2O5,8.0794
C[C@H]1CN(C[C@H](Cc2ccccc2)C(=O)N[C@@H](CCCCN)C(=O)O)CC[C@@]1(C)c1cccc(O)c1,6.2366
C[C@H]1CN(C[C@H](Cc2ccccc2)C(=O)N[C@@H](CCCN)C(=O)O)CC[C@@]1(C)c1cccc(O)c1,6.6990
C[C@H]1CN(C[C@H](Cc2ccccc2)C(=O)N[C@@H](CCc2ccccc2)C(=O)O)CC[C@@]1(C)c1cccc(O)c1,6.2924
C[C@H]1CN(C[C@H](Cc2ccccc2)C(=O)N[C@@H](CC2CCCCC2)C(=O)O)CC[C@@]1(C)c1cccc(O)c1,6.1427
C[C@H]1CN(C[C@H](Cc2ccccc2)C(=O)N[C@@H](Cc2ccc3ccccc3c2)C(=O)O)CC[C@@]1(C)c1cccc(O)c1,6.6198
C[C@H]1CN(C[C@H](Cc2ccccc2)C(=O)N[C@@H](Cc2cccc3ccccc23)C(=O)O)CC[C@@]1(C)c1cccc(O)c1,7.0809
C[C@H]1CN(C[C@H](Cc2ccccc2)C(=O)N[C@@H](Cc2ccc(-c3ccccc3)cc2)C(=O)O)CC[C@@]1(C)c1cccc(O)c1,6.7959
C[C@H]1CN(C[C@H](Cc2ccccc2)C(=O)N[C@@H](Cc2ccccc2)C(=O)O)CC[C@@]1(C)c1cccc(O)c1,6.6021
C[C@@H](NC(=O)[C@@H](Cc1ccccc1)CN1CC[C@@](C)(c2cccc(O)c2)[C@@H](C)C1)C(=O)O,6.0410
C[C@H](NC(=O)[C@@H](Cc1ccccc1)CN1CC[C@@](C)(c2cccc(O)c2)[C@@H](C)C1)C(=O)O,7.1739
C[C@H]1CN(CCC(=O)N(Cc2cccc(Cl)c2)[C@@H](Cc2ccccc2)C(=O)O)CC[C@@]1(C)c1cccc(O)c1,6.3372
C[C@H]1CN(CCC(=O)N(Cc2ccc(-c3ccccc3)cc2)[C@@H](Cc2ccccc2)C(=O)O)CC[C@@]1(C)c1cccc(O)c1,6.6383
C[C@H]1CN(CCC(=O)N(CCc2ccccc2)[C@@H](Cc2ccccc2)C(=O)O)CC[C@@]1(C)c1cccc(O)c1,5.9208
C[C@H]1CN(CCC(=O)N(Cc2ccccc2)[C@@H](Cc2ccccc2)C(=O)O)CC[C@@]1(C)c1cccc(O)c1,6.2596
C[C@H]1CN(CCC(=O)N(c2ccccc2)[C@@H](Cc2ccccc2)C(=O)O)CC[C@@]1(C)c1cccc(O)c1,5.8539
C[C@H]1CN(CCC(=O)N(CC2CC2)[C@@H](Cc2ccccc2)C(=O)O)CC[C@@]1(C)c1cccc(O)c1,5.6576
CC(C)CN(C(=O)CCN1CC[C@@](C)(c2cccc(O)c2)[C@@H](C)C1)[C@@H](Cc1ccccc1)C(=O)O,5.6576
C[C@H]1CN(CCC(=O)N[C@@H](CCc2ccccc2)C(=O)O)CC[C@@]1(C)c1cccc(O)c1,6.1612
C[C@H]1CN(CCC(=O)N[C@@H](Cc2ccc(-c3ccccc3)cc2)C(=O)O)CC[C@@]1(C)c1cccc(O)c1,5.9586
C[C@H]1CN(C[C@H](Cc2ccccc2)C(=O)NCC(=O)O)CC[C@@]1(C)c1cccc(O)c1,7.0000
C=C[C@@H](O)C#CC#C[C@@H](O)/C=C\CCCCCCC,5.5995
CC(C)=CC(O)C/C(C)=C/COc1ccc2ccc(=O)oc2c1,5.5850
C=CCN1C[C@@H]2C(c3ccccc3)=CC[C@H]1CN2Cc1ccc(C(=O)N(CC)CC)cc1,6.0506
CCCN1C[C@@H]2[C@H](c3ccccc3)CC[C@H]1CN2Cc1ccc(C(=O)N(CC)CC)cc1,5.6198
C=CCN1C[C@@H]2[C@H](c3ccccc3)CC[C@H]1CN2Cc1ccc(C(=O)N(CC)CC)cc1,5.7696
C=CCN1C[C@@H]2[C@@H](c3ccccc3)CC[C@H]1CN2Cc1ccc(C(=O)N(CC)CC)cc1,5.9586
CN1CC[C@]23c4c5cccc4O[C@H]2CCC[C@H]3[C@H]1C5,6.2299
COc1ccc2c3c1O[C@H]1CC=C[C@H]4[C@@H](C2)N(C)CC[C@]314,5.5100
CN1CC[C@]23c4c5ccc(O)c4O[C@H]2CC=C[C@H]3[C@H]1C5,7.3420
CO[C@H]1CC[C@H]2[C@H]3Cc4cccc5c4[C@@]2(CCN3C)[C@H]1O5,4.9355
COc1ccc2c3c1O[C@H]1[C@@H](OC)C=C[C@H]4[C@@H](C2)N(C)CC[C@@]341,5.2652
CO[C@H]1C=C[C@H]2[C@H]3Cc4ccc(O)c5c4[C@@]2(CCN3C)[C@H]1O5,7.6421
CN1CC[C@]23c4c5cccc4O[C@H]2[C@@H](O)CC[C@H]3[C@H]1C5,5.3089
COC(=O)[C@@H]1C[C@H](SC(=O)c2ccccc2)C(=O)[C@H]2[C@@]1(C)CC[C@H]1C(=O)O[C@H](c3ccoc3)C[C@]21C,5.8508
COC(=O)[C@@H]1C[C@H](NS(=O)(=O)c2ccccc2)C(=O)[C@H]2[C@@]1(C)CC[C@H]1C(=O)O[C@H](c3ccoc3)C[C@]21C,5.8539
COC(=O)[C@@H]1C[C@H](NS(C)(=O)=O)C(=O)[C@H]2[C@@]1(C)CC[C@H]1C(=O)O[C@H](c3ccoc3)C[C@]21C,6.5850
COC(=O)[C@@H]1C[C@H](NC(=O)c2ccccc2)C(=O)[C@H]2[C@@]1(C)CC[C@H]1C(=O)O[C@H](c3ccoc3)C[C@]21C,5.1290
COC(=O)[C@@H]1C[C@H](OC(=O)C2CCCCC2)C(=O)[C@H]2[C@@]1(C)CC[C@H]1C(=O)O[C@H](c3ccoc3)C[C@]21C,5.6968
COC(=O)[C@@H]1C[C@H](OC(=O)c2ccsc2)C(=O)[C@H]2[C@@]1(C)CC[C@H]1C(=O)O[C@H](c3ccoc3)C[C@]21C,6.5863
COC(=O)[C@@H]1C[C@H](OC(=O)c2cccs2)C(=O)[C@H]2[C@@]1(C)CC[C@H]1C(=O)O[C@H](c3ccoc3)C[C@]21C,6.5850
COC(=O)[C@@H]1C[C@H](OC(=O)c2cc3ccccc3o2)C(=O)[C@H]2[C@@]1(C)CC[C@H]1C(=O)O[C@H](c3ccoc3)C[C@]21C,6.5528
COC(=O)[C@@H]1C[C@H](OC(=O)c2ccc3ccccc3c2)C(=O)[C@H]2[C@@]1(C)CC[C@H]1C(=O)O[C@H](c3ccoc3)C[C@]21C,5.2604
COC(=O)[C@@H]1C[C@H](OC(=O)c2cccc3ccccc23)C(=O)[C@H]2[C@@]1(C)CC[C@H]1C(=O)O[C@H](c3ccoc3)C[C@]21C,6.3872
COC(=O)[C@@H]1C[C@H](OC(=O)c2ccc([N+](=O)[O-])cc2)C(=O)[C@H]2[C@@]1(C)CC[C@H]1C(=O)O[C@H](c3ccoc3)C[C@]21C,6.2441
COC(=O)[C@@H]1C[C@H](OC(=O)c2cccc([N+](=O)[O-])c2)C(=O)[C@H]2[C@@]1(C)CC[C@H]1C(=O)O[C@H](c3ccoc3)C[C@]21C,6.0969
COC(=O)[C@@H]1C[C@H](OC(=O)c2ccccc2[N+](=O)[O-])C(=O)[C@H]2[C@@]1(C)CC[C@H]1C(=O)O[C@H](c3ccoc3)C[C@]21C,6.0458
COC(=O)[C@@H]1C[C@H](OC(=O)c2ccc(OC)cc2)C(=O)[C@H]2[C@@]1(C)CC[C@H]1C(=O)O[C@H](c3ccoc3)C[C@]21C,5.9255
COC(=O)[C@@H]1C[C@H](OC(=O)c2cccc(OC)c2)C(=O)[C@H]2[C@@]1(C)CC[C@H]1C(=O)O[C@H](c3ccoc3)C[C@]21C,5.8523
COC(=O)[C@@H]1C[C@H](OC(=O)c2ccccc2OC)C(=O)[C@H]2[C@@]1(C)CC[C@H]1C(=O)O[C@H](c3ccoc3)C[C@]21C,6.6383
COC(=O)[C@@H]1C[C@H](OC(=O)c2ccc(Br)cc2)C(=O)[C@H]2[C@@]1(C)CC[C@H]1C(=O)O[C@H](c3ccoc3)C[C@]21C,6.1308
COC(=O)[C@@H]1C[C@H](OC(=O)c2cccc(Br)c2)C(=O)[C@H]2[C@@]1(C)CC[C@H]1C(=O)O[C@H](c3ccoc3)C[C@]21C,7.1549
COC(=O)[C@@H]1C[C@H](OC(=O)c2ccccc2Br)C(=O)[C@H]2[C@@]1(C)CC[C@H]1C(=O)O[C@H](c3ccoc3)C[C@]21C,7.0458
CCC(CC)Sc1nc2cc(Cl)c(N3CCN(CCO)CC3)cc2[nH]1,7.2218
CCC(C)(CC)Sc1nc2cc(Cl)c(N3CCN(CCO)CC3)cc2[nH]1,6.7696
CC1(Sc2nc3cc(Cl)c(N4CCN(CCO)CC4)cc3[nH]2)CCCCC1,7.0555
OCCN1CCN(c2cc3[nH]c(SC4CCCCC4)nc3cc2Cl)CC1,7.5086
CCC(C)(C)Sc1nc2cc(Cl)c(N3CCN(CCO)CC3)cc2[nH]1,6.7959
CC(C)(C)Sc1nc2cc(Cl)c(N3CCN(CCO)CC3)cc2[nH]1,6.9208
CC(C)Sc1nc2cc(Cl)c(N3CCN(CCO)CC3)cc2[nH]1,7.2218
CN(C(=O)Cc1cc2c(cc1S(=O)(=O)N(C)Cc1ccccc1)OCO2)[C@H](CN1CCCC1)c1ccccc1,9.8210
CN(C(=O)Cc1cc2c(cc1S(=O)(=O)N(C)C)OCO2)[C@H](CN1CC[C@H](O)C1)c1ccccc1,9.6131
CN(C(=O)Cc1cc2c(cc1S(=O)(=O)N(C)C)OCO2)[C@H](CN1CCCC1)c1ccccc1,9.8288
CN(C(=O)Cc1ccc2c(c1)OCO2)[C@H](CN1CCCC1)c1ccccc1,9.2607
COc1cc(CC(=O)N(C)[C@H](CN2CC[C@H](O)C2)c2ccccc2)c(S(=O)(=O)N2CCOCC2)cc1OC,9.1612
COc1cc(CC(=O)N(C)[C@H](CN2CCCC2)c2ccccc2)c(S(=O)(=O)N2CCOCC2)cc1OC,9.5146
COc1cc(CC(=O)N(C)[C@H](CN2CC[C@H](O)C2)c2ccccc2)c(S(=O)(=O)N2CCN(C)CC2)cc1OC,8.7845
COc1cc(CC(=O)N(C)[C@H](CN2CCCC2)c2ccccc2)c(S(=O)(=O)N2CCN(C)CC2)cc1OC,9.1475
COc1cc(CC(=O)N(C)[C@H](CN2CC[C@H](O)C2)c2ccccc2)c(S(=O)(=O)N2CCCC2)cc1OC,9.4397
COc1cc(CC(=O)N(C)[C@H](CN2CCCC2)c2ccccc2)c(S(=O)(=O)N2CCCC2)cc1OC,9.7336
COc1cc(CC(=O)N(C)[C@H](CN2CCCC2)c2ccccc2)c(S(=O)(=O)N(C)Cc2ccccc2)cc1OC,9.2175
COc1cc(CC(=O)N(C)[C@H](CN2CC[C@H](O)C2)c2ccccc2)c(S(=O)(=O)N(C)C)cc1OC,9.2078
COc1cc(CC(=O)N(C)[C@H](CN2CCCC2)c2ccccc2)c(S(=O)(=O)N(C)C)cc1OC,9.4430
COc1ccc(CC(=O)N(C)[C@H](CN2CCCC2)c2ccccc2)cc1OC,8.3873
CC[C@H](C)[C@H](NC(=O)[C@H](CCCNC(=N)N)NC(=O)[C@H](CCCNC(=N)N)NC(=O)[C@H](CC(C)C)NC(=O)[C@H](Cc1ccccc1)NC(=O)CNC(=O)CNC(=O)[C@@H](N)Cc1ccc(O)cc1)C(=O)N[C@@H](CCCNC(=N)N)C(=O)N1CCC[C@H]1C(=O)N[C@@H](CCCCN)C(=O)N[C@@H](CC(C)C)C(=O)N[C@@H](CCCCN)C(=O)N[C@@H](Cc1c[nH]c2ccccc12)C(=O)N[C@@H](CC(=O)O)C(=O)N[C@@H](CC(N)=O)C(=O)N[C@@H](CCC(N)=O)C(=O)O,8.9586
CN(CC(=O)N1CCCC(c2ccccc2)C1CN1CCCC1)c1ccc(Cl)c(Cl)c1,5.4949
O=C(Cn1c(=O)sc2ccc(Cl)cc21)N1CCCC(c2ccccc2)C1CN1CCOCC1,5.1024
O=C(Cn1c(=O)sc2ccc(Cl)cc21)N1CCCC(c2ccccc2)C1CN1CCCC1,5.8861
O=C(Cn1c(=O)oc2ccc(Cl)cc21)N1CCCC(c2ccccc2)C1CN1CCOCC1,5.8861
O=C(Cn1c(=O)oc2ccc(Cl)cc21)N1CCCC(c2ccccc2)C1CN1CCCC1,5.3010
Cc1cc2ncc(=O)n(CC(=O)N3CCCC(c4ccccc4)C3CN3CCOCC3)c2cc1C,4.5229
Cc1cc2ncc(=O)n(CC(=O)N3CCCC(c4ccccc4)C3CN3CCCC3)c2cc1C,5.2007
O=C(Cn1c(=O)cnc2cc(Cl)c(Cl)cc21)N1CCCC(c2ccccc2)C1CN1CCOCC1,4.8239
O=C(Cn1c(=O)cnc2cc(Cl)c(Cl)cc21)N1CCCC(c2ccccc2)C1CN1CCCC1,5.4949
Cc1cc2c(cc1C)N(CC(=O)N1CCCC(c3ccccc3)C1CN1CCCC1)C(=O)CO2,5.3010
O=C1COc2cc(Cl)c(Cl)cc2N1CC(=O)N1CCCC(c2ccccc2)C1CN1CCOCC1,5.1024
O=C1COc2cc(Cl)c(Cl)cc2N1CC(=O)N1CCCC(c2ccccc2)C1CN1CCCC1,6.3010
COCCN(CC(=O)N1CCCC(c2ccccc2)C1CN1CCOCC1)c1ccc(Cl)c(Cl)c1,5.0000
COCCN(CC(=O)N1CCCC(c2ccccc2)C1CN1CCCC1)c1ccc(Cl)c(Cl)c1,6.0000
N#CCN(CC(=O)N1CCCC(c2ccccc2)C1CN1CCOCC1)c1ccc(Cl)c(Cl)c1,5.3010
N#CCN(CC(=O)N1CCCC(c2ccccc2)C1CN1CCCC1)c1ccc(Cl)c(Cl)c1,6.1024
CN(CC(=O)N1CCCC(c2ccccc2)C1CN1CCOCC1)c1ccc(Cl)c(Cl)c1,6.0000
CN(CC(=O)N1CCCCC1CN1CCCC1)c1ccc(Cl)c(Cl)c1,8.5229
CN(CC(=O)N1CCN(c2ccccc2)CC1CN1CCCC1)c1ccc(Cl)c(Cl)c1,8.8861
O=C(O)c1ccc(S(=O)(=O)N2CCN(C(=O)Cn3c(=O)oc4ccc(Cl)cc43)C(CN3CCCC3)C2)cc1O,5.1024
O=C(O)c1ccc(S(=O)(=O)N2CCN(C(=O)Cn3c(=O)oc4ccc(Cl)cc43)C(CN3CCCC3)C2)cc1,5.6990
CC(=O)Nc1ccc(S(=O)(=O)N2CCN(C(=O)Cn3c(=O)oc4ccc(Cl)cc43)C(CN3CCCC3)C2)cc1,5.8861
COc1ccc(Br)cc1S(=O)(=O)N1CCN(C(=O)Cn2c(=O)oc3ccc(Cl)cc32)C(CN2CCCC2)C1,6.1024
COc1ccc(S(=O)(=O)N2CCN(C(=O)Cn3c(=O)oc4ccc(Cl)cc43)C(CN3CCCC3)C2)c(Br)c1OC,5.8861
COc1ccc(S(=O)(=O)N2CCN(C(=O)Cn3c(=O)oc4ccc(Cl)cc43)C(CN3CCCC3)C2)cc1OC,6.4949
COc1ccc(S(=O)(=O)N2CCN(C(=O)Cn3c(=O)oc4ccc(Cl)cc43)C(CN3CCCC3)C2)cc1,5.6990
COc1cccc(S(=O)(=O)N2CCN(C(=O)Cn3c(=O)oc4ccc(Cl)cc43)C(CN3CCCC3)C2)c1,6.4949
O=C(Cn1c(=O)oc2ccc(Cl)cc21)N1CCN(S(=O)(=O)c2cc(C(F)(F)F)ccc2Cl)CC1CN1CCCC1,6.0000
O=C(Cn1c(=O)oc2ccc(Cl)cc21)N1CCN(S(=O)(=O)c2ccccc2Br)CC1CN1CCCC1,5.6990
O=C(Cn1c(=O)oc2ccc(Cl)cc21)N1CCN(S(=O)(=O)c2cccc(C(F)(F)F)c2)CC1CN1CCCC1,5.6990
N#Cc1cccc(S(=O)(=O)N2CCN(C(=O)Cn3c(=O)oc4ccc(Cl)cc43)C(CN3CCCC3)C2)c1,6.2007
O=C(Cn1c(=O)oc2ccc(Cl)cc21)N1CCN(S(=O)(=O)c2ccccc2)CC1CN1CCCC1,6.1024
O=C(Cn1c(=O)oc2ccccc21)N1CCN(S(=O)(=O)c2ccccc2)CC1CN1CCCC1,6.0000
O=C(Cn1c(=O)oc2ccccc21)N1CCN(c2ccccc2)CC1CN1CCCC1,6.3979
O=C(Cn1c(C(F)(F)F)nc2ccccc21)N1CCN(c2ccccc2)CC1CN1CCCC1,8.3979
O=C(Cc1csc2ccc(Cl)cc12)N1CCN(c2ccccc2)CC1CN1CCCC1,8.6990
O=C(Cc1cccc2ccccc12)N1CCN(c2ccccc2)CC1CN1CCCC1,8.7959
CN(CC(=O)N1CCN(S(C)(=O)=O)CC1CN1CCCC1)c1ccc(Cl)c(Cl)c1,8.5229
CN(CC(=O)N1CCN(S(=O)(=O)c2ccc(F)c(F)c2)CC1CN1CCCC1)c1ccc(Cl)c(Cl)c1,6.3979
COc1cccc(S(=O)(=O)N2CCN(C(=O)CN(C)c3ccc(Cl)c(Cl)c3)C(CN3CCCC3)C2)c1,7.1024
CN(CC(=O)N1CCN(S(=O)(=O)c2ccc(Cl)cc2)CC1CN1CCCC1)c1ccc(Cl)c(Cl)c1,6.1024
CN(CC(=O)N1CCN(S(=O)(=O)c2cccc(Cl)c2)CC1CN1CCCC1)c1ccc(Cl)c(Cl)c1,6.6990
CN(CC(=O)N1CCN(S(=O)(=O)c2ccccc2)CC1CN1CCCC1)c1ccc(Cl)c(Cl)c1,6.6021
CN(CC(=O)N1CCN(C(=O)c2ccncc2)CC1CN1CCCC1)c1ccc(Cl)c(Cl)c1,6.2007
CN(CC(=O)N1CCN(C(=O)c2ccc(C#N)cc2)CC1CN1CCCC1)c1ccc(Cl)c(Cl)c1,5.4949
CN(CC(=O)N1CCN(C(=O)c2ccccc2)CC1CN1CCCC1)c1ccc(Cl)c(Cl)c1,5.1024
CN(CC(=O)N1CCN(C(=O)Nc2ccccc2)CC1CN1CCCC1)c1ccc(Cl)c(Cl)c1,5.3979
CN(CC(=O)N1CCN(c2cccc(Cl)c2)CC1CN1CCCC1)c1ccc(Cl)c(Cl)c1,8.3979
COc1cccc(N2CCN(C(=O)CN(C)c3ccc(Cl)c(Cl)c3)C(CN3CCCC3)C2)c1,8.4949
CN(CC(=O)N1CCN(c2ccc(F)c(F)c2)CC1CN1CCCC1)c1ccc(Cl)c(Cl)c1,8.2007
Cl.Nc1ccc(Oc2ccc3c(c2)[C@@]24CCCC[C@@]2(O)[C@@H](C3)N(CC2CCC2)CC4)cc1,8.2840
Cl.O=[N+]([O-])c1ccc(Oc2ccc3c(c2)[C@@]24CCCC[C@@]2(O)[C@@H](C3)N(CC2CCC2)CC4)cc1,7.5528
Cl.O[C@@]12CCCC[C@@]13CCN(CC1CCC1)[C@@H]2Cc1ccc(OCCc2ccccc2)cc13,8.0458
Cl.O[C@@]12CCCC[C@@]13CCN(CC1CCC1)[C@@H]2Cc1ccc(OCc2ccccc2)cc13,7.5528
Cl.OCCCOc1ccc2c(c1)[C@@]13CCCC[C@@]1(O)[C@@H](C2)N(CC1CCC1)CC3,8.0655
Cl.NC(=O)COc1ccc2c(c1)[C@@]13CCCC[C@@]1(O)[C@@H](C2)N(CC1CCC1)CC3,7.1739
COc1ccc(CC(=O)Oc2ccc3c(c2)[C@@]24CCCC[C@@]2(O)[C@@H](C3)N(CC2CCC2)CC4)cc1.Cl,9.6778
Cl.O=C(Oc1ccc2c(c1)[C@@]13CCCC[C@@]1(O)[C@@H](C2)N(CC1CCC1)CC3)c1ccc(-c2ccccc2)cc1,7.7447
Cl.O=C(COc1ccccc1)Oc1ccc2c(c1)[C@@]13CCCC[C@@]1(O)[C@@H](C2)N(CC1CCC1)CC3,10.3188
Cc1ccc(C(C)C(=O)Oc2ccc3c(c2)[C@@]24CCCC[C@@]2(O)[C@@H](C3)N(CC2CCC2)CC4)cc1.Cl,8.8861
Cl.O=C(Cc1ccccc1)Oc1ccc2c(c1)[C@@]13CCCC[C@@]1(O)[C@@H](C2)N(CC1CCC1)CC3,9.3188
Cl.O=C(Cc1ccc(-c2ccccc2)cc1)Oc1ccc2c(c1)[C@@]13CCCC[C@@]1(O)[C@@H](C2)N(CC1CCC1)CC3,9.0605
Oc1ccc2c(c1)[C@@]13CCCC[C@@]1(O)[C@@H](C2)N(CC1CCC1)CC3,9.7892
C[C@H]1[C@H]2Cc3ccc(C(=O)N(C)CCc4ccc(-c5ccccc5)cc4)cc3[C@@]1(C)CCN2CC1CC1,7.9586
COc1cccc(C2(O)CCCCC2CN(C)C)c1,7.8539
CN(C)C[C@H]1CCCC[C@]1(O)c1cccc(C(N)=O)c1,6.4559
CN(C)C[C@H]1CCCC[C@]1(O)c1cccc(O)c1,6.3468
NC(=O)c1ccc2c3c1O[C@H]1C4NC5C(C[C@@]6(O)[C@H]7Cc8ccc(C(N)=O)c9c8[C@@]6(CCN7CC6CC6)[C@H]5O9)C4C[C@@]4(O)[C@@H](C2)N(CC2CC2)CC[C@]314,7.6778
CO[C@@]12CC[C@@]3(C[C@@H]1[C@@](C)(O)C(C)(C)C)[C@H]1Cc4ccc(C(N)=O)c5c4[C@@]3(CCN1CC1CC1)[C@H]2O5,7.7658
C=CCN1CC[C@]23c4c5ccc(C(N)=O)c4O[C@@H]2[C@@H](O)C=C[C@H]3[C@H]1C5,7.0000
C=CCN1CC[C@]23c4c5ccc(O)c4O[C@H]2[C@@H](O)C=C[C@H]3[C@H]1C5,9.0596
CC1C2Cc3ccc(C(N)=O)cc3C1(C)CCN2CC1CC1,9.4208
CC(C)=CCN1CC[C@@]2(C)c3cc(O)ccc3C[C@@H]1[C@@H]2C,8.5902
CC(C)=CCN1CC[C@@]2(C)c3cc(C(N)=O)ccc3C[C@@H]1[C@@H]2C,8.2518
C[C@H]1[C@@H]2Cc3ccc(O)cc3[C@]1(C)CCN2C,7.4626
CC1C2Cc3ccc(C(N)=O)cc3C1(C)CCN2C,7.7212
C[C@H]1C2Cc3ccc(O)cc3[C@@]1(C)CCN2CCc1ccccc1,8.3952
CC1C2Cc3ccc(C(N)=O)cc3C1(C)CCN2CCc1ccccc1,8.3565
C[C@@H]1[C@@H]2Cc3ccc(C(N)=O)cc3[C@@]1(C)CCN2C[C@@H]1CCCO1,7.5229
C[C@@H]1[C@@H]2Cc3ccc(O)cc3[C@@]1(C)CCN2C[C@H]1CCCO1,7.3872
C[C@@H]1[C@@H]2Cc3ccc(C(N)=O)cc3[C@@]1(C)CCN2C[C@H]1CCCO1,6.7696
C[C@H]1[C@H]2C(=O)c3ccc(O)cc3[C@]1(C)CCN2CC1CC1,8.8861
CC1C2C(=O)c3ccc(C(N)=O)cc3C1(C)CCN2CC1CC1,8.0177
NC(=O)c1ccc2c(c1)[C@@]13CCCC[C@@]1(O)[C@@H](C2)N(CC1CCC1)CC3,8.9146
C=CCN1CC[C@]23c4c5ccc(C(N)=O)c4O[C@H]2C(=O)CC[C@@]3(O)[C@H]1C5,7.3372
Oc1ccc2c3c1O[C@H]1[C@H](O)CC[C@@]4(O)[C@@H](C2)N(CC2CC2)CC[C@]314,9.3188
NC(=O)c1ccc2c3c1O[C@H]1[C@H](O)CC[C@@]4(O)[C@@H](C2)N(CC2CC2)CC[C@]314,7.5229
Oc1ccc2c3c1O[C@H]1[C@@H](O)CC[C@@]4(O)[C@@H](C2)N(CC2CC2)CC[C@]314,9.2518
NC(=O)c1ccc2c3c1O[C@H]1[C@@H](O)CC[C@@]4(O)[C@@H](C2)N(CC2CC2)CC[C@]314,7.0000
C=C1CC[C@@]2(O)[C@H]3Cc4ccc(C(N)=O)c5c4[C@@]2(CCN3CC2CC2)[C@H]1O5,8.6778
[3H]C([3H])([3H])Oc1cc(I)c(OC)cc1CCNCc1ccccc1OC([3H])([3H])[3H],6.5406
C[C@H]1C2Cc3cc(N)c(C(N)=O)cc3[C@@]1(C)CCN2CC1CC1,7.4949
C[C@H]1C2Cc3ccc(C(N)=O)c(N)c3[C@@]1(C)CCN2CC1CC1,8.4894
C[C@H]1C2Cc3cc([N+](=O)[O-])c(C(N)=O)cc3[C@@]1(C)CCN2CC1CC1,6.9586
C[C@H]1C2Cc3ccc(C(N)=O)c([N+](=O)[O-])c3[C@@]1(C)CCN2CC1CC1,7.4685
C[C@H]1C2Cc3cc([N+](=O)[O-])c(O)cc3[C@@]1(C)CCN2CC1CC1,6.2366
C[C@H]1C2Cc3ccc(O)c([N+](=O)[O-])c3[C@@]1(C)CCN2CC1CC1,8.4949
C[C@H]1C2Cc3cc4ncnc(NCc5ccccc5)c4cc3[C@@]1(C)CCN2CC1CC1,7.3188
C[C@H]1C2Cc3cc4ncnc(NCCc5ccc(-c6ccccc6)cc5)c4cc3[C@@]1(C)CCN2CC1CC1,6.8539
C[C@H]1C2Cc3ccc4c(NCc5ccccc5)ncnc4c3[C@@]1(C)CCN2CC1CC1,6.6198
C[C@H]1C2Cc3ccc4c(NCCc5ccc(-c6ccccc6)cc5)ncnc4c3[C@@]1(C)CCN2CC1CC1,8.0655
C[C@H]1C2Cc3cc4ncnc(N)c4cc3[C@@]1(C)CCN2CC1CC1,6.2518
C[C@H]1C2Cc3ccc4c(N)ncnc4c3[C@@]1(C)CCN2CC1CC1,7.4430
C[C@H]1C2Cc3ccc4c(=O)[nH]cnc4c3[C@@]1(C)CCN2CC1CC1,6.7959
C[C@H]1C2Cc3cc4nc[nH]c(=O)c4cc3[C@@]1(C)CCN2CC1CC1,7.9208
C[C@H]1C2Cc3cc4cc[nH]c(=O)c4cc3[C@@]1(C)CCN2CC1CC1,8.1763
C[C@@H]1CN(CCO)CCN1c1cc2[nH]c(SC(C)(C)C)nc2cc1Cl,6.9208
C[C@H]1CN(CCO)CCN1c1cc2[nH]c(SC(C)(C)C)nc2cc1Cl,8.0102
CCN(CC)C(=O)c1ccc(C2=CC3(CCNCC3)Oc3ccc(O)cc32)cc1,6.0809
COC(=O)c1ccc(C2=CC3(CCNCC3)Oc3ccccc32)cc1,6.2840
C1=C(c2ccccc2)c2ccccc2OC12CCNCC2,5.4685
FC(F)(F)c1ccc(C2=CC3(CCNCC3)Oc3ccccc32)cc1,5.6990
Cc1c(C(=O)c2ccc(Cl)cc2)c2ccc(OC(F)(F)F)cc2n1Cc1cccc(O[C@H](C)C(=O)O)c1,5.4584
O=C(N[C@@H]1CC[C@@]2(O)[C@H]3Cc4ccc(O)c5c4[C@@]2(CCN3CC2CC2)[C@H]1O5)c1ccc2ccccc2c1,7.1854
O=C(N[C@H]1CC[C@@]2(O)[C@H]3Cc4ccc(O)c5c4[C@@]2(CCN3CC2CC2)[C@H]1O5)c1ccc2ccccc2c1,6.2156
O=C(N[C@@H]1CC[C@@]2(O)[C@H]3Cc4ccc(O)c5c4[C@@]2(CCN3CC2CC2)[C@H]1O5)c1cnc2ccccc2c1,9.2441
O=C(N[C@H]1CC[C@@]2(O)[C@H]3Cc4ccc(O)c5c4[C@@]2(CCN3CC2CC2)[C@H]1O5)c1cnc2ccccc2c1,8.7423
O=C(N[C@@H]1CC[C@@]2(O)[C@H]3Cc4ccc(O)c5c4[C@@]2(CCN3CC2CC2)[C@H]1O5)c1ccc2ccccc2n1,8.2976
O=C(N[C@H]1CC[C@@]2(O)[C@H]3Cc4ccc(O)c5c4[C@@]2(CCN3CC2CC2)[C@H]1O5)c1ccc2ccccc2n1,8.0070
O=C(N[C@@H]1CC[C@@]2(O)[C@H]3Cc4ccc(O)c5c4[C@@]2(CCN3CC2CC2)[C@H]1O5)c1cc2ccccc2cn1,8.8013
O=C(N[C@H]1CC[C@@]2(O)[C@H]3Cc4ccc(O)c5c4[C@@]2(CCN3CC2CC2)[C@H]1O5)c1cc2ccccc2cn1,7.5776
O=C(N[C@@H]1CC[C@@]2(O)[C@H]3Cc4ccc(O)c5c4[C@@]2(CCN3CC2CC2)[C@H]1O5)c1ccncc1,7.3786
O=C(N[C@H]1CC[C@@]2(O)[C@H]3Cc4ccc(O)c5c4[C@@]2(CCN3CC2CC2)[C@H]1O5)c1ccncc1,7.7086
O=C(N[C@@H]1CC[C@@]2(O)[C@H]3Cc4ccc(O)c5c4[C@@]2(CCN3CC2CC2)[C@H]1O5)c1cccnc1,8.2660
O=C(N[C@H]1CC[C@@]2(O)[C@H]3Cc4ccc(O)c5c4[C@@]2(CCN3CC2CC2)[C@H]1O5)c1cccnc1,7.1122
O=C(N[C@H]1CC[C@@]2(O)[C@H]3Cc4ccc(O)c5c4[C@@]2(CCN3CC2CC2)[C@H]1O5)c1ccccn1,6.6525
C[C@@H](O)[C@H](NC(=O)[C@H]1NC(=O)[C@H]([C@@H](C)O)NC(=O)[C@H](CCCNC(=N)N)NC(=O)[C@@H](Cc2c[nH]c3ccccc23)NC(=O)[C@H](Cc2ccc(O)cc2)NC(=O)[C@@H](NC(=O)[C@H]2Cc3ccccc3CN2)CSSC1(C)C)C(N)=O,5.9945
COC(=O)/C=C/C(=O)N[C@@H]1CC[C@@]2(O)[C@H]3Cc4ccc(O)c5c4[C@@]2(CCN3CC2CC2)[C@H]1O5,9.0269
CN1CC[C@]23c4c5ccc(O)c4O[C@H]2C(=O)CC[C@H]3[C@H]1C5,8.2557
NC(=O)c1ccc2c3c1O[C@H]1c4[nH]c5ccccc5c4C[C@@]4(O)[C@@H](C2)N(CC2CC2)CC[C@]314,7.3279
NC(=O)c1ccc2c(c1O)[C@]13CCN(CC4CC4)[C@H](C2)[C@]1(O)Cc1c([nH]c2ccccc12)C3,8.3222
CN1CC[C@]23c4c5ccc(C(N)=O)c4O[C@H]2C(=O)CC[C@H]3[C@H]1C5,7.7212
CN1CC[C@]23CC(=O)CC[C@H]2[C@H]1Cc1ccc(C(N)=O)c(O)c13,8.5236
Oc1ccc2c3c1O[C@H]1CCC[C@@]4(O)[C@@H](C2)N(CC2CC2)CC[C@]314,8.7529
NC(=O)c1ccc2c3c1O[C@H]1CCC[C@@]4(O)[C@@H](C2)N(CC2CC2)CC[C@]314,7.7959
NC(=O)c1ccc2c(c1O)[C@@]13CCCC[C@@]1(O)[C@@H](C2)N(CC1CC1)CC3,8.6383
C[N+]1(CC2CC2)CC[C@]23c4c5ccc(O)c4O[C@H]2C(=O)CC[C@@]3(O)[C@H]1C5.[I-],8.1232
C[N+]1(CC2CC2)CC[C@]23c4c5ccc(C(N)=O)c4O[C@H]2C(=O)CC[C@@]3(O)[C@H]1C5.[I-],6.6778
C[N+]1(CC2CC2)CC[C@]23CC(=O)CC[C@@]2(O)[C@H]1Cc1ccc(C(N)=O)c(O)c13.[I-],6.6107
NC(=O)c1ccc2c(c1O)[C@]13CCN(CC4CCC4)[C@H](C2)[C@]1(O)CC[C@@H](O)C3,9.0186
NC(=O)c1ccc2c3c1O[C@H]1[C@@H](O)CC[C@@]4(O)[C@@H](C2)N(CC2CCC2)CC[C@]314,7.9974
NC(=O)c1ccc2c(c1O)[C@]13CCN(CC4CCC4)[C@H](C2)[C@]1(O)CC[C@H](O)C3,8.2273
Cl.NC(=O)c1ccc2c(c1O)[C@]13CCN(CC4CC4)[C@H](C2)[C@]1(O)CCC(=O)C3,8.4815
CCC[C@@](C)(O)[C@H]1C[C@@]23C=C[C@]1(OC)[C@@H]1Oc4c(O)ccc5c4[C@@]12CCN(C)[C@@H]3C5,9.3010
C[C@@H](O)[C@H](NC(=O)[C@H](NC(=O)[C@@H](NC(=O)[C@H](CCCNC(=N)N)NC(=O)[C@H](Cc1c[nH]c2ccccc12)NC(=O)[C@@H](Cc1ccc(O)cc1)NC(=O)[C@H](CS)NC(=O)[C@H](N)Cc1ccccc1)[C@@H](C)O)C(C)(C)S)C(=O)O,5.9945
O=C(O[C@@]12CCC(=O)[C@@H]3Oc4c(O)ccc5c4[C@@]31CCN(CC1CC1)[C@@H]2C5)c1ccccn1,7.5935
O=C(O[C@@]12CCC(=O)[C@@H]3Oc4c(O)ccc5c4[C@@]31CCN(CC1CC1)[C@@H]2C5)c1cccnc1,7.3205
O=C(O[C@@]12CCC(=O)[C@@H]3Oc4c(O)ccc5c4[C@@]31CCN(CC1CC1)[C@@H]2C5)c1ccncc1,7.3079
O=C(O[C@@]12CCC(=O)[C@@H]3Oc4c(O)ccc5c4[C@@]31CCN(CC1CC1)[C@@H]2C5)c1ccccc1,6.2318
O=C(O[C@@]12CCC(=O)[C@@H]3Oc4c(O)ccc5c4[C@@]31CCN(CC1CC1)[C@@H]2C5)c1ccc2ccccc2n1,7.1730
O=C(O[C@@]12CCC(=O)[C@@H]3Oc4c(O)ccc5c4[C@@]31CCN(CC1CC1)[C@@H]2C5)c1cnc2ccccc2c1,6.8291
O=C(O[C@@]12CCC(=O)[C@@H]3Oc4c(O)ccc5c4[C@@]31CCN(CC1CC1)[C@@H]2C5)c1ccc2ccccc2c1,7.3319
Cc1nn(-c2ccccc2)cc1CN1CCC2(CC1)OCc1ccccc12,5.0132
CN(CC(=O)N(C)[C@H](CN1CCCC1)c1ccccc1)c1ccc(Cl)c(Cl)c1,10.0000
CN(CC(=O)N(C)[C@@H](CN1CCCC1)c1ccccc1)c1ccc(Cl)c(Cl)c1,8.3979
CN(CC(=O)N(C)C(CN1CCCC1)c1ccccc1)c1ccc(Cl)c(Cl)c1,9.6990
CN(CC(=O)N1CCC[C@@H](c2ccccc2)[C@H]1CN1CCCC1)c1ccc(Cl)c(Cl)c1,5.6990
CN(CC(=O)N1CCC[C@H](c2ccccc2)[C@@H]1CN1CCCC1)c1ccc(Cl)c(Cl)c1,5.2007
CN(C(=O)CN1C(=O)COc2cc(Cl)c(Cl)cc21)[C@H](CN1CCOCC1)c1ccc(-c2ccccc2)cc1,7.3979
CN(C(=O)CN1C(=O)COc2cc(Cl)c(Cl)cc21)[C@@H](CN1CCOCC1)c1ccc(-c2ccccc2)cc1,6.0969
CN(C(=O)CN1C(=O)COc2cc(Cl)c(Cl)cc21)C(CN1CCOCC1)c1ccc(-c2ccccc2)cc1,6.4949
CN(CC(=O)N(C)C(CN1CCOCC1)c1ccc(-c2ccccc2)cc1)c1ccc(Cl)c(Cl)c1,5.7959
CN(CC(=O)N(C)C(CN1CCCC1)c1ccc(-c2ccccc2)cc1)c1ccc(Cl)c(Cl)c1,7.7959
COc1cccc(-c2ccc(C(CN3CCOCC3)N(C)C(=O)CN3C(=O)COc4cc(Cl)c(Cl)cc43)cc2)c1,6.7959
CC(=O)Nc1ccc(-c2ccc(C(CN3CCOCC3)N(C)C(=O)CN3C(=O)COc4cc(C)c(C)cc43)cc2)cc1,6.0969
CNC(=O)c1cccc(-c2ccc(C(CN3CCOCC3)N(C)C(=O)Cn3c(=O)cnc4cc(Cl)c(Cl)cc43)cc2)c1,5.6990
CN(C(=O)CN(CC#N)c1ccc(Cl)c(Cl)c1)C(CN1CCCC1)c1ccc(-c2cccc(C(N)=O)c2)cc1,7.4949
COCCN(CC(=O)N(C)C(CN1CCCC1)c1ccc(-c2ccc(C(N)=O)cc2)cc1)c1ccc(Cl)c(Cl)c1,7.0000
CNC(=O)c1cccc(-c2ccc(C(CN3CCOCC3)N(C)C(=O)Cn3c(=O)cnc4cc(C)c(C)cc43)cc2)c1,5.3979
C=Cc1occc1[C@@H]1C[C@]2(C)[C@H]3C(=O)[C@@H](OC(C)=O)C[C@@H](C(=O)OC)[C@]3(C)CC[C@H]2C(=O)O1,8.3372
COC(=O)[C@@H]1C[C@H](OC(C)=O)C(=O)[C@H]2[C@@]1(C)CC[C@H]1C(=O)O[C@@H](c3ccoc3)C[C@]21C,7.2315
COC(=O)[C@@H]1C[C@H](OC(C)=O)C(=O)[C@H]2[C@@]1(C)CC[C@H]1C(=O)O[C@H](C(=O)O)C[C@]21C,7.0185
COC[C@@H]1C[C@]2(C)[C@H]3C(=O)[C@@H](OC(C)=O)C[C@@H](C(=O)OC)[C@]3(C)CC[C@H]2C(=O)O1,6.3028
CCOC[C@@H]1C[C@]2(C)[C@H]3C(=O)[C@@H](OC(C)=O)C[C@@H](C(=O)OC)[C@]3(C)CC[C@H]2C(=O)O1,6.3036
COC(=O)[C@@H]1C[C@H](OC(C)=O)C(=O)[C@H]2[C@@]1(C)CC[C@H]1C(=O)O[C@H](COC(C)=O)C[C@]21C,6.2557
COC(=O)[C@@H]1C[C@H](OC(C)=O)C(=O)[C@H]2[C@@]1(C)CC[C@H]1C(=O)O[C@H](C(=O)c3cccs3)C[C@]21C,7.4202
COC(=O)[C@@H]1C[C@H](OC(C)=O)C(=O)[C@H]2[C@@]1(C)CC[C@H]1C(=O)O[C@H](C(=O)c3cnccn3)C[C@]21C,7.0809
COC(=O)[C@@H]1C[C@H](OC(C)=O)C(=O)[C@H]2[C@@]1(C)CC[C@H]1C(=O)O[C@H](C(O)c3ccco3)C[C@]21C,7.6990
COC(=O)[C@@H]1C[C@]2(C)[C@H]3C(=O)[C@@H](OC(C)=O)C[C@@H](C(=O)OC)[C@]3(C)CC[C@H]2C(=O)O1,6.8125
CCOC(=O)[C@@H]1C[C@]2(C)[C@H]3C(=O)[C@@H](OC(C)=O)C[C@@H](C(=O)OC)[C@]3(C)CC[C@H]2C(=O)O1,6.7077
COC(=O)[C@@H]1C[C@H](OC(C)=O)C(=O)[C@H]2[C@@]1(C)CC[C@H]1C(=O)O[C@H](C(=O)OC(C)C)C[C@]21C,6.9626
CC1(N2CCC(n3c([C@@H]4CCCNC4)nc4ccccc43)CC2)CCCCCCC1,7.3666
CN1CCC[C@@H](c2nc3ccccc3n2C2CCN(C3(C)CCCCCCC3)CC2)C1,7.3785
CC1(N2CCC(n3c([C@H]4CCCNC4)nc4ccccc43)CC2)CCCCCCC1,8.0560
CN1CCC[C@H](c2nc3ccccc3n2C2CCN(C3(C)CCCCCCC3)CC2)C1,7.9430
CC1(N2CCC(n3c(-c4cccc(C(F)(F)F)c4)nc4ccccc43)CC2)CCCCCCC1,6.1277
CC1(N2CCC(n3c(-c4cccc(OCCO)c4)nc4ccccc43)CC2)CCCCCCC1,7.3426
CC1(N2CCC(n3c(-c4cccc(CN)c4)nc4ccccc43)CC2)CCCCCCC1,6.9776
CC1CN(c2nc3ccccc3n2C2CCN(C3(C)CCCCCCC3)CC2)CC(C)N1,7.7843
NC(=O)[C@]1(c2ccc(F)cn2)C[C@H]2CC[C@@H](C1)N2C(c1ccccc1Cl)c1ccccc1Cl,5.7932
NC(=O)C1(c2ccc(F)cc2)CC2CCC(C1)N2C(c1ccccc1Cl)c1ccccc1Cl,6.1238
OC1(c2ccccc2)CC2CCC(C1)N2C(c1ccccc1Cl)c1ccccc1Cl,6.9626
Cc1ccccc1C(c1ccccc1C)N1C2CCC1CC(O)(c1ccccc1)C2,7.0006
NC(=O)C1(c2ccccc2)CC2CCC(C1)N2C(c1ccccc1Cl)c1ccccc1Cl,6.5719
COC(=O)[C@@H]1C[C@H](OS(=O)(=O)c2ccc(C)cc2)C(=O)[C@H]2[C@@]1(C)CC[C@H]1C(=O)O[C@H](c3ccoc3)C[C@]21C,7.3010
COC(=O)[C@@H]1C[C@H](OS(=O)(=O)c2ccccc2)C(=O)[C@H]2[C@@]1(C)CC[C@H]1C(=O)O[C@H](c3ccoc3)C[C@]21C,7.2218
COC(=O)[C@@H]1C[C@H](OC(=O)CCc2ccccc2)C(=O)[C@H]2[C@@]1(C)CC[C@H]1C(=O)O[C@H](c3ccoc3)C[C@]21C,6.7447
COC(=O)[C@@H]1C[C@H](OC(=O)Cc2ccccc2)C(=O)[C@H]2[C@@]1(C)CC[C@H]1C(=O)O[C@H](c3ccoc3)C[C@]21C,6.5376
COC(=O)[C@@H]1C[C@H](OC(=O)CNC(=O)OC(C)(C)C)C(=O)[C@H]2[C@@]1(C)CC[C@H]1C(=O)O[C@H](c3ccoc3)C[C@]21C,7.0458
CCCCCC(=O)O[C@H]1C[C@@H](C(=O)OC)[C@]2(C)CC[C@H]3C(=O)O[C@H](c4ccoc4)C[C@]3(C)[C@H]2C1=O,7.1549
CCCCC(=O)O[C@H]1C[C@@H](C(=O)OC)[C@]2(C)CC[C@H]3C(=O)O[C@H](c4ccoc4)C[C@]3(C)[C@H]2C1=O,7.8239
Oc1ccc2c(c1)[C@]13CCC[C@H](C1)N(CCc1ccccc1)C[C@@H]3O2,6.2518
CN1C[C@@H]2Oc3ccc(O)cc3[C@@]23CCC[C@@H]1C3,6.2076
Oc1cccc2c1O[C@@H]1CC[C@H]3C[C@@]21CCN3CCc1ccccc1,7.4809
CN1CC[C@@]23C[C@@H]1CC[C@H]2Oc1ccc(O)cc13,5.0000
Oc1cccc2c1O[C@H]1CN(CCc3ccccc3)[C@@H]3CCC[C@]21C3,6.6990
CN1CC[C@@]23C[C@@H]1CC[C@H]2Oc1c(O)cccc13,6.0410
CN1C[C@@H]2Oc3c(O)cccc3[C@@]23CCC[C@@H]1C3,5.3170
Oc1ccc2c(c1)[C@@]13CCN(CCc4ccccc4)[C@@H](CC[C@H]1O2)C3,7.0497
C[C@H]1C2Cc3ccc4[nH]nnc4c3[C@@]1(C)CCN2CC1CC1,8.8519
C[C@H]1C2Cc3cc4nn[nH]c4cc3[C@@]1(C)CCN2CC1CC1,8.1025
Cc1nc2cc3c(cc2[nH]1)[C@@]1(C)CCN(CC2CC2)C(C3)[C@@H]1C,9.2688
C[C@H]1C2Cc3cc4nc[nH]c4cc3[C@@]1(C)CCN2CC1CC1,9.2643
Cc1nc2c3c(ccc2[nH]1)CC1[C@H](C)[C@]3(C)CCN1CC1CC1,9.2924
C[C@H]1C2Cc3ccc4[nH]cnc4c3[C@@]1(C)CCN2CC1CC1,9.0362
C[C@H]1C2Cc3cc4nc(O)[nH]c4cc3[C@@]1(C)CCN2CC1CC1,7.9208
C[C@H]1C2Cc3cc4cc[nH]c4cc3[C@@]1(C)CCN2CC1CC1,8.1549
CN1CN(c2ccccc2)C2(CCN(C(c3ccccc3)c3ccccc3)CC2)C1=O,6.8239
CCN1CN(c2ccccc2)C2(CCN(C(c3ccccc3)c3ccccc3)CC2)C1=O,6.2958
CCCN1CN(c2ccccc2)C2(CCN(C(c3ccccc3)c3ccccc3)CC2)C1=O,5.8722
CCCCN1CN(c2ccccc2)C2(CCN(C(c3ccccc3)c3ccccc3)CC2)C1=O,6.1118
CC(C)N1CN(c2ccccc2)C2(CCN(C(c3ccccc3)c3ccccc3)CC2)C1=O,6.2652
O=C1N(CC2CC2)CN(c2ccccc2)C12CCN(C(c1ccccc1)c1ccccc1)CC2,6.1986
O=C1N(CC2CCC2)CN(c2ccccc2)C12CCN(C(c1ccccc1)c1ccccc1)CC2,5.7338
O=C1N(CC2CCCCC2)CN(c2ccccc2)C12CCN(C(c1ccccc1)c1ccccc1)CC2,5.6353
C#CCN1CN(c2ccccc2)C2(CCN(C(c3ccccc3)c3ccccc3)CC2)C1=O,5.8969
C=CCN1CN(c2ccccc2)C2(CCN(C(c3ccccc3)c3ccccc3)CC2)C1=O,6.1586
CCCCN1CN(c2ccccc2)C2(CCN(C(c3ccccc3Cl)c3ccccc3Cl)CC2)C1=O,4.0915
CC(C)CCN1CN(c2ccccc2)C2(CCN(C(c3ccccc3Cl)c3ccccc3Cl)CC2)C1=O,4.3324
COC(=O)CN1CN(c2ccccc2)C2(CCN(C(c3ccccc3Cl)c3ccccc3Cl)CC2)C1=O,5.6432
O=C1N(CCO)CN(c2ccccc2)C12CCN(C(c1ccccc1Cl)c1ccccc1Cl)CC2,5.7577
COCCN1CN(c2ccccc2)C2(CCN(C(c3ccccc3Cl)c3ccccc3Cl)CC2)C1=O,5.7375
NCCN1CN(c2ccccc2)C2(CCN(C(c3ccccc3Cl)c3ccccc3Cl)CC2)C1=O,6.0696
CNCCN1CN(c2ccccc2)C2(CCN(C(c3ccccc3Cl)c3ccccc3Cl)CC2)C1=O,6.0600
CCNCCN1CN(c2ccccc2)C2(CCN(C(c3ccccc3Cl)c3ccccc3Cl)CC2)C1=O,6.3036
CC(C)NCCN1CN(c2ccccc2)C2(CCN(C(c3ccccc3Cl)c3ccccc3Cl)CC2)C1=O,6.3288
O=C1N(CCNC2CCCC2)CN(c2ccccc2)C12CCN(C(c1ccccc1Cl)c1ccccc1Cl)CC2,6.6073
O=C1N(CCNC2CCCCC2)CN(c2ccccc2)C12CCN(C(c1ccccc1Cl)c1ccccc1Cl)CC2,6.6498
CN(C)CCN1CN(c2ccccc2)C2(CCN(C(c3ccccc3Cl)c3ccccc3Cl)CC2)C1=O,6.4949
O=C1N(CCNC2CC2)CN(c2ccccc2)C12CCN(C(c1ccccc1Cl)c1ccccc1Cl)CC2,5.9940
CC(C)N(CCN1CN(c2ccccc2)C2(CCN(C(c3ccccc3Cl)c3ccccc3Cl)CC2)C1=O)C(C)C,6.1713
CCCCNCCN1CN(c2ccccc2)C2(CCN(C(c3ccccc3Cl)c3ccccc3Cl)CC2)C1=O,6.7825
CC(C)CNCCN1CN(c2ccccc2)C2(CCN(C(c3ccccc3Cl)c3ccccc3Cl)CC2)C1=O,6.6234
O=C1N(CCNCC2CCCCC2)CN(c2ccccc2)C12CCN(C(c1ccccc1Cl)c1ccccc1Cl)CC2,6.5670
O=C1N(CCN2CCCC2)CN(c2ccccc2)C12CCN(C(c1ccccc1Cl)c1ccccc1Cl)CC2,6.5952
O=C1N(CCCN2CCCC2)CN(c2ccccc2)C12CCN(C(c1ccccc1Cl)c1ccccc1Cl)CC2,7.1938
O=C1N(CCN2CCCCC2)CN(c2ccccc2)C12CCN(C(c1ccccc1Cl)c1ccccc1Cl)CC2,6.5544
CNCCN1CN(c2ccccc2)C2(CCN(Cc3c(Cl)cccc3Cl)CC2)C1=O,7.1675
CCNCCN1CN(c2ccccc2)C2(CCN(Cc3c(Cl)cccc3Cl)CC2)C1=O,7.2676
CC(C)NCCN1CN(c2ccccc2)C2(CCN(Cc3c(Cl)cccc3Cl)CC2)C1=O,7.3979
O=C1N(CCNCC2CC2)CN(c2ccccc2)C12CCN(Cc1c(Cl)cccc1Cl)CC2,7.6021
O=C1N(CCNC2CCC2)CN(c2ccccc2)C12CCN(Cc1c(Cl)cccc1Cl)CC2,7.5376
CCCNCCN1CN(c2ccccc2)C2(CCN(Cc3c(Cl)cccc3Cl)CC2)C1=O,7.8861
CC(C)CNCCN1CN(c2ccccc2)C2(CCN(Cc3c(Cl)cccc3Cl)CC2)C1=O,8.0969
CCCCNCCN1CN(c2ccccc2)C2(CCN(Cc3c(Cl)cccc3Cl)CC2)C1=O,8.0000
CCN(CC)CCN1CN(c2ccccc2)C2(CCN(Cc3c(Cl)cccc3Cl)CC2)C1=O,7.2518
O=C1N(CCN2CCCC2)CN(c2ccccc2)C12CCN(Cc1c(Cl)cccc1Cl)CC2,7.8239
CCCN1CN(c2ccccc2)C2(CCN(C3CCC(C)(C)c4ccccc43)CC2)C1=O,5.8564
CC(=O)CN1CN(c2ccccc2)C2(CCN(C3CCC(C)(C)c4ccccc43)CC2)C1=O,7.2518
CC1(C)CCC(N2CCC3(CC2)C(=O)N(CCO)CN3c2ccccc2)c2ccccc21,6.1838
CNCCN1CN(c2ccccc2)C2(CCN(C3CCC(C)(C)c4ccccc43)CC2)C1=O,7.3188
CCNCCN1CN(c2ccccc2)C2(CCN(C3CCC(C)(C)c4ccccc43)CC2)C1=O,7.4089
CC(C)NCCN1CN(c2ccccc2)C2(CCN(C3CCC(C)(C)c4ccccc43)CC2)C1=O,7.1675
CC1(C)CCC(N2CCC3(CC2)C(=O)N(CCNC2CCCC2)CN3c2ccccc2)c2ccccc21,7.3098
CC1(C)CCC(N2CCC3(CC2)C(=O)N(CCNC2CCCCC2)CN3c2ccccc2)c2ccccc21,7.4815
CCCNCCN1CN(c2ccccc2)C2(CCN(C3CCC(C)(C)c4ccccc43)CC2)C1=O,7.3468
C=CCNCCN1CN(c2ccccc2)C2(CCN(C3CCC(C)(C)c4ccccc43)CC2)C1=O,6.6819
CC1(C)CCC(N2CCC3(CC2)C(=O)N(CCNC2CCC2)CN3c2ccccc2)c2ccccc21,7.3468
CC1(C)CCC(N2CCC3(CC2)C(=O)N(CCNCC2CC2)CN3c2ccccc2)c2ccccc21,6.7595
CC(C)CNCCN1CN(c2ccccc2)C2(CCN(C3CCC(C)(C)c4ccccc43)CC2)C1=O,7.1871
CC(C)N(CCN1CN(c2ccccc2)C2(CCN(C3CCC(C)(C)c4ccccc43)CC2)C1=O)C(C)C,7.0655
CC1(C)CCC(N2CCC3(CC2)C(=O)N(CCN2CCCC2)CN3c2ccccc2)c2ccccc21,6.7721
CCCCNCCN1CN(c2ccccc2)C2(CCN(C3CCC(C)(C)c4ccccc43)CC2)C1=O,6.8601
CC(C)CCNCCN1CN(c2ccccc2)C2(CCN(C3CCC(C)(C)c4ccccc43)CC2)C1=O,7.0862
CC1(C)CCC(N2CCC3(CC2)C(=O)N(CCNCC2CCCCC2)CN3c2ccccc2)c2ccccc21,7.5850
CC1(C)CCC(N2CCC3(CC2)C(=O)N(CCNCc2ccccc2)CN3c2ccccc2)c2ccccc21,6.8210
CCCCNCCN1CN(c2ccccc2)C2(CCN(C3CCCc4ccc(Cl)cc43)CC2)C1=O,7.9586
CCCCNCCN1CN(c2ccccc2)C2(CCN(C3CCCc4c(Cl)cccc43)CC2)C1=O,7.8539
CCCCNCCN1CN(c2ccccc2)C2(CCN(C3CCC(C)(C)c4cc(Cl)ccc43)CC2)C1=O,7.6021
CCCCNCCN1CN(c2ccccc2)C2(CCN(C3CCC(C)(C)c4cc(Cl)c(Cl)cc43)CC2)C1=O,6.8013
O=C(/C=C/c1ccccc1)N[C@@H]1CC[C@@]2(OC(=O)Cc3ccccc3)[C@H]3Cc4ccc(O)c5c4[C@@]2(CCN3CC2CC2)[C@H]1O5,9.4474
O=C(/C=C/c1ccccc1)N[C@@H]1CC[C@@]2(OC(=O)c3ccccc3)[C@H]3Cc4ccc(O)c5c4[C@@]2(CCN3CC2CC2)[C@H]1O5,8.4837
CC(=O)O[C@@]12CC[C@@H](NC(=O)/C=C/c3ccccc3)[C@@H]3Oc4c(O)ccc5c4[C@@]31CCN(CC1CC1)[C@@H]2C5,8.9245
C=CCO[C@@]12CC[C@@H](NC(=O)/C=C/c3ccccc3)[C@@H]3Oc4c(O)ccc5c4[C@@]31CCN(CC1CC1)[C@@H]2C5,10.0116
O=C(/C=C/c1ccccc1)N[C@@H]1CC[C@@]2(OCc3ccccc3)[C@H]3Cc4ccc(O)c5c4[C@@]2(CCN3CC2CC2)[C@H]1O5,9.0867
COc1ccccc1/C=C/C(=O)N[C@@H]1CC[C@@]2(O)[C@H]3Cc4ccc(O)c5c4[C@@]2(CCN3CC2CC2)[C@H]1O5,9.2454
O=C(/C=C/c1ccccc1Cl)N[C@@H]1CC[C@@]2(O)[C@H]3Cc4ccc(O)c5c4[C@@]2(CCN3CC2CC2)[C@H]1O5,9.4833
O=C(/C=C/c1cccc([N+](=O)[O-])c1)N[C@@H]1CC[C@@]2(O)[C@H]3Cc4ccc(O)c5c4[C@@]2(CCN3CC2CC2)[C@H]1O5,9.6823
O=C(/C=C/c1ccccc1[N+](=O)[O-])N[C@@H]1CC[C@@]2(O)[C@H]3Cc4ccc(O)c5c4[C@@]2(CCN3CC2CC2)[C@H]1O5,9.1221
O=C(/C=C/c1ccccc1)N[C@@H]1CC[C@@]2(O)[C@H]3Cc4ccc(O)c5c4[C@@]2(CCN3CC2CC2)[C@H]1O5,10.1437
COc1ccc2c3c1O[C@H]1C(=O)CC[C@@]4(OC(=O)/C=C/c5ccccc5)[C@@H](C2)N(CC2CC2)CC[C@]314,7.9758
COc1ccc2c3c1O[C@H]1C(=O)CC[C@@]4(OC(=O)/C=C/c5ccc(C)cc5)[C@@H](C2)N(CC2CC2)CC[C@]314,7.1239
COc1ccc2c3c1O[C@H]1C(=O)CC[C@@]4(OC(=O)/C=C/c5ccc(Cl)cc5)[C@@H](C2)N(CC2CC2)CC[C@]314,7.2840
COCCNC1c2ccccc2CCC1c1ccsc1,5.6558
COCCN[C@@H]1c2ccccc2CC[C@H]1c1ccsc1,6.1506
COCCN(C(=O)Cc1ccc(Cl)cc1)C1c2ccccc2C=CC1N1CCN(c2ccccc2)CC1,5.0973
COCCN(C(=O)c1sccc1Cl)C1c2ccccc2C=CC1N1CCN(c2ccccc2)CC1,5.1465
COCCN(C(=O)c1sccc1Cl)[C@@H]1c2ccccc2C=C[C@H]1N1CCN(c2ccccc2)CC1,5.8781
COCCN(C(=O)COc1ccc(Cl)cc1)C1c2cc(OC)c(OC)cc2CCC1N(C)C,6.8097
COCCN(C(=O)c1ccc(Cl)c(Cl)c1)C1c2cc(OC)c(OC)cc2CCC1N(C)C,5.2217
COCCN(C(=O)Cc1ccc(Cl)cc1)C1c2cc(OC)c(OC)cc2CCC1N(C)C,6.0353
COCCN(C(=O)Cc1ccccc1Br)C1c2cc(OC)c(OC)cc2CCC1N(C)C,5.9978
Cc1ncc(-c2c(C)c(CN[C@H]3CC[C@@H](F)C3)nn2-c2ncccc2Cl)cc1F,6.2757
O=C1N[C@@H](Cc2ccccc2)C(=O)N2CCC[C@@H]2C(=O)N[C@@H](Cc2ccccc2)C(=O)N[C@H]1Cc1c[nH]c2ccccc12,7.4114
O=C1N[C@H](Cc2c[nH]c3ccccc23)C(=O)N[C@@H](Cc2ccccc2)C(=O)N2CCC[C@@H]2C(=O)N[C@H]1Cc1ccccc1,7.6370
O=C1N[C@H](Cc2c[nH]c3ccccc23)C(=O)N[C@@H](Cc2ccc(O)cc2)C(=O)N2CCC[C@@H]2C(=O)N[C@H]1Cc1ccccc1,6.6576
O=C1N[C@H](Cc2c[nH]c3ccccc23)C(=O)N[C@@H](Cc2ccccc2)C(=O)N2CCC[C@@H]2C(=O)N[C@H]1Cc1ccc(O)cc1,6.8539
O=C1N[C@H](Cc2c[nH]c3ccccc23)C(=O)N[C@@H](Cc2cccc(O)c2)C(=O)N2CCC[C@@H]2C(=O)N[C@H]1Cc1ccccc1,7.1079
O=C1N[C@H](Cc2c[nH]c3ccccc23)C(=O)N[C@@H](Cc2ccccc2)C(=O)N2CCC[C@@H]2C(=O)N[C@H]1Cc1cccc(O)c1,7.6990
COc1ccc(C[C@@H]2NC(=O)[C@@H](Cc3c[nH]c4ccccc34)NC(=O)[C@H](Cc3ccccc3)NC(=O)[C@H]3CCCN3C2=O)cc1,7.1805
COc1ccc(C[C@@H]2NC(=O)[C@H]3CCCN3C(=O)[C@H](Cc3ccccc3)NC(=O)[C@@H](Cc3c[nH]c4ccccc34)NC2=O)cc1,7.8539
O=C1N[C@H](Cc2c[nH]c3ccccc23)C(=O)N[C@@H](Cc2ccc(F)cc2)C(=O)N2CCC[C@@H]2C(=O)N[C@H]1Cc1ccccc1,7.5528
O=C1N[C@H](Cc2c[nH]c3ccccc23)C(=O)N[C@@H](Cc2ccccc2)C(=O)N2CCC[C@@H]2C(=O)N[C@H]1Cc1ccc(F)cc1,7.6778
C[C@@H]1NC(=O)[C@H]2CCCN2C(=O)[C@H](Cc2ccccc2)NC(=O)[C@@H](Cc2c[nH]c3ccccc23)NC1=O,6.1436
C[C@@H]1NC(=O)[C@@H](Cc2c[nH]c3ccccc23)NC(=O)[C@H](Cc2ccccc2)NC(=O)[C@H]2CCCN2C1=O,8.3010
O=C1N[C@H](Cc2c[nH]c3ccccc23)C(=O)NCC(=O)N2CCC[C@@H]2C(=O)N[C@H]1Cc1ccccc1,6.5686
CSCC[C@H](NC(=O)CNC(=O)[C@@H](NC(=O)CNC(=O)[C@@H](NC(=O)[C@H](NC(=O)[C@H](CC(N)=O)NC(=O)[C@H](CCCNC(=N)N)NC(=O)[C@H](Cc1ccccc1)NC(=O)[C@@H](N)CO)C(C)(C)C)C(C)C)[C@@H](C)O)C(=O)N[C@@H](CCCCN)C(=O)N[C@@H](CCCCN)C(=O)N[C@H](C(=O)N[C@@H](CO)C(=O)N[C@@H](Cc1ccccc1)C(=O)N[C@@H](CCC(N)=O)C(=O)N[C@@H](CCCNC(=N)N)C(=O)N[C@@H](C)C(=O)N[C@@H](CCCCN)C(=O)N[C@@H](CO)C(=O)O)[C@@H](C)O,8.6300
CCN1CCN(c2cc3[nH]c(C(=O)[C@]4(C)CC[C@@](C)(O)CC4)nc3cc2Cl)CC1,5.8539
CCN1CCN(c2cc3[nH]c(S[C@]4(C)CC[C@@H](N(C)C(C)=O)CC4)nc3cc2Cl)CC1,6.7959
Cl.O=c1n(C[C@@H](O)CO)c2ccccc2n1C1CCN(C[C@H]2[C@H]3CC[C@H](C3)C23CC3)CC1,5.0000
Cl.O=c1n(C[C@H](O)CO)c2ccccc2n1C1CCN(C[C@H]2[C@H]3CC[C@H](C3)C23CC3)CC1,5.1675
Cl.O=c1n(C(CO)CO)c2ccccc2n1C1CCN(C[C@H]2[C@H]3CC[C@H](C3)C23CC3)CC1,4.9586
Clc1ccccc1C(c1ccccc1Cl)N1[C@@H]2CC[C@H]1C[C@@H](c1ccccn1)C2,6.2857
CCNC(=O)c1ccc(C2=CC3(CCNCC3)Oc3ccccc32)cc1,6.0969
NC(=O)c1ccc(C2=CC3(CCNCC3)Oc3ccccc32)cc1,6.2518
CNC(=O)c1ccc(C2=CC3(CCNCC3)Oc3ccccc32)cc1,5.7959
O=C(c1ccc(C2=CC3(CCNCC3)Oc3ccccc32)cc1)N1Cc2ccccc2C1,6.0506
CCN(CC)C(=O)c1ccc(C2=CC3(CCNCC3)Oc3ccccc32)c(C)c1,6.4089
Cc1c(CN[C@H]2CC[C@@H](F)C2)nn(CCC#N)c1-c1cc(F)cc(F)c1,5.0088
COc1ccc2c(c1O)[C@]13CCN(C)[C@H](C2)[C@]1(O)Cc1c([nH]c2ccccc12)C3,5.5003
COc1ccc2c(c1)[C@]13CCN(C)C[C@@]1(C2)Cc1c([nH]c2ccccc12)C3,5.2907
COc1ccc2c(c1)[C@]13CCN(C)C[C@@]1(C2)Cc1c(n(C)c2ccccc12)C3,5.4191
COc1ccc2c(c1)[C@]13CCN(CC4CC4)C[C@@]1(C2)Cc1c([nH]c2ccccc12)C3,5.5935
CN1CC[C@]23Cc4[nH]c5ccccc5c4C[C@]2(Cc2ccc(O)cc23)C1,5.9245
CN1CC[C@]23Cc4c(c5ccccc5n4C)C[C@]2(Cc2ccc(O)cc23)C1,6.5788
Oc1ccc2c(c1)[C@]13CCN(CC4CC4)C[C@@]1(C2)Cc1c([nH]c2ccccc12)C3,6.6629
Cn1c2c(c3ccccc31)C[C@@]13Cc4ccc(O)cc4[C@@]1(CCN(CC1CC1)C3)C2,5.8182
O=C(O[C@@H]1CC[C@@]2(O)[C@H]3Cc4ccc(O)c5c4[C@@]2(CCN3CC2CC2)[C@H]1O5)N(c1ccccc1)c1ccccc1,7.8327
CN(C)C(=O)O[C@@H]1CC[C@@]2(O)[C@H]3Cc4ccc(O)c5c4[C@@]2(CCN3CC2CC2)[C@H]1O5,7.5498
Cc1ccc(S(=O)(=O)O[C@@H]2CC[C@@]3(O)[C@H]4Cc5ccc(O)c6c5[C@@]3(CCN4CC3CC3)[C@H]2O6)cc1,8.7799
CS(=O)(=O)O[C@@H]1CC[C@@]2(O)[C@H]3Cc4ccc(O)c5c4[C@@]2(CCN3CC2CC2)[C@H]1O5,8.1707
Cl.Oc1ccc2c3c1O[C@H]1[C@H](O)CC[C@@]4(O)[C@@H](C2)N(CC2CC2)CC[C@]314,8.1296
CO[C@]12C=C[C@@]3(C[C@@H]1[C@@](C)(O)CCc1ccccc1)[C@H]1Cc4ccc(O)c5c4[C@@]3(CCN1C)[C@H]2O5,9.9208
NC(=O)[C@@H]1CSCSC[C@@H](NC(=O)[C@@H](N)Cc2ccc(O)cc2)C(=O)N[C@@H](Cc2ccccc2)C(=O)N[C@@H](Cc2ccc3ccccc3c2)C(=O)N1,8.4034
NC(=O)[C@@H]1CSSC[C@@H](NC(=O)[C@@H](N)Cc2ccc(O)cc2)C(=O)N[C@@H](Cc2ccccc2)C(=O)N[C@@H](Cc2ccc3ccccc3c2)C(=O)N1,8.2291
NC(=O)[C@@H]1CSCSC[C@@H](NC(=O)[C@@H](N)Cc2ccc(O)cc2)C(=O)N[C@@H](Cc2ccccc2)C(=O)N[C@@H](Cc2cccc3ccccc23)C(=O)N1,8.2218
NC(=O)[C@@H]1CSSC[C@@H](NC(=O)[C@@H](N)Cc2ccc(O)cc2)C(=O)N[C@@H](Cc2ccccc2)C(=O)N[C@@H](Cc2cccc3ccccc23)C(=O)N1,7.9586
NC(=O)[C@@H]1CSCSC[C@@H](NC(=O)[C@@H](N)Cc2ccc(O)cc2)C(=O)N[C@@H](Cc2ccc3ccccc3c2)C(=O)N[C@@H](Cc2ccccc2)C(=O)N1,7.1612
NC(=O)[C@@H]1CSSC[C@@H](NC(=O)[C@@H](N)Cc2ccc(O)cc2)C(=O)N[C@@H](Cc2ccc3ccccc3c2)C(=O)N[C@@H](Cc2ccccc2)C(=O)N1,6.8386
NC(=O)[C@@H]1CSCSC[C@@H](NC(=O)[C@@H](N)Cc2ccc(O)cc2)C(=O)N[C@@H](Cc2cccc3ccccc23)C(=O)N[C@@H](Cc2ccccc2)C(=O)N1,8.2366
NC(=O)[C@@H]1CSSC[C@@H](NC(=O)[C@@H](N)Cc2ccc(O)cc2)C(=O)N[C@@H](Cc2cccc3ccccc23)C(=O)N[C@@H](Cc2ccccc2)C(=O)N1,7.6778
NC(=O)[C@@H]1CSCSC[C@@H](NC(=O)[C@@H](N)Cc2ccc(O)cc2)C(=O)N[C@@H](Cc2ccccc2)C(=O)N[C@@H](Cc2ccccc2)C(=O)N1,8.6021
FCCCC1OC2(CCN(Cc3ccccc3)CC2)c2ccccc21,6.4488
CC[C@]12CCN(C[C@H](O)c3ccccc3)C[C@H]1Oc1ccc(O)cc12,5.0223
CC[C@]12CCN(C[C@@H](O)c3ccccc3)C[C@H]1Oc1ccc(O)cc12,5.2314
CC[C@]12CCN(CCc3ccccc3)C[C@H]1Oc1ccc(O)cc12,5.6336
CC[C@@]12CCN(C[C@H](O)c3ccccc3)C[C@@H]1Oc1ccc(O)cc12,5.9626
CC[C@@]12CCN(C[C@@H](O)c3ccccc3)C[C@@H]1Oc1ccc(O)cc12,6.3840
CC[C@@]12CCN(CCc3ccccc3)C[C@@H]1Oc1ccc(O)cc12,7.0555
CC[C@@]12CCN(C)C[C@@H]1Oc1ccc(O)cc12,6.3468
O=C(O)CCCCCCCCC(=O)Oc1ccc2c(c1)[C@@]13CCCC[C@H]1[C@@H](C2)N(CC1CCC1)CC3,9.0452
CC(CCCCCCC(C)C(=O)Oc1ccc2c(c1)[C@@]13CCCC[C@H]1[C@@H](C2)N(CC1CCC1)CC3)C(=O)O,8.8433
COC(=O)C(C)CCCCCCC(C)C(=O)Oc1ccc2c(c1)[C@@]13CCCC[C@H]1[C@@H](C2)N(CC1CCC1)CC3,9.0269
CC(C)(CCCCCCC(C)(C)C(=O)Oc1ccc2c(c1)[C@@]13CCCC[C@H]1[C@@H](C2)N(CC1CCC1)CC3)C(=O)O,7.7447
CC(C)(CCCCCCC(C)(C)C(=O)Oc1ccc2c(c1)[C@@]13CCCC[C@H]1[C@@H](C2)N(CC1CCC1)CC3)C(=O)OCc1ccccc1,8.3279
CC(CCCCCCC(C)C(=O)Oc1ccc2c(c1)[C@@]13CCCC[C@H]1[C@@H](C2)N(CC1CCC1)CC3)C(=O)Oc1ccc2c(c1)[C@@]13CCCC[C@H]1[C@@H](C2)N(CC1CCC1)CC3,8.6721
CC(C)(CCCCCCC(C)(C)C(=O)Oc1ccc2c(c1)[C@@]13CCCC[C@H]1[C@@H](C2)N(CC1CCC1)CC3)C(=O)Oc1ccc2c(c1)[C@@]13CCCC[C@H]1[C@@H](C2)N(CC1CCC1)CC3,8.7609
CC(CCCCC(C)C(=O)Oc1ccc2c(c1)[C@@]13CCCC[C@H]1[C@@H](C2)N(CC1CCC1)CC3)C(=O)Oc1ccc2c(c1)[C@@]13CCCC[C@H]1[C@@H](C2)N(CC1CCC1)CC3,8.6576
C=CCN1CC[C@]23c4c5ccc(OC(=O)CCCCCCCCC(=O)Oc6ccc7c(c6)[C@@]68CCCC[C@H]6C(C7)N(CC6CCC6)CC8)c4O[C@H]2CCC[C@H]3[C@H]1C5,9.3410
C=CCN1CC[C@]23c4c5ccc(OC(=O)C(C)CCCCCCC(C)C(=O)Oc6ccc7c(c6)[C@@]68CCCC[C@H]6C(C7)N(CC6CCC6)CC8)c4O[C@H]2CCC[C@H]3C1C5,8.4685
O=C(C#Cc1ccccc1)N[C@@]12CCC(=O)[C@@H]3Oc4c(O)ccc5c4[C@@]31CCN(CC1CC1)[C@@H]2C5,9.2368
O=C(C#Cc1ccc(Cl)cc1)N[C@@]12CCC(=O)[C@@H]3Oc4c(O)ccc5c4[C@@]31CCN(CC1CC1)[C@@H]2C5,8.5638
O=C1CC[C@@]2(NCC#Cc3ccc(Cl)cc3)[C@H]3Cc4ccc(O)c5c4[C@@]2(CCN3CC2CC2)[C@H]1O5,8.5391
COc1ccc2c3c1O[C@H]1C(=O)CC[C@@]4(NC(=O)C#Cc5ccccc5)[C@@H](C2)N(CC2CC2)CC[C@]314,8.3011
COc1ccc2c3c1O[C@H]1C(=O)CC[C@@]4(NC(=O)C#Cc5ccc(Cl)cc5)[C@@H](C2)N(CC2CC2)CC[C@]314,7.7811
COc1ccc2c3c1O[C@H]1C(=O)CC[C@@]4(NC/C=C/c5ccc(Cl)cc5)[C@@H](C2)N(CC2CC2)CC[C@]314,7.2708
COc1ccc2c3c1O[C@H]1C(=O)CC[C@@]4(NCC#Cc5ccc(Cl)cc5)[C@@H](C2)N(CC2CC2)CC[C@]314,7.1284
CCN(CC)C(=O)c1ccc(N(c2ccc(C(N)=O)cc2)C2CCN(Cc3ccccc3)CC2)cc1,5.2093
CCN(CC)C(=O)c1ccc(N(c2cccc(NS(C)(=O)=O)c2)C2CCN(Cc3ccccc3)CC2)cc1,5.4490
CCN(CC)C(=O)c1ccc(N(c2cccc(NC(=O)OC)c2)C2CCN(Cc3ccccc3)CC2)cc1,6.2396
CCN(CC)C(=O)c1ccc(N(c2cccc(N)c2)C2CCN(Cc3ccccc3)CC2)cc1,5.3717
CCN(CC)C(=O)c1ccc(N(c2cccc(C(N)=O)c2)C2CCN(Cc3ccccc3)CC2)cc1,6.1397
CCN(CC)C(=O)c1ccc(N(c2cccc(C(=O)OC)c2)C2CCN(Cc3ccccc3)CC2)cc1,5.2563
CCN(CC)C(=O)c1ccc(N(c2cccc(CN(C)C)c2)C2CCN(Cc3ccccc3)CC2)cc1,5.7577
CCN(CC)C(=O)c1ccc(N(c2cccc(CO)c2)C2CCN(Cc3ccccc3)CC2)cc1,5.1761
CCN(CC)C(=O)c1ccc(N(c2cccc(CN)c2)C2CCN(Cc3ccccc3)CC2)cc1,5.5334
CCN(CC)C(=O)c1ccc(N(c2cccc(C(C)=O)c2)C2CCN(Cc3ccccc3)CC2)cc1,5.3428
CCN(CC)C(=O)c1ccc(N(c2cccc(C(C)O)c2)C2CCN(Cc3ccccc3)CC2)cc1,5.3240
CCN(CC)C(=O)c1ccc(N(c2cccc(C=O)c2)C2CCN(Cc3ccccc3)CC2)cc1,5.3191
CCN(CC)C(=O)c1ccc(N(c2cccc(O)c2)C2CCN(Cc3ccccc3)CC2)cc1,6.1284
Ic1ccc(CNc2ccc3c(c2)[C@@]24CCCC[C@H]2[C@@H](C3)N(CC2CC2)CC4)cc1,9.1024
Ic1ccc(CNc2ccc3c(c2)[C@@]24CCCC[C@H]2[C@@H](C3)N(CC2CCC2)CC4)cc1,8.2366
COc1ccc(CNc2ccc3c(c2)[C@@]24CCCC[C@H]2[C@@H](C3)N(CC2CC2)CC4)cc1,9.2924
COc1ccc(CN(Cc2ccc(OC)cc2)c2ccc3c(c2)[C@@]24CCCC[C@H]2[C@@H](C3)N(CC2CC2)CC4)cc1,8.4089
Ic1ccc(CN(Cc2ccc(I)cc2)c2ccc3c(c2)[C@@]24CCCC[C@H]2[C@@H](C3)N(CC2CCC2)CC4)cc1,7.7959
c1ccc(CNc2ccc3c(c2)[C@@]24CCCC[C@H]2[C@@H](C3)N(CC2CC2)CC4)cc1,9.4685
COc1ccc(Nc2ccc3c(c2)[C@@]24CCCC[C@H]2[C@@H](C3)N(CC2CC2)CC4)cc1,10.5229
c1ccc(Nc2ccc3c(c2)[C@@]24CCCC[C@H]2[C@@H](C3)N(CC2CC2)CC4)cc1,10.3279
c1ccc(CNc2ccc3c(c2)[C@@]24CCCC[C@H]2[C@@H](C3)N(CC2CCC2)CC4)cc1,8.5528
COc1ccc(Nc2ccc3c(c2)[C@@]24CCCC[C@H]2[C@@H](C3)N(CC2CCC2)CC4)cc1,9.2291
c1ccc(Nc2ccc3c(c2)[C@@]24CCCC[C@H]2[C@@H](C3)N(CC2CCC2)CC4)cc1,8.8239
CN1CC[C@]23CCCC[C@H]2[C@H]1Cc1ccc(OC(=O)Nc2ccc(I)cc2)cc13,8.2840
O=C(Nc1ccc(I)cc1)Oc1ccc2c(c1)[C@@]13CCCC[C@H]1[C@@H](C2)N(CC1CC1)CC3,9.2218
O=C(Nc1ccc(I)cc1)Oc1ccc2c(c1)[C@@]13CCCC[C@H]1[C@@H](C2)N(CC1CCC1)CC3,9.0044
CN1CC[C@]23CCCC[C@H]2[C@H]1Cc1ccc(NC(=O)Nc2ccccc2)cc13,6.4685
O=C(Nc1ccccc1)Nc1ccc2c(c1)[C@@]13CCCC[C@H]1[C@@H](C2)N(CC1CC1)CC3,8.7959
CN1CC[C@]23CCCC[C@H]2[C@H]1Cc1ccc(NC(=O)Nc2ccc(I)cc2)cc13,6.5528
O=C(Nc1ccc(I)cc1)Nc1ccc2c(c1)[C@@]13CCCC[C@H]1[C@@H](C2)N(CC1CC1)CC3,7.9208
O=C(Nc1ccc(I)cc1)Nc1ccc2c(c1)[C@@]13CCCC[C@H]1[C@@H](C2)N(CC1CCC1)CC3,7.5528
CN1CC[C@]23CCCC[C@H]2[C@H]1Cc1cc(CO)c(O)cc13,7.3979
OCc1cc2c(cc1O)[C@@]13CCCC[C@H]1[C@@H](C2)N(CC1CCC1)CC3,7.0655
CN1CC[C@]23CCCC[C@H]2[C@H]1Cc1cc(CNCc2ccccc2)c(O)cc13,6.4202
CN1CC[C@]23CCCC[C@H]2[C@H]1Cc1cc2c(cc13)OCN(Cc1ccccc1)C2,6.5086
O/N=C\c1cc2c(cc1O)[C@@]13CCCC[C@H]1[C@@H](C2)N(CC1CCC1)CC3,9.2076
NCc1cc2c(cc1O)[C@@]13CCCC[C@H]1[C@@H](C2)N(CC1CCC1)CC3,6.8539
CCCNCc1cc2c(cc1O)[C@@]13CCCC[C@H]1[C@@H](C2)N(CC1CCC1)CC3,6.4559
Oc1cc2c(cc1CNCCCCNCc1cc3c(cc1O)[C@@]14CCCC[C@H]1[C@@H](C3)N(CC1CCC1)CC4)C[C@@H]1[C@@H]3CCCC[C@]23CCN1CC1CCC1,8.3098
Oc1cc2c(cc1CNCCCCCCNCc1cc3c(cc1O)[C@@]14CCCC[C@H]1[C@@H](C3)N(CC1CCC1)CC4)C[C@@H]1[C@@H]3CCCC[C@]23CCN1CC1CCC1,7.4318
Oc1cc2c(cc1CNCCCCCCCCNCc1cc3c(cc1O)[C@@]14CCCC[C@H]1[C@@H](C3)N(CC1CCC1)CC4)C[C@@H]1[C@@H]3CCCC[C@]23CCN1CC1CCC1,7.3979
CCN(CCCCN(CC)Cc1cc2c(cc1O)[C@@]13CCCC[C@H]1[C@@H](C2)N(CC1CCC1)CC3)Cc1cc2c(cc1O)[C@@]13CCCC[C@H]1[C@@H](C2)N(CC1CCC1)CC3,7.3565
CCN(CCCCCCN(CC)Cc1cc2c(cc1O)[C@@]13CCCC[C@H]1[C@@H](C2)N(CC1CCC1)CC3)Cc1cc2c(cc1O)[C@@]13CCCC[C@H]1[C@@H](C2)N(CC1CCC1)CC3,7.2676
CCC(O)c1cc2c(cc1O)[C@@]13CCCC[C@H]1[C@@H](C2)N(CC1CCC1)CC3,7.1427
Oc1cc2c(cc1C(O)CCCCC(O)c1cc3c(cc1O)[C@@]14CCCC[C@H]1[C@@H](C3)N(CC1CCC1)CC4)C[C@@H]1[C@@H]3CCCC[C@]23CCN1CC1CCC1,7.1739
Oc1cc2c(cc1C(O)CCCCCCCCCCC(O)c1cc3c(cc1O)[C@@]14CCCC[C@H]1[C@@H](C3)N(CC1CCC1)CC4)C[C@@H]1[C@@H]3CCCC[C@]23CCN1CC1CCC1,7.5086
CCCCC(O)c1cc2c(cc1O)[C@@]13CCCC[C@H]1[C@@H](C2)N(CC1CCC1)CC3,7.8861
CCCCCCCCCC(O)c1cc2c(cc1O)[C@@]13CCCC[C@H]1[C@@H](C2)N(CC1CCC1)CC3,7.5850
OCCCCCCCCCCC(O)c1cc2c(cc1O)[C@@]13CCCC[C@H]1[C@@H](C2)N(CC1CCC1)CC3,7.5850
O=C(CCCCC(=O)NCc1cc2c(cc1O)[C@@]13CCCC[C@H]1[C@@H](C2)N(CC1CCC1)CC3)NCc1cc2c(cc1O)[C@@]13CCCC[C@H]1[C@@H](C2)N(CC1CCC1)CC3,7.5229
Oc1cccc2c1O[C@H]1CCC[C@H]3CN(CC4CC4)CC[C@@]231,8.5686
Oc1cccc2c1O[C@H]1CCC[C@H]3CN(CCc4ccccc4)CC[C@@]231,6.8652
CN1CC[C@]23c4cccc(O)c4O[C@H]2CCC[C@H]3C1,6.5075
COc1cccc2c1O[C@H]1CCC[C@H]3CN(CC4CC4)CC[C@@]231,7.3872
COc1cccc2c1O[C@H]1CCC[C@@H]3CN(C)CC[C@@]231,5.9904
COc1cccc2c1O[C@H]1CCC[C@H]3CN(CCc4ccccc4)CC[C@@]231,5.8380
COc1cccc2c1O[C@H]1CCC[C@H]3CN(C)CC[C@@]231,5.3003
CCN(CC)C(=O)c1ccc(N(c2cccc(O)c2)C2CCN(CCc3ccccn3)CC2)cc1,5.6897
CCN(CC)C(=O)c1ccc(N(c2cccc(O)c2)C2CCN(CCc3ncc[nH]3)CC2)cc1,5.9248
CCN(CC)C(=O)c1ccc(N(c2cccc(O)c2)C2CCN(CCc3cccs3)CC2)cc1,6.3439
CCN(CC)C(=O)c1ccc(N(c2cccc(O)c2)C2CCN(CCc3ccco3)CC2)cc1,6.5800
CCN(CC)C(=O)c1ccc(N(c2cccc(O)c2)C2CCN(CCc3ccsc3)CC2)cc1,6.3054
CCN(CC)C(=O)c1ccc(N(c2cccc(O)c2)C2CCN(CCc3ccoc3)CC2)cc1,6.9172
CCN(CC)C(=O)c1ccc(N(c2cccc(O)c2)C2CCN(CCc3cccc(F)c3)CC2)cc1,5.8671
CCN(CC)C(=O)c1ccc(N(c2cccc(O)c2)C2CCN(CCc3ccccc3F)CC2)cc1,6.0146
CCN(CC)C(=O)c1ccc(N(c2cccc(O)c2)C2CCN(CCc3ccc(C)cc3)CC2)cc1,6.1391
CCN(CC)C(=O)c1ccc(N(c2cccc(O)c2)C2CCN(CC(C)c3ccccc3)CC2)cc1,5.6594
CCN(CC)C(=O)c1ccc(N(c2cccc(O)c2)C2CCN(CCc3ccccc3)CC2)cc1,6.1284
CCN(CC)C(=O)c1ccc(N(c2cccc(O)c2)C2CCN(CCC3CC3)CC2)cc1,6.2941
CCN(CC)C(=O)c1ccc(N(c2cccc(O)c2)C2CCN(CCC3CCCCC3)CC2)cc1,6.1391
C=CCCN1CCC(N(c2ccc(C(=O)N(CC)CC)cc2)c2cccc(O)c2)CC1,7.0088
CCN(CC)C(=O)c1ccc(N(c2cccc(O)c2)C2CCN(C)CC2)cc1,6.0453
CCN(CC)C(=O)c1ccc(N(c2cccc(OC)c2)C2CCN(CCc3ccoc3)CC2)cc1,5.3023
CCN(CC)C(=O)c1ccc(N(c2cccc(OC)c2)C2CCN(CCc3ccco3)CC2)cc1,5.1499
CCN(CC)C(=O)c1ccc(N(c2cccc(OC)c2)C2CCN(CCc3cccs3)CC2)cc1,5.1935
CCN(CC)C(=O)c1ccc(N(c2cccc(OC)c2)C2CCN(CCc3ccsc3)CC2)cc1,5.5936
CCN(CC)C(=O)c1ccc(N(c2cccc(OC)c2)C2CCN(CCc3ccccc3)CC2)cc1,5.4430
CCN(CC)C(=O)c1ccc(N(c2cccc(O)c2)C2CCN(CCc3c[nH]cn3)CC2)cc1,5.8383
CCN(CC)C(=O)c1ccc(N(c2cccc(O)c2)C2CCN(CCc3ccncc3)CC2)cc1,5.3403
CCN(CC)C(=O)c1ccc(N(c2cccc(O)c2)C2CCN(CCc3nccn3C)CC2)cc1,5.3377
Cc1ccc(C(=O)N[C@@H]2CC[C@@]3(O)[C@H]4Cc5ccc(O)c6c5[C@@]3(CCN4CC3CC3)[C@H]2O6)cc1.O=C(O)C(=O)O,9.9586
O=C(N[C@@H]1CC[C@@]2(O)[C@H]3Cc4ccc(O)c5c4[C@@]2(CCN3CC2CC2)[C@H]1O5)c1ccc(C(F)(F)F)cc1.O=C(O)C(=O)O,9.1959
O=C(N[C@@H]1CC[C@@]2(O)[C@H]3Cc4ccc(O)c5c4[C@@]2(CCN3CC2CC2)[C@H]1O5)c1ccc(Br)cc1.O=C(O)C(=O)O,10.0000
O=C(N[C@@H]1CC[C@@]2(O)[C@H]3Cc4ccc(O)c5c4[C@@]2(CCN3CC2CC2)[C@H]1O5)c1ccc(I)cc1.O=C(O)C(=O)O,8.4847
CC(C)(C)c1ccc(C(=O)N[C@@H]2CC[C@@]3(O)[C@H]4Cc5ccc(O)c6c5[C@@]3(CCN4CC3CC3)[C@H]2O6)cc1.O=C(O)C(=O)O,9.4149
O=C(N[C@@H]1CC[C@@]2(O)[C@H]3Cc4ccc(O)c5c4[C@@]2(CCN3CC2CC2)[C@H]1O5)c1ccc(Cl)c(Cl)c1.O=C(O)C(=O)O,9.2571
O=C(N[C@@H]1CC[C@@]2(O)[C@H]3Cc4ccc(O)c5c4[C@@]2(CCN3CC2CC2)[C@H]1O5)c1ccc(Cl)cc1.O=C(O)C(=O)O,8.8935
CN(C(=O)Cc1ccc(Cl)c(Cl)c1)C1CCCCC1N1CCCC1.Cl,9.3979
Nc1nc2c(ncn2[C@@H]2O[C@H](COP(=O)([O-])OP(=O)([O-])OP([O-])([O-])=S)[C@@H](O)[C@H]2O)c(=O)[nH]1.[Li+].[Li+].[Li+].[Li+],11.3188
Cc1cc(NCC(=O)Nc2ccccc2)c2ccccc2n1,8.9872
COCc1nnc(N2CC(Oc3ccc(F)cc3Cl)C2)n1-c1ccc(OC)nc1,5.5229
CCN(CC)C(=O)c1ccc(C2(c3cccc(O)c3)CCN(CC3CC3)CC2)cc1,6.3565
C=CCN1CCC(c2ccc(C(=O)N(CC)CC)cc2)(c2cccc(O)c2)CC1,6.4597
CCN(CC)C(=O)c1ccc(C2(c3cccc(O)c3)CCN(CCc3ccccc3)CC2)cc1,7.0223
CCCC(C)CN1CCC(c2ccc(C(=O)N(C)C)cc2)(c2cccc(O)c2)CC1,6.8239
CCC(O)(CC)c1ccc(C2(c3cccc(C(N)=O)c3)CCN(CC3CC3)CC2)cc1,7.1024
CCCC(C)CN1CCC(c2ccc(C(O)(CC)CC)cc2)(c2cccc(C(N)=O)c2)CC1,7.3468
CCN(CC)C(=O)c1ccc(C2(c3cccc(O)c3)CCCN(CC3CC3)C2)cc1,7.6198
CCN(C)C(=O)c1ccc(C2(c3cccc(O)c3)CCCN(CC3CC3)C2)cc1,7.1805
CCN(CC)C(=O)c1ccc(C2(c3cccc(O)c3)CCCN(CC(F)(F)F)C2)cc1,7.6198
CCN(CC)C(=O)c1ccc(C2(c3cccc(O)c3)CCCN(Cc3nccs3)C2)cc1,6.7878
CC(C)(O)c1ccc(C2(c3cccc(O)c3)CCCN(CC3CC3)C2)cc1,7.3872
COc1ccc2c3c1O[C@@H]1[C@]34CCN(C)[C@H](C2)[C@]42C=C[C@]1(OC)C[C@H]2c1cccc([N+](=O)[O-])c1,7.6576
COc1ccc2c3c1O[C@H]1[C@]4(OC)C=C[C@@]5(C[C@@H]4c4ccc([N+](=O)[O-])cc4)[C@@H](C2)N(C)CC[C@]315,5.0000
COc1ccc2c3c1O[C@@H]1[C@]34CCN(C)[C@H](C2)[C@]42C=C[C@]1(OC)C[C@H]2c1ccc([N+](=O)[O-])cc1,6.1713
CC[C@@]12CCN(CCc3ccc([N+](=O)[O-])cc3)C[C@@H]1Oc1c(O)cccc12,6.1427
CC[C@@]12CCN(CCc3ccc(F)cc3)C[C@@H]1Oc1c(O)cccc12,6.0292
CC[C@@]12CCN(Cc3ccc(F)cc3)C[C@@H]1Oc1c(O)cccc12,5.4711
CN1CC[C@@]2(CCc3ccccc3)c3cccc(O)c3O[C@H]2C1,5.5406
CC[C@@]12CCN(CCc3ccccc3)C[C@@H]1Oc1c(O)cccc12,5.6536
CC[C@@]12CCN(CC3CC3)C[C@@H]1Oc1c(O)cccc12,5.0000
c1cc2c(cc1OCCCOc1ccc3c(c1)[C@@]14CCCC[C@H]1[C@@H](C3)N(CC1CCC1)CC4)[C@@]13CCCC[C@H]1[C@@H](C2)N(CC1CCC1)CC3,8.2076
OC(COc1ccc2c(c1)[C@@]13CCCC[C@H]1[C@@H](C2)N(CC1CCC1)CC3)COc1ccc2c(c1)[C@@]13CCCC[C@H]1[C@@H](C2)N(CC1CCC1)CC3,9.0044
OC(COc1ccc2c(c1)[C@@]13CCCC[C@H]1[C@@H](C2)N(CC1CCC1)CC3)CC(O)COc1ccc2c(c1)[C@@]13CCCC[C@H]1[C@@H](C2)N(CC1CCC1)CC3,9.7696
OC(CCC(O)COc1ccc2c(c1)[C@@]13CCCC[C@H]1[C@@H](C2)N(CC1CCC1)CC3)COc1ccc2c(c1)[C@@]13CCCC[C@H]1[C@@H](C2)N(CC1CCC1)CC3,7.9208
OC(CCCC(O)COc1ccc2c(c1)[C@@]13CCCC[C@H]1[C@@H](C2)N(CC1CCC1)CC3)COc1ccc2c(c1)[C@@]13CCCC[C@H]1[C@@H](C2)N(CC1CCC1)CC3,8.0088
OC(CCCCC(O)COc1ccc2c(c1)[C@@]13CCCC[C@H]1[C@@H](C2)N(CC1CCC1)CC3)COc1ccc2c(c1)[C@@]13CCCC[C@H]1[C@@H](C2)N(CC1CCC1)CC3,8.4815
OC(CCCCCC(O)COc1ccc2c(c1)[C@@]13CCCC[C@H]1[C@@H](C2)N(CC1CCC1)CC3)COc1ccc2c(c1)[C@@]13CCCC[C@H]1[C@@H](C2)N(CC1CCC1)CC3,8.4089
OC(CCCCCCC(O)COc1ccc2c(c1)[C@@]13CCCC[C@H]1[C@@H](C2)N(CC1CCC1)CC3)COc1ccc2c(c1)[C@@]13CCCC[C@H]1[C@@H](C2)N(CC1CCC1)CC3,8.8539
OC(COc1ccc(Cc2ccc(OCC(O)COc3ccc4c(c3)[C@@]35CCCC[C@H]3[C@@H](C4)N(CC3CCC3)CC5)cc2)cc1)COc1ccc2c(c1)[C@@]13CCCC[C@H]1[C@@H](C2)N(CC1CCC1)CC3,9.4685
c1cc2c(cc1OCC1CO1)[C@@]13CCCC[C@H]1[C@@H](C2)N(CC1CCC1)CC3,7.4437
CCCCCCCCC(O)COc1ccc2c(c1)[C@@]13CCCC[C@H]1[C@@H](C2)N(CC1CCC1)CC3,8.0809
CCCCCCCCCC(=O)Oc1ccc2c(c1)[C@@]13CCCC[C@H]1[C@@H](C2)N(CC1CCC1)CC3,9.6990
CCCCCCCCCCOc1ccc2c(c1)[C@@]13CCCC[C@H]1[C@@H](C2)N(CC1CCC1)CC3,7.2840
OC(COc1ccccc1)COc1ccc2c(c1)[C@@]13CCCC[C@H]1[C@@H](C2)N(CC1CCC1)CC3,7.6576
CC(C)CN(C(=O)c1cccc(Cl)c1Cl)[C@H]1CCNC1,5.2366
COc1ccc(-c2c(C#N)c(C(=O)NN3CCCCC3)nn2-c2ccccc2[125I])cc1,5.8306
O=CN1CC[C@]23c4c5ccc(O)c4O[C@H]2[C@@H](O)C=C[C@H]3[C@H]1C5,6.4401
CCC(=O)N1C[C@H]2[C@H](N3CCCC3)CC[C@@H]1CN2C(=O)Cc1ccc(Cl)c(Cl)c1,6.3328
COC(=O)N1C[C@H]2[C@@H](N3CCCC3)CC[C@@H]1CN2C(=O)Cc1ccc(Cl)c(Cl)c1,6.0706
COC(=O)N1C[C@H]2[C@H](N3CCCC3)CC[C@@H]1CN2C(=O)Cc1ccc(Cl)c(Cl)c1,7.6412
O=C(Cc1ccc(Cl)c(Cl)c1)N1C[C@H]2CC[C@H](N3CCCC3)[C@@H]1CN2Cc1ccccc1,5.8210
O=C(Cc1ccc(Cl)c(Cl)c1)N1C[C@@H]2CC[C@@H](N3CCCC3)[C@H]1CN2Cc1ccccc1,6.0362
O=C(Cc1ccc(Cl)c(Cl)c1)N1C[C@H]2CC[C@@H](N3CCCC3)[C@@H]1CN2Cc1ccccc1,6.6205
CC(C)[C@@H](CN1CC[C@@](C)(c2cccc(O)c2)[C@@H](C)C1)NC(=O)c1ccc2cc(O)ccc2c1.Cl,8.2218
CC(C)[C@@H](CN1CC[C@@](C)(c2cccc(O)c2)[C@@H](C)C1)NC(=O)[C@@H]1CCc2cc(O)ccc2C1,8.2218
CC(C)[C@@H](CN1CC[C@@](C)(c2cccc(O)c2)[C@@H](C)C1)NC(=O)[C@H]1CCc2cc(O)ccc2C1,8.2218
CC(C)[C@@H](CN1CC[C@@](C)(c2cccc(O)c2)[C@@H](C)C1)NC(=O)[C@H]1Cc2ccc(O)cc2CO1,8.2218
CC(C)[C@@H](CN1CC[C@@](C)(c2cccc(O)c2)[C@@H](C)C1)NC(=O)[C@@H]1Cc2ccc(O)cc2CO1,8.2218
CC(C)[C@@H](CN1CC[C@@](C)(c2cccc(O)c2)[C@@H](C)C1)NC(=O)[C@H]1Cc2ccc(O)cc2CS1,8.2218
CC(C)[C@@H](CN1CC[C@@](C)(c2cccc(O)c2)[C@@H](C)C1)NC(=O)[C@@H]1Cc2ccc(O)cc2CS1.Cl,8.2218
CC(C)[C@@H](CN1CC[C@@](C)(c2cccc(O)c2)[C@@H](C)C1)NC(=O)[C@H]1Cc2ccc(O)cc2C[S+]1[O-],8.2218
COC(=O)[C@]12CN(C)C[C@](C(=O)OC)(C1=O)[C@@H](c1ccccn1)N(C)[C@H]2c1ccccn1,7.8239
CCC12CCN(CC3(O)CC3)C(Cc3ccc(O)cc31)C2(C)C,10.3979
CN1c2ccccc2C(c2ccccc2F)=NCC1CNC(=O)c1ccsc1,9.7696
CN(C(=O)/C=C/c1ccco1)[C@@H]1CC[C@@]2(O)[C@H]3Cc4ccc(O)c5c4[C@@]2(CCN3CC2CC2)[C@H]1O5,9.7100
O=C(Nc1ccccc1)[C@H]1O[C@@]23CC[C@]1(O)[C@@H]1Oc4c(O)ccc5c4[C@@]12CCN(CC1CC1)[C@@H]3C5,9.9566
O=C(Nc1ccccc1)[C@@H]1O[C@@]23CC[C@@]1(O)[C@@H]1Oc4c(O)ccc5c4[C@@]12CCN(CC1CC1)[C@@H]3C5,9.8182
CN(CCc1ccccc1)C(=O)[C@H]1C[C@@]23C=C[C@]1(O)[C@@H]1Oc4c(O)ccc5c4[C@@]12CCN(CC1CC1)[C@@H]3C5,9.5544
O=C(NC[C@H]1C[C@]23CCN(CC4CC4)[C@H](Cc4ccc(O)cc42)[C@]3(O)CO1)c1ccccc1,9.8697
NC(=O)[C@H]1CSSC[C@@H](NC(=O)[C@@H](N)Cc2ccc(O)cc2)C(=O)N[C@@H](Cc2ccccc2)C(=O)N1,7.4123
COc1ccc([C@H]2CN3C(=NC[C@@H]3C)N2CCCc2ccccc2)cc1,7.4089
Oc1ccc2c(c1O)C[C@@H](c1ccccc1)[C@@H]1CCNC[C@@H]21,3.0862
Cc1ccc(CN2[C@@H]3CC[C@H]2C[C@@H](Oc2cccc(C(N)=O)c2)C3)s1,7.6990
NC(=O)c1cccc(O[C@H]2C[C@H]3CC[C@@H](C2)N3CC2CCCCC2)c1,6.6904
CN(C)C(=O)N[C@H]1CC[C@H](CN2[C@@H]3CC[C@H]2C[C@@H](Oc2cccc(C(N)=O)c2)C3)CC1,5.8857
CN(C)C(=O)N[C@H]1CC[C@H](CCN2[C@@H]3CC[C@H]2C[C@@H](Oc2cccc(C(N)=O)c2)C3)CC1,6.3458
CN(C)C(=O)N[C@H]1CC[C@@H](CN2[C@@H]3CC[C@H]2C[C@@H](Oc2cccc(C(N)=O)c2)C3)CC1,5.3771
CN(C)C(=O)N[C@H]1CC[C@@H](CCN2[C@@H]3CC[C@H]2C[C@@H](Oc2cccc(C(N)=O)c2)C3)CC1,6.7645
NC(=O)c1cccc(O[C@H]2C[C@H]3CC[C@@H](C2)N3Cc2ccccc2)c1,6.5436
NC(=O)c1cccc(O[C@@H]2C[C@H]3CC[C@@H](C2)N3Cc2ccccc2)c1,6.5436
NC(=O)c1cccc(C[C@H]2C[C@H]3CC[C@@H](C2)N3Cc2ccccc2)c1,6.2248
NC(=O)c1cccc(C[C@@H]2C[C@H]3CC[C@@H](C2)N3Cc2ccccc2)c1,5.6690
NC(=O)c1cccc(S[C@H]2C[C@H]3CC[C@@H](C2)N3Cc2ccccc2)c1,6.4711
NC(=O)c1cccc([S+]([O-])[C@H]2C[C@H]3CC[C@@H](C2)N3Cc2ccccc2)c1,5.0840
NC(=O)c1cccc(N[C@H]2C[C@H]3CC[C@@H](C2)N3Cc2ccccc2)c1,5.8271
NC(=O)c1ccnc(O[C@H]2C[C@H]3CC[C@@H](C2)N3Cc2ccccc2)c1,5.0643
NC(=O)c1cc(O[C@H]2C[C@H]3CC[C@@H](C2)N3Cc2ccccc2)ccn1,4.8489
NC(=O)c1cncc(O[C@H]2C[C@H]3CC[C@@H](C2)N3Cc2ccccc2)c1,4.7495
NC(=O)c1cc(F)cc(O[C@H]2C[C@H]3CC[C@@H](C2)N3Cc2ccccc2)c1,6.6536
Cc1cc(O[C@H]2C[C@H]3CC[C@@H](C2)N3Cc2ccccc2)cc(C(N)=O)c1,5.7612
Cc1ccc(C(N)=O)cc1O[C@H]1C[C@H]2CC[C@@H](C1)N2Cc1ccccc1,5.4559
Cc1c(O[C@H]2C[C@H]3CC[C@@H](C2)N3Cc2ccccc2)cccc1C(N)=O,5.3792
NC(=O)c1ccc(O[C@H]2C[C@H]3CC[C@@H](C2)N3Cc2ccccc2)cc1,4.9694
Cc1cc(C(N)=O)ccc1O[C@H]1C[C@H]2CC[C@@H](C1)N2Cc1ccccc1,6.3354
NC(=O)c1ccc(O[C@H]2C[C@H]3CC[C@@H](C2)N3Cc2ccccc2)c(F)c1,5.5690
NC(=O)c1ccc(O[C@H]2C[C@H]3CC[C@@H](C2)N3Cc2ccccc2)nc1,4.7147
Oc1cccc(O[C@H]2C[C@H]3CC[C@@H](C2)N3Cc2ccccc2)c1,6.4597
Cl.Cn1c(=O)[nH]c2c([nH]c(=O)n2C)c1=N,5.7447
O=C(Nc1cccc(NC(=O)c2cccc(N3CCOCC3)c2)c1)c1cccc(OC2CCN(CC3CC3)CC2)c1,8.2073
NC(=O)c1cccc(OC2CCN(CC3CC3)CC2)c1,5.6927
NC(=O)c1cccc(OC2CCN(Cc3ccccc3)CC2)c1,6.6789
NC(=O)c1cccc(O[C@@H]2C[C@H]3CC[C@@H](C2)N3Cc2cccs2)c1,6.6676
Cc1ccc(CN2[C@@H]3CC[C@H]2C[C@H](Oc2cccc(C(N)=O)c2)C3)s1,7.6990
Cc1ccc(CN2[C@@H]3CC[C@H]2C[C@H](Oc2cccc(C(N)=O)c2)C3)o1,6.4134
NC(=O)c1cccc(O[C@@H]2C[C@H]3CC[C@@H](C2)N3CCc2ccccc2)c1,6.1226
NC(=O)c1cccc(O[C@@H]2C[C@H]3CC[C@@H](C2)N3CCCc2ccccc2)c1,6.4660
Cc1ccc(CN2[C@@H]3CC[C@H]2C[C@H](Oc2cccc(C(N)=O)c2)C3)cc1,7.3098
Cc1cccc(CN2[C@@H]3CC[C@H]2C[C@H](Oc2cccc(C(N)=O)c2)C3)c1,6.8297
Cc1ccccc1CN1[C@@H]2CC[C@H]1C[C@H](Oc1cccc(C(N)=O)c1)C2,6.2076
NC(=O)c1cccc(O[C@@H]2C[C@H]3CC[C@@H](C2)N3Cc2ccncc2)c1,6.6180
NC(=O)c1cccc(O[C@@H]2C[C@H]3CC[C@@H](C2)N3Cc2cccnc2)c1,6.3655
NC(=O)c1cccc(O[C@@H]2C[C@H]3CC[C@@H](C2)N3Cc2ccccn2)c1,5.5005
CN1[C@@H]2CC[C@H]1C[C@H](Oc1cccc(C(N)=O)c1)C2,4.9000
NC(=O)c1cccc(O[C@@H]2C[C@H]3CC[C@@H](C2)N3CC2CC2)c1,5.1745
NC(=O)c1cccc(O[C@@H]2C[C@H]3CC[C@@H](C2)N3CC2CCCCC2)c1,6.6904
NC(=O)c1cccc(O[C@@H]2C[C@H]3CC[C@@H](C2)N3Cc2ccc3c(c2)OCO3)c1,7.9586
CS(=O)(=O)Cc1ccc(CN2[C@@H]3CC[C@H]2C[C@H](Oc2cccc(C(N)=O)c2)C3)cc1,7.4089
Cn1cc(CN2[C@@H]3CC[C@H]2C[C@H](Oc2cccc(C(N)=O)c2)C3)cn1,6.2807
NC(=O)c1cccc(O[C@@H]2C[C@H]3CC[C@@H](C2)N3CC(=O)N2CCCC2)c1,5.4671
NC(=O)c1cccc(O[C@@H]2C[C@H]3CC[C@@H](C2)N3CC(=O)Nc2ccccc2)c1,6.4622
CC(c1ccccc1)N1[C@@H]2CC[C@H]1C[C@H](Oc1cccc(C(N)=O)c1)C2,5.9987
Cc1ccc(C(C)N2[C@@H]3CC[C@H]2C[C@H](Oc2cccc(C(N)=O)c2)C3)s1,6.4498
Cc1ccccc1C(C)N1[C@@H]2CC[C@H]1C[C@H](Oc1cccc(C(N)=O)c1)C2,6.0726
NC(=O)c1cccc(O[C@@H]2C[C@H]3CC[C@@H](C2)N3C2CCCc3ccccc32)c1,5.6590
NC(=O)c1cccc(O[C@@H]2C[C@H]3CC[C@@H](C2)N3C2CCCCC2)c1,5.9485
CC(C)(c1ccccc1)N1[C@@H]2CC[C@H]1C[C@H](Oc1cccc(C(N)=O)c1)C2,4.8773
NC(=O)c1cccc(O[C@@H]2C[C@H]3CC[C@@H](C2)N3C2(c3ccccc3)CC2)c1,4.6156
CC(c1ccncc1)N1[C@@H]2CC[C@H]1C[C@H](Oc1cccc(C(N)=O)c1)C2,5.8508
C[C@H](c1ccccc1)N1[C@@H]2CC[C@H]1C[C@H](Oc1cccc(C(N)=O)c1)C2,6.1656
C[C@@H](c1ccccc1)N1[C@@H]2CC[C@H]1C[C@H](Oc1cccc(C(N)=O)c1)C2,4.6882
Cc1ccc([C@@H](C)N2[C@@H]3CC[C@H]2C[C@H](Oc2cccc(C(N)=O)c2)C3)s1,6.9547
COc1cccc([C@@H](C)N2[C@@H]3CC[C@H]2C[C@H](Oc2cccc(C(N)=O)c2)C3)c1,7.3372
Cc1ccc([C@@H](C)N2[C@@H]3CC[C@H]2C[C@H](Oc2cccc(C(N)=O)c2)C3)cn1,6.8861
C[C@H](c1ccnc(Cl)c1)N1[C@@H]2CC[C@H]1C[C@H](Oc1cccc(C(N)=O)c1)C2,6.5129
C[C@H](c1ccc(Cl)nc1)N1[C@@H]2CC[C@H]1C[C@H](Oc1cccc(C(N)=O)c1)C2,7.0458
COC(=O)[C@@H]1CCC(=O)[C@H]2[C@@]1(C)CC[C@H]1C(=O)O[C@H](c3ccoc3)C[C@]21C,6.9312
COC(=O)[C@@H]1C[C@@H](I)C(=O)[C@H]2[C@@]1(C)CC[C@H]1C(=O)O[C@H](c3ccoc3)C[C@]21C,6.6162
COC(=O)[C@@H]1C[C@H](I)C(=O)[C@H]2[C@@]1(C)CC[C@H]1C(=O)O[C@H](c3ccoc3)C[C@]21C,6.4459
COC(=O)[C@@H]1C[C@@H](Br)C(=O)[C@H]2[C@@]1(C)CC[C@H]1C(=O)O[C@H](c3ccoc3)C[C@]21C,6.9617
COC(=O)[C@@H]1C[C@H](Br)C(=O)[C@H]2[C@@]1(C)CC[C@H]1C(=O)O[C@H](c3ccoc3)C[C@]21C,6.0406
COC(=O)[C@@H]1CC(C(=O)O)C(=O)[C@H]2[C@@]1(C)CC[C@H]1C(=O)O[C@H](c3ccoc3)C[C@]21C,7.3469
COC(=O)[C@@H]1C[C@@H](Cl)C(=O)[C@H]2[C@@]1(C)CC[C@H]1C(=O)O[C@H](c3ccoc3)C[C@]21C,6.4746
COC(=O)[C@@H]1C[C@@H](F)C(=O)[C@H]2[C@@]1(C)CC[C@H]1C(=O)O[C@H](c3ccoc3)C[C@]21C,6.4870
COC(=O)[C@@H]1C[C@H](OC(=O)[C@H](C)N)C(=O)[C@H]2[C@@]1(C)CC[C@H]1C(=O)O[C@H](c3ccoc3)C[C@]21C,5.4220
COC(=O)[C@@H]1C[C@H](OC(=O)[C@@H](N)C(C)C)C(=O)[C@H]2[C@@]1(C)CC[C@H]1C(=O)O[C@H](c3ccoc3)C[C@]21C,7.0242
CC(C)CCNCc1ccc(N2CCCc3cc(C(N)=O)ccc32)cc1,6.3000
CC(C)CNCc1ccc(N2CCCc3cc(C(N)=O)ccc32)cc1,5.9000
NC(=O)c1ccc2c(c1)CCCN2c1ccc(CNCC2CCCCC2)cc1,6.5000
CCCCCNCc1ccc(N2CCCc3cc(C(N)=O)ccc32)cc1,6.0000
CC(C)(C)CCNCc1ccc(N2CCCc3cc(C(N)=O)ccc32)cc1,6.6000
NC(=O)c1ccc2c(c1)CCCN2c1ccc(CNCCC2=CCCCC2)cc1,6.5000
NC(=O)c1ccc2c(c1)CCCN2c1ccc(CNCCc2cccs2)cc1,6.2000
NC(=O)c1ccc2c(c1)CCCN2c1ccc(CNCc2cccc(F)c2)cc1,6.2000
NC(=O)c1ccc2c(c1)CCCN2c1ccc(CNCCc2cccc(F)c2)cc1,6.1000
CC1(C)CCC(NCc2ccc(N3CCCc4cc(C(N)=O)ccc43)cc2)CC1,7.2000
NC(=O)c1ccc2c(c1)CCCN2c1ccc(CNC2Cc3ccccc3C2)cc1,7.6000
NC(=O)c1ccc2c(c1)CCCN2c1ccc(CNC2Cc3ccc(F)cc3C2)cc1,6.9000
NC(=O)c1ccc2c(c1)CCCN2c1ccc(CNCCC2CCOCC2)cc1,6.6000
NC(=O)c1ccc2c(c1)CCCN2c1cccc(CNCCC2=CCCCC2)c1,5.9000
Cc1cc(N2CCCc3cc(C(N)=O)ccc32)ccc1CNC1Cc2ccccc2C1,6.8000
NC(=O)c1ccc2c(c1)CCCN2c1ccc(CNC2Cc3ccccc3C2)c(F)c1,6.7000
NC(=O)c1ccc2c(c1)CCCN2c1cc(F)c(CNC2Cc3ccccc3C2)c(F)c1,6.2000
NC(=O)c1ccc2c(c1)CCCN2c1ccc(CNC2Cc3ccccc3C2)c(C(F)(F)F)c1,6.2000
NC(=O)c1ccc2c(c1)CCCN2c1ccc(CNC2Cc3ccccc3C2)c(Cl)c1,6.7000
Cc1cc(CNC2Cc3ccccc3C2)ccc1N1CCCc2cc(C(N)=O)ccc21,7.7001
Cc1cc(CNCCC2=CCCCC2)ccc1N1CCCc2cc(C(N)=O)ccc21,6.7000
Cc1cc(N2CCCc3cc(C(N)=O)ccc32)ccc1CNCCC1=CCCCC1,6.2000
FCCC1OC2(CCN(Cc3ccccc3)CC2)c2ccccc21,6.4295
OCC1(N2CCC(n3c(N4CC5CN(Cc6ccccc6)CC5C4)nc4ccccc43)CC2)CCCCCCC1,7.4089
CN1CCN(c2nc3ccccc3n2C2CCN(C3(CO)CCCCCCC3)CC2)CC1,7.1111
CC1(C)CN(c2nc3ccccc3n2C2CCN(C3(CO)CCCCCCC3)CC2)CCN1,6.4123
CC1CN(c2nc3ccccc3n2C2CCN(C3(CO)CCCCCCC3)CC2)CCN1,6.4986
O=c1[nH]c2ccccc2n1C1CCN(C2(CO)CCCCCCC2)CC1,6.6669
Cc1cc(O)cc(C)c1C[C@@H](C(=O)N1Cc2ccccc2C[C@H]1C(=O)NCCC(=O)OC1=C2O[C@H]3[C@@H](O)C=C[C@H]4[C@H]5CC(C=C1)C2[C@]43CCN5C)N(C)C.O=C(O)C(F)(F)F.O=C(O)C(F)(F)F,8.2764
Cc1cc(O)cc(C)c1C[C@@H](C(=O)N1Cc2ccccc2C[C@H]1C(=O)OC1=C2O[C@H]3[C@@H](O)C=C[C@H]4[C@H]5CC(C=C1)C2[C@]43CCN5C)N(C)C.O=C(O)C(F)(F)F.O=C(O)C(F)(F)F,6.7147
Cl.Cl.O=C(O)CN[C@H]1CC[C@@]2(OCCCc3ccccc3)[C@H]3Cc4ccc(O)c5c4[C@@]2(CCN3CC2CC2)[C@H]1O5,8.8928
Cl.Cl.O=C(O)CN[C@@H]1CC[C@@]2(OCCCc3ccccc3)[C@H]3Cc4ccc(O)c5c4[C@@]2(CCN3CC2CC2)[C@H]1O5,7.9586
Cl.Oc1cccc([C@]23CCC[C@H](C2)N(C/C=C/c2ccccc2)CC3)c1,6.9031
Cl.Oc1cccc([C@@]23CCC[C@@H](C2)N(C/C=C/c2ccccc2)CC3)c1,6.6478
Cl.Oc1cccc([C@]23CCC[C@H](C2)N(C/C=C\c2ccccc2)CC3)c1,6.9101
Cl.Oc1cccc([C@@]23CCC[C@@H](C2)N(C/C=C\c2ccccc2)CC3)c1,6.4353
Cl.Oc1cccc([C@]23CCC[C@H](C2)N(C[C@@H]2C[C@H]2c2ccccc2)CC3)c1,6.4089
Cl.Oc1cccc([C@@]23CCC[C@@H](C2)N(C[C@H]2C[C@@H]2c2ccccc2)CC3)c1,7.1427
Cl.Oc1cccc([C@]23CCC[C@H](C2)N(C[C@H]2C[C@@H]2c2ccccc2)CC3)c1,6.4908
Cl.Oc1cccc([C@@]23CCC[C@@H](C2)N(C[C@@H]2C[C@H]2c2ccccc2)CC3)c1,6.6778
Cl.Oc1cccc([C@]23CCC[C@H](C2)N(C[C@@H]2C[C@@H]2c2ccccc2)CC3)c1,6.8153
Cl.Oc1cccc([C@@]23CCC[C@@H](C2)N(C[C@H]2C[C@H]2c2ccccc2)CC3)c1,6.3233
Cl.Oc1cccc([C@]23CCC[C@H](C2)N(C[C@H]2C[C@H]2c2ccccc2)CC3)c1,6.7595
Cl.Oc1cccc([C@@]23CCC[C@@H](C2)N(C[C@@H]2C[C@@H]2c2ccccc2)CC3)c1,6.4921
O=C(c1ccccn1)N(Cc1cccs1)C1(C(=O)NC2CCCCC2)CCCCC1,6.9614
Brc1ccc(CSc2nnc(-c3ccccn3)n2Cc2ccco2)cc1,5.7218
O=C(c1ccccn1)N(Cc1ccco1)C1(C(=O)Nc2ccc(Br)cc2)CCCCC1,6.6906
CC(C)(C)c1ccc(CSc2nnc(-c3ccccn3)n2Cc2ccco2)cc1,5.8447
Clc1ccc(CSc2nnc(-c3ccccn3)n2Cc2ccco2)c(Cl)c1,5.8174
CCC(C)(C(=O)NC1CCCCC1)N(Cc1ccco1)C(=O)c1cnccn1,5.6820
O=C(c1cnccn1)N(Cc1cccs1)C1(C(=O)NC2CCCCC2)CCCCC1,6.6017
O=C(c1ccccn1)N(Cc1ccco1)C1(C(=O)NC2CCCCC2)CCCCC1,6.6576
C(=C\c1ccccc1)/CSc1nnc(-c2ccccn2)n1Cc1ccco1,5.5754
CCC(C)(C(=O)NC1CCCC1)N(Cc1cccs1)C(=O)c1ccccn1,5.7072
CCC(C)(C(=O)NC1CCCCC1)N(Cc1ccco1)C(=O)c1ccccn1,6.6003
CCCCN(Cc1cc2cc(C)ccc2nc1O)C(=O)c1ccccn1,5.3052
Cc1cccc(C)c1NC(=O)C1(N(Cc2ccco2)C(=O)c2ccccn2)CCCC1,5.5529
CCCCN(Cc1cc2ccccc2nc1O)C(=O)c1ccccn1,5.3223
Clc1cccc(CSc2nnc(-c3ccccn3)n2Cc2ccco2)c1,5.2110
COc1ccc(CN(CCNC(=O)c2ccc(CNS(=O)(=O)Cc3ccccc3)cc2)C(C)C)cc1,6.0624
CC(C)N(CCNC(=O)c1ccc(CNS(=O)(=O)c2ccc(-c3ccccc3)cc2)cc1)Cc1ccccc1,6.1203
Cc1ccc(N2CCN(CCCNC(=O)Cn3c(=O)c4cccn4c4cc(Br)cnc43)CC2)cc1,5.2138
Cc1ccc(S(=O)(=O)N2CCc3ccc(C(=O)NCCN(Cc4ccccc4)C(C)C)cc3C2)cc1,4.9914
Cc1ccc(S(=O)(=O)NCc2ccc(C(=O)NCCN(Cc3ccccc3)C(C)(C)C)cc2)cc1,7.2716
CC(C)Cc1ccc(S(=O)(=O)NCc2ccc(C(=O)NCCN(Cc3ccccc3)C(C)C)cc2)cc1,5.8106
Cc1ccccc1S(=O)(=O)NCc1ccc(C(=O)NCCN(Cc2ccccc2)C(C)C)cc1,5.6173
COc1ccc(N2CCN(CCNC(=O)Cn3c(=O)c4cccn4c4c(C)ccnc43)CC2)cc1,4.8508
CCC(C)(C)c1ccc(S(=O)(=O)NCc2ccc(C(=O)NCCN(Cc3ccccc3)C(C)C)cc2)cc1,6.0843
Cc1ccc(S(=O)(=O)N2CCc3cc(C(=O)NCCN(Cc4ccccc4)C(C)C)ccc3C2)cc1,7.2507
CC(C)c1ccc(S(=O)(=O)NCc2ccc(C(=O)NCCN(Cc3ccccc3)C(C)C)cc2)cc1,6.0395
Cc1ccc(S(=O)(=O)NCc2ccc(C(=O)NCCN(C)[C@H](C)c3ccccc3)cc2)cc1,5.5454
COc1ccc(N2CCN(CCCCNC(=O)Cn3c(=O)c4cccn4c4c(C)ccnc43)CC2)cc1,6.0424
Cc1ccc(S(=O)(=O)NCc2ccc(C(=O)NC3CCCN(Cc4ccccc4)C3)cc2)cc1,4.7305
CC(C)N(CCNC(=O)c1ccc(CNS(=O)(=O)c2ccc3ccccc3c2)cc1)Cc1ccccc1,5.6326
Cc1ccc(S(=O)(=O)NCc2ccc(C(=O)NCCN(Cc3ccccc3)C3CCCC3)cc2)cc1,6.2534
CC(C)N(CCNC(=O)c1ccc(CNS(=O)(=O)Cc2ccccc2)cc1)Cc1ccccc1,5.2215
CC(C)N(CCNC(=O)c1ccc(CNS(=O)(=O)c2ccc(C(C)(C)C)cc2)cc1)Cc1ccccc1,5.8387
CC(C)N(CCNC(=O)c1ccc(CNS(=O)(=O)c2ccc(C#N)cc2)cc1)Cc1ccccc1,5.6587
CCCCc1ccc(S(=O)(=O)NCc2ccc(C(=O)NCCN(Cc3ccccc3)C(C)C)cc2)cc1,5.5214
CCC(C)c1ccc(S(=O)(=O)NCc2ccc(C(=O)NCCN(Cc3ccccc3)C(C)C)cc2)cc1,5.7463
CCCc1ccc(S(=O)(=O)NCc2ccc(C(=O)NCCN(Cc3ccccc3)C(C)C)cc2)cc1,5.6734
Cc1ccc(Cl)cc1N=C(S)N(Cc1cccs1)C1CCCC1,4.8682
Cc1c(Cl)sn(-c2ccc(Cl)cc2)c1=O,5.1959
COc1ccc(CCN2C(=O)CS/C2=N\c2ccc(C(C)C)cc2)cc1OC,5.1982
N#Cc1ccc(-c2cccnc2)nc1SCC(=O)Nc1sc2c(c1C#N)CCC2,4.7959
O=C(c1ccc([N+](=O)[O-])cc1)N(Cc1ccc(Cl)cc1)N1C(=O)CCCC1=O,5.2472
Nc1ccc(C2(c3ccc(N)cc3)c3ccccc3-c3ccccc32)cc1,5.0752
COc1ccc(CN(CC2CCCO2)C(=O)CN2C(=O)COc3ccccc32)cc1OC,4.9586
COc1ccc(C[C@@H]2CN3C(=NC[C@@H]3C)N2CCNC(=O)c2ccc(C)c(Br)c2)cc1,6.9281
CN(C(=O)Cc1ccccc1)[C@@H]1CC[C@]2(CCCO2)C[C@H]1N1CCCC1,6.8041
O=C(Nc1nc2ccccc2n1CCN1CCCC1)c1ccc(Cl)cc1,5.1439
Cc1ccccc1NC(=O)c1ccc(COc2ccc3c(C)cc(=O)oc3c2)cc1,4.7423
COc1cc(Cl)c(C)cc1NC(=O)CSc1nnc(-c2ccccn2)n1Cc1ccco1,4.7878
CC(Sc1nnc(CN2CCCC2)n1Cc1ccccc1)C(=O)Nc1ccc(F)cc1,5.4475
CCC(C)(C(=O)NC1CCCC1)N(Cc1ccco1)C(=O)c1ccccn1,4.9931
O=C(c1ccccn1)N(Cc1ccco1)C1(C(=O)NC2CCCC2)CCCCC1,4.8727
CCN(CC)CCn1c(NC(=O)c2ccc(C(F)(F)F)cc2)nc2ccccc21,4.5800
COc1cc2ccccc2cc1C(=O)Nc1sc2c(c1C(N)=O)CCN(C(C)C)C2.Cl,5.2644
Cc1cccc(-n2ccnc2CN2CCC(CO)(Cc3ccccc3)CC2)c1,5.3132
CCC(C)(C(=O)NC1CCCCC1)N(Cc1cccs1)C(=O)c1ccccn1,7.2226
Cc1ccc(C)c(N2CCN(C(=O)C(Cc3ccccc3)n3cccc3)CC2)c1,5.1741
O=C1C2ON(c3ccccc3)C(c3cccnc3)C2C(=O)N1c1ccc(Cl)c(Cl)c1,4.5784
O=C(c1cnccn1)N(Cc1ccco1)C1(C(=O)NC2CCCCC2)CCCCC1,5.7502
O=C(c1ccc([N+](=O)[O-])cc1)N(Cc1ccc(Br)cc1)N1C(=O)CCCC1=O,5.4498
CCc1ccc(S(=O)(=O)NCc2ccc(C(=O)NCCN(Cc3ccccc3)C(C)C)cc2)cc1,5.7721
Cc1ccc(CN2C3CCCC2CC(NC(=O)c2ccc(C)cc2)C3)cc1,5.5817
Oc1c(C=Nc2cccc3cccnc23)sc2ccccc12,5.6651
COc1ccc(N2CCN(CCCNC(=O)Cn3c(=O)c4cccn4c4ccccc43)CC2)cc1,5.0899
Cc1ccc(C)c(NC(S)=NC(NC(=O)OCc2ccccc2)C(Cl)(Cl)Cl)c1,5.5115
O=C(NC(NC(=S)Nc1ccc(Cl)cc1Cl)C(Cl)(Cl)Cl)OCc1ccccc1,5.8679
Cc1ccc(NC(=S)NC(NC(=O)OCc2ccccc2)C(Cl)(Cl)Cl)c(C)c1,5.3809
CC(=O)c1ccc(S(=O)(=O)NCc2ccc(C(=O)NCC(c3ccccc3)N(C)C)cc2)cc1,5.2489
O=C(NC(NC(=S)Nc1c(Cl)cccc1Cl)C(Cl)(Cl)Cl)OCc1ccccc1,5.8143
CCC(=NNc1ccnc2cc(Cl)ccc12)c1ccc(O)cc1,5.4461
O=C(NC(NC(=S)Nc1c(Cl)cc(Cl)cc1Cl)C(Cl)(Cl)Cl)OCc1ccccc1,6.1366
Cc1ccc(S(=O)(=O)NCc2ccc(C(=O)NCCN(Cc3ccccc3)C(C)C)cc2)cc1,6.0696
COc1ccc(N2CCN(CCCNC(=O)Cn3c(=O)c4cccn4c4cccnc43)CC2)cc1,5.8822
COc1ccc(CSc2nnc(-c3ccccn3)n2Cc2ccco2)cc1,5.0103
Clc1ccc(CSc2nnc(-c3ccccn3)n2Cc2ccco2)cc1Cl,6.0605
CC[C@@](C)(C(=O)Nc1ccc(Br)cc1)N(Cc1ccco1)C(=O)c1ccccn1,7.2815
c1ccc(CSc2nnc(-c3ccccn3)n2Cc2ccco2)cc1,4.7471
CC[C@@](C)(C(=O)NC1CCCCC1)N(Cc1ccco1)C(=O)c1ccccn1,6.8928
Clc1ccc(CSc2nnc(-c3ccccn3)n2Cc2cccs2)cc1Cl,6.3568
Clc1ccc(CSc2nnc(-c3ccccn3)n2Cc2cccs2)c(Cl)c1,5.7520
Brc1ccc(CSc2nnc(-c3ccccn3)n2Cc2cccs2)cc1,5.8457
Cc1cc(C)c(S(=O)(=O)NCc2ccc(C(=O)NCCN3Cc4ccccc4C3)cc2)c(C)c1,5.3036
CC[C@](C)(C(=O)Nc1ccc(Br)cc1)N(Cc1ccco1)C(=O)c1ccccn1,7.0958
Fc1ccc(CSc2nnc(-c3ccccn3)n2Cc2cccs2)c(F)c1,5.2088
c1ccc(CSc2nnc(-c3ccccn3)n2Cc2cccs2)cc1,4.7430
Cc1ccc(CSc2nnc(-c3ccccn3)n2Cc2cccs2)cc1,5.5342
Cc1ccc(CSc2nnc(-c3ccccn3)n2Cc2ccco2)cc1,5.2450
CC[C@](C)(C(=O)NC1CCCCC1)N(Cc1ccco1)C(=O)c1ccccn1,6.8210
COc1ccc(CSc2nnc(-c3ccccn3)n2Cc2cccs2)cc1,5.1203
CCCOc1cccc(-c2cc(C(=O)N/N=C/c3ccccn3)c3ccccc3n2)c1,5.0737
O=C(Nc1nnc(-c2cccs2)o1)c1cccc(Oc2ccccc2)c1,5.0088
Oc1ccc(N=Nc2ccc3c(c2)OCCO3)c2ncccc12,5.3072
C/C(=N\NC(=O)Cc1ccc(Cl)cc1)c1ccccn1,5.2993
O=C(N/N=C/c1ccccn1)c1sc2ccccc2c1Cl,5.1701
COc1ccc(C(=O)Nc2ccccc2C(=O)N/N=C/c2ccccn2)cc1OC,5.1018
Oc1c(/C=N/c2cccc3cccnc23)sc2ccccc12,5.6328
Oc1c(Cl)cc(Cl)c2cccnc12,5.3410
C/C(=N\NC(=O)C(C)Oc1ccc([N+](=O)[O-])cc1)c1ccccn1,5.4962
Cc1cn(-c2cc(NC(=O)c3ccc(C)c(NC(=O)c4cccc(-c5cnnc(O)c5)c4)c3)cc(C(F)(F)F)c2)cn1.O=C(O)C(F)(F)F,5.1689
N#CC(C#N)=C1C=CC=CN1/C(=C\c1ccco1)C(=O)c1ccc(Br)cc1,5.0792
O=C(N/N=C/c1ccccn1)c1ccc([N+](=O)[O-])cc1,4.8327
CCN(CCCNC(=O)C1CCN(S(=O)(=O)N2CCC3(CC2)OCCO3)CC1)c1ccccc1,5.0188
CCN1C(=O)/C(=C/C=C2/Sc3ccccc3N2CCO)SC1=S,4.7194
COc1cccc2sc(Nc3nc(-c4ccccn4)cs3)nc12,5.7905
Cc1cccc(Cc2cnc(N3C(=N)SC(C)C3=O)s2)c1,5.2457
Oc1cc(CSc2ccc(Cl)cc2)nc(-c2ccccn2)n1,5.3134
COc1ccc(OC)c2c1C(=O)C(Cl)=C(Cl)C2=O,4.9281
CCOc1cc(CNC2CCCC2)cc(Cl)c1OCc1ccccc1.Cl,5.3467
N=C1SCC(=O)N1c1ncc(Cc2ccc(F)cc2)s1,5.1337
N#CC(C#N)=C1C=CC=CN1/C(=C\c1ccco1)C(=O)c1ccc(Cl)cc1,5.1113
COc1ccc(NC(=O)/C(Cl)=C(/Cl)[S+]([O-])Cc2ccccc2)cn1,5.1333
Nc1c2c(nc3sc4c(c13)CCCC4)CCCC2,5.0817
C=CCN1CC[C@]23c4c5ccc(O)c4O[C@H]2C(=O)CC[C@@]3(O)[C@H]1C5.Cl,6.4752
COCCN(CC(=O)NC1CCCCC1)C(=O)/C=C/C(=O)c1ccc(OC)cc1O,4.9701
Cc1ccc(S(=O)(=O)Nc2cccc3cccnc23)cc1,5.5901
O=C(Nc1nc2ccc(F)cc2s1)c1ccccn1,5.3372
Cc1cccc(-c2nnc(NC(=O)c3ccc(Cl)cc3)o2)c1,5.2565
COc1cc(NC(=O)Cn2ncc(Cl)c(Cl)c2=O)c(C)cc1[N+](=O)[O-],4.8734
COc1ccc(-c2nnc(NC(=O)c3ccc(F)cc3)o2)cc1,4.9666
CCc1nnc(NC(=O)c2cccc(C(=O)Nc3nnc(CC)s3)n2)s1,5.3010
Cc1ccc(CN2C3CCCC2CC(NC(=O)c2ccc(F)cc2)C3)cc1,5.2725
O=C(N/N=C(\c1ccccc1)c1cccnc1)c1cccc(F)c1,4.8827
Cc1cccc(/C=N/NC(=O)c2cccc([N+](=O)[O-])c2)n1,4.9066
CNc1cc(Cl)c2nonc2c1[N+](=O)[O-],5.3003
CC/C(=N\Nc1ccnc2cc(Cl)ccc12)c1ccc(O)cc1,5.4600
N=C1SCC(=O)N1c1ncc(Cc2cccc(Cl)c2)s1,5.1656
COc1ccc(C[C@H]2CN3C(=NC[C@@H]3C(C)C)N2C[C@H](C)NC(=O)c2ccc(C)c(Br)c2)cc1,5.4408
Cc1ccc(S(=O)(=O)Nc2cccc3cccnc23)c([N+](=O)[O-])c1,5.2557
COc1ccc(S(=O)(=O)N(CC(=O)Nc2ccc(S(=O)(=O)N3CCOCC3)cc2)c2ccccc2)cc1,5.4715
CC(=O)Nc1ccc(NC(=O)C(C)OC(=O)c2ccccc2C(=O)c2ccc(Cl)c([N+](=O)[O-])c2)cc1,5.0744
COc1ccc(C(=O)/C=C/C(=O)N(CC(=O)NC2CCCCC2)Cc2ccccc2)c(O)c1,5.1913
COc1ccc(-c2cc(=O)n(-c3nc4ccccc4[nH]3)[nH]2)cc1,5.0419
Cc1c(/N=C2\C=CC(=O)c3ccccc32)c(=O)n(-c2ccccc2)n1C,4.9172
CS(=O)(=O)O.O.Oc1ccc2c3c1O[C@H]1c4oc5ccccc5c4C[C@@]4(O)[C@@H](C2)N(CC2CC2)CC[C@]314,6.1558
Cc1[nH]c(N=Nc2ccccc2)nc1N=Nc1ccccc1,5.0757
COc1ccc(C)c(-n2c(=O)n(Cc3ccccc3)c(=O)c3[nH]cnc32)c1,5.1649
C=C1C(=O)O[C@@H]2C[C@@H](C)[C@@H]3C=CC(=O)[C@@]3(C)[C@@H](OC(=O)CC(=O)O[C@H]3[C@@H]4C(=C)C(=O)O[C@@H]4C[C@@H](C)[C@@H]4C=CC(=O)[C@]43C)[C@H]12,4.9560
Cc1c(Nc2cc(Cl)c3nonc3c2[N+](=O)[O-])c(=O)n(-c2ccccc2)n1C,4.9530
COCc1cc(O)nc(Nc2nc3ccc(C)cc3o2)n1,5.1475
Cc1cccnc1Nc1nc(-c2ccccn2)cs1,5.5376
N#CC(C#N)=C1C=CC=CN1/C(=C\c1ccco1)C(=O)c1ccc(-c2ccccc2)cc1,4.7932
CCOc1ccc(C(=O)NC2CC3CCCC(C2)N3Cc2ccccc2)cc1,4.9770
C=CCN1CC[C@]23c4c5ccc(O)c4OC2C(=O)CC[C@@]3(O)C1C5,6.1524
S=c1sc2c(Cl)ncnc2n1-c1ccccc1,5.2940
O=C(N/N=C/c1ccccn1)c1cc([N+](=O)[O-])cc([N+](=O)[O-])c1,5.3072
CC(OC(=O)c1cc2c(ccc3ccccc32)oc1=O)c1nc2ccccc2s1,4.9788
CCCc1nc2oc3c(Cl)ncnc3c2c2c1CCCC2,5.3335
Fc1ccccc1/C=N/Nc1nc(-c2ccccn2)nc2ccccc12,5.2083
C/C(=N\Nc1ncc(Cl)cc1Cl)c1ccccn1,5.4597
CC(=O)/C(=N\Nc1ccc(Cl)cc1Cl)Sc1cccc2cccnc12,5.0306
O=S(=O)(Nc1cccc2ncccc12)c1cccs1,5.5784
CC(Oc1ccc(Br)cc1)C(=O)Nc1nc(-c2ccccn2)cs1,5.2660
O=C(OCn1ncc(Br)c(Br)c1=O)c1ccc(F)cc1,4.9458
COc1ccc(-c2csc(N3C(=N)SCC3=O)n2)cc1,4.8928
O=C(N/N=C/c1ccccn1)c1ccc(Cl)cc1,5.0022
Cc1ccc([S+](C)[O-])cc1-n1c(=O)n(Cc2ccccc2)c(=O)c2[nH]cnc21,5.5719
Cc1ccccc1NC(=O)c1ccc(Nc2c([N+](=O)[O-])cc([N+](=O)[O-])c3ccccc23)cc1,5.0164
CSC(=S)N/N=C(\C)c1ccccc1,5.0773
CCN(CC)C(CNC(=O)c1cc(O)nc2ccccc12)c1ccccc1Cl,4.8311
COc1ccc(N=C(S)NC(NC(=O)c2ccccc2Cl)C(Cl)(Cl)Cl)c([N+](=O)[O-])c1,5.2107
CCc1ccc(NC(=O)c2nc(S(=O)(=O)Cc3ccccc3)ncc2Cl)cc1,5.0005
Cc1[nH]c2ccccc2c1/C=C1\SC(=N)N(c2nccs2)C1=O,4.9560
Cc1ccc(C(=O)NC2CC3CCCC(C2)N3Cc2ccccc2)cc1,5.0947
COc1cccc(N=Nc2ccc3cccnc3c2O)c1,5.2277
NC(=S)N/N=C/c1ncc(C(F)(F)F)cc1Cl,4.6536
COc1cc2c(c(OC)c1OC)-c1c(cc3c(c1OC)OCO3)C1OC2[C@@H](C)[C@H]1C,5.0123
O=C(N/N=C\c1ccccn1)c1ccccc1O,4.8996
COc1ccc(/C=C2\SC(=N)N(c3nccs3)C2=O)cc1OC,5.1415
COc1ccc(-c2csc(Cc3nc(O)cs3)n2)cc1,5.1013
CC1=C/C(=N\NC(=S)Nc2cccnc2)CC(C)(C)C1,5.0241
COc1cc(OC)c(OC)cc1CCC(C)NCCC(c1ccccc1)c1ccccc1.Cl,4.9626
O=C(Cn1ncc(Cl)c(Cl)c1=O)N1CCc2ccccc21,5.4024
CC(=O)N1N=C(c2cccs2)CC1c1cccc([N+](=O)[O-])c1,4.8416
O=[N+]([O-])c1ccc2nc(Cl)nc(-c3ccccc3)c2c1,4.8010
Oc1c(I)cc(Cl)c2cccnc12,5.2373
C/C(=N\NC(=O)C1COc2ccccc2O1)c1ccccn1,5.1593
CCCOc1ccc(C(=O)NNC(=S)NC(=O)CC)cc1,5.0996
Oc1ccc(CN2CCc3ccccc3C2)c2cccnc12,4.8539
COc1cc(/C=C2\SC(=S)N(Nc3ccccc3)C2=O)ccc1O,5.0752
Cc1ccc(NC(=O)c2cc(N3C(=O)C=CC3=O)ccc2N2CCOCC2)cc1,4.8541
COc1ccc(C(=O)/C(=C\c2ccco2)N2C=CC=CC2=C(C#N)C#N)cc1,4.9861
O=[N+]([O-])c1c(Nc2ccccc2O)cc(Cl)c2nonc12,5.2391
CC(=O)OCCNc1cc(Sc2nc3ccccc3[nH]2)c2nonc2c1[N+](=O)[O-],5.0338
COc1ccccc1/N=c1\scc(-c2ccc3c(c2)NC(=O)CO3)n1CC1CCCO1,5.2581
Cc1ccc2nc(NC(=O)c3ccccn3)sc2c1,5.5331
C/C(=N\NC(=O)c1cccc(Br)c1)c1ccccn1,5.7399
COc1ccc(NC(=O)/C(Cl)=C(/Cl)[S+]([O-])Cc2ccc(C)cc2)cn1,5.3761
CCOc1ccccc1C(=O)NC1CC2CCCC(C1)N2Cc1ccc(C)cc1,4.9908
COc1ccc(-n2nc(C#N)c(Cl)cc2=O)cc1,4.9976
O=C(N/N=C/c1ccccn1)c1cc(-c2ccc(Br)cc2)nc2ccccc12,5.4260
Cc1ccc(Nc2cc(C)nn2-c2nc(C)cc(O)n2)cc1,6.1267
Oc1nc(-c2ccccn2)nc2sc(-c3ccccc3)cc12,5.7471
CS(=O)(=O)c1sc(C#N)c2c1C(=O)CC(c1ccccc1)C2,5.4127
CCC(=O)OCCNc1cc(Sc2nccn2C)c2nonc2c1[N+](=O)[O-],5.0184
COc1ccc(N2CCN(CCCNC(=O)C(=O)c3c(C)n(C)c4ccccc34)CC2)cc1,4.9738
Oc1nc(Nc2nc3ccccc3o2)nc2c1CCCC2,5.2782
Cl.O=C1CC[C@@]2(O)[C@H]3Cc4ccc(O)c5c4[C@@]2(CCN3CC2CC2)[C@H]1O5,6.7595
CCCN(CCC)CC(O)Cn1cc(/C=C/C(=O)c2cccs2)c2ccccc21,5.1649
O=C(N/N=C/c1ccccn1)c1cc(-c2ccc(Cl)cc2)nc2ccccc12,5.8013
O=C(Nc1nc2c(F)cc(F)cc2s1)c1ccccn1,5.0835
COC(=O)c1ccc(C)c(-n2c(=O)n(Cc3ccccc3)c(=O)c3[nH]cnc32)c1,5.1945
Oc1c(N=Nc2ccccn2)ccc2ccccc12,5.6345
Cc1ccc(C(=O)N[C@@H](C)CN2C3=NC[C@@H](Cc4ccccc4)N3C[C@H]2Cc2ccc(O)cc2)cc1Br,5.6707
O=C(C#Cc1cccc([N+](=O)[O-])c1)c1ccccc1,4.6421
CCC(=O)OCCNc1cc(Sc2nc3ccccc3[nH]2)c2nonc2c1[N+](=O)[O-],5.1550
CCS(=O)(=O)c1ncc(Cl)c(C(=O)Nc2ccc(S(=O)(=O)N(C)c3ccccc3)cc2)n1,5.2799
CCc1nc2sc3c(Cl)ncnc3c2c2c1CCCC2,5.2660
COC(=O)[C@H](Cc1c[nH]c2ccccc12)n1cc(-c2cc(C(=O)N3CCNCC3)cc(-c3cn([C@@H](Cc4ccc(O)cc4)C(=O)O)nn3)c2)nn1.Cl,6.3044
COc1cc(/C=C2/SC(=S)N(c3c(C)n(C)n(-c4ccccc4)c3=O)C2=O)ccc1O,4.8962
O=C(C#Cc1ccccc1)c1ccc([N+](=O)[O-])cc1,4.9010
C/C(=N\NC(=O)c1cc2ccccc2cc1O)c1ccccn1,5.6696
Cc1cccc(CSc2cccc3cccnc23)c1,5.0615
COc1ccc(C[S+]([O-])/C(Cl)=C(/Cl)C(=O)Nc2ccc(OC)nc2)cc1,5.1826
Cc1cccc(C(=O)NC2CC3CCCC(C2)N3Cc2ccccc2)c1,4.7521
O=C1/C(=C\c2ccc(O)cc2)SC(=S)N1c1cccnc1,4.9431
COCC/N=c1\scc(-c2cc(OC)ccc2OC)n1/N=C/c1c[nH]c2ccccc12,5.2147
Cc1cc2nc(N3C(=O)CNC3=S)sc2cc1C,5.0680
COc1cc(/C=C/c2ccc3cccc(O)c3n2)ccc1O,4.9245
O=C(N/N=C/c1ccccn1)c1cc(Br)ccc1O,5.0438
CC(NC(=O)Cn1ncc(Cl)c(Cl)c1=O)C12CC3CC(CC(C3)C1)C2,5.6248
COc1cc2c(cc1OC)C1(CCCC1)CNC2c1cccc([N+](=O)[O-])c1,5.2790
CC1=NN(c2ccccc2)C(=O)/C1=C/C=C/c1ccc(N(C)C)cc1,5.0820
Cc1ccc2oc(Nc3nc(O)cc(-c4ccccc4)n3)nc2c1,4.9245
Oc1ccc2ccccc2c1N=Nc1ccccn1,5.2907
COc1ccccc1N=Nc1nc(-c2ccccc2)c(-c2ccccc2)[nH]1,4.6198
CCC(=O)OCCNc1cc(Sc2nc3ccccc3s2)c2nonc2c1[N+](=O)[O-],5.0883
C/C(=N\NC(=O)c1ccc(Cl)cc1)c1ccccn1,5.9747
CC(=O)NS(=O)(=O)c1ccc(Nc2ccc([N+](=O)[O-])c3nonc23)cc1,4.8570
O=S1(=O)Nc2c(ccc3cccnc23)-c2ccccc21,5.8861
CCCCN(CCCNC(=O)C1CCN(S(=O)(=O)N2CCOCC2)CC1)c1ccccc1,4.9690
Cc1cc(OCC(=O)Nc2ccc(S(=O)(=O)N3CCN(C)CC3)cc2)cc(C)c1Cl,5.1331
O=[N+]([O-])c1cc(Cl)c(O)c2ncccc12,5.1649
CC1CCc2c(nc3sc4c(c3c2N)CCCC4)C1,5.6576
C=CCNC(=S)N/N=C(\C)c1ccccn1,5.4855
O=C(Nc1nnc(-c2ccc(F)cc2)o1)c1cc(Cl)sc1Cl,5.0590
O=C(Sc1cccc2cccnc12)c1ccccc1Br,4.9788
COc1cc(/C=C2\SC(=S)N(NC(=O)c3ccc(O)c(OC)c3)C2=O)ccc1O,4.8268
CC(=O)O.Cc1nc2scc(-c3ccccc3)c2c(=O)n1N=C1C=CC(=O)C=C1,4.9085
N#CC(C#N)=C1C=CC=CN1/C(=C\c1ccco1)C(=O)c1ccccc1,5.0180
Cc1nnc(Sc2cc(NCCCO)c([N+](=O)[O-])c3nonc23)s1,5.2111
O=C(NNC(=O)c1ccccc1OCc1ccccc1Cl)c1csc(N2CCOCC2)n1,4.8894
Cc1nn(-c2ccccc2)c(O)c1/C=N/N1C(=O)c2cccc3cccc(c23)C1=O,4.9872
O=C(NNC(=O)C(c1ccccc1)c1ccccc1)c1ccccn1,4.7570
C/C(=N\NC(=O)c1ccc(Cl)c(Cl)c1)c1ccccn1,5.5528
CCOc1ccc2nc(N3C(=O)CNC3=S)sc2c1,4.7852
CC1=NN(c2ccccc2)C(=O)/C1=C/C=C/C=C/N(C)C,4.6655
CCn1c(Cl)c(C=O)s/c1=N\S(=O)(=O)c1ccccc1,5.1212
O=C(NNC(=O)C12CC3CC(CC(C3)C1)C2)c1ccccn1,4.8239
O=C(Nc1nccs1)c1sc2cc(Cl)ccc2c1Cl,5.0223
COc1cccc(C(=O)N/N=C(/c2ccccc2)c2ccccn2)c1,4.8356
CCOc1ccc2nc(NC(=O)c3ccccn3)sc2c1,5.1864
O=C(NNC1=Nc2ccccc2SC1)c1ccc(Cl)cc1,4.9788
O=C(N/N=C/c1ccccn1)c1cc(-c2ccccc2)nc2ccccc12,5.3382
Cc1nc(-c2ccccn2)nc(S)c1Cl,4.6925
Cc1sc(Cc2nc(O)cs2)nc1-c1ccccc1,4.8069
O=S(=O)(Nc1cccc2cccnc12)c1ccc(S(=O)(=O)N2CCCC2)cc1,5.0696
Cc1ccc(-n2[nH]c(C)c(/C=N/N3C(=O)c4cccc5cccc(c45)C3=O)c2=O)cc1,5.1993
C/C(=N\NC(=O)c1ccccc1Cl)c1ccccn1,5.0675
COc1ccc(N=Nc2ccc(O)c3ncccc23)cc1,5.2487
Cc1ccc2c(C)ccc(O)c2n1,4.9101
O=C(Nc1nnc(SCc2ccc(F)cc2)s1)c1ccccn1,5.3516
CC(C)(C)c1ccc(-n2nc(C#N)c(Cl)cc2=O)cc1,5.4149
O=C(Nc1nnc(-c2ccccc2)o1)c1ccc(Cl)cc1,5.1624
O=c1cc(-c2c(F)c(F)c(F)c(F)c2F)oc2ccccc12,5.1106
COc1cc(OC)cc(-c2nnc(NC(=O)c3ccc4c(c3)OCCO4)o2)c1,4.8761
N=C1S/C(=C\c2ccc(-c3cccc(Cl)c3)o2)C(=O)N1c1nccs1,5.2426
CCCC(=O)OCCNc1cc(Sc2nccn2C)c2nonc2c1[N+](=O)[O-],4.8886
C=CC/N=c1\scc(-c2ccc3c(c2)NC(=O)CO3)n1/N=C(\C)c1ccccn1,4.9957
Cc1cc(N/N=C/c2ccccc2[N+](=O)[O-])nc(-n2nc(C)cc2C)n1,4.9547
C/C(=N\NC(=O)c1cc(Br)ccc1O)c1ccccn1,5.4510
Cc1n[nH]c(C)c1S(=O)(=O)N1CCC(C(=O)N2CCn3c2nc2ccccc23)CC1,5.1141
CC1CN(c2ncnc3c2c(-c2ccccc2)cn3-c2ccc(F)cc2)CC(C)O1,5.7747
CCOc1cc(/C=C2\SC(=S)N(C(C(=O)O)c3ccccc3)C2=O)ccc1O,4.6345
COc1cc(/C=C/c2sc3ccccc3[n+]2CCCS(=O)(=O)[O-])ccc1O,4.7190
O=C(NC(=S)N1CCN(c2ccc(Cl)cc2[N+](=O)[O-])CC1)c1cccs1,4.9101
O=C(N/N=C/c1ccccn1)c1cccc([N+](=O)[O-])c1,4.9208
O=[N+]([O-])c1ccccc1S(=O)(=O)Nc1cccc2cccnc12,5.1057
N=C1SCC(=O)N1c1ncc(Cc2ccccc2Cl)s1,5.1805
Cc1ccccc1N=Nc1ccc(O)c2ncccc12,5.3862
Cc1ccnc2c1n1cccc1c(=O)n2CC(=O)NCCCN1CCN(c2ccccc2)CC1,5.4486
CC(C)N(CCNC(=O)c1ccc(CNS(=O)(=O)c2ccc(C3CCCCC3)cc2)cc1)Cc1ccccc1,5.9136
CN(CCNC(=O)c1ccc(CNS(=O)(=O)c2ccc([N+](=O)[O-])cc2)cc1)Cc1ccccc1,4.7186
O=C(Cn1c(=O)c2cccn2c2cccnc21)NCCCN1CCN(c2ccc(Cl)cc2)CC1,5.4634
CCN(CCNC(=O)c1ccc(CNS(=O)(=O)c2ccccc2)cc1)Cc1ccccc1,5.1153
Cc1ccnc2c1n1cccc1c(=O)n2CC(=O)NCCCN1CCN(c2ccc(Cl)cc2)CC1,6.4401
COc1ccc(N2CCN(CCCNC(=O)Cn3c(=O)c4cccn4c4c(C)ccnc43)CC2)cc1,7.0160
COc1ccc(N2CCN(CCCNC(=O)Cn3c(=O)c4cccn4c4cc(Br)cnc43)CC2)cc1,5.8353
Cc1ccc(S(=O)(=O)NCc2ccc(C(=O)NCCN3CCC(c4ccccc4)CC3)cc2)cc1,4.9747
COc1ccc(N2CCN(CCCNC(=O)Cn3c(=O)c4cccn4c4cc(Br)cnc43)CC2)c(OC)c1,5.5349
COc1ccc(N2CCN(CCCNC(=O)Cn3c(=O)c4cccn4c4c(C)ccnc43)CC2)c(OC)c1,6.8125
COc1ccc(CN(CCNC(=O)c2ccc(CNS(=O)(=O)c3ccccc3)cc2)C(C)C)cc1,5.5003
Cc1ccc(N2CCN(CCCNC(=O)Cn3c(=O)c4cccn4c4c(C)ccnc43)CC2)cc1,5.8500
Cc1ccnc2c1n1cccc1c(=O)n2CC(=O)NCCCN1CCN(c2ccc3c(c2)OCO3)CC1,6.4330
O=C(Cn1c(=O)c2cccn2c2cccnc21)NCCCN1CCN(c2ccc3c(c2)OCO3)CC1,5.7419
Cc1ccc(S(=O)(=O)NCc2ccc(C(=O)NCCN3CCc4ccccc4C3)cc2)cc1,5.2233
COc1ccc(N2CCN(CCCNC(=O)Cn3c(=O)c4cccn4c4cccnc43)CC2)c(OC)c1,5.9433
O=C(Cn1c(=O)c2cccn2c2cc(Br)cnc21)NCCCN1CCN(c2ccc3c(c2)OCO3)CC1,5.6162
Cc1ccc(N2CCN(CCCNC(=O)Cn3c(=O)c4cccn4c4cccnc43)CC2)cc1,5.9957
Clc1ccccc1CSc1nnc(-c2ccccn2)n1Cc1cccs1,5.1936
Fc1ccc(CSc2nnc(-c3ccccn3)n2Cc2ccco2)c(C(F)(F)F)c1,5.1755
O=[N+]([O-])c1ccc(CSc2nnc(-c3ccccn3)n2Cc2cccs2)cc1,5.9631
Cc1ccccc1CSc1nnc(-c2ccccn2)n1Cc1cccs1,4.8327
Fc1cc(F)cc(CSc2nnc(-c3ccccn3)n2Cc2ccco2)c1,4.8945
FC(F)(F)c1ccc(CSc2nnc(-c3ccccn3)n2Cc2ccco2)cc1,5.7356
Cc1ccccc1CSc1nnc(-c2ccccn2)n1Cc1ccco1,4.6471
FC(F)(F)c1cc(CSc2nnc(-c3ccccn3)n2Cc2ccco2)ccc1Cl,6.3193
N#Cc1ccc(CSc2nnc(-c3ccccn3)n2Cc2ccco2)cc1,4.9413
N#Cc1ccc(CSc2nnc(-c3ccccn3)n2Cc2cccs2)cc1,5.3935
Fc1cccc(F)c1CSc1nnc(-c2ccccn2)n1Cc1cccs1,4.7123
CC(C)c1ccc(CSc2nnc(-c3ccccn3)n2Cc2cccs2)cc1,5.5500
O=[N+]([O-])c1ccc(CSc2nnc(-c3ccccn3)n2Cc2ccco2)cc1,5.6172
COC(=O)c1ccc(CSc2nnc(-c3ccccn3)n2Cc2ccco2)cc1,4.9537
Cc1cc(C)c(CSc2nnc(-c3ccccn3)n2Cc2ccco2)c(C)c1,4.9120
CC(C)c1ccc(CSc2nnc(-c3ccccn3)n2Cc2ccco2)cc1,5.3854
Fc1ccc(CSc2nnc(-c3ccccn3)n2Cc2cccs2)c(C(F)(F)F)c1,5.4983
COc1cccc(CSc2nnc(-c3ccccn3)n2Cc2cccs2)c1,4.9866
COC(=O)c1ccc(CSc2nnc(-c3ccccn3)n2Cc2cccs2)cc1,5.2172
FC(F)(F)c1ccc(CSc2nnc(-c3ccccn3)n2Cc2cccs2)cc1,6.0585
Fc1ccc(CSc2nnc(-c3ccccn3)n2Cc2ccco2)c(F)c1F,5.2154
Fc1ccc(CSc2nnc(-c3ccccn3)n2Cc2cccs2)c(F)c1F,5.6395
Cc1c(CSc2nnc(-c3ccccn3)n2Cc2cccs2)cccc1[N+](=O)[O-],5.3085
Fc1cc(F)cc(CSc2nnc(-c3ccccn3)n2Cc2cccs2)c1,5.2944
Cc1c(CSc2nnc(-c3ccccn3)n2Cc2ccco2)cccc1[N+](=O)[O-],4.9996
Cc1cc(C)c(CSc2nnc(-c3ccccn3)n2Cc2cccs2)c(C)c1,5.0223
FC(F)(F)c1cc(CSc2nnc(-c3ccccn3)n2Cc2cccs2)ccc1Cl,6.1123
Clc1ccccc1CSc1nnc(-c2ccccn2)n1Cc1ccco1,4.9830
CCN(CCNC(=O)c1ccc(CNS(=O)(=O)c2ccc(OC)cc2)cc1)Cc1ccccc1,4.8772
COc1ccc(S(=O)(=O)NCc2ccc(C(=O)NCCN(Cc3ccc(Br)cc3)C(C)C)cc2)cc1,5.3649
CCc1ccc(S(=O)(=O)NCc2ccc(C(=O)NCCN(Cc3ccccc3)C(C)CC)cc2)cc1,6.0878
CCN(CCNC(=O)c1ccc(CNS(=O)(=O)c2ccc(Br)cc2)cc1)Cc1ccccc1,5.0146
CCc1ccc(S(=O)(=O)NCc2ccc(C(=O)NCCN(Cc3ccc(OC)cc3)C(C)C)cc2)cc1,6.3187
CCc1ccc(S(=O)(=O)NCc2ccc(C(=O)NCCN(Cc3ccc(C)cc3)C(C)C)cc2)cc1,6.4458
CCc1ccc(S(=O)(=O)NCc2ccc(C(=O)NCCN(Cc3ccc(Br)cc3)C(C)C)cc2)cc1,6.1838
Cc1ccc(CN(CCNC(=O)c2ccc(CNS(=O)(=O)c3cccc(C)c3)cc2)C(C)C)cc1,5.9541
O=C(Cn1c(=O)c2cccn2c2cccnc21)NCCCN1CCN(c2ccccc2)CC1,5.4140
CCc1ccc(S(=O)(=O)NCc2ccc(C(=O)NCCN(CC)Cc3ccccc3)cc2)cc1,5.2714
Cc1ccc(CN(CCNC(=O)c2ccc(CNS(=O)(=O)c3ccc(C)cc3)cc2)C(C)C)cc1,6.2704
Cc1cccc(S(=O)(=O)NCc2ccc(C(=O)NCCN(Cc3ccccc3)C(C)C)cc2)c1,5.8470
COc1ccc(S(=O)(=O)NCc2ccc(C(=O)NCCN(Cc3ccccc3)C(C)C)cc2)cc1,5.8369
Cc1ccc(S(=O)(=O)NCc2ccc(C(=O)NCCN(Cc3ccc(Br)cc3)C(C)C)cc2)cc1,6.1805
COc1ccc(CN(CCNC(=O)c2ccc(CNS(=O)(=O)c3ccc(C)cc3)cc2)C(C)C)cc1,5.9571
O=C(Cn1c(=O)c2cccn2c2cccnc21)NCCCN1CCC(Cc2ccccc2)CC1,5.6076
CCN(CCNC(=O)c1ccc(CNS(=O)(=O)c2ccc(C)cc2)cc1)Cc1ccccc1,5.3936
CC(C)N(CCNC(=O)c1ccc(CNS(=O)(=O)c2ccc(Br)cc2)cc1)Cc1ccccc1,6.1276
CCc1ccc(S(=O)(=O)NCc2ccc(C(=O)NCCN(C)[C@@H](C)c3ccccc3)cc2)cc1,5.7757
Cc1ccc(S(=O)(=O)NCc2ccc(C(=O)NCCN(Cc3ccccc3)Cc3ccccc3)cc2)cc1,4.9586
O=C(NCCN(Cc1ccccc1)Cc1ccccc1)c1ccc(CNS(=O)(=O)c2ccc(Br)cc2)cc1,5.2161
CC(C)N(CCNC(=O)c1ccc(CNS(=O)(=O)c2ccc(Br)cc2)cc1)Cc1ccc(Br)cc1,5.6925
O=C(Cn1c(=O)c2cccn2c2ccc(F)cc21)NCCCN1CCN(c2ccc(F)cc2)CC1,4.8356
O=C(Cn1c(=O)c2cccn2c2cccnc21)NCCCN1CCN(Cc2ccccc2)CC1,4.9586
COc1ccc(S(=O)(=O)NCc2ccc(C(=O)NCCN(Cc3ccccc3)Cc3ccccc3)cc2)cc1,4.8827
O=C(NC(NC(=S)Nc1ccc(F)cc1)C(Cl)(Cl)Cl)OCc1ccccc1,5.2204
O=C(NC(NC(=S)Nc1ccc(Cl)c(Cl)c1)C(Cl)(Cl)Cl)OCc1ccccc1,4.9245
Oc1ccc(C=NNc2ccnc3cc(Cl)ccc23)cc1O,4.6055
COc1ccc(S(=O)(=O)NCc2ccc(C(=O)NCCN(C)Cc3ccccc3)cc2)cc1,4.6198
Cc1ccc(C)c(N2CCN(CCCNC(=O)Cn3c(=O)c4cccn4c4cccnc43)CC2)c1,4.6882
O=C(Cn1c(=O)c2cccn2c2cccnc21)NCCCN1CCN(c2ccc(F)cc2)CC1,4.8182
O=C(NC(NC(=S)Nc1ccccc1)C(Cl)(Cl)Cl)OCc1ccccc1,4.7545
O=C(NC(NC(=S)Nc1cccc(Cl)c1)C(Cl)(Cl)Cl)OCc1ccccc1,4.9101
O=C(CSc1nnc(-c2ccccn2)n1Cc1ccco1)c1ccc(Cl)cc1,5.1158
CCCCN(Cc1cc2cc(OC)ccc2nc1O)C(=O)c1ccccn1,4.7011
Cc1ccc(-n2[nH]c(C)c(C=Nc3ccc(Cl)c4cccnc34)c2=O)cc1,5.4141
O=C(c1ccccn1)N(Cc1cc2ccccc2nc1O)C1CCCCC1,4.7423
COc1ccc(CN(Cc2ccccn2)C(=O)CN2C(=O)COc3ccccc32)cc1,4.9957
Cc1cccc(-n2ccnc2CN2CCC(CO)(CC3CCCCO3)CC2)c1,5.2351
Cc1ccc(S(=O)(=O)NCc2ccc(C(=O)NCCN(Cc3ccccc3)CC(C)C)cc2)cc1,5.3635
COc1ccc(CN(CCNC(=O)c2cccc(CNS(=O)(=O)c3ccc(C)cc3)c2)C(C)C)cc1,5.0443
Clc1ccc(CSc2nnc(-c3ccccn3)n2Cc2ccccc2Cl)cc1Cl,4.9281
FC(F)(F)c1cc(CSc2nnc(-c3ccccn3)n2Cc2cccnc2)ccc1Cl,6.3002
Clc1ccc(CSc2nnc(-c3ccccn3)n2Cc2ccccc2)cc1Cl,5.9066
Brc1ccc(CSc2nnc(-c3ccccn3)n2Cc2cccnc2)cc1,5.0701
Clc1ccccc1Cn1c(SCc2ccc(Br)cc2)nnc1-c1ccccn1,4.8477
Brc1ccc(CSc2nnc(-c3ccccn3)n2Cc2ccccc2)cc1,5.3915
COc1ccc(Cn2c(SCc3ccc(Cl)c(Cl)c3)nnc2-c2ccccn2)cc1,4.7595
Cc1ccc2nc(O)c(CN(Cc3ccccc3)C(=O)c3ccccn3)cc2c1,5.0339
COc1ccc(Cn2c(SCc3ccc(Cl)c(C(F)(F)F)c3)nnc2-c2ccccn2)cc1,4.7258
Clc1ccc(CSc2nnc(-c3ccccn3)n2Cc2cccnc2)cc1Cl,6.1215
CCCCN(Cc1cc2cc(Cl)ccc2nc1O)C(=O)c1ccccn1,5.7282
FC(F)(F)c1cc(CSc2nnc(-c3ccccn3)n2Cc2ccccc2Cl)ccc1Cl,5.3665
Clc1ccc(CSc2nnc(-c3ccc(Br)cc3)n2Cc2ccco2)cc1Cl,5.0969
COc1cccc(CSc2nnc(-c3ccccn3)n2Cc2ccco2)c1,4.8153
FC(F)(F)c1cc(CSc2nnc(-c3ccc(Br)cc3)n2Cc2ccco2)ccc1Cl,4.9574
FC(F)(F)c1cc(CSc2nnc(-c3ccccn3)n2Cc2ccccc2)ccc1Cl,5.6536
Brc1ccc(CSc2nnc(-c3ccc(Br)cc3)n2Cc2ccco2)cc1,4.9469
Cc1ccc2nc(O)c(CN(CCC(C)C)C(=O)c3ccccn3)cc2c1,4.8827
Cc1cc(N)c2cc(NC(=O)c3ccccc3COc3ccc(CNCCCNCc4ccc(OCc5ccccc5C(=O)Nc5ccc6nc(C)cc(N)c6c5)cc4)cc3)ccc2n1,5.2616
Cc1cc(N)c2cc(NC(=O)c3ccccc3COc3ccc(CNCCCCNCc4ccc(OCc5ccccc5C(=O)Nc5ccc6nc(C)cc(N)c6c5)cc4)cc3)ccc2n1,5.9622
Cc1cc(N)c2cc(NC(=O)c3ccccc3COc3ccc(CNCCCCCNCc4ccc(OCc5ccccc5C(=O)Nc5ccc6nc(C)cc(N)c6c5)cc4)cc3)ccc2n1,5.8251
Cc1cc(N)c2cc(NC(=O)c3ccccc3COc3ccc(CNCCCCCCNCc4ccc(OCc5ccccc5C(=O)Nc5ccc6nc(C)cc(N)c6c5)cc4)cc3)ccc2n1,5.8706
Cc1cc(N)c2cc(NC(=O)c3ccccc3COc3ccc(CNCCCCCCCNCc4ccc(OCc5ccccc5C(=O)Nc5ccc6nc(C)cc(N)c6c5)cc4)cc3)ccc2n1,5.9901
Cc1cc(N)c2cc(NC(=O)c3ccccc3COc3ccc(CNCCCCCCCCNCc4ccc(OCc5ccccc5C(=O)Nc5ccc6nc(C)cc(N)c6c5)cc4)cc3)ccc2n1,5.8965
Cc1cc(N)c2cc(NC(=O)c3ccccc3COc3ccc(CNCCCCCCCCCNCc4ccc(OCc5ccccc5C(=O)Nc5ccc6nc(C)cc(N)c6c5)cc4)cc3)ccc2n1,5.9792
Cc1cc(N)c2cc(NC(=O)c3ccccc3COc3ccc(CNCCCCCCCCCCNCc4ccc(OCc5ccccc5C(=O)Nc5ccc6nc(C)cc(N)c6c5)cc4)cc3)ccc2n1,6.0458
CCCNCc1ccc(OCc2ccccc2C(=O)Nc2ccc3nc(C)cc(N)c3c2)cc1,5.5116
CCCCNCc1ccc(OCc2ccccc2C(=O)Nc2ccc3nc(C)cc(N)c3c2)cc1,5.2274
CCCCCNCc1ccc(OCc2ccccc2C(=O)Nc2ccc3nc(C)cc(N)c3c2)cc1,5.4355
CCCCCCNCc1ccc(OCc2ccccc2C(=O)Nc2ccc3nc(C)cc(N)c3c2)cc1,5.9367
CCCCCCCNCc1ccc(OCc2ccccc2C(=O)Nc2ccc3nc(C)cc(N)c3c2)cc1,5.7328
CCCCCCCCNCc1ccc(OCc2ccccc2C(=O)Nc2ccc3nc(C)cc(N)c3c2)cc1,5.3050
CCCCCCCCCNCc1ccc(OCc2ccccc2C(=O)Nc2ccc3nc(C)cc(N)c3c2)cc1,5.5909
CCCCCCCCCCNCc1ccc(OCc2ccccc2C(=O)Nc2ccc3nc(C)cc(N)c3c2)cc1,5.3617
Cc1cc(N)c2cc(NC(=O)c3ccccc3COc3ccc(CNCCCN)cc3)ccc2n1,5.7828
Cc1cc(N)c2cc(NC(=O)c3ccccc3COc3ccc(CNCCCCN)cc3)ccc2n1,5.3709
Cc1cc(N)c2cc(NC(=O)c3ccccc3COc3ccc(CNCCCCCN)cc3)ccc2n1,5.6666
Cc1cc(N)c2cc(NC(=O)c3ccccc3COc3ccc(CNCCCCCCN)cc3)ccc2n1,5.9129
Cc1cc(N)c2cc(NC(=O)c3ccccc3COc3ccc(CNCCCCCCCN)cc3)ccc2n1,6.0009
Cc1cc(N)c2cc(NC(=O)c3ccccc3COc3ccc(CNCCCCCCCCN)cc3)ccc2n1,6.0595
Cc1cc(N)c2cc(NC(=O)c3ccccc3COc3ccc(CNCCCCCCCCCN)cc3)ccc2n1,5.2092
Cc1cc(N)c2cc(NC(=O)c3ccccc3COc3ccc(CNCCCCCCCCCCN)cc3)ccc2n1,5.0408
COc1ccc(-c2c(C)c(C(=O)NC3(C#N)CCCCC3)nn2-c2ccccc2Br)cc1,6.2240
COc1ccc(-c2c(C)c(C(=O)NC3(C#N)CCOCC3)nn2-c2ccccc2Br)cc1,6.0980
Nc1nc2cc3c(cc2s1)C[C@@H]1[C@@H]2CCCC[C@]32CCN1CCCF,8.5089
Nc1nc2cc3c(cc2s1)C[C@@H]1[C@@H]2CCCC[C@]32CCN1C[C@@H]1CCCO1,8.4674
CNc1nc2cc3c(cc2s1)C[C@@H]1[C@@H]2CCCC[C@]32CCN1CC1CC1,9.0172
CCNc1nc2cc3c(cc2s1)C[C@@H]1[C@@H]2CCCC[C@]32CCN1CC1CC1,8.3709
FC(F)(F)CNc1nc2cc3c(cc2s1)C[C@@H]1[C@@H]2CCCC[C@]32CCN1CC1CC1,7.9983
CCCNc1nc2cc3c(cc2s1)C[C@@H]1[C@@H]2CCCC[C@]32CCN1CC1CC1,8.7959
CC(=O)Nc1nc2cc3c(cc2s1)C[C@@H]1[C@@H]2CCCC[C@]32CCN1CC1CC1,7.8861
c1ccc(Nc2nc3cc4c(cc3s2)C[C@@H]2[C@@H]3CCCC[C@]43CCN2CC2CC2)cc1,7.6778
c1ccc(CNc2nc3cc4c(cc3s2)C[C@@H]2[C@@H]3CCCC[C@]43CCN2CC2CC2)cc1,8.6778
COc1cccc(CNc2nc3cc4c(cc3s2)C[C@@H]2[C@@H]3CCCC[C@]43CCN2CC2CC2)c1,8.3188
Oc1cccc(CNc2nc3cc4c(cc3s2)C[C@@H]2[C@@H]3CCCC[C@]43CCN2CC2CC2)c1,8.4559
CCNC(=S)Nc1nc2cc3c(cc2s1)C[C@@H]1[C@@H]2CCCC[C@]32CCN1CC1CC1,7.7447
c1ccc(Nc2nc3cc4c(cc3s2)C[C@@H]2[C@@H]3CCCC[C@]43CCN2CC2CC2)nc1,7.0223
c1c2c(cc3sc(NN4CCNCC4)nc13)C[C@@H]1[C@@H]3CCCC[C@]23CCN1CC1CC1,6.9586
CN(C)c1nc2cc3c(cc2s1)C[C@@H]1[C@@H]2CCCC[C@]32CCN1CC1CC1,8.3420
CC(=O)N(C)c1nc2cc3c(cc2s1)C[C@@H]1[C@@H]2CCCC[C@]32CCN1CC1CC1,8.1612
CCN(C(C)=O)c1nc2cc3c(cc2s1)C[C@@H]1[C@@H]2CCCC[C@]32CCN1CC1CC1,7.8861
CNc1nc2cc3c(cc2s1)C[C@@H]1[C@@H]2CCCC[C@]32CCN1CC1CCC1,8.6198
CCNc1nc2cc3c(cc2s1)C[C@@H]1[C@@H]2CCCC[C@]32CCN1CC1CCC1,8.4318
CNc1nc2cc3c(cc2s1)C[C@@H]1[C@@H]2CCCC[C@]32CCN1CCCF,8.4032
CC(=O)Nc1nc2cc3c(cc2s1)C[C@@H]1[C@@H]2CCCC[C@]32CCN1CCCF,8.9208
CCNc1nc2cc3c(cc2s1)C[C@@H]1[C@@H]2CCCC[C@]32CCN1CCCF,8.0387
CCCNc1nc2cc3c(cc2s1)C[C@@H]1[C@@H]2CCCC[C@]32CCN1CCCF,8.2366
CN(C)c1nc2cc3c(cc2s1)C[C@@H]1[C@@H]2CCCC[C@]32CCN1CCCF,7.9586
CCOC(=O)C1=C(C(=O)OCC)C2OC1C=C2[C@@H]1C[C@]2(C)[C@H]3C(=O)[C@@H](OC(C)=O)C[C@@H](C(=O)OC)[C@]3(C)CC[C@H]2C(=O)O1,6.9208
COC(=O)C1=C(C(=O)OC)C2OC1C=C2[C@@H]1C[C@]2(C)[C@H]3C(=O)[C@@H](OC(C)=O)C[C@@H](C(=O)OC)[C@]3(C)CC[C@H]2C(=O)O1,7.2218
COC(=O)[C@@H]1C[C@H](OC(C)=O)C(=O)[C@H]2[C@@]1(C)CC[C@H]1C(=O)O[C@H](C3=CC4OC3c3ccccc34)C[C@]21C,6.1024
COC(=O)[C@@H]1C[C@H](OC(C)=O)C(=O)[C@H]2[C@@]1(C)CC[C@H]1C(=O)O[C@H](C3=CC4OC3C3C4C4OC3(C)c3c4c4ccccc4c(=O)c4ccccc34)C[C@]21C,6.5376
CCOC(=O)c1ccc([C@@H]2C[C@]3(C)[C@H]4C(=O)[C@@H](OC(C)=O)C[C@@H](C(=O)OC)[C@]4(C)CC[C@H]3C(=O)O2)cc1C(=O)OCC,6.6421
COC(=O)c1ccc([C@@H]2C[C@]3(C)[C@H]4C(=O)[C@@H](OC(C)=O)C[C@@H](C(=O)OC)[C@]4(C)CC[C@H]3C(=O)O2)cc1C(=O)OC,6.5436
C=CCN1CC[C@]23c4c5ccc(OC(=O)CCCCCCCCC(=O)Oc6ccc7c(c6)[C@@]68CCCC[C@@]6(O)[C@@H](C7)N(CC6CCC6)CC8)c4O[C@H]2C(=O)CC[C@@]3(O)[C@H]1C5,7.9208
O=C(CCCCCCCCC(=O)Oc1ccc2c(c1)[C@@]13CCCC[C@@]1(O)[C@@H](C2)N(CC1CCC1)CC3)Oc1ccc2c(c1)[C@@]13CCCC[C@H]1[C@@H](C2)N(CC1CCC1)CC3,9.0757
C=CCN1CC[C@]23c4c5ccc(OC(=O)CCCCCCCCC(=O)Oc6ccc7c(c6)[C@@]68CCCC[C@@]6(OC)[C@@H](C7)N(CC6CCC6)CC8)c4O[C@H]2C(=O)CC[C@@]3(O)[C@H]1C5,8.1135
CO[C@@]12CCCC[C@@]13CCN(CC1CCC1)[C@@H]2Cc1ccc(OC(=O)CCCCCCCCC(=O)OCc2ccccc2)cc13,8.6778
CO[C@@]12CCCC[C@@]13CCN(CC1CCC1)[C@@H]2Cc1ccc(OC(=O)CCCCCCCCC(=O)Oc2ccc4c(c2)[C@@]25CCCC[C@@]2(OC)[C@@H](C4)N(CC2CCC2)CC5)cc13,8.6198
CO[C@@]12CCCC[C@@]13CCN(CC1CCC1)[C@@H]2Cc1ccc(O)cc13,8.5528
c1c2c(cc3sc(NCCCCCCCCCCNc4nc5cc6c(cc5s4)C[C@@H]4[C@@H]5CCCC[C@]65CCN4CC4CC4)nc13)C[C@@H]1[C@@H]3CCCC[C@]23CCN1CC1CC1,8.8527
O=C(CCCCCCCCC(=O)Nc1nc2cc3c(cc2s1)C[C@@H]1[C@@H]2CCCC[C@]32CCN1CC1CC1)Nc1nc2cc3c(cc2s1)C[C@@H]1[C@@H]2CCCC[C@]32CCN1CC1CC1,8.8457
O=C(NCCCN1CCC(c2c(Cl)cccc2Cl)CC1)[C@H]1CCCN1Cc1ccccc1,6.5000
COC(=O)N1CCN(C(=O)Cc2ccc(Cl)c(Cl)c2)[C@@H]([C@@H](C)N2CCCC2)C1,9.5086
O=C(N[C@@H]1CC[C@@]2(O)[C@H]3Cc4ccc(O)c5c4[C@@]2(CCN3CC2CC2)[C@H]1O5)c1cccc(I)c1,9.6383
C=CCN1CC[C@]23c4c5ccc(O)c4O[C@H]2[C@H](NC(=O)c2cccc(I)c2)CC[C@@]3(O)[C@H]1C5,10.0969
CN1CC[C@]23c4c5ccc(O)c4O[C@H]2[C@H](NC(=O)c2cccc(I)c2)CC[C@@]3(O)[C@H]1C5,8.0458
O=C(N[C@@H]1CC[C@@]2(O)[C@H]3Cc4ccc(O)c5c4[C@@]2(CCN3CC2CC2)[C@H]1O5)c1cccc([125I])c1,10.5686
C=CCN1CC[C@]23c4c5ccc(O)c4O[C@H]2[C@H](NC(=O)c2cccc([125I])c2)CC[C@@]3(O)[C@H]1C5,10.3010
CN1CC[C@]23C[C@H]1CC[C@H]2Oc1c(O)cccc13,5.1249
Oc1cccc2c1O[C@@H]1CC[C@@H]3C[C@]21CCN3CCc1ccccc1,6.7670
Oc1ccc2c(c1)[C@]13CCN(CCc4ccccc4)[C@H](CC[C@H]1O2)C3,7.0088
Oc1ccc2c(c1)[C@]13CCN(CCc4ccccc4)[C@H](CC[C@@H]1O2)C3,6.7011
Oc1cccc2c1O[C@H]1CC[C@@H]3C[C@]21CCN3CCc1ccccc1,6.4353
CCCCC/C=C/c1c(O)cc(CC=C(C)C)c2c1CC(O)O2,4.4895
CN1C[C@H]2Oc3ccc(O)cc3[C@@]23CCC[C@@H]1C3,5.9666
Oc1ccc2c(c1)[C@]13CCC[C@H](C1)N(CCc1ccccc1)C[C@H]3O2,5.9101
Oc1cccc2c1O[C@@H]1CN(CCc3ccccc3)[C@@H]3CCC[C@]21C3,7.2924
CO[C@@H]1CCCN1S(=O)(=O)c1ccccc1-c1ccc(CNCC(C)C)cc1,8.3279
CC(C)CNCc1ccc(-c2ccccc2S(=O)(=O)N2CCOC[C@H]2C)cc1,8.4559
CC(C)CNCc1ccc(-c2ccccc2S(=O)(=O)NC(C)C)cc1,7.2076
CC(C)N(C)S(=O)(=O)c1ccccc1-c1ccc(CNC2CCCC2)cc1,8.1249
CC(C)N(C)S(=O)(=O)c1ccccc1-c1ccc(CN2CCCCC2)cc1,8.0000
CC(C)CNCc1ccc(-c2ccccc2S(=O)(=O)N2CCCC2)cc1,8.9101
CC(C)CNCc1ccc(-c2ccccc2S(=O)(=O)N2CCC(F)(F)C2)cc1,7.6021
CC(C)CN(C)Cc1ccc(-c2ccccc2S(=O)(=O)N2CCCC2)cc1,7.1249
O=S(=O)(c1ccccc1-c1ccc(CNC2CCOCC2)cc1)N1CCC(F)(F)C1,7.4815
C[C@@H]1COCCN1S(=O)(=O)c1ccccc1-c1ccc(CNC2CCOCC2)cc1,7.8539
O=S(=O)(c1ccccc1-c1ccc(CNC2CCOCC2)cc1)N1CCCC1,7.9586
COC[C@H](C)NCc1ccc(-c2ccccc2S(=O)(=O)N2CCCC2)cc1,8.0655
COC1CCN(Cc2ccc(-c3ccccc3S(=O)(=O)N3CCCC3)cc2)CC1,8.6576
CN(C)CCNCc1ccc(-c2ccccc2S(=O)(=O)N2CCCC2)cc1,8.2366
CC1(CNCc2ccc(-c3ccccc3S(=O)(=O)N3CCCC3)cc2)COC1,8.5850
C[C@@H]1COCCN1S(=O)(=O)c1ccccc1-c1ccc(CN2CCN(C)CC2)cc1,7.8861
CC1(O)CCN(Cc2ccc(-c3ccccc3S(=O)(=O)N3CCCC3)cc2)CC1,9.3010
O=S(=O)(c1ccccc1-c1ccc(CN2C[C@@H]3CCC[C@H]2C3)cc1)N1CCCC1,8.7447
COC[C@@H]1CCCN1S(=O)(=O)c1ccccc1-c1ccc(CN2C[C@@H]3CCC[C@H]2C3)cc1,8.4318
O=S(=O)(c1ccccc1-c1ccc(CN2CCC(CCO)CC2)cc1)N1CCCC[C@H]1CO,8.9586
CC(C)CNCc1ccc(-c2ccccc2S(=O)(=O)N2CCCC2)cn1,7.2676
O=S(=O)(c1ccccc1-c1ccc(CN2C[C@@H]3CCC[C@H]2C3)nc1)N1CCCC1,7.1427
CC(C)CNCc1ccc(-c2ccccc2S(=O)(=O)N2CCOC[C@H]2C)cc1F,8.0000
O=S(=O)(c1ccccc1-c1ccc(CN2CCC(CCO)CC2)c(F)c1)N1CCCCC1,8.0555
CC(C)CNCc1ccc(-c2ccccc2S(=O)(=O)N2CCCC2)nc1,6.8041
O=S(=O)(c1ccccc1-c1ccc(CN2C[C@@H]3CCC[C@H]2C3)cn1)N1CCCC1,7.0757
CC(C)CNCc1ccc(-c2ncccc2S(=O)(=O)N2CCCC2)cc1,7.1805
O=S(=O)(c1cccnc1-c1ccc(CN2C[C@@H]3CCC[C@H]2C3)cc1)N1CCCC1,7.5850
CC(C)CNCc1ccc(-c2cnccc2S(=O)(=O)N2CCCC2)cc1,6.2336
CC(C)(C)CCNCc1ccc(-c2cnccc2S(=O)(=O)N2CCCC2)cc1,7.1249
CC(C)CNCc1ccc(-c2cccnc2S(=O)(=O)N2CCCC2)cc1,7.2676
O=S(=O)(c1ncccc1-c1ccc(CN2C[C@@H]3CCC[C@H]2C3)cc1)N1CCCC1,7.2757
CC(C)(C)CCNCc1ccc(-c2cccnc2S(=O)(=O)N2CCCC2)cc1,8.0757
CC(C)C[C@]1(c2cccc(O)c2)CCN(CC2CC2)C1,8.6038
O=S(=O)(c1ccccc1-c1ccc(CN[C@H]2c3ccccc3C[C@H]2O)cc1)N1CCCCC1,8.0458
Cl.OC12CC3CC(CC(C3)N1Cc1ccccc1)C2,6.1789
Cl.OC12CC3CC(CC(C3)N1Cc1cccc(F)c1)C2,5.9197
Cl.O=C(N[C@@H]1CC[C@@]2(O)[C@H]3Cc4ccc(O)c5c4[C@@]2(CCN3CC2CC2)[C@H]1O5)c1ccnc(Cl)c1,9.8239
Cl.O=C(N[C@@H]1CC[C@@]2(O)[C@H]3Cc4ccc(O)c5c4[C@@]2(CCN3CC2CC2)[C@H]1O5)c1ccnc(Br)c1,9.7447
Cc1cc(C(=O)N[C@@H]2CC[C@@]3(O)[C@H]4Cc5ccc(O)c6c5[C@@]3(CCN4CC3CC3)[C@H]2O6)ccn1.Cl,9.2366
Cl.O=C(N[C@@H]1CC[C@@]2(O)[C@H]3Cc4ccc(O)c5c4[C@@]2(CCN3CC2CC2)[C@H]1O5)c1ccncc1Cl,7.7005
Cl.O=C(N[C@@H]1CC[C@@]2(O)[C@H]3Cc4ccc(O)c5c4[C@@]2(CCN3CC2CC2)[C@H]1O5)c1ccncc1Br,8.5482
Cc1cnccc1C(=O)N[C@@H]1CC[C@@]2(O)[C@H]3Cc4ccc(O)c5c4[C@@]2(CCN3CC2CC2)[C@H]1O5.Cl,7.0146
Cl.O=C(Cc1ccncc1)N[C@@H]1CC[C@@]2(O)[C@H]3Cc4ccc(O)c5c4[C@@]2(CCN3CC2CC2)[C@H]1O5,8.0453
Cl.O=C(CCc1ccncc1)N[C@@H]1CC[C@@]2(O)[C@H]3Cc4ccc(O)c5c4[C@@]2(CCN3CC2CC2)[C@H]1O5,8.7825
Cl.O=C(CNC(=O)c1ccncc1)N[C@@H]1CC[C@@]2(O)[C@H]3Cc4ccc(O)c5c4[C@@]2(CCN3CC2CC2)[C@H]1O5,6.6921
CN1CCC(C(=O)N[C@@H]2CC[C@@]3(O)[C@H]4Cc5ccc(O)c6c5[C@@]3(CCN4CC3CC3)[C@H]2O6)CC1.Cl,8.1878
CCC(C)(C)[C@](C)(O)[C@H]1C[C@@]23CC[C@]1(OC)[C@@H]1Oc4c(O)ccc5c4[C@@]12CCN(CC1CC1)[C@@H]3C5,8.2495
CO[C@]12CC[C@@]3(C[C@@H]1[C@](C)(O)CC(C)(C)C)[C@H]1Cc4ccc(O)c5c4[C@@]3(CCN1CC1CC1)[C@H]2O5,8.7986
CO[C@]12CC[C@@]3(C[C@@H]1[C@](C)(O)CC(C)(C)c1ccccc1)[C@H]1Cc4ccc(O)c5c4[C@@]3(CCN1CC1CC1)[C@H]2O5,8.7187
CO[C@]12CC[C@@]3(C[C@@H]1[C@@](C)(O)c1ccc(C(C)(C)C)cc1)[C@H]1Cc4ccc(O)c5c4[C@@]3(CCN1CC1CC1)[C@H]2O5,8.0496
CO[C@]12CC[C@@]3(C[C@@H]1[C@](C)(O)CC1CC4CCC1C4)[C@H]1Cc4ccc(O)c5c4[C@@]3(CCN1CC1CC1)[C@H]2O5,8.1395
CO[C@]12CC[C@@]3(C[C@@H]1[C@@](C)(O)C(C)(C)C)[C@H]1Cc4c(Br)cc(O)c5c4[C@@]3(CCN1CC1CC1)[C@H]2O5,8.0031
CO[C@]12CC[C@@]3(C[C@@H]1[C@@](C)(O)C(C)(C)C)[C@H]1Cc4c(Cl)cc(O)c5c4[C@@]3(CCN1CC1CC1)[C@H]2O5,7.3410
CO[C@]12CC[C@@]3(C[C@@H]1[C@@](C)(O)C(C)(C)C)[C@H]1Cc4cc(Br)c(O)c5c4[C@@]3(CCN1CC1CC1)[C@H]2O5,7.4498
CC(=O)Oc1ccc(C(c2ccc(OC(C)=O)cc2)c2ccccn2)cc1,5.8121
c1ccc2sc(SSc3nc4ccccc4s3)nc2c1,6.1046
COc1ccc(CCN2CCC(Nc3nc4ccccc4n3Cc3ccc(F)cc3)CC2)cc1,5.3784
CCCCc1oc2ccccc2c1C(=O)c1cc(I)c(OCCN(CC)CC)c(I)c1,4.9768
Clc1cc(Cl)c(OCC#CI)cc1Cl,6.1393
CN(C)c1ccc(C(=C2C=CC(=[N+](C)C)C=C2)c2ccc(N(C)C)cc2)cc1.[Cl-],6.0114
Clc1ccc(COC(Cn2ccnc2)c2ccc(Cl)cc2Cl)cc1,5.2637
OCCN1CCN(CCCN2c3ccccc3Sc3ccc(C(F)(F)F)cc32)CC1,4.8058
C#C[C@]1(O)CC[C@H]2[C@@H]3CCc4cc(O)ccc4[C@H]3CC[C@@]21C,4.7858
Clc1ccccc1C(c1ccccc1)(c1ccccc1)n1ccnc1,5.3994
CCN(CC)C(=S)SSC(=S)N(CC)CC,5.4134
CC/C(=C(/CC)c1ccc(O)cc1)c1ccc(O)cc1,5.5397
CN(C)CCCN1c2ccccc2Sc2ccc(Cl)cc21,5.1543
O=c1[nH]c2ccccc2n1CCCN1CCC(n2c(=O)[nH]c3cc(Cl)ccc32)CC1,5.3542
C#C[C@]1(O)CC[C@H]2[C@@H]3CCC4=Cc5oncc5C[C@]4(C)[C@H]3CC[C@@]21C,5.0081
Cc1c(O)cccc1C(=O)N[C@@H](CSc1ccccc1)[C@H](O)CN1C[C@H]2CCCC[C@H]2C[C@H]1C(=O)NC(C)(C)C,4.6427
C=CCN1CC[C@]23c4c5ccc(O)c4O[C@H]2/C(=N/N=C2\CC[C@@]4(O)[C@H]6Cc7ccc(O)c8c7[C@@]4(CCN6CC=C)[C@H]2O8)CC[C@@]3(O)[C@H]1C5,7.2696
Clc1ccc(COC(Cn2ccnc2)c2ccc(Cl)cc2Cl)c(Cl)c1,5.3799
CC#C[C@]1(O)CC[C@H]2[C@@H]3CCC4=CC(=O)CCC4=C3[C@@H](c3ccc(N(C)C)cc3)C[C@@]21C,4.8959
CN(C)C(=O)C(CCN1CCC(O)(c2ccc(Cl)cc2)CC1)(c1ccccc1)c1ccccc1,5.7041
CSc1ccc2c(c1)N(CCC1CCCCN1C)c1ccccc1S2,5.8028
CC/C(=C(\c1ccccc1)c1ccc(OCCN(C)C)cc1)c1ccccc1,5.0050
CC(C)c1nc(CN(C)C(=O)N[C@H](C(=O)N[C@@H](Cc2ccccc2)C[C@H](O)[C@H](Cc2ccccc2)NC(=O)OCc2cncs2)C(C)C)cs1,5.0637
CC(C)(C)NC(=O)[C@@H]1C[C@@H]2CCCC[C@@H]2CN1C[C@@H](O)[C@H](Cc1ccccc1)NC(=O)[C@H](CC(N)=O)NC(=O)c1ccc2ccccc2n1,5.3570
O=C(c1ccc(OCCN2CCCCC2)cc1)c1c(-c2ccc(O)cc2)sc2cc(O)ccc12,5.9942
NC(=O)c1ccc(Oc2ccc(CN3CCCC3c3ccccc3)cc2)nc1,8.0357
NC(=O)c1ccc(Oc2ccc(CN3CCCC3c3cccnc3)cc2)nc1,8.8268
NC(=O)c1ccc(Oc2ccc(CN3CCCC3c3cccnc3)cc2)c(Cl)c1,9.2062
NC(=O)c1ccc(Oc2ccc(CN3CCC[C@H]3c3cccnc3)cc2)c(Cl)c1,9.1415
NC(=O)c1ccc(Oc2ccc(CN3CCC[C@@H]3c3cccnc3)cc2)c(Cl)c1,7.3478
NC(=O)c1ccc(Oc2ccc(CN3CCCC3c3cccc(F)c3)cc2)c(F)c1,9.2097
NC(=O)c1ccc(Oc2ccc(CN3CCC[C@H]3c3cccc(F)c3)cc2)c(F)c1,9.2480
NC(=O)c1ccc(Oc2ccc(CN3CCC[C@@H]3c3cccc(F)c3)cc2)c(F)c1,7.2700
Cc1cc(C)cc([C@@H]2CCCN2Cc2ccc(Oc3ccc(C(N)=O)cc3F)cc2)c1,9.0969
Cc1cc(C)cc([C@H]2CCCN2Cc2ccc(Oc3ccc(C(N)=O)cc3F)cc2)c1,7.8539
CC1(C)CN(Cc2ccc(Oc3ccc(C(N)=O)cn3)cc2)C1c1ccccc1,8.8508
CC1(C)CN(Cc2ccc(Oc3ccc(C(N)=O)cn3)cc2)[C@@H]1c1ccccc1,8.9788
CC1(C)CN(Cc2ccc(Oc3ccc(C(N)=O)cn3)cc2)[C@H]1c1ccccc1,7.5735
FCC1OC2(CCN(Cc3ccccc3)CC2)c2ccccc21,6.0372
FCCCCC1OC2(CCN(Cc3ccccc3)CC2)c2ccccc21,6.3778
COCO[C@H]1C[C@@H](C(=O)OC)[C@]2(C)CC[C@H]3C(=O)O[C@@H](c4ccoc4)C[C@]3(C)[C@H]2C1=O,8.3565
CCOCO[C@H]1C[C@@H](C(=O)OC)[C@]2(C)CC[C@H]3C(=O)O[C@@H](c4ccoc4)C[C@]3(C)[C@H]2C1=O,8.0223
COC(=O)[C@@H]1C[C@H](O)C(=O)[C@H]2[C@@]1(C)CC[C@H]1C(=O)O[C@@H](c3ccoc3)C[C@]21C,7.2007
COC(=O)[C@@H]1C[C@H](OC(C)=O)C(=O)[C@H]2[C@@]1(C)CC[C@H]1C(=O)O[C@@H](c3ccoc3Br)C[C@]21C,7.7447
COC(=O)[C@@H]1C[C@H](OC(C)=O)C(=O)[C@H]2[C@@]1(C)CC[C@H]1C(=O)O[C@@H](c3cc(Br)oc3Br)C[C@]21C,7.3979
CN1C[C@H](O)[C@]2(c3cccc(O)c3)CCC[C@H]1C2,5.4202
Oc1cccc([C@@]23CCC[C@@H](C2)N(CCc2ccccc2)C[C@@H]3O)c1,6.1244
CN1C[C@@H](O)[C@]2(c3cccc(O)c3)CCC[C@H]1C2,5.0809
Oc1cccc([C@@]23CCC[C@@H](C2)N(CCc2ccccc2)C[C@H]3O)c1,6.2190
CN1C2CCC[C@@](c3cccc(O)c3)(C2)[C@@H]1CO,6.3161
CN1CC2(OCCO2)[C@]2(c3cccc(O)c3)CCC[C@H]1C2,6.8539
COC(=O)[C@@H]1C[C@H](OC(C)=O)C(=O)[C@H]2[C@@]1(C)CC[C@H]1C(=O)O[C@H](c3ccco3)C[C@]21C,7.5229
COC(=O)[C@@H]1C[C@H](OC(C)=O)C(=O)[C@H]2[C@@]1(C)CC[C@H]1C(=O)O[C@H](C(=O)c3cccc(C(N)=O)c3)C[C@]21C,7.1226
COC(=O)[C@@H]1C[C@H](OC(C)=O)C(=O)[C@H]2[C@@]1(C)CC[C@H]1C(=O)O[C@H](C(=O)c3ccccc3)C[C@]21C,6.3985
COC(=O)[C@@H]1C[C@H](OC(C)=O)C(=O)[C@H]2[C@@]1(C)CC[C@H]1C(=O)O[C@H](/C=C\c3ccoc3)C[C@]21C,6.6931
COC(=O)[C@@H]1C[C@H](OC(C)=O)C(=O)[C@H]2[C@@]1(C)CC[C@H]1C(=O)O[C@H](C(=O)c3ccco3)C[C@]21C,6.3843
COC(=O)[C@@H]1C[C@H](OC(C)=O)C(=O)[C@H]2[C@@]1(C)CC[C@H]1C(=O)O[C@H](C(=O)c3ccsc3)C[C@]21C,6.8581
COC(=O)[C@@H]1C[C@H](OC(C)=O)C(=O)[C@H]2[C@@]1(C)CC[C@H]1C(=O)O[C@H](/C=C/c3ccoc3)C[C@]21C,5.9508
COC(=O)[C@@H]1C[C@H](OC(C)=O)C(=O)[C@H]2[C@@]1(C)CC[C@H]1C(=O)O[C@H](C(=O)c3ccccc3OC)C[C@]21C,5.9706
COC(=O)[C@@H]1C[C@H](OC(C)=O)C(=O)[C@H]2[C@@]1(C)CC[C@H]1C(=O)O[C@H](C(=O)c3cccc(OC)c3)C[C@]21C,6.5376
COC(=O)[C@@H]1C[C@H](OC(C)=O)C(=O)[C@H]2[C@@]1(C)CC[C@H]1C(=O)O[C@H](C(=O)c3ccccc3O)C[C@]21C,6.3010
COC(=O)[C@@H]1C[C@H](OC(C)=O)C(=O)[C@H]2[C@@]1(C)CC[C@H]1C(=O)O[C@H](C(=O)c3cccc(O)c3)C[C@]21C,6.9586
COC(=O)[C@@H]1C[C@H](OC(C)=O)C(=O)[C@H]2[C@@]1(C)CC[C@H]1C(=O)O[C@H](C(=O)c3ccc(O)cc3)C[C@]21C,5.0721
COC(=O)[C@@H]1C[C@H](OC(C)=O)C(=O)[C@H]2[C@@]1(C)CC[C@H]1C(=O)O[C@H](C(=O)c3cccc(C#N)c3)C[C@]21C,6.6576
COC(=O)[C@@H]1C[C@H](OC(C)=O)C(=O)[C@H]2[C@@]1(C)CC[C@H]1C(=O)O[C@H](C(=O)c3cccc(C(F)(F)F)c3)C[C@]21C,5.6459
COC(=O)[C@@H]1C[C@H](OC(C)=O)C(=O)[C@H]2[C@@]1(C)CC[C@H]1C(=O)O[C@H](C(=O)c3ccoc3)C[C@]21C,6.8239
COC(=O)[C@@H]1C[C@H](OC(C)=O)C(=O)[C@H]2[C@@]1(C)CC[C@H]1C(=O)O[C@H](C(=O)c3cc4ccccc4s3)C[C@]21C,5.0357
C/C=C\C(=O)[C@@H]1C[C@]2(C)[C@H]3C(=O)[C@@H](OC(C)=O)C[C@@H](C(=O)OC)[C@]3(C)CC[C@H]2C(=O)O1,6.4949
CC(C)C[C@@H](NC(=O)[C@@H](Cc1ccccc1)NC(=O)[C@H](N)Cc1ccccc1)C(=O)N[C@H](CCCCN)C(N)=O,8.5229
CC(C)C[C@@H](NC(=O)[C@@H](Cc1ccccc1)NC(=O)[C@H](N)Cc1ccccc1)C(=O)N[C@H](CCCCN)C(=O)NCC(=O)NCCSC1CC(=O)N(c2ccc(CCC(=O)N3CCC3=O)cc2)C1=O,8.5229
CC(C)C[C@@H](NC(=O)[C@@H](Cc1ccccc1)NC(=O)[C@H](N)Cc1ccccc1)C(=O)N[C@H](CCCCN)C(=O)NCC(=O)NCC(=O)NCC(=O)NCCSC1CC(=O)N(c2ccc(CCC(=O)N3CCC3=O)cc2)C1=O,8.3010
CC(C)C[C@@H](NC(=O)[C@@H](Cc1ccccc1)NC(=O)[C@H](N)Cc1ccccc1)C(=O)N[C@H](CCCCN)C(=O)NCC(=O)NCCSC1CC(=O)N(CCC(=O)NCCOCCOCCC(=O)Nc2ccc(CCC(=O)N3CCC3=O)cc2)C1=O,5.8297
CC(C)C[C@@H](NC(=O)[C@@H](Cc1ccccc1)NC(=O)[C@H](N)Cc1ccccc1)C(=O)N[C@H](CCCCN)C(=O)NCC(=O)NCC(=O)NCC(=O)NCCSC1CC(=O)N(CCC(=O)NCCOCCOCCC(=O)Nc2ccc(CCC(=O)N3CCC3=O)cc2)C1=O,6.7545
Oc1cccc(CNc2ccc3c(c2)C[C@@H]2[C@@H]4CCCC[C@]34CCN2CC2CC2)c1,8.2865
CN1CC[C@]23CCCC[C@H]2[C@H]1Cc1ccc(NCc2cccc(O)c2)cc13,7.3191
Oc1ccc(CNc2ccc3c(c2)[C@@]24CCCC[C@H]2[C@@H](C3)N(CC2CC2)CC4)cc1,9.1567
Oc1cccc(CNc2ccc3c(c2)[C@@]24CCCC[C@H]2[C@@H](C3)N(CC2CC2)CC4)c1,8.9263
Oc1ccccc1CNc1ccc2c(c1)[C@@]13CCCC[C@H]1[C@@H](C2)N(CC1CC1)CC3,9.1116
Oc1ccc(CNc2ccc3c(c2)[C@@]24CCCC[C@H]2[C@@H](C3)N(CC2CCC2)CC4)cc1,8.0292
Oc1ccccc1CNc1ccc2c(c1)[C@@]13CCCC[C@H]1[C@@H](C2)N(CC1CCC1)CC3,8.0487
O=[N+]([O-])c1cccc(CNc2ccc3c(c2)[C@@]24CCCC[C@H]2[C@@H](C3)N(CC2CCC2)CC4)c1,9.0305
c1cc2c(cc1CNc1ccc3c(c1)[C@@]14CCCC[C@H]1[C@@H](C3)N(CC1CC1)CC4)OCO2,9.6946
COc1cccc(CNc2ccc3c(c2)[C@@]24CCCC[C@H]2[C@@H](C3)N(CC2CC2)CC4)c1,9.0952
c1cc2c(cc1CNc1ccc3c(c1)[C@@]14CCCC[C@H]1[C@@H](C3)N(CC1CCC1)CC4)OCO2,8.2636
COc1ccc(CNc2ccc3c(c2)[C@@]24CCCC[C@H]2[C@@H](C3)N(CC2CCC2)CC4)cc1,7.8239
COc1cccc(CNc2ccc3c(c2)[C@@]24CCCC[C@H]2[C@@H](C3)N(CC2CCC2)CC4)c1,7.9324
CN1CC[C@]23c4c5ccc(NCc6ccc(O)cc6)c4O[C@H]2[C@@H](O)C=C[C@H]3[C@H]1C5,6.2518
CN1CC[C@]23c4c5ccc(NCc6cccc(O)c6)c4O[C@H]2[C@@H](O)C=C[C@H]3[C@H]1C5,6.0410
CN1CC[C@]23c4c5ccc(NCc6ccccc6O)c4O[C@H]2[C@@H](O)C=C[C@H]3[C@H]1C5,6.4318
COc1cccc(CNc2ccc3c4c2O[C@H]2[C@@H](O)C=C[C@H]5[C@@H](C3)N(C)CC[C@@]452)c1,6.3010
COc1ccccc1CNc1ccc2c3c1O[C@H]1[C@@H](O)C=C[C@H]4[C@@H](C2)N(C)CC[C@@]341,6.6576
COc1ccc2c3c1O[C@H]1C(=O)CC[C@H]4[C@@H](C2)N(C)CC[C@]314,6.5850
CN(Cc1ccc(O)cc1)c1ccc2c(c1)[C@@]13CCCC[C@H]1[C@@H](C2)N(CC1CCC1)CC3,8.3872
CN(Cc1cccc(O)c1)c1ccc2c(c1)[C@@]13CCCC[C@H]1[C@@H](C2)N(CC1CCC1)CC3,7.6383
CN(Cc1ccc(Cl)cc1)c1ccc2c(c1)[C@@]13CCCC[C@H]1[C@@H](C2)N(CC1CCC1)CC3,7.5686
COc1ccc(CN(C)c2ccc3c(c2)[C@@]24CCCC[C@H]2[C@@H](C3)N(CC2CCC2)CC4)cc1,8.0706
COc1cccc(CN(C)c2ccc3c(c2)[C@@]24CCCC[C@H]2[C@@H](C3)N(CC2CCC2)CC4)c1,7.6021
COc1ccccc1CN(C)c1ccc2c(c1)[C@@]13CCCC[C@H]1[C@@H](C2)N(CC1CCC1)CC3,7.7212
Oc1cccc(CNc2ccc3c(c2)[C@@]24CCCC[C@H]2[C@@H](C3)N(CC2CCC2)CC4)c1,8.7212
COc1ccccc1CNc1ccc2c(c1)[C@@]13CCCC[C@H]1[C@@H](C2)N(CC1CC1)CC3,8.8861
Clc1ccc(CNc2ccc3c(c2)[C@@]24CCCC[C@H]2[C@@H](C3)N(CC2CCC2)CC4)cc1,8.3468
COc1ccccc1CNc1ccc2c(c1)[C@@]13CCCC[C@H]1[C@@H](C2)N(CC1CCC1)CC3,8.6576
CN1CC[C@]23CCCC[C@H]2[C@H]1Cc1ccc(N)cc13,6.9586
NC(=O)[C@H](Cc1ccccc1)NC(=O)[C@H](Cc1c[nH]c2ccccc12)NC(=O)[C@@H]1CCCN1C(=O)[C@@H](N)Cc1ccc(O)cc1,5.6887
NC(=O)[C@H](Cc1ccccc1)NC(=O)[C@H](Cc1c[nH]c2ccccc12)NC(=O)[C@@H]1CCCN1C(=O)[C@H](Cc1ccc(O)cc1)NC(=O)CCC(=O)N[C@@H]1O[C@H](CO)[C@@H](O[C@@H]2O[C@H](CO)[C@H](O)[C@H](O)[C@H]2O)[C@H](O)[C@H]1O,5.8052
CC(=O)N[C@@H](Cc1c[nH]c2ccccc12)C(=O)N[C@@H](Cc1ccccc1)C(=O)NCC(N)=O,4.4815
CN1CC[C@]23c4c5ccc(O)c4O[C@H]2c2ncc(-c4ccc(Cl)cc4)cc2C[C@@]3(OC(=O)CCc2ccccc2)[C@H]1C5,7.6110
CN1CC[C@]23c4c5ccc(O)c4O[C@H]2c2ncc(-c4ccc(Cl)cc4)cc2C[C@@]3(OC(=O)Cc2ccccc2)[C@H]1C5,7.3661
O=C(CCc1ccccc1)O[C@@]12Cc3cc(-c4ccc(Cl)cc4)cnc3[C@@H]3Oc4c(O)ccc5c4[C@@]31CCN(CC1CC1)[C@@H]2C5,7.9034
O=C(Cc1ccccc1)O[C@@]12Cc3cc(-c4ccc(Cl)cc4)cnc3[C@@H]3Oc4c(O)ccc5c4[C@@]31CCN(CC1CC1)[C@@H]2C5,8.0468
CN1CC[C@]23c4c5ccc(O)c4O[C@H]2c2ncc(-c4ccc(Cl)cc4)cc2C[C@@]3(OCc2ccccc2)[C@H]1C5,6.9887
CO[C@@]12Cc3cc(-c4ccc(Cl)cc4)cnc3[C@@H]3Oc4c(O)ccc5c4[C@@]31CCN(C)[C@@H]2C5,6.8758
Oc1ccc2c3c1O[C@H]1c4ncc(-c5ccc(Cl)cc5)cc4C[C@@]4(OCc5ccccc5)[C@@H](C2)N(CC2CC2)CC[C@]314,7.9210
CN1CC[C@]23c4c5ccc(O)c4O[C@H]2c2ncc(-c4ccc(Cl)cc4)cc2C[C@@]3(O)[C@H]1C5,6.3298
Oc1ccc2c3c1O[C@H]1c4ncc(-c5ccc(Cl)cc5)cc4C[C@@]4(O)[C@@H](C2)N(CC2CC2)CC[C@]314,7.6990
Oc1ccc2c3c1O[C@H]1c4ncc(-c5ccc(Cl)cc5)cc4C=C4[C@@H](C2)N(CC2CC2)CC[C@]431,8.2240
CN1CC[C@]23c4c5ccc(O)c4O[C@H]2c2ncc(-c4ccc(Cl)cc4)cc2C[C@@]3(OC(=O)c2ccccc2)[C@H]1C5,6.9508
O=C(O[C@@]12Cc3cc(-c4ccc(Cl)cc4)cnc3[C@@H]3Oc4c(O)ccc5c4[C@@]31CCN(CC1CC1)[C@@H]2C5)c1ccccc1,6.9318
CN1CC[C@]23c4c5ccc(O)c4O[C@H]2c2ncc(-c4ccc(Cl)cc4)cc2C[C@@]3(OCCCc2ccccc2)[C@H]1C5,8.8153
CN1CC[C@]23c4c5ccc(O)c4O[C@H]2c2ncc(-c4ccc(Cl)cc4)cc2C[C@@]3(OC/C=C/c2ccccc2)[C@H]1C5,8.8097
Oc1ccc2c3c1O[C@H]1c4ncc(-c5ccc(Cl)cc5)cc4C[C@@]4(OCCCc5ccccc5)[C@@H](C2)N(CC2CC2)CC[C@]314,7.8996
Oc1ccc2c3c1O[C@H]1c4ncc(-c5ccc(Cl)cc5)cc4C[C@@]4(OC/C=C/c5ccccc5)[C@@H](C2)N(CC2CC2)CC[C@]314,8.4802
CO[C@@]12Cc3cc(-c4ccc(Cl)cc4)cnc3[C@@H]3Oc4c(O)ccc5c4[C@@]31CCN(CC1CC1)[C@@H]2C5,8.2700
O=C(CNC(=O)c1ccncc1)N[C@@H]1CC[C@@]2(O)[C@H]3Cc4ccc(O)c5c4[C@@]2(CCN3CC2CC2)[C@H]1O5,7.1471
Cc1cnccc1C(=O)N[C@@H]1CC[C@@]2(O)[C@H]3Cc4ccc(O)c5c4[C@@]2(CCN3CC2CC2)[C@H]1O5,7.2965
O=C(N[C@@H]1CC[C@@]2(O)[C@H]3Cc4ccc(O)c5c4[C@@]2(CCN3CC2CC2)[C@H]1O5)c1ccncn1,8.9172
O=C(N[C@@H]1CC[C@@]2(O)[C@H]3Cc4ccc(O)c5c4[C@@]2(CCN3CC2CC2)[C@H]1O5)c1ccnnc1,8.8041
COc1cnccc1C(=O)N[C@@H]1CC[C@@]2(O)[C@H]3Cc4ccc(O)c5c4[C@@]2(CCN3CC2CC2)[C@H]1O5,8.3686
COc1cc(C(=O)N[C@@H]2CC[C@@]3(O)[C@H]4Cc5ccc(O)c6c5[C@@]3(CCN4CC3CC3)[C@H]2O6)ccn1,9.3372
N#Cc1cc(C(=O)N[C@@H]2CC[C@@]3(O)[C@H]4Cc5ccc(O)c6c5[C@@]3(CCN4CC3CC3)[C@H]2O6)ccn1,9.8861
CN1CCC(C(=O)N[C@@H]2CC[C@@]3(O)[C@H]4Cc5ccc(O)c6c5[C@@]3(CCN4CC3CC3)[C@H]2O6)CC1,8.1878
O=C(CCc1ccncc1)N[C@@H]1CC[C@@]2(O)[C@H]3Cc4ccc(O)c5c4[C@@]2(CCN3CC2CC2)[C@H]1O5,8.7825
O=C(Cc1ccncc1)N[C@@H]1CC[C@@]2(O)[C@H]3Cc4ccc(O)c5c4[C@@]2(CCN3CC2CC2)[C@H]1O5,8.0453
O=C(N[C@@H]1CC[C@@]2(O)[C@H]3Cc4ccc(O)c5c4[C@@]2(CCN3CC2CC2)[C@H]1O5)c1ccncc1Br,8.5482
O=C(N[C@@H]1CC[C@@]2(O)[C@H]3Cc4ccc(O)c5c4[C@@]2(CCN3CC2CC2)[C@H]1O5)c1ccncc1Cl,7.7011
Cc1cc(C(=O)N[C@@H]2CC[C@@]3(O)[C@H]4Cc5ccc(O)c6c5[C@@]3(CCN4CC3CC3)[C@H]2O6)ccn1,9.2366
O=C(N[C@@H]1CC[C@@]2(O)[C@H]3Cc4ccc(O)c5c4[C@@]2(CCN3CC2CC2)[C@H]1O5)c1ccnc(Br)c1,9.7447
O=C(N[C@@H]1CC[C@@]2(O)[C@H]3Cc4ccc(O)c5c4[C@@]2(CCN3CC2CC2)[C@H]1O5)c1ccnc(Cl)c1,9.8239
CCCCCCN(CCc1ccccc1)CCc1cccc(O)c1,6.5199
CCCCN(CCc1ccccc1)CCc1cccc(O)c1,7.9626
Oc1cccc(CCN(CCc2ccccc2)CC2CCC2)c1,8.3720
Oc1cccc(CCN(CCc2ccccc2)CC2CC2)c1,7.4456
CCCCCN(CCc1ccccc1)CCc1cccc(O)c1,7.4816
CCCN(CCc1ccccc1)CCc1cccc(O)c1,7.6994
COc1cccc(CCN2C3C4C5CC6C7C5C3C7C2(O)C64)c1OC,5.6819
COc1ccc(CCN2C3C4C5CC6C7C5C3C7C2(O)C64)cc1,5.8027
COc1cccc(CCN2C3C4C5CC6C7C5C3C7C2(O)C64)c1,5.8477
COc1ccccc1CCN1C2C3C4CC5C6C4C2C6C1(O)C53,5.9559
OC12C3C4CC5C6C4C1C6C(C53)N2Cc1ccccn1,5.5706
OC12C3C4CC5C6C4C1C6C(C53)N2Cc1ccc2c(c1)OCO2,5.8459
COc1ccc(CN2C3C4C5CC6C7C5C3C7C2(O)C64)cc1OC,5.9404
COc1ccc(CN2C3C4C5CC6C7C5C3C7C2(O)C64)cc1,6.2097
COc1ccccc1CN1C2C3C4CC5C6C4C2C6C1(O)C53,5.9610
OC12C3C4CC5C6C4C1C6C(C53)N2Cc1ccccc1,6.3116
Oc1ccc2c3c1O[C@H]1[C@]4(CC[C@@]5(O)[C@@H](C2)N(CC2CC2)CC[C@]315)O[C@@H]1CO[C@@H]2CO[C@H]4N21,7.6021
COc1ccc2cc(CCNC(=O)c3ccc4c(c3)C3(C)CCN(CC5CC5)C(C4)C3C)ccc2c1,9.1164
COc1ccc(-c2ccc(CCNC(=O)c3ccc4c(c3)C3(C)CCN(CC5CC5)C(C4)C3C)cc2)cc1C,8.9886
CC1C2Cc3ccc(C(=O)NCCc4ccc(-c5ccc6c(c5)OCO6)cc4)cc3C1(C)CCN2CC1CC1,9.3026
COc1ccc(-c2ccc(CCNC(=O)c3ccc4c(c3)C3(C)CCN(CC5CC5)C(C4)C3C)cc2)cc1OC,8.7045
CC1C2Cc3ccc(C(=O)NCCc4ccc(-c5ccccc5O)cc4)cc3C1(C)CCN2CC1CC1,9.3716
C[C@H]1[C@H]2Cc3ccc(C(=O)NCCc4ccc(-c5ccc(O)cc5)cc4)cc3[C@]1(C)CCN2CC1CC1,9.5144
CC(C)Oc1ccc(-c2ccc(CCNC(=O)c3ccc4c(c3)C3(C)CCN(CC5CC5)C(C4)C3C)cc2)cc1,8.5317
COc1cccc(-c2ccc(CCNC(=O)c3ccc4c(c3)C3(C)CCN(CC5CC5)C(C4)C3C)cc2)c1,9.0831
CC1C2Cc3ccc(C(=O)NCCc4ccc5ccccc5c4)cc3C1(C)CCN2CC1CC1,9.6990
COc1ccc(-c2ccc(CCNC(=O)c3ccc4c(c3)C3(C)CCN(CC5CC5)C(C4)C3C)cc2)c(C)c1,8.8861
CC1C2Cc3ccc(C(=O)NCCc4ccc(-c5cccc(O)c5)cc4)cc3C1(C)CCN2CC1CC1,8.8861
CC1C2Cc3ccc(C(=O)NCCc4ccc(-c5ccc(O)cc5)cc4)cc3C1(C)CCN2CC1CC1,9.3098
CC1C2Cc3ccc(C(=O)NCCc4ccc(-c5ccc(OC(F)F)cc5)cc4)cc3C1(C)CCN2CC1CC1,8.5686
CC1C2Cc3ccc(C(=O)NCCc4ccc(-c5ccc(OC(F)(F)F)cc5)cc4)cc3C1(C)CCN2CC1CC1,8.2840
CC(C)Oc1ccccc1-c1ccc(CCNC(=O)c2ccc3c(c2)C2(C)CCN(CC4CC4)C(C3)C2C)cc1,8.7447
CC(C)Oc1cccc(-c2ccc(CCNC(=O)c3ccc4c(c3)C3(C)CCN(CC5CC5)C(C4)C3C)cc2)c1,8.6198
CCOc1ccc(-c2ccc(CCNC(=O)c3ccc4c(c3)C3(C)CCN(CC5CC5)C(C4)C3C)cc2)cc1,8.4815
COc1ccccc1-c1ccc(CCNC(=O)c2ccc3c(c2)C2(C)CCN(CC4CC4)C(C3)C2C)cc1,9.4202
CC1C2Cc3ccc(O)cc3C1(C)CCN2CC1CC1,10.1549
COc1ccc(-c2ccc(CCNC(=O)c3ccc4c(c3)C3(C)CCN(CC5CC5)C(C4)C3C)cc2)cc1,8.8239
COc1ccc2c3c1O[C@H]1[C@@]4(OC)C=C[C@@]5(C[C@@H]4c4cccc(N)c4)[C@@H](C2)N(C)CC[C@]315,4.7959
COc1ccc2c3c1O[C@H]1[C@@]4(OC)C=C[C@@]5(C[C@@H]4c4ccccc4N)[C@@H](C2)N(C)CC[C@]315,5.0039
COc1ccc2c3c1O[C@H]1[C@@]4(OC)C=C[C@@]5(C[C@@H]4c4ccc(N)cc4)[C@@H](C2)N(C)CC[C@]315,5.1029
CN(C[C@@H]1C[C@@]1(CO)c1ccccc1)C12CC3CC(CC(C3)C1)C2,6.3788
CN(CCC[C@]1(O)[C@H]2CCN(CC(F)(F)F)[C@@H]1Cc1ccc(O)c(O)c12)C(=O)/C=C/c1ccoc1.Cl,7.4920
CN(CCC[C@]1(O)[C@H]2CCN(CC(F)F)[C@@H]1Cc1ccc(O)c(O)c12)C(=O)/C=C/c1ccoc1.Cl,7.6496
CN(CCC[C@]1(O)[C@H]2CCN(CCF)[C@@H]1Cc1ccc(O)c(O)c12)C(=O)/C=C/c1ccoc1.Cl,8.6515
CC(C)CN1CC[C@H]2c3c(ccc(O)c3O)C[C@@H]1[C@]2(O)CCCN(C)C(=O)/C=C/c1ccoc1.Cl,8.0931
CCCN1CC[C@H]2c3c(ccc(O)c3O)C[C@@H]1[C@]2(O)CCCN(C)C(=O)/C=C/c1ccoc1.Cl,8.5653
CCN1CC[C@H]2c3c(ccc(O)c3O)C[C@@H]1[C@]2(O)CCCN(C)C(=O)/C=C/c1ccoc1.Cl,8.4217
CN(CCC[C@]1(O)[C@H]2CCN(C)[C@@H]1Cc1ccc(O)c(O)c12)C(=O)/C=C/c1ccoc1.Cl,7.9485
CN(C(=O)/C=C/c1ccoc1)[C@@H]1CC[C@@]2(O)[C@H]3Cc4ccc(O)c5c4[C@@]2(CCN3CC2CC2)[C@H]1O5.Cl,10.0111
O=C(Nc1cccc(NC(=O)c2cccc(N3CCCCC3)c2)c1)c1cccc(OC2CCN(CC3CC3)CC2)c1,8.2073
CC[C@H](C)[C@@H]1NC(=O)[C@H](CCCNC(=N)N)NC(=O)[C@@H](NC(=O)[C@H](Cc2ccccc2)NC(=O)CNC(=O)CNC(=O)[C@H](Cc2ccc(O)cc2)NCc2ccccc2)CC(=O)NC[C@@H](C(=O)N[C@@H](CCCNC(=N)N)C(=O)N2CCC[C@H]2C(=O)N[C@@H](CCCCN)C(N)=O)NC1=O,7.5207
Cc1cc(O)cc(C)c1C[C@H](N)C(=O)N[C@@H]1CCNc2ccc(CC3Cc4ccccc4C3)cc21,8.9208
Cc1cc(O)cc(C)c1C[C@H](N)C(=O)N[C@@H]1CCNc2ccc(Cc3ccccc3)cc21,6.7175
Cc1cc(O)cc(C)c1C[C@H](N)C(=O)N[C@@H]1CCNc2ccc(CCc3ccccc3)cc21,7.6021
Cc1cc(O)cc(C)c1C[C@H](N)C(=O)N[C@@H]1CCNc2ccc(Cc3cccc4ccccc34)cc21,7.7696
Cc1cc(O)cc(C)c1C[C@H](N)C(=O)N[C@@H]1CCNc2ccc(Cc3ccc4ccccc4c3)cc21,7.2676
Cc1cc(O)cc(C)c1C[C@H](N)C(=O)N[C@H]1CCNc2ccc(Cc3ccccc3)cc21,6.6576
Cc1cc(O)cc(C)c1C[C@H](N)C(=O)N[C@H]1CCNc2ccc(CCc3ccccc3)cc21,5.9208
Cc1cc(O)cc(C)c1C[C@H](N)C(=O)N[C@H]1CCNc2ccc(Cc3ccc4ccccc4c3)cc21,6.8861
Cc1cc(O)cc(C)c1C[C@H](N)C(=O)N[C@H]1CCNc2ccc(CC3Cc4ccccc4C3)cc21,6.9586
C=C(C(N)=O)[C@@H](NC(=O)[C@H](Cc1c[nH]c2ccccc12)NC(=O)[C@H]1CCN(C(=O)[C@@H](N)Cc2c(C)cc(O)cc2C)C1)c1ccccc1,6.6198
C=C(C(N)=O)[C@@H](NC(=O)[C@H](Cc1c[nH]c2ccccc12)NC(=O)[C@@H]1CCN(C(=O)[C@@H](N)Cc2c(C)cc(O)cc2C)C1)c1ccco1,6.6882
C=C(C(=O)O)[C@@H](NC(=O)[C@H](Cc1c[nH]c2ccccc12)NC(=O)[C@@H]1CCCN1C(=O)[C@@H](N)Cc1c(C)cc(O)cc1C)c1ccco1,6.6990
C=C(C(=O)O)[C@@H](NC(=O)[C@H](Cc1c[nH]c2ccccc12)NC(=O)[C@@H]1CCCN1C(=O)[C@@H](N)Cc1c(C)cc(O)cc1C)c1ccccc1,6.7167
C=C(C(N)=O)[C@@H](NC(=O)[C@H](Cc1c[nH]c2ccccc12)NC(=O)[C@H]1CCN(C(=O)[C@@H](N)Cc2c(C)cc(O)cc2C)C1)c1ccco1,6.7447
C=C(C(N)=O)[C@@H](NC(=O)[C@H](Cc1c[nH]c2ccccc12)NC(=O)[C@@H]1CCN(C(=O)[C@@H](N)Cc2c(C)cc(O)cc2C)C1)c1ccccc1,6.7595
CC[C@@]12CCN(CC3CC3)[C@@H](C(=O)c3ccc(O)cc31)[C@H]2C,9.0333
CO[C@]12C=C[C@@]3(C[C@@H]1[C@](C)(O)CCC(C)C)[C@H]1Cc4ccc(O)c5c4[C@@]3(CCN1CC1CC1)[C@H]2O5,10.1893
CO[C@]12CC[C@@]3(C[C@@H]1[C@@H](O)CCc1ccccc1)[C@H]1Cc4ccc(O)c5c4[C@@]3(CCN1CC1CC1)[C@H]2O5,9.7323
CO[C@]12CC[C@@]3(C[C@@H]1[C@@H](O)Cc1ccccc1)[C@H]1Cc4ccc(O)c5c4[C@@]3(CCN1CC1CC1)[C@H]2O5,10.2532
CO[C@]12CC[C@@]3(C[C@@H]1[C@@H](O)CCC1CCCCC1)[C@H]1Cc4ccc(O)c5c4[C@@]3(CCN1CC1CC1)[C@H]2O5,10.1967
CO[C@]12CC[C@@]3(C[C@@H]1[C@@H](O)CC1CCCCC1)[C@H]1Cc4ccc(O)c5c4[C@@]3(CCN1CC1CC1)[C@H]2O5,10.2292
CO[C@]12CC[C@@]3(C[C@@H]1[C@@H](O)C1CCCCC1)[C@H]1Cc4ccc(O)c5c4[C@@]3(CCN1CC1CC1)[C@H]2O5,10.4648
CO[C@]12CC[C@@]3(C[C@@H]1[C@@H](O)CCC1CCCC1)[C@H]1Cc4ccc(O)c5c4[C@@]3(CCN1CC1CC1)[C@H]2O5,10.6606
CO[C@]12CC[C@@]3(C[C@@H]1[C@@H](O)CC1CCCC1)[C@H]1Cc4ccc(O)c5c4[C@@]3(CCN1CC1CC1)[C@H]2O5,10.6102
CO[C@]12CC[C@@]3(C[C@@H]1[C@@H](O)C1CCCC1)[C@H]1Cc4ccc(O)c5c4[C@@]3(CCN1CC1CC1)[C@H]2O5,10.3822
CO[C@]12CC[C@@]3(C[C@@H]1[C@@H](O)CCC(C)C)[C@H]1Cc4ccc(O)c5c4[C@@]3(CCN1CC1CC1)[C@H]2O5,10.6943
CO[C@]12CC[C@@]3(C[C@@H]1[C@@H](O)CC(C)C)[C@H]1Cc4ccc(O)c5c4[C@@]3(CCN1CC1CC1)[C@H]2O5,10.5651
CO[C@]12CC[C@@]3(C[C@@H]1[C@@H](O)C(C)C)[C@H]1Cc4ccc(O)c5c4[C@@]3(CCN1CC1CC1)[C@H]2O5,10.1259
CO[C@]12CC[C@@]3(C[C@@H]1[C@H](O)CCc1ccccc1)[C@H]1Cc4ccc(O)c5c4[C@@]3(CCN1CC1CC1)[C@H]2O5,10.4430
CO[C@]12CC[C@@]3(C[C@@H]1[C@H](O)Cc1ccccc1)[C@H]1Cc4ccc(O)c5c4[C@@]3(CCN1CC1CC1)[C@H]2O5,10.4062
CO[C@]12CC[C@@]3(C[C@@H]1[C@H](O)CCC1CCCCC1)[C@H]1Cc4ccc(O)c5c4[C@@]3(CCN1CC1CC1)[C@H]2O5,10.1705
CO[C@]12CC[C@@]3(C[C@@H]1[C@H](O)CC1CCCCC1)[C@H]1Cc4ccc(O)c5c4[C@@]3(CCN1CC1CC1)[C@H]2O5,10.2726
CO[C@]12CC[C@@]3(C[C@@H]1[C@H](O)C1CCCCC1)[C@H]1Cc4ccc(O)c5c4[C@@]3(CCN1CC1CC1)[C@H]2O5,10.1607
CO[C@]12CC[C@@]3(C[C@@H]1[C@H](O)C1CCCC1)[C@H]1Cc4ccc(O)c5c4[C@@]3(CCN1CC1CC1)[C@H]2O5,9.8228
CO[C@]12CC[C@@]3(C[C@@H]1[C@H](O)CCC(C)C)[C@H]1Cc4ccc(O)c5c4[C@@]3(CCN1CC1CC1)[C@H]2O5,10.4291
CO[C@]12CC[C@@]3(C[C@@H]1[C@H](O)CC(C)C)[C@H]1Cc4ccc(O)c5c4[C@@]3(CCN1CC1CC1)[C@H]2O5,9.9993
CO[C@]12CC[C@@]3(C[C@@H]1[C@H](O)C(C)C)[C@H]1Cc4ccc(O)c5c4[C@@]3(CCN1CC1CC1)[C@H]2O5,9.6873
CO[C@]12CC[C@@]3(C[C@@H]1[C@@](C)(O)CCC1CCCCC1)[C@H]1Cc4ccc(O)c5c4[C@@]3(CCN1CC1CC1)[C@H]2O5,9.5666
CO[C@]12CC[C@@]3(C[C@@H]1[C@@](C)(O)CC1CCCCC1)[C@H]1Cc4ccc(O)c5c4[C@@]3(CCN1CC1CC1)[C@H]2O5,9.5831
CO[C@]12CC[C@@]3(C[C@@H]1[C@@](C)(O)C1CCCC1)[C@H]1Cc4ccc(O)c5c4[C@@]3(CCN1CC1CC1)[C@H]2O5,9.9524
CO[C@]12CC[C@@]3(C[C@@H]1[C@@](C)(O)CCC(C)C)[C@H]1Cc4ccc(O)c5c4[C@@]3(CCN1CC1CC1)[C@H]2O5,9.8099
CO[C@]12CC[C@@]3(C[C@@H]1[C@@](C)(O)CC(C)C)[C@H]1Cc4ccc(O)c5c4[C@@]3(CCN1CC1CC1)[C@H]2O5,9.8517
CO[C@]12CC[C@@]3(C[C@@H]1[C@@](C)(O)C(C)C)[C@H]1Cc4ccc(O)c5c4[C@@]3(CCN1CC1CC1)[C@H]2O5,9.6479
CO[C@]12CC[C@@]3(C[C@@H]1[C@](C)(O)CCc1ccccc1)[C@H]1Cc4ccc(O)c5c4[C@@]3(CCN1CC1CC1)[C@H]2O5,10.4915
CO[C@]12CC[C@@]3(C[C@@H]1[C@](C)(O)Cc1ccccc1)[C@H]1Cc4ccc(O)c5c4[C@@]3(CCN1CC1CC1)[C@H]2O5,10.1175
CO[C@]12CC[C@@]3(C[C@@H]1[C@](C)(O)CCC1CCCCC1)[C@H]1Cc4ccc(O)c5c4[C@@]3(CCN1CC1CC1)[C@H]2O5,10.0660
CO[C@]12CC[C@@]3(C[C@@H]1[C@](C)(O)CC1CCCCC1)[C@H]1Cc4ccc(O)c5c4[C@@]3(CCN1CC1CC1)[C@H]2O5,10.5310
CO[C@]12CC[C@@]3(C[C@@H]1[C@](C)(O)C1CCCCC1)[C@H]1Cc4ccc(O)c5c4[C@@]3(CCN1CC1CC1)[C@H]2O5,10.2543
CO[C@]12CC[C@@]3(C[C@@H]1[C@](C)(O)CCC1CCCC1)[C@H]1Cc4ccc(O)c5c4[C@@]3(CCN1CC1CC1)[C@H]2O5,10.2447
CO[C@]12CC[C@@]3(C[C@@H]1[C@](C)(O)CC1CCCC1)[C@H]1Cc4ccc(O)c5c4[C@@]3(CCN1CC1CC1)[C@H]2O5,10.5599
CO[C@]12CC[C@@]3(C[C@@H]1[C@](C)(O)C1CCCC1)[C@H]1Cc4ccc(O)c5c4[C@@]3(CCN1CC1CC1)[C@H]2O5,10.1491
CO[C@]12CC[C@@]3(C[C@@H]1[C@](C)(O)CCC(C)C)[C@H]1Cc4ccc(O)c5c4[C@@]3(CCN1CC1CC1)[C@H]2O5,10.1853
CO[C@]12CC[C@@]3(C[C@@H]1[C@](C)(O)CC(C)C)[C@H]1Cc4ccc(O)c5c4[C@@]3(CCN1CC1CC1)[C@H]2O5,10.1402
CO[C@]12CC[C@@]3(C[C@@H]1[C@](C)(O)C(C)C)[C@H]1Cc4ccc(O)c5c4[C@@]3(CCN1CC1CC1)[C@H]2O5,10.1867
C[C@H]1C2Cc3ccc(C(=O)NCCc4ccc(-c5ccccc5)cn4)cc3[C@@]1(C)CCN2CC1CC1,8.3539
C[C@H]1C2Cc3ccc(C(=O)NCCc4ccc(-c5ccccc5)nc4)cc3[C@@]1(C)CCN2CC1CC1,8.3465
C[C@H]1C2Cc3ccc(C(=O)NCCc4ccc(-c5ccccn5)cc4)cc3[C@@]1(C)CCN2CC1CC1,8.5333
C[C@H]1C2Cc3ccc(C(=O)NCCc4ccc(-c5cccnc5)cc4)cc3[C@@]1(C)CCN2CC1CC1,8.1894
C[C@H]1C2Cc3ccc(C(=O)NCCc4ccc(-c5ccncc5)cc4)cc3[C@@]1(C)CCN2CC1CC1,8.5229
COC(=O)[C@@H]1C[C@H](OC(=O)CCC(=O)O)C(=O)[C@H]2[C@@]1(C)CC[C@H]1C(=O)O[C@H](c3ccoc3)C[C@]21C,5.3904
COC(=O)[C@@H]1C[C@H](OC(=O)c2ccccc2C(=O)O)C(=O)[C@H]2[C@@]1(C)CC[C@H]1C(=O)O[C@H](c3ccoc3)C[C@]21C,5.6400
COC(=O)CCC(=O)O[C@H]1C[C@@H](C(=O)OC)[C@]2(C)CC[C@H]3C(=O)O[C@H](c4ccoc4)C[C@]3(C)[C@H]2C1=O,6.7559
COC(=O)CCCCC(=O)O[C@H]1C[C@@H](C(=O)OC)[C@]2(C)CC[C@H]3C(=O)O[C@H](c4ccoc4)C[C@]3(C)[C@H]2C1=O,6.2403
CCOC(=O)CCC(=O)O[C@H]1C[C@@H](C(=O)OC)[C@]2(C)CC[C@H]3C(=O)O[C@H](c4ccoc4)C[C@]3(C)[C@H]2C1=O,6.3595
CCOC(=O)/C=C/C(=O)O[C@H]1C[C@@H](C(=O)OC)[C@]2(C)CC[C@H]3C(=O)O[C@H](c4ccoc4)C[C@]3(C)[C@H]2C1=O,6.3696
COC(=O)CCCC(=O)O[C@H]1C[C@@H](C(=O)OC)[C@]2(C)CC[C@H]3C(=O)O[C@H](c4ccoc4)C[C@]3(C)[C@H]2C1=O,6.5200
COC(=O)[C@@H]1C[C@H](OC(=O)CCCC(=O)O)C(=O)[C@H]2[C@@]1(C)CC[C@H]1C(=O)O[C@H](c3ccoc3)C[C@]21C,6.5800
COC(=O)[C@@H]1C[C@H](OC(=O)CC(=O)OC(C)(C)C)C(=O)[C@H]2[C@@]1(C)CC[C@H]1C(=O)O[C@H](c3ccoc3)C[C@]21C,6.8297
COC(=O)CC(=O)O[C@H]1C[C@@H](C(=O)OC)[C@]2(C)CC[C@H]3C(=O)O[C@H](c4ccoc4)C[C@]3(C)[C@H]2C1=O,7.7811
COC(=O)/C=C/C(=O)O[C@H]1C[C@@H](C(=O)OC)[C@]2(C)CC[C@H]3C(=O)O[C@H](c4ccoc4)C[C@]3(C)[C@H]2C1=O,7.2819
CCOC(=O)CC(=O)O[C@H]1C[C@@H](C(=O)OC)[C@]2(C)CC[C@H]3C(=O)O[C@H](c4ccoc4)C[C@]3(C)[C@H]2C1=O,7.4809
COC(=O)[C@@H]1C[C@H](OC(=O)CSC#N)C(=O)[C@H]2[C@@]1(C)CC[C@H]1C(=O)O[C@H](c3ccoc3)C[C@]21C,9.2291
CC[C@@]12CCN(CC3CC3)C[C@@H]1Oc1ccc(O)cc12,7.4685
Oc1ccc2c(c1)[C@]1(CCc3ccccc3)CCN(CCc3cccc(C(F)(F)F)c3)C[C@@H]1O2,6.2668
Oc1ccc2c(c1)[C@]1(CCc3ccccc3)CCN(CCc3ccccc3C(F)(F)F)C[C@@H]1O2,5.7162
C=CCN1CC[C@@]2(CCc3ccccc3)c3cc(O)ccc3O[C@H]2C1,7.0969
Oc1ccc2c(c1)[C@]1(CCc3ccccc3)CCN(CC3CC3)C[C@@H]1O2,7.7959
Oc1ccc2c(c1)[C@]1(CCc3ccccc3)CCN(CCc3ccc(C(F)(F)F)cc3)C[C@@H]1O2,5.6092
Oc1ccc2c(c1)[C@]1(CCc3ccccc3)CCN(CCc3ccccc3F)C[C@@H]1O2,6.0830
Oc1ccc2c(c1)[C@]1(CCc3ccccc3)CCN(CCc3ccc(F)cc3)C[C@@H]1O2,6.1421
Oc1ccc2c(c1)[C@]1(CCc3ccccc3)CCN(CCCc3ccccc3)C[C@@H]1O2,6.1739
Oc1ccc2c(c1)[C@]1(CCc3ccccc3)CCN(CCc3ccccc3)C[C@@H]1O2,6.1367
CN1CC[C@@]2(CCc3ccccc3F)c3cc(O)ccc3O[C@H]2C1,5.6542
CN1CC[C@@]2(CCc3ccc(F)cc3)c3cc(O)ccc3O[C@H]2C1,5.5408
CCCCC[C@@]12CCN(C)C[C@@H]1Oc1ccc(O)cc12,6.0128
CCCC[C@@]12CCN(C)C[C@@H]1Oc1ccc(O)cc12,5.7183
CCC[C@@]12CCN(C)C[C@@H]1Oc1ccc(O)cc12,5.7823
CN1CC[C@@]2(C)c3cc(O)ccc3O[C@H]2C1,5.3786
CN1CC[C@@]2(CCCCCc3ccccc3)c3cc(O)ccc3O[C@H]2C1,7.1487
CN1CC[C@@]2(CCCCc3ccccc3)c3cc(O)ccc3O[C@H]2C1,6.7878
CN1CC[C@@]2(CCCc3ccccc3)c3cc(O)ccc3O[C@H]2C1,6.6234
CN1CC[C@@]2(CCc3ccccc3)c3cc(O)ccc3O[C@H]2C1,5.4505
CN1CC[C@@]2(Cc3ccccc3)c3cc(O)ccc3O[C@H]2C1,5.5403
CC(C1CCCCC1)N1CCC(N2C(=O)Cc3ccccc32)CC1,6.7083
O=C1Cc2ccccc2N1C1CCN(C2CC[C@H]3CCCc4cccc2c43)CC1,6.1667
CC(c1ccccc1)N1CCC(N2C(=O)Cc3ccccc32)CC1,6.9543
CCC[C@H]1CC[C@@H](N2CCC(N3C(=O)Cc4ccccc43)CC2)CC1,6.7208
CCC(C)(C)[C@H]1CC[C@@H](N2CCC(N3C(=O)Cc4ccccc43)CC2)CC1,6.7967
CC(C)C1CCC(N2CCC(N3C(=O)Cc4ccccc43)CC2)CC1,6.8277
CCC1C(=O)N(C2CCN([C@H]3CC[C@@H](C(C)C)CC3)CC2)c2ccccc21,7.0841
CC(C)C1CCC(N2CCC(N3C(=O)CCc4ccccc43)CC2)CC1,7.1547
CCC1C(=O)N(C2CCN(C3CCCCCCC3)CC2)c2ccccc21,7.3625
CC1C(=O)N(C2CCN([C@H]3CC[C@@H](C(C)C)CC3)CC2)c2ccccc21,7.3791
CC1C(=O)N(C2CCN(C3CCCCCCC3)CC2)c2ccccc21,7.4067
O=C1CCc2ccccc2N1C1CCN(C2CCCCCCC2)CC1,7.4211
CC1CC(=O)N(C2CCN(C3CCCCCCC3)CC2)c2ccccc21,7.5577
CN(C(=O)Cc1ccccc1)[C@H]1C[C@]2(CCCO2)CC[C@@H]1N1CCCC1,7.9949
CC[C@@H]1CN2CC[C@]3(Nc4cccc(OC)c4C3=O)[C@@H]2C[C@@H]1/C(=C\OC)C(=O)OC,7.1024
CC[C@@H]1CN2CC[C@@]34OCCO[C@@]3(Nc3ccc(F)c(OC)c34)[C@@H]2C[C@@H]1/C(=C\OC)C(=O)OC,8.1549
O=C(N[C@@]12CCC(=O)[C@@H]3Oc4c(O)ccc5c4[C@@]31CCN(CC1CC1)[C@@H]2C5)c1ccc2ccccc2c1,9.4815
O=C(N[C@@]12CCC(=O)[C@@H]3Oc4c(O)ccc5c4[C@@]31CCN(CC1CC1)[C@@H]2C5)c1cnc2ccccc2c1,9.8861
O=C(N[C@@]12CCC(=O)[C@@H]3Oc4c(O)ccc5c4[C@@]31CCN(CC1CC1)[C@@H]2C5)c1ccc2ccccc2n1,9.5850
O=C(N[C@@]12CCC(=O)[C@@H]3Oc4c(O)ccc5c4[C@@]31CCN(CC1CC1)[C@@H]2C5)c1cc2ccccc2cn1,9.5686
O=C(N[C@@]12CCC(=O)[C@@H]3Oc4c(O)ccc5c4[C@@]31CCN(CC1CC1)[C@@H]2C5)c1ccccc1,9.9208
O=C(N[C@@]12CCC(=O)[C@@H]3Oc4c(O)ccc5c4[C@@]31CCN(CC1CC1)[C@@H]2C5)c1ccncc1,9.4815
O=C(N[C@@]12CCC(=O)[C@@H]3Oc4c(O)ccc5c4[C@@]31CCN(CC1CC1)[C@@H]2C5)c1cccnc1,9.7959
O=C(N[C@@]12CCC(=O)[C@@H]3Oc4c(O)ccc5c4[C@@]31CCN(CC1CC1)[C@@H]2C5)c1ccccn1,9.4437
CC(C)C[C@H](NC(=O)[C@H](Cc1ccccc1)NC(=O)CNC(=O)[C@@H](C)NC(=O)[C@@H](N)Cc1ccc(O)cc1)C(=O)N[C@@H](CCCNC(=N)N)C(=O)N[C@@H](CCCCN)C(=O)N[C@@H](Cc1ccc(I)cc1)C(=O)N1CCC[C@H]1C(=O)N[C@@H](CCCCN)C(=O)O,7.8539
CC(C)C[C@H](NC(=O)[C@H](Cc1ccccc1)NC(=O)CNC(=O)[C@@H](C)NC(=O)[C@@H](N)Cc1ccc(O)cc1)C(=O)N[C@@H](CCCNC(=N)N)C(=O)N[C@@H](CCCCN)C(=O)N[C@@H](Cc1ccc(O)cc1)C(=O)N1CCC[C@H]1C(=O)N[C@@H](CCCCN)C(=O)O,7.8861
CC(C)C[C@H](NC(=O)[C@H](Cc1ccccc1)NC(=O)CNC(=O)CNC(=O)[C@@H](N)Cc1ccc(O)cc1)C(=O)N[C@@H](CCCNC(=N)N)C(=O)N[C@@H](CCCCN)C(=O)N[C@@H](Cc1ccc(I)cc1)C(=O)N1CCC[C@H]1C(=O)N[C@@H](CCCCN)C(=O)O,8.4559
CC(C)C[C@H](NC(=O)[C@H](Cc1ccccc1)NC(=O)CNC(=O)CNC(=O)[C@@H](N)Cc1ccc(O)cc1)C(=O)N[C@@H](CCCNC(=N)N)C(=O)N[C@@H](CCCCN)C(=O)N[C@@H](Cc1ccc(O)cc1)C(=O)N1CCC[C@H]1C(=O)N[C@@H](CCCCN)C(=O)O,8.6198
COc1c(F)cccc1C(=O)N1C[C@@H](C)CC[C@H]1CNc1ccc(Br)cn1,6.4949
CN(CCCc1ccccc1)[C@H]1CCCC[C@@H]1OCCCc1ccccc1,5.6576
CN(CCc1ccccc1)[C@H]1CCCC[C@@H]1OCCCc1ccccc1,4.6778
CN1CC[C@]2(c3cccc(O)c3)C[C@H](O)C[C@@H]1C2,5.9104
C[C@H]1C[C@H]2C[C@](c3cccc(O)c3)(CCN2C)C1,6.5200
O=C1C[C@H]2C[C@](c3cccc(O)c3)(CCN2CCc2ccccc2)C1,6.7033
CN1CC[C@]2(c3cccc(O)c3)C[C@@H](c3ccccc3)C[C@H]1C2,6.8665
Oc1cccc([C@@]23CCN(CCc4ccccc4)[C@H](C[C@@H](O)C2)C3)c1,6.8697
C[C@H]1C[C@H]2C[C@](c3cccc(O)c3)(CCN2CCc2ccccc2)C1,7.0410
Oc1cccc([C@]23CCN(CCc4ccccc4)[C@H](C2)[C@H]2CCCC[C@@H]2C3)c1,7.0862
C[C@H]1CC[C@@]2(c3cccc(O)c3)CCN(CCc3ccccc3)[C@@H]1C2,7.2676
C[C@H]1CC[C@@]2(c3cccc(O)c3)CCN(C)[C@@H]1C2,7.4089
CN1CC[C@]2(c3cccc(O)c3)C[C@H]3CCCC[C@@H]3[C@H]1C2,7.6576
Oc1cccc([C@@]23CCN(CCc4ccccc4)[C@@H](C[C@H](c4ccccc4)C2)C3)c1,8.3925
COc1ccc2c3c1O[C@H]1[C@@H](O)[C@H](O)C[C@H]4[C@@H](C2)N(C)CC[C@@]341,3.8996
COc1ccc2c3c1O[C@H]1[C@@H](O)[C@H](OC)C[C@H]4[C@@H](C2)N(C)CC[C@@]341,4.3010
COc1ccc2c3c1O[C@H]1[C@@H](OC)[C@H](C)C[C@H]4[C@@H](C2)N(C)CC[C@@]341,4.4949
COc1ccc2c3c1O[C@H]1[C@@H](O)[C@H](C)C[C@H]4[C@@H](C2)N(C)CC[C@@]341,4.6021
COc1ccc2c3c1O[C@H]1C(=O)CC[C@@]4(O)[C@@H](C2)N(C)CC[C@]314,4.7959
COc1cc(C)c2c3c1O[C@H]1[C@H](F)[C@H](C)C[C@H]4[C@@H](C2)N(C)CC[C@@]341,5.3010
C[C@@H]1C[C@H]2[C@H]3Cc4ccc(O)c5c4[C@@]2(CCN3C)[C@@H](O5)[C@H]1O,5.7959
C1C2C3CC4C2C2C1C3[C@H](NCC13C5C6C7C5C1C7C63)C42,6.0921
COc1cc(CN[C@H]2C3C4CC5C6C4CC3C6C52)cc(OC)c1OC,5.7040
c1ccc(CN[C@H]2C3C4CC5C6C4CC3C6C52)cc1,5.3130
CN(CCc1ccccn1)[C@H]1C2C3CC4C5C3CC2C5C41,6.0297
CN(Cc1cccnc1)[C@H]1C2C3CC4C5C3CC2C5C41,5.7794
COc1ccsc1CNCC[C@@]1(c2ccccn2)CCOC2(CCCC2)C1,5.8539
c1ccc([C@]2(CCNCc3cccs3)CCOC3(CCCC3)C2)nc1,6.0458
C[C@@H]1CN(CCCc2ccccc2)[C@H]2C[C@H](N(C)CC3CC3)C[C@]1(c1cccc(O)c1)C2.Cl.Cl,8.2171
C[C@@H]1CN(CCCc2ccccc2)[C@H]2C[C@H](N(C)C)C[C@]1(c1cccc(O)c1)C2.Cl.Cl,8.0044
C[C@@H]1CN(CCCc2ccccc2)[C@H]2C[C@H](NCC3CC3)C[C@]1(c1cccc(O)c1)C2.Cl.Cl,7.8642
CCCN[C@H]1C[C@H]2C[C@@](c3cccc(O)c3)(C1)[C@H](C)CN2CCCc1ccccc1.Cl.Cl,7.6935
CCN[C@H]1C[C@H]2C[C@@](c3cccc(O)c3)(C1)[C@H](C)CN2CCCc1ccccc1.Cl.Cl,8.0851
CN[C@H]1C[C@H]2C[C@@](c3cccc(O)c3)(C1)[C@H](C)CN2CCCc1ccccc1.Cl.Cl,7.6794
C[C@@H]1CN(CCCc2ccccc2)[C@@H]2CCC[C@]1(c1cccc(O)c1)C2.Cl,8.1085
Cl.O=C(N[C@@]12CCC(=O)[C@@H]3Oc4c(O)ccc5c4[C@@]31CCN(CC1CC1)[C@@H]2C5)c1cc2ccccc2cn1,9.0647
Cl.O=C(N[C@@]12CCC(=O)[C@@H]3Oc4c(O)ccc5c4[C@@]31CCN(CC1CC1)[C@@H]2C5)c1cccnc1,9.5238
Cl.O=C(N[C@@]12CCC(=O)[C@@H]3Oc4c(O)ccc5c4[C@@]31CCN(CC1CC1)[C@@H]2C5)c1ccccn1,9.1016
Cl.O=C(CNC(=O)c1ccccn1)N[C@@]12CCC(=O)[C@@H]3Oc4c(O)ccc5c4[C@@]31CCN(CC1CC1)[C@@H]2C5,9.8539
Cl.O=C(CCc1ccccn1)N[C@@]12CCC(=O)[C@@H]3Oc4c(O)ccc5c4[C@@]31CCN(CC1CC1)[C@@H]2C5,9.7696
Cl.O=C(Cc1ccccn1)N[C@@]12CCC(=O)[C@@H]3Oc4c(O)ccc5c4[C@@]31CCN(CC1CC1)[C@@H]2C5,9.7212
Cl.O=C(N[C@@]12CCC(=O)[C@@H]3Oc4c(O)ccc5c4[C@@]31CCN(CC1CC1)[C@@H]2C5)c1ccc2ccccc2c1,9.4815
Cl.O=C(N[C@@]12CCC(=O)[C@@H]3Oc4c(O)ccc5c4[C@@]31CCN(CC1CC1)[C@@H]2C5)c1cnc2ccccc2c1,9.8861
Cl.O=C(N[C@@]12CCC(=O)[C@@H]3Oc4c(O)ccc5c4[C@@]31CCN(CC1CC1)[C@@H]2C5)c1ccc2ccccc2n1,9.5850
Cl.O=C(N[C@@]12CCC(=O)[C@@H]3Oc4c(O)ccc5c4[C@@]31CCN(CC1CC1)[C@@H]2C5)c1ccccc1,9.9208
Cl.O=C(N[C@@]12CCC(=O)[C@@H]3Oc4c(O)ccc5c4[C@@]31CCN(CC1CC1)[C@@H]2C5)c1ccncc1,9.4815
Cl.O=C(O[C@@]12CCC(=O)[C@@H]3Oc4c(O)ccc5c4[C@@]31CCN(CC1CC1)[C@@H]2C5)c1ccc2ccccc2c1,7.3316
Cl.O=C(O[C@@]12CCC(=O)[C@@H]3Oc4c(O)ccc5c4[C@@]31CCN(CC1CC1)[C@@H]2C5)c1cnc2ccccc2c1,6.8292
Cl.O=C(O[C@@]12CCC(=O)[C@@H]3Oc4c(O)ccc5c4[C@@]31CCN(CC1CC1)[C@@H]2C5)c1ccc2ccccc2n1,7.1726
Cl.O=C(O[C@@]12CCC(=O)[C@@H]3Oc4c(O)ccc5c4[C@@]31CCN(CC1CC1)[C@@H]2C5)c1ccccc1,6.2318
Cl.O=C(O[C@@]12CCC(=O)[C@@H]3Oc4c(O)ccc5c4[C@@]31CCN(CC1CC1)[C@@H]2C5)c1ccncc1,7.3080
Cl.O=C(O[C@@]12CCC(=O)[C@@H]3Oc4c(O)ccc5c4[C@@]31CCN(CC1CC1)[C@@H]2C5)c1cccnc1,7.3206
Cl.O=C(O[C@@]12CCC(=O)[C@@H]3Oc4c(O)ccc5c4[C@@]31CCN(CC1CC1)[C@@H]2C5)c1ccccn1,7.5935
Br.CNc1nc2c(s1)C[C@H]1[C@H]3Cc4ccc(O)cc4[C@@]1(CCN3CC1CC1)C2,9.4809
CNc1nc2c(s1)C[C@H]1[C@H]3Cc4ccc(OC)cc4[C@@]1(CCN3CC1CC1)C2,7.7285
COc1ccc2c(c1)[C@]13CCN(CC4CC4)[C@H](C2)[C@@H]1Cc1sc(NC(C)=O)nc1C3,7.4498
CC(=O)Nc1nc2c(s1)C[C@H]1[C@H]3Cc4ccc(O)cc4[C@@]1(CCN3CC1CC1)C2,9.1255
Br.Nc1nc2c(s1)C[C@H]1[C@H]3Cc4ccc(O)cc4[C@@]1(CCN3CC1CC1)C2,9.2147
COc1ccc2c(c1)[C@]13CCN(CC4CC4)[C@H](C2)[C@@H]1Cc1sc(N)nc1C3,8.0155
CCOCCN1CC[C@]23Cc4nc5ccccc5cc4C[C@@]2(O)[C@H]1Cc1ccc(O)cc13.Cl.Cl,6.8703
CN1CC[C@]23Cc4nc5ccccc5cc4C[C@@]2(O)[C@H]1Cc1ccc(O)cc13.Cl.Cl,6.3077
C[C@@H](O)CN1CC[C@]23Cc4nc5ccccc5cc4C[C@@]2(O)[C@H]1Cc1ccc(O)cc13.Cl.Cl,6.5880
Cl.Cl.Oc1ccc2c(c1)[C@]13CCN(C[C@@H]4CCCO4)[C@H](C2)[C@]1(O)Cc1cc2ccccc2nc1C3,7.5720
CN1CCc2c(c3cccc4c3n2-c2ccccc2CC4)C1,5.6809
Cc1cc(O)cc(C)c1C[C@H](N)C(=O)N1CCCc2ccccc21,7.4377
Cc1cc(O)cc(C)c1C[C@H](N)C(=O)N1CCN(CCCCCc2ccccc2)CC1,6.7947
Cc1cc(O)cc(C)c1C[C@H](N)C(=O)N1CCN(C/C=C/Cc2ccccc2)CC1,6.4373
Cc1cc(O)cc(C)c1C[C@H](N)C(=O)N1CCN(C/C=C\Cc2ccccc2)CC1,7.2676
Cc1cc(O)cc(C)c1C[C@H](N)C(=O)N1CCN(CCCCc2ccccc2)CC1,7.1079
Cc1cc(O)cc(C)c1C[C@H](N)C(=O)N1CCN(CCC(c2ccccc2)c2ccccc2)CC1,6.8239
Cc1cc(O)cc(C)c1C[C@H](N)C(=O)N1CCN(C/C=C/c2cccc3ccccc23)CC1,6.4815
Cc1cc(O)cc(C)c1C[C@H](N)C(=O)N1CCN(CCCc2cccc3ccccc23)CC1,7.1079
Cc1cc(O)cc(C)c1C[C@H](N)C(=O)N1CCN(CCCc2ccccc2)CC1,6.6021
Cc1cc(O)cc(C)c1C[C@H](N)C(=O)N1CCC(CCCc2ccccc2)CC1,6.9586
Cc1cc(O)cc(C)c1C[C@H](N)C(=O)N1CCC(Cc2ccccc2)CC1,6.8539
Cc1cc(O)cc(C)c1C[C@H](N)C(=O)N1CCC(Cc2ccccc2)c2ccccc21,6.5086
N=C(N)NCCC[C@@H](NC(=O)CC1(CC(=O)N2CCN(C3c4ccccc4NC(=O)c4ccccc43)CC2)CCCC1)C(=O)NCCn1c(=O)n(-c2ccccc2)n(-c2ccccc2)c1=O,6.0232
COC(=O)c1cc(Br)cnc1N1CCC(N(C)C2CCCCC2)CC1,5.5686
COC(=O)c1cc(Br)cnc1N1CCC(NC2CCCCC2)CC1,6.8761
CCOC(=O)c1cc(C(=O)OC)c(C)nc1N1CCC(NC2CCCCC2)CC1,5.5850
COC(=O)c1cc(Br)cnc1N1CCC(NCCO)CC1,5.0362
CC(C)OC(=O)c1cc(Br)cnc1N1CCC(NC2CCCCC2)CC1,6.4001
COC(=O)c1cc(Br)cnc1N1CCCC(NC2CCCCC2)C1,4.9318
COC(=O)c1cc(Br)cnc1N1CCC(NC2CCCCCC2)CC1,6.9586
COC(=O)c1cc(NC(C)=O)cnc1N1CCC(NC2CCCCC2)CC1,6.2020
COC(=O)c1cc(Br)cnc1N1CCC(NC2CCCCC2)C1,6.7328
COC(=O)c1cc(Br)cnc1N1CCC(N[C@H](C)C2CCCCC2)CC1,5.1675
COC(=O)c1cc(Br)cnc1N1CCC(NC2CCOCC2)CC1,6.2069
COC(=O)c1cc(F)cnc1N1CCC(NC2CCCCC2)CC1,5.1805
COC(=O)c1cc(Br)cnc1N1CCC(N[C@@H]2CCCC[C@H]2O)CC1,6.6364
COC(=O)c1cc(Br)cnc1N1CCC(NC2CCCCC2)C(O)C1,7.7905
COC(=O)c1cc(Br)cnc1N1CCC(NC2CCCC2)CC1,6.9208
COC(=O)c1cc(Br)cnc1N1CCC(Nc2ccccc2)CC1,4.7570
COC(=O)c1cc(Cl)cnc1N1CCC(NC2CCCCC2)CC1,6.7986
COC(=O)c1cc(Br)cnc1N1CCC(N)C(O)C1,5.2291
COC(=O)c1cc(Br)cnc1N1CCC(NC2CCCCC2OC)CC1,6.5735
O=C(O)c1cc(Br)cnc1N1CCC(NC2CCCCC2)CC1,5.2840
COC(=O)c1cc(-c2ccccc2)cnc1N1CCC(NC2CCCCC2)CC1,5.2076
COC(=O)c1cc(Br)cnc1N1CCC(NC2CCC(C)CC2)CC1,6.2708
COC(=O)c1cc(Br)cnc1N1CCC(N)CC1,4.6615
COC(=O)c1cc(I)cnc1N1CCC(NC2CCCCC2)CC1,7.1024
COC(=O)c1cc(Br)cnc1N1CCC(CNC2CCCCC2)CC1,5.4559
COC(=O)c1cccnc1N1CCC(NC2CCCCC2)C(O)C1,5.6576
COC(=O)c1cc(Br)cnc1N1CCC(NC2CCCC(O)C2)CC1,6.1858
COC(=O)c1cc(Br)cnc1N1CCC(NC2CCCCC2)C(C)C1,6.7852
COC(=O)c1cc(Br)cnc1N1CCC(N[C@@H]2CCCC[C@@H]2O)CC1,6.2373
COc1cc([N+](=O)[O-])c(OC)cc1SCc1nnc(S)n1-c1ccc(C)cc1,5.6576
CCOC(=O)c1cc(C(=O)OC)c(C)nc1N1CCC(NC2CCCCC2O)CC1,6.3872
Cc1csc2c(NC3CCN(Cc4ccccc4)CC3)ncnc12,4.8297
COc1ccccc1C1CCN(Cc2ccc3c(c2)CCC(C)(C)O3)CC1,5.3316
CN(C)c1cccc2c1c(NC(=O)Nc1ccc(OCc3ccccc3)cc1)nn2C,5.7399
CN(C)c1cc(NC(=O)Nc2ccccc2)c2ccccc2n1,4.4868
CCOC(=O)c1ccc(N2CC3CCCCN3C2c2cccc(OC)c2O)cc1,5.1643
COC(=O)c1cc(-c2ccc(OC)cc2)c(-c2ccc(OC)cc2)s1,5.8013
O=C(c1cnn(-c2ccc(Cl)cc2)c1C(F)(F)F)N1CCN(c2ncnc3ccsc23)CC1,5.9788
COc1ccc(OS(=O)(=O)c2sc(Br)cc2Br)cc1,4.7721
Clc1ccc2c(Nc3ccc4c(c3)OCO4)ccnc2c1,4.8601
CCC[C@@H](C)CN1CCC(c2cccc(O)c2)(c2ncc(C(=O)N(CC)CC)cn2)CC1,6.8477
CCCC(C)CN1CCC(c2cccc(C(N)=O)c2)(c2ncc(C(=O)N(CC)CC)cn2)CC1,7.1871
CC[C@]1(c2cccc(NS(C)(=O)=O)c2)[C@@H]2CN(CCCC3(O)CCCCC3)C[C@@H]21,7.7959
CC[C@]1(c2cccc(C(N)=O)c2)[C@@H]2CN(CC3(O)Cc4ccccc4C3)C[C@@H]21,7.2218
CC[C@]1(c2cccc(NS(C)(=O)=O)c2)[C@@H]2CN(CC3(O)Cc4ccccc4C3)C[C@@H]21,7.3768
COC(=O)[C@@H]1C[C@H](O[C@@H]2CCCCO2)C(=O)[C@H]2[C@@]1(C)CC[C@H]1C(=O)O[C@H](c3ccoc3)C[C@]21C,8.2069
COC(=O)[C@@H]1C[C@H](O[C@H]2CCCCO2)C(=O)[C@H]2[C@@]1(C)CC[C@H]1C(=O)O[C@H](c3ccoc3)C[C@]21C,6.5229
COC(=O)[C@@H]1C[C@H](O[C@@H]2CCCO2)C(=O)[C@H]2[C@@]1(C)CC[C@H]1C(=O)O[C@H](c3ccoc3)C[C@]21C,7.1249
COC(=O)[C@@H]1C[C@H](O[C@H]2CCCO2)C(=O)[C@H]2[C@@]1(C)CC[C@H]1C(=O)O[C@H](c3ccoc3)C[C@]21C,7.0915
CCO[C@@H](C)O[C@H]1C[C@@H](C(=O)OC)[C@]2(C)CC[C@H]3C(=O)O[C@H](c4ccoc4)C[C@]3(C)[C@H]2C1=O,8.1739
CCO[C@H](C)O[C@H]1C[C@@H](C(=O)OC)[C@]2(C)CC[C@H]3C(=O)O[C@H](c4ccoc4)C[C@]3(C)[C@H]2C1=O,5.9090
CCO[C@@H](CBr)O[C@H]1C[C@@H](C(=O)OC)[C@]2(C)CC[C@H]3C(=O)O[C@H](c4ccoc4)C[C@]3(C)[C@H]2C1=O,5.2789
CCO[C@H](CBr)O[C@H]1C[C@@H](C(=O)OC)[C@]2(C)CC[C@H]3C(=O)O[C@H](c4ccoc4)C[C@]3(C)[C@H]2C1=O,5.1285
COC(=O)[C@@H]1C[C@H](OC=O)C(=O)[C@H]2[C@@]1(C)CC[C@H]1C(=O)O[C@H](c3ccoc3)C[C@]21C,7.3872
CCOC(=O)O[C@H]1C[C@@H](C(=O)OC)[C@]2(C)CC[C@H]3C(=O)O[C@H](c4ccoc4)C[C@]3(C)[C@H]2C1=O,6.7670
COCO[C@H]1C[C@@H](C(=O)OC)[C@]2(C)CC[C@H]3C(=O)O[C@H](C(=O)N4CCCCC4)C[C@]3(C)[C@H]2C1=O,7.2291
COC(=O)[C@@H]1C[C@H](OC(C)=O)C(=O)[C@H]2[C@@]1(C)CC[C@H]1C(=O)O[C@H](C(=O)N3CCCCC3)C[C@]21C,6.8539
Cc1cc(O)cc(C)c1C[C@H](N)C(=O)N[C@@H]1CSCCSC(C)(C)[C@H](C(=O)O)NC(=O)C2(Cc3ccccc3C2)NC1=O,6.1101
Cc1cc(O)cc(C)c1C[C@H](N)C(=O)N[C@@H]1CSCCSC(C)(C)[C@H](C(=O)N[C@@H](CO)C(=O)O)NC(=O)C2(Cc3ccccc3C2)NC1=O,5.1487
Cc1cc(O)cc(C)c1C[C@H](N)C(=O)N[C@@H]1CSCCSC(C)(C)[C@H](C(=O)N[C@@H](CO)C(N)=O)NC(=O)C2(Cc3ccccc3C2)NC1=O,7.0297
Cc1cc(O)cc(C)c1C[C@H](N)C(=O)N[C@@H]1CSCCSC(C)(C)[C@H](C(=O)N[C@@H](CO[C@@H]2O[C@H](CO)[C@@H](O)[C@H](O)[C@H]2O)C(N)=O)NC(=O)C2(Cc3ccccc3C2)NC1=O,6.3768
COC(=O)c1cc(Br)cnc1N1CC[C@@H](NC2CCCCC2)[C@H](O)C1,7.5238
C[C@H]1CN(CCOC(=O)[C@H]2Cc3ccc(O)cc3CN2)CC[C@@]1(C)c1cccc(O)c1,6.8348
C[C@H]1CN(CCCOC(=O)[C@H]2Cc3ccc(O)cc3CN2)CC[C@@]1(C)c1cccc(O)c1,7.1793
CCOC(=O)C(CN1CC[C@@](C)(c2cccc(O)c2)[C@@H](C)C1)OC(=O)[C@H]1Cc2ccc(O)cc2CN1,8.6930
O=C1[C@H]2O[C@@]34CC[C@@]5(OCOc6c(O)ccc7c6[C@@]3(CCN(CC3CC3)[C@@H]4C7)[C@H]25)N1Cc1ccccc1,7.2472
CN1CC[C@@]23c4c5ccc(O)c4OCO[C@]46CC[C@@]2(O[C@H](C(=O)N4Cc2ccccc2)[C@H]63)[C@H]1C5,6.4167
CC(C)CN1CC[C@@]23c4c5ccc(O)c4OCO[C@]46CC[C@@]2(O[C@H](C(=O)N4Cc2ccccc2)[C@H]63)[C@H]1C5,6.2984
C=CCN1CC[C@@]23c4c5ccc(O)c4OCO[C@]46CC[C@@]2(O[C@H](C(=O)N4Cc2ccccc2)[C@H]63)[C@H]1C5,6.6364
O=C1[C@H]2O[C@@]34CC[C@@]5(OCOc6c(O)ccc7c6[C@@]3(CCN(CC3CC3)[C@@H]4C7)[C@H]25)N1c1ccccc1,8.5540
O=C1[C@H]2O[C@@]34CC[C@@]5(OCOc6c(O)ccc7c6[C@@]3(CCN(CC3CC3)[C@@H]4C7)[C@H]25)N1CCc1ccccc1,8.5144
O=C1[C@H]2O[C@@]34CC[C@@]5(OCOc6c(O)ccc7c6[C@@]3(CCN(CCc3ccccc3)[C@@H]4C7)[C@H]25)N1Cc1ccccc1,4.9020
O=C1Cc2ccccc2N1C1CCN([C@H]2CC[C@@H]3CCCc4cccc2c43)CC1,6.2874
O=C1Cc2ccccc2N1C1CCN([C@@H]2CC[C@@H]3CCCc4cccc2c43)CC1,6.0894
CCC1C(=O)N(C2CCN([C@H]3CC[C@@H]4CCCc5cccc3c54)CC2)c2ccccc21,6.8182
CCC1C(=O)N(C2CCN([C@@H]3CC[C@@H]4CCCc5cccc3c54)CC2)c2ccccc21,6.7352
CCC1C(=O)N(C2CCN(C3CCCc4ccccc43)CC2)c2ccccc21,7.2495
CCC1C(=O)N(C2CCN(C3CCc4ccccc4C3)CC2)c2ccccc21,7.3183
CCC1C(=O)N(C2CCN(Cc3cccc4[nH]ccc34)CC2)c2ccccc21,7.8921
CCC1C(=O)N(C2CCN(CCC(c3ccccc3)c3ccccc3)CC2)c2ccccc21,7.0535
CCC1C(=O)N(C2CCN(C(C)CC(c3ccccc3)c3ccccc3)CC2)c2ccccc21,5.3798
CCC1C(=O)N(C2CCN(CCCc3ccccc3)CC2)c2ccccc21,6.3300
CCC1C(=O)N(C2CCN(C/C=C/c3ccccc3)CC2)c2ccccc21,5.8642
CO[C@]12CC[C@@]3(C[C@@H]1[C@H](O)c1ccccc1)[C@H]1Cc4ccc(O)c5c4[C@@]3(CCN1CC1CC1)[C@H]2O5,8.3565
CC[C@](O)([C@H]1C[C@@]23CC[C@]1(OC)[C@@H]1Oc4c(O)ccc5c4[C@@]12CCN(CC1CC1)[C@@H]3C5)C(C)(C)C,7.9947
CO[C@]12CC[C@@]3(C[C@@H]1[C@@](C)(O)c1ccncc1)[C@H]1Cc4ccc(O)c5c4[C@@]3(CCN1CC1CC1)[C@H]2O5,9.4089
CO[C@]12CC[C@@]3(C[C@@H]1[C@@H](O)c1ccccc1)[C@H]1Cc4ccc(O)c5c4[C@@]3(CCN1CC1CC1)[C@H]2O5,9.2496
CO[C@]12CC[C@@]3(C[C@@H]1[C@](C)(O)c1ccccc1C)[C@H]1Cc4ccc(O)c5c4[C@@]3(CCN1CC1CC1)[C@H]2O5,9.7959
CC[C@@](O)(c1ccccc1)[C@H]1C[C@@]23CC[C@]1(OC)[C@@H]1Oc4c(O)ccc5c4[C@@]12CCN(CC1CC1)[C@@H]3C5,8.0237
CO[C@]12CC[C@@]3(C[C@@H]1[C@](C)(O)c1ccccc1)[C@H]1Cc4ccc(O)c5c4[C@@]3(CCN1CC1CC1)[C@H]2O5,9.3098
CO[C@]12CC[C@@]3(C[C@@H]1[C@](C)(O)c1cccs1)[C@H]1Cc4ccc(O)c5c4[C@@]3(CCN1CC1CC1)[C@H]2O5,8.5528
CC[C@](O)([C@H]1C[C@@]23C=C[C@]1(OC)[C@@H]1Oc4c(O)ccc5c4[C@@]12CCN(CC1CC1)[C@@H]3C5)C(C)(C)C,8.0193
CC[C@@](O)(c1ccccc1)[C@H]1C[C@@]23C=C[C@]1(OC)[C@@H]1Oc4c(O)ccc5c4[C@@]12CCN(CC1CC1)[C@@H]3C5,8.1347
CO[C@]12C=C[C@@]3(C[C@@H]1[C@H](O)c1ccccc1)[C@H]1Cc4ccc(O)c5c4[C@@]3(CCN1CC1CC1)[C@H]2O5,8.4179
CO[C@]12CC[C@@]3(C[C@@H]1[C@](C)(O)c1cc(C)cc(C)c1)[C@H]1Cc4ccc(O)c5c4[C@@]3(CCN1CC1CC1)[C@H]2O5,10.0000
CN1CC[C@]23c4c5ccc(O)c4O[C@H]2[C@]2(OCCF)C=C[C@@]3(C[C@@H]2[C@@](C)(O)CCc2ccccc2)[C@H]1C5,10.0969
CC(C)(O)[C@H]1C[C@@]23CC[C@@]1(OCCF)[C@@H]1Oc4c(O)ccc5c4[C@@]12CCN(CC1CC1)[C@@H]3C5,9.6990
CC(C)(C)[C@@](C)(O)[C@H]1C[C@@]23CC[C@]1(OCCF)[C@@H]1Oc4c(O)ccc5c4[C@@]12CCN(CC1CC1)[C@@H]3C5,9.9208
O=C1CC[C@@]23Cc4ccc(O)cc4[C@@]2(CCN(CC2CC2)C3)C1,7.7595
Oc1ccc2c(c1)[C@]13CCN(CC4CC4)C[C@@]1(C2)Cc1cc2ccccc2nc1C3,6.5752
Oc1ccc2c(c1)[C@]13CCN(CC4(O)CC4)C[C@@]1(C2)Cc1cc2ccccc2nc1C3,6.0560
Oc1ccc2c(c1)[C@]13CCN(Cc4ccccc4)C[C@@]1(C2)Cc1cc2ccccc2nc1C3,6.2262
CN1CC[C@]23Cc4nc5ccccc5cc4C[C@]2(Cc2ccc(O)cc23)C1,6.7100
CN1C(=O)CCC2=C1[C@@H]1Oc3c(O)ccc4c3[C@@]13CCN(C)[C@H](C4)[C@]3(O)C2,7.6904
CN1CC[C@]23c4c5ccc(O)c4O[C@H]2C2=C(CCC(=O)N2Cc2ccccc2)C[C@@]3(O)[C@H]1C5,8.7033
CN1C(=O)[C@H](CCO)CC2=C1[C@@H]1Oc3c(O)ccc4c3[C@@]13CCN(C)[C@H](C4)[C@]3(O)C2,7.3125
CN1C(=O)[C@@H](CCO)CC2=C1[C@@H]1Oc3c(O)ccc4c3[C@@]13CCN(C)[C@H](C4)[C@]3(O)C2,6.7399
CN1CC[C@]23c4c5ccc(O)c4O[C@H]2C2=C(C[C@@H](CCO)C(=O)N2Cc2ccccc2)C[C@@]3(O)[C@H]1C5,8.3298
CN1CC[C@]23c4c5ccc(O)c4O[C@H]2C2=C(C[C@H](CCO)C(=O)N2Cc2ccccc2)C[C@@]3(O)[C@H]1C5,7.8069
C[C@@H]1CC2=C([C@@H]3Oc4c(O)ccc5c4[C@@]34CCN(CC3CC3)[C@H](C5)[C@]4(O)C2)N(Cc2ccccc2)C1=O,9.0223
C[C@H]1CC2=C([C@@H]3Oc4c(O)ccc5c4[C@@]34CCN(CC3CC3)[C@H](C5)[C@]4(O)C2)N(Cc2ccccc2)C1=O,9.1487
O=C1[C@H](CCO)CC2=C([C@@H]3Oc4c(O)ccc5c4[C@@]34CCN(CC3CC3)[C@H](C5)[C@]4(O)C2)N1Cc1ccccc1,8.8894
O=C1[C@@H](CCO)CC2=C([C@@H]3Oc4c(O)ccc5c4[C@@]34CCN(CC3CC3)[C@H](C5)[C@]4(O)C2)N1Cc1ccccc1,8.5591
O=C1CCC2=C([C@@H]3Oc4c(O)ccc5c4[C@@]34CCN(CC3CC3)[C@H](C5)[C@]4(O)C2)N1Cc1ccccc1,9.8239
O=C1CCC2=C([C@@H]3Oc4c(O)ccc5c4[C@@]34CCN(CC3CC3)[C@H](C5)[C@]4(O)C2)N1CC1CCCCC1,9.4815
CCOC(=O)Cc1c2c(n(Cc3ccccc3)c1O)[C@@H]1Oc3c(O)ccc4c3[C@@]13CCN(C)[C@H](C4)[C@]3(O)C2,6.5806
CCOC(=O)Cc1c2c(n(Cc3ccccc3)c1O)[C@@H]1Oc3c(O)ccc4c3[C@@]13CCN(CC1CC1)[C@H](C4)[C@]3(O)C2,8.3197
Cc1nn(-c2ccc(Br)cc2Br)c2c1C(O)CC(C)(C)C2,5.9586
Cc1ccc(-n2nc(C)c3c2CC(C)(C)CC3=O)c(Br)c1,6.4318
Cc1nn(-c2ccc(Cl)cc2Br)c2c1C(=O)CC(C)(C)C2,6.2441
Cc1nn(-c2ccc(Br)cc2Br)c2c1C(=O)CC(C)(C)C2,6.3872
Cc1nn(-c2ccc(Cl)cc2Cl)c2c1C(=O)CC(C)(C)C2,5.5768
COC(=O)[C@@H]1C[C@H](OC(C)=O)C(=O)[C@H]2[C@@]1(C)CC[C@H]1C(=O)O[C@H](CC3=CC(=O)C=CC3=O)C[C@]21C,5.6021
O=C(Cc1ccc(Cl)c(Cl)c1)N1CCN(Cc2ccccc2)[C@@H]2CCC[C@H](N3CCCC3)[C@H]21,6.9237
O=C(Cc1ccc(Cl)c(Cl)c1)N1CCN(Cc2ccccc2)C2CCCC(N3CCC(O)C3)C21,7.1938
O=C(Cc1ccc(Cl)c(Cl)c1)N1CCNC2CCCC(N3CCCC3)C21,7.4815
O=C(Cc1ccc(Cl)c(Cl)c1)N1CCNC2CCCC(N3CCC(O)C3)C21,7.4559
CN1CCN(C(=O)Cc2ccc(Cl)c(Cl)c2)C2C1CCCC2N1CCCC1,7.6990
CN1CCN(C(=O)Cc2ccc(Cl)c(Cl)c2)C2C1CCCC2N1CCC(O)C1,7.1024
CCCCN1CCN(C(=O)Cc2ccc(Cl)c(Cl)c2)C2C(N3CCCC3)CCCC21,7.9208
COc1ccc(CN2CCN(C(=O)Cc3ccc(Cl)c(Cl)c3)C3C(N4CCCC4)CCCC32)cc1,7.5850
O=C(Cc1ccc(Cl)c(Cl)c1)N1CCN(Cc2ccccn2)C2CCCC(N3CCCC3)C21,7.3872
O=C(Cc1ccc(Cl)c(Cl)c1)N1CCN(Cc2cnc[nH]2)C2CCCC(N3CCCC3)C21,7.2518
O=C(c1ccccc1)N1CCN(C(=O)Cc2ccc(Cl)c(Cl)c2)C2C(N3CCCC3)CCCC21,6.5850
O=C(c1ccccc1)N1CCN(C(=O)Cc2ccc(Cl)c(Cl)c2)C2C(N3CCC(O)C3)CCCC21,6.3279
CC(=O)N1CCN(C(=O)Cc2ccc(Cl)c(Cl)c2)C2C(N3CCCC3)CCCC21,6.4815
CCC(=O)N1CCN(C(=O)Cc2ccc(Cl)c(Cl)c2)C2C(N3CCCC3)CCCC21,6.2218
COC(=O)N1CCN(C(=O)Cc2ccc(Cl)c(Cl)c2)[C@H]2[C@H]1CCC[C@@H]2N1CCCC1,6.9586
COC(=O)N1CCN(C(=O)Cc2ccc(Cl)c(Cl)c2)C2C(N3CCC(O)C3)CCCC21,7.0865
CCOC(=O)N1CCN(C(=O)Cc2ccc(Cl)c(Cl)c2)C2C(N3CCCC3)CCCC21,6.8239
COC(=O)CC(=O)N1CCN(C(=O)Cc2ccc(Cl)c(Cl)c2)C2C(N3CCCC3)CCCC21,6.6576
COC(=O)CC(=O)N1CCN(C(=O)Cc2ccc(Cl)c(Cl)c2)C2C(N3CCC(O)C3)CCCC21,6.7696
COC(=O)[C@@H]1C[C@H](OC(C)=O)C(=O)[C@H]2[C@@]1(C)CC[C@H]1C(=O)O[C@H](c3ccoc3-c3ccccc3)C[C@]21C,8.8861
COC(=O)[C@@H]1C[C@H](OC(C)=O)C(=O)[C@H]2[C@@]1(C)CC[C@H]1C(=O)O[C@H](c3ccoc3-c3ccccc3C(F)(F)F)C[C@]21C,8.0757
COC(=O)[C@@H]1C[C@H](OC(C)=O)C(=O)[C@H]2[C@@]1(C)CC[C@H]1C(=O)O[C@H](c3ccoc3-c3cccc(C(F)(F)F)c3)C[C@]21C,7.5686
COC(=O)[C@@H]1C[C@H](OC(C)=O)C(=O)[C@H]2[C@@]1(C)CC[C@H]1C(=O)O[C@H](c3ccoc3-c3ccc(C(F)(F)F)cc3)C[C@]21C,5.9914
COC(=O)[C@@H]1C[C@H](OC(C)=O)C(=O)[C@H]2[C@@]1(C)CC[C@H]1C(=O)O[C@H](c3ccoc3-c3ccccc3F)C[C@]21C,8.9208
COC(=O)[C@@H]1C[C@H](OC(C)=O)C(=O)[C@H]2[C@@]1(C)CC[C@H]1C(=O)O[C@H](c3ccoc3-c3cccc(F)c3)C[C@]21C,7.9208
COC(=O)[C@@H]1C[C@H](OC(C)=O)C(=O)[C@H]2[C@@]1(C)CC[C@H]1C(=O)O[C@H](c3ccoc3-c3ccc(F)cc3)C[C@]21C,7.2676
COC(=O)[C@@H]1C[C@H](OC(C)=O)C(=O)[C@H]2[C@@]1(C)CC[C@H]1C(=O)O[C@H](c3ccoc3-c3ccccc3[N+](=O)[O-])C[C@]21C,6.4437
COC(=O)[C@@H]1C[C@H](OC(C)=O)C(=O)[C@H]2[C@@]1(C)CC[C@H]1C(=O)O[C@H](c3ccoc3-c3cccc([N+](=O)[O-])c3)C[C@]21C,6.3468
COC(=O)[C@@H]1C[C@H](OC(C)=O)C(=O)[C@H]2[C@@]1(C)CC[C@H]1C(=O)O[C@H](c3ccoc3-c3ccc([N+](=O)[O-])cc3)C[C@]21C,6.7696
COC(=O)[C@@H]1C[C@H](OC(C)=O)C(=O)[C@H]2[C@@]1(C)CC[C@H]1C(=O)O[C@H](c3ccoc3-c3ccccc3C)C[C@]21C,8.2676
COC(=O)[C@@H]1C[C@H](OC(C)=O)C(=O)[C@H]2[C@@]1(C)CC[C@H]1C(=O)O[C@H](c3ccoc3-c3cccc(C)c3)C[C@]21C,8.4685
COC(=O)[C@@H]1C[C@H](OC(C)=O)C(=O)[C@H]2[C@@]1(C)CC[C@H]1C(=O)O[C@H](c3ccoc3-c3ccc(C)cc3)C[C@]21C,8.6383
COC(=O)[C@@H]1C[C@H](OC(C)=O)C(=O)[C@H]2[C@@]1(C)CC[C@H]1C(=O)O[C@H](c3ccoc3-c3ccccc3OC)C[C@]21C,8.0000
COC(=O)[C@@H]1C[C@H](OC(C)=O)C(=O)[C@H]2[C@@]1(C)CC[C@H]1C(=O)O[C@H](c3ccoc3-c3cccc(OC)c3)C[C@]21C,8.0655
COC(=O)[C@@H]1C[C@H](OC(C)=O)C(=O)[C@H]2[C@@]1(C)CC[C@H]1C(=O)O[C@H](c3ccoc3-c3ccc(OC)cc3)C[C@]21C,7.7959
COC(=O)[C@@H]1C[C@H](OC(C)=O)C(=O)[C@H]2[C@@]1(C)CC[C@H]1C(=O)O[C@H](c3ccoc3-c3cccc4ccccc34)C[C@]21C,7.4318
COC(=O)[C@@H]1C[C@H](OC(C)=O)C(=O)[C@H]2[C@@]1(C)CC[C@H]1C(=O)O[C@H](c3ccoc3-c3ccc4ccccc4c3)C[C@]21C,7.6021
COC(=O)[C@@H]1C[C@H](OC(C)=O)C(=O)[C@H]2[C@@]1(C)CC[C@H]1C(=O)O[C@H](c3ccoc3-c3ccco3)C[C@]21C,8.1739
COC(=O)[C@@H]1C[C@H](OC(C)=O)C(=O)[C@H]2[C@@]1(C)CC[C@H]1C(=O)O[C@H](c3ccoc3-c3ccoc3)C[C@]21C,8.1871
COC(=O)[C@@H]1C[C@H](OC(C)=O)C(=O)[C@H]2[C@@]1(C)CC[C@H]1C(=O)O[C@H](c3ccoc3-c3ccsc3)C[C@]21C,8.3665
COC(=O)[C@@H]1C[C@H](OC(C)=O)C(=O)[C@H]2[C@@]1(C)CC[C@H]1C(=O)O[C@H](c3ccoc3C)C[C@]21C,9.3872
COC(=O)[C@@H]1C[C@H](OC(C)=O)C(=O)[C@H]2[C@@]1(C)CC[C@H]1C(=O)O[C@H](c3ccoc3C3CC3)C[C@]21C,9.0000
COC(=O)[C@@H]1C[C@H](OC(C)=O)C(=O)[C@H]2[C@@]1(C)CC[C@H]1C(=O)O[C@H](c3ccoc3/C=C/c3ccccc3)C[C@]21C,7.6990
COC(=O)[C@@H]1C[C@H](OC(C)=O)C(=O)[C@H]2[C@@]1(C)CC[C@H]1C(=O)O[C@H](c3ccoc3CCc3ccccc3)C[C@]21C,7.4202
CC#Cc1occc1[C@@H]1C[C@]2(C)[C@H]3C(=O)[C@@H](OC(C)=O)C[C@@H](C(=O)OC)[C@]3(C)CC[C@H]2C(=O)O1,7.5850
COC(=O)[C@@H]1C[C@H](OC(C)=O)C(=O)[C@H]2[C@@]1(C)CC[C@H]1C(=O)O[C@H](c3ccoc3C#Cc3ccccc3)C[C@]21C,7.0000
COC(=O)[C@@H]1C[C@H](OC(C)=O)C(=O)[C@H]2[C@@]1(C)CC[C@H]1C(=O)O[C@H](c3ccoc3C#Cc3ccccc3OC)C[C@]21C,5.2147
COC(=O)[C@@H]1C[C@H](OC(C)=O)C(=O)[C@H]2[C@@]1(C)CC[C@H]1C(=O)O[C@H](c3ccoc3C#Cc3ccccc3C(F)(F)F)C[C@]21C,6.3665
CCCC#Cc1occc1[C@@H]1C[C@]2(C)[C@H]3C(=O)[C@@H](OC(C)=O)C[C@@H](C(=O)OC)[C@]3(C)CC[C@H]2C(=O)O1,5.0339
COC(=O)[C@@H]1C[C@H](OC(C)=O)C(=O)[C@H]2[C@@]1(C)CC[C@H]1C(=O)O[C@H](c3ccoc3C#CCCCO)C[C@]21C,6.0506
C#Cc1occc1[C@@H]1C[C@]2(C)[C@H]3C(=O)[C@@H](OC(C)=O)C[C@@H](C(=O)OC)[C@]3(C)CC[C@H]2C(=O)O1,10.7212
CCc1occc1[C@@H]1C[C@]2(C)[C@H]3C(=O)[C@@H](OC(C)=O)C[C@@H](C(=O)OC)[C@]3(C)CC[C@H]2C(=O)O1,8.5376
COC(=O)[C@@H]1C[C@H](OC(C)=O)C(=O)[C@H]2[C@@]1(C)CC[C@H]1C(=O)O[C@H](c3ccoc3-c3ccccc3N)C[C@]21C,6.3665
COC(=O)[C@@H]1C[C@H](OC(C)=O)C(=O)[C@H]2[C@@]1(C)CC[C@H]1C(=O)O[C@H](c3ccoc3-c3cccc(N)c3)C[C@]21C,6.2007
COC(=O)[C@@H]1C[C@H](OC(C)=O)C(=O)[C@H]2[C@@]1(C)CC[C@H]1C(=O)O[C@H](c3ccoc3-c3ccc(N)cc3)C[C@]21C,6.2076
COC(=O)[C@@H]1C[C@H](OC(C)=O)C(=O)[C@H]2[C@@]1(C)CC[C@H]1C(=O)O[C@H](c3cc(Br)oc3Br)C[C@]21C,6.6198
COC(=O)[C@@H]1C[C@H](OC(C)=O)C(=O)[C@H]2[C@@]1(C)CC[C@H]1C(=O)O[C@H](c3cc(C)oc3C)C[C@]21C,6.6021
COC(=O)[C@@H]1C[C@H](OC(C)=O)C(=O)[C@H]2[C@@]1(C)CC[C@H]1C(=O)O[C@H](c3coc(C(F)(F)F)c3)C[C@]21C,8.5086
COC(=O)[C@@H]1C[C@H](OC(C)=O)C(=O)[C@H]2[C@@]1(C)CC[C@H]1C(=O)O[C@H](c3ccoc3C(F)(F)F)C[C@]21C,7.5086
COC(=O)[C@@H]1C[C@H](OC(C)=O)C(=O)[C@H]2[C@@]1(C)CC[C@H]1C(=O)O[C@H](c3ccoc3CO)C[C@]21C,8.4815
COC(=O)[C@@H]1C[C@H](OC(C)=O)C(=O)[C@H]2[C@@]1(C)CC[C@H]1C(=O)O[C@H](c3ccoc3C=O)C[C@]21C,8.1367
COC(=O)[C@@H]1C[C@H](OC(C)=O)C(=O)[C@H]2[C@@]1(C)CC[C@H]1C(=O)O[C@H](c3ccoc3C#N)C[C@]21C,8.0269
C[C@@]1(c2ccccc2O)O[C@@H]2N3[C@H](CO[C@H]31)O[C@]2(C)c1ccccc1O,8.0022
C=CC(=O)O[C@H]1C[C@@H](C(=O)OC)[C@]2(C)CC[C@H]3C(=O)O[C@H](c4ccoc4)C[C@]3(C)[C@H]2C1=O,7.3028
COC(=O)[C@@H]1C[C@H](OC(=O)C=C(C)C)C(=O)[C@H]2[C@@]1(C)CC[C@H]1C(=O)O[C@H](c3ccoc3)C[C@]21C,6.2853
C=C(C)CC(=O)O[C@H]1C[C@@H](C(=O)OC)[C@]2(C)CC[C@H]3C(=O)O[C@H](c4ccoc4)C[C@]3(C)[C@H]2C1=O,7.9120
C/C=C/C(=O)O[C@H]1C[C@@H](C(=O)OC)[C@]2(C)CC[C@H]3C(=O)O[C@H](c4ccoc4)C[C@]3(C)[C@H]2C1=O,7.7777
C=CCC(=O)O[C@H]1C[C@@H](C(=O)OC)[C@]2(C)CC[C@H]3C(=O)O[C@H](c4ccoc4)C[C@]3(C)[C@H]2C1=O,7.8191
C/C=C(\C)C(=O)O[C@H]1C[C@@H](C(=O)OC)[C@]2(C)CC[C@H]3C(=O)O[C@H](c4ccoc4)C[C@]3(C)[C@H]2C1=O,6.5684
C=CC(C)C(=O)O[C@H]1C[C@@H](C(=O)OC)[C@]2(C)CC[C@H]3C(=O)O[C@H](c4ccoc4)C[C@]3(C)[C@H]2C1=O,7.4862
COC(=O)[C@@H]1C[C@H](OC(=O)/C=C/c2ccccc2)C(=O)[C@H]2[C@@]1(C)CC[C@H]1C(=O)O[C@H](c3ccoc3)C[C@]21C,8.0863
COC(=O)[C@@H]1C[C@H](OC(=O)/C=C/c2ccccc2OC)C(=O)[C@H]2[C@@]1(C)CC[C@H]1C(=O)O[C@H](c3ccoc3)C[C@]21C,7.5939
COC(=O)[C@@H]1C[C@H](OC(=O)/C=C/c2ccc(OC)cc2)C(=O)[C@H]2[C@@]1(C)CC[C@H]1C(=O)O[C@H](c3ccoc3)C[C@]21C,7.2740
COC(=O)[C@@H]1C[C@H](OC(=O)/C=C/c2cc(OC)ccc2OC)C(=O)[C@H]2[C@@]1(C)CC[C@H]1C(=O)O[C@H](c3ccoc3)C[C@]21C,6.8280
COC(=O)[C@@H]1C[C@H](OC(=O)/C=C/c2ccc(OC)cc2OC)C(=O)[C@H]2[C@@]1(C)CC[C@H]1C(=O)O[C@H](c3ccoc3)C[C@]21C,7.1802
COC(=O)[C@@H]1C[C@H](OC(=O)/C=C/c2ccc3c(c2)OCO3)C(=O)[C@H]2[C@@]1(C)CC[C@H]1C(=O)O[C@H](c3ccoc3)C[C@]21C,6.8959
COC(=O)[C@@H]1C[C@H](OC(=O)/C=C/c2ccccc2[N+](=O)[O-])C(=O)[C@H]2[C@@]1(C)CC[C@H]1C(=O)O[C@H](c3ccoc3)C[C@]21C,7.1552
COC(=O)[C@@H]1C[C@H](OC(=O)/C=C/c2ccc([N+](=O)[O-])cc2)C(=O)[C@H]2[C@@]1(C)CC[C@H]1C(=O)O[C@H](c3ccoc3)C[C@]21C,7.0235
COC(=O)[C@@H]1C[C@H](OC(=O)/C=C/c2ccccc2C(F)(F)F)C(=O)[C@H]2[C@@]1(C)CC[C@H]1C(=O)O[C@H](c3ccoc3)C[C@]21C,7.2934
COC(=O)[C@@H]1C[C@H](OC(=O)/C=C/c2ccsc2)C(=O)[C@H]2[C@@]1(C)CC[C@H]1C(=O)O[C@H](c3ccoc3)C[C@]21C,6.3761
CN(C)[C@]1(c2ccccc2)CC[C@]2(CC1)OCCc1c3ccccc3[nH]c12.Cl,8.6383
COC(=O)[C@@H]1C[C@H](OC(=O)/C=C/c2cc(OC)c(OC)c(OC)c2)C(=O)[C@H]2[C@@]1(C)CC[C@H]1C(=O)O[C@H](c3ccoc3)C[C@]21C,5.7450
COC(=O)[C@@H]1C[C@H](OC(=O)/C=C/c2ccc(C(F)(F)F)cc2)C(=O)[C@H]2[C@@]1(C)CC[C@H]1C(=O)O[C@H](c3ccoc3)C[C@]21C,6.1925
COC(=O)[C@@H]1C[C@H](OC(=O)/C=C/c2cc(C(F)(F)F)ccc2C(F)(F)F)C(=O)[C@H]2[C@@]1(C)CC[C@H]1C(=O)O[C@H](c3ccoc3)C[C@]21C,5.9172
COC(=O)[C@@H]1C[C@H](OC(=O)/C=C/c2cccnc2)C(=O)[C@H]2[C@@]1(C)CC[C@H]1C(=O)O[C@H](c3ccoc3)C[C@]21C,5.7540
C[C@H]1CN(CC[C@H](O)C2CCCCC2)CC[C@@]1(C)c1ccccc1,6.1255
CN(C)[C@]1(c2ccccc2)CC[C@]2(CC1)OCCc1c3cc(F)ccc3[nH]c12.O=C(O)CC(O)(CC(=O)O)C(=O)O,8.5850
C[C@@]1(c2cccc(O)c2)O[C@H]2CO[C@@H]3N2[C@H]1O[C@]3(C)c1cccc(O)c1,7.1547
N=C(N)NCCC[C@H](N)C(=O)NCC1(Nc2ccccc2)CCN(Cc2ccccc2)CC1,8.3161
N=C(N)NCC(=O)NCC1(Nc2ccccc2)CCN(Cc2ccccc2)CC1,5.9090
N=C(N)NCC(=O)NCC1(Nc2cccc3ccccc23)CCN(Cc2ccccc2)CC1,6.1518
COc1cc(NC2(CNC(=O)CNC(=N)N)CCN(Cc3ccccc3)CC2)cc(OC)c1,5.4344
N=C(N)NCC(=O)NCC1(Cc2ccccc2)CCN(Cc2ccccc2)CC1,5.3719
N=C(N)NCCNC(=O)C1(Nc2ccccc2)CCN(Cc2ccccc2)CC1,6.6498
N=C(N)NCC(=O)NCC1(Cc2cccc3ccccc23)CCN(Cc2ccccc2)CC1,5.8327
O=C(NCc1ccccc1)C1=N[C@@]23CC[C@]1(O)C1Oc4c(O)ccc5c4C12CCN(CC1CC1)C3C5,10.4815
O=C(NCCc1ccccc1)C1=N[C@@]23CC[C@]1(O)C1Oc4c(O)ccc5c4C12CCN(CC1CC1)C3C5,9.7447
CS(=O)(=O)c1c[nH]c(C(=O)Nc2nc3cccnc3n2CCN2CCCC2)c1,6.4034
O=C(Nc1nc2cccnc2n1CCN1CCCC1)c1ccc(Cl)cc1,7.4318
O=C(Nc1nc2ccccc2n1CCN1CC[C@H](O)C1)c1ccc(Cl)cc1,8.0000
O=C(Nc1nc2ccccc2n1CCN1CCCC1)c1cc2ccccc2[nH]1,8.6990
CS(=O)(=O)c1c[nH]c(C(=O)Nc2nc3ccccc3n2CCN2CCCC2)c1,7.5086
CSc1c[nH]c(C(=O)Nc2nc3ccccc3n2CCN2CCCC2)c1,9.0000
Cn1cccc1C(=O)Nc1nc2ccccc2n1CCN1CCCC1,6.1163
O=C(Nc1nc2ccccc2n1CCN1CCCC1)c1ccn[nH]1,5.8416
O=C(Nc1nc2ccccc2n1CCN1CCCC1)c1ccc[nH]1,8.0969
O=C(Nc1nc2ccccc2n1CCN1CCCC1)c1nc2ccccc2s1,6.9136
O=C(Nc1nc2ccccc2n1CCN1CCCC1)c1cc2ccccc2s1,7.6576
CC(=O)c1ccc(C(=O)Nc2nc3ccccc3n2CCN2CCCC2)s1,6.1343
O=C(Nc1nc2ccccc2n1CCN1CCCC1)c1cccs1,5.9788
Cc1ccc(C(=O)Nc2nc3ccccc3n2CCN2CCCC2)cn1,6.8182
Cc1ccc(C(=O)Nc2nc3ccccc3n2CCN2CCCC2)nc1,7.1549
O=C(Nc1nc2ccccc2n1CCN1CCCC1)c1cnccn1,5.6882
O=C(Nc1nc2ccccc2n1CCN1CCCC1)c1ccc(Cl)c(Cl)c1,8.1549
O=C(Nc1nc2ccccc2n1CCN1CCCC1)c1ccc(Cl)c(-n2cccn2)c1,5.7447
NS(=O)(=O)c1cc(C(=O)Nc2nc3ccccc3n2CCN2CCCC2)ccc1Cl,5.8097
O=C(Nc1nc2ccccc2n1CCN1CCCC1)c1cccc(-c2nnn[nH]2)c1,5.0000
NS(=O)(=O)c1cccc(C(=O)Nc2nc3ccccc3n2CCN2CCCC2)c1,5.6198
NS(=O)(=O)c1ccc(C(=O)Nc2nc3ccccc3n2CCN2CCCC2)cc1,5.5302
O=C(Nc1nc2ccccc2n1CCN1CCCC1)c1ccc(F)cc1O,6.9281
CS(=O)(=O)Oc1cccc(C(=O)Nc2nc3ccccc3n2CCN2CCCC2)c1,6.3206
CC(=O)c1cccc(C(=O)Nc2nc3ccccc3n2CCN2CCCC2)c1,6.0132
CC(=O)c1ccc(C(=O)Nc2nc3ccccc3n2CCN2CCCC2)cc1,6.2700
COC(=O)c1cccc(C(=O)Nc2nc3ccccc3n2CCN2CCCC2)c1,5.3716
COC(=O)c1ccc(C(=O)Nc2nc3ccccc3n2CCN2CCCC2)cc1,5.8097
N#Cc1cccc(C(=O)Nc2nc3ccccc3n2CCN2CCCC2)c1,7.1427
N#Cc1ccccc1C(=O)Nc1nc2ccccc2n1CCN1CCCC1,5.9119
N#Cc1ccc(C(=O)Nc2nc3ccccc3n2CCN2CCCC2)cc1,6.4498
O=C(Nc1nc2ccccc2n1CCN1CCCC1)c1ccccc1F,6.3737
O=C(Nc1nc2ccccc2n1CCN1CCCC1)c1ccc(F)cc1,7.4815
O=C(Cc1ccccc1)Nc1nc2ccccc2n1CCN1CCCC1,5.8539
Cc1ccc(C(=O)Nc2nc3ccccc3n2CCCN2CCCC2)cc1,6.0565
Cc1ccc(C(=O)Nc2nc3ccccc3[nH]2)cc1,5.6990
Cc1ccc(C(=O)Nc2nc3ccccc3n2CCN2CCCC2)cc1,7.4089
CN(C(=O)C(c1ccccc1)c1ccccc1)[C@H](CN1CC[C@H](O)C1)c1ccccc1,8.7764
CCCCN(Cc1ccccc1)C[C@H](O)CN1CN(c2ccc(F)cc2)C2(CCN(CC3CCCCCCC3)CC2)C1=O,6.6198
COc1ccc(CCNC[C@H](O)CN2CN(c3ccc(F)cc3)C3(CCN(CC4CCCCCCC4)CC3)C2=O)cc1OC,6.6990
Oc1ccc2c(c1)[C@]1(CCCc3ccccc3)CCN(CCc3ccccc3)C[C@@H]1O2,6.9586
Oc1ccc2c(c1)[C@]1(CCCc3ccccc3)CCN(CCc3ccc(F)cc3)C[C@@H]1O2,6.9586
Oc1ccc2c(c1)[C@]1(CCCc3ccccc3)CCN(CCc3ccccc3F)C[C@@H]1O2,6.7959
Oc1ccc2c(c1)[C@]1(CCCc3ccccc3)CCN(CCCc3ccccc3)C[C@@H]1O2,7.0555
Oc1ccc2c(c1)[C@]1(CCCc3ccccc3)CCN(CCc3ccc(C(F)(F)F)cc3)C[C@@H]1O2,6.8570
C=CCN1CC[C@@]2(CCCc3ccccc3)c3cc(O)ccc3O[C@H]2C1,8.2924
Oc1ccc2c(c1)[C@]1(CCCc3ccccc3)CCN(CC3CC3)C[C@@H]1O2,8.8539
Oc1ccc2c(c1)[C@]1(CCCc3ccccc3)CCN(CCc3ccccc3C(F)(F)F)C[C@@H]1O2,6.0996
Oc1ccc2c(c1)[C@]1(CCCc3ccccc3)CCN(CCc3cccc(C(F)(F)F)c3)C[C@@H]1O2,6.0348
Oc1ccc2c(c1)[C@]1(CCCCc3ccccc3)CCN(CCc3ccccc3)C[C@@H]1O2,6.9318
Oc1ccc2c(c1)[C@]1(CCCCc3ccccc3)CCN(CCc3ccc(F)cc3)C[C@@H]1O2,6.8327
Oc1ccc2c(c1)[C@]1(CCCCc3ccccc3)CCN(CCc3ccccc3F)C[C@@H]1O2,6.6383
Oc1ccc2c(c1)[C@]1(CCCCc3ccccc3)CCN(CCCc3ccccc3)C[C@@H]1O2,6.3726
Oc1ccc2c(c1)[C@]1(CCCCc3ccccc3)CCN(CCc3ccc(C(F)(F)F)cc3)C[C@@H]1O2,6.7878
Oc1ccc2c(c1)[C@]1(CCCCc3ccccc3)CCN(CC3CC3)C[C@@H]1O2,8.7959
Oc1ccc2c(c1)[C@]1(CCCCc3ccccc3)CCN(CCc3ccccc3C(F)(F)F)C[C@@H]1O2,5.7523
Oc1ccc2c(c1)[C@]1(CCCCc3ccccc3)CCN(CCCCc3ccccc3)C[C@@H]1O2,6.3872
Oc1ccc2c(c1)[C@]1(CCCCc3ccccc3)CCN(CCc3cccc(C(F)(F)F)c3)C[C@@H]1O2,5.4970
Oc1ccc2c(c1)[C@]1(CCCCCc3ccccc3)CCN(CCc3ccccc3)C[C@@H]1O2,7.0862
Oc1ccc2c(c1)[C@]1(CCCCCc3ccccc3)CCN(CCc3ccc(F)cc3)C[C@@H]1O2,6.8861
Oc1ccc2c(c1)[C@]1(CCCCCc3ccccc3)CCN(CCc3ccccc3F)C[C@@H]1O2,6.7520
Oc1ccc2c(c1)[C@]1(CCCCCc3ccccc3)CCN(CCc3ccc(C(F)(F)F)cc3)C[C@@H]1O2,6.5272
Oc1ccc2c(c1)[C@]1(CCCCCc3ccccc3)CCN(CC3CC3)C[C@@H]1O2,8.4318
Oc1ccc2c(c1)[C@]1(CCCCCc3ccccc3)CCN(CCc3ccccc3C(F)(F)F)C[C@@H]1O2,5.9512
NC(=O)[C@@H]1CC(=O)NCCCC[C@@H](NC(=O)[C@@H](N)Cc2ccc(O)cc2)C(=O)N[C@@H](Cc2ccc(F)cc2)C(=O)N[C@@H](Cc2ccccc2)C(=O)N1,8.0000
NC(=O)[C@@H]1CC(=O)NCCCC[C@@H](NC(=O)[C@@H](N)Cc2ccc(O)cc2)C(=O)N[C@@H](Cc2ccc(F)cc2F)C(=O)N[C@@H](Cc2ccccc2)C(=O)N1,8.1200
NC(=O)[C@@H]1CC(=O)NCCCC[C@@H](NC(=O)[C@@H](N)Cc2ccc(O)cc2)C(=O)N[C@@H](Cc2ccc(C(F)(F)F)cc2)C(=O)N[C@@H](Cc2ccccc2)C(=O)N1,7.1400
NC(=O)[C@@H]1CC(=O)NCCCC[C@@H](NC(=O)[C@@H](N)Cc2ccc(O)cc2)C(=O)N[C@@H](Cc2ccccc2)C(=O)N[C@@H](Cc2ccc(F)cc2)C(=O)N1,8.9801
NC(=O)[C@@H]1CC(=O)NCCCC[C@@H](NC(=O)[C@@H](N)Cc2ccc(O)cc2)C(=O)N[C@@H](Cc2ccccc2)C(=O)N[C@@H](Cc2ccc(F)cc2F)C(=O)N1,8.3100
NC(=O)[C@@H]1CC(=O)NCCCC[C@@H](NC(=O)[C@@H](N)Cc2ccc(O)cc2)C(=O)N[C@@H](Cc2ccccc2)C(=O)N[C@@H](Cc2ccc(C(F)(F)F)cc2)C(=O)N1,7.9300
Cc1cc(O)cc(C)c1C[C@H](N)C(=O)N[C@@H]1CCCCNC(=O)C[C@@H](C(N)=O)NC(=O)[C@H](Cc2ccccc2)NC(=O)[C@H](Cc2ccc(F)cc2)NC1=O,8.3200
Cc1cc(O)cc(C)c1C[C@H](N)C(=O)N[C@@H]1CCCCNC(=O)C[C@@H](C(N)=O)NC(=O)[C@H](Cc2ccccc2)NC(=O)[C@H](Cc2ccc(F)cc2F)NC1=O,8.5501
Cc1cc(O)cc(C)c1C[C@H](N)C(=O)N[C@@H]1CCCCNC(=O)C[C@@H](C(N)=O)NC(=O)[C@H](Cc2ccc(F)cc2)NC(=O)[C@H](Cc2ccccc2)NC1=O,8.6499
Cc1cc(O)cc(C)c1C[C@H](N)C(=O)N[C@@H]1CCCCNC(=O)C[C@@H](C(N)=O)NC(=O)[C@H](Cc2ccc(F)cc2F)NC(=O)[C@H](Cc2ccccc2)NC1=O,8.8700
Cc1cc(O)cc(C)c1C[C@H](N)C(=O)N[C@@H]1CCCCNC(=O)C[C@@H](C(N)=O)NC(=O)[C@H](Cc2ccc(C(F)(F)F)cc2)NC(=O)[C@H](Cc2ccccc2)NC1=O,8.4400
CO[C@]12C=C[C@@]3(C[C@]1(C)[C@H](O)c1ccccc1)[C@H]1Cc4ccc(O)c5c4[C@@]3(CCN1CC1CC1)[C@H]2O5,10.0969
CO[C@]12C=C[C@@]3(C[C@]1(C)[C@H](O)c1cccc(C)c1)[C@H]1Cc4ccc(O)c5c4[C@@]3(CCN1CC1CC1)[C@H]2O5,10.3979
CO[C@]12C=C[C@@]3(C[C@]1(C)[C@H](O)c1ccc(F)cc1)[C@H]1Cc4ccc(O)c5c4[C@@]3(CCN1CC1CC1)[C@H]2O5,10.3010
CO[C@]12CC[C@@]3(C[C@]1(C)[C@H](O)c1ccccc1)[C@H]1Cc4ccc(O)c5c4[C@@]3(CCN1CC1CC1)[C@H]2O5,10.3979
CO[C@]12CC[C@@]3(C[C@]1(C)[C@H](O)c1ccccc1C)[C@H]1Cc4ccc(O)c5c4[C@@]3(CCN1CC1CC1)[C@H]2O5,9.9208
CO[C@]12CC[C@@]3(C[C@]1(C)[C@H](O)c1cccc(C)c1)[C@H]1Cc4ccc(O)c5c4[C@@]3(CCN1CC1CC1)[C@H]2O5,9.9586
CO[C@]12CC[C@@]3(C[C@]1(C)[C@H](O)c1ccc(C)cc1)[C@H]1Cc4ccc(O)c5c4[C@@]3(CCN1CC1CC1)[C@H]2O5,9.7959
CO[C@]12CC[C@@]3(C[C@]1(C)[C@H](O)c1ccc(F)cc1)[C@H]1Cc4ccc(O)c5c4[C@@]3(CCN1CC1CC1)[C@H]2O5,10.0000
CO[C@]12CC[C@@]3(C[C@]1(C)[C@H](O)c1cccc(Cl)c1)[C@H]1Cc4ccc(O)c5c4[C@@]3(CCN1CC1CC1)[C@H]2O5,10.0269
CO[C@]12CC[C@@]3(C[C@]1(C)[C@H](O)c1cccc(F)c1)[C@H]1Cc4ccc(O)c5c4[C@@]3(CCN1CC1CC1)[C@H]2O5,9.8861
CO[C@]12CC[C@@]3(C[C@]1(C)[C@H](O)c1ccoc1)[C@H]1Cc4ccc(O)c5c4[C@@]3(CCN1CC1CC1)[C@H]2O5,9.8539
Cc1cc(C)c(S(=O)(=O)N2CCc3cc(C(=O)NCCN(Cc4ccccc4)C(C)C)ccc3C2)c(C)c1,6.0315
Cc1ccc(S(=O)(=O)N2CCc3cc(C(=O)NCCN(Cc4ccc(F)cc4)C(C)C)ccc3C2)cc1,6.3915
Cc1ccc(S(=O)(=O)N2CCc3cc(C(=O)NCCN(Cc4ccc(Cl)cc4)C(C)C)ccc3C2)cc1,6.4067
Cc1ccc(S(=O)(=O)N2CCc3cc(C(=O)NCCN(Cc4ccc(Br)cc4)C(C)C)ccc3C2)cc1,6.5884
CCc1ccc(S(=O)(=O)N2CCc3cc(C(=O)NCCN(Cc4ccc(Br)cc4)C(C)C)ccc3C2)cc1,6.5031
Cc1ccc(S(=O)(=O)N2CCc3cc(C(=O)NCCN(Cc4ccccc4)C(C)(C)C)ccc3C2)cc1,7.3089
CCc1ccc(S(=O)(=O)N2CCc3cc(C(=O)NCCN(Cc4ccccc4)C(C)(C)C)ccc3C2)cc1,6.8447
Cc1ccc(S(=O)(=O)N2CCc3cc(C(=O)NCCN(Cc4ccc(F)cc4)C(C)(C)C)ccc3C2)cc1,7.1192
Cc1cc(C)c(S(=O)(=O)N2CCc3cc(C(=O)NCCN(Cc4ccc(F)cc4)C(C)(C)C)ccc3C2)c(C)c1,6.0555
Cc1ccc(S(=O)(=O)N2CCc3cc(C(=O)NCCN(Cc4ccc(Cl)cc4)C(C)(C)C)ccc3C2)cc1,7.0757
Cc1ccc(S(=O)(=O)N2CCc3cc(C(=O)NCCN(Cc4ccc(Br)cc4)C(C)(C)C)ccc3C2)cc1,7.0605
Cc1cc(C)c(S(=O)(=O)N2CCc3cc(C(=O)NCCN(Cc4ccc(Br)cc4)C(C)(C)C)ccc3C2)c(C)c1,6.1487
Cl.Oc1ccc2c3c1O[C@H]1c4[nH]c5ccccc5c4C[C@@]4(O)[C@@H](C2)N(CCF)CC[C@]314,6.4012
CCCN1CC[C@]23c4c5ccc(O)c4O[C@H]2c2[nH]c4ccccc4c2C[C@@]3(O)[C@H]1C5.Cl,7.1290
CCN1CC[C@]23c4c5ccc(O)c4O[C@H]2c2[nH]c4ccccc4c2C[C@@]3(O)[C@H]1C5.Cl,6.3298
Oc1ccc2c3c1O[C@H]1c4nc5ccccc5cc4C[C@@]4(O)[C@@H](C2)N(CC2CC2)CC[C@]314,7.9586
CCN1CC[C@]23c4c5ccc(O)c4O[C@H]2c2nc4ccccc4cc2C[C@@]3(O)[C@H]1C5.Cl,6.3215
CCCN1CC[C@]23c4c5ccc(O)c4O[C@H]2c2nc4ccccc4cc2C[C@@]3(O)[C@H]1C5.Cl,6.5045
Cl.Oc1ccc2c3c1O[C@H]1c4nc5ccccc5cc4C[C@@]4(O)[C@@H](C2)N(CCF)CC[C@]314,6.0685
CC(C)C[C@H](NC(=O)[C@H](CO[C@@H]1O[C@H](CO)[C@@H](O)[C@H](O)[C@H]1O)NC(=O)[C@H](CCCCN)NC(=O)[C@H](CC(C)C)NC(=O)[C@H](C)NC(=O)[C@H](CCCCN)NC(=O)[C@H](CCC(=O)O)NC(=O)C(C)(C)NC(=O)[C@H](CC(C)C)NC(=O)[C@H](CC(N)=O)NC(=O)[C@@H]1CCCN1C(=O)CCNC(=O)[C@H](Cc1ccccc1)N(C)C(=O)CNC(=O)[C@@H](C)NC(=O)[C@@H](N)Cc1ccc(O)cc1)C(N)=O,7.0000
CC(C)C[C@H](NC(=O)[C@H](CO[C@@H]1O[C@H](CO)[C@@H](O)[C@H](O)[C@H]1O)NC(=O)[C@H](CCCCN)NC(=O)[C@H](CC(C)C)NC(=O)[C@H](C)NC(=O)[C@H](CCCCN)NC(=O)[C@H](CCC(=O)O)NC(=O)C(C)(C)NC(=O)[C@H](CC(C)C)NC(=O)[C@H](CC(N)=O)NC(=O)[C@@H]1CCCN1C(=O)CNC(=O)[C@H](Cc1ccccc1)N(C)C(=O)CNC(=O)[C@@H](C)NC(=O)[C@@H](N)Cc1ccc(O)cc1)C(N)=O,7.3468
CC(C)C[C@H](NC(=O)[C@H](CO[C@@H]1O[C@H](CO)[C@@H](O)[C@H](O)[C@H]1O)NC(=O)[C@H](CCCCN)NC(=O)[C@H](CC(C)C)NC(=O)[C@H](C)NC(=O)[C@H](CCCCN)NC(=O)[C@H](CCC(=O)O)NC(=O)C(C)(C)NC(=O)[C@H](CC(C)C)NC(=O)[C@H](CC(N)=O)NC(=O)[C@@H]1CCCN1C(=O)[C@H](Cc1ccccc1)N(C)C(=O)CNC(=O)[C@@H](C)NC(=O)[C@@H](N)Cc1ccc(O)cc1)C(N)=O,6.4685
CC(C)C[C@H](NC(=O)[C@H](CO[C@@H]1O[C@H](CO)[C@@H](O)[C@H](O)[C@H]1O)NC(=O)[C@H](CCCCN)NC(=O)[C@H](CC(C)C)NC(=O)[C@H](C)NC(=O)[C@H](CCCCN)NC(=O)[C@H](CCC(=O)O)NC(=O)C(C)(C)NC(=O)[C@H](CC(C)C)NC(=O)[C@H](CC(N)=O)NC(=O)CCNC(=O)[C@H](Cc1ccccc1)N(C)C(=O)CNC(=O)[C@@H](C)NC(=O)[C@@H](N)Cc1ccc(O)cc1)C(N)=O,6.6990
CC(C)C[C@H](NC(=O)[C@H](CO[C@@H]1O[C@H](CO)[C@@H](O)[C@H](O)[C@H]1O)NC(=O)[C@H](CCCCN)NC(=O)[C@H](CC(C)C)NC(=O)[C@H](C)NC(=O)[C@H](CCCCN)NC(=O)[C@H](CCC(=O)O)NC(=O)C(C)(C)NC(=O)[C@H](CC(C)C)NC(=O)[C@H](CC(N)=O)NC(=O)[C@@H]1CCCN1C(=O)[C@@H]1CCCN1C(=O)[C@H](Cc1ccccc1)N(C)C(=O)CNC(=O)[C@@H](C)NC(=O)[C@@H](N)Cc1ccc(O)cc1)C(N)=O,7.7212
CC(C)C[C@H](NC(=O)[C@H](CO[C@@H]1O[C@H](CO)[C@@H](O)[C@H](O)[C@H]1O)NC(=O)[C@H](CCCCN)NC(=O)[C@H](CC(C)C)NC(=O)[C@H](C)NC(=O)[C@H](CCCCN)NC(=O)[C@H](CCC(=O)O)NC(=O)C(C)(C)NC(=O)[C@H](CC(C)C)NC(=O)[C@H](CC(N)=O)NC(=O)CNC(=O)CNC(=O)[C@H](Cc1ccccc1)N(C)C(=O)CNC(=O)[C@@H](C)NC(=O)[C@@H](N)Cc1ccc(O)cc1)C(N)=O,7.2291
CC(C)C[C@H](NC(=O)[C@H](CO[C@@H]1O[C@H](CO)[C@@H](O)[C@H](O)[C@H]1O)NC(=O)[C@H](CCCCN)NC(=O)[C@H](CC(C)C)NC(=O)[C@H](C)NC(=O)[C@H](CCCCN)NC(=O)[C@H](CCCCN)NC(=O)C(C)(C)NC(=O)[C@H](CC(C)C)NC(=O)[C@H](CC(N)=O)NC(=O)CNC(=O)CNC(=O)[C@H](Cc1ccccc1)N(C)C(=O)CNC(=O)[C@@H](C)NC(=O)[C@@H](N)Cc1ccc(O)cc1)C(N)=O,6.3665
CC(C)C[C@H](NC(=O)[C@H](CO[C@@H]1O[C@H](CO)[C@@H](O)[C@H](O)[C@H]1O)NC(=O)[C@H](CCCCN)NC(=O)[C@H](CC(C)C)NC(=O)[C@H](C)NC(=O)[C@H](CC(N)=O)NC(=O)[C@H](CCCCN)NC(=O)C(C)(C)NC(=O)[C@H](CC(C)C)NC(=O)[C@H](CC(N)=O)NC(=O)CNC(=O)CNC(=O)[C@H](Cc1ccccc1)N(C)C(=O)CNC(=O)[C@@H](C)NC(=O)[C@@H](N)Cc1ccc(O)cc1)C(N)=O,7.9586
CC(C)C[C@H](NC(=O)[C@H](CO[C@@H]1O[C@H](CO)[C@@H](O)[C@H](O)[C@H]1O)NC(=O)[C@H](CC(N)=O)NC(=O)[C@H](CC(C)C)NC(=O)[C@H](C)NC(=O)[C@H](CC(N)=O)NC(=O)[C@H](CC(N)=O)NC(=O)C(C)(C)NC(=O)[C@H](CC(C)C)NC(=O)[C@H](CC(N)=O)NC(=O)CNC(=O)CNC(=O)[C@H](Cc1ccccc1)N(C)C(=O)CNC(=O)[C@@H](C)NC(=O)[C@@H](N)Cc1ccc(O)cc1)C(N)=O,6.4685
CC(C)C[C@H](NC(=O)[C@H](Cc1ccccc1)NC(=O)CNC(=O)[C@@H](NC(=O)[C@@H](N)Cc1ccc(O)cc1)[C@@H](C)O)C(=O)N[C@@H](CO[C@@H]1O[C@H](CO)[C@@H](O[C@@H]2O[C@H](CO)[C@@H](O)[C@H](O)[C@H]2O)[C@H](O)[C@H]1O)C(N)=O,7.3768
CC(C)C[C@H](NC(=O)[C@H](CO[C@@H]1O[C@H](CO)[C@@H](O)[C@H](O)[C@H]1O)NC(=O)[C@H](CCCCN)NC(=O)[C@H](CC(C)C)NC(=O)[C@H](C)NC(=O)[C@H](CCCCN)NC(=O)[C@H](CCC(=O)O)NC(=O)C(C)(C)NC(=O)[C@H](CC(C)C)NC(=O)[C@H](CC(N)=O)NC(=O)[C@@H]1CCCN1C(=O)[C@H](CC(C)C)NC(=O)[C@H](Cc1ccccc1)NC(=O)CNC(=O)[C@@H](NC(=O)[C@@H](N)Cc1ccc(O)cc1)[C@@H](C)O)C(N)=O,8.6383
CC(C)C[C@H](NC(=O)[C@H](CO[C@@H]1O[C@H](CO)[C@@H](O)[C@H](O)[C@H]1O)NC(=O)[C@H](CCCCN)NC(=O)[C@H](CC(C)C)NC(=O)[C@H](C)NC(=O)[C@H](CCCCN)NC(=O)[C@H](CCC(=O)O)NC(=O)C(C)(C)NC(=O)[C@H](CC(C)C)NC(=O)[C@H](CC(N)=O)NC(=O)CNC(=O)[C@H](CC(C)C)NC(=O)[C@H](Cc1ccccc1)NC(=O)CNC(=O)[C@@H](NC(=O)[C@@H](N)Cc1ccc(O)cc1)[C@@H](C)O)C(N)=O,7.8539
CC(C)C[C@H](NC(=O)[C@H](CO[C@@H]1O[C@H](CO)[C@@H](O)[C@H](O)[C@H]1O)NC(=O)[C@H](CCCCN)NC(=O)[C@H](CC(C)C)NC(=O)[C@H](C)NC(=O)[C@H](CCCCN)NC(=O)[C@H](CCC(=O)O)NC(=O)C(C)(C)NC(=O)[C@H](CC(C)C)NC(=O)[C@H](CC(N)=O)NC(=O)[C@H](C)NC(=O)[C@H](CC(C)C)NC(=O)[C@H](Cc1ccccc1)NC(=O)CNC(=O)[C@@H](NC(=O)[C@@H](N)Cc1ccc(O)cc1)[C@@H](C)O)C(N)=O,8.0132
CC(C)C[C@H](NC(=O)[C@H](CO[C@@H]1O[C@H](CO)[C@@H](O)[C@H](O)[C@H]1O)NC(=O)[C@H](CCCCN)NC(=O)[C@H](CC(C)C)NC(=O)[C@H](C)NC(=O)[C@H](CCCCN)NC(=O)[C@H](CCC(=O)O)NC(=O)C(C)(C)NC(=O)[C@H](CC(C)C)NC(=O)[C@H](CC(N)=O)NC(=O)[C@H]1CCCN1C(=O)[C@H](CC(C)C)NC(=O)[C@H](Cc1ccccc1)NC(=O)CNC(=O)[C@@H](NC(=O)[C@@H](N)Cc1ccc(O)cc1)[C@@H](C)O)C(N)=O,7.1079
CC(C)C[C@H](NC(=O)[C@H](CO)NC(=O)CCCNC(=O)[C@H](CC(C)C)NC(=O)[C@H](Cc1ccccc1)NC(=O)CNC(=O)[C@@H](NC(=O)[C@@H](N)Cc1ccc(O)cc1)[C@@H](C)O)C(N)=O,7.4089
CC(C)C[C@H](NC(=O)[C@H](CO[C@@H]1O[C@H](CO)[C@@H](O)[C@H](O)[C@H]1O)NC(=O)CCCNC(=O)[C@H](CC(C)C)NC(=O)[C@H](Cc1ccccc1)NC(=O)CNC(=O)[C@@H](NC(=O)[C@@H](N)Cc1ccc(O)cc1)[C@@H](C)O)C(N)=O,7.1487
CC(C)C[C@H](NC(=O)[C@H](CO[C@@H]1O[C@H](CO)[C@@H](O)[C@H](O)[C@H]1O)NC(=O)[C@H](CCCCN)NC(=O)[C@H](CC(C)C)NC(=O)[C@H](C)NC(=O)[C@H](CCCCN)NC(=O)[C@H](CCC(=O)O)NC(=O)C(C)(C)NC(=O)[C@H](CC(C)C)NC(=O)[C@H](CC(N)=O)NC(=O)CCCNC(=O)[C@H](CC(C)C)NC(=O)[C@H](Cc1ccccc1)NC(=O)CNC(=O)[C@@H](NC(=O)[C@@H](N)Cc1ccc(O)cc1)[C@@H](C)O)C(N)=O,7.9586
CC(C)C[C@H](NC(=O)[C@H](CO[C@@H]1O[C@H](CO)[C@@H](O[C@@H]2O[C@H](CO)[C@@H](O)[C@H](O)[C@H]2O)[C@H](O)[C@H]1O)NC(=O)[C@H](CCCCN)NC(=O)[C@H](CC(C)C)NC(=O)[C@H](C)NC(=O)[C@H](CCCCN)NC(=O)[C@H](CCC(=O)O)NC(=O)C(C)(C)NC(=O)[C@H](CC(C)C)NC(=O)[C@H](CC(N)=O)NC(=O)CCCNC(=O)[C@H](CC(C)C)NC(=O)[C@H](Cc1ccccc1)NC(=O)CNC(=O)[C@@H](NC(=O)[C@@H](N)Cc1ccc(O)cc1)[C@@H](C)O)C(N)=O,7.2840
CC(C)C[C@H](NC(=O)[C@H](CO[C@@H]1O[C@H](CO)[C@@H](O)[C@H](O)[C@H]1O)NC(=O)[C@H](CCCCN)NC(=O)[C@H](CC(C)C)NC(=O)[C@H](C)NC(=O)[C@H](CCCCN)NC(=O)[C@H](CCC(=O)O)NC(=O)C(C)(C)NC(=O)[C@H](CC(C)C)NC(=O)[C@H](CC(N)=O)NC(=O)CCCCNC(=O)[C@H](CC(C)C)NC(=O)[C@H](Cc1ccccc1)NC(=O)CNC(=O)[C@@H](NC(=O)[C@@H](N)Cc1ccc(O)cc1)[C@@H](C)O)C(N)=O,7.9208
CC1(C)SCCSC[C@@H](NC(=O)[C@@H](N)Cc2ccc(O)cc2)C(=O)N[C@@H](Cc2ccccc2)C(=O)N[C@H]1C(N)=O,5.6990
CN(C(=O)/C=C/c1ccoc1)[C@H]1C[C@@]23CCN(CC4CC4)[C@H]4C=C[C@@H]1C[C@]42Cc1ccc(O)cc13.Cl,7.9281
COC[C@@]1(CCOCCI)C[C@@H](C(=O)OC)[C@]2(C)CC[C@@H]3C(=O)O[C@H](c4ccoc4)C[C@]3(C)[C@H]2C1=O,6.5003
COC[C@@]1(CCOCCI)C[C@@H](C(=O)OC)[C@]2(C)CC[C@H]3C(=O)O[C@H](c4ccoc4)C[C@]3(C)[C@H]2C1=O,6.9666
C=CC[C@]1(COC)C[C@@H](C(=O)OC)[C@]2(C)CC[C@@H]3C(=O)O[C@H](c4ccoc4)C[C@]3(C)[C@H]2C1=O,6.6021
C=CC[C@]1(COC)C[C@@H](C(=O)OC)[C@]2(C)CC[C@H]3C(=O)O[C@H](c4ccoc4)C[C@]3(C)[C@H]2C1=O,7.3188
CC[C@]1(COC)C[C@@H](C(=O)OC)[C@]2(C)CC[C@@H]3C(=O)O[C@H](c4ccoc4)C[C@]3(C)[C@H]2C1=O,6.6778
CC[C@]1(COC)C[C@@H](C(=O)OC)[C@]2(C)CC[C@H]3C(=O)O[C@H](c4ccoc4)C[C@]3(C)[C@H]2C1=O,6.5214
COC[C@@]1(C)C[C@@H](C(=O)OC)[C@]2(C)CC[C@@H]3C(=O)O[C@H](c4ccoc4)C[C@]3(C)[C@H]2C1=O,7.3901
COC[C@@]1(C)C[C@@H](C(=O)OC)[C@]2(C)CC[C@H]3C(=O)O[C@H](c4ccoc4)C[C@]3(C)[C@H]2C1=O,8.0223
COC(=O)N1CCN(C(=O)Cc2ccc(Cl)c(Cl)c2)[C@@H]2[C@H]1CCC[C@@H]2N1CCCC1,6.1878
COC(=O)N1CCN(C(=O)Cc2ccc(Cl)c(Cl)c2)[C@H]2[C@H](N3CCCC3)CCC[C@@H]21,6.9031
COC(=O)N1CCN(C(=O)Cc2ccc(Cl)c(Cl)c2)[C@H]2[C@H](N3CCCC3)CCC[C@H]21,7.3288
COC(=O)N1CCN(C(=O)Cc2ccc(Cl)c(Cl)c2)[C@@H]2[C@@H](N3CCCC3)CCC[C@@H]21,8.6990
Cc1cc(O)cc(C)c1C[C@H](N)C(=O)N[C@@H]1CCNc2ccc(CC3CCCCC3)cc21,7.6104
CC(=O)N1CC[C@@H](NC(=O)[C@@H](N)Cc2c(C)cc(O)cc2C)c2cc(CC3CCCCC3)ccc21,7.3478
Cc1cc(O)cc(C)c1C[C@H](N)C(=O)N[C@@H]1CCCc2ccc(CC3CCCCC3)cc21,7.0775
CC(=O)N1CC[C@@H](NC(=O)[C@@H](N)Cc2c(C)cc(O)cc2C)c2cc(CC3Cc4ccccc4C3)ccc21,7.0677
Cc1cc(O)cc(C)c1C[C@H](N)C(=O)N[C@@H]1CCNc2ccc(CC3CCc4ccccc43)cc21,7.2330
CC(=O)N1CC[C@@H](NC(=O)[C@@H](N)Cc2c(C)cc(O)cc2C)c2cc(CC3CCc4ccccc43)ccc21,7.1462
CC(=O)N1CC[C@@H](NC(=O)[C@@H](N)Cc2c(C)cc(O)cc2C)c2cc(Cc3ccc4ccccc4c3)ccc21,7.3188
Cc1cc(O)cc(C)c1C[C@H](N)C(=O)N[C@@H]1CCCc2ccc(Cc3ccc4ccccc4c3)cc21,7.0362
CC(=O)N1CC[C@@H](NC(=O)[C@@H](N)Cc2c(C)cc(O)cc2C)c2cc(Cc3cccc4ccccc34)ccc21,8.3665
Cc1cc(O)cc(C)c1C[C@H](N)C(=O)N[C@@H]1CCCc2ccc(Cc3cccc4ccccc34)cc21,7.2007
Cc1cc(O)cc(C)c1C[C@H](N)C(=O)N[C@@H]1CCCc2ccc(Cc3ccccc3)cc21,7.7212
CC(=O)N1CC[C@@H](NC(=O)[C@@H](N)Cc2c(C)cc(O)cc2C)c2cc(Cc3ccccc3)ccc21,7.0605
CN1CC[C@]23CC(=O)CC[C@@]2(O)[C@H]1Cc1ccc(C(=O)NCCc2ccc(-c4cc[nH]c(=O)c4)cc2)c(O)c13,6.8539
O=C(O)c1nc2ccccc2n([C@H]2C[C@H]3CCC[C@@H](C2)N3C2CC3CCCC(C3)C2)c1=O,5.6421
O=C(O)CN1CC[C@]23CCN(CC4CC4)[C@H](Cc4ccc(O)cc42)[C@@H]3C1,8.5986
C[C@H](N)C(=O)N1CC[C@]23CCN(CC4CC4)[C@H](Cc4ccc(O)cc42)[C@@H]3C1,10.0458
C[C@@H]1C[C@@H]2C[C@H](C1)C[C@@H](N1[C@@H]3CCC[C@H]1C[C@@H](n1c(=O)c(C(=O)O)nc4ccccc41)C3)C2,7.1226
CN1CC[C@]23CC(=O)CC[C@@]2(O)[C@H]1Cc1ccc(C(=O)NCCc2ccc(-c4cn[nH]c4)cc2)c(O)c13,7.7212
O=C(O)c1nc2ccccc2n([C@H]2C[C@H]3CCC[C@@H](C2)N3C23CCCC(CCC2)C3)c1=O,5.4057
O=C(O)c1nc2ccccc2n([C@H]2C[C@H]3CC[C@@H](C2)N3C2CC3CCCC(C3)C2)c1=O,5.2116
O=C1C[C@]23CCN(CC4CC4)[C@H](Cc4ccc(O)cc42)[C@@H]3CN1Cc1ccc(O)cc1,8.2027
Oc1ccc2c(c1)[C@@]13CCNC[C@H]1[C@@H](C2)N(CC1CC1)CC3,9.6778
CO[C@@]12CCC(=O)C[C@@]13CCN(C)[C@@H]2Cc1ccc(C(=O)NCCc2ccc(-c4c[nH]c(=O)[nH]c4=O)cc2)c(O)c13,6.0655
Oc1ccc(CN2CC[C@]34CCN(CC5CC5)[C@H](Cc5ccc(O)cc53)[C@@H]4C2)cc1,9.0088
COc1ccc2c(c1)[C@]13CCN(CC4CC4)[C@H](C2)[C@@H]1CNC(=O)C3,8.2336
COc1ccc(CN2C[C@H]3[C@H]4Cc5ccc(OC)cc5[C@@]3(CCN4CC3CC3)CC2=O)cc1,6.3863
COc1ccc(CN2C=C3[C@H]4Cc5ccc(OC)cc5[C@@]3(CCN4CC3CC3)CC2=O)cc1,7.8841
CN1CC[C@]23CC(=O)CCC2[C@H]1Cc1ccc(C(=O)NCCc2nc4ccccc4[nH]2)c(O)c13,6.3979
CN1CC[C@]23CC(=O)CC[C@@]2(O)[C@H]1Cc1ccc(C(=O)NCCc2ccc(-c4ccccc4)cc2)c(O)c13,9.1487
CN1CC[C@]23CC(=O)CC[C@@]2(O)[C@H]1Cc1ccc(C(=O)NCCc2ccc(-c4cnc(O)nc4O)cc2)c(O)c13,6.4444
NC(=O)CN1C[C@H]2[C@H]3Cc4ccc(O)cc4[C@@]2(CCN3CC2CC2)CC1=O,9.2596
NC(=O)CN1CC[C@]23CCN(CC4CC4)[C@H](Cc4ccc(O)cc42)[C@@H]3C1,9.5850
COc1ccc(CN2CC[C@]34CCN(CC5CC5)[C@H](Cc5ccc(OC)cc53)[C@@H]4C2)cc1,6.6893
CN1CC[C@]23c4c5ccc(O)c4O[C@H]2[C@@H](O)C=CC3C1C5,6.6383
C=C1CC[C@@]2(O)[C@H]3Cc4ccc(C(=O)NCCc5ccc(-c6c[nH]c(=O)[nH]c6=O)cc5)c(O)c4[C@@]2(CCN3C)C1,6.0000
O=C(O)c1nc2ccccc2n([C@H]2C[C@H]3CC[C@@H](C2)N3C2CCCCCCCCCCC2)c1=O,7.1192
O=C1C[C@]23CCN(CC4CC4)[C@H](Cc4ccc(O)cc42)[C@@H]3CN1,9.7447
O=C(O)CN1C[C@H]2[C@H]3Cc4ccc(O)cc4[C@@]2(CCN3CC2CC2)CC1=O,8.3947
O=C(O)c1nc2ccccc2n([C@H]2C[C@H]3CC[C@@H](C2)N3C2CCCCCCCCCC2)c1=O,6.1938
CN1CC[C@]23CC(=O)CC[C@@]2(O)[C@H]1Cc1ccc(C(=O)NCCc2ccc(-c4ccc(=O)[nH]c4)cc2)c(O)c13,6.7447
COc1ccc2c(c1)[C@@]13CCNC[C@H]1[C@@H](C2)N(CC1CC1)CC3,7.4318
O=C1C[C@]23CCN(CC4CC4)[C@H](Cc4ccc(O)cc42)C3=CN1Cc1ccc(O)cc1,8.8962
CN1CC[C@]23CC(=O)CC[C@@]2(O)[C@H]1Cc1ccc(C(=O)NCCc2nc4ccccc4[nH]2)c(O)c13,6.0706
COc1ccc(CCN(CCCc2ccccc2)CCc2ccc3c(c2)OCO3)cc1OC,6.4401
COc1nnc(OCCCC(=O)NCCCCCCNC(=O)[C@H]2C[C@@]34CC[C@]2(OC)[C@@H]2Oc5c(O)ccc6c5[C@@]23CCN(C)[C@@H]4C6)nn1,6.3700
CCN1/C(=C/C=C/C=C/C2=[N+](CCCCCC(=O)NCCCCCCNC(=O)[C@H]3C[C@@]45CC[C@]3(OC)[C@@H]3Oc6c(O)ccc7c6[C@@]34CCN(C)[C@@H]5C7)c3ccc(S(=O)(=O)O)cc3C2(C)C)C(C)(C)c2cc(S(=O)(=O)O)ccc21,6.3000
CO[C@]12CC[C@@]3(C[C@@H]1C(=O)NCCCCCCNC(=O)CCCCCNC(=O)COc1ccc(/C=C/C4=[N+]5C(=Cc6ccc(-c7cccs7)n6[B-]5(F)F)C=C4)cc1)[C@H]1Cc4ccc(O)c5c4[C@@]3(CCN1C)[C@H]2O5,6.7200
CO[C@]12CC[C@@]3(C[C@@H]1C(=O)NCCCCCCNC(=O)CCN1C(=O)c4cccc5c(N)ccc(c45)C1=O)[C@H]1Cc4ccc(O)c5c4[C@@]3(CCN1C)[C@H]2O5,6.9100
C=CCN(CC=C)CCc1c[nH]c2ccc(Br)cc12,6.0500
C=CCN(CC=C)CCc1c[nH]c2ccc(C)cc12,5.9100
C=CCN(CC=C)CCc1c[nH]c2ccc(OC)cc12,5.9500
C=CCN(CC=C)CCc1c[nH]c2ccc(Cl)cc12,6.0900
C=CCN(CC=C)CCc1c[nH]c2ccccc12,5.6100
C=CCN(CC=C)CCc1c[nH]c2ccc(F)cc12,5.6600
NC(=O)[C@@H]1CC(=O)NCCCC[C@@H](NC(=O)[C@@H](N)Cc2ccc(O)cc2)C(=O)N[C@@H](Cc2ccccc2)C(=O)N[C@@H](Cc2ccccc2)C(=O)N1,8.4035
Cc1cc(O)cc(C)c1C[C@H](N)C(=O)N[C@@H]1CCCCNC(=O)C[C@@H](C(N)=O)NC(=O)[C@H](Cc2ccccc2)NC(=O)[C@@H](Cc2cccc3ccccc23)NC1=O,5.8900
Cc1cc(O)cc(C)c1C[C@H](N)C(=O)N[C@@H]1CCCCNC(=O)C[C@@H](C(N)=O)NC(=O)[C@H](Cc2ccccc2)NC(=O)[C@@H](Cc2ccc3ccccc3c2)NC1=O,5.7700
Cc1cc(O)cc(C)c1C[C@H](N)C(=O)N[C@@H]1CCCCNC(=O)C[C@@H](C(N)=O)NC(=O)[C@@H](Cc2cccc3ccccc23)NC(=O)[C@H](Cc2ccccc2)NC1=O,7.3800
Cc1cc(O)cc(C)c1C[C@H](N)C(=O)N[C@@H]1CCCCNC(=O)C[C@@H](C(N)=O)NC(=O)[C@@H](Cc2ccc3ccccc3c2)NC(=O)[C@H](Cc2ccccc2)NC1=O,6.9900
NC(=O)[C@H]1CSCSC[C@H](NC(=O)[C@@H](N)Cc2ccc(O)cc2)C(=O)N[C@@H](Cc2ccccc2)C(=O)N[C@@H](Cc2ccc3ccccc3c2)C(=O)N1,8.8861
O=C1c2ccc(O)cc2[C@@]23CCCC[C@H]2[C@@H]1N(CC1CCCO1)CC3,9.7447
Nc1nc2cc3c(cc2s1)C[C@H]1[C@@H]2CCCC[C@]32CCN1CC1CC1,10.3098
NC(=O)[C@H]1CC(F)(F)CN1C(=O)[C@H](Cc1ccccc1)NC(=O)[C@@H]1CC(F)(F)CN1C(=O)[C@@H](N)Cc1ccc(O)cc1,6.0900
Cc1cccc(C)c1C[C@H](N)C(=O)N[C@@H]1CCNc2ccc(Cc3ccccc3)cc21,6.1024
N[C@@H](Cc1c(Cl)cc(O)cc1Cl)C(=O)N[C@@H]1CCNc2ccc(Cc3ccccc3)cc21,6.6884
Cc1cc(C[C@H](N)C(=O)N[C@@H]2CCNc3ccc(Cc4ccccc4)cc32)c(C)cc1O,6.2842
Cc1cc(O)ccc1C[C@H](N)C(=O)N[C@@H]1CCNc2ccc(Cc3ccccc3)cc21,6.3188
N[C@@H](Cc1ccc2cccc(O)c2c1)C(=O)N[C@@H]1CCNc2ccc(Cc3ccccc3)cc21,5.6021
O=C(Cc1ccc(Cl)c(Cl)c1)N1CCN(Cc2cccnc2)C2CCCC(N3CCCC3)C21,7.5630
O=C(Cc1ccc(Cl)c(Cl)c1)N1CCN(Cc2cccnc2)C2CCCC(N3CCC(O)C3)C21,7.3111
COC(=O)N1CCN(C(=O)Cc2ccc(Cl)c(Cl)c2)C2C(N3CCCC3)CCCC21,7.6990
O=C1CC[C@@]2(O)[C@H]3Cc4ccc(O)cc4[C@@]2(CCN3CC2CC2)C1,9.1884
O=C1CCC[C@@]2(O)[C@H]3Cc4ccc(O)cc4[C@@]2(CCN3CC2CC2)C1,9.1261
Oc1ccc2c(c1)[C@]13CCN(CC4CC4)[C@@H](C2)[C@]1(O)Cc1c([nH]c2ccccc12)C3,8.4760
Oc1ccc2c(c1)[C@]13CCN(CC4CC4)[C@H](C2)[C@]1(O)CCc1c([nH]c2ccccc12)C3,8.3373
Oc1ccc2c(c1)[C@]13CCN(CC4CC4)[C@@H](C2)[C@]1(O)Cc1cc2ccccc2nc1C3,8.4921
Oc1ccc2c(c1)[C@]13CCN(CC4CC4)[C@H](C2)[C@]1(O)CCc1cc2ccccc2nc1C3,7.9566
O=C1C[C@]23CCN(CC4CC4)[C@H](Cc4ccc(O)cc42)[C@]3(O)C/C1=C\c1ccccc1,7.7518
O=C1C[C@]23CCN(CC4CC4)[C@H](Cc4ccc(O)cc42)[C@]3(O)CC/C1=C\c1ccccc1,7.9366
O=C1C[C@]23CCN(CC4CC4)[C@H](Cc4ccc(O)cc42)[C@]3(O)C/C1=C/c1ccccc1,8.0155
O=C1C[C@]23CCN(CC4CC4)[C@H](Cc4ccc(O)cc42)[C@]3(O)CC/C1=C/c1ccccc1,7.7133
O=C1/C(=C/c2ccccc2)C[C@@]2(O)[C@H]3Cc4ccc(O)c5c4[C@@]2(CCN3CC2CC2)[C@H]1O5,7.5162
C[C@H]1[C@H]2Cc3ccc(O)cc3[C@]1(C)CCN2CCC(=O)Nc1ccccc1,5.1249
C[C@H]1[C@H]2Cc3ccc(O)cc3[C@]1(C)CCN2CCC(=O)Nc1cccc2cccnc12,6.6383
C[C@H]1[C@H]2Cc3ccc(O)cc3[C@]1(C)CCN2CCC(=O)Nc1ccc2ncccc2c1,5.3565
C[C@H]1[C@H]2Cc3ccc(O)cc3[C@]1(C)CCN2CCC(=O)Nc1cccc2ncccc12,5.8125
C[C@H]1[C@H]2Cc3ccc(O)cc3[C@]1(C)CCN2CCC(=O)Nc1cnc2ccccc2c1,5.1891
C[C@H]1[C@H]2Cc3ccc(O)cc3[C@]1(C)CCN2CCC(=O)Nc1cccc2cnccc12,5.5376
C[C@H]1[C@H]2Cc3ccc(O)cc3[C@]1(C)CCN2CCC(=O)Nc1cccc2ccccc12,5.5485
CN(C)C[C@H]1CCc2cc(-c3ccccc3)ccc2[C@]1(O)c1cccc(O)c1,6.5452
Nc1ccnc(-c2cc(-c3ccon3)n(Cc3ccccc3F)n2)n1,5.8724
Cc1cc(O)cc(C)c1C[C@H](N)C(=O)N[C@H](CCCNC(=N)N)C(=O)N[C@H]1Cc2ccccc2CN(CCC(N)=O)C1=O,7.6521
CC[C@H](C)[C@@H](NC(=O)[C@H](CCCNC(=N)N)NC(=O)[C@H](Cc1ccc(O)cc1)NC(=O)[C@H](Cc1ccc(O)cc1)NC(=O)[C@H](CCCNC(=N)N)NC(C)=O)C(=O)N[C@@H](CCCCN)C(N)=O,6.1355
CC[C@H](C)[C@H](NC(=O)[C@H](CCCNC(=N)N)NC(=O)[C@H](Cc1ccc(O)cc1)NC(=O)[C@H](Cc1ccc(O)cc1)NC(=O)[C@H](CCCNC(=N)N)NC(=O)CCN1Cc2ccccc2C[C@H](NC(=O)[C@@H](CCCNC(=N)N)NC(=O)[C@@H](N)Cc2c(C)cc(O)cc2C)C1=O)C(=O)N[C@@H](CCCCN)C(N)=O,7.4815
Cc1cc(O)cc(C)c1C[C@H](N)C(=O)N[C@H](CCCNC(=N)N)C(=O)N[C@H]1Cc2ccccc2CN(CCC(=O)N[C@@H](CCCNC(=N)N)C(=O)N[C@@H](Cc2ccc(O)cc2)C(=O)N[C@@H](Cc2ccc(F)cc2)C(=O)N[C@@H](CCCNC(=N)N)C(=O)N[C@@H](Cc2c[nH]c3ccccc23)C(=O)N[C@@H](CCCNC(=N)N)C(N)=O)C1=O,7.0757
Cc1cc(O)cc(C)c1C[C@H](NC(=O)[C@H](Cc1ccc(O)cc1)NC(=O)[C@H](CCCNC(=N)N)NC(=O)CCN1Cc2ccccc2C[C@H](NC(=O)[C@@H](CCCNC(=N)N)NC(=O)[C@@H](N)Cc2c(C)cc(O)cc2C)C1=O)C(=O)N[C@@H](CCCNC(=N)N)C(=O)N[C@@H](Cc1c[nH]c2ccccc12)C(=O)N[C@@H](CCCNC(=N)N)C(N)=O,7.6576
Cc1cc(O)cc(C)c1C[C@H](N)C(=O)N[C@H](CCCNC(=N)N)C(=O)N[C@H]1Cc2ccccc2CN(CCC(=O)N[C@@H](CCCNC(=N)N)C(=O)N[C@@H](Cc2ccc(O)cc2)C(=O)N[C@@H](Cc2ccc(O)cc2)C(=O)N[C@@H](CCCNC(=N)N)C(=O)N[C@@H](Cc2c[nH]c3ccccc23)C(=O)N[C@@H](CCCNC(=N)N)C(N)=O)C1=O,7.3279
CC[C@H](C)[C@H](NC(=O)[C@H](CCCNC(=N)N)NC(=O)[C@H](Cc1ccc(O)cc1)NC(=O)[C@H](Cc1ccc(O)cc1)NC(=O)[C@@H](N)CCCNC(=N)N)C(=O)N[C@@H](CCCCN)C(N)=O,5.7212
C[N+]1(CC2c3ccc(O)cc3CCN2C(=O)C2CC(=O)c3ccc(Cl)cc32)CCCC1.[I-],6.6358
C[N+]1(CC2c3cc(F)ccc3CCN2C(=O)C2CC(=O)c3ccc(Cl)cc32)CCCC1.[I-],6.8592
CCCC[N+]1(CC2c3ccccc3CCN2C(=O)C2CC(=O)c3ccc(Cl)cc32)CCCC1.[I-],9.0269
C=CC[N+]1(CC2c3ccccc3CCN2C(=O)C2CC(=O)c3ccc(Cl)cc32)CCCC1.[Br-],8.7305
O=C1CC(C(=O)N2CCc3ccccc3C2C[N+]2(CC3CC3)CCCC2)c2cc(Cl)ccc21.[Br-],8.4486
O=C1CC(C(=O)N2CCc3ccccc3C2CN2CCCC2)c2cc(Cl)ccc21,10.4815
CCC(=O)N1CC[C@@H](NC(=O)[C@@H](N)Cc2c(C)cc(O)cc2C)c2cc(Cc3ccccc3)ccc21,6.7267
CCCC(=O)N1CC[C@@H](NC(=O)[C@@H](N)Cc2c(C)cc(O)cc2C)c2cc(Cc3ccccc3)ccc21,7.3010
Cc1cc(O)cc(C)c1C[C@H](N)C(=O)N[C@@H]1CCN(C(=O)C(C)C)c2ccc(Cc3ccccc3)cc21,7.1192
Cc1cc(O)cc(C)c1C[C@H](N)C(=O)N[C@@H]1CCN(C(=O)C2CC2)c2ccc(Cc3ccccc3)cc21,6.8010
Cc1cc(O)cc(C)c1C[C@H](N)C(=O)N[C@@H]1CCN(C(=O)C2CCC2)c2ccc(Cc3ccccc3)cc21,7.2518
COC(=O)N1CC[C@@H](NC(=O)[C@@H](N)Cc2c(C)cc(O)cc2C)c2cc(Cc3ccccc3)ccc21,7.0698
COCC(=O)N1CC[C@@H](NC(=O)[C@@H](N)Cc2c(C)cc(O)cc2C)c2cc(Cc3ccccc3)ccc21,7.4685
Cc1cc(O)cc(C)c1C[C@H](N)C(=O)N[C@@H]1CCN(C(=O)c2ccccc2)c2ccc(Cc3ccccc3)cc21,6.8877
Cc1cc(O)cc(C)c1C[C@H](N)C(=O)N[C@@H]1CCN(CC(N)=O)c2ccc(Cc3ccccc3)cc21,7.3934
CCOC(=O)CN1CC[C@@H](NC(=O)[C@@H](N)Cc2c(C)cc(O)cc2C)c2cc(Cc3ccccc3)ccc21,7.8239
Cc1cc(O)cc(C)c1C[C@H](N)C(=O)N[C@@H]1CCN(CC(=O)O)c2ccc(Cc3ccccc3)cc21,6.5528
CCC(=O)N1CC[C@@H](NC(=O)[C@@H](N)Cc2c(C)cc(O)cc2C)c2cc(Cc3ccc4ccccc4c3)ccc21,7.2366
CCCC(=O)N1CC[C@@H](NC(=O)[C@@H](N)Cc2c(C)cc(O)cc2C)c2cc(Cc3ccc4ccccc4c3)ccc21,7.1938
COC(=O)N1CC[C@@H](NC(=O)[C@@H](N)Cc2c(C)cc(O)cc2C)c2cc(Cc3ccc4ccccc4c3)ccc21,6.7212
Oc1cccc(CCN(CCc2ccccc2)CCc2ccccc2)c1,6.6757
Oc1ccc(CCN(CCc2ccccc2)CC2CCC2)cc1,7.2013
Oc1ccc(CCN(CCc2ccccc2)CC2CC2)cc1,6.6615
CCCN1CC[C@H]2c3cc4ccc(C(F)(F)F)cc4nc3[C@H](CC)[C@H]3CCC[C@@H]1[C@@H]32,6.3809
CCCN1CC[C@H]2c3cc4cccc(OC)c4nc3[C@H](CC)[C@H]3CCC[C@@H]1[C@@H]32,5.7708
CCCN1CC[C@H]2c3cc4cc(Cl)ccc4nc3[C@H](CC)[C@H]3CCC[C@@H]1[C@@H]32,6.4295
CCCN1CC[C@H]2c3cc4ccccc4nc3[C@H](CC)[C@H]3CCC[C@@H]1[C@@H]32,6.3072
CC[C@H]1c2nc3ccccc3cc2[C@@H]2CCN(C)[C@@H]3CCC[C@H]1[C@H]32,5.4574
COc1ccc(C[C@H]2C(=O)C[C@@H]3CCN(CC4CCCCC4)[C@@H]4CCC[C@H]2[C@@H]34)cc1,5.7953
O=C1C[C@@H]2CCN(Cc3nccs3)[C@@H]3CCC[C@@H]([C@@H]23)[C@H]1Cc1ccccc1,5.8551
O=C1C[C@@H]2CCN(Cc3cccs3)[C@@H]3CCC[C@@H]([C@@H]23)[C@H]1Cc1ccccc1,6.1952
O=C1C[C@@H]2CCN(CC3CCCCC3)[C@@H]3CCC[C@@H]([C@@H]23)[C@H]1Cc1ccccc1,5.9104
CC(C)CCN1CC[C@H]2CC(=O)[C@H](Cc3ccccc3)[C@H]3CCC[C@@H]1[C@H]23,6.1481
CCCN1CC[C@H]2CC(=O)[C@H](Cc3ccccc3)[C@H]3CCC[C@@H]1[C@H]23,5.4408
CC[C@H]1C(=O)C[C@@H]2CCN(Cc3cccs3)[C@@H]3CCC[C@H]1[C@@H]23,5.8315
CC[C@H]1C(=O)C[C@@H]2CCN(CC3CCCCC3)[C@@H]3CCC[C@H]1[C@@H]23,6.5560
CC[C@H]1C(=O)C[C@@H]2CCN(CCC(C)C)[C@@H]3CCC[C@H]1[C@@H]23,5.8941
CC(C)(C)OC(=O)N1CC2CN(c3nc4ccccc4n(C4CCN(C5CCCCCCC5)CC4)c3=O)CC2C1,6.8671
O=c1c(NCC(O)CO)nc2ccccc2n1[C@H]1C[C@H]2CC[C@@H](C1)N2C1CCCCCCC1,6.6498
NC(=O)c1nc2ccccc2n([C@H]2C[C@H]3CC[C@@H](C2)N3C2CCCCCCC2)c1=O,6.8125
O=C(O)C1CCN(c2nc3ccccc3n([C@H]3C[C@H]4CC[C@@H](C3)N4C3CCCCCCC3)c2=O)CC1,6.1824
N[C@@H]1CCN(c2nc3ccccc3n([C@H]3C[C@H]4CC[C@@H](C3)N4C3CCCCCCC3)c2=O)C1,7.8268
NC(=O)[C@H](CO)Nc1nc2ccccc2n([C@@H]2C[C@H]3CC[C@@H](C2)N3C2CCCCCCC2)c1=O,5.2716
O=C(O)CNc1nc2ccccc2n([C@H]2C[C@H]3CC[C@@H](C2)N3C2CCCCCCC2)c1=O,5.5467
O=C(O)Cc1nc2ccccc2n([C@H]2C[C@H]3CCC[C@@H](C2)N3C2CCCCCCC2)c1=O,4.7156
O=C(O)CC1CCN(c2nc3ccccc3n([C@H]3C[C@H]4CC[C@@H](C3)N4C3CCCCCCC3)c2=O)C1,5.9197
O=C(O)[C@@H](CO)Nc1nc2ccccc2n([C@H]2C[C@H]3CC[C@@H](C2)N3C2CCCCCCC2)c1=O,6.0009
O=C1CCN(c2nc3ccccc3n(C3CCN(C4CCCCCCC4)CC3)c2=O)N1,6.4191
COc1ccc(NC(=O)c2nc3ccccc3n([C@@]3(C)C[C@H]4CC[C@@H](C3)N4C3CCCCCCC3)c2=O)cn1,7.2534
CONC(=O)c1nc2ccccc2n([C@H]2C[C@H]3CC[C@@H](C2)N3C2CCCCCCC2)c1=O,6.3372
O=C(Nc1ccc(=O)[nH]c1)c1nc2ccccc2n([C@H]2C[C@H]3CC[C@@H](C2)N3C2CCCCCCC2)c1=O,6.7932
COc1ccc(NC(=O)c2nc3ccccc3n([C@@H]3C[C@H]4CC[C@@H](C3)N4C3CCCCCCC3)c2=O)cn1,6.1290
O=C(Nc1ccc(=O)[nH]c1)c1nc2ccccc2n([C@@H]2C[C@H]3CC[C@@H](C2)N3C2CCCCCCC2)c1=O,5.5850
O=C(NCC(O)CO)c1nc2ccccc2n([C@H]2C[C@H]3CC[C@@H](C2)N3C2CCCCCCC2)c1=O,6.4202
C[C@]12CC[C@H](C[C@H](N3C(=O)C(N[C@@H](CO)C(=O)O)Nc4ccccc43)C1)N2C1CCCCCCC1,6.3747
O=C(NO)c1nc2ccccc2n([C@H]2C[C@H]3CC[C@@H](C2)N3C2CCCCCCC2)c1=O,6.3188
C[C@@]12CC[C@@H](C[C@@H](n3c(=O)c(C(=O)NCC(=O)O)nc4ccccc43)C1)N2C1CCCCCCC1,6.6021
O=C(NC(CO)C(=O)O)c1nc2ccccc2n([C@H]2C[C@H]3CC[C@@H](C2)N3C2CCCCCCC2)c1=O,6.7447
O=C(O)c1nc2ccccc2n([C@H]2C[C@H]3CC[C@@H](C2)N3C23CC4CC(CC(C4)C2)C3)c1=O,5.5352
O=C(O)CNCCNc1nc2ccccc2n([C@H]2C[C@H]3CC[C@@H](C2)N3C2CCCCCCC2)c1=O,6.1506
O=C(O)CN(CCNc1nc2ccccc2n([C@H]2C[C@H]3CC[C@@H](C2)N3C2CCCCCCC2)c1=O)CC(=O)O,5.4789
O=C(O)[C@@H](Nc1nc2ccccc2n([C@H]2C[C@H]3CC[C@@H](C2)N3C2CCCCCCC2)c1=O)c1ccccc1,6.4609
O=C(O)[C@H](Cc1ccccc1)Nc1nc2ccccc2n([C@H]2C[C@H]3CC[C@@H](C2)N3C2CCCCCCC2)c1=O,6.2725
O=C(O)C1(O)CCN(c2nc3ccccc3n([C@H]3C[C@H]4CC[C@@H](C3)N4C3CCCCCCC3)c2=O)CC1,6.0600
O=C1NC(=O)C2(CCN(c3nc4ccccc4n([C@H]4C[C@H]5CC[C@@H](C4)N5C4CCCCCCC4)c3=O)CC2)N1,7.1739
O=C(O)C1CCN(CCNc2nc3ccccc3n([C@H]3C[C@H]4CC[C@@H](C3)N4C3CCCCCCC3)c2=O)CC1,6.2457
O=C(O)CNC(=O)CNc1nc2ccccc2n([C@H]2C[C@H]3CC[C@@H](C2)N3C2CCCCCCC2)c1=O,5.8259
NC1(C(=O)O)CCN(c2nc3ccccc3n([C@H]3C[C@H]4CC[C@@H](C3)N4C3CCCCCCC3)c2=O)CC1,6.6498
O=C1CN(c2nc3ccccc3n([C@H]3C[C@H]4CC[C@@H](C3)N4C3CCCCCCC3)c2=O)CCN1,7.5867
O=C(O)C(CO)NCCNc1nc2ccccc2n([C@H]2C[C@H]3CC[C@@H](C2)N3C2CCCCCCC2)c1=O,6.0640
CC(=O)NC1(C(=O)O)CCN(c2nc3ccccc3n([C@H]3C[C@H]4CC[C@@H](C3)N4C3CCCCCCC3)c2=O)CC1,6.5918
O=C(O)C1(O)CCN(c2nc3ccccc3n([C@H]3C[C@H]4CC[C@@H](C3)N4C3CCCCCCC3)c2=O)C1,5.7825
NC(=O)CN(CCNc1nc2ccccc2n([C@H]2C[C@H]3CC[C@@H](C2)N3C2CCCCCCC2)c1=O)CC(=O)O,6.1308
CC(C)(Nc1nc2ccccc2n([C@H]2C[C@H]3CC[C@@H](C2)N3C2CCCCCCC2)c1=O)C(=O)O,6.0506
O=C(O)C1(Nc2nc3ccccc3n([C@H]3C[C@H]4CC[C@@H](C3)N4C3CCCCCCC3)c2=O)CCCCC1,6.0362
O=C(O)N1CCN(c2nc3ccccc3n([C@H]3C[C@H]4CC[C@@H](C3)N4C3CCCCCCC3)c2=O)CC1=O,5.8665
O=C(O)CN1CC2CN(c3nc4ccccc4n([C@H]4C[C@H]5CC[C@@H](C4)N5C4CCCCCCC4)c3=O)CC2C1,6.8729
O=C(O)C1CCCN1C(=O)CNc1nc2ccccc2n([C@H]2C[C@H]3CC[C@@H](C2)N3C2CCCCCCC2)c1=O,6.1249
O=C(O)C(=O)N1CC2CN(c3nc4ccccc4n(C4CCN(C5CCCCCCC5)CC4)c3=O)CC2C1,6.3116
O=C(O)CC1CCN(c2nc3ccccc3n([C@H]3C[C@H]4CC[C@@H](C3)N4C3CCCCCCC3)c2=O)CC1,5.9382
NC1(C(=O)O)CCN(c2nc3ccccc3n([C@H]3C[C@H]4CC[C@@H](C3)N4C3CCCCCCC3)c2=O)C1,6.3675
O=C(O)CN(CCO)c1nc2ccccc2n([C@H]2C[C@H]3CC[C@@H](C2)N3C2CCCCCCC2)c1=O,5.6921
CCOC(=O)c1nc2ccccc2n([C@H]2C[C@H]3CCC[C@@H](C2)N3C2CCCCCCC2)c1=O,7.3344
O=C(O)c1nc2ccccc2n([C@H]2C[C@H]3CCC[C@@H](C2)N3C2CCCCCCC2)c1=O,6.3565
CC(C)C1CCC(N2[C@@H]3CC[C@H]2C[C@@H](n2c(=O)c(C(=O)O)nc4ccccc42)C3)CC1,5.6872
O=C(O)c1nc2ccccc2n([C@H]2C[C@H]3COC[C@@H](C2)N3C2CCCCCCC2)c1=O,5.2218
CCOC(=O)c1nc2ccccc2n([C@H]2C[C@H]3CC[C@@H](C2)N3C2CCCCCCC2)c1=O,7.1805
O=C(O)c1nc2ccccc2n([C@H]2C[C@H]3CC[C@@H](C2)N3C2Cc3cccc4cccc2c34)c1=O,5.7959
CC1(N2CCC(n3c(=O)c(C(=O)O)nc4ccccc43)CC2)CCCCCCC1,5.9523
CC12CC3CC(C)(C1)CC(N1[C@@H]4CC[C@H]1C[C@@H](n1c(=O)c(C(=O)O)nc5ccccc51)C4)(C3)C2,5.5040
O=C(O)c1nc2ccccc2n([C@H]2C[C@H]3CCC[C@@H](C2)N3C23CC4CC(CC(C4)C2)C3)c1=O,5.2739
CCC1(N2CCC(n3c(=O)c(C(=O)O)nc4ccccc43)CC2)CCCCCCC1,5.6068
CCCC1(N2CCC(n3c(=O)c(C(=O)O)nc4ccccc43)CC2)CCCCCCC1,5.4852
O=C(O)N[C@@H]1CCN(c2nc3ccccc3n([C@H]3C[C@H]4CC[C@@H](C3)N4C3CCCCCCC3)c2=O)C1,6.3497
O=C(O)c1ccncc1Nc1nc2ccccc2n([C@H]2C[C@H]3CC[C@@H](C2)N3C2CCCCCCC2)c1=O,7.1925
CN(C(=O)O)[C@@H]1CCN(c2nc3ccccc3n([C@H]3C[C@H]4CC[C@@H](C3)N4C3CCCCCCC3)c2=O)C1,6.6509
CC(C)(C)CC(C)(C)N1[C@@H]2CC[C@H]1C[C@@H](n1c(=O)c(C(=O)O)nc3ccccc31)C2,4.7757
O=C(O)c1nc2ccccc2n([C@H]2C[C@H]3CCC[C@@H](C2)N3C2CCCCCCCCC2)c1=O,6.2480
O=C(O)c1nc2ccccc2n([C@H]2C[C@H]3CCC[C@@H](C2)N3C2CCCCCCCC2)c1=O,6.4260
O=C(O)c1nc2ccccc2n([C@H]2C[C@H]3CCC[C@@H](C2)N3C2C3CCCC2CCC3)c1=O,5.3497
O=C(O)c1nc2ccccc2n([C@H]2C[C@H]3CC[C@@H](C2)N3C2CCCCCCCCC2)c1=O,6.3716
O=C(O)c1nc2ccccc2n([C@H]2C[C@H]3CC[C@@H](C2)N3C2C3CCCC2CCC3)c1=O,5.8105
O=C(O)c1nc2ccccc2n([C@H]2C[C@H]3CC[C@@H](C2)N3C2CCCCCCCC2)c1=O,6.3288
O=C(NC(Cc1c[nH]cn1)C(=O)O)c1nc2ccccc2n([C@H]2C[C@H]3CC[C@@H](C2)N3C2CCCCCCC2)c1=O,6.8877
O=C(NC(Cc1ccccc1)C(=O)O)c1nc2ccccc2n([C@H]2C[C@H]3CC[C@@H](C2)N3C2CCCCCCC2)c1=O,7.3036
O=C(O)/C=C1\[C@H]2Cc3ccc(O)cc3[C@]1(CCCC(=O)O)CCN2CC1CC1,7.1751
COC(=O)[C@@H]1C[C@H](OC(C)=O)C(=O)[C@H]2[C@@]1(C)CCC1C(=O)O[C@@H](c3ccoc3)C[C@@]12C,7.3872
COC(=O)[C@@H]1C[C@H](OC(C)=O)C(=O)[C@H]2[C@@]1(C)CCC1C(=O)O[C@H](C(=O)O)C[C@@]12C,7.2596
O=c1[nH]c2ccccc2n(C2CCN(C3Cc4cccc5cccc3c45)CC2)c1=O,6.3575
NC(=O)Cn1c(=O)c(=O)n(C2CCN(C3Cc4cccc5cccc3c45)CC2)c2ccccc21,5.1580
N#CCn1c(=O)c(=O)n(C2CCN(C3CCCCCCC3)CC2)c2ccccc21,5.3735
O=c1[nH]c2ccc(N3CCOCC3)cc2n(C2CCN(C3CCCCCCC3)CC2)c1=O,6.2526
O=c1[nH]c2ccccc2n([C@@H]2C[C@H]3CCC[C@@H](C2)N3C2CCCCCCC2)c1=O,6.7696
O=c1[nH]c2ccccc2n([C@H]2C[C@H]3C=C[C@@H](C2)N3C2/C=C\CCCCC2)c1=O,6.9245
O=c1[nH]c2ccccc2n([C@@H]2C[C@H]3C=C[C@@H](C2)N3C2/C=C\CCCCC2)c1=O,6.1662
O=c1[nH]c2ncccc2n(C2CCN(C3CCCCCCC3)CC2)c1=O,5.8804
O=C1CC(=O)N(C2CCN(C3CCCCCCC3)CC2)c2ccccc2N1,6.4498
O=c1[nH]c2ccccc2n(C2CCN(C3CCCCCCC3)CC2)c1=O,6.7773
CC(C)C1CCC(N2CCC(n3c(=O)c(=O)[nH]c4ccccc43)CC2)CC1,6.0555
CN(C)c1nc2ccccc2n(C2CCN(C3CCCCCCC3)CC2)c1=O,6.5901
O=c1c(NCCO)nc2ccccc2n1C1CCN(C2CCCCCCC2)CC1,6.0516
O=c1c(N2CC3CNCC3C2)nc2ccccc2n1C1CCN(C2CCCCCCC2)CC1,7.6478
O=c1c(NCc2ccccc2)nc2ccccc2n1C1CCN(C2CCCCCCC2)CC1,6.7820
CC(C)(C)OC(=O)NCCNc1nc2ccccc2n(C2CCN(C3CCCCCCC3)CC2)c1=O,6.5287
NCCNc1nc2ccccc2n(C2CCN(C3CCCCCCC3)CC2)c1=O,6.7757
O=c1c(N2CCNCC2)nc2ccccc2n1C1CCN(C2CCCCCCC2)CC1,7.1337
CS(=O)(=O)NCCNc1nc2ccccc2n(C2CCN(C3CCCCCCC3)CC2)c1=O,6.0434
CN1CC2CN(c3nc4ccccc4n(C4CCN(C5CCCCCCC5)CC4)c3=O)CC2C1,7.8210
CC(=O)N1CC2CN(c3nc4ccccc4n(C4CCN(C5CCCCCCC5)CC4)c3=O)CC2C1,6.5482
Nc1nc2ccccc2n(C2CCN(C3CCCCCCC3)CC2)c1=O,7.0320
COC(=O)C1CCN(c2nc3ccccc3n(C3CCN(C4CCCCCCC4)CC3)c2=O)CC1,6.4841
CC(=O)Nc1nc2ccccc2n(C2CCN(C3CCCCCCC3)CC2)c1=O,6.2062
O=C1CN(c2nc3ccccc3n(C3CCN(C4CCCCCCC4)CC3)c2=O)CCN1,6.5186
O=c1c(N2Cc3ccccc3C2)nc2ccccc2n1C1CCN(C2CCCCCCC2)CC1,4.9393
CC(C)(C)OC(=O)NC1CCN(c2nc3ccccc3n(C3CCN(C4CCCCCCC4)CC3)c2=O)CC1,6.8210
NC1CCN(c2nc3ccccc3n(C3CCN(C4CCCCCCC4)CC3)c2=O)CC1,7.5171
CC(=O)NC1CCN(c2nc3ccccc3n(C3CCN(C4CCCCCCC4)CC3)c2=O)CC1,6.2890
C=CCNc1nc2ccccc2n(C2CCN(C3CCCCCCC3)CC2)c1=O,6.0696
O=c1c(NCC(O)CO)nc2ccccc2n1C1CCN(C2CCCCCCC2)CC1,5.8861
N=C(N)NCCNc1nc2ccccc2n(C2CCN(C3CCCCCCC3)CC2)c1=O,6.7181
COC(=O)[C@@H]1CCCN1c1nc2ccccc2n(C2CCN(C3CCCCCCC3)CC2)c1=O,6.2343
COC(=O)[C@@H]1C[C@@H](O)CN1c1nc2ccccc2n(C2CCN(C3CCCCCCC3)CC2)c1=O,5.9838
NC(=O)C1CCN(c2nc3ccccc3n(C3CCN(C4CCCCCCC4)CC3)c2=O)CC1,6.3179
CS(=O)(=O)NC1CCN(c2nc3ccccc3n(C3CCN(C4CCCCCCC4)CC3)c2=O)CC1,6.4225
O=c1c(NC2CCNCC2)nc2ccccc2n1C1CCN(C2CCCCCCC2)CC1,7.1707
NC(=O)CNc1nc2ccccc2n(C2CCN(C3CCCCCCC3)CC2)c1=O,6.4510
NC(=O)[C@H](CO)Nc1nc2ccccc2n(C2CCN(C3CCCCCCC3)CC2)c1=O,5.8919
COc1ccc(Nc2nc3ccccc3n(C3CCN(C4CCCCCCC4)CC3)c2=O)cn1,7.3340
CC(=O)N[C@@H]1CCN(c2nc3ccccc3n(C3CCN(C4CCCCCCC4)CC3)c2=O)C1,6.6536
O=c1c(N2CCc3ccccc32)nc2ccccc2n1C1CCN(C2CCCCCCC2)CC1,6.4260
N[C@H]1CCN(c2nc3ccccc3n(C3CCN(C4CCCCCCC4)CC3)c2=O)C1,7.2418
NC(=O)[C@@H]1CCCN1c1nc2ccccc2n(C2CCN(C3CCCCCCC3)CC2)c1=O,6.2133
O=c1c(N2CCc3ccccc3C2)nc2ccccc2n1C1CCN(C2CCCCCCC2)CC1,6.2642
COC(=O)c1ccc2c(c1)CN(c1nc3ccccc3n(C3CCN(C4CCCCCCC4)CC3)c1=O)CC2,6.5214
O=c1ccc(Nc2nc3ccccc3n(C3CCN(C4CCCCCCC4)CC3)c2=O)c[nH]1,6.0942
COC(=O)C(CO)Nc1nc2ccccc2n(C2CCN(C3CCCCCCC3)CC2)c1=O,6.7190
NC(=O)CCNc1nc2ccccc2n(C2CCN(C3CCCCCCC3)CC2)c1=O,6.1361
CC(=O)N1CCC(Nc2nc3ccccc3n(C3CCN(C4CCCCCCC4)CC3)c2=O)CC1,6.0128
N[C@@H]1CCN(c2nc3ccccc3n(C3CCN(C4CCCCCCC4)CC3)c2=O)C1,7.6576
O=c1c(N2CCC(O)CC2)nc2ccccc2n1C1CCN(C2CCCCCCC2)CC1,6.1475
O=c1c(NC[C@@H](O)CO)nc2ccccc2n1C1CCN(C2CCCCCCC2)CC1,5.9226
O=c1c(NC[C@H](O)CO)nc2ccccc2n1C1CCN(C2CCCCCCC2)CC1,6.0320
O=C(O)[C@H](CO)Nc1nc2ccccc2n(C2CCN(C3CCCCCCC3)CC2)c1=O,6.2644
CCOC(=O)CNc1nc2ccccc2n(C2CCN(C3CCCCCCC3)CC2)c1=O,6.4214
NCC(O)CNc1nc2ccccc2n(C2CCN(C3CCCCCCC3)CC2)c1=O,6.7570
CC(=O)N[C@H]1CCN(c2nc3ccccc3n(C3CCN(C4CCCCCCC4)CC3)c2=O)C1,6.3401
NC(=O)C1CCCN(c2nc3ccccc3n(C3CCN(C4CCCCCCC4)CC3)c2=O)C1,6.2924
CCOC(=O)CN(C)c1nc2ccccc2n(C2CCN(C3CCCCCCC3)CC2)c1=O,6.0915
NC(=O)CNc1nc2ccccc2n(C2CCN(C34CC5CC(CC(C5)C3)C4)CC2)c1=O,5.3606
CN(CC(O)CO)c1nc2ccccc2n(C2CCN(C3CCCCCCC3)CC2)c1=O,5.9397
CS(=O)(=O)N[C@@H]1CCN(c2nc3ccccc3n(C3CCN(C4CCCCCCC4)CC3)c2=O)C1,6.2314
O=c1c(NC(CO)CO)nc2ccccc2n1C1CCN(C2CCCCCCC2)CC1,6.1765
O=c1c(N2CC[C@H](O)C2)nc2ccccc2n1C1CCN(C2CCCCCCC2)CC1,5.8280
COc1nc2ccccc2n([C@H]2C[C@H]3CC[C@@H](C2)N3C2CCCCCCC2)c1=O,6.7932
CCOC(=O)c1nc2ccccc2n(C2CCN(C3CCCCCCC3)CC2)c1=O,6.8508
O=C(O)c1nc2ccccc2n(C2CCN(C3CCCCCCC3)CC2)c1=O,5.9855
CC(C)(C)OC(=O)N1CC2CN(C(=O)c3nc4ccccc4n(C4CCN(C5CCCCCCC5)CC4)c3=O)CC2C1,7.6308
O=C(O)c1nc2ccccc2n([C@H]2C[C@H]3CC[C@@H](C2)N3C2CCCCCCC2)c1=O,6.2007
NC(=O)c1nc2ccccc2n(C2CCN(C3CCCCCCC3)CC2)c1=O,6.3788
CNC(=O)c1nc2ccccc2n(C2CCN(C3CCCCCCC3)CC2)c1=O,6.2090
O=C(NCC(O)CO)c1nc2ccccc2n(C2CCN(C3CCCCCCC3)CC2)c1=O,6.0026
COc1ccc(NC(=O)c2nc3ccccc3n(C3CCN(C4CCCCCCC4)CC3)c2=O)cn1,6.8794
CN(C)C(=O)c1nc2ccccc2n(C2CCN(C3CCCCCCC3)CC2)c1=O,6.1746
O=C(Nc1ccc(=O)[nH]c1)c1nc2ccccc2n(C2CCN(C3CCCCCCC3)CC2)c1=O,6.4078
CONC(=O)c1nc2ccccc2n(C2CCN(C3CCCCCCC3)CC2)c1=O,6.2321
O=C(NOCc1ccccc1)c1nc2ccccc2n(C2CCN(C3CCCCCCC3)CC2)c1=O,6.6108
O=C1CNc2ccccc2N1C1CCN(C2CCCCCCC2)CC1,6.7399
O=C1CN(C2CCN(C3CCCCCCC3)CC2)c2ccccc2N1,7.0783
N#Cc1nc2ccccc2n(C2CCN(C3CCCCCCC3)CC2)c1=O,6.2708
O=c1c(NC[C@@H](O)CO)nc2ccccc2n1C1CCN(C23CC4CC(CC(C4)C2)C3)CC1,5.3478
NC(=O)CNc1nc2ccccc2n([C@H]2C[C@H]3CC[C@@H](C2)N3C2CCCCCCC2)c1=O,6.5969
O=c1c(N2CC[C@@H](O)C2)nc2ccccc2n1C1CCN(C2CCCCCCC2)CC1,6.1624
O=C(NO)c1nc2ccccc2n(C2CCN(C3CCCCCCC3)CC2)c1=O,5.5642
O=c1c(N2CC3CNCC3C2)nc2ncccc2n1C1CCN(C2CCCCCCC2)CC1,6.8861
O=c1c(NC[C@@H](O)CO)nc2ccccc2n1[C@H]1C[C@H]2CC[C@@H](C1)N2C1CCCCCCC1,6.8069
NC(=O)CNc1nc2ccccc2n([C@@H]2C[C@H]3CC[C@@H](C2)N3C2CCCCCCC2)c1=O,5.3635
O=C(O)c1nc2ccc(F)cc2n([C@H]2C[C@H]3CC[C@@H](C2)N3C2CCCCCCC2)c1=O,6.3002
O=C(O)CN1CCN(c2nc3ccccc3n([C@H]3C[C@H]4CC[C@@H](C3)N4C3CCCCCCC3)c2=O)CC1,6.6576
O=C(O)c1cccc(CNc2nc3ccccc3n([C@H]3C[C@H]4CC[C@@H](C3)N4C3CCCCCCC3)c2=O)c1,6.1079
O=C(O)C1CCCN1C(=O)c1nc2ccccc2n([C@H]2C[C@H]3CC[C@@H](C2)N3C2CCCCCCC2)c1=O,6.4559
CN(CC(=O)O)C(=O)c1nc2ccccc2n([C@H]2C[C@H]3CC[C@@H](C2)N3C2CCCCCCC2)c1=O,6.3206
CC(C)(NC(=O)c1nc2ccccc2n([C@H]2C[C@H]3CC[C@@H](C2)N3C2CCCCCCC2)c1=O)C(=O)O,6.8416
CSCCC(NC(=O)c1nc2ccccc2n([C@H]2C[C@H]3CC[C@@H](C2)N3C2CCCCCCC2)c1=O)C(=O)O,6.6778
O=C(O)CC(NC(=O)c1nc2ccccc2n([C@H]2C[C@H]3CC[C@@H](C2)N3C2CCCCCCC2)c1=O)C(=O)O,6.6402
O=C(N[C@H](C(=O)O)c1ccccc1)c1nc2ccccc2n([C@H]2C[C@H]3CC[C@@H](C2)N3C2CCCCCCC2)c1=O,7.3072
CC(NC(=O)c1nc2ccccc2n([C@H]2C[C@H]3CC[C@@H](C2)N3C2CCCCCCC2)c1=O)C(=O)O,6.7645
CC(C)CC(NC(=O)c1nc2ccccc2n([C@H]2C[C@H]3CC[C@@H](C2)N3C2CCCCCCC2)c1=O)C(=O)O,7.4522
O=C(O)c1ccc(CNC(=O)c2nc3ccccc3n([C@H]3C[C@H]4CC[C@@H](C3)N4C3CCCCCCC3)c2=O)cc1,6.0414
O=C(NCc1nn[nH]n1)c1nc2ccccc2n([C@H]2C[C@H]3CC[C@@H](C2)N3C2CCCCCCC2)c1=O,5.7645
O=C(O)c1ccc(CNC(=O)c2nc3ccccc3n([C@H]3C[C@H]4CC[C@@H](C3)N4C3CCCCCCC3)c2=O)nc1,6.0783
O=C(O)c1nc2ccccc2n([C@H]2C[C@H]3CC[C@@H](C2)N3C23CC4CC(CC2C4)C3)c1=O,5.5100
CCOC(=O)[C@@H]1CN(CCNc2nc3ccccc3n([C@H]3C[C@H]4CC[C@@H](C3)N4C3CCCCCCC3)c2=O)C[C@H]1C(=O)OCC,7.7905
O=C(O)[C@@H]1CN(CCNc2nc3ccccc3n([C@H]3C[C@H]4CC[C@@H](C3)N4C3CCCCCCC3)c2=O)C[C@H]1C(=O)O,6.1723
CN(C)C1(C(=O)O)CCN(c2nc3ccccc3n([C@H]3C[C@H]4CC[C@@H](C3)N4C3CCCCCCC3)c2=O)CC1,6.9914
CCOC(=O)C1CN(CCNc2nc3ccccc3n([C@H]3C[C@H]4CC[C@@H](C3)N4C3CCCCCCC3)c2=O)C[C@H]1C(=O)OCC,7.5058
CC1(N2[C@@H]3CCC[C@H]2C[C@@H](n2c(=O)c(C(=O)O)nc4ccccc42)C3)CCCCCCC1,5.2879
O=C(O)c1nc2ccccc2n([C@H]2C[C@H]3CCC[C@@H](C2)N3C2/C=C\CCCCC2)c1=O,6.4377
O=C(N[C@H](C(=O)O)c1ccccc1)c1nc2ccccc2n([C@H]2C[C@H]3CCC[C@@H](C2)N3C2CCCCCCC2)c1=O,7.1979
CCOC(=O)c1nc2ccccc2n([C@H]2C[C@H]3CCC[C@@H](C2)N3C(C)CCC(C)C)c1=O,6.7905
CCOC(=O)c1nc2ccccc2n([C@H]2C[C@H]3CCC[C@@H](C2)N3C(C)CC(C)C)c1=O,7.0685
CC(C)CCC(C)N1[C@@H]2CCC[C@H]1C[C@@H](n1c(=O)c(C(=O)O)nc3ccccc31)C2,5.8008
CC(C)CC(C)N1[C@@H]2CCC[C@H]1C[C@@H](n1c(=O)c(C(=O)O)nc3ccccc31)C2,6.2815
CN(CC(=O)O)[C@H]1CCN(c2nc3ccccc3n([C@H]3C[C@H]4CCC[C@@H](C3)N4C3CCCCCCC3)c2=O)C1,6.2299
CCOC(=O)c1nc2ccccc2n([C@@H]2C[C@H]3CCC[C@@H](C2)N3C/C=C2\CCC3CC2C3(C)C)c1=O,7.6861
O=C(O)c1nc2ccccc2n([C@H]2C[C@H]3CC[C@@H](C2)N3C23CCC(CC2)C3)c1=O,5.4099
O=C(O)c1nc2ccccc2n([C@H]2C[C@H]3CCCC[C@@H](C2)N3C2/C=C\CCCCC2)c1=O,5.7555
O=C(O)c1nc2ccccc2n([C@H]2C[C@H]3CCC[C@@H](C2)N3C2C3CC4CC(C3)CC2C4)c1=O,4.9897
CC1(C)[C@H]2CC[C@@H](CCN3[C@@H]4CC[C@H]3C[C@@H](n3c(=O)c(C(=O)O)nc5ccccc53)C4)[C@@H]1C2,7.2007
CC(C)CC(C)N1[C@@H]2CC[C@H]1C[C@@H](n1c(=O)c(C(=O)O)nc3ccccc31)C2,6.3183
COc1ccc2c3c1O[C@H]1[C@@]4(OC)CC[C@@]5(C[C@@H]4CNC(=O)[C@H](C)N)[C@@H](C2)N(CC2CC2)CC[C@]315,7.8601
CO[C@]12CC[C@@]3(C[C@@H]1CNC(=O)[C@@H](N)Cc1ccccc1)[C@H]1Cc4ccc(O)c5c4[C@@]3(CCN1CC1CC1)[C@H]2O5,10.2218
CC[C@H](C)[C@H](N)C(=O)NC[C@H]1C[C@@]23CC[C@]1(OC)[C@@H]1Oc4c(O)ccc5c4[C@@]12CCN(CC1CC1)[C@@H]3C5,10.0458
CO[C@]12CC[C@@]3(C[C@@H]1CNC(=O)[C@H](C)N)[C@H]1Cc4ccc(O)c5c4[C@@]3(CCN1CC1CC1)[C@H]2O5,9.8539
CO[C@]12CC[C@@]3(C[C@@H]1CNC(=O)[C@@H](N)CO)[C@H]1Cc4ccc(O)c5c4[C@@]3(CCN1CC1CC1)[C@H]2O5,9.7447
CO[C@]12CC[C@@]3(C[C@@H]1CNC(=O)[C@@H](N)CC(C)C)[C@H]1Cc4ccc(O)c5c4[C@@]3(CCN1CC1CC1)[C@H]2O5,10.2218
CO[C@]12CC[C@@]3(C[C@@H]1CNC(=O)C1CCCN1)[C@H]1Cc4ccc(O)c5c4[C@@]3(CCN1CC1CC1)[C@H]2O5,10.1549
CO[C@]12CC[C@@]3(C[C@@H]1CNC(=O)[C@@H](N)Cc1ccc(O)cc1)[C@H]1Cc4ccc(O)c5c4[C@@]3(CCN1CC1CC1)[C@H]2O5,9.8861
CO[C@]12CC[C@@]3(C[C@@H]1CNC(=O)[C@@H](N)CC(=O)O)[C@H]1Cc4ccc(O)c5c4[C@@]3(CCN1CC1CC1)[C@H]2O5,8.5157
CO[C@]12CC[C@@]3(C[C@@H]1CNC(=O)[C@@H](N)Cc1c[nH]cn1)[C@H]1Cc4ccc(O)c5c4[C@@]3(CCN1CC1CC1)[C@H]2O5,9.6021
CO[C@]12CC[C@@]3(C[C@@H]1CNC(=O)[C@H](C)NC(C)=O)[C@H]1Cc4ccc(O)c5c4[C@@]3(CCN1CC1CC1)[C@H]2O5,9.4559
CO[C@]12CC[C@@]3(C[C@@H]1CNC(=O)[C@H](Cc1ccccc1)NC(C)=O)[C@H]1Cc4ccc(O)c5c4[C@@]3(CCN1CC1CC1)[C@H]2O5,9.7959
CO[C@]12CC[C@@]3(C[C@@H]1CNC(=O)CN)[C@H]1Cc4ccc(O)c5c4[C@@]3(CCN1CC1CC1)[C@H]2O5,10.1549
CO[C@]12CC[C@@]3(C[C@@H]1CNC(=O)[C@H](Cc1ccc(O)cc1)NC(C)=O)[C@H]1Cc4ccc(O)c5c4[C@@]3(CCN1CC1CC1)[C@H]2O5,9.8861
CC[C@H](C)[C@H](NC(C)=O)C(=O)NC[C@H]1C[C@@]23CC[C@]1(OC)[C@@H]1Oc4c(O)ccc5c4[C@@]12CCN(CC1CC1)[C@@H]3C5,9.3979
CO[C@]12CC[C@@]3(C[C@@H]1CNC(=O)[C@@H]1CCCN1C(C)=O)[C@H]1Cc4ccc(O)c5c4[C@@]3(CCN1CC1CC1)[C@H]2O5,9.7959
CO[C@]12CC[C@@]3(C[C@@H]1CNC(=O)[C@H](Cc1c[nH]cn1)NC(C)=O)[C@H]1Cc4ccc(O)c5c4[C@@]3(CCN1CC1CC1)[C@H]2O5,9.0223
CO[C@]12CC[C@@]3(C[C@@H]1CNC(=O)CNC(C)=O)[C@H]1Cc4ccc(O)c5c4[C@@]3(CCN1CC1CC1)[C@H]2O5,9.6576
CO[C@]12CC[C@@]3(C[C@@H]1CNC(=O)[C@H](CC(=O)O)NC(C)=O)[C@H]1Cc4ccc(O)c5c4[C@@]3(CCN1CC1CC1)[C@H]2O5,8.1487
CO[C@]12CC[C@@]3(C[C@@H]1CNC(=O)[C@H](CC(N)=O)NC(C)=O)[C@H]1Cc4ccc(O)c5c4[C@@]3(CCN1CC1CC1)[C@H]2O5,9.2076
CO[C@]12CC[C@@]3(C[C@@H]1CNC(=O)[C@H](CC(C)C)NC(C)=O)[C@H]1Cc4ccc(O)c5c4[C@@]3(CCN1CC1CC1)[C@H]2O5,9.4559
CO[C@]12CC[C@@]3(C[C@@H]1CNC(=O)[C@@H](N)CC(N)=O)[C@H]1Cc4ccc(O)c5c4[C@@]3(CCN1CC1CC1)[C@H]2O5,10.0458
CO[C@]12CC[C@@]3(C[C@@H]1CNC(=O)[C@H](CO)NC(C)=O)[C@H]1Cc4ccc(O)c5c4[C@@]3(CCN1CC1CC1)[C@H]2O5,9.2147
CO[C@]12CC[C@@]3(C[C@@H]1CNC(=O)C1=CNC4C=CC=CC14)[C@H]1Cc4ccc(O)c5c4[C@@]3(CCN1CC1CC1)[C@H]2O5,9.9586
CO[C@]12CC[C@@]3(C[C@@H]1CNS(=O)(=O)c1ccc(C)cc1)[C@H]1Cc4ccc(O)c5c4[C@@]3(CCN1CC1CC1)[C@H]2O5,10.1549
CO[C@]12CC[C@@]3(C[C@@H]1CNS(=O)(=O)c1ccccc1)[C@H]1Cc4ccc(O)c5c4[C@@]3(CCN1CC1CC1)[C@H]2O5,10.0969
CO[C@]12CC[C@@]3(C[C@@H]1CNS(=O)(=O)C(F)(F)F)[C@H]1Cc4ccc(O)c5c4[C@@]3(CCN1CC1CC1)[C@H]2O5,9.4318
CO[C@]12CC[C@@]3(C[C@@H]1CNS(C)(=O)=O)[C@H]1Cc4ccc(O)c5c4[C@@]3(CCN1CC1CC1)[C@H]2O5,9.1308
COC12CC[C@@]3(C[C@@H]1CNC(=O)CCC(=O)O)[C@H]1Cc4ccc(O)c5c4[C@@]3(CCN1CC1CC1)[C@H]2O5,8.5817
COC12CC[C@@]3(C[C@@H]1CNC(=O)CCC(N)=O)[C@H]1Cc4ccc(O)c5c4[C@@]3(CCN1CC1CC1)[C@H]2O5,9.7696
COC12CC[C@@]3(C[C@@H]1CNC(=O)CCCCC(=O)O)[C@H]1Cc4ccc(O)c5c4[C@@]3(CCN1CC1CC1)[C@H]2O5,7.8690
COC12CC[C@@]3(C[C@@H]1CNC(=O)CCCCC(N)=O)[C@H]1Cc4ccc(O)c5c4[C@@]3(CCN1CC1CC1)[C@H]2O5,9.3279
COC12CC[C@@]3(C[C@@H]1CNC(=O)c1nccnc1C(=O)O)[C@H]1Cc4ccc(O)c5c4[C@@]3(CCN1CC1CC1)[C@H]2O5,7.8159
COC12CC[C@@]3(C[C@@H]1CNC(=O)c1nccnc1C(N)=O)[C@H]1Cc4ccc(O)c5c4[C@@]3(CCN1CC1CC1)[C@H]2O5,9.3188
COC12CC[C@@]3(C[C@@H]1CNC(=O)c1ccccc1C(=O)O)[C@H]1Cc4ccc(O)c5c4[C@@]3(CCN1CC1CC1)[C@H]2O5,9.4949
COC12CC[C@@]3(C[C@@H]1CNC(=O)CCc1nnn[nH]1)[C@H]1Cc4ccc(O)c5c4[C@@]3(CCN1CC1CC1)[C@H]2O5,8.9393
COC12CC[C@@]3(C[C@@H]1CNC(=O)Nc1ccccc1)[C@H]1Cc4ccc(O)c5c4[C@@]3(CCN1CC1CC1)[C@H]2O5,10.0969
COC12CC[C@@]3(C[C@@H]1CNC(=O)Nc1cccc(C)c1)[C@H]1Cc4ccc(O)c5c4[C@@]3(CCN1CC1CC1)[C@H]2O5,10.0000
O=C(O)CCC[C@]12CCN(CC3CC3)[C@H](Cc3ccc(O)cc31)[C@@H]2CC(=O)O,7.1906
CN(C)C(=O)CCC[C@]12CCN(CC3CC3)[C@H](Cc3ccc(O)cc31)/C2=C\C(=O)O,7.3713
COc1ccc2c(c1)[C@@]1(CCO)CCN(CC3CC3)[C@H](C2)[C@@H]1CO,7.0476
COc1ccc2c(c1)[C@@]1(CC(N)=O)CCN(CC3CC3)[C@H](C2)[C@@H]1CO,7.1019
O=C(O)CN1CCC[C@H](c2nc3ccccc3n2[C@H]2C[C@H]3CCC[C@@H](C2)N3[C@H]2C[C@@H]3CCC[C@@H](C3)C2)C1,6.4522
O=C(O)CN1CCC[C@H]1c1nc2ccccc2n1[C@H]1C[C@H]2CCC[C@@H](C1)N2[C@@H]1C[C@@H]2CCCC[C@@H](C2)C1,6.8239
O=C(O)CN1CCC[C@@H]1c1nc2ccccc2n1[C@H]1C[C@H]2CCC[C@@H](C1)N2[C@@H]1C[C@@H]2CCCC[C@@H](C2)C1,7.1858
O=C(O)CCN1CCC[C@@H]1c1nc2ccccc2n1[C@H]1C[C@H]2CCC[C@@H](C1)N2[C@@H]1C[C@@H]2CCCC[C@@H](C2)C1,6.0820
NC(=O)CN1CCC[C@H]1c1nc2ccccc2n1[C@H]1C[C@H]2CCC[C@@H](C1)N2[C@@H]1C[C@@H]2CCCC[C@@H](C2)C1,6.9101
O=C(O)CN1CCCC[C@H]1c1nc2ccccc2n1[C@H]1C[C@H]2CCC[C@@H](C1)N2[C@@H]1C[C@@H]2CCCC[C@@H](C2)C1,6.9666
O=C(O)CN1CCCC[C@@H]1c1nc2ccccc2n1[C@H]1C[C@H]2CCC[C@@H](C1)N2[C@@H]1C[C@@H]2CCCC[C@@H](C2)C1,7.7878
O=C(O)CN1CCC[C@H](c2nc3ccccc3n2[C@H]2C[C@H]3CCC[C@@H](C2)N3[C@@H]2C[C@@H]3CCCC[C@@H](C3)C2)C1,6.1549
O=C(O)CCN1CCC[C@H](c2nc3ccccc3n2[C@H]2C[C@H]3CCC[C@@H](C2)N3[C@@H]2C[C@@H]3CCCC[C@@H](C3)C2)C1,6.5952
O=C(O)CN1CCC/C(=C2\N(CC(=O)O)c3ccccc3N2[C@H]2C[C@H]3CCC[C@@H](C2)N3[C@@H]2C[C@@H]3CCCC[C@@H](C3)C2)C1,7.3840
O=C(O)CCN1CCC(Cc2nc3ccccc3n2[C@H]2C[C@H]3CCC[C@@H](C2)N3[C@@H]2C[C@@H]3CCCC[C@@H](C3)C2)CC1,6.0851
O=C(O)CN1CCN(Cc2nc3ccccc3n2[C@H]2C[C@H]3CCC[C@@H](C2)N3[C@H]2C[C@@H]3CCC[C@@H](C3)C2)CC1,5.1675
CCOC(=N)/N=c1\[nH]c2ccccc2n1C1CCN(C2CCCCCCC2)CC1,7.2291
NC(=O)/N=c1\[nH]c2ccccc2n1C1CCN(C2CCCCCCC2)CC1,7.4724
CONC(=N)/N=c1\[nH]c2ccccc2n1C1CCN(C2CCCCCCC2)CC1,7.5817
COC(=O)/N=c1\n(CC(N)=O)c2ccccc2n1C1CCN(C2CCCCCCC2)CC1,6.2262
O=C(O)CNc1nc2ccccc2n1C1C[C@H]2CCC[C@@H](C1)N2C1CCCCCCCCC1,6.5768
OCc1nc2ccccc2n1C1C[C@H]2CCC[C@@H](C1)N2[C@H]1C[C@@H]2CCC[C@@H](C2)C1,6.6091
O=C(O)CO/N=C/c1nc2ccccc2n1[C@H]1C[C@H]2CCC[C@@H](C1)N2[C@H]1C[C@@H]2CCC[C@@H](C2)C1,5.8116
c1ccc2c(c1)nc(-c1nn[nH]n1)n2[C@H]1C[C@H]2CCC[C@@H](C1)N2[C@@H]1C[C@@H]2CCCC[C@@H](C2)C1,6.2472
CS(=O)(=O)NCCN1CCC[C@H]1Cc1nc2ccccc2n1[C@H]1C[C@H]2CCC[C@@H](C1)N2[C@@H]1C[C@@H]2CCCC[C@@H](C2)C1,7.3595
O=C(O)CN1CCC[C@H]1Cc1nc2ccccc2n1[C@H]1C[C@H]2CCC[C@@H](C1)N2[C@@H]1C[C@@H]2CCCC[C@@H](C2)C1,6.5293
O=C(O)CCN1CC[C@@H](Cc2nc3ccccc3n2[C@H]2C[C@H]3CCC[C@@H](C2)N3[C@@H]2C[C@@H]3CCCC[C@@H](C3)C2)C1,6.2118
CS(=O)(=O)NCCN1CC[C@@H](Cc2nc3ccccc3n2[C@H]2C[C@H]3CCC[C@@H](C2)N3[C@@H]2C[C@@H]3CCCC[C@@H](C3)C2)C1,7.2343
CCN(CC)C(=O)CN1CC[C@@H](Cc2nc3ccccc3n2[C@H]2C[C@H]3CCC[C@@H](C2)N3[C@@H]2C[C@@H]3CCCC[C@@H](C3)C2)C1,7.5171
c1ccc2c(c1)nc(C[C@H]1COCCN1)n2[C@H]1C[C@H]2CCC[C@@H](C1)N2[C@@H]1C[C@@H]2CCCC[C@@H](C2)C1,7.5045
c1ccc2c(c1)nc(C[C@@H]1COCCN1)n2[C@H]1C[C@H]2CCC[C@@H](C1)N2[C@@H]1C[C@@H]2CCCC[C@@H](C2)C1,7.3002
O=C(O)CCN1CCC[C@H]1Cc1nc2ccccc2n1[C@H]1C[C@H]2CCC[C@@H](C1)N2[C@@H]1C[C@@H]2CCCC[C@@H](C2)C1,6.3526
O=C(O)CN1CCCC[C@H]1Cc1nc2ccccc2n1[C@H]1C[C@H]2CCC[C@@H](C1)N2[C@@H]1C[C@@H]2CCCC[C@@H](C2)C1,6.7721
c1ccc2c(c1)nc(Cc1cnccn1)n2[C@H]1C[C@H]2CCC[C@@H](C1)N2[C@@H]1C[C@@H]2CCCC[C@@H](C2)C1,6.9397
Cc1nc(Cc2nc3ccccc3n2[C@H]2C[C@H]3CCC[C@@H](C2)N3[C@@H]2C[C@@H]3CCCC[C@@H](C3)C2)n[nH]1,6.8861
c1ccc2c(c1)nc(-c1cnc[nH]1)n2[C@H]1C[C@H]2CCC[C@@H](C1)N2[C@@H]1C[C@@H]2CCC[C@@H](C2)C1,7.0477
c1ccc2c(c1)nc(-c1cc[nH]n1)n2[C@H]1C[C@H]2CCC[C@@H](C1)N2[C@@H]1C[C@@H]2CCC[C@@H](C2)C1,7.2924
Cn1cc(Cl)c(-c2nc3ccccc3n2[C@H]2C[C@H]3CCC[C@@H](C2)N3[C@@H]2C[C@@H]3CCC[C@@H](C3)C2)n1,7.1024
COc1ccc2c3c1O[C@H]1[C@@]4(OC)CC[C@@]5(C[C@@H]4COCc4ccc(Cl)c(Cl)c4)[C@@H](C2)[N+](C)(CC2CC2)CC[C@]315,8.2993
COc1ccc2c3c1O[C@H]1[C@@]4(OC)CC[C@@]5(C[C@@H]4COCc4cc6c(cc4Cl)OCO6)[C@@H](C2)[N+](C)(CC2CC2)CC[C@]315,7.1757
COc1ccc2c3c1O[C@H]1[C@@]4(OC)CC[C@@]5(C[C@@H]4COCc4ccc(C)cc4)[C@@H](C2)[N+](C)(CC2CC2)CC[C@]315,6.9313
CO[C@]12CC[C@@]3(C[C@@H]1COCc1ccc(F)cc1)[C@H]1Cc4ccc(O)c5c4[C@@]3(CC[N+]1(C)CC1CC1)[C@H]2O5,9.5850
CO[C@]12CC[C@@]3(C[C@@H]1COCc1cc4ccccc4s1)[C@H]1Cc4ccc(O)c5c4[C@@]3(CC[N+]1(C)CC1CC1)[C@H]2O5,9.1079
CO[C@]12CC[C@@]3(C[C@@H]1COCc1ccc(C)cc1)[C@H]1Cc4ccc(O)c5c4[C@@]3(CC[N+]1(C)CC1CC1)[C@H]2O5,8.9747
CO[C@]12CC[C@@]3(C[C@@H]1COCc1ccccc1)[C@H]1Cc4ccc(O)c5c4[C@@]3(CC[N+]1(C)CC1CC1)[C@H]2O5,9.2596
COc1ccc(COC[C@H]2C[C@@]34CC[C@]2(OC)[C@@H]2Oc5c(OC)ccc6c5[C@@]23CC[N+](C)(CC2CC2)[C@@H]4C6)cc1,7.2443
COc1ccc2c3c1O[C@H]1[C@@]4(OC)CC[C@@]5(C[C@@H]4COc4ccccc4)[C@@H](C2)[N+](C)(CC2CC2)CC[C@]315,6.4583
COc1ccc2c3c1O[C@H]1[C@@]4(OC)CC[C@@]5(C[C@@H]4COCc4ccoc4)[C@@H](C2)[N+](C)(CC2CC2)CC[C@]315,7.4554
CO[C@]12CC[C@@]3(C[C@@H]1COCc1ccoc1)[C@H]1Cc4ccc(O)c5c4[C@@]3(CC[N+]1(C)CC1CC1)[C@H]2O5,9.5376
COc1ccc2c3c1O[C@H]1[C@@]4(OC)CC[C@@]5(C[C@@H]4COCc4cc6ccccc6o4)[C@@H](C2)[N+](C)(CC2CC2)CC[C@]315,7.7617
COc1ccc2c3c1O[C@H]1[C@@]4(OC)CC[C@@]5(C[C@@H]4COCc4ccc6ccccc6c4)[C@@H](C2)[N+](C)(CC2CC2)CC[C@]315,6.7822
CO[C@]12CC[C@@]3(C[C@@H]1COCc1ccc(Cl)cc1)[C@H]1Cc4ccc(O)c5c4[C@@]3(CC[N+]1(C)CC1CC1)[C@H]2O5,9.2291
CO[C@]12CC[C@@]3(C[C@@H]1COCc1ccsc1)[C@H]1Cc4ccc(O)c5c4[C@@]3(CC[N+]1(C)CC1CC1)[C@H]2O5,9.6990
CO[C@]12CC[C@@]3(C[C@@H]1COCc1ccccc1F)[C@H]1Cc4ccc(O)c5c4[C@@]3(CC[N+]1(C)CC1CC1)[C@H]2O5,9.6990
CO[C@]12CC[C@@]3(C[C@@H]1COCc1cccc(C)c1)[C@H]1Cc4ccc(O)c5c4[C@@]3(CC[N+]1(C)CC1CC1)[C@H]2O5,9.5376
COc1ccc2c3c1O[C@H]1[C@@]4(OC)CC[C@@]5(C[C@@H]4COCc4ccc(C(N)=O)cc4)[C@@H](C2)[N+](C)(CC2CC2)CC[C@]315,5.9863
CO[C@]12CC[C@@]3(C[C@@H]1COCc1cccc(F)c1)[C@H]1Cc4ccc(O)c5c4[C@@]3(CC[N+]1(C)CC1CC1)[C@H]2O5,9.6021
CO[C@]12CC[C@@]3(C[C@@H]1COCc1cccc(Cl)c1)[C@H]1Cc4ccc(O)c5c4[C@@]3(CC[N+]1(C)CC1CC1)[C@H]2O5,9.5686
CO[C@]12CC[C@@]3(C[C@@H]1COCc1ccccc1Cl)[C@H]1Cc4ccc(O)c5c4[C@@]3(CC[N+]1(C)CC1CC1)[C@H]2O5,9.7212
CO[C@]12CC[C@@]3(C[C@@H]1COCc1ccccc1C)[C@H]1Cc4ccc(O)c5c4[C@@]3(CC[N+]1(C)CC1CC1)[C@H]2O5,9.3279
COc1ccc2c3c1O[C@H]1[C@@]4(OC)CC[C@@]5(C[C@@H]4COCc4ccc(C(C)(F)F)cc4)[C@@H](C2)[N+](C)(CC2CC2)CC[C@]315,6.9505
COc1ccc2c3c1O[C@H]1[C@@]4(OC)CC[C@@]5(C[C@@H]4COCc4ccco4)[C@@H](C2)[N+](C)(CC2CC2)CC[C@]315,7.9759
O=C(O)c1nc2ccccc2n(C2CC3CCC(C2)N3C2CC3CCCC(C3)C2)c1=O,5.5701
N[C@]12CCC[C@H](C[C@H](n3c(=O)c(C(=O)O)nc4ccccc43)C1)N2C1CC2CCCC(C2)C1,5.2721
COc1ccc2c3c1O[C@H]1[C@@]4(OC)CC[C@@]5(C[C@@H]4[C@](O)(CC(O)CO)c4ccccc4)[C@@H](C2)N(CC2CC2)CC[C@]315,7.4012
COc1ccc2c3c1O[C@H]1[C@@]4(OC)CC[C@@]5(C[C@@H]4C(NCC(=O)O)c4ccccc4)[C@@H](C2)N(CC2CC2)CC[C@]315,6.7051
COc1ccc2c3c1O[C@H]1[C@@]4(OC)CC[C@@]5(C[C@@H]4C(NC(C)C(=O)O)c4ccccc4)[C@@H](C2)N(CC2CC2)CC[C@]315,6.3992
COc1ccc2c3c1O[C@H]1[C@@]4(OC)CC[C@@]5(C[C@@H]4C(NC(C)C(N)=O)c4ccccc4)[C@@H](C2)N(CC2CC2)CC[C@]315,7.1656
COc1ccc2c3c1O[C@H]1[C@@]4(OC)CC[C@@]5(C[C@@H]4C(NC(C(=O)O)c4ccccc4)c4ccccc4)[C@@H](C2)N(CC2CC2)CC[C@]315,6.5209
COc1ccc2c3c1O[C@H]1[C@@]4(OC)CC[C@@]5(C[C@@H]4C(N[C@@H](C(N)=O)c4ccccc4)c4ccccc4)[C@@H](C2)N(CC2CC2)CC[C@]315,6.8869
CO[C@]12CC[C@@]3(C[C@@H]1COCc1ccccc1C)[C@H]1Cc4ccc(OCCO)c5c4[C@@]3(CCN1C)[C@H]2O5,8.8709
CO[C@]12CC[C@@]3(C[C@@H]1COCc1ccccc1)[C@H]1Cc4ccc(N)c5c4[C@@]3(CCN1C)[C@H]2O5,8.4733
C=Cc1ccc2c3c1O[C@H]1[C@@]4(OC)CC[C@@]5(C[C@@H]4COCc4ccccc4)[C@@H](C2)N(C)CC[C@]315,8.9022
CO[C@]12CC[C@@]3(C[C@@H]1COCc1ccccc1)[C@H]1Cc4ccc(F)c5c4[C@@]3(CCN1C)[C@H]2O5,8.6821
COc1ccc2c3c1O[C@H]1[C@@]4(OC)CC[C@@]5(C[C@@H]4COc4ccc(-n6ccnc6)cc4)[C@@H](C2)N(CC2CC2)CC[C@]315,6.3839
COc1ccc2c3c1O[C@H]1[C@@]4(OC)CC[C@@]5(C[C@@H]4CSc4nc6ccccc6s4)[C@@H](C2)N(C)CC[C@]315,6.7905
COc1ccc2c3c1O[C@H]1[C@@]4(OC)CC[C@@]5(C[C@@H]4CSc4nc6ccccc6s4)[C@@H](C2)N(CC2CC2)CC[C@]315,7.6453
CO[C@]12CC[C@@]3(C[C@@H]1COc1ccc(-n4ccnc4)cc1)[C@H]1Cc4ccc(O)c5c4[C@@]3(CCN1C)[C@H]2O5,7.6335
COc1ccc2c3c1O[C@H]1[C@@]4(OC)CC[C@@]5(C[C@@H]4CSc4nc(C)ns4)[C@@H](C2)N(CC2CC2)CC[C@]315,6.9370
COc1ccc2c3c1O[C@H]1[C@@]4(OC)CC[C@@]5(C[C@@H]4COCc4ccccc4)[C@@H](C2)N(CC2CC2)CC[C@]315,9.9208
CO[C@]12CC[C@@]3(C[C@@H]1COc1ccc(-n4ccnc4)cc1)[C@H]1Cc4ccc(O)c5c4[C@@]3(CCN1CC1CC1)[C@H]2O5,10.0458
COc1ccc2c3c1O[C@H]1[C@@]4(OC)CC[C@@]5(C[C@@H]4CSc4nc(C)ns4)[C@@H](C2)N(C)CC[C@]315,6.3981
COc1ccc2c3c1O[C@H]1[C@@]4(OC)CC[C@@]5(C[C@@H]4CSc4nncs4)[C@@H](C2)N(C)CC[C@]315,5.6607
COc1ccc2c3c1O[C@H]1[C@@]4(OC)CC[C@@]5(C[C@@H]4CSc4nncs4)[C@@H](C2)N(CC2CC2)CC[C@]315,7.6661
CO[C@]12CC[C@@]3(C[C@@H]1COCc1ccccc1)[C@H]1Cc4ccc(F)c5c4[C@@]3(CCN1CC1CC1)[C@H]2O5,9.7614
CO[C@]12CC[C@@]3(C[C@@H]1COCc1ccccc1)[C@H]1Cc4ccc(NS(C)(=O)=O)c5c4[C@@]3(CCN1C)[C@H]2O5,8.2132
CO[C@]12CC[C@@]3(C[C@@H]1COCc1ccccc1)[C@H]1Cc4ccc(NC(C)=O)c5c4[C@@]3(CCN1C)[C@H]2O5,6.9204
COc1ccc2c3c1O[C@H]1[C@@]4(OC)CC[C@@]5(C[C@@H]4COCc4ccccc4)[C@@H](C2)NCC[C@]315,8.8724
CO[C@]12CC[C@@]3(C[C@@H]1COCc1ccccc1)[C@H]1Cc4ccc(Br)c5c4[C@@]3(CCN1CC1CC1)[C@H]2O5,8.8219
CO[C@]12CC[C@@]3(C[C@@H]1COCc1ccccc1)[C@H]1Cc4ccc(C#N)c5c4[C@@]3(CCN1C)[C@H]2O5,7.9087
CO[C@]12CC[C@@]3(C[C@@H]1COCc1ccccc1)[C@H]1Cc4ccc(C(N)=O)c5c4[C@@]3(CCN1C)[C@H]2O5,8.8505
CO[C@]12CC[C@@]3(C[C@@H]1COCc1ccccc1)[C@H]1Cc4ccc(O)c5c4[C@@]3(CCN1)[C@H]2O5,9.5863
CO[C@]12CC[C@@]3(C[C@@H]1COCc1ccccc1)[C@H]1Cc4ccc(C(=O)O)c5c4[C@@]3(CCN1C)[C@H]2O5,7.5341
COc1ccc2c3c1O[C@H]1[C@@]4(OC)CC[C@@]5(C[C@@H]4COCc4c(C)noc4C)[C@@H](C2)N(C)CC[C@]315,7.4749
CO[C@]12CC[C@@]3(C[C@@H]1COCc1cc4ccccc4s1)[C@H]1Cc4ccc(OCCO)c5c4[C@@]3(CCN1CC1CC1)[C@H]2O5,8.3592
COc1ccc2c3c1O[C@H]1[C@@]4(OC)CC[C@@]5(C[C@@H]4COCc4c(C)noc4C)[C@@H](C2)N(CC2CC2)CC[C@]315,8.7498
CO[C@]12CC[C@@]3(C[C@@H]1CNCc1ccccc1)[C@H]1Cc4ccc(O)c5c4[C@@]3(CCN1CC1CC1)[C@H]2O5,7.5712
COc1ccc2c3c1O[C@H]1[C@@]4(OC)CC[C@@]5(C[C@@H]4CNCc4ccccc4)[C@@H](C2)N(CC2CC2)CC[C@]315,9.2363
COc1ccc2c3c1O[C@H]1[C@@]4(OC)CC[C@@]5(C[C@@H]4CN(Cc4ccccc4)S(C)(=O)=O)[C@@H](C2)N(CC2CC2)CC[C@]315,8.2304
COc1ccc2c3c1O[C@H]1[C@@]4(OC)CC[C@@]5(C[C@@H]4CN(Cc4ccccc4)C(C)=O)[C@@H](C2)N(CC2CC2)CC[C@]315,8.9719
COc1ccc2c3c1O[C@H]1[C@@]4(OC)CC[C@@]5(C[C@@H]4CSCc4ccccc4)[C@@H](C2)N(CC2CC2)CC[C@]315,9.2470
COc1ccc2c3c1O[C@H]1[C@@]4(OC)CC[C@@]5(C[C@@H]4C[S+]([O-])Cc4ccccc4)[C@@H](C2)N(CC2CC2)CC[C@]315,8.7042
COCCOCCOCCOC[C@H]1C[C@@]23CC[C@]1(OC)[C@@H]1Oc4c(OC)ccc5c4[C@@]12CCN(CC1CC1)[C@@H]3C5,6.8047
COCCOCCOCCOCCOCCOC[C@H]1C[C@@]23CC[C@]1(OC)[C@@H]1Oc4c(OC)ccc5c4[C@@]12CCN(CC1CC1)[C@@H]3C5,6.7076
COCCOCCOCCOc1ccc2c3c1O[C@H]1[C@@]4(OC)CC[C@@]5(C[C@@H]4COCc4ccccc4)[C@@H](C2)N(CC2CC2)CC[C@]315,8.2675
COCCOCCOCCOCCOCCOc1ccc2c3c1O[C@H]1[C@@]4(OC)CC[C@@]5(C[C@@H]4COCc4ccccc4)[C@@H](C2)N(CC2CC2)CC[C@]315,7.6844
COCCOCCOCCOc1ccc(COC[C@H]2C[C@@]34CC[C@]2(OC)[C@@H]2Oc5c(OC)ccc6c5[C@@]23CCN(CC2CC2)[C@@H]4C6)cc1,6.5554
COCCOCCOCCOCCOCCOc1ccc(COC[C@H]2C[C@@]34CC[C@]2(OC)[C@@H]2Oc5c(OC)ccc6c5[C@@]23CCN(CC2CC2)[C@@H]4C6)cc1,7.3720
COC(=O)COc1ccc(COC[C@H]2C[C@@]34CC[C@]2(OC)[C@@H]2Oc5c(OC)ccc6c5[C@@]23CCN(CC2CC2)[C@@H]4C6)cc1,7.4700
COc1ccc2c3c1O[C@H]1[C@@]4(OC)CC[C@@]5(C[C@@H]4COCc4ccc(OCC(=O)O)cc4)[C@@H](C2)N(CC2CC2)CC[C@]315,7.0974
COc1ccc2c3c1O[C@H]1[C@@]4(OC)CC[C@@]5(C[C@@H]4COCc4ccccc4)[C@@H](C2)N(CCC(N)=O)CC[C@]315,8.0258
COc1ccc2c3c1O[C@H]1[C@@]4(OC)CC[C@@]5(C[C@@H]4CNCC(=O)O)[C@@H](C2)N(CC2CC2)CC[C@]315,6.6523
COc1ccc2c3c1O[C@H]1[C@@]4(OC)CC[C@@]5(C[C@@H]4COCc4ccc(C(=O)NCC(=O)O)cc4)[C@@H](C2)N(CC2CC2)CC[C@]315,6.3617
COc1ccc2c3c1O[C@H]1[C@@]4(OC)CC[C@@]5(C[C@@H]4CNCC(N)=O)[C@@H](C2)N(CC2CC2)CC[C@]315,6.8527
COc1ccc2c3c1O[C@H]1[C@@]4(OC)CC[C@@]5(C[C@@H]4COCC(N)=O)[C@@H](C2)N(CC2CC2)CC[C@]315,6.7646
COc1ccc2c3c1O[C@H]1[C@@]4(OC)CC[C@@]5(C[C@@H]4COCc4ccc(CC(=O)O)cc4)[C@@H](C2)N(CC2CC2)CC[C@]315,6.1662
CO[C@]12CC[C@@]3(C[C@@H]1COCc1ccccc1)[C@H]1Cc4ccc(C(O)CO)c5c4[C@@]3(CCN1CC1CC1)[C@H]2O5,7.4471
COc1ccc2c3c1O[C@H]1[C@@]4(OC)CC[C@@]5(C[C@@H]4COCc4cccc(NC(N)=O)c4)[C@@H](C2)N(CC2CC2)CC[C@]315,8.0673
COc1ccc2c3c1O[C@H]1[C@@]4(OC)CC[C@@]5(C[C@@H]4COC(=O)[C@@H](N)Cc4ccccc4)[C@@H](C2)N(CC2CC2)CC[C@]315,7.7211
COc1ccc2c3c1O[C@H]1[C@@]4(OC)CC[C@@]5(C[C@@H]4COCc4cccc(NCC(=O)O)c4)[C@@H](C2)N(CC2CC2)CC[C@]315,7.4498
COc1ccc2c3c1O[C@H]1[C@@]4(c5ccccc5)CC[C@@]5(C[C@@H]4COCc4ccccc4)[C@@H](C2)N(CC2CC2)CC[C@]315,8.4028
COc1ccc2c3c1O[C@H]1[C@@]4(OC)CC[C@@]5(C[C@@H]4COCc4ccc(Cc6nn[nH]n6)cc4)[C@@H](C2)N(CC2CC2)CC[C@]315,6.7427
CCCc1cc(COC[C@H]2C[C@@]34CC[C@]2(OC)[C@@H]2Oc5c(OC)ccc6c5[C@@]23CCN(C)[C@@H]4C6)on1,6.9907
COc1ccc2c3c1O[C@H]1[C@@]4(OC)CC[C@@]5(C[C@@H]4COCc4ccccc4)[C@@H](C2)N(CCC(=O)O)CC[C@]315,6.7400
COc1ccc2c3c1O[C@H]1[C@@]4(OC)CC[C@@]5(C[C@@H]4COCc4ccccc4)[C@@H](C2)N(CC(=O)O)CC[C@]315,6.9549
COc1ccc2c3c1O[C@H]1[C@@]4(OC)CC[C@@]5(C[C@@H]4COCc4ccccc4)[C@@H](C2)N(CC(N)=O)CC[C@]315,7.2605
CO[C@]12CC[C@@]3(C[C@@H]1COCc1ccccc1)[C@H]1Cc4ccc(OCC(=O)O)c5c4[C@@]3(CCN1CC1CC1)[C@H]2O5,7.1971
CO[C@]12CC[C@@]3(C[C@@H]1COCc1ccccc1)[C@H]1Cc4ccc(OCc5nn[nH]n5)c5c4[C@@]3(CCN1CC1CC1)[C@H]2O5,7.5013
CO[C@]12CC[C@@]3(C[C@@H]1COCc1ccccc1)[C@H]1Cc4ccc(OCC(N)=O)c5c4[C@@]3(CCN1CC1CC1)[C@H]2O5,9.0751
COc1ccc2c3c1O[C@H]1[C@@]4(OC)CC[C@@]5(C[C@@H]4COCc4ccc(N(S(C)(=O)=O)S(C)(=O)=O)cc4)[C@@H](C2)N(CC2CC2)CC[C@]315,7.1219
CO[C@]12CC[C@@]3(C[C@@H]1COCc1ccccc1)[C@H]1Cc4ccc(CC(O)CO)c5c4[C@@]3(CCN1CC1CC1)[C@H]2O5,7.4137
COc1ccc2c3c1O[C@H]1[C@@]4(OC)CC[C@@]5(C[C@@H]4COCc4cccc(NS(C)(=O)=O)c4)[C@@H](C2)N(CC2CC2)CC[C@]315,9.1549
COc1ccc2c3c1O[C@H]1[C@@]4(OC)CC[C@@]5(C[C@@H]4C(C)(C)OCc4ccccc4)[C@@H](C2)N(CC2CC2)CC[C@]315,9.2922
COc1ccc2c3c1O[C@H]1[C@@]4(OC)CC[C@@]5(C[C@@H]4COCc4cccc(C(=N)N)c4)[C@@H](C2)N(CC2CC2)CC[C@]315,7.7065
COc1ccc2c3c1O[C@H]1[C@@]4(OC)CC[C@@]5(C[C@@H]4CS(=O)(=O)Cc4ccccc4)[C@@H](C2)N(CC2CC2)CC[C@]315,7.9544
COc1ccc2c3c1O[C@H]1[C@@]4(OC)CC[C@@]5(C[C@@H]4COCC(O)CO)[C@@H](C2)N(CC2CC2)CC[C@]315,7.5454
CO[C@]12CC[C@@]3(C[C@@H]1COCc1ccccc1)[C@H]1Cc4ccc(C#N)c5c4[C@@]3(CCN1CC1CC1)[C@H]2O5,8.8563
CO[C@]12CC[C@@]3(C[C@@H]1COCc1ccccc1)[C@H]1Cc4ccc(-c5nn[nH]n5)c5c4[C@@]3(CCN1CC1CC1)[C@H]2O5,7.3671
CO[C@]12CC[C@@]3(C[C@@H]1COCc1ccccc1)[C@H]1Cc4ccc(C(=O)O)c5c4[C@@]3(CCN1CC1CC1)[C@H]2O5,7.6713
CO[C@]12CC[C@@]3(C[C@@H]1COCc1cccc(NC(C)=O)c1)[C@H]1Cc4ccc(O)c5c4[C@@]3(CCN1CC1CC1)[C@H]2O5,10.0000
COC(=O)COc1cccc(COC[C@H]2C[C@@]34CC[C@]2(OC)[C@@H]2Oc5c(O)ccc6c5[C@@]23CCN(CC2CC2)[C@@H]4C6)c1,9.1686
CO[C@]12CC[C@@]3(C[C@@H]1COCc1cccc(NC(=O)c4ccccc4)c1)[C@H]1Cc4ccc(O)c5c4[C@@]3(CCN1CC1CC1)[C@H]2O5,9.5458
CO[C@]12CC[C@@]3(C[C@@H]1COCc1ccc(C(N)=O)cc1)[C@H]1Cc4ccc(O)c5c4[C@@]3(CCN1CC1CC1)[C@H]2O5,9.7957
CO[C@]12CC[C@@]3(C[C@@H]1COCc1ccccc1)[C@H]1Cc4ccc(C(N)=O)c5c4[C@@]3(CCN1CC1CC1)[C@H]2O5,9.5775
COc1ccc2c3c1O[C@H]1[C@@]4(OC)CC[C@@]5(C[C@@H]4COC(=O)[C@H](C)N)[C@@H](C2)N(CC2CC2)CC[C@]315,7.3264
COc1ccc2c3c1O[C@H]1[C@@]4(OC)CC[C@@]5(C[C@@H]4COC(=O)[C@@H](N)CO)[C@@H](C2)N(CC2CC2)CC[C@]315,6.8999
COc1ccc2c3c1O[C@H]1[C@@]4(OC)CC[C@@]5(C[C@@H]4COC(=O)[C@@H](N)C(C)O)[C@@H](C2)N(CC2CC2)CC[C@]315,8.1569
CC[C@H](C)[C@H](N)C(=O)OC[C@H]1C[C@@]23CC[C@]1(OC)[C@@H]1Oc4c(OC)ccc5c4[C@@]12CCN(CC1CC1)[C@@H]3C5,8.1571
COc1ccc2c3c1O[C@H]1[C@@]4(OC)CC[C@@]5(C[C@@H]4COC(=O)[C@@H](N)CC(C)C)[C@@H](C2)N(CC2CC2)CC[C@]315,8.1572
COc1ccc2c3c1O[C@H]1[C@@]4(OC)CC[C@@]5(C[C@@H]4COC(=O)[C@@H](N)CCC(N)=O)[C@@H](C2)N(CC2CC2)CC[C@]315,7.1981
CO[C@]12CC[C@@]3(C[C@@H]1COC(=O)[C@@H](N)Cc1ccccc1)[C@H]1Cc4ccc(O)c5c4[C@@]3(CCN1CC1CC1)[C@H]2O5,9.4226
CC[C@H](C)[C@H](N)C(=O)OC[C@H]1C[C@@]23CC[C@]1(OC)[C@@H]1Oc4c(O)ccc5c4[C@@]12CCN(CC1CC1)[C@@H]3C5,9.6198
CO[C@]12CC[C@@]3(C[C@@H]1COC(=O)[C@H](C)N)[C@H]1Cc4ccc(O)c5c4[C@@]3(CCN1CC1CC1)[C@H]2O5,9.2203
CCOC(=O)CC[C@H]1[C@H](COCc2ccccc2)[C@]2(OC)CC[C@]13[C@H]1Cc4ccc(OC)c5c4[C@@]3(CCN1CC1CC1)[C@H]2O5,6.9085
COc1ccc2c3c1O[C@H]1[C@@]4(OC)CC[C@@]5([C@@H](CC#N)[C@@H]4COCc4ccccc4)[C@@H](C2)N(CC2CC2)CC[C@]315,7.1274
COc1ccc2c3c1O[C@H]1[C@@]4(OC)CC[C@@]5([C@@H](CCC(=O)O)[C@@H]4COCc4ccccc4)[C@@H](C2)N(CC2CC2)CC[C@]315,6.7183
CO[C@]12CC[C@@]3(C[C@@H]1COCc1cccc(OCC(=O)O)c1)[C@H]1Cc4ccc(O)c5c4[C@@]3(CCN1CC1CC1)[C@H]2O5,8.2498
CNC(=O)Nc1cccc(COC[C@H]2C[C@@]34CC[C@]2(OC)[C@@H]2Oc5c(O)ccc6c5[C@@]23CCN(CC2CC2)[C@@H]4C6)c1,9.5976
CCOC(=O)CC[C@H]1[C@H](COCc2ccccc2)[C@@]23CC[C@]1(OC)[C@@H]1Oc4c(OC)ccc5c4[C@@]12CCN(CC1CC1)[C@@H]3C5,7.7422
COc1ccc2c3c1O[C@H]1[C@@]4(OC)CC[C@@]5(C[C@@H]4COCc4ccc(NC(C)=O)cc4)[C@@H](C2)N(CC2CC2)CC[C@]315,6.8227
COc1ccc2c3c1O[C@H]1[C@@]4(OC)CC[C@@]5(C[C@@H]4COCc4ccccc4)[C@@H](C2)N(Cc2nn[nH]n2)CC[C@]315,6.4900
COc1ccc2c3c1O[C@H]1[C@@]4(OC)CC[C@@]5(C[C@@H]4COCc4cccc(CC(=O)O)c4)[C@@H](C2)N(CC2CC2)CC[C@]315,6.6316
COc1ccc2c3c1O[C@H]1[C@@]4(OC)CC[C@@]5(C[C@@H]4COCc4ccc(C(O)CO)cc4)[C@@H](C2)N(CC2CC2)CC[C@]315,7.6831
CO[C@]12C=C[C@@]3(C[C@]1(C)[C@@H](O)c1ccccc1)[C@H]1Cc4ccc(O)c5c4[C@@]3(CCN1CC1CC1)[C@H]2O5,8.5200
COCCOCCOCCO[C@H]1CC[C@@]2(O)[C@H]3Cc4ccc(O)c5c4[C@@]2(CCN3CC2CCC2)C1O5,7.1166
COCCOCCOCCOCCOCCOCCO[C@H]1CC[C@@]2(O)[C@H]3Cc4ccc(O)c5c4[C@@]2(CCN3CC2CCC2)C1O5,6.6963
COCCOCCOCCOCCOCCOCCOCCOCCOCCO[C@H]1CC[C@@]2(O)[C@H]3Cc4ccc(O)c5c4[C@@]2(CCN3CC2CCC2)C1O5,6.5223
CO[C@H]1C=CC2C3Cc4ccc(O)c5c4[C@@]2(CCN3C)C1O5,6.5658
COCCO[C@H]1CC[C@@]2(O)C3Cc4ccc(O)c5c4[C@@]2(CCN3C)[C@H]1O5,6.1385
COCCOCCO[C@H]1CC[C@@]2(O)C3Cc4ccc(O)c5c4[C@@]2(CCN3C)[C@H]1O5,6.2932
COCCOCCOCCO[C@H]1CC[C@@]2(O)C3Cc4ccc(O)c5c4[C@@]2(CCN3C)[C@H]1O5,5.8083
COCCOCCOCCOCCO[C@H]1CC[C@@]2(O)C3Cc4ccc(O)c5c4[C@@]2(CCN3C)[C@H]1O5,5.9337
COCCOCCOCCOCCOCCO[C@H]1CC[C@@]2(O)C3Cc4ccc(O)c5c4[C@@]2(CCN3C)[C@H]1O5,5.9465
COCCOCCOCCOCCOCCOCCO[C@H]1CC[C@@]2(O)C3Cc4ccc(O)c5c4[C@@]2(CCN3C)[C@H]1O5,5.7584
COCCOCCOCCOCCOCCOCCOCCO[C@H]1CC[C@@]2(O)C3Cc4ccc(O)c5c4[C@@]2(CCN3C)[C@H]1O5,5.7736
COCCOCCOCCOCCOCCOCCOCCOCCOCCO[C@H]1CC[C@@]2(O)C3Cc4ccc(O)c5c4[C@@]2(CCN3C)[C@H]1O5,5.6283
COc1ccc2c3c1O[C@H]1[C@@H](O)C=CC4[C@@H](C2)N(C)CC[C@@]341,4.5518
COCCO[C@H]1C=CC2C3Cc4ccc(OC)c5c4[C@@]2(CCN3C)C1O5,4.2623
COCCOCCO[C@H]1C=CC2C3Cc4ccc(OC)c5c4[C@@]2(CCN3C)C1O5,4.5213
COCCOCCOCCO[C@H]1C=CC2C3Cc4ccc(OC)c5c4[C@@]2(CCN3C)C1O5,4.4372
COCCOCCOCCOCCO[C@H]1C=CC2C3Cc4ccc(OC)c5c4[C@@]2(CCN3C)C1O5,4.0133
COCCOCCOCCOCCOCCO[C@H]1C=CC2C3Cc4ccc(OC)c5c4[C@@]2(CCN3C)C1O5,4.2281
COCCOCCOCCOCCOCCOCCOCCO[C@H]1C=CC2C3Cc4ccc(OC)c5c4[C@@]2(CCN3C)C1O5,3.9653
COCCOCCOCCOCCOCCOCCOCCOCCOCCO[C@H]1C=CC2C3Cc4ccc(OC)c5c4[C@@]2(CCN3C)C1O5,4.1412
COCCOCCOCCOCCOCCO[C@H]1CC[C@@]2(O)[C@H]3Cc4ccc(O)c5c4[C@@]2(CCN3CC2CCC2)C1O5,7.4490
COCCOCCOCCOCCOCCOCCOCCO[C@H]1CC[C@@]2(O)[C@H]3Cc4ccc(O)c5c4[C@@]2(CCN3CC2CCC2)C1O5,6.4608
COCCOCCOCCOCCOCCOCCOCCOCCO[C@H]1CC[C@@]2(O)[C@H]3Cc4ccc(O)c5c4[C@@]2(CCN3CC2CCC2)C1O5,6.5494
C[C@@H]1C[C@@H]2C[C@H](C1)C[C@@H](N1[C@@H]3CC[C@H]1C[C@@H](n1c(=O)c(N4CC[C@@H]4C(=O)O)nc4ccccc41)C3)C2,6.4908
C[C@@H]1C[C@@H]2C[C@H](C1)C[C@@H](N1[C@@H]3CC[C@H]1C[C@@H](n1c(=O)c(N4CC[C@H]4C(=O)O)nc4ccccc41)C3)C2,6.9355
O=C(O)[C@@H]1CCN1c1nc2ccccc2n([C@H]2C[C@H]3CCC[C@@H](C2)N3[C@H]2C[C@@H]3CCC[C@@H](C3)C2)c1=O,6.5391
C[C@@H]1C[C@@H]2C[C@H](C1)C[C@@H](N1[C@@H]3CCC[C@H]1C[C@@H](n1c(=O)c(N4CC[C@H]4C(=O)O)nc4ccccc41)C3)C2,7.3893
C[C@@H]1C[C@@H]2C[C@H](C1)C[C@@H](N1[C@@H]3CCC[C@H]1C[C@@H](n1c(=O)c(N4CC(C(=O)O)C4)nc4ccccc41)C3)C2,6.9469
CC12C[C@H]3C[C@@H](N4[C@@H]5CCC[C@H]4C[C@@H](n4c(=O)c(N6CC[C@@H]6C(=O)O)nc6ccccc64)C5)C[C@@H]1C[C@@H]2C3,6.8633
CC12C[C@H]3C[C@@H](N4[C@@H]5CCC[C@H]4C[C@@H](n4c(=O)c(N6CC[C@H]6C(=O)O)nc6ccccc64)C5)C[C@@H]1C[C@@H]2C3,6.7986
CC12C[C@H]3C[C@@H](N4[C@@H]5CCC[C@H]4C[C@@H](n4c(=O)c(N6CC(C(=O)O)C6)nc6ccccc64)C5)C[C@@H]1C[C@@H]2C3,6.9531
C[C@@H]1C[C@@H]2C[C@H](C1)C[C@@H](N1[C@@H]3CCC[C@H]1C[C@@H](n1c(=O)c(N4CC(CC(=O)O)C4)nc4ccccc41)C3)C2,7.1409
CC12C[C@H]3C[C@@H](N4[C@@H]5COC[C@H]4C[C@@H](n4c(=O)c(N6CC[C@H]6C(=O)O)nc6ccccc64)C5)C[C@@H]1C[C@@H]2C3,5.1518
CC1(C)[C@H]2CC[C@@H](CCN3[C@@H]4CCC[C@H]3C[C@@H](n3c(=O)c(N5CC[C@@H]5C(=O)O)nc5ccccc53)C4)[C@@H]1C2,6.8928
CC1(C)[C@H]2CC[C@@H](CCN3[C@@H]4CCC[C@H]3C[C@@H](n3c(=O)c(N5CC[C@H]5C(=O)O)nc5ccccc53)C4)[C@@H]1C2,6.5622
CC1(C)[C@H]2CC[C@@H](CCN3[C@@H]4CCC[C@H]3C[C@@H](n3c(=O)c(N5CC(C(=O)O)C5)nc5ccccc53)C4)[C@@H]1C2,5.7520
O=C(O)[C@@H]1CCN1c1nc2ccccc2n([C@H]2C[C@H]3CC[C@@H](C2)N3[C@@H]2C[C@@H]3CCCC[C@@H](C3)C2)c1=O,6.6517
O=C(O)CC1CN(c2nc3ccccc3n([C@H]3C[C@H]4CC[C@@H](C3)N4[C@@H]3C[C@@H]4CCCC[C@@H](C4)C3)c2=O)C1,6.8697
O=C(O)[C@H]1CCN1c1nc2ccccc2n([C@H]2C[C@H]3CCC[C@@H](C2)N3[C@@H]2C[C@@H]3CCCC[C@@H](C3)C2)c1=O,6.7258
O=C(O)[C@@H]1CCN1c1nc2ccccc2n([C@H]2C[C@H]3CCC[C@@H](C2)N3[C@@H]2C[C@@H]3CCCC[C@@H](C3)C2)c1=O,7.0655
N[C@@H]1CN(c2nc3ccccc3n([C@H]3C[C@H]4CCC[C@@H](C3)N4[C@@H]3C[C@@H]4CCCC[C@@H](C4)C3)c2=O)[C@@H]1C(=O)O,7.9355
CN(C)[C@@H]1CN(c2nc3ccccc3n([C@H]3C[C@H]4CCC[C@@H](C3)N4[C@@H]3C[C@@H]4CCCC[C@@H](C4)C3)c2=O)[C@@H]1C(=O)O,8.1308
O=C(O)[C@@H]1CCCN1c1nc2ccccc2n([C@H]2C[C@H]3CCC[C@@H](C2)N3[C@H]2C[C@@H]3CCC[C@@H](C3)C2)c1=O,7.4202
CC12C[C@H]3C[C@@H](N4[C@@H]5CCC[C@H]4C[C@@H](n4c(=O)c(N6CCC[C@H]6C(=O)O)nc6ccccc64)C5)C[C@@H]1C[C@@H]2C3,7.2924
CC(C)(C)[C@@]1(C)OCO[C@]23CC[C@@]4(C[C@@H]21)[C@H]1Cc2ccc(O)c5c2[C@@]4(CCN1CC1CC1)[C@H]3O5,8.7828
CCC1O[C@]23CC[C@@]4(C[C@@H]2[C@@](C)(C(C)(C)C)O1)[C@H]1Cc2ccc(O)c5c2[C@@]4(CCN1CC1CC1)[C@H]3O5,9.0379
CCCC1O[C@]23CC[C@@]4(C[C@@H]2[C@@](C)(C(C)(C)C)O1)[C@H]1Cc2ccc(O)c5c2[C@@]4(CCN1CC1CC1)[C@H]3O5,8.5829
CC(C)(C)[C@@]1(C)OC(c2ccccc2)O[C@]23CC[C@@]4(C[C@@H]21)[C@H]1Cc2ccc(O)c5c2[C@@]4(CCN1CC1CC1)[C@H]3O5,8.3363
CC(C)(C)[C@@]1(C)OCO[C@]23C=C[C@@]4(C[C@@H]21)[C@H]1Cc2ccc(O)c5c2[C@@]4(CCN1CC1CC1)[C@H]3O5,8.7333
CC(C)(C)[C@@]1(C)OCO[C@]23CC[C@@]4(C[C@@H]21)[C@H]1Cc2ccc(OCc5ccccc5)c5c2[C@@]4(CCN1CC1CC1)[C@H]3O5,6.1209
COc1ccc2c(c1)[C@]13CCN(CC4CC4)C[C@]1(CC[C@@]1(C3)NC(=O)NC1=O)C2,5.3226
COc1ccc2c(c1)[C@]13CCN(CC4CC4)C[C@]1(CC[C@]1(C3)NC(=O)NC1=O)C2,5.0754
COC(=O)c1cc2c([nH]c1=O)C[C@@]13CCN(CC4CC4)C[C@@]1(Cc1ccc(OC)cc13)C2,5.4435
COc1ccc2c(c1)[C@]13CCN(CC4CC4)C[C@@]1(C2)Cc1cc(C(N)=O)c(=O)[nH]c1C3,5.3680
NC(=O)c1cc2c([nH]c1=O)C[C@@]13CCN(CC4CC4)C[C@@]1(Cc1ccc(O)cc13)C2,6.5374
O=C1NC(=O)[C@@]2(CC[C@@]34Cc5ccc(O)cc5[C@@]3(CCN(CC3CC3)C4)C2)N1,6.7776
O=C1NC(=O)[C@]2(CC[C@@]34Cc5ccc(O)cc5[C@@]3(CCN(CC3CC3)C4)C2)N1,6.6634
CNCCCC[C@@H](NC(=O)[C@@H](CC(C)C)NC(=O)[C@@H](Cc1ccccc1)NC(=O)[C@H](N)Cc1ccccc1)C(=O)N1CCCN(C(=N)N)CC1,9.8239
CC(C)C[C@@H](NC(=O)[C@@H](Cc1ccccc1)NC(=O)[C@H](N)Cc1ccccc1)C(=O)N[C@H](CCCCN)C(=O)N1CCC(N)(C(=O)O)CC1,10.6888
CNCCCC[C@@H](NC(=O)[C@@H](CC(C)C)NC(=O)[C@@H](Cc1ccccc1)NC(=O)[C@H](N)Cc1ccccc1)C(=O)N1CCC(N)(C(=O)O)CC1,9.7959
CC(C)C[C@@H](NC(=O)[C@@H](Cc1ccccc1)NC(=O)[C@H](N)Cc1ccccc1)C(=O)N[C@H](CCCCN)C(=O)N1CCC(N2CCC[C@H]2C(=O)O)CC1,9.8239
CC(C)C[C@@H](NC(=O)[C@@H](Cc1ccccc1)NC(=O)[C@H](N)Cc1ccccc1)C(=O)N[C@H](CCCCNC(=N)N)C(=O)N1CCC(N2CCC[C@H]2C(=O)O)CC1,9.7696
CNCCCC[C@@H](NC(=O)[C@@H](CC(C)C)NC(=O)[C@@H](Cc1ccccc1)NC(=O)[C@H](N)Cc1ccccc1)C(=O)N1CCC(N2CCC[C@H]2C(=O)O)CC1,9.8861
CC(C)C[C@@H](NC(=O)[C@@H](Cc1ccccc1)NC(=O)[C@H](N)Cc1ccccc1)C(=O)N[C@H](CCCNC(=N)N)C(=O)N1CCCNCC1,9.9586
CC(C)C[C@@H](NC(=O)[C@@H](Cc1ccccc1)NC(=O)[C@H](N)Cc1ccccc1)C(=O)N[C@H](CCCCNC(=N)N)C(=O)N1CCC(N)(C(=O)O)CC1,9.9208
CC(C)C[C@@H](NC(=O)[C@@H](Cc1ccccc1)NC(=O)[C@H](N)Cc1ccccc1)C(=O)N[C@H](CCCCNC(C)C)C(=O)N1CCC(N)(C(=O)O)CC1,9.7696
CC(C)C[C@@H](NC(=O)[C@@H](Cc1ccccc1)NC(=O)[C@H](N)Cc1ccccc1)C(=O)N[C@H](CNC(=N)N)C(=O)N1CCC(N)(C(=O)O)CC1,9.5229
CC(C)C[C@@H](NC(=O)[C@@H](Cc1ccccc1)NC(=O)[C@H](N)Cc1ccccc1)C(=O)N[C@H](CCNC(=N)N)C(=O)N1CCC(N)(C(=O)O)CC1,9.8239
CC(C)C[C@@H](NC(=O)[C@@H](Cc1ccccc1)NC(=O)[C@H](N)Cc1ccccc1)C(=O)N[C@H](CCN)C(=O)N1CCC(N2CCC[C@H]2C(=O)O)CC1,9.7696
CC(C)C[C@@H](NC(=O)[C@@H](Cc1ccccc1)NC(=O)[C@H](N)Cc1ccccc1)C(=O)N[C@H](CCNC(=N)N)C(=O)N1CCC(N2CCC[C@H]2C(=O)O)CC1,9.8861
CC(C)C[C@@H](NC(=O)[C@@H](Cc1ccccc1)NC(=O)[C@H](N)Cc1ccccc1)C(=O)N[C@H](CNC(=N)N)C(=O)N1CCC(N2CCC[C@H]2C(=O)O)CC1,9.6778
CC(C)C[C@@H](NC(=O)[C@@H](Cc1ccccc1)NC(=O)[C@H](N)Cc1ccccc1)C(=O)N[C@H](CCCCN)C(=O)N1CCCN(C(=N)N)CC1,9.9586
CC(C)C[C@@H](NC(=O)[C@@H](Cc1ccccc1)NC(=O)[C@H](N)Cc1ccccc1)C(=O)N[C@H](CCCCNC(=N)N)C(=O)N1CCCN(C(=N)N)CC1,9.9586
CC(C)C[C@@H](NC(=O)[C@@H](Cc1ccccc1)NC(=O)[C@H](N)Cc1ccccc1)C(=O)N[C@H](CCCCNC(C)C)C(=O)N1CCCN(C(=N)N)CC1,10.0000
CC(C)C[C@@H](NC(=O)[C@@H](Cc1ccccc1)NC(=O)[C@H](N)Cc1ccccc1)C(=O)N[C@H](CNC(=N)N)C(=O)N1CCCN(C(=N)N)CC1,8.9393
CC(C)C[C@@H](NC(=O)[C@@H](Cc1ccccc1)NC(=O)[C@H](N)Cc1ccccc1)C(=O)N[C@H](CNC(=N)N)C(=O)N1CCCNCC1,9.4089
CCCC[C@@H](NC(=O)[C@@H](Cc1ccccc1)NC(=O)[C@H](N)Cc1ccccc1)C(=O)N[C@H](CNC(=N)N)C(=O)N1CCCNCC1,8.9747
CC(C)C[C@@H](NC(=O)[C@@H](Cc1ccccc1)NC(=O)[C@H](N)Cc1ccccc1)C(=O)N[C@H](CCN)C(=O)N1CCCN(C(=N)N)CC1,9.7447
CC(C)C[C@@H](NC(=O)[C@@H](Cc1ccccc1)NC(=O)[C@H](N)Cc1ccccc1)C(=O)N[C@H](CCNC(=N)N)C(=O)N1CCCN(C(=N)N)CC1,9.7696
CC(C)C[C@@H](NC(=O)[C@@H](Cc1ccccc1)NC(=O)[C@H](N)Cc1ccccc1)C(=O)N[C@H](CCCNC(=N)N)C(=O)N1CCCN(C(=N)N)CC1,10.0458
CC(C)C[C@@H](NC(=O)[C@@H](Cc1ccccc1)NC(=O)[C@H](N)Cc1ccccc1)C(=O)N[C@H](CCCCN)C(=O)N1CCC2(CCNC2=O)CC1,11.5686
CC(C)C[C@@H](NC(=O)[C@@H](Cc1ccccc1)NC(=O)[C@H](N)Cc1ccccc1)C(=O)N[C@H](CCCCN)C(=O)N1CCC2(CCN(C)C2=O)CC1,11.0809
CC(C)C[C@@H](NC(=O)[C@@H](Cc1ccccc1)NC(=O)[C@H](N)Cc1ccccc1)C(=O)N[C@H](CCCCN)C(=O)N1CCC(n2c(=O)[nH]c3cc(Cl)ccc32)CC1,11.0809
CC(C)C[C@@H](NC(=O)[C@@H](Cc1ccccc1)NC(=O)[C@H](N)Cc1ccccc1)C(=O)N[C@H](CCCCN)C(=O)N1CCC(C(=O)N2CCOCC2)CC1,10.8386
CC(C)C[C@@H](NC(=O)[C@@H](Cc1ccccc1)NC(=O)[C@H](N)Cc1ccccc1)C(=O)N[C@H](CCCCN)C(=O)N1CCC(n2cc(-c3ccccc3)[nH]c2=O)CC1,10.9355
Cc1nnc(C)n1C1CCN(C(=O)[C@@H](CCCCN)NC(=O)[C@@H](CC(C)C)NC(=O)[C@@H](Cc2ccccc2)NC(=O)[C@H](N)Cc2ccccc2)CC1,11.3768
CC(C)C[C@@H](NC(=O)[C@@H](Cc1ccccc1)NC(=O)[C@H](N)Cc1ccccc1)C(=O)N[C@H](CCCCN)C(=O)N1CCC(N2C(=O)Cc3ccccc32)CC1,11.3010
CC(C)C[C@@H](NC(=O)[C@@H](Cc1ccccc1)NC(=O)[C@H](N)Cc1ccccc1)C(=O)N[C@H](CCCCN)C(=O)N1CCC2(CC1)C(=O)NCN2c1ccccc1,10.7825
CC(C)C[C@@H](NC(=O)[C@@H](Cc1ccccc1)NC(=O)[C@H](N)Cc1ccccc1)C(=O)N[C@H](CCCCN)C(=O)NCc1cn2ccccc2n1,10.6819
Cc1cnc(CNC(=O)[C@@H](CCCCN)NC(=O)[C@@H](CC(C)C)NC(=O)[C@@H](Cc2ccccc2)NC(=O)[C@H](N)Cc2ccccc2)cn1,11.1938
CC(C)C[C@@H](NC(=O)[C@@H](Cc1ccccc1)NC(=O)[C@H](N)Cc1ccccc1)C(=O)N[C@H](CCCCN)C(=O)N1CCC(n2c(=O)[nH]c3ccccc32)CC1,11.2840
CCOC(=O)C[C@H]1C[C@@]2(O)[C@H]3Cc4ccc(OC)cc4[C@@]2(CCN3CC2CC2)CC1=O,5.8404
COc1ccc2c(c1)[C@]13CCN(CC4CC4)[C@H](C2)[C@]1(O)C[C@H](CC(=O)O)C(=O)C3,5.9683
O=C(O)C[C@H]1C[C@@]2(O)[C@H]3Cc4ccc(O)cc4[C@@]2(CCN3CC2CC2)CC1=O,8.3876
O=C(O)CC1(CC(=O)O)C[C@@]2(O)[C@H]3Cc4ccc(O)cc4[C@@]2(CCN3CC2CC2)CC1=O,5.4672
C[C@H](NC(=O)C[C@H]1C[C@@]2(O)[C@H]3Cc4ccc(O)cc4[C@@]2(CCN3CC2CC2)CC1=O)C(=O)O,6.6878
O=C1C[C@]23CCN(CC4CC4)[C@H](Cc4ccc(O)cc42)[C@]3(O)C[C@@H]1CC(=O)N1CCC[C@H]1C(=O)O,6.8926
COc1ccc2c(c1)[C@]13CCN(CC4CC4)[C@H](C2)[C@]1(O)C[C@H](CC(=O)N[C@@H](CC(C)C)C(=O)O)C(=O)C3,4.7984
CC(C)C[C@H](NC(=O)C[C@H]1C[C@@]2(O)[C@H]3Cc4ccc(O)cc4[C@@]2(CCN3CC2CC2)CC1=O)C(=O)O,6.7668
COc1ccc2c(c1)[C@]13CCN(CC4CC4)[C@H](C2)C1[C@@H](O)[C@H](OCc1ccccc1)C(=O)C3,6.5511
COc1ccc2c(c1)[C@]13CCN(CC4CC4)[C@H](C2)[C@]1(O)C[C@H](CCO)C(=O)C3,6.1987
COc1ccc2c(c1)[C@]13CCN(CC4CC4)[C@H](C2)[C@]1(O)C[C@H](CCOCc1ccccc1)C(=O)C3,6.6476
COCC[C@H]1C[C@@]2(O)[C@H]3Cc4ccc(OC)cc4[C@@]2(CCN3CC2CC2)CC1=O,6.1905
COc1ccc2c(c1)[C@]13CCN(CC4CC4)[C@H](C2)[C@@H]1C[C@@H](C(C)C)C(=O)C3,6.5188
CC(C)[C@@H]1C[C@H]2[C@H]3Cc4ccc(O)cc4[C@@]2(CCN3CC2CC2)CC1=O,8.7167
CC(C)[C@H]1C[C@H]2[C@H]3Cc4ccc(O)cc4[C@@]2(CCN3CC2CC2)CC1=O,8.8477
O=C1C[C@]23CCN(CC4CC4)[C@H](Cc4ccc(O)cc42)[C@]3(O)C[C@@H]1CCO,8.3081
CC(C)CC[C@H]1C[C@@]2(O)[C@H]3Cc4ccc(O)cc4[C@@]2(CCN3CC2CC2)CC1=O,8.3468
COc1ccc2c(c1)[C@]13CCN(CC4CC4)[C@H](C2)C1C[C@H](OCC(C)C)C(=O)C3,5.2549
COc1ccc2c(c1)[C@]13CCN(CC4CC4)[C@H](C2)[C@]1(O)C[C@H](O)C(=O)C3,6.0572
COc1ccc2c(c1)[C@]13CCN(CC4CC4)[C@H](C2)[C@]1(O)C[C@H](NC(=O)C(C)C)C(=O)C3,5.1419
CC(C)C(=O)N[C@H]1C[C@@]2(O)[C@H]3Cc4ccc(O)cc4[C@@]2(CCN3CC2CC2)CC1=O,7.6073
CC(=O)N[C@H]1C[C@@]2(O)[C@H]3Cc4ccc(O)cc4[C@@]2(CCN3CC2CC2)CC1=O,7.5670
CCC(=O)N[C@H]1C[C@@]2(O)[C@H]3Cc4ccc(O)cc4[C@@]2(CCN3CC2CC2)CC1=O,7.8356
CC(C)CCC(=O)N[C@H]1C[C@@]2(O)[C@H]3Cc4ccc(O)cc4[C@@]2(CCN3CC2CC2)CC1=O,8.7932
CC(C)CCCC(=O)N[C@H]1C[C@@]2(O)[C@H]3Cc4ccc(O)cc4[C@@]2(CCN3CC2CC2)CC1=O,8.5867
CC(C)(C)C(=O)N[C@H]1C[C@@]2(O)[C@H]3Cc4ccc(O)cc4[C@@]2(CCN3CC2CC2)CC1=O,7.7570
CC(C)CC(=O)N[C@H]1C[C@@]2(O)[C@H]3Cc4ccc(O)cc4[C@@]2(CCN3CC2CC2)CC1=O,7.4425
O=C(N[C@H]1C[C@@]2(O)[C@H]3Cc4ccc(O)cc4[C@@]2(CCN3CC2CC2)CC1=O)C1CC1,7.8996
O=C(N[C@H]1C[C@@]2(O)[C@H]3Cc4ccc(O)cc4[C@@]2(CCN3CC2CC2)CC1=O)C1CCCC1,7.8665
O=C(N[C@H]1C[C@@]2(O)[C@H]3Cc4ccc(O)cc4[C@@]2(CCN3CC2CC2)CC1=O)c1ccccc1,8.3686
CC[C@H](C)C(=O)N[C@H]1C[C@@]2(O)[C@H]3Cc4ccc(O)cc4[C@@]2(CCN3CC2CC2)CC1=O,7.3757
O=C(N[C@H]1C[C@@]2(O)[C@H]3Cc4ccc(O)cc4[C@@]2(CCN3CC2CC2)CC1=O)C1CCCCC1,8.6383
COc1ccc2c(c1)[C@]13CCN(C)[C@H](C2)[C@]1(O)C[C@H](CCOCc1ccccc1)C(=O)C3,5.1026
O=C1C[C@]23CCN(CC4CC4)[C@H](Cc4ccc(OCc5ccccc5)cc42)[C@]3(O)C[C@@H]1CCO,6.0763
COc1ccc2c(c1)[C@]13CCN(C)[C@H](C2)[C@]1(O)C[C@H](CC(=O)O)C(=O)C3,4.8271
CN1CC[C@]23CC(=O)[C@@H](CC(=O)O)C[C@@]2(O)[C@H]1Cc1ccc(O)cc13,6.0163
COc1ccc2c(c1)[C@]13CCN(CC4CC4)[C@H](C2)[C@]1(O)C/C(=C\CC(C)C)C(=O)C3,5.5133
O=C1C[C@]23CCN(CC4CC4)[C@H](Cc4ccc(O)cc42)[C@]3(O)C[C@@H]1CC1CCCC1,8.5901
CCC(C)C[C@H]1C[C@@]2(O)[C@H]3Cc4ccc(O)cc4[C@@]2(CCN3CC2CC2)CC1=O,8.1209
CCCC[C@H]1C[C@@]2(O)[C@H]3Cc4ccc(O)cc4[C@@]2(CCN3CC2CC2)CC1=O,8.5229
CC(C)(C)C[C@H]1C[C@@]2(O)[C@H]3Cc4ccc(O)cc4[C@@]2(CCN3CC2CC2)CC1=O,7.6882
CC(C)C[C@H]1C[C@@]2(O)[C@H]3Cc4ccc(O)cc4[C@@]2(CCN3CC2CC2)CC1=O,8.0214
O=C1C[C@]23CCN(CC4CC4)[C@H](Cc4ccc(O)cc42)[C@]3(O)C[C@@H]1CC1CCCCC1,8.3969
O=C1C[C@]23CCN(CC4CC4)[C@H](Cc4ccc(O)cc42)[C@]3(O)C[C@@H]1Cc1ccccc1,8.2518
C[C@H](NC(=O)C[C@H]1C[C@@]2(O)[C@H]3Cc4ccc(O)cc4[C@@]2(CCN3C)CC1=O)C(=O)O,4.7801
CN1CC[C@]23CC(=O)[C@@H](CC(=O)N4CCCCC4)C[C@@]2(O)[C@H]1Cc1ccc(O)cc13,5.9215
CN1CC[C@]23CC(=O)[C@@H](CC(=O)N4CCC(O)CC4)C[C@@]2(O)[C@H]1Cc1ccc(O)cc13,5.1866
CNC1(c2ccccc2)CCC(c2ccccc2)(N(C)C)CC1,5.9318
CN(C)C1(c2ccccc2)CCC(c2ccccc2)(N(C)C)CC1,5.9355
CN(C)C1(c2ccccc2)CCC(O)(c2ccccc2)CC1,5.6498
CN(C)C1(Cc2ccccc2)CCC(c2ccccc2)(N(C)C)CC1,5.4265
Cc1ccc(C2(N(C)C)CCC(O)(c3ccccc3)CC2)cc1,5.8356
CC(C)c1ccccc1Nc1ncnc2c1ncn2[C@H]1OC(CO)C(O)C1O,10.0969
CO[C@@]12C=C[C@]3(C[C@@]1(C)[C@H](O)c1ccccc1)[C@@H]1Cc4ccc(O)c5c4[C@]3(CCN1CC1CC1)[C@@H]2O5,8.5200
CC(C)C[C@H](NC(=O)CNC(=O)[C@H](Cc1ccc(O)cc1)NC(=O)[C@H](CO)NC(=O)[C@H](Cc1c[nH]c2ccccc12)NC(=O)[C@H](Cc1c[nH]cn1)NC(=O)C1CCC(=O)N1)C(=O)N[C@@H](CCCN=C(N)N)C(=O)N1CCC[C@@H]1C(=O)NCC(N)=O,10.3979
CO[C@@]12CC[C@]3(C[C@@]1(C)[C@@H](O)c1ccccc1)[C@@H]1Cc4ccc(O)c5c4[C@]3(CCN1CC1CC1)[C@@H]2O5,10.3979
CO[C@@]12C=C[C@]3(C[C@@]1(C)[C@@H](O)c1ccc(F)cc1)[C@@H]1Cc4ccc(O)c5c4[C@]3(CCN1CC1CC1)[C@@H]2O5,10.3010
O=C(NCC1NCCc2ccccc21)c1cccc(Cl)c1,5.9508
Cc1cccc(C(=O)NCC2NCCc3ccccc32)c1,6.8539
COc1ccc(C(=O)NCC2NCCc3ccccc32)cc1,7.3010
O=C(NCC1NCCc2ccccc21)c1ccc(OC(F)(F)F)cc1,6.5850
O=C(NCC1NCCc2ccccc21)c1ccc(F)cc1,4.7305
O=C(NCC1NCCc2ccccc21)c1ccc(Cl)cc1,7.0458
CCc1ccc(C(=O)NCC2NCCc3ccccc32)cc1,6.2441
Cc1ccc(C(=O)NCC2NCCc3ccccc32)cc1C,5.0491
O=C(NCC1NCCc2ccccc21)c1ccc(Cl)c(Cl)c1,6.0915
CCCCN1CCc2ccccc2C1CNC(=O)c1ccc(C)cc1,6.1079
Cc1ccc(C(=O)NCC2c3ccccc3CCN2CCCl)cc1,5.5317
Cc1ccc(C(=O)NCC2c3ccccc3CCN2C)cc1,6.8539
CCc1ccc(C(=O)NCC2c3ccccc3CCN2C)cc1,6.3098
Cc1ccc(C(=O)NCC2c3ccccc3CCN2C)cc1C,7.0969
CN1CCc2ccccc2C1CNC(=O)c1ccc(Cl)c(Cl)c1,6.3565
COc1ccc2c3c1O[C@H]1[C@H](N(C)C(=O)/C=C/c4ccoc4)CC[C@@]4(O)[C@@H](C2)N(C(=O)OC(C)(C)C)CC[C@]314,6.7352
CN(C)c1ccc(S(=O)(=O)N2CC[C@]34c5c6ccc(O)c5O[C@H]3[C@H](N(C)C(=O)/C=C/c3ccoc3)CC[C@@]4(O)[C@H]2C6)cc1.CS(=O)(=O)O,6.6990
O=C1/C(=C/c2ccccc2)C[C@@]2(O)[C@H]3Cc4ccc(O)c5c4[C@@]2(CCN3CCCc2ccccc2)[C@H]1O5,6.1007
O=C1/C(=C/c2ccccc2)C[C@@]2(O)[C@H]3Cc4ccc(O)c5c4[C@@]2(CCN3CCc2ccccc2)[C@H]1O5,6.2204
CN1CC[C@]23c4c5ccc(O)c4O[C@H]2C(=O)/C(=C/c2ccccc2)C[C@@]3(O)[C@H]1C5,5.9718
COC(=O)N1CCN(C(=O)Cc2ccc(Cl)c(Cl)c2)[C@@H]2[C@@H](N(C)C)CCC[C@@H]21,9.0000
COC(=O)N1CCN(C(=O)Cc2ccc(Cl)c(Cl)c2)[C@@H]2[C@@H](N3CC[C@H](O)C3)CCC[C@@H]21,9.0458
COC(=O)N1CCN(C(=O)Cc2ccc(F)c(Cl)c2)[C@@H]2[C@@H](N3CC[C@H](O)C3)CCC[C@@H]21,8.6576
COC(=O)N1CCN(C(=O)Cc2ccc(Cl)c(F)c2)[C@@H]2[C@@H](N3CC[C@H](O)C3)CCC[C@@H]21,8.4089
COC(=O)N1CCN(C(=O)Cc2ccc(F)c(F)c2)[C@@H]2[C@@H](N3CC[C@H](O)C3)CCC[C@@H]21,7.9586
COC(=O)N1CCN(C(=O)Cc2ccc(Cl)cc2)[C@@H]2[C@@H](N3CC[C@H](O)C3)CCC[C@@H]21,7.8539
COC(=O)N1CCN(C(=O)Cc2cccc(Cl)c2)[C@@H]2[C@@H](N3CC[C@H](O)C3)CCC[C@@H]21,7.8239
COC(=O)N1CCN(C(=O)Cc2ccc(C(F)(F)F)c(Cl)c2)[C@@H]2[C@@H](N3CC[C@H](O)C3)CCC[C@@H]21,9.5229
COC(=O)N1CCN(C(=O)Cc2ccc(Cl)c(Cl)c2)[C@@H]2[C@@H](N3CC[C@@H](O)C3)CCC[C@@H]21,8.3279
COC(=O)N1CCN(C(=O)Cc2ccc(F)c(Cl)c2)[C@@H]2[C@@H](N3CC[C@H](F)C3)CCC[C@@H]21,9.3979
O=C(Cc1ccc(Cl)c(Cl)c1)N1CCN[C@H]2CCC[C@H](N3CCCC3)[C@H]21,8.4260
COC(=O)CN1CCN(C(=O)Cc2ccc(Cl)c(Cl)c2)[C@@H]2[C@@H](N3CCCC3)CCC[C@@H]21,8.7696
CCOC(=O)CN1CCN(C(=O)Cc2ccc(Cl)c(Cl)c2)[C@@H]2[C@@H](N3CCCC3)CCC[C@@H]21,8.4949
CC(C)OC(=O)CN1CCN(C(=O)Cc2ccc(Cl)c(Cl)c2)[C@@H]2[C@@H](N3CCCC3)CCC[C@@H]21,8.3010
CNC(=O)C(=O)N1CCN(C(=O)Cc2ccc(Cl)c(Cl)c2)[C@@H]2[C@@H](N3CCCC3)CCC[C@@H]21,8.0915
CC(C)NC(=O)N1CCN(C(=O)Cc2ccc(Cl)c(Cl)c2)[C@@H]2[C@@H](N3CCCC3)CCC[C@@H]21,8.3468
CS(=O)(=O)N1CCN(C(=O)Cc2ccc(Cl)c(Cl)c2)[C@@H]2[C@@H](N3CCCC3)CCC[C@@H]21,8.8239
CN(C)S(=O)(=O)N1CCN(C(=O)Cc2ccc(Cl)c(Cl)c2)[C@@H]2[C@@H](N3CCCC3)CCC[C@@H]21,8.6576
CS(=O)(=O)N1CCN(C(=O)Cc2ccc(Cl)c(Cl)c2)[C@@H]2[C@@H](N3CC[C@H](O)C3)CCC[C@@H]21,8.7447
CS(=O)(=O)N1CCN(C(=O)Cc2ccc(F)c(Cl)c2)[C@@H]2[C@@H](N3CC[C@H](O)C3)CCC[C@@H]21,8.2291
CS(=O)(=O)N1CCN(C(=O)Cc2ccc(Cl)c(F)c2)[C@@H]2[C@@H](N3CC[C@H](O)C3)CCC[C@@H]21,8.0969
O=C(Cc1ccc(Cl)cc1)N1CCN(S(=O)(=O)Cc2ccon2)[C@H]2CCC[C@H](N3CC[C@H](O)C3)[C@H]21,8.1612
O=C(Cc1ccc(Cl)c(F)c1)N1CCN(S(=O)(=O)Cc2ccon2)[C@H]2CCC[C@H](N3CC[C@H](O)C3)[C@H]21,8.8539
Cl.Oc1cccc(CCN(CCc2ccccc2)CC2CCCC2)c1,9.5909
Cl.Oc1cccc(CCN(CCc2ccccc2)CC2CCCCC2)c1,9.9265
Cl.Oc1cccc(CCN(CCc2ccccc2)Cc2ccccc2)c1,8.7406
Cl.Oc1cccc(CCN(CCc2ccccc2)C2CCC2)c1,7.6617
CC(C)CCN(CCc1ccccc1)CCc1cccc(O)c1.Cl,8.1129
Cl.Oc1cccc(CCN(CCc2cccc(O)c2)CC2CCC2)c1,8.8864
Cl.Oc1cccc(CCN(CCc2cccc(O)c2)CC2CC2)c1,8.0107
C=CCN(CCc1cccc(O)c1)CCc1cccc(O)c1.Cl,7.2657
Cl.Oc1cccc(CCN(CCc2cccc(O)c2)CC2CCCCC2)c1,8.8042
Cl.Oc1cccc(CCN(CCc2cccc(O)c2)CC2CCCC2)c1,8.6860
CC(C)CCN(CCc1cccc(O)c1)CCc1cccc(O)c1.Cl,8.2288
Cl.Oc1ccc(CCN(CCc2cccc(O)c2)CC2CCC2)cc1,8.0592
Cl.Oc1ccc(CCN(CCc2cccc(O)c2)CC2CCCCC2)cc1,8.1932
C=CCN(CCc1ccc(O)cc1)CCc1cccc(O)c1.Cl,6.9835
Cl.Oc1ccc(CCN(CCc2cccc(O)c2)CC2CC2)cc1,8.4486
Cl.Oc1cccc(CCN(CCc2ccccc2)CC2CCC2)c1F,9.1519
Cl.Oc1cccc(CCN(CCc2ccccc2)CC2CCCCC2)c1F,9.4777
Cl.Oc1cccc(CCN(CCc2cccc(O)c2F)CC2CCC2)c1,9.3738
Cl.Oc1ccc(CCN(CCc2cccc(O)c2F)CC2CCC2)cc1,7.9539
c1ccc(CCN(CCc2ccccc2)CC2CCC2)cc1,6.7734
CN1CC[C@]23c4c5ccc(O)c4O[C@H]2C(=O)CC[C@@]3(O)[C@H]1C5,7.5969
CN1CC[C@]23c4c5ccc(O)c4O[C@H]2CCC[C@@]3(O)[C@H]1C5,7.6655
CO[C@@]12CCC(=O)[C@@H]3Oc4c(O)ccc5c4[C@@]31CCN(C)[C@@H]2C5,7.4656
CO[C@@]12CCC[C@@H]3Oc4c(O)ccc5c4[C@@]31CCN(C)[C@@H]2C5,8.3990
CN1CC[C@]23c4c5ccc(O)c4O[C@H]2C(=O)CC[C@@]3(OCc2ccccc2)[C@H]1C5,8.8962
CN1CC[C@]23c4c5ccc(O)c4O[C@H]2CCC[C@@]3(OCc2ccccc2)[C@H]1C5,9.0706
CO[C@@]12CCC[C@]3(C)Oc4c(O)ccc5c4[C@@]31CCN(C)[C@@H]2C5,8.1013
O=C(c1ccccc1)N1C[C@H]2OC34CCC1C2C31CCN(CC2CC2)C4Cc2ccc(O)cc21,8.9788
O=S(=O)(c1ccccc1)N1C[C@H]2OC34CCC1C2C31CCN(CC2CC2)C4Cc2ccc(O)cc21,9.1818
Oc1ccc2c(c1)C13CCN(CC4CC4)C(C2)C12CCC1C3[C@@H](CN1Cc1ccccc1)O2,8.8601
CN1CCC23c4cc(O)ccc4CC1C21CCC2C3[C@@H](CN2C(=O)c2ccccc2)O1,7.3010
CC(C)CN1CCC23c4cc(O)ccc4CC1C21CCC2C3[C@@H](CN2C(=O)c2ccccc2)O1,7.0088
O=C(c1ccccc1)N1C[C@H]2OC34CCC1C2C31CCN(CCc2ccccc2)C4Cc2ccc(O)cc21,6.3936
Oc1ccc2c(c1)C13CCN(CC4CC4)C(C2)C12CCC1C3[C@@H](CN1c1cnccn1)C2,9.5093
Oc1ccc2c(c1)C13CCN(CC4CC4)C(C2)C12CCC1C3[C@@H](CN1c1ccccc1)C2,8.3530
O=C(Oc1ccccc1)N1C[C@H]2CC34CCC1C2C31CCN(CC2CC2)C4Cc2ccc(O)cc21,8.9422
O=C(Nc1ccccc1)N1C[C@H]2CC34CCC1C2C31CCN(CC2CC2)C4Cc2ccc(O)cc21,9.4983
Oc1ccc2c(c1)C13CCN(CC4CC4)C(C2)C12CCC1C3[C@@H](CN1CC1CCCCC1)C2,8.6757
O=C(c1ccoc1)N1C[C@H]2CC34CCC1C2C31CCN(CC2CC2)C4Cc2ccc(O)cc21,9.2547
Oc1ccc2c(c1)C13CCN(CC4CC4)C(C2)C12CCC1C3[C@@H](CN1Cc1ccccc1)C2,8.3587
O=C(c1ccccn1)N1C[C@H]2CC34CCC1C2C31CCN(CC2CC2)C4Cc2ccc(O)cc21,9.2487
O=C(c1ccccc1)N1C[C@H]2CC34CCC1C2C31CCN(CC2CC2)C4Cc2ccc(O)cc21,9.4413
Cc1cc(CSc2nnc(-c3ccccn3)n2Cc2ccco2)ccc1C(F)(F)F,6.4464
Cc1ccc(NC(=O)[C@H]2CC=C[C@H]3CCN(Cc4ccccc4F)C(=O)[C@@H]23)cc1C(F)(F)F,7.0713
O=C(Nc1ccc(Cl)c(C(F)(F)F)c1)[C@H]1CC=C[C@H]2CCN(Cc3ccccc3)C(=O)[C@@H]12,5.8851
CN(CCc1ccc(Cl)c(Cl)c1)[C@@H]1CCCC[C@H]1N1CCCC1,7.3731
CN(C(=O)Cc1ccccc1)[C@H]1CC[C@]2(CCCO2)C[C@@H]1N1CCCC1,7.2070
Cl.Oc1cccc([C@]23CCC[C@H]([C@H]2O)N(CCc2ccc(C(F)(F)F)cc2)CC3)c1,6.1186
CC[C@]12CCN(CC3CC3)[C@H](C(=O)c3ccc(O)cc31)[C@H]2C,8.6576
NC(=O)[C@@H]1CC(=O)NCCCC[C@@H](NC(=O)[C@@H](N)Cc2ccc(O)cc2)C(=O)N[C@@H](Cc2ccccc2)C(=O)N2CCC[C@H]2C(=O)N1,6.0535
NC(=O)[C@@H]1CC(=O)NCCCC[C@@H](NC(=O)[C@@H](N)Cc2ccc(O)cc2)C(=O)N[C@@H](Cc2ccccc2)C(=O)N2CCCC[C@H]2C(=O)N1,5.1728
NC(=O)[C@@H]1CC(=O)NCCCC[C@@H](NC(=O)[C@@H](N)Cc2ccc(O)cc2)C(=O)N[C@@H](Cc2ccccc2)C(=O)N2CCC[C@H](C2)C(=O)N1,5.3349
NC(=O)[C@@H]1CC(=O)NCCCC[C@@H](NC(=O)[C@@H](N)Cc2ccc(O)cc2)C(=O)N[C@@H](Cc2ccccc2)C(=O)N2CCC(CC2)C(=O)N1,5.2627
Cc1cccc(Cl)c1-c1nc(CN2CCC(C(=O)NCCCN3C[C@H](C)C[C@H](C)C3)CC2)c(C)o1,5.9179
CCOC(=O)C(NC(=O)/C(=C/c1ccccc1)CN1CCN(c2nsc3ccccc23)CC1)C(C)C,5.7239
CC(C)C(NC(=O)/C(=C/c1ccccc1)CN1CCN(c2ccc(Cl)cc2)CC1)C(=O)O,6.0320
CC(C)CC(NC(=O)/C(=C/c1ccccc1)CN1CCN(c2cccc(Cl)c2)CC1)C(=O)O,5.7374
CC(C)C(NC(=O)/C(=C/c1ccccc1)CN1CCN(c2cccc(Cl)c2)CC1)C(=O)O,5.8159
O=C(O)/C(=C/c1ccccc1)CN1CCN(c2cccc(Cl)c2Cl)CC1,6.0935
COc1ccc(/C=C2\C[C@@]3(O)[C@H]4Cc5ccc(O)c6c5[C@@]3(CCN4CC3CC3)[C@@H](O6)C2=O)cc1,7.5560
O=C1/C(=C/c2ccc(F)cc2)C[C@@]2(O)[C@H]3Cc4ccc(O)c5c4[C@@]2(CCN3CC2CC2)[C@H]1O5,6.9666
CN(C)c1ccc(/C=C2\C[C@@]3(O)[C@H]4Cc5ccc(O)c6c5[C@@]3(CCN4CC3CC3)[C@@H](O6)C2=O)cc1,7.5436
O=C1/C(=C/c2ccc(Cl)cc2)C[C@@]2(O)[C@H]3Cc4ccc(O)c5c4[C@@]2(CCN3CC2CC2)[C@H]1O5,7.1046
O=C1/C(=C/c2ccc(Br)cc2)C[C@@]2(O)[C@H]3Cc4ccc(O)c5c4[C@@]2(CCN3CC2CC2)[C@H]1O5,7.1524
O=C1/C(=C/c2ccc(I)cc2)C[C@@]2(O)[C@H]3Cc4ccc(O)c5c4[C@@]2(CCN3CC2CC2)[C@H]1O5,6.8996
O=C1/C(=C/c2cccc(F)c2)C[C@@]2(O)[C@H]3Cc4ccc(O)c5c4[C@@]2(CCN3CC2CC2)[C@H]1O5,7.3098
O=C1/C(=C/c2ccccc2F)C[C@@]2(O)[C@H]3Cc4ccc(O)c5c4[C@@]2(CCN3CC2CC2)[C@H]1O5,7.4547
N#Cc1ccc(/C=C2\C[C@@]3(O)[C@H]4Cc5ccc(O)c6c5[C@@]3(CCN4CC3CC3)[C@@H](O6)C2=O)cc1,6.6799
O=C1/C(=C/c2ccc(C(F)(F)F)cc2)C[C@@]2(O)[C@H]3Cc4ccc(O)c5c4[C@@]2(CCN3CC2CC2)[C@H]1O5,6.7545
Cc1cc(C)cc(C2CCCN2Cc2ccc(Oc3ccc(C(N)=O)cc3)c(Cl)c2)c1,7.4248
Cc1cc(C)cc(C2CCCN2Cc2ccc(Oc3ccc(C(N)=O)cc3)c(F)c2)c1,7.5317
Cc1cc(C)cc(C2CCCN2Cc2ccc(Oc3ccc(C(N)=O)cc3F)c(Cl)c2)c1,7.9173
Cc1cc(C)cc(C2CCCN2Cc2ccc(Oc3ccc(C(N)=O)cc3F)c(F)c2)c1,7.3696
Cc1cc(C)cc(C2CCCN2Cc2ccc(Oc3ccc(C(N)=O)cc3F)cc2)c1,8.0190
COc1ccc(C2CCCN2Cc2ccc(Oc3ccc(C(N)=O)c4ccccc34)cc2)cc1,5.3370
Cc1cccc(C2CCCN2Cc2ccc(Oc3ccc(C(N)=O)c4ccccc34)cc2)c1,5.7600
Oc1cccc(C(O)CNCc2ccc(Cl)cc2Cl)c1,6.6383
O=C(NC[C@@H](c1ccco1)N1CCCC1)c1cc2ccccc2o1,6.0311
COc1ccc2oc(C(=O)NCC(c3ccco3)N3CCCC3)c(C)c2c1,6.1463
Oc1cccc(CNCc2cc3ccccc3[nH]2)c1,6.1594
Cc1ccc(C(CNC(=O)c2oc3ccc(F)cc3c2C)N2CCCC2)o1,6.1852
CCN(Cc1csc(C)n1)C(C)c1cccc(O)c1,6.2253
Cc1c(C(=O)NCC(c2ccco2)N2CCCC2)oc2ccc(Cl)cc12,6.2870
Cc1ccc(C(CNC(=O)c2oc3ccccc3c2C)N2CCCC2)o1,6.4301
Cc1ncsc1CN1CCCCC1CCc1cccc(O)c1,6.4580
COc1ccc(CNCC(O)c2cccc(O)c2)cc1Br,6.6391
CC(NCc1nccn1C)c1cccc(O)c1,6.5358
NC(=O)c1cc(S(=O)(=O)NC2CCN(Cc3ccccc3)CC2)cs1,5.0094
NC1CCc2cc(O)ccc2C1,5.0805
Cc1nc(O)cc(C2CCN(Cc3ccc(C4CCCC4)s3)CC2)n1,5.0908
CC(CCc1ccc(O)cc1)NCCc1ccccc1,5.1802
Cc1cccc(C(O)CNC(C)Cn2cc(Br)cn2)c1,5.1919
Cc1cc(S(=O)(=O)NCC(=O)NC2CCC2NC(C)C)ccc1F,5.2088
Cc1ccc(-c2ccccc2CN2CC3CNCC3C2)o1,5.5214
CSc1ccc(CN(CCO)Cc2ccc(-c3ccn[nH]3)s2)cc1,5.5214
Oc1cccc(C(O)CNCc2c(Cl)cccc2Cl)c1,5.5825
c1ccc(CN2CCC(Nc3nc4ccccc4o3)C2)cc1,5.5875
CN(Cc1ccccc1NC(=O)NCc1ccoc1)C1CCCCC1,5.6391
Cc1cc2oc(C(=O)NCC(c3ccco3)N3CCCC3)c(C)c2cc1C,5.9543
Oc1ccc(CCC2CCCCN2Cc2ccc(Cl)o2)cc1,6.3005
CC(c1cccc(O)c1)N(C)Cc1nccn1CC(F)(F)F,6.7595
COC(=O)[C@H]1[C@](C)([C@@H](CC=O)C(=O)OC)CC[C@H]2C(=O)O[C@H](c3ccoc3)C[C@]12C,7.5229
COC(=O)[C@@H]1C[C@]2(CCC(=O)O2)C(=O)[C@H]2[C@@]1(C)CC[C@H]1C(=O)O[C@H](c3ccoc3)C[C@]21C,9.2218
COC(=O)[C@H]1[C@](C)([C@@H](CCOC(C)=O)C(=O)OC)CC[C@H]2C(=O)O[C@H](c3ccoc3)C[C@]12C,7.8861
COC(=O)[C@H]1[C@](C)([C@@H](CC(OC)OC)C(=O)OC)CC[C@H]2C(=O)O[C@H](c3ccoc3)C[C@]12C,7.9318
CN(C(=O)/C=C/c1ccoc1)[C@@H]1CC[C@@]2(O)[C@H]3[C@@H](O)c4ccc(O)c5c4[C@@]2(CCN3CC2CC2)[C@H]1O5,10.6021
CN(C(=O)CCc1ccccc1)[C@@H]1CC[C@@]2(O)[C@H]3[C@@H](O)c4ccc(O)c5c4[C@@]2(CCN3CC2CC2)[C@H]1O5,8.9830
CN(C(=O)CCCc1ccccc1)[C@@H]1CC[C@@]2(O)[C@H]3[C@@H](O)c4ccc(O)c5c4[C@@]2(CCN3CC2CC2)[C@H]1O5,8.1244
CN(C(=O)COc1ccccc1)[C@@H]1CC[C@@]2(O)[C@H]3[C@@H](O)c4ccc(O)c5c4[C@@]2(CCN3CC2CC2)[C@H]1O5,8.2976
CN(C(=O)/C=C/c1ccccc1)[C@@H]1CC[C@@]2(O)[C@H]3[C@@H](O)c4ccc(O)c5c4[C@@]2(CCN3CC2CC2)[C@H]1O5,10.6536
CN(C(=O)C#Cc1ccccc1)[C@@H]1CC[C@@]2(O)[C@H]3[C@@H](O)c4ccc(O)c5c4[C@@]2(CCN3CC2CC2)[C@H]1O5,10.0975
Cc1ccc(/C=C/C(=O)N(C)[C@@H]2CC[C@@]3(O)[C@H]4[C@@H](O)c5ccc(O)c6c5[C@@]3(CCN4CC3CC3)[C@H]2O6)cc1,10.3063
CN(C(=O)/C=C/c1ccc(Cl)cc1)[C@@H]1CC[C@@]2(O)[C@H]3[C@@H](O)c4ccc(O)c5c4[C@@]2(CCN3CC2CC2)[C@H]1O5,10.5406
CN(C(=O)/C=C/c1ccc(O)cc1)[C@@H]1CC[C@@]2(O)[C@H]3[C@@H](O)c4ccc(O)c5c4[C@@]2(CCN3CC2CC2)[C@H]1O5,10.0209
CN(C(=O)/C=C/c1ccncc1)[C@@H]1CC[C@@]2(O)[C@H]3[C@@H](O)c4ccc(O)c5c4[C@@]2(CCN3CC2CC2)[C@H]1O5,10.5901
CN(C(=O)/C=C/c1cccnc1)[C@@H]1CC[C@@]2(O)[C@H]3[C@@H](O)c4ccc(O)c5c4[C@@]2(CCN3CC2CC2)[C@H]1O5,9.5361
CN(C(=O)/C=C/c1ccccn1)[C@@H]1CC[C@@]2(O)[C@H]3[C@@H](O)c4ccc(O)c5c4[C@@]2(CCN3CC2CC2)[C@H]1O5,10.5482
CN(C(=O)/C=C/c1cccs1)[C@@H]1CC[C@@]2(O)[C@H]3[C@@H](O)c4ccc(O)c5c4[C@@]2(CCN3CC2CC2)[C@H]1O5,11.3316
CN(C(=O)/C=C/c1ccsc1)[C@@H]1CC[C@@]2(O)[C@H]3[C@@H](O)c4ccc(O)c5c4[C@@]2(CCN3CC2CC2)[C@H]1O5,10.5528
CN(C(=O)/C=C/c1ccco1)[C@@H]1CC[C@@]2(O)[C@H]3[C@@H](O)c4ccc(O)c5c4[C@@]2(CCN3CC2CC2)[C@H]1O5,9.9136
CC(C)(C)NS(=O)(=O)c1ccc(-c2sc(C(=O)N[C@H]3C[C@H](C(=O)O)C3)nc2CC2CCCCC2)c2ccccc12,8.9586
N[C@@H](Cc1ccc(O)cc1)C(=O)N[C@@H]1CSSC[C@@H](NC(=O)[C@@H](N)Cc2ccc(O)cc2)C(=O)NCC(=O)N[C@@H](Cc2ccccc2)C(=O)N2CCN(CC2)C(=O)[C@H](Cc2ccccc2)NC(=O)CNC1=O,7.0956
Cc1cc(O)cc(C)c1C[C@H](N)C(=O)N[C@@H]1CSSC[C@@H](NC(=O)[C@@H](N)Cc2c(C)cc(O)cc2C)C(=O)NCC(=O)N[C@@H](Cc2ccccc2)C(=O)N2CCN(CC2)C(=O)[C@H](Cc2ccccc2)NC(=O)CNC1=O,7.7549
CC1(C)SSC(C)(C)[C@H](NC(=O)[C@@H](N)Cc2ccc(O)cc2)C(=O)NCC(=O)N[C@@H](Cc2ccccc2)C(=O)N2CCN(CC2)C(=O)[C@H](Cc2ccccc2)NC(=O)CNC(=O)[C@H]1NC(=O)[C@@H](N)Cc1ccc(O)cc1,7.4101
N[C@@H](Cc1ccc(O)cc1)C(=O)N[C@@H]1CSSC[C@@H](NC(=O)[C@@H](N)Cc2ccc(O)cc2)C(=O)NCC(=O)N[C@@H](Cc2ccccc2)C(=O)NCCSSCCNC(=O)[C@H](Cc2ccccc2)NC(=O)CNC1=O,7.3074
Cc1cc(O)cc(C)c1C[C@H](N)C(=O)N[C@@H]1CSSC[C@@H](NC(=O)[C@@H](N)Cc2c(C)cc(O)cc2C)C(=O)NCC(=O)N[C@@H](Cc2ccccc2)C(=O)NCCSSCCNC(=O)[C@H](Cc2ccccc2)NC(=O)CNC1=O,8.4650
C[C@@H](NC(=O)[C@@H](N)Cc1ccc(O)cc1)C(=O)NCC(=O)N[C@@H](Cc1ccccc1)C(=O)NNC(=O)[C@H](Cc1ccccc1)NC(=O)CNC(=O)[C@@H](C)NC(=O)[C@@H](N)Cc1ccc(O)cc1,6.5686
CN(Cc1cnn(C)c1)C(=O)NCCN1Cc2ccccc2C1,4.8416
Nc1nc(Cl)cc(NC[C@@H](O)CN2CCc3ccccc3C2)n1,5.5331
C[C@H](NC(C)(C)CN(C)C(=O)C1(C(N)=O)CC1)c1ccccc1,5.3307
CN(C)[C@H](CNC(=O)Nc1ccc(C(N)=O)cc1)c1cccs1,5.2559
CN(C)[C@H](CNC(=O)c1c[nH]nc1-c1ccccc1)c1cccs1,4.9788
C[C@H](c1ccco1)N(C)CC(=O)N1CCC(C(N)=O)CC1,5.5031
CN(C)[C@H](CNC(=O)C1CCN(C(N)=O)CC1)c1cccs1,5.5702
NC(=O)c1ccc(N2CCCN(Cc3ccc(F)cc3)CC2)nc1,4.9547
Nc1nc(Cl)cc(NC2CCN(Cc3ccccc3F)CC2)n1,5.2549
NC(=O)[C@H](Cc1ccccc1)NC(=O)[C@H](Cc1c[nH]c2ccccc12)N1C(=O)O[C@@H](CNC(=O)[C@@H](N)Cc2ccc(O)cc2)C1=O,8.8332
N[C@@H](Cc1ccc(O)cc1)C(=O)N1CCC[C@H]1C(=O)N[C@@H](Cc1c[nH]c2ccccc12)C(=O)N[C@@H](Cc1ccccc1)C(=O)O,5.2652
COc1cccc(-c2ccc3c(c2)CN(Cc2ccccc2)C3)c1,5.4973
CC(C)(C)OC(=O)NCCCCCCn1cc(CCCCN2CCC(c3ccc(-c4cc(C(=O)O)cc5cc(-c6ccc(C(F)(F)F)cc6)ccc45)cc3)CC2)nn1,5.3915
CC(=O)O[C@@]12C=C[C@@H](OC1=O)[C@H]1[C@]3(C)C[C@H](c4ccoc4)OC(=O)[C@@H]3CC[C@]12C,5.0969
C[C@@]12C[C@H](c3ccoc3)OC(=O)[C@@H]1CC[C@]1(C)[C@H]2[C@H]2CC[C@]1(O)C(=O)O2,5.6990
COCO[C@@]12C=C[C@@H](OC1=O)[C@H]1[C@]3(C)C[C@H](c4ccoc4)OC(=O)[C@@H]3CC[C@]12C,4.9208
C[C@@]12C[C@H](c3ccoc3)OC(=O)[C@@H]1CC[C@]1(C)[C@H]2[C@H]2C=C[C@]1(OC(=O)/C=C/c1ccccc1)C(=O)O2,5.2218
C[C@@]12C[C@H](c3ccoc3)OC(=O)[C@@H]1CC[C@]1(C)[C@H]2[C@@H]2OC(=O)[C@@]1(O)[C@H](O)[C@@H]2O,4.7959
C[C@H]1[C@H]2Cc3cc4sc(N)nc4cc3[C@@]1(C)CCN2CC1CC1,8.1739
C[C@H]1[C@H]2Cc3cc4sc(N)nc4cc3[C@@]1(C)CCN2CC1CCC1,9.3098
C[C@H]1[C@H]2Cc3ccc(O)cc3[C@@]1(C)CC[N+]2(C)CC1CC1,7.7377
C=CC[N+]1(C)CC[C@]2(C)c3cc(O)ccc3C[C@@H]1[C@@H]2C,7.2793
CCC12CCN(CC3CC3)C(C(=O)c3ccc(O)cc31)C2C,9.2076
CCCCC(=N)NCCCCCNC(=O)[C@H](CC(C)C)NC(=O)CNC(=O)[C@@]1(c2ccccc2)C[C@H]1CN1CC[C@]2(C)c3cc(O)ccc3C[C@@H]1[C@@H]2C,8.1739
C[C@H]1[C@H]2Cc3ccc(O)cc3[C@@]1(C)CCN2C[C@@H]1C[C@@]1(CN1CCCCC1)c1ccccc1,6.7471
C[C@H]1[C@H]2C(=O)c3ccc(O)cc3[C@@]1(C)CCN2CC1CCCO1,6.1427
CCCCC(=N)NCCCCCCNC(=O)[C@H](CC(C)C)NC(=O)CNC(=O)[C@@]1(c2ccccc2)C[C@H]1CN1CC[C@]2(C)c3cc(O)ccc3C[C@@H]1[C@@H]2C,8.2757
C[C@H]1[C@H]2Cc3ccc(O)cc3[C@@]1(C)CCN2C[C@@H]1C[C@@]1(C(=O)NCc1ccccc1)c1ccccc1,7.4559
COC(=O)[C@@H]1C[C@H](OC(C)=O)C(=O)[C@@H]2[C@H]3C[C@@H](c4ccoc4)CC(=O)[C@@H]3CC[C@]21C,7.8377
COc1ccc2c3c1O[C@H]1[C@@]4(OC)CC[C@@]5(C[C@]4(C)CO)[C@@H](C2)N(CC2CC2)CC[C@]315,8.5686
COc1ccc2c3c1O[C@H]1[C@@]4(OC)CC[C@@]5(C[C@]4(C)OC(C)=O)[C@@H](C2)N(CC2CC2)CC[C@]315,8.0458
COc1ccc2c3c1O[C@H]1[C@@]4(OC)CC[C@@]5(C[C@]4(C)OC(=O)C(C)C)[C@@H](C2)N(CC2CC2)CC[C@]315,7.5528
COc1ccc2c3c1O[C@H]1[C@@]4(OC)CC[C@@]5(C[C@]4(C)OC(=O)c4ccccc4)[C@@H](C2)N(CC2CC2)CC[C@]315,5.9031
COc1ccc2c3c1O[C@H]1[C@@]4(OC)CC[C@@]5(C[C@]4(C)OC(=O)c4ccc(C(F)(F)F)cc4)[C@@H](C2)N(CC2CC2)CC[C@]315,6.7726
COc1ccc2c3c1O[C@H]1[C@@]4(OC)CC[C@@]5(C[C@]4(C)C=O)[C@@H](C2)N(CC2CC2)CC[C@]315,8.3372
COc1ccc2c3c1O[C@H]1[C@@]4(OC)CC[C@@]5(C[C@]4(C)C(O)c4ccccc4)[C@@H](C2)N(CC2CC2)CC[C@]315,7.4202
COc1cccc(C(O)[C@@]2(C)C[C@@]34CC[C@]2(OC)[C@@H]2Oc5c(OC)ccc6c5[C@@]23CCN(CC2CC2)[C@@H]4C6)c1,8.6778
COc1ccc(C(O)[C@@]2(C)C[C@@]34CC[C@]2(OC)[C@@H]2Oc5c(OC)ccc6c5[C@@]23CCN(CC2CC2)[C@@H]4C6)cc1,9.2218
COc1ccc2c3c1O[C@H]1[C@@]4(OC)CC[C@@]5(C[C@]4(C)C(O)c4ccc(-c6ccccc6)cc4)[C@@H](C2)N(CC2CC2)CC[C@]315,6.5183
COc1ccc2c3c1O[C@H]1[C@@]4(OC)CC[C@@]5(C[C@]4(C)C(O)c4ccc(C(F)(F)F)cc4)[C@@H](C2)N(CC2CC2)CC[C@]315,8.0410
COc1ccc2c3c1O[C@H]1[C@@]4(OC)CC[C@@]5(C[C@]4(C)C(=O)c4ccccc4)[C@@H](C2)N(CC2CC2)CC[C@]315,6.6567
COc1cccc(C(=O)[C@@]2(C)C[C@@]34CC[C@]2(OC)[C@@H]2Oc5c(OC)ccc6c5[C@@]23CCN(CC2CC2)[C@@H]4C6)c1,7.9469
COc1ccc(C(=O)[C@@]2(C)C[C@@]34CC[C@]2(OC)[C@@H]2Oc5c(OC)ccc6c5[C@@]23CCN(CC2CC2)[C@@H]4C6)cc1,7.2493
COc1ccc2c3c1O[C@H]1[C@@]4(OC)CC[C@@]5(C[C@]4(C)C(=O)c4ccc(-c6ccccc6)cc4)[C@@H](C2)N(CC2CC2)CC[C@]315,6.8194
COc1ccc2c3c1O[C@H]1[C@@]4(OC)C=C[C@@]5(C[C@@H]4C(=O)c4ccccc4)[C@@H](C2)N(CC2CC2)CC[C@]315,9.3979
COc1ccc2c3c1O[C@H]1[C@@]4(OC)CC[C@@]5(C[C@]4(C)C(=O)c4ccc(C(F)(F)F)cc4)[C@@H](C2)N(CC2CC2)CC[C@]315,6.9518
CC[C@H](C)[C@@H]1NC(=O)[C@H](CCCNC(=N)N)NC(=O)[C@@H](NC(=O)[C@H](Cc2ccccc2)NC(=O)CNC(=O)CNC(=O)[C@H](Cc2ccc(O)cc2)NCc2ccccc2)CC(=O)NCC(C(=O)N[C@@H](CCCNC(=N)N)C(=O)N2CCC[C@@H]2C(=O)N[C@@H](CCCCN)C(N)=O)NC1=O,7.5229
CC(=O)N[C@@H](Cc1ccccc1)C(=O)N[C@@H](Cc1ccccc1)C(=O)N[C@@H](Cc1ccccc1)C(=O)N[C@@H](CCCNC(=N)N)C(=O)N[C@@H](CC(C)C)C(=O)N[C@@H](CCCNC(=N)N)C(=O)N[C@@H](CCCNC(=N)N)C(=O)N[C@H](C)C(=O)N[C@@H](CCCNC(=N)N)C(=O)N1CCC[C@H]1C(=O)N[C@@H](CCCCN)C(N)=O,8.0000
CCCCC(=N)NCCc1ccc2c(c1)C1C[C@@]3(O)[C@H]4Cc5ccc(O)c6c5[C@@]3(CCN4CC3CC3)[C@@H](O6)C1N2,9.7696
OC1(c2ccc(Cl)c(C(F)(F)F)c2)CCN(CCCC=C(c2ccc(F)cc2)c2ccc(F)cc2)CC1,5.9910
OC1(c2ccc(Cl)c(C(F)(F)F)c2)CCN(CCCCCc2ccc(F)cc2)CC1,5.7683
OC1(c2ccc(Cl)c(C(F)(F)F)c2)CCN(CCCN(c2ccc(F)cc2)c2ccc(F)cc2)CC1,6.1759
OC1(c2ccc(Cl)c(C(F)(F)F)c2)CCN(CCCCN(c2ccc(F)cc2)c2ccc(F)cc2)CC1,5.0000
OC1(c2ccc(Cl)c(C(F)(F)F)c2)CCN(CCCCC(c2ccc(F)cc2)c2ccc(F)cc2)CC1,5.5737
OC1(c2ccc(Cl)c(C(F)(F)F)c2)CCN(CCCC(c2ccccc2)c2ccccc2)CC1,5.8768
COc1ccc(N(CCCCN2CCC(O)(c3ccc(Cl)c(C(F)(F)F)c3)CC2)c2ccc(OC)cc2)cc1,5.0000
OC1(c2ccc(Cl)c(C(F)(F)F)c2)CCN(CCCC(c2ccc(F)cc2)c2ccc(F)cc2)CC1,6.0000
N#Cc1ccc2nnc(C(=O)N3CCC(c4ccccc4C(F)(F)F)CC3)n2c1,5.3979
CC[C@H]1c2cc(OC)ccc2CC[C@@]1(C)N,6.5000
COc1ccccc1N1CCN(CCCNC(=O)NN(Cc2ccccc2)c2ccccc2)CC1,5.4089
COc1ccccc1N1CCN(CCCNC(=O)NN(Cc2ccc(F)cc2)c2ccccc2)CC1,5.3665
COc1ccc2c3c1O[C@H]1[C@@]4(OC)C=C[C@@]5(C[C@@H]4c4ccccc4)[C@@H](C2)N(C)CC[C@]315,5.9302
COc1ccc2c3c1O[C@H]1[C@@]4(OC)CC[C@@]5(C[C@@H]4c4ccc(N)cc4)[C@@H](C2)N(CC2CC2)CC[C@]315,8.0700
CNc1ccc([C@H]2C[C@@]34CC[C@]2(OC)[C@@H]2Oc5c(OC)ccc6c5[C@@]23CCN(CC2CC2)[C@@H]4C6)cc1,7.6925
CCNc1ccc([C@H]2C[C@@]34CC[C@]2(OC)[C@@H]2Oc5c(OC)ccc6c5[C@@]23CCN(CC2CC2)[C@@H]4C6)cc1,7.7721
CCCNc1ccc([C@H]2C[C@@]34CC[C@]2(OC)[C@@H]2Oc5c(OC)ccc6c5[C@@]23CCN(CC2CC2)[C@@H]4C6)cc1,7.7747
COc1ccc2c3c1O[C@H]1[C@@]4(OC)CC[C@@]5(C[C@@H]4c4ccc(NCC6CC6)cc4)[C@@H](C2)N(CC2CC2)CC[C@]315,7.7100
COc1ccc2c3c1O[C@H]1[C@@]4(OC)CC[C@@]5(C[C@@H]4c4ccc(NCc6ccccc6)cc4)[C@@H](C2)N(CC2CC2)CC[C@]315,7.7645
COc1ccc2c3c1O[C@H]1[C@@]4(OC)CC[C@@]5(C[C@@H]4c4ccc(NCCN(C)C)cc4)[C@@H](C2)N(CC2CC2)CC[C@]315,7.8861
COc1ccc2c3c1O[C@H]1[C@@]4(OC)CC[C@@]5(C[C@@H]4c4ccc(NCCCN(C)C)cc4)[C@@H](C2)N(CC2CC2)CC[C@]315,7.2321
COc1ccc2c3c1O[C@H]1[C@@]4(OC)CC[C@@]5(C[C@@H]4c4ccc(NCC(N)=O)cc4)[C@@H](C2)N(CC2CC2)CC[C@]315,7.7932
CCOC(=O)CCNc1ccc([C@H]2C[C@@]34CC[C@]2(OC)[C@@H]2Oc5c(OC)ccc6c5[C@@]23CCN(CC2CC2)[C@@H]4C6)cc1,7.6819
COc1ccc2c3c1O[C@H]1[C@@]4(OC)CC[C@@]5(C[C@@H]4c4ccc(N6CCCC6)cc4)[C@@H](C2)N(CC2CC2)CC[C@]315,6.5088
COc1ccc2c3c1O[C@H]1[C@@]4(OC)CC[C@@]5(C[C@@H]4c4ccc(N6CCCCC6)cc4)[C@@H](C2)N(CC2CC2)CC[C@]315,7.3947
COc1ccc2c3c1O[C@H]1[C@@]4(OC)CC[C@@]5(C[C@@H]4c4ccc(N6CCNCC6)cc4)[C@@H](C2)N(CC2CC2)CC[C@]315,7.0969
COc1ccc2c3c1O[C@H]1[C@@]4(OC)CC[C@@]5(C[C@@H]4c4ccc(N6CCN(CC7CC7)CC6)cc4)[C@@H](C2)N(CC2CC2)CC[C@]315,7.2987
COc1ccc2c3c1O[C@H]1[C@@]4(OC)CC[C@@]5(C[C@@H]4c4ccc(N6CCN(C(C)=O)CC6)cc4)[C@@H](C2)N(CC2CC2)CC[C@]315,6.9176
COc1ccc2c3c1O[C@H]1[C@@]4(OC)CC[C@@]5(C[C@@H]4c4ccc(N6CCN(S(=O)(=O)c7ccc(C)cc7)CC6)cc4)[C@@H](C2)N(CC2CC2)CC[C@]315,5.8094
COc1ccc2c3c1O[C@H]1[C@@]4(OC)CC[C@@]5(C[C@@H]4c4ccc(N6CCN(C(=O)c7ccccc7)CC6)cc4)[C@@H](C2)N(CC2CC2)CC[C@]315,7.0504
COc1ccc2c3c1O[C@H]1[C@@]4(OC)CC[C@@]5(C[C@@H]4c4ccc(NC=O)cc4)[C@@H](C2)N(CC2CC2)CC[C@]315,8.3665
COc1ccc2c3c1O[C@H]1[C@@]4(OC)CC[C@@]5(C[C@@H]4c4ccc(NC(C)=O)cc4)[C@@H](C2)N(CC2CC2)CC[C@]315,7.8960
COc1ccc2c3c1O[C@H]1[C@@]4(OC)CC[C@@]5(C[C@@H]4c4ccc(NC(=O)c6ccccc6)cc4)[C@@H](C2)N(CC2CC2)CC[C@]315,9.0134
COc1ccc2c3c1O[C@H]1[C@@]4(OC)CC[C@@]5(C[C@@H]4c4ccc(NC(=O)Cc6ccccc6)cc4)[C@@H](C2)N(CC2CC2)CC[C@]315,7.6696
COc1ccc2c3c1O[C@H]1[C@@]4(OC)CC[C@@]5(C[C@@H]4c4ccc(/N=N/c6ccc(O)cc6)cc4)[C@@H](C2)N(CC2CC2)CC[C@]315,5.7991
COCc1ccc(-c2ccc(N(C[C@@H](N)[C@@H](C)OC)C(=O)[C@@H]3C[C@H]3c3ccccn3)cc2)cc1.Cl.Cl,5.6402
CN1/C(=C/C=C/C2=[N+](CCCCCC(=O)NCCCNC(=N)Nc3ccc4[nH]c5c(c4c3)C[C@@]3(O)[C@H]4Cc6ccc(O)c7c6[C@@]3(CCN4CC3CC3)[C@H]5O7)c3ccc(S(=O)(=O)[O-])cc3C2(C)C)C(C)(C)c2cc(S(=O)(=O)O)ccc21,7.8957
CN1/C(=C/C=C/C=C/C2=[N+](CCCCCC(=O)NCCCNC(=N)Nc3ccc4[nH]c5c(c4c3)C[C@@]3(O)[C@H]4Cc6ccc(O)c7c6[C@@]3(CCN4CC3CC3)[C@H]5O7)c3ccc(S(=O)(=O)[O-])cc3C2(C)C)C(C)(C)c2cc(S(=O)(=O)O)ccc21,8.4381
CN1/C(=C/C=C/C=C/C2=[N+](CCCCCC(=O)NCC(=O)NCC(=O)NCCCNC(=N)Nc3ccc4[nH]c5c(c4c3)C[C@@]3(O)[C@H]4Cc6ccc(O)c7c6[C@@]3(CCN4CC3CC3)[C@H]5O7)c3ccc(S(=O)(=O)[O-])cc3C2(C)C)C(C)(C)c2cc(S(=O)(=O)O)ccc21,8.9586
CN1/C(=C/C=C/C=C/C2=[N+](CCCCCC(=O)NCC(=O)NCC(=O)NCC(=O)NCC(=O)NCCCNC(=N)Nc3ccc4[nH]c5c(c4c3)C[C@@]3(O)[C@H]4Cc6ccc(O)c7c6[C@@]3(CCN4CC3CC3)[C@H]5O7)c3ccc(S(=O)(=O)[O-])cc3C2(C)C)C(C)(C)c2cc(S(=O)(=O)O)ccc21,8.5317
CN1/C(=C/C=C/C2=[N+](CCCCCC(=O)NCC(=O)NCC(=O)NCC(=O)NCC(=O)NCCCNC(=N)Nc3ccc4[nH]c5c(c4c3)C[C@@]3(O)[C@H]4Cc6ccc(O)c7c6[C@@]3(CCN4CC3CC3)[C@H]5O7)c3ccc(S(=O)(=O)[O-])cc3C2(C)C)C(C)(C)c2cc(S(=O)(=O)O)ccc21,8.4949
CC(C)[C@H]1CC[C@@H](N2CCC(N3CCc4ccccc43)CC2)CC1,6.2503
CC(C)[C@H]1CC[C@@H](N2CCC(n3ccc4ccccc43)CC2)CC1,5.7975
CC(C)[C@H]1CC[C@@H](N2CCC(n3cc(CN)c4ccccc43)CC2)CC1,6.2623
CC(C)[C@H]1CC[C@@H](N2CCC(n3cc(CCN)c4ccccc43)CC2)CC1.Cl.Cl,5.5607
CC(C)[C@H]1CC[C@@H](N2CCC(n3cc(CCCN)c4ccccc43)CC2)CC1.Cl.Cl,5.8794
CC(C)[C@H]1CC[C@@H](N2CCC(n3cc(CN4CCCC4)c4ccccc43)CC2)CC1,6.3363
CC(C)[C@H]1CC[C@@H](N2CCC(n3cc(CN4CCC(N)CC4)c4ccccc43)CC2)CC1,5.4614
CC(C)[C@H]1CC[C@@H](N2CCC(n3cc(CN4CCC(O)CC4)c4ccccc43)CC2)CC1,5.4157
CC(C)[C@H]1CC[C@@H](N2CCC(n3cc(CNCCO)c4ccccc43)CC2)CC1,5.8268
CC(C)[C@H]1CC[C@@H](N2CCC(n3cc(CNC(N)=S)c4ccccc43)CC2)CC1,5.8768
CC(C)[C@H]1CC[C@@H](N2CCC(n3cc(CCNC(N)=S)c4ccccc43)CC2)CC1,7.0915
CC(C)[C@H]1CC[C@@H](N2CCC(n3cc(CCCNC(N)=S)c4ccccc43)CC2)CC1,6.0809
CC(C)[C@H]1CC[C@@H](N2CCC(n3cc(CNC(=O)[C@@H](N)CCCNC(=N)N)c4ccccc43)CC2)CC1,6.1713
CCNCC(=O)NCc1cn(C2CCN([C@H]3CC[C@@H](C(C)C)CC3)CC2)c2ccccc12,5.8416
CC(C)[C@H]1CC[C@@H](N2CCC(n3cc(C(N)=O)c4ccccc43)CC2)CC1,6.3507
O=C(NCCO)[C@@]12C[C@@H]1[C@@H](n1cnc3c(N[C@H]4C[C@H]5CC[C@@H]4C5)nc(Cl)nc31)[C@H](O)[C@@H]2O,5.5800
CC(C)C[C@H](NC(=O)[C@H](Cc1ccccc1)NC(=O)CNC(=O)CNC(=O)[C@@H](N)Cc1ccc(O)cc1)C(=O)O,7.0969
N=C(N)Nc1ccc2c3c([nH]c2c1)[C@@H]1Oc2c(O)ccc4c2[C@@]12CCN(CC1CC1)[C@H](C4)[C@]2(O)C3,8.7959
Ic1ccc(CSc2nnc(-c3ccccn3)n2Cc2cccnc2)cc1,6.0576
Cc1ccc(CSc2nnc(-c3ccccn3)n2Cc2ccco2)cc1C(F)(F)F,6.9957
CC(C)(C)OC(=O)N1CCN(C(=O)Cc2ccc(Cl)c(Cl)c2)[C@@H]2[C@@H](N3CCCC3)CCC[C@@H]21,7.7447
CN1CCN(C(=O)Cc2ccc(Cl)c(Cl)c2)[C@H]2[C@@H]1CCC[C@@H]2N1CCCC1,7.9586
CCN1CCN(C(=O)Cc2ccc(Cl)c(Cl)c2)[C@H]2[C@@H]1CCC[C@@H]2N1CCCC1,7.9586
CCCN1CCN(C(=O)Cc2ccc(Cl)c(Cl)c2)[C@@H]2[C@@H](N3CCCC3)CCC[C@@H]21,8.1024
CCCCN1CCN(C(=O)Cc2ccc(Cl)c(Cl)c2)[C@@H]2[C@@H](N3CCCC3)CCC[C@@H]21,7.7959
O=C(Cc1ccc(Cl)c(Cl)c1)N1CCN(Cc2ccc(F)cc2)[C@H]2CCC[C@H](N3CCCC3)[C@H]21,7.3768
O=C(Cc1ccc(Cl)c(Cl)c1)N1CCN(Cc2cn(CCF)nn2)[C@H]2CCC[C@H](N3CCCC3)[C@H]21,7.3665
O=C(Cc1ccc(Cl)c(Cl)c1)N1CCN(C(=O)COCCF)[C@H]2CCC[C@H](N3CCCC3)[C@H]21,7.1135
CC[C@@H]1CN2CCc3c([nH]c4ccccc34)[C@@H]2C[C@@H]1/C(=C\OC)C(=O)OC,5.7190
CC[C@@H]1CN2CCc3c([nH]c4cccc(OC)c34)[C@@H]2C[C@@H]1/C(=C\OC)C(=O)OC,6.1124
CC[C@@H]1CN2CC[C@@]3(O)C(=Nc4cccc(OC)c43)[C@@H]2C[C@@H]1/C(=C\OC)C(=O)OC,7.1302
CC[C@@H]1CN2CCc3c([nH]c4cccc(OC)c34)[C@H]2C[C@@H]1/C(=C\OC)C(=O)OC,6.4828
CCOc1ccc(CN2CCc3ccccc3C2)cc1CNC(=O)[C@@H](N)Cc1c(C)cc(O)cc1C.O=C(O)C(F)(F)F,7.3546
CCOc1ccc(CN2Cc3ccccc3C2)cc1CNC(=O)[C@@H](N)Cc1c(C)cc(O)cc1C.O=C(O)C(F)(F)F,6.6144
CCOc1ccc(CN2CC3CC3C2)cc1CNC(=O)[C@@H](N)Cc1c(C)cc(O)cc1C.O=C(O)C(F)(F)F,6.6073
CCOc1ccc(CN2CCCCC2)cc1CNC(=O)[C@@H](N)Cc1c(C)cc(O)cc1C.O=C(O)C(F)(F)F,6.9957
CCOc1ccc(CN2CCCC2)cc1CNC(=O)[C@@H](N)Cc1c(C)cc(O)cc1C.O=C(O)C(F)(F)F,6.3665
CCOc1ccc(Cc2ccccc2)cc1CNC(=O)[C@@H](N)Cc1c(C)cc(O)cc1C,5.9208
CCOc1ccc(CNCc2ccccc2)cc1CNC(=O)[C@@H](N)Cc1c(C)cc(O)cc1C.O=C(O)C(F)(F)F,7.6345
CCOc1ccc(CN(C)Cc2ccccc2)cc1CNC(=O)[C@@H](N)Cc1c(C)cc(O)cc1C.O=C(O)C(F)(F)F,7.9066
CCOc1ccc(C(=O)N2Cc3ccccc3C2)cc1CNC(=O)[C@@H](N)Cc1c(C)cc(O)cc1C.O=C(O)C(F)(F)F,6.5834
Cc1cc(O)cc(C)c1C[C@H](N)C(=O)NCc1cccc(Cc2ccccc2)c1.O=C(O)C(F)(F)F,6.3872
Cc1cc(O)cc(C)c1C[C@H](N)C(=O)N[C@H](C)c1cccc(Cc2ccccc2)c1.O=C(O)C(F)(F)F,6.6968
CC[C@@H](NC(=O)[C@@H](N)Cc1c(C)cc(O)cc1C)c1cccc(Cc2ccccc2)c1.O=C(O)C(F)(F)F,6.4815
Cc1ccc(Cc2ccccc2)cc1CNC(=O)[C@@H](N)Cc1c(C)cc(O)cc1C.O=C(O)C(F)(F)F,6.4437
Cc1cc(O)cc(C)c1C[C@H](N)C(=O)NCc1cc(Cc2ccccc2)ccc1Cl.O=C(O)C(F)(F)F,6.2774
Cc1cc(O)cc(C)c1C[C@H](N)C(=O)NCc1cc(Cc2ccccc2)ccc1O.O=C(O)C(F)(F)F,6.5129
CC(=O)Nc1ccc(Cc2ccccc2)cc1CNC(=O)[C@@H](N)Cc1c(C)cc(O)cc1C.O=C(O)C(F)(F)F,5.8097
CCNc1ccc(Cc2ccccc2)cc1CNC(=O)[C@@H](N)Cc1c(C)cc(O)cc1C.O=C(O)C(F)(F)F,6.3893
CCC(=O)Nc1ccc(Cc2ccccc2)cc1CNC(=O)[C@@H](N)Cc1c(C)cc(O)cc1C.O=C(O)C(F)(F)F,5.9626
COc1ccc(Cc2ccccc2)cc1CNC(=O)[C@@H](N)Cc1c(C)cc(O)cc1C.O=C(O)C(F)(F)F,6.2147
Cc1cc(O)cc(C)c1C[C@H](N)C(=O)NCc1cc(Cc2ccccc2)ccc1OC(F)(F)F.O=C(O)C(F)(F)F,6.4318
CCOc1ccc(Cc2ccccc2)cc1CNC(=O)[C@@H](N)Cc1c(C)cc(O)cc1C.O=C(O)C(F)(F)F,5.9281
CCCOc1ccc(Cc2ccccc2)cc1CNC(=O)[C@@H](N)Cc1c(C)cc(O)cc1C.O=C(O)C(F)(F)F,6.4089
Cc1cc(O)cc(C)c1C[C@H](N)C(=O)NCc1cc(Cc2ccccc2)ccc1OCC1CC1.O=C(O)C(F)(F)F,6.4962
Cc1cc(O)cc(C)c1C[C@H](N)C(=O)NCc1cc(Cc2ccccc2)ccc1OCc1ccccc1.O=C(O)C(F)(F)F,6.2403
COc1ccc(Cc2ccccc2)cc1[C@@H](C)NC(=O)[C@@H](N)Cc1c(C)cc(O)cc1C.O=C(O)C(F)(F)F,6.4815
Cc1cc(Oc2nccc3occc23)ccc1-c1c(C)ncc2nccn12,5.5086
Cc1ncc2nccn2c1-c1ccc(Oc2nccc3occc23)cc1C(F)(F)F,5.1427
FC(F)(F)c1cc(Oc2nccc3occc23)ccc1-c1cccc2nccn12,5.8239
FC(F)(F)c1cc(Oc2nccc3ccsc23)ccc1-c1cccc2nccn12,5.4949
NC(=O)[C@H](Cc1ccccc1)NC(=O)[C@H](Cc1ccccc1)NC(=O)[C@@H]1CCCN1C(=O)[C@@H](N)Cc1ccc(O)cc1,5.6126
NC(=O)[C@H](Cc1ccccc1)NC(=O)[C@H](Cc1ccccc1)NC(=O)[C@@H]1CCCN1C(=O)[C@@H](N)Cc1cccc(O)c1,5.0386
Cc1cc(O)cc(C)c1C[C@H](N)C(=O)N1CCC[C@H]1C(=O)N[C@@H](Cc1ccccc1)C(=O)N[C@@H](Cc1ccccc1)C(N)=O,6.2840
Cc1cc(O)c(Cl)c(C)c1C[C@H](N)C(=O)N1CCC[C@H]1C(=O)N[C@@H](Cc1ccccc1)C(=O)N[C@@H](Cc1ccccc1)C(N)=O,7.4283
Cc1cc(C[C@H](N)C(=O)N2CCC[C@H]2C(=O)N[C@@H](Cc2ccccc2)C(=O)N[C@@H](Cc2ccccc2)C(N)=O)cc(C)c1O,5.3325
COc1cc(C[C@H](N)C(=O)N2CCC[C@H]2C(=O)N[C@@H](Cc2ccccc2)C(=O)N[C@@H](Cc2ccccc2)C(N)=O)cc(OC)c1O,5.3489
N[C@@H](Cc1ccc(O)cc1)C(=O)N[C@@H]1CSCc2ccccc2CSC[C@@H](NC(=O)[C@@H](N)Cc2ccc(O)cc2)C(=O)NCC(=O)N[C@@H](Cc2ccc(F)cc2)C(=O)N2CCN(CC2)C(=O)[C@H](Cc2ccc(F)cc2)NC(=O)CNC1=O.O=C(O)C(F)(F)F.O=C(O)C(F)(F)F,7.2525
N[C@@H](Cc1ccc(O)cc1)C(=O)N[C@@H]1CSSC[C@@H](NC(=O)[C@@H](N)Cc2ccc(O)cc2)C(=O)NCC(=O)N[C@@H](Cc2ccc(F)cc2)C(=O)N2CCN(CC2)C(=O)[C@H](Cc2ccc(F)cc2)NC(=O)CNC1=O.O=C(O)C(F)(F)F.O=C(O)C(F)(F)F,7.4371
Cc1cc(O)cc(C)c1C[C@H](N)C(=O)N[C@@H]1CSCc2ccccc2CSC[C@@H](NC(=O)[C@@H](N)Cc2c(C)cc(O)cc2C)C(=O)NCC(=O)N[C@@H](Cc2ccc(F)cc2)C(=O)NNC(=O)[C@H](Cc2ccc(F)cc2)NC(=O)CNC1=O.O=C(O)C(F)(F)F.O=C(O)C(F)(F)F,7.2229
N[C@@H](Cc1ccc(O)cc1)C(=O)N[C@@H]1CSCc2ccccc2CSC[C@@H](NC(=O)[C@@H](N)Cc2ccc(O)cc2)C(=O)NCC(=O)N[C@@H](Cc2ccc(F)cc2)C(=O)NNC(=O)[C@H](Cc2ccc(F)cc2)NC(=O)CNC1=O.O=C(O)C(F)(F)F.O=C(O)C(F)(F)F,6.3132
COC(=O)[C@@H]1C[C@H](OC(=O)Cl)C(=O)[C@H]2[C@@]1(C)CC[C@H]1C(=O)O[C@H](c3ccoc3)C[C@]21C,9.1995
CCC1(C)CC(CCNCc2ccccc2O)(c2ccccc2OC)CCO1,5.4685
CC[C@@H]1CN2CC[C@]3(Nc4cccc(-c5ccccc5)c4C3=O)[C@@H]2C[C@@H]1/C(=C\OC)C(=O)OC,8.8539
CCC1CC2CC3c4[nH]c5ccc(O)cc5c4CCN(C2)C13,6.1427
Ic1ccc(CSc2nnc(-c3ccccn3)n2Cc2ccccn2)cc1,6.9690
CC1=NC2(CCN(C)CC2)C(=O)N(c2c(C)cccc2C)C1=O,5.7678
Cc1cnc(N2CC[C@H](NC3CCCCC3)[C@@H](O)C2)c(-c2nc(C)no2)c1,7.4949
Cc1ccc2nc(N3CCC(NCC(C)C)CC3)c(-c3nc(C)no3)cc2c1,8.8861
Cc1ccc2nc(N3CCC(NCC4CC4)CC3)c(-c3nc(C)no3)cc2c1,8.1549
CCc1ccc2nc(N3CCC(NCC(C)C)CC3)c(-c3nc(C)no3)cc2c1,8.9208
CCc1ccc2nc(N3CCC(NCC4CC4)CC3)c(-c3nc(C)no3)cc2c1,8.7696
CCc1ccc2nc(N3CCC(NC4CCOCC4)CC3)c(-c3nc(C)no3)cc2c1,8.1549
CCc1ccc2nc(N3CCC(N[C@@H](C)C(C)C)CC3)c(-c3nc(C)no3)cc2c1,9.1192
CCc1ccc2nc(N3CCC(N[C@H]4CCCC[C@@H]4O)CC3)c(-c3nc(C)no3)cc2c1,9.2291
CCc1ccc2nc(N3CCC(NCC4(C)COC4)CC3)c(-c3nc(C)no3)cc2c1,8.3032
CCc1ccc2nc(N3CCC(N[C@@H]4CCCOC4)CC3)c(-c3nc(C)no3)cc2c1,9.1135
CCc1ccc2nc(N3CCC(N[C@H]4CCCOC4)CC3)c(-c3nc(C)no3)cc2c1,8.8239
CCc1ccc2nc(N3CCC(N[C@@H]4CCOC4)CC3)c(-c3nc(C)no3)cc2c1,8.0223
CCc1ccc2nc(N3CCC(N[C@H]4CCOC4)CC3)c(-c3nc(C)no3)cc2c1,7.9872
CCc1cc(F)c2nc(N3CCC(NC4CCOCC4)CC3)c(-c3nc(C)no3)cc2c1,8.2596
CCc1cc(F)c2nc(N3CCC(N[C@H]4CCCOC4)CC3)c(-c3nc(C)no3)cc2c1,7.9687
CCc1cc(F)c2nc(N3CCC(N[C@@H]4CCOC4)CC3)c(-c3nc(C)no3)cc2c1,8.2596
CCc1cc(F)c2nc(N3CCC(N[C@H]4CCOC4)CC3)c(-c3nc(C)no3)cc2c1,8.2596
CCc1cc(F)c2nc(N3CCC(N[C@@H]4CCCOC4)CC3)c(-c3nc(C)no3)c(C)c2c1,9.5850
CCc1cc(F)c2nc(N3CCC(N[C@H]4CCCOC4)CC3)c(-c3nc(C)no3)c(C)c2c1,9.2757
CCc1cc(F)c2nc(N3CCC(N[C@@H]4CCOC4)CC3)c(-c3nc(C)no3)c(C)c2c1,9.1079
CCc1cc(F)c2nc(N3CCC(N[C@H]4CCOC4)CC3)c(-c3nc(C)no3)c(C)c2c1,9.0555
Cc1ccc2nc(N3CCC(NC4CCOCC4)CC3)c(-c3nc(C)no3)cc2c1,8.6990
CCc1cc(F)c2nc(N3CCC(N[C@@H]4CCCOC4)CC3)c(-c3nc(C)no3)cc2c1,8.2596
CCc1cc(F)c2nc(N3CCC(NC4CCOCC4)CC3)c(-c3nc(C)no3)c(C)c2c1,8.8239
Cc1cc(O)cc(C)c1C[C@H](N)C(=O)N[C@@H]1CCNc2ccc(Cc3ccccc3)cc21.O=C(O)C(F)(F)F,7.1675
Cc1cc(O)cc(C)c1C[C@H](N)C(=O)N[C@@H]1CCNc2ccc(Cc3cnc4ccccc4c3)cc21.O=C(O)C(F)(F)F,7.7959
Cc1cc(O)cc(C)c1C[C@H](N)C(=O)N[C@@H]1CCNc2ccc(CN3CCc4ccccc4C3)cc21.O=C(O)C(F)(F)F,7.8517
Cc1cc(O)cc(C)c1C[C@H](N)C(=O)N[C@@H]1CCNc2ccc(Cc3ccc4c(c3)OCCO4)cc21.O=C(O)C(F)(F)F,6.9355
Cc1cc(O)cc(C)c1C[C@H](N)C(=O)N[C@@H]1CCNc2ccc(Cc3cc4ccccc4o3)cc21.O=C(O)C(F)(F)F,7.3979
CC(=O)N1CC[C@@H](NC(=O)[C@@H](N)Cc2c(C)cc(O)cc2C)c2cc(Cc3cnc4ccccc4c3)ccc21.O=C(O)C(F)(F)F,7.2757
CC(=O)N1CC[C@@H](NC(=O)[C@@H](N)Cc2c(C)cc(O)cc2C)c2cc(CN3CCc4ccccc4C3)ccc21.O=C(O)C(F)(F)F,7.9146
CC(=O)N1CC[C@@H](NC(=O)[C@@H](N)Cc2c(C)cc(O)cc2C)c2cc(Cc3ccc4c(c3)OCCO4)ccc21.O=C(O)C(F)(F)F,6.8477
CC(=O)N1CC[C@@H](NC(=O)[C@@H](N)Cc2c(C)cc(O)cc2C)c2cc(Cc3cc4ccccc4o3)ccc21.O=C(O)C(F)(F)F,7.2366
Cc1cc(O)cc(C)c1C[C@H](N)C(=O)N[C@@H]1CCN(C(=O)C2CC2)c2ccc(Cc3ccc4ccccc4c3)cc21.O=C(O)C(F)(F)F,6.9318
Cc1cc(O)cc(C)c1C[C@H](N)C(=O)N[C@@H]1CCN(C(=O)C2CC2)c2ccc(Cc3cnc4ccccc4c3)cc21.O=C(O)C(F)(F)F,7.0757
Cc1cc(O)cc(C)c1C[C@H](N)C(=O)N[C@@H]1CCN(C(=O)C2CC2)c2ccc(CN3CCc4ccccc4C3)cc21.O=C(O)C(F)(F)F,7.3979
Cc1cc(O)cc(C)c1C[C@H](N)C(=O)N[C@@H]1CCN(C(=O)C2CC2)c2ccc(Cc3ccc4c(c3)OCCO4)cc21.O=C(O)C(F)(F)F,6.3851
Cc1cc(O)cc(C)c1C[C@H](N)C(=O)N[C@@H]1CCN(C(=O)C2CC2)c2ccc(Cc3cc4ccccc4o3)cc21.O=C(O)C(F)(F)F,7.0088
Cc1cc(O)cc(C)c1C[C@H](N)C(=O)N[C@@H]1CCN(S(C)(=O)=O)c2ccc(Cc3ccccc3)cc21.O=C(O)C(F)(F)F,7.5071
Cc1cc(O)cc(C)c1C[C@H](N)C(=O)N[C@@H]1CCN(S(C)(=O)=O)c2ccc(Cc3ccc4ccccc4c3)cc21.O=C(O)C(F)(F)F,7.5686
Cc1cc(O)cc(C)c1C[C@H](N)C(=O)N[C@@H]1CCN(S(C)(=O)=O)c2ccc(Cc3cnc4ccccc4c3)cc21.O=C(O)C(F)(F)F,8.1549
Cc1cc(O)cc(C)c1C[C@H](N)C(=O)N[C@@H]1CCN(S(C)(=O)=O)c2ccc(CN3CCc4ccccc4C3)cc21.O=C(O)C(F)(F)F,8.1527
Cc1cc(O)cc(C)c1C[C@H](N)C(=O)N[C@@H]1CCN(S(C)(=O)=O)c2ccc(Cc3ccc4c(c3)OCCO4)cc21.O=C(O)C(F)(F)F,7.3372
Cc1cc(O)cc(C)c1C[C@H](N)C(=O)N[C@@H]1CCN(S(C)(=O)=O)c2ccc(Cc3cc4ccccc4o3)cc21.O=C(O)C(F)(F)F,8.0969
Cc1cc(O)cc(C)c1C[C@H](N)C(=O)N[C@@H]1CCN(C(=O)c2ccccc2)c2ccc(Cc3ccc4ccccc4c3)cc21.O=C(O)C(F)(F)F,6.7959
Cc1cc(O)cc(C)c1C[C@H](N)C(=O)N[C@@H]1CCN(C(=O)c2ccccc2)c2ccc(Cc3cnc4ccccc4c3)cc21.O=C(O)C(F)(F)F,7.0000
Cc1cc(O)cc(C)c1C[C@H](N)C(=O)N[C@@H]1CCN(C(=O)c2ccccc2)c2ccc(CN3CCc4ccccc4C3)cc21.O=C(O)C(F)(F)F,6.7959
Cc1cc(O)cc(C)c1C[C@H](N)C(=O)N[C@@H]1CCN(C(=O)c2ccccc2)c2ccc(Cc3ccc4c(c3)OCCO4)cc21.O=C(O)C(F)(F)F,6.6198
Cc1cc(O)cc(C)c1C[C@H](N)C(=O)N[C@@H]1CCN(C(=O)c2ccccc2)c2ccc(Cc3cc4ccccc4o3)cc21.O=C(O)C(F)(F)F,7.0000
N[C@@H](Cc1ccc(O)cc1)C(=O)N[C@@H]1C/C=C\C[C@@H](NC(=O)[C@@H](N)Cc2ccc(O)cc2)C(=O)NCC(=O)N[C@@H](Cc2ccccc2)C(=O)NNC(=O)[C@H](Cc2ccccc2)NC(=O)CNC1=O.O=C(O)C(F)(F)F.O=C(O)C(F)(F)F,6.0199
N[C@@H](Cc1ccc(O)cc1)C(=O)N[C@@H]1C/C=C/C[C@@H](NC(=O)[C@@H](N)Cc2ccc(O)cc2)C(=O)NCC(=O)N[C@@H](Cc2ccccc2)C(=O)NNC(=O)[C@H](Cc2ccccc2)NC(=O)CNC1=O.O=C(O)C(F)(F)F.O=C(O)C(F)(F)F,6.0887
Cc1cc(=O)oc2cc(NC(=O)CCN3C(=O)C4=C(SC[C@@H](NC(=O)[C@@H](N)Cc5ccc(O)cc5)C(=O)NCC(=O)N[C@@H](Cc5ccccc5)C(=O)NNC(=O)[C@H](Cc5ccccc5)NC(=O)CNC(=O)[C@H](NC(=O)[C@@H](N)Cc5ccc(O)cc5)CS4)C3=O)ccc12.O=C(O)C(F)(F)F.O=C(O)C(F)(F)F,6.0000
Cc1cc(=O)oc2ccc(N3C(=O)C4=C(SC[C@@H](NC(=O)[C@@H](N)Cc5ccc(O)cc5)C(=O)NCC(=O)N[C@@H](Cc5ccccc5)C(=O)NNC(=O)[C@H](Cc5ccccc5)NC(=O)CNC(=O)[C@H](NC(=O)[C@@H](N)Cc5ccc(O)cc5)CS4)C3=O)cc12.O=C(O)C(F)(F)F.O=C(O)C(F)(F)F,5.3872
CN(C)c1cccc2c(S(=O)(=O)NCCN3C(=O)C4=C(SC[C@@H](NC(=O)[C@@H](N)Cc5ccc(O)cc5)C(=O)NCC(=O)N[C@@H](Cc5ccccc5)C(=O)NNC(=O)[C@H](Cc5ccccc5)NC(=O)CNC(=O)[C@H](NC(=O)[C@@H](N)Cc5ccc(O)cc5)CS4)C3=O)cccc12.O=C(O)C(F)(F)F.O=C(O)C(F)(F)F,6.3372
COc1ccc(C2CCCN2Cc2ccc(Oc3ccc(C(=O)NO)cc3)cc2)cc1,6.7473
O=C(NO)c1ccc(Oc2ccc(CN3CCCC3c3cccc(F)c3)cc2)c(F)c1,6.3031
COc1cccc(C2CCCN2Cc2ccc(Oc3ccc(C(=O)NO)cc3F)cc2)c1,5.6668
Cc1cc(C)cc(C2CCCN2Cc2ccc(Oc3ccc4c(=O)[nH]oc4c3)cc2)c1,5.8505
Cc1ccc2[nH]c(C(=O)N[C@H]3Cc4ccccc4[C@@H]3C(=O)NCCN(C)C)cc2c1,6.4000
O=C(N[C@H]1CN(S(=O)(=O)c2ccccc2)C[C@@H]1C(=O)N[C@H]1CCCNC1)c1cc(-c2ccccc2)on1,5.7000
O=C(N[C@H]1CN(S(=O)(=O)c2ccccc2)C[C@@H]1C(=O)N[C@H]1CCCNC1)c1cc(-c2ccccc2Cl)on1,6.1000
O=C(Cc1ccccc1)N1CC[C@]23c4c5ccc(O)c4O[C@H]2c2[nH]c4ccccc4c2C[C@@]3(O)[C@H]1C5,5.2226
O=C(CCc1ccccc1)N1CC[C@]23c4c5ccc(O)c4O[C@H]2c2[nH]c4ccccc4c2C[C@@]3(O)[C@H]1C5,5.6676
Oc1ccc2c3c1O[C@H]1c4ncc(-c5ccccc5)cc4C[C@@]4(OCCCc5ccccc5)[C@@H](C2)N(CC2CC2)CC[C@]314,6.8794
Oc1ccc2c3c1O[C@H]1c4ncc(-c5ccc(Br)cc5)cc4C[C@@]4(OCCCc5ccccc5)[C@@H](C2)N(CC2CC2)CC[C@]314,7.6889
Oc1ccc2c3c1O[C@H]1c4ncc(-c5ccc(F)cc5)cc4C[C@@]4(OCCCc5ccccc5)[C@@H](C2)N(CC2CC2)CC[C@]314,7.7109
Oc1ccc2c3c1O[C@H]1c4ncc(-c5ccc(F)cc5F)cc4C[C@@]4(OCCCc5ccccc5)[C@@H](C2)N(CC2CC2)CC[C@]314,7.4449
Oc1ccc2c3c1O[C@H]1c4ncc(-c5ccc(F)c(F)c5)cc4C[C@@]4(OCCCc5ccccc5)[C@@H](C2)N(CC2CC2)CC[C@]314,7.1475
Cc1ccccc1-c1cnc2c(c1)C[C@@]1(OCCCc3ccccc3)[C@H]3Cc4ccc(O)c5c4[C@@]1(CCN3CC1CC1)[C@H]2O5,6.8182
Cc1cccc(-c2cnc3c(c2)C[C@@]2(OCCCc4ccccc4)[C@H]4Cc5ccc(O)c6c5[C@@]2(CCN4CC2CC2)[C@H]3O6)c1,7.7545
Cc1ccc(-c2cnc3c(c2)C[C@@]2(OCCCc4ccccc4)[C@H]4Cc5ccc(O)c6c5[C@@]2(CCN4CC2CC2)[C@H]3O6)cc1,6.9914
Cc1cc(F)ccc1-c1cnc2c(c1)C[C@@]1(OCCCc3ccccc3)[C@H]3Cc4ccc(O)c5c4[C@@]1(CCN3CC1CC1)[C@H]2O5,6.8894
Oc1ccc2c3c1O[C@H]1c4ncc(-c5ccccc5C5CC5)cc4C[C@@]4(OCCCc5ccccc5)[C@@H](C2)N(CC2CC2)CC[C@]314,6.7570
Cc1cccc(C)c1-c1cnc2c(c1)C[C@@]1(OCCCc3ccccc3)[C@H]3Cc4ccc(O)c5c4[C@@]1(CCN3CC1CC1)[C@H]2O5,6.8729
COc1ccccc1-c1cnc2c(c1)C[C@@]1(OCCCc3ccccc3)[C@H]3Cc4ccc(O)c5c4[C@@]1(CCN3CC1CC1)[C@H]2O5,6.8996
COc1cccc(-c2cnc3c(c2)C[C@@]2(OCCCc4ccccc4)[C@H]4Cc5ccc(O)c6c5[C@@]2(CCN4CC2CC2)[C@H]3O6)c1,6.9872
COc1ccc(-c2cnc3c(c2)C[C@@]2(OCCCc4ccccc4)[C@H]4Cc5ccc(O)c6c5[C@@]2(CCN4CC2CC2)[C@H]3O6)cc1,7.7743
Oc1cccc(-c2cnc3c(c2)C[C@@]2(OCCCc4ccccc4)[C@H]4Cc5ccc(O)c6c5[C@@]2(CCN4CC2CC2)[C@H]3O6)c1,7.7423
CN(C)c1ccccc1-c1cnc2c(c1)C[C@@]1(OCCCc3ccccc3)[C@H]3Cc4ccc(O)c5c4[C@@]1(CCN3CC1CC1)[C@H]2O5,8.0991
CN(C)c1cccc(-c2cnc3c(c2)C[C@@]2(OCCCc4ccccc4)[C@H]4Cc5ccc(O)c6c5[C@@]2(CCN4CC2CC2)[C@H]3O6)c1,7.9245
CN(C)c1ccc(-c2cnc3c(c2)C[C@@]2(OCCCc4ccccc4)[C@H]4Cc5ccc(O)c6c5[C@@]2(CCN4CC2CC2)[C@H]3O6)cc1,8.2090
CN(C)Cc1ccccc1-c1cnc2c(c1)C[C@@]1(OCCCc3ccccc3)[C@H]3Cc4ccc(O)c5c4[C@@]1(CCN3CC1CC1)[C@H]2O5,7.6440
NC(=O)Nc1ccccc1-c1cnc2c(c1)C[C@@]1(OCCCc3ccccc3)[C@H]3Cc4ccc(O)c5c4[C@@]1(CCN3CC1CC1)[C@H]2O5,7.8697
CC(=O)Nc1cccc(-c2cnc3c(c2)C[C@@]2(OCCCc4ccccc4)[C@H]4Cc5ccc(O)c6c5[C@@]2(CCN4CC2CC2)[C@H]3O6)c1,6.2161
CC(=O)Nc1ccc(-c2cnc3c(c2)C[C@@]2(OCCCc4ccccc4)[C@H]4Cc5ccc(O)c6c5[C@@]2(CCN4CC2CC2)[C@H]3O6)cc1,7.8210
Oc1ccc2c3c1O[C@H]1c4ncc(-n5cccc5)cc4C[C@@]4(OCCCc5ccccc5)[C@@H](C2)N(CC2CC2)CC[C@]314,7.8601
Oc1ccc2c3c1O[C@H]1c4ncc(-c5ccccn5)cc4C[C@@]4(OCCCc5ccccc5)[C@@H](C2)N(CC2CC2)CC[C@]314,7.7167
Oc1ccc2c3c1O[C@H]1c4ncc(-c5cccnc5)cc4C[C@@]4(OCCCc5ccccc5)[C@@H](C2)N(CC2CC2)CC[C@]314,7.5560
Oc1ccc2c3c1O[C@H]1c4ncc(-c5ccncc5)cc4C[C@@]4(OCCCc5ccccc5)[C@@H](C2)N(CC2CC2)CC[C@]314,7.8013
COc1cc(-c2cnc3c(c2)C[C@@]2(OCCCc4ccccc4)[C@H]4Cc5ccc(O)c6c5[C@@]2(CCN4CC2CC2)[C@H]3O6)ccn1,8.1791
Oc1ccc2c3c1O[C@H]1c4ncc(-c5ccncn5)cc4C[C@@]4(OCCCc5ccccc5)[C@@H](C2)N(CC2CC2)CC[C@]314,7.5114
Oc1ccc2c3c1O[C@H]1c4ncc(-c5cncnc5)cc4C[C@@]4(OCCCc5ccccc5)[C@@H](C2)N(CC2CC2)CC[C@]314,7.6055
Oc1ccc2c3c1O[C@H]1c4ncc(-c5cnccn5)cc4C[C@@]4(OCCCc5ccccc5)[C@@H](C2)N(CC2CC2)CC[C@]314,7.7033
Oc1ccc2c3c1O[C@H]1c4ncc(-c5cn[nH]c5)cc4C[C@@]4(OCCCc5ccccc5)[C@@H](C2)N(CC2CC2)CC[C@]314,7.5258
Cn1cc(-c2cnc3c(c2)C[C@@]2(OCCCc4ccccc4)[C@H]4Cc5ccc(O)c6c5[C@@]2(CCN4CC2CC2)[C@H]3O6)cn1,8.0757
Cc1nocc1-c1cnc2c(c1)C[C@@]1(OCCCc3ccccc3)[C@H]3Cc4ccc(O)c5c4[C@@]1(CCN3CC1CC1)[C@H]2O5,7.6364
Cc1nnc(-c2cnc3c(c2)C[C@@]2(OCCCc4ccccc4)[C@H]4Cc5ccc(O)c6c5[C@@]2(CCN4CC2CC2)[C@H]3O6)o1,7.8297
Oc1ccc2c3c1O[C@H]1c4ncc(-c5ccc(Cl)cc5)cc4C[C@@]4(OCCCc5ccncc5)[C@@H](C2)N(CC2CC2)CC[C@]314,7.9872
Oc1ccc2c3c1O[C@H]1c4ncc(-c5ccc(Cl)cc5)cc4C[C@@]4(OCCOc5ccccc5)[C@@H](C2)N(CC2CC2)CC[C@]314,7.6716
Oc1ccc2c3c1O[C@H]1c4ncc(-c5ccc(Cl)cc5)cc4C[C@@]4(OCc5ccc6ccccc6n5)[C@@H](C2)N(CC2CC2)CC[C@]314,7.5086
Oc1ccc2c3c1O[C@H]1c4ncc(-c5ccccc5)cc4C[C@@]4(OCCCc5ccccn5)[C@@H](C2)N(CC2CC2)CC[C@]314,8.2757
Oc1ccc2c3c1O[C@H]1c4ncc(-c5ccccc5)cc4C[C@@]4(OCCCc5ccncc5)[C@@H](C2)N(CC2CC2)CC[C@]314,7.6596
Oc1ccc2c3c1O[C@H]1c4ncc(-c5ccccc5)cc4C[C@@]4(OCCCc5ccc(F)cc5)[C@@H](C2)N(CC2CC2)CC[C@]314,7.2204
Oc1ccc2c3c1O[C@H]1c4ncc(-c5ccccc5)cc4C[C@@]4(OCCCC5CCCCC5)[C@@H](C2)N(CC2CC2)CC[C@]314,7.3498
Oc1ccc2c3c1O[C@H]1c4ncc(-c5ccccc5)cc4C[C@@]4(OCCCC5CCOCC5)[C@@H](C2)N(CC2CC2)CC[C@]314,7.6055
Oc1ccc2c3c1O[C@H]1c4ncc(-c5ccccc5)cc4C[C@@]4(OCCCCc5ccccc5)[C@@H](C2)N(CC2CC2)CC[C@]314,7.2434
CCO[C@@]12Cc3cc(-c4ccccc4)cnc3[C@@H]3Oc4c(O)ccc5c4[C@@]31CCN(CC1CC1)[C@@H]2C5,6.5986
c1ccc2c(c1)CCO[C@@]21CCC[C@H](NCC2CCCCC2)C1,6.3904
CO[C@@]12CC[C@@H](NCC(=O)NCC(=O)O)[C@@H]3Oc4c(O)ccc5c4[C@@]31CCN(C)[C@@H]2C5,6.0531
CO[C@@]12CC[C@@H](N[C@H](C(=O)N[C@@H](Cc3ccc(O)cc3)C(=O)O)C(C)C)[C@@H]3Oc4c(O)ccc5c4[C@@]31CCN(C)[C@@H]2C5,5.7249
CO[C@@]12CC[C@H](N[C@H](C(=O)N[C@@H](Cc3ccc(O)cc3)C(=O)O)C(C)C)[C@@H]3Oc4c(O)ccc5c4[C@@]31CCN(C)[C@@H]2C5,6.4815
CO[C@@]12CC[C@@H](NCCCC(=O)O)[C@@H]3Oc4c(O)ccc5c4[C@@]31CCN(C)[C@@H]2C5,5.4690
CO[C@@]12CC[C@H](NCCCC(=O)O)[C@@H]3Oc4c(O)ccc5c4[C@@]31CCN(C)[C@@H]2C5,5.6916
CO[C@@]12CC[C@@H](NCCC(=O)O)[C@@H]3Oc4c(O)ccc5c4[C@@]31CCN(C)[C@@H]2C5,6.2062
CO[C@@]12CC[C@H](NCCC(=O)O)[C@@H]3Oc4c(O)ccc5c4[C@@]31CCN(C)[C@@H]2C5,6.7305
CC[C@H](N[C@@H]1CC[C@@]2(OC)[C@H]3Cc4ccc(O)c5c4[C@@]2(CCN3C)[C@H]1O5)C(=O)O,6.2426
CC[C@H](N[C@H]1CC[C@@]2(OC)[C@H]3Cc4ccc(O)c5c4[C@@]2(CCN3C)[C@H]1O5)C(=O)O,6.0259
CO[C@@]12CC[C@@H](N[C@H](C(=O)O)C3CCCCC3)[C@@H]3Oc4c(O)ccc5c4[C@@]31CCN(C)[C@@H]2C5,6.5498
CO[C@@]12CC[C@H](N[C@H](C(=O)O)C3CCCCC3)[C@@H]3Oc4c(O)ccc5c4[C@@]31CCN(C)[C@@H]2C5,6.6021
CO[C@@]12CC[C@@H](N[C@H](Cc3ccccc3)C(=O)O)[C@@H]3Oc4c(O)ccc5c4[C@@]31CCN(C)[C@@H]2C5,6.2140
CO[C@@]12CC[C@H](N[C@H](Cc3ccccc3)C(=O)O)[C@@H]3Oc4c(O)ccc5c4[C@@]31CCN(C)[C@@H]2C5,6.6676
CO[C@@]12CC[C@@H](N[C@@H](C(=O)O)C(C)C)[C@@H]3Oc4c(O)ccc5c4[C@@]31CCN(C)[C@@H]2C5,5.8935
CO[C@@]12CC[C@H](N[C@@H](C(=O)O)C(C)C)[C@@H]3Oc4c(O)ccc5c4[C@@]31CCN(C)[C@@H]2C5,5.6540
CO[C@@]12CC[C@@H](N[C@H](C)C(=O)O)[C@@H]3Oc4c(O)ccc5c4[C@@]31CCN(C)[C@@H]2C5,5.9996
CO[C@@]12CC[C@H](N[C@H](C)C(=O)O)[C@@H]3Oc4c(O)ccc5c4[C@@]31CCN(C)[C@@H]2C5,6.5952
CO[C@@]12CC[C@@H](N[C@@H](CCC(=O)O)C(=O)O)[C@@H]3Oc4c(O)ccc5c4[C@@]31CCN(C)[C@@H]2C5,5.6511
CO[C@@]12CC[C@H](N[C@@H](CCC(=O)O)C(=O)O)[C@@H]3Oc4c(O)ccc5c4[C@@]31CCN(C)[C@@H]2C5,5.9329
CO[C@@]12CC[C@@H](N[C@@H](CC(=O)O)C(=O)O)[C@@H]3Oc4c(O)ccc5c4[C@@]31CCN(C)[C@@H]2C5,6.1232
CO[C@@]12CC[C@H](N[C@@H](CC(=O)O)C(=O)O)[C@@H]3Oc4c(O)ccc5c4[C@@]31CCN(C)[C@@H]2C5,5.5242
CO[C@@]12CC[C@@H](N[C@@H](CCC(N)=O)C(=O)O)[C@@H]3Oc4c(O)ccc5c4[C@@]31CCN(C)[C@@H]2C5,5.8508
CO[C@@]12CC[C@H](N[C@@H](CCC(N)=O)C(=O)O)[C@@H]3Oc4c(O)ccc5c4[C@@]31CCN(C)[C@@H]2C5,6.7328
CO[C@@]12CC[C@@H](N[C@@H](CC(N)=O)C(=O)O)[C@@H]3Oc4c(O)ccc5c4[C@@]31CCN(C)[C@@H]2C5,6.0348
CO[C@@]12CC[C@H](N[C@@H](CC(N)=O)C(=O)O)[C@@H]3Oc4c(O)ccc5c4[C@@]31CCN(C)[C@@H]2C5,7.0878
CO[C@@]12CC[C@@H](N[C@@H](Cc3c[nH]c4ccccc34)C(=O)O)[C@@H]3Oc4c(O)ccc5c4[C@@]31CCN(C)[C@@H]2C5,6.7423
CO[C@@]12CC[C@H](N[C@@H](Cc3c[nH]c4ccccc34)C(=O)O)[C@@H]3Oc4c(O)ccc5c4[C@@]31CCN(C)[C@@H]2C5,7.1543
CO[C@@]12CC[C@@H](N[C@@H](Cc3ccc(O)cc3)C(=O)O)[C@@H]3Oc4c(O)ccc5c4[C@@]31CCN(C)[C@@H]2C5,6.1113
CO[C@@]12CC[C@H](N[C@@H](Cc3ccc(O)cc3)C(=O)O)[C@@H]3Oc4c(O)ccc5c4[C@@]31CCN(C)[C@@H]2C5,7.0000
CO[C@@]12CC[C@@H](N[C@@H](CCCCN)C(=O)O)[C@@H]3Oc4c(O)ccc5c4[C@@]31CCN(C)[C@@H]2C5,6.2798
CO[C@@]12CC[C@H](N[C@@H](CCCCN)C(=O)O)[C@@H]3Oc4c(O)ccc5c4[C@@]31CCN(C)[C@@H]2C5,6.9281
CO[C@@]12CC[C@@H](N[C@H](C(=O)O)C(C)C)[C@@H]3Oc4c(O)ccc5c4[C@@]31CCN(C)[C@@H]2C5,5.9519
CO[C@@]12CC[C@H](N[C@H](C(=O)O)C(C)C)[C@@H]3Oc4c(O)ccc5c4[C@@]31CCN(C)[C@@H]2C5,6.3354
CO[C@@]12CC[C@@H](N[C@@H](CO)C(=O)O)[C@@H]3Oc4c(O)ccc5c4[C@@]31CCN(C)[C@@H]2C5,6.6968
CO[C@@]12CC[C@H](N[C@@H](CO)C(=O)O)[C@@H]3Oc4c(O)ccc5c4[C@@]31CCN(C)[C@@H]2C5,5.9161
CO[C@@]12CC[C@@H](N[C@@H](Cc3ccccc3)C(=O)O)[C@@H]3Oc4c(O)ccc5c4[C@@]31CCN(C)[C@@H]2C5,5.9311
CO[C@@]12CC[C@H](N[C@@H](Cc3ccccc3)C(=O)O)[C@@H]3Oc4c(O)ccc5c4[C@@]31CCN(C)[C@@H]2C5,6.6596
CO[C@@]12CC[C@@H](N[C@@H](C)C(=O)O)[C@@H]3Oc4c(O)ccc5c4[C@@]31CCN(C)[C@@H]2C5,6.4067
CO[C@@]12CC[C@H](N[C@@H](C)C(=O)O)[C@@H]3Oc4c(O)ccc5c4[C@@]31CCN(C)[C@@H]2C5,6.6696
CN1CC[C@]23c4c5ccc(O)c4O[C@H]2[C@H](NCC(=O)O)CC[C@@]3(O)[C@H]1C5,6.4425
CO[C@@]12CC[C@H](NCC(=O)O)[C@@H]3Oc4c(O)ccc5c4[C@@]31CCN(C)[C@@H]2C5,6.3990
Oc1cccc([C@@]23CCC[C@H]([C@H]2O)N(CCc2ccccc2)CC3)c1,6.4911
COC(=O)CC[C@@H]1[C@@H]2CCC[C@@]1(c1cccc(O)c1)CCN2CCc1ccccc1,6.4911
CCOC(=O)CC[C@H]1[C@@H]2CCC[C@@]1(c1cccc(O)c1)CCN2CCc1ccccc1,7.4522
CN(C)CC1CN(C(=O)Nc2ccccc2)CCC1(O)c1cccc(O)c1.Cl,7.0517
CN(C)CC1CN(C(=O)Nc2cccc(Cl)c2)CCC1(O)c1ccccc1.Cl,6.1435
CN(C)CC1CN(C(=O)Nc2ccccc2)CCC1(O)c1ccccc1.Cl,7.3089
C=C(C)[C@@H]1CCC(C)=C[C@H]1c1c(O)cc(CCCCC)cc1O,5.6383
Cc1cc(O)cc(C)c1C[C@H](N)C(=O)N[C@H](CCCCN)C(=O)N[C@@H](Cc1ccccc1)C(=O)N[C@@H](Cc1ccccc1)C(=O)N[C@@H](CCCCN)C(=O)N[C@@H](CCCCN)C(=O)N1CCC[C@H]1C(=O)N[C@@H](Cc1ccccc1)C(=O)N[C@H](C(=O)N[C@@H](CC(C)C)C(=O)O)C(C)(C)C,7.4010
Cc1cc(O)cc(C)c1C[C@H](N)C(=O)N[C@H](CCCNC(=N)N)C(=O)N[C@H]1Cc2ccccc2CN(CCC(=O)N[C@@H](CCCNC(=N)N)C(=O)N[C@@H](CCCNC(=N)N)C(=O)N2CCC[C@H]2C(=O)N[C@@H](Cc2ccc(O)cc2)C(=O)N[C@H](C(=O)N[C@@H](CC(C)C)C(=O)O)C(C)(C)C)C1=O,6.6968
Cc1cc(O)cc(C)c1C[C@H](N)C(=O)N[C@H](CCCNC(=N)N)C(=O)N[C@H]1Cc2ccccc2CN(CCC(=O)N[C@@H](CCCCN)C(=O)N[C@@H](CCCCN)C(=O)N2CCC[C@H]2C(=O)N[C@@H](Cc2ccc(O)cc2)C(=O)N[C@H](C(=O)N[C@@H](CC(C)C)C(=O)O)C(C)(C)C)C1=O,6.2398
Cc1cc(O)cc(C)c1C[C@H](NC(=O)[C@@H]1CCCN1C(=O)[C@H](CCCNC(=N)N)NC(=O)[C@H](CCCNC(=N)N)NC(=O)CCN1Cc2ccccc2C[C@H](NC(=O)[C@@H](CCCNC(=N)N)NC(=O)[C@@H](N)Cc2c(C)cc(O)cc2C)C1=O)C(=O)N[C@H](C(=O)N[C@@H](CC(C)C)C(=O)O)C(C)(C)C,6.6867
Cc1cc(O)cc(C)c1C[C@H](NC(=O)[C@@H]1CCCN1C(=O)[C@H](CCCCN)NC(=O)[C@H](CCCCN)NC(=O)CCN1Cc2ccccc2C[C@H](NC(=O)[C@@H](CCCNC(=N)N)NC(=O)[C@@H](N)Cc2c(C)cc(O)cc2C)C1=O)C(=O)N[C@H](C(=O)N[C@@H](CC(C)C)C(=O)O)C(C)(C)C,6.3316
Cc1cc(O)cc(C)c1C[C@H](NC(=O)[C@@H]1CCCN1C(=O)[C@H](CCCNC(=N)N)NC(=O)C[C@H](CCCNC(=N)N)NC(=O)CCN1Cc2ccccc2C[C@H](NC(=O)[C@@H](CCCNC(=N)N)NC(=O)[C@@H](N)Cc2c(C)cc(O)cc2C)C1=O)C(=O)N[C@H](C(=O)N[C@@H](CC(C)C)C(=O)O)C(C)(C)C,7.1779
Cc1cc(O)cc(C)c1C[C@H](NC(=O)[C@@H]1CCCN1C(=O)[C@H](CCCCN)NC(=O)C[C@H](CCCCN)NC(=O)CCN1Cc2ccccc2C[C@H](NC(=O)[C@@H](CCCNC(=N)N)NC(=O)[C@@H](N)Cc2c(C)cc(O)cc2C)C1=O)C(=O)N[C@H](C(=O)N[C@@H](CC(C)C)C(=O)O)C(C)(C)C,6.6518
Cc1cc(O)cc(C)c1C[C@H](N)C(=O)N[C@H](CCCNC(=N)N)C(=O)N[C@H]1Cc2ccccc2CN(CCC(=O)N[C@@H](CCCNC(=N)N)C(=O)N[C@@H](CCCNC(=N)N)C(=O)N2CCC[C@H]2C(=O)N2Cc3ccc(O)cc3C[C@H]2C(=O)N[C@H](C(=O)N[C@@H](CC(C)C)C(=O)O)C(C)(C)C)C1=O,7.0244
Cc1cc(O)cc(C)c1C[C@H](N)C(=O)N[C@H](CCCNC(=N)N)C(=O)N[C@H]1Cc2ccccc2CN(CCC(=O)N[C@@H](CCCCN)C(=O)N[C@@H](CCCCN)C(=O)N2CCC[C@H]2C(=O)N2Cc3ccc(O)cc3C[C@H]2C(=O)N[C@H](C(=O)N[C@@H](CC(C)C)C(=O)O)C(C)(C)C)C1=O,6.3159
Cc1cc(O)cc(C)c1C[C@H](N)C(=O)N[C@H](CCCNC(=N)N)C(=O)N[C@H]1Cc2ccccc2CN(CCC(=O)N[C@@H](CCCNC(=N)N)C(=O)N[C@@H](CCCNC(=N)N)C(=O)N2CCC[C@H]2C(=O)N[C@@H](Cc2cccc(O)c2)C(=O)N[C@H](C(=O)N[C@@H](CC(C)C)C(=O)O)C(C)(C)C)C1=O,7.0369
Cc1cc(O)cc(C)c1C[C@H](N)C(=O)N[C@H](CCCNC(=N)N)C(=O)N[C@H]1Cc2ccccc2CN(CCC(=O)N[C@@H](CCCCN)C(=O)N[C@@H](CCCCN)C(=O)N2CCC[C@H]2C(=O)N[C@@H](Cc2cccc(O)c2)C(=O)N[C@H](C(=O)N[C@@H](CC(C)C)C(=O)O)C(C)(C)C)C1=O,6.7731
N=C(N)NCCC[C@H](NC(=O)[C@H](CCC(N)=O)NC(=O)[C@@H]1CCCN1C(=O)[C@H]1CSSC[C@@H](NC(=O)[C@@H](N)Cc2ccc(O)cc2)C(=O)NCC(=O)N[C@@H](Cc2ccccc2)C(=O)N1)C(=O)N[C@@H](Cc1ccccc1)C(N)=O,5.6099
N=C(N)NCCC[C@H](NC(=O)[C@H](CCC(N)=O)NC(=O)[C@@H]1CCCN1C(=O)[C@H]1CSSC[C@H](NC(=O)[C@@H](N)Cc2ccc(O)cc2)C(=O)NCC(=O)N[C@@H](Cc2ccccc2)C(=O)N1)C(=O)N[C@@H](Cc1ccccc1)C(N)=O,6.1295
N=C(N)NCCC[C@H](NC(=O)[C@H](CCC(N)=O)NC(=O)[C@@H]1CCCN1C(=O)[C@@H]1CSSC[C@@H](NC(=O)[C@@H](N)Cc2ccc(O)cc2)C(=O)NCC(=O)N[C@@H](Cc2ccccc2)C(=O)N1)C(=O)N[C@@H](Cc1ccccc1)C(N)=O,6.0612
N=C(N)NCCC[C@H](NC(=O)[C@H](CCC(N)=O)NC(=O)[C@@H]1CCCN1C(=O)[C@@H]1CSSC[C@H](NC(=O)[C@@H](N)Cc2ccc(O)cc2)C(=O)NCC(=O)N[C@@H](Cc2ccccc2)C(=O)N1)C(=O)N[C@@H](Cc1ccccc1)C(N)=O,6.5114
N=C(N)NCCC[C@H](NC(=O)[C@H](CCC(N)=O)NC(=O)[C@@H]1CCCN1C(=O)[C@@H](CS)NC(=O)[C@H](Cc1ccccc1)NC(=O)CNC(=O)[C@@H](CS)NC(=O)[C@@H](N)Cc1ccc(O)cc1)C(=O)N[C@@H](Cc1ccccc1)C(N)=O,5.6395
N=C(N)NCCC[C@H](NC(=O)[C@H](CCC(N)=O)NC(=O)[C@@H]1CCCN1C(=O)[C@@H](CS)NC(=O)[C@H](Cc1ccccc1)NC(=O)CNC(=O)[C@H](CS)NC(=O)[C@@H](N)Cc1ccc(O)cc1)C(=O)N[C@@H](Cc1ccccc1)C(N)=O,7.1272
N=C(N)NCCC[C@H](NC(=O)[C@H](CCC(N)=O)NC(=O)[C@@H]1CCCN1C(=O)[C@H](CS)NC(=O)[C@H](Cc1ccccc1)NC(=O)CNC(=O)[C@@H](CS)NC(=O)[C@@H](N)Cc1ccc(O)cc1)C(=O)N[C@@H](Cc1ccccc1)C(N)=O,6.2379
N=C(N)NCCC[C@H](NC(=O)[C@H](CCC(N)=O)NC(=O)[C@@H]1CCCN1C(=O)[C@H](CS)NC(=O)[C@H](Cc1ccccc1)NC(=O)CNC(=O)[C@H](CS)NC(=O)[C@@H](N)Cc1ccc(O)cc1)C(=O)N[C@@H](Cc1ccccc1)C(N)=O,6.7376
C[C@@H](NC(=O)[C@@H](N)Cc1ccc(O)cc1)C(=O)NCC(=O)N[C@@H](Cc1ccccc1)C(=O)N[C@@H](CCC(N)=O)C(=O)N1CCC[C@H]1C(=O)N[C@@H](CCC(N)=O)C(=O)N[C@@H](CCCNC(=N)N)C(=O)N[C@@H](Cc1ccccc1)C(N)=O,6.2500
CC[C@H](C)[C@H](NC(=O)[C@H](CCCNC(=N)N)NC(=O)[C@H](CC(C)C)NC(=O)[C@H](Cc1ccccc1)NC(=O)[C@@H]1CCCN1C(=O)CNC(=O)[C@@H](N)Cc1ccc(O)cc1)C(=O)N[C@@H](CCCNC(=N)N)C(N)=O,6.5288
CC[C@H](C)[C@H](NC(=O)[C@H](CCCNC(=N)N)NC(=O)[C@H](CC(C)C)NC(=O)[C@H](Cc1ccccc1)NC(=O)CNC(=O)CNC(=O)[C@H](Cc1ccc(O)cc1)NC(C)=O)C(=O)N[C@@H](CCCNC(=N)N)C(N)=O,7.1612
CC[C@H](C)[C@H](NC(=O)[C@H](CCCNC(=N)N)NC(=O)[C@H](CC(C)C)NC(=O)[C@H](Cc1ccccc1)NC(=O)CNC(=O)CNC(=O)[C@@H](C)Cc1c(C)cc(O)cc1C)C(=O)N[C@@H](CCCNC(=N)N)C(N)=O,6.9000
CC[C@H](C)[C@H](NC(=O)[C@H](CCCNC(=N)N)NC(=O)[C@H](CC(C)C)NC(=O)[C@H](Cc1ccccc1)NC(=O)CNC(=O)CNC(=O)[C@@H](N)Cc1ccc(O)cc1)C(=O)N[C@@H](CCCNC(=N)N)C(N)=O,9.3915
CC(=O)N[C@@H](Cc1ccc(O)cc1)C(=O)NCC(=O)N1CCC[C@H]1C(=O)N[C@@H](Cc1ccccc1)C(=O)N[C@@H](CC(C)C)C(=O)N[C@@H](CCCN)C(=O)N[C@H](C)C(=O)N[C@@H](CCCNC(=N)N)C(=O)N1CCC[C@H]1C(=O)N[C@@H](CCCCN)C(N)=O,5.2583
CC(=O)N[C@@H](Cc1ccc(O)cc1)C(=O)NCC(=O)NCC(=O)N[C@@H](Cc1ccccc1)C(=O)N[C@@H](CC(C)C)C(=O)N[C@@H](CCCNC(=N)N)C(=O)N[C@H](C)C(=O)N[C@@H](CCCNC(=N)N)C(=O)N1CCC[C@@H]1C(=O)N[C@@H](CCCCN)C(N)=O,6.8694
CC(=O)N[C@@H](Cc1ccc(O)cc1)C(=O)NCC(=O)N1CCC[C@H]1C(=O)N[C@@H](Cc1ccccc1)C(=O)N[C@@H](CC(C)C)C(=O)N[C@@H](CCCNC(=N)N)C(=O)N[C@H](C)C(=O)N[C@@H](CCCNC(=N)N)C(=O)N1CCC[C@@H]1C(=O)N[C@@H](CCCCN)C(N)=O,5.3018
CC(=O)N[C@@H](Cc1ccc(O)cc1)C(=O)NCC(=O)N1CCC[C@H]1C(=O)N[C@@H](Cc1ccccc1)C(=O)N[C@@H](CC(C)C)C(=O)N[C@@H](CCCNC(=N)N)C(=O)N[C@H](C)C(=O)N[C@@H](CCCNC(=N)N)C(=O)N1CCC[C@H]1C(=O)N[C@@H](CCCCN)C(N)=O,5.1620
CC[C@H](C)[C@H](NC(=O)[C@H](CCCNC(=N)N)NC(=O)[C@H](CC(C)C)NC(=O)[C@H](Cc1ccccc1)NC(=O)[C@@H]1CCCN1C(=O)CNC(=O)[C@H](Cc1ccc(O)cc1)NC(C)=O)C(=O)N[C@@H](CCCNC(=N)N)C(=O)N1CCC[C@H]1C(=O)N[C@@H](CCCCN)C(N)=O,5.9833
CC[C@H](C)[C@H](NC(=O)[C@H](CCCNC(=N)N)NC(=O)[C@H](CC(C)C)NC(=O)[C@H](Cc1ccccc1)NC(=O)[C@@H]1CCCN1C(=O)CNC(=O)[C@@H](N)Cc1ccc(O)cc1)C(=O)N[C@@H](CCCNC(=N)N)C(=O)N1CCC[C@H]1C(=O)N[C@@H](CCCCN)C(N)=O,7.0773
CC[C@H](C)[C@H](NC(=O)[C@H](CCCNC(=N)N)NC(=O)[C@H](CC(C)C)NC(=O)[C@H](Cc1ccccc1)NC(=O)CNC(=O)CNC(=O)[C@@H](C)Cc1c(C)cc(O)cc1C)C(=O)N[C@@H](CCCNC(=N)N)C(=O)N1CCC[C@H]1C(=O)N[C@@H](CCCCN)C(=O)O,6.5091
CC[C@H](C)[C@H](NC(=O)[C@H](CCCNC(=N)N)NC(=O)[C@H](CC(C)C)NC(=O)[C@H](Cc1ccccc1)NC(=O)CNC(=O)CNC(=O)[C@H](Cc1ccc(O)cc1)NC(C)=O)C(=O)N[C@@H](CCCNC(=N)N)C(=O)N1CCC[C@H]1C(=O)N[C@@H](CCCCN)C(N)=O,6.9353
CC[C@H](C)[C@H](NC(=O)[C@H](CCCNC(=N)N)NC(=O)[C@H](CC(C)C)NC(=O)[C@H](Cc1ccccc1)NC(=O)CNC(=O)CNC(=O)[C@@H](C)Cc1c(C)cc(O)cc1C)C(=O)N[C@@H](CCCNC(=N)N)C(=O)N1CCC[C@H]1C(=O)N[C@@H](CCCCN)C(N)=O,6.9300
CC[C@H](C)[C@H](NC(=O)[C@H](CCCNC(=N)N)NC(=O)[C@H](CC(C)C)NC(=O)[C@H](Cc1ccccc1)NC(=O)CNC(=O)CNC(=O)[C@@H](N)Cc1ccc(O)cc1)C(=O)N[C@@H](CCCNC(=N)N)C(=O)N1CCC[C@H]1C(=O)N[C@@H](CCCCN)C(N)=O,10.0175
CC[C@H](C)[C@H](NC(=O)[C@H](CCCNC(=N)N)NC(=O)[C@H](CC(C)C)NC(=O)[C@H](Cc1ccccc1)NC(=O)CNC(=O)CNC(=O)[C@@H](N)Cc1ccc(O)cc1)C(=O)N[C@@H](CCCNC(=N)N)C(=O)N1CCC[C@H]1C(=O)N[C@@H](CCCCN)C(=O)O,9.2083
CC[C@H](C)[C@H](NC(=O)[C@H](CCCNC(=N)N)NC(=O)[C@H](CC(C)C)NC(=O)[C@H](Cc1ccccc1)NC(=O)CNC(=O)CNC(=O)[C@@H](N)Cc1ccc(O)cc1)C(=O)N[C@@H](CCCNC(=N)N)C(=O)N1CCC[C@H]1C(=O)N[C@@H](CCCCN)C(=O)N[C@@H](CC(C)C)C(=O)N[C@@H](CCCCN)C(=O)O,9.2545
C[C@@H](NC(=O)[C@@H](N)Cc1ccc(O)cc1)C(=O)NCC(=O)N(C)[C@@H](Cc1ccccc1)C(=O)NCC(=O)N1CCC[C@H]1C(=O)N[C@@H](CCC(N)=O)C(=O)N[C@@H](CCCNC(=N)N)C(=O)N[C@@H](Cc1ccccc1)C(N)=O,5.8287
CSCC[C@@H](NC(=O)[C@H](Cc1ccccc1)NC(=O)CNC(=O)[C@@H](C)NC(=O)[C@@H](N)Cc1ccc(O)cc1)C(=O)N1CCC[C@H]1C(=O)N[C@@H](CCC(N)=O)C(=O)N[C@@H](CCCNC(=N)N)C(=O)N[C@@H](Cc1ccccc1)C(N)=O,5.6098
CSCC[C@H](NC(=O)[C@H](Cc1ccccc1)NC(=O)CNC(=O)[C@@H](C)NC(=O)[C@@H](N)Cc1ccc(O)cc1)C(=O)N1CCC[C@H]1C(=O)N[C@@H](CCC(N)=O)C(=O)N[C@@H](CCCNC(=N)N)C(=O)N[C@@H](Cc1ccccc1)C(N)=O,6.6201
CC(C)C[C@H](NC(=O)[C@H](Cc1ccccc1)NC(=O)CNC(=O)[C@@H](C)NC(=O)[C@@H](N)Cc1ccc(O)cc1)C(=O)N1CCC[C@H]1C(=O)N[C@@H](CCC(N)=O)C(=O)N[C@@H](CCCNC(=N)N)C(=O)N[C@@H](Cc1ccccc1)C(N)=O,6.9199
C[C@@H](NC(=O)[C@@H](N)Cc1ccc(O)cc1)C(=O)NCC(=O)N[C@@H](Cc1ccccc1)C(=O)NCC(=O)N1CCC[C@H]1C(=O)N[C@@H](CCC(N)=O)C(=O)N[C@@H](CCCNC(=N)N)C(=O)N[C@@H](Cc1ccccc1)C(N)=O,5.7888
C[C@@H](NC(=O)[C@@H](N)Cc1ccc(O)cc1)C(=O)NCC(=O)N(C)[C@@H](Cc1ccccc1)C(=O)N[C@@H](CCC(N)=O)C(=O)N1CCC[C@H]1C(=O)N[C@@H](CCC(N)=O)C(=O)N[C@@H](CCCNC(=N)N)C(=O)N[C@@H](Cc1ccccc1)C(N)=O,7.5093
CSCC[C@@H](NC(=O)[C@@H](N)Cc1ccc(O)cc1)C(=O)NCC(=O)N[C@@H](Cc1ccccc1)C(=O)N[C@@H](CCC(N)=O)C(=O)N1CCC[C@H]1C(=O)N[C@@H](CCC(N)=O)C(=O)N[C@@H](CCCNC(=N)N)C(=O)N[C@@H](Cc1ccccc1)C(N)=O,5.8993
N=C(N)NCCC[C@H](NC(=O)[C@H](CCC(N)=O)NC(=O)[C@@H]1CCCN1C(=O)[C@H](CCC(N)=O)NC(=O)[C@H](Cc1ccccc1)NC(=O)CNC(=O)[C@@H](CO)NC(=O)[C@@H](N)Cc1ccc(O)cc1)C(=O)N[C@@H](Cc1ccccc1)C(N)=O,5.8319
CN[C@@H](Cc1ccc(O)cc1)C(=O)N[C@H](C)C(=O)NCC(=O)N[C@@H](Cc1ccccc1)C(=O)N[C@@H](CCC(N)=O)C(=O)N1CCC[C@H]1C(=O)N[C@@H](CCC(N)=O)C(=O)N[C@@H](CCCNC(=N)N)C(=O)N[C@@H](Cc1ccccc1)C(N)=O,5.5887
COC(=O)[C@@H]1C=C(OC(=O)c2ccc(F)cc2)C(=O)[C@H]2[C@@]1(C)CC[C@H]1C(=O)O[C@H](c3ccoc3)C[C@]21C,6.5850
COC(=O)[C@@H]1C=C(OC(=O)c2ccccc2F)C(=O)[C@H]2[C@@]1(C)CC[C@H]1C(=O)O[C@H](c3ccoc3)C[C@]21C,6.7959
COC(=O)[C@@H]1C=C(O)C(=O)[C@H]2[C@@]1(C)CC[C@H]1C(=O)O[C@H](c3ccoc3)C[C@]21C,8.3098
COC(=O)[C@@H]1C=C(OC(C)=O)C(=O)[C@H]2[C@@]1(C)CC[C@H]1C(=O)O[C@H](c3ccoc3)C[C@]21C,9.2518
CC(C)=CCN1CCC2(C)c3cc(O)ccc3CC1C2C,8.1192
CC(C)C[C@@H](NC(=O)[C@@H](Cc1ccccc1)NC(=O)CNCCc1ccccc1)C(=O)N[C@H](CCCCN)C(=O)N1CCOCC1,10.3188
CC(C)C[C@@H](NC(=O)[C@@H](Cc1ccccc1)NC(=O)CNCCCc1ccccc1)C(=O)N[C@H](CCCCN)C(=O)N1CCOCC1,10.3468
CC(C)C[C@@H](NC(=O)[C@@H](Cc1ccccc1)NC(=O)CNCCc1ccccc1)C(=O)N[C@H](CCCCN)C(=O)N1CCC(N)(C(=O)O)CC1,10.2676
CC(C)C[C@@H](NC(=O)[C@@H](Cc1ccccc1)NC(=O)CN[C@H]1C[C@@H]1c1ccccc1)C(=O)N[C@H](CCCCN)C(=O)N1CCOCC1,10.0969
CC(C)C[C@@H](NC(=O)[C@@H](Cc1ccccc1)NC(=O)CNCC1(c2ccccc2)CC1)C(=O)N[C@H](CCCCN)C(=O)N1CCC(N)(C(=O)O)CC1,10.2441
CC(C)C[C@@H](NC(=O)[C@@H](Cc1ccccc1)NC(=O)CNCC(C)(C)c1ccccc1)C(=O)N[C@H](CCCCN)C(=O)N1CCC(N)(C(=O)O)CC1,10.1079
CCC(CNCC(=O)N[C@H](Cc1ccccc1)C(=O)N[C@H](CC(C)C)C(=O)N[C@H](CCCCN)C(=O)N1CCC(N)(C(=O)O)CC1)c1ccccc1,11.5376
CC(C)C[C@@H](NC(=O)[C@@H](Cc1ccccc1)NC(=O)CNC[C@@H](C)c1ccccc1)C(=O)N[C@H](CCCCN)C(=O)N1CCC(N)(C(=O)O)CC1,10.8097
CC(C)C[C@@H](NC(=O)[C@@H](Cc1ccccc1)NC(=O)CNC[C@H](C)c1ccccc1)C(=O)N[C@H](CCCCN)C(=O)N1CCC(N)(C(=O)O)CC1,11.8539
CC(C)C[C@@H](NC(=O)[C@@H](Cc1ccccc1)NC(=O)CNC[C@@H](c1ccccc1)C(C)C)C(=O)N[C@H](CCCCN)C(=O)N1CCC(N)(C(=O)O)CC1,11.0223
CNC(=O)NC1CCN(C(=O)[C@@H](CCCCN)NC(=O)[C@@H](CC(C)C)NC(=O)[C@@H](Cc2ccccc2)NC(=O)CNC[C@H](C)c2ccccc2)CC1,12.2757
N=C(N)NCCC[C@H](NC(=O)[C@H](CCC(N)=O)NC(=O)[C@@H]1CCCN1C(=O)[C@H](CCC(N)=O)NC(=O)[C@H](Cc1ccccc1)NC(=O)[C@H](Cc1ccccc1)NC(=O)[C@@H]1CCCN1C(=O)[C@@H](N)Cc1ccc(O)cc1)C(=O)N[C@@H](Cc1ccccc1)C(N)=O,8.3526
Cc1cc(O)cc(C)c1C[C@H](N)C(=O)N[C@H](CCCNC(=N)N)C(=O)N[C@H]1Cc2ccccc2CN(CCC(=O)N[C@@H](CCCNC(=N)N)C(=O)N[C@@H](Cc2ccccc2)C(N)=O)C1=O,6.9666
Cc1cc(O)cc(C)c1C[C@H](N)C(=O)N[C@H](CCCNC(=N)N)C(=O)N[C@H]1Cc2ccccc2CN(CCC(=O)N[C@@H](CCCN2CCC(Cc3ccccc3)CC2)C(=O)N[C@@H](Cc2ccccc2)C(N)=O)C1=O,7.0223
C/C=C1/CN2CC[C@@]34c5cc(O)ccc5N(C)[C@]35OC[C@@]4(C(=O)OC)[C@H]1C[C@H]25,5.7886
C/C=C1/CN2[C@H]3Cc4c([nH]c5ccccc45)[C@@H]2C[C@@H]1[C@]3(CO)C(=O)OC,4.8239
C/C=C1/CN2CC[C@@]34c5ccccc5N(C)[C@]35OC[C@@]4(C(=O)OC)[C@H]1C[C@H]25,5.6239
C/C=C1/CN2CC[C@]34C(=C(C(=O)OC)[C@H]1C[C@H]23)Nc1ccccc14,6.3504
C/C=C1/CN2CC[C@]34C(=Nc5ccccc53)[C@@H]2C[C@@H]1[C@@]4(COC(C)=O)C(=O)OC,5.9773
C/C=C1/CN2[C@@H]3C[C@@]45c6ccccc6N[C@]4(O3)[C@@H]2C[C@@H]1[C@@]5(COC(C)=O)C(=O)OC,5.6117
COc1ccc2c3c1O[C@H]1[C@@]4(OC)CC[C@@]5(C[C@@H]4c4cccc(N)c4)[C@@H](C2)N(CC2CC2)CC[C@]315,7.8633
CNc1cccc([C@H]2C[C@@]34CC[C@]2(OC)[C@@H]2Oc5c(OC)ccc6c5[C@@]23CCN(CC2CC2)[C@@H]4C6)c1,7.2147
COc1ccc2c3c1O[C@H]1[C@@]4(OC)CC[C@@]5(C[C@@H]4c4cccc(NCC6CC6)c4)[C@@H](C2)N(CC2CC2)CC[C@]315,7.7211
COc1ccc2c3c1O[C@H]1[C@@]4(OC)CC[C@@]5(C[C@@H]4c4cccc(NCC6CCC6)c4)[C@@H](C2)N(CC2CC2)CC[C@]315,8.1427
COc1ccc2c3c1O[C@H]1[C@@]4(OC)CC[C@@]5(C[C@@H]4c4cccc(NCc6ccccc6)c4)[C@@H](C2)N(CC2CC2)CC[C@]315,6.6851
COc1ccc2c3c1O[C@H]1[C@@]4(OC)CC[C@@]5(C[C@@H]4c4cccc(NCc6ccc(C)cc6)c4)[C@@H](C2)N(CC2CC2)CC[C@]315,7.3410
COc1ccc(CNc2cccc([C@H]3C[C@@]45CC[C@]3(OC)[C@@H]3Oc6c(OC)ccc7c6[C@@]34CCN(CC3CC3)[C@@H]5C7)c2)cc1,8.2576
COc1ccc2c3c1O[C@H]1[C@@]4(OC)CC[C@@]5(C[C@@H]4c4cccc(NCc6ccc(Cl)nc6)c4)[C@@H](C2)N(CC2CC2)CC[C@]315,8.0969
COc1ccc2c3c1O[C@H]1[C@@]4(OC)CC[C@@]5(C[C@@H]4c4cccc(NC(=O)C6CC6)c4)[C@@H](C2)N(CC2CC2)CC[C@]315,6.6149
COc1ccc2c3c1O[C@H]1[C@@]4(OC)CC[C@@]5(C[C@@H]4c4cccc(NC(=O)c6ccccc6)c4)[C@@H](C2)N(CC2CC2)CC[C@]315,7.3325
COc1ccc(C(=O)Nc2cccc([C@H]3C[C@@]45CC[C@]3(OC)[C@@H]3Oc6c(OC)ccc7c6[C@@]34CCN(CC3CC3)[C@@H]5C7)c2)cc1,6.5717
COc1ccc2c3c1O[C@H]1[C@@]4(OC)CC[C@@]5(C[C@@H]4c4cccc(NC(=O)c6ccc(C)c(C)c6)c4)[C@@H](C2)N(CC2CC2)CC[C@]315,7.4271
COc1ccc2c3c1O[C@H]1[C@@]4(OC)CC[C@@]5(C[C@@H]4c4cccc(NCC(O)COc6cccc7[nH]c8ccccc8c67)c4)[C@@H](C2)N(CC2CC2)CC[C@]315,7.0278
COc1ccc2c3c1O[C@H]1[C@@]4(OC)CC[C@@]5(C[C@@H]4c4cccc(NCc6ccc(F)cc6)c4)[C@@H](C2)N(CC2CC2)CC[C@]315,8.0088
COc1ccc2c3c1O[C@H]1[C@@]4(OC)CC[C@@]5(C[C@@H]4c4cccc(NCc6cccc(C)c6)c4)[C@@H](C2)N(CC2CC2)CC[C@]315,7.2503
COc1cccc(CNc2cccc([C@H]3C[C@@]45CC[C@]3(OC)[C@@H]3Oc6c(OC)ccc7c6[C@@]34CCN(CC3CC3)[C@@H]5C7)c2)c1,7.9318
COc1ccc2c3c1O[C@H]1[C@@]4(OC)CC[C@@]5(C[C@@H]4c4cccc(NCc6ccc(OC(F)(F)F)cc6)c4)[C@@H](C2)N(CC2CC2)CC[C@]315,6.3734
COc1ccc2c3c1O[C@H]1[C@@]4(OC)CC[C@@]5(C[C@@H]4c4cccc(NCc6ccc(C(F)(F)F)cc6)c4)[C@@H](C2)N(CC2CC2)CC[C@]315,7.2924
COc1ccc2c3c1O[C@H]1[C@@]4(OC)CC[C@@]5(C[C@@H]4c4cccc(NCc6ccc([N+](=O)[O-])cc6)c4)[C@@H](C2)N(CC2CC2)CC[C@]315,7.3125
COc1ccc2c3c1O[C@H]1[C@@]4(OC)CC[C@@]5(C[C@@H]4c4cccc(NCc6ccc(N)cc6)c4)[C@@H](C2)N(CC2CC2)CC[C@]315,8.1805
COc1ccc2c3c1O[C@H]1[C@@]4(OC)CC[C@@]5(C[C@@H]4c4cccc(NCc6ccc(O)cc6)c4)[C@@H](C2)N(CC2CC2)CC[C@]315,7.7932
COc1ccc2c3c1O[C@H]1[C@@]4(OC)CC[C@@]5(C[C@@H]4c4cccc(NCc6ccc(OC(C)=O)cc6)c4)[C@@H](C2)N(CC2CC2)CC[C@]315,7.8570
COc1ccc2c3c1O[C@H]1[C@@]4(OC)CC[C@@]5(C[C@@H]4c4cccc(NCc6ccc(OCC7CC7)cc6)c4)[C@@H](C2)N(CC2CC2)CC[C@]315,6.6985
COc1ccc2c3c1O[C@H]1[C@@]4(OC)CC[C@@]5(C[C@@H]4c4cccc(NCc6ccc(OCC7CCC7)cc6)c4)[C@@H](C2)N(CC2CC2)CC[C@]315,6.6488
COc1ccc(CNc2cccc([C@H]3C[C@@]45CC[C@]3(OC)[C@@H]3Oc6c(O)ccc7c6[C@@]34CCN(CC3CC3)[C@@H]5C7)c2)cc1,10.7959
O=S(=O)(c1cccc(F)c1)n1ccc2c(N3CCNCC3)nc3ccccc3c21,5.4855
CCCCN(CCCC)C(=O)CN1C[C@@H](c2cc(OC)c3c(c2)OCO3)[C@H](C(=O)O)[C@H]1CC(C)(C)CCC,5.5526
Cc1cc(C)c(-n2ccn3nc(-c4cccnc4)cc23)cc1NC(=O)c1cc(C#N)cc(S(F)(F)(F)(F)F)c1,6.9044
Cc1cc(NC(=O)c2cccc(S(F)(F)(F)(F)F)c2)cc(-n2ccn3nc(-c4cccnc4)cc23)c1,5.0000
CNCc1ccccc1-c1csc([C@H](C)Nc2nc(C)nc3cc(OC)c(OC)cc23)c1,6.0750
Cc1c[nH]c2nccc(Oc3c(F)cc(Nc4cc(Cl)nc(N)n4)cc3F)c12,6.7274
Cn1cc(Cl)c2c(Oc3c(F)cc(Nc4cc(Cl)nc(N)n4)cc3F)ccnc21,6.4083
CC(C)(C)OC(=O)N1CCCC1CNC1CCC(c2cc(F)ccc2F)(S(=O)(=O)c2ccc(Cl)cc2)CC1,5.4808
O=C(O)c1cc(-c2ccc(C3CCNCC3)cc2)c2ccc(-c3ccc(C(F)(F)F)cc3)cc2c1,5.2944
Cc1ccc2nc(CNCCCOc3ccccc3)cc(O)c2c1,5.6484
O=C(Nc1cnc(Oc2ccc(F)cc2)nc1)N1CCc2ncccc2[C@@H]1c1ccc(F)cc1,5.1172
O=C(Nc1ccc(Oc2ccc(F)cc2)cc1)N1CCc2ncccc2[C@H]1c1ccc(F)cc1,5.5038
CCOc1cc(N2C3COCC2CN(C(=O)[C@H]2C[C@H](O)CN2c2ccc(Cl)cc2)C3)ccc1Cl,5.5211
Cc1cc(O)cc(C)c1C[C@H](NC(=O)[C@H](Cc1ccccc1)NC(=O)CNC(=O)CNC(=O)[C@@H](N)Cc1c(C)cc(O)cc1C)C(=O)NCC(=O)N[C@@H](C)C(=O)N[C@@H](CCCNC(=N)N)C(=O)N[C@@H](CCCCN)C(=O)N[C@@H](CO)C(=O)N[C@@H](C)C(=O)N[C@@H](CCCNC(=N)N)C(=O)N[C@@H](CCCCN)C(N)=O,8.4900
CN1C(=O)CNC(=O)[C@H](NC(=O)[C@@H](N)Cc2ccc(O)cc2)CCCCNC(=O)C[C@@H](C(=O)N2CCC[C@H]2C(=O)N[C@@H](CCC(N)=O)C(=O)N[C@@H](CCCNC(=N)N)C(=O)N[C@@H](Cc2ccccc2)C(N)=O)NC(=O)[C@@H]1Cc1ccccc1,7.4095
CN1C(=O)CNC(=O)[C@@H](NC(=O)[C@@H](N)Cc2ccc(O)cc2)CCCCNC(=O)C[C@@H](C(=O)N2CCC[C@H]2C(=O)N[C@@H](CCC(N)=O)C(=O)N[C@@H](CCCNC(=N)N)C(=O)N[C@@H](Cc2ccccc2)C(N)=O)NC(=O)[C@@H]1Cc1ccccc1,6.4974
CN1C(=O)CNC(=O)[C@H](NC(=O)[C@@H](N)Cc2ccc(O)cc2)CC(=O)NCCCC[C@@H](C(=O)N2CCC[C@H]2C(=O)N[C@@H](CCC(N)=O)C(=O)N[C@@H](CCCNC(=N)N)C(=O)N[C@@H](Cc2ccccc2)C(N)=O)NC(=O)[C@@H]1Cc1ccccc1,7.0900
CN1C(=O)CNC(=O)[C@H](NC(=O)[C@@H](N)Cc2ccc(O)cc2)CCCNC(=O)C[C@@H](C(=O)N2CCC[C@H]2C(=O)N[C@@H](CCC(N)=O)C(=O)N[C@@H](CCCNC(=N)N)C(=O)N[C@@H](Cc2ccccc2)C(N)=O)NC(=O)[C@@H]1Cc1ccccc1,6.8585
CN1C(=O)CNC(=O)[C@H](NC(=O)[C@@H](N)Cc2ccc(O)cc2)CCNC(=O)C[C@@H](C(=O)N2CCC[C@H]2C(=O)N[C@@H](CCC(N)=O)C(=O)N[C@@H](CCCNC(=N)N)C(=O)N[C@@H](Cc2ccccc2)C(N)=O)NC(=O)[C@@H]1Cc1ccccc1,7.1488
CN1C(=O)CNC(=O)[C@H](NC(=O)[C@@H](N)Cc2ccc(O)cc2)CNC(=O)C[C@@H](C(=O)N2CCC[C@H]2C(=O)N[C@@H](CCC(N)=O)C(=O)N[C@@H](CCCNC(=N)N)C(=O)N[C@@H](Cc2ccccc2)C(N)=O)NC(=O)[C@@H]1Cc1ccccc1,6.8632
NCCCCN(C[C@H]1Cc2ccccc2CN1)[C@H]1CCCc2cccnc21,5.7959
NCCCCN(C[C@H]1Cc2ncccc2CN1)[C@H]1CCCc2cccnc21,5.9586
NCCCCN(C[C@H]1Cc2cccnc2CN1)[C@H]1CCCc2cccnc21,5.3979
c1cnc2c(c1)CN[C@@H](CN(CCCCNC1CCOCC1)[C@H]1CCCc3cccnc31)C2,5.3665
CN(CCCCN(C[C@H]1Cc2ncccc2CN1)[C@H]1CCCc2cccnc21)C1CCOCC1,5.0506
c1cnc2c(c1)CN[C@@H](CN(CCCCNC1COC1)[C@H]1CCCc3cccnc31)C2,4.9957
c1cnc2c(c1)CN[C@@H](CN(CCCC1CCNCC1)[C@H]1CCCc3cccnc31)C2,5.3188
C[N+]1(CC2CC2)CC[C@]23c4c5ccc(O)c4O[C@H]2C(=O)CC[C@@]3(O)[C@H]1C5,7.5229
O=C(N[C@@H]1CC[C@@]2(O)[C@H]3Cc4ccc(O)c5c4[C@@]2(CCN3CC2CC2)[C@H]1O5)c1cnc[nH]1,7.9318
O=C(Cc1cc[nH]n1)N[C@H]1CC[C@@]2(O)[C@H]3Cc4ccc(O)c5c4[C@@]2(CCN3CC2CC2)[C@H]1O5,7.0044
CCC(=O)N(c1ccc(Cl)c(Cl)c1)C1CCN(C(=O)[C@H](Cc2ccccc2)NC(=O)CNC(=O)[C@@H](C)NC(=O)[C@@H](N)Cc2ccc(O)cc2)CC1,7.0483
CCC(=O)N(c1ccc(Cl)c(Cl)c1)C1CCN(C(=O)[C@H](Cc2ccc(Cl)cc2)NC(=O)CNC(=O)[C@@H](C)NC(=O)[C@@H](N)Cc2ccc(O)cc2)CC1,7.0239
CCCC[C@@H](NC(=O)[C@@H](N)Cc1ccc(O)cc1)C(=O)NCC(=O)N[C@@H](Cc1ccc(F)cc1)C(=O)N1CCC(N(C(=O)CC)c2ccc(Cl)c(Cl)c2)CC1,7.3895
CCC(=O)N(c1ccc(Cl)c(Cl)c1)C1CCN(C(=O)[C@H](Cc2ccc(Cl)cc2)NC(=O)CNC(=O)[C@@H](C)NC(=O)[C@@H](N)Cc2c(C)cc(O)cc2C)CC1,7.9283
CCCC[C@@H](NC(=O)[C@@H](N)Cc1c(C)cc(O)cc1C)C(=O)NCC(=O)N[C@@H](Cc1ccc(F)cc1)C(=O)N1CCC(N(C(=O)CC)c2ccc(Cl)c(Cl)c2)CC1,8.5219
CCC(=O)N(c1ccc(Cl)c(Cl)c1)C1CCN(C(=O)[C@H](Cc2ccc(Cl)cc2)NC(=O)CNC(=O)[C@H]2Cc3ccccc3CN2C(=O)[C@@H](N)Cc2cc(C)c(O)c(C)c2)CC1,8.9979
CCC(=O)N(c1ccc(Cl)c(Cl)c1)C1CCN(C(=O)[C@H](Cc2ccc(F)cc2)NC(=O)CNC(=O)[C@H]2Cc3ccccc3CN2C(=O)[C@@H](N)Cc2cc(C)c(O)c(C)c2)CC1,9.5780
CCC(=O)N(c1ccc(Cl)c(Cl)c1)C1CCN(C(=O)[C@H](Cc2ccc(Cl)cc2)NC(=O)[C@H]2Cc3ccccc3CN2C(=O)[C@@H](N)Cc2cc(C)c(O)c(C)c2)CC1,7.1893
CCC(=O)N(c1ccc(Cl)c(Cl)c1)C1CCN(C(=O)[C@H](Cc2ccc(F)cc2)NC(=O)[C@H]2Cc3ccccc3CN2C(=O)[C@@H](N)Cc2cc(C)c(O)c(C)c2)CC1,7.2814
C[C@@H](NC(=O)[C@@H](N)Cc1ccc(O)cc1)C(=O)NCC(=O)N[C@@H](Cc1ccccc1)C(N)=O,6.6500
C=CCOc1cccc(C[C@H](NC(=O)[C@H](Cc2ccccc2)NC(C)=O)C(=O)N[C@@H](Cc2cccc(OCC=C)c2)C(=O)N[C@@H](CCCNC(=N)N)C(=O)N[C@@H](CC(C)C)C(=O)N[C@@H](CCCNC(=N)N)C(=O)N[C@@H](CCCNC(=N)N)C(=O)N[C@H](C)C(=O)N[C@@H](CCCNC(=N)N)C(=O)N2CCC[C@H]2C(=O)N[C@@H](CCCCN)C(N)=O)c1,8.4815
C=CCOc1ccc(C[C@H](NC(C)=O)C(=O)N[C@@H](Cc2cccc(OCC=C)c2)C(=O)N[C@@H](Cc2ccccc2)C(=O)N[C@@H](CCCNC(=N)N)C(=O)N[C@@H](CC(C)C)C(=O)N[C@@H](CCCNC(=N)N)C(=O)N[C@@H](CCCNC(=N)N)C(=O)N[C@H](C)C(=O)N[C@@H](CCCNC(=N)N)C(=O)N2CCC[C@H]2C(=O)N[C@@H](CCCCN)C(N)=O)cc1,7.2062
C=CCOc1ccc(C[C@H](NC(C)=O)C(=O)N[C@@H](Cc2ccc(OCC=C)cc2)C(=O)N[C@@H](Cc2ccccc2)C(=O)N[C@@H](CCCNC(=N)N)C(=O)N[C@@H](CC(C)C)C(=O)N[C@@H](CCCNC(=N)N)C(=O)N[C@@H](CCCNC(=N)N)C(=O)N[C@H](C)C(=O)N[C@@H](CCCNC(=N)N)C(=O)N2CCC[C@H]2C(=O)N[C@@H](CCCCN)C(N)=O)cc1,7.9172
C=CCOc1cccc(C[C@H](NC(C)=O)C(=O)N[C@@H](Cc2cccc(OCC=C)c2)C(=O)N[C@@H](Cc2ccccc2)C(=O)N[C@@H](CCCNC(=N)N)C(=O)N[C@@H](CC(C)C)C(=O)N[C@@H](CCCNC(=N)N)C(=O)N[C@@H](CCCNC(=N)N)C(=O)N[C@H](C)C(=O)N[C@@H](CCCNC(=N)N)C(=O)N2CCC[C@H]2C(=O)N[C@@H](CCCCN)C(N)=O)c1,7.1818
C=CCOc1ccc(C[C@H](NC(=O)[C@H](Cc2cccc(OCC=C)c2)NC(C)=O)C(=O)N[C@@H](Cc2ccccc2)C(=O)N[C@@H](CCCNC(=N)N)C(=O)N[C@@H](CC(C)C)C(=O)N[C@@H](CCCNC(=N)N)C(=O)N[C@@H](CCCNC(=N)N)C(=O)N[C@H](C)C(=O)N[C@@H](CCCNC(=N)N)C(=O)N2CCC[C@H]2C(=O)N[C@@H](CCCCN)C(N)=O)cc1,7.3645
C=CCOc1ccc(C[C@H](NC(=O)[C@H](Cc2ccccc2)NC(C)=O)C(=O)N[C@@H](Cc2ccc(OCC=C)cc2)C(=O)N[C@@H](CCCNC(=N)N)C(=O)N[C@@H](CC(C)C)C(=O)N[C@@H](CCCNC(=N)N)C(=O)N[C@@H](CCCNC(=N)N)C(=O)N[C@H](C)C(=O)N[C@@H](CCCNC(=N)N)C(=O)N2CCC[C@H]2C(=O)N[C@@H](CCCCN)C(N)=O)cc1,7.7235
CC(=O)N[C@H]1Cc2cccc(c2)OC/C=C/COc2ccc(cc2)C[C@@H](C(=O)N[C@@H](Cc2ccccc2)C(=O)N[C@@H](CCCNC(=N)N)C(=O)N[C@@H](CC(C)C)C(=O)N[C@@H](CCCNC(=N)N)C(=O)N[C@@H](CCCNC(=N)N)C(=O)N[C@H](C)C(=O)N[C@@H](CCCNC(=N)N)C(=O)N2CCC[C@H]2C(=O)N[C@@H](CCCCN)C(N)=O)NC1=O,7.5346
CC(=O)N[C@H]1Cc2ccc(cc2)OC/C=C/COc2ccc(cc2)C[C@@H](C(=O)N[C@@H](Cc2ccccc2)C(=O)N[C@@H](CCCNC(=N)N)C(=O)N[C@@H](CC(C)C)C(=O)N[C@@H](CCCNC(=N)N)C(=O)N[C@@H](CCCNC(=N)N)C(=O)N[C@H](C)C(=O)N[C@@H](CCCNC(=N)N)C(=O)N2CCC[C@H]2C(=O)N[C@@H](CCCCN)C(N)=O)NC1=O,7.9318
C=CCOc1ccc(C[C@H](NC(=O)[C@H](Cc2cccc(OCC=C)c2)NC(=O)[C@H](Cc2ccccc2)NC(C)=O)C(=O)N[C@@H](CCCNC(=N)N)C(=O)N[C@@H](CC(C)C)C(=O)N[C@@H](CCCNC(=N)N)C(=O)N[C@@H](CCCNC(=N)N)C(=O)N[C@H](C)C(=O)N[C@@H](CCCNC(=N)N)C(=O)N2CCC[C@H]2C(=O)N[C@@H](CCCCN)C(N)=O)cc1,7.3851
C=CCOc1ccc(C[C@H](NC(=O)[C@H](Cc2ccccc2)NC(C)=O)C(=O)N[C@@H](Cc2cccc(OCC=C)c2)C(=O)N[C@@H](CCCNC(=N)N)C(=O)N[C@@H](CC(C)C)C(=O)N[C@@H](CCCNC(=N)N)C(=O)N[C@@H](CCCNC(=N)N)C(=O)N[C@H](C)C(=O)N[C@@H](CCCNC(=N)N)C(=O)N2CCC[C@H]2C(=O)N[C@@H](CCCCN)C(N)=O)cc1,7.9318
CC(=O)N[C@@H](Cc1ccccc1)C(=O)N[C@H]1Cc2cccc(c2)OC/C=C\COc2cccc(c2)C[C@@H](C(=O)N[C@@H](CCCNC(=N)N)C(=O)N[C@@H](CC(C)C)C(=O)N[C@@H](CCCNC(=N)N)C(=O)N[C@@H](CCCNC(=N)N)C(=O)N[C@H](C)C(=O)N[C@@H](CCCNC(=N)N)C(=O)N2CCC[C@H]2C(=O)N[C@@H](CCCCN)C(N)=O)NC1=O,7.8125
CC(=O)N[C@@H](Cc1ccccc1)C(=O)N[C@H]1Cc2cccc(c2)OC/C=C/COc2ccc(cc2)C[C@@H](C(=O)N[C@@H](CCCNC(=N)N)C(=O)N[C@@H](CC(C)C)C(=O)N[C@@H](CCCNC(=N)N)C(=O)N[C@@H](CCCNC(=N)N)C(=O)N[C@H](C)C(=O)N[C@@H](CCCNC(=N)N)C(=O)N2CCC[C@H]2C(=O)N[C@@H](CCCCN)C(N)=O)NC1=O,7.4067
CC(=O)N[C@@H](Cc1ccccc1)C(=O)N[C@H]1Cc2ccc(cc2)OC/C=C/COc2cccc(c2)C[C@@H](C(=O)N[C@@H](CCCNC(=N)N)C(=O)N[C@@H](CC(C)C)C(=O)N[C@@H](CCCNC(=N)N)C(=O)N[C@@H](CCCNC(=N)N)C(=O)N[C@H](C)C(=O)N[C@@H](CCCNC(=N)N)C(=O)N2CCC[C@H]2C(=O)N[C@@H](CCCCN)C(N)=O)NC1=O,7.7033
CC(=O)N[C@@H](Cc1ccccc1)C(=O)N[C@H]1Cc2ccc(cc2)OC/C=C/COc2ccc(cc2)C[C@@H](C(=O)N[C@@H](CCCNC(=N)N)C(=O)N[C@@H](CC(C)C)C(=O)N[C@@H](CCCNC(=N)N)C(=O)N[C@@H](CCCNC(=N)N)C(=O)N[C@H](C)C(=O)N[C@@H](CCCNC(=N)N)C(=O)N2CCC[C@H]2C(=O)N[C@@H](CCCCN)C(N)=O)NC1=O,7.8327
CC(=O)N[C@H]1Cc2cccc(c2)OC/C=C/COc2cccc(c2)C[C@@H](C(=O)N[C@@H](Cc2ccccc2)C(=O)N[C@@H](CCCNC(=N)N)C(=O)N[C@@H](CC(C)C)C(=O)N[C@@H](CCCNC(=N)N)C(=O)N[C@@H](CCCNC(=N)N)C(=O)N[C@H](C)C(=O)N[C@@H](CCCNC(=N)N)C(=O)N2CCC[C@H]2C(=O)N[C@@H](CCCCN)C(N)=O)NC1=O,7.1662
CC(=O)N[C@H]1Cc2ccc(cc2)OC/C=C/COc2cccc(c2)C[C@@H](C(=O)N[C@@H](Cc2ccccc2)C(=O)N[C@@H](CCCNC(=N)N)C(=O)N[C@@H](CC(C)C)C(=O)N[C@@H](CCCNC(=N)N)C(=O)N[C@@H](CCCNC(=N)N)C(=O)N[C@H](C)C(=O)N[C@@H](CCCNC(=N)N)C(=O)N2CCC[C@H]2C(=O)N[C@@H](CCCCN)C(N)=O)NC1=O,7.2464
COc1ccc(N2CCN(CCCNC(=O)CN3C(=O)C4CCCN4c4c(C)ccnc43)CC2)cc1,5.5498
CN(CCCNC(=O)c1ccc2ccccc2n1)Cc1ccccc1,5.4466
CN(CCCNC(=O)c1cc2ccccc2o1)Cc1ccccc1,5.6216
COc1ccc(CN(C)CCCNC(=O)c2ccco2)cc1OC,5.3797
C=C(C(N)=O)[C@@H](NC(=O)[C@H](Cc1c[nH]c2ccccc12)NC(=O)[C@@H](C)N(C)C(=O)[C@@H](N)Cc1c(C)cc(O)cc1C)c1ccccc1,5.0645
C=C(C(N)=O)[C@@H](NC(=O)[C@H](Cc1c[nH]c2ccccc12)NC(=O)[C@@H](C)N(C)C(=O)[C@@H](N)Cc1c(C)cc(O)cc1C)c1ccco1,5.1739
C=C(C(N)=O)[C@@H](NC(=O)[C@H](Cc1ccccc1)NC(=O)[C@@H](C)N(C)C(=O)[C@@H](N)Cc1c(C)cc(O)cc1C)c1ccco1,5.0804
NC(=O)[C@@H]1CCC(=O)NCCCC[C@@H](NC(=O)[C@@H](N)Cc2ccc(O)cc2)C(=O)N[C@@H](Cc2c[nH]c3ccccc23)C(=O)N[C@@H](Cc2ccccc2)C(=O)N1,6.5482
NC(=O)[C@@H]1CC(=O)NCCCC[C@@H](NC(=O)[C@@H](N)Cc2ccc(O)cc2)C(=O)N[C@@H](Cc2c[nH]c3ccccc23)C(=O)N[C@@H](Cc2ccccc2)C(=O)N1,7.2924
NC(=O)CNC(=O)[C@@H]1CCC(=O)NCCCC[C@@H](NC(=O)[C@@H](N)Cc2ccc(O)cc2)C(=O)N[C@@H](Cc2c[nH]c3ccccc23)C(=O)N[C@@H](Cc2ccccc2)C(=O)N1,5.2908
NC(=O)[C@@H]1CCCCNC(=O)CC[C@@H](NC(=O)[C@@H](N)Cc2ccc(O)cc2)C(=O)N[C@@H](Cc2ccccc2)C(=O)N[C@@H](Cc2ccccc2)C(=O)N1,6.6162
N[C@@H](Cc1ccc(O)cc1)C(=O)N[C@@H]1CCCCNC(=O)[C@H](Cc2ccccc2)NC(=O)[C@H](Cc2c[nH]c3ccccc23)NC1=O,6.6055
C[C@@H](NC(=O)[C@@H](N)Cc1ccc(O)cc1)C(=O)N[C@@H](Cc1ccccc1)C(=O)NCC(=O)N[C@@H](Cc1ccc(O)cc1)C(=O)N1CCC[C@H]1C(=O)N[C@@H](CO)C(N)=O,5.0882
NCCCC[C@H](NC(=O)[C@H](Cc1ccccc1)NC(=O)[C@@H](CCCN=C(N)N)NC(=O)[C@@H](N)Cc1ccc(O)cc1)C(N)=O,5.3737
CC[C@@H]1CN2CC[C@]3(O)c4c(cccc4OC)NC3[C@@H]2C[C@@H]1/C(=C\OC)C(=O)OC,6.4432
C=C[C@H]1CN2CCc3c([nH]c4cccc(OC)c34)[C@@H]2C[C@@H]1/C(=C\OC)C(=O)OC,5.2959
CC[C@H]1CN2CCc3c([nH]c4cccc(OC)c34)[C@@H]2C[C@@H]1/C(=C\OC)C(=O)OC,5.2474
Cc1cc(O)cc(C)c1C[C@H](N)C(=O)N[C@H](CCCNC(=N)N)C(=O)N[C@@H](Cc1ccccc1)C(=O)N[C@@H](CCCCN)C(N)=O,5.6185
C[C@@H]1NC(=O)[C@H](Cc2c[nH]c3ccccc23)NC(=O)[C@H](Cc2ccccc2)NC(=O)[C@H]2CCCN2C1=O,8.0969
C[C@@H]1C(=O)N[C@@H](Cc2ccccc2)C(=O)N[C@@H](Cc2c[nH]c3ccccc23)C(=O)N[C@@H](Cc2ccccc2)C(=O)N1C,6.9469
C[C@@H]1NC(=O)[C@H]2CCCN2C(=O)[C@H](Cc2ccccc2)NC(=O)[C@H](Cc2c[nH]c3ccccc23)NC1=O,6.1785
C[C@@H]1NC(=O)[C@H](Cc2ccccc2)NC(=O)[C@H]2CCCN2C(=O)[C@H](Cc2ccccc2)NC1=O,5.8097
O=C1N[C@H](Cc2ccccc2)C(=O)N2CCC[C@@H]2C(=O)N[C@@H](Cc2ccccc2)C(=O)N[C@H]1Cc1c[nH]c2ccccc12,5.2907
O=C1N[C@@H](Cc2ccccc2)C(=O)N2CCC[C@@H]2C(=O)N[C@H](Cc2ccccc2)C(=O)N[C@H]1Cc1c[nH]c2ccccc12,6.4413
O=C1N[C@H](Cc2ccccc2)C(=O)N2CCC[C@@H]2C(=O)N[C@H](Cc2ccccc2)C(=O)N[C@H]1Cc1c[nH]c2ccccc12,5.5918
O=C1N[C@H](Cc2ccccc2)C(=O)N[C@H](Cc2c[nH]c3ccccc23)C(=O)N[C@@H](Cc2ccccc2)C(=O)N2CCC[C@H]12,6.4522
C[C@H]1NC(=O)[C@H](Cc2ccccc2)NC(=O)[C@H]2CCCN2C(=O)[C@H](Cc2ccccc2)NC1=O,6.0353
CN(C(=O)/C=C/c1ccoc1)[C@@H]1CCC2[C@H]3Cc4ccc(O)c5c4[C@@]2(CCN3CC2CC2)[C@H]1O5,10.5654
CN(C(=O)/C=C/c1ccoc1)[C@@H]1CC=C2[C@H]3Cc4ccc(O)c5c4[C@@]2(CCN3CC2CC2)[C@H]1O5,10.4486
CN(C(=O)/C=C/c1ccoc1)[C@@H]1CCC2[C@H]3Cc4ccc(O)c5c4[C@@]2(CN3CC2CC2)[C@H]1O5,6.5482
CN(C(=O)/C=C/c1ccoc1)[C@@H]1CC=C2[C@H]3Cc4ccc(O)c5c4[C@@]2(CN3CC2CC2)[C@H]1O5,5.8508
COc1ccc2c3c1O[C@H]1[C@@]4(OC)CC[C@@]5(C[C@@]4(C)CO)[C@@H](C2)N(CC2CC2)CC[C@]315,8.4938
COc1ccc2c3c1O[C@H]1[C@@]4(OC)CC[C@@]5(C[C@@]4(C)C=O)[C@@H](C2)N(CC2CC2)CC[C@]315,6.5771
COc1ccc2c3c1O[C@H]1[C@@]4(OC)CC[C@@]5(C[C@@]4(C)[C@H](O)c4ccccc4)[C@@H](C2)N(CC2CC2)CC[C@]315,9.6527
COc1ccc2c3c1O[C@H]1[C@@]4(OC)CC[C@@]5(C[C@@]4(C)[C@H](O)c4ccc(C)cc4)[C@@H](C2)N(CC2CC2)CC[C@]315,7.8827
COc1ccc([C@@H](O)[C@]2(C)C[C@@]34CC[C@]2(OC)[C@@H]2Oc5c(OC)ccc6c5[C@@]23CCN(CC2CC2)[C@@H]4C6)cc1,8.2147
COc1cccc([C@@H](O)[C@]2(C)C[C@@]34CC[C@]2(OC)[C@@H]2Oc5c(OC)ccc6c5[C@@]23CCN(CC2CC2)[C@@H]4C6)c1,7.7747
COc1ccc2c3c1O[C@H]1[C@@]4(OC)CC[C@@]5(C[C@@]4(C)[C@H](O)c4ccc(C(F)(F)F)cc4)[C@@H](C2)N(CC2CC2)CC[C@]315,10.2924
COc1ccc2c3c1O[C@H]1[C@@]4(OC)CC[C@@]5(C[C@@]4(C)[C@H](O)c4ccc(C(C)C)cc4)[C@@H](C2)N(CC2CC2)CC[C@]315,6.7562
COc1ccc2c3c1O[C@H]1[C@@]4(OC)CC[C@@]5(C[C@@]4(C)[C@H](O)c4ccc(Cl)c(Cl)c4)[C@@H](C2)N(CC2CC2)CC[C@]315,5.6183
COc1ccc2c3c1O[C@H]1[C@@]4(OC)CC[C@@]5(C[C@@]4(C)C(=O)c4ccccc4)[C@@H](C2)N(CC2CC2)CC[C@]315,6.9681
COc1ccc2c3c1O[C@H]1[C@@]4(OC)CC[C@@]5(C[C@@]4(C)C(=O)c4ccc(C)cc4)[C@@H](C2)N(CC2CC2)CC[C@]315,7.0809
COc1ccc(C(=O)[C@]2(C)C[C@@]34CC[C@]2(OC)[C@@H]2Oc5c(OC)ccc6c5[C@@]23CCN(CC2CC2)[C@@H]4C6)cc1,6.8336
COc1cccc(C(=O)[C@]2(C)C[C@@]34CC[C@]2(OC)[C@@H]2Oc5c(OC)ccc6c5[C@@]23CCN(CC2CC2)[C@@H]4C6)c1,7.0931
COc1ccc2c3c1O[C@H]1[C@@]4(OC)CC[C@@]5(C[C@@]4(C)C(=O)c4ccc(C(F)(F)F)cc4)[C@@H](C2)N(CC2CC2)CC[C@]315,6.7163
COc1ccc2c3c1O[C@H]1[C@@]4(OC)CC[C@@]5(C[C@@]4(C)C(=O)c4ccc(C(C)C)cc4)[C@@H](C2)N(CC2CC2)CC[C@]315,7.4828
COc1ccc2c3c1O[C@H]1[C@@]4(OC)CC[C@@]5(C[C@@]4(C)C(=O)c4cc(C)cc(C)c4)[C@@H](C2)N(CC2CC2)CC[C@]315,7.0980
COc1ccc2c3c1O[C@H]1[C@@]4(OC)CC[C@@]5(C[C@@]4(C)C(=O)c4ccc6ccccc6c4)[C@@H](C2)N(CC2CC2)CC[C@]315,7.0645
COc1ccc2c3c1O[C@H]1[C@@]4(OC)CC[C@@]5(C[C@@]4(C)C(=O)c4ccc(-c6ccccc6)cc4)[C@@H](C2)N(CC2CC2)CC[C@]315,6.3343
CN(C(=O)/C=C/c1ccoc1)[C@@H]1CC[C@@]2(O)[C@H]3Cc4cccc5c4[C@@]2(CCN3CC2CC2)[C@H]1O5,9.8861
O=C(N[C@@H]1C[C@]23CCN(CC4CC4)[C@H](Cc4ccc(O)cc42)[C@]32CC[C@@H]1O2)c1ccccc1,9.2969
O=C(Cc1ccccc1)N[C@@H]1C[C@]23CCN(CC4CC4)[C@H](Cc4ccc(O)cc42)[C@]32CC[C@@H]1O2,9.1108
O=C(CCc1ccccc1)N[C@@H]1C[C@]23CCN(CC4CC4)[C@H](Cc4ccc(O)cc42)[C@]32CC[C@@H]1O2,8.9902
O=C(N[C@H]1C[C@]23CCN(CC4CC4)[C@H](Cc4ccc(O)cc42)[C@]32CC[C@@H]1O2)c1ccccc1,7.7321
O=C(Cc1ccccc1)N[C@H]1C[C@]23CCN(CC4CC4)[C@H](Cc4ccc(O)cc42)[C@]32CC[C@@H]1O2,8.3199
O=C(CCc1ccccc1)N[C@H]1C[C@]23CCN(CC4CC4)[C@H](Cc4ccc(O)cc42)[C@]32CC[C@@H]1O2,8.4132
CN(C(=O)c1ccccc1)[C@@H]1C[C@]23CCN(CC4CC4)[C@H](Cc4ccc(O)cc42)[C@]32CC[C@@H]1O2,9.1952
CN(C(=O)Cc1ccccc1)[C@@H]1C[C@]23CCN(CC4CC4)[C@H](Cc4ccc(O)cc42)[C@]32CC[C@@H]1O2,8.8148
CN(C(=O)CCc1ccccc1)[C@@H]1C[C@]23CCN(CC4CC4)[C@H](Cc4ccc(O)cc42)[C@]32CC[C@@H]1O2,8.7405
CCOC(=O)[C@]12C[C@@H]1[C@@H](n1ccc3c(NCCc4ccccc4)nc(C#Cc4ccccc4)nc31)[C@H](O)[C@@H]2O,6.6809
CCCCN(CCCC)C(=O)CN1C[C@@H](c2cc(OC)c3c(c2)OCO3)[C@H](C(=O)O)[C@H]1CC(C)(C)CCC.Cl,5.5552
Cl.O=C([C@@H](Cc1cccc(C(F)(F)F)c1)NS(=O)(=O)c1cc(F)c2c(c1)CCNC2)N1CCCC1,5.4202
O=C(/C=C/N1C[C@H]2C[C@@H]1CN2c1ccccn1)c1ccccc1O,4.8861
CN1CCN(C(=O)C(C)(C)c2ccc(C(=O)Nc3cn4cc(-c5cc(C(C)(C)C)cc(C(C)(C)C)c5)ccc4n3)cc2)CC1,6.0044
CN(C)CC1CN(CCc2cccc(C(F)(F)F)c2)CCC1(O)c1cccc(O)c1,7.3377
COc1cccc(C2(O)CCN(CCc3cccc(C(F)(F)F)c3)CC2CN(C)C)c1,6.1719
CN(C)CC1CN(C(=O)Cc2ccccc2)CCC1(O)c1cccc(O)c1,6.7719
CN(C)CC1CN(C(=O)Cc2ccccc2)CCC1(O)c1ccccc1,5.8938
CN(C)CC1CN(C(=O)Cc2ccccc2F)CCC1(O)c1cccc(O)c1,6.6165
CN(C)CC1CN(C(=O)Cc2cccc(F)c2)CCC1(O)c1cccc(O)c1,6.7713
CN(C)CC1CN(C(=O)Cc2ccc(F)cc2)CCC1(O)c1cccc(O)c1,7.3778
CN(C)CC1CN(C(=O)Cc2ccccc2OC(F)(F)F)CCC1(O)c1cccc(O)c1,6.1704
CN(C)CC1CN(C(=O)Cc2cccc(OC(F)(F)F)c2)CCC1(O)c1cccc(O)c1,7.0259
CN(C)CC1CN(C(=O)Cc2ccc(OC(F)(F)F)cc2)CCC1(O)c1cccc(O)c1,7.0287
Cc1ccccc1CC(=O)N1CCC(O)(c2cccc(O)c2)C(CN(C)C)C1,6.6432
Cc1cccc(CC(=O)N2CCC(O)(c3cccc(O)c3)C(CN(C)C)C2)c1,7.1284
Cc1ccc(CC(=O)N2CCC(O)(c3cccc(O)c3)C(CN(C)C)C2)cc1,7.2132
CN(C)CC1CN(C(=O)Cc2ccccc2Cl)CCC1(O)c1cccc(O)c1,6.5574
CN(C)CC1CN(C(=O)Cc2cccc(Cl)c2)CCC1(O)c1cccc(O)c1,7.0852
CN(C)CC1CN(C(=O)Cc2ccc(Cl)cc2)CCC1(O)c1cccc(O)c1,7.3655
CN(C)CC1CN(C(=O)CCc2ccccc2)CCC1(O)c1cccc(O)c1,6.1878
CN(C)CC1CN(C(=O)CCc2ccccc2C(F)(F)F)CCC1(O)c1cccc(O)c1,6.7854
CN(C)CC1CN(C(=O)CCc2cccc(C(F)(F)F)c2)CCC1(O)c1cccc(O)c1,6.9782
COc1cccc(C2(O)CCN(C(=O)C3(c4ccccc4)CCC3)CC2CN(C)C)c1,6.6882
COc1cccc(C2(O)CCN(C(=O)Cc3cccc(Cl)c3)CC2CN(C)C)c1,5.9961
COc1cccc(C2(O)CCN(C(=O)Cc3ccc(Cl)c(Cl)c3)CC2CN(C)C)c1,6.5412
COc1cccc(C2(O)CCN(C(=O)Cc3cccc(F)c3)CC2CN(C)C)c1,5.6276
COc1cccc(C2(O)CCN(C(=O)Cc3cccc(C(F)(F)F)c3)CC2CN(C)C)c1,5.5184
COc1cccc(C2(O)CCN(C(=O)Cc3cc(C(F)(F)F)cc(C(F)(F)F)c3)CC2CN(C)C)c1,5.3542
COc1cccc(C2(O)CCN(C(=O)Cc3cccc([N+](=O)[O-])c3)CC2CN(C)C)c1,5.7018
COc1cccc(C2(O)CCN(C(=O)Cc3ccc4ccccc4c3)CC2CN(C)C)c1,5.5766
COc1cccc(C2(O)CCN(C(=O)Cc3cccc4ccccc34)CC2CN(C)C)c1,5.7693
COc1cccc(C2(O)CCN(C(=O)Cc3c[nH]c4ccccc34)CC2CN(C)C)c1,5.5089
COc1cccc(C2(O)CCN(C(=O)Cn3ccc4ccccc43)CC2CN(C)C)c1,5.3920
CN(C)CC1CN(C(=O)Cc2cc(F)c(F)cc2F)CCC1(O)c1cccc(O)c1,7.1579
CN(C)C[C@@H]1CN(C(=O)Cc2cc(F)c(F)cc2F)CC[C@@]1(O)c1cccc(O)c1,6.4414
CN(C)C[C@H]1CN(C(=O)Cc2cc(F)c(F)cc2F)CC[C@]1(O)c1cccc(O)c1,6.8373
CCOC(=O)[C@]12C[C@@H]1[C@@H](n1ccc3c(NC)nc(C#Cc4ccc(Cl)s4)nc31)[C@H](O)[C@@H]2O,7.3768
C/C=C1/CN2CC[C@@]34c5cc(O)c(Br)cc5N(C)[C@]35OC[C@@]4(C(=O)OC)[C@H]1C[C@H]25,6.5407
C/C=C1/CN2CC[C@@]34c5cc(O)c(I)cc5N(C)[C@]35OC[C@@]4(C(=O)OC)[C@H]1C[C@H]25,6.2183
C/C=C1\CN2CC[C@@]34c5ccccc5N(CC)[C@]35OC[C@@]4(C(=O)OC)[C@H]1C[C@H]25,5.9159
C/C=C1\CN2CC[C@@]34c5ccccc5N(Cc5ccccc5)[C@]35OC[C@@]4(C(=O)OC)[C@H]1C[C@H]25,7.3049
C/C=C1\CN2CC[C@@]34c5ccccc5N(CCc5ccccc5)[C@]35OC[C@@]4(C(=O)OC)[C@H]1C[C@H]25,6.2183
CC[C@H](C)[C@H](NC(=O)[C@H](CCCNC(=N)N)NC(=O)[C@H](CCCNC(=N)N)NC(=O)[C@H](CC(C)C)NC(=O)[C@H](Cc1ccccc1)NC(=O)CNC(=O)CNC(=O)[C@@H](N)Cc1ccc(O)cc1)C(=O)N[C@@H](CCCNC(=N)N)C(=O)N1CCC[C@H]1C(=O)N[C@@H](CCCCN)C(=O)N[C@@H](CC(C)C)C(=O)N[C@@H](CCCCN)C(=O)N[C@@H](Cc1c[nH]c2ccccc12)C(=O)N[C@@H](CC(=O)O)C(=O)N[C@@H](CC(N)=O)C(=O)N[C@@H](CCC(N)=O)C(N)=O,9.0223
CC[C@H](C)[C@H](NC(=O)[C@H](CCCN=C(N)N)NC(=O)[C@H](CCCN=C(N)N)NC(=O)[C@H](CC(C)C)NC(=O)[C@H](Cc1ccccc1)NC(=O)CNC(=O)CNC(=O)[C@@H](N)Cc1ccc(O)cc1)C(=O)N[C@@H](CCCN=C(N)N)C(=O)N1CCC[C@H]1C(=O)N[C@@H](CCCCN)C(=O)N[C@@H](CC(C)C)C(=O)N[C@@H](CCCCN)C(N)=O,9.3979
CC[C@H](C)[C@@H]1NC(=O)[C@H](CCC(N)=O)NC(=O)[C@H](CCCNC(=N)N)NC(=O)[C@H](CCCNC(=N)N)NC(=O)[C@@H]2CSSC[C@@H](C(N)=O)NC(=O)[C@H](CSSC[C@H](NC(=O)[C@@H](N)CC(N)=O)C(=O)N2)NC1=O,5.8315
CC[C@H](C)[C@@H]1NC(=O)[C@H](CCC(N)=O)NC(=O)[C@H](CCCNC(=N)N)NC(=O)[C@H](CCCNC(=N)N)NC(=O)[C@@H]2CSSC[C@H](NC1=O)C(=O)N[C@H](C(N)=O)CSSC[C@H](NC(=O)[C@@H](N)CC(N)=O)C(=O)N2,6.2366
CC[C@H](C)[C@H](NC(=O)[C@H](CCC(N)=O)NC(=O)[C@H](CCCNC(=N)N)NC(=O)[C@H](CCCNC(=N)N)NC(=O)[C@@H]1CSSC[C@H](NC(=O)[C@@H](N)CC(N)=O)C(=O)N1)C(=O)N[C@H]1CSSC[C@@H](C(N)=O)NC1=O,5.0248
CC[C@H](C)[C@H](NC(=O)[C@H](CCC(N)=O)NC(=O)[C@H](CCCNC(=N)N)NC(=O)[C@H](C)NC(=O)[C@@H]1CSSC[C@H](NC(=O)[C@@H](N)CC(N)=O)C(=O)N1)C(=O)N[C@H]1CSSC[C@@H](C(N)=O)NC1=O,6.7696
CC[C@H](C)[C@H](NC(=O)[C@H](CCC(N)=O)NC(=O)[C@H](C)NC(=O)[C@H](CCCNC(=N)N)NC(=O)[C@@H]1CSSC[C@H](NC(=O)[C@@H](N)CC(N)=O)C(=O)N1)C(=O)N[C@H]1CSSC[C@@H](C(N)=O)NC1=O,6.3915
CC[C@H](C)[C@H](NC(=O)[C@H](C)NC(=O)[C@H](CCCNC(=N)N)NC(=O)[C@H](CCCNC(=N)N)NC(=O)[C@@H]1CSSC[C@H](NC(=O)[C@@H](N)CC(N)=O)C(=O)N1)C(=O)N[C@H]1CSSC[C@@H](C(N)=O)NC1=O,6.8761
C[C@H](NC(=O)[C@H](CCC(N)=O)NC(=O)[C@H](CCCNC(=N)N)NC(=O)[C@H](CCCNC(=N)N)NC(=O)[C@@H]1CSSC[C@H](NC(=O)[C@@H](N)CC(N)=O)C(=O)N1)C(=O)N[C@H]1CSSC[C@@H](C(N)=O)NC1=O,5.6105
CC[C@H](C)[C@H](NC(=O)[C@H](CCC(N)=O)NC(=O)[C@H](CCCNC(=N)N)NC(=O)[C@H](CCCNC(=N)N)NC(=O)[C@@H]1CSSC[C@H](NC(=O)[C@@H]2CCC(=O)N2)C(=O)N1)C(=O)N[C@H]1CSSC[C@@H](C(N)=O)NC1=O,7.1707
CC[C@H](C)[C@H](NC(=O)[C@H](CCC(N)=O)NC(=O)[C@H](CCCNC(=N)N)NC(=O)[C@H](CCCNC(=N)N)NC(=O)[C@@H]1CSSC[C@H](NC(=O)[C@@H](N)Cc2ccc(O)cc2)C(=O)N1)C(=O)N[C@H]1CSSC[C@@H](C(N)=O)NC1=O,7.3947
CC[C@H](C)[C@H](NC(=O)[C@H](CCC(N)=O)NC(=O)[C@H](CCCNC(=N)N)NC(=O)[C@@H](N)CCCNC(=N)N)C(N)=O,4.6382
CC[C@H](C)[C@H](NC(=O)[C@H](CCC(N)=O)NC(=O)[C@H](CCCNC(=N)N)NC(=O)[C@H](CCCNC(=N)N)NC(=O)[C@@H]1CSSC[C@H](NC(=O)[C@@H](N)CC(N)=O)C(=O)N1)C(N)=O,4.8338
CC[C@H](C)[C@H](NC(=O)[C@H](CCC(N)=O)NC(=O)[C@H](CCCNC(=N)N)NC(=O)[C@@H](N)CCCNC(=N)N)C(=O)N[C@H]1CSSC[C@@H](C(N)=O)NC1=O,6.5686
CC[C@H](C)[C@H](NC(=O)[C@H](CCC(N)=O)NC(=O)[C@H](CCCNC(=N)N)NC(=O)[C@H](CCCNC(=N)N)NC(=O)[C@@H]1CCC(=O)N1)C(=O)N[C@H]1CSSC[C@@H](C(N)=O)NC1=O,6.7190
CC(C)[C@H](NC(=O)[C@H](CCC(N)=O)NC(=O)[C@H](CCCNC(=N)N)NC(=O)[C@H](CCCNC(=N)N)NC(=O)[C@@H]1CSSC[C@H](NC(=O)[C@@H](N)CC(N)=O)C(=O)N1)C(=O)N[C@H]1CSSC[C@@H](C(N)=O)NC1=O,6.1778
CC(C)C[C@H](NC(=O)[C@H](CCC(N)=O)NC(=O)[C@H](CCCNC(=N)N)NC(=O)[C@H](CCCNC(=N)N)NC(=O)[C@@H]1CSSC[C@H](NC(=O)[C@@H](N)CC(N)=O)C(=O)N1)C(=O)N[C@H]1CSSC[C@@H](C(N)=O)NC1=O,7.6198
N=C(N)NCCC[C@H](NC(=O)[C@H](CCCNC(=N)N)NC(=O)[C@@H]1CSSC[C@H](NC(=O)[C@@H](N)CC(N)=O)C(=O)N1)C(=O)N[C@@H](CCC(N)=O)C(=O)N[C@@H](CC1CCCCC1)C(=O)N[C@H]1CSSC[C@@H](C(N)=O)NC1=O,8.8861
N=C(N)NCCC[C@H](NC(=O)[C@H](CCCNC(=N)N)NC(=O)[C@@H]1CSSC[C@H](NC(=O)[C@@H](N)CC(N)=O)C(=O)N1)C(=O)N[C@@H](CCC(N)=O)C(=O)N[C@@H](Cc1ccccc1)C(=O)N[C@H]1CSSC[C@@H](C(N)=O)NC1=O,7.5528
N=C(N)NCCC[C@H](NC(=O)[C@H](CCCNC(=N)N)NC(=O)[C@@H]1CSSC[C@H](NC(=O)[C@@H](N)CC(N)=O)C(=O)N1)C(=O)N[C@@H](CCC(N)=O)C(=O)N[C@@H](Cc1cccc2ccccc12)C(=O)N[C@H]1CSSC[C@@H](C(N)=O)NC1=O,8.5376
CC[C@H](C)[C@H](NC(=O)[C@H](CCC(N)=O)NC(=O)[C@H](CCCNC(=N)N)NC(=O)[C@H](Cc1c[nH]cn1)NC(=O)[C@@H]1CSSC[C@H](NC(=O)[C@@H](N)CC(N)=O)C(=O)N1)C(=O)N[C@H]1CSSC[C@@H](C(N)=O)NC1=O,6.8633
CC[C@H](C)[C@H](NC(=O)[C@H](CCC(N)=O)NC(=O)[C@H](Cc1c[nH]cn1)NC(=O)[C@H](CCCNC(=N)N)NC(=O)[C@@H]1CSSC[C@H](NC(=O)[C@@H](N)CC(N)=O)C(=O)N1)C(=O)N[C@H]1CSSC[C@@H](C(N)=O)NC1=O,7.0706
CC[C@H](C)[C@H](NC(=O)[C@H](CCC(N)=O)NC(=O)[C@H](CCCNC(=N)N)NC(=O)[C@H](CCCCN)NC(=O)[C@@H]1CSSC[C@H](NC(=O)[C@@H](N)CC(N)=O)C(=O)N1)C(=O)N[C@H]1CSSC[C@@H](C(N)=O)NC1=O,6.3706
CC[C@H](C)[C@H](NC(=O)[C@H](CCC(N)=O)NC(=O)[C@H](CCCCN)NC(=O)[C@H](CCCNC(=N)N)NC(=O)[C@@H]1CSSC[C@H](NC(=O)[C@@H](N)CC(N)=O)C(=O)N1)C(=O)N[C@H]1CSSC[C@@H](C(N)=O)NC1=O,6.6819
CC[C@H](C)[C@H](NC(=O)[C@H](CCC(N)=O)NC(=O)[C@H](CCCNC(=N)N)NC(=O)[C@H](CCCNC(N)=O)NC(=O)[C@@H]1CSSC[C@H](NC(=O)[C@@H](N)CC(N)=O)C(=O)N1)C(=O)N[C@H]1CSSC[C@@H](C(N)=O)NC1=O,6.6615
CC[C@H](C)[C@H](NC(=O)[C@H](CCC(N)=O)NC(=O)[C@H](CCCNC(N)=O)NC(=O)[C@H](CCCNC(=N)N)NC(=O)[C@@H]1CSSC[C@H](NC(=O)[C@@H](N)CC(N)=O)C(=O)N1)C(=O)N[C@H]1CSSC[C@@H](C(N)=O)NC1=O,6.4123
N=C(N)NCCC[C@H](NC(=O)[C@@H]1CCC(=O)N1)C(=O)N[C@@H](CCCNC(=N)N)C(=O)N[C@@H](CCC(N)=O)C(=O)N[C@@H](CC1CCCCC1)C(=O)N[C@H]1CSSC[C@@H](C(N)=O)NC1=O,7.8182
N=C(N)NCCC[C@H](NC(=O)[C@@H](CCCNC(=N)N)NC(=O)[C@@H]1CCC(=O)N1)C(=O)N[C@@H](CCC(N)=O)C(=O)N[C@@H](CC1CCCCC1)C(=O)N[C@H]1CSSC[C@@H](C(N)=O)NC1=O,7.8861
N=C(N)NCCC[C@H](NC(=O)[C@@H]1CCC(=O)N1)C(=O)N[C@H](CCCNC(=N)N)C(=O)N[C@@H](CCC(N)=O)C(=O)N[C@@H](CC1CCCCC1)C(=O)N[C@H]1CSSC[C@@H](C(N)=O)NC1=O,7.7932
N=C(N)NCCC[C@@H](NC(=O)[C@@H]1CCC(=O)N1)C(=O)N[C@H](CCCNC(=N)N)C(=O)N[C@@H](CCC(N)=O)C(=O)N[C@@H](CC1CCCCC1)C(=O)N[C@H]1CSSC[C@@H](C(N)=O)NC1=O,7.8996
N=C(N)NCCC[C@@H](NC(=O)c1ccc(F)cc1)C(=O)N[C@H](CCCNC(=N)N)C(=O)N[C@@H](CCC(N)=O)C(=O)N[C@@H](CC1CCCCC1)C(=O)N[C@H]1CSSC[C@@H](C(N)=O)NC1=O,8.2676
N=C(N)NCCC[C@@H](NC(=O)c1cccc(Br)c1)C(=O)N[C@H](CCCNC(=N)N)C(=O)N[C@@H](CCC(N)=O)C(=O)N[C@@H](CC1CCCCC1)C(=O)N[C@H]1CSSC[C@@H](C(N)=O)NC1=O,8.2757
N=C(N)NCCC[C@@H](NC(=O)c1cccc(Cl)c1)C(=O)N[C@H](CCCNC(=N)N)C(=O)N[C@@H](CCC(N)=O)C(=O)N[C@@H](CC1CCCCC1)C(=O)N[C@H]1CSSC[C@@H](C(N)=O)NC1=O,8.1739
N=C(N)NCCC[C@@H](NC(=O)Cc1ccc(F)cc1)C(=O)N[C@H](CCCNC(=N)N)C(=O)N[C@@H](CCC(N)=O)C(=O)N[C@@H](CC1CCCCC1)C(=O)N[C@H]1CSSC[C@@H](C(N)=O)NC1=O,8.9208
N=C(N)NCCC[C@@H](NC(=O)Cc1cccc(Br)c1)C(=O)N[C@H](CCCNC(=N)N)C(=O)N[C@@H](CCC(N)=O)C(=O)N[C@@H](CC1CCCCC1)C(=O)N[C@H]1CSSC[C@@H](C(N)=O)NC1=O,8.9208
N=C(N)NCCC[C@@H](NC(=O)Cc1cccc(Cl)c1)C(=O)N[C@H](CCCNC(=N)N)C(=O)N[C@@H](CCC(N)=O)C(=O)N[C@@H](CC1CCCCC1)C(=O)N[C@H]1CSSC[C@@H](C(N)=O)NC1=O,8.6778
N=C(N)NCCC[C@@H](NC(=O)c1cc2ccccc2cc1N)C(=O)N[C@H](CCCNC(=N)N)C(=O)N[C@@H](CCC(N)=O)C(=O)N[C@@H](CC1CCCCC1)C(=O)N[C@H]1CSSC[C@@H](C(N)=O)NC1=O,9.1938
N=C(N)NCCC[C@@H](NC(=O)c1cnc2ccccc2c1)C(=O)N[C@H](CCCNC(=N)N)C(=O)N[C@@H](CCC(N)=O)C(=O)N[C@@H](CC1CCCCC1)C(=O)N[C@H]1CSSC[C@@H](C(N)=O)NC1=O,9.1487
N=C(N)NCCC[C@@H](NC(=O)[C@@H]1Cc2ccccc2CN1)C(=O)N[C@H](CCCNC(=N)N)C(=O)N[C@@H](CCC(N)=O)C(=O)N[C@@H](CC1CCCCC1)C(=O)N[C@H]1CSSC[C@@H](C(N)=O)NC1=O,9.0410
N=C(N)NCCC[C@@H](NC(=O)[C@H]1NCCc2ccccc21)C(=O)N[C@H](CCCNC(=N)N)C(=O)N[C@@H](CCC(N)=O)C(=O)N[C@@H](CC1CCCCC1)C(=O)N[C@H]1CSSC[C@@H](C(N)=O)NC1=O,8.9281
N=C(N)NCCC[C@@H](NC(=O)[C@@H](CCCNC(=N)N)NC(=O)[C@@H]1CCCN1C(=O)c1ccc2ccccc2c1)C(=O)N[C@@H](CCC(N)=O)C(=O)N[C@@H](CC1CCCCC1)C(=O)N[C@H]1CSSC[C@@H](C(N)=O)NC1=O,10.1549
N=C(N)NCCC[C@@H](NC(=O)[C@@H](CCCNC(=N)N)NC(=O)[C@@H]1CCCN1C(=O)c1ccc(Cl)cc1)C(=O)N[C@@H](CCC(N)=O)C(=O)N[C@@H](CC1CCCCC1)C(=O)N[C@H]1CSSC[C@@H](C(N)=O)NC1=O,9.8861
N=C(N)NCCC[C@@H](NC(=O)[C@@H](CCCNC(=N)N)NC(=O)[C@@H]1CCCN1C(=O)c1ccccc1)C(=O)N[C@@H](CCC(N)=O)C(=O)N[C@@H](CC1CCCCC1)C(=O)N[C@H]1CSSC[C@@H](C(N)=O)NC1=O,9.4437
COc1ccc(C(=O)N2CCC[C@H]2C(=O)N[C@H](CCCNC(=N)N)C(=O)N[C@H](CCCNC(=N)N)C(=O)N[C@@H](CCC(N)=O)C(=O)N[C@@H](CS)C(=O)N[C@@H](CC2CCCCC2)C(=O)N[C@H]2CSSC[C@@H](C(N)=O)NC2=O)cc1,9.2291
N=C(N)NCCC[C@@H](NC(=O)[C@@H](CCCNC(=N)N)NC(=O)[C@@H]1CCCN1C(=O)c1ccc(Cl)c(Cl)c1)C(=O)N[C@@H](CCC(N)=O)C(=O)N[C@@H](CS)C(=O)N[C@@H](CC1CCCCC1)C(=O)N[C@H]1CSSC[C@@H](C(N)=O)NC1=O,9.0088
N=C(N)NCCC[C@@H](NC(=O)[C@@H](CCCNC(=N)N)NC(=O)[C@@H]1CCCN1C(=O)c1ccc(O)cc1)C(=O)N[C@@H](CCC(N)=O)C(=O)N[C@@H](CS)C(=O)N[C@@H](CC1CCCCC1)C(=O)N[C@H]1CSSC[C@@H](C(N)=O)NC1=O,8.9208
N=C(N)NCCC[C@@H](NC(=O)[C@@H](CCCNC(=N)N)NC(=O)[C@@H]1CCCN1C(=O)c1ccc([N+](=O)[O-])cc1)C(=O)N[C@@H](CCC(N)=O)C(=O)N[C@@H](CS)C(=O)N[C@@H](CC1CCCCC1)C(=O)N[C@H]1CSSC[C@@H](C(N)=O)NC1=O,8.6576
CC1(C)SSC[C@@H](C(N)=O)NC(=O)[C@H]1NC(=O)[C@H](CC1CCCCC1)NC(=O)[C@H](CCC(N)=O)NC(=O)[C@@H](CCCNC(=N)N)NC(=O)[C@@H](CCCNC(=N)N)NC(=O)[C@@H]1CCC(=O)N1,7.9788
CC1(C)SSC[C@@H](C(N)=O)NC(=O)[C@H]1NC(=O)[C@H](CC1CCCCC1)NC(=O)[C@H](CCC(N)=O)NC(=O)[C@@H](CCCNC(=N)N)NC(=O)[C@@H](CCCNC(=N)N)NC(=O)[C@@H]1CCCN1C(=O)c1ccccc1,5.9431
CN(C(=O)[C@H](CC1CCCCC1)NC(=O)[C@H](CCC(N)=O)NC(=O)[C@@H](CCCNC(=N)N)NC(=O)[C@@H](CCCNC(=N)N)NC(=O)[C@@H]1CCCN1C(=O)c1ccccc1)[C@H]1CSSC[C@@H](C(N)=O)NC1=O,7.8239
N=C(N)NCCC[C@@H](NC(=O)[C@@H](CCCNC(=N)N)NC(=O)[C@@H]1CCCN1C(=O)c1ccccc1)C(=O)N[C@@H](CCC(N)=O)C(=O)N[C@H](CN[C@H]1CSSC[C@@H](C(N)=O)NC1=O)CC1CCCCC1,6.8697
N=C(N)NCCC[C@@H](NC(=O)[C@@H](CCCNC(=N)N)NC(=O)[C@@H]1CCCN1C(=O)c1ccccc1)C(=O)N[C@@H](CCC(N)=O)C(=O)N[C@H](C(=O)N[C@H]1CSSC[C@@H](C(N)=O)NC1=O)C1CCCCC1,9.3188
N=C(N)NCCC[C@@H](NC(=O)[C@@H]1CCC(=O)N1)C(=O)N[C@H](CCCNC(=N)N)C(=O)N[C@@H](CCC(N)=O)C(=O)N[C@@H](CC1CCCCC1)C(=O)N[C@H]1CCSSC[C@@H](C(N)=O)NC1=O,6.1062
N=C(N)NCCC[C@@H](NC(=O)[C@@H]1CCC(=O)N1)C(=O)N[C@H](CCCNC(=N)N)C(=O)N[C@@H](CCC(N)=O)C(=O)N[C@@H](CC1CCCCC1)C(=O)N[C@H]1CSSCC[C@@H](C(N)=O)NC1=O,5.8033
N=C(N)NCCC[C@@H](NC(=O)[C@@H]1CCC(=O)N1)C(=O)N[C@H](CCCNC(=N)N)C(=O)N[C@@H](CCC(N)=O)C(=O)N[C@@H](CC1CCCCC1)C(=O)N[C@H]1CCSSCC[C@@H](C(N)=O)NC1=O,6.6180
N=C(N)NCCC[C@@H](NC(=O)[C@@H]1Cc2ccccc2CN1)C(=O)N[C@H](CCCNC(=N)N)C(=O)N[C@@H](CCC(N)=O)C(=O)N[C@@H](CC1CCCCC1)C(=O)N[C@H]1C[Se][Se]C[C@@H](C(N)=O)NC1=O,8.6198
N=C(N)NCCC[C@@H](NC(=O)[C@@H]1CCC(=O)N1)C(=O)N[C@H](CCCNC(=N)N)C(=O)N[C@@H](CCC(N)=O)C(=O)N[C@@H](CC1CCCCC1)C(=O)N[C@H]1C[Se]SC[C@@H](C(N)=O)NC1=O,8.1079
N=C(N)NCCC[C@@H](NC(=O)[C@@H](CCCNC(=N)N)NC(=O)[C@@H]1CCCN1C(=O)c1ccccc1)C(=O)N[C@@H](CCC(N)=O)C(=O)N[C@@H](CC1CCCCC1)C(=O)N[C@H]1CC(=O)NC[C@@H](C(N)=O)NC1=O,6.6326
N=C(N)NCCC[C@@H](NC(=O)[C@@H](CCCNC(=N)N)NC(=O)[C@@H]1CCCN1C(=O)c1ccccc1)C(=O)N[C@@H](CCC(N)=O)C(=O)N[C@@H](CC1CCCCC1)C(=O)N[C@H]1CSCSC[C@@H](C(N)=O)NC1=O,7.8013
N=C(N)NCCC[C@@H](NC(=O)[C@@H](CCCNC(=N)N)NC(=O)[C@@H]1CCCN1C(=O)c1ccccc1)C(=O)N[C@@H](CCC(N)=O)C(=O)N[C@@H](CC1CCCCC1)C(=O)N[C@H]1CSSCCN(CC(N)=O)C1=O,6.3325
N=C(N)NCCC[C@@H](NC(=O)[C@@H](CCCNC(=N)N)NC(=O)[C@@H]1CCCN1C(=O)c1ccccc1)C(=O)N[C@@H](CCC(N)=O)C(=O)N[C@@H](CC1CCCCC1)C(=O)N1CCSSC[C@@H](C(N)=O)NC(=O)C1,6.7011
N=C(N)NCCC[C@H](NC(=O)[C@@H]1CCC(=O)N1)C(=O)N[C@@H](CCCNC(=N)N)C(=O)N[C@@H](CCC(N)=O)C(=O)N[C@@H](CC1CCCCC1)C(=O)N[C@H]1CCCCN(CC(N)=O)C1=O,4.8881
N=C(N)NCCC[C@@H](NC(=O)[C@@H](CCCNC(=N)N)NC(=O)[C@@H]1CCCN1C(=O)c1ccccc1)C(=O)N[C@@H](CCC(N)=O)C(=O)N[C@@H](CC1CCCCC1)C(=O)N1C[C@@H]2C[C@H]1C(=O)N[C@H](C(N)=O)CSS2,6.1046
N=C(N)NCCC[C@@H](NC(=O)[C@@H](CCCNC(=N)N)NC(=O)[C@@H]1CCCN1C(=O)c1ccccc1)C(=O)N[C@@H](CCC(N)=O)C(=O)N[C@@H](CC1CCCCC1)C(=O)N[C@H]1CSS[C@H]2C[C@@H](C(N)=O)N(C2)C1=O,6.6819
N=C(N)NCCC[C@@H](NC(=O)[C@@H](CCCNC(=N)N)NC(=O)[C@@H]1CCCN1C(=O)c1ccc2ccccc2c1)C(=O)N[C@@H](CCC(N)=O)C(=O)N[C@@H](CC1CCCCC1)C(=O)N[C@H]1CSSC[C@@H](C(=O)O)NC1=O,6.6402
N=C(N)NCCC[C@@H](NC(=O)[C@@H](CCCNC(=N)N)NC(=O)[C@@H]1CCCN1C(=O)c1ccc(Cl)cc1)C(=O)N[C@@H](CCC(N)=O)C(=O)N[C@@H](CC1CCCCC1)C(=O)N[C@H]1CSSC[C@@H](C(=O)O)NC1=O,6.0996
N=C(N)NCCC[C@@H](NC(=O)[C@@H](CCCNC(=N)N)NC(=O)[C@@H]1CCCN1C(=O)c1ccccc1)C(=O)N[C@@H](CCC(N)=O)C(=O)N[C@@H](CC1CCCCC1)C(=O)N[C@H]1CSSC[C@@H](C(=O)O)NC1=O,5.6694
N=C(N)NCCC[C@@H](NC(=O)[C@@H](CCCNC(=N)N)NC(=O)[C@@H]1CCCN1C(=O)c1ccccc1)C(=O)N[C@@H](CCC(N)=O)C(=O)N[C@@H](CC1CCCCC1)C(N)=O,4.6477
N=C(N)NCCC[C@@H](NC(=O)[C@@H](CCCNC(=N)N)NC(=O)[C@@H]1CCCN1C(=O)c1ccccc1)C(=O)N[C@@H](CC(N)=O)C(=O)N[C@@H](CC1CCCCC1)C(=O)N[C@H]1CSSC[C@@H](C(N)=O)NC1=O,9.2147
N=C(N)NCCC[C@H](NC(=O)[C@@H](CCCNC(=N)N)NC(=O)[C@@H](CCCNC(=N)N)NC(=O)[C@@H]1CCCN1C(=O)c1ccccc1)C(=O)N[C@@H](CC1CCCCC1)C(=O)N[C@H]1CSSC[C@@H](C(N)=O)NC1=O,9.6383
N=C(N)NCCC[C@@H](NC(=O)[C@@H](CCCNC(=N)N)NC(=O)[C@@H]1CCCN1C(=O)c1ccccc1)C(=O)N[C@@H](CCCCN)C(=O)N[C@@H](CC1CCCCC1)C(=O)N[C@H]1CSSC[C@@H](C(N)=O)NC1=O,9.2291
C[C@H](NC(=O)[C@@H](CCCNC(=N)N)NC(=O)[C@@H](CCCNC(=N)N)NC(=O)[C@@H]1CCCN1C(=O)c1ccccc1)C(=O)N[C@@H](CC1CCCCC1)C(=O)N[C@H]1CSSC[C@@H](C(N)=O)NC1=O,9.5376
CC(C)C[C@H](NC(=O)[C@@H](CCCNC(=N)N)NC(=O)[C@@H](CCCNC(=N)N)NC(=O)[C@@H]1CCCN1C(=O)c1ccccc1)C(=O)N[C@@H](CC1CCCCC1)C(=O)N[C@H]1CSSC[C@@H](C(N)=O)NC1=O,8.8539
N=C(N)NCCC[C@@H](NC(=O)[C@@H](CCCNC(=N)N)NC(=O)[C@@H]1CCCN1C(=O)c1ccccc1)C(=O)N[C@@H](CO)C(=O)N[C@@H](CC1CCCCC1)C(=O)N[C@H]1CSSC[C@@H](C(N)=O)NC1=O,9.3768
N=C(N)NCCC[C@@H](NC(=O)[C@@H](CCCNC(=N)N)NC(=O)[C@@H]1CCCN1C(=O)c1ccccc1)C(=O)N[C@@H](Cc1ccccc1)C(=O)N[C@@H](CC1CCCCC1)C(=O)N[C@H]1CSSC[C@@H](C(N)=O)NC1=O,9.2291
N=C(N)NCCC[C@@H](NC(=O)[C@@H](CCCNC(=N)N)NC(=O)[C@@H]1CCCN1C(=O)c1ccccc1)C(=O)NCC(=O)N[C@@H](CC1CCCCC1)C(=O)N[C@H]1CSSC[C@@H](C(N)=O)NC1=O,9.7959
N=C(N)NCCC[C@@H](NC(=O)[C@@H](CCCNC(=N)N)NC(=O)[C@@H]1CCCN1C(=O)c1ccccc1)C(=O)N[C@@H](CC(=O)O)C(=O)N[C@@H](CC1CCCCC1)C(=O)N[C@H]1CSSC[C@@H](C(N)=O)NC1=O,7.9914
N=C(N)NCCC[C@@H](NC(=O)[C@@H](CCCNC(=N)N)NC(=O)[C@@H]1CCCN1C(=O)c1ccccc1)C(=O)N[C@@H](CCC(=O)O)C(=O)N[C@@H](CC1CCCCC1)C(=O)N[C@H]1CSSC[C@@H](C(N)=O)NC1=O,7.7122
N=C(N)NCCC[C@@H](NC(=O)[C@@H](CCCNC(=N)N)NC(=O)[C@@H]1CCCN1C(=O)c1ccccc1)C(=O)N[C@@H](CC1CCCCC1)C(=O)N[C@H]1CSSC[C@@H](C(N)=O)NC1=O,7.2218
COC(=O)[C@@H]1C[C@H](OC(C)=O)C(=O)[C@H]2[C@@]1(C)CC[C@H]1C(=O)O[C@H](C(=O)Nc3ccccc3)C[C@]21C,6.0000
C[C@@H]1[C@@H]2Cc3ccccc3[C@]1(C)CCN2CCN1CCCC1,5.1938
C[C@@H]1[C@@H]2Cc3ccccc3[C@]1(C)CCN2CCNc1ccccc1,5.1871
COC(=O)[C@]1(c2ccc(Cl)cc2)C[C@@H]1CN1CC[C@]2(C)c3cc(O)ccc3C[C@@H]1[C@@H]2C,9.3872
COC(=O)[C@]1(c2ccccc2)C[C@@H]1CN1CC[C@]2(C)c3cc(O)ccc3C[C@@H]1[C@@H]2C,6.6198
CC[C@H](CC(=O)O)n1c(=O)c2ncccc2n(Cc2cn(C)c3cc(C)cc(C)c23)c1=O,5.3128
CC(=O)Nc1ncc(CN2CCC[C@H](Cc3cc(C)nc(C)c3)C2)s1,6.1208
O=C(NCCCn1ccnc1)c1cc2nc(-c3ccccc3)cc(-c3ccccc3)n2n1,5.9311
CC(=O)Nc1ccc(-c2cc(-c3ccccc3)nc3cc(C(=O)NCCCn4ccnc4)nn23)cc1,6.7019
CCN(CC)CCCC(C)Nc1cnc(C(=O)Nc2ccc(Cl)c3cccnc23)cn1,5.9559
CCN(CC)CCCC(C)Nc1cnc(C(=O)Nc2cc(F)cc3cccnc23)cn1,6.1469
COC(=O)C(Cc1cccc(OC)c1I)NC(=O)CNCc1ccccc1,6.5575
COC(=O)C(Cc1ccccc1I)NC(=O)CN(Cc1ccccc1)C(=O)OC(C)(C)C,5.3783
COC(=O)C(Cc1cccc(C)c1I)NC(=O)CNCc1ccccc1,6.9101
COC(=O)C(Cc1cccc(OC)c1C)NC(=O)CNCc1ccccc1,6.7212
COC(=O)C(Cc1cccc(OC)c1I)NC(=O)CNC(C)c1ccccc1,6.1163
COC(=O)C(Cc1cccc(OC)c1I)NC(=O)[C@@H](N)Cc1ccccc1,5.6635
COC(=O)C(Cc1cccc(OC)c1I)NC(=O)CNCCc1ccccc1,6.0958
COC(=O)C(Cc1cccc(OC)c1I)NC(=O)CCNCc1ccccc1,5.9101
COc1cccc(CC(NC(=O)CNCc2ccccc2)C(=O)OC(C)C)c1I,5.8407
COC(=O)C(Cc1cccc(OC)c1I)NC(=O)CN(C)Cc1ccccc1,6.5918
COc1cccc(CC2NC(=O)CN(Cc3ccccc3)C2=O)c1I,6.0343
COc1cc(CC2NC(=O)CN(Cc3ccccc3)C2=O)c(I)c(OC)c1,6.2924
COc1cccc(CC2NC(=O)CN(Cc3ccccc3)C2=O)c1C,6.2218
COc1cccc(CC2NC(=O)CN(CCc3ccccc3)C2=O)c1I,5.2916
COc1cccc(CC2NC(=O)CN(CCCc3ccccc3)C2=O)c1I,5.1549
CC(C)[C@H]1CC[C@@H](N2CCC(n3c(CN)cc4ccccc43)CC2)CC1,7.5984
CC(C)[C@H]1CC[C@@H](N2CCC(n3c(CCN)cc4ccccc43)CC2)CC1,6.5819
CC(C)[C@H]1CC[C@@H](N2CCC(n3c(CO)cc4ccccc43)CC2)CC1,7.1358
CC(C)[C@H]1CC[C@@H](N2CCC(n3c(CCO)cc4ccccc43)CC2)CC1,7.2867
CC(=O)NCc1cc2ccccc2n1C1CCN([C@H]2CC[C@@H](C(C)C)CC2)CC1,6.7545
CCOC(=O)NCc1cc2ccccc2n1C1CCN([C@H]2CC[C@@H](C(C)C)CC2)CC1,6.3893
CC(C)[C@H]1CC[C@@H](N2CCC(n3c(CNS(C)(=O)=O)cc4ccccc43)CC2)CC1,6.9563
CC(C)[C@H]1CC[C@@H](N2CCC(n3c(CNS(N)(=O)=O)cc4ccccc43)CC2)CC1,7.6792
CC(C)[C@H]1CC[C@@H](N2CCC(n3c(CN4CCS(=O)(=O)CC4)cc4ccccc43)CC2)CC1,7.4928
CC(C)[C@H]1CC[C@@H](N2CCC(n3c(CN4CCCC4)cc4ccccc43)CC2)CC1,7.5140
CC(C)[C@H]1CC[C@@H](N2CCC(n3c(CNC(=O)c4cccnc4)cc4ccccc43)CC2)CC1,7.0269
CC(C)[C@H]1CC[C@@H](N2CCC(n3c(CNC(=O)c4cnco4)cc4ccccc43)CC2)CC1,6.8533
CC(C)[C@H]1CC[C@@H](N2CCC(n3c(CNC(=O)c4ccc(C(F)(F)F)o4)cc4ccccc43)CC2)CC1,6.5969
N[11C](=O)c1ccc(Oc2ccc(CN3CCC[C@H]3c3cccnc3)cc2)c(Cl)c1,9.8478
CCN(CC)C[C@@H]1CN(C(=O)CO[11CH3])CCN1C(=O)Cc1ccc(C)c(C)c1,9.5528
CCN(CC)C[C@@H]1CN(C(=O)COC)CCN1C(=O)Cc1ccc(C)c(C)c1,9.5528
CCN(CCF)C[C@@H]1CN(C(=O)COC)CCN1C(=O)Cc1ccc(C)c(C)c1,9.3665
CN1C(=O)CNC(=O)[C@H](N[C@@H](Cc2ccc(O)cc2)C(=O)O)CCCC/C=C\C[C@@H](C(=O)N2CCC[C@H]2C(=O)N[C@@H](CCC(N)=O)C(=O)N[C@@H](CCCNC(=N)N)C(=O)N[C@@H](Cc2ccccc2)C(N)=O)NC(=O)[C@@H]1Cc1ccccc1,6.7719
CN1C(=O)CNC(=O)[C@H](N[C@@H](Cc2ccc(O)cc2)C(=O)O)CCCC/C=C/C[C@@H](C(=O)N2CCC[C@H]2C(=O)N[C@@H](CCC(N)=O)C(=O)N[C@@H](CCCNC(=N)N)C(=O)N[C@@H](Cc2ccccc2)C(N)=O)NC(=O)[C@@H]1Cc1ccccc1,6.4612
CN1C(=O)CNC(=O)[C@H](N[C@@H](Cc2ccc(O)cc2)C(=O)O)CCC/C=C/CC[C@@H](C(=O)N2CCC[C@H]2C(=O)N[C@@H](CCC(N)=O)C(=O)N[C@@H](CCCNC(=N)N)C(=O)N[C@@H](Cc2ccccc2)C(N)=O)NC(=O)[C@@H]1Cc1ccccc1,6.5643
CN1C(=O)CNC(=O)[C@@H](N[C@@H](Cc2ccc(O)cc2)C(=O)O)C/C=C/CCCC[C@H](C(=O)N2CCC[C@H]2C(=O)N[C@@H](CCC(N)=O)C(=O)N[C@@H](CCCNC(=N)N)C(=O)N[C@@H](Cc2ccccc2)C(N)=O)NC(=O)[C@@H]1Cc1ccccc1,5.9087
CN1C(=O)CNC(=O)[C@H](N[C@@H](Cc2ccc(O)cc2)C(=O)O)CCC/C=C/C[C@@H](C(=O)N2CCC[C@H]2C(=O)N[C@@H](CCC(N)=O)C(=O)N[C@@H](CCCNC(=N)N)C(=O)N[C@@H](Cc2ccccc2)C(N)=O)NC(=O)[C@@H]1Cc1ccccc1,6.9076
CN1C(=O)CNC(=O)[C@H](N[C@@H](Cc2ccc(O)cc2)C(=O)O)CCCC/C=C/CC[C@@H](C(=O)N2CCC[C@H]2C(=O)N[C@@H](CCC(N)=O)C(=O)N[C@@H](CCCNC(=N)N)C(=O)N[C@@H](Cc2ccccc2)C(N)=O)NC(=O)[C@@H]1Cc1ccccc1,6.8811
CN1C(=O)CNC(=O)[C@H](N[C@@H](Cc2ccc(O)cc2)C(=O)O)CCCC/C=C\CC[C@@H](C(=O)N2CCC[C@H]2C(=O)N[C@@H](CCC(N)=O)C(=O)N[C@@H](CCCNC(=N)N)C(=O)N[C@@H](Cc2ccccc2)C(N)=O)NC(=O)[C@@H]1Cc1ccccc1,6.2982
OC[C@H]1O[C@@H](n2cc(C(F)(F)F)c3c(NCc4ccccc4)ncnc32)[C@H](O)[C@@H]1O,5.7447
C[C@H](Nc1ncnc2c1c(C(F)(F)F)cn2[C@@H]1O[C@H](CO)[C@@H](O)[C@H]1O)c1ccccc1,5.7212
C#Cc1occc1[C@@H]1C[C@@]2(C)[C@@H](CC[C@@]3(C)[C@H](C(=O)OC)C[C@H](OC(C)=O)C(=O)[C@@]32C)C(=O)O1,8.6021
CC(C)=CCN1CC[C@]2(C)c3cc(O)ccc3C[C@H]1[C@H]2C,7.7586
C[C@H]1[C@H]2Cc3ccc(C(N)=O)cc3[C@@]1(C)CCN2CC1CC1,9.3768
O=C(N[C@@H]1CC[C@@]2(O)[C@H]3Cc4ccc(O)c5c4[C@@]2(CCN3CC2CC2)[C@H]1O5)c1cc[n+](Cc2ccccc2)cc1.[Br-],8.4609
COC(=O)[C@@H]1C[C@H](OC(=O)C2=Cc3ccccc3C2)C(=O)[C@H]2[C@@]1(C)CC[C@H]1C(=O)O[C@H](c3ccoc3)C[C@]21C,6.6863
CCCC[C@@H](NC(=O)[C@@H](CC1=CC=CCC1)NC(=O)[C@H](N)Cc1ccccc1)C(=O)N[C@H](CCCNC(=N)N)C(=O)NCc1ccncc1,9.6198
CC(C)C[C@@H](NC(=O)[C@@H](CC1=CC=CCC1)NC(=O)[C@H](N)Cc1ccccc1)C(=O)N[C@H](CCCN)C(=O)N1CCOCC1,10.0969
CC(C)C[C@@H](NC(=O)[C@@H](CC1=CC=CCC1)NC(=O)[C@H](N)Cc1ccccc1)C(=O)N[C@H](CCCCN)C(=O)N1CCC(N)(C(=O)O)CC1,9.4949
O=C(O[C@@H]1[C@@H]2[C@H]3C[C@@H](C[C@H]2C(=O)O[C@H]1c1ccoc1)OC3=O)c1ccccc1,8.3724
O=C(N[C@@H]1C=C[C@H]2[C@H]3Cc4ccc(O)c5c4[C@@]2(CCN3CC2CC2)[C@H]1O5)c1cccc(I)c1,11.2218
CN1CC[C@]23c4c5ccc(O)c4O[C@H]2C(=O)CC[C@@]3(OCCCc2ccccc2)[C@H]1C5,9.5229
O=C1CNC(=O)[C@H](Cc2ccccc2)NC(=O)[C@@H](Cc2c[nH]c3ccccc23)NC(=O)CCN1,8.9245
COc1cccc(CNCc2nn(Cc3cccc(OC)c3)c3nc(-c4ccccc4Cl)c4cc(OC)c(OC)cc4c23)c1,6.8962
COc1cccc(CCNCc2nn(Cc3cccc(OC)c3)c3nc(-c4ccccc4Cl)c4cc(OC)c(OC)cc4c23)c1,5.9747
COc1ccc(CNCc2nn(Cc3cccc(OC)c3)c3nc(-c4ccccc4Cl)c4cc(OC)c(OC)cc4c23)cc1,6.9872
COc1cccc(Cn2nc(CNCc3ccc(OC)c(OC)c3)c3c4cc(OC)c(OC)cc4c(-c4ccccc4Cl)nc32)c1,6.1918
COc1cccc(Cn2nc(CNCc3cccc4ccccc34)c3c4cc(OC)c(OC)cc4c(-c4ccccc4Cl)nc32)c1,6.3665
COc1cccc(Cn2nc(CNCc3ccc4ccccc4c3)c3c4cc(OC)c(OC)cc4c(-c4ccccc4Cl)nc32)c1,7.0255
COc1cccc(Cn2nc(CNCCc3ccc4ccccc4c3)c3c4cc(OC)c(OC)cc4c(-c4ccccc4Cl)nc32)c1,7.1555
COc1cccc(Cn2nc(CNCc3cc4ccccc4[nH]3)c3c4cc(OC)c(OC)cc4c(-c4ccccc4Cl)nc32)c1,6.4698
COc1cccc(Cn2nc(CNCc3ccccc3Oc3ccccc3)c3c4cc(OC)c(OC)cc4c(-c4ccccc4Cl)nc32)c1,7.2636
COc1cccc(Cn2nc(CNCc3cccc(Oc4ccccc4)c3)c3c4cc(OC)c(OC)cc4c(-c4ccccc4Cl)nc32)c1,8.0410
COc1cccc(Cn2nc(CNCc3ccc(Oc4ccccc4)cc3)c3c4cc(OC)c(OC)cc4c(-c4ccccc4Cl)nc32)c1,6.4711
COc1cc2c(-c3ccccc3Cl)nc3c(c(CNCc4cccc(Oc5ccccc5)c4)nn3Cc3cccc(Cl)c3)c2cc1OC,6.9788
COc1cc2c(-c3ccccc3Cl)nc3c(c(CNCc4cccc(Oc5ccccc5)c4)nn3CC3CCN(C(=O)OC(C)(C)C)CC3)c2cc1OC,6.1713
COc1cc2c(-c3ccccc3Cl)nc3c(c(CNCc4cccc(Oc5ccccc5)c4)nn3CC3CCNCC3)c2cc1OC,5.5735
COc1cccc(Cn2nc(CNCCc3cccc(Oc4ccccc4)c3)c3c4cc(OC)c(OC)cc4c(-c4ccccc4Cl)nc32)c1,6.6440
COc1cccc(Cn2nc(CNCc3cccc(OCc4ccccc4)c3)c3c4cc(OC)c(OC)cc4c(-c4ccccc4Cl)nc32)c1,7.0000
O=C(Cc1ccc(Cl)c(Cl)c1)N1CCCC[C@H]1CN1CCCC1,7.9788
Cl.Cl.Cl.c1ccc(N2CCN(Cc3nc4ccccc4[nH]3)CC2)nc1,5.6732
Cl.O=C(Cc1ccc(Cl)c(Cl)c1)N1CCCC[C@H]1CN1CCCC1,9.2282
O=S1(=O)c2cccc3cccc(c23)N1CCCN1CCN(c2ccc(F)cc2)CC1,5.5415
Cl.Oc1ccc2c3c1O[C@H]1c4[nH]c5c(c4C[C@@]4(O)[C@@H](C2)N(CC2CC2)CC[C@]314)C[C@@]1(O)[C@H]2Cc3ccc(O)c4c3[C@@]1(CCN2CC1CC1)[C@H]5O4,8.6690
COC(=O)C1=C(C)NC(C)=C(C(=O)OCCCN2CCC(c3ccccc3)(c3ccccc3)CC2)[C@H]1c1cccc([N+](=O)[O-])c1,6.4599
O=C1NCN(c2ccccc2)C12CCN(CC1COc3ccccc3O1)CC2,6.1479
CN(C(=O)Cc1ccc(Cl)c(Cl)c1)C(CN1CCCC1)c1cccc(OCC(=O)O)c1.Cl,8.7467
C[C@H](NC[C@H](O)CP(=O)(O)CC1CCCCC1)c1ccc(Cl)c(Cl)c1.Cl,5.9546
COc1cccc([C@@H](C)NCCCc2ccccc2Cl)c1.Cl,5.8528
S=C(NCCCc1c[nH]cn1)NCCCN(Cc1ccc(Cl)c(Cl)c1)c1ccc(Br)cn1,5.9534
CCOC(=O)c1c(C)[nH]c2ccc3c(c12)CN1CCc2cc(OC)ccc2C1O3,5.7119
COc1ccc(NS(=O)(=O)c2sc3ccc(Cl)cc3c2C)cc1N1CCNCC1.Cl,6.0467
COc1cccc([C@H](O)C2CCN(CCc3ccc(F)cc3)CC2)c1OC,6.9884
Cc1nc2sccn2c(=O)c1CCN1CCC(=C(c2ccc(F)cc2)c2ccc(F)cc2)CC1,5.8400
CC1CCN(CC[C@H]2CCCN2S(=O)(=O)c2cccc(O)c2)CC1.Cl,6.3491
C[C@@H](NCCCc1cccc(C(F)(F)F)c1)c1cccc2ccccc12.Cl,6.3524
Cc1nc(C(=O)N2CCC[C@H]2Cc2nnc(-c3ccccc3)o2)c(-c2ccccc2F)s1,6.1526
O=C1NCN(c2ccccc2)C12CCN(CCCOc1ccc(F)cc1)CC2,6.0391
Cc1cc(C(=O)N2Cc3cnn(C)c3Nc3ccccc32)ccc1CNC(=O)N1CCC[C@H]1C(=S)N1CCCN(C)CC1,5.6886
N#Cc1c(N)nc(SCC(N)=O)c(C#N)c1-c1ccc(OCC2CC2)cc1,6.3909
Cc1csc2c(N[C@@H](C)CN3CCN(S(=O)(=O)c4ccc(Cl)c(Cl)c4)CC3)ncnc12,6.3063
O=C(c1cc2c(cc1F)OC(c1ccc(F)cc1)(c1ccc(Cl)cc1Cl)O2)N1CCOCC1,6.2986
COc1cccc(-c2c(C)n(Cc3c(F)cccc3C(F)(F)F)c(=O)n(C[C@H](NCCCC(=O)[O-])c3ccccc3)c2=O)c1F.[Na+],5.6228
Cc1ccc(C)c(Oc2ccncc2C(=O)N2CCN(C3CC3)c3ccccc32)c1,5.9457
Cc1c(P(=S)(c2ccccc2)c2ccccc2)n2ccccc2[n+]1C/C=C/c1ccccc1.[Br-],6.9278
CNc1nc(NCc2ccc(NS(C)(=O)=O)cc2Cl)cc(-c2ccccn2)n1,6.0011
CN1CCC(C(=O)c2cccc(NC(=O)c3c(F)cc(F)cc3F)n2)CC1,6.4479
Cc1ccccc1N1CCN(S(=O)(=O)C[C@]23CC[C@H](C[C@@H]2NC(=O)[C@@H](N)CCS(C)(=O)=O)C3(C)C)CC1.Cl,8.3943
COc1ccc2cc(S(=O)(=O)N[C@H](CC(=O)N[C@H](Cc3ccc(CN4[C@H](C)CCC[C@@H]4C)cc3)C(=O)N(C)C(C)C)c3ccc4c(c3)OCO4)ccc2c1.Cl,6.7100
Cc1cc(O)cc(C)c1C[C@H](NC(=N)N)C(=O)N[C@H](CCCNC(=N)N)C(=O)N[C@H]1Cc2ccccc2CN(CCC(=O)N[C@@H](CCCN2CCC(Cc3ccccc3)CC2)C(=O)N[C@@H](Cc2ccccc2)C(N)=O)C1=O,9.4800
CN(C)[C@]1(c2ccccc2)CC[C@]2(CC1)OCCc1c3cc(F)ccc3[nH]c12,6.7798
CN(C)[C@]1(c2ccc(Br)cc2)CC[C@](O)(CCc2ccccc2)CC1,8.4377
C[C@@H](Cc1ccsc1)NC(=O)NC[C@H](Cc1ccc(O)cc1)N(C)C,7.3372
Oc1cccc(N2C[C@H]3CC[C@@H](C2)N3CCCc2ccccc2)c1,7.0151
Oc1cccc(N2[C@@H]3CC[C@H]2CN(CCCc2ccccc2)C3)c1,6.0639
Oc1cccc(N2[C@@H]3CC[C@H]2CN(CCc2ccccc2)C3)c1,6.1561
Oc1ccccc1N1[C@@H]2CC[C@H]1CN(CCCc1ccccc1)C2,6.4625
CN(C(=O)/C=C/c1ccoc1)[C@H]1CC[C@@]2(O)[C@H]3Cc4ccc(O)c5c4[C@@]2(CCN3CC2CC2)[C@H]1O5.Cl,9.9208
Cl.N=C(N)NCC(=O)NCC1(Cc2cccc3ccccc23)CCN(Cc2ccccc2)CC1,6.4413
Cl.O=C(CN1CCCCC1)NCC1(Cc2cccc3ccccc23)CCN(Cc2ccccc2)CC1,5.8539
Cl.O=C(CN1CCC(Cc2ccccc2)CC1)NCC1(Nc2cccc3ccccc23)CCN(Cc2ccccc2)CC1,5.8570
Cl.O=C(CCN1CCCCC1)NCC1(Cc2cccc3ccccc23)CCN(Cc2ccccc2)CC1,6.0395
NC(=O)[C@@H]1CCCN1C(=O)[C@H]1CC(=O)NCCCC[C@@H](NC(=O)[C@@H](N)Cc2ccc(O)cc2)C(=O)NCC(=O)N[C@@H](Cc2ccccc2)C(=O)N1,5.5474
Cc1cc(O)cc(C)c1C[C@H](N)C(=O)N[C@@H]1CCCCNC(=O)C[C@H](C(=O)N2CCC[C@H]2C(N)=O)NC(=O)[C@H](Cc2ccccc2)NC(=O)CNC1=O,5.4499
C[C@@H]1NC(=O)[C@H](NC(=O)[C@@H](N)Cc2ccc(O)cc2)CCCCNC(=O)C[C@H](C(=O)N2CCC[C@H]2C(N)=O)NC(=O)[C@H](Cc2ccccc2)NC1=O,5.3173
CC1(C)NC(=O)[C@H](NC(=O)[C@@H](N)Cc2ccc(O)cc2)CCCCNC(=O)C[C@H](C(=O)N2CCC[C@H]2C(N)=O)NC(=O)[C@H](Cc2ccccc2)NC1=O,5.1399
NC(=O)[C@@H]1CCCN1C(=O)[C@H]1CC(=O)NCCCC[C@@H](NC(=O)[C@@H](N)Cc2ccc(O)cc2)C(=O)NCC(=O)N[C@@H](Cc2ccc(F)cc2)C(=O)N1,7.0353
Cc1ccc(C[C@@H]2NC(=O)CNC(=O)[C@H](NC(=O)[C@@H](N)Cc3ccc(O)cc3)CCCCNC(=O)C[C@H](C(=O)N3CCC[C@H]3C(N)=O)NC2=O)cc1,5.6139
CN1C(=O)CNC(=O)[C@H](NC(=O)[C@@H](N)Cc2ccc(O)cc2)CCCCNC(=O)C[C@H](C(=O)N2CCC[C@H]2C(N)=O)NC(=O)[C@@H]1Cc1ccccc1,6.2966
NC(=O)[C@H]1CC(=O)NCCCC[C@@H](NC(=O)[C@@H](N)Cc2ccc(O)cc2)C(=O)NCC(=O)N[C@@H](Cc2ccccc2)C(=O)N1,5.8894
NC(=O)CNC(=O)[C@H]1CC(=O)NCCCC[C@@H](NC(=O)[C@@H](N)Cc2ccc(O)cc2)C(=O)NCC(=O)N[C@@H](Cc2ccccc2)C(=O)N1,5.0361
NC(=O)[C@H]1CCCCN1C(=O)[C@H]1CC(=O)NCCCC[C@@H](NC(=O)[C@@H](N)Cc2ccc(O)cc2)C(=O)NCC(=O)N[C@@H](Cc2ccccc2)C(=O)N1,5.6421
NC(=O)[C@@H]1CCCCN1C(=O)[C@H]1CC(=O)NCCCC[C@@H](NC(=O)[C@@H](N)Cc2ccc(O)cc2)C(=O)NCC(=O)N[C@@H](Cc2ccccc2)C(=O)N1,6.6696
Cl.O=C(c1ccccc1)N(c1ccccc1)C1CCN(CCc2ccccc2)CC1,5.2976
Cl.O=C(Cc1ccccc1)N(c1ccccc1)C1CCN(CCc2ccccc2)CC1,5.9439
Cl.O=C(CCc1ccccc1)N(c1ccccc1)C1CCN(CCc2ccccc2)CC1,5.5445
Cl.O=C(c1ccco1)N(c1ccccc1)C1CCN(CCc2ccccc2)CC1,6.7352
Cl.O=C(Cc1ccco1)N(c1ccccc1)C1CCN(CCc2ccccc2)CC1,5.6000
Cl.O=C(CCc1ccco1)N(c1ccccc1)C1CCN(CCc2ccccc2)CC1,5.8256
Cl.O=C(c1ccoc1)N(c1ccccc1)C1CCN(CCc2ccccc2)CC1,5.9535
Cl.O=C(Cc1ccoc1)N(c1ccccc1)C1CCN(CCc2ccccc2)CC1,5.8700
Cl.O=C(CCc1ccoc1)N(c1ccccc1)C1CCN(CCc2ccccc2)CC1,5.6979
O=C(c1cccs1)N(c1ccccc1)C1CCN(CCc2ccccc2)CC1,5.6123
Cl.O=C(Cc1cccs1)N(c1ccccc1)C1CCN(CCc2ccccc2)CC1,5.6385
Cl.O=C(CCc1cccs1)N(c1ccccc1)C1CCN(CCc2ccccc2)CC1,5.5967
Cl.O=C(c1ccsc1)N(c1ccccc1)C1CCN(CCc2ccccc2)CC1,5.5556
Cl.O=C(Cc1ccsc1)N(c1ccccc1)C1CCN(CCc2ccccc2)CC1,5.9076
Cl.O=C(CCc1ccsc1)N(c1ccccc1)C1CCN(CCc2ccccc2)CC1,5.6776
Cl.O=C(c1ccc[nH]1)N(c1ccccc1)C1CCN(CCc2ccccc2)CC1,5.3847
Cl.O=C(c1cc[nH]c1)N(c1ccccc1)C1CCN(CCc2ccccc2)CC1,6.5528
COc1ccc2c3c1O[C@H]1[C@@]4(OC)CC[C@@]5(C[C@@H]4c4ccccc4N)[C@@H](C2)N(CC2CC2)CC[C@]315,7.2628
CNc1ccccc1[C@H]1C[C@@]23CC[C@]1(OC)[C@@H]1Oc4c(OC)ccc5c4[C@@]12CCN(CC1CC1)[C@@H]3C5,7.1543
COc1ccc2c3c1O[C@H]1[C@@]4(OC)CC[C@@]5(C[C@@H]4c4ccccc4NCC4CC4)[C@@H](C2)N(CC2CC2)CC[C@]315,6.6615
COc1ccc2c3c1O[C@H]1[C@@]4(OC)CC[C@@]5(C[C@@H]4c4ccccc4NCC4CCCC4)[C@@H](C2)N(CC2CC2)CC[C@]315,6.8844
COc1ccc2c3c1O[C@H]1[C@@]4(OC)CC[C@@]5(C[C@@H]4c4ccccc4NCC4CCN(C(=O)OC(C)(C)C)CC4)[C@@H](C2)N(CC2CC2)CC[C@]315,5.7513
COc1ccc2c3c1O[C@H]1[C@@]4(OC)CC[C@@]5(C[C@@H]4c4ccccc4NCc4ccccc4)[C@@H](C2)N(CC2CC2)CC[C@]315,8.4387
COc1ccc(CNc2ccccc2[C@H]2C[C@@]34CC[C@]2(OC)[C@@H]2Oc5c(OC)ccc6c5[C@@]23CCN(CC2CC2)[C@@H]4C6)cc1,6.9014
COc1ccc2c3c1O[C@H]1[C@@]4(OC)CC[C@@]5(C[C@@H]4c4ccccc4N(C)Cc4ccc(C(F)(F)F)cc4)[C@@H](C2)N(CC2CC2)CC[C@]315,6.7190
COc1ccc2c3c1O[C@H]1[C@@]4(OC)CC[C@@]5(C[C@@H]4c4ccccc4NC(=O)c4ccccc4)[C@@H](C2)N(CC2CC2)CC[C@]315,7.7341
COc1ccc2c3c1O[C@H]1[C@@]4(OC)CC[C@@]5(C[C@@H]4c4ccccc4NC(=O)c4ccc(C)c(C)c4)[C@@H](C2)N(CC2CC2)CC[C@]315,7.2716
COc1ccc2c3c1O[C@H]1[C@@]4(OC)CC[C@@]5(C[C@@H]4c4ccccc4NC(=O)c4ccc(Cl)c(Cl)c4)[C@@H](C2)N(CC2CC2)CC[C@]315,5.9901
COc1ccc2c3c1O[C@H]1[C@@]4(OC)CC[C@@]5(C[C@@H]4c4ccccc4NC(=O)c4ccccc4O)[C@@H](C2)N(CC2CC2)CC[C@]315,6.6548
COc1ccc2c3c1O[C@H]1[C@@]4(OC)CC[C@@]5(C[C@@H]4c4ccccc4NC(=O)c4ccc6[nH]ccc6c4)[C@@H](C2)N(CC2CC2)CC[C@]315,5.6861
COc1ccc2c3c1O[C@H]1[C@@]4(OC)CC[C@@]5(C[C@@H]4c4ccccc4NC(=O)Cc4ccccc4)[C@@H](C2)N(CC2CC2)CC[C@]315,6.8420
COc1ccc2c3c1O[C@H]1[C@@]4(OC)CC[C@@]5(C[C@@H]4c4ccccc4NC(=O)OCc4ccccc4)[C@@H](C2)N(CC2CC2)CC[C@]315,6.7387
Cc1cc2n(n1)C1(CCN(C(=O)c3ccc(Cl)cc3)CC1)CC(=O)N2CC1CC1,6.3737
Cc1cc2n(n1)C1(CCN(C(=O)c3cccc(F)c3)CC1)CC(=O)N2CC1CC1,6.6164
N[C@@]12CCC(=O)C3Oc4c(O)ccc5c4[C@@]31CCN(CC1CC1)C2C5,8.7447
O=C1CC[C@]23C4[C@@H](CN(CC5CC5)C[N@@]42)[C@]32c3cccc(O)c3OC12,7.6778
O=C1CC[C@@]23C4Cc5ccc(O)c6c5[C@@]2(CCN3CN4CCc2ccccc2)C1O6,8.2840
CN1CN2CC[C@]34c5c6ccc(O)c5OC3C(=O)CC[C@]24C1C6,6.5086
CC(=O)C(C(C)=O)=C1N(CC2CC2)C2Cc3ccc(O)c4c3[C@]35CCN1[C@]23CCC(=O)C5O4,5.8539
CC(=O)/C=C1/NC2Cc3ccc(O)c4c3[C@]35CCN1[C@]23CCC(=O)C5O4,6.5086
C[C@H](O)C[C@H]1NC2Cc3ccc(O)c4c3[C@]35CCN1[C@]23CCC(=O)C5O4,6.9208
C[C@@H](O)C[C@H]1NC2Cc3ccc(O)c4c3[C@]35CCN1[C@]23CCC(=O)C5O4,6.4089
CCn1c(CO)nn(-c2cc3c(C(C)C)cn(-c4ccccc4C)c(=O)c3cc2F)c1=O,4.8539
Cc1ccc(CCc2nnc(-c3cccnc3)n2Cc2cccs2)cc1C(F)(F)F,5.7251
Cc1ccc(CCc2nnc(-c3ccccc3)n2Cc2cccs2)cc1C(F)(F)F,6.3915
FC(Cc1ccccc1)c1nnc(-c2ccccn2)n1Cc1ccco1,5.4174
Cc1ccc(CCc2nnc(-c3ccccn3)n2CC2CC2)cc1C(F)(F)F,5.9389
Cc1ccc(CCc2nnc(-c3ccccn3)n2Cc2cccnc2)cc1C(F)(F)F,6.8177
Cc1ccc(CCc2nnc(-c3ccccn3)n2Cc2ccccn2)cc1C(F)(F)F,5.9236
Cc1ccc(CCc2nnc(-c3ccccn3)n2Cc2ccccc2)cc1C(F)(F)F,6.1260
Cc1ccc(CCc2nnc(-c3ccccn3)n2Cc2nccs2)cc1C(F)(F)F,6.6783
Cc1ccc(CCc2nnc(-c3ccccn3)n2Cc2cccs2)cc1C(F)(F)F,7.9586
Cc1ccc(CCCc2nnc(-c3ccccn3)n2Cc2ccco2)cc1C(F)(F)F,6.0931
Cc1ccc(CCc2nnc(-c3ccccn3)n2Cc2ccco2)cc1C(F)(F)F,6.8865
Clc1ccc(CCc2nnc(-c3ccccn3)n2Cc2cccs2)cc1,6.5117
COc1ccc(CCc2nnc(-c3ccccn3)n2Cc2cccs2)cc1,6.9136
Fc1ccc(CCc2nnc(-c3ccccn3)n2Cc2cccs2)cc1,6.0628
c1ccc(CCc2nnc(-c3ccccn3)n2Cc2cccs2)cc1,6.0334
Cc1ccc(/C=C/c2nnc(-c3ccccn3)n2Cc2ccco2)cc1C(F)(F)F,5.9329
Cc1ccc(CCc2nnc(-c3ncccn3)n2Cc2cccs2)cc1C(F)(F)F,6.4488
Cc1ccc(CCc2nnc(-c3ccncn3)n2Cc2cccs2)cc1C(F)(F)F,6.0039
Cc1ccc(CCc2nnc(-c3ncccc3C)n2Cc2cccs2)cc1C(F)(F)F,6.8396
Cc1ccc(CCc2nnc(-c3cccc4ccccc34)n2Cc2cccs2)cc1C(F)(F)F,6.3675
Cc1ccc(CCc2nnc(-c3ccc4ccccc4c3)n2Cc2cccs2)cc1C(F)(F)F,5.5289
Cc1ccc(CCc2nnc(-c3ccc4ccccc4n3)n2Cc2cccs2)cc1C(F)(F)F,6.0595
Cc1ccc(CCc2nnc(-c3nccn3C)n2Cc2cccs2)cc1C(F)(F)F,6.7289
Brc1ccc(CCc2nnc(-c3ccccn3)n2Cc2cccs2)cc1,6.9199
Brc1cccc(CCc2nnc(-c3ccccn3)n2Cc2cccs2)c1,6.2718
Brc1ccccc1CCc1nnc(-c2ccccn2)n1Cc1cccs1,6.4461
FC(F)(F)c1ccccc1CCc1nnc(-c2ccccn2)n1Cc1cccs1,6.3675
Clc1ccc(CCc2nnc(-c3ccccn3)n2Cc2cccs2)c(Cl)c1,6.3911
Clc1ccc(CCc2nnc(-c3ccccn3)n2Cc2cccs2)cc1Cl,7.3986
c1ccc(-c2nnc(CCc3cccc4ccccc34)n2Cc2cccs2)nc1,6.7352
c1ccc(-c2nnc(CCc3ccc4ccccc4c3)n2Cc2cccs2)nc1,6.9843
C(=C/c1nnc(-c2ccccn2)n1Cc1ccco1)/c1ccccc1,5.7459
FC(Cc1nnc(-c2ccccn2)n1Cc1cccs1)c1ccccc1,5.9735
Cc1ccc(/C=C/c2nnc(-c3ccccn3)n2Cc2cccs2)cc1C(F)(F)F,6.3045
Cc1ccc(/C=C/c2nnc(-c3ccccn3)n2Cc2nccs2)cc1C(F)(F)F,5.9481
Cc1ccc(/C=C/c2nnc(-c3nccn3C)n2Cc2cccs2)cc1C(F)(F)F,6.1040
Cc1ccc(/C=C/c2nnc(-c3nccn3C)n2Cc2nccs2)cc1C(F)(F)F,6.0850
CN(C(=O)Cc1ccc(Cl)c(Cl)c1)[C@@H]1CCCC[C@H]1N1CCCC1,8.6990
COc1cccc(C2(O)CCC(N(Cc3ccccc3)S(=O)(=O)c3cccc(Cl)c3)CC2CN(C)C)c1.Cl,8.0083
COc1cccc([C@@]2(O)CC[C@H](N(Cc3ccccc3)S(=O)(=O)c3cccc(Cl)c3)C[C@@H]2CN(C)C)c1.Cl,8.7212
CN(C)CC1CC(N(Cc2ccccc2)S(=O)(=O)c2cccc(Cl)c2)CCC1(O)c1cccc(O)c1.Cl,8.5086
CN(C)C[C@@H]1CN(CCc2cccc(C(F)(F)F)c2)CC[C@@]1(O)c1cccc(O)c1,7.5884
COc1ccc2c3c1O[C@H]1[C@@]4(OC)C=C[C@@]5(C[C@@H]4C(=O)c4ccc(N)cc4)[C@@H](C2)N(CC2CC2)CC[C@]315,7.6889
COc1ccc2c3c1O[C@H]1[C@@]4(OC)C=C[C@@]5(C[C@@H]4C(=O)c4ccc(NCc6ccccc6)cc4)[C@@H](C2)N(CC2CC2)CC[C@]315,6.9851
COc1ccc2c3c1O[C@H]1[C@@]4(OC)C=C[C@@]5(C[C@@H]4C(=O)c4ccc(NC(C)=O)cc4)[C@@H](C2)N(CC2CC2)CC[C@]315,5.5349
COc1ccc2c3c1O[C@H]1[C@@]4(OC)C=C[C@@]5(C[C@@H]4C(=O)c4ccc(NC(=O)C6CC6)cc4)[C@@H](C2)N(CC2CC2)CC[C@]315,5.9158
COc1ccc2c3c1O[C@H]1[C@@]4(OC)C=C[C@@]5(C[C@@H]4C(=O)c4ccc(NC(=O)C(C)(C)C)cc4)[C@@H](C2)N(CC2CC2)CC[C@]315,5.7972
COc1ccc2c3c1O[C@H]1[C@@]4(OC)C=C[C@@]5(C[C@@H]4C(=O)c4ccc(NC(=O)c6ccc(C(F)(F)F)cc6)cc4)[C@@H](C2)N(CC2CC2)CC[C@]315,5.5938
COc1ccc(C(=O)Nc2ccc(C(=O)[C@H]3C[C@@]45C=C[C@]3(OC)[C@@H]3Oc6c(OC)ccc7c6[C@@]34CCN(CC3CC3)[C@@H]5C7)cc2)cc1,6.1975
COc1ccc2c3c1O[C@H]1[C@@]4(OC)C=C[C@@]5(C[C@@H]4C(=O)c4ccc(NC(=O)c6cnn(C)c6)cc4)[C@@H](C2)N(CC2CC2)CC[C@]315,5.6140
COc1ccc2c3c1O[C@H]1[C@@]4(OC)C=C[C@@]5(C[C@@H]4C(=O)c4ccc(NC(=O)Cc6ccccc6)cc4)[C@@H](C2)N(CC2CC2)CC[C@]315,6.2985
COc1ccc(CC(=O)Nc2ccc(C(=O)[C@H]3C[C@@]45C=C[C@]3(OC)[C@@H]3Oc6c(OC)ccc7c6[C@@]34CCN(CC3CC3)[C@@H]5C7)cc2)cc1,6.1975
COc1ccc2c3c1O[C@H]1[C@@]4(OC)C=C[C@@]5(C[C@@H]4C(=O)c4ccc(NC(=O)OCc6ccccc6)cc4)[C@@H](C2)N(CC2CC2)CC[C@]315,6.4924
COc1ccc2c3c1O[C@@H]1[C@]34CCN(CC3CC3)[C@H](C2)[C@]42C=C[C@@]1(OC)C(C(=O)c1ccccc1)C2,9.1990
O[C@@H]1[C@H](O)[C@@H]2C[C@@H]2[C@H]1n1cnc2c(NC(C3CCCC3)C3CCCC3)nc(Cl)nc21,6.9586
O=C(c1nnc(NC2CCCC2)c2cc(Cl)c(Cl)cc12)N1CCC(O)CC1,5.5686
CC(C)C[C@H](NC(=O)[C@H](Cc1ccccc1)NC(=O)CNC(=O)CNC(=O)[C@@H](N)Cc1ccc(O)cc1)C(=O)N[C@@H](CCCNC(=N)N)C(=O)N[C@@H](CCCCN)C(=O)N[C@@H](Cc1ccc(O)cc1)C(=O)O,8.9208
CC(C)C[C@H](NC(=O)[C@H](Cc1ccccc1)NC(=O)CNC(=O)CNC(=O)[C@@H](N)Cc1ccc(O)cc1)C(=O)N[C@@H](CCCNC(=N)N)C(=O)N[C@@H](CCCCN)C(=O)N[C@@H](Cc1ccc(O)cc1)C(=O)N1CCC[C@H]1C(=O)O,7.2549
CC(C)C[C@H](NC(=O)[C@H](Cc1ccccc1)NC(=O)CNC(=O)CNC(=O)[C@@H](N)Cc1ccc(O)cc1)C(=O)N[C@@H](CCCNC(=N)N)C(=O)N[C@@H](CCCNC(=N)N)C(=O)N[C@@H](CCC(N)=O)C(=O)N[C@@H](Cc1ccccc1)C(=O)N[C@@H](CCCCN)C(=O)N[C@H](C(=O)N[C@H](C(=O)N[C@H](C(=O)O)[C@@H](C)O)C(C)C)C(C)C,9.8861
CN1CC[C@]2(c3cccc(O)c3)Cc3nc4ccccc4cc3C[C@H]2C1,5.2559
CN1CCC2(c3cccc(O)c3)Cc3nc4ccccc4cc3CC2C1,4.3550
O=C([C@@H](Cc1cccc(C(F)(F)F)c1)NS(=O)(=O)c1cc(F)c2c(c1)CCNC2)N1CCCC1,5.4202
O=C(c1ccc(C(=O)N2CCC(N3CCCC3)CC2)c(Nc2ccccc2)c1)N1CCC(N2CCCC2)CC1,5.3979
Cl.N=C(N)NC(=O)c1cnn(-c2cccc3ncccc23)c1C1CC1,6.6716
C=CCOCC1CC23CCC1(OC)C1Oc4c(OC)ccc5c4[C@@]12CCN(C)[C@@H]3C5,8.1871
COc1ccc2c3c1OC1C4(OC)CCC5(CC4COCc4ccccc4)[C@@H](C2)N(C)CC[C@]315,9.7696
C#CCOCC1CC23CCC1(OC)C1Oc4c(OC)ccc5c4[C@@]12CCN(C)[C@@H]3C5,8.2291
C=CCOC[C@H]1C[C@@]23CC[C@]1(OC)[C@@H]1Oc4c(OC)ccc5c4[C@@]12CCN(CC1CC1)[C@@H]3C5,9.3665
COc1ccc2c3c1O[C@H]1C4(OC)CC[C@@]5(C[C@@H]4COCC#N)[C@@H](C2)N(CC2CC2)CC[C@]315,8.8861
COc1ccc2c3c1O[C@H]1[C@@]4(OC)CC[C@@]5(C[C@@H]4COCC4CCCCC4)[C@@H](C2)N(CC2CC2)CC[C@]315,9.8239
COc1ccc2c3c1O[C@H]1[C@@]4(OC)CC[C@@]5(C[C@@H]4COCC4CCCCC4)[C@@H](C2)N(C)CC[C@]315,10.3010
COc1ccc2c3c1O[C@H]1[C@@]4(OC)CC[C@@]5(C[C@@H]4COc4ccccc4)[C@@H](C2)N(CC2CC2)CC[C@]315,9.8239
COc1ccc2c3c1O[C@H]1[C@@]4(OC)CC[C@@]5(C[C@@H]4COc4ccccc4)[C@@H](C2)N(C)CC[C@]315,8.5302
COc1ccc(F)cc1-c1ccnc2[nH]c(C3=CC4CCC(C3)N4C(=O)Cn3c(OC)cc4cccnc43)cc12,7.2147
COc1ccc2c3c1O[C@H]1[C@@]4(OC)CC[C@@]5(C[C@@H]4COCc4ccc(Cl)cc4)[C@@H](C2)N(C)CC[C@]315,9.9208
COc1ccc2c3c1O[C@H]1[C@@]4(OC)CC[C@@]5(C[C@@H]4COCc4ccc(C(F)(F)F)cc4)[C@@H](C2)N(C)CC[C@]315,9.4559
COc1ccc2c3c1O[C@H]1[C@@]4(OC)CC[C@@]5(C[C@@H]4COCc4ccc(C(C)(C)C)cc4)[C@@H](C2)N(C)CC[C@]315,8.5686
COc1ccc2c3c1O[C@H]1[C@@]4(OC)CC[C@@]5(C[C@@H]4COCc4ccc(C(F)(F)F)cc4)[C@@H](C2)N(CC2CC2)CC[C@]315,9.3979
COc1ccc2c3c1O[C@H]1[C@@]4(OC)CC[C@@]5(C[C@@H]4COCc4ccc6ccccc6c4)[C@@H](C2)N(C)CC[C@]315,8.5850
COc1ccc2c3c1O[C@H]1[C@@]4(OC)CC[C@@]5(C[C@@H]4COCc4ccc(-c6ccccc6)cc4)[C@@H](C2)N(CC2CC2)CC[C@]315,7.5887
COc1ccc2c3c1O[C@H]1[C@@]4(OC)CC[C@@]5(C[C@@H]4COCc4cccc(C)c4)[C@@H](C2)N(C)CC[C@]315,10.3010
COc1ccc2c3c1O[C@H]1[C@@]4(OC)CC[C@@]5(C[C@@H]4COCc4ccc(Cl)c(Cl)c4)[C@@H](C2)N(C)CC[C@]315,10.3979
COc1ccc2c3c1O[C@H]1[C@@]4(OC)CC[C@@]5(C[C@@H]4COCc4ccc(Cl)c(Cl)c4)[C@@H](C2)N(CC2CC2)CC[C@]315,9.6383
COc1ccc2c3c1O[C@H]1[C@@]4(OC)CC[C@@]5(C[C@@H]4COCc4cccc(C)c4)[C@@H](C2)N(CC2CC2)CC[C@]315,9.8239
COc1ccc2c3c1O[C@H]1[C@@]4(OC)CC[C@@]5(C[C@@H]4COCc4ccncc4)[C@@H](C2)N(C)CC[C@]315,8.6383
COc1ccc2c3c1O[C@H]1[C@@]4(OC)CC[C@@]5(C[C@@H]4COCc4ccc(OC(F)(F)F)cc4)[C@@H](C2)N(C)CC[C@]315,8.2434
COc1ccc2c3c1O[C@H]1[C@@]4(OC)CC[C@@]5(C[C@@H]4COCc4ccc6ccccc6c4)[C@@H](C2)N(CC2CC2)CC[C@]315,9.1308
COc1ccc2c3c1O[C@H]1[C@@]4(OC)CC[C@@]5(C[C@@H]4COCc4ccc(C(C)(C)C)cc4)[C@@H](C2)N(CC2CC2)CC[C@]315,8.0975
COc1ccc2c3c1O[C@H]1[C@@]4(OC)CC[C@@]5(C[C@@H]4COC/C=C/c4ccccc4)[C@@H](C2)N(CC2CC2)CC[C@]315,9.2757
COc1ccc2c3c1O[C@H]1[C@@]4(OC)CC[C@@]5(C[C@@H]4COCc4cccc6ccccc46)[C@@H](C2)N(C)CC[C@]315,10.0969
COc1ccc2c3c1O[C@H]1[C@@]4(OC)CC[C@@]5(C[C@@H]4COCC4CCC4)[C@@H](C2)N(C)CC[C@]315,9.8239
COc1cccc(COC[C@H]2C[C@@]34CC[C@]2(OC)[C@@H]2Oc5c(OC)ccc6c5[C@@]23CCN(C)[C@@H]4C6)c1,9.6778
COc1ccc2c3c1O[C@H]1[C@@]4(OC)CC[C@@]5(C[C@@H]4COCc4ccccc4C)[C@@H](C2)N(C)CC[C@]315,10.0000
COc1ccc2c3c1O[C@H]1[C@@]4(OC)CC[C@@]5(C[C@@H]4COCc4ccccc4C)[C@@H](C2)N(CC2CC2)CC[C@]315,10.1549
COC(=O)c1cc(Br)cnc1N1CCC(NC2CCCC[C@H]2O)CC1,6.6364
CCOC(=O)c1c(Cl)cc(C)nc1N1CCC(NC2CCCC[C@H]2O)CC1,5.3468
COC(=O)c1cc(Br)cnc1N1CCC(NC2CCCC2O)CC1,6.5421
CCOC(=O)c1cc(Br)cnc1N1CCC(NC2CCCC[C@@H]2O)CC1,6.2373
COC(=O)c1cc(Br)cnc1N1CCC(NC2C3CC4CC(C3)CC2C4)CC1,5.5528
COC(=O)c1cc(Br)cnc1N1CCC(NC2CCC[C@H]2O)CC1,6.1163
COC(=O)c1cc(Br)cnc1N1C2CCC1CC(NC1CCCCC1)C2,5.1135
COC(=O)c1cc(Br)cnc1N1CCC(N2CCCCC2)CC1,5.6778
COC(=O)c1cc(Br)cnc1N1CCC(NC2CCCCCCC2)CC1,6.4989
COC(=O)c1cc(Br)cnc1N1CCC(NC2CC3CCC2(C)C3(C)C)CC1,5.0000
COC(=O)c1cc(Br)cnc1N1CCC(NC2CCCC(C)C2C)CC1,6.0685
CCOC(=O)c1cccnc1N1CCC(NC2CCCCC2)C1,5.9208
COC(=O)c1cc(Br)cnc1N1CCC(NC2CCCCC[C@H]2O)CC1,6.3251
COC(=O)c1cc(Br)cnc1N1CCC(NC2CC3CCC2C3)CC1,6.4123
COC(=O)c1cc(-c2ccsc2)cnc1N1CCC(NC2CCCCC2)CC1,5.2757
COC(=O)c1cc(I)cnc1N1CCC(NC2CCCCC2)C1,7.0555
COC(=O)c1cc(I)cnc1N1CCC(NC2CCCCC2O)CC1,6.8477
CCOC(=O)c1cc(Br)cnc1N1CCC(NC2CCCCC2)CC1,6.8928
Cc1noc(-c2cc(Br)cnc2N2CCC(NC3CCCCC3)CC2)n1,6.4802
COC(=O)c1cc(I)cnc1N1CCC(NC2CCCCC2)C(O)C1,7.3478
COC(=O)c1cc(Cl)cnc1N1CCC(NC2CCCCC2)C(O)C1,7.2840
COC(=O)c1cc(Br)cnc1N1CCC(NC2CCCC2)C(O)C1,7.1024
COC(=O)c1cc(I)cnc1N1CCC(NC2CCCC2)C(O)C1,7.6021
COC(=O)c1cc(Br)cnc1N1CCC(O)C(NC2CCCCC2)C1,5.5528
COC(=O)c1cc(Br)cnc1N1CC(O)C(NC2CCCCC2)C1,6.3382
COC(=O)c1cc(Br)cnc1N1CC2CN(C3CCCCC3)CC2C1,5.8861
COC(=O)c1cc(Br)cnc1N1CC2CN(C3CCCC3)CC2C1,6.0000
COC(=O)c1cc(Br)cnc1N1CCC(N(C)C2CCCCC2)C(O)C1,5.5229
COC(=O)c1cc(Br)cnc1N1CCC(NC2CCCCC2)C(F)C1,5.4685
COC(=O)c1cccnc1N1CCC(NC2CCCCC2C)C(O)C1,5.2518
COC(=O)c1cccnc1N1CCC(NC2CCCCC2OC)C(O)C1,6.2526
COC(=O)c1cccnc1N1CCC(NC2CCCCCC2)C(O)C1,5.7447
COC(=O)c1cccnc1N1CCC(NC2CCOCC2)C(O)C1,5.1549
COC(=O)c1cc(Br)cnc1N1CCC(NC2CCCCC2C)C(O)C1,6.3778
COC(=O)c1cc(Br)cnc1N1CCC(NC2CCCCC2OC)C(O)C1,7.4437
COC(=O)c1cc(Br)cnc1N1CCC(NC2CCCCCC2)C(O)C1,7.1675
COC(=O)c1cc(Br)cnc1N1CCC(NC2CCOCC2)C(O)C1,7.2676
COC(=O)c1cc(Br)cnc1N1CC(O)C(NC2CCCCC2)C(O)C1,5.5686
COC(=O)c1cc(Br)cnc1N1CCC(NC2CCCCC2)C(C)(C)C1,6.6308
COC(=O)c1cc(Br)cnc1N1CCC(NC2CCCCC2)CC1C,6.0453
COC(=O)c1cc(Br)cnc1N1CCC(NC2CCCCC2CO)CC1,5.6383
COC(=O)c1cc(Br)cnc1N1CCCC(NC2CCCCC2)CC1,5.7696
COC(=O)c1cc(Br)cnc1N1CC(NC2CCCCC2)C1,5.8539
COC(=O)c1cc(Br)cnc1N1CCC(NC2CCCCC2)C(CO)C1,7.3979
CCOC(=O)c1cc(Br)cnc1N1CCC(NC2CCCCC2)C(CO)C1,7.2757
COC(=O)c1cc(Cl)cnc1N1CCC(NC2CCCCC2)C(CO)C1,6.9586
CCOC(=O)c1cc(Cl)cnc1N1CCC(NC2CCCCC2)C(CO)C1,7.0315
COC(=O)c1cc(Br)cnc1N1CCC(NC2CCCCC2)C(OC)C1,6.7957
COC(=O)c1cc(Br)cnc1N1CC2C(C1)C2NC1CCCCC1,4.6778
COC(=O)c1cc(Br)cnc1N1CCC(NC2CCCCCC2)C(CO)C1,7.2366
COC(=O)c1cc(I)cnc1N1CCC(NC2CCCCCC2)C(CO)C1,7.4437
OCc1cc(Br)cnc1N1CCC(NC2CCCCC2)CC1,4.9469
COC(=O)c1cc(I)cnc1N1CCC(NC2CCCCC2)C(CO)C1,7.9586
COC(=O)c1cc(Br)cnc1N1CCC(NC2CC2)CC1,5.9208
COC(=O)c1cc(Br)cnc1N1CCC(NC2CCCC2)C(CO)C1,7.6021
COC(=O)c1cc(Br)cnc1N1CCC(NC2CCCCC2C)C(CO)C1,7.0605
COC(=O)c1cc(Br)cnc1N1CCC(NC2CCOCC2)C(CO)C1,6.8996
COC(=O)c1cc(Br)cnc1N1CCC(NC2CCCCC2OC)C(CO)C1,6.8962
COC(=O)c1cc([N+](=O)[O-])cnc1N1CCC(NC2CCCCC2)CC1,5.2076
COC(=O)c1cc(N)cnc1N1CCC(NC2CCCCC2)CC1,5.7447
CNC(=O)c1cc(Br)cnc1N1CCC(NC2CCCCC2)CC1,4.7212
COC(=O)c1cc(I)cnc1N1CCC(NC2CCCC2)C(CO)C1,7.2840
COC(=O)c1cc(I)cnc1N1CCC(NC2CCCCC2C)C(CO)C1,6.9355
COC(=O)c1cc(I)cnc1N1CCC(NC2CCOCC2)C(CO)C1,6.7305
COC(=O)c1cc(I)cnc1N1CCC(NC2CCCCC2OC)C(CO)C1,6.7033
CCOC(=O)c1cc(C(=O)OC)c(C)nc1N1CCC(NC2CCCCC2)C(CO)C1,6.2069
CCOC(=O)c1cc(C(=O)OC)c(C)nc1N1CCC(NC2CCCCC2)C(O)C1,7.2147
CCCC(=O)Nc1cnc(N2CCC(NC3CCCCC3)CC2)c(C(=O)OC)c1,8.8539
COC(=O)c1cc(NC(=O)NC(C)C)cnc1N1CCC(NC2CCCCC2)CC1,4.7696
COC(=O)c1cnc(N2CCC(NC3CCCCC3)CC2)c([N+](=O)[O-])c1,4.7696
Cc1cnc(N2CCC(NC3CCCCC3)CC2)c(Br)c1,4.8239
CC(=O)c1cc(Br)cnc1N1CCC(NC2CCCCC2)CC1,5.1739
CC(=O)c1cc(Br)cnc1N1CCC(NC2CCCCC2)C(CO)C1,5.5089
COC(=O)c1cc([N+](=O)[O-])cnc1N1CCC(NC2CCCCC2)C(O)C1,5.9586
CC(=O)c1cc(Br)cnc1N1CCC(NC2CCCCC2)C(O)C1,5.3468
N=Cc1cc(Br)cnc1N1CCC(NC2CCCCC2)CC1,5.9663
Cc1cnc(N2CCC(NC3CCCCC3)C(CO)C2)c(Br)c1,4.8861
Cc1cnc(N2CCC(NC3CCCCC3)C(O)C2)c(Br)c1,6.8633
CCOC(=O)c1cc(C(=O)OC)c(C)nc1N1CCC(NC2CCCCC2)C1,5.6576
COC(=O)c1cc(Br)cnc1N1CCC(NC2CCCCC2)C(OC(C)=O)C1,4.7696
COC(=O)c1cc(I)cnc1N1CC[C@@H](NC2CCCCC2)[C@H](O)C1,7.6198
CCc1noc(-c2cc(Br)cnc2N2CCC(NC3CCCCC3)CC2)n1,4.9586
COC(=O)c1cc(C)cnc1N1CCC(NC2CCCCC2)CC1,6.3936
COC(=O)c1cc(C)cnc1N1CCC(NC2CCCCC2)C(CO)C1,6.7033
COC(=O)c1cc(C)cnc1N1CCC(NC2CCCCC2)C(O)C1,6.9666
[C-]#[N+]c1cc(C(=O)OCC)c(N2CCC(NC3CCCCC3)C(O)C2)nc1C,4.8861
COC(=O)c1cc(Cl)cnc1N1CC[C@H](NC2CCCCC2)[C@@H](O)C1,6.5513
COC(=O)c1cc(Br)cnc1N1CCC(NC2CCCCC2)C(C(=O)OC)C1,5.8998
COC(=O)c1cc(Br)cnc1N1CCC(NC2CCCC2)C(C(=O)OC)C1,5.6705
COC(=O)c1cc(Br)cnc1N1CCC(NC2CCCCCC2)C(C(=O)OC)C1,5.9747
CCOC(=O)c1cc(C(=O)OC)c(C)nc1N1CC[C@@H](NC2CCCCC2)[C@H](O)C1,7.9208
N=Cc1cc(Br)cnc1N1CCC(NC2CCCCC2)C(CO)C1,7.5713
COC(=O)c1cc(I)cnc1N1CCC(NC2CCCCC2)C(OC)C1,7.9586
N=Cc1cc(Br)cnc1N1CCC(NC2CCCCC2)C(O)C1,7.4479
CC(=O)c1cc(Br)cnc1N1CC[C@@H](NC2CCCCC2)[C@H](O)C1,7.4815
COC(=O)c1cc(C)cnc1N1CC[C@@H](NC2CCCCC2)[C@H](O)C1,7.4559
O=Cc1cc(Br)cnc1N1CC[C@@H](NC2CCCCC2)[C@H](O)C1,6.0975
CC(=N)c1cc(Br)cnc1N1CC[C@@H](NC2CCCCC2)[C@H](O)C1,7.2467
Cc1cnc(N2CC[C@@H](NC3CCCCC3)[C@H](O)C2)c(Br)c1,5.3979
CCc1cnc(N2CCC(NC3CCCCC3)C(O)C2)c(C(=O)OC)c1,6.5654
CCOC(=O)c1cc(Br)cnc1N1CC[C@@H](NC2CCCCC2)[C@H](O)C1,7.6383
CC(=O)c1cc(C)cnc1N1CC[C@@H](NC2CCCCC2)[C@H](O)C1,4.8539
CC(C)OC(=O)c1cc(Br)cnc1N1CC[C@@H](NC2CCCCC2)[C@H](O)C1,5.7878
Cc1noc(-c2cc(Br)cnc2N2CC[C@@H](NC3CCCCC3)[C@H](O)C2)n1,7.3098
CCc1noc(-c2cc(Br)cnc2N2CC[C@@H](NC3CCCCC3)[C@H](O)C2)n1,5.7959
CN(C)C(=O)c1cc(Br)cnc1N1CC[C@@H](NC2CCCCC2)[C@H](O)C1,5.4949
CCN(CC)C(=O)c1cc(Br)cnc1N1CC[C@@H](NC2CCCCC2)[C@H](O)C1,5.3188
Cc1cnc(N2CC[C@@H](NC3CCCCC3)[C@H](O)C2)c(-c2nc(C)no2)c1,7.2676
COC1CN(c2ncc(Br)cc2-c2nc(C)no2)CCC1NC1CCCCC1,7.0000
COC1CN(c2ncc(Br)cc2C(C)=O)CCC1NC1CCCCC1,5.0000
Cc1noc(-c2cc(Br)cnc2N2CCC(NC3CCCCC3)C(CO)C2)n1,6.9318
CCOC(=O)c1cc(Br)cnc1N1CCC(NC2CCCCC2)C(OC)C1,7.0706
N=Cc1cc(Br)cnc1N1CC[C@@H](NC2CCCCC2)[C@H](O)C1,6.6861
COC(=O)c1cccnc1N1CC[C@@H](NC2CCCCC2)[C@H](O)C1,5.2366
COC(=O)c1cccnc1N1CCC(NC2CCCCC2)C(CO)C1,5.2676
O[C@@H]1CN(c2ncc(Br)cc2-c2nc(C3CC3)no2)CC[C@H]1NC1CCCCC1,5.0410
OCC1CN(c2ncc(Br)cc2-c2nc(C3CC3)no2)CCC1NC1CCCCC1,5.6778
Cc1cnc(N2CCC(NC3CCCCC3)C(CO)C2)c(-c2nc(C)no2)c1,7.5229
CCOC(=O)c1cc(C)c(C)nc1N1CC[C@@H](NC2CCCCC2)[C@H](O)C1,6.7190
Cc1noc(-c2cc(C)c(C)nc2N2CC[C@@H](NC3CCCCC3)[C@H](O)C2)n1,6.8356
Cc1noc(-c2cc(C3CC3)cnc2N2CC[C@@H](NC3CCCCC3)[C@H](O)C2)n1,5.8861
COC(=O)c1cc(C2CC2)cnc1N1CCC(NC2CCCCC2)C(O)C1,4.7696
CCc1cnc(N2CC[C@@H](NC3CCCCC3)[C@H](O)C2)c(-c2nc(C)no2)c1,6.0000
COC(=O)c1cc2ccccc2nc1N1CCC(NC2CCCCC2)C(CO)C1,7.4318
COC(=O)c1cc2ccccc2nc1N1CCC(NC2CCCCC2)C(OC)C1,6.3655
CCOC(=O)c1cc(C)c(C)nc1N1CCC(NC2CCCCC2)C(CO)C1,7.4559
COC(=O)c1cc2ccccc2nc1N1CC[C@@H](NC2CCCCC2)[C@H](O)C1,6.6799
COC(=O)c1cc(C)c(C)nc1N1CC[C@@H](NC2CCCCC2)[C@H](O)C1,6.8041
COC(=O)c1cc(C)c(C)nc1N1CCC(NC2CCCCC2)C(CO)C1,5.8539
COC(=O)c1cc(C)c(C)nc1N1CCC(NC2CCCCC2)C(OC)C1,6.0386
Cc1noc(-c2cc(C)c(C)nc2N2CCC(NC3CCCCC3)C(CO)C2)n1,7.2076
COC1CN(c2nc(C)c(C)cc2-c2nc(C)no2)CCC1NC1CCCCC1,7.0186
COC(=O)C(/C=C(/C)N)=C(/N)N1CC[C@@H](NC2CCCCC2)[C@H](O)C1,7.4949
COC(=O)C(/C=C(/C)N)=C(/N)N1CCC(NC2CCCCC2)C(OC)C1,7.7212
CCc1noc(-c2cc(C)cnc2N2CC[C@@H](NC3CCCCC3)[C@H](O)C2)n1,5.1549
Cc1cnc(N2CC[C@@H](NC3CCCCC3)[C@H](O)C2)c(-c2ncco2)c1,5.6021
COC(=O)C(/C=C(/C)N)=C(/N)N1CCC(NC2CCCCC2)C(CO)C1,7.9208
CCc1noc(-c2cc(C)cnc2N2CCC(NC3CCCCC3)C(CO)C2)n1,5.9586
Cc1noc(-c2cc3ccccc3nc2N2CC[C@@H](NC3CCCCC3)[C@H](O)C2)n1,7.6576
Cc1noc(-c2cc(C(F)(F)F)cnc2N2CC[C@@H](NC3CCCCC3)[C@H](O)C2)n1,5.9208
COC1CN(c2ncc(C(F)(F)F)cc2-c2nc(C)no2)CCC1NC1CCCCC1,6.7447
C/C(N)=C/C(=C(\N)N1CC[C@@H](NC2CCCCC2)[C@H](O)C1)c1nc(C)no1,7.3372
Cc1cnc(N2CC[C@@H](NC3CCCCC3)[C@H](O)C2)c(C#N)c1,4.4318
COC1CN(c2nc3ccccc3cc2-c2nc(C)no2)CCC1NC1CCCCC1,7.5172
COC1CN(c2ncc(C)cc2-c2nc(C)no2)CCC1NC1CCCCC1,6.5969
C/C(N)=C/C(=C(\N)N1CCC(NC2CCCCC2)C(CO)C1)c1nc(C)no1,8.1549
COC1CN(/C(N)=C(/C=C(/C)N)c2nc(C)no2)CCC1NC1CCCCC1,7.5229
CCC1(CO)CN(c2ncc(C)cc2-c2nc(C)no2)CCC1NC1CCCCC1,7.1192
CCC1CN(c2ncc(C)cc2-c2nc(C)no2)CCC1NC1CCCCC1,6.5528
CCC1(CO)CN(/C(N)=C(/C=C(/C)N)c2nc(C)no2)CCC1NC1CCCCC1,7.7212
CCC1CN(/C(N)=C(/C=C(/C)N)c2nc(C)no2)CCC1NC1CCCCC1,7.6198
Cc1noc(-c2cc3ccccc3nc2N2CCC(NC3CCCCC3)C(CO)C2)n1,8.3010
Cc1noc(-c2cc(C(F)(F)F)cnc2N2CCC(NC3CCCCC3)C(CO)C2)n1,6.4672
Cc1noc(-c2nc3ccccc3nc2N2CC[C@@H](NC3CCCCC3)[C@H](O)C2)n1,6.7282
Cc1noc(-c2nc3ccccc3nc2N2CCC(NC3CCCCC3)C(CO)C2)n1,6.9031
COC1CN(c2nc3ccccc3nc2-c2nc(C)no2)CCC1NC1CCCCC1,7.2441
Cc1noc(-c2cc3c(nc2N2CCC(NC4CCCCC4)C(CO)C2)CCCC3)n1,6.3768
Cc1noc(-c2cc3c(nc2N2CC[C@@H](NC4CCCCC4)[C@H](O)C2)CCCC3)n1,6.7011
COC1CN(c2nc3c(cc2-c2nc(C)no2)CCCC3)CCC1NC1CCCCC1,6.1373
Cc1cnc(N2CCC(NC3CCCCC3)C(C)C2)c(-c2nc(C)no2)c1,6.7447
Cc1cnc(N2CCC(NC3CCOCC3)C(CO)C2)c(-c2nc(C)no2)c1,6.1549
COC1CCCCC1NC1CCN(c2ncc(C)cc2-c2nc(C)no2)CC1CO,6.3830
Cc1cnc(N2CCC(NC3CCCCCC3)C(CO)C2)c(-c2nc(C)no2)c1,7.0706
Cc1noc(-c2cc3ccccc3nc2N2CCC(NC3CCOCC3)C(CO)C2)n1,7.0088
COC1CCCCC1NC1CCN(c2nc3ccccc3cc2-c2nc(C)no2)CC1CO,7.2291
Cc1noc(-c2cc3ccccc3nc2N2CCC(NC3CCCCCC3)C(CO)C2)n1,7.8539
Cc1cnc(N2CCC(NC3CCCC3)C(CO)C2)c(-c2nc(C)no2)c1,6.9355
Cc1noc(-c2nc3ccccc3nc2N2CCC(NC3CCCC3)C(CO)C2)n1,6.7282
Cc1cnc(N2CCC(NC3CCCCC3C)C(CO)C2)c(-c2nc(C)no2)c1,6.8794
Cc1noc(-c2cc3ccccc3nc2N2CCC(NC3CCCCC3)C(F)C2)n1,7.2840
Cc1noc(-c2cc3ccccc3nc2N2CCC(NC3CCCC3)C(CO)C2)n1,7.7696
Cc1noc(-c2cc3ccccc3nc2N2CCC(NC3CCCCC3C)C(CO)C2)n1,7.4815
Cc1noc(-c2cc3c(nc2N2CCC(NC4CCCCC4)[C@H](O)C2)CCC3)n1,6.5591
CCC1(CO)CN(c2nc3ccccc3cc2-c2nc(C)no2)CCC1NC1CCCCC1,7.1192
Cc1noc(-c2cc3ccccc3nc2N2CCC(NC3CCCCC3)CC2)n1,7.7447
COC1CN(c2nc3c(cc2-c2nc(C)no2)CCC3)CCC1NC1CCCCC1,7.1427
Cc1noc(-c2cc3c(nc2N2CCC(NC4CCCCC4)C(CO)C2)CCC3)n1,7.1308
Cc1noc(-c2cc3ccccc3nc2N2CCC(NC3CCCCC3)C2)n1,6.5735
Cc1ccc2nc(N3CC[C@@H](NC4CCCCC4)[C@H](O)C3)c(-c3nc(C)no3)cc2c1,8.0706
COC1CN(c2nc3ccc(C)cc3cc2-c2nc(C)no2)CCC1NC1CCCCC1,8.1109
Cc1ccc2nc(N3CCC(NC4CCCCC4)C(CO)C3)c(-c3nc(C)no3)cc2c1,8.5229
Cc1cnc(N2CCC(NC3CCCCC3)C(CO)C2)c(C=O)c1,5.3468
Cc1cnc(N2CCC(NC3CCCCC3)C(CO)C2)c(-c2ncco2)c1,6.4425
O[C@@H]1CN(c2nc3ccccc3cc2-c2ncco2)CC[C@H]1NC1CCCCC1,6.3233
COC1CN(c2ncc(C)cc2C=O)CCC1NC1CCCCC1,4.5229
COC1CN(c2ncc(C)cc2-c2ncco2)CCC1NC1CCCCC1,4.7696
Cc1ccc2nc(N3CCC(NC4CCCCC4)CC3)c(-c3nc(C)no3)cc2c1,8.4559
COC1CN(c2ncc(C)cc2C=N)CCC1NC1CCCCC1,6.9957
Cc1noc(-c2cc(C)c(C)nc2N2CCC(NC3CCCCC3)CC2)n1,7.6198
Cc1noc(-c2cc3ccccc3nc2N2CCC(CO)(NC3CCCCC3)CC2)n1,6.7878
Cc1noc(-c2cc(C)c(C)nc2N2CCC(NC3CCCC3)C(CO)C2)n1,7.8861
Cc1noc(-c2cc(C)c(C)nc2N2CCC(NC3CCCCC3C)C(CO)C2)n1,7.7696
COC1CN(c2nc3ccccc3cc2-c2ncco2)CCC1NC1CCCCC1,7.1549
OCC1CN(c2nc3ccccc3cc2-c2ncco2)CCC1NC1CCCCC1,6.9706
Cc1ccc2cc(-c3nc(C)no3)c(N3CC[C@@H](NC4CCCCC4)[C@H](O)C3)nc2c1,8.1549
COC1CN(c2nc3cc(C)ccc3cc2-c2nc(C)no2)CCC1NC1CCCCC1,7.6778
Cc1ccc2cc(-c3nc(C)no3)c(N3CCC(NC4CCCCC4)C(CO)C3)nc2c1,8.3010
Cc1noc(-c2cc3ccccc3nc2N2CCC(NC3CCCCC3O)CC2)n1,8.0458
Cc1ccc2nc(N3CCC(NC4CCCCC4O)CC3)c(-c3nc(C)no3)cc2c1,9.0000
Cc1noc(-c2cc3ccccc3nc2N2CCC(NC3CCOCC3)CC2)n1,8.0969
Cc1noc(-c2cc3ccccc3nc2N2CC(NC3CCCCC3)C2)n1,6.2248
Cc1noc(-c2cc3ccccc3nc2N2CCC(NC3CCCOC3)CC2)n1,8.3979
Cc1noc(-c2cc3ccccc3nc2N2CCC(NC3CCOC3)CC2)n1,7.6990
CCC(CC)NC1CCN(c2nc3ccccc3cc2-c2nc(C)no2)CC1,8.0969
Cc1noc(-c2cc3cc(Cl)ccc3nc2N2CC[C@@H](NC3CCCCC3)[C@H](O)C2)n1,7.4202
Cc1noc(-c2cc3cc(Cl)ccc3nc2N2CCC(NC3CCCCC3)C(CO)C2)n1,7.7959
COC1CN(c2nc3ccc(Cl)cc3cc2-c2nc(C)no2)CCC1NC1CCCCC1,7.8539
Cc1noc(-c2cc3cc(F)ccc3nc2N2CC[C@@H](NC3CCCCC3)[C@H](O)C2)n1,7.2291
COC1CN(c2nc3ccc(F)cc3cc2-c2nc(C)no2)CCC1NC1CCCCC1,7.5850
Cc1noc(-c2cc3cc(F)ccc3nc2N2CCC(NC3CCCCC3)C(CO)C2)n1,7.6576
Cc1cnc(N2CC[C@@H](NC3CCCCC3)[C@H](O)C2)c(-c2ncccn2)c1,6.2472
Cc1cnc(N2CCC(NC3CCCCC3)C(CO)C2)c(-c2ncccn2)c1,7.1024
Cc1ccc2nc(N3CCC(NC4CCC(O)CC4)CC3)c(-c3nc(C)no3)cc2c1,7.2924
Cc1ccc2nc(N3CCC(NC4CCCOC4)CC3)c(-c3nc(C)no3)cc2c1,8.3979
COC1CN(c2nc3ccc(C)cc3cc2-c2nc(C)no2)CCC1NC1CCCCC1F,8.0458
Cc1ccc2nc(N3CCC(NC4CCCCC4F)CC3)c(-c3nc(C)no3)cc2c1,8.0969
Cc1noc(-c2cc3c(F)cccc3nc2N2CC[C@@H](NC3CCCCC3)[C@H](O)C2)n1,7.9586
COC1CN(c2nc3cccc(F)c3cc2-c2nc(C)no2)CCC1NC1CCCCC1,7.9208
Cc1noc(-c2cc3c(F)cccc3nc2N2CCC(NC3CCCCC3)C(CO)C2)n1,8.0000
Cc1ccc2nc(N3CCC(NC4CCOC4)CC3)c(-c3nc(C)no3)cc2c1,8.0969
Cc1ccc2nc(N3CCC(NC4CCCC(O)C4)CC3)c(-c3nc(C)no3)cc2c1,8.0000
Cc1ccc2cc(-c3nc(C)no3)c(N3CCC(NC4CCCCC4O)CC3)nc2c1,6.2000
Cc1ccc2cc(-c3nc(C)no3)c(N3CCC(NC4CCOCC4)CC3)nc2c1,6.0315
COC1CN(c2nc3ccccc3cc2C2=NCC(C)O2)CCC1NC1CCCCC1,5.1451
COC1CN(c2nc3ccccc3cc2C2=NC(C)CO2)CCC1NC1CCCCC1,6.4295
Cc1ccc2nc(N3CCC(NC4CCCCCCC4)CC3)c(-c3nc(C)no3)cc2c1,6.5834
Cc1ccc2nc(N3CCC(NCC4CCCCC4)CC3)c(-c3nc(C)no3)cc2c1,5.8327
Cc1ccc2nc(N3CCC(NCC4CCCO4)CC3)c(-c3nc(C)no3)cc2c1,7.2218
Cc1ccc2nc(N3CCC(Nc4ncccn4)CC3)c(-c3nc(C)no3)cc2c1,4.3279
COC1CN(c2nc3ccccc3cc2-c2ncccn2)CCC1NC1CCCCC1,5.7520
OCC1CN(c2nc3ccccc3cc2-c2ncccn2)CCC1NC1CCCCC1,7.2518
Cc1ccc2nc(N3CCC(NC4CC5CCC4C5)CC3)c(-c3nc(C)no3)cc2c1,7.3098
Cc1ccc2nc(N3CCC(N4CCCCC4)CC3)c(-c3nc(C)no3)cc2c1,5.7595
Cc1ccc2nc(N3CCC(N(C)C4CCOCC4)CC3)c(-c3nc(C)no3)cc2c1,6.7447
CCc1ccc2nc(N3CCC(NC4CCCCC4)C(OC)C3)c(-c3nc(C)no3)cc2c1,7.4318
CCc1ccc2nc(N3CCC(NC4CCCCC4)C(CO)C3)c(-c3nc(C)no3)cc2c1,7.5229
Cc1ccc2nc(N3CCC(NC4COC4)CC3)c(-c3nc(C)no3)cc2c1,5.3497
Cc1ccc2nc(N3CCC(NC4(C)CCOCC4)CC3)c(-c3nc(C)no3)cc2c1,6.3778
C/C(N)=C/C(=C(\N)N1CCC(NC2CCOCC2)CC1)c1nc(C)no1,5.0605
COC1CN(c2nc3ccc(C)cc3cc2C(=N)OC(C)=N)CCC1NC1CCCCC1,6.4123
Cc1ccc2nc(N3CCC(NC4CC(C)OC(C)C4)CC3)c(-c3nc(C)no3)cc2c1,7.3010
Cc1noc(-c2cc3cccc(C)c3nc2N2CCC(NC3CCOCC3)CC2)n1,7.0088
COC1CN(c2nc3c(C)cccc3cc2-c2nc(C)no2)CCC1NC1CCCCC1,7.7447
Cc1noc(-c2cc3cccc(C)c3nc2N2CCC(NC3CCCCC3)C(CO)C2)n1,8.0458
CNC(=O)c1cc2cc(C)ccc2nc1N1CCC(NC2CCCCC2)C(OC)C1,5.3256
COC1CN(c2nc3ccc(C)cc3cc2C(=O)N(C)C)CCC1NC1CCCCC1,7.0177
Cc1ccc2nc(N3CCC(NC4CCCCC4)C(CO)C3)c(C(=O)N(C)C)cc2c1,7.0044
CCOC(=O)c1cc2cc(C)ccc2nc1N1CCC(NC2CCCCC2)C(OC)C1,7.5229
COC1CN(c2nc3ccc(C)cc3cc2C(=O)OC(C)C)CCC1NC1CCCCC1,7.4202
CCc1noc(-c2cc3cc(C)ccc3nc2N2CCC(NC3CCCCC3)C(OC)C2)n1,8.3979
CCc1noc(-c2cc3cc(C)ccc3nc2N2CCC(NC3CCCCC3)C(CO)C2)n1,7.6990
c1cnc(-c2cc3ccccc3nc2N2CCC(NC3CCOCC3)CC2)nc1,6.5258
CCOC(=O)c1cc2cc(C)ccc2nc1N1CCC(NC2CCCCC2)C(CO)C1,7.8239
CCOC(=O)c1cc2cc(C)ccc2nc1N1CCC(NC2CCOCC2)CC1,6.7352
CCc1noc(-c2cc3cc(C)ccc3nc2N2CCC(NC3CCOCC3)CC2)n1,7.3279
Cc1ccc2nc(N3CCC(NC4CCCCC4)C(CO)C3)c(C(=O)OC(C)C)cc2c1,7.7447
CO[C@H]1CN(c2nc3ccc(C)cc3cc2-c2nc(C)no2)CC[C@H]1NC1CCCCC1,9.1549
CO[C@H]1CN(c2nc3ccccc3cc2-c2nc(C)no2)CC[C@H]1NC1CCCCC1,8.6990
CO[C@H]1CN(c2nc3ccc(F)cc3cc2-c2nc(C)no2)CC[C@H]1NC1CCCCC1,8.0000
CCc1noc(-c2cc3cc(C)ccc3nc2N2CC[C@@H](NC3CCCCC3)[C@@H](OC)C2)n1,8.6990
CO[C@H]1CN(/C(N)=C(/C=C(/C)N)c2nc(C)no2)CC[C@H]1NC1CCCCC1,8.5229
CO[C@H]1CN(c2ncc(C)cc2-c2nc(C)no2)CC[C@H]1NC1CCCCC1,7.6021
CO[C@H]1CN(c2nc(C)c(C)cc2-c2nc(C)no2)CC[C@H]1NC1CCCCC1,7.7959
Cc1ccc2nc(N3CCC(NC4CCCCC4)C(CO)C3)c(-c3nnc(C)o3)cc2c1,7.4202
Cc1ccc2nc(N3CCC(NC4CCOCC4)CC3)c(C(=O)OC(C)C)cc2c1,6.5622
COC1CN(c2nc3ccc(C)cc3cc2-c2nc(C3CC3)no2)CCC1NC1CCCCC1,9.3010
Cc1ccc2nc(N3CCC(NC4CCCCC4)C(CO)C3)c(-c3nc(C4CC4)no3)cc2c1,8.4559
Cc1ccc2nc(N3CCC(NC4CCOCC4)CC3)c(-c3nc(C4CC4)no3)cc2c1,7.7696
COC1CN(c2nc3cc(C)c(C)cc3cc2-c2nc(C)no2)CCC1NC1CCCCC1,6.9706
Cc1noc(-c2cc3cc(C)c(C)cc3nc2N2CCC(NC3CCCCC3)C(CO)C2)n1,7.3872
COC1CN(c2nc3ccccc3cc2-c2nc(C)no2)CCC1NC1CCCC1,8.6021
COC1CN(c2nc3ccc(C)cc3cc2-c2nc(C)no2)CCC1NC1CCCC1,9.3010
CCc1noc(-c2cc3cc(C)ccc3nc2N2CCC(NC3CCCC3)C(OC)C2)n1,8.3979
COC1CN(c2nc3ccccc3cc2-c2nc(C)no2)CCC1NC1CCCCCC1,9.0000
COC1CN(c2nc3ccc(C)cc3cc2-c2nc(C)no2)CCC1NC1CCCCCC1,9.1549
CCc1noc(-c2cc3cc(C)ccc3nc2N2CCC(NC3CCCCCC3)C(OC)C2)n1,8.8239
COC1CN(c2nc3ccc(C)cc3cc2-c2noc(C)n2)CCC1NC1CCCCC1,8.6990
CO[C@@H]1CN(c2nc3ccc(C)cc3cc2-c2nc(C)no2)CC[C@@H]1NC1CCCCC1,8.3979
COC1CN(c2ncc(C)cc2-c2nc(C)no2)CCC1NC1CCCC1,7.6383
COC1CN(c2nc(C)c(C)cc2-c2nc(C)no2)CCC1NC1CCCC1,7.5686
COC1CN(c2ncc(C)cc2-c2nc(C)no2)CCC1NC1CCCCCC1,7.7212
COC1CN(c2nc(C)c(C)cc2-c2nc(C)no2)CCC1NC1CCCCCC1,7.6778
COC1CN(c2ncc(C)cc2-c2nc(C)no2)CCC1NC1CCOCC1,6.7696
COC1CN(c2nc(C)c(C)cc2-c2nc(C)no2)CCC1NC1CCOCC1,6.9788
COC1CN(/C(N)=C(/C=C(/C)N)c2nc(C)no2)CCC1NC1CCOCC1,7.7959
COC1CN(c2nc3ccc(C)cc3cc2C(=O)N2CCCC2)CCC1NC1CCCCC1,5.8729
COC1CN(c2nc3ccccc3cc2-c2nc(C)no2)CCC1NC1CCOCC1,8.0969
COC1CN(c2nc3ccc(C)cc3cc2-c2nc(C)no2)CCC1NC1CCOCC1,8.7212
CCc1noc(-c2cc3cc(C)ccc3nc2N2CCC(NC3CCOCC3)C(OC)C2)n1,8.2518
Cc1ccc2nc(N3CCC(NC4CCCCC4)C(CO)C3)c(-c3noc(C)n3)cc2c1,9.1427
CO[C@@H]1CN(c2nc3ccccc3cc2-c2nc(C)no2)CC[C@@H]1NC1CCCCC1,7.9172
CCc1noc(-c2cc3cc(C)ccc3nc2N2CC[C@H](NC3CCCCC3)[C@H](OC)C2)n1,8.3098
CO[C@@H]1CN(c2nc3ccc(F)cc3cc2-c2nc(C)no2)CC[C@@H]1NC1CCCCC1,7.5686
Cc1ccc2nc(N3CCC(NC4CCOCC4)CC3)c(-c3noc(C)n3)cc2c1,7.7212
CO[C@H]1CN(c2nc3ccccc3nc2-c2nc(C)no2)CC[C@H]1NC1CCCCC1,8.1805
CO[C@@H]1CN(c2nc3ccccc3nc2-c2nc(C)no2)CC[C@@H]1NC1CCCCC1,6.7932
CCc1noc(-c2cc3cc(C)ccc3nc2N2CC[C@@H](NC3CCCCC3)[C@H](O)C2)n1,6.9469
CCOC(=O)c1noc(-c2cc3cc(C)ccc3nc2N2CCC(NC3CCCCC3)C(CO)C2)n1,4.7520
CCOC(=O)c1noc(-c2cc3cc(C)ccc3nc2N2CCC(NC3CCCCC3O)CC2)n1,5.3605
CO[C@H]1CN(c2nc3ccc(C)cc3cc2-c2nc(C3CC3)no2)CC[C@H]1NC1CCCCC1,9.1367
CO[C@H]1CN(c2nc3ccc(C)cc3cc2-c2noc(C)n2)CC[C@H]1NC1CCCCC1,9.0044
CO[C@H]1CN(c2ncc(C)cc2-c2nc(C)no2)CC[C@H]1N(C1CCCC1)C1CCCC1,7.5376
CO[C@@H]1CN(c2nc3ccc(C)cc3cc2-c2nc(C3CC3)no2)CC[C@@H]1NC1CCCC1,8.2218
CO[C@@H]1CN(c2ncc(C)cc2-c2nc(C)no2)CC[C@@H]1NC1CCCCC1,7.1192
CO[C@@H]1CN(c2nc(C)c(C)cc2-c2nc(C)no2)CC[C@@H]1NC1CCCCC1,7.3188
CO[C@H]1CN(c2nc3ccc(C)cc3cc2C(=O)OC(C)C)CC[C@H]1NC1CCCCC1,7.9667
CO[C@H]1CN(c2nc3ccccc3cc2-c2ccc(C)nn2)CC[C@H]1NC1CCCCC1,7.7721
CO[C@@H]1CN(c2ncc(C)cc2-c2nc(C)no2)CC[C@@H]1NC1CCCC1,6.9830
CO[C@@H]1CN(c2nc(C)c(C)cc2-c2nc(C)no2)CC[C@@H]1NC1CCCC1,6.8633
CO[C@@H]1CN(c2nc3ccc(C)cc3cc2-c2nc(C)no2)CC[C@@H]1NC1CCCC1,7.4949
Cc1ccc2nc(N3CCC(NC4CCCCC4C)CC3)c(-c3nc(C)no3)cc2c1,8.8861
Cc1ccc2nc(N3CCC(NC(C)C4CCCCC4)CC3)c(-c3nc(C)no3)cc2c1,7.6778
Cc1ccc2nc(N3CCC(NC4CCC(C)CC4)CC3)c(-c3nc(C)no3)cc2c1,9.0132
CCCC(C)NC1CCN(c2nc3ccc(C)cc3cc2-c2nc(C)no2)CC1,8.5229
Cc1ccc2nc(N3CCC(NCC4CCCCC4O)CC3)c(-c3nc(C)no3)cc2c1,8.5086
CCOC(=O)c1nc2cc(C)ccc2nc1N1CCC(NC2CCCCC2)C(OC)C1,7.6383
Cc1ccc2nc(N3CCC(NCC(C)C)CC3)c(-c3nc(C4CC4)no3)cc2c1,8.3768
CO[C@H]1CN(c2ncc(C)cc2C(=O)OC(C)C)CC[C@H]1NC1CCCCC1,7.8946
Cc1cnc(N2CCC(C)(NC3CCCCC3)CC2)c(-c2nc(C)no2)c1,7.6546
COC1CN(c2ncc(C)cc2-n2ccc(C)n2)CCC1NC1CCCCC1,8.0458
COC1CN(c2ncc(C)cc2-n2cc(C)cn2)CCC1NC1CCCCC1,4.2366
CO[C@H]1CN(c2ncc(C)cc2-c2ccc(C)nn2)CC[C@H]1NC1CCCCC1,6.7959
Cc1cnc(N2CCC(NCC(C)C)CC2)c(-c2ccc(C)nn2)c1,4.9922
Cc1ccc2nc(N3CCC(NCC(C)O)CC3)c(-c3nc(C)no3)cc2c1,8.0969
CO[C@@H]1CN(c2ncc(C)cc2C(=O)OC(C)C)CC[C@@H]1NC1CCCCC1,5.8416
CO[C@H]1CN(c2nc3c(C)cc(C)cc3cc2-c2nc(C)no2)CC[C@H]1NC1CCCCC1,8.5229
Cc1cc(C)c2nc(N3CCC(NC4CCOCC4)CC3)c(-c3nc(C)no3)cc2c1,8.0000
Cc1cc(C)c2nc(N3CCC(NCC(C)C)CC3)c(-c3nc(C)no3)cc2c1,7.7447
COC1CN(c2nc3c(C)cc(C)cc3cc2-c2nc(C)no2)CCC1NCC(C)C,8.0969
CO[C@H]1CN(c2ncc(C)cc2-n2ccc(C)n2)CC[C@H]1NC1CCCCC1,7.7212
Cc1ccc2nc(N3CCC(NC4CCCCCC4)CC3)c(-c3nc(C)no3)cc2c1,8.6990
Cc1ccc2nc(N3CCC(NC4CCCCC4CO)CC3)c(-c3nc(C)no3)cc2c1,8.1549
Cc1ccc2nc(N3CCC(NC4CCCC4)CC3)c(-c3nc(C)no3)cc2c1,8.6990
Cc1ccc2nc(N3CCC(NC4CCC4)CC3)c(-c3nc(C)no3)cc2c1,7.4318
Cc1ccc2nc(N3CCC(NC4CCC[C@@H]4O)CC3)c(-c3nc(C)no3)cc2c1,7.8239
CCOC(=O)c1nc2cc(C)ccc2nc1N1CCC(NC2CCCCC2)C(CO)C1,7.2007
COC1CN(c2nc3ccccc3cc2-c2nc(C)no2)CCC1NCC(C)C,7.3468
COC1CN(c2nc3ccc(C)cc3cc2-c2nc(C)no2)CCC1NCC(C)C,7.9208
COC1CN(c2nc3ccc(C)cc3cc2-c2nc(C3CC3)no2)CCC1NCC(C)C,7.8539
COC1CN(c2nc3ccc(C)cc3cc2-c2noc(C)n2)CCC1NCC(C)C,7.1612
COC1CN(c2nc(C)c(C)cc2-c2nc(C)no2)CCC1NCC(C)C,6.5918
CCc1cnc(N2CCC(NC3CCCCC3)C(OC)C2)c(-c2nc(C)no2)c1,6.2798
COC1CN(c2ncc(C)cc2-c2cc(C)no2)CCC1NC1CCCCC1,6.8928
Cc1cnc(N2CCC(NCC(C)C)CC2)c(-c2cc(C)no2)c1,6.0655
CO[C@@H]1CN(c2nc3ccc(C)cc3cc2-c2noc(C)n2)CC[C@@H]1NC1CCCCC1,7.0809
CO[C@@H]1CN(c2ncc(C)cc2-n2ccc(C)n2)CC[C@@H]1NC1CCCCC1,5.9352
COC1CN(c2ncc(C)cc2-c2nccc(C)n2)CCC1NC1CCCCC1,4.7773
C/C(N)=C/C(C(=O)OC(C)C)=C(\N)N1CCC(NC2CCCCC2)CC1,9.0000
Cc1ccc(-c2nc(C)no2)c(N2CCC(NC3CCCCC3)C(CO)C2)n1,7.5086
Cc1ccc(-c2nc(C)no2)c(N2CCC(NC3CCCCC3)CC2)n1,7.0506
Cc1cnc(N2CCC(NC3CCCCC3)CC2)c(-c2nc(C)no2)c1,7.6990
Cc1cnc(N2CCC(NC3CCOCC3)CC2)c(-c2nc(C)no2)c1,6.8153
COC1CN(c2nc(C)c(C)nc2-c2nc(C)no2)CCC1NC1CCCCC1,5.7167
CCc1noc(-c2cc(C)cnc2N2CCC(NC3CCCCC3)C(OC)C2)n1,6.9788
COC1CN(c2ncc(C)cc2-c2cn(C)nn2)CCC1NC1CCCCC1,5.5287
Cc1cnc(N2CCC(NCC(C)C)CC2)c(-c2nc(C)no2)c1,6.4609
Cc1noc(-c2cc(C)c(C)nc2N2CCC(NCC(C)C)CC2)n1,6.7932
CO[C@H]1CN(c2ncc(C)cc2-c2noc(C)n2)CC[C@H]1NC1CCCCC1,7.3098
Cc1cnc(N2CCC(NC3CCOCC3)CC2)c(-c2nc(C3CC3)no2)c1,5.6453
Cc1cnc(N2CCC(NCC(C)C)CC2)c(-c2nc(C3CC3)no2)c1,5.8928
CO[C@H]1CN(c2ncc(C)cc2-c2nc(C3CC3)no2)CC[C@H]1NC1CCCCC1,7.7447
CO[C@@H]1CN(c2ncc(C)cc2-c2noc(C)n2)CC[C@@H]1NC1CCCCC1,6.0209
Cc1cc(C(=O)N(C)C)c(N2CCC(NC3CCCCC3)CC2)nn1,6.5544
COC1CN(/C(N)=C(/C=C(/C)N)C(=O)N(C)C)CCC1NC1CCCCC1,7.1739
Cc1ccc2nc(N3CCC(NCC(C)(C)O)CC3)c(-c3nc(C)no3)cc2c1,7.7959
C/C(N)=C/C(C(=O)OC(C)C)=C(\N)N1CCC(NCC(C)(C)O)CC1,6.4921
CO[C@@H]1CN(/C(N)=C(/C=C(/C)N)C(=O)OC(C)C)CC[C@@H]1NC1CCCCC1,7.2007
CO[C@@H]1CN(c2ncc(C)cc2C(=N)/C=C\C(C)=N)CC[C@H]1NC1CCCCC1,4.6696
Cc1cnc(-c2cc(C)cnc2N2CCC(NC3CCCCC3)CC2)nc1,5.1146
CCOC(=O)CCNC1CCN(c2nc3ccc(C)cc3cc2-c2nc(C)no2)CC1,6.4672
COC1CN(/C(N)=C(/C=C(/C)N)C(=O)OC(C)C)CCC1NCC(C)C,7.2441
C/C(N)=C/C(C(=O)OC(C)C)=C(\N)N1CCC(NC2CCOCC2)CC1,6.8894
C/C(N)=C/C(C(=O)OC(C)C)=C(\N)N1CCC(NCC(C)C)CC1,7.1079
CO[C@H]1CN(/C(N)=C(/C=C(/C)N)C(=O)OC(C)C)CC[C@H]1NC1CCCCC1,8.0000
Cc1ccc2nc(N3CCC(NCC(C)(C)O)CC3)c(-c3noc(C)n3)cc2c1,6.3224
Cc1ccc2nc(N3CCC(NCC(C)C)CC3)c(-c3noc(C)n3)cc2c1,7.6576
Cc1ccc2nc(N3CCC(NC4CCCC4)CC3)c(-c3noc(C)n3)cc2c1,8.0458
Cc1ccc2nc(N3CCC(NC4CCCCCC4)CC3)c(-c3noc(C)n3)cc2c1,8.5229
CCC(CC)NC1CCN(c2nc3ccc(C)cc3cc2-c2noc(C)n2)CC1,8.3979
Cc1ccc2nc(N3CCC(NC4(C)CCOCC4)CC3)c(-c3noc(C)n3)cc2c1,6.9788
Cc1ccc2nc(N3CCC(NC4CCC[C@@H]4O)CC3)c(-c3noc(C)n3)cc2c1,7.2280
Cc1ccc2nc(N3CCC(NC4CCCOC4)CC3)c(-c3noc(C)n3)cc2c1,8.6990
Cc1cc(-c2noc(C)n2)c(N2CCC(NC3CCCCC3)CC2)nn1,8.5229
Cc1ccc2nc(N3CCC(NC[C@@H](C)O)CC3)c(-c3nc(C)no3)cc2c1,7.3188
Cc1ccc2nc(N3CCC(NC[C@H](C)O)CC3)c(-c3nc(C)no3)cc2c1,6.9747
Cc1ccc2nc(N3CCC(NC[C@@H](C)O)CC3)c(-c3noc(C)n3)cc2c1,6.7190
Cc1ccc2nc(N3CCC(NC[C@H](C)O)CC3)c(-c3noc(C)n3)cc2c1,6.3747
COC1CN(c2nc(CO)ccc2-c2nc(C)no2)CCC1NC1CCCCC1,7.2218
CO[C@H]1CN(c2nc(C)ccc2-c2ccc(C)nn2)CC[C@H]1NC1CCCCC1,5.7055
CO[C@@H]1CN(c2nc(C)ccc2-c2ccc(C)nn2)CC[C@@H]1NC1CCCCC1,5.3372
Cc1noc(-c2ccc(CO)nc2N2CCC(NC3CCCCC3)CC2)n1,6.9957
CO[C@H]1CN(c2nc(C)ccc2-c2noc(C)n2)CC[C@H]1NC1CCCCC1,6.6696
CO[C@@H]1CN(c2nc(C)ccc2-c2noc(C)n2)CC[C@@H]1NC1CCCCC1,6.0000
Cc1cc(-c2noc(C)n2)c(N2CCC(NCC(C)C)CC2)nn1,7.6576
Cc1ccc2nc(N3CCC(NC4CCOC4)CC3)c(-c3noc(C)n3)cc2c1,7.6576
Cc1ccc2nc(N3CCC(NCC4CC4)CC3)c(-c3noc(C)n3)cc2c1,7.3665
Cc1ccc2nc(N3CCC(NC4CCC(F)(F)CC4)CC3)c(-c3nc(C)no3)cc2c1,8.2218
Cc1ccc2nc(N3CCC(NC4CCC(F)(F)CC4)CC3)c(-c3noc(C)n3)cc2c1,7.5850
Cc1ccc2nc(N3CCC(NC4CCCC[C@@H]4O)CC3)c(-c3noc(C)n3)cc2c1,7.7696
Cc1ccc2nc(N3CCC(NC4CCCCC4)CC3)c(-c3ccc(C)nn3)cc2c1,7.1249
CO[C@H]1CN(c2nc3ccc(C)cc3cc2-c2ccc(C)nn2)CC[C@H]1NC1CCCCC1,6.6364
Cc1ccc2nc(N3CCC(NC4CCOCC4)CC3)c(-c3ccc(C)nn3)cc2c1,6.4067
Cc1ccc2nc(N3CCC(NCC(C)C)CC3)c(-c3ccc(C)nn3)cc2c1,6.4895
Cc1ccc2nc(N3CCC(NC4CCCC[C@@H]4O)CC3)c(-c3ccc(C)nn3)cc2c1,7.4815
Cc1ccc2nc(N3CCC(NC4CCC[C@@H]4O)CC3)c(-c3ccc(C)nn3)cc2c1,6.1979
Cc1ccc2nc(N3CCC(NC4CCCC4)CC3)c(-c3ccc(C)nn3)cc2c1,7.2596
Cc1nc(-c2c(N3CCC(NC4CCCC[C@@H]4O)CC3)nc3ccccc3c2C)no1,7.1427
Cc1nc(-c2c(N3CCC(NC4CCOCC4)CC3)nc3ccccc3c2C)no1,5.9393
Cc1nc(-c2c(N3CCC(NCC(C)C)CC3)nc3ccccc3c2C)no1,6.6459
CCC(CC)NC1CCN(c2nc3ccccc3c(C)c2-c2noc(C)n2)CC1,6.8894
Cc1ccc2nc(N3CCC(NC4CCCCC4O)CC3)c(-c3noc(C)n3)cc2c1,7.9586
Cc1ccc2nc(N3CCC(NC4CCCCC4O)CC3)c(-c3ccc(C)nn3)cc2c1,7.0269
Cc1cc(-c2noc(C)n2)c(N2CCC(NC3CCCC[C@@H]3O)CC2)nn1,7.3279
CCCC(C)NC1CCN(c2nc3ccc(C)cc3cc2-c2noc(C)n2)CC1,7.0706
CCc1ccc(-c2cc3cc(C)ccc3nc2N2CCC(NC3CCCC[C@@H]3O)CC2)nn1,6.1062
CCc1ccc(-c2cc3cc(C)ccc3nc2N2CCC(NC3CCCCC3)CC2)nn1,5.7852
CO[C@H]1CN(c2nnc(C)cc2-c2nc(C3CC3)no2)CC[C@H]1NC1CCCCC1,8.2218
Cc1cc(-c2nc(C3CC3)no2)c(N2CCC(NC3CCCCC3)CC2)nn1,7.6198
Cc1ccc2nc(N3CCC(NC4CCOC4)CC3)c(-c3ccc(C)nn3)cc2c1,6.3565
CO/N=C/c1cc2cc(C)ccc2nc1N1CCC(NC2CCCCC2)CC1,7.8239
CCO/N=C/c1cc2cc(C)ccc2nc1N1CCC(NC2CCCCC2)CC1,6.8508
Cc1ccc2nc(N3CCC(NC4CCCCC4)C3)c(-c3nc(C)no3)cc2c1,7.2840
C/C(N)=C/C(=C(\N)N1CCC(NC2CCCCC2)C1)c1nc(C2CC2)no1,6.4949
COC1CN(c2nc3ccccc3cc2-c2cccnn2)CCC1NC1CCCCC1,7.2676
c1cnnc(-c2cc3ccccc3nc2N2CCC(NC3CCCCC3)CC2)c1,7.0605
COC1CN(c2nc3ccccc3cc2-c2cnc(C)cn2)CCC1NC1CCCCC1,7.7447
Cc1cnc(-c2cc3ccccc3nc2N2CCC(NC3CCCCC3)CC2)cn1,7.6198
Cc1nc(-c2cc3cc(F)ccc3nc2N2CCC(NC3CCCCC3)CC2)no1,6.3655
Cc1nc(-c2cc3cc(F)ccc3nc2N2CCC(NC3CCCC3)CC2)no1,6.7570
Cc1nc(-c2cc3cc(F)ccc3nc2N2CCC(NC3CCOCC3)CC2)no1,6.3565
CO[C@H]1CN(c2nc3ccccc3cc2-c2cnc(C)cn2)CC[C@H]1NC1CCCCC1,7.3979
CO[C@@H]1CN(c2nc3ccccc3cc2-c2cnc(C)cn2)CC[C@@H]1NC1CCCCC1,6.7696
CO[C@H]1CN(c2ncc(C)cc2-c2cnc(C)cn2)CC[C@H]1NC1CCCCC1,6.9788
Cc1cnc(N2CCC(NC3CCOCC3)CC2)c(-c2cnc(C)cn2)c1,5.4935
Cc1nc(-c2cc3cc(F)ccc3nc2N2CCC(N[C@H]3CCC[C@@H]3O)CC2)no1,5.7212
Cc1nc(-c2cc3cc(F)ccc3nc2N2CCC(N[C@@H]3CCCC[C@H]3O)CC2)no1,6.9957
Cc1noc(-c2cc3cc(F)ccc3nc2N2CCC(NC3CCOCC3)CC2)n1,6.3665
Cc1noc(-c2cc3c(F)cccc3nc2N2CCC(NC3CCOCC3)CC2)n1,7.3768
CC(=O)c1cc2cc(C)ccc2nc1N1CCC(NC2CCOCC2)CC1,6.0458
CC(=O)c1cc2cc(C)ccc2nc1N1CCC(NC2CCCCC2)CC1,6.6757
Cc1nc(-c2cc3ccc(F)cc3nc2N2CCC(NC3CCCCC3)CC2)no1,8.0969
Cc1nc(-c2cc3ccc(F)cc3nc2N2CCC(NC3CCCC3)CC2)no1,8.0000
Cc1nc(-c2cc3ccc(F)cc3nc2N2CCC(NC3CCOCC3)CC2)no1,7.1249
CO[C@H]1CN(c2nc3ccc(C)cc3cc2C(C)=O)CC[C@H]1NC1CCCCC1,6.5017
CO[C@@H]1CN(c2nc3ccc(C)cc3cc2C(C)=O)CC[C@@H]1NC1CCCCC1,6.4597
Cc1nc(-c2cc3ccc(F)cc3nc2N2CCC(NC3CCCC[C@@H]3O)CC2)no1,6.1720
Cc1nc(-c2cc3ccc(F)cc3nc2N2CCC(NC3CCCOC3)CC2)no1,5.9706
CO[C@H]1CN(c2nc3c(C)c(F)ccc3cc2-c2nc(C)no2)CC[C@H]1NC1CCCCC1,7.8239
Cc1ccc2nc(N3CCC(NC4CCCCC4)CC3)c(-c3ccc(C)o3)cc2c1,7.7212
CCC(CC)NC1CCN(c2nc3ccc(F)cc3cc2-c2noc(C)n2)CC1,6.6055
Cc1noc(-c2cc3ccc(F)c(C)c3nc2N2CCC(NC3CCCCC3)CC2)n1,7.4815
CO[C@@H]1CN(c2nc3c(C)c(F)ccc3cc2-c2nc(C)no2)CC[C@@H]1NC1CCCCC1,7.1308
Cc1noc(-c2cc3ccc(F)c(C)c3nc2N2CCC(NC3CCOCC3)CC2)n1,6.8794
Cc1noc(-c2cc3ccc(F)c(C)c3nc2N2CCC(NCC(C)C)CC2)n1,7.1938
Cc1nc(-c2cc3cc(C)c(F)cc3nc2N2CCC(NC3CCCCC3)CC2)no1,7.8861
CO[C@H]1CN(c2nc3cc(F)c(C)cc3cc2-c2nc(C)no2)CC[C@H]1NC1CCCCC1,7.2676
CO[C@H]1CN(c2nc3ccc(C)cc3cc2-c2ccc(C)o2)CC[C@H]1NC1CCCCC1,7.3188
Cc1noc(-c2cc3cc(C)c(F)cc3nc2N2CCC(NCC(C)C)CC2)n1,7.4815
Cc1cnc(N2CCC(NC3CCCCC3)CC2)c(-c2ccc(C)o2)c1,6.9355
CO[C@H]1CN(c2nc3ccc(C)cc3cc2-c2nc(C)no2)CC[C@H]1NC1CCOCC1,6.3737
Cc1ccc2nc(N3CCC(NC4CCOCC4)CC3)c(-c3ccc(C)o3)cc2c1,6.4802
CO[C@H]1CN(c2nnc(C)cc2-c2nc(C)no2)CC[C@H]1NC1CCOCC1,5.5074
Cc1nc(-c2cc3ccc(F)c(C)c3nc2N2CCC(NC3CCCCC3)CC2)no1,7.1308
Cc1nc(-c2cc3ccc(F)c(C)c3nc2N2CCC(NC3CCCC3)CC2)no1,7.3468
Cc1nc(-c2cc3ccc(F)c(C)c3nc2N2CCC(NCC(C)C)CC2)no1,6.8996
Cc1nc(-c2cc3cc(C)c(F)cc3nc2N2CCC(NC3CCCC[C@@H]3O)CC2)no1,7.3188
Cc1nc(-c2cc3cc(C)c(F)cc3nc2N2CCC(NC3CCOCC3)CC2)no1,7.3665
CO[C@H]1CN(c2nc3cc(F)ccc3cc2-c2nc(C)no2)CC[C@H]1NC1CCCCC1,8.3010
C/C(N)=C/C(=C(\N)N1CCC(NCC(C)C)CC1)c1nc(C2CC2)no1,7.5229
Cc1nc(-c2cc3ccc(F)c(C)c3nc2N2CCC(N[C@H]3CCCC[C@@H]3O)CC2)no1,6.9393
Cc1nc(-c2cc3ccc(F)c(C)c3nc2N2CCC(NC3CCOCC3)CC2)no1,6.6440
Cc1nc(-c2cc3cc(C)c(F)cc3nc2N2CCC(NC3CCCC3)CC2)no1,7.9208
Cc1nc(-c2cc3cc(C)c(F)cc3nc2N2CCC(NCC(C)C)CC2)no1,7.5686
CO[C@@H]1CN(c2nc3cc(F)ccc3cc2-c2nc(C)no2)CC[C@@H]1NC1CCCCC1,7.2596
Cc1noc(-c2cc3ccc(F)cc3nc2N2CCC(NC3CCCCC3)CC2)n1,8.1549
Cc1ccc2nc(N3CCC(N[C@H]4CCCC[C@@H]4O)CC3)c(-c3ccncn3)cc2c1,6.2487
Cc1cnc(N2CCC(NC3CCCCC3)CC2)c(-c2ccncn2)c1,5.9423
Cc1ccc2nc(N3CCC(NC4CCOCC4)CC3)c(-c3nc(C)no3)nc2c1,6.3872
CO[C@H]1CN(c2nc3ccc(C)cc3nc2-c2nc(C)no2)CC[C@H]1NC1CCCCC1,7.0223
CO[C@H]1CN(c2nc3cccc(F)c3cc2-c2nc(C)no2)CC[C@H]1NC1CCCCC1,7.7212
CO[C@H]1CN(c2nc3ccc(C)cc3cc2-c2nc(C)no2)CC[C@H]1NC1CCC(F)(F)CC1,6.5560
CO[C@@H]1CN(c2nc3ccc(C)cc3cc2-c2nc(C)no2)CC[C@@H]1NC1CCOCC1,7.1739
CCc1ccc2nc(N3CCC(N[C@H](C)C(C)C)CC3)c(-c3nc(C)no3)cc2c1,8.1549
Cc1ccc2nc(N3CCC(N[C@H](C)C(C)C)CC3)c(-c3noc(C)n3)cc2c1,7.2441
CCc1ccc2nc(N3CCC(N[C@H](C)CC)CC3)c(-c3nc(C)no3)cc2c1,7.7696
Cc1noc(-c2cc3c(F)cccc3nc2N2CCC(NCC(C)C)CC2)n1,7.3098
Cc1noc(-c2cc3ccc(F)cc3nc2N2CCC(NCC(C)C)CC2)n1,7.6990
Cc1noc(-c2cc3ccc(F)cc3nc2N2CCC(NC3CCOCC3)CC2)n1,7.6383
CO[C@H]1CN(c2nc3ccc(C)cc3cc2-c2nc(C)no2)CC[C@H]1NCC(C)C,6.4330
CO[C@H]1CN(c2nc3ccc(F)cc3cc2-c2nc(C)no2)CC[C@H]1NCC(C)C,5.2924
CO[C@H]1CN(/C(N)=C(/C=C(/C)N)c2nc(C)no2)CC[C@H]1NCC(C)C,6.0017
Cc1ccc2nc(N3CCC(NC4CCCCC4)CC3)c(-c3ccncn3)cc2c1,6.4763
Cc1ccc2nc(N3CCC(NC4CCCC4)CC3)c(-c3ccncn3)cc2c1,6.5800
Cc1ccc2nc(N3CCC(NCC(C)C)CC3)c(-c3ccncn3)cc2c1,6.2218
CO[C@H]1CN(/C(N)=C(/C=C(/C)N)c2nc(C3CC3)no2)CC[C@H]1NCC(C)C,6.3325
Cc1noc(-c2cc3ccc(Cl)cc3nc2N2CCC(NC3CCCCC3)CC2)n1,7.7212
CO[C@H]1CN(c2nc3cc(Cl)ccc3cc2-c2nc(C)no2)CC[C@H]1NC1CCCCC1,7.9208
CO[C@H]1CN(c2nc3cc(F)ccc3cc2-c2nc(C)no2)CC[C@H]1NCC(C)C,6.0132
COC(=O)c1cc(C)ccc1N1CCC(NC2CCCCC2)C(OC)C1,5.4318
CCOC(=O)c1cc(Br)cnc1N1CC[C@H](NC2CCCCC2)[C@@H](O)C1,7.7959
Cc1noc(-c2cc3ccc(Cl)cc3nc2N2CCC(NCC(C)C)CC2)n1,7.3468
Cc1noc(-c2cc(C)c(C)nc2N2CC[C@H](NC3CCCCC3)[C@@H](O)C2)n1,7.4949
COC(=O)c1cc(Br)cnc1N1CC[C@H](NC2CCCCC2)[C@@H](O)C1,8.0000
COCCOCCOCCNc1ccc2c(c1)[C@@]1(C)CCN(CC3CC3)[C@H](C2=O)[C@@H]1C,6.2083
COCCOCCOCCOc1ccc2c(c1)[C@@]1(C)CCN(CC3CC3)[C@H](C2=O)[C@@H]1C,6.0560
COCCOCCOCCOCCOCCNc1ccc(Nc2ccc3c(c2)[C@]2(C)CCN(CC4CC4)C(C3=O)[C@@H]2C)cc1,8.2280
C[C@H]1C2C(=O)c3ccc(Nc4ccc(NCCOCCOCCOCCOCCOC(F)(F)F)cc4)cc3[C@]1(C)CCN2CC1CC1,8.5436
C[C@H]1[C@H]2C(=O)c3ccc(NC(C)(C)CO)cc3[C@]1(C)CCN2CC1CC1,5.9767
C[C@H]1[C@H]2C(=O)c3ccc(NC(CO)CO)cc3[C@]1(C)CCN2CC1CC1,6.3063
COCCOCCOCCOCCOCCO[C@@H]1c2ccc(O)cc2[C@]2(C)CCN(CC3CC3)[C@H]1[C@@H]2C,6.3650
CN(C)CCCC1(c2ccc(F)cc2)OCc2cc(C(=N)NCc3ccccc3)ccc21,7.5229
CN(C)CCCC1(c2ccc(F)cc2)OCc2cc(C(=N)N3CCCC3)ccc21,6.6038
CN(C)CCCC1(c2ccc(F)cc2)OCc2cc(-c3ncc[nH]3)ccc21,7.3279
COCCOCCOCCNc1ccc2c(c1)[C@@]1(C)CCCN(CC3CC3)[C@H](C2=O)[C@@H]1C,6.2083
COCCOCCOCCOCCOCCNc1ccc2c(c1)[C@@]1(C)CCCN(CC3CC3)[C@H](C2=O)[C@@H]1C,6.2604
COCCOCCOCCOCCOCCOCCOCCNc1ccc2c(c1)[C@@]1(C)CCCN(CC3CC3)[C@H](C2=O)[C@@H]1C,6.1141
COCCOCCOCCOc1ccc2c(c1)[C@@]1(C)CCCN(CC3CC3)[C@H](C2=O)[C@@H]1C,6.6925
COCCOCCOCCOCCOCCOc1ccc2c(c1)[C@@]1(C)CCCN(CC3CC3)[C@H](C2=O)[C@@H]1C,5.5289
COCCOCCOCCOCCOCCOCCOCCOc1ccc2c(c1)[C@@]1(C)CCCN(CC3CC3)[C@H](C2=O)[C@@H]1C,5.8529
CO/N=C/c1cc(Br)cnc1N1CCC(NC2CCCCC2)CC1,6.5346
CCO/N=C/c1cc(Br)cnc1N1CCC(NC2CCCCC2)CC1,5.3979
COC(=O)c1cc(C)nnc1N1CC[C@@H](NC2CCCCC2)[C@H](O)C1,7.4949
COC(=O)c1cc(C)nnc1N1CCC(NC2CCCCC2)C(OC)C1,7.7212
COC(=O)c1cc(C)nnc1N1CCC(NC2CCCCC2)C(CO)C1,7.9318
Cc1cc(-c2nc(C)no2)c(N2CC[C@@H](NC3CCCCC3)[C@H](O)C2)nn1,7.3372
Cc1cc(-c2nc(C)no2)c(N2CCC(NC3CCCCC3)C(CO)C2)nn1,8.1549
COC1CN(c2nnc(C)cc2-c2nc(C)no2)CCC1NC1CCCCC1,7.5229
CCC1(CO)CN(c2nnc(C)cc2-c2nc(C)no2)CCC1NC1CCCCC1,7.7212
CCC1CN(c2nnc(C)cc2-c2nc(C)no2)CCC1NC1CCCCC1,7.6198
Cc1noc(-c2cc3c(nc2N2CC[C@@H](NC4CCCCC4)[C@H](O)C2)CCC3)n1,6.5591
COC1CN(c2nc3ccccc3cc2C2=NCC(C)O2)CCC1NC1CCCCC1O,5.1451
Cc1cc(-c2nc(C)no2)c(N2CCC(NC3CCOCC3)CC2)nn1,5.0605
COC1CN(c2nc3ccc(C)cc3cc2-c2nnc(C)o2)CCC1NC1CCCCC1,6.4123
CO[C@H]1CN(c2nnc(C)cc2-c2nc(C)no2)CC[C@H]1NC1CCCCC1,8.5229
COC1CN(c2nnc(C)cc2-c2nc(C)no2)CCC1NC1CCOCC1,7.7959
CCc1noc(-c2cc3cc(C)ccc3nc2N2CC[C@@H](NC3CCCCC3)[C@H](OC)C2)n1,6.9469
Cc1cc(C(=O)OC(C)C)c(N2CCC(NC3CCCCC3)CC2)nn1,9.0000
COC1CN(c2nnc(C)cc2C(=O)N(C)C)CCC1NC1CCCCC1,7.1739
Cc1cc(C(=O)OC(C)C)c(N2CCC(NCC(C)(C)O)CC2)nn1,6.4921
CO[C@@H]1CN(c2nnc(C)cc2C(=O)OC(C)C)CC[C@@H]1NC1CCCCC1,7.2007
CO[C@@H]1CN(c2ncc(C)cc2-c2ccc(C)nn2)CC[C@H]1NC1CCCCC1,4.6696
COC1CN(c2nnc(C)cc2C(=O)OC(C)C)CCC1NCC(C)C,7.2441
Cc1cc(C(=O)OC(C)C)c(N2CCC(NC3CCOCC3)CC2)nn1,6.8894
Cc1cc(C(=O)OC(C)C)c(N2CCC(NCC(C)C)CC2)nn1,7.1079
CO[C@H]1CN(c2nnc(C)cc2C(=O)OC(C)C)CC[C@H]1NC1CCCCC1,8.0000
Cc1cc(-c2nc(C3CC3)no2)c(N2CCC(NC3CCCCC3)C2)nn1,6.4949
Cc1nc(-c2cc3cc(F)ccc3nc2N2CCC(NC3CCC[C@@H]3O)CC2)no1,5.7212
Cc1nc(-c2cc3cc(F)ccc3nc2N2CCC(NC3CCCCCC3)CC2)no1,6.2104
Cc1cc(-c2nc(C3CC3)no2)c(N2CCC(NCC(C)C)CC2)nn1,7.5229
Cc1nc(-c2cc3ccc(F)c(C)c3nc2N2CCC(NC3CCCC[C@@H]3O)CC2)no1,6.9393
Cc1ccc2nc(N3CCC(NC4CCCC[C@@H]4O)CC3)c(-c3ccncn3)cc2c1,6.2487
CO[C@H]1CN(c2nnc(C)cc2-c2nc(C)no2)CC[C@H]1NCC(C)C,6.0017
CO[C@H]1CN(c2nnc(C)cc2-c2nc(C3CC3)no2)CC[C@H]1NCC(C)C,6.3325
CCOC(=O)c1cc(Br)ccc1N1CC[C@H](NC2CCCCC2)[C@@H](O)C1,7.7959
O=C(O)CO/N=C/c1nc2ccccc2n1C1C[C@H]2CCC[C@@H](C1)N2[C@H]1CC[C@@H]2CCC[C@H]1C2,5.8116
CCOP(=O)(OCC)c1nc2ccccc2n([C@H]2C[C@H]3CC[C@@H](C2)N3C23CC4CC(CC2C4)C3)c1=O,6.1003
O=c1c(P(=O)(O)O)nc2ccccc2n1[C@H]1C[C@H]2CC[C@@H](C1)N2C12CC3CC(CC1C3)C2,5.4026
O=c1c(P(=O)(O)O)nc2ccccc2n1[C@H]1C[C@H]2CCC[C@@H](C1)N2C1CCCCCCC1,5.8477
C[C@@H]1C[C@@H]2C[C@H](C1)C[C@H](N1[C@@H]3CCC[C@H]1C[C@@H](n1c(=O)c(P(=O)(O)O)nc4ccccc41)C3)C2,5.6362
O=C(NP(=O)(O)O)c1nc2ccccc2n([C@H]2C[C@H]3CCC[C@@H](C2)N3C2CCCCCCC2)c1=O,5.1304
CCOP(=O)(/C=C/c1nc2c(n([C@H]3C[C@H]4CCC[C@@H](C3)N4[C@H]3C[C@@H]4C[C@@H](C)C[C@@H](C4)C3)c1=O)=CCC=2)OCC,6.6505
C[C@@H]1C[C@@H]2C[C@H](C1)C[C@H](N1[C@@H]3CCC[C@H]1C[C@@H](n1c(=O)c(/C=C/P(=O)(O)O)nc4ccccc41)C3)C2,5.5468
C[C@@H]1C[C@@H]2C[C@H](C1)C[C@H](N1[C@@H]3CCC[C@H]1C[C@@H](n1c(=O)c(CCP(=O)(O)O)nc4ccccc41)C3)C2,5.9034
CC1(C)[C@H]2CC[C@@H](CCN3[C@@H]4CCC[C@H]3C[C@@H](n3c(=O)c(P(=O)(O)O)nc5ccccc53)C4)[C@@H]1C2,6.0292
CC1C[C@@H]2C[C@H](C1)C[C@H](N1[C@@H]3CCC[C@H]1C[C@@H](n1c(=O)c(P(=O)(O)OCOC(=O)c4ccccc4)nc4ccccc41)C3)C2,6.0602
N=C(N)NCCNC(=O)[C@@H]1C[C@]23CCN(CC4CC4)[C@H](Cc4ccc(O)cc42)[C@]3(O)C1,9.5371
N=C(N)NCCCCNC(=O)[C@@H]1C[C@]23CCN(CC4CC4)[C@H](Cc4ccc(O)cc42)[C@]3(O)C1,9.4915
COc1ccc2c(c1)[C@]13CCN(CC4CC4)[C@H](C2)[C@]1(O)C[C@H](C(N)=O)C3,6.7399
COC(=O)[C@@H]1C[C@]23CCN(CC4CC4)[C@H](Cc4ccc(O)cc42)[C@]3(O)C1,9.0265
O=C(O)[C@@H]1C[C@]23CCN(CC4CC4)[C@H](Cc4ccc(O)cc42)[C@]3(O)C1,7.8343
NC(=O)[C@@H]1C[C@]23CCN(CC4CC4)[C@H](Cc4ccc(O)cc42)[C@]3(O)C1,8.6169
O=C(NCc1ccccc1)[C@@H]1C[C@]23CCN(CC4CC4)[C@H](Cc4ccc(O)cc42)[C@]3(O)C1,8.6390
O=C(NCc1ccccc1)[C@H]1C[C@]23CCN(CC4CC4)[C@H](Cc4ccc(O)cc42)[C@]3(O)C1,10.0539
Cc1ccc(CNC(=O)[C@H]2C[C@]34CCN(CC5CC5)[C@H](Cc5ccc(O)cc53)[C@]4(O)C2)cc1,9.5812
O=C(NCc1ccc(O)cc1O)[C@H]1C[C@]23CCN(CC4CC4)[C@H](Cc4ccc(O)cc42)[C@]3(O)C1,9.4633
O=C(NCCN1CCOCC1)[C@H]1C[C@]23CCN(CC4CC4)[C@H](Cc4ccc(O)cc42)[C@]3(O)C1,9.0060
CN1CC[C@]23C[C@H](C(=O)NCCc4ccccc4)C[C@@]2(O)[C@H]1Cc1ccc(O)cc13,8.0320
N[C@@H]1C[C@]23CCN(CC4CC4)[C@H](Cc4ccc(O)cc42)[C@]3(O)C1,7.5901
NC(=O)[C@H]1C[C@]23CCN(CC4CC4)[C@H](Cc4ccc(O)cc42)[C@]3(O)C1,8.6038
CC(C)CNC(=O)[C@H]1C[C@]23CCN(CC4CC4)[C@H](Cc4ccc(O)cc42)[C@]3(O)C1,8.6498
Cc1ccc(CNC(=O)[C@@H]2C[C@]34CCN(CC5CC5)[C@H](Cc5ccc(O)cc53)[C@]4(O)C2)cc1,8.7595
O=C(NCc1ccc(O)cc1O)[C@@H]1C[C@]23CCN(CC4CC4)[C@H](Cc4ccc(O)cc42)[C@]3(O)C1,8.7595
O=C(NCc1ccc(Cl)c(Cl)c1)[C@@H]1C[C@]23CCN(CC4CC4)[C@H](Cc4ccc(O)cc42)[C@]3(O)C1,9.6990
O=C(NCc1ccc(Cl)c(Cl)c1)[C@H]1C[C@]23CCN(CC4CC4)[C@H](Cc4ccc(O)cc42)[C@]3(O)C1,10.5229
COc1ccc2c(c1)[C@]13CCN(CC4CC4)[C@H](C2)[C@]12CCC(N)(C3)C(=O)O2,6.6055
COc1ccc2c(c1)[C@]13CCN(CC4CC4)[C@H](C2)[C@]12CCC(O)(C3)C(=O)O2,6.6003
COc1ccc2c(c1)[C@]13CCN(CC4CC4)[C@H](C2)[C@]12CCC(N(Cc1ccccc1)Cc1ccccc1)(CO2)C3,8.2716
COc1ccc2c(c1)[C@]13CCN(CC4CC4)[C@H](C2)[C@]12CCC(N)(CO2)C3,8.3261
O=C1O[C@@]23CCC1(O)C[C@@]21CCN(CC2CC2)[C@@H]3Cc2ccc(O)cc21,9.0223
COc1ccc2c(c1)[C@]13CCN(CC4CC4)[C@H](C2)[C@]12CCC(NCc1ccccc1)(CO2)C3,10.5850
COc1ccc2c(c1)[C@]13CCN(CC4CC4)[C@H](C2)[C@]12CCC(NCC1CCCCC1)(CO2)C3,10.2840
NC12CC[C@@]3(OC1)[C@H]1Cc4ccc(O)cc4[C@@]3(CCN1CC1CC1)C2,10.0177
COc1ccc2c(c1)[C@]13CCN(CC4CC4)[C@H](C2)[C@]12CCC(NC(=O)c1ccccc1)(CO2)C3,10.4949
COc1ccc2c(c1)[C@]13CCN(CC4CC4)[C@H](C2)[C@]12CCC(NC(=O)CCc1ccccc1)(CO2)C3,8.8013
COc1ccc2c(c1)[C@]13CCN(CC4CC4)[C@H](C2)[C@]12CCC(NC(=O)c1ccc(Cl)cc1)(CO2)C3,9.2218
COc1ccc2c(c1)[C@]13CCN(CC4CC4)[C@H](C2)[C@]12CCC(NC(=O)C(C)(C)C)(CO2)C3,9.4815
COc1ccc2c(c1)[C@]13CCN(CC4CC4)[C@H](C2)[C@]12CCC(NC(=O)C1CC1)(CO2)C3,9.5229
COc1ccc2c(c1)[C@]13CCN(CC4CC4)[C@H](C2)[C@]12CCC(NC(=O)CC(F)(F)F)(CO2)C3,9.1805
COc1ccc2c(c1)[C@]13CCN(CC4CC4)[C@H](C2)[C@]12CCC(NS(=O)(=O)c1ccc(Cl)cc1)(CO2)C3,10.2441
COc1ccc2c(c1)[C@]13CCN(CC4CC4)[C@H](C2)[C@]12CCC(NC(=O)Nc1ccc(Cl)cc1)(CO2)C3,8.5918
CC(C)(C)C(=O)NC12CC[C@@]3(OC1)[C@H]1Cc4ccc(O)cc4[C@@]3(CCN1CC1CC1)C2,10.2291
O=C(NC12CC[C@@]3(OC1)[C@H]1Cc4ccc(O)cc4[C@@]3(CCN1CC1CC1)C2)c1ccccc1,10.2076
COc1ccc2c(c1)[C@]13CCN(CC4CC4)[C@H](C2=O)[C@]12CC[C@](O)(C3)C(=O)O2,5.4752
CS(=O)(=O)c1cc2c([nH]c1=O)C[C@]13CCN(CC4CC4)[C@H](Cc4ccc(O)cc41)[C@]3(O)C2,6.4437
CN1CC[C@]23Cc4[nH]c(=O)c(S(=O)(=O)c5ccccc5)cc4C[C@@]2(O)[C@H]1Cc1ccc(O)cc13,4.7100
CN1CC[C@]23Cc4[nH]c(=O)c(S(C)(=O)=O)cc4C[C@H]2[C@H]1Cc1ccc(O)cc13,4.8827
CN1CC[C@]23Cc4[nH]c(=O)c(S(=O)(=O)c5ccccc5)cc4C[C@H]2[C@H]1Cc1ccc(O)cc13,5.5560
CN(Cc1ccccc1)C(=O)C1=C[C@@]23CC[C@]1(O)[C@@H]1Oc4c(O)ccc5c4[C@@]12CCN(CC1CC1)[C@@H]3C5,11.5528
CN1CC[C@]2(C)c3cc(O)ccc3C[C@@H]1[C@@H]2NCCc1ccc(S(C)(=O)=O)cc1,6.5214
CN1CC[C@]2(C)c3cc(O)ccc3C[C@@H]1[C@H]2N(C)CC1CCN(CC(C)(C)O)CC1,8.6737
COc1ccc2c3c1O[C@H]1C4(OC)CC[C@@]5(C[C@]4(C)COCc4ccccc4)[C@@H](C2)N(CC2CC2)CC[C@]315,10.0706
COC12CC[C@@]3(C[C@]1(C)COCc1ccccc1)[C@H]1Cc4ccc(O)c5c4[C@@]3(CCN1CC1CC1)[C@H]2O5,10.3279
COC12CC[C@]3(C[C@]1(C)COCc1cc4ccccc4s1)[C@H]1Cc4ccc(O)c5c4[C@@]3(CCN1CC1CC1)[C@H]2O5,9.5686
COC12CC[C@@]3(C[C@]1(C)COCc1ccoc1)[C@H]1Cc4ccc(O)c5c4[C@@]3(CCN1CC1CC1)[C@H]2O5,10.4318
COc1ccc2c(c1)[C@]13CCN(CC4CC4)[C@H](C2=O)[C@]1(O)CC[C@@]1(C3)NC(=O)NC1=O,5.9767
COc1ccc2c(c1)[C@]13CCN(CC4CC4)[C@H]([C@@H]2O)[C@@H]1CC[C@@]1(C3)NC(=O)NC1=O,5.4458
O=C1NC(=O)[C@@]2(CC[C@@]3(O)[C@H]4C(=O)c5ccc(O)cc5[C@@]3(CCN4CC3CC3)C2)N1,7.9136
O=C1NC(=O)[C@@]2(CC[C@@]3(O)[C@H]4[C@H](O)c5ccc(O)cc5[C@@]3(CCN4CC3CC3)C2)N1,7.1073
O=C1NC(=O)[C@@]2(CC[C@@]3(O)[C@H]4C(=O)c5ccc(O)c6c5[C@@]3(CCN4CC3CC3)[C@H]2O6)N1,5.5979
COc1ccc2c(c1)[C@]13CCN(CC4CC4)[C@H](C2)[C@]1(O)C[C@H]1CC(=O)N[C@H]1C3,7.9066
O=C1C[C@@H]2C[C@@]3(O)[C@H]4Cc5ccc(O)cc5[C@@]3(CCN4CCc3ccccc3)C[C@@H]2N1,8.3947
O=C1C=C2C[C@@]3(O)[C@H]4Cc5ccc(O)cc5[C@@]3(CCN4CC3CC3)CC2N1,8.6655
O=C1C[C@@H]2C[C@@]3(O)[C@H]4Cc5ccc(O)cc5[C@@]3(CCN4CC3CC3)C[C@@H]2N1,9.7959
CCN1C(=O)C[C@@H]2C[C@@]3(O)[C@H]4Cc5ccc(O)cc5[C@@]3(CCN4CC3CC3)C[C@@H]21,9.5086
COCCO[C@H]1C=CC2C3Cc4ccc(O)c5c4[C@@]2(CCN3C)[C@H]1O5,6.1382
COCCOCCO[C@H]1C=CC2C3Cc4ccc(O)c5c4[C@@]2(CCN3C)[C@H]1O5,6.2934
COCCOCCOCCO[C@H]1C=CC2C3Cc4ccc(O)c5c4[C@@]2(CCN3C)[C@H]1O5,5.8083
COCCOCCOCCOCCO[C@H]1C=CC2C3Cc4ccc(O)c5c4[C@@]2(CCN3C)[C@H]1O5,5.9336
COCCOCCOCCOCCOCCO[C@H]1C=CC2C3Cc4ccc(O)c5c4[C@@]2(CCN3C)[C@H]1O5,5.9463
COCCOCCOCCOCCOCCOCCO[C@H]1C=CC2C3Cc4ccc(O)c5c4[C@@]2(CCN3C)[C@H]1O5,5.7583
COCCOCCOCCOCCOCCOCCOCCO[C@H]1C=CC2C3Cc4ccc(O)c5c4[C@@]2(CCN3C)[C@H]1O5,5.7734
COCCOCCOCCOCCOCCOCCOCCOCCOCCO[C@H]1C=CC2C3Cc4ccc(O)c5c4[C@@]2(CCN3C)[C@H]1O5,5.6283
COc1ccc2c3c1O[C@H]1[C@@H](O)C=CC([C@H](N(C)C)C2)[C@@]31C,4.5518
COCCO[C@H]1C=CC2[C@H](N(C)C)Cc3ccc(OC)c4c3[C@@]2(C)[C@H]1O4,4.2623
COCCOCCO[C@H]1C=CC2[C@H](N(C)C)Cc3ccc(OC)c4c3[C@@]2(C)[C@H]1O4,4.5213
COCCOCCOCCO[C@H]1C=CC2[C@H](N(C)C)Cc3ccc(OC)c4c3[C@@]2(C)[C@H]1O4,4.4372
COCCOCCOCCOCCO[C@H]1C=CC2[C@H](N(C)C)Cc3ccc(OC)c4c3[C@@]2(C)[C@H]1O4,4.0133
COCCOCCOCCOCCOCCO[C@H]1C=CC2[C@H](N(C)C)Cc3ccc(OC)c4c3[C@@]2(C)[C@H]1O4,4.2281
COCCOCCOCCOCCOCCOCCOCCO[C@H]1C=CC2[C@H](N(C)C)Cc3ccc(OC)c4c3[C@@]2(C)[C@H]1O4,3.9653
COCCOCCOCCOCCOCCOCCOCCOCCOCCO[C@H]1C=CC2[C@H](N(C)C)Cc3ccc(OC)c4c3[C@@]2(C)[C@H]1O4,4.1412
COCCOCCOCCO[C@H]1CC[C@@]2(O)[C@H]3Cc4ccc(O)c5c4[C@@]2(CCN3CC2CCC2)[C@H]1O5,6.6613
COCCOCCOCCOCCOCCO[C@H]1CC[C@@]2(O)[C@H]3Cc4ccc(O)c5c4[C@@]2(CCN3CC2CCC2)[C@H]1O5,7.4490
COCCOCCOCCOCCOCCOCCO[C@H]1CC[C@@]2(O)[C@H]3Cc4ccc(O)c5c4[C@@]2(CCN3CC2CCC2)[C@H]1O5,6.6075
COCCOCCOCCOCCOCCOCCOCCO[C@H]1CC[C@@]2(O)[C@H]3Cc4ccc(O)c5c4[C@@]2(CCN3CC2CCC2)[C@H]1O5,6.4608
COCCOCCOCCOCCOCCOCCOCCOCCOCCO[C@H]1CC[C@@]2(O)[C@H]3Cc4ccc(O)c5c4[C@@]2(CCN3CC2CCC2)[C@H]1O5,6.7303
CC(C)C(CNC(=O)c1ccc([N+](=O)[O-])s1)N1CCc2ccccc2C1,6.3372
O=C(Cc1cn2ccccc2n1)NCC1(c2ccccc2)CCC1,5.8665
C[C@H](Cc1ccsc1)NC(=O)NC[C@@H](Cc1ccccc1)N(C)C,6.3372
COc1nc(C)cc(C)c1CNC(=O)NC[C@@H](Cc1ccccc1)N(C)C,5.9914
CN(C)[C@H](CNC(=O)NCc1cccc([N+](=O)[O-])c1)Cc1ccccc1,6.2924
Cc1noc(-c2c(N3CCC(NC4CCOCC4)CC3)nc3c(F)cc(C(C)C)cc3c2C)n1,7.7596
Cc1noc(-c2c(N3CCC(N[C@@H]4CCCOC4)CC3)nc3c(F)cc(C(C)C)cc3c2C)n1,7.7596
Cc1noc(-c2c(N3CCC(N[C@H]4CCCOC4)CC3)nc3c(F)cc(C(C)C)cc3c2C)n1,7.7596
Cc1noc(-c2c(N3CCC(N[C@@H]4CCOC4)CC3)nc3c(F)cc(C(C)C)cc3c2C)n1,7.7596
Cc1noc(-c2c(N3CCC(N[C@H]4CCOC4)CC3)nc3c(F)cc(C(C)C)cc3c2C)n1,7.7596
Cc1noc(-c2c(N3CCC(NCC4CC4)CC3)nc3c(F)cc(C(C)C)cc3c2C)n1,7.7596
Cc1noc(-c2c(N3CCC(NCC4CCC4)CC3)nc3c(F)cc(C(C)C)cc3c2C)n1,7.7596
Cc1noc(-c2c(N3CCC(NCC4CC4)CC3)nc3c(F)cc(C4CC4)cc3c2C)n1,7.7596
Cc1noc(-c2c(N3CCC(NCC4CCC4)CC3)nc3c(F)cc(C4CC4)cc3c2C)n1,7.7596
Cc1noc(-c2c(N3CCC(N[C@H]4CCCOC4)CC3)nc3c(F)cc(C4CC4)cc3c2C)n1,7.7596
Cc1noc(-c2c(N3CCC(N[C@@H]4CCCOC4)CC3)nc3c(F)cc(C4CC4)cc3c2C)n1,7.7596
Cc1noc(-c2c(N3CCC(NC4CCOCC4)CC3)nc3c(F)cc(C4CC4)cc3c2C)n1,7.7596
Cc1noc(-c2c(N3CCC(N[C@@H]4CCOC4)CC3)nc3c(F)cc(C4CC4)cc3c2C)n1,7.7596
Cc1noc(-c2c(N3CCC(N[C@H]4CCOC4)CC3)nc3c(F)cc(C4CC4)cc3c2C)n1,7.7596
Cc1noc(-c2c(N3CCC(N[C@H]4CCCOC4)CC3)nc3c(F)cc(C4CCC4)cc3c2C)n1,7.7596
Cc1noc(-c2c(N3CCC(N[C@@H]4CCCOC4)CC3)nc3c(F)cc(C4CCC4)cc3c2C)n1,7.7596
CCc1cc2cc(-c3nc(C)no3)c(N3CCC(NC4CCOCC4)CC3)nc2cc1F,7.7596
CCc1cc2cc(-c3nc(C)no3)c(N3CCC(N[C@@H]4CCCOC4)CC3)nc2cc1F,7.7596
CCc1cc2cc(-c3nc(C)no3)c(N3CCC(N[C@H]4CCCOC4)CC3)nc2cc1F,7.7596
CCc1cc2cc(-c3nc(C)no3)c(N3CCC(N[C@@H]4CCOC4)CC3)nc2cc1F,7.7596
CCc1cc2cc(-c3nc(C)no3)c(N3CCC(N[C@H]4CCOC4)CC3)nc2cc1F,7.7596
Cc1noc(-c2c(N3CCC(NC4CCOCC4)CC3)nc3cc(F)c(C4CC4)cc3c2C)n1,7.7596
Cc1noc(-c2c(N3CCC(N[C@@H]4CCCOC4)CC3)nc3cc(F)c(C4CC4)cc3c2C)n1,7.7596
Cc1noc(-c2c(N3CCC(N[C@H]4CCCOC4)CC3)nc3cc(F)c(C4CC4)cc3c2C)n1,7.7596
Cc1noc(-c2c(N3CCC(N[C@@H]4CCOC4)CC3)nc3cc(F)c(C4CC4)cc3c2C)n1,7.7596
Cc1noc(-c2c(N3CCC(N[C@H]4CCOC4)CC3)nc3cc(F)c(C4CC4)cc3c2C)n1,7.7596
Cc1noc(-c2c(N3CCC(NC4CCOCC4)CC3)nc3c(F)cc(Br)cc3c2C)n1,7.7596
Cc1noc(-c2c(N3CCC(N[C@@H]4CCCOC4)CC3)nc3c(F)cc(Br)cc3c2C)n1,7.7596
Cc1noc(-c2c(N3CCC(N[C@H]4CCCOC4)CC3)nc3c(F)cc(Br)cc3c2C)n1,7.7596
COc1cc(F)c2nc(N3CCC(N[C@@H]4CCCOC4)CC3)c(-c3nc(C)no3)c(C)c2c1,7.7596
COc1cc(F)c2nc(N3CCC(N[C@@H]4CCOC4)CC3)c(-c3nc(C)no3)c(C)c2c1,7.7596
COc1cc(F)c2nc(N3CCC(NC4CCOCC4)CC3)c(-c3nc(C)no3)c(C)c2c1,7.7596
COc1cc(F)c2nc(N3CCC(N[C@H]4CCCOC4)CC3)c(-c3nc(C)no3)c(C)c2c1,7.7596
COc1cc(F)c2nc(N3CCC(N[C@H]4CCOC4)CC3)c(-c3nc(C)no3)c(C)c2c1,7.7596
COc1cc(F)c2nc(N3CCC(NCC4CC4)CC3)c(-c3nc(C)no3)c(C)c2c1,7.7596
Cc1noc(-c2c(N3CCC(N[C@@H]4CCCOC4)CC3)nc3c(F)cc(OC(C)C)cc3c2C)n1,7.7596
CCc1cc(Cl)c2nc(N3CCC(NC4CCOCC4)CC3)c(-c3nc(C)no3)cc2c1,7.7596
CCc1cc(Cl)c2nc(N3CCC(NC4CCOCC4)CC3)c(-c3nc(C)no3)c(C)c2c1,7.7596
CCc1ccc2nc(N3CCC(NC4CCOCC4)CC3)c(-c3nc(C)no3)c(Cl)c2c1,7.7596
CCc1ccc2nc(N3CCC(N[C@@H]4CCCOC4)CC3)c(-c3nc(C)no3)c(C#N)c2c1,7.7596
Cc1noc(-c2c(N3CCC(NC4CCOCC4)CC3)nc3c(F)cc(C(C)(F)F)cc3c2C)n1,7.7596
Cc1noc(-c2c(N3CCC(N[C@@H]4CCCOC4)CC3)nc3c(F)cc(C(C)(F)F)cc3c2C)n1,7.7596
Cc1noc(-c2c(N3CCC(N[C@@H]4CCOC4)CC3)nc3c(F)cc(C(C)(F)F)cc3c2C)n1,7.7596
Cc1noc(-c2c(N3CCC(NC4CCOCC4)CC3)nc3c(F)cc([C@H](C)F)cc3c2C)n1,7.7596
Cc1noc(-c2c(N3CCC(NC4CCOCC4)CC3)nc3c(F)cc([C@@H](C)F)cc3c2C)n1,7.7596
Cc1noc(-c2cc3cc(C(F)(F)F)cc(F)c3nc2N2CCC(N[C@H]3CCCOC3)CC2)n1,7.7596
Cc1noc(-c2c(N3CCC(N[C@@H]4CCCOC4)CC3)nc3c(F)cc(C(F)(F)F)cc3c2C)n1,7.7596
Cc1noc(-c2c(N3CCC(N[C@H]4CCCOC4)CC3)nc3c(F)cc(C(F)(F)F)cc3c2C)n1,7.7596
Cc1noc(-c2c(N3CCC(N[C@@H]4CCOC4)CC3)nc3c(F)cc(C(F)(F)F)cc3c2C)n1,7.7596
Cc1noc(-c2cc3cc(CC(F)(F)F)cc(F)c3nc2N2CCC(NC3CCOCC3)CC2)n1,7.7596
Cc1noc(-c2c(N3CCC(NC4CCOCC4)CC3)nc3c(F)cc(CC(F)(F)F)cc3c2C)n1,7.7596
Cc1noc(-c2c(N3CCC(N[C@@H]4CCCOC4)CC3)nc3c(F)cc(CC(F)(F)F)cc3c2C)n1,7.7596
Cc1noc(-c2c(N3CCC(NC4CCOCC4)CC3)nc3c(C#N)cc(CC(F)(F)F)cc3c2C)n1,7.7596
Cc1noc(-c2c(N3CCC(N[C@@H]4CCOC4)CC3)nc3c(C#N)cc(CC(F)(F)F)cc3c2C)n1,7.7596
Cc1noc(-c2c(N3CCC(N[C@H]4CCOC4)CC3)nc3c(C#N)cc(CC(F)(F)F)cc3c2C)n1,7.7596
Cc1cc(F)c2nc(N3CCC(NC4CCOCC4)CC3)c(-c3nc(C)no3)c(C)c2c1,7.7596
CCc1cc(F)c2nc(N3CC[C@@H](NC4CCOCC4)[C@@H](F)C3)c(-c3nc(C)no3)c(C)c2c1,7.7596
CCc1cc(F)c2nc(N3CC[C@H](NC4CCOCC4)[C@H](F)C3)c(-c3nc(C)no3)c(C)c2c1,7.7596
CCc1cc(F)c2nc(N3CC[C@H](NC4CCOCC4)[C@@H](F)C3)c(-c3nc(C)no3)c(C)c2c1,7.7596
CCc1cc(F)c2nc(N3CC[C@@H](NC4CCOCC4)[C@H](F)C3)c(-c3nc(C)no3)c(C)c2c1,7.7596
Cc1noc(-c2cc3cc(C#N)cc(Cl)c3nc2N2CCC(N[C@@H]3CCCOC3)CC2)n1,7.7596
Cc1noc(-c2cc3cc(C#N)cc(C#N)c3nc2N2CCC(N[C@@H]3CCCOC3)CC2)n1,7.7596
CCc1cc(F)c2nc(N3CCC(NCC4CC4)CC3)c(-c3nc(C)no3)c(C)c2c1,7.7596
CCc1cc(F)c2nc(N3CCC(NC4CCOCC4)CC3)c(-c3noc(C)n3)c(C)c2c1,7.7596
CCc1cc(F)c2nc(N3CCC(N[C@H]4CCOC4)CC3)c(-c3noc(C)n3)c(C)c2c1,7.7596
CCc1cc(F)c2nc(N3CCC(N[C@@H]4CCOC4)CC3)c(-c3noc(C)n3)c(C)c2c1,7.7596
CCc1cc(F)c2nc(N3CCC(N[C@H]4CCCOC4)CC3)c(-c3noc(C)n3)c(C)c2c1,7.7596
CCc1cc(F)c2nc(N3CCC(N[C@@H]4CCCOC4)CC3)c(-c3noc(C)n3)c(C)c2c1,7.7596
CCc1cc(F)c2nc(N3CCC(NC4CCOCC4)CC3)c(C3=NOC(C)N3)cc2c1,7.2596
CCc1cc(F)c2nc(N3CCC(N[C@H]4CCOC4)CC3)c(-c3noc(C)n3)cc2c1,7.7596
CCc1cc(F)c2nc(N3CCC(N[C@@H]4CCOC4)CC3)c(-c3noc(C)n3)cc2c1,7.7596
CCc1cc2c(C)c(-c3nc(C)no3)c(N3CCC(NC4CCOCC4)CC3)nc2c(F)c1F,7.7596
CCc1cc2c(C)c(-c3nc(C)no3)c(N3CCC(N[C@H]4CCOC4)CC3)nc2c(F)c1F,7.7596
CCc1ccc2nc(N3CCC(NC4CCOCC4)CC3)c(-c3nc(C)no3)c(C)c2c1F,7.7596
CCc1ccc2nc(N3CCC(N[C@H]4CCCOC4)CC3)c(-c3nc(C)no3)c(C)c2c1F,7.7596
Cc1noc(-c2cc3cc(Cl)cc(F)c3nc2N2CCC(N[C@@H]3CCCOC3)CC2)n1,7.7596
Cc1noc(-c2cc3cc(Cl)cc(F)c3nc2N2CCC(N[C@H]3CCCOC3)CC2)n1,7.7596
Cc1noc(-c2c(N3CC[C@@H](NC4CCOCC4)C[C@H]3C)nc3c(F)cc(Cl)cc3c2C)n1,7.7596
Cc1noc(-c2c(N3CC[C@@H](N[C@H]4CCOC4)C[C@H]3C)nc3c(F)cc(Cl)cc3c2C)n1,7.7596
Cc1noc(-c2c(N3CC[C@@H](N[C@@H]4CCOC4)C[C@H]3C)nc3c(F)cc(Cl)cc3c2C)n1,7.7596
Cc1noc(-c2c(N3CC[C@@H](N[C@H]4CCOC4)C[C@H]3C)nc3c(F)cc(OC(F)(F)F)cc3c2C)n1,7.7596
Cc1noc(-c2c(N3CC[C@@H](NC4CCOCC4)C[C@H]3C)nc3c(F)cc(C4CC4)cc3c2C)n1,7.7596
Cc1noc(-c2c(N3CC[C@@H](N[C@H]4CCOC4)C[C@H]3C)nc3c(F)cc(C4CC4)cc3c2C)n1,7.7596
CCc1cc(F)c2nc(N3CC[C@@H](N[C@@H]4CCOC4)C[C@H]3C)c(-c3nc(C)no3)c(C)c2c1,7.7596
CCc1cc(F)c2nc(N3CC[C@@H](NC4CCOCC4)C[C@H]3C)c(-c3nc(C)no3)c(C)c2c1,7.7596
COc1cc(F)c2nc(N3CC[C@@H](N[C@H]4CCOC4)C[C@H]3C)c(-c3nc(C)no3)c(C)c2c1,7.7596
COc1cc(F)c2nc(N3CC[C@@H](N[C@@H]4CCOC4)C[C@H]3C)c(-c3nc(C)no3)c(C)c2c1,7.7596
COc1cc(F)c2nc(N3CC[C@@H](NC4CCOCC4)C[C@H]3C)c(-c3nc(C)no3)c(C)c2c1,7.7596
Cc1noc(-c2c(N3CC[C@@H](N[C@H]4CCOC4)C[C@H]3C)nc3c(F)cccc3c2C)n1,7.7596
Cc1noc(-c2c(N3CC[C@@H](N[C@@H]4CCOC4)C[C@H]3C)nc3c(F)cccc3c2C)n1,7.7596
Cc1noc(-c2c(N3CC[C@@H](N[C@H]4CCOC4)C[C@H]3C)nc3c(F)cc(C(C)C)cc3c2C)n1,7.7596
Cc1noc(-c2c(N3CC[C@@H](N[C@@H]4CCOC4)C[C@H]3C)nc3c(F)cc(C(C)C)cc3c2C)n1,7.7596
Cc1cc(F)c2nc(N3CC[C@@H](NC4CCOCC4)C[C@H]3C)c(-c3nc(C)no3)c(C)c2c1,7.7596
Cc1cc(F)c2nc(N3CC[C@H](N[C@H]4CCOC4)C[C@H]3C)c(-c3nc(C)no3)c(C)c2c1,8.2596
Cc1cc(F)c2nc(N3CC[C@H](N[C@@H]4CCOC4)C[C@H]3C)c(-c3nc(C)no3)c(C)c2c1,8.2596
Cc1noc(-c2c(N3CCC(NC4CCOCC4)CC3)nc3c(F)cc(Cl)cc3c2C)n1,7.7596
Cc1noc(-c2c(N3CCC(N[C@H]4CCOC4)CC3)nc3c(F)cc(Cl)cc3c2C)n1,7.7596
Cc1noc(-c2c(N3CCC(N[C@H]4CCCOC4)CC3)nc3c(F)cc(Cl)cc3c2C)n1,7.7596
Cc1cc(F)c2nc(N3CCC(N[C@@H]4CCOC4)CC3)c(-c3nc(C)no3)c(C)c2c1,7.7596
Cc1noc(-c2c(N3CCC(NC4CCOCC4)CC3)nc3c(F)cc(OC(F)(F)F)cc3c2C)n1,7.7596
Cc1noc(-c2c(N3CCC(N[C@@H]4CCOC4)CC3)nc3c(F)cc(OC(F)(F)F)cc3c2C)n1,7.7596
COc1cc(F)c2nc(N3CC[C@@H](N[C@@H]4CCOC4)[C@@H](F)C3)c(-c3nc(C)no3)c(C)c2c1,7.7596
COc1cc(F)c2nc(N3CC[C@H](N[C@@H]4CCOC4)[C@H](F)C3)c(-c3nc(C)no3)c(C)c2c1,7.7596
COc1cc(F)c2nc(N3CC[C@@H](NC4CCOCC4)[C@@H](F)C3)c(-c3nc(C)no3)c(C)c2c1,7.7596
COc1cc(F)c2nc(N3CC[C@@H](NCC4CC4)[C@@H](F)C3)c(-c3nc(C)no3)c(C)c2c1,7.7596
CCOc1cc(F)c2nc(N3CCC(N[C@@H]4CCOC4)CC3)c(-c3nc(C)no3)c(C)c2c1,7.7596
CCOc1cc(F)c2nc(N3CCC(NC4CCOCC4)CC3)c(-c3nc(C)no3)c(C)c2c1,7.7596
COc1cc(F)c2nc(N3CCC(NCC4COC4)CC3)c(-c3nc(C)no3)c(C)c2c1,7.7596
CCc1cc(F)c2nc(N3CC[C@H](NC4CCOCC4)C[C@H]3C)c(-c3nc(C)no3)c(C)c2c1,7.2596
Cc1cc(Cl)c2nc(N3CC[C@H](N[C@@H]4CCOC4)C[C@H]3C)c(-c3nc(C)no3)c(C)c2c1,7.7596
Cc1noc(-c2c(N3CC[C@@H](N[C@@H]4CCOC4)C[C@H]3C)nc3c(F)cc(F)cc3c2C)n1,7.7596
Cc1noc(-c2c(N3CC[C@@H](N[C@H]4CCOC4)C[C@H]3C)nc3c(F)cc(F)cc3c2C)n1,7.7596
Cc1noc(-c2c(N3CC[C@@H](NC4CCOCC4)C[C@H]3C)nc3c(F)cc(F)cc3c2C)n1,7.7596
Cc1noc(-c2c(N3CC[C@@H](N[C@@H]4CCOC4)C[C@H]3C)nc3c(F)cc(C(F)(F)F)cc3c2C)n1,7.7596
Cc1noc(-c2c(N3CC[C@@H](N[C@H]4CCOC4)C[C@H]3C)nc3c(F)cc(C(F)(F)F)cc3c2C)n1,7.7596
Cc1noc(-c2c(N3CC[C@@H](NC4CCOCC4)C[C@H]3C)nc3c(F)cc(C(F)(F)F)cc3c2C)n1,7.7596
Cc1noc(-c2c(N3CC[C@@H](NC4CCOCC4)C[C@H]3C)nc3c(F)cc(C(C)C)cc3c2C)n1,7.7596
Cc1noc(-c2c(N3CC[C@@H](N[C@@H]4CCOC4)C[C@H]3C)nc3c(C#N)cc(C#N)cc3c2C)n1,7.7596
CCc1cc(C#N)c2nc(N3CC[C@@H](N[C@H]4CCOC4)C[C@H]3C)c(-c3nc(C)no3)c(C)c2c1,7.7596
COc1cc(F)c2nc(N3CC[C@H](N[C@@H]4CCOC4)C[C@H]3C)c(-c3nc(C)no3)c(C)c2c1,7.7596
COc1cc(F)c2nc(N3CC[C@@H](N[C@@H]4CCOC4)C[C@@H]3C)c(-c3nc(C)no3)c(C)c2c1,7.7596
COc1cc(F)c2nc(N3CC[C@H](N[C@H]4CCOC4)C[C@H]3C)c(-c3nc(C)no3)c(C)c2c1,7.7596
COc1cc(F)c2nc(N3CC[C@@H](N[C@H]4CCOC4)C[C@@H]3C)c(-c3nc(C)no3)c(C)c2c1,7.7596
Cc1cc(F)c2nc(N3CC[C@@H](N[C@@H]4CCOC4)C[C@H]3C)c(-c3nc(C)no3)c(C)c2c1,7.7596
Cc1cc(C#N)c2nc(N3CC[C@@H](NC4CCOCC4)[C@@H](F)C3)c(-c3nc(C)no3)c(C)c2c1,7.7596
Cc1cc(F)c2nc(N3CC[C@@H](N[C@H]4CCOC4)C[C@H]3C)c(-c3nc(C)no3)c(C)c2c1,7.7596
Cc1cc(C#N)c2nc(N3CC[C@@H](NCC4CCOCC4)C[C@H]3C)c(-c3nc(C)no3)c(C)c2c1,7.7596
CCc1cc(F)c2nc(N3CC[C@@H](NC4CCOCC4)[C@@H](C)C3)c(-c3nc(C)no3)c(C)c2c1,7.7596
CCc1cc(F)c2nc(N3CC[C@H](NC4CCOCC4)[C@H](C)C3)c(-c3nc(C)no3)c(C)c2c1,7.7596
COCCOCCOCCN1CCN(c2ccc3c(c2)[C@]2(C)CCN(CC4CC4)[C@H](C3=O)[C@@H]2C)CC1,5.8899
COCCOCCOCCOCCOCCNc1ccc2c(c1)[C@@]1(C)CCN(CC3CC3)[C@H](C2=O)[C@@H]1C,5.9419
COCCOCCOCCOCCOCCOCCOCCNc1ccc2c(c1)[C@@]1(C)CCN(CC3CC3)[C@H](C2=O)[C@@H]1C,5.7956
COCCOCCOCCOCCOCCOc1ccc2c(c1)[C@@]1(C)CCN(CC3CC3)[C@H](C2=O)[C@@H]1C,5.2105
COCCOCCOCCOCCOCCOCCOCCOc1ccc2c(c1)[C@@]1(C)CCN(CC3CC3)[C@H](C2=O)[C@@H]1C,5.5346
COCCOCCCCCOCCOCCNc1ccc(Nc2ccc3c(c2)[C@]2(C)CCN(CC4CC4)C(C3=O)[C@@H]2C)cc1,8.3010
COCCOCCOCCOCCO[C@@H]1c2ccc(O)cc2[C@]2(C)CCN(CC3CC3)[C@H]1[C@@H]2C,6.0200
CCC(O)[C@@H](C)[C@H]1C=CN([C@@H]2O[C@H](COP(=O)(O)OP(=O)(O)OC[C@H]3O[C@@H](n4cnc5c(N)ncnc54)[C@H](O)[C@@H]3O)[C@@H](O)[C@H]2O)C=C1C(N)=O,7.8761
O=C(N[C@H]1CC[C@@]2(O)[C@H]3Cc4ccc(O)c5c4[C@@]2(CCN3CC2CC2)[C@H]1O5)c1cc2ccccc2[nH]1,9.0334
O=C(N[C@H]1CC[C@@]2(O)[C@H]3Cc4ccc(O)c5c4[C@@]2(CCN3CC2CC2)[C@H]1O5)c1c[nH]c2ccccc12,9.0070
O=C(N[C@H]1CC[C@@]2(O)[C@H]3Cc4ccc(O)c5c4[C@@]2(CCN3CC2CC2)[C@H]1O5)c1cccc2[nH]ccc12,8.8268
O=C(N[C@H]1CC[C@@]2(O)[C@H]3Cc4ccc(O)c5c4[C@@]2(CCN3CC2CC2)[C@H]1O5)c1ccc2[nH]ccc2c1,8.4622
O=C(N[C@H]1CC[C@@]2(O)[C@H]3Cc4ccc(O)c5c4[C@@]2(CCN3CC2CC2)[C@H]1O5)c1ccc2cc[nH]c2c1,8.7878
O=C(N[C@H]1CC[C@@]2(O)[C@H]3Cc4ccc(O)c5c4[C@@]2(CCN3CC2CC2)[C@H]1O5)c1cccc2cc[nH]c12,8.7721
O=C(Cc1c[nH]c2ccccc12)N[C@H]1CC[C@@]2(O)[C@H]3Cc4ccc(O)c5c4[C@@]2(CCN3CC2CC2)[C@H]1O5,8.5045
O=C(CCc1c[nH]c2ccccc12)N[C@H]1CC[C@@]2(O)[C@H]3Cc4ccc(O)c5c4[C@@]2(CCN3CC2CC2)[C@H]1O5,8.8665
O=C(CCCc1c[nH]c2ccccc12)N[C@H]1CC[C@@]2(O)[C@H]3Cc4ccc(O)c5c4[C@@]2(CCN3CC2CC2)[C@H]1O5,9.8268
O=C(N[C@@H]1CC[C@@]2(O)[C@H]3Cc4ccc(O)c5c4[C@@]2(CCN3C2CC2)C1O5)c1cc2ccccc2[nH]1,9.7496
O=C(N[C@@H]1CC[C@@]2(O)[C@H]3Cc4ccc(O)c5c4[C@@]2(CCN3C2CC2)C1O5)c1c[nH]c2ccccc12,9.7959
O=C(N[C@@H]1CC[C@@]2(O)[C@H]3Cc4ccc(O)c5c4[C@@]2(CCN3C2CC2)C1O5)c1cccc2[nH]ccc12,8.7122
O=C(N[C@@H]1CC[C@@]2(O)[C@H]3Cc4ccc(O)c5c4[C@@]2(CCN3C2CC2)C1O5)c1ccc2[nH]ccc2c1,9.2907
O=C(N[C@@H]1CC[C@@]2(O)[C@H]3Cc4ccc(O)c5c4[C@@]2(CCN3C2CC2)C1O5)c1ccc2cc[nH]c2c1,9.7799
O=C(N[C@@H]1CC[C@@]2(O)[C@H]3Cc4ccc(O)c5c4[C@@]2(CCN3C2CC2)C1O5)c1cccc2cc[nH]c12,9.2840
O=C(Cc1c[nH]c2ccccc12)N[C@@H]1CC[C@@]2(O)[C@H]3Cc4ccc(O)c5c4[C@@]2(CCN3CC2CC2)[C@H]1O5,9.0237
O=C(CCc1c[nH]c2ccccc12)N[C@@H]1CC[C@@]2(O)[C@H]3Cc4ccc(O)c5c4[C@@]2(CCN3CC2CC2)[C@H]1O5,9.4123
O=C(CCCc1c[nH]c2ccccc12)N[C@@H]1CC[C@@]2(O)[C@H]3Cc4ccc(O)c5c4[C@@]2(CCN3CC2CC2)[C@H]1O5,9.7570
CCc1cc(F)c2nc(N3CCC(NC4CCOCC4)CC3)c(-c3noc(C)n3)cc2c1,8.2596
Cc1cc(F)c2nc(N3CCC(N[C@H]4CCOC4)C[C@H]3C)c(-c3nc(C)no3)c(C)c2c1,7.2596
Cc1cc(F)c2nc(N3CCC(N[C@@H]4CCOC4)C[C@H]3C)c(-c3nc(C)no3)c(C)c2c1,7.2596
CCc1cc(F)c2nc(N3CC[C@H](NC4CCOCC4)C[C@@H]3C)c(-c3nc(C)no3)c(C)c2c1,8.2596
CCc1ccc2nc(N3CCC(NCC4(C)COC4)CC3)c(C3=NC(C)=NC3)cc2c1,7.2596
CN(C)C(CNC(=O)NCCc1ccsc1)Cc1ccccc1,5.3001
C[C@H](Cc1ccsc1)NC(=O)NCC(Cc1ccccc1)N(C)C,5.5935
C[C@@H](Cc1ccsc1)NC(=O)NCC(Cc1ccccc1)N(C)C,5.7543
C=CCN(CC(Cc1ccccc1)N(C)C)C(=O)N[C@@H](C)Cc1ccsc1,5.7696
C=CCN(CC(Cc1ccccc1)N(C)C)C(=O)N[C@H](C)Cc1ccsc1,5.5086
CN(C)C(CNC(=O)NC(C)(C)Cc1ccsc1)Cc1ccccc1,6.0601
CN(C)C(CNC(=O)NC(C)(C)Cc1ccccc1)Cc1ccccc1,5.9951
CN(C)C(CNC(=O)NCCc1ccsc1)Cc1ccc(O)cc1,6.0540
CN(C)C(CNC(=S)NCCc1ccsc1)Cc1ccc(O)cc1,7.0655
CN(C)C(CNC(=O)OCCc1ccsc1)Cc1ccc(O)cc1,6.7212
CN(C[C@H](Cc1ccc(O)cc1)N(C)C)C(=O)NCCc1ccccc1,6.4685
CN(CCc1ccccc1)C(=O)NC[C@H](Cc1ccc(O)cc1)N(C)C,6.7959
CN(CCc1ccccc1)C(=O)N(C)C[C@H](Cc1ccc(O)cc1)N(C)C,6.6576
CC(Cc1ccsc1)NC(=O)NCC(Cc1ccc(O)cc1)N(C)C,6.1149
C[C@@H](Cc1ccsc1)NC(=O)NCC(Cc1ccc(O)cc1)N(C)C,5.6383
CCC(Cc1ccsc1)NC(=O)NC[C@H](Cc1ccc(O)cc1)N(C)C,7.2218
CC[C@@H](Cc1ccsc1)NC(=O)NC[C@H](Cc1ccc(O)cc1)N(C)C,8.3468
CN(C)[C@H](CNC(=O)NCCc1ccccc1)Cc1ccc(O)cc1,7.3468
CN(C)[C@H](CNC(=O)CCCc1ccccc1)Cc1ccc(O)cc1,7.0000
CC(Cc1ccccc1)NC(=O)NC[C@H](Cc1ccc(O)cc1)N(C)C,7.1739
C[C@@H](Cc1ccccc1)NC(=O)NC[C@H](Cc1ccc(O)cc1)N(C)C,7.4318
CC(Cc1csc2ccccc12)NC(=O)NC[C@H](Cc1ccc(O)cc1)N(C)C,7.4476
C[C@@H](Cc1csc2ccccc12)NC(=O)NC[C@H](Cc1ccc(O)cc1)N(C)C,7.6576
C[C@H](NC(=O)NC[C@H](Cc1ccc(O)cc1)N(C)C)c1ccccc1,7.4559
Cc1ccc([C@H](C)NC(=O)NC[C@H](Cc2ccc(O)cc2)N(C)C)cc1,6.7447
C[C@H](NC(=O)NC[C@H](Cc1ccc(O)cc1)N(C)C)c1cccc2ccccc12,7.1308
CC(C)N(C[C@H](Cc1ccc(O)cc1)N(C)C)C(=O)N[C@@H](C)c1cccc2ccccc12,6.0362
CN(C)[C@H](CNC(=O)NC1Cc2ccccc2C1)Cc1ccc(O)cc1,7.2924
CN(C)C(CNC(=O)NC(C)(C)Cc1ccsc1)Cc1ccc(O)cc1,6.6116
CN(C)C(CNC(=O)NC(C)(C)Cc1ccccc1)Cc1ccc(O)cc1,6.4324
C[C@@H](Cc1ccsc1)NC(=O)NC[C@H](Cc1cccc(O)c1)N(C)C,7.3372
CN(C)[C@H](CNC(=O)NC(C)(C)Cc1ccsc1)Cc1cccc(O)c1,7.4949
C[C@@H](Cc1ccsc1)NC(=O)NC[C@H](Cc1ccnc(O)c1)N(C)C,5.9208
C[C@@H](Cc1ccsc1)NC(=O)NC[C@H](Cc1ccc(O)nc1)N(C)C,5.1705
C[C@@H](Cc1ccsc1)NC(=O)NC[C@H](Cc1ccc(O)c(CO)c1)N(C)C,7.0655
Cc1cc(O)cc(C)c1C[C@@H](CNC(=O)NCCc1ccsc1)N(C)C,7.5686
Cc1cc(O)cc(C)c1C[C@@H](CNC(=O)NC(C)Cc1ccsc1)N(C)C,7.9208
Cc1cc(O)cc(C)c1C[C@@H](CNC(=O)N[C@@H](C)Cc1ccsc1)N(C)C,8.1871
CN(C)[C@H](CNC(=O)NCCN1C(=O)C=CC1=O)Cc1ccc(O)cc1,7.3268
CN(C)[C@H](CNC(=O)NCCCN1C(=O)C=CC1=O)Cc1ccc(O)cc1,7.3373
CN(C)[C@H](CNC(=O)NCCCCN1C(=O)C=CC1=O)Cc1ccc(O)cc1,7.1742
Cc1cc(O)cc(C)c1C[C@@H](CNC(=O)NCCN1C(=O)C=CC1=O)N(C)C,7.8652
C[C@@H](CN1C(=O)C=CC1=O)NC(=O)NC[C@H](Cc1ccc(O)cc1)N(C)C,7.0863
C[C@H](CN1C(=O)C=CC1=O)NC(=O)NC[C@H](Cc1ccc(O)cc1)N(C)C,6.3494
CN(C)[C@H](CNC(=O)NCCc1cn(CCSSCCN=[N+]=[N-])nn1)Cc1ccc(O)cc1,6.6462
CN(C)[C@H](CNC(=O)NCCc1c[nH]nn1)Cc1ccc(O)cc1,6.0273
CN(C)[C@H](CNC(=O)NCCc1cn(Cc2ccccc2)nn1)Cc1ccc(O)cc1,5.8539
CN(C)[C@H](CNC(=O)NCCc1cn(CCOCCN=[N+]=[N-])nn1)Cc1ccc(O)cc1,5.7292
CN(CCCl)C(CNC(=O)NCCc1ccccc1)Cc1ccc(O)cc1,6.9650
CN(CCO)C(CNC(=O)NCCc1ccccc1)Cc1ccc(O)cc1,5.8861
CNC(CNC(=O)N[C@@H](C)Cc1ccsc1)Cc1ccc(O)cc1,6.6198
C[C@@H](Cc1ccsc1)NC(=O)NCC(Cc1ccc(O)cc1)N(C)Cc1ccccc1,6.6778
COc1ccccc1CCNC(=O)NCC(Cc1ccc(O)cc1)N(C)C,6.8539
COc1cccc(CCNC(=O)NCC(Cc2ccc(O)cc2)N(C)C)c1,5.8861
COc1ccc(CCNC(=O)NCC(Cc2ccc(O)cc2)N(C)C)cc1,5.8239
CN(C)C(CNC(=O)NCCc1ccccc1F)Cc1ccc(O)cc1,6.3565
CN(C)C(CNC(=O)NCCc1cccc(F)c1)Cc1ccc(O)cc1,6.7696
CN(C)C(CNC(=O)NCCc1ccc(F)cc1)Cc1ccc(O)cc1,6.7212
O=C(NCCc1ccccc1)NC[C@H](Cc1ccc(O)cc1)N1CCCC1,6.1135
CN(C)[C@H](CNC(=O)NCCN1C(=O)C2C3C=CC(O3)C2C1=O)Cc1ccc(O)cc1,5.0862
COC(=O)C1(N)CCN(C(=O)[C@@H](CCCCN)NC(=O)[C@@H](CC(C)C)NC(=O)[C@@H](Cc2ccccc2)NC(=O)[C@H](N)[C@H](C)c2ccccc2)C1,9.5935
CC(C)C[C@@H](NC(=O)[C@@H](Cc1ccccc1)NC(=O)[C@H](N)[C@H](C)c1ccccc1)C(=O)N[C@H](CCCCN)C(=O)N1CCC(N)(C(=O)O)C1,9.4001
COC(=O)C1(N)CCN(C(=O)[C@@H](CCCCN)NC(=O)[C@@H](CC(C)C)NC(=O)[C@@H](Cc2ccccc2)NC(=O)[C@H](N)[C@H](C)c2ccccc2)CC1,9.8041
CC(C)C[C@@H](NC(=O)[C@@H](Cc1ccccc1)NC(=O)[C@H](N)[C@H](C)c1ccccc1)C(=O)N[C@H](CCCCN)C(=O)N1CCC(N)(C(=O)O)CC1,9.5969
Cc1cc(C(N)=O)cc(C)c1C[C@@H](CNC(=O)C1CC1c1ncccn1)N(C)C,5.7825
C[C@H](CC(=O)NC[C@H](Cc1ccc(C(N)=O)cc1Cl)N(C)C)c1ccccc1,5.7825
Cc1ncc([C@@H](CC(=O)NC[C@H](Cc2ccc(C(N)=O)cc2Cl)N(C)C)C2CC2)cn1,5.7825
Cc1ncc([C@@H](CC(=O)NC[C@H](Cc2ccc(C(N)=O)c(F)c2)N2CCCC2)C2(C(F)(F)F)CC2)cn1,5.7825
C[C@@H](CC(=O)NC[C@H](Cc1ccc2[nH]c(=O)oc2c1)N(C)C)c1ccccc1,5.7825
Cc1ccc(S(=O)(=O)n2ncc3cc(C[C@@H](CNC(=O)C[C@H](c4ccccc4)C4CC4)N(C)C)ccc32)cc1,5.7825
C[C@@H](CC(=O)NC[C@H](Cc1ccc(O)c(Cl)c1)N(C)C)c1ccccc1,5.7825
C[C@H](CC(=O)NC[C@H](Cc1ccc(O)c(Cl)c1)N(C)C)c1ccccc1,5.7825
CN(C)[C@H](CNC(=O)CC(C)(C)c1ccccc1)Cc1ccc(O)cc1,5.7825
C[C@@H](CC(=O)NC[C@H](Cc1ccc(O)cc1)N(C)C)c1ccccc1,5.7825
CC(C)C[C@@H](NC(=O)[C@@H](Cc1ccccc1)NC(=O)[C@H](N)Cc1ccccc1)C(=O)N[C@H](CCCCN)C(=O)N1CCC(B(O)O)CC1,10.0088
CC(C)C[C@@H](NC(=O)[C@@H](Cc1ccccc1)NC(=O)[C@H](N)Cc1ccccc1)C(=O)N[C@H](CCCCN)C(=O)N1CC[C@@H](B(O)O)C1,10.4815
CC(C)C[C@@H](NC(=O)[C@@H](Cc1ccccc1)NC(=O)[C@H](N)Cc1ccccc1)C(=O)N[C@H](CCCCN)C(=O)N1CC=C(B(O)O)C1,10.2596
CC(C)C[C@@H](NC(=O)[C@@H](Cc1ccccc1)NC(=O)[C@H](N)Cc1ccccc1)C(=O)N[C@H](CCCCN)C(=O)N1CCC=C(B(O)O)C1,10.5686
CC(C)C[C@@H](NC(=O)[C@@H](Cc1ccccc1)NC(=O)[C@H](N)Cc1ccccc1)C(=O)N[C@H](CCCCN)C(=O)N1CCC2(CC1)CC(B(O)O)C2,11.0458
CC(C)C[C@@H](NC(=O)[C@@H](Cc1ccccc1)NC(=O)[C@H](N)Cc1ccccc1)C(=O)N[C@H](CCCCN)C(=O)N1CCC(N)(B(O)O)CC1,10.0706
CC(C)C[C@@H](NC(=O)[C@@H](Cc1ccccc1)NC(=O)[C@H](N)Cc1ccccc1)C(=O)N[C@H](CCCCN)C(=O)N1CCC[C@H]1B(O)O,12.0000
CC(C)C[C@@H](NC(=O)[C@@H](Cc1ccccc1)NC(=O)[C@H](N)Cc1ccccc1)C(=O)N[C@H](CCCCN)C(=O)N1CCCC[C@H]1B(O)O,10.0223
COCCOCCNCCCC[C@@H](NC(=O)[C@@H](CC(C)C)NC(=O)[C@@H](Cc1ccccc1)NC(=O)[C@H](N)Cc1ccccc1)C(=O)N1CC[C@@H](B(O)O)C1,11.0458
CCCC[C@@H](NC(=O)[C@@H](Cc1ccccc1)NC(=O)[C@H](N)Cc1ccccc1)C(=O)N[C@H](CCCCN)C(=O)N1CCC(B(O)O)C1,11.0969
CN(C(=O)Cc1ccc(Cl)c(Cl)c1)[C@H]1CCCC[C@@H]1N1CCCC1.CS(=O)(=O)O,9.0044
C/C=C1/CN2CC[C@]34C(=C(C(=O)OC)[C@H]1C[C@H]23)Nc1ccc(Br)cc14,8.7045
C/C=C1/CN2CC[C@]34C(=C(C(=O)OC)[C@H]1C[C@H]23)Nc1ccc(I)cc14,8.6221
C/C=C1/CN2CC[C@]34C(=C(C(=O)OC)[C@H]1C[C@H]23)Nc1ccc(-c2ccccc2)cc14,8.3119
C/C=C1/CN2CC[C@]34C(=C(C(=O)OC)[C@H]1C[C@H]23)Nc1ccc(-c2ccoc2)cc14,9.0778
C/C=C1/CN2CC[C@]34C(=C(C(=O)OC)[C@H]1C[C@H]23)Nc1ccc(-c2ccsc2)cc14,8.1068
C/C=C1/CN2CC[C@]34C(=C(C(=O)OC)[C@H]1C[C@H]23)Nc1ccc(C#N)cc14,7.0958
C/C=C1/CN2CC[C@]34C(=C(C(=O)OC)[C@H]1C[C@H]23)Nc1ccc([N+](=O)[O-])cc14,6.7979
CC[C@@H]1CN2CC[C@]34C(=C(C(=O)OC)[C@H]1C[C@H]23)Nc1ccccc14,5.7979
C/C=C1/C[N+]2(CC3CC3)CC[C@]34C(=C(C(=O)OC)[C@H]1C[C@@H]32)Nc1ccccc14.[Br-],5.3140
C/C=C1/CN2CC[C@]34c5cc(Br)ccc5NC3C(C(=O)OC)[C@H]1C[C@H]24,7.3139
C/C=C1/CN2CC[C@]34c5cc(I)ccc5NC3C(C(=O)OC)[C@H]1C[C@H]24,7.6099
C/C=C1/C[N+]2(C)CC[C@]34C(=C(C(=O)OC)[C@H]1C[C@@H]32)Nc1ccc(Br)cc14.[Br-],6.0134
C=CC[N+]12CC[C@]34C(=C(C(=O)OC)[C@@H](C[C@@H]31)/C(=C\C)C2)Nc1ccc(Br)cc14.[Br-],6.1935
C/C=C1/C[N+]2(CC3CC3)CC[C@]34C(=C(C(=O)OC)[C@H]1C[C@@H]32)Nc1ccc(Br)cc14.[Br-],6.6889
CC[C@@]1(C)CN2CC[C@]34C(=C(C(=O)OC)[C@H]1C[C@H]23)Nc1ccc(Br)cc14,7.5043
CC(=O)Nc1cccc(CCN(CCc2ccccc2)CC2CCC2)c1,7.2147
CS(=O)(=O)Nc1cccc(CCN(CCc2ccccc2)CC2CCC2)c1,7.8484
COC(=O)Nc1cccc(CCN(CCc2ccccc2)CC2CCC2)c1,8.6003
NC(=O)c1cccc(CCN(CCc2ccccc2)CC2CCC2)c1,7.3188
NS(=O)(=O)c1cccc(CCN(CCc2ccccc2)CC2CCC2)c1,7.8583
NC(=O)c1ccccc1CCN(CCc1ccccc1)CC1CCC1,7.0506
FC(F)c1cccc(CCN(CCc2ccccc2)CC2CCC2)n1,7.2147
c1ccc(CCN(CCc2ccc3cc[nH]c3c2)CC2CCC2)cc1,5.7906
c1ccc(CCN(CCc2ccc3cn[nH]c3c2)CC2CCC2)cc1,5.9666
c1ccc(CCN(CCc2ccc3nc[nH]c3c2)CC2CCC2)cc1,7.2366
c1ccc(CCN(CCc2ccc3nn[nH]c3c2)CC2CCC2)cc1,7.2103
O=c1[nH]c2ccc(CCN(CCc3ccccc3)CC3CCC3)cc2[nH]1,7.3188
O=c1[nH]c2cc(CCN(CCc3ccccc3)CC3CCC3)ccc2o1,7.7696
O=c1[nH]nc2ccc(CCN(CCc3ccccc3)CC3CCC3)cn12,6.3768
c1ccc(CCN(CCc2cccc3[nH]ncc23)CC2CCC2)cc1,7.8922
c1ccc(CCN(CCc2cccc3[nH]cnc23)CC2CCC2)cc1,7.6314
c1ccc(CCN(CCc2cccc3[nH]nnc23)CC2CCC2)cc1,7.7454
O=c1[nH]c2cccc(CCN(CCc3ccccc3)CC3CCC3)c2[nH]1,7.7184
O=c1[nH]c2cccc(CCN(CCc3ccccc3)CC3CCC3)c2o1,8.5850
c1ccc(CCN(CCc2ccc3nc[nH]c3n2)CC2CCC2)cc1,7.2596
O=c1[nH]c2ccccc2n1CCN(CCc1ccccc1)CC1CCC1,7.6990
O=c1[nH]c2cccc(CCN(CCc3ccccn3)CC3CCC3)c2[nH]1,7.3768
Cn1ccc(CCN(CCc2cccc3[nH]c(=O)[nH]c23)CC2CCC2)n1,6.6383
Cn1cc(CCN(CCc2cccc3[nH]c(=O)[nH]c23)CC2CCC2)cn1,7.7696
O=c1[nH]c2cccc(CCN(CCc3cnn(C(F)F)c3)CC3CCC3)c2[nH]1,7.8724
Cn1cc(CCN(CCc2cccc3[nH]c(=O)n(C)c23)CC2CCC2)cn1,7.7939
c1ccc(CCN(CCc2ccc3nc[nH]c3c2)CC2CCC2)nc1,8.1056
Fc1ccc(CCN(CCc2ccc3nc[nH]c3c2)CC2CCC2)nc1,7.7696
Cn1ccc(CCN(CCc2ccc3nc[nH]c3c2)CC2CCC2)n1,7.2840
Cn1cc(CCN(CCc2ccc3nc[nH]c3c2)CC2CCC2)cn1,7.3768
Cn1cnc(CCN(CCc2ccc3nc[nH]c3c2)CC2CCC2)c1,7.6773
Cc1cnn(CCN(CCc2ccc3nc[nH]c3c2)CC2CCC2)c1,7.5647
O=C1CC(C2CC2)CN1CCN(CCc1ccc2nc[nH]c2c1)CC1CCC1,9.0000
c1ccc(CCN(CCc2ccc3nc[nH]c3c2)CC2CC2)cc1,8.0863
CC(Cc1ccc2nc[nH]c2c1)N(CCc1ccccc1)CC1CC1,8.0555
c1ccc(C[C@H]2C[C@@H](Cc3ccc4nc[nH]c4c3)N(CC3CCC3)C2)cc1,8.9586
c1ccc(C[C@H]2C[C@@H](Cc3cccc4[nH]cnc34)N(CC3CCC3)C2)cc1,7.9586
Cn1cc(O[C@H]2C[C@@H](Cc3ccc4nc[nH]c4c3)N(CC3CCC3)C2)cn1,8.0000
Cc1cnn(C[C@H]2C[C@@H](Cc3ccc4nc[nH]c4c3)N(CC3CCC3)C2)c1,7.7696
COc1ccc2c3c1O[C@H]1[C@@]4(OC)C=C[C@@]5(C[C@@H]4C(=O)c4cccc(Nc6ccccc6)c4)[C@@H](C2)N(CC2CC2)CC[C@]315,5.6337
COc1ccc2c3c1O[C@H]1[C@@]4(OC)C=C[C@@]5(C[C@@H]4C(=O)c4cccc(NCc6ccccc6)c4)[C@@H](C2)N(CC2CC2)CC[C@]315,6.6817
COc1ccc2c3c1O[C@H]1[C@@]4(OC)C=C[C@@]5(C[C@@H]4C(=O)c4cccc(NC(=O)Cc6ccccc6)c4)[C@@H](C2)N(CC2CC2)CC[C@]315,7.3585
COc1ccc2c3c1O[C@H]1[C@@]4(OC)C=C[C@@]5(C[C@@H]4C(=O)c4cccc(NC(C)=O)c4)[C@@H](C2)N(CC2CC2)CC[C@]315,7.5751
COc1ccc2c3c1O[C@H]1[C@@]4(OC)C=C[C@@]5(C[C@@H]4C(=O)c4cccc(NC(=O)C6CC6)c4)[C@@H](C2)N(CC2CC2)CC[C@]315,6.8492
COc1ccc2c3c1O[C@H]1[C@@]4(OC)C=C[C@@]5(C[C@@H]4C(=O)c4cccc(NC(=O)OCc6ccccc6)c4)[C@@H](C2)N(CC2CC2)CC[C@]315,7.9914
COc1ccc2c3c1O[C@H]1[C@@]4(OC)C=C[C@@]5(C[C@@H]4C(=O)c4cccc(NC(=O)OCC(C)C)c4)[C@@H](C2)N(CC2CC2)CC[C@]315,7.4413
COc1ccc2c3c1O[C@H]1[C@@]4(OC)C=C[C@@]5(C[C@@H]4C(=O)c4cccc(NC(=O)c6ccccc6)c4)[C@@H](C2)N(CC2CC2)CC[C@]315,8.2896
COc1ccc(C(=O)Nc2cccc(C(=O)[C@H]3C[C@@]45C=C[C@]3(OC)[C@@H]3Oc6c(OC)ccc7c6[C@@]34CCN(CC3CC3)[C@@H]5C7)c2)cc1,7.4828
COc1cccc(C(=O)Nc2cccc(C(=O)[C@H]3C[C@@]45C=C[C@]3(OC)[C@@H]3Oc6c(OC)ccc7c6[C@@]34CCN(CC3CC3)[C@@H]5C7)c2)c1,7.5686
COc1ccc2c3c1O[C@H]1[C@@]4(OC)C=C[C@@]5(C[C@@H]4C(=O)c4cccc(NC(=O)c6ccc(C)c(C)c6)c4)[C@@H](C2)N(CC2CC2)CC[C@]315,7.3372
COc1ccc2c3c1O[C@H]1[C@@]4(OC)C=C[C@@]5(C[C@@H]4C(=O)c4cccc(NC(=O)c6ccc(Cl)c(Cl)c6)c4)[C@@H](C2)N(CC2CC2)CC[C@]315,6.3717
COc1ccc2c3c1O[C@H]1[C@@]4(OC)C=C[C@@]5(C[C@@H]4C(=O)c4cccc(NC(=O)c6cnn(C)c6)c4)[C@@H](C2)N(CC2CC2)CC[C@]315,8.1612
COc1ccc2c3c1O[C@H]1[C@@]4(OC)C=C[C@@]5(C[C@@H]4C(=O)c4cccc(N)c4)[C@@H](C2)N(CC2CC2)CC[C@]315,8.6383
C=C(C)[C@@H]1CCC(C)=C[C@H]1c1c(O)cc(CCCCC)cc1OCCCCCCCCCCCCOc1cc(CCCCC)cc(O)c1[C@@H]1C=C(C)CC[C@H]1C(=C)C,5.7696
NC(=O)c1ccc(Oc2ccc(CNCCc3ccccc3)cc2Cl)nc1,6.2107
COc1cc(CNCCc2ccccc2)ccc1Oc1ccc(C(N)=O)cn1,5.8186
COc1cc(CNCCC2CCCCC2)ccc1Oc1ccc(C(N)=O)cn1,6.1788
COc1cc(CNCCC(C)C)ccc1Oc1ccc(C(N)=O)cn1,6.1788
COc1cc(CNC2Cc3ccccc3C2)ccc1Oc1ccc(C(N)=O)cn1,6.5000
C[C@H](O)c1nc(Cn2nc(-c3ccc(Cl)cc3)n(C[C@H](O)C(F)(F)F)c2=O)nn1-c1cccc(Cl)c1,5.6671
