SMILES,pIC50
Cc1ccc(-c2ccc(S(C)(=O)=O)cc2)n1-c1ccccc1,7.2209
Cc1c(C=O)cc(-c2ccc(S(C)(=O)=O)cc2)n1-c1ccc(F)cc1,5.4908
Cc1c(COc2cccc(Cl)c2)cc(-c2ccc(S(C)(=O)=O)cc2)n1-c1ccc(F)cc1,7.0969
Fc1ccc(-c2[nH]c(-c3ccc(F)cc3)c3c2C2CCC3CC2)cc1,9.9208
CC(=O)c1cc(-c2ccc(S(C)(=O)=O)cc2)n(-c2ccc(F)cc2)c1C,5.7916
Cc1ccc(-n2c(C)ccc2-c2ccc(S(C)(=O)=O)cc2)cc1,7.3990
NS(=O)(=O)c1ccc(-n2cccc2-c2ccc(F)cc2)cc1,7.8499
Cc1c(CN(C)C)cc(-c2ccc(S(C)(=O)=O)cc2)n1-c1ccc(F)cc1,4.0000
CC(C(=O)O)c1ccc2c(c1)[nH]c1ccc(Cl)cc12,6.9914
Cc1c(Br)cc(-c2ccc(S(C)(=O)=O)cc2)n1-c1ccc(F)cc1,7.6995
CS(=O)(=O)c1ccc(-c2cccn2-c2ccc(F)cc2)cc1,4.9914
Cc1c(CO)cc(-c2ccc(S(C)(=O)=O)cc2)n1-c1ccc(F)cc1,5.4106
Cc1c(COc2ccc(Cl)cc2)cc(-c2ccc(S(C)(=O)=O)cc2)n1-c1ccc(F)cc1,7.5229
COc1ccc(-c2ccc(CCC(=O)O)n2-c2ccc(C(C)=O)cc2)cc1,5.4785
Cc1ccc(-c2ccc(S(C)(=O)=O)cc2)n1-c1ccc(F)c(F)c1,6.6010
Cc1ccc(-c2ccc(S(C)(=O)=O)cc2)n1-c1ccc(F)cc1,7.2209
Cc1c(C(=O)C(F)(F)F)cc(-c2ccc(S(C)(=O)=O)cc2)n1-c1ccc(F)cc1,6.9204
CS(=O)(=O)c1ccc(-n2cccc2-c2ccc(F)cc2)cc1,6.2912
Cc1c(C#N)cc(-c2ccc(S(C)(=O)=O)cc2)n1-c1ccc(F)cc1,6.1249
Cc1ccc(-c2ccc(S(C)(=O)=O)cc2)n1C1CCCCC1,6.2840
Cc1c(S(=O)(=O)C(F)(F)F)cc(-c2ccc(S(C)(=O)=O)cc2)n1-c1ccc(F)cc1,7.2218
Cc1c(C(=O)c2ccccc2)cc(-c2ccc(S(C)(=O)=O)cc2)n1-c1ccc(F)cc1,5.9907
Cc1c(C(O)C(F)(F)F)cc(-c2ccc(S(C)(=O)=O)cc2)n1-c1ccc(F)cc1,5.8408
Cc1ccc(-c2ccc(S(C)(=O)=O)cc2)n1-c1ccc(C(F)(F)F)cc1,7.0985
Fc1ccc(-c2[nH]c(-c3ccc(F)cc3)c3c2C2CCC3C2)cc1,10.0969
CC(=O)c1ccc(-n2c(C)ccc2-c2ccc(S(C)(=O)=O)cc2)cc1,5.5411
Cc1c(Cl)cc(-c2ccc(S(C)(=O)=O)cc2)n1-c1ccc(F)cc1,7.3005
Cc1c(CC(F)(F)F)cc(-c2ccc(S(C)(=O)=O)cc2)n1-c1ccc(F)cc1,6.8519
CC(=O)OCc1cc(-c2ccc(S(C)(=O)=O)cc2)n(-c2ccc(F)cc2)c1C,6.3289
CN(C)S(=O)(=O)c1ccc(-n2c(CCC(=O)O)ccc2-c2ccc(F)cc2)cc1,5.1249
CC1(C)C(=O)C(c2ccc(F)cc2)=C1c1ccc(S(C)(=O)=O)cc1,8.3010
C=C1CC(c2ccc(S(C)(=O)=O)cc2)=C1c1ccccc1,8.9208
C=C1C(c2ccccc2)=C(c2ccc(S(C)(=O)=O)cc2)C1(C)C,8.6576
COC(=O)c1cc2cc(S(C)(=O)=O)ccc2n1C(=O)c1ccc(Cl)cc1,6.1367
CCCCSc1ccccc1OC(C)=O,4.4685
C[C@H](C(=O)O)c1ccc(C[C@@H]2CCC[C@H]2O)cc1,5.6990
CCCCCCC[Se]c1ccccc1OC(C)=O,4.9208
CCCCC#CCSc1ccccc1OC(=O)CBr,4.5850
CCCCCCCSc1ccccc1OC(C)=O,5.6990
CS(=O)(=O)c1ccc(C2=C(c3ccccc3)C(=O)C2)cc1,6.9586
CC1(C)C(=O)C(c2ccccc2)=C1c1ccc(S(C)(=O)=O)cc1,8.5528
CC(C(=O)O)c1ccc(CC2CCCC2O)cc1,4.6576
CS(=O)(=O)c1ccc(C2=C(c3ccccc3)C(=O)OC2)cc1,6.4828
CC1(C)C(c2ccc(S(C)(=O)=O)cc2)=C(c2ccccc2)/C1=N/O,7.2147
CS(=O)(=O)c1ccc(-c2cc(Br)sc2-c2ccc(F)cc2)cc1,7.7764
CCCCC#CCSc1ccccc1OC(C)=O,6.0969
COc1ccc2c(c1)c(CC(=O)O)c(C)n2C(=O)c1ccc(Cl)cc1,6.1003
CCSc1ccccc1OC(C)=O,3.6990
CCCCCC#CCSc1ccccc1OC(C)=O,5.1549
CS(=O)(=O)c1ccc(C2=C(c3ccc(F)cc3)CC3(CC3)C2)cc1,8.1200
CC(=O)Oc1ccccc1SCCc1ccccc1,4.0000
CC(=O)Oc1ccccc1SCCCCCBr,5.0223
CC1(C)C(c2ccc(S(C)(=O)=O)cc2)=C(c2ccccc2)C1O,6.2757
Cc1ccc(-c2cc(C(F)(F)F)nn2-c2ccc(S(N)(=O)=O)cc2)cc1,7.0996
CCCCCSc1ccccc1OC(C)=O,5.3010
CC(=O)Oc1ccccc1SCCCCCCBr,4.9208
CSc1ccccc1OC(C)=O,3.6021
CSc1ccccc1OC(=O)CBr,3.2924
CCCSc1ccccc1OC(C)=O,4.1805
CCCC/C=C/CSc1ccccc1OC(C)=O,4.9586
CCCC#CCSc1ccccc1OC(C)=O,5.5229
CCCCCCSc1ccccc1OC(C)=O,5.4559
CC(=O)Oc1ccccc1SCCCCCCI,5.0000
CC(=O)Oc1ccccc1C(=O)O,4.7033
CSc1ccccc1OC(=O)CCl,3.4437
CC(C(=O)O)c1ccc(CC2CCCC2=O)cc1,4.8697
C[C@H](C(=O)O)c1ccc(C[C@H]2CCC[C@@H]2O)cc1,6.4659
CSc1ccccc1OC(=O)C(F)(F)F,3.5850
CC(=O)Oc1ccccc1SCc1ccccc1,3.6021
CCCC#CCCSc1ccccc1OC(C)=O,5.1871
CC1(C)C(=O)C(c2ccc(S(C)(=O)=O)cc2)=C1c1ccccc1,7.0177
COC(=O)c1cc2cc(S(C)(=O)=O)ccc2n1Cc1ccc(Cl)cc1,5.3665
CC(=O)Oc1ccccc1SCCCCCC(=O)O,4.3010
CC#CCSc1ccccc1OC(C)=O,4.6990
CCC#CCSc1ccccc1OC(C)=O,5.3010
CS(=O)(=O)c1ccc(C2=C(c3ccccc3)C(=O)C23CCCC3)cc1,7.9208
CS(=O)(=O)c1ccc(C2=C(c3ccc(F)c(F)c3)C(=O)OC2)cc1,6.3188
CC(=O)OCCCCCSc1ccccc1OC(C)=O,4.3010
C#CCSc1ccccc1OC(C)=O,4.6021
CCCCOCCSc1ccccc1OC(C)=O,5.1549
CCCCC#CC(C)Sc1ccccc1OC(C)=O,5.1549
COC(=O)c1cc2cc(S(C)(=O)=O)ccc2n1Cc1ccc(Br)cc1,5.4295
COC(=O)c1cc2cc(S(C)(=O)=O)ccc2n1Cc1ccc(OC)cc1,5.1989
COc1ccc(NNC(=O)c2ccc(Cl)cc2)cc1,6.8861
COc1ccc(C(=O)NNc2ccc(Cl)cc2)cc1,6.3279
Cc1cccc(-c2nc(C(F)(F)F)cn2-c2ccc(S(N)(=O)=O)cc2)n1,6.3784
Cn1cc(-c2nc(C(F)(F)F)cn2-c2ccc(S(C)(=O)=O)cc2)c2ccccc21,5.9593
CS(=O)(=O)c1ccc(-n2cc(C(F)(F)F)nc2-c2cccs2)cc1,6.3289
Cc1cc(-c2nc(C(F)(F)F)cn2-c2ccc(S(N)(=O)=O)cc2)no1,6.3886
CS(=O)(=O)c1ccc(C2=C(c3ccc(F)cc3)CCC2)cc1,7.5850
COCc1ccc(C2=C(c3ccc(S(C)(=O)=O)cc3)CCC2)cc1,5.1802
COc1ccc(-c2cc(F)c(F)cc2-c2ccc(S(C)(=O)=O)cc2)cc1F,7.6789
CN(C)c1ccc(-c2cc(F)c(F)cc2-c2ccc(S(N)(=O)=O)cc2)cc1Cl,8.2209
N#Cc1cc(-c2ccc(F)cc2)n(-c2ccc(S(N)(=O)=O)cc2)n1,6.4685
NS(=O)(=O)c1ccc(-n2nc(C(F)(F)F)cc2-c2ccc(Br)s2)cc1,7.9205
NS(=O)(=O)c1ccc(C2=C(c3ccc(OC(F)(F)F)cc3)CC3(CC3)C2)cc1,6.8880
CCOc1ccc(-c2c(Cl)ncn2-c2ccc(S(C)(=O)=O)cc2)cc1,8.3979
O=C(NNc1ccc(Cl)cc1)c1ccc(Cl)cc1,6.4685
O=C(NNc1ccc(Cl)cc1)c1ccccc1,6.2757
CN(C)c1ccc(-c2nc(C(F)(F)F)cn2-c2ccc(S(C)(=O)=O)cc2)cc1F,6.4807
COc1cc(F)cc(-c2nc(C(F)(F)F)cn2-c2ccc(S(N)(=O)=O)cc2)c1,6.3386
CN(C)c1c(Cl)cc(-c2nc(C(F)(F)F)cn2-c2ccc(S(C)(=O)=O)cc2)cc1Cl,6.8519
Cc1cncc(-c2nc(C(F)(F)F)cn2-c2ccc(S(C)(=O)=O)cc2)c1,5.7424
Cc1ccc(-c2nc(C(F)(F)F)cn2-c2ccc(S(N)(=O)=O)cc2)nc1,6.1383
CS(=O)(=O)c1ccc(-c2cc(Cl)c(Cl)cc2-c2ccc(F)cc2)cc1,6.6199
Cc1ccncc1-c1cc(F)c(F)cc1-c1ccc(S(C)(=O)=O)cc1,6.7700
COc1ccc(-c2cc(C(F)(F)F)nn2-c2ccc(S(N)(=O)=O)cc2)cc1,8.0969
CN(C)c1ccc(-c2cc(C(F)(F)F)nn2-c2ccc(S(N)(=O)=O)cc2)cc1,8.3279
Cc1c(C(F)(F)F)nn(-c2ccc(S(N)(=O)=O)cc2)c1-c1ccc(Cl)cc1,7.6576
CS(=O)(=O)c1ccc(-n2nc(C(F)(F)F)cc2-c2ccc(F)cc2)cc1,7.0000
Cc1ccc(-c2c(Cl)ncn2-c2ccc(S(C)(=O)=O)cc2)cc1,7.7959
CS(=O)(=O)c1ccc(-n2cnc(Cl)c2-c2ccc(N)cc2)cc1,6.7282
COc1ccc(C2=C(c3ccc(S(N)(=O)=O)cc3)CCC2)cc1,8.6990
Cc1ccc(-c2nc(C(F)(F)F)cn2-c2ccc(S(C)(=O)=O)cc2)cc1,6.7959
CS(=O)(=O)c1ccc(-n2cc(C#N)nc2-c2ccc(Cl)cc2)cc1,6.6391
CS(=O)(=O)c1ccc(-n2cc(C(F)(F)F)nc2-c2cccc3c2OCO3)cc1,6.3289
CC1(C)CC(c2ccc(Cl)cc2)=C(c2ccc(S(C)(=O)=O)cc2)C1,8.1525
CS(=O)(=O)c1ccc(C2=C(c3ccc(F)c(Cl)c3)CCC2)cc1,7.5214
Cc1ccc(-c2c(C#N)cnn2-c2ccc(S(N)(=O)=O)cc2)cc1,7.1192
Cc1cc(-c2cc(C(F)(F)F)nn2-c2ccc(S(N)(=O)=O)cc2)cc2c1OCO2,7.2820
NS(=O)(=O)c1ccc(C2=C(c3ccc(F)c(F)c3)CC3(CC3)C2)cc1,8.5214
Cc1ncc(-c2ccc(S(C)(=O)=O)cc2)n1-c1ccc(F)cc1,7.2924
Clc1ccc(-c2nn(-c3ccccc3)c3c2CCCC3)cc1,6.2076
COc1ccc(-c2nn(-c3ccccc3)c3c2CCCCC3)cc1,5.9066
Cc1cccc(-c2nc(C(F)(F)F)cn2-c2ccc(S(C)(=O)=O)cc2)c1,7.2200
CS(=O)(=O)c1ccc(-n2cc(C(F)(F)F)nc2-c2cccc(C(F)(F)F)c2)cc1,6.6789
Cc1cccc(-c2nc(C(F)(F)F)cn2-c2ccc(S(N)(=O)=O)cc2)c1,7.5214
COc1c(C)cc(-c2nc(C(F)(F)F)cn2-c2ccc(S(C)(=O)=O)cc2)cc1C,6.1413
Cc1ccc(-c2cc(F)c(F)cc2-c2ccc(S(N)(=O)=O)cc2)cc1,8.3990
NS(=O)(=O)c1ccc(-n2nc(C(F)(F)F)cc2-c2ccc(Cl)c(Cl)c2)cc1,7.8239
NS(=O)(=O)c1ccc(-n2nc(C(F)(F)F)cc2-c2ccc(Cl)cc2Cl)cc1,7.2518
NS(=O)(=O)c1ccc(-n2ncc(Cl)c2-c2ccccc2)cc1,7.3098
NS(=O)(=O)c1ccc(-n2nc(CF)cc2-c2ccccc2)cc1,6.6995
NS(=O)(=O)c1ccc(-n2nc(C(F)(F)F)cc2-c2ccc3c(c2)CCC3)cc1,7.5093
COc1ccc(C2=C(c3ccc(S(C)(=O)=O)cc3)CC3(CC3)C2)cc1F,8.0000
CS(=O)(=O)c1ccc(-n2cnc(Br)c2-c2ccc(F)cc2)cc1,7.4437
Cc1ncn(-c2ccc(S(C)(=O)=O)cc2)c1-c1ccc(F)cc1,6.8416
COc1ccc(-c2c(Cl)ncn2-c2ccc(S(C)(=O)=O)cc2)c(F)c1,7.8239
NS(=O)(=O)c1ccc(C2=C(c3ccc(C(F)(F)F)c(F)c3)CCC2)cc1,6.7698
CS(=O)(=O)c1ccc(-n2cc(C(F)(F)F)nc2-c2ccccc2)cc1,6.9200
CN(C)c1ccc(-c2nc(C(F)(F)F)cn2-c2ccc(S(C)(=O)=O)cc2)cc1,6.1524
CS(=O)(=O)c1ccc(-c2nc(C(F)(F)F)cn2-c2ccc(S(C)(=O)=O)cc2)cc1,5.2421
NS(=O)(=O)c1ccc(-n2cc(C(F)(F)F)nc2-c2ccccc2)cc1,7.3990
Cc1cc(Cl)cc(-c2nc(C(F)(F)F)cn2-c2ccc(S(N)(=O)=O)cc2)c1,7.3990
Cc1nc(-c2nc(C(F)(F)F)cn2-c2ccc(S(C)(=O)=O)cc2)cs1,6.0284
CS(=O)(=O)c1ccc(C2=C(c3ccc(C(F)(F)F)cc3)CCC2)cc1,6.0605
NS(=O)(=O)c1ccc(-n2nc(C(F)F)cc2-c2ccccc2)cc1,6.8880
COc1c(C(F)(F)F)nn(-c2ccc(S(N)(=O)=O)cc2)c1-c1ccccc1,7.0969
NS(=O)(=O)c1ccc(-n2nc(C(F)(F)F)cc2-c2ccc3c(c2)CCCS3)cc1,6.6391
CCOc1ccc(-c2c(Cl)ncn2-c2ccc(S(N)(=O)=O)cc2)cc1,8.1338
CS(=O)(=O)c1ccc(-n2cc(C(F)(F)F)nc2-c2cccc(Cl)c2)cc1,7.2209
COc1cccc(-c2nc(C(F)(F)F)cn2-c2ccc(S(C)(=O)=O)cc2)c1,6.4580
CS(=O)(=O)c1ccc(-n2cc(C(F)(F)F)nc2-c2ccccc2F)cc1,6.3990
NS(=O)(=O)c1ccc(-n2cc(C(F)(F)F)nc2-c2ccccc2F)cc1,7.0000
COc1cc(-c2nc(C(F)(F)F)cn2-c2ccc(S(C)(=O)=O)cc2)ccc1Cl,6.6010
Cc1ccc(-c2nc(C(F)(F)F)cn2-c2ccc(S(C)(=O)=O)cc2)cc1C,6.4807
Cc1ncccc1-c1nc(C(F)(F)F)cn1-c1ccc(S(C)(=O)=O)cc1,5.0189
CS(=O)(=O)c1ccc(-n2cc(C(F)(F)F)nc2-c2cc(Br)cs2)cc1,7.5875
CC1(C)CC(c2ccc(F)cc2)=C(c2ccc(S(C)(=O)=O)cc2)C1,7.8219
COc1ccc(-c2cc(F)c(F)cc2-c2ccc(S(C)(=O)=O)cc2)cc1OC,6.4693
NS(=O)(=O)c1ccc(-n2nc(C(F)(F)F)cc2-c2ccccc2)cc1,7.4900
COc1c(C)cc(-c2cc(C(F)(F)F)nn2-c2ccc(S(N)(=O)=O)cc2)cc1Cl,7.1805
CS(=O)(=O)c1ccc(-n2cnc(Cl)c2-c2ccc(F)cc2)cc1,7.8539
CS(=O)(=O)c1ccc(-n2cc(C(F)(F)F)nc2-c2ccc(Cl)cc2)cc1,6.9593
CSc1ccc(-c2nc(C(F)(F)F)cn2-c2ccc(S(C)(=O)=O)cc2)cc1,6.7979
CN(C)c1cccc(-c2nc(C(F)(F)F)cn2-c2ccc(S(C)(=O)=O)cc2)c1,5.4924
CS(=O)(=O)c1ccc(-n2cc(C(F)(F)F)nc2-c2ccc3c(c2)OCO3)cc1,6.6612
Cc1ccc(-c2nc(C(F)(F)F)cn2-c2ccc(S(N)(=O)=O)cc2)cc1Cl,8.5214
COc1c(Cl)cc(-c2nc(C(F)(F)F)cn2-c2ccc(S(C)(=O)=O)cc2)cc1Cl,6.8519
COc1c(F)cc(-c2nc(C(F)(F)F)cn2-c2ccc(S(N)(=O)=O)cc2)cc1F,7.5214
NS(=O)(=O)c1ccc(C2=C(c3ccc(C(F)(F)F)cc3)CCC2)cc1,6.8219
CS(=O)(=O)c1ccc(-c2cc(F)c(F)cc2-c2ccc3c(c2)OCCO3)cc1,6.4693
COc1ccc(-c2cc(F)c(F)cc2-c2ccc(S(N)(=O)=O)cc2)cc1Cl,7.8881
Cc1ccc(-c2cc(F)c(F)cc2-c2ccc(S(N)(=O)=O)cc2)cc1Cl,8.5214
COC(=O)c1nn(-c2ccc(S(N)(=O)=O)cc2)c(-c2ccc(Cl)cc2)c1Cl,6.7979
CS(=O)(=O)c1ccc(-n2cnc(Cl)c2-c2ccc(Cl)cc2)cc1,7.7447
CS(=O)(=O)c1ccc(-n2cnc(Cl)c2-c2cnccc2Cl)cc1,7.3665
Cc1ccc(NNC(=O)c2ccc(Cl)cc2)cc1,8.0000
CS(=O)(=O)c1ccc(-n2cc(C(F)(F)F)nc2-c2cccc([N+](=O)[O-])c2)cc1,6.2383
CN(C)c1ccc(-c2nc(C(F)(F)F)cn2-c2ccc(S(C)(=O)=O)cc2)cc1Cl,6.4924
CS(=O)(=O)c1ccc(-n2cc(C(F)(F)F)nc2-c2ccccn2)cc1,5.8220
CS(=O)(=O)c1ccc(C2=C(c3ccc(F)cc3)CC(CF)(CF)C2)cc1,7.2912
CS(=O)(=O)c1ccc(C2=C(c3ccc(C(F)(F)F)c(F)c3)CCC2)cc1,6.1196
NS(=O)(=O)c1ccc(-n2nc(C(F)F)cc2-c2ccc(Cl)cc2)cc1,8.0000
NS(=O)(=O)c1ccc(-n2nc(C(F)(F)F)cc2-c2ccc3c(c2)CCO3)cc1,7.6789
CS(=O)(=O)c1ccc(-n2cc(C(F)(F)F)nc2-c2cccc(F)c2)cc1,6.9204
Cc1ccnc(-c2nc(C(F)(F)F)cn2-c2ccc(S(C)(=O)=O)cc2)c1,6.2779
Cc1cc(F)ccc1C1=C(c2ccc(S(C)(=O)=O)cc2)CCC1,7.1225
CS(=O)(=O)c1ccc(C2=C(c3ccc(F)cc3)CC(C(F)(F)F)(C(F)(F)F)C2)cc1,7.1720
COc1c(Cl)cc(C2=C(c3ccc(S(N)(=O)=O)cc3)CCC2)cc1Cl,8.0479
NS(=O)(=O)c1ccc(-n2nc(C(F)(F)F)cc2-c2ccccc2Cl)cc1,7.2518
COc1ccc(-c2cc(C(F)(F)F)nn2-c2ccc(S(N)(=O)=O)cc2)cc1OC,6.2218
Cc1ccc(-c2cc(C(F)(F)F)nn2-c2ccc(S(N)(=O)=O)cc2)c(C)c1,6.9208
CS(=O)(=O)c1ccc(-n2cc(C(F)(F)F)nc2-c2ccccc2Cl)cc1,6.0479
CNc1ccc(-c2nc(C(F)(F)F)cn2-c2ccc(S(C)(=O)=O)cc2)cc1Cl,6.1802
COc1cc(F)cc(-c2nc(C(F)(F)F)cn2-c2ccc(S(C)(=O)=O)cc2)c1,6.0189
COc1ccc(-c2nc(C(F)(F)F)cn2-c2ccc(S(N)(=O)=O)cc2)cc1Br,7.5214
COc1c(Br)cc(-c2nc(C(F)(F)F)cn2-c2ccc(S(C)(=O)=O)cc2)cc1Br,7.0479
CS(=O)(=O)c1ccc(-n2cc(C=O)nc2-c2ccc(Cl)cc2)cc1,5.7979
Cc1ccc(-c2nc(C(F)(F)F)cn2-c2ccc(S(N)(=O)=O)cc2)cn1,6.5388
Cc1cc(-c2cc(F)c(F)cc2-c2ccc(S(C)(=O)=O)cc2)ccc1F,8.3005
COc1ccccc1-c1cc(C(F)(F)F)nn1-c1ccc(S(N)(=O)=O)cc1,6.5376
CCc1c(C(F)(F)F)nn(-c2ccc(S(N)(=O)=O)cc2)c1-c1ccc(Cl)cc1,7.5528
COc1ccc(-n2nc(C(F)(F)F)cc2-c2ccc(S(N)(=O)=O)cc2)cc1,8.1720
Cc1ccc(-c2cc(C(F)(F)F)nn2-c2ccc(S(N)(=O)=O)cc2)s1,5.4800
NS(=O)(=O)c1ccc(C2=C(c3ccc(F)cc3)CC3(CC3)C2)cc1,8.5229
CS(=O)(=O)c1ccc(C2=C(c3ccc(Cl)cc3)CC3(CC3)C2)cc1,9.0000
NS(=O)(=O)c1ccc(C2=C(c3ccc(Cl)cc3)CC3(CC3)C2)cc1,9.0000
CS(=O)(=O)c1ccc(C2=C(c3ccc(OC(F)(F)F)cc3)CC3(CC3)C2)cc1,6.8698
NS(=O)(=O)c1ccc(C2=C(c3ccc(F)c(Cl)c3)CC3(CC3)C2)cc1,8.8219
CS(=O)(=O)c1ccc(-n2cnc(Cl)c2-c2ccncc2)cc1,5.0000
CS(=O)(=O)c1ccc(-n2cnc(Cl)c2-c2ccc3c(c2)CCO3)cc1,8.0458
O=C(NNc1ccccc1)c1ccc(Cl)cc1,6.4815
CSc1cccc(-c2nc(C(F)(F)F)cn2-c2ccc(S(C)(=O)=O)cc2)c1,6.4580
Cc1ccc(-c2nc(C(F)(F)F)cn2-c2ccc(S(C)(=O)=O)cc2)cc1F,6.9593
Cc1nc(-c2nc(C(F)(F)F)cn2-c2ccc(S(N)(=O)=O)cc2)cs1,6.2820
NS(=O)(=O)c1ccc(C2=C(c3ccc(F)cc3)CCC2)cc1,8.1525
COc1ccc(-c2cc(F)c(F)cc2-c2ccc(S(C)(=O)=O)cc2)cc1Cl,7.7207
Cc1ccc(-c2cc(F)c(F)cc2-c2ccc(S(N)(=O)=O)cc2)cc1C,8.3005
FC(F)(F)c1cc(-c2ccc(Cl)cc2)n(-c2ccc(Cl)cc2)n1,5.3198
NS(=O)(=O)c1ccc(-n2nc(C(F)(F)F)cc2-c2ccc3c(c2)OCO3)cc1,7.6200
CCOc1ccc(-c2c(Cl)ncn2-c2ccc(S(C)(=O)=O)cc2)cc1Cl,8.1549
COc1c(F)cc(-c2nc(C(F)(F)F)cn2-c2ccc(S(C)(=O)=O)cc2)cc1F,6.7698
Cc1ccc(-c2nc(C(F)(F)F)cn2-c2ccc(S(C)(=O)=O)cc2)cn1,5.7424
Cc1ccc(-c2nc(C(F)(F)F)cn2-c2ccc(S(C)(=O)=O)cc2)nc1,5.8880
CS(=O)(=O)c1ccc(-n2cc(C(F)(F)F)nc2-c2cnc3ccccc3c2)cc1,6.2003
NS(=O)(=O)c1ccc(-n2nc(C(F)(F)F)cc2-c2ccccc2F)cc1,7.2366
CCN(CC)c1ccc(-c2c(Cl)ncn2-c2ccc(S(C)(=O)=O)cc2)cc1,7.0969
NS(=O)(=O)c1ccc(-n2cnc(Cl)c2-c2cc(Cl)cc(Cl)c2)cc1,8.6990
COc1cc(-c2c(Cl)ncn2-c2ccc(S(N)(=O)=O)cc2)ccc1F,8.0969
COc1ccccc1-c1nc(C(F)(F)F)cn1-c1ccc(S(C)(=O)=O)cc1,5.0500
COc1ccc(-c2nc(C(F)(F)F)cn2-c2ccc(S(C)(=O)=O)cc2)cc1Cl,6.8880
CS(=O)(=O)c1ccc(-n2cc(CC#N)nc2-c2ccc(Cl)cc2)cc1,5.8112
COc1ccc(-c2cc(F)c(F)cc2-c2ccc(S(N)(=O)=O)cc2)cc1F,7.8881
COc1ccc(-c2cc(C(F)F)nn2-c2ccc(S(N)(=O)=O)cc2)cc1Cl,7.5693
NS(=O)(=O)c1ccc(-n2nc(CO)c(Cl)c2-c2ccc(Cl)cc2)cc1,6.4685
Cc1ccc(C2=C(c3ccc(S(C)(=O)=O)cc3)CC3(CC3)C2)cc1,8.8219
CS(=O)(=O)c1ccc(-c2cnc(C(=O)c3ccccc3)n2-c2ccc(F)cc2)cc1,7.5229
CS(=O)(=O)c1ccc(-n2cnc(Cl)c2-c2ccccc2F)cc1,7.5528
CCCc1ccc(-c2c(Cl)ncn2-c2ccc(S(C)(=O)=O)cc2)cc1,7.0000
COc1ccc(-n2nc(-c3ccc(Cl)cc3)c3c2CCCCC3)cc1,5.8069
NS(=O)(=O)c1ccc(-c2ccccc2-c2ccc(F)cc2)cc1,7.2100
CS(=O)(=O)c1ccc(-n2cc(C(F)(F)F)nc2-c2cc(Cl)cc(Cl)c2)cc1,6.7698
NS(=O)(=O)c1ccc(-n2cc(C(F)(F)F)nc2-c2ccc(F)c(F)c2)cc1,7.5214
COc1ccc(-c2nc(C(F)(F)F)cn2-c2ccc(S(C)(=O)=O)cc2)cn1,5.9204
CS(=O)(=O)c1ccc(-c2cc(F)c(F)cc2-c2ccc(F)c(Cl)c2)cc1,8.0000
NS(=O)(=O)c1ccc(-c2cc(C(F)(F)F)nn2-c2ccc(F)cc2)cc1,8.0000
CS(=O)(=O)c1ccc(C2=C(c3ccc(F)c(Cl)c3)CC3(CC3)C2)cc1,8.1525
CSc1ccc(-c2c(Cl)ncn2-c2ccc(S(C)(=O)=O)cc2)cc1,7.9586
CCOc1ccncc1-c1c(Cl)ncn1-c1ccc(S(C)(=O)=O)cc1,6.5622
COc1ccc(-n2nc(-c3ccc(Cl)cc3)c3c2CCC(F)C3)cc1,5.6778
CS(=O)(=O)c1ccc(-n2cc(C(F)(F)F)nc2-c2cccc(N)c2)cc1,5.2299
CS(=O)(=O)c1ccc(C2=C(c3ccc(CO)cc3)CCC2)cc1,5.4924
NS(=O)(=O)c1ccc(-n2nc(C(F)(F)F)cc2-c2ccc(Cl)s2)cc1,7.5875
COc1ccc(C2=C(c3ccc(S(C)(=O)=O)cc3)CC3(CC3)C2)cc1Br,8.3881
COc1ccc(C2=C(c3ccc(S(N)(=O)=O)cc3)CC3(CC3)C2)cc1Br,8.6995
COc1c(Cl)cc(C2=C(c3ccc(S(C)(=O)=O)cc3)CC3(CC3)C2)cc1Cl,8.2209
CCCOc1ccc(-c2c(Cl)ncn2-c2ccc(S(C)(=O)=O)cc2)cc1,5.0000
COc1ccc(-c2c(Cl)ncn2-c2ccc(S(C)(=O)=O)cc2)cc1C,7.8861
CS(=O)(=O)c1ccc(-n2cnc(Cl)c2-c2cc(F)cc(F)c2)cc1,7.1249
COc1ccc(-n2nc(-c3ccc(Cl)cc3)c3c2CCC(N(O)C(C)=O)C3)cc1,5.6198
COc1ccc(NNC(=O)c2ccccc2)cc1,6.7447
COc1ccc(C2=C(c3ccc(S(N)(=O)=O)cc3)CCC2)cc1Cl,8.0479
CS(=O)(=O)c1ccc(-n2cc(CO)nc2-c2ccc(Cl)cc2)cc1,5.0792
COc1ccc(C2=C(c3ccc(S(N)(=O)=O)cc3)CCC2)cc1F,7.7979
NS(=O)(=O)c1ccc(-c2ccccc2-c2ccc(Cl)cc2)cc1,8.2209
CS(=O)(=O)c1ccc(-c2cc(F)c(F)cc2-c2ccc(F)cc2)cc1,7.8519
NS(=O)(=O)c1ccc(-c2cc(F)c(F)cc2-c2ccc(F)cc2)cc1,8.3990
NS(=O)(=O)c1ccc(-n2nc(C(F)(F)F)cc2-c2ccc(Cl)cc2)cc1,8.0000
COc1ccc(-c2cc(C(F)F)nn2-c2ccc(S(N)(=O)=O)cc2)cc1F,7.3005
COc1ccc(C2=C(c3ccc(S(N)(=O)=O)cc3)CC3(CC3)C2)cc1,9.0000
CS(=O)(=O)c1ccc(C2=C(c3ccc4c(c3)OCO4)CC3(CC3)C2)cc1,8.6010
CS(=O)(=O)c1ccc(C2=C(c3ccc(Cl)cc3Cl)CC3(CC3)C2)cc1,7.4808
NS(=O)(=O)c1ccc(-n2cnc(Cl)c2-c2ccccc2)cc1,8.0458
NS(=O)(=O)c1ccc(-n2cc(C(F)(F)F)nc2-c2cccc(Br)c2)cc1,8.1525
Cc1cc(F)cc(-c2nc(C(F)(F)F)cn2-c2ccc(S(C)(=O)=O)cc2)c1,6.9593
CS(=O)(=O)c1ccc(-n2cc(C(F)F)nc2-c2ccc(Cl)cc2)cc1,6.2123
CS(=O)(=O)c1ccc(-n2cc(C(F)(F)F)nc2-c2cccnc2)cc1,5.7700
COc1ccc(C2=C(c3ccc(S(C)(=O)=O)cc3)CCC2)cc1,8.3010
COc1c(Cl)cc(-c2cc(C(F)F)nn2-c2ccc(S(N)(=O)=O)cc2)cc1Cl,7.6789
CS(=O)(=O)c1ccc(-c2cnc(C#N)n2-c2ccc(F)cc2)cc1,7.2924
c1ccc(-c2nn(-c3ccccc3)c3c2CCCCC3)cc1,6.7696
COc1ccc(-n2nc(-c3ccc(Cl)cc3)c3c2CCC(O)C3)cc1,6.3372
NS(=O)(=O)c1ccc(C2=C(c3ccc4c(c3)OCO4)CCC2)cc1,8.6995
CS(=O)(=O)c1ccc(-n2cc(CF)nc2-c2ccc(Cl)cc2)cc1,6.3886
CCOC(=O)c1cn(-c2ccc(S(C)(=O)=O)cc2)c(-c2ccc(Cl)cc2)n1,5.2421
Cc1cccnc1-c1nc(C(F)(F)F)cn1-c1ccc(S(N)(=O)=O)cc1,5.8062
COc1ccc(-c2cc(F)c(F)cc2-c2ccc(S(N)(=O)=O)cc2)cc1OC,7.1885
CNc1ccc(-c2cc(C(F)(F)F)nn2-c2ccc(S(N)(=O)=O)cc2)cc1,7.7959
COc1cc(-c2c(Cl)ncn2-c2ccc(S(C)(=O)=O)cc2)ccc1C,7.8239
CC1Cc2cc(-c3c(Cl)ncn3-c3ccc(S(C)(=O)=O)cc3)ccc2O1,7.1308
Clc1ccc(-c2nn(-c3ccccc3)c3c2CCC3)cc1,5.5867
Cc1cccc(-c2nc(C(F)(F)F)cn2-c2ccc(S(C)(=O)=O)cc2)n1,5.5388
Cc1ccsc1-c1nc(C(F)(F)F)cn1-c1ccc(S(C)(=O)=O)cc1,5.9593
Cc1ncc(-c2nc(C(F)(F)F)cn2-c2ccc(S(N)(=O)=O)cc2)s1,6.3683
COc1ccc(C2=C(c3ccc(S(C)(=O)=O)cc3)CCC2)cc1Cl,6.8519
CS(=O)(=O)c1ccc(C2=C(c3ccc4c(c3)OCO4)CCC2)cc1,7.6789
NS(=O)(=O)c1ccc(C2=C(c3ccc(F)c(F)c3)CCC2)cc1,7.7423
CS(=O)(=O)c1ccc(-c2ccccc2-c2ccc(F)cc2)cc1,6.5850
COc1ccc(-c2cc(C(F)F)nn2-c2ccc(S(N)(=O)=O)cc2)cc1,7.8219
COc1ccc(C2=C(c3ccc(S(N)(=O)=O)cc3)CC3(CC3)C2)cc1F,8.6995
CS(=O)(=O)c1ccc(-c2cnc(Br)n2-c2ccc(F)cc2)cc1,7.3188
Cc1ccc(-c2c(Cl)ncn2-c2ccc(S(C)(=O)=O)cc2)cc1F,8.2218
COc1ccc(-c2nc(C(F)(F)F)cn2-c2ccc(S(N)(=O)=O)cc2)cc1F,7.5214
CS(=O)(=O)c1ccc(-n2cc(-c3ccccc3)nc2-c2ccc(Cl)cc2)cc1,6.6199
CS(=O)(=O)c1ccc(-n2cc(C(F)(F)F)nc2-c2cncc(Br)c2)cc1,6.0211
NS(=O)(=O)c1ccc(-n2cc(C(F)(F)F)nc2-c2cccnc2)cc1,6.3583
Cc1ncccc1-c1nc(C(F)(F)F)cn1-c1ccc(S(N)(=O)=O)cc1,5.5514
CN(C)c1ccc(-c2cc(F)c(F)cc2-c2ccc(S(C)(=O)=O)cc2)cc1Cl,8.0985
NS(=O)(=O)c1ccc(-n2ncc(Br)c2-c2ccc(Cl)cc2)cc1,7.5086
NS(=O)(=O)c1ccc(-n2nc(C(F)(F)F)cc2C2=CCCCC2)cc1,7.0779
COc1ccc(-c2c(Cl)ncn2-c2ccc(S(C)(=O)=O)cc2)cc1Cl,8.0969
CS(=O)(=O)c1ccc(-n2cc(C(F)(F)F)nc2-c2ccc(F)c(F)c2)cc1,6.9204
COc1ccc(-c2nc(C(F)(F)F)cn2-c2ccc(S(N)(=O)=O)cc2)cc1Cl,7.6995
CSCc1cn(-c2ccc(S(C)(=O)=O)cc2)c(-c2ccc(Cl)cc2)n1,6.4924
Cc1nc(-c2nc(C(F)(F)F)cn2-c2ccc(S(=O)(=O)N(C)C)cc2)co1,5.3800
CS(=O)(=O)c1ccc(C2=C(c3ccc(F)c(F)c3)CCC2)cc1,7.2912
CS(=O)(=O)c1ccc(-c2ccccc2-c2ccc(Cl)cc2)cc1,6.8500
COc1ccc(C2=C(c3ccc(S(C)(=O)=O)cc3)CC3(CC3)C2)cc1,8.3005
NS(=O)(=O)c1ccc(C2=C(c3ccc(Cl)c(Cl)c3)CC3(CC3)C2)cc1,9.0000
CS(=O)(=O)c1ccc(-n2cnc(Cl)c2-c2cccc(F)c2)cc1,7.1871
CCOc1ccc(-c2c(Cl)ncn2-c2ccc(S(C)(=O)=O)cc2)cc1F,7.6021
Cc1ccc(NNC(=O)c2ccccc2)cc1,6.4815
NS(=O)(=O)c1ccc(C2=C(c3ccc(Cl)cc3)CCC2)cc1,8.5214
CSc1ccc(-c2nc(C(F)(F)F)cn2-c2ccc(S(N)(=O)=O)cc2)cc1Cl,8.0000
COc1cc(-c2nc(C(F)(F)F)cn2-c2ccc(S(N)(=O)=O)cc2)ccc1Cl,7.6995
Cc1cn(-c2ccc(S(C)(=O)=O)cc2)c(-c2ccc(Cl)cc2)n1,6.6199
COCc1cn(-c2ccc(S(C)(=O)=O)cc2)c(-c2ccc(Cl)cc2)n1,5.4297
Cc1cccnc1-c1nc(C(F)(F)F)cn1-c1ccc(S(C)(=O)=O)cc1,5.2383
NS(=O)(=O)c1ccc(-c2ccccc2-c2ccc(F)c(Cl)c2)cc1,7.7701
Cc1cc(-c2cc(F)c(F)cc2-c2ccc(S(N)(=O)=O)cc2)ccc1F,8.6995
COc1ccc(-c2cc(F)c(F)cc2-c2ccc(S(N)(=O)=O)cc2)cc1C,8.3005
COc1ccc(-c2cc(C(F)(F)F)nn2-c2ccc(S(N)(=O)=O)cc2)cc1C,8.0315
CS(=O)(=O)c1ccc(-c2cnc(Cl)n2-c2ccc(F)cc2)cc1,7.8539
CS(=O)(=O)c1ccc(-n2cnc(Cl)c2-c2ccc(OC(F)(F)F)cc2)cc1,5.0000
c1ccc(-c2nn(-c3ccccc3)c3c2CCCC3)cc1,6.2441
Clc1ccc(-c2nn(-c3ccccc3)c3c2CCCCC3)cc1,6.8539
Clc1ccc(-c2nn(-c3ccc(Cl)cc3)c3c2CCCCC3)cc1,5.0000
Cc1ccccc1-c1nc(C(F)(F)F)cn1-c1ccc(S(N)(=O)=O)cc1,6.6995
Cc1ccnc(-c2nc(C(F)(F)F)cn2-c2ccc(S(N)(=O)=O)cc2)c1,6.3583
CS(=O)(=O)c1ccc(-n2cc(C(F)(F)F)nc2-c2nccc3ccccc23)cc1,5.7698
Nc1ccc(-c2cc(C(F)(F)F)nn2-c2ccc(S(N)(=O)=O)cc2)cc1,6.4685
NS(=O)(=O)c1ccc(-n2nc(CO)cc2-c2ccc(Cl)cc2)cc1,6.0809
COc1ccc(-c2cc(C(F)(F)F)nn2-c2ccc(Cl)cc2)cc1,6.1225
CS(=O)(=O)c1ccc(C2=C(c3ccc(F)cc3)CC3(CCCC3)C2)cc1,7.2076
Cc1cc(Cl)cc(-c2nc(C(F)(F)F)cn2-c2ccc(S(C)(=O)=O)cc2)c1,7.0985
Cc1csc(-c2nc(C(F)(F)F)cn2-c2ccc(S(N)(=O)=O)cc2)n1,6.9586
COc1c(Cl)cc(-c2cc(F)c(F)cc2-c2ccc(S(N)(=O)=O)cc2)cc1Cl,7.6789
NC(=O)c1nn(-c2ccc(S(N)(=O)=O)cc2)c(-c2ccc(Cl)cc2)c1Cl,5.9626
N#CCc1cc(-c2ccc(Cl)cc2)n(-c2ccc(S(N)(=O)=O)cc2)n1,6.9204
COc1ccc(-c2cc(C(F)(F)F)nn2-c2ccc(OC)cc2)cc1,6.1225
CS(=O)(=O)c1ccc(C2=C(c3ccc(Cl)c(Cl)c3)CC3(CC3)C2)cc1,8.5214
NS(=O)(=O)c1ccc(-n2cnc(Cl)c2-c2ccc(Cl)nc2)cc1,7.3768
CS(=O)(=O)c1ccc(-c2ccccc2-c2ccc(F)c(Cl)c2)cc1,6.4400
NS(=O)(=O)c1ccc(-n2cc(C(F)(F)F)nc2-c2cccc(Cl)c2)cc1,8.0985
COc1ccc(-c2nc(C(F)(F)F)cn2-c2ccc(S(C)(=O)=O)cc2)cc1F,6.8219
CS(=O)(=O)c1ccc(-n2cc(C(F)(F)F)nc2-c2cc3ccccc3cn2)cc1,5.9204
CS(=O)(=O)c1ccc(-c2cc(F)c(F)cc2-c2ccc3c(c2)OCO3)cc1,7.9205
Cc1ccc(-c2cc(F)c(F)cc2-c2ccc(S(C)(=O)=O)cc2)cc1C,7.6391
NS(=O)(=O)c1ccc(-n2nc(C(F)(F)F)cc2-c2ccc(F)cc2)cc1,7.3872
Cc1cccc(-c2cc(C(F)(F)F)nn2-c2ccc(S(N)(=O)=O)cc2)c1,6.9586
NS(=O)(=O)c1ccc(-n2nc(C(F)(F)F)cc2-c2ccc([N+](=O)[O-])cc2)cc1,5.5800
CS(=O)(=O)c1ccc(C2=C(c3ccc(F)cc3F)CC3(CC3)C2)cc1,7.6588
NS(=O)(=O)c1ccc(-c2c(-c3ccccc3)noc2CO)cc1,6.7447
COc1ccc(-c2c(Cl)ncn2-c2ccc(S(N)(=O)=O)cc2)cc1F,7.7407
COc1ccc(-c2c(Cl)ncn2-c2ccc(S(N)(=O)=O)cc2)cc1Cl,8.3010
c1ccc(-c2nn(-c3ccccc3)c3c2CCC3)cc1,5.2076
NS(=O)(=O)c1ccc(-n2cc(C(F)(F)F)nc2-c2ccc(Cl)cc2)cc1,8.0000
Cc1cc(F)cc(-c2nc(C(F)(F)F)cn2-c2ccc(S(N)(=O)=O)cc2)c1,7.5214
Cc1ccc(-c2cc(F)c(F)cc2-c2ccc(S(C)(=O)=O)cc2)cc1,8.1525
CCc1cc(-c2cc(C(F)(F)F)nn2-c2ccc(S(N)(=O)=O)cc2)ccc1OC,6.3665
NS(=O)(=O)c1ccc(-n2nc(C(F)(F)F)cc2-c2cc3ccccc3o2)cc1,6.0503
COc1ccc(-c2c(Cl)ncn2-c2ccc(S(C)(=O)=O)cc2)cc1F,7.0458
Cc1cc(-c2nc(C(F)(F)F)cn2-c2ccc(S(C)(=O)=O)cc2)ccc1Cl,7.0479
CN(C)c1cc(-c2nc(C(F)(F)F)cn2-c2ccc(S(C)(=O)=O)cc2)ccc1Cl,5.9815
Cc1cncc(-c2nc(C(F)(F)F)cn2-c2ccc(S(N)(=O)=O)cc2)c1,6.2912
CSc1ccc(C2=C(c3ccc(S(C)(=O)=O)cc3)CCC2)cc1,6.6578
NS(=O)(=O)c1ccc(C2=C(c3ccc(F)c(Cl)c3)CCC2)cc1,8.0000
Cc1cc(-c2cc(F)c(F)cc2-c2ccc(S(C)(=O)=O)cc2)ccc1Cl,8.2209
NS(=O)(=O)c1ccc(-c2cc(F)c(F)cc2-c2ccc3c(c2)OCO3)cc1,8.3990
COc1ccc(C2=C(c3ccc(S(C)(=O)=O)cc3)CC3(CC3)C2)cc1Cl,7.7698
CS(=O)(=O)c1ccc(-n2cnc(Cl)c2-c2ccc(F)cc2F)cc1,8.1549
COc1cc(-c2c(Cl)ncn2-c2ccc(S(C)(=O)=O)cc2)ccc1F,7.7959
CCOc1ccc(-c2c(Cl)ncn2-c2ccc(S(N)(=O)=O)cc2)cc1F,7.6990
Cc1cc(-c2nc(C(F)(F)F)cn2-c2ccc(S(C)(=O)=O)cc2)ccc1F,6.7698
NS(=O)(=O)c1ccc(-n2cc(C(F)(F)F)nc2-c2cncc(Br)c2)cc1,6.4693
CN(C)c1ccc(C2=C(c3ccc(S(C)(=O)=O)cc3)CCC2)cc1Cl,8.3005
CN(C)c1ccc(C2=C(c3ccc(S(N)(=O)=O)cc3)CCC2)cc1Cl,8.6995
Cc1ccc(-c2cc(F)c(F)cc2-c2ccc(S(C)(=O)=O)cc2)cc1Cl,7.8881
NS(=O)(=O)c1ccc(-c2cc(F)c(F)cc2-c2ccc(F)c(Cl)c2)cc1,8.6995
NS(=O)(=O)c1ccc(-c2cc(F)c(F)cc2-c2ccc3c(c2)OCCO3)cc1,7.4924
CCOc1ccc(-c2cc(C(F)(F)F)nn2-c2ccc(S(N)(=O)=O)cc2)cc1,6.1919
Cc1ccc(-c2cc(C(F)F)nn2-c2ccc(S(N)(=O)=O)cc2)cc1,7.8881
Cc1nn(-c2ccc(S(N)(=O)=O)cc2)c(-c2ccccc2)c1Cl,7.5528
COc1ccc(C2=C(c3ccc(S(N)(=O)=O)cc3)CC3(CC3)C2)cc1Cl,8.6995
CS(=O)(=O)c1ccc(C2=C(c3ccc(F)c(F)c3)CC3(CC3)C2)cc1,8.4808
CS(=O)(=O)c1ccc(C2=C(c3ccc(F)cc3)CC3(CCC3)C2)cc1,8.3979
CCSc1ccc(-c2c(Cl)ncn2-c2ccc(S(C)(=O)=O)cc2)cc1,7.2757
COc1c(Cl)cc(-c2c(Cl)ncn2-c2ccc(S(C)(=O)=O)cc2)cc1Cl,8.1549
Cc1ccc(-c2nc(C(F)(F)F)cn2-c2ccc(S(N)(=O)=O)cc2)cc1,7.3990
Cc1ccc(-c2nc(C(F)(F)F)cn2-c2ccc(S(C)(=O)=O)cc2)cc1Cl,7.5214
COc1ccc(-c2cc(F)c(F)cc2-c2ccc(S(C)(=O)=O)cc2)cc1C,7.8881
Cc1cc(-c2cc(F)c(F)cc2-c2ccc(S(N)(=O)=O)cc2)ccc1Cl,8.5214
Cc1ccccc1-c1cc(C(F)(F)F)nn1-c1ccc(S(N)(=O)=O)cc1,7.1612
COc1ccc(C2=CC3(C=C2c2ccc(S(C)(=O)=O)cc2)CC3)cc1Cl,7.5693
Cc1ccncc1-c1c(Cl)ncn1-c1ccc(S(C)(=O)=O)cc1,6.5467
Cc1ccc(-n2nc(-c3ccc(Cl)cc3)c3c2CCCCC3)cc1,6.1938
CS(=O)(=O)c1ccc(-n2cc(C(F)(F)F)nc2-c2cccc(Br)c2)cc1,7.0985
NS(=O)(=O)c1ccc(-n2cc(C(F)(F)F)nc2-c2cccs2)cc1,7.1525
COc1ccc(-c2ccccc2-c2ccc(S(N)(=O)=O)cc2)cc1F,7.4800
COc1c(F)cc(-c2cc(C(F)F)nn2-c2ccc(S(N)(=O)=O)cc2)cc1F,6.4580
CS(=O)(=O)c1ccc(-n2cnc(Cl)c2-c2ccccc2)cc1,6.9101
COc1ccc(-c2c(Cl)ncn2-c2ccc(S(C)(=O)=O)cc2)cc1,7.9586
CS(=O)(=O)c1ccc(-n2cnc(Cl)c2-c2cccc(Cl)c2Cl)cc1,8.2218
Cc1cc(-c2c(Cl)ncn2-c2ccc(S(C)(=O)=O)cc2)ccc1Cl,7.9586
CN(C)c1ccc(-c2c(Cl)ncn2-c2ccc(S(C)(=O)=O)cc2)cc1Cl,7.5686
NS(=O)(=O)c1ccc(-n2cnc(Cl)c2-c2ccc(F)cc2)cc1,7.7447
Cc1ccc(-c2c(Cl)ncn2-c2ccc(S(N)(=O)=O)cc2)cc1,8.5229
Cc1ccc(-c2ccc(S(C)(=O)=O)cc2)n1C1CCC(F)CC1,6.2800
NS(=O)(=O)c1ccc(-n2cc(C(F)(F)F)nc2-c2ccc(F)cc2)cc1,8.0000
NS(=O)(=O)c1ccc(-n2cc(C(F)F)nc2-c2cccnc2)cc1,5.7388
COc1ccc(C2=C(c3ccc(S(C)(=O)=O)cc3)CCC2)cc1F,6.9204
NS(=O)(=O)c1ccc(C2=C(c3ccc(Cl)c(Cl)c3)CCC2)cc1,8.6995
CS(=O)(=O)c1ccc(-c2cc3c(cc2-c2ccc(F)cc2)COC3)cc1,7.0800
NS(=O)(=O)c1ccc(-n2nc(C(F)(F)F)c(Cl)c2-c2ccc(Cl)cc2)cc1,8.2757
NS(=O)(=O)c1ccc(-n2ncc([N+](=O)[O-])c2-c2ccccc2)cc1,6.5388
COc1c(Cl)cc(C2=C(c3ccc(S(N)(=O)=O)cc3)CC3(CC3)C2)cc1Cl,8.3990
CS(=O)(=O)c1ccc(C2=CC3(C=C2c2ccc(F)cc2)CC3)cc1,7.5901
Cc1onc(-c2ccccc2)c1-c1ccc(S(N)(=O)=O)cc1,7.8490
CC(C)c1ccc(-c2c(Cl)ncn2-c2ccc(S(C)(=O)=O)cc2)cc1,7.4089
O=C(NNc1ccccc1)c1ccccc1,5.0000
CS(=O)(=O)c1ccc(-n2cc(C(F)(F)F)nc2-c2ccc(F)cc2)cc1,7.0000
COc1ccc(-c2nc(C(F)(F)F)cn2-c2ccc(S(C)(=O)=O)cc2)cc1,6.2421
CNc1cccc(-c2nc(C(F)(F)F)cn2-c2ccc(S(C)(=O)=O)cc2)c1,6.0381
NS(=O)(=O)c1ccc(-n2cc(C(F)(F)F)nc2-c2cccc(F)c2)cc1,7.5214
CS(=O)(=O)c1ccc(C2=C(c3ccc(Cl)cc3Cl)CCC2)cc1,7.2779
CS(=O)(=O)c1ccc(C2=C(c3ccc(Cl)c(Cl)c3)CCC2)cc1,8.0000
COc1c(Cl)cc(C2=C(c3ccc(S(C)(=O)=O)cc3)CCC2)cc1Cl,7.7698
COc1ccc(-c2ccccc2-c2ccc(S(N)(=O)=O)cc2)cc1Cl,7.7201
CNc1ccc(-c2cc(C(F)(F)F)nn2-c2ccc(S(N)(=O)=O)cc2)cc1Cl,7.5686
NS(=O)(=O)c1ccc(-n2nc(C(F)(F)F)cc2-c2csc3ccccc23)cc1,6.4580
CS(=O)(=O)c1ccc(-n2cnc(Cl)c2-c2ccc3c(c2)OCO3)cc1,8.2218
CCOc1ccc(-c2c(Cl)ncn2-c2ccc(S(N)(=O)=O)cc2)cc1Cl,8.1549
CC(O)CN1c2ccccc2Sc2ccccc21,5.3010
Cc1nc(C2CCCCC2)c(-c2ccc(S(C)(=O)=O)cc2)o1,7.1549
COc1cncc(-c2nc(C(F)(F)F)cn2-c2ccc(S(C)(=O)=O)cc2)c1,4.4248
CS(=O)(=O)c1ccc(-n2cc(C(F)F)nc2-c2cccnc2)cc1,4.6840
Cc1nc(-c2ccccc2)c(-c2ccc(S(C)(=O)=O)cc2)o1,7.0458
Cc1nc(-c2ccc(F)cc2)c(-c2ccc(S(N)(=O)=O)cc2)o1,7.6594
Cc1nc(C2CCCCC2)c(-c2ccc(S(N)(=O)=O)cc2)o1,7.1549
CC(C)(Oc1ccc(Cl)cc1)C(=O)NCCCN1c2ccccc2Sc2ccccc21,5.8861
Cc1nc(-c2ccc(Cl)s2)c(-c2ccc(S(C)(=O)=O)cc2)o1,7.5229
Cc1nc(C2CCCC2)c(-c2ccc(S(C)(=O)=O)cc2)o1,4.7447
Cc1nc(-c2ccc(S(C)(=O)=O)cc2)c(-c2ccc(Cl)s2)o1,5.9208
Cc1nc(-c2ccc(Cl)s2)c(-c2ccc(S(N)(=O)=O)cc2)o1,7.6990
CNS(=O)(=O)c1ccc(-c2oc(C)nc2C2CCCCC2)cc1,5.5086
Cc1ccccc1-c1nc(C(F)(F)F)cn1-c1ccc(S(C)(=O)=O)cc1,6.0996
CCc1nc(C2CCCCC2)c(-c2ccc(S(C)(=O)=O)cc2)o1,6.5686
CC(C)(COc1ccc(Br)cc1)C(=O)NCCCN1c2ccccc2Sc2ccccc21,4.6778
CC(S)CN1c2ccccc2Sc2ccccc21,5.3979
Cc1nc(-c2ccc(C)s2)c(-c2ccc(S(C)(=O)=O)cc2)o1,7.3979
CCc1ccc(-c2nc(C)oc2-c2ccc(S(C)(=O)=O)cc2)s1,6.8539
CCS(=O)(=O)c1ccc(-c2oc(C)nc2-c2ccc(F)cc2)cc1,4.4202
CS(=O)(=O)c1ccc(-n2cc(CO)nc2-c2cccnc2)cc1,3.0297
Cc1nc(-c2ccc(F)cc2)c(-c2ccc(S(C)(=O)=O)cc2)o1,7.1549
Cc1ccncc1-c1nc(C(F)(F)F)cn1-c1ccc(S(C)(=O)=O)cc1,4.2676
Cc1nc(C2CCCCCC2)c(-c2ccc(S(C)(=O)=O)cc2)o1,6.5528
Cc1nc(-c2nc(C(F)(F)F)cn2-c2ccc(S(C)(=O)=O)cc2)co1,5.3820
Cc1nc(-c2ccc(S(C)(=O)=O)cc2)c(-c2ccc(F)cc2)o1,5.6778
CS(=O)(=O)Nc1ccc([N+](=O)[O-])cc1Oc1ccccc1,5.8645
Cc1ccncc1-c1nc(C(F)(F)F)cn1-c1ccc(S(N)(=O)=O)cc1,4.2924
CS(=O)(=O)c1ccc(-n2cc(C#N)nc2-c2cccnc2)cc1,4.6126
Cc1cn(-c2ccc(S(C)(=O)=O)cc2)c(-c2cccnc2)n1,4.1024
CS(=O)(=O)c1ccc(-n2cc(C(F)(F)F)nc2-c2ccsc2)cc1,4.2924
CS(=O)(=O)c1ccc(-c2nc(-c3ccccc3)sc2-c2ccc(F)cc2)cc1,6.2676
CS(=O)(=O)c1ccc(-c2sc(C(F)(F)F)nc2-c2ccc(F)cc2)cc1,7.6383
CS(=O)(=O)c1ccc(-c2sc(-c3ccccc3Cl)nc2-c2ccc(F)cc2)cc1,7.3010
CS(=O)(=O)c1ccc(-c2sc(-c3ccccc3Cl)nc2-c2ccsc2)cc1,7.1024
CS(=O)(=O)c1ccc(-c2sc(-c3cccnc3)nc2-c2ccc(F)cc2)cc1,6.3665
CS(=O)(=O)c1ccc(-c2sc(-c3cccs3)nc2-c2ccc(F)cc2)cc1,7.6778
CS(=O)(=O)c1ccc(-c2sc(-c3ccccc3Cl)nc2-c2ccc(F)cc2F)cc1,7.6778
C[C@H](C(=O)O)c1cccc(C(=O)c2ccccc2)c1,7.1035
CCOC(=O)c1nc(-c2ccc(F)cc2)c(-c2ccc(S(C)(=O)=O)cc2)s1,6.2147
CS(=O)(=O)c1ccc(-c2sc(CCCc3ccccc3)nc2-c2ccc(F)cc2)cc1,6.2840
CS(=O)(=O)c1ccc(-c2nc(C(F)(F)F)sc2-c2ccc(F)cc2)cc1,8.2218
CS(=O)(=O)c1ccc(-c2sc(-c3ccccc3Cl)nc2-c2ccccc2F)cc1,8.0000
Cc1nc(-c2ccc(F)cc2)c(-c2ccc(S(C)(=O)=O)cc2)s1,6.7336
CS(=O)(=O)c1ccc(-c2sc(CCc3ccccc3)nc2-c2ccc(F)cc2)cc1,7.4949
CS(=O)(=O)c1ccc(-c2sc(-c3ccccc3Cl)nc2-c2cccs2)cc1,7.2441
CC(C(=O)O)c1cc(C(=O)c2ccccc2)ccc1O,6.5229
CS(=O)(=O)c1ccc(-c2sc(-c3ccc(Cl)cc3)nc2-c2ccc(F)cc2)cc1,7.3010
CS(=O)(=O)c1ccc(-c2sc(-c3ccncc3)nc2-c2ccc(F)cc2)cc1,5.7959
Cc1nc(-c2ccc(S(C)(=O)=O)cc2)c(-c2ccc(F)cc2)s1,6.7147
CS(=O)(=O)Nc1ccc([N+](=O)[O-])cc1OC1CCCCC1,6.5850
CS(=O)(=O)c1ccc(-c2sc(-c3ccccc3Cl)nc2-c2cccc(F)c2)cc1,7.7959
COc1ccc(C(=O)c2ccccc2)cc1C(C)C(=O)O,5.5528
CC(C)(C)c1nc(-c2ccc(F)cc2)c(-c2ccc(S(C)(=O)=O)cc2)s1,6.9586
CS(=O)(=O)c1ccc(-c2sc(CC#N)nc2-c2ccc(F)cc2)cc1,6.4559
CS(=O)(=O)c1ccc(-c2sc(-c3ccccc3Cl)nc2-c2ccccc2)cc1,8.0000
CCc1nc(-c2ccc(F)cc2)c(-c2ccc(S(C)(=O)=O)cc2)s1,7.6383
CS(=O)(=O)c1ccc(-c2sc(CCCc3ccc(Br)cc3)nc2-c2ccc(F)cc2)cc1,8.1549
CS(=O)(=O)c1ccc(-c2sc(Cc3ccccc3)nc2-c2ccc(F)cc2)cc1,7.7447
COc1ccc(-c2nc(-c3ccc(F)cc3)c(-c3ccc(S(C)(=O)=O)cc3)s2)cc1,6.5686
NS(=O)(=O)c1ccc(-n2nc(C(F)(F)F)c3c2-c2cc(F)c(F)cc2CS3)cc1,8.2218
CS(=O)(=O)c1ccc(-c2cnn(CC3CC3)c(=O)c2-c2ccccc2)cc1,6.5205
N#Cc1nn(-c2ccc(S(N)(=O)=O)cc2)c2c1SCc1cc(F)ccc1-2,6.8539
CS(=O)(=O)c1ccc(-c2cnn(CCC3CC3)c(=O)c2-c2ccc(F)cc2)cc1,6.1183
CC1(Cn2ncc(-c3ccc(S(C)(=O)=O)cc3)c(-c3ccc(F)cc3)c2=O)CC1,6.4269
CC(C)S(=O)(=O)c1c(O)n(Cc2ccc(F)c(F)c2)c(=O)c2ccc(Cl)cc12,7.0000
CS(=O)(=O)c1ccc(-c2cnn(Cc3ccccc3)c(=O)c2Oc2ccc(Cl)cn2)cc1,6.3154
CS(=O)(=O)c1ccc(-c2cnn(Cc3ccccc3)c(=O)c2Sc2ccccc2)cc1,5.8305
Cc1ccccc1Cn1ncc(-c2ccc(S(C)(=O)=O)cc2)c(-c2ccccc2)c1=O,6.4559
CC1(C)CC1Cn1ncc(-c2ccc(S(C)(=O)=O)cc2)c(-c2ccc(F)cc2)c1=O,6.8389
NS(=O)(=O)c1ccc(-n2nc(C(F)(F)F)c3c2-c2ccccc2CS3)cc1,7.6990
CS(=O)(=O)c1ccc(-c2cnn(Cc3cccs3)c(=O)c2-c2ccc(F)cc2)cc1,7.3010
CS(=O)(=O)c1ccc(-c2cnn(Cc3ccccc3)c(=O)c2OCC2CC2)cc1,7.4833
CC(C)S(=O)(=O)c1c(O)n(Cc2ccc(F)c(F)c2)c(=O)c2ccccc12,6.6990
CS(=O)(=O)c1ccc(-c2cnn(Cc3nccs3)c(=O)c2-c2ccc(F)cc2)cc1,5.7255
C[C@H]1C[C@@H]1Cn1ncc(-c2ccc(S(C)(=O)=O)cc2)c(-c2ccc(F)cc2)c1=O,6.8724
COc1cc2c(cc1F)-c1c(c(C(F)(F)F)nn1-c1ccc(S(N)(=O)=O)cc1)[S+]([O-])C2,5.8239
CC(C)S(=O)(=O)c1c(O)n(Cc2ccc(F)cc2)c(=O)c2ccccc12,7.0458
Cc1cc2c(cc1F)-c1c(c(C(F)(F)F)nn1-c1ccc(S(N)(=O)=O)cc1)SC2,7.7959
CC(C)S(=O)(=O)c1c(O)n(Cc2ccccc2)c(=O)c2ccc(Cl)cc12,7.2218
NS(=O)(=O)c1ccc(-n2nc(C(F)(F)F)c3c2-c2ccccc2SC3)cc1,6.3372
COc1cc2c(cc1F)-c1c(c(C(F)(F)F)nn1-c1ccc(S(N)(=O)=O)cc1)SC2,8.0458
CC(C)=CCn1ncc(-c2ccc(S(C)(=O)=O)cc2)c(-c2ccc(F)cc2)c1=O,6.7614
CS(=O)(=O)c1ccc(-c2cnn(Cc3ccccc3)c(=O)c2Oc2ccc(F)cc2)cc1,7.3724
CS(=O)(=O)c1ccc(-c2cnn(CC3CC3)c(=O)c2-c2ccc(F)cc2)cc1,6.2343
CC(C1CC1)n1ncc(-c2ccc(S(C)(=O)=O)cc2)c(-c2ccc(F)cc2)c1=O,6.4269
CS(=O)(=O)c1ccc(-c2cnn(CC(F)(F)F)c(=O)c2-c2ccccc2)cc1,5.6298
Cc1ccc(-c2c(-c3ccc(S(C)(=O)=O)cc3)cnn(Cc3ccccc3)c2=O)cc1,7.0775
C[C@@H]1C[C@H]1Cn1ncc(-c2ccc(S(C)(=O)=O)cc2)c(-c2ccc(F)cc2)c1=O,6.4957
COc1ccc2c(c1)CSc1c(C(F)(F)F)nn(-c3ccc(S(N)(=O)=O)cc3)c1-2,7.8861
NS(=O)(=O)c1ccc(-n2nc(C(F)(F)F)c3c2-c2ccccc2CC3)cc1,5.9586
NS(=O)(=O)c1ccc(-n2nc(C(F)(F)F)c3c2-c2ccc(F)cc2CS3)cc1,7.3979
Cc1cnc(NC(=O)C2=C(O)c3ccccc3S(=O)(=O)N2C)s1,6.3098
O=c1c2ccccc2c(S(=O)(=O)c2ccccc2)c(O)n1Cc1ccccc1,6.8539
NS(=O)(=O)c1ccc(-n2nc(C(F)(F)F)c3c2-c2ccccc2OC3)cc1,5.8761
Cc1ccc2c(c1)CSc1c(C(F)(F)F)nn(-c3ccc(S(N)(=O)=O)cc3)c1-2,7.6576
CS(=O)(=O)c1ccc(-c2cnn(CC3CCCCC3)c(=O)c2-c2ccc(F)cc2)cc1,6.8926
CS(=O)(=O)c1ccc(-c2cnn(C3CC3)c(=O)c2-c2ccc(F)cc2)cc1,6.9586
NS(=O)(=O)c1ccc(-n2nc(C(F)(F)F)c3c2-c2cc(F)ccc2CS3)cc1,7.6778
COc1cc2c(cc1F)-c1c(c(C(F)(F)F)nn1-c1ccc(S(C)(=O)=O)cc1)SC2,7.1249
CS(=O)(=O)c1ccc(-c2cnn(Cc3cccnc3)c(=O)c2-c2ccccc2)cc1,5.5174
Cn1ncc(-c2ccc(S(C)(=O)=O)cc2)c(-c2ccccc2)c1=O,5.6003
C[C@H]1C(Cn2ncc(-c3ccc(S(C)(=O)=O)cc3)c(-c3ccc(F)cc3)c2=O)[C@@H]1C,6.7280
Cc1ccc(-c2c(-c3ccc(S(C)(=O)=O)cc3)cnn(Cc3ccccc3)c2=O)cn1,5.9397
CC(C)Oc1c(-c2ccc(S(C)(=O)=O)cc2)cnn(Cc2ccccc2)c1=O,6.7343
CS(=O)(=O)c1ccc(-c2cnn(-c3ccccc3)c(=O)c2-c2ccccc2)cc1,6.2124
COc1cc2c(cc1F)-c1c(c(C(F)F)nn1-c1ccc(S(N)(=O)=O)cc1)SC2,7.4949
CS(=O)(=O)c1ccc(-c2cnn(Cc3ccccc3)c(=O)c2-c2ccccc2)cc1,6.7843
C[C@H]1C[C@H]1Cn1ncc(-c2ccc(S(C)(=O)=O)cc2)c(-c2ccc(F)cc2)c1=O,6.4604
CC(C)S(=O)(=O)c1c(O)n(Cc2ccccc2)c(=O)c2ccccc12,6.5376
Cc1ccc(Sc2cc3c(cc2NS(C)(=O)=O)CCC3=O)nc1,6.0969
CSc1csc(Sc2cc3c(cc2NS(C)(=O)=O)COC3=O)n1,5.7481
CS(=O)(=O)c1ccc(-c2cc3c(cc2Cc2ccccc2)OCO3)cc1,5.0000
CS(=O)(=O)Nc1cc2c(cc1Sc1ccc(F)cc1F)C(=O)CC2,7.5879
CS(=O)(=O)c1ccc(-c2cc3c(cc2C(=O)c2cccc(F)c2)OCO3)cc1,6.0000
Cc1csc(Sc2cc3c(cc2NS(C)(=O)=O)COC3=O)n1,6.2638
CCc1ccc(Sc2cc3c(cc2NS(C)(=O)=O)CCC3=O)cc1,7.0000
CS(=O)(=O)Nc1cc2c(cc1Nc1ccc(F)cc1F)C(=O)CC2,6.0000
CS(=O)(=O)Nc1cc2c(cc1Sc1nccs1)C(=O)CC2,6.4949
CCc1csc(Sc2cc3c(cc2NS(C)(=O)=O)COC3=O)n1,6.9430
CCc1csc(Sc2cc3c(cc2NS(C)(=O)=O)CCC3=O)n1,6.9313
CSc1ccc(Oc2cc3c(cc2NS(C)(=O)=O)CCC3=O)cc1,7.0000
COc1ccc(Sc2cc3c(cc2NS(C)(=O)=O)CCC3=O)cc1,7.0000
CS(=O)(=O)Nc1cc2c(cc1Sc1ccccc1F)C(=O)CC2,7.0000
CS(=O)(=O)Nc1cc2c(cc1Sc1ccccn1)C(=O)CC2,6.3010
COc1ccc(-c2c(-c3ccc(S(C)(=O)=O)cc3)oc3ccccc23)cc1F,7.0315
Cc1ccc(Sc2cc3c(cc2NS(C)(=O)=O)CCC3=O)cc1,7.3010
CS(=O)(=O)c1ccc(C2=C(c3ccc(F)cc3)c3ccccc3C2)cc1,7.9586
CS(=O)(=O)Nc1cc2c(cc1Sc1ccc(Br)cc1)C(=O)CC2,8.0000
COc1ccc(-c2c(-c3ccc(S(N)(=O)=O)cc3)oc3ccccc23)cc1F,8.3010
COc1ccc(-c2c(-c3ccc(S(N)(=O)=O)cc3)oc3ccccc23)cc1Cl,7.6990
Cc1csc(Sc2cc3c(cc2NS(C)(=O)=O)CCC3=O)n1,6.9715
CS(=O)(=O)Nc1cc2c(cc1Sc1c(F)cccc1F)C(=O)CC2,7.0000
NS(=O)(=O)c1ccc(-c2cc3c(cc2Cc2ccccc2)OCO3)cc1,7.3010
Cc1nc(Sc2cc3c(cc2NS(C)(=O)=O)CCC3=O)sc1C,5.7696
Cc1ccccc1Sc1cc2c(cc1NS(C)(=O)=O)CCC2=O,7.0000
CS(=O)(=O)c1ccc(-c2oc3ccccc3c2-c2ccc(F)cc2)cc1,7.6990
C=Cc1csc(Sc2cc3c(cc2NS(C)(=O)=O)COC3=O)n1,6.6813
NS(=O)(=O)c1ccc(-c2oc3ccccc3c2-c2ccc(F)cc2)cc1,8.1549
CS(=O)(=O)Nc1cc2c(cc1Sc1cccs1)C(=O)CC2,6.0000
CS(=O)(=O)Nc1cc2c(cc1Sc1ncc(Cl)cc1Cl)C(=O)CC2,6.6823
CS(=O)(=O)c1ccc(-c2cc3c(cc2C=C2CCCCC2)OCO3)cc1,7.1549
COc1ccc(-c2c(-c3ccc(S(C)(=O)=O)cc3)oc3ccccc23)cc1Cl,7.0000
CS(=O)(=O)c1ccc(-c2cc3c(cc2C=C2CCCCCC2)OCO3)cc1,6.6990
CS(=O)(=O)Nc1cc2c(cc1Sc1ncccc1Cl)C(=O)CC2,6.4708
CS(=O)(=O)Nc1cc2c(cc1Sc1nccs1)C(=O)OC2,6.8917
CS(=O)(=O)Nc1cc2c(cc1Sc1ccncc1)C(=O)CC2,6.0000
CS(=O)(=O)Nc1cc2c(cc1OC1CCCCC1)C(=O)CC2,7.3010
O=C1CCc2cc(NS(=O)(=O)C(F)(F)F)c(Sc3ccc(F)cc3F)cc21,7.3979
CS(=O)(=O)Nc1cc2c(cc1Oc1ccc(F)cc1F)C(=O)CC2,7.6778
Cc1cnc(Sc2cc3c(cc2NS(C)(=O)=O)CCC3=O)s1,5.9422
CS(=O)(=O)Nc1cc2c(cc1Sc1ccc(Cl)cc1Cl)C(=O)CC2,8.0000
NS(=O)(=O)c1ccc(C2=C(c3ccc(F)cc3)c3ccccc3C2)cc1,8.3010
CS(=O)(=O)Nc1cc2c(cc1Sc1ccc(F)cc1)C(=O)CC2,6.0000
CS(=O)(=O)Nc1cc2c(cc1SC1CCCCC1)C(=O)CC2,7.3010
CS(=O)(=O)c1ccc(-c2ccsc2-c2ccccc2)cc1,5.3979
C#CCCCC(=O)c1cc(C(C)(C)C)c(O)c(C(C)(C)C)c1,7.0000
C#CCCCC(=O)c1cc(C(C)(C)C)c2c(c1)C(C)(C)CO2,7.8239
COc1ccc(-c2sccc2-c2ccc(S(C)(=O)=O)cc2)cc1,5.3010
CSc1ccc(-c2cscc2-c2ccc(SC)cc2)cc1,3.9957
CS(=O)(=O)c1ccc(-c2ccccc2-c2ccccc2)cc1,4.9586
Cc1cc(-c2ccc(S(C)(=O)=O)cc2)c(-c2ccc(F)cc2)s1,5.0000
CC1(C)COc2ccc(C(=O)CCCC3CC3)cc21,5.0969
CS(=O)(=O)c1ccc(-c2cscc2-c2ccccc2)cc1,5.3979
CCCCC(=O)c1cc(C(C)(C)C)c2c(c1)C(C)(C)CCN2C,6.5229
CS(=O)(=O)c1ccc(-c2cc(N)sc2-c2ccc(F)cc2)cc1.Cl,5.5229
CSc1ccc(-c2cscc2-c2ccc(S(C)(=O)=O)cc2)cc1,5.2218
CCCC(=O)c1cc(C(C)(C)C)c2c(c1)C(C)(C)CS2,6.8239
CC1(C)COc2c(C3CCCC3)cc(C(=O)CCCC3CC3)cc21,4.6990
CS(=O)(=O)c1ccc(-c2cc(S(C)(=O)=O)sc2-c2ccc(F)cc2)cc1,3.6990
CCCCC(=O)c1cc(C(C)(C)C)c2c(c1)C(C)(C)CO2,7.3979
CC(C)(C)c1cc(C(=O)CCCC2CC2)cc2c1OCC2,4.8239
CS(=O)(=O)c1ccc(-c2cc(Sc3ccccc3)sc2-c2ccc(F)cc2)cc1,4.1805
Cc1ccc(-c2sccc2-c2ccc(S(C)(=O)=O)cc2)cc1,4.8861
CS(=O)(=O)c1ccc(-c2cscc2-c2ccc(F)cc2)cc1,6.3279
CS(=O)(=O)c1ccc(-c2ccsc2-c2ccc(F)cc2)cc1,6.6021
CC(C)(C)c1cc(C(=O)CCCC2CC2)cc2c1OCC2(C)C,6.6576
COc1ccc(-c2cscc2-c2ccc(S(C)(=O)=O)cc2)cc1,6.3010
CS(=O)(=O)c1ccc(-c2c(-c3ccccc3)sc3c2CCCC3)cc1,4.7212
CC(C)(C)c1cc(C(=O)CCCC2CC2)cc2c1OCCC2(C)C,5.5229
CCCC(=O)c1cc(C(C)(C)C)c2c(c1)C(C)(C)CO2,7.0223
CCOC(=O)CCc1cc(-c2ccc(S(C)(=O)=O)cc2)c(-c2ccc(F)cc2)s1,3.8861
CS(=O)(=O)c1ccc(-c2cc([N+](=O)[O-])sc2-c2ccc(F)cc2)cc1,4.8539
CCCCC(=O)c1cc(C(C)(C)C)c2c(c1)C(C)(C)CCS2,6.3979
Cc1ccc(-c2cscc2-c2ccc(S(C)(=O)=O)cc2)cc1,5.3979
CS(=O)(=O)c1ccc(-c2cc(CC#N)sc2-c2ccc(F)cc2)cc1,4.3098
CS(=O)(=O)c1ccc(-c2ccsc2-c2ccc(O)cc2)cc1,4.0655
CCC1(C)COc2ccc(C(=O)CCCC3CC3)cc21,5.3010
CC(C)Cc1ccc(C(C)C(=O)O)cc1,5.4291
Cc1oc(=O)n(-c2ccc(F)cc2)c1-c1ccc(S(N)(=O)=O)cc1,6.2922
CCc1ccc(-n2c(-c3ccc(S(C)(=O)=O)cc3)coc2=O)cc1,6.1611
CS(=O)(=O)c1ccc(-c2coc(=O)n2-c2ccc(F)cc2F)cc1,5.8698
NS(=O)(=O)c1ccc(-c2coc(=O)n2-c2cccc(Cl)c2)cc1,5.8240
Cc1ccc(-n2c(-c3ccc(S(C)(=O)=O)cc3)coc2=O)cc1,6.3189
Cc1ccc(-n2c(-c3ccc(S(N)(=O)=O)cc3)coc2=O)cc1,6.1022
NS(=O)(=O)c1ccc(-c2coc(=O)n2C2CCCCC2)cc1,4.7238
Cc1oc(=O)n(-c2ccc(Cl)c(Cl)c2)c1-c1ccc(S(N)(=O)=O)cc1,6.6381
NS(=O)(=O)c1ccc(-c2coc(=O)n2-c2ccc(F)cc2F)cc1,5.6381
Cc1ccccc1-n1c(-c2ccc(S(N)(=O)=O)cc2)coc1=O,5.0131
CCc1ccc(-n2c(-c3ccc(S(N)(=O)=O)cc3)coc2=O)cc1,5.8069
NS(=O)(=O)c1ccc(-c2coc(=O)n2-c2ccc(C(F)(F)F)cc2)cc1,5.6990
COc1ccc(-n2c(-c3ccc(S(N)(=O)=O)cc3)coc2=O)cc1F,5.9470
CS(=O)(=O)c1ccc(-c2coc(=O)n2-c2ccc(Cl)cc2)cc1,6.4949
CS(=O)(=O)c1ccc(-c2coc(=O)n2-c2ccccc2F)cc1,6.1802
NS(=O)(=O)c1ccc(-c2coc(=O)n2-c2ccc(F)cc2)cc1,5.8239
NS(=O)(=O)c1ccc(-c2coc(=O)n2-c2ccccc2)cc1,5.6199
Cc1ccc(-n2c(-c3ccc(S(N)(=O)=O)cc3)c(C)oc2=O)cc1,5.7698
CS(=O)(=O)c1ccc(-c2coc(=O)n2-c2ccccc2)cc1,5.7959
Cc1cccc(-n2c(-c3ccc(S(N)(=O)=O)cc3)c(C)oc2=O)c1,6.0318
NS(=O)(=O)c1ccc(-c2coc(=O)n2-c2ccc(Cl)cc2)cc1,5.9209
NS(=O)(=O)c1ccc(-c2coc(=O)n2-c2ccccc2F)cc1,5.6578
CS(=O)(=O)c1ccc(-c2coc(=O)n2-c2ccc(C(F)(F)F)cc2)cc1,5.6990
Cc1oc(=O)n(-c2ccccc2)c1-c1ccc(S(N)(=O)=O)cc1,5.7449
COc1ccc(-n2c(-c3ccc(S(N)(=O)=O)cc3)coc2=O)cc1Cl,6.1080
Cc1cccc(-n2c(-c3ccc(S(N)(=O)=O)cc3)coc2=O)c1,6.2922
NS(=O)(=O)c1ccc(-c2coc(=O)n2-c2ccc(Cl)c(Cl)c2)cc1,6.3980
CS(=O)(=O)c1ccc(-c2coc(=O)n2-c2ccc(F)cc2)cc1,6.2922
COc1ccc(-n2c(-c3ccc(S(N)(=O)=O)cc3)coc2=O)cc1,6.6779
NS(=O)(=O)c1ccc(-c2coc(=O)n2-c2ccccc2Cl)cc1,5.1870
NS(=O)(=O)c1ccc(-c2coc(=O)n2-c2cccc3ccccc23)cc1,5.3280
NS(=O)(=O)c1ccc(-n2nc(C(F)(F)F)cc2-c2ccccc2Cl)cc1CO,5.2007
CSc1ccc(-c2cc(C(F)(F)F)nn2-c2ccc(S(N)(=O)=O)c(CO)c2)cc1,6.6289
NS(=O)(=O)c1ccc(-c2ccsc2-c2ccc(F)cc2)cc1,7.5229
NS(=O)(=O)c1ccc(-n2nc(C(F)(F)F)cc2-c2cccc(Cl)c2)cc1CO,5.7100
CNS(=O)(=O)c1ccc(-c2ccsc2-c2ccc(F)cc2)cc1,5.1427
CSC1=NC(=O)/C(=C/c2cc(C(C)(C)C)c(O)c(C(C)(C)C)c2)S1,5.7447
C=CCONC1=NC(=O)/C(=C/c2cc(C(C)(C)C)c(O)c(C(C)(C)C)c2)O1,4.5850
CC(=O)NS(=O)(=O)c1ccc(-c2ccsc2-c2ccc(F)cc2)cc1,5.2676
CC(C)(O)c1cc(-c2ccc(S(N)(=O)=O)cc2)c(-c2ccc(F)cc2)s1,6.3872
CC(=O)NCc1cc(-n2nc(C(F)(F)F)cc2-c2ccc(C)cc2)ccc1S(N)(=O)=O,5.1643
NS(=O)(=O)c1ccc(-n2nc(C(F)(F)F)cc2-c2ccc(Cl)cc2)cc1CO,6.1475
Cc1cccc(-c2cc(C(F)(F)F)nn2-c2ccc(S(N)(=O)=O)c(CO)c2)c1,6.1379
C[Se](=O)(=O)c1ccc(-c2ccsc2-c2ccc(F)cc2)cc1,6.2596
CCSc1ccc(-c2cc(C(F)(F)F)nn2-c2ccc(S(N)(=O)=O)c(CO)c2)cc1,4.2907
CCC1(CC)CC(c2ccc(F)cc2)=C(c2ccc(S(C)(=O)=O)cc2)C1,4.1871
CC(=O)NCc1cc(-n2nc(C(F)(F)F)cc2-c2ccc(Cl)cc2)ccc1S(N)(=O)=O,5.3010
CS(=O)(=O)c1ccc(-c2sc(Br)cc2-c2ccc(F)cc2)cc1,7.6990
CC(C)c1cc(-c2ccc(S(N)(=O)=O)cc2)c(-c2ccc(F)cc2)s1,8.0000
CC(C)(C)c1cc(/C=C2\OC(N=C(N)N)=NC2=O)cc(C(C)(C)C)c1O,5.2924
CC(C)(C)c1cc(/C=C2\NC(=S)NC2=O)cc(C(C)(C)C)c1O,6.5850
CC(C)(C)c1cc(/C=C2\OC(=O)NC2=O)cc(C(C)(C)C)c1O,4.4685
CCC(=O)OCc1cc(-n2nc(C(F)(F)F)cc2-c2ccc(C)cc2)ccc1S(N)(=O)=O,6.2441
CCONC1=NC(=O)/C(=C/c2cc(C(C)(C)C)c(O)c(C(C)(C)C)c2)S1,5.4949
C=CCONC1=NC(=O)/C(=C/c2cc(C(C)(C)C)c(O)c(C(C)(C)C)c2)S1,5.5686
CC(C)(C)c1cc(/C=C2\SC(NC#N)=NC2=O)cc(C(C)(C)C)c1O,4.2596
COc1ccc(-c2cc(C(F)(F)F)nn2-c2ccc(S(N)(=O)=O)c(CNC(C)=O)c2)cc1,5.5528
CCc1ccc(-c2cc(C(F)(F)F)nn2-c2ccc(S(N)(=O)=O)c(CO)c2)cc1,5.8601
COC(=O)c1cc(-c2ccc(S(N)(=O)=O)cc2)c(-c2ccc(F)cc2)s1,7.1549
CONC1=NC(=O)/C(=C/c2cc(C(C)C)c(O)c(C(C)C)c2)S1,6.2441
CC(C)c1cc(/C=C2\SC(N=C(N)N)=NC2=O)cc(C(C)C)c1O,5.7447
COc1ccc(-c2cc(C(F)(F)F)nn2-c2ccc(S(N)(=O)=O)c(CO)c2)cc1,6.4377
Cc1ccc(C2=C(c3ccc(S(C)(=O)=O)cc3)CCC2)cc1,8.5229
CC(C)(C)c1cc(/C=C2\SC(=O)NC2=O)cc(C(C)(C)C)c1O,5.3279
CS(=O)(=O)c1ccc(C2=C(c3ccc(Cl)cc3)CCC2)cc1,8.5229
COc1ccccc1-c1cc(C(F)(F)F)nn1-c1ccc(S(N)(=O)=O)c(CO)c1,4.5436
CC(C)(C)c1cc(/C=C2\SC(NO)=NC2=O)cc(C(C)(C)C)c1O,5.8239
CCONC1=NC(=O)/C(=C/c2cc(C(C)(C)C)c(O)c(C(C)(C)C)c2)O1,4.1024
NS(=O)(=O)c1ccc(-n2nc(C(F)(F)F)cc2-c2cccc(F)c2)cc1CO,5.1518
CC(C)(O)c1cc(-c2ccc(F)cc2)c(-c2ccc(S(N)(=O)=O)cc2)s1,5.7959
CC(=O)[N-]S(=O)(=O)c1ccc(-c2c(-c3ccccc3)noc2C)cc1.[Na+],4.6990
CS(=O)(=O)c1ccc(-c2sccc2-c2ccc(F)cc2)cc1,5.3665
CS(=O)(=O)c1ccc(C2=C(c3ccccc3)CCC2)cc1,5.6478
C/C(=C1/SC(N=C(N)N)=NC1=O)c1cc(C(C)(C)C)c(O)c(C(C)(C)C)c1,4.9208
CC(C)(C)c1cc(/C=C2\SC(=S)NC2=O)cc(C(C)(C)C)c1O,5.8239
Cc1ccc(-c2cc(C(F)(F)F)nn2-c2ccc(S(N)(=O)=O)c(CO)c2)cc1,6.1192
CCOc1ccc(-c2cc(C(F)(F)F)nn2-c2ccc(S(N)(=O)=O)c(CO)c2)cc1,6.0453
NS(=O)(=O)c1ccc(-n2nc(C(F)(F)F)cc2-c2ccccc2F)cc1CO,5.4815
CS(=O)(=O)c1ccc(C2=C(c3ccc(C#N)cc3)CCC2)cc1,4.1085
NS(=O)(=O)c1ccc(-n2nc(C(F)(F)F)cc2-c2ccccc2)cc1CO,5.4622
NS(=O)(=O)c1ccc(-n2nc(C(F)(F)F)cc2-c2ccc(Br)cc2)cc1CO,6.2277
NS(=O)(=O)c1ccc(-c2sccc2-c2ccc(F)cc2)cc1,6.1739
CONC1=NC(=O)/C(=C/c2cc(C(C)(C)C)c(O)c(C(C)(C)C)c2)S1,5.7696
CC(C)(C)c1cc(/C=C2\SC(N=C(N)N)=NC2=O)cc(C(C)(C)C)c1O,4.6778
COc1ccc(-c2cc(C(F)(F)F)nn2-c2ccc(S(C)(=O)=O)c(CO)c2)cc1,5.4949
NS(=O)(=O)c1ccc(-n2nc(C(F)(F)F)cc2-c2ccc(F)cc2)cc1CO,5.7011
CON(C)C1=NC(=O)/C(=C/c2cc(C(C)(C)C)c(O)c(C(C)(C)C)c2)S1,4.7447
CN1C(NC(=N)N)=NC(=O)/C1=C/c1cc(C(C)(C)C)c(O)c(C(C)(C)C)c1,4.0915
Cc1cc(=O)c(-c2ccc(C(F)(F)F)cc2)c(-c2ccc(S(C)(=O)=O)cc2)o1,5.1599
Cc1cc(=O)c(Oc2ccccc2)c(-c2ccc(S(C)(=O)=O)cc2)o1,6.0000
Cc1cc(=O)c(Oc2ccc(OC(F)(F)F)cc2)c(-c2ccc(S(C)(=O)=O)cc2)o1,5.7263
COCc1cccc(-c2nc(C(F)(F)F)cn2-c2ccc(S(C)(=O)=O)cc2)c1,4.1669
COc1ccc(Oc2c(-c3ccc(S(C)(=O)=O)cc3)oc(C)cc2=O)c(Cl)c1,6.7447
Cc1cc(=O)c(-c2ccc(Cl)cc2F)c(-c2ccc(S(C)(=O)=O)cc2)o1,5.6882
Cc1ccc(Oc2c(-c3ccc(S(C)(=O)=O)cc3)oc(C)cc2=O)cc1,6.6778
CS(=O)(=O)c1ccc(C2=C(c3ccccc3)C(=O)OC2O)cc1,5.0605
CSc1ccc(-c2nc(C(F)(F)F)cn2-c2ccc(S(C)(=O)=O)cc2)cc1Cl,7.3979
Cc1cc(=O)c(Oc2ccc(Cl)cc2)c(-c2ccc(S(C)(=O)=O)cc2)o1,6.4948
Cc1cc(=O)c(Oc2ccc(C(F)(F)F)cc2)c(-c2ccc(S(C)(=O)=O)cc2)o1,5.6109
Cc1ccc(Oc2c(-c3ccc(S(C)(=O)=O)cc3)oc(C)cc2=O)c(Cl)c1,6.6198
Cc1cc(=O)c(Oc2ccc(C(=O)O)cc2)c(-c2ccc(S(C)(=O)=O)cc2)o1,5.0000
Cc1cc(=O)c(Oc2ccc(Br)cc2F)c(-c2ccc(S(C)(=O)=O)cc2)o1,6.8239
Cc1ccc(Oc2c(-c3ccc(S(C)(=O)=O)cc3)oc(C)cc2=O)c(F)c1,7.2218
Cc1cc(=O)c(-c2ccc(Cl)c(Cl)c2)c(-c2ccc(S(C)(=O)=O)cc2)o1,6.1672
Cc1cc(=O)c(Oc2ccc(N)cc2)c(-c2ccc(S(C)(=O)=O)cc2)o1,5.8297
Cc1ccc(-c2ncc(Cl)cc2-c2ccc(S(C)(=O)=O)cc2)cn1,6.2518
Cc1cc(=O)c(-c2ccc(S(C)(=O)=O)cc2)c(-c2ccc(F)cc2)o1,5.0101
CS(=O)(=O)c1ccc(-c2nc(C(F)(F)F)cn2-c2ccc(F)cc2)cc1,5.2328
Cc1cc(=O)c(Oc2ccc(Cl)cc2F)c(-c2ccc(S(C)(=O)=O)cc2)o1,6.6990
Cc1cc(=O)c(-c2ccccc2)c(-c2ccc(S(C)(=O)=O)cc2)o1,5.7351
Cc1cc(=O)c(-c2ccccc2F)c(-c2ccc(S(C)(=O)=O)cc2)o1,5.8153
Cc1cc(=O)c(Oc2ccc([N+](=O)[O-])cc2)c(-c2ccc(S(C)(=O)=O)cc2)o1,5.3990
Cc1cc(=O)c(-c2ccc3ccccc3c2)c(-c2ccc(S(C)(=O)=O)cc2)o1,5.5867
Cc1cccc(Oc2c(-c3ccc(S(C)(=O)=O)cc3)oc(C)cc2=O)c1,5.8697
CS(=O)(=O)c1ccc(C2=C(c3ccc(O)cc3)C(=O)OC2)cc1,5.3188
Cc1cc(=O)c(-c2ccc(Cl)cc2)c(-c2ccc(S(C)(=O)=O)cc2)o1,5.6678
Cc1cc(=O)c(Cc2ccccc2)c(-c2ccc(S(C)(=O)=O)cc2)o1,5.1938
Cc1cc(=O)c(Oc2ccc(Cl)cc2C)c(-c2ccc(S(C)(=O)=O)cc2)o1,6.7211
Cc1cc(=O)c(-c2ccc(Br)cc2)c(-c2ccc(S(C)(=O)=O)cc2)o1,5.7619
Cc1cc(=O)c(Oc2ccc(F)cc2F)c(-c2ccc(S(C)(=O)=O)cc2)o1,7.0969
Cc1cc(=O)c(Oc2ccc(Cl)c(Cl)c2)c(-c2ccc(S(C)(=O)=O)cc2)o1,5.4711
Cc1cc(=O)c(Oc2ccc(Br)cc2)c(-c2ccc(S(C)(=O)=O)cc2)o1,6.4438
Cc1cc(=O)c(-c2cccc(F)c2)c(-c2ccc(S(C)(=O)=O)cc2)o1,5.4724
Cc1cc(=O)c(C2CCCCC2)c(-c2ccc(S(C)(=O)=O)cc2)o1,5.8327
Cc1cc(=O)c(Oc2ccccc2C)c(-c2ccc(S(C)(=O)=O)cc2)o1,6.7695
COc1cc(C)c(-c2nc(C(F)(F)F)cn2-c2ccc(S(C)(=O)=O)cc2)cc1C,4.9136
Cc1cc(=O)c(Oc2ccc(F)cc2C)c(-c2ccc(S(C)(=O)=O)cc2)o1,6.7447
CS(=O)(=O)c1ccc(-n2cc(COc3ccc(Cl)cc3)nc2-c2ccc(Cl)cc2)cc1,7.5229
CS(=O)(=O)c1ccc(-n2cc(CSc3ccc(Cl)cc3)nc2-c2ccc(Cl)cc2)cc1,7.3010
Cc1cc(=O)c(Oc2ccc(F)c(F)c2)c(-c2ccc(S(C)(=O)=O)cc2)o1,5.3536
Cc1cc(=O)c(C(C)C)c(-c2ccc(S(C)(=O)=O)cc2)o1,5.1838
Cc1cc(=O)c(Oc2ccc(F)cc2)c(-c2ccc(S(C)(=O)=O)cc2)o1,6.0088
Cc1cc(=O)c(Oc2ccc(Br)cc2Cl)c(-c2ccc(S(C)(=O)=O)cc2)o1,6.5086
CNc1ccc(-c2nc(C(F)(F)F)cn2-c2ccc(S(C)(=O)=O)cc2)cc1,5.8327
Cc1cc(=O)c(Oc2ccc(I)cc2)c(-c2ccc(S(C)(=O)=O)cc2)o1,6.3872
Cc1cc(=O)c(-c2ccc(F)cc2)c(-c2ccc(S(C)(=O)=O)cc2)o1,5.9708
Cc1ccc(-c2c(-c3ccc(S(C)(=O)=O)cc3)oc(C)cc2=O)cc1,5.6613
Cc1cc(=O)c(-c2ccc(F)cc2F)c(-c2ccc(S(C)(=O)=O)cc2)o1,5.9508
Cc1cc(=O)c(-c2ccccc2)c(-c2ccc(S(N)(=O)=O)cc2)o1,5.1618
CS(=O)(=O)c1ccc(C2=C(c3ccccc3)C(=O)N(c3ccccc3F)C2)cc1,6.0458
C[C@]1(O)CCC[C@H]1Oc1ncc(C(F)(F)F)cc1-c1ccc(S(C)(=O)=O)cc1,5.8539
C[C@H](CO)Sc1ncc(C(F)(F)F)cc1-c1ccc(S(C)(=O)=O)cc1,6.8539
CS(=O)(=O)c1ccc(C2=C(c3ccccc3)C(=O)N(c3ccccc3)C2)cc1,6.5528
CS(=O)(=O)c1ccc(-c2cnsc2-c2ccc(F)cc2)cc1,5.6778
CS(=O)(=O)c1ccc(-c2csc(Br)c2-c2ccc(F)cc2)cc1,7.3099
CS(=O)(=O)c1ccc(C2=C(c3ccccc3)C(=O)N(c3ccc(F)cc3)C2)cc1,6.4559
COc1ccc(C2=C(c3ccc(S(C)(=O)=O)cc3)CN(c3ccccc3)C2=O)cc1,6.4685
COc1ccc(C2=C(c3ccc(S(C)(=O)=O)cc3)CN(c3ccccc3Cl)C2=O)cc1,6.6576
CS(=O)(=O)c1ccc(C2=C(c3ccc(F)cc3)C(=O)N(c3ccccc3F)C2)cc1,6.4949
CS(=O)(=O)c1ccc(C2=C(c3ccccc3)C(=O)N(c3ccc(C(F)(F)F)cc3)C2)cc1,6.0088
Cc1ccc(N2CC(c3ccc(S(C)(=O)=O)cc3)=C(c3ccc(F)cc3)C2=O)cc1,5.9788
CS(=O)(=O)c1ccc(-c2cc(C(F)(F)F)cnc2N2CCCC(CO)C2)cc1,6.0969
CC(C)(O)COc1ncc(C(F)(F)F)cc1-c1ccc(S(C)(=O)=O)cc1,6.0000
CS(=O)(=O)c1ccc(-c2cc(C(F)(F)F)cnc2OC(C(F)(F)F)C(F)(F)F)cc1,6.3010
CS(=O)(=O)c1ccc(C2=C(c3ccc(F)cc3)C(=O)N(c3ccc(C(F)(F)F)cc3)C2)cc1,6.0223
CS(=O)(=O)c1ccc(-c2sncc2-c2ccc(F)cc2)cc1,5.1691
CS(=O)(=O)c1ccc(C2=C(c3ccccc3)C(=O)N(c3cccc(Cl)c3)C2)cc1,6.0000
CS(=O)(=O)c1ccc(C2=C(c3ccc(F)c(F)c3)C(=O)N(c3ccccc3)C2)cc1,6.0000
CS(=O)(=O)c1ccc(-c2cc(C(F)(F)F)cnc2OCC(F)(F)F)cc1,6.3010
COc1ccc(C2=C(c3ccc(S(C)(=O)=O)cc3)CN(c3cccc(F)c3)C2=O)cc1,6.5528
C[C@H](Oc1ncc(C(F)(F)F)cc1-c1ccc(S(C)(=O)=O)cc1)C(C)(C)O,6.3372
COc1ccccc1N1CC(c2ccc(S(C)(=O)=O)cc2)=C(c2ccc(F)cc2)C1=O,5.9788
CC(C)(O)c1scc(-c2ccc(S(C)(=O)=O)cc2)c1-c1ccc(F)cc1,5.2291
CS(=O)(=O)c1ccc(-c2cc(C(F)(F)F)nn2-c2ccc(F)cc2)cc1,5.9208
CS(=O)(=O)c1ccc(C2=C(c3ccc(F)cc3)C3CCC2C3)cc1,4.5229
CCC(O)(CC)[C@H](C)Oc1ncc(C(F)(F)F)cc1-c1ccc(S(C)(=O)=O)cc1,5.3279
COc1ccc(C2=C(c3ccc(S(C)(=O)=O)cc3)CN(c3ccc(F)cc3)C2=O)cc1,6.5229
CS(=O)(=O)c1ccc(-c2cc(C(F)(F)F)cnc2OCC2(O)CCCC2)cc1,5.8539
CC(C)(O)CSc1ncc(C(F)(F)F)cc1-c1ccc(S(C)(=O)=O)cc1,6.1549
Cc1ccc(N2CC(c3ccc(S(C)(=O)=O)cc3)=C(c3ccccc3)C2=O)cc1,6.0000
CS(=O)(=O)c1ccc(-c2snnc2-c2ccc(F)cc2)cc1,5.1871
CS(=O)(=O)c1ccc(C2=C(c3ccc(F)cc3)C(=O)N(c3ccccc3)C2)cc1,6.5086
COc1ccc(N2CC(c3ccc(S(C)(=O)=O)cc3)=C(c3ccc(F)cc3)C2=O)cc1,5.9208
CCCCCOC(=O)Cc1c(C)n(C(=O)c2ccc(Cl)cc2)c2ccc(OC)cc12,7.3010
CCOc1cccc(NC(=O)Cc2c(C)n(C(=O)c3ccc(Cl)cc3)c3ccc(OC)cc23)c1,6.1871
COc1ccc2c(c1)c(CC(=O)OCCN1CCOCC1)c(C)n2C(=O)c1ccc(Cl)cc1,6.1675
COC(=O)[C@H](C)NC(=O)Cc1c(C)n(C(=O)c2ccc(Cl)cc2)c2ccc(OC)cc12,6.7212
COc1ccc2c(c1)c(CC(=O)N[C@@H](C)c1ccc(C)cc1)c(C)n2C(=O)c1ccc(Cl)cc1,6.6990
COc1ccc2c(c1)c(CC(=O)Nc1cccnc1)c(C)n2C(=O)c1ccc(Cl)cc1,7.2840
CCCCCCCCOC(=O)Cc1c(C)n(C(=O)c2ccc(Cl)cc2)c2ccc(OC)cc12,7.0458
COc1ccc2c(c1)c(CC(=O)Nc1ccc(NC(C)=O)cc1)c(C)n2C(=O)c1ccc(Cl)cc1,6.9208
NS(=O)(=O)c1ccc(C2=C(c3cc(F)c(F)c(F)c3)CCC2)cc1,5.5376
CCCCCCCOC(=O)Cc1c(C)n(C(=O)c2ccc(Cl)cc2)c2ccc(OC)cc12,7.3979
CCCCCCOC(=O)Cc1c(C)n(C(=O)c2ccc(Cl)cc2)c2ccc(OC)cc12,7.2218
COc1ccc2c(c1)c(CC(=O)NCCO)c(C)n2C(=O)c1ccc(Cl)cc1,6.6990
COc1ccc2c(c1)c(CC(=O)NCc1ccc(C)cc1)c(C)n2C(=O)c1ccc(Cl)cc1,7.2218
CCn1nccc1NC(=O)Cc1c(C)n(C(=O)c2ccc(Cl)cc2)c2ccc(OC)cc12,6.1549
COc1ccc2c(c1)c(CC(=O)O)c(C)n2Cc1ccc(Br)cc1,5.6021
COc1ccc2c(c1)c(CC(=O)OC1CCCCC1)c(C)n2C(=O)c1ccc(Cl)cc1,6.9208
CCCC/C=C/COC(=O)Cc1c(C)n(C(=O)c2ccc(Cl)cc2)c2ccc(OC)cc12,7.3010
CCCCCCCCNC(=O)Cc1c(C)n(C(=O)c2ccc(Cl)cc2)c2ccc(OC)cc12,7.3979
COc1ccc2c(c1)c(CC(=O)Nc1ccc(SC)cc1)c(C)n2C(=O)c1ccc(Cl)cc1,6.9208
COc1ccc2c(c1)c(CC(=O)Nc1cncc(Cl)c1)c(C)n2C(=O)c1ccc(Cl)cc1,7.3279
COc1ccc2c(c1)c(CC(=O)Nc1ccc(Cl)cc1)c(C)n2C(=O)c1ccc(Cl)cc1,7.2596
CCN(CC)C(=O)Cc1c(C)n(C(=O)c2ccc(Cl)cc2)c2ccc(OC)cc12,4.6021
CCC#CCC(C)OC(=O)Cc1c(C)n(C(=O)c2ccc(Cl)cc2)c2ccc(OC)cc12,6.9208
COc1ccc2c(c1)c(CC(=O)OCCNC(=O)OC(C)(C)C)c(C)n2C(=O)c1ccc(Cl)cc1,7.3468
COc1ccc2c(c1)c(CC(=O)Nc1cnccn1)c(C)n2C(=O)c1ccc(Cl)cc1,5.3979
COc1ccc2c(c1)c(CC(=O)OC(C)C)c(C)n2C(=O)c1ccc(Cl)cc1,6.6021
COc1ccc2c(c1)c(CC(=O)Nc1cccnc1Cl)c(C)n2C(=O)c1ccc(Cl)cc1,7.3010
COc1ccc(OC(=O)Cc2c(C)n(C(=O)c3ccc(Cl)cc3)c3ccc(OC)cc23)cc1,7.3979
COc1ccc2c(c1)c(CC(=O)Nc1ccc(C(N)=O)cc1)c(C)n2C(=O)c1ccc(Cl)cc1,6.8539
COc1ccc2c(c1)c(CC(=O)NOCc1ccc([N+](=O)[O-])cc1)c(C)n2C(=O)c1ccc(Cl)cc1,7.2218
CNC(=O)Cc1c(C)n(C(=O)c2ccc(Cl)cc2)c2ccc(OC)cc12,6.1549
COC(=O)Cc1ccc(NC(=O)Cc2c(C)n(C(=O)c3ccc(Cl)cc3)c3ccc(OC)cc23)cc1,7.2366
COc1ccc2c(c1)c(CC(=O)Nc1cc(C)c(C(=O)Nc3ccccc3)cc1OC)c(C)n2C(=O)c1ccc(Cl)cc1,6.2218
COc1ccc2c(c1)c(CC(=O)NCCOC(=O)/C=C/c1ccc(N(C)C)cc1)c(C)n2C(=O)c1ccc(Cl)cc1,6.7212
COc1ccc2c(c1)c(CC(=O)Nc1ncc(C)s1)c(C)n2C(=O)c1ccc(Cl)cc1,5.3979
COc1ccc2c(c1)c(CC(=O)NCCCCl)c(C)n2C(=O)c1ccc(Cl)cc1,7.3010
COC(=O)CNC(=O)Cc1c(C)n(C(=O)c2ccc(Cl)cc2)c2ccc(OC)cc12,5.3979
COc1ccc2c(c1)c(CC(=O)NCc1ccccc1C)c(C)n2C(=O)c1ccc(Cl)cc1,6.8239
COc1ccc2c(c1)c(CC(=O)Oc1ccc(NC(C)=O)cc1)c(C)n2C(=O)c1ccc(Cl)cc1,7.3010
COc1ccc2c(c1)c(CC(=O)NOCc1ccccc1)c(C)n2C(=O)c1ccc(Cl)cc1,7.3010
COc1ccc2c(c1)c(CC(=O)Nc1ccc(-c3ccccc3)cc1)c(C)n2C(=O)c1ccc(Cl)cc1,6.3010
COc1ccc2c(c1)c(CC(=O)Oc1ccc(SC)cc1)c(C)n2C(=O)c1ccc(Cl)cc1,6.5229
COc1ccc(NC(=O)Cc2c(C)n(C(=O)c3ccc(Cl)cc3)c3ccc(OC)cc23)cc1,7.2518
CCOC(=O)Cc1c(C)n(C(=O)c2ccc(Cl)cc2)c2ccc(OC)cc12,7.0000
COc1ccc2c(c1)c(CC(=O)N[C@H](C)c1ccc(C)cc1)c(C)n2C(=O)c1ccc(Cl)cc1,7.2218
COc1ccc2c(c1)c(CC(=O)Nc1ccc(F)cc1)c(C)n2C(=O)c1ccc(Cl)cc1,7.2218
CCCCC#CCOC(=O)Cc1c(C)n(C(=O)c2ccc(Cl)cc2)c2ccc(OC)cc12,6.6021
COc1ccc2c(c1)c(CC(=O)Oc1ccccc1)c(C)n2C(=O)c1ccc(Cl)cc1,6.3979
COc1ccc2c(c1)c(CC(=O)Oc1cccc3ccccc13)c(C)n2C(=O)c1ccc(Cl)cc1,5.3010
COc1ccc2c(c1)c(CC(=O)Oc1cccnc1)c(C)n2C(=O)c1ccc(Cl)cc1,7.3010
CCCCCCCCCNC(=O)Cc1c(C)n(C(=O)c2ccc(Cl)cc2)c2ccc(OC)cc12,7.3979
COc1ccc2c(c1)c(CC(=O)NNCc1ccccc1)c(C)n2C(=O)c1ccc(Cl)cc1,5.6021
COc1ccc2c(c1)c(CC(=O)Oc1ccccc1SC)c(C)n2C(=O)c1ccc(Cl)cc1,7.2218
COc1ccc2c(c1)c(CC(=O)N(C)C)c(C)n2C(=O)c1ccc(Cl)cc1,4.7447
COc1ccc2c(c1)c(CC(=O)NCCc1ccccc1)c(C)n2C(=O)c1ccc(Cl)cc1,7.2218
COc1ccc2c(c1)c(CC(N)=O)c(C)n2C(=O)c1ccc(Cl)cc1,6.1549
COc1ccc2c(c1)c(CC(=O)NCc1ccc(C(C)=O)cc1)c(C)n2C(=O)c1ccc(Cl)cc1,7.0969
COc1ccc2c(c1)c(CC(=O)Nc1cccc(SC)c1)c(C)n2C(=O)c1ccc(Cl)cc1,6.6576
CCCCOC(=O)Cc1c(C)n(C(=O)c2ccc(Cl)cc2)c2ccc(OC)cc12,7.3010
COc1ccc2c(c1)c(CC(=O)OCCc1ccccc1)c(C)n2C(=O)c1ccc(Cl)cc1,7.3495
COc1ccc2c(c1)c(CC(=O)OCCC1CCCCC1)c(C)n2C(=O)c1ccc(Cl)cc1,6.0000
CCCCOCCOC(=O)Cc1c(C)n(C(=O)c2ccc(Cl)cc2)c2ccc(OC)cc12,7.2218
COc1ccc2c(c1)c(CC(=O)Oc1ccc(F)cc1)c(C)n2C(=O)c1ccc(Cl)cc1,7.1249
COC(=O)[C@@H](C)NC(=O)Cc1c(C)n(C(=O)c2ccc(Cl)cc2)c2ccc(OC)cc12,6.3979
COC(=O)Cc1c(C)n(C(=O)c2ccc(Cl)cc2)c2ccc(OC)cc12,6.6021
CCCOC(=O)Cc1c(C)n(C(=O)c2ccc(Cl)cc2)c2ccc(OC)cc12,7.0000
COc1ccc2cc([C@H](C)C(=O)O)ccc2c1,4.9066
CS(=O)(=O)c1ccc(-c2[nH]c(Cl)c(Cl)c2-c2ccc(F)cc2)cc1,4.1612
CN1CC(c2ccc(F)cc2)=C(c2ccccc2)O1,5.2692
CS(=O)(=O)c1ccc(-c2[nH]c(Br)cc2-c2ccc(F)cc2)cc1,4.3979
CS(=O)(=O)c1ccc(-c2[nH]c(I)cc2-c2ccc(F)cc2)cc1,4.0348
CN1CC(c2ccccc2)=C(c2ccc(F)cc2)O1,5.3045
CC1C(c2ccc(F)cc2)=C(c2ccc(S(C)(=O)=O)cc2)ON1C,7.5003
CS(=O)(=O)c1ccc(-c2[nH]c([N+](=O)[O-])cc2-c2ccc(F)cc2)cc1,4.2007
CCCCC1C(=O)N(c2ccccc2)N(c2ccccc2)C1=O,3.5467
CS(=O)(=O)c1ccc(-c2[nH]ccc2-c2ccc(F)cc2)cc1,4.8972
CS(=O)(=O)c1ccc(-c2[nH]c(Cl)cc2-c2ccc(F)cc2)cc1,4.3768
CS(=O)(=O)c1ccc(-c2[nH]c(SC#N)cc2-c2ccc(F)cc2)cc1,4.1427
CN1CC(c2ccc(S(C)(=O)=O)cc2)=C(c2ccccc2)O1,5.2692
CS(=O)(=O)c1ccc(-c2noc(C(F)(F)F)c2-c2ccccc2)cc1,6.0000
CSc1cc(-c2ccc(F)cc2)c(-c2ccc(S(C)(=O)=O)cc2)[nH]1,4.4622
CS(=O)(=O)c1ccc(-c2[nH]c(C#N)cc2-c2ccc(F)cc2)cc1,4.1911
CS(=O)(=O)c1ccc(-n2nc(CO)cc2-c2ccccc2)cc1,5.0000
CS(=O)(=O)c1ccc(-c2[nH]c(S(C)(=O)=O)cc2-c2ccc(F)cc2)cc1,4.0348
CS(=O)(=O)c1ccc(-c2[nH]c(Cl)c(Br)c2-c2ccc(F)cc2)cc1,4.0555
COC1(c2cc(F)cc(OCc3cc(-c4ccccc4)n(-c4ccc(S(C)(=O)=O)cc4)n3)c2)CCOCC1,7.3010
Cn1c(Br)cc(-c2ccc(F)cc2)c1-c1ccc(S(C)(=O)=O)cc1,4.4498
Cn1ccc(-c2ccc(F)cc2)c1-c1ccc(S(C)(=O)=O)cc1,4.6990
CN1C(C(=O)Nc2ccccn2)=C(O)c2ccccc2S1(=O)=O,3.9880
CS(=O)(=O)c1ccc(-c2[nH]c(C(=O)C(F)(F)F)cc2-c2ccc(F)cc2)cc1,3.5255
Cn1c(Cl)c(Cl)c(-c2ccc(F)cc2)c1-c1ccc(S(C)(=O)=O)cc1,4.6021
CC(=O)n1c(Br)cc(-c2ccc(F)cc2)c1-c1ccc(S(C)(=O)=O)cc1,3.5229
Cn1c(Br)c(Br)c(-c2ccc(F)cc2)c1-c1ccc(S(C)(=O)=O)cc1,4.2544
CC1C(c2ccccc2)=C(c2ccc(S(C)(=O)=O)cc2)ON1C,8.3768
CC[C@]1(C)OC(=O)C(OC(C)C)=C1c1ccc(S(C)(=O)=O)cc1,6.3979
CC(C)OC1=C(c2ccc(S(C)(=O)=O)cc2)C(C)(CC(F)(F)F)OC1=O,5.8861
NS(=O)(=O)c1ccc(-c2cscc2-c2ccc(F)cc2)cc1,8.0969
COc1ccc(-c2cscc2-c2ccc(S(N)(=O)=O)cc2)cc1F,8.0458
CC(C)OC1=C(c2ccc(S(C)(=O)=O)cc2)C(C)(C)OC1=O,6.5229
COc1ccc(-c2cscc2-c2ccc(S(C)(=O)=O)cc2)cc1F,7.5229
CS(=O)(=O)c1ccc(-c2c(Br)sc(Br)c2-c2ccc(F)cc2)cc1,6.1549
CC[C@@]1(C)OC(=O)C(OC(C)C)=C1c1ccc(S(C)(=O)=O)cc1,6.3010
COc1ccc2c(c1)c(Cc1nc(-c3ccc([N+](=O)[O-])cc3)cs1)c(C)n2C(=O)c1ccc(Cl)cc1,7.9208
COc1ccc2c(c1)c(Cc1nc(-c3ccc([N+](=O)[O-])cc3)cs1)c(C)n2C(=O)c1ccc(Br)cc1,8.1549
COc1ccc2c(c1)c(Cc1nc(-c3ccc(Br)cc3)cs1)c(C)n2C(=O)c1ccc(Cl)cc1,9.5229
COc1ccc2c(c1)c(Cc1nc(-c3ccc4ccccc4c3)cs1)c(C)n2C(=O)c1ccc(Cl)cc1,8.1549
CCCCCCCCCCCCCCCc1cccc(O)c1CSc1nc2cc(OC)ccc2[nH]1,6.0000
COc1ccc2c(c1)c(Cc1csc(N)n1)c(C)n2C(=O)c1ccc(Cl)cc1,6.4089
CCCCCCCCCCCCCCCc1cccc(OC)c1CSc1nc2cc(C)ccc2[nH]1,5.5800
COc1ccc2c(c1)c(Cc1nc(-c3ccc(Cl)cc3)cs1)c(C)n2C(=O)c1ccc(Br)cc1,8.1549
CCCCCCCCCCCCCCCc1cccc(OC)c1CSc1nc2ccccc2o1,5.5575
COc1ccc2c(c1)c(Cc1nc(-c3cccc(Br)c3)cs1)c(C)n2C(=O)c1ccc(Cl)cc1,8.0969
COc1ccc2c(c1)c(Cc1nc(-c3csc4ccccc34)cs1)c(C)n2C(=O)c1ccc(Cl)cc1,9.0000
COc1ccc2c(c1)c(Cc1nc(-c3ccc(Cl)cc3)cs1)c(C)n2C(=O)c1ccc(Cl)cc1,7.8539
CCCCCCCCCCCCCCCc1cccc(OC)c1CSc1nc2ccccc2s1,5.9747
COc1ccc2c(c1)c(Cc1nc(-c3ccc(C(=O)O)cc3)cs1)c(C)n2C(=O)c1ccc(Cl)cc1,6.9208
CS(=O)(=O)c1ccc(C2=C(c3ccc(C(F)(F)F)cc3)CC3(CC3)C2)cc1,8.6990
COc1ccc2c(c1)c(Cc1nc(-c3ccc(F)cc3)cs1)c(C)n2C(=O)c1ccc(Cl)cc1,7.9208
NS(=O)(=O)c1ccc(C2=C(c3ccc(C(F)(F)F)cc3)CC3(CC3)C2)cc1,9.0000
CCCCCCCCCCCCCCCc1cccc(OC)c1CSc1nc2cc([N+](=O)[O-])ccc2[nH]1,5.6440
CCCCCCCCCCCCCCCc1cccc(OCC)c1CSc1nc2cc(OC)ccc2[nH]1,5.2041
CCCCCCCCCCCCCCCc1cccc(OCC)c1CSc1nc2cc([N+](=O)[O-])ccc2[nH]1,3.4157
COc1ccc2c(c1)c(Cc1nc(-c3ccc(Br)cc3)cs1)c(C)n2C(=O)c1ccc(Br)cc1,7.5229
CCCCCCCCCCCCCCCc1cccc(OCC)c1CSc1nc2ccccc2[nH]1,5.8327
CCc1cc(/C=C/S(N)(=O)=O)cc(C(=O)c2ccccc2)c1,5.8099
COc1ccc(-c2ccccc2-c2ccc(S(C)(=O)=O)cc2)cc1Cl,4.9431
CSc1ccc(-c2cc(C(F)(F)F)nn2-c2ccc(S(N)(=O)=O)cc2)cc1,8.0458
CCc1ccc(-c2cc(C(F)(F)F)nn2-c2ccc(S(N)(=O)=O)cc2)cc1,6.0655
NS(=O)(=O)c1ccc(-n2nc(C(F)(F)F)cc2-c2ccc(CO)cc2)cc1,4.0301
CS(=O)(=O)c1ccc(-c2cc3c(cc2-c2ccc(F)cc2)OCO3)cc1,7.0809
CN(C)c1ccccc1-c1cc(C(F)(F)F)nn1-c1ccc(S(N)(=O)=O)cc1,4.8447
Cc1ccc(-c2cc(F)c(F)cc2-c2ccc(S(N)(=O)=O)cc2)nc1,6.4815
Cc1ccc(-c2cc(F)c(F)cc2-c2ccc(S(C)(=O)=O)cc2)cn1,6.7696
NS(=O)(=O)c1ccc(-n2nc(C(F)(F)F)c(F)c2-c2ccccc2)cc1,8.7696
Cc1cc(-c2ccccc2)n(-c2ccc(S(N)(=O)=O)cc2)n1,4.2020
NS(=O)(=O)/C=C/c1cc(CO)cc(C(=O)c2ccccc2)c1,5.0132
CCN(CC)Cc1cc(/C=C/S(N)(=O)=O)cc(C(=O)c2ccccc2)c1,5.1487
NS(=O)(=O)c1ccc(-n2nc(C(F)(F)F)cc2-c2cccc(F)c2)cc1,5.1118
N#Cc1nn(-c2ccc(S(N)(=O)=O)cc2)c(-c2ccc(Cl)cc2)c1Cl,8.0000
CC(C(=O)O)c1cc(/C=C/S(C)(=O)=O)cc(C(=O)c2ccccc2)c1,5.0132
Cc1ccc(/C=C/S(N)(=O)=O)cc1C(=O)c1ccccc1,4.7212
NS(=O)(=O)c1ccc(-n2nc(C(F)(F)F)cc2-c2ccc(C(F)(F)F)cc2)cc1,5.0846
CSc1ccc(-c2cc(C(F)(F)F)nn2-c2ccc(S(N)(=O)=O)cc2)cc1C,8.4318
NS(=O)(=O)c1ccc(-n2nc(C(F)(F)F)c(O)c2-c2ccccc2)cc1,5.4461
NS(=O)(=O)/C=C/c1ccc(C(=O)c2ccccc2)cc1CO,5.0757
CCOC(=O)/C=C/c1cc(CC)cc(C(=O)c2ccccc2)c1,5.3010
Cc1ccc(-c2cc(F)c(F)cc2-c2ccc(S(N)(=O)=O)cc2)cn1,7.2924
CCc1cc(/C=C/C(N)=O)cc(C(=O)c2ccccc2)c1,5.7447
CCc1ccc(/C=C/S(N)(=O)=O)cc1C(=O)c1ccccc1,6.1135
NS(=O)(=O)c1ccc(-n2ncc(F)c2-c2ccccc2)cc1,5.3316
CCc1cc(C(=O)c2ccccc2)ccc1/C=C/S(N)(=O)=O,5.2518
CS(=O)(=O)c1cnn(-c2ccc(S(N)(=O)=O)cc2)c1-c1ccc(Cl)cc1,4.7033
Nc1cnn(-c2ccc(S(N)(=O)=O)cc2)c1-c1ccccc1,4.5272
CC(C)=Cc1cc(/C=C/S(N)(=O)=O)cc(C(=O)c2ccccc2)c1,6.0088
CC(=O)c1cc(/C=C/S(N)(=O)=O)cc(C(=O)c2ccccc2)c1,4.6990
N#Cc1cc(/C=C/S(N)(=O)=O)cc(C(=O)c2ccccc2)c1,5.2518
CC(C(=O)O)c1cccc(C(=O)c2ccccc2)c1,6.7852
Cc1ccc(-c2cc(F)c(F)cc2-c2ccc(S(C)(=O)=O)cc2)nc1,4.2815
Cc1cnn(-c2ccc(S(N)(=O)=O)cc2)c1-c1ccccc1,4.3270
CN(C)c1ccc(-c2cc(C(F)(F)F)nn2-c2ccc(S(N)(=O)=O)cc2)cc1F,8.2441
CCc1cc(/C=C/C(=O)O)cc(C(=O)c2ccccc2)c1,5.5850
CC(C)(C)c1cc(-c2nnc(S)o2)cc(C(C)(C)C)c1O,4.3279
CCCSc1nnc(-c2cc(C(C)(C)C)c(O)c(C(C)(C)C)c2)s1,4.0000
CC(C)(C)c1cc(-c2nnc(SCCN)s2)cc(C(C)(C)C)c1O,4.3872
CSc1nnc(-c2cc(C(C)(C)C)c(O)c(C(C)(C)C)c2)o1,5.3872
COc1nc(-c2cc(C(C)(C)C)c(O)c(C(C)(C)C)c2)ns1,4.0000
CS(=O)(=O)c1ccc(-c2sc3nc(C(F)(F)F)nn3c2-c2ccccc2)cc1,8.5229
CC(C)c1nc2sc(-c3ccc(S(C)(=O)=O)cc3)c(-c3ccccc3)n2n1,4.9593
CSc1nnc(-c2cc(C(C)(C)C)c(O)c(C(C)(C)C)c2)s1,6.8239
CC(C)(C)c1cc(-c2nnc(N=C(N)N)o2)cc(C(C)(C)C)c1O,4.6383
CCSc1nnc(-c2cc(C(C)(C)C)c(O)c(C(C)(C)C)c2)o1,5.1871
CSc1nnc(-c2nc(C(C)(C)C)c(O)c(C(C)(C)C)n2)s1,5.8539
CC(C)(C)c1cc(-c2nsc(NC#N)n2)cc(C(C)(C)C)c1O,7.3279
CS(=O)(=O)c1ccc(-c2sc3ncnn3c2-c2ccc(F)c(F)c2)cc1,4.3194
COc1c(C(C)(C)C)cc(-c2nnc(S)s2)cc1C(C)(C)C,5.8239
C=Cc1nc2sc(-c3ccc(S(C)(=O)=O)cc3)c(-c3ccccc3)n2n1,5.3872
CC(C)(C)c1cc(-c2nnc(N=C(N)N)s2)cc(C(C)(C)C)c1O,4.7696
COc1cccc(-c2c(-c3ccc(S(C)(=O)=O)cc3)sc3ncnn23)c1,3.5875
CCSc1nnc(-c2cc(C(C)(C)C)c(O)c(C(C)(C)C)c2)s1,6.8539
CS(=O)(=O)c1ccc(-c2c(-c3ccccc3)sc3nncn23)cc1,3.6391
CS(=O)(=O)c1ccc(-c2sc3ncnn3c2-c2ccccc2)cc1,5.6383
CC(C)(C)c1cc(-c2nnc(N)s2)cc(C(C)(C)C)c1O,5.4559
CC(C)(C)c1cc(-c2nnc(NC#N)o2)cc(C(C)(C)C)c1O,4.9586
CS(=O)(=O)c1ccc(-c2sc3ncnn3c2-c2ccc(F)cc2)cc1,4.4418
CNc1nnc(-c2cc(C(C)(C)C)c(O)c(C(C)(C)C)c2)s1,5.0177
COc1c(C(C)(C)C)cc(-c2nnc(SC)s2)cc1C(C)(C)C,6.4685
CC(C)(C)c1cc(-c2noc(NC#N)n2)cc(C(C)(C)C)c1O,7.1938
COc1nnc(-c2cc(C(C)(C)C)c(O)c(C(C)(C)C)c2)s1,5.5229
CC(C)(C)c1cc(-c2nsc(O)n2)cc(C(C)(C)C)c1O,5.9586
Cc1nc2sc(-c3ccc(S(C)(=O)=O)cc3)c(-c3ccccc3)n2n1,5.0000
CC(C)(C)c1cc(-c2nsc(N=C(N)N)n2)cc(C(C)(C)C)c1O,4.5686
CCN(CC)CCSc1nnc(-c2cc(C(C)(C)C)c(O)c(C(C)(C)C)c2)s1,4.7212
CS(=O)(=O)c1ccc(-c2sc3ncnn3c2-c2cc(F)cc(F)c2)cc1,4.0985
CCc1nc2sc(-c3ccc(S(C)(=O)=O)cc3)c(-c3ccccc3)n2n1,4.8220
CS(=O)(=O)c1ccc(-c2sc3nncn3c2-c2ccccc2)cc1,3.3484
CS(=O)(=O)c1ccc(-c2sc3ncnn3c2-c2cccc(F)c2)cc1,5.3768
CS(=O)(=O)c1ccc(-c2sc3nc(C(F)(F)F)nn3c2-c2cccc(F)c2)cc1,4.8880
CC(C)(C)c1cc(-c2nnc(NN)s2)cc(C(C)(C)C)c1O,5.8861
CCSc1nnc(-c2nc(C(C)(C)C)c(O)c(C(C)(C)C)n2)s1,5.6990
Cc1nc2sc(-c3ccc(S(C)(=O)=O)cc3)c(-c3cccc(F)c3)n2n1,4.8539
Cc1cccc(-c2c(-c3ccc(S(C)(=O)=O)cc3)sc3nc(C(F)(F)F)nn23)c1,5.5214
CC(C)(C)c1cc(-c2nnc(S)s2)cc(C(C)(C)C)c1O,5.2596
CS(=O)(=O)c1ccc(-c2c(-c3ccccc3)sc3ncnn23)cc1,4.4924
CCOc1nnc(-c2cc(C(C)(C)C)c(O)c(C(C)(C)C)c2)s1,5.2147
CC1(C)OC(=O)C(Oc2ncc(Cl)cc2Cl)=C1c1ccc(S(C)(=O)=O)cc1,7.3979
CC1(C)OC(=O)C(Oc2ccc(Br)cn2)=C1c1ccc(S(C)(=O)=O)cc1,7.6109
CC1(C)OC(=O)C(Oc2ccc(Cl)cn2)=C1c1ccc(S(C)(=O)=O)cc1,7.6990
CC1(C)OC(=O)C(Oc2ccc3[nH]ccc3c2)=C1c1ccc(S(C)(=O)=O)cc1,7.0713
CC1(C)OC(=O)C(Oc2ccccn2)=C1c1ccc(S(C)(=O)=O)cc1,6.9208
CC1(C)OC(=O)C(Oc2cccc(Cl)n2)=C1c1ccc(S(C)(=O)=O)cc1,5.9498
CC1(C)OC(=O)C(Oc2ccc3ccccc3n2)=C1c1ccc(S(C)(=O)=O)cc1,6.3310
CC1(C)OC(=O)C(Oc2cnccn2)=C1c1ccc(S(C)(=O)=O)cc1,5.8399
CC1(C)OC(=O)C(Oc2ccc3sccc3c2)=C1c1ccc(S(C)(=O)=O)cc1,7.3979
CC1(C)OC(=O)C(Oc2ccc(F)cn2)=C1c1ccc(S(C)(=O)=O)cc1,7.2474
CC1(C)OC(=O)C(Oc2cccnc2)=C1c1ccc(S(C)(=O)=O)cc1,6.4345
CC1(C)OC(=O)C(Oc2cccc3cnccc23)=C1c1ccc(S(C)(=O)=O)cc1,6.3795
CC1(C)OC(=O)C(Oc2ncccc2Cl)=C1c1ccc(S(C)(=O)=O)cc1,7.0458
CC(=O)Oc1ccccc1C1=C(c2ccc(S(C)(=O)=O)cc2)COC1=O,8.4559
CC1(C)OC(=O)C(Oc2ncccn2)=C1c1ccc(S(C)(=O)=O)cc1,6.1366
Cc1ccc(OC2=C(c3ccc(S(C)(=O)=O)cc3)C(C)(C)OC2=O)nc1,6.6221
CC(=O)Oc1ccc(C2=C(c3ccc(S(C)(=O)=O)cc3)COC2=O)cc1,8.8996
CS(=O)(=O)c1ccc(C2=C(c3ccccc3O)C(=O)OC2)cc1,5.7371
CC1(C)OC(=O)C(Oc2ccncc2)=C1c1ccc(S(C)(=O)=O)cc1,6.2843
CC(=O)Oc1cccc(C2=C(c3ccc(S(C)(=O)=O)cc3)COC2=O)c1,8.7747
CC1(C)OC(=O)C(Oc2ncnc3ccccc23)=C1c1ccc(S(C)(=O)=O)cc1,5.6536
CC1(C)OC(=O)C(Oc2ccc(C3CC3)cn2)=C1c1ccc(S(C)(=O)=O)cc1,7.5229
CS(=O)(=O)c1ccc(C2=C(c3cccc(O)c3)C(=O)OC2)cc1,5.4023
CS(=O)(=O)c1ccc(-c2ccccc2C2CCCCC2)cc1,4.5086
COC(=O)c1ccc(-c2ccccc2)c(-c2ccc(S(C)(=O)=O)cc2)c1,4.3188
CS(=O)(=O)c1ccc(-c2cc(O)ccc2-c2ccccc2)cc1,3.8327
CS(=O)(=O)c1ccc(-c2ccccc2-c2ccc3ccccc3n2)cc1,4.2441
CS(=O)(=O)c1ccc(-c2ccccc2-c2cccnc2)cc1,4.0605
CS(=O)(=O)c1ccc(-c2cccnc2-c2ccccc2)cc1,5.1024
CS(=O)(=O)c1ccc(-c2ccc(N)cc2-c2ccccc2)cc1,3.5952
COc1ccc2cc(-c3ccccc3-c3ccc(S(C)(=O)=O)cc3)ccc2c1,4.5229
CS(=O)(=O)c1ccc(-c2ccccc2N2CCCCC2)cc1,4.8539
CS(=O)(=O)c1ccc(-c2ccccc2Oc2ccccc2)cc1,4.4815
CS(=O)(=O)c1ccc(-c2ccccc2C2=CCCCC2)cc1,4.4815
CS(=O)(=O)c1ccc(-c2cc(N)ccc2-c2ccccc2)cc1,3.7122
CS(=O)(=O)c1ccc(-c2ccc([N+](=O)[O-])cc2-c2ccccc2)cc1,4.3565
CS(=O)(=O)c1ccc(-c2cc3ccccc3cc2-c2ccccc2)cc1,4.3872
CS(=O)(=O)c1ccc(-c2cc([N+](=O)[O-])ccc2-c2ccccc2)cc1,4.4202
COC(=O)c1ccccc1Nc1c(Cl)ccc(C)c1Cl,5.3979
Cc1ccc(Cl)c(Nc2ccccc2C(=O)NCCOc2ccccc2)c1Cl,4.1805
Cc1ccc(Cl)c(Nc2ccccc2C(=O)NCCc2ccccc2)c1Cl,5.3979
Cc1ccc(Cl)c(Nc2ccccc2C(=O)NOC(C)(C)C)c1Cl,4.1805
Cc1ccc(Cl)c(Nc2ccccc2C(=O)NCCO)c1Cl,6.0000
CCCCCCCCNC(=O)c1ccccc1Nc1c(Cl)ccc(C)c1Cl,7.2218
Cc1ccc(Cl)c(Nc2ccccc2C(=O)NCCCCl)c1Cl,5.6198
CCOC(=O)CNC(=O)c1ccccc1Nc1c(Cl)ccc(C)c1Cl,5.3979
Cc1ccc(Cl)c(Nc2ccccc2C(=O)NCCBr)c1Cl,5.6990
NS(=O)(=O)c1ccc(C2=C(c3ccc(F)cc3)CC3(CCC3)C2)cc1,8.6990
COCCCNC(=O)c1ccccc1Nc1c(Cl)ccc(C)c1Cl,4.9586
Cc1ccc(Cl)c(Nc2ccccc2C(=O)N[C@@H](C)C(=O)O)c1Cl,4.4815
COCCNC(=O)c1ccccc1Nc1c(Cl)ccc(C)c1Cl,5.5229
Cc1ccc(Cl)c(Nc2ccccc2C(=O)NNCc2ccccc2)c1Cl,5.2007
Cc1ccc(Cl)c(Nc2ccccc2C(=O)NCC(=O)O)c1Cl,6.5229
COC(=O)[C@H](C)NC(=O)c1ccccc1Nc1c(Cl)ccc(C)c1Cl,5.5850
Cc1ccc(Cl)c(Nc2ccccc2C(=O)O)c1Cl,7.3979
COC(=O)[C@@H](C)NC(=O)c1ccccc1Nc1c(Cl)ccc(C)c1Cl,5.2218
COC(=O)CNC(=O)c1ccccc1Nc1c(Cl)ccc(C)c1Cl,5.9208
Cc1ccc(Cl)c(Nc2ccccc2C(=O)NOCc2ccccc2)c1Cl,4.1805
Cc1ccc(Cl)c(Nc2ccccc2C(=O)NOCc2ccc([N+](=O)[O-])cc2)c1Cl,4.1805
CONC(=O)c1ccccc1Nc1c(Cl)ccc(C)c1Cl,4.2596
CC1(C)OC(=O)C(Oc2ccc(Cl)cc2)=C1c1ccc(S(C)(=O)=O)cc1,7.8495
Cc1nc(-c2ccc(C)s2)c(-c2ccc(S(N)(=O)=O)c(F)c2)o1,7.5850
CS(=O)(=O)c1ccc(-c2cc(CO[N+](=O)[O-])nn2C2CCCCC2)cc1,6.3979
CC1(C)OC(=O)C(Oc2cccc(F)c2)=C1c1ccc(S(C)(=O)=O)cc1,7.4269
C=CCn1nc(-c2ccc(S(C)(=O)=O)cc2)c(-c2ccc(F)cc2)c1C(F)(F)F,7.1249
CS(=O)(=O)c1ccc(C2=C(c3ccc(F)c(Cl)c3)C(=O)CC2)cc1,7.5458
Cc1nc(-c2ccc(F)cc2)c(-c2ccc(S(N)(=O)=O)c(F)c2)o1,7.3979
CC1(C)OC(=O)C(C(=O)c2ccccc2)=C1c1ccc(S(C)(=O)=O)cc1,6.1594
COc1ccncc1C1=C(c2ccc(S(C)(=O)=O)cc2)CCC1=O,6.9348
CS(=O)(=O)c1ccc(C2=C(c3ccccc3)C(=O)CC2)cc1,7.3399
CS(=O)(=O)c1ccc(C2=C(c3cccnc3)C(=O)CC2)cc1,6.4817
CS(=O)(=O)c1ccc(-c2nn3cccnc3c2-c2ccc(F)cc2)cc1,5.3766
CC1(C)OC(=O)C(Oc2cc(F)cc(F)c2)=C1c1ccc(S(C)(=O)=O)cc1,7.0713
CCOC(=O)Cn1nc(-c2ccc(S(C)(=O)=O)cc2)c(-c2ccc(F)cc2)c1C(F)(F)F,6.3565
Cc1cnc2c(-c3ccc(F)cc3)c(-c3ccc(S(C)(=O)=O)cc3)nn2c1C,7.9208
Cc1cc(C)n2nc(-c3ccc(S(C)(=O)=O)cc3)c(-c3ccc(F)cc3)c2n1,6.8125
CS(=O)(=O)c1ccc(C2=C(Oc3cc(F)cc(F)c3)C(=O)CC2)cc1,6.8641
CS(=O)(=O)c1ccc(C2=C(c3cc(Br)ccn3)C(=O)CC2)cc1,6.2643
Cc1nc(C2CCCCC2)c(-c2ccc(S(N)(=O)=O)c(N)c2)o1,6.0315
Cc1nc(C2CCCCC2)c(-c2ccc(S(N)(=O)=O)c(C)c2)o1,5.6990
CS(=O)(=O)c1ccc(C2=C(c3cccc(F)c3)C(=O)CC2)cc1,7.1612
CS(=O)(=O)c1ccc(C2=C(c3ccc(F)c(F)c3)C(=O)CC2)cc1,7.2658
CC(C)c1nc(C2CCCCC2)c(-c2ccc(S(N)(=O)=O)c(F)c2)o1,6.2218
CS(=O)(=O)c1ccc(C2=C(c3ccc(Cl)c(F)c3)C(=O)CC2)cc1,7.3239
CS(=O)(=O)c1ccc(C2=C(c3cc4ccccc4s3)C(=O)CC2)cc1,7.4754
Cc1cn2nc(-c3ccc(S(C)(=O)=O)cc3)c(-c3ccc(F)cc3)c2nc1C,5.6710
CC1(C)OC(=O)C(Oc2ccc(F)cc2F)=C1c1ccc(S(C)(=O)=O)cc1,7.5485
CS(=O)(=O)c1ccc(C2=C(c3cc(F)cc(F)c3)C(=O)CC2)cc1,6.2076
Cc1cnc2c(-c3ccc(F)cc3)c(-c3ccc(S(C)(=O)=O)cc3)nn2c1,6.5735
CS(=O)(=O)c1ccc(C2=C(c3cc(Cl)ccn3)C(=O)CC2)cc1,6.5026
Cc1ccn2nc(-c3ccc(S(C)(=O)=O)cc3)c(-c3ccc(F)cc3)c2n1,6.2976
Cc1nc2c(-c3ccc(F)cc3)c(-c3ccc(S(C)(=O)=O)cc3)nn2c(C)c1C,6.7167
CC1(C)OC(=O)C(c2cccc(F)c2)=C1c1ccc(S(C)(=O)=O)cc1,6.9604
CS(=O)(=O)c1ccc(-c2nn(CC(=O)Nc3ccccc3)c(C(F)(F)F)c2-c2ccc(F)cc2)cc1,6.3188
Cc1ccncc1C1=C(c2ccc(S(C)(=O)=O)cc2)CCC1=O,6.3517
CC1(C)OC(=O)C(Oc2ccccc2)=C1c1ccc(S(C)(=O)=O)cc1,7.5485
CS(=O)(=O)c1ccc(-c2nn(CCc3ccccc3)c(C(F)(F)F)c2-c2ccc(F)cc2)cc1,7.3468
CS(=O)(=O)c1ccc(C2=C(C#Cc3ccccc3)C(=O)CC2)cc1,7.2078
Cc1ccnc2c(-c3ccc(F)cc3)c(-c3ccc(S(C)(=O)=O)cc3)nn12,7.9208
CS(=O)(=O)c1ccc(C2=C(c3cc(Cl)c(Cl)c(Cl)c3)C(=O)CC2)cc1,7.1267
CC(C)(C)C#CC1=C(c2ccc(S(C)(=O)=O)cc2)CCC1=O,6.0540
Cc1nc(C2CCCCC2)c(-c2ccc(S(N)(=O)=O)c(F)c2)o1,7.0706
CC1(C)OC(=O)C(Oc2ccc(F)c(F)c2)=C1c1ccc(S(C)(=O)=O)cc1,7.6109
CC1(C)OC(=O)C(Oc2ccc(F)cc2)=C1c1ccc(S(C)(=O)=O)cc1,7.0000
CS(=O)(=O)c1ccc(C2=C(/C=C/c3ccc(F)cc3)C(=O)CC2)cc1,6.5290
CCc1nc(C2CCCCC2)c(-c2ccc(S(N)(=O)=O)c(F)c2)o1,6.9208
COc1ccc(-n2nc(C(=O)CCCO[N+](=O)[O-])cc2-c2ccc(S(C)(=O)=O)cc2)cc1,5.6021
CS(=O)(=O)c1ccc(C2=C(c3cncc(Cl)c3)C(=O)CC2)cc1,6.4422
CC1(C)OC(=O)C(Sc2ccccc2)=C1c1ccc(S(C)(=O)=O)cc1,6.4894
Cc1cccc(OC2=C(c3ccc(S(C)(=O)=O)cc3)C(C)(C)OC2=O)c1,7.1259
Cc1ccccc1OC1=C(c2ccc(S(C)(=O)=O)cc2)C(C)(C)OC1=O,7.3495
CS(=O)(=O)c1ccc(-c2nn(CCc3ccccc3)cc2-c2ccc(F)cc2)cc1,6.2757
CS(=O)(=O)c1ccc(C2=C(c3cncc(Br)c3)C(=O)CC2)cc1,6.1462
CS(=O)(=O)c1ccc(-c2cc(/C=C\CC[N+](=O)[O-])nn2C2CCCCC2)cc1,6.3010
CCn1nc(-c2ccc(S(C)(=O)=O)cc2)c(-c2ccc(F)cc2)c1C(F)(F)F,6.8861
Cc1nc(-c2ccc(C)s2)c(-c2ccc(S(N)(=O)=O)cc2)o1,7.9208
CCn1nc(-c2ccc(S(N)(=O)=O)cc2)c(-c2ccc(F)cc2)c1C(F)(F)F,7.4815
CS(=O)(=O)c1ccc(C2=C(c3ccc(F)cc3)C(=O)CC2)cc1,7.4091
CS(=O)(=O)c1ccc(C2=C(c3ccccn3)C(=O)CC2)cc1,5.4120
CC1(C)OC(=O)C(Cc2ccccc2)=C1c1ccc(S(C)(=O)=O)cc1,6.0540
Cc1nc(C2CCCCC2)c(-c2ccc(S(N)(=O)=O)c(O)c2)o1,4.7055
CS(=O)(=O)c1ccc(C2=C(c3cc(Cl)cc(Cl)c3)C(=O)CC2)cc1,7.2034
CS(=O)(=O)c1ccc(C2=C(Oc3ccccc3)C(=O)CC2)cc1,6.9837
CC1(C)OC(=O)C(Nc2ccccc2)=C1c1ccc(S(C)(=O)=O)cc1,5.8239
Cc1ccc(OC2=C(c3ccc(S(C)(=O)=O)cc3)C(C)(C)OC2=O)cc1,7.5485
CCOc1cc(OCC)cc(-c2ccc(C(C)C(=O)O)cc2)c1,6.4949
COc1ccc(-c2cc(C(F)(F)F)nn2-c2ccc(S(N)(=O)=O)c(F)c2)cc1,4.8697
COc1ccc(-c2cc(C(F)(F)F)nn2-c2ccc(S(N)(=O)=O)cc2F)cc1,6.8239
Cc1cc(C)cc(-c2ccc(C(C)C(=O)O)cc2F)c1,4.7212
CC(C(=O)O)c1ccc(-c2ccc3[nH]ccc3c2)cc1,6.7212
CCOc1cccc(-c2ccc(C(C)C(=O)O)cc2F)c1,7.8539
CCSc1cccc(-c2ccc(C(C)C(=O)O)cc2)c1,6.4815
CSc1ccc(-c2cc(C(F)(F)F)nn2-c2ccc(S(N)(=O)=O)cc2F)cc1,7.4685
CC(C(=O)O)c1ccc(-c2ccccc2)c(F)c1,6.3872
C=CCc1cccc(-c2ccc(C(C)C(=O)O)cc2)c1,6.8239
COc1cc(OC)cc(-c2ccc(C(C)C(=O)O)cc2F)c1,7.1549
C/C=C/c1cncc(-c2ccc(C(C)C(=O)O)cc2)c1,6.1739
CC(C(=O)O)c1ccc(-c2ccccc2)cc1,7.6778
C=Cc1cncc(-c2ccc(C(C)C(=O)O)cc2)c1,6.7212
Cc1cc2cc(-c3ccc(C(C)C(=O)O)cc3)ccc2[nH]1,6.6383
CCOc1cc(OCC)cc(-c2ccc(C(C)C(=O)O)cc2F)c1,7.0000
C=Cc1cccc(-c2ccc(C(C)C(=O)O)cc2)c1,6.1367
CCc1cccc(-c2ccc(C(C)C(=O)O)cc2)c1,5.6198
C=C[C@@H]1[C@@H](O)C[C@@H]2[C@]3(CC[C@]4(C)[C@@H]([C@H](C)CCC=C(C)C)CC[C@@]24C)C[C@]13CCC(=O)O,5.3279
CC1(O)OC(=O)C(c2cccs2)=C1c1ccc(S(C)(=O)=O)cc1,5.7212
CC1(O)OC(=O)C(c2ccc(F)cc2)=C1c1ccc(S(C)(=O)=O)cc1,6.0825
CC1(O)OC(=O)C(c2ccsc2)=C1c1ccc(S(C)(=O)=O)cc1,5.7892
COC1(C)OC(=O)C(c2ccc(F)cc2)=C1c1ccc(S(C)(=O)=O)cc1,7.0806
CC1(O)OC(=O)C(c2cc3ccccc3s2)=C1c1ccc(S(C)(=O)=O)cc1,5.8410
CC1(OCC(F)(F)F)OC(=O)C(c2ccc(F)cc2)=C1c1ccc(S(C)(=O)=O)cc1,6.4464
CC1(O)OC(=O)C(c2cc(F)cc(F)c2)=C1c1ccc(S(C)(=O)=O)cc1,5.5663
CC1(O)OC(=O)C(c2ccc(F)c(Cl)c2)=C1c1ccc(S(C)(=O)=O)cc1,6.3081
CC1(O)OC(=O)C(c2ccc3ccccc3c2)=C1c1ccc(S(C)(=O)=O)cc1,5.9208
CCOC1(C)OC(=O)C(c2ccc(F)cc2)=C1c1ccc(S(C)(=O)=O)cc1,6.3010
CC1(O)OC(=O)C(c2ccc(Cl)cc2)=C1c1ccc(S(C)(=O)=O)cc1,6.3641
CC1(O)OC(=O)C(c2cccc(F)c2)=C1c1ccc(S(C)(=O)=O)cc1,5.7474
CC(C)OC1(C)OC(=O)C(c2ccc(F)cc2)=C1c1ccc(S(C)(=O)=O)cc1,6.0969
CC1(O)OC(=O)C(c2ccccc2)=C1c1ccc(S(C)(=O)=O)cc1,5.9208
CSc1ccc(C2=C(c3ccc(S(C)(=O)=O)cc3)C(C)(O)OC2=O)cc1,6.1391
CC(C)c1ccc(C2=C(c3ccc(S(C)(=O)=O)cc3)C(C)(O)OC2=O)cc1,5.8769
CC1(O)OC(=O)C(c2ccc(Br)cc2)=C1c1ccc(S(C)(=O)=O)cc1,6.3117
CC1(O)OC(=O)C(c2ccc(Cl)cc2Cl)=C1c1ccc(S(C)(=O)=O)cc1,5.5229
CC1(O)OC(=O)C(c2ccc(Cl)c(Cl)c2)=C1c1ccc(S(C)(=O)=O)cc1,6.6127
CC1(O)OC(=O)C(c2ccc(F)c(F)c2)=C1c1ccc(S(C)(=O)=O)cc1,5.9498
CC(C)CCCC(=O)c1cc(C(C)(C)C)c2c(c1)C(C)(C)CO2,5.3468
CN(CC(=O)c1cc(C(C)(C)C)c2c(c1)C(C)(C)CO2)CC1CC1,5.6021
CC(C)(Cl)CC(=O)c1cc(C(C)(C)C)c2c(c1)C(C)(C)CO2,7.0000
Cc1nn(-c2ccc(S(N)(=O)=O)cc2)c2c1c(O)nc1ccc([N+](=O)[O-])cc12,6.6198
CC(C)(C)c1cc(C(=O)/C=C/CC2CC2)cc2c1OCC2(C)C,6.6021
CC(C)(C)c1cc(C(=O)c2ccccc2)cc2c1OCC2(C)C,8.1549
CC(C)(C)c1cc(C(=O)C[S+]([O-])CC2CC2)cc2c1OCC2(C)C,5.3979
Cc1nn(-c2ccccc2)c2c1c(O)nc1ccc([N+](=O)[O-])cc12,6.2596
CC(C)(C)c1cc(C(=O)CS(=O)(=O)CC2CC2)cc2c1OCC2(C)C,5.6990
C[S+]([O-])c1ccc(C(Nc2nccs2)C(=O)c2ccc(F)cc2)cc1,5.6778
CCCCCC(=O)c1cc(C(C)(C)C)c2c(c1)C(C)(C)CO2,7.0458
C[S+]([O-])c1ccc(C(Nc2cccnc2)C(=O)c2ccc(F)cc2)cc1,6.3010
CC(C)(C)c1cc(C(=O)CSCC2CC2)cc2c1OCC2(C)C,6.3979
CS(=O)(=O)c1ccc(-c2cc(C(F)(F)F)cnc2-c2cccnc2)cc1,6.3952
CC1(C)OC(=O)C(OC2CCCCC2)=C1c1ccc(S(C)(=O)=O)cc1,7.3979
CC1(C)OC(=O)C(OCC2CC2)=C1c1ccc(S(C)(=O)=O)cc1,6.8539
NS(=O)(=O)c1ccc(C2=C(c3ccc(F)cc3)C(=O)OC2)cc1,6.0969
CS(=O)(=O)c1ccc(-c2cc(Cl)cnc2-c2ccccn2)cc1,6.2020
Cc1ccc(-c2ncc(Cl)cc2-c2ccc(S(N)(=O)=O)cc2)cn1,6.6290
CS(=O)(=O)c1ccc(C2=C(c3cccc(F)c3)C(=O)OC2)cc1,5.8861
CCc1ccc(-c2ncc(Cl)cc2-c2ccc(S(C)(=O)=O)cc2)cn1,6.5353
CS(=O)(=O)c1ccc(-c2cc(Cl)cnc2-c2ccc(C3CC3)nc2)cc1,6.7703
Cc1cnc(-c2cccnc2)c(-c2ccc(S(C)(=O)=O)cc2)c1,6.0669
CCC(C)OC1=C(c2ccc(S(C)(=O)=O)cc2)C(C)(C)OC1=O,7.3979
Cc1ccncc1-c1ncc(Cl)cc1-c1ccc(S(C)(=O)=O)cc1,5.8248
O=C(O)Cc1ccccc1Nc1c(Cl)cccc1Cl,7.1549
CS(=O)(=O)c1ccc(-c2cccnc2-c2cccnc2)cc1,6.2147
Cc1cncc(-c2ncc(Cl)cc2-c2ccc(S(C)(=O)=O)cc2)c1,6.2403
CCOC1=C(c2ccc(S(C)(=O)=O)cc2)C(C)(C)OC1=O,4.6383
CS(=O)(=O)c1ccc(-c2cc(Cl)cnc2-c2ccncc2)cc1,6.0753
CS(=O)(=O)c1ccc(-c2cc(Cl)cnc2-c2cccnc2)cc1,6.7571
Cc1ncccc1-c1ncc(Cl)cc1-c1ccc(S(C)(=O)=O)cc1,5.7306
COC1=C(c2ccc(S(C)(=O)=O)cc2)C(C)(C)OC1=O,4.4815
CC1(C)OC(=O)C(OC2CC2)=C1c1ccc(S(C)(=O)=O)cc1,5.2840
CS(=O)(=O)c1ccc(C2=C(c3ccc(F)cc3)C(=O)OC2)cc1,7.1109
CC(OC1=C(c2ccc(S(C)(=O)=O)cc2)C(C)(C)OC1=O)C1CC1,7.0969
Cc1nc(-c2ccc(Cl)cc2)c(-c2ccc(S(N)(=O)=O)cc2)s1,8.3010
Cc1nc(-c2ccccc2)c(-c2ccc(S(N)(=O)=O)cc2)s1,7.4202
Cc1nc(-c2ccc(S(N)(=O)=O)cc2)c(-c2ccc(Br)cc2)s1,7.6198
COc1ccc(-c2nc(-c3ccccc3Cl)sc2-c2ccc(S(N)(=O)=O)cc2)cc1F,5.6055
COc1ccc(-c2nc(C)sc2-c2ccc(S(N)(=O)=O)cc2)cc1F,7.5528
COc1ccc(-c2nc(NCc3ccccc3)sc2-c2ccc(S(N)(=O)=O)cc2)cc1F,7.2291
NS(=O)(=O)c1ccc(-c2sc(-c3ccccc3Cl)nc2-c2ccc(F)cc2)cc1,7.8861
Cc1nc(-c2ccc(S(N)(=O)=O)cc2)c(-c2ccccc2)s1,7.5376
NS(=O)(=O)c1ccc(-c2sc(COc3cc(Cl)cc(Cl)c3)nc2-c2ccc(F)cc2)cc1,8.0458
Cc1nc(-c2ccc(S(N)(=O)=O)cc2)c(-c2ccc(Cl)cc2)s1,7.7447
CS(=O)(=O)c1ccc(-c2c(-c3ccc(F)c(F)c3)nc3sccn23)cc1,6.7892
CS(=O)(=O)c1ccc(-c2nc3sccn3c2-c2ccccc2)cc1,5.4935
CS(=O)(=O)c1ccc(C2=C3c4ccccc4CCC3OC2=O)cc1,6.2756
Cc1csc2nc(-c3ccc(S(C)(=O)=O)cc3)c(-c3ccccc3)n12,6.0000
CSc1ccc(C2=C3c4ccccc4CCC3(O)OC2=O)cc1,6.0706
CS(=O)(=O)c1ccc(-c2c(-c3ccc(F)cc3)nc3sccn23)cc1,7.1259
CSc1ccc(C2=C3c4ccccc4CCC3OC2=O)cc1,6.0825
Cc1cn2c(-c3ccccc3)c(-c3ccc(S(C)(=O)=O)cc3)nc2s1,6.8539
Cc1csc2nc(-c3ccccc3)c(-c3ccc(S(C)(=O)=O)cc3)n12,5.5229
CS(=O)(=O)c1ccc(-c2c(-c3ccc(Cl)cc3)nc3sc(Cl)c(Cl)n23)cc1,5.4437
CCOC(=O)c1csc2nc(-c3ccccc3)c(-c3ccc(S(C)(=O)=O)cc3)n12,6.0458
CS(=O)(=O)c1ccc(-c2c(-c3ccc(Cl)cc3)nc3sc(Cl)cn23)cc1,7.7959
Cc1sc2nc(-c3ccccc3)c(-c3ccc(S(C)(=O)=O)cc3)n2c1C,5.3010
Cc1cn2c(-c3ccc(S(C)(=O)=O)cc3)c(-c3ccccc3)nc2s1,6.3389
CSc1ccc(-c2c(-c3ccccc3)nc3sccn23)cc1,6.3768
CS(=O)(=O)c1ccc(-c2c(-c3ccccc3)nc3sccn23)cc1,7.7959
Cc1ccc2c(c1)C1=C(c3ccc(S(C)(=O)=O)cc3)C(=O)OC1CC2,6.2391
CSc1ccc(C2=C3c4cc(C)ccc4CCC3OC2=O)cc1,6.0128
CSc1ccc(-c2nc3sccn3c2-c2ccccc2)cc1,5.3010
CSc1ccc(C2=C3c4cc(C)ccc4CCC3(O)OC2=O)cc1,6.1739
COc1ccc2c(c1)c(CC(=O)NN1CCC[C@H]1CO)c(C)n2C(=O)c1ccc(Cl)cc1,5.7447
COc1ccc2c(c1)c(CC(=O)NCCCCCCO)c(C)n2C(=O)c1ccc(Cl)cc1,6.6778
COc1ccc2c(c1)c(CC(=O)N[C@@H](CO)C(C)C)c(C)n2C(=O)c1ccc(Cl)cc1,6.9586
COc1ccc2c(c1)c(CC(=O)N[C@@H](C)CO)c(C)n2C(=O)c1ccc(Cl)cc1,6.5686
COc1ccc2c(c1)c(CC(=O)N[C@H](CO)Cc1ccccc1)c(C)n2C(=O)c1ccc(Cl)cc1,7.0706
COc1ccc2c(c1)c(CC(=O)NCCCCCO)c(C)n2C(=O)c1ccc(Cl)cc1,6.5376
CS(=O)(=O)c1ccc(-c2cc(Cl)cnc2-c2ccc(C(=O)O)nc2)cc1,4.6778
COc1ccc2c(c1)c(CC(=O)NC[C@@H](C)O)c(C)n2C(=O)c1ccc(Cl)cc1,6.4815
NS(=O)(=O)c1ccc(-n2nc(C(F)(F)F)cc2-c2ccccn2)cc1,4.3410
NS(=O)(=O)c1ccc(-n2nc(-c3ccc(Cl)s3)cc2-c2ccc(Cl)cc2)cc1,7.2840
COc1ccc2c(c1)c(CC(=O)N[C@H](CO)C(C)C)c(C)n2C(=O)c1ccc(Cl)cc1,6.4318
COc1ccc2c(c1)c(CC(=O)NC[C@H](C)O)c(C)n2C(=O)c1ccc(Cl)cc1,6.4949
NS(=O)(=O)c1ccc(-n2nc(C(=O)Nc3cccc(Cl)c3)cc2-c2ccc(F)cc2)cc1,7.2518
NS(=O)(=O)c1ccc(-n2nc(C(F)F)cc2-c2ccc3c(c2)OCO3)cc1,7.6198
NS(=O)(=O)c1ccc(-n2nc(COCc3ccccc3)cc2-c2ccc(Cl)cc2)cc1,7.5376
COc1ccc2c(c1)c(CC(=O)N[C@H](CO)CC(C)C)c(C)n2C(=O)c1ccc(Cl)cc1,6.7696
COc1ccc2c(c1)c(CC(=O)N[C@@H](CO)CCSC)c(C)n2C(=O)c1ccc(Cl)cc1,6.6021
COc1ccc2c(c1)c(CC(=O)N[C@H](CO)c1ccccc1)c(C)n2C(=O)c1ccc(Cl)cc1,7.0706
COC[C@H](C)NC(=O)Cc1c(C)n(C(=O)c2ccc(Cl)cc2)c2ccc(OC)cc12,6.6198
COc1ccc2c(c1)c(CC(=O)NC(C)(C)CO)c(C)n2C(=O)c1ccc(Cl)cc1,6.7212
COc1ccc2c(c1)c(CC(=O)N[C@@H](CO)Cc1ccccc1)c(C)n2C(=O)c1ccc(Cl)cc1,6.6576
CCC(C)[C@@H](CO)NC(=O)Cc1c(C)n(C(=O)c2ccc(Cl)cc2)c2ccc(OC)cc12,6.9586
Cc1ccc(-c2ncc(Cl)cc2-c2ccc(S(C)(=O)=O)cc2)c[n+]1[O-],4.7447
N#Cc1ccc(-c2cc(C(F)F)nn2-c2ccc(S(N)(=O)=O)cc2)cc1,4.5272
NS(=O)(=O)c1ccc(-n2nc(C(F)(F)F)cc2-c2ccncc2)cc1,4.1891
COc1ccc2c(c1)c(CC(=O)N[C@@H](CO)CC(C)C)c(C)n2C(=O)c1ccc(Cl)cc1,6.3010
COc1ccc(-c2cc(-c3ccc(Cl)cc3)n(-c3ccc(S(N)(=O)=O)cc3)n2)cc1,7.1833
NS(=O)(=O)c1ccc(-n2nc(C(F)(F)F)cc2-c2ccc(C(=O)O)cc2)cc1,4.9508
COc1ccc2c(c1)c(CC(=O)N[C@@H](CO)c1ccccc1)c(C)n2C(=O)c1ccc(Cl)cc1,6.3565
COc1ccc2c(c1)c(CC(=O)NC[C@@H](O)c1ccccc1)c(C)n2C(=O)c1ccc(Cl)cc1,7.3279
COc1ccc2c(c1)c(CC(=O)N[C@H](CO)CCSC)c(C)n2C(=O)c1ccc(Cl)cc1,6.0000
COc1ccc2c(c1)c(CC(=O)N[C@H](C)CO)c(C)n2C(=O)c1ccc(Cl)cc1,6.7696
COc1ccc2c(c1)c(CC(=O)NC[C@H](O)c1ccccc1)c(C)n2C(=O)c1ccc(Cl)cc1,6.6778
COC(=O)c1cc(-c2ccc(F)cc2)n(-c2ccc(S(N)(=O)=O)cc2)n1,4.0000
CC[C@@H](C)NC(=O)Cc1c(C)n(C(=O)c2ccc(Cl)cc2)c2ccc(OC)cc12,6.8861
NS(=O)(=O)c1ccc(-c2coc(=O)n2-c2ccc(C(=O)O)cc2)cc1,4.2291
COc1ccc2c(c1)c(CC(=O)NCCCO)c(C)n2C(=O)c1ccc(Cl)cc1,6.2012
CC[C@@H](CO)NC(=O)Cc1c(C)n(C(=O)c2ccc(Cl)cc2)c2ccc(OC)cc12,6.5528
Cc1ccc(-c2cc(C(F)F)nn2-c2ccc(S(N)(=O)=O)cc2)o1,5.4828
NS(=O)(=O)c1ccc(-n2nc(C(=O)O)c(Cl)c2-c2ccc(Cl)cc2)cc1,4.1549
COc1ccc2c(c1)c(CC(=O)NCCCCO)c(C)n2C(=O)c1ccc(Cl)cc1,6.2368
CC[C@H](C)NC(=O)Cc1c(C)n(C(=O)c2ccc(Cl)cc2)c2ccc(OC)cc12,6.9586
COc1ccc2c(c1)c(CC(=O)NN1CCC[C@@H]1CO)c(C)n2C(=O)c1ccc(Cl)cc1,5.7696
CC[C@H](CO)NC(=O)Cc1c(C)n(C(=O)c2ccc(Cl)cc2)c2ccc(OC)cc12,7.0000
COC[C@@H](C)NC(=O)Cc1c(C)n(C(=O)c2ccc(Cl)cc2)c2ccc(OC)cc12,6.8539
NS(=O)(=O)c1ccc(-n2nc(C(F)F)cc2-c2ccc(C(=O)O)cc2)cc1,4.3298
NS(=O)(=O)c1ccc(-n2nc(C(F)(F)F)cc2-c2cccnc2)cc1,4.3468
COc1ccc(-n2nc(C(F)(F)F)cc2-c2ccc(Cl)cc2)cc1,4.2549
CN1C(O)=C(C(=O)Nc2ccc(Cl)cc2Cl)c2cc(Cl)ccc2S1(=O)=O,8.0458
O=S(=O)(Nc1ccncc1Oc1ccccc1)C(F)(F)F,6.2076
CN1C(O)=C(C(=O)Nc2ccccc2Cl)c2cc(Cl)ccc2S1(=O)=O,8.0969
CN1C(=O)/C(=C(/O)Nc2ccccc2)c2ccccc2C1=O,6.7696
CN1C(O)=C(C(=O)Nc2ccc(F)cc2F)c2cc(Cl)ccc2S1(=O)=O,6.5229
CN1C(=O)/C(=C(/O)Nc2ccc(Cl)cc2)c2ccccc2C1=O,7.3372
Cc1cnc(NC(=O)C2=C(O)c3sccc3S(=O)(=O)N2C)s1,6.2924
CN1C(=O)/C(=C(/O)Nc2ccc(Cl)cc2Cl)c2cc(Cl)ccc2C1=O,6.6990
CS(=O)(=O)Nc1ccncc1Oc1ccccc1,4.4260
CN1C(O)=C(C(=O)Nc2ccc(Br)cc2Br)c2cc(Cl)ccc2S1(=O)=O,8.1549
Cc1csc(NC(=O)C2=C(O)c3ccccc3S(=O)(=O)N2C)n1,6.0809
CN1C(O)=C(C(=O)Nc2ccc(Cl)cc2)c2cc(Cl)ccc2S1(=O)=O,7.1938
CS(=O)(=O)Nc1cc2c(cc1Sc1cccc(F)c1F)C(=O)CC2,7.3010
CS(=O)(=O)Nc1ccc(-c2cc(C(F)(F)F)nn2-c2ccc(Cl)cc2)cc1,7.5229
CCCN(C(=O)c1cc(C(C)(C)C)c2c(c1)C(C)(C)CO2)C1CC1,5.3979
COc1ccc(-n2nc(C(F)(F)F)cc2-c2ccc(N)cc2)cc1,6.8894
Cc1cc(-c2ccc(NS(C)(=O)=O)cc2)n(-c2ccc(Br)cc2)n1,6.1135
CN(C)c1ccc(-n2nc(C(F)(F)F)cc2-c2ccc(NS(C)(=O)=O)cc2)cc1,6.2757
Cc1cc(-c2ccc(NS(C)(=O)=O)cc2)n(-c2ccc(Cl)cc2)n1,6.5768
Cc1ccc(-c2cc(C(F)(F)F)nn2-c2ccc(N=[N+]=[N-])cc2)cc1,5.8097
CC(C)(C)c1cc(Nc2ccccc2C(=O)O)cc2c1OCC2(C)C,5.3979
CC(C)(C)c1cc(-c2cn3ccsc3n2)cc2c1OCC2(C)C,7.8239
COc1ccc(-n2nc(C(F)(F)F)cc2-c2ccc(NS(C)(=O)=O)cc2)cc1,6.0177
CS(=O)(=O)Nc1ccc(-c2cc(C(F)(F)F)nn2-c2ccc(F)cc2)cc1,6.1192
CS(=O)(=O)Nc1ccc(-c2cc(C(F)F)nn2-c2ccc(F)cc2)cc1,5.0969
CC(=O)Nc1ccc(-c2cc(C)nn2-c2ccc(Br)cc2)cc1,6.2596
CC(C)(C)c1cc(C(=O)NC2CC2)cc2c1OCC2(C)C,6.2596
COCCNC(=O)c1cc(C(C)(C)C)c2c(c1)C(C)(C)CO2,7.5229
CC(C)(C)c1cc(/C=C2\CCOC2=O)cc2c1OCC2(C)C,8.4559
CC(=O)Nc1ccc(-c2cc(C(F)(F)F)nn2-c2ccc(Br)cc2)cc1,7.1549
CCN(C)C(=O)c1cc(C(C)(C)C)c2c(c1)C(C)(C)CO2,5.3468
[N-]=[N+]=Nc1ccc(C2=C(c3ccccc3)C(=O)OC2)cc1,6.7077
CCNC(=O)c1cc(C(C)(C)C)c2c(c1)C(C)(C)CO2,5.2218
CS(=O)(=O)Nc1ccc(-c2cc(C(F)(F)F)nn2-c2ccc(N)cc2)cc1,5.5784
CN(C(=O)c1cc(C(C)(C)C)c2c(c1)C(C)(C)CO2)C1CC1,6.0000
CC1(C)CC(c2cc(C(C)(C)C)c3c(c2)C(C)(C)CO3)=NO1,6.6990
CS(=O)(=O)Nc1ccc(-c2cc(C(F)(F)F)nn2-c2ccc(Br)cc2)cc1,6.6383
CS(=O)(=O)Nc1ccc(-c2cc(C(F)F)nn2-c2ccc(Cl)cc2)cc1,6.8239
CCCCNC(=O)c1cc(C(C)(C)C)c2c(c1)C(C)(C)CO2,6.6576
CC(C)(C)c1cc(-c2cccs2)cc2c1OCC2(C)C,7.1549
Cn1cccc1C(=O)c1cc(C(C)(C)C)c2c(c1)C(C)(C)CO2,7.3468
CCCNC(=O)c1cc(C(C)(C)C)c2c(c1)C(C)(C)CO2,6.0223
CS(=O)(=O)Nc1ccc(-c2cc(C(F)(F)F)nn2-c2ccccc2)cc1,5.5376
CCCCCNC(=O)c1cc(C(C)(C)C)c2c(c1)C(C)(C)CO2,6.6021
CC(=O)Nc1cc(C(C)(C)C)c2c(c1)C(C)(C)CO2,5.4559
CC(C)(C)c1cc(C(=O)c2cccs2)cc2c1OCC2(C)C,7.4202
CC(C)(C)c1cc(/C=C\c2cccs2)cc2c1OCC2(C)C,7.4559
Cc1ccc(-c2cc(C(F)(F)F)n(-c3ccc(N=[N+]=[N-])cc3)n2)cc1,5.5800
CC(C)(C)c1cc(-c2csc(N=C(N)N)n2)cc2c1OCC2(C)C,5.0458
CC(C)(C)c1cc(/C=C2/SC(N)=NC2=O)cc2c1OCC2(C)C,5.5229
CS(=O)(=O)c1ccc(-c2occ(Cl)c(=O)c2-c2ccccc2F)cc1,2.2000
CS(=O)(=O)c1ccc(-c2occ(Cl)c(=O)c2-c2cccc(F)c2)cc1,2.8460
CS(=O)(=O)c1ccc(-c2occ(Cl)c(=O)c2-c2ccc(Cl)cc2)cc1,3.0287
CS(=O)(=O)c1ccc(-c2occ(Cl)c(=O)c2-c2cccc(Cl)c2)cc1,2.8487
CS(=O)(=O)c1ccc(-c2occ(Cl)c(=O)c2-c2cc(F)cc(F)c2)cc1,2.6301
CCc1ccc(-c2c(-c3ccc(S(C)(=O)=O)cc3)occ(Cl)c2=O)cc1,3.1426
COc1ccc(-c2c(-c3ccc(S(C)(=O)=O)cc3)occ(Cl)c2=O)cc1,2.1630
Cc1cc[s+](-c2c(C3CCC(S(C)(=O)=O)CC3)occ(Cl)c2=O)c1,3.1331
Cc1ccc(-c2c(-c3ccc(S(C)(=O)=O)cc3)occ(Cl)c2=O)cc1,2.7543
CS(=O)(=O)c1ccc(-c2occ(Cl)c(=O)c2-c2ccc(-c3ccccc3)c(F)c2)cc1,4.0560
CS(=O)(=O)c1ccc(-c2occ(Cl)c(=O)c2-c2cccnc2)cc1,2.1519
CS(=O)(=O)c1ccc(-c2occc(=O)c2-c2ccc(F)cc2)cc1,2.6505
CS(=O)(=O)c1ccc(-c2occ(Cl)c(=S)c2-c2ccc(F)cc2)cc1,3.0779
COc1cc(/C=C/C(O)=C/C(=O)/C=C/c2ccc(O)cc2)ccc1O,4.6704
O=C(/C=C/c1ccc(O)cc1)CC(=O)/C=C/c1ccc(O)cc1,4.4393
COc1cc(/C=C/c2cc(/C=C/c3ccc(O)c(OC)c3)[nH]n2)ccc1O,5.0132
COc1cc(/C=C/c2cc(/C=C/c3ccc(O)cc3)[nH]n2)ccc1O,4.8111
Oc1ccc(/C=C/c2cc(/C=C/c3ccc(O)cc3)[nH]n2)cc1,4.4893
COc1cc(/C=C/c2cc(/C=C/c3ccc(O)c(OC)c3)on2)ccc1O,4.9702
COc1cc(/C=C/C(=O)CC(=O)/C=C/c2ccc(O)c(OC)c2)ccc1O,4.5288
COc1cc(/C=C/c2cc(/C=C/c3ccc(O)cc3)on2)ccc1O,4.7222
Cc1c(C)c2c(c(C)c1O)CCC(C)(C(=O)O)O2,5.8533
CS(=O)(=O)c1ccc(-c2occ(Cl)c(=O)c2-c2ccccc2)cc1,2.9662
CS(=O)(=O)c1ccc(-c2occ(Cl)c(=O)c2-c2ccc(F)cc2)cc1,2.8302
CS(=O)(=O)c1ccc(-c2occ(Cl)c(=O)c2-c2ccc(F)cc2F)cc1,2.8582
CS(=O)(=O)c1ccc(-c2occ(Cl)c(=O)c2-c2ccc(F)c(F)c2)cc1,2.9084
COc1ccc(C2SCC(=O)N2CCN2C(=O)CSC2c2ccc(OC)cc2)cc1,5.9508
Cc1cc(=O)c(Oc2ccc(Cl)cc2Cl)c(-c2ccc(S(C)(=O)=O)cc2)o1,5.4710
COc1ccc(Sc2c(C#N)[nH]c3cc(S(C)(=O)=O)ccc23)c(Cl)c1,6.2220
Cc1[nH]c2cc(S(C)(=O)=O)ccc2c1Sc1ccc(F)cc1,6.6783
Cc1[nH]c2cc(S(C)(=O)=O)ccc2c1Sc1ccc(F)cc1F,6.1135
COc1ccc(Sc2c(C)[nH]c3cc(S(C)(=O)=O)ccc23)cc1,5.8233
Cc1[nH]c2cc(S(C)(=O)=O)ccc2c1Sc1ccccn1,5.5168
Cc1[nH]c2cc(S(C)(=O)=O)ccc2c1Cc1ccc(F)cc1,6.0219
Cc1[nH]c2cc(S(C)(=O)=O)ccc2c1Cc1ccc(F)cc1F,5.8304
Cc1[nH]c2cc(S(C)(=O)=O)ccc2c1Cc1ccc(Cl)cc1,5.9184
COc1ccc(Cc2c(C)[nH]c3cc(S(C)(=O)=O)ccc23)cc1,5.9305
Cc1[nH]c2cc(S(C)(=O)=O)ccc2c1Cc1ccccc1Cl,6.2073
COC(=O)c1[nH]c2cc(S(C)(=O)=O)ccc2c1Sc1ccc(F)cc1,6.0278
CS(=O)(=O)c1ccc2c(Sc3ccc(F)cc3)c(C(N)=O)[nH]c2c1,5.9172
CS(=O)(=O)c1ccc2c(Sc3ccc(F)cc3)c(C#N)[nH]c2c1,5.8170
COC(=O)c1[nH]c2cc(S(C)(=O)=O)ccc2c1Sc1ccc(F)cc1F,6.4202
CS(=O)(=O)c1ccc2c(Sc3ccc(F)cc3F)c(C(N)=O)[nH]c2c1,5.6498
CS(=O)(=O)c1ccc2c(Sc3ccc(F)cc3F)c(C#N)[nH]c2c1,5.9615
CS(=O)(=O)c1ccc2c(Sc3ccccc3Cl)c(C#N)[nH]c2c1,6.5651
Cc1[nH]c2cc(S(C)(=O)=O)ccc2c1Oc1ccc(F)cc1,6.6109
CS(=O)(=O)c1ccc2c(Sc3ccc(F)cc3)c(CO)[nH]c2c1,5.8029
Cc1[nH]c2cc(S(C)(=O)=O)ccc2c1Oc1ccc(F)cc1F,6.1729
Cc1[nH]c2cc(S(C)(=O)=O)ccc2c1Oc1ccc(Cl)cc1,5.9715
COc1ccc(Oc2c(C)[nH]c3cc(S(C)(=O)=O)ccc23)cc1,6.2474
COc1ccc(Oc2c(C)[nH]c3cccc(S(C)(=O)=O)c23)cc1,6.2474
Cc1[nH]c2cc(S(C)(=O)=O)ccc2c1Oc1ccc(Cl)cc1Cl,6.1729
Cc1[nH]c2cc(S(C)(=O)=O)ccc2c1C(=O)c1ccc(F)cc1,5.9725
COc1ccc(C(=O)c2c(C)[nH]c3cc(S(C)(=O)=O)ccc23)cc1,5.7738
CS(=O)(=O)c1ccc(-c2ccc(F)c(F)c2-c2ccc(F)cc2)cc1,7.8499
NS(=O)(=O)c1ccc(-c2ccc(F)c(F)c2-c2ccc(F)cc2)cc1,8.4000
CS(=O)(=O)c1ccc(-c2ccc(F)c(F)c2-c2ccc(F)c(Cl)c2)cc1,8.0000
NS(=O)(=O)c1ccc(-c2ccc(F)c(F)c2-c2ccc(F)c(Cl)c2)cc1,8.7001
Cc1cc(-c2c(-c3ccc(S(C)(=O)=O)cc3)ccc(F)c2F)ccc1F,8.3000
Cc1cc(-c2c(-c3ccc(S(N)(=O)=O)cc3)ccc(F)c2F)ccc1F,8.7001
COc1ccc(-c2c(-c3ccc(S(C)(=O)=O)cc3)ccc(F)c2F)cc1F,7.6801
COc1ccc(-c2c(-c3ccc(S(N)(=O)=O)cc3)ccc(F)c2F)cc1F,7.8901
COc1ccc(-c2c(-c3ccc(S(C)(=O)=O)cc3)ccc(F)c2F)cc1Cl,7.7201
COc1ccc(-c2c(-c3ccc(S(N)(=O)=O)cc3)ccc(F)c2F)cc1Cl,7.8901
COc1c(Cl)cc(-c2c(-c3ccc(S(N)(=O)=O)cc3)ccc(F)c2F)cc1Cl,7.6801
COc1ccc(-c2c(-c3ccc(S(C)(=O)=O)cc3)ccc(F)c2F)cc1C,7.8901
COc1ccc(-c2c(-c3ccc(S(N)(=O)=O)cc3)ccc(F)c2F)cc1C,8.3000
COc1ccc(-c2c(-c3ccc(S(C)(=O)=O)cc3)ccc(F)c2F)cc1OC,6.4700
COc1ccc(-c2c(-c3ccc(S(N)(=O)=O)cc3)ccc(F)c2F)cc1OC,7.1900
CS(=O)(=O)c1ccc(-c2ccc(F)c(F)c2-c2ccc3c(c2)OCO3)cc1,7.9201
NS(=O)(=O)c1ccc(-c2ccc(F)c(F)c2-c2ccc3c(c2)OCO3)cc1,8.4000
Cc1ccc(-c2c(-c3ccc(S(C)(=O)=O)cc3)ccc(F)c2F)cc1,8.1600
Cc1ccc(-c2c(-c3ccc(S(N)(=O)=O)cc3)ccc(F)c2F)cc1,8.4000
Cc1ccc(-c2c(-c3ccc(S(C)(=O)=O)cc3)ccc(F)c2F)cc1Cl,7.8901
Cc1ccc(-c2c(-c3ccc(S(N)(=O)=O)cc3)ccc(F)c2F)cc1Cl,8.5200
Cc1ccc(-c2c(-c3ccc(S(C)(=O)=O)cc3)ccc(F)c2F)cc1C,7.6400
Cc1ccc(-c2c(-c3ccc(S(N)(=O)=O)cc3)ccc(F)c2F)cc1C,8.3000
Cc1cc(-c2c(-c3ccc(S(C)(=O)=O)cc3)ccc(F)c2F)ccc1Cl,8.2200
Cc1cc(-c2c(-c3ccc(S(N)(=O)=O)cc3)ccc(F)c2F)ccc1Cl,8.5200
CN(C)c1ccc(-c2c(-c3ccc(S(C)(=O)=O)cc3)ccc(F)c2F)cc1Cl,8.1000
CN(C)c1ccc(-c2c(-c3ccc(S(N)(=O)=O)cc3)ccc(F)c2F)cc1Cl,8.2200
CS(=O)(=O)c1ccc(-c2ccc(F)c(F)c2-c2ccc3c(c2)OCCO3)cc1,6.4700
NS(=O)(=O)c1ccc(-c2ccc(F)c(F)c2-c2ccc3c(c2)OCCO3)cc1,7.4900
CS(=O)(=O)c1ccc(-c2ccc(Cl)c(Cl)c2-c2ccc(F)cc2)cc1,6.6200
CS(=O)(=O)c1ccc(-c2ccc3c(c2-c2ccc(F)cc2)OCO3)cc1,7.0800
CS(=O)(=O)c1ccc(-c2c(-c3cccc(F)c3)nn3ncccc23)cc1,7.4685
CS(=O)(=O)c1ccc(-c2c(-c3ccccc3)nn3ncccc23)cc1,8.6990
Cc1ccc(-c2nn3ncccc3c2-c2ccc(S(C)(=O)=O)cc2)cc1,7.7696
CCOc1ccc(-c2nn3ncccc3c2-c2ccc(S(N)(=O)=O)cc2)cc1,9.3565
NS(=O)(=O)c1ccc(-c2c(-c3ccc(OC(F)(F)F)cc3)nn3ncccc23)cc1,6.4112
Cc1ccc2c(-c3ccc(S(C)(=O)=O)cc3)c(-c3ccc(F)cc3)nn2n1,7.6198
CCc1ccc2c(-c3ccc(S(C)(=O)=O)cc3)c(-c3ccc(F)cc3)nn2n1,7.3188
COc1ccc2c(-c3ccc(S(C)(=O)=O)cc3)c(-c3ccc(F)cc3)nn2n1,7.2924
COc1ccc2c(-c3ccc(S(N)(=O)=O)cc3)c(-c3ccc(F)cc3)nn2n1,7.5850
COc1ccc2c(-c3ccc(S(C)(=O)=O)cc3)c(-c3ccc(C)cc3)nn2n1,7.3010
CCOc1ccc(-c2nn3nc(SC)ccc3c2-c2ccc(S(N)(=O)=O)cc2)cc1,7.8861
CS(=O)(=O)c1ccc(-c2c(-c3ccc(F)cc3)nn3nc(S(C)(=O)=O)ccc23)cc1,6.4318
CCOc1ccc(-c2nn3nc(S(C)(=O)=O)ccc3c2-c2ccc(S(N)(=O)=O)cc2)cc1,6.5784
CCOc1ccc2c(-c3ccc(S(C)(=O)=O)cc3)c(-c3ccc(F)cc3)nn2n1,7.3665
CC(C)Oc1ccc2c(-c3ccc(S(C)(=O)=O)cc3)c(-c3ccc(F)cc3)nn2n1,7.2441
CCOc1ccc(-c2nn3ncccc3c2-c2ccc(S(C)(=O)=O)cc2)cc1,8.5229
CS(=O)(=O)c1ccc(-c2c(-c3ccc(F)cc3)nn3ncccc23)cc1,7.4089
COC1(c2cc(-c3ccc(S(C)(=O)=O)cc3)n(-c3ccc(C)cc3)n2)CCCO1,5.9208
Cc1onc(-c2ccccc2)c1-c1ccccc1,5.6038
CCc1onc(-c2ccccc2)c1-c1ccccc1,5.8268
CS(=O)(=O)c1ccc(-c2cc(C(F)(F)F)cnc2C(=O)c2ccccc2)cc1,6.6021
COc1ccc2c(c1F)CSc1c(C(F)(F)F)nn(-c3ccc(S(N)(=O)=O)cc3)c1-2,8.0500
Cc1ccc2c(c1F)CSc1c(C(F)(F)F)nn(-c3ccc(S(N)(=O)=O)cc3)c1-2,7.8000
NS(=O)(=O)c1ccc(-n2nc(C(F)(F)F)c3c2-c2cccc(F)c2CS3)cc1,7.6801
NS(=O)(=O)c1ccc(-n2nc(C(F)(F)F)c3c2-c2ccc(F)c(F)c2CS3)cc1,8.2200
COc1ccc2c(c1F)CSc1c(C(F)F)nn(-c3ccc(S(N)(=O)=O)cc3)c1-2,7.4900
COc1ccc2c(c1F)CSc1c(C(F)(F)F)nn(-c3ccc(S(C)(=O)=O)cc3)c1-2,7.1200
COc1ccc2c(c1F)C[S+]([O-])c1c(C(F)(F)F)nn(-c3ccc(S(N)(=O)=O)cc3)c1-2,5.8200
CC1([O-])OC(=O)C(c2ccc(Cl)cc2)=C1c1ccc(S(C)(=O)=O)cc1.[Na+],5.7696
CC1(C)Cc2c(-c3ccccc3)c(-c3ccc(Cl)cc3)c(CC(=O)O)n2C1,6.3893
Oc1ccc(-c2nc(-c3ccc(O)cc3Cl)cn2-c2ccc(O)cc2)cc1,4.9393
Oc1ccc(-n2cc(-c3ccc(O)cc3Cl)nc2-c2ccc(O)cc2Cl)cc1,5.0269
C[C@@H](C(=O)O)c1ccc(-c2ccccc2)c(F)c1,3.9101
C[C@H](C(=O)O)c1ccc(-c2ccccc2)c(F)c1,6.0410
COc1ccccc1-n1c(-c2ccc(S(N)(=O)=O)cc2)nc2ccccc21,5.0969
NS(=O)(=O)c1ccc(-c2nc3ccccc3n2-c2ccc(Cl)cc2)cc1,6.6990
NS(=O)(=O)c1ccc(-c2c(-c3ccccc3)noc2CF)cc1,8.6990
NS(=O)(=O)c1ccc(-c2c(-c3ccccc3)noc2CCF)cc1,8.0969
C[C@@H]1CN(c2c(C#N)c(C(F)F)nn2-c2ccc(S(C)(=O)=O)cn2)C[C@H](C)O1,7.5528
C[S+]([O-])c1ccc(C2=C(c3ccccc3)C(=O)OC2)cc1,5.3072
Cc1ccc(-c2ncc(Cl)cc2-c2ccc([S@+](C)[O-])cc2)cn1,5.4559
Cc1ccc(-c2ncc(Cl)cc2-c2ccc([S+](C)[O-])cc2)cn1,5.4318
C[S@+]([O-])c1ccc(C2=C(c3ccccc3)C(=O)OC2)cc1,5.6778
C[S@@+]([O-])c1ccc(C2=C(c3ccccc3)C(=O)OC2)cc1,5.3747
Cc1cc(=O)c(Oc2ccc(Br)cc2F)c(-c2ccc([S@+](C)[O-])cc2)o1,6.6990
Cc1cc(=O)c(Oc2ccc(Cl)cc2F)c(-c2ccc([S@+](C)[O-])cc2)o1,6.6021
Cc1cc(=O)c(Oc2ccc(F)cc2F)c(-c2ccc([S@+](C)[O-])cc2)o1,6.5686
Cc1cc(=O)c(Oc2ccc(Br)cc2F)c(-c2ccc([S@@+](C)[O-])cc2)o1,5.8013
Cc1cc(=O)c(Oc2ccc(Cl)cc2F)c(-c2ccc([S@@+](C)[O-])cc2)o1,5.6073
Cc1cc(=O)c(Oc2ccc(F)cc2F)c(-c2ccc([S@@+](C)[O-])cc2)o1,5.6778
Cc1cc(=O)c(Oc2ccc(Br)cc2F)c(-c2ccc([S+](C)[O-])cc2)o1,6.2441
Cc1cc(=O)c(Oc2ccc(Cl)cc2F)c(-c2ccc([S+](C)[O-])cc2)o1,6.1739
Cc1cc(=O)c(Oc2ccc(F)cc2F)c(-c2ccc([S+](C)[O-])cc2)o1,6.0362
Cc1ccc2c(c1)c(-c1ccnc3c(C)cccc13)c(C)n2CC(=O)O,5.5229
NS(=O)(=O)c1ccc(/N=N/c2ccc(O)c(O)c2)cc1,4.9059
COc1cc(/N=N/c2ccc(S(N)(=O)=O)cc2)ccc1O,4.7734
COc1ccc(/N=N/c2ccc(S(N)(=O)=O)cc2)cc1,4.8348
COc1ccc(/N=N/c2ccc(S(N)(=O)=O)cc2)cc1OC,5.3686
CSc1cc(N)ccc1/N=N/c1ccc(S(N)(=O)=O)cc1,5.6904
NS(=O)(=O)c1ccc(/N=N/c2ccc(O)c(C(=O)O)c2)cc1,5.0511
NS(=O)(=O)c1ccc(/N=N/c2ccc(O)c(Cl)c2)cc1,4.9454
NS(=O)(=O)c1ccc(/N=N/c2ccc(OC(=O)Nc3ccccc3)c(OC(=O)Nc3ccccc3)c2)cc1,4.9559
CC(C)c1ccc(NC(=O)Oc2ccc(/N=N/c3ccc(S(N)(=O)=O)cc3)cc2OC(=O)Nc2ccc(C(C)C)cc2)cc1,4.9076
Oc1ccc(/C=C/c2cc(O)cc(O)c2)cc1,5.5935
O=C1OCC(c2ccc(-c3nn[nH]n3)cc2)=C1c1ccccc1,8.7447
Cc1ccc(-c2cc(C(F)(F)F)nn2-c2ccc(-c3nn[nH]n3)cc2)cc1,8.7212
NS(=O)(=O)c1ccc(-n2cnc(Cl)c2-c2ccc(OCCO[N+](=O)[O-])c(F)c2)cc1,4.5376
NS(=O)(=O)c1ccc(-n2cnc(Cl)c2-c2ccc(OCCO)c(F)c2)cc1,4.6990
NS(=O)(=O)c1ccc(-n2cnc(Cl)c2-c2ccc(OCCCO[N+](=O)[O-])c(F)c2)cc1,4.7959
CS(=O)(=O)c1ccc(-n2cnc(Cl)c2-c2ccc(OCCO[N+](=O)[O-])c(F)c2)cc1,5.1612
CS(=O)(=O)c1ccc(-n2cnc(Cl)c2-c2ccc(OCCO)c(F)c2)cc1,4.2518
CS(=O)(=O)c1ccc(-n2cnc(Cl)c2-c2ccc(OCCCO[N+](=O)[O-])c(F)c2)cc1,4.8539
CS(=O)(=O)c1ccc(-n2cnc(Cl)c2-c2ccc(OCC(CO[N+](=O)[O-])O[N+](=O)[O-])c(F)c2)cc1,4.1192
COc1ccc(OCc2cc(-c3ccccc3)n(-c3ccc(S(C)(=O)=O)cc3)n2)cc1OC,6.1549
COc1cc(OC)cc(OCc2cc(-c3ccccc3)n(-c3ccc(S(C)(=O)=O)cc3)n2)c1,6.0605
CS(=O)(=O)c1ccc(-n2nc(COc3ccc4c(c3)OCO4)cc2-c2ccccc2)cc1,6.3468
CCOc1cccc(OCc2cc(-c3ccccc3)n(-c3ccc(S(C)(=O)=O)cc3)n2)c1,6.0458
COc1cc(OCc2cc(-c3ccccc3)n(-c3ccc(S(C)(=O)=O)cc3)n2)cc(OC)c1OC,6.6576
CS(=O)(=O)c1ccc(-n2nc(COc3cccc(N4CCOCC4)c3)cc2-c2ccccc2)cc1,6.0362
CS(=O)(=O)c1ccc(-n2nc(COc3cc(F)cc(C#N)c3)cc2-c2ccccc2)cc1,6.2441
CS(=O)(=O)c1ccc(-n2nc(COc3cccc([N+](=O)[O-])c3)cc2-c2ccccc2)cc1,6.1308
COc1cc(F)cc(OCc2cc(-c3ccccc3)n(-c3ccc(S(C)(=O)=O)cc3)n2)c1,6.5086
COC1(c2cc(F)cc(OCc3cc(-c4ccccc4)n(-c4ccc(Cl)c(Cl)c4)n3)c2)CCOCC1,6.1549
COC1(c2cc(F)cc(OCc3cc(-c4ccccc4)n(-c4ccc(C)c(C)c4)n3)c2)CCOCC1,6.3872
COC1(c2cc(F)cc(OCc3cc(-c4ccccc4)n(-c4ccc(S(N)(=O)=O)cc4)n3)c2)CCOCC1,7.0000
COC1(c2cc(F)cc(OCc3cc(-c4ccccc4)n(-c4ccc(OC(F)(F)F)cc4)n3)c2)CCOCC1,6.0862
COc1ccc(-n2nc(COc3cc(F)cc(C4(OC)CCOCC4)c3)cc2-c2ccccc2)cc1,6.5229
COC1(c2cc(F)cc(OCc3cc(-c4ccccc4)n(-c4ccc(C)cc4)n3)c2)CCOCC1,6.0315
COC1(c2cc(F)cc(OCc3cc(-c4ccccc4)n(-c4ccc(Cl)cc4)n3)c2)CCOCC1,6.0315
COC1(c2cc(F)cc(OCc3cc(-c4ccccc4)n(-c4ccc(F)cc4)n3)c2)CCOCC1,6.0177
COC1(c2cc(F)cc(OCc3cc(-c4ccccc4)n(-c4ccccc4)n3)c2)CCOCC1,6.2147
CS(=O)(=O)Nc1ccncc1Oc1ccccc1Cl,6.8861
CCCS(=O)(=O)Nc1ccncc1Oc1ccc(Cl)cc1,5.0137
CN(c1ccccc1)c1cnccc1NS(=O)(=O)C(F)(F)F,4.3222
O=S(=O)(Nc1ccncc1Nc1ccccc1)C(F)(F)F,7.0458
O=S(=O)(Nc1ccncc1Sc1ccccc1)C(F)(F)F,6.2757
CS(=O)(=O)Nc1ccncc1Sc1ccccc1,5.9245
CCS(=O)(=O)Nc1ccncc1Oc1ccc(Cl)cc1,5.4841
CCS(=O)(=O)Nc1ccncc1Oc1ccccc1,4.8505
O=S(=O)(Nc1ccncc1Oc1ccc(Cl)cc1Cl)C(F)(F)F,5.5935
COc1ccc(Oc2cnccc2NS(=O)(=O)C(F)(F)F)cc1,6.3565
O=S(=O)(Nc1ccncc1Oc1ccc(Br)cc1)C(F)(F)F,4.8589
O=S(=O)(Nc1ccncc1Oc1ccc(Cl)cc1)C(F)(F)F,5.8153
O=S(=O)(Nc1ccncc1Oc1ccccc1Cl)C(F)(F)F,6.8239
CS(=O)(=O)Nc1ccncc1Oc1ccc(Cl)cc1Cl,6.9208
COc1ccc(Oc2cnccc2NS(C)(=O)=O)cc1,5.6271
CS(=O)(=O)Nc1ccncc1Oc1ccc(Br)cc1,5.1192
CS(=O)(=O)Nc1ccncc1Oc1ccc(Cl)cc1,5.7282
CS(=O)(=O)Nc1ccncc1Oc1cccc(Cl)c1,5.7011
O=C1O[C@H](c2ccc(O)c(O)c2)[C@H]2CO[C@H](c3ccc(O)c(O)c3)[C@@H]12,4.0448
O=c1c(O)c(-c2ccc(O)c(O)c2)oc2cc(O)cc(O)c12,4.5436
OC[C@@H]1[C@@H]([C@H](O)c2ccc(O)c(O)c2)CO[C@@H]1c1ccc(O)c(O)c1,4.1314
COC1=C(C)C(=O)C2=C(CCc3cc(O)ccc3O2)C1=O,4.9957
COc1c(O)c(C)c(OC)c2c1CCc1c(O)cccc1O2,5.1612
COc1ccc(C2=Cc3ccccc3CC2)c(OC)c1OC,6.1805
COc1ccc(C2=Cc3ccccc3C2)c(OC)c1OC,5.8761
COc1ccccc1C1=Cc2ccccc2C1,4.2055
COc1ccc2c(c1)CCC(c1ccc(OC)c(OC)c1)=C2,7.5229
C[C@@]1(CO)C=Cc2cc(O)ccc2O1,6.2007
O=C(O)Cc1ccn(-c2ccccc2F)c1,5.6198
O=C(O)Cc1cccn1-c1ccccc1F,5.2076
O=C(O)Cc1cccn1-c1ccc2c(c1)OCCO2,5.6576
C[C@H](C(=O)O)c1ccc2c(c1)OCCO2,4.7825
CCOC(=O)Cc1cc(-c2ccc(S(C)(=O)=O)cc2)n(-c2cccc(F)c2)c1C,5.6778
COc1ccc2c(c1)c(CC(=O)NOCCCO)c(C)n2C(=O)c1ccc(Cl)cc1,6.1549
COc1ccc2c(c1)c(CCNS(=O)(=O)CCCO)c(C)n2C(=O)c1ccc(Cl)cc1,5.9586
COc1ccc2c(c1)c(CCNS(=O)(=O)CCCO[N+](=O)[O-])c(C)n2C(=O)c1ccc(Cl)cc1,5.9208
COc1ccc2c(c1)c(CCNC(=O)NCCCO[N+](=O)[O-])c(C)n2C(=O)c1ccc(Cl)cc1,5.0000
COc1ccc2c(c1)c(CC(=O)NCC(C)(C)CO[N+](=O)[O-])c(C)n2C(=O)c1ccc(Cl)cc1,5.9208
COc1ccc2c(c1)c(CC(=O)NCCCO[N+](=O)[O-])c(C)n2C(=O)c1ccc(Cl)cc1,5.9208
COc1cc2c(CC(=O)NCCCO[N+](=O)[O-])c(C)n(C(=O)c3ccc(Cl)cc3)c2cc1Cl,5.2366
COc1cc2c(CC(=O)O)c(C)n(C(=O)c3ccc(Cl)cc3)c2cc1Cl,5.3872
Cc1c(CC(=O)NCCCO)c2cc(O)ccc2n1C(=O)c1ccc(Cl)cc1,5.5229
Cc1c(CC(=O)NCCCO[N+](=O)[O-])c2cc(OS(N)(=O)=O)ccc2n1C(=O)c1ccc(Cl)cc1,4.5800
Cc1c(CC(=O)NCCCO[N+](=O)[O-])c2cc(O)ccc2n1C(=O)c1ccc(Cl)cc1,5.4559
Cc1c(CC(=O)O)c2cc(O)ccc2n1C(=O)c1ccc(Cl)cc1,5.3010
COc1ccc2c(c1)c(CCNC(=O)c1ccc(O[N+](=O)[O-])cc1)c(C)n2C(=O)c1ccc(Cl)cc1,5.8239
CS(=O)(=O)c1ccc(C2SCC(=O)N2c2ccccc2)cc1,6.6990
COc1ccc(N2C(=O)CSC2c2ccc(S(C)(=O)=O)cc2)cc1,6.7959
Cc1ccc(N2C(=O)CSC2c2ccc(S(C)(=O)=O)cc2)cc1,6.8239
CS(=O)(=O)c1ccc(C2SCC(=O)N2c2ccc(F)cc2)cc1,6.9208
Cc1onc(-c2ccccc2)c1-c1ccc(S(=O)(=O)NO)cc1.O,5.9586
COc1ccc2c(c1)c(CCOC(=O)c1ccc(Cl)cc1)c(C)n2Cc1ccc(Br)cc1,7.3010
COc1ccc2c(c1)c(CCNC(=O)c1ccc(Cl)cc1)c(C)n2Cc1ccc(Br)cc1,7.3010
C/C(=N/OCc1ccccc1Nc1c(Cl)cccc1Cl)C(=O)O,7.0000
Cc1ccc(Nc2c(F)cccc2Cl)c(CC(=O)O)c1,6.8861
CCOc1cccc(OCC)c1-c1ccc(C(C)C(=O)O)cc1F,7.0000
NS(=O)(=O)c1ccc(/N=C/c2ccccc2)cc1,5.5421
COC(=O)c1ccc(/N=C/c2ccc(S(N)(=O)=O)cc2)cc1,5.4295
COC(=O)c1cc(/N=C/c2ccc(S(N)(=O)=O)cc2)ccc1O,5.5045
COc1ccc(/N=C/c2ccc(S(N)(=O)=O)cc2)cc1OC,5.3686
COc1ccc(/N=C/c2ccc(S(N)(=O)=O)cc2)cc1,5.3830
NS(=O)(=O)c1ccc(/C=N/c2ccc(O)cc2)cc1,5.2933
CN(C)c1ccc(/N=C/c2ccc(S(N)(=O)=O)cc2)cc1,5.7100
NS(=O)(=O)c1ccc(/C=N/c2ccc(C(F)(F)F)cc2)cc1,5.1844
Cc1ccc(/N=C/c2ccc(S(N)(=O)=O)cc2)cc1,5.3354
NS(=O)(=O)c1ccc(/C=N/c2ccc(F)cc2)cc1,5.3585
NS(=O)(=O)c1ccc(/C=N/c2ccccc2)cc1,5.5072
COc1cc(/C=N/c2ccc(S(N)(=O)=O)cc2)cc(OC)c1O,5.5670
COc1cc(/C=N/c2ccc(S(N)(=O)=O)cc2)cc(OC)c1OC,5.5331
COc1cc(/C=N/c2ccc(S(N)(=O)=O)cc2)cc(OC)c1,5.4685
COc1ccc(/C=N/c2ccc(S(N)(=O)=O)cc2)cc1OC,5.5100
COc1ccc(/C=N/c2ccc(S(N)(=O)=O)cc2)cc1O,5.4559
CCOc1cc(/C=N/c2ccc(S(N)(=O)=O)cc2)ccc1O,5.4330
NS(=O)(=O)c1ccc(/N=C/c2ccc(O)c(C(=O)O)c2)cc1,6.1308
COc1cc(/C=N/c2ccc(S(N)(=O)=O)cc2)ccc1O,5.5302
NS(=O)(=O)c1ccc(/N=C/c2ccc(O)c(O)c2)cc1,5.5452
NS(=O)(=O)c1ccc(/N=C/c2cccc(O)c2)cc1,5.5560
COc1cccc(/C=N/c2ccc(S(N)(=O)=O)cc2)c1,5.2636
COc1ccc(/C=N/c2ccc(S(N)(=O)=O)cc2)cc1,5.0052
Cc1ccc(/C=N/c2ccc(S(N)(=O)=O)cc2)cc1,5.3063
NS(=O)(=O)c1ccc(/N=C/c2ccc(C(F)(F)F)cc2)cc1,5.3372
NS(=O)(=O)c1ccc(/N=C/c2ccc(O)cc2)cc1,5.4660
CN(C)c1ccc(/C=N/c2ccc(S(N)(=O)=O)cc2)cc1,5.4737
NS(=O)(=O)c1ccc(/N=C/c2cccc([N+](=O)[O-])c2)cc1,5.1707
NS(=O)(=O)c1ccc(/N=C/c2ccc([N+](=O)[O-])cc2)cc1,5.5229
COC(=O)c1ccc(/C=N/c2ccc(S(N)(=O)=O)cc2)cc1,5.5638
NS(=O)(=O)c1ccc(/N=C/c2ccc(F)cc2)cc1,5.6536
NS(=O)(=O)c1ccc(-c2nc(NCc3ccccc3)cc(C(F)(F)F)n2)cc1,5.4001
CS(=O)(=O)c1ccc(-c2nc(NCC3CC=CCC3)cc(C(F)(F)F)n2)cc1,7.4242
CS(=O)(=O)c1ccc(-c2nc(NC3CCCCC3)cc(C(F)(F)F)n2)cc1,6.6100
CS(=O)(=O)c1ccc(-c2nc(NC3CCCC3)cc(C(F)(F)F)n2)cc1,6.3225
CC(C)CNc1cc(C(F)(F)F)nc(-c2ccc(S(C)(=O)=O)cc2)n1,5.6063
Cn1cccc1CNc1cc(C(F)(F)F)nc(-c2ccc(S(C)(=O)=O)cc2)n1,7.1453
CS(=O)(=O)c1ccc(-c2nc(NCc3nccs3)cc(C(F)(F)F)n2)cc1,6.7077
NS(=O)(=O)c1ccc(-c2nc(NCC3CCCCC3)cc(C(F)(F)F)n2)cc1,6.0950
CS(=O)(=O)c1ccc(-c2nc(NCc3csc4ccccc34)cc(C(F)(F)F)n2)cc1,5.0000
NS(=O)(=O)c1ccc(-c2nc(NCc3csc4ccccc34)cc(C(F)(F)F)n2)cc1,5.0000
CS(=O)(=O)c1ccc(-c2nc(NCc3cc4ccccc4s3)cc(C(F)(F)F)n2)cc1,6.5325
NS(=O)(=O)c1ccc(-c2nc(NCc3cc4ccccc4s3)cc(C(F)(F)F)n2)cc1,6.8526
CS(=O)(=O)c1ccc(-c2nc(NCc3ccco3)cc(C(F)(F)F)n2)cc1,6.7757
NS(=O)(=O)c1ccc(-c2nc(NCc3ccco3)cc(C(F)(F)F)n2)cc1,5.5544
CS(=O)(=O)c1ccc(-c2nc(NCc3ccncc3)cc(C(F)(F)F)n2)cc1,6.0276
NS(=O)(=O)c1ccc(-c2nc(NCc3ccncc3)cc(C(F)(F)F)n2)cc1,5.6005
NS(=O)(=O)c1ccc(-c2nc(NCc3ccccn3)cc(C(F)(F)F)n2)cc1,5.5229
CS(=O)(=O)c1ccc(-c2nc(NCc3ccsc3)cc(C(F)(F)F)n2)cc1,7.3325
NS(=O)(=O)c1ccc(-c2nc(NCc3ccsc3)cc(C(F)(F)F)n2)cc1,7.2138
CS(=O)(=O)c1ccc(-c2nc(NCc3cccs3)cc(C(F)(F)F)n2)cc1,8.1638
NS(=O)(=O)c1ccc(-c2nc(NCc3cccs3)cc(C(F)(F)F)n2)cc1,6.8024
CS(=O)(=O)c1ccc(-c2nc(NCc3ccccc3)cc(C(F)(F)F)n2)cc1,7.0013
CCCCCNc1cc(C(F)(F)F)nc(-c2ccc(S(C)(=O)=O)cc2)n1,6.1375
CS(=O)(=O)c1ccc(-c2nc(NCC3CCCCC3)cc(C(F)(F)F)n2)cc1,5.8297
Cc1c(Cl)nc(-c2ccc(S(C)(=O)=O)cc2)nc1NCc1ccc(F)cc1,7.1624
CS(=O)(=O)c1ccc(-c2nc(Cl)cc(NCc3ccc(F)cc3)n2)cc1,7.4724
CCc1c(NCc2ccc(F)cc2)nc(-c2ccc(S(C)(=O)=O)cc2)nc1C(F)(F)F,6.9880
Cc1c(NCc2ccc(F)cc2)nc(-c2ccc(S(C)(=O)=O)cc2)nc1C(F)(F)F,7.6498
Cc1ccc(CNc2nc(-c3ccc(S(C)(=O)=O)cc3)nc(Cl)c2C)cc1,7.4353
Cc1ccc(CNc2cc(Cl)nc(-c3ccc(S(C)(=O)=O)cc3)n2)cc1,7.3526
CCc1c(NCc2cccs2)nc(-c2ccc(S(C)(=O)=O)cc2)nc1C(F)(F)F,6.9176
Cc1c(NCc2cccs2)nc(-c2ccc(S(C)(=O)=O)cc2)nc1C(F)(F)F,7.4179
Cc1c(NCc2ccccc2)nc(-c2ccc(S(C)(=O)=O)cc2)nc1C(F)(F)F,7.7447
CS(=O)(=O)c1ccc(-c2nc(NCc3cccs3)cc(OC3CCCC3)n2)cc1,8.1249
COCCOc1cc(NCc2cccs2)nc(-c2ccc(S(C)(=O)=O)cc2)n1,8.6198
CCOc1cc(NCc2cccs2)nc(-c2ccc(S(C)(=O)=O)cc2)n1,9.5229
CC[S+]([O-])c1cc(NCc2cccs2)nc(-c2ccc(S(C)(=O)=O)cc2)n1,7.4248
CCN(CC)c1cc(NCc2cccs2)nc(-c2ccc(S(C)(=O)=O)cc2)n1,8.2147
CS(=O)(=O)c1ccc(-c2nccc(NCc3cccs3)n2)cc1,8.0362
CC(C)Nc1cc(NCc2cccs2)nc(-c2ccc(S(C)(=O)=O)cc2)n1,7.9872
CC(C)Nc1cc(NCc2ccccc2)nc(-c2ccc(S(C)(=O)=O)cc2)n1,6.5626
CS(=O)(=O)c1ccc(-c2nc(O)cc(NCc3cccs3)n2)cc1,7.1002
CS(=O)(=O)c1ccc(-c2nc(O)cc(NCc3ccccc3)n2)cc1,7.3072
CCS(=O)(=O)c1cc(NCc2cccs2)nc(-c2ccc(S(C)(=O)=O)cc2)n1,6.8401
CCS(=O)(=O)c1cc(NCc2ccccc2)nc(-c2ccc(S(C)(=O)=O)cc2)n1,7.0424
CCSc1cc(NCc2cccs2)nc(-c2ccc(S(C)(=O)=O)cc2)n1,8.9208
CCSc1cc(NCc2ccccc2)nc(-c2ccc(S(C)(=O)=O)cc2)n1,7.6180
CS(=O)(=O)c1ccc(-c2nc(Cl)cc(NCc3cccs3)n2)cc1,8.4085
CS(=O)(=O)c1ccc(-c2nc(Cl)cc(NCc3ccccc3)n2)cc1,7.9626
COc1cc(NCc2cccs2)nc(-c2ccc(S(C)(=O)=O)cc2)n1,9.3979
COc1cc(NCc2ccccc2)nc(-c2ccc(S(C)(=O)=O)cc2)n1,8.2924
CC(C)(C)c1cc(NCc2cccs2)nc(-c2ccc(S(C)(=O)=O)cc2)n1,7.5072
CC(C)(C)c1cc(NCc2ccccc2)nc(-c2ccc(S(C)(=O)=O)cc2)n1,7.0273
CC(C)c1cc(NCc2cccs2)nc(-c2ccc(S(C)(=O)=O)cc2)n1,8.0088
CC(C)c1cc(NCc2ccccc2)nc(-c2ccc(S(C)(=O)=O)cc2)n1,7.5969
CS(=O)(=O)c1ccc(-c2nc(NCc3ccc(Cl)s3)cc(C(F)(F)F)n2)cc1,8.2676
Cc1ccc(CNc2cc(C(F)(F)F)nc(-c3ccc(S(C)(=O)=O)cc3)n2)s1,7.9318
Cc1ccsc1CNc1cc(C(F)(F)F)nc(-c2ccc(S(C)(=O)=O)cc2)n1,6.2775
CS(=O)(=O)c1ccc(-c2nc(NCc3ccc(N)cc3)cc(C(F)(F)F)n2)cc1,6.6751
CS(=O)(=O)c1ccc(-c2nc(NCc3ccc(O)cc3)cc(C(F)(F)F)n2)cc1,6.1972
COc1ccc(CNc2cc(C(F)(F)F)nc(-c3ccc(S(C)(=O)=O)cc3)n2)cc1,6.5650
CS(=O)(=O)c1ccc(-c2nc(NCc3ccc(C(F)(F)F)cc3)cc(C(F)(F)F)n2)cc1,5.7167
CS(=O)(=O)c1ccc(-c2nc(NCc3cc(F)cc(F)c3)cc(C(F)(F)F)n2)cc1,6.5224
Cc1cccc(CNc2cc(C(F)(F)F)nc(-c3ccc(S(C)(=O)=O)cc3)n2)c1,5.7144
Cc1ccccc1CNc1cc(C(F)(F)F)nc(-c2ccc(S(C)(=O)=O)cc2)n1,5.2426
CS(=O)(=O)c1ccc(-c2nc(NCc3ccc(F)cc3)cc(C(F)(F)F)n2)cc1,7.1124
Cc1ccc(CNc2cc(C(F)(F)F)nc(-c3ccc(S(C)(=O)=O)cc3)n2)cc1,7.3152
Cn1cccc1CCNc1cc(C(F)(F)F)nc(-c2ccc(S(C)(=O)=O)cc2)n1,5.4001
CS(=O)(=O)c1ccc(-c2nc(NCCc3cccs3)cc(C(F)(F)F)n2)cc1,5.9172
CS(=O)(=O)c1ccc(-c2nc(SCc3cccs3)cc(C(F)(F)F)n2)cc1,8.3872
CS(=O)(=O)c1ccc(-c2nc(SCc3ccccc3)cc(C(F)(F)F)n2)cc1,6.2775
CC(Nc1cc(C(F)(F)F)nc(-c2ccc(S(C)(=O)=O)cc2)n1)c1ccccc1,6.2825
CN(Cc1ccccc1)c1cc(C(F)(F)F)nc(-c2ccc(S(C)(=O)=O)cc2)n1,6.3425
O=C1N/C(=N\c2nccs2)S/C1=C/c1cccc(Cl)c1,3.5817
CCc1cccc(C)c1Nc1ccccc1CC(=O)O,6.4855
Cc1cccc(C)c1Nc1ccccc1CC(=O)O,7.3279
O=C(O)Cc1ccccc1Nc1c(Cl)cccc1C(F)(F)F,6.7799
O=C(O)Cc1ccccc1Nc1c(F)cccc1C(F)(F)F,6.2013
Cc1cccc(Cl)c1Nc1ccccc1CC(=O)O,7.6990
Cc1ccc(Nc2c(C)cccc2Cl)c(CC(=O)O)c1,7.2218
Cc1ccc(Nc2c(Cl)cc(Cl)cc2Cl)c(CC(=O)O)c1,7.5528
Cc1ccc(Nc2c(Cl)cccc2Cl)c(CC(=O)O)c1,7.3279
Nc1ccc(NC(=O)c2ccc(C(F)(F)F)cc2)nc1,3.6778
COc1ccc(-c2nc(C(=O)N3CCN(C)CC3)sc2-c2ccc(OC)cc2)cc1,4.1871
COc1ccc(-c2noc(CC(=O)O)c2-c2ccc(OC)cc2)cc1,6.3565
Oc1ccc([C@@H]2c3c(O)cc(O)cc3[C@H]3[C@H](c4ccc(O)cc4)c4c(O)cc(O)cc4[C@@H]23)cc1,4.0969
Oc1ccc([C@H]2Oc3ccc(/C=C/c4cc(O)cc(O)c4)cc3[C@@H]2c2cc(O)cc(O)c2)cc1,5.4318
OC[C@H]1O[C@@H](Oc2cc(O)cc([C@H]3c4cc(/C=C/c5cc(O)cc(O)c5)ccc4O[C@@H]3c3ccc(O)cc3)c2)[C@H](O)[C@@H](O)[C@@H]1O,5.1249
Cc1ccc(-n2c(-c3ccc(Br)cc3)cs/c2=N\N=C/c2cn(-c3ccc(S(=O)(=O)/N=C/N(C)C)cc3)nc2-c2ccccc2)cc1,5.8894
CN(C)/C=N/S(=O)(=O)c1ccc(-n2cc(/C=N\N=C3/SCC(=O)N3c3ccc(Cl)cc3)c(-c3ccccc3)n2)cc1,6.1938
Cc1ccc(N2C(=O)CS/C2=N\N=C/c2cn(-c3ccc(S(=O)(=O)/N=C/N(C)C)cc3)nc2-c2ccccc2)cc1,5.9355
COc1ccc(-c2cn[se]c2-c2ccc(OC)cc2)cc1,5.0969
CS(=O)(=O)c1ccc(-c2[se]ncc2-c2ccc(F)cc2)cc1,6.2218
CS(=O)(=O)c1ccc(-c2[nH]c3ccc(F)cc3c2-c2ccccc2)cc1,8.3010
NS(=O)(=O)c1ccc(-c2[nH]c3ccc(Cl)cc3c2-c2cccc(Cl)c2)cc1,8.5042
NS(=O)(=O)c1ccc(-c2[nH]c3ccccc3c2-c2ccc(O)cc2)cc1,8.1910
Cc1ccc(-c2c(-c3ccc(S(C)(=O)=O)cc3)[nH]c3ccccc23)cc1C,9.7698
COc1ccc(-c2c(-c3ccc(S(C)(=O)=O)cc3)[nH]c3ccccc23)cc1,10.6990
COc1ccc(-c2c(-c3ccc(S(N)(=O)=O)cc3)[nH]c3ccccc23)cc1,11.2218
NS(=O)(=O)c1ccc(-c2[nH]c3ccccc3c2-c2ccc(Br)cc2)cc1,8.0779
CS(=O)(=O)c1ccc(-c2[nH]c3ccccc3c2-c2ccc(Cl)cc2)cc1,6.8358
CS(=O)(=O)c1ccc(-c2[nH]c3ccccc3c2-c2ccc(F)cc2)cc1,9.1990
Cc1ccc2[nH]c(-c3ccc(S(C)(=O)=O)cc3)c(-c3ccccc3)c2c1,9.5529
Cc1ccc2[nH]c(-c3ccc(S(N)(=O)=O)cc3)c(-c3ccccc3)c2c1,10.6990
CS(=O)(=O)c1ccc(-c2[nH]c3ccc(Br)cc3c2-c2ccccc2)cc1,8.8509
NS(=O)(=O)c1ccc(-c2[nH]c3ccc(Br)cc3c2-c2ccccc2)cc1,8.3010
CS(=O)(=O)c1ccc(-c2[nH]c3ccc(Cl)cc3c2-c2ccccc2)cc1,9.4439
NS(=O)(=O)c1ccc(-c2[nH]c3ccc(Cl)cc3c2-c2ccccc2)cc1,9.8539
NS(=O)(=O)c1ccc(-c2[nH]c3ccc(F)cc3c2-c2ccccc2)cc1,8.6990
CS(=O)(=O)c1ccc(-c2[nH]c3ccc(Cl)cc3c2-c2ccccc2Cl)cc1,8.0000
NS(=O)(=O)c1ccc(-c2[nH]c3ccc(Cl)cc3c2-c2ccccc2Cl)cc1,7.0000
CS(=O)(=O)c1ccc(-c2[nH]c3ccc(Cl)cc3c2-c2cccc(Cl)c2)cc1,9.0970
CS(=O)(=O)c1ccc(-c2[nH]c3ccc(Cl)cc3c2-c2ccc(Cl)cc2)cc1,7.0700
NS(=O)(=O)c1ccc(-c2[nH]c3ccc(Cl)cc3c2-c2ccc(Cl)cc2)cc1,9.2678
CC(=O)NS(=O)(=O)c1ccc(-c2[nH]c3ccccc3c2-c2ccccc2)cc1,9.7448
Cc1ccc(-c2c(-c3ccc(S(N)(=O)=O)cc3)[nH]c3ccccc23)cc1C,8.8358
Cc1ccc(-c2c(-c3ccc(S(C)(=O)=O)cc3)[nH]c3ccccc23)cc1,10.0459
Cc1ccc(-c2c(-c3ccc(S(N)(=O)=O)cc3)[nH]c3ccccc23)cc1,10.1550
CS(=O)(=O)c1ccc(-c2[nH]c3ccccc3c2-c2ccc(Br)cc2)cc1,9.4319
NS(=O)(=O)c1ccc(-c2[nH]c3ccccc3c2-c2ccc(Cl)cc2)cc1,7.4750
NS(=O)(=O)c1ccc(-c2[nH]c3ccccc3c2-c2ccc(F)cc2)cc1,8.2881
CS(=O)(=O)c1ccc(-c2[nH]c3ccccc3c2-c2ccccc2)cc1,9.2219
NS(=O)(=O)c1ccc(-c2[nH]c3ccccc3c2-c2ccccc2)cc1,10.0459
CC(COC(=O)C(C)c1ccc2c(c1)[nH]c1ccc(Cl)cc12)O[N+](=O)[O-],4.3468
CC(C(=O)OCCO[N+](=O)[O-])c1ccc2c(c1)[nH]c1ccc(Cl)cc12,4.1871
CC(C(=O)OCC(CO[N+](=O)[O-])O[N+](=O)[O-])c1ccc(C(=O)c2cccs2)cc1,5.5686
CC(COC(=O)C(C)c1ccc(C(=O)c2cccs2)cc1)O[N+](=O)[O-],5.3410
CC(C(=O)OCCO[N+](=O)[O-])c1ccc(C(=O)c2cccs2)cc1,5.2366
CC(C(=O)O)c1ccc(C(=O)c2cccs2)cc1,5.5607
CC(C(=O)OCC(CO[N+](=O)[O-])O[N+](=O)[O-])c1cccc(C(=O)c2ccccc2)c1,6.1308
CC(COC(=O)C(C)c1cccc(C(=O)c2ccccc2)c1)O[N+](=O)[O-],6.1367
CC(C(=O)OCCO[N+](=O)[O-])c1cccc(C(=O)c2ccccc2)c1,6.1135
COc1ccc(Nc2c(-c3ccc(S(C)(=O)=O)cc3)nc3ccccn23)cc1,5.5528
c1ccc(Nc2c(-c3ccccn3)nc3ccccn23)cc1,4.7328
CC(=O)c1cc(C(C)=O)c2c(=O)cc(-c3ccccc3)oc2c1,5.5686
COc1ccc(-c2cc(-c3ccccc3)c(-c3ccc(S(C)(=O)=O)cc3)c(=O)o2)cc1,7.6990
c1ccc(-c2ccc(-c3ccccc3)cc2)cc1,3.8416
C[C@H]1[C@H](C)CC[C@]2(C(=O)O)CC[C@]3(C)C(=CC[C@@H]4[C@@]5(C)CC[C@H](O)C(C)(C)[C@@H]5CC[C@]43C)[C@H]12,3.9758
CC1(C)CC[C@]2(C(=O)O)CC[C@]3(C)C(=CC[C@@H]4[C@@]5(C)CC[C@H](O)C(C)(C)[C@@H]5CC[C@]43C)[C@@H]2C1,3.5302
C=CCc1ccc(O)c(OC)c1,3.8894
C=CCSS/C=C/C[S+]([O-])CC=C,5.4685
O=c1cc(-c2ccc(O)cc2)oc2cc(O)cc(O)c12,5.0969
C[C@@H]1OC(O[C@@H]2[C@@H](O)[C@H](OCCc3ccc(O)c(O)c3)O[C@H](CO[C@@H]3OC[C@@H](O)[C@H](O)[C@H]3O)[C@H]2OC(=O)/C=C/c2ccc(O)c(O)c2)[C@H](O)[C@H](O)[C@H]1O,3.2218
C=C1C(=O)O[C@@H]2[C@H]1[C@@H](OC(C)=O)C[C@H](C)[C@@H]1CCC(=O)[C@@]21C,5.5376
O=C/C=C/c1ccccc1,3.6108
Oc1cc(O)c2c(c1)O[C@H](c1ccc(O)c(O)c1)[C@@H](O)C2,3.9581
O=C(/C=C/c1ccc(O)c(O)c1)OCCc1ccccc1,4.0862
C=C1C(=O)O[C@@H]2C[C@H](C)[C@@H]3[C@@H](O)CC(=O)[C@@]3(C)C[C@H]12,5.4202
CC1=CCC[C@H]2[C@](C)(Cc3cc(O)ccc3O)[C@@H](C)CC[C@]12C,5.6383
Oc1cc(O)c2cc(O)c(-c3ccc(O)c(O)c3)[o+]c2c1,1.2218
C=C1C(=O)O[C@@H]2C[C@@]3(C)C=CC(=O)C(=C)[C@@H]3C[C@H]12,6.3979
C=C1C(=O)O[C@H]2[C@H]1[C@H](OC(=O)[C@@]1(C)O[C@H]1C)[C@@H](OC(C)=O)/C(C(=O)OC)=C\CC[C@@]1(C)O[C@H]21,6.2218
C[C@H]1O[C@H](O[C@@H]2[C@@H](O)[C@H](OCCc3ccc(O)c(O)c3)O[C@H](CO[C@H]3OCC(O)(CO)[C@@H]3O)[C@H]2OC(=O)/C=C/c2ccc(O)c(O)c2)[C@@H](O)[C@@H](O)[C@@H]1O,3.3098
O=C1c2ccccc2-n2c1nc1ccccc1c2=O,7.1938
CC(C)=CCC1C(=O)C(C(=O)CC(C)C)=C(O)C(O)(CC=C(C)C)C1=O,5.7959
C=C1C(=O)O[C@H]2[C@H]1[C@H](OC(=O)[C@]1(C)O[C@@H]1C)[C@@H](OC(C)=O)/C(C(=O)O)=C\[C@H]1O[C@H]1[C@]1(C)O[C@H]21,6.3979
C=C1C(=O)O[C@@H]2/C=C(\C)[C@@H]3O[C@@H]3/C=C(/C(=O)OC)[C@H](O)[C@@H](OC(=O)[C@]3(C)O[C@@H]3C)[C@@H]12,5.9586
CC(C)=CCc1c(O)cc2oc3cc(O)c(O)c(CC=C(C)C)c3c(=O)c2c1O,5.6990
CC(C)=CCc1c(-c2ccc(O)cc2O)oc2c3c(cc(O)c2c1=O)OC(C)(C)C=C3,4.0000
O=C(O)[C@H]1O[C@@H](Oc2c(-c3cc(O)c(O)c(O)c3)oc3cc(O)cc(O)c3c2=O)[C@H](O)[C@@H](O)[C@@H]1O,5.0969
CC/C=C/C/C=C/C/C=C/C/C=C/CC/C=C/COCC(=O)O,3.7447
C=C1C(=O)O[C@@H]2C3O[C@]3(C)CC/C=C(\C)CC[C@@H]12,6.0969
C=C1C(=O)O[C@@H]2[C@H]1CC[C@H](C)[C@]1(CCC(=O)O1)[C@@]2(C)O,5.3372
Oc1cccc(O)c1O,3.8416
C[C@@H]1C[C@H]2O[C@@H]2/C=C\C=C\C(=O)Cc2c(Cl)c(O)cc(O)c2C(=O)O1,7.5686
O=c1c2ccccc2nc2n1CCc1c-2[nH]c2ccccc12,6.5379
CC(C)=CCC12Oc3cc(O)ccc3C1(O)Oc1cc(O)c([C@H]3C=C(C)C[C@@H](c4ccc(O)cc4O)[C@@H]3C(=O)c3ccc(O)cc3O)c(O)c1C2=O,4.1367
C[C@@H]1C[C@@H]2OC(=O)[C@]3(C)[C@H]2[C@@H](OC3(C)O)[C@]2(C)C(=O)C=C[C@@H]12,4.7447
CC/C=C/C/C=C/C/C=C/C/C=C/CCSCCCC(=O)O,3.9208
CC(C)[C@]12O[C@H]1[C@@H]1O[C@]13[C@]1(O[C@H]1C[C@H]1C4=C(CC[C@@]13C)C(=O)OC4)[C@@H]2O,7.3979
COc1c(O)cc(O)c2c(=O)cc(-c3ccccc3)oc12,4.3372
COc1cc2c(=O)c3c(OC)c(O)ccc3oc2cc1O,5.5243
O=c1c2ccccc2oc2c(O)c(O)ccc12,5.7235
CCc1cccc2c3c([nH]c12)C(CC)(CC(=O)O)OCC3,6.2510
CCOC(=O)C(O)c1cc(-c2ccc(S(C)(=O)=O)cc2)n(-c2cccc(F)c2)c1C,5.4202
COc1ccc(-c2cnsc2-c2ccc(OC)cc2)cc1,6.0969
Clc1ccc(-c2cnsc2-c2ccc(Cl)cc2)cc1,5.3979
Cc1ccc(-c2c(-c3ccc(S(C)(=O)=O)cc3)ssc2=S)cc1,5.0458
Cc1ccc(-c2ssc(=S)c2-c2ccc(Cl)cc2)cc1,4.3010
COc1ccc(-c2ssc(=S)c2-c2ccc(OC)cc2)cc1,4.6990
CS(=O)(=O)c1ccc(-c2ssc(=O)c2-c2ccccc2)cc1,5.9586
COc1ccc(-c2ssc(=O)c2-c2ccc(OC)cc2)cc1,6.0000
CS(=O)(=O)c1ccc(-c2c(-c3ccccc3)ssc2=O)cc1,4.3010
CCc1ccc(-c2ccc(O)c(OC)c2)o1,5.0269
CCCCCCc1ccc(-c2ccc(O)c(OC)c2)o1,5.0757
CCCCC[C@H](O)CC(=O)CCc1ccc(O)c(OC)c1,3.9031
CCCN1CC(c2ccc(S(C)(=O)=O)cc2)=C(c2ccc(CO)cc2)C1=O,7.0605
CC(C)=CCc1cc(/C=C/c2cc(O)cc(O)c2)ccc1O,5.0223
CC(C)(O)[C@H](O)Cc1cc(/C=C/c2cc(O)cc(O)c2)ccc1O,4.8570
C/C(=C\Cc1c(O)ccc(C(=O)/C=C/c2ccc(O)cc2)c1O)COC(=O)/C=C/c1ccc(O)cc1,4.8239
C[C@@H]1O[C@@H](O[C@H]2Cc3c(O)cc(O)cc3O[C@@H]2c2ccc(O)cc2)[C@H](O)[C@H](O)[C@H]1O,4.7055
Oc1cc(O)cc(-c2cc3ccc(O)cc3o2)c1,4.6517
CC(C)=CCc1c(O)ccc2cc(-c3cc(O)cc(O)c3)oc12,4.4976
CC(C)=CCc1cc(/C=C/c2cc(O)cc(O)c2)c(O)cc1O,4.4353
C/C(=C/Cc1c(O)ccc(C(=O)/C=C/c2ccc(O)cc2)c1O)COC(=O)/C=C/c1ccc(O)cc1,4.4157
O=C1CC(c2ccc(O)cc2O)Oc2cc(O)cc(O)c21,4.3335
Oc1ccc([C@H]2Oc3cc(O)cc(O)c3C[C@H]2O)cc1,4.1568
Oc1cc(O)cc(/C=C/c2ccc(O)cc2O)c1,3.9626
CS(=O)(=O)c1ccc(-n2nncc2-c2ccc(F)cc2)cc1,7.5229
CS(=O)(=O)c1ccc(-n2nncc2-c2ccc(Cl)cc2)cc1,7.3979
CN(C)c1ccc(-c2cnnn2-c2ccc(S(C)(=O)=O)cc2)cc1,6.4437
COc1ccc(-c2cnnn2-c2ccc(S(C)(=O)=O)cc2)cc1,6.7696
Cc1ccc(-c2cnnn2-c2ccc(S(C)(=O)=O)cc2)cc1,6.9208
CS(=O)(=O)c1ccc(-n2nncc2-c2ccccc2)cc1,6.9586
CS(=O)(=O)c1ccc(-n2cc(-c3ccc(F)cc3)nn2)cc1,6.6778
CS(=O)(=O)c1ccc(-n2cc(-c3ccc(Cl)cc3)nn2)cc1,6.7212
COc1ccc(-c2cn(-c3ccc(S(C)(=O)=O)cc3)nn2)cc1,5.6021
Cc1ccc(-c2cn(-c3ccc(S(C)(=O)=O)cc3)nn2)cc1,5.6021
CS(=O)(=O)c1ccc(-n2cc(-c3ccccc3)nn2)cc1,6.8239
CS(=O)(=O)Nc1cc2c(cc1C(=O)N/N=C/c1ccccc1)OCO2,4.9914
NS(=O)(=O)c1ccc(C#Cc2ccc(=O)n(C(F)F)c2)cc1,5.2218
CS(=O)(=O)c1ccc(C#Cc2ccc(=O)n(C(F)F)c2)cc1,5.2924
CS(=O)(=O)c1cccc(C#Cc2ccc(=O)n(C(F)F)c2)c1,5.4318
CS(=O)(=O)c1ccccc1C#Cc1ccc(=O)n(C(F)F)c1,5.0269
COc1ccc(/C=C/c2cc(O)cc(O)c2)cc1,4.7077
COc1cc(/C=C/c2ccc(O)cc2)cc(OC)c1,5.6544
CC/C(=C\c1cc(O)cc(O)c1)c1ccc(N(C)C)cc1,4.8297
CC/C(=C\c1cc(O)cc(O)c1)c1ccc2ccccc2c1,5.4815
CC/C(=C\c1cc(O)cc(O)c1)c1cccc(F)c1,4.7520
CC/C(=C\c1ccc(N(C)C)cc1)c1cc(O)cc(O)c1,5.6576
C/C(=C\c1cc(O)cc(O)c1)c1cccc(F)c1,5.5952
COc1ccc(/C(C)=C/c2cc(O)cc(O)c2)cc1,4.7959
C/C(=C\c1ccc(N(C)C)cc1)c1cc(O)cc(O)c1,5.7595
COc1ccc(/C=C(\C)c2cc(O)cc(O)c2)cc1OC,4.8928
C/C(=C\c1ccc(O)cc1)c1cc(O)cc(O)c1,5.7496
C/C(=C\c1ccc(C(F)(F)F)cc1)c1ccc(O)cc1,6.3279
C/C(=C\c1cc(O)cc(O)c1)c1ccc(O)cc1,5.8041
COc1cc(/C=C/c2ccc([N+](=O)[O-])cc2)cc(OC)c1,5.2262
O=[N+]([O-])c1ccc(/C=C/c2cc(O)cc(O)c2)cc1,4.5003
Oc1cc(O)cc(/C=C/c2cccc(F)c2)c1,6.0862
COc1ccc(/C=C/c2cc(O)cc(O)c2)cc1OC,4.6716
C/C(=C\c1ccc(C(F)(F)F)cc1)c1ccc(O)c(O)c1,5.7595
CC(=O)O[C@@]12[C@H](OC(=O)[C@@H](C(C)C)N(C)C)[C@@H](C)[C@]3(O)[C@@H]4C=C(C)C(=O)[C@@H]4CC(CO)=C[C@H]3[C@@H]1C2(C)C,5.6576
COC(=O)[C@H]1CC[C@]2(C)[C@H]3CC=C4[C@@H]5CC(C)(C)CC[C@]5(C(=O)O)CC[C@@]4(C)[C@]3(C)CC[C@H]2C1(C)C,5.6576
CC(=O)O[C@@]12[C@H](OC(=O)[C@@H](C(C)C)N(C)C)[C@@H](C)[C@@]3(O)[C@@H](C=C(CO)C[C@@]4(O)C(=O)C(C)=C[C@@H]34)[C@@H]1C2(C)C,5.6576
CCCCCCCCCCCCCCCCCC(=O)O[C@H]1C[C@@H](O)[C@]2(C)[C@H]3CC[C@@H]4[C@@H]([C@@](C)(O)CCC=C(C)C)CC[C@@]4(C)[C@]3(C)CC[C@H]2C1(C)C,6.4318
CCCOCCc1cc(-c2ccc(S(C)(=O)=O)cc2)n(-c2ccccc2)c1C,5.8861
CC(=O)Nc1ccc2[nH]ncc2c1,3.9703
CC(=O)Nc1ccc(O)cc1,3.8504
COc1cc(NC(C)=O)ccc1O,3.8601
COc1ccc(O)c(O)c1/C=C1\[C@@H](C)CC[C@H]2C(C)(C)CCC[C@]12C,6.1549
Nn1c(SC(C(=O)O)c2ccccc2)nc2ccc(Br)cc2c1=O,5.1549
CS(=O)(=O)Nn1c(Sc2cc([N+](=O)[O-])cc([N+](=O)[O-])c2)nc2sc(-c3ccccc3)cc2c1=O,5.4685
CC(Sc1nc2ccccc2c(=O)n1N)C(=O)O,5.2366
CS(=O)(=O)c1ccc(-n2nc(C(F)(F)F)cc2-c2ccnc(Cl)c2)cc1,6.7212
NS(=O)(=O)c1ccc(-n2nc(C(F)(F)F)cc2-c2ccn(C(F)F)c(=O)c2)cc1,6.1612
CS(=O)(=O)c1ccc(-n2nc(C(F)(F)F)cc2-c2ccn(C(F)F)c(=O)c2)cc1,5.7399
NS(=O)(=O)c1ccc(-n2nc(C(F)(F)F)cc2-c2ccnc(Cl)c2)cc1,6.1367
OC[C@H]1C[C@](O)(c2ccccc2)[C@@H](c2ccccc2)O1,5.2924
OC[C@H]1C[C@](O)(c2ccc(Cl)cc2)[C@@H](c2ccc(Cl)cc2)O1,5.5229
CS(=O)(=O)c1ccc([C@H]2O[C@@H](CO)C[C@]2(O)c2ccc(S(C)(=O)=O)cc2)cc1,5.1871
O=C(O)[C@H]1C[C@](O)(c2ccc(Cl)cc2)[C@@H](c2ccc(Cl)cc2)O1,5.4202
O=C(O)[C@H]1C[C@](O)(c2ccccc2Cl)[C@@H](c2ccccc2Cl)O1,5.4559
O=C(O)[C@H]1C[C@](O)(c2ccc(F)cc2)[C@@H](c2ccc(F)cc2)O1,5.4949
CC(C)(C)c1cc(-c2cc(=S)ss2)cc(C(C)(C)C)c1O,8.1427
COc1c(C(C)(C)C)cc(-c2cc(=S)ss2)cc1C(C)(C)C,7.3261
CC(=O)Oc1ccccc1C(=O)OC(CO[N+](=O)[O-])CO[N+](=O)[O-],5.1135
COc1ccc2c(c1)c(CC(=O)OC(CO[N+](=O)[O-])CO[N+](=O)[O-])c(C)n2C(=O)c1ccc(Cl)cc1,6.2218
CC(C)Cc1ccc(C(C)C(=O)OC(CO[N+](=O)[O-])CO[N+](=O)[O-])cc1,5.7696
CC(=O)OCO/N=[N+](\[O-])N1CCC[C@H]1COC(=O)c1ccccc1OC(C)=O,5.6576
COc1ccc2c(c1)c(CC(=O)OC[C@@H]1CCCN1/[N+]([O-])=N/OCOC(C)=O)c(C)n2C(=O)c1ccc(Cl)cc1,5.0315
CC(=O)OCO/N=[N+](\[O-])N1CCC[C@H]1COC(=O)C(C)c1ccc(CC(C)C)cc1,5.1938
CCC(C)Nc1nc(-c2ccc(S(C)(=O)=O)cc2)cc(C(F)(F)F)n1,7.9208
CS(=O)(=O)c1ccc(-c2cc(C(F)(F)F)nc(OCC3CCCCCC3)n2)cc1,5.9855
CS(=O)(=O)c1ccc(-c2cc(C(F)(F)F)nc(OCC3CCCCC3)n2)cc1,7.3468
CS(=O)(=O)c1ccc(-c2cc(C(F)(F)F)nc(OCC3CCCC3)n2)cc1,7.6576
CC(C)(C)Oc1nc(-c2ccc(S(C)(=O)=O)cc2)cc(C(F)(F)F)n1,7.4815
CC(C)Oc1nc(-c2ccc(S(C)(=O)=O)cc2)cc(C(F)(F)F)n1,7.2007
CCCCOc1nc(-c2ccc(S(C)(=O)=O)cc2)cc(C(F)(F)F)n1,7.2345
Cc1cc(-c2ccc(S(C)(=O)=O)cc2)nc(NC2CCCCC2)n1,5.7739
CS(=O)(=O)c1ccc(-c2cc(OCC(F)(F)F)nc(NC3CCCCC3)n2)cc1,7.7959
Cc1ccc(N(C)c2nc(-c3ccc(S(C)(=O)=O)cc3)cc(C(F)(F)F)n2)cc1,8.5229
CS(=O)(=O)c1ccc(-c2cc(C(F)(F)F)nc(NCC3CCOCC3)n2)cc1,8.3010
CS(=O)(=O)c1ccc(-c2cc(C(F)(F)F)nc(NC3CCOCC3)n2)cc1,7.7447
CS(=O)(=O)c1ccc(-c2cc(C(F)(F)F)nc(NCC3CCCCC3)n2)cc1,7.5376
NS(=O)(=O)c1ccc(-c2cc(C(F)(F)F)nc(NC3CCCCC3)n2)cc1,8.6198
CS(=O)(=O)c1ccc(-c2cc(C(F)(F)F)nc(NC3CCCCC3)n2)cc1,8.2543
CCCCNc1nc(-c2ccc(S(C)(=O)=O)cc2)cc(C(F)(F)F)n1,8.0205
CCCNc1nc(-c2ccc(S(C)(=O)=O)cc2)cc(C(F)(F)F)n1,8.3010
CS(=O)(=O)c1ccc(-c2cc(C(F)(F)F)nc(N)n2)cc1,6.5654
CS(=O)(=O)c1ccc(-c2cc(C(F)(F)F)nc(NCc3ccc(F)cc3)n2)cc1,8.8539
CS(=O)(=O)c1ccc(-c2cc(C(F)(F)F)nc(NCc3ccccc3)n2)cc1,8.8495
CS(=O)(=O)c1ccc(-c2cc(C(F)(F)F)nc(Nc3ccc(F)cc3)n2)cc1,8.1427
Cc1ccc(Nc2nc(-c3ccc(S(C)(=O)=O)cc3)cc(C(F)(F)F)n2)cc1,7.9586
CS(=O)(=O)c1ccc(-c2cc(C(F)(F)F)nc(Nc3ccccc3)n2)cc1,8.2518
CS(=O)(=O)c1ccc(-c2cnc(CC3CCCCC3)nc2-c2ccc(F)cc2)cc1,7.9208
Cn1cccc1Cc1ncc(-c2ccc(S(C)(=O)=O)cc2)c(-c2ccc(F)cc2)n1,7.6383
CS(=O)(=O)c1ccc(-c2cnc(Nc3ccccc3)nc2-c2ccc(F)cc2)cc1,7.2518
CN(c1ccccc1)c1ncc(-c2ccc(S(C)(=O)=O)cc2)c(-c2ccc(F)cc2)n1,7.0706
CS(=O)(=O)c1ccc(-c2cnc(Cc3ccccc3)nc2-c2ccc(F)cc2)cc1,6.9830
CS(=O)(=O)c1ccc(-c2cnc(Cc3ccc(F)cc3F)nc2-c2ccc(F)cc2)cc1,6.9431
CS(=O)(=O)c1ccc(-c2cnc(Cc3ccc(F)cc3)nc2-c2ccc(F)cc2)cc1,6.5575
CS(=O)(=O)c1ccc(-c2cnc(NCc3ccccc3)nc2-c2ccc(F)cc2)cc1,6.1637
CC(C)c1ncc(-c2ccc(S(C)(=O)=O)cc2)c(-c2ccc(F)cc2)n1,5.9450
CS(=O)(=O)c1ccc(-c2cnc(CCc3ccccc3)nc2-c2ccc(F)cc2)cc1,5.2788
CS(=O)(=O)c1ccc(-c2cnc(Cc3ccccn3)nc2-c2ccc(F)cc2)cc1,5.1991
CS(=O)(=O)c1ccc(-c2cnc(C(O)c3ccccc3)nc2-c2ccc(F)cc2)cc1,7.2441
CS(=O)(=O)c1ccc(-c2cnc(Cc3ccccc3O)nc2-c2ccc(F)cc2)cc1,7.3665
CS(=O)(=O)c1ccc(-c2cnc(Cc3ccccc3)[n+]([O-])c2-c2ccc(F)cc2)cc1,6.1445
O=C(O)c1ccc(-c2ccn(C(F)F)c(=O)c2)cc1O,5.3565
O=C(O)c1cc(-c2ccn(C(F)F)c(=O)c2)ccc1O,6.0088
CC(=O)NS(=O)(=O)c1ccc(-c2ccn(C(F)F)c(=O)c2)cc1C(=O)O,4.7545
CC(=O)NS(=O)(=O)c1cc(-c2ccn(C(F)F)c(=O)c2)ccc1C(=O)O,5.5850
CS(=O)(=O)c1ccc(-n2nc(C(F)(F)F)cc2-c2ccc(CC(=O)O)cc2)cc1,5.6383
NS(=O)(=O)c1ccc(-n2nc(C(F)(F)F)cc2-c2ccc(CC(=O)O)cc2)cc1,5.7447
CC(=O)OCO/N=[N+](\[O-])N(C)CCOC(=O)Cc1ccc(-c2cc(C(F)(F)F)nn2-c2ccc(S(C)(=O)=O)cc2)cc1,5.3372
CC(=O)OCO/N=[N+](\[O-])N(C)CCOC(=O)Cc1ccc(-c2cc(C(F)(F)F)nn2-c2ccc(S(N)(=O)=O)cc2)cc1,5.4559
CC(=O)OCO/N=[N+](\[O-])N1CCC[C@H]1COC(=O)Cc1ccc(-c2cc(C(F)(F)F)nn2-c2ccc(S(C)(=O)=O)cc2)cc1,6.0458
CC(=O)OCO/N=[N+](\[O-])N1CCC[C@H]1COC(=O)Cc1ccc(-c2cc(C(F)(F)F)nn2-c2ccc(S(N)(=O)=O)cc2)cc1,6.0458
O=C1OC(=O)C(c2ccc3c(c2)OCO3)=C1c1ccccc1,4.7324
CSc1ccc(C2=C(c3ccccc3)C(=O)OC2=O)cc1,4.7340
CC(=O)Oc1ccc(C2=C(c3ccc(S(C)(=O)=O)cc3)C(=O)OC2=O)cc1,4.7791
CSc1ccc(C2=C(c3ccc(NC(C)=O)cc3)C(=O)OC2=O)cc1,4.6966
O=C1NC(=O)C(c2ccc(O)c(O)c2)=C1c1ccccc1,4.7948
O=C1NC(=O)C(c2cc(O)c(O)c(O)c2)=C1c1ccccc1,4.7567
CSc1ccc(C2=C(c3ccccc3)C(=O)NC2=O)cc1,4.7867
CS(=O)(=O)c1ccc(C2=C(c3ccccc3)C(=O)NC2=O)cc1,4.7570
NS(=O)(=O)c1ccc(C2=C(c3ccccc3)C(=O)NC2=O)cc1,4.9236
CSc1ccc(C2=C(c3ccc(O)cc3)C(=O)NC2=O)cc1,4.6776
CS(=O)(=O)c1ccc(-n2nc(C(F)(F)F)cc2C2CCN(CCCCO[N+](=O)[O-])CC2)cc1,4.8069
NS(=O)(=O)c1ccc(-n2nc(C(F)(F)F)cc2C2CCN(CCCCO[N+](=O)[O-])CC2)cc1,4.7747
CS(=O)(=O)c1ccc(-n2nc(C(F)(F)F)cc2C2=CCN(CCCCO[N+](=O)[O-])CC2)cc1,4.8928
NS(=O)(=O)c1ccc(-n2nc(C(F)(F)F)cc2C2=CCN(CCCCO[N+](=O)[O-])CC2)cc1,5.1249
CC(C(=O)O)c1ccc(-c2ccn(C(F)F)c(=O)c2)cc1,5.6198
Cc1c(CC(=O)O)cccc1-c1ccn(C(F)F)c(=O)c1,5.9208
CC(C(=O)O)c1ccccc1-c1ccn(C(F)F)c(=O)c1,5.5850
O=C(O)Cc1ccc(-c2ccn(C(F)F)c(=O)c2)cc1,6.0506
O=C(O)Cc1cccc(-c2ccn(C(F)F)c(=O)c2)c1,4.9547
O=C(O)Cc1ccccc1-c1ccn(C(F)F)c(=O)c1,6.0655
O=[N+]([O-])c1ccc2c(c1)S(=O)(=O)N=S2c1ccc(Br)cc1,5.7696
Cc1c(CC(=O)OC(C)C)cc(-c2ccc(S(C)(=O)=O)cc2)n1-c1ccccc1,5.6021
Cc1c(CC(=O)OC(C)C)cc(-c2ccc(S(C)(=O)=O)cc2)n1-c1cccc(F)c1,5.6990
Cc1c(CC(=O)O)cc(-c2ccc(S(C)(=O)=O)cc2)n1-c1ccccc1,5.1549
Cc1c(CC(=O)O)cc(-c2ccc(S(C)(=O)=O)cc2)n1-c1cccc(F)c1,4.7696
O=C(Nc1ccc(CCc2ccc(Cl)c(Cl)c2)cc1)C1=C(O)c2ccccc2S(=O)(=O)N1,3.3307
O=C(Nc1ccc(-c2ccc(Cl)cc2)cc1)C1=C(O)c2ccccc2S(=O)(=O)N1,4.4724
O=C(Nc1ccc(Oc2ccc(Cl)cc2)cc1)C1=C(O)c2ccccc2S(=O)(=O)N1,4.1549
O=C(Nc1ccc(C(=O)c2ccc(Cl)cc2)c(Cl)c1)C1=C(O)c2ccccc2S(=O)(=O)N1,4.0195
O=C(Nc1cccc(C(=O)c2ccc(Cl)cc2)c1)C1=C(O)c2ccccc2S(=O)(=O)N1,4.0209
O=C(Nc1ccc(-c2cccc(Cl)c2)cc1)C1=C(O)c2ccccc2S(=O)(=O)N1,4.1267
O=C(Nc1ccc(-c2ccccc2)cc1)C1=C(O)c2ccccc2S(=O)(=O)N1,4.0334
O=C(Nc1ccc(-c2cccc(Cl)c2Cl)cc1)C1=C(O)c2ccccc2S(=O)(=O)N1,4.3526
Cc1cccc(-c2ccc(NC(=O)C3=C(O)c4ccccc4S(=O)(=O)N3)cc2)c1C,4.0237
O=C(Nc1ccc(-c2ccc(Cl)c(Cl)c2)nc1)C1=C(O)c2ccccc2S(=O)(=O)N1,4.4724
O=C(Nc1ccc(-c2ccc(Cl)c(Cl)c2)cc1)C1=C(O)c2ccccc2S(=O)(=O)N1,3.5800
O=S(=O)(Nc1ccncc1Nc1ccccc1Cl)C(F)(F)F,5.6757
O=S(=O)(Nc1ccncc1Nc1cccc(Cl)c1)C(F)(F)F,6.5686
O=S(=O)(Nc1ccncc1Nc1ccc(Cl)cc1)C(F)(F)F,6.3872
O=S(=O)(Nc1ccncc1Nc1cccc(Br)c1)C(F)(F)F,6.9208
O=S(=O)(Nc1ccncc1Nc1ccc(Br)cc1)C(F)(F)F,6.0410
Cc1ccccc1Nc1cnccc1NS(=O)(=O)C(F)(F)F,5.5702
Cc1cccc(Nc2cnccc2NS(=O)(=O)C(F)(F)F)c1,6.3468
Cc1ccc(Nc2cnccc2NS(=O)(=O)C(F)(F)F)cc1,6.3372
CCc1ccccc1Nc1cnccc1NS(=O)(=O)C(F)(F)F,5.1403
CCc1cccc(Nc2cnccc2NS(=O)(=O)C(F)(F)F)c1,6.6198
CCc1ccc(Nc2cnccc2NS(=O)(=O)C(F)(F)F)cc1,6.0410
COc1ccccc1Nc1cnccc1NS(=O)(=O)C(F)(F)F,5.5969
COc1cccc(Nc2cnccc2NS(=O)(=O)C(F)(F)F)c1,5.8013
COc1ccc(Nc2cnccc2NS(=O)(=O)C(F)(F)F)cc1,6.7959
CS(=O)(=O)Nc1ccncc1Nc1ccccc1,5.5702
CS(=O)(=O)Nc1ccncc1Nc1ccccc1Cl,5.0278
CS(=O)(=O)Nc1ccncc1Nc1cccc(Cl)c1,6.1367
CS(=O)(=O)Nc1ccncc1Nc1ccc(Cl)cc1,5.2269
CS(=O)(=O)Nc1ccncc1Nc1cccc(Br)c1,5.5918
CS(=O)(=O)Nc1ccncc1Nc1ccc(Br)cc1,4.6596
Cc1ccccc1Nc1cnccc1NS(C)(=O)=O,4.7305
Cc1cccc(Nc2cnccc2NS(C)(=O)=O)c1,5.0550
Cc1ccc(Nc2cnccc2NS(C)(=O)=O)cc1,4.9197
CCc1ccc(Nc2cnccc2NS(C)(=O)=O)cc1,5.0888
COc1ccc(Nc2cnccc2NS(C)(=O)=O)cc1,4.6653
O=S(=O)(Nc1ccncc1NC1CCCC1)C(F)(F)F,5.4271
Cl.O=S(=O)(Nc1ccncc1NC1CCCCC1)C(F)(F)F,6.4815
CS(=O)(=O)Nc1ccncc1NC1CCCCC1.Cl.O,5.6126
O=S(=O)(Nc1ccncc1NC1CCCCCC1)C(F)(F)F,5.7905
CS(=O)(=O)Nc1ccncc1NC1CCCCCC1.Cl,4.8687
O=S(=O)(CCC(F)(F)F)Nc1ccncc1Nc1ccccc1,4.9654
O=C(O)Cc1cccn(C(F)F)c1=O,5.0969
O=C(O)Cc1ccn(C(F)F)c(=O)c1,4.8894
O=C(O)Cc1ccc(=O)n(C(F)F)c1,5.8861
CC(C(=O)O)c1cccn(C(F)F)c1=O,5.2291
CC(C(=O)O)c1ccn(C(F)F)c(=O)c1,5.2596
CC(C(=O)O)c1ccc(=O)n(C(F)F)c1,5.1938
COc1ccc2c(c1)c1c(n2C(=O)c2ccccc2)CCNC1.Cl,4.0575
COc1ccc2c(c1)c1c(n2C(=O)c2ccccc2)CCN(CCCOc2cc(F)cc(C3(OC)CCOCC3)c2)C1.Cl,4.1062
COC1(c2cc(F)cc(OCCCN3CCc4c(c5ccccc5n4C(=O)c4ccccc4)C3)c2)CCOCC1.Cl,3.9918
COc1ccc2c(c1)c1c(n2C(=O)c2ccccc2F)CCN(CCCOc2cc(F)cc(C3(OC)CCOCC3)c2)C1.Cl,3.8996
COc1ccc2c(c1)c1c(n2C(=O)c2cccc(F)c2)CCN(CCCOc2cc(F)cc(C3(OC)CCOCC3)c2)C1.Cl,3.4471
COc1ccc2c(c1)c1c(n2C(=O)c2ccc(F)cc2)CCN(CCCOc2cc(F)cc(C3(OC)CCOCC3)c2)C1.Cl,4.2708
COc1ccc2c(c1)c1c(n2C(=O)c2ccc(Cl)cc2)CCN(CCCOc2cc(F)cc(C3(OC)CCOCC3)c2)C1.Cl,3.7036
COc1ccc2c(c1)c1c(n2C(=O)c2c(Cl)cc(Cl)cc2Cl)CCN(CCCOc2cc(F)cc(C3(OC)CCOCC3)c2)C1.Cl,4.0000
COc1ccc2c(c1)c1c(n2C(=O)c2ccc(Br)cc2)CCN(CCCOc2cc(F)cc(C3(OC)CCOCC3)c2)C1.Cl,4.0685
COc1ccc2c(c1)c1c(n2Cc2ccc(S(C)(=O)=O)cc2)CCN(CCCOc2cc(F)cc(C3(OC)CCOCC3)c2)C1.Cl,3.9618
O=S(=O)([O-])Oc1ccc(/C=C/c2cc(O)cc(O)c2)cc1.[K+],5.0482
O=S(=O)([O-])Oc1cc(O)cc(/C=C/c2ccc(O)cc2)c1.[K+],5.1232
COc1ccc(/C=C/C(=O)O[C@H]2[C@H](O[C@H]3[C@H](O)[C@@H](O)[C@H](O[C@@H]4CO[C@@H](O[C@@H]5[C@@H](O)[C@H](C)O[C@@H](O[C@H]6[C@H](O[C@H]7CC[C@@]8(C)[C@@H](CC[C@]9(C)[C@@H]8CC=C8[C@@H]%10CC(C)(C)CC[C@]%10(C(=O)O[C@@H]%10O[C@H](CO[C@@H]%11O[C@H](CO)[C@@H](O[C@@H]%12O[C@@H](C)[C@H](O)[C@@H](O)[C@H]%12O)[C@H](O)[C@H]%11O)[C@@H](O)[C@H](O)[C@H]%10O)CC[C@]89C)[C@]7(C)CO)OC[C@@H](O)[C@@H]6O)[C@@H]5O)[C@H](O)[C@@H]4O)O[C@@H]3CO)O[C@H](CO)[C@@H](O)[C@@H]2O[C@@H]2O[C@H](CO[C@@H]3O[C@@H](C)[C@H](O)[C@@H](O)[C@H]3O[C@@H]3O[C@H](CO)[C@@H](O)[C@H](O)[C@H]3O)[C@@H](O)[C@H](O)[C@H]2O)cc1O,5.1739
COc1ccc(/C=C/C(=O)O[C@H]2[C@H](O[C@H]3[C@H](O)[C@@H](O)[C@H](O[C@@H]4CO[C@@H](O[C@@H]5[C@@H](O)[C@H](C)O[C@@H](O[C@H]6[C@H](O[C@H]7CC[C@@]8(C)[C@@H](CC[C@]9(C)[C@@H]8CC=C8[C@@H]%10CC(C)(C)CC[C@]%10(C(=O)O[C@@H]%10O[C@H](CO[C@@H]%11O[C@H](CO)[C@@H](O[C@@H]%12O[C@@H](C)[C@H](O)[C@@H](O)[C@H]%12O)[C@H](O)[C@H]%11O)[C@@H](O)[C@H](O)[C@H]%10O)CC[C@]89C)[C@]7(C)CO)OC[C@@H](O)[C@@H]6O)[C@@H]5O)[C@H](O)[C@@H]4O)O[C@@H]3CO)O[C@H](CO)[C@@H](O)[C@@H]2O[C@@H]2O[C@H](CO[C@@H]3O[C@@H](C)[C@H](O)[C@@H](O)[C@H]3O)[C@@H](O[C@@H]3O[C@H](CO)[C@@H](O)[C@H](O)[C@H]3O)[C@H](O)[C@H]2O)cc1O,5.2147
COc1ccc(/C=C/C(=O)O[C@@H]2[C@@H](O)[C@H](O[C@H]3[C@H](O)[C@@H](O)[C@H](O[C@@H]4CO[C@@H](O[C@@H]5[C@@H](O)[C@H](C)O[C@@H](O[C@H]6[C@H](O[C@H]7CC[C@@]8(C)[C@@H](CC[C@]9(C)[C@@H]8CC=C8[C@@H]%10CC(C)(C)CC[C@]%10(C(=O)O[C@@H]%10O[C@H](CO[C@@H]%11O[C@H](CO)[C@@H](O[C@@H]%12O[C@@H](C)[C@H](O)[C@@H](O)[C@H]%12O)[C@H](O)[C@H]%11O)[C@@H](O)[C@H](O)[C@H]%10O)CC[C@]89C)[C@]7(C)CO)OC[C@@H](O)[C@@H]6O)[C@@H]5O)[C@H](O)[C@@H]4O)O[C@@H]3CO)O[C@H](CO)[C@H]2O)cc1O,5.1079
COc1ccc(/C=C/C(=O)OC[C@H]2O[C@@H](O[C@H]3[C@H](O)[C@@H](O)[C@H](O[C@@H]4CO[C@@H](O[C@@H]5[C@@H](O)[C@H](C)O[C@@H](O[C@H]6[C@H](O[C@H]7CC[C@@]8(C)[C@@H](CC[C@]9(C)[C@@H]8CC=C8[C@@H]%10CC(C)(C)CC[C@]%10(C(=O)O[C@@H]%10O[C@H](CO[C@@H]%11O[C@H](CO)[C@@H](O[C@@H]%12O[C@@H](C)[C@H](O)[C@@H](O)[C@H]%12O)[C@H](O)[C@H]%11O)[C@@H](O)[C@H](O)[C@H]%10O)CC[C@]89C)[C@]7(C)CO)OC[C@@H](O)[C@@H]6O)[C@@H]5O)[C@H](O)[C@@H]4O)O[C@@H]3CO)[C@H](O)[C@@H](O)[C@@H]2O)cc1O,5.1024
COc1ccc(/C=C/C(=O)OC[C@H]2O[C@@H](O[C@H]3[C@H](O)[C@@H](O)[C@H](O[C@@H]4CO[C@@H](O[C@@H]5[C@@H](O)[C@H](C)O[C@@H](O[C@H]6[C@H](O[C@H]7CC[C@]8(C)[C@H]9CC=C%10[C@@H]%11CC(C)(C)CC[C@]%11(C(=O)O[C@@H]%11O[C@H](CO[C@@H]%12O[C@H](CO)[C@@H](O[C@@H]%13O[C@@H](C)[C@H](O)[C@@H](O)[C@H]%13O)[C@H](O)[C@H]%12O)[C@@H](O)[C@H](O)[C@H]%11O)CC[C@@]%10(C)[C@]9(C)CC[C@H]8C7(C)C)OC[C@@H](O)[C@@H]6O)[C@@H]5O)[C@H](O)[C@@H]4O)O[C@@H]3CO)[C@H](O)[C@@H](O)[C@@H]2O)cc1O,5.1427
COc1ccc(/C=C/C(=O)O[C@H]2[C@H](O[C@H]3[C@H](O)[C@@H](O)[C@H](O[C@@H]4CO[C@@H](O[C@@H]5[C@@H](O)[C@H](C)O[C@@H](O[C@H]6[C@H](O[C@H]7CC[C@@]8(C)[C@@H](CC[C@]9(C)[C@@H]8CC=C8[C@@H]%10CC(C)(C)CC[C@]%10(C(=O)O[C@@H]%10O[C@H](CO[C@@H]%11O[C@H](CO)[C@@H](O[C@@H]%12O[C@@H](C)[C@H](O)[C@@H](O)[C@H]%12O)[C@H](O)[C@H]%11O)[C@@H](O)[C@H](O)[C@H]%10O)CC[C@]89C)[C@]7(C)CO)OC[C@@H](O)[C@@H]6O)[C@@H]5O)[C@H](O)[C@@H]4O)O[C@@H]3CO)O[C@H](CO)[C@@H](O)[C@@H]2O[C@@H]2O[C@H](CO)[C@@H](O)[C@H](O)[C@H]2O)cc1O,5.0506
COc1ccc(/C=C/C(=O)O[C@@H]2[C@@H](O)[C@H](O[C@H]3[C@H](O)[C@@H](O)[C@H](O[C@@H]4CO[C@@H](O[C@@H]5[C@@H](O)[C@H](C)O[C@@H](O[C@H]6[C@H](O[C@H]7CC[C@]8(C)[C@H]9CC=C%10[C@@H]%11CC(C)(C)CC[C@]%11(C(=O)O[C@@H]%11O[C@H](CO[C@@H]%12O[C@H](CO)[C@@H](O[C@@H]%13O[C@@H](C)[C@H](O)[C@@H](O)[C@H]%13O)[C@H](O)[C@H]%12O)[C@@H](O)[C@H](O)[C@H]%11O)CC[C@@]%10(C)[C@]9(C)CC[C@H]8C7(C)C)OC[C@H](O)[C@@H]6O)[C@@H]5O)[C@H](O)[C@@H]4O)O[C@@H]3CO)O[C@H](CO)[C@H]2O)cc1O,5.1192
COc1ccc(/C=C/C(=O)O[C@H]2[C@H](O[C@H]3[C@H](O)[C@@H](O)[C@H](O[C@@H]4CO[C@@H](O[C@@H]5[C@@H](O)[C@H](C)O[C@@H](O[C@H]6[C@H](O[C@H]7CC[C@]8(C)[C@H]9CC=C%10[C@@H]%11CC(C)(C)CC[C@]%11(C(=O)O[C@@H]%11O[C@H](CO[C@@H]%12O[C@H](CO)[C@@H](O[C@@H]%13O[C@@H](C)[C@H](O)[C@@H](O)[C@H]%13O)[C@H](O)[C@H]%12O)[C@@H](O)[C@H](O)[C@H]%11O)CC[C@@]%10(C)[C@]9(C)CC[C@H]8C7(C)C)OC[C@H](O)[C@@H]6O)[C@@H]5O)[C@H](O)[C@@H]4O)O[C@@H]3CO)O[C@H](CO)[C@@H](O)[C@@H]2O)cc1O,5.0555
COc1ccc(/C=C/C(=O)O[C@H]2[C@H](O[C@H]3[C@H](O)[C@@H](O)[C@H](O[C@@H]4CO[C@@H](O[C@@H]5[C@@H](O)[C@H](C)O[C@@H](O[C@H]6[C@H](O[C@H]7CC[C@@]8(C)[C@@H](CC[C@]9(C)[C@@H]8CC=C8[C@@H]%10CC(C)(C)CC[C@]%10(C(=O)O[C@@H]%10O[C@H](CO[C@@H]%11O[C@H](CO)[C@@H](O[C@@H]%12O[C@@H](C)[C@H](O)[C@@H](O)[C@H]%12O)[C@H](O)[C@H]%11O)[C@@H](O)[C@H](O)[C@H]%10O)CC[C@]89C)[C@]7(C)CO)OC[C@H](O)[C@@H]6O)[C@@H]5O)[C@H](O)[C@@H]4O)O[C@@H]3CO)O[C@H](CO)[C@@H](O)[C@@H]2O[C@@H]2O[C@H](CO[C@@H]3O[C@@H](C)[C@H](O)[C@@H](O)[C@H]3O)[C@@H](O)[C@H](O)[C@H]2O)cc1O,5.0458
COc1ccc(/C=C/C(=O)O[C@H]2[C@H](O[C@H]3[C@H](O)[C@@H](O)[C@H](O[C@@H]4CO[C@@H](O[C@@H]5[C@@H](O)[C@H](C)O[C@@H](O[C@H]6[C@H](O[C@H]7CC[C@]8(C)[C@H]9CC=C%10[C@@H]%11CC(C)(C)CC[C@]%11(C(=O)O[C@@H]%11O[C@H](CO[C@@H]%12O[C@H](CO)[C@@H](O[C@@H]%13O[C@@H](C)[C@H](O)[C@@H](O)[C@H]%13O)[C@H](O)[C@H]%12O)[C@@H](O)[C@H](O)[C@H]%11O)CC[C@@]%10(C)[C@]9(C)CC[C@H]8C7(C)C)OC[C@H](O)[C@@H]6O)[C@@H]5O)[C@H](O)[C@@H]4O)O[C@@H]3CO)O[C@H](CO)[C@@H](O)[C@@H]2O[C@@H]2O[C@H](CO[C@@H]3O[C@@H](C)[C@H](O)[C@@H](O)[C@H]3O)[C@@H](O)[C@H](O)[C@H]2O)cc1O,5.0706
COc1ccc(/C=C/C(=O)O[C@H]2[C@H](O[C@H]3[C@H](O)[C@@H](O)[C@H](O[C@@H]4CO[C@@H](O[C@@H]5[C@@H](O)[C@H](C)O[C@@H](O[C@H]6[C@H](O[C@H]7CC[C@]8(C)[C@H]9CC=C%10[C@@H]%11CC(C)(C)CC[C@]%11(C(=O)O[C@@H]%11O[C@H](CO[C@@H]%12O[C@H](CO)[C@@H](O[C@@H]%13O[C@@H](C)[C@H](O)[C@@H](O)[C@H]%13O)[C@H](O)[C@H]%12O)[C@@H](O)[C@H](O)[C@H]%11O)CC[C@@]%10(C)[C@]9(C)CC[C@H]8C7(C)C)OC[C@H](O)[C@@H]6O)[C@@H]5O)[C@H](O)[C@@H]4O)O[C@@H]3CO)O[C@H](CO)[C@@H](O)[C@@H]2O[C@@H]2O[C@H](CO[C@@H]3O[C@@H](C)[C@H](O)[C@@H](O)[C@H]3O[C@@H]3O[C@H](CO)[C@@H](O)[C@H](O)[C@H]3O)[C@@H](O)[C@H](O)[C@H]2O)cc1O,5.1739
CSc1ccc(/C=C2/C(C)=C(CC(=O)O)c3cc(F)ccc32)cc1,6.3336
CCCCC(Sc1nc(OCCC2CCCCC2)cc(OCCC2CCCCC2)n1)C(=O)O,4.9626
N.NS(=O)(=O)c1ccc(-n2nc(C(F)(F)F)cc2-c2ccc(/[N+]([O-])=N\O)cc2)cc1,5.2147
CO/N=[N+](/[O-])c1ccc(-c2cc(C(F)(F)F)nn2-c2ccc(S(C)(=O)=O)cc2)cc1,5.7959
CO/N=[N+](/[O-])c1ccc(-c2cc(C(F)(F)F)nn2-c2ccc(S(N)(=O)=O)cc2)cc1,5.4089
CC(=O)OC(C)O/N=[N+](/[O-])c1ccc(-c2cc(C(F)(F)F)nn2-c2ccc(S(C)(=O)=O)cc2)cc1,4.8416
CC(=O)OC(C)O/N=[N+](/[O-])c1ccc(-c2cc(C(F)(F)F)nn2-c2ccc(S(N)(=O)=O)cc2)cc1,5.4815
CCCC/C(=C(\c1ccccc1)c1ccc(O)cc1)c1ccc(S(C)(=O)=O)cc1,4.9281
CC/C(=C(\c1ccccc1)c1ccc(OC)cc1)c1ccc(S(C)(=O)=O)cc1,4.9706
CCCC/C(=C(\c1ccccc1)c1ccc(OC)cc1)c1ccc(S(C)(=O)=O)cc1,5.1135
CCCC/C(=C(\c1ccccc1)c1ccc(OCCF)cc1)c1ccc(S(C)(=O)=O)cc1,4.6517
CCC(=C(c1ccccc1)c1ccccc1)c1ccc(S(C)(=O)=O)cc1,5.9120
CCCCC(=C(c1ccccc1)c1ccccc1)c1ccc(S(C)(=O)=O)cc1,7.8539
O=C(O)c1ccccc1/N=C/c1coc2ccccc2c1=O,4.1823
Cc1ccc(S(=O)(=O)N/N=C/c2coc3ccccc3c2=O)cc1,3.6910
O=C(N/N=C/c1coc2ccccc2c1=O)c1ccccc1,3.0957
Cc1cccc(/N=C/c2coc3ccccc3c2=O)c1,4.5947
COc1ccc2c(c1)c(CC(=O)O)c(C)n2Cc1ccn(C(F)F)c(=O)c1,4.5086
CC(C(=O)[O-])c1ccc(CC2CCCC2=O)cc1Br.[Na+],4.1861
CC(C(=O)[O-])c1ccc(CC2CCCC2=O)cc1F.[Na+],4.8493
CC(C(=O)O)c1ccc(C[C@@H]2CCC[C@@H]2O)cc1Br,4.4685
CC(C(=O)O)c1ccc(C[C@@H]2CCC[C@@H]2O)cc1,4.9136
CC(C(=O)O)c1ccc(C[C@@H]2CCC[C@@H]2O)cc1F,4.3188
CC(C(=O)O)c1ccc(C[C@H]2CCC[C@@H]2O)cc1F,5.5086
CC(C(=O)[O-])c1ccc(CC2CCCC2=O)cc1.[Na+],4.9978
CC(C(=O)O)c1ccc(C[C@H]2CCC[C@@H]2O)cc1Br,5.0706
CC(C(=O)O)c1ccc(C[C@H]2CCC[C@@H]2O)cc1,5.6198
O=C(O)C1=Cc2cc(Cl)ccc2OC1C(F)(F)F,6.4949
O=C(O)C1=Cc2c(ccc(Cl)c2Cl)OC1C(F)(F)F,8.2614
O=C(O)C1=Cc2cc(Cl)c(Cl)cc2OC1C(F)(F)F,7.2076
O=C(O)C1=Cc2cc(Cl)cc(Cl)c2OC1C(F)(F)F,6.5229
O=C(O)C1=Cc2c(Cl)cc(Cl)cc2OC1C(F)(F)F,4.9208
O=C(O)C1=Cc2c(Cl)ccc(Cl)c2OC1C(F)(F)F,7.0000
O=C(O)C1=Cc2ccc(Cl)c(Cl)c2OC1C(F)(F)F,3.5229
O=C(O)C1=Cc2c(cc(Cl)c(Cl)c2Cl)OC1C(F)(F)F,8.2218
O=C(O)C1=Cc2cc(Cl)c(Cl)c(Cl)c2OC1C(F)(F)F,7.3665
C=Cc1cc(Cl)cc2c1OC(C(F)(F)F)C(C(=O)O)=C2,7.7447
C#Cc1cc(Cl)cc2c1OC(C(F)(F)F)C(C(=O)O)=C2,7.3665
O=C(O)C1=Cc2cc(Cl)cc(-c3ccccc3)c2OC1C(F)(F)F,6.8422
O=C(O)C1=Cc2cc(Cl)cc(C#Cc3ccccc3)c2OC1C(F)(F)F,6.8539
NS(=O)(=O)c1ccc(-c2cc(Cl)cc3c2OC(C(F)(F)F)C(C(=O)O)=C3)cc1,6.1198
NS(=O)(=O)c1ccc(C#Cc2cc(Cl)cc3c2OC(C(F)(F)F)C(C(=O)O)=C3)cc1,4.7305
O=C(O)C1=Cc2cc(Cl)cc(Cl)c2O[C@@H]1C(F)(F)F,8.0044
Cc1ccc2c(c1)C=C(C(=O)O)C(C(F)(F)F)O2,6.6021
O=Cc1ccc2c(c1)C=C(C(=O)O)C(C(F)(F)F)O2,6.1367
O=C(O)C1=Cc2cc(OC(F)(F)F)ccc2OC1C(F)(F)F,7.5376
COc1ccc2c(c1)C=C(C(=O)O)C(C(F)(F)F)O2,4.0000
C#Cc1ccc2c(c1)C=C(C(=O)O)C(C(F)(F)F)O2,7.1367
CCc1ccc2c(c1)C=C(C(=O)O)C(C(F)(F)F)O2,6.4815
N#Cc1ccc2c(c1)C=C(C(=O)O)C(C(F)(F)F)O2,6.9586
O=C(O)C1=Cc2cc(C(F)(F)F)ccc2OC1C(F)(F)F,7.3872
Cc1cc(Cl)cc2c1OC(C(F)(F)F)C(C(=O)O)=C2,7.1841
Cc1cc(Cl)c2c(c1)C=C(C(=O)O)C(C(F)(F)F)O2,6.9146
COc1cc(Cl)c2c(c1)C=C(C(=O)O)C(C(F)(F)F)O2,6.6198
COc1cc(C)cc2c1OC(C(F)(F)F)C(C(=O)O)=C2,5.4776
C#Cc1cc(Cl)c2c(c1)C=C(C(=O)O)C(C(F)(F)F)O2,7.5850
CCc1cc(C)c2c(c1)C=C(C(=O)O)C(C(F)(F)F)O2,6.5686
Cc1cc(OC(F)(F)F)cc2c1OC(C(F)(F)F)C(C(=O)O)=C2,7.7959
CCc1cc(OC(F)(F)F)cc2c1OC(C(F)(F)F)C(C(=O)O)=C2,7.2203
CCCc1cc(OC(F)(F)F)cc2c1OC(C(F)(F)F)C(C(=O)O)=C2,7.3665
COc1cc(OC(F)(F)F)cc2c1OC(C(F)(F)F)C(C(=O)O)=C2,6.1675
Cc1cc(Cl)c(C)c2c1OC(C(F)(F)F)C(C(=O)O)=C2,6.6778
Cc1cc2c(c(C)c1Cl)C=C(C(=O)O)C(C(F)(F)F)O2,7.0236
Cc1c(Cl)cc2c(c1C)OC(C(F)(F)F)C(C(=O)O)=C2,6.9208
Cc1c(Cl)cc2c(c1C)O[C@@H](C(F)(F)F)C(C(=O)O)=C2,4.0000
Cc1c(Cl)cc2c(c1C)O[C@H](C(F)(F)F)C(C(=O)O)=C2,7.5229
Cc1cc2c(c(C)c1Cl)C=C(C(=O)O)[C@H](C(F)(F)F)O2,5.8928
Cc1cc2c(c(C)c1Cl)C=C(C(=O)O)[C@@H](C(F)(F)F)O2,7.3372
Cc1cc(C)c2c(c1)C=C(C(=O)O)[C@@H](C(F)(F)F)O2,6.5376
Cc1cc(OC(F)(F)F)cc2c1O[C@H](C(F)(F)F)C(C(=O)O)=C2,7.8539
Cc1cc(OC(F)(F)F)cc2c1O[C@@H](C(F)(F)F)C(C(=O)O)=C2,4.0000
CCc1cc(OC(F)(F)F)cc2c1O[C@H](C(F)(F)F)C(C(=O)O)=C2,7.2218
CCc1cc(OC(F)(F)F)cc2c1O[C@@H](C(F)(F)F)C(C(=O)O)=C2,6.0655
CCCc1cc(OC(F)(F)F)cc2c1O[C@H](C(F)(F)F)C(C(=O)O)=C2,7.3768
CCCc1cc(OC(F)(F)F)cc2c1O[C@@H](C(F)(F)F)C(C(=O)O)=C2,5.7696
Cc1c(Cl)ccc2c1C=C(C(=O)O)C(C(F)(F)F)O2,6.9208
CCc1c(Cl)ccc2c1C=C(C(=O)O)C(C(F)(F)F)O2,4.5406
Nc1c(Cl)ccc2c1C=C(C(=O)O)C(C(F)(F)F)O2,5.8297
O=C(O)C1=Cc2c(ccc(Cl)c2Oc2ccccc2)OC1C(F)(F)F,6.2757
O=C(O)C1=Cc2c(ccc(Cl)c2Sc2ccccc2)OC1C(F)(F)F,6.4685
O=C(O)C1=Cc2c(ccc(Cl)c2-c2ccccc2)OC1C(F)(F)F,5.3335
Cc1ccccc1-c1c(Cl)ccc2c1C=C(C(=O)O)C(C(F)(F)F)O2,5.7033
CCC(CC)COc1cc2c(cc1Cl)C=C(C(=O)O)C(C(F)(F)F)O2,7.3372
CCN(C)Cc1cc2c(cc1Cl)C=C(C(=O)O)C(C(F)(F)F)O2,4.6716
CC(C)N(C)Cc1cc2c(cc1Cl)C=C(C(=O)O)C(C(F)(F)F)O2,4.0000
CC1CCC(C)N1Cc1cc2c(cc1Cl)C=C(C(=O)O)C(C(F)(F)F)O2,4.0177
CC(C)N(c1cc2c(cc1Cl)C=C(C(=O)O)C(C(F)(F)F)O2)C(C)C,4.0000
CC1CCCC(C)N1Cc1cc2c(cc1Cl)C=C(C(=O)O)C(C(F)(F)F)O2,4.2062
CC(C)c1cc2c(cc1Cl)C=C(C(=O)O)C(C(F)(F)F)O2,6.5229
CC(C)(C)c1cc2c(cc1Cl)C=C(C(=O)O)C(C(F)(F)F)O2,8.3010
CCCc1cc2c(cc1Cl)C=C(C(=O)O)C(C(F)(F)F)O2,6.8239
CC(C)Cc1cc2c(cc1Cl)C=C(C(=O)O)C(C(F)(F)F)O2,7.6990
CC(C)CCc1cc2c(cc1Cl)C=C(C(=O)O)C(C(F)(F)F)O2,7.0269
CC(C)CSc1cc2c(cc1Cl)C=C(C(=O)O)C(C(F)(F)F)O2,7.7212
CC(C)CN(C)c1cc2c(cc1Cl)C=C(C(=O)O)C(C(F)(F)F)O2,7.1549
CC(C)(C)c1cc2c(cc1Cl)C=C(C(=O)O)[C@H](C(F)(F)F)O2,5.2882
CC(C)(C)c1cc2c(cc1Cl)C=C(C(=O)O)[C@@H](C(F)(F)F)O2,7.2076
CCCc1cc2c(cc1Cl)C=C(C(=O)O)[C@H](C(F)(F)F)O2,8.3010
CCCc1cc2c(cc1Cl)C=C(C(=O)O)[C@@H](C(F)(F)F)O2,6.8539
CC(C)Cc1cc2c(cc1Cl)C=C(C(=O)O)[C@H](C(F)(F)F)O2,8.1549
CC(C)Cc1cc2c(cc1Cl)C=C(C(=O)O)[C@@H](C(F)(F)F)O2,6.0410
CC(C)CSc1cc2c(cc1Cl)C=C(C(=O)O)[C@H](C(F)(F)F)O2,8.0969
CC(C)CSc1cc2c(cc1Cl)C=C(C(=O)O)[C@@H](C(F)(F)F)O2,6.8239
CC(C)CN(C)c1cc2c(cc1Cl)C=C(C(=O)O)[C@H](C(F)(F)F)O2,7.0706
CC(C)CN(C)c1cc2c(cc1Cl)C=C(C(=O)O)[C@@H](C(F)(F)F)O2,6.0605
CC(C)CCc1cc2c(cc1Cl)C=C(C(=O)O)[C@H](C(F)(F)F)O2,7.1675
CC(C)CCc1cc2c(cc1Cl)C=C(C(=O)O)[C@@H](C(F)(F)F)O2,5.9469
Cc1ccc(-c2nn(-c3ccccc3)cc2C2N[C@H](C(=O)O)CS2)cc1,6.0269
NC(=O)[C@@H]1CSC(c2cn(-c3ccccc3)nc2-c2ccccc2)N1,6.3279
Cc1ccc(-c2nn(-c3ccccc3)cc2C2N[C@H](C(N)=O)CS2)cc1,6.4202
Cc1ccc(C2CC(c3ccc(S(C)(=O)=O)cc3)=NN2C(N)=S)cc1,4.4969
CS(=O)(=O)c1ccc(C2=NN(C(N)=S)C(c3ccc(Cl)cc3)C2)cc1,5.0292
CS(=O)(=O)c1ccc(C2=NN(C(N)=S)C(c3ccccc3)C2)cc1,4.2983
CC(=O)N1N=C(c2ccc(S(C)(=O)=O)cc2)CC1c1ccccc1OCc1ccccc1,5.4949
COc1ccc(C2CC(c3ccc(S(C)(=O)=O)cc3)=NN2C(C)=O)cc1,5.1186
CC(=O)N1N=C(c2ccc(S(C)(=O)=O)cc2)CC1c1ccc(C(F)(F)F)cc1,4.7027
CC(=O)N1N=C(c2ccc(S(C)(=O)=O)cc2)CC1c1ccc(C)cc1,5.1694
CC(=O)N1N=C(c2ccc(S(C)(=O)=O)cc2)CC1c1ccc(F)cc1,4.7071
CC(=O)N1N=C(c2ccc(S(C)(=O)=O)cc2)CC1c1ccc(Cl)cc1,4.6635
CS(=O)(=O)c1ccc(-c2cc(Cl)cc3c2OC(C(F)(F)F)C(C(=O)O)=C3)cc1,4.6716
Nc1ccc(-c2cc(Cl)cc3c2OC(C(F)(F)F)C(C(=O)O)=C3)cc1,5.7399
CS(=O)(=O)Nc1ccc(-c2cc(Cl)cc3c2OC(C(F)(F)F)C(C(=O)O)=C3)cc1,4.3969
O=C(O)C1=Cc2cc(Cl)cc(-c3ccc(CO)cc3)c2OC1C(F)(F)F,5.1952
O=C(O)C1=Cc2cc(Cl)cc(-c3ccc(O)cc3)c2OC1C(F)(F)F,5.4584
O=C(O)C1=Cc2cc(Cl)cc(-c3ccc(Cl)cc3)c2OC1C(F)(F)F,7.6757
Cc1ccc(-c2cc(Cl)cc3c2OC(C(F)(F)F)C(C(=O)O)=C3)cc1,6.9872
CCc1ccc(-c2cc(Cl)cc3c2OC(C(F)(F)F)C(C(=O)O)=C3)cc1,7.1057
CCOc1ccc(-c2cc(Cl)cc3c2OC(C(F)(F)F)C(C(=O)O)=C3)cc1,6.4498
CCSc1ccc(-c2cc(Cl)cc3c2OC(C(F)(F)F)C(C(=O)O)=C3)cc1,6.6162
CC(C)Cc1ccc(-c2cc(Cl)cc3c2OC(C(F)(F)F)C(C(=O)O)=C3)cc1,4.8729
Cc1ccc(-c2cc(Cl)cc3c2OC(C(F)(F)F)C(C(=O)O)=C3)cc1F,7.1805
COc1ccc(-c2cc(Cl)cc3c2OC(C(F)(F)F)C(C(=O)O)=C3)cc1C,6.4698
COc1cc2oc(C)cc(=O)c2c(O)c1OC,4.7055
COc1cc(O)c2c(=O)cc(C)oc2c1,4.6968
C=CCOc1c(OC)c(OC)cc2oc(C)cc(=O)c12,4.6726
COc1cc2oc(C)cc(=O)c2c(OCC=C(C)C)c1OC,4.7535
COc1cc2oc(C)cc(=O)c2c(O)c1O,4.8139
Cc1cc(=O)c2c(O)c(O)c(O)cc2o1,5.0521
C=CCOc1c(OC)cc2oc(C)cc(=O)c2c1O,4.7445
COc1cc2oc(C)cc(=O)c2c(O)c1OCC=C(C)C,4.8099
C=CCOc1cc2oc(C)cc(=O)c2c(O)c1OCC=C,4.8684
CC(C)=CCOc1cc2oc(C)cc(=O)c2c(O)c1OCC=C(C)C,4.9851
COc1c(OC)c(O)c2c(=O)cc(C)oc2c1Cl,4.3624
COc1c(OC)c(O)c2c(=O)cc(C)oc2c1Br,4.5948
CS(=O)(=O)c1ccc(-c2nnnn2-c2ccccc2)cc1,3.6990
Cc1ccc(-n2nnnc2-c2ccc(S(C)(=O)=O)cc2)cc1,4.3468
COc1ccc(-n2nnnc2-c2ccc(S(C)(=O)=O)cc2)cc1,5.6990
CS(=O)(=O)c1ccc(-c2nnnn2-c2ccc(F)cc2)cc1,5.5686
CS(=O)(=O)c1ccc(-c2nnnn2-c2ccc(Cl)cc2)cc1,3.9586
COc1ccc2c(c1)c(CC(=O)OCCS(=O)(=O)NO)c(C)n2C(=O)c1ccc(Cl)cc1,6.3768
COc1ccc2cc([C@H](C)C(=O)OCCS(=O)(=O)NO)ccc2c1,5.6383
CC(C)Cc1ccc(C(C)C(=O)OCCS(=O)(=O)NO)cc1,4.8013
CONS(=O)(=O)CCOC(=O)C(C)c1ccc(CC(C)C)cc1,6.2007
CS(=O)(=O)c1ccc(-n2nc(CNC(=O)Nc3ccc(OC(F)(F)F)cc3)cc2-c2ccccc2)cc1,5.1549
CS(=O)(=O)c1ccc(-n2nc(CNC(=O)Nc3cccc(C(F)(F)F)c3)cc2-c2ccccc2)cc1,5.6021
NS(=O)(=O)c1ccc(-n2nc(CNC(=O)Nc3cccc(C(F)(F)F)c3)cc2-c2ccccc2)cc1,6.0000
NS(=O)(=O)c1ccc(-n2nc(NC(=O)Nc3cccc(C(F)(F)F)c3)cc2-c2ccccc2)cc1,5.6990
NS(=O)(=O)c1ccc(-n2nc(CCNC(=O)Nc3cccc(C(F)(F)F)c3)cc2-c2ccccc2)cc1,6.0000
NS(=O)(=O)c1ccc(-n2nc(CCCNC(=O)Nc3cccc(C(F)(F)F)c3)cc2-c2ccccc2)cc1,6.1549
CS(=O)(=O)c1ccc(-n2nc(CCCNC(=O)Nc3cccc(C(F)(F)F)c3)cc2-c2ccccc2)cc1,5.5229
Cc1ccc(-c2cc(CCCNC(=O)Nc3cccc(C(F)(F)F)c3)nn2-c2ccc(S(N)(=O)=O)cc2)cc1,5.5528
NS(=O)(=O)c1ccc(-n2nc(CCCNC(=O)NC34CC5CC(CC(C5)C3)C4)cc2-c2ccccc2)cc1,5.1549
NS(=O)(=O)c1ccc(-n2nc(CCCNC(=O)NC3CCCCCC3)cc2-c2ccccc2)cc1,5.6990
NS(=O)(=O)c1ccc(-n2nc(CCCNC(=O)Nc3ccc(Cl)cc3)cc2-c2ccccc2)cc1,5.2218
NS(=O)(=O)c1ccc(-n2nc(CCCNC(=O)Nc3ccc(C(F)(F)F)cc3)cc2-c2ccccc2)cc1,5.8861
NS(=O)(=O)c1ccc(-n2nc(CCCNC(=O)Nc3ccc(OC(F)(F)F)cc3)cc2-c2ccccc2)cc1,6.0458
CC(C)=CCc1c(-c2ccc(O)cc2O)oc2cc3c(c(O)c2c1=O)C=CC(C)(C)O3,5.6021
O=[N+]([O-])c1ccccc1Oc1ccc(OCCN2CCCC2)cc1,5.0946
O=[N+]([O-])c1ccc(Oc2ccc(OCCN3CCCC3)cc2)cc1,4.4522
c1ccc(Oc2ccc(OCCN3CCCC3)cc2)nc1,4.4634
c1cnc(Oc2ccc(OCCN3CCCC3)cc2)cn1,4.2104
FC(F)(F)c1ccccc1Oc1ccc(OCCN2CCCC2)cc1,4.8420
Nc1ccc(Oc2ccc(OCCN3CCCC3)cc2)cc1,4.4401
CN(c1ccccc1Oc1ccc(OCCN2CCCC2)cc1)S(C)(=O)=O,4.0362
O=[N+]([O-])c1cccc(Oc2ccc(OCCN3CCCC3)cc2)c1,4.8861
Clc1ccc(Oc2ccc(OCCN3CCCC3)cc2)cc1,4.6576
Brc1ccc(Oc2ccc(OCCN3CCCC3)cc2)cc1,5.2924
CC(=O)OCO/N=[N+](/[O-])N1CCC[C@@H]1C(=O)OCc1ccc(C2=C(c3ccc(S(C)(=O)=O)cc3)COC2=O)cc1,5.6198
CS(=O)(=O)c1ccc(C2=C(c3ccc(CO)cc3)C(=O)OC2)cc1,5.3768
CC(C(=O)[O-])c1ccc(CC2CCCC2=O)cc1Cl.[Na+],5.6990
CC(C(=O)[O-])c1ccc(CC2CCCC2=O)cc1I.[Na+],3.2676
CC(C(=O)[O-])c1ccc(CC2CCCC2=O)cc1[N+](=O)[O-].[Na+],4.3098
CC(C(=O)[O-])c1ccc(CC2CCCC2=O)c(Br)c1.[Na+],4.6383
CC(C(=O)O)c1ccc(C[C@H]2CCC[C@H]2O)cc1,4.9136
CC(C(=O)[O-])c1ccc(CC2CCCC2=O)c(-c2ccccc2)c1.[Na+],3.5376
Cc1ccc(-c2cc(C(C)C(=O)[O-])ccc2CC2CCCC2=O)cc1.[Na+],3.3768
CC(C(=O)[O-])c1ccc(CC2CCCC2=O)c(-c2ccc(F)cc2)c1.[Na+],4.4437
CC(C(=O)[O-])c1ccc(CC2CCCC2=O)c(-c2ccc(OC(F)(F)F)cc2)c1.[Na+],4.1427
CC(C(=O)[O-])c1ccc(CC2CCCC2=O)cc1-c1ccccc1.[Na+],4.1549
Cc1ccc(-c2cc(CC3CCCC3=O)ccc2C(C)C(=O)[O-])cc1.[Na+],3.2676
COc1ccc(-c2cc(CC3CCCC3=O)ccc2C(C)C(=O)[O-])cc1.[Na+],3.3665
CSc1ccc(-c2cc(CC3CCCC3=O)ccc2C(C)C(=O)[O-])cc1.[Na+],3.8239
CC(C(=O)[O-])c1ccc(CC2CCCC2=O)cc1-c1ccc(F)cc1.[Na+],4.4437
CC(C(=O)[O-])c1ccc(CC2CCCC2=O)cc1-c1ccc(C(=O)[O-])cc1.[Na+].[Na+],4.1192
CC(C(=O)[O-])c1ccc(CC2CCCC2=O)cc1-c1ccc(O)cc1.[Na+],4.9586
CC(C(=O)[O-])c1ccc(C[C@H]2CCC[C@@H]2O)cc1-c1ccc(O)cc1.[Na+],4.6990
CC(C(=O)[O-])c1ccc(C[C@H]2CCC[C@H]2O)cc1-c1ccc(O)cc1.[Na+],4.7696
CN=[S+](C)([O-])c1ccc(C2=C(c3ccccc3)C(=O)OC2)cc1,6.8069
C[C@]1(O)C[C@@H](O)[C@](O)(CC=O)[C@@H]1C=O,4.3635
Nc1c(CC(=O)O)cccc1C(=O)c1ccc(Br)cc1,8.3185
CCCCCCCCc1ccc(O)cc1,5.5433
O=C(Nc1ccc(Cl)c(Cl)c1)c1cc(Cl)cc(Cl)c1O,6.2660
Oc1c(Cl)cc(Cl)c(Cl)c1Cc1c(O)c(Cl)cc(Cl)c1Cl,6.1909
Cc1cc(C(C#N)c2ccc(Cl)cc2)c(Cl)cc1NC(=O)c1cc(I)cc(I)c1O,5.7354
Clc1ccccc1C(c1ccccc1)(c1ccccc1)n1ccnc1,4.3789
c1ccc2c(c1)Nc1ccccc1S2,6.2741
NNc1ccccc1,5.8199
O=C(O)c1cccnc1Nc1cccc(C(F)(F)F)c1,6.0372
Cc1cccc(Nc2ccccc2C(=O)O)c1C,5.8790
Clc1ccc(COC(Cn2ccnc2)c2ccc(Cl)cc2Cl)c(Cl)c1,4.5876
Oc1ccc(OCc2ccccc2)cc1,5.4288
c1ccc(Nc2ccc(Nc3ccccc3)cc2)cc1,6.2366
O=C(c1ccccc1)c1ccc2n1CCC2C(=O)O,6.3726
NC(=O)N1C(=O)/C(=C(\O)c2cccs2)c2cc(Cl)ccc21,6.5735
NS(=O)(=O)c1cc2c(cc1Cl)S(c1ccc(Br)cc1)=NS2(=O)=O,5.6383
CS(=O)(=O)c1ccc2c(c1)S(=O)(=O)N=S2c1ccc(Br)cc1,5.7447
CCc1ccc(S2=NS(=O)(=O)c3cc([N+](=O)[O-])ccc32)cc1,5.7696
CC(C)c1ccc(S2=NS(=O)(=O)c3cc([N+](=O)[O-])ccc32)cc1,6.1367
CC(C)(C)c1ccc(S2=NS(=O)(=O)c3cc([N+](=O)[O-])ccc32)cc1,6.5686
COc1ccc(S2=NS(=O)(=O)c3cc([N+](=O)[O-])ccc32)cc1,6.0555
O=[N+]([O-])c1ccc2c(c1)S(=O)(=O)N=S2c1ccc(-c2ccccc2)cc1,6.3010
O=[N+]([O-])c1ccc2c(c1)S(=O)(=O)N=S2c1ccc(C(F)(F)F)cc1,5.5243
CC(=O)c1c(O)cc(O)c(C/C=C(\C)CCC=C(C)C)c1O,6.3979
O=C(NS(=O)(=O)c1ccccc1)c1cccnc1,4.8013
O=C(NS(=O)(=O)c1ccc(F)cc1)c1cccnc1,4.9318
O=C(NS(=O)(=O)c1ccc(Cl)cc1)c1cccnc1,5.1805
O=C(NS(=O)(=O)c1ccc(Br)cc1)c1cccnc1,5.3098
Cc1ccc(S(=O)(=O)NC(=O)c2cccnc2)cc1,4.7399
O=C(NS(=O)(=O)c1ccccc1)c1cncc(C(=O)NS(=O)(=O)c2ccccc2)c1,5.1024
O=C(NS(=O)(=O)c1ccc(F)cc1)c1cncc(C(=O)NS(=O)(=O)c2ccc(F)cc2)c1,5.2518
O=C(NS(=O)(=O)c1ccc(Cl)cc1)c1cncc(C(=O)NS(=O)(=O)c2ccc(Cl)cc2)c1,5.4685
O=C(NS(=O)(=O)c1ccc(Br)cc1)c1cncc(C(=O)NS(=O)(=O)c2ccc(Br)cc2)c1,5.5528
Cc1ccc(S(=O)(=O)NC(=O)c2cncc(C(=O)NS(=O)(=O)c3ccc(C)cc3)c2)cc1,5.0706
O=C(NS(=O)(=O)c1ccc(F)cc1)c1ccncc1,4.9172
O=C(NS(=O)(=O)c1ccc(Cl)cc1)c1ccncc1,4.8996
O=C(NS(=O)(=O)c1ccc(Br)cc1)c1ccncc1,5.1079
Cc1ccc(S(=O)(=O)NC(=O)c2ccncc2)cc1,4.7122
O=C(NS(=O)(=O)c1ccccc1)c1ccccn1,5.0555
O=C(NS(=O)(=O)c1ccc(F)cc1)c1ccccn1,5.2007
O=C(NS(=O)(=O)c1ccc(Cl)cc1)c1ccccn1,5.2218
O=C(NS(=O)(=O)c1ccc(Br)cc1)c1ccccn1,5.4437
Cc1ccc(S(=O)(=O)NC(=O)c2ccccn2)cc1,5.0969
O=C(NS(=O)(=O)c1ccccc1)c1cccc(C(=O)NS(=O)(=O)c2ccccc2)n1,5.4318
O=C(NS(=O)(=O)c1ccc(F)cc1)c1cccc(C(=O)NS(=O)(=O)c2ccc(F)cc2)n1,5.5850
O=C(NS(=O)(=O)c1ccc(Cl)cc1)c1cccc(C(=O)NS(=O)(=O)c2ccc(Cl)cc2)n1,5.7212
O=C(NS(=O)(=O)c1ccc(Br)cc1)c1cccc(C(=O)NS(=O)(=O)c2ccc(Br)cc2)n1,6.0969
Cc1ccc(S(=O)(=O)NC(=O)c2cccc(C(=O)NS(=O)(=O)c3ccc(C)cc3)n2)cc1,5.2518
Cc1c(CC(=O)OCCO[N+](=O)[O-])cc(-c2ccc(S(C)(=O)=O)cc2)n1-c1cccc(F)c1,6.6080
Cc1c(CC(=O)OCCO)cc(-c2ccc(S(C)(=O)=O)cc2)n1-c1cccc(F)c1,6.4201
O=C(O)/C=C/C12C=C(O)C(=O)C=C1C(=O)C1=Cc3cc(O)c(O)cc3O[C@@H](c3ccc(O)c(O)c3)[C@@H]12,5.0088
O=C(O)/C=C/c1ccc2c(c1)O[C@H](c1cc(O)cc(O)c1)[C@H](C(=O)O)O2,5.1249
O=C(O)/C=C/c1ccc2c(c1)O[C@@H](C(=O)O)[C@@H](c1cc(O)cc(O)c1)O2,4.5918
O=C(O)/C=C/c1ccc2c(c1)O[C@@H](C(=O)O)[C@@H](c1ccc(O)c(O)c1)O2,4.2790
O=C1O[C@@H](c2ccc(O)c(O)c2)[C@H](C(=O)O)/C1=C\c1ccc(O)c(O)c1,4.3706
CC(C)(C)OC1Oc2ccccc2-c2nc(NN)ncc21,7.2218
CC(C)Cc1ccc([C@H](C)C(=O)O)cc1,5.8729
CC(C)Cc1ccc([C@H](CF)C(=O)O)cc1,6.2757
Cc1c(CC(=O)O)c2ccccc2n1C(=O)c1ccc(Cl)cc1,4.4089
Cc1ccnc(C(=O)c2[nH]c3cc(F)ccc3c2CC(=O)O)c1,7.4090
COc1ccc2c(CC(=O)O)c(C(=O)c3cc(C)ccn3)[nH]c2c1,6.3070
CCc1ccc2c(CC(=O)O)c(C(=O)c3cc(C)ccn3)[nH]c2c1,6.3830
Cc1ccnc(C(=O)c2[nH]c3ccc(C(C)(C)C)cc3c2CC(=O)O)c1,7.3820
CCc1ccc2[nH]c(C(=O)c3cc(C)ccn3)c(CC(=O)O)c2c1,6.8000
Cc1ccnc(C(=O)c2[nH]c3ccc(OC(F)(F)F)cc3c2CC(=O)O)c1,6.5618
CCc1ccnc(C(=O)c2[nH]c3ccc(OC(F)(F)F)cc3c2CC(=O)O)c1,5.8099
Cc1ccnc(C(=O)c2[nH]c3cc(Cl)c(F)cc3c2CC(=O)O)c1,7.5847
Cc1ccnc(C(=O)c2[nH]c3ccc(F)cc3c2CC(=O)O)c1,7.5348
COc1ccc2[nH]c(C(=O)c3cc(C)ccn3)c(CC(=O)O)c2c1,6.2752
CCc1cc(C(=O)c2[nH]c3cc(Cl)ccc3c2CC(=O)O)ncc1Cl,7.5129
O=C(O)Cc1c(C(=O)c2cc3c(cn2)CCCC3)[nH]c2cc(Cl)ccc12,7.7167
CCOc1cnc(C(=O)c2[nH]c3cc(Cl)ccc3c2CC(=O)O)cc1CC,6.2233
N[C@@H](Cc1c[nH]c2ccccc12)C(=O)N[C@@H](CS)C(=O)N[C@@H](CO)C(=O)O,7.8239
N[C@@H](Cc1c[nH]c2ccccc12)C(=O)N[C@@H](Cc1ccc(O)cc1)C(=O)N[C@@H](CC(=O)O)C(=O)O,3.1549
CSCC[C@H](NC(=O)[C@H](Cc1c[nH]c2ccccc12)NC(=O)c1ccc(F)cc1)C(=O)N[C@@H](CC(=O)O)C(=O)O,3.3468
CSCC[C@H](NC(=O)[C@H](Cc1c[nH]c2ccccc12)NC(=O)c1ccc(F)cc1)C(=O)N[C@@H](CCC(=O)O)C(=O)O,3.4559
CSCC[C@H](NC(=O)[C@H](Cc1ccc(O)cc1)NC(=O)c1ccc(F)cc1)C(=O)N[C@@H](CCC(=O)O)C(=O)O,3.3010
CSCC[C@H](NC(=O)[C@H](Cc1ccccc1)NC(=O)c1ccc(F)cc1)C(=O)N[C@@H](CC(=O)O)C(=O)O,3.3468
O=C(N[C@@H](Cc1ccccc1)C(=O)N[C@@H](CS)C(=O)N[C@@H](CO)C(=O)O)c1ccc(F)cc1,4.8861
O=C(N[C@@H](Cc1c[nH]c2ccccc12)C(=O)N[C@@H](CS)C(=O)N[C@@H](CO)C(=O)O)c1ccc(F)cc1,4.0706
O=C(N[C@@H](Cc1ccc(O)cc1)C(=O)N[C@@H](Cc1c[nH]c2ccccc12)C(=O)N[C@@H](CO)C(=O)O)c1ccc(F)cc1,3.7447
O=C(N[C@@H](CS)C(=O)N[C@@H](CO)C(=O)O)c1ccc(F)cc1,4.8239
O=C(O)C[C@H](NC(=O)[C@H](CS)NC(=O)c1ccc(F)cc1)C(=O)O,4.8539
O=C(N[C@@H](Cc1ccc(O)cc1)C(=O)N[C@@H](CO)C(=O)O)c1ccc(F)cc1,3.8539
O=C(N[C@@H](Cc1c[nH]c2ccccc12)C(=O)N[C@@H](CO)C(=O)O)c1ccc(F)cc1,3.6990
O=C(O)C[C@H](NC(=O)[C@H](Cc1ccc(O)cc1)NC(=O)c1ccc(F)cc1)C(=O)O,3.9586
Fc1ccc(/N=C/c2c[nH]c3ccccc23)cc1,4.7645
Cc1ccc(/N=C/c2c[nH]c3ccccc23)cc1,4.5171
FC(F)(F)c1ccc(/N=C/c2c[nH]c3ccccc23)cc1,4.9355
Fc1ccc(/N=C/c2cn(Cc3ccccc3)c3ccccc23)cc1,6.1487
Cc1ccc(/N=C/c2cn(Cc3ccccc3)c3ccccc23)cc1,4.7570
FC(F)(F)c1ccc(/N=C/c2cn(Cc3ccccc3)c3ccccc23)cc1,6.0757
O=C(c1ccccc1)n1cc(/C=N/c2ccc(F)cc2)c2ccccc21,6.3665
Cc1ccc(/N=C/c2cn(C(=O)c3ccccc3)c3ccccc23)cc1,4.9066
O=C(c1ccccc1)n1cc(/C=N/c2ccc(C(F)(F)F)cc2)c2ccccc21,6.4949
O=C(c1ccccc1)n1cc(/C=N/c2ccc(Cl)cc2)c2ccccc21,5.1851
CC(=O)Oc1ccccc1C(=O)Oc1ccc(CCO)cc1,6.4202
CC(C)Cc1ccc(C(C)C(=O)Oc2ccc(CCO)cc2)cc1,9.6990
COc1ccc2c(c1)c(CC(=O)Oc1ccc(CCO)cc1)c(C)n2C(=O)c1ccc(Cl)cc1,5.3372
NS(=O)(=O)c1ccc(-n2nnnc2-c2ccccc2)cc1,4.8239
NS(=O)(=O)c1ccc(-n2nnnc2-c2ccc(F)cc2)cc1,4.2518
NS(=O)(=O)c1ccc(-n2nnnc2-c2ccc(Cl)cc2)cc1,4.2076
CN(C)c1ccc(-c2nnnn2-c2ccc(S(N)(=O)=O)cc2)cc1,5.1549
CS(=O)(=O)c1ccc(-n2nnnc2-c2ccccc2)cc1,4.5229
Cc1ccc(-c2nnnn2-c2ccc(S(C)(=O)=O)cc2)cc1,4.0605
CS(=O)(=O)c1ccc(-n2nnnc2-c2ccc(F)cc2)cc1,4.8239
CS(=O)(=O)c1ccc(-n2nnnc2-c2ccc(Cl)cc2)cc1,4.4949
CS(=O)(=O)c1ccc(-n2nnnc2-c2ccc([N+](=O)[O-])cc2)cc1,4.1612
CN(C)c1ccc(-c2nnnn2-c2ccc(S(C)(=O)=O)cc2)cc1,5.2218
O=C(/C=C/c1ccc(O)c(O)c1)NCCc1c[nH]c2ccc(O)cc12,4.2777
O=C(O)/C=C/c1ccc(O)c(O)c1,3.8871
COc1cc(/C=C/C(=O)O)cc(OC)c1O,4.5528
CNc1nnc(Cn2nc(Cc3ccccc3)c3onc(C)c3c2=O)s1,4.6716
Cc1noc2c(Cc3ccccc3)nn(Cc3nnc(Nc4ccccc4)s3)c(=O)c12,4.9626
CNc1nnc(Cn2nc(Cc3ccc([N+](=O)[O-])cc3)c3onc(C)c3c2=O)s1,5.2218
CCNc1nnc(Cn2nc(Cc3ccc([N+](=O)[O-])cc3)c3onc(C)c3c2=O)s1,4.4023
CNc1nnc(Cn2nc(Cc3ccc(OC)cc3)c3onc(C)c3c2=O)s1,4.8327
Cc1noc2c(Cc3ccccc3)nn(Cc3n[nH]c(=S)n3C)c(=O)c12,5.2596
CCn1c(Cn2nc(Cc3ccccc3)c3onc(C)c3c2=O)n[nH]c1=S,5.2147
Cc1noc2c(Cc3ccc([N+](=O)[O-])cc3)nn(Cc3n[nH]c(=S)n3C)c(=O)c12,5.3372
CCn1c(Cn2nc(Cc3ccc([N+](=O)[O-])cc3)c3onc(C)c3c2=O)n[nH]c1=S,5.0362
COc1ccc(Cc2nn(Cc3n[nH]c(=S)n3C)c(=O)c3c(C)noc23)cc1,5.6778
CCn1c(Cn2nc(Cc3ccc(OC)cc3)c3onc(C)c3c2=O)n[nH]c1=S,5.6576
COc1ccc(Cc2nn(Cc3n[nH]c(=S)n3-c3ccccc3)c(=O)c3c(C)noc23)cc1,4.9666
O=C(O)c1ccccc1Nc1cccc(C(F)(F)F)c1,7.7474
O=C(O)c1cccc(Nc2ccc([N+](=O)[O-])cc2)c1,6.1308
COc1ccc(-c2csc(Nc3ccc4c(c3)OCO4)n2)cc1,6.0410
COc1cccc(-c2csc(Nc3ccc4c(c3)OCO4)n2)c1,6.0362
COc1ccccc1-c1csc(Nc2ccc3c(c2)OCO3)n1,6.0315
Clc1ccccc1-c1csc(Nc2ccc3c(c2)OCO3)n1,6.0410
c1ccc(-c2csc(Nc3ccc4c(c3)OCO4)n2)cc1,6.3872
COc1ccc(-c2csc(Nc3ccc(C)cc3)n2)cc1,6.0915
COc1ccc(Nc2nc(-c3ccc(OC)cc3)cs2)cc1,5.8633
COc1ccc(Nc2nc(-c3ccc(C)c(C)c3)cs2)cc1,5.9208
CN(c1ccc(O)cc1)c1nc(-c2ccc(Cl)cc2)cs1,5.9666
COc1cccc(Nc2nc(-c3ccc(Cl)cc3)cs2)c1,5.8570
Clc1ccc(-c2csc(Nc3ccc4c(c3)OCO4)n2)cc1,6.0757
NC(CO)(CO)CO.O=C(c1ccccc1)c1ccc2n1CCC2C(=O)O,5.5695
CC(C(=O)O)c1ccc(N[C@H]2CCC[C@@H]2O)cc1F,4.8539
CC(C(=O)O)c1ccc(NC2CCCC2)cc1F,4.6716
CC(C(=O)O)c1ccc(OC2CCCC2=O)cc1F,4.6180
CC(C(=O)O)c1ccc(OC2CCCC2)cc1F,4.5800
CC(C(=O)O)c1ccc(Cc2ccco2)cc1F,5.3872
CC(C(=O)O)c1ccc(Cc2cccs2)cc1F,4.8861
CC(C(=O)O)c1ccc(Cc2ccoc2)cc1F,5.3979
CC(C(=O)O)c1ccc(Cc2ccsc2)cc1F,5.0809
NS(=O)(=O)c1ccc(NN2C(=O)CSC2c2ccccc2)cc1,4.1068
NS(=O)(=O)c1ccc(NN2C(=O)CSC2c2ccc(Cl)cc2)cc1,4.3420
NS(=O)(=O)c1ccc(NN2C(=O)CSC2c2ccc(F)cc2)cc1,4.2007
Cc1ccc(C2SCC(=O)N2Nc2ccc(S(N)(=O)=O)cc2)cc1,4.6108
NS(=O)(=O)c1ccc(NN2C(=O)CSC2c2ccc(C(F)(F)F)cc2)cc1,4.2857
CS(=O)(=O)c1ccc(NN2C(=O)CSC2c2ccccc2)cc1,4.6990
CS(=O)(=O)c1ccc(NN2C(=O)CSC2c2ccc(Cl)cc2)cc1,3.9147
CS(=O)(=O)c1ccc(NN2C(=O)CSC2c2ccc(F)cc2)cc1,4.3429
Cc1ccc(C2SCC(=O)N2Nc2ccc(S(C)(=O)=O)cc2)cc1,4.8416
CS(=O)(=O)c1ccc(NN2C(=O)CSC2c2ccc(C(F)(F)F)cc2)cc1,4.4225
CC1CCN([C@H](c2ccc(F)cc2)c2ccc([C@@H](C)C(=O)O)cc2-c2ccc(C(F)(F)F)cc2)CC1,4.5686
Cc1c(Cl)cccc1NC(=O)C(C)Oc1cc(=O)oc2ccccc12,4.1255
CC(Oc1cc(=O)oc2ccccc12)C(=O)NCc1ccccc1,4.8798
CC(Oc1cc(=O)oc2ccccc12)C(=O)Nc1ccc(F)cc1F,4.7739
COc1ccc(NC(=O)C(C)Oc2cc(=O)oc3ccccc23)cc1,4.4122
CC(Oc1cc(=O)oc2ccccc12)C(=O)Nc1ccc(C(F)(F)F)cc1C#N,4.2989
CC(Oc1cc(=O)oc2ccccc12)C(=O)N1CCOCC1,4.1553
COC(=O)C(CC(C)C)NC(=O)C(C)Oc1cc(=O)oc2ccccc12,5.0835
CC(Oc1cc(=O)oc2ccccc12)C(=O)Nc1cccc2c(=O)[nH]ccc12,5.9914
CC(Oc1cc(=O)oc2ccccc12)C(=O)Nc1ccc(N2CCOCC2=O)cc1,4.8983
CC(Oc1cc(=O)oc2ccccc12)C(=O)Nc1ccncc1,4.2808
CC(Oc1cc(=O)oc2ccccc12)C(=O)NC12CC3CC(C)(CC(C)(C3)C1)C2,5.0742
O=C1CSC(N2N=C(c3ccc(Cl)c(Cl)c3)CC2c2ccc(F)cc2)=N1,4.7122
O=C1CSC(N2N=C(c3ccc(Cl)c(Cl)c3)CC2c2ccccc2Cl)=N1,4.7352
Cc1ccccc1C1CC(c2ccc(Cl)c(Cl)c2)=NN1C1=NC(=O)CS1,4.7878
O=C1CSC(N2N=C(c3ccc(Cl)c(Cl)c3)CC2c2cccc(Cl)c2)=N1,4.7932
O=C1CSC(N2N=C(c3ccc(Cl)c(Cl)c3)CC2c2ccc(Cl)cc2)=N1,4.9318
O=C1CSC(N2N=C(c3ccc(Cl)c(Cl)c3)CC2c2ccc(Br)cc2)=N1,5.1192
Cc1cccc(C2CC(c3ccc(Cl)c(Cl)c3)=NN2C2=NC(=O)CS2)c1,5.1427
Cc1ccc(C2=NN(C3=NC(=O)CS3)C(c3ccccc3Cl)C2)cc1C,5.1427
COc1ccc(C2CC(c3ccc(Cl)c(Cl)c3)=NN2C2=NC(=O)CS2)cc1,5.1675
Cc1ccc(C2=NN(C3=NC(=O)CS3)C(c3ccc(F)cc3)C2)cc1C,5.1938
Cc1ccc(C2=NN(C3=NC(=O)CS3)C(c3ccccc3C)C2)cc1C,5.2007
Cc1ccc(C2=NN(C3=NC(=O)CS3)C(c3cccc(Cl)c3)C2)cc1C,5.2840
Cc1ccc(C2CC(c3ccc(Cl)c(Cl)c3)=NN2C2=NC(=O)CS2)cc1,5.3279
Cc1ccc(C2=NN(C3=NC(=O)CS3)C(c3ccc(Cl)cc3)C2)cc1C,5.3468
COc1ccc(C2CC(c3ccc(C)c(C)c3)=NN2C2=NC(=O)CS2)cc1,5.5376
O=C1CSC(N2N=C(c3ccc(Cl)c(Cl)c3)CC2c2ccccc2)=N1,5.5686
Cc1cccc(C2CC(c3ccc(C)c(C)c3)=NN2C2=NC(=O)CS2)c1,5.5686
Cc1ccc(C2=NN(C3=NC(=O)CS3)C(c3ccc(Br)cc3)C2)cc1C,5.7447
Cc1ccc(C2CC(c3ccc(C)c(C)c3)=NN2C2=NC(=O)CS2)cc1,5.9208
Cc1ccc(C2=NN(C3=NC(=O)CS3)C(c3ccccc3)C2)cc1C,6.3010
C[C@H](C(=O)O)c1ccc2c3cc(Cl)ccc3n(C(=O)c3cocn3)c2c1,5.6021
C[C@H](C(=O)O)c1ccc2c3cc(Cl)ccc3n(C(=O)c3ccc(Cl)cc3)c2c1,4.3325
C[C@H](C(=O)O)c1ccc2c(c1)[nH]c1ccc(Cl)cc12,5.2757
CC(C(=O)O)c1ccc2c3cc(Cl)ccc3n(C(=O)c3cocn3)c2c1,4.5560
CC(C(=O)O)c1ccc2c3cc(Cl)ccc3n(C(=O)c3ccc(Cl)cc3)c2c1,4.1409
COc1ccc(C(=O)n2nc(C)c3nnc4cc(Cl)c(F)cc4c32)cc1,5.0000
Cc1ccc(C(=O)n2nc(C)c3nnc4cc(Cl)c(F)cc4c32)cc1,4.8928
Nc1c(C(=O)O)nc2ccccn12,6.3487
O=C(O)c1nc2ccccn2c1[N+](=O)[O-],7.3002
CCOC(=O)c1nc2ccccn2c1[N+](=O)[O-],6.6440
O=C(O)c1cn2ccccc2n1,6.1858
CC(C(=O)O)c1ccc(-c2cn3ccccc3n2)cc1,7.3179
Cn1cccc1CCCNc1cc(C(F)(F)F)nc(-c2ccc(S(C)(=O)=O)cc2)n1,4.5000
CS(=O)(=O)c1ccc(-c2nc(NCCCc3cccs3)cc(C(F)(F)F)n2)cc1,4.5000
CS(=O)(=O)c1ccc(-c2nc(NC3CC=CCC3)cc(C(F)(F)F)n2)cc1,4.5000
CS(=O)(=O)c1ccc(C2=C(c3ccc(F)cc3)SC(Br)C2)cc1,2.7000
Cc1c(CC(=O)O)cc(-c2ccccc2)cc1-c1ccccc1,3.9208
CS(=O)(=O)c1ccc(C=C(c2ccc(Cl)cc2)c2ccc(Cl)cc2)cc1,5.6990
CS(=O)(=O)c1ccc(C=C(c2ccc(F)cc2)c2ccc(F)cc2)cc1,4.4949
Cc1ccc(C(=Cc2ccc(S(C)(=O)=O)cc2)c2ccc(C)cc2)cc1,4.5003
CS(=O)(=O)c1ccc(/C=C(\c2ccccc2)c2ccc(Cl)cc2)cc1,6.9431
CS(=O)(=O)c1ccc(/C=C(\c2ccccc2)c2ccc(F)c(F)c2)cc1,6.0132
CS(=O)(=O)c1ccc(/C=C(\c2ccccc2)c2ccc(F)cc2)cc1,7.4949
Cc1ccc(/C(=C/c2ccc(S(C)(=O)=O)cc2)c2ccccc2)cc1,6.9208
CCCC/C(=C(\c1ccccc1)c1ccc(S(C)(=O)=O)cc1)c1cc(C(C)(C)C)c(O)c(C(C)(C)C)c1,5.4815
CC/C(=C(\c1ccccc1)c1ccc(S(C)(=O)=O)cc1)c1cc(C(C)(C)C)c(O)c(C(C)(C)C)c1,4.4949
C/C(=C(\c1ccccc1)c1ccc(S(C)(=O)=O)cc1)c1cc(C(C)(C)C)c(O)c(C(C)(C)C)c1,5.4437
CCCC/C(=C(\c1ccccc1)c1cc(C(C)(C)C)c(O)c(C(C)(C)C)c1)c1ccc(S(C)(=O)=O)cc1,6.4437
CS(=O)(=O)c1ccc(/C=C(/C(=O)O)c2cccc(-c3ccc(S(C)(=O)=O)cc3)c2)cc1,5.6778
CS(=O)(=O)c1ccc(/C=C(/C(=O)O)c2ccc(-c3ccc(S(C)(=O)=O)cc3)cc2)cc1,6.4949
CC(C)Oc1ccc(-c2ccc(/C(=C\c3ccc(S(C)(=O)=O)cc3)C(=O)O)cc2)cc1,6.4949
CS(=O)(=O)c1ccc(/C=C(/C(=O)O)c2ccc(-c3ccc(F)cc3F)cc2)cc1,6.4949
CC(=O)Nc1ccc(/C(=C\c2ccc(S(C)(=O)=O)cc2)C(=O)O)cc1,5.6021
CC/C(=C(\c1ccccc1)c1cc(C(C)(C)C)c(O)c(C(C)(C)C)c1)c1ccc(S(C)(=O)=O)cc1,5.7520
CS(=O)(=O)c1ccc(/C=C(/C(=O)O)c2ccc(O)cc2)cc1,5.2757
CS(=O)(=O)c1ccc(/C=C(/C(=O)O)c2ccc(F)cc2)cc1,4.4437
CCCCCCCC(=C(c1ccccc1)c1ccccc1)c1ccc(S(C)(=O)=O)cc1,6.8239
CS(=O)(=O)c1ccc(/C=C(/C(=O)O)c2cccc(Br)c2)cc1,6.5086
CS(=O)(=O)c1ccc(/C=C(/C(=O)O)c2ccccc2)cc1,5.5229
CC/C(=C(\c1ccccc1)c1ccc(OC(C)=O)cc1)c1ccc(S(C)(=O)=O)cc1,7.5229
CCCCCCC/C(=C(\c1ccccc1)c1ccc(OC(C)=O)cc1)c1ccc(S(C)(=O)=O)cc1,5.1024
CCCCC(=C(c1ccccc1)c1ccccc1)c1ccccc1,5.1024
CC/C(=C(\c1ccccc1)c1ccc(O)cc1)c1ccc(S(C)(=O)=O)cc1,5.7212
CS(=O)(=O)c1ccc(C=C(c2ccccc2)c2ccccc2)cc1,6.5086
CC(=C(c1ccccc1)c1ccccc1)c1ccc(S(C)(=O)=O)cc1,6.2007
CCCCCC(=C(c1ccccc1)c1ccccc1)c1ccc(S(C)(=O)=O)cc1,5.6990
CC/C(=C(\c1ccccc1)c1ccc(N=[N+]=[N-])cc1)c1ccccc1,6.5528
CCCC/C(=C(\c1ccccc1)c1ccc(N=[N+]=[N-])cc1)c1ccccc1,6.0000
CCCCCC/C(=C(\c1ccccc1)c1ccc(N=[N+]=[N-])cc1)c1ccccc1,6.9586
C/C(=C(\c1ccccc1)c1ccc(NS(C)(=O)=O)cc1)c1ccccc1,4.4802
CC/C(=C(\c1ccccc1)c1ccc(NS(C)(=O)=O)cc1)c1ccccc1,5.7447
CCCC/C(=C(\c1ccccc1)c1ccc(NS(C)(=O)=O)cc1)c1ccccc1,6.4949
CCCCCC/C(=C(\c1ccccc1)c1ccc(NS(C)(=O)=O)cc1)c1ccccc1,7.5229
Clc1ccc(-c2csc(Nc3ccc(Oc4ccccc4)cc3)n2)cc1,6.4815
CCN(CC)c1ccc2c(c1)Oc1cc(N(CC)CC)ccc1C21c2ccccc2C(=O)N1CCNS(=O)(=O)c1ccc(-n2nc(C(F)(F)F)cc2-c2ccc(C)cc2)cc1,5.4089
Cc1ccc(-c2cc(C(F)(F)F)nn2-c2ccc(S(=O)(=O)NCCNS(=O)(=O)c3cccc4c(N(C)C)cccc34)cc2)cc1,5.9586
CN(C)c1cccc2c(S(=O)(=O)NCCNS(=O)(=O)c3ccc(C4=C(c5ccc(Cl)cc5)C(=O)OC4)cc3)cccc12,5.1427
CC(C)Cc1ccc(C(C)C(=O)OCCNS(=O)(=O)c2cccc3c(N(C)C)cccc23)cc1,5.0362
COc1ccc2cc([C@H](C)C(=O)n3c4ccccc4c(=O)c4ccccc43)ccc2c1,5.0088
CC(C)Cc1ccc(C(C)C(=O)n2c3ccccc3c(=O)c3ccccc32)cc1,5.7447
O=c1c2ccccc2n(CCOS(=O)(=O)c2ccc(C(F)(F)F)cc2)c2ccccc12,6.2291
CC(=O)Oc1ccccc1C(=O)OCCn1c2ccccc2c(=O)c2ccccc21,4.6737
COc1ccc2cc([C@H](C)C(=O)OCCn3c4ccccc4c(=O)c4ccccc43)ccc2c1,5.1675
CC(C)Cc1ccc(C(C)C(=O)OCCn2c3ccccc3c(=O)c3ccccc32)cc1,6.1739
O=C(N[C@H]1CCC[C@@H]1OCc1ccccc1)C1CCN(c2nc3cc(Cl)ccc3o2)CC1,6.0297
O=C(N[C@@H]1CCC[C@H]1OCc1ccccc1)C1CCN(c2nc3cc(Cl)ccc3o2)CC1,5.5455
O=C(N[C@H]1CCC[C@H]1OCc1ccccc1)C1CCN(c2nc3cc(Cl)ccc3o2)CC1,5.1624
O=C(N[C@H]1CC[C@@H](CO)CC1)C1CCN(c2nc3cc(Cl)ccc3o2)CC1,5.4272
O=C(N[C@H]1CCC[C@@H]1COc1ccccc1)C1CCN(c2nc3cc(Cl)ccc3o2)CC1,7.0721
O=C(NC1CCCC1)C1CCN(c2nc3cc(Cl)ccc3o2)CC1,5.9957
COc1ccc(/C=C/c2cc(OC)cc(OC)c2/C=C/C(=O)O)cc1,5.1618
COc1ccc(/C=C/c2cc(OC)cc(OC)c2/C=C/C(=O)N2CCCC2)cc1,5.0521
COc1ccc(/C=C/c2cc(OC)cc(OC)c2/C=C/C(=O)N2CCSCC2)cc1,5.0964
COc1ccc(/C=C/c2cc(OC)cc(OC)c2/C=C/C(=O)N2CCOCC2)cc1,5.7258
COc1ccc(/C=C/c2cc(OC)cc(OC)c2/C=C/C(=O)N2CCN(C)CC2)cc1,5.2381
COc1ccc(/C=C/c2cc(OC)cc(OC)c2/C=C/C(=O)N2CCC(c3ccccc3)CC2)cc1,5.0670
COc1ccc(/C=C/c2cc(OC)cc(OC)c2/C=C/C(=O)N2CCC(Cl)CC2)cc1,5.8386
CCC1CCCCN1C(=O)/C=C/c1c(/C=C/c2ccc(OC)cc2)cc(OC)cc1OC,4.9880
COc1ccc(/C=C/c2cc(OC)cc(OC)c2/C=C/C(=O)N2CC(C)CC(C)C2)cc1,5.7033
COc1ccc(/C=C/c2cc(OC)cc(OC)c2/C=C/C(=O)N2CCC(C)CC2)cc1,4.9880
COc1ccc(/C=C/c2cc(OC)cc(OC)c2/C=C/C(=O)N2CCCC(C)C2)cc1,5.1494
COc1ccc(/C=C/c2cc(OC)cc(OC)c2/C=C/C(=O)N2CCCCC2C)cc1,5.1746
COc1ccc(/C=C/c2cc(OC)cc(OC)c2/C=C/C(=O)N2CCCCC2)cc1,4.6353
C=CCN(CC=C)C(=O)/C=C/c1c(/C=C/c2ccc(OC)cc2)cc(OC)cc1OC,5.0964
CCCCCCN(CCCCCC)C(=O)/C=C/c1c(/C=C/c2ccc(OC)cc2)cc(OC)cc1OC,5.0419
CCCCCN(CCCCC)C(=O)/C=C/c1c(/C=C/c2ccc(OC)cc2)cc(OC)cc1OC,4.7844
COc1ccc(/C=C/c2cc(OC)cc(OC)c2/C=C/C(=O)N(CC(C)C)CC(C)C)cc1,5.1649
CCCCN(CCCC)C(=O)/C=C/c1c(/C=C/c2ccc(OC)cc2)cc(OC)cc1OC,4.9965
CCCN(CCC)C(=O)/C=C/c1c(/C=C/c2ccc(OC)cc2)cc(OC)cc1OC,5.0937
CCN(CC)C(=O)/C=C/c1c(/C=C/c2ccc(OC)cc2)cc(OC)cc1OC,5.3307
COc1ccc(/C=C/c2cc(OC)cc(OC)c2/C=C/C(=O)N(C)C)cc1,4.8867
COc1ccc(/C=C/c2cc(OC)cc(OC)c2/C=C/C(=O)Nc2cc(OC)c(OC)c(OC)c2)cc1,5.1765
COc1ccc(/C=C/c2cc(OC)cc(OC)c2/C=C/C(=O)NCCCN2CCOCC2)cc1,5.0496
COc1ccc(/C=C/c2cc(OC)cc(OC)c2/C=C/C(=O)NCc2ccco2)cc1,5.0146
COc1ccc(/C=C/c2cc(OC)cc(OC)c2/C=C/C(=O)NC2CCCCC2)cc1,5.2933
COc1ccc(/C=C/c2cc(OC)cc(OC)c2/C=C/C(=O)NC2CC2)cc1,4.8874
CCC(C)NC(=O)/C=C/c1c(/C=C/c2ccc(OC)cc2)cc(OC)cc1OC,5.3410
COc1ccc(/C=C/c2cc(OC)cc(OC)c2/C=C/C(=O)NCC(C)C)cc1,4.8213
COc1ccc(/C=C/c2cc(OC)cc(OC)c2/C=C/C(=O)NC(C)(C)C)cc1,4.9539
COc1ccc(/C=C/c2cc(OC)cc(OC)c2/C=C/C(=O)NC(C)C)cc1,5.6968
C#CCNC(=O)/C=C/c1c(/C=C/c2ccc(OC)cc2)cc(OC)cc1OC,5.0419
COc1ccc(/C=C/c2cc(OC)cc(OC)c2/C=C/C(=O)NCCCCl)cc1,5.8962
COc1ccc(/C=C/c2cc(OC)cc(OC)c2/C=C/C(=O)NCCCl)cc1,5.8665
CCCCCCCCNC(=O)/C=C/c1c(/C=C/c2ccc(OC)cc2)cc(OC)cc1OC,4.6970
CCCCCCNC(=O)/C=C/c1c(/C=C/c2ccc(OC)cc2)cc(OC)cc1OC,5.0462
CCCCNC(=O)/C=C/c1c(/C=C/c2ccc(OC)cc2)cc(OC)cc1OC,5.9914
CCCNC(=O)/C=C/c1c(/C=C/c2ccc(OC)cc2)cc(OC)cc1OC,5.1707
CCNC(=O)/C=C/c1c(/C=C/c2ccc(OC)cc2)cc(OC)cc1OC,4.9080
Cc1c(CCOCCO)cc(-c2ccc(S(C)(=O)=O)cc2)n1-c1ccc(F)cc1,6.7243
Cc1c(CCOCCO[N+](=O)[O-])cc(-c2ccc(S(C)(=O)=O)cc2)n1-c1ccc(F)cc1,7.0238
CCS(=O)(=O)c1nc(-c2ccc(Cl)cc2)c(-c2ccc(S(C)(=O)=O)cc2)[nH]1,6.4949
CCS(=O)(=O)c1nc(-c2ccc(F)cc2)c(-c2ccc(S(C)(=O)=O)cc2)[nH]1,6.5086
CCS(=O)(=O)c1nc(-c2ccccc2)c(-c2ccc(S(C)(=O)=O)cc2)[nH]1,6.6198
CCSc1nc(-c2ccc(Cl)cc2)c(-c2ccc(S(C)(=O)=O)cc2)[nH]1,6.9586
CCSc1nc(-c2ccc(F)cc2)c(-c2ccc(S(C)(=O)=O)cc2)[nH]1,7.0969
CCSc1nc(-c2ccccc2)c(-c2ccc(S(C)(=O)=O)cc2)[nH]1,7.3010
CS(=O)(=O)c1ccc(-c2[nH]c(S(C)(=O)=O)nc2-c2ccc(Cl)cc2)cc1,6.5086
CS(=O)(=O)c1ccc(-c2[nH]c(S(C)(=O)=O)nc2-c2ccc(F)cc2)cc1,6.5528
CS(=O)(=O)c1ccc(-c2[nH]c(S(C)(=O)=O)nc2-c2ccccc2)cc1,6.5528
CSc1nc(-c2ccc(Cl)cc2)c(-c2ccc(S(C)(=O)=O)cc2)[nH]1,7.0000
CSc1nc(-c2ccc(F)cc2)c(-c2ccc(S(C)(=O)=O)cc2)[nH]1,7.1549
CSc1nc(-c2ccccc2)c(-c2ccc(S(C)(=O)=O)cc2)[nH]1,7.2218
Cc1onc(-c2ccc(Br)o2)c1-c1ccccc1,4.4685
Cc1onc(-c2ccco2)c1-c1ccccc1,4.6895
Cc1ccc(-c2noc(C)c2-c2ccccc2)o1,4.1662
Cc1onc(-c2ccc(Cl)o2)c1-c1ccc(F)cc1,4.7645
Cc1onc(-c2ccccc2Cl)c1-c1ccccc1,5.9586
Cc1onc(-c2cccc(Cl)c2)c1-c1ccccc1,6.5686
COc1ccc2c(c1)c(CC(=O)O)c(C(F)(F)F)n2C(=O)c1ccc(Cl)cc1,6.4112
Cc1c(/C=N\O)cc(-c2ccc(S(C)(=O)=O)cc2)n1-c1ccc(F)c(F)c1,4.7620
Cc1c(C=O)cc(-c2ccc(S(C)(=O)=O)cc2)n1-c1ccc(F)c(F)c1,4.8297
Cc1c(C#N)cc(-c2ccc(S(C)(=O)=O)cc2)n1-c1cccc(F)c1,5.8861
COc1ccc(-c2cn(CCc3ccc(S(N)(=O)=O)cc3)nn2)cc1,4.5686
Cc1ccc(-c2cn(CCc3ccc(S(N)(=O)=O)cc3)nn2)cc1,5.4685
NS(=O)(=O)c1ccc(CCn2cc(-c3ccc(Cl)cc3)nn2)cc1,6.7696
NS(=O)(=O)c1ccc(CCn2cc(-c3ccc(F)cc3)nn2)cc1,6.0000
NS(=O)(=O)c1ccc(CCn2cc(-c3ccccc3)nn2)cc1,5.9586
COc1ccc(-c2cn(Cc3ccc(S(N)(=O)=O)cc3)nn2)cc1,4.8861
Cc1ccc(-c2cn(Cc3ccc(S(N)(=O)=O)cc3)nn2)cc1,5.9208
NS(=O)(=O)c1ccc(Cn2cc(-c3ccc(Cl)cc3)nn2)cc1,4.5528
NS(=O)(=O)c1ccc(Cn2cc(-c3ccc(F)cc3)nn2)cc1,5.8239
NS(=O)(=O)c1ccc(Cn2cc(-c3ccccc3)nn2)cc1,5.1871
COc1ccc(-c2cn(-c3ccc(S(N)(=O)=O)cc3)nn2)cc1,4.9586
Cc1ccc(-c2cn(-c3ccc(S(N)(=O)=O)cc3)nn2)cc1,4.8539
NS(=O)(=O)c1ccc(-n2cc(-c3ccc(Cl)cc3)nn2)cc1,5.8861
NS(=O)(=O)c1ccc(-n2cc(-c3ccc(F)cc3)nn2)cc1,4.8697
NS(=O)(=O)c1ccc(-n2cc(-c3ccccc3)nn2)cc1,5.8861
C[C@H](CS)C(=O)N1CCC[C@H]1C(=O)O,4.9208
O=[N+]([O-])c1ccc(O)c2ncccc12,6.0000
Cc1ccc2c(c1)oc(=O)n2Cc1cn(-c2ccc(Cl)cc2)nn1,5.2518
Cc1ccc2c(c1)oc(=O)n2Cc1cn(-c2ccc(F)cc2)nn1,5.6198
Cc1ccc2oc(=O)n(Cc3cn(-c4ccc(Br)cc4)nn3)c2c1,5.5560
Cc1ccc2c(c1)oc(=O)n2Cc1cn(-c2ccccc2Cl)nn1,5.4437
O=c1oc2ccc(Cl)cc2n1Cc1cn(-c2ccc(Cl)cc2)nn1,5.5686
O=c1oc2ccc(Cl)cc2n1Cc1cn(-c2ccccc2F)nn1,5.5086
O=c1cc(-c2ccccc2)oc2cc(O)cc(O)c12,4.5935
O=C1/C(=C\c2cn(CCCOc3cc(O)c4c(=O)cc(-c5ccccc5)oc4c3)c3ccccc23)c2ccccc2N1c1c(Cl)cccc1Cl,5.1367
O=C1Nc2ccccc2/C1=C/c1cn(CCCOc2cc(O)c3c(=O)cc(-c4ccccc4)oc3c2)c2ccccc12,5.1024
CC1=NN(c2cccc(Cl)c2)C(=O)/C1=C\c1cn(CCCCOc2cc(O)c3c(=O)cc(-c4ccccc4)oc3c2)c2ccccc12,5.2076
CC1=NN(c2cccc(Cl)c2)C(=O)/C1=C\c1cn(CCCOc2cc(O)c3c(=O)cc(-c4ccccc4)oc3c2)c2ccccc12,6.1549
CC(C)(C)c1cc(/C=N/NC(=O)c2ccccc2)c(O)c(C(C)(C)C)c1,5.1878
CC(C)(C)c1cc(/C=N/NC(=O)c2ccncc2)c(O)c(C(C)(C)C)c1,5.1481
CC(C)(C)c1cc(/C=N/NC(=O)c2ccccc2O)c(O)c(C(C)(C)C)c1,5.2899
CC(C)(C)c1cc(/C=N/NC(=O)c2cccnc2)c(O)c(C(C)(C)C)c1,5.0555
Cc1c(C(N)C(=O)NCCO)cc(-c2ccc(S(C)(=O)=O)cc2)n1-c1cccc(F)c1,4.8633
Cc1c(C(N)C(=O)NCCO[N+](=O)[O-])cc(-c2ccc(S(C)(=O)=O)cc2)n1-c1cccc(F)c1,4.6778
Cc1c(CC(=O)NCCO)cc(-c2ccc(S(C)(=O)=O)cc2)n1-c1ccc(F)cc1,6.1884
Cc1c(CC(=O)NCCO[N+](=O)[O-])cc(-c2ccc(S(C)(=O)=O)cc2)n1-c1ccc(F)cc1,6.6198
O=S(=O)(Nc1ccncc1Nc1ccc(F)c(Br)c1)C(F)(F)F,5.6440
O=S(=O)(Nc1ccncc1Nc1ccc(F)c(Cl)c1)C(F)(F)F,5.8041
Cc1cc(Nc2cnccc2NS(=O)(=O)C(F)(F)F)ccc1Br,6.5229
Cc1ccc(Nc2cnccc2NS(=O)(=O)C(F)(F)F)cc1Br,7.0458
Cc1ccc(Nc2cnccc2NS(=O)(=O)C(F)(F)F)cc1Cl,5.7077
Cc1ccc(Nc2cnccc2NS(C)(=O)=O)cc1C,4.5123
Cc1ccc(Nc2cnccc2NS(=O)(=O)C(F)(F)F)cc1C,6.2596
Cc1cc(C)cc(Nc2cnccc2NS(=O)(=O)C(F)(F)F)c1,5.9830
O=S(=O)(Nc1ccncc1Nc1ccccc1)C1CC1,4.4548
O=S(=O)(C1CC1)N(c1ccncc1Nc1ccccc1)S(=O)(=O)C1CC1,4.2460
N#Cc1cccc(Nc2cnccc2NS(=O)(=O)C(F)(F)F)c1,4.4409
O=S(=O)(Nc1ccncc1Nc1cccc(I)c1)C(F)(F)F,6.5850
CS(=O)(=O)Nc1ccncc1Nc1ccc(F)cc1,4.6844
CS(=O)(=O)Nc1ccncc1Nc1cccc(F)c1,4.9978
O=S(=O)(Nc1ccncc1Nc1ccc(F)cc1)C(F)(F)F,6.5229
O=S(=O)(Nc1ccncc1Nc1cccc(F)c1)C(F)(F)F,6.6198
COc1cc2occc2c(OC)c1-c1cc(-c2ccc(C(F)(F)F)cc2)n(-c2ccc(S(N)(=O)=O)cc2)n1,6.4685
COc1cc2occc2c(OC)c1-c1cc(-c2ccc(F)cc2)n(-c2ccc(S(N)(=O)=O)cc2)n1,6.3372
COc1cc2occc2c(OC)c1-c1cc(-c2ccc(Cl)cc2)n(-c2ccc(S(N)(=O)=O)cc2)n1,4.5850
COc1cc2occc2c(OC)c1-c1cc(-c2ccccc2)n(-c2ccc(S(N)(=O)=O)cc2)n1,4.4559
COc1c(-c2cc(-c3cccnc3)nn2-c2ccc(S(N)(=O)=O)cc2)c(O)c(OC)c2occc12,6.4437
COc1c(-c2cc(C(F)(F)F)nn2-c2ccc(S(N)(=O)=O)cc2)c(O)c(OC)c2occc12,6.2840
COc1c(-c2cc(-c3cccnc3)nn2-c2ccc(S(N)(=O)=O)cc2)c(O)cc2occc12,6.3979
COc1c(-c2cc(C(F)(F)F)nn2-c2ccc(S(N)(=O)=O)cc2)c(O)cc2occc12,5.1549
COc1c(-c2cc(C)nn2-c2ccc(S(N)(=O)=O)cc2)c(O)cc2occc12,5.1249
CNC(=O)c1nc(-c2cc(OC)c(OC)c(OC)c2)n(-c2ccc(OC)cc2)n1,4.1662
COc1ccc(-n2nc(C(=O)NN)nc2-c2cc(OC)c(OC)c(OC)c2)cc1,4.3344
Cc1ccc(C2=C(c3ccc(S(N)(=O)=O)cc3)C(=O)NC2=O)cc1,5.8239
COc1ccc(C2=C(c3ccc(S(N)(=O)=O)cc3)C(=O)NC2=O)cc1,5.9208
NS(=O)(=O)c1ccc(C2=C(c3ccc(Cl)cc3)C(=O)NC2=O)cc1,4.5850
CN1C(=O)C(c2ccccc2)=C(c2ccc(S(N)(=O)=O)cc2)C1=O,7.4437
Cc1ccc(C2=C(c3ccc(S(N)(=O)=O)cc3)C(=O)N(C)C2=O)cc1,7.0706
COc1ccc(C2=C(c3ccc(S(N)(=O)=O)cc3)C(=O)N(C)C2=O)cc1,7.2757
CN1C(=O)C(c2ccc(Cl)cc2)=C(c2ccc(S(N)(=O)=O)cc2)C1=O,8.2218
Cc1ccc(-c2cc(C(F)(F)F)nn2-c2ccc(S(C)(=O)=O)cc2)cc1,6.8861
CS(=O)(=O)c1ccc(-n2nc(C(F)(F)F)cc2-c2ccccc2)cc1,5.1649
Cc1ccc(C2=C(c3ccc(S(C)(=O)=O)cc3)COC2=O)cc1,6.5229
Cc1ccc(C2=C(c3ccc(S(N)(=O)=O)cc3)COC2=O)cc1,6.9586
CCOC(=O)/C(=C/c1cccc(Cl)c1)CSc1nc(C)cc(C)n1,5.2306
CCOC(=O)/C(=C/c1ccc(Br)cc1)CSc1nc(C)cc(C)n1,5.4989
COC(=O)/C(=C/c1ccc(C(F)(F)F)cc1)CSc1nc2ccccc2o1,5.5302
COC(=O)/C(=C/c1ccc(OC)cc1)CSc1nc2ccccc2o1,5.3224
COC(=O)/C(=C/c1ccc2ccccc2c1)CSc1nc2ccccc2o1,5.3625
COC(=O)/C(=C/c1ccc2ccccc2c1)CSc1nc2ccccc2s1,5.5331
CCOC(=O)/C(=C/c1cccc(F)c1)CSc1nncn1C,5.4112
CCOC(=O)c1c(C)oc2ccc(Oc3ccccc3)cc12,4.7328
CCOC(=O)c1c(C)oc2ccc(Oc3ccccc3C)cc12,5.2147
CCOC(=O)c1c(C)oc2ccc(Oc3ccc(C)cc3)cc12,5.3768
CCOC(=O)c1c(C)oc2ccc(Oc3ccc(OC)cc3)cc12,5.0655
CCOC(=O)c1c(-c2ccccc2)oc2ccc(Oc3ccccc3)cc12,4.7399
CCOC(=O)c1c(-c2ccccc2)oc2ccc(Oc3ccccc3C)cc12,4.6968
CCOC(=O)c1c(-c2ccccc2)oc2ccc(Oc3ccc(C)cc3)cc12,4.7167
CCOC(=O)c1c(C)oc2ccc(Oc3ccccn3)cc12,5.0915
CCOC(=O)c1c(C)oc2ccc(Oc3ccc4ccccc4c3)cc12,4.8013
O=[N+]([O-])c1cccc(-n2cc(CSc3nc4ccccc4o3)nn2)c1,5.0186
O=[N+]([O-])c1ccc(-n2cc(CSc3nc4ccccc4o3)nn2)cc1,5.0057
c1ccc(-n2cc(CSc3nc4ccccc4o3)nn2)cc1,5.1925
CCc1ccc(-n2cc(CSc3nc4ccccc4o3)nn2)cc1,5.4202
COc1ccc(-n2cc(CSc3nc4ccccc4o3)nn2)cc1,5.6383
Clc1cccc(-n2cc(CSc3nc4ccccc4o3)nn2)c1,5.3344
Clc1ccc(-n2cc(CSc3nc4ccccc4o3)nn2)cc1,5.7212
Clc1ccccc1-n1cc(CSc2nc3ccccc3o2)nn1,5.4522
Brc1ccc(-n2cc(CSc3nc4ccccc4o3)nn2)cc1,5.5528
Fc1ccc(-n2cc(CSc3nc4ccccc4o3)nn2)cc1,5.2832
Cc1ccccc1-n1cc(CSc2nc3ccccc3o2)nn1,5.3298
Brc1ccccc1-n1cc(CSc2nc3ccccc3o2)nn1,5.5607
Fc1ccccc1-n1cc(CSc2nc3ccccc3o2)nn1,5.6198
Cc1ccc(-n2cc(CSc3nc4ccccc4o3)nn2)cc1C,5.3615
CC(C)(C)c1ccc(-n2cc(CSc3nc4ccccc4o3)nn2)cc1,5.4145
CCOc1ccc(-n2cc(CSc3nc4ccccc4o3)nn2)cc1,5.4559
c1cncc(-n2cc(CSc3nc4ccccc4o3)nn2)c1,5.4001
Clc1ncccc1-n1cc(CSc2nc3ccccc3o2)nn1,5.2984
O=[N+]([O-])c1ccc(-c2nn(-c3ccccc3)cc2-c2nnc(-c3ccccc3)o2)cc1,6.5086
O=[N+]([O-])c1ccc(-c2nn(-c3ccccc3)cc2-c2nnc(-c3ccncc3)o2)cc1,6.3010
O=[N+]([O-])c1ccc(-c2nn(-c3ccccc3)cc2-c2nnc(-c3ccc(Cl)cc3)o2)cc1,5.9208
c1ccc(-c2nnc(-c3cn(-c4ccccc4)nc3-c3ccccc3)o2)cc1,5.8239
Fc1ccc(-c2nn(-c3ccccc3)cc2-c2nnc(-c3ccncc3)o2)cc1,5.6383
Clc1ccc(-c2nn(-c3ccccc3)cc2-c2nnc(-c3ccncc3)o2)cc1,5.3565
Clc1ccc(-c2nn(-c3ccccc3)cc2-c2nnc(-c3ccccc3)o2)cc1,5.3279
Fc1ccc(-c2nn(-c3ccccc3)cc2-c2nnc(-c3ccc(Cl)cc3)o2)cc1,5.2596
Fc1ccc(-c2nn(-c3ccccc3)cc2-c2nnc(-c3ccccc3)o2)cc1,5.1871
Clc1ccc(-c2nnc(-c3cn(-c4ccccc4)nc3-c3ccc(Cl)cc3)o2)cc1,5.0605
c1ccc(-c2nn(-c3ccccc3)cc2-c2nnc(-c3ccncc3)o2)cc1,4.9547
Cc1ccc(-c2nn(-c3ccccc3)cc2-c2nnc(-c3ccccc3)o2)cc1,4.6021
Clc1ccc(-c2nnc(-c3cn(-c4ccccc4)nc3-c3ccccc3)o2)cc1,4.4202
Brc1ccc(-c2nn(-c3ccccc3)cc2-c2nnc(-c3ccncc3)o2)cc1,4.4089
COc1ccc(-c2nn(-c3ccccc3)cc2-c2nnc(-c3ccncc3)o2)cc1,4.3768
Clc1ccc(-c2nnc(-c3cn(-c4ccccc4)nc3-c3ccc(Br)cc3)o2)cc1,4.3010
Cc1ccc(-c2nn(-c3ccccc3)cc2-c2nnc(-c3ccncc3)o2)cc1,4.2757
Cc1ccc(-c2nn(-c3ccccc3)cc2-c2nnc(-c3ccc(Cl)cc3)o2)cc1,4.2366
COc1ccc(-c2nn(-c3ccccc3)cc2-c2nnc(-c3ccc(Cl)cc3)o2)cc1,4.1739
COc1cc(/C=C/c2cc(/C=C/c3cc(CC=C(C)C)c(O)c(OC)c3)[nH]n2)cc(CC=C(C)C)c1O,7.8861
COc1ccc(-c2ccccc2-c2nc3ccccc3o2)cc1Cl,6.1739
Oc1ccc(-c2ccccc2-c2nc3ccccc3o2)cc1Cl,6.3872
CS(=O)(=O)c1ccc(-c2ccccc2-c2nc3ccccc3o2)cc1,5.8729
CC(C)NC(=O)c1nc(-c2ccccc2)n(-c2ccc(S(N)(=O)=O)cc2)n1,4.7959
NS(=O)(=O)c1ccc(-n2nc(C(=O)NC3CCCCC3)nc2-c2ccccc2)cc1,6.1805
NS(=O)(=O)c1ccc(-n2nc(C(=O)NCc3ccccc3)nc2-c2ccccc2)cc1,5.7696
Cc1ccc(NC(=O)c2nc(-c3ccccc3)n(-c3ccc(S(N)(=O)=O)cc3)n2)cc1,5.7212
COc1ccc(NC(=O)c2nc(-c3ccccc3)n(-c3ccc(S(N)(=O)=O)cc3)n2)cc1,6.0506
COc1ccc(NC(=O)c2nc(-c3ccccc3)n(-c3ccc(S(N)(=O)=O)cc3)n2)cc1OC,5.8861
NS(=O)(=O)c1ccc(-n2nc(C(=O)Nc3ccc(Cl)cc3)nc2-c2ccccc2)cc1,6.3279
NS(=O)(=O)c1ccc(-n2nc(C(=O)Nc3nc4ccccc4s3)nc2-c2ccccc2)cc1,6.4202
CCCCC/C=C\C/C=C\C/C=C\C/C=C\CCCC(=O)NCCc1c[nH]c2ccc(O)cc12,5.3010
CC(C(=O)NCCc1c[nH]c2ccc(O)cc12)c1cccc(Oc2ccccc2)c1,5.1549
COc1ccc2cc([C@H](C)C(=O)NCCc3c[nH]c4ccc(O)cc34)ccc2c1,4.7447
CC(C)Cc1ccc(C(C)C(=O)NCCc2c[nH]c3ccc(O)cc23)cc1,5.0000
CC(C(=O)NCCc1c[nH]c2ccc(O)cc12)c1ccc(-c2ccccc2)c(F)c1,5.0969
CC(C)c1ccc2c(c1)c(SC(C)(C)C)c(CC(C)(C)C(=O)O)n2Cc1ccc(Cl)cc1,4.2366
CS(=O)(=O)c1ccc(N2CCN=C2c2ccc(Cl)cc2)cc1,5.1487
CS(=O)(=O)c1ccc(N2CCN=C2c2cccc(Br)c2)cc1,5.1675
CS(=O)(=O)c1ccc(N2CCN=C2c2cccc(Cl)c2)cc1,5.0915
CS(=O)(=O)c1ccc(N2CCN=C2c2ccc(Cl)c(Cl)c2)cc1,5.6778
CS(=O)(=O)c1ccc(N2CCN=C2c2ccc(Cl)c(C(F)(F)F)c2)cc1,5.4437
NS(=O)(=O)c1ccc(N2CCN=C2c2ccc(F)cc2)cc1,5.1612
CC1CN(c2ccc(S(N)(=O)=O)cc2)C(c2ccc(F)cc2)=N1,5.0000
NS(=O)(=O)c1ccc(N2CCN=C2c2ccc(Cl)cc2)cc1,5.4685
NS(=O)(=O)c1ccc(N2CCN=C2c2cccc(Br)c2)cc1,5.5376
CC1CN(c2ccc(S(N)(=O)=O)cc2)C(c2cccc(Br)c2)=N1,5.0000
NS(=O)(=O)c1ccc(N2CCN=C2c2cccc(F)c2)cc1,5.1427
NS(=O)(=O)c1ccc(N2CCN=C2c2cccc(Cl)c2)cc1,5.6021
COc1ccc(C2=NCCN2c2ccc(S(N)(=O)=O)cc2)cc1F,5.0223
COc1ccc(C2=NCCN2c2ccc(S(N)(=O)=O)cc2)cc1Cl,5.2076
NS(=O)(=O)c1ccc(N2CCN=C2c2ccc(F)c(F)c2)cc1,5.1739
NS(=O)(=O)c1ccc(N2CCN=C2c2ccc(Cl)c(Cl)c2)cc1,6.5229
NS(=O)(=O)c1ccc(N2CCN=C2c2ccc(Cl)c(C(F)(F)F)c2)cc1,5.7447
O=C1/C(=C/c2coc3ccccc3c2=O)c2ccccc2N1c1c(Cl)cccc1Cl,8.8861
O=C1/C(=C/c2coc3ccc(Br)cc3c2=O)c2ccccc2N1c1c(Cl)cccc1Cl,5.1192
CC(C)c1ccc2occ(/C=C3/C(=O)N(c4c(Cl)cccc4Cl)c4ccccc43)c(=O)c2c1,8.2366
O=C1Nc2ccccc2/C1=C/c1coc2ccccc2c1=O,7.6183
O=C1Nc2ccccc2/C1=C/c1coc2ccc(Br)cc2c1=O,7.6990
O=S(=O)(c1ccccc1)N1N=C(C(F)(F)F)CC1c1ccc2c(c1)OCO2,5.2480
O=S(=O)(c1ccccc1)N1N=C(C(F)(F)F)CC1c1ccc2c(c1)OCCO2,5.7055
O=S(=O)(c1ccccc1)N1N=C(C(F)(F)F)CC1c1ccc2ccccc2c1,3.7605
O=S(=O)(c1ccccc1)N1N=C(C(F)(F)F)CC1c1cccc2ccccc12,4.1731
CS(=O)(=O)c1ccc(N2N=C(C(F)(F)F)CC2c2cccc3c2OCO3)cc1,7.3872
CS(=O)(=O)c1ccc(N2N=C(C(F)(F)F)CC2c2cccc3c2OCCO3)cc1,6.6778
CS(=O)(=O)c1ccc(N2N=C(C(F)(F)F)CC2c2ccc3c(c2)OCO3)cc1,6.8539
CS(=O)(=O)c1ccc(N2N=C(C(F)(F)F)CC2c2ccc3c(c2)OCCO3)cc1,6.6198
CS(=O)(=O)c1ccc(N2N=C(C(F)(F)F)CC2c2ccc3ccccc3c2)cc1,4.7493
CS(=O)(=O)c1ccc(N2N=C(C(F)(F)F)CC2c2cccc3ccccc23)cc1,6.9586
NS(=O)(=O)c1ccc(N2N=C(C(F)(F)F)CC2c2cccc3c2OCO3)cc1,7.2924
NS(=O)(=O)c1ccc(N2N=C(C(F)(F)F)CC2c2cccc3c2OCCO3)cc1,7.2291
NS(=O)(=O)c1ccc(N2N=C(C(F)(F)F)CC2c2ccc3c(c2)OCO3)cc1,7.8239
NS(=O)(=O)c1ccc(N2N=C(C(F)(F)F)CC2c2ccc3c(c2)OCCO3)cc1,8.0969
NS(=O)(=O)c1ccc(N2N=C(C(F)(F)F)CC2c2ccc3ccccc3c2)cc1,4.8362
NS(=O)(=O)c1ccc(N2N=C(C(F)(F)F)CC2c2cccc3ccccc23)cc1,7.0000
Cc1ccc(S(=O)(=O)N2N=C(C(F)(F)F)CC2c2cccc3c2OCO3)cc1,4.2414
Cc1ccc(S(=O)(=O)N2N=C(C(F)(F)F)CC2c2ccc3c(c2)OCO3)cc1,6.2757
Cc1ccc(S(=O)(=O)N2N=C(C(F)(F)F)CC2c2ccc3c(c2)OCCO3)cc1,5.8794
Cc1ccc(S(=O)(=O)N2N=C(C(F)(F)F)CC2c2ccc3ccccc3c2)cc1,4.0205
Cc1ccc(S(=O)(=O)N2N=C(C(F)(F)F)CC2c2cccc3ccccc23)cc1,4.0503
O=S(=O)(c1ccccc1)N1N=C(C(F)(F)F)CC1c1cccc2c1OCO2,4.2148
O=S(=O)(c1ccccc1)N1N=C(C(F)(F)F)CC1c1cccc2c1OCCO2,4.5672
CCOC(OCC)c1ccc(/C=C2\CCC/C(=C\c3ccc(C(OCC)OCC)cc3)C2=O)cc1,4.7592
CCOC(OCC)c1ccc(/C=C2\COC/C(=C\c3ccc(C(OCC)OCC)cc3)C2=O)cc1,4.9504
CCOC(OCC)c1ccc(/C=C2\CNC/C(=C\c3ccc(C(OCC)OCC)cc3)C2=O)cc1,4.5583
CCOC(OCC)c1ccc(/C=C2\CN(C)C/C(=C\c3ccc(C(OCC)OCC)cc3)C2=O)cc1,4.4178
CCOC(OCC)c1ccc(/C=C/C(=O)/C=C/c2ccc(C(OCC)OCC)cc2)cc1,4.5024
CCOC(OCC)c1ccc(/C=C2\CC/C(=C\c3ccc(C(OCC)OCC)cc3)C2=O)cc1,4.8309
CCOC(OCC)c1ccc(/C=C2\Cc3ccccc3C2=O)cc1,4.7140
CCOC(OCC)c1ccc(/C=C/C(=O)C2CCc3ccccc3C2=O)cc1,4.8755
CN(C)c1ccc(/C=C2\COC/C(=C\c3ccc(N(C)C)cc3[N+](=O)[O-])C2=O)c([N+](=O)[O-])c1,4.7317
CN(C)c1ccc(/C=C2\CNC/C(=C\c3ccc(N(C)C)cc3[N+](=O)[O-])C2=O)c([N+](=O)[O-])c1,5.1035
CN1C/C(=C\c2ccc(N(C)C)cc2[N+](=O)[O-])C(=O)/C(=C/c2ccc(N(C)C)cc2[N+](=O)[O-])C1,5.0400
CN(C)c1ccc(/C=C2\CN(Cc3ccccc3)C/C(=C\c3ccc(N(C)C)cc3[N+](=O)[O-])C2=O)c([N+](=O)[O-])c1,4.7162
CN(C)c1ccc(/C=C/C(=O)/C=C/c2ccc(N(C)C)cc2[N+](=O)[O-])c([N+](=O)[O-])c1,4.8239
CN(C)c1ccc(/C=C2\Cc3ccccc3C2=O)c([N+](=O)[O-])c1,4.8283
CN(C)c1ccc(/C=C2\CCc3ccccc3C2=O)c([N+](=O)[O-])c1,4.5535
CN(C)c1ccc(/C=C/C(=O)C2CCc3ccccc3C2=O)c([N+](=O)[O-])c1,4.4241
O=C1/C(=C/c2ccc(N3CCCC3)cc2)CCC/C1=C\c1ccc(N2CCCC2)cc1,4.2650
O=C1/C(=C/c2ccc(N3CCCC3)cc2)CN(Cc2ccccc2)C/C1=C\c1ccc(N2CCCC2)cc1,4.2425
O=C(/C=C/c1ccc(N2CCCC2)cc1)/C=C/c1ccc(N2CCCC2)cc1,4.1560
O=C1/C(=C/c2ccc(N3CCCC3)cc2)CC/C1=C\c1ccc(N2CCCC2)cc1,4.3352
O=C1/C(=C/c2ccc(N3CCCC3)cc2)Cc2ccccc21,4.2625
O=C(/C=C/c1ccc(N2CCCC2)cc1)C1CCc2ccccc2C1=O,4.2130
CC(C)Cc1ccc(C(C)C(=O)OCc2c(C(C)C)c(=O)n(-c3ccccc3)n2C)cc1,5.8154
CC(C)c1c(COC(=O)C(C)c2cccc(C(=O)c3ccccc3)c2)n(C)n(-c2ccccc2)c1=O,6.5278
CC(C)c1c(COC(=O)Cc2ccccc2Nc2c(Cl)cccc2Cl)n(C)n(-c2ccccc2)c1=O,5.0044
Cc1c(NCc2c(C(C)C)c(=O)n(-c3ccccc3)n2C)c(=O)n(-c2ccccc2)n1C,6.0000
Cc1c(N)c(=O)n(-c2ccccc2)n1C,4.3768
Cc1cc(Br)cc2c1OC(C(F)(F)F)C(C(=O)O)=C2,7.5528
[2H]C([2H])([2H])c1cc2c(c(C([2H])([2H])[2H])c1Cl)C=C(C(=O)O)C(C(F)(F)F)O2,7.2676
[2H]C([2H])([2H])c1cc2c(c(C([2H])([2H])[2H])c1Br)C=C(C(=O)O)C(C(F)(F)F)O2,7.3665
[2H]C([2H])([2H])c1c(Br)c2c(c(C([2H])([2H])[2H])c1Br)C=C(C(=O)O)C(C(F)(F)F)O2,7.0757
[2H]C([2H])([2H])c1cc(Cl)c2c(c1)C=C(C(=O)O)C(C(F)(F)F)O2,7.2007
[2H]C([2H])([2H])c1cc2c(c(C([2H])([2H])[2H])c1)OC(C(F)(F)F)C(C(=O)O)=C2,6.8239
[2H]C([2H])([2H])c1cc(Cl)cc2c1OC(C(F)(F)F)C(C(=O)O)=C2,7.2291
[2H]C([2H])([2H])c1cc(Br)cc2c1OC(C(F)(F)F)C(C(=O)O)=C2,7.4089
[2H]C([2H])([2H])C([2H])([2H])c1cc(OC(F)(F)F)cc2c1OC(C(F)(F)F)C(C(=O)O)=C2,7.2147
Cc1cc2c(c(C)c1Br)C=C(C(=O)O)C(C(F)(F)F)O2,6.7212
Cc1c(Br)c(C)c2c(c1Br)OC(C(F)(F)F)C(C(=O)O)=C2,7.1612
Cc1cc(C)c2c(c1)C=C(C(=O)O)C(C(F)(F)F)O2,7.0000
[2H]C([2H])([2H])c1cc2c(c(C([2H])([2H])[2H])c1Cl)C=C(C(=O)O)[C@@H](C(F)(F)F)O2,7.7959
[2H]C([2H])([2H])c1cc2c(c(C([2H])([2H])[2H])c1Br)C=C(C(=O)O)[C@@H](C(F)(F)F)O2,8.0458
[2H]C([2H])([2H])c1cc(Cl)cc2c1O[C@H](C(F)(F)F)C(C(=O)O)=C2,7.6990
[3H]C([3H])([3H])c1cc(Br)cc2c1O[C@H](C(F)(F)F)C(C(=O)O)=C2,7.8539
Cc1c(CC(=O)NC(C)C)cc(-c2ccc(S(C)(=O)=O)cc2)n1-c1cccc(F)c1,5.1549
Cc1c(CC(=O)NC(C)C)cc(-c2ccc(S(C)(=O)=O)cc2)n1-c1ccc(F)cc1,5.3089
CCOC(=O)Cc1cc(-c2ccc(S(N)(=O)=O)cc2)n(-c2cccc(F)c2)c1C,6.0362
CCOC(=O)Cc1cc(-c2ccc(S(N)(=O)=O)cc2)n(-c2ccc(F)cc2)c1C,5.9706
CCCNC(=O)Cc1cc(-c2ccc(S(N)(=O)=O)cc2)n(-c2cccc(F)c2)c1C,5.2381
CCC(C)C(=O)O[C@@]12[C@H](OC(=O)c3ccccc3)[C@@H](C)[C@@]3(O)[C@@H](C=C(CO)C[C@]4(O)C(=O)C(C)=C[C@@H]34)[C@@H]1C2(C)C,5.0706
COc1ccc2cc(C(C)c3nc4s/c(=C\C(C)=C\c5ccccc5)c(=O)n4n3)ccc2c1,4.6091
COc1ccc2cc(C(C)c3nc4s/c(=C\c5cccc6ccccc56)c(=O)n4n3)ccc2c1,4.1662
COc1ccc2cc(C(C)c3nc4s/c(=C\c5ccc(C)s5)c(=O)n4n3)ccc2c1,4.6882
COc1ccc2cc(C(C)c3nc4s/c(=C\c5ccc(Br)s5)c(=O)n4n3)ccc2c1,4.7620
NS(=O)(=O)c1ccc(N2N=C3c4ccccc4CCC3C2c2ccccc2)cc1,5.0788
Cc1ccccc1C1C2CCc3ccccc3C2=NN1c1ccc(S(N)(=O)=O)cc1,5.4841
Cc1cccc(C2C3CCc4ccccc4C3=NN2c2ccc(S(N)(=O)=O)cc2)c1,5.6055
Cc1ccc(C2C3CCc4ccccc4C3=NN2c2ccc(S(N)(=O)=O)cc2)cc1,5.6655
COc1ccccc1C1C2CCc3ccccc3C2=NN1c1ccc(S(N)(=O)=O)cc1,5.5800
COc1cccc(C2C3CCc4ccccc4C3=NN2c2ccc(S(N)(=O)=O)cc2)c1,5.9508
NS(=O)(=O)c1ccc(N2N=C3c4ccccc4CCC3C2c2ccccc2F)cc1,4.9248
NS(=O)(=O)c1ccc(N2N=C3c4ccccc4CCC3C2c2cccc(F)c2)cc1,5.3161
NS(=O)(=O)c1ccc(N2N=C3c4ccccc4CCC3C2c2ccc(F)cc2)cc1,4.8147
NS(=O)(=O)c1ccc(N2N=C3c4ccccc4CCC3C2c2ccccc2Cl)cc1,5.3080
NS(=O)(=O)c1ccc(N2N=C3c4ccccc4CCC3C2c2ccccc2Br)cc1,4.8969
NS(=O)(=O)c1ccc(N2N=C3c4ccccc4CCC3C2c2cccc(Br)c2)cc1,5.4584
NS(=O)(=O)c1ccc(N2N=C3c4ccccc4CCC3C2c2ccc(Br)cc2)cc1,4.5794
NS(=O)(=O)c1ccc(N2N=C3c4ccccc4CCC3C2c2cccc(O)c2)cc1,5.7545
NS(=O)(=O)c1ccc(N2N=C3c4ccccc4CCC3C2c2ccc(C(F)(F)F)cc2)cc1,4.7385
NS(=O)(=O)c1ccc(N2N=C3c4ccccc4CCC3C2c2ccc(Cl)cc2Cl)cc1,4.4913
NS(=O)(=O)c1ccc(N2N=C3c4ccccc4CCC3C2c2c(F)cccc2Cl)cc1,5.4365
Cc1ccccc1C1C2COc3ccccc3C2=NN1c1ccc(S(N)(=O)=O)cc1,6.3372
COc1ccccc1C1C2COc3ccccc3C2=NN1c1ccc(S(N)(=O)=O)cc1,6.4815
COc1ccc(C2C3COc4ccccc4C3=NN2c2ccc(S(N)(=O)=O)cc2)cc1,5.9914
NS(=O)(=O)c1ccc(N2N=C3c4ccccc4OCC3C2c2ccccc2F)cc1,5.1403
NS(=O)(=O)c1ccc(N2N=C3c4ccccc4OCC3C2c2ccccc2Cl)cc1,5.6421
NS(=O)(=O)c1ccc(N2N=C3c4ccccc4OCC3C2c2ccc(Cl)cc2)cc1,5.0841
NS(=O)(=O)c1ccc(N2N=C3c4ccccc4OCC3C2c2ccccc2Br)cc1,5.8996
NS(=O)(=O)c1ccc(N2N=C3c4ccccc4OCC3C2c2ccc(Br)cc2)cc1,5.1624
NS(=O)(=O)c1ccc(N2N=C3c4ccccc4OCC3C2c2ccc(Cl)cc2Cl)cc1,5.5622
NS(=O)(=O)c1ccc(N2N=C3c4ccccc4OCC3C2c2c(F)cccc2Cl)cc1,4.7886
CC(=O)/N=C/Cc1ccc2c(c1)O[C@H](c1ccc(O)c(O)c1)[C@@H](NC(C)=O)O2,5.5686
CC(=O)N[C@H]1Oc2ccc(CCO)cc2O[C@@H]1c1ccc(O)c(O)c1,5.6021
CC(=O)N[C@H]1Oc2cc(CCO)ccc2O[C@@H]1c1ccc(O)c(O)c1,5.8861
CC(=O)NCCc1ccc2c(c1)O[C@H](c1ccc(O)c(O)c1)[C@@H](NC(C)=O)O2,5.4437
CC(=O)NCCc1ccc2c(c1)O[C@H](NC(C)=O)[C@@H](c1ccc(O)c(O)c1)O2,5.5850
CO[C@]1(c2ccc(O)c(O)c2)Oc2cc(CCO)ccc2O[C@H]1O,5.0132
CO[C@@]1(c2ccc(O)c(O)c2)Oc2cc(CCO)ccc2O[C@@H]1O,4.7496
CCO[C@]1(c2ccc(O)c(O)c2)Oc2cc(CCO)ccc2O[C@H]1O,5.0655
CCO[C@@]1(c2ccc(O)c(O)c2)Oc2cc(CCO)ccc2O[C@@H]1O,4.8633
CO[C@]1(c2ccc(O)c(O)c2)Oc2ccc(CCO)cc2O[C@H]1O,5.2204
CO[C@@]1(c2ccc(O)c(O)c2)Oc2ccc(CCO)cc2O[C@@H]1O,5.0841
CCOC1(c2ccc(O)c(O)c2)Oc2ccc(CCO)cc2OC1O,5.2190
CCO[C@@]1(c2ccc(O)c(O)c2)Oc2ccc(CCO)cc2O[C@@H]1O,5.5986
COc1ccc(-c2nc(OC)nn2-c2ccc(OC)cc2)cc1,5.4949
Cc1ccc(S(=O)(=O)n2cc(C(=O)C(=O)NCC(=O)O)c3ccccc32)cc1,5.0405
Cc1ccc(S(=O)(=O)n2cc(C(=O)C(=O)N[C@@H](Cc3c[nH]c4ccccc34)C(=O)O)c3ccccc32)cc1,4.8697
Cc1ccc(S(=O)(=O)n2cc(C(=O)C(=O)N[C@@H](Cc3cnc[nH]3)C(=O)O)c3ccccc32)cc1,6.0132
COC(=O)CNC(=O)[C@@H](Cc1c[nH]c2ccccc12)NC(=O)C(=O)c1cn(S(=O)(=O)c2ccc(C)cc2)c2ccccc12,4.9867
COC(=O)CNC(=O)[C@H](Cc1c[nH]c2ccccc12)NC(=O)C(=O)c1cn(S(=O)(=O)c2ccc(C)cc2)c2ccccc12,6.4328
COC(=O)[C@@H](Cc1c[nH]c2ccccc12)NC(=O)CNC(=O)C(=O)c1cn(S(=O)(=O)c2ccc(C)cc2)c2ccccc12,5.1798
COC(=O)[C@H](Cc1c[nH]c2ccccc12)NC(=O)CNC(=O)C(=O)c1cn(S(=O)(=O)c2ccc(C)cc2)c2ccccc12,5.4617
COC(=O)CC[C@@H](NC(=O)[C@@H](Cc1cnc[nH]1)NC(=O)C(=O)c1cn(S(=O)(=O)c2ccc(C)cc2)c2ccccc12)C(=O)OC,5.0794
COC(=O)CC[C@H](NC(=O)[C@H](Cc1cnc[nH]1)NC(=O)C(=O)c1cn(S(=O)(=O)c2ccc(C)cc2)c2ccccc12)C(=O)OC,5.7238
COC(=O)CNC(=O)CNC(=O)C(=O)c1cn(S(=O)(=O)c2ccc(C)cc2)c2ccccc12,5.1586
Cc1ccc(S(=O)(=O)n2cc(C(=O)C(=O)N[C@H](Cc3c[nH]c4ccccc34)C(=O)NCC(=O)O)c3ccccc32)cc1,6.0000
Cc1ccc(S(=O)(=O)n2cc(C(=O)C(=O)N[C@@H](Cc3c[nH]c4ccccc34)C(=O)NCC(=O)O)c3ccccc32)cc1,7.5816
Cc1ccc(S(=O)(=O)n2cc(C(=O)C(=O)NCC(=O)N[C@H](Cc3c[nH]c4ccccc34)C(=O)O)c3ccccc32)cc1,5.6021
Cc1ccc(S(=O)(=O)n2cc(C(=O)C(=O)NCC(=O)N[C@@H](Cc3c[nH]c4ccccc34)C(=O)O)c3ccccc32)cc1,7.6527
Cc1ccc(S(=O)(=O)n2cc(C(=O)C(=O)N[C@H](Cc3cnc[nH]3)C(=O)N[C@H](CCC(=O)O)C(=O)O)c3ccccc32)cc1,4.6714
Cc1ccc(S(=O)(=O)n2cc(C(=O)C(=O)N[C@@H](Cc3cnc[nH]3)C(=O)N[C@@H](CCC(=O)O)C(=O)O)c3ccccc32)cc1,7.0942
Cc1ccc(S(=O)(=O)n2cc(C(=O)C(=O)NCC(=O)NCC(=O)O)c3ccccc32)cc1,5.7781
NS(=O)(=O)c1ccc(-n2nc(C(F)(F)F)cc2-c2ccc(Br)cc2)cc1,7.6663
CC1(C)CC(c2ccccc2)C(CN2CCC(c3noc4cc(F)ccc34)CC2)=NO1,4.9788
Fc1ccc2c(C3CCN(CC4=NO[C@@H]5CCCC[C@@H]5[C@H]4c4ccccc4)CC3)noc2c1,5.3279
CC1(C)CC(c2ccc(Cl)cc2)C(CN2CCC(c3noc4cc(F)ccc34)CC2)=NO1,5.3872
CC1(C)CC(c2ccccc2)C(CN2CCN(c3cccc(Cl)c3Cl)CC2)=NO1,5.1675
c1ccc([C@H]2C(Cn3c4ccccc4c4ccccc43)=NO[C@@H]3CCCC[C@H]23)cc1,5.0044
COc1ccc([C@H]2C(Cn3c4ccccc4c4ccccc43)=NO[C@@H]3CCCC[C@H]23)cc1,5.2291
CC1(C)CC(c2ccc(Cl)cc2)C(Cn2c3ccccc3c3ccccc32)=NO1,5.4089
COc1ccc(N2CCN(CC3=NO[C@@H]4CCCC[C@@H]4[C@H]3c3ccccc3)CC2)cc1,5.7447
COc1ccc(N2CCN(CC3=NOC(C)(C)CC3c3ccccc3)CC2)cc1,5.5850
COc1ccc([C@H]2C(CN3CCN(c4ccc(OC)cc4)CC3)=NO[C@@H]3CCCC[C@H]23)cc1,5.7696
CC(=O)Oc1ccccc1C(=O)OCCCCO[N+](=O)[O-],4.3468
Cc1ccc(-c2c(Cl)c(CO[N+](=O)[O-])nn2-c2ccc(S(N)(=O)=O)cc2)cc1,6.5528
Cc1ccc(-c2cc(CCl)nn2-c2ccc(S(N)(=O)=O)cc2)cc1,6.0132
Cc1ccc(-c2c(Cl)c(CCl)nn2-c2ccc(S(N)(=O)=O)cc2)cc1,6.6576
Cc1ccc(-c2cc(CO[N+](=O)[O-])nn2-c2ccc(S(N)(=O)=O)cc2)cc1,6.0506
Cc1ccc(-c2cc(CO)nn2-c2ccc(S(N)(=O)=O)cc2)cc1,5.8962
O=C(O)c1ccccc1Nc1cccc(S(F)(F)(F)(F)F)c1,4.9208
CS(=O)(=O)c1ccc(C2=NN(c3ccc(C(=O)O)cc3)C(c3ccccc3)C2)cc1,6.0088
CS(=O)(=O)c1ccc(C2=NN(c3ccc(C(=O)O)cc3)C(c3ccc(F)cc3)C2)cc1,5.5467
CS(=O)(=O)c1ccc(C2=NN(c3ccc(C(=O)O)cc3)C(c3ccc(Cl)cc3)C2)cc1,5.4001
COc1cccc(C2CC(c3ccc(S(C)(=O)=O)cc3)=NN2c2ccc(C(=O)O)cc2)c1,5.3270
COc1ccc(C2CC(c3ccc(S(C)(=O)=O)cc3)=NN2c2ccc(C(=O)O)cc2)cc1,5.6635
COc1ccc(C2CC(c3ccc(S(C)(=O)=O)cc3)=NN2c2ccc(C(=O)O)cc2)cc1OC,5.4271
COc1cc(C2CC(c3ccc(S(C)(=O)=O)cc3)=NN2c2ccc(C(=O)O)cc2)cc(OC)c1OC,5.2262
CS(=O)(=O)c1ccc(C2=NN(c3ccc(C(=O)O)cc3)C(c3cccs3)C2)cc1,5.9355
CS(=O)(=O)c1ccc(C2=NN(c3ccc(S(N)(=O)=O)cc3)C(c3ccccc3)C2)cc1,5.7905
CS(=O)(=O)c1ccc(C2=NN(c3ccc(S(N)(=O)=O)cc3)C(c3ccc(F)cc3)C2)cc1,5.4672
CS(=O)(=O)c1ccc(C2=NN(c3ccc(S(N)(=O)=O)cc3)C(c3ccc(Cl)cc3)C2)cc1,5.5735
COc1cccc(C2CC(c3ccc(S(C)(=O)=O)cc3)=NN2c2ccc(S(N)(=O)=O)cc2)c1,5.7545
COc1ccc(C2CC(c3ccc(S(C)(=O)=O)cc3)=NN2c2ccc(S(N)(=O)=O)cc2)cc1,5.6757
COc1ccc(C2CC(c3ccc(S(C)(=O)=O)cc3)=NN2c2ccc(S(N)(=O)=O)cc2)cc1OC,5.7033
COc1cc(C2CC(c3ccc(S(C)(=O)=O)cc3)=NN2c2ccc(S(N)(=O)=O)cc2)cc(OC)c1OC,5.3307
CS(=O)(=O)c1ccc(C2=NN(c3ccc(S(N)(=O)=O)cc3)C(c3cccs3)C2)cc1,5.7570
COc1ccc2cc(C(C)C(=O)O)ccc2c1,6.5528
CC1=C(CC(=O)O)c2cc(F)ccc2/C1=C\c1ccc([S+](C)[O-])cc1,5.0555
C#Cc1cccc(Nc2ncnc3cc(OCCOC(=O)C(C)c4ccc5cc(OC)ccc5c4)c(OCCOC)cc23)c1,4.6383
CSc1nc(-c2ccc(S(N)(=O)=O)cc2)n(-c2ccc(Cl)cc2)n1,6.4318
NS(=O)(=O)c1ccc(N2N=C(c3ccco3)CC2c2ccco2)cc1,5.3840
NS(=O)(=O)c1ccc(N2N=C(c3cccs3)CC2c2ccco2)cc1,5.2140
NS(=O)(=O)c1ccc(N2N=C(c3ccco3)CC2c2cccs2)cc1,5.4377
NS(=O)(=O)c1ccc(N2N=C(c3cccs3)CC2c2cccs2)cc1,5.2140
NS(=O)(=O)c1ccc(N2N=C(c3ccco3)CC2c2ccccc2)cc1,5.4101
COc1ccc(C2CC(c3ccco3)=NN2c2ccc(S(N)(=O)=O)cc2)cc1,5.7033
COc1ccc(C2CC(c3cccs3)=NN2c2ccc(S(N)(=O)=O)cc2)cc1,5.3635
NS(=O)(=O)c1ccc(N2N=C(c3ccco3)CC2c2ccc(Cl)cc2)cc1,5.8182
NS(=O)(=O)c1ccc(N2N=C(c3cccs3)CC2c2ccc(Cl)cc2)cc1,5.5784
NS(=O)(=O)c1ccc(N2N=C(c3ccco3)CC2c2ccc(C(F)(F)F)cc2)cc1,6.2518
NS(=O)(=O)c1ccc(N2N=C(c3cccs3)CC2c2ccc(C(F)(F)F)cc2)cc1,6.0132
COc1cc(C2CC(c3ccco3)=NN2c2ccc(S(N)(=O)=O)cc2)cc(OC)c1OC,5.7055
COc1cc(C2CC(c3cccs3)=NN2c2ccc(S(N)(=O)=O)cc2)cc(OC)c1OC,5.1979
NS(=O)(=O)c1ccc(N2N=C(C(=O)O)CC2c2ccco2)cc1,5.4486
CS(=O)(=O)c1ccc(N2N=C(C(=O)O)CC2c2ccco2)cc1,5.6757
NS(=O)(=O)c1ccc(N2N=C(C(=O)O)CC2c2cccs2)cc1,5.7352
CS(=O)(=O)c1ccc(N2N=C(C(=O)O)CC2c2cccs2)cc1,5.8447
COc1ccc(/C=C/c2cc(OC)cc(OC)c2)cc1,5.7781
COC(=O)c1cc(/C=C/c2cc(O)cc(O)c2)ccc1O,6.0000
O=C(O)c1cc(/C=C/c2cc(O)cc(O)c2)ccc1O,4.9872
CC(C(=O)O)c1ccc(-c2cccc(OC(=O)NC3CC3)c2)c(F)c1,4.1290
CC(C(=O)O)c1ccc(-c2cccc(OC(=O)NCCC3CCCCC3)c2)c(F)c1,4.9626
CC(C(=O)O)c1ccc(-c2cccc(OC(=O)Nc3ccccc3)c2)c(F)c1,5.5686
CC(C(=O)O)c1ccc(-c2cccc(OC(=O)NCCCc3ccccc3)c2)c(F)c1,5.2076
CCCCCNC(=O)Oc1cccc(-c2ccc(C(C)C(=O)O)cc2F)c1,6.7959
CCCCCCNC(=O)Oc1cccc(-c2ccc(C(C)C(=O)O)cc2F)c1,6.3665
CCCCCCCNC(=O)Oc1cccc(-c2ccc(C(C)C(=O)O)cc2F)c1,6.4949
CCCCCCCCNC(=O)Oc1cccc(-c2ccc(C(C)C(=O)O)cc2F)c1,4.5391
CCCCCCNC(=O)Nc1cccc(-c2ccc(C(C)C(=O)O)cc2F)c1,6.2518
CCCCCCOC(=O)Nc1cccc(-c2ccc(C(C)C(=O)O)cc2F)c1,6.7696
CCCCCCNC(=O)Oc1cccc(-c2ccc(CC(=O)O)cc2F)c1,6.6198
CCCCCCNC(=O)Oc1cccc(-c2ccc(C(C)C(=O)O)cc2Cl)c1,6.1367
CCCCCCNC(=O)Oc1cccc(-c2ccc(C(C)C(=O)O)cc2C)c1,5.8539
CCCCCCNC(=O)Oc1cccc(-c2ccc(C(C)C(=O)O)cc2C(F)(F)F)c1,6.6990
CCCCCCNC(=O)Oc1cccc(-c2ccc(C(C)C(=O)O)cc2O)c1,4.8861
CCCCCCNC(=O)Oc1cccc(-c2ccc(C(C)C(=O)O)cc2)c1,6.1612
CCCCCCNC(=O)Oc1cccc(-c2ccc(C(C)C(=O)O)cc2[N+](=O)[O-])c1,6.0315
CCCCCCNC(=O)Oc1cccc(-c2ccc(C(C)C(=O)O)cc2N)c1,4.9172
CCCCCCNC(=O)Oc1cccc(-c2ccc([C@@H](C)C(=O)O)cc2F)c1,4.6421
CCCCCCNC(=O)Oc1cccc(-c2ccc([C@H](C)C(=O)O)cc2F)c1,7.3010
CS(=O)(=O)c1ccc(-n2nc(C(F)(F)F)cc2-c2ccc(I)cc2)cc1,5.2840
NS(=O)(=O)c1ccc(-n2nc(C(F)(F)F)cc2-c2ccc(I)cc2)cc1,5.0862
Cc1ccc(Nc2c(F)cccc2I)c(CC(=O)O)c1,5.6021
CS(=O)(=O)c1ccc(-c2cc(C(F)(F)F)nc(NCc3ccc(I)cc3)n2)cc1,6.0706
CS(=O)(=O)c1ccc(-c2cc(C(F)(F)F)nc(OCc3ccc(I)cc3)n2)cc1,5.6021
NS(=O)(=O)c1ccc(-c2cc(C(F)(F)F)nc(NCc3ccc(I)cc3)n2)cc1,4.8861
CC(C)C[C@H](NC(=O)[C@H](Cc1ccccc1)NC(=O)CNC(=O)CN)C(=O)O,6.3979
COC(=O)[C@H](CC(C)C)NC(=O)[C@H](Cc1ccccc1)NC(=O)CNC(=O)CN,7.2218
CC(C)C[C@H](NC(=O)[C@H](Cc1ccccc1)NC(=O)CNC(=O)CNC(=O)OCc1ccccc1)C(=O)O,6.3010
COC(=O)[C@H](CC(C)C)NC(=O)[C@H](Cc1ccccc1)NC(=O)CNC(=O)CNC(=O)OCc1ccccc1,4.6990
CC(C)C[C@H](NC(=O)CNC(=O)[C@@H](NC(=O)OCc1ccccc1)C(C)C)C(=O)N[C@@H](C)C(=O)O,7.3010
COC(=O)[C@H](C)NC(=O)[C@H](CC(C)C)NC(=O)CNC(=O)[C@@H](NC(=O)OCc1ccccc1)C(C)C,7.0969
CC(C)C[C@H](NC(=O)CNC(=O)[C@@H](N)C(C)C)C(=O)O,5.6990
COC(=O)[C@H](CC(C)C)NC(=O)CNC(=O)[C@@H](N)C(C)C,5.0000
CC(C)C[C@H](NC(=O)CNC(=O)[C@@H](NC(=O)OCc1ccccc1)C(C)C)C(=O)O,4.5528
COC(=O)[C@H](CC(C)C)NC(=O)CNC(=O)[C@@H](NC(=O)OCc1ccccc1)C(C)C,4.2518
CC(C)[C@H](NC(=O)OCc1ccccc1)C(=O)NCC(=O)O,4.2596
COC(=O)CNC(=O)[C@@H](NC(=O)OCc1ccccc1)C(C)C,4.1249
CC(C)C[C@H](NC(=O)[C@H](C)NC(=O)[C@@H](NC(=O)CNC(=O)OCc1ccccc1)C(C)C)C(=O)O,6.5229
COC(=O)[C@H](CC(C)C)NC(=O)[C@H](C)NC(=O)[C@@H](NC(=O)CNC(=O)OCc1ccccc1)C(C)C,4.7212
CC(C)C[C@H](NC(=O)[C@@H](NC(=O)[C@H](C)NC(=O)CNC(=O)OCc1ccccc1)C(C)C)C(=O)O,5.0969
COC(=O)[C@H](CC(C)C)NC(=O)[C@@H](NC(=O)[C@H](C)NC(=O)CNC(=O)OCc1ccccc1)C(C)C,4.6576
CC(C)[C@H](NC(=O)[C@H](C)NC(=O)CN)C(=O)O,6.6990
COC(=O)[C@@H](NC(=O)[C@H](C)NC(=O)CN)C(C)C,5.0969
CC(C)[C@H](NC(=O)[C@H](C)NC(=O)CNC(=O)OCc1ccccc1)C(=O)O,5.5229
COC(=O)[C@@H](NC(=O)[C@H](C)NC(=O)CNC(=O)OCc1ccccc1)C(C)C,7.0000
O=C(O)CNC(=O)CNC(=O)OCc1ccccc1,5.6990
COC(=O)CNC(=O)CNC(=O)OCc1ccccc1,6.0000
NS(=O)(=O)c1ccc(-n2nc(C(=O)N/N=C/c3c(Cl)c4ccccc4oc3=O)cc2-c2ccccc2)cc1,5.3439
Cc1ccc(-c2cc(C(=O)N/N=C/c3c(Cl)c4ccccc4oc3=O)nn2-c2ccc(S(N)(=O)=O)cc2)cc1,5.1586
Cc1cccc(-c2cc(C(=O)N/N=C/c3c(Cl)c4ccccc4oc3=O)nn2-c2ccc(S(N)(=O)=O)cc2)c1,5.3197
Cc1ccc(-c2cc(C(=O)N/N=C/c3c(Cl)c4ccccc4oc3=O)nn2-c2ccc(S(N)(=O)=O)cc2)c(C)c1,5.1469
Cc1ccc(-c2cc(C(=O)N/N=C/c3c(Cl)c4ccccc4oc3=O)nn2-c2ccc(S(N)(=O)=O)cc2)cc1C,5.2041
COc1ccc(-c2cc(C(=O)N/N=C/c3c(Cl)c4ccccc4oc3=O)nn2-c2ccc(S(N)(=O)=O)cc2)cc1,4.9846
COc1cccc(-c2cc(C(=O)N/N=C/c3c(Cl)c4ccccc4oc3=O)nn2-c2ccc(S(N)(=O)=O)cc2)c1,5.2154
COc1ccc(-c2cc(C(=O)N/N=C/c3c(Cl)c4ccccc4oc3=O)nn2-c2ccc(S(N)(=O)=O)cc2)cc1OC,4.9825
COc1cc(-c2cc(C(=O)N/N=C/c3c(Cl)c4ccccc4oc3=O)nn2-c2ccc(S(N)(=O)=O)cc2)cc(OC)c1OC,4.6590
CCOc1ccc(-c2cc(C(=O)N/N=C/c3c(Cl)c4ccccc4oc3=O)nn2-c2ccc(S(N)(=O)=O)cc2)cc1,5.0540
NS(=O)(=O)c1ccc(-n2nc(C(=O)N/N=C/c3c(Cl)c4ccccc4oc3=O)cc2-c2ccccc2O)cc1,5.1209
NS(=O)(=O)c1ccc(-n2nc(C(=O)N/N=C/c3c(Cl)c4ccccc4oc3=O)cc2-c2ccc(O)cc2)cc1,5.0013
NS(=O)(=O)c1ccc(-n2nc(C(=O)N/N=C/c3c(Cl)c4ccccc4oc3=O)cc2-c2ccccc2Cl)cc1,5.9747
NS(=O)(=O)c1ccc(-n2nc(C(=O)N/N=C/c3c(Cl)c4ccccc4oc3=O)cc2-c2cccc(Cl)c2)cc1,6.2676
NS(=O)(=O)c1ccc(-n2nc(C(=O)N/N=C/c3c(Cl)c4ccccc4oc3=O)cc2-c2ccc(Cl)c(Cl)c2)cc1,6.5229
NS(=O)(=O)c1ccc(-n2nc(C(=O)N/N=C/c3c(Cl)c4ccccc4oc3=O)cc2-c2ccccc2F)cc1,6.3279
NS(=O)(=O)c1ccc(-n2nc(C(=O)N/N=C/c3c(Cl)c4ccccc4oc3=O)cc2-c2cccc(F)c2)cc1,6.5850
NS(=O)(=O)c1ccc(-n2nc(C(=O)N/N=C/c3c(Cl)c4ccccc4oc3=O)cc2-c2ccc(F)cc2)cc1,6.7696
NS(=O)(=O)c1ccc(-n2nc(C(=O)N/N=C/c3c(Cl)c4ccccc4oc3=O)cc2-c2ccc([N+](=O)[O-])cc2)cc1,6.8861
NS(=O)(=O)c1ccc(-n2nc(C(=O)N/N=C/c3c(Cl)c4ccccc4oc3=O)cc2-c2ccc(C(F)(F)F)cc2)cc1,7.0458
CC(=O)NC1=NN(C(C)=O)C(c2cn(-c3ccccc3)nc2-c2ccc(O)cc2)S1,4.8539
CC(=O)NC1=NN(C(C)=O)C(c2cn(-c3ccccc3)nc2-c2ccc([N+](=O)[O-])cc2)S1,4.6990
Cc1cc(C)c2c(=O)n(CN(C)CCNc3ccccc3)sc2n1,2.7930
Cc1cc(C)c2c(=O)n(CN3CCN(C4CCCCC4)CC3)sc2n1,3.5276
Cc1cc(C)c2c(=O)n(CCCC(=O)N3CCN(c4ccccc4)CC3)sc2n1,3.3741
Cc1cc(C)c2c(OCCCC(=O)O)nsc2n1,3.5901
Cc1cc(C)c2c(=O)n(CCCC(=O)O)sc2n1,3.5448
Cc1cc(C)c2c(OC(C)C(=O)O)nsc2n1,3.5728
CCC(C(=O)N1CCN(c2ccccc2)CC1)n1sc2nc(C)cc(C)c2c1=O,3.5320
Cc1cc(C)c2c(=O)n(CC(=O)N3CCN(c4cccc(Cl)c4)CC3)sc2n1,3.3041
O=C(CCn1sc2ccccc2c1=O)N1CCN(c2cccc(Cl)c2)CC1,3.8882
COc1cc2c(cc1OC)CN(C(=O)CCn1sc3nc(C)cc(C)c3c1=O)CC2,3.5290
Cc1cc(C)c2c(=O)n(CCC(=O)N3CCN(c4ccccc4)CC3)sc2n1,3.4920
Cc1cc(C)c2c(=O)n(CCC(=O)N3CCN(c4cccc(Cl)c4)CC3)sc2n1,3.4706
Cc1cc(C)c2c(OCCCC(=O)N3CCN(c4cccc(Cl)c4)CC3)nsc2n1,2.3400
Cc1cc(C)c2c(=O)n(CN3CCN(c4ccccc4F)CC3)sc2n1,2.9000
COc1ccc(-c2ncn(CC(=O)O)c2-c2ccc(OC)cc2)cc1,4.9007
O=C(O)Cn1cnc(-c2ccccc2)c1-c1ccccc1,4.8713
COc1ccc(-c2ncn(CC(=O)N3CCN(C)CC3)c2-c2ccc(OC)cc2)cc1,5.0799
CN1CCN(C(=O)Cn2cnc(-c3ccccc3)c2-c2ccccc2)CC1,4.9901
COc1ccc(-c2ncn(CC(=O)N3CCCCC3)c2-c2ccc(OC)cc2)cc1,4.8502
O=C(Cn1cnc(-c2ccccc2)c1-c1ccccc1)N1CCCCC1,4.8821
COc1ccc(-c2ncn(CC(=O)N3CCOCC3)c2-c2ccc(OC)cc2)cc1,5.0400
O=C(Cn1cnc(-c2ccccc2)c1-c1ccccc1)N1CCOCC1,4.9539
COc1ccc(-c2nc(NCC(=O)O)sc2-c2ccc(OC)cc2)cc1,5.0348
O=C(O)CNc1nc(-c2ccccc2)c(-c2ccccc2)s1,4.9702
COc1ccc(-c2nc(NCC(=O)N3CCN(C)CC3)sc2-c2ccc(OC)cc2)cc1,5.0996
CN1CCN(C(=O)CNc2nc(-c3ccccc3)c(-c3ccccc3)s2)CC1,4.9578
COc1ccc(-c2nc(NCC(=O)N3CCCCC3)sc2-c2ccc(OC)cc2)cc1,4.7926
O=C(CNc1nc(-c2ccccc2)c(-c2ccccc2)s1)N1CCCCC1,4.8204
COc1ccc(-c2nc(NCC(=O)N3CCOCC3)sc2-c2ccc(OC)cc2)cc1,5.1618
O=C(CNc1nc(-c2ccccc2)c(-c2ccccc2)s1)N1CCOCC1,5.0820
Cc1ccc(-c2cc(C(F)(F)F)nn2-c2ccc(S(=O)(=O)NCCCCCCC(=O)NO)cc2)cc1,6.5229
Cc1ccc(-c2cc(C(=O)NCCCCCCC(=O)NO)nn2-c2ccc(S(C)(=O)=O)cc2)cc1,5.3526
COc1ccc2c(c1)c(CC(=O)NCCCCCCC(=O)NO)c(C)n2C(=O)c1ccc(Cl)cc1,6.4815
COC(=O)Cc1c(C)n(Cc2ccc(-c3cn(CCCCCCCC(=O)NO)nn3)cc2)c2ccc(OC)cc12,5.3391
Cc1c(CC(=O)OCCO[N+](=O)[O-])cc(-c2ccc(S(C)(=O)=O)cc2)n1-c1ccccc1,7.3665
COc1ccc(-n2c(-c3ccc(S(C)(=O)=O)cc3)cc(CC(=O)OCCO[N+](=O)[O-])c2C)cc1,6.7696
Cc1c(CC(=O)OCCCO[N+](=O)[O-])cc(-c2ccc(S(C)(=O)=O)cc2)n1-c1cccc(F)c1,8.1549
COc1ccc(-n2c(-c3ccc(S(C)(=O)=O)cc3)cc(CC(=O)OCCCO[N+](=O)[O-])c2C)cc1,8.6990
CSc1ccc(-n2c(-c3ccc(S(C)(=O)=O)cc3)cc(CC(=O)OCCCO[N+](=O)[O-])c2C)cc1,7.5686
Cc1c(CC(=O)OCCCCO[N+](=O)[O-])cc(-c2ccc(S(C)(=O)=O)cc2)n1-c1cccc(F)c1,7.1612
COc1ccc(-n2c(-c3ccc(S(C)(=O)=O)cc3)cc(CC(=O)OCCCCO[N+](=O)[O-])c2C)cc1,6.2596
CSc1ccc(-n2c(-c3ccc(S(C)(=O)=O)cc3)cc(CC(=O)OCCCCO[N+](=O)[O-])c2C)cc1,6.6576
Cc1c(C(N)C(=O)OCCO[N+](=O)[O-])cc(-c2ccc(S(C)(=O)=O)cc2)n1-c1ccc(F)cc1,6.1308
Cc1c(C(N)C(=O)OCCCO[N+](=O)[O-])cc(-c2ccc(S(C)(=O)=O)cc2)n1-c1ccc(F)cc1,6.0862
Cc1c(C(N)C(=O)OCCCCO[N+](=O)[O-])cc(-c2ccc(S(C)(=O)=O)cc2)n1-c1ccc(F)cc1,6.0000
Cc1c(CC(=O)N[C@H](CO[N+](=O)[O-])C(=O)O)cc(-c2ccc(S(C)(=O)=O)cc2)n1-c1ccc(F)cc1,6.5086
Cc1c(CC(=O)N[C@H](CO[N+](=O)[O-])C(=O)O)cc(-c2ccc(S(C)(=O)=O)cc2)n1-c1cccc(F)c1,6.8539
Cc1c(CC(=O)NC(CCO[N+](=O)[O-])C(=O)O)cc(-c2ccc(S(C)(=O)=O)cc2)n1-c1ccc(F)cc1,5.7959
Cc1c(CCOCCO[N+](=O)[O-])cc(-c2ccc(S(C)(=O)=O)cc2)n1-c1ccccc1,7.7696
Cc1c(CCOCCO[N+](=O)[O-])cc(-c2ccc(S(C)(=O)=O)cc2)n1-c1cccc(F)c1,7.5528
Cc1c(CCOCCO[N+](=O)[O-])cc(-c2ccc(S(C)(=O)=O)cc2)n1-c1ccc(F)c(F)c1,6.0362
Cc1c(CCOCCCO[N+](=O)[O-])cc(-c2ccc(S(C)(=O)=O)cc2)n1-c1ccccc1,7.8239
Cc1c(CCOCCCO[N+](=O)[O-])cc(-c2ccc(S(C)(=O)=O)cc2)n1-c1ccc(F)cc1,6.7212
Cc1c(CCOCCCO[N+](=O)[O-])cc(-c2ccc(S(C)(=O)=O)cc2)n1-c1cccc(F)c1,6.3665
Cc1c(CC(=O)OCCO)cc(-c2ccc(S(C)(=O)=O)cc2)n1-c1ccccc1,7.5686
CSc1ccc(-n2c(-c3ccc(S(C)(=O)=O)cc3)cc(CC(=O)OCCO)c2C)cc1,7.0706
COc1ccc(-n2c(-c3ccc(S(C)(=O)=O)cc3)cc(CC(=O)OCCCO)c2C)cc1,6.1549
Cc1c(CC(=O)OCCCCO)cc(-c2ccc(S(C)(=O)=O)cc2)n1-c1cccc(F)c1,6.9586
CSc1ccc(-n2c(-c3ccc(S(C)(=O)=O)cc3)cc(CC(=O)OCCCCO)c2C)cc1,7.2596
Cc1c(CC(=O)NCCO)cc(-c2ccc(S(C)(=O)=O)cc2)n1-c1cccc(F)c1,6.5376
Cc1c(CC(=O)NCCCO)cc(-c2ccc(S(C)(=O)=O)cc2)n1-c1cccc(F)c1,7.8539
Cc1c(CC(=O)N[C@H](CO)C(=O)O)cc(-c2ccc(S(C)(=O)=O)cc2)n1-c1cccc(F)c1,7.2441
Cc1c(CCOCCO)cc(-c2ccc(S(C)(=O)=O)cc2)n1-c1ccccc1,7.5686
Cc1c(CCOCCO)cc(-c2ccc(S(C)(=O)=O)cc2)n1-c1cccc(F)c1,7.3372
Cc1c(CCOCCCO)cc(-c2ccc(S(C)(=O)=O)cc2)n1-c1ccc(F)cc1,6.0269
Cc1c(CC(=O)OCCO)cc(-c2ccc(S(C)(=O)=O)cc2)n1-c1ccc(F)cc1,7.0506
COc1ccc(-n2c(-c3ccc(S(C)(=O)=O)cc3)cc(CC(=O)OCCO)c2C)cc1,5.9586
Cc1c(CC(=O)OCCCO)cc(-c2ccc(S(C)(=O)=O)cc2)n1-c1cccc(F)c1,7.6383
CSc1ccc(-n2c(-c3ccc(S(C)(=O)=O)cc3)cc(CC(=O)OCCCO)c2C)cc1,6.5850
COc1ccc(-n2c(-c3ccc(S(C)(=O)=O)cc3)cc(CC(=O)OCCCCO)c2C)cc1,5.9586
Cc1c(CC(=O)NCCCO)cc(-c2ccc(S(C)(=O)=O)cc2)n1-c1ccc(F)cc1,7.1675
Cc1c(CC(=O)N[C@H](CO)C(=O)O)cc(-c2ccc(S(C)(=O)=O)cc2)n1-c1ccc(F)cc1,6.7959
Cc1c(CC(=O)NC(CCO)C(=O)O)cc(-c2ccc(S(C)(=O)=O)cc2)n1-c1ccc(F)cc1,7.0655
Cc1c(CCOCCO)cc(-c2ccc(S(C)(=O)=O)cc2)n1-c1ccc(F)c(F)c1,6.3768
Cc1c(CCOCCCO)cc(-c2ccc(S(C)(=O)=O)cc2)n1-c1cccc(F)c1,5.8239
CS(=O)(=O)c1ccc(-n2nccc2-c2ccc(Nc3nc(N4CCOCC4)nc(N4CCOCC4)n3)cc2)cc1,6.1308
CS(=O)(=O)c1ccc(-n2nccc2-c2ccc(Nc3nc(N4CCCCC4)nc(N4CCCCC4)n3)cc2)cc1,5.7077
c1ccc(-n2nccc2-c2ccc(Nc3nc(N4CCOCC4)nc(N4CCOCC4)n3)cc2)cc1,5.8386
c1ccc(-n2nccc2-c2ccc(Nc3nc(N4CCCCC4)nc(N4CCCCC4)n3)cc2)cc1,5.7305
c1cc(-c2ccc(Nc3nc(N4CCOCC4)nc(N4CCOCC4)n3)cc2)on1,5.9318
c1cc(-c2ccc(Nc3nc(N4CCCCC4)nc(N4CCCCC4)n3)cc2)on1,5.7033
c1cc(-c2ccc(Nc3nc(N4CCOCC4)nc(N4CCOCC4)n3)cc2)[nH]n1,5.7645
c1cc(-c2ccc(Nc3nc(N4CCCCC4)nc(N4CCCCC4)n3)cc2)[nH]n1,5.9508
CN(C)/C=C/C(=O)c1ccc(Nc2nc(N3CCOCC3)nc(N3CCOCC3)n2)cc1,6.2596
CN(C)/C=C/C(=O)c1ccc(Nc2nc(N3CCCCC3)nc(N3CCCCC3)n2)cc1,5.7545
COc1cc(C2CC(c3ccc(Nc4nc(N5CCOCC5)nc(N5CCOCC5)n4)cc3)=NN2C(C)=O)cc(OC)c1OC,5.5436
COc1cc(C2CC(c3ccc(Nc4nc(N5CCCCC5)nc(N5CCCCC5)n4)cc3)=NN2C(C)=O)cc(OC)c1OC,6.1612
COc1cc(/C=C/C(=O)c2ccc(Nc3nc(N4CCOCC4)nc(N4CCOCC4)n3)cc2)cc(OC)c1OC,6.0605
COc1cc(/C=C/C(=O)c2ccc(Nc3nc(N4CCCCC4)nc(N4CCCCC4)n3)cc2)cc(OC)c1OC,5.7878
CC(=O)c1ccc(Nc2nc(N3CCOCC3)nc(N3CCOCC3)n2)cc1,5.8729
CC(=O)c1ccc(Nc2nc(N3CCCCC3)nc(N3CCCCC3)n2)cc1,5.6180
COc1ccccc1-n1cc(COC(=O)C2CCn3c(C(=O)c4ccccc4)ccc32)nn1,8.2218
O=C(COc1ccc(Cl)cc1Cl)N/N=C1/SCC(=O)N1c1ccc(Br)cc1,5.0186
CCc1ccc(N2C(=O)CS/C2=N/NC(=O)COc2ccc(Cl)cc2Cl)cc1,5.1593
O=C(COc1ccc(Cl)cc1Cl)N/N=C1/SCC(=O)N1Cc1ccccc1,5.4828
Cc1c(C(=O)NCCc2ccc(N3CCCCC3)cc2)nc2ccc(Cl)cc2c1O,5.6757
Cc1c(C(=O)NCCc2ccc(N3CCCC3C)cc2)nc2ccc(Cl)cc2c1O,5.7190
Cc1c(C(=O)NCCc2ccccc2)nc2ccc(Cl)cc2c1O,5.5952
Cc1c(C(=O)N(C)c2ccccc2)nc2ccc(Cl)cc2c1O,5.7595
Cc1c(C(=O)NCc2nc3ccccc3[nH]2)nc2ccc(Cl)cc2c1O,5.9172
Cc1c(C(=O)N2CCCCC2)nc2ccc(Cl)cc2c1O,5.5031
Cc1c(C(=O)NCCc2ccc(N(C)C)cc2)nc2ccc(Cl)cc2c1O,5.7773
Cc1c(C(=O)NC2CCCN(Cc3ccccc3)C2)nc2ccc(Cl)cc2c1O,5.4510
Cc1c(C(=O)N2CCNCC2)nc2ccc(Cl)cc2c1O,5.5513
Cc1c(C(=O)NC2CCCCC2)nc2ccc(Cl)cc2c1O,5.8508
Cc1c(C(=O)NC(CO)Cc2ccccc2)nc2ccc(Cl)cc2c1O,5.5560
CCOC(=O)C(Cc1ccccc1)NC(=O)c1nc2ccc(Cl)cc2c(O)c1C,5.7190
Cc1c(C(=O)N2CCN(c3ccccc3)CC2)nc2ccc(Cl)cc2c1O,5.9469
Cc1c(C(=O)NCCc2ccc(N3CCCC3)cc2)nc2ccc(Cl)cc2c1O,5.7721
O=C(Oc1ccccc1)c1c(-c2ccccc2)sc2c1CCCC2,6.4815
CC(=O)c1cccc(OC(=O)c2c(-c3ccccc3)sc3c2CCCC3)c1,6.5086
NS(=O)(=O)c1ccc(OC(=O)c2c(-c3ccccc3)sc3c2CCCC3)cc1,6.1739
CC(=O)Nc1ccc(OC(=O)c2c(-c3ccccc3)sc3c2CCCC3)cc1,5.8539
CC1(C)Oc2cc(C#Cc3cc(Cl)ccc3F)ccc2-c2[nH]c(-c3c(F)cccc3Cl)nc21,5.0052
CC1=NN(C(=O)c2ccccc2O)C(=O)C1,6.8199
O=C(NN1C(=O)c2ccccc2C1=O)c1ccccc1O,6.8847
O=C(c1ccccc1O)n1nc(Nc2ccccc2)cc1-c1ccccc1O,7.7905
CCOC(=O)C1=C(N)N2C(=O)CCC(=O)N2C1c1ccccc1O,6.7423
CCOC(=O)C1=C(N)n2c(=O)ccc(=O)n2C1c1ccccc1O,7.0453
CCOC(=O)C1=C(N)n2c(=O)c3ncccc3c(=O)n2C1c1ccccc1O,7.6968
NCc1c(-c2ccccc2)c(C(=O)O)c2ccccn12,5.4314
Cc1c(C(=O)/C(Cl)=N/O)cnn1-c1ccccc1,5.6326
Cc1c(-c2nc3ccccn3c2N=O)cnn1-c1ccccc1,5.7570
Cc1c(-c2c(N=O)nc3ncccn23)cnn1-c1ccccc1,5.8097
Cc1c(C2=C(N=O)Oc3ccccc3N2)cnn1-c1ccccc1,5.3768
Cc1c(C2=C(N=O)Oc3cccnc3N2)cnn1-c1ccccc1,5.9136
Cc1c(C2=C(N=O)Sc3ccccc3N2)cnn1-c1ccccc1,5.7375
Cc1c(C2=C(N=O)Nc3ccccc3N2)cnn1-c1ccccc1,5.7932
Cc1c(-c2nc3ccccc3nc2N=O)cnn1-c1ccccc1,5.1805
Cc1c(C(=O)c2nocc2C(=O)c2ccccc2)cnn1-c1ccccc1,5.8268
Cc1ccc(C(=O)c2conc2C(=O)c2cnn(-c3ccccc3)c2C)cc1,5.9508
Cc1c(C(=O)c2conc2C(=O)c2cnn(-c3ccccc3)c2C)cnn1-c1ccccc1,5.3468
Cc1c(-c2nnc(-c3ccccc3)c3conc23)cnn1-c1ccccc1,6.1079
Cc1ccc(-c2nnc(-c3cnn(-c4ccccc4)c3C)c3nocc23)cc1,5.8928
Cc1c(-c2nnc(-c3cnn(-c4ccccc4)c3C)c3nocc23)cnn1-c1ccccc1,5.1624
N#Cc1c(N=Cc2ccco2)c(C(=O)Nc2ccccc2)n2c1CCC2,6.1079
Cc1ccc(NC(=O)c2c(N=Cc3ccco3)c(C#N)c3n2CCC3)cc1,6.7212
N#Cc1c(N=Cc2ccco2)c(C(=O)Nc2ccc(Cl)cc2)n2c1CCC2,6.3468
N#Cc1c(N=Cc2cccs2)c(C(=O)Nc2ccccc2)n2c1CCC2,6.2518
Cc1ccc(NC(=O)c2c(N=Cc3cccs3)c(C#N)c3n2CCC3)cc1,6.9586
N#Cc1c(N=Cc2cccs2)c(C(=O)Nc2ccc(Cl)cc2)n2c1CCC2,6.4437
N#Cc1c(N=Cc2cccnc2)c(C(=O)Nc2ccccc2)n2c1CCC2,7.0000
Cc1ccc(NC(=O)c2c(N=Cc3cccnc3)c(C#N)c3n2CCC3)cc1,6.7959
N#Cc1c(N=Cc2cccnc2)c(C(=O)Nc2ccc(Cl)cc2)n2c1CCC2,6.1675
N#Cc1c(N=Cc2ccc3ccccc3c2)c(C(=O)Nc2ccccc2)n2c1CCC2,6.2840
Cc1ccc(NC(=O)c2c(N=Cc3ccc4ccccc4c3)c(C#N)c3n2CCC3)cc1,6.9586
N#Cc1c(N=Cc2ccc3ccccc3c2)c(C(=O)Nc2ccc(Cl)cc2)n2c1CCC2,6.7696
CCCCc1cc(S(F)(F)(F)(F)F)cc2c1OC(C(F)(F)F)C(C(=O)O)=C2,6.7212
CCCc1cc(S(F)(F)(F)(F)F)cc2c1OC(C(F)(F)F)C(C(=O)O)=C2,7.3372
CCc1cc(S(F)(F)(F)(F)F)cc2c1OC(C(F)(F)F)C(C(=O)O)=C2,7.2218
Cc1cc(S(F)(F)(F)(F)F)cc2c1OC(C(F)(F)F)C(C(=O)O)=C2,7.5850
O=C(O)C1=Cc2cc(S(F)(F)(F)(F)F)cc(Br)c2O[C@H]1C(F)(F)F,6.4685
O=C(O)C1=Cc2cc(S(F)(F)(F)(F)F)cc(Br)c2O[C@@H]1C(F)(F)F,8.0969
O=C(O)C1=Cc2cc(S(F)(F)(F)(F)F)cc(Br)c2OC1C(F)(F)F,7.2518
O=C(O)C1=Cc2cc(S(F)(F)(F)(F)F)ccc2O[C@H]1C(F)(F)F,6.5200
O=C(O)C1=Cc2cc(S(F)(F)(F)(F)F)ccc2O[C@@H]1C(F)(F)F,8.0000
O=C(O)C1=Cc2cc(S(F)(F)(F)(F)F)ccc2OC1C(F)(F)F,7.7447
NS(=O)(=O)c1ccc(-n2nc(C(=O)Oc3ccc4ccc(=O)oc4c3)cc2-c2ccccc2)cc1,5.6021
NS(=O)(=O)c1ccc(-n2nc(C(=O)OCCOc3cc(=O)oc4ccccc34)cc2-c2ccccc2)cc1,6.2676
NS(=O)(=O)c1ccc(-n2nc(C(=O)OCCOc3cc(=O)oc4ccccc34)cc2-c2ccc(F)cc2)cc1,6.3565
Cc1ccc(-c2cc(C(=O)OCCOc3cc(=O)oc4ccccc34)nn2-c2ccc(S(N)(=O)=O)cc2)cc1,6.3098
NS(=O)(=O)c1ccc(-n2nc(C(=O)OCCOc3cc(=O)oc4ccccc34)cc2-c2cccc(Cl)c2)cc1,5.8447
COc1cc(-c2cc(C(=O)OCCOc3cc(=O)oc4ccccc34)nn2-c2ccc(S(N)(=O)=O)cc2)cc(OC)c1OC,6.5376
COc1cccc(-c2cc(C(=O)OCCOc3cc(=O)oc4ccccc34)nn2-c2ccc(S(N)(=O)=O)cc2)c1,6.3665
NS(=O)(=O)c1ccc(-n2nc(C(=O)OCCOc3cc(=O)oc4ccccc34)cc2-c2cccc(F)c2)cc1,6.5229
NS(=O)(=O)c1ccc(-n2nc(C(=O)OCCOc3cc(=O)oc4ccccc34)cc2-c2ccc([N+](=O)[O-])cc2)cc1,6.4815
NS(=O)(=O)c1ccc(-n2nc(C(=O)OCCOc3ccc4ccc(=O)oc4c3)cc2-c2ccccc2)cc1,6.1079
NS(=O)(=O)c1ccc(-n2nc(C(=O)OCCOc3ccc4ccc(=O)oc4c3)cc2-c2ccc(F)cc2)cc1,6.2757
Cc1ccc(-c2cc(C(=O)OCCOc3ccc4ccc(=O)oc4c3)nn2-c2ccc(S(N)(=O)=O)cc2)cc1,6.3979
NS(=O)(=O)c1ccc(-n2nc(C(=O)OCCOc3ccc4ccc(=O)oc4c3)cc2-c2ccc(Cl)cc2)cc1,6.0410
NS(=O)(=O)c1ccc(-n2nc(C(=O)OCCOc3ccc4ccc(=O)oc4c3)cc2-c2cccc(Cl)c2)cc1,6.3098
NS(=O)(=O)c1ccc(-n2nc(C(=O)OCCOc3ccc4ccc(=O)oc4c3)cc2-c2ccccc2Cl)cc1,6.1135
COc1cc(-c2cc(C(=O)OCCOc3ccc4ccc(=O)oc4c3)nn2-c2ccc(S(N)(=O)=O)cc2)cc(OC)c1OC,6.6383
COc1cccc(-c2cc(C(=O)OCCOc3ccc4ccc(=O)oc4c3)nn2-c2ccc(S(N)(=O)=O)cc2)c1,6.0862
NS(=O)(=O)c1ccc(-n2nc(C(=O)OCCOc3ccc4ccc(=O)oc4c3)cc2-c2cccc(F)c2)cc1,6.0655
NS(=O)(=O)c1ccc(-n2nc(C(=O)NCCOc3ccc4ccc(=O)oc4c3)cc2-c2ccccc2)cc1,6.3098
NS(=O)(=O)c1ccc(-n2nc(COC(=O)c3cc4ccccc4oc3=O)cc2-c2ccc(F)cc2)cc1,5.4737
CCOC(=O)C1=C(C)N(CC)/C(=N\N=C(/C)c2cc3ccccc3oc2=O)C1,6.5086
CC1=CC/C(=N/N=C(\C)c2cc3ccccc3oc2=O)N1C,6.5086
CCN1C(C)=CC/C1=N/N=C(\C)c1cc2ccccc2oc1=O,6.5086
C/C(=N\N=C1\CC(C)C(=O)N1C)c1cc2ccccc2oc1=O,6.4089
C/C(=N\N=C1\CCC(=O)N1C)c1cc2ccccc2oc1=O,6.5086
O=C(NCc1ccccc1)c1sc2ccccc2c1Br,4.9133
O=C(NCc1ccc(F)cc1)C(=O)Oc1sc2ccccc2c1Br,4.8386
O=C(NCCc1ccccc1)c1sc2ccccc2c1Br,4.7528
COc1ccc2ccc(=O)oc2c1C/C=C(\C)COC(=O)C=C(C)C,4.3439
COc1ccc2ccc(=O)oc2c1C/C=C(\C)COC(=O)CC(C)C,4.2487
CCC(C)C(C(=O)O)N(C(=O)C(N)CC(C)C)C(C(=O)O)C(C)CC,4.4609
COc1ccc2ccc(=O)oc2c1CC=C(C)C,4.0910
CS(=O)(=O)c1ccc2c(c1)c1c(n2S(=O)(=O)c2ccc(Cl)cc2)CCCC1=O,6.1024
CS(=O)(=O)c1ccc2c(c1)c1c(n2Cc2ccc(Cl)cc2)CCCC1=O,6.2366
CS(=O)(=O)c1ccc2c(c1)c1c(n2C(=O)c2ccc(Cl)cc2)CCCC1=O,6.6383
CS(=O)(=O)c1ccc2c(c1)c1c(n2S(=O)(=O)c2ccc(Cl)cc2)CCCC1,6.4685
CS(=O)(=O)c1ccc2c(c1)c1c(n2Cc2ccc(Cl)cc2)CCCC1,6.5528
CS(=O)(=O)c1ccc2c(c1)c1c(n2C(=O)c2ccc(Cl)cc2)CCCC1,6.0915
COc1ccc2c(c1)c1c(n2S(=O)(=O)c2ccc(Cl)cc2)CC(C)(C)CC1=O,6.0555
COc1ccc2c(c1)c1c(n2Cc2ccc(Cl)cc2)CC(C)(C)CC1=O,6.0410
COc1ccc2c(c1)c1c(n2C(=O)c2ccc(Cl)cc2)CC(C)(C)CC1=O,6.0132
CS(=O)(=O)c1ccc(C2C(c3ccccc3)=NOC23COc2ccccc2C3=O)cc1,7.0458
Cc1ccc(Nc2c(F)cccc2Cl)c(Cc2nnn[nH]2)c1,7.8539
CCOc1ccc(-c2cc(-c3ccc(C(F)(F)F)cc3)n(-c3ccc(S(C)(=O)=O)cc3)n2)cc1,6.0132
CS(=O)(=O)c1ccc(-n2nc(-c3ccc(O)cc3)cc2-c2ccc(C(F)(F)F)cc2)cc1,6.0132
NS(=O)(=O)c1ccc(N2N=C(c3ccc(N4CCOCC4)cc3)CC2c2ccc(F)cc2F)cc1,7.0969
Cc1ccc(-c2c(-c3ccc(S(C)(=O)=O)cc3)c3cccc4ccn2c43)cc1,7.6990
CS(=O)(=O)c1ccc(C2NN=C(c3ccc([N+](=O)[O-])cc3)O2)cc1,6.3188
COc1ccc(-c2noc(CC(=O)OC[C@H]3O[C@@H](O)[C@H](O)[C@@H](O)[C@H]3O)c2-c2ccc(OC)cc2)cc1,5.5086
COc1ccc(-c2noc(CC(=O)NCCCCCCCCCCC(=O)OC[C@H]3OC(O)[C@H](O)[C@@H](O)[C@H]3O)c2-c2ccc(OC)cc2)cc1,6.5686
O=C1COCCN1c1ccc(Nc2nc(Cl)nc(Cl)n2)cc1,5.1549
Nc1nc(Cl)nc(Nc2ccc(N3CCOCC3=O)cc2)n1,6.3010
O=C1COCCN1c1ccc(Nc2nc(Cl)nc(N3CCOCC3)n2)cc1,4.0000
O=C1COCCN1c1ccc(Nc2nc(Cl)nc(N3CCCC3)n2)cc1,7.2218
O=C1COCCN1c1ccc(Nc2nc(Cl)nc(N3CCN(c4ccccc4)CC3)n2)cc1,4.0000
O=C1COCCN1c1ccc(Nc2nc(Cl)nc(NC3CCCCC3)n2)cc1,6.2218
O=C1COCCN1c1ccc(Nc2nc(Cl)nc(NCc3ccccc3)n2)cc1,4.2218
O=C1COCCN1c1ccc(Nc2nc(Cl)nc(Nc3ccccc3)n2)cc1,7.0000
O=C1COCCN1c1ccc(Nc2nc(Cl)nc(Nc3ccc(Cl)cc3)n2)cc1,7.0969
Cc1ccc(Nc2nc(Cl)nc(Nc3ccc(N4CCOCC4=O)cc3)n2)cc1,4.1549
COc1ccc(Nc2nc(Cl)nc(Nc3ccc(N4CCOCC4=O)cc3)n2)cc1,5.2218
O=C1COCCN1c1ccc(Nc2nc(Cl)nc(Nc3ccc(O)cc3)n2)cc1,7.3979
O=C1COCCN1c1ccc(Nc2nc(Cl)nc(Nc3ccc(Br)cc3)n2)cc1,6.3010
O=C1COCCN1c1ccc(Nc2nc(Cl)nc(OCCCl)n2)cc1,6.0000
[N-]=[N+]=NCCOc1nc(Cl)nc(Nc2ccc(N3CCOCC3=O)cc2)n1,4.1249
NCCOc1nc(Cl)nc(Nc2ccc(N3CCOCC3=O)cc2)n1,4.0458
O=C(NCCOc1nc(Cl)nc(Nc2ccc(N3CCOCC3=O)cc2)n1)c1ccc(Cl)s1,6.3010
Cc1ccc(S(=O)(=O)NCCOc2nc(Cl)nc(Nc3ccc(N4CCOCC4=O)cc3)n2)cc1,4.0969
O=C(NCCOc1nc(Cl)nc(Nc2ccc(N3CCOCC3=O)cc2)n1)c1ccccc1F,4.1549
O=C(NCCOc1nc(Cl)nc(Nc2ccc(N3CCOCC3=O)cc2)n1)C1CCCN1C(=O)OCc1ccccc1,5.2218
COC(=O)C(N)Cc1ccc(Oc2nc(Cl)nc(Nc3ccc(N4CCOCC4=O)cc3)n2)cc1,6.2218
O=C1COCCN1c1ccc(Nc2nc(Nc3ccc(Cl)cc3)nc(N3CCOCC3)n2)cc1,5.2218
CS(=O)(=O)c1ccc(-c2nc(SCCN(O)C(N)=O)nn2-c2ccc(Br)cc2)cc1,6.8239
CS(=O)(=O)c1ccc(NC(=O)NNC(=S)Nc2ccccc2)cc1,4.8928
Cc1ccc(NC(=S)NNC(=O)Nc2ccc(S(C)(=O)=O)cc2)cc1,5.6676
Cc1cccc(C)c1NC(=S)NNC(=O)Nc1ccc(S(C)(=O)=O)cc1,5.5031
COc1ccc(NC(=S)NNC(=O)Nc2ccc(S(C)(=O)=O)cc2)cc1,5.1457
CS(=O)(=O)c1ccc(NC(=O)NNC(=S)Nc2ccc(F)cc2)cc1,4.9034
CS(=O)(=O)c1ccc(NC(=O)NNC(=S)Nc2c(F)cccc2F)cc1,5.1925
CS(=O)(=O)c1ccc(NC(=O)NNC(=S)Nc2ccc(Cl)cc2)cc1,5.2741
N#Cc1cc(S(=O)(=O)Nc2ncns2)ccc1Oc1ccc(-c2cccc(C(F)(F)F)c2)cc1-c1ccnc(CNCCC2CCNCC2)c1,5.4377
COC(=O)COc1ccc(/C=C/c2ccc(Cl)cc2)cc1,5.1237
CCOc1ccc(/C=C/c2ccc([N+](=O)[O-])cc2)cc1,5.3961
COC(=O)COc1ccc(/C=C/c2ccc([N+](=O)[O-])cc2)cc1,5.1272
O=[N+]([O-])c1ccc(/C=C/c2cc(O)c(O)c(O)c2)cc1,6.5544
COc1cc(/C=C/c2ccc([N+](=O)[O-])cc2)cc(OC)c1OC,5.6639
COc1ccc(/C=C/c2ccc([N+](=O)[O-])cc2)cc1OC,5.3290
COc1ccc(-c2nc3cc(NC(=O)c4ccccc4C)ccc3o2)cc1OC,5.3152
COc1ccc(-c2nc3cc(NC(=O)c4cccc(C)c4)ccc3o2)cc1OC,5.8069
COc1ccc(-c2nc3cc(NC(=O)c4ccc(C)cc4)ccc3o2)cc1OC,5.8570
COc1ccc(-c2nc3cc(NC(=O)c4ccccc4Cl)ccc3o2)cc1OC,7.3979
COc1ccc(-c2nc3cc(NC(=O)c4cccc(Cl)c4)ccc3o2)cc1OC,5.8570
COc1ccc(-c2nc3cc(NC(=O)c4ccc(Cl)cc4)ccc3o2)cc1OC,5.9172
COc1ccc(-c2nc3cc(NC(=O)c4ccccc4)ccc3o2)cc1OC,5.8539
COc1ccc(C(=O)Nc2ccc3oc(-c4ccc(OC)c(OC)c4)nc3c2)cc1,4.9751
COc1ccc(-c2nc3cc(NC(=O)c4ccccc4Br)ccc3o2)cc1OC,5.6498
COc1ccc(-c2nc3cc(NC(=O)c4cccc([N+](=O)[O-])c4)ccc3o2)cc1OC,6.0315
COc1ccc(-c2nc3cc(NC(=O)c4cc([N+](=O)[O-])ccc4Cl)ccc3o2)cc1OC,5.1308
COc1ccc(-c2nc3cc(NC(=O)c4ccc([N+](=O)[O-])cc4Cl)ccc3o2)cc1OC,6.3372
COc1ccc(-c2nc3cc(NC(=O)c4ccc([N+](=O)[O-])cc4)ccc3o2)cc1OC,6.7959
COc1ccc(-c2nc3cc(NC(=O)c4ccc(O)cc4)ccc3o2)cc1OC,4.3416
COc1ccc(C(=O)Nc2ccc3oc(-c4ccc(OC)c(OC)c4)nc3c2)cc1OC,5.5686
COc1cc(OC)cc(C(=O)Nc2ccc3oc(-c4ccc(OC)c(OC)c4)nc3c2)c1,6.3565
O=C(COc1cc(O)c2c(=O)cc(-c3ccccc3)oc2c1)OCc1cc(-c2ccccc2)n(-c2ccccc2)n1,5.6576
Cc1ccc(-c2cc(COC(=O)COc3cc(O)c4c(=O)cc(-c5ccccc5)oc4c3)nn2-c2ccccc2)cc1,6.0315
Cc1ccc(-c2cc(COC(=O)COc3cc(O)c4c(=O)cc(-c5ccccc5)oc4c3)nn2-c2ccc(C)cc2)cc1,6.3768
Cc1ccc(-c2cc(COC(=O)COc3cc(O)c4c(=O)cc(-c5ccccc5)oc4c3)nn2-c2ccc(Cl)cc2)cc1,5.8416
Cc1cccc(-c2cc(COC(=O)COc3cc(O)c4c(=O)cc(-c5ccccc5)oc4c3)nn2-c2ccccc2)c1,5.8665
Cc1ccc(-n2nc(COC(=O)COc3cc(O)c4c(=O)cc(-c5ccccc5)oc4c3)cc2-c2cccc(C)c2)cc1,5.9245
Cc1cccc(-c2cc(COC(=O)COc3cc(O)c4c(=O)cc(-c5ccccc5)oc4c3)nn2-c2ccc(Cl)cc2)c1,5.7520
COc1ccc(-c2cc(COC(=O)COc3cc(O)c4c(=O)cc(-c5ccccc5)oc4c3)nn2-c2ccccc2)cc1,6.2676
COc1ccc(-c2cc(COC(=O)COc3cc(O)c4c(=O)cc(-c5ccccc5)oc4c3)nn2-c2ccc(C)cc2)cc1,6.6383
COc1ccc(-c2cc(COC(=O)COc3cc(O)c4c(=O)cc(-c5ccccc5)oc4c3)nn2-c2ccc(Cl)cc2)cc1,6.4559
COc1cccc(-c2cc(COC(=O)COc3cc(O)c4c(=O)cc(-c5ccccc5)oc4c3)nn2-c2ccccc2)c1,5.9172
O=C(COc1cc(O)c2c(=O)cc(-c3ccccc3)oc2c1)OCc1cc(-c2ccc(F)cc2)n(-c2ccccc2)n1,5.5952
Cc1ccc(-n2nc(COC(=O)COc3cc(O)c4c(=O)cc(-c5ccccc5)oc4c3)cc2-c2ccc(F)cc2)cc1,5.5467
O=C(COc1cc(O)c2c(=O)cc(-c3ccccc3)oc2c1)OCc1cc(-c2cccc(F)c2)n(-c2ccccc2)n1,5.4522
O=C(COc1cc(O)c2c(=O)cc(-c3ccccc3)oc2c1)OCc1cc(-c2ccc(Cl)cc2)n(-c2ccccc2)n1,5.8508
Cc1ccc(-n2nc(COC(=O)COc3cc(O)c4c(=O)cc(-c5ccccc5)oc4c3)cc2-c2ccc(Cl)cc2)cc1,5.6737
O=C(COc1cc(O)c2c(=O)cc(-c3ccccc3)oc2c1)OCc1cc(-c2cccc(Cl)c2)n(-c2ccccc2)n1,5.3536
Cc1ccc(-n2nc(COC(=O)COc3cc(O)c4c(=O)cc(-c5ccccc5)oc4c3)cc2-c2cccc(Cl)c2)cc1,5.3188
O=C(COc1cc(O)c2c(=O)cc(-c3ccccc3)oc2c1)OCc1cc(-c2cccc(Cl)c2)n(-c2ccc(Cl)cc2)n1,6.3747
O=C(COc1cc(O)c2c(=O)cc(-c3ccccc3)oc2c1)OCc1cc(-c2ccc(Br)cc2)n(-c2ccccc2)n1,5.6737
Cc1ccc(-n2nc(COC(=O)COc3cc(O)c4c(=O)cc(-c5ccccc5)oc4c3)cc2-c2ccc(Br)cc2)cc1,5.9666
O=C(COc1cc(O)c2c(=O)cc(-c3ccccc3)oc2c1)OCc1cc(-c2ccc([N+](=O)[O-])cc2)n(-c2ccccc2)n1,5.7799
Cc1ccc(-n2nc(COC(=O)COc3cc(O)c4c(=O)cc(-c5ccccc5)oc4c3)cc2-c2ccc([N+](=O)[O-])cc2)cc1,5.8570
O=C(COc1cc(O)c2c(=O)cc(-c3ccccc3)oc2c1)OCc1cc(-c2cccc([N+](=O)[O-])c2)n(-c2ccccc2)n1,5.2262
O=C(COc1cc(O)c2c(=O)cc(-c3ccccc3)oc2c1)OCc1cc(-c2ccc(Cl)c(Cl)c2)n(-c2ccccc2)n1,5.1656
Cc1ccc(-n2nc(COC(=O)COc3cc(O)c4c(=O)cc(-c5ccccc5)oc4c3)cc2-c2ccc(Cl)c(Cl)c2)cc1,5.2993
O=C(COc1cc(O)c2c(=O)cc(-c3ccccc3)oc2c1)OCc1cc(-c2ccc(Cl)c(Cl)c2)n(-c2ccc(Cl)cc2)n1,5.0665
O=C(COc1cc(O)c2c(=O)cc(-c3ccccc3)oc2c1)OCc1cc(-c2ccc(C(F)(F)F)cc2)n(-c2ccccc2)n1,5.3635
Cc1ccc(-n2nc(COC(=O)COc3cc(O)c4c(=O)cc(-c5ccccc5)oc4c3)cc2-c2ccc(C(F)(F)F)cc2)cc1,5.2993
O=C(COc1cc(O)c2c(=O)cc(-c3ccccc3)oc2c1)OCc1cc(-c2cccc(C(F)(F)F)c2)n(-c2ccccc2)n1,5.3197
O=C([O-])Cc1ccccc1Nc1c(Cl)cccc1Cl.[Na+],6.0863
C#CCSc1nc2ccccc2c(=O)n1-c1ccccc1,6.5686
C#CCSc1nc2ccccc2c(=O)n1-c1ccc(Cl)cc1,6.4089
C#CCSc1nc2ccccc2c(=O)n1-c1ccc(Br)cc1,6.7447
C#CCSc1nc2ccccc2c(=O)n1-c1ccc(OC)cc1,6.3565
O=c1c2ccccc2nc(SCc2cn(-c3ccccc3)nn2)n1-c1ccccc1,6.0506
O=c1c2ccccc2nc(SCc2cn(-c3ccc(Cl)cc3)nn2)n1-c1ccccc1,6.7212
O=c1c2ccccc2nc(SCc2cn(-c3ccc(Br)cc3)nn2)n1-c1ccccc1,6.2676
O=C(O)c1ccc(-n2cc(CSc3nc4ccccc4c(=O)n3-c3ccccc3)nn2)cc1,6.1739
O=c1c2ccccc2nc(SCc2cn(-c3ccccc3)nn2)n1-c1ccc(Cl)cc1,6.0177
O=c1c2ccccc2nc(SCc2cn(-c3ccc(Cl)cc3)nn2)n1-c1ccc(Cl)cc1,6.2757
O=c1c2ccccc2nc(SCc2cn(-c3ccc(Br)cc3)nn2)n1-c1ccc(Cl)cc1,6.6198
O=C(O)c1ccc(-n2cc(CSc3nc4ccccc4c(=O)n3-c3ccc(Cl)cc3)nn2)cc1,6.9586
O=c1c2ccccc2nc(SCc2cn(-c3ccccc3)nn2)n1-c1ccc(Br)cc1,6.6021
O=c1c2ccccc2nc(SCc2cn(-c3ccc(Cl)cc3)nn2)n1-c1ccc(Br)cc1,6.7959
O=c1c2ccccc2nc(SCc2cn(-c3ccc(Br)cc3)nn2)n1-c1ccc(Br)cc1,6.7696
O=C(O)c1ccc(-n2cc(CSc3nc4ccccc4c(=O)n3-c3ccc(Br)cc3)nn2)cc1,6.0506
COc1ccc(-n2c(SCc3cn(-c4ccccc4)nn3)nc3ccccc3c2=O)cc1,5.9830
COc1ccc(-n2c(SCc3cn(-c4ccc(Cl)cc4)nn3)nc3ccccc3c2=O)cc1,6.2840
COc1ccc(-n2c(SCc3cn(-c4ccc(Br)cc4)nn3)nc3ccccc3c2=O)cc1,6.1739
COc1ccc(-n2c(SCc3cn(-c4ccc(C(=O)O)cc4)nn3)nc3ccccc3c2=O)cc1,5.8729
COc1ccc(-c2cc(CSc3nc4ccccc4c(=O)n3-c3ccccc3)on2)cc1,6.4318
COc1ccc(-c2cc(CSc3nc4ccccc4c(=O)n3-c3ccccc3)on2)cc1OC,5.9914
O=c1c2ccccc2nc(SCc2cc(-c3ccc(Cl)cc3)no2)n1-c1ccccc1,6.2518
COc1ccc(-c2cc(CSc3nc4ccccc4c(=O)n3-c3ccc(Cl)cc3)on2)cc1,5.8729
COc1ccc(-c2cc(CSc3nc4ccccc4c(=O)n3-c3ccc(Cl)cc3)on2)cc1OC,5.8761
O=c1c2ccccc2nc(SCc2cc(-c3ccc(Cl)cc3)no2)n1-c1ccc(Cl)cc1,6.0757
COc1ccc(-c2cc(CSc3nc4ccccc4c(=O)n3-c3ccc(Br)cc3)on2)cc1,6.2518
COc1ccc(-c2cc(CSc3nc4ccccc4c(=O)n3-c3ccc(Br)cc3)on2)cc1OC,6.4685
O=c1c2ccccc2nc(SCc2cc(-c3ccc(Cl)cc3)no2)n1-c1ccc(Br)cc1,6.2518
COc1ccc(-c2cc(CSc3nc4ccccc4c(=O)n3-c3ccc(OC)cc3)on2)cc1,6.1871
COc1ccc(-n2c(SCc3cc(-c4ccc(OC)c(OC)c4)no3)nc3ccccc3c2=O)cc1,6.1135
COc1ccc(-n2c(SCc3cc(-c4ccc(Cl)cc4)no3)nc3ccccc3c2=O)cc1,6.2007
C[Si](C)(C)c1c(-c2ccccc2)noc1-c1ccc(S(N)(=O)=O)cc1,4.9566
C[Si](C)(C)c1c(-c2ccc(F)cc2)noc1-c1ccc(S(N)(=O)=O)cc1,4.4184
CS(=O)(=O)c1ccc(-c2cc(-c3ccccc3)no2)cc1,4.8681
NS(=O)(=O)c1ccc(-c2cc(-c3ccccc3)no2)cc1,4.9670
NS(=O)(=O)c1ccc(-c2cc(-c3ccc(F)cc3)no2)cc1,4.0904
C[Si](C)(C)c1onc(-c2ccccc2)c1-c1ccc(S(C)(=O)=O)cc1,5.3799
C[Si](C)(C)c1onc(-c2ccccc2)c1-c1ccc(S(N)(=O)=O)cc1,6.8861
C[Si](C)(C)c1onc(-c2ccc(F)cc2)c1-c1ccc(S(C)(=O)=O)cc1,5.7282
C[Si](C)(C)c1onc(-c2ccc(F)cc2)c1-c1ccc(S(N)(=O)=O)cc1,6.0315
CS(=O)(=O)c1ccc(-c2c(-c3ccc(F)cc3)noc2C=O)cc1,4.8608
CS(=O)(=O)c1ccc(-c2c(-c3ccc(F)cc3)noc2Cl)cc1,6.4547
CS(=O)(=O)c1ccc(-c2c(-c3ccc(F)cc3)noc2C(F)(F)F)cc1,5.0891
Cc1onc(-c2ccc(F)cc2)c1-c1ccc(S(N)(=O)=O)cc1,7.1367
CS(=O)(=O)c1ccc(-c2conc2-c2ccccc2)cc1,6.6073
CS(=O)(=O)c1ccc(-c2conc2-c2ccc(F)cc2)cc1,7.2441
NS(=O)(=O)c1ccc(-c2conc2-c2ccccc2)cc1,7.3188
NS(=O)(=O)c1ccc(-c2conc2-c2ccc(F)cc2)cc1,7.3768
NS(=O)(=O)c1ccc(/N=c2\scc(-c3ccc(Cl)cc3)n2-c2ccccc2)cc1,4.7902
NS(=O)(=O)c1ccc(/N=c2\scc(-c3ccc(Cl)cc3Cl)n2-c2ccccc2)cc1,4.7371
NS(=O)(=O)c1ccc(/N=c2\scc(-c3ccc(Br)cc3)n2-c2ccccc2)cc1,4.7049
COc1ccc(-c2cs/c(=N\c3ccc(S(N)(=O)=O)cc3)n2-c2ccccc2)cc1,4.6619
NS(=O)(=O)c1ccc(/N=c2\scc(-c3cccs3)n2-c2ccccc2)cc1,4.8993
COc1cc([C@@H]2CC(=O)c3c(cc(O)c(C/C=C(\C)CCC=C(C)C)c3O)O2)cc(O)c1OC,5.1938
CC(C)=CCC/C(C)=C/Cc1c(O)cc2c(c1O)C(=O)C[C@@H](c1ccc(O)cc1)O2,5.2218
CC(C)=CCC/C(C)=C/Cc1c(O)cc2c(c1O)C(=O)C[C@@H](c1ccc(O)c(O)c1)O2,5.3768
COc1cc([C@@H]2CC(=O)c3c(cc(O)c(C/C=C(\C)CCC=C(C)C)c3O)O2)cc(O)c1O,4.9747
COc1cc([C@@H]2CC(=O)c3c(cc4c(c3O)C=CC(C)(CCC=C(C)C)O4)O2)ccc1O,5.0223
N#CCC(=O)N/N=C/c1c[nH]c2ccccc12,5.9914
N#CCC(=O)N/N=C/c1c[nH]c2ccc(Br)cc12,6.6021
C(=N\Nc1nnc(-c2ccncc2)o1)/c1ccccc1,6.3665
Clc1ccc(/C=N/Nc2nnc(-c3ccncc3)o2)cc1,6.5376
Brc1ccc(/C=N/Nc2nnc(-c3ccncc3)o2)cc1,6.9586
O=[N+]([O-])c1ccc(/C=N/Nc2nnc(-c3ccncc3)o2)cc1,7.3872
O=C(CSc1nnc(-c2ccncc2)o1)N/N=C/c1ccc(Cl)cc1,7.1612
O=C(CSc1nnc(-c2ccncc2)o1)N/N=C/c1ccc([N+](=O)[O-])cc1,7.4202
Oc1ccc(-c2nnc(CSc3nnc(-c4ccncc4)o3)o2)cc1,7.0000
Clc1ccc(-c2nnc(CSc3nnc(-c4ccncc4)o3)o2)cc1,7.0506
Brc1ccc(-c2nnc(CSc3nnc(-c4ccncc4)o3)o2)cc1,7.2757
O=C(Nc1ccccc1)Nc1nnc(-c2cccnc2)o1,6.7696
N#CCC(=O)Nc1nnc(-c2cccnc2)o1,6.2518
CCO/C=N/c1nnc(-c2cccnc2)o1,6.4202
Clc1ccc(/C=N/c2nnc(-c3cccnc3)o2)cc1,6.8861
O=[N+]([O-])c1ccc(/C=N/c2nnc(-c3cccnc3)o2)cc1,6.6778
O=C(Nc1ccccc1)Nc1nnc(-c2ccccc2)o1,7.2007
O=C(Nc1ccccc1)Nc1nnc(-c2ccc(Cl)cc2)o1,6.5376
N#CCC(=O)Nc1nnc(-c2ccc(Cl)cc2)o1,6.6021
CCO/C=N/c1nnc(-c2ccccc2)o1,6.9586
CCO/C=N/c1nnc(-c2ccc(Cl)cc2)o1,7.0000
Clc1ccc(/C=N/c2nnc(-c3ccccc3)o2)cc1,6.5229
O=[N+]([O-])c1ccc(/C=N/c2nnc(-c3ccccc3)o2)cc1,7.0269
Clc1ccc(-c2nnc(/N=C/c3ccccc3)o2)cc1,7.0915
Clc1ccc(/C=N/c2nnc(-c3ccc(Cl)cc3)o2)cc1,7.2291
O=[N+]([O-])c1ccc(/C=N/c2nnc(-c3ccc(Cl)cc3)o2)cc1,6.8861
CC/C=N/c1c(C#N)c2n(c1C(=O)Nc1ccc(Br)cc1)CCC2,4.8758
CC(C)C/C=N/c1c(C#N)c2n(c1C(=O)Nc1ccc(Br)cc1)CCC2,4.8700
N#Cc1c(/N=C/c2ccccc2)c(C(=O)Nc2ccc(Br)cc2)n2c1CCC2,5.8268
N#Cc1c(/N=C/c2ccc(O)cc2)c(C(=O)Nc2ccc(Br)cc2)n2c1CCC2,6.1938
N#Cc1c(/N=C/c2ccc(Cl)cc2)c(C(=O)Nc2ccc(Br)cc2)n2c1CCC2,5.1232
N#Cc1c(/N=C/c2ccco2)c(C(=O)Nc2ccc(Br)cc2)n2c1CCC2,5.7825
N#Cc1c(/N=C/c2cccs2)c(C(=O)Nc2ccc(Br)cc2)n2c1CCC2,5.0339
N#Cc1c(/N=C/c2cccnc2)c(C(=O)Nc2ccc(Br)cc2)n2c1CCC2,5.0070
CC/C=N/c1c(C#N)c2n(c1C(=O)Nc1ccccc1)CCC2,4.2760
CC/C=N/c1c(C#N)c2n(c1C(=O)Nc1ccc(C)cc1)CCC2,4.9859
CC/C=N/c1c(C#N)c2n(c1C(=O)Nc1ccc(Cl)cc1)CCC2,5.3726
CCC1SCC(=O)N1c1c(C#N)c2n(c1C(=O)Nc1ccccc1)CCC2,4.9670
CCC1SCC(=O)N1c1c(C#N)c2n(c1C(=O)Nc1ccc(C)cc1)CCC2,5.9031
CCC1SCC(=O)N1c1c(C#N)c2n(c1C(=O)Nc1ccc(Cl)cc1)CCC2,5.9393
CC/C=N/c1c(C#N)c2n(c1C(=O)Nc1ccccc1)CCCC2,5.1463
CCC1SCC(=O)N1c1c(C#N)c2n(c1C(=O)Nc1ccccc1)CCCC2,4.2510
CCC(=O)NS(=O)(=O)c1ccc(-c2c(-c3ccccc3)noc2C)cc1,8.3010
COc1ccc2cc(CCS(C)(=O)=O)ccc2c1,5.0000
CS(=O)(=O)Nc1cc(Cc2ccc(Cl)cc2)c2ccccc2c1,5.0000
CS(=O)(=O)c1ccc(C2=C(c3ccc(F)cc3)Cc3ccccc32)cc1,7.9586
CS(=O)(=O)c1ccc(-c2c(-c3ccc(F)cc3)oc3ccccc23)cc1,7.6990
CCOC(=O)c1cnn(-c2ccccn2)c1-n1nnc2ccccc2c1=O,4.6990
CCOC(=O)CSc1nnc(-c2ccc(S(C)(=O)=O)cc2)c(-c2ccccc2)n1,4.9957
CCOC(=O)CSc1nnc(-c2ccc(S(C)(=O)=O)cc2)c(-c2ccc(C)cc2)n1,4.9957
CCOC(=O)CSc1nnc(-c2ccc(S(C)(=O)=O)cc2)c(-c2ccc(OC)cc2)n1,4.9957
CCOC(=O)CSc1nnc(-c2ccc(S(C)(=O)=O)cc2)c(-c2ccc(Cl)cc2)n1,4.9957
CCOC(=O)CSc1nnc(-c2ccc(S(C)(=O)=O)cc2)c(-c2ccc(F)cc2)n1,4.9957
Cc1ccc(Nc2c(F)cccc2Cl)c(CNc2nnn[nH]2)c1,7.8539
Cc1ccc(Nc2c(F)cccc2Cl)c(CNS(=O)(=O)C(F)(F)F)c1,6.3979
COc1ccc(/C=C/c2c(CC=C(C)C)c(O)cc(O)c2CC=C(C)C)cc1O,4.8327
COc1ccc(/C=C/c2c(CC=C(C)C)c(O)cc(O)c2CC=C(C)C)cc1,5.3279
CC(C)=CCc1c(O)cc(O)c(CC=C(C)C)c1/C=C/c1ccc(O)cc1,5.2441
COc1ccc(/C=C/c2c(CC=C(C)C)c(O)cc3c2CCC(C)(C)O3)cc1O,4.4498
NS(=O)(=O)c1ccc(-n2nc(C(=O)N3CCSCC3)cc2-c2cccc(F)c2)cc1,6.7212
NS(=O)(=O)c1ccc(-n2nc(C(=O)N3CCOCC3)cc2-c2cccc(F)c2)cc1,6.6383
NS(=O)(=O)c1ccc(-n2nc(C(=O)N3CCSCC3)cc2-c2cccc(Cl)c2)cc1,6.6778
NS(=O)(=O)c1ccc(-n2nc(C(=O)N3CCOCC3)cc2-c2cccc(Cl)c2)cc1,6.6198
NS(=O)(=O)c1ccc(-n2nc(C(=O)N3CCSCC3)cc2-c2ccc(Cl)cc2)cc1,6.6383
NS(=O)(=O)c1ccc(-n2nc(C(=O)N3CCOCC3)cc2-c2ccc(Cl)cc2)cc1,6.4559
CCOc1ccc(-c2cc(C(=O)N3CCSCC3)nn2-c2ccc(S(N)(=O)=O)cc2)cc1,6.0132
CCOc1ccc(-c2cc(C(=O)N3CCOCC3)nn2-c2ccc(S(N)(=O)=O)cc2)cc1,5.5243
NS(=O)(=O)c1ccc(-n2nc(C(=O)N3CCSCC3)cc2-c2ccc(F)cc2)cc1,6.6778
NS(=O)(=O)c1ccc(-n2nc(C(=O)N3CCOCC3)cc2-c2ccc(F)cc2)cc1,6.6383
Cc1ccc(-c2cc(C(=O)N3CCOCC3)nn2-c2ccc(S(N)(=O)=O)cc2)cc1,6.0315
Cc1ccc(-c2cc(C(=O)N3CCSCC3)nn2-c2ccc(S(N)(=O)=O)cc2)cc1,6.0506
NS(=O)(=O)c1ccc(-n2nc(C(=O)N3CCSCC3)cc2-c2ccc(Br)cc2)cc1,5.8928
NS(=O)(=O)c1ccc(-n2nc(C(=O)N3CCOCC3)cc2-c2ccc(Br)cc2)cc1,6.5086
COc1cccc(-c2cc(C(=O)N3CCSCC3)nn2-c2ccc(S(N)(=O)=O)cc2)c1,5.7100
COc1cccc(-c2cc(C(=O)N3CCOCC3)nn2-c2ccc(S(N)(=O)=O)cc2)c1,5.6478
COc1ccc(-c2cc(C(=O)N3CCSCC3)nn2-c2ccc(S(N)(=O)=O)cc2)cc1,5.9172
COc1ccc(-c2cc(C(=O)N3CCOCC3)nn2-c2ccc(S(N)(=O)=O)cc2)cc1,5.6968
NS(=O)(=O)c1ccc(-n2nc(C(=O)N3CCSCC3)cc2-c2ccc(C(F)(F)F)cc2)cc1,6.7212
NS(=O)(=O)c1ccc(-n2nc(C(=O)N3CCOCC3)cc2-c2ccc(C(F)(F)F)cc2)cc1,6.4089
NS(=O)(=O)c1ccc(-n2nc(C(=O)N3CCSCC3)cc2-c2ccccc2)cc1,6.1739
NS(=O)(=O)c1ccc(-n2nc(C(=O)N3CCOCC3)cc2-c2ccccc2)cc1,6.1612
NS(=O)(=O)c1ccc(-n2nc(C(=O)NCCCN3CCOCC3)cc2-c2ccccc2)cc1,6.3768
NS(=O)(=O)c1ccc(-n2nc(C(=O)OCCCN3CCOCC3)cc2-c2ccccc2)cc1,6.2518
NS(=O)(=O)c1ccc(-n2nc(C(=O)NCCN3CCOCC3)cc2-c2ccccc2)cc1,6.1938
NS(=O)(=O)c1ccc(-n2nc(C(=O)OCCCN3CCOCC3)cc2-c2ccc(Cl)cc2)cc1,5.2620
NS(=O)(=O)c1ccc(-n2nc(C(=O)OCCN3CCOCC3)cc2-c2ccc(Cl)cc2)cc1,6.6021
NS(=O)(=O)c1ccc(-n2nc(C(=O)NCCN3CCOCC3)cc2-c2ccc(Cl)cc2)cc1,6.5086
NS(=O)(=O)c1ccc(-n2nc(C(=O)OCCN3CCOCC3)cc2-c2ccc(F)cc2)cc1,6.6778
NS(=O)(=O)c1ccc(-n2nc(C(=O)NCCN3CCOCC3)cc2-c2ccc(F)cc2)cc1,6.7959
NS(=O)(=O)c1ccc(-n2nc(C(=O)OCCCN3CCOCC3)cc2-c2ccc(F)cc2)cc1,5.4473
NS(=O)(=O)c1ccc(-n2nc(C(=O)OCCN3CCOCC3)cc2-c2ccc(C(F)(F)F)cc2)cc1,6.7212
NS(=O)(=O)c1ccc(-n2nc(C(=O)NCCCN3CCOCC3)cc2-c2ccc(C(F)(F)F)cc2)cc1,6.7696
NS(=O)(=O)c1ccc(-n2nc(C(=O)OCCCN3CCOCC3)cc2-c2ccc(C(F)(F)F)cc2)cc1,6.6778
COc1ccc(-c2cc(C(=O)NCCN3CCOCC3)nn2-c2ccc(S(N)(=O)=O)cc2)cc1,6.0605
COc1ccc(-c2cc(C(=O)OCCCN3CCOCC3)nn2-c2ccc(S(N)(=O)=O)cc2)cc1,5.9788
COc1ccc(-c2cc(C(=O)NCCCN3CCOCC3)nn2-c2ccc(S(N)(=O)=O)cc2)cc1,6.1487
CCOc1ccc(-c2cc(C(=O)NCCN3CCOCC3)nn2-c2ccc(S(N)(=O)=O)cc2)cc1,6.0706
CCOc1ccc(-c2cc(C(=O)OCCCN3CCOCC3)nn2-c2ccc(S(N)(=O)=O)cc2)cc1,5.1169
CCOc1ccc(-c2cc(C(=O)NCCCN3CCOCC3)nn2-c2ccc(S(N)(=O)=O)cc2)cc1,6.0410
CCOc1ccc(-c2cc(C(=O)OCCN3CCOCC3)nn2-c2ccc(S(N)(=O)=O)cc2)cc1,5.9547
COc1ccccc1/C=C/C1=NNC(=O)CC1,6.9864
COc1ccccc1/C=C/C1=NN(c2ccccc2)C(=O)CC1,6.8710
COc1ccccc1/C=C/C1=NN(c2ccc(F)cc2)C(=O)CC1,7.3117
Cc1cccc(/C=C/C2=NNC(=O)CC2)c1,7.7364
Cc1cccc(/C=C/C2=NN(c3ccc(F)cc3)C(=O)CC2)c1,7.2812
O=C1CCC(/C=C/c2cccnc2)=NN1,7.7140
COc1ccccc1/C=C/c1ccc(=O)[nH]n1,7.0086
COc1ccccc1/C=C/c1ccc(=O)n(-c2ccccc2)n1,7.0467
COc1ccccc1/C=C/c1ccc(=O)n(-c2ccc(F)cc2)n1,7.7040
Cc1cccc(/C=C/c2ccc(=O)[nH]n2)c1,7.8080
Cc1cccc(/C=C/c2ccc(=O)n(-c3ccc(F)cc3)n2)c1,7.4372
NS(=O)(=O)c1ccc(N2C(=O)/C(=C\c3ccccc3Cl)N=C2c2ccc(Cl)cc2)cc1,6.0655
Cc1cc(-n2cc(-c3ccc(F)cc3)nn2)n(-c2ccc(S(C)(=O)=O)cc2)n1,7.0458
Cc1cc(-n2cc(-c3ccc(N)cc3)nn2)n(-c2ccc(S(C)(=O)=O)cc2)n1,7.3010
Cc1cnc(Cn2cc(-c3onc(-c4ccccc4)c3-c3ccc(S(N)(=O)=O)cc3)nn2)c(C)c1[18F],8.0000
COC(=O)CNC(=O)[C@H](CCSC)NC(=O)[C@H](Cc1ccccc1)NC(=O)[C@@H]1CCCN1C(=O)OC(C)(C)C,6.3979
CC(C)(C)OC(=O)N1CCC[C@H]1C(=O)N[C@@H](Cc1ccccc1)C(=O)O,7.0969
COC(=O)[C@H](Cc1ccccc1)NC(=O)[C@@H]1CCCN1C(=O)CNC(=O)[C@H](CCSC)NC(=O)OCc1ccccc1,7.0000
COC(=O)CNC(=O)[C@H](Cc1ccccc1)NC(=O)[C@@H]1CCCN1C(=O)[C@H](Cc1ccccc1)NC(=O)[C@H](C)NC(=O)OCc1ccccc1,5.3010
COC(=O)CNC(=O)[C@H](C)NC(=O)[C@@H]1CCCN1C(=O)CNC(=O)[C@H](C)NC(=O)OCc1ccccc1,6.3979
C[C@H](NC(=O)OCc1ccccc1)C(=O)NCC(=O)N1CCC[C@H]1C(=O)O,7.6990
COC(=O)[C@@H]1CCCN1C(=O)CNC(=O)[C@H](C)NC(=O)OCc1ccccc1,6.5229
COC(=O)CNC(=O)[C@H](C)NC(=O)[C@@H]1CCCN1C(=O)CNC(=O)CNC(=O)[C@H](C)N,5.6990
COC(=O)CNC(=O)[C@H](C)NC(=O)[C@@H]1CCCN1C(=O)CNC(=O)[C@H](C)N,7.0000
COC(=O)[C@H](C)NC(=O)[C@@H]1CCCN1C(=O)CNC(=O)[C@H](C)N,6.2218
Cc1nc(C)c(CN2CCN(C(=O)c3cc4cc(Cl)ccc4n3Cc3ccc(Cl)cc3)CC2)nc1C,7.6603
COc1ccc2[nH]cc(CCNC(=O)c3cc4cc(Cl)ccc4n3Cc3ccc(F)cc3)c2c1,7.6326
COc1ccc(CN2CCN(C(=O)c3cc4cc(Cl)ccc4n3Cc3ccc(F)cc3)CC2)cc1,7.6343
O=C(c1cc2cc(Cl)ccc2n1Cc1ccc(Cl)cc1)N1CCN(Cc2ccc(Cl)cc2)CC1,7.4961
C#CCc1cn(C)c2c(O)cccc12,5.2062
S=c1nc(-c2ccccc2)cc(-c2cn(-c3ccccc3)nc2-c2ccc(OCc3ccccc3)cc2)[nH]1,6.0000
c1ccc(COc2ccc(-c3nn(-c4ccccc4)cc3-c3cc(-c4ccccc4)no3)cc2)cc1,5.6757
N#CC1=C(N)OC(c2ccc(Cl)cc2)=CC1c1cn(-c2ccccc2)nc1-c1ccc(OCc2ccccc2)cc1,4.9340
NC(=S)n1nc(-c2ccc(Cl)cc2)cc1-c1cn(-c2ccccc2)nc1-c1ccc(OCc2ccccc2)cc1,5.3288
O=C(/C=C/c1cn(-c2ccccc2)nc1-c1ccc(OCc2ccccc2)cc1)c1ccc(Cl)cc1,6.2218
NC(=S)n1nc(-c2ccccc2)cc1-c1cn(-c2ccccc2)nc1-c1ccc(OCc2ccccc2)cc1,5.2840
N#CC1=C(N)OC(c2ccccc2)=CC1c1cn(-c2ccccc2)nc1-c1ccc(OCc2ccccc2)cc1,6.1427
O=C(/C=C/c1cn(-c2ccccc2)nc1-c1ccc(OCc2ccccc2)cc1)c1ccccc1,5.7258
Nc1nc(-c2ccc(Cl)cc2)cc(-c2cn(-c3ccccc3)nc2-c2ccc(OCc3ccccc3)cc2)n1,5.3990
CC(=O)n1nc(-c2ccc(Cl)cc2)cc1-c1cn(-c2ccccc2)nc1-c1ccc(OCc2ccccc2)cc1,5.5544
Nc1nc(-c2ccccc2)cc(-c2cn(-c3ccccc3)nc2-c2ccc(OCc3ccccc3)cc2)n1,5.5528
CC(=O)n1nc(-c2ccccc2)cc1-c1cn(-c2ccccc2)nc1-c1ccc(OCc2ccccc2)cc1,5.7144
S=c1nc(-c2ccc(Cl)cc2)cc(-c2cn(-c3ccccc3)nc2-c2ccc(OCc3ccccc3)cc2)[nH]1,5.9586
Clc1ccc(-c2cc(-c3cn(-c4ccccc4)nc3-c3ccc(OCc4ccccc4)cc3)on2)cc1,5.9031
CCc1ccc(-n2cc(CNC(=O)C(=O)c3cc4ccccc4[nH]3)nn2)cc1,6.9208
Cc1c2c(c(C)n1-c1ccccc1)C(=O)N(CN1CCN(c3ccccc3)CC1)C2=O,4.3716
CCCCn1c(C)c2c(c1C)C(=O)N(CN1CCN(c3ccccc3)CC1)C2=O,4.3516
Cc1c2c(c(C)n1-c1cccc(Cl)c1)C(=O)N(CN1CCN(c3ccccc3)CC1)C2=O,4.3575
CCOc1ccccc1N1CCN(CN2C(=O)c3c(c(C)n(-c4ccccc4)c3C)C2=O)CC1,4.3696
CCCCn1c(C)c2c(c1C)C(=O)N(CN1CCN(c3ccccc3OCC)CC1)C2=O,4.2684
CCCCn1c(C)c2c(c1C)C(=O)N(CN1CCN(c3ccccc3F)CC1)C2=O,4.3565
Cc1c2c(c(C)n1-c1cccc(Cl)c1)C(=O)N(CN1CCN(c3ccccc3F)CC1)C2=O,4.3478
CCCCn1c(C)c2c(c1C)C(=O)N(CN1CCN(c3ccc(F)cc3F)CC1)C2=O,4.3429
CCCCn1c(C)c2c(c1C)C(=O)N(CN1CCN(c3ccccc3Cl)CC1)C2=O,4.3478
CCCCn1c(C)c2c(c1C)C(=O)N(CN1CCN(c3ccccc3OC)CC1)C2=O,4.3516
COc1ccccc1N1CCN(CN2C(=O)c3c(c(C)n(-c4ccccc4)c3C)C2=O)CC1,4.3335
Cc1c2c(c(C)n1-c1ccccc1)C(=O)N(CN1CCN(S(C)(=O)=O)CC1)C2=O,4.3585
CCCCn1c(C)c2c(c1C)C(=O)N(CN1CCN(S(C)(=O)=O)CC1)C2=O,4.3665
Cc1c2c(c(C)n1-c1cccc(Cl)c1)C(=O)N(CN1CCN(S(C)(=O)=O)CC1)C2=O,4.3556
O=C(/C=C/C1=Cc2ccccc2OC1)c1ccc(F)cc1,6.4318
O=C(/C=C/C1=Cc2ccccc2OC1)c1ccc(Br)cc1,6.3768
O=C(/C=C/C1=Cc2ccccc2OC1)c1ccc(C(F)(F)F)cc1,6.0809
COc1ccc(C(=O)/C=C/C2=Cc3ccccc3OC2)cc1,6.3372
CCc1ccc(C(=O)/C=C/C2=Cc3ccccc3OC2)cc1,6.4089
COc1ccc(C(=O)/C=C/C2=Cc3ccccc3OC2)cc1OC,6.3372
O=C(/C=C/C1=Cc2c(ccc3ccccc23)OC1)c1ccccc1F,6.5086
O=C(/C=C/C1=Cc2c(ccc3ccccc23)OC1)c1ccc(Cl)cc1Cl,6.5376
O=C(/C=C/C1=Cc2c(ccc3ccccc23)OC1)c1ccc(C(F)(F)F)cc1,6.4815
O=C(/C=C/C1=Cc2c(ccc3ccccc23)OC1)c1ccc([N+](=O)[O-])cc1,6.6021
COc1ccc(C(=O)/C=C/C2=Cc3c(ccc4ccccc34)OC2)cc1,6.4202
CCc1ccc(C(=O)/C=C/C2=Cc3c(ccc4ccccc34)OC2)cc1,6.3665
C#CCOc1ccc(/C=C2\SC(=O)NC2=O)cc1,6.4815
C#CCOc1ccc(/C=C2\SC(=S)NC2=O)cc1,6.9208
O=C1NC(=O)/C(=C/c2ccc(OCc3cn(CC(=O)c4ccc(Br)cc4)nn3)cc2)S1,7.0000
O=C1NC(=S)S/C1=C\c1ccc(OCc2cn(CC(=O)c3ccc(Br)cc3)nn2)cc1,6.9586
O=C1NC(=O)/C(=C/c2ccc(OCc3cn(CC(=O)c4ccc(Cl)cc4)nn3)cc2)S1,6.6576
O=C1NC(=S)S/C1=C\c1ccc(OCc2cn(CC(=O)c3ccc(Cl)cc3)nn2)cc1,6.8239
O=C1NC(=O)/C(=C/c2ccc(OCc3cn(-c4ccc(C(=O)O)cc4)nn3)cc2)S1,6.3468
O=C1NC(=S)S/C1=C\c1ccc(OCc2cn(-c3ccc(C(=O)O)cc3)nn2)cc1,6.4437
COc1ccc(-n2cc(COc3ccc(/C=C4\SC(=O)NC4=O)cc3)nn2)cc1,6.8539
COc1ccc(-n2cc(COc3ccc(/C=C4\SC(=S)NC4=O)cc3)nn2)cc1,7.0000
Cc1ccc(-n2cc(COc3ccc(/C=C4\SC(=O)NC4=O)cc3)nn2)cc1,6.2840
Cc1ccc(-n2cc(COc3ccc(/C=C4\SC(=S)NC4=O)cc3)nn2)cc1,6.3872
O=C1NC(=O)/C(=C/c2ccc(OCc3cn(-c4ccc(Br)cc4)nn3)cc2)S1,6.9208
O=C1NC(=S)S/C1=C\c1ccc(OCc2cn(-c3ccc(Br)cc3)nn2)cc1,6.9586
O=C1NC(=O)/C(=C/c2ccc(OCc3cn(-c4ccc(Cl)cc4)nn3)cc2)S1,6.5850
O=C1NC(=S)S/C1=C\c1ccc(OCc2cn(-c3ccc(Cl)cc3)nn2)cc1,6.7212
O=C1NC(=O)/C(=C/c2ccc(OCc3cn(-c4ccccc4)nn3)cc2)S1,6.4202
O=C1NC(=S)S/C1=C\c1ccc(OCc2cn(-c3ccccc3)nn2)cc1,6.5850
O=C1NC(=O)/C(=C/c2ccc(OCc3cn(Cc4ccc(Br)cc4)nn3)cc2)S1,7.0000
O=C1NC(=S)S/C1=C\c1ccc(OCc2cn(Cc3ccc(Br)cc3)nn2)cc1,6.9586
O=C1NC(=O)/C(=C/c2ccc(OCc3cn(Cc4ccccc4)nn3)cc2)S1,6.5686
O=C1NC(=S)S/C1=C\c1ccc(OCc2cn(Cc3ccccc3)nn2)cc1,6.4815
N#Cc1cnn(-c2ccc(S(N)(=O)=O)cc2)c1NC(=O)CCl,7.7018
N#Cc1cnn(-c2ccc(S(N)(=O)=O)cc2)c1NC(=O)CCCl,7.2363
CC(Cl)C(=O)Nc1c(C#N)cnn1-c1ccc(S(N)(=O)=O)cc1,6.9654
N#Cc1cnn(-c2ccc(S(N)(=O)=O)cc2)c1NC(=O)CN1CCOCC1,7.4658
N#Cc1cnn(-c2ccc(S(N)(=O)=O)cc2)c1NC(=O)CCN1CCOCC1,7.4042
CC(C(=O)Nc1c(C#N)cnn1-c1ccc(S(N)(=O)=O)cc1)N1CCOCC1,6.9108
CC(=O)Nc1c(C#N)cnn1-c1ccc(S(=O)(=O)NC(C)=O)cc1,7.2130
N#Cc1cnn(-c2ccc(S(N)(=O)=O)cc2)c1NC(=O)c1ccccc1,7.2505
N#Cc1cnn(-c2ccc(S(N)(=O)=O)cc2)c1/N=C/c1ccccc1,7.0810
N#Cc1cnn(-c2ccc(S(N)(=O)=O)cc2)c1/N=C/c1ccc(F)cc1,7.4120
N#Cc1cnn(-c2ccc(S(N)(=O)=O)cc2)c1/N=C/c1ccc(Cl)cc1,6.7218
N#Cc1cnn(-c2ccc(S(N)(=O)=O)cc2)c1/N=C/c1ccc(Br)cc1,7.1878
COc1ccc(/C=N/c2c(C#N)cnn2-c2ccc(S(N)(=O)=O)cc2)cc1,7.4074
COc1ccc(/C=N/c2c(C#N)cnn2-c2ccc(S(N)(=O)=O)cc2)cc1OC,7.3591
CC(C)[C@@H]1CC[C@]2(C)[C@@H]3C(C=C4[C@@H]5CC(C)(C)C(=O)C[C@]5(C)CC[C@]42C)OC(=O)CC(O)[C@]31C,3.3372
COOC[C@@]1(C)CC[C@]2(C)CC[C@]3(C)[C@@H]4CC(=O)c5cc(OC)c(O)cc5[C@]4(C)CC[C@@]3(C)C2C1,3.1805
C=C(C)[C@@H]1CC[C@]2(C)CC[C@]3(C)[C@H](CCC4[C@@]5(C)[C@H](O)C[C@H](OC(C)=O)C(C)(C)[C@@H]5CC[C@]43C)[C@@H]12,3.2676
C=C(C)[C@@H]1CC[C@]2(C)CC[C@]3(C)[C@H](CCC4[C@@]5(C)[C@H](O)C[C@H](O)C(C)(C)[C@@H]5CC[C@]43C)[C@@H]12,3.3468
CC(C)[C@@H]1CC[C@]2(C)[C@@H]3C(C=C4[C@@H]5CC(C)(C)CC[C@]5(C)CC[C@]42C)OC(=O)CC[C@]31C,3.1871
COOC[C@@]1(C)CC[C@]2(C)CC[C@]3(C)[C@@H]4CCc5cc(O)c(O)cc5[C@]4(C)CC[C@@]3(C)C2C1,3.3665
O=C(O[C@@H]1[C@@H](c2c(O)cc(O)c3c2O[C@H](c2cc(O)c(O)c(O)c2)[C@H](OC(=O)c2cc(O)c(O)c(O)c2)C3)c2c(O)cc(O)c([C@H]3c4c(O)cc(O)cc4O[C@H](c4cc(O)c(O)c(O)c4)[C@@H]3OC(=O)c3cc(O)c(O)c(O)c3)c2O[C@@H]1c1cc(O)c(O)c(O)c1)c1cc(O)c(O)c(O)c1,5.3468
O=C(O)C[C@@H]1C(=O)O[C@H]2[C@@H]3OC(=O)c4cc(O)c(O)c(O)c4-c4ccccc4C(=O)OC[C@H]2O[C@@H](OC(=O)c2cc(O)c(O)c(O)c2)[C@@H]3OC(=O)c2cc(O)c(O)c3c2[C@H]1[C@H](O)C(=O)O3,6.0362
N#Cc1ccc(/C=N/NC(=O)c2cn(Cc3ccc(Cl)cc3)c3ccccc23)cc1,5.1198
Nc1ccc(O)c(C(=O)O)c1,5.1232
COc1ccc(-c2nn(-c3ccc(S(C)(=O)=O)cc3)cc2/C=C2\SC(=O)NC2=O)cc1,6.0555
O=C(O)CCCc1nc(-c2ccc(Cl)c(Cl)c2)c(-c2ccccc2)o1,6.3768
O=C(O)CCc1nc(-c2ccccc2)c(-c2ccccc2)o1,5.7012
COc1ccc(-c2noc(C)c2-c2ccc(OC)cc2)cc1,6.4559
Cc1onc(-c2ccc(S(C)(=O)=O)cc2)c1-c1ccc(F)cc1,7.1549
COc1ccc(-c2noc(CBr)c2-c2ccc(OC)cc2)cc1,6.7447
COc1ccc(-c2noc(CF)c2-c2ccc(OC)cc2)cc1,6.5229
COc1ccc(-c2noc(CCO)c2-c2ccc(OC)cc2)cc1,6.7212
CS(=O)(=O)c1ccc(-c2nnnn2-c2ccc(CCO)cc2)cc1,4.1549
CS(=O)(=O)c1ccc(Cc2nnnn2-c2ccc(CCO)cc2)cc1,5.5229
CS(=O)(=O)c1ccc(Cc2nnnn2-c2ccc(CO)cc2)cc1,4.4202
NS(=O)(=O)c1ccc(-c2nnnn2-c2ccc(CCO)cc2)cc1,4.0044
NS(=O)(=O)c1ccc(-c2nnnn2-c2ccc(CO)cc2)cc1,4.6198
COC(=O)[C@H](Cc1ccccc1)Nc1nc(Cl)nc(Nc2ccc(N3CCOCC3=O)cc2)n1,5.0969
O=C(O)c1ccccc1Nc1nc(Cl)nc(Nc2ccc(N3CCOCC3=O)cc2)n1,6.0000
CC[C@H](C)[C@H](Nc1nc(Cl)nc(Nc2ccc(N3CCOCC3=O)cc2)n1)C(=O)OC,5.2218
COC(=O)[C@@H](N)Cc1cn(-c2nc(Cl)nc(Nc3ccc(N4CCOCC4=O)cc3)n2)c2ccccc12,7.5229
COC(=O)[C@@H](N)Cc1ccc(Oc2nc(Cl)nc(N3CCCCC3)n2)cc1,5.3010
COC(=O)[C@@H](N)Cc1cn(-c2nc(Cl)nc(N3CCCCC3)n2)c2ccccc12,7.6990
N[C@@H](Cc1cn(-c2nc(Cl)nc(N3CCOCC3)n2)c2ccccc12)C(=O)O,7.0000
Clc1nc(OCc2cn(Cc3ccccc3)nn2)nc(N2CCCC2)n1,5.3010
Clc1nc(OCc2cn(Cc3ccccc3)nn2)nc(N2CCOCC2)n1,7.0000
Clc1ccc(Nc2nc(Cl)nc(OCc3cn(Cc4ccccc4)nn3)n2)cc1,5.1549
COC(=O)[C@H](Cc1ccccc1)n1cc(COc2nc(Cl)nc(N3CCCC3)n2)nn1,5.2218
COC(=O)[C@H](Cc1ccccc1)n1cc(COc2nc(Cl)nc(N3CCOCC3)n2)nn1,6.6990
COC(=O)[C@H](Cc1ccccc1)n1cc(COc2nc(Cl)nc(Nc3ccc(N4CCOCC4=O)cc3)n2)nn1,5.0458
COC(=O)[C@H](Cc1ccccc1)n1cc(COc2nc(Cl)nc(Nc3ccc(Cl)cc3)n2)nn1,5.0969
COC(=O)[C@H](Cc1ccc(O)cc1)n1cc(COc2nc(Cl)nc(N3CCCC3)n2)nn1,5.3979
COC(=O)[C@H](Cc1ccc(O)cc1)n1cc(COc2nc(Cl)nc(N3CCOCC3)n2)nn1,5.5229
COC(=O)[C@H](Cc1ccc(O)cc1)n1cc(COc2nc(Cl)nc(Nc3ccc(N4CCOCC4=O)cc3)n2)nn1,5.5229
CSc1nc2ccccc2n1-c1csc(N)n1,6.6383
CSc1nc2ccccc2n1-c1csc(NC(=O)c2ccccc2)n1,6.7212
CSc1nc2ccccc2n1-c1csc(NC(=O)c2ccc(Cl)cc2)n1,6.6778
CSc1nc2ccccc2n1-c1csc(NC(=O)c2ccc(C)cc2)n1,6.5850
CSc1nc2ccccc2n1-c1csc(NCC(C)=O)n1,7.1612
CSc1nc2ccccc2n1-c1csc(NC/C(C)=N/NC(=S)Nc2ccccc2)n1,7.1249
CSc1nc2ccccc2n1-c1csc(NC/C(C)=N/N=c2\scc(-c3ccccc3)n2-c2ccccc2)n1,7.2366
CSc1nc2ccccc2n1-c1csc(NC/C(C)=N/N=c2\scc(-c3ccc(Cl)cc3)n2-c2ccccc2)n1,7.3468
CSc1nc2ccccc2n1-c1csc(NC/C(C)=N/N=c2\scc(-c3ccc(C)cc3)n2-c2ccccc2)n1,7.2676
CSc1nc2ccccc2n1-c1csc(NC/C(C)=N/N=C2\SCC(=O)N2c2ccccc2)n1,7.1739
CSc1nc2ccccc2n1-c1csc(NCC(=O)c2ccc(Cl)cc2)n1,6.8539
Br.CSc1nc2ccccc2n1-c1csc(=N)n1CC(=O)c1ccccc1,6.7447
CSc1nc2ccccc2n1-c1csc2nc(-c3ccccc3)cn12,6.6576
CSc1nc2ccccc2n1Cc1nnc2n1N=C(c1ccc(C)cc1)CS2,6.6021
O=C1N/C(=N\c2nnc(-c3ccc(O)cc3)s2)S/C1=C\c1ccc(Cl)c(Cl)c1,7.1549
Clc1ccc(-c2nnc(Cn3c(CN4CCCCC4)nc4ccccc43)o2)cc1,7.2218
Fc1ccccc1-c1nnc(Cn2c(CN3CCCCC3)nc3ccccc32)o1,7.2218
Fc1ccc(-c2nnc(Cn3c(CN4CCCCC4)nc4ccccc43)o2)cc1,7.2218
O=[N+]([O-])c1ccc(-c2nnc(Cn3c(CN4CCCCC4)nc4ccccc43)o2)cc1,7.2218
O=[N+]([O-])c1ccc(-n2c(-c3ccc(Br)cc3)nc3ccccc32)cc1,3.9914
O=[N+]([O-])c1ccc(-n2c(-c3ccccc3)nc3ccccc32)cc1,3.7905
Nc1ccc(-n2c(-c3ccc(Cl)cc3)nc3ccccc32)cc1,3.7144
Nc1ccc(-c2nc3ccccc3n2-c2ccc(N)cc2)cc1,3.7620
CC(C(=O)O)c1ccc(C[SiH](C)C)cc1,5.0809
O=C(/C=C/c1ccc(O)c(O)c1)NNC(=O)COc1cccnc1,5.3010
O=C(/C=C/c1ccc(O)c(O)c1)NNC(=O)COc1ccc(Cl)cc1,5.4989
O=C(/C=C/c1ccc(O)c(O)c1)NNC(=O)COc1ccc(Br)cc1,5.4685
Cc1ccc(OCC(=O)NNC(=O)/C=C/c2ccc(O)c(O)c2)c(C)c1,5.6778
O=C(/C=C/c1ccc(O)c(O)c1)NNC(=O)COc1cccc2cccnc12,5.3098
NS(=O)(=O)c1ccc(-n2nc(C(=O)O)cc2-c2ccc(Cl)s2)cc1,6.3979
NS(=O)(=O)c1ccc(-n2nc(C(=O)O)cc2-c2cc3ccccc3s2)cc1,8.0000
Cn1nc(C(F)(F)F)cc1-c1ccn(C(F)F)c(=O)c1,6.1612
O=C(NCCc1c[nH]c2ccccc12)c1cc2ccccc2cc1O,4.4066
Cc1ccc(C(=O)NCCc2c[nH]c3ccccc23)c(O)c1,4.7841
Cc1ccc2[nH]cc(CCNC(=O)c3ccccc3Nc3ccccc3)c2c1,4.5678
O=C(NCCc1c[nH]c2ccc(O)cc12)c1ccccc1O,5.7595
O=C(NCCc1c[nH]c2ccccc12)c1ccccc1Nc1ccccc1,6.3279
COc1ccc2[nH]cc(CCNC(=O)c3ccccc3Nc3ccccc3)c2c1,4.4130
O=C(NCCc1c[nH]c2ccc(O)cc12)c1ccccc1Nc1ccccc1,6.4202
O=C(NCCc1c[nH]c2ccc(Cl)cc12)c1ccccc1Nc1ccccc1,5.8729
CCCCCc1cc(O)cc(O)c1,4.7630
CCCCCCCCCCCCCc1cc(O)cc(O)c1,5.5622
CCCCCCCCCCCCCCCc1cc(O)cc(O)c1,5.6271
CCCCCC1=CC(=O)C=C(OC)C1=O,5.7212
CCCCCCCCCCCC1=CC(=O)C=C(OC)C1=O,6.2441
CCCCCCCCCCCCCC1=CC(=O)C=C(OC)C1=O,6.0555
CCCCCCCCCCCCCCCC1=CC(=O)C=C(OC)C1=O,5.0472
CCCCCCCCCCCc1cc(O)cc(OC)c1O,6.2596
CCCCCCCCCCCCCc1cc(O)cc(OC)c1O,5.8097
CCCCCCCCCCCCCCCc1cc(O)cc(OC)c1O,5.5670
CCCCCc1cccc(OC)c1O,5.3325
CCCCCc1cc(O)cc(OC)c1,4.7981
COc1cc(O)cc(Br)c1O,5.3179
COC1=CC(=O)C=C(Br)C1=O,5.3487
CCCCCC1=CC(=O)C=C(OC)C1=N,5.2351
COc1ccc(-c2noc(CC(=O)NCCNC(=O)Cc3onc(-c4ccc(OC)cc4)c3-c3ccc(OC)cc3)c2-c2ccc(OC)cc2)cc1,6.9208
COc1ccc(-c2noc(CC(=O)NCCCCN)c2-c2ccc(OC)cc2)cc1,5.4559
CCCCC/C=C\C/C=C\C/C=C\C/C=C\CCCC(=O)NCCCCNC(=O)Cc1onc(-c2ccc(OC)cc2)c1-c1ccc(OC)cc1,6.0969
COc1ccc(-c2noc(CC(=O)Nc3ccc(N)cc3)c2-c2ccc(OC)cc2)cc1,6.3010
COc1ccc(-c2noc(CC(=O)Nc3ccc(-c4ccc(N)cc4)cc3)c2-c2ccc(OC)cc2)cc1,6.5229
CCCCC/C=C\C/C=C\C/C=C\C/C=C\CCCC(=O)Nc1ccc(-c2ccc(NC(=O)Cc3onc(-c4ccc(OC)cc4)c3-c3ccc(OC)cc3)cc2)cc1,7.0458
Cc1ccc(Nc2nc(/C=C/c3ccccc3)nc3ccccc23)cc1,4.3665
COc1ccc(Nc2nc(/C=C/c3ccccc3)nc3ccccc23)cc1,4.4283
Fc1ccc(Nc2nc(/C=C/c3ccccc3)nc3ccccc23)cc1F,4.9957
COc1ccc(-n2nc(-c3ccco3)cc2N)cc1,4.5143
COC(=O)CC1N(C(=O)Nc2cccc(Cl)c2)C(=O)c2ccccc2S1(=O)=O,3.9751
Cc1csc(NC(=O)N2C(=O)c3ccccc3S(=O)(=O)C2C)n1,3.5349
COC(=O)CC1N(C(=O)Nc2nc3ccccc3s2)C(=O)c2ccccc2S1(=O)=O,3.7765
COC(=O)CC1N(C(=O)Nc2nnc(C)s2)C(=O)c2ccccc2S1(=O)=O,3.0970
COC(=O)CC1NC(=O)c2ccccc2S1(=O)=O,3.5594
COC(=O)CC1N(C(=O)Nc2cccc(C)n2)C(=O)c2ccccc2S1(=O)=O,3.5403
COC(=O)CC1N(C(=O)Nc2ccccn2)C(=O)c2ccccc2S1(=O)=O,3.6633
COC(=O)CC1N(C(=O)Nc2ccccc2)C(=O)c2ccccc2S1(=O)=O,3.3513
COC(=O)CC1N(C(=O)Nc2nccs2)C(=O)c2ccccc2S1(=O)=O,3.3375
CC1NC(=O)c2ccccc2S1(=O)=O,3.3727
COC(=O)CC1N(C(=O)Nc2ncc(C)s2)C(=O)c2ccccc2S1(=O)=O,3.7122
CC1N(C(=O)Nc2nccs2)C(=O)c2ccccc2S1(=O)=O,3.9385
Cc1cnc(NC(=O)N2C(=O)c3ccccc3S(=O)(=O)C2C)s1,3.5585
CC1N(C(=O)Nc2ccccn2)C(=O)c2ccccc2S1(=O)=O,4.1146
Cc1cccc(NC(=O)N2C(=O)c3ccccc3S(=O)(=O)C2C)n1,3.3055
CC1N(C(=O)Nc2ccccc2)C(=O)c2ccccc2S1(=O)=O,3.4943
CC1N(C(=O)Nc2cccc(Cl)c2)C(=O)c2ccccc2S1(=O)=O,4.0052
COc1ccc(NC(=O)N2C(=O)c3ccccc3S(=O)(=O)C2C)cc1,3.6430
COC(=O)CC1N(C(=O)Nc2nc(C)cs2)C(=O)c2ccccc2S1(=O)=O,4.7190
Fc1cccc(COc2nc3ccccc3s2)c1,6.5528
Fc1ccc(COc2nc3ccccc3s2)cc1,6.4318
Clc1ccc(COc2nc3ccccc3s2)cc1,6.1135
Brc1ccc(OCCOc2nc3ccccc3s2)cc1,6.3010
Clc1ccc(OCCOc2nc3ccccc3s2)c(Cl)c1,6.3872
Brc1ccc(OCCOc2nc3ccccc3s2)c(Br)c1,6.4437
CS(=O)(=O)c1ccc(-c2csc(N/N=C/c3cccc(O)c3)n2)cc1,6.8539
COc1ccc(O)c(/C=N/Nc2nc(-c3ccc(S(C)(=O)=O)cc3)cs2)c1,6.6716
COc1ccc(/C=N/Nc2nc(-c3ccc(S(C)(=O)=O)cc3)cs2)cc1O,6.7570
COc1cccc(/C=N/Nc2nc(-c3ccc(S(C)(=O)=O)cc3)cs2)c1OC,6.7352
COc1ccc(OC)c(/C=N/Nc2nc(-c3ccc(S(C)(=O)=O)cc3)cs2)c1,6.6216
COc1ccc(/C=N/Nc2nc(-c3ccc(S(C)(=O)=O)cc3)cs2)cc1OC,6.7100
C/C(=N\Nc1nc(-c2ccc(Cl)cc2)cs1)c1nnn(-c2ccc(C(=O)O)cc2)c1C,7.1549
C/C(=N\Nc1nc(-c2ccc(Cl)cc2)cs1)c1nnn(-c2ccc(S(N)(=O)=O)cc2)c1C,7.3979
C/C(=N\Nc1nc(-c2ccc(Cl)cc2)cs1)c1nnn(-c2ccc(S(=O)(=O)Nc3nccs3)cc2)c1C,7.3979
Cc1c(-c2nn(-c3ccccc3)cc2/C=N/O)nnn1-c1ccc(Cl)cc1,7.3010
Cc1c(-c2nn(-c3ccccc3)cc2/C=N/O)nnn1-c1ccc(F)cc1,7.3010
Cc1c(-c2nn(-c3ccccc3)cc2/C=N/O)nnn1-c1ccc(C(=O)O)cc1,7.3979
Cc1c(-c2nn(-c3ccccc3)cc2/C=N/O)nnn1-c1ccc(S(N)(=O)=O)cc1,7.3979
C/C(=N\Nc1nc(-c2ccc(Cl)cc2)cs1)c1nnn(-c2ccc(F)cc2)c1C,7.3010
CC(=O)c1nnn(-c2ccc(Cl)cc2)c1C,6.9208
CC(=O)c1nnn(-c2ccc(F)cc2)c1C,6.6383
CC(=O)c1nnn(-c2ccc(C(=O)O)cc2)c1C,6.3768
C/C(=N\NC(N)=O)c1nnn(-c2ccc(Cl)cc2)c1C,6.4949
C/C(=N\NC(N)=O)c1nnn(-c2ccc(F)cc2)c1C,6.5686
C/C(=N\NC(N)=O)c1nnn(-c2ccc(C(=O)O)cc2)c1C,6.5376
C/C(=N\NC(N)=S)c1nnn(-c2ccc(Cl)cc2)c1C,6.6198
CC(=O)c1nnn(-c2ccc(S(N)(=O)=O)cc2)c1C,6.2710
CC(=O)c1nnn(-c2ccc(S(=O)(=O)Nc3nccs3)cc2)c1C,6.5376
C/C(=N\NC(N)=O)c1nnn(-c2ccc(S(N)(=O)=O)cc2)c1C,6.3768
C/C(=N\NC(N)=O)c1nnn(-c2ccc(S(=O)(=O)Nc3nccs3)cc2)c1C,6.4685
C/C(=N\NC(N)=S)c1nnn(-c2ccc(F)cc2)c1C,7.1549
C/C(=N\NC(N)=S)c1nnn(-c2ccc(C(=O)O)cc2)c1C,7.3010
C/C(=N\NC(N)=S)c1nnn(-c2ccc(S(N)(=O)=O)cc2)c1C,7.3010
C/C(=N\NC(N)=S)c1nnn(-c2ccc(S(=O)(=O)Nc3nccs3)cc2)c1C,7.3010
C/C(=N\Nc1nc(-c2ccc(Cl)cc2)cs1)c1nnn(-c2ccc(Cl)cc2)c1C,7.2218
NS(=O)(=O)c1ccc(-n2nc(NC(=O)NCCCC(=O)O)cc2-c2ccccc2)cc1,5.7011
NS(=O)(=O)c1ccc(-n2nc(NC(=O)NCCCCCCCCCCC(=O)O)cc2-c2ccccc2)cc1,5.6615
CCOC(=O)C1CCN(C(=O)Nc2cc(-c3ccccc3)n(-c3ccc(S(N)(=O)=O)cc3)n2)CC1,5.5391
NS(=O)(=O)c1ccc(-n2nc(NC(=O)Nc3ccc(C(F)(F)F)cc3)cc2-c2ccccc2)cc1,5.9066
NS(=O)(=O)c1ccc(-n2nc(NC(=O)NC34CC5CC(CC(C5)C3)C4)cc2-c2ccccc2)cc1,5.7328
NS(=O)(=O)c1ccc(-n2nc(NC(=O)NC3CCCCC3)cc2-c2ccccc2)cc1,5.6925
NS(=O)(=O)c1ccc(-n2nc(C(=O)NC3CCCCC3)cc2-c2ccccc2)cc1,5.6055
NS(=O)(=O)c1ccc(-n2nc(C(=O)NC34CC5CC(CC(C5)C3)C4)cc2-c2ccccc2)cc1,5.6676
NS(=O)(=O)c1ccc(-n2nc(C(=O)Nc3ccc(C(F)(F)F)cc3)cc2-c2ccccc2)cc1,5.6882
CCOC(=O)C1CCN(C(=O)c2cc(-c3ccccc3)n(-c3ccc(S(N)(=O)=O)cc3)n2)CC1,5.3851
NS(=O)(=O)c1ccc(-n2nc(C(=O)NCCCCCCCCCCC(=O)O)cc2-c2ccccc2)cc1,5.5171
NS(=O)(=O)c1ccc(-n2nc(C(=O)NCCCC(=O)O)cc2-c2ccccc2)cc1,5.3979
Cc1cnc(OCC(C)(C)O)c(-c2ccc(S(C)(=O)=O)cc2)c1,5.4600
CCc1cnc(OCC(C)(C)O)c(-c2ccc(S(C)(=O)=O)cc2)c1,5.7559
CCCCOc1nc(OCC(C)(C)O)c(-c2ccc(S(C)(=O)=O)cc2)cc1CO,6.9869
COCCOc1nc(OCC(C)(C)O)c(-c2ccc(S(C)(=O)=O)cc2)cc1CO,5.1351
CCCCOc1nc(OCC(C)(C)O)c(-c2ccc(S(C)(=O)=O)cc2)cc1C(C)O,5.6308
CCCCOc1nc(OCC(C)(C)O)c(-c2ccc(S(C)(=O)=O)cc2)cc1C(C)(C)O,5.9172
CCCCOc1nc(OCC(C)(C)O)c(-c2ccc(S(C)(=O)=O)cc2)cc1COCCO,6.2676
CCCCOc1nc(-c2ccc(F)cc2)c(-c2ccc(S(C)(=O)=O)cc2)cc1CO,7.3098
CCCCOc1nc(OCC2COC2)c(-c2ccc(S(C)(=O)=O)cc2)cc1CO,7.4437
CCCCOc1nc(OCC2(O)COC2)c(-c2ccc(S(C)(=O)=O)cc2)cc1CO,5.8794
CCCCOc1nc(OCC2(C)COC2)c(-c2ccc(S(C)(=O)=O)cc2)cc1CO,6.6778
CCCCOc1nc(OCC2(O)CCC2)c(-c2ccc(S(C)(=O)=O)cc2)cc1CO,7.1763
CC(C)(O)COc1nc(OCCC(F)(F)F)c(CO)cc1-c1ccc(S(C)(=O)=O)cc1,6.5935
CC(C)(O)COc1nc(OCCCC(F)(F)F)c(CO)cc1-c1ccc(S(C)(=O)=O)cc1,6.7850
CCCCOc1nc(OCC(C)(C)O)c(-c2ccc(S(N)(=O)=O)cn2)cc1CO,6.4925
COc1nc(OCC(C)(C)O)c(-c2ccc(S(C)(=O)=O)cc2)cc1CO,4.7670
CC(C)Oc1nc(OCC(C)(C)O)c(-c2ccc(S(C)(=O)=O)cc2)cc1CO,5.3872
CCCOc1nc(OCC(C)(C)O)c(-c2ccc(S(C)(=O)=O)cc2)cc1CO,6.0757
Cc1ccc(-c2cc(C)n(S(=O)(=O)Oc3ccccc3)n2)cc1,8.9586
Cc1ccc(-c2cc(C)n(S(=O)(=O)Oc3ccc(I)cc3)n2)cc1,8.0362
Cc1ccc(-c2cc(C)n(S(=O)(=O)Oc3ccccc3I)n2)cc1,7.0362
Cc1ccc(-c2cc(C)n(S(=O)(=O)Oc3ccccc3Cl)n2)cc1,6.2757
Cc1cc(-c2ccc(Br)cc2)nn1S(=O)(=O)Oc1ccccc1,6.6990
Cc1ccccc1-c1cc(C)n(S(=O)(=O)Oc2ccccc2)n1,4.9535
Cc1cc(-c2cccc(Cl)c2)nn1S(=O)(=O)Oc1ccccc1,6.9586
Cc1cc(-c2ccccn2)nn1S(=O)(=O)Oc1ccccc1,7.0000
Cc1cc(-c2ccccn2)nn1S(=O)(=O)Oc1ccc(Cl)cc1,8.2366
Cc1cc(-c2ccco2)nn1S(=O)(=O)Oc1ccccc1,7.5086
CC(C)Oc1ccc2nc(O)c(/C=N/n3c(=S)[nH]nc(Cc4ccccc4)c3=O)cc2c1,6.4949
Cc1ccc2nc(O)c(/C=N/n3c(=S)[nH]nc(Cc4ccccc4)c3=O)cc2c1,6.5528
COc1ccc2cc(/C=N/n3c(=S)[nH]nc(Cc4ccccc4)c3=O)c(O)nc2c1,7.1367
O=c1c(Cc2ccccc2)n[nH]c(=S)n1/N=C/c1cc2ccccc2nc1O,7.2676
O=c1c(Cc2ccccc2)n[nH]c(=S)n1/N=C/c1cc2cc(OCc3ccccc3)ccc2nc1O,7.3279
COc1ccc2nc(O)c(/C=N/n3c(=S)[nH]nc(Cc4ccccc4)c3=O)cc2c1,7.1675
COc1cc(Cc2n[nH]c(=S)n(/N=C/c3cc4ccc(OCc5ccccc5)cc4nc3Cl)c2=O)cc(OC)c1OC,6.9208
COc1cc(Cc2n[nH]c(=S)n(/N=C/c3cc4cccc(C)c4nc3Cl)c2=O)cc(OC)c1OC,6.7959
COc1cc(Cc2n[nH]c(=S)n(/N=C/c3cc4cc(C)ccc4nc3O)c2=O)cc(OC)c1OC,7.1871
COc1ccc2cc(/C=N/n3c(=S)[nH]nc(Cc4cc(OC)c(OC)c(OC)c4)c3=O)c(O)nc2c1,7.0132
COc1ccc2nc(O)c(/C=N/n3c(=S)[nH]nc(Cc4cc(OC)c(OC)c(OC)c4)c3=O)cc2c1,7.2218
COc1cc(Cc2n[nH]c(=S)n(/N=C/c3cc4cc(C)ccc4nc3O)c2=O)ccc1O,7.0706
Cc1ccc2nc(O)c(/C=N/n3c(=S)[nH]nc(Cc4cccs4)c3=O)cc2c1,6.9586
O=c1c(Cc2cccs2)n[nH]c(=S)n1/N=C/c1cc2ccccc2nc1O,7.1024
COc1ccc2ccc(F)c(CC(=O)N/N=C/c3ccc(C(F)(F)F)cc3)c2n1,6.8861
COc1ccc(-c2cc(-c3nnc(SC/C(=N/O)c4ccccc4)n3-c3ccccc3)c3ccccc3n2)cc1,5.7959
COc1ccc(/C=C\C(=O)c2cc(-n3cc(CN4C(=O)C(=O)c5ccccc54)nn3)ccc2O)cc1,7.4318
O=C1N/C(=N\c2nnc(-c3ccc(O)cc3)s2)S/C1=C\c1ccccc1,7.1127
O=C(NCCc1c[nH]c2ccccc12)c1ccccc1Nc1ccccc1F,5.3737
Nc1ccccc1Nc1ccccc1C(=O)NCCc1c[nH]c2ccccc12,5.9172
Cc1cccc(Nc2ccccc2C(=O)NCCc2c[nH]c3ccccc23)c1,4.5092
O=C(NCCc1c[nH]c2ccccc12)c1ccccc1Nc1ccc(F)cc1,5.6091
O=C(NCCc1c[nH]c2ccccc12)c1ccccc1Nc1ccc(Cl)cc1,5.4001
O=C(NCCc1c[nH]c2ccccc12)c1ccccc1Nc1ccc(Br)cc1,5.2457
Cc1ccc(Nc2ccccc2C(=O)NCCc2c[nH]c3ccccc23)cc1,5.2248
COc1ccc(Nc2ccccc2C(=O)NCCc2c[nH]c3ccccc23)cc1,5.2069
CN(C)c1ccc(Nc2ccccc2C(=O)NCCc2c[nH]c3ccccc23)cc1,5.8447
COc1cc(Nc2ccccc2C(=O)NCCc2c[nH]c3ccccc23)cc(OC)c1OC,5.0814
O=C(NCCc1c[nH]c2ccccc12)c1ccccc1Nc1cccnc1,4.6258
Cc1ccc(Nc2ccccc2C(=O)NCCc2c[nH]c3ccccc23)cn1,4.7077
Cc1ncccc1Nc1ccccc1C(=O)NCCc1c[nH]c2ccccc12,5.7077
O=C(NCCc1c[nH]c2ccccc12)c1ccccc1Nc1cccnc1Cl,5.5287
Cc1cncc(Nc2ccccc2C(=O)NCCc2c[nH]c3ccccc23)c1,4.7533
CC1=C(CC(=O)O)c2cc(F)ccc2/C1=C\c1cccc(OCc2ccccc2)c1,3.5435
Cc1nc2oc(-c3ccccc3)nn2c(=O)c1CCN1CCCCC1,7.0044
COc1ccc(N2CCN(CCc3c(C)nc4oc(-c5ccccc5)nn4c3=O)CC2)cc1,8.1549
Cc1nc2oc(-c3ccc(Cl)cc3)nn2c(=O)c1CCN1CCN(c2ccccc2)CC1,7.3979
COc1ccc(N2CCN(CCc3c(C)nc4oc(-c5ccc(Cl)cc5)nn4c3=O)CC2)cc1,7.8239
O=C(O)c1cc(-c2ccc(C3CCNCC3)cc2)c2ccc(-c3ccc(C(F)(F)F)cc3)cc2c1,5.0600
CCOC(=O)Cn1nncc1CO[C@@H](C(=O)OCC)[C@@H](OCc1cnnn1CC(=O)OCC)C(=O)OCC,7.0000
CCOC(=O)[C@H](OCc1cnnn1[C@@H](CO)C(=O)OC)[C@@H](OCc1cnnn1[C@@H](CO)C(=O)OC)C(=O)OCC,6.3979
CCOC(=O)[C@H](OCc1cnnn1[C@@H](Cc1ccc(O)cc1)C(=O)OC)[C@@H](OCc1cnnn1[C@@H](Cc1ccc(O)cc1)C(=O)OC)C(=O)OCC,6.1549
CCOC(=O)[C@H](OCc1cnnn1[C@H](Cc1ccc(O)cc1)C(=O)OC)[C@@H](OCc1cnnn1[C@@H](Cc1ccc(O)cc1)C(=O)OC)C(=O)OCC,6.1549
CCOC(=O)[C@H](OCc1cnnn1[C@@H](Cc1c[nH]c2ccccc12)C(=O)OC)[C@@H](OCc1cnnn1[C@@H](Cc1c[nH]c2ccccc12)C(=O)OC)C(=O)OCC,6.3010
CCOC(=O)Cn1nncc1CO[C@@H](C(=O)OCC)[C@@H](O)C(=O)OCC,4.2596
CCOC(=O)[C@H](O)[C@@H](OCc1cnnn1[C@@H](CO)C(=O)OC)C(=O)OCC,4.3979
CCOC(=O)[C@H](O)[C@@H](OCc1cnnn1[C@@H](Cc1ccc(O)cc1)C(=O)OC)C(=O)OCC,4.4559
CCOC(=O)[C@H](O)[C@@H](OCc1cnnn1[C@@H](Cc1ccccc1)C(=O)OC)C(=O)OCC,4.4949
O=C(O)Cn1nncc1CO[C@@H](C(=O)O)[C@@H](OCc1cnnn1CC(=O)O)C(=O)O,8.3979
O=C(O)[C@H](OCc1cnnn1[C@@H](Cc1ccccc1)C(=O)O)[C@@H](OCc1cnnn1[C@@H](Cc1ccccc1)C(=O)O)C(=O)O,6.0000
CCOC(=O)Cn1nncc1COc1ccc2ccccc2c1-c1c(OCc2cnnn2CC(=O)OCC)ccc2ccccc12,4.6383
COC(=O)[C@H](CO)n1nncc1COc1ccc2ccccc2c1-c1c(OCc2cnnn2[C@@H](CO)C(=O)OC)ccc2ccccc12,4.5229
COC(=O)[C@H](Cc1ccc(O)cc1)n1nncc1COc1ccc2ccccc2c1-c1c(OCc2cnnn2[C@@H](Cc2ccc(O)cc2)C(=O)OC)ccc2ccccc12,5.8239
COC(=O)[C@H](Cc1ccccc1)n1nncc1COc1ccc2ccccc2c1-c1c(OCc2cnnn2[C@@H](Cc2ccccc2)C(=O)OC)ccc2ccccc12,4.2676
COC(=O)[C@H](Cc1c[nH]c2ccccc12)n1nncc1COc1ccc2ccccc2c1-c1c(OCc2cnnn2[C@@H](Cc2c[nH]c3ccccc23)C(=O)OC)ccc2ccccc12,5.5528
Cc1ccc(S(=O)(=O)n2cc(C(=O)C(=O)N[C@H](C(=O)NCC(=O)O)c3c[nH]c4ccccc34)c3ccccc32)cc1,6.2676
O=C1NC(=O)C(=Cc2cn(C[C@H](O)COc3cc(O)c4c(=O)cc(-c5ccccc5)oc4c3)c3ccccc23)C(=O)N1,9.0000
COc1cc(-c2cc(C(=O)CCCOc3ccc4ccc(=O)oc4c3)nn2-c2ccccc2)cc(OC)c1OC,6.6383
COc1ccc(-n2nc(CCC(=O)N(C)O)cc2-c2ccc(Cl)cc2)cc1,5.5452
COc1ccc(CNC(=O)c2ccccc2Nc2ccccc2)cc1,4.7587
COc1ccc(NC(=O)c2ccccc2Nc2cccc(Cl)c2C)cc1,4.4735
COc1ccc(NC(=O)c2ccccc2Nc2cccc(C)c2C)cc1OC,4.3176
COc1ccc(NC(=O)c2ccccc2Nc2cccc(Cl)c2C)cc1OC,4.0332
COc1cc(NC(=O)c2ccccc2Nc2cccc(Cl)c2C)cc(OC)c1OC,3.9302
Cc1c(Cl)cccc1Nc1ccccc1C(=O)Nc1ccc2c(c1)OCO2,4.3467
COc1ccc(NC(=O)c2ccccc2Nc2cccc(Cl)c2C)c(OC)c1,3.9390
O=C(Nc1ccc2c(c1)OCO2)c1ccccc1Nc1cccc(C(F)(F)F)c1,3.9786
Cc1c(Cl)cccc1Nc1ccccc1C(=O)O,6.0555
CC1=NN(c2cccc(Cl)c2)C(=O)/C1=C\c1cn(-c2nc(N3CCOCC3)nc(N3CCOCC3)n2)c2ccccc12,2.5229
COc1ccc(/C=C/C(=O)c2cc(-n3cc(CN4C(=O)C(=O)c5ccccc54)nn3)ccc2O)cc1,7.4318
O=C(c1ccc(-c2nc(CSc3nc4ccccc4s3)no2)cc1)N1CCOCC1,5.3010
NC(=O)c1ccc(-c2nc(CSc3nc4ccccc4s3)no2)cc1,5.1675
O=C(NCCc1c[nH]c2ccccc12)c1cc2cc(Cl)ccc2n1Cc1ccc(F)cc1,7.6326
O=C(c1cc2cc(Cl)ccc2n1Cc1ccc(F)cc1)N1CCN(c2ccccc2)CC1,7.6343
O=C(c1cc2ccccc2n1Cc1ccc(F)cc1)N1CCN(c2ncccn2)CC1,7.0337
O=C(c1nn(Cc2ccc(F)cc2)c2ccccc12)N1CCN(c2ncccn2)CC1,6.8678
Cc1c(C(=O)NN)nnn1-c1ccc(S(N)(=O)=O)cc1,5.5346
O=C1C[C@]23CC[C@H](O)[C@]2(COC3=O)c2c(O)ccc(O)c21,4.5935
COC1(c2cc(O)ccc2O)C=C(CC[C@@H]2C(C)(C)[C@@H]3CC[C@]2(C)O3)C(=O)O1,5.0017
C/C(=C/CC/C(C)=C/CC[C@]1(C(=O)O)CC(=O)c2cc(O)ccc2O1)C(=O)O,5.9788
C/C(=C\CC/C(C)=C/CCCC1(O)Oc2ccc(O)cc2C1=O)CO,5.8601
C/C(=C/CC/C(C)=C/CC/C(=C/C(=O)c1cc(O)ccc1O)C(=O)O)CO,5.4597
C/C(=C\CC/C(C)=C/C/C=C(/CC(=O)c1cc(O)ccc1O)C(=O)O)CO,5.3152
CC(C)=CCC/C(C)=C/CCC1=C[C@]2(OC1=O)c1cc(O)ccc1OC(=O)[C@]2(CC/C=C(\C)CCC=C(C)C)CC(=O)c1cc(O)ccc1O,5.8894
CC(C)=CCC/C(C)=C/CCC1=C[C@]2(OC1=O)c1cc(O)ccc1OC(=O)[C@@]2(CCC=C(C)C)CC(=O)c1cc(O)ccc1O,5.8894
CC(C)=CCCC1=C[C@]2(OC1=O)c1cc(O)ccc1OC(=O)[C@@]2(CC/C=C(\C)CCC=C(C)C)CC(=O)c1cc(O)ccc1O,5.8894
Cc1nn(-c2ccccc2)c(Cl)c1/C=N/Nc1nc2ccccc2[nH]c1=O,4.4949
Cc1nn(-c2ccccc2)c(N2CCOCC2)c1/C=N/Nc1nc2ccccc2nc1O,6.3010
Cc1nn(-c2ccccc2)c(N2CCCCC2)c1/C=N/Nc1nc2ccccc2nc1O,4.6576
Cc1nn(-c2ccccc2)c(N2CCNCC2)c1/C=N/Nc1nc2ccccc2nc1O,4.7959
CC(=O)N1CCN(c2c(/C=N/Nc3nc4ccccc4nc3O)c(C)nn2-c2ccccc2)CC1,6.3372
Cc1nn(-c2ccccc2)c(N2CCN(C)CC2)c1/C=N/Nc1nc2ccccc2nc1O,6.3188
Cc1nn(-c2ccccc2)c(N(C)C)c1/C=N/Nc1nc2ccccc2nc1O,6.3979
CC(C)OC(=O)[C@@H](Cn1cncn1)NC(=O)[C@@H](C)c1cccc(C(=O)c2ccccc2)c1,5.4672
CC(C)NC(=O)[C@@H](Cn1ccnc1)NC(=O)[C@@H](C)c1cccc(C(=O)c2ccccc2)c1,5.5200
COc1ccc2cc([C@H](C)C(=O)NC(Cn3cncn3)C(=O)c3ccccc3)ccc2c1,5.7077
N.O=C(O)c1cc(-c2ccc(CNc3ccc(Br)cc3)o2)ccc1O,4.4559
C#CCCCC(=O)Nc1ccc(C(=O)c2ccc(NCc3ccc(-c4ccc(O)c(C(=O)O)c4)o3)cc2)cc1.N,4.4437
CC(C)Cc1ccc(C([11CH3])C(=O)O)cc1,5.1427
COC(=O)C([11CH3])c1cccc(C(=O)c2ccccc2)c1,5.5376
COc1ccc(-c2nc(O[11CH3])nn2-c2ccc(OC)cc2)cc1,6.0000
COc1ccc(-n2nc(OCC(F)(F)F)nc2-c2ccc(O[11CH3])cc2)cc1,6.0000
[2H]C([2H])([18F])Oc1nc(-c2ccc(OC)cc2)n(-c2ccc(OC)cc2)n1,6.0757
[11CH3]Oc1ccc(-c2cc(C(F)(F)F)nn2-c2ccc(S(N)(=O)=O)cc2)cc1,8.0969
Cc1ccc(-n2nc(C(F)(F)F)cc2-c2ccc(S(=O)(=O)Nc3ccc([18F])cc3)cc2)cc1,6.4437
NS(=O)(=O)c1ccc(-n2nc(C(F)(F)F)c([18F])c2-c2ccccc2)cc1,8.7696
CS(=O)(=O)c1ccc(-n2c(-c3ccc(O[11CH3])c(F)c3)cnc2Cl)cc1,8.3010
[11CH3]Oc1ccc(-c2c(-c3ccc(S(N)(=O)=O)cc3)[nH]c3ccccc23)cc1,11.2218
NS(=O)(=O)c1ccc(-n2nc3ccccc3c2-c2ccc([18F])cc2)cc1,6.3979
[11CH3]S(=O)(=O)c1ccc(C2=C(c3ccccc3)C(=O)OC2)cc1,7.7447
[11CH3]Oc1ccc(-c2cnc(Cl)n2-c2ccc(S(N)(=O)=O)cc2)cc1F,8.3979
CS(=O)(=O)c1ccc(-c2cc(C(F)(F)F)nc(NCc3ccc([18F])cc3)n2)cc1,7.3979
CS(=O)(=O)c1ccc(-c2cc(O[11CH3])nc(NCc3cccs3)n2)cc1,9.0000
COc1ccc2c(CO)cn(C)c2c1C(=O)NCC(F)(F)F,5.0605
Cc1cc2ccn(C)c2c(C(=O)OCC(F)(F)F)c1O,3.7270
Cn1ccc2cc(CCCO)c(O)c(C(=O)OCC(F)(F)F)c21,3.6251
Cc1c(Nc2ccc(S(=O)(=O)N3CCN(C)CC3)cc2F)nc2ccc(Nc3cnn(C4CC4)c3)cn2c1=O,6.0969
C[C@H](C(=O)OC(Cn1ccnc1)c1ccc(F)cc1)c1ccc(-c2ccccc2)c(F)c1,5.4248
C[C@H](C(=O)N(C)CC(O)(Cn1ccnc1)c1ccc(Cl)cc1)c1ccc(-c2ccccc2)c(F)c1,5.6402
C[C@H](C(=O)N(C)CC(O)(Cn1ccnc1)c1ccc(Cl)cc1Cl)c1cccc(C(=O)c2ccccc2)c1,5.7144
Cc1ccc(Sc2ccccc2N2CCNCC2)c(C)c1,8.5072
O=c1c(/C=N/Nc2ccc(C(F)(F)F)cc2)coc2c1ccc1oc(-c3ccc(Cl)cc3)cc12,4.9915
CC(C)CC(=O)NC[C@H](O)CC[C@@H](CO)NC(=O)c1nc2ccccc2cc1O,5.6778
CC(C)CC(=O)NC[C@H]1CC[C@H](NC(=O)c2nc3ccccc3cc2O)[C@H](O)O1,5.8539
CC1=NNC(=O)/C1=N/Nc1cccc(-c2nc3ccccc3s2)c1,7.0000
CC(=O)N1N=C(C)/C(=N\Nc2cccc(-c3nc4ccccc4s3)c2)C1=O,7.0000
CC1=NN(c2ccccc2)C(=O)/C1=N/Nc1cccc(-c2nc3ccccc3s2)c1,7.0000
COc1ccc2ccc(F)c(CC(=O)N/N=C/c3cccc(C(F)(F)F)c3)c2n1,6.8861
Cc1cc(-c2ccccc2)n(-c2nc3c(cnn3-c3ccccc3)c(=O)n2-c2ccccc2)n1,6.0605
Nc1cc(-c2ccccc2)nn1-c1nc2c(cnn2-c2ccccc2)c(=O)n1-c1ccccc1,6.2676
CCOC(=O)c1c(SC)nn(C(=O)CSc2nnc(CCCOc3ccc(C)cc3C(=O)c3ccc(F)cc3)o2)c1N,7.0000
CCCOC(=O)c1nc2c(cnn2-c2ccccc2)c(=O)[nH]1,4.5031
C[C@H](NC(=O)c1nc2c(cnn2-c2ccccc2)c(=O)[nH]1)c1ccccc1,4.7776
O=C1NC(=O)C(=NNc2cccc(-c3nc4ccccc4[nH]3)c2)C(=O)N1,5.1267
O=C1c2ccccc2C(=O)N1c1nc2cc([N+](=O)[O-])ccc2n1Cc1ccc(-c2ccccc2)cc1,6.0000
C=C1c2nc3ccccc3n2CC(c2ccc(S(C)(=O)=O)cc2)N1c1ccc(C)cc1,7.1549
C=C1c2nc3ccccc3n2CC(c2ccc(S(C)(=O)=O)cc2)N1c1cc(OC)c(OC)c(OC)c1,6.9586
CC(=O)N1N=C(C)/C(=N\Nc2cccc(-c3nc4ccccc4[nH]3)c2)C1=O,6.9208
CC1=NN(c2ccccc2)C(=O)/C1=N/Nc1cccc(-c2nc3ccccc3[nH]2)c1,6.7696
COc1c2occc2c(OC)c2c(C)c(/C(=N/c3cc(N4CCNCC4)nc(N4CCNCC4)n3)N3CCNCC3)oc12,7.3768
COc1ccc(N2C(=O)/C(=C/c3cn(-c4ccc(S(C)(=O)=O)cc4)nc3-c3cccc(Cl)c3)NC2=S)cc1,6.2518
CS(=O)(=O)c1ccc(-n2cc(/C=C3\NC(=S)N(c4ccccc4)C3=O)c(-c3ccccc3)n2)cc1,6.2218
NS(=O)(=O)c1ccc(-n2nc(C(=O)NNC(=O)c3cccc(C(F)(F)F)c3)cc2-c2ccccc2)cc1,6.2840
CS(=O)(=O)c1ccc(-n2cc(/C=N/Nc3ccc(S(N)(=O)=O)cc3)c(-c3ccc(Br)cc3)n2)cc1,6.3768
NS(=O)(=O)c1ccc(N/N=C/c2cn(-c3ccc(S(N)(=O)=O)cc3)nc2-c2ccc(Cl)cc2)cc1,6.4089
COc1ccc(NCc2nc3ccccc3n2C(=O)c2ccccc2)cc1,5.1192
O=C1/C(=N\Nc2ccccc2Br)C(Nc2ccccc2F)=NN1CNc1ccccc1,7.3188
COc1ccc(N/N=C2\C(=O)N(CNc3c(C)cccc3C)N=C2Nc2ccccc2F)cc1,7.3372
CC1=C(c2ccc(C(=O)NNC(=S)Nc3ccccc3)cn2)SC2Nc3ccccc3N12,6.3449
O=C(NNC(=S)NCc1ccccc1)c1ccc(C2=CN3c4ccccc4NC3S2)nc1,7.7820
Cc1nn(-c2ccccc2)c2c1C(c1ccccc1[N+](=O)[O-])C(C#N)=C(/N=C/c1ccccc1)O2,0.7126
Cc1ccc(N/N=C2\C(=N)N(c3ccc(S(N)(=O)=O)cc3)N=C2N)cc1,6.1739
N=C1/C(=N\Nc2ccc(Cl)cc2)C(N)=NN1c1ccc(S(N)(=O)=O)cc1,6.2366
CSc1nn(-c2ccc(S(C)(=O)=O)cc2)c2ncnc(NCC(=O)/N=C/c3ccco3)c12,7.0000
CCOc1cc(C)nn1C(=O)CNc1ncnc2c1c(C)nn2-c1ccccc1,6.7959
COc1ccc(/C=C2/SC(=S)C(Nc3nc4c(cnn4-c4ccccc4)c(=O)n3-c3ccccc3)C2=O)cc1OC,6.2699
Cc1c(-c2ccccc2)n(C(=O)c2ccccc2)c2ccc(S(C)(=O)=O)cc12,5.0980
Cc1c(-c2ccccc2)n(C(=O)c2ccc(Cl)cc2)c2ccc(S(C)(=O)=O)cc12,5.7825
CS(=O)(=O)c1ccc(-c2cc3ccccc3n2Cc2ccc(Cl)cc2)cc1,6.9586
CS(=O)(=O)c1ccc(-c2cc3cc(F)ccc3n2Cc2ccc(Cl)cc2)cc1,6.8239
COc1ccc(-c2nc3c(C(N)=O)cccc3[nH]2)cc1,4.9370
Clc1ccccc1-c1nnc(Cn2c(CN3CCOCC3)nc3ccccc32)o1,5.0969
Cc1ccccc1-c1nnc(Cn2c(CN3CCOCC3)nc3ccccc32)o1,4.9431
CC(=O)N1NC(c2ccccc2)=CC1c1nnc2n(Cc3ccccc3)c(=O)c3c4c(sc3n12)CCCC4,6.2676
COc1ccc(C2=NNC(S)C2N(CN2C(=O)/C(=C\c3nnc(-c4ccc(-c5ccc(OC)cc5)cc4)s3)c3ccccc32)C(=O)c2ccccc2)cc1,4.2749
CC(=O)N(CN1C(=O)/C(=C\c2nnc(-c3ccc(-c4ccncc4)cc3)s2)c2ccccc21)C1C(c2ccc(O)cc2)=NNC1S,4.1480
COc1ccc(-c2nc(-c3cn(C)c4ccccc34)c(C(=O)c3ccc(C#N)cc3)s2)cc1OC,5.6778
O=Cc1ccc(O)c(O)c1,4.7055
O=C(O)c1ccc(O)c(O)c1,4.5952
COc1cc(C(=O)O)cc(O)c1O,4.6308
Cc1ccc(-c2nc(N(c3ccccc3)c3ccccc3)sc2C(=O)c2cccs2)cc1,7.0458
O=C(c1sc(N(c2ccccc2)c2ccccc2)nc1-c1ccc([N+](=O)[O-])cc1)c1cccc2ccccc12,7.1549
O=C(/N=C1\SC=C(c2ccc([N+](=O)[O-])cc2)C1c1ccccc1)c1cccc2ccccc12,7.0969
CCc1cc(OC)c(OC)c(OC)c1,6.7447
N#Cc1c(-c2ccc(Cl)cc2)csc1NC(=O)CN1CCOCC1,5.2636
O=C1/C(=C/c2ccc(Cl)cc2)N=C(c2ccccc2)N1c1ccc(-c2nc3ccccc3o2)cc1,6.6021
COc1cccc(/C=c2\c(=O)[nH]n3c(=O)c4ccccc4nc23)c1,6.3114
COc1ccc(/C=c2\c(=O)[nH]n3c(=O)c4ccccc4nc23)cc1OC,6.5462
COc1cc(/C=c2\c(=O)[nH]n3c(=O)c4ccccc4nc23)cc(OC)c1OC,7.3279
N=C1/C(=N\Nc2ccc(S(N)(=O)=O)cc2)C(N)=NN1c1ccccc1C(=O)O,5.9508
N=C1/C(=N\Nc2ccc(S(N)(=O)=O)cc2)C(N)=NN1c1ccc(S(N)(=O)=O)cc1,6.0362
CC1=NN(c2ccc(S(N)(=O)=O)cc2)C(=O)/C1=N/Nc1ccc(C(=O)O)cc1,6.1135
CC1=NN(c2ccccc2C(=O)O)C(=O)/C1=N/Nc1ccc(S(N)(=O)=O)cc1,6.1427
CC1=NN(c2ccc(S(N)(=O)=O)cc2)C(=O)/C1=N/Nc1ccc(S(N)(=O)=O)cc1,6.1805
CCc1ccc(-c2ccc(-n3cc(CNC(=O)C(=O)c4c[nH]c5ccccc45)nn3)cc2)cc1,6.9208
CC(=O)OC[C@@H]1O[C@@H](n2cc(CNC(=O)C(=O)c3cn(S(=O)(=O)c4ccc(C)cc4)c4ccccc34)nn2)[C@H](OC(C)=O)[C@@H](OC(C)=O)[C@H]1OC(C)=O,6.9208
CON(C)C(=O)c1ccc(-c2nc(CSc3nc4ccccc4s3)no2)cc1,5.1192
O=C(NC1CCCCC1)c1cc(/N=C/c2cc(O)ccc2O)ccc1O,6.9586
CCCCNC(=O)c1cc(NCc2cc(O)ccc2O)ccc1O,7.0000
CCCCCCNC(=O)c1cc(NCc2cc(O)ccc2O)ccc1O,7.0000
O=C(NC1CCCCC1)c1cc(NCc2cc(O)ccc2O)ccc1O,7.0000
COc1cc(O)cc(/C=C/c2ccc(O)cc2)c1,6.6021
CC1=CCCC2C1(C)CCC(C)C2(C)CC/C(=C\C(=O)O)CO,7.8962
C=C1CCCC2C1(C)CCC(C)C2(C)CCC1=CC(=O)OC1O,8.0711
CC1=CCCC2C1(C)CCC(C)C2(C)CCC1=CC(=O)OC1O,7.9855
C=C1C(O)CCC2C1(C)CCC(C)C2(C)CCC1=CC(=O)OC1O,7.8921
O=c1/c(=C/c2cccc(O)c2)sc2nc(C34CC5CC(CC(C5)C3)C4)nn12,4.3010
COc1cc(/C=c2\sc3nc(C45CC6CC(CC(C6)C4)C5)nn3c2=O)ccc1O,4.3010
CN1C/C(=C\c2cccs2)C2=NN(c3ccccc3)C(c3cccs3)C2C1,8.6990
CN1C/C(=C\c2ccc(Br)s2)C2=NN(c3ccccc3)C(c3ccc(Br)s3)C2C1,8.6990
CN1C/C(=C\c2ccc(Cl)s2)C2=NN(c3ccccc3)C(c3ccc(Cl)s3)C2C1,8.6990
CN1C/C(=C\c2ccc(F)s2)C2=NN(c3ccccc3)C(c3ccc(F)s3)C2C1,8.6990
Cc1ccc(/C=C2\CN(C)CC3C2=NN(c2ccccc2)C3c2ccc(C)s2)s1,8.6990
CN1C/C(=C\c2ccc(O)s2)C2=NN(c3ccccc3)C(c3ccc(O)s3)C2C1,8.6990
CCc1ccc(/C=C2\CN(C)CC3C2=NN(c2ccccc2)C3c2ccc(CC)s2)s1,8.6990
CN1C/C(=C\c2ccc([N+](=O)[O-])s2)C2=NN(c3ccccc3)C(c3ccc([N+](=O)[O-])s3)C2C1,8.6990
Cc1sc(/C=C2\CN(C)CC3C2=NN(c2ccccc2)C3c2cc(Br)c(C)s2)cc1Br,8.6990
Cc1csc(/C=C2\CN(C)CC3C2=NN(c2ccccc2)C3c2cc(C)cs2)c1,8.6990
Cc1sc(/C=C2\CN(C)CC3C2=NN(c2ccccc2)C3c2cc(F)c(C)s2)cc1F,8.6990
C/C(=C/C(=O)Nc1nccs1)Nc1ccccc1,7.0458
COc1ccc(N/C(C)=C\C(=O)Nc2nccs2)cc1,7.0458
C/C(=C/C(=O)Nc1nccs1)Nc1ccc(Cl)cc1,7.0458
O=C(c1cccs1)c1sc(N2CCOCC2)nc1-c1ccccc1,7.0458
O=C(c1cccs1)c1sc(N2CCOCC2)nc1-c1ccc(F)cc1,7.0458
O=C(c1cccs1)c1sc(N2CCOCC2)nc1-c1ccc(C(F)(F)F)cc1,7.0458
N#Cc1ccc(-c2nc(N3CCOCC3)sc2C(=O)c2cccs2)cc1,7.0458
Cc1ccc(-c2nc(N3CCOCC3)sc2C(=O)c2cccs2)cc1,7.0458
O=C(c1cccs1)c1sc(N2CCOCC2)nc1-c1ccc([N+](=O)[O-])cc1,7.0458
O=C(c1cccs1)c1sc(N(c2ccccc2)c2ccccc2)nc1-c1ccccc1,7.0458
O=C(c1cccs1)c1sc(N(c2ccccc2)c2ccccc2)nc1-c1ccc(F)cc1,7.0458
O=C(c1cccs1)c1sc(N(c2ccccc2)c2ccccc2)nc1-c1ccc(C(F)(F)F)cc1,7.0458
N#Cc1ccc(-c2nc(N(c3ccccc3)c3ccccc3)sc2C(=O)c2cccs2)cc1,7.0458
O=C(c1cccs1)c1sc(N(c2ccccc2)c2ccccc2)nc1-c1ccc([N+](=O)[O-])cc1,7.0458
O=C(c1cccs1)c1sc(Nc2ccccc2)nc1-c1ccc(F)cc1,7.0458
O=C(/N=c1/scc(-c2ccccc2)n1-c1ccccc1)c1cccs1,7.0458
O=C(/N=c1\scc(-c2ccc(F)cc2)n1-c1ccccc1)c1cccs1,7.0458
O=C(/N=c1\scc(-c2ccc(C(F)(F)F)cc2)n1-c1ccccc1)c1cccs1,7.0458
N#Cc1ccc(-c2cs/c(=N\C(=O)c3cccs3)n2-c2ccccc2)cc1,7.0458
Cc1ccc(-c2cs/c(=N\C(=O)c3cccs3)n2-c2ccccc2)cc1,7.0458
O=C(/N=c1\scc(-c2ccc([N+](=O)[O-])cc2)n1-c1ccccc1)c1cccs1,7.0458
CCOP(=O)(OCC)C(NC(=O)c1cc(-c2cccc3ccccc23)n(-c2ccc(S(N)(=O)=O)cc2)n1)c1ccccc1OC,6.6576
CCOP(=O)(OCC)C(NC(=O)c1cc(-c2cccc3ccccc23)n(-c2ccccc2F)n1)c1ccccc1,6.6576
CCOP(=O)(OCC)C(NC(=O)c1cc(-c2cccc3ccccc23)n(-c2ccccc2F)n1)c1ccc(Cl)cc1,6.6576
CCOP(=O)(OCC)C(NC(=O)c1cc(-c2cccc3ccccc23)n(-c2ccccc2F)n1)c1ccc(Br)cc1,6.6576
CCOP(=O)(OCC)C(NC(=O)c1cc(-c2cccc3ccccc23)n(-c2ccccc2F)n1)c1ccc(OC)cc1,6.6576
CCOP(=O)(OCC)C(NC(=O)c1cc(-c2cccc3ccccc23)n(-c2ccccc2F)n1)c1ccccc1OC,6.6576
CCOP(=O)(OCC)C(NC(=O)c1cc(-c2cccc3ccccc23)n(-c2ccc(F)cc2)n1)c1ccccc1,6.6576
CCOP(=O)(OCC)C(NC(=O)c1cc(-c2cccc3ccccc23)n(-c2ccc(F)cc2)n1)c1ccc(Cl)cc1,6.6576
CCOP(=O)(OCC)C(NC(=O)c1cc(-c2cccc3ccccc23)n(-c2ccc(F)cc2)n1)c1ccc(Br)cc1,6.6576
CCOP(=O)(OCC)C(NC(=O)c1cc(-c2cccc3ccccc23)n(-c2ccc(F)cc2)n1)c1ccc(OC)cc1,6.6576
CCOP(=O)(OCC)C(NC(=O)c1cc(-c2cccc3ccccc23)n(-c2ccc(F)cc2)n1)c1ccccc1OC,6.6576
CCOP(=O)(OCC)C(NC(=O)c1cc(-c2cccc3ccccc23)n(-c2ccc(Br)cc2)n1)c1ccccc1,6.6576
CCOP(=O)(OCC)C(NC(=O)c1cc(-c2cccc3ccccc23)n(-c2ccc(Br)cc2)n1)c1ccc(Cl)cc1,6.6576
CCOP(=O)(OCC)C(NC(=O)c1cc(-c2cccc3ccccc23)n(-c2ccc(Br)cc2)n1)c1ccc(Br)cc1,6.6576
CCOP(=O)(OCC)C(NC(=O)c1cc(-c2cccc3ccccc23)n(-c2ccc(Br)cc2)n1)c1ccc(OC)cc1,6.6576
CCOP(=O)(OCC)C(NC(=O)c1cc(-c2cccc3ccccc23)n(-c2ccc(Br)cc2)n1)c1ccccc1OC,6.6576
CCOP(=O)(OCC)C(NC(=O)c1cc(-c2cccc3ccccc23)n(-c2ccc(S(N)(=O)=O)cc2)n1)c1ccccc1,6.6576
CCOP(=O)(OCC)C(NC(=O)c1cc(-c2cccc3ccccc23)n(-c2ccc(S(N)(=O)=O)cc2)n1)c1ccc(Cl)cc1,6.6576
CCOP(=O)(OCC)C(NC(=O)c1cc(-c2cccc3ccccc23)n(-c2ccc(S(N)(=O)=O)cc2)n1)c1ccc(Br)cc1,6.6576
CCOP(=O)(OCC)C(NC(=O)c1cc(-c2cccc3ccccc23)n(-c2ccc(S(N)(=O)=O)cc2)n1)c1ccc(OC)cc1,6.6576
CCOP(=O)(OCC)C(NC(=O)c1cc(-c2ccsc2)n(-c2ccc(S(N)(=O)=O)cc2)n1)c1ccccc1OC,6.6576
CCOP(=O)(OCC)C(NC(=O)c1cc(-c2cccs2)n(-c2ccc(S(N)(=O)=O)cc2)n1)c1ccccc1OC,6.6576
CCOP(=O)(OCC)C(NC(=O)c1cc(-c2ccsc2)n(-c2ccc(S(N)(=O)=O)cc2)n1)c1ccccc1,6.6576
CCOP(=O)(OCC)C(NC(=O)c1cc(-c2ccsc2)n(-c2ccc(S(N)(=O)=O)cc2)n1)c1ccc(Cl)cc1,6.6576
CCOP(=O)(OCC)C(NC(=O)c1cc(-c2ccsc2)n(-c2ccc(S(N)(=O)=O)cc2)n1)c1ccc(Br)cc1,6.6576
CCOP(=O)(OCC)C(NC(=O)c1cc(-c2ccsc2)n(-c2ccc(S(N)(=O)=O)cc2)n1)c1ccc(OC)cc1,6.6576
CCOP(=O)(OCC)C(NC(=O)c1cc(-c2cccs2)n(-c2ccc(S(N)(=O)=O)cc2)n1)c1ccccc1,6.6576
CCOP(=O)(OCC)C(NC(=O)c1cc(-c2cccs2)n(-c2ccc(S(N)(=O)=O)cc2)n1)c1ccc(Cl)cc1,6.6576
CCOP(=O)(OCC)C(NC(=O)c1cc(-c2cccs2)n(-c2ccc(S(N)(=O)=O)cc2)n1)c1ccc(Br)cc1,6.6576
CCOP(=O)(OCC)C(NC(=O)c1cc(-c2cccs2)n(-c2ccc(S(N)(=O)=O)cc2)n1)c1ccc(OC)cc1,6.6576
CCOP(=O)(OCC)C(C)NC(=O)c1cc(-c2ccc(Br)cc2)n(-c2ccc(S(N)(=O)=O)cc2)n1,6.5528
CCOP(=O)(OCC)C(NC(=O)c1cc(-c2ccc(Br)cc2)n(-c2ccc(S(N)(=O)=O)cc2)n1)c1ccccc1,6.5528
CCOP(=O)(OCC)C(NC(=O)c1cc(-c2ccc(Br)cc2)n(-c2ccc(S(N)(=O)=O)cc2)n1)c1ccc(Br)cc1,6.5528
CCOP(=O)(OCC)C(NC(=O)c1cc(-c2ccc(C(F)(F)F)cc2)n(-c2ccc(S(N)(=O)=O)cc2)n1)c1ccccc1,6.5528
CCOP(=O)(OCC)C(NC(=O)c1cc(-c2ccc(C(F)(F)F)cc2)n(-c2ccc(S(N)(=O)=O)cc2)n1)c1ccc(Br)cc1,6.5528
CCOP(=O)(OCC)C(C)NC(=O)c1cc(-c2ccc(C)cc2)n(-c2ccc(S(N)(=O)=O)cc2)n1,6.5528
CCOP(=O)(OCC)C(NC(=O)c1cc(-c2ccc(C)cc2)n(-c2ccc(S(N)(=O)=O)cc2)n1)c1ccccc1,6.5528
CCOP(=O)(OCC)C(NC(=O)c1cc(-c2ccc(C)cc2)n(-c2ccc(S(N)(=O)=O)cc2)n1)c1ccc(Br)cc1,6.5528
CCOP(=O)(OCC)C(NC(=O)c1cc(-c2ccc(OC)cc2)n(-c2ccc(S(N)(=O)=O)cc2)n1)c1ccccc1,6.5528
CCOP(=O)(OCC)C(NC(=O)c1cc(-c2ccc(OC)cc2)n(-c2ccc(S(N)(=O)=O)cc2)n1)c1ccc(Br)cc1,6.5528
CCOP(=O)(OCC)C(C)NC(=O)c1cc(-c2cccc(OC)c2)n(-c2ccc(S(N)(=O)=O)cc2)n1,6.5528
CCOP(=O)(OCC)C(NC(=O)c1cc(-c2cccc(OC)c2)n(-c2ccc(S(N)(=O)=O)cc2)n1)c1ccc(Br)cc1,6.5528
CCOP(=O)(OCC)C(NC(=O)c1cc(-c2ccc(F)cc2)n(-c2ccc(S(N)(=O)=O)cc2)n1)c1ccccc1,6.5528
CCOP(=O)(OCC)C(NC(=O)c1cc(-c2ccc(F)cc2)n(-c2ccc(S(N)(=O)=O)cc2)n1)c1ccc(Br)cc1,6.5528
CCOP(=O)(OCC)C(NC(=O)c1cc(-c2cccc(F)c2)n(-c2ccc(S(N)(=O)=O)cc2)n1)c1ccccc1,6.5528
CCOP(=O)(OCC)C(NC(=O)c1cc(-c2cccc(F)c2)n(-c2ccc(S(N)(=O)=O)cc2)n1)c1ccc(Br)cc1,6.5528
CCOP(=O)(OCC)C(NC(=O)c1cc(-c2ccccc2F)n(-c2ccc(S(N)(=O)=O)cc2)n1)c1ccccc1,6.5528
CCOP(=O)(OCC)C(NC(=O)c1cc(-c2ccccc2F)n(-c2ccc(S(N)(=O)=O)cc2)n1)c1ccc(Br)cc1,6.5528
CCOP(=O)(OCC)C(NC(=O)c1cc(-c2ccc(Cl)cc2)n(-c2ccc(S(N)(=O)=O)cc2)n1)c1ccccc1,6.5528
CCOP(=O)(OCC)C(NC(=O)c1cc(-c2ccc(Cl)cc2)n(-c2ccc(S(N)(=O)=O)cc2)n1)c1ccc(Br)cc1,6.5528
CCOP(=O)(OCC)C(NC(=O)c1cc(-c2cccc(Cl)c2)n(-c2ccc(S(N)(=O)=O)cc2)n1)c1ccccc1,6.5528
CCOP(=O)(OCC)C(NC(=O)c1cc(-c2cccc(Cl)c2)n(-c2ccc(S(N)(=O)=O)cc2)n1)c1ccc(Br)cc1,6.5528
CCOP(=O)(OCC)C(NC(=O)c1cc(-c2ccccc2Cl)n(-c2ccc(S(N)(=O)=O)cc2)n1)c1ccccc1,6.5528
Bc1ccc(C(NC(=O)c2cc(-c3ccccc3Cl)n(-c3ccc(S(N)(=O)=O)cc3)n2)P(=O)(OCC)OCC)cc1,6.5528
CCOP(=O)(OCC)C(NC(=O)c1cc(-c2cccc(OC)c2)n(-c2ccc(S(N)(=O)=O)cc2)n1)c1ccccc1,6.5528
Fc1ccc(CSc2nnc(-c3cccs3)n2-c2ccc(Cl)cc2)cc1,5.3706
COc1ccc(/C=C/C(=O)c2cccc(-n3cnnn3)c2)cc1,7.0000
COc1cc(C2CC(c3cccc(-n4cnnn4)c3)=NN2C(C)=O)cc(OC)c1OC,7.4089
COc1ccc(C2CC(c3cccc(-n4cnnn4)c3)=NN2C(C)=O)cc1,7.4089
COc1ccc(C2CC(c3cccc(-n4cnnn4)c3)=NN2C(C)=O)cc1OC,7.4089
COc1ccc(C2CC(c3cccc(-n4cnnn4)c3)=NN2)cc1,7.4089
COc1ccc(C2CC(c3cccc(-n4cnnn4)c3)=NN2)cc1OC,7.4089
COc1cc(C2CC(c3cccc(-n4cnnn4)c3)=NN2)cc(OC)c1OC,7.4089
COc1ccc(/C=C/C(=O)c2cccc(-n3cnnn3)c2)cc1OC,7.0000
COc1cc(/C=C/C(=O)c2cccc(-n3cnnn3)c2)cc(OC)c1OC,7.0000
CN(C)c1ccc(/C=C/C(=O)c2cccc(-n3cnnn3)c2)cc1,7.0000
O=C(/C=C/c1cccs1)c1cccc(-n2cnnn2)c1,7.0000
O=C(/C=C/c1cccnc1)c1cccc(-n2cnnn2)c1,7.0000
COc1ccc(-c2cc(-c3cccc(-n4cnnn4)c3)no2)cc1,7.3872
COc1ccc(-c2cc(-c3cccc(-n4cnnn4)c3)no2)cc1OC,7.3872
COc1cc(-c2cc(-c3cccc(-n4cnnn4)c3)no2)cc(OC)c1OC,7.3872
CCOc1ccc2nc(NC(=O)CSc3nnc(Cc4c[nH]c5ccccc45)o3)sc2c1,4.4260
COc1ccccc1/C=C/C1=NNC(S)CC1,7.3585
Cc1ccccc1/C=C/C1=NNC(S)CC1,7.3585
COc1ccc(/C=C/C2=NN(c3ccc(S(N)(=O)=O)cc3)C(=O)CC2)cc1OC,7.3585
NS(=O)(=O)c1ccc(N2N=C(/C=C/c3ccc(Cl)cc3)CCC2=O)cc1,7.3585
COc1ccc(/C=C/C2=NN(c3ccc(S(N)(=O)=O)cc3)C(=O)CC2)cc1,7.3585
COc1ccccc1/C=C/C1=NN(c2ccc(S(N)(=O)=O)cc2)C(=O)CC1,7.3585
CS(=O)(=O)c1ccc(C(=O)/C=C/c2cccc(Cl)c2Cl)cc1,6.7447
CS(=O)(=O)c1ccc(C(=O)/C=C/c2ccc(Cl)c(Cl)c2)cc1,6.7447
CS(=O)(=O)c1ccc(C(=O)/C=C/c2cccc(F)c2F)cc1,6.7447
CS(=O)(=O)c1ccc(C(=O)/C=C/c2ccc(F)c(F)c2)cc1,6.7447
COc1ccc(-c2cc(-c3ccc(F)cc3)n(-c3ccc(S(N)(=O)=O)cc3)n2)cc1,7.3665
COc1ccc(-c2cc(-c3ccc(Br)cc3)n(-c3ccc(S(N)(=O)=O)cc3)n2)cc1,7.3665
CCOc1ccc(-c2cc(-c3ccc(F)cc3)n(-c3ccc(S(N)(=O)=O)cc3)n2)cc1,7.3665
CCOc1ccc(-c2cc(-c3ccc(Cl)cc3)n(-c3ccc(S(N)(=O)=O)cc3)n2)cc1,7.3665
CCOc1ccc(-c2cc(-c3ccc(Br)cc3)n(-c3ccc(S(N)(=O)=O)cc3)n2)cc1,7.3665
COc1ccc(-c2cc(-c3ccc(F)cc3)n(-c3ccc(S(N)(=O)=O)cc3)n2)cc1OC,7.3665
COc1ccc(-c2cc(-c3ccc(Cl)cc3)n(-c3ccc(S(N)(=O)=O)cc3)n2)cc1OC,7.3665
COc1ccc(-c2cc(-c3ccc(Br)cc3)n(-c3ccc(S(N)(=O)=O)cc3)n2)cc1OC,7.3665
CS(=O)(=O)c1ccc(-c2cc(-c3ccc(F)cc3)n(-c3ccc(S(N)(=O)=O)cc3)n2)cc1,7.3665
CS(=O)(=O)c1ccc(-c2cc(-c3ccc(Cl)cc3)n(-c3ccc(S(N)(=O)=O)cc3)n2)cc1,7.3665
CS(=O)(=O)c1ccc(-c2cc(-c3ccc(Br)cc3)n(-c3ccc(S(N)(=O)=O)cc3)n2)cc1,7.3665
NC(=O)N1N=C(c2ccccc2)CC1c1cn(-c2ccccc2)nc1-c1ccc(F)cc1,5.9626
COc1ccc(C2=NN(C(N)=O)C(c3cn(-c4ccccc4)nc3-c3ccc(Cl)cc3)C2)cc1,5.9626
Cc1ccc(C2=NN(C(N)=O)C(c3cn(-c4ccccc4)nc3-c3ccc(Cl)cc3)C2)cc1,5.9626
NC(=O)N1N=C(c2ccc(F)cc2)CC1c1cn(-c2ccccc2)nc1-c1ccc(Cl)cc1,5.9626
NC(=O)N1N=C(c2ccc(Cl)cc2)CC1c1cn(-c2ccccc2)nc1-c1ccc(Cl)cc1,5.9626
NC(=O)N1N=C(c2ccccc2)CC1c1cn(-c2ccccc2)nc1-c1ccc(Cl)cc1,5.9626
Cc1ccc(C2=NN(C(N)=O)C(c3cn(-c4ccccc4)nc3-c3ccccc3)C2)cc1,5.9626
NC(=O)N1N=C(c2ccc(F)cc2)CC1c1cn(-c2ccccc2)nc1-c1ccccc1,5.9626
COc1ccc(C2=NN(C(N)=O)C(c3cn(-c4ccccc4)nc3-c3ccccc3)C2)cc1,5.9626
NC(=O)N1N=C(c2ccc(Cl)cc2)CC1c1cn(-c2ccccc2)nc1-c1ccccc1,5.9626
NC(=O)N1N=C(c2ccccc2)CC1c1cn(-c2ccccc2)nc1-c1ccccc1,5.9626
COc1ccc(C2=NN(C(N)=O)C(c3cn(-c4ccccc4)nc3-c3ccc(F)cc3)C2)cc1,5.9626
Cc1ccc(C2=NN(C(N)=O)C(c3cn(-c4ccccc4)nc3-c3ccc(F)cc3)C2)cc1,5.9626
NC(=O)N1N=C(c2ccc(F)cc2)CC1c1cn(-c2ccccc2)nc1-c1ccc(F)cc1,5.9626
CC(=O)Oc1cc2oc(-c3ccccc3)cc2cc1-c1c[se]nn1,7.3010
CC(=O)Oc1cc2oc(-c3cccc(F)c3)cc2cc1-c1c[se]nn1,7.3010
CC(=O)Oc1cc2oc(-c3ccc(F)cc3)cc2cc1-c1c[se]nn1,7.3010
CC(=O)Oc1cc2oc(-c3cccc(Cl)c3)cc2cc1-c1c[se]nn1,7.3010
CC(=O)Oc1cc2oc(-c3ccc(C)cc3)cc2cc1-c1c[se]nn1,7.3010
COc1ccc(-c2cc3cc(-c4c[se]nn4)c(OC(C)=O)cc3o2)cc1,7.3010
NC(=O)N1N=C(c2ccc(Cl)cc2)CC1c1cn(-c2ccccc2)nc1-c1ccc(F)cc1,5.9626
CCCCNc1cc(C(=O)n2nc(C)cc2-c2ccccc2)cc(S(N)(=O)=O)c1Oc1ccccc1,6.4949
CCCCNc1cc(C(=O)n2nc(C)cc2C)cc(S(N)(=O)=O)c1Oc1ccccc1,5.3233
CCCCNc1cc(-c2n[nH]c(=S)o2)cc(S(N)(=O)=O)c1Oc1ccccc1,5.2418
CCCCNc1cc(C(=O)N2N=C(C)CC2=O)cc(S(N)(=O)=O)c1Oc1ccccc1,5.2916
CCCCNc1cc(C(=O)N/N=c2\scc(-c3ccc(Cl)cc3)n2-c2ccccc2)cc(S(N)(=O)=O)c1Oc1ccccc1,5.8182
CCCCNc1cc(C(=O)N/N=c2\scc(-c3ccc(C)cc3)n2-c2ccccc2)cc(S(N)(=O)=O)c1Oc1ccccc1,5.8182
CCCCNc1cc(C(=O)N/N=c2\scc(-c3ccc(OC)cc3)n2-c2ccccc2)cc(S(N)(=O)=O)c1Oc1ccccc1,5.8182
C=CCn1c(-c2ccc(Cl)cc2)cs/c1=N\NC(=O)c1cc(NCCCC)c(Oc2ccccc2)c(S(N)(=O)=O)c1,5.8182
C=CCn1c(-c2ccc(C)cc2)cs/c1=N\NC(=O)c1cc(NCCCC)c(Oc2ccccc2)c(S(N)(=O)=O)c1,5.8182
C=CCn1c(-c2ccc(OC)cc2)cs/c1=N\NC(=O)c1cc(NCCCC)c(Oc2ccccc2)c(S(N)(=O)=O)c1,5.8182
CCCCNc1cc(C(=O)N/N=c2\scc(-c3ccc(Cl)cc3)n2-c2ccc(Br)cc2)cc(S(N)(=O)=O)c1Oc1ccccc1,5.8182
CCCCNc1cc(C(=O)N/N=c2\scc(-c3ccc(C)cc3)n2-c2ccc(Br)cc2)cc(S(N)(=O)=O)c1Oc1ccccc1,5.8182
CCCCNc1cc(C(=O)N/N=c2\scc(-c3ccc(OC)cc3)n2-c2ccc(Br)cc2)cc(S(N)(=O)=O)c1Oc1ccccc1,5.8182
CCCCNc1cc(-c2n[nH]c(=S)n2-c2ccccc2)cc(S(N)(=O)=O)c1Oc1ccccc1,6.5528
CCCCNc1cc(-c2n[nH]c(=S)n2-c2ccc(Br)cc2)cc(S(N)(=O)=O)c1Oc1ccccc1,6.7696
C=CCc1ccc(-n2c(-c3cc(NCCCC)c(Oc4ccccc4)c(S(N)(=O)=O)c3)n[nH]c2=S)cc1,5.3382
O=Cc1cn(-c2ccccc2)nc1-c1ccccc1,7.7696
O=Cc1cn(-c2ccc(Br)cc2)nc1-c1ccc(Br)cc1,7.7696
NS(=O)(=O)c1ccc(-c2nn(-c3ccc([N+](=O)[O-])cc3)cc2C=O)cc1,7.7696
CS(=O)(=O)c1ccc(-c2nn(-c3ccc(S(N)(=O)=O)cc3)cc2C=O)cc1,7.7696
NS(=O)(=O)c1ccc(-n2cc(-c3ccc(C(F)(F)F)cc3)nn2)cc1,5.4783
CS(=O)(=O)c1ccc(-n2cc(-c3ccc(C(F)(F)F)cc3)nn2)cc1,6.6459
NS(=O)(=O)c1ccc(C(=O)OCCn2cc(-c3ccc(C(F)(F)F)cc3)nn2)cc1,6.8827
CS(=O)(=O)c1ccc(C(=O)OCCn2cc(-c3ccc(C(F)(F)F)cc3)nn2)cc1,8.6990
CCC(=O)c1nnn(-c2ccc(S(N)(=O)=O)cc2)c1C,5.5834
Cc1c(C(=O)/C=C/c2ccccc2)nnn1-c1ccc(S(N)(=O)=O)cc1,5.5834
Cc1c(C2=NNC(c3ccccc3)C2)nnn1-c1ccc(S(N)(=O)=O)cc1,5.5834
CC(=O)N1N=C(c2nnn(-c3ccc(S(N)(=O)=O)cc3)c2C)CC1c1ccccc1,5.5834
C/C(=N\NC(=O)c1nnn(-c2ccc(S(N)(=O)=O)cc2)c1C)c1nnn(-c2ccc(S(N)(=O)=O)cc2)c1C,5.5834
C/C(=N\NC(=O)c1nnn(-c2ccc(S(N)(=O)=O)cc2)c1C)c1cc2ccccc2o1,5.5834
Cc1c(C(=O)NNC(=S)Nc2ccccc2)nnn1-c1ccc(S(N)(=O)=O)cc1,5.5834
CC(C)=CC[C@H]1C[C@@H]2C[C@@H]3[C@@H](C[C@]4(C)C(C)(C)OC[C@]34C)C(=O)[C@](C(=O)c3ccccc3)(C1=O)C2(C)C,5.2782
CCC(C)C(=O)[C@H]1C(=O)[C@@]2(CC=C(C)C)C[C@H](C[C@H]3[C@@H](C[C@H](C(C)(C)O)C3(C)C)C2=O)C1(C)C,5.0799
CC1=NN(c2ccc(S(N)(=O)=O)cc2)C(=O)/C1=C\c1sccc1C,6.8239
CC1=NN(c2ccc(S(N)(=O)=O)cc2)C(=O)/C1=C\c1c[nH]c2ccccc12,6.8239
CC1=NN(c2ccc(S(N)(=O)=O)cc2)C(=O)/C1=C\c1cccc(OCc2ccccc2)c1,6.8239
CC1=NN(c2ccc(S(N)(=O)=O)cc2)C(=O)/C1=C\c1ccc(F)cc1C,6.8239
CCOc1cc(/C=C2\C(=O)N(c3ccc(S(N)(=O)=O)cc3)N=C2C)ccc1O,6.8239
COc1cc(/C=C2\C(=O)N(c3ccc(S(N)(=O)=O)cc3)N=C2C)ccc1OCC#N,6.8239
NS(=O)(=O)c1ccc(N2C(=O)/C(=C/c3ccc(OC(=O)c4ccccc4)cc3)N=C2c2ccccc2)cc1,7.0458
COc1cc(/C=C2\N=C(c3ccccc3)N(c3ccc(S(N)(=O)=O)cc3)C2=O)ccc1OC(=O)c1ccccc1,7.0605
COc1cc(/C=C2\N=C(c3ccccc3)N(c3ccc(C(=O)O)cc3)C2=O)ccc1OC(=O)c1ccccc1,7.0362
O=C1CS/C(=N/c2nnc(-c3ccccc3O)s2)N1,6.7212
Cc1nnc(/N=C2\NC(=O)CS2)s1,6.7212
O=C1CS/C(=N/c2nnc(-c3ccccc3)s2)N1,6.7212
O=C1CS/C(=N/c2nnc(-c3ccc(O)cc3)s2)N1,6.7212
Cc1ccc(-c2nnc(/N=C3\NC(=O)CS3)s2)cc1,6.7212
O=C1CS/C(=N/c2nnc(-c3ccc(Br)cc3)s2)N1,6.7212
COc1ccc(-c2nnc(/N=C3\NC(=O)CS3)s2)cc1,6.7212
COc1ccc(-c2nnc(/N=C3\NC(=O)CS3)s2)cc1OC,6.7212
COc1cc(-c2nnc(/N=C3\NC(=O)CS3)s2)cc(OC)c1OC,6.7212
Cc1ccc(/C=C2\S/C(=N/c3nnc(C)s3)NC2=O)cc1,7.0000
CCCc1ccc(/C=C2\S/C(=N/c3nnc(C)s3)NC2=O)cc1,7.0000
Cc1nnc(/N=C2\NC(=O)/C(=C/c3ccc(C(C)C)cc3)S2)s1,7.0000
Cc1nnc(/N=C2\NC(=O)/C(=C/c3ccc(O)cc3)S2)s1,7.0000
COc1ccc(/C=C2\S/C(=N/c3nnc(C)s3)NC2=O)cc1,7.0000
Cc1nnc(/N=C2\NC(=O)/C(=C/c3ccc(N(C)C)cc3)S2)s1,7.0000
Cc1nnc(/N=C2\NC(=O)/C(=C/c3ccc(Cl)cc3)S2)s1,7.0000
Cc1nnc(/N=C2\NC(=O)/C(=C/c3ccc(Br)cc3)S2)s1,7.0000
Cc1nnc(/N=C2\NC(=O)/C(=C/c3ccc(F)cc3)S2)s1,7.0000
Cc1nnc(/N=C2\NC(=O)/C(=C/C=C/c3ccccc3)S2)s1,6.6021
Cc1nnc(/N=C2\NC(=O)/C(=C/c3cccnc3)S2)s1,6.6021
Cc1nnc(/N=C2\NC(=O)/C(=C/c3ccsc3)S2)s1,6.6021
Cc1nnc(/N=C2\NC(=O)/C(=C/C3CCCCC3)S2)s1,6.6021
CC1=c2c(OCc3nnc(SCC(=O)N4CCN(c5ccccc5)CC4)o3)nn(C)c(=O)c2=C(C)C1c1ccccc1,5.1675
CCCCCC1C(C)=c2c(OCc3nnc(SCC(=O)N4CCN(c5ccccc5)CC4)o3)nn(C)c(=O)c2=C1C,5.1675
CC1=c2c(OCc3nnc(SCC(=O)N4CCN(c5ncccn5)CC4)o3)nn(C)c(=O)c2=C(C)C1c1ccccc1,5.1675
CCCCCC1C(C)=c2c(OCc3nnc(SCC(=O)N4CCN(c5ncccn5)CC4)o3)nn(C)c(=O)c2=C1C,5.1675
O=c1[nH]n2c(=O)c3ccccc3nc2/c1=C/c1ccccc1,7.3279
O=c1[nH]n2c(=O)c3ccccc3nc2/c1=C/c1ccccc1F,7.3279
O=c1[nH]n2c(=O)c3ccccc3nc2/c1=C/c1cccc(F)c1,7.3279
O=c1[nH]n2c(=O)c3ccccc3nc2/c1=C/c1ccc(F)cc1,7.3279
COc1ccccc1/C=c1\c(=O)[nH]n2c(=O)c3ccccc3nc12,7.3279
COc1ccc(/C=c2\c(=O)[nH]n3c(=O)c4ccccc4nc23)cc1,6.8197
O=c1[nH]n2c(=O)c3ccccc3nc2/c1=C/c1ccc(Cl)cc1,7.3279
O=c1[nH]n2c(=O)c3ccccc3nc2/c1=C/c1ccc(Br)cc1,7.3279
Nc1c(C(=O)N/N=C/c2ccccc2)sc2nc(-c3ccc(Cl)cc3)cc(-c3cccs3)c12,6.9830
Nc1c(C(=O)N/N=C/c2ccc(Cl)cc2)sc2nc(-c3ccc(Cl)cc3)cc(-c3cccs3)c12,6.9830
Nc1c(C(=O)N/N=C/c2ccc(Br)cc2)sc2nc(-c3ccc(Cl)cc3)cc(-c3cccs3)c12,6.9830
Cc1ccc(/C=N/NC(=O)c2sc3nc(-c4ccc(Cl)cc4)cc(-c4cccs4)c3c2N)cc1,6.9830
Nc1c(C(=O)N/N=C/c2ccc(C(=O)Oc3ccccc3)cc2)sc2nc(-c3ccc(Cl)cc3)cc(-c3cccs3)c12,6.9830
COc1c(O)cc2c3c1COc1cc(O)cc(c1-3)CC2,4.9208
COc1cc2c(cc1O)CCc1cc(O)cc(OC)c1-2,5.2366
COC1CC(C2OC3CC(CCC4CC(O)CC(O)C4)CCC3OC2CO)CC(OC)C1O,5.0044
CC(=O)c1cc2cc(-c3cccc(Cl)c3)oc2cc1O,5.5513
O=C(c1ccccc1)c1ccc2n1CC[C@@H]2C(=O)O,5.8356
CSc1ccc(-c2cn3c(c2-c2ccccc2)CCC3)cc1,6.0000
CSc1ccc(-c2cn3c(c2-c2ccc(F)cc2)CCC3)cc1,7.0000
CS(=O)(=O)c1ccc(-c2cn3c(c2-c2ccc(F)cc2)CCC3)cc1,6.7959
CS(=O)(=O)c1ccc(-c2cn3c(c2-c2ccc(Cl)cc2)CCC3)cc1,8.0969
CSc1ccc(-c2cn3c(c2-c2ccc(C)cc2)CCC3)cc1,6.0458
Cc1ccc(-c2c(-c3ccc(S(C)(=O)=O)cc3)cn3c2CCC3)cc1,8.3010
CC1(C)Cn2c(CC(=O)O)c(-c3ccc(Cl)cc3)c(-c3ccccc3)c2C1=O,5.6778
CS(=O)(=O)Nc1ccc(-c2cn3c(c2-c2ccccc2)CCC3)cc1,5.4437
CS(=O)(=O)c1ccc(-c2cn3c(c2-c2ccccc2)CCC3)cc1,7.5229
COC1c2c(-c3ccccc3)c(-c3ccc(Cl)cc3)c(C)n2CC1(C)C,5.1249
Cc1ccc(-c2cn3c(c2-c2ccccc2)CCC3)s1,5.7447
CCOC(=O)[C@H](CO)NC(=O)c1cccc(O)c1O,5.6536
COc1ccccc1-c1nnc(Cn2c(CN3CCOCC3)nc3ccccc32)o1,4.8633
COc1ccc2c(c1)c(CC(=O)OCC(=O)O)c(C)n2C(=O)c1ccc(Cl)cc1,8.0000
COc1ccc(/C=C/C(=O)c2nn(-c3ccc(F)cc3)c(C)c2C(=O)/C=C/c2ccc(OC)cc2)cc1,6.4949
COc1ccc(/C=C/C(=O)c2nn(-c3ccc(Br)cc3)c(C)c2C(=O)/C=C/c2ccc(OC)cc2)cc1,6.1549
COc1ccc(/C=C/C(=O)c2nn(-c3ccc(Cl)cc3)c(C)c2C(=O)/C=C/c2ccc(OC)cc2)cc1,6.5229
Cc1c(C(=O)/C=C/c2ccco2)c(C(=O)/C=C/c2ccco2)nn1-c1ccc(Cl)cc1,5.8239
Nc1n[nH]c(N=c2c(=O)c3ccccc3c2=O)c1/N=N/c1ccc(O)cc1,4.2115
Nc1n[nH]c(/N=C2/C(=O)Nc3ccc(S(=O)(=O)N4CCCC4)cc32)c1/N=N/c1ccc(O)cc1,4.4371
CC1=Nc2c(/N=N/c3ccc(O)cc3)c(N)nn2C1=O,3.5296
CCOC(=O)C1=Nc2c(/N=N/c3ccc(O)cc3)c(N)nn2C1=O,4.1006
CCOC(=O)CC(=O)Nc1[nH]nc(N)c1/N=N/c1ccc(O)cc1,3.9043
CC(=O)Nc1nn2c(NC(C)=O)cc(=O)[nH]c2c1/N=N/c1ccc(O)cc1,4.7983
Cc1cc(=O)n2nc(N)c(/N=N/c3ccc(O)cc3)c2[nH]1,5.2457
Cc1cc(C)n2nc(N)c(/N=N/c3ccc(O)cc3)c2n1,4.3341
COC(=O)c1cc(=O)n2nc(N)c(/N=N/c3ccc(O)cc3)c2[nH]1,4.1705
N#Cc1c(-c2ccccc2Cl)nc2c(/N=N/c3ccc(O)cc3)c(N)nn2c1N,4.0715
COc1ccc(-c2nc3c(/N=N/c4ccc(O)cc4)c(N)nn3c(N)c2C#N)cc1,4.6755
Nc1nn2c(-c3cccs3)cc(-c3cccs3)nc2c1/N=N/c1ccc(O)cc1,5.4724
COc1ccnc(Nc2nn3c(C)cc(C)nc3c2C#N)c1,5.9547
COc1ccnc(Nc2nn3c(SC)c(C#N)c(O)nc3c2C#N)c1,5.9043
CC1=NN(c2ccccc2)C(=O)/C1=C\c1cn(CCCOc2cc(O)c3c(=O)cc(-c4ccccc4)oc3c2)c2ccccc12,6.1549
Cc1ccc(C(=O)c2ccc(CC(=O)O)n2C)cc1,6.0862
N=c1c2c(Nc3n[nH]c(=S)s3)csc2[nH]c(=S)n1-c1ccc(S(=O)(=O)Nc2cnc3ccccc3n2)cc1,7.0458
CCOC(=O)CNc1ncnc2sc3c(c12)CCCC3,6.9586
NNC(=O)CNc1ncnc2sc3c(c12)CCCC3,6.6778
O=C(CNc1ncnc2sc3c(c12)CCCC3)NN=Cc1ccc(Cl)cc1,6.1805
O=C(CNc1ncnc2sc3c(c12)CCCC3)NN=Cc1cccc(Cl)c1,6.1871
O=C(CNc1ncnc2sc3c(c12)CCCC3)NN=Cc1ccc(Cl)c(Cl)c1,7.1549
O=C(CNc1ncnc2sc3c(c12)CCCC3)NN=Cc1ccc(Br)cc1,7.0000
O=C(CNc1ncnc2sc3c(c12)CCCC3)NN=Cc1ccc(F)cc1,4.6578
O=C(CNc1ncnc2sc3c(c12)CCCC3)NN=Cc1ccc([N+](=O)[O-])cc1,6.2757
COc1ccc(C=NNC(=O)CNc2ncnc3sc4c(c23)CCCC4)cc1,5.5258
O=C(CNc1ncnc2sc3c(c12)CCCC3)NN=Cc1cccs1,6.0362
O=C(CNc1ncnc2sc3c(c12)CCCC3)NN=Cc1ccco1,5.9469
O=C(CNc1ncnc2sc3c(c12)CCCC3)NN=C1C(=O)Nc2ccccc21,5.4134
O=C(CNc1ncnc2sc3c(c12)CCCC3)NNC(=O)Nc1ccccc1,5.1146
CCCCOc1nnc(CNc2ncnc3sc4c(c23)CCCC4)o1,5.3206
CC1=NN(C(=O)CNc2ncnc3sc4c(c23)CCCC4)C(C)(O)C1,5.6676
CC1(O)CC(c2ccccc2)=NN1C(=O)CNc1ncnc2sc3c(c12)CCCC3,6.0177
O=C(O)/C=C\C(=O)NNC(=O)CNc1ncnc2sc3c(c12)CCCC3,6.3468
NNC(=O)CNc1nc(-c2ccccc2)nc2sc3c(c12)CCCC3,6.1549
Nc1c(C(=O)N/N=C/c2ccccc2)cnn1-c1ccc(S(N)(=O)=O)cc1,7.3098
Nc1c(C(=O)N/N=C/c2ccc(O)cc2)cnn1-c1ccc(S(N)(=O)=O)cc1,7.2218
COc1ccc(/C=N/NC(=O)c2cnn(-c3ccc(S(N)(=O)=O)cc3)c2N)cc1,6.8239
CN(C)c1ccc(/C=N/NC(=O)c2cnn(-c3ccc(S(N)(=O)=O)cc3)c2N)cc1,7.0969
Nc1c(C(=O)N/N=C/c2ccccc2Cl)cnn1-c1ccc(S(N)(=O)=O)cc1,6.8861
Nc1c(C(=O)N/N=C/c2ccc(Cl)cc2)cnn1-c1ccc(S(N)(=O)=O)cc1,7.0458
Nc1c(C(=O)N/N=C/c2ccccc2[N+](=O)[O-])cnn1-c1ccc(S(N)(=O)=O)cc1,6.8539
Nc1c(C(=O)N/N=C/c2cccc([N+](=O)[O-])c2)cnn1-c1ccc(S(N)(=O)=O)cc1,7.0000
Nc1c(C(=O)N/N=C/c2ccc([N+](=O)[O-])cc2)cnn1-c1ccc(S(N)(=O)=O)cc1,6.8069
Nc1c(C(=O)N/N=C/c2cccs2)cnn1-c1ccc(S(N)(=O)=O)cc1,7.2218
CC(=O)NCCc1cc(O)c(O)cc1C(=O)c1ccc(O)c(O)c1,6.1146
CC(=O)NCCc1ccc(NC(=O)c2ccc(O)c(O)c2)c(O)c1,5.1637
CC(=O)N/C=C/c1ccc2c(c1)O[C@H](c1ccc(O)c(O)c1)[C@H](NC(C)=O)O2,5.1918
CC(C)Cc1ccc(C(C)C(=O)OCc2cn(-c3ccccc3Cl)nn2)cc1,6.1290
CC(C)Cc1ccc(C(C)C(=O)OCc2cn(-c3ccc(Cl)cc3)nn2)cc1,4.9083
COc1ccc(-n2cc(COC(=O)C(C)c3ccc(CC(C)C)cc3)nn2)cc1,5.3500
COc1ccccc1C1=Nn2c(Cc3ccccc3Nc3c(Cl)cccc3Cl)nnc2SC1,5.8153
Oc1cccc(N2[C@@H]3CC[C@H]2CN(CCCc2ccccc2)C3)c1,5.9747
COc1cc(C(=O)[N-]S(=O)(=O)c2ccc(-n3nc(C(F)(F)F)cc3-c3ccc(C)cc3)cc2)ccc1[O-].[Na+].[Na+],7.9586
COc1cc(/C=C/C(=O)[N-]S(=O)(=O)c2ccc(-n3nc(C(F)(F)F)cc3-c3ccc(C)cc3)cc2)ccc1[O-].[Na+].[Na+],7.6383
Cc1onc(-c2c(Cl)cccc2Cl)c1C(=O)Nc1ccc(C(C)(C)C)cc1,6.5214
COc1cc(NC(=O)c2c(-c3c(Cl)cccc3Cl)noc2C)cc(OC)c1,6.3072
COc1ccc(NC(=O)c2c(-c3c(Cl)cccc3Cl)noc2C)cc1OC,5.8176
Cc1onc(-c2c(Cl)cccc2Cl)c1C(=O)Nc1ccc(OC(F)(F)F)cc1,6.6073
COc1ccccc1Oc1ccc(NC(=O)c2c(-c3c(Cl)cccc3Cl)noc2C)cc1,6.2240
COc1cc(Cl)cc(OC)c1NC(=O)c1c(-c2c(Cl)cccc2Cl)noc1C,5.9252
CSc1ccc(NC(=O)c2c(-c3c(Cl)cccc3Cl)noc2C)cc1,6.1373
Cc1onc(-c2c(Cl)cccc2Cl)c1C(=O)Nc1ccc(-c2ccccc2)cc1,6.2765
COc1cc(NC(=O)c2c(-c3c(Cl)cccc3Cl)noc2C)cc(OC)c1OC,5.8851
Cc1onc(-c2c(Cl)cccc2Cl)c1C(=O)Nc1ccccc1,5.4605
COc1ccc(NC(=O)c2c(-c3c(Cl)cccc3Cl)noc2C)c(OC)c1,6.5784
COc1cc(/C=C2/Oc3cc(O)ccc3C2=O)cc(OC)c1,5.5376
COc1ccc2c(c1)O/C(=C/c1cc(O)cc(O)c1)C2=O,5.3098
Cc1ccc(C(C)C)c(O)c1/C=N/N=C1\NC(=O)C(CC(=O)O)S1,7.0410
COc1ccc(N2C(=O)C(CC(=O)O)S/C2=N/N=C/c2c(C)ccc(C(C)C)c2O)cc1,7.4318
Cc1ccc(C(C)C)c(O)c1/C=N/N=C1/SC(CC(=O)O)C(=O)N1c1cccc2ccccc12,5.0405
COc1ccc2cc(C(C)C(=O)O/N=C(\N)c3ccc(Cl)cc3)ccc2c1,8.1938
COc1ccc(/C(N)=N/OC(=O)C(C)c2ccc3cc(OC)ccc3c2)cc1,8.1938
COc1ccc2cc(C(C)C(=O)O/N=C(\N)c3ccc(OC)c(OC)c3)ccc2c1,8.1938
COc1ccc2cc(C(C)C(=O)O/N=C(\N)c3ccc4c(c3)OCO4)ccc2c1,8.1938
COc1ccc2cc(C(C)C(=O)O/N=C(\N)c3ccc(-c4ccccc4)c(-c4ccccc4)c3)ccc2c1,8.7520
Cc1ccc(Cl)c(Nc2ccccc2C(=O)[O-])c1Cl.O.[Na+],8.2487
CN(C)c1ccc(/C=C/C(=O)c2cc(-n3cc(CN4C(=O)C(=O)c5ccccc54)nn3)ccc2O)cc1,5.8508
O=C(/C=C/c1ccc(Br)cc1)c1cc(-n2cc(CN3C(=O)C(=O)c4ccccc43)nn2)ccc1O,6.6413
O=C1c2ccccc2C(=O)N1c1nc2cc([N+](=O)[O-])ccc2n1Cc1cccc(-c2ccccc2)c1,6.0000
COC(=O)N/N=C/c1coc2ccccc2c1=O,7.0410
COC(=O)N/N=C/c1coc2ccc(OC)cc2c1=O,6.6383
COC(=O)N/N=C/c1coc2cc(OC)ccc2c1=O,6.4685
O=C(N/N=C/c1coc2ccccc2c1=O)OCc1ccccc1,7.3098
COc1ccc2occ(/C=N/NC(=O)OCc3ccccc3)c(=O)c2c1,7.0506
COc1ccc2c(=O)c(/C=N/NC(=O)OCc3ccccc3)coc2c1,7.2441
CN/N=C/c1coc2ccccc2c1=O,6.7212
CN/N=C/c1coc2ccc(OC)cc2c1=O,7.0315
CN/N=C/c1coc2cc(OC)ccc2c1=O,6.3251
CCCOc1ccc(-c2noc(CC(=O)O)c2-c2ccc(OCCC)cc2)cc1,5.4437
CCCOc1ccc(-c2c(-c3ccc(OC)cc3)noc2CC(=O)O)cc1,5.1612
CCCCOc1ccc(-c2c(-c3ccc(OC)cc3)noc2CC(=O)O)cc1,6.3468
Cc1ccc(-c2csc(NC(=O)/C=C/c3ccc(O)c(O)c3)n2)cc1,5.0615
Clc1ccc(-c2cc(-c3ccco3)no2)c(Cl)c1,5.0381
Cc1ccccc1Oc1ccc(=O)n(CN2C(=O)c3ccccc3C2=O)n1,6.7212
CCCn1nc(Oc2ccccc2C)ccc1=O,6.9586
Cc1cc(C)n(-c2ccc(=O)n(Cc3ccccc3)n2)n1,6.6198
O=C1NN=C(/N=C/c2cccc(O)c2)C1c1ccc(Cl)nn1,5.2676
COc1ccc(/C=N/C2=NNC(=O)C2c2ccc(Cl)nn2)cc1,4.9066
O=C1NN=C(/N=C/c2ccc(Cl)cc2)C1c1ccc(Cl)nn1,5.0438
O=C1NN=C(/N=C/c2cccc(Br)c2)C1c1ccc(Cl)nn1,4.6838
O=C1NN=C(/N=C/c2ccc(Br)cc2)C1c1ccc(Cl)nn1,5.4067
COc1cc(/C=N/C2=NNC(=O)C2c2ccc(Cl)nn2)cc(OC)c1OC,5.8239
NC1=NN=C(/N=C/c2cccc(O)c2)C1c1ccc(Cl)nn1,5.1101
COc1ccc(/C=N/C2=NN=C(N)C2c2ccc(Cl)nn2)cc1,4.2462
NC1=NN=C(/N=C/c2ccc(Cl)cc2)C1c1ccc(Cl)nn1,5.4145
NC1=NN=C(/N=C/c2cccc(Br)c2)C1c1ccc(Cl)nn1,5.0057
NC1=NN=C(/N=C/c2ccc(Br)cc2)C1c1ccc(Cl)nn1,5.6003
COc1cc(/C=N/C2=NN=C(N)C2c2ccc(Cl)nn2)cc(OC)c1OC,5.9393
N=C1/C(=N/Nc2ccc(Cl)cc2)C(N)=NN1c1ccc(S(N)(=O)=O)cc1,6.2366
CN(C)c1ccc(/C=C/C(=O)c2cccc(-n3cc(CN4C(=O)C(=O)c5ccccc54)nn3)c2)cc1,7.3665
Cc1ccc(C(=O)Nc2cccc(C(=O)/C=C/c3ccc(F)cc3)c2)cc1,5.7905
O=C(/C=C/c1ccc(F)cc1)c1cccc(NC(=O)c2ccc(Cl)cc2)c1,5.6144
Cc1ccc(C(=O)NCCc2c[nH]c3ccc(N(C)C)cc23)c(O)c1,5.6696
O=C(OCc1c(-c2ccccc2)no[n+]1[O-])c1nc(CCl)n(-c2ccccc2)n1,6.1643
O=C(OCc1c(-c2ccccc2)no[n+]1[O-])c1nc(CCl)n(-c2ccccc2F)n1,4.3010
O=C(OCc1c(-c2ccccc2)no[n+]1[O-])c1nc(CCl)n(-c2cccc(F)c2)n1,6.2328
O=C(OCc1c(-c2ccccc2)no[n+]1[O-])c1nc(CCl)n(-c2ccc(F)cc2)n1,5.9508
O=C(OCc1c(-c2ccccc2)no[n+]1[O-])c1nc(CCl)n(-c2ccccc2C(F)(F)F)n1,4.3010
O=C(OCc1c(-c2ccccc2)no[n+]1[O-])c1nc(CCl)n(-c2cccc(C(F)(F)F)c2)n1,7.3468
O=C(OCc1c(-c2ccccc2)no[n+]1[O-])c1nc(CCl)n(-c2ccc(C(F)(F)F)cc2)n1,6.8894
Cc1cccc(-n2nc(C(=O)OCc3c(-c4ccccc4)no[n+]3[O-])nc2CCl)c1,4.3010
Cc1ccc(-n2nc(C(=O)OCc3c(-c4ccccc4)no[n+]3[O-])nc2CCl)cc1,4.4157
COc1ccc(-n2nc(C(=O)OCc3c(-c4ccccc4)no[n+]3[O-])nc2CCl)cc1,5.3468
N#Cc1ccc(-n2nc(C(=O)OCc3c(-c4ccccc4)no[n+]3[O-])nc2CCl)cc1,5.1612
CS(=O)(=O)c1ccc(C2CN(c3ccc(C(F)(F)F)cc3)N=N2)cc1,6.6459
CSc1nnc2n(Cc3ccccc3)c(=O)c3c4c(sc3n12)CCCC4,6.2840
COc1cc(/C=C2\S/C(=N/c3nnc(C)s3)NC2=O)cc(OC)c1OC,7.0000
O=c1[nH]/c(=C\c2nnc(-c3ccc(O)cc3)s2)s/c1=C\c1ccc(Cl)c(Cl)c1,7.1549
O=C(C/C(=C/c1cccc([N+](=O)[O-])c1)c1n[nH]c(=S)o1)c1ccc(Cl)c(Cl)c1,7.0969
Fc1ccc(Nc2nc(-c3ccc(Cl)cc3)nc3sc4c(c23)CCCC4)cc1,7.0177
Cc1ccc(Nc2nc(-c3ccc(Cl)cc3)nc3sc4c(c23)CCCC4)cc1,7.0655
Clc1ccc(-c2nc(Nc3ccc(Br)cc3)c3c4c(sc3n2)CCCC4)cc1,6.9706
Clc1ccc(-c2nc(Nc3cccc(Br)c3)c3c4c(sc3n2)CCCC4)cc1,7.1079
O=[N+]([O-])c1ccc(-c2nc(Nc3ccc(F)cc3)c3c4c(sc3n2)CCCC4)cc1,6.8153
Cc1ccc(Nc2nc(-c3ccc([N+](=O)[O-])cc3)nc3sc4c(c23)CCCC4)cc1,6.9208
O=[N+]([O-])c1ccc(-c2nc(Nc3ccc(Br)cc3)c3c4c(sc3n2)CCCC4)cc1,7.1487
O=[N+]([O-])c1ccc(-c2nc(Nc3cccc(Br)c3)c3c4c(sc3n2)CCCC4)cc1,6.9747
COc1ccc(-c2nc(Nc3ccc(F)cc3)c3c4c(sc3n2)CCCC4)cc1,7.1249
COc1ccc(-c2nc(Nc3ccc(Br)cc3)c3c4c(sc3n2)CCCC4)cc1,7.1249
COc1cc(-c2nc(Nc3ccc(F)cc3)c3c4c(sc3n2)CCCC4)cc(OC)c1OC,7.1675
COc1cc(-c2nc(Nc3ccc(C)cc3)c3c4c(sc3n2)CCCC4)cc(OC)c1OC,6.9957
COc1ccc(-c2nc(NNc3ncnc4sc5c(c34)CCCC5)c3c4c(sc3n2)CCCC4)cc1,7.1871
CCC(SC1=NC(c2ccccc2)C(c2ccccc2)N1)C(=O)O,4.7972
O=C(c1ccc(Cl)cc1)c1coc2c1cc(O)c1ccccc12,4.8280
O=C(Nc1ccccc1NC(=O)c1ccc2c(c1)OCO2)c1ccc2c(c1)OCO2,4.5855
NS(=O)(=O)c1ccc(-c2sncc2-c2ccc(F)cc2)cc1,7.1617
Cc1c(CCC(=O)O)cccc1NC(=O)C(c1ccc(-c2cncc(C(F)(F)F)c2)cc1)C1CCCC1,7.8386
Cc1c(CCC(=O)O)cccc1NC(=O)[C@@H](c1ccc(-c2cncc(C(F)(F)F)c2)cc1)C1CCCC1,7.6841
Cc1c(CCC(=O)O)cccc1NC(=O)[C@H](c1ccc(-c2cncc(C(F)(F)F)c2)cc1)C1CCCC1,6.7033
Cc1c(CCC(=O)O)cccc1NC(=O)C(c1ccc(-c2ccc(C(F)(F)F)nc2)cc1)C1CCCC1,5.9895
Cc1c(CCC(=O)O)cccc1NC(=O)C(c1ccc(-c2cncc(F)c2)cc1)C1CCCC1,6.7905
Cc1c(CCC(=O)O)cccc1NC(=O)C(c1ccc(-c2ccc(C#N)nc2)cc1)C1CCCC1,5.5003
CCOc1cncc(-c2ccc(C(C(=O)Nc3cccc(CCC(=O)O)c3C)C3CCCC3)cc2)c1,6.7959
Cc1c(CCC(=O)O)cccc1NC(=O)C(c1ccc(-c2cncc(C(C)(C)O)c2)cc1)C1CCCC1,5.4486
COCc1cncc(-c2ccc(C(C(=O)Nc3cccc(CCC(=O)O)c3C)C3CCCC3)cc2)c1,6.3279
COc1cncc(-c2ccc(C(C(=O)Nc3cccc(CCC(=O)O)c3C)C3CCCC3)cc2)c1,6.4672
Cc1ccncc1-c1ccc(C(C(=O)Nc2cccc(CCC(=O)O)c2C)C2CCCC2)cc1,6.2373
CCc1cncc(-c2ccc(C(C(=O)Nc3cccc(CCC(=O)O)c3C)C3CCCC3)cc2)c1,7.1068
Cc1c(CCC(=O)O)cccc1NC(=O)C(c1ccc(-c2cncc(C3CC3)c2)cc1)C1CCCC1,6.9393
Cc1c(CCC(=O)O)cccc1NC(=O)C(c1ccc(-c2cncc(OC3CCOCC3)c2)cc1)C1CCCC1,6.9431
Cc1c(CCC(=O)O)cccc1NC(=O)C(c1ccc(-c2cncc(Cl)c2)cc1)C1CCCC1,7.2248
Cc1c(CCC(=O)O)cccc1NC(=O)[C@@H](c1ccc(-c2cncc(Cl)c2)cc1)C1CCCC1,7.4547
COc1ccc(-c2ccc(C(C(=O)Nc3cccc(CCC(=O)O)c3C)C3CCCC3)cc2)cn1,6.6271
Cc1c(CCC(=O)O)cccc1NC(=O)C(c1ccc(-c2ccc(F)nc2)cc1)C1CCCC1,6.2581
COc1ncccc1-c1ccc(C(C(=O)Nc2cccc(CCC(=O)O)c2C)C2CCCC2)cc1,5.5935
Cc1cncc(-c2ccc(C(C(=O)Nc3cccc(CCC(=O)O)c3C)C3CCCC3)cc2)c1,6.7932
Cc1ccc(-c2ccc(C(C(=O)Nc3cccc(CCC(=O)O)c3C)C3CCCC3)cc2)cn1,6.5243
Cc1c(CCC(=O)O)cccc1NC(=O)C(c1ccc(-c2cccnc2F)cc1)C1CCCC1,5.2790
Cc1ncc(-c2ccc(C(C(=O)Nc3cccc(CCC(=O)O)c3C)C3CCCC3)cc2)cc1Cl,7.6576
Cc1ncc(-c2ccc([C@@H](C(=O)Nc3cccc(CCC(=O)O)c3C)C3CCCC3)cc2)cc1Cl,5.6478
Cc1ncc(-c2ccc([C@H](C(=O)Nc3cccc(CCC(=O)O)c3C)C3CCCC3)cc2)cc1Cl,7.8069
Cc1cc(-c2ccc(C(C(=O)Nc3cccc(CCC(=O)O)c3C)C3CCCC3)cc2)cnc1C,7.0443
Cc1c(CCC(=O)O)cccc1NC(=O)C(c1ccc(-c2cncc(OC(F)F)c2)cc1)C1CCCC1,6.4202
Cc1c(CCC(=O)O)cccc1NC(=O)C(c1ccc(-c2cncc(C(F)F)c2)cc1)C1CCCC1,7.1068
Cc1c(CCC(=O)O)cccc1NC(=O)C(c1ccc(-c2cncc(CF)c2)cc1)C1CCCC1,6.7258
Cc1c(CCC(=O)O)cccc1NC(=O)C(c1ccc(-c2cncc(Cl)c2)cc1)C1CC1,6.3536
Cc1c(CCC(=O)O)cccc1NC(=O)C(c1ccc(-c2cncc(C(F)(F)F)c2)cc1)C1CC1,6.3279
Cc1c(NC(=O)C(c2ccc(-c3cncc(C(F)(F)F)c3)cc2)C2CCCC2)cccc1OCC(=O)O,7.8447
Cc1c(NC(=O)C(c2ccc(-c3cncc(Cl)c3)cc2)C2CCCC2)cccc1OCC(=O)O,7.6730
COc1ccc(NC(=O)C(c2ccc(-c3cncc(Cl)c3)cc2)C2CCCC2)c(C)c1CCC(=O)O,7.5900
COc1ccc(NC(=O)C(c2ccc(-c3cncc(C(F)(F)F)c3)cc2)C2CCCC2)c(C)c1CCC(=O)O,7.5498
Cc1cc(C(C(=O)Nc2cccc(CCC(=O)O)c2C)C2CCCC2)ccc1-c1cncc(C(F)(F)F)c1,7.7167
Cc1cc(C(C(=O)Nc2cccc(CCC(=O)O)c2C)C2CCCC2)ccc1-c1cncc(Cl)c1,7.3372
Cc1c(CCC(=O)O)cccc1NC(=O)C(c1ccc(-c2cncc(Cl)c2)c(F)c1)C1CCCC1,7.5214
CCOc1cncc(-c2ccc(C(C(=O)Nc3cccc(CCC(=O)O)c3C)C3CCCC3)cc2F)c1,7.2573
Cc1c(CCC(=O)O)cccc1NC(=O)C(c1ccc(-c2cncc(C(F)(F)F)c2)c(F)c1)C1CCCC1,7.8232
Cc1c(CCC(=O)O)cccc1NC(=O)C(c1ccc(-c2cncc(C(F)F)c2)c(F)c1)C1CCCC1,7.3675
CCOc1cncc(-c2ccc(C(C(=O)Nc3cccc(CCC(=O)O)c3C)C3CCCC3)c(F)c2)c1,6.5638
Cc1c(CCC(=O)O)cccc1NC(=O)C(c1ccc(-c2cncc(C(F)(F)F)c2)cc1F)C1CCCC1,7.2733
Cc1c(CCC(=O)O)cccc1NC(=O)C(c1ccc(-c2cncc(C(F)(F)F)c2)cc1)C1CCC1,7.5074
Cc1c(CCC(=O)O)cccc1NC(=O)C(c1ccc(-c2cncc(Cl)c2)cc1)C1CCC1,7.1421
CCOc1cncc(-c2ccc(C(C(=O)Nc3cccc(CCC(=O)O)c3C)C3CCC3)cc2)c1,6.6778
Cc1cc(-c2ccc(C(C(=O)Nc3cccc(CCC(=O)O)c3C)C3CCC3)cc2)cnc1C,6.7144
Cc1c(CCC(=O)O)cccc1NC(=O)C(c1ccc(-c2cncc(F)c2)cc1)C1CCC1,6.3206
Cc1ncc(-c2ccc(C(C(=O)Nc3cccc(CCC(=O)O)c3C)C3CCC3)cc2)cc1Cl,7.4921
Cc1ncc(-c2ccc(C(C(=O)Nc3cccc(CCC(=O)O)c3C)C3CCC3)cc2)cc1F,6.8297
Cc1c(CCC(=O)O)cccc1NC(=O)C(c1ccc(-c2cncc(OC(F)F)c2)cc1)C1CCC1,6.9872
Cc1cncc(-c2ccc(C(C(=O)Nc3cccc(CCC(=O)O)c3C)C3CCC3)cc2)c1,6.4634
Cc1c(CCC(=O)O)cccc1NC(=O)C(c1ccc(-c2cncc(Cl)c2)cc1)C1CCCCC1,6.7077
Cc1c(CCC(=O)O)cccc1NC(=O)C(c1ccc(-c2cncc(C(F)(F)F)c2)cc1)C1CCCCC1,7.2684
CCOc1cncc(-c2ccc(C(C(=O)Nc3cccc(CCC(=O)O)c3C)C3CCCCC3)cc2)c1,6.4841
Cc1c(CC(C)C(=O)O)cccc1NC(=O)C(c1ccc(-c2cncc(C(F)(F)F)c2)cc1)C1CCCCC1,7.3325
Cc1c(CC(C)C(=O)O)cccc1NC(=O)C(c1ccc(-c2cncc(C(F)(F)F)c2)cc1)C1CCCC1,6.1036
Cc1c(CC(C)C(=O)O)cccc1NC(=O)C(c1ccc(-c2cncc(Cl)c2)cc1)C1CCCC1,6.8962
Cc1cc(-c2ccc(C(C(=O)Nc3cccc(CC(C)C(=O)O)c3C)C3CCCC3)cc2)cnc1C,6.9281
Cc1ccc(-c2ccc(C(C(=O)Nc3cccc(CC(C)C(=O)O)c3C)C3CCCC3)cc2)cn1,6.3635
Cc1c(CC(C)C(=O)O)cccc1NC(=O)C(c1ccc(-c2cncc(OC(F)F)c2)cc1)C1CCCC1,7.0531
Cc1cncc(-c2ccc(C(C(=O)Nc3cccc(CC(C)C(=O)O)c3C)C3CCCC3)cc2)c1,6.7645
Cc1ncc(-c2ccc(C(C(=O)Nc3cccc(CC(C)C(=O)O)c3C)C3CCCC3)cc2)cc1F,7.0429
Cc1ncc(-c2ccc(C(C(=O)Nc3cccc(CC(C)C(=O)O)c3C)C3CCCC3)cc2)cc1Cl,6.1590
Cc1c(NC(=O)C(c2ccc(-c3cncc(Cl)c3)cc2)C2CCCC2)cccc1C(C)CC(=O)O,7.5941
CCOc1cncc(-c2ccc(C(C(=O)Nc3cccc(C(C)CC(=O)O)c3C)C3CCCC3)cc2)c1,6.9666
Cc1c(NC(=O)C(c2ccc(-c3cncc(C(F)(F)F)c3)cc2)C2CCCC2)cccc1C(C)CC(=O)O,7.6925
CCc1cncc(-c2ccc(C(C(=O)Nc3cccc(C(C)CC(=O)O)c3C)C3CCCC3)cc2)c1,7.6576
Cc1cc(-c2ccc(C(C(=O)Nc3cccc(C(C)CC(=O)O)c3C)C3CCCC3)cc2)cnc1C,7.4486
Cc1cncc(-c2ccc(C(C(=O)Nc3cccc(C(C)CC(=O)O)c3C)C3CCCC3)cc2)c1,7.4908
Cc1c(NC(=O)C(c2ccc(-c3cncc(F)c3)cc2)C2CCCC2)cccc1C(C)CC(=O)O,7.3799
Cc1ncc(-c2ccc(C(C(=O)Nc3cccc(C(C)CC(=O)O)c3C)C3CCCC3)cc2)cc1F,7.4330
Cc1ncc(-c2ccc(C(C(=O)Nc3cccc(C(C)CC(=O)O)c3C)C3CCCC3)cc2)cc1Cl,7.8861
Cc1c(NC(=O)C(c2ccc(-c3cncc(C(F)F)c3)cc2)C2CCCC2)cccc1C(C)CC(=O)O,7.4711
CCC(CC(=O)O)c1cccc(NC(=O)C(c2ccc(-c3cncc(Cl)c3)cc2)C2CCCC2)c1C,7.1041
CCC(CC(=O)O)c1cccc(NC(=O)C(c2ccc(-c3cncc(C)c3)cc2)C2CCCC2)c1C,7.0218
CCc1cncc(-c2ccc(C(C(=O)Nc3cccc(C(CC)CC(=O)O)c3C)C3CCCC3)cc2)c1,7.8894
CCC(CC(=O)O)c1cccc(NC(=O)C(c2ccc(-c3cncc(F)c3)cc2)C2CCCC2)c1C,6.8069
CCOc1cncc(-c2ccc(C(C(=O)Nc3cccc(C(CC)CC(=O)O)c3C)C3CCCC3)cc2)c1,6.9747
Cc1ncc(-c2ccc(C(C(=O)Nc3cccc(C(CC(=O)O)C4CC4)c3C)C3CCCC3)cc2)cc1Cl,7.4962
Cc1c(NC(=O)C(c2ccc(-c3cncc(C(F)(F)F)c3)cc2)C2CCCC2)cccc1C(CC(=O)O)C1CC1,7.6038
Cc1c(NC(=O)C(c2ccc(-c3cncc(Cl)c3)cc2)C2CCCC2)cccc1C(CC(=O)O)C1CC1,7.2644
CCOc1cncc(-c2ccc(C(C(=O)Nc3cccc(C(CC(=O)O)C4CC4)c3C)C3CCCC3)cc2)c1,7.2684
Cc1c(NC(=O)C(c2ccc(-c3cncc(F)c3)cc2)C2CCCC2)cccc1C(CC(=O)O)C1CC1,7.2848
Cc1cncc(-c2ccc(C(C(=O)Nc3cccc(C(CC(=O)O)C4CC4)c3C)C3CCCC3)cc2)c1,6.8539
CCc1cncc(-c2ccc(C(C(=O)Nc3cccc(C(CC(=O)O)C4CC4)c3C)C3CCCC3)cc2)c1,7.5302
Cc1c(NC(=O)C(c2ccc(-c3cncc(C(F)(F)F)c3)c(F)c2)C2CCCC2)cccc1C(C)CC(=O)O,7.7328
Cc1ncc(-c2ccc(C(C(=O)Nc3cccc(C(C)CC(=O)O)c3C)C3CCCC3)cc2F)cc1Cl,7.6421
Cc1c(NC(=O)C(c2ccc(-c3cncc(Cl)c3)c(F)c2)C2CCCC2)cccc1C(C)CC(=O)O,7.5017
Cc1c(NC(=O)C(c2ccc(-c3cncc(C(F)(F)F)c3)cc2)C2CCC2)cccc1C(C)CC(=O)O,7.1409
Cc1c(NC(=O)C(c2ccc(-c3cncc(Cl)c3)cc2)C2CCC2)cccc1C(C)CC(=O)O,6.9706
Cc1ncc(-c2ccc(C(C(=O)Nc3cccc(C(C)CC(=O)O)c3C)C3CCC3)cc2)cc1Cl,7.3224
Cc1c(NC(=O)C(c2ccc(-c3cncc(C(F)(F)F)c3)c(F)c2)C2CCC2)cccc1C(C)CC(=O)O,7.4569
Cc1c(NC(=O)C(c2ccc(-c3cncc(Cl)c3)c(F)c2)C2CCC2)cccc1C(C)CC(=O)O,7.2832
Cc1ncc(-c2ccc(C(C(=O)Nc3cccc(C4CC4C(=O)O)c3C)C3CCCC3)cc2)cc1Cl,7.3686
CCOc1cncc(-c2ccc(C(C(=O)Nc3cccc(C4CC4C(=O)O)c3C)C3CCCC3)cc2)c1,6.8013
Cc1c(NC(=O)C(c2ccc(-c3cncc(C(F)(F)F)c3)cc2)C2CCCC2)cccc1C1CC1C(=O)O,7.4828
Cc1c(NC(=O)C(c2ccc(-c3cncc(Cl)c3)cc2)C2CCCC2)cccc1C1CC1C(=O)O,7.5302
Cc1c(CCC(=O)O)cccc1NC(=O)C(c1ccc(-c2cncc(C(F)(F)F)c2)cc1Cl)C1CCCC1,6.5560
Cc1c(CCC(=O)O)cc(F)cc1NC(=O)C(c1ccc(-c2cncc(C(F)(F)F)c2)cc1)C1CCCC1,6.5302
Cc1c(CCC(=O)O)cc(F)cc1NC(=O)C(c1ccc(-c2cncc(Cl)c2)cc1)C1CCCC1,5.9245
Cc1ncc(-c2ccc(C(C(=O)Nc3cc(F)cc(CCC(=O)O)c3C)C3CCCC3)cc2)cc1Cl,6.5952
CCOc1cncc(-c2ccc(C(C(=O)Nc3cc(F)cc(CCC(=O)O)c3C)C3CCCC3)cc2)c1,6.2418
Cc1c(NCC(=O)O)cccc1NC(=O)C(c1ccc(-c2cncc(C(F)(F)F)c2)cc1)C1CCCC1,6.4962
Cc1cc(C(C(=O)Nc2cccc(CCC(=O)O)c2C)C2CCCC2)c(Cl)cc1-c1cncc(Cl)c1,5.7305
Cc1cc(C(C(=O)Nc2cccc(CCC(=O)O)c2C)C2CCCC2)c(Cl)cc1-c1cncc(C(F)(F)F)c1,5.9066
Cc1cc(C(C(=O)Nc2cccc(CCC(=O)O)c2C)C2CCCC2)c(Cl)cc1-c1cnc(C)c(Cl)c1,6.3526
Cc1c(CCC(=O)O)cccc1NC(=O)C(c1ccc(-c2cncc(C(F)(F)F)c2)c(Cl)c1)C1CCCC1,7.4609
Cc1ncc(-c2ccc(C(C(=O)Nc3cccc(CCC(=O)O)c3C)C3CCCC3)cc2Cl)cc1Cl,6.7033
Cc1c(CCC(=O)O)cccc1NC(=O)C(c1ccc(-c2cncc(Cl)c2)c(Cl)c1)C1CCCC1,7.1543
Cc1c(CCC(=O)O)cccc1NC(=O)C(c1cc(F)c(-c2cncc(Cl)c2)cc1F)C1CCCC1,6.5702
Cc1c(CCC(=O)O)cccc1NC(=O)C(c1cc(F)c(-c2cncc(C(F)(F)F)c2)cc1F)C1CCCC1,7.0696
Cc1ncc(-c2cc(F)c(C(C(=O)Nc3cccc(CCC(=O)O)c3C)C3CCCC3)cc2F)cc1Cl,7.1778
Cc1cc(C(C(=O)Nc2cccc(CCC(=O)O)c2C)C2CCCC2)c(F)cc1-c1cncc(Cl)c1,5.6383
Cc1cc(C(C(=O)Nc2cccc(CCC(=O)O)c2C)C2CCCC2)c(F)cc1-c1cnc(C)c(Cl)c1,6.1302
Cc1cc(C(C(=O)Nc2cccc(CCC(=O)O)c2C)C2CCCC2)c(F)cc1-c1cncc(C(F)(F)F)c1,6.0000
Cc1ncc(-c2ccc([C@H](C(=O)Nc3ccc(F)c(CCC(=O)O)c3C)C3CCCC3)cc2)cc1Cl,7.6253
Cc1c(NC(=O)[C@@H](c2ccc(-c3cncc(Cl)c3)cc2)C2CCCC2)ccc(F)c1CCC(=O)O,7.1612
Cc1c(NC(=O)[C@@H](c2ccc(-c3cncc(Cl)c3)cc2)C2CCCC2)cccc1N(C)CC(=O)O,7.3595
Cc1ncc(-c2ccc([C@H](C(=O)Nc3cccc(N(C)CC(=O)O)c3C)C3CCCC3)cc2)cc1Cl,7.6216
Cc1c(NC(=O)C(c2ccc(-c3cncc(C(F)(F)F)c3)c(F)c2)C2CCCC2)cccc1N(C)CC(=O)O,7.6162
Cc1c(CCC(=O)O)cccc1NC(=O)[C@@H](c1ccc(-c2cncc(CC(C)C)c2)cc1)C1CCCC1,7.8239
Cc1c(CCC(=O)O)cccc1NC(=O)[C@@H](c1ccc(-c2cncc(OC(C)C)c2)cc1)C1CCCC1,7.4425
Cc1c(CCC(=O)O)cccc1NC(=O)[C@@H](c1ccc(-c2cncc(CC(F)(F)F)c2)cc1)C1CCCC1,7.2211
Cc1ncc(-c2ccc([C@H](C(=O)Nc3cccc(CCC(=O)O)c3C)C3CCCC3)cc2)cc1C(F)(F)F,7.8697
Cc1c(NC(=O)[C@@H](c2ccc(-c3cncc(Cl)c3)cc2)C2CCCC2)cccc1C(O)CC(=O)O,6.6345
CCC(CC(=O)O)c1cccc(NC(=O)C(c2ccc(-c3cncc(CC(C)C)c3)c(F)c2)C2CCCC2)c1C,8.1662
CCc1cncc(-c2ccc(C(C(=O)Nc3cccc(C(CC)CC(=O)O)c3C)C3CCCC3)cc2F)c1,7.9788
Cc1c(CCC(=O)O)cccc1NC(=O)C(c1ccc(-c2cncc(CC(F)(F)F)c2)c(F)c1)C1CCCC1,7.1267
Cc1c(CCC(=O)O)cccc1NC(=O)C(c1ccc(-c2cnc(F)c(C(F)(F)F)c2)c(F)c1)C1CCCC1,7.7144
Cc1ncc(-c2ccc(C(C(=O)Nc3cccc(CCC(=O)O)c3C)C3CCCC3)cc2F)cc1CC(C)C,7.6990
Cc1c(CCC(=O)O)cccc1NC(=O)C(c1ccc(-c2cncc(OC(C)C)c2)c(F)c1)C1CCCC1,7.5200
CCC(CC(=O)O)c1cccc(NC(=O)[C@@H](c2ccc(-c3cncc(CC(F)(F)F)c3)cc2)C2CCCC2)c1C,7.7520
CCC(CC(=O)O)c1cccc(NC(=O)C(c2ccc(-c3cnc(C)c(C(F)(F)F)c3)c(F)c2)C2CCCC2)c1C,8.1824
CCC(CC(=O)O)c1cccc(NC(=O)[C@@H](c2ccc(-c3cncc(CC(C)C)c3)cc2)C2CCCC2)c1C,7.9830
CCC(CC(=O)O)c1cccc(NC(=O)[C@@H](c2ccc(-c3cncc(OC(C)C)c3)cc2)C2CCCC2)c1C,7.7773
CCc1cncc(-c2ccc([C@H](C(=O)Nc3cccc(C(CC)CC(=O)O)c3C)C3CCCC3)cc2)c1,7.6819
Cc1c(CCC(=O)O)cccc1NC(=O)C(c1ccc(-c2cncc(CC(F)(F)F)c2)c(F)c1)C1CCC1,7.1778
Cc1ncc(-c2ccc(C(C(=O)Nc3cccc(CCC(=O)O)c3C)C3CCC3)cc2F)cc1C(F)(F)F,7.9957
Cc1c(CCC(=O)O)cccc1NC(=O)C(c1ccc(-c2cncc(CC(C)C)c2)c(F)c1)C1CCC1,7.8508
Cc1c(CCC(=O)O)cccc1NC(=O)C(c1ccc(-c2cncc(C(F)(F)F)c2)c(F)c1)C1CCC1,7.5513
Cc1c(CCC(=O)O)cccc1NC(=O)C(c1ccc(-c2cncc(OC(C)C)c2)c(F)c1)C1CCC1,7.4056
CCc1cncc(-c2ccc(C(C(=O)Nc3cccc(CCC(=O)O)c3C)C3CCC3)cc2F)c1,7.4559
Cc1ncc(-c2ccc(C(C(=O)Nc3cccc(CCC(=O)O)c3C)C3CCCC3)cc2)cc1F,6.7212
COc1c(CCC(=O)O)cccc1NC(=O)C(c1ccc(-c2cncc(Cl)c2)cc1)C1CCCC1,6.2449
COc1c(CCC(=O)O)cccc1NC(=O)C(c1ccc(-c2cncc(C(F)(F)F)c2)cc1)C1CCCC1,6.4841
O=C(O)CCc1cccc(NC(=O)[C@@H](c2ccc(-c3cncc(Cl)c3)cc2)C2CCCC2)c1C(F)(F)F,6.4191
O=C(O)CCc1cccc(NC(=O)[C@@H](c2ccc(-c3cncc(C(F)(F)F)c3)cc2)C2CCCC2)c1C(F)(F)F,6.5884
COc1ccc2cc([C@@H](C)C(=O)O)ccc2c1,6.0458
Cc1cccc2[nH]c(C3CCCN(C(=O)c4ccccc4NCC(=O)O)C3)nc12,7.1675
CCOC(=O)c1cn(-c2cc(C#N)ccc2O)cc(Oc2ccccc2)c1=O,7.3188
O=C(/C=C/c1ccccc1)c1cc(-n2cc(-c3ccccc3)nn2)ccc1O,7.4318
Cc1ccc(/C=C/C(=O)c2cc(-n3cc(-c4ccccc4)nn3)ccc2O)cc1,7.4318
CN(C)C(=O)c1ccc(/C=C/C(=O)c2cc(-n3cc(-c4ccccc4)nn3)ccc2O)cc1,7.4318
O=C(/C=C/C=C/c1ccccc1)c1cc(-n2cc(-c3ccccc3)nn2)ccc1O,7.4318
O=C(/C=C/c1ccc(Br)cc1)c1cc(-n2cc(-c3ccccc3)nn2)ccc1O,7.4318
O=C(/C=C/c1ccc(Cl)cc1)c1cc(-n2cc(-c3ccccc3)nn2)ccc1O,7.4318
O=C(/C=C/c1ccc(O)cc1)c1cc(-n2cc(-c3ccccc3)nn2)ccc1O,7.4318
COc1ccc(/C=C/C(=O)c2cc(-n3cc(-c4ccccc4)nn3)ccc2O)cc1,7.4318
COc1ccc(/C=C/C(=O)c2cc(-n3cc(-c4ccccc4)nn3)ccc2O)cc1OC,7.4318
COc1cc(/C=C/C(=O)c2cc(-n3cc(-c4ccccc4)nn3)ccc2O)cc(OC)c1OC,7.4318
O=C(/C=C/c1ccccc1)c1cc(-n2cc(CN3C(=O)C(=O)c4ccccc43)nn2)ccc1O,7.4318
Cc1ccc(/C=C/C(=O)c2cc(-n3cc(CN4C(=O)C(=O)c5ccccc54)nn3)ccc2O)cc1,7.4318
CN(C)C(=O)c1ccc(/C=C/C(=O)c2cc(-n3cc(CN4C(=O)C(=O)c5ccccc54)nn3)ccc2O)cc1,7.4318
O=C(/C=C/C=C/c1ccccc1)c1cc(-n2cc(CN3C(=O)C(=O)c4ccccc43)nn2)ccc1O,7.4318
O=C(/C=C/c1ccc(Cl)cc1)c1cc(-n2cc(CN3C(=O)C(=O)c4ccccc43)nn2)ccc1O,7.4318
O=C(/C=C/c1ccc(O)cc1)c1cc(-n2cc(CN3C(=O)C(=O)c4ccccc43)nn2)ccc1O,7.4318
COc1ccc(/C=C/C(=O)c2cc(-n3cc(CN4C(=O)C(=O)c5ccccc54)nn3)ccc2O)cc1OC,7.4318
COc1cc(/C=C/C(=O)c2cc(-n3cc(CN4C(=O)C(=O)c5ccccc54)nn3)ccc2O)cc(OC)c1OC,7.4318
CCNC(=O)COc1ccc(/C=C/c2cc(OC)cc(OC)c2/C=N/OCc2ccccc2)cc1,6.9727
CCNC(=O)COc1ccc(/C=C/c2cc(OC)cc(OC)c2/C=N/OCc2ccc(F)cc2)cc1,6.9516
COc1cc(/C=C/c2ccc(OCC(=O)NCCCO)cc2)c(/C=N/OCc2ccc(F)cc2)c(OC)c1,7.0683
COc1cc(/C=C/c2ccc(OCC(=O)NCCCO)cc2)c(/C=N/OCc2ccc(Cl)cc2)c(OC)c1,6.8913
COc1cc(/C=C/c2ccc(OCC(=O)NCCCO)cc2)c(/C=N/OCc2ccc(Cl)c(F)c2)c(OC)c1,6.8512
COc1ccc2cc(C(C)C(=O)O/N=C(\N)c3ccc4ccccc4c3)ccc2c1,8.1938
Cc1ccc(Cc2n[nH]c(=S)n2/N=C/c2ccc(C)cc2O)cc1,5.7545
CC(C)Cc1ccc(C(C)C(=O)Oc2ccc(N(C)N=O)cc2)cc1,3.3454
COc1ccc2cc([C@H](C)C(=O)Oc3ccc(N(C)N=O)cc3)ccc2c1,4.9274
CC(C(=O)Oc1ccc(N(C)N=O)cc1)c1cccc(C(=O)c2ccccc2)c1,7.1549
COc1ccc2c(c1)c(CC(=O)Oc1ccc(N(C)N=O)cc1)c(C)n2C(=O)c1ccc(Cl)cc1,7.0969
CCc1cccc2c3c([nH]c12)C(CC)(CC(=O)Oc1ccc(N(C)N=O)cc1)OCC3,6.9586
Cc1cccc(Nc2ccccc2C(=O)Oc2ccc(N(C)N=O)cc2)c1C,5.1772
CC(C(=O)Oc1ccc(N(C)N=O)cc1)c1cccc(Oc2ccccc2)c1,4.5415
CC1=C(CC(=O)Oc2ccc(N(C)N=O)cc2)c2cc(F)ccc2/C1=C\c1ccc([S+](C)[O-])cc1,4.8044
NS(=O)(=O)c1ccc(-c2nnc(SCC(=O)O)n2-c2ccc(I)cc2)cc1,7.2676
Cc1c(-c2nnc(S)n2N=Cc2ccc(N(C)C)cc2)cnn1-c1ccccc1,5.3286
Cc1c(-c2nnc(S)n2N=Cc2ccc(F)cc2)cnn1-c1ccc(S(C)(=O)=O)cc1,5.8179
COc1ccc(C=Nn2c(S)nnc2-c2cnn(-c3ccc(S(C)(=O)=O)cc3)c2C)cc1OC,6.2518
O=C(CN1C(=O)S/C(=C\c2ccc(O)cc2)C1=O)Nc1nccs1,5.1838
O=C(CN1C(=O)S/C(=C\c2ccc(O)cc2)C1=O)Nc1nc2ccccc2s1,4.9435
O=C(CN1C(=O)S/C(=C\c2c[nH]c3ccccc23)C1=O)Nc1nc2ccccc2s1,4.4122
O=C(CN1C(=O)S/C(=C\c2c[nH]c3ccccc23)C1=O)Nc1nccs1,4.6743
O=C1S/C(=C\c2ccc(O)cc2)C(=O)N1CNc1nc2ccccc2s1,5.0200
O=C1S/C(=C\c2c[nH]c3ccccc23)C(=O)N1CNc1nc(-c2ccccc2)cs1,4.3401
O=C1S/C(=C\c2ccccc2)C(=O)N1CNc1nc(-c2cc(Cl)cs2)c(Nc2ccccc2)s1,6.2147
C/C=C1\SC(=O)N(CNc2nc(-c3cc(Cl)cs3)c(Nc3ccc(S(N)(=O)=O)cc3)s2)C1=O,7.0915
O=C(/C=C/c1ccccc1)Nc1ccc2sc(NCN3C(=O)CSC3=O)nc2c1,6.9706
COc1cc(/C=C/C(=O)Nc2ccc3sc(NCN4C(=O)CSC4=O)nc3c2)ccc1O,6.7282
O=C1S/C(=C\c2ccccc2)C(=O)N1c1csc(Nc2ccccc2)n1,4.8671
O=C1S/C(=C\c2c[nH]c3ccccc23)C(=O)N1c1csc(Nc2ccccc2)n1,4.8202
CS(=O)(=O)c1ccc(-n2cc(/C=C3/SC(=O)NC3=O)c(-c3ccccc3)n2)cc1,6.3188
O=C1CCC(N2C(=O)c3cccc(NC4CCC(NC(=O)CCCCn5cc(CCC(=O)Oc6ccccc6C(=O)O)nn5)CC4)c3C2=O)C(=O)N1,4.2676
Cc1ncsc1-c1ccc([C@@H](C)NC(=O)[C@@H]2C[C@@H](O)CN2C(=O)[C@@H](NC(=O)CCCCn2cc(CCC(=O)Oc3ccccc3C(=O)O)nn2)C(C)(C)C)cc1,3.4908
Cc1nc(C)c(/C=C2\CN(C)C/C(=C\c3nc(C)c(C)nc3C)C2=O)nc1C,5.8539
CC(=O)c1ccccc1C(=O)N1CCN(Cc2nc(C)c(C)nc2C)CC1,7.4437
Oc1ccc(/C=C/c2cc(O)cc(O)c2-c2c(O)cc(O)cc2/C=C/c2ccc(O)cc2)cc1,5.2840
Oc1ccc(/C=C/c2cc(O)cc3c2[C@@H](c2cc(O)cc(O)c2)[C@H](c2ccc(O)cc2)O3)cc1,5.4685
O=Cc1ccc2c(c1)[C@@H](c1cc(O)cc(O)c1)[C@H](c1ccc(O)cc1)O2,4.7077
Oc1ccc(C2Oc3ccc(/C=C/c4cc(O)cc(O)c4)cc3C2c2cc(O)cc(O)c2)cc1,5.2518
CCO[C@@H](c1cc(O)cc(O)c1)C(c1ccc(O)cc1)c1c(O)cc(O)cc1/C=C/c1ccc(O)cc1,4.9136
Oc1ccc(/C=C/c2cc(O)cc(O)c2I)cc1,4.9547
Oc1ccc(/C=C/c2cc(O)cc(O)c2Cl)cc1,4.8761
COc1ccc2c(c1)c(CC(=O)[S-])c(C)n2C(=O)c1ccc(Cl)cc1.[Na+],8.0223
O=C([S-])Cc1ccccc1Nc1c(Cl)cccc1Cl.[Na+],7.0250
COc1ccc2cc([C@H](C)C(=O)[S-])ccc2c1.[Na+],5.8539
CC(C(=O)[S-])c1ccc(-c2ccccc2)c(F)c1.[Na+],6.5904
Cc1c(C(=O)NNC(=O)Nc2ccccc2)sc2nc3ccccc3n12,6.6856
Cc1nc(-c2sc3nc4ccccc4n3c2C)ccc1C(=O)NNC(=O)Nc1ccccc1,6.7592
NNC(N)=S,10.0458
Clc1ccc(-c2nnc(CN3CCN(C(c4ccccc4)c4ccc(Cl)cc4)CC3)o2)cc1,6.6576
OCCc1ccc(N=C=S)cc1,7.6990
O=C(OCCc1ccc(N=C=S)cc1)c1ccc(F)cc1,7.6021
C[S+]([O-])CCCCN=C=S,5.1970
COc1ccc(/C=C2\SC(=S)N(NC(=O)c3sc4ccccc4c3Cl)C2=O)cc1OC,6.1739
CCOC(=O)c1c(-c2ccc(OC)cc2)[nH]c2c(/N=N/c3ccc(O)cc3)c(N)nn2c1=O,7.1644
CCOC(=O)c1c(-c2ccc([N+](=O)[O-])cc2)[nH]c2c(/N=N/c3ccc(O)cc3)c(N)nn2c1=O,7.1339
CCOC(=O)c1c(-c2ccc(OC)cc2)nc2c(/N=N/c3ccc(O)cc3)c(N)nn2c1C,7.2207
CCOC(=O)c1c(-c2ccc([N+](=O)[O-])cc2)nc2c(/N=N/c3ccc(O)cc3)c(N)nn2c1C,7.0197
Cc1ccc(-c2cc(-c3cccs3)n3nc(N)c(/N=N/c4ccc(O)cc4)c3n2)cc1,7.2731
Nc1nn2c(-c3cccs3)cc(-c3ccc(Br)cc3)nc2c1/N=N/c1ccc(O)cc1,6.9274
Nc1nn2c(-c3cccs3)cc(-c3ccc(F)cc3)nc2c1/N=N/c1ccc(O)cc1,6.5936
CN(C)c1ccc(-c2nc3c(/N=N/c4ccc(O)cc4)c(N)nn3c(N)c2C#N)cc1,7.2202
N#Cc1c(-c2ccc(F)cc2)nc2c(/N=N/c3ccc(O)cc3)c(N)nn2c1N,7.0579
